VESSEL_BEAM;VESSEL_LOA;VESSEL_DRAFT;VESSEL_EXIT_DRAFT;DIRECTION;ARRIVAL_HOUR;ARRIVAL_MINUTE;ARRIVAL_WEEKDAY;ARRIVAL_WEEKDAY_NUM;ARRIVAL_DAY;DANGEROUS_FLAG;PASSENGER_FLAG;RORO_FLAG;TONNAGE;SERVICE_DURATION;WAIT_FOR_SERVICE;WAIT_FOR_UNDOCK;ARRIVAL_MONTH;ARRIVAL_MONTH_NUM;TERMINAL;TERMINAL_ID;VESSEL_SIZE_CATEGORY;VESSEL_MARKET_CATEGORY;ARRIVAL_ID;DEMAND_SCENARIO
23.0;295.0;11.75;11.75;3.0;6;18;WED;2;1;False;False;False;4000;20.66;0.88;0.75;JAN;1;BTP;13;POST-PANAMAXI;CGC;1;D2030_215_newpanamax
23.0;215.0;9.75;9.75;3.0;9;25;WED;2;1;False;False;False;1000;13.38;3.26;0.75;JAN;1;DPW - CGC;21;FULLYCELLULAR;CGC;2;D2030_215_newpanamax
23.0;305.0;11.75;11.75;3.0;9;25;WED;2;1;False;False;False;4000;21.93;2.18;0.75;JAN;1;DPW - CGC;21;POST-PANAMAXI;CGC;3;D2030_215_newpanamax
23.0;215.0;9.25;9.25;3.0;7;20;WED;2;1;False;False;False;1000;16.8;2.6;0.75;JAN;1;SANTOSBR;31;FULLYCELLULAR;CGC;4;D2030_215_newpanamax
23.0;275.0;10.75;10.75;3.0;10;25;WED;2;1;False;False;False;3000;15.61;1.61;0.75;JAN;1;SANTOSBR;31;PANAMAX;CGC;5;D2030_215_newpanamax
23.0;225.0;0.0;13.25;1.0;7;17;WED;2;1;False;False;False;70000;78.07;0.6;0.75;JAN;1;TEG;34;PANAMAX;GSA - E;6;D2030_215_newpanamax
23.0;165.0;9.75;0.0;2.0;8;9;WED;2;1;False;False;False;18000;18.55;3.6;0.75;JAN;1;TIPLAM - GL;40;GPGENERALPURPOSE;GL;7;D2030_215_newpanamax
18.0;85.34;4.2;5.5;1.0;18;5;0;2;1;False;False;False;0;70.42;0.08;0.75;0;1;TUP - Saipem;8;HANDYSIZE;CGNC;8;D2030_215_newpanamax
23.0;225.0;0.0;13.25;1.0;12;28;THU;3;2;False;False;False;70000;51.12;6.43;0.75;JAN;1;ADM;9;PANAMAX;GSA - E;9;D2030_215_newpanamax
23.0;175.0;8.75;0.0;2.0;11;34;THU;3;2;False;False;False;35000;37.45;6.66;0.75;JAN;1;ADONAI;10;MRMEDIUMRANGE;GL;10;D2030_215_newpanamax
23.0;295.0;12.75;12.75;3.0;9;26;THU;3;2;False;False;False;4000;20.66;2.36;0.75;JAN;1;BTP;13;POST-PANAMAXI;CGC;11;D2030_215_newpanamax
23.0;185.0;10.25;10.25;3.0;12;34;THU;3;2;False;False;False;1000;13.38;2.55;0.75;JAN;1;DPW - CGC;21;FULLYCELLULAR;CGC;12;D2030_215_newpanamax
23.0;255.0;11.25;11.25;3.0;12;34;THU;3;2;False;False;False;3000;17.86;2.02;0.75;JAN;1;DPW - CGC;21;PANAMAX;CGC;13;D2030_215_newpanamax
43.0;339.0;14.0;14.0;3.0;12;34;THU;3;2;False;False;False;6000;27.82;2.73;0.75;JAN;1;DPW - CGC;21;POST-PANAMAXII;CGC;14;D2030_215_newpanamax
23.0;195.0;9.75;9.75;3.0;11;29;THU;3;2;False;False;False;1000;16.8;2.28;0.75;JAN;1;SANTOSBR;31;FULLYCELLULAR;CGC;15;D2030_215_newpanamax
23.0;275.0;11.25;11.25;3.0;13;36;THU;3;2;False;False;False;3000;15.61;4.9;0.75;JAN;1;SANTOSBR;31;PANAMAX;CGC;16;D2030_215_newpanamax
23.0;275.0;11.25;11.25;3.0;13;36;THU;3;2;False;False;False;3000;15.61;3.14;0.75;JAN;1;SANTOSBR;31;PANAMAX;CGC;17;D2030_215_newpanamax
23.0;295.0;12.25;12.25;3.0;12;32;THU;3;2;False;False;False;4000;21.3;1.82;0.75;JAN;1;SANTOSBR;31;POST-PANAMAXI;CGC;18;D2030_215_newpanamax
43.0;339.0;14.0;14.0;3.0;11;29;THU;3;2;False;False;False;6000;25.92;3.11;0.75;JAN;1;SANTOSBR;31;POST-PANAMAXII;CGC;19;D2030_215_newpanamax
23.0;225.0;0.0;13.25;1.0;11;32;THU;3;2;False;False;False;70000;39.92;1.78;0.75;JAN;1;TGG;38;PANAMAX;GSA - E;20;D2030_215_newpanamax
23.0;195.0;10.25;0.0;2.0;12;33;THU;3;2;False;False;False;45000;85.0;2.53;0.75;JAN;1;TIPLAM - GSM - I;42;HANDYMAX;GSM - I;21;D2030_215_newpanamax
23.0;185.0;0.0;9.75;1.0;14;35;THU;3;2;False;False;False;35000;29.94;1.53;0.75;JAN;1;TRANSPETRO;43;MRMEDIUMRANGE;GL;22;D2030_215_newpanamax
23.0;185.0;0.0;9.75;1.0;14;35;THU;3;2;False;False;False;35000;29.94;4.73;0.75;JAN;1;TRANSPETRO;43;MRMEDIUMRANGE;GL;23;D2030_215_newpanamax
44.0;323.0;8.6;8.6;3.0;7;0;0;3;2;False;True;False;0;10.67;0.0;0.75;0;1;Concais;6;PASSAGEIROS;PASSAGEIROS;24;D2030_215_newpanamax
17.0;75.2;4.5;5.0;1.0;10;30;0;3;2;False;False;False;0;6.33;0.17;0.75;0;1;TUP - Saipem;8;HANDYSIZE;CGNC;25;D2030_215_newpanamax
23.0;275.0;12.75;12.75;3.0;12;35;FRI;4;3;False;False;False;3000;14.7;5.08;0.75;JAN;1;BTP;13;PANAMAX;CGC;26;D2030_215_newpanamax
23.0;295.0;13.75;13.75;3.0;14;40;FRI;4;3;False;False;False;4000;20.66;6.4;0.75;JAN;1;BTP;13;POST-PANAMAXI;CGC;27;D2030_215_newpanamax
43.0;339.0;14.0;14.0;3.0;14;40;FRI;4;3;False;False;False;6000;23.63;1.91;0.75;JAN;1;BTP;13;POST-PANAMAXII;CGC;28;D2030_215_newpanamax
23.0;225.0;0.0;13.25;1.0;18;51;FRI;4;3;False;False;False;70000;54.03;0.61;0.75;JAN;1;CUTRALE - GSA - E;19;PANAMAX;GSA - E;29;D2030_215_newpanamax
23.0;205.0;10.75;10.75;3.0;16;45;FRI;4;3;False;False;False;1000;13.38;1.18;0.75;JAN;1;DPW - CGC;21;FULLYCELLULAR;CGC;30;D2030_215_newpanamax
23.0;255.0;11.75;11.75;3.0;15;41;FRI;4;3;False;False;False;3000;17.86;3.33;0.75;JAN;1;DPW - CGC;21;PANAMAX;CGC;31;D2030_215_newpanamax
23.0;305.0;13.25;13.25;3.0;16;45;FRI;4;3;False;False;False;4000;21.93;1.63;0.75;JAN;1;DPW - CGC;21;POST-PANAMAXI;CGC;32;D2030_215_newpanamax
23.0;215.0;10.25;10.25;3.0;16;42;FRI;4;3;False;False;False;1000;16.8;2.61;0.75;JAN;1;SANTOSBR;31;FULLYCELLULAR;CGC;33;D2030_215_newpanamax
43.0;339.0;14.0;14.0;3.0;16;42;FRI;4;3;False;False;False;6000;25.92;4.54;0.75;JAN;1;SANTOSBR;31;POST-PANAMAXII;CGC;34;D2030_215_newpanamax
23.0;185.0;0.0;9.75;1.0;15;40;FRI;4;3;False;False;False;35000;29.94;7.0;0.75;JAN;1;TRANSPETRO;43;MRMEDIUMRANGE;GL;35;D2030_215_newpanamax
23.0;185.0;0.0;9.75;1.0;16;44;FRI;4;3;False;False;False;35000;29.94;9.94;0.75;JAN;1;TRANSPETRO;43;MRMEDIUMRANGE;GL;36;D2030_215_newpanamax
38.0;333.33;8.6;8.6;3.0;6;25;0;4;3;False;True;False;0;11.33;0.0;0.75;0;1;Concais;6;PASSAGEIROS;PASSAGEIROS;37;D2030_215_newpanamax
23.0;215.0;10.75;10.75;3.0;17;47;SAT;5;4;False;False;False;1000;16.8;2.73;0.75;JAN;1;TECON10;3;FULLYCELLULAR;CGC;38;D2030_215_newpanamax
23.0;155.0;10.25;0.0;2.0;19;52;SAT;5;4;False;False;False;18000;45.88;0.4;0.75;JAN;1;AGEO_TERMINAIS;11;GPGENERALPURPOSE;GL;39;D2030_215_newpanamax
23.0;185.0;11.25;0.0;2.0;19;52;SAT;5;4;False;False;False;35000;64.43;0.52;0.75;JAN;1;AGEO_TERMINAIS;11;MRMEDIUMRANGE;GL;40;D2030_215_newpanamax
23.0;295.0;14.25;14.25;3.0;19;53;SAT;5;4;False;False;False;4000;20.66;3.8;0.75;JAN;1;BTP;13;POST-PANAMAXI;CGC;41;D2030_215_newpanamax
23.0;265.0;12.25;12.25;3.0;17;48;SAT;5;4;False;False;False;3000;17.86;1.4;0.75;JAN;1;DPW - CGC;21;PANAMAX;CGC;42;D2030_215_newpanamax
23.0;295.0;13.75;13.75;3.0;17;48;SAT;5;4;False;False;False;4000;21.93;2.05;0.75;JAN;1;DPW - CGC;21;POST-PANAMAXI;CGC;43;D2030_215_newpanamax
36.0;225.0;0.0;11.7;1.0;20;54;SAT;5;4;False;False;False;55000;50.0;2.47;0.75;JAN;1;SUZANO;25;NAVIOCARGAGERAL;CGNC;44;D2030_215_newpanamax
23.0;215.0;10.75;10.75;3.0;18;48;SAT;5;4;False;False;False;1000;16.8;1.8;0.75;JAN;1;SANTOSBR;31;FULLYCELLULAR;CGC;45;D2030_215_newpanamax
23.0;295.0;13.25;13.25;3.0;18;48;SAT;5;4;False;False;False;4000;21.3;2.1;0.75;JAN;1;SANTOSBR;31;POST-PANAMAXI;CGC;46;D2030_215_newpanamax
23.0;175.0;10.75;0.0;2.0;15;43;SAT;5;4;False;False;False;35000;50.86;2.22;0.75;JAN;1;TERMAG;35;HANDYSIZE;GSM - I;47;D2030_215_newpanamax
23.0;225.0;0.0;13.75;1.0;16;49;SAT;5;4;False;False;False;70000;39.92;1.54;0.75;JAN;1;TGG;38;PANAMAX;GSA - E;48;D2030_215_newpanamax
23.0;185.0;10.75;0.0;2.0;18;51;SAT;5;4;False;False;False;45000;85.0;0.81;0.75;JAN;1;TIPLAM - GSM - I;42;HANDYMAX;GSM - I;49;D2030_215_newpanamax
23.0;225.0;13.25;0.0;2.0;18;51;SAT;5;4;False;False;False;70000;104.45;25.51;0.75;JAN;1;TIPLAM - GSM - I;42;PANAMAX;GSM - I;50;D2030_215_newpanamax
23.0;185.0;0.0;10.25;1.0;17;46;SAT;5;4;False;False;False;35000;29.94;4.98;0.75;JAN;1;TRANSPETRO;43;MRMEDIUMRANGE;GL;51;D2030_215_newpanamax
52.0;331.43;8.7;8.6;3.0;5;0;0;5;4;False;True;False;0;11.75;0.0;0.75;0;1;Concais;6;PASSAGEIROS;PASSAGEIROS;52;D2030_215_newpanamax
50.0;305.0;8.5;8.5;3.0;6;0;0;5;4;False;True;False;0;10.92;0.0;0.75;0;1;Concais;6;PASSAGEIROS;PASSAGEIROS;53;D2030_215_newpanamax
36.0;225.0;0.0;13.0;1.0;19;59;SUN;6;5;False;False;False;55000;99.0;4.5;0.75;JAN;1;ARAUCO;1;NAVIOCARGAGERAL;CGNC;54;D2030_215_newpanamax
23.0;195.0;12.75;0.0;2.0;19;56;SUN;6;5;False;False;False;45000;89.37;3.53;0.75;JAN;1;RUMO - GSM - I;5;HANDYMAX;GSM - I;55;D2030_215_newpanamax
23.0;225.0;0.0;13.75;1.0;21;54;SUN;6;5;False;False;False;70000;51.12;3.92;0.75;JAN;1;ADM;9;PANAMAX;GSA - E;56;D2030_215_newpanamax
23.0;275.0;14.25;14.25;3.0;22;59;SUN;6;5;False;False;False;3000;14.7;3.15;0.75;JAN;1;BTP;13;PANAMAX;CGC;57;D2030_215_newpanamax
23.0;295.0;14.25;14.25;3.0;22;59;SUN;6;5;False;False;False;4000;20.66;5.18;0.75;JAN;1;BTP;13;POST-PANAMAXI;CGC;58;D2030_215_newpanamax
43.0;339.0;14.0;14.0;3.0;22;59;SUN;6;5;False;False;False;6000;23.63;2.53;0.75;JAN;1;BTP;13;POST-PANAMAXII;CGC;59;D2030_215_newpanamax
23.0;135.0;8.25;8.25;3.0;22;59;SUN;6;5;False;False;False;500;12.93;1.35;0.75;JAN;1;DPW - CGC;21;FEEDER/EARLY;CGC;60;D2030_215_newpanamax
23.0;275.0;13.25;13.25;3.0;22;59;SUN;6;5;False;False;False;3000;17.86;1.42;0.75;JAN;1;DPW - CGC;21;PANAMAX;CGC;61;D2030_215_newpanamax
23.0;285.0;13.25;13.25;3.0;22;45;SUN;6;5;False;False;False;3000;17.86;3.61;0.75;JAN;1;DPW - CGC;21;PANAMAX;CGC;62;D2030_215_newpanamax
23.0;305.0;14.25;14.25;3.0;22;59;SUN;6;5;False;False;False;4000;21.93;1.58;0.75;JAN;1;DPW - CGC;21;POST-PANAMAXI;CGC;63;D2030_215_newpanamax
43.0;339.0;14.0;14.0;3.0;22;59;SUN;6;5;False;False;False;6000;27.82;1.86;0.75;JAN;1;DPW - CGC;21;POST-PANAMAXII;CGC;64;D2030_215_newpanamax
36.0;225.0;0.0;13.0;1.0;20;55;SUN;6;5;False;False;False;55000;64.0;0.48;0.75;JAN;1;DPW - CGNC;22;NAVIOCARGAGERAL;CGNC;65;D2030_215_newpanamax
23.0;275.0;14.25;14.25;3.0;23;32;SUN;6;5;False;False;False;3000;15.61;1.24;0.75;JAN;1;SANTOSBR;31;PANAMAX;CGC;66;D2030_215_newpanamax
23.0;225.0;0.0;13.25;1.0;20;59;SUN;6;5;False;False;False;70000;88.35;1.55;0.75;JAN;1;TEAG;33;PANAMAX;GSA - E;67;D2030_215_newpanamax
23.0;175.0;9.75;0.0;2.0;18;54;SUN;6;5;False;False;False;35000;90.66;2.39;0.75;JAN;1;USIMINAS;46;HANDYSIZE;CGNC;68;D2030_215_newpanamax
44.0;323.0;8.6;8.6;3.0;6;0;0;6;5;False;True;False;0;11.08;0.0;0.75;0;1;Concais;6;PASSAGEIROS;PASSAGEIROS;69;D2030_215_newpanamax
44.0;289.59;8.3;8.35;3.0;6;30;0;6;5;False;True;False;0;10.67;0.0;0.75;0;1;Concais;6;PASSAGEIROS;PASSAGEIROS;70;D2030_215_newpanamax
23.0;155.0;0.0;7.25;1.0;1;2;MON;0;6;False;False;False;18000;42.57;3.79;0.75;JAN;1;STS;2;GPGENERALPURPOSE;GL;71;D2030_215_newpanamax
23.0;185.0;0.0;7.25;1.0;0;1;MON;0;6;False;False;False;35000;64.43;0.8;0.75;JAN;1;AGEO_TERMINAIS;11;MRMEDIUMRANGE;GL;72;D2030_215_newpanamax
23.0;295.0;9.75;9.75;3.0;1;2;MON;0;6;False;False;False;4000;20.66;1.2;0.75;JAN;1;BTP;13;POST-PANAMAXI;CGC;73;D2030_215_newpanamax
23.0;195.0;7.25;7.25;3.0;2;4;MON;0;6;False;False;False;1000;13.38;2.3;0.75;JAN;1;DPW - CGC;21;FULLYCELLULAR;CGC;74;D2030_215_newpanamax
36.0;225.0;0.0;11.7;1.0;1;3;MON;0;6;False;False;False;55000;50.0;5.32;0.75;JAN;1;SUZANO;25;NAVIOCARGAGERAL;CGNC;75;D2030_215_newpanamax
23.0;185.0;7.75;7.75;3.0;0;1;MON;0;6;False;False;False;1000;16.8;0.88;0.75;JAN;1;SANTOSBR;31;FULLYCELLULAR;CGC;76;D2030_215_newpanamax
23.0;255.0;9.75;9.75;3.0;2;6;MON;0;6;False;False;False;3000;15.61;1.86;0.75;JAN;1;SANTOSBR;31;PANAMAX;CGC;77;D2030_215_newpanamax
23.0;295.0;9.25;9.25;3.0;0;0;MON;0;6;False;False;False;4000;21.3;2.25;0.75;JAN;1;SANTOSBR;31;POST-PANAMAXI;CGC;78;D2030_215_newpanamax
43.0;339.0;14.0;14.0;3.0;0;0;MON;0;6;False;False;False;6000;25.92;0.68;0.75;JAN;1;SANTOSBR;31;POST-PANAMAXII;CGC;79;D2030_215_newpanamax
23.0;225.0;12.25;0.0;2.0;0;4;MON;0;6;False;False;False;70000;111.09;2.75;0.75;JAN;1;TERMAG;35;PANAMAX;GSM - I;80;D2030_215_newpanamax
23.0;225.0;0.0;12.75;1.0;0;3;MON;0;6;False;False;False;70000;39.92;2.55;0.75;JAN;1;TGG;38;PANAMAX;GSA - E;81;D2030_215_newpanamax
23.0;185.0;0.0;7.75;1.0;0;1;MON;0;6;False;False;False;35000;29.94;2.37;0.75;JAN;1;TRANSPETRO;43;MRMEDIUMRANGE;GL;82;D2030_215_newpanamax
23.0;175.0;0.0;6.75;1.0;0;3;MON;0;6;False;False;False;35000;90.66;4.2;0.75;JAN;1;USIMINAS;46;HANDYSIZE;CGNC;83;D2030_215_newpanamax
17.0;75.2;4.15;5.0;1.0;8;10;0;0;6;False;False;False;0;5.0;0.17;0.75;0;1;TUP - Saipem;8;HANDYSIZE;CGNC;84;D2030_215_newpanamax
23.0;225.0;0.0;8.25;1.0;7;9;TUE;1;7;False;False;False;60000;81.86;4.08;0.75;JAN;1;STS;2;LR1LONGRANGE1;GL;85;D2030_215_newpanamax
23.0;225.0;0.0;12.75;1.0;5;9;TUE;1;7;False;False;False;70000;51.12;4.31;0.75;JAN;1;RUMO - GSA - E;4;PANAMAX;GSA - E;86;D2030_215_newpanamax
23.0;155.0;0.0;7.75;1.0;5;12;TUE;1;7;False;False;False;18000;45.88;0.65;0.75;JAN;1;AGEO_TERMINAIS;11;GPGENERALPURPOSE;GL;87;D2030_215_newpanamax
23.0;185.0;0.0;8.75;1.0;5;12;TUE;1;7;False;False;False;35000;64.43;0.62;0.75;JAN;1;AGEO_TERMINAIS;11;MRMEDIUMRANGE;GL;88;D2030_215_newpanamax
23.0;295.0;11.75;11.75;3.0;4;13;TUE;1;7;False;False;False;4000;20.66;1.69;0.75;JAN;1;BTP;13;POST-PANAMAXI;CGC;89;D2030_215_newpanamax
23.0;175.0;0.0;9.75;1.0;8;15;TUE;1;7;False;False;False;35000;57.8;9.06;0.75;JAN;1;CUTRALE - GL;18;MRMEDIUMRANGE;GL;90;D2030_215_newpanamax
23.0;185.0;9.25;9.25;3.0;5;13;TUE;1;7;False;False;False;1000;13.38;2.18;0.75;JAN;1;DPW - CGC;21;FULLYCELLULAR;CGC;91;D2030_215_newpanamax
23.0;255.0;10.25;10.25;3.0;5;13;TUE;1;7;False;False;False;3000;17.86;2.03;0.75;JAN;1;DPW - CGC;21;PANAMAX;CGC;92;D2030_215_newpanamax
23.0;275.0;9.75;9.75;3.0;4;9;TUE;1;7;False;False;False;3000;17.86;1.33;0.75;JAN;1;DPW - CGC;21;PANAMAX;CGC;93;D2030_215_newpanamax
23.0;305.0;10.75;10.75;3.0;5;13;TUE;1;7;False;False;False;4000;21.93;2.53;0.75;JAN;1;DPW - CGC;21;POST-PANAMAXI;CGC;94;D2030_215_newpanamax
36.0;225.0;0.0;13.0;1.0;6;14;TUE;1;7;False;False;False;55000;64.0;5.76;0.75;JAN;1;DPW - CGNC;22;NAVIOCARGAGERAL;CGNC;95;D2030_215_newpanamax
23.0;185.0;9.25;9.25;3.0;5;14;TUE;1;7;False;False;False;1000;16.8;2.32;0.75;JAN;1;SANTOSBR;31;FULLYCELLULAR;CGC;96;D2030_215_newpanamax
23.0;255.0;10.25;10.25;3.0;5;14;TUE;1;7;False;False;False;3000;15.61;1.73;0.75;JAN;1;SANTOSBR;31;PANAMAX;CGC;97;D2030_215_newpanamax
23.0;275.0;9.75;9.75;3.0;4;10;TUE;1;7;False;False;False;3000;15.61;1.85;0.75;JAN;1;SANTOSBR;31;PANAMAX;CGC;98;D2030_215_newpanamax
43.0;339.0;14.0;14.0;3.0;5;14;TUE;1;7;False;False;False;6000;25.92;4.93;0.75;JAN;1;SANTOSBR;31;POST-PANAMAXII;CGC;99;D2030_215_newpanamax
23.0;225.0;0.0;10.25;1.0;5;10;TUE;1;7;False;False;False;70000;88.35;1.47;0.75;JAN;1;TEAG;33;PANAMAX;GSA - E;100;D2030_215_newpanamax
23.0;225.0;0.0;13.25;1.0;2;7;TUE;1;7;False;False;False;70000;61.75;2.54;0.75;JAN;1;TGRAO;39;PANAMAX;GSA - E;101;D2030_215_newpanamax
23.0;185.0;0.0;8.75;1.0;5;11;TUE;1;7;False;False;False;35000;29.94;2.67;0.75;JAN;1;TRANSPETRO;43;MRMEDIUMRANGE;GL;102;D2030_215_newpanamax
23.0;185.0;0.0;9.25;1.0;8;21;WED;2;8;False;False;False;35000;64.43;0.22;0.75;JAN;1;AGEO_TERMINAIS;11;MRMEDIUMRANGE;GL;103;D2030_215_newpanamax
43.0;339.0;14.0;14.0;3.0;6;18;WED;2;8;False;False;False;6000;23.63;2.26;0.75;JAN;1;BTP;13;POST-PANAMAXII;CGC;104;D2030_215_newpanamax
23.0;255.0;10.75;10.75;3.0;8;20;WED;2;8;False;False;False;3000;17.86;2.05;0.75;JAN;1;DPW - CGC;21;PANAMAX;CGC;105;D2030_215_newpanamax
36.0;225.0;0.0;13.0;1.0;8;22;WED;2;8;False;False;False;55000;64.0;11.67;0.75;JAN;1;DPW - CGNC;22;NAVIOCARGAGERAL;CGNC;106;D2030_215_newpanamax
23.0;275.0;10.25;10.25;3.0;7;20;WED;2;8;False;False;False;3000;15.61;0.88;0.75;JAN;1;SANTOSBR;31;PANAMAX;CGC;107;D2030_215_newpanamax
43.0;339.0;14.0;14.0;3.0;7;20;WED;2;8;False;False;False;6000;25.92;2.99;0.75;JAN;1;SANTOSBR;31;POST-PANAMAXII;CGC;108;D2030_215_newpanamax
23.0;185.0;0.0;8.75;1.0;8;17;WED;2;8;False;False;False;35000;29.94;9.06;0.75;JAN;1;TRANSPETRO;43;MRMEDIUMRANGE;GL;109;D2030_215_newpanamax
33.0;177.9;8.2;8.2;1.0;13;20;0;2;8;False;False;False;0;144.0;0.17;0.75;0;1;TUP - Saipem;8;HANDYSIZE;CGNC;110;D2030_215_newpanamax
23.0;255.0;11.25;11.25;3.0;11;31;THU;3;9;False;False;False;3000;15.61;2.84;0.75;JAN;1;TECON10;3;PANAMAX;CGC;111;D2030_215_newpanamax
23.0;215.0;9.25;9.25;3.0;8;24;THU;3;9;False;False;False;1000;13.85;3.6;0.75;JAN;1;BTP;13;FULLYCELLULAR;CGC;112;D2030_215_newpanamax
23.0;305.0;12.25;12.25;3.0;8;24;THU;3;9;False;False;False;4000;20.66;1.89;0.75;JAN;1;BTP;13;POST-PANAMAXI;CGC;113;D2030_215_newpanamax
23.0;185.0;10.25;10.25;3.0;11;29;THU;3;9;False;False;False;1000;13.38;1.5;0.75;JAN;1;DPW - CGC;21;FULLYCELLULAR;CGC;114;D2030_215_newpanamax
23.0;285.0;10.75;10.75;3.0;11;29;THU;3;9;False;False;False;3000;17.86;1.28;0.75;JAN;1;DPW - CGC;21;PANAMAX;CGC;115;D2030_215_newpanamax
23.0;295.0;12.75;12.75;3.0;12;34;THU;3;9;False;False;False;4000;21.93;1.22;0.75;JAN;1;DPW - CGC;21;POST-PANAMAXI;CGC;116;D2030_215_newpanamax
23.0;215.0;9.75;9.75;3.0;13;36;THU;3;9;False;False;False;1000;16.8;1.03;0.75;JAN;1;SANTOSBR;31;FULLYCELLULAR;CGC;117;D2030_215_newpanamax
23.0;235.0;11.75;11.75;3.0;13;36;THU;3;9;False;False;False;3000;15.61;2.41;0.75;JAN;1;SANTOSBR;31;PANAMAX;CGC;118;D2030_215_newpanamax
23.0;265.0;11.25;11.25;3.0;12;32;THU;3;9;False;False;False;3000;15.61;1.87;0.75;JAN;1;SANTOSBR;31;PANAMAX;CGC;119;D2030_215_newpanamax
23.0;295.0;12.25;12.25;3.0;11;29;THU;3;9;False;False;False;4000;21.3;1.63;0.75;JAN;1;SANTOSBR;31;POST-PANAMAXI;CGC;120;D2030_215_newpanamax
23.0;295.0;12.75;12.75;3.0;13;36;THU;3;9;False;False;False;4000;21.3;2.06;0.75;JAN;1;SANTOSBR;31;POST-PANAMAXI;CGC;121;D2030_215_newpanamax
23.0;225.0;0.0;13.25;1.0;8;20;THU;3;9;False;False;False;70000;78.07;3.78;0.75;JAN;1;TEG;34;PANAMAX;GSA - E;122;D2030_215_newpanamax
23.0;165.0;9.75;0.0;2.0;8;20;THU;3;9;False;False;False;18000;18.55;3.36;0.75;JAN;1;TIPLAM - GL;40;GPGENERALPURPOSE;GL;123;D2030_215_newpanamax
23.0;225.0;0.0;10.75;1.0;11;27;THU;3;9;False;False;False;60000;48.22;1.93;0.75;JAN;1;TRANSPETRO;43;LR1LONGRANGE1;GL;124;D2030_215_newpanamax
23.0;185.0;0.0;9.25;1.0;11;28;THU;3;9;False;False;False;35000;29.94;8.3;0.75;JAN;1;TRANSPETRO;43;MRMEDIUMRANGE;GL;125;D2030_215_newpanamax
44.0;323.0;8.5;8.6;3.0;4;57;0;3;9;False;True;False;0;11.92;0.0;0.75;0;1;Concais;6;PASSAGEIROS;PASSAGEIROS;126;D2030_215_newpanamax
19.0;88.8;4.9;5.3;1.0;14;5;0;3;9;False;False;False;0;58.0;0.08;0.75;0;1;TUP - Saipem;8;HANDYSIZE;CGNC;127;D2030_215_newpanamax
23.0;225.0;0.0;13.25;1.0;16;39;FRI;4;10;False;False;False;70000;51.12;2.91;0.75;JAN;1;ADM;9;PANAMAX;GSA - E;128;D2030_215_newpanamax
23.0;275.0;13.25;13.25;3.0;14;40;FRI;4;10;False;False;False;3000;14.7;3.53;0.75;JAN;1;BTP;13;PANAMAX;CGC;129;D2030_215_newpanamax
43.0;339.0;14.0;14.0;3.0;12;35;FRI;4;10;False;False;False;6000;23.63;2.87;0.75;JAN;1;BTP;13;POST-PANAMAXII;CGC;130;D2030_215_newpanamax
23.0;205.0;10.75;10.75;3.0;17;45;FRI;4;10;False;False;False;1000;13.38;1.38;0.75;JAN;1;DPW - CGC;21;FULLYCELLULAR;CGC;131;D2030_215_newpanamax
23.0;215.0;10.25;10.25;3.0;15;40;FRI;4;10;False;False;False;1000;13.38;3.1;0.75;JAN;1;DPW - CGC;21;FULLYCELLULAR;CGC;132;D2030_215_newpanamax
23.0;255.0;11.75;11.75;3.0;15;40;FRI;4;10;False;False;False;3000;17.86;1.26;0.75;JAN;1;DPW - CGC;21;PANAMAX;CGC;133;D2030_215_newpanamax
23.0;305.0;13.25;13.25;3.0;16;44;FRI;4;10;False;False;False;4000;21.93;3.82;0.75;JAN;1;DPW - CGC;21;POST-PANAMAXI;CGC;134;D2030_215_newpanamax
36.0;225.0;0.0;13.0;1.0;17;48;FRI;4;10;False;False;False;55000;64.0;5.62;0.75;JAN;1;DPW - CGNC;22;NAVIOCARGAGERAL;CGNC;135;D2030_215_newpanamax
23.0;295.0;12.75;12.75;3.0;16;42;FRI;4;10;False;False;False;4000;21.3;3.25;0.75;JAN;1;SANTOSBR;31;POST-PANAMAXI;CGC;136;D2030_215_newpanamax
23.0;245.0;0.0;11.25;1.0;15;40;FRI;4;10;False;False;False;60000;48.22;2.63;0.75;JAN;1;TRANSPETRO;43;LR1LONGRANGE1;GL;137;D2030_215_newpanamax
23.0;185.0;0.0;9.75;1.0;16;41;FRI;4;10;False;False;False;35000;29.94;6.89;0.75;JAN;1;TRANSPETRO;43;MRMEDIUMRANGE;GL;138;D2030_215_newpanamax
23.0;185.0;10.75;0.0;2.0;16;43;FRI;4;10;False;False;False;35000;57.11;10.88;0.75;JAN;1;ULTRACARGO;45;MRMEDIUMRANGE;GL;139;D2030_215_newpanamax
38.0;333.33;8.6;8.6;3.0;6;25;0;4;10;False;True;False;0;11.42;0.0;0.75;0;1;Concais;6;PASSAGEIROS;PASSAGEIROS;140;D2030_215_newpanamax
23.0;265.0;12.75;12.75;3.0;19;52;SAT;5;11;False;False;False;3000;15.61;2.39;0.75;JAN;1;TECON10;3;PANAMAX;CGC;141;D2030_215_newpanamax
23.0;225.0;14.25;0.0;2.0;17;48;SAT;5;11;False;False;False;70000;111.09;4.87;0.75;JAN;1;RUMO - GSM - I;5;PANAMAX;GSM - I;142;D2030_215_newpanamax
23.0;275.0;13.75;13.75;3.0;18;49;SAT;5;11;False;False;False;3000;14.7;2.11;0.75;JAN;1;BTP;13;PANAMAX;CGC;143;D2030_215_newpanamax
43.0;339.0;14.0;14.0;3.0;18;49;SAT;5;11;False;False;False;6000;23.63;1.63;0.75;JAN;1;BTP;13;POST-PANAMAXII;CGC;144;D2030_215_newpanamax
23.0;215.0;10.75;10.75;3.0;17;48;SAT;5;11;False;False;False;1000;13.38;1.49;0.75;JAN;1;DPW - CGC;21;FULLYCELLULAR;CGC;145;D2030_215_newpanamax
23.0;275.0;12.25;12.25;3.0;18;51;SAT;5;11;False;False;False;3000;17.86;1.49;0.75;JAN;1;DPW - CGC;21;PANAMAX;CGC;146;D2030_215_newpanamax
36.0;225.0;0.0;11.7;1.0;20;52;SAT;5;11;False;False;False;55000;50.0;4.71;0.75;JAN;1;SUZANO;25;NAVIOCARGAGERAL;CGNC;147;D2030_215_newpanamax
23.0;205.0;11.25;11.25;3.0;19;51;SAT;5;11;False;False;False;1000;16.8;3.05;0.75;JAN;1;SANTOSBR;31;FULLYCELLULAR;CGC;148;D2030_215_newpanamax
23.0;295.0;13.25;13.25;3.0;19;51;SAT;5;11;False;False;False;4000;21.3;2.72;0.75;JAN;1;SANTOSBR;31;POST-PANAMAXI;CGC;149;D2030_215_newpanamax
23.0;225.0;0.0;13.25;1.0;18;50;SAT;5;11;False;False;False;70000;88.35;0.74;0.75;JAN;1;TEAG;33;PANAMAX;GSA - E;150;D2030_215_newpanamax
23.0;225.0;0.0;13.75;1.0;18;53;SAT;5;11;False;False;False;70000;39.92;1.17;0.75;JAN;1;TGG;38;PANAMAX;GSA - E;151;D2030_215_newpanamax
23.0;185.0;10.75;0.0;2.0;17;50;SAT;5;11;False;False;False;45000;85.0;1.04;0.75;JAN;1;TIPLAM - GSM - I;42;HANDYMAX;GSM - I;152;D2030_215_newpanamax
23.0;225.0;13.25;0.0;2.0;17;50;SAT;5;11;False;False;False;70000;104.45;3.82;0.75;JAN;1;TIPLAM - GSM - I;42;PANAMAX;GSM - I;153;D2030_215_newpanamax
23.0;185.0;0.0;10.75;1.0;20;55;SAT;5;11;False;False;False;35000;29.94;5.89;0.75;JAN;1;TRANSPETRO;43;MRMEDIUMRANGE;GL;154;D2030_215_newpanamax
23.0;225.0;12.25;0.0;2.0;17;50;SAT;5;11;False;False;False;60000;81.86;6.13;0.75;JAN;1;ULTRACARGO;45;LR1LONGRANGE1;GL;155;D2030_215_newpanamax
50.0;305.0;8.6;8.5;3.0;6;0;0;5;11;False;True;False;0;10.42;0.0;0.75;0;1;Concais;6;PASSAGEIROS;PASSAGEIROS;156;D2030_215_newpanamax
52.0;331.43;8.65;8.65;3.0;6;45;0;5;11;False;True;False;0;9.58;0.0;0.75;0;1;Concais;6;PASSAGEIROS;PASSAGEIROS;157;D2030_215_newpanamax
23.0;275.0;13.7;13.7;3.0;23;3;SUN;6;12;False;False;False;3000;15.61;4.32;0.75;JAN;1;TECON10;3;PANAMAX;CGC;158;D2030_215_newpanamax
23.0;225.0;14.25;0.0;2.0;19;56;SUN;6;12;False;False;False;70000;111.09;6.74;0.75;JAN;1;RUMO - GSM - I;5;PANAMAX;GSM - I;159;D2030_215_newpanamax
23.0;225.0;0.0;13.75;1.0;21;55;SUN;6;12;False;False;False;70000;51.12;3.05;0.75;JAN;1;ADM;9;PANAMAX;GSA - E;160;D2030_215_newpanamax
23.0;245.0;14.25;14.25;3.0;21;57;SUN;6;12;False;False;False;3000;14.7;4.22;0.75;JAN;1;BTP;13;PANAMAX;CGC;161;D2030_215_newpanamax
23.0;295.0;14.25;14.25;3.0;21;57;SUN;6;12;False;False;False;4000;20.66;1.34;0.75;JAN;1;BTP;13;POST-PANAMAXI;CGC;162;D2030_215_newpanamax
23.0;295.0;14.25;14.25;3.0;20;56;SUN;6;12;False;False;False;4000;20.66;1.57;0.75;JAN;1;BTP;13;POST-PANAMAXI;CGC;163;D2030_215_newpanamax
43.0;339.0;14.0;14.0;3.0;21;57;SUN;6;12;False;False;False;6000;23.63;2.14;0.75;JAN;1;BTP;13;POST-PANAMAXII;CGC;164;D2030_215_newpanamax
23.0;205.0;11.75;11.75;3.0;23;21;SUN;6;12;False;False;False;1000;13.38;1.43;0.75;JAN;1;DPW - CGC;21;FULLYCELLULAR;CGC;165;D2030_215_newpanamax
23.0;275.0;14.25;14.25;3.0;23;21;SUN;6;12;False;False;False;3000;17.86;2.62;0.75;JAN;1;DPW - CGC;21;PANAMAX;CGC;166;D2030_215_newpanamax
23.0;325.0;14.25;14.25;3.0;23;53;SUN;6;12;False;False;False;4000;21.93;3.46;0.75;JAN;1;DPW - CGC;21;POST-PANAMAXI;CGC;167;D2030_215_newpanamax
23.0;325.0;14.25;14.25;3.0;23;21;SUN;6;12;False;False;False;4000;21.93;1.63;0.75;JAN;1;DPW - CGC;21;POST-PANAMAXI;CGC;168;D2030_215_newpanamax
43.0;339.0;14.0;14.0;3.0;23;21;SUN;6;12;False;False;False;6000;27.82;1.17;0.75;JAN;1;DPW - CGC;21;POST-PANAMAXII;CGC;169;D2030_215_newpanamax
23.0;275.0;13.75;13.75;3.0;23;27;SUN;6;12;False;False;False;3000;15.61;1.89;0.75;JAN;1;SANTOSBR;31;PANAMAX;CGC;170;D2030_215_newpanamax
23.0;185.0;12.75;0.0;2.0;19;53;SUN;6;12;False;False;False;45000;89.37;2.17;0.75;JAN;1;TERMAG;35;HANDYMAX;GSM - I;171;D2030_215_newpanamax
23.0;155.0;10.25;0.0;2.0;19;54;SUN;6;12;False;False;False;18000;42.57;10.05;0.75;JAN;1;ULTRACARGO;45;GPGENERALPURPOSE;GL;172;D2030_215_newpanamax
44.0;289.59;8.3;8.3;3.0;6;30;0;6;12;False;True;False;0;10.58;0.0;0.75;0;1;Concais;6;PASSAGEIROS;PASSAGEIROS;173;D2030_215_newpanamax
44.0;323.0;8.65;8.65;3.0;7;30;0;6;12;False;True;False;0;9.5;0.0;0.75;0;1;Concais;6;PASSAGEIROS;PASSAGEIROS;174;D2030_215_newpanamax
23.0;255.0;9.75;9.75;3.0;3;7;MON;0;13;False;False;False;3000;15.61;4.68;0.75;JAN;1;TECON10;3;PANAMAX;CGC;175;D2030_215_newpanamax
36.0;225.0;0.0;13.0;1.0;1;2;MON;0;13;False;False;False;55000;99.66;12.06;0.75;JAN;1;BRACELL;12;NAVIOCARGAGERAL;CGNC;176;D2030_215_newpanamax
43.0;339.0;14.0;14.0;3.0;1;2;MON;0;13;False;False;False;6000;23.63;5.57;0.75;JAN;1;BTP;13;POST-PANAMAXII;CGC;177;D2030_215_newpanamax
23.0;245.0;9.75;9.75;3.0;2;4;MON;0;13;False;False;False;3000;17.86;1.26;0.75;JAN;1;DPW - CGC;21;PANAMAX;CGC;178;D2030_215_newpanamax
23.0;185.0;7.75;7.75;3.0;0;0;MON;0;13;False;False;False;1000;16.8;1.47;0.75;JAN;1;SANTOSBR;31;FULLYCELLULAR;CGC;179;D2030_215_newpanamax
23.0;185.0;8.75;8.75;3.0;2;4;MON;0;13;False;False;False;1000;16.8;4.79;0.75;JAN;1;SANTOSBR;31;FULLYCELLULAR;CGC;180;D2030_215_newpanamax
23.0;265.0;8.75;8.75;3.0;0;1;MON;0;13;False;False;False;3000;15.61;1.55;0.75;JAN;1;SANTOSBR;31;PANAMAX;CGC;181;D2030_215_newpanamax
23.0;295.0;10.25;10.25;3.0;2;6;MON;0;13;False;False;False;4000;21.3;1.99;0.75;JAN;1;SANTOSBR;31;POST-PANAMAXI;CGC;182;D2030_215_newpanamax
43.0;339.0;14.0;14.0;3.0;2;6;MON;0;13;False;False;False;6000;25.92;1.25;0.75;JAN;1;SANTOSBR;31;POST-PANAMAXII;CGC;183;D2030_215_newpanamax
23.0;175.0;8.25;8.25;3.0;2;6;MON;0;13;False;False;True;1500;20.97;1.5;0.75;JAN;1;TEV;37;CARGARO-RO;RORO;184;D2030_215_newpanamax
23.0;225.0;0.0;12.75;1.0;0;3;MON;0;13;False;False;False;70000;61.75;2.18;0.75;JAN;1;TGRAO;39;PANAMAX;GSA - E;185;D2030_215_newpanamax
23.0;185.0;0.0;8.25;1.0;2;6;MON;0;13;False;False;False;35000;29.94;1.9;0.75;JAN;1;TRANSPETRO;43;MRMEDIUMRANGE;GL;186;D2030_215_newpanamax
23.0;135.0;0.0;7.25;1.0;4;11;MON;0;13;False;False;False;35000;90.66;48.52;0.75;JAN;1;USIMINAS;46;HANDYSIZE;CGNC;187;D2030_215_newpanamax
23.0;155.0;0.0;7.75;1.0;7;9;TUE;1;14;False;False;False;18000;42.57;12.26;0.75;JAN;1;STS;2;GPGENERALPURPOSE;GL;188;D2030_215_newpanamax
23.0;225.0;0.0;12.75;1.0;5;8;TUE;1;14;False;False;False;70000;51.12;2.02;0.75;JAN;1;RUMO - GSA - E;4;PANAMAX;GSA - E;189;D2030_215_newpanamax
23.0;155.0;0.0;7.75;1.0;5;13;TUE;1;14;False;False;False;18000;45.88;0.62;0.75;JAN;1;AGEO_TERMINAIS;11;GPGENERALPURPOSE;GL;190;D2030_215_newpanamax
23.0;185.0;0.0;8.75;1.0;5;13;TUE;1;14;False;False;False;35000;64.43;0.49;0.75;JAN;1;AGEO_TERMINAIS;11;MRMEDIUMRANGE;GL;191;D2030_215_newpanamax
23.0;295.0;11.75;11.75;3.0;4;13;TUE;1;14;False;False;False;4000;20.66;1.0;0.75;JAN;1;BTP;13;POST-PANAMAXI;CGC;192;D2030_215_newpanamax
23.0;225.0;0.0;12.75;1.0;8;15;TUE;1;14;False;False;False;60000;162.93;20.2;0.75;JAN;1;CUTRALE - GL;18;LR1LONGRANGE1;GL;193;D2030_215_newpanamax
23.0;195.0;8.25;8.25;3.0;4;8;TUE;1;14;False;False;False;1000;13.38;2.29;0.75;JAN;1;DPW - CGC;21;FULLYCELLULAR;CGC;194;D2030_215_newpanamax
23.0;255.0;9.75;9.75;3.0;4;8;TUE;1;14;False;False;False;3000;17.86;0.74;0.75;JAN;1;DPW - CGC;21;PANAMAX;CGC;195;D2030_215_newpanamax
23.0;255.0;10.25;10.25;3.0;6;14;TUE;1;14;False;False;False;3000;17.86;0.92;0.75;JAN;1;DPW - CGC;21;PANAMAX;CGC;196;D2030_215_newpanamax
23.0;295.0;10.75;10.75;3.0;4;8;TUE;1;14;False;False;False;4000;21.93;1.96;0.75;JAN;1;DPW - CGC;21;POST-PANAMAXI;CGC;197;D2030_215_newpanamax
43.0;339.0;14.0;14.0;3.0;5;13;TUE;1;14;False;False;False;6000;27.82;2.58;0.75;JAN;1;DPW - CGC;21;POST-PANAMAXII;CGC;198;D2030_215_newpanamax
23.0;135.0;6.75;6.75;3.0;5;14;TUE;1;14;False;False;False;500;7.08;1.61;0.75;JAN;1;SANTOSBR;31;FEEDER/EARLY;CGC;199;D2030_215_newpanamax
23.0;185.0;9.25;9.25;3.0;5;12;TUE;1;14;False;False;False;1000;16.8;3.3;0.75;JAN;1;SANTOSBR;31;FULLYCELLULAR;CGC;200;D2030_215_newpanamax
23.0;255.0;10.25;10.25;3.0;5;12;TUE;1;14;False;False;False;3000;15.61;2.94;0.75;JAN;1;SANTOSBR;31;PANAMAX;CGC;201;D2030_215_newpanamax
23.0;295.0;11.25;11.25;3.0;5;12;TUE;1;14;False;False;False;4000;21.3;2.07;0.75;JAN;1;SANTOSBR;31;POST-PANAMAXI;CGC;202;D2030_215_newpanamax
23.0;195.0;8.75;8.75;3.0;5;14;TUE;1;14;False;False;True;1500;20.97;2.26;0.75;JAN;1;TEV;37;CARGARO-RO;RORO;203;D2030_215_newpanamax
23.0;225.0;0.0;13.25;1.0;6;13;TUE;1;14;False;False;False;70000;39.92;2.12;0.75;JAN;1;TGG;38;PANAMAX;GSA - E;204;D2030_215_newpanamax
23.0;245.0;0.0;9.75;1.0;5;11;TUE;1;14;False;False;False;60000;48.22;1.1;0.75;JAN;1;TRANSPETRO;43;LR1LONGRANGE1;GL;205;D2030_215_newpanamax
23.0;225.0;0.0;13.25;1.0;8;18;WED;2;15;False;False;False;70000;51.12;2.66;0.75;JAN;1;RUMO - GSA - E;4;PANAMAX;GSA - E;206;D2030_215_newpanamax
23.0;295.0;11.75;11.75;3.0;6;18;WED;2;15;False;False;False;4000;20.66;1.55;0.75;JAN;1;BTP;13;POST-PANAMAXI;CGC;207;D2030_215_newpanamax
23.0;295.0;12.25;12.25;3.0;11;29;WED;2;15;False;False;False;4000;21.93;2.77;0.75;JAN;1;DPW - CGC;21;POST-PANAMAXI;CGC;208;D2030_215_newpanamax
36.0;225.0;0.0;13.0;1.0;7;17;WED;2;15;False;False;False;55000;64.0;5.21;0.75;JAN;1;DPW - CGNC;22;NAVIOCARGAGERAL;CGNC;209;D2030_215_newpanamax
23.0;265.0;10.75;10.75;3.0;9;24;WED;2;15;False;False;False;3000;15.61;1.87;0.75;JAN;1;SANTOSBR;31;PANAMAX;CGC;210;D2030_215_newpanamax
23.0;295.0;11.75;11.75;3.0;7;20;WED;2;15;False;False;False;4000;21.3;1.03;0.75;JAN;1;SANTOSBR;31;POST-PANAMAXI;CGC;211;D2030_215_newpanamax
23.0;195.0;8.75;8.75;3.0;7;23;WED;2;15;False;False;True;1500;20.97;0.87;0.75;JAN;1;TEV;37;CARGARO-RO;RORO;212;D2030_215_newpanamax
44.0;323.0;8.6;8.6;3.0;6;30;0;2;15;False;True;False;0;15.08;0.0;0.75;0;1;Concais;6;PASSAGEIROS;PASSAGEIROS;213;D2030_215_newpanamax
19.0;88.8;5.0;4.6;1.0;8;20;0;2;15;False;False;False;0;18.67;0.17;0.75;0;1;TUP - Saipem;8;HANDYSIZE;CGNC;214;D2030_215_newpanamax
23.0;155.0;8.75;0.0;2.0;13;33;THU;3;16;False;False;False;18000;42.57;4.26;0.75;JAN;1;STS;2;GPGENERALPURPOSE;GL;215;D2030_215_newpanamax
23.0;175.0;9.75;0.0;2.0;10;26;THU;3;16;False;False;False;35000;64.43;0.77;0.75;JAN;1;AGEO_TERMINAIS;11;MRMEDIUMRANGE;GL;216;D2030_215_newpanamax
23.0;295.0;12.75;12.75;3.0;10;30;THU;3;16;False;False;False;4000;20.66;2.76;0.75;JAN;1;BTP;13;POST-PANAMAXI;CGC;217;D2030_215_newpanamax
23.0;125.0;7.25;7.25;3.0;12;34;THU;3;16;False;False;False;500;12.93;1.73;0.75;JAN;1;DPW - CGC;21;FEEDER/EARLY;CGC;218;D2030_215_newpanamax
23.0;185.0;10.25;10.25;3.0;12;35;THU;3;16;False;False;False;1000;13.38;1.01;0.75;JAN;1;DPW - CGC;21;FULLYCELLULAR;CGC;219;D2030_215_newpanamax
23.0;295.0;12.25;12.25;3.0;11;29;THU;3;16;False;False;False;4000;21.93;2.15;0.75;JAN;1;DPW - CGC;21;POST-PANAMAXI;CGC;220;D2030_215_newpanamax
23.0;185.0;10.25;10.25;3.0;13;36;THU;3;16;False;False;False;1000;16.8;1.89;0.75;JAN;1;SANTOSBR;31;FULLYCELLULAR;CGC;221;D2030_215_newpanamax
23.0;215.0;9.75;9.75;3.0;13;36;THU;3;16;False;False;False;1000;16.8;1.43;0.75;JAN;1;SANTOSBR;31;FULLYCELLULAR;CGC;222;D2030_215_newpanamax
23.0;275.0;11.25;11.25;3.0;13;36;THU;3;16;False;False;False;3000;15.61;1.33;0.75;JAN;1;SANTOSBR;31;PANAMAX;CGC;223;D2030_215_newpanamax
23.0;295.0;12.75;12.75;3.0;13;36;THU;3;16;False;False;False;4000;21.3;2.53;0.75;JAN;1;SANTOSBR;31;POST-PANAMAXI;CGC;224;D2030_215_newpanamax
43.0;339.0;14.0;14.0;3.0;13;36;THU;3;16;False;False;False;6000;25.92;5.7;0.75;JAN;1;SANTOSBR;31;POST-PANAMAXII;CGC;225;D2030_215_newpanamax
23.0;225.0;0.0;13.25;1.0;11;33;THU;3;16;False;False;False;70000;88.35;7.24;0.75;JAN;1;TEAG;33;PANAMAX;GSA - E;226;D2030_215_newpanamax
23.0;175.0;9.75;0.0;2.0;12;33;THU;3;16;False;False;False;35000;72.19;1.47;0.75;JAN;1;TIPLAM - GSM - I;42;HANDYSIZE;GSM - I;227;D2030_215_newpanamax
23.0;185.0;0.0;9.25;1.0;11;27;THU;3;16;False;False;False;35000;29.94;6.18;0.75;JAN;1;TRANSPETRO;43;MRMEDIUMRANGE;GL;228;D2030_215_newpanamax
18.0;85.34;5.0;4.6;1.0;9;5;0;3;16;False;False;False;0;72.08;0.08;0.75;0;1;TUP - Saipem;8;HANDYSIZE;CGNC;229;D2030_215_newpanamax
17.0;82.3;4.4;5.0;3.0;22;40;0;3;16;False;False;False;0;18.17;0.17;0.75;0;1;TUP - Saipem;8;HANDYSIZE;CGNC;230;D2030_215_newpanamax
23.0;225.0;0.0;13.25;1.0;14;36;FRI;4;17;False;False;False;70000;51.12;2.97;0.75;JAN;1;RUMO - GSA - E;4;PANAMAX;GSA - E;231;D2030_215_newpanamax
23.0;305.0;12.75;12.75;3.0;11;33;FRI;4;17;False;False;False;4000;20.66;3.06;0.75;JAN;1;BTP;13;POST-PANAMAXI;CGC;232;D2030_215_newpanamax
23.0;295.0;13.25;13.25;3.0;12;36;FRI;4;17;False;False;False;4000;20.66;3.86;0.75;JAN;1;BTP;13;POST-PANAMAXI;CGC;233;D2030_215_newpanamax
23.0;205.0;10.25;10.25;3.0;13;38;FRI;4;17;False;False;False;1000;13.38;2.51;0.75;JAN;1;DPW - CGC;21;FULLYCELLULAR;CGC;234;D2030_215_newpanamax
23.0;205.0;10.75;10.75;3.0;16;44;FRI;4;17;False;False;False;1000;13.38;1.53;0.75;JAN;1;DPW - CGC;21;FULLYCELLULAR;CGC;235;D2030_215_newpanamax
23.0;265.0;11.75;11.75;3.0;16;44;FRI;4;17;False;False;False;3000;17.86;3.54;0.75;JAN;1;DPW - CGC;21;PANAMAX;CGC;236;D2030_215_newpanamax
23.0;295.0;12.75;12.75;3.0;13;38;FRI;4;17;False;False;False;4000;21.93;1.45;0.75;JAN;1;DPW - CGC;21;POST-PANAMAXI;CGC;237;D2030_215_newpanamax
23.0;215.0;10.25;10.25;3.0;16;42;FRI;4;17;False;False;False;1000;16.8;0.8;0.75;JAN;1;SANTOSBR;31;FULLYCELLULAR;CGC;238;D2030_215_newpanamax
23.0;265.0;11.75;11.75;3.0;15;40;FRI;4;17;False;False;False;3000;15.61;1.48;0.75;JAN;1;SANTOSBR;31;PANAMAX;CGC;239;D2030_215_newpanamax
23.0;195.0;9.25;9.25;3.0;13;39;FRI;4;17;False;False;True;1500;20.97;7.06;0.75;JAN;1;TEV;37;CARGARO-RO;RORO;240;D2030_215_newpanamax
23.0;155.0;9.75;0.0;2.0;16;43;FRI;4;17;False;False;False;18000;42.57;12.57;0.75;JAN;1;ULTRACARGO;45;GPGENERALPURPOSE;GL;241;D2030_215_newpanamax
23.0;155.0;9.75;0.0;2.0;16;43;FRI;4;17;False;False;False;18000;42.57;6.91;0.75;JAN;1;ULTRACARGO;45;GPGENERALPURPOSE;GL;242;D2030_215_newpanamax
38.0;333.33;8.55;8.6;3.0;6;25;0;4;17;False;True;False;0;11.42;0.0;0.75;0;1;Concais;6;PASSAGEIROS;PASSAGEIROS;243;D2030_215_newpanamax
17.0;82.3;5.0;4.5;1.0;21;20;0;4;17;False;False;False;0;88.5;0.08;0.75;0;1;TUP - Saipem;8;HANDYSIZE;CGNC;244;D2030_215_newpanamax
23.0;265.0;12.75;12.75;3.0;20;53;SAT;5;18;False;False;False;3000;15.61;1.22;0.75;JAN;1;TECON10;3;PANAMAX;CGC;245;D2030_215_newpanamax
23.0;185.0;12.75;0.0;2.0;17;48;SAT;5;18;False;False;False;45000;89.37;4.32;0.75;JAN;1;RUMO - GSM - I;5;HANDYMAX;GSM - I;246;D2030_215_newpanamax
23.0;185.0;10.25;10.25;3.0;18;49;SAT;5;18;False;False;False;1000;13.85;0.91;0.75;JAN;1;BTP;13;FULLYCELLULAR;CGC;247;D2030_215_newpanamax
23.0;295.0;14.25;14.25;3.0;18;49;SAT;5;18;False;False;False;4000;20.66;2.71;0.75;JAN;1;BTP;13;POST-PANAMAXI;CGC;248;D2030_215_newpanamax
23.0;215.0;10.75;10.75;3.0;17;48;SAT;5;18;False;False;False;1000;13.38;3.74;0.75;JAN;1;DPW - CGC;21;FULLYCELLULAR;CGC;249;D2030_215_newpanamax
23.0;295.0;13.75;13.75;3.0;17;48;SAT;5;18;False;False;False;4000;21.93;1.44;0.75;JAN;1;DPW - CGC;21;POST-PANAMAXI;CGC;250;D2030_215_newpanamax
36.0;225.0;0.0;13.0;1.0;18;50;SAT;5;18;False;False;False;55000;64.0;1.1;0.75;JAN;1;DPW - CGNC;22;NAVIOCARGAGERAL;CGNC;251;D2030_215_newpanamax
23.0;255.0;12.75;12.75;3.0;19;51;SAT;5;18;False;False;False;3000;15.61;0.86;0.75;JAN;1;SANTOSBR;31;PANAMAX;CGC;252;D2030_215_newpanamax
43.0;339.0;14.0;14.0;3.0;19;51;SAT;5;18;False;False;False;6000;25.92;1.09;0.75;JAN;1;SANTOSBR;31;POST-PANAMAXII;CGC;253;D2030_215_newpanamax
23.0;225.0;14.25;0.0;2.0;15;43;SAT;5;18;False;False;False;70000;111.09;6.32;0.75;JAN;1;TERMAG;35;PANAMAX;GSM - I;254;D2030_215_newpanamax
23.0;225.0;0.0;13.75;1.0;15;46;SAT;5;18;False;False;False;70000;39.92;5.55;0.75;JAN;1;TGG;38;PANAMAX;GSA - E;255;D2030_215_newpanamax
23.0;195.0;10.25;0.0;2.0;16;47;SAT;5;18;False;False;False;45000;85.0;0.61;0.75;JAN;1;TIPLAM - GSM - I;42;HANDYMAX;GSM - I;256;D2030_215_newpanamax
23.0;225.0;13.25;0.0;2.0;16;47;SAT;5;18;False;False;False;70000;104.45;7.09;0.75;JAN;1;TIPLAM - GSM - I;42;PANAMAX;GSM - I;257;D2030_215_newpanamax
23.0;295.0;0.0;11.75;1.0;11;43;SAT;5;18;True;False;False;76500;53.08;0.0;0.75;JAN;1;TRSP;44;LNGCARRIER;GL;258;D2030_215_newpanamax
50.0;305.0;8.52;8.5;3.0;5;42;0;5;18;False;True;False;0;10.58;0.0;0.75;0;1;Concais;6;PASSAGEIROS;PASSAGEIROS;259;D2030_215_newpanamax
52.0;331.43;8.65;8.7;3.0;6;15;0;5;18;False;True;False;0;10.33;0.0;0.75;0;1;Concais;6;PASSAGEIROS;PASSAGEIROS;260;D2030_215_newpanamax
23.0;235.0;0.0;13.75;1.0;23;54;SUN;6;19;False;False;False;70000;51.12;2.97;0.75;JAN;1;RUMO - GSA - E;4;PANAMAX;GSA - E;261;D2030_215_newpanamax
23.0;225.0;14.25;0.0;2.0;19;55;SUN;6;19;False;False;False;70000;111.09;4.61;0.75;JAN;1;RUMO - GSM - I;5;PANAMAX;GSM - I;262;D2030_215_newpanamax
23.0;215.0;10.75;10.75;3.0;23;42;SUN;6;19;False;False;False;1000;13.85;6.98;0.75;JAN;1;BTP;13;FULLYCELLULAR;CGC;263;D2030_215_newpanamax
23.0;305.0;14.25;14.25;3.0;23;42;SUN;6;19;False;False;False;4000;20.66;2.62;0.75;JAN;1;BTP;13;POST-PANAMAXI;CGC;264;D2030_215_newpanamax
23.0;295.0;14.25;14.25;3.0;21;57;SUN;6;19;False;False;False;4000;20.66;8.24;0.75;JAN;1;BTP;13;POST-PANAMAXI;CGC;265;D2030_215_newpanamax
43.0;339.0;14.0;14.0;3.0;23;42;SUN;6;19;False;False;False;6000;23.63;0.94;0.75;JAN;1;BTP;13;POST-PANAMAXII;CGC;266;D2030_215_newpanamax
23.0;185.0;11.75;11.75;3.0;22;59;SUN;6;19;False;False;False;1000;13.38;2.19;0.75;JAN;1;DPW - CGC;21;FULLYCELLULAR;CGC;267;D2030_215_newpanamax
23.0;205.0;11.75;11.75;3.0;23;53;SUN;6;19;False;False;False;1000;13.38;0.89;0.75;JAN;1;DPW - CGC;21;FULLYCELLULAR;CGC;268;D2030_215_newpanamax
23.0;255.0;14.25;14.25;3.0;23;53;SUN;6;19;False;False;False;3000;17.86;2.46;0.75;JAN;1;DPW - CGC;21;PANAMAX;CGC;269;D2030_215_newpanamax
23.0;275.0;14.25;14.25;3.0;23;39;SUN;6;19;False;False;False;3000;17.86;3.17;0.75;JAN;1;DPW - CGC;21;PANAMAX;CGC;270;D2030_215_newpanamax
23.0;295.0;14.25;14.25;3.0;20;54;SUN;6;19;False;False;False;4000;21.93;1.52;0.75;JAN;1;DPW - CGC;21;POST-PANAMAXI;CGC;271;D2030_215_newpanamax
43.0;339.0;14.0;14.0;3.0;20;54;SUN;6;19;False;False;False;6000;27.82;1.1;0.75;JAN;1;DPW - CGC;21;POST-PANAMAXII;CGC;272;D2030_215_newpanamax
23.0;275.0;13.25;13.25;3.0;22;58;SUN;6;19;False;False;False;3000;15.61;2.27;0.75;JAN;1;SANTOSBR;31;PANAMAX;CGC;273;D2030_215_newpanamax
23.0;225.0;0.0;13.25;1.0;19;55;SUN;6;19;False;False;False;70000;88.35;3.1;0.75;JAN;1;TEAG;33;PANAMAX;GSA - E;274;D2030_215_newpanamax
23.0;185.0;0.0;10.75;1.0;20;55;SUN;6;19;False;False;False;35000;29.94;8.68;0.75;JAN;1;TRANSPETRO;43;MRMEDIUMRANGE;GL;275;D2030_215_newpanamax
44.0;323.0;8.5;8.6;3.0;5;0;0;6;19;False;True;False;0;11.83;0.0;0.75;0;1;Concais;6;PASSAGEIROS;PASSAGEIROS;276;D2030_215_newpanamax
44.0;289.59;8.3;8.3;3.0;6;30;0;6;19;False;True;False;0;10.67;0.0;0.75;0;1;Concais;6;PASSAGEIROS;PASSAGEIROS;277;D2030_215_newpanamax
19.0;88.8;5.3;5.0;1.0;21;10;0;6;19;False;False;False;0;17.83;0.17;0.75;0;1;TUP - Saipem;8;HANDYSIZE;CGNC;278;D2030_215_newpanamax
23.0;225.0;0.0;12.75;1.0;5;7;MON;0;20;False;False;False;70000;51.12;1.41;0.75;JAN;1;ADM;9;PANAMAX;GSA - E;279;D2030_215_newpanamax
23.0;215.0;8.25;8.25;3.0;1;2;MON;0;20;False;False;False;1000;13.85;2.14;0.75;JAN;1;BTP;13;FULLYCELLULAR;CGC;280;D2030_215_newpanamax
23.0;165.0;7.75;0.0;2.0;4;7;MON;0;20;False;False;False;18000;12.03;5.18;0.75;JAN;1;DOW;20;GPGENERALPURPOSE;GL;281;D2030_215_newpanamax
23.0;245.0;8.25;8.25;3.0;0;0;MON;0;20;False;False;False;3000;17.86;2.86;0.75;JAN;1;DPW - CGC;21;PANAMAX;CGC;282;D2030_215_newpanamax
23.0;185.0;7.75;7.75;3.0;0;0;MON;0;20;False;False;False;1000;16.8;2.06;0.75;JAN;1;SANTOSBR;31;FULLYCELLULAR;CGC;283;D2030_215_newpanamax
23.0;255.0;8.75;8.75;3.0;0;0;MON;0;20;False;False;False;3000;15.61;1.52;0.75;JAN;1;SANTOSBR;31;PANAMAX;CGC;284;D2030_215_newpanamax
23.0;265.0;9.25;9.25;3.0;2;4;MON;0;20;False;False;False;3000;15.61;7.02;0.75;JAN;1;SANTOSBR;31;PANAMAX;CGC;285;D2030_215_newpanamax
23.0;295.0;9.25;9.25;3.0;0;1;MON;0;20;False;False;False;4000;21.3;1.86;0.75;JAN;1;SANTOSBR;31;POST-PANAMAXI;CGC;286;D2030_215_newpanamax
43.0;339.0;14.0;14.0;3.0;0;1;MON;0;20;False;False;False;6000;25.92;1.15;0.75;JAN;1;SANTOSBR;31;POST-PANAMAXII;CGC;287;D2030_215_newpanamax
23.0;175.0;8.75;8.75;3.0;4;12;MON;0;20;False;False;True;1500;20.97;0.32;0.75;JAN;1;TEV;37;CARGARO-RO;RORO;288;D2030_215_newpanamax
23.0;225.0;0.0;13.25;1.0;1;6;MON;0;20;False;False;False;70000;61.75;4.0;0.75;JAN;1;TGRAO;39;PANAMAX;GSA - E;289;D2030_215_newpanamax
23.0;285.0;0.0;10.25;1.0;8;6;MON;0;20;True;False;False;76500;53.08;0.0;0.75;JAN;1;TRSP;44;LNGCARRIER;GL;290;D2030_215_newpanamax
23.0;175.0;0.0;8.25;1.0;7;9;TUE;1;21;False;False;False;35000;57.11;0.27;0.75;JAN;1;STS;2;MRMEDIUMRANGE;GL;291;D2030_215_newpanamax
23.0;265.0;10.25;10.25;3.0;6;18;TUE;1;21;False;False;False;3000;15.61;1.25;0.75;JAN;1;TECON10;3;PANAMAX;CGC;292;D2030_215_newpanamax
23.0;155.0;0.0;7.75;1.0;4;10;TUE;1;21;False;False;False;18000;45.88;1.17;0.75;JAN;1;AGEO_TERMINAIS;11;GPGENERALPURPOSE;GL;293;D2030_215_newpanamax
23.0;175.0;0.0;8.75;1.0;4;10;TUE;1;21;False;False;False;35000;64.43;0.58;0.75;JAN;1;AGEO_TERMINAIS;11;MRMEDIUMRANGE;GL;294;D2030_215_newpanamax
23.0;295.0;11.25;11.25;3.0;3;10;TUE;1;21;False;False;False;4000;20.66;3.71;0.75;JAN;1;BTP;13;POST-PANAMAXI;CGC;295;D2030_215_newpanamax
23.0;225.0;0.0;13.25;1.0;6;18;TUE;1;21;False;False;False;70000;54.03;2.29;0.75;JAN;1;CUTRALE - GSA - E;19;PANAMAX;GSA - E;296;D2030_215_newpanamax
23.0;195.0;8.25;8.25;3.0;4;8;TUE;1;21;False;False;False;1000;13.38;1.5;0.75;JAN;1;DPW - CGC;21;FULLYCELLULAR;CGC;297;D2030_215_newpanamax
23.0;255.0;9.75;9.75;3.0;4;8;TUE;1;21;False;False;False;3000;17.86;0.77;0.75;JAN;1;DPW - CGC;21;PANAMAX;CGC;298;D2030_215_newpanamax
23.0;275.0;10.25;10.25;3.0;6;16;TUE;1;21;False;False;False;3000;17.86;1.56;0.75;JAN;1;DPW - CGC;21;PANAMAX;CGC;299;D2030_215_newpanamax
23.0;295.0;10.75;10.75;3.0;4;8;TUE;1;21;False;False;False;4000;21.93;0.95;0.75;JAN;1;DPW - CGC;21;POST-PANAMAXI;CGC;300;D2030_215_newpanamax
36.0;225.0;0.0;11.7;1.0;5;14;TUE;1;21;False;False;False;55000;50.0;4.48;0.75;JAN;1;SUZANO;25;NAVIOCARGAGERAL;CGNC;301;D2030_215_newpanamax
23.0;185.0;9.25;9.25;3.0;5;12;TUE;1;21;False;False;False;1000;16.8;4.1;0.75;JAN;1;SANTOSBR;31;FULLYCELLULAR;CGC;302;D2030_215_newpanamax
23.0;255.0;10.25;10.25;3.0;5;12;TUE;1;21;False;False;False;3000;15.61;7.06;0.75;JAN;1;SANTOSBR;31;PANAMAX;CGC;303;D2030_215_newpanamax
23.0;265.0;10.25;10.25;3.0;6;18;TUE;1;21;False;False;False;3000;15.61;2.92;0.75;JAN;1;SANTOSBR;31;PANAMAX;CGC;304;D2030_215_newpanamax
23.0;295.0;11.75;11.75;3.0;6;17;TUE;1;21;False;False;False;4000;21.3;4.67;0.75;JAN;1;SANTOSBR;31;POST-PANAMAXI;CGC;305;D2030_215_newpanamax
43.0;339.0;14.0;14.0;3.0;6;17;TUE;1;21;False;False;False;6000;25.92;0.7;0.75;JAN;1;SANTOSBR;31;POST-PANAMAXII;CGC;306;D2030_215_newpanamax
23.0;195.0;8.25;0.0;2.0;4;10;TUE;1;21;False;False;False;45000;85.0;1.74;0.75;JAN;1;TIPLAM - GSM - I;42;HANDYMAX;GSM - I;307;D2030_215_newpanamax
23.0;185.0;0.0;8.75;1.0;6;12;TUE;1;21;False;False;False;35000;29.94;3.18;0.75;JAN;1;TRANSPETRO;43;MRMEDIUMRANGE;GL;308;D2030_215_newpanamax
32.0;223.88;7.2;7.2;3.0;5;30;0;1;21;False;True;False;0;11.5;0.0;0.75;0;1;Concais;6;PASSAGEIROS;PASSAGEIROS;309;D2030_215_newpanamax
32.0;239.3;7.6;7.6;3.0;6;30;0;1;21;False;True;False;0;11.5;0.0;0.75;0;1;Concais;6;PASSAGEIROS;PASSAGEIROS;310;D2030_215_newpanamax
23.0;155.0;0.0;8.25;1.0;8;21;WED;2;22;False;False;False;18000;45.88;0.74;0.75;JAN;1;AGEO_TERMINAIS;11;GPGENERALPURPOSE;GL;311;D2030_215_newpanamax
23.0;295.0;12.25;12.25;3.0;8;23;WED;2;22;False;False;False;4000;20.66;3.26;0.75;JAN;1;BTP;13;POST-PANAMAXI;CGC;312;D2030_215_newpanamax
23.0;285.0;10.75;10.75;3.0;11;29;WED;2;22;False;False;False;3000;17.86;3.52;0.75;JAN;1;DPW - CGC;21;PANAMAX;CGC;313;D2030_215_newpanamax
36.0;225.0;0.0;13.0;1.0;7;17;WED;2;22;False;False;False;55000;64.0;2.22;0.75;JAN;1;DPW - CGNC;22;NAVIOCARGAGERAL;CGNC;314;D2030_215_newpanamax
23.0;185.0;9.75;9.75;3.0;9;24;WED;2;22;False;False;False;1000;16.8;3.1;0.75;JAN;1;SANTOSBR;31;FULLYCELLULAR;CGC;315;D2030_215_newpanamax
43.0;339.0;14.0;14.0;3.0;9;24;WED;2;22;False;False;False;6000;25.92;3.09;0.75;JAN;1;SANTOSBR;31;POST-PANAMAXII;CGC;316;D2030_215_newpanamax
23.0;185.0;0.0;9.25;1.0;10;26;WED;2;22;False;False;False;35000;29.94;5.65;0.75;JAN;1;TRANSPETRO;43;MRMEDIUMRANGE;GL;317;D2030_215_newpanamax
36.0;225.0;0.0;13.0;1.0;10;29;THU;3;23;False;False;False;55000;99.0;0.03;0.75;JAN;1;ARAUCO;1;NAVIOCARGAGERAL;CGNC;318;D2030_215_newpanamax
23.0;135.0;7.75;7.75;3.0;8;24;THU;3;23;False;False;False;500;20.71;1.59;0.75;JAN;1;BTP;13;FEEDER/EARLY;CGC;319;D2030_215_newpanamax
23.0;275.0;12.25;12.25;3.0;8;24;THU;3;23;False;False;False;3000;14.7;1.79;0.75;JAN;1;BTP;13;PANAMAX;CGC;320;D2030_215_newpanamax
43.0;339.0;14.0;14.0;3.0;8;24;THU;3;23;False;False;False;6000;23.63;4.51;0.75;JAN;1;BTP;13;POST-PANAMAXII;CGC;321;D2030_215_newpanamax
23.0;255.0;11.25;11.25;3.0;12;34;THU;3;23;False;False;False;3000;17.86;1.83;0.75;JAN;1;DPW - CGC;21;PANAMAX;CGC;322;D2030_215_newpanamax
43.0;339.0;14.0;14.0;3.0;11;29;THU;3;23;False;False;False;6000;27.82;1.13;0.75;JAN;1;DPW - CGC;21;POST-PANAMAXII;CGC;323;D2030_215_newpanamax
36.0;225.0;0.0;11.7;1.0;10;29;THU;3;23;False;False;False;55000;50.0;4.49;0.75;JAN;1;SUZANO;25;NAVIOCARGAGERAL;CGNC;324;D2030_215_newpanamax
23.0;215.0;9.75;9.75;3.0;12;32;THU;3;23;False;False;False;1000;16.8;1.61;0.75;JAN;1;SANTOSBR;31;FULLYCELLULAR;CGC;325;D2030_215_newpanamax
23.0;255.0;11.25;11.25;3.0;11;29;THU;3;23;False;False;False;3000;15.61;1.28;0.75;JAN;1;SANTOSBR;31;PANAMAX;CGC;326;D2030_215_newpanamax
23.0;255.0;11.25;11.25;3.0;11;31;THU;3;23;False;False;False;3000;15.61;2.05;0.75;JAN;1;SANTOSBR;31;PANAMAX;CGC;327;D2030_215_newpanamax
43.0;339.0;14.0;14.0;3.0;13;36;THU;3;23;False;False;False;6000;25.92;2.23;0.75;JAN;1;SANTOSBR;31;POST-PANAMAXII;CGC;328;D2030_215_newpanamax
43.0;339.0;14.0;14.0;3.0;12;32;THU;3;23;False;False;False;6000;25.92;1.54;0.75;JAN;1;SANTOSBR;31;POST-PANAMAXII;CGC;329;D2030_215_newpanamax
23.0;225.0;0.0;13.25;1.0;12;34;THU;3;23;False;False;False;70000;61.75;2.03;0.75;JAN;1;TGRAO;39;PANAMAX;GSA - E;330;D2030_215_newpanamax
23.0;155.0;0.0;8.25;1.0;11;27;THU;3;23;False;False;False;18000;28.37;1.4;0.75;JAN;1;TRANSPETRO;43;GPGENERALPURPOSE;GL;331;D2030_215_newpanamax
23.0;185.0;0.0;9.25;1.0;12;29;THU;3;23;False;False;False;35000;29.94;16.28;0.75;JAN;1;TRANSPETRO;43;MRMEDIUMRANGE;GL;332;D2030_215_newpanamax
19.0;88.8;5.0;5.0;1.0;8;30;0;3;23;False;False;False;0;27.83;0.17;0.75;0;1;TUP - Saipem;8;HANDYSIZE;CGNC;333;D2030_215_newpanamax
18.0;85.34;4.55;4.8;3.0;17;55;0;3;23;False;False;False;0;46.25;0.08;0.75;0;1;TUP - Saipem;8;HANDYSIZE;CGNC;334;D2030_215_newpanamax
23.0;275.0;11.75;11.75;3.0;16;43;FRI;4;24;False;False;False;3000;15.61;1.82;0.75;JAN;1;TECON10;3;PANAMAX;CGC;335;D2030_215_newpanamax
23.0;275.0;12.75;12.75;3.0;11;33;FRI;4;24;False;False;False;3000;14.7;2.97;0.75;JAN;1;BTP;13;PANAMAX;CGC;336;D2030_215_newpanamax
23.0;295.0;13.75;13.75;3.0;13;40;FRI;4;24;False;False;False;4000;20.66;3.13;0.75;JAN;1;BTP;13;POST-PANAMAXI;CGC;337;D2030_215_newpanamax
23.0;165.0;8.75;0.0;2.0;14;40;FRI;4;24;False;False;False;18000;12.03;1.37;0.75;JAN;1;DOW;20;GPGENERALPURPOSE;GL;338;D2030_215_newpanamax
23.0;275.0;11.25;11.25;3.0;13;38;FRI;4;24;False;False;False;3000;17.86;2.91;0.75;JAN;1;DPW - CGC;21;PANAMAX;CGC;339;D2030_215_newpanamax
23.0;265.0;11.75;11.75;3.0;16;45;FRI;4;24;False;False;False;3000;17.86;1.47;0.75;JAN;1;DPW - CGC;21;PANAMAX;CGC;340;D2030_215_newpanamax
23.0;295.0;13.75;13.75;3.0;17;45;FRI;4;24;False;False;False;4000;21.93;1.05;0.75;JAN;1;DPW - CGC;21;POST-PANAMAXI;CGC;341;D2030_215_newpanamax
36.0;225.0;0.0;13.0;1.0;15;41;FRI;4;24;False;False;False;55000;64.0;5.94;0.75;JAN;1;DPW - CGNC;22;NAVIOCARGAGERAL;CGNC;342;D2030_215_newpanamax
23.0;265.0;11.75;11.75;3.0;16;42;FRI;4;24;False;False;False;3000;15.61;2.06;0.75;JAN;1;SANTOSBR;31;PANAMAX;CGC;343;D2030_215_newpanamax
23.0;185.0;10.75;0.0;2.0;13;38;FRI;4;24;False;False;False;35000;59.07;6.16;0.75;JAN;1;STOLTHAVEN;32;MRMEDIUMRANGE;GL;344;D2030_215_newpanamax
23.0;295.0;0.0;11.75;1.0;11;42;FRI;4;24;True;False;False;76500;53.08;0.0;0.75;JAN;1;TRSP;44;LNGCARRIER;GL;345;D2030_215_newpanamax
38.0;333.33;8.63;8.7;3.0;6;30;0;4;24;False;True;False;0;11.58;0.0;0.75;0;1;Concais;6;PASSAGEIROS;PASSAGEIROS;346;D2030_215_newpanamax
23.0;265.0;12.25;12.25;3.0;17;47;SAT;5;25;False;False;False;3000;15.61;2.89;0.75;JAN;1;TECON10;3;PANAMAX;CGC;347;D2030_215_newpanamax
23.0;155.0;9.75;0.0;2.0;16;46;SAT;5;25;False;False;False;18000;45.88;0.38;0.75;JAN;1;AGEO_TERMINAIS;11;GPGENERALPURPOSE;GL;348;D2030_215_newpanamax
23.0;175.0;10.75;0.0;2.0;16;46;SAT;5;25;False;False;False;35000;64.43;0.38;0.75;JAN;1;AGEO_TERMINAIS;11;MRMEDIUMRANGE;GL;349;D2030_215_newpanamax
23.0;295.0;13.75;13.75;3.0;16;45;SAT;5;25;False;False;False;4000;20.66;1.92;0.75;JAN;1;BTP;13;POST-PANAMAXI;CGC;350;D2030_215_newpanamax
23.0;265.0;12.25;12.25;3.0;17;48;SAT;5;25;False;False;False;3000;17.86;3.12;0.75;JAN;1;DPW - CGC;21;PANAMAX;CGC;351;D2030_215_newpanamax
23.0;265.0;12.25;12.25;3.0;17;47;SAT;5;25;False;False;False;3000;17.86;1.2;0.75;JAN;1;DPW - CGC;21;PANAMAX;CGC;352;D2030_215_newpanamax
36.0;225.0;0.0;11.7;1.0;17;42;SAT;5;25;False;False;False;55000;36.9;6.03;0.75;JAN;1;ELDORADO;23;NAVIOCARGAGERAL;CGNC;353;D2030_215_newpanamax
23.0;265.0;12.25;12.25;3.0;18;48;SAT;5;25;False;False;False;3000;15.61;4.35;0.75;JAN;1;SANTOSBR;31;PANAMAX;CGC;354;D2030_215_newpanamax
43.0;339.0;14.0;14.0;3.0;18;48;SAT;5;25;False;False;False;6000;25.92;3.76;0.75;JAN;1;SANTOSBR;31;POST-PANAMAXII;CGC;355;D2030_215_newpanamax
23.0;185.0;12.75;0.0;2.0;15;43;SAT;5;25;False;False;False;45000;89.37;8.24;0.75;JAN;1;TERMAG;35;HANDYMAX;GSM - I;356;D2030_215_newpanamax
23.0;225.0;0.0;13.75;1.0;14;45;SAT;5;25;False;False;False;70000;39.92;2.58;0.75;JAN;1;TGG;38;PANAMAX;GSA - E;357;D2030_215_newpanamax
23.0;175.0;10.25;0.0;2.0;17;50;SAT;5;25;False;False;False;35000;72.19;1.69;0.75;JAN;1;TIPLAM - GSM - I;42;HANDYSIZE;GSM - I;358;D2030_215_newpanamax
23.0;185.0;0.0;10.75;1.0;19;52;SAT;5;25;False;False;False;35000;29.94;3.65;0.75;JAN;1;TRANSPETRO;43;MRMEDIUMRANGE;GL;359;D2030_215_newpanamax
23.0;155.0;10.25;0.0;2.0;17;50;SAT;5;25;False;False;False;18000;42.57;14.77;0.75;JAN;1;ULTRACARGO;45;GPGENERALPURPOSE;GL;360;D2030_215_newpanamax
23.0;185.0;11.25;0.0;2.0;17;50;SAT;5;25;False;False;False;35000;57.11;9.04;0.75;JAN;1;ULTRACARGO;45;MRMEDIUMRANGE;GL;361;D2030_215_newpanamax
50.0;305.0;8.5;8.5;3.0;5;42;0;5;25;False;True;False;0;10.67;0.0;0.75;0;1;Concais;6;PASSAGEIROS;PASSAGEIROS;362;D2030_215_newpanamax
52.0;331.43;8.7;8.7;3.0;6;18;0;5;25;False;True;False;0;10.33;0.0;0.75;0;1;Concais;6;PASSAGEIROS;PASSAGEIROS;363;D2030_215_newpanamax
17.0;82.3;4.5;4.7;1.0;11;35;0;5;25;False;False;False;0;122.08;0.08;0.75;0;1;TUP - Saipem;8;HANDYSIZE;CGNC;364;D2030_215_newpanamax
18.0;85.34;4.8;4.8;1.0;19;40;0;5;25;False;False;False;0;4.08;0.08;0.75;0;1;TUP - Saipem;8;HANDYSIZE;CGNC;365;D2030_215_newpanamax
23.0;225.0;0.0;13.75;1.0;21;55;SUN;6;26;False;False;False;70000;51.12;1.68;0.75;JAN;1;RUMO - GSA - E;4;PANAMAX;GSA - E;366;D2030_215_newpanamax
23.0;175.0;10.75;0.0;2.0;19;56;SUN;6;26;False;False;False;35000;50.86;4.81;0.75;JAN;1;RUMO - GSM - I;5;HANDYSIZE;GSM - I;367;D2030_215_newpanamax
23.0;135.0;7.75;7.75;3.0;23;42;SUN;6;26;False;False;False;500;20.71;3.8;0.75;JAN;1;BTP;13;FEEDER/EARLY;CGC;368;D2030_215_newpanamax
23.0;275.0;14.25;14.25;3.0;23;42;SUN;6;26;False;False;False;3000;14.7;3.53;0.75;JAN;1;BTP;13;PANAMAX;CGC;369;D2030_215_newpanamax
23.0;295.0;14.25;14.25;3.0;22;42;SUN;6;26;False;False;False;4000;20.66;2.52;0.75;JAN;1;BTP;13;POST-PANAMAXI;CGC;370;D2030_215_newpanamax
23.0;295.0;14.25;14.25;3.0;22;45;SUN;6;26;False;False;False;4000;20.66;2.17;0.75;JAN;1;BTP;13;POST-PANAMAXI;CGC;371;D2030_215_newpanamax
23.0;135.0;8.25;8.25;3.0;23;53;SUN;6;26;False;False;False;500;12.93;2.2;0.75;JAN;1;DPW - CGC;21;FEEDER/EARLY;CGC;372;D2030_215_newpanamax
23.0;205.0;11.25;11.25;3.0;20;54;SUN;6;26;False;False;False;1000;13.38;1.15;0.75;JAN;1;DPW - CGC;21;FULLYCELLULAR;CGC;373;D2030_215_newpanamax
23.0;265.0;12.75;12.75;3.0;20;54;SUN;6;26;False;False;False;3000;17.86;1.98;0.75;JAN;1;DPW - CGC;21;PANAMAX;CGC;374;D2030_215_newpanamax
23.0;275.0;14.25;14.25;3.0;23;37;SUN;6;26;False;False;False;3000;17.86;1.39;0.75;JAN;1;DPW - CGC;21;PANAMAX;CGC;375;D2030_215_newpanamax
43.0;339.0;14.0;14.0;3.0;23;53;SUN;6;26;False;False;False;6000;27.82;2.53;0.75;JAN;1;DPW - CGC;21;POST-PANAMAXII;CGC;376;D2030_215_newpanamax
23.0;215.0;11.25;11.25;3.0;21;56;SUN;6;26;False;False;False;1000;16.8;1.02;0.75;JAN;1;SANTOSBR;31;FULLYCELLULAR;CGC;377;D2030_215_newpanamax
23.0;275.0;12.75;12.75;3.0;21;56;SUN;6;26;False;False;False;3000;15.61;2.14;0.75;JAN;1;SANTOSBR;31;PANAMAX;CGC;378;D2030_215_newpanamax
23.0;225.0;14.25;0.0;2.0;19;53;SUN;6;26;False;False;False;70000;111.09;8.77;0.75;JAN;1;TERMAG;35;PANAMAX;GSM - I;379;D2030_215_newpanamax
23.0;225.0;0.0;14.25;1.0;23;36;SUN;6;26;False;False;False;70000;39.92;3.81;0.75;JAN;1;TGG;38;PANAMAX;GSA - E;380;D2030_215_newpanamax
44.0;289.59;8.3;8.3;3.0;6;30;0;6;26;False;True;False;0;10.62;0.0;0.75;0;1;Concais;6;PASSAGEIROS;PASSAGEIROS;381;D2030_215_newpanamax
44.0;323.0;8.5;8.7;3.0;7;30;0;6;26;False;True;False;0;3.58;0.0;0.75;0;1;Concais;6;PASSAGEIROS;PASSAGEIROS;382;D2030_215_newpanamax
32.0;216.0;7.1;7.1;3.0;7;30;0;6;26;False;True;False;0;8.58;0.0;0.75;0;1;Concais;6;PASSAGEIROS;PASSAGEIROS;383;D2030_215_newpanamax
23.0;155.0;0.0;6.75;1.0;0;1;MON;0;27;False;False;False;18000;45.88;1.21;0.75;JAN;1;AGEO_TERMINAIS;11;GPGENERALPURPOSE;GL;384;D2030_215_newpanamax
23.0;275.0;9.75;9.75;3.0;1;2;MON;0;27;False;False;False;3000;14.7;1.66;0.75;JAN;1;BTP;13;PANAMAX;CGC;385;D2030_215_newpanamax
23.0;185.0;8.25;0.0;2.0;4;7;MON;0;27;False;False;False;35000;31.91;4.1;0.75;JAN;1;DOW;20;MRMEDIUMRANGE;GL;386;D2030_215_newpanamax
23.0;295.0;10.25;10.25;3.0;2;4;MON;0;27;False;False;False;4000;21.93;1.12;0.75;JAN;1;DPW - CGC;21;POST-PANAMAXI;CGC;387;D2030_215_newpanamax
23.0;185.0;8.75;8.75;3.0;2;6;MON;0;27;False;False;False;1000;16.8;2.3;0.75;JAN;1;SANTOSBR;31;FULLYCELLULAR;CGC;388;D2030_215_newpanamax
23.0;255.0;8.75;8.75;3.0;0;0;MON;0;27;False;False;False;3000;15.61;2.33;0.75;JAN;1;SANTOSBR;31;PANAMAX;CGC;389;D2030_215_newpanamax
23.0;295.0;9.25;9.25;3.0;0;0;MON;0;27;False;False;False;4000;21.3;4.04;0.75;JAN;1;SANTOSBR;31;POST-PANAMAXI;CGC;390;D2030_215_newpanamax
43.0;339.0;14.0;14.0;3.0;0;0;MON;0;27;False;False;False;6000;25.92;3.55;0.75;JAN;1;SANTOSBR;31;POST-PANAMAXII;CGC;391;D2030_215_newpanamax
23.0;185.0;10.25;0.0;2.0;0;4;MON;0;27;False;False;False;45000;89.37;16.36;0.75;JAN;1;TERMAG;35;HANDYMAX;GSM - I;392;D2030_215_newpanamax
23.0;195.0;8.25;8.25;3.0;3;9;MON;0;27;False;False;True;1500;20.97;5.93;0.75;JAN;1;TEV;37;CARGARO-RO;RORO;393;D2030_215_newpanamax
23.0;185.0;0.0;8.25;1.0;1;4;MON;0;27;False;False;False;35000;29.94;4.07;0.75;JAN;1;TRANSPETRO;43;MRMEDIUMRANGE;GL;394;D2030_215_newpanamax
23.0;285.0;0.0;10.75;1.0;8;9;MON;0;27;True;False;False;76500;53.08;0.0;0.75;JAN;1;TRSP;44;LNGCARRIER;GL;395;D2030_215_newpanamax
23.0;195.0;9.25;9.25;3.0;6;18;TUE;1;28;False;False;False;1000;16.8;1.46;0.75;JAN;1;TECON10;3;FULLYCELLULAR;CGC;396;D2030_215_newpanamax
23.0;225.0;0.0;12.75;1.0;6;10;TUE;1;28;False;False;False;70000;51.12;2.61;0.75;JAN;1;ADM;9;PANAMAX;GSA - E;397;D2030_215_newpanamax
23.0;155.0;0.0;7.75;1.0;5;12;TUE;1;28;False;False;False;18000;45.88;0.62;0.75;JAN;1;AGEO_TERMINAIS;11;GPGENERALPURPOSE;GL;398;D2030_215_newpanamax
23.0;185.0;0.0;8.75;1.0;5;12;TUE;1;28;False;False;False;35000;64.43;0.59;0.75;JAN;1;AGEO_TERMINAIS;11;MRMEDIUMRANGE;GL;399;D2030_215_newpanamax
23.0;305.0;10.75;10.75;3.0;3;9;TUE;1;28;False;False;False;4000;20.66;2.55;0.75;JAN;1;BTP;13;POST-PANAMAXI;CGC;400;D2030_215_newpanamax
23.0;225.0;0.0;13.25;1.0;7;19;TUE;1;28;False;False;False;70000;54.03;0.18;0.75;JAN;1;CUTRALE - GSA - E;19;PANAMAX;GSA - E;401;D2030_215_newpanamax
23.0;195.0;9.25;9.25;3.0;6;15;TUE;1;28;False;False;False;1000;13.38;1.29;0.75;JAN;1;DPW - CGC;21;FULLYCELLULAR;CGC;402;D2030_215_newpanamax
23.0;275.0;10.25;10.25;3.0;6;15;TUE;1;28;False;False;False;3000;17.86;2.12;0.75;JAN;1;DPW - CGC;21;PANAMAX;CGC;403;D2030_215_newpanamax
23.0;275.0;9.75;9.75;3.0;4;10;TUE;1;28;False;False;False;3000;17.86;0.7;0.75;JAN;1;DPW - CGC;21;PANAMAX;CGC;404;D2030_215_newpanamax
43.0;339.0;14.0;14.0;3.0;4;8;TUE;1;28;False;False;False;6000;27.82;1.62;0.75;JAN;1;DPW - CGC;21;POST-PANAMAXII;CGC;405;D2030_215_newpanamax
36.0;225.0;0.0;11.7;1.0;6;17;TUE;1;28;False;False;False;55000;36.9;1.0;0.75;JAN;1;ELDORADO;23;NAVIOCARGAGERAL;CGNC;406;D2030_215_newpanamax
23.0;195.0;9.25;9.25;3.0;6;17;TUE;1;28;False;False;False;1000;16.8;1.44;0.75;JAN;1;SANTOSBR;31;FULLYCELLULAR;CGC;407;D2030_215_newpanamax
23.0;265.0;10.25;10.25;3.0;6;17;TUE;1;28;False;False;False;3000;15.61;4.73;0.75;JAN;1;SANTOSBR;31;PANAMAX;CGC;408;D2030_215_newpanamax
23.0;305.0;11.25;11.25;3.0;5;14;TUE;1;28;False;False;False;4000;21.3;2.45;0.75;JAN;1;SANTOSBR;31;POST-PANAMAXI;CGC;409;D2030_215_newpanamax
43.0;339.0;14.0;14.0;3.0;5;12;TUE;1;28;False;False;False;6000;25.92;4.25;0.75;JAN;1;SANTOSBR;31;POST-PANAMAXII;CGC;410;D2030_215_newpanamax
23.0;235.0;8.25;8.25;3.0;5;14;TUE;1;28;False;False;True;5000;19.52;3.59;0.75;JAN;1;TEV;37;LARGEPCTC;RORO;411;D2030_215_newpanamax
23.0;225.0;7.75;0.0;2.0;4;10;TUE;1;28;False;False;False;70000;104.45;2.78;0.75;JAN;1;TIPLAM - GSM - I;42;PANAMAX;GSM - I;412;D2030_215_newpanamax
23.0;185.0;0.0;8.75;1.0;5;11;TUE;1;28;False;False;False;35000;29.94;4.56;0.75;JAN;1;TRANSPETRO;43;MRMEDIUMRANGE;GL;413;D2030_215_newpanamax
23.0;245.0;12.25;12.25;3.0;6;18;WED;2;29;False;False;False;3000;14.7;2.78;0.75;JAN;1;BTP;13;PANAMAX;CGC;414;D2030_215_newpanamax
23.0;215.0;9.75;9.75;3.0;11;29;WED;2;29;False;False;False;1000;13.38;1.53;0.75;JAN;1;DPW - CGC;21;FULLYCELLULAR;CGC;415;D2030_215_newpanamax
23.0;255.0;10.75;10.75;3.0;9;25;WED;2;29;False;False;False;3000;17.86;1.39;0.75;JAN;1;DPW - CGC;21;PANAMAX;CGC;416;D2030_215_newpanamax
36.0;225.0;0.0;11.7;1.0;8;22;WED;2;29;False;False;False;55000;36.9;3.28;0.75;JAN;1;ELDORADO;23;NAVIOCARGAGERAL;CGNC;417;D2030_215_newpanamax
23.0;185.0;9.75;9.75;3.0;10;25;WED;2;29;False;False;False;1000;16.8;2.23;0.75;JAN;1;SANTOSBR;31;FULLYCELLULAR;CGC;418;D2030_215_newpanamax
23.0;295.0;12.25;12.25;3.0;9;24;WED;2;29;False;False;False;4000;21.3;4.48;0.75;JAN;1;SANTOSBR;31;POST-PANAMAXI;CGC;419;D2030_215_newpanamax
23.0;195.0;8.75;8.75;3.0;9;27;WED;2;29;False;False;True;1500;20.97;1.78;0.75;JAN;1;TEV;37;CARGARO-RO;RORO;420;D2030_215_newpanamax
19.0;88.8;5.3;5.2;1.0;20;55;0;2;29;False;False;False;0;43.58;0.08;0.75;0;1;TUP - Saipem;8;HANDYSIZE;CGNC;421;D2030_215_newpanamax
23.0;175.0;10.25;0.0;2.0;13;33;THU;3;30;False;False;False;35000;57.11;2.41;0.75;JAN;1;STS;2;MRMEDIUMRANGE;GL;422;D2030_215_newpanamax
23.0;155.0;9.75;0.0;2.0;11;34;THU;3;30;False;False;False;18000;32.32;0.57;0.75;JAN;1;ADONAI;10;GPGENERALPURPOSE;GL;423;D2030_215_newpanamax
23.0;275.0;12.75;12.75;3.0;10;30;THU;3;30;False;False;False;3000;14.7;1.98;0.75;JAN;1;BTP;13;PANAMAX;CGC;424;D2030_215_newpanamax
43.0;339.0;14.0;14.0;3.0;10;30;THU;3;30;False;False;False;6000;23.63;4.02;0.75;JAN;1;BTP;13;POST-PANAMAXII;CGC;425;D2030_215_newpanamax
23.0;185.0;10.25;10.25;3.0;12;34;THU;3;30;False;False;False;1000;13.38;1.54;0.75;JAN;1;DPW - CGC;21;FULLYCELLULAR;CGC;426;D2030_215_newpanamax
23.0;265.0;11.25;11.25;3.0;12;35;THU;3;30;False;False;False;3000;17.86;1.19;0.75;JAN;1;DPW - CGC;21;PANAMAX;CGC;427;D2030_215_newpanamax
23.0;135.0;7.25;7.25;3.0;13;36;THU;3;30;False;False;False;500;7.08;7.58;0.75;JAN;1;SANTOSBR;31;FEEDER/EARLY;CGC;428;D2030_215_newpanamax
23.0;195.0;9.75;9.75;3.0;12;32;THU;3;30;False;False;False;1000;16.8;1.84;0.75;JAN;1;SANTOSBR;31;FULLYCELLULAR;CGC;429;D2030_215_newpanamax
23.0;265.0;11.25;11.25;3.0;12;32;THU;3;30;False;False;False;3000;15.61;2.54;0.75;JAN;1;SANTOSBR;31;PANAMAX;CGC;430;D2030_215_newpanamax
23.0;295.0;12.75;12.75;3.0;13;36;THU;3;30;False;False;False;4000;21.3;2.0;0.75;JAN;1;SANTOSBR;31;POST-PANAMAXI;CGC;431;D2030_215_newpanamax
23.0;295.0;12.25;12.25;3.0;12;32;THU;3;30;False;False;False;4000;21.3;1.28;0.75;JAN;1;SANTOSBR;31;POST-PANAMAXI;CGC;432;D2030_215_newpanamax
43.0;339.0;14.0;14.0;3.0;12;32;THU;3;30;False;False;False;6000;25.92;4.5;0.75;JAN;1;SANTOSBR;31;POST-PANAMAXII;CGC;433;D2030_215_newpanamax
23.0;225.0;0.0;13.25;1.0;12;33;THU;3;30;False;False;False;70000;61.75;1.91;0.75;JAN;1;TGRAO;39;PANAMAX;GSA - E;434;D2030_215_newpanamax
23.0;225.0;10.25;0.0;2.0;12;33;THU;3;30;False;False;False;70000;104.45;3.21;0.75;JAN;1;TIPLAM - GSM - I;42;PANAMAX;GSM - I;435;D2030_215_newpanamax
23.0;185.0;0.0;9.75;1.0;14;36;THU;3;30;False;False;False;35000;29.94;9.21;0.75;JAN;1;TRANSPETRO;43;MRMEDIUMRANGE;GL;436;D2030_215_newpanamax
23.0;225.0;0.0;13.25;1.0;17;42;FRI;4;31;False;False;False;70000;51.12;2.76;0.75;JAN;1;RUMO - GSA - E;4;PANAMAX;GSA - E;437;D2030_215_newpanamax
23.0;295.0;13.25;13.25;3.0;12;35;FRI;4;31;False;False;False;4000;20.66;1.59;0.75;JAN;1;BTP;13;POST-PANAMAXI;CGC;438;D2030_215_newpanamax
23.0;315.0;13.25;13.25;3.0;12;37;FRI;4;31;False;False;False;4000;20.66;2.18;0.75;JAN;1;BTP;13;POST-PANAMAXI;CGC;439;D2030_215_newpanamax
43.0;339.0;14.0;14.0;3.0;11;33;FRI;4;31;False;False;False;6000;23.63;2.17;0.75;JAN;1;BTP;13;POST-PANAMAXII;CGC;440;D2030_215_newpanamax
23.0;215.0;10.25;10.25;3.0;15;41;FRI;4;31;False;False;False;1000;13.38;1.55;0.75;JAN;1;DPW - CGC;21;FULLYCELLULAR;CGC;441;D2030_215_newpanamax
23.0;265.0;11.75;11.75;3.0;17;45;FRI;4;31;False;False;False;3000;17.86;2.28;0.75;JAN;1;DPW - CGC;21;PANAMAX;CGC;442;D2030_215_newpanamax
23.0;265.0;11.75;11.75;3.0;16;44;FRI;4;31;False;False;False;3000;17.86;1.89;0.75;JAN;1;DPW - CGC;21;PANAMAX;CGC;443;D2030_215_newpanamax
43.0;339.0;14.0;14.0;3.0;13;38;FRI;4;31;False;False;False;6000;27.82;1.09;0.75;JAN;1;DPW - CGC;21;POST-PANAMAXII;CGC;444;D2030_215_newpanamax
23.0;275.0;11.75;11.75;3.0;16;42;FRI;4;31;False;False;False;3000;15.61;2.42;0.75;JAN;1;SANTOSBR;31;PANAMAX;CGC;445;D2030_215_newpanamax
23.0;155.0;8.25;0.0;2.0;13;38;FRI;4;31;False;False;False;18000;29.82;4.86;0.75;JAN;1;STOLTHAVEN;32;GPGENERALPURPOSE;GL;446;D2030_215_newpanamax
23.0;185.0;0.0;9.75;1.0;15;37;FRI;4;31;False;False;False;35000;29.94;3.48;0.75;JAN;1;TRANSPETRO;43;MRMEDIUMRANGE;GL;447;D2030_215_newpanamax
23.0;175.0;9.25;0.0;2.0;15;43;FRI;4;31;False;False;False;35000;90.66;60.49;0.75;JAN;1;USIMINAS;46;HANDYSIZE;CGNC;448;D2030_215_newpanamax
32.0;239.3;7.4;7.4;3.0;5;30;0;4;31;False;True;False;0;11.33;0.0;0.75;0;1;Concais;6;PASSAGEIROS;PASSAGEIROS;449;D2030_215_newpanamax
38.0;333.33;8.55;8.7;3.0;6;30;0;4;31;False;True;False;0;11.25;0.0;0.75;0;1;Concais;6;PASSAGEIROS;PASSAGEIROS;450;D2030_215_newpanamax
36.0;225.0;0.0;13.0;1.0;14;42;SAT;5;1;False;False;False;55000;99.0;6.05;0.75;FEB;2;ARAUCO;1;NAVIOCARGAGERAL;CGNC;451;D2030_215_newpanamax
23.0;225.0;0.0;13.25;1.0;19;48;SAT;5;1;False;False;False;70000;51.12;3.22;0.75;FEB;2;ADM;9;PANAMAX;GSA - E;452;D2030_215_newpanamax
23.0;295.0;14.25;14.25;3.0;18;50;SAT;5;1;False;False;False;4000;20.66;5.75;0.75;FEB;2;BTP;13;POST-PANAMAXI;CGC;453;D2030_215_newpanamax
23.0;295.0;14.25;14.25;3.0;18;50;SAT;5;1;False;False;False;4000;20.66;1.25;0.75;FEB;2;BTP;13;POST-PANAMAXI;CGC;454;D2030_215_newpanamax
23.0;275.0;12.25;12.25;3.0;18;51;SAT;5;1;False;False;False;3000;17.86;2.84;0.75;FEB;2;DPW - CGC;21;PANAMAX;CGC;455;D2030_215_newpanamax
23.0;265.0;12.75;12.75;3.0;19;53;SAT;5;1;False;False;False;3000;17.86;2.72;0.75;FEB;2;DPW - CGC;21;PANAMAX;CGC;456;D2030_215_newpanamax
36.0;225.0;0.0;13.0;1.0;18;51;SAT;5;1;False;False;False;55000;64.0;2.61;0.75;FEB;2;DPW - CGNC;22;NAVIOCARGAGERAL;CGNC;457;D2030_215_newpanamax
23.0;215.0;10.75;10.75;3.0;17;47;SAT;5;1;False;False;False;1000;16.8;1.66;0.75;FEB;2;SANTOSBR;31;FULLYCELLULAR;CGC;458;D2030_215_newpanamax
23.0;195.0;9.25;9.25;3.0;18;54;SAT;5;1;False;False;True;1500;20.97;1.86;0.75;FEB;2;TEV;37;CARGARO-RO;RORO;459;D2030_215_newpanamax
23.0;225.0;0.0;13.75;1.0;15;48;SAT;5;1;False;False;False;70000;39.92;2.88;0.75;FEB;2;TGG;38;PANAMAX;GSA - E;460;D2030_215_newpanamax
23.0;245.0;0.0;11.75;1.0;16;51;SAT;5;1;False;False;False;85000;97.87;2.74;0.75;FEB;2;TGG;38;POST-PANAMAX;GSA - E;461;D2030_215_newpanamax
50.0;305.0;8.5;8.5;3.0;5;45;0;5;1;False;True;False;0;10.5;0.0;0.75;0;2;Concais;6;PASSAGEIROS;PASSAGEIROS;462;D2030_215_newpanamax
52.0;331.43;8.5;8.5;3.0;6;18;0;5;1;False;True;False;0;10.25;0.0;0.75;0;2;Concais;6;PASSAGEIROS;PASSAGEIROS;463;D2030_215_newpanamax
23.0;225.0;0.0;13.75;1.0;21;56;SUN;6;2;False;False;False;70000;51.12;3.35;0.75;FEB;2;RUMO - GSA - E;4;PANAMAX;GSA - E;464;D2030_215_newpanamax
23.0;185.0;12.2;0.0;2.0;22;33;SUN;6;2;False;False;False;35000;64.43;0.88;0.75;FEB;2;AGEO_TERMINAIS;11;MRMEDIUMRANGE;GL;465;D2030_215_newpanamax
23.0;275.0;14.25;14.25;3.0;21;58;SUN;6;2;False;False;False;3000;14.7;2.01;0.75;FEB;2;BTP;13;PANAMAX;CGC;466;D2030_215_newpanamax
23.0;295.0;14.25;14.25;3.0;20;55;SUN;6;2;False;False;False;4000;20.66;1.18;0.75;FEB;2;BTP;13;POST-PANAMAXI;CGC;467;D2030_215_newpanamax
23.0;225.0;0.0;13.75;1.0;22;0;SUN;6;2;False;False;False;70000;54.03;0.64;0.75;FEB;2;CUTRALE - GSA - E;19;PANAMAX;GSA - E;468;D2030_215_newpanamax
23.0;205.0;11.75;11.75;3.0;23;3;SUN;6;2;False;False;False;1000;13.38;2.38;0.75;FEB;2;DPW - CGC;21;FULLYCELLULAR;CGC;469;D2030_215_newpanamax
23.0;255.0;14.25;14.25;3.0;23;3;SUN;6;2;False;False;False;3000;17.86;1.64;0.75;FEB;2;DPW - CGC;21;PANAMAX;CGC;470;D2030_215_newpanamax
23.0;275.0;12.75;12.75;3.0;20;56;SUN;6;2;False;False;False;3000;17.86;4.23;0.75;FEB;2;DPW - CGC;21;PANAMAX;CGC;471;D2030_215_newpanamax
23.0;325.0;14.25;14.25;3.0;23;3;SUN;6;2;False;False;False;4000;21.93;1.16;0.75;FEB;2;DPW - CGC;21;POST-PANAMAXI;CGC;472;D2030_215_newpanamax
23.0;295.0;14.25;14.25;3.0;20;56;SUN;6;2;False;False;False;4000;21.93;1.45;0.75;FEB;2;DPW - CGC;21;POST-PANAMAXI;CGC;473;D2030_215_newpanamax
36.0;225.0;0.0;13.0;1.0;20;55;SUN;6;2;False;False;False;55000;64.0;2.59;0.75;FEB;2;DPW - CGNC;22;NAVIOCARGAGERAL;CGNC;474;D2030_215_newpanamax
23.0;205.0;11.75;11.75;3.0;22;58;SUN;6;2;False;False;False;1000;16.8;2.01;0.75;FEB;2;SANTOSBR;31;FULLYCELLULAR;CGC;475;D2030_215_newpanamax
23.0;275.0;13.25;13.25;3.0;22;58;SUN;6;2;False;False;False;3000;15.61;1.12;0.75;FEB;2;SANTOSBR;31;PANAMAX;CGC;476;D2030_215_newpanamax
23.0;165.0;9.25;0.0;2.0;23;14;SUN;6;2;False;False;False;18000;29.82;4.63;0.75;FEB;2;STOLTHAVEN;32;GPGENERALPURPOSE;GL;477;D2030_215_newpanamax
23.0;225.0;0.0;13.25;1.0;20;53;SUN;6;2;False;False;False;70000;78.07;0.45;0.75;FEB;2;TEG;34;PANAMAX;GSA - E;478;D2030_215_newpanamax
23.0;195.0;9.75;9.75;3.0;20;58;SUN;6;2;False;False;True;1500;20.97;0.35;0.75;FEB;2;TEV;37;CARGARO-RO;RORO;479;D2030_215_newpanamax
23.0;195.0;11.25;0.0;2.0;20;56;SUN;6;2;False;False;False;45000;85.0;1.57;0.75;FEB;2;TIPLAM - GSM - I;42;HANDYMAX;GSM - I;480;D2030_215_newpanamax
44.0;323.0;8.55;8.6;3.0;6;0;0;6;2;False;True;False;0;10.75;0.0;0.75;0;2;Concais;6;PASSAGEIROS;PASSAGEIROS;481;D2030_215_newpanamax
44.0;289.59;8.3;8.3;3.0;6;30;0;6;2;False;True;False;0;10.58;0.0;0.75;0;2;Concais;6;PASSAGEIROS;PASSAGEIROS;482;D2030_215_newpanamax
23.0;255.0;9.25;9.25;3.0;1;3;MON;0;3;False;False;False;3000;15.61;1.67;0.75;FEB;2;TECON10;3;PANAMAX;CGC;483;D2030_215_newpanamax
23.0;225.0;0.0;12.25;1.0;0;2;MON;0;3;False;False;False;70000;51.12;1.53;0.75;FEB;2;RUMO - GSA - E;4;PANAMAX;GSA - E;484;D2030_215_newpanamax
23.0;155.0;0.0;6.75;1.0;1;2;MON;0;3;False;False;False;18000;45.88;0.24;0.75;FEB;2;AGEO_TERMINAIS;11;GPGENERALPURPOSE;GL;485;D2030_215_newpanamax
36.0;225.0;0.0;13.0;1.0;1;3;MON;0;3;False;False;False;55000;99.66;0.38;0.75;FEB;2;BRACELL;12;NAVIOCARGAGERAL;CGNC;486;D2030_215_newpanamax
43.0;339.0;14.0;14.0;3.0;1;3;MON;0;3;False;False;False;6000;23.63;2.19;0.75;FEB;2;BTP;13;POST-PANAMAXII;CGC;487;D2030_215_newpanamax
23.0;195.0;7.25;7.25;3.0;2;4;MON;0;3;False;False;False;1000;13.38;1.27;0.75;FEB;2;DPW - CGC;21;FULLYCELLULAR;CGC;488;D2030_215_newpanamax
23.0;265.0;9.25;9.25;3.0;1;3;MON;0;3;False;False;False;3000;17.86;1.77;0.75;FEB;2;DPW - CGC;21;PANAMAX;CGC;489;D2030_215_newpanamax
23.0;255.0;9.75;9.75;3.0;3;6;MON;0;3;False;False;False;3000;17.86;2.97;0.75;FEB;2;DPW - CGC;21;PANAMAX;CGC;490;D2030_215_newpanamax
23.0;325.0;9.75;9.75;3.0;1;2;MON;0;3;False;False;False;4000;21.93;1.9;0.75;FEB;2;DPW - CGC;21;POST-PANAMAXI;CGC;491;D2030_215_newpanamax
36.0;225.0;0.0;11.7;1.0;6;0;MON;0;3;False;False;False;55000;200.0;9.25;0.75;FEB;2;NST - CGNC;29;NAVIOCARGAGERAL;CGNC;492;D2030_215_newpanamax
23.0;185.0;8.75;8.75;3.0;2;5;MON;0;3;False;False;False;1000;16.8;1.45;0.75;FEB;2;SANTOSBR;31;FULLYCELLULAR;CGC;493;D2030_215_newpanamax
23.0;245.0;9.75;9.75;3.0;2;5;MON;0;3;False;False;False;3000;15.61;1.7;0.75;FEB;2;SANTOSBR;31;PANAMAX;CGC;494;D2030_215_newpanamax
23.0;295.0;10.75;10.75;3.0;3;7;MON;0;3;False;False;False;4000;21.3;2.11;0.75;FEB;2;SANTOSBR;31;POST-PANAMAXI;CGC;495;D2030_215_newpanamax
43.0;339.0;14.0;14.0;3.0;3;7;MON;0;3;False;False;False;6000;25.92;1.98;0.75;FEB;2;SANTOSBR;31;POST-PANAMAXII;CGC;496;D2030_215_newpanamax
23.0;225.0;0.0;10.75;1.0;0;0;MON;0;3;False;False;False;70000;78.07;1.65;0.75;FEB;2;TEG;34;PANAMAX;GSA - E;497;D2030_215_newpanamax
23.0;195.0;8.25;8.25;3.0;2;8;MON;0;3;False;False;True;1500;20.97;1.56;0.75;FEB;2;TEV;37;CARGARO-RO;RORO;498;D2030_215_newpanamax
23.0;225.0;0.0;12.75;1.0;0;3;MON;0;3;False;False;False;70000;39.92;1.18;0.75;FEB;2;TGG;38;PANAMAX;GSA - E;499;D2030_215_newpanamax
23.0;175.0;0.0;8.25;1.0;0;2;MON;0;3;False;False;False;35000;29.94;13.96;0.75;FEB;2;TRANSPETRO;43;MRMEDIUMRANGE;GL;500;D2030_215_newpanamax
29.0;274.9;6.7;6.7;3.0;6;30;0;0;3;False;True;False;0;10.25;0.0;0.75;0;2;Concais;6;PASSAGEIROS;PASSAGEIROS;501;D2030_215_newpanamax
23.0;245.0;10.25;10.25;3.0;4;11;TUE;1;4;False;False;False;3000;15.61;1.77;0.75;FEB;2;TECON10;3;PANAMAX;CGC;502;D2030_215_newpanamax
23.0;245.0;11.25;11.25;3.0;3;10;TUE;1;4;False;False;False;3000;14.7;3.24;0.75;FEB;2;BTP;13;PANAMAX;CGC;503;D2030_215_newpanamax
23.0;325.0;10.75;10.75;3.0;3;10;TUE;1;4;False;False;False;4000;20.66;2.99;0.75;FEB;2;BTP;13;POST-PANAMAXI;CGC;504;D2030_215_newpanamax
23.0;295.0;11.25;11.25;3.0;3;10;TUE;1;4;False;False;False;4000;20.66;3.78;0.75;FEB;2;BTP;13;POST-PANAMAXI;CGC;505;D2030_215_newpanamax
23.0;175.0;0.0;9.75;1.0;8;14;TUE;1;4;False;False;False;35000;57.8;3.84;0.75;FEB;2;CUTRALE - GL;18;MRMEDIUMRANGE;GL;506;D2030_215_newpanamax
36.0;225.0;0.0;13.0;1.0;6;14;TUE;1;4;False;False;False;55000;64.0;2.22;0.75;FEB;2;DPW - CGNC;22;NAVIOCARGAGERAL;CGNC;507;D2030_215_newpanamax
23.0;185.0;9.25;9.25;3.0;5;15;TUE;1;4;False;False;False;1000;16.8;2.61;0.75;FEB;2;SANTOSBR;31;FULLYCELLULAR;CGC;508;D2030_215_newpanamax
23.0;255.0;10.25;10.25;3.0;5;12;TUE;1;4;False;False;False;3000;15.61;2.24;0.75;FEB;2;SANTOSBR;31;PANAMAX;CGC;509;D2030_215_newpanamax
23.0;185.0;0.0;8.75;1.0;3;10;TUE;1;4;False;False;False;35000;59.07;7.65;0.75;FEB;2;STOLTHAVEN;32;MRMEDIUMRANGE;GL;510;D2030_215_newpanamax
23.0;225.0;0.0;13.25;1.0;4;8;TUE;1;4;False;False;False;70000;39.92;1.88;0.75;FEB;2;TGG;38;PANAMAX;GSA - E;511;D2030_215_newpanamax
23.0;245.0;0.0;9.75;1.0;7;15;TUE;1;4;False;False;False;60000;48.22;2.15;0.75;FEB;2;TRANSPETRO;43;LR1LONGRANGE1;GL;512;D2030_215_newpanamax
23.0;185.0;0.0;8.75;1.0;5;11;TUE;1;4;False;False;False;35000;29.94;2.56;0.75;FEB;2;TRANSPETRO;43;MRMEDIUMRANGE;GL;513;D2030_215_newpanamax
23.0;185.0;0.0;8.75;1.0;4;9;TUE;1;4;False;False;False;35000;29.94;0.44;0.75;FEB;2;TRANSPETRO;43;MRMEDIUMRANGE;GL;514;D2030_215_newpanamax
19.0;88.8;5.1;5.0;1.0;8;30;0;1;4;False;False;False;0;40.67;0.08;0.75;0;2;TUP - Saipem;8;HANDYSIZE;CGNC;515;D2030_215_newpanamax
23.0;185.0;10.25;0.0;2.0;2;10;WED;2;5;False;False;False;45000;89.37;5.8;0.75;FEB;2;RUMO - GSM - I;5;HANDYMAX;GSM - I;516;D2030_215_newpanamax
23.0;295.0;12.25;12.25;3.0;7;22;WED;2;5;False;False;False;4000;20.66;4.5;0.75;FEB;2;BTP;13;POST-PANAMAXI;CGC;517;D2030_215_newpanamax
43.0;339.0;14.0;14.0;3.0;6;18;WED;2;5;False;False;False;6000;23.63;1.88;0.75;FEB;2;BTP;13;POST-PANAMAXII;CGC;518;D2030_215_newpanamax
23.0;185.0;9.75;9.75;3.0;8;20;WED;2;5;False;False;False;1000;13.38;1.95;0.75;FEB;2;DPW - CGC;21;FULLYCELLULAR;CGC;519;D2030_215_newpanamax
23.0;215.0;9.75;9.75;3.0;10;28;WED;2;5;False;False;False;1000;13.38;1.99;0.75;FEB;2;DPW - CGC;21;FULLYCELLULAR;CGC;520;D2030_215_newpanamax
23.0;275.0;10.75;10.75;3.0;10;27;WED;2;5;False;False;False;3000;17.86;2.59;0.75;FEB;2;DPW - CGC;21;PANAMAX;CGC;521;D2030_215_newpanamax
23.0;265.0;10.75;10.75;3.0;10;26;WED;2;5;False;False;False;3000;17.86;4.56;0.75;FEB;2;DPW - CGC;21;PANAMAX;CGC;522;D2030_215_newpanamax
23.0;295.0;12.25;12.25;3.0;10;27;WED;2;5;False;False;False;4000;21.93;1.6;0.75;FEB;2;DPW - CGC;21;POST-PANAMAXI;CGC;523;D2030_215_newpanamax
43.0;339.0;14.0;14.0;3.0;8;20;WED;2;5;False;False;False;6000;27.82;3.34;0.75;FEB;2;DPW - CGC;21;POST-PANAMAXII;CGC;524;D2030_215_newpanamax
36.0;225.0;0.0;11.7;1.0;8;25;WED;2;5;False;False;False;55000;36.9;0.2;0.75;FEB;2;ELDORADO;23;NAVIOCARGAGERAL;CGNC;525;D2030_215_newpanamax
23.0;135.0;6.75;6.75;3.0;7;21;WED;2;5;False;False;False;500;7.08;1.18;0.75;FEB;2;SANTOSBR;31;FEEDER/EARLY;CGC;526;D2030_215_newpanamax
23.0;295.0;12.25;12.25;3.0;7;21;WED;2;5;False;False;False;4000;21.3;1.6;0.75;FEB;2;SANTOSBR;31;POST-PANAMAXI;CGC;527;D2030_215_newpanamax
23.0;225.0;0.0;13.25;1.0;7;18;WED;2;5;False;False;False;70000;78.07;4.69;0.75;FEB;2;TEG;34;PANAMAX;GSA - E;528;D2030_215_newpanamax
23.0;195.0;8.75;8.75;3.0;9;29;WED;2;5;False;False;True;1500;20.97;1.03;0.75;FEB;2;TEV;37;CARGARO-RO;RORO;529;D2030_215_newpanamax
23.0;225.0;9.25;0.0;2.0;9;26;WED;2;5;False;False;False;70000;104.45;1.8;0.75;FEB;2;TIPLAM - GSM - I;42;PANAMAX;GSM - I;530;D2030_215_newpanamax
23.0;255.0;11.25;11.25;3.0;11;29;THU;3;6;False;False;False;3000;15.61;1.33;0.75;FEB;2;TECON10;3;PANAMAX;CGC;531;D2030_215_newpanamax
23.0;155.0;9.75;0.0;2.0;12;36;THU;3;6;False;False;False;18000;32.32;13.84;0.75;FEB;2;ADONAI;10;GPGENERALPURPOSE;GL;532;D2030_215_newpanamax
23.0;155.0;9.25;0.0;2.0;13;36;THU;3;6;False;False;False;18000;45.88;0.83;0.75;FEB;2;AGEO_TERMINAIS;11;GPGENERALPURPOSE;GL;533;D2030_215_newpanamax
23.0;185.0;10.25;0.0;2.0;13;36;THU;3;6;False;False;False;35000;64.43;0.5;0.75;FEB;2;AGEO_TERMINAIS;11;MRMEDIUMRANGE;GL;534;D2030_215_newpanamax
23.0;275.0;12.75;12.75;3.0;10;30;THU;3;6;False;False;False;3000;14.7;1.26;0.75;FEB;2;BTP;13;PANAMAX;CGC;535;D2030_215_newpanamax
23.0;125.0;7.25;7.25;3.0;12;34;THU;3;6;False;False;False;500;12.93;1.53;0.75;FEB;2;DPW - CGC;21;FEEDER/EARLY;CGC;536;D2030_215_newpanamax
23.0;185.0;10.25;10.25;3.0;12;34;THU;3;6;False;False;False;1000;13.38;1.1;0.75;FEB;2;DPW - CGC;21;FULLYCELLULAR;CGC;537;D2030_215_newpanamax
23.0;295.0;12.75;12.75;3.0;12;34;THU;3;6;False;False;False;4000;21.93;1.91;0.75;FEB;2;DPW - CGC;21;POST-PANAMAXI;CGC;538;D2030_215_newpanamax
23.0;215.0;9.75;9.75;3.0;12;34;THU;3;6;False;False;False;1000;16.8;0.82;0.75;FEB;2;SANTOSBR;31;FULLYCELLULAR;CGC;539;D2030_215_newpanamax
23.0;235.0;11.75;11.75;3.0;13;36;THU;3;6;False;False;False;3000;15.61;4.31;0.75;FEB;2;SANTOSBR;31;PANAMAX;CGC;540;D2030_215_newpanamax
43.0;339.0;14.0;14.0;3.0;11;29;THU;3;6;False;False;False;6000;25.92;1.69;0.75;FEB;2;SANTOSBR;31;POST-PANAMAXII;CGC;541;D2030_215_newpanamax
43.0;339.0;14.0;14.0;3.0;12;34;THU;3;6;False;False;False;6000;25.92;3.64;0.75;FEB;2;SANTOSBR;31;POST-PANAMAXII;CGC;542;D2030_215_newpanamax
23.0;225.0;14.25;0.0;2.0;6;26;THU;3;6;False;False;False;70000;111.09;4.87;0.75;FEB;2;TERMAG;35;PANAMAX;GSM - I;543;D2030_215_newpanamax
23.0;225.0;0.0;13.25;1.0;12;33;THU;3;6;False;False;False;70000;61.75;1.44;0.75;FEB;2;TGRAO;39;PANAMAX;GSA - E;544;D2030_215_newpanamax
23.0;155.0;8.75;0.0;2.0;11;28;THU;3;6;False;False;False;18000;42.57;8.23;0.75;FEB;2;ULTRACARGO;45;GPGENERALPURPOSE;GL;545;D2030_215_newpanamax
23.0;175.0;9.25;0.0;2.0;15;41;THU;3;6;False;False;False;35000;90.66;31.08;0.75;FEB;2;USIMINAS;46;HANDYSIZE;CGNC;546;D2030_215_newpanamax
29.0;274.9;6.7;6.7;3.0;7;30;0;3;6;False;True;False;0;9.42;0.0;0.75;0;2;Concais;6;PASSAGEIROS;PASSAGEIROS;547;D2030_215_newpanamax
23.0;225.0;0.0;13.25;1.0;16;38;FRI;4;7;False;False;False;70000;51.12;0.9;0.75;FEB;2;RUMO - GSA - E;4;PANAMAX;GSA - E;548;D2030_215_newpanamax
23.0;155.0;9.25;0.0;2.0;15;41;FRI;4;7;False;False;False;18000;45.88;1.08;0.75;FEB;2;AGEO_TERMINAIS;11;GPGENERALPURPOSE;GL;549;D2030_215_newpanamax
23.0;215.0;9.25;9.25;3.0;12;35;FRI;4;7;False;False;False;1000;13.85;1.19;0.75;FEB;2;BTP;13;FULLYCELLULAR;CGC;550;D2030_215_newpanamax
23.0;295.0;13.25;13.25;3.0;12;35;FRI;4;7;False;False;False;4000;20.66;1.67;0.75;FEB;2;BTP;13;POST-PANAMAXI;CGC;551;D2030_215_newpanamax
23.0;295.0;13.75;13.75;3.0;14;41;FRI;4;7;False;False;False;4000;20.66;3.02;0.75;FEB;2;BTP;13;POST-PANAMAXI;CGC;552;D2030_215_newpanamax
23.0;295.0;12.75;12.75;3.0;11;32;FRI;4;7;False;False;False;4000;20.66;1.67;0.75;FEB;2;BTP;13;POST-PANAMAXI;CGC;553;D2030_215_newpanamax
23.0;225.0;0.0;13.25;1.0;15;47;FRI;4;7;False;False;False;70000;54.03;8.82;0.75;FEB;2;CUTRALE - GSA - E;19;PANAMAX;GSA - E;554;D2030_215_newpanamax
23.0;185.0;10.75;10.75;3.0;16;44;FRI;4;7;False;False;False;1000;16.8;3.09;0.75;FEB;2;SANTOSBR;31;FULLYCELLULAR;CGC;555;D2030_215_newpanamax
23.0;205.0;10.75;10.75;3.0;17;45;FRI;4;7;False;False;False;1000;16.8;4.15;0.75;FEB;2;SANTOSBR;31;FULLYCELLULAR;CGC;556;D2030_215_newpanamax
23.0;255.0;12.25;12.25;3.0;17;46;FRI;4;7;False;False;False;3000;15.61;5.54;0.75;FEB;2;SANTOSBR;31;PANAMAX;CGC;557;D2030_215_newpanamax
23.0;275.0;11.75;11.75;3.0;16;43;FRI;4;7;False;False;False;3000;15.61;1.6;0.75;FEB;2;SANTOSBR;31;PANAMAX;CGC;558;D2030_215_newpanamax
23.0;275.0;11.75;11.75;3.0;16;43;FRI;4;7;False;False;False;3000;15.61;3.29;0.75;FEB;2;SANTOSBR;31;PANAMAX;CGC;559;D2030_215_newpanamax
23.0;295.0;12.75;12.75;3.0;15;40;FRI;4;7;False;False;False;4000;21.3;3.34;0.75;FEB;2;SANTOSBR;31;POST-PANAMAXI;CGC;560;D2030_215_newpanamax
23.0;225.0;0.0;13.25;1.0;13;35;FRI;4;7;False;False;False;70000;88.35;1.45;0.75;FEB;2;TEAG;33;PANAMAX;GSA - E;561;D2030_215_newpanamax
23.0;195.0;9.25;9.25;3.0;15;43;FRI;4;7;False;False;True;1500;20.97;1.1;0.75;FEB;2;TEV;37;CARGARO-RO;RORO;562;D2030_215_newpanamax
23.0;195.0;9.25;9.25;3.0;13;39;FRI;4;7;False;False;True;1500;20.97;1.47;0.75;FEB;2;TEV;37;CARGARO-RO;RORO;563;D2030_215_newpanamax
23.0;225.0;0.0;13.25;1.0;13;37;FRI;4;7;False;False;False;70000;61.75;1.0;0.75;FEB;2;TGRAO;39;PANAMAX;GSA - E;564;D2030_215_newpanamax
23.0;185.0;0.0;9.75;1.0;16;41;FRI;4;7;False;False;False;35000;29.94;1.82;0.75;FEB;2;TRANSPETRO;43;MRMEDIUMRANGE;GL;565;D2030_215_newpanamax
38.0;333.33;8.6;8.7;3.0;6;30;0;4;7;False;True;False;0;11.5;0.0;0.75;0;2;Concais;6;PASSAGEIROS;PASSAGEIROS;566;D2030_215_newpanamax
17.0;82.3;4.5;4.8;1.0;21;40;0;4;7;False;False;False;0;18.42;0.08;0.75;0;2;TUP - Saipem;8;HANDYSIZE;CGNC;567;D2030_215_newpanamax
23.0;215.0;10.75;10.75;3.0;17;47;SAT;5;8;False;False;False;1000;16.8;3.34;0.75;FEB;2;TECON10;3;FULLYCELLULAR;CGC;568;D2030_215_newpanamax
23.0;155.0;10.25;0.0;2.0;20;56;SAT;5;8;False;False;False;18000;45.88;0.35;0.75;FEB;2;AGEO_TERMINAIS;11;GPGENERALPURPOSE;GL;569;D2030_215_newpanamax
23.0;185.0;11.25;0.0;2.0;20;56;SAT;5;8;False;False;False;35000;64.43;0.27;0.75;FEB;2;AGEO_TERMINAIS;11;MRMEDIUMRANGE;GL;570;D2030_215_newpanamax
23.0;325.0;13.75;13.75;3.0;17;48;SAT;5;8;False;False;False;4000;20.66;6.83;0.75;FEB;2;BTP;13;POST-PANAMAXI;CGC;571;D2030_215_newpanamax
23.0;215.0;10.75;10.75;3.0;18;50;SAT;5;8;False;False;False;1000;13.38;1.68;0.75;FEB;2;DPW - CGC;21;FULLYCELLULAR;CGC;572;D2030_215_newpanamax
23.0;305.0;13.75;13.75;3.0;18;51;SAT;5;8;False;False;False;4000;21.93;2.23;0.75;FEB;2;DPW - CGC;21;POST-PANAMAXI;CGC;573;D2030_215_newpanamax
43.0;339.0;14.0;14.0;3.0;18;51;SAT;5;8;False;False;False;6000;27.82;1.34;0.75;FEB;2;DPW - CGC;21;POST-PANAMAXII;CGC;574;D2030_215_newpanamax
36.0;225.0;0.0;11.7;1.0;19;49;SAT;5;8;False;False;False;55000;50.0;2.71;0.75;FEB;2;SUZANO;25;NAVIOCARGAGERAL;CGNC;575;D2030_215_newpanamax
23.0;195.0;9.25;9.25;3.0;17;51;SAT;5;8;False;False;True;1500;20.97;3.64;0.75;FEB;2;TEV;37;CARGARO-RO;RORO;576;D2030_215_newpanamax
23.0;225.0;0.0;13.75;1.0;15;48;SAT;5;8;False;False;False;70000;39.92;1.46;0.75;FEB;2;TGG;38;PANAMAX;GSA - E;577;D2030_215_newpanamax
23.0;185.0;0.0;10.75;1.0;20;54;SAT;5;8;False;False;False;35000;29.94;8.88;0.75;FEB;2;TRANSPETRO;43;MRMEDIUMRANGE;GL;578;D2030_215_newpanamax
23.0;185.0;0.0;10.75;1.0;20;53;SAT;5;8;False;False;False;35000;29.94;15.18;0.75;FEB;2;TRANSPETRO;43;MRMEDIUMRANGE;GL;579;D2030_215_newpanamax
50.0;305.0;8.7;8.6;3.0;5;10;0;5;8;False;True;False;0;10.5;0.0;0.75;0;2;Concais;6;PASSAGEIROS;PASSAGEIROS;580;D2030_215_newpanamax
52.0;331.43;8.5;8.7;3.0;5;55;0;5;8;False;True;False;0;10.08;0.0;0.75;0;2;Concais;6;PASSAGEIROS;PASSAGEIROS;581;D2030_215_newpanamax
23.0;225.0;0.0;13.75;1.0;20;52;SUN;6;9;False;False;False;70000;51.12;3.7;0.75;FEB;2;RUMO - GSA - E;4;PANAMAX;GSA - E;582;D2030_215_newpanamax
23.0;225.0;0.0;13.75;1.0;21;52;SUN;6;9;False;False;False;70000;51.12;2.74;0.75;FEB;2;ADM;9;PANAMAX;GSA - E;583;D2030_215_newpanamax
23.0;215.0;10.75;10.75;3.0;21;58;SUN;6;9;False;False;False;1000;13.85;1.13;0.75;FEB;2;BTP;13;FULLYCELLULAR;CGC;584;D2030_215_newpanamax
43.0;339.0;14.0;14.0;3.0;21;58;SUN;6;9;False;False;False;6000;23.63;3.66;0.75;FEB;2;BTP;13;POST-PANAMAXII;CGC;585;D2030_215_newpanamax
23.0;205.0;11.75;11.75;3.0;23;37;SUN;6;9;False;False;False;1000;13.38;3.16;0.75;FEB;2;DPW - CGC;21;FULLYCELLULAR;CGC;586;D2030_215_newpanamax
23.0;215.0;11.25;11.25;3.0;20;56;SUN;6;9;False;False;False;1000;13.38;1.51;0.75;FEB;2;DPW - CGC;21;FULLYCELLULAR;CGC;587;D2030_215_newpanamax
23.0;215.0;11.75;11.75;3.0;23;58;SUN;6;9;False;False;False;1000;13.38;0.84;0.75;FEB;2;DPW - CGC;21;FULLYCELLULAR;CGC;588;D2030_215_newpanamax
23.0;275.0;14.25;14.25;3.0;23;58;SUN;6;9;False;False;False;3000;17.86;1.88;0.75;FEB;2;DPW - CGC;21;PANAMAX;CGC;589;D2030_215_newpanamax
23.0;255.0;14.25;14.25;3.0;23;37;SUN;6;9;False;False;False;3000;17.86;0.95;0.75;FEB;2;DPW - CGC;21;PANAMAX;CGC;590;D2030_215_newpanamax
43.0;339.0;14.0;14.0;3.0;21;57;SUN;6;9;False;False;False;6000;27.82;1.41;0.75;FEB;2;DPW - CGC;21;POST-PANAMAXII;CGC;591;D2030_215_newpanamax
36.0;225.0;0.0;13.0;1.0;22;22;SUN;6;9;False;False;False;55000;64.0;0.94;0.75;FEB;2;DPW - CGNC;22;NAVIOCARGAGERAL;CGNC;592;D2030_215_newpanamax
23.0;275.0;12.75;12.75;3.0;21;55;SUN;6;9;False;False;False;3000;15.61;3.18;0.75;FEB;2;SANTOSBR;31;PANAMAX;CGC;593;D2030_215_newpanamax
43.0;339.0;14.0;14.0;3.0;21;55;SUN;6;9;False;False;False;6000;25.92;1.91;0.75;FEB;2;SANTOSBR;31;POST-PANAMAXII;CGC;594;D2030_215_newpanamax
23.0;185.0;12.7;0.0;2.0;23;14;SUN;6;9;False;False;False;35000;59.07;4.07;0.75;FEB;2;STOLTHAVEN;32;MRMEDIUMRANGE;GL;595;D2030_215_newpanamax
23.0;225.0;0.0;13.25;1.0;20;56;SUN;6;9;False;False;False;70000;78.07;0.87;0.75;FEB;2;TEG;34;PANAMAX;GSA - E;596;D2030_215_newpanamax
23.0;195.0;9.75;9.75;3.0;21;37;SUN;6;9;False;False;True;1500;20.97;2.89;0.75;FEB;2;TEV;37;CARGARO-RO;RORO;597;D2030_215_newpanamax
23.0;225.0;0.0;13.75;1.0;21;58;SUN;6;9;False;False;False;70000;39.92;2.72;0.75;FEB;2;TGG;38;PANAMAX;GSA - E;598;D2030_215_newpanamax
23.0;295.0;0.0;11.75;1.0;12;18;SUN;6;9;True;False;False;76500;53.08;0.0;0.75;FEB;2;TRSP;44;LNGCARRIER;GL;599;D2030_215_newpanamax
44.0;289.59;8.3;8.3;3.0;6;30;0;6;9;False;True;False;0;11.42;0.0;0.75;0;2;Concais;6;PASSAGEIROS;PASSAGEIROS;600;D2030_215_newpanamax
44.0;323.0;8.6;8.7;3.0;7;0;0;6;9;False;True;False;0;9.83;0.0;0.75;0;2;Concais;6;PASSAGEIROS;PASSAGEIROS;601;D2030_215_newpanamax
23.0;255.0;9.25;9.25;3.0;1;4;MON;0;10;False;False;False;3000;15.61;1.33;0.75;FEB;2;TECON10;3;PANAMAX;CGC;602;D2030_215_newpanamax
23.0;225.0;0.0;12.25;1.0;2;4;MON;0;10;False;False;False;70000;51.12;1.33;0.75;FEB;2;ADM;9;PANAMAX;GSA - E;603;D2030_215_newpanamax
23.0;175.0;0.0;7.75;1.0;1;2;MON;0;10;False;False;False;35000;64.43;0.86;0.75;FEB;2;AGEO_TERMINAIS;11;MRMEDIUMRANGE;GL;604;D2030_215_newpanamax
23.0;185.0;8.75;8.75;3.0;1;3;MON;0;10;False;False;False;1000;13.85;3.7;0.75;FEB;2;BTP;13;FULLYCELLULAR;CGC;605;D2030_215_newpanamax
23.0;145.0;6.75;6.75;3.0;1;3;MON;0;10;False;False;False;500;12.93;1.04;0.75;FEB;2;DPW - CGC;21;FEEDER/EARLY;CGC;606;D2030_215_newpanamax
23.0;195.0;7.25;7.25;3.0;1;3;MON;0;10;False;False;False;1000;13.38;1.01;0.75;FEB;2;DPW - CGC;21;FULLYCELLULAR;CGC;607;D2030_215_newpanamax
23.0;255.0;9.25;9.25;3.0;1;2;MON;0;10;False;False;False;3000;17.86;2.0;0.75;FEB;2;DPW - CGC;21;PANAMAX;CGC;608;D2030_215_newpanamax
23.0;245.0;9.75;9.75;3.0;2;4;MON;0;10;False;False;False;3000;17.86;2.47;0.75;FEB;2;DPW - CGC;21;PANAMAX;CGC;609;D2030_215_newpanamax
23.0;295.0;10.25;10.25;3.0;2;4;MON;0;10;False;False;False;4000;21.93;1.99;0.75;FEB;2;DPW - CGC;21;POST-PANAMAXI;CGC;610;D2030_215_newpanamax
23.0;185.0;7.75;7.75;3.0;0;0;MON;0;10;False;False;False;1000;16.8;1.46;0.75;FEB;2;SANTOSBR;31;FULLYCELLULAR;CGC;611;D2030_215_newpanamax
23.0;185.0;8.75;8.75;3.0;1;3;MON;0;10;False;False;False;1000;16.8;2.44;0.75;FEB;2;SANTOSBR;31;FULLYCELLULAR;CGC;612;D2030_215_newpanamax
23.0;255.0;9.25;9.25;3.0;1;3;MON;0;10;False;False;False;3000;15.61;4.61;0.75;FEB;2;SANTOSBR;31;PANAMAX;CGC;613;D2030_215_newpanamax
23.0;295.0;10.25;10.25;3.0;2;5;MON;0;10;False;False;False;4000;21.3;1.98;0.75;FEB;2;SANTOSBR;31;POST-PANAMAXI;CGC;614;D2030_215_newpanamax
43.0;339.0;14.0;14.0;3.0;2;5;MON;0;10;False;False;False;6000;25.92;3.69;0.75;FEB;2;SANTOSBR;31;POST-PANAMAXII;CGC;615;D2030_215_newpanamax
23.0;225.0;0.0;12.75;1.0;3;5;MON;0;10;False;False;False;70000;78.07;0.17;0.75;FEB;2;TEG;34;PANAMAX;GSA - E;616;D2030_215_newpanamax
23.0;175.0;8.75;8.75;3.0;4;12;MON;0;10;False;False;True;1500;20.97;1.25;0.75;FEB;2;TEV;37;CARGARO-RO;RORO;617;D2030_215_newpanamax
23.0;245.0;0.0;9.75;1.0;2;6;MON;0;10;False;False;False;60000;48.22;4.1;0.75;FEB;2;TRANSPETRO;43;LR1LONGRANGE1;GL;618;D2030_215_newpanamax
23.0;285.0;0.0;10.75;1.0;8;12;MON;0;10;True;False;False;76500;53.08;0.0;0.75;FEB;2;TRSP;44;LNGCARRIER;GL;619;D2030_215_newpanamax
29.0;274.9;6.5;6.8;3.0;6;30;0;0;10;False;True;False;0;10.33;0.0;0.75;0;2;Concais;6;PASSAGEIROS;PASSAGEIROS;620;D2030_215_newpanamax
36.0;225.0;0.0;13.0;1.0;5;14;TUE;1;11;False;False;False;55000;99.0;11.84;0.75;FEB;2;ARAUCO;1;NAVIOCARGAGERAL;CGNC;621;D2030_215_newpanamax
23.0;225.0;0.0;12.75;1.0;5;9;TUE;1;11;False;False;False;70000;51.12;4.24;0.75;FEB;2;ADM;9;PANAMAX;GSA - E;622;D2030_215_newpanamax
23.0;275.0;10.75;10.75;3.0;3;9;TUE;1;11;False;False;False;3000;14.7;2.3;0.75;FEB;2;BTP;13;PANAMAX;CGC;623;D2030_215_newpanamax
23.0;295.0;11.75;11.75;3.0;4;13;TUE;1;11;False;False;False;4000;20.66;1.71;0.75;FEB;2;BTP;13;POST-PANAMAXI;CGC;624;D2030_215_newpanamax
23.0;225.0;0.0;12.75;1.0;8;14;TUE;1;11;False;False;False;60000;162.93;14.33;0.75;FEB;2;CUTRALE - GL;18;LR1LONGRANGE1;GL;625;D2030_215_newpanamax
23.0;275.0;9.75;9.75;3.0;4;9;TUE;1;11;False;False;False;3000;17.86;1.36;0.75;FEB;2;DPW - CGC;21;PANAMAX;CGC;626;D2030_215_newpanamax
36.0;225.0;0.0;11.7;1.0;1;9;TUE;1;11;False;False;False;55000;50.0;4.65;0.75;FEB;2;SUZANO;25;NAVIOCARGAGERAL;CGNC;627;D2030_215_newpanamax
23.0;255.0;10.25;10.25;3.0;5;13;TUE;1;11;False;False;False;3000;15.61;1.76;0.75;FEB;2;SANTOSBR;31;PANAMAX;CGC;628;D2030_215_newpanamax
23.0;155.0;0.0;7.25;1.0;3;10;TUE;1;11;False;False;False;18000;29.82;3.11;0.75;FEB;2;STOLTHAVEN;32;GPGENERALPURPOSE;GL;629;D2030_215_newpanamax
23.0;225.0;0.0;13.25;1.0;5;10;TUE;1;11;False;False;False;70000;39.92;2.44;0.75;FEB;2;TGG;38;PANAMAX;GSA - E;630;D2030_215_newpanamax
23.0;155.0;0.0;8.25;1.0;7;15;TUE;1;11;False;False;False;18000;28.37;5.55;0.75;FEB;2;TRANSPETRO;43;GPGENERALPURPOSE;GL;631;D2030_215_newpanamax
23.0;185.0;0.0;8.75;1.0;6;13;TUE;1;11;False;False;False;35000;29.94;4.53;0.75;FEB;2;TRANSPETRO;43;MRMEDIUMRANGE;GL;632;D2030_215_newpanamax
23.0;185.0;0.0;8.75;1.0;6;13;TUE;1;11;False;False;False;35000;29.94;3.61;0.75;FEB;2;TRANSPETRO;43;MRMEDIUMRANGE;GL;633;D2030_215_newpanamax
23.0;185.0;0.0;8.75;1.0;6;12;TUE;1;11;False;False;False;35000;29.94;1.02;0.75;FEB;2;TRANSPETRO;43;MRMEDIUMRANGE;GL;634;D2030_215_newpanamax
19.0;88.8;5.0;5.0;1.0;7;56;0;1;11;False;False;False;0;29.25;0.08;0.75;0;2;TUP - Saipem;8;HANDYSIZE;CGNC;635;D2030_215_newpanamax
23.0;175.0;9.25;0.0;2.0;2;10;WED;2;12;False;False;False;35000;50.86;10.24;0.75;FEB;2;RUMO - GSM - I;5;HANDYSIZE;GSM - I;636;D2030_215_newpanamax
23.0;275.0;12.25;12.25;3.0;7;22;WED;2;12;False;False;False;3000;14.7;2.73;0.75;FEB;2;BTP;13;PANAMAX;CGC;637;D2030_215_newpanamax
23.0;295.0;11.75;11.75;3.0;5;17;WED;2;12;False;False;False;4000;20.66;1.65;0.75;FEB;2;BTP;13;POST-PANAMAXI;CGC;638;D2030_215_newpanamax
23.0;165.0;8.25;0.0;2.0;12;26;WED;2;12;False;False;False;18000;12.03;2.68;0.75;FEB;2;DOW;20;GPGENERALPURPOSE;GL;639;D2030_215_newpanamax
23.0;215.0;9.75;9.75;3.0;10;27;WED;2;12;False;False;False;1000;13.38;2.55;0.75;FEB;2;DPW - CGC;21;FULLYCELLULAR;CGC;640;D2030_215_newpanamax
23.0;255.0;10.75;10.75;3.0;8;20;WED;2;12;False;False;False;3000;17.86;2.46;0.75;FEB;2;DPW - CGC;21;PANAMAX;CGC;641;D2030_215_newpanamax
23.0;275.0;10.75;10.75;3.0;10;28;WED;2;12;False;False;False;3000;17.86;2.09;0.75;FEB;2;DPW - CGC;21;PANAMAX;CGC;642;D2030_215_newpanamax
23.0;305.0;11.25;11.25;3.0;8;20;WED;2;12;False;False;False;4000;21.93;0.98;0.75;FEB;2;DPW - CGC;21;POST-PANAMAXI;CGC;643;D2030_215_newpanamax
23.0;295.0;12.25;12.25;3.0;10;28;WED;2;12;False;False;False;4000;21.93;1.06;0.75;FEB;2;DPW - CGC;21;POST-PANAMAXI;CGC;644;D2030_215_newpanamax
43.0;339.0;14.0;14.0;3.0;10;27;WED;2;12;False;False;False;6000;27.82;1.66;0.75;FEB;2;DPW - CGC;21;POST-PANAMAXII;CGC;645;D2030_215_newpanamax
36.0;225.0;0.0;11.7;1.0;8;17;WED;2;12;False;False;False;55000;50.0;3.55;0.75;FEB;2;SUZANO;25;NAVIOCARGAGERAL;CGNC;646;D2030_215_newpanamax
23.0;245.0;10.75;10.75;3.0;7;21;WED;2;12;False;False;False;3000;15.61;1.74;0.75;FEB;2;SANTOSBR;31;PANAMAX;CGC;647;D2030_215_newpanamax
23.0;225.0;0.0;13.25;1.0;7;16;WED;2;12;False;False;False;70000;78.07;3.11;0.75;FEB;2;TEG;34;PANAMAX;GSA - E;648;D2030_215_newpanamax
23.0;195.0;8.75;8.75;3.0;8;25;WED;2;12;False;False;True;1500;20.97;0.74;0.75;FEB;2;TEV;37;CARGARO-RO;RORO;649;D2030_215_newpanamax
23.0;185.0;10.25;0.0;2.0;9;26;WED;2;12;False;False;False;45000;85.0;8.91;0.75;FEB;2;TIPLAM - GSM - I;42;HANDYMAX;GSM - I;650;D2030_215_newpanamax
23.0;185.0;0.0;8.75;1.0;9;19;WED;2;12;False;False;False;35000;29.94;5.93;0.75;FEB;2;TRANSPETRO;43;MRMEDIUMRANGE;GL;651;D2030_215_newpanamax
18.0;85.34;3.9;4.0;1.0;4;40;0;2;12;False;False;False;0;45.75;0.08;0.75;0;2;TUP - Saipem;8;HANDYSIZE;CGNC;652;D2030_215_newpanamax
23.0;155.0;8.75;0.0;2.0;11;29;THU;3;13;False;False;False;18000;42.57;9.79;0.75;FEB;2;STS;2;GPGENERALPURPOSE;GL;653;D2030_215_newpanamax
23.0;225.0;0.0;13.25;1.0;10;23;THU;3;13;False;False;False;70000;51.12;2.94;0.75;FEB;2;RUMO - GSA - E;4;PANAMAX;GSA - E;654;D2030_215_newpanamax
23.0;175.0;8.75;0.0;2.0;12;36;THU;3;13;False;False;False;35000;37.45;4.8;0.75;FEB;2;ADONAI;10;MRMEDIUMRANGE;GL;655;D2030_215_newpanamax
23.0;165.0;8.75;0.0;2.0;12;33;THU;3;13;False;False;False;18000;45.88;0.42;0.75;FEB;2;AGEO_TERMINAIS;11;GPGENERALPURPOSE;GL;656;D2030_215_newpanamax
23.0;175.0;10.25;0.0;2.0;12;33;THU;3;13;False;False;False;35000;64.43;0.2;0.75;FEB;2;AGEO_TERMINAIS;11;MRMEDIUMRANGE;GL;657;D2030_215_newpanamax
23.0;305.0;12.25;12.25;3.0;8;24;THU;3;13;False;False;False;4000;20.66;2.11;0.75;FEB;2;BTP;13;POST-PANAMAXI;CGC;658;D2030_215_newpanamax
23.0;255.0;11.25;11.25;3.0;12;34;THU;3;13;False;False;False;3000;17.86;2.02;0.75;FEB;2;DPW - CGC;21;PANAMAX;CGC;659;D2030_215_newpanamax
36.0;225.0;0.0;13.0;1.0;12;33;THU;3;13;False;False;False;55000;64.0;5.65;0.75;FEB;2;DPW - CGNC;22;NAVIOCARGAGERAL;CGNC;660;D2030_215_newpanamax
23.0;195.0;9.75;9.75;3.0;11;29;THU;3;13;False;False;False;1000;16.8;1.39;0.75;FEB;2;SANTOSBR;31;FULLYCELLULAR;CGC;661;D2030_215_newpanamax
23.0;265.0;11.25;11.25;3.0;12;34;THU;3;13;False;False;False;3000;15.61;3.34;0.75;FEB;2;SANTOSBR;31;PANAMAX;CGC;662;D2030_215_newpanamax
23.0;305.0;12.25;12.25;3.0;12;34;THU;3;13;False;False;False;4000;21.3;1.52;0.75;FEB;2;SANTOSBR;31;POST-PANAMAXI;CGC;663;D2030_215_newpanamax
23.0;225.0;0.0;13.25;1.0;11;28;THU;3;13;False;False;False;70000;78.07;0.11;0.75;FEB;2;TEG;34;PANAMAX;GSA - E;664;D2030_215_newpanamax
23.0;185.0;12.25;0.0;2.0;6;26;THU;3;13;False;False;False;45000;89.37;12.74;0.75;FEB;2;TERMAG;35;HANDYMAX;GSM - I;665;D2030_215_newpanamax
23.0;225.0;0.0;13.25;1.0;11;31;THU;3;13;False;False;False;70000;39.92;3.35;0.75;FEB;2;TGG;38;PANAMAX;GSA - E;666;D2030_215_newpanamax
23.0;175.0;0.0;9.75;1.0;13;32;THU;3;13;False;False;False;35000;29.94;1.18;0.75;FEB;2;TRANSPETRO;43;MRMEDIUMRANGE;GL;667;D2030_215_newpanamax
23.0;175.0;9.25;0.0;2.0;11;28;THU;3;13;False;False;False;35000;57.11;9.35;0.75;FEB;2;ULTRACARGO;45;MRMEDIUMRANGE;GL;668;D2030_215_newpanamax
44.0;323.0;8.6;8.7;3.0;6;30;0;3;13;False;True;False;0;10.58;0.0;0.75;0;2;Concais;6;PASSAGEIROS;PASSAGEIROS;669;D2030_215_newpanamax
29.0;274.9;6.7;7.6;3.0;7;30;0;3;13;False;True;False;0;9.5;0.0;0.75;0;2;Concais;6;PASSAGEIROS;PASSAGEIROS;670;D2030_215_newpanamax
23.0;225.0;0.0;13.25;1.0;14;35;FRI;4;14;False;False;False;70000;51.12;3.22;0.75;FEB;2;RUMO - GSA - E;4;PANAMAX;GSA - E;671;D2030_215_newpanamax
23.0;185.0;10.25;0.0;2.0;15;41;FRI;4;14;False;False;False;35000;64.43;0.45;0.75;FEB;2;AGEO_TERMINAIS;11;MRMEDIUMRANGE;GL;672;D2030_215_newpanamax
23.0;215.0;9.25;9.25;3.0;12;35;FRI;4;14;False;False;False;1000;13.85;1.52;0.75;FEB;2;BTP;13;FULLYCELLULAR;CGC;673;D2030_215_newpanamax
23.0;275.0;12.75;12.75;3.0;11;34;FRI;4;14;False;False;False;3000;14.7;2.57;0.75;FEB;2;BTP;13;PANAMAX;CGC;674;D2030_215_newpanamax
23.0;295.0;13.75;13.75;3.0;13;39;FRI;4;14;False;False;False;4000;20.66;1.57;0.75;FEB;2;BTP;13;POST-PANAMAXI;CGC;675;D2030_215_newpanamax
23.0;295.0;12.75;12.75;3.0;11;32;FRI;4;14;False;False;False;4000;20.66;2.59;0.75;FEB;2;BTP;13;POST-PANAMAXI;CGC;676;D2030_215_newpanamax
23.0;225.0;0.0;13.25;1.0;14;45;FRI;4;14;False;False;False;70000;54.03;0.18;0.75;FEB;2;CUTRALE - GSA - E;19;PANAMAX;GSA - E;677;D2030_215_newpanamax
23.0;185.0;10.25;10.25;3.0;14;38;FRI;4;14;False;False;False;1000;16.8;1.49;0.75;FEB;2;SANTOSBR;31;FULLYCELLULAR;CGC;678;D2030_215_newpanamax
23.0;215.0;10.75;10.75;3.0;17;46;FRI;4;14;False;False;False;1000;16.8;3.53;0.75;FEB;2;SANTOSBR;31;FULLYCELLULAR;CGC;679;D2030_215_newpanamax
23.0;265.0;11.75;11.75;3.0;15;40;FRI;4;14;False;False;False;3000;15.61;6.92;0.75;FEB;2;SANTOSBR;31;PANAMAX;CGC;680;D2030_215_newpanamax
23.0;235.0;12.25;12.25;3.0;17;45;FRI;4;14;False;False;False;3000;15.61;3.9;0.75;FEB;2;SANTOSBR;31;PANAMAX;CGC;681;D2030_215_newpanamax
23.0;305.0;12.75;12.75;3.0;16;44;FRI;4;14;False;False;False;4000;21.3;2.14;0.75;FEB;2;SANTOSBR;31;POST-PANAMAXI;CGC;682;D2030_215_newpanamax
43.0;339.0;14.0;14.0;3.0;16;44;FRI;4;14;False;False;False;6000;25.92;1.41;0.75;FEB;2;SANTOSBR;31;POST-PANAMAXII;CGC;683;D2030_215_newpanamax
43.0;339.0;14.0;14.0;3.0;17;46;FRI;4;14;False;False;False;6000;25.92;2.28;0.75;FEB;2;SANTOSBR;31;POST-PANAMAXII;CGC;684;D2030_215_newpanamax
23.0;195.0;9.25;9.25;3.0;13;40;FRI;4;14;False;False;True;1500;20.97;0.78;0.75;FEB;2;TEV;37;CARGARO-RO;RORO;685;D2030_215_newpanamax
23.0;235.0;8.75;8.75;3.0;13;40;FRI;4;14;False;False;True;5000;19.52;1.85;0.75;FEB;2;TEV;37;LARGEPCTC;RORO;686;D2030_215_newpanamax
23.0;225.0;0.0;13.25;1.0;12;36;FRI;4;14;False;False;False;70000;39.92;2.15;0.75;FEB;2;TGG;38;PANAMAX;GSA - E;687;D2030_215_newpanamax
23.0;225.0;0.0;13.25;1.0;13;36;FRI;4;14;False;False;False;70000;61.75;2.5;0.75;FEB;2;TGRAO;39;PANAMAX;GSA - E;688;D2030_215_newpanamax
38.0;333.33;8.7;8.6;3.0;6;30;0;4;14;False;True;False;0;11.42;0.0;0.75;0;2;Concais;6;PASSAGEIROS;PASSAGEIROS;689;D2030_215_newpanamax
23.0;155.0;10.25;0.0;2.0;17;50;SAT;5;15;False;False;False;18000;42.57;2.31;0.75;FEB;2;STS;2;GPGENERALPURPOSE;GL;690;D2030_215_newpanamax
23.0;225.0;0.0;13.25;1.0;19;47;SAT;5;15;False;False;False;70000;51.12;2.08;0.75;FEB;2;ADM;9;PANAMAX;GSA - E;691;D2030_215_newpanamax
23.0;155.0;10.25;0.0;2.0;20;54;SAT;5;15;False;False;False;18000;45.88;1.32;0.75;FEB;2;AGEO_TERMINAIS;11;GPGENERALPURPOSE;GL;692;D2030_215_newpanamax
23.0;195.0;11.25;11.25;3.0;18;51;SAT;5;15;False;False;False;1000;13.38;1.23;0.75;FEB;2;DPW - CGC;21;FULLYCELLULAR;CGC;693;D2030_215_newpanamax
23.0;275.0;12.25;12.25;3.0;18;50;SAT;5;15;False;False;False;3000;17.86;1.11;0.75;FEB;2;DPW - CGC;21;PANAMAX;CGC;694;D2030_215_newpanamax
23.0;275.0;12.25;12.25;3.0;18;51;SAT;5;15;False;False;False;3000;17.86;1.88;0.75;FEB;2;DPW - CGC;21;PANAMAX;CGC;695;D2030_215_newpanamax
36.0;225.0;0.0;11.7;1.0;17;45;SAT;5;15;False;False;False;55000;36.9;0.1;0.75;FEB;2;ELDORADO;23;NAVIOCARGAGERAL;CGNC;696;D2030_215_newpanamax
23.0;255.0;12.25;12.25;3.0;17;47;SAT;5;15;False;False;False;3000;15.61;3.07;0.75;FEB;2;SANTOSBR;31;PANAMAX;CGC;697;D2030_215_newpanamax
23.0;265.0;12.25;12.25;3.0;18;50;SAT;5;15;False;False;False;3000;15.61;1.75;0.75;FEB;2;SANTOSBR;31;PANAMAX;CGC;698;D2030_215_newpanamax
23.0;235.0;9.25;9.25;3.0;17;51;SAT;5;15;False;False;True;5000;19.52;3.26;0.75;FEB;2;TEV;37;LARGEPCTC;RORO;699;D2030_215_newpanamax
23.0;225.0;0.0;13.75;1.0;18;52;SAT;5;15;False;False;False;70000;61.75;2.28;0.75;FEB;2;TGRAO;39;PANAMAX;GSA - E;700;D2030_215_newpanamax
50.0;305.0;8.7;8.5;3.0;5;1;0;5;15;False;True;False;0;10.75;0.0;0.75;0;2;Concais;6;PASSAGEIROS;PASSAGEIROS;701;D2030_215_newpanamax
52.0;331.43;8.1;8.7;3.0;6;18;0;5;15;False;True;False;0;9.58;0.0;0.75;0;2;Concais;6;PASSAGEIROS;PASSAGEIROS;702;D2030_215_newpanamax
36.0;225.0;0.0;13.0;1.0;19;59;SUN;6;16;False;False;False;55000;99.0;1.33;0.75;FEB;2;ARAUCO;1;NAVIOCARGAGERAL;CGNC;703;D2030_215_newpanamax
23.0;185.0;12.2;0.0;2.0;23;32;SUN;6;16;False;False;False;35000;64.43;0.15;0.75;FEB;2;AGEO_TERMINAIS;11;MRMEDIUMRANGE;GL;704;D2030_215_newpanamax
23.0;295.0;14.25;14.25;3.0;21;58;SUN;6;16;False;False;False;4000;20.66;2.65;0.75;FEB;2;BTP;13;POST-PANAMAXI;CGC;705;D2030_215_newpanamax
43.0;339.0;14.0;14.0;3.0;20;56;SUN;6;16;False;False;False;6000;23.63;1.84;0.75;FEB;2;BTP;13;POST-PANAMAXII;CGC;706;D2030_215_newpanamax
23.0;165.0;9.25;0.0;2.0;22;59;SUN;6;16;False;False;False;18000;12.03;3.04;0.75;FEB;2;DOW;20;GPGENERALPURPOSE;GL;707;D2030_215_newpanamax
23.0;185.0;11.75;11.75;3.0;21;57;SUN;6;16;False;False;False;1000;13.38;2.35;0.75;FEB;2;DPW - CGC;21;FULLYCELLULAR;CGC;708;D2030_215_newpanamax
23.0;255.0;13.25;13.25;3.0;21;57;SUN;6;16;False;False;False;3000;17.86;2.35;0.75;FEB;2;DPW - CGC;21;PANAMAX;CGC;709;D2030_215_newpanamax
23.0;255.0;13.25;13.25;3.0;22;59;SUN;6;16;False;False;False;3000;17.86;1.56;0.75;FEB;2;DPW - CGC;21;PANAMAX;CGC;710;D2030_215_newpanamax
23.0;295.0;14.25;14.25;3.0;21;57;SUN;6;16;False;False;False;4000;21.93;2.39;0.75;FEB;2;DPW - CGC;21;POST-PANAMAXI;CGC;711;D2030_215_newpanamax
43.0;339.0;14.0;14.0;3.0;23;37;SUN;6;16;False;False;False;6000;27.82;2.09;0.75;FEB;2;DPW - CGC;21;POST-PANAMAXII;CGC;712;D2030_215_newpanamax
36.0;225.0;0.0;13.0;1.0;22;46;SUN;6;16;False;False;False;55000;64.0;2.1;0.75;FEB;2;DPW - CGNC;22;NAVIOCARGAGERAL;CGNC;713;D2030_215_newpanamax
23.0;255.0;13.25;13.25;3.0;22;57;SUN;6;16;False;False;False;3000;15.61;2.32;0.75;FEB;2;SANTOSBR;31;PANAMAX;CGC;714;D2030_215_newpanamax
23.0;295.0;13.75;13.75;3.0;22;57;SUN;6;16;False;False;False;4000;21.3;2.88;0.75;FEB;2;SANTOSBR;31;POST-PANAMAXI;CGC;715;D2030_215_newpanamax
23.0;225.0;0.0;13.25;1.0;18;52;SUN;6;16;False;False;False;70000;88.35;1.79;0.75;FEB;2;TEAG;33;PANAMAX;GSA - E;716;D2030_215_newpanamax
38.0;250.0;0.0;14.0;1.0;20;56;SUN;6;16;False;False;False;85000;110.17;0.03;0.75;FEB;2;TEG;34;POST-PANAMAX;GSA - E;717;D2030_215_newpanamax
23.0;195.0;9.75;9.75;3.0;21;59;SUN;6;16;False;False;True;1500;20.97;2.4;0.75;FEB;2;TEV;37;CARGARO-RO;RORO;718;D2030_215_newpanamax
23.0;165.0;9.75;0.0;2.0;22;29;SUN;6;16;False;False;False;18000;18.55;3.76;0.75;FEB;2;TIPLAM - GL;40;GPGENERALPURPOSE;GL;719;D2030_215_newpanamax
23.0;225.0;13.75;0.0;2.0;20;56;SUN;6;16;False;False;False;70000;104.45;3.26;0.75;FEB;2;TIPLAM - GSM - I;42;PANAMAX;GSM - I;720;D2030_215_newpanamax
44.0;323.0;8.6;8.6;3.0;5;52;0;6;16;False;True;False;0;10.17;0.0;0.75;0;2;Concais;6;PASSAGEIROS;PASSAGEIROS;721;D2030_215_newpanamax
44.0;289.59;8.3;8.3;3.0;6;30;0;6;16;False;True;False;0;10.55;0.0;0.75;0;2;Concais;6;PASSAGEIROS;PASSAGEIROS;722;D2030_215_newpanamax
33.0;177.9;8.1;8.5;1.0;15;23;0;6;16;False;False;False;0;78.75;0.08;0.75;0;2;TUP - Saipem;8;HANDYSIZE;CGNC;723;D2030_215_newpanamax
23.0;225.0;0.0;12.25;1.0;2;5;MON;0;17;False;False;False;70000;51.12;3.5;0.75;FEB;2;RUMO - GSA - E;4;PANAMAX;GSA - E;724;D2030_215_newpanamax
23.0;225.0;0.0;12.75;1.0;4;7;MON;0;17;False;False;False;70000;51.12;5.24;0.75;FEB;2;ADM;9;PANAMAX;GSA - E;725;D2030_215_newpanamax
23.0;175.0;0.0;7.75;1.0;1;2;MON;0;17;False;False;False;35000;64.43;0.65;0.75;FEB;2;AGEO_TERMINAIS;11;MRMEDIUMRANGE;GL;726;D2030_215_newpanamax
23.0;255.0;10.25;10.25;3.0;1;3;MON;0;17;False;False;False;3000;14.7;4.02;0.75;FEB;2;BTP;13;PANAMAX;CGC;727;D2030_215_newpanamax
23.0;195.0;7.25;7.25;3.0;1;3;MON;0;17;False;False;False;1000;13.38;1.96;0.75;FEB;2;DPW - CGC;21;FULLYCELLULAR;CGC;728;D2030_215_newpanamax
23.0;185.0;8.25;8.25;3.0;3;6;MON;0;17;False;False;False;1000;13.38;2.31;0.75;FEB;2;DPW - CGC;21;FULLYCELLULAR;CGC;729;D2030_215_newpanamax
23.0;255.0;9.75;9.75;3.0;2;4;MON;0;17;False;False;False;3000;17.86;1.12;0.75;FEB;2;DPW - CGC;21;PANAMAX;CGC;730;D2030_215_newpanamax
23.0;245.0;8.75;8.75;3.0;0;1;MON;0;17;False;False;False;3000;17.86;2.91;0.75;FEB;2;DPW - CGC;21;PANAMAX;CGC;731;D2030_215_newpanamax
43.0;339.0;14.0;14.0;3.0;1;3;MON;0;17;False;False;False;6000;27.82;1.52;0.75;FEB;2;DPW - CGC;21;POST-PANAMAXII;CGC;732;D2030_215_newpanamax
23.0;175.0;0.0;9.25;1.0;6;24;MON;0;17;False;False;False;35000;137.91;0.15;0.75;FEB;2;NST - GL;30;MRMEDIUMRANGE;GL;733;D2030_215_newpanamax
23.0;255.0;8.75;8.75;3.0;0;0;MON;0;17;False;False;False;3000;15.61;2.12;0.75;FEB;2;SANTOSBR;31;PANAMAX;CGC;734;D2030_215_newpanamax
23.0;255.0;9.25;9.25;3.0;1;4;MON;0;17;False;False;False;3000;15.61;2.34;0.75;FEB;2;SANTOSBR;31;PANAMAX;CGC;735;D2030_215_newpanamax
23.0;305.0;9.75;9.75;3.0;1;3;MON;0;17;False;False;False;4000;21.3;1.67;0.75;FEB;2;SANTOSBR;31;POST-PANAMAXI;CGC;736;D2030_215_newpanamax
43.0;339.0;14.0;14.0;3.0;1;3;MON;0;17;False;False;False;6000;25.92;3.44;0.75;FEB;2;SANTOSBR;31;POST-PANAMAXII;CGC;737;D2030_215_newpanamax
23.0;225.0;0.0;11.75;1.0;1;1;MON;0;17;False;False;False;70000;78.07;1.12;0.75;FEB;2;TEG;34;PANAMAX;GSA - E;738;D2030_215_newpanamax
23.0;195.0;8.25;8.25;3.0;3;9;MON;0;17;False;False;True;1500;20.97;3.65;0.75;FEB;2;TEV;37;CARGARO-RO;RORO;739;D2030_215_newpanamax
23.0;185.0;0.0;8.25;1.0;2;6;MON;0;17;False;False;False;35000;29.94;3.63;0.75;FEB;2;TRANSPETRO;43;MRMEDIUMRANGE;GL;740;D2030_215_newpanamax
23.0;175.0;0.0;6.75;1.0;1;4;MON;0;17;False;False;False;35000;90.66;5.83;0.75;FEB;2;USIMINAS;46;HANDYSIZE;CGNC;741;D2030_215_newpanamax
29.0;274.9;6.7;6.7;3.0;6;30;0;0;17;False;True;False;0;10.33;0.0;0.75;0;2;Concais;6;PASSAGEIROS;PASSAGEIROS;742;D2030_215_newpanamax
23.0;225.0;0.0;12.75;1.0;5;8;TUE;1;18;False;False;False;70000;51.12;5.03;0.75;FEB;2;ADM;9;PANAMAX;GSA - E;743;D2030_215_newpanamax
23.0;155.0;0.0;7.75;1.0;6;16;TUE;1;18;False;False;False;18000;45.88;0.47;0.75;FEB;2;AGEO_TERMINAIS;11;GPGENERALPURPOSE;GL;744;D2030_215_newpanamax
23.0;305.0;10.75;10.75;3.0;3;9;TUE;1;18;False;False;False;4000;20.66;3.85;0.75;FEB;2;BTP;13;POST-PANAMAXI;CGC;745;D2030_215_newpanamax
43.0;339.0;14.0;14.0;3.0;3;10;TUE;1;18;False;False;False;6000;23.63;0.94;0.75;FEB;2;BTP;13;POST-PANAMAXII;CGC;746;D2030_215_newpanamax
23.0;275.0;10.25;10.25;3.0;6;16;TUE;1;18;False;False;False;3000;17.86;2.68;0.75;FEB;2;DPW - CGC;21;PANAMAX;CGC;747;D2030_215_newpanamax
23.0;275.0;10.25;10.25;3.0;6;16;TUE;1;18;False;False;False;3000;17.86;1.7;0.75;FEB;2;DPW - CGC;21;PANAMAX;CGC;748;D2030_215_newpanamax
23.0;185.0;9.25;9.25;3.0;5;13;TUE;1;18;False;False;False;1000;16.8;1.31;0.75;FEB;2;SANTOSBR;31;FULLYCELLULAR;CGC;749;D2030_215_newpanamax
23.0;295.0;11.75;11.75;3.0;5;15;TUE;1;18;False;False;False;4000;21.3;1.51;0.75;FEB;2;SANTOSBR;31;POST-PANAMAXI;CGC;750;D2030_215_newpanamax
23.0;225.0;0.0;10.25;1.0;5;11;TUE;1;18;False;False;False;70000;88.35;5.75;0.75;FEB;2;TEAG;33;PANAMAX;GSA - E;751;D2030_215_newpanamax
23.0;225.0;0.0;13.25;1.0;2;9;TUE;1;18;False;False;False;70000;61.75;2.87;0.75;FEB;2;TGRAO;39;PANAMAX;GSA - E;752;D2030_215_newpanamax
23.0;245.0;0.0;9.75;1.0;6;13;TUE;1;18;False;False;False;60000;48.22;6.72;0.75;FEB;2;TRANSPETRO;43;LR1LONGRANGE1;GL;753;D2030_215_newpanamax
23.0;185.0;0.0;8.75;1.0;6;13;TUE;1;18;False;False;False;35000;29.94;2.13;0.75;FEB;2;TRANSPETRO;43;MRMEDIUMRANGE;GL;754;D2030_215_newpanamax
23.0;185.0;0.0;8.75;1.0;5;11;TUE;1;18;False;False;False;35000;29.94;9.19;0.75;FEB;2;TRANSPETRO;43;MRMEDIUMRANGE;GL;755;D2030_215_newpanamax
23.0;245.0;10.75;10.75;3.0;7;21;WED;2;19;False;False;False;3000;15.61;3.34;0.75;FEB;2;TECON10;3;PANAMAX;CGC;756;D2030_215_newpanamax
23.0;245.0;12.25;12.25;3.0;6;18;WED;2;19;False;False;False;3000;14.7;0.84;0.75;FEB;2;BTP;13;PANAMAX;CGC;757;D2030_215_newpanamax
23.0;295.0;11.75;11.75;3.0;5;17;WED;2;19;False;False;False;4000;20.66;3.28;0.75;FEB;2;BTP;13;POST-PANAMAXI;CGC;758;D2030_215_newpanamax
43.0;339.0;14.0;14.0;3.0;7;22;WED;2;19;False;False;False;6000;23.63;1.24;0.75;FEB;2;BTP;13;POST-PANAMAXII;CGC;759;D2030_215_newpanamax
23.0;215.0;9.75;9.75;3.0;10;27;WED;2;19;False;False;False;1000;13.38;1.1;0.75;FEB;2;DPW - CGC;21;FULLYCELLULAR;CGC;760;D2030_215_newpanamax
23.0;275.0;10.75;10.75;3.0;10;28;WED;2;19;False;False;False;3000;17.86;1.76;0.75;FEB;2;DPW - CGC;21;PANAMAX;CGC;761;D2030_215_newpanamax
23.0;275.0;10.75;10.75;3.0;10;28;WED;2;19;False;False;False;3000;17.86;2.2;0.75;FEB;2;DPW - CGC;21;PANAMAX;CGC;762;D2030_215_newpanamax
23.0;285.0;10.25;10.25;3.0;7;18;WED;2;19;False;False;False;3000;17.86;2.99;0.75;FEB;2;DPW - CGC;21;PANAMAX;CGC;763;D2030_215_newpanamax
23.0;295.0;12.25;12.25;3.0;10;28;WED;2;19;False;False;False;4000;21.93;3.2;0.75;FEB;2;DPW - CGC;21;POST-PANAMAXI;CGC;764;D2030_215_newpanamax
36.0;225.0;0.0;13.0;1.0;9;25;WED;2;19;False;False;False;55000;64.0;5.36;0.75;FEB;2;DPW - CGNC;22;NAVIOCARGAGERAL;CGNC;765;D2030_215_newpanamax
36.0;225.0;0.0;11.7;1.0;9;20;WED;2;19;False;False;False;55000;50.0;5.59;0.75;FEB;2;SUZANO;25;NAVIOCARGAGERAL;CGNC;766;D2030_215_newpanamax
23.0;185.0;9.75;9.75;3.0;7;21;WED;2;19;False;False;False;1000;16.8;3.25;0.75;FEB;2;SANTOSBR;31;FULLYCELLULAR;CGC;767;D2030_215_newpanamax
43.0;339.0;14.0;14.0;3.0;7;21;WED;2;19;False;False;False;6000;25.92;1.2;0.75;FEB;2;SANTOSBR;31;POST-PANAMAXII;CGC;768;D2030_215_newpanamax
23.0;195.0;8.75;8.75;3.0;9;28;WED;2;19;False;False;True;1500;20.97;5.28;0.75;FEB;2;TEV;37;CARGARO-RO;RORO;769;D2030_215_newpanamax
23.0;225.0;0.0;13.25;1.0;9;23;WED;2;19;False;False;False;70000;61.75;6.48;0.75;FEB;2;TGRAO;39;PANAMAX;GSA - E;770;D2030_215_newpanamax
23.0;295.0;0.0;10.75;1.0;9;17;WED;2;19;True;False;False;76500;53.08;0.0;0.75;FEB;2;TRSP;44;LNGCARRIER;GL;771;D2030_215_newpanamax
19.0;88.8;5.0;5.3;1.0;17;47;0;2;19;False;False;False;0;48.17;0.08;0.75;0;2;TUP - Saipem;8;HANDYSIZE;CGNC;772;D2030_215_newpanamax
23.0;195.0;9.75;9.75;3.0;11;29;THU;3;20;False;False;False;1000;16.8;2.77;0.75;FEB;2;TECON10;3;FULLYCELLULAR;CGC;773;D2030_215_newpanamax
23.0;225.0;0.0;13.25;1.0;10;23;THU;3;20;False;False;False;70000;51.12;3.62;0.75;FEB;2;RUMO - GSA - E;4;PANAMAX;GSA - E;774;D2030_215_newpanamax
23.0;155.0;8.75;0.0;2.0;11;29;THU;3;20;False;False;False;18000;45.88;0.48;0.75;FEB;2;AGEO_TERMINAIS;11;GPGENERALPURPOSE;GL;775;D2030_215_newpanamax
23.0;185.0;9.75;0.0;2.0;11;29;THU;3;20;False;False;False;35000;64.43;0.33;0.75;FEB;2;AGEO_TERMINAIS;11;MRMEDIUMRANGE;GL;776;D2030_215_newpanamax
23.0;215.0;9.25;9.25;3.0;10;30;THU;3;20;False;False;False;1000;13.85;1.24;0.75;FEB;2;BTP;13;FULLYCELLULAR;CGC;777;D2030_215_newpanamax
43.0;339.0;14.0;14.0;3.0;10;30;THU;3;20;False;False;False;6000;23.63;1.98;0.75;FEB;2;BTP;13;POST-PANAMAXII;CGC;778;D2030_215_newpanamax
23.0;245.0;11.25;11.25;3.0;11;30;THU;3;20;False;False;False;3000;17.86;2.68;0.75;FEB;2;DPW - CGC;21;PANAMAX;CGC;779;D2030_215_newpanamax
36.0;225.0;0.0;13.0;1.0;12;34;THU;3;20;False;False;False;55000;64.0;1.0;0.75;FEB;2;DPW - CGNC;22;NAVIOCARGAGERAL;CGNC;780;D2030_215_newpanamax
23.0;215.0;9.75;9.75;3.0;12;34;THU;3;20;False;False;False;1000;16.8;1.84;0.75;FEB;2;SANTOSBR;31;FULLYCELLULAR;CGC;781;D2030_215_newpanamax
23.0;265.0;11.25;11.25;3.0;12;34;THU;3;20;False;False;False;3000;15.61;1.51;0.75;FEB;2;SANTOSBR;31;PANAMAX;CGC;782;D2030_215_newpanamax
23.0;305.0;12.25;12.25;3.0;12;34;THU;3;20;False;False;False;4000;21.3;1.33;0.75;FEB;2;SANTOSBR;31;POST-PANAMAXI;CGC;783;D2030_215_newpanamax
23.0;225.0;0.0;13.25;1.0;8;27;THU;3;20;False;False;False;70000;88.35;1.63;0.75;FEB;2;TEAG;33;PANAMAX;GSA - E;784;D2030_215_newpanamax
23.0;225.0;0.0;13.25;1.0;10;22;THU;3;20;False;False;False;70000;78.07;0.67;0.75;FEB;2;TEG;34;PANAMAX;GSA - E;785;D2030_215_newpanamax
23.0;225.0;0.0;13.25;1.0;10;26;THU;3;20;False;False;False;70000;39.92;2.11;0.75;FEB;2;TGG;38;PANAMAX;GSA - E;786;D2030_215_newpanamax
23.0;175.0;0.0;9.75;1.0;13;32;THU;3;20;False;False;False;35000;29.94;1.57;0.75;FEB;2;TRANSPETRO;43;MRMEDIUMRANGE;GL;787;D2030_215_newpanamax
23.0;155.0;0.0;8.75;1.0;11;28;THU;3;20;False;False;False;35000;90.66;9.06;0.75;FEB;2;USIMINAS;46;HANDYSIZE;CGNC;788;D2030_215_newpanamax
34.0;219.21;7.9;7.8;3.0;6;20;0;3;20;False;True;False;0;11.08;0.0;0.75;0;2;Concais;6;PASSAGEIROS;PASSAGEIROS;789;D2030_215_newpanamax
29.0;274.9;6.7;6.8;3.0;7;19;0;3;20;False;True;False;0;9.42;0.0;0.75;0;2;Concais;6;PASSAGEIROS;PASSAGEIROS;790;D2030_215_newpanamax
36.0;225.0;0.0;13.0;1.0;13;39;FRI;4;21;False;False;False;55000;99.0;2.7;0.75;FEB;2;ARAUCO;1;NAVIOCARGAGERAL;CGNC;791;D2030_215_newpanamax
23.0;225.0;0.0;13.25;1.0;14;36;FRI;4;21;False;False;False;70000;51.12;3.81;0.75;FEB;2;ADM;9;PANAMAX;GSA - E;792;D2030_215_newpanamax
23.0;135.0;7.75;7.75;3.0;12;35;FRI;4;21;False;False;False;500;20.71;1.58;0.75;FEB;2;BTP;13;FEEDER/EARLY;CGC;793;D2030_215_newpanamax
23.0;275.0;12.75;12.75;3.0;12;35;FRI;4;21;False;False;False;3000;14.7;1.64;0.75;FEB;2;BTP;13;PANAMAX;CGC;794;D2030_215_newpanamax
23.0;295.0;13.25;13.25;3.0;12;35;FRI;4;21;False;False;False;4000;20.66;2.87;0.75;FEB;2;BTP;13;POST-PANAMAXI;CGC;795;D2030_215_newpanamax
23.0;295.0;12.75;12.75;3.0;10;31;FRI;4;21;False;False;False;4000;20.66;1.27;0.75;FEB;2;BTP;13;POST-PANAMAXI;CGC;796;D2030_215_newpanamax
43.0;339.0;14.0;14.0;3.0;12;35;FRI;4;21;False;False;False;6000;23.63;1.05;0.75;FEB;2;BTP;13;POST-PANAMAXII;CGC;797;D2030_215_newpanamax
36.0;225.0;0.0;11.7;1.0;19;47;FRI;4;21;False;False;False;55000;50.0;5.7;0.75;FEB;2;SUZANO;25;NAVIOCARGAGERAL;CGNC;798;D2030_215_newpanamax
23.0;195.0;10.25;10.25;3.0;15;40;FRI;4;21;False;False;False;1000;16.8;1.08;0.75;FEB;2;SANTOSBR;31;FULLYCELLULAR;CGC;799;D2030_215_newpanamax
23.0;265.0;11.75;11.75;3.0;14;38;FRI;4;21;False;False;False;3000;15.61;2.63;0.75;FEB;2;SANTOSBR;31;PANAMAX;CGC;800;D2030_215_newpanamax
23.0;255.0;12.25;12.25;3.0;17;45;FRI;4;21;False;False;False;3000;15.61;1.35;0.75;FEB;2;SANTOSBR;31;PANAMAX;CGC;801;D2030_215_newpanamax
23.0;295.0;13.25;13.25;3.0;17;46;FRI;4;21;False;False;False;4000;21.3;3.31;0.75;FEB;2;SANTOSBR;31;POST-PANAMAXI;CGC;802;D2030_215_newpanamax
43.0;339.0;14.0;14.0;3.0;14;38;FRI;4;21;False;False;False;6000;25.92;0.73;0.75;FEB;2;SANTOSBR;31;POST-PANAMAXII;CGC;803;D2030_215_newpanamax
23.0;225.0;0.0;13.25;1.0;15;40;FRI;4;21;False;False;False;70000;88.35;2.17;0.75;FEB;2;TEAG;33;PANAMAX;GSA - E;804;D2030_215_newpanamax
23.0;225.0;0.0;13.25;1.0;15;36;FRI;4;21;False;False;False;70000;78.07;0.27;0.75;FEB;2;TEG;34;PANAMAX;GSA - E;805;D2030_215_newpanamax
23.0;235.0;8.75;8.75;3.0;13;39;FRI;4;21;False;False;True;5000;19.52;0.79;0.75;FEB;2;TEV;37;LARGEPCTC;RORO;806;D2030_215_newpanamax
23.0;215.0;8.25;8.25;3.0;13;39;FRI;4;21;False;False;True;3000;20.25;2.84;0.75;FEB;2;TEV;37;PCTCPADRAO;RORO;807;D2030_215_newpanamax
23.0;285.0;0.0;11.75;1.0;11;37;FRI;4;21;True;False;False;76500;53.08;0.0;0.75;FEB;2;TRSP;44;LNGCARRIER;GL;808;D2030_215_newpanamax
38.0;333.33;8.59;8.6;3.0;6;30;0;4;21;False;True;False;0;11.33;0.0;0.75;0;2;Concais;6;PASSAGEIROS;PASSAGEIROS;809;D2030_215_newpanamax
17.0;82.3;5.0;5.3;1.0;9;5;0;4;21;False;False;False;0;36.58;0.08;0.75;0;2;TUP - Saipem;8;HANDYSIZE;CGNC;810;D2030_215_newpanamax
23.0;255.0;12.25;12.25;3.0;17;47;SAT;5;22;False;False;False;3000;15.61;1.72;0.75;FEB;2;TECON10;3;PANAMAX;CGC;811;D2030_215_newpanamax
23.0;255.0;12.25;12.25;3.0;17;47;SAT;5;22;False;False;False;3000;15.61;1.81;0.75;FEB;2;TECON10;3;PANAMAX;CGC;812;D2030_215_newpanamax
23.0;185.0;11.25;0.0;2.0;20;54;SAT;5;22;False;False;False;35000;64.43;0.57;0.75;FEB;2;AGEO_TERMINAIS;11;MRMEDIUMRANGE;GL;813;D2030_215_newpanamax
23.0;295.0;14.25;14.25;3.0;20;54;SAT;5;22;False;False;False;4000;20.66;2.19;0.75;FEB;2;BTP;13;POST-PANAMAXI;CGC;814;D2030_215_newpanamax
23.0;195.0;11.25;11.25;3.0;18;51;SAT;5;22;False;False;False;1000;13.38;1.36;0.75;FEB;2;DPW - CGC;21;FULLYCELLULAR;CGC;815;D2030_215_newpanamax
23.0;305.0;13.75;13.75;3.0;18;50;SAT;5;22;False;False;False;4000;21.93;1.76;0.75;FEB;2;DPW - CGC;21;POST-PANAMAXI;CGC;816;D2030_215_newpanamax
36.0;225.0;0.0;11.7;1.0;18;48;SAT;5;22;False;False;False;55000;36.9;0.98;0.75;FEB;2;ELDORADO;23;NAVIOCARGAGERAL;CGNC;817;D2030_215_newpanamax
36.0;225.0;0.0;11.7;1.0;20;53;SAT;5;22;False;False;False;55000;50.0;6.39;0.75;FEB;2;SUZANO;25;NAVIOCARGAGERAL;CGNC;818;D2030_215_newpanamax
23.0;185.0;11.25;0.0;2.0;16;49;SAT;5;22;False;False;False;35000;59.07;3.41;0.75;FEB;2;STOLTHAVEN;32;MRMEDIUMRANGE;GL;819;D2030_215_newpanamax
23.0;225.0;0.0;13.75;1.0;16;51;SAT;5;22;False;False;False;70000;39.92;3.03;0.75;FEB;2;TGG;38;PANAMAX;GSA - E;820;D2030_215_newpanamax
23.0;225.0;0.0;13.75;1.0;16;46;SAT;5;22;False;False;False;70000;61.75;4.3;0.75;FEB;2;TGRAO;39;PANAMAX;GSA - E;821;D2030_215_newpanamax
50.0;305.0;8.7;8.7;3.0;5;45;0;5;22;False;True;False;0;10.58;0.0;0.75;0;2;Concais;6;PASSAGEIROS;PASSAGEIROS;822;D2030_215_newpanamax
52.0;331.43;8.55;8.6;3.0;6;18;0;5;22;False;True;False;0;10.0;0.0;0.75;0;2;Concais;6;PASSAGEIROS;PASSAGEIROS;823;D2030_215_newpanamax
23.0;225.0;0.0;13.75;1.0;23;13;SUN;6;23;False;False;False;70000;51.12;1.44;0.75;FEB;2;ADM;9;PANAMAX;GSA - E;824;D2030_215_newpanamax
23.0;155.0;10.75;0.0;2.0;23;32;SUN;6;23;False;False;False;18000;45.88;2.28;0.75;FEB;2;AGEO_TERMINAIS;11;GPGENERALPURPOSE;GL;825;D2030_215_newpanamax
23.0;245.0;14.25;14.25;3.0;20;56;SUN;6;23;False;False;False;3000;14.7;3.3;0.75;FEB;2;BTP;13;PANAMAX;CGC;826;D2030_215_newpanamax
23.0;295.0;14.25;14.25;3.0;20;56;SUN;6;23;False;False;False;4000;20.66;3.87;0.75;FEB;2;BTP;13;POST-PANAMAXI;CGC;827;D2030_215_newpanamax
23.0;185.0;10.0;0.0;2.0;22;59;SUN;6;23;False;False;False;35000;31.91;3.25;0.75;FEB;2;DOW;20;MRMEDIUMRANGE;GL;828;D2030_215_newpanamax
23.0;215.0;11.75;11.75;3.0;23;30;SUN;6;23;False;False;False;1000;13.38;0.84;0.75;FEB;2;DPW - CGC;21;FULLYCELLULAR;CGC;829;D2030_215_newpanamax
23.0;275.0;14.25;14.25;3.0;23;37;SUN;6;23;False;False;False;3000;17.86;1.75;0.75;FEB;2;DPW - CGC;21;PANAMAX;CGC;830;D2030_215_newpanamax
23.0;275.0;14.25;14.25;3.0;23;30;SUN;6;23;False;False;False;3000;17.86;1.85;0.75;FEB;2;DPW - CGC;21;PANAMAX;CGC;831;D2030_215_newpanamax
23.0;325.0;14.25;14.25;3.0;23;37;SUN;6;23;False;False;False;4000;21.93;1.05;0.75;FEB;2;DPW - CGC;21;POST-PANAMAXI;CGC;832;D2030_215_newpanamax
23.0;325.0;14.5;14.5;3.0;23;30;SUN;6;23;False;False;False;4000;21.93;1.39;0.75;FEB;2;DPW - CGC;21;POST-PANAMAXI;CGC;833;D2030_215_newpanamax
23.0;215.0;11.25;11.25;3.0;21;55;SUN;6;23;False;False;False;1000;16.8;2.14;0.75;FEB;2;SANTOSBR;31;FULLYCELLULAR;CGC;834;D2030_215_newpanamax
23.0;205.0;11.75;11.75;3.0;22;57;SUN;6;23;False;False;False;1000;16.8;2.07;0.75;FEB;2;SANTOSBR;31;FULLYCELLULAR;CGC;835;D2030_215_newpanamax
23.0;295.0;13.75;13.75;3.0;21;55;SUN;6;23;False;False;False;4000;21.3;2.74;0.75;FEB;2;SANTOSBR;31;POST-PANAMAXI;CGC;836;D2030_215_newpanamax
43.0;339.0;14.0;14.0;3.0;22;57;SUN;6;23;False;False;False;6000;25.92;1.42;0.75;FEB;2;SANTOSBR;31;POST-PANAMAXII;CGC;837;D2030_215_newpanamax
23.0;195.0;9.75;9.75;3.0;20;57;SUN;6;23;False;False;True;1500;20.97;1.05;0.75;FEB;2;TEV;37;CARGARO-RO;RORO;838;D2030_215_newpanamax
23.0;225.0;0.0;13.75;1.0;21;58;SUN;6;23;False;False;False;70000;39.92;1.74;0.75;FEB;2;TGG;38;PANAMAX;GSA - E;839;D2030_215_newpanamax
23.0;225.0;0.0;14.25;1.0;23;37;SUN;6;23;False;False;False;70000;39.92;1.38;0.75;FEB;2;TGG;38;PANAMAX;GSA - E;840;D2030_215_newpanamax
23.0;185.0;11.25;0.0;2.0;22;59;SUN;6;23;False;False;False;35000;29.94;4.54;0.75;FEB;2;TRANSPETRO;43;MRMEDIUMRANGE;GL;841;D2030_215_newpanamax
44.0;323.0;8.48;8.6;3.0;6;0;0;6;23;False;True;False;0;10.33;0.0;0.75;0;2;Concais;6;PASSAGEIROS;PASSAGEIROS;842;D2030_215_newpanamax
44.0;289.59;8.3;8.3;3.0;6;30;0;6;23;False;True;False;0;11.0;0.0;0.75;0;2;Concais;6;PASSAGEIROS;PASSAGEIROS;843;D2030_215_newpanamax
23.0;225.0;0.0;12.25;1.0;0;3;MON;0;24;False;False;False;70000;51.12;1.78;0.75;FEB;2;RUMO - GSA - E;4;PANAMAX;GSA - E;844;D2030_215_newpanamax
23.0;155.0;0.0;6.75;1.0;1;2;MON;0;24;False;False;False;18000;45.88;0.36;0.75;FEB;2;AGEO_TERMINAIS;11;GPGENERALPURPOSE;GL;845;D2030_215_newpanamax
36.0;225.0;0.0;13.0;1.0;3;9;MON;0;24;False;False;False;55000;99.66;2.17;0.75;FEB;2;BRACELL;12;NAVIOCARGAGERAL;CGNC;846;D2030_215_newpanamax
23.0;305.0;9.75;9.75;3.0;1;3;MON;0;24;False;False;False;4000;20.66;0.82;0.75;FEB;2;BTP;13;POST-PANAMAXI;CGC;847;D2030_215_newpanamax
23.0;195.0;7.25;7.25;3.0;1;2;MON;0;24;False;False;False;1000;13.38;1.36;0.75;FEB;2;DPW - CGC;21;FULLYCELLULAR;CGC;848;D2030_215_newpanamax
23.0;195.0;7.25;7.25;3.0;2;4;MON;0;24;False;False;False;1000;13.38;2.56;0.75;FEB;2;DPW - CGC;21;FULLYCELLULAR;CGC;849;D2030_215_newpanamax
23.0;265.0;9.25;9.25;3.0;1;3;MON;0;24;False;False;False;3000;17.86;2.2;0.75;FEB;2;DPW - CGC;21;PANAMAX;CGC;850;D2030_215_newpanamax
23.0;295.0;10.25;10.25;3.0;1;3;MON;0;24;False;False;False;4000;21.93;1.31;0.75;FEB;2;DPW - CGC;21;POST-PANAMAXI;CGC;851;D2030_215_newpanamax
43.0;339.0;14.0;14.0;3.0;1;2;MON;0;24;False;False;False;6000;27.82;2.81;0.75;FEB;2;DPW - CGC;21;POST-PANAMAXII;CGC;852;D2030_215_newpanamax
23.0;195.0;8.75;8.75;3.0;3;7;MON;0;24;False;False;False;1000;16.8;2.57;0.75;FEB;2;SANTOSBR;31;FULLYCELLULAR;CGC;853;D2030_215_newpanamax
23.0;255.0;9.75;9.75;3.0;3;7;MON;0;24;False;False;False;3000;15.61;2.18;0.75;FEB;2;SANTOSBR;31;PANAMAX;CGC;854;D2030_215_newpanamax
23.0;295.0;9.25;9.25;3.0;0;0;MON;0;24;False;False;False;4000;21.3;1.73;0.75;FEB;2;SANTOSBR;31;POST-PANAMAXI;CGC;855;D2030_215_newpanamax
43.0;339.0;14.0;14.0;3.0;0;0;MON;0;24;False;False;False;6000;25.92;1.39;0.75;FEB;2;SANTOSBR;31;POST-PANAMAXII;CGC;856;D2030_215_newpanamax
23.0;225.0;0.0;9.25;1.0;1;4;MON;0;24;False;False;False;70000;88.35;2.62;0.75;FEB;2;TEAG;33;PANAMAX;GSA - E;857;D2030_215_newpanamax
23.0;225.0;0.0;12.75;1.0;3;5;MON;0;24;False;False;False;70000;78.07;0.69;0.75;FEB;2;TEG;34;PANAMAX;GSA - E;858;D2030_215_newpanamax
23.0;225.0;0.0;11.25;1.0;0;0;MON;0;24;False;False;False;70000;39.92;0.8;0.75;FEB;2;TGG;38;PANAMAX;GSA - E;859;D2030_215_newpanamax
23.0;185.0;0.0;8.75;1.0;3;7;MON;0;24;False;False;False;35000;29.94;2.99;0.75;FEB;2;TRANSPETRO;43;MRMEDIUMRANGE;GL;860;D2030_215_newpanamax
23.0;175.0;0.0;5.75;1.0;0;0;MON;0;24;False;False;False;35000;90.66;10.77;0.75;FEB;2;USIMINAS;46;HANDYSIZE;CGNC;861;D2030_215_newpanamax
28.0;195.82;5.8;5.8;3.0;6;0;0;0;24;False;True;False;0;35.83;0.0;0.75;0;2;Concais;6;PASSAGEIROS;PASSAGEIROS;862;D2030_215_newpanamax
29.0;274.9;6.7;6.4;3.0;6;30;0;0;24;False;True;False;0;10.42;0.0;0.75;0;2;Concais;6;PASSAGEIROS;PASSAGEIROS;863;D2030_215_newpanamax
18.0;85.34;3.8;5.0;1.0;8;5;0;0;24;False;False;False;0;30.58;0.08;0.75;0;2;TUP - Saipem;8;HANDYSIZE;CGNC;864;D2030_215_newpanamax
23.0;225.0;0.0;12.75;1.0;7;13;TUE;1;25;False;False;False;70000;51.12;4.05;0.75;FEB;2;ADM;9;PANAMAX;GSA - E;865;D2030_215_newpanamax
23.0;185.0;0.0;8.75;1.0;6;16;TUE;1;25;False;False;False;35000;64.43;0.86;0.75;FEB;2;AGEO_TERMINAIS;11;MRMEDIUMRANGE;GL;866;D2030_215_newpanamax
23.0;295.0;11.75;11.75;3.0;5;14;TUE;1;25;False;False;False;4000;20.66;2.94;0.75;FEB;2;BTP;13;POST-PANAMAXI;CGC;867;D2030_215_newpanamax
43.0;339.0;14.0;14.0;3.0;3;9;TUE;1;25;False;False;False;6000;23.63;2.59;0.75;FEB;2;BTP;13;POST-PANAMAXII;CGC;868;D2030_215_newpanamax
23.0;215.0;9.25;9.25;3.0;6;16;TUE;1;25;False;False;False;1000;13.38;2.01;0.75;FEB;2;DPW - CGC;21;FULLYCELLULAR;CGC;869;D2030_215_newpanamax
23.0;295.0;11.25;11.25;3.0;6;16;TUE;1;25;False;False;False;4000;21.93;1.39;0.75;FEB;2;DPW - CGC;21;POST-PANAMAXI;CGC;870;D2030_215_newpanamax
23.0;255.0;10.25;10.25;3.0;5;15;TUE;1;25;False;False;False;3000;15.61;3.88;0.75;FEB;2;SANTOSBR;31;PANAMAX;CGC;871;D2030_215_newpanamax
43.0;339.0;14.0;14.0;3.0;5;15;TUE;1;25;False;False;False;6000;25.92;1.66;0.75;FEB;2;SANTOSBR;31;POST-PANAMAXII;CGC;872;D2030_215_newpanamax
23.0;225.0;0.0;10.25;1.0;5;11;TUE;1;25;False;False;False;70000;88.35;5.79;0.75;FEB;2;TEAG;33;PANAMAX;GSA - E;873;D2030_215_newpanamax
23.0;225.0;0.0;13.25;1.0;8;16;TUE;1;25;False;False;False;70000;39.92;3.84;0.75;FEB;2;TGG;38;PANAMAX;GSA - E;874;D2030_215_newpanamax
23.0;185.0;0.0;8.75;1.0;7;15;TUE;1;25;False;False;False;35000;29.94;0.62;0.75;FEB;2;TRANSPETRO;43;MRMEDIUMRANGE;GL;875;D2030_215_newpanamax
23.0;185.0;0.0;8.75;1.0;7;15;TUE;1;25;False;False;False;35000;29.94;2.68;0.75;FEB;2;TRANSPETRO;43;MRMEDIUMRANGE;GL;876;D2030_215_newpanamax
23.0;185.0;0.0;8.75;1.0;4;10;TUE;1;25;False;False;False;35000;29.94;2.44;0.75;FEB;2;TRANSPETRO;43;MRMEDIUMRANGE;GL;877;D2030_215_newpanamax
28.0;195.82;5.8;5.6;3.0;19;5;0;1;25;False;True;False;0;32.0;0.0;0.75;0;2;Concais;6;PASSAGEIROS;PASSAGEIROS;878;D2030_215_newpanamax
23.0;225.0;13.25;0.0;2.0;2;10;WED;2;26;False;False;False;70000;111.09;1.77;0.75;FEB;2;RUMO - GSM - I;5;PANAMAX;GSM - I;879;D2030_215_newpanamax
23.0;295.0;11.75;11.75;3.0;6;18;WED;2;26;False;False;False;4000;20.66;1.66;0.75;FEB;2;BTP;13;POST-PANAMAXI;CGC;880;D2030_215_newpanamax
23.0;295.0;12.25;12.25;3.0;7;22;WED;2;26;False;False;False;4000;20.66;2.99;0.75;FEB;2;BTP;13;POST-PANAMAXI;CGC;881;D2030_215_newpanamax
23.0;225.0;0.0;13.25;1.0;11;32;WED;2;26;False;False;False;70000;54.03;1.05;0.75;FEB;2;CUTRALE - GSA - E;19;PANAMAX;GSA - E;882;D2030_215_newpanamax
23.0;215.0;9.75;9.75;3.0;10;28;WED;2;26;False;False;False;1000;13.38;3.16;0.75;FEB;2;DPW - CGC;21;FULLYCELLULAR;CGC;883;D2030_215_newpanamax
23.0;215.0;9.75;9.75;3.0;10;28;WED;2;26;False;False;False;1000;13.38;2.98;0.75;FEB;2;DPW - CGC;21;FULLYCELLULAR;CGC;884;D2030_215_newpanamax
23.0;275.0;10.75;10.75;3.0;10;27;WED;2;26;False;False;False;3000;17.86;0.99;0.75;FEB;2;DPW - CGC;21;PANAMAX;CGC;885;D2030_215_newpanamax
23.0;295.0;12.25;12.25;3.0;10;28;WED;2;26;False;False;False;4000;21.93;1.82;0.75;FEB;2;DPW - CGC;21;POST-PANAMAXI;CGC;886;D2030_215_newpanamax
23.0;295.0;12.25;12.25;3.0;10;27;WED;2;26;False;False;False;4000;21.93;1.91;0.75;FEB;2;DPW - CGC;21;POST-PANAMAXI;CGC;887;D2030_215_newpanamax
43.0;339.0;14.0;14.0;3.0;10;28;WED;2;26;False;False;False;6000;27.82;1.94;0.75;FEB;2;DPW - CGC;21;POST-PANAMAXII;CGC;888;D2030_215_newpanamax
23.0;175.0;0.0;9.75;1.0;10;37;WED;2;26;False;False;False;35000;137.91;0.09;0.75;FEB;2;NST - GL;30;MRMEDIUMRANGE;GL;889;D2030_215_newpanamax
23.0;245.0;10.75;10.75;3.0;7;21;WED;2;26;False;False;False;3000;15.61;1.93;0.75;FEB;2;SANTOSBR;31;PANAMAX;CGC;890;D2030_215_newpanamax
23.0;225.0;0.0;13.25;1.0;7;18;WED;2;26;False;False;False;70000;78.07;2.83;0.75;FEB;2;TEG;34;PANAMAX;GSA - E;891;D2030_215_newpanamax
23.0;195.0;8.75;8.75;3.0;9;26;WED;2;26;False;False;True;1500;20.97;5.08;0.75;FEB;2;TEV;37;CARGARO-RO;RORO;892;D2030_215_newpanamax
23.0;175.0;9.75;0.0;2.0;9;26;WED;2;26;False;False;False;35000;72.19;4.97;0.75;FEB;2;TIPLAM - GSM - I;42;HANDYSIZE;GSM - I;893;D2030_215_newpanamax
23.0;185.0;0.0;9.25;1.0;10;25;WED;2;26;False;False;False;35000;29.94;2.57;0.75;FEB;2;TRANSPETRO;43;MRMEDIUMRANGE;GL;894;D2030_215_newpanamax
36.0;225.0;0.0;13.0;1.0;10;27;THU;3;27;False;False;False;55000;99.0;3.45;0.75;FEB;2;ARAUCO;1;NAVIOCARGAGERAL;CGNC;895;D2030_215_newpanamax
23.0;225.0;0.0;13.25;1.0;12;27;THU;3;27;False;False;False;70000;51.12;1.08;0.75;FEB;2;RUMO - GSA - E;4;PANAMAX;GSA - E;896;D2030_215_newpanamax
23.0;155.0;8.75;0.0;2.0;11;30;THU;3;27;False;False;False;18000;45.88;1.1;0.75;FEB;2;AGEO_TERMINAIS;11;GPGENERALPURPOSE;GL;897;D2030_215_newpanamax
23.0;185.0;9.75;0.0;2.0;11;30;THU;3;27;False;False;False;35000;64.43;0.73;0.75;FEB;2;AGEO_TERMINAIS;11;MRMEDIUMRANGE;GL;898;D2030_215_newpanamax
36.0;225.0;0.0;13.0;1.0;13;34;THU;3;27;False;False;False;55000;99.66;2.64;0.75;FEB;2;BRACELL;12;NAVIOCARGAGERAL;CGNC;899;D2030_215_newpanamax
23.0;295.0;12.75;12.75;3.0;10;30;THU;3;27;False;False;False;4000;20.66;1.51;0.75;FEB;2;BTP;13;POST-PANAMAXI;CGC;900;D2030_215_newpanamax
23.0;255.0;11.25;11.25;3.0;12;34;THU;3;27;False;False;False;3000;17.86;0.85;0.75;FEB;2;DPW - CGC;21;PANAMAX;CGC;901;D2030_215_newpanamax
43.0;339.0;14.0;14.0;3.0;12;34;THU;3;27;False;False;False;6000;27.82;1.3;0.75;FEB;2;DPW - CGC;21;POST-PANAMAXII;CGC;902;D2030_215_newpanamax
23.0;135.0;6.75;6.75;3.0;11;29;THU;3;27;False;False;False;500;7.08;1.03;0.75;FEB;2;SANTOSBR;31;FEEDER/EARLY;CGC;903;D2030_215_newpanamax
23.0;255.0;11.25;11.25;3.0;11;29;THU;3;27;False;False;False;3000;15.61;1.78;0.75;FEB;2;SANTOSBR;31;PANAMAX;CGC;904;D2030_215_newpanamax
23.0;295.0;12.25;12.25;3.0;11;29;THU;3;27;False;False;False;4000;21.3;1.85;0.75;FEB;2;SANTOSBR;31;POST-PANAMAXI;CGC;905;D2030_215_newpanamax
43.0;339.0;14.0;14.0;3.0;12;34;THU;3;27;False;False;False;6000;25.92;2.13;0.75;FEB;2;SANTOSBR;31;POST-PANAMAXII;CGC;906;D2030_215_newpanamax
23.0;175.0;10.25;0.0;2.0;6;26;THU;3;27;False;False;False;35000;50.86;5.34;0.75;FEB;2;TERMAG;35;HANDYSIZE;GSM - I;907;D2030_215_newpanamax
23.0;195.0;9.25;9.25;3.0;12;38;THU;3;27;False;False;True;1500;20.97;2.21;0.75;FEB;2;TEV;37;CARGARO-RO;RORO;908;D2030_215_newpanamax
23.0;225.0;0.0;13.25;1.0;11;31;THU;3;27;False;False;False;70000;61.75;1.99;0.75;FEB;2;TGRAO;39;PANAMAX;GSA - E;909;D2030_215_newpanamax
23.0;155.0;8.75;0.0;2.0;11;29;THU;3;27;False;False;False;18000;42.57;20.38;0.75;FEB;2;ULTRACARGO;45;GPGENERALPURPOSE;GL;910;D2030_215_newpanamax
32.0;250.0;7.5;7.5;3.0;4;50;0;3;27;False;True;False;0;40.5;0.0;0.75;0;2;Concais;6;PASSAGEIROS;PASSAGEIROS;911;D2030_215_newpanamax
44.0;289.59;8.3;8.3;3.0;6;30;0;3;27;False;True;False;0;10.83;0.0;0.75;0;2;Concais;6;PASSAGEIROS;PASSAGEIROS;912;D2030_215_newpanamax
29.0;274.9;6.7;6.8;3.0;7;30;0;3;27;False;True;False;0;9.67;0.0;0.75;0;2;Concais;6;PASSAGEIROS;PASSAGEIROS;913;D2030_215_newpanamax
17.0;82.3;4.6;5.0;1.0;8;30;0;3;27;False;False;False;0;6.17;0.08;0.75;0;2;TUP - Saipem;8;HANDYSIZE;CGNC;914;D2030_215_newpanamax
23.0;225.0;0.0;13.25;1.0;15;38;FRI;4;28;False;False;False;70000;51.12;4.65;0.75;FEB;2;RUMO - GSA - E;4;PANAMAX;GSA - E;915;D2030_215_newpanamax
23.0;225.0;0.0;13.25;1.0;16;40;FRI;4;28;False;False;False;70000;51.12;4.17;0.75;FEB;2;ADM;9;PANAMAX;GSA - E;916;D2030_215_newpanamax
23.0;135.0;7.75;7.75;3.0;12;35;FRI;4;28;False;False;False;500;20.71;2.67;0.75;FEB;2;BTP;13;FEEDER/EARLY;CGC;917;D2030_215_newpanamax
23.0;275.0;12.75;12.75;3.0;12;35;FRI;4;28;False;False;False;3000;14.7;0.84;0.75;FEB;2;BTP;13;PANAMAX;CGC;918;D2030_215_newpanamax
23.0;305.0;12.75;12.75;3.0;11;34;FRI;4;28;False;False;False;4000;20.66;1.72;0.75;FEB;2;BTP;13;POST-PANAMAXI;CGC;919;D2030_215_newpanamax
43.0;339.0;14.0;14.0;3.0;12;35;FRI;4;28;False;False;False;6000;23.63;0.72;0.75;FEB;2;BTP;13;POST-PANAMAXII;CGC;920;D2030_215_newpanamax
43.0;339.0;14.0;14.0;3.0;11;34;FRI;4;28;False;False;False;6000;23.63;5.22;0.75;FEB;2;BTP;13;POST-PANAMAXII;CGC;921;D2030_215_newpanamax
23.0;275.0;11.25;11.25;3.0;13;37;FRI;4;28;False;False;False;3000;17.86;1.98;0.75;FEB;2;DPW - CGC;21;PANAMAX;CGC;922;D2030_215_newpanamax
23.0;205.0;10.25;10.25;3.0;15;40;FRI;4;28;False;False;False;1000;16.8;2.61;0.75;FEB;2;SANTOSBR;31;FULLYCELLULAR;CGC;923;D2030_215_newpanamax
23.0;275.0;11.75;11.75;3.0;16;44;FRI;4;28;False;False;False;3000;15.61;5.48;0.75;FEB;2;SANTOSBR;31;PANAMAX;CGC;924;D2030_215_newpanamax
23.0;265.0;11.75;11.75;3.0;15;40;FRI;4;28;False;False;False;3000;15.61;3.54;0.75;FEB;2;SANTOSBR;31;PANAMAX;CGC;925;D2030_215_newpanamax
23.0;295.0;12.75;12.75;3.0;14;38;FRI;4;28;False;False;False;4000;21.3;5.16;0.75;FEB;2;SANTOSBR;31;POST-PANAMAXI;CGC;926;D2030_215_newpanamax
23.0;295.0;12.75;12.75;3.0;15;40;FRI;4;28;False;False;False;4000;21.3;2.08;0.75;FEB;2;SANTOSBR;31;POST-PANAMAXI;CGC;927;D2030_215_newpanamax
43.0;339.0;14.0;14.0;3.0;15;40;FRI;4;28;False;False;False;6000;25.92;1.65;0.75;FEB;2;SANTOSBR;31;POST-PANAMAXII;CGC;928;D2030_215_newpanamax
23.0;195.0;9.25;9.25;3.0;13;39;FRI;4;28;False;False;True;1500;20.97;4.85;0.75;FEB;2;TEV;37;CARGARO-RO;RORO;929;D2030_215_newpanamax
23.0;195.0;9.25;9.25;3.0;13;40;FRI;4;28;False;False;True;1500;20.97;14.73;0.75;FEB;2;TEV;37;CARGARO-RO;RORO;930;D2030_215_newpanamax
23.0;225.0;0.0;13.25;1.0;12;37;FRI;4;28;False;False;False;70000;39.92;1.87;0.75;FEB;2;TGG;38;PANAMAX;GSA - E;931;D2030_215_newpanamax
23.0;225.0;0.0;13.75;1.0;15;44;FRI;4;28;False;False;False;70000;61.75;5.34;0.75;FEB;2;TGRAO;39;PANAMAX;GSA - E;932;D2030_215_newpanamax
38.0;333.33;8.7;8.7;3.0;6;30;0;4;28;False;True;False;0;11.08;0.0;0.75;0;2;Concais;6;PASSAGEIROS;PASSAGEIROS;933;D2030_215_newpanamax
19.0;88.8;5.1;5.0;1.0;2;40;0;4;28;False;False;False;0;18.75;0.17;0.75;0;2;TUP - Saipem;8;HANDYSIZE;CGNC;934;D2030_215_newpanamax
23.0;175.0;10.75;0.0;2.0;17;51;SAT;5;1;False;False;False;35000;50.86;9.65;0.75;MAR;3;RUMO - GSM - I;5;HANDYSIZE;GSM - I;935;D2030_215_newpanamax
23.0;135.0;7.75;7.75;3.0;16;46;SAT;5;1;False;False;False;500;20.71;0.79;0.75;MAR;3;BTP;13;FEEDER/EARLY;CGC;936;D2030_215_newpanamax
23.0;245.0;13.75;13.75;3.0;16;46;SAT;5;1;False;False;False;3000;14.7;1.52;0.75;MAR;3;BTP;13;PANAMAX;CGC;937;D2030_215_newpanamax
23.0;325.0;13.75;13.75;3.0;17;48;SAT;5;1;False;False;False;4000;20.66;4.09;0.75;MAR;3;BTP;13;POST-PANAMAXI;CGC;938;D2030_215_newpanamax
43.0;339.0;14.0;14.0;3.0;16;46;SAT;5;1;False;False;False;6000;23.63;4.01;0.75;MAR;3;BTP;13;POST-PANAMAXII;CGC;939;D2030_215_newpanamax
23.0;255.0;12.25;12.25;3.0;17;46;SAT;5;1;False;False;False;3000;17.86;2.86;0.75;MAR;3;DPW - CGC;21;PANAMAX;CGC;940;D2030_215_newpanamax
36.0;225.0;0.0;13.0;1.0;19;53;SAT;5;1;False;False;False;55000;64.0;1.52;0.75;MAR;3;DPW - CGNC;22;NAVIOCARGAGERAL;CGNC;941;D2030_215_newpanamax
23.0;265.0;12.75;12.75;3.0;19;52;SAT;5;1;False;False;False;3000;15.61;4.3;0.75;MAR;3;SANTOSBR;31;PANAMAX;CGC;942;D2030_215_newpanamax
43.0;339.0;14.0;14.0;3.0;17;47;SAT;5;1;False;False;False;6000;25.92;1.83;0.75;MAR;3;SANTOSBR;31;POST-PANAMAXII;CGC;943;D2030_215_newpanamax
23.0;195.0;9.25;9.25;3.0;15;47;SAT;5;1;False;False;True;1500;20.97;0.73;0.75;MAR;3;TEV;37;CARGARO-RO;RORO;944;D2030_215_newpanamax
23.0;295.0;0.0;11.75;1.0;11;55;SAT;5;1;True;False;False;76500;53.08;0.0;0.75;MAR;3;TRSP;44;LNGCARRIER;GL;945;D2030_215_newpanamax
50.0;305.0;8.7;8.5;3.0;5;45;0;5;1;False;True;False;0;10.5;0.0;0.75;0;3;Concais;6;PASSAGEIROS;PASSAGEIROS;946;D2030_215_newpanamax
52.0;331.43;8.55;8.55;3.0;6;18;0;5;1;False;True;False;0;10.25;0.0;0.75;0;3;Concais;6;PASSAGEIROS;PASSAGEIROS;947;D2030_215_newpanamax
23.0;225.0;0.0;13.75;1.0;21;52;SUN;6;2;False;False;False;70000;51.12;7.17;0.75;MAR;3;ADM;9;PANAMAX;GSA - E;948;D2030_215_newpanamax
23.0;165.0;10.25;0.0;2.0;22;8;SUN;6;2;False;False;False;18000;45.88;0.67;0.75;MAR;3;AGEO_TERMINAIS;11;GPGENERALPURPOSE;GL;949;D2030_215_newpanamax
23.0;205.0;0.0;10.25;1.0;20;59;SUN;6;2;False;False;False;35000;57.8;4.97;0.75;MAR;3;CUTRALE - GL;18;MRMEDIUMRANGE;GL;950;D2030_215_newpanamax
23.0;305.0;14.25;14.25;3.0;22;59;SUN;6;2;False;False;False;4000;21.93;0.96;0.75;MAR;3;DPW - CGC;21;POST-PANAMAXI;CGC;951;D2030_215_newpanamax
23.0;205.0;11.75;11.75;3.0;22;58;SUN;6;2;False;False;False;1000;16.8;2.93;0.75;MAR;3;SANTOSBR;31;FULLYCELLULAR;CGC;952;D2030_215_newpanamax
23.0;215.0;11.25;11.25;3.0;21;55;SUN;6;2;False;False;False;1000;16.8;5.51;0.75;MAR;3;SANTOSBR;31;FULLYCELLULAR;CGC;953;D2030_215_newpanamax
23.0;275.0;13.25;13.25;3.0;22;54;SUN;6;2;False;False;False;3000;15.61;1.18;0.75;MAR;3;SANTOSBR;31;PANAMAX;CGC;954;D2030_215_newpanamax
23.0;295.0;13.75;13.75;3.0;22;58;SUN;6;2;False;False;False;4000;21.3;1.49;0.75;MAR;3;SANTOSBR;31;POST-PANAMAXI;CGC;955;D2030_215_newpanamax
43.0;339.0;14.0;14.0;3.0;22;58;SUN;6;2;False;False;False;6000;25.92;2.57;0.75;MAR;3;SANTOSBR;31;POST-PANAMAXII;CGC;956;D2030_215_newpanamax
23.0;225.0;0.0;13.25;1.0;20;58;SUN;6;2;False;False;False;70000;88.35;1.56;0.75;MAR;3;TEAG;33;PANAMAX;GSA - E;957;D2030_215_newpanamax
23.0;175.0;9.75;0.0;2.0;20;13;SUN;6;2;False;False;False;35000;90.66;3.79;0.75;MAR;3;USIMINAS;46;HANDYSIZE;CGNC;958;D2030_215_newpanamax
44.0;323.0;8.7;8.7;3.0;6;0;0;6;2;False;True;False;0;10.75;0.0;0.75;0;3;Concais;6;PASSAGEIROS;PASSAGEIROS;959;D2030_215_newpanamax
44.0;289.59;8.3;8.3;3.0;6;30;0;6;2;False;True;False;0;10.75;0.0;0.75;0;3;Concais;6;PASSAGEIROS;PASSAGEIROS;960;D2030_215_newpanamax
23.0;225.0;0.0;12.25;1.0;0;2;MON;0;3;False;False;False;70000;51.12;2.35;0.75;MAR;3;RUMO - GSA - E;4;PANAMAX;GSA - E;961;D2030_215_newpanamax
23.0;135.0;7.75;7.75;3.0;0;2;MON;0;3;False;False;False;500;20.71;3.01;0.75;MAR;3;BTP;13;FEEDER/EARLY;CGC;962;D2030_215_newpanamax
23.0;295.0;10.25;10.25;3.0;1;5;MON;0;3;False;False;False;4000;20.66;3.31;0.75;MAR;3;BTP;13;POST-PANAMAXI;CGC;963;D2030_215_newpanamax
23.0;185.0;8.25;8.25;3.0;2;5;MON;0;3;False;False;False;1000;13.38;3.3;0.75;MAR;3;DPW - CGC;21;FULLYCELLULAR;CGC;964;D2030_215_newpanamax
23.0;195.0;7.25;7.25;3.0;0;1;MON;0;3;False;False;False;1000;13.38;2.59;0.75;MAR;3;DPW - CGC;21;FULLYCELLULAR;CGC;965;D2030_215_newpanamax
23.0;245.0;9.75;9.75;3.0;2;4;MON;0;3;False;False;False;3000;17.86;5.69;0.75;MAR;3;DPW - CGC;21;PANAMAX;CGC;966;D2030_215_newpanamax
23.0;245.0;8.75;8.75;3.0;0;1;MON;0;3;False;False;False;3000;17.86;1.88;0.75;MAR;3;DPW - CGC;21;PANAMAX;CGC;967;D2030_215_newpanamax
23.0;295.0;10.25;10.25;3.0;2;4;MON;0;3;False;False;False;4000;21.93;1.45;0.75;MAR;3;DPW - CGC;21;POST-PANAMAXI;CGC;968;D2030_215_newpanamax
23.0;195.0;8.75;8.75;3.0;3;7;MON;0;3;False;False;False;1000;16.8;2.27;0.75;MAR;3;SANTOSBR;31;FULLYCELLULAR;CGC;969;D2030_215_newpanamax
23.0;255.0;9.75;9.75;3.0;2;6;MON;0;3;False;False;False;3000;15.61;2.54;0.75;MAR;3;SANTOSBR;31;PANAMAX;CGC;970;D2030_215_newpanamax
23.0;295.0;10.25;10.25;3.0;2;6;MON;0;3;False;False;False;4000;21.3;2.11;0.75;MAR;3;SANTOSBR;31;POST-PANAMAXI;CGC;971;D2030_215_newpanamax
43.0;339.0;14.0;14.0;3.0;0;2;MON;0;3;False;False;False;6000;25.92;3.27;0.75;MAR;3;SANTOSBR;31;POST-PANAMAXII;CGC;972;D2030_215_newpanamax
23.0;225.0;0.0;8.25;1.0;0;1;MON;0;3;False;False;False;70000;88.35;0.09;0.75;MAR;3;TEAG;33;PANAMAX;GSA - E;973;D2030_215_newpanamax
23.0;195.0;6.25;6.25;3.0;0;1;MON;0;3;False;False;True;1500;20.97;1.45;0.75;MAR;3;TEV;37;CARGARO-RO;RORO;974;D2030_215_newpanamax
23.0;225.0;7.75;0.0;2.0;0;0;MON;0;3;False;False;False;70000;104.45;2.28;0.75;MAR;3;TIPLAM - GSM - I;42;PANAMAX;GSM - I;975;D2030_215_newpanamax
23.0;185.0;0.0;7.75;1.0;0;1;MON;0;3;False;False;False;35000;29.94;3.82;0.75;MAR;3;TRANSPETRO;43;MRMEDIUMRANGE;GL;976;D2030_215_newpanamax
17.0;82.3;4.5;4.7;1.0;14;20;0;0;3;False;False;False;0;21.83;0.17;0.75;0;3;TUP - Saipem;8;HANDYSIZE;CGNC;977;D2030_215_newpanamax
23.0;225.0;0.0;12.75;1.0;7;12;TUE;1;4;False;False;False;70000;51.12;2.28;0.75;MAR;3;RUMO - GSA - E;4;PANAMAX;GSA - E;978;D2030_215_newpanamax
23.0;155.0;0.0;7.75;1.0;4;10;TUE;1;4;False;False;False;18000;45.88;0.4;0.75;MAR;3;AGEO_TERMINAIS;11;GPGENERALPURPOSE;GL;979;D2030_215_newpanamax
23.0;185.0;0.0;8.25;1.0;3;8;TUE;1;4;False;False;False;35000;64.43;0.36;0.75;MAR;3;AGEO_TERMINAIS;11;MRMEDIUMRANGE;GL;980;D2030_215_newpanamax
23.0;185.0;0.0;8.25;1.0;4;9;TUE;1;4;False;False;False;35000;64.43;0.28;0.75;MAR;3;AGEO_TERMINAIS;11;MRMEDIUMRANGE;GL;981;D2030_215_newpanamax
23.0;245.0;10.75;10.75;3.0;2;7;TUE;1;4;False;False;False;3000;14.7;1.42;0.75;MAR;3;BTP;13;PANAMAX;CGC;982;D2030_215_newpanamax
43.0;339.0;14.0;14.0;3.0;2;7;TUE;1;4;False;False;False;6000;23.63;2.34;0.75;MAR;3;BTP;13;POST-PANAMAXII;CGC;983;D2030_215_newpanamax
23.0;145.0;6.75;6.75;3.0;4;10;TUE;1;4;False;False;False;500;12.93;1.49;0.75;MAR;3;DPW - CGC;21;FEEDER/EARLY;CGC;984;D2030_215_newpanamax
23.0;275.0;9.75;9.75;3.0;4;10;TUE;1;4;False;False;False;3000;17.86;1.68;0.75;MAR;3;DPW - CGC;21;PANAMAX;CGC;985;D2030_215_newpanamax
23.0;295.0;10.75;10.75;3.0;4;10;TUE;1;4;False;False;False;4000;21.93;1.2;0.75;MAR;3;DPW - CGC;21;POST-PANAMAXI;CGC;986;D2030_215_newpanamax
43.0;339.0;14.0;14.0;3.0;4;9;TUE;1;4;False;False;False;6000;27.82;3.83;0.75;MAR;3;DPW - CGC;21;POST-PANAMAXII;CGC;987;D2030_215_newpanamax
23.0;255.0;10.25;10.25;3.0;5;12;TUE;1;4;False;False;False;3000;15.61;2.99;0.75;MAR;3;SANTOSBR;31;PANAMAX;CGC;988;D2030_215_newpanamax
43.0;339.0;14.0;14.0;3.0;5;12;TUE;1;4;False;False;False;6000;25.92;4.55;0.75;MAR;3;SANTOSBR;31;POST-PANAMAXII;CGC;989;D2030_215_newpanamax
38.0;250.0;0.0;14.0;1.0;6;12;TUE;1;4;False;False;False;85000;110.17;0.31;0.75;MAR;3;TEG;34;POST-PANAMAX;GSA - E;990;D2030_215_newpanamax
23.0;225.0;0.0;13.25;1.0;7;15;TUE;1;4;False;False;False;70000;39.92;2.21;0.75;MAR;3;TGG;38;PANAMAX;GSA - E;991;D2030_215_newpanamax
23.0;185.0;0.0;8.75;1.0;4;10;TUE;1;4;False;False;False;35000;29.94;3.33;0.75;MAR;3;TRANSPETRO;43;MRMEDIUMRANGE;GL;992;D2030_215_newpanamax
23.0;135.0;0.0;7.25;1.0;4;14;TUE;1;4;False;False;False;35000;90.66;2.41;0.75;MAR;3;USIMINAS;46;HANDYSIZE;CGNC;993;D2030_215_newpanamax
29.0;274.9;6.7;6.7;3.0;6;30;0;1;4;False;True;False;0;10.33;0.0;0.75;0;3;Concais;6;PASSAGEIROS;PASSAGEIROS;994;D2030_215_newpanamax
23.0;255.0;10.75;10.75;3.0;8;23;WED;2;5;False;False;False;3000;15.61;1.81;0.75;MAR;3;TECON10;3;PANAMAX;CGC;995;D2030_215_newpanamax
23.0;225.0;0.0;12.75;1.0;8;17;WED;2;5;False;False;False;70000;51.12;2.58;0.75;MAR;3;RUMO - GSA - E;4;PANAMAX;GSA - E;996;D2030_215_newpanamax
23.0;175.0;8.25;0.0;2.0;9;23;WED;2;5;False;False;False;35000;37.45;12.55;0.75;MAR;3;ADONAI;10;MRMEDIUMRANGE;GL;997;D2030_215_newpanamax
23.0;295.0;11.75;11.75;3.0;5;16;WED;2;5;False;False;False;4000;20.66;5.6;0.75;MAR;3;BTP;13;POST-PANAMAXI;CGC;998;D2030_215_newpanamax
23.0;165.0;8.25;0.0;2.0;12;29;WED;2;5;False;False;False;18000;12.03;2.8;0.75;MAR;3;DOW;20;GPGENERALPURPOSE;GL;999;D2030_215_newpanamax
23.0;215.0;9.75;9.75;3.0;9;24;WED;2;5;False;False;False;1000;13.38;1.31;0.75;MAR;3;DPW - CGC;21;FULLYCELLULAR;CGC;1000;D2030_215_newpanamax
23.0;255.0;10.75;10.75;3.0;9;24;WED;2;5;False;False;False;3000;17.86;1.8;0.75;MAR;3;DPW - CGC;21;PANAMAX;CGC;1001;D2030_215_newpanamax
23.0;305.0;11.75;11.75;3.0;9;25;WED;2;5;False;False;False;4000;21.93;2.26;0.75;MAR;3;DPW - CGC;21;POST-PANAMAXI;CGC;1002;D2030_215_newpanamax
36.0;225.0;0.0;13.0;1.0;8;23;WED;2;5;False;False;False;55000;64.0;4.46;0.75;MAR;3;DPW - CGNC;22;NAVIOCARGAGERAL;CGNC;1003;D2030_215_newpanamax
23.0;185.0;9.75;9.75;3.0;8;23;WED;2;5;False;False;False;1000;16.8;1.05;0.75;MAR;3;SANTOSBR;31;FULLYCELLULAR;CGC;1004;D2030_215_newpanamax
23.0;255.0;10.75;10.75;3.0;8;23;WED;2;5;False;False;False;3000;15.61;1.75;0.75;MAR;3;SANTOSBR;31;PANAMAX;CGC;1005;D2030_215_newpanamax
23.0;295.0;12.25;12.25;3.0;8;23;WED;2;5;False;False;False;4000;21.3;3.54;0.75;MAR;3;SANTOSBR;31;POST-PANAMAXI;CGC;1006;D2030_215_newpanamax
43.0;339.0;14.0;14.0;3.0;7;20;WED;2;5;False;False;False;6000;25.92;2.52;0.75;MAR;3;SANTOSBR;31;POST-PANAMAXII;CGC;1007;D2030_215_newpanamax
23.0;225.0;14.25;0.0;2.0;5;20;WED;2;5;False;False;False;70000;111.09;4.39;0.75;MAR;3;TERMAG;35;PANAMAX;GSM - I;1008;D2030_215_newpanamax
23.0;195.0;8.75;8.75;3.0;7;23;WED;2;5;False;False;True;1500;20.97;3.89;0.75;MAR;3;TEV;37;CARGARO-RO;RORO;1009;D2030_215_newpanamax
23.0;195.0;8.75;8.75;3.0;9;27;WED;2;5;False;False;True;1500;20.97;1.83;0.75;MAR;3;TEV;37;CARGARO-RO;RORO;1010;D2030_215_newpanamax
23.0;235.0;8.75;8.75;3.0;9;29;WED;2;5;False;False;True;5000;19.52;0.75;0.75;MAR;3;TEV;37;LARGEPCTC;RORO;1011;D2030_215_newpanamax
23.0;225.0;0.0;13.25;1.0;8;19;WED;2;5;False;False;False;70000;61.75;2.35;0.75;MAR;3;TGRAO;39;PANAMAX;GSA - E;1012;D2030_215_newpanamax
23.0;185.0;0.0;9.25;1.0;10;25;WED;2;5;False;False;False;35000;29.94;1.06;0.75;MAR;3;TRANSPETRO;43;MRMEDIUMRANGE;GL;1013;D2030_215_newpanamax
23.0;255.0;11.25;11.25;3.0;11;30;THU;3;6;False;False;False;3000;15.61;2.31;0.75;MAR;3;TECON10;3;PANAMAX;CGC;1014;D2030_215_newpanamax
23.0;265.0;11.25;11.25;3.0;12;34;THU;3;6;False;False;False;3000;15.61;2.25;0.75;MAR;3;TECON10;3;PANAMAX;CGC;1015;D2030_215_newpanamax
23.0;165.0;8.75;0.0;2.0;12;31;THU;3;6;False;False;False;18000;45.88;0.57;0.75;MAR;3;AGEO_TERMINAIS;11;GPGENERALPURPOSE;GL;1016;D2030_215_newpanamax
23.0;185.0;9.75;0.0;2.0;12;31;THU;3;6;False;False;False;35000;64.43;0.34;0.75;MAR;3;AGEO_TERMINAIS;11;MRMEDIUMRANGE;GL;1017;D2030_215_newpanamax
23.0;295.0;12.75;12.75;3.0;10;30;THU;3;6;False;False;False;4000;20.66;3.93;0.75;MAR;3;BTP;13;POST-PANAMAXI;CGC;1018;D2030_215_newpanamax
23.0;295.0;12.75;12.75;3.0;10;28;THU;3;6;False;False;False;4000;20.66;3.74;0.75;MAR;3;BTP;13;POST-PANAMAXI;CGC;1019;D2030_215_newpanamax
23.0;185.0;10.25;10.25;3.0;12;34;THU;3;6;False;False;False;1000;13.38;1.36;0.75;MAR;3;DPW - CGC;21;FULLYCELLULAR;CGC;1020;D2030_215_newpanamax
43.0;339.0;14.0;14.0;3.0;12;34;THU;3;6;False;False;False;6000;27.82;1.27;0.75;MAR;3;DPW - CGC;21;POST-PANAMAXII;CGC;1021;D2030_215_newpanamax
36.0;225.0;0.0;13.0;1.0;13;37;THU;3;6;False;False;False;55000;64.0;2.02;0.75;MAR;3;DPW - CGNC;22;NAVIOCARGAGERAL;CGNC;1022;D2030_215_newpanamax
23.0;225.0;0.0;13.25;1.0;8;26;THU;3;6;False;False;False;70000;88.35;1.69;0.75;MAR;3;TEAG;33;PANAMAX;GSA - E;1023;D2030_215_newpanamax
23.0;195.0;9.25;9.25;3.0;11;33;THU;3;6;False;False;True;1500;20.97;2.67;0.75;MAR;3;TEV;37;CARGARO-RO;RORO;1024;D2030_215_newpanamax
23.0;165.0;9.75;0.0;2.0;9;26;THU;3;6;False;False;False;18000;18.55;6.3;0.75;MAR;3;TIPLAM - GL;40;GPGENERALPURPOSE;GL;1025;D2030_215_newpanamax
23.0;185.0;0.0;9.75;1.0;14;36;THU;3;6;False;False;False;35000;29.94;1.91;0.75;MAR;3;TRANSPETRO;43;MRMEDIUMRANGE;GL;1026;D2030_215_newpanamax
44.0;289.59;8.3;8.3;3.0;6;30;0;3;6;False;True;False;0;11.5;0.0;0.75;0;3;Concais;6;PASSAGEIROS;PASSAGEIROS;1027;D2030_215_newpanamax
17.0;82.3;4.5;5.0;1.0;13;20;0;3;6;False;False;False;0;31.17;0.17;0.75;0;3;TUP - Saipem;8;HANDYSIZE;CGNC;1028;D2030_215_newpanamax
23.0;255.0;11.75;11.75;3.0;13;37;FRI;4;7;False;False;False;3000;15.61;1.1;0.75;MAR;3;TECON10;3;PANAMAX;CGC;1029;D2030_215_newpanamax
23.0;225.0;0.0;13.25;1.0;17;43;FRI;4;7;False;False;False;70000;51.12;2.27;0.75;MAR;3;RUMO - GSA - E;4;PANAMAX;GSA - E;1030;D2030_215_newpanamax
23.0;275.0;13.25;13.25;3.0;13;39;FRI;4;7;False;False;False;3000;14.7;0.84;0.75;MAR;3;BTP;13;PANAMAX;CGC;1031;D2030_215_newpanamax
23.0;295.0;13.25;13.25;3.0;12;35;FRI;4;7;False;False;False;4000;20.66;1.88;0.75;MAR;3;BTP;13;POST-PANAMAXI;CGC;1032;D2030_215_newpanamax
23.0;295.0;13.75;13.75;3.0;14;41;FRI;4;7;False;False;False;4000;20.66;1.82;0.75;MAR;3;BTP;13;POST-PANAMAXI;CGC;1033;D2030_215_newpanamax
23.0;295.0;13.25;13.25;3.0;12;35;FRI;4;7;False;False;False;4000;20.66;2.93;0.75;MAR;3;BTP;13;POST-PANAMAXI;CGC;1034;D2030_215_newpanamax
23.0;125.0;7.25;7.25;3.0;13;36;FRI;4;7;False;False;False;500;12.93;1.8;0.75;MAR;3;DPW - CGC;21;FEEDER/EARLY;CGC;1035;D2030_215_newpanamax
23.0;185.0;10.75;10.75;3.0;16;42;FRI;4;7;False;False;False;1000;13.38;1.5;0.75;MAR;3;DPW - CGC;21;FULLYCELLULAR;CGC;1036;D2030_215_newpanamax
23.0;265.0;11.75;11.75;3.0;16;42;FRI;4;7;False;False;False;3000;17.86;2.19;0.75;MAR;3;DPW - CGC;21;PANAMAX;CGC;1037;D2030_215_newpanamax
43.0;339.0;14.0;14.0;3.0;13;36;FRI;4;7;False;False;False;6000;27.82;3.0;0.75;MAR;3;DPW - CGC;21;POST-PANAMAXII;CGC;1038;D2030_215_newpanamax
23.0;215.0;10.25;10.25;3.0;16;43;FRI;4;7;False;False;False;1000;16.8;1.5;0.75;MAR;3;SANTOSBR;31;FULLYCELLULAR;CGC;1039;D2030_215_newpanamax
23.0;235.0;12.25;12.25;3.0;17;44;FRI;4;7;False;False;False;3000;15.61;5.74;0.75;MAR;3;SANTOSBR;31;PANAMAX;CGC;1040;D2030_215_newpanamax
23.0;305.0;12.75;12.75;3.0;17;44;FRI;4;7;False;False;False;4000;21.3;1.52;0.75;MAR;3;SANTOSBR;31;POST-PANAMAXI;CGC;1041;D2030_215_newpanamax
23.0;225.0;0.0;13.25;1.0;15;36;FRI;4;7;False;False;False;70000;78.07;2.74;0.75;MAR;3;TEG;34;PANAMAX;GSA - E;1042;D2030_215_newpanamax
23.0;225.0;0.0;13.25;1.0;13;39;FRI;4;7;False;False;False;70000;39.92;1.04;0.75;MAR;3;TGG;38;PANAMAX;GSA - E;1043;D2030_215_newpanamax
23.0;225.0;0.0;13.75;1.0;15;44;FRI;4;7;False;False;False;70000;61.75;3.32;0.75;MAR;3;TGRAO;39;PANAMAX;GSA - E;1044;D2030_215_newpanamax
23.0;185.0;0.0;9.75;1.0;16;42;FRI;4;7;False;False;False;35000;29.94;7.85;0.75;MAR;3;TRANSPETRO;43;MRMEDIUMRANGE;GL;1045;D2030_215_newpanamax
23.0;155.0;9.25;0.0;2.0;15;39;FRI;4;7;False;False;False;18000;42.57;21.23;0.75;MAR;3;ULTRACARGO;45;GPGENERALPURPOSE;GL;1046;D2030_215_newpanamax
23.0;175.0;10.75;0.0;2.0;15;39;FRI;4;7;False;False;False;35000;57.11;2.06;0.75;MAR;3;ULTRACARGO;45;MRMEDIUMRANGE;GL;1047;D2030_215_newpanamax
38.0;333.33;8.7;8.7;3.0;6;18;0;4;7;False;True;False;0;11.42;0.0;0.75;0;3;Concais;6;PASSAGEIROS;PASSAGEIROS;1048;D2030_215_newpanamax
29.0;274.9;6.7;8.6;3.0;7;2;0;4;7;False;True;False;0;8.58;0.0;0.75;0;3;Concais;6;PASSAGEIROS;PASSAGEIROS;1049;D2030_215_newpanamax
18.0;85.34;4.5;4.5;1.0;9;0;0;4;7;False;False;False;0;14.33;0.17;0.75;0;3;TUP - Saipem;8;HANDYSIZE;CGNC;1050;D2030_215_newpanamax
23.0;225.0;0.0;13.25;1.0;17;44;SAT;5;8;False;False;False;70000;51.12;2.41;0.75;MAR;3;RUMO - GSA - E;4;PANAMAX;GSA - E;1051;D2030_215_newpanamax
23.0;215.0;9.75;9.75;3.0;16;46;SAT;5;8;False;False;False;1000;13.85;0.99;0.75;MAR;3;BTP;13;FULLYCELLULAR;CGC;1052;D2030_215_newpanamax
23.0;295.0;13.75;13.75;3.0;16;46;SAT;5;8;False;False;False;4000;20.66;3.03;0.75;MAR;3;BTP;13;POST-PANAMAXI;CGC;1053;D2030_215_newpanamax
23.0;295.0;13.75;13.75;3.0;15;45;SAT;5;8;False;False;False;4000;20.66;1.33;0.75;MAR;3;BTP;13;POST-PANAMAXI;CGC;1054;D2030_215_newpanamax
23.0;205.0;11.25;11.25;3.0;19;53;SAT;5;8;False;False;False;1000;13.38;1.67;0.75;MAR;3;DPW - CGC;21;FULLYCELLULAR;CGC;1055;D2030_215_newpanamax
23.0;265.0;12.75;12.75;3.0;19;53;SAT;5;8;False;False;False;3000;17.86;4.25;0.75;MAR;3;DPW - CGC;21;PANAMAX;CGC;1056;D2030_215_newpanamax
36.0;225.0;0.0;11.7;1.0;18;48;SAT;5;8;False;False;False;55000;36.9;2.96;0.75;MAR;3;ELDORADO;23;NAVIOCARGAGERAL;CGNC;1057;D2030_215_newpanamax
23.0;205.0;11.25;11.25;3.0;19;52;SAT;5;8;False;False;False;1000;16.8;1.86;0.75;MAR;3;SANTOSBR;31;FULLYCELLULAR;CGC;1058;D2030_215_newpanamax
23.0;265.0;12.25;12.25;3.0;18;50;SAT;5;8;False;False;False;3000;15.61;1.57;0.75;MAR;3;SANTOSBR;31;PANAMAX;CGC;1059;D2030_215_newpanamax
23.0;225.0;0.0;13.75;1.0;16;46;SAT;5;8;False;False;False;70000;61.75;2.81;0.75;MAR;3;TGRAO;39;PANAMAX;GSA - E;1060;D2030_215_newpanamax
50.0;305.0;8.6;8.6;3.0;5;30;0;5;8;False;True;False;0;11.67;0.0;0.75;0;3;Concais;6;PASSAGEIROS;PASSAGEIROS;1061;D2030_215_newpanamax
52.0;331.43;8.6;8.6;3.0;6;32;0;5;8;False;True;False;0;10.58;0.0;0.75;0;3;Concais;6;PASSAGEIROS;PASSAGEIROS;1062;D2030_215_newpanamax
19.0;88.8;5.1;6.6;1.0;14;45;0;5;8;False;False;False;0;33.33;0.08;0.75;0;3;TUP - Saipem;8;HANDYSIZE;CGNC;1063;D2030_215_newpanamax
23.0;225.0;0.0;13.75;1.0;23;48;SUN;6;9;False;False;False;70000;51.12;4.9;0.75;MAR;3;ADM;9;PANAMAX;GSA - E;1064;D2030_215_newpanamax
23.0;225.0;0.0;13.75;1.0;21;53;SUN;6;9;False;False;False;70000;51.12;4.38;0.75;MAR;3;ADM;9;PANAMAX;GSA - E;1065;D2030_215_newpanamax
23.0;225.0;0.0;12.75;1.0;20;59;SUN;6;9;False;False;False;60000;162.93;1.33;0.75;MAR;3;CUTRALE - GL;18;LR1LONGRANGE1;GL;1066;D2030_215_newpanamax
23.0;275.0;13.25;13.25;3.0;22;59;SUN;6;9;False;False;False;3000;17.86;1.04;0.75;MAR;3;DPW - CGC;21;PANAMAX;CGC;1067;D2030_215_newpanamax
43.0;339.0;14.0;14.0;3.0;22;59;SUN;6;9;False;False;False;6000;27.82;1.61;0.75;MAR;3;DPW - CGC;21;POST-PANAMAXII;CGC;1068;D2030_215_newpanamax
23.0;215.0;12.25;12.25;3.0;23;15;SUN;6;9;False;False;False;1000;16.8;6.29;0.75;MAR;3;SANTOSBR;31;FULLYCELLULAR;CGC;1069;D2030_215_newpanamax
23.0;265.0;13.75;13.75;3.0;23;9;SUN;6;9;False;False;False;3000;15.61;1.5;0.75;MAR;3;SANTOSBR;31;PANAMAX;CGC;1070;D2030_215_newpanamax
23.0;275.0;12.75;12.75;3.0;21;55;SUN;6;9;False;False;False;3000;15.61;2.06;0.75;MAR;3;SANTOSBR;31;PANAMAX;CGC;1071;D2030_215_newpanamax
23.0;295.0;14.5;14.5;3.0;23;15;SUN;6;9;False;False;False;4000;21.3;1.89;0.75;MAR;3;SANTOSBR;31;POST-PANAMAXI;CGC;1072;D2030_215_newpanamax
23.0;225.0;0.0;13.25;1.0;23;49;SUN;6;9;False;False;False;70000;88.35;1.39;0.75;MAR;3;TEAG;33;PANAMAX;GSA - E;1073;D2030_215_newpanamax
23.0;225.0;0.0;13.75;1.0;19;55;SUN;6;9;False;False;False;70000;61.75;2.9;0.75;MAR;3;TGRAO;39;PANAMAX;GSA - E;1074;D2030_215_newpanamax
44.0;323.0;8.6;8.7;3.0;6;0;0;6;9;False;True;False;0;11.08;0.0;0.75;0;3;Concais;6;PASSAGEIROS;PASSAGEIROS;1075;D2030_215_newpanamax
44.0;289.59;8.3;8.3;3.0;6;30;0;6;9;False;True;False;0;10.75;0.0;0.75;0;3;Concais;6;PASSAGEIROS;PASSAGEIROS;1076;D2030_215_newpanamax
32.0;223.88;7.2;7.2;3.0;6;45;0;6;9;False;True;False;0;11.08;0.0;0.75;0;3;Concais;6;PASSAGEIROS;PASSAGEIROS;1077;D2030_215_newpanamax
23.0;225.0;0.0;12.75;1.0;4;6;MON;0;10;False;False;False;70000;51.12;5.72;0.75;MAR;3;ADM;9;PANAMAX;GSA - E;1078;D2030_215_newpanamax
23.0;215.0;8.25;8.25;3.0;0;2;MON;0;10;False;False;False;1000;13.85;2.21;0.75;MAR;3;BTP;13;FULLYCELLULAR;CGC;1079;D2030_215_newpanamax
23.0;295.0;9.75;9.75;3.0;0;2;MON;0;10;False;False;False;4000;20.66;3.25;0.75;MAR;3;BTP;13;POST-PANAMAXI;CGC;1080;D2030_215_newpanamax
23.0;195.0;7.25;7.25;3.0;1;2;MON;0;10;False;False;False;1000;13.38;2.31;0.75;MAR;3;DPW - CGC;21;FULLYCELLULAR;CGC;1081;D2030_215_newpanamax
23.0;245.0;9.75;9.75;3.0;2;4;MON;0;10;False;False;False;3000;17.86;2.1;0.75;MAR;3;DPW - CGC;21;PANAMAX;CGC;1082;D2030_215_newpanamax
23.0;255.0;9.75;9.75;3.0;3;7;MON;0;10;False;False;False;3000;17.86;1.08;0.75;MAR;3;DPW - CGC;21;PANAMAX;CGC;1083;D2030_215_newpanamax
23.0;295.0;10.25;10.25;3.0;2;4;MON;0;10;False;False;False;4000;21.93;2.09;0.75;MAR;3;DPW - CGC;21;POST-PANAMAXI;CGC;1084;D2030_215_newpanamax
23.0;325.0;10.25;10.25;3.0;3;7;MON;0;10;False;False;False;4000;21.93;2.3;0.75;MAR;3;DPW - CGC;21;POST-PANAMAXI;CGC;1085;D2030_215_newpanamax
23.0;185.0;8.75;8.75;3.0;2;6;MON;0;10;False;False;False;1000;16.8;2.21;0.75;MAR;3;SANTOSBR;31;FULLYCELLULAR;CGC;1086;D2030_215_newpanamax
23.0;255.0;9.25;9.25;3.0;0;2;MON;0;10;False;False;False;3000;15.61;2.78;0.75;MAR;3;SANTOSBR;31;PANAMAX;CGC;1087;D2030_215_newpanamax
23.0;295.0;9.25;9.25;3.0;0;2;MON;0;10;False;False;False;4000;21.3;1.1;0.75;MAR;3;SANTOSBR;31;POST-PANAMAXI;CGC;1088;D2030_215_newpanamax
23.0;175.0;0.0;7.75;1.0;2;8;MON;0;10;False;False;False;35000;59.07;9.8;0.75;MAR;3;STOLTHAVEN;32;MRMEDIUMRANGE;GL;1089;D2030_215_newpanamax
23.0;225.0;0.0;12.25;1.0;3;4;MON;0;10;False;False;False;70000;78.07;1.84;0.75;MAR;3;TEG;34;PANAMAX;GSA - E;1090;D2030_215_newpanamax
23.0;225.0;0.0;11.25;1.0;0;0;MON;0;10;False;False;False;70000;39.92;3.39;0.75;MAR;3;TGG;38;PANAMAX;GSA - E;1091;D2030_215_newpanamax
23.0;225.0;0.0;9.75;1.0;1;4;MON;0;10;False;False;False;60000;48.22;2.0;0.75;MAR;3;TRANSPETRO;43;LR1LONGRANGE1;GL;1092;D2030_215_newpanamax
23.0;185.0;0.0;8.25;1.0;1;4;MON;0;10;False;False;False;35000;29.94;1.43;0.75;MAR;3;TRANSPETRO;43;MRMEDIUMRANGE;GL;1093;D2030_215_newpanamax
32.0;293.8;7.9;8.0;3.0;5;23;0;0;10;False;True;False;0;11.42;0.0;0.75;0;3;Concais;6;PASSAGEIROS;PASSAGEIROS;1094;D2030_215_newpanamax
29.0;274.9;6.7;6.7;3.0;6;30;0;0;10;False;True;False;0;10.58;0.0;0.75;0;3;Concais;6;PASSAGEIROS;PASSAGEIROS;1095;D2030_215_newpanamax
17.0;82.3;4.5;4.5;1.0;11;20;0;0;10;False;False;False;0;32.17;0.17;0.75;0;3;TUP - Saipem;8;HANDYSIZE;CGNC;1096;D2030_215_newpanamax
36.0;225.0;0.0;13.0;1.0;4;12;TUE;1;11;False;False;False;55000;99.0;7.32;0.75;MAR;3;ARAUCO;1;NAVIOCARGAGERAL;CGNC;1097;D2030_215_newpanamax
23.0;165.0;0.0;7.25;1.0;3;8;TUE;1;11;False;False;False;18000;45.88;0.36;0.75;MAR;3;AGEO_TERMINAIS;11;GPGENERALPURPOSE;GL;1098;D2030_215_newpanamax
23.0;155.0;0.0;7.75;1.0;4;9;TUE;1;11;False;False;False;18000;45.88;0.21;0.75;MAR;3;AGEO_TERMINAIS;11;GPGENERALPURPOSE;GL;1099;D2030_215_newpanamax
36.0;225.0;0.0;13.0;1.0;5;14;TUE;1;11;False;False;False;55000;99.66;0.44;0.75;MAR;3;BRACELL;12;NAVIOCARGAGERAL;CGNC;1100;D2030_215_newpanamax
23.0;245.0;10.75;10.75;3.0;2;7;TUE;1;11;False;False;False;3000;14.7;4.04;0.75;MAR;3;BTP;13;PANAMAX;CGC;1101;D2030_215_newpanamax
23.0;305.0;10.75;10.75;3.0;3;9;TUE;1;11;False;False;False;4000;20.66;1.15;0.75;MAR;3;BTP;13;POST-PANAMAXI;CGC;1102;D2030_215_newpanamax
23.0;185.0;8.75;8.75;3.0;4;10;TUE;1;11;False;False;False;1000;13.38;2.18;0.75;MAR;3;DPW - CGC;21;FULLYCELLULAR;CGC;1103;D2030_215_newpanamax
23.0;185.0;9.25;9.25;3.0;6;14;TUE;1;11;False;False;False;1000;13.38;1.3;0.75;MAR;3;DPW - CGC;21;FULLYCELLULAR;CGC;1104;D2030_215_newpanamax
23.0;275.0;9.75;9.75;3.0;5;11;TUE;1;11;False;False;False;3000;17.86;3.42;0.75;MAR;3;DPW - CGC;21;PANAMAX;CGC;1105;D2030_215_newpanamax
43.0;339.0;14.0;14.0;3.0;4;10;TUE;1;11;False;False;False;6000;27.82;1.49;0.75;MAR;3;DPW - CGC;21;POST-PANAMAXII;CGC;1106;D2030_215_newpanamax
23.0;245.0;10.25;10.25;3.0;4;11;TUE;1;11;False;False;False;3000;15.61;2.27;0.75;MAR;3;SANTOSBR;31;PANAMAX;CGC;1107;D2030_215_newpanamax
23.0;295.0;11.25;11.25;3.0;5;12;TUE;1;11;False;False;False;4000;21.3;2.25;0.75;MAR;3;SANTOSBR;31;POST-PANAMAXI;CGC;1108;D2030_215_newpanamax
23.0;225.0;0.0;12.75;1.0;6;12;TUE;1;11;False;False;False;70000;78.07;0.21;0.75;MAR;3;TEG;34;PANAMAX;GSA - E;1109;D2030_215_newpanamax
23.0;225.0;0.0;13.25;1.0;6;12;TUE;1;11;False;False;False;70000;39.92;1.63;0.75;MAR;3;TGG;38;PANAMAX;GSA - E;1110;D2030_215_newpanamax
23.0;245.0;0.0;9.75;1.0;4;10;TUE;1;11;False;False;False;60000;48.22;3.72;0.75;MAR;3;TRANSPETRO;43;LR1LONGRANGE1;GL;1111;D2030_215_newpanamax
23.0;155.0;0.0;7.75;1.0;7;9;TUE;1;11;False;False;False;18000;42.57;8.95;0.75;MAR;3;ULTRACARGO;45;GPGENERALPURPOSE;GL;1112;D2030_215_newpanamax
23.0;225.0;8.75;0.0;2.0;10;20;WED;2;12;False;False;False;60000;81.86;11.94;0.75;MAR;3;STS;2;LR1LONGRANGE1;GL;1113;D2030_215_newpanamax
23.0;265.0;10.75;10.75;3.0;9;24;WED;2;12;False;False;False;3000;15.61;2.58;0.75;MAR;3;TECON10;3;PANAMAX;CGC;1114;D2030_215_newpanamax
23.0;225.0;0.0;13.25;1.0;9;20;WED;2;12;False;False;False;70000;51.12;3.84;0.75;MAR;3;ADM;9;PANAMAX;GSA - E;1115;D2030_215_newpanamax
23.0;255.0;12.25;12.25;3.0;6;20;WED;2;12;False;False;False;3000;14.7;2.82;0.75;MAR;3;BTP;13;PANAMAX;CGC;1116;D2030_215_newpanamax
43.0;339.0;14.0;14.0;3.0;6;20;WED;2;12;False;False;False;6000;23.63;1.85;0.75;MAR;3;BTP;13;POST-PANAMAXII;CGC;1117;D2030_215_newpanamax
23.0;215.0;9.75;9.75;3.0;9;25;WED;2;12;False;False;False;1000;13.38;3.08;0.75;MAR;3;DPW - CGC;21;FULLYCELLULAR;CGC;1118;D2030_215_newpanamax
23.0;265.0;10.75;10.75;3.0;9;25;WED;2;12;False;False;False;3000;17.86;1.51;0.75;MAR;3;DPW - CGC;21;PANAMAX;CGC;1119;D2030_215_newpanamax
23.0;255.0;10.75;10.75;3.0;8;22;WED;2;12;False;False;False;3000;17.86;1.98;0.75;MAR;3;DPW - CGC;21;PANAMAX;CGC;1120;D2030_215_newpanamax
23.0;305.0;11.75;11.75;3.0;9;24;WED;2;12;False;False;False;4000;21.93;2.83;0.75;MAR;3;DPW - CGC;21;POST-PANAMAXI;CGC;1121;D2030_215_newpanamax
23.0;135.0;6.75;6.75;3.0;10;27;WED;2;12;False;False;False;500;7.08;3.3;0.75;MAR;3;SANTOSBR;31;FEEDER/EARLY;CGC;1122;D2030_215_newpanamax
23.0;185.0;9.75;9.75;3.0;9;25;WED;2;12;False;False;False;1000;16.8;3.92;0.75;MAR;3;SANTOSBR;31;FULLYCELLULAR;CGC;1123;D2030_215_newpanamax
23.0;275.0;10.75;10.75;3.0;9;25;WED;2;12;False;False;False;3000;15.61;3.28;0.75;MAR;3;SANTOSBR;31;PANAMAX;CGC;1124;D2030_215_newpanamax
43.0;339.0;14.0;14.0;3.0;10;27;WED;2;12;False;False;False;6000;25.92;1.82;0.75;MAR;3;SANTOSBR;31;POST-PANAMAXII;CGC;1125;D2030_215_newpanamax
23.0;185.0;11.25;0.0;2.0;5;20;WED;2;12;False;False;False;45000;89.37;4.22;0.75;MAR;3;TERMAG;35;HANDYMAX;GSM - I;1126;D2030_215_newpanamax
23.0;195.0;8.75;8.75;3.0;9;29;WED;2;12;False;False;True;1500;20.97;0.8;0.75;MAR;3;TEV;37;CARGARO-RO;RORO;1127;D2030_215_newpanamax
23.0;195.0;8.75;8.75;3.0;7;23;WED;2;12;False;False;True;1500;20.97;1.45;0.75;MAR;3;TEV;37;CARGARO-RO;RORO;1128;D2030_215_newpanamax
23.0;195.0;8.75;8.75;3.0;9;26;WED;2;12;False;False;True;1500;20.97;1.46;0.75;MAR;3;TEV;37;CARGARO-RO;RORO;1129;D2030_215_newpanamax
23.0;225.0;0.0;13.25;1.0;10;25;WED;2;12;False;False;False;70000;39.92;1.12;0.75;MAR;3;TGG;38;PANAMAX;GSA - E;1130;D2030_215_newpanamax
23.0;225.0;0.0;13.25;1.0;8;21;WED;2;12;False;False;False;70000;61.75;2.27;0.75;MAR;3;TGRAO;39;PANAMAX;GSA - E;1131;D2030_215_newpanamax
23.0;185.0;0.0;9.25;1.0;10;24;WED;2;12;False;False;False;35000;29.94;2.8;0.75;MAR;3;TRANSPETRO;43;MRMEDIUMRANGE;GL;1132;D2030_215_newpanamax
44.0;289.59;8.3;8.3;3.0;6;30;0;2;12;False;True;False;0;9.58;0.0;0.75;0;3;Concais;6;PASSAGEIROS;PASSAGEIROS;1133;D2030_215_newpanamax
18.0;85.34;4.3;4.3;1.0;13;20;0;2;12;False;False;False;0;12.17;0.17;0.75;0;3;TUP - Saipem;8;HANDYSIZE;CGNC;1134;D2030_215_newpanamax
23.0;185.0;8.75;0.0;2.0;11;25;THU;3;13;False;False;False;35000;57.11;6.34;0.75;MAR;3;STS;2;MRMEDIUMRANGE;GL;1135;D2030_215_newpanamax
23.0;225.0;0.0;13.25;1.0;12;28;THU;3;13;False;False;False;70000;51.12;3.35;0.75;MAR;3;RUMO - GSA - E;4;PANAMAX;GSA - E;1136;D2030_215_newpanamax
23.0;225.0;0.0;13.25;1.0;12;28;THU;3;13;False;False;False;70000;51.12;2.71;0.75;MAR;3;ADM;9;PANAMAX;GSA - E;1137;D2030_215_newpanamax
23.0;185.0;9.75;0.0;2.0;11;30;THU;3;13;False;False;False;35000;64.43;1.0;0.75;MAR;3;AGEO_TERMINAIS;11;MRMEDIUMRANGE;GL;1138;D2030_215_newpanamax
23.0;215.0;9.25;9.25;3.0;10;30;THU;3;13;False;False;False;1000;13.85;2.02;0.75;MAR;3;BTP;13;FULLYCELLULAR;CGC;1139;D2030_215_newpanamax
23.0;295.0;12.75;12.75;3.0;10;30;THU;3;13;False;False;False;4000;20.66;1.31;0.75;MAR;3;BTP;13;POST-PANAMAXI;CGC;1140;D2030_215_newpanamax
23.0;165.0;8.25;0.0;2.0;13;31;THU;3;13;False;False;False;18000;12.03;4.54;0.75;MAR;3;DOW;20;GPGENERALPURPOSE;GL;1141;D2030_215_newpanamax
23.0;255.0;11.25;11.25;3.0;11;31;THU;3;13;False;False;False;3000;17.86;2.01;0.75;MAR;3;DPW - CGC;21;PANAMAX;CGC;1142;D2030_215_newpanamax
23.0;255.0;11.25;11.25;3.0;12;32;THU;3;13;False;False;False;3000;15.61;1.89;0.75;MAR;3;SANTOSBR;31;PANAMAX;CGC;1143;D2030_215_newpanamax
23.0;225.0;0.0;13.25;1.0;10;31;THU;3;13;False;False;False;70000;88.35;0.84;0.75;MAR;3;TEAG;33;PANAMAX;GSA - E;1144;D2030_215_newpanamax
23.0;225.0;0.0;13.25;1.0;10;24;THU;3;13;False;False;False;70000;78.07;0.76;0.75;MAR;3;TEG;34;PANAMAX;GSA - E;1145;D2030_215_newpanamax
23.0;225.0;0.0;13.25;1.0;10;26;THU;3;13;False;False;False;70000;39.92;2.16;0.75;MAR;3;TGG;38;PANAMAX;GSA - E;1146;D2030_215_newpanamax
23.0;185.0;0.0;9.75;1.0;13;34;THU;3;13;False;False;False;35000;29.94;1.06;0.75;MAR;3;TRANSPETRO;43;MRMEDIUMRANGE;GL;1147;D2030_215_newpanamax
19.0;88.8;5.3;5.0;1.0;15;30;0;3;13;False;False;False;0;23.5;0.17;0.75;0;3;TUP - Saipem;8;HANDYSIZE;CGNC;1148;D2030_215_newpanamax
23.0;205.0;10.25;10.25;3.0;15;40;FRI;4;14;False;False;False;1000;16.8;2.52;0.75;MAR;3;TECON10;3;FULLYCELLULAR;CGC;1149;D2030_215_newpanamax
23.0;225.0;0.0;13.25;1.0;16;42;FRI;4;14;False;False;False;70000;51.12;5.04;0.75;MAR;3;RUMO - GSA - E;4;PANAMAX;GSA - E;1150;D2030_215_newpanamax
23.0;225.0;0.0;13.25;1.0;16;40;FRI;4;14;False;False;False;70000;51.12;1.4;0.75;MAR;3;ADM;9;PANAMAX;GSA - E;1151;D2030_215_newpanamax
23.0;295.0;13.75;13.75;3.0;13;39;FRI;4;14;False;False;False;4000;20.66;1.0;0.75;MAR;3;BTP;13;POST-PANAMAXI;CGC;1152;D2030_215_newpanamax
23.0;295.0;12.75;12.75;3.0;11;32;FRI;4;14;False;False;False;4000;20.66;2.65;0.75;MAR;3;BTP;13;POST-PANAMAXI;CGC;1153;D2030_215_newpanamax
43.0;339.0;14.0;14.0;3.0;14;41;FRI;4;14;False;False;False;6000;23.63;3.62;0.75;MAR;3;BTP;13;POST-PANAMAXII;CGC;1154;D2030_215_newpanamax
23.0;225.0;0.0;13.25;1.0;13;43;FRI;4;14;False;False;False;70000;54.03;0.94;0.75;MAR;3;CUTRALE - GSA - E;19;PANAMAX;GSA - E;1155;D2030_215_newpanamax
23.0;195.0;10.25;10.25;3.0;13;36;FRI;4;14;False;False;False;1000;13.38;3.56;0.75;MAR;3;DPW - CGC;21;FULLYCELLULAR;CGC;1156;D2030_215_newpanamax
23.0;275.0;11.25;11.25;3.0;13;36;FRI;4;14;False;False;False;3000;17.86;3.19;0.75;MAR;3;DPW - CGC;21;PANAMAX;CGC;1157;D2030_215_newpanamax
43.0;339.0;14.0;14.0;3.0;13;36;FRI;4;14;False;False;False;6000;27.82;2.0;0.75;MAR;3;DPW - CGC;21;POST-PANAMAXII;CGC;1158;D2030_215_newpanamax
36.0;225.0;0.0;13.0;1.0;15;42;FRI;4;14;False;False;False;55000;64.0;0.88;0.75;MAR;3;DPW - CGNC;22;NAVIOCARGAGERAL;CGNC;1159;D2030_215_newpanamax
23.0;265.0;11.75;11.75;3.0;15;41;FRI;4;14;False;False;False;3000;15.61;4.47;0.75;MAR;3;SANTOSBR;31;PANAMAX;CGC;1160;D2030_215_newpanamax
23.0;295.0;12.75;12.75;3.0;15;41;FRI;4;14;False;False;False;4000;21.3;1.68;0.75;MAR;3;SANTOSBR;31;POST-PANAMAXI;CGC;1161;D2030_215_newpanamax
43.0;339.0;14.0;14.0;3.0;16;43;FRI;4;14;False;False;False;6000;25.92;3.4;0.75;MAR;3;SANTOSBR;31;POST-PANAMAXII;CGC;1162;D2030_215_newpanamax
23.0;225.0;0.0;13.25;1.0;13;39;FRI;4;14;False;False;False;70000;39.92;2.29;0.75;MAR;3;TGG;38;PANAMAX;GSA - E;1163;D2030_215_newpanamax
23.0;225.0;0.0;13.75;1.0;14;42;FRI;4;14;False;False;False;70000;61.75;2.22;0.75;MAR;3;TGRAO;39;PANAMAX;GSA - E;1164;D2030_215_newpanamax
23.0;225.0;11.25;0.0;2.0;15;43;FRI;4;14;False;False;False;70000;104.45;2.23;0.75;MAR;3;TIPLAM - GSM - I;42;PANAMAX;GSM - I;1165;D2030_215_newpanamax
23.0;225.0;10.25;0.0;2.0;15;39;FRI;4;14;False;False;False;60000;81.86;7.51;0.75;MAR;3;ULTRACARGO;45;LR1LONGRANGE1;GL;1166;D2030_215_newpanamax
38.0;333.33;8.65;8.7;3.0;5;43;0;4;14;False;True;False;0;11.67;0.0;0.75;0;3;Concais;6;PASSAGEIROS;PASSAGEIROS;1167;D2030_215_newpanamax
29.0;274.9;6.7;6.7;3.0;6;30;0;4;14;False;True;False;0;9.33;0.0;0.75;0;3;Concais;6;PASSAGEIROS;PASSAGEIROS;1168;D2030_215_newpanamax
23.0;225.0;0.0;13.25;1.0;19;49;SAT;5;15;False;False;False;70000;51.12;2.83;0.75;MAR;3;RUMO - GSA - E;4;PANAMAX;GSA - E;1169;D2030_215_newpanamax
23.0;175.0;10.75;0.0;2.0;16;46;SAT;5;15;False;False;False;35000;64.43;0.54;0.75;MAR;3;AGEO_TERMINAIS;11;MRMEDIUMRANGE;GL;1170;D2030_215_newpanamax
23.0;325.0;13.75;13.75;3.0;17;48;SAT;5;15;False;False;False;4000;20.66;2.53;0.75;MAR;3;BTP;13;POST-PANAMAXI;CGC;1171;D2030_215_newpanamax
23.0;295.0;13.75;13.75;3.0;15;43;SAT;5;15;False;False;False;4000;20.66;2.91;0.75;MAR;3;BTP;13;POST-PANAMAXI;CGC;1172;D2030_215_newpanamax
23.0;215.0;10.75;10.75;3.0;18;50;SAT;5;15;False;False;False;1000;13.38;1.72;0.75;MAR;3;DPW - CGC;21;FULLYCELLULAR;CGC;1173;D2030_215_newpanamax
23.0;205.0;11.25;11.25;3.0;19;53;SAT;5;15;False;False;False;1000;13.38;2.51;0.75;MAR;3;DPW - CGC;21;FULLYCELLULAR;CGC;1174;D2030_215_newpanamax
23.0;215.0;10.75;10.75;3.0;17;47;SAT;5;15;False;False;False;1000;16.8;4.75;0.75;MAR;3;SANTOSBR;31;FULLYCELLULAR;CGC;1175;D2030_215_newpanamax
23.0;265.0;12.25;12.25;3.0;18;49;SAT;5;15;False;False;False;3000;15.61;3.2;0.75;MAR;3;SANTOSBR;31;PANAMAX;CGC;1176;D2030_215_newpanamax
43.0;339.0;14.0;14.0;3.0;17;47;SAT;5;15;False;False;False;6000;25.92;2.04;0.75;MAR;3;SANTOSBR;31;POST-PANAMAXII;CGC;1177;D2030_215_newpanamax
23.0;225.0;0.0;13.75;1.0;17;51;SAT;5;15;False;False;False;70000;39.92;0.93;0.75;MAR;3;TGG;38;PANAMAX;GSA - E;1178;D2030_215_newpanamax
23.0;185.0;0.0;10.75;1.0;20;53;SAT;5;15;False;False;False;35000;29.94;2.16;0.75;MAR;3;TRANSPETRO;43;MRMEDIUMRANGE;GL;1179;D2030_215_newpanamax
50.0;305.0;8.5;8.5;3.0;5;30;0;5;15;False;True;False;0;10.58;0.0;0.75;0;3;Concais;6;PASSAGEIROS;PASSAGEIROS;1180;D2030_215_newpanamax
52.0;331.43;8.65;8.65;3.0;6;18;0;5;15;False;True;False;0;10.5;0.0;0.75;0;3;Concais;6;PASSAGEIROS;PASSAGEIROS;1181;D2030_215_newpanamax
36.0;225.0;0.0;13.0;1.0;21;43;SUN;6;16;False;False;False;55000;99.0;0.36;0.75;MAR;3;ARAUCO;1;NAVIOCARGAGERAL;CGNC;1182;D2030_215_newpanamax
23.0;225.0;0.0;13.75;1.0;22;57;SUN;6;16;False;False;False;70000;51.12;2.93;0.75;MAR;3;ADM;9;PANAMAX;GSA - E;1183;D2030_215_newpanamax
23.0;225.0;0.0;12.75;1.0;21;53;SUN;6;16;False;False;False;60000;162.93;7.86;0.75;MAR;3;CUTRALE - GL;18;LR1LONGRANGE1;GL;1184;D2030_215_newpanamax
23.0;275.0;12.75;12.75;3.0;20;55;SUN;6;16;False;False;False;3000;17.86;2.42;0.75;MAR;3;DPW - CGC;21;PANAMAX;CGC;1185;D2030_215_newpanamax
36.0;225.0;0.0;13.0;1.0;20;55;SUN;6;16;False;False;False;55000;64.0;2.33;0.75;MAR;3;DPW - CGNC;22;NAVIOCARGAGERAL;CGNC;1186;D2030_215_newpanamax
23.0;215.0;12.25;12.25;3.0;23;31;SUN;6;16;False;False;False;1000;16.8;2.42;0.75;MAR;3;SANTOSBR;31;FULLYCELLULAR;CGC;1187;D2030_215_newpanamax
23.0;275.0;14.25;14.25;3.0;23;15;SUN;6;16;False;False;False;3000;15.61;2.4;0.75;MAR;3;SANTOSBR;31;PANAMAX;CGC;1188;D2030_215_newpanamax
23.0;295.0;14.25;14.25;3.0;23;9;SUN;6;16;False;False;False;4000;21.3;2.6;0.75;MAR;3;SANTOSBR;31;POST-PANAMAXI;CGC;1189;D2030_215_newpanamax
43.0;339.0;14.0;14.0;3.0;23;9;SUN;6;16;False;False;False;6000;25.92;2.76;0.75;MAR;3;SANTOSBR;31;POST-PANAMAXII;CGC;1190;D2030_215_newpanamax
23.0;225.0;0.0;13.25;1.0;20;53;SUN;6;16;False;False;False;70000;78.07;1.78;0.75;MAR;3;TEG;34;PANAMAX;GSA - E;1191;D2030_215_newpanamax
23.0;195.0;9.75;9.75;3.0;20;57;SUN;6;16;False;False;True;1500;20.97;9.26;0.75;MAR;3;TEV;37;CARGARO-RO;RORO;1192;D2030_215_newpanamax
44.0;289.59;8.3;8.3;3.0;5;45;0;6;16;False;True;False;0;12.83;0.0;0.75;0;3;Concais;6;PASSAGEIROS;PASSAGEIROS;1193;D2030_215_newpanamax
44.0;323.0;8.4;8.8;3.0;6;30;0;6;16;False;True;False;0;10.75;0.0;0.75;0;3;Concais;6;PASSAGEIROS;PASSAGEIROS;1194;D2030_215_newpanamax
23.0;225.0;0.0;12.25;1.0;0;1;MON;0;17;False;False;False;70000;51.12;2.93;0.75;MAR;3;ADM;9;PANAMAX;GSA - E;1195;D2030_215_newpanamax
23.0;275.0;9.75;9.75;3.0;0;2;MON;0;17;False;False;False;3000;14.7;3.25;0.75;MAR;3;BTP;13;PANAMAX;CGC;1196;D2030_215_newpanamax
43.0;339.0;14.0;14.0;3.0;0;2;MON;0;17;False;False;False;6000;23.63;1.54;0.75;MAR;3;BTP;13;POST-PANAMAXII;CGC;1197;D2030_215_newpanamax
23.0;185.0;7.25;7.25;3.0;0;1;MON;0;17;False;False;False;1000;13.38;1.64;0.75;MAR;3;DPW - CGC;21;FULLYCELLULAR;CGC;1198;D2030_215_newpanamax
23.0;255.0;9.75;9.75;3.0;2;5;MON;0;17;False;False;False;3000;17.86;2.6;0.75;MAR;3;DPW - CGC;21;PANAMAX;CGC;1199;D2030_215_newpanamax
23.0;255.0;9.25;9.25;3.0;0;1;MON;0;17;False;False;False;3000;17.86;3.14;0.75;MAR;3;DPW - CGC;21;PANAMAX;CGC;1200;D2030_215_newpanamax
23.0;295.0;10.25;10.25;3.0;2;5;MON;0;17;False;False;False;4000;21.93;0.9;0.75;MAR;3;DPW - CGC;21;POST-PANAMAXI;CGC;1201;D2030_215_newpanamax
43.0;339.0;14.0;14.0;3.0;2;4;MON;0;17;False;False;False;6000;27.82;1.87;0.75;MAR;3;DPW - CGC;21;POST-PANAMAXII;CGC;1202;D2030_215_newpanamax
23.0;185.0;8.25;8.25;3.0;0;2;MON;0;17;False;False;False;1000;16.8;5.05;0.75;MAR;3;SANTOSBR;31;FULLYCELLULAR;CGC;1203;D2030_215_newpanamax
23.0;265.0;8.75;8.75;3.0;0;0;MON;0;17;False;False;False;3000;15.61;1.05;0.75;MAR;3;SANTOSBR;31;PANAMAX;CGC;1204;D2030_215_newpanamax
23.0;295.0;9.25;9.25;3.0;0;0;MON;0;17;False;False;False;4000;21.3;2.53;0.75;MAR;3;SANTOSBR;31;POST-PANAMAXI;CGC;1205;D2030_215_newpanamax
23.0;155.0;0.0;7.25;1.0;2;8;MON;0;17;False;False;False;18000;29.82;14.75;0.75;MAR;3;STOLTHAVEN;32;GPGENERALPURPOSE;GL;1206;D2030_215_newpanamax
23.0;115.0;6.75;6.75;3.0;0;1;MON;0;17;False;False;True;1500;20.97;2.71;0.75;MAR;3;TEV;37;CARGARO-RO;RORO;1207;D2030_215_newpanamax
23.0;225.0;0.0;12.75;1.0;0;3;MON;0;17;False;False;False;70000;39.92;1.41;0.75;MAR;3;TGG;38;PANAMAX;GSA - E;1208;D2030_215_newpanamax
23.0;185.0;0.0;8.25;1.0;1;4;MON;0;17;False;False;False;35000;29.94;12.48;0.75;MAR;3;TRANSPETRO;43;MRMEDIUMRANGE;GL;1209;D2030_215_newpanamax
23.0;185.0;0.0;8.75;1.0;3;7;MON;0;17;False;False;False;35000;29.94;2.12;0.75;MAR;3;TRANSPETRO;43;MRMEDIUMRANGE;GL;1210;D2030_215_newpanamax
29.0;274.9;6.7;6.6;3.0;6;30;0;0;17;False;True;False;0;10.42;0.0;0.75;0;3;Concais;6;PASSAGEIROS;PASSAGEIROS;1211;D2030_215_newpanamax
17.0;82.3;4.5;4.6;1.0;9;20;0;0;17;False;False;False;0;85.17;0.17;0.75;0;3;TUP - Saipem;8;HANDYSIZE;CGNC;1212;D2030_215_newpanamax
23.0;225.0;0.0;12.75;1.0;7;11;TUE;1;18;False;False;False;70000;51.12;3.13;0.75;MAR;3;ADM;9;PANAMAX;GSA - E;1213;D2030_215_newpanamax
23.0;155.0;0.0;7.75;1.0;6;16;TUE;1;18;False;False;False;18000;45.88;0.99;0.75;MAR;3;AGEO_TERMINAIS;11;GPGENERALPURPOSE;GL;1214;D2030_215_newpanamax
23.0;185.0;0.0;8.25;1.0;4;10;TUE;1;18;False;False;False;35000;64.43;0.3;0.75;MAR;3;AGEO_TERMINAIS;11;MRMEDIUMRANGE;GL;1215;D2030_215_newpanamax
23.0;185.0;0.0;8.75;1.0;6;16;TUE;1;18;False;False;False;35000;64.43;0.6;0.75;MAR;3;AGEO_TERMINAIS;11;MRMEDIUMRANGE;GL;1216;D2030_215_newpanamax
23.0;295.0;10.75;10.75;3.0;2;7;TUE;1;18;False;False;False;4000;20.66;1.42;0.75;MAR;3;BTP;13;POST-PANAMAXI;CGC;1217;D2030_215_newpanamax
43.0;339.0;14.0;14.0;3.0;2;7;TUE;1;18;False;False;False;6000;23.63;2.9;0.75;MAR;3;BTP;13;POST-PANAMAXII;CGC;1218;D2030_215_newpanamax
23.0;185.0;8.75;0.0;2.0;9;17;TUE;1;18;False;False;False;35000;31.91;3.25;0.75;MAR;3;DOW;20;MRMEDIUMRANGE;GL;1219;D2030_215_newpanamax
23.0;275.0;9.75;9.75;3.0;4;9;TUE;1;18;False;False;False;3000;17.86;2.44;0.75;MAR;3;DPW - CGC;21;PANAMAX;CGC;1220;D2030_215_newpanamax
23.0;295.0;10.75;10.75;3.0;4;9;TUE;1;18;False;False;False;4000;21.93;1.58;0.75;MAR;3;DPW - CGC;21;POST-PANAMAXI;CGC;1221;D2030_215_newpanamax
43.0;339.0;14.0;14.0;3.0;6;14;TUE;1;18;False;False;False;6000;27.82;2.56;0.75;MAR;3;DPW - CGC;21;POST-PANAMAXII;CGC;1222;D2030_215_newpanamax
23.0;195.0;9.25;9.25;3.0;6;18;TUE;1;18;False;False;False;1000;16.8;1.9;0.75;MAR;3;SANTOSBR;31;FULLYCELLULAR;CGC;1223;D2030_215_newpanamax
23.0;295.0;11.75;11.75;3.0;6;18;TUE;1;18;False;False;False;4000;21.3;2.04;0.75;MAR;3;SANTOSBR;31;POST-PANAMAXI;CGC;1224;D2030_215_newpanamax
23.0;195.0;8.75;8.75;3.0;5;14;TUE;1;18;False;False;True;1500;20.97;2.28;0.75;MAR;3;TEV;37;CARGARO-RO;RORO;1225;D2030_215_newpanamax
23.0;225.0;0.0;13.25;1.0;5;11;TUE;1;18;False;False;False;70000;39.92;1.77;0.75;MAR;3;TGG;38;PANAMAX;GSA - E;1226;D2030_215_newpanamax
23.0;185.0;0.0;8.75;1.0;3;9;TUE;1;18;False;False;False;35000;29.94;4.99;0.75;MAR;3;TRANSPETRO;43;MRMEDIUMRANGE;GL;1227;D2030_215_newpanamax
23.0;165.0;7.75;0.0;2.0;10;20;WED;2;19;False;False;False;18000;42.57;12.75;0.75;MAR;3;STS;2;GPGENERALPURPOSE;GL;1228;D2030_215_newpanamax
23.0;225.0;0.0;13.25;1.0;8;19;WED;2;19;False;False;False;70000;51.12;3.18;0.75;MAR;3;RUMO - GSA - E;4;PANAMAX;GSA - E;1229;D2030_215_newpanamax
23.0;225.0;0.0;13.25;1.0;8;18;WED;2;19;False;False;False;70000;51.12;3.04;0.75;MAR;3;RUMO - GSA - E;4;PANAMAX;GSA - E;1230;D2030_215_newpanamax
23.0;295.0;12.25;12.25;3.0;6;20;WED;2;19;False;False;False;4000;20.66;3.64;0.75;MAR;3;BTP;13;POST-PANAMAXI;CGC;1231;D2030_215_newpanamax
23.0;295.0;11.75;11.75;3.0;5;17;WED;2;19;False;False;False;4000;20.66;2.98;0.75;MAR;3;BTP;13;POST-PANAMAXI;CGC;1232;D2030_215_newpanamax
23.0;215.0;9.75;9.75;3.0;8;22;WED;2;19;False;False;False;1000;13.38;1.85;0.75;MAR;3;DPW - CGC;21;FULLYCELLULAR;CGC;1233;D2030_215_newpanamax
23.0;255.0;10.75;10.75;3.0;8;22;WED;2;19;False;False;False;3000;17.86;1.07;0.75;MAR;3;DPW - CGC;21;PANAMAX;CGC;1234;D2030_215_newpanamax
23.0;255.0;10.75;10.75;3.0;8;22;WED;2;19;False;False;False;3000;17.86;2.92;0.75;MAR;3;DPW - CGC;21;PANAMAX;CGC;1235;D2030_215_newpanamax
23.0;325.0;11.25;11.25;3.0;8;22;WED;2;19;False;False;False;4000;21.93;1.08;0.75;MAR;3;DPW - CGC;21;POST-PANAMAXI;CGC;1236;D2030_215_newpanamax
23.0;185.0;9.75;9.75;3.0;10;27;WED;2;19;False;False;False;1000;16.8;1.27;0.75;MAR;3;SANTOSBR;31;FULLYCELLULAR;CGC;1237;D2030_215_newpanamax
23.0;215.0;9.25;9.25;3.0;7;20;WED;2;19;False;False;False;1000;16.8;1.67;0.75;MAR;3;SANTOSBR;31;FULLYCELLULAR;CGC;1238;D2030_215_newpanamax
23.0;275.0;10.25;10.25;3.0;7;20;WED;2;19;False;False;False;3000;15.61;1.78;0.75;MAR;3;SANTOSBR;31;PANAMAX;CGC;1239;D2030_215_newpanamax
23.0;295.0;11.75;11.75;3.0;7;20;WED;2;19;False;False;False;4000;21.3;4.62;0.75;MAR;3;SANTOSBR;31;POST-PANAMAXI;CGC;1240;D2030_215_newpanamax
23.0;225.0;0.0;13.25;1.0;7;17;WED;2;19;False;False;False;70000;78.07;1.83;0.75;MAR;3;TEG;34;PANAMAX;GSA - E;1241;D2030_215_newpanamax
23.0;195.0;8.75;8.75;3.0;8;25;WED;2;19;False;False;True;1500;20.97;1.32;0.75;MAR;3;TEV;37;CARGARO-RO;RORO;1242;D2030_215_newpanamax
23.0;195.0;8.75;8.75;3.0;9;29;WED;2;19;False;False;True;1500;20.97;1.81;0.75;MAR;3;TEV;37;CARGARO-RO;RORO;1243;D2030_215_newpanamax
23.0;235.0;8.75;8.75;3.0;8;25;WED;2;19;False;False;True;5000;19.52;1.83;0.75;MAR;3;TEV;37;LARGEPCTC;RORO;1244;D2030_215_newpanamax
23.0;225.0;0.0;13.25;1.0;9;22;WED;2;19;False;False;False;70000;39.92;2.48;0.75;MAR;3;TGG;38;PANAMAX;GSA - E;1245;D2030_215_newpanamax
23.0;225.0;0.0;13.25;1.0;8;21;WED;2;19;False;False;False;70000;61.75;1.74;0.75;MAR;3;TGRAO;39;PANAMAX;GSA - E;1246;D2030_215_newpanamax
23.0;185.0;0.0;9.25;1.0;10;22;WED;2;19;False;False;False;35000;29.94;4.37;0.75;MAR;3;TRANSPETRO;43;MRMEDIUMRANGE;GL;1247;D2030_215_newpanamax
23.0;195.0;9.75;9.75;3.0;11;30;THU;3;20;False;False;False;1000;16.8;2.56;0.75;MAR;3;TECON10;3;FULLYCELLULAR;CGC;1248;D2030_215_newpanamax
23.0;225.0;0.0;13.25;1.0;12;26;THU;3;20;False;False;False;70000;51.12;2.19;0.75;MAR;3;RUMO - GSA - E;4;PANAMAX;GSA - E;1249;D2030_215_newpanamax
23.0;225.0;0.0;13.25;1.0;9;22;THU;3;20;False;False;False;70000;51.12;3.64;0.75;MAR;3;ADM;9;PANAMAX;GSA - E;1250;D2030_215_newpanamax
23.0;185.0;9.75;0.0;2.0;12;31;THU;3;20;False;False;False;35000;64.43;0.4;0.75;MAR;3;AGEO_TERMINAIS;11;MRMEDIUMRANGE;GL;1251;D2030_215_newpanamax
23.0;275.0;12.75;12.75;3.0;10;30;THU;3;20;False;False;False;3000;14.7;2.2;0.75;MAR;3;BTP;13;PANAMAX;CGC;1252;D2030_215_newpanamax
23.0;295.0;12.75;12.75;3.0;9;26;THU;3;20;False;False;False;4000;20.66;1.32;0.75;MAR;3;BTP;13;POST-PANAMAXI;CGC;1253;D2030_215_newpanamax
23.0;185.0;9.25;0.0;2.0;13;31;THU;3;20;False;False;False;35000;31.91;3.55;0.75;MAR;3;DOW;20;MRMEDIUMRANGE;GL;1254;D2030_215_newpanamax
23.0;255.0;11.25;11.25;3.0;12;34;THU;3;20;False;False;False;3000;17.86;3.86;0.75;MAR;3;DPW - CGC;21;PANAMAX;CGC;1255;D2030_215_newpanamax
23.0;195.0;9.75;9.75;3.0;12;32;THU;3;20;False;False;False;1000;16.8;5.83;0.75;MAR;3;SANTOSBR;31;FULLYCELLULAR;CGC;1256;D2030_215_newpanamax
23.0;225.0;0.0;13.25;1.0;12;33;THU;3;20;False;False;False;70000;88.35;0.75;0.75;MAR;3;TEAG;33;PANAMAX;GSA - E;1257;D2030_215_newpanamax
23.0;225.0;0.0;13.25;1.0;10;22;THU;3;20;False;False;False;70000;78.07;0.43;0.75;MAR;3;TEG;34;PANAMAX;GSA - E;1258;D2030_215_newpanamax
23.0;235.0;8.75;8.75;3.0;11;33;THU;3;20;False;False;True;5000;19.52;2.28;0.75;MAR;3;TEV;37;LARGEPCTC;RORO;1259;D2030_215_newpanamax
23.0;185.0;0.0;9.75;1.0;14;36;THU;3;20;False;False;False;35000;29.94;6.56;0.75;MAR;3;TRANSPETRO;43;MRMEDIUMRANGE;GL;1260;D2030_215_newpanamax
23.0;175.0;9.25;0.0;2.0;15;41;THU;3;20;False;False;False;35000;90.66;7.13;0.75;MAR;3;USIMINAS;46;HANDYSIZE;CGNC;1261;D2030_215_newpanamax
44.0;323.0;8.4;8.6;3.0;4;50;0;3;20;False;True;False;0;12.0;0.0;0.75;0;3;Concais;6;PASSAGEIROS;PASSAGEIROS;1262;D2030_215_newpanamax
44.0;289.59;8.3;8.3;3.0;5;51;0;3;20;False;True;False;0;19.17;0.0;0.75;0;3;Concais;6;PASSAGEIROS;PASSAGEIROS;1263;D2030_215_newpanamax
18.0;85.34;4.5;5.0;1.0;12;15;0;3;20;False;False;False;0;29.67;0.08;0.75;0;3;TUP - Saipem;8;HANDYSIZE;CGNC;1264;D2030_215_newpanamax
23.0;265.0;11.75;11.75;3.0;14;38;FRI;4;21;False;False;False;3000;15.61;1.59;0.75;MAR;3;TECON10;3;PANAMAX;CGC;1265;D2030_215_newpanamax
23.0;225.0;0.0;13.25;1.0;16;41;FRI;4;21;False;False;False;70000;51.12;2.07;0.75;MAR;3;RUMO - GSA - E;4;PANAMAX;GSA - E;1266;D2030_215_newpanamax
23.0;185.0;9.75;9.75;3.0;13;39;FRI;4;21;False;False;False;1000;13.85;3.47;0.75;MAR;3;BTP;13;FULLYCELLULAR;CGC;1267;D2030_215_newpanamax
23.0;275.0;13.25;13.25;3.0;14;41;FRI;4;21;False;False;False;3000;14.7;1.67;0.75;MAR;3;BTP;13;PANAMAX;CGC;1268;D2030_215_newpanamax
23.0;305.0;12.75;12.75;3.0;11;33;FRI;4;21;False;False;False;4000;20.66;2.12;0.75;MAR;3;BTP;13;POST-PANAMAXI;CGC;1269;D2030_215_newpanamax
43.0;339.0;14.0;14.0;3.0;12;35;FRI;4;21;False;False;False;6000;23.63;1.67;0.75;MAR;3;BTP;13;POST-PANAMAXII;CGC;1270;D2030_215_newpanamax
23.0;225.0;0.0;13.25;1.0;14;44;FRI;4;21;False;False;False;70000;54.03;0.83;0.75;MAR;3;CUTRALE - GSA - E;19;PANAMAX;GSA - E;1271;D2030_215_newpanamax
23.0;195.0;10.25;10.25;3.0;13;36;FRI;4;21;False;False;False;1000;13.38;1.79;0.75;MAR;3;DPW - CGC;21;FULLYCELLULAR;CGC;1272;D2030_215_newpanamax
23.0;275.0;11.25;11.25;3.0;13;36;FRI;4;21;False;False;False;3000;17.86;3.01;0.75;MAR;3;DPW - CGC;21;PANAMAX;CGC;1273;D2030_215_newpanamax
23.0;295.0;12.75;12.75;3.0;13;36;FRI;4;21;False;False;False;4000;21.93;3.02;0.75;MAR;3;DPW - CGC;21;POST-PANAMAXI;CGC;1274;D2030_215_newpanamax
23.0;185.0;10.75;10.75;3.0;17;44;FRI;4;21;False;False;False;1000;16.8;1.3;0.75;MAR;3;SANTOSBR;31;FULLYCELLULAR;CGC;1275;D2030_215_newpanamax
23.0;275.0;11.75;11.75;3.0;16;43;FRI;4;21;False;False;False;3000;15.61;4.01;0.75;MAR;3;SANTOSBR;31;PANAMAX;CGC;1276;D2030_215_newpanamax
23.0;295.0;12.75;12.75;3.0;16;43;FRI;4;21;False;False;False;4000;21.3;2.69;0.75;MAR;3;SANTOSBR;31;POST-PANAMAXI;CGC;1277;D2030_215_newpanamax
43.0;339.0;14.0;14.0;3.0;15;41;FRI;4;21;False;False;False;6000;25.92;2.55;0.75;MAR;3;SANTOSBR;31;POST-PANAMAXII;CGC;1278;D2030_215_newpanamax
23.0;195.0;9.25;9.25;3.0;14;42;FRI;4;21;False;False;True;1500;20.97;2.56;0.75;MAR;3;TEV;37;CARGARO-RO;RORO;1279;D2030_215_newpanamax
23.0;165.0;9.75;0.0;2.0;12;42;FRI;4;21;False;False;False;18000;18.55;5.83;0.75;MAR;3;TIPLAM - GL;40;GPGENERALPURPOSE;GL;1280;D2030_215_newpanamax
23.0;195.0;10.25;0.0;2.0;15;43;FRI;4;21;False;False;False;45000;85.0;3.12;0.75;MAR;3;TIPLAM - GSM - I;42;HANDYMAX;GSM - I;1281;D2030_215_newpanamax
23.0;155.0;8.75;0.0;2.0;15;37;FRI;4;21;False;False;False;18000;42.57;6.74;0.75;MAR;3;ULTRACARGO;45;GPGENERALPURPOSE;GL;1282;D2030_215_newpanamax
38.0;333.33;8.6;8.6;3.0;5;50;0;4;21;False;True;False;0;11.67;0.0;0.75;0;3;Concais;6;PASSAGEIROS;PASSAGEIROS;1283;D2030_215_newpanamax
29.0;274.9;6.7;6.7;3.0;6;30;0;4;21;False;True;False;0;9.42;0.0;0.75;0;3;Concais;6;PASSAGEIROS;PASSAGEIROS;1284;D2030_215_newpanamax
36.0;225.0;0.0;13.0;1.0;16;46;SAT;5;22;False;False;False;55000;99.0;8.09;0.75;MAR;3;ARAUCO;1;NAVIOCARGAGERAL;CGNC;1285;D2030_215_newpanamax
23.0;155.0;9.75;0.0;2.0;16;46;SAT;5;22;False;False;False;18000;45.88;0.42;0.75;MAR;3;AGEO_TERMINAIS;11;GPGENERALPURPOSE;GL;1286;D2030_215_newpanamax
23.0;275.0;13.25;13.25;3.0;15;43;SAT;5;22;False;False;False;3000;14.7;2.35;0.75;MAR;3;BTP;13;PANAMAX;CGC;1287;D2030_215_newpanamax
23.0;325.0;13.75;13.75;3.0;17;48;SAT;5;22;False;False;False;4000;20.66;3.22;0.75;MAR;3;BTP;13;POST-PANAMAXI;CGC;1288;D2030_215_newpanamax
43.0;339.0;14.0;14.0;3.0;15;43;SAT;5;22;False;False;False;6000;23.63;3.89;0.75;MAR;3;BTP;13;POST-PANAMAXII;CGC;1289;D2030_215_newpanamax
23.0;265.0;12.75;12.75;3.0;19;53;SAT;5;22;False;False;False;3000;17.86;1.49;0.75;MAR;3;DPW - CGC;21;PANAMAX;CGC;1290;D2030_215_newpanamax
23.0;215.0;10.75;10.75;3.0;17;47;SAT;5;22;False;False;False;1000;16.8;1.44;0.75;MAR;3;SANTOSBR;31;FULLYCELLULAR;CGC;1291;D2030_215_newpanamax
23.0;265.0;12.25;12.25;3.0;17;47;SAT;5;22;False;False;False;3000;15.61;1.58;0.75;MAR;3;SANTOSBR;31;PANAMAX;CGC;1292;D2030_215_newpanamax
23.0;295.0;13.25;13.25;3.0;17;47;SAT;5;22;False;False;False;4000;21.3;1.46;0.75;MAR;3;SANTOSBR;31;POST-PANAMAXI;CGC;1293;D2030_215_newpanamax
23.0;225.0;0.0;13.75;1.0;17;51;SAT;5;22;False;False;False;70000;39.92;1.54;0.75;MAR;3;TGG;38;PANAMAX;GSA - E;1294;D2030_215_newpanamax
23.0;295.0;0.0;11.75;1.0;11;46;SAT;5;22;True;False;False;76500;53.08;0.0;0.75;MAR;3;TRSP;44;LNGCARRIER;GL;1295;D2030_215_newpanamax
50.0;305.0;8.6;8.6;3.0;5;45;0;5;22;False;True;False;0;10.58;0.0;0.75;0;3;Concais;6;PASSAGEIROS;PASSAGEIROS;1296;D2030_215_newpanamax
52.0;331.43;8.6;8.7;3.0;6;18;0;5;22;False;True;False;0;10.42;0.0;0.75;0;3;Concais;6;PASSAGEIROS;PASSAGEIROS;1297;D2030_215_newpanamax
36.0;225.0;0.0;13.0;1.0;18;55;SUN;6;23;False;False;False;55000;99.0;3.48;0.75;MAR;3;ARAUCO;1;NAVIOCARGAGERAL;CGNC;1298;D2030_215_newpanamax
23.0;175.0;12.2;0.0;2.0;22;8;SUN;6;23;False;False;False;35000;64.43;0.71;0.75;MAR;3;AGEO_TERMINAIS;11;MRMEDIUMRANGE;GL;1299;D2030_215_newpanamax
23.0;185.0;11.75;11.75;3.0;22;59;SUN;6;23;False;False;False;1000;13.38;2.16;0.75;MAR;3;DPW - CGC;21;FULLYCELLULAR;CGC;1300;D2030_215_newpanamax
23.0;285.0;13.25;13.25;3.0;22;25;SUN;6;23;False;False;False;3000;17.86;1.52;0.75;MAR;3;DPW - CGC;21;PANAMAX;CGC;1301;D2030_215_newpanamax
23.0;215.0;11.75;11.75;3.0;23;9;SUN;6;23;False;False;False;1000;16.8;2.67;0.75;MAR;3;SANTOSBR;31;FULLYCELLULAR;CGC;1302;D2030_215_newpanamax
23.0;275.0;13.25;13.25;3.0;22;58;SUN;6;23;False;False;False;3000;15.61;1.93;0.75;MAR;3;SANTOSBR;31;PANAMAX;CGC;1303;D2030_215_newpanamax
23.0;275.0;12.75;12.75;3.0;21;55;SUN;6;23;False;False;False;3000;15.61;3.07;0.75;MAR;3;SANTOSBR;31;PANAMAX;CGC;1304;D2030_215_newpanamax
23.0;295.0;14.25;14.25;3.0;22;54;SUN;6;23;False;False;False;4000;21.3;3.76;0.75;MAR;3;SANTOSBR;31;POST-PANAMAXI;CGC;1305;D2030_215_newpanamax
43.0;339.0;14.0;14.0;3.0;22;54;SUN;6;23;False;False;False;6000;25.92;1.94;0.75;MAR;3;SANTOSBR;31;POST-PANAMAXII;CGC;1306;D2030_215_newpanamax
23.0;165.0;9.25;0.0;2.0;20;59;SUN;6;23;False;False;False;18000;29.82;3.62;0.75;MAR;3;STOLTHAVEN;32;GPGENERALPURPOSE;GL;1307;D2030_215_newpanamax
44.0;289.59;8.3;8.3;3.0;5;45;0;6;23;False;True;False;0;11.33;0.0;0.75;0;3;Concais;6;PASSAGEIROS;PASSAGEIROS;1308;D2030_215_newpanamax
23.0;155.0;0.0;7.25;1.0;2;6;MON;0;24;False;False;False;18000;45.88;1.48;0.75;MAR;3;AGEO_TERMINAIS;11;GPGENERALPURPOSE;GL;1309;D2030_215_newpanamax
23.0;275.0;10.25;10.25;3.0;1;5;MON;0;24;False;False;False;3000;14.7;2.35;0.75;MAR;3;BTP;13;PANAMAX;CGC;1310;D2030_215_newpanamax
23.0;225.0;0.0;6.75;1.0;0;0;MON;0;24;False;False;False;70000;54.03;5.36;0.75;MAR;3;CUTRALE - GSA - E;19;PANAMAX;GSA - E;1311;D2030_215_newpanamax
23.0;195.0;7.25;7.25;3.0;2;4;MON;0;24;False;False;False;1000;13.38;1.12;0.75;MAR;3;DPW - CGC;21;FULLYCELLULAR;CGC;1312;D2030_215_newpanamax
23.0;255.0;9.25;9.25;3.0;1;2;MON;0;24;False;False;False;3000;17.86;2.46;0.75;MAR;3;DPW - CGC;21;PANAMAX;CGC;1313;D2030_215_newpanamax
23.0;245.0;9.75;9.75;3.0;2;4;MON;0;24;False;False;False;3000;17.86;1.74;0.75;MAR;3;DPW - CGC;21;PANAMAX;CGC;1314;D2030_215_newpanamax
23.0;325.0;9.75;9.75;3.0;1;2;MON;0;24;False;False;False;4000;21.93;2.28;0.75;MAR;3;DPW - CGC;21;POST-PANAMAXI;CGC;1315;D2030_215_newpanamax
36.0;225.0;0.0;13.0;1.0;0;2;MON;0;24;False;False;False;55000;64.0;1.6;0.75;MAR;3;DPW - CGNC;22;NAVIOCARGAGERAL;CGNC;1316;D2030_215_newpanamax
23.0;185.0;7.75;7.75;3.0;0;0;MON;0;24;False;False;False;1000;16.8;2.14;0.75;MAR;3;SANTOSBR;31;FULLYCELLULAR;CGC;1317;D2030_215_newpanamax
23.0;265.0;8.75;8.75;3.0;0;1;MON;0;24;False;False;False;3000;15.61;2.58;0.75;MAR;3;SANTOSBR;31;PANAMAX;CGC;1318;D2030_215_newpanamax
43.0;339.0;14.0;14.0;3.0;3;7;MON;0;24;False;False;False;6000;25.92;2.63;0.75;MAR;3;SANTOSBR;31;POST-PANAMAXII;CGC;1319;D2030_215_newpanamax
23.0;225.0;0.0;9.25;1.0;1;3;MON;0;24;False;False;False;70000;88.35;2.53;0.75;MAR;3;TEAG;33;PANAMAX;GSA - E;1320;D2030_215_newpanamax
23.0;115.0;7.75;7.75;3.0;1;3;MON;0;24;False;False;True;1500;20.97;0.37;0.75;MAR;3;TEV;37;CARGARO-RO;RORO;1321;D2030_215_newpanamax
23.0;225.0;0.0;13.25;1.0;1;6;MON;0;24;False;False;False;70000;61.75;3.53;0.75;MAR;3;TGRAO;39;PANAMAX;GSA - E;1322;D2030_215_newpanamax
23.0;185.0;0.0;8.25;1.0;2;5;MON;0;24;False;False;False;35000;29.94;2.44;0.75;MAR;3;TRANSPETRO;43;MRMEDIUMRANGE;GL;1323;D2030_215_newpanamax
23.0;175.0;0.0;8.25;1.0;0;1;MON;0;24;False;False;False;35000;29.94;4.27;0.75;MAR;3;TRANSPETRO;43;MRMEDIUMRANGE;GL;1324;D2030_215_newpanamax
44.0;323.0;8.4;8.7;3.0;6;0;0;0;24;False;True;False;0;10.33;0.0;0.75;0;3;Concais;6;PASSAGEIROS;PASSAGEIROS;1325;D2030_215_newpanamax
29.0;274.9;6.7;6.7;3.0;6;26;0;0;24;False;True;False;0;10.42;0.0;0.75;0;3;Concais;6;PASSAGEIROS;PASSAGEIROS;1326;D2030_215_newpanamax
33.0;177.9;8.1;9.0;1.0;11;40;0;0;24;False;False;False;0;72.83;0.17;0.75;0;3;TUP - Saipem;8;HANDYSIZE;CGNC;1327;D2030_215_newpanamax
17.0;82.3;4.5;4.5;1.0;22;20;0;0;24;False;False;False;0;13.17;0.17;0.75;0;3;TUP - Saipem;8;HANDYSIZE;CGNC;1328;D2030_215_newpanamax
23.0;225.0;0.0;12.75;1.0;5;9;TUE;1;25;False;False;False;70000;51.12;3.32;0.75;MAR;3;ADM;9;PANAMAX;GSA - E;1329;D2030_215_newpanamax
23.0;155.0;0.0;8.25;1.0;7;17;TUE;1;25;False;False;False;18000;45.88;0.9;0.75;MAR;3;AGEO_TERMINAIS;11;GPGENERALPURPOSE;GL;1330;D2030_215_newpanamax
23.0;175.0;0.0;9.25;1.0;7;17;TUE;1;25;False;False;False;35000;64.43;0.78;0.75;MAR;3;AGEO_TERMINAIS;11;MRMEDIUMRANGE;GL;1331;D2030_215_newpanamax
23.0;215.0;8.75;8.75;3.0;2;7;TUE;1;25;False;False;False;1000;13.85;3.86;0.75;MAR;3;BTP;13;FULLYCELLULAR;CGC;1332;D2030_215_newpanamax
23.0;295.0;10.75;10.75;3.0;2;7;TUE;1;25;False;False;False;4000;20.66;4.28;0.75;MAR;3;BTP;13;POST-PANAMAXI;CGC;1333;D2030_215_newpanamax
23.0;165.0;7.75;0.0;2.0;9;17;TUE;1;25;False;False;False;18000;12.03;3.12;0.75;MAR;3;DOW;20;GPGENERALPURPOSE;GL;1334;D2030_215_newpanamax
23.0;185.0;8.75;8.75;3.0;4;9;TUE;1;25;False;False;False;1000;13.38;2.14;0.75;MAR;3;DPW - CGC;21;FULLYCELLULAR;CGC;1335;D2030_215_newpanamax
23.0;255.0;10.25;10.25;3.0;6;14;TUE;1;25;False;False;False;3000;17.86;1.34;0.75;MAR;3;DPW - CGC;21;PANAMAX;CGC;1336;D2030_215_newpanamax
23.0;305.0;10.75;10.75;3.0;6;14;TUE;1;25;False;False;False;4000;21.93;0.93;0.75;MAR;3;DPW - CGC;21;POST-PANAMAXI;CGC;1337;D2030_215_newpanamax
23.0;185.0;9.25;9.25;3.0;5;12;TUE;1;25;False;False;False;1000;16.8;2.96;0.75;MAR;3;SANTOSBR;31;FULLYCELLULAR;CGC;1338;D2030_215_newpanamax
23.0;265.0;10.25;10.25;3.0;6;18;TUE;1;25;False;False;False;3000;15.61;5.0;0.75;MAR;3;SANTOSBR;31;PANAMAX;CGC;1339;D2030_215_newpanamax
43.0;339.0;14.0;14.0;3.0;6;18;TUE;1;25;False;False;False;6000;25.92;0.96;0.75;MAR;3;SANTOSBR;31;POST-PANAMAXII;CGC;1340;D2030_215_newpanamax
23.0;225.0;0.0;13.25;1.0;6;14;TUE;1;25;False;False;False;70000;39.92;2.51;0.75;MAR;3;TGG;38;PANAMAX;GSA - E;1341;D2030_215_newpanamax
23.0;155.0;0.0;8.25;1.0;4;10;TUE;1;25;False;False;False;18000;28.37;2.92;0.75;MAR;3;TRANSPETRO;43;GPGENERALPURPOSE;GL;1342;D2030_215_newpanamax
23.0;185.0;0.0;8.75;1.0;7;14;TUE;1;25;False;False;False;35000;29.94;2.9;0.75;MAR;3;TRANSPETRO;43;MRMEDIUMRANGE;GL;1343;D2030_215_newpanamax
23.0;175.0;0.0;7.75;1.0;5;17;TUE;1;25;False;False;False;35000;90.66;8.03;0.75;MAR;3;USIMINAS;46;HANDYSIZE;CGNC;1344;D2030_215_newpanamax
23.0;175.0;8.75;0.0;2.0;10;20;WED;2;26;False;False;False;35000;57.11;10.99;0.75;MAR;3;STS;2;MRMEDIUMRANGE;GL;1345;D2030_215_newpanamax
23.0;255.0;11.25;11.25;3.0;11;28;WED;2;26;False;False;False;3000;15.61;2.19;0.75;MAR;3;TECON10;3;PANAMAX;CGC;1346;D2030_215_newpanamax
23.0;155.0;9.75;0.0;2.0;9;23;WED;2;26;False;False;False;18000;32.32;7.14;0.75;MAR;3;ADONAI;10;GPGENERALPURPOSE;GL;1347;D2030_215_newpanamax
36.0;225.0;0.0;13.0;1.0;10;26;WED;2;26;False;False;False;55000;99.66;0.02;0.75;MAR;3;BRACELL;12;NAVIOCARGAGERAL;CGNC;1348;D2030_215_newpanamax
23.0;225.0;0.0;13.25;1.0;9;27;WED;2;26;False;False;False;70000;54.03;2.35;0.75;MAR;3;CUTRALE - GSA - E;19;PANAMAX;GSA - E;1349;D2030_215_newpanamax
23.0;215.0;9.75;9.75;3.0;10;27;WED;2;26;False;False;False;1000;13.38;2.26;0.75;MAR;3;DPW - CGC;21;FULLYCELLULAR;CGC;1350;D2030_215_newpanamax
23.0;275.0;10.75;10.75;3.0;10;27;WED;2;26;False;False;False;3000;17.86;2.08;0.75;MAR;3;DPW - CGC;21;PANAMAX;CGC;1351;D2030_215_newpanamax
23.0;295.0;12.25;12.25;3.0;10;27;WED;2;26;False;False;False;4000;21.93;1.49;0.75;MAR;3;DPW - CGC;21;POST-PANAMAXI;CGC;1352;D2030_215_newpanamax
43.0;339.0;14.0;14.0;3.0;10;27;WED;2;26;False;False;False;6000;27.82;1.27;0.75;MAR;3;DPW - CGC;21;POST-PANAMAXII;CGC;1353;D2030_215_newpanamax
36.0;225.0;0.0;11.7;1.0;10;25;WED;2;26;False;False;False;55000;50.0;2.42;0.75;MAR;3;SUZANO;25;NAVIOCARGAGERAL;CGNC;1354;D2030_215_newpanamax
23.0;275.0;10.75;10.75;3.0;10;27;WED;2;26;False;False;False;3000;15.61;2.92;0.75;MAR;3;SANTOSBR;31;PANAMAX;CGC;1355;D2030_215_newpanamax
23.0;295.0;12.25;12.25;3.0;10;27;WED;2;26;False;False;False;4000;21.3;1.97;0.75;MAR;3;SANTOSBR;31;POST-PANAMAXI;CGC;1356;D2030_215_newpanamax
43.0;339.0;14.0;14.0;3.0;8;23;WED;2;26;False;False;False;6000;25.92;2.05;0.75;MAR;3;SANTOSBR;31;POST-PANAMAXII;CGC;1357;D2030_215_newpanamax
23.0;175.0;10.25;0.0;2.0;5;20;WED;2;26;False;False;False;35000;50.86;13.11;0.75;MAR;3;TERMAG;35;HANDYSIZE;GSM - I;1358;D2030_215_newpanamax
23.0;195.0;8.75;8.75;3.0;8;25;WED;2;26;False;False;True;1500;20.97;4.24;0.75;MAR;3;TEV;37;CARGARO-RO;RORO;1359;D2030_215_newpanamax
23.0;195.0;8.75;8.75;3.0;9;29;WED;2;26;False;False;True;1500;20.97;5.41;0.75;MAR;3;TEV;37;CARGARO-RO;RORO;1360;D2030_215_newpanamax
23.0;195.0;8.75;8.75;3.0;8;24;WED;2;26;False;False;True;1500;20.97;0.86;0.75;MAR;3;TEV;37;CARGARO-RO;RORO;1361;D2030_215_newpanamax
23.0;215.0;8.25;8.25;3.0;8;25;WED;2;26;False;False;True;3000;20.25;0.71;0.75;MAR;3;TEV;37;PCTCPADRAO;RORO;1362;D2030_215_newpanamax
23.0;185.0;0.0;9.25;1.0;11;27;WED;2;26;False;False;False;35000;29.94;4.13;0.75;MAR;3;TRANSPETRO;43;MRMEDIUMRANGE;GL;1363;D2030_215_newpanamax
44.0;289.59;8.3;8.3;3.0;6;30;0;2;26;False;True;False;0;10.67;0.0;0.75;0;3;Concais;6;PASSAGEIROS;PASSAGEIROS;1364;D2030_215_newpanamax
18.0;85.34;4.5;4.85;1.0;0;20;0;2;26;False;False;False;0;23.67;0.25;0.75;0;3;TUP - Saipem;8;HANDYSIZE;CGNC;1365;D2030_215_newpanamax
19.0;88.9;5.8;4.5;1.0;8;40;0;2;26;False;False;False;0;47.33;0.17;0.75;0;3;TUP - Saipem;8;HANDYSIZE;CGNC;1366;D2030_215_newpanamax
23.0;155.0;8.25;0.0;2.0;11;25;THU;3;27;False;False;False;18000;42.57;4.07;0.75;MAR;3;STS;2;GPGENERALPURPOSE;GL;1367;D2030_215_newpanamax
23.0;225.0;0.0;13.25;1.0;9;21;THU;3;27;False;False;False;70000;51.12;4.1;0.75;MAR;3;RUMO - GSA - E;4;PANAMAX;GSA - E;1368;D2030_215_newpanamax
23.0;155.0;8.75;0.0;2.0;11;30;THU;3;27;False;False;False;18000;45.88;0.68;0.75;MAR;3;AGEO_TERMINAIS;11;GPGENERALPURPOSE;GL;1369;D2030_215_newpanamax
23.0;165.0;8.75;0.0;2.0;12;31;THU;3;27;False;False;False;18000;45.88;0.68;0.75;MAR;3;AGEO_TERMINAIS;11;GPGENERALPURPOSE;GL;1370;D2030_215_newpanamax
36.0;225.0;0.0;13.0;1.0;10;27;THU;3;27;False;False;False;55000;99.66;3.99;0.75;MAR;3;BRACELL;12;NAVIOCARGAGERAL;CGNC;1371;D2030_215_newpanamax
23.0;305.0;12.25;12.25;3.0;8;25;THU;3;27;False;False;False;4000;20.66;2.96;0.75;MAR;3;BTP;13;POST-PANAMAXI;CGC;1372;D2030_215_newpanamax
43.0;339.0;14.0;14.0;3.0;10;30;THU;3;27;False;False;False;6000;23.63;2.4;0.75;MAR;3;BTP;13;POST-PANAMAXII;CGC;1373;D2030_215_newpanamax
23.0;295.0;12.75;12.75;3.0;12;34;THU;3;27;False;False;False;4000;21.93;0.94;0.75;MAR;3;DPW - CGC;21;POST-PANAMAXI;CGC;1374;D2030_215_newpanamax
36.0;225.0;0.0;11.7;1.0;12;33;THU;3;27;False;False;False;55000;50.0;5.22;0.75;MAR;3;SUZANO;25;NAVIOCARGAGERAL;CGNC;1375;D2030_215_newpanamax
23.0;265.0;11.25;11.25;3.0;12;33;THU;3;27;False;False;False;3000;15.61;2.08;0.75;MAR;3;SANTOSBR;31;PANAMAX;CGC;1376;D2030_215_newpanamax
23.0;225.0;0.0;13.25;1.0;10;27;THU;3;27;False;False;False;70000;78.07;0.73;0.75;MAR;3;TEG;34;PANAMAX;GSA - E;1377;D2030_215_newpanamax
23.0;225.0;0.0;13.25;1.0;11;29;THU;3;27;False;False;False;70000;61.75;0.95;0.75;MAR;3;TGRAO;39;PANAMAX;GSA - E;1378;D2030_215_newpanamax
23.0;245.0;0.0;11.25;1.0;14;36;THU;3;27;False;False;False;60000;48.22;1.79;0.75;MAR;3;TRANSPETRO;43;LR1LONGRANGE1;GL;1379;D2030_215_newpanamax
23.0;285.0;0.0;11.75;1.0;10;31;THU;3;27;True;False;False;76500;53.08;0.0;0.75;MAR;3;TRSP;44;LNGCARRIER;GL;1380;D2030_215_newpanamax
44.0;323.0;8.4;8.7;3.0;3;0;0;3;27;False;True;False;0;13.17;0.0;0.75;0;3;Concais;6;PASSAGEIROS;PASSAGEIROS;1381;D2030_215_newpanamax
23.0;265.0;11.75;11.75;3.0;15;40;FRI;4;28;False;False;False;3000;15.61;1.24;0.75;MAR;3;TECON10;3;PANAMAX;CGC;1382;D2030_215_newpanamax
23.0;225.0;0.0;13.25;1.0;14;36;FRI;4;28;False;False;False;70000;51.12;1.61;0.75;MAR;3;RUMO - GSA - E;4;PANAMAX;GSA - E;1383;D2030_215_newpanamax
23.0;185.0;10.25;0.0;2.0;15;41;FRI;4;28;False;False;False;35000;64.43;0.6;0.75;MAR;3;AGEO_TERMINAIS;11;MRMEDIUMRANGE;GL;1384;D2030_215_newpanamax
23.0;275.0;12.75;12.75;3.0;12;35;FRI;4;28;False;False;False;3000;14.7;4.85;0.75;MAR;3;BTP;13;PANAMAX;CGC;1385;D2030_215_newpanamax
23.0;295.0;13.75;13.75;3.0;14;41;FRI;4;28;False;False;False;4000;20.66;5.64;0.75;MAR;3;BTP;13;POST-PANAMAXI;CGC;1386;D2030_215_newpanamax
43.0;339.0;14.0;14.0;3.0;13;39;FRI;4;28;False;False;False;6000;23.63;2.66;0.75;MAR;3;BTP;13;POST-PANAMAXII;CGC;1387;D2030_215_newpanamax
23.0;225.0;0.0;13.25;1.0;15;46;FRI;4;28;False;False;False;70000;54.03;0.98;0.75;MAR;3;CUTRALE - GSA - E;19;PANAMAX;GSA - E;1388;D2030_215_newpanamax
23.0;195.0;10.25;10.25;3.0;13;36;FRI;4;28;False;False;False;1000;13.38;1.78;0.75;MAR;3;DPW - CGC;21;FULLYCELLULAR;CGC;1389;D2030_215_newpanamax
23.0;275.0;11.25;11.25;3.0;13;36;FRI;4;28;False;False;False;3000;17.86;1.57;0.75;MAR;3;DPW - CGC;21;PANAMAX;CGC;1390;D2030_215_newpanamax
23.0;295.0;12.75;12.75;3.0;13;36;FRI;4;28;False;False;False;4000;21.93;1.6;0.75;MAR;3;DPW - CGC;21;POST-PANAMAXI;CGC;1391;D2030_215_newpanamax
36.0;225.0;0.0;13.0;1.0;15;42;FRI;4;28;False;False;False;55000;64.0;2.21;0.75;MAR;3;DPW - CGNC;22;NAVIOCARGAGERAL;CGNC;1392;D2030_215_newpanamax
23.0;205.0;10.25;10.25;3.0;15;41;FRI;4;28;False;False;False;1000;16.8;0.67;0.75;MAR;3;SANTOSBR;31;FULLYCELLULAR;CGC;1393;D2030_215_newpanamax
23.0;275.0;11.75;11.75;3.0;16;44;FRI;4;28;False;False;False;3000;15.61;1.41;0.75;MAR;3;SANTOSBR;31;PANAMAX;CGC;1394;D2030_215_newpanamax
43.0;339.0;14.0;14.0;3.0;17;44;FRI;4;28;False;False;False;6000;25.92;1.57;0.75;MAR;3;SANTOSBR;31;POST-PANAMAXII;CGC;1395;D2030_215_newpanamax
23.0;225.0;0.0;13.25;1.0;13;38;FRI;4;28;False;False;False;70000;39.92;1.12;0.75;MAR;3;TGG;38;PANAMAX;GSA - E;1396;D2030_215_newpanamax
23.0;225.0;0.0;13.25;1.0;13;38;FRI;4;28;False;False;False;70000;61.75;2.12;0.75;MAR;3;TGRAO;39;PANAMAX;GSA - E;1397;D2030_215_newpanamax
23.0;175.0;10.25;0.0;2.0;15;43;FRI;4;28;False;False;False;35000;72.19;8.93;0.75;MAR;3;TIPLAM - GSM - I;42;HANDYSIZE;GSM - I;1398;D2030_215_newpanamax
23.0;155.0;8.75;0.0;2.0;14;34;FRI;4;28;False;False;False;18000;42.57;7.34;0.75;MAR;3;ULTRACARGO;45;GPGENERALPURPOSE;GL;1399;D2030_215_newpanamax
23.0;175.0;10.25;0.0;2.0;14;34;FRI;4;28;False;False;False;35000;57.11;6.76;0.75;MAR;3;ULTRACARGO;45;MRMEDIUMRANGE;GL;1400;D2030_215_newpanamax
38.0;333.33;8.66;8.7;3.0;6;0;0;4;28;False;True;False;0;11.92;0.0;0.75;0;3;Concais;6;PASSAGEIROS;PASSAGEIROS;1401;D2030_215_newpanamax
29.0;274.9;6.7;6.7;3.0;6;23;0;4;28;False;True;False;0;10.67;0.0;0.75;0;3;Concais;6;PASSAGEIROS;PASSAGEIROS;1402;D2030_215_newpanamax
23.0;185.0;12.75;0.0;2.0;17;51;SAT;5;29;False;False;False;45000;89.37;6.59;0.75;MAR;3;RUMO - GSM - I;5;HANDYMAX;GSM - I;1403;D2030_215_newpanamax
23.0;225.0;14.25;0.0;2.0;17;51;SAT;5;29;False;False;False;70000;111.09;7.25;0.75;MAR;3;RUMO - GSM - I;5;PANAMAX;GSM - I;1404;D2030_215_newpanamax
23.0;275.0;13.75;13.75;3.0;17;48;SAT;5;29;False;False;False;3000;14.7;3.41;0.75;MAR;3;BTP;13;PANAMAX;CGC;1405;D2030_215_newpanamax
23.0;295.0;14.25;14.25;3.0;19;53;SAT;5;29;False;False;False;4000;20.66;3.56;0.75;MAR;3;BTP;13;POST-PANAMAXI;CGC;1406;D2030_215_newpanamax
43.0;339.0;14.0;14.0;3.0;17;48;SAT;5;29;False;False;False;6000;23.63;2.39;0.75;MAR;3;BTP;13;POST-PANAMAXII;CGC;1407;D2030_215_newpanamax
23.0;275.0;12.25;12.25;3.0;18;50;SAT;5;29;False;False;False;3000;17.86;1.56;0.75;MAR;3;DPW - CGC;21;PANAMAX;CGC;1408;D2030_215_newpanamax
23.0;295.0;14.25;14.25;3.0;19;53;SAT;5;29;False;False;False;4000;21.93;2.56;0.75;MAR;3;DPW - CGC;21;POST-PANAMAXI;CGC;1409;D2030_215_newpanamax
23.0;255.0;12.25;12.25;3.0;17;47;SAT;5;29;False;False;False;3000;15.61;2.45;0.75;MAR;3;SANTOSBR;31;PANAMAX;CGC;1410;D2030_215_newpanamax
23.0;295.0;13.25;13.25;3.0;17;47;SAT;5;29;False;False;False;4000;21.3;1.96;0.75;MAR;3;SANTOSBR;31;POST-PANAMAXI;CGC;1411;D2030_215_newpanamax
23.0;185.0;0.0;10.75;1.0;20;53;SAT;5;29;False;False;False;35000;29.94;5.98;0.75;MAR;3;TRANSPETRO;43;MRMEDIUMRANGE;GL;1412;D2030_215_newpanamax
23.0;185.0;0.0;10.25;1.0;19;50;SAT;5;29;False;False;False;35000;29.94;5.37;0.75;MAR;3;TRANSPETRO;43;MRMEDIUMRANGE;GL;1413;D2030_215_newpanamax
50.0;305.0;8.6;8.5;3.0;5;42;0;5;29;False;True;False;0;10.67;0.0;0.75;0;3;Concais;6;PASSAGEIROS;PASSAGEIROS;1414;D2030_215_newpanamax
52.0;331.43;8.6;8.7;3.0;8;30;0;5;29;False;True;False;0;9.17;0.0;0.75;0;3;Concais;6;PASSAGEIROS;PASSAGEIROS;1415;D2030_215_newpanamax
17.0;82.3;4.5;4.3;1.0;2;30;0;5;29;False;False;False;0;12.0;0.17;0.75;0;3;TUP - Saipem;8;HANDYSIZE;CGNC;1416;D2030_215_newpanamax
23.0;225.0;0.0;13.75;1.0;21;55;SUN;6;30;False;False;False;70000;51.12;1.64;0.75;MAR;3;ADM;9;PANAMAX;GSA - E;1417;D2030_215_newpanamax
23.0;225.0;0.0;13.75;1.0;23;25;SUN;6;30;False;False;False;70000;51.12;2.83;0.75;MAR;3;ADM;9;PANAMAX;GSA - E;1418;D2030_215_newpanamax
23.0;295.0;14.5;14.5;3.0;23;58;SUN;6;30;False;False;False;4000;20.66;4.36;0.75;MAR;3;BTP;13;POST-PANAMAXI;CGC;1419;D2030_215_newpanamax
23.0;275.0;12.75;12.75;3.0;20;55;SUN;6;30;False;False;False;3000;17.86;1.69;0.75;MAR;3;DPW - CGC;21;PANAMAX;CGC;1420;D2030_215_newpanamax
36.0;225.0;0.0;13.0;1.0;23;25;SUN;6;30;False;False;False;55000;64.0;4.9;0.75;MAR;3;DPW - CGNC;22;NAVIOCARGAGERAL;CGNC;1421;D2030_215_newpanamax
23.0;205.0;11.75;11.75;3.0;22;54;SUN;6;30;False;False;False;1000;16.8;6.92;0.75;MAR;3;SANTOSBR;31;FULLYCELLULAR;CGC;1422;D2030_215_newpanamax
23.0;275.0;13.75;13.75;3.0;23;31;SUN;6;30;False;False;False;3000;15.61;9.21;0.75;MAR;3;SANTOSBR;31;PANAMAX;CGC;1423;D2030_215_newpanamax
23.0;275.0;12.75;12.75;3.0;20;54;SUN;6;30;False;False;False;3000;15.61;2.11;0.75;MAR;3;SANTOSBR;31;PANAMAX;CGC;1424;D2030_215_newpanamax
43.0;339.0;14.0;14.0;3.0;23;15;SUN;6;30;False;False;False;6000;25.92;1.31;0.75;MAR;3;SANTOSBR;31;POST-PANAMAXII;CGC;1425;D2030_215_newpanamax
23.0;185.0;12.25;0.0;2.0;20;59;SUN;6;30;False;False;False;35000;59.07;6.82;0.75;MAR;3;STOLTHAVEN;32;MRMEDIUMRANGE;GL;1426;D2030_215_newpanamax
23.0;185.0;11.25;0.0;2.0;22;59;SUN;6;30;False;False;False;35000;29.94;1.6;0.75;MAR;3;TRANSPETRO;43;MRMEDIUMRANGE;GL;1427;D2030_215_newpanamax
23.0;185.0;0.0;8.25;1.0;2;6;MON;0;31;False;False;False;35000;64.43;0.77;0.75;MAR;3;AGEO_TERMINAIS;11;MRMEDIUMRANGE;GL;1428;D2030_215_newpanamax
23.0;295.0;9.75;9.75;3.0;0;2;MON;0;31;False;False;False;4000;20.66;2.67;0.75;MAR;3;BTP;13;POST-PANAMAXI;CGC;1429;D2030_215_newpanamax
23.0;195.0;7.25;7.25;3.0;2;4;MON;0;31;False;False;False;1000;13.38;1.42;0.75;MAR;3;DPW - CGC;21;FULLYCELLULAR;CGC;1430;D2030_215_newpanamax
23.0;185.0;8.25;8.25;3.0;3;7;MON;0;31;False;False;False;1000;13.38;2.06;0.75;MAR;3;DPW - CGC;21;FULLYCELLULAR;CGC;1431;D2030_215_newpanamax
23.0;245.0;8.75;8.75;3.0;0;1;MON;0;31;False;False;False;3000;17.86;1.84;0.75;MAR;3;DPW - CGC;21;PANAMAX;CGC;1432;D2030_215_newpanamax
23.0;245.0;9.75;9.75;3.0;2;4;MON;0;31;False;False;False;3000;17.86;2.03;0.75;MAR;3;DPW - CGC;21;PANAMAX;CGC;1433;D2030_215_newpanamax
23.0;295.0;9.75;9.75;3.0;0;1;MON;0;31;False;False;False;4000;21.93;1.75;0.75;MAR;3;DPW - CGC;21;POST-PANAMAXI;CGC;1434;D2030_215_newpanamax
23.0;135.0;6.75;6.75;3.0;3;7;MON;0;31;False;False;False;500;7.08;2.5;0.75;MAR;3;SANTOSBR;31;FEEDER/EARLY;CGC;1435;D2030_215_newpanamax
23.0;255.0;9.75;9.75;3.0;3;7;MON;0;31;False;False;False;3000;15.61;2.2;0.75;MAR;3;SANTOSBR;31;PANAMAX;CGC;1436;D2030_215_newpanamax
23.0;295.0;10.75;10.75;3.0;3;7;MON;0;31;False;False;False;4000;21.3;1.58;0.75;MAR;3;SANTOSBR;31;POST-PANAMAXI;CGC;1437;D2030_215_newpanamax
43.0;339.0;14.0;14.0;3.0;2;6;MON;0;31;False;False;False;6000;25.92;1.17;0.75;MAR;3;SANTOSBR;31;POST-PANAMAXII;CGC;1438;D2030_215_newpanamax
23.0;225.0;0.0;9.25;1.0;3;7;MON;0;31;False;False;False;70000;88.35;1.31;0.75;MAR;3;TEAG;33;PANAMAX;GSA - E;1439;D2030_215_newpanamax
23.0;115.0;6.75;6.75;3.0;0;1;MON;0;31;False;False;True;1500;20.97;3.38;0.75;MAR;3;TEV;37;CARGARO-RO;RORO;1440;D2030_215_newpanamax
23.0;195.0;6.25;0.0;2.0;0;0;MON;0;31;False;False;False;45000;85.0;2.5;0.75;MAR;3;TIPLAM - GSM - I;42;HANDYMAX;GSM - I;1441;D2030_215_newpanamax
23.0;185.0;0.0;8.25;1.0;0;2;MON;0;31;False;False;False;35000;29.94;8.87;0.75;MAR;3;TRANSPETRO;43;MRMEDIUMRANGE;GL;1442;D2030_215_newpanamax
23.0;285.0;0.0;10.25;1.0;8;4;MON;0;31;True;False;False;76500;53.08;0.0;0.75;MAR;3;TRSP;44;LNGCARRIER;GL;1443;D2030_215_newpanamax
32.0;239.3;7.4;7.4;3.0;6;30;0;0;31;False;True;False;0;11.25;0.0;0.75;0;3;Concais;6;PASSAGEIROS;PASSAGEIROS;1444;D2030_215_newpanamax
23.0;175.0;0.0;8.25;1.0;8;12;TUE;1;1;False;False;False;35000;57.11;2.9;0.75;APR;4;STS;2;MRMEDIUMRANGE;GL;1445;D2030_215_newpanamax
23.0;185.0;0.0;7.75;1.0;7;17;TUE;1;1;False;False;False;35000;37.45;2.78;0.75;APR;4;ADONAI;10;MRMEDIUMRANGE;GL;1446;D2030_215_newpanamax
23.0;165.0;0.0;7.25;1.0;3;7;TUE;1;1;False;False;False;18000;45.88;0.82;0.75;APR;4;AGEO_TERMINAIS;11;GPGENERALPURPOSE;GL;1447;D2030_215_newpanamax
23.0;185.0;0.0;8.25;1.0;3;7;TUE;1;1;False;False;False;35000;64.43;0.56;0.75;APR;4;AGEO_TERMINAIS;11;MRMEDIUMRANGE;GL;1448;D2030_215_newpanamax
23.0;295.0;10.75;10.75;3.0;2;7;TUE;1;1;False;False;False;4000;20.66;1.24;0.75;APR;4;BTP;13;POST-PANAMAXI;CGC;1449;D2030_215_newpanamax
43.0;339.0;14.0;14.0;3.0;2;7;TUE;1;1;False;False;False;6000;23.63;3.8;0.75;APR;4;BTP;13;POST-PANAMAXII;CGC;1450;D2030_215_newpanamax
23.0;255.0;9.75;9.75;3.0;4;8;TUE;1;1;False;False;False;3000;17.86;1.48;0.75;APR;4;DPW - CGC;21;PANAMAX;CGC;1451;D2030_215_newpanamax
23.0;135.0;6.75;6.75;3.0;4;11;TUE;1;1;False;False;False;500;7.08;3.03;0.75;APR;4;SANTOSBR;31;FEEDER/EARLY;CGC;1452;D2030_215_newpanamax
23.0;185.0;9.25;9.25;3.0;4;10;TUE;1;1;False;False;False;1000;16.8;5.99;0.75;APR;4;SANTOSBR;31;FULLYCELLULAR;CGC;1453;D2030_215_newpanamax
23.0;275.0;9.75;9.75;3.0;4;8;TUE;1;1;False;False;False;3000;15.61;2.62;0.75;APR;4;SANTOSBR;31;PANAMAX;CGC;1454;D2030_215_newpanamax
23.0;295.0;10.75;10.75;3.0;4;11;TUE;1;1;False;False;False;4000;21.3;1.07;0.75;APR;4;SANTOSBR;31;POST-PANAMAXI;CGC;1455;D2030_215_newpanamax
23.0;295.0;10.75;10.75;3.0;3;8;TUE;1;1;False;False;False;4000;21.3;2.47;0.75;APR;4;SANTOSBR;31;POST-PANAMAXI;CGC;1456;D2030_215_newpanamax
43.0;339.0;14.0;14.0;3.0;4;10;TUE;1;1;False;False;False;6000;25.92;2.06;0.75;APR;4;SANTOSBR;31;POST-PANAMAXII;CGC;1457;D2030_215_newpanamax
23.0;185.0;8.75;8.75;3.0;5;13;TUE;1;1;False;False;True;1500;20.97;1.15;0.75;APR;4;TEV;37;CARGARO-RO;RORO;1458;D2030_215_newpanamax
23.0;225.0;0.0;13.25;1.0;6;13;TUE;1;1;False;False;False;70000;39.92;1.5;0.75;APR;4;TGG;38;PANAMAX;GSA - E;1459;D2030_215_newpanamax
23.0;175.0;0.0;8.25;1.0;9;15;TUE;1;1;False;False;False;35000;57.11;3.63;0.75;APR;4;ULTRACARGO;45;MRMEDIUMRANGE;GL;1460;D2030_215_newpanamax
23.0;225.0;0.0;12.75;1.0;8;15;WED;2;2;False;False;False;70000;51.12;2.39;0.75;APR;4;RUMO - GSA - E;4;PANAMAX;GSA - E;1461;D2030_215_newpanamax
23.0;185.0;0.0;9.25;1.0;9;22;WED;2;2;False;False;False;35000;64.43;0.35;0.75;APR;4;AGEO_TERMINAIS;11;MRMEDIUMRANGE;GL;1462;D2030_215_newpanamax
23.0;295.0;11.75;11.75;3.0;5;17;WED;2;2;False;False;False;4000;20.66;2.19;0.75;APR;4;BTP;13;POST-PANAMAXI;CGC;1463;D2030_215_newpanamax
23.0;225.0;0.0;13.25;1.0;9;30;WED;2;2;False;False;False;70000;54.03;3.85;0.75;APR;4;CUTRALE - GSA - E;19;PANAMAX;GSA - E;1464;D2030_215_newpanamax
23.0;325.0;11.25;11.25;3.0;8;22;WED;2;2;False;False;False;4000;21.93;1.62;0.75;APR;4;DPW - CGC;21;POST-PANAMAXI;CGC;1465;D2030_215_newpanamax
23.0;265.0;10.25;10.25;3.0;6;19;WED;2;2;False;False;False;3000;15.61;1.66;0.75;APR;4;SANTOSBR;31;PANAMAX;CGC;1466;D2030_215_newpanamax
23.0;175.0;0.0;9.75;1.0;7;22;WED;2;2;False;False;False;35000;59.07;0.93;0.75;APR;4;STOLTHAVEN;32;MRMEDIUMRANGE;GL;1467;D2030_215_newpanamax
23.0;225.0;0.0;13.25;1.0;10;23;WED;2;2;False;False;False;70000;39.92;0.81;0.75;APR;4;TGG;38;PANAMAX;GSA - E;1468;D2030_215_newpanamax
23.0;185.0;0.0;8.75;1.0;8;18;WED;2;2;False;False;False;35000;29.94;0.78;0.75;APR;4;TRANSPETRO;43;MRMEDIUMRANGE;GL;1469;D2030_215_newpanamax
23.0;225.0;14.25;0.0;2.0;13;36;THU;3;3;False;False;False;70000;111.09;7.02;0.75;APR;4;RUMO - GSM - I;5;PANAMAX;GSM - I;1470;D2030_215_newpanamax
23.0;215.0;9.25;9.25;3.0;9;26;THU;3;3;False;False;False;1000;13.85;2.74;0.75;APR;4;BTP;13;FULLYCELLULAR;CGC;1471;D2030_215_newpanamax
43.0;339.0;14.0;14.0;3.0;9;26;THU;3;3;False;False;False;6000;23.63;3.71;0.75;APR;4;BTP;13;POST-PANAMAXII;CGC;1472;D2030_215_newpanamax
23.0;255.0;11.25;11.25;3.0;11;32;THU;3;3;False;False;False;3000;17.86;1.17;0.75;APR;4;DPW - CGC;21;PANAMAX;CGC;1473;D2030_215_newpanamax
23.0;295.0;12.75;12.75;3.0;12;35;THU;3;3;False;False;False;4000;21.93;2.87;0.75;APR;4;DPW - CGC;21;POST-PANAMAXI;CGC;1474;D2030_215_newpanamax
36.0;225.0;0.0;13.0;1.0;15;41;THU;3;3;False;False;False;55000;64.0;1.3;0.75;APR;4;DPW - CGNC;22;NAVIOCARGAGERAL;CGNC;1475;D2030_215_newpanamax
36.0;225.0;0.0;11.7;1.0;12;32;THU;3;3;False;False;False;55000;50.0;5.62;0.75;APR;4;SUZANO;25;NAVIOCARGAGERAL;CGNC;1476;D2030_215_newpanamax
23.0;225.0;14.25;0.0;2.0;9;30;THU;3;3;False;False;False;70000;111.09;6.0;0.75;APR;4;TERMAG;35;PANAMAX;GSM - I;1477;D2030_215_newpanamax
23.0;185.0;0.0;9.75;1.0;15;37;THU;3;3;False;False;False;35000;29.94;0.84;0.75;APR;4;TRANSPETRO;43;MRMEDIUMRANGE;GL;1478;D2030_215_newpanamax
23.0;295.0;0.0;10.75;1.0;10;22;THU;3;3;True;False;False;76500;53.08;0.0;0.75;APR;4;TRSP;44;LNGCARRIER;GL;1479;D2030_215_newpanamax
44.0;323.0;8.5;8.7;3.0;6;30;0;3;3;False;True;False;0;9.67;0.0;0.75;0;4;Concais;6;PASSAGEIROS;PASSAGEIROS;1480;D2030_215_newpanamax
23.0;275.0;11.75;11.75;3.0;16;44;FRI;4;4;False;False;False;3000;15.61;2.55;0.75;APR;4;TECON10;3;PANAMAX;CGC;1481;D2030_215_newpanamax
23.0;225.0;0.0;13.25;1.0;15;37;FRI;4;4;False;False;False;70000;51.12;2.18;0.75;APR;4;RUMO - GSA - E;4;PANAMAX;GSA - E;1482;D2030_215_newpanamax
23.0;185.0;10.25;0.0;2.0;15;41;FRI;4;4;False;False;False;35000;64.43;1.4;0.75;APR;4;AGEO_TERMINAIS;11;MRMEDIUMRANGE;GL;1483;D2030_215_newpanamax
23.0;135.0;8.25;8.25;3.0;16;45;FRI;4;4;False;False;False;500;12.93;1.55;0.75;APR;4;DPW - CGC;21;FEEDER/EARLY;CGC;1484;D2030_215_newpanamax
23.0;195.0;10.25;10.25;3.0;13;36;FRI;4;4;False;False;False;1000;13.38;2.1;0.75;APR;4;DPW - CGC;21;FULLYCELLULAR;CGC;1485;D2030_215_newpanamax
23.0;275.0;11.25;11.25;3.0;13;36;FRI;4;4;False;False;False;3000;17.86;1.05;0.75;APR;4;DPW - CGC;21;PANAMAX;CGC;1486;D2030_215_newpanamax
23.0;265.0;11.75;11.75;3.0;16;43;FRI;4;4;False;False;False;3000;17.86;2.23;0.75;APR;4;DPW - CGC;21;PANAMAX;CGC;1487;D2030_215_newpanamax
23.0;295.0;12.75;12.75;3.0;13;36;FRI;4;4;False;False;False;4000;21.93;1.81;0.75;APR;4;DPW - CGC;21;POST-PANAMAXI;CGC;1488;D2030_215_newpanamax
36.0;225.0;0.0;13.0;1.0;16;42;FRI;4;4;False;False;False;55000;64.0;1.71;0.75;APR;4;DPW - CGNC;22;NAVIOCARGAGERAL;CGNC;1489;D2030_215_newpanamax
23.0;195.0;10.25;10.25;3.0;15;40;FRI;4;4;False;False;False;1000;16.8;3.72;0.75;APR;4;SANTOSBR;31;FULLYCELLULAR;CGC;1490;D2030_215_newpanamax
23.0;295.0;12.75;12.75;3.0;15;40;FRI;4;4;False;False;False;4000;21.3;5.65;0.75;APR;4;SANTOSBR;31;POST-PANAMAXI;CGC;1491;D2030_215_newpanamax
43.0;339.0;14.0;14.0;3.0;15;40;FRI;4;4;False;False;False;6000;25.92;2.03;0.75;APR;4;SANTOSBR;31;POST-PANAMAXII;CGC;1492;D2030_215_newpanamax
23.0;225.0;0.0;13.25;1.0;13;39;FRI;4;4;False;False;False;70000;39.92;3.07;0.75;APR;4;TGG;38;PANAMAX;GSA - E;1493;D2030_215_newpanamax
23.0;245.0;0.0;11.75;1.0;13;39;FRI;4;4;False;False;False;85000;97.87;1.67;0.75;APR;4;TGG;38;POST-PANAMAX;GSA - E;1494;D2030_215_newpanamax
18.0;85.34;5.0;5.0;1.0;1;5;0;4;4;False;False;False;0;163.42;0.17;0.75;0;4;TUP - Saipem;8;HANDYSIZE;CGNC;1495;D2030_215_newpanamax
23.0;225.0;0.0;13.25;1.0;19;48;SAT;5;5;False;False;False;70000;51.12;5.25;0.75;APR;4;RUMO - GSA - E;4;PANAMAX;GSA - E;1496;D2030_215_newpanamax
23.0;155.0;9.75;0.0;2.0;17;49;SAT;5;5;False;False;False;18000;45.88;0.7;0.75;APR;4;AGEO_TERMINAIS;11;GPGENERALPURPOSE;GL;1497;D2030_215_newpanamax
23.0;185.0;10.75;0.0;2.0;16;47;SAT;5;5;False;False;False;35000;64.43;0.32;0.75;APR;4;AGEO_TERMINAIS;11;MRMEDIUMRANGE;GL;1498;D2030_215_newpanamax
36.0;225.0;0.0;13.0;1.0;17;52;SAT;5;5;False;False;False;55000;99.66;7.41;0.75;APR;4;BRACELL;12;NAVIOCARGAGERAL;CGNC;1499;D2030_215_newpanamax
23.0;245.0;13.75;13.75;3.0;17;48;SAT;5;5;False;False;False;3000;14.7;3.6;0.75;APR;4;BTP;13;PANAMAX;CGC;1500;D2030_215_newpanamax
23.0;305.0;13.75;13.75;3.0;16;46;SAT;5;5;False;False;False;4000;20.66;4.33;0.75;APR;4;BTP;13;POST-PANAMAXI;CGC;1501;D2030_215_newpanamax
23.0;295.0;13.75;13.75;3.0;14;42;SAT;5;5;False;False;False;4000;20.66;2.15;0.75;APR;4;BTP;13;POST-PANAMAXI;CGC;1502;D2030_215_newpanamax
23.0;295.0;13.75;13.75;3.0;16;46;SAT;5;5;False;False;False;4000;20.66;2.62;0.75;APR;4;BTP;13;POST-PANAMAXI;CGC;1503;D2030_215_newpanamax
43.0;339.0;14.0;14.0;3.0;17;48;SAT;5;5;False;False;False;6000;23.63;1.72;0.75;APR;4;BTP;13;POST-PANAMAXII;CGC;1504;D2030_215_newpanamax
23.0;275.0;12.25;12.25;3.0;18;51;SAT;5;5;False;False;False;3000;17.86;1.53;0.75;APR;4;DPW - CGC;21;PANAMAX;CGC;1505;D2030_215_newpanamax
36.0;225.0;0.0;13.0;1.0;19;52;SAT;5;5;False;False;False;55000;64.0;1.47;0.75;APR;4;DPW - CGNC;22;NAVIOCARGAGERAL;CGNC;1506;D2030_215_newpanamax
36.0;225.0;0.0;11.7;1.0;19;50;SAT;5;5;False;False;False;55000;50.0;4.8;0.75;APR;4;SUZANO;25;NAVIOCARGAGERAL;CGNC;1507;D2030_215_newpanamax
36.0;225.0;0.0;11.7;1.0;20;58;SAT;5;5;False;False;False;55000;50.0;1.62;0.75;APR;4;SUZANO;25;NAVIOCARGAGERAL;CGNC;1508;D2030_215_newpanamax
23.0;225.0;0.0;13.25;1.0;19;49;SAT;5;5;False;False;False;70000;78.07;2.71;0.75;APR;4;TEG;34;PANAMAX;GSA - E;1509;D2030_215_newpanamax
23.0;225.0;0.0;11.75;1.0;18;49;SAT;5;5;False;False;False;60000;48.22;0.97;0.75;APR;4;TRANSPETRO;43;LR1LONGRANGE1;GL;1510;D2030_215_newpanamax
23.0;185.0;0.0;10.75;1.0;20;54;SAT;5;5;False;False;False;35000;29.94;3.67;0.75;APR;4;TRANSPETRO;43;MRMEDIUMRANGE;GL;1511;D2030_215_newpanamax
23.0;175.0;9.75;0.0;2.0;16;51;SAT;5;5;False;False;False;35000;90.66;7.81;0.75;APR;4;USIMINAS;46;HANDYSIZE;CGNC;1512;D2030_215_newpanamax
50.0;305.0;8.6;8.6;3.0;5;45;0;5;5;False;True;False;0;8.92;0.0;0.75;0;4;Concais;6;PASSAGEIROS;PASSAGEIROS;1513;D2030_215_newpanamax
52.0;331.43;8.45;8.7;3.0;6;0;0;5;5;False;True;False;0;10.75;0.0;0.75;0;4;Concais;6;PASSAGEIROS;PASSAGEIROS;1514;D2030_215_newpanamax
23.0;225.0;0.0;13.75;1.0;22;57;SUN;6;6;False;False;False;70000;51.12;2.51;0.75;APR;4;RUMO - GSA - E;4;PANAMAX;GSA - E;1515;D2030_215_newpanamax
23.0;225.0;0.0;13.75;1.0;22;57;SUN;6;6;False;False;False;70000;51.12;3.61;0.75;APR;4;RUMO - GSA - E;4;PANAMAX;GSA - E;1516;D2030_215_newpanamax
23.0;225.0;0.0;13.75;1.0;23;14;SUN;6;6;False;False;False;70000;51.12;4.18;0.75;APR;4;ADM;9;PANAMAX;GSA - E;1517;D2030_215_newpanamax
23.0;155.0;10.25;0.0;2.0;21;58;SUN;6;6;False;False;False;18000;45.88;0.65;0.75;APR;4;AGEO_TERMINAIS;11;GPGENERALPURPOSE;GL;1518;D2030_215_newpanamax
23.0;305.0;14.5;14.5;3.0;23;7;SUN;6;6;False;False;False;4000;20.66;6.31;0.75;APR;4;BTP;13;POST-PANAMAXI;CGC;1519;D2030_215_newpanamax
23.0;295.0;14.5;14.5;3.0;23;1;SUN;6;6;False;False;False;4000;20.66;3.84;0.75;APR;4;BTP;13;POST-PANAMAXI;CGC;1520;D2030_215_newpanamax
23.0;205.0;0.0;10.25;1.0;20;59;SUN;6;6;False;False;False;35000;57.8;12.69;0.75;APR;4;CUTRALE - GL;18;MRMEDIUMRANGE;GL;1521;D2030_215_newpanamax
23.0;205.0;11.25;11.25;3.0;20;54;SUN;6;6;False;False;False;1000;13.38;1.31;0.75;APR;4;DPW - CGC;21;FULLYCELLULAR;CGC;1522;D2030_215_newpanamax
23.0;255.0;13.25;13.25;3.0;21;57;SUN;6;6;False;False;False;3000;17.86;2.28;0.75;APR;4;DPW - CGC;21;PANAMAX;CGC;1523;D2030_215_newpanamax
23.0;275.0;13.25;13.25;3.0;22;59;SUN;6;6;False;False;False;3000;17.86;1.08;0.75;APR;4;DPW - CGC;21;PANAMAX;CGC;1524;D2030_215_newpanamax
23.0;295.0;14.25;14.25;3.0;21;57;SUN;6;6;False;False;False;4000;21.93;2.33;0.75;APR;4;DPW - CGC;21;POST-PANAMAXI;CGC;1525;D2030_215_newpanamax
23.0;295.0;14.25;14.25;3.0;20;54;SUN;6;6;False;False;False;4000;21.93;1.62;0.75;APR;4;DPW - CGC;21;POST-PANAMAXI;CGC;1526;D2030_215_newpanamax
36.0;225.0;0.0;13.0;1.0;23;13;SUN;6;6;False;False;False;55000;64.0;1.29;0.75;APR;4;DPW - CGNC;22;NAVIOCARGAGERAL;CGNC;1527;D2030_215_newpanamax
23.0;205.0;11.75;11.75;3.0;22;59;SUN;6;6;False;False;False;1000;16.8;4.0;0.75;APR;4;SANTOSBR;31;FULLYCELLULAR;CGC;1528;D2030_215_newpanamax
23.0;275.0;13.25;13.25;3.0;22;59;SUN;6;6;False;False;False;3000;15.61;1.59;0.75;APR;4;SANTOSBR;31;PANAMAX;CGC;1529;D2030_215_newpanamax
43.0;339.0;14.0;14.0;3.0;21;55;SUN;6;6;False;False;False;6000;25.92;4.98;0.75;APR;4;SANTOSBR;31;POST-PANAMAXII;CGC;1530;D2030_215_newpanamax
23.0;195.0;9.75;9.75;3.0;20;57;SUN;6;6;False;False;True;1500;20.97;3.69;0.75;APR;4;TEV;37;CARGARO-RO;RORO;1531;D2030_215_newpanamax
23.0;225.0;9.75;9.75;3.0;20;57;SUN;6;6;False;False;True;3000;20.25;0.67;0.75;APR;4;TEV;37;PCTCPADRAO;RORO;1532;D2030_215_newpanamax
23.0;225.0;0.0;14.25;1.0;21;58;SUN;6;6;False;False;False;70000;61.75;0.98;0.75;APR;4;TGRAO;39;PANAMAX;GSA - E;1533;D2030_215_newpanamax
23.0;185.0;12.25;0.0;2.0;23;4;SUN;6;6;False;False;False;35000;29.94;2.02;0.75;APR;4;TRANSPETRO;43;MRMEDIUMRANGE;GL;1534;D2030_215_newpanamax
44.0;323.0;8.5;7.6;3.0;5;0;0;6;6;False;True;False;0;10.83;0.0;0.75;0;4;Concais;6;PASSAGEIROS;PASSAGEIROS;1535;D2030_215_newpanamax
36.0;225.0;0.0;13.0;1.0;0;1;MON;0;7;False;False;False;55000;99.0;1.76;0.75;APR;4;ARAUCO;1;NAVIOCARGAGERAL;CGNC;1536;D2030_215_newpanamax
23.0;225.0;0.0;12.25;1.0;1;4;MON;0;7;False;False;False;70000;51.12;1.23;0.75;APR;4;RUMO - GSA - E;4;PANAMAX;GSA - E;1537;D2030_215_newpanamax
36.0;225.0;0.0;13.0;1.0;0;1;MON;0;7;False;False;False;55000;99.66;0.36;0.75;APR;4;BRACELL;12;NAVIOCARGAGERAL;CGNC;1538;D2030_215_newpanamax
23.0;305.0;9.75;9.75;3.0;1;3;MON;0;7;False;False;False;4000;20.66;4.4;0.75;APR;4;BTP;13;POST-PANAMAXI;CGC;1539;D2030_215_newpanamax
23.0;185.0;8.75;0.0;2.0;7;11;MON;0;7;False;False;False;35000;31.91;4.58;0.75;APR;4;DOW;20;MRMEDIUMRANGE;GL;1540;D2030_215_newpanamax
23.0;245.0;8.75;8.75;3.0;0;1;MON;0;7;False;False;False;3000;17.86;1.53;0.75;APR;4;DPW - CGC;21;PANAMAX;CGC;1541;D2030_215_newpanamax
23.0;255.0;9.75;9.75;3.0;3;6;MON;0;7;False;False;False;3000;17.86;3.0;0.75;APR;4;DPW - CGC;21;PANAMAX;CGC;1542;D2030_215_newpanamax
23.0;185.0;8.25;8.25;3.0;0;1;MON;0;7;False;False;False;1000;16.8;1.09;0.75;APR;4;SANTOSBR;31;FULLYCELLULAR;CGC;1543;D2030_215_newpanamax
23.0;265.0;8.75;8.75;3.0;0;1;MON;0;7;False;False;False;3000;15.61;2.95;0.75;APR;4;SANTOSBR;31;PANAMAX;CGC;1544;D2030_215_newpanamax
23.0;295.0;9.25;9.25;3.0;0;1;MON;0;7;False;False;False;4000;21.3;3.41;0.75;APR;4;SANTOSBR;31;POST-PANAMAXI;CGC;1545;D2030_215_newpanamax
23.0;225.0;0.0;12.25;1.0;2;4;MON;0;7;False;False;False;70000;78.07;1.26;0.75;APR;4;TEG;34;PANAMAX;GSA - E;1546;D2030_215_newpanamax
23.0;115.0;7.75;7.75;3.0;0;2;MON;0;7;False;False;True;1500;20.97;0.72;0.75;APR;4;TEV;37;CARGARO-RO;RORO;1547;D2030_215_newpanamax
23.0;225.0;0.0;13.25;1.0;1;6;MON;0;7;False;False;False;70000;61.75;2.49;0.75;APR;4;TGRAO;39;PANAMAX;GSA - E;1548;D2030_215_newpanamax
23.0;285.0;0.0;10.25;1.0;8;1;MON;0;7;True;False;False;76500;53.08;0.0;0.75;APR;4;TRSP;44;LNGCARRIER;GL;1549;D2030_215_newpanamax
23.0;155.0;0.0;7.75;1.0;8;12;TUE;1;8;False;False;False;18000;42.57;3.86;0.75;APR;4;STS;2;GPGENERALPURPOSE;GL;1550;D2030_215_newpanamax
23.0;225.0;0.0;12.75;1.0;7;12;TUE;1;8;False;False;False;70000;51.12;1.75;0.75;APR;4;RUMO - GSA - E;4;PANAMAX;GSA - E;1551;D2030_215_newpanamax
23.0;155.0;0.0;7.75;1.0;6;15;TUE;1;8;False;False;False;18000;45.88;0.31;0.75;APR;4;AGEO_TERMINAIS;11;GPGENERALPURPOSE;GL;1552;D2030_215_newpanamax
23.0;215.0;8.75;8.75;3.0;2;8;TUE;1;8;False;False;False;1000;13.85;4.1;0.75;APR;4;BTP;13;FULLYCELLULAR;CGC;1553;D2030_215_newpanamax
23.0;295.0;10.75;10.75;3.0;2;8;TUE;1;8;False;False;False;4000;20.66;1.83;0.75;APR;4;BTP;13;POST-PANAMAXI;CGC;1554;D2030_215_newpanamax
43.0;339.0;14.0;14.0;3.0;2;8;TUE;1;8;False;False;False;6000;23.63;3.51;0.75;APR;4;BTP;13;POST-PANAMAXII;CGC;1555;D2030_215_newpanamax
23.0;255.0;9.75;9.75;3.0;4;8;TUE;1;8;False;False;False;3000;17.86;1.2;0.75;APR;4;DPW - CGC;21;PANAMAX;CGC;1556;D2030_215_newpanamax
23.0;295.0;10.75;10.75;3.0;4;8;TUE;1;8;False;False;False;4000;21.93;0.72;0.75;APR;4;DPW - CGC;21;POST-PANAMAXI;CGC;1557;D2030_215_newpanamax
23.0;215.0;8.75;8.75;3.0;4;8;TUE;1;8;False;False;False;1000;16.8;2.04;0.75;APR;4;SANTOSBR;31;FULLYCELLULAR;CGC;1558;D2030_215_newpanamax
23.0;245.0;10.25;10.25;3.0;4;11;TUE;1;8;False;False;False;3000;15.61;1.59;0.75;APR;4;SANTOSBR;31;PANAMAX;CGC;1559;D2030_215_newpanamax
23.0;275.0;9.75;9.75;3.0;3;8;TUE;1;8;False;False;False;3000;15.61;1.68;0.75;APR;4;SANTOSBR;31;PANAMAX;CGC;1560;D2030_215_newpanamax
23.0;295.0;10.75;10.75;3.0;4;8;TUE;1;8;False;False;False;4000;21.3;4.06;0.75;APR;4;SANTOSBR;31;POST-PANAMAXI;CGC;1561;D2030_215_newpanamax
43.0;339.0;14.0;14.0;3.0;4;8;TUE;1;8;False;False;False;6000;25.92;3.1;0.75;APR;4;SANTOSBR;31;POST-PANAMAXII;CGC;1562;D2030_215_newpanamax
23.0;185.0;8.75;8.75;3.0;5;13;TUE;1;8;False;False;True;1500;20.97;8.14;0.75;APR;4;TEV;37;CARGARO-RO;RORO;1563;D2030_215_newpanamax
23.0;225.0;0.0;13.25;1.0;7;15;TUE;1;8;False;False;False;70000;39.92;5.33;0.75;APR;4;TGG;38;PANAMAX;GSA - E;1564;D2030_215_newpanamax
23.0;185.0;0.0;8.75;1.0;4;10;TUE;1;8;False;False;False;35000;29.94;2.27;0.75;APR;4;TRANSPETRO;43;MRMEDIUMRANGE;GL;1565;D2030_215_newpanamax
23.0;225.0;0.0;13.25;1.0;8;19;WED;2;9;False;False;False;70000;51.12;2.37;0.75;APR;4;RUMO - GSA - E;4;PANAMAX;GSA - E;1566;D2030_215_newpanamax
23.0;155.0;0.0;8.25;1.0;9;22;WED;2;9;False;False;False;18000;45.88;0.26;0.75;APR;4;AGEO_TERMINAIS;11;GPGENERALPURPOSE;GL;1567;D2030_215_newpanamax
23.0;285.0;11.75;11.75;3.0;5;17;WED;2;9;False;False;False;3000;14.7;3.05;0.75;APR;4;BTP;13;PANAMAX;CGC;1568;D2030_215_newpanamax
23.0;295.0;11.75;11.75;3.0;5;15;WED;2;9;False;False;False;4000;20.66;2.27;0.75;APR;4;BTP;13;POST-PANAMAXI;CGC;1569;D2030_215_newpanamax
23.0;255.0;10.75;10.75;3.0;8;22;WED;2;9;False;False;False;3000;17.86;2.51;0.75;APR;4;DPW - CGC;21;PANAMAX;CGC;1570;D2030_215_newpanamax
23.0;185.0;9.75;9.75;3.0;7;21;WED;2;9;False;False;False;1000;16.8;1.85;0.75;APR;4;SANTOSBR;31;FULLYCELLULAR;CGC;1571;D2030_215_newpanamax
43.0;339.0;14.0;14.0;3.0;7;21;WED;2;9;False;False;False;6000;25.92;1.37;0.75;APR;4;SANTOSBR;31;POST-PANAMAXII;CGC;1572;D2030_215_newpanamax
23.0;195.0;8.75;8.75;3.0;7;22;WED;2;9;False;False;True;1500;20.97;2.12;0.75;APR;4;TEV;37;CARGARO-RO;RORO;1573;D2030_215_newpanamax
23.0;225.0;0.0;13.25;1.0;9;22;WED;2;9;False;False;False;70000;61.75;1.09;0.75;APR;4;TGRAO;39;PANAMAX;GSA - E;1574;D2030_215_newpanamax
23.0;225.0;0.0;8.75;1.0;10;16;WED;2;9;False;False;False;60000;81.86;7.36;0.75;APR;4;ULTRACARGO;45;LR1LONGRANGE1;GL;1575;D2030_215_newpanamax
44.0;323.0;8.4;8.7;3.0;5;0;0;2;9;False;True;False;0;10.58;0.0;0.75;0;4;Concais;6;PASSAGEIROS;PASSAGEIROS;1576;D2030_215_newpanamax
50.0;305.0;8.6;8.6;3.0;6;0;0;2;9;False;True;False;0;10.08;0.0;0.75;0;4;Concais;6;PASSAGEIROS;PASSAGEIROS;1577;D2030_215_newpanamax
23.0;255.0;0.0;12.75;1.0;9;21;THU;3;10;False;False;False;85000;111.5;2.5;0.75;APR;4;RUMO - GSA - E;4;POST-PANAMAX;GSA - E;1578;D2030_215_newpanamax
23.0;225.0;0.0;13.25;1.0;13;30;THU;3;10;False;False;False;70000;51.12;2.63;0.75;APR;4;ADM;9;PANAMAX;GSA - E;1579;D2030_215_newpanamax
23.0;295.0;12.75;12.75;3.0;9;26;THU;3;10;False;False;False;4000;20.66;1.26;0.75;APR;4;BTP;13;POST-PANAMAXI;CGC;1580;D2030_215_newpanamax
23.0;185.0;10.25;10.25;3.0;12;35;THU;3;10;False;False;False;1000;13.38;1.52;0.75;APR;4;DPW - CGC;21;FULLYCELLULAR;CGC;1581;D2030_215_newpanamax
23.0;295.0;12.75;12.75;3.0;11;32;THU;3;10;False;False;False;4000;21.93;1.18;0.75;APR;4;DPW - CGC;21;POST-PANAMAXI;CGC;1582;D2030_215_newpanamax
36.0;225.0;0.0;13.0;1.0;14;39;THU;3;10;False;False;False;55000;64.0;1.51;0.75;APR;4;DPW - CGNC;22;NAVIOCARGAGERAL;CGNC;1583;D2030_215_newpanamax
23.0;235.0;11.75;11.75;3.0;13;36;THU;3;10;False;False;False;3000;15.61;3.37;0.75;APR;4;SANTOSBR;31;PANAMAX;CGC;1584;D2030_215_newpanamax
43.0;339.0;14.0;14.0;3.0;13;36;THU;3;10;False;False;False;6000;25.92;3.33;0.75;APR;4;SANTOSBR;31;POST-PANAMAXII;CGC;1585;D2030_215_newpanamax
23.0;165.0;9.75;0.0;2.0;8;22;THU;3;10;False;False;False;18000;18.55;3.48;0.75;APR;4;TIPLAM - GL;40;GPGENERALPURPOSE;GL;1586;D2030_215_newpanamax
23.0;285.0;0.0;11.75;1.0;10;28;THU;3;10;True;False;False;76500;53.08;0.0;0.75;APR;4;TRSP;44;LNGCARRIER;GL;1587;D2030_215_newpanamax
23.0;265.0;11.75;11.75;3.0;16;42;FRI;4;11;False;False;False;3000;15.61;3.11;0.75;APR;4;TECON10;3;PANAMAX;CGC;1588;D2030_215_newpanamax
23.0;225.0;0.0;13.25;1.0;16;41;FRI;4;11;False;False;False;70000;51.12;3.68;0.75;APR;4;ADM;9;PANAMAX;GSA - E;1589;D2030_215_newpanamax
23.0;305.0;13.25;13.25;3.0;12;37;FRI;4;11;False;False;False;4000;20.66;1.66;0.75;APR;4;BTP;13;POST-PANAMAXI;CGC;1590;D2030_215_newpanamax
23.0;225.0;0.0;13.25;1.0;15;48;FRI;4;11;False;False;False;70000;54.03;1.32;0.75;APR;4;CUTRALE - GSA - E;19;PANAMAX;GSA - E;1591;D2030_215_newpanamax
23.0;205.0;10.75;10.75;3.0;16;45;FRI;4;11;False;False;False;1000;13.38;1.84;0.75;APR;4;DPW - CGC;21;FULLYCELLULAR;CGC;1592;D2030_215_newpanamax
23.0;275.0;11.25;11.25;3.0;14;38;FRI;4;11;False;False;False;3000;17.86;1.97;0.75;APR;4;DPW - CGC;21;PANAMAX;CGC;1593;D2030_215_newpanamax
23.0;275.0;11.25;11.25;3.0;13;37;FRI;4;11;False;False;False;3000;17.86;1.74;0.75;APR;4;DPW - CGC;21;PANAMAX;CGC;1594;D2030_215_newpanamax
23.0;305.0;13.25;13.25;3.0;16;45;FRI;4;11;False;False;False;4000;21.93;2.27;0.75;APR;4;DPW - CGC;21;POST-PANAMAXI;CGC;1595;D2030_215_newpanamax
23.0;135.0;7.25;7.25;3.0;15;40;FRI;4;11;False;False;False;500;7.08;2.11;0.75;APR;4;SANTOSBR;31;FEEDER/EARLY;CGC;1596;D2030_215_newpanamax
23.0;265.0;11.75;11.75;3.0;15;40;FRI;4;11;False;False;False;3000;15.61;1.4;0.75;APR;4;SANTOSBR;31;PANAMAX;CGC;1597;D2030_215_newpanamax
23.0;305.0;12.75;12.75;3.0;17;45;FRI;4;11;False;False;False;4000;21.3;2.28;0.75;APR;4;SANTOSBR;31;POST-PANAMAXI;CGC;1598;D2030_215_newpanamax
23.0;225.0;0.0;13.25;1.0;14;34;FRI;4;11;False;False;False;70000;78.07;0.14;0.75;APR;4;TEG;34;PANAMAX;GSA - E;1599;D2030_215_newpanamax
23.0;225.0;0.0;13.25;1.0;12;36;FRI;4;11;False;False;False;70000;39.92;2.39;0.75;APR;4;TGG;38;PANAMAX;GSA - E;1600;D2030_215_newpanamax
23.0;225.0;0.0;13.25;1.0;14;41;FRI;4;11;False;False;False;70000;39.92;1.6;0.75;APR;4;TGG;38;PANAMAX;GSA - E;1601;D2030_215_newpanamax
23.0;225.0;0.0;13.75;1.0;14;41;FRI;4;11;False;False;False;70000;61.75;3.66;0.75;APR;4;TGRAO;39;PANAMAX;GSA - E;1602;D2030_215_newpanamax
19.0;88.9;5.6;6.0;1.0;19;30;0;4;11;False;False;False;0;30.25;0.17;0.75;0;4;TUP - Saipem;8;HANDYSIZE;CGNC;1603;D2030_215_newpanamax
23.0;225.0;0.0;13.25;1.0;18;45;SAT;5;12;False;False;False;70000;51.12;2.63;0.75;APR;4;ADM;9;PANAMAX;GSA - E;1604;D2030_215_newpanamax
23.0;225.0;0.0;13.25;1.0;19;50;SAT;5;12;False;False;False;70000;51.12;2.55;0.75;APR;4;ADM;9;PANAMAX;GSA - E;1605;D2030_215_newpanamax
23.0;155.0;9.75;0.0;2.0;16;47;SAT;5;12;False;False;False;18000;45.88;0.78;0.75;APR;4;AGEO_TERMINAIS;11;GPGENERALPURPOSE;GL;1606;D2030_215_newpanamax
23.0;215.0;9.75;9.75;3.0;16;46;SAT;5;12;False;False;False;1000;13.85;1.45;0.75;APR;4;BTP;13;FULLYCELLULAR;CGC;1607;D2030_215_newpanamax
23.0;275.0;13.25;13.25;3.0;14;42;SAT;5;12;False;False;False;3000;14.7;2.39;0.75;APR;4;BTP;13;PANAMAX;CGC;1608;D2030_215_newpanamax
23.0;295.0;14.25;14.25;3.0;20;54;SAT;5;12;False;False;False;4000;20.66;5.3;0.75;APR;4;BTP;13;POST-PANAMAXI;CGC;1609;D2030_215_newpanamax
23.0;295.0;13.75;13.75;3.0;15;44;SAT;5;12;False;False;False;4000;20.66;1.37;0.75;APR;4;BTP;13;POST-PANAMAXI;CGC;1610;D2030_215_newpanamax
23.0;295.0;13.75;13.75;3.0;15;43;SAT;5;12;False;False;False;4000;20.66;3.27;0.75;APR;4;BTP;13;POST-PANAMAXI;CGC;1611;D2030_215_newpanamax
43.0;339.0;14.0;14.0;3.0;14;42;SAT;5;12;False;False;False;6000;23.63;7.7;0.75;APR;4;BTP;13;POST-PANAMAXII;CGC;1612;D2030_215_newpanamax
23.0;195.0;11.25;11.25;3.0;18;51;SAT;5;12;False;False;False;1000;13.38;2.63;0.75;APR;4;DPW - CGC;21;FULLYCELLULAR;CGC;1613;D2030_215_newpanamax
36.0;225.0;0.0;11.7;1.0;17;43;SAT;5;12;False;False;False;55000;36.9;6.29;0.75;APR;4;ELDORADO;23;NAVIOCARGAGERAL;CGNC;1614;D2030_215_newpanamax
36.0;225.0;0.0;11.7;1.0;19;51;SAT;5;12;False;False;False;55000;36.9;1.51;0.75;APR;4;ELDORADO;23;NAVIOCARGAGERAL;CGNC;1615;D2030_215_newpanamax
23.0;265.0;12.25;12.25;3.0;18;48;SAT;5;12;False;False;False;3000;15.61;2.64;0.75;APR;4;SANTOSBR;31;PANAMAX;CGC;1616;D2030_215_newpanamax
23.0;195.0;9.25;9.25;3.0;15;47;SAT;5;12;False;False;True;1500;20.97;11.19;0.75;APR;4;TEV;37;CARGARO-RO;RORO;1617;D2030_215_newpanamax
23.0;195.0;9.25;9.25;3.0;18;53;SAT;5;12;False;False;True;1500;20.97;1.01;0.75;APR;4;TEV;37;CARGARO-RO;RORO;1618;D2030_215_newpanamax
23.0;185.0;0.0;10.75;1.0;19;52;SAT;5;12;False;False;False;35000;29.94;1.99;0.75;APR;4;TRANSPETRO;43;MRMEDIUMRANGE;GL;1619;D2030_215_newpanamax
44.0;323.0;8.42;8.3;3.0;4;0;0;5;12;False;True;False;0;12.25;0.0;0.75;0;4;Concais;6;PASSAGEIROS;PASSAGEIROS;1620;D2030_215_newpanamax
23.0;255.0;13.25;13.25;3.0;21;57;SUN;6;13;False;False;False;3000;15.61;3.13;0.75;APR;4;TECON10;3;PANAMAX;CGC;1621;D2030_215_newpanamax
23.0;225.0;0.0;13.75;1.0;23;41;SUN;6;13;False;False;False;70000;51.12;3.88;0.75;APR;4;RUMO - GSA - E;4;PANAMAX;GSA - E;1622;D2030_215_newpanamax
23.0;165.0;11.25;0.0;2.0;23;1;SUN;6;13;False;False;False;18000;45.88;0.87;0.75;APR;4;AGEO_TERMINAIS;11;GPGENERALPURPOSE;GL;1623;D2030_215_newpanamax
23.0;185.0;12.2;0.0;2.0;23;1;SUN;6;13;False;False;False;35000;64.43;0.83;0.75;APR;4;AGEO_TERMINAIS;11;MRMEDIUMRANGE;GL;1624;D2030_215_newpanamax
23.0;275.0;14.25;14.25;3.0;23;18;SUN;6;13;False;False;False;3000;14.7;3.88;0.75;APR;4;BTP;13;PANAMAX;CGC;1625;D2030_215_newpanamax
23.0;295.0;14.25;14.25;3.0;20;56;SUN;6;13;False;False;False;4000;20.66;3.99;0.75;APR;4;BTP;13;POST-PANAMAXI;CGC;1626;D2030_215_newpanamax
23.0;215.0;11.25;11.25;3.0;21;57;SUN;6;13;False;False;False;1000;13.38;2.83;0.75;APR;4;DPW - CGC;21;FULLYCELLULAR;CGC;1627;D2030_215_newpanamax
23.0;185.0;11.75;11.75;3.0;22;59;SUN;6;13;False;False;False;1000;13.38;2.85;0.75;APR;4;DPW - CGC;21;FULLYCELLULAR;CGC;1628;D2030_215_newpanamax
23.0;255.0;13.75;13.75;3.0;23;12;SUN;6;13;False;False;False;3000;17.86;1.21;0.75;APR;4;DPW - CGC;21;PANAMAX;CGC;1629;D2030_215_newpanamax
23.0;255.0;13.25;13.25;3.0;22;58;SUN;6;13;False;False;False;3000;17.86;0.89;0.75;APR;4;DPW - CGC;21;PANAMAX;CGC;1630;D2030_215_newpanamax
23.0;325.0;14.25;14.25;3.0;23;54;SUN;6;13;False;False;False;4000;21.93;0.96;0.75;APR;4;DPW - CGC;21;POST-PANAMAXI;CGC;1631;D2030_215_newpanamax
43.0;339.0;14.0;14.0;3.0;23;54;SUN;6;13;False;False;False;6000;27.82;1.91;0.75;APR;4;DPW - CGC;21;POST-PANAMAXII;CGC;1632;D2030_215_newpanamax
43.0;339.0;14.0;14.0;3.0;21;57;SUN;6;13;False;False;False;6000;27.82;1.37;0.75;APR;4;DPW - CGC;21;POST-PANAMAXII;CGC;1633;D2030_215_newpanamax
23.0;215.0;11.25;11.25;3.0;21;55;SUN;6;13;False;False;False;1000;16.8;2.45;0.75;APR;4;SANTOSBR;31;FULLYCELLULAR;CGC;1634;D2030_215_newpanamax
23.0;295.0;13.75;13.75;3.0;22;59;SUN;6;13;False;False;False;4000;21.3;2.01;0.75;APR;4;SANTOSBR;31;POST-PANAMAXI;CGC;1635;D2030_215_newpanamax
23.0;295.0;13.75;13.75;3.0;21;55;SUN;6;13;False;False;False;4000;21.3;1.77;0.75;APR;4;SANTOSBR;31;POST-PANAMAXI;CGC;1636;D2030_215_newpanamax
23.0;195.0;9.75;9.75;3.0;19;56;SUN;6;13;False;False;True;1500;20.97;0.91;0.75;APR;4;TEV;37;CARGARO-RO;RORO;1637;D2030_215_newpanamax
23.0;225.0;9.75;9.75;3.0;19;56;SUN;6;13;False;False;True;3000;20.25;0.91;0.75;APR;4;TEV;37;PCTCPADRAO;RORO;1638;D2030_215_newpanamax
23.0;195.0;11.25;0.0;2.0;21;57;SUN;6;13;False;False;False;45000;85.0;0.5;0.75;APR;4;TIPLAM - GSM - I;42;HANDYMAX;GSM - I;1639;D2030_215_newpanamax
23.0;185.0;12.25;0.0;2.0;23;30;SUN;6;13;False;False;False;35000;29.94;6.12;0.75;APR;4;TRANSPETRO;43;MRMEDIUMRANGE;GL;1640;D2030_215_newpanamax
50.0;305.0;8.6;8.6;3.0;5;45;0;6;13;False;True;False;0;12.0;0.0;0.75;0;4;Concais;6;PASSAGEIROS;PASSAGEIROS;1641;D2030_215_newpanamax
23.0;185.0;8.75;8.75;3.0;2;5;MON;0;14;False;False;False;1000;16.8;1.81;0.75;APR;4;TECON10;3;FULLYCELLULAR;CGC;1642;D2030_215_newpanamax
23.0;225.0;0.0;12.75;1.0;3;6;MON;0;14;False;False;False;70000;51.12;5.07;0.75;APR;4;ADM;9;PANAMAX;GSA - E;1643;D2030_215_newpanamax
23.0;255.0;10.25;10.25;3.0;1;3;MON;0;14;False;False;False;3000;14.7;1.3;0.75;APR;4;BTP;13;PANAMAX;CGC;1644;D2030_215_newpanamax
23.0;305.0;9.75;9.75;3.0;1;3;MON;0;14;False;False;False;4000;20.66;2.48;0.75;APR;4;BTP;13;POST-PANAMAXI;CGC;1645;D2030_215_newpanamax
23.0;165.0;7.75;0.0;2.0;7;11;MON;0;14;False;False;False;18000;12.03;2.82;0.75;APR;4;DOW;20;GPGENERALPURPOSE;GL;1646;D2030_215_newpanamax
23.0;245.0;9.75;9.75;3.0;2;4;MON;0;14;False;False;False;3000;17.86;1.28;0.75;APR;4;DPW - CGC;21;PANAMAX;CGC;1647;D2030_215_newpanamax
23.0;295.0;9.75;9.75;3.0;0;1;MON;0;14;False;False;False;4000;21.93;2.1;0.75;APR;4;DPW - CGC;21;POST-PANAMAXI;CGC;1648;D2030_215_newpanamax
23.0;185.0;8.25;8.25;3.0;0;1;MON;0;14;False;False;False;1000;16.8;2.93;0.75;APR;4;SANTOSBR;31;FULLYCELLULAR;CGC;1649;D2030_215_newpanamax
23.0;255.0;9.25;9.25;3.0;0;2;MON;0;14;False;False;False;3000;15.61;1.2;0.75;APR;4;SANTOSBR;31;PANAMAX;CGC;1650;D2030_215_newpanamax
43.0;339.0;14.0;14.0;3.0;0;1;MON;0;14;False;False;False;6000;25.92;3.29;0.75;APR;4;SANTOSBR;31;POST-PANAMAXII;CGC;1651;D2030_215_newpanamax
23.0;225.0;0.0;12.25;1.0;3;4;MON;0;14;False;False;False;70000;78.07;0.14;0.75;APR;4;TEG;34;PANAMAX;GSA - E;1652;D2030_215_newpanamax
23.0;225.0;0.0;12.75;1.0;0;4;MON;0;14;False;False;False;70000;39.92;2.05;0.75;APR;4;TGG;38;PANAMAX;GSA - E;1653;D2030_215_newpanamax
23.0;185.0;0.0;8.25;1.0;2;5;MON;0;14;False;False;False;35000;29.94;2.61;0.75;APR;4;TRANSPETRO;43;MRMEDIUMRANGE;GL;1654;D2030_215_newpanamax
23.0;285.0;0.0;10.75;1.0;8;8;MON;0;14;True;False;False;76500;53.08;0.0;0.75;APR;4;TRSP;44;LNGCARRIER;GL;1655;D2030_215_newpanamax
23.0;155.0;0.0;7.75;1.0;8;13;TUE;1;15;False;False;False;18000;42.57;22.36;0.75;APR;4;STS;2;GPGENERALPURPOSE;GL;1656;D2030_215_newpanamax
23.0;225.0;0.0;12.75;1.0;6;11;TUE;1;15;False;False;False;70000;51.12;4.31;0.75;APR;4;ADM;9;PANAMAX;GSA - E;1657;D2030_215_newpanamax
23.0;185.0;0.0;8.75;1.0;6;15;TUE;1;15;False;False;False;35000;64.43;0.73;0.75;APR;4;AGEO_TERMINAIS;11;MRMEDIUMRANGE;GL;1658;D2030_215_newpanamax
23.0;135.0;7.75;7.75;3.0;2;8;TUE;1;15;False;False;False;500;20.71;1.86;0.75;APR;4;BTP;13;FEEDER/EARLY;CGC;1659;D2030_215_newpanamax
23.0;295.0;11.25;11.25;3.0;4;11;TUE;1;15;False;False;False;4000;20.66;1.36;0.75;APR;4;BTP;13;POST-PANAMAXI;CGC;1660;D2030_215_newpanamax
23.0;195.0;8.25;8.25;3.0;4;8;TUE;1;15;False;False;False;1000;13.38;2.86;0.75;APR;4;DPW - CGC;21;FULLYCELLULAR;CGC;1661;D2030_215_newpanamax
23.0;275.0;10.25;10.25;3.0;6;16;TUE;1;15;False;False;False;3000;17.86;1.07;0.75;APR;4;DPW - CGC;21;PANAMAX;CGC;1662;D2030_215_newpanamax
23.0;185.0;9.25;9.25;3.0;4;11;TUE;1;15;False;False;False;1000;16.8;1.71;0.75;APR;4;SANTOSBR;31;FULLYCELLULAR;CGC;1663;D2030_215_newpanamax
23.0;195.0;9.25;9.25;3.0;6;18;TUE;1;15;False;False;False;1000;16.8;1.82;0.75;APR;4;SANTOSBR;31;FULLYCELLULAR;CGC;1664;D2030_215_newpanamax
23.0;255.0;10.25;10.25;3.0;5;15;TUE;1;15;False;False;False;3000;15.61;3.24;0.75;APR;4;SANTOSBR;31;PANAMAX;CGC;1665;D2030_215_newpanamax
23.0;295.0;11.75;11.75;3.0;5;15;TUE;1;15;False;False;False;4000;21.3;1.44;0.75;APR;4;SANTOSBR;31;POST-PANAMAXI;CGC;1666;D2030_215_newpanamax
23.0;295.0;10.75;10.75;3.0;4;10;TUE;1;15;False;False;False;4000;21.3;2.0;0.75;APR;4;SANTOSBR;31;POST-PANAMAXI;CGC;1667;D2030_215_newpanamax
43.0;339.0;14.0;14.0;3.0;6;18;TUE;1;15;False;False;False;6000;25.92;0.87;0.75;APR;4;SANTOSBR;31;POST-PANAMAXII;CGC;1668;D2030_215_newpanamax
23.0;195.0;8.75;8.75;3.0;6;18;TUE;1;15;False;False;True;1500;20.97;5.99;0.75;APR;4;TEV;37;CARGARO-RO;RORO;1669;D2030_215_newpanamax
23.0;225.0;0.0;13.25;1.0;6;13;TUE;1;15;False;False;False;70000;39.92;4.87;0.75;APR;4;TGG;38;PANAMAX;GSA - E;1670;D2030_215_newpanamax
23.0;155.0;0.0;7.75;1.0;9;15;TUE;1;15;False;False;False;18000;42.57;1.28;0.75;APR;4;ULTRACARGO;45;GPGENERALPURPOSE;GL;1671;D2030_215_newpanamax
44.0;323.0;8.35;8.7;3.0;5;0;0;1;15;False;True;False;0;10.83;0.0;0.75;0;4;Concais;6;PASSAGEIROS;PASSAGEIROS;1672;D2030_215_newpanamax
36.0;225.0;0.0;13.0;1.0;9;21;WED;2;16;False;False;False;55000;99.0;0.54;0.75;APR;4;ARAUCO;1;NAVIOCARGAGERAL;CGNC;1673;D2030_215_newpanamax
23.0;225.0;0.0;13.25;1.0;8;17;WED;2;16;False;False;False;70000;51.12;4.1;0.75;APR;4;RUMO - GSA - E;4;PANAMAX;GSA - E;1674;D2030_215_newpanamax
23.0;285.0;11.75;11.75;3.0;5;17;WED;2;16;False;False;False;3000;14.7;6.1;0.75;APR;4;BTP;13;PANAMAX;CGC;1675;D2030_215_newpanamax
23.0;295.0;11.75;11.75;3.0;5;17;WED;2;16;False;False;False;4000;20.66;2.1;0.75;APR;4;BTP;13;POST-PANAMAXI;CGC;1676;D2030_215_newpanamax
23.0;215.0;9.75;9.75;3.0;8;22;WED;2;16;False;False;False;1000;13.38;1.68;0.75;APR;4;DPW - CGC;21;FULLYCELLULAR;CGC;1677;D2030_215_newpanamax
36.0;225.0;0.0;13.0;1.0;8;21;WED;2;16;False;False;False;55000;64.0;6.95;0.75;APR;4;DPW - CGNC;22;NAVIOCARGAGERAL;CGNC;1678;D2030_215_newpanamax
23.0;295.0;12.25;12.25;3.0;7;21;WED;2;16;False;False;False;4000;21.3;2.93;0.75;APR;4;SANTOSBR;31;POST-PANAMAXI;CGC;1679;D2030_215_newpanamax
23.0;225.0;0.0;13.25;1.0;9;20;WED;2;16;False;False;False;70000;39.92;5.05;0.75;APR;4;TGG;38;PANAMAX;GSA - E;1680;D2030_215_newpanamax
23.0;225.0;0.0;13.25;1.0;8;21;WED;2;16;False;False;False;70000;61.75;2.65;0.75;APR;4;TGRAO;39;PANAMAX;GSA - E;1681;D2030_215_newpanamax
23.0;185.0;0.0;9.25;1.0;10;23;WED;2;16;False;False;False;35000;29.94;4.48;0.75;APR;4;TRANSPETRO;43;MRMEDIUMRANGE;GL;1682;D2030_215_newpanamax
18.0;85.34;4.8;4.95;1.0;21;20;0;2;16;False;False;False;0;39.0;0.17;0.75;0;4;TUP - Saipem;8;HANDYSIZE;CGNC;1683;D2030_215_newpanamax
23.0;225.0;0.0;13.25;1.0;9;21;THU;3;17;False;False;False;70000;51.12;2.6;0.75;APR;4;RUMO - GSA - E;4;PANAMAX;GSA - E;1684;D2030_215_newpanamax
23.0;225.0;0.0;13.25;1.0;10;22;THU;3;17;False;False;False;70000;51.12;6.3;0.75;APR;4;ADM;9;PANAMAX;GSA - E;1685;D2030_215_newpanamax
23.0;305.0;12.25;12.25;3.0;8;23;THU;3;17;False;False;False;4000;20.66;3.57;0.75;APR;4;BTP;13;POST-PANAMAXI;CGC;1686;D2030_215_newpanamax
23.0;185.0;9.75;0.0;2.0;14;38;THU;3;17;False;False;False;35000;31.91;5.84;0.75;APR;4;DOW;20;MRMEDIUMRANGE;GL;1687;D2030_215_newpanamax
23.0;265.0;11.25;11.25;3.0;12;35;THU;3;17;False;False;False;3000;17.86;2.29;0.75;APR;4;DPW - CGC;21;PANAMAX;CGC;1688;D2030_215_newpanamax
43.0;339.0;14.0;14.0;3.0;11;32;THU;3;17;False;False;False;6000;27.82;0.83;0.75;APR;4;DPW - CGC;21;POST-PANAMAXII;CGC;1689;D2030_215_newpanamax
23.0;295.0;12.75;12.75;3.0;13;36;THU;3;17;False;False;False;4000;21.3;2.7;0.75;APR;4;SANTOSBR;31;POST-PANAMAXI;CGC;1690;D2030_215_newpanamax
23.0;225.0;0.0;13.25;1.0;10;26;THU;3;17;False;False;False;70000;78.07;0.93;0.75;APR;4;TEG;34;PANAMAX;GSA - E;1691;D2030_215_newpanamax
23.0;225.0;0.0;13.25;1.0;12;35;THU;3;17;False;False;False;70000;61.75;3.16;0.75;APR;4;TGRAO;39;PANAMAX;GSA - E;1692;D2030_215_newpanamax
23.0;185.0;0.0;9.75;1.0;14;35;THU;3;17;False;False;False;35000;29.94;8.82;0.75;APR;4;TRANSPETRO;43;MRMEDIUMRANGE;GL;1693;D2030_215_newpanamax
23.0;175.0;9.25;0.0;2.0;15;40;THU;3;17;False;False;False;35000;90.66;8.29;0.75;APR;4;USIMINAS;46;HANDYSIZE;CGNC;1694;D2030_215_newpanamax
50.0;305.0;8.5;8.5;3.0;5;30;0;3;17;False;True;False;0;15.67;0.0;0.75;0;4;Concais;6;PASSAGEIROS;PASSAGEIROS;1695;D2030_215_newpanamax
36.0;225.0;0.0;13.0;1.0;13;38;FRI;4;18;False;False;False;55000;99.0;4.06;0.75;APR;4;ARAUCO;1;NAVIOCARGAGERAL;CGNC;1696;D2030_215_newpanamax
23.0;225.0;0.0;13.25;1.0;16;40;FRI;4;18;False;False;False;70000;51.12;2.24;0.75;APR;4;ADM;9;PANAMAX;GSA - E;1697;D2030_215_newpanamax
23.0;295.0;13.25;13.25;3.0;12;35;FRI;4;18;False;False;False;4000;20.66;2.55;0.75;APR;4;BTP;13;POST-PANAMAXI;CGC;1698;D2030_215_newpanamax
23.0;305.0;12.75;12.75;3.0;11;34;FRI;4;18;False;False;False;4000;20.66;1.15;0.75;APR;4;BTP;13;POST-PANAMAXI;CGC;1699;D2030_215_newpanamax
23.0;205.0;10.75;10.75;3.0;16;44;FRI;4;18;False;False;False;1000;13.38;2.16;0.75;APR;4;DPW - CGC;21;FULLYCELLULAR;CGC;1700;D2030_215_newpanamax
23.0;265.0;11.75;11.75;3.0;16;45;FRI;4;18;False;False;False;3000;17.86;1.36;0.75;APR;4;DPW - CGC;21;PANAMAX;CGC;1701;D2030_215_newpanamax
23.0;265.0;11.75;11.75;3.0;16;44;FRI;4;18;False;False;False;3000;17.86;3.23;0.75;APR;4;DPW - CGC;21;PANAMAX;CGC;1702;D2030_215_newpanamax
43.0;339.0;14.0;14.0;3.0;16;45;FRI;4;18;False;False;False;6000;27.82;1.48;0.75;APR;4;DPW - CGC;21;POST-PANAMAXII;CGC;1703;D2030_215_newpanamax
36.0;225.0;0.0;13.0;1.0;17;47;FRI;4;18;False;False;False;55000;64.0;2.79;0.75;APR;4;DPW - CGNC;22;NAVIOCARGAGERAL;CGNC;1704;D2030_215_newpanamax
23.0;235.0;12.25;12.25;3.0;17;45;FRI;4;18;False;False;False;3000;15.61;5.49;0.75;APR;4;SANTOSBR;31;PANAMAX;CGC;1705;D2030_215_newpanamax
23.0;265.0;11.75;11.75;3.0;15;40;FRI;4;18;False;False;False;3000;15.61;6.31;0.75;APR;4;SANTOSBR;31;PANAMAX;CGC;1706;D2030_215_newpanamax
23.0;225.0;0.0;13.25;1.0;13;36;FRI;4;18;False;False;False;70000;88.35;1.44;0.75;APR;4;TEAG;33;PANAMAX;GSA - E;1707;D2030_215_newpanamax
23.0;195.0;9.25;9.25;3.0;13;39;FRI;4;18;False;False;True;1500;20.97;1.73;0.75;APR;4;TEV;37;CARGARO-RO;RORO;1708;D2030_215_newpanamax
23.0;225.0;0.0;13.25;1.0;13;41;FRI;4;18;False;False;False;70000;39.92;2.3;0.75;APR;4;TGG;38;PANAMAX;GSA - E;1709;D2030_215_newpanamax
23.0;185.0;0.0;9.75;1.0;15;39;FRI;4;18;False;False;False;35000;29.94;0.68;0.75;APR;4;TRANSPETRO;43;MRMEDIUMRANGE;GL;1710;D2030_215_newpanamax
44.0;323.0;8.5;8.6;3.0;5;0;0;4;18;False;True;False;0;11.83;0.0;0.75;0;4;Concais;6;PASSAGEIROS;PASSAGEIROS;1711;D2030_215_newpanamax
23.0;225.0;0.0;13.25;1.0;18;46;SAT;5;19;False;False;False;70000;51.12;1.26;0.75;APR;4;RUMO - GSA - E;4;PANAMAX;GSA - E;1712;D2030_215_newpanamax
23.0;225.0;0.0;13.25;1.0;17;44;SAT;5;19;False;False;False;70000;51.12;3.4;0.75;APR;4;ADM;9;PANAMAX;GSA - E;1713;D2030_215_newpanamax
23.0;175.0;11.25;0.0;2.0;17;49;SAT;5;19;False;False;False;35000;64.43;0.43;0.75;APR;4;AGEO_TERMINAIS;11;MRMEDIUMRANGE;GL;1714;D2030_215_newpanamax
23.0;135.0;7.75;7.75;3.0;20;54;SAT;5;19;False;False;False;500;20.71;1.02;0.75;APR;4;BTP;13;FEEDER/EARLY;CGC;1715;D2030_215_newpanamax
23.0;245.0;14.25;14.25;3.0;20;54;SAT;5;19;False;False;False;3000;14.7;2.57;0.75;APR;4;BTP;13;PANAMAX;CGC;1716;D2030_215_newpanamax
23.0;325.0;13.75;13.75;3.0;17;48;SAT;5;19;False;False;False;4000;20.66;6.11;0.75;APR;4;BTP;13;POST-PANAMAXI;CGC;1717;D2030_215_newpanamax
23.0;305.0;13.75;13.75;3.0;17;48;SAT;5;19;False;False;False;4000;20.66;1.4;0.75;APR;4;BTP;13;POST-PANAMAXI;CGC;1718;D2030_215_newpanamax
23.0;295.0;14.25;14.25;3.0;19;52;SAT;5;19;False;False;False;4000;20.66;4.74;0.75;APR;4;BTP;13;POST-PANAMAXI;CGC;1719;D2030_215_newpanamax
43.0;339.0;14.0;14.0;3.0;20;54;SAT;5;19;False;False;False;6000;23.63;4.34;0.75;APR;4;BTP;13;POST-PANAMAXII;CGC;1720;D2030_215_newpanamax
23.0;225.0;0.0;13.25;1.0;18;53;SAT;5;19;False;False;False;70000;54.03;3.59;0.75;APR;4;CUTRALE - GSA - E;19;PANAMAX;GSA - E;1721;D2030_215_newpanamax
43.0;339.0;14.0;14.0;3.0;18;51;SAT;5;19;False;False;False;6000;27.82;1.74;0.75;APR;4;DPW - CGC;21;POST-PANAMAXII;CGC;1722;D2030_215_newpanamax
36.0;225.0;0.0;11.7;1.0;20;53;SAT;5;19;False;False;False;55000;50.0;3.06;0.75;APR;4;SUZANO;25;NAVIOCARGAGERAL;CGNC;1723;D2030_215_newpanamax
23.0;295.0;13.25;13.25;3.0;18;48;SAT;5;19;False;False;False;4000;21.3;1.62;0.75;APR;4;SANTOSBR;31;POST-PANAMAXI;CGC;1724;D2030_215_newpanamax
23.0;195.0;9.25;9.25;3.0;15;46;SAT;5;19;False;False;True;1500;20.97;1.65;0.75;APR;4;TEV;37;CARGARO-RO;RORO;1725;D2030_215_newpanamax
23.0;155.0;0.0;8.25;1.0;18;49;SAT;5;19;False;False;False;18000;28.37;2.07;0.75;APR;4;TRANSPETRO;43;GPGENERALPURPOSE;GL;1726;D2030_215_newpanamax
23.0;185.0;0.0;10.25;1.0;18;49;SAT;5;19;False;False;False;35000;29.94;1.62;0.75;APR;4;TRANSPETRO;43;MRMEDIUMRANGE;GL;1727;D2030_215_newpanamax
33.0;177.9;8.3;8.3;1.0;16;50;0;5;19;False;False;False;0;121.33;0.33;0.75;0;4;TUP - Saipem;8;HANDYSIZE;CGNC;1728;D2030_215_newpanamax
23.0;135.0;7.25;7.25;3.0;21;57;SUN;6;20;False;False;False;500;7.08;1.39;0.75;APR;4;TECON10;3;FEEDER/EARLY;CGC;1729;D2030_215_newpanamax
23.0;225.0;0.0;14.25;1.0;23;52;SUN;6;20;False;False;False;70000;51.12;0.86;0.75;APR;4;ADM;9;PANAMAX;GSA - E;1730;D2030_215_newpanamax
23.0;165.0;10.25;0.0;2.0;22;20;SUN;6;20;False;False;False;18000;45.88;0.69;0.75;APR;4;AGEO_TERMINAIS;11;GPGENERALPURPOSE;GL;1731;D2030_215_newpanamax
23.0;185.0;11.75;0.0;2.0;21;58;SUN;6;20;False;False;False;35000;64.43;0.82;0.75;APR;4;AGEO_TERMINAIS;11;MRMEDIUMRANGE;GL;1732;D2030_215_newpanamax
23.0;215.0;10.75;10.75;3.0;23;18;SUN;6;20;False;False;False;1000;13.85;1.51;0.75;APR;4;BTP;13;FULLYCELLULAR;CGC;1733;D2030_215_newpanamax
23.0;225.0;0.0;12.75;1.0;20;59;SUN;6;20;False;False;False;60000;162.93;5.81;0.75;APR;4;CUTRALE - GL;18;LR1LONGRANGE1;GL;1734;D2030_215_newpanamax
23.0;205.0;11.75;11.75;3.0;23;54;SUN;6;20;False;False;False;1000;13.38;1.8;0.75;APR;4;DPW - CGC;21;FULLYCELLULAR;CGC;1735;D2030_215_newpanamax
23.0;215.0;11.25;11.25;3.0;21;57;SUN;6;20;False;False;False;1000;13.38;1.54;0.75;APR;4;DPW - CGC;21;FULLYCELLULAR;CGC;1736;D2030_215_newpanamax
23.0;265.0;12.75;12.75;3.0;20;54;SUN;6;20;False;False;False;3000;17.86;1.32;0.75;APR;4;DPW - CGC;21;PANAMAX;CGC;1737;D2030_215_newpanamax
23.0;255.0;13.25;13.25;3.0;21;57;SUN;6;20;False;False;False;3000;17.86;1.63;0.75;APR;4;DPW - CGC;21;PANAMAX;CGC;1738;D2030_215_newpanamax
23.0;305.0;14.25;14.25;3.0;23;12;SUN;6;20;False;False;False;4000;21.93;2.62;0.75;APR;4;DPW - CGC;21;POST-PANAMAXI;CGC;1739;D2030_215_newpanamax
23.0;295.0;14.25;14.25;3.0;21;57;SUN;6;20;False;False;False;4000;21.93;1.02;0.75;APR;4;DPW - CGC;21;POST-PANAMAXI;CGC;1740;D2030_215_newpanamax
23.0;205.0;11.75;11.75;3.0;22;59;SUN;6;20;False;False;False;1000;16.8;2.02;0.75;APR;4;SANTOSBR;31;FULLYCELLULAR;CGC;1741;D2030_215_newpanamax
23.0;275.0;12.75;12.75;3.0;21;55;SUN;6;20;False;False;False;3000;15.61;2.11;0.75;APR;4;SANTOSBR;31;PANAMAX;CGC;1742;D2030_215_newpanamax
23.0;275.0;13.75;13.75;3.0;23;28;SUN;6;20;False;False;False;3000;15.61;3.62;0.75;APR;4;SANTOSBR;31;PANAMAX;CGC;1743;D2030_215_newpanamax
43.0;339.0;14.0;14.0;3.0;22;59;SUN;6;20;False;False;False;6000;25.92;3.32;0.75;APR;4;SANTOSBR;31;POST-PANAMAXII;CGC;1744;D2030_215_newpanamax
23.0;225.0;0.0;13.25;1.0;23;50;SUN;6;20;False;False;False;70000;78.07;2.03;0.75;APR;4;TEG;34;PANAMAX;GSA - E;1745;D2030_215_newpanamax
23.0;235.0;9.25;9.25;3.0;19;56;SUN;6;20;False;False;True;5000;19.52;20.9;0.75;APR;4;TEV;37;LARGEPCTC;RORO;1746;D2030_215_newpanamax
23.0;225.0;13.75;0.0;2.0;21;57;SUN;6;20;False;False;False;70000;104.45;19.52;0.75;APR;4;TIPLAM - GSM - I;42;PANAMAX;GSM - I;1747;D2030_215_newpanamax
23.0;295.0;0.0;11.75;1.0;12;2;SUN;6;20;True;False;False;76500;53.08;0.0;0.75;APR;4;TRSP;44;LNGCARRIER;GL;1748;D2030_215_newpanamax
50.0;305.0;8.6;8.6;3.0;6;0;0;6;20;False;True;False;0;12.17;0.0;0.75;0;4;Concais;6;PASSAGEIROS;PASSAGEIROS;1749;D2030_215_newpanamax
23.0;245.0;9.75;9.75;3.0;2;5;MON;0;21;False;False;False;3000;15.61;3.17;0.75;APR;4;TECON10;3;PANAMAX;CGC;1750;D2030_215_newpanamax
23.0;225.0;0.0;12.25;1.0;1;4;MON;0;21;False;False;False;70000;51.12;2.93;0.75;APR;4;ADM;9;PANAMAX;GSA - E;1751;D2030_215_newpanamax
23.0;255.0;10.25;10.25;3.0;1;3;MON;0;21;False;False;False;3000;14.7;1.15;0.75;APR;4;BTP;13;PANAMAX;CGC;1752;D2030_215_newpanamax
43.0;339.0;14.0;14.0;3.0;1;3;MON;0;21;False;False;False;6000;23.63;2.06;0.75;APR;4;BTP;13;POST-PANAMAXII;CGC;1753;D2030_215_newpanamax
23.0;185.0;7.25;7.25;3.0;0;1;MON;0;21;False;False;False;1000;13.38;1.85;0.75;APR;4;DPW - CGC;21;FULLYCELLULAR;CGC;1754;D2030_215_newpanamax
23.0;265.0;9.25;9.25;3.0;1;3;MON;0;21;False;False;False;3000;17.86;2.97;0.75;APR;4;DPW - CGC;21;PANAMAX;CGC;1755;D2030_215_newpanamax
36.0;225.0;0.0;11.7;1.0;6;2;MON;0;21;False;False;False;55000;200.0;1.46;0.75;APR;4;NST - CGNC;29;NAVIOCARGAGERAL;CGNC;1756;D2030_215_newpanamax
23.0;185.0;8.25;8.25;3.0;0;2;MON;0;21;False;False;False;1000;16.8;4.27;0.75;APR;4;SANTOSBR;31;FULLYCELLULAR;CGC;1757;D2030_215_newpanamax
23.0;255.0;9.75;9.75;3.0;3;6;MON;0;21;False;False;False;3000;15.61;1.64;0.75;APR;4;SANTOSBR;31;PANAMAX;CGC;1758;D2030_215_newpanamax
43.0;339.0;14.0;14.0;3.0;0;1;MON;0;21;False;False;False;6000;25.92;1.82;0.75;APR;4;SANTOSBR;31;POST-PANAMAXII;CGC;1759;D2030_215_newpanamax
23.0;195.0;8.25;8.25;3.0;3;9;MON;0;21;False;False;True;1500;20.97;1.86;0.75;APR;4;TEV;37;CARGARO-RO;RORO;1760;D2030_215_newpanamax
23.0;225.0;0.0;13.25;1.0;4;7;MON;0;21;False;False;False;70000;39.92;3.05;0.75;APR;4;TGG;38;PANAMAX;GSA - E;1761;D2030_215_newpanamax
23.0;185.0;0.0;8.25;1.0;2;6;MON;0;21;False;False;False;35000;29.94;1.41;0.75;APR;4;TRANSPETRO;43;MRMEDIUMRANGE;GL;1762;D2030_215_newpanamax
23.0;175.0;0.0;6.75;1.0;1;6;MON;0;21;False;False;False;35000;90.66;0.27;0.75;APR;4;USIMINAS;46;HANDYSIZE;CGNC;1763;D2030_215_newpanamax
19.0;88.9;5.6;5.9;1.0;13;5;0;0;21;False;False;False;0;60.42;0.17;0.75;0;4;TUP - Saipem;8;HANDYSIZE;CGNC;1764;D2030_215_newpanamax
23.0;255.0;10.25;10.25;3.0;5;13;TUE;1;22;False;False;False;3000;15.61;1.67;0.75;APR;4;TECON10;3;PANAMAX;CGC;1765;D2030_215_newpanamax
23.0;155.0;0.0;9.25;1.0;7;17;TUE;1;22;False;False;False;18000;32.32;5.74;0.75;APR;4;ADONAI;10;GPGENERALPURPOSE;GL;1766;D2030_215_newpanamax
23.0;155.0;0.0;8.25;1.0;7;17;TUE;1;22;False;False;False;18000;45.88;0.34;0.75;APR;4;AGEO_TERMINAIS;11;GPGENERALPURPOSE;GL;1767;D2030_215_newpanamax
23.0;245.0;10.75;10.75;3.0;2;8;TUE;1;22;False;False;False;3000;14.7;2.38;0.75;APR;4;BTP;13;PANAMAX;CGC;1768;D2030_215_newpanamax
23.0;295.0;10.75;10.75;3.0;2;7;TUE;1;22;False;False;False;4000;20.66;6.61;0.75;APR;4;BTP;13;POST-PANAMAXI;CGC;1769;D2030_215_newpanamax
23.0;225.0;0.0;13.25;1.0;5;16;TUE;1;22;False;False;False;70000;54.03;1.82;0.75;APR;4;CUTRALE - GSA - E;19;PANAMAX;GSA - E;1770;D2030_215_newpanamax
23.0;255.0;9.75;9.75;3.0;4;8;TUE;1;22;False;False;False;3000;17.86;2.18;0.75;APR;4;DPW - CGC;21;PANAMAX;CGC;1771;D2030_215_newpanamax
43.0;339.0;14.0;14.0;3.0;6;16;TUE;1;22;False;False;False;6000;27.82;1.41;0.75;APR;4;DPW - CGC;21;POST-PANAMAXII;CGC;1772;D2030_215_newpanamax
23.0;215.0;8.75;8.75;3.0;3;8;TUE;1;22;False;False;False;1000;16.8;1.33;0.75;APR;4;SANTOSBR;31;FULLYCELLULAR;CGC;1773;D2030_215_newpanamax
23.0;265.0;10.25;10.25;3.0;6;18;TUE;1;22;False;False;False;3000;15.61;2.82;0.75;APR;4;SANTOSBR;31;PANAMAX;CGC;1774;D2030_215_newpanamax
23.0;255.0;10.25;10.25;3.0;5;16;TUE;1;22;False;False;False;3000;15.61;3.32;0.75;APR;4;SANTOSBR;31;PANAMAX;CGC;1775;D2030_215_newpanamax
43.0;339.0;14.0;14.0;3.0;4;11;TUE;1;22;False;False;False;6000;25.92;3.1;0.75;APR;4;SANTOSBR;31;POST-PANAMAXII;CGC;1776;D2030_215_newpanamax
43.0;339.0;14.0;14.0;3.0;3;8;TUE;1;22;False;False;False;6000;25.92;1.43;0.75;APR;4;SANTOSBR;31;POST-PANAMAXII;CGC;1777;D2030_215_newpanamax
23.0;195.0;8.75;8.75;3.0;6;17;TUE;1;22;False;False;True;1500;20.97;0.45;0.75;APR;4;TEV;37;CARGARO-RO;RORO;1778;D2030_215_newpanamax
23.0;225.0;0.0;13.25;1.0;4;12;TUE;1;22;False;False;False;70000;61.75;6.63;0.75;APR;4;TGRAO;39;PANAMAX;GSA - E;1779;D2030_215_newpanamax
23.0;225.0;0.0;13.25;1.0;8;19;WED;2;23;False;False;False;70000;51.12;3.03;0.75;APR;4;RUMO - GSA - E;4;PANAMAX;GSA - E;1780;D2030_215_newpanamax
23.0;225.0;0.0;12.75;1.0;8;16;WED;2;23;False;False;False;70000;51.12;8.77;0.75;APR;4;RUMO - GSA - E;4;PANAMAX;GSA - E;1781;D2030_215_newpanamax
23.0;175.0;9.75;0.0;2.0;9;24;WED;2;23;False;False;False;35000;64.43;0.3;0.75;APR;4;AGEO_TERMINAIS;11;MRMEDIUMRANGE;GL;1782;D2030_215_newpanamax
43.0;339.0;14.0;14.0;3.0;5;17;WED;2;23;False;False;False;6000;23.63;2.15;0.75;APR;4;BTP;13;POST-PANAMAXII;CGC;1783;D2030_215_newpanamax
23.0;275.0;10.75;10.75;3.0;10;27;WED;2;23;False;False;False;3000;17.86;2.8;0.75;APR;4;DPW - CGC;21;PANAMAX;CGC;1784;D2030_215_newpanamax
36.0;225.0;0.0;11.7;1.0;8;19;WED;2;23;False;False;False;55000;36.9;0.03;0.75;APR;4;ELDORADO;23;NAVIOCARGAGERAL;CGNC;1785;D2030_215_newpanamax
23.0;245.0;11.25;11.25;3.0;10;27;WED;2;23;False;False;False;3000;15.61;3.0;0.75;APR;4;SANTOSBR;31;PANAMAX;CGC;1786;D2030_215_newpanamax
23.0;195.0;8.75;8.75;3.0;8;24;WED;2;23;False;False;True;1500;20.97;2.77;0.75;APR;4;TEV;37;CARGARO-RO;RORO;1787;D2030_215_newpanamax
23.0;225.0;0.0;13.25;1.0;7;17;WED;2;23;False;False;False;70000;61.75;2.71;0.75;APR;4;TGRAO;39;PANAMAX;GSA - E;1788;D2030_215_newpanamax
23.0;155.0;0.0;7.75;1.0;10;16;WED;2;23;False;False;False;18000;42.57;6.42;0.75;APR;4;ULTRACARGO;45;GPGENERALPURPOSE;GL;1789;D2030_215_newpanamax
23.0;195.0;12.25;0.0;2.0;13;36;THU;3;24;False;False;False;45000;89.37;3.43;0.75;APR;4;RUMO - GSM - I;5;HANDYMAX;GSM - I;1790;D2030_215_newpanamax
23.0;255.0;0.0;12.75;1.0;10;22;THU;3;24;False;False;False;85000;111.5;4.18;0.75;APR;4;ADM;9;POST-PANAMAX;GSA - E;1791;D2030_215_newpanamax
23.0;245.0;12.75;12.75;3.0;9;26;THU;3;24;False;False;False;3000;14.7;3.58;0.75;APR;4;BTP;13;PANAMAX;CGC;1792;D2030_215_newpanamax
23.0;185.0;10.25;10.25;3.0;11;32;THU;3;24;False;False;False;1000;13.38;1.53;0.75;APR;4;DPW - CGC;21;FULLYCELLULAR;CGC;1793;D2030_215_newpanamax
23.0;255.0;11.25;11.25;3.0;11;32;THU;3;24;False;False;False;3000;17.86;0.92;0.75;APR;4;DPW - CGC;21;PANAMAX;CGC;1794;D2030_215_newpanamax
43.0;339.0;14.0;14.0;3.0;12;35;THU;3;24;False;False;False;6000;27.82;2.19;0.75;APR;4;DPW - CGC;21;POST-PANAMAXII;CGC;1795;D2030_215_newpanamax
23.0;185.0;10.25;10.25;3.0;13;36;THU;3;24;False;False;False;1000;16.8;1.83;0.75;APR;4;SANTOSBR;31;FULLYCELLULAR;CGC;1796;D2030_215_newpanamax
23.0;185.0;12.25;0.0;2.0;9;30;THU;3;24;False;False;False;45000;89.37;16.0;0.75;APR;4;TERMAG;35;HANDYMAX;GSM - I;1797;D2030_215_newpanamax
23.0;175.0;9.25;9.25;3.0;10;30;THU;3;24;False;False;True;1500;20.97;4.68;0.75;APR;4;TEV;37;CARGARO-RO;RORO;1798;D2030_215_newpanamax
23.0;175.0;0.0;9.75;1.0;13;33;THU;3;24;False;False;False;35000;29.94;3.06;0.75;APR;4;TRANSPETRO;43;MRMEDIUMRANGE;GL;1799;D2030_215_newpanamax
23.0;175.0;9.25;0.0;2.0;15;42;THU;3;24;False;False;False;35000;90.66;6.3;0.75;APR;4;USIMINAS;46;HANDYSIZE;CGNC;1800;D2030_215_newpanamax
18.0;85.34;4.6;4.9;1.0;9;5;0;3;24;False;False;False;0;40.5;0.08;0.75;0;4;TUP - Saipem;8;HANDYSIZE;CGNC;1801;D2030_215_newpanamax
36.0;225.0;0.0;13.0;1.0;13;37;FRI;4;25;False;False;False;55000;99.0;0.42;0.75;APR;4;ARAUCO;1;NAVIOCARGAGERAL;CGNC;1802;D2030_215_newpanamax
23.0;225.0;0.0;13.25;1.0;15;37;FRI;4;25;False;False;False;70000;51.12;2.63;0.75;APR;4;ADM;9;PANAMAX;GSA - E;1803;D2030_215_newpanamax
23.0;295.0;13.25;13.25;3.0;12;37;FRI;4;25;False;False;False;4000;20.66;7.84;0.75;APR;4;BTP;13;POST-PANAMAXI;CGC;1804;D2030_215_newpanamax
23.0;225.0;0.0;13.25;1.0;15;46;FRI;4;25;False;False;False;70000;54.03;0.72;0.75;APR;4;CUTRALE - GSA - E;19;PANAMAX;GSA - E;1805;D2030_215_newpanamax
23.0;205.0;10.25;10.25;3.0;14;38;FRI;4;25;False;False;False;1000;13.38;2.55;0.75;APR;4;DPW - CGC;21;FULLYCELLULAR;CGC;1806;D2030_215_newpanamax
23.0;205.0;10.25;10.25;3.0;13;37;FRI;4;25;False;False;False;1000;13.38;0.97;0.75;APR;4;DPW - CGC;21;FULLYCELLULAR;CGC;1807;D2030_215_newpanamax
23.0;275.0;11.25;11.25;3.0;13;37;FRI;4;25;False;False;False;3000;17.86;2.48;0.75;APR;4;DPW - CGC;21;PANAMAX;CGC;1808;D2030_215_newpanamax
23.0;295.0;12.75;12.75;3.0;14;38;FRI;4;25;False;False;False;4000;21.93;1.54;0.75;APR;4;DPW - CGC;21;POST-PANAMAXI;CGC;1809;D2030_215_newpanamax
43.0;339.0;14.0;14.0;3.0;14;38;FRI;4;25;False;False;False;6000;27.82;3.0;0.75;APR;4;DPW - CGC;21;POST-PANAMAXII;CGC;1810;D2030_215_newpanamax
23.0;205.0;10.75;10.75;3.0;17;45;FRI;4;25;False;False;False;1000;16.8;2.99;0.75;APR;4;SANTOSBR;31;FULLYCELLULAR;CGC;1811;D2030_215_newpanamax
23.0;265.0;11.75;11.75;3.0;14;38;FRI;4;25;False;False;False;3000;15.61;2.01;0.75;APR;4;SANTOSBR;31;PANAMAX;CGC;1812;D2030_215_newpanamax
43.0;339.0;14.0;14.0;3.0;17;45;FRI;4;25;False;False;False;6000;25.92;1.08;0.75;APR;4;SANTOSBR;31;POST-PANAMAXII;CGC;1813;D2030_215_newpanamax
23.0;195.0;9.25;9.25;3.0;14;42;FRI;4;25;False;False;True;1500;20.97;2.6;0.75;APR;4;TEV;37;CARGARO-RO;RORO;1814;D2030_215_newpanamax
23.0;225.0;0.0;13.75;1.0;14;44;FRI;4;25;False;False;False;70000;39.92;1.97;0.75;APR;4;TGG;38;PANAMAX;GSA - E;1815;D2030_215_newpanamax
23.0;185.0;0.0;9.75;1.0;16;43;FRI;4;25;False;False;False;35000;29.94;0.24;0.75;APR;4;TRANSPETRO;43;MRMEDIUMRANGE;GL;1816;D2030_215_newpanamax
23.0;225.0;0.0;13.25;1.0;19;47;SAT;5;26;False;False;False;70000;51.12;5.97;0.75;APR;4;RUMO - GSA - E;4;PANAMAX;GSA - E;1817;D2030_215_newpanamax
23.0;155.0;9.75;0.0;2.0;16;47;SAT;5;26;False;False;False;18000;45.88;0.86;0.75;APR;4;AGEO_TERMINAIS;11;GPGENERALPURPOSE;GL;1818;D2030_215_newpanamax
23.0;185.0;10.75;0.0;2.0;16;47;SAT;5;26;False;False;False;35000;64.43;0.87;0.75;APR;4;AGEO_TERMINAIS;11;MRMEDIUMRANGE;GL;1819;D2030_215_newpanamax
23.0;205.0;10.25;10.25;3.0;20;54;SAT;5;26;False;False;False;1000;13.85;6.45;0.75;APR;4;BTP;13;FULLYCELLULAR;CGC;1820;D2030_215_newpanamax
23.0;245.0;13.75;13.75;3.0;16;46;SAT;5;26;False;False;False;3000;14.7;3.17;0.75;APR;4;BTP;13;PANAMAX;CGC;1821;D2030_215_newpanamax
23.0;285.0;13.75;13.75;3.0;20;54;SAT;5;26;False;False;False;3000;14.7;1.65;0.75;APR;4;BTP;13;PANAMAX;CGC;1822;D2030_215_newpanamax
23.0;295.0;14.25;14.25;3.0;20;54;SAT;5;26;False;False;False;4000;20.66;1.67;0.75;APR;4;BTP;13;POST-PANAMAXI;CGC;1823;D2030_215_newpanamax
23.0;295.0;13.75;13.75;3.0;15;44;SAT;5;26;False;False;False;4000;20.66;1.69;0.75;APR;4;BTP;13;POST-PANAMAXI;CGC;1824;D2030_215_newpanamax
43.0;339.0;14.0;14.0;3.0;16;46;SAT;5;26;False;False;False;6000;23.63;1.6;0.75;APR;4;BTP;13;POST-PANAMAXII;CGC;1825;D2030_215_newpanamax
23.0;135.0;8.25;8.25;3.0;18;51;SAT;5;26;False;False;False;500;12.93;2.45;0.75;APR;4;DPW - CGC;21;FEEDER/EARLY;CGC;1826;D2030_215_newpanamax
23.0;305.0;13.75;13.75;3.0;18;51;SAT;5;26;False;False;False;4000;21.93;4.97;0.75;APR;4;DPW - CGC;21;POST-PANAMAXI;CGC;1827;D2030_215_newpanamax
36.0;225.0;0.0;11.7;1.0;20;54;SAT;5;26;False;False;False;55000;50.0;4.81;0.75;APR;4;SUZANO;25;NAVIOCARGAGERAL;CGNC;1828;D2030_215_newpanamax
23.0;215.0;10.75;10.75;3.0;18;48;SAT;5;26;False;False;False;1000;16.8;1.63;0.75;APR;4;SANTOSBR;31;FULLYCELLULAR;CGC;1829;D2030_215_newpanamax
23.0;225.0;0.0;13.25;1.0;16;47;SAT;5;26;False;False;False;70000;88.35;0.55;0.75;APR;4;TEAG;33;PANAMAX;GSA - E;1830;D2030_215_newpanamax
23.0;225.0;0.0;13.75;1.0;15;47;SAT;5;26;False;False;False;70000;39.92;4.29;0.75;APR;4;TGG;38;PANAMAX;GSA - E;1831;D2030_215_newpanamax
23.0;185.0;0.0;10.25;1.0;17;46;SAT;5;26;False;False;False;35000;29.94;3.34;0.75;APR;4;TRANSPETRO;43;MRMEDIUMRANGE;GL;1832;D2030_215_newpanamax
23.0;205.0;11.75;11.75;3.0;21;57;SUN;6;27;False;False;False;1000;16.8;1.15;0.75;APR;4;TECON10;3;FULLYCELLULAR;CGC;1833;D2030_215_newpanamax
23.0;225.0;0.0;13.75;1.0;22;58;SUN;6;27;False;False;False;70000;51.12;1.56;0.75;APR;4;ADM;9;PANAMAX;GSA - E;1834;D2030_215_newpanamax
23.0;225.0;0.0;13.75;1.0;22;57;SUN;6;27;False;False;False;70000;51.12;3.73;0.75;APR;4;ADM;9;PANAMAX;GSA - E;1835;D2030_215_newpanamax
23.0;175.0;12.2;0.0;2.0;22;20;SUN;6;27;False;False;False;35000;64.43;0.61;0.75;APR;4;AGEO_TERMINAIS;11;MRMEDIUMRANGE;GL;1836;D2030_215_newpanamax
23.0;305.0;14.25;14.25;3.0;23;18;SUN;6;27;False;False;False;4000;20.66;1.72;0.75;APR;4;BTP;13;POST-PANAMAXI;CGC;1837;D2030_215_newpanamax
43.0;339.0;14.0;14.0;3.0;23;18;SUN;6;27;False;False;False;6000;23.63;1.25;0.75;APR;4;BTP;13;POST-PANAMAXII;CGC;1838;D2030_215_newpanamax
23.0;205.0;11.75;11.75;3.0;23;12;SUN;6;27;False;False;False;1000;13.38;3.42;0.75;APR;4;DPW - CGC;21;FULLYCELLULAR;CGC;1839;D2030_215_newpanamax
23.0;185.0;11.75;11.75;3.0;22;58;SUN;6;27;False;False;False;1000;13.38;1.61;0.75;APR;4;DPW - CGC;21;FULLYCELLULAR;CGC;1840;D2030_215_newpanamax
23.0;255.0;14.25;14.25;3.0;23;54;SUN;6;27;False;False;False;3000;17.86;2.5;0.75;APR;4;DPW - CGC;21;PANAMAX;CGC;1841;D2030_215_newpanamax
23.0;285.0;12.75;12.75;3.0;21;57;SUN;6;27;False;False;False;3000;17.86;1.99;0.75;APR;4;DPW - CGC;21;PANAMAX;CGC;1842;D2030_215_newpanamax
23.0;285.0;13.25;13.25;3.0;22;39;SUN;6;27;False;False;False;3000;17.86;1.63;0.75;APR;4;DPW - CGC;21;PANAMAX;CGC;1843;D2030_215_newpanamax
23.0;295.0;14.25;14.25;3.0;22;58;SUN;6;27;False;False;False;4000;21.93;2.44;0.75;APR;4;DPW - CGC;21;POST-PANAMAXI;CGC;1844;D2030_215_newpanamax
23.0;215.0;0.0;11.25;1.0;14;52;SUN;6;27;False;False;False;35000;137.91;0.05;0.75;APR;4;NST - GL;30;MRMEDIUMRANGE;GL;1845;D2030_215_newpanamax
23.0;275.0;13.25;13.25;3.0;22;59;SUN;6;27;False;False;False;3000;15.61;3.07;0.75;APR;4;SANTOSBR;31;PANAMAX;CGC;1846;D2030_215_newpanamax
23.0;275.0;13.25;13.25;3.0;22;59;SUN;6;27;False;False;False;3000;15.61;8.29;0.75;APR;4;SANTOSBR;31;PANAMAX;CGC;1847;D2030_215_newpanamax
23.0;225.0;0.0;13.25;1.0;20;17;SUN;6;27;False;False;False;70000;88.35;3.15;0.75;APR;4;TEAG;33;PANAMAX;GSA - E;1848;D2030_215_newpanamax
23.0;195.0;10.25;10.25;3.0;21;2;SUN;6;27;False;False;True;1500;20.97;13.66;0.75;APR;4;TEV;37;CARGARO-RO;RORO;1849;D2030_215_newpanamax
23.0;235.0;9.25;9.25;3.0;20;57;SUN;6;27;False;False;True;5000;19.52;1.86;0.75;APR;4;TEV;37;LARGEPCTC;RORO;1850;D2030_215_newpanamax
23.0;225.0;0.0;13.75;1.0;22;59;SUN;6;27;False;False;False;70000;39.92;1.45;0.75;APR;4;TGG;38;PANAMAX;GSA - E;1851;D2030_215_newpanamax
23.0;225.0;12.25;0.0;2.0;23;30;SUN;6;27;False;False;False;60000;48.22;16.41;0.75;APR;4;TRANSPETRO;43;LR1LONGRANGE1;GL;1852;D2030_215_newpanamax
23.0;275.0;9.25;9.25;3.0;2;5;MON;0;28;False;False;False;3000;15.61;1.22;0.75;APR;4;TECON10;3;PANAMAX;CGC;1853;D2030_215_newpanamax
23.0;225.0;0.0;12.25;1.0;2;4;MON;0;28;False;False;False;70000;51.12;1.2;0.75;APR;4;ADM;9;PANAMAX;GSA - E;1854;D2030_215_newpanamax
23.0;305.0;9.75;9.75;3.0;1;3;MON;0;28;False;False;False;4000;20.66;2.74;0.75;APR;4;BTP;13;POST-PANAMAXI;CGC;1855;D2030_215_newpanamax
43.0;339.0;14.0;14.0;3.0;1;3;MON;0;28;False;False;False;6000;23.63;3.25;0.75;APR;4;BTP;13;POST-PANAMAXII;CGC;1856;D2030_215_newpanamax
23.0;195.0;7.25;7.25;3.0;2;4;MON;0;28;False;False;False;1000;13.38;1.42;0.75;APR;4;DPW - CGC;21;FULLYCELLULAR;CGC;1857;D2030_215_newpanamax
23.0;255.0;9.25;9.25;3.0;1;2;MON;0;28;False;False;False;3000;17.86;2.42;0.75;APR;4;DPW - CGC;21;PANAMAX;CGC;1858;D2030_215_newpanamax
23.0;175.0;0.0;8.75;1.0;5;7;MON;0;28;False;False;False;35000;137.91;0.02;0.75;APR;4;NST - GL;30;MRMEDIUMRANGE;GL;1859;D2030_215_newpanamax
23.0;265.0;8.75;8.75;3.0;0;1;MON;0;28;False;False;False;3000;15.61;3.16;0.75;APR;4;SANTOSBR;31;PANAMAX;CGC;1860;D2030_215_newpanamax
23.0;295.0;9.25;9.25;3.0;0;1;MON;0;28;False;False;False;4000;21.3;3.28;0.75;APR;4;SANTOSBR;31;POST-PANAMAXI;CGC;1861;D2030_215_newpanamax
23.0;225.0;0.0;9.25;1.0;2;5;MON;0;28;False;False;False;70000;88.35;0.71;0.75;APR;4;TEAG;33;PANAMAX;GSA - E;1862;D2030_215_newpanamax
23.0;195.0;6.25;6.25;3.0;0;0;MON;0;28;False;False;True;1500;20.97;0.55;0.75;APR;4;TEV;37;CARGARO-RO;RORO;1863;D2030_215_newpanamax
23.0;225.0;0.0;12.25;1.0;0;0;MON;0;28;False;False;False;70000;39.92;1.65;0.75;APR;4;TGG;38;PANAMAX;GSA - E;1864;D2030_215_newpanamax
23.0;185.0;0.0;8.25;1.0;1;3;MON;0;28;False;False;False;35000;29.94;4.07;0.75;APR;4;TRANSPETRO;43;MRMEDIUMRANGE;GL;1865;D2030_215_newpanamax
23.0;225.0;0.0;12.75;1.0;7;13;TUE;1;29;False;False;False;70000;51.12;2.4;0.75;APR;4;RUMO - GSA - E;4;PANAMAX;GSA - E;1866;D2030_215_newpanamax
23.0;225.0;0.0;11.75;1.0;7;17;TUE;1;29;False;False;False;60000;84.67;3.63;0.75;APR;4;ADONAI;10;LR1LONGRANGE1;GL;1867;D2030_215_newpanamax
23.0;175.0;0.0;9.25;1.0;7;17;TUE;1;29;False;False;False;35000;64.43;0.4;0.75;APR;4;AGEO_TERMINAIS;11;MRMEDIUMRANGE;GL;1868;D2030_215_newpanamax
23.0;245.0;10.75;10.75;3.0;2;7;TUE;1;29;False;False;False;3000;14.7;2.13;0.75;APR;4;BTP;13;PANAMAX;CGC;1869;D2030_215_newpanamax
23.0;295.0;11.75;11.75;3.0;5;15;TUE;1;29;False;False;False;4000;20.66;4.07;0.75;APR;4;BTP;13;POST-PANAMAXI;CGC;1870;D2030_215_newpanamax
23.0;195.0;9.25;9.25;3.0;6;16;TUE;1;29;False;False;False;1000;13.38;2.59;0.75;APR;4;DPW - CGC;21;FULLYCELLULAR;CGC;1871;D2030_215_newpanamax
23.0;295.0;11.25;11.25;3.0;6;16;TUE;1;29;False;False;False;4000;21.93;1.38;0.75;APR;4;DPW - CGC;21;POST-PANAMAXI;CGC;1872;D2030_215_newpanamax
23.0;185.0;9.25;9.25;3.0;5;15;TUE;1;29;False;False;False;1000;16.8;3.37;0.75;APR;4;SANTOSBR;31;FULLYCELLULAR;CGC;1873;D2030_215_newpanamax
23.0;185.0;9.25;9.25;3.0;5;16;TUE;1;29;False;False;False;1000;16.8;0.94;0.75;APR;4;SANTOSBR;31;FULLYCELLULAR;CGC;1874;D2030_215_newpanamax
23.0;235.0;10.25;10.25;3.0;4;10;TUE;1;29;False;False;False;3000;15.61;1.97;0.75;APR;4;SANTOSBR;31;PANAMAX;CGC;1875;D2030_215_newpanamax
23.0;295.0;11.75;11.75;3.0;6;18;TUE;1;29;False;False;False;4000;21.3;2.5;0.75;APR;4;SANTOSBR;31;POST-PANAMAXI;CGC;1876;D2030_215_newpanamax
43.0;339.0;14.0;14.0;3.0;5;15;TUE;1;29;False;False;False;6000;25.92;1.46;0.75;APR;4;SANTOSBR;31;POST-PANAMAXII;CGC;1877;D2030_215_newpanamax
23.0;225.0;0.0;11.25;1.0;6;13;TUE;1;29;False;False;False;70000;88.35;0.58;0.75;APR;4;TEAG;33;PANAMAX;GSA - E;1878;D2030_215_newpanamax
23.0;235.0;8.25;8.25;3.0;5;13;TUE;1;29;False;False;True;5000;19.52;1.79;0.75;APR;4;TEV;37;LARGEPCTC;RORO;1879;D2030_215_newpanamax
23.0;225.0;0.0;13.25;1.0;4;13;TUE;1;29;False;False;False;70000;61.75;4.61;0.75;APR;4;TGRAO;39;PANAMAX;GSA - E;1880;D2030_215_newpanamax
23.0;245.0;11.25;11.25;3.0;10;27;WED;2;30;False;False;False;3000;15.61;1.96;0.75;APR;4;TECON10;3;PANAMAX;CGC;1881;D2030_215_newpanamax
23.0;155.0;8.25;0.0;2.0;9;24;WED;2;30;False;False;False;18000;45.88;0.27;0.75;APR;4;AGEO_TERMINAIS;11;GPGENERALPURPOSE;GL;1882;D2030_215_newpanamax
36.0;225.0;0.0;13.0;1.0;10;25;WED;2;30;False;False;False;55000;99.66;5.51;0.75;APR;4;BRACELL;12;NAVIOCARGAGERAL;CGNC;1883;D2030_215_newpanamax
43.0;339.0;14.0;14.0;3.0;5;17;WED;2;30;False;False;False;6000;23.63;4.35;0.75;APR;4;BTP;13;POST-PANAMAXII;CGC;1884;D2030_215_newpanamax
23.0;215.0;9.75;9.75;3.0;10;27;WED;2;30;False;False;False;1000;13.38;3.14;0.75;APR;4;DPW - CGC;21;FULLYCELLULAR;CGC;1885;D2030_215_newpanamax
23.0;245.0;10.75;10.75;3.0;7;21;WED;2;30;False;False;False;3000;15.61;0.64;0.75;APR;4;SANTOSBR;31;PANAMAX;CGC;1886;D2030_215_newpanamax
23.0;155.0;0.0;7.75;1.0;7;22;WED;2;30;False;False;False;18000;29.82;6.04;0.75;APR;4;STOLTHAVEN;32;GPGENERALPURPOSE;GL;1887;D2030_215_newpanamax
23.0;195.0;8.75;8.75;3.0;9;27;WED;2;30;False;False;True;1500;20.97;0.88;0.75;APR;4;TEV;37;CARGARO-RO;RORO;1888;D2030_215_newpanamax
23.0;185.0;0.0;9.25;1.0;10;26;WED;2;30;False;False;False;35000;29.94;3.19;0.75;APR;4;TRANSPETRO;43;MRMEDIUMRANGE;GL;1889;D2030_215_newpanamax
23.0;175.0;0.0;8.25;1.0;10;16;WED;2;30;False;False;False;35000;57.11;8.39;0.75;APR;4;ULTRACARGO;45;MRMEDIUMRANGE;GL;1890;D2030_215_newpanamax
23.0;175.0;10.25;0.0;2.0;13;33;THU;3;1;False;False;False;35000;57.11;3.12;0.75;MAY;5;STS;2;MRMEDIUMRANGE;GL;1891;D2030_215_newpanamax
23.0;225.0;0.0;13.25;1.0;11;25;THU;3;1;False;False;False;70000;51.12;3.85;0.75;MAY;5;RUMO - GSA - E;4;PANAMAX;GSA - E;1892;D2030_215_newpanamax
23.0;175.0;8.75;0.0;2.0;12;36;THU;3;1;False;False;False;35000;37.45;1.11;0.75;MAY;5;ADONAI;10;MRMEDIUMRANGE;GL;1893;D2030_215_newpanamax
23.0;275.0;12.25;12.25;3.0;8;24;THU;3;1;False;False;False;3000;14.7;4.63;0.75;MAY;5;BTP;13;PANAMAX;CGC;1894;D2030_215_newpanamax
23.0;305.0;12.25;12.25;3.0;8;25;THU;3;1;False;False;False;4000;20.66;1.91;0.75;MAY;5;BTP;13;POST-PANAMAXI;CGC;1895;D2030_215_newpanamax
43.0;339.0;14.0;14.0;3.0;10;30;THU;3;1;False;False;False;6000;23.63;1.8;0.75;MAY;5;BTP;13;POST-PANAMAXII;CGC;1896;D2030_215_newpanamax
23.0;185.0;10.25;10.25;3.0;12;35;THU;3;1;False;False;False;1000;13.38;2.47;0.75;MAY;5;DPW - CGC;21;FULLYCELLULAR;CGC;1897;D2030_215_newpanamax
23.0;295.0;12.25;12.25;3.0;11;29;THU;3;1;False;False;False;4000;21.93;3.14;0.75;MAY;5;DPW - CGC;21;POST-PANAMAXI;CGC;1898;D2030_215_newpanamax
36.0;225.0;0.0;11.7;1.0;12;35;THU;3;1;False;False;False;55000;50.0;3.49;0.75;MAY;5;SUZANO;25;NAVIOCARGAGERAL;CGNC;1899;D2030_215_newpanamax
23.0;265.0;11.25;11.25;3.0;12;32;THU;3;1;False;False;False;3000;15.61;1.61;0.75;MAY;5;SANTOSBR;31;PANAMAX;CGC;1900;D2030_215_newpanamax
43.0;339.0;14.0;14.0;3.0;13;36;THU;3;1;False;False;False;6000;25.92;5.88;0.75;MAY;5;SANTOSBR;31;POST-PANAMAXII;CGC;1901;D2030_215_newpanamax
23.0;175.0;9.25;9.25;3.0;10;31;THU;3;1;False;False;True;1500;20.97;5.65;0.75;MAY;5;TEV;37;CARGARO-RO;RORO;1902;D2030_215_newpanamax
23.0;225.0;0.0;13.25;1.0;10;29;THU;3;1;False;False;False;70000;61.75;4.39;0.75;MAY;5;TGRAO;39;PANAMAX;GSA - E;1903;D2030_215_newpanamax
23.0;285.0;0.0;11.75;1.0;10;33;THU;3;1;True;False;False;76500;53.08;0.0;0.75;MAY;5;TRSP;44;LNGCARRIER;GL;1904;D2030_215_newpanamax
23.0;255.0;11.75;11.75;3.0;14;37;FRI;4;2;False;False;False;3000;15.61;1.78;0.75;MAY;5;TECON10;3;PANAMAX;CGC;1905;D2030_215_newpanamax
23.0;225.0;0.0;13.25;1.0;13;32;FRI;4;2;False;False;False;70000;51.12;3.95;0.75;MAY;5;ADM;9;PANAMAX;GSA - E;1906;D2030_215_newpanamax
23.0;275.0;12.75;12.75;3.0;11;34;FRI;4;2;False;False;False;3000;14.7;1.38;0.75;MAY;5;BTP;13;PANAMAX;CGC;1907;D2030_215_newpanamax
23.0;295.0;12.75;12.75;3.0;10;31;FRI;4;2;False;False;False;4000;20.66;2.2;0.75;MAY;5;BTP;13;POST-PANAMAXI;CGC;1908;D2030_215_newpanamax
23.0;215.0;10.25;10.25;3.0;15;42;FRI;4;2;False;False;False;1000;13.38;0.89;0.75;MAY;5;DPW - CGC;21;FULLYCELLULAR;CGC;1909;D2030_215_newpanamax
23.0;255.0;11.75;11.75;3.0;15;42;FRI;4;2;False;False;False;3000;17.86;1.24;0.75;MAY;5;DPW - CGC;21;PANAMAX;CGC;1910;D2030_215_newpanamax
23.0;295.0;13.25;13.25;3.0;15;42;FRI;4;2;False;False;False;4000;21.93;4.6;0.75;MAY;5;DPW - CGC;21;POST-PANAMAXI;CGC;1911;D2030_215_newpanamax
23.0;215.0;10.25;10.25;3.0;16;43;FRI;4;2;False;False;False;1000;16.8;1.05;0.75;MAY;5;SANTOSBR;31;FULLYCELLULAR;CGC;1912;D2030_215_newpanamax
23.0;275.0;11.75;11.75;3.0;16;43;FRI;4;2;False;False;False;3000;15.61;0.9;0.75;MAY;5;SANTOSBR;31;PANAMAX;CGC;1913;D2030_215_newpanamax
23.0;295.0;12.75;12.75;3.0;16;43;FRI;4;2;False;False;False;4000;21.3;2.71;0.75;MAY;5;SANTOSBR;31;POST-PANAMAXI;CGC;1914;D2030_215_newpanamax
23.0;295.0;12.75;12.75;3.0;13;37;FRI;4;2;False;False;False;4000;21.3;1.72;0.75;MAY;5;SANTOSBR;31;POST-PANAMAXI;CGC;1915;D2030_215_newpanamax
23.0;225.0;0.0;13.25;1.0;13;32;FRI;4;2;False;False;False;70000;78.07;0.15;0.75;MAY;5;TEG;34;PANAMAX;GSA - E;1916;D2030_215_newpanamax
23.0;225.0;0.0;13.25;1.0;13;39;FRI;4;2;False;False;False;70000;39.92;5.71;0.75;MAY;5;TGG;38;PANAMAX;GSA - E;1917;D2030_215_newpanamax
23.0;225.0;0.0;13.25;1.0;13;37;FRI;4;2;False;False;False;70000;61.75;1.95;0.75;MAY;5;TGRAO;39;PANAMAX;GSA - E;1918;D2030_215_newpanamax
23.0;155.0;10.25;0.0;2.0;17;47;SAT;5;3;False;False;False;18000;42.57;5.77;0.75;MAY;5;STS;2;GPGENERALPURPOSE;GL;1919;D2030_215_newpanamax
23.0;225.0;0.0;13.25;1.0;17;43;SAT;5;3;False;False;False;70000;51.12;3.66;0.75;MAY;5;ADM;9;PANAMAX;GSA - E;1920;D2030_215_newpanamax
23.0;225.0;12.2;0.0;2.0;17;49;SAT;5;3;False;False;False;60000;134.25;1.02;0.75;MAY;5;AGEO_TERMINAIS;11;LR1LONGRANGE1;GL;1921;D2030_215_newpanamax
23.0;215.0;9.75;9.75;3.0;16;45;SAT;5;3;False;False;False;1000;13.85;2.44;0.75;MAY;5;BTP;13;FULLYCELLULAR;CGC;1922;D2030_215_newpanamax
23.0;245.0;14.25;14.25;3.0;20;54;SAT;5;3;False;False;False;3000;14.7;1.9;0.75;MAY;5;BTP;13;PANAMAX;CGC;1923;D2030_215_newpanamax
23.0;295.0;14.25;14.25;3.0;20;54;SAT;5;3;False;False;False;4000;20.66;3.1;0.75;MAY;5;BTP;13;POST-PANAMAXI;CGC;1924;D2030_215_newpanamax
43.0;339.0;14.0;14.0;3.0;20;54;SAT;5;3;False;False;False;6000;23.63;2.6;0.75;MAY;5;BTP;13;POST-PANAMAXII;CGC;1925;D2030_215_newpanamax
23.0;295.0;13.75;13.75;3.0;17;48;SAT;5;3;False;False;False;4000;21.93;1.81;0.75;MAY;5;DPW - CGC;21;POST-PANAMAXI;CGC;1926;D2030_215_newpanamax
23.0;215.0;10.75;10.75;3.0;17;47;SAT;5;3;False;False;False;1000;16.8;0.54;0.75;MAY;5;SANTOSBR;31;FULLYCELLULAR;CGC;1927;D2030_215_newpanamax
23.0;155.0;8.25;0.0;2.0;15;42;SAT;5;3;False;False;False;18000;29.82;25.81;0.75;MAY;5;STOLTHAVEN;32;GPGENERALPURPOSE;GL;1928;D2030_215_newpanamax
23.0;195.0;9.25;9.25;3.0;18;53;SAT;5;3;False;False;True;1500;20.97;1.27;0.75;MAY;5;TEV;37;CARGARO-RO;RORO;1929;D2030_215_newpanamax
23.0;225.0;0.0;13.75;1.0;17;48;SAT;5;3;False;False;False;70000;61.75;3.57;0.75;MAY;5;TGRAO;39;PANAMAX;GSA - E;1930;D2030_215_newpanamax
23.0;295.0;0.0;11.75;1.0;11;46;SAT;5;3;True;False;False;76500;53.08;0.0;0.75;MAY;5;TRSP;44;LNGCARRIER;GL;1931;D2030_215_newpanamax
23.0;225.0;0.0;14.25;1.0;23;14;SUN;6;4;False;False;False;70000;51.12;2.12;0.75;MAY;5;RUMO - GSA - E;4;PANAMAX;GSA - E;1932;D2030_215_newpanamax
23.0;225.0;0.0;13.75;1.0;21;52;SUN;6;4;False;False;False;70000;51.12;5.16;0.75;MAY;5;ADM;9;PANAMAX;GSA - E;1933;D2030_215_newpanamax
23.0;185.0;11.75;0.0;2.0;22;59;SUN;6;4;False;False;False;35000;64.43;0.76;0.75;MAY;5;AGEO_TERMINAIS;11;MRMEDIUMRANGE;GL;1934;D2030_215_newpanamax
23.0;295.0;14.25;14.25;3.0;22;14;SUN;6;4;False;False;False;4000;20.66;1.62;0.75;MAY;5;BTP;13;POST-PANAMAXI;CGC;1935;D2030_215_newpanamax
23.0;295.0;14.25;14.25;3.0;20;56;SUN;6;4;False;False;False;4000;20.66;2.66;0.75;MAY;5;BTP;13;POST-PANAMAXI;CGC;1936;D2030_215_newpanamax
23.0;205.0;11.75;11.75;3.0;22;51;SUN;6;4;False;False;False;1000;13.38;1.68;0.75;MAY;5;DPW - CGC;21;FULLYCELLULAR;CGC;1937;D2030_215_newpanamax
23.0;255.0;13.25;13.25;3.0;21;57;SUN;6;4;False;False;False;3000;17.86;0.97;0.75;MAY;5;DPW - CGC;21;PANAMAX;CGC;1938;D2030_215_newpanamax
23.0;265.0;12.75;12.75;3.0;20;54;SUN;6;4;False;False;False;3000;17.86;1.87;0.75;MAY;5;DPW - CGC;21;PANAMAX;CGC;1939;D2030_215_newpanamax
23.0;295.0;14.25;14.25;3.0;21;57;SUN;6;4;False;False;False;4000;21.93;2.48;0.75;MAY;5;DPW - CGC;21;POST-PANAMAXI;CGC;1940;D2030_215_newpanamax
43.0;339.0;14.0;14.0;3.0;22;58;SUN;6;4;False;False;False;6000;27.82;1.49;0.75;MAY;5;DPW - CGC;21;POST-PANAMAXII;CGC;1941;D2030_215_newpanamax
23.0;275.0;13.25;13.25;3.0;22;59;SUN;6;4;False;False;False;3000;15.61;2.79;0.75;MAY;5;SANTOSBR;31;PANAMAX;CGC;1942;D2030_215_newpanamax
23.0;175.0;11.75;0.0;2.0;20;57;SUN;6;4;False;False;False;35000;59.07;9.24;0.75;MAY;5;STOLTHAVEN;32;MRMEDIUMRANGE;GL;1943;D2030_215_newpanamax
23.0;225.0;0.0;13.75;1.0;22;26;SUN;6;4;False;False;False;70000;39.92;2.14;0.75;MAY;5;TGG;38;PANAMAX;GSA - E;1944;D2030_215_newpanamax
23.0;225.0;0.0;14.25;1.0;22;5;SUN;6;4;False;False;False;70000;61.75;2.43;0.75;MAY;5;TGRAO;39;PANAMAX;GSA - E;1945;D2030_215_newpanamax
18.0;85.34;4.4;5.5;1.0;6;50;0;6;4;False;False;False;0;42.67;0.08;0.75;0;5;TUP - Saipem;8;HANDYSIZE;CGNC;1946;D2030_215_newpanamax
23.0;225.0;0.0;12.25;1.0;0;3;MON;0;5;False;False;False;70000;51.12;2.54;0.75;MAY;5;RUMO - GSA - E;4;PANAMAX;GSA - E;1947;D2030_215_newpanamax
23.0;285.0;9.25;9.25;3.0;0;1;MON;0;5;False;False;False;3000;14.7;2.45;0.75;MAY;5;BTP;13;PANAMAX;CGC;1948;D2030_215_newpanamax
23.0;295.0;9.75;9.75;3.0;0;2;MON;0;5;False;False;False;4000;20.66;2.25;0.75;MAY;5;BTP;13;POST-PANAMAXI;CGC;1949;D2030_215_newpanamax
23.0;185.0;8.25;8.25;3.0;3;7;MON;0;5;False;False;False;1000;13.38;1.29;0.75;MAY;5;DPW - CGC;21;FULLYCELLULAR;CGC;1950;D2030_215_newpanamax
23.0;245.0;9.75;9.75;3.0;2;3;MON;0;5;False;False;False;3000;17.86;0.9;0.75;MAY;5;DPW - CGC;21;PANAMAX;CGC;1951;D2030_215_newpanamax
23.0;325.0;10.25;10.25;3.0;3;7;MON;0;5;False;False;False;4000;21.93;2.13;0.75;MAY;5;DPW - CGC;21;POST-PANAMAXI;CGC;1952;D2030_215_newpanamax
36.0;225.0;0.0;11.7;1.0;6;7;MON;0;5;False;False;False;55000;200.0;12.79;0.75;MAY;5;NST - CGNC;29;NAVIOCARGAGERAL;CGNC;1953;D2030_215_newpanamax
23.0;195.0;6.25;6.25;3.0;0;1;MON;0;5;False;False;True;1500;20.97;3.97;0.75;MAY;5;TEV;37;CARGARO-RO;RORO;1954;D2030_215_newpanamax
23.0;225.0;0.0;13.25;1.0;1;6;MON;0;5;False;False;False;70000;61.75;3.2;0.75;MAY;5;TGRAO;39;PANAMAX;GSA - E;1955;D2030_215_newpanamax
23.0;165.0;9.75;0.0;2.0;8;7;MON;0;5;False;False;False;18000;18.55;6.4;0.75;MAY;5;TIPLAM - GL;40;GPGENERALPURPOSE;GL;1956;D2030_215_newpanamax
23.0;175.0;0.0;6.75;1.0;0;3;MON;0;5;False;False;False;35000;90.66;10.79;0.75;MAY;5;USIMINAS;46;HANDYSIZE;CGNC;1957;D2030_215_newpanamax
23.0;225.0;0.0;12.75;1.0;5;10;TUE;1;6;False;False;False;70000;51.12;1.84;0.75;MAY;5;RUMO - GSA - E;4;PANAMAX;GSA - E;1958;D2030_215_newpanamax
23.0;305.0;10.75;10.75;3.0;3;9;TUE;1;6;False;False;False;4000;20.66;2.1;0.75;MAY;5;BTP;13;POST-PANAMAXI;CGC;1959;D2030_215_newpanamax
23.0;195.0;8.25;8.25;3.0;4;8;TUE;1;6;False;False;False;1000;13.38;1.5;0.75;MAY;5;DPW - CGC;21;FULLYCELLULAR;CGC;1960;D2030_215_newpanamax
23.0;275.0;9.75;9.75;3.0;4;9;TUE;1;6;False;False;False;3000;17.86;2.58;0.75;MAY;5;DPW - CGC;21;PANAMAX;CGC;1961;D2030_215_newpanamax
43.0;339.0;14.0;14.0;3.0;4;8;TUE;1;6;False;False;False;6000;27.82;2.04;0.75;MAY;5;DPW - CGC;21;POST-PANAMAXII;CGC;1962;D2030_215_newpanamax
23.0;185.0;9.25;9.25;3.0;4;10;TUE;1;6;False;False;False;1000;16.8;3.19;0.75;MAY;5;SANTOSBR;31;FULLYCELLULAR;CGC;1963;D2030_215_newpanamax
23.0;235.0;10.25;10.25;3.0;4;10;TUE;1;6;False;False;False;3000;15.61;2.64;0.75;MAY;5;SANTOSBR;31;PANAMAX;CGC;1964;D2030_215_newpanamax
23.0;225.0;0.0;12.25;1.0;6;16;TUE;1;6;False;False;False;70000;88.35;2.18;0.75;MAY;5;TEAG;33;PANAMAX;GSA - E;1965;D2030_215_newpanamax
23.0;215.0;8.25;8.25;3.0;6;19;TUE;1;6;False;False;True;3000;20.25;1.37;0.75;MAY;5;TEV;37;PCTCPADRAO;RORO;1966;D2030_215_newpanamax
23.0;225.0;0.0;13.25;1.0;2;9;TUE;1;6;False;False;False;70000;61.75;6.63;0.75;MAY;5;TGRAO;39;PANAMAX;GSA - E;1967;D2030_215_newpanamax
23.0;155.0;0.0;7.75;1.0;8;12;TUE;1;6;False;False;False;18000;42.57;14.03;0.75;MAY;5;ULTRACARGO;45;GPGENERALPURPOSE;GL;1968;D2030_215_newpanamax
23.0;275.0;10.25;10.25;3.0;7;20;WED;2;7;False;False;False;3000;15.61;3.49;0.75;MAY;5;TECON10;3;PANAMAX;CGC;1969;D2030_215_newpanamax
23.0;225.0;0.0;12.75;1.0;8;17;WED;2;7;False;False;False;70000;51.12;2.22;0.75;MAY;5;ADM;9;PANAMAX;GSA - E;1970;D2030_215_newpanamax
36.0;225.0;0.0;13.0;1.0;6;16;WED;2;7;False;False;False;55000;99.66;2.85;0.75;MAY;5;BRACELL;12;NAVIOCARGAGERAL;CGNC;1971;D2030_215_newpanamax
23.0;215.0;8.75;8.75;3.0;5;15;WED;2;7;False;False;False;1000;13.85;1.88;0.75;MAY;5;BTP;13;FULLYCELLULAR;CGC;1972;D2030_215_newpanamax
23.0;295.0;11.75;11.75;3.0;5;15;WED;2;7;False;False;False;4000;20.66;1.47;0.75;MAY;5;BTP;13;POST-PANAMAXI;CGC;1973;D2030_215_newpanamax
43.0;339.0;14.0;14.0;3.0;5;15;WED;2;7;False;False;False;6000;23.63;5.2;0.75;MAY;5;BTP;13;POST-PANAMAXII;CGC;1974;D2030_215_newpanamax
23.0;165.0;8.25;0.0;2.0;11;25;WED;2;7;False;False;False;18000;12.03;4.85;0.75;MAY;5;DOW;20;GPGENERALPURPOSE;GL;1975;D2030_215_newpanamax
23.0;215.0;9.75;9.75;3.0;10;26;WED;2;7;False;False;False;1000;13.38;2.32;0.75;MAY;5;DPW - CGC;21;FULLYCELLULAR;CGC;1976;D2030_215_newpanamax
23.0;255.0;10.75;10.75;3.0;8;20;WED;2;7;False;False;False;3000;17.86;1.67;0.75;MAY;5;DPW - CGC;21;PANAMAX;CGC;1977;D2030_215_newpanamax
23.0;255.0;10.75;10.75;3.0;8;21;WED;2;7;False;False;False;3000;17.86;2.68;0.75;MAY;5;DPW - CGC;21;PANAMAX;CGC;1978;D2030_215_newpanamax
23.0;295.0;11.25;11.25;3.0;8;20;WED;2;7;False;False;False;4000;21.93;1.32;0.75;MAY;5;DPW - CGC;21;POST-PANAMAXI;CGC;1979;D2030_215_newpanamax
43.0;339.0;14.0;14.0;3.0;7;19;WED;2;7;False;False;False;6000;27.82;1.4;0.75;MAY;5;DPW - CGC;21;POST-PANAMAXII;CGC;1980;D2030_215_newpanamax
36.0;225.0;0.0;11.7;1.0;8;21;WED;2;7;False;False;False;55000;36.9;1.57;0.75;MAY;5;ELDORADO;23;NAVIOCARGAGERAL;CGNC;1981;D2030_215_newpanamax
23.0;185.0;9.75;9.75;3.0;8;23;WED;2;7;False;False;False;1000;16.8;1.4;0.75;MAY;5;SANTOSBR;31;FULLYCELLULAR;CGC;1982;D2030_215_newpanamax
23.0;205.0;9.25;9.25;3.0;6;19;WED;2;7;False;False;False;1000;16.8;2.33;0.75;MAY;5;SANTOSBR;31;FULLYCELLULAR;CGC;1983;D2030_215_newpanamax
23.0;265.0;10.75;10.75;3.0;9;24;WED;2;7;False;False;False;3000;15.61;2.47;0.75;MAY;5;SANTOSBR;31;PANAMAX;CGC;1984;D2030_215_newpanamax
23.0;275.0;10.75;10.75;3.0;10;26;WED;2;7;False;False;False;3000;15.61;7.8;0.75;MAY;5;SANTOSBR;31;PANAMAX;CGC;1985;D2030_215_newpanamax
23.0;275.0;10.25;10.25;3.0;7;19;WED;2;7;False;False;False;3000;15.61;2.96;0.75;MAY;5;SANTOSBR;31;PANAMAX;CGC;1986;D2030_215_newpanamax
23.0;295.0;12.25;12.25;3.0;8;23;WED;2;7;False;False;False;4000;21.3;4.4;0.75;MAY;5;SANTOSBR;31;POST-PANAMAXI;CGC;1987;D2030_215_newpanamax
23.0;295.0;11.75;11.75;3.0;6;19;WED;2;7;False;False;False;4000;21.3;1.57;0.75;MAY;5;SANTOSBR;31;POST-PANAMAXI;CGC;1988;D2030_215_newpanamax
43.0;339.0;14.0;14.0;3.0;8;23;WED;2;7;False;False;False;6000;25.92;1.59;0.75;MAY;5;SANTOSBR;31;POST-PANAMAXII;CGC;1989;D2030_215_newpanamax
23.0;225.0;0.0;13.25;1.0;8;20;WED;2;7;False;False;False;70000;78.07;3.3;0.75;MAY;5;TEG;34;PANAMAX;GSA - E;1990;D2030_215_newpanamax
23.0;195.0;8.75;8.75;3.0;9;27;WED;2;7;False;False;True;1500;20.97;5.96;0.75;MAY;5;TEV;37;CARGARO-RO;RORO;1991;D2030_215_newpanamax
23.0;195.0;8.75;8.75;3.0;8;24;WED;2;7;False;False;True;1500;20.97;5.36;0.75;MAY;5;TEV;37;CARGARO-RO;RORO;1992;D2030_215_newpanamax
23.0;165.0;9.75;0.0;2.0;8;11;WED;2;7;False;False;False;18000;18.55;1.96;0.75;MAY;5;TIPLAM - GL;40;GPGENERALPURPOSE;GL;1993;D2030_215_newpanamax
17.0;82.3;4.5;4.5;1.0;16;50;0;2;7;False;False;False;0;20.5;0.17;0.75;0;5;TUP - Saipem;8;HANDYSIZE;CGNC;1994;D2030_215_newpanamax
19.0;88.9;6.1;6.4;1.0;17;20;0;2;7;False;False;False;0;49.17;0.17;0.75;0;5;TUP - Saipem;8;HANDYSIZE;CGNC;1995;D2030_215_newpanamax
23.0;155.0;8.75;0.0;2.0;13;33;THU;3;8;False;False;False;18000;42.57;4.17;0.75;MAY;5;STS;2;GPGENERALPURPOSE;GL;1996;D2030_215_newpanamax
23.0;225.0;0.0;13.25;1.0;12;28;THU;3;8;False;False;False;70000;51.12;2.68;0.75;MAY;5;RUMO - GSA - E;4;PANAMAX;GSA - E;1997;D2030_215_newpanamax
23.0;165.0;8.75;0.0;2.0;12;32;THU;3;8;False;False;False;18000;45.88;0.61;0.75;MAY;5;AGEO_TERMINAIS;11;GPGENERALPURPOSE;GL;1998;D2030_215_newpanamax
23.0;185.0;9.75;0.0;2.0;12;32;THU;3;8;False;False;False;35000;64.43;0.82;0.75;MAY;5;AGEO_TERMINAIS;11;MRMEDIUMRANGE;GL;1999;D2030_215_newpanamax
23.0;295.0;12.75;12.75;3.0;9;27;THU;3;8;False;False;False;4000;20.66;2.07;0.75;MAY;5;BTP;13;POST-PANAMAXI;CGC;2000;D2030_215_newpanamax
23.0;305.0;12.25;12.25;3.0;8;24;THU;3;8;False;False;False;4000;20.66;4.65;0.75;MAY;5;BTP;13;POST-PANAMAXI;CGC;2001;D2030_215_newpanamax
23.0;185.0;10.25;10.25;3.0;11;29;THU;3;8;False;False;False;1000;13.38;1.47;0.75;MAY;5;DPW - CGC;21;FULLYCELLULAR;CGC;2002;D2030_215_newpanamax
23.0;285.0;10.75;10.75;3.0;11;29;THU;3;8;False;False;False;3000;17.86;1.16;0.75;MAY;5;DPW - CGC;21;PANAMAX;CGC;2003;D2030_215_newpanamax
23.0;215.0;9.75;9.75;3.0;13;36;THU;3;8;False;False;False;1000;16.8;1.95;0.75;MAY;5;SANTOSBR;31;FULLYCELLULAR;CGC;2004;D2030_215_newpanamax
23.0;275.0;11.25;11.25;3.0;13;36;THU;3;8;False;False;False;3000;15.61;2.98;0.75;MAY;5;SANTOSBR;31;PANAMAX;CGC;2005;D2030_215_newpanamax
23.0;295.0;12.25;12.25;3.0;12;32;THU;3;8;False;False;False;4000;21.3;2.28;0.75;MAY;5;SANTOSBR;31;POST-PANAMAXI;CGC;2006;D2030_215_newpanamax
23.0;195.0;9.25;9.25;3.0;11;33;THU;3;8;False;False;True;1500;20.97;3.04;0.75;MAY;5;TEV;37;CARGARO-RO;RORO;2007;D2030_215_newpanamax
23.0;225.0;0.0;13.25;1.0;11;29;THU;3;8;False;False;False;70000;39.92;1.36;0.75;MAY;5;TGG;38;PANAMAX;GSA - E;2008;D2030_215_newpanamax
23.0;285.0;0.0;11.75;1.0;10;24;THU;3;8;True;False;False;76500;53.08;0.0;0.75;MAY;5;TRSP;44;LNGCARRIER;GL;2009;D2030_215_newpanamax
23.0;175.0;0.0;8.75;1.0;14;35;THU;3;8;False;False;False;35000;90.66;0.87;0.75;MAY;5;USIMINAS;46;HANDYSIZE;CGNC;2010;D2030_215_newpanamax
23.0;265.0;11.75;11.75;3.0;16;42;FRI;4;9;False;False;False;3000;15.61;1.59;0.75;MAY;5;TECON10;3;PANAMAX;CGC;2011;D2030_215_newpanamax
23.0;225.0;0.0;13.25;1.0;13;34;FRI;4;9;False;False;False;70000;51.12;1.56;0.75;MAY;5;ADM;9;PANAMAX;GSA - E;2012;D2030_215_newpanamax
23.0;155.0;9.25;0.0;2.0;14;38;FRI;4;9;False;False;False;18000;45.88;0.54;0.75;MAY;5;AGEO_TERMINAIS;11;GPGENERALPURPOSE;GL;2013;D2030_215_newpanamax
23.0;305.0;12.75;12.75;3.0;11;34;FRI;4;9;False;False;False;4000;20.66;2.24;0.75;MAY;5;BTP;13;POST-PANAMAXI;CGC;2014;D2030_215_newpanamax
43.0;339.0;14.0;14.0;3.0;11;34;FRI;4;9;False;False;False;6000;23.63;1.37;0.75;MAY;5;BTP;13;POST-PANAMAXII;CGC;2015;D2030_215_newpanamax
23.0;285.0;11.25;11.25;3.0;14;39;FRI;4;9;False;False;False;3000;17.86;1.15;0.75;MAY;5;DPW - CGC;21;PANAMAX;CGC;2016;D2030_215_newpanamax
36.0;225.0;0.0;11.7;1.0;17;41;FRI;4;9;False;False;False;55000;50.0;5.09;0.75;MAY;5;SUZANO;25;NAVIOCARGAGERAL;CGNC;2017;D2030_215_newpanamax
23.0;215.0;10.75;10.75;3.0;17;46;FRI;4;9;False;False;False;1000;16.8;1.65;0.75;MAY;5;SANTOSBR;31;FULLYCELLULAR;CGC;2018;D2030_215_newpanamax
23.0;255.0;12.25;12.25;3.0;17;46;FRI;4;9;False;False;False;3000;15.61;2.01;0.75;MAY;5;SANTOSBR;31;PANAMAX;CGC;2019;D2030_215_newpanamax
23.0;295.0;12.75;12.75;3.0;14;38;FRI;4;9;False;False;False;4000;21.3;2.33;0.75;MAY;5;SANTOSBR;31;POST-PANAMAXI;CGC;2020;D2030_215_newpanamax
43.0;339.0;14.0;14.0;3.0;16;43;FRI;4;9;False;False;False;6000;25.92;2.58;0.75;MAY;5;SANTOSBR;31;POST-PANAMAXII;CGC;2021;D2030_215_newpanamax
23.0;225.0;0.0;13.25;1.0;13;32;FRI;4;9;False;False;False;70000;78.07;0.35;0.75;MAY;5;TEG;34;PANAMAX;GSA - E;2022;D2030_215_newpanamax
23.0;195.0;9.25;9.25;3.0;15;44;FRI;4;9;False;False;True;1500;20.97;2.1;0.75;MAY;5;TEV;37;CARGARO-RO;RORO;2023;D2030_215_newpanamax
23.0;225.0;0.0;13.75;1.0;15;45;FRI;4;9;False;False;False;70000;61.75;1.5;0.75;MAY;5;TGRAO;39;PANAMAX;GSA - E;2024;D2030_215_newpanamax
36.0;225.0;0.0;13.0;1.0;16;48;SAT;5;10;False;False;False;55000;99.0;0.19;0.75;MAY;5;ARAUCO;1;NAVIOCARGAGERAL;CGNC;2025;D2030_215_newpanamax
23.0;155.0;9.75;0.0;2.0;17;49;SAT;5;10;False;False;False;18000;45.88;0.55;0.75;MAY;5;AGEO_TERMINAIS;11;GPGENERALPURPOSE;GL;2026;D2030_215_newpanamax
23.0;175.0;11.25;0.0;2.0;17;49;SAT;5;10;False;False;False;35000;64.43;0.27;0.75;MAY;5;AGEO_TERMINAIS;11;MRMEDIUMRANGE;GL;2027;D2030_215_newpanamax
23.0;185.0;11.25;0.0;2.0;20;56;SAT;5;10;False;False;False;35000;64.43;1.32;0.75;MAY;5;AGEO_TERMINAIS;11;MRMEDIUMRANGE;GL;2028;D2030_215_newpanamax
49.0;366.0;14.5;14.5;3.0;16;45;SAT;5;10;False;False;False;12500;30.72;3.32;0.75;MAY;5;BTP;13;NEWPANAMAX;CGC;2029;D2030_215_newpanamax
23.0;295.0;14.25;14.25;3.0;18;50;SAT;5;10;False;False;False;4000;20.66;3.31;0.75;MAY;5;BTP;13;POST-PANAMAXI;CGC;2030;D2030_215_newpanamax
23.0;135.0;8.25;8.25;3.0;17;48;SAT;5;10;False;False;False;500;12.93;1.31;0.75;MAY;5;DPW - CGC;21;FEEDER/EARLY;CGC;2031;D2030_215_newpanamax
23.0;265.0;12.25;12.25;3.0;17;48;SAT;5;10;False;False;False;3000;17.86;2.41;0.75;MAY;5;DPW - CGC;21;PANAMAX;CGC;2032;D2030_215_newpanamax
36.0;225.0;0.0;13.0;1.0;19;53;SAT;5;10;False;False;False;55000;64.0;0.71;0.75;MAY;5;DPW - CGNC;22;NAVIOCARGAGERAL;CGNC;2033;D2030_215_newpanamax
23.0;265.0;12.75;12.75;3.0;19;52;SAT;5;10;False;False;False;3000;15.61;2.47;0.75;MAY;5;SANTOSBR;31;PANAMAX;CGC;2034;D2030_215_newpanamax
23.0;185.0;10.75;0.0;2.0;15;42;SAT;5;10;False;False;False;35000;59.07;4.45;0.75;MAY;5;STOLTHAVEN;32;MRMEDIUMRANGE;GL;2035;D2030_215_newpanamax
23.0;185.0;0.0;10.25;1.0;18;48;SAT;5;10;False;False;False;35000;29.94;3.81;0.75;MAY;5;TRANSPETRO;43;MRMEDIUMRANGE;GL;2036;D2030_215_newpanamax
23.0;175.0;9.75;0.0;2.0;16;50;SAT;5;10;False;False;False;35000;90.66;2.43;0.75;MAY;5;USIMINAS;46;HANDYSIZE;CGNC;2037;D2030_215_newpanamax
18.0;85.34;4.5;4.5;1.0;13;0;0;5;10;False;False;False;0;22.17;0.17;0.75;0;5;TUP - Saipem;8;HANDYSIZE;CGNC;2038;D2030_215_newpanamax
36.0;225.0;0.0;13.0;1.0;21;35;SUN;6;11;False;False;False;55000;99.0;10.9;0.75;MAY;5;ARAUCO;1;NAVIOCARGAGERAL;CGNC;2039;D2030_215_newpanamax
23.0;165.0;10.25;0.0;2.0;22;59;SUN;6;11;False;False;False;18000;45.88;0.51;0.75;MAY;5;AGEO_TERMINAIS;11;GPGENERALPURPOSE;GL;2040;D2030_215_newpanamax
23.0;215.0;10.75;10.75;3.0;22;59;SUN;6;11;False;False;False;1000;13.85;10.23;0.75;MAY;5;BTP;13;FULLYCELLULAR;CGC;2041;D2030_215_newpanamax
23.0;295.0;14.5;14.5;3.0;23;52;SUN;6;11;False;False;False;4000;20.66;1.48;0.75;MAY;5;BTP;13;POST-PANAMAXI;CGC;2042;D2030_215_newpanamax
23.0;185.0;11.75;11.75;3.0;22;58;SUN;6;11;False;False;False;1000;13.38;2.11;0.75;MAY;5;DPW - CGC;21;FULLYCELLULAR;CGC;2043;D2030_215_newpanamax
23.0;215.0;11.75;11.75;3.0;23;50;SUN;6;11;False;False;False;1000;13.38;3.31;0.75;MAY;5;DPW - CGC;21;FULLYCELLULAR;CGC;2044;D2030_215_newpanamax
23.0;285.0;13.25;13.25;3.0;22;51;SUN;6;11;False;False;False;3000;17.86;1.64;0.75;MAY;5;DPW - CGC;21;PANAMAX;CGC;2045;D2030_215_newpanamax
23.0;275.0;14.25;14.25;3.0;23;3;SUN;6;11;False;False;False;3000;17.86;1.78;0.75;MAY;5;DPW - CGC;21;PANAMAX;CGC;2046;D2030_215_newpanamax
23.0;305.0;14.25;14.25;3.0;22;51;SUN;6;11;False;False;False;4000;21.93;0.96;0.75;MAY;5;DPW - CGC;21;POST-PANAMAXI;CGC;2047;D2030_215_newpanamax
43.0;339.0;14.0;14.0;3.0;21;57;SUN;6;11;False;False;False;6000;27.82;1.95;0.75;MAY;5;DPW - CGC;21;POST-PANAMAXII;CGC;2048;D2030_215_newpanamax
23.0;275.0;13.25;13.25;3.0;22;59;SUN;6;11;False;False;False;3000;15.61;4.79;0.75;MAY;5;SANTOSBR;31;PANAMAX;CGC;2049;D2030_215_newpanamax
23.0;225.0;0.0;13.25;1.0;19;57;SUN;6;11;False;False;False;70000;88.35;0.15;0.75;MAY;5;TEAG;33;PANAMAX;GSA - E;2050;D2030_215_newpanamax
23.0;195.0;9.75;9.75;3.0;21;45;SUN;6;11;False;False;True;1500;20.97;4.03;0.75;MAY;5;TEV;37;CARGARO-RO;RORO;2051;D2030_215_newpanamax
23.0;225.0;0.0;14.25;1.0;21;11;SUN;6;11;False;False;False;70000;61.75;6.45;0.75;MAY;5;TGRAO;39;PANAMAX;GSA - E;2052;D2030_215_newpanamax
23.0;215.0;0.0;12.75;1.0;3;5;MON;0;12;False;False;False;70000;51.12;2.99;0.75;MAY;5;RUMO - GSA - E;4;PANAMAX;GSA - E;2053;D2030_215_newpanamax
23.0;285.0;10.25;10.25;3.0;2;5;MON;0;12;False;False;False;3000;14.7;1.73;0.75;MAY;5;BTP;13;PANAMAX;CGC;2054;D2030_215_newpanamax
43.0;339.0;14.0;14.0;3.0;0;1;MON;0;12;False;False;False;6000;23.63;3.43;0.75;MAY;5;BTP;13;POST-PANAMAXII;CGC;2055;D2030_215_newpanamax
23.0;195.0;7.25;7.25;3.0;2;3;MON;0;12;False;False;False;1000;13.38;1.92;0.75;MAY;5;DPW - CGC;21;FULLYCELLULAR;CGC;2056;D2030_215_newpanamax
23.0;255.0;9.75;9.75;3.0;3;7;MON;0;12;False;False;False;3000;17.86;3.01;0.75;MAY;5;DPW - CGC;21;PANAMAX;CGC;2057;D2030_215_newpanamax
43.0;339.0;14.0;14.0;3.0;1;2;MON;0;12;False;False;False;6000;27.82;1.39;0.75;MAY;5;DPW - CGC;21;POST-PANAMAXII;CGC;2058;D2030_215_newpanamax
23.0;175.0;8.25;8.25;3.0;2;6;MON;0;12;False;False;True;1500;20.97;1.78;0.75;MAY;5;TEV;37;CARGARO-RO;RORO;2059;D2030_215_newpanamax
23.0;185.0;8.75;8.75;3.0;5;13;MON;0;12;False;False;True;1500;20.97;0.95;0.75;MAY;5;TEV;37;CARGARO-RO;RORO;2060;D2030_215_newpanamax
23.0;225.0;0.0;10.25;1.0;0;1;MON;0;12;False;False;False;70000;61.75;3.28;0.75;MAY;5;TGRAO;39;PANAMAX;GSA - E;2061;D2030_215_newpanamax
23.0;185.0;0.0;8.75;1.0;3;8;MON;0;12;False;False;False;35000;29.94;5.08;0.75;MAY;5;TRANSPETRO;43;MRMEDIUMRANGE;GL;2062;D2030_215_newpanamax
19.0;88.9;6.0;6.0;1.0;23;0;0;0;12;False;False;False;0;19.42;0.17;0.75;0;5;TUP - Saipem;8;HANDYSIZE;CGNC;2063;D2030_215_newpanamax
23.0;225.0;0.0;12.75;1.0;7;13;TUE;1;13;False;False;False;70000;51.12;1.18;0.75;MAY;5;RUMO - GSA - E;4;PANAMAX;GSA - E;2064;D2030_215_newpanamax
23.0;295.0;11.75;11.75;3.0;5;15;TUE;1;13;False;False;False;4000;20.66;3.88;0.75;MAY;5;BTP;13;POST-PANAMAXI;CGC;2065;D2030_215_newpanamax
23.0;145.0;6.75;6.75;3.0;4;8;TUE;1;13;False;False;False;500;12.93;2.06;0.75;MAY;5;DPW - CGC;21;FEEDER/EARLY;CGC;2066;D2030_215_newpanamax
23.0;275.0;9.75;9.75;3.0;4;8;TUE;1;13;False;False;False;3000;17.86;1.54;0.75;MAY;5;DPW - CGC;21;PANAMAX;CGC;2067;D2030_215_newpanamax
23.0;295.0;10.75;10.75;3.0;4;9;TUE;1;13;False;False;False;4000;21.93;2.86;0.75;MAY;5;DPW - CGC;21;POST-PANAMAXI;CGC;2068;D2030_215_newpanamax
23.0;195.0;9.25;9.25;3.0;6;16;TUE;1;13;False;False;False;1000;16.8;2.63;0.75;MAY;5;SANTOSBR;31;FULLYCELLULAR;CGC;2069;D2030_215_newpanamax
23.0;255.0;10.25;10.25;3.0;5;12;TUE;1;13;False;False;False;3000;15.61;1.5;0.75;MAY;5;SANTOSBR;31;PANAMAX;CGC;2070;D2030_215_newpanamax
43.0;339.0;14.0;14.0;3.0;5;16;TUE;1;13;False;False;False;6000;25.92;0.88;0.75;MAY;5;SANTOSBR;31;POST-PANAMAXII;CGC;2071;D2030_215_newpanamax
23.0;195.0;8.75;8.75;3.0;5;16;TUE;1;13;False;False;True;1500;20.97;0.19;0.75;MAY;5;TEV;37;CARGARO-RO;RORO;2072;D2030_215_newpanamax
23.0;225.0;0.0;13.25;1.0;7;15;TUE;1;13;False;False;False;70000;39.92;6.11;0.75;MAY;5;TGG;38;PANAMAX;GSA - E;2073;D2030_215_newpanamax
23.0;185.0;0.0;8.75;1.0;4;10;TUE;1;13;False;False;False;35000;29.94;1.61;0.75;MAY;5;TRANSPETRO;43;MRMEDIUMRANGE;GL;2074;D2030_215_newpanamax
17.0;82.3;4.6;5.4;1.0;8;25;0;1;13;False;False;False;0;31.75;0.17;0.75;0;5;TUP - Saipem;8;HANDYSIZE;CGNC;2075;D2030_215_newpanamax
36.0;225.0;0.0;13.0;1.0;6;16;WED;2;14;False;False;False;55000;99.0;10.28;0.75;MAY;5;ARAUCO;1;NAVIOCARGAGERAL;CGNC;2076;D2030_215_newpanamax
23.0;265.0;10.25;10.25;3.0;6;19;WED;2;14;False;False;False;3000;15.61;1.17;0.75;MAY;5;TECON10;3;PANAMAX;CGC;2077;D2030_215_newpanamax
23.0;225.0;0.0;12.75;1.0;8;15;WED;2;14;False;False;False;70000;51.12;2.61;0.75;MAY;5;ADM;9;PANAMAX;GSA - E;2078;D2030_215_newpanamax
23.0;275.0;11.75;11.75;3.0;5;15;WED;2;14;False;False;False;3000;14.7;3.06;0.75;MAY;5;BTP;13;PANAMAX;CGC;2079;D2030_215_newpanamax
23.0;295.0;11.75;11.75;3.0;5;16;WED;2;14;False;False;False;4000;20.66;2.28;0.75;MAY;5;BTP;13;POST-PANAMAXI;CGC;2080;D2030_215_newpanamax
43.0;339.0;14.0;14.0;3.0;6;20;WED;2;14;False;False;False;6000;23.63;1.32;0.75;MAY;5;BTP;13;POST-PANAMAXII;CGC;2081;D2030_215_newpanamax
23.0;225.0;0.0;13.25;1.0;9;27;WED;2;14;False;False;False;70000;54.03;0.22;0.75;MAY;5;CUTRALE - GSA - E;19;PANAMAX;GSA - E;2082;D2030_215_newpanamax
23.0;185.0;9.75;9.75;3.0;7;19;WED;2;14;False;False;False;1000;13.38;1.4;0.75;MAY;5;DPW - CGC;21;FULLYCELLULAR;CGC;2083;D2030_215_newpanamax
23.0;185.0;9.75;9.75;3.0;7;20;WED;2;14;False;False;False;1000;13.38;1.18;0.75;MAY;5;DPW - CGC;21;FULLYCELLULAR;CGC;2084;D2030_215_newpanamax
23.0;255.0;10.75;10.75;3.0;8;22;WED;2;14;False;False;False;3000;17.86;2.67;0.75;MAY;5;DPW - CGC;21;PANAMAX;CGC;2085;D2030_215_newpanamax
23.0;255.0;10.75;10.75;3.0;9;25;WED;2;14;False;False;False;3000;17.86;1.63;0.75;MAY;5;DPW - CGC;21;PANAMAX;CGC;2086;D2030_215_newpanamax
23.0;325.0;11.25;11.25;3.0;8;22;WED;2;14;False;False;False;4000;21.93;1.82;0.75;MAY;5;DPW - CGC;21;POST-PANAMAXI;CGC;2087;D2030_215_newpanamax
36.0;225.0;0.0;13.0;1.0;8;24;WED;2;14;False;False;False;55000;64.0;0.98;0.75;MAY;5;DPW - CGNC;22;NAVIOCARGAGERAL;CGNC;2088;D2030_215_newpanamax
23.0;185.0;9.75;9.75;3.0;9;25;WED;2;14;False;False;False;1000;16.8;2.11;0.75;MAY;5;SANTOSBR;31;FULLYCELLULAR;CGC;2089;D2030_215_newpanamax
23.0;185.0;9.75;9.75;3.0;11;28;WED;2;14;False;False;False;1000;16.8;2.63;0.75;MAY;5;SANTOSBR;31;FULLYCELLULAR;CGC;2090;D2030_215_newpanamax
23.0;215.0;9.25;9.25;3.0;7;20;WED;2;14;False;False;False;1000;16.8;2.39;0.75;MAY;5;SANTOSBR;31;FULLYCELLULAR;CGC;2091;D2030_215_newpanamax
23.0;255.0;10.75;10.75;3.0;8;23;WED;2;14;False;False;False;3000;15.61;3.45;0.75;MAY;5;SANTOSBR;31;PANAMAX;CGC;2092;D2030_215_newpanamax
23.0;275.0;10.25;10.25;3.0;6;19;WED;2;14;False;False;False;3000;15.61;2.28;0.75;MAY;5;SANTOSBR;31;PANAMAX;CGC;2093;D2030_215_newpanamax
23.0;295.0;12.25;12.25;3.0;9;25;WED;2;14;False;False;False;4000;21.3;1.17;0.75;MAY;5;SANTOSBR;31;POST-PANAMAXI;CGC;2094;D2030_215_newpanamax
23.0;295.0;12.25;12.25;3.0;11;28;WED;2;14;False;False;False;4000;21.3;1.95;0.75;MAY;5;SANTOSBR;31;POST-PANAMAXI;CGC;2095;D2030_215_newpanamax
43.0;339.0;14.0;14.0;3.0;9;24;WED;2;14;False;False;False;6000;25.92;1.7;0.75;MAY;5;SANTOSBR;31;POST-PANAMAXII;CGC;2096;D2030_215_newpanamax
43.0;339.0;14.0;14.0;3.0;10;26;WED;2;14;False;False;False;6000;25.92;2.9;0.75;MAY;5;SANTOSBR;31;POST-PANAMAXII;CGC;2097;D2030_215_newpanamax
23.0;185.0;11.25;0.0;2.0;5;20;WED;2;14;False;False;False;45000;89.37;2.23;0.75;MAY;5;TERMAG;35;HANDYMAX;GSM - I;2098;D2030_215_newpanamax
23.0;195.0;8.75;8.75;3.0;9;28;WED;2;14;False;False;True;1500;20.97;1.42;0.75;MAY;5;TEV;37;CARGARO-RO;RORO;2099;D2030_215_newpanamax
23.0;225.0;0.0;13.25;1.0;7;16;WED;2;14;False;False;False;70000;61.75;1.45;0.75;MAY;5;TGRAO;39;PANAMAX;GSA - E;2100;D2030_215_newpanamax
23.0;225.0;9.75;0.0;2.0;11;23;WED;2;14;False;False;False;60000;81.86;12.6;0.75;MAY;5;ULTRACARGO;45;LR1LONGRANGE1;GL;2101;D2030_215_newpanamax
23.0;175.0;10.25;0.0;2.0;13;33;THU;3;15;False;False;False;35000;57.11;4.65;0.75;MAY;5;STS;2;MRMEDIUMRANGE;GL;2102;D2030_215_newpanamax
23.0;225.0;0.0;13.25;1.0;10;23;THU;3;15;False;False;False;70000;51.12;4.37;0.75;MAY;5;RUMO - GSA - E;4;PANAMAX;GSA - E;2103;D2030_215_newpanamax
23.0;155.0;9.75;0.0;2.0;12;36;THU;3;15;False;False;False;18000;32.32;8.97;0.75;MAY;5;ADONAI;10;GPGENERALPURPOSE;GL;2104;D2030_215_newpanamax
23.0;175.0;9.75;0.0;2.0;10;26;THU;3;15;False;False;False;35000;64.43;0.24;0.75;MAY;5;AGEO_TERMINAIS;11;MRMEDIUMRANGE;GL;2105;D2030_215_newpanamax
23.0;295.0;12.75;12.75;3.0;10;29;THU;3;15;False;False;False;4000;20.66;2.19;0.75;MAY;5;BTP;13;POST-PANAMAXI;CGC;2106;D2030_215_newpanamax
23.0;295.0;12.25;12.25;3.0;8;23;THU;3;15;False;False;False;4000;20.66;1.54;0.75;MAY;5;BTP;13;POST-PANAMAXI;CGC;2107;D2030_215_newpanamax
23.0;165.0;8.25;0.0;2.0;13;33;THU;3;15;False;False;False;18000;12.03;2.35;0.75;MAY;5;DOW;20;GPGENERALPURPOSE;GL;2108;D2030_215_newpanamax
23.0;265.0;11.25;11.25;3.0;12;35;THU;3;15;False;False;False;3000;17.86;2.03;0.75;MAY;5;DPW - CGC;21;PANAMAX;CGC;2109;D2030_215_newpanamax
36.0;225.0;0.0;11.7;1.0;12;34;THU;3;15;False;False;False;55000;50.0;2.45;0.75;MAY;5;SUZANO;25;NAVIOCARGAGERAL;CGNC;2110;D2030_215_newpanamax
23.0;215.0;9.75;9.75;3.0;13;36;THU;3;15;False;False;False;1000;16.8;1.22;0.75;MAY;5;SANTOSBR;31;FULLYCELLULAR;CGC;2111;D2030_215_newpanamax
43.0;339.0;14.0;14.0;3.0;12;32;THU;3;15;False;False;False;6000;25.92;1.62;0.75;MAY;5;SANTOSBR;31;POST-PANAMAXII;CGC;2112;D2030_215_newpanamax
23.0;185.0;9.25;9.25;3.0;10;32;THU;3;15;False;False;True;1500;20.97;0.3;0.75;MAY;5;TEV;37;CARGARO-RO;RORO;2113;D2030_215_newpanamax
23.0;225.0;0.0;13.25;1.0;10;28;THU;3;15;False;False;False;70000;61.75;1.62;0.75;MAY;5;TGRAO;39;PANAMAX;GSA - E;2114;D2030_215_newpanamax
23.0;185.0;0.0;9.75;1.0;14;36;THU;3;15;False;False;False;35000;29.94;3.13;0.75;MAY;5;TRANSPETRO;43;MRMEDIUMRANGE;GL;2115;D2030_215_newpanamax
18.0;85.34;4.5;4.6;1.0;11;10;0;3;15;False;False;False;0;24.67;0.17;0.75;0;5;TUP - Saipem;8;HANDYSIZE;CGNC;2116;D2030_215_newpanamax
23.0;265.0;11.75;11.75;3.0;14;39;FRI;4;16;False;False;False;3000;15.61;2.02;0.75;MAY;5;TECON10;3;PANAMAX;CGC;2117;D2030_215_newpanamax
23.0;225.0;0.0;13.25;1.0;16;38;FRI;4;16;False;False;False;70000;51.12;0.95;0.75;MAY;5;RUMO - GSA - E;4;PANAMAX;GSA - E;2118;D2030_215_newpanamax
23.0;275.0;12.75;12.75;3.0;11;32;FRI;4;16;False;False;False;3000;14.7;5.31;0.75;MAY;5;BTP;13;PANAMAX;CGC;2119;D2030_215_newpanamax
23.0;305.0;12.75;12.75;3.0;11;34;FRI;4;16;False;False;False;4000;20.66;2.27;0.75;MAY;5;BTP;13;POST-PANAMAXI;CGC;2120;D2030_215_newpanamax
43.0;339.0;14.0;14.0;3.0;11;34;FRI;4;16;False;False;False;6000;23.63;2.67;0.75;MAY;5;BTP;13;POST-PANAMAXII;CGC;2121;D2030_215_newpanamax
23.0;265.0;11.75;11.75;3.0;16;44;FRI;4;16;False;False;False;3000;17.86;1.53;0.75;MAY;5;DPW - CGC;21;PANAMAX;CGC;2122;D2030_215_newpanamax
36.0;225.0;0.0;11.7;1.0;19;47;FRI;4;16;False;False;False;55000;50.0;5.67;0.75;MAY;5;SUZANO;25;NAVIOCARGAGERAL;CGNC;2123;D2030_215_newpanamax
23.0;185.0;10.25;10.25;3.0;14;38;FRI;4;16;False;False;False;1000;16.8;3.12;0.75;MAY;5;SANTOSBR;31;FULLYCELLULAR;CGC;2124;D2030_215_newpanamax
23.0;195.0;10.25;10.25;3.0;15;40;FRI;4;16;False;False;False;1000;16.8;2.82;0.75;MAY;5;SANTOSBR;31;FULLYCELLULAR;CGC;2125;D2030_215_newpanamax
23.0;265.0;11.75;11.75;3.0;15;40;FRI;4;16;False;False;False;3000;15.61;2.82;0.75;MAY;5;SANTOSBR;31;PANAMAX;CGC;2126;D2030_215_newpanamax
23.0;295.0;13.25;13.25;3.0;17;46;FRI;4;16;False;False;False;4000;21.3;2.16;0.75;MAY;5;SANTOSBR;31;POST-PANAMAXI;CGC;2127;D2030_215_newpanamax
23.0;185.0;10.25;0.0;2.0;12;35;FRI;4;16;False;False;False;35000;59.07;15.7;0.75;MAY;5;STOLTHAVEN;32;MRMEDIUMRANGE;GL;2128;D2030_215_newpanamax
23.0;195.0;9.25;9.25;3.0;13;39;FRI;4;16;False;False;True;1500;20.97;4.55;0.75;MAY;5;TEV;37;CARGARO-RO;RORO;2129;D2030_215_newpanamax
23.0;225.0;0.0;13.25;1.0;12;35;FRI;4;16;False;False;False;70000;39.92;3.92;0.75;MAY;5;TGG;38;PANAMAX;GSA - E;2130;D2030_215_newpanamax
23.0;225.0;14.25;0.0;2.0;17;52;SAT;5;17;False;False;False;70000;111.09;6.6;0.75;MAY;5;RUMO - GSM - I;5;PANAMAX;GSM - I;2131;D2030_215_newpanamax
23.0;155.0;9.75;0.0;2.0;16;47;SAT;5;17;False;False;False;18000;45.88;0.45;0.75;MAY;5;AGEO_TERMINAIS;11;GPGENERALPURPOSE;GL;2132;D2030_215_newpanamax
23.0;185.0;10.75;0.0;2.0;16;47;SAT;5;17;False;False;False;35000;64.43;1.25;0.75;MAY;5;AGEO_TERMINAIS;11;MRMEDIUMRANGE;GL;2133;D2030_215_newpanamax
23.0;215.0;9.75;9.75;3.0;15;43;SAT;5;17;False;False;False;1000;13.85;1.52;0.75;MAY;5;BTP;13;FULLYCELLULAR;CGC;2134;D2030_215_newpanamax
23.0;245.0;13.75;13.75;3.0;16;45;SAT;5;17;False;False;False;3000;14.7;2.26;0.75;MAY;5;BTP;13;PANAMAX;CGC;2135;D2030_215_newpanamax
43.0;339.0;14.0;14.0;3.0;16;45;SAT;5;17;False;False;False;6000;23.63;2.06;0.75;MAY;5;BTP;13;POST-PANAMAXII;CGC;2136;D2030_215_newpanamax
23.0;215.0;10.75;10.75;3.0;17;48;SAT;5;17;False;False;False;1000;13.38;2.47;0.75;MAY;5;DPW - CGC;21;FULLYCELLULAR;CGC;2137;D2030_215_newpanamax
23.0;215.0;10.75;10.75;3.0;17;48;SAT;5;17;False;False;False;1000;13.38;1.47;0.75;MAY;5;DPW - CGC;21;FULLYCELLULAR;CGC;2138;D2030_215_newpanamax
36.0;225.0;0.0;13.0;1.0;18;51;SAT;5;17;False;False;False;55000;64.0;0.88;0.75;MAY;5;DPW - CGNC;22;NAVIOCARGAGERAL;CGNC;2139;D2030_215_newpanamax
23.0;265.0;12.25;12.25;3.0;17;47;SAT;5;17;False;False;False;3000;15.61;2.43;0.75;MAY;5;SANTOSBR;31;PANAMAX;CGC;2140;D2030_215_newpanamax
23.0;195.0;9.25;9.25;3.0;18;53;SAT;5;17;False;False;True;1500;20.97;0.85;0.75;MAY;5;TEV;37;CARGARO-RO;RORO;2141;D2030_215_newpanamax
23.0;225.0;0.0;13.75;1.0;18;52;SAT;5;17;False;False;False;70000;61.75;1.84;0.75;MAY;5;TGRAO;39;PANAMAX;GSA - E;2142;D2030_215_newpanamax
23.0;225.0;0.0;13.75;1.0;22;58;SUN;6;18;False;False;False;70000;51.12;3.35;0.75;MAY;5;ADM;9;PANAMAX;GSA - E;2143;D2030_215_newpanamax
23.0;165.0;10.25;0.0;2.0;22;59;SUN;6;18;False;False;False;18000;45.88;0.36;0.75;MAY;5;AGEO_TERMINAIS;11;GPGENERALPURPOSE;GL;2144;D2030_215_newpanamax
23.0;135.0;7.75;7.75;3.0;22;59;SUN;6;18;False;False;False;500;20.71;1.96;0.75;MAY;5;BTP;13;FEEDER/EARLY;CGC;2145;D2030_215_newpanamax
23.0;275.0;14.25;14.25;3.0;22;59;SUN;6;18;False;False;False;3000;14.7;0.92;0.75;MAY;5;BTP;13;PANAMAX;CGC;2146;D2030_215_newpanamax
23.0;185.0;11.75;11.75;3.0;21;57;SUN;6;18;False;False;False;1000;13.38;3.53;0.75;MAY;5;DPW - CGC;21;FULLYCELLULAR;CGC;2147;D2030_215_newpanamax
23.0;205.0;11.75;11.75;3.0;23;59;SUN;6;18;False;False;False;1000;13.38;1.22;0.75;MAY;5;DPW - CGC;21;FULLYCELLULAR;CGC;2148;D2030_215_newpanamax
23.0;275.0;14.25;14.25;3.0;23;50;SUN;6;18;False;False;False;3000;17.86;1.36;0.75;MAY;5;DPW - CGC;21;PANAMAX;CGC;2149;D2030_215_newpanamax
23.0;275.0;13.25;13.25;3.0;22;59;SUN;6;18;False;False;False;3000;17.86;0.78;0.75;MAY;5;DPW - CGC;21;PANAMAX;CGC;2150;D2030_215_newpanamax
23.0;295.0;14.25;14.25;3.0;22;58;SUN;6;18;False;False;False;4000;21.93;1.54;0.75;MAY;5;DPW - CGC;21;POST-PANAMAXI;CGC;2151;D2030_215_newpanamax
36.0;225.0;0.0;13.0;1.0;21;57;SUN;6;18;False;False;False;55000;64.0;0.78;0.75;MAY;5;DPW - CGNC;22;NAVIOCARGAGERAL;CGNC;2152;D2030_215_newpanamax
23.0;215.0;0.0;11.25;1.0;16;59;SUN;6;18;False;False;False;35000;137.91;0.09;0.75;MAY;5;NST - GL;30;MRMEDIUMRANGE;GL;2153;D2030_215_newpanamax
23.0;265.0;13.75;13.75;3.0;23;19;SUN;6;18;False;False;False;3000;15.61;2.27;0.75;MAY;5;SANTOSBR;31;PANAMAX;CGC;2154;D2030_215_newpanamax
23.0;195.0;9.75;9.75;3.0;20;57;SUN;6;18;False;False;True;1500;20.97;1.11;0.75;MAY;5;TEV;37;CARGARO-RO;RORO;2155;D2030_215_newpanamax
23.0;165.0;10.75;0.0;2.0;21;42;SUN;6;18;False;False;False;18000;42.57;5.58;0.75;MAY;5;ULTRACARGO;45;GPGENERALPURPOSE;GL;2156;D2030_215_newpanamax
23.0;185.0;12.25;0.0;2.0;21;42;SUN;6;18;False;False;False;35000;57.11;7.36;0.75;MAY;5;ULTRACARGO;45;MRMEDIUMRANGE;GL;2157;D2030_215_newpanamax
17.0;82.3;4.5;4.5;1.0;8;0;0;6;18;False;False;False;0;2.33;0.08;0.75;0;5;TUP - Saipem;8;HANDYSIZE;CGNC;2158;D2030_215_newpanamax
23.0;225.0;0.0;12.25;1.0;0;2;MON;0;19;False;False;False;70000;51.12;2.32;0.75;MAY;5;ADM;9;PANAMAX;GSA - E;2159;D2030_215_newpanamax
23.0;295.0;9.75;9.75;3.0;0;1;MON;0;19;False;False;False;4000;20.66;4.4;0.75;MAY;5;BTP;13;POST-PANAMAXI;CGC;2160;D2030_215_newpanamax
23.0;225.0;0.0;8.75;1.0;1;2;MON;0;19;False;False;False;70000;54.03;1.42;0.75;MAY;5;CUTRALE - GSA - E;19;PANAMAX;GSA - E;2161;D2030_215_newpanamax
23.0;255.0;9.25;9.25;3.0;1;2;MON;0;19;False;False;False;3000;17.86;1.31;0.75;MAY;5;DPW - CGC;21;PANAMAX;CGC;2162;D2030_215_newpanamax
23.0;245.0;9.75;9.75;3.0;2;4;MON;0;19;False;False;False;3000;17.86;1.66;0.75;MAY;5;DPW - CGC;21;PANAMAX;CGC;2163;D2030_215_newpanamax
43.0;339.0;14.0;14.0;3.0;3;7;MON;0;19;False;False;False;6000;27.82;3.15;0.75;MAY;5;DPW - CGC;21;POST-PANAMAXII;CGC;2164;D2030_215_newpanamax
23.0;175.0;0.0;9.25;1.0;7;31;MON;0;19;False;False;False;35000;137.91;0.07;0.75;MAY;5;NST - GL;30;MRMEDIUMRANGE;GL;2165;D2030_215_newpanamax
23.0;225.0;0.0;12.25;1.0;0;2;MON;0;19;False;False;False;70000;39.92;3.44;0.75;MAY;5;TGG;38;PANAMAX;GSA - E;2166;D2030_215_newpanamax
23.0;225.0;0.0;8.25;1.0;0;0;MON;0;19;False;False;False;70000;61.75;4.84;0.75;MAY;5;TGRAO;39;PANAMAX;GSA - E;2167;D2030_215_newpanamax
23.0;185.0;0.0;8.25;1.0;0;3;MON;0;19;False;False;False;35000;29.94;1.95;0.75;MAY;5;TRANSPETRO;43;MRMEDIUMRANGE;GL;2168;D2030_215_newpanamax
23.0;215.0;8.75;8.75;3.0;5;15;TUE;1;20;False;False;False;1000;13.85;0.95;0.75;MAY;5;BTP;13;FULLYCELLULAR;CGC;2169;D2030_215_newpanamax
23.0;295.0;11.75;11.75;3.0;4;13;TUE;1;20;False;False;False;4000;20.66;2.67;0.75;MAY;5;BTP;13;POST-PANAMAXI;CGC;2170;D2030_215_newpanamax
23.0;185.0;8.75;8.75;3.0;4;9;TUE;1;20;False;False;False;1000;13.38;2.04;0.75;MAY;5;DPW - CGC;21;FULLYCELLULAR;CGC;2171;D2030_215_newpanamax
23.0;275.0;10.25;10.25;3.0;6;15;TUE;1;20;False;False;False;3000;17.86;1.13;0.75;MAY;5;DPW - CGC;21;PANAMAX;CGC;2172;D2030_215_newpanamax
36.0;225.0;0.0;13.0;1.0;4;9;TUE;1;20;False;False;False;55000;64.0;1.64;0.75;MAY;5;DPW - CGNC;22;NAVIOCARGAGERAL;CGNC;2173;D2030_215_newpanamax
23.0;185.0;9.25;9.25;3.0;5;16;TUE;1;20;False;False;False;1000;16.8;1.85;0.75;MAY;5;SANTOSBR;31;FULLYCELLULAR;CGC;2174;D2030_215_newpanamax
23.0;255.0;10.25;10.25;3.0;6;16;TUE;1;20;False;False;False;3000;15.61;2.08;0.75;MAY;5;SANTOSBR;31;PANAMAX;CGC;2175;D2030_215_newpanamax
23.0;295.0;11.75;11.75;3.0;6;16;TUE;1;20;False;False;False;4000;21.3;2.32;0.75;MAY;5;SANTOSBR;31;POST-PANAMAXI;CGC;2176;D2030_215_newpanamax
23.0;195.0;8.75;8.75;3.0;6;19;TUE;1;20;False;False;True;1500;20.97;3.49;0.75;MAY;5;TEV;37;CARGARO-RO;RORO;2177;D2030_215_newpanamax
23.0;195.0;8.25;0.0;2.0;2;7;TUE;1;20;False;False;False;45000;85.0;3.94;0.75;MAY;5;TIPLAM - GSM - I;42;HANDYMAX;GSM - I;2178;D2030_215_newpanamax
23.0;185.0;0.0;8.75;1.0;8;16;TUE;1;20;False;False;False;35000;29.94;1.92;0.75;MAY;5;TRANSPETRO;43;MRMEDIUMRANGE;GL;2179;D2030_215_newpanamax
23.0;175.0;0.0;7.75;1.0;4;16;TUE;1;20;False;False;False;35000;90.66;0.45;0.75;MAY;5;USIMINAS;46;HANDYSIZE;CGNC;2180;D2030_215_newpanamax
18.0;85.34;4.7;4.8;1.0;8;20;0;1;20;False;False;False;0;35.75;0.17;0.75;0;5;TUP - Saipem;8;HANDYSIZE;CGNC;2181;D2030_215_newpanamax
36.0;225.0;0.0;13.0;1.0;9;23;WED;2;21;False;False;False;55000;99.0;1.78;0.75;MAY;5;ARAUCO;1;NAVIOCARGAGERAL;CGNC;2182;D2030_215_newpanamax
23.0;225.0;0.0;13.25;1.0;8;17;WED;2;21;False;False;False;70000;51.12;2.28;0.75;MAY;5;ADM;9;PANAMAX;GSA - E;2183;D2030_215_newpanamax
23.0;255.0;0.0;12.25;1.0;8;17;WED;2;21;False;False;False;85000;111.5;3.36;0.75;MAY;5;ADM;9;POST-PANAMAX;GSA - E;2184;D2030_215_newpanamax
23.0;215.0;8.75;8.75;3.0;6;20;WED;2;21;False;False;False;1000;13.85;10.43;0.75;MAY;5;BTP;13;FULLYCELLULAR;CGC;2185;D2030_215_newpanamax
23.0;295.0;12.25;12.25;3.0;6;20;WED;2;21;False;False;False;4000;20.66;1.31;0.75;MAY;5;BTP;13;POST-PANAMAXI;CGC;2186;D2030_215_newpanamax
23.0;295.0;12.25;12.25;3.0;7;21;WED;2;21;False;False;False;4000;20.66;4.1;0.75;MAY;5;BTP;13;POST-PANAMAXI;CGC;2187;D2030_215_newpanamax
23.0;175.0;0.0;9.75;1.0;8;21;WED;2;21;False;False;False;35000;57.8;21.59;0.75;MAY;5;CUTRALE - GL;18;MRMEDIUMRANGE;GL;2188;D2030_215_newpanamax
23.0;145.0;6.75;6.75;3.0;7;19;WED;2;21;False;False;False;500;12.93;1.92;0.75;MAY;5;DPW - CGC;21;FEEDER/EARLY;CGC;2189;D2030_215_newpanamax
23.0;215.0;9.75;9.75;3.0;8;22;WED;2;21;False;False;False;1000;13.38;2.57;0.75;MAY;5;DPW - CGC;21;FULLYCELLULAR;CGC;2190;D2030_215_newpanamax
23.0;255.0;10.75;10.75;3.0;7;20;WED;2;21;False;False;False;3000;17.86;3.66;0.75;MAY;5;DPW - CGC;21;PANAMAX;CGC;2191;D2030_215_newpanamax
23.0;275.0;10.25;10.25;3.0;7;18;WED;2;21;False;False;False;3000;17.86;1.01;0.75;MAY;5;DPW - CGC;21;PANAMAX;CGC;2192;D2030_215_newpanamax
23.0;295.0;11.25;11.25;3.0;7;20;WED;2;21;False;False;False;4000;21.93;1.3;0.75;MAY;5;DPW - CGC;21;POST-PANAMAXI;CGC;2193;D2030_215_newpanamax
43.0;339.0;14.0;14.0;3.0;8;20;WED;2;21;False;False;False;6000;27.82;1.08;0.75;MAY;5;DPW - CGC;21;POST-PANAMAXII;CGC;2194;D2030_215_newpanamax
23.0;185.0;9.75;9.75;3.0;9;24;WED;2;21;False;False;False;1000;16.8;2.17;0.75;MAY;5;SANTOSBR;31;FULLYCELLULAR;CGC;2195;D2030_215_newpanamax
23.0;185.0;9.75;9.75;3.0;8;23;WED;2;21;False;False;False;1000;16.8;1.98;0.75;MAY;5;SANTOSBR;31;FULLYCELLULAR;CGC;2196;D2030_215_newpanamax
23.0;205.0;9.25;9.25;3.0;6;19;WED;2;21;False;False;False;1000;16.8;2.39;0.75;MAY;5;SANTOSBR;31;FULLYCELLULAR;CGC;2197;D2030_215_newpanamax
23.0;255.0;10.75;10.75;3.0;8;23;WED;2;21;False;False;False;3000;15.61;1.45;0.75;MAY;5;SANTOSBR;31;PANAMAX;CGC;2198;D2030_215_newpanamax
23.0;275.0;10.25;10.25;3.0;6;19;WED;2;21;False;False;False;3000;15.61;2.16;0.75;MAY;5;SANTOSBR;31;PANAMAX;CGC;2199;D2030_215_newpanamax
23.0;295.0;12.25;12.25;3.0;9;24;WED;2;21;False;False;False;4000;21.3;2.51;0.75;MAY;5;SANTOSBR;31;POST-PANAMAXI;CGC;2200;D2030_215_newpanamax
23.0;295.0;12.25;12.25;3.0;8;23;WED;2;21;False;False;False;4000;21.3;2.57;0.75;MAY;5;SANTOSBR;31;POST-PANAMAXI;CGC;2201;D2030_215_newpanamax
43.0;339.0;14.0;14.0;3.0;8;23;WED;2;21;False;False;False;6000;25.92;1.96;0.75;MAY;5;SANTOSBR;31;POST-PANAMAXII;CGC;2202;D2030_215_newpanamax
23.0;225.0;0.0;13.25;1.0;7;16;WED;2;21;False;False;False;70000;78.07;0.69;0.75;MAY;5;TEG;34;PANAMAX;GSA - E;2203;D2030_215_newpanamax
23.0;225.0;0.0;13.25;1.0;7;18;WED;2;21;False;False;False;70000;78.07;0.22;0.75;MAY;5;TEG;34;PANAMAX;GSA - E;2204;D2030_215_newpanamax
23.0;195.0;8.75;8.75;3.0;6;19;WED;2;21;False;False;True;1500;20.97;0.64;0.75;MAY;5;TEV;37;CARGARO-RO;RORO;2205;D2030_215_newpanamax
23.0;225.0;0.0;13.25;1.0;7;18;WED;2;21;False;False;False;70000;61.75;2.87;0.75;MAY;5;TGRAO;39;PANAMAX;GSA - E;2206;D2030_215_newpanamax
23.0;155.0;8.25;0.0;2.0;11;23;WED;2;21;False;False;False;18000;42.57;8.96;0.75;MAY;5;ULTRACARGO;45;GPGENERALPURPOSE;GL;2207;D2030_215_newpanamax
23.0;225.0;10.25;0.0;2.0;13;33;THU;3;22;False;False;False;60000;81.86;6.91;0.75;MAY;5;STS;2;LR1LONGRANGE1;GL;2208;D2030_215_newpanamax
23.0;225.0;0.0;13.25;1.0;13;30;THU;3;22;False;False;False;70000;51.12;1.67;0.75;MAY;5;RUMO - GSA - E;4;PANAMAX;GSA - E;2209;D2030_215_newpanamax
23.0;255.0;0.0;12.75;1.0;13;30;THU;3;22;False;False;False;85000;111.5;1.94;0.75;MAY;5;RUMO - GSA - E;4;POST-PANAMAX;GSA - E;2210;D2030_215_newpanamax
23.0;165.0;8.25;0.0;2.0;10;26;THU;3;22;False;False;False;18000;45.88;0.32;0.75;MAY;5;AGEO_TERMINAIS;11;GPGENERALPURPOSE;GL;2211;D2030_215_newpanamax
23.0;295.0;12.75;12.75;3.0;10;30;THU;3;22;False;False;False;4000;20.66;1.58;0.75;MAY;5;BTP;13;POST-PANAMAXI;CGC;2212;D2030_215_newpanamax
23.0;305.0;12.25;12.25;3.0;8;24;THU;3;22;False;False;False;4000;20.66;1.03;0.75;MAY;5;BTP;13;POST-PANAMAXI;CGC;2213;D2030_215_newpanamax
43.0;339.0;14.0;14.0;3.0;8;24;THU;3;22;False;False;False;6000;23.63;1.75;0.75;MAY;5;BTP;13;POST-PANAMAXII;CGC;2214;D2030_215_newpanamax
23.0;185.0;10.25;10.25;3.0;11;29;THU;3;22;False;False;False;1000;13.38;1.34;0.75;MAY;5;DPW - CGC;21;FULLYCELLULAR;CGC;2215;D2030_215_newpanamax
43.0;339.0;14.0;14.0;3.0;11;29;THU;3;22;False;False;False;6000;27.82;1.43;0.75;MAY;5;DPW - CGC;21;POST-PANAMAXII;CGC;2216;D2030_215_newpanamax
23.0;275.0;11.25;11.25;3.0;13;36;THU;3;22;False;False;False;3000;15.61;4.28;0.75;MAY;5;SANTOSBR;31;PANAMAX;CGC;2217;D2030_215_newpanamax
23.0;295.0;12.75;12.75;3.0;13;36;THU;3;22;False;False;False;4000;21.3;3.26;0.75;MAY;5;SANTOSBR;31;POST-PANAMAXI;CGC;2218;D2030_215_newpanamax
23.0;225.0;0.0;13.25;1.0;8;26;THU;3;22;False;False;False;70000;88.35;1.48;0.75;MAY;5;TEAG;33;PANAMAX;GSA - E;2219;D2030_215_newpanamax
23.0;225.0;0.0;13.25;1.0;11;27;THU;3;22;False;False;False;70000;39.92;3.25;0.75;MAY;5;TGG;38;PANAMAX;GSA - E;2220;D2030_215_newpanamax
23.0;225.0;0.0;11.25;1.0;13;31;THU;3;22;False;False;False;60000;48.22;1.0;0.75;MAY;5;TRANSPETRO;43;LR1LONGRANGE1;GL;2221;D2030_215_newpanamax
23.0;155.0;8.75;0.0;2.0;13;30;THU;3;22;False;False;False;18000;42.57;3.06;0.75;MAY;5;ULTRACARGO;45;GPGENERALPURPOSE;GL;2222;D2030_215_newpanamax
23.0;265.0;11.75;11.75;3.0;15;41;FRI;4;23;False;False;False;3000;15.61;3.29;0.75;MAY;5;TECON10;3;PANAMAX;CGC;2223;D2030_215_newpanamax
23.0;225.0;0.0;13.25;1.0;15;37;FRI;4;23;False;False;False;70000;51.12;4.01;0.75;MAY;5;RUMO - GSA - E;4;PANAMAX;GSA - E;2224;D2030_215_newpanamax
23.0;185.0;10.25;0.0;2.0;14;38;FRI;4;23;False;False;False;35000;64.43;1.04;0.75;MAY;5;AGEO_TERMINAIS;11;MRMEDIUMRANGE;GL;2225;D2030_215_newpanamax
23.0;295.0;12.75;12.75;3.0;11;32;FRI;4;23;False;False;False;4000;20.66;3.06;0.75;MAY;5;BTP;13;POST-PANAMAXI;CGC;2226;D2030_215_newpanamax
43.0;339.0;14.0;14.0;3.0;11;32;FRI;4;23;False;False;False;6000;23.63;1.45;0.75;MAY;5;BTP;13;POST-PANAMAXII;CGC;2227;D2030_215_newpanamax
23.0;275.0;11.25;11.25;3.0;14;38;FRI;4;23;False;False;False;3000;17.86;2.08;0.75;MAY;5;DPW - CGC;21;PANAMAX;CGC;2228;D2030_215_newpanamax
23.0;295.0;12.75;12.75;3.0;14;38;FRI;4;23;False;False;False;4000;21.93;2.04;0.75;MAY;5;DPW - CGC;21;POST-PANAMAXI;CGC;2229;D2030_215_newpanamax
23.0;135.0;7.25;7.25;3.0;14;38;FRI;4;23;False;False;False;500;7.08;1.82;0.75;MAY;5;SANTOSBR;31;FEEDER/EARLY;CGC;2230;D2030_215_newpanamax
23.0;255.0;11.75;11.75;3.0;14;38;FRI;4;23;False;False;False;3000;15.61;2.21;0.75;MAY;5;SANTOSBR;31;PANAMAX;CGC;2231;D2030_215_newpanamax
23.0;265.0;11.75;11.75;3.0;15;41;FRI;4;23;False;False;False;3000;15.61;2.12;0.75;MAY;5;SANTOSBR;31;PANAMAX;CGC;2232;D2030_215_newpanamax
43.0;339.0;14.0;14.0;3.0;17;46;FRI;4;23;False;False;False;6000;25.92;2.7;0.75;MAY;5;SANTOSBR;31;POST-PANAMAXII;CGC;2233;D2030_215_newpanamax
23.0;225.0;0.0;13.25;1.0;13;34;FRI;4;23;False;False;False;70000;88.35;0.23;0.75;MAY;5;TEAG;33;PANAMAX;GSA - E;2234;D2030_215_newpanamax
23.0;195.0;9.25;9.25;3.0;14;42;FRI;4;23;False;False;True;1500;20.97;2.73;0.75;MAY;5;TEV;37;CARGARO-RO;RORO;2235;D2030_215_newpanamax
23.0;225.0;0.0;13.75;1.0;14;42;FRI;4;23;False;False;False;70000;39.92;2.67;0.75;MAY;5;TGG;38;PANAMAX;GSA - E;2236;D2030_215_newpanamax
23.0;185.0;0.0;9.75;1.0;16;44;FRI;4;23;False;False;False;35000;29.94;2.57;0.75;MAY;5;TRANSPETRO;43;MRMEDIUMRANGE;GL;2237;D2030_215_newpanamax
23.0;225.0;0.0;13.25;1.0;19;49;SAT;5;24;False;False;False;70000;51.12;5.67;0.75;MAY;5;RUMO - GSA - E;4;PANAMAX;GSA - E;2238;D2030_215_newpanamax
23.0;225.0;0.0;13.25;1.0;18;46;SAT;5;24;False;False;False;70000;51.12;3.11;0.75;MAY;5;ADM;9;PANAMAX;GSA - E;2239;D2030_215_newpanamax
23.0;185.0;11.25;0.0;2.0;20;55;SAT;5;24;False;False;False;35000;64.43;0.42;0.75;MAY;5;AGEO_TERMINAIS;11;MRMEDIUMRANGE;GL;2240;D2030_215_newpanamax
23.0;135.0;7.75;7.75;3.0;16;45;SAT;5;24;False;False;False;500;20.71;3.66;0.75;MAY;5;BTP;13;FEEDER/EARLY;CGC;2241;D2030_215_newpanamax
23.0;295.0;13.75;13.75;3.0;16;45;SAT;5;24;False;False;False;4000;20.66;3.38;0.75;MAY;5;BTP;13;POST-PANAMAXI;CGC;2242;D2030_215_newpanamax
23.0;295.0;13.75;13.75;3.0;15;43;SAT;5;24;False;False;False;4000;20.66;2.75;0.75;MAY;5;BTP;13;POST-PANAMAXI;CGC;2243;D2030_215_newpanamax
43.0;339.0;14.0;14.0;3.0;15;43;SAT;5;24;False;False;False;6000;23.63;2.09;0.75;MAY;5;BTP;13;POST-PANAMAXII;CGC;2244;D2030_215_newpanamax
23.0;265.0;12.25;12.25;3.0;17;48;SAT;5;24;False;False;False;3000;17.86;1.43;0.75;MAY;5;DPW - CGC;21;PANAMAX;CGC;2245;D2030_215_newpanamax
36.0;225.0;0.0;11.7;1.0;20;54;SAT;5;24;False;False;False;55000;50.0;1.7;0.75;MAY;5;SUZANO;25;NAVIOCARGAGERAL;CGNC;2246;D2030_215_newpanamax
43.0;339.0;14.0;14.0;3.0;17;47;SAT;5;24;False;False;False;6000;25.92;1.18;0.75;MAY;5;SANTOSBR;31;POST-PANAMAXII;CGC;2247;D2030_215_newpanamax
23.0;235.0;9.25;9.25;3.0;18;53;SAT;5;24;False;False;True;5000;19.52;1.42;0.75;MAY;5;TEV;37;LARGEPCTC;RORO;2248;D2030_215_newpanamax
23.0;225.0;0.0;13.75;1.0;18;54;SAT;5;24;False;False;False;70000;39.92;3.6;0.75;MAY;5;TGG;38;PANAMAX;GSA - E;2249;D2030_215_newpanamax
23.0;225.0;0.0;13.75;1.0;22;59;SUN;6;25;False;False;False;70000;51.12;4.16;0.75;MAY;5;ADM;9;PANAMAX;GSA - E;2250;D2030_215_newpanamax
23.0;225.0;0.0;13.75;1.0;21;55;SUN;6;25;False;False;False;70000;51.12;3.84;0.75;MAY;5;ADM;9;PANAMAX;GSA - E;2251;D2030_215_newpanamax
23.0;185.0;11.75;0.0;2.0;22;59;SUN;6;25;False;False;False;35000;64.43;0.4;0.75;MAY;5;AGEO_TERMINAIS;11;MRMEDIUMRANGE;GL;2252;D2030_215_newpanamax
23.0;295.0;14.25;14.25;3.0;22;59;SUN;6;25;False;False;False;4000;20.66;2.41;0.75;MAY;5;BTP;13;POST-PANAMAXI;CGC;2253;D2030_215_newpanamax
43.0;339.0;14.0;14.0;3.0;22;59;SUN;6;25;False;False;False;6000;23.63;2.91;0.75;MAY;5;BTP;13;POST-PANAMAXII;CGC;2254;D2030_215_newpanamax
23.0;255.0;13.25;13.25;3.0;22;58;SUN;6;25;False;False;False;3000;17.86;1.92;0.75;MAY;5;DPW - CGC;21;PANAMAX;CGC;2255;D2030_215_newpanamax
23.0;255.0;13.75;13.75;3.0;23;59;SUN;6;25;False;False;False;3000;17.86;1.5;0.75;MAY;5;DPW - CGC;21;PANAMAX;CGC;2256;D2030_215_newpanamax
23.0;275.0;13.25;13.25;3.0;22;59;SUN;6;25;False;False;False;3000;17.86;2.21;0.75;MAY;5;DPW - CGC;21;PANAMAX;CGC;2257;D2030_215_newpanamax
23.0;265.0;12.75;12.75;3.0;19;54;SUN;6;25;False;False;False;3000;17.86;2.15;0.75;MAY;5;DPW - CGC;21;PANAMAX;CGC;2258;D2030_215_newpanamax
36.0;225.0;0.0;13.0;1.0;21;57;SUN;6;25;False;False;False;55000;64.0;3.91;0.75;MAY;5;DPW - CGNC;22;NAVIOCARGAGERAL;CGNC;2259;D2030_215_newpanamax
23.0;205.0;11.75;11.75;3.0;22;59;SUN;6;25;False;False;False;1000;16.8;3.26;0.75;MAY;5;SANTOSBR;31;FULLYCELLULAR;CGC;2260;D2030_215_newpanamax
23.0;155.0;9.25;0.0;2.0;20;57;SUN;6;25;False;False;False;18000;29.82;6.37;0.75;MAY;5;STOLTHAVEN;32;GPGENERALPURPOSE;GL;2261;D2030_215_newpanamax
23.0;225.0;0.0;13.25;1.0;21;58;SUN;6;25;False;False;False;70000;78.07;2.22;0.75;MAY;5;TEG;34;PANAMAX;GSA - E;2262;D2030_215_newpanamax
23.0;225.0;0.0;13.75;1.0;19;55;SUN;6;25;False;False;False;70000;61.75;0.84;0.75;MAY;5;TGRAO;39;PANAMAX;GSA - E;2263;D2030_215_newpanamax
23.0;185.0;0.0;8.25;1.0;2;4;MON;0;26;False;False;False;35000;64.43;0.31;0.75;MAY;5;AGEO_TERMINAIS;11;MRMEDIUMRANGE;GL;2264;D2030_215_newpanamax
23.0;315.0;10.25;10.25;3.0;2;5;MON;0;26;False;False;False;4000;20.66;1.88;0.75;MAY;5;BTP;13;POST-PANAMAXI;CGC;2265;D2030_215_newpanamax
23.0;195.0;7.25;7.25;3.0;1;2;MON;0;26;False;False;False;1000;13.38;1.87;0.75;MAY;5;DPW - CGC;21;FULLYCELLULAR;CGC;2266;D2030_215_newpanamax
23.0;255.0;9.75;9.75;3.0;3;7;MON;0;26;False;False;False;3000;17.86;0.99;0.75;MAY;5;DPW - CGC;21;PANAMAX;CGC;2267;D2030_215_newpanamax
23.0;295.0;9.75;9.75;3.0;1;2;MON;0;26;False;False;False;4000;21.93;1.49;0.75;MAY;5;DPW - CGC;21;POST-PANAMAXI;CGC;2268;D2030_215_newpanamax
36.0;225.0;0.0;11.7;1.0;4;10;MON;0;26;False;False;False;55000;36.9;5.98;0.75;MAY;5;ELDORADO;23;NAVIOCARGAGERAL;CGNC;2269;D2030_215_newpanamax
23.0;175.0;0.0;9.25;1.0;7;29;MON;0;26;False;False;False;35000;137.91;0.05;0.75;MAY;5;NST - GL;30;MRMEDIUMRANGE;GL;2270;D2030_215_newpanamax
23.0;225.0;0.0;13.25;1.0;3;6;MON;0;26;False;False;False;70000;39.92;2.59;0.75;MAY;5;TGG;38;PANAMAX;GSA - E;2271;D2030_215_newpanamax
23.0;225.0;0.0;12.75;1.0;0;4;MON;0;26;False;False;False;70000;61.75;2.3;0.75;MAY;5;TGRAO;39;PANAMAX;GSA - E;2272;D2030_215_newpanamax
23.0;285.0;0.0;10.25;1.0;8;6;MON;0;26;True;False;False;76500;53.08;0.0;0.75;MAY;5;TRSP;44;LNGCARRIER;GL;2273;D2030_215_newpanamax
23.0;265.0;11.75;11.75;3.0;5;15;TUE;1;27;False;False;False;3000;14.7;6.06;0.75;MAY;5;BTP;13;PANAMAX;CGC;2274;D2030_215_newpanamax
43.0;339.0;14.0;14.0;3.0;5;15;TUE;1;27;False;False;False;6000;23.63;2.77;0.75;MAY;5;BTP;13;POST-PANAMAXII;CGC;2275;D2030_215_newpanamax
23.0;195.0;9.25;9.25;3.0;6;15;TUE;1;27;False;False;False;1000;13.38;2.3;0.75;MAY;5;DPW - CGC;21;FULLYCELLULAR;CGC;2276;D2030_215_newpanamax
23.0;295.0;10.75;10.75;3.0;4;8;TUE;1;27;False;False;False;4000;21.93;2.32;0.75;MAY;5;DPW - CGC;21;POST-PANAMAXI;CGC;2277;D2030_215_newpanamax
36.0;225.0;0.0;11.7;1.0;6;13;TUE;1;27;False;False;False;55000;36.9;8.2;0.75;MAY;5;ELDORADO;23;NAVIOCARGAGERAL;CGNC;2278;D2030_215_newpanamax
23.0;255.0;10.25;10.25;3.0;5;16;TUE;1;27;False;False;False;3000;15.61;0.93;0.75;MAY;5;SANTOSBR;31;PANAMAX;CGC;2279;D2030_215_newpanamax
23.0;295.0;11.75;11.75;3.0;5;16;TUE;1;27;False;False;False;4000;21.3;1.55;0.75;MAY;5;SANTOSBR;31;POST-PANAMAXI;CGC;2280;D2030_215_newpanamax
43.0;339.0;14.0;14.0;3.0;6;16;TUE;1;27;False;False;False;6000;25.92;2.52;0.75;MAY;5;SANTOSBR;31;POST-PANAMAXII;CGC;2281;D2030_215_newpanamax
23.0;235.0;8.75;8.75;3.0;6;19;TUE;1;27;False;False;True;5000;19.52;1.65;0.75;MAY;5;TEV;37;LARGEPCTC;RORO;2282;D2030_215_newpanamax
23.0;225.0;7.75;0.0;2.0;2;7;TUE;1;27;False;False;False;70000;104.45;2.39;0.75;MAY;5;TIPLAM - GSM - I;42;PANAMAX;GSM - I;2283;D2030_215_newpanamax
23.0;175.0;0.0;8.25;1.0;8;12;TUE;1;27;False;False;False;35000;57.11;0.89;0.75;MAY;5;ULTRACARGO;45;MRMEDIUMRANGE;GL;2284;D2030_215_newpanamax
23.0;215.0;9.25;9.25;3.0;7;20;WED;2;28;False;False;False;1000;16.8;1.25;0.75;MAY;5;TECON10;3;FULLYCELLULAR;CGC;2285;D2030_215_newpanamax
23.0;275.0;10.75;10.75;3.0;10;25;WED;2;28;False;False;False;3000;15.61;3.38;0.75;MAY;5;TECON10;3;PANAMAX;CGC;2286;D2030_215_newpanamax
36.0;225.0;0.0;13.0;1.0;10;24;WED;2;28;False;False;False;55000;99.66;2.62;0.75;MAY;5;BRACELL;12;NAVIOCARGAGERAL;CGNC;2287;D2030_215_newpanamax
23.0;255.0;12.25;12.25;3.0;6;20;WED;2;28;False;False;False;3000;14.7;3.29;0.75;MAY;5;BTP;13;PANAMAX;CGC;2288;D2030_215_newpanamax
23.0;295.0;11.75;11.75;3.0;5;16;WED;2;28;False;False;False;4000;20.66;0.93;0.75;MAY;5;BTP;13;POST-PANAMAXI;CGC;2289;D2030_215_newpanamax
23.0;225.0;0.0;12.75;1.0;8;21;WED;2;28;False;False;False;60000;162.93;8.36;0.75;MAY;5;CUTRALE - GL;18;LR1LONGRANGE1;GL;2290;D2030_215_newpanamax
23.0;225.0;0.0;13.25;1.0;10;32;WED;2;28;False;False;False;70000;54.03;3.34;0.75;MAY;5;CUTRALE - GSA - E;19;PANAMAX;GSA - E;2291;D2030_215_newpanamax
23.0;185.0;9.75;9.75;3.0;8;20;WED;2;28;False;False;False;1000;13.38;1.1;0.75;MAY;5;DPW - CGC;21;FULLYCELLULAR;CGC;2292;D2030_215_newpanamax
23.0;235.0;10.75;10.75;3.0;7;19;WED;2;28;False;False;False;3000;17.86;1.37;0.75;MAY;5;DPW - CGC;21;PANAMAX;CGC;2293;D2030_215_newpanamax
23.0;265.0;10.75;10.75;3.0;10;26;WED;2;28;False;False;False;3000;17.86;2.09;0.75;MAY;5;DPW - CGC;21;PANAMAX;CGC;2294;D2030_215_newpanamax
23.0;295.0;11.25;11.25;3.0;7;19;WED;2;28;False;False;False;4000;21.93;2.18;0.75;MAY;5;DPW - CGC;21;POST-PANAMAXI;CGC;2295;D2030_215_newpanamax
23.0;305.0;11.75;11.75;3.0;10;26;WED;2;28;False;False;False;4000;21.93;3.01;0.75;MAY;5;DPW - CGC;21;POST-PANAMAXI;CGC;2296;D2030_215_newpanamax
36.0;225.0;0.0;13.0;1.0;7;16;WED;2;28;False;False;False;55000;64.0;8.54;0.75;MAY;5;DPW - CGNC;22;NAVIOCARGAGERAL;CGNC;2297;D2030_215_newpanamax
23.0;135.0;6.75;6.75;3.0;9;25;WED;2;28;False;False;False;500;7.08;2.0;0.75;MAY;5;SANTOSBR;31;FEEDER/EARLY;CGC;2298;D2030_215_newpanamax
23.0;185.0;9.75;9.75;3.0;10;26;WED;2;28;False;False;False;1000;16.8;1.71;0.75;MAY;5;SANTOSBR;31;FULLYCELLULAR;CGC;2299;D2030_215_newpanamax
23.0;275.0;10.75;10.75;3.0;9;25;WED;2;28;False;False;False;3000;15.61;2.27;0.75;MAY;5;SANTOSBR;31;PANAMAX;CGC;2300;D2030_215_newpanamax
23.0;255.0;11.25;11.25;3.0;11;28;WED;2;28;False;False;False;3000;15.61;6.35;0.75;MAY;5;SANTOSBR;31;PANAMAX;CGC;2301;D2030_215_newpanamax
23.0;275.0;10.25;10.25;3.0;7;20;WED;2;28;False;False;False;3000;15.61;1.02;0.75;MAY;5;SANTOSBR;31;PANAMAX;CGC;2302;D2030_215_newpanamax
23.0;265.0;10.75;10.75;3.0;9;24;WED;2;28;False;False;False;3000;15.61;1.95;0.75;MAY;5;SANTOSBR;31;PANAMAX;CGC;2303;D2030_215_newpanamax
23.0;295.0;12.25;12.25;3.0;10;26;WED;2;28;False;False;False;4000;21.3;1.83;0.75;MAY;5;SANTOSBR;31;POST-PANAMAXI;CGC;2304;D2030_215_newpanamax
43.0;339.0;14.0;14.0;3.0;9;25;WED;2;28;False;False;False;6000;25.92;3.27;0.75;MAY;5;SANTOSBR;31;POST-PANAMAXII;CGC;2305;D2030_215_newpanamax
43.0;339.0;14.0;14.0;3.0;11;28;WED;2;28;False;False;False;6000;25.92;2.59;0.75;MAY;5;SANTOSBR;31;POST-PANAMAXII;CGC;2306;D2030_215_newpanamax
23.0;225.0;14.25;0.0;2.0;5;20;WED;2;28;False;False;False;70000;111.09;5.27;0.75;MAY;5;TERMAG;35;PANAMAX;GSM - I;2307;D2030_215_newpanamax
23.0;195.0;8.75;8.75;3.0;9;28;WED;2;28;False;False;True;1500;20.97;13.12;0.75;MAY;5;TEV;37;CARGARO-RO;RORO;2308;D2030_215_newpanamax
23.0;185.0;0.0;9.25;1.0;10;26;WED;2;28;False;False;False;35000;29.94;1.66;0.75;MAY;5;TRANSPETRO;43;MRMEDIUMRANGE;GL;2309;D2030_215_newpanamax
23.0;185.0;8.75;0.0;2.0;11;23;WED;2;28;False;False;False;35000;57.11;7.92;0.75;MAY;5;ULTRACARGO;45;MRMEDIUMRANGE;GL;2310;D2030_215_newpanamax
30.0;163.46;7.8;7.8;1.0;13;40;0;2;28;False;False;False;0;41.83;0.17;0.75;0;5;TUP - Saipem;8;HANDYSIZE;CGNC;2311;D2030_215_newpanamax
23.0;155.0;8.75;0.0;2.0;13;33;THU;3;29;False;False;False;18000;42.57;11.83;0.75;MAY;5;STS;2;GPGENERALPURPOSE;GL;2312;D2030_215_newpanamax
23.0;225.0;0.0;13.25;1.0;10;24;THU;3;29;False;False;False;70000;51.12;4.4;0.75;MAY;5;RUMO - GSA - E;4;PANAMAX;GSA - E;2313;D2030_215_newpanamax
23.0;225.0;0.0;13.25;1.0;12;26;THU;3;29;False;False;False;70000;51.12;3.22;0.75;MAY;5;ADM;9;PANAMAX;GSA - E;2314;D2030_215_newpanamax
23.0;275.0;12.75;12.75;3.0;10;30;THU;3;29;False;False;False;3000;14.7;1.7;0.75;MAY;5;BTP;13;PANAMAX;CGC;2315;D2030_215_newpanamax
23.0;305.0;12.25;12.25;3.0;8;24;THU;3;29;False;False;False;4000;20.66;2.83;0.75;MAY;5;BTP;13;POST-PANAMAXI;CGC;2316;D2030_215_newpanamax
23.0;295.0;12.75;12.75;3.0;9;27;THU;3;29;False;False;False;4000;20.66;1.14;0.75;MAY;5;BTP;13;POST-PANAMAXI;CGC;2317;D2030_215_newpanamax
23.0;185.0;9.25;0.0;2.0;13;33;THU;3;29;False;False;False;35000;31.91;2.16;0.75;MAY;5;DOW;20;MRMEDIUMRANGE;GL;2318;D2030_215_newpanamax
23.0;285.0;10.75;10.75;3.0;11;29;THU;3;29;False;False;False;3000;17.86;0.85;0.75;MAY;5;DPW - CGC;21;PANAMAX;CGC;2319;D2030_215_newpanamax
23.0;295.0;12.75;12.75;3.0;12;35;THU;3;29;False;False;False;4000;21.93;1.55;0.75;MAY;5;DPW - CGC;21;POST-PANAMAXI;CGC;2320;D2030_215_newpanamax
23.0;215.0;9.75;9.75;3.0;12;32;THU;3;29;False;False;False;1000;16.8;1.38;0.75;MAY;5;SANTOSBR;31;FULLYCELLULAR;CGC;2321;D2030_215_newpanamax
23.0;295.0;12.75;12.75;3.0;13;36;THU;3;29;False;False;False;4000;21.3;2.44;0.75;MAY;5;SANTOSBR;31;POST-PANAMAXI;CGC;2322;D2030_215_newpanamax
43.0;339.0;14.0;14.0;3.0;13;36;THU;3;29;False;False;False;6000;25.92;1.27;0.75;MAY;5;SANTOSBR;31;POST-PANAMAXII;CGC;2323;D2030_215_newpanamax
23.0;235.0;8.75;8.75;3.0;10;32;THU;3;29;False;False;True;5000;19.52;1.32;0.75;MAY;5;TEV;37;LARGEPCTC;RORO;2324;D2030_215_newpanamax
23.0;175.0;0.0;9.75;1.0;13;31;THU;3;29;False;False;False;35000;29.94;5.62;0.75;MAY;5;TRANSPETRO;43;MRMEDIUMRANGE;GL;2325;D2030_215_newpanamax
19.0;88.9;5.5;5.9;1.0;16;45;0;3;29;False;False;False;0;44.67;0.17;0.75;0;5;TUP - Saipem;8;HANDYSIZE;CGNC;2326;D2030_215_newpanamax
23.0;185.0;10.25;10.25;3.0;14;39;FRI;4;30;False;False;False;1000;16.8;2.04;0.75;MAY;5;TECON10;3;FULLYCELLULAR;CGC;2327;D2030_215_newpanamax
23.0;225.0;0.0;13.25;1.0;14;34;FRI;4;30;False;False;False;70000;51.12;4.62;0.75;MAY;5;RUMO - GSA - E;4;PANAMAX;GSA - E;2328;D2030_215_newpanamax
23.0;225.0;0.0;13.25;1.0;16;39;FRI;4;30;False;False;False;70000;51.12;1.67;0.75;MAY;5;ADM;9;PANAMAX;GSA - E;2329;D2030_215_newpanamax
23.0;275.0;12.75;12.75;3.0;11;34;FRI;4;30;False;False;False;3000;14.7;3.0;0.75;MAY;5;BTP;13;PANAMAX;CGC;2330;D2030_215_newpanamax
23.0;295.0;13.25;13.25;3.0;12;35;FRI;4;30;False;False;False;4000;20.66;2.93;0.75;MAY;5;BTP;13;POST-PANAMAXI;CGC;2331;D2030_215_newpanamax
23.0;205.0;10.25;10.25;3.0;14;38;FRI;4;30;False;False;False;1000;13.38;3.11;0.75;MAY;5;DPW - CGC;21;FULLYCELLULAR;CGC;2332;D2030_215_newpanamax
36.0;225.0;0.0;13.0;1.0;17;44;FRI;4;30;False;False;False;55000;64.0;2.52;0.75;MAY;5;DPW - CGNC;22;NAVIOCARGAGERAL;CGNC;2333;D2030_215_newpanamax
36.0;225.0;0.0;11.7;1.0;14;37;FRI;4;30;False;False;False;55000;50.0;4.04;0.75;MAY;5;SUZANO;25;NAVIOCARGAGERAL;CGNC;2334;D2030_215_newpanamax
23.0;185.0;10.25;10.25;3.0;13;37;FRI;4;30;False;False;False;1000;16.8;1.83;0.75;MAY;5;SANTOSBR;31;FULLYCELLULAR;CGC;2335;D2030_215_newpanamax
23.0;255.0;11.75;11.75;3.0;13;37;FRI;4;30;False;False;False;3000;15.61;2.2;0.75;MAY;5;SANTOSBR;31;PANAMAX;CGC;2336;D2030_215_newpanamax
43.0;339.0;14.0;14.0;3.0;14;38;FRI;4;30;False;False;False;6000;25.92;2.19;0.75;MAY;5;SANTOSBR;31;POST-PANAMAXII;CGC;2337;D2030_215_newpanamax
43.0;339.0;14.0;14.0;3.0;13;37;FRI;4;30;False;False;False;6000;25.92;3.57;0.75;MAY;5;SANTOSBR;31;POST-PANAMAXII;CGC;2338;D2030_215_newpanamax
23.0;225.0;0.0;13.25;1.0;15;36;FRI;4;30;False;False;False;70000;78.07;0.06;0.75;MAY;5;TEG;34;PANAMAX;GSA - E;2339;D2030_215_newpanamax
23.0;225.0;0.0;13.75;1.0;14;42;FRI;4;30;False;False;False;70000;39.92;3.24;0.75;MAY;5;TGG;38;PANAMAX;GSA - E;2340;D2030_215_newpanamax
23.0;185.0;0.0;9.75;1.0;15;37;FRI;4;30;False;False;False;35000;29.94;5.33;0.75;MAY;5;TRANSPETRO;43;MRMEDIUMRANGE;GL;2341;D2030_215_newpanamax
23.0;255.0;12.75;12.75;3.0;19;51;SAT;5;31;False;False;False;3000;15.61;3.87;0.75;MAY;5;TECON10;3;PANAMAX;CGC;2342;D2030_215_newpanamax
23.0;155.0;10.25;0.0;2.0;20;55;SAT;5;31;False;False;False;18000;45.88;1.48;0.75;MAY;5;AGEO_TERMINAIS;11;GPGENERALPURPOSE;GL;2343;D2030_215_newpanamax
23.0;165.0;9.75;0.0;2.0;18;51;SAT;5;31;False;False;False;18000;45.88;0.5;0.75;MAY;5;AGEO_TERMINAIS;11;GPGENERALPURPOSE;GL;2344;D2030_215_newpanamax
23.0;185.0;11.25;0.0;2.0;18;51;SAT;5;31;False;False;False;35000;64.43;0.61;0.75;MAY;5;AGEO_TERMINAIS;11;MRMEDIUMRANGE;GL;2345;D2030_215_newpanamax
23.0;275.0;13.25;13.25;3.0;15;43;SAT;5;31;False;False;False;3000;14.7;4.45;0.75;MAY;5;BTP;13;PANAMAX;CGC;2346;D2030_215_newpanamax
23.0;295.0;13.75;13.75;3.0;16;46;SAT;5;31;False;False;False;4000;20.66;2.37;0.75;MAY;5;BTP;13;POST-PANAMAXI;CGC;2347;D2030_215_newpanamax
23.0;225.0;0.0;13.25;1.0;18;53;SAT;5;31;False;False;False;70000;54.03;0.39;0.75;MAY;5;CUTRALE - GSA - E;19;PANAMAX;GSA - E;2348;D2030_215_newpanamax
23.0;295.0;13.75;13.75;3.0;17;48;SAT;5;31;False;False;False;4000;21.93;3.38;0.75;MAY;5;DPW - CGC;21;POST-PANAMAXI;CGC;2349;D2030_215_newpanamax
43.0;339.0;14.0;14.0;3.0;17;48;SAT;5;31;False;False;False;6000;27.82;1.54;0.75;MAY;5;DPW - CGC;21;POST-PANAMAXII;CGC;2350;D2030_215_newpanamax
23.0;295.0;13.25;13.25;3.0;17;47;SAT;5;31;False;False;False;4000;21.3;3.17;0.75;MAY;5;SANTOSBR;31;POST-PANAMAXI;CGC;2351;D2030_215_newpanamax
23.0;225.0;0.0;13.75;1.0;18;54;SAT;5;31;False;False;False;70000;39.92;2.21;0.75;MAY;5;TGG;38;PANAMAX;GSA - E;2352;D2030_215_newpanamax
23.0;225.0;0.0;13.75;1.0;15;48;SAT;5;31;False;False;False;70000;39.92;0.88;0.75;MAY;5;TGG;38;PANAMAX;GSA - E;2353;D2030_215_newpanamax
23.0;275.0;13.25;13.25;3.0;22;59;SUN;6;1;False;False;False;3000;15.61;3.56;0.75;JUN;6;TECON10;3;PANAMAX;CGC;2354;D2030_215_newpanamax
23.0;225.0;0.0;13.75;1.0;21;54;SUN;6;1;False;False;False;70000;51.12;2.27;0.75;JUN;6;ADM;9;PANAMAX;GSA - E;2355;D2030_215_newpanamax
36.0;225.0;0.0;13.0;1.0;21;1;SUN;6;1;False;False;False;55000;99.66;1.87;0.75;JUN;6;BRACELL;12;NAVIOCARGAGERAL;CGNC;2356;D2030_215_newpanamax
23.0;275.0;14.25;14.25;3.0;23;7;SUN;6;1;False;False;False;3000;14.7;3.33;0.75;JUN;6;BTP;13;PANAMAX;CGC;2357;D2030_215_newpanamax
43.0;339.0;14.0;14.0;3.0;23;7;SUN;6;1;False;False;False;6000;23.63;1.92;0.75;JUN;6;BTP;13;POST-PANAMAXII;CGC;2358;D2030_215_newpanamax
23.0;255.0;13.25;13.25;3.0;21;57;SUN;6;1;False;False;False;3000;17.86;2.03;0.75;JUN;6;DPW - CGC;21;PANAMAX;CGC;2359;D2030_215_newpanamax
36.0;225.0;0.0;13.0;1.0;23;6;SUN;6;1;False;False;False;55000;64.0;1.74;0.75;JUN;6;DPW - CGNC;22;NAVIOCARGAGERAL;CGNC;2360;D2030_215_newpanamax
23.0;215.0;11.25;11.25;3.0;21;56;SUN;6;1;False;False;False;1000;16.8;2.79;0.75;JUN;6;SANTOSBR;31;FULLYCELLULAR;CGC;2361;D2030_215_newpanamax
23.0;275.0;14.25;14.25;3.0;23;29;SUN;6;1;False;False;False;3000;15.61;1.09;0.75;JUN;6;SANTOSBR;31;PANAMAX;CGC;2362;D2030_215_newpanamax
23.0;295.0;14.5;14.5;3.0;23;29;SUN;6;1;False;False;False;4000;21.3;3.45;0.75;JUN;6;SANTOSBR;31;POST-PANAMAXI;CGC;2363;D2030_215_newpanamax
23.0;165.0;9.25;0.0;2.0;20;59;SUN;6;1;False;False;False;18000;29.82;8.7;0.75;JUN;6;STOLTHAVEN;32;GPGENERALPURPOSE;GL;2364;D2030_215_newpanamax
23.0;225.0;0.0;13.25;1.0;21;58;SUN;6;1;False;False;False;70000;78.07;0.38;0.75;JUN;6;TEG;34;PANAMAX;GSA - E;2365;D2030_215_newpanamax
23.0;195.0;9.75;9.75;3.0;19;56;SUN;6;1;False;False;True;1500;20.97;12.43;0.75;JUN;6;TEV;37;CARGARO-RO;RORO;2366;D2030_215_newpanamax
23.0;225.0;0.0;14.25;1.0;21;8;SUN;6;1;False;False;False;70000;61.75;6.88;0.75;JUN;6;TGRAO;39;PANAMAX;GSA - E;2367;D2030_215_newpanamax
23.0;225.0;13.75;0.0;2.0;21;12;SUN;6;1;False;False;False;70000;104.45;3.09;0.75;JUN;6;TIPLAM - GSM - I;42;PANAMAX;GSM - I;2368;D2030_215_newpanamax
36.0;225.0;0.0;13.0;1.0;1;2;MON;0;2;False;False;False;55000;99.0;0.21;0.75;JUN;6;ARAUCO;1;NAVIOCARGAGERAL;CGNC;2369;D2030_215_newpanamax
23.0;225.0;0.0;11.75;1.0;0;0;MON;0;2;False;False;False;70000;51.12;3.32;0.75;JUN;6;RUMO - GSA - E;4;PANAMAX;GSA - E;2370;D2030_215_newpanamax
23.0;225.0;12.25;0.0;2.0;1;5;MON;0;2;False;False;False;70000;111.09;6.24;0.75;JUN;6;RUMO - GSM - I;5;PANAMAX;GSM - I;2371;D2030_215_newpanamax
23.0;175.0;0.0;7.25;1.0;0;1;MON;0;2;False;False;False;35000;64.43;0.25;0.75;JUN;6;AGEO_TERMINAIS;11;MRMEDIUMRANGE;GL;2372;D2030_215_newpanamax
23.0;305.0;9.75;9.75;3.0;1;3;MON;0;2;False;False;False;4000;20.66;4.06;0.75;JUN;6;BTP;13;POST-PANAMAXI;CGC;2373;D2030_215_newpanamax
23.0;225.0;0.0;8.75;1.0;0;2;MON;0;2;False;False;False;70000;68.98;9.87;0.75;JUN;6;COFCO;16;PANAMAX;GSA - E;2374;D2030_215_newpanamax
23.0;225.0;0.0;9.25;1.0;3;6;MON;0;2;False;False;False;70000;54.03;0.61;0.75;JUN;6;CUTRALE - GSA - E;19;PANAMAX;GSA - E;2375;D2030_215_newpanamax
23.0;185.0;8.25;8.25;3.0;3;6;MON;0;2;False;False;False;1000;13.38;1.39;0.75;JUN;6;DPW - CGC;21;FULLYCELLULAR;CGC;2376;D2030_215_newpanamax
23.0;245.0;9.75;9.75;3.0;1;3;MON;0;2;False;False;False;3000;17.86;2.67;0.75;JUN;6;DPW - CGC;21;PANAMAX;CGC;2377;D2030_215_newpanamax
23.0;255.0;9.75;9.75;3.0;3;6;MON;0;2;False;False;False;3000;17.86;1.87;0.75;JUN;6;DPW - CGC;21;PANAMAX;CGC;2378;D2030_215_newpanamax
43.0;339.0;14.0;14.0;3.0;2;5;MON;0;2;False;False;False;6000;27.82;2.14;0.75;JUN;6;DPW - CGC;21;POST-PANAMAXII;CGC;2379;D2030_215_newpanamax
23.0;185.0;9.25;0.0;2.0;3;0;MON;0;2;False;False;False;45000;295.08;0.04;0.75;JUN;6;NITA;28;HANDYMAX;GSA - I;2380;D2030_215_newpanamax
23.0;215.0;8.25;8.25;3.0;1;3;MON;0;2;False;False;False;1000;16.8;4.12;0.75;JUN;6;SANTOSBR;31;FULLYCELLULAR;CGC;2381;D2030_215_newpanamax
23.0;255.0;9.25;9.25;3.0;1;3;MON;0;2;False;False;False;3000;15.61;2.02;0.75;JUN;6;SANTOSBR;31;PANAMAX;CGC;2382;D2030_215_newpanamax
23.0;295.0;9.75;9.75;3.0;1;2;MON;0;2;False;False;False;4000;21.3;2.15;0.75;JUN;6;SANTOSBR;31;POST-PANAMAXI;CGC;2383;D2030_215_newpanamax
43.0;339.0;14.0;14.0;3.0;1;3;MON;0;2;False;False;False;6000;25.92;3.54;0.75;JUN;6;SANTOSBR;31;POST-PANAMAXII;CGC;2384;D2030_215_newpanamax
23.0;225.0;0.0;12.75;1.0;4;6;MON;0;2;False;False;False;70000;78.07;0.47;0.75;JUN;6;TEG;34;PANAMAX;GSA - E;2385;D2030_215_newpanamax
23.0;225.0;0.0;8.75;1.0;0;3;MON;0;2;False;False;False;70000;62.19;3.23;0.75;JUN;6;TIPLAM - GSA - E;41;PANAMAX;GSA - E;2386;D2030_215_newpanamax
23.0;185.0;8.25;0.0;2.0;1;4;MON;0;2;False;False;False;45000;85.0;2.02;0.75;JUN;6;TIPLAM - GSM - I;42;HANDYMAX;GSM - I;2387;D2030_215_newpanamax
23.0;175.0;0.0;8.25;1.0;0;2;MON;0;2;False;False;False;35000;29.94;3.21;0.75;JUN;6;TRANSPETRO;43;MRMEDIUMRANGE;GL;2388;D2030_215_newpanamax
23.0;225.0;0.0;8.25;1.0;0;0;MON;0;2;False;False;False;70000;55.1;0.63;0.75;JUN;6;XXXIX;48;PANAMAX;GSA - E;2389;D2030_215_newpanamax
23.0;255.0;10.25;10.25;3.0;5;11;TUE;1;3;False;False;False;3000;15.61;2.81;0.75;JUN;6;TECON10;3;PANAMAX;CGC;2390;D2030_215_newpanamax
23.0;225.0;0.0;12.75;1.0;7;12;TUE;1;3;False;False;False;70000;51.12;2.1;0.75;JUN;6;ADM;9;PANAMAX;GSA - E;2391;D2030_215_newpanamax
23.0;155.0;0.0;7.75;1.0;6;15;TUE;1;3;False;False;False;18000;45.88;0.83;0.75;JUN;6;AGEO_TERMINAIS;11;GPGENERALPURPOSE;GL;2392;D2030_215_newpanamax
23.0;175.0;0.0;8.75;1.0;4;10;TUE;1;3;False;False;False;35000;64.43;0.66;0.75;JUN;6;AGEO_TERMINAIS;11;MRMEDIUMRANGE;GL;2393;D2030_215_newpanamax
23.0;295.0;10.75;10.75;3.0;2;7;TUE;1;3;False;False;False;4000;20.66;6.51;0.75;JUN;6;BTP;13;POST-PANAMAXI;CGC;2394;D2030_215_newpanamax
43.0;339.0;14.0;14.0;3.0;2;7;TUE;1;3;False;False;False;6000;23.63;2.61;0.75;JUN;6;BTP;13;POST-PANAMAXII;CGC;2395;D2030_215_newpanamax
23.0;195.0;9.25;9.25;3.0;6;15;TUE;1;3;False;False;False;1000;13.38;2.05;0.75;JUN;6;DPW - CGC;21;FULLYCELLULAR;CGC;2396;D2030_215_newpanamax
23.0;185.0;8.75;8.75;3.0;4;10;TUE;1;3;False;False;False;1000;13.38;2.79;0.75;JUN;6;DPW - CGC;21;FULLYCELLULAR;CGC;2397;D2030_215_newpanamax
23.0;275.0;9.75;9.75;3.0;4;10;TUE;1;3;False;False;False;3000;17.86;1.22;0.75;JUN;6;DPW - CGC;21;PANAMAX;CGC;2398;D2030_215_newpanamax
23.0;305.0;10.75;10.75;3.0;5;13;TUE;1;3;False;False;False;4000;21.93;1.28;0.75;JUN;6;DPW - CGC;21;POST-PANAMAXI;CGC;2399;D2030_215_newpanamax
23.0;225.0;0.0;13.25;1.0;6;13;TUE;1;3;False;False;False;70000;53.25;1.81;0.75;JUN;6;ELEVACOES;24;PANAMAX;GSA - E;2400;D2030_215_newpanamax
32.2;205.0;0.0;12.2;1.0;6;13;TUE;1;3;False;False;False;55000;39.16;3.49;0.75;JUN;6;ELEVACOES;24;SUPRAMAX;GSA - E;2401;D2030_215_newpanamax
23.0;255.0;10.25;10.25;3.0;5;12;TUE;1;3;False;False;False;3000;15.61;4.16;0.75;JUN;6;SANTOSBR;31;PANAMAX;CGC;2402;D2030_215_newpanamax
23.0;295.0;11.25;11.25;3.0;5;12;TUE;1;3;False;False;False;4000;21.3;1.12;0.75;JUN;6;SANTOSBR;31;POST-PANAMAXI;CGC;2403;D2030_215_newpanamax
23.0;225.0;0.0;12.75;1.0;5;9;TUE;1;3;False;False;False;70000;78.07;0.74;0.75;JUN;6;TEG;34;PANAMAX;GSA - E;2404;D2030_215_newpanamax
23.0;225.0;0.0;12.75;1.0;6;11;TUE;1;3;False;False;False;70000;111.09;2.7;0.75;JUN;6;TES;36;PANAMAX;GSA - E;2405;D2030_215_newpanamax
23.0;225.0;0.0;12.75;1.0;4;7;TUE;1;3;False;False;False;70000;111.09;2.74;0.75;JUN;6;TES;36;PANAMAX;GSA - E;2406;D2030_215_newpanamax
23.0;225.0;0.0;13.25;1.0;6;13;TUE;1;3;False;False;False;70000;39.92;3.69;0.75;JUN;6;TGG;38;PANAMAX;GSA - E;2407;D2030_215_newpanamax
23.0;195.0;9.25;0.0;2.0;6;15;TUE;1;3;False;False;False;45000;85.0;1.08;0.75;JUN;6;TIPLAM - GSM - I;42;HANDYMAX;GSM - I;2408;D2030_215_newpanamax
23.0;185.0;0.0;8.75;1.0;5;10;TUE;1;3;False;False;False;35000;29.94;1.59;0.75;JUN;6;TRANSPETRO;43;MRMEDIUMRANGE;GL;2409;D2030_215_newpanamax
23.0;165.0;0.0;7.75;1.0;10;17;WED;2;4;False;False;False;18000;42.57;9.47;0.75;JUN;6;STS;2;GPGENERALPURPOSE;GL;2410;D2030_215_newpanamax
23.0;255.0;11.25;11.25;3.0;11;28;WED;2;4;False;False;False;3000;15.61;2.47;0.75;JUN;6;TECON10;3;PANAMAX;CGC;2411;D2030_215_newpanamax
23.0;195.0;10.25;0.0;2.0;3;12;WED;2;4;False;False;False;45000;89.37;1.7;0.75;JUN;6;RUMO - GSM - I;5;HANDYMAX;GSM - I;2412;D2030_215_newpanamax
23.0;285.0;11.75;11.75;3.0;5;17;WED;2;4;False;False;False;3000;14.7;3.28;0.75;JUN;6;BTP;13;PANAMAX;CGC;2413;D2030_215_newpanamax
23.0;295.0;11.75;11.75;3.0;5;15;WED;2;4;False;False;False;4000;20.66;1.59;0.75;JUN;6;BTP;13;POST-PANAMAXI;CGC;2414;D2030_215_newpanamax
23.0;225.0;0.0;13.25;1.0;10;24;WED;2;4;False;False;False;70000;68.98;3.29;0.75;JUN;6;COFCO;16;PANAMAX;GSA - E;2415;D2030_215_newpanamax
23.0;195.0;0.0;11.75;1.0;9;32;WED;2;4;False;False;False;45000;39.48;3.82;0.75;JUN;6;COPESUCAR;17;HANDYMAX;GSA - E;2416;D2030_215_newpanamax
23.0;225.0;0.0;13.25;1.0;11;33;WED;2;4;False;False;False;70000;54.03;1.87;0.75;JUN;6;CUTRALE - GSA - E;19;PANAMAX;GSA - E;2417;D2030_215_newpanamax
23.0;255.0;10.75;10.75;3.0;9;24;WED;2;4;False;False;False;3000;17.86;2.0;0.75;JUN;6;DPW - CGC;21;PANAMAX;CGC;2418;D2030_215_newpanamax
23.0;305.0;11.75;11.75;3.0;9;24;WED;2;4;False;False;False;4000;21.93;0.74;0.75;JUN;6;DPW - CGC;21;POST-PANAMAXI;CGC;2419;D2030_215_newpanamax
36.0;225.0;0.0;13.0;1.0;7;17;WED;2;4;False;False;False;55000;64.0;1.79;0.75;JUN;6;DPW - CGNC;22;NAVIOCARGAGERAL;CGNC;2420;D2030_215_newpanamax
23.0;175.0;0.0;9.75;1.0;10;36;WED;2;4;False;False;False;35000;137.91;0.07;0.75;JUN;6;NST - GL;30;MRMEDIUMRANGE;GL;2421;D2030_215_newpanamax
23.0;185.0;9.75;9.75;3.0;8;23;WED;2;4;False;False;False;1000;16.8;1.52;0.75;JUN;6;SANTOSBR;31;FULLYCELLULAR;CGC;2422;D2030_215_newpanamax
23.0;255.0;10.75;10.75;3.0;8;23;WED;2;4;False;False;False;3000;15.61;2.26;0.75;JUN;6;SANTOSBR;31;PANAMAX;CGC;2423;D2030_215_newpanamax
23.0;255.0;10.75;10.75;3.0;8;22;WED;2;4;False;False;False;3000;15.61;0.86;0.75;JUN;6;SANTOSBR;31;PANAMAX;CGC;2424;D2030_215_newpanamax
23.0;295.0;12.25;12.25;3.0;8;23;WED;2;4;False;False;False;4000;21.3;2.44;0.75;JUN;6;SANTOSBR;31;POST-PANAMAXI;CGC;2425;D2030_215_newpanamax
43.0;339.0;14.0;14.0;3.0;8;23;WED;2;4;False;False;False;6000;25.92;0.62;0.75;JUN;6;SANTOSBR;31;POST-PANAMAXII;CGC;2426;D2030_215_newpanamax
23.0;225.0;0.0;12.75;1.0;7;15;WED;2;4;False;False;False;70000;111.09;8.58;0.75;JUN;6;TES;36;PANAMAX;GSA - E;2427;D2030_215_newpanamax
23.0;225.0;0.0;13.25;1.0;10;24;WED;2;4;False;False;False;70000;39.92;1.99;0.75;JUN;6;TGG;38;PANAMAX;GSA - E;2428;D2030_215_newpanamax
23.0;225.0;0.0;13.25;1.0;10;24;WED;2;4;False;False;False;70000;39.92;1.79;0.75;JUN;6;TGG;38;PANAMAX;GSA - E;2429;D2030_215_newpanamax
23.0;165.0;9.75;0.0;2.0;8;10;WED;2;4;False;False;False;18000;18.55;4.13;0.75;JUN;6;TIPLAM - GL;40;GPGENERALPURPOSE;GL;2430;D2030_215_newpanamax
23.0;225.0;0.0;12.75;1.0;6;17;WED;2;4;False;False;False;70000;62.19;1.66;0.75;JUN;6;TIPLAM - GSA - E;41;PANAMAX;GSA - E;2431;D2030_215_newpanamax
23.0;175.0;9.75;0.0;2.0;8;25;WED;2;4;False;False;False;35000;72.19;5.53;0.75;JUN;6;TIPLAM - GSM - I;42;HANDYSIZE;GSM - I;2432;D2030_215_newpanamax
23.0;185.0;0.0;9.25;1.0;10;25;WED;2;4;False;False;False;35000;29.94;2.81;0.75;JUN;6;TRANSPETRO;43;MRMEDIUMRANGE;GL;2433;D2030_215_newpanamax
23.0;175.0;0.0;8.25;1.0;7;26;WED;2;4;False;False;False;35000;90.66;3.27;0.75;JUN;6;USIMINAS;46;HANDYSIZE;CGNC;2434;D2030_215_newpanamax
19.0;88.9;5.8;4.7;1.0;18;35;0;2;4;False;False;False;0;51.5;0.08;0.75;0;6;TUP - Saipem;8;HANDYSIZE;CGNC;2435;D2030_215_newpanamax
23.0;175.0;10.75;0.0;2.0;13;36;THU;3;5;False;False;False;35000;50.86;3.99;0.75;JUN;6;RUMO - GSM - I;5;HANDYSIZE;GSM - I;2436;D2030_215_newpanamax
23.0;225.0;0.0;13.25;1.0;12;29;THU;3;5;False;False;False;70000;51.12;2.51;0.75;JUN;6;ADM;9;PANAMAX;GSA - E;2437;D2030_215_newpanamax
23.0;165.0;8.75;0.0;2.0;12;32;THU;3;5;False;False;False;18000;45.88;1.31;0.75;JUN;6;AGEO_TERMINAIS;11;GPGENERALPURPOSE;GL;2438;D2030_215_newpanamax
23.0;245.0;12.75;12.75;3.0;9;26;THU;3;5;False;False;False;3000;14.7;2.72;0.75;JUN;6;BTP;13;PANAMAX;CGC;2439;D2030_215_newpanamax
43.0;339.0;14.0;14.0;3.0;9;26;THU;3;5;False;False;False;6000;23.63;2.74;0.75;JUN;6;BTP;13;POST-PANAMAXII;CGC;2440;D2030_215_newpanamax
23.0;225.0;0.0;13.75;1.0;12;30;THU;3;5;False;False;False;70000;68.98;5.69;0.75;JUN;6;COFCO;16;PANAMAX;GSA - E;2441;D2030_215_newpanamax
23.0;225.0;0.0;13.75;1.0;13;39;THU;3;5;False;False;False;70000;58.85;2.85;0.75;JUN;6;COPESUCAR;17;PANAMAX;GSA - E;2442;D2030_215_newpanamax
23.0;185.0;10.25;10.25;3.0;11;31;THU;3;5;False;False;False;1000;13.38;0.96;0.75;JUN;6;DPW - CGC;21;FULLYCELLULAR;CGC;2443;D2030_215_newpanamax
23.0;255.0;11.25;11.25;3.0;12;32;THU;3;5;False;False;False;3000;17.86;2.27;0.75;JUN;6;DPW - CGC;21;PANAMAX;CGC;2444;D2030_215_newpanamax
36.0;225.0;0.0;13.0;1.0;12;32;THU;3;5;False;False;False;55000;64.0;2.06;0.75;JUN;6;DPW - CGNC;22;NAVIOCARGAGERAL;CGNC;2445;D2030_215_newpanamax
23.0;225.0;0.0;13.75;1.0;12;33;THU;3;5;False;False;False;70000;53.25;1.95;0.75;JUN;6;ELEVACOES;24;PANAMAX;GSA - E;2446;D2030_215_newpanamax
23.0;195.0;9.75;9.75;3.0;11;31;THU;3;5;False;False;False;1000;16.8;3.89;0.75;JUN;6;SANTOSBR;31;FULLYCELLULAR;CGC;2447;D2030_215_newpanamax
23.0;255.0;11.25;11.25;3.0;11;31;THU;3;5;False;False;False;3000;15.61;2.92;0.75;JUN;6;SANTOSBR;31;PANAMAX;CGC;2448;D2030_215_newpanamax
23.0;185.0;12.25;0.0;2.0;6;26;THU;3;5;False;False;False;45000;89.37;5.7;0.75;JUN;6;TERMAG;35;HANDYMAX;GSM - I;2449;D2030_215_newpanamax
23.0;225.0;14.25;0.0;2.0;6;26;THU;3;5;False;False;False;70000;111.09;4.2;0.75;JUN;6;TERMAG;35;PANAMAX;GSM - I;2450;D2030_215_newpanamax
23.0;195.0;9.25;9.25;3.0;11;33;THU;3;5;False;False;True;1500;20.97;5.76;0.75;JUN;6;TEV;37;CARGARO-RO;RORO;2451;D2030_215_newpanamax
23.0;225.0;0.0;13.25;1.0;11;29;THU;3;5;False;False;False;70000;39.92;2.78;0.75;JUN;6;TGG;38;PANAMAX;GSA - E;2452;D2030_215_newpanamax
23.0;225.0;0.0;13.25;1.0;11;31;THU;3;5;False;False;False;70000;61.75;4.4;0.75;JUN;6;TGRAO;39;PANAMAX;GSA - E;2453;D2030_215_newpanamax
23.0;225.0;0.0;13.25;1.0;12;34;THU;3;5;False;False;False;70000;62.19;1.69;0.75;JUN;6;TIPLAM - GSA - E;41;PANAMAX;GSA - E;2454;D2030_215_newpanamax
23.0;245.0;0.0;11.25;1.0;13;32;THU;3;5;False;False;False;60000;48.22;7.95;0.75;JUN;6;TRANSPETRO;43;LR1LONGRANGE1;GL;2455;D2030_215_newpanamax
23.0;285.0;0.0;11.75;1.0;10;34;THU;3;5;True;False;False;76500;53.08;0.0;0.75;JUN;6;TRSP;44;LNGCARRIER;GL;2456;D2030_215_newpanamax
23.0;175.0;10.25;0.0;2.0;13;30;THU;3;5;False;False;False;35000;57.11;3.24;0.75;JUN;6;ULTRACARGO;45;MRMEDIUMRANGE;GL;2457;D2030_215_newpanamax
23.0;225.0;0.0;12.75;1.0;14;37;THU;3;5;False;False;False;70000;55.1;0.01;0.75;JUN;6;XXXIX;48;PANAMAX;GSA - E;2458;D2030_215_newpanamax
23.0;155.0;9.25;0.0;2.0;14;38;FRI;4;6;False;False;False;18000;45.88;0.95;0.75;JUN;6;AGEO_TERMINAIS;11;GPGENERALPURPOSE;GL;2459;D2030_215_newpanamax
23.0;225.0;9.75;0.0;2.0;14;38;FRI;4;6;False;False;False;60000;134.25;1.0;0.75;JUN;6;AGEO_TERMINAIS;11;LR1LONGRANGE1;GL;2460;D2030_215_newpanamax
23.0;305.0;13.25;13.25;3.0;12;37;FRI;4;6;False;False;False;4000;20.66;2.27;0.75;JUN;6;BTP;13;POST-PANAMAXI;CGC;2461;D2030_215_newpanamax
23.0;225.0;0.0;13.75;1.0;16;42;FRI;4;6;False;False;False;70000;68.98;5.02;0.75;JUN;6;COFCO;16;PANAMAX;GSA - E;2462;D2030_215_newpanamax
23.0;225.0;0.0;13.25;1.0;15;47;FRI;4;6;False;False;False;70000;54.03;5.16;0.75;JUN;6;CUTRALE - GSA - E;19;PANAMAX;GSA - E;2463;D2030_215_newpanamax
23.0;205.0;10.75;10.75;3.0;16;43;FRI;4;6;False;False;False;1000;13.38;2.68;0.75;JUN;6;DPW - CGC;21;FULLYCELLULAR;CGC;2464;D2030_215_newpanamax
23.0;265.0;11.75;11.75;3.0;16;43;FRI;4;6;False;False;False;3000;17.86;3.0;0.75;JUN;6;DPW - CGC;21;PANAMAX;CGC;2465;D2030_215_newpanamax
23.0;305.0;13.25;13.25;3.0;16;43;FRI;4;6;False;False;False;4000;21.93;2.06;0.75;JUN;6;DPW - CGC;21;POST-PANAMAXI;CGC;2466;D2030_215_newpanamax
43.0;339.0;14.0;14.0;3.0;16;43;FRI;4;6;False;False;False;6000;27.82;2.27;0.75;JUN;6;DPW - CGC;21;POST-PANAMAXII;CGC;2467;D2030_215_newpanamax
36.0;225.0;0.0;11.7;1.0;16;45;FRI;4;6;False;False;False;55000;200.0;5.37;0.75;JUN;6;NST - CGNC;29;NAVIOCARGAGERAL;CGNC;2468;D2030_215_newpanamax
23.0;265.0;11.75;11.75;3.0;15;40;FRI;4;6;False;False;False;3000;15.61;2.36;0.75;JUN;6;SANTOSBR;31;PANAMAX;CGC;2469;D2030_215_newpanamax
23.0;265.0;11.75;11.75;3.0;15;41;FRI;4;6;False;False;False;3000;15.61;4.61;0.75;JUN;6;SANTOSBR;31;PANAMAX;CGC;2470;D2030_215_newpanamax
23.0;225.0;0.0;13.25;1.0;15;37;FRI;4;6;False;False;False;70000;78.07;0.96;0.75;JUN;6;TEG;34;PANAMAX;GSA - E;2471;D2030_215_newpanamax
23.0;225.0;0.0;13.25;1.0;13;41;FRI;4;6;False;False;False;70000;39.92;2.82;0.75;JUN;6;TGG;38;PANAMAX;GSA - E;2472;D2030_215_newpanamax
23.0;225.0;0.0;13.25;1.0;14;38;FRI;4;6;False;False;False;70000;62.19;1.2;0.75;JUN;6;TIPLAM - GSA - E;41;PANAMAX;GSA - E;2473;D2030_215_newpanamax
23.0;225.0;0.0;13.25;1.0;15;41;FRI;4;6;False;False;False;70000;62.19;2.33;0.75;JUN;6;TIPLAM - GSA - E;41;PANAMAX;GSA - E;2474;D2030_215_newpanamax
23.0;225.0;0.0;13.25;1.0;19;49;SAT;5;7;False;False;False;70000;51.12;3.24;0.75;JUN;6;RUMO - GSA - E;4;PANAMAX;GSA - E;2475;D2030_215_newpanamax
23.0;225.0;14.25;0.0;2.0;15;45;SAT;5;7;False;False;False;70000;111.09;1.97;0.75;JUN;6;RUMO - GSM - I;5;PANAMAX;GSM - I;2476;D2030_215_newpanamax
23.0;245.0;13.75;13.75;3.0;17;48;SAT;5;7;False;False;False;3000;14.7;3.55;0.75;JUN;6;BTP;13;PANAMAX;CGC;2477;D2030_215_newpanamax
23.0;295.0;13.75;13.75;3.0;14;42;SAT;5;7;False;False;False;4000;20.66;1.93;0.75;JUN;6;BTP;13;POST-PANAMAXI;CGC;2478;D2030_215_newpanamax
23.0;305.0;13.75;13.75;3.0;17;48;SAT;5;7;False;False;False;4000;20.66;1.71;0.75;JUN;6;BTP;13;POST-PANAMAXI;CGC;2479;D2030_215_newpanamax
23.0;295.0;13.75;13.75;3.0;15;43;SAT;5;7;False;False;False;4000;20.66;3.96;0.75;JUN;6;BTP;13;POST-PANAMAXI;CGC;2480;D2030_215_newpanamax
23.0;225.0;0.0;13.75;1.0;16;54;SAT;5;7;False;False;False;70000;58.85;3.31;0.75;JUN;6;COPESUCAR;17;PANAMAX;GSA - E;2481;D2030_215_newpanamax
23.0;215.0;10.75;10.75;3.0;17;48;SAT;5;7;False;False;False;1000;13.38;1.74;0.75;JUN;6;DPW - CGC;21;FULLYCELLULAR;CGC;2482;D2030_215_newpanamax
23.0;295.0;13.75;13.75;3.0;17;48;SAT;5;7;False;False;False;4000;21.93;1.63;0.75;JUN;6;DPW - CGC;21;POST-PANAMAXI;CGC;2483;D2030_215_newpanamax
43.0;339.0;14.0;14.0;3.0;17;48;SAT;5;7;False;False;False;6000;27.82;2.13;0.75;JUN;6;DPW - CGC;21;POST-PANAMAXII;CGC;2484;D2030_215_newpanamax
23.0;175.0;0.0;10.25;1.0;18;51;SAT;5;7;False;False;False;35000;27.04;5.3;0.75;JUN;6;ELEVACOES;24;HANDYSIZE;GSA - E;2485;D2030_215_newpanamax
32.2;205.0;0.0;12.2;1.0;18;51;SAT;5;7;False;False;False;55000;39.16;1.72;0.75;JUN;6;ELEVACOES;24;SUPRAMAX;GSA - E;2486;D2030_215_newpanamax
36.0;225.0;0.0;11.7;1.0;20;52;SAT;5;7;False;False;False;55000;50.0;3.79;0.75;JUN;6;SUZANO;25;NAVIOCARGAGERAL;CGNC;2487;D2030_215_newpanamax
43.0;339.0;14.0;14.0;3.0;19;50;SAT;5;7;False;False;False;6000;25.92;4.11;0.75;JUN;6;SANTOSBR;31;POST-PANAMAXII;CGC;2488;D2030_215_newpanamax
23.0;225.0;0.0;13.25;1.0;16;46;SAT;5;7;False;False;False;70000;88.35;1.58;0.75;JUN;6;TEAG;33;PANAMAX;GSA - E;2489;D2030_215_newpanamax
23.0;225.0;0.0;13.25;1.0;16;54;SAT;5;7;False;False;False;70000;111.09;1.2;0.75;JUN;6;TES;36;PANAMAX;GSA - E;2490;D2030_215_newpanamax
23.0;235.0;9.25;9.25;3.0;17;51;SAT;5;7;False;False;True;5000;19.52;0.67;0.75;JUN;6;TEV;37;LARGEPCTC;RORO;2491;D2030_215_newpanamax
23.0;165.0;9.75;0.0;2.0;16;51;SAT;5;7;False;False;False;18000;18.55;2.0;0.75;JUN;6;TIPLAM - GL;40;GPGENERALPURPOSE;GL;2492;D2030_215_newpanamax
23.0;225.0;0.0;13.25;1.0;17;52;SAT;5;7;False;False;False;70000;62.19;7.56;0.75;JUN;6;TIPLAM - GSA - E;41;PANAMAX;GSA - E;2493;D2030_215_newpanamax
23.0;295.0;0.0;11.75;1.0;11;55;SAT;5;7;True;False;False;76500;53.08;0.0;0.75;JUN;6;TRSP;44;LNGCARRIER;GL;2494;D2030_215_newpanamax
23.0;225.0;0.0;13.75;1.0;23;43;SUN;6;8;False;False;False;70000;51.12;2.0;0.75;JUN;6;RUMO - GSA - E;4;PANAMAX;GSA - E;2495;D2030_215_newpanamax
23.0;225.0;0.0;13.75;1.0;21;52;SUN;6;8;False;False;False;70000;51.12;1.98;0.75;JUN;6;ADM;9;PANAMAX;GSA - E;2496;D2030_215_newpanamax
23.0;275.0;14.25;14.25;3.0;23;18;SUN;6;8;False;False;False;3000;14.7;5.93;0.75;JUN;6;BTP;13;PANAMAX;CGC;2497;D2030_215_newpanamax
23.0;305.0;14.5;14.5;3.0;23;7;SUN;6;8;False;False;False;4000;20.66;4.8;0.75;JUN;6;BTP;13;POST-PANAMAXI;CGC;2498;D2030_215_newpanamax
23.0;225.0;0.0;14.25;1.0;20;58;SUN;6;8;False;False;False;70000;68.98;10.75;0.75;JUN;6;COFCO;16;PANAMAX;GSA - E;2499;D2030_215_newpanamax
23.0;255.0;13.25;13.25;3.0;21;57;SUN;6;8;False;False;False;3000;17.86;1.13;0.75;JUN;6;DPW - CGC;21;PANAMAX;CGC;2500;D2030_215_newpanamax
23.0;175.0;10.75;0.0;2.0;22;57;SUN;6;8;False;False;False;35000;59.83;5.03;0.75;JUN;6;HIDROVIAS;27;HANDYSIZE;GSM - I;2501;D2030_215_newpanamax
23.0;215.0;12.25;12.25;3.0;23;26;SUN;6;8;False;False;False;1000;16.8;1.9;0.75;JUN;6;SANTOSBR;31;FULLYCELLULAR;CGC;2502;D2030_215_newpanamax
23.0;275.0;13.25;13.25;3.0;22;59;SUN;6;8;False;False;False;3000;15.61;2.72;0.75;JUN;6;SANTOSBR;31;PANAMAX;CGC;2503;D2030_215_newpanamax
23.0;295.0;13.75;13.75;3.0;22;59;SUN;6;8;False;False;False;4000;21.3;2.68;0.75;JUN;6;SANTOSBR;31;POST-PANAMAXI;CGC;2504;D2030_215_newpanamax
43.0;339.0;14.0;14.0;3.0;21;56;SUN;6;8;False;False;False;6000;25.92;1.52;0.75;JUN;6;SANTOSBR;31;POST-PANAMAXII;CGC;2505;D2030_215_newpanamax
23.0;225.0;0.0;13.25;1.0;20;54;SUN;6;8;False;False;False;70000;78.07;0.14;0.75;JUN;6;TEG;34;PANAMAX;GSA - E;2506;D2030_215_newpanamax
23.0;225.0;14.25;0.0;2.0;22;12;SUN;6;8;False;False;False;70000;111.09;2.76;0.75;JUN;6;TERMAG;35;PANAMAX;GSM - I;2507;D2030_215_newpanamax
23.0;225.0;0.0;14.25;1.0;22;9;SUN;6;8;False;False;False;70000;61.75;4.41;0.75;JUN;6;TGRAO;39;PANAMAX;GSA - E;2508;D2030_215_newpanamax
23.0;195.0;12.25;0.0;2.0;21;12;SUN;6;8;False;False;False;45000;85.0;2.3;0.75;JUN;6;TIPLAM - GSM - I;42;HANDYMAX;GSM - I;2509;D2030_215_newpanamax
23.0;185.0;11.75;0.0;2.0;22;14;SUN;6;8;False;False;False;35000;29.94;2.51;0.75;JUN;6;TRANSPETRO;43;MRMEDIUMRANGE;GL;2510;D2030_215_newpanamax
36.0;225.0;0.0;13.0;1.0;0;1;MON;0;9;False;False;False;55000;99.0;0.73;0.75;JUN;6;ARAUCO;1;NAVIOCARGAGERAL;CGNC;2511;D2030_215_newpanamax
23.0;225.0;0.0;12.75;1.0;3;6;MON;0;9;False;False;False;70000;51.12;4.86;0.75;JUN;6;RUMO - GSA - E;4;PANAMAX;GSA - E;2512;D2030_215_newpanamax
23.0;225.0;0.0;12.25;1.0;1;3;MON;0;9;False;False;False;70000;51.12;3.6;0.75;JUN;6;ADM;9;PANAMAX;GSA - E;2513;D2030_215_newpanamax
23.0;175.0;0.0;7.75;1.0;1;2;MON;0;9;False;False;False;35000;64.43;1.14;0.75;JUN;6;AGEO_TERMINAIS;11;MRMEDIUMRANGE;GL;2514;D2030_215_newpanamax
23.0;305.0;9.75;9.75;3.0;1;3;MON;0;9;False;False;False;4000;20.66;2.53;0.75;JUN;6;BTP;13;POST-PANAMAXI;CGC;2515;D2030_215_newpanamax
23.0;225.0;0.0;12.25;1.0;6;11;MON;0;9;False;False;False;70000;68.98;12.33;0.75;JUN;6;COFCO;16;PANAMAX;GSA - E;2516;D2030_215_newpanamax
23.0;225.0;0.0;9.75;1.0;3;8;MON;0;9;False;False;False;70000;54.03;12.0;0.75;JUN;6;CUTRALE - GSA - E;19;PANAMAX;GSA - E;2517;D2030_215_newpanamax
23.0;195.0;7.25;7.25;3.0;2;4;MON;0;9;False;False;False;1000;13.38;2.02;0.75;JUN;6;DPW - CGC;21;FULLYCELLULAR;CGC;2518;D2030_215_newpanamax
23.0;255.0;9.75;9.75;3.0;3;6;MON;0;9;False;False;False;3000;17.86;1.07;0.75;JUN;6;DPW - CGC;21;PANAMAX;CGC;2519;D2030_215_newpanamax
23.0;245.0;8.75;8.75;3.0;0;1;MON;0;9;False;False;False;3000;17.86;1.15;0.75;JUN;6;DPW - CGC;21;PANAMAX;CGC;2520;D2030_215_newpanamax
43.0;339.0;14.0;14.0;3.0;1;3;MON;0;9;False;False;False;6000;27.82;1.86;0.75;JUN;6;DPW - CGC;21;POST-PANAMAXII;CGC;2521;D2030_215_newpanamax
23.0;175.0;0.0;9.25;1.0;6;13;MON;0;9;False;False;False;35000;137.91;0.06;0.75;JUN;6;NST - GL;30;MRMEDIUMRANGE;GL;2522;D2030_215_newpanamax
23.0;195.0;8.25;8.25;3.0;1;2;MON;0;9;False;False;False;1000;16.8;2.57;0.75;JUN;6;SANTOSBR;31;FULLYCELLULAR;CGC;2523;D2030_215_newpanamax
23.0;255.0;9.25;9.25;3.0;1;2;MON;0;9;False;False;False;3000;15.61;2.81;0.75;JUN;6;SANTOSBR;31;PANAMAX;CGC;2524;D2030_215_newpanamax
23.0;295.0;9.75;9.75;3.0;1;3;MON;0;9;False;False;False;4000;21.3;2.26;0.75;JUN;6;SANTOSBR;31;POST-PANAMAXI;CGC;2525;D2030_215_newpanamax
43.0;339.0;14.0;14.0;3.0;1;2;MON;0;9;False;False;False;6000;25.92;0.79;0.75;JUN;6;SANTOSBR;31;POST-PANAMAXII;CGC;2526;D2030_215_newpanamax
23.0;165.0;8.25;8.25;3.0;1;5;MON;0;9;False;False;True;1500;20.97;1.34;0.75;JUN;6;TEV;37;CARGARO-RO;RORO;2527;D2030_215_newpanamax
23.0;225.0;0.0;8.25;1.0;0;2;MON;0;9;False;False;False;70000;62.19;4.83;0.75;JUN;6;TIPLAM - GSA - E;41;PANAMAX;GSA - E;2528;D2030_215_newpanamax
23.0;175.0;7.75;0.0;2.0;1;4;MON;0;9;False;False;False;35000;72.19;3.75;0.75;JUN;6;TIPLAM - GSM - I;42;HANDYSIZE;GSM - I;2529;D2030_215_newpanamax
23.0;175.0;0.0;8.25;1.0;0;2;MON;0;9;False;False;False;35000;29.94;2.21;0.75;JUN;6;TRANSPETRO;43;MRMEDIUMRANGE;GL;2530;D2030_215_newpanamax
23.0;175.0;0.0;6.75;1.0;4;9;MON;0;9;False;False;False;35000;90.66;11.81;0.75;JUN;6;USIMINAS;46;HANDYSIZE;CGNC;2531;D2030_215_newpanamax
23.0;185.0;9.25;9.25;3.0;5;11;TUE;1;10;False;False;False;1000;16.8;1.29;0.75;JUN;6;TECON10;3;FULLYCELLULAR;CGC;2532;D2030_215_newpanamax
23.0;225.0;0.0;12.75;1.0;7;13;TUE;1;10;False;False;False;70000;51.12;2.61;0.75;JUN;6;ADM;9;PANAMAX;GSA - E;2533;D2030_215_newpanamax
23.0;155.0;0.0;7.75;1.0;5;11;TUE;1;10;False;False;False;18000;45.88;0.35;0.75;JUN;6;AGEO_TERMINAIS;11;GPGENERALPURPOSE;GL;2534;D2030_215_newpanamax
23.0;185.0;0.0;8.75;1.0;6;15;TUE;1;10;False;False;False;35000;64.43;0.24;0.75;JUN;6;AGEO_TERMINAIS;11;MRMEDIUMRANGE;GL;2535;D2030_215_newpanamax
23.0;295.0;11.25;11.25;3.0;4;11;TUE;1;10;False;False;False;4000;20.66;2.2;0.75;JUN;6;BTP;13;POST-PANAMAXI;CGC;2536;D2030_215_newpanamax
23.0;295.0;11.75;11.75;3.0;4;13;TUE;1;10;False;False;False;4000;20.66;2.77;0.75;JUN;6;BTP;13;POST-PANAMAXI;CGC;2537;D2030_215_newpanamax
23.0;225.0;0.0;12.75;1.0;8;17;TUE;1;10;False;False;False;60000;162.93;8.03;0.75;JUN;6;CUTRALE - GL;18;LR1LONGRANGE1;GL;2538;D2030_215_newpanamax
23.0;185.0;9.25;9.25;3.0;5;13;TUE;1;10;False;False;False;1000;13.38;1.82;0.75;JUN;6;DPW - CGC;21;FULLYCELLULAR;CGC;2539;D2030_215_newpanamax
23.0;255.0;10.25;10.25;3.0;5;13;TUE;1;10;False;False;False;3000;17.86;1.76;0.75;JUN;6;DPW - CGC;21;PANAMAX;CGC;2540;D2030_215_newpanamax
23.0;325.0;10.75;10.75;3.0;6;15;TUE;1;10;False;False;False;4000;21.93;2.54;0.75;JUN;6;DPW - CGC;21;POST-PANAMAXI;CGC;2541;D2030_215_newpanamax
23.0;175.0;0.0;9.75;1.0;6;13;TUE;1;10;False;False;False;35000;27.04;2.26;0.75;JUN;6;ELEVACOES;24;HANDYSIZE;GSA - E;2542;D2030_215_newpanamax
23.0;225.0;0.0;13.25;1.0;6;12;TUE;1;10;False;False;False;70000;53.25;3.44;0.75;JUN;6;ELEVACOES;24;PANAMAX;GSA - E;2543;D2030_215_newpanamax
23.0;185.0;9.25;9.25;3.0;5;12;TUE;1;10;False;False;False;1000;16.8;3.86;0.75;JUN;6;SANTOSBR;31;FULLYCELLULAR;CGC;2544;D2030_215_newpanamax
23.0;295.0;11.25;11.25;3.0;5;12;TUE;1;10;False;False;False;4000;21.3;2.78;0.75;JUN;6;SANTOSBR;31;POST-PANAMAXI;CGC;2545;D2030_215_newpanamax
23.0;225.0;0.0;10.25;1.0;5;10;TUE;1;10;False;False;False;70000;88.35;0.58;0.75;JUN;6;TEAG;33;PANAMAX;GSA - E;2546;D2030_215_newpanamax
23.0;225.0;0.0;12.75;1.0;7;13;TUE;1;10;False;False;False;70000;111.09;4.97;0.75;JUN;6;TES;36;PANAMAX;GSA - E;2547;D2030_215_newpanamax
23.0;235.0;8.25;8.25;3.0;6;16;TUE;1;10;False;False;True;5000;19.52;3.62;0.75;JUN;6;TEV;37;LARGEPCTC;RORO;2548;D2030_215_newpanamax
23.0;225.0;0.0;13.25;1.0;4;8;TUE;1;10;False;False;False;70000;39.92;2.0;0.75;JUN;6;TGG;38;PANAMAX;GSA - E;2549;D2030_215_newpanamax
23.0;225.0;0.0;13.25;1.0;4;11;TUE;1;10;False;False;False;70000;61.75;2.98;0.75;JUN;6;TGRAO;39;PANAMAX;GSA - E;2550;D2030_215_newpanamax
23.0;185.0;0.0;8.75;1.0;7;15;TUE;1;10;False;False;False;35000;29.94;6.97;0.75;JUN;6;TRANSPETRO;43;MRMEDIUMRANGE;GL;2551;D2030_215_newpanamax
23.0;225.0;0.0;12.25;1.0;6;13;TUE;1;10;False;False;False;70000;55.1;0.28;0.75;JUN;6;XXXIX;48;PANAMAX;GSA - E;2552;D2030_215_newpanamax
33.0;177.9;8.0;8.1;1.0;20;30;0;1;10;False;False;False;0;61.33;0.17;0.75;0;6;TUP - Saipem;8;HANDYSIZE;CGNC;2553;D2030_215_newpanamax
36.0;225.0;0.0;13.0;1.0;8;19;WED;2;11;False;False;False;55000;99.0;2.48;0.75;JUN;6;ARAUCO;1;NAVIOCARGAGERAL;CGNC;2554;D2030_215_newpanamax
23.0;185.0;9.75;9.75;3.0;8;23;WED;2;11;False;False;False;1000;16.8;1.9;0.75;JUN;6;TECON10;3;FULLYCELLULAR;CGC;2555;D2030_215_newpanamax
23.0;225.0;13.25;0.0;2.0;3;12;WED;2;11;False;False;False;70000;111.09;2.12;0.75;JUN;6;RUMO - GSM - I;5;PANAMAX;GSM - I;2556;D2030_215_newpanamax
23.0;215.0;8.75;8.75;3.0;5;17;WED;2;11;False;False;False;1000;13.85;2.64;0.75;JUN;6;BTP;13;FULLYCELLULAR;CGC;2557;D2030_215_newpanamax
23.0;295.0;11.75;11.75;3.0;5;17;WED;2;11;False;False;False;4000;20.66;2.27;0.75;JUN;6;BTP;13;POST-PANAMAXI;CGC;2558;D2030_215_newpanamax
43.0;339.0;14.0;14.0;3.0;5;17;WED;2;11;False;False;False;6000;23.63;2.3;0.75;JUN;6;BTP;13;POST-PANAMAXII;CGC;2559;D2030_215_newpanamax
23.0;225.0;0.0;13.75;1.0;9;32;WED;2;11;False;False;False;70000;58.85;1.96;0.75;JUN;6;COPESUCAR;17;PANAMAX;GSA - E;2560;D2030_215_newpanamax
23.0;215.0;9.75;9.75;3.0;10;26;WED;2;11;False;False;False;1000;13.38;5.77;0.75;JUN;6;DPW - CGC;21;FULLYCELLULAR;CGC;2561;D2030_215_newpanamax
23.0;215.0;9.75;9.75;3.0;9;24;WED;2;11;False;False;False;1000;13.38;2.75;0.75;JUN;6;DPW - CGC;21;FULLYCELLULAR;CGC;2562;D2030_215_newpanamax
23.0;245.0;10.75;10.75;3.0;7;20;WED;2;11;False;False;False;3000;17.86;0.92;0.75;JUN;6;DPW - CGC;21;PANAMAX;CGC;2563;D2030_215_newpanamax
36.0;225.0;0.0;13.0;1.0;10;27;WED;2;11;False;False;False;55000;64.0;1.28;0.75;JUN;6;DPW - CGNC;22;NAVIOCARGAGERAL;CGNC;2564;D2030_215_newpanamax
32.2;205.0;0.0;12.2;1.0;8;20;WED;2;11;False;False;False;55000;39.16;5.45;0.75;JUN;6;ELEVACOES;24;SUPRAMAX;GSA - E;2565;D2030_215_newpanamax
23.0;195.0;9.25;9.25;3.0;6;18;WED;2;11;False;False;False;1000;16.8;1.82;0.75;JUN;6;SANTOSBR;31;FULLYCELLULAR;CGC;2566;D2030_215_newpanamax
23.0;185.0;9.75;9.75;3.0;9;24;WED;2;11;False;False;False;1000;16.8;2.09;0.75;JUN;6;SANTOSBR;31;FULLYCELLULAR;CGC;2567;D2030_215_newpanamax
23.0;245.0;10.75;10.75;3.0;7;22;WED;2;11;False;False;False;3000;15.61;3.7;0.75;JUN;6;SANTOSBR;31;PANAMAX;CGC;2568;D2030_215_newpanamax
23.0;295.0;11.75;11.75;3.0;6;18;WED;2;11;False;False;False;4000;21.3;1.74;0.75;JUN;6;SANTOSBR;31;POST-PANAMAXI;CGC;2569;D2030_215_newpanamax
43.0;339.0;14.0;14.0;3.0;6;18;WED;2;11;False;False;False;6000;25.92;1.68;0.75;JUN;6;SANTOSBR;31;POST-PANAMAXII;CGC;2570;D2030_215_newpanamax
23.0;225.0;0.0;12.75;1.0;8;23;WED;2;11;False;False;False;70000;88.35;3.36;0.75;JUN;6;TEAG;33;PANAMAX;GSA - E;2571;D2030_215_newpanamax
23.0;195.0;8.75;8.75;3.0;9;26;WED;2;11;False;False;True;1500;20.97;4.62;0.75;JUN;6;TEV;37;CARGARO-RO;RORO;2572;D2030_215_newpanamax
23.0;225.0;0.0;13.25;1.0;10;25;WED;2;11;False;False;False;70000;39.92;1.1;0.75;JUN;6;TGG;38;PANAMAX;GSA - E;2573;D2030_215_newpanamax
23.0;225.0;0.0;13.25;1.0;6;16;WED;2;11;False;False;False;70000;61.75;3.26;0.75;JUN;6;TGRAO;39;PANAMAX;GSA - E;2574;D2030_215_newpanamax
23.0;225.0;0.0;13.25;1.0;7;22;WED;2;11;False;False;False;70000;62.19;4.05;0.75;JUN;6;TIPLAM - GSA - E;41;PANAMAX;GSA - E;2575;D2030_215_newpanamax
23.0;185.0;9.75;0.0;2.0;7;21;WED;2;11;False;False;False;45000;85.0;2.38;0.75;JUN;6;TIPLAM - GSM - I;42;HANDYMAX;GSM - I;2576;D2030_215_newpanamax
23.0;225.0;8.75;0.0;2.0;7;21;WED;2;11;False;False;False;70000;104.45;6.95;0.75;JUN;6;TIPLAM - GSM - I;42;PANAMAX;GSM - I;2577;D2030_215_newpanamax
23.0;185.0;0.0;9.25;1.0;11;27;WED;2;11;False;False;False;35000;29.94;10.32;0.75;JUN;6;TRANSPETRO;43;MRMEDIUMRANGE;GL;2578;D2030_215_newpanamax
17.0;75.2;4.0;5.5;1.0;14;10;0;2;11;False;False;False;0;42.33;0.17;0.75;0;6;TUP - Saipem;8;HANDYSIZE;CGNC;2579;D2030_215_newpanamax
19.0;88.9;6.0;6.0;1.0;18;10;0;2;11;False;False;False;0;68.83;0.17;0.75;0;6;TUP - Saipem;8;HANDYSIZE;CGNC;2580;D2030_215_newpanamax
23.0;225.0;0.0;13.25;1.0;13;31;THU;3;12;False;False;False;70000;51.12;2.39;0.75;JUN;6;RUMO - GSA - E;4;PANAMAX;GSA - E;2581;D2030_215_newpanamax
23.0;225.0;0.0;13.25;1.0;10;23;THU;3;12;False;False;False;70000;51.12;3.22;0.75;JUN;6;ADM;9;PANAMAX;GSA - E;2582;D2030_215_newpanamax
23.0;185.0;8.25;0.0;2.0;10;32;THU;3;12;False;False;False;35000;37.45;12.68;0.75;JUN;6;ADONAI;10;MRMEDIUMRANGE;GL;2583;D2030_215_newpanamax
23.0;185.0;9.75;0.0;2.0;12;32;THU;3;12;False;False;False;35000;64.43;0.33;0.75;JUN;6;AGEO_TERMINAIS;11;MRMEDIUMRANGE;GL;2584;D2030_215_newpanamax
23.0;305.0;12.25;12.25;3.0;8;23;THU;3;12;False;False;False;4000;20.66;0.96;0.75;JUN;6;BTP;13;POST-PANAMAXI;CGC;2585;D2030_215_newpanamax
23.0;175.0;10.25;0.0;2.0;8;30;THU;3;12;False;False;False;35000;135.86;8.75;0.75;JUN;6;BUNGE;14;HANDYSIZE;GSA - I;2586;D2030_215_newpanamax
23.0;185.0;0.0;12.75;1.0;13;39;THU;3;12;False;False;False;45000;39.48;4.36;0.75;JUN;6;COPESUCAR;17;HANDYMAX;GSA - E;2587;D2030_215_newpanamax
23.0;185.0;10.25;10.25;3.0;11;31;THU;3;12;False;False;False;1000;13.38;0.81;0.75;JUN;6;DPW - CGC;21;FULLYCELLULAR;CGC;2588;D2030_215_newpanamax
23.0;255.0;11.25;11.25;3.0;11;31;THU;3;12;False;False;False;3000;17.86;2.02;0.75;JUN;6;DPW - CGC;21;PANAMAX;CGC;2589;D2030_215_newpanamax
23.0;305.0;12.25;12.25;3.0;11;31;THU;3;12;False;False;False;4000;21.93;1.11;0.75;JUN;6;DPW - CGC;21;POST-PANAMAXI;CGC;2590;D2030_215_newpanamax
23.0;175.0;0.0;9.75;1.0;10;29;THU;3;12;False;False;False;35000;27.04;2.09;0.75;JUN;6;ELEVACOES;24;HANDYSIZE;GSA - E;2591;D2030_215_newpanamax
36.0;225.0;0.0;11.7;1.0;15;32;THU;3;12;False;False;False;55000;200.0;15.99;0.75;JUN;6;NST - CGNC;29;NAVIOCARGAGERAL;CGNC;2592;D2030_215_newpanamax
23.0;255.0;11.25;11.25;3.0;11;31;THU;3;12;False;False;False;3000;15.61;3.72;0.75;JUN;6;SANTOSBR;31;PANAMAX;CGC;2593;D2030_215_newpanamax
23.0;295.0;12.25;12.25;3.0;11;31;THU;3;12;False;False;False;4000;21.3;10.98;0.75;JUN;6;SANTOSBR;31;POST-PANAMAXI;CGC;2594;D2030_215_newpanamax
23.0;185.0;12.25;0.0;2.0;6;28;THU;3;12;False;False;False;45000;89.37;7.87;0.75;JUN;6;TERMAG;35;HANDYMAX;GSM - I;2595;D2030_215_newpanamax
23.0;225.0;14.25;0.0;2.0;6;28;THU;3;12;False;False;False;70000;111.09;4.42;0.75;JUN;6;TERMAG;35;PANAMAX;GSM - I;2596;D2030_215_newpanamax
23.0;195.0;9.25;9.25;3.0;10;32;THU;3;12;False;False;True;1500;20.97;7.53;0.75;JUN;6;TEV;37;CARGARO-RO;RORO;2597;D2030_215_newpanamax
23.0;245.0;0.0;11.75;1.0;11;29;THU;3;12;False;False;False;85000;97.87;2.12;0.75;JUN;6;TGG;38;POST-PANAMAX;GSA - E;2598;D2030_215_newpanamax
23.0;225.0;0.0;13.25;1.0;11;32;THU;3;12;False;False;False;70000;62.19;7.65;0.75;JUN;6;TIPLAM - GSA - E;41;PANAMAX;GSA - E;2599;D2030_215_newpanamax
23.0;155.0;0.0;8.25;1.0;11;28;THU;3;12;False;False;False;18000;28.37;0.92;0.75;JUN;6;TRANSPETRO;43;GPGENERALPURPOSE;GL;2600;D2030_215_newpanamax
23.0;185.0;0.0;9.25;1.0;12;29;THU;3;12;False;False;False;35000;29.94;4.32;0.75;JUN;6;TRANSPETRO;43;MRMEDIUMRANGE;GL;2601;D2030_215_newpanamax
23.0;155.0;8.75;0.0;2.0;11;28;THU;3;12;False;False;False;18000;42.57;6.3;0.75;JUN;6;ULTRACARGO;45;GPGENERALPURPOSE;GL;2602;D2030_215_newpanamax
23.0;225.0;0.0;12.75;1.0;14;37;THU;3;12;False;False;False;70000;55.1;0.17;0.75;JUN;6;XXXIX;48;PANAMAX;GSA - E;2603;D2030_215_newpanamax
23.0;155.0;9.25;0.0;2.0;13;37;FRI;4;13;False;False;False;18000;45.88;0.48;0.75;JUN;6;AGEO_TERMINAIS;11;GPGENERALPURPOSE;GL;2604;D2030_215_newpanamax
23.0;285.0;12.75;12.75;3.0;12;37;FRI;4;13;False;False;False;3000;14.7;8.71;0.75;JUN;6;BTP;13;PANAMAX;CGC;2605;D2030_215_newpanamax
23.0;305.0;12.75;12.75;3.0;11;34;FRI;4;13;False;False;False;4000;20.66;1.78;0.75;JUN;6;BTP;13;POST-PANAMAXI;CGC;2606;D2030_215_newpanamax
23.0;225.0;0.0;13.75;1.0;15;41;FRI;4;13;False;False;False;70000;68.98;9.2;0.75;JUN;6;COFCO;16;PANAMAX;GSA - E;2607;D2030_215_newpanamax
23.0;205.0;10.75;10.75;3.0;16;45;FRI;4;13;False;False;False;1000;13.38;1.54;0.75;JUN;6;DPW - CGC;21;FULLYCELLULAR;CGC;2608;D2030_215_newpanamax
23.0;205.0;10.25;10.25;3.0;14;39;FRI;4;13;False;False;False;1000;13.38;1.95;0.75;JUN;6;DPW - CGC;21;FULLYCELLULAR;CGC;2609;D2030_215_newpanamax
23.0;275.0;11.25;11.25;3.0;14;39;FRI;4;13;False;False;False;3000;17.86;1.67;0.75;JUN;6;DPW - CGC;21;PANAMAX;CGC;2610;D2030_215_newpanamax
23.0;305.0;12.75;12.75;3.0;14;39;FRI;4;13;False;False;False;4000;21.93;1.19;0.75;JUN;6;DPW - CGC;21;POST-PANAMAXI;CGC;2611;D2030_215_newpanamax
23.0;225.0;0.0;14.2;1.0;15;43;FRI;4;13;False;False;False;70000;53.25;6.73;0.75;JUN;6;ELEVACOES;24;PANAMAX;GSA - E;2612;D2030_215_newpanamax
23.0;225.0;0.0;13.75;1.0;14;40;FRI;4;13;False;False;False;70000;53.25;6.1;0.75;JUN;6;ELEVACOES;24;PANAMAX;GSA - E;2613;D2030_215_newpanamax
23.0;205.0;10.25;10.25;3.0;15;40;FRI;4;13;False;False;False;1000;16.8;1.53;0.75;JUN;6;SANTOSBR;31;FULLYCELLULAR;CGC;2614;D2030_215_newpanamax
23.0;295.0;12.75;12.75;3.0;15;40;FRI;4;13;False;False;False;4000;21.3;4.4;0.75;JUN;6;SANTOSBR;31;POST-PANAMAXI;CGC;2615;D2030_215_newpanamax
23.0;225.0;0.0;13.25;1.0;13;32;FRI;4;13;False;False;False;70000;111.09;2.33;0.75;JUN;6;TES;36;PANAMAX;GSA - E;2616;D2030_215_newpanamax
23.0;225.0;0.0;13.75;1.0;14;42;FRI;4;13;False;False;False;70000;39.92;5.33;0.75;JUN;6;TGG;38;PANAMAX;GSA - E;2617;D2030_215_newpanamax
23.0;225.0;0.0;13.75;1.0;14;41;FRI;4;13;False;False;False;70000;61.75;5.88;0.75;JUN;6;TGRAO;39;PANAMAX;GSA - E;2618;D2030_215_newpanamax
23.0;185.0;0.0;9.75;1.0;15;38;FRI;4;13;False;False;False;35000;29.94;2.81;0.75;JUN;6;TRANSPETRO;43;MRMEDIUMRANGE;GL;2619;D2030_215_newpanamax
23.0;225.0;0.0;12.75;1.0;15;41;FRI;4;13;False;False;False;70000;55.1;0.01;0.75;JUN;6;XXXIX;48;PANAMAX;GSA - E;2620;D2030_215_newpanamax
18.0;85.34;5.0;5.5;1.0;11;50;0;4;13;False;False;False;0;184.17;0.17;0.75;0;6;TUP - Saipem;8;HANDYSIZE;CGNC;2621;D2030_215_newpanamax
23.0;185.0;12.75;0.0;2.0;15;45;SAT;5;14;False;False;False;45000;89.37;6.65;0.75;JUN;6;RUMO - GSM - I;5;HANDYMAX;GSM - I;2622;D2030_215_newpanamax
23.0;185.0;11.25;0.0;2.0;19;51;SAT;5;14;False;False;False;35000;64.43;0.56;0.75;JUN;6;AGEO_TERMINAIS;11;MRMEDIUMRANGE;GL;2623;D2030_215_newpanamax
23.0;275.0;13.25;13.25;3.0;14;42;SAT;5;14;False;False;False;3000;14.7;2.22;0.75;JUN;6;BTP;13;PANAMAX;CGC;2624;D2030_215_newpanamax
23.0;295.0;14.25;14.25;3.0;20;54;SAT;5;14;False;False;False;4000;20.66;1.12;0.75;JUN;6;BTP;13;POST-PANAMAXI;CGC;2625;D2030_215_newpanamax
23.0;295.0;13.75;13.75;3.0;15;44;SAT;5;14;False;False;False;4000;20.66;2.48;0.75;JUN;6;BTP;13;POST-PANAMAXI;CGC;2626;D2030_215_newpanamax
23.0;295.0;14.25;14.25;3.0;19;52;SAT;5;14;False;False;False;4000;20.66;1.09;0.75;JUN;6;BTP;13;POST-PANAMAXI;CGC;2627;D2030_215_newpanamax
23.0;195.0;0.0;13.25;1.0;16;54;SAT;5;14;False;False;False;45000;39.48;2.91;0.75;JUN;6;COPESUCAR;17;HANDYMAX;GSA - E;2628;D2030_215_newpanamax
23.0;215.0;10.75;10.75;3.0;18;49;SAT;5;14;False;False;False;1000;13.38;1.11;0.75;JUN;6;DPW - CGC;21;FULLYCELLULAR;CGC;2629;D2030_215_newpanamax
23.0;275.0;12.25;12.25;3.0;18;51;SAT;5;14;False;False;False;3000;17.86;2.82;0.75;JUN;6;DPW - CGC;21;PANAMAX;CGC;2630;D2030_215_newpanamax
43.0;339.0;14.0;14.0;3.0;18;49;SAT;5;14;False;False;False;6000;27.82;2.26;0.75;JUN;6;DPW - CGC;21;POST-PANAMAXII;CGC;2631;D2030_215_newpanamax
23.0;195.0;0.0;13.25;1.0;18;51;SAT;5;14;False;False;False;45000;37.2;4.22;0.75;JUN;6;ELEVACOES;24;HANDYMAX;GSA - E;2632;D2030_215_newpanamax
23.0;225.0;0.0;14.2;1.0;18;51;SAT;5;14;False;False;False;70000;53.25;1.94;0.75;JUN;6;ELEVACOES;24;PANAMAX;GSA - E;2633;D2030_215_newpanamax
36.0;225.0;0.0;11.7;1.0;16;57;SAT;5;14;False;False;False;55000;200.0;19.67;0.75;JUN;6;NST - CGNC;29;NAVIOCARGAGERAL;CGNC;2634;D2030_215_newpanamax
23.0;275.0;12.25;12.25;3.0;19;50;SAT;5;14;False;False;False;3000;15.61;1.12;0.75;JUN;6;SANTOSBR;31;PANAMAX;CGC;2635;D2030_215_newpanamax
23.0;225.0;0.0;13.25;1.0;16;43;SAT;5;14;False;False;False;70000;78.07;2.6;0.75;JUN;6;TEG;34;PANAMAX;GSA - E;2636;D2030_215_newpanamax
23.0;225.0;0.0;13.25;1.0;16;53;SAT;5;14;False;False;False;70000;111.09;1.46;0.75;JUN;6;TES;36;PANAMAX;GSA - E;2637;D2030_215_newpanamax
23.0;225.0;0.0;13.75;1.0;18;54;SAT;5;14;False;False;False;70000;39.92;3.47;0.75;JUN;6;TGG;38;PANAMAX;GSA - E;2638;D2030_215_newpanamax
23.0;225.0;0.0;13.25;1.0;17;48;SAT;5;14;False;False;False;70000;62.19;1.8;0.75;JUN;6;TIPLAM - GSA - E;41;PANAMAX;GSA - E;2639;D2030_215_newpanamax
38.0;250.0;0.0;14.1;1.0;17;48;SAT;5;14;False;False;False;85000;73.55;2.29;0.75;JUN;6;TIPLAM - GSA - E;41;POST-PANAMAX;GSA - E;2640;D2030_215_newpanamax
23.0;225.0;0.0;13.25;1.0;17;50;SAT;5;14;False;False;False;70000;55.1;3.39;0.75;JUN;6;XXXIX;48;PANAMAX;GSA - E;2641;D2030_215_newpanamax
23.0;225.0;0.0;13.75;1.0;22;57;SUN;6;15;False;False;False;70000;51.12;2.88;0.75;JUN;6;RUMO - GSA - E;4;PANAMAX;GSA - E;2642;D2030_215_newpanamax
23.0;255.0;0.0;12.75;1.0;21;52;SUN;6;15;False;False;False;85000;111.5;2.01;0.75;JUN;6;ADM;9;POST-PANAMAX;GSA - E;2643;D2030_215_newpanamax
23.0;135.0;7.75;7.75;3.0;23;18;SUN;6;15;False;False;False;500;20.71;0.99;0.75;JUN;6;BTP;13;FEEDER/EARLY;CGC;2644;D2030_215_newpanamax
23.0;295.0;14.25;14.25;3.0;20;56;SUN;6;15;False;False;False;4000;20.66;4.16;0.75;JUN;6;BTP;13;POST-PANAMAXI;CGC;2645;D2030_215_newpanamax
43.0;339.0;14.0;14.0;3.0;23;18;SUN;6;15;False;False;False;6000;23.63;3.97;0.75;JUN;6;BTP;13;POST-PANAMAXII;CGC;2646;D2030_215_newpanamax
23.0;305.0;14.25;14.25;3.0;23;24;SUN;6;15;False;False;False;4000;21.93;1.3;0.75;JUN;6;DPW - CGC;21;POST-PANAMAXI;CGC;2647;D2030_215_newpanamax
23.0;225.0;0.0;14.2;1.0;23;25;SUN;6;15;False;False;False;70000;53.25;3.94;0.75;JUN;6;ELEVACOES;24;PANAMAX;GSA - E;2648;D2030_215_newpanamax
23.0;215.0;0.0;11.25;1.0;16;58;SUN;6;15;False;False;False;35000;137.91;0.01;0.75;JUN;6;NST - GL;30;MRMEDIUMRANGE;GL;2649;D2030_215_newpanamax
23.0;275.0;12.75;12.75;3.0;21;56;SUN;6;15;False;False;False;3000;15.61;2.33;0.75;JUN;6;SANTOSBR;31;PANAMAX;CGC;2650;D2030_215_newpanamax
23.0;295.0;13.75;13.75;3.0;21;56;SUN;6;15;False;False;False;4000;21.3;1.45;0.75;JUN;6;SANTOSBR;31;POST-PANAMAXI;CGC;2651;D2030_215_newpanamax
43.0;339.0;14.0;14.0;3.0;22;59;SUN;6;15;False;False;False;6000;25.92;4.49;0.75;JUN;6;SANTOSBR;31;POST-PANAMAXII;CGC;2652;D2030_215_newpanamax
23.0;185.0;12.25;0.0;2.0;20;59;SUN;6;15;False;False;False;35000;59.07;12.9;0.75;JUN;6;STOLTHAVEN;32;MRMEDIUMRANGE;GL;2653;D2030_215_newpanamax
23.0;195.0;10.25;10.25;3.0;22;18;SUN;6;15;False;False;True;1500;20.97;9.23;0.75;JUN;6;TEV;37;CARGARO-RO;RORO;2654;D2030_215_newpanamax
23.0;195.0;11.75;0.0;2.0;21;58;SUN;6;15;False;False;False;45000;85.0;1.98;0.75;JUN;6;TIPLAM - GSM - I;42;HANDYMAX;GSM - I;2655;D2030_215_newpanamax
23.0;225.0;12.25;0.0;2.0;23;33;SUN;6;15;False;False;False;60000;48.22;4.63;0.75;JUN;6;TRANSPETRO;43;LR1LONGRANGE1;GL;2656;D2030_215_newpanamax
23.0;185.0;11.25;0.0;2.0;22;57;SUN;6;15;False;False;False;35000;29.94;4.85;0.75;JUN;6;TRANSPETRO;43;MRMEDIUMRANGE;GL;2657;D2030_215_newpanamax
23.0;155.0;0.0;7.75;1.0;6;5;MON;0;16;False;False;False;18000;42.57;15.06;0.75;JUN;6;STS;2;GPGENERALPURPOSE;GL;2658;D2030_215_newpanamax
23.0;225.0;0.0;12.25;1.0;2;5;MON;0;16;False;False;False;70000;51.12;4.5;0.75;JUN;6;RUMO - GSA - E;4;PANAMAX;GSA - E;2659;D2030_215_newpanamax
23.0;215.0;0.0;12.75;1.0;3;5;MON;0;16;False;False;False;70000;51.12;2.33;0.75;JUN;6;ADM;9;PANAMAX;GSA - E;2660;D2030_215_newpanamax
23.0;185.0;8.75;8.75;3.0;1;3;MON;0;16;False;False;False;1000;13.85;3.02;0.75;JUN;6;BTP;13;FULLYCELLULAR;CGC;2661;D2030_215_newpanamax
23.0;305.0;9.75;9.75;3.0;1;3;MON;0;16;False;False;False;4000;20.66;3.4;0.75;JUN;6;BTP;13;POST-PANAMAXI;CGC;2662;D2030_215_newpanamax
23.0;225.0;0.0;13.25;1.0;6;11;MON;0;16;False;False;False;70000;68.98;15.79;0.75;JUN;6;COFCO;16;PANAMAX;GSA - E;2663;D2030_215_newpanamax
23.0;145.0;6.75;6.75;3.0;2;5;MON;0;16;False;False;False;500;12.93;2.4;0.75;JUN;6;DPW - CGC;21;FEEDER/EARLY;CGC;2664;D2030_215_newpanamax
23.0;185.0;7.25;7.25;3.0;0;0;MON;0;16;False;False;False;1000;13.38;1.25;0.75;JUN;6;DPW - CGC;21;FULLYCELLULAR;CGC;2665;D2030_215_newpanamax
23.0;245.0;9.75;9.75;3.0;2;4;MON;0;16;False;False;False;3000;17.86;1.94;0.75;JUN;6;DPW - CGC;21;PANAMAX;CGC;2666;D2030_215_newpanamax
23.0;295.0;10.25;10.25;3.0;2;5;MON;0;16;False;False;False;4000;21.93;1.42;0.75;JUN;6;DPW - CGC;21;POST-PANAMAXI;CGC;2667;D2030_215_newpanamax
43.0;339.0;14.0;14.0;3.0;3;6;MON;0;16;False;False;False;6000;27.82;1.44;0.75;JUN;6;DPW - CGC;21;POST-PANAMAXII;CGC;2668;D2030_215_newpanamax
23.0;135.0;6.75;6.75;3.0;1;2;MON;0;16;False;False;False;500;7.08;3.65;0.75;JUN;6;SANTOSBR;31;FEEDER/EARLY;CGC;2669;D2030_215_newpanamax
23.0;215.0;8.75;8.75;3.0;3;8;MON;0;16;False;False;False;1000;16.8;6.76;0.75;JUN;6;SANTOSBR;31;FULLYCELLULAR;CGC;2670;D2030_215_newpanamax
23.0;265.0;9.75;9.75;3.0;3;8;MON;0;16;False;False;False;3000;15.61;1.76;0.75;JUN;6;SANTOSBR;31;PANAMAX;CGC;2671;D2030_215_newpanamax
23.0;295.0;9.75;9.75;3.0;1;2;MON;0;16;False;False;False;4000;21.3;3.58;0.75;JUN;6;SANTOSBR;31;POST-PANAMAXI;CGC;2672;D2030_215_newpanamax
43.0;339.0;14.0;14.0;3.0;3;8;MON;0;16;False;False;False;6000;25.92;2.38;0.75;JUN;6;SANTOSBR;31;POST-PANAMAXII;CGC;2673;D2030_215_newpanamax
23.0;175.0;8.75;8.75;3.0;4;12;MON;0;16;False;False;True;1500;20.97;0.41;0.75;JUN;6;TEV;37;CARGARO-RO;RORO;2674;D2030_215_newpanamax
23.0;225.0;0.0;8.75;1.0;0;4;MON;0;16;False;False;False;70000;62.19;6.23;0.75;JUN;6;TIPLAM - GSA - E;41;PANAMAX;GSA - E;2675;D2030_215_newpanamax
23.0;225.0;7.75;0.0;2.0;1;4;MON;0;16;False;False;False;70000;104.45;4.28;0.75;JUN;6;TIPLAM - GSM - I;42;PANAMAX;GSM - I;2676;D2030_215_newpanamax
23.0;185.0;0.0;8.75;1.0;3;8;MON;0;16;False;False;False;35000;29.94;1.02;0.75;JUN;6;TRANSPETRO;43;MRMEDIUMRANGE;GL;2677;D2030_215_newpanamax
23.0;275.0;9.75;9.75;3.0;4;10;TUE;1;17;False;False;False;3000;15.61;1.61;0.75;JUN;6;TECON10;3;PANAMAX;CGC;2678;D2030_215_newpanamax
23.0;225.0;0.0;12.75;1.0;8;14;TUE;1;17;False;False;False;70000;51.12;3.22;0.75;JUN;6;ADM;9;PANAMAX;GSA - E;2679;D2030_215_newpanamax
23.0;185.0;0.0;8.75;1.0;6;14;TUE;1;17;False;False;False;35000;64.43;0.55;0.75;JUN;6;AGEO_TERMINAIS;11;MRMEDIUMRANGE;GL;2680;D2030_215_newpanamax
23.0;245.0;10.75;10.75;3.0;2;7;TUE;1;17;False;False;False;3000;14.7;2.06;0.75;JUN;6;BTP;13;PANAMAX;CGC;2681;D2030_215_newpanamax
23.0;295.0;10.75;10.75;3.0;2;7;TUE;1;17;False;False;False;4000;20.66;1.29;0.75;JUN;6;BTP;13;POST-PANAMAXI;CGC;2682;D2030_215_newpanamax
43.0;339.0;14.0;14.0;3.0;4;11;TUE;1;17;False;False;False;6000;23.63;3.69;0.75;JUN;6;BTP;13;POST-PANAMAXII;CGC;2683;D2030_215_newpanamax
23.0;175.0;0.0;9.75;1.0;8;17;TUE;1;17;False;False;False;35000;57.8;5.92;0.75;JUN;6;CUTRALE - GL;18;MRMEDIUMRANGE;GL;2684;D2030_215_newpanamax
23.0;185.0;9.25;9.25;3.0;6;14;TUE;1;17;False;False;False;1000;13.38;0.9;0.75;JUN;6;DPW - CGC;21;FULLYCELLULAR;CGC;2685;D2030_215_newpanamax
23.0;255.0;10.25;10.25;3.0;6;14;TUE;1;17;False;False;False;3000;17.86;1.49;0.75;JUN;6;DPW - CGC;21;PANAMAX;CGC;2686;D2030_215_newpanamax
36.0;225.0;0.0;13.0;1.0;5;12;TUE;1;17;False;False;False;55000;64.0;5.43;0.75;JUN;6;DPW - CGNC;22;NAVIOCARGAGERAL;CGNC;2687;D2030_215_newpanamax
23.0;225.0;0.0;13.25;1.0;6;12;TUE;1;17;False;False;False;70000;53.25;1.76;0.75;JUN;6;ELEVACOES;24;PANAMAX;GSA - E;2688;D2030_215_newpanamax
32.2;205.0;0.0;12.2;1.0;6;12;TUE;1;17;False;False;False;55000;39.16;2.12;0.75;JUN;6;ELEVACOES;24;SUPRAMAX;GSA - E;2689;D2030_215_newpanamax
23.0;255.0;10.25;10.25;3.0;5;12;TUE;1;17;False;False;False;3000;15.61;1.96;0.75;JUN;6;SANTOSBR;31;PANAMAX;CGC;2690;D2030_215_newpanamax
43.0;339.0;14.0;14.0;3.0;5;12;TUE;1;17;False;False;False;6000;25.92;1.62;0.75;JUN;6;SANTOSBR;31;POST-PANAMAXII;CGC;2691;D2030_215_newpanamax
23.0;185.0;10.25;0.0;2.0;2;9;TUE;1;17;False;False;False;45000;89.37;5.74;0.75;JUN;6;TERMAG;35;HANDYMAX;GSM - I;2692;D2030_215_newpanamax
23.0;225.0;0.0;12.75;1.0;7;13;TUE;1;17;False;False;False;70000;111.09;2.42;0.75;JUN;6;TES;36;PANAMAX;GSA - E;2693;D2030_215_newpanamax
23.0;195.0;8.75;8.75;3.0;6;16;TUE;1;17;False;False;True;1500;20.97;0.78;0.75;JUN;6;TEV;37;CARGARO-RO;RORO;2694;D2030_215_newpanamax
23.0;215.0;8.25;8.25;3.0;6;16;TUE;1;17;False;False;True;3000;20.25;2.04;0.75;JUN;6;TEV;37;PCTCPADRAO;RORO;2695;D2030_215_newpanamax
23.0;175.0;9.25;0.0;2.0;6;15;TUE;1;17;False;False;False;35000;72.19;3.1;0.75;JUN;6;TIPLAM - GSM - I;42;HANDYSIZE;GSM - I;2696;D2030_215_newpanamax
23.0;185.0;0.0;8.75;1.0;3;9;TUE;1;17;False;False;False;35000;29.94;1.61;0.75;JUN;6;TRANSPETRO;43;MRMEDIUMRANGE;GL;2697;D2030_215_newpanamax
36.0;225.0;0.0;13.0;1.0;8;20;WED;2;18;False;False;False;55000;99.0;4.9;0.75;JUN;6;ARAUCO;1;NAVIOCARGAGERAL;CGNC;2698;D2030_215_newpanamax
23.0;135.0;6.75;6.75;3.0;8;23;WED;2;18;False;False;False;500;7.08;2.23;0.75;JUN;6;TECON10;3;FEEDER/EARLY;CGC;2699;D2030_215_newpanamax
23.0;225.0;0.0;12.75;1.0;8;16;WED;2;18;False;False;False;70000;51.12;3.23;0.75;JUN;6;RUMO - GSA - E;4;PANAMAX;GSA - E;2700;D2030_215_newpanamax
36.0;225.0;0.0;13.0;1.0;8;21;WED;2;18;False;False;False;55000;99.66;7.15;0.75;JUN;6;BRACELL;12;NAVIOCARGAGERAL;CGNC;2701;D2030_215_newpanamax
23.0;295.0;11.75;11.75;3.0;5;17;WED;2;18;False;False;False;4000;20.66;3.94;0.75;JUN;6;BTP;13;POST-PANAMAXI;CGC;2702;D2030_215_newpanamax
43.0;339.0;14.0;14.0;3.0;5;17;WED;2;18;False;False;False;6000;23.63;2.6;0.75;JUN;6;BTP;13;POST-PANAMAXII;CGC;2703;D2030_215_newpanamax
23.0;195.0;0.0;11.75;1.0;9;31;WED;2;18;False;False;False;45000;39.48;2.25;0.75;JUN;6;COPESUCAR;17;HANDYMAX;GSA - E;2704;D2030_215_newpanamax
23.0;165.0;8.25;0.0;2.0;12;27;WED;2;18;False;False;False;18000;12.03;2.02;0.75;JUN;6;DOW;20;GPGENERALPURPOSE;GL;2705;D2030_215_newpanamax
23.0;275.0;10.75;10.75;3.0;10;26;WED;2;18;False;False;False;3000;17.86;1.73;0.75;JUN;6;DPW - CGC;21;PANAMAX;CGC;2706;D2030_215_newpanamax
23.0;325.0;11.75;11.75;3.0;10;26;WED;2;18;False;False;False;4000;21.93;1.4;0.75;JUN;6;DPW - CGC;21;POST-PANAMAXI;CGC;2707;D2030_215_newpanamax
36.0;225.0;0.0;13.0;1.0;7;18;WED;2;18;False;False;False;55000;64.0;1.92;0.75;JUN;6;DPW - CGNC;22;NAVIOCARGAGERAL;CGNC;2708;D2030_215_newpanamax
23.0;225.0;0.0;13.75;1.0;8;20;WED;2;18;False;False;False;70000;53.25;3.57;0.75;JUN;6;ELEVACOES;24;PANAMAX;GSA - E;2709;D2030_215_newpanamax
23.0;135.0;6.75;6.75;3.0;6;18;WED;2;18;False;False;False;500;7.08;4.36;0.75;JUN;6;SANTOSBR;31;FEEDER/EARLY;CGC;2710;D2030_215_newpanamax
23.0;185.0;9.75;9.75;3.0;7;22;WED;2;18;False;False;False;1000;16.8;1.79;0.75;JUN;6;SANTOSBR;31;FULLYCELLULAR;CGC;2711;D2030_215_newpanamax
23.0;255.0;10.75;10.75;3.0;8;23;WED;2;18;False;False;False;3000;15.61;3.72;0.75;JUN;6;SANTOSBR;31;PANAMAX;CGC;2712;D2030_215_newpanamax
23.0;275.0;10.25;10.25;3.0;7;20;WED;2;18;False;False;False;3000;15.61;1.9;0.75;JUN;6;SANTOSBR;31;PANAMAX;CGC;2713;D2030_215_newpanamax
23.0;295.0;12.25;12.25;3.0;7;22;WED;2;18;False;False;False;4000;21.3;2.35;0.75;JUN;6;SANTOSBR;31;POST-PANAMAXI;CGC;2714;D2030_215_newpanamax
43.0;339.0;14.0;14.0;3.0;7;22;WED;2;18;False;False;False;6000;25.92;3.25;0.75;JUN;6;SANTOSBR;31;POST-PANAMAXII;CGC;2715;D2030_215_newpanamax
23.0;195.0;8.75;8.75;3.0;6;19;WED;2;18;False;False;True;1500;20.97;5.49;0.75;JUN;6;TEV;37;CARGARO-RO;RORO;2716;D2030_215_newpanamax
23.0;225.0;0.0;13.25;1.0;9;21;WED;2;18;False;False;False;70000;39.92;0.69;0.75;JUN;6;TGG;38;PANAMAX;GSA - E;2717;D2030_215_newpanamax
23.0;225.0;0.0;13.25;1.0;8;18;WED;2;18;False;False;False;70000;39.92;4.4;0.75;JUN;6;TGG;38;PANAMAX;GSA - E;2718;D2030_215_newpanamax
23.0;225.0;0.0;13.25;1.0;8;23;WED;2;18;False;False;False;70000;62.19;3.14;0.75;JUN;6;TIPLAM - GSA - E;41;PANAMAX;GSA - E;2719;D2030_215_newpanamax
23.0;185.0;9.75;0.0;2.0;7;18;WED;2;18;False;False;False;45000;85.0;2.81;0.75;JUN;6;TIPLAM - GSM - I;42;HANDYMAX;GSM - I;2720;D2030_215_newpanamax
23.0;225.0;8.75;0.0;2.0;7;18;WED;2;18;False;False;False;70000;104.45;5.96;0.75;JUN;6;TIPLAM - GSM - I;42;PANAMAX;GSM - I;2721;D2030_215_newpanamax
23.0;185.0;0.0;9.25;1.0;10;22;WED;2;18;False;False;False;35000;29.94;2.63;0.75;JUN;6;TRANSPETRO;43;MRMEDIUMRANGE;GL;2722;D2030_215_newpanamax
23.0;195.0;12.25;0.0;2.0;13;36;THU;3;19;False;False;False;45000;89.37;2.0;0.75;JUN;6;RUMO - GSM - I;5;HANDYMAX;GSM - I;2723;D2030_215_newpanamax
23.0;225.0;14.25;0.0;2.0;13;36;THU;3;19;False;False;False;70000;111.09;7.02;0.75;JUN;6;RUMO - GSM - I;5;PANAMAX;GSM - I;2724;D2030_215_newpanamax
23.0;225.0;0.0;13.25;1.0;10;23;THU;3;19;False;False;False;70000;51.12;2.71;0.75;JUN;6;ADM;9;PANAMAX;GSA - E;2725;D2030_215_newpanamax
23.0;135.0;7.75;7.75;3.0;9;26;THU;3;19;False;False;False;500;20.71;3.11;0.75;JUN;6;BTP;13;FEEDER/EARLY;CGC;2726;D2030_215_newpanamax
23.0;295.0;12.75;12.75;3.0;10;29;THU;3;19;False;False;False;4000;20.66;1.45;0.75;JUN;6;BTP;13;POST-PANAMAXI;CGC;2727;D2030_215_newpanamax
23.0;225.0;0.0;13.75;1.0;12;30;THU;3;19;False;False;False;70000;68.98;6.27;0.75;JUN;6;COFCO;16;PANAMAX;GSA - E;2728;D2030_215_newpanamax
23.0;225.0;0.0;13.75;1.0;13;34;THU;3;19;False;False;False;70000;68.98;1.21;0.75;JUN;6;COFCO;16;PANAMAX;GSA - E;2729;D2030_215_newpanamax
23.0;225.0;0.0;13.25;1.0;11;35;THU;3;19;False;False;False;70000;54.03;1.02;0.75;JUN;6;CUTRALE - GSA - E;19;PANAMAX;GSA - E;2730;D2030_215_newpanamax
23.0;285.0;10.75;10.75;3.0;11;29;THU;3;19;False;False;False;3000;17.86;3.66;0.75;JUN;6;DPW - CGC;21;PANAMAX;CGC;2731;D2030_215_newpanamax
36.0;225.0;0.0;13.0;1.0;14;40;THU;3;19;False;False;False;55000;64.0;6.53;0.75;JUN;6;DPW - CGNC;22;NAVIOCARGAGERAL;CGNC;2732;D2030_215_newpanamax
23.0;225.0;0.0;13.75;1.0;10;29;THU;3;19;False;False;False;70000;53.25;2.88;0.75;JUN;6;ELEVACOES;24;PANAMAX;GSA - E;2733;D2030_215_newpanamax
32.2;205.0;0.0;12.2;1.0;12;33;THU;3;19;False;False;False;55000;39.16;4.88;0.75;JUN;6;ELEVACOES;24;SUPRAMAX;GSA - E;2734;D2030_215_newpanamax
23.0;265.0;11.25;11.25;3.0;13;35;THU;3;19;False;False;False;3000;15.61;1.52;0.75;JUN;6;SANTOSBR;31;PANAMAX;CGC;2735;D2030_215_newpanamax
23.0;235.0;11.75;11.75;3.0;13;36;THU;3;19;False;False;False;3000;15.61;1.1;0.75;JUN;6;SANTOSBR;31;PANAMAX;CGC;2736;D2030_215_newpanamax
23.0;175.0;10.25;0.0;2.0;6;26;THU;3;19;False;False;False;35000;50.86;5.49;0.75;JUN;6;TERMAG;35;HANDYSIZE;GSM - I;2737;D2030_215_newpanamax
23.0;195.0;9.25;9.25;3.0;12;36;THU;3;19;False;False;True;1500;20.97;8.56;0.75;JUN;6;TEV;37;CARGARO-RO;RORO;2738;D2030_215_newpanamax
23.0;195.0;9.25;9.25;3.0;12;36;THU;3;19;False;False;True;1500;20.97;2.12;0.75;JUN;6;TEV;37;CARGARO-RO;RORO;2739;D2030_215_newpanamax
23.0;225.0;0.0;13.25;1.0;11;33;THU;3;19;False;False;False;70000;39.92;2.36;0.75;JUN;6;TGG;38;PANAMAX;GSA - E;2740;D2030_215_newpanamax
23.0;225.0;0.0;13.25;1.0;10;27;THU;3;19;False;False;False;70000;62.19;3.97;0.75;JUN;6;TIPLAM - GSA - E;41;PANAMAX;GSA - E;2741;D2030_215_newpanamax
23.0;225.0;0.0;10.75;1.0;11;28;THU;3;19;False;False;False;60000;48.22;3.34;0.75;JUN;6;TRANSPETRO;43;LR1LONGRANGE1;GL;2742;D2030_215_newpanamax
23.0;175.0;0.0;9.75;1.0;13;32;THU;3;19;False;False;False;35000;29.94;4.98;0.75;JUN;6;TRANSPETRO;43;MRMEDIUMRANGE;GL;2743;D2030_215_newpanamax
23.0;225.0;9.75;0.0;2.0;13;30;THU;3;19;False;False;False;60000;81.86;5.77;0.75;JUN;6;ULTRACARGO;45;LR1LONGRANGE1;GL;2744;D2030_215_newpanamax
23.0;175.0;9.25;0.0;2.0;15;42;THU;3;19;False;False;False;35000;90.66;101.06;0.75;JUN;6;USIMINAS;46;HANDYSIZE;CGNC;2745;D2030_215_newpanamax
23.0;225.0;0.0;13.25;1.0;17;42;FRI;4;20;False;False;False;70000;51.12;1.27;0.75;JUN;6;RUMO - GSA - E;4;PANAMAX;GSA - E;2746;D2030_215_newpanamax
23.0;185.0;10.25;0.0;2.0;13;37;FRI;4;20;False;False;False;35000;64.43;0.86;0.75;JUN;6;AGEO_TERMINAIS;11;MRMEDIUMRANGE;GL;2747;D2030_215_newpanamax
23.0;295.0;13.25;13.25;3.0;12;37;FRI;4;20;False;False;False;4000;20.66;4.54;0.75;JUN;6;BTP;13;POST-PANAMAXI;CGC;2748;D2030_215_newpanamax
23.0;225.0;0.0;13.75;1.0;14;35;FRI;4;20;False;False;False;70000;68.98;13.27;0.75;JUN;6;COFCO;16;PANAMAX;GSA - E;2749;D2030_215_newpanamax
23.0;135.0;8.25;8.25;3.0;16;45;FRI;4;20;False;False;False;500;12.93;1.04;0.75;JUN;6;DPW - CGC;21;FEEDER/EARLY;CGC;2750;D2030_215_newpanamax
23.0;265.0;11.75;11.75;3.0;16;45;FRI;4;20;False;False;False;3000;17.86;3.34;0.75;JUN;6;DPW - CGC;21;PANAMAX;CGC;2751;D2030_215_newpanamax
23.0;275.0;11.25;11.25;3.0;14;38;FRI;4;20;False;False;False;3000;17.86;1.92;0.75;JUN;6;DPW - CGC;21;PANAMAX;CGC;2752;D2030_215_newpanamax
23.0;305.0;13.25;13.25;3.0;16;43;FRI;4;20;False;False;False;4000;21.93;1.37;0.75;JUN;6;DPW - CGC;21;POST-PANAMAXI;CGC;2753;D2030_215_newpanamax
43.0;339.0;14.0;14.0;3.0;16;43;FRI;4;20;False;False;False;6000;27.82;3.19;0.75;JUN;6;DPW - CGC;21;POST-PANAMAXII;CGC;2754;D2030_215_newpanamax
23.0;225.0;12.75;0.0;2.0;17;45;FRI;4;20;False;False;False;70000;49.28;0.39;0.75;JUN;6;HIDROVIAS;27;PANAMAX;GSM - I;2755;D2030_215_newpanamax
23.0;215.0;10.25;10.25;3.0;16;42;FRI;4;20;False;False;False;1000;16.8;2.33;0.75;JUN;6;SANTOSBR;31;FULLYCELLULAR;CGC;2756;D2030_215_newpanamax
23.0;265.0;11.75;11.75;3.0;16;42;FRI;4;20;False;False;False;3000;15.61;1.64;0.75;JUN;6;SANTOSBR;31;PANAMAX;CGC;2757;D2030_215_newpanamax
43.0;339.0;14.0;14.0;3.0;15;40;FRI;4;20;False;False;False;6000;25.92;2.06;0.75;JUN;6;SANTOSBR;31;POST-PANAMAXII;CGC;2758;D2030_215_newpanamax
23.0;225.0;0.0;13.75;1.0;14;45;FRI;4;20;False;False;False;70000;39.92;1.97;0.75;JUN;6;TGG;38;PANAMAX;GSA - E;2759;D2030_215_newpanamax
23.0;225.0;0.0;13.25;1.0;13;35;FRI;4;20;False;False;False;70000;62.19;1.94;0.75;JUN;6;TIPLAM - GSA - E;41;PANAMAX;GSA - E;2760;D2030_215_newpanamax
23.0;285.0;0.0;11.75;1.0;11;39;FRI;4;20;True;False;False;76500;53.08;0.0;0.75;JUN;6;TRSP;44;LNGCARRIER;GL;2761;D2030_215_newpanamax
23.0;225.0;0.0;13.25;1.0;19;49;SAT;5;21;False;False;False;70000;51.12;2.29;0.75;JUN;6;RUMO - GSA - E;4;PANAMAX;GSA - E;2762;D2030_215_newpanamax
23.0;155.0;9.75;0.0;2.0;17;48;SAT;5;21;False;False;False;18000;45.88;0.41;0.75;JUN;6;AGEO_TERMINAIS;11;GPGENERALPURPOSE;GL;2763;D2030_215_newpanamax
23.0;185.0;10.75;0.0;2.0;17;48;SAT;5;21;False;False;False;35000;64.43;0.39;0.75;JUN;6;AGEO_TERMINAIS;11;MRMEDIUMRANGE;GL;2764;D2030_215_newpanamax
23.0;325.0;13.75;13.75;3.0;17;48;SAT;5;21;False;False;False;4000;20.66;2.38;0.75;JUN;6;BTP;13;POST-PANAMAXI;CGC;2765;D2030_215_newpanamax
23.0;295.0;13.75;13.75;3.0;16;46;SAT;5;21;False;False;False;4000;20.66;1.36;0.75;JUN;6;BTP;13;POST-PANAMAXI;CGC;2766;D2030_215_newpanamax
43.0;339.0;14.0;14.0;3.0;17;48;SAT;5;21;False;False;False;6000;23.63;1.47;0.75;JUN;6;BTP;13;POST-PANAMAXII;CGC;2767;D2030_215_newpanamax
23.0;175.0;10.25;0.0;2.0;10;44;SAT;5;21;False;False;False;35000;135.86;13.33;0.75;JUN;6;BUNGE;14;HANDYSIZE;GSA - I;2768;D2030_215_newpanamax
23.0;265.0;12.25;12.25;3.0;17;48;SAT;5;21;False;False;False;3000;17.86;2.14;0.75;JUN;6;DPW - CGC;21;PANAMAX;CGC;2769;D2030_215_newpanamax
23.0;305.0;13.75;13.75;3.0;18;49;SAT;5;21;False;False;False;4000;21.93;2.09;0.75;JUN;6;DPW - CGC;21;POST-PANAMAXI;CGC;2770;D2030_215_newpanamax
36.0;225.0;0.0;13.0;1.0;18;50;SAT;5;21;False;False;False;55000;64.0;1.3;0.75;JUN;6;DPW - CGNC;22;NAVIOCARGAGERAL;CGNC;2771;D2030_215_newpanamax
23.0;225.0;0.0;14.2;1.0;18;52;SAT;5;21;False;False;False;70000;53.25;7.0;0.75;JUN;6;ELEVACOES;24;PANAMAX;GSA - E;2772;D2030_215_newpanamax
23.0;225.0;0.0;14.2;1.0;18;55;SAT;5;21;False;False;False;70000;53.25;4.53;0.75;JUN;6;ELEVACOES;24;PANAMAX;GSA - E;2773;D2030_215_newpanamax
23.0;205.0;0.0;10.25;1.0;13;45;SAT;5;21;False;False;False;35000;137.91;0.03;0.75;JUN;6;NST - GL;30;MRMEDIUMRANGE;GL;2774;D2030_215_newpanamax
23.0;205.0;11.25;11.25;3.0;19;50;SAT;5;21;False;False;False;1000;16.8;1.53;0.75;JUN;6;SANTOSBR;31;FULLYCELLULAR;CGC;2775;D2030_215_newpanamax
23.0;225.0;0.0;13.25;1.0;16;44;SAT;5;21;False;False;False;70000;78.07;1.03;0.75;JUN;6;TEG;34;PANAMAX;GSA - E;2776;D2030_215_newpanamax
23.0;195.0;9.25;9.25;3.0;17;51;SAT;5;21;False;False;True;1500;20.97;0.46;0.75;JUN;6;TEV;37;CARGARO-RO;RORO;2777;D2030_215_newpanamax
23.0;225.0;0.0;13.75;1.0;16;49;SAT;5;21;False;False;False;70000;39.92;1.36;0.75;JUN;6;TGG;38;PANAMAX;GSA - E;2778;D2030_215_newpanamax
23.0;225.0;0.0;13.75;1.0;16;46;SAT;5;21;False;False;False;70000;61.75;1.99;0.75;JUN;6;TGRAO;39;PANAMAX;GSA - E;2779;D2030_215_newpanamax
23.0;225.0;0.0;13.25;1.0;17;48;SAT;5;21;False;False;False;70000;62.19;3.93;0.75;JUN;6;TIPLAM - GSA - E;41;PANAMAX;GSA - E;2780;D2030_215_newpanamax
49.0;215.08;10.1;10.75;1.0;9;35;0;5;21;False;False;False;0;326.33;0.25;0.75;0;6;TUP - Saipem;8;HANDYSIZE;CGNC;2781;D2030_215_newpanamax
23.0;205.0;11.75;11.75;3.0;22;59;SUN;6;22;False;False;False;1000;16.8;2.41;0.75;JUN;6;TECON10;3;FULLYCELLULAR;CGC;2782;D2030_215_newpanamax
23.0;155.0;10.25;0.0;2.0;21;57;SUN;6;22;False;False;False;18000;45.88;0.41;0.75;JUN;6;AGEO_TERMINAIS;11;GPGENERALPURPOSE;GL;2783;D2030_215_newpanamax
23.0;185.0;12.2;0.0;2.0;23;29;SUN;6;22;False;False;False;35000;64.43;0.49;0.75;JUN;6;AGEO_TERMINAIS;11;MRMEDIUMRANGE;GL;2784;D2030_215_newpanamax
23.0;305.0;14.25;14.25;3.0;23;18;SUN;6;22;False;False;False;4000;20.66;1.04;0.75;JUN;6;BTP;13;POST-PANAMAXI;CGC;2785;D2030_215_newpanamax
23.0;175.0;10.25;0.0;2.0;13;53;SUN;6;22;False;False;False;35000;135.86;4.11;0.75;JUN;6;BUNGE;14;HANDYSIZE;GSA - I;2786;D2030_215_newpanamax
23.0;275.0;13.75;13.75;3.0;23;24;SUN;6;22;False;False;False;3000;17.86;1.32;0.75;JUN;6;DPW - CGC;21;PANAMAX;CGC;2787;D2030_215_newpanamax
43.0;339.0;14.0;14.0;3.0;23;24;SUN;6;22;False;False;False;6000;27.82;2.7;0.75;JUN;6;DPW - CGC;21;POST-PANAMAXII;CGC;2788;D2030_215_newpanamax
23.0;225.0;14.25;0.0;2.0;22;57;SUN;6;22;False;False;False;70000;49.28;7.04;0.75;JUN;6;HIDROVIAS;27;PANAMAX;GSM - I;2789;D2030_215_newpanamax
23.0;215.0;12.25;12.25;3.0;23;29;SUN;6;22;False;False;False;1000;16.8;1.0;0.75;JUN;6;SANTOSBR;31;FULLYCELLULAR;CGC;2790;D2030_215_newpanamax
23.0;295.0;14.5;14.5;3.0;23;26;SUN;6;22;False;False;False;4000;21.3;1.45;0.75;JUN;6;SANTOSBR;31;POST-PANAMAXI;CGC;2791;D2030_215_newpanamax
43.0;339.0;14.0;14.0;3.0;23;26;SUN;6;22;False;False;False;6000;25.92;2.76;0.75;JUN;6;SANTOSBR;31;POST-PANAMAXII;CGC;2792;D2030_215_newpanamax
23.0;195.0;13.25;0.0;2.0;22;12;SUN;6;22;False;False;False;45000;89.37;6.93;0.75;JUN;6;TERMAG;35;HANDYMAX;GSM - I;2793;D2030_215_newpanamax
23.0;195.0;10.25;10.25;3.0;22;37;SUN;6;22;False;False;True;1500;20.97;0.9;0.75;JUN;6;TEV;37;CARGARO-RO;RORO;2794;D2030_215_newpanamax
23.0;225.0;0.0;13.75;1.0;21;58;SUN;6;22;False;False;False;70000;39.92;1.18;0.75;JUN;6;TGG;38;PANAMAX;GSA - E;2795;D2030_215_newpanamax
23.0;185.0;12.25;0.0;2.0;23;33;SUN;6;22;False;False;False;35000;29.94;9.32;0.75;JUN;6;TRANSPETRO;43;MRMEDIUMRANGE;GL;2796;D2030_215_newpanamax
23.0;185.0;11.25;0.0;2.0;21;56;SUN;6;22;False;False;False;35000;29.94;3.58;0.75;JUN;6;TRANSPETRO;43;MRMEDIUMRANGE;GL;2797;D2030_215_newpanamax
23.0;175.0;0.0;7.25;1.0;6;5;MON;0;23;False;False;False;35000;57.11;7.37;0.75;JUN;6;STS;2;MRMEDIUMRANGE;GL;2798;D2030_215_newpanamax
23.0;225.0;0.0;12.75;1.0;4;6;MON;0;23;False;False;False;70000;51.12;2.24;0.75;JUN;6;RUMO - GSA - E;4;PANAMAX;GSA - E;2799;D2030_215_newpanamax
23.0;155.0;0.0;6.25;1.0;0;1;MON;0;23;False;False;False;18000;45.88;0.36;0.75;JUN;6;AGEO_TERMINAIS;11;GPGENERALPURPOSE;GL;2800;D2030_215_newpanamax
23.0;255.0;10.25;10.25;3.0;1;3;MON;0;23;False;False;False;3000;14.7;3.44;0.75;JUN;6;BTP;13;PANAMAX;CGC;2801;D2030_215_newpanamax
43.0;339.0;14.0;14.0;3.0;1;3;MON;0;23;False;False;False;6000;23.63;3.02;0.75;JUN;6;BTP;13;POST-PANAMAXII;CGC;2802;D2030_215_newpanamax
23.0;225.0;0.0;12.75;1.0;8;8;MON;0;23;False;False;False;60000;162.93;3.24;0.75;JUN;6;CUTRALE - GL;18;LR1LONGRANGE1;GL;2803;D2030_215_newpanamax
23.0;185.0;8.25;8.25;3.0;2;5;MON;0;23;False;False;False;1000;13.38;1.92;0.75;JUN;6;DPW - CGC;21;FULLYCELLULAR;CGC;2804;D2030_215_newpanamax
23.0;195.0;7.25;7.25;3.0;1;2;MON;0;23;False;False;False;1000;13.38;1.22;0.75;JUN;6;DPW - CGC;21;FULLYCELLULAR;CGC;2805;D2030_215_newpanamax
23.0;245.0;8.75;8.75;3.0;0;0;MON;0;23;False;False;False;3000;17.86;1.25;0.75;JUN;6;DPW - CGC;21;PANAMAX;CGC;2806;D2030_215_newpanamax
23.0;295.0;10.25;10.25;3.0;1;3;MON;0;23;False;False;False;4000;21.93;1.66;0.75;JUN;6;DPW - CGC;21;POST-PANAMAXI;CGC;2807;D2030_215_newpanamax
23.0;225.0;0.0;13.25;1.0;5;10;MON;0;23;False;False;False;70000;53.25;5.63;0.75;JUN;6;ELEVACOES;24;PANAMAX;GSA - E;2808;D2030_215_newpanamax
23.0;175.0;0.0;9.25;1.0;6;19;MON;0;23;False;False;False;35000;137.91;0.79;0.75;JUN;6;NST - GL;30;MRMEDIUMRANGE;GL;2809;D2030_215_newpanamax
23.0;185.0;7.75;7.75;3.0;0;1;MON;0;23;False;False;False;1000;16.8;1.89;0.75;JUN;6;SANTOSBR;31;FULLYCELLULAR;CGC;2810;D2030_215_newpanamax
23.0;265.0;8.75;8.75;3.0;0;1;MON;0;23;False;False;False;3000;15.61;3.86;0.75;JUN;6;SANTOSBR;31;PANAMAX;CGC;2811;D2030_215_newpanamax
23.0;295.0;10.75;10.75;3.0;3;8;MON;0;23;False;False;False;4000;21.3;4.92;0.75;JUN;6;SANTOSBR;31;POST-PANAMAXI;CGC;2812;D2030_215_newpanamax
23.0;225.0;0.0;9.25;1.0;1;3;MON;0;23;False;False;False;70000;88.35;2.32;0.75;JUN;6;TEAG;33;PANAMAX;GSA - E;2813;D2030_215_newpanamax
23.0;175.0;8.75;8.75;3.0;4;12;MON;0;23;False;False;True;1500;20.97;0.97;0.75;JUN;6;TEV;37;CARGARO-RO;RORO;2814;D2030_215_newpanamax
23.0;225.0;0.0;10.75;1.0;0;5;MON;0;23;False;False;False;70000;62.19;3.26;0.75;JUN;6;TIPLAM - GSA - E;41;PANAMAX;GSA - E;2815;D2030_215_newpanamax
23.0;185.0;0.0;8.25;1.0;2;5;MON;0;23;False;False;False;35000;29.94;1.27;0.75;JUN;6;TRANSPETRO;43;MRMEDIUMRANGE;GL;2816;D2030_215_newpanamax
23.0;285.0;0.0;10.25;1.0;8;0;MON;0;23;True;False;False;76500;53.08;0.0;0.75;JUN;6;TRSP;44;LNGCARRIER;GL;2817;D2030_215_newpanamax
19.0;88.9;5.5;6.5;1.0;7;20;0;0;23;False;False;False;0;7.67;0.17;0.75;0;6;TUP - Saipem;8;HANDYSIZE;CGNC;2818;D2030_215_newpanamax
23.0;255.0;10.25;10.25;3.0;5;16;TUE;1;24;False;False;False;3000;15.61;3.0;0.75;JUN;6;TECON10;3;PANAMAX;CGC;2819;D2030_215_newpanamax
23.0;155.0;0.0;7.75;1.0;6;14;TUE;1;24;False;False;False;18000;45.88;1.26;0.75;JUN;6;AGEO_TERMINAIS;11;GPGENERALPURPOSE;GL;2820;D2030_215_newpanamax
23.0;185.0;0.0;8.75;1.0;5;11;TUE;1;24;False;False;False;35000;64.43;0.31;0.75;JUN;6;AGEO_TERMINAIS;11;MRMEDIUMRANGE;GL;2821;D2030_215_newpanamax
23.0;245.0;11.25;11.25;3.0;4;11;TUE;1;24;False;False;False;3000;14.7;2.49;0.75;JUN;6;BTP;13;PANAMAX;CGC;2822;D2030_215_newpanamax
23.0;295.0;11.75;11.75;3.0;5;15;TUE;1;24;False;False;False;4000;20.66;2.94;0.75;JUN;6;BTP;13;POST-PANAMAXI;CGC;2823;D2030_215_newpanamax
23.0;185.0;0.0;11.75;1.0;7;24;TUE;1;24;False;False;False;45000;39.48;1.83;0.75;JUN;6;COPESUCAR;17;HANDYMAX;GSA - E;2824;D2030_215_newpanamax
23.0;225.0;0.0;13.75;1.0;7;24;TUE;1;24;False;False;False;70000;58.85;1.27;0.75;JUN;6;COPESUCAR;17;PANAMAX;GSA - E;2825;D2030_215_newpanamax
23.0;255.0;10.25;10.25;3.0;6;15;TUE;1;24;False;False;False;3000;17.86;1.74;0.75;JUN;6;DPW - CGC;21;PANAMAX;CGC;2826;D2030_215_newpanamax
23.0;255.0;10.25;10.25;3.0;6;14;TUE;1;24;False;False;False;3000;17.86;0.94;0.75;JUN;6;DPW - CGC;21;PANAMAX;CGC;2827;D2030_215_newpanamax
23.0;185.0;0.0;11.75;1.0;6;13;TUE;1;24;False;False;False;45000;37.2;2.93;0.75;JUN;6;ELEVACOES;24;HANDYMAX;GSA - E;2828;D2030_215_newpanamax
23.0;225.0;0.0;13.25;1.0;7;15;TUE;1;24;False;False;False;70000;53.25;3.26;0.75;JUN;6;ELEVACOES;24;PANAMAX;GSA - E;2829;D2030_215_newpanamax
23.0;185.0;9.25;9.25;3.0;5;12;TUE;1;24;False;False;False;1000;16.8;3.85;0.75;JUN;6;SANTOSBR;31;FULLYCELLULAR;CGC;2830;D2030_215_newpanamax
23.0;255.0;10.25;10.25;3.0;5;12;TUE;1;24;False;False;False;3000;15.61;1.19;0.75;JUN;6;SANTOSBR;31;PANAMAX;CGC;2831;D2030_215_newpanamax
43.0;339.0;14.0;14.0;3.0;5;12;TUE;1;24;False;False;False;6000;25.92;2.85;0.75;JUN;6;SANTOSBR;31;POST-PANAMAXII;CGC;2832;D2030_215_newpanamax
23.0;225.0;13.25;0.0;2.0;2;9;TUE;1;24;False;False;False;70000;111.09;4.66;0.75;JUN;6;TERMAG;35;PANAMAX;GSM - I;2833;D2030_215_newpanamax
23.0;225.0;0.0;12.75;1.0;7;13;TUE;1;24;False;False;False;70000;111.09;4.07;0.75;JUN;6;TES;36;PANAMAX;GSA - E;2834;D2030_215_newpanamax
23.0;195.0;8.75;8.75;3.0;6;18;TUE;1;24;False;False;True;1500;20.97;1.61;0.75;JUN;6;TEV;37;CARGARO-RO;RORO;2835;D2030_215_newpanamax
23.0;225.0;0.0;13.25;1.0;2;9;TUE;1;24;False;False;False;70000;61.75;3.28;0.75;JUN;6;TGRAO;39;PANAMAX;GSA - E;2836;D2030_215_newpanamax
23.0;225.0;7.75;0.0;2.0;6;15;TUE;1;24;False;False;False;70000;104.45;7.57;0.75;JUN;6;TIPLAM - GSM - I;42;PANAMAX;GSM - I;2837;D2030_215_newpanamax
23.0;175.0;0.0;8.25;1.0;7;22;TUE;1;24;False;False;False;35000;90.66;7.86;0.75;JUN;6;USIMINAS;46;HANDYSIZE;CGNC;2838;D2030_215_newpanamax
36.0;225.0;0.0;13.0;1.0;8;18;WED;2;25;False;False;False;55000;99.0;1.39;0.75;JUN;6;ARAUCO;1;NAVIOCARGAGERAL;CGNC;2839;D2030_215_newpanamax
23.0;255.0;10.75;10.75;3.0;8;23;WED;2;25;False;False;False;3000;15.61;3.13;0.75;JUN;6;TECON10;3;PANAMAX;CGC;2840;D2030_215_newpanamax
23.0;225.0;0.0;12.75;1.0;8;15;WED;2;25;False;False;False;70000;51.12;4.13;0.75;JUN;6;ADM;9;PANAMAX;GSA - E;2841;D2030_215_newpanamax
23.0;285.0;11.75;11.75;3.0;5;17;WED;2;25;False;False;False;3000;14.7;0.88;0.75;JUN;6;BTP;13;PANAMAX;CGC;2842;D2030_215_newpanamax
23.0;295.0;12.25;12.25;3.0;8;23;WED;2;25;False;False;False;4000;20.66;2.76;0.75;JUN;6;BTP;13;POST-PANAMAXI;CGC;2843;D2030_215_newpanamax
23.0;225.0;0.0;13.25;1.0;10;26;WED;2;25;False;False;False;70000;68.98;3.83;0.75;JUN;6;COFCO;16;PANAMAX;GSA - E;2844;D2030_215_newpanamax
23.0;225.0;0.0;13.75;1.0;9;31;WED;2;25;False;False;False;70000;58.85;1.56;0.75;JUN;6;COPESUCAR;17;PANAMAX;GSA - E;2845;D2030_215_newpanamax
23.0;185.0;9.25;0.0;2.0;12;27;WED;2;25;False;False;False;35000;31.91;3.66;0.75;JUN;6;DOW;20;MRMEDIUMRANGE;GL;2846;D2030_215_newpanamax
23.0;215.0;9.75;9.75;3.0;9;24;WED;2;25;False;False;False;1000;13.38;2.8;0.75;JUN;6;DPW - CGC;21;FULLYCELLULAR;CGC;2847;D2030_215_newpanamax
23.0;255.0;10.75;10.75;3.0;9;24;WED;2;25;False;False;False;3000;17.86;1.07;0.75;JUN;6;DPW - CGC;21;PANAMAX;CGC;2848;D2030_215_newpanamax
23.0;305.0;11.75;11.75;3.0;9;24;WED;2;25;False;False;False;4000;21.93;3.08;0.75;JUN;6;DPW - CGC;21;POST-PANAMAXI;CGC;2849;D2030_215_newpanamax
36.0;225.0;0.0;11.7;1.0;9;23;WED;2;25;False;False;False;55000;50.0;4.6;0.75;JUN;6;SUZANO;25;NAVIOCARGAGERAL;CGNC;2850;D2030_215_newpanamax
23.0;185.0;9.75;9.75;3.0;8;23;WED;2;25;False;False;False;1000;16.8;2.09;0.75;JUN;6;SANTOSBR;31;FULLYCELLULAR;CGC;2851;D2030_215_newpanamax
23.0;265.0;10.25;10.25;3.0;6;18;WED;2;25;False;False;False;3000;15.61;2.12;0.75;JUN;6;SANTOSBR;31;PANAMAX;CGC;2852;D2030_215_newpanamax
23.0;265.0;10.75;10.75;3.0;9;24;WED;2;25;False;False;False;3000;15.61;1.36;0.75;JUN;6;SANTOSBR;31;PANAMAX;CGC;2853;D2030_215_newpanamax
23.0;295.0;12.25;12.25;3.0;8;23;WED;2;25;False;False;False;4000;21.3;3.35;0.75;JUN;6;SANTOSBR;31;POST-PANAMAXI;CGC;2854;D2030_215_newpanamax
43.0;339.0;14.0;14.0;3.0;8;23;WED;2;25;False;False;False;6000;25.92;1.0;0.75;JUN;6;SANTOSBR;31;POST-PANAMAXII;CGC;2855;D2030_215_newpanamax
23.0;225.0;0.0;12.75;1.0;10;25;WED;2;25;False;False;False;70000;111.09;4.31;0.75;JUN;6;TES;36;PANAMAX;GSA - E;2856;D2030_215_newpanamax
23.0;195.0;8.75;8.75;3.0;8;26;WED;2;25;False;False;True;1500;20.97;0.83;0.75;JUN;6;TEV;37;CARGARO-RO;RORO;2857;D2030_215_newpanamax
23.0;225.0;0.0;13.25;1.0;9;21;WED;2;25;False;False;False;70000;39.92;1.61;0.75;JUN;6;TGG;38;PANAMAX;GSA - E;2858;D2030_215_newpanamax
23.0;225.0;0.0;13.25;1.0;8;20;WED;2;25;False;False;False;70000;61.75;3.75;0.75;JUN;6;TGRAO;39;PANAMAX;GSA - E;2859;D2030_215_newpanamax
23.0;225.0;0.0;13.25;1.0;8;25;WED;2;25;False;False;False;70000;62.19;4.39;0.75;JUN;6;TIPLAM - GSA - E;41;PANAMAX;GSA - E;2860;D2030_215_newpanamax
23.0;185.0;10.25;0.0;2.0;8;25;WED;2;25;False;False;False;45000;85.0;1.84;0.75;JUN;6;TIPLAM - GSM - I;42;HANDYMAX;GSM - I;2861;D2030_215_newpanamax
23.0;225.0;9.25;0.0;2.0;8;25;WED;2;25;False;False;False;70000;104.45;5.8;0.75;JUN;6;TIPLAM - GSM - I;42;PANAMAX;GSM - I;2862;D2030_215_newpanamax
23.0;185.0;0.0;9.25;1.0;10;24;WED;2;25;False;False;False;35000;29.94;4.56;0.75;JUN;6;TRANSPETRO;43;MRMEDIUMRANGE;GL;2863;D2030_215_newpanamax
23.0;225.0;0.0;13.25;1.0;12;29;THU;3;26;False;False;False;70000;51.12;2.15;0.75;JUN;6;RUMO - GSA - E;4;PANAMAX;GSA - E;2864;D2030_215_newpanamax
23.0;225.0;0.0;13.25;1.0;10;23;THU;3;26;False;False;False;70000;51.12;2.61;0.75;JUN;6;ADM;9;PANAMAX;GSA - E;2865;D2030_215_newpanamax
23.0;155.0;9.75;0.0;2.0;10;32;THU;3;26;False;False;False;18000;32.32;4.41;0.75;JUN;6;ADONAI;10;GPGENERALPURPOSE;GL;2866;D2030_215_newpanamax
23.0;215.0;9.25;9.25;3.0;9;26;THU;3;26;False;False;False;1000;13.85;1.45;0.75;JUN;6;BTP;13;FULLYCELLULAR;CGC;2867;D2030_215_newpanamax
23.0;295.0;12.75;12.75;3.0;9;26;THU;3;26;False;False;False;4000;20.66;2.47;0.75;JUN;6;BTP;13;POST-PANAMAXI;CGC;2868;D2030_215_newpanamax
23.0;185.0;9.75;0.0;2.0;8;30;THU;3;26;False;False;False;45000;131.03;10.0;0.75;JUN;6;BUNGE;14;HANDYMAX;GSA - I;2869;D2030_215_newpanamax
23.0;225.0;0.0;13.75;1.0;12;31;THU;3;26;False;False;False;70000;68.98;1.98;0.75;JUN;6;COFCO;16;PANAMAX;GSA - E;2870;D2030_215_newpanamax
23.0;165.0;8.25;0.0;2.0;13;33;THU;3;26;False;False;False;18000;12.03;5.43;0.75;JUN;6;DOW;20;GPGENERALPURPOSE;GL;2871;D2030_215_newpanamax
23.0;255.0;11.25;11.25;3.0;11;31;THU;3;26;False;False;False;3000;17.86;2.88;0.75;JUN;6;DPW - CGC;21;PANAMAX;CGC;2872;D2030_215_newpanamax
23.0;305.0;12.25;12.25;3.0;11;31;THU;3;26;False;False;False;4000;21.93;1.5;0.75;JUN;6;DPW - CGC;21;POST-PANAMAXI;CGC;2873;D2030_215_newpanamax
23.0;185.0;0.0;12.75;1.0;10;29;THU;3;26;False;False;False;45000;37.2;3.53;0.75;JUN;6;ELEVACOES;24;HANDYMAX;GSA - E;2874;D2030_215_newpanamax
32.2;205.0;0.0;12.2;1.0;10;29;THU;3;26;False;False;False;55000;39.16;2.26;0.75;JUN;6;ELEVACOES;24;SUPRAMAX;GSA - E;2875;D2030_215_newpanamax
23.0;215.0;9.75;9.75;3.0;13;35;THU;3;26;False;False;False;1000;16.8;5.94;0.75;JUN;6;SANTOSBR;31;FULLYCELLULAR;CGC;2876;D2030_215_newpanamax
43.0;339.0;14.0;14.0;3.0;11;31;THU;3;26;False;False;False;6000;25.92;2.12;0.75;JUN;6;SANTOSBR;31;POST-PANAMAXII;CGC;2877;D2030_215_newpanamax
23.0;185.0;12.25;0.0;2.0;8;29;THU;3;26;False;False;False;45000;89.37;5.1;0.75;JUN;6;TERMAG;35;HANDYMAX;GSM - I;2878;D2030_215_newpanamax
23.0;225.0;14.25;0.0;2.0;8;29;THU;3;26;False;False;False;70000;111.09;3.71;0.75;JUN;6;TERMAG;35;PANAMAX;GSM - I;2879;D2030_215_newpanamax
23.0;195.0;9.25;9.25;3.0;11;34;THU;3;26;False;False;True;1500;20.97;9.82;0.75;JUN;6;TEV;37;CARGARO-RO;RORO;2880;D2030_215_newpanamax
23.0;225.0;0.0;13.25;1.0;11;34;THU;3;26;False;False;False;70000;39.92;2.23;0.75;JUN;6;TGG;38;PANAMAX;GSA - E;2881;D2030_215_newpanamax
23.0;195.0;10.25;0.0;2.0;13;36;THU;3;26;False;False;False;45000;85.0;0.95;0.75;JUN;6;TIPLAM - GSM - I;42;HANDYMAX;GSM - I;2882;D2030_215_newpanamax
23.0;225.0;10.25;0.0;2.0;13;36;THU;3;26;False;False;False;70000;104.45;4.84;0.75;JUN;6;TIPLAM - GSM - I;42;PANAMAX;GSM - I;2883;D2030_215_newpanamax
23.0;185.0;0.0;9.25;1.0;11;28;THU;3;26;False;False;False;35000;29.94;2.25;0.75;JUN;6;TRANSPETRO;43;MRMEDIUMRANGE;GL;2884;D2030_215_newpanamax
23.0;155.0;8.75;0.0;2.0;13;30;THU;3;26;False;False;False;18000;42.57;6.15;0.75;JUN;6;ULTRACARGO;45;GPGENERALPURPOSE;GL;2885;D2030_215_newpanamax
23.0;175.0;9.25;0.0;2.0;11;28;THU;3;26;False;False;False;35000;57.11;15.59;0.75;JUN;6;ULTRACARGO;45;MRMEDIUMRANGE;GL;2886;D2030_215_newpanamax
23.0;255.0;0.0;12.75;1.0;17;42;FRI;4;27;False;False;False;85000;111.5;2.38;0.75;JUN;6;RUMO - GSA - E;4;POST-PANAMAX;GSA - E;2887;D2030_215_newpanamax
23.0;185.0;10.25;0.0;2.0;14;38;FRI;4;27;False;False;False;35000;64.43;0.38;0.75;JUN;6;AGEO_TERMINAIS;11;MRMEDIUMRANGE;GL;2888;D2030_215_newpanamax
23.0;295.0;13.25;13.25;3.0;12;35;FRI;4;27;False;False;False;4000;20.66;2.37;0.75;JUN;6;BTP;13;POST-PANAMAXI;CGC;2889;D2030_215_newpanamax
23.0;225.0;0.0;13.75;1.0;15;38;FRI;4;27;False;False;False;70000;68.98;1.69;0.75;JUN;6;COFCO;16;PANAMAX;GSA - E;2890;D2030_215_newpanamax
38.0;250.0;0.0;14.0;1.0;15;47;FRI;4;27;False;False;False;85000;75.79;0.16;0.75;JUN;6;CUTRALE - GSA - E;19;POST-PANAMAX;GSA - E;2891;D2030_215_newpanamax
23.0;185.0;10.75;10.75;3.0;16;43;FRI;4;27;False;False;False;1000;13.38;3.85;0.75;JUN;6;DPW - CGC;21;FULLYCELLULAR;CGC;2892;D2030_215_newpanamax
23.0;265.0;11.75;11.75;3.0;16;43;FRI;4;27;False;False;False;3000;17.86;2.39;0.75;JUN;6;DPW - CGC;21;PANAMAX;CGC;2893;D2030_215_newpanamax
23.0;305.0;13.25;13.25;3.0;16;45;FRI;4;27;False;False;False;4000;21.93;1.15;0.75;JUN;6;DPW - CGC;21;POST-PANAMAXI;CGC;2894;D2030_215_newpanamax
43.0;339.0;14.0;14.0;3.0;16;45;FRI;4;27;False;False;False;6000;27.82;1.9;0.75;JUN;6;DPW - CGC;21;POST-PANAMAXII;CGC;2895;D2030_215_newpanamax
23.0;195.0;11.25;0.0;2.0;17;45;FRI;4;27;False;False;False;45000;75.33;1.0;0.75;JUN;6;HIDROVIAS;27;HANDYMAX;GSM - I;2896;D2030_215_newpanamax
23.0;205.0;10.75;10.75;3.0;17;45;FRI;4;27;False;False;False;1000;16.8;5.54;0.75;JUN;6;SANTOSBR;31;FULLYCELLULAR;CGC;2897;D2030_215_newpanamax
23.0;235.0;12.25;12.25;3.0;17;45;FRI;4;27;False;False;False;3000;15.61;2.8;0.75;JUN;6;SANTOSBR;31;PANAMAX;CGC;2898;D2030_215_newpanamax
23.0;325.0;12.75;12.75;3.0;17;45;FRI;4;27;False;False;False;4000;21.3;2.02;0.75;JUN;6;SANTOSBR;31;POST-PANAMAXI;CGC;2899;D2030_215_newpanamax
23.0;195.0;9.25;9.25;3.0;12;38;FRI;4;27;False;False;True;1500;20.97;5.58;0.75;JUN;6;TEV;37;CARGARO-RO;RORO;2900;D2030_215_newpanamax
23.0;225.0;0.0;13.75;1.0;15;45;FRI;4;27;False;False;False;70000;61.75;2.14;0.75;JUN;6;TGRAO;39;PANAMAX;GSA - E;2901;D2030_215_newpanamax
23.0;225.0;0.0;13.25;1.0;13;35;FRI;4;27;False;False;False;70000;62.19;10.32;0.75;JUN;6;TIPLAM - GSA - E;41;PANAMAX;GSA - E;2902;D2030_215_newpanamax
19.0;88.9;5.5;5.5;1.0;9;30;0;4;27;False;False;False;0;53.0;0.08;0.75;0;6;TUP - Saipem;8;HANDYSIZE;CGNC;2903;D2030_215_newpanamax
23.0;175.0;10.75;0.0;2.0;15;45;SAT;5;28;False;False;False;35000;50.86;4.73;0.75;JUN;6;RUMO - GSM - I;5;HANDYSIZE;GSM - I;2904;D2030_215_newpanamax
23.0;165.0;9.75;0.0;2.0;19;51;SAT;5;28;False;False;False;18000;45.88;0.68;0.75;JUN;6;AGEO_TERMINAIS;11;GPGENERALPURPOSE;GL;2905;D2030_215_newpanamax
36.0;225.0;0.0;13.0;1.0;14;41;SAT;5;28;False;False;False;55000;99.66;5.75;0.75;JUN;6;BRACELL;12;NAVIOCARGAGERAL;CGNC;2906;D2030_215_newpanamax
23.0;285.0;13.75;13.75;3.0;20;54;SAT;5;28;False;False;False;3000;14.7;2.17;0.75;JUN;6;BTP;13;PANAMAX;CGC;2907;D2030_215_newpanamax
23.0;295.0;13.75;13.75;3.0;15;44;SAT;5;28;False;False;False;4000;20.66;3.24;0.75;JUN;6;BTP;13;POST-PANAMAXI;CGC;2908;D2030_215_newpanamax
43.0;339.0;14.0;14.0;3.0;14;42;SAT;5;28;False;False;False;6000;23.63;1.11;0.75;JUN;6;BTP;13;POST-PANAMAXII;CGC;2909;D2030_215_newpanamax
43.0;339.0;14.0;14.0;3.0;20;54;SAT;5;28;False;False;False;6000;23.63;5.73;0.75;JUN;6;BTP;13;POST-PANAMAXII;CGC;2910;D2030_215_newpanamax
23.0;275.0;12.25;12.25;3.0;18;49;SAT;5;28;False;False;False;3000;17.86;2.5;0.75;JUN;6;DPW - CGC;21;PANAMAX;CGC;2911;D2030_215_newpanamax
23.0;265.0;12.25;12.25;3.0;17;48;SAT;5;28;False;False;False;3000;17.86;2.32;0.75;JUN;6;DPW - CGC;21;PANAMAX;CGC;2912;D2030_215_newpanamax
23.0;195.0;0.0;13.25;1.0;18;52;SAT;5;28;False;False;False;45000;37.2;2.99;0.75;JUN;6;ELEVACOES;24;HANDYMAX;GSA - E;2913;D2030_215_newpanamax
23.0;175.0;0.0;10.25;1.0;18;52;SAT;5;28;False;False;False;35000;27.04;2.09;0.75;JUN;6;ELEVACOES;24;HANDYSIZE;GSA - E;2914;D2030_215_newpanamax
32.2;205.0;0.0;12.2;1.0;18;52;SAT;5;28;False;False;False;55000;39.16;3.09;0.75;JUN;6;ELEVACOES;24;SUPRAMAX;GSA - E;2915;D2030_215_newpanamax
36.0;225.0;0.0;11.7;1.0;20;52;SAT;5;28;False;False;False;55000;50.0;4.96;0.75;JUN;6;SUZANO;25;NAVIOCARGAGERAL;CGNC;2916;D2030_215_newpanamax
23.0;295.0;13.25;13.25;3.0;19;50;SAT;5;28;False;False;False;4000;21.3;1.8;0.75;JUN;6;SANTOSBR;31;POST-PANAMAXI;CGC;2917;D2030_215_newpanamax
23.0;225.0;0.0;13.25;1.0;16;45;SAT;5;28;False;False;False;70000;88.35;1.22;0.75;JUN;6;TEAG;33;PANAMAX;GSA - E;2918;D2030_215_newpanamax
23.0;195.0;9.25;9.25;3.0;15;45;SAT;5;28;False;False;True;1500;20.97;4.59;0.75;JUN;6;TEV;37;CARGARO-RO;RORO;2919;D2030_215_newpanamax
23.0;195.0;9.25;9.25;3.0;15;46;SAT;5;28;False;False;True;1500;20.97;1.75;0.75;JUN;6;TEV;37;CARGARO-RO;RORO;2920;D2030_215_newpanamax
23.0;165.0;9.75;0.0;2.0;15;48;SAT;5;28;False;False;False;18000;18.55;4.52;0.75;JUN;6;TIPLAM - GL;40;GPGENERALPURPOSE;GL;2921;D2030_215_newpanamax
23.0;185.0;0.0;10.25;1.0;18;47;SAT;5;28;False;False;False;35000;29.94;2.9;0.75;JUN;6;TRANSPETRO;43;MRMEDIUMRANGE;GL;2922;D2030_215_newpanamax
23.0;185.0;11.25;0.0;2.0;19;55;SAT;5;28;False;False;False;35000;62.88;0.0;0.75;JUN;6;VOPAK;47;MRMEDIUMRANGE;GL;2923;D2030_215_newpanamax
23.0;275.0;13.25;13.25;3.0;22;59;SUN;6;29;False;False;False;3000;15.61;2.26;0.75;JUN;6;TECON10;3;PANAMAX;CGC;2924;D2030_215_newpanamax
23.0;185.0;11.75;0.0;2.0;21;57;SUN;6;29;False;False;False;35000;64.43;0.36;0.75;JUN;6;AGEO_TERMINAIS;11;MRMEDIUMRANGE;GL;2925;D2030_215_newpanamax
23.0;215.0;10.75;10.75;3.0;23;18;SUN;6;29;False;False;False;1000;13.85;2.93;0.75;JUN;6;BTP;13;FULLYCELLULAR;CGC;2926;D2030_215_newpanamax
23.0;295.0;14.5;14.5;3.0;23;1;SUN;6;29;False;False;False;4000;20.66;1.58;0.75;JUN;6;BTP;13;POST-PANAMAXI;CGC;2927;D2030_215_newpanamax
23.0;205.0;11.75;11.75;3.0;23;24;SUN;6;29;False;False;False;1000;13.38;1.4;0.75;JUN;6;DPW - CGC;21;FULLYCELLULAR;CGC;2928;D2030_215_newpanamax
23.0;275.0;12.75;12.75;3.0;20;55;SUN;6;29;False;False;False;3000;17.86;2.11;0.75;JUN;6;DPW - CGC;21;PANAMAX;CGC;2929;D2030_215_newpanamax
23.0;195.0;12.25;0.0;2.0;22;57;SUN;6;29;False;False;False;45000;75.33;2.75;0.75;JUN;6;HIDROVIAS;27;HANDYMAX;GSM - I;2930;D2030_215_newpanamax
23.0;205.0;11.75;11.75;3.0;22;59;SUN;6;29;False;False;False;1000;16.8;1.82;0.75;JUN;6;SANTOSBR;31;FULLYCELLULAR;CGC;2931;D2030_215_newpanamax
23.0;275.0;14.25;14.25;3.0;23;26;SUN;6;29;False;False;False;3000;15.61;1.86;0.75;JUN;6;SANTOSBR;31;PANAMAX;CGC;2932;D2030_215_newpanamax
23.0;255.0;13.25;13.25;3.0;22;57;SUN;6;29;False;False;False;3000;15.61;1.24;0.75;JUN;6;SANTOSBR;31;PANAMAX;CGC;2933;D2030_215_newpanamax
43.0;339.0;14.0;14.0;3.0;23;29;SUN;6;29;False;False;False;6000;25.92;2.96;0.75;JUN;6;SANTOSBR;31;POST-PANAMAXII;CGC;2934;D2030_215_newpanamax
23.0;175.0;10.75;0.0;2.0;22;12;SUN;6;29;False;False;False;35000;50.86;7.58;0.75;JUN;6;TERMAG;35;HANDYSIZE;GSM - I;2935;D2030_215_newpanamax
23.0;225.0;0.0;13.75;1.0;19;59;SUN;6;29;False;False;False;70000;111.09;5.22;0.75;JUN;6;TES;36;PANAMAX;GSA - E;2936;D2030_215_newpanamax
23.0;235.0;9.75;9.75;3.0;22;37;SUN;6;29;False;False;True;5000;19.52;5.89;0.75;JUN;6;TEV;37;LARGEPCTC;RORO;2937;D2030_215_newpanamax
23.0;225.0;13.75;0.0;2.0;21;58;SUN;6;29;False;False;False;70000;104.45;8.07;0.75;JUN;6;TIPLAM - GSM - I;42;PANAMAX;GSM - I;2938;D2030_215_newpanamax
18.0;85.34;5.0;4.9;1.0;17;0;0;6;29;False;False;False;0;38.75;0.17;0.75;0;6;TUP - Saipem;8;HANDYSIZE;CGNC;2939;D2030_215_newpanamax
23.0;255.0;9.25;9.25;3.0;1;4;MON;0;30;False;False;False;3000;15.61;3.22;0.75;JUN;6;TECON10;3;PANAMAX;CGC;2940;D2030_215_newpanamax
23.0;185.0;10.25;0.0;2.0;1;5;MON;0;30;False;False;False;45000;89.37;2.53;0.75;JUN;6;RUMO - GSM - I;5;HANDYMAX;GSM - I;2941;D2030_215_newpanamax
23.0;155.0;0.0;6.75;1.0;1;2;MON;0;30;False;False;False;18000;45.88;0.35;0.75;JUN;6;AGEO_TERMINAIS;11;GPGENERALPURPOSE;GL;2942;D2030_215_newpanamax
23.0;255.0;10.25;10.25;3.0;1;3;MON;0;30;False;False;False;3000;14.7;2.03;0.75;JUN;6;BTP;13;PANAMAX;CGC;2943;D2030_215_newpanamax
43.0;339.0;14.0;14.0;3.0;1;3;MON;0;30;False;False;False;6000;23.63;3.86;0.75;JUN;6;BTP;13;POST-PANAMAXII;CGC;2944;D2030_215_newpanamax
23.0;225.0;0.0;10.25;1.0;3;9;MON;0;30;False;False;False;70000;54.03;0.33;0.75;JUN;6;CUTRALE - GSA - E;19;PANAMAX;GSA - E;2945;D2030_215_newpanamax
23.0;195.0;7.25;7.25;3.0;1;3;MON;0;30;False;False;False;1000;13.38;1.86;0.75;JUN;6;DPW - CGC;21;FULLYCELLULAR;CGC;2946;D2030_215_newpanamax
23.0;255.0;9.75;9.75;3.0;2;5;MON;0;30;False;False;False;3000;17.86;1.39;0.75;JUN;6;DPW - CGC;21;PANAMAX;CGC;2947;D2030_215_newpanamax
23.0;255.0;9.25;9.25;3.0;1;2;MON;0;30;False;False;False;3000;17.86;2.9;0.75;JUN;6;DPW - CGC;21;PANAMAX;CGC;2948;D2030_215_newpanamax
23.0;305.0;10.25;10.25;3.0;3;6;MON;0;30;False;False;False;4000;21.93;1.48;0.75;JUN;6;DPW - CGC;21;POST-PANAMAXI;CGC;2949;D2030_215_newpanamax
23.0;225.0;0.0;13.25;1.0;4;9;MON;0;30;False;False;False;70000;53.25;3.06;0.75;JUN;6;ELEVACOES;24;PANAMAX;GSA - E;2950;D2030_215_newpanamax
23.0;195.0;8.25;8.25;3.0;1;2;MON;0;30;False;False;False;1000;16.8;1.64;0.75;JUN;6;SANTOSBR;31;FULLYCELLULAR;CGC;2951;D2030_215_newpanamax
23.0;255.0;9.25;9.25;3.0;1;2;MON;0;30;False;False;False;3000;15.61;3.74;0.75;JUN;6;SANTOSBR;31;PANAMAX;CGC;2952;D2030_215_newpanamax
23.0;255.0;9.25;9.25;3.0;1;2;MON;0;30;False;False;False;3000;15.61;3.44;0.75;JUN;6;SANTOSBR;31;PANAMAX;CGC;2953;D2030_215_newpanamax
43.0;339.0;14.0;14.0;3.0;1;2;MON;0;30;False;False;False;6000;25.92;5.01;0.75;JUN;6;SANTOSBR;31;POST-PANAMAXII;CGC;2954;D2030_215_newpanamax
23.0;225.0;0.0;12.75;1.0;4;6;MON;0;30;False;False;False;70000;78.07;0.82;0.75;JUN;6;TEG;34;PANAMAX;GSA - E;2955;D2030_215_newpanamax
23.0;225.0;0.0;12.75;1.0;1;5;MON;0;30;False;False;False;70000;39.92;3.48;0.75;JUN;6;TGG;38;PANAMAX;GSA - E;2956;D2030_215_newpanamax
23.0;225.0;0.0;7.25;1.0;0;0;MON;0;30;False;False;False;70000;62.19;4.17;0.75;JUN;6;TIPLAM - GSA - E;41;PANAMAX;GSA - E;2957;D2030_215_newpanamax
23.0;185.0;0.0;8.25;1.0;2;5;MON;0;30;False;False;False;35000;29.94;4.23;0.75;JUN;6;TRANSPETRO;43;MRMEDIUMRANGE;GL;2958;D2030_215_newpanamax
23.0;285.0;0.0;10.25;1.0;8;3;MON;0;30;True;False;False;76500;53.08;0.0;0.75;JUN;6;TRSP;44;LNGCARRIER;GL;2959;D2030_215_newpanamax
23.0;225.0;0.0;12.75;1.0;7;13;TUE;1;1;False;False;False;70000;51.12;3.23;0.75;JUL;7;RUMO - GSA - E;4;PANAMAX;GSA - E;2960;D2030_215_newpanamax
23.0;185.0;0.0;7.75;1.0;5;11;TUE;1;1;False;False;False;35000;37.45;2.37;0.75;JUL;7;ADONAI;10;MRMEDIUMRANGE;GL;2961;D2030_215_newpanamax
49.0;366.0;14.5;14.5;3.0;4;13;TUE;1;1;False;False;False;12500;30.72;2.31;0.75;JUL;7;BTP;13;NEWPANAMAX;CGC;2962;D2030_215_newpanamax
23.0;295.0;10.75;10.75;3.0;2;7;TUE;1;1;False;False;False;4000;20.66;4.9;0.75;JUL;7;BTP;13;POST-PANAMAXI;CGC;2963;D2030_215_newpanamax
43.0;339.0;14.0;14.0;3.0;2;7;TUE;1;1;False;False;False;6000;23.63;2.0;0.75;JUL;7;BTP;13;POST-PANAMAXII;CGC;2964;D2030_215_newpanamax
23.0;225.0;0.0;13.25;1.0;6;12;TUE;1;1;False;False;False;70000;68.98;3.61;0.75;JUL;7;COFCO;16;PANAMAX;GSA - E;2965;D2030_215_newpanamax
23.0;185.0;0.0;11.75;1.0;7;25;TUE;1;1;False;False;False;45000;39.48;1.84;0.75;JUL;7;COPESUCAR;17;HANDYMAX;GSA - E;2966;D2030_215_newpanamax
23.0;225.0;0.0;13.75;1.0;7;23;TUE;1;1;False;False;False;70000;58.85;2.13;0.75;JUL;7;COPESUCAR;17;PANAMAX;GSA - E;2967;D2030_215_newpanamax
23.0;185.0;9.25;9.25;3.0;5;11;TUE;1;1;False;False;False;1000;13.38;1.5;0.75;JUL;7;DPW - CGC;21;FULLYCELLULAR;CGC;2968;D2030_215_newpanamax
23.0;275.0;9.75;9.75;3.0;5;11;TUE;1;1;False;False;False;3000;17.86;1.73;0.75;JUL;7;DPW - CGC;21;PANAMAX;CGC;2969;D2030_215_newpanamax
23.0;295.0;10.75;10.75;3.0;5;11;TUE;1;1;False;False;False;4000;21.93;2.64;0.75;JUL;7;DPW - CGC;21;POST-PANAMAXI;CGC;2970;D2030_215_newpanamax
36.0;225.0;0.0;13.0;1.0;5;11;TUE;1;1;False;False;False;55000;64.0;0.9;0.75;JUL;7;DPW - CGNC;22;NAVIOCARGAGERAL;CGNC;2971;D2030_215_newpanamax
23.0;225.0;0.0;13.25;1.0;6;12;TUE;1;1;False;False;False;70000;53.25;2.56;0.75;JUL;7;ELEVACOES;24;PANAMAX;GSA - E;2972;D2030_215_newpanamax
32.2;205.0;0.0;12.2;1.0;8;17;TUE;1;1;False;False;False;55000;39.16;2.22;0.75;JUL;7;ELEVACOES;24;SUPRAMAX;GSA - E;2973;D2030_215_newpanamax
23.0;185.0;9.25;9.25;3.0;4;9;TUE;1;1;False;False;False;1000;16.8;3.31;0.75;JUL;7;SANTOSBR;31;FULLYCELLULAR;CGC;2974;D2030_215_newpanamax
23.0;255.0;10.25;10.25;3.0;5;13;TUE;1;1;False;False;False;3000;15.61;3.76;0.75;JUL;7;SANTOSBR;31;PANAMAX;CGC;2975;D2030_215_newpanamax
43.0;339.0;14.0;14.0;3.0;5;13;TUE;1;1;False;False;False;6000;25.92;1.7;0.75;JUL;7;SANTOSBR;31;POST-PANAMAXII;CGC;2976;D2030_215_newpanamax
23.0;225.0;0.0;12.75;1.0;6;10;TUE;1;1;False;False;False;70000;111.09;2.7;0.75;JUL;7;TES;36;PANAMAX;GSA - E;2977;D2030_215_newpanamax
23.0;225.0;0.0;13.25;1.0;5;10;TUE;1;1;False;False;False;70000;39.92;1.38;0.75;JUL;7;TGG;38;PANAMAX;GSA - E;2978;D2030_215_newpanamax
23.0;225.0;0.0;12.25;1.0;4;13;TUE;1;1;False;False;False;70000;62.19;2.16;0.75;JUL;7;TIPLAM - GSA - E;41;PANAMAX;GSA - E;2979;D2030_215_newpanamax
23.0;195.0;8.25;0.0;2.0;2;7;TUE;1;1;False;False;False;45000;85.0;3.24;0.75;JUL;7;TIPLAM - GSM - I;42;HANDYMAX;GSM - I;2980;D2030_215_newpanamax
23.0;215.0;0.0;12.25;1.0;5;11;TUE;1;1;False;False;False;70000;55.1;0.01;0.75;JUL;7;XXXIX;48;PANAMAX;GSA - E;2981;D2030_215_newpanamax
38.0;250.0;0.0;14.4;1.0;5;11;TUE;1;1;False;False;False;85000;90.23;0.25;0.75;JUL;7;XXXIX;48;POST-PANAMAX;GSA - E;2982;D2030_215_newpanamax
17.0;82.3;4.5;4.5;1.0;14;45;0;1;1;False;False;False;0;18.33;0.08;0.75;0;7;TUP - Saipem;8;HANDYSIZE;CGNC;2983;D2030_215_newpanamax
23.0;225.0;0.0;12.75;1.0;8;16;WED;2;2;False;False;False;70000;51.12;2.44;0.75;JUL;7;RUMO - GSA - E;4;PANAMAX;GSA - E;2984;D2030_215_newpanamax
23.0;155.0;0.0;8.25;1.0;9;22;WED;2;2;False;False;False;18000;45.88;0.68;0.75;JUL;7;AGEO_TERMINAIS;11;GPGENERALPURPOSE;GL;2985;D2030_215_newpanamax
23.0;275.0;12.25;12.25;3.0;8;23;WED;2;2;False;False;False;3000;14.7;3.08;0.75;JUL;7;BTP;13;PANAMAX;CGC;2986;D2030_215_newpanamax
23.0;225.0;0.0;13.75;1.0;11;28;WED;2;2;False;False;False;70000;68.98;18.44;0.75;JUL;7;COFCO;16;PANAMAX;GSA - E;2987;D2030_215_newpanamax
23.0;225.0;0.0;13.25;1.0;10;24;WED;2;2;False;False;False;70000;68.98;1.87;0.75;JUL;7;COFCO;16;PANAMAX;GSA - E;2988;D2030_215_newpanamax
23.0;195.0;0.0;11.75;1.0;9;28;WED;2;2;False;False;False;45000;39.48;5.99;0.75;JUL;7;COPESUCAR;17;HANDYMAX;GSA - E;2989;D2030_215_newpanamax
23.0;225.0;0.0;13.75;1.0;9;31;WED;2;2;False;False;False;70000;58.85;1.43;0.75;JUL;7;COPESUCAR;17;PANAMAX;GSA - E;2990;D2030_215_newpanamax
23.0;215.0;9.75;9.75;3.0;9;25;WED;2;2;False;False;False;1000;13.38;1.23;0.75;JUL;7;DPW - CGC;21;FULLYCELLULAR;CGC;2991;D2030_215_newpanamax
23.0;255.0;10.75;10.75;3.0;8;23;WED;2;2;False;False;False;3000;17.86;1.87;0.75;JUL;7;DPW - CGC;21;PANAMAX;CGC;2992;D2030_215_newpanamax
23.0;305.0;11.25;11.25;3.0;8;21;WED;2;2;False;False;False;4000;21.93;2.63;0.75;JUL;7;DPW - CGC;21;POST-PANAMAXI;CGC;2993;D2030_215_newpanamax
36.0;225.0;0.0;13.0;1.0;9;25;WED;2;2;False;False;False;55000;64.0;2.56;0.75;JUL;7;DPW - CGNC;22;NAVIOCARGAGERAL;CGNC;2994;D2030_215_newpanamax
23.0;225.0;0.0;13.75;1.0;9;23;WED;2;2;False;False;False;70000;53.25;2.03;0.75;JUL;7;ELEVACOES;24;PANAMAX;GSA - E;2995;D2030_215_newpanamax
23.0;225.0;11.75;0.0;2.0;5;21;WED;2;2;False;False;False;70000;49.28;2.26;0.75;JUL;7;HIDROVIAS;27;PANAMAX;GSM - I;2996;D2030_215_newpanamax
23.0;275.0;10.25;10.25;3.0;6;19;WED;2;2;False;False;False;3000;15.61;2.9;0.75;JUL;7;SANTOSBR;31;PANAMAX;CGC;2997;D2030_215_newpanamax
23.0;295.0;11.75;11.75;3.0;6;19;WED;2;2;False;False;False;4000;21.3;3.28;0.75;JUL;7;SANTOSBR;31;POST-PANAMAXI;CGC;2998;D2030_215_newpanamax
43.0;339.0;14.0;14.0;3.0;10;26;WED;2;2;False;False;False;6000;25.92;1.55;0.75;JUL;7;SANTOSBR;31;POST-PANAMAXII;CGC;2999;D2030_215_newpanamax
23.0;225.0;0.0;13.25;1.0;7;15;WED;2;2;False;False;False;70000;78.07;0.54;0.75;JUL;7;TEG;34;PANAMAX;GSA - E;3000;D2030_215_newpanamax
23.0;225.0;0.0;12.75;1.0;8;19;WED;2;2;False;False;False;70000;111.09;4.92;0.75;JUL;7;TES;36;PANAMAX;GSA - E;3001;D2030_215_newpanamax
23.0;225.0;0.0;13.25;1.0;10;23;WED;2;2;False;False;False;70000;39.92;3.09;0.75;JUL;7;TGG;38;PANAMAX;GSA - E;3002;D2030_215_newpanamax
23.0;225.0;0.0;13.25;1.0;8;22;WED;2;2;False;False;False;70000;62.19;8.33;0.75;JUL;7;TIPLAM - GSA - E;41;PANAMAX;GSA - E;3003;D2030_215_newpanamax
23.0;225.0;0.0;13.25;1.0;8;24;WED;2;2;False;False;False;70000;62.19;5.24;0.75;JUL;7;TIPLAM - GSA - E;41;PANAMAX;GSA - E;3004;D2030_215_newpanamax
23.0;245.0;0.0;10.25;1.0;9;22;WED;2;2;False;False;False;60000;48.22;2.11;0.75;JUL;7;TRANSPETRO;43;LR1LONGRANGE1;GL;3005;D2030_215_newpanamax
23.0;285.0;0.0;10.75;1.0;9;15;WED;2;2;True;False;False;76500;53.08;0.0;0.75;JUL;7;TRSP;44;LNGCARRIER;GL;3006;D2030_215_newpanamax
19.0;87.9;5.1;4.5;1.0;11;0;0;2;2;False;False;False;0;78.0;0.17;0.75;0;7;TUP - Saipem;8;HANDYSIZE;CGNC;3007;D2030_215_newpanamax
23.0;225.0;0.0;13.25;1.0;12;29;THU;3;3;False;False;False;70000;51.12;1.9;0.75;JUL;7;RUMO - GSA - E;4;PANAMAX;GSA - E;3008;D2030_215_newpanamax
23.0;225.0;0.0;13.25;1.0;9;21;THU;3;3;False;False;False;70000;51.12;1.82;0.75;JUL;7;ADM;9;PANAMAX;GSA - E;3009;D2030_215_newpanamax
23.0;255.0;12.75;12.75;3.0;10;29;THU;3;3;False;False;False;3000;14.7;1.78;0.75;JUL;7;BTP;13;PANAMAX;CGC;3010;D2030_215_newpanamax
23.0;185.0;9.75;0.0;2.0;7;23;THU;3;3;False;False;False;45000;131.03;3.45;0.75;JUL;7;BUNGE;14;HANDYMAX;GSA - I;3011;D2030_215_newpanamax
23.0;205.0;0.0;10.25;1.0;9;33;THU;3;3;False;False;False;35000;77.19;0.12;0.75;JUL;7;CITROSUCO;15;MRMEDIUMRANGE;GL;3012;D2030_215_newpanamax
23.0;225.0;0.0;13.75;1.0;13;32;THU;3;3;False;False;False;70000;68.98;6.41;0.75;JUL;7;COFCO;16;PANAMAX;GSA - E;3013;D2030_215_newpanamax
23.0;195.0;0.0;12.25;1.0;12;36;THU;3;3;False;False;False;45000;39.48;1.26;0.75;JUL;7;COPESUCAR;17;HANDYMAX;GSA - E;3014;D2030_215_newpanamax
23.0;225.0;0.0;13.25;1.0;12;38;THU;3;3;False;False;False;70000;54.03;0.32;0.75;JUL;7;CUTRALE - GSA - E;19;PANAMAX;GSA - E;3015;D2030_215_newpanamax
23.0;175.0;0.0;9.75;1.0;11;30;THU;3;3;False;False;False;35000;27.04;1.58;0.75;JUL;7;ELEVACOES;24;HANDYSIZE;GSA - E;3016;D2030_215_newpanamax
23.0;225.0;0.0;13.75;1.0;10;30;THU;3;3;False;False;False;70000;53.25;3.13;0.75;JUL;7;ELEVACOES;24;PANAMAX;GSA - E;3017;D2030_215_newpanamax
32.2;205.0;0.0;12.2;1.0;12;34;THU;3;3;False;False;False;55000;39.16;1.53;0.75;JUL;7;ELEVACOES;24;SUPRAMAX;GSA - E;3018;D2030_215_newpanamax
23.0;265.0;11.25;11.25;3.0;13;35;THU;3;3;False;False;False;3000;15.61;2.8;0.75;JUL;7;SANTOSBR;31;PANAMAX;CGC;3019;D2030_215_newpanamax
23.0;295.0;12.75;12.75;3.0;13;35;THU;3;3;False;False;False;4000;21.3;1.8;0.75;JUL;7;SANTOSBR;31;POST-PANAMAXI;CGC;3020;D2030_215_newpanamax
23.0;225.0;0.0;13.25;1.0;11;32;THU;3;3;False;False;False;70000;88.35;0.52;0.75;JUL;7;TEAG;33;PANAMAX;GSA - E;3021;D2030_215_newpanamax
23.0;195.0;9.25;9.25;3.0;11;34;THU;3;3;False;False;True;1500;20.97;2.02;0.75;JUL;7;TEV;37;CARGARO-RO;RORO;3022;D2030_215_newpanamax
23.0;225.0;0.0;13.25;1.0;12;33;THU;3;3;False;False;False;70000;62.19;8.34;0.75;JUL;7;TIPLAM - GSA - E;41;PANAMAX;GSA - E;3023;D2030_215_newpanamax
23.0;225.0;0.0;13.25;1.0;10;29;THU;3;3;False;False;False;70000;62.19;15.25;0.75;JUL;7;TIPLAM - GSA - E;41;PANAMAX;GSA - E;3024;D2030_215_newpanamax
23.0;195.0;10.25;0.0;2.0;13;37;THU;3;3;False;False;False;45000;85.0;7.42;0.75;JUL;7;TIPLAM - GSM - I;42;HANDYMAX;GSM - I;3025;D2030_215_newpanamax
23.0;155.0;0.0;8.25;1.0;14;36;THU;3;3;False;False;False;18000;28.37;1.86;0.75;JUL;7;TRANSPETRO;43;GPGENERALPURPOSE;GL;3026;D2030_215_newpanamax
23.0;155.0;8.25;0.0;2.0;11;24;THU;3;3;False;False;False;18000;42.57;4.53;0.75;JUL;7;ULTRACARGO;45;GPGENERALPURPOSE;GL;3027;D2030_215_newpanamax
23.0;225.0;12.7;0.0;2.0;13;35;THU;3;3;False;False;False;60000;124.33;0.0;0.75;JUL;7;VOPAK;47;LR1LONGRANGE1;GL;3028;D2030_215_newpanamax
23.0;225.0;0.0;12.75;1.0;14;37;THU;3;3;False;False;False;70000;55.1;0.27;0.75;JUL;7;XXXIX;48;PANAMAX;GSA - E;3029;D2030_215_newpanamax
23.0;225.0;0.0;13.25;1.0;14;37;FRI;4;4;False;False;False;70000;51.12;3.82;0.75;JUL;7;RUMO - GSA - E;4;PANAMAX;GSA - E;3030;D2030_215_newpanamax
23.0;225.0;14.25;0.0;2.0;14;39;FRI;4;4;False;False;False;70000;111.09;5.36;0.75;JUL;7;RUMO - GSM - I;5;PANAMAX;GSM - I;3031;D2030_215_newpanamax
23.0;225.0;0.0;13.25;1.0;15;37;FRI;4;4;False;False;False;70000;51.12;1.88;0.75;JUL;7;ADM;9;PANAMAX;GSA - E;3032;D2030_215_newpanamax
23.0;315.0;13.25;13.25;3.0;12;37;FRI;4;4;False;False;False;4000;20.66;4.58;0.75;JUL;7;BTP;13;POST-PANAMAXI;CGC;3033;D2030_215_newpanamax
23.0;175.0;10.25;0.0;2.0;9;37;FRI;4;4;False;False;False;35000;135.86;4.95;0.75;JUL;7;BUNGE;14;HANDYSIZE;GSA - I;3034;D2030_215_newpanamax
23.0;225.0;0.0;13.75;1.0;15;39;FRI;4;4;False;False;False;70000;68.98;4.26;0.75;JUL;7;COFCO;16;PANAMAX;GSA - E;3035;D2030_215_newpanamax
23.0;225.0;0.0;13.75;1.0;16;44;FRI;4;4;False;False;False;70000;68.98;6.84;0.75;JUL;7;COFCO;16;PANAMAX;GSA - E;3036;D2030_215_newpanamax
23.0;195.0;0.0;13.25;1.0;16;53;FRI;4;4;False;False;False;45000;39.48;2.57;0.75;JUL;7;COPESUCAR;17;HANDYMAX;GSA - E;3037;D2030_215_newpanamax
23.0;225.0;0.0;13.75;1.0;16;53;FRI;4;4;False;False;False;70000;58.85;2.37;0.75;JUL;7;COPESUCAR;17;PANAMAX;GSA - E;3038;D2030_215_newpanamax
23.0;185.0;0.0;9.75;1.0;14;44;FRI;4;4;False;False;False;35000;57.8;1.39;0.75;JUL;7;CUTRALE - GL;18;MRMEDIUMRANGE;GL;3039;D2030_215_newpanamax
23.0;225.0;0.0;13.25;1.0;17;50;FRI;4;4;False;False;False;70000;54.03;3.3;0.75;JUL;7;CUTRALE - GSA - E;19;PANAMAX;GSA - E;3040;D2030_215_newpanamax
23.0;205.0;10.25;10.25;3.0;13;37;FRI;4;4;False;False;False;1000;13.38;2.7;0.75;JUL;7;DPW - CGC;21;FULLYCELLULAR;CGC;3041;D2030_215_newpanamax
23.0;215.0;10.25;10.25;3.0;15;42;FRI;4;4;False;False;False;1000;13.38;1.77;0.75;JUL;7;DPW - CGC;21;FULLYCELLULAR;CGC;3042;D2030_215_newpanamax
23.0;275.0;11.25;11.25;3.0;13;37;FRI;4;4;False;False;False;3000;17.86;2.07;0.75;JUL;7;DPW - CGC;21;PANAMAX;CGC;3043;D2030_215_newpanamax
23.0;295.0;12.75;12.75;3.0;13;37;FRI;4;4;False;False;False;4000;21.93;1.62;0.75;JUL;7;DPW - CGC;21;POST-PANAMAXI;CGC;3044;D2030_215_newpanamax
23.0;295.0;13.25;13.25;3.0;15;42;FRI;4;4;False;False;False;4000;21.93;1.77;0.75;JUL;7;DPW - CGC;21;POST-PANAMAXI;CGC;3045;D2030_215_newpanamax
23.0;195.0;0.0;13.25;1.0;15;44;FRI;4;4;False;False;False;45000;37.2;2.55;0.75;JUL;7;ELEVACOES;24;HANDYMAX;GSA - E;3046;D2030_215_newpanamax
23.0;235.0;0.0;13.75;1.0;14;41;FRI;4;4;False;False;False;70000;53.25;8.58;0.75;JUL;7;ELEVACOES;24;PANAMAX;GSA - E;3047;D2030_215_newpanamax
23.0;185.0;10.25;10.25;3.0;14;37;FRI;4;4;False;False;False;1000;16.8;3.13;0.75;JUL;7;SANTOSBR;31;FULLYCELLULAR;CGC;3048;D2030_215_newpanamax
23.0;295.0;12.75;12.75;3.0;14;37;FRI;4;4;False;False;False;4000;21.3;2.79;0.75;JUL;7;SANTOSBR;31;POST-PANAMAXI;CGC;3049;D2030_215_newpanamax
23.0;155.0;8.25;0.0;2.0;12;37;FRI;4;4;False;False;False;18000;29.82;6.17;0.75;JUL;7;STOLTHAVEN;32;GPGENERALPURPOSE;GL;3050;D2030_215_newpanamax
23.0;195.0;12.25;0.0;2.0;15;41;FRI;4;4;False;False;False;45000;89.37;3.06;0.75;JUL;7;TERMAG;35;HANDYMAX;GSM - I;3051;D2030_215_newpanamax
23.0;225.0;0.0;13.25;1.0;13;34;FRI;4;4;False;False;False;70000;111.09;4.45;0.75;JUL;7;TES;36;PANAMAX;GSA - E;3052;D2030_215_newpanamax
23.0;225.0;0.0;13.25;1.0;13;32;FRI;4;4;False;False;False;70000;111.09;7.32;0.75;JUL;7;TES;36;PANAMAX;GSA - E;3053;D2030_215_newpanamax
23.0;195.0;9.25;9.25;3.0;14;42;FRI;4;4;False;False;True;1500;20.97;1.86;0.75;JUL;7;TEV;37;CARGARO-RO;RORO;3054;D2030_215_newpanamax
23.0;225.0;0.0;13.25;1.0;13;38;FRI;4;4;False;False;False;70000;39.92;2.35;0.75;JUL;7;TGG;38;PANAMAX;GSA - E;3055;D2030_215_newpanamax
23.0;225.0;0.0;13.25;1.0;15;40;FRI;4;4;False;False;False;70000;62.19;5.11;0.75;JUL;7;TIPLAM - GSA - E;41;PANAMAX;GSA - E;3056;D2030_215_newpanamax
23.0;225.0;0.0;13.25;1.0;16;46;FRI;4;4;False;False;False;70000;62.19;6.65;0.75;JUL;7;TIPLAM - GSA - E;41;PANAMAX;GSA - E;3057;D2030_215_newpanamax
23.0;175.0;0.0;10.25;1.0;17;45;FRI;4;4;False;False;False;35000;29.94;1.73;0.75;JUL;7;TRANSPETRO;43;MRMEDIUMRANGE;GL;3058;D2030_215_newpanamax
23.0;225.0;0.0;12.75;1.0;15;41;FRI;4;4;False;False;False;70000;55.1;5.4;0.75;JUL;7;XXXIX;48;PANAMAX;GSA - E;3059;D2030_215_newpanamax
36.0;225.0;0.0;13.0;1.0;14;41;SAT;5;5;False;False;False;55000;99.0;2.66;0.75;JUL;7;ARAUCO;1;NAVIOCARGAGERAL;CGNC;3060;D2030_215_newpanamax
23.0;175.0;11.25;0.0;2.0;17;49;SAT;5;5;False;False;False;35000;64.43;0.44;0.75;JUL;7;AGEO_TERMINAIS;11;MRMEDIUMRANGE;GL;3061;D2030_215_newpanamax
23.0;275.0;13.25;13.25;3.0;14;42;SAT;5;5;False;False;False;3000;14.7;3.05;0.75;JUL;7;BTP;13;PANAMAX;CGC;3062;D2030_215_newpanamax
23.0;245.0;13.75;13.75;3.0;16;46;SAT;5;5;False;False;False;3000;14.7;2.4;0.75;JUL;7;BTP;13;PANAMAX;CGC;3063;D2030_215_newpanamax
23.0;295.0;14.25;14.25;3.0;18;51;SAT;5;5;False;False;False;4000;20.66;2.01;0.75;JUL;7;BTP;13;POST-PANAMAXI;CGC;3064;D2030_215_newpanamax
43.0;339.0;14.0;14.0;3.0;16;46;SAT;5;5;False;False;False;6000;23.63;3.68;0.75;JUL;7;BTP;13;POST-PANAMAXII;CGC;3065;D2030_215_newpanamax
23.0;225.0;0.0;14.25;1.0;18;49;SAT;5;5;False;False;False;70000;68.98;4.26;0.75;JUL;7;COFCO;16;PANAMAX;GSA - E;3066;D2030_215_newpanamax
23.0;195.0;0.0;13.25;1.0;19;59;SAT;5;5;False;False;False;45000;39.48;2.99;0.75;JUL;7;COPESUCAR;17;HANDYMAX;GSA - E;3067;D2030_215_newpanamax
23.0;225.0;0.0;13.75;1.0;19;59;SAT;5;5;False;False;False;70000;58.85;1.09;0.75;JUL;7;COPESUCAR;17;PANAMAX;GSA - E;3068;D2030_215_newpanamax
23.0;215.0;10.75;10.75;3.0;17;47;SAT;5;5;False;False;False;1000;13.38;3.37;0.75;JUL;7;DPW - CGC;21;FULLYCELLULAR;CGC;3069;D2030_215_newpanamax
23.0;265.0;12.75;12.75;3.0;19;53;SAT;5;5;False;False;False;3000;17.86;1.72;0.75;JUL;7;DPW - CGC;21;PANAMAX;CGC;3070;D2030_215_newpanamax
36.0;225.0;0.0;13.0;1.0;19;52;SAT;5;5;False;False;False;55000;64.0;0.65;0.75;JUL;7;DPW - CGNC;22;NAVIOCARGAGERAL;CGNC;3071;D2030_215_newpanamax
23.0;225.0;0.0;14.2;1.0;18;53;SAT;5;5;False;False;False;70000;53.25;3.03;0.75;JUL;7;ELEVACOES;24;PANAMAX;GSA - E;3072;D2030_215_newpanamax
23.0;225.0;0.0;14.2;1.0;19;55;SAT;5;5;False;False;False;70000;53.25;1.84;0.75;JUL;7;ELEVACOES;24;PANAMAX;GSA - E;3073;D2030_215_newpanamax
23.0;175.0;10.75;0.0;2.0;20;53;SAT;5;5;False;False;False;35000;59.83;1.41;0.75;JUL;7;HIDROVIAS;27;HANDYSIZE;GSM - I;3074;D2030_215_newpanamax
23.0;135.0;7.25;7.25;3.0;19;51;SAT;5;5;False;False;False;500;7.08;6.75;0.75;JUL;7;SANTOSBR;31;FEEDER/EARLY;CGC;3075;D2030_215_newpanamax
23.0;255.0;12.75;12.75;3.0;19;51;SAT;5;5;False;False;False;3000;15.61;2.05;0.75;JUL;7;SANTOSBR;31;PANAMAX;CGC;3076;D2030_215_newpanamax
23.0;255.0;12.75;12.75;3.0;19;51;SAT;5;5;False;False;False;3000;15.61;1.41;0.75;JUL;7;SANTOSBR;31;PANAMAX;CGC;3077;D2030_215_newpanamax
43.0;339.0;14.0;14.0;3.0;19;51;SAT;5;5;False;False;False;6000;25.92;1.64;0.75;JUL;7;SANTOSBR;31;POST-PANAMAXII;CGC;3078;D2030_215_newpanamax
23.0;225.0;0.0;13.25;1.0;18;48;SAT;5;5;False;False;False;70000;78.07;1.16;0.75;JUL;7;TEG;34;PANAMAX;GSA - E;3079;D2030_215_newpanamax
23.0;185.0;12.75;0.0;2.0;17;49;SAT;5;5;False;False;False;45000;89.37;2.48;0.75;JUL;7;TERMAG;35;HANDYMAX;GSM - I;3080;D2030_215_newpanamax
23.0;225.0;0.0;13.25;1.0;16;52;SAT;5;5;False;False;False;70000;111.09;7.76;0.75;JUL;7;TES;36;PANAMAX;GSA - E;3081;D2030_215_newpanamax
23.0;195.0;9.25;9.25;3.0;17;52;SAT;5;5;False;False;True;1500;20.97;2.83;0.75;JUL;7;TEV;37;CARGARO-RO;RORO;3082;D2030_215_newpanamax
23.0;235.0;9.25;9.25;3.0;17;52;SAT;5;5;False;False;True;5000;19.52;6.9;0.75;JUL;7;TEV;37;LARGEPCTC;RORO;3083;D2030_215_newpanamax
23.0;225.0;0.0;13.75;1.0;16;46;SAT;5;5;False;False;False;70000;61.75;2.9;0.75;JUL;7;TGRAO;39;PANAMAX;GSA - E;3084;D2030_215_newpanamax
23.0;225.0;0.0;13.25;1.0;17;51;SAT;5;5;False;False;False;70000;62.19;5.43;0.75;JUL;7;TIPLAM - GSA - E;41;PANAMAX;GSA - E;3085;D2030_215_newpanamax
23.0;185.0;0.0;10.25;1.0;18;47;SAT;5;5;False;False;False;35000;29.94;0.59;0.75;JUL;7;TRANSPETRO;43;MRMEDIUMRANGE;GL;3086;D2030_215_newpanamax
23.0;295.0;0.0;11.75;1.0;11;48;SAT;5;5;True;False;False;76500;53.08;0.0;0.75;JUL;7;TRSP;44;LNGCARRIER;GL;3087;D2030_215_newpanamax
23.0;185.0;11.75;0.0;2.0;19;30;SAT;5;5;False;False;False;35000;62.88;0.0;0.75;JUL;7;VOPAK;47;MRMEDIUMRANGE;GL;3088;D2030_215_newpanamax
23.0;185.0;10.75;0.0;2.0;17;49;SAT;5;5;False;False;False;35000;62.88;0.0;0.75;JUL;7;VOPAK;47;MRMEDIUMRANGE;GL;3089;D2030_215_newpanamax
23.0;165.0;10.75;0.0;2.0;21;34;SUN;6;6;False;False;False;18000;42.57;9.25;0.75;JUL;7;STS;2;GPGENERALPURPOSE;GL;3090;D2030_215_newpanamax
23.0;275.0;12.75;12.75;3.0;21;57;SUN;6;6;False;False;False;3000;15.61;1.18;0.75;JUL;7;TECON10;3;PANAMAX;CGC;3091;D2030_215_newpanamax
23.0;225.0;0.0;13.75;1.0;22;58;SUN;6;6;False;False;False;70000;51.12;2.68;0.75;JUL;7;RUMO - GSA - E;4;PANAMAX;GSA - E;3092;D2030_215_newpanamax
23.0;225.0;0.0;13.75;1.0;21;52;SUN;6;6;False;False;False;70000;51.12;8.01;0.75;JUL;7;ADM;9;PANAMAX;GSA - E;3093;D2030_215_newpanamax
23.0;275.0;14.25;14.25;3.0;23;35;SUN;6;6;False;False;False;3000;14.7;4.12;0.75;JUL;7;BTP;13;PANAMAX;CGC;3094;D2030_215_newpanamax
23.0;295.0;14.25;14.25;3.0;20;56;SUN;6;6;False;False;False;4000;20.66;3.26;0.75;JUL;7;BTP;13;POST-PANAMAXI;CGC;3095;D2030_215_newpanamax
43.0;339.0;14.0;14.0;3.0;23;35;SUN;6;6;False;False;False;6000;23.63;4.99;0.75;JUL;7;BTP;13;POST-PANAMAXII;CGC;3096;D2030_215_newpanamax
23.0;225.0;0.0;14.25;1.0;22;8;SUN;6;6;False;False;False;70000;68.98;4.81;0.75;JUL;7;COFCO;16;PANAMAX;GSA - E;3097;D2030_215_newpanamax
23.0;225.0;0.0;14.25;1.0;20;59;SUN;6;6;False;False;False;70000;68.98;3.59;0.75;JUL;7;COFCO;16;PANAMAX;GSA - E;3098;D2030_215_newpanamax
23.0;225.0;0.0;13.75;1.0;21;59;SUN;6;6;False;False;False;70000;58.85;2.2;0.75;JUL;7;COPESUCAR;17;PANAMAX;GSA - E;3099;D2030_215_newpanamax
23.0;195.0;0.0;13.75;1.0;22;2;SUN;6;6;False;False;False;45000;37.2;2.57;0.75;JUL;7;ELEVACOES;24;HANDYMAX;GSA - E;3100;D2030_215_newpanamax
23.0;175.0;0.0;10.25;1.0;22;2;SUN;6;6;False;False;False;35000;27.04;2.98;0.75;JUL;7;ELEVACOES;24;HANDYSIZE;GSA - E;3101;D2030_215_newpanamax
23.0;225.0;0.0;14.2;1.0;22;59;SUN;6;6;False;False;False;70000;53.25;4.94;0.75;JUL;7;ELEVACOES;24;PANAMAX;GSA - E;3102;D2030_215_newpanamax
32.2;205.0;0.0;12.2;1.0;22;2;SUN;6;6;False;False;False;55000;39.16;3.62;0.75;JUL;7;ELEVACOES;24;SUPRAMAX;GSA - E;3103;D2030_215_newpanamax
23.0;275.0;13.25;13.25;3.0;22;58;SUN;6;6;False;False;False;3000;15.61;1.9;0.75;JUL;7;SANTOSBR;31;PANAMAX;CGC;3104;D2030_215_newpanamax
23.0;275.0;13.25;13.25;3.0;22;59;SUN;6;6;False;False;False;3000;15.61;1.41;0.75;JUL;7;SANTOSBR;31;PANAMAX;CGC;3105;D2030_215_newpanamax
23.0;295.0;13.75;13.75;3.0;22;58;SUN;6;6;False;False;False;4000;21.3;3.17;0.75;JUL;7;SANTOSBR;31;POST-PANAMAXI;CGC;3106;D2030_215_newpanamax
43.0;339.0;14.0;14.0;3.0;22;58;SUN;6;6;False;False;False;6000;25.92;2.18;0.75;JUL;7;SANTOSBR;31;POST-PANAMAXII;CGC;3107;D2030_215_newpanamax
23.0;225.0;0.0;13.25;1.0;20;57;SUN;6;6;False;False;False;70000;88.35;0.58;0.75;JUL;7;TEAG;33;PANAMAX;GSA - E;3108;D2030_215_newpanamax
23.0;175.0;10.75;0.0;2.0;19;53;SUN;6;6;False;False;False;35000;50.86;7.55;0.75;JUL;7;TERMAG;35;HANDYSIZE;GSM - I;3109;D2030_215_newpanamax
23.0;225.0;0.0;13.75;1.0;22;14;SUN;6;6;False;False;False;70000;111.09;9.97;0.75;JUL;7;TES;36;PANAMAX;GSA - E;3110;D2030_215_newpanamax
23.0;225.0;0.0;13.75;1.0;21;33;SUN;6;6;False;False;False;70000;39.92;0.82;0.75;JUL;7;TGG;38;PANAMAX;GSA - E;3111;D2030_215_newpanamax
23.0;225.0;0.0;14.1;1.0;23;57;SUN;6;6;False;False;False;70000;62.19;2.31;0.75;JUL;7;TIPLAM - GSA - E;41;PANAMAX;GSA - E;3112;D2030_215_newpanamax
23.0;225.0;0.0;14.1;1.0;23;33;SUN;6;6;False;False;False;70000;62.19;5.21;0.75;JUL;7;TIPLAM - GSA - E;41;PANAMAX;GSA - E;3113;D2030_215_newpanamax
23.0;185.0;11.75;0.0;2.0;23;41;SUN;6;6;False;False;False;35000;29.94;3.89;0.75;JUL;7;TRANSPETRO;43;MRMEDIUMRANGE;GL;3114;D2030_215_newpanamax
23.0;225.0;0.0;13.75;1.0;23;8;SUN;6;6;False;False;False;70000;55.1;0.01;0.75;JUL;7;XXXIX;48;PANAMAX;GSA - E;3115;D2030_215_newpanamax
18.0;76.0;5.1;5.6;1.0;8;5;0;6;6;False;False;False;0;30.5;0.08;0.75;0;7;TUP - Saipem;8;HANDYSIZE;CGNC;3116;D2030_215_newpanamax
36.0;225.0;0.0;13.0;1.0;1;5;MON;0;7;False;False;False;55000;99.0;3.21;0.75;JUL;7;ARAUCO;1;NAVIOCARGAGERAL;CGNC;3117;D2030_215_newpanamax
23.0;255.0;0.0;12.25;1.0;4;6;MON;0;7;False;False;False;85000;111.5;1.57;0.75;JUL;7;RUMO - GSA - E;4;POST-PANAMAX;GSA - E;3118;D2030_215_newpanamax
23.0;275.0;10.25;10.25;3.0;1;4;MON;0;7;False;False;False;3000;14.7;1.58;0.75;JUL;7;BTP;13;PANAMAX;CGC;3119;D2030_215_newpanamax
23.0;295.0;9.75;9.75;3.0;0;2;MON;0;7;False;False;False;4000;20.66;3.36;0.75;JUL;7;BTP;13;POST-PANAMAXI;CGC;3120;D2030_215_newpanamax
23.0;315.0;10.25;10.25;3.0;2;5;MON;0;7;False;False;False;4000;20.66;2.99;0.75;JUL;7;BTP;13;POST-PANAMAXI;CGC;3121;D2030_215_newpanamax
23.0;175.0;0.0;8.75;1.0;6;3;MON;0;7;False;False;False;35000;77.19;0.03;0.75;JUL;7;CITROSUCO;15;MRMEDIUMRANGE;GL;3122;D2030_215_newpanamax
23.0;225.0;0.0;7.75;1.0;0;0;MON;0;7;False;False;False;70000;68.98;3.77;0.75;JUL;7;COFCO;16;PANAMAX;GSA - E;3123;D2030_215_newpanamax
23.0;225.0;0.0;7.75;1.0;0;0;MON;0;7;False;False;False;70000;68.98;5.45;0.75;JUL;7;COFCO;16;PANAMAX;GSA - E;3124;D2030_215_newpanamax
23.0;185.0;0.0;10.25;1.0;5;9;MON;0;7;False;False;False;45000;39.48;2.43;0.75;JUL;7;COPESUCAR;17;HANDYMAX;GSA - E;3125;D2030_215_newpanamax
23.0;225.0;0.0;13.25;1.0;5;13;MON;0;7;False;False;False;70000;58.85;1.55;0.75;JUL;7;COPESUCAR;17;PANAMAX;GSA - E;3126;D2030_215_newpanamax
23.0;145.0;6.75;6.75;3.0;2;5;MON;0;7;False;False;False;500;12.93;2.09;0.75;JUL;7;DPW - CGC;21;FEEDER/EARLY;CGC;3127;D2030_215_newpanamax
23.0;195.0;7.25;7.25;3.0;1;2;MON;0;7;False;False;False;1000;13.38;2.56;0.75;JUL;7;DPW - CGC;21;FULLYCELLULAR;CGC;3128;D2030_215_newpanamax
23.0;255.0;9.25;9.25;3.0;1;2;MON;0;7;False;False;False;3000;17.86;2.65;0.75;JUL;7;DPW - CGC;21;PANAMAX;CGC;3129;D2030_215_newpanamax
23.0;295.0;10.25;10.25;3.0;2;5;MON;0;7;False;False;False;4000;21.93;1.96;0.75;JUL;7;DPW - CGC;21;POST-PANAMAXI;CGC;3130;D2030_215_newpanamax
43.0;339.0;14.0;14.0;3.0;3;7;MON;0;7;False;False;False;6000;27.82;1.37;0.75;JUL;7;DPW - CGC;21;POST-PANAMAXII;CGC;3131;D2030_215_newpanamax
23.0;185.0;0.0;10.25;1.0;2;6;MON;0;7;False;False;False;45000;37.2;3.64;0.75;JUL;7;ELEVACOES;24;HANDYMAX;GSA - E;3132;D2030_215_newpanamax
23.0;225.0;0.0;13.25;1.0;2;6;MON;0;7;False;False;False;70000;53.25;2.72;0.75;JUL;7;ELEVACOES;24;PANAMAX;GSA - E;3133;D2030_215_newpanamax
23.0;225.0;0.0;11.25;1.0;0;1;MON;0;7;False;False;False;70000;53.25;1.29;0.75;JUL;7;ELEVACOES;24;PANAMAX;GSA - E;3134;D2030_215_newpanamax
23.0;225.0;0.0;11.25;1.0;0;1;MON;0;7;False;False;False;70000;53.25;5.42;0.75;JUL;7;ELEVACOES;24;PANAMAX;GSA - E;3135;D2030_215_newpanamax
32.2;205.0;0.0;12.2;1.0;2;5;MON;0;7;False;False;False;55000;39.16;3.01;0.75;JUL;7;ELEVACOES;24;SUPRAMAX;GSA - E;3136;D2030_215_newpanamax
23.0;185.0;0.0;7.75;1.0;2;4;MON;0;7;False;False;False;35000;43.42;7.28;0.75;JUL;7;GRANEL;26;MRMEDIUMRANGE;GL;3137;D2030_215_newpanamax
23.0;225.0;8.25;0.0;2.0;0;1;MON;0;7;False;False;False;70000;49.28;31.55;0.75;JUL;7;HIDROVIAS;27;PANAMAX;GSM - I;3138;D2030_215_newpanamax
23.0;135.0;6.75;6.75;3.0;0;1;MON;0;7;False;False;False;500;7.08;2.76;0.75;JUL;7;SANTOSBR;31;FEEDER/EARLY;CGC;3139;D2030_215_newpanamax
23.0;185.0;8.25;8.25;3.0;0;1;MON;0;7;False;False;False;1000;16.8;5.44;0.75;JUL;7;SANTOSBR;31;FULLYCELLULAR;CGC;3140;D2030_215_newpanamax
43.0;339.0;14.0;14.0;3.0;0;1;MON;0;7;False;False;False;6000;25.92;1.99;0.75;JUL;7;SANTOSBR;31;POST-PANAMAXII;CGC;3141;D2030_215_newpanamax
23.0;225.0;0.0;8.25;1.0;1;2;MON;0;7;False;False;False;70000;88.35;1.28;0.75;JUL;7;TEAG;33;PANAMAX;GSA - E;3142;D2030_215_newpanamax
23.0;225.0;0.0;12.25;1.0;0;3;MON;0;7;False;False;False;70000;111.09;6.86;0.75;JUL;7;TES;36;PANAMAX;GSA - E;3143;D2030_215_newpanamax
23.0;235.0;8.25;8.25;3.0;1;3;MON;0;7;False;False;True;5000;19.52;0.99;0.75;JUL;7;TEV;37;LARGEPCTC;RORO;3144;D2030_215_newpanamax
23.0;225.0;0.0;7.75;1.0;0;2;MON;0;7;False;False;False;70000;62.19;2.7;0.75;JUL;7;TIPLAM - GSA - E;41;PANAMAX;GSA - E;3145;D2030_215_newpanamax
23.0;185.0;0.0;8.75;1.0;3;7;MON;0;7;False;False;False;35000;29.94;3.89;0.75;JUL;7;TRANSPETRO;43;MRMEDIUMRANGE;GL;3146;D2030_215_newpanamax
23.0;175.0;0.0;7.25;1.0;1;3;MON;0;7;False;False;False;35000;57.11;2.43;0.75;JUL;7;ULTRACARGO;45;MRMEDIUMRANGE;GL;3147;D2030_215_newpanamax
23.0;225.0;0.0;8.25;1.0;0;0;MON;0;7;False;False;False;70000;55.1;0.05;0.75;JUL;7;XXXIX;48;PANAMAX;GSA - E;3148;D2030_215_newpanamax
23.0;185.0;9.25;9.25;3.0;5;13;TUE;1;8;False;False;False;1000;16.8;3.84;0.75;JUL;7;TECON10;3;FULLYCELLULAR;CGC;3149;D2030_215_newpanamax
23.0;155.0;0.0;9.25;1.0;5;11;TUE;1;8;False;False;False;18000;32.32;9.84;0.75;JUL;7;ADONAI;10;GPGENERALPURPOSE;GL;3150;D2030_215_newpanamax
23.0;135.0;7.75;7.75;3.0;4;13;TUE;1;8;False;False;False;500;20.71;0.93;0.75;JUL;7;BTP;13;FEEDER/EARLY;CGC;3151;D2030_215_newpanamax
23.0;255.0;11.75;11.75;3.0;4;14;TUE;1;8;False;False;False;3000;14.7;2.83;0.75;JUL;7;BTP;13;PANAMAX;CGC;3152;D2030_215_newpanamax
23.0;295.0;11.25;11.25;3.0;4;11;TUE;1;8;False;False;False;4000;20.66;5.82;0.75;JUL;7;BTP;13;POST-PANAMAXI;CGC;3153;D2030_215_newpanamax
23.0;225.0;0.0;13.25;1.0;6;13;TUE;1;8;False;False;False;70000;68.98;5.73;0.75;JUL;7;COFCO;16;PANAMAX;GSA - E;3154;D2030_215_newpanamax
38.0;250.0;0.0;14.6;1.0;6;13;TUE;1;8;False;False;False;85000;100.81;3.07;0.75;JUL;7;COFCO;16;POST-PANAMAX;GSA - E;3155;D2030_215_newpanamax
23.0;225.0;0.0;13.25;1.0;6;20;TUE;1;8;False;False;False;70000;58.85;1.2;0.75;JUL;7;COPESUCAR;17;PANAMAX;GSA - E;3156;D2030_215_newpanamax
23.0;225.0;0.0;13.75;1.0;7;24;TUE;1;8;False;False;False;70000;58.85;1.06;0.75;JUL;7;COPESUCAR;17;PANAMAX;GSA - E;3157;D2030_215_newpanamax
23.0;185.0;8.75;8.75;3.0;4;11;TUE;1;8;False;False;False;1000;13.38;1.83;0.75;JUL;7;DPW - CGC;21;FULLYCELLULAR;CGC;3158;D2030_215_newpanamax
23.0;255.0;9.75;9.75;3.0;4;8;TUE;1;8;False;False;False;3000;17.86;2.05;0.75;JUL;7;DPW - CGC;21;PANAMAX;CGC;3159;D2030_215_newpanamax
43.0;339.0;14.0;14.0;3.0;5;11;TUE;1;8;False;False;False;6000;27.82;2.76;0.75;JUL;7;DPW - CGC;21;POST-PANAMAXII;CGC;3160;D2030_215_newpanamax
23.0;225.0;0.0;13.75;1.0;7;16;TUE;1;8;False;False;False;70000;53.25;2.7;0.75;JUL;7;ELEVACOES;24;PANAMAX;GSA - E;3161;D2030_215_newpanamax
23.0;225.0;0.0;13.25;1.0;6;12;TUE;1;8;False;False;False;70000;53.25;2.08;0.75;JUL;7;ELEVACOES;24;PANAMAX;GSA - E;3162;D2030_215_newpanamax
32.2;205.0;0.0;12.2;1.0;6;12;TUE;1;8;False;False;False;55000;39.16;2.19;0.75;JUL;7;ELEVACOES;24;SUPRAMAX;GSA - E;3163;D2030_215_newpanamax
23.0;185.0;9.25;9.25;3.0;5;14;TUE;1;8;False;False;False;1000;16.8;3.76;0.75;JUL;7;SANTOSBR;31;FULLYCELLULAR;CGC;3164;D2030_215_newpanamax
23.0;295.0;11.25;11.25;3.0;5;13;TUE;1;8;False;False;False;4000;21.3;1.66;0.75;JUL;7;SANTOSBR;31;POST-PANAMAXI;CGC;3165;D2030_215_newpanamax
23.0;225.0;0.0;11.25;1.0;6;14;TUE;1;8;False;False;False;70000;88.35;1.37;0.75;JUL;7;TEAG;33;PANAMAX;GSA - E;3166;D2030_215_newpanamax
23.0;195.0;8.75;8.75;3.0;5;15;TUE;1;8;False;False;True;1500;20.97;0.44;0.75;JUL;7;TEV;37;CARGARO-RO;RORO;3167;D2030_215_newpanamax
23.0;225.0;0.0;11.75;1.0;1;9;TUE;1;8;False;False;False;70000;62.19;4.68;0.75;JUL;7;TIPLAM - GSA - E;41;PANAMAX;GSA - E;3168;D2030_215_newpanamax
23.0;225.0;0.0;11.75;1.0;1;9;TUE;1;8;False;False;False;70000;62.19;5.75;0.75;JUL;7;TIPLAM - GSA - E;41;PANAMAX;GSA - E;3169;D2030_215_newpanamax
23.0;185.0;0.0;8.75;1.0;3;9;TUE;1;8;False;False;False;35000;29.94;1.23;0.75;JUL;7;TRANSPETRO;43;MRMEDIUMRANGE;GL;3170;D2030_215_newpanamax
23.0;225.0;0.0;12.25;1.0;7;17;TUE;1;8;False;False;False;70000;55.1;0.91;0.75;JUL;7;XXXIX;48;PANAMAX;GSA - E;3171;D2030_215_newpanamax
33.0;177.9;8.0;7.8;1.0;7;50;0;1;8;False;False;False;0;53.67;0.17;0.75;0;7;TUP - Saipem;8;HANDYSIZE;CGNC;3172;D2030_215_newpanamax
23.0;275.0;10.75;10.75;3.0;10;25;WED;2;9;False;False;False;3000;15.61;3.34;0.75;JUL;7;TECON10;3;PANAMAX;CGC;3173;D2030_215_newpanamax
23.0;225.0;0.0;13.25;1.0;8;19;WED;2;9;False;False;False;70000;51.12;3.46;0.75;JUL;7;ADM;9;PANAMAX;GSA - E;3174;D2030_215_newpanamax
36.0;225.0;0.0;13.0;1.0;6;16;WED;2;9;False;False;False;55000;99.66;4.66;0.75;JUL;7;BRACELL;12;NAVIOCARGAGERAL;CGNC;3175;D2030_215_newpanamax
23.0;225.0;0.0;13.25;1.0;9;23;WED;2;9;False;False;False;70000;68.98;3.33;0.75;JUL;7;COFCO;16;PANAMAX;GSA - E;3176;D2030_215_newpanamax
23.0;225.0;0.0;13.25;1.0;10;24;WED;2;9;False;False;False;70000;68.98;4.61;0.75;JUL;7;COFCO;16;PANAMAX;GSA - E;3177;D2030_215_newpanamax
23.0;225.0;0.0;13.75;1.0;11;28;WED;2;9;False;False;False;70000;68.98;2.87;0.75;JUL;7;COFCO;16;PANAMAX;GSA - E;3178;D2030_215_newpanamax
23.0;225.0;0.0;13.75;1.0;9;30;WED;2;9;False;False;False;70000;58.85;1.26;0.75;JUL;7;COPESUCAR;17;PANAMAX;GSA - E;3179;D2030_215_newpanamax
23.0;225.0;0.0;13.25;1.0;8;21;WED;2;9;False;False;False;70000;54.03;0.3;0.75;JUL;7;CUTRALE - GSA - E;19;PANAMAX;GSA - E;3180;D2030_215_newpanamax
23.0;255.0;10.75;10.75;3.0;8;21;WED;2;9;False;False;False;3000;17.86;1.79;0.75;JUL;7;DPW - CGC;21;PANAMAX;CGC;3181;D2030_215_newpanamax
23.0;255.0;10.75;10.75;3.0;9;23;WED;2;9;False;False;False;3000;17.86;3.09;0.75;JUL;7;DPW - CGC;21;PANAMAX;CGC;3182;D2030_215_newpanamax
43.0;339.0;14.0;14.0;3.0;8;21;WED;2;9;False;False;False;6000;27.82;0.93;0.75;JUL;7;DPW - CGC;21;POST-PANAMAXII;CGC;3183;D2030_215_newpanamax
23.0;185.0;0.0;12.75;1.0;9;23;WED;2;9;False;False;False;45000;37.2;3.42;0.75;JUL;7;ELEVACOES;24;HANDYMAX;GSA - E;3184;D2030_215_newpanamax
32.2;205.0;0.0;12.2;1.0;9;23;WED;2;9;False;False;False;55000;39.16;3.99;0.75;JUL;7;ELEVACOES;24;SUPRAMAX;GSA - E;3185;D2030_215_newpanamax
23.0;185.0;9.75;9.75;3.0;9;24;WED;2;9;False;False;False;1000;16.8;5.73;0.75;JUL;7;SANTOSBR;31;FULLYCELLULAR;CGC;3186;D2030_215_newpanamax
23.0;245.0;10.75;10.75;3.0;8;22;WED;2;9;False;False;False;3000;15.61;2.31;0.75;JUL;7;SANTOSBR;31;PANAMAX;CGC;3187;D2030_215_newpanamax
23.0;295.0;12.25;12.25;3.0;8;22;WED;2;9;False;False;False;4000;21.3;3.05;0.75;JUL;7;SANTOSBR;31;POST-PANAMAXI;CGC;3188;D2030_215_newpanamax
23.0;225.0;0.0;12.25;1.0;7;20;WED;2;9;False;False;False;70000;88.35;3.53;0.75;JUL;7;TEAG;33;PANAMAX;GSA - E;3189;D2030_215_newpanamax
23.0;225.0;0.0;12.75;1.0;10;24;WED;2;9;False;False;False;70000;111.09;13.63;0.75;JUL;7;TES;36;PANAMAX;GSA - E;3190;D2030_215_newpanamax
23.0;195.0;8.75;8.75;3.0;7;20;WED;2;9;False;False;True;1500;20.97;0.58;0.75;JUL;7;TEV;37;CARGARO-RO;RORO;3191;D2030_215_newpanamax
23.0;165.0;9.75;0.0;2.0;8;13;WED;2;9;False;False;False;18000;18.55;2.35;0.75;JUL;7;TIPLAM - GL;40;GPGENERALPURPOSE;GL;3192;D2030_215_newpanamax
23.0;225.0;0.0;13.25;1.0;8;24;WED;2;9;False;False;False;70000;62.19;6.85;0.75;JUL;7;TIPLAM - GSA - E;41;PANAMAX;GSA - E;3193;D2030_215_newpanamax
23.0;165.0;9.75;0.0;2.0;8;22;WED;2;9;False;False;False;35000;72.19;2.51;0.75;JUL;7;TIPLAM - GSM - I;42;HANDYSIZE;GSM - I;3194;D2030_215_newpanamax
23.0;185.0;0.0;9.25;1.0;10;26;WED;2;9;False;False;False;35000;29.94;4.72;0.75;JUL;7;TRANSPETRO;43;MRMEDIUMRANGE;GL;3195;D2030_215_newpanamax
23.0;225.0;0.0;12.75;1.0;11;30;WED;2;9;False;False;False;70000;55.1;0.01;0.75;JUL;7;XXXIX;48;PANAMAX;GSA - E;3196;D2030_215_newpanamax
23.0;225.0;0.0;13.25;1.0;13;31;THU;3;10;False;False;False;70000;51.12;2.3;0.75;JUL;7;RUMO - GSA - E;4;PANAMAX;GSA - E;3197;D2030_215_newpanamax
23.0;195.0;11.75;0.0;2.0;6;24;THU;3;10;False;False;False;45000;89.37;4.78;0.75;JUL;7;RUMO - GSM - I;5;HANDYMAX;GSM - I;3198;D2030_215_newpanamax
23.0;175.0;9.75;0.0;2.0;10;26;THU;3;10;False;False;False;35000;64.43;0.42;0.75;JUL;7;AGEO_TERMINAIS;11;MRMEDIUMRANGE;GL;3199;D2030_215_newpanamax
23.0;295.0;12.75;12.75;3.0;9;26;THU;3;10;False;False;False;4000;20.66;8.17;0.75;JUL;7;BTP;13;POST-PANAMAXI;CGC;3200;D2030_215_newpanamax
23.0;225.0;0.0;13.75;1.0;12;30;THU;3;10;False;False;False;70000;68.98;3.49;0.75;JUL;7;COFCO;16;PANAMAX;GSA - E;3201;D2030_215_newpanamax
23.0;225.0;0.0;13.75;1.0;11;30;THU;3;10;False;False;False;70000;68.98;4.07;0.75;JUL;7;COFCO;16;PANAMAX;GSA - E;3202;D2030_215_newpanamax
23.0;225.0;0.0;13.75;1.0;13;32;THU;3;10;False;False;False;70000;68.98;3.72;0.75;JUL;7;COFCO;16;PANAMAX;GSA - E;3203;D2030_215_newpanamax
23.0;225.0;0.0;13.75;1.0;12;36;THU;3;10;False;False;False;70000;58.85;1.78;0.75;JUL;7;COPESUCAR;17;PANAMAX;GSA - E;3204;D2030_215_newpanamax
23.0;195.0;0.0;12.75;1.0;11;30;THU;3;10;False;False;False;45000;37.2;1.51;0.75;JUL;7;ELEVACOES;24;HANDYMAX;GSA - E;3205;D2030_215_newpanamax
23.0;225.0;0.0;13.75;1.0;9;27;THU;3;10;False;False;False;70000;53.25;2.45;0.75;JUL;7;ELEVACOES;24;PANAMAX;GSA - E;3206;D2030_215_newpanamax
23.0;225.0;0.0;13.75;1.0;12;35;THU;3;10;False;False;False;70000;53.25;3.26;0.75;JUL;7;ELEVACOES;24;PANAMAX;GSA - E;3207;D2030_215_newpanamax
23.0;215.0;9.75;9.75;3.0;13;35;THU;3;10;False;False;False;1000;16.8;1.67;0.75;JUL;7;SANTOSBR;31;FULLYCELLULAR;CGC;3208;D2030_215_newpanamax
23.0;275.0;11.25;11.25;3.0;13;36;THU;3;10;False;False;False;3000;15.61;3.74;0.75;JUL;7;SANTOSBR;31;PANAMAX;CGC;3209;D2030_215_newpanamax
43.0;339.0;14.0;14.0;3.0;13;35;THU;3;10;False;False;False;6000;25.92;0.86;0.75;JUL;7;SANTOSBR;31;POST-PANAMAXII;CGC;3210;D2030_215_newpanamax
23.0;225.0;0.0;13.25;1.0;11;28;THU;3;10;False;False;False;70000;39.92;1.32;0.75;JUL;7;TGG;38;PANAMAX;GSA - E;3211;D2030_215_newpanamax
23.0;225.0;0.0;13.25;1.0;12;34;THU;3;10;False;False;False;70000;62.19;9.25;0.75;JUL;7;TIPLAM - GSA - E;41;PANAMAX;GSA - E;3212;D2030_215_newpanamax
23.0;225.0;0.0;13.25;1.0;12;34;THU;3;10;False;False;False;70000;62.19;15.76;0.75;JUL;7;TIPLAM - GSA - E;41;PANAMAX;GSA - E;3213;D2030_215_newpanamax
23.0;195.0;10.25;0.0;2.0;14;38;THU;3;10;False;False;False;45000;85.0;15.33;0.75;JUL;7;TIPLAM - GSM - I;42;HANDYMAX;GSM - I;3214;D2030_215_newpanamax
23.0;225.0;10.25;0.0;2.0;13;37;THU;3;10;False;False;False;70000;104.45;3.26;0.75;JUL;7;TIPLAM - GSM - I;42;PANAMAX;GSM - I;3215;D2030_215_newpanamax
23.0;175.0;0.0;9.75;1.0;13;33;THU;3;10;False;False;False;35000;29.94;4.95;0.75;JUL;7;TRANSPETRO;43;MRMEDIUMRANGE;GL;3216;D2030_215_newpanamax
23.0;155.0;9.25;0.0;2.0;11;27;THU;3;10;False;False;False;18000;41.58;0.0;0.75;JUL;7;VOPAK;47;GPGENERALPURPOSE;GL;3217;D2030_215_newpanamax
23.0;225.0;0.0;12.75;1.0;14;37;THU;3;10;False;False;False;70000;55.1;0.26;0.75;JUL;7;XXXIX;48;PANAMAX;GSA - E;3218;D2030_215_newpanamax
18.0;85.34;4.8;5.0;1.0;8;0;0;3;10;False;False;False;0;24.83;0.17;0.75;0;7;TUP - Saipem;8;HANDYSIZE;CGNC;3219;D2030_215_newpanamax
18.0;76.0;6.0;5.85;1.0;16;10;0;3;10;False;False;False;0;40.17;0.17;0.75;0;7;TUP - Saipem;8;HANDYSIZE;CGNC;3220;D2030_215_newpanamax
23.0;185.0;10.75;0.0;2.0;16;42;FRI;4;11;False;False;False;35000;57.11;7.37;0.75;JUL;7;STS;2;MRMEDIUMRANGE;GL;3221;D2030_215_newpanamax
23.0;225.0;14.25;0.0;2.0;14;40;FRI;4;11;False;False;False;70000;111.09;3.23;0.75;JUL;7;RUMO - GSM - I;5;PANAMAX;GSM - I;3222;D2030_215_newpanamax
23.0;225.0;0.0;13.25;1.0;17;43;FRI;4;11;False;False;False;70000;51.12;3.7;0.75;JUL;7;ADM;9;PANAMAX;GSA - E;3223;D2030_215_newpanamax
23.0;185.0;10.25;0.0;2.0;14;39;FRI;4;11;False;False;False;35000;64.43;0.45;0.75;JUL;7;AGEO_TERMINAIS;11;MRMEDIUMRANGE;GL;3224;D2030_215_newpanamax
23.0;225.0;0.0;13.75;1.0;15;41;FRI;4;11;False;False;False;70000;68.98;1.2;0.75;JUL;7;COFCO;16;PANAMAX;GSA - E;3225;D2030_215_newpanamax
23.0;225.0;0.0;13.75;1.0;14;35;FRI;4;11;False;False;False;70000;68.98;5.19;0.75;JUL;7;COFCO;16;PANAMAX;GSA - E;3226;D2030_215_newpanamax
23.0;225.0;0.0;13.75;1.0;15;42;FRI;4;11;False;False;False;70000;68.98;2.94;0.75;JUL;7;COFCO;16;PANAMAX;GSA - E;3227;D2030_215_newpanamax
38.0;250.0;0.0;14.6;1.0;15;41;FRI;4;11;False;False;False;85000;100.81;8.66;0.75;JUL;7;COFCO;16;POST-PANAMAX;GSA - E;3228;D2030_215_newpanamax
23.0;195.0;0.0;13.25;1.0;16;50;FRI;4;11;False;False;False;45000;39.48;1.48;0.75;JUL;7;COPESUCAR;17;HANDYMAX;GSA - E;3229;D2030_215_newpanamax
23.0;225.0;0.0;12.75;1.0;14;44;FRI;4;11;False;False;False;60000;162.93;11.04;0.75;JUL;7;CUTRALE - GL;18;LR1LONGRANGE1;GL;3230;D2030_215_newpanamax
23.0;125.0;7.25;7.25;3.0;13;37;FRI;4;11;False;False;False;500;12.93;1.09;0.75;JUL;7;DPW - CGC;21;FEEDER/EARLY;CGC;3231;D2030_215_newpanamax
23.0;205.0;10.25;10.25;3.0;13;37;FRI;4;11;False;False;False;1000;13.38;2.38;0.75;JUL;7;DPW - CGC;21;FULLYCELLULAR;CGC;3232;D2030_215_newpanamax
23.0;265.0;11.75;11.75;3.0;16;42;FRI;4;11;False;False;False;3000;17.86;1.98;0.75;JUL;7;DPW - CGC;21;PANAMAX;CGC;3233;D2030_215_newpanamax
23.0;275.0;11.25;11.25;3.0;13;37;FRI;4;11;False;False;False;3000;17.86;1.06;0.75;JUL;7;DPW - CGC;21;PANAMAX;CGC;3234;D2030_215_newpanamax
23.0;295.0;12.75;12.75;3.0;13;37;FRI;4;11;False;False;False;4000;21.93;1.25;0.75;JUL;7;DPW - CGC;21;POST-PANAMAXI;CGC;3235;D2030_215_newpanamax
43.0;339.0;14.0;14.0;3.0;16;42;FRI;4;11;False;False;False;6000;27.82;1.64;0.75;JUL;7;DPW - CGC;21;POST-PANAMAXII;CGC;3236;D2030_215_newpanamax
23.0;175.0;0.0;10.25;1.0;15;44;FRI;4;11;False;False;False;35000;27.04;2.71;0.75;JUL;7;ELEVACOES;24;HANDYSIZE;GSA - E;3237;D2030_215_newpanamax
23.0;225.0;0.0;14.2;1.0;15;44;FRI;4;11;False;False;False;70000;53.25;2.25;0.75;JUL;7;ELEVACOES;24;PANAMAX;GSA - E;3238;D2030_215_newpanamax
23.0;225.0;12.75;0.0;2.0;13;38;FRI;4;11;False;False;False;70000;49.28;3.13;0.75;JUL;7;HIDROVIAS;27;PANAMAX;GSM - I;3239;D2030_215_newpanamax
23.0;275.0;11.75;11.75;3.0;16;43;FRI;4;11;False;False;False;3000;15.61;1.14;0.75;JUL;7;SANTOSBR;31;PANAMAX;CGC;3240;D2030_215_newpanamax
43.0;339.0;14.0;14.0;3.0;16;43;FRI;4;11;False;False;False;6000;25.92;2.04;0.75;JUL;7;SANTOSBR;31;POST-PANAMAXII;CGC;3241;D2030_215_newpanamax
23.0;225.0;0.0;13.25;1.0;13;37;FRI;4;11;False;False;False;70000;88.35;2.89;0.75;JUL;7;TEAG;33;PANAMAX;GSA - E;3242;D2030_215_newpanamax
23.0;225.0;0.0;13.25;1.0;12;30;FRI;4;11;False;False;False;70000;111.09;8.42;0.75;JUL;7;TES;36;PANAMAX;GSA - E;3243;D2030_215_newpanamax
23.0;225.0;0.0;13.25;1.0;12;31;FRI;4;11;False;False;False;70000;111.09;4.94;0.75;JUL;7;TES;36;PANAMAX;GSA - E;3244;D2030_215_newpanamax
23.0;195.0;9.25;9.25;3.0;13;39;FRI;4;11;False;False;True;1500;20.97;1.76;0.75;JUL;7;TEV;37;CARGARO-RO;RORO;3245;D2030_215_newpanamax
23.0;225.0;0.0;13.25;1.0;13;41;FRI;4;11;False;False;False;70000;39.92;1.54;0.75;JUL;7;TGG;38;PANAMAX;GSA - E;3246;D2030_215_newpanamax
23.0;225.0;0.0;13.25;1.0;15;42;FRI;4;11;False;False;False;70000;62.19;5.17;0.75;JUL;7;TIPLAM - GSA - E;41;PANAMAX;GSA - E;3247;D2030_215_newpanamax
38.0;250.0;0.0;14.1;1.0;13;36;FRI;4;11;False;False;False;85000;73.55;8.33;0.75;JUL;7;TIPLAM - GSA - E;41;POST-PANAMAX;GSA - E;3248;D2030_215_newpanamax
23.0;185.0;0.0;9.75;1.0;15;37;FRI;4;11;False;False;False;35000;29.94;1.71;0.75;JUL;7;TRANSPETRO;43;MRMEDIUMRANGE;GL;3249;D2030_215_newpanamax
23.0;225.0;0.0;12.75;1.0;15;43;FRI;4;11;False;False;False;70000;55.1;3.53;0.75;JUL;7;XXXIX;48;PANAMAX;GSA - E;3250;D2030_215_newpanamax
23.0;225.0;0.0;12.75;1.0;15;42;FRI;4;11;False;False;False;70000;55.1;1.98;0.75;JUL;7;XXXIX;48;PANAMAX;GSA - E;3251;D2030_215_newpanamax
19.0;87.9;5.1;6.0;1.0;15;30;0;4;11;False;False;False;0;114.17;0.17;0.75;0;7;TUP - Saipem;8;HANDYSIZE;CGNC;3252;D2030_215_newpanamax
23.0;215.0;10.75;10.75;3.0;18;49;SAT;5;12;False;False;False;1000;16.8;3.01;0.75;JUL;7;TECON10;3;FULLYCELLULAR;CGC;3253;D2030_215_newpanamax
23.0;225.0;0.0;13.75;1.0;20;50;SAT;5;12;False;False;False;70000;51.12;2.77;0.75;JUL;7;RUMO - GSA - E;4;PANAMAX;GSA - E;3254;D2030_215_newpanamax
23.0;245.0;13.75;13.75;3.0;16;46;SAT;5;12;False;False;False;3000;14.7;4.9;0.75;JUL;7;BTP;13;PANAMAX;CGC;3255;D2030_215_newpanamax
23.0;295.0;13.75;13.75;3.0;14;42;SAT;5;12;False;False;False;4000;20.66;2.85;0.75;JUL;7;BTP;13;POST-PANAMAXI;CGC;3256;D2030_215_newpanamax
23.0;295.0;13.75;13.75;3.0;16;46;SAT;5;12;False;False;False;4000;20.66;2.39;0.75;JUL;7;BTP;13;POST-PANAMAXI;CGC;3257;D2030_215_newpanamax
23.0;185.0;10.75;0.0;2.0;12;51;SAT;5;12;False;False;False;45000;131.03;8.2;0.75;JUL;7;BUNGE;14;HANDYMAX;GSA - I;3258;D2030_215_newpanamax
23.0;225.0;0.0;14.25;1.0;18;52;SAT;5;12;False;False;False;70000;68.98;6.65;0.75;JUL;7;COFCO;16;PANAMAX;GSA - E;3259;D2030_215_newpanamax
23.0;225.0;0.0;14.25;1.0;17;48;SAT;5;12;False;False;False;70000;68.98;3.26;0.75;JUL;7;COFCO;16;PANAMAX;GSA - E;3260;D2030_215_newpanamax
23.0;175.0;0.0;11.25;1.0;17;57;SAT;5;12;False;False;False;35000;23.6;2.87;0.75;JUL;7;COPESUCAR;17;HANDYSIZE;GSA - E;3261;D2030_215_newpanamax
23.0;205.0;0.0;11.75;1.0;17;57;SAT;5;12;False;False;False;55000;21.4;3.22;0.75;JUL;7;COPESUCAR;17;SUPRAMAX;GSA - E;3262;D2030_215_newpanamax
23.0;265.0;12.25;12.25;3.0;17;47;SAT;5;12;False;False;False;3000;17.86;1.07;0.75;JUL;7;DPW - CGC;21;PANAMAX;CGC;3263;D2030_215_newpanamax
23.0;295.0;13.75;13.75;3.0;17;47;SAT;5;12;False;False;False;4000;21.93;1.87;0.75;JUL;7;DPW - CGC;21;POST-PANAMAXI;CGC;3264;D2030_215_newpanamax
23.0;175.0;0.0;10.25;1.0;18;53;SAT;5;12;False;False;False;35000;27.04;3.47;0.75;JUL;7;ELEVACOES;24;HANDYSIZE;GSA - E;3265;D2030_215_newpanamax
23.0;225.0;0.0;14.2;1.0;18;54;SAT;5;12;False;False;False;70000;53.25;2.08;0.75;JUL;7;ELEVACOES;24;PANAMAX;GSA - E;3266;D2030_215_newpanamax
23.0;185.0;12.25;0.0;2.0;20;53;SAT;5;12;False;False;False;45000;75.33;1.16;0.75;JUL;7;HIDROVIAS;27;HANDYMAX;GSM - I;3267;D2030_215_newpanamax
23.0;175.0;0.0;9.75;1.0;10;39;SAT;5;12;False;False;False;35000;137.91;0.07;0.75;JUL;7;NST - GL;30;MRMEDIUMRANGE;GL;3268;D2030_215_newpanamax
23.0;205.0;11.25;11.25;3.0;19;52;SAT;5;12;False;False;False;1000;16.8;1.23;0.75;JUL;7;SANTOSBR;31;FULLYCELLULAR;CGC;3269;D2030_215_newpanamax
23.0;255.0;12.25;12.25;3.0;17;47;SAT;5;12;False;False;False;3000;15.61;3.0;0.75;JUL;7;SANTOSBR;31;PANAMAX;CGC;3270;D2030_215_newpanamax
23.0;265.0;12.75;12.75;3.0;20;53;SAT;5;12;False;False;False;3000;15.61;1.09;0.75;JUL;7;SANTOSBR;31;PANAMAX;CGC;3271;D2030_215_newpanamax
23.0;225.0;0.0;13.25;1.0;18;51;SAT;5;12;False;False;False;70000;88.35;0.67;0.75;JUL;7;TEAG;33;PANAMAX;GSA - E;3272;D2030_215_newpanamax
23.0;175.0;10.75;0.0;2.0;17;49;SAT;5;12;False;False;False;35000;50.86;18.44;0.75;JUL;7;TERMAG;35;HANDYSIZE;GSM - I;3273;D2030_215_newpanamax
23.0;225.0;14.25;0.0;2.0;17;49;SAT;5;12;False;False;False;70000;111.09;10.14;0.75;JUL;7;TERMAG;35;PANAMAX;GSM - I;3274;D2030_215_newpanamax
23.0;195.0;9.25;9.25;3.0;16;48;SAT;5;12;False;False;True;1500;20.97;4.94;0.75;JUL;7;TEV;37;CARGARO-RO;RORO;3275;D2030_215_newpanamax
23.0;195.0;9.25;9.25;3.0;17;51;SAT;5;12;False;False;True;1500;20.97;3.9;0.75;JUL;7;TEV;37;CARGARO-RO;RORO;3276;D2030_215_newpanamax
23.0;225.0;0.0;13.25;1.0;17;48;SAT;5;12;False;False;False;70000;62.19;1.84;0.75;JUL;7;TIPLAM - GSA - E;41;PANAMAX;GSA - E;3277;D2030_215_newpanamax
23.0;185.0;10.75;0.0;2.0;17;49;SAT;5;12;False;False;False;45000;85.0;12.02;0.75;JUL;7;TIPLAM - GSM - I;42;HANDYMAX;GSM - I;3278;D2030_215_newpanamax
23.0;185.0;0.0;10.75;1.0;19;51;SAT;5;12;False;False;False;35000;29.94;0.25;0.75;JUL;7;TRANSPETRO;43;MRMEDIUMRANGE;GL;3279;D2030_215_newpanamax
23.0;155.0;10.25;0.0;2.0;17;47;SAT;5;12;False;False;False;18000;42.57;9.11;0.75;JUL;7;ULTRACARGO;45;GPGENERALPURPOSE;GL;3280;D2030_215_newpanamax
23.0;185.0;11.75;0.0;2.0;19;27;SAT;5;12;False;False;False;35000;62.88;0.0;0.75;JUL;7;VOPAK;47;MRMEDIUMRANGE;GL;3281;D2030_215_newpanamax
23.0;225.0;0.0;13.25;1.0;17;50;SAT;5;12;False;False;False;70000;55.1;1.52;0.75;JUL;7;XXXIX;48;PANAMAX;GSA - E;3282;D2030_215_newpanamax
19.0;88.9;5.5;5.2;1.0;10;15;0;5;12;False;False;False;0;74.67;0.08;0.75;0;7;TUP - Saipem;8;HANDYSIZE;CGNC;3283;D2030_215_newpanamax
36.0;225.0;0.0;13.0;1.0;19;59;SUN;6;13;False;False;False;55000;99.0;1.07;0.75;JUL;7;ARAUCO;1;NAVIOCARGAGERAL;CGNC;3284;D2030_215_newpanamax
23.0;255.0;13.25;13.25;3.0;22;57;SUN;6;13;False;False;False;3000;15.61;2.81;0.75;JUL;7;TECON10;3;PANAMAX;CGC;3285;D2030_215_newpanamax
23.0;225.0;0.0;13.75;1.0;22;57;SUN;6;13;False;False;False;70000;51.12;1.74;0.75;JUL;7;ADM;9;PANAMAX;GSA - E;3286;D2030_215_newpanamax
23.0;225.0;0.0;14.25;1.0;23;33;SUN;6;13;False;False;False;70000;51.12;4.66;0.75;JUL;7;ADM;9;PANAMAX;GSA - E;3287;D2030_215_newpanamax
23.0;135.0;7.75;7.75;3.0;23;35;SUN;6;13;False;False;False;500;20.71;2.77;0.75;JUL;7;BTP;13;FEEDER/EARLY;CGC;3288;D2030_215_newpanamax
23.0;325.0;14.5;14.5;3.0;23;35;SUN;6;13;False;False;False;4000;20.66;1.85;0.75;JUL;7;BTP;13;POST-PANAMAXI;CGC;3289;D2030_215_newpanamax
23.0;295.0;14.25;14.25;3.0;22;59;SUN;6;13;False;False;False;4000;20.66;3.42;0.75;JUL;7;BTP;13;POST-PANAMAXI;CGC;3290;D2030_215_newpanamax
23.0;225.0;0.0;14.25;1.0;20;56;SUN;6;13;False;False;False;70000;68.98;3.82;0.75;JUL;7;COFCO;16;PANAMAX;GSA - E;3291;D2030_215_newpanamax
23.0;225.0;0.0;14.25;1.0;21;59;SUN;6;13;False;False;False;70000;68.98;9.08;0.75;JUL;7;COFCO;16;PANAMAX;GSA - E;3292;D2030_215_newpanamax
23.0;195.0;0.0;13.75;1.0;21;59;SUN;6;13;False;False;False;45000;39.48;2.16;0.75;JUL;7;COPESUCAR;17;HANDYMAX;GSA - E;3293;D2030_215_newpanamax
23.0;255.0;13.25;13.25;3.0;22;58;SUN;6;13;False;False;False;3000;17.86;2.22;0.75;JUL;7;DPW - CGC;21;PANAMAX;CGC;3294;D2030_215_newpanamax
23.0;225.0;0.0;14.2;1.0;22;2;SUN;6;13;False;False;False;70000;53.25;2.45;0.75;JUL;7;ELEVACOES;24;PANAMAX;GSA - E;3295;D2030_215_newpanamax
23.0;225.0;0.0;14.2;1.0;21;58;SUN;6;13;False;False;False;70000;53.25;4.09;0.75;JUL;7;ELEVACOES;24;PANAMAX;GSA - E;3296;D2030_215_newpanamax
23.0;205.0;11.75;11.75;3.0;22;59;SUN;6;13;False;False;False;1000;16.8;2.02;0.75;JUL;7;SANTOSBR;31;FULLYCELLULAR;CGC;3297;D2030_215_newpanamax
23.0;215.0;12.25;12.25;3.0;23;44;SUN;6;13;False;False;False;1000;16.8;1.41;0.75;JUL;7;SANTOSBR;31;FULLYCELLULAR;CGC;3298;D2030_215_newpanamax
23.0;265.0;13.75;13.75;3.0;23;26;SUN;6;13;False;False;False;3000;15.61;2.81;0.75;JUL;7;SANTOSBR;31;PANAMAX;CGC;3299;D2030_215_newpanamax
23.0;305.0;14.25;14.25;3.0;23;44;SUN;6;13;False;False;False;4000;21.3;2.19;0.75;JUL;7;SANTOSBR;31;POST-PANAMAXI;CGC;3300;D2030_215_newpanamax
43.0;339.0;14.0;14.0;3.0;23;44;SUN;6;13;False;False;False;6000;25.92;1.69;0.75;JUL;7;SANTOSBR;31;POST-PANAMAXII;CGC;3301;D2030_215_newpanamax
23.0;225.0;0.0;13.25;1.0;20;57;SUN;6;13;False;False;False;70000;88.35;0.67;0.75;JUL;7;TEAG;33;PANAMAX;GSA - E;3302;D2030_215_newpanamax
23.0;195.0;12.75;0.0;2.0;19;53;SUN;6;13;False;False;False;45000;89.37;2.02;0.75;JUL;7;TERMAG;35;HANDYMAX;GSM - I;3303;D2030_215_newpanamax
23.0;195.0;9.75;9.75;3.0;20;57;SUN;6;13;False;False;True;1500;20.97;2.61;0.75;JUL;7;TEV;37;CARGARO-RO;RORO;3304;D2030_215_newpanamax
23.0;225.0;0.0;13.75;1.0;21;57;SUN;6;13;False;False;False;70000;39.92;1.39;0.75;JUL;7;TGG;38;PANAMAX;GSA - E;3305;D2030_215_newpanamax
23.0;225.0;0.0;13.75;1.0;22;33;SUN;6;13;False;False;False;70000;62.19;1.78;0.75;JUL;7;TIPLAM - GSA - E;41;PANAMAX;GSA - E;3306;D2030_215_newpanamax
38.0;250.0;0.0;14.1;1.0;23;57;SUN;6;13;False;False;False;85000;73.55;5.37;0.75;JUL;7;TIPLAM - GSA - E;41;POST-PANAMAX;GSA - E;3307;D2030_215_newpanamax
23.0;225.0;13.75;0.0;2.0;19;55;SUN;6;13;False;False;False;70000;104.45;3.83;0.75;JUL;7;TIPLAM - GSM - I;42;PANAMAX;GSM - I;3308;D2030_215_newpanamax
23.0;185.0;11.25;0.0;2.0;22;59;SUN;6;13;False;False;False;35000;29.94;1.27;0.75;JUL;7;TRANSPETRO;43;MRMEDIUMRANGE;GL;3309;D2030_215_newpanamax
36.0;225.0;0.0;13.0;1.0;2;8;MON;0;14;False;False;False;55000;99.0;0.05;0.75;JUL;7;ARAUCO;1;NAVIOCARGAGERAL;CGNC;3310;D2030_215_newpanamax
23.0;225.0;0.0;12.25;1.0;0;3;MON;0;14;False;False;False;70000;51.12;4.95;0.75;JUL;7;ADM;9;PANAMAX;GSA - E;3311;D2030_215_newpanamax
23.0;285.0;9.25;9.25;3.0;0;2;MON;0;14;False;False;False;3000;14.7;4.38;0.75;JUL;7;BTP;13;PANAMAX;CGC;3312;D2030_215_newpanamax
23.0;295.0;9.75;9.75;3.0;0;1;MON;0;14;False;False;False;4000;20.66;4.06;0.75;JUL;7;BTP;13;POST-PANAMAXI;CGC;3313;D2030_215_newpanamax
43.0;339.0;14.0;14.0;3.0;1;3;MON;0;14;False;False;False;6000;23.63;1.96;0.75;JUL;7;BTP;13;POST-PANAMAXII;CGC;3314;D2030_215_newpanamax
23.0;165.0;10.25;0.0;2.0;0;9;MON;0;14;False;False;False;35000;135.86;1.79;0.75;JUL;7;BUNGE;14;HANDYSIZE;GSA - I;3315;D2030_215_newpanamax
23.0;225.0;0.0;10.75;1.0;5;9;MON;0;14;False;False;False;70000;68.98;6.11;0.75;JUL;7;COFCO;16;PANAMAX;GSA - E;3316;D2030_215_newpanamax
23.0;225.0;0.0;10.75;1.0;4;8;MON;0;14;False;False;False;70000;68.98;4.87;0.75;JUL;7;COFCO;16;PANAMAX;GSA - E;3317;D2030_215_newpanamax
23.0;185.0;0.0;10.25;1.0;5;10;MON;0;14;False;False;False;45000;39.48;1.86;0.75;JUL;7;COPESUCAR;17;HANDYMAX;GSA - E;3318;D2030_215_newpanamax
23.0;225.0;0.0;13.25;1.0;5;9;MON;0;14;False;False;False;70000;58.85;4.62;0.75;JUL;7;COPESUCAR;17;PANAMAX;GSA - E;3319;D2030_215_newpanamax
23.0;185.0;8.75;0.0;2.0;8;13;MON;0;14;False;False;False;35000;31.91;4.25;0.75;JUL;7;DOW;20;MRMEDIUMRANGE;GL;3320;D2030_215_newpanamax
23.0;185.0;7.25;7.25;3.0;0;0;MON;0;14;False;False;False;1000;13.38;1.8;0.75;JUL;7;DPW - CGC;21;FULLYCELLULAR;CGC;3321;D2030_215_newpanamax
23.0;245.0;8.25;8.25;3.0;0;0;MON;0;14;False;False;False;3000;17.86;1.27;0.75;JUL;7;DPW - CGC;21;PANAMAX;CGC;3322;D2030_215_newpanamax
23.0;305.0;10.25;10.25;3.0;3;7;MON;0;14;False;False;False;4000;21.93;2.48;0.75;JUL;7;DPW - CGC;21;POST-PANAMAXI;CGC;3323;D2030_215_newpanamax
36.0;225.0;0.0;11.7;1.0;1;5;MON;0;14;False;False;False;55000;36.9;0.91;0.75;JUL;7;ELDORADO;23;NAVIOCARGAGERAL;CGNC;3324;D2030_215_newpanamax
23.0;185.0;0.0;11.25;1.0;5;10;MON;0;14;False;False;False;45000;37.2;2.31;0.75;JUL;7;ELEVACOES;24;HANDYMAX;GSA - E;3325;D2030_215_newpanamax
23.0;225.0;0.0;13.25;1.0;5;10;MON;0;14;False;False;False;70000;53.25;4.57;0.75;JUL;7;ELEVACOES;24;PANAMAX;GSA - E;3326;D2030_215_newpanamax
23.0;225.0;0.0;13.25;1.0;2;6;MON;0;14;False;False;False;70000;53.25;3.58;0.75;JUL;7;ELEVACOES;24;PANAMAX;GSA - E;3327;D2030_215_newpanamax
32.2;205.0;0.0;12.2;1.0;5;10;MON;0;14;False;False;False;55000;39.16;2.05;0.75;JUL;7;ELEVACOES;24;SUPRAMAX;GSA - E;3328;D2030_215_newpanamax
32.2;205.0;0.0;12.2;1.0;0;1;MON;0;14;False;False;False;55000;39.16;2.97;0.75;JUL;7;ELEVACOES;24;SUPRAMAX;GSA - E;3329;D2030_215_newpanamax
23.0;185.0;6.75;0.0;2.0;0;1;MON;0;14;False;False;False;45000;75.33;3.64;0.75;JUL;7;HIDROVIAS;27;HANDYMAX;GSM - I;3330;D2030_215_newpanamax
23.0;185.0;9.25;0.0;2.0;3;9;MON;0;14;False;False;False;45000;75.33;5.65;0.75;JUL;7;HIDROVIAS;27;HANDYMAX;GSM - I;3331;D2030_215_newpanamax
23.0;175.0;0.0;8.75;1.0;5;10;MON;0;14;False;False;False;35000;137.91;0.09;0.75;JUL;7;NST - GL;30;MRMEDIUMRANGE;GL;3332;D2030_215_newpanamax
23.0;265.0;8.75;8.75;3.0;0;1;MON;0;14;False;False;False;3000;15.61;1.85;0.75;JUL;7;SANTOSBR;31;PANAMAX;CGC;3333;D2030_215_newpanamax
23.0;155.0;0.0;6.75;1.0;0;1;MON;0;14;False;False;False;18000;29.82;6.92;0.75;JUL;7;STOLTHAVEN;32;GPGENERALPURPOSE;GL;3334;D2030_215_newpanamax
23.0;225.0;0.0;12.25;1.0;2;3;MON;0;14;False;False;False;70000;78.07;0.31;0.75;JUL;7;TEG;34;PANAMAX;GSA - E;3335;D2030_215_newpanamax
23.0;225.0;0.0;12.25;1.0;2;5;MON;0;14;False;False;False;70000;111.09;2.25;0.75;JUL;7;TES;36;PANAMAX;GSA - E;3336;D2030_215_newpanamax
23.0;225.0;0.0;12.75;1.0;0;4;MON;0;14;False;False;False;70000;39.92;3.12;0.75;JUL;7;TGG;38;PANAMAX;GSA - E;3337;D2030_215_newpanamax
23.0;225.0;0.0;10.75;1.0;0;7;MON;0;14;False;False;False;70000;62.19;2.17;0.75;JUL;7;TIPLAM - GSA - E;41;PANAMAX;GSA - E;3338;D2030_215_newpanamax
23.0;185.0;0.0;7.75;1.0;0;1;MON;0;14;False;False;False;35000;29.94;3.21;0.75;JUL;7;TRANSPETRO;43;MRMEDIUMRANGE;GL;3339;D2030_215_newpanamax
23.0;175.0;0.0;5.75;1.0;0;2;MON;0;14;False;False;False;35000;90.66;31.53;0.75;JUL;7;USIMINAS;46;HANDYSIZE;CGNC;3340;D2030_215_newpanamax
23.0;225.0;0.0;8.25;1.0;0;0;MON;0;14;False;False;False;70000;55.1;3.16;0.75;JUL;7;XXXIX;48;PANAMAX;GSA - E;3341;D2030_215_newpanamax
18.0;80.5;6.4;6.5;1.0;16;20;0;0;14;False;False;False;0;10.33;0.17;0.75;0;7;TUP - Saipem;8;HANDYSIZE;CGNC;3342;D2030_215_newpanamax
23.0;255.0;10.25;10.25;3.0;5;13;TUE;1;15;False;False;False;3000;15.61;2.59;0.75;JUL;7;TECON10;3;PANAMAX;CGC;3343;D2030_215_newpanamax
23.0;225.0;0.0;11.75;1.0;5;11;TUE;1;15;False;False;False;60000;84.67;5.49;0.75;JUL;7;ADONAI;10;LR1LONGRANGE1;GL;3344;D2030_215_newpanamax
23.0;215.0;8.75;8.75;3.0;4;13;TUE;1;15;False;False;False;1000;13.85;1.93;0.75;JUL;7;BTP;13;FULLYCELLULAR;CGC;3345;D2030_215_newpanamax
23.0;295.0;11.75;11.75;3.0;4;13;TUE;1;15;False;False;False;4000;20.66;6.83;0.75;JUL;7;BTP;13;POST-PANAMAXI;CGC;3346;D2030_215_newpanamax
43.0;339.0;14.0;14.0;3.0;4;13;TUE;1;15;False;False;False;6000;23.63;4.23;0.75;JUL;7;BTP;13;POST-PANAMAXII;CGC;3347;D2030_215_newpanamax
23.0;225.0;0.0;13.25;1.0;7;14;TUE;1;15;False;False;False;70000;68.98;2.87;0.75;JUL;7;COFCO;16;PANAMAX;GSA - E;3348;D2030_215_newpanamax
23.0;185.0;0.0;11.75;1.0;7;23;TUE;1;15;False;False;False;45000;39.48;1.9;0.75;JUL;7;COPESUCAR;17;HANDYMAX;GSA - E;3349;D2030_215_newpanamax
23.0;225.0;0.0;13.75;1.0;7;23;TUE;1;15;False;False;False;70000;58.85;2.96;0.75;JUL;7;COPESUCAR;17;PANAMAX;GSA - E;3350;D2030_215_newpanamax
23.0;215.0;9.25;9.25;3.0;6;17;TUE;1;15;False;False;False;1000;13.38;1.99;0.75;JUL;7;DPW - CGC;21;FULLYCELLULAR;CGC;3351;D2030_215_newpanamax
23.0;195.0;8.25;8.25;3.0;4;8;TUE;1;15;False;False;False;1000;13.38;1.16;0.75;JUL;7;DPW - CGC;21;FULLYCELLULAR;CGC;3352;D2030_215_newpanamax
23.0;275.0;9.75;9.75;3.0;4;10;TUE;1;15;False;False;False;3000;17.86;2.07;0.75;JUL;7;DPW - CGC;21;PANAMAX;CGC;3353;D2030_215_newpanamax
43.0;339.0;14.0;14.0;3.0;6;17;TUE;1;15;False;False;False;6000;27.82;1.07;0.75;JUL;7;DPW - CGC;21;POST-PANAMAXII;CGC;3354;D2030_215_newpanamax
23.0;195.0;0.0;11.75;1.0;7;16;TUE;1;15;False;False;False;45000;37.2;3.77;0.75;JUL;7;ELEVACOES;24;HANDYMAX;GSA - E;3355;D2030_215_newpanamax
23.0;225.0;0.0;13.25;1.0;6;13;TUE;1;15;False;False;False;70000;53.25;2.71;0.75;JUL;7;ELEVACOES;24;PANAMAX;GSA - E;3356;D2030_215_newpanamax
36.0;225.0;0.0;11.7;1.0;10;31;TUE;1;15;False;False;False;55000;200.0;6.35;0.75;JUL;7;NST - CGNC;29;NAVIOCARGAGERAL;CGNC;3357;D2030_215_newpanamax
23.0;275.0;9.75;9.75;3.0;4;9;TUE;1;15;False;False;False;3000;15.61;3.16;0.75;JUL;7;SANTOSBR;31;PANAMAX;CGC;3358;D2030_215_newpanamax
43.0;339.0;14.0;14.0;3.0;4;9;TUE;1;15;False;False;False;6000;25.92;3.7;0.75;JUL;7;SANTOSBR;31;POST-PANAMAXII;CGC;3359;D2030_215_newpanamax
23.0;225.0;0.0;12.75;1.0;7;13;TUE;1;15;False;False;False;70000;111.09;1.96;0.75;JUL;7;TES;36;PANAMAX;GSA - E;3360;D2030_215_newpanamax
23.0;225.0;0.0;13.25;1.0;5;9;TUE;1;15;False;False;False;70000;39.92;3.33;0.75;JUL;7;TGG;38;PANAMAX;GSA - E;3361;D2030_215_newpanamax
23.0;225.0;0.0;12.25;1.0;3;12;TUE;1;15;False;False;False;70000;62.19;4.46;0.75;JUL;7;TIPLAM - GSA - E;41;PANAMAX;GSA - E;3362;D2030_215_newpanamax
23.0;175.0;7.75;0.0;2.0;2;7;TUE;1;15;False;False;False;35000;72.19;1.74;0.75;JUL;7;TIPLAM - GSM - I;42;HANDYSIZE;GSM - I;3363;D2030_215_newpanamax
23.0;175.0;0.0;7.75;1.0;4;15;TUE;1;15;False;False;False;35000;90.66;1.82;0.75;JUL;7;USIMINAS;46;HANDYSIZE;CGNC;3364;D2030_215_newpanamax
23.0;225.0;0.0;12.25;1.0;8;19;TUE;1;15;False;False;False;70000;55.1;10.97;0.75;JUL;7;XXXIX;48;PANAMAX;GSA - E;3365;D2030_215_newpanamax
17.0;82.3;4.5;6.0;1.0;21;5;0;1;15;False;False;False;0;22.0;0.08;0.75;0;7;TUP - Saipem;8;HANDYSIZE;CGNC;3366;D2030_215_newpanamax
36.0;225.0;0.0;13.0;1.0;8;20;WED;2;16;False;False;False;55000;99.0;8.39;0.75;JUL;7;ARAUCO;1;NAVIOCARGAGERAL;CGNC;3367;D2030_215_newpanamax
23.0;195.0;10.25;0.0;2.0;3;17;WED;2;16;False;False;False;45000;89.37;10.21;0.75;JUL;7;RUMO - GSM - I;5;HANDYMAX;GSM - I;3368;D2030_215_newpanamax
23.0;185.0;0.0;9.25;1.0;9;22;WED;2;16;False;False;False;35000;64.43;0.62;0.75;JUL;7;AGEO_TERMINAIS;11;MRMEDIUMRANGE;GL;3369;D2030_215_newpanamax
23.0;295.0;12.25;12.25;3.0;8;23;WED;2;16;False;False;False;4000;20.66;1.74;0.75;JUL;7;BTP;13;POST-PANAMAXI;CGC;3370;D2030_215_newpanamax
23.0;225.0;0.0;13.25;1.0;10;24;WED;2;16;False;False;False;70000;68.98;9.7;0.75;JUL;7;COFCO;16;PANAMAX;GSA - E;3371;D2030_215_newpanamax
23.0;195.0;0.0;11.75;1.0;9;30;WED;2;16;False;False;False;45000;39.48;3.21;0.75;JUL;7;COPESUCAR;17;HANDYMAX;GSA - E;3372;D2030_215_newpanamax
23.0;225.0;0.0;13.75;1.0;9;28;WED;2;16;False;False;False;70000;58.85;1.49;0.75;JUL;7;COPESUCAR;17;PANAMAX;GSA - E;3373;D2030_215_newpanamax
23.0;185.0;9.75;9.75;3.0;8;21;WED;2;16;False;False;False;1000;13.38;3.03;0.75;JUL;7;DPW - CGC;21;FULLYCELLULAR;CGC;3374;D2030_215_newpanamax
23.0;215.0;9.75;9.75;3.0;8;23;WED;2;16;False;False;False;1000;13.38;3.42;0.75;JUL;7;DPW - CGC;21;FULLYCELLULAR;CGC;3375;D2030_215_newpanamax
23.0;255.0;10.75;10.75;3.0;8;20;WED;2;16;False;False;False;3000;17.86;1.74;0.75;JUL;7;DPW - CGC;21;PANAMAX;CGC;3376;D2030_215_newpanamax
23.0;325.0;11.25;11.25;3.0;8;23;WED;2;16;False;False;False;4000;21.93;1.55;0.75;JUL;7;DPW - CGC;21;POST-PANAMAXI;CGC;3377;D2030_215_newpanamax
36.0;225.0;0.0;13.0;1.0;8;20;WED;2;16;False;False;False;55000;64.0;10.96;0.75;JUL;7;DPW - CGNC;22;NAVIOCARGAGERAL;CGNC;3378;D2030_215_newpanamax
23.0;225.0;0.0;13.75;1.0;8;21;WED;2;16;False;False;False;70000;53.25;2.73;0.75;JUL;7;ELEVACOES;24;PANAMAX;GSA - E;3379;D2030_215_newpanamax
23.0;205.0;9.25;9.25;3.0;6;19;WED;2;16;False;False;False;1000;16.8;2.06;0.75;JUL;7;SANTOSBR;31;FULLYCELLULAR;CGC;3380;D2030_215_newpanamax
23.0;255.0;11.25;11.25;3.0;10;27;WED;2;16;False;False;False;3000;15.61;3.16;0.75;JUL;7;SANTOSBR;31;PANAMAX;CGC;3381;D2030_215_newpanamax
43.0;339.0;14.0;14.0;3.0;6;19;WED;2;16;False;False;False;6000;25.92;1.68;0.75;JUL;7;SANTOSBR;31;POST-PANAMAXII;CGC;3382;D2030_215_newpanamax
43.0;339.0;14.0;14.0;3.0;8;22;WED;2;16;False;False;False;6000;25.92;1.36;0.75;JUL;7;SANTOSBR;31;POST-PANAMAXII;CGC;3383;D2030_215_newpanamax
23.0;225.0;0.0;13.25;1.0;7;18;WED;2;16;False;False;False;70000;78.07;0.27;0.75;JUL;7;TEG;34;PANAMAX;GSA - E;3384;D2030_215_newpanamax
23.0;195.0;8.75;8.75;3.0;6;19;WED;2;16;False;False;True;1500;20.97;2.28;0.75;JUL;7;TEV;37;CARGARO-RO;RORO;3385;D2030_215_newpanamax
23.0;225.0;0.0;13.25;1.0;7;16;WED;2;16;False;False;False;70000;61.75;2.99;0.75;JUL;7;TGRAO;39;PANAMAX;GSA - E;3386;D2030_215_newpanamax
23.0;225.0;0.0;13.25;1.0;7;21;WED;2;16;False;False;False;70000;62.19;5.69;0.75;JUL;7;TIPLAM - GSA - E;41;PANAMAX;GSA - E;3387;D2030_215_newpanamax
23.0;225.0;0.0;12.75;1.0;5;16;WED;2;16;False;False;False;70000;62.19;2.71;0.75;JUL;7;TIPLAM - GSA - E;41;PANAMAX;GSA - E;3388;D2030_215_newpanamax
23.0;185.0;0.0;9.25;1.0;9;22;WED;2;16;False;False;False;35000;29.94;0.91;0.75;JUL;7;TRANSPETRO;43;MRMEDIUMRANGE;GL;3389;D2030_215_newpanamax
17.0;75.2;5.4;4.6;1.0;9;5;0;2;16;False;False;False;0;35.0;0.08;0.75;0;7;TUP - Saipem;8;HANDYSIZE;CGNC;3390;D2030_215_newpanamax
23.0;225.0;0.0;13.25;1.0;12;27;THU;3;17;False;False;False;70000;51.12;2.52;0.75;JUL;7;RUMO - GSA - E;4;PANAMAX;GSA - E;3391;D2030_215_newpanamax
23.0;225.0;14.25;0.0;2.0;6;24;THU;3;17;False;False;False;70000;111.09;6.82;0.75;JUL;7;RUMO - GSM - I;5;PANAMAX;GSM - I;3392;D2030_215_newpanamax
23.0;225.0;0.0;13.25;1.0;10;23;THU;3;17;False;False;False;70000;51.12;6.32;0.75;JUL;7;ADM;9;PANAMAX;GSA - E;3393;D2030_215_newpanamax
43.0;339.0;14.0;14.0;3.0;10;29;THU;3;17;False;False;False;6000;23.63;1.71;0.75;JUL;7;BTP;13;POST-PANAMAXII;CGC;3394;D2030_215_newpanamax
23.0;175.0;10.25;0.0;2.0;7;23;THU;3;17;False;False;False;35000;135.86;3.32;0.75;JUL;7;BUNGE;14;HANDYSIZE;GSA - I;3395;D2030_215_newpanamax
23.0;225.0;0.0;13.75;1.0;11;29;THU;3;17;False;False;False;70000;68.98;5.96;0.75;JUL;7;COFCO;16;PANAMAX;GSA - E;3396;D2030_215_newpanamax
23.0;225.0;0.0;13.75;1.0;12;30;THU;3;17;False;False;False;70000;68.98;2.1;0.75;JUL;7;COFCO;16;PANAMAX;GSA - E;3397;D2030_215_newpanamax
23.0;185.0;10.25;10.25;3.0;11;31;THU;3;17;False;False;False;1000;13.38;1.16;0.75;JUL;7;DPW - CGC;21;FULLYCELLULAR;CGC;3398;D2030_215_newpanamax
36.0;225.0;0.0;13.0;1.0;13;37;THU;3;17;False;False;False;55000;64.0;1.6;0.75;JUL;7;DPW - CGNC;22;NAVIOCARGAGERAL;CGNC;3399;D2030_215_newpanamax
23.0;225.0;0.0;13.75;1.0;12;34;THU;3;17;False;False;False;70000;53.25;3.64;0.75;JUL;7;ELEVACOES;24;PANAMAX;GSA - E;3400;D2030_215_newpanamax
32.2;205.0;0.0;12.2;1.0;11;30;THU;3;17;False;False;False;55000;39.16;8.01;0.75;JUL;7;ELEVACOES;24;SUPRAMAX;GSA - E;3401;D2030_215_newpanamax
23.0;195.0;9.75;9.75;3.0;11;30;THU;3;17;False;False;False;1000;16.8;2.57;0.75;JUL;7;SANTOSBR;31;FULLYCELLULAR;CGC;3402;D2030_215_newpanamax
23.0;255.0;11.75;11.75;3.0;13;36;THU;3;17;False;False;False;3000;15.61;2.58;0.75;JUL;7;SANTOSBR;31;PANAMAX;CGC;3403;D2030_215_newpanamax
23.0;225.0;0.0;13.25;1.0;9;29;THU;3;17;False;False;False;70000;88.35;0.26;0.75;JUL;7;TEAG;33;PANAMAX;GSA - E;3404;D2030_215_newpanamax
23.0;195.0;9.25;9.25;3.0;11;33;THU;3;17;False;False;True;1500;20.97;1.19;0.75;JUL;7;TEV;37;CARGARO-RO;RORO;3405;D2030_215_newpanamax
23.0;225.0;0.0;13.25;1.0;10;29;THU;3;17;False;False;False;70000;62.19;3.07;0.75;JUL;7;TIPLAM - GSA - E;41;PANAMAX;GSA - E;3406;D2030_215_newpanamax
23.0;225.0;0.0;13.25;1.0;10;27;THU;3;17;False;False;False;70000;62.19;3.86;0.75;JUL;7;TIPLAM - GSA - E;41;PANAMAX;GSA - E;3407;D2030_215_newpanamax
23.0;175.0;9.75;0.0;2.0;13;37;THU;3;17;False;False;False;35000;72.19;1.08;0.75;JUL;7;TIPLAM - GSM - I;42;HANDYSIZE;GSM - I;3408;D2030_215_newpanamax
23.0;245.0;0.0;11.25;1.0;14;36;THU;3;17;False;False;False;60000;48.22;1.36;0.75;JUL;7;TRANSPETRO;43;LR1LONGRANGE1;GL;3409;D2030_215_newpanamax
23.0;285.0;0.0;11.75;1.0;10;32;THU;3;17;True;False;False;76500;53.08;0.0;0.75;JUL;7;TRSP;44;LNGCARRIER;GL;3410;D2030_215_newpanamax
23.0;155.0;9.25;0.0;2.0;13;35;THU;3;17;False;False;False;18000;41.58;0.0;0.75;JUL;7;VOPAK;47;GPGENERALPURPOSE;GL;3411;D2030_215_newpanamax
23.0;225.0;0.0;12.75;1.0;13;36;THU;3;17;False;False;False;70000;55.1;1.14;0.75;JUL;7;XXXIX;48;PANAMAX;GSA - E;3412;D2030_215_newpanamax
23.0;225.0;12.25;0.0;2.0;16;42;FRI;4;18;False;False;False;60000;81.86;6.44;0.75;JUL;7;STS;2;LR1LONGRANGE1;GL;3413;D2030_215_newpanamax
23.0;195.0;12.25;0.0;2.0;14;40;FRI;4;18;False;False;False;45000;89.37;3.75;0.75;JUL;7;RUMO - GSM - I;5;HANDYMAX;GSM - I;3414;D2030_215_newpanamax
23.0;225.0;0.0;13.25;1.0;13;33;FRI;4;18;False;False;False;70000;51.12;3.56;0.75;JUL;7;ADM;9;PANAMAX;GSA - E;3415;D2030_215_newpanamax
23.0;155.0;9.25;0.0;2.0;14;39;FRI;4;18;False;False;False;18000;45.88;0.5;0.75;JUL;7;AGEO_TERMINAIS;11;GPGENERALPURPOSE;GL;3416;D2030_215_newpanamax
23.0;175.0;10.25;0.0;2.0;9;38;FRI;4;18;False;False;False;35000;135.86;3.65;0.75;JUL;7;BUNGE;14;HANDYSIZE;GSA - I;3417;D2030_215_newpanamax
23.0;225.0;0.0;13.75;1.0;14;36;FRI;4;18;False;False;False;70000;68.98;5.82;0.75;JUL;7;COFCO;16;PANAMAX;GSA - E;3418;D2030_215_newpanamax
23.0;225.0;0.0;13.75;1.0;15;38;FRI;4;18;False;False;False;70000;68.98;8.55;0.75;JUL;7;COFCO;16;PANAMAX;GSA - E;3419;D2030_215_newpanamax
23.0;225.0;0.0;13.75;1.0;14;35;FRI;4;18;False;False;False;70000;68.98;8.77;0.75;JUL;7;COFCO;16;PANAMAX;GSA - E;3420;D2030_215_newpanamax
23.0;225.0;0.0;13.75;1.0;16;53;FRI;4;18;False;False;False;70000;58.85;1.43;0.75;JUL;7;COPESUCAR;17;PANAMAX;GSA - E;3421;D2030_215_newpanamax
23.0;155.0;0.0;9.25;1.0;14;44;FRI;4;18;False;False;False;18000;50.09;12.69;0.75;JUL;7;CUTRALE - GL;18;GPGENERALPURPOSE;GL;3422;D2030_215_newpanamax
23.0;165.0;8.75;0.0;2.0;18;48;FRI;4;18;False;False;False;18000;12.03;4.81;0.75;JUL;7;DOW;20;GPGENERALPURPOSE;GL;3423;D2030_215_newpanamax
23.0;195.0;10.25;10.25;3.0;12;36;FRI;4;18;False;False;False;1000;13.38;1.45;0.75;JUL;7;DPW - CGC;21;FULLYCELLULAR;CGC;3424;D2030_215_newpanamax
23.0;265.0;11.25;11.25;3.0;12;36;FRI;4;18;False;False;False;3000;17.86;1.06;0.75;JUL;7;DPW - CGC;21;PANAMAX;CGC;3425;D2030_215_newpanamax
23.0;275.0;11.25;11.25;3.0;13;38;FRI;4;18;False;False;False;3000;17.86;1.32;0.75;JUL;7;DPW - CGC;21;PANAMAX;CGC;3426;D2030_215_newpanamax
23.0;295.0;12.75;12.75;3.0;12;36;FRI;4;18;False;False;False;4000;21.93;1.42;0.75;JUL;7;DPW - CGC;21;POST-PANAMAXI;CGC;3427;D2030_215_newpanamax
36.0;225.0;0.0;13.0;1.0;16;43;FRI;4;18;False;False;False;55000;64.0;4.5;0.75;JUL;7;DPW - CGNC;22;NAVIOCARGAGERAL;CGNC;3428;D2030_215_newpanamax
36.0;225.0;0.0;11.7;1.0;17;41;FRI;4;18;False;False;False;55000;36.9;1.3;0.75;JUL;7;ELDORADO;23;NAVIOCARGAGERAL;CGNC;3429;D2030_215_newpanamax
32.2;205.0;0.0;12.2;1.0;15;44;FRI;4;18;False;False;False;55000;39.16;1.37;0.75;JUL;7;ELEVACOES;24;SUPRAMAX;GSA - E;3430;D2030_215_newpanamax
23.0;195.0;11.25;0.0;2.0;13;38;FRI;4;18;False;False;False;45000;75.33;5.23;0.75;JUL;7;HIDROVIAS;27;HANDYMAX;GSM - I;3431;D2030_215_newpanamax
23.0;215.0;10.25;10.25;3.0;16;43;FRI;4;18;False;False;False;1000;16.8;2.42;0.75;JUL;7;SANTOSBR;31;FULLYCELLULAR;CGC;3432;D2030_215_newpanamax
23.0;295.0;12.75;12.75;3.0;16;43;FRI;4;18;False;False;False;4000;21.3;1.77;0.75;JUL;7;SANTOSBR;31;POST-PANAMAXI;CGC;3433;D2030_215_newpanamax
23.0;225.0;0.0;13.25;1.0;14;38;FRI;4;18;False;False;False;70000;88.35;0.72;0.75;JUL;7;TEAG;33;PANAMAX;GSA - E;3434;D2030_215_newpanamax
23.0;225.0;0.0;13.25;1.0;14;38;FRI;4;18;False;False;False;70000;111.09;5.64;0.75;JUL;7;TES;36;PANAMAX;GSA - E;3435;D2030_215_newpanamax
23.0;225.0;0.0;13.25;1.0;13;32;FRI;4;18;False;False;False;70000;111.09;0.9;0.75;JUL;7;TES;36;PANAMAX;GSA - E;3436;D2030_215_newpanamax
23.0;195.0;9.25;9.25;3.0;15;43;FRI;4;18;False;False;True;1500;20.97;16.57;0.75;JUL;7;TEV;37;CARGARO-RO;RORO;3437;D2030_215_newpanamax
23.0;165.0;9.75;0.0;2.0;12;41;FRI;4;18;False;False;False;18000;18.55;6.58;0.75;JUL;7;TIPLAM - GL;40;GPGENERALPURPOSE;GL;3438;D2030_215_newpanamax
23.0;225.0;0.0;13.25;1.0;13;36;FRI;4;18;False;False;False;70000;62.19;7.1;0.75;JUL;7;TIPLAM - GSA - E;41;PANAMAX;GSA - E;3439;D2030_215_newpanamax
23.0;225.0;0.0;13.25;1.0;15;41;FRI;4;18;False;False;False;70000;62.19;3.84;0.75;JUL;7;TIPLAM - GSA - E;41;PANAMAX;GSA - E;3440;D2030_215_newpanamax
23.0;245.0;0.0;11.25;1.0;15;39;FRI;4;18;False;False;False;60000;48.22;4.55;0.75;JUL;7;TRANSPETRO;43;LR1LONGRANGE1;GL;3441;D2030_215_newpanamax
23.0;295.0;0.0;11.75;1.0;11;40;FRI;4;18;True;False;False;76500;53.08;0.0;0.75;JUL;7;TRSP;44;LNGCARRIER;GL;3442;D2030_215_newpanamax
23.0;265.0;12.25;12.25;3.0;18;49;SAT;5;19;False;False;False;3000;15.61;2.41;0.75;JUL;7;TECON10;3;PANAMAX;CGC;3443;D2030_215_newpanamax
36.0;225.0;0.0;13.0;1.0;14;44;SAT;5;19;False;False;False;55000;99.66;9.44;0.75;JUL;7;BRACELL;12;NAVIOCARGAGERAL;CGNC;3444;D2030_215_newpanamax
23.0;215.0;9.75;9.75;3.0;16;46;SAT;5;19;False;False;False;1000;13.85;3.19;0.75;JUL;7;BTP;13;FULLYCELLULAR;CGC;3445;D2030_215_newpanamax
23.0;295.0;13.75;13.75;3.0;16;46;SAT;5;19;False;False;False;4000;20.66;3.15;0.75;JUL;7;BTP;13;POST-PANAMAXI;CGC;3446;D2030_215_newpanamax
23.0;295.0;13.75;13.75;3.0;14;42;SAT;5;19;False;False;False;4000;20.66;1.5;0.75;JUL;7;BTP;13;POST-PANAMAXI;CGC;3447;D2030_215_newpanamax
43.0;339.0;14.0;14.0;3.0;16;46;SAT;5;19;False;False;False;6000;23.63;4.24;0.75;JUL;7;BTP;13;POST-PANAMAXII;CGC;3448;D2030_215_newpanamax
23.0;175.0;10.25;0.0;2.0;12;51;SAT;5;19;False;False;False;35000;135.86;4.42;0.75;JUL;7;BUNGE;14;HANDYSIZE;GSA - I;3449;D2030_215_newpanamax
23.0;225.0;0.0;14.25;1.0;20;54;SAT;5;19;False;False;False;70000;68.98;13.42;0.75;JUL;7;COFCO;16;PANAMAX;GSA - E;3450;D2030_215_newpanamax
23.0;225.0;0.0;13.75;1.0;17;57;SAT;5;19;False;False;False;70000;58.85;2.26;0.75;JUL;7;COPESUCAR;17;PANAMAX;GSA - E;3451;D2030_215_newpanamax
23.0;195.0;11.25;11.25;3.0;19;51;SAT;5;19;False;False;False;1000;13.38;0.92;0.75;JUL;7;DPW - CGC;21;FULLYCELLULAR;CGC;3452;D2030_215_newpanamax
23.0;275.0;12.25;12.25;3.0;18;51;SAT;5;19;False;False;False;3000;17.86;2.93;0.75;JUL;7;DPW - CGC;21;PANAMAX;CGC;3453;D2030_215_newpanamax
23.0;195.0;0.0;13.25;1.0;18;53;SAT;5;19;False;False;False;45000;37.2;3.45;0.75;JUL;7;ELEVACOES;24;HANDYMAX;GSA - E;3454;D2030_215_newpanamax
23.0;175.0;0.0;10.25;1.0;16;48;SAT;5;19;False;False;False;35000;27.04;4.3;0.75;JUL;7;ELEVACOES;24;HANDYSIZE;GSA - E;3455;D2030_215_newpanamax
23.0;225.0;0.0;14.2;1.0;17;50;SAT;5;19;False;False;False;70000;53.25;2.69;0.75;JUL;7;ELEVACOES;24;PANAMAX;GSA - E;3456;D2030_215_newpanamax
32.2;205.0;0.0;12.2;1.0;18;53;SAT;5;19;False;False;False;55000;39.16;6.25;0.75;JUL;7;ELEVACOES;24;SUPRAMAX;GSA - E;3457;D2030_215_newpanamax
23.0;225.0;13.25;0.0;2.0;20;53;SAT;5;19;False;False;False;70000;49.28;1.41;0.75;JUL;7;HIDROVIAS;27;PANAMAX;GSM - I;3458;D2030_215_newpanamax
23.0;205.0;11.25;11.25;3.0;19;51;SAT;5;19;False;False;False;1000;16.8;1.37;0.75;JUL;7;SANTOSBR;31;FULLYCELLULAR;CGC;3459;D2030_215_newpanamax
23.0;255.0;12.25;12.25;3.0;17;47;SAT;5;19;False;False;False;3000;15.61;3.87;0.75;JUL;7;SANTOSBR;31;PANAMAX;CGC;3460;D2030_215_newpanamax
23.0;295.0;13.25;13.25;3.0;19;51;SAT;5;19;False;False;False;4000;21.3;4.29;0.75;JUL;7;SANTOSBR;31;POST-PANAMAXI;CGC;3461;D2030_215_newpanamax
23.0;225.0;0.0;13.25;1.0;15;40;SAT;5;19;False;False;False;70000;78.07;5.29;0.75;JUL;7;TEG;34;PANAMAX;GSA - E;3462;D2030_215_newpanamax
23.0;225.0;14.25;0.0;2.0;17;49;SAT;5;19;False;False;False;70000;111.09;3.57;0.75;JUL;7;TERMAG;35;PANAMAX;GSM - I;3463;D2030_215_newpanamax
23.0;225.0;0.0;13.25;1.0;15;49;SAT;5;19;False;False;False;70000;111.09;3.55;0.75;JUL;7;TES;36;PANAMAX;GSA - E;3464;D2030_215_newpanamax
23.0;225.0;0.0;13.25;1.0;15;48;SAT;5;19;False;False;False;70000;111.09;1.4;0.75;JUL;7;TES;36;PANAMAX;GSA - E;3465;D2030_215_newpanamax
23.0;225.0;9.25;9.25;3.0;17;52;SAT;5;19;False;False;True;3000;20.25;5.05;0.75;JUL;7;TEV;37;PCTCPADRAO;RORO;3466;D2030_215_newpanamax
23.0;225.0;0.0;13.25;1.0;17;51;SAT;5;19;False;False;False;70000;62.19;4.38;0.75;JUL;7;TIPLAM - GSA - E;41;PANAMAX;GSA - E;3467;D2030_215_newpanamax
23.0;225.0;0.0;13.25;1.0;18;53;SAT;5;19;False;False;False;70000;62.19;1.53;0.75;JUL;7;TIPLAM - GSA - E;41;PANAMAX;GSA - E;3468;D2030_215_newpanamax
23.0;185.0;0.0;10.75;1.0;20;54;SAT;5;19;False;False;False;35000;29.94;1.43;0.75;JUL;7;TRANSPETRO;43;MRMEDIUMRANGE;GL;3469;D2030_215_newpanamax
23.0;185.0;0.0;10.25;1.0;19;51;SAT;5;19;False;False;False;35000;29.94;1.07;0.75;JUL;7;TRANSPETRO;43;MRMEDIUMRANGE;GL;3470;D2030_215_newpanamax
23.0;185.0;11.25;0.0;2.0;19;54;SAT;5;19;False;False;False;35000;62.88;0.0;0.75;JUL;7;VOPAK;47;MRMEDIUMRANGE;GL;3471;D2030_215_newpanamax
23.0;185.0;11.25;0.0;2.0;19;56;SAT;5;19;False;False;False;35000;62.88;0.0;0.75;JUL;7;VOPAK;47;MRMEDIUMRANGE;GL;3472;D2030_215_newpanamax
18.0;85.34;4.6;5.0;1.0;9;40;0;5;19;False;False;False;0;29.83;0.17;0.75;0;7;TUP - Saipem;8;HANDYSIZE;CGNC;3473;D2030_215_newpanamax
36.0;225.0;0.0;13.0;1.0;19;57;SUN;6;20;False;False;False;55000;99.0;2.75;0.75;JUL;7;ARAUCO;1;NAVIOCARGAGERAL;CGNC;3474;D2030_215_newpanamax
23.0;275.0;13.25;13.25;3.0;22;58;SUN;6;20;False;False;False;3000;15.61;2.38;0.75;JUL;7;TECON10;3;PANAMAX;CGC;3475;D2030_215_newpanamax
23.0;225.0;0.0;13.75;1.0;22;59;SUN;6;20;False;False;False;70000;51.12;3.92;0.75;JUL;7;RUMO - GSA - E;4;PANAMAX;GSA - E;3476;D2030_215_newpanamax
23.0;225.0;0.0;13.75;1.0;21;54;SUN;6;20;False;False;False;70000;51.12;3.58;0.75;JUL;7;ADM;9;PANAMAX;GSA - E;3477;D2030_215_newpanamax
23.0;275.0;14.25;14.25;3.0;22;28;SUN;6;20;False;False;False;3000;14.7;2.8;0.75;JUL;7;BTP;13;PANAMAX;CGC;3478;D2030_215_newpanamax
23.0;295.0;14.25;14.25;3.0;22;28;SUN;6;20;False;False;False;4000;20.66;3.97;0.75;JUL;7;BTP;13;POST-PANAMAXI;CGC;3479;D2030_215_newpanamax
23.0;295.0;14.25;14.25;3.0;20;55;SUN;6;20;False;False;False;4000;20.66;1.82;0.75;JUL;7;BTP;13;POST-PANAMAXI;CGC;3480;D2030_215_newpanamax
23.0;225.0;0.0;14.25;1.0;20;55;SUN;6;20;False;False;False;70000;68.98;16.81;0.75;JUL;7;COFCO;16;PANAMAX;GSA - E;3481;D2030_215_newpanamax
23.0;225.0;0.0;14.25;1.0;22;1;SUN;6;20;False;False;False;70000;68.98;2.78;0.75;JUL;7;COFCO;16;PANAMAX;GSA - E;3482;D2030_215_newpanamax
23.0;205.0;11.75;11.75;3.0;23;38;SUN;6;20;False;False;False;1000;13.38;2.78;0.75;JUL;7;DPW - CGC;21;FULLYCELLULAR;CGC;3483;D2030_215_newpanamax
23.0;195.0;0.0;13.75;1.0;20;56;SUN;6;20;False;False;False;45000;37.2;4.99;0.75;JUL;7;ELEVACOES;24;HANDYMAX;GSA - E;3484;D2030_215_newpanamax
23.0;175.0;0.0;10.25;1.0;20;56;SUN;6;20;False;False;False;35000;27.04;1.92;0.75;JUL;7;ELEVACOES;24;HANDYSIZE;GSA - E;3485;D2030_215_newpanamax
32.2;205.0;0.0;12.2;1.0;20;56;SUN;6;20;False;False;False;55000;39.16;6.85;0.75;JUL;7;ELEVACOES;24;SUPRAMAX;GSA - E;3486;D2030_215_newpanamax
23.0;205.0;11.75;11.75;3.0;22;30;SUN;6;20;False;False;False;1000;16.8;5.26;0.75;JUL;7;SANTOSBR;31;FULLYCELLULAR;CGC;3487;D2030_215_newpanamax
23.0;215.0;11.75;11.75;3.0;23;26;SUN;6;20;False;False;False;1000;16.8;2.59;0.75;JUL;7;SANTOSBR;31;FULLYCELLULAR;CGC;3488;D2030_215_newpanamax
23.0;275.0;13.75;13.75;3.0;23;44;SUN;6;20;False;False;False;3000;15.61;11.33;0.75;JUL;7;SANTOSBR;31;PANAMAX;CGC;3489;D2030_215_newpanamax
23.0;295.0;14.25;14.25;3.0;22;30;SUN;6;20;False;False;False;4000;21.3;1.92;0.75;JUL;7;SANTOSBR;31;POST-PANAMAXI;CGC;3490;D2030_215_newpanamax
43.0;339.0;14.0;14.0;3.0;22;30;SUN;6;20;False;False;False;6000;25.92;2.39;0.75;JUL;7;SANTOSBR;31;POST-PANAMAXII;CGC;3491;D2030_215_newpanamax
38.0;250.0;0.0;13.8;1.0;20;57;SUN;6;20;False;False;False;85000;114.65;1.49;0.75;JUL;7;TEAG;33;POST-PANAMAX;GSA - E;3492;D2030_215_newpanamax
23.0;225.0;0.0;13.25;1.0;20;53;SUN;6;20;False;False;False;70000;78.07;1.95;0.75;JUL;7;TEG;34;PANAMAX;GSA - E;3493;D2030_215_newpanamax
23.0;225.0;14.25;0.0;2.0;19;53;SUN;6;20;False;False;False;70000;111.09;10.23;0.75;JUL;7;TERMAG;35;PANAMAX;GSM - I;3494;D2030_215_newpanamax
23.0;225.0;0.0;14.25;1.0;23;43;SUN;6;20;False;False;False;70000;39.92;2.12;0.75;JUL;7;TGG;38;PANAMAX;GSA - E;3495;D2030_215_newpanamax
23.0;225.0;0.0;13.75;1.0;20;58;SUN;6;20;False;False;False;70000;62.19;6.83;0.75;JUL;7;TIPLAM - GSA - E;41;PANAMAX;GSA - E;3496;D2030_215_newpanamax
23.0;225.0;0.0;14.1;1.0;23;34;SUN;6;20;False;False;False;70000;62.19;4.75;0.75;JUL;7;TIPLAM - GSA - E;41;PANAMAX;GSA - E;3497;D2030_215_newpanamax
23.0;185.0;11.25;0.0;2.0;22;58;SUN;6;20;False;False;False;35000;29.94;1.57;0.75;JUL;7;TRANSPETRO;43;MRMEDIUMRANGE;GL;3498;D2030_215_newpanamax
23.0;225.0;0.0;13.75;1.0;23;19;SUN;6;20;False;False;False;70000;55.1;0.27;0.75;JUL;7;XXXIX;48;PANAMAX;GSA - E;3499;D2030_215_newpanamax
23.0;225.0;0.0;12.75;1.0;4;6;MON;0;21;False;False;False;70000;51.12;1.4;0.75;JUL;7;RUMO - GSA - E;4;PANAMAX;GSA - E;3500;D2030_215_newpanamax
36.0;225.0;0.0;13.0;1.0;3;8;MON;0;21;False;False;False;55000;99.66;4.72;0.75;JUL;7;BRACELL;12;NAVIOCARGAGERAL;CGNC;3501;D2030_215_newpanamax
23.0;305.0;9.75;9.75;3.0;1;3;MON;0;21;False;False;False;4000;20.66;2.6;0.75;JUL;7;BTP;13;POST-PANAMAXI;CGC;3502;D2030_215_newpanamax
23.0;305.0;9.25;9.25;3.0;0;0;MON;0;21;False;False;False;4000;20.66;2.19;0.75;JUL;7;BTP;13;POST-PANAMAXI;CGC;3503;D2030_215_newpanamax
43.0;339.0;14.0;14.0;3.0;1;4;MON;0;21;False;False;False;6000;23.63;4.59;0.75;JUL;7;BTP;13;POST-PANAMAXII;CGC;3504;D2030_215_newpanamax
23.0;175.0;0.0;8.75;1.0;6;0;MON;0;21;False;False;False;35000;77.19;0.74;0.75;JUL;7;CITROSUCO;15;MRMEDIUMRANGE;GL;3505;D2030_215_newpanamax
23.0;225.0;0.0;12.25;1.0;6;11;MON;0;21;False;False;False;70000;68.98;9.8;0.75;JUL;7;COFCO;16;PANAMAX;GSA - E;3506;D2030_215_newpanamax
23.0;225.0;0.0;12.25;1.0;6;10;MON;0;21;False;False;False;70000;68.98;6.55;0.75;JUL;7;COFCO;16;PANAMAX;GSA - E;3507;D2030_215_newpanamax
23.0;225.0;0.0;13.25;1.0;3;6;MON;0;21;False;False;False;70000;58.85;3.33;0.75;JUL;7;COPESUCAR;17;PANAMAX;GSA - E;3508;D2030_215_newpanamax
23.0;225.0;0.0;6.75;1.0;0;0;MON;0;21;False;False;False;70000;54.03;1.36;0.75;JUL;7;CUTRALE - GSA - E;19;PANAMAX;GSA - E;3509;D2030_215_newpanamax
23.0;195.0;7.25;7.25;3.0;2;5;MON;0;21;False;False;False;1000;13.38;1.17;0.75;JUL;7;DPW - CGC;21;FULLYCELLULAR;CGC;3510;D2030_215_newpanamax
23.0;255.0;9.75;9.75;3.0;2;5;MON;0;21;False;False;False;3000;17.86;1.59;0.75;JUL;7;DPW - CGC;21;PANAMAX;CGC;3511;D2030_215_newpanamax
23.0;255.0;9.75;9.75;3.0;3;7;MON;0;21;False;False;False;3000;17.86;1.83;0.75;JUL;7;DPW - CGC;21;PANAMAX;CGC;3512;D2030_215_newpanamax
23.0;295.0;9.75;9.75;3.0;1;2;MON;0;21;False;False;False;4000;21.93;1.85;0.75;JUL;7;DPW - CGC;21;POST-PANAMAXI;CGC;3513;D2030_215_newpanamax
36.0;225.0;0.0;11.7;1.0;1;4;MON;0;21;False;False;False;55000;36.9;0.79;0.75;JUL;7;ELDORADO;23;NAVIOCARGAGERAL;CGNC;3514;D2030_215_newpanamax
23.0;175.0;0.0;9.75;1.0;5;10;MON;0;21;False;False;False;35000;27.04;1.34;0.75;JUL;7;ELEVACOES;24;HANDYSIZE;GSA - E;3515;D2030_215_newpanamax
23.0;225.0;0.0;13.25;1.0;5;10;MON;0;21;False;False;False;70000;53.25;1.48;0.75;JUL;7;ELEVACOES;24;PANAMAX;GSA - E;3516;D2030_215_newpanamax
23.0;225.0;0.0;11.75;1.0;0;2;MON;0;21;False;False;False;70000;53.25;4.14;0.75;JUL;7;ELEVACOES;24;PANAMAX;GSA - E;3517;D2030_215_newpanamax
32.2;205.0;0.0;12.2;1.0;2;6;MON;0;21;False;False;False;55000;39.16;2.37;0.75;JUL;7;ELEVACOES;24;SUPRAMAX;GSA - E;3518;D2030_215_newpanamax
32.2;205.0;0.0;12.2;1.0;2;6;MON;0;21;False;False;False;55000;39.16;1.56;0.75;JUL;7;ELEVACOES;24;SUPRAMAX;GSA - E;3519;D2030_215_newpanamax
23.0;185.0;8.75;0.0;2.0;1;4;MON;0;21;False;False;False;45000;75.33;6.39;0.75;JUL;7;HIDROVIAS;27;HANDYMAX;GSM - I;3520;D2030_215_newpanamax
23.0;225.0;8.25;0.0;2.0;1;4;MON;0;21;False;False;False;70000;49.28;0.64;0.75;JUL;7;HIDROVIAS;27;PANAMAX;GSM - I;3521;D2030_215_newpanamax
23.0;175.0;0.0;9.25;1.0;7;26;MON;0;21;False;False;False;35000;137.91;0.13;0.75;JUL;7;NST - GL;30;MRMEDIUMRANGE;GL;3522;D2030_215_newpanamax
23.0;245.0;9.75;9.75;3.0;2;5;MON;0;21;False;False;False;3000;15.61;3.7;0.75;JUL;7;SANTOSBR;31;PANAMAX;CGC;3523;D2030_215_newpanamax
23.0;185.0;0.0;6.75;1.0;0;1;MON;0;21;False;False;False;35000;59.07;9.41;0.75;JUL;7;STOLTHAVEN;32;MRMEDIUMRANGE;GL;3524;D2030_215_newpanamax
23.0;195.0;8.25;0.0;2.0;0;0;MON;0;21;False;False;False;45000;89.37;2.96;0.75;JUL;7;TERMAG;35;HANDYMAX;GSM - I;3525;D2030_215_newpanamax
23.0;195.0;7.75;7.75;3.0;1;3;MON;0;21;False;False;True;1500;20.97;0.34;0.75;JUL;7;TEV;37;CARGARO-RO;RORO;3526;D2030_215_newpanamax
23.0;165.0;9.75;0.0;2.0;0;0;MON;0;21;False;False;False;18000;18.55;4.01;0.75;JUL;7;TIPLAM - GL;40;GPGENERALPURPOSE;GL;3527;D2030_215_newpanamax
23.0;225.0;0.0;7.25;1.0;0;0;MON;0;21;False;False;False;70000;62.19;3.54;0.75;JUL;7;TIPLAM - GSA - E;41;PANAMAX;GSA - E;3528;D2030_215_newpanamax
23.0;155.0;0.0;7.25;1.0;1;3;MON;0;21;False;False;False;18000;42.57;9.39;0.75;JUL;7;ULTRACARGO;45;GPGENERALPURPOSE;GL;3529;D2030_215_newpanamax
23.0;175.0;0.0;5.75;1.0;0;2;MON;0;21;False;False;False;35000;90.66;10.92;0.75;JUL;7;USIMINAS;46;HANDYSIZE;CGNC;3530;D2030_215_newpanamax
23.0;225.0;0.0;10.25;1.0;0;2;MON;0;21;False;False;False;70000;55.1;0.87;0.75;JUL;7;XXXIX;48;PANAMAX;GSA - E;3531;D2030_215_newpanamax
19.0;87.9;5.0;4.9;1.0;10;0;0;0;21;False;False;False;0;26.42;0.17;0.75;0;7;TUP - Saipem;8;HANDYSIZE;CGNC;3532;D2030_215_newpanamax
23.0;225.0;0.0;12.75;1.0;5;8;TUE;1;22;False;False;False;70000;51.12;2.99;0.75;JUL;7;ADM;9;PANAMAX;GSA - E;3533;D2030_215_newpanamax
23.0;155.0;0.0;7.75;1.0;4;10;TUE;1;22;False;False;False;18000;45.88;1.18;0.75;JUL;7;AGEO_TERMINAIS;11;GPGENERALPURPOSE;GL;3534;D2030_215_newpanamax
23.0;245.0;11.75;11.75;3.0;4;13;TUE;1;22;False;False;False;3000;14.7;3.59;0.75;JUL;7;BTP;13;PANAMAX;CGC;3535;D2030_215_newpanamax
23.0;295.0;11.75;11.75;3.0;4;14;TUE;1;22;False;False;False;4000;20.66;1.77;0.75;JUL;7;BTP;13;POST-PANAMAXI;CGC;3536;D2030_215_newpanamax
43.0;339.0;14.0;14.0;3.0;4;14;TUE;1;22;False;False;False;6000;23.63;2.42;0.75;JUL;7;BTP;13;POST-PANAMAXII;CGC;3537;D2030_215_newpanamax
23.0;225.0;0.0;13.25;1.0;6;12;TUE;1;22;False;False;False;70000;68.98;15.31;0.75;JUL;7;COFCO;16;PANAMAX;GSA - E;3538;D2030_215_newpanamax
23.0;195.0;0.0;11.25;1.0;6;20;TUE;1;22;False;False;False;45000;39.48;2.05;0.75;JUL;7;COPESUCAR;17;HANDYMAX;GSA - E;3539;D2030_215_newpanamax
23.0;185.0;0.0;11.75;1.0;7;25;TUE;1;22;False;False;False;45000;39.48;1.67;0.75;JUL;7;COPESUCAR;17;HANDYMAX;GSA - E;3540;D2030_215_newpanamax
23.0;225.0;0.0;13.75;1.0;7;25;TUE;1;22;False;False;False;70000;58.85;2.8;0.75;JUL;7;COPESUCAR;17;PANAMAX;GSA - E;3541;D2030_215_newpanamax
23.0;275.0;10.25;10.25;3.0;6;17;TUE;1;22;False;False;False;3000;17.86;1.64;0.75;JUL;7;DPW - CGC;21;PANAMAX;CGC;3542;D2030_215_newpanamax
23.0;295.0;11.25;11.25;3.0;6;17;TUE;1;22;False;False;False;4000;21.93;1.25;0.75;JUL;7;DPW - CGC;21;POST-PANAMAXI;CGC;3543;D2030_215_newpanamax
36.0;225.0;0.0;13.0;1.0;5;12;TUE;1;22;False;False;False;55000;64.0;2.11;0.75;JUL;7;DPW - CGNC;22;NAVIOCARGAGERAL;CGNC;3544;D2030_215_newpanamax
23.0;175.0;0.0;9.75;1.0;7;16;TUE;1;22;False;False;False;35000;27.04;4.51;0.75;JUL;7;ELEVACOES;24;HANDYSIZE;GSA - E;3545;D2030_215_newpanamax
23.0;225.0;0.0;13.75;1.0;8;16;TUE;1;22;False;False;False;70000;53.25;2.85;0.75;JUL;7;ELEVACOES;24;PANAMAX;GSA - E;3546;D2030_215_newpanamax
36.0;225.0;0.0;11.7;1.0;10;23;TUE;1;22;False;False;False;55000;200.0;1.49;0.75;JUL;7;NST - CGNC;29;NAVIOCARGAGERAL;CGNC;3547;D2030_215_newpanamax
23.0;255.0;10.25;10.25;3.0;5;14;TUE;1;22;False;False;False;3000;15.61;2.92;0.75;JUL;7;SANTOSBR;31;PANAMAX;CGC;3548;D2030_215_newpanamax
23.0;155.0;0.0;7.25;1.0;5;14;TUE;1;22;False;False;False;18000;29.82;4.22;0.75;JUL;7;STOLTHAVEN;32;GPGENERALPURPOSE;GL;3549;D2030_215_newpanamax
23.0;225.0;0.0;12.75;1.0;4;6;TUE;1;22;False;False;False;70000;111.09;7.95;0.75;JUL;7;TES;36;PANAMAX;GSA - E;3550;D2030_215_newpanamax
23.0;225.0;0.0;13.25;1.0;3;9;TUE;1;22;False;False;False;70000;61.75;3.35;0.75;JUL;7;TGRAO;39;PANAMAX;GSA - E;3551;D2030_215_newpanamax
23.0;225.0;0.0;11.75;1.0;2;11;TUE;1;22;False;False;False;70000;62.19;2.69;0.75;JUL;7;TIPLAM - GSA - E;41;PANAMAX;GSA - E;3552;D2030_215_newpanamax
23.0;225.0;7.75;0.0;2.0;2;7;TUE;1;22;False;False;False;70000;104.45;15.5;0.75;JUL;7;TIPLAM - GSM - I;42;PANAMAX;GSM - I;3553;D2030_215_newpanamax
23.0;215.0;0.0;12.25;1.0;4;9;TUE;1;22;False;False;False;70000;55.1;0.44;0.75;JUL;7;XXXIX;48;PANAMAX;GSA - E;3554;D2030_215_newpanamax
23.0;225.0;0.0;12.25;1.0;8;22;TUE;1;22;False;False;False;70000;55.1;2.5;0.75;JUL;7;XXXIX;48;PANAMAX;GSA - E;3555;D2030_215_newpanamax
36.0;225.0;0.0;13.0;1.0;7;16;WED;2;23;False;False;False;55000;99.0;1.26;0.75;JUL;7;ARAUCO;1;NAVIOCARGAGERAL;CGNC;3556;D2030_215_newpanamax
23.0;225.0;14.25;0.0;2.0;3;17;WED;2;23;False;False;False;70000;111.09;3.89;0.75;JUL;7;RUMO - GSM - I;5;PANAMAX;GSM - I;3557;D2030_215_newpanamax
23.0;185.0;0.0;9.25;1.0;9;22;WED;2;23;False;False;False;35000;64.43;0.77;0.75;JUL;7;AGEO_TERMINAIS;11;MRMEDIUMRANGE;GL;3558;D2030_215_newpanamax
43.0;339.0;14.0;14.0;3.0;8;23;WED;2;23;False;False;False;6000;23.63;0.99;0.75;JUL;7;BTP;13;POST-PANAMAXII;CGC;3559;D2030_215_newpanamax
23.0;225.0;0.0;13.25;1.0;10;24;WED;2;23;False;False;False;70000;68.98;1.53;0.75;JUL;7;COFCO;16;PANAMAX;GSA - E;3560;D2030_215_newpanamax
23.0;225.0;0.0;13.75;1.0;11;28;WED;2;23;False;False;False;70000;68.98;11.33;0.75;JUL;7;COFCO;16;PANAMAX;GSA - E;3561;D2030_215_newpanamax
23.0;195.0;0.0;11.75;1.0;9;31;WED;2;23;False;False;False;45000;39.48;2.91;0.75;JUL;7;COPESUCAR;17;HANDYMAX;GSA - E;3562;D2030_215_newpanamax
23.0;225.0;0.0;13.75;1.0;9;31;WED;2;23;False;False;False;70000;58.85;3.31;0.75;JUL;7;COPESUCAR;17;PANAMAX;GSA - E;3563;D2030_215_newpanamax
23.0;255.0;10.75;10.75;3.0;9;25;WED;2;23;False;False;False;3000;17.86;1.3;0.75;JUL;7;DPW - CGC;21;PANAMAX;CGC;3564;D2030_215_newpanamax
23.0;275.0;10.75;10.75;3.0;10;28;WED;2;23;False;False;False;3000;17.86;1.98;0.75;JUL;7;DPW - CGC;21;PANAMAX;CGC;3565;D2030_215_newpanamax
23.0;305.0;11.75;11.75;3.0;9;25;WED;2;23;False;False;False;4000;21.93;1.37;0.75;JUL;7;DPW - CGC;21;POST-PANAMAXI;CGC;3566;D2030_215_newpanamax
36.0;225.0;0.0;11.7;1.0;8;19;WED;2;23;False;False;False;55000;36.9;5.66;0.75;JUL;7;ELDORADO;23;NAVIOCARGAGERAL;CGNC;3567;D2030_215_newpanamax
23.0;225.0;0.0;13.75;1.0;8;21;WED;2;23;False;False;False;70000;53.25;2.31;0.75;JUL;7;ELEVACOES;24;PANAMAX;GSA - E;3568;D2030_215_newpanamax
23.0;185.0;9.75;9.75;3.0;8;22;WED;2;23;False;False;False;1000;16.8;3.47;0.75;JUL;7;SANTOSBR;31;FULLYCELLULAR;CGC;3569;D2030_215_newpanamax
23.0;275.0;10.75;10.75;3.0;10;26;WED;2;23;False;False;False;3000;15.61;2.17;0.75;JUL;7;SANTOSBR;31;PANAMAX;CGC;3570;D2030_215_newpanamax
23.0;295.0;12.25;12.25;3.0;10;26;WED;2;23;False;False;False;4000;21.3;1.2;0.75;JUL;7;SANTOSBR;31;POST-PANAMAXI;CGC;3571;D2030_215_newpanamax
43.0;339.0;14.0;14.0;3.0;9;24;WED;2;23;False;False;False;6000;25.92;6.3;0.75;JUL;7;SANTOSBR;31;POST-PANAMAXII;CGC;3572;D2030_215_newpanamax
23.0;225.0;0.0;12.75;1.0;9;23;WED;2;23;False;False;False;70000;111.09;1.12;0.75;JUL;7;TES;36;PANAMAX;GSA - E;3573;D2030_215_newpanamax
23.0;225.0;0.0;13.25;1.0;10;24;WED;2;23;False;False;False;70000;39.92;1.25;0.75;JUL;7;TGG;38;PANAMAX;GSA - E;3574;D2030_215_newpanamax
23.0;225.0;0.0;13.25;1.0;7;19;WED;2;23;False;False;False;70000;62.19;9.37;0.75;JUL;7;TIPLAM - GSA - E;41;PANAMAX;GSA - E;3575;D2030_215_newpanamax
23.0;225.0;0.0;13.25;1.0;7;20;WED;2;23;False;False;False;70000;62.19;2.08;0.75;JUL;7;TIPLAM - GSA - E;41;PANAMAX;GSA - E;3576;D2030_215_newpanamax
23.0;195.0;9.75;0.0;2.0;8;22;WED;2;23;False;False;False;45000;85.0;2.16;0.75;JUL;7;TIPLAM - GSM - I;42;HANDYMAX;GSM - I;3577;D2030_215_newpanamax
23.0;185.0;0.0;8.75;1.0;9;19;WED;2;23;False;False;False;35000;29.94;9.04;0.75;JUL;7;TRANSPETRO;43;MRMEDIUMRANGE;GL;3578;D2030_215_newpanamax
23.0;225.0;0.0;12.75;1.0;11;30;WED;2;23;False;False;False;70000;55.1;0.86;0.75;JUL;7;XXXIX;48;PANAMAX;GSA - E;3579;D2030_215_newpanamax
19.0;88.9;5.5;5.0;1.0;9;25;0;2;23;False;False;False;0;30.0;0.08;0.75;0;7;TUP - Saipem;8;HANDYSIZE;CGNC;3580;D2030_215_newpanamax
18.0;76.0;5.5;5.8;1.0;10;0;0;2;23;False;False;False;0;36.17;0.17;0.75;0;7;TUP - Saipem;8;HANDYSIZE;CGNC;3581;D2030_215_newpanamax
36.0;225.0;0.0;13.0;1.0;10;27;THU;3;24;False;False;False;55000;99.0;3.08;0.75;JUL;7;ARAUCO;1;NAVIOCARGAGERAL;CGNC;3582;D2030_215_newpanamax
23.0;225.0;0.0;13.25;1.0;10;24;THU;3;24;False;False;False;70000;51.12;1.71;0.75;JUL;7;RUMO - GSA - E;4;PANAMAX;GSA - E;3583;D2030_215_newpanamax
23.0;215.0;9.25;9.25;3.0;10;29;THU;3;24;False;False;False;1000;13.85;2.8;0.75;JUL;7;BTP;13;FULLYCELLULAR;CGC;3584;D2030_215_newpanamax
23.0;295.0;12.75;12.75;3.0;10;29;THU;3;24;False;False;False;4000;20.66;2.51;0.75;JUL;7;BTP;13;POST-PANAMAXI;CGC;3585;D2030_215_newpanamax
23.0;205.0;0.0;10.25;1.0;9;32;THU;3;24;False;False;False;35000;77.19;0.05;0.75;JUL;7;CITROSUCO;15;MRMEDIUMRANGE;GL;3586;D2030_215_newpanamax
23.0;225.0;0.0;13.75;1.0;11;29;THU;3;24;False;False;False;70000;68.98;3.02;0.75;JUL;7;COFCO;16;PANAMAX;GSA - E;3587;D2030_215_newpanamax
23.0;225.0;0.0;13.75;1.0;11;29;THU;3;24;False;False;False;70000;68.98;3.2;0.75;JUL;7;COFCO;16;PANAMAX;GSA - E;3588;D2030_215_newpanamax
23.0;225.0;0.0;13.75;1.0;11;35;THU;3;24;False;False;False;70000;58.85;1.53;0.75;JUL;7;COPESUCAR;17;PANAMAX;GSA - E;3589;D2030_215_newpanamax
23.0;255.0;11.25;11.25;3.0;11;31;THU;3;24;False;False;False;3000;17.86;2.22;0.75;JUL;7;DPW - CGC;21;PANAMAX;CGC;3590;D2030_215_newpanamax
23.0;225.0;0.0;13.75;1.0;11;30;THU;3;24;False;False;False;70000;53.25;2.39;0.75;JUL;7;ELEVACOES;24;PANAMAX;GSA - E;3591;D2030_215_newpanamax
23.0;225.0;0.0;13.75;1.0;11;30;THU;3;24;False;False;False;70000;53.25;2.73;0.75;JUL;7;ELEVACOES;24;PANAMAX;GSA - E;3592;D2030_215_newpanamax
23.0;195.0;9.25;0.0;2.0;11;24;THU;3;24;False;False;False;45000;295.08;0.51;0.75;JUL;7;NITA;28;HANDYMAX;GSA - I;3593;D2030_215_newpanamax
23.0;255.0;11.25;11.25;3.0;11;30;THU;3;24;False;False;False;3000;15.61;1.69;0.75;JUL;7;SANTOSBR;31;PANAMAX;CGC;3594;D2030_215_newpanamax
43.0;339.0;14.0;14.0;3.0;13;36;THU;3;24;False;False;False;6000;25.92;1.38;0.75;JUL;7;SANTOSBR;31;POST-PANAMAXII;CGC;3595;D2030_215_newpanamax
23.0;225.0;0.0;13.25;1.0;11;28;THU;3;24;False;False;False;70000;111.09;4.71;0.75;JUL;7;TES;36;PANAMAX;GSA - E;3596;D2030_215_newpanamax
23.0;225.0;0.0;13.25;1.0;12;33;THU;3;24;False;False;False;70000;62.19;7.22;0.75;JUL;7;TIPLAM - GSA - E;41;PANAMAX;GSA - E;3597;D2030_215_newpanamax
23.0;225.0;0.0;13.25;1.0;10;28;THU;3;24;False;False;False;70000;62.19;3.03;0.75;JUL;7;TIPLAM - GSA - E;41;PANAMAX;GSA - E;3598;D2030_215_newpanamax
23.0;225.0;0.0;13.25;1.0;10;30;THU;3;24;False;False;False;70000;62.19;5.01;0.75;JUL;7;TIPLAM - GSA - E;41;PANAMAX;GSA - E;3599;D2030_215_newpanamax
23.0;225.0;10.25;0.0;2.0;14;38;THU;3;24;False;False;False;70000;104.45;2.26;0.75;JUL;7;TIPLAM - GSM - I;42;PANAMAX;GSM - I;3600;D2030_215_newpanamax
23.0;185.0;0.0;9.75;1.0;14;35;THU;3;24;False;False;False;35000;29.94;3.13;0.75;JUL;7;TRANSPETRO;43;MRMEDIUMRANGE;GL;3601;D2030_215_newpanamax
23.0;185.0;8.75;0.0;2.0;11;24;THU;3;24;False;False;False;35000;57.11;1.3;0.75;JUL;7;ULTRACARGO;45;MRMEDIUMRANGE;GL;3602;D2030_215_newpanamax
23.0;185.0;9.75;0.0;2.0;11;27;THU;3;24;False;False;False;35000;62.88;0.0;0.75;JUL;7;VOPAK;47;MRMEDIUMRANGE;GL;3603;D2030_215_newpanamax
23.0;155.0;9.75;0.0;2.0;16;42;FRI;4;25;False;False;False;18000;42.57;12.15;0.75;JUL;7;STS;2;GPGENERALPURPOSE;GL;3604;D2030_215_newpanamax
23.0;175.0;10.75;0.0;2.0;14;40;FRI;4;25;False;False;False;35000;50.86;4.68;0.75;JUL;7;RUMO - GSM - I;5;HANDYSIZE;GSM - I;3605;D2030_215_newpanamax
23.0;225.0;0.0;13.25;1.0;14;35;FRI;4;25;False;False;False;70000;51.12;2.61;0.75;JUL;7;ADM;9;PANAMAX;GSA - E;3606;D2030_215_newpanamax
23.0;255.0;0.0;12.75;1.0;14;35;FRI;4;25;False;False;False;85000;111.5;2.9;0.75;JUL;7;ADM;9;POST-PANAMAX;GSA - E;3607;D2030_215_newpanamax
23.0;305.0;12.75;12.75;3.0;11;34;FRI;4;25;False;False;False;4000;20.66;2.14;0.75;JUL;7;BTP;13;POST-PANAMAXI;CGC;3608;D2030_215_newpanamax
23.0;225.0;0.0;13.75;1.0;16;43;FRI;4;25;False;False;False;70000;68.98;5.09;0.75;JUL;7;COFCO;16;PANAMAX;GSA - E;3609;D2030_215_newpanamax
23.0;225.0;0.0;13.75;1.0;16;46;FRI;4;25;False;False;False;70000;68.98;11.05;0.75;JUL;7;COFCO;16;PANAMAX;GSA - E;3610;D2030_215_newpanamax
23.0;225.0;0.0;13.75;1.0;15;41;FRI;4;25;False;False;False;70000;68.98;7.05;0.75;JUL;7;COFCO;16;PANAMAX;GSA - E;3611;D2030_215_newpanamax
23.0;195.0;0.0;13.25;1.0;16;53;FRI;4;25;False;False;False;45000;39.48;3.09;0.75;JUL;7;COPESUCAR;17;HANDYMAX;GSA - E;3612;D2030_215_newpanamax
23.0;225.0;0.0;13.75;1.0;16;50;FRI;4;25;False;False;False;70000;58.85;2.35;0.75;JUL;7;COPESUCAR;17;PANAMAX;GSA - E;3613;D2030_215_newpanamax
23.0;135.0;8.25;8.25;3.0;16;42;FRI;4;25;False;False;False;500;12.93;1.6;0.75;JUL;7;DPW - CGC;21;FEEDER/EARLY;CGC;3614;D2030_215_newpanamax
23.0;185.0;10.75;10.75;3.0;16;42;FRI;4;25;False;False;False;1000;13.38;2.98;0.75;JUL;7;DPW - CGC;21;FULLYCELLULAR;CGC;3615;D2030_215_newpanamax
23.0;275.0;11.25;11.25;3.0;13;37;FRI;4;25;False;False;False;3000;17.86;2.11;0.75;JUL;7;DPW - CGC;21;PANAMAX;CGC;3616;D2030_215_newpanamax
23.0;255.0;11.75;11.75;3.0;15;42;FRI;4;25;False;False;False;3000;17.86;2.28;0.75;JUL;7;DPW - CGC;21;PANAMAX;CGC;3617;D2030_215_newpanamax
23.0;305.0;13.25;13.25;3.0;16;42;FRI;4;25;False;False;False;4000;21.93;1.3;0.75;JUL;7;DPW - CGC;21;POST-PANAMAXI;CGC;3618;D2030_215_newpanamax
43.0;339.0;14.0;14.0;3.0;13;37;FRI;4;25;False;False;False;6000;27.82;2.86;0.75;JUL;7;DPW - CGC;21;POST-PANAMAXII;CGC;3619;D2030_215_newpanamax
36.0;225.0;0.0;11.7;1.0;14;36;FRI;4;25;False;False;False;55000;36.9;1.71;0.75;JUL;7;ELDORADO;23;NAVIOCARGAGERAL;CGNC;3620;D2030_215_newpanamax
23.0;225.0;0.0;14.2;1.0;15;44;FRI;4;25;False;False;False;70000;53.25;2.88;0.75;JUL;7;ELEVACOES;24;PANAMAX;GSA - E;3621;D2030_215_newpanamax
23.0;175.0;10.25;0.0;2.0;13;38;FRI;4;25;False;False;False;35000;59.83;18.45;0.75;JUL;7;HIDROVIAS;27;HANDYSIZE;GSM - I;3622;D2030_215_newpanamax
23.0;255.0;11.75;11.75;3.0;14;37;FRI;4;25;False;False;False;3000;15.61;4.59;0.75;JUL;7;SANTOSBR;31;PANAMAX;CGC;3623;D2030_215_newpanamax
43.0;339.0;14.0;14.0;3.0;14;37;FRI;4;25;False;False;False;6000;25.92;2.24;0.75;JUL;7;SANTOSBR;31;POST-PANAMAXII;CGC;3624;D2030_215_newpanamax
23.0;175.0;10.75;0.0;2.0;12;37;FRI;4;25;False;False;False;35000;59.07;6.66;0.75;JUL;7;STOLTHAVEN;32;MRMEDIUMRANGE;GL;3625;D2030_215_newpanamax
23.0;225.0;0.0;13.25;1.0;14;35;FRI;4;25;False;False;False;70000;111.09;3.99;0.75;JUL;7;TES;36;PANAMAX;GSA - E;3626;D2030_215_newpanamax
23.0;225.0;0.0;13.25;1.0;14;37;FRI;4;25;False;False;False;70000;111.09;4.92;0.75;JUL;7;TES;36;PANAMAX;GSA - E;3627;D2030_215_newpanamax
23.0;255.0;0.0;12.75;1.0;14;35;FRI;4;25;False;False;False;85000;150.34;3.86;0.75;JUL;7;TES;36;POST-PANAMAX;GSA - E;3628;D2030_215_newpanamax
23.0;225.0;0.0;13.25;1.0;12;37;FRI;4;25;False;False;False;70000;39.92;6.23;0.75;JUL;7;TGG;38;PANAMAX;GSA - E;3629;D2030_215_newpanamax
23.0;225.0;0.0;13.25;1.0;15;41;FRI;4;25;False;False;False;70000;62.19;5.72;0.75;JUL;7;TIPLAM - GSA - E;41;PANAMAX;GSA - E;3630;D2030_215_newpanamax
23.0;225.0;0.0;13.25;1.0;16;43;FRI;4;25;False;False;False;70000;62.19;1.48;0.75;JUL;7;TIPLAM - GSA - E;41;PANAMAX;GSA - E;3631;D2030_215_newpanamax
23.0;185.0;0.0;9.75;1.0;15;39;FRI;4;25;False;False;False;35000;29.94;10.73;0.75;JUL;7;TRANSPETRO;43;MRMEDIUMRANGE;GL;3632;D2030_215_newpanamax
23.0;225.0;0.0;13.25;1.0;16;46;FRI;4;25;False;False;False;70000;55.1;0.39;0.75;JUL;7;XXXIX;48;PANAMAX;GSA - E;3633;D2030_215_newpanamax
23.0;225.0;0.0;13.25;1.0;16;46;FRI;4;25;False;False;False;70000;55.1;5.3;0.75;JUL;7;XXXIX;48;PANAMAX;GSA - E;3634;D2030_215_newpanamax
17.0;82.3;4.5;4.4;1.0;1;30;0;4;25;False;False;False;0;37.17;0.17;0.75;0;7;TUP - Saipem;8;HANDYSIZE;CGNC;3635;D2030_215_newpanamax
33.0;177.9;8.1;8.2;1.0;9;50;0;4;25;False;False;False;0;52.08;0.17;0.75;0;7;TUP - Saipem;8;HANDYSIZE;CGNC;3636;D2030_215_newpanamax
23.0;265.0;12.25;12.25;3.0;18;49;SAT;5;26;False;False;False;3000;15.61;0.98;0.75;JUL;7;TECON10;3;PANAMAX;CGC;3637;D2030_215_newpanamax
23.0;155.0;9.75;0.0;2.0;17;49;SAT;5;26;False;False;False;18000;45.88;0.69;0.75;JUL;7;AGEO_TERMINAIS;11;GPGENERALPURPOSE;GL;3638;D2030_215_newpanamax
23.0;215.0;9.75;9.75;3.0;14;42;SAT;5;26;False;False;False;1000;13.85;4.31;0.75;JUL;7;BTP;13;FULLYCELLULAR;CGC;3639;D2030_215_newpanamax
23.0;295.0;13.75;13.75;3.0;16;46;SAT;5;26;False;False;False;4000;20.66;0.7;0.75;JUL;7;BTP;13;POST-PANAMAXI;CGC;3640;D2030_215_newpanamax
23.0;295.0;13.75;13.75;3.0;16;46;SAT;5;26;False;False;False;4000;20.66;1.73;0.75;JUL;7;BTP;13;POST-PANAMAXI;CGC;3641;D2030_215_newpanamax
43.0;339.0;14.0;14.0;3.0;14;42;SAT;5;26;False;False;False;6000;23.63;3.1;0.75;JUL;7;BTP;13;POST-PANAMAXII;CGC;3642;D2030_215_newpanamax
23.0;225.0;0.0;14.25;1.0;16;47;SAT;5;26;False;False;False;70000;68.98;2.01;0.75;JUL;7;COFCO;16;PANAMAX;GSA - E;3643;D2030_215_newpanamax
23.0;195.0;0.0;13.25;1.0;17;57;SAT;5;26;False;False;False;45000;39.48;1.89;0.75;JUL;7;COPESUCAR;17;HANDYMAX;GSA - E;3644;D2030_215_newpanamax
23.0;195.0;0.0;13.25;1.0;17;56;SAT;5;26;False;False;False;45000;39.48;1.35;0.75;JUL;7;COPESUCAR;17;HANDYMAX;GSA - E;3645;D2030_215_newpanamax
23.0;225.0;0.0;13.75;1.0;17;56;SAT;5;26;False;False;False;70000;58.85;1.6;0.75;JUL;7;COPESUCAR;17;PANAMAX;GSA - E;3646;D2030_215_newpanamax
23.0;285.0;12.25;12.25;3.0;19;51;SAT;5;26;False;False;False;3000;17.86;1.2;0.75;JUL;7;DPW - CGC;21;PANAMAX;CGC;3647;D2030_215_newpanamax
23.0;305.0;13.75;13.75;3.0;19;51;SAT;5;26;False;False;False;4000;21.93;1.71;0.75;JUL;7;DPW - CGC;21;POST-PANAMAXI;CGC;3648;D2030_215_newpanamax
23.0;195.0;0.0;13.25;1.0;16;48;SAT;5;26;False;False;False;45000;37.2;4.05;0.75;JUL;7;ELEVACOES;24;HANDYMAX;GSA - E;3649;D2030_215_newpanamax
23.0;225.0;0.0;14.2;1.0;16;48;SAT;5;26;False;False;False;70000;53.25;3.01;0.75;JUL;7;ELEVACOES;24;PANAMAX;GSA - E;3650;D2030_215_newpanamax
32.2;205.0;0.0;12.2;1.0;16;48;SAT;5;26;False;False;False;55000;39.16;4.65;0.75;JUL;7;ELEVACOES;24;SUPRAMAX;GSA - E;3651;D2030_215_newpanamax
23.0;205.0;0.0;10.25;1.0;13;49;SAT;5;26;False;False;False;35000;137.91;0.28;0.75;JUL;7;NST - GL;30;MRMEDIUMRANGE;GL;3652;D2030_215_newpanamax
23.0;215.0;10.75;10.75;3.0;17;47;SAT;5;26;False;False;False;1000;16.8;0.78;0.75;JUL;7;SANTOSBR;31;FULLYCELLULAR;CGC;3653;D2030_215_newpanamax
23.0;265.0;12.75;12.75;3.0;19;52;SAT;5;26;False;False;False;3000;15.61;2.71;0.75;JUL;7;SANTOSBR;31;PANAMAX;CGC;3654;D2030_215_newpanamax
23.0;295.0;13.25;13.25;3.0;17;47;SAT;5;26;False;False;False;4000;21.3;2.73;0.75;JUL;7;SANTOSBR;31;POST-PANAMAXI;CGC;3655;D2030_215_newpanamax
23.0;225.0;0.0;13.25;1.0;16;48;SAT;5;26;False;False;False;70000;88.35;0.39;0.75;JUL;7;TEAG;33;PANAMAX;GSA - E;3656;D2030_215_newpanamax
23.0;185.0;12.75;0.0;2.0;17;49;SAT;5;26;False;False;False;45000;89.37;2.41;0.75;JUL;7;TERMAG;35;HANDYMAX;GSM - I;3657;D2030_215_newpanamax
23.0;225.0;0.0;13.25;1.0;14;40;SAT;5;26;False;False;False;70000;111.09;2.21;0.75;JUL;7;TES;36;PANAMAX;GSA - E;3658;D2030_215_newpanamax
23.0;195.0;9.25;9.25;3.0;17;52;SAT;5;26;False;False;True;1500;20.97;0.87;0.75;JUL;7;TEV;37;CARGARO-RO;RORO;3659;D2030_215_newpanamax
23.0;225.0;0.0;13.75;1.0;15;47;SAT;5;26;False;False;False;70000;39.92;4.37;0.75;JUL;7;TGG;38;PANAMAX;GSA - E;3660;D2030_215_newpanamax
23.0;225.0;0.0;13.25;1.0;18;52;SAT;5;26;False;False;False;70000;62.19;3.42;0.75;JUL;7;TIPLAM - GSA - E;41;PANAMAX;GSA - E;3661;D2030_215_newpanamax
23.0;225.0;0.0;13.25;1.0;18;53;SAT;5;26;False;False;False;70000;62.19;2.2;0.75;JUL;7;TIPLAM - GSA - E;41;PANAMAX;GSA - E;3662;D2030_215_newpanamax
23.0;225.0;13.25;0.0;2.0;17;49;SAT;5;26;False;False;False;70000;104.45;5.07;0.75;JUL;7;TIPLAM - GSM - I;42;PANAMAX;GSM - I;3663;D2030_215_newpanamax
23.0;165.0;9.75;0.0;2.0;19;54;SAT;5;26;False;False;False;18000;41.58;0.0;0.75;JUL;7;VOPAK;47;GPGENERALPURPOSE;GL;3664;D2030_215_newpanamax
23.0;165.0;9.75;0.0;2.0;19;27;SAT;5;26;False;False;False;18000;41.58;0.0;0.75;JUL;7;VOPAK;47;GPGENERALPURPOSE;GL;3665;D2030_215_newpanamax
23.0;225.0;0.0;13.25;1.0;17;53;SAT;5;26;False;False;False;70000;55.1;1.64;0.75;JUL;7;XXXIX;48;PANAMAX;GSA - E;3666;D2030_215_newpanamax
36.0;225.0;0.0;13.0;1.0;19;58;SUN;6;27;False;False;False;55000;99.0;0.13;0.75;JUL;7;ARAUCO;1;NAVIOCARGAGERAL;CGNC;3667;D2030_215_newpanamax
23.0;185.0;12.25;0.0;2.0;21;34;SUN;6;27;False;False;False;35000;57.11;9.35;0.75;JUL;7;STS;2;MRMEDIUMRANGE;GL;3668;D2030_215_newpanamax
23.0;225.0;0.0;14.25;1.0;23;47;SUN;6;27;False;False;False;70000;51.12;3.14;0.75;JUL;7;RUMO - GSA - E;4;PANAMAX;GSA - E;3669;D2030_215_newpanamax
36.0;225.0;0.0;13.0;1.0;21;54;SUN;6;27;False;False;False;55000;99.66;4.22;0.75;JUL;7;BRACELL;12;NAVIOCARGAGERAL;CGNC;3670;D2030_215_newpanamax
23.0;195.0;11.75;11.75;3.0;23;35;SUN;6;27;False;False;False;1000;13.85;2.01;0.75;JUL;7;BTP;13;FULLYCELLULAR;CGC;3671;D2030_215_newpanamax
23.0;295.0;14.5;14.5;3.0;23;33;SUN;6;27;False;False;False;4000;20.66;3.62;0.75;JUL;7;BTP;13;POST-PANAMAXI;CGC;3672;D2030_215_newpanamax
43.0;339.0;14.0;14.0;3.0;22;28;SUN;6;27;False;False;False;6000;23.63;1.83;0.75;JUL;7;BTP;13;POST-PANAMAXII;CGC;3673;D2030_215_newpanamax
23.0;175.0;10.75;0.0;2.0;20;27;SUN;6;27;False;False;False;35000;135.86;6.99;0.75;JUL;7;BUNGE;14;HANDYSIZE;GSA - I;3674;D2030_215_newpanamax
23.0;225.0;0.0;14.25;1.0;20;56;SUN;6;27;False;False;False;70000;68.98;20.76;0.75;JUL;7;COFCO;16;PANAMAX;GSA - E;3675;D2030_215_newpanamax
23.0;255.0;13.75;13.75;3.0;23;38;SUN;6;27;False;False;False;3000;17.86;2.28;0.75;JUL;7;DPW - CGC;21;PANAMAX;CGC;3676;D2030_215_newpanamax
23.0;285.0;13.25;13.25;3.0;22;59;SUN;6;27;False;False;False;3000;17.86;2.55;0.75;JUL;7;DPW - CGC;21;PANAMAX;CGC;3677;D2030_215_newpanamax
23.0;225.0;0.0;14.2;1.0;20;56;SUN;6;27;False;False;False;70000;53.25;1.4;0.75;JUL;7;ELEVACOES;24;PANAMAX;GSA - E;3678;D2030_215_newpanamax
23.0;225.0;0.0;14.2;1.0;23;26;SUN;6;27;False;False;False;70000;53.25;2.72;0.75;JUL;7;ELEVACOES;24;PANAMAX;GSA - E;3679;D2030_215_newpanamax
23.0;205.0;11.75;11.75;3.0;22;58;SUN;6;27;False;False;False;1000;16.8;4.15;0.75;JUL;7;SANTOSBR;31;FULLYCELLULAR;CGC;3680;D2030_215_newpanamax
23.0;275.0;13.25;13.25;3.0;22;59;SUN;6;27;False;False;False;3000;15.61;1.48;0.75;JUL;7;SANTOSBR;31;PANAMAX;CGC;3681;D2030_215_newpanamax
23.0;275.0;13.25;13.25;3.0;22;30;SUN;6;27;False;False;False;3000;15.61;2.22;0.75;JUL;7;SANTOSBR;31;PANAMAX;CGC;3682;D2030_215_newpanamax
23.0;295.0;13.75;13.75;3.0;22;59;SUN;6;27;False;False;False;4000;21.3;1.75;0.75;JUL;7;SANTOSBR;31;POST-PANAMAXI;CGC;3683;D2030_215_newpanamax
43.0;339.0;14.0;14.0;3.0;22;59;SUN;6;27;False;False;False;6000;25.92;2.22;0.75;JUL;7;SANTOSBR;31;POST-PANAMAXII;CGC;3684;D2030_215_newpanamax
23.0;225.0;0.0;13.25;1.0;18;55;SUN;6;27;False;False;False;70000;88.35;0.57;0.75;JUL;7;TEAG;33;PANAMAX;GSA - E;3685;D2030_215_newpanamax
23.0;225.0;0.0;13.25;1.0;21;58;SUN;6;27;False;False;False;70000;78.07;0.76;0.75;JUL;7;TEG;34;PANAMAX;GSA - E;3686;D2030_215_newpanamax
23.0;195.0;10.25;10.25;3.0;22;37;SUN;6;27;False;False;True;1500;20.97;1.61;0.75;JUL;7;TEV;37;CARGARO-RO;RORO;3687;D2030_215_newpanamax
23.0;225.0;0.0;14.25;1.0;23;37;SUN;6;27;False;False;False;70000;39.92;1.48;0.75;JUL;7;TGG;38;PANAMAX;GSA - E;3688;D2030_215_newpanamax
23.0;245.0;0.0;11.75;1.0;23;37;SUN;6;27;False;False;False;85000;97.87;1.46;0.75;JUL;7;TGG;38;POST-PANAMAX;GSA - E;3689;D2030_215_newpanamax
23.0;225.0;0.0;14.1;1.0;23;25;SUN;6;27;False;False;False;70000;62.19;5.64;0.75;JUL;7;TIPLAM - GSA - E;41;PANAMAX;GSA - E;3690;D2030_215_newpanamax
23.0;195.0;11.25;0.0;2.0;19;55;SUN;6;27;False;False;False;45000;85.0;1.61;0.75;JUL;7;TIPLAM - GSM - I;42;HANDYMAX;GSM - I;3691;D2030_215_newpanamax
23.0;225.0;0.0;13.75;1.0;20;58;SUN;6;27;False;False;False;70000;55.1;0.02;0.75;JUL;7;XXXIX;48;PANAMAX;GSA - E;3692;D2030_215_newpanamax
20.0;92.95;5.5;6.0;1.0;10;50;0;6;27;False;False;False;0;52.67;0.17;0.75;0;7;TUP - Saipem;8;HANDYSIZE;CGNC;3693;D2030_215_newpanamax
23.0;225.0;0.0;12.75;1.0;5;8;MON;0;28;False;False;False;70000;51.12;3.69;0.75;JUL;7;RUMO - GSA - E;4;PANAMAX;GSA - E;3694;D2030_215_newpanamax
23.0;255.0;10.25;10.25;3.0;1;3;MON;0;28;False;False;False;3000;14.7;2.19;0.75;JUL;7;BTP;13;PANAMAX;CGC;3695;D2030_215_newpanamax
23.0;295.0;10.25;10.25;3.0;1;4;MON;0;28;False;False;False;4000;20.66;1.97;0.75;JUL;7;BTP;13;POST-PANAMAXI;CGC;3696;D2030_215_newpanamax
23.0;305.0;9.25;9.25;3.0;0;0;MON;0;28;False;False;False;4000;20.66;4.86;0.75;JUL;7;BTP;13;POST-PANAMAXI;CGC;3697;D2030_215_newpanamax
23.0;185.0;8.75;0.0;2.0;0;9;MON;0;28;False;False;False;45000;131.03;2.82;0.75;JUL;7;BUNGE;14;HANDYMAX;GSA - I;3698;D2030_215_newpanamax
23.0;225.0;0.0;7.75;1.0;0;0;MON;0;28;False;False;False;70000;68.98;4.79;0.75;JUL;7;COFCO;16;PANAMAX;GSA - E;3699;D2030_215_newpanamax
23.0;225.0;0.0;7.75;1.0;0;0;MON;0;28;False;False;False;70000;68.98;23.0;0.75;JUL;7;COFCO;16;PANAMAX;GSA - E;3700;D2030_215_newpanamax
23.0;185.0;0.0;10.25;1.0;3;6;MON;0;28;False;False;False;45000;39.48;2.57;0.75;JUL;7;COPESUCAR;17;HANDYMAX;GSA - E;3701;D2030_215_newpanamax
23.0;225.0;0.0;13.25;1.0;5;10;MON;0;28;False;False;False;70000;58.85;1.57;0.75;JUL;7;COPESUCAR;17;PANAMAX;GSA - E;3702;D2030_215_newpanamax
23.0;165.0;7.75;0.0;2.0;8;13;MON;0;28;False;False;False;18000;12.03;5.25;0.75;JUL;7;DOW;20;GPGENERALPURPOSE;GL;3703;D2030_215_newpanamax
23.0;185.0;8.25;8.25;3.0;3;7;MON;0;28;False;False;False;1000;13.38;1.22;0.75;JUL;7;DPW - CGC;21;FULLYCELLULAR;CGC;3704;D2030_215_newpanamax
23.0;255.0;9.75;9.75;3.0;3;7;MON;0;28;False;False;False;3000;17.86;2.72;0.75;JUL;7;DPW - CGC;21;PANAMAX;CGC;3705;D2030_215_newpanamax
23.0;255.0;9.75;9.75;3.0;2;5;MON;0;28;False;False;False;3000;17.86;2.06;0.75;JUL;7;DPW - CGC;21;PANAMAX;CGC;3706;D2030_215_newpanamax
43.0;339.0;14.0;14.0;3.0;2;5;MON;0;28;False;False;False;6000;27.82;3.64;0.75;JUL;7;DPW - CGC;21;POST-PANAMAXII;CGC;3707;D2030_215_newpanamax
36.0;225.0;0.0;11.7;1.0;2;7;MON;0;28;False;False;False;55000;36.9;4.33;0.75;JUL;7;ELDORADO;23;NAVIOCARGAGERAL;CGNC;3708;D2030_215_newpanamax
23.0;175.0;0.0;9.75;1.0;2;6;MON;0;28;False;False;False;35000;27.04;2.04;0.75;JUL;7;ELEVACOES;24;HANDYSIZE;GSA - E;3709;D2030_215_newpanamax
23.0;225.0;0.0;13.25;1.0;2;5;MON;0;28;False;False;False;70000;53.25;3.76;0.75;JUL;7;ELEVACOES;24;PANAMAX;GSA - E;3710;D2030_215_newpanamax
23.0;225.0;0.0;13.25;1.0;4;9;MON;0;28;False;False;False;70000;53.25;1.64;0.75;JUL;7;ELEVACOES;24;PANAMAX;GSA - E;3711;D2030_215_newpanamax
32.2;205.0;0.0;12.2;1.0;5;10;MON;0;28;False;False;False;55000;39.16;1.88;0.75;JUL;7;ELEVACOES;24;SUPRAMAX;GSA - E;3712;D2030_215_newpanamax
23.0;155.0;0.0;7.25;1.0;2;4;MON;0;28;False;False;False;18000;30.25;10.31;0.75;JUL;7;GRANEL;26;GPGENERALPURPOSE;GL;3713;D2030_215_newpanamax
23.0;185.0;6.75;0.0;2.0;0;0;MON;0;28;False;False;False;45000;75.33;0.82;0.75;JUL;7;HIDROVIAS;27;HANDYMAX;GSM - I;3714;D2030_215_newpanamax
36.0;225.0;0.0;11.7;1.0;10;12;MON;0;28;False;False;False;55000;200.0;22.08;0.75;JUL;7;NST - CGNC;29;NAVIOCARGAGERAL;CGNC;3715;D2030_215_newpanamax
23.0;175.0;0.0;9.25;1.0;6;22;MON;0;28;False;False;False;35000;137.91;0.07;0.75;JUL;7;NST - GL;30;MRMEDIUMRANGE;GL;3716;D2030_215_newpanamax
23.0;295.0;9.25;9.25;3.0;0;1;MON;0;28;False;False;False;4000;21.3;0.71;0.75;JUL;7;SANTOSBR;31;POST-PANAMAXI;CGC;3717;D2030_215_newpanamax
23.0;225.0;0.0;8.25;1.0;0;1;MON;0;28;False;False;False;70000;88.35;0.11;0.75;JUL;7;TEAG;33;PANAMAX;GSA - E;3718;D2030_215_newpanamax
23.0;225.0;9.75;0.0;2.0;0;0;MON;0;28;False;False;False;70000;111.09;3.08;0.75;JUL;7;TERMAG;35;PANAMAX;GSM - I;3719;D2030_215_newpanamax
23.0;195.0;7.75;7.75;3.0;1;3;MON;0;28;False;False;True;1500;20.97;1.42;0.75;JUL;7;TEV;37;CARGARO-RO;RORO;3720;D2030_215_newpanamax
23.0;225.0;0.0;7.75;1.0;0;0;MON;0;28;False;False;False;70000;62.19;12.38;0.75;JUL;7;TIPLAM - GSA - E;41;PANAMAX;GSA - E;3721;D2030_215_newpanamax
23.0;225.0;0.0;7.75;1.0;0;2;MON;0;28;False;False;False;70000;62.19;7.82;0.75;JUL;7;TIPLAM - GSA - E;41;PANAMAX;GSA - E;3722;D2030_215_newpanamax
23.0;225.0;0.0;8.25;1.0;1;3;MON;0;28;False;False;False;60000;81.86;4.9;0.75;JUL;7;ULTRACARGO;45;LR1LONGRANGE1;GL;3723;D2030_215_newpanamax
23.0;225.0;0.0;11.25;1.0;0;3;MON;0;28;False;False;False;70000;55.1;0.07;0.75;JUL;7;XXXIX;48;PANAMAX;GSA - E;3724;D2030_215_newpanamax
23.0;225.0;0.0;10.25;1.0;0;1;MON;0;28;False;False;False;70000;55.1;3.11;0.75;JUL;7;XXXIX;48;PANAMAX;GSA - E;3725;D2030_215_newpanamax
23.0;225.0;0.0;12.75;1.0;8;15;TUE;1;29;False;False;False;70000;51.12;2.32;0.75;JUL;7;ADM;9;PANAMAX;GSA - E;3726;D2030_215_newpanamax
23.0;175.0;0.0;8.75;1.0;4;10;TUE;1;29;False;False;False;35000;64.43;0.98;0.75;JUL;7;AGEO_TERMINAIS;11;MRMEDIUMRANGE;GL;3727;D2030_215_newpanamax
23.0;245.0;10.75;10.75;3.0;2;7;TUE;1;29;False;False;False;3000;14.7;1.41;0.75;JUL;7;BTP;13;PANAMAX;CGC;3728;D2030_215_newpanamax
23.0;305.0;11.25;11.25;3.0;4;11;TUE;1;29;False;False;False;4000;20.66;2.13;0.75;JUL;7;BTP;13;POST-PANAMAXI;CGC;3729;D2030_215_newpanamax
23.0;165.0;10.25;0.0;2.0;0;15;TUE;1;29;False;False;False;35000;135.86;9.1;0.75;JUL;7;BUNGE;14;HANDYSIZE;GSA - I;3730;D2030_215_newpanamax
23.0;225.0;0.0;13.25;1.0;7;16;TUE;1;29;False;False;False;70000;68.98;3.4;0.75;JUL;7;COFCO;16;PANAMAX;GSA - E;3731;D2030_215_newpanamax
23.0;185.0;0.0;11.75;1.0;7;23;TUE;1;29;False;False;False;45000;39.48;1.44;0.75;JUL;7;COPESUCAR;17;HANDYMAX;GSA - E;3732;D2030_215_newpanamax
23.0;185.0;0.0;11.75;1.0;7;24;TUE;1;29;False;False;False;45000;39.48;1.83;0.75;JUL;7;COPESUCAR;17;HANDYMAX;GSA - E;3733;D2030_215_newpanamax
23.0;225.0;0.0;13.75;1.0;7;25;TUE;1;29;False;False;False;70000;58.85;2.7;0.75;JUL;7;COPESUCAR;17;PANAMAX;GSA - E;3734;D2030_215_newpanamax
23.0;275.0;9.75;9.75;3.0;4;11;TUE;1;29;False;False;False;3000;17.86;1.61;0.75;JUL;7;DPW - CGC;21;PANAMAX;CGC;3735;D2030_215_newpanamax
23.0;295.0;10.75;10.75;3.0;4;11;TUE;1;29;False;False;False;4000;21.93;0.95;0.75;JUL;7;DPW - CGC;21;POST-PANAMAXI;CGC;3736;D2030_215_newpanamax
36.0;225.0;0.0;11.7;1.0;6;17;TUE;1;29;False;False;False;55000;36.9;0.06;0.75;JUL;7;ELDORADO;23;NAVIOCARGAGERAL;CGNC;3737;D2030_215_newpanamax
23.0;225.0;0.0;13.75;1.0;8;17;TUE;1;29;False;False;False;70000;53.25;4.81;0.75;JUL;7;ELEVACOES;24;PANAMAX;GSA - E;3738;D2030_215_newpanamax
32.2;205.0;0.0;12.2;1.0;7;16;TUE;1;29;False;False;False;55000;39.16;1.29;0.75;JUL;7;ELEVACOES;24;SUPRAMAX;GSA - E;3739;D2030_215_newpanamax
23.0;185.0;9.25;9.25;3.0;5;13;TUE;1;29;False;False;False;1000;16.8;1.48;0.75;JUL;7;SANTOSBR;31;FULLYCELLULAR;CGC;3740;D2030_215_newpanamax
23.0;295.0;10.75;10.75;3.0;4;9;TUE;1;29;False;False;False;4000;21.3;4.08;0.75;JUL;7;SANTOSBR;31;POST-PANAMAXI;CGC;3741;D2030_215_newpanamax
23.0;185.0;0.0;8.75;1.0;5;14;TUE;1;29;False;False;False;35000;59.07;4.66;0.75;JUL;7;STOLTHAVEN;32;MRMEDIUMRANGE;GL;3742;D2030_215_newpanamax
23.0;225.0;0.0;12.75;1.0;5;8;TUE;1;29;False;False;False;70000;111.09;4.73;0.75;JUL;7;TES;36;PANAMAX;GSA - E;3743;D2030_215_newpanamax
23.0;225.0;0.0;12.25;1.0;3;12;TUE;1;29;False;False;False;70000;62.19;2.38;0.75;JUL;7;TIPLAM - GSA - E;41;PANAMAX;GSA - E;3744;D2030_215_newpanamax
23.0;225.0;0.0;12.75;1.0;4;14;TUE;1;29;False;False;False;70000;62.19;6.17;0.75;JUL;7;TIPLAM - GSA - E;41;PANAMAX;GSA - E;3745;D2030_215_newpanamax
23.0;185.0;0.0;8.75;1.0;4;9;TUE;1;29;False;False;False;35000;29.94;8.37;0.75;JUL;7;TRANSPETRO;43;MRMEDIUMRANGE;GL;3746;D2030_215_newpanamax
23.0;225.0;0.0;12.25;1.0;6;13;TUE;1;29;False;False;False;70000;55.1;0.68;0.75;JUL;7;XXXIX;48;PANAMAX;GSA - E;3747;D2030_215_newpanamax
23.0;245.0;10.75;10.75;3.0;7;21;WED;2;30;False;False;False;3000;15.61;3.92;0.75;JUL;7;TECON10;3;PANAMAX;CGC;3748;D2030_215_newpanamax
23.0;155.0;0.0;8.25;1.0;9;22;WED;2;30;False;False;False;18000;45.88;0.34;0.75;JUL;7;AGEO_TERMINAIS;11;GPGENERALPURPOSE;GL;3749;D2030_215_newpanamax
36.0;225.0;0.0;13.0;1.0;9;22;WED;2;30;False;False;False;55000;99.66;0.91;0.75;JUL;7;BRACELL;12;NAVIOCARGAGERAL;CGNC;3750;D2030_215_newpanamax
23.0;225.0;0.0;13.25;1.0;9;22;WED;2;30;False;False;False;70000;68.98;1.43;0.75;JUL;7;COFCO;16;PANAMAX;GSA - E;3751;D2030_215_newpanamax
23.0;225.0;0.0;13.25;1.0;10;24;WED;2;30;False;False;False;70000;68.98;3.09;0.75;JUL;7;COFCO;16;PANAMAX;GSA - E;3752;D2030_215_newpanamax
23.0;225.0;0.0;13.25;1.0;10;25;WED;2;30;False;False;False;70000;68.98;9.14;0.75;JUL;7;COFCO;16;PANAMAX;GSA - E;3753;D2030_215_newpanamax
23.0;195.0;0.0;11.75;1.0;9;31;WED;2;30;False;False;False;45000;39.48;2.57;0.75;JUL;7;COPESUCAR;17;HANDYMAX;GSA - E;3754;D2030_215_newpanamax
23.0;225.0;0.0;13.25;1.0;9;29;WED;2;30;False;False;False;70000;54.03;1.68;0.75;JUL;7;CUTRALE - GSA - E;19;PANAMAX;GSA - E;3755;D2030_215_newpanamax
23.0;215.0;9.75;9.75;3.0;10;28;WED;2;30;False;False;False;1000;13.38;1.18;0.75;JUL;7;DPW - CGC;21;FULLYCELLULAR;CGC;3756;D2030_215_newpanamax
23.0;255.0;10.75;10.75;3.0;9;25;WED;2;30;False;False;False;3000;17.86;1.67;0.75;JUL;7;DPW - CGC;21;PANAMAX;CGC;3757;D2030_215_newpanamax
43.0;339.0;14.0;14.0;3.0;9;25;WED;2;30;False;False;False;6000;27.82;1.69;0.75;JUL;7;DPW - CGC;21;POST-PANAMAXII;CGC;3758;D2030_215_newpanamax
23.0;175.0;0.0;9.75;1.0;9;23;WED;2;30;False;False;False;35000;27.04;2.23;0.75;JUL;7;ELEVACOES;24;HANDYSIZE;GSA - E;3759;D2030_215_newpanamax
23.0;185.0;10.75;0.0;2.0;5;21;WED;2;30;False;False;False;45000;75.33;0.89;0.75;JUL;7;HIDROVIAS;27;HANDYMAX;GSM - I;3760;D2030_215_newpanamax
23.0;185.0;9.75;9.75;3.0;10;26;WED;2;30;False;False;False;1000;16.8;6.14;0.75;JUL;7;SANTOSBR;31;FULLYCELLULAR;CGC;3761;D2030_215_newpanamax
23.0;265.0;10.75;10.75;3.0;9;24;WED;2;30;False;False;False;3000;15.61;2.1;0.75;JUL;7;SANTOSBR;31;PANAMAX;CGC;3762;D2030_215_newpanamax
23.0;295.0;12.25;12.25;3.0;9;24;WED;2;30;False;False;False;4000;21.3;2.59;0.75;JUL;7;SANTOSBR;31;POST-PANAMAXI;CGC;3763;D2030_215_newpanamax
23.0;225.0;0.0;13.25;1.0;7;15;WED;2;30;False;False;False;70000;78.07;2.55;0.75;JUL;7;TEG;34;PANAMAX;GSA - E;3764;D2030_215_newpanamax
23.0;225.0;0.0;12.75;1.0;10;25;WED;2;30;False;False;False;70000;111.09;1.43;0.75;JUL;7;TES;36;PANAMAX;GSA - E;3765;D2030_215_newpanamax
23.0;195.0;8.75;8.75;3.0;8;25;WED;2;30;False;False;True;1500;20.97;0.88;0.75;JUL;7;TEV;37;CARGARO-RO;RORO;3766;D2030_215_newpanamax
23.0;225.0;0.0;13.25;1.0;8;22;WED;2;30;False;False;False;70000;62.19;4.43;0.75;JUL;7;TIPLAM - GSA - E;41;PANAMAX;GSA - E;3767;D2030_215_newpanamax
23.0;225.0;0.0;12.75;1.0;5;16;WED;2;30;False;False;False;70000;62.19;4.85;0.75;JUL;7;TIPLAM - GSA - E;41;PANAMAX;GSA - E;3768;D2030_215_newpanamax
23.0;225.0;8.75;0.0;2.0;8;22;WED;2;30;False;False;False;70000;104.45;5.28;0.75;JUL;7;TIPLAM - GSM - I;42;PANAMAX;GSM - I;3769;D2030_215_newpanamax
23.0;185.0;9.75;0.0;2.0;10;27;WED;2;30;False;False;False;35000;62.88;0.0;0.75;JUL;7;VOPAK;47;MRMEDIUMRANGE;GL;3770;D2030_215_newpanamax
23.0;215.0;0.0;12.75;1.0;10;25;WED;2;30;False;False;False;70000;55.1;0.45;0.75;JUL;7;XXXIX;48;PANAMAX;GSA - E;3771;D2030_215_newpanamax
18.0;85.34;4.6;6.0;1.0;19;10;0;2;30;False;False;False;0;26.33;0.17;0.75;0;7;TUP - Saipem;8;HANDYSIZE;CGNC;3772;D2030_215_newpanamax
23.0;155.0;8.75;0.0;2.0;13;33;THU;3;31;False;False;False;18000;42.57;8.5;0.75;JUL;7;STS;2;GPGENERALPURPOSE;GL;3773;D2030_215_newpanamax
23.0;225.0;0.0;13.25;1.0;13;30;THU;3;31;False;False;False;70000;51.12;5.31;0.75;JUL;7;RUMO - GSA - E;4;PANAMAX;GSA - E;3774;D2030_215_newpanamax
23.0;165.0;8.25;0.0;2.0;10;26;THU;3;31;False;False;False;18000;45.88;0.35;0.75;JUL;7;AGEO_TERMINAIS;11;GPGENERALPURPOSE;GL;3775;D2030_215_newpanamax
23.0;295.0;12.75;12.75;3.0;9;27;THU;3;31;False;False;False;4000;20.66;1.92;0.75;JUL;7;BTP;13;POST-PANAMAXI;CGC;3776;D2030_215_newpanamax
23.0;175.0;10.25;0.0;2.0;8;34;THU;3;31;False;False;False;35000;135.86;7.01;0.75;JUL;7;BUNGE;14;HANDYSIZE;GSA - I;3777;D2030_215_newpanamax
23.0;225.0;0.0;13.75;1.0;12;30;THU;3;31;False;False;False;70000;68.98;4.2;0.75;JUL;7;COFCO;16;PANAMAX;GSA - E;3778;D2030_215_newpanamax
23.0;225.0;0.0;13.75;1.0;12;32;THU;3;31;False;False;False;70000;68.98;13.63;0.75;JUL;7;COFCO;16;PANAMAX;GSA - E;3779;D2030_215_newpanamax
23.0;195.0;0.0;12.25;1.0;11;35;THU;3;31;False;False;False;45000;39.48;2.9;0.75;JUL;7;COPESUCAR;17;HANDYMAX;GSA - E;3780;D2030_215_newpanamax
23.0;305.0;12.25;12.25;3.0;11;31;THU;3;31;False;False;False;4000;21.93;3.46;0.75;JUL;7;DPW - CGC;21;POST-PANAMAXI;CGC;3781;D2030_215_newpanamax
23.0;225.0;0.0;13.75;1.0;12;35;THU;3;31;False;False;False;70000;53.25;1.37;0.75;JUL;7;ELEVACOES;24;PANAMAX;GSA - E;3782;D2030_215_newpanamax
23.0;225.0;0.0;13.75;1.0;11;32;THU;3;31;False;False;False;70000;53.25;3.46;0.75;JUL;7;ELEVACOES;24;PANAMAX;GSA - E;3783;D2030_215_newpanamax
23.0;215.0;9.75;9.75;3.0;13;36;THU;3;31;False;False;False;1000;16.8;2.99;0.75;JUL;7;SANTOSBR;31;FULLYCELLULAR;CGC;3784;D2030_215_newpanamax
23.0;275.0;11.25;11.25;3.0;13;36;THU;3;31;False;False;False;3000;15.61;3.36;0.75;JUL;7;SANTOSBR;31;PANAMAX;CGC;3785;D2030_215_newpanamax
23.0;295.0;12.75;12.75;3.0;13;36;THU;3;31;False;False;False;4000;21.3;1.52;0.75;JUL;7;SANTOSBR;31;POST-PANAMAXI;CGC;3786;D2030_215_newpanamax
23.0;225.0;0.0;13.25;1.0;11;30;THU;3;31;False;False;False;70000;111.09;1.55;0.75;JUL;7;TES;36;PANAMAX;GSA - E;3787;D2030_215_newpanamax
23.0;225.0;0.0;13.25;1.0;11;33;THU;3;31;False;False;False;70000;39.92;1.45;0.75;JUL;7;TGG;38;PANAMAX;GSA - E;3788;D2030_215_newpanamax
23.0;225.0;0.0;13.25;1.0;12;33;THU;3;31;False;False;False;70000;62.19;12.34;0.75;JUL;7;TIPLAM - GSA - E;41;PANAMAX;GSA - E;3789;D2030_215_newpanamax
23.0;195.0;10.25;0.0;2.0;13;37;THU;3;31;False;False;False;45000;85.0;3.59;0.75;JUL;7;TIPLAM - GSM - I;42;HANDYMAX;GSM - I;3790;D2030_215_newpanamax
23.0;225.0;10.25;0.0;2.0;13;37;THU;3;31;False;False;False;70000;104.45;6.02;0.75;JUL;7;TIPLAM - GSM - I;42;PANAMAX;GSM - I;3791;D2030_215_newpanamax
23.0;185.0;0.0;9.75;1.0;14;36;THU;3;31;False;False;False;35000;29.94;2.67;0.75;JUL;7;TRANSPETRO;43;MRMEDIUMRANGE;GL;3792;D2030_215_newpanamax
23.0;175.0;0.0;8.75;1.0;14;33;THU;3;31;False;False;False;35000;90.66;14.49;0.75;JUL;7;USIMINAS;46;HANDYSIZE;CGNC;3793;D2030_215_newpanamax
23.0;185.0;9.75;0.0;2.0;13;35;THU;3;31;False;False;False;35000;62.88;0.0;0.75;JUL;7;VOPAK;47;MRMEDIUMRANGE;GL;3794;D2030_215_newpanamax
23.0;155.0;10.25;0.0;2.0;15;47;FRI;4;1;False;False;False;18000;32.32;6.11;0.75;AGO;8;ADONAI;10;GPGENERALPURPOSE;GL;3795;D2030_215_newpanamax
23.0;155.0;9.25;0.0;2.0;13;36;FRI;4;1;False;False;False;18000;45.88;0.63;0.75;AGO;8;AGEO_TERMINAIS;11;GPGENERALPURPOSE;GL;3796;D2030_215_newpanamax
23.0;295.0;13.25;13.25;3.0;12;35;FRI;4;1;False;False;False;4000;20.66;5.37;0.75;AGO;8;BTP;13;POST-PANAMAXI;CGC;3797;D2030_215_newpanamax
23.0;185.0;10.25;0.0;2.0;9;38;FRI;4;1;False;False;False;45000;131.03;10.77;0.75;AGO;8;BUNGE;14;HANDYMAX;GSA - I;3798;D2030_215_newpanamax
23.0;225.0;0.0;13.75;1.0;15;42;FRI;4;1;False;False;False;70000;68.98;5.0;0.75;AGO;8;COFCO;16;PANAMAX;GSA - E;3799;D2030_215_newpanamax
23.0;225.0;0.0;13.75;1.0;15;41;FRI;4;1;False;False;False;70000;68.98;21.13;0.75;AGO;8;COFCO;16;PANAMAX;GSA - E;3800;D2030_215_newpanamax
23.0;195.0;0.0;12.75;1.0;13;42;FRI;4;1;False;False;False;45000;39.48;2.74;0.75;AGO;8;COPESUCAR;17;HANDYMAX;GSA - E;3801;D2030_215_newpanamax
23.0;225.0;0.0;13.75;1.0;13;42;FRI;4;1;False;False;False;70000;58.85;1.63;0.75;AGO;8;COPESUCAR;17;PANAMAX;GSA - E;3802;D2030_215_newpanamax
23.0;265.0;11.75;11.75;3.0;16;45;FRI;4;1;False;False;False;3000;17.86;0.79;0.75;AGO;8;DPW - CGC;21;PANAMAX;CGC;3803;D2030_215_newpanamax
23.0;255.0;11.75;11.75;3.0;15;41;FRI;4;1;False;False;False;3000;17.86;1.28;0.75;AGO;8;DPW - CGC;21;PANAMAX;CGC;3804;D2030_215_newpanamax
36.0;225.0;0.0;11.7;1.0;14;38;FRI;4;1;False;False;False;55000;36.9;27.56;0.75;AGO;8;ELDORADO;23;NAVIOCARGAGERAL;CGNC;3805;D2030_215_newpanamax
23.0;225.0;0.0;14.2;1.0;15;44;FRI;4;1;False;False;False;70000;53.25;2.81;0.75;AGO;8;ELEVACOES;24;PANAMAX;GSA - E;3806;D2030_215_newpanamax
23.0;195.0;11.25;0.0;2.0;13;39;FRI;4;1;False;False;False;45000;75.33;1.75;0.75;AGO;8;HIDROVIAS;27;HANDYMAX;GSM - I;3807;D2030_215_newpanamax
23.0;185.0;10.75;10.75;3.0;16;44;FRI;4;1;False;False;False;1000;16.8;2.4;0.75;AGO;8;SANTOSBR;31;FULLYCELLULAR;CGC;3808;D2030_215_newpanamax
23.0;265.0;11.75;11.75;3.0;15;39;FRI;4;1;False;False;False;3000;15.61;1.0;0.75;AGO;8;SANTOSBR;31;PANAMAX;CGC;3809;D2030_215_newpanamax
43.0;339.0;14.0;14.0;3.0;16;44;FRI;4;1;False;False;False;6000;25.92;1.12;0.75;AGO;8;SANTOSBR;31;POST-PANAMAXII;CGC;3810;D2030_215_newpanamax
23.0;175.0;10.75;0.0;2.0;12;36;FRI;4;1;False;False;False;35000;59.07;5.77;0.75;AGO;8;STOLTHAVEN;32;MRMEDIUMRANGE;GL;3811;D2030_215_newpanamax
23.0;195.0;12.25;0.0;2.0;15;42;FRI;4;1;False;False;False;45000;89.37;5.47;0.75;AGO;8;TERMAG;35;HANDYMAX;GSM - I;3812;D2030_215_newpanamax
23.0;195.0;9.25;9.25;3.0;13;41;FRI;4;1;False;False;True;1500;20.97;0.9;0.75;AGO;8;TEV;37;CARGARO-RO;RORO;3813;D2030_215_newpanamax
23.0;245.0;0.0;11.75;1.0;14;45;FRI;4;1;False;False;False;85000;97.87;1.94;0.75;AGO;8;TGG;38;POST-PANAMAX;GSA - E;3814;D2030_215_newpanamax
23.0;225.0;0.0;13.25;1.0;13;36;FRI;4;1;False;False;False;70000;62.19;6.85;0.75;AGO;8;TIPLAM - GSA - E;41;PANAMAX;GSA - E;3815;D2030_215_newpanamax
23.0;245.0;0.0;11.25;1.0;15;39;FRI;4;1;False;False;False;60000;48.22;3.27;0.75;AGO;8;TRANSPETRO;43;LR1LONGRANGE1;GL;3816;D2030_215_newpanamax
23.0;185.0;0.0;9.75;1.0;16;42;FRI;4;1;False;False;False;35000;29.94;2.83;0.75;AGO;8;TRANSPETRO;43;MRMEDIUMRANGE;GL;3817;D2030_215_newpanamax
23.0;185.0;0.0;9.75;1.0;16;42;FRI;4;1;False;False;False;35000;29.94;0.68;0.75;AGO;8;TRANSPETRO;43;MRMEDIUMRANGE;GL;3818;D2030_215_newpanamax
23.0;185.0;10.75;0.0;2.0;17;48;FRI;4;1;False;False;False;35000;62.88;0.0;0.75;AGO;8;VOPAK;47;MRMEDIUMRANGE;GL;3819;D2030_215_newpanamax
23.0;225.0;0.0;13.25;1.0;16;45;FRI;4;1;False;False;False;70000;55.1;0.87;0.75;AGO;8;XXXIX;48;PANAMAX;GSA - E;3820;D2030_215_newpanamax
36.0;225.0;0.0;13.0;1.0;14;43;SAT;5;2;False;False;False;55000;99.0;1.34;0.75;AGO;8;ARAUCO;1;NAVIOCARGAGERAL;CGNC;3821;D2030_215_newpanamax
36.0;225.0;0.0;13.0;1.0;17;50;SAT;5;2;False;False;False;55000;99.66;8.54;0.75;AGO;8;BRACELL;12;NAVIOCARGAGERAL;CGNC;3822;D2030_215_newpanamax
23.0;295.0;14.25;14.25;3.0;19;53;SAT;5;2;False;False;False;4000;20.66;2.83;0.75;AGO;8;BTP;13;POST-PANAMAXI;CGC;3823;D2030_215_newpanamax
23.0;325.0;13.75;13.75;3.0;17;48;SAT;5;2;False;False;False;4000;20.66;4.37;0.75;AGO;8;BTP;13;POST-PANAMAXI;CGC;3824;D2030_215_newpanamax
23.0;225.0;0.0;14.25;1.0;19;53;SAT;5;2;False;False;False;70000;68.98;3.69;0.75;AGO;8;COFCO;16;PANAMAX;GSA - E;3825;D2030_215_newpanamax
23.0;225.0;0.0;14.25;1.0;18;52;SAT;5;2;False;False;False;70000;68.98;19.05;0.75;AGO;8;COFCO;16;PANAMAX;GSA - E;3826;D2030_215_newpanamax
23.0;195.0;0.0;13.25;1.0;18;57;SAT;5;2;False;False;False;45000;39.48;1.88;0.75;AGO;8;COPESUCAR;17;HANDYMAX;GSA - E;3827;D2030_215_newpanamax
23.0;215.0;10.75;10.75;3.0;17;48;SAT;5;2;False;False;False;1000;13.38;2.25;0.75;AGO;8;DPW - CGC;21;FULLYCELLULAR;CGC;3828;D2030_215_newpanamax
23.0;265.0;12.25;12.25;3.0;17;48;SAT;5;2;False;False;False;3000;17.86;1.52;0.75;AGO;8;DPW - CGC;21;PANAMAX;CGC;3829;D2030_215_newpanamax
23.0;305.0;13.75;13.75;3.0;17;48;SAT;5;2;False;False;False;4000;21.93;1.51;0.75;AGO;8;DPW - CGC;21;POST-PANAMAXI;CGC;3830;D2030_215_newpanamax
36.0;225.0;0.0;11.7;1.0;17;46;SAT;5;2;False;False;False;55000;36.9;3.28;0.75;AGO;8;ELDORADO;23;NAVIOCARGAGERAL;CGNC;3831;D2030_215_newpanamax
23.0;225.0;0.0;14.2;1.0;18;53;SAT;5;2;False;False;False;70000;53.25;1.69;0.75;AGO;8;ELEVACOES;24;PANAMAX;GSA - E;3832;D2030_215_newpanamax
23.0;185.0;12.25;0.0;2.0;20;54;SAT;5;2;False;False;False;45000;75.33;7.44;0.75;AGO;8;HIDROVIAS;27;HANDYMAX;GSM - I;3833;D2030_215_newpanamax
23.0;225.0;13.25;0.0;2.0;20;54;SAT;5;2;False;False;False;70000;49.28;5.71;0.75;AGO;8;HIDROVIAS;27;PANAMAX;GSM - I;3834;D2030_215_newpanamax
23.0;215.0;11.25;11.25;3.0;20;53;SAT;5;2;False;False;False;1000;16.8;3.17;0.75;AGO;8;SANTOSBR;31;FULLYCELLULAR;CGC;3835;D2030_215_newpanamax
23.0;295.0;13.75;13.75;3.0;20;53;SAT;5;2;False;False;False;4000;21.3;2.13;0.75;AGO;8;SANTOSBR;31;POST-PANAMAXI;CGC;3836;D2030_215_newpanamax
23.0;225.0;0.0;13.25;1.0;19;51;SAT;5;2;False;False;False;70000;78.07;2.13;0.75;AGO;8;TEG;34;PANAMAX;GSA - E;3837;D2030_215_newpanamax
23.0;225.0;0.0;13.25;1.0;14;40;SAT;5;2;False;False;False;70000;111.09;4.76;0.75;AGO;8;TES;36;PANAMAX;GSA - E;3838;D2030_215_newpanamax
23.0;195.0;9.25;9.25;3.0;15;46;SAT;5;2;False;False;True;1500;20.97;2.89;0.75;AGO;8;TEV;37;CARGARO-RO;RORO;3839;D2030_215_newpanamax
23.0;225.0;0.0;13.75;1.0;19;55;SAT;5;2;False;False;False;70000;62.19;5.62;0.75;AGO;8;TIPLAM - GSA - E;41;PANAMAX;GSA - E;3840;D2030_215_newpanamax
23.0;225.0;0.0;13.75;1.0;18;53;SAT;5;2;False;False;False;70000;62.19;3.83;0.75;AGO;8;TIPLAM - GSA - E;41;PANAMAX;GSA - E;3841;D2030_215_newpanamax
23.0;185.0;0.0;10.25;1.0;19;50;SAT;5;2;False;False;False;35000;29.94;1.35;0.75;AGO;8;TRANSPETRO;43;MRMEDIUMRANGE;GL;3842;D2030_215_newpanamax
23.0;225.0;0.0;13.25;1.0;18;53;SAT;5;2;False;False;False;70000;55.1;0.61;0.75;AGO;8;XXXIX;48;PANAMAX;GSA - E;3843;D2030_215_newpanamax
36.0;225.0;0.0;13.0;1.0;21;49;SUN;6;3;False;False;False;55000;99.0;7.09;0.75;AGO;8;ARAUCO;1;NAVIOCARGAGERAL;CGNC;3844;D2030_215_newpanamax
23.0;225.0;0.0;13.75;1.0;21;54;SUN;6;3;False;False;False;70000;51.12;4.54;0.75;AGO;8;ADM;9;PANAMAX;GSA - E;3845;D2030_215_newpanamax
23.0;185.0;12.2;0.0;2.0;23;51;SUN;6;3;False;False;False;35000;64.43;0.37;0.75;AGO;8;AGEO_TERMINAIS;11;MRMEDIUMRANGE;GL;3846;D2030_215_newpanamax
23.0;245.0;14.25;14.25;3.0;20;55;SUN;6;3;False;False;False;3000;14.7;1.96;0.75;AGO;8;BTP;13;PANAMAX;CGC;3847;D2030_215_newpanamax
23.0;295.0;14.25;14.25;3.0;20;55;SUN;6;3;False;False;False;4000;20.66;4.09;0.75;AGO;8;BTP;13;POST-PANAMAXI;CGC;3848;D2030_215_newpanamax
23.0;215.0;0.0;11.25;1.0;18;56;SUN;6;3;False;False;False;35000;77.19;0.2;0.75;AGO;8;CITROSUCO;15;MRMEDIUMRANGE;GL;3849;D2030_215_newpanamax
23.0;225.0;0.0;14.25;1.0;20;58;SUN;6;3;False;False;False;70000;68.98;4.21;0.75;AGO;8;COFCO;16;PANAMAX;GSA - E;3850;D2030_215_newpanamax
23.0;215.0;11.25;11.25;3.0;20;55;SUN;6;3;False;False;False;1000;13.38;1.73;0.75;AGO;8;DPW - CGC;21;FULLYCELLULAR;CGC;3851;D2030_215_newpanamax
23.0;275.0;12.75;12.75;3.0;20;55;SUN;6;3;False;False;False;3000;17.86;1.47;0.75;AGO;8;DPW - CGC;21;PANAMAX;CGC;3852;D2030_215_newpanamax
23.0;295.0;14.25;14.25;3.0;20;55;SUN;6;3;False;False;False;4000;21.93;1.89;0.75;AGO;8;DPW - CGC;21;POST-PANAMAXI;CGC;3853;D2030_215_newpanamax
23.0;225.0;0.0;14.2;1.0;23;36;SUN;6;3;False;False;False;70000;53.25;2.79;0.75;AGO;8;ELEVACOES;24;PANAMAX;GSA - E;3854;D2030_215_newpanamax
23.0;195.0;13.25;0.0;2.0;23;3;SUN;6;3;False;False;False;45000;75.33;1.9;0.75;AGO;8;HIDROVIAS;27;HANDYMAX;GSM - I;3855;D2030_215_newpanamax
23.0;225.0;14.25;0.0;2.0;23;3;SUN;6;3;False;False;False;70000;49.28;6.29;0.75;AGO;8;HIDROVIAS;27;PANAMAX;GSM - I;3856;D2030_215_newpanamax
23.0;215.0;11.25;11.25;3.0;21;56;SUN;6;3;False;False;False;1000;16.8;3.13;0.75;AGO;8;SANTOSBR;31;FULLYCELLULAR;CGC;3857;D2030_215_newpanamax
23.0;275.0;12.75;12.75;3.0;21;56;SUN;6;3;False;False;False;3000;15.61;2.3;0.75;AGO;8;SANTOSBR;31;PANAMAX;CGC;3858;D2030_215_newpanamax
23.0;295.0;13.75;13.75;3.0;21;56;SUN;6;3;False;False;False;4000;21.3;1.85;0.75;AGO;8;SANTOSBR;31;POST-PANAMAXI;CGC;3859;D2030_215_newpanamax
23.0;295.0;13.75;13.75;3.0;22;58;SUN;6;3;False;False;False;4000;21.3;3.36;0.75;AGO;8;SANTOSBR;31;POST-PANAMAXI;CGC;3860;D2030_215_newpanamax
23.0;225.0;0.0;13.75;1.0;21;47;SUN;6;3;False;False;False;70000;111.09;7.25;0.75;AGO;8;TES;36;PANAMAX;GSA - E;3861;D2030_215_newpanamax
23.0;235.0;0.0;13.75;1.0;22;40;SUN;6;3;False;False;False;70000;62.19;1.22;0.75;AGO;8;TIPLAM - GSA - E;41;PANAMAX;GSA - E;3862;D2030_215_newpanamax
23.0;185.0;11.25;0.0;2.0;21;56;SUN;6;3;False;False;False;35000;29.94;2.74;0.75;AGO;8;TRANSPETRO;43;MRMEDIUMRANGE;GL;3863;D2030_215_newpanamax
23.0;225.0;0.0;13.25;1.0;19;56;SUN;6;3;False;False;False;70000;55.1;8.9;0.75;AGO;8;XXXIX;48;PANAMAX;GSA - E;3864;D2030_215_newpanamax
36.0;225.0;0.0;13.0;1.0;1;2;MON;0;4;False;False;False;55000;99.0;6.16;0.75;AGO;8;ARAUCO;1;NAVIOCARGAGERAL;CGNC;3865;D2030_215_newpanamax
23.0;155.0;0.0;7.75;1.0;6;5;MON;0;4;False;False;False;18000;42.57;16.01;0.75;AGO;8;STS;2;GPGENERALPURPOSE;GL;3866;D2030_215_newpanamax
23.0;155.0;0.0;7.25;1.0;2;5;MON;0;4;False;False;False;18000;45.88;0.6;0.75;AGO;8;AGEO_TERMINAIS;11;GPGENERALPURPOSE;GL;3867;D2030_215_newpanamax
23.0;305.0;9.75;9.75;3.0;1;3;MON;0;4;False;False;False;4000;20.66;1.15;0.75;AGO;8;BTP;13;POST-PANAMAXI;CGC;3868;D2030_215_newpanamax
23.0;225.0;0.0;7.75;1.0;0;0;MON;0;4;False;False;False;70000;68.98;3.51;0.75;AGO;8;COFCO;16;PANAMAX;GSA - E;3869;D2030_215_newpanamax
23.0;225.0;0.0;8.75;1.0;0;3;MON;0;4;False;False;False;70000;68.98;7.94;0.75;AGO;8;COFCO;16;PANAMAX;GSA - E;3870;D2030_215_newpanamax
23.0;185.0;0.0;10.25;1.0;2;3;MON;0;4;False;False;False;45000;39.48;2.64;0.75;AGO;8;COPESUCAR;17;HANDYMAX;GSA - E;3871;D2030_215_newpanamax
23.0;225.0;0.0;12.75;1.0;3;5;MON;0;4;False;False;False;70000;58.85;1.86;0.75;AGO;8;COPESUCAR;17;PANAMAX;GSA - E;3872;D2030_215_newpanamax
23.0;205.0;0.0;11.75;1.0;5;10;MON;0;4;False;False;False;55000;21.4;2.41;0.75;AGO;8;COPESUCAR;17;SUPRAMAX;GSA - E;3873;D2030_215_newpanamax
23.0;245.0;8.75;8.75;3.0;0;0;MON;0;4;False;False;False;3000;17.86;1.8;0.75;AGO;8;DPW - CGC;21;PANAMAX;CGC;3874;D2030_215_newpanamax
23.0;295.0;8.75;8.75;3.0;0;0;MON;0;4;False;False;False;4000;21.93;2.62;0.75;AGO;8;DPW - CGC;21;POST-PANAMAXI;CGC;3875;D2030_215_newpanamax
23.0;185.0;0.0;9.75;1.0;0;3;MON;0;4;False;False;False;45000;37.2;2.67;0.75;AGO;8;ELEVACOES;24;HANDYMAX;GSA - E;3876;D2030_215_newpanamax
23.0;225.0;0.0;11.25;1.0;0;2;MON;0;4;False;False;False;70000;53.25;3.5;0.75;AGO;8;ELEVACOES;24;PANAMAX;GSA - E;3877;D2030_215_newpanamax
32.2;205.0;0.0;12.2;1.0;0;3;MON;0;4;False;False;False;55000;39.16;3.63;0.75;AGO;8;ELEVACOES;24;SUPRAMAX;GSA - E;3878;D2030_215_newpanamax
23.0;185.0;8.75;0.0;2.0;1;4;MON;0;4;False;False;False;45000;75.33;3.34;0.75;AGO;8;HIDROVIAS;27;HANDYMAX;GSM - I;3879;D2030_215_newpanamax
23.0;185.0;9.25;0.0;2.0;3;0;MON;0;4;False;False;False;45000;295.08;1.64;0.75;AGO;8;NITA;28;HANDYMAX;GSA - I;3880;D2030_215_newpanamax
23.0;195.0;8.75;8.75;3.0;3;7;MON;0;4;False;False;False;1000;16.8;3.66;0.75;AGO;8;SANTOSBR;31;FULLYCELLULAR;CGC;3881;D2030_215_newpanamax
23.0;255.0;9.75;9.75;3.0;3;7;MON;0;4;False;False;False;3000;15.61;2.36;0.75;AGO;8;SANTOSBR;31;PANAMAX;CGC;3882;D2030_215_newpanamax
23.0;255.0;9.75;9.75;3.0;2;6;MON;0;4;False;False;False;3000;15.61;3.06;0.75;AGO;8;SANTOSBR;31;PANAMAX;CGC;3883;D2030_215_newpanamax
43.0;339.0;14.0;14.0;3.0;2;6;MON;0;4;False;False;False;6000;25.92;1.37;0.75;AGO;8;SANTOSBR;31;POST-PANAMAXII;CGC;3884;D2030_215_newpanamax
23.0;175.0;9.25;0.0;2.0;1;4;MON;0;4;False;False;False;35000;50.86;6.94;0.75;AGO;8;TERMAG;35;HANDYSIZE;GSM - I;3885;D2030_215_newpanamax
23.0;195.0;7.75;7.75;3.0;1;3;MON;0;4;False;False;True;1500;20.97;4.31;0.75;AGO;8;TEV;37;CARGARO-RO;RORO;3886;D2030_215_newpanamax
23.0;225.0;0.0;12.25;1.0;0;1;MON;0;4;False;False;False;70000;39.92;2.51;0.75;AGO;8;TGG;38;PANAMAX;GSA - E;3887;D2030_215_newpanamax
23.0;225.0;0.0;10.75;1.0;0;5;MON;0;4;False;False;False;70000;62.19;5.65;0.75;AGO;8;TIPLAM - GSA - E;41;PANAMAX;GSA - E;3888;D2030_215_newpanamax
23.0;225.0;7.75;0.0;2.0;1;5;MON;0;4;False;False;False;70000;104.45;1.76;0.75;AGO;8;TIPLAM - GSM - I;42;PANAMAX;GSM - I;3889;D2030_215_newpanamax
23.0;185.0;0.0;8.25;1.0;1;4;MON;0;4;False;False;False;35000;29.94;3.11;0.75;AGO;8;TRANSPETRO;43;MRMEDIUMRANGE;GL;3890;D2030_215_newpanamax
23.0;155.0;0.0;8.75;1.0;4;5;MON;0;4;False;False;False;18000;41.58;0.0;0.75;AGO;8;VOPAK;47;GPGENERALPURPOSE;GL;3891;D2030_215_newpanamax
23.0;185.0;0.0;7.75;1.0;3;3;MON;0;4;False;False;False;35000;62.88;0.0;0.75;AGO;8;VOPAK;47;MRMEDIUMRANGE;GL;3892;D2030_215_newpanamax
23.0;225.0;0.0;11.75;1.0;1;5;MON;0;4;False;False;False;70000;55.1;1.45;0.75;AGO;8;XXXIX;48;PANAMAX;GSA - E;3893;D2030_215_newpanamax
19.0;87.9;5.0;5.5;1.0;10;25;0;0;4;False;False;False;0;70.0;0.08;0.75;0;8;TUP - Saipem;8;HANDYSIZE;CGNC;3894;D2030_215_newpanamax
18.0;85.34;4.6;6.0;1.0;11;15;0;0;4;False;False;False;0;53.67;0.08;0.75;0;8;TUP - Saipem;8;HANDYSIZE;CGNC;3895;D2030_215_newpanamax
36.0;225.0;0.0;13.0;1.0;4;13;TUE;1;5;False;False;False;55000;99.0;1.92;0.75;AGO;8;ARAUCO;1;NAVIOCARGAGERAL;CGNC;3896;D2030_215_newpanamax
23.0;225.0;0.0;12.75;1.0;6;10;TUE;1;5;False;False;False;70000;51.12;3.14;0.75;AGO;8;RUMO - GSA - E;4;PANAMAX;GSA - E;3897;D2030_215_newpanamax
23.0;225.0;0.0;12.75;1.0;8;14;TUE;1;5;False;False;False;70000;51.12;5.54;0.75;AGO;8;ADM;9;PANAMAX;GSA - E;3898;D2030_215_newpanamax
23.0;215.0;8.75;8.75;3.0;4;12;TUE;1;5;False;False;False;1000;13.85;1.56;0.75;AGO;8;BTP;13;FULLYCELLULAR;CGC;3899;D2030_215_newpanamax
23.0;295.0;10.75;10.75;3.0;2;7;TUE;1;5;False;False;False;4000;20.66;1.34;0.75;AGO;8;BTP;13;POST-PANAMAXI;CGC;3900;D2030_215_newpanamax
43.0;339.0;14.0;14.0;3.0;2;7;TUE;1;5;False;False;False;6000;23.63;4.9;0.75;AGO;8;BTP;13;POST-PANAMAXII;CGC;3901;D2030_215_newpanamax
23.0;225.0;0.0;13.25;1.0;6;13;TUE;1;5;False;False;False;70000;68.98;1.93;0.75;AGO;8;COFCO;16;PANAMAX;GSA - E;3902;D2030_215_newpanamax
23.0;185.0;0.0;11.25;1.0;6;17;TUE;1;5;False;False;False;45000;39.48;1.23;0.75;AGO;8;COPESUCAR;17;HANDYMAX;GSA - E;3903;D2030_215_newpanamax
23.0;225.0;0.0;13.75;1.0;7;23;TUE;1;5;False;False;False;70000;58.85;2.06;0.75;AGO;8;COPESUCAR;17;PANAMAX;GSA - E;3904;D2030_215_newpanamax
23.0;225.0;0.0;13.25;1.0;7;19;TUE;1;5;False;False;False;70000;54.03;0.35;0.75;AGO;8;CUTRALE - GSA - E;19;PANAMAX;GSA - E;3905;D2030_215_newpanamax
23.0;195.0;9.25;9.25;3.0;6;15;TUE;1;5;False;False;False;1000;13.38;1.24;0.75;AGO;8;DPW - CGC;21;FULLYCELLULAR;CGC;3906;D2030_215_newpanamax
23.0;325.0;10.75;10.75;3.0;6;15;TUE;1;5;False;False;False;4000;21.93;0.55;0.75;AGO;8;DPW - CGC;21;POST-PANAMAXI;CGC;3907;D2030_215_newpanamax
36.0;225.0;0.0;11.7;1.0;6;15;TUE;1;5;False;False;False;55000;36.9;1.69;0.75;AGO;8;ELDORADO;23;NAVIOCARGAGERAL;CGNC;3908;D2030_215_newpanamax
23.0;225.0;0.0;13.25;1.0;7;15;TUE;1;5;False;False;False;70000;53.25;2.47;0.75;AGO;8;ELEVACOES;24;PANAMAX;GSA - E;3909;D2030_215_newpanamax
23.0;225.0;0.0;13.25;1.0;7;15;TUE;1;5;False;False;False;70000;53.25;8.89;0.75;AGO;8;ELEVACOES;24;PANAMAX;GSA - E;3910;D2030_215_newpanamax
23.0;135.0;6.75;6.75;3.0;4;10;TUE;1;5;False;False;False;500;7.08;1.67;0.75;AGO;8;SANTOSBR;31;FEEDER/EARLY;CGC;3911;D2030_215_newpanamax
23.0;185.0;9.25;9.25;3.0;5;15;TUE;1;5;False;False;False;1000;16.8;1.75;0.75;AGO;8;SANTOSBR;31;FULLYCELLULAR;CGC;3912;D2030_215_newpanamax
23.0;255.0;10.25;10.25;3.0;5;15;TUE;1;5;False;False;False;3000;15.61;1.25;0.75;AGO;8;SANTOSBR;31;PANAMAX;CGC;3913;D2030_215_newpanamax
23.0;295.0;11.25;11.25;3.0;5;13;TUE;1;5;False;False;False;4000;21.3;6.52;0.75;AGO;8;SANTOSBR;31;POST-PANAMAXI;CGC;3914;D2030_215_newpanamax
23.0;225.0;0.0;11.25;1.0;6;14;TUE;1;5;False;False;False;70000;88.35;1.66;0.75;AGO;8;TEAG;33;PANAMAX;GSA - E;3915;D2030_215_newpanamax
23.0;195.0;8.75;8.75;3.0;5;15;TUE;1;5;False;False;True;1500;20.97;10.37;0.75;AGO;8;TEV;37;CARGARO-RO;RORO;3916;D2030_215_newpanamax
23.0;225.0;0.0;13.25;1.0;5;9;TUE;1;5;False;False;False;70000;39.92;1.74;0.75;AGO;8;TGG;38;PANAMAX;GSA - E;3917;D2030_215_newpanamax
23.0;225.0;0.0;11.25;1.0;0;8;TUE;1;5;False;False;False;70000;62.19;8.99;0.75;AGO;8;TIPLAM - GSA - E;41;PANAMAX;GSA - E;3918;D2030_215_newpanamax
23.0;225.0;0.0;12.25;1.0;3;12;TUE;1;5;False;False;False;70000;62.19;2.48;0.75;AGO;8;TIPLAM - GSA - E;41;PANAMAX;GSA - E;3919;D2030_215_newpanamax
23.0;225.0;7.75;0.0;2.0;4;9;TUE;1;5;False;False;False;70000;104.45;1.22;0.75;AGO;8;TIPLAM - GSM - I;42;PANAMAX;GSM - I;3920;D2030_215_newpanamax
23.0;185.0;0.0;8.75;1.0;6;15;TUE;1;5;False;False;False;35000;62.88;0.0;0.75;AGO;8;VOPAK;47;MRMEDIUMRANGE;GL;3921;D2030_215_newpanamax
23.0;215.0;0.0;12.25;1.0;5;10;TUE;1;5;False;False;False;70000;55.1;0.12;0.75;AGO;8;XXXIX;48;PANAMAX;GSA - E;3922;D2030_215_newpanamax
23.0;225.0;0.0;12.25;1.0;6;15;TUE;1;5;False;False;False;70000;55.1;4.12;0.75;AGO;8;XXXIX;48;PANAMAX;GSA - E;3923;D2030_215_newpanamax
17.0;75.2;4.1;5.5;1.0;10;20;0;1;5;False;False;False;0;11.17;0.17;0.75;0;8;TUP - Saipem;8;HANDYSIZE;CGNC;3924;D2030_215_newpanamax
36.0;225.0;0.0;13.0;1.0;6;15;WED;2;6;False;False;False;55000;99.0;0.4;0.75;AGO;8;ARAUCO;1;NAVIOCARGAGERAL;CGNC;3925;D2030_215_newpanamax
23.0;175.0;10.25;0.0;2.0;5;21;WED;2;6;False;False;False;35000;50.86;3.56;0.75;AGO;8;RUMO - GSM - I;5;HANDYSIZE;GSM - I;3926;D2030_215_newpanamax
23.0;225.0;0.0;13.25;1.0;8;17;WED;2;6;False;False;False;70000;51.12;6.21;0.75;AGO;8;ADM;9;PANAMAX;GSA - E;3927;D2030_215_newpanamax
23.0;175.0;0.0;9.25;1.0;7;19;WED;2;6;False;False;False;35000;64.43;0.5;0.75;AGO;8;AGEO_TERMINAIS;11;MRMEDIUMRANGE;GL;3928;D2030_215_newpanamax
36.0;225.0;0.0;13.0;1.0;10;26;WED;2;6;False;False;False;55000;99.66;3.08;0.75;AGO;8;BRACELL;12;NAVIOCARGAGERAL;CGNC;3929;D2030_215_newpanamax
23.0;275.0;11.75;11.75;3.0;5;16;WED;2;6;False;False;False;3000;14.7;3.96;0.75;AGO;8;BTP;13;PANAMAX;CGC;3930;D2030_215_newpanamax
43.0;339.0;14.0;14.0;3.0;5;16;WED;2;6;False;False;False;6000;23.63;3.82;0.75;AGO;8;BTP;13;POST-PANAMAXII;CGC;3931;D2030_215_newpanamax
23.0;225.0;0.0;13.25;1.0;10;23;WED;2;6;False;False;False;70000;68.98;5.68;0.75;AGO;8;COFCO;16;PANAMAX;GSA - E;3932;D2030_215_newpanamax
23.0;225.0;0.0;13.75;1.0;11;29;WED;2;6;False;False;False;70000;68.98;9.57;0.75;AGO;8;COFCO;16;PANAMAX;GSA - E;3933;D2030_215_newpanamax
23.0;195.0;0.0;11.75;1.0;9;31;WED;2;6;False;False;False;45000;39.48;2.67;0.75;AGO;8;COPESUCAR;17;HANDYMAX;GSA - E;3934;D2030_215_newpanamax
23.0;185.0;9.25;0.0;2.0;12;27;WED;2;6;False;False;False;35000;31.91;4.49;0.75;AGO;8;DOW;20;MRMEDIUMRANGE;GL;3935;D2030_215_newpanamax
23.0;215.0;9.75;9.75;3.0;10;28;WED;2;6;False;False;False;1000;13.38;0.88;0.75;AGO;8;DPW - CGC;21;FULLYCELLULAR;CGC;3936;D2030_215_newpanamax
23.0;265.0;10.75;10.75;3.0;10;26;WED;2;6;False;False;False;3000;17.86;1.64;0.75;AGO;8;DPW - CGC;21;PANAMAX;CGC;3937;D2030_215_newpanamax
23.0;275.0;10.25;10.25;3.0;7;18;WED;2;6;False;False;False;3000;17.86;0.97;0.75;AGO;8;DPW - CGC;21;PANAMAX;CGC;3938;D2030_215_newpanamax
23.0;295.0;12.25;12.25;3.0;10;28;WED;2;6;False;False;False;4000;21.93;2.57;0.75;AGO;8;DPW - CGC;21;POST-PANAMAXI;CGC;3939;D2030_215_newpanamax
43.0;339.0;14.0;14.0;3.0;10;26;WED;2;6;False;False;False;6000;27.82;3.16;0.75;AGO;8;DPW - CGC;21;POST-PANAMAXII;CGC;3940;D2030_215_newpanamax
36.0;225.0;0.0;13.0;1.0;7;17;WED;2;6;False;False;False;55000;64.0;1.83;0.75;AGO;8;DPW - CGNC;22;NAVIOCARGAGERAL;CGNC;3941;D2030_215_newpanamax
23.0;225.0;0.0;13.75;1.0;8;22;WED;2;6;False;False;False;70000;53.25;3.91;0.75;AGO;8;ELEVACOES;24;PANAMAX;GSA - E;3942;D2030_215_newpanamax
23.0;185.0;10.25;0.0;2.0;4;18;WED;2;6;False;False;False;45000;75.33;0.86;0.75;AGO;8;HIDROVIAS;27;HANDYMAX;GSM - I;3943;D2030_215_newpanamax
23.0;275.0;10.75;10.75;3.0;10;26;WED;2;6;False;False;False;3000;15.61;1.98;0.75;AGO;8;SANTOSBR;31;PANAMAX;CGC;3944;D2030_215_newpanamax
23.0;225.0;0.0;13.25;1.0;7;15;WED;2;6;False;False;False;70000;78.07;0.68;0.75;AGO;8;TEG;34;PANAMAX;GSA - E;3945;D2030_215_newpanamax
23.0;225.0;0.0;12.75;1.0;8;19;WED;2;6;False;False;False;70000;111.09;3.16;0.75;AGO;8;TES;36;PANAMAX;GSA - E;3946;D2030_215_newpanamax
23.0;225.0;0.0;12.75;1.0;7;14;WED;2;6;False;False;False;70000;111.09;4.39;0.75;AGO;8;TES;36;PANAMAX;GSA - E;3947;D2030_215_newpanamax
23.0;195.0;8.75;8.75;3.0;9;27;WED;2;6;False;False;True;1500;20.97;1.38;0.75;AGO;8;TEV;37;CARGARO-RO;RORO;3948;D2030_215_newpanamax
23.0;225.0;0.0;13.25;1.0;10;22;WED;2;6;False;False;False;70000;39.92;4.31;0.75;AGO;8;TGG;38;PANAMAX;GSA - E;3949;D2030_215_newpanamax
23.0;225.0;0.0;13.25;1.0;7;21;WED;2;6;False;False;False;70000;62.19;4.56;0.75;AGO;8;TIPLAM - GSA - E;41;PANAMAX;GSA - E;3950;D2030_215_newpanamax
23.0;225.0;0.0;13.25;1.0;7;19;WED;2;6;False;False;False;70000;62.19;3.26;0.75;AGO;8;TIPLAM - GSA - E;41;PANAMAX;GSA - E;3951;D2030_215_newpanamax
23.0;185.0;0.0;9.25;1.0;9;21;WED;2;6;False;False;False;35000;29.94;1.68;0.75;AGO;8;TRANSPETRO;43;MRMEDIUMRANGE;GL;3952;D2030_215_newpanamax
23.0;225.0;0.0;12.75;1.0;11;27;WED;2;6;False;False;False;70000;55.1;1.03;0.75;AGO;8;XXXIX;48;PANAMAX;GSA - E;3953;D2030_215_newpanamax
17.0;82.3;4.5;4.4;1.0;20;0;0;2;6;False;False;False;0;47.67;0.17;0.75;0;8;TUP - Saipem;8;HANDYSIZE;CGNC;3954;D2030_215_newpanamax
18.0;76.0;6.0;6.0;1.0;21;0;0;2;6;False;False;False;0;28.5;0.17;0.75;0;8;TUP - Saipem;8;HANDYSIZE;CGNC;3955;D2030_215_newpanamax
36.0;225.0;0.0;13.0;1.0;12;33;THU;3;7;False;False;False;55000;99.0;0.19;0.75;AGO;8;ARAUCO;1;NAVIOCARGAGERAL;CGNC;3956;D2030_215_newpanamax
23.0;225.0;14.25;0.0;2.0;6;25;THU;3;7;False;False;False;70000;111.09;2.69;0.75;AGO;8;RUMO - GSM - I;5;PANAMAX;GSM - I;3957;D2030_215_newpanamax
23.0;185.0;9.75;0.0;2.0;12;32;THU;3;7;False;False;False;35000;64.43;1.14;0.75;AGO;8;AGEO_TERMINAIS;11;MRMEDIUMRANGE;GL;3958;D2030_215_newpanamax
23.0;275.0;12.75;12.75;3.0;10;31;THU;3;7;False;False;False;3000;14.7;2.84;0.75;AGO;8;BTP;13;PANAMAX;CGC;3959;D2030_215_newpanamax
23.0;295.0;12.75;12.75;3.0;9;27;THU;3;7;False;False;False;4000;20.66;2.39;0.75;AGO;8;BTP;13;POST-PANAMAXI;CGC;3960;D2030_215_newpanamax
23.0;295.0;12.75;12.75;3.0;9;26;THU;3;7;False;False;False;4000;20.66;3.41;0.75;AGO;8;BTP;13;POST-PANAMAXI;CGC;3961;D2030_215_newpanamax
43.0;339.0;14.0;14.0;3.0;9;26;THU;3;7;False;False;False;6000;23.63;0.95;0.75;AGO;8;BTP;13;POST-PANAMAXII;CGC;3962;D2030_215_newpanamax
23.0;225.0;0.0;13.75;1.0;13;32;THU;3;7;False;False;False;70000;68.98;5.79;0.75;AGO;8;COFCO;16;PANAMAX;GSA - E;3963;D2030_215_newpanamax
23.0;225.0;0.0;13.75;1.0;13;32;THU;3;7;False;False;False;70000;68.98;3.82;0.75;AGO;8;COFCO;16;PANAMAX;GSA - E;3964;D2030_215_newpanamax
23.0;185.0;0.0;12.75;1.0;13;41;THU;3;7;False;False;False;45000;39.48;2.62;0.75;AGO;8;COPESUCAR;17;HANDYMAX;GSA - E;3965;D2030_215_newpanamax
23.0;185.0;10.25;10.25;3.0;11;32;THU;3;7;False;False;False;1000;13.38;1.58;0.75;AGO;8;DPW - CGC;21;FULLYCELLULAR;CGC;3966;D2030_215_newpanamax
23.0;255.0;11.25;11.25;3.0;11;32;THU;3;7;False;False;False;3000;17.86;1.9;0.75;AGO;8;DPW - CGC;21;PANAMAX;CGC;3967;D2030_215_newpanamax
23.0;305.0;12.25;12.25;3.0;11;32;THU;3;7;False;False;False;4000;21.93;1.3;0.75;AGO;8;DPW - CGC;21;POST-PANAMAXI;CGC;3968;D2030_215_newpanamax
23.0;185.0;0.0;12.75;1.0;10;28;THU;3;7;False;False;False;45000;37.2;8.35;0.75;AGO;8;ELEVACOES;24;HANDYMAX;GSA - E;3969;D2030_215_newpanamax
23.0;165.0;0.0;10.25;1.0;12;35;THU;3;7;False;False;False;35000;27.04;0.96;0.75;AGO;8;ELEVACOES;24;HANDYSIZE;GSA - E;3970;D2030_215_newpanamax
32.2;205.0;0.0;12.2;1.0;12;35;THU;3;7;False;False;False;55000;39.16;9.02;0.75;AGO;8;ELEVACOES;24;SUPRAMAX;GSA - E;3971;D2030_215_newpanamax
23.0;265.0;11.25;11.25;3.0;13;35;THU;3;7;False;False;False;3000;15.61;2.1;0.75;AGO;8;SANTOSBR;31;PANAMAX;CGC;3972;D2030_215_newpanamax
23.0;295.0;12.75;12.75;3.0;13;35;THU;3;7;False;False;False;4000;21.3;1.71;0.75;AGO;8;SANTOSBR;31;POST-PANAMAXI;CGC;3973;D2030_215_newpanamax
43.0;339.0;14.0;14.0;3.0;13;35;THU;3;7;False;False;False;6000;25.92;0.76;0.75;AGO;8;SANTOSBR;31;POST-PANAMAXII;CGC;3974;D2030_215_newpanamax
23.0;225.0;0.0;12.75;1.0;8;25;THU;3;7;False;False;False;70000;88.35;1.13;0.75;AGO;8;TEAG;33;PANAMAX;GSA - E;3975;D2030_215_newpanamax
23.0;225.0;0.0;13.25;1.0;12;33;THU;3;7;False;False;False;70000;88.35;0.17;0.75;AGO;8;TEAG;33;PANAMAX;GSA - E;3976;D2030_215_newpanamax
23.0;225.0;0.0;13.25;1.0;11;28;THU;3;7;False;False;False;70000;111.09;2.38;0.75;AGO;8;TES;36;PANAMAX;GSA - E;3977;D2030_215_newpanamax
23.0;225.0;0.0;13.25;1.0;11;29;THU;3;7;False;False;False;70000;111.09;0.76;0.75;AGO;8;TES;36;PANAMAX;GSA - E;3978;D2030_215_newpanamax
23.0;195.0;9.25;9.25;3.0;11;34;THU;3;7;False;False;True;1500;20.97;1.96;0.75;AGO;8;TEV;37;CARGARO-RO;RORO;3979;D2030_215_newpanamax
23.0;225.0;0.0;13.25;1.0;10;26;THU;3;7;False;False;False;70000;39.92;2.55;0.75;AGO;8;TGG;38;PANAMAX;GSA - E;3980;D2030_215_newpanamax
23.0;225.0;0.0;13.25;1.0;11;31;THU;3;7;False;False;False;70000;62.19;2.89;0.75;AGO;8;TIPLAM - GSA - E;41;PANAMAX;GSA - E;3981;D2030_215_newpanamax
23.0;225.0;0.0;13.25;1.0;12;32;THU;3;7;False;False;False;70000;62.19;6.45;0.75;AGO;8;TIPLAM - GSA - E;41;PANAMAX;GSA - E;3982;D2030_215_newpanamax
23.0;195.0;10.25;0.0;2.0;12;34;THU;3;7;False;False;False;45000;85.0;3.46;0.75;AGO;8;TIPLAM - GSM - I;42;HANDYMAX;GSM - I;3983;D2030_215_newpanamax
23.0;175.0;0.0;9.75;1.0;13;33;THU;3;7;False;False;False;35000;29.94;4.61;0.75;AGO;8;TRANSPETRO;43;MRMEDIUMRANGE;GL;3984;D2030_215_newpanamax
23.0;225.0;0.0;12.75;1.0;14;37;THU;3;7;False;False;False;70000;55.1;0.01;0.75;AGO;8;XXXIX;48;PANAMAX;GSA - E;3985;D2030_215_newpanamax
23.0;225.0;0.0;13.25;1.0;13;33;FRI;4;8;False;False;False;70000;51.12;2.1;0.75;AGO;8;ADM;9;PANAMAX;GSA - E;3986;D2030_215_newpanamax
23.0;135.0;7.75;7.75;3.0;12;37;FRI;4;8;False;False;False;500;20.71;1.03;0.75;AGO;8;BTP;13;FEEDER/EARLY;CGC;3987;D2030_215_newpanamax
23.0;295.0;13.25;13.25;3.0;12;35;FRI;4;8;False;False;False;4000;20.66;1.5;0.75;AGO;8;BTP;13;POST-PANAMAXI;CGC;3988;D2030_215_newpanamax
43.0;339.0;14.0;14.0;3.0;12;35;FRI;4;8;False;False;False;6000;23.63;1.11;0.75;AGO;8;BTP;13;POST-PANAMAXII;CGC;3989;D2030_215_newpanamax
23.0;205.0;0.0;10.25;1.0;10;35;FRI;4;8;False;False;False;35000;77.19;0.15;0.75;AGO;8;CITROSUCO;15;MRMEDIUMRANGE;GL;3990;D2030_215_newpanamax
23.0;225.0;0.0;13.75;1.0;16;42;FRI;4;8;False;False;False;70000;68.98;2.81;0.75;AGO;8;COFCO;16;PANAMAX;GSA - E;3991;D2030_215_newpanamax
23.0;195.0;0.0;13.25;1.0;14;47;FRI;4;8;False;False;False;45000;39.48;3.21;0.75;AGO;8;COPESUCAR;17;HANDYMAX;GSA - E;3992;D2030_215_newpanamax
23.0;205.0;10.75;10.75;3.0;16;44;FRI;4;8;False;False;False;1000;13.38;1.63;0.75;AGO;8;DPW - CGC;21;FULLYCELLULAR;CGC;3993;D2030_215_newpanamax
23.0;265.0;11.75;11.75;3.0;16;44;FRI;4;8;False;False;False;3000;17.86;2.24;0.75;AGO;8;DPW - CGC;21;PANAMAX;CGC;3994;D2030_215_newpanamax
23.0;305.0;13.25;13.25;3.0;16;44;FRI;4;8;False;False;False;4000;21.93;1.42;0.75;AGO;8;DPW - CGC;21;POST-PANAMAXI;CGC;3995;D2030_215_newpanamax
23.0;185.0;0.0;13.25;1.0;13;38;FRI;4;8;False;False;False;45000;37.2;2.5;0.75;AGO;8;ELEVACOES;24;HANDYMAX;GSA - E;3996;D2030_215_newpanamax
23.0;225.0;0.0;13.75;1.0;14;39;FRI;4;8;False;False;False;70000;53.25;5.38;0.75;AGO;8;ELEVACOES;24;PANAMAX;GSA - E;3997;D2030_215_newpanamax
32.2;205.0;0.0;12.2;1.0;14;39;FRI;4;8;False;False;False;55000;39.16;1.94;0.75;AGO;8;ELEVACOES;24;SUPRAMAX;GSA - E;3998;D2030_215_newpanamax
23.0;235.0;12.25;12.25;3.0;16;44;FRI;4;8;False;False;False;3000;15.61;4.85;0.75;AGO;8;SANTOSBR;31;PANAMAX;CGC;3999;D2030_215_newpanamax
23.0;305.0;12.75;12.75;3.0;16;44;FRI;4;8;False;False;False;4000;21.3;1.22;0.75;AGO;8;SANTOSBR;31;POST-PANAMAXI;CGC;4000;D2030_215_newpanamax
43.0;339.0;14.0;14.0;3.0;16;43;FRI;4;8;False;False;False;6000;25.92;2.48;0.75;AGO;8;SANTOSBR;31;POST-PANAMAXII;CGC;4001;D2030_215_newpanamax
23.0;155.0;8.25;0.0;2.0;12;36;FRI;4;8;False;False;False;18000;29.82;11.17;0.75;AGO;8;STOLTHAVEN;32;GPGENERALPURPOSE;GL;4002;D2030_215_newpanamax
23.0;225.0;14.25;0.0;2.0;15;42;FRI;4;8;False;False;False;70000;111.09;2.94;0.75;AGO;8;TERMAG;35;PANAMAX;GSM - I;4003;D2030_215_newpanamax
23.0;195.0;9.25;9.25;3.0;13;39;FRI;4;8;False;False;True;1500;20.97;0.71;0.75;AGO;8;TEV;37;CARGARO-RO;RORO;4004;D2030_215_newpanamax
23.0;225.0;0.0;13.75;1.0;14;43;FRI;4;8;False;False;False;70000;39.92;3.55;0.75;AGO;8;TGG;38;PANAMAX;GSA - E;4005;D2030_215_newpanamax
23.0;225.0;0.0;13.25;1.0;15;42;FRI;4;8;False;False;False;70000;62.19;0.91;0.75;AGO;8;TIPLAM - GSA - E;41;PANAMAX;GSA - E;4006;D2030_215_newpanamax
23.0;155.0;0.0;8.25;1.0;15;39;FRI;4;8;False;False;False;18000;28.37;1.34;0.75;AGO;8;TRANSPETRO;43;GPGENERALPURPOSE;GL;4007;D2030_215_newpanamax
23.0;245.0;0.0;11.25;1.0;16;41;FRI;4;8;False;False;False;60000;48.22;3.66;0.75;AGO;8;TRANSPETRO;43;LR1LONGRANGE1;GL;4008;D2030_215_newpanamax
23.0;165.0;9.25;0.0;2.0;17;43;FRI;4;8;False;False;False;18000;41.58;0.0;0.75;AGO;8;VOPAK;47;GPGENERALPURPOSE;GL;4009;D2030_215_newpanamax
23.0;185.0;10.75;0.0;2.0;16;43;FRI;4;8;False;False;False;35000;62.88;0.0;0.75;AGO;8;VOPAK;47;MRMEDIUMRANGE;GL;4010;D2030_215_newpanamax
23.0;225.0;0.0;12.75;1.0;14;40;FRI;4;8;False;False;False;70000;55.1;0.04;0.75;AGO;8;XXXIX;48;PANAMAX;GSA - E;4011;D2030_215_newpanamax
23.0;225.0;0.0;13.25;1.0;19;47;SAT;5;9;False;False;False;70000;51.12;5.46;0.75;AGO;8;RUMO - GSA - E;4;PANAMAX;GSA - E;4012;D2030_215_newpanamax
36.0;225.0;0.0;13.0;1.0;16;49;SAT;5;9;False;False;False;55000;99.66;0.97;0.75;AGO;8;BRACELL;12;NAVIOCARGAGERAL;CGNC;4013;D2030_215_newpanamax
23.0;275.0;13.75;13.75;3.0;18;51;SAT;5;9;False;False;False;3000;14.7;5.07;0.75;AGO;8;BTP;13;PANAMAX;CGC;4014;D2030_215_newpanamax
43.0;339.0;14.0;14.0;3.0;18;51;SAT;5;9;False;False;False;6000;23.63;2.79;0.75;AGO;8;BTP;13;POST-PANAMAXII;CGC;4015;D2030_215_newpanamax
23.0;225.0;0.0;14.25;1.0;18;50;SAT;5;9;False;False;False;70000;68.98;6.4;0.75;AGO;8;COFCO;16;PANAMAX;GSA - E;4016;D2030_215_newpanamax
23.0;225.0;0.0;14.25;1.0;18;52;SAT;5;9;False;False;False;70000;68.98;18.01;0.75;AGO;8;COFCO;16;PANAMAX;GSA - E;4017;D2030_215_newpanamax
23.0;225.0;0.0;13.75;1.0;18;57;SAT;5;9;False;False;False;70000;58.85;3.48;0.75;AGO;8;COPESUCAR;17;PANAMAX;GSA - E;4018;D2030_215_newpanamax
23.0;225.0;0.0;13.75;1.0;20;56;SAT;5;9;False;False;False;70000;54.03;0.94;0.75;AGO;8;CUTRALE - GSA - E;19;PANAMAX;GSA - E;4019;D2030_215_newpanamax
23.0;275.0;12.25;12.25;3.0;18;50;SAT;5;9;False;False;False;3000;17.86;1.35;0.75;AGO;8;DPW - CGC;21;PANAMAX;CGC;4020;D2030_215_newpanamax
36.0;225.0;0.0;13.0;1.0;19;54;SAT;5;9;False;False;False;55000;64.0;1.6;0.75;AGO;8;DPW - CGNC;22;NAVIOCARGAGERAL;CGNC;4021;D2030_215_newpanamax
23.0;175.0;0.0;10.25;1.0;18;51;SAT;5;9;False;False;False;35000;27.04;2.83;0.75;AGO;8;ELEVACOES;24;HANDYSIZE;GSA - E;4022;D2030_215_newpanamax
23.0;225.0;0.0;14.2;1.0;18;51;SAT;5;9;False;False;False;70000;53.25;1.34;0.75;AGO;8;ELEVACOES;24;PANAMAX;GSA - E;4023;D2030_215_newpanamax
32.2;205.0;0.0;12.2;1.0;18;51;SAT;5;9;False;False;False;55000;39.16;2.19;0.75;AGO;8;ELEVACOES;24;SUPRAMAX;GSA - E;4024;D2030_215_newpanamax
23.0;215.0;10.75;10.75;3.0;18;49;SAT;5;9;False;False;False;1000;16.8;2.37;0.75;AGO;8;SANTOSBR;31;FULLYCELLULAR;CGC;4025;D2030_215_newpanamax
23.0;265.0;12.75;12.75;3.0;20;53;SAT;5;9;False;False;False;3000;15.61;2.08;0.75;AGO;8;SANTOSBR;31;PANAMAX;CGC;4026;D2030_215_newpanamax
43.0;339.0;14.0;14.0;3.0;18;49;SAT;5;9;False;False;False;6000;25.92;4.83;0.75;AGO;8;SANTOSBR;31;POST-PANAMAXII;CGC;4027;D2030_215_newpanamax
23.0;225.0;0.0;13.25;1.0;17;50;SAT;5;9;False;False;False;70000;88.35;0.28;0.75;AGO;8;TEAG;33;PANAMAX;GSA - E;4028;D2030_215_newpanamax
23.0;225.0;0.0;13.25;1.0;15;50;SAT;5;9;False;False;False;70000;111.09;8.73;0.75;AGO;8;TES;36;PANAMAX;GSA - E;4029;D2030_215_newpanamax
23.0;195.0;9.25;9.25;3.0;17;52;SAT;5;9;False;False;True;1500;20.97;1.51;0.75;AGO;8;TEV;37;CARGARO-RO;RORO;4030;D2030_215_newpanamax
23.0;225.0;0.0;13.25;1.0;17;48;SAT;5;9;False;False;False;70000;62.19;2.95;0.75;AGO;8;TIPLAM - GSA - E;41;PANAMAX;GSA - E;4031;D2030_215_newpanamax
23.0;195.0;10.25;0.0;2.0;16;47;SAT;5;9;False;False;False;45000;85.0;2.86;0.75;AGO;8;TIPLAM - GSM - I;42;HANDYMAX;GSM - I;4032;D2030_215_newpanamax
23.0;225.0;13.25;0.0;2.0;16;47;SAT;5;9;False;False;False;70000;104.45;3.07;0.75;AGO;8;TIPLAM - GSM - I;42;PANAMAX;GSM - I;4033;D2030_215_newpanamax
23.0;185.0;10.75;0.0;2.0;17;49;SAT;5;9;False;False;False;35000;62.88;0.0;0.75;AGO;8;VOPAK;47;MRMEDIUMRANGE;GL;4034;D2030_215_newpanamax
18.0;85.34;5.5;4.57;1.0;0;50;0;5;9;False;False;False;0;23.67;0.67;0.75;0;8;TUP - Saipem;8;HANDYSIZE;CGNC;4035;D2030_215_newpanamax
20.0;92.95;6.0;5.6;1.0;4;50;0;5;9;False;False;False;0;23.67;0.17;0.75;0;8;TUP - Saipem;8;HANDYSIZE;CGNC;4036;D2030_215_newpanamax
23.0;275.0;13.25;13.25;3.0;22;58;SUN;6;10;False;False;False;3000;15.61;3.46;0.75;AGO;8;TECON10;3;PANAMAX;CGC;4037;D2030_215_newpanamax
23.0;165.0;11.25;0.0;2.0;23;8;SUN;6;10;False;False;False;18000;45.88;0.24;0.75;AGO;8;AGEO_TERMINAIS;11;GPGENERALPURPOSE;GL;4038;D2030_215_newpanamax
23.0;185.0;12.2;0.0;2.0;23;8;SUN;6;10;False;False;False;35000;64.43;0.74;0.75;AGO;8;AGEO_TERMINAIS;11;MRMEDIUMRANGE;GL;4039;D2030_215_newpanamax
23.0;275.0;14.25;14.25;3.0;23;11;SUN;6;10;False;False;False;3000;14.7;2.4;0.75;AGO;8;BTP;13;PANAMAX;CGC;4040;D2030_215_newpanamax
43.0;339.0;14.0;14.0;3.0;20;55;SUN;6;10;False;False;False;6000;23.63;2.67;0.75;AGO;8;BTP;13;POST-PANAMAXII;CGC;4041;D2030_215_newpanamax
23.0;225.0;0.0;14.25;1.0;20;56;SUN;6;10;False;False;False;70000;68.98;3.47;0.75;AGO;8;COFCO;16;PANAMAX;GSA - E;4042;D2030_215_newpanamax
23.0;225.0;0.0;14.25;1.0;21;15;SUN;6;10;False;False;False;70000;68.98;2.37;0.75;AGO;8;COFCO;16;PANAMAX;GSA - E;4043;D2030_215_newpanamax
23.0;225.0;0.0;13.75;1.0;23;50;SUN;6;10;False;False;False;70000;58.85;1.81;0.75;AGO;8;COPESUCAR;17;PANAMAX;GSA - E;4044;D2030_215_newpanamax
23.0;275.0;12.75;12.75;3.0;21;56;SUN;6;10;False;False;False;3000;17.86;2.06;0.75;AGO;8;DPW - CGC;21;PANAMAX;CGC;4045;D2030_215_newpanamax
23.0;265.0;12.75;12.75;3.0;20;55;SUN;6;10;False;False;False;3000;17.86;2.36;0.75;AGO;8;DPW - CGC;21;PANAMAX;CGC;4046;D2030_215_newpanamax
23.0;225.0;0.0;14.2;1.0;23;24;SUN;6;10;False;False;False;70000;53.25;1.32;0.75;AGO;8;ELEVACOES;24;PANAMAX;GSA - E;4047;D2030_215_newpanamax
32.2;205.0;0.0;12.2;1.0;23;24;SUN;6;10;False;False;False;55000;39.16;2.64;0.75;AGO;8;ELEVACOES;24;SUPRAMAX;GSA - E;4048;D2030_215_newpanamax
23.0;215.0;0.0;11.25;1.0;14;51;SUN;6;10;False;False;False;35000;137.91;0.11;0.75;AGO;8;NST - GL;30;MRMEDIUMRANGE;GL;4049;D2030_215_newpanamax
23.0;215.0;11.25;11.25;3.0;21;55;SUN;6;10;False;False;False;1000;16.8;1.42;0.75;AGO;8;SANTOSBR;31;FULLYCELLULAR;CGC;4050;D2030_215_newpanamax
23.0;275.0;12.75;12.75;3.0;21;55;SUN;6;10;False;False;False;3000;15.61;0.98;0.75;AGO;8;SANTOSBR;31;PANAMAX;CGC;4051;D2030_215_newpanamax
23.0;305.0;14.25;14.25;3.0;23;29;SUN;6;10;False;False;False;4000;21.3;5.25;0.75;AGO;8;SANTOSBR;31;POST-PANAMAXI;CGC;4052;D2030_215_newpanamax
43.0;339.0;14.0;14.0;3.0;21;55;SUN;6;10;False;False;False;6000;25.92;2.51;0.75;AGO;8;SANTOSBR;31;POST-PANAMAXII;CGC;4053;D2030_215_newpanamax
23.0;225.0;0.0;13.25;1.0;20;53;SUN;6;10;False;False;False;70000;78.07;1.09;0.75;AGO;8;TEG;34;PANAMAX;GSA - E;4054;D2030_215_newpanamax
23.0;225.0;0.0;13.75;1.0;19;55;SUN;6;10;False;False;False;70000;61.75;1.29;0.75;AGO;8;TGRAO;39;PANAMAX;GSA - E;4055;D2030_215_newpanamax
23.0;225.0;0.0;14.1;1.0;23;57;SUN;6;10;False;False;False;70000;62.19;1.53;0.75;AGO;8;TIPLAM - GSA - E;41;PANAMAX;GSA - E;4056;D2030_215_newpanamax
23.0;225.0;0.0;13.25;1.0;20;57;SUN;6;10;False;False;False;70000;55.1;2.39;0.75;AGO;8;XXXIX;48;PANAMAX;GSA - E;4057;D2030_215_newpanamax
19.0;87.9;5.1;5.1;1.0;14;50;0;6;10;False;False;False;0;55.17;0.17;0.75;0;8;TUP - Saipem;8;HANDYSIZE;CGNC;4058;D2030_215_newpanamax
36.0;225.0;0.0;13.0;1.0;3;9;MON;0;11;False;False;False;55000;99.0;0.84;0.75;AGO;8;ARAUCO;1;NAVIOCARGAGERAL;CGNC;4059;D2030_215_newpanamax
23.0;175.0;0.0;7.25;1.0;6;5;MON;0;11;False;False;False;35000;57.11;14.86;0.75;AGO;8;STS;2;MRMEDIUMRANGE;GL;4060;D2030_215_newpanamax
23.0;185.0;0.0;8.25;1.0;2;5;MON;0;11;False;False;False;35000;64.43;0.67;0.75;AGO;8;AGEO_TERMINAIS;11;MRMEDIUMRANGE;GL;4061;D2030_215_newpanamax
23.0;165.0;9.75;0.0;2.0;0;2;MON;0;11;False;False;False;35000;135.86;6.53;0.75;AGO;8;BUNGE;14;HANDYSIZE;GSA - I;4062;D2030_215_newpanamax
23.0;225.0;0.0;10.75;1.0;4;8;MON;0;11;False;False;False;70000;68.98;5.24;0.75;AGO;8;COFCO;16;PANAMAX;GSA - E;4063;D2030_215_newpanamax
23.0;225.0;0.0;10.25;1.0;2;5;MON;0;11;False;False;False;70000;68.98;4.55;0.75;AGO;8;COFCO;16;PANAMAX;GSA - E;4064;D2030_215_newpanamax
23.0;185.0;0.0;10.25;1.0;4;8;MON;0;11;False;False;False;45000;39.48;2.85;0.75;AGO;8;COPESUCAR;17;HANDYMAX;GSA - E;4065;D2030_215_newpanamax
23.0;225.0;0.0;13.25;1.0;5;10;MON;0;11;False;False;False;70000;58.85;2.13;0.75;AGO;8;COPESUCAR;17;PANAMAX;GSA - E;4066;D2030_215_newpanamax
23.0;225.0;0.0;13.25;1.0;4;8;MON;0;11;False;False;False;70000;58.85;3.01;0.75;AGO;8;COPESUCAR;17;PANAMAX;GSA - E;4067;D2030_215_newpanamax
23.0;245.0;8.25;8.25;3.0;0;0;MON;0;11;False;False;False;3000;17.86;0.68;0.75;AGO;8;DPW - CGC;21;PANAMAX;CGC;4068;D2030_215_newpanamax
43.0;339.0;14.0;14.0;3.0;0;0;MON;0;11;False;False;False;6000;27.82;0.64;0.75;AGO;8;DPW - CGC;21;POST-PANAMAXII;CGC;4069;D2030_215_newpanamax
23.0;175.0;0.0;9.75;1.0;0;3;MON;0;11;False;False;False;35000;27.04;2.07;0.75;AGO;8;ELEVACOES;24;HANDYSIZE;GSA - E;4070;D2030_215_newpanamax
23.0;225.0;0.0;13.25;1.0;4;9;MON;0;11;False;False;False;70000;53.25;2.13;0.75;AGO;8;ELEVACOES;24;PANAMAX;GSA - E;4071;D2030_215_newpanamax
32.2;205.0;0.0;12.2;1.0;0;1;MON;0;11;False;False;False;55000;39.16;3.34;0.75;AGO;8;ELEVACOES;24;SUPRAMAX;GSA - E;4072;D2030_215_newpanamax
23.0;185.0;8.25;0.0;2.0;3;11;MON;0;11;False;False;False;35000;43.42;9.71;0.75;AGO;8;GRANEL;26;MRMEDIUMRANGE;GL;4073;D2030_215_newpanamax
23.0;175.0;9.25;0.0;2.0;3;0;MON;0;11;False;False;False;35000;223.73;1.95;0.75;AGO;8;NITA;28;HANDYSIZE;GSA - I;4074;D2030_215_newpanamax
23.0;185.0;8.75;8.75;3.0;2;6;MON;0;11;False;False;False;1000;16.8;0.95;0.75;AGO;8;SANTOSBR;31;FULLYCELLULAR;CGC;4075;D2030_215_newpanamax
23.0;255.0;9.75;9.75;3.0;2;6;MON;0;11;False;False;False;3000;15.61;1.26;0.75;AGO;8;SANTOSBR;31;PANAMAX;CGC;4076;D2030_215_newpanamax
23.0;295.0;10.75;10.75;3.0;3;7;MON;0;11;False;False;False;4000;21.3;2.1;0.75;AGO;8;SANTOSBR;31;POST-PANAMAXI;CGC;4077;D2030_215_newpanamax
23.0;225.0;0.0;9.25;1.0;2;6;MON;0;11;False;False;False;70000;88.35;1.8;0.75;AGO;8;TEAG;33;PANAMAX;GSA - E;4078;D2030_215_newpanamax
23.0;225.0;12.25;0.0;2.0;1;4;MON;0;11;False;False;False;70000;111.09;6.16;0.75;AGO;8;TERMAG;35;PANAMAX;GSM - I;4079;D2030_215_newpanamax
23.0;195.0;8.25;8.25;3.0;4;10;MON;0;11;False;False;True;1500;20.97;0.77;0.75;AGO;8;TEV;37;CARGARO-RO;RORO;4080;D2030_215_newpanamax
23.0;225.0;0.0;13.25;1.0;3;6;MON;0;11;False;False;False;70000;39.92;2.02;0.75;AGO;8;TGG;38;PANAMAX;GSA - E;4081;D2030_215_newpanamax
23.0;225.0;0.0;7.75;1.0;0;0;MON;0;11;False;False;False;70000;62.19;5.06;0.75;AGO;8;TIPLAM - GSA - E;41;PANAMAX;GSA - E;4082;D2030_215_newpanamax
23.0;185.0;0.0;8.75;1.0;3;8;MON;0;11;False;False;False;35000;29.94;2.46;0.75;AGO;8;TRANSPETRO;43;MRMEDIUMRANGE;GL;4083;D2030_215_newpanamax
23.0;185.0;0.0;8.25;1.0;1;4;MON;0;11;False;False;False;35000;29.94;2.55;0.75;AGO;8;TRANSPETRO;43;MRMEDIUMRANGE;GL;4084;D2030_215_newpanamax
23.0;135.0;0.0;7.25;1.0;4;11;MON;0;11;False;False;False;35000;90.66;4.71;0.75;AGO;8;USIMINAS;46;HANDYSIZE;CGNC;4085;D2030_215_newpanamax
23.0;185.0;0.0;8.25;1.0;4;6;MON;0;11;False;False;False;35000;62.88;0.0;0.75;AGO;8;VOPAK;47;MRMEDIUMRANGE;GL;4086;D2030_215_newpanamax
36.0;225.0;0.0;13.0;1.0;4;13;TUE;1;12;False;False;False;55000;99.0;2.22;0.75;AGO;8;ARAUCO;1;NAVIOCARGAGERAL;CGNC;4087;D2030_215_newpanamax
23.0;225.0;0.0;12.75;1.0;5;8;TUE;1;12;False;False;False;70000;51.12;2.47;0.75;AGO;8;RUMO - GSA - E;4;PANAMAX;GSA - E;4088;D2030_215_newpanamax
23.0;225.0;0.0;12.75;1.0;8;15;TUE;1;12;False;False;False;70000;51.12;4.08;0.75;AGO;8;ADM;9;PANAMAX;GSA - E;4089;D2030_215_newpanamax
36.0;225.0;0.0;13.0;1.0;4;12;TUE;1;12;False;False;False;55000;99.66;0.37;0.75;AGO;8;BRACELL;12;NAVIOCARGAGERAL;CGNC;4090;D2030_215_newpanamax
23.0;305.0;11.25;11.25;3.0;4;12;TUE;1;12;False;False;False;4000;20.66;1.58;0.75;AGO;8;BTP;13;POST-PANAMAXI;CGC;4091;D2030_215_newpanamax
23.0;165.0;10.25;0.0;2.0;0;11;TUE;1;12;False;False;False;35000;135.86;2.38;0.75;AGO;8;BUNGE;14;HANDYSIZE;GSA - I;4092;D2030_215_newpanamax
23.0;225.0;0.0;13.25;1.0;9;20;TUE;1;12;False;False;False;70000;68.98;8.21;0.75;AGO;8;COFCO;16;PANAMAX;GSA - E;4093;D2030_215_newpanamax
23.0;225.0;0.0;13.25;1.0;7;14;TUE;1;12;False;False;False;70000;68.98;20.21;0.75;AGO;8;COFCO;16;PANAMAX;GSA - E;4094;D2030_215_newpanamax
23.0;185.0;0.0;11.25;1.0;6;16;TUE;1;12;False;False;False;45000;39.48;1.66;0.75;AGO;8;COPESUCAR;17;HANDYMAX;GSA - E;4095;D2030_215_newpanamax
23.0;225.0;0.0;13.25;1.0;6;18;TUE;1;12;False;False;False;70000;58.85;2.33;0.75;AGO;8;COPESUCAR;17;PANAMAX;GSA - E;4096;D2030_215_newpanamax
23.0;185.0;9.25;0.0;2.0;10;22;TUE;1;12;False;False;False;35000;31.91;1.27;0.75;AGO;8;DOW;20;MRMEDIUMRANGE;GL;4097;D2030_215_newpanamax
23.0;275.0;10.25;10.25;3.0;6;16;TUE;1;12;False;False;False;3000;17.86;4.57;0.75;AGO;8;DPW - CGC;21;PANAMAX;CGC;4098;D2030_215_newpanamax
36.0;225.0;0.0;13.0;1.0;6;14;TUE;1;12;False;False;False;55000;64.0;4.07;0.75;AGO;8;DPW - CGNC;22;NAVIOCARGAGERAL;CGNC;4099;D2030_215_newpanamax
23.0;175.0;0.0;9.75;1.0;7;15;TUE;1;12;False;False;False;35000;27.04;8.04;0.75;AGO;8;ELEVACOES;24;HANDYSIZE;GSA - E;4100;D2030_215_newpanamax
32.2;205.0;0.0;12.2;1.0;7;15;TUE;1;12;False;False;False;55000;39.16;3.32;0.75;AGO;8;ELEVACOES;24;SUPRAMAX;GSA - E;4101;D2030_215_newpanamax
23.0;185.0;9.25;9.25;3.0;4;10;TUE;1;12;False;False;False;1000;16.8;2.58;0.75;AGO;8;SANTOSBR;31;FULLYCELLULAR;CGC;4102;D2030_215_newpanamax
23.0;195.0;9.25;9.25;3.0;6;17;TUE;1;12;False;False;False;1000;16.8;2.7;0.75;AGO;8;SANTOSBR;31;FULLYCELLULAR;CGC;4103;D2030_215_newpanamax
23.0;255.0;10.25;10.25;3.0;5;13;TUE;1;12;False;False;False;3000;15.61;2.34;0.75;AGO;8;SANTOSBR;31;PANAMAX;CGC;4104;D2030_215_newpanamax
23.0;295.0;10.75;10.75;3.0;4;10;TUE;1;12;False;False;False;4000;21.3;1.65;0.75;AGO;8;SANTOSBR;31;POST-PANAMAXI;CGC;4105;D2030_215_newpanamax
43.0;339.0;14.0;14.0;3.0;5;13;TUE;1;12;False;False;False;6000;25.92;2.48;0.75;AGO;8;SANTOSBR;31;POST-PANAMAXII;CGC;4106;D2030_215_newpanamax
23.0;185.0;8.75;8.75;3.0;5;14;TUE;1;12;False;False;True;1500;20.97;3.31;0.75;AGO;8;TEV;37;CARGARO-RO;RORO;4107;D2030_215_newpanamax
23.0;225.0;0.0;13.25;1.0;4;8;TUE;1;12;False;False;False;70000;39.92;2.54;0.75;AGO;8;TGG;38;PANAMAX;GSA - E;4108;D2030_215_newpanamax
23.0;225.0;0.0;11.75;1.0;2;11;TUE;1;12;False;False;False;70000;62.19;1.68;0.75;AGO;8;TIPLAM - GSA - E;41;PANAMAX;GSA - E;4109;D2030_215_newpanamax
23.0;225.0;0.0;12.75;1.0;4;14;TUE;1;12;False;False;False;70000;62.19;1.89;0.75;AGO;8;TIPLAM - GSA - E;41;PANAMAX;GSA - E;4110;D2030_215_newpanamax
23.0;175.0;8.25;0.0;2.0;4;9;TUE;1;12;False;False;False;35000;72.19;4.55;0.75;AGO;8;TIPLAM - GSM - I;42;HANDYSIZE;GSM - I;4111;D2030_215_newpanamax
23.0;175.0;0.0;8.25;1.0;7;8;TUE;1;12;False;False;False;35000;57.11;5.71;0.75;AGO;8;ULTRACARGO;45;MRMEDIUMRANGE;GL;4112;D2030_215_newpanamax
23.0;225.0;0.0;12.25;1.0;7;15;TUE;1;12;False;False;False;70000;55.1;0.32;0.75;AGO;8;XXXIX;48;PANAMAX;GSA - E;4113;D2030_215_newpanamax
38.0;250.0;0.0;14.4;1.0;7;15;TUE;1;12;False;False;False;85000;90.23;0.37;0.75;AGO;8;XXXIX;48;POST-PANAMAX;GSA - E;4114;D2030_215_newpanamax
17.0;75.2;4.15;5.8;1.0;0;0;0;1;12;False;False;False;0;35.42;0.08;0.75;0;8;TUP - Saipem;8;HANDYSIZE;CGNC;4115;D2030_215_newpanamax
18.0;85.34;4.6;4.5;1.0;20;0;0;1;12;False;False;False;0;30.0;0.08;0.75;0;8;TUP - Saipem;8;HANDYSIZE;CGNC;4116;D2030_215_newpanamax
23.0;255.0;10.75;10.75;3.0;8;23;WED;2;13;False;False;False;3000;15.61;2.5;0.75;AGO;8;TECON10;3;PANAMAX;CGC;4117;D2030_215_newpanamax
23.0;225.0;0.0;13.25;1.0;9;20;WED;2;13;False;False;False;70000;51.12;4.47;0.75;AGO;8;RUMO - GSA - E;4;PANAMAX;GSA - E;4118;D2030_215_newpanamax
23.0;225.0;0.0;13.25;1.0;8;18;WED;2;13;False;False;False;70000;51.12;4.9;0.75;AGO;8;ADM;9;PANAMAX;GSA - E;4119;D2030_215_newpanamax
23.0;155.0;0.0;8.25;1.0;7;19;WED;2;13;False;False;False;18000;45.88;0.57;0.75;AGO;8;AGEO_TERMINAIS;11;GPGENERALPURPOSE;GL;4120;D2030_215_newpanamax
36.0;225.0;0.0;13.0;1.0;8;18;WED;2;13;False;False;False;55000;99.66;0.72;0.75;AGO;8;BRACELL;12;NAVIOCARGAGERAL;CGNC;4121;D2030_215_newpanamax
36.0;225.0;0.0;13.0;1.0;8;17;WED;2;13;False;False;False;55000;99.66;2.17;0.75;AGO;8;BRACELL;12;NAVIOCARGAGERAL;CGNC;4122;D2030_215_newpanamax
23.0;295.0;11.75;11.75;3.0;5;16;WED;2;13;False;False;False;4000;20.66;8.54;0.75;AGO;8;BTP;13;POST-PANAMAXI;CGC;4123;D2030_215_newpanamax
23.0;205.0;0.0;10.25;1.0;9;23;WED;2;13;False;False;False;35000;77.19;0.44;0.75;AGO;8;CITROSUCO;15;MRMEDIUMRANGE;GL;4124;D2030_215_newpanamax
23.0;225.0;0.0;13.25;1.0;10;26;WED;2;13;False;False;False;70000;68.98;2.05;0.75;AGO;8;COFCO;16;PANAMAX;GSA - E;4125;D2030_215_newpanamax
38.0;250.0;0.0;14.6;1.0;10;23;WED;2;13;False;False;False;85000;100.81;4.37;0.75;AGO;8;COFCO;16;POST-PANAMAX;GSA - E;4126;D2030_215_newpanamax
23.0;225.0;0.0;13.25;1.0;9;30;WED;2;13;False;False;False;70000;54.03;0.07;0.75;AGO;8;CUTRALE - GSA - E;19;PANAMAX;GSA - E;4127;D2030_215_newpanamax
23.0;215.0;9.75;9.75;3.0;11;28;WED;2;13;False;False;False;1000;13.38;1.95;0.75;AGO;8;DPW - CGC;21;FULLYCELLULAR;CGC;4128;D2030_215_newpanamax
23.0;215.0;9.75;9.75;3.0;10;28;WED;2;13;False;False;False;1000;13.38;1.58;0.75;AGO;8;DPW - CGC;21;FULLYCELLULAR;CGC;4129;D2030_215_newpanamax
23.0;255.0;10.75;10.75;3.0;8;22;WED;2;13;False;False;False;3000;17.86;2.15;0.75;AGO;8;DPW - CGC;21;PANAMAX;CGC;4130;D2030_215_newpanamax
23.0;295.0;12.25;12.25;3.0;11;28;WED;2;13;False;False;False;4000;21.93;1.98;0.75;AGO;8;DPW - CGC;21;POST-PANAMAXI;CGC;4131;D2030_215_newpanamax
23.0;295.0;12.25;12.25;3.0;10;28;WED;2;13;False;False;False;4000;21.93;1.84;0.75;AGO;8;DPW - CGC;21;POST-PANAMAXI;CGC;4132;D2030_215_newpanamax
43.0;339.0;14.0;14.0;3.0;8;22;WED;2;13;False;False;False;6000;27.82;2.86;0.75;AGO;8;DPW - CGC;21;POST-PANAMAXII;CGC;4133;D2030_215_newpanamax
36.0;225.0;0.0;11.7;1.0;8;21;WED;2;13;False;False;False;55000;36.9;5.28;0.75;AGO;8;ELDORADO;23;NAVIOCARGAGERAL;CGNC;4134;D2030_215_newpanamax
23.0;225.0;0.0;13.75;1.0;8;21;WED;2;13;False;False;False;70000;53.25;2.07;0.75;AGO;8;ELEVACOES;24;PANAMAX;GSA - E;4135;D2030_215_newpanamax
23.0;225.0;11.75;0.0;2.0;5;21;WED;2;13;False;False;False;70000;49.28;0.2;0.75;AGO;8;HIDROVIAS;27;PANAMAX;GSM - I;4136;D2030_215_newpanamax
23.0;225.0;0.0;12.75;1.0;7;21;WED;2;13;False;False;False;70000;88.35;0.12;0.75;AGO;8;TEAG;33;PANAMAX;GSA - E;4137;D2030_215_newpanamax
23.0;225.0;0.0;12.75;1.0;8;20;WED;2;13;False;False;False;70000;111.09;4.14;0.75;AGO;8;TES;36;PANAMAX;GSA - E;4138;D2030_215_newpanamax
23.0;225.0;0.0;12.75;1.0;9;23;WED;2;13;False;False;False;70000;111.09;5.7;0.75;AGO;8;TES;36;PANAMAX;GSA - E;4139;D2030_215_newpanamax
23.0;195.0;8.75;8.75;3.0;9;28;WED;2;13;False;False;True;1500;20.97;0.54;0.75;AGO;8;TEV;37;CARGARO-RO;RORO;4140;D2030_215_newpanamax
23.0;235.0;8.75;8.75;3.0;7;23;WED;2;13;False;False;True;5000;19.52;5.43;0.75;AGO;8;TEV;37;LARGEPCTC;RORO;4141;D2030_215_newpanamax
23.0;225.0;0.0;13.25;1.0;10;23;WED;2;13;False;False;False;70000;39.92;1.52;0.75;AGO;8;TGG;38;PANAMAX;GSA - E;4142;D2030_215_newpanamax
23.0;225.0;0.0;13.25;1.0;8;24;WED;2;13;False;False;False;70000;62.19;2.74;0.75;AGO;8;TIPLAM - GSA - E;41;PANAMAX;GSA - E;4143;D2030_215_newpanamax
23.0;175.0;9.25;0.0;2.0;7;17;WED;2;13;False;False;False;35000;72.19;4.0;0.75;AGO;8;TIPLAM - GSM - I;42;HANDYSIZE;GSM - I;4144;D2030_215_newpanamax
23.0;185.0;0.0;9.25;1.0;10;22;WED;2;13;False;False;False;35000;29.94;10.94;0.75;AGO;8;TRANSPETRO;43;MRMEDIUMRANGE;GL;4145;D2030_215_newpanamax
23.0;215.0;9.75;9.75;3.0;12;34;THU;3;14;False;False;False;1000;16.8;2.32;0.75;AGO;8;TECON10;3;FULLYCELLULAR;CGC;4146;D2030_215_newpanamax
23.0;225.0;0.0;13.25;1.0;11;25;THU;3;14;False;False;False;70000;51.12;4.93;0.75;AGO;8;RUMO - GSA - E;4;PANAMAX;GSA - E;4147;D2030_215_newpanamax
23.0;165.0;8.75;0.0;2.0;12;32;THU;3;14;False;False;False;18000;45.88;1.04;0.75;AGO;8;AGEO_TERMINAIS;11;GPGENERALPURPOSE;GL;4148;D2030_215_newpanamax
23.0;185.0;9.75;0.0;2.0;10;27;THU;3;14;False;False;False;35000;64.43;1.61;0.75;AGO;8;AGEO_TERMINAIS;11;MRMEDIUMRANGE;GL;4149;D2030_215_newpanamax
23.0;285.0;12.25;12.25;3.0;9;26;THU;3;14;False;False;False;3000;14.7;1.93;0.75;AGO;8;BTP;13;PANAMAX;CGC;4150;D2030_215_newpanamax
23.0;295.0;12.75;12.75;3.0;9;26;THU;3;14;False;False;False;4000;20.66;2.81;0.75;AGO;8;BTP;13;POST-PANAMAXI;CGC;4151;D2030_215_newpanamax
43.0;339.0;14.0;14.0;3.0;10;31;THU;3;14;False;False;False;6000;23.63;1.5;0.75;AGO;8;BTP;13;POST-PANAMAXII;CGC;4152;D2030_215_newpanamax
23.0;175.0;10.25;0.0;2.0;7;25;THU;3;14;False;False;False;35000;135.86;9.26;0.75;AGO;8;BUNGE;14;HANDYSIZE;GSA - I;4153;D2030_215_newpanamax
23.0;225.0;0.0;13.75;1.0;12;31;THU;3;14;False;False;False;70000;68.98;5.52;0.75;AGO;8;COFCO;16;PANAMAX;GSA - E;4154;D2030_215_newpanamax
23.0;225.0;0.0;12.75;1.0;12;35;THU;3;14;False;False;False;60000;162.93;1.19;0.75;AGO;8;CUTRALE - GL;18;LR1LONGRANGE1;GL;4155;D2030_215_newpanamax
23.0;185.0;10.25;10.25;3.0;11;30;THU;3;14;False;False;False;1000;13.38;1.76;0.75;AGO;8;DPW - CGC;21;FULLYCELLULAR;CGC;4156;D2030_215_newpanamax
23.0;185.0;10.25;10.25;3.0;12;35;THU;3;14;False;False;False;1000;13.38;1.36;0.75;AGO;8;DPW - CGC;21;FULLYCELLULAR;CGC;4157;D2030_215_newpanamax
23.0;265.0;11.25;11.25;3.0;12;35;THU;3;14;False;False;False;3000;17.86;1.68;0.75;AGO;8;DPW - CGC;21;PANAMAX;CGC;4158;D2030_215_newpanamax
36.0;225.0;0.0;11.7;1.0;11;28;THU;3;14;False;False;False;55000;36.9;4.28;0.75;AGO;8;ELDORADO;23;NAVIOCARGAGERAL;CGNC;4159;D2030_215_newpanamax
23.0;195.0;0.0;12.75;1.0;12;35;THU;3;14;False;False;False;45000;37.2;0.95;0.75;AGO;8;ELEVACOES;24;HANDYMAX;GSA - E;4160;D2030_215_newpanamax
23.0;225.0;0.0;13.75;1.0;12;35;THU;3;14;False;False;False;70000;53.25;2.14;0.75;AGO;8;ELEVACOES;24;PANAMAX;GSA - E;4161;D2030_215_newpanamax
23.0;215.0;9.75;9.75;3.0;13;35;THU;3;14;False;False;False;1000;16.8;1.54;0.75;AGO;8;SANTOSBR;31;FULLYCELLULAR;CGC;4162;D2030_215_newpanamax
23.0;295.0;12.25;12.25;3.0;11;30;THU;3;14;False;False;False;4000;21.3;2.54;0.75;AGO;8;SANTOSBR;31;POST-PANAMAXI;CGC;4163;D2030_215_newpanamax
43.0;339.0;14.0;14.0;3.0;11;30;THU;3;14;False;False;False;6000;25.92;3.8;0.75;AGO;8;SANTOSBR;31;POST-PANAMAXII;CGC;4164;D2030_215_newpanamax
23.0;175.0;10.25;0.0;2.0;9;29;THU;3;14;False;False;False;35000;59.07;9.4;0.75;AGO;8;STOLTHAVEN;32;MRMEDIUMRANGE;GL;4165;D2030_215_newpanamax
23.0;185.0;12.25;0.0;2.0;9;32;THU;3;14;False;False;False;45000;89.37;3.05;0.75;AGO;8;TERMAG;35;HANDYMAX;GSM - I;4166;D2030_215_newpanamax
23.0;225.0;14.25;0.0;2.0;6;25;THU;3;14;False;False;False;70000;111.09;2.84;0.75;AGO;8;TERMAG;35;PANAMAX;GSM - I;4167;D2030_215_newpanamax
23.0;225.0;0.0;13.25;1.0;11;29;THU;3;14;False;False;False;70000;111.09;3.4;0.75;AGO;8;TES;36;PANAMAX;GSA - E;4168;D2030_215_newpanamax
23.0;225.0;0.0;12.75;1.0;11;27;THU;3;14;False;False;False;70000;111.09;5.14;0.75;AGO;8;TES;36;PANAMAX;GSA - E;4169;D2030_215_newpanamax
23.0;195.0;8.75;8.75;3.0;10;30;THU;3;14;False;False;True;1500;20.97;7.49;0.75;AGO;8;TEV;37;CARGARO-RO;RORO;4170;D2030_215_newpanamax
23.0;165.0;9.75;0.0;2.0;9;22;THU;3;14;False;False;False;18000;18.55;5.67;0.75;AGO;8;TIPLAM - GL;40;GPGENERALPURPOSE;GL;4171;D2030_215_newpanamax
23.0;225.0;0.0;13.25;1.0;10;27;THU;3;14;False;False;False;70000;62.19;2.96;0.75;AGO;8;TIPLAM - GSA - E;41;PANAMAX;GSA - E;4172;D2030_215_newpanamax
23.0;225.0;10.25;0.0;2.0;14;39;THU;3;14;False;False;False;70000;104.45;5.93;0.75;AGO;8;TIPLAM - GSM - I;42;PANAMAX;GSM - I;4173;D2030_215_newpanamax
23.0;225.0;10.25;0.0;2.0;12;34;THU;3;14;False;False;False;70000;104.45;1.91;0.75;AGO;8;TIPLAM - GSM - I;42;PANAMAX;GSM - I;4174;D2030_215_newpanamax
23.0;225.0;0.0;12.75;1.0;14;37;THU;3;14;False;False;False;70000;55.1;0.0;0.75;AGO;8;XXXIX;48;PANAMAX;GSA - E;4175;D2030_215_newpanamax
33.0;177.9;8.2;8.1;1.0;4;0;0;3;14;False;False;False;0;63.58;0.08;0.75;0;8;TUP - Saipem;8;HANDYSIZE;CGNC;4176;D2030_215_newpanamax
23.0;195.0;10.75;10.75;3.0;17;44;FRI;4;15;False;False;False;1000;16.8;2.18;0.75;AGO;8;TECON10;3;FULLYCELLULAR;CGC;4177;D2030_215_newpanamax
23.0;185.0;9.75;9.75;3.0;12;37;FRI;4;15;False;False;False;1000;13.85;3.1;0.75;AGO;8;BTP;13;FULLYCELLULAR;CGC;4178;D2030_215_newpanamax
23.0;275.0;12.75;12.75;3.0;12;35;FRI;4;15;False;False;False;3000;14.7;3.08;0.75;AGO;8;BTP;13;PANAMAX;CGC;4179;D2030_215_newpanamax
23.0;305.0;12.75;12.75;3.0;11;34;FRI;4;15;False;False;False;4000;20.66;2.68;0.75;AGO;8;BTP;13;POST-PANAMAXI;CGC;4180;D2030_215_newpanamax
23.0;225.0;0.0;13.75;1.0;15;39;FRI;4;15;False;False;False;70000;68.98;3.84;0.75;AGO;8;COFCO;16;PANAMAX;GSA - E;4181;D2030_215_newpanamax
23.0;225.0;0.0;13.75;1.0;15;39;FRI;4;15;False;False;False;70000;68.98;5.21;0.75;AGO;8;COFCO;16;PANAMAX;GSA - E;4182;D2030_215_newpanamax
23.0;195.0;0.0;13.25;1.0;16;52;FRI;4;15;False;False;False;45000;39.48;1.64;0.75;AGO;8;COPESUCAR;17;HANDYMAX;GSA - E;4183;D2030_215_newpanamax
23.0;225.0;0.0;13.75;1.0;16;52;FRI;4;15;False;False;False;70000;58.85;4.0;0.75;AGO;8;COPESUCAR;17;PANAMAX;GSA - E;4184;D2030_215_newpanamax
23.0;205.0;10.75;10.75;3.0;16;44;FRI;4;15;False;False;False;1000;13.38;2.09;0.75;AGO;8;DPW - CGC;21;FULLYCELLULAR;CGC;4185;D2030_215_newpanamax
23.0;265.0;11.75;11.75;3.0;16;44;FRI;4;15;False;False;False;3000;17.86;1.32;0.75;AGO;8;DPW - CGC;21;PANAMAX;CGC;4186;D2030_215_newpanamax
43.0;339.0;14.0;14.0;3.0;16;44;FRI;4;15;False;False;False;6000;27.82;2.04;0.75;AGO;8;DPW - CGC;21;POST-PANAMAXII;CGC;4187;D2030_215_newpanamax
23.0;225.0;0.0;13.75;1.0;13;38;FRI;4;15;False;False;False;70000;53.25;1.98;0.75;AGO;8;ELEVACOES;24;PANAMAX;GSA - E;4188;D2030_215_newpanamax
32.2;205.0;0.0;12.2;1.0;13;38;FRI;4;15;False;False;False;55000;39.16;2.54;0.75;AGO;8;ELEVACOES;24;SUPRAMAX;GSA - E;4189;D2030_215_newpanamax
23.0;185.0;10.25;10.25;3.0;14;38;FRI;4;15;False;False;False;1000;16.8;2.32;0.75;AGO;8;SANTOSBR;31;FULLYCELLULAR;CGC;4190;D2030_215_newpanamax
23.0;275.0;11.75;11.75;3.0;16;44;FRI;4;15;False;False;False;3000;15.61;3.51;0.75;AGO;8;SANTOSBR;31;PANAMAX;CGC;4191;D2030_215_newpanamax
23.0;305.0;12.75;12.75;3.0;16;44;FRI;4;15;False;False;False;4000;21.3;1.91;0.75;AGO;8;SANTOSBR;31;POST-PANAMAXI;CGC;4192;D2030_215_newpanamax
23.0;225.0;0.0;13.25;1.0;15;36;FRI;4;15;False;False;False;70000;78.07;0.14;0.75;AGO;8;TEG;34;PANAMAX;GSA - E;4193;D2030_215_newpanamax
23.0;225.0;0.0;13.25;1.0;15;38;FRI;4;15;False;False;False;70000;78.07;0.26;0.75;AGO;8;TEG;34;PANAMAX;GSA - E;4194;D2030_215_newpanamax
23.0;225.0;0.0;13.25;1.0;13;33;FRI;4;15;False;False;False;70000;111.09;3.04;0.75;AGO;8;TES;36;PANAMAX;GSA - E;4195;D2030_215_newpanamax
23.0;225.0;0.0;13.75;1.0;14;45;FRI;4;15;False;False;False;70000;39.92;4.08;0.75;AGO;8;TGG;38;PANAMAX;GSA - E;4196;D2030_215_newpanamax
23.0;165.0;9.75;0.0;2.0;11;41;FRI;4;15;False;False;False;18000;18.55;6.57;0.75;AGO;8;TIPLAM - GL;40;GPGENERALPURPOSE;GL;4197;D2030_215_newpanamax
23.0;225.0;0.0;13.25;1.0;15;40;FRI;4;15;False;False;False;70000;62.19;2.5;0.75;AGO;8;TIPLAM - GSA - E;41;PANAMAX;GSA - E;4198;D2030_215_newpanamax
23.0;185.0;0.0;9.75;1.0;16;41;FRI;4;15;False;False;False;35000;29.94;15.73;0.75;AGO;8;TRANSPETRO;43;MRMEDIUMRANGE;GL;4199;D2030_215_newpanamax
23.0;165.0;9.25;0.0;2.0;17;45;FRI;4;15;False;False;False;18000;41.58;0.0;0.75;AGO;8;VOPAK;47;GPGENERALPURPOSE;GL;4200;D2030_215_newpanamax
23.0;185.0;10.75;0.0;2.0;17;43;FRI;4;15;False;False;False;35000;62.88;0.0;0.75;AGO;8;VOPAK;47;MRMEDIUMRANGE;GL;4201;D2030_215_newpanamax
18.0;76.0;6.0;5.5;1.0;16;20;0;4;15;False;False;False;0;22.5;0.08;0.75;0;8;TUP - Saipem;8;HANDYSIZE;CGNC;4202;D2030_215_newpanamax
23.0;265.0;12.25;12.25;3.0;18;49;SAT;5;16;False;False;False;3000;15.61;3.57;0.75;AGO;8;TECON10;3;PANAMAX;CGC;4203;D2030_215_newpanamax
23.0;155.0;9.75;0.0;2.0;16;46;SAT;5;16;False;False;False;18000;45.88;0.45;0.75;AGO;8;AGEO_TERMINAIS;11;GPGENERALPURPOSE;GL;4204;D2030_215_newpanamax
23.0;295.0;14.25;14.25;3.0;20;54;SAT;5;16;False;False;False;4000;20.66;1.94;0.75;AGO;8;BTP;13;POST-PANAMAXI;CGC;4205;D2030_215_newpanamax
23.0;295.0;14.25;14.25;3.0;18;51;SAT;5;16;False;False;False;4000;20.66;2.09;0.75;AGO;8;BTP;13;POST-PANAMAXI;CGC;4206;D2030_215_newpanamax
23.0;225.0;0.0;14.25;1.0;16;47;SAT;5;16;False;False;False;70000;68.98;5.69;0.75;AGO;8;COFCO;16;PANAMAX;GSA - E;4207;D2030_215_newpanamax
23.0;225.0;0.0;14.25;1.0;16;47;SAT;5;16;False;False;False;70000;68.98;12.66;0.75;AGO;8;COFCO;16;PANAMAX;GSA - E;4208;D2030_215_newpanamax
23.0;195.0;0.0;13.25;1.0;17;56;SAT;5;16;False;False;False;45000;39.48;2.15;0.75;AGO;8;COPESUCAR;17;HANDYMAX;GSA - E;4209;D2030_215_newpanamax
23.0;195.0;11.25;11.25;3.0;18;51;SAT;5;16;False;False;False;1000;13.38;1.27;0.75;AGO;8;DPW - CGC;21;FULLYCELLULAR;CGC;4210;D2030_215_newpanamax
23.0;265.0;12.25;12.25;3.0;17;47;SAT;5;16;False;False;False;3000;17.86;3.0;0.75;AGO;8;DPW - CGC;21;PANAMAX;CGC;4211;D2030_215_newpanamax
23.0;255.0;12.75;12.75;3.0;19;53;SAT;5;16;False;False;False;3000;17.86;1.52;0.75;AGO;8;DPW - CGC;21;PANAMAX;CGC;4212;D2030_215_newpanamax
23.0;175.0;0.0;10.25;1.0;18;53;SAT;5;16;False;False;False;35000;27.04;2.59;0.75;AGO;8;ELEVACOES;24;HANDYSIZE;GSA - E;4213;D2030_215_newpanamax
23.0;225.0;0.0;14.2;1.0;18;51;SAT;5;16;False;False;False;70000;53.25;2.41;0.75;AGO;8;ELEVACOES;24;PANAMAX;GSA - E;4214;D2030_215_newpanamax
32.2;205.0;0.0;12.2;1.0;18;53;SAT;5;16;False;False;False;55000;39.16;3.73;0.75;AGO;8;ELEVACOES;24;SUPRAMAX;GSA - E;4215;D2030_215_newpanamax
23.0;215.0;10.75;10.75;3.0;18;48;SAT;5;16;False;False;False;1000;16.8;5.01;0.75;AGO;8;SANTOSBR;31;FULLYCELLULAR;CGC;4216;D2030_215_newpanamax
23.0;265.0;12.25;12.25;3.0;18;49;SAT;5;16;False;False;False;3000;15.61;2.48;0.75;AGO;8;SANTOSBR;31;PANAMAX;CGC;4217;D2030_215_newpanamax
23.0;295.0;13.25;13.25;3.0;18;48;SAT;5;16;False;False;False;4000;21.3;1.33;0.75;AGO;8;SANTOSBR;31;POST-PANAMAXI;CGC;4218;D2030_215_newpanamax
23.0;225.0;0.0;13.25;1.0;15;42;SAT;5;16;False;False;False;70000;88.35;4.04;0.75;AGO;8;TEAG;33;PANAMAX;GSA - E;4219;D2030_215_newpanamax
23.0;225.0;0.0;13.25;1.0;14;44;SAT;5;16;False;False;False;70000;111.09;2.43;0.75;AGO;8;TES;36;PANAMAX;GSA - E;4220;D2030_215_newpanamax
23.0;225.0;0.0;13.25;1.0;17;57;SAT;5;16;False;False;False;70000;111.09;4.03;0.75;AGO;8;TES;36;PANAMAX;GSA - E;4221;D2030_215_newpanamax
23.0;225.0;0.0;13.75;1.0;15;46;SAT;5;16;False;False;False;70000;39.92;2.27;0.75;AGO;8;TGG;38;PANAMAX;GSA - E;4222;D2030_215_newpanamax
38.0;250.0;0.0;14.1;1.0;17;48;SAT;5;16;False;False;False;85000;73.55;4.13;0.75;AGO;8;TIPLAM - GSA - E;41;POST-PANAMAX;GSA - E;4223;D2030_215_newpanamax
23.0;185.0;0.0;10.75;1.0;19;52;SAT;5;16;False;False;False;35000;29.94;1.54;0.75;AGO;8;TRANSPETRO;43;MRMEDIUMRANGE;GL;4224;D2030_215_newpanamax
23.0;225.0;0.0;13.25;1.0;19;55;SAT;5;16;False;False;False;70000;55.1;0.03;0.75;AGO;8;XXXIX;48;PANAMAX;GSA - E;4225;D2030_215_newpanamax
36.0;225.0;0.0;13.0;1.0;21;40;SUN;6;17;False;False;False;55000;99.0;4.17;0.75;AGO;8;ARAUCO;1;NAVIOCARGAGERAL;CGNC;4226;D2030_215_newpanamax
23.0;275.0;13.25;13.25;3.0;22;48;SUN;6;17;False;False;False;3000;15.61;2.58;0.75;AGO;8;TECON10;3;PANAMAX;CGC;4227;D2030_215_newpanamax
23.0;135.0;7.75;7.75;3.0;23;11;SUN;6;17;False;False;False;500;20.71;4.73;0.75;AGO;8;BTP;13;FEEDER/EARLY;CGC;4228;D2030_215_newpanamax
23.0;305.0;14.5;14.5;3.0;23;11;SUN;6;17;False;False;False;4000;20.66;1.89;0.75;AGO;8;BTP;13;POST-PANAMAXI;CGC;4229;D2030_215_newpanamax
43.0;339.0;14.0;14.0;3.0;23;11;SUN;6;17;False;False;False;6000;23.63;6.53;0.75;AGO;8;BTP;13;POST-PANAMAXII;CGC;4230;D2030_215_newpanamax
23.0;225.0;0.0;14.25;1.0;22;59;SUN;6;17;False;False;False;70000;68.98;2.93;0.75;AGO;8;COFCO;16;PANAMAX;GSA - E;4231;D2030_215_newpanamax
23.0;225.0;0.0;14.25;1.0;21;55;SUN;6;17;False;False;False;70000;68.98;5.8;0.75;AGO;8;COFCO;16;PANAMAX;GSA - E;4232;D2030_215_newpanamax
23.0;205.0;11.75;11.75;3.0;23;46;SUN;6;17;False;False;False;1000;13.38;1.73;0.75;AGO;8;DPW - CGC;21;FULLYCELLULAR;CGC;4233;D2030_215_newpanamax
23.0;275.0;14.25;14.25;3.0;23;46;SUN;6;17;False;False;False;3000;17.86;2.36;0.75;AGO;8;DPW - CGC;21;PANAMAX;CGC;4234;D2030_215_newpanamax
23.0;325.0;14.25;14.25;3.0;23;46;SUN;6;17;False;False;False;4000;21.93;4.38;0.75;AGO;8;DPW - CGC;21;POST-PANAMAXI;CGC;4235;D2030_215_newpanamax
36.0;225.0;0.0;11.7;1.0;22;59;SUN;6;17;False;False;False;55000;36.9;7.59;0.75;AGO;8;ELDORADO;23;NAVIOCARGAGERAL;CGNC;4236;D2030_215_newpanamax
23.0;195.0;12.25;0.0;2.0;22;59;SUN;6;17;False;False;False;45000;75.33;0.61;0.75;AGO;8;HIDROVIAS;27;HANDYMAX;GSM - I;4237;D2030_215_newpanamax
23.0;135.0;7.25;7.25;3.0;23;29;SUN;6;17;False;False;False;500;7.08;2.43;0.75;AGO;8;SANTOSBR;31;FEEDER/EARLY;CGC;4238;D2030_215_newpanamax
23.0;205.0;11.75;11.75;3.0;22;58;SUN;6;17;False;False;False;1000;16.8;2.39;0.75;AGO;8;SANTOSBR;31;FULLYCELLULAR;CGC;4239;D2030_215_newpanamax
23.0;275.0;13.25;13.25;3.0;22;58;SUN;6;17;False;False;False;3000;15.61;2.27;0.75;AGO;8;SANTOSBR;31;PANAMAX;CGC;4240;D2030_215_newpanamax
23.0;275.0;13.75;13.75;3.0;23;19;SUN;6;17;False;False;False;3000;15.61;5.99;0.75;AGO;8;SANTOSBR;31;PANAMAX;CGC;4241;D2030_215_newpanamax
23.0;225.0;0.0;13.25;1.0;20;57;SUN;6;17;False;False;False;70000;88.35;1.35;0.75;AGO;8;TEAG;33;PANAMAX;GSA - E;4242;D2030_215_newpanamax
23.0;225.0;0.0;13.25;1.0;23;24;SUN;6;17;False;False;False;70000;78.07;1.27;0.75;AGO;8;TEG;34;PANAMAX;GSA - E;4243;D2030_215_newpanamax
23.0;225.0;0.0;14.25;1.0;23;48;SUN;6;17;False;False;False;70000;39.92;5.8;0.75;AGO;8;TGG;38;PANAMAX;GSA - E;4244;D2030_215_newpanamax
23.0;225.0;13.75;0.0;2.0;19;56;SUN;6;17;False;False;False;70000;104.45;0.85;0.75;AGO;8;TIPLAM - GSM - I;42;PANAMAX;GSM - I;4245;D2030_215_newpanamax
17.0;82.3;4.5;4.4;3.0;8;30;0;6;17;False;False;False;0;26.67;0.17;0.75;0;8;TUP - Saipem;8;HANDYSIZE;CGNC;4246;D2030_215_newpanamax
18.0;85.34;4.2;4.4;1.0;14;20;0;6;17;False;False;False;0;46.33;0.17;0.75;0;8;TUP - Saipem;8;HANDYSIZE;CGNC;4247;D2030_215_newpanamax
36.0;225.0;0.0;13.0;1.0;0;1;MON;0;18;False;False;False;55000;99.0;2.51;0.75;AGO;8;ARAUCO;1;NAVIOCARGAGERAL;CGNC;4248;D2030_215_newpanamax
23.0;185.0;10.25;0.0;2.0;1;5;MON;0;18;False;False;False;45000;89.37;9.2;0.75;AGO;8;RUMO - GSM - I;5;HANDYMAX;GSM - I;4249;D2030_215_newpanamax
36.0;225.0;0.0;13.0;1.0;3;9;MON;0;18;False;False;False;55000;99.66;1.79;0.75;AGO;8;BRACELL;12;NAVIOCARGAGERAL;CGNC;4250;D2030_215_newpanamax
23.0;165.0;9.75;0.0;2.0;0;8;MON;0;18;False;False;False;35000;135.86;1.52;0.75;AGO;8;BUNGE;14;HANDYSIZE;GSA - I;4251;D2030_215_newpanamax
23.0;225.0;0.0;10.75;1.0;3;7;MON;0;18;False;False;False;70000;68.98;2.84;0.75;AGO;8;COFCO;16;PANAMAX;GSA - E;4252;D2030_215_newpanamax
23.0;185.0;0.0;10.25;1.0;5;10;MON;0;18;False;False;False;45000;39.48;1.39;0.75;AGO;8;COPESUCAR;17;HANDYMAX;GSA - E;4253;D2030_215_newpanamax
23.0;185.0;0.0;10.25;1.0;4;8;MON;0;18;False;False;False;45000;39.48;2.73;0.75;AGO;8;COPESUCAR;17;HANDYMAX;GSA - E;4254;D2030_215_newpanamax
23.0;225.0;0.0;12.75;1.0;2;3;MON;0;18;False;False;False;70000;58.85;1.91;0.75;AGO;8;COPESUCAR;17;PANAMAX;GSA - E;4255;D2030_215_newpanamax
23.0;185.0;7.25;7.25;3.0;0;0;MON;0;18;False;False;False;1000;13.38;1.04;0.75;AGO;8;DPW - CGC;21;FULLYCELLULAR;CGC;4256;D2030_215_newpanamax
23.0;255.0;9.25;9.25;3.0;0;1;MON;0;18;False;False;False;3000;17.86;3.4;0.75;AGO;8;DPW - CGC;21;PANAMAX;CGC;4257;D2030_215_newpanamax
43.0;339.0;14.0;14.0;3.0;0;0;MON;0;18;False;False;False;6000;27.82;2.15;0.75;AGO;8;DPW - CGC;21;POST-PANAMAXII;CGC;4258;D2030_215_newpanamax
23.0;225.0;0.0;13.25;1.0;0;3;MON;0;18;False;False;False;70000;53.25;3.5;0.75;AGO;8;ELEVACOES;24;PANAMAX;GSA - E;4259;D2030_215_newpanamax
23.0;225.0;0.0;9.25;1.0;0;1;MON;0;18;False;False;False;70000;53.25;4.61;0.75;AGO;8;ELEVACOES;24;PANAMAX;GSA - E;4260;D2030_215_newpanamax
32.2;205.0;0.0;12.2;1.0;0;2;MON;0;18;False;False;False;55000;39.16;2.82;0.75;AGO;8;ELEVACOES;24;SUPRAMAX;GSA - E;4261;D2030_215_newpanamax
23.0;175.0;8.25;0.0;2.0;1;4;MON;0;18;False;False;False;35000;59.83;0.65;0.75;AGO;8;HIDROVIAS;27;HANDYSIZE;GSM - I;4262;D2030_215_newpanamax
36.0;225.0;0.0;11.7;1.0;6;5;MON;0;18;False;False;False;55000;200.0;14.38;0.75;AGO;8;NST - CGNC;29;NAVIOCARGAGERAL;CGNC;4263;D2030_215_newpanamax
23.0;185.0;7.75;7.75;3.0;0;0;MON;0;18;False;False;False;1000;16.8;1.08;0.75;AGO;8;SANTOSBR;31;FULLYCELLULAR;CGC;4264;D2030_215_newpanamax
23.0;265.0;8.25;8.25;3.0;0;0;MON;0;18;False;False;False;3000;15.61;3.1;0.75;AGO;8;SANTOSBR;31;PANAMAX;CGC;4265;D2030_215_newpanamax
23.0;295.0;10.25;10.25;3.0;2;6;MON;0;18;False;False;False;4000;21.3;4.16;0.75;AGO;8;SANTOSBR;31;POST-PANAMAXI;CGC;4266;D2030_215_newpanamax
23.0;225.0;0.0;12.25;1.0;2;3;MON;0;18;False;False;False;70000;78.07;0.73;0.75;AGO;8;TEG;34;PANAMAX;GSA - E;4267;D2030_215_newpanamax
23.0;225.0;0.0;11.75;1.0;0;1;MON;0;18;False;False;False;70000;111.09;6.27;0.75;AGO;8;TES;36;PANAMAX;GSA - E;4268;D2030_215_newpanamax
23.0;225.0;0.0;12.75;1.0;0;4;MON;0;18;False;False;False;70000;39.92;1.89;0.75;AGO;8;TGG;38;PANAMAX;GSA - E;4269;D2030_215_newpanamax
23.0;225.0;0.0;8.75;1.0;0;3;MON;0;18;False;False;False;70000;62.19;2.17;0.75;AGO;8;TIPLAM - GSA - E;41;PANAMAX;GSA - E;4270;D2030_215_newpanamax
23.0;225.0;0.0;10.75;1.0;0;6;MON;0;18;False;False;False;70000;62.19;2.68;0.75;AGO;8;TIPLAM - GSA - E;41;PANAMAX;GSA - E;4271;D2030_215_newpanamax
23.0;185.0;0.0;8.25;1.0;0;2;MON;0;18;False;False;False;35000;29.94;1.79;0.75;AGO;8;TRANSPETRO;43;MRMEDIUMRANGE;GL;4272;D2030_215_newpanamax
23.0;285.0;0.0;10.25;1.0;8;2;MON;0;18;True;False;False;76500;53.08;0.0;0.75;AGO;8;TRSP;44;LNGCARRIER;GL;4273;D2030_215_newpanamax
23.0;155.0;0.0;8.75;1.0;3;3;MON;0;18;False;False;False;18000;41.58;0.0;0.75;AGO;8;VOPAK;47;GPGENERALPURPOSE;GL;4274;D2030_215_newpanamax
23.0;225.0;0.0;10.25;1.0;0;2;MON;0;18;False;False;False;70000;55.1;10.46;0.75;AGO;8;XXXIX;48;PANAMAX;GSA - E;4275;D2030_215_newpanamax
19.0;87.9;5.1;4.9;1.0;9;50;0;0;18;False;False;False;0;60.17;0.17;0.75;0;8;TUP - Saipem;8;HANDYSIZE;CGNC;4276;D2030_215_newpanamax
23.0;255.0;10.25;10.25;3.0;5;11;TUE;1;19;False;False;False;3000;15.61;2.89;0.75;AGO;8;TECON10;3;PANAMAX;CGC;4277;D2030_215_newpanamax
23.0;225.0;0.0;12.75;1.0;5;8;TUE;1;19;False;False;False;70000;51.12;3.96;0.75;AGO;8;RUMO - GSA - E;4;PANAMAX;GSA - E;4278;D2030_215_newpanamax
23.0;165.0;0.0;7.25;1.0;3;8;TUE;1;19;False;False;False;18000;45.88;0.51;0.75;AGO;8;AGEO_TERMINAIS;11;GPGENERALPURPOSE;GL;4279;D2030_215_newpanamax
23.0;245.0;11.25;11.25;3.0;4;12;TUE;1;19;False;False;False;3000;14.7;1.45;0.75;AGO;8;BTP;13;PANAMAX;CGC;4280;D2030_215_newpanamax
23.0;295.0;10.75;10.75;3.0;2;6;TUE;1;19;False;False;False;4000;20.66;1.92;0.75;AGO;8;BTP;13;POST-PANAMAXI;CGC;4281;D2030_215_newpanamax
23.0;225.0;0.0;13.25;1.0;6;12;TUE;1;19;False;False;False;70000;68.98;4.61;0.75;AGO;8;COFCO;16;PANAMAX;GSA - E;4282;D2030_215_newpanamax
23.0;225.0;0.0;13.25;1.0;8;18;TUE;1;19;False;False;False;70000;68.98;27.33;0.75;AGO;8;COFCO;16;PANAMAX;GSA - E;4283;D2030_215_newpanamax
23.0;185.0;0.0;11.25;1.0;5;16;TUE;1;19;False;False;False;45000;39.48;2.43;0.75;AGO;8;COPESUCAR;17;HANDYMAX;GSA - E;4284;D2030_215_newpanamax
23.0;185.0;0.0;11.25;1.0;6;18;TUE;1;19;False;False;False;45000;39.48;2.6;0.75;AGO;8;COPESUCAR;17;HANDYMAX;GSA - E;4285;D2030_215_newpanamax
23.0;225.0;0.0;13.25;1.0;6;17;TUE;1;19;False;False;False;70000;58.85;2.87;0.75;AGO;8;COPESUCAR;17;PANAMAX;GSA - E;4286;D2030_215_newpanamax
23.0;165.0;8.25;0.0;2.0;10;22;TUE;1;19;False;False;False;18000;12.03;4.02;0.75;AGO;8;DOW;20;GPGENERALPURPOSE;GL;4287;D2030_215_newpanamax
23.0;275.0;10.25;10.25;3.0;6;16;TUE;1;19;False;False;False;3000;17.86;1.86;0.75;AGO;8;DPW - CGC;21;PANAMAX;CGC;4288;D2030_215_newpanamax
23.0;195.0;0.0;11.75;1.0;7;15;TUE;1;19;False;False;False;45000;37.2;2.79;0.75;AGO;8;ELEVACOES;24;HANDYMAX;GSA - E;4289;D2030_215_newpanamax
23.0;175.0;0.0;9.75;1.0;8;18;TUE;1;19;False;False;False;35000;27.04;4.05;0.75;AGO;8;ELEVACOES;24;HANDYSIZE;GSA - E;4290;D2030_215_newpanamax
23.0;225.0;0.0;13.75;1.0;7;16;TUE;1;19;False;False;False;70000;53.25;1.19;0.75;AGO;8;ELEVACOES;24;PANAMAX;GSA - E;4291;D2030_215_newpanamax
23.0;185.0;9.25;9.25;3.0;5;13;TUE;1;19;False;False;False;1000;16.8;2.07;0.75;AGO;8;SANTOSBR;31;FULLYCELLULAR;CGC;4292;D2030_215_newpanamax
23.0;195.0;9.25;9.25;3.0;6;17;TUE;1;19;False;False;False;1000;16.8;1.55;0.75;AGO;8;SANTOSBR;31;FULLYCELLULAR;CGC;4293;D2030_215_newpanamax
23.0;255.0;10.25;10.25;3.0;6;17;TUE;1;19;False;False;False;3000;15.61;2.8;0.75;AGO;8;SANTOSBR;31;PANAMAX;CGC;4294;D2030_215_newpanamax
43.0;339.0;14.0;14.0;3.0;4;10;TUE;1;19;False;False;False;6000;25.92;1.46;0.75;AGO;8;SANTOSBR;31;POST-PANAMAXII;CGC;4295;D2030_215_newpanamax
43.0;339.0;14.0;14.0;3.0;6;17;TUE;1;19;False;False;False;6000;25.92;2.8;0.75;AGO;8;SANTOSBR;31;POST-PANAMAXII;CGC;4296;D2030_215_newpanamax
23.0;235.0;8.25;8.25;3.0;5;14;TUE;1;19;False;False;True;5000;19.52;1.94;0.75;AGO;8;TEV;37;LARGEPCTC;RORO;4297;D2030_215_newpanamax
23.0;225.0;0.0;13.25;1.0;7;15;TUE;1;19;False;False;False;70000;39.92;4.32;0.75;AGO;8;TGG;38;PANAMAX;GSA - E;4298;D2030_215_newpanamax
23.0;225.0;0.0;12.75;1.0;4;14;TUE;1;19;False;False;False;70000;62.19;2.86;0.75;AGO;8;TIPLAM - GSA - E;41;PANAMAX;GSA - E;4299;D2030_215_newpanamax
23.0;225.0;0.0;12.25;1.0;4;13;TUE;1;19;False;False;False;70000;62.19;7.4;0.75;AGO;8;TIPLAM - GSA - E;41;PANAMAX;GSA - E;4300;D2030_215_newpanamax
23.0;185.0;0.0;8.75;1.0;6;13;TUE;1;19;False;False;False;35000;29.94;13.32;0.75;AGO;8;TRANSPETRO;43;MRMEDIUMRANGE;GL;4301;D2030_215_newpanamax
23.0;175.0;0.0;7.75;1.0;5;16;TUE;1;19;False;False;False;35000;90.66;14.57;0.75;AGO;8;USIMINAS;46;HANDYSIZE;CGNC;4302;D2030_215_newpanamax
23.0;225.0;0.0;12.25;1.0;8;20;TUE;1;19;False;False;False;70000;55.1;9.52;0.75;AGO;8;XXXIX;48;PANAMAX;GSA - E;4303;D2030_215_newpanamax
23.0;225.0;0.0;12.25;1.0;8;21;TUE;1;19;False;False;False;70000;55.1;2.4;0.75;AGO;8;XXXIX;48;PANAMAX;GSA - E;4304;D2030_215_newpanamax
36.0;225.0;0.0;13.0;1.0;8;19;WED;2;20;False;False;False;55000;99.0;5.73;0.75;AGO;8;ARAUCO;1;NAVIOCARGAGERAL;CGNC;4305;D2030_215_newpanamax
23.0;225.0;0.0;13.25;1.0;9;19;WED;2;20;False;False;False;70000;51.12;4.68;0.75;AGO;8;RUMO - GSA - E;4;PANAMAX;GSA - E;4306;D2030_215_newpanamax
23.0;225.0;14.25;0.0;2.0;5;21;WED;2;20;False;False;False;70000;111.09;6.88;0.75;AGO;8;RUMO - GSM - I;5;PANAMAX;GSM - I;4307;D2030_215_newpanamax
23.0;155.0;0.0;8.25;1.0;7;19;WED;2;20;False;False;False;18000;45.88;0.53;0.75;AGO;8;AGEO_TERMINAIS;11;GPGENERALPURPOSE;GL;4308;D2030_215_newpanamax
36.0;225.0;0.0;13.0;1.0;9;22;WED;2;20;False;False;False;55000;99.66;3.66;0.75;AGO;8;BRACELL;12;NAVIOCARGAGERAL;CGNC;4309;D2030_215_newpanamax
36.0;225.0;0.0;13.0;1.0;7;17;WED;2;20;False;False;False;55000;99.66;1.11;0.75;AGO;8;BRACELL;12;NAVIOCARGAGERAL;CGNC;4310;D2030_215_newpanamax
23.0;295.0;11.75;11.75;3.0;5;16;WED;2;20;False;False;False;4000;20.66;3.59;0.75;AGO;8;BTP;13;POST-PANAMAXI;CGC;4311;D2030_215_newpanamax
23.0;205.0;0.0;10.25;1.0;9;21;WED;2;20;False;False;False;35000;77.19;0.4;0.75;AGO;8;CITROSUCO;15;MRMEDIUMRANGE;GL;4312;D2030_215_newpanamax
23.0;225.0;0.0;13.75;1.0;11;28;WED;2;20;False;False;False;70000;68.98;3.8;0.75;AGO;8;COFCO;16;PANAMAX;GSA - E;4313;D2030_215_newpanamax
38.0;250.0;0.0;14.6;1.0;10;24;WED;2;20;False;False;False;85000;100.81;18.31;0.75;AGO;8;COFCO;16;POST-PANAMAX;GSA - E;4314;D2030_215_newpanamax
23.0;165.0;8.25;0.0;2.0;12;27;WED;2;20;False;False;False;18000;12.03;2.41;0.75;AGO;8;DOW;20;GPGENERALPURPOSE;GL;4315;D2030_215_newpanamax
23.0;215.0;9.75;9.75;3.0;10;26;WED;2;20;False;False;False;1000;13.38;0.68;0.75;AGO;8;DPW - CGC;21;FULLYCELLULAR;CGC;4316;D2030_215_newpanamax
23.0;215.0;9.75;9.75;3.0;8;22;WED;2;20;False;False;False;1000;13.38;1.51;0.75;AGO;8;DPW - CGC;21;FULLYCELLULAR;CGC;4317;D2030_215_newpanamax
23.0;275.0;10.75;10.75;3.0;10;28;WED;2;20;False;False;False;3000;17.86;1.59;0.75;AGO;8;DPW - CGC;21;PANAMAX;CGC;4318;D2030_215_newpanamax
23.0;235.0;10.75;10.75;3.0;7;19;WED;2;20;False;False;False;3000;17.86;1.25;0.75;AGO;8;DPW - CGC;21;PANAMAX;CGC;4319;D2030_215_newpanamax
23.0;325.0;11.25;11.25;3.0;8;22;WED;2;20;False;False;False;4000;21.93;1.05;0.75;AGO;8;DPW - CGC;21;POST-PANAMAXI;CGC;4320;D2030_215_newpanamax
36.0;225.0;0.0;13.0;1.0;8;22;WED;2;20;False;False;False;55000;64.0;1.71;0.75;AGO;8;DPW - CGNC;22;NAVIOCARGAGERAL;CGNC;4321;D2030_215_newpanamax
36.0;225.0;0.0;11.7;1.0;8;20;WED;2;20;False;False;False;55000;36.9;0.63;0.75;AGO;8;ELDORADO;23;NAVIOCARGAGERAL;CGNC;4322;D2030_215_newpanamax
23.0;185.0;10.75;0.0;2.0;5;21;WED;2;20;False;False;False;45000;75.33;0.52;0.75;AGO;8;HIDROVIAS;27;HANDYMAX;GSM - I;4323;D2030_215_newpanamax
23.0;175.0;9.75;0.0;2.0;5;21;WED;2;20;False;False;False;35000;59.83;2.52;0.75;AGO;8;HIDROVIAS;27;HANDYSIZE;GSM - I;4324;D2030_215_newpanamax
23.0;225.0;0.0;12.75;1.0;7;21;WED;2;20;False;False;False;70000;88.35;2.8;0.75;AGO;8;TEAG;33;PANAMAX;GSA - E;4325;D2030_215_newpanamax
23.0;225.0;0.0;13.25;1.0;7;18;WED;2;20;False;False;False;70000;78.07;2.45;0.75;AGO;8;TEG;34;PANAMAX;GSA - E;4326;D2030_215_newpanamax
23.0;225.0;0.0;12.75;1.0;9;23;WED;2;20;False;False;False;70000;111.09;2.43;0.75;AGO;8;TES;36;PANAMAX;GSA - E;4327;D2030_215_newpanamax
23.0;195.0;8.75;8.75;3.0;7;23;WED;2;20;False;False;True;1500;20.97;3.93;0.75;AGO;8;TEV;37;CARGARO-RO;RORO;4328;D2030_215_newpanamax
23.0;215.0;8.25;8.25;3.0;7;23;WED;2;20;False;False;True;3000;20.25;6.57;0.75;AGO;8;TEV;37;PCTCPADRAO;RORO;4329;D2030_215_newpanamax
23.0;225.0;0.0;13.25;1.0;9;22;WED;2;20;False;False;False;70000;39.92;4.41;0.75;AGO;8;TGG;38;PANAMAX;GSA - E;4330;D2030_215_newpanamax
23.0;225.0;0.0;12.75;1.0;6;17;WED;2;20;False;False;False;70000;62.19;9.12;0.75;AGO;8;TIPLAM - GSA - E;41;PANAMAX;GSA - E;4331;D2030_215_newpanamax
23.0;185.0;9.75;0.0;2.0;7;17;WED;2;20;False;False;False;45000;85.0;7.75;0.75;AGO;8;TIPLAM - GSM - I;42;HANDYMAX;GSM - I;4332;D2030_215_newpanamax
23.0;185.0;0.0;8.75;1.0;8;17;WED;2;20;False;False;False;35000;29.94;0.59;0.75;AGO;8;TRANSPETRO;43;MRMEDIUMRANGE;GL;4333;D2030_215_newpanamax
36.0;225.0;0.0;13.0;1.0;10;30;THU;3;21;False;False;False;55000;99.0;2.73;0.75;AGO;8;ARAUCO;1;NAVIOCARGAGERAL;CGNC;4334;D2030_215_newpanamax
23.0;185.0;12.25;0.0;2.0;6;25;THU;3;21;False;False;False;45000;89.37;3.48;0.75;AGO;8;RUMO - GSM - I;5;HANDYMAX;GSM - I;4335;D2030_215_newpanamax
23.0;155.0;8.75;0.0;2.0;11;28;THU;3;21;False;False;False;18000;45.88;0.49;0.75;AGO;8;AGEO_TERMINAIS;11;GPGENERALPURPOSE;GL;4336;D2030_215_newpanamax
23.0;215.0;9.25;9.25;3.0;10;31;THU;3;21;False;False;False;1000;13.85;1.83;0.75;AGO;8;BTP;13;FULLYCELLULAR;CGC;4337;D2030_215_newpanamax
23.0;295.0;12.75;12.75;3.0;10;31;THU;3;21;False;False;False;4000;20.66;2.73;0.75;AGO;8;BTP;13;POST-PANAMAXI;CGC;4338;D2030_215_newpanamax
23.0;295.0;12.75;12.75;3.0;9;27;THU;3;21;False;False;False;4000;20.66;1.95;0.75;AGO;8;BTP;13;POST-PANAMAXI;CGC;4339;D2030_215_newpanamax
43.0;339.0;14.0;14.0;3.0;9;27;THU;3;21;False;False;False;6000;23.63;2.62;0.75;AGO;8;BTP;13;POST-PANAMAXII;CGC;4340;D2030_215_newpanamax
23.0;175.0;10.25;0.0;2.0;7;27;THU;3;21;False;False;False;35000;135.86;3.91;0.75;AGO;8;BUNGE;14;HANDYSIZE;GSA - I;4341;D2030_215_newpanamax
23.0;225.0;0.0;13.75;1.0;12;30;THU;3;21;False;False;False;70000;68.98;5.26;0.75;AGO;8;COFCO;16;PANAMAX;GSA - E;4342;D2030_215_newpanamax
23.0;155.0;0.0;8.75;1.0;12;35;THU;3;21;False;False;False;18000;50.09;16.92;0.75;AGO;8;CUTRALE - GL;18;GPGENERALPURPOSE;GL;4343;D2030_215_newpanamax
23.0;175.0;0.0;9.75;1.0;12;35;THU;3;21;False;False;False;35000;57.8;5.85;0.75;AGO;8;CUTRALE - GL;18;MRMEDIUMRANGE;GL;4344;D2030_215_newpanamax
23.0;245.0;11.25;11.25;3.0;11;30;THU;3;21;False;False;False;3000;17.86;1.63;0.75;AGO;8;DPW - CGC;21;PANAMAX;CGC;4345;D2030_215_newpanamax
23.0;305.0;12.25;12.25;3.0;11;30;THU;3;21;False;False;False;4000;21.93;2.6;0.75;AGO;8;DPW - CGC;21;POST-PANAMAXI;CGC;4346;D2030_215_newpanamax
36.0;225.0;0.0;13.0;1.0;12;33;THU;3;21;False;False;False;55000;64.0;0.66;0.75;AGO;8;DPW - CGNC;22;NAVIOCARGAGERAL;CGNC;4347;D2030_215_newpanamax
23.0;175.0;0.0;9.75;1.0;10;28;THU;3;21;False;False;False;35000;27.04;3.15;0.75;AGO;8;ELEVACOES;24;HANDYSIZE;GSA - E;4348;D2030_215_newpanamax
32.2;205.0;0.0;12.2;1.0;10;28;THU;3;21;False;False;False;55000;39.16;5.34;0.75;AGO;8;ELEVACOES;24;SUPRAMAX;GSA - E;4349;D2030_215_newpanamax
23.0;255.0;11.25;11.25;3.0;11;30;THU;3;21;False;False;False;3000;15.61;1.59;0.75;AGO;8;SANTOSBR;31;PANAMAX;CGC;4350;D2030_215_newpanamax
23.0;265.0;11.25;11.25;3.0;12;32;THU;3;21;False;False;False;3000;15.61;2.65;0.75;AGO;8;SANTOSBR;31;PANAMAX;CGC;4351;D2030_215_newpanamax
43.0;339.0;14.0;14.0;3.0;12;33;THU;3;21;False;False;False;6000;25.92;1.62;0.75;AGO;8;SANTOSBR;31;POST-PANAMAXII;CGC;4352;D2030_215_newpanamax
23.0;225.0;0.0;13.25;1.0;10;31;THU;3;21;False;False;False;70000;88.35;1.6;0.75;AGO;8;TEAG;33;PANAMAX;GSA - E;4353;D2030_215_newpanamax
23.0;225.0;0.0;13.25;1.0;11;28;THU;3;21;False;False;False;70000;78.07;0.07;0.75;AGO;8;TEG;34;PANAMAX;GSA - E;4354;D2030_215_newpanamax
23.0;225.0;14.25;0.0;2.0;9;32;THU;3;21;False;False;False;70000;111.09;3.19;0.75;AGO;8;TERMAG;35;PANAMAX;GSM - I;4355;D2030_215_newpanamax
23.0;225.0;0.0;12.75;1.0;11;25;THU;3;21;False;False;False;70000;111.09;8.98;0.75;AGO;8;TES;36;PANAMAX;GSA - E;4356;D2030_215_newpanamax
23.0;175.0;9.25;9.25;3.0;10;30;THU;3;21;False;False;True;1500;20.97;4.51;0.75;AGO;8;TEV;37;CARGARO-RO;RORO;4357;D2030_215_newpanamax
23.0;195.0;9.25;9.25;3.0;12;37;THU;3;21;False;False;True;1500;20.97;0.33;0.75;AGO;8;TEV;37;CARGARO-RO;RORO;4358;D2030_215_newpanamax
23.0;225.0;0.0;13.25;1.0;10;29;THU;3;21;False;False;False;70000;62.19;1.59;0.75;AGO;8;TIPLAM - GSA - E;41;PANAMAX;GSA - E;4359;D2030_215_newpanamax
23.0;225.0;0.0;13.25;1.0;13;35;THU;3;21;False;False;False;70000;62.19;4.03;0.75;AGO;8;TIPLAM - GSA - E;41;PANAMAX;GSA - E;4360;D2030_215_newpanamax
23.0;195.0;10.25;0.0;2.0;14;39;THU;3;21;False;False;False;45000;85.0;2.76;0.75;AGO;8;TIPLAM - GSM - I;42;HANDYMAX;GSM - I;4361;D2030_215_newpanamax
23.0;175.0;0.0;9.75;1.0;12;30;THU;3;21;False;False;False;35000;29.94;1.26;0.75;AGO;8;TRANSPETRO;43;MRMEDIUMRANGE;GL;4362;D2030_215_newpanamax
23.0;175.0;0.0;8.75;1.0;14;34;THU;3;21;False;False;False;35000;90.66;27.24;0.75;AGO;8;USIMINAS;46;HANDYSIZE;CGNC;4363;D2030_215_newpanamax
17.0;75.2;5.9;4.6;1.0;7;30;0;3;21;False;False;False;0;55.0;0.17;0.75;0;8;TUP - Saipem;8;HANDYSIZE;CGNC;4364;D2030_215_newpanamax
33.0;177.9;8.2;8.1;1.0;20;0;0;3;21;False;False;False;0;36.83;0.17;0.75;0;8;TUP - Saipem;8;HANDYSIZE;CGNC;4365;D2030_215_newpanamax
23.0;235.0;12.25;12.25;3.0;17;44;FRI;4;22;False;False;False;3000;15.61;1.93;0.75;AGO;8;TECON10;3;PANAMAX;CGC;4366;D2030_215_newpanamax
23.0;185.0;10.25;0.0;2.0;13;36;FRI;4;22;False;False;False;35000;64.43;0.38;0.75;AGO;8;AGEO_TERMINAIS;11;MRMEDIUMRANGE;GL;4367;D2030_215_newpanamax
23.0;295.0;13.25;13.25;3.0;12;37;FRI;4;22;False;False;False;4000;20.66;3.33;0.75;AGO;8;BTP;13;POST-PANAMAXI;CGC;4368;D2030_215_newpanamax
43.0;339.0;14.0;14.0;3.0;12;37;FRI;4;22;False;False;False;6000;23.63;1.02;0.75;AGO;8;BTP;13;POST-PANAMAXII;CGC;4369;D2030_215_newpanamax
23.0;225.0;0.0;13.75;1.0;16;46;FRI;4;22;False;False;False;70000;68.98;10.25;0.75;AGO;8;COFCO;16;PANAMAX;GSA - E;4370;D2030_215_newpanamax
23.0;195.0;0.0;13.25;1.0;14;49;FRI;4;22;False;False;False;45000;39.48;1.45;0.75;AGO;8;COPESUCAR;17;HANDYMAX;GSA - E;4371;D2030_215_newpanamax
23.0;225.0;0.0;13.75;1.0;14;47;FRI;4;22;False;False;False;70000;58.85;1.85;0.75;AGO;8;COPESUCAR;17;PANAMAX;GSA - E;4372;D2030_215_newpanamax
23.0;225.0;0.0;13.25;1.0;18;52;FRI;4;22;False;False;False;70000;54.03;1.35;0.75;AGO;8;CUTRALE - GSA - E;19;PANAMAX;GSA - E;4373;D2030_215_newpanamax
23.0;205.0;10.75;10.75;3.0;16;45;FRI;4;22;False;False;False;1000;13.38;2.18;0.75;AGO;8;DPW - CGC;21;FULLYCELLULAR;CGC;4374;D2030_215_newpanamax
23.0;265.0;11.75;11.75;3.0;16;44;FRI;4;22;False;False;False;3000;17.86;2.8;0.75;AGO;8;DPW - CGC;21;PANAMAX;CGC;4375;D2030_215_newpanamax
23.0;305.0;13.25;13.25;3.0;16;45;FRI;4;22;False;False;False;4000;21.93;3.66;0.75;AGO;8;DPW - CGC;21;POST-PANAMAXI;CGC;4376;D2030_215_newpanamax
23.0;225.0;0.0;13.75;1.0;14;39;FRI;4;22;False;False;False;70000;53.25;3.26;0.75;AGO;8;ELEVACOES;24;PANAMAX;GSA - E;4377;D2030_215_newpanamax
23.0;235.0;0.0;13.75;1.0;15;42;FRI;4;22;False;False;False;70000;53.25;5.76;0.75;AGO;8;ELEVACOES;24;PANAMAX;GSA - E;4378;D2030_215_newpanamax
23.0;185.0;10.75;10.75;3.0;16;44;FRI;4;22;False;False;False;1000;16.8;3.14;0.75;AGO;8;SANTOSBR;31;FULLYCELLULAR;CGC;4379;D2030_215_newpanamax
23.0;275.0;11.75;11.75;3.0;16;43;FRI;4;22;False;False;False;3000;15.61;2.9;0.75;AGO;8;SANTOSBR;31;PANAMAX;CGC;4380;D2030_215_newpanamax
23.0;295.0;12.75;12.75;3.0;16;43;FRI;4;22;False;False;False;4000;21.3;2.01;0.75;AGO;8;SANTOSBR;31;POST-PANAMAXI;CGC;4381;D2030_215_newpanamax
23.0;185.0;10.25;0.0;2.0;12;35;FRI;4;22;False;False;False;35000;59.07;3.87;0.75;AGO;8;STOLTHAVEN;32;MRMEDIUMRANGE;GL;4382;D2030_215_newpanamax
38.0;250.0;0.0;14.0;1.0;15;36;FRI;4;22;False;False;False;85000;110.17;0.85;0.75;AGO;8;TEG;34;POST-PANAMAX;GSA - E;4383;D2030_215_newpanamax
23.0;225.0;0.0;13.25;1.0;12;31;FRI;4;22;False;False;False;70000;111.09;1.75;0.75;AGO;8;TES;36;PANAMAX;GSA - E;4384;D2030_215_newpanamax
23.0;235.0;9.25;9.25;3.0;15;44;FRI;4;22;False;False;True;5000;19.52;3.35;0.75;AGO;8;TEV;37;LARGEPCTC;RORO;4385;D2030_215_newpanamax
23.0;225.0;0.0;13.25;1.0;15;39;FRI;4;22;False;False;False;70000;62.19;2.82;0.75;AGO;8;TIPLAM - GSA - E;41;PANAMAX;GSA - E;4386;D2030_215_newpanamax
23.0;225.0;0.0;13.25;1.0;15;43;FRI;4;22;False;False;False;70000;62.19;3.18;0.75;AGO;8;TIPLAM - GSA - E;41;PANAMAX;GSA - E;4387;D2030_215_newpanamax
23.0;185.0;0.0;9.75;1.0;15;39;FRI;4;22;False;False;False;35000;29.94;1.07;0.75;AGO;8;TRANSPETRO;43;MRMEDIUMRANGE;GL;4388;D2030_215_newpanamax
23.0;185.0;0.0;9.75;1.0;16;42;FRI;4;22;False;False;False;35000;29.94;3.52;0.75;AGO;8;TRANSPETRO;43;MRMEDIUMRANGE;GL;4389;D2030_215_newpanamax
23.0;225.0;12.7;0.0;2.0;17;45;FRI;4;22;False;False;False;60000;124.33;0.0;0.75;AGO;8;VOPAK;47;LR1LONGRANGE1;GL;4390;D2030_215_newpanamax
23.0;225.0;0.0;13.25;1.0;16;45;FRI;4;22;False;False;False;70000;55.1;1.47;0.75;AGO;8;XXXIX;48;PANAMAX;GSA - E;4391;D2030_215_newpanamax
36.0;225.0;0.0;13.0;1.0;16;47;SAT;5;23;False;False;False;55000;99.0;7.62;0.75;AGO;8;ARAUCO;1;NAVIOCARGAGERAL;CGNC;4392;D2030_215_newpanamax
23.0;175.0;10.75;0.0;2.0;16;46;SAT;5;23;False;False;False;35000;64.43;1.35;0.75;AGO;8;AGEO_TERMINAIS;11;MRMEDIUMRANGE;GL;4393;D2030_215_newpanamax
23.0;295.0;14.25;14.25;3.0;18;51;SAT;5;23;False;False;False;4000;20.66;1.68;0.75;AGO;8;BTP;13;POST-PANAMAXI;CGC;4394;D2030_215_newpanamax
23.0;295.0;13.75;13.75;3.0;15;43;SAT;5;23;False;False;False;4000;20.66;2.01;0.75;AGO;8;BTP;13;POST-PANAMAXI;CGC;4395;D2030_215_newpanamax
23.0;205.0;0.0;10.75;1.0;13;46;SAT;5;23;False;False;False;35000;77.19;0.71;0.75;AGO;8;CITROSUCO;15;MRMEDIUMRANGE;GL;4396;D2030_215_newpanamax
23.0;225.0;0.0;14.25;1.0;20;54;SAT;5;23;False;False;False;70000;68.98;6.22;0.75;AGO;8;COFCO;16;PANAMAX;GSA - E;4397;D2030_215_newpanamax
23.0;225.0;0.0;13.75;1.0;17;56;SAT;5;23;False;False;False;70000;58.85;1.42;0.75;AGO;8;COPESUCAR;17;PANAMAX;GSA - E;4398;D2030_215_newpanamax
23.0;225.0;0.0;13.75;1.0;19;55;SAT;5;23;False;False;False;70000;54.03;1.35;0.75;AGO;8;CUTRALE - GSA - E;19;PANAMAX;GSA - E;4399;D2030_215_newpanamax
23.0;215.0;10.75;10.75;3.0;17;47;SAT;5;23;False;False;False;1000;13.38;1.94;0.75;AGO;8;DPW - CGC;21;FULLYCELLULAR;CGC;4400;D2030_215_newpanamax
36.0;225.0;0.0;13.0;1.0;19;52;SAT;5;23;False;False;False;55000;64.0;1.77;0.75;AGO;8;DPW - CGNC;22;NAVIOCARGAGERAL;CGNC;4401;D2030_215_newpanamax
23.0;195.0;0.0;13.25;1.0;18;53;SAT;5;23;False;False;False;45000;37.2;1.58;0.75;AGO;8;ELEVACOES;24;HANDYMAX;GSA - E;4402;D2030_215_newpanamax
23.0;225.0;0.0;14.2;1.0;15;46;SAT;5;23;False;False;False;70000;53.25;1.41;0.75;AGO;8;ELEVACOES;24;PANAMAX;GSA - E;4403;D2030_215_newpanamax
23.0;175.0;10.75;0.0;2.0;20;54;SAT;5;23;False;False;False;35000;59.83;3.71;0.75;AGO;8;HIDROVIAS;27;HANDYSIZE;GSM - I;4404;D2030_215_newpanamax
23.0;175.0;0.0;9.75;1.0;10;44;SAT;5;23;False;False;False;35000;137.91;0.04;0.75;AGO;8;NST - GL;30;MRMEDIUMRANGE;GL;4405;D2030_215_newpanamax
23.0;265.0;12.25;12.25;3.0;18;48;SAT;5;23;False;False;False;3000;15.61;2.97;0.75;AGO;8;SANTOSBR;31;PANAMAX;CGC;4406;D2030_215_newpanamax
43.0;339.0;14.0;14.0;3.0;20;53;SAT;5;23;False;False;False;6000;25.92;2.69;0.75;AGO;8;SANTOSBR;31;POST-PANAMAXII;CGC;4407;D2030_215_newpanamax
23.0;185.0;10.75;0.0;2.0;14;42;SAT;5;23;False;False;False;35000;59.07;12.33;0.75;AGO;8;STOLTHAVEN;32;MRMEDIUMRANGE;GL;4408;D2030_215_newpanamax
23.0;225.0;0.0;13.25;1.0;14;44;SAT;5;23;False;False;False;70000;111.09;1.09;0.75;AGO;8;TES;36;PANAMAX;GSA - E;4409;D2030_215_newpanamax
23.0;225.0;0.0;13.25;1.0;14;42;SAT;5;23;False;False;False;70000;111.09;0.92;0.75;AGO;8;TES;36;PANAMAX;GSA - E;4410;D2030_215_newpanamax
23.0;225.0;0.0;13.75;1.0;17;51;SAT;5;23;False;False;False;70000;39.92;2.01;0.75;AGO;8;TGG;38;PANAMAX;GSA - E;4411;D2030_215_newpanamax
23.0;225.0;0.0;13.25;1.0;17;51;SAT;5;23;False;False;False;70000;62.19;11.47;0.75;AGO;8;TIPLAM - GSA - E;41;PANAMAX;GSA - E;4412;D2030_215_newpanamax
23.0;295.0;0.0;11.75;1.0;11;44;SAT;5;23;True;False;False;76500;53.08;0.0;0.75;AGO;8;TRSP;44;LNGCARRIER;GL;4413;D2030_215_newpanamax
23.0;225.0;0.0;13.25;1.0;17;52;SAT;5;23;False;False;False;70000;55.1;0.02;0.75;AGO;8;XXXIX;48;PANAMAX;GSA - E;4414;D2030_215_newpanamax
36.0;225.0;0.0;13.0;1.0;18;55;SUN;6;24;False;False;False;55000;99.0;0.61;0.75;AGO;8;ARAUCO;1;NAVIOCARGAGERAL;CGNC;4415;D2030_215_newpanamax
23.0;225.0;0.0;13.75;1.0;22;58;SUN;6;24;False;False;False;70000;51.12;3.72;0.75;AGO;8;RUMO - GSA - E;4;PANAMAX;GSA - E;4416;D2030_215_newpanamax
23.0;195.0;11.75;11.75;3.0;23;11;SUN;6;24;False;False;False;1000;13.85;5.31;0.75;AGO;8;BTP;13;FULLYCELLULAR;CGC;4417;D2030_215_newpanamax
23.0;275.0;14.25;14.25;3.0;22;59;SUN;6;24;False;False;False;3000;14.7;1.56;0.75;AGO;8;BTP;13;PANAMAX;CGC;4418;D2030_215_newpanamax
43.0;339.0;14.0;14.0;3.0;22;59;SUN;6;24;False;False;False;6000;23.63;2.52;0.75;AGO;8;BTP;13;POST-PANAMAXII;CGC;4419;D2030_215_newpanamax
23.0;225.0;0.0;14.25;1.0;21;36;SUN;6;24;False;False;False;70000;68.98;5.97;0.75;AGO;8;COFCO;16;PANAMAX;GSA - E;4420;D2030_215_newpanamax
23.0;225.0;0.0;14.25;1.0;20;59;SUN;6;24;False;False;False;70000;68.98;8.33;0.75;AGO;8;COFCO;16;PANAMAX;GSA - E;4421;D2030_215_newpanamax
23.0;225.0;0.0;12.75;1.0;20;46;SUN;6;24;False;False;False;60000;162.93;8.43;0.75;AGO;8;CUTRALE - GL;18;LR1LONGRANGE1;GL;4422;D2030_215_newpanamax
23.0;215.0;11.25;11.25;3.0;21;56;SUN;6;24;False;False;False;1000;13.38;2.92;0.75;AGO;8;DPW - CGC;21;FULLYCELLULAR;CGC;4423;D2030_215_newpanamax
23.0;265.0;12.75;12.75;3.0;19;54;SUN;6;24;False;False;False;3000;17.86;2.5;0.75;AGO;8;DPW - CGC;21;PANAMAX;CGC;4424;D2030_215_newpanamax
23.0;295.0;14.25;14.25;3.0;21;56;SUN;6;24;False;False;False;4000;21.93;2.03;0.75;AGO;8;DPW - CGC;21;POST-PANAMAXI;CGC;4425;D2030_215_newpanamax
23.0;225.0;0.0;14.2;1.0;22;59;SUN;6;24;False;False;False;70000;53.25;5.83;0.75;AGO;8;ELEVACOES;24;PANAMAX;GSA - E;4426;D2030_215_newpanamax
23.0;225.0;14.25;0.0;2.0;22;59;SUN;6;24;False;False;False;70000;49.28;1.48;0.75;AGO;8;HIDROVIAS;27;PANAMAX;GSM - I;4427;D2030_215_newpanamax
23.0;215.0;12.25;12.25;3.0;23;29;SUN;6;24;False;False;False;1000;16.8;1.54;0.75;AGO;8;SANTOSBR;31;FULLYCELLULAR;CGC;4428;D2030_215_newpanamax
23.0;275.0;13.75;13.75;3.0;23;29;SUN;6;24;False;False;False;3000;15.61;1.47;0.75;AGO;8;SANTOSBR;31;PANAMAX;CGC;4429;D2030_215_newpanamax
23.0;295.0;13.75;13.75;3.0;21;55;SUN;6;24;False;False;False;4000;21.3;3.35;0.75;AGO;8;SANTOSBR;31;POST-PANAMAXI;CGC;4430;D2030_215_newpanamax
43.0;339.0;14.0;14.0;3.0;21;56;SUN;6;24;False;False;False;6000;25.92;1.55;0.75;AGO;8;SANTOSBR;31;POST-PANAMAXII;CGC;4431;D2030_215_newpanamax
23.0;225.0;0.0;13.25;1.0;18;52;SUN;6;24;False;False;False;70000;88.35;2.3;0.75;AGO;8;TEAG;33;PANAMAX;GSA - E;4432;D2030_215_newpanamax
23.0;195.0;10.25;10.25;3.0;22;26;SUN;6;24;False;False;True;1500;20.97;1.2;0.75;AGO;8;TEV;37;CARGARO-RO;RORO;4433;D2030_215_newpanamax
23.0;195.0;11.25;0.0;2.0;19;56;SUN;6;24;False;False;False;45000;85.0;6.54;0.75;AGO;8;TIPLAM - GSM - I;42;HANDYMAX;GSM - I;4434;D2030_215_newpanamax
23.0;165.0;9.75;0.0;2.0;22;24;SUN;6;24;False;False;False;18000;41.58;0.0;0.75;AGO;8;VOPAK;47;GPGENERALPURPOSE;GL;4435;D2030_215_newpanamax
18.0;85.34;4.3;4.0;1.0;20;50;0;6;24;False;False;False;0;4.83;0.08;0.75;0;8;TUP - Saipem;8;HANDYSIZE;CGNC;4436;D2030_215_newpanamax
36.0;225.0;0.0;13.0;1.0;1;6;MON;0;25;False;False;False;55000;99.0;1.61;0.75;AGO;8;ARAUCO;1;NAVIOCARGAGERAL;CGNC;4437;D2030_215_newpanamax
23.0;225.0;12.25;0.0;2.0;1;5;MON;0;25;False;False;False;70000;111.09;5.12;0.75;AGO;8;RUMO - GSM - I;5;PANAMAX;GSM - I;4438;D2030_215_newpanamax
23.0;295.0;9.75;9.75;3.0;0;1;MON;0;25;False;False;False;4000;20.66;3.92;0.75;AGO;8;BTP;13;POST-PANAMAXI;CGC;4439;D2030_215_newpanamax
23.0;175.0;0.0;8.75;1.0;6;2;MON;0;25;False;False;False;35000;77.19;0.24;0.75;AGO;8;CITROSUCO;15;MRMEDIUMRANGE;GL;4440;D2030_215_newpanamax
23.0;225.0;0.0;10.75;1.0;4;8;MON;0;25;False;False;False;70000;68.98;6.09;0.75;AGO;8;COFCO;16;PANAMAX;GSA - E;4441;D2030_215_newpanamax
23.0;185.0;0.0;10.25;1.0;3;5;MON;0;25;False;False;False;45000;39.48;3.01;0.75;AGO;8;COPESUCAR;17;HANDYMAX;GSA - E;4442;D2030_215_newpanamax
23.0;165.0;0.0;8.25;1.0;5;10;MON;0;25;False;False;False;35000;23.6;2.36;0.75;AGO;8;COPESUCAR;17;HANDYSIZE;GSA - E;4443;D2030_215_newpanamax
23.0;225.0;0.0;13.25;1.0;4;8;MON;0;25;False;False;False;70000;58.85;1.73;0.75;AGO;8;COPESUCAR;17;PANAMAX;GSA - E;4444;D2030_215_newpanamax
23.0;185.0;7.25;7.25;3.0;0;0;MON;0;25;False;False;False;1000;13.38;1.45;0.75;AGO;8;DPW - CGC;21;FULLYCELLULAR;CGC;4445;D2030_215_newpanamax
23.0;295.0;9.75;9.75;3.0;0;0;MON;0;25;False;False;False;4000;21.93;1.86;0.75;AGO;8;DPW - CGC;21;POST-PANAMAXI;CGC;4446;D2030_215_newpanamax
36.0;225.0;0.0;11.7;1.0;1;3;MON;0;25;False;False;False;55000;36.9;1.45;0.75;AGO;8;ELDORADO;23;NAVIOCARGAGERAL;CGNC;4447;D2030_215_newpanamax
23.0;225.0;0.0;11.25;1.0;0;1;MON;0;25;False;False;False;70000;53.25;2.35;0.75;AGO;8;ELEVACOES;24;PANAMAX;GSA - E;4448;D2030_215_newpanamax
23.0;225.0;0.0;13.25;1.0;3;7;MON;0;25;False;False;False;70000;53.25;2.92;0.75;AGO;8;ELEVACOES;24;PANAMAX;GSA - E;4449;D2030_215_newpanamax
23.0;155.0;7.25;0.0;2.0;3;11;MON;0;25;False;False;False;18000;30.25;3.54;0.75;AGO;8;GRANEL;26;GPGENERALPURPOSE;GL;4450;D2030_215_newpanamax
23.0;225.0;8.25;0.0;2.0;1;4;MON;0;25;False;False;False;70000;49.28;2.18;0.75;AGO;8;HIDROVIAS;27;PANAMAX;GSM - I;4451;D2030_215_newpanamax
36.0;225.0;0.0;11.7;1.0;6;7;MON;0;25;False;False;False;55000;200.0;24.58;0.75;AGO;8;NST - CGNC;29;NAVIOCARGAGERAL;CGNC;4452;D2030_215_newpanamax
23.0;175.0;0.0;9.25;1.0;7;29;MON;0;25;False;False;False;35000;137.91;0.97;0.75;AGO;8;NST - GL;30;MRMEDIUMRANGE;GL;4453;D2030_215_newpanamax
23.0;255.0;9.25;9.25;3.0;1;3;MON;0;25;False;False;False;3000;15.61;2.45;0.75;AGO;8;SANTOSBR;31;PANAMAX;CGC;4454;D2030_215_newpanamax
43.0;339.0;14.0;14.0;3.0;3;7;MON;0;25;False;False;False;6000;25.92;1.28;0.75;AGO;8;SANTOSBR;31;POST-PANAMAXII;CGC;4455;D2030_215_newpanamax
23.0;185.0;10.25;0.0;2.0;1;4;MON;0;25;False;False;False;45000;89.37;6.84;0.75;AGO;8;TERMAG;35;HANDYMAX;GSM - I;4456;D2030_215_newpanamax
23.0;225.0;0.0;12.25;1.0;0;3;MON;0;25;False;False;False;70000;111.09;3.42;0.75;AGO;8;TES;36;PANAMAX;GSA - E;4457;D2030_215_newpanamax
23.0;225.0;0.0;12.25;1.0;0;1;MON;0;25;False;False;False;70000;39.92;0.38;0.75;AGO;8;TGG;38;PANAMAX;GSA - E;4458;D2030_215_newpanamax
23.0;225.0;0.0;7.75;1.0;0;2;MON;0;25;False;False;False;70000;62.19;6.89;0.75;AGO;8;TIPLAM - GSA - E;41;PANAMAX;GSA - E;4459;D2030_215_newpanamax
23.0;225.0;0.0;8.25;1.0;0;2;MON;0;25;False;False;False;70000;62.19;3.86;0.75;AGO;8;TIPLAM - GSA - E;41;PANAMAX;GSA - E;4460;D2030_215_newpanamax
23.0;185.0;0.0;8.25;1.0;2;4;MON;0;25;False;False;False;35000;29.94;0.21;0.75;AGO;8;TRANSPETRO;43;MRMEDIUMRANGE;GL;4461;D2030_215_newpanamax
23.0;285.0;0.0;10.25;1.0;8;2;MON;0;25;True;False;False;76500;53.08;0.0;0.75;AGO;8;TRSP;44;LNGCARRIER;GL;4462;D2030_215_newpanamax
23.0;175.0;0.0;8.25;1.0;4;5;MON;0;25;False;False;False;35000;62.88;0.0;0.75;AGO;8;VOPAK;47;MRMEDIUMRANGE;GL;4463;D2030_215_newpanamax
23.0;225.0;0.0;11.75;1.0;0;3;MON;0;25;False;False;False;70000;55.1;1.33;0.75;AGO;8;XXXIX;48;PANAMAX;GSA - E;4464;D2030_215_newpanamax
18.0;76.0;5.0;5.2;3.0;10;0;0;0;25;False;False;False;0;11.17;0.08;0.75;0;8;TUP - Saipem;8;HANDYSIZE;CGNC;4465;D2030_215_newpanamax
23.0;255.0;10.25;10.25;3.0;5;14;TUE;1;26;False;False;False;3000;15.61;1.97;0.75;AGO;8;TECON10;3;PANAMAX;CGC;4466;D2030_215_newpanamax
23.0;225.0;0.0;12.75;1.0;6;10;TUE;1;26;False;False;False;70000;51.12;3.7;0.75;AGO;8;RUMO - GSA - E;4;PANAMAX;GSA - E;4467;D2030_215_newpanamax
23.0;185.0;0.0;8.25;1.0;3;8;TUE;1;26;False;False;False;35000;64.43;0.64;0.75;AGO;8;AGEO_TERMINAIS;11;MRMEDIUMRANGE;GL;4468;D2030_215_newpanamax
23.0;245.0;10.75;10.75;3.0;2;7;TUE;1;26;False;False;False;3000;14.7;1.73;0.75;AGO;8;BTP;13;PANAMAX;CGC;4469;D2030_215_newpanamax
43.0;339.0;14.0;14.0;3.0;4;12;TUE;1;26;False;False;False;6000;23.63;2.58;0.75;AGO;8;BTP;13;POST-PANAMAXII;CGC;4470;D2030_215_newpanamax
23.0;175.0;0.0;9.25;1.0;8;16;TUE;1;26;False;False;False;35000;77.19;0.17;0.75;AGO;8;CITROSUCO;15;MRMEDIUMRANGE;GL;4471;D2030_215_newpanamax
23.0;225.0;0.0;13.25;1.0;9;20;TUE;1;26;False;False;False;70000;68.98;5.72;0.75;AGO;8;COFCO;16;PANAMAX;GSA - E;4472;D2030_215_newpanamax
23.0;185.0;0.0;11.75;1.0;7;23;TUE;1;26;False;False;False;45000;39.48;1.6;0.75;AGO;8;COPESUCAR;17;HANDYMAX;GSA - E;4473;D2030_215_newpanamax
23.0;225.0;0.0;13.25;1.0;5;16;TUE;1;26;False;False;False;70000;58.85;4.2;0.75;AGO;8;COPESUCAR;17;PANAMAX;GSA - E;4474;D2030_215_newpanamax
23.0;225.0;0.0;13.25;1.0;6;16;TUE;1;26;False;False;False;70000;58.85;3.38;0.75;AGO;8;COPESUCAR;17;PANAMAX;GSA - E;4475;D2030_215_newpanamax
23.0;255.0;10.25;10.25;3.0;6;15;TUE;1;26;False;False;False;3000;17.86;1.2;0.75;AGO;8;DPW - CGC;21;PANAMAX;CGC;4476;D2030_215_newpanamax
36.0;225.0;0.0;13.0;1.0;4;9;TUE;1;26;False;False;False;55000;64.0;2.3;0.75;AGO;8;DPW - CGNC;22;NAVIOCARGAGERAL;CGNC;4477;D2030_215_newpanamax
23.0;185.0;0.0;12.25;1.0;8;18;TUE;1;26;False;False;False;45000;37.2;6.98;0.75;AGO;8;ELEVACOES;24;HANDYMAX;GSA - E;4478;D2030_215_newpanamax
23.0;225.0;0.0;13.75;1.0;8;18;TUE;1;26;False;False;False;70000;53.25;5.54;0.75;AGO;8;ELEVACOES;24;PANAMAX;GSA - E;4479;D2030_215_newpanamax
32.2;205.0;0.0;12.2;1.0;8;18;TUE;1;26;False;False;False;55000;39.16;2.05;0.75;AGO;8;ELEVACOES;24;SUPRAMAX;GSA - E;4480;D2030_215_newpanamax
36.0;225.0;0.0;11.7;1.0;10;26;TUE;1;26;False;False;False;55000;200.0;5.55;0.75;AGO;8;NST - CGNC;29;NAVIOCARGAGERAL;CGNC;4481;D2030_215_newpanamax
23.0;235.0;10.25;10.25;3.0;4;10;TUE;1;26;False;False;False;3000;15.61;2.92;0.75;AGO;8;SANTOSBR;31;PANAMAX;CGC;4482;D2030_215_newpanamax
23.0;265.0;10.25;10.25;3.0;6;17;TUE;1;26;False;False;False;3000;15.61;1.37;0.75;AGO;8;SANTOSBR;31;PANAMAX;CGC;4483;D2030_215_newpanamax
23.0;295.0;11.75;11.75;3.0;6;17;TUE;1;26;False;False;False;4000;21.3;3.56;0.75;AGO;8;SANTOSBR;31;POST-PANAMAXI;CGC;4484;D2030_215_newpanamax
23.0;225.0;0.0;12.75;1.0;4;6;TUE;1;26;False;False;False;70000;111.09;3.19;0.75;AGO;8;TES;36;PANAMAX;GSA - E;4485;D2030_215_newpanamax
23.0;225.0;0.0;13.25;1.0;5;11;TUE;1;26;False;False;False;70000;39.92;1.48;0.75;AGO;8;TGG;38;PANAMAX;GSA - E;4486;D2030_215_newpanamax
23.0;225.0;0.0;13.25;1.0;6;13;TUE;1;26;False;False;False;70000;39.92;5.56;0.75;AGO;8;TGG;38;PANAMAX;GSA - E;4487;D2030_215_newpanamax
23.0;225.0;0.0;11.75;1.0;2;11;TUE;1;26;False;False;False;70000;62.19;2.39;0.75;AGO;8;TIPLAM - GSA - E;41;PANAMAX;GSA - E;4488;D2030_215_newpanamax
23.0;195.0;8.25;0.0;2.0;4;9;TUE;1;26;False;False;False;45000;85.0;7.25;0.75;AGO;8;TIPLAM - GSM - I;42;HANDYMAX;GSM - I;4489;D2030_215_newpanamax
23.0;155.0;0.0;7.75;1.0;7;8;TUE;1;26;False;False;False;18000;42.57;5.74;0.75;AGO;8;ULTRACARGO;45;GPGENERALPURPOSE;GL;4490;D2030_215_newpanamax
23.0;175.0;0.0;8.25;1.0;7;21;TUE;1;26;False;False;False;35000;90.66;1.17;0.75;AGO;8;USIMINAS;46;HANDYSIZE;CGNC;4491;D2030_215_newpanamax
23.0;225.0;0.0;12.25;1.0;8;19;TUE;1;26;False;False;False;70000;55.1;0.45;0.75;AGO;8;XXXIX;48;PANAMAX;GSA - E;4492;D2030_215_newpanamax
19.0;87.9;5.2;5.0;1.0;8;50;0;1;26;False;False;False;0;12.17;0.17;0.75;0;8;TUP - Saipem;8;HANDYSIZE;CGNC;4493;D2030_215_newpanamax
36.0;225.0;0.0;13.0;1.0;7;17;WED;2;27;False;False;False;55000;99.0;16.27;0.75;AGO;8;ARAUCO;1;NAVIOCARGAGERAL;CGNC;4494;D2030_215_newpanamax
23.0;195.0;11.75;0.0;2.0;5;21;WED;2;27;False;False;False;45000;89.37;3.25;0.75;AGO;8;RUMO - GSM - I;5;HANDYMAX;GSM - I;4495;D2030_215_newpanamax
23.0;225.0;0.0;12.75;1.0;8;16;WED;2;27;False;False;False;70000;51.12;1.9;0.75;AGO;8;ADM;9;PANAMAX;GSA - E;4496;D2030_215_newpanamax
23.0;175.0;0.0;9.25;1.0;7;19;WED;2;27;False;False;False;35000;64.43;1.07;0.75;AGO;8;AGEO_TERMINAIS;11;MRMEDIUMRANGE;GL;4497;D2030_215_newpanamax
23.0;185.0;9.25;0.0;2.0;9;24;WED;2;27;False;False;False;35000;64.43;0.75;0.75;AGO;8;AGEO_TERMINAIS;11;MRMEDIUMRANGE;GL;4498;D2030_215_newpanamax
36.0;225.0;0.0;13.0;1.0;10;25;WED;2;27;False;False;False;55000;99.66;2.69;0.75;AGO;8;BRACELL;12;NAVIOCARGAGERAL;CGNC;4499;D2030_215_newpanamax
23.0;295.0;11.75;11.75;3.0;5;18;WED;2;27;False;False;False;4000;20.66;0.79;0.75;AGO;8;BTP;13;POST-PANAMAXI;CGC;4500;D2030_215_newpanamax
23.0;205.0;0.0;10.25;1.0;9;24;WED;2;27;False;False;False;35000;77.19;0.16;0.75;AGO;8;CITROSUCO;15;MRMEDIUMRANGE;GL;4501;D2030_215_newpanamax
23.0;225.0;0.0;13.25;1.0;10;24;WED;2;27;False;False;False;70000;68.98;3.71;0.75;AGO;8;COFCO;16;PANAMAX;GSA - E;4502;D2030_215_newpanamax
23.0;225.0;0.0;13.25;1.0;10;24;WED;2;27;False;False;False;70000;68.98;3.73;0.75;AGO;8;COFCO;16;PANAMAX;GSA - E;4503;D2030_215_newpanamax
23.0;225.0;0.0;13.75;1.0;9;31;WED;2;27;False;False;False;70000;58.85;1.76;0.75;AGO;8;COPESUCAR;17;PANAMAX;GSA - E;4504;D2030_215_newpanamax
23.0;125.0;7.25;7.25;3.0;11;28;WED;2;27;False;False;False;500;12.93;1.16;0.75;AGO;8;DPW - CGC;21;FEEDER/EARLY;CGC;4505;D2030_215_newpanamax
23.0;275.0;10.75;10.75;3.0;11;28;WED;2;27;False;False;False;3000;17.86;1.53;0.75;AGO;8;DPW - CGC;21;PANAMAX;CGC;4506;D2030_215_newpanamax
23.0;275.0;10.75;10.75;3.0;10;28;WED;2;27;False;False;False;3000;17.86;1.43;0.75;AGO;8;DPW - CGC;21;PANAMAX;CGC;4507;D2030_215_newpanamax
23.0;325.0;11.75;11.75;3.0;10;26;WED;2;27;False;False;False;4000;21.93;1.53;0.75;AGO;8;DPW - CGC;21;POST-PANAMAXI;CGC;4508;D2030_215_newpanamax
43.0;339.0;14.0;14.0;3.0;11;28;WED;2;27;False;False;False;6000;27.82;1.83;0.75;AGO;8;DPW - CGC;21;POST-PANAMAXII;CGC;4509;D2030_215_newpanamax
43.0;339.0;14.0;14.0;3.0;10;28;WED;2;27;False;False;False;6000;27.82;1.96;0.75;AGO;8;DPW - CGC;21;POST-PANAMAXII;CGC;4510;D2030_215_newpanamax
36.0;225.0;0.0;13.0;1.0;9;27;WED;2;27;False;False;False;55000;64.0;2.86;0.75;AGO;8;DPW - CGNC;22;NAVIOCARGAGERAL;CGNC;4511;D2030_215_newpanamax
23.0;225.0;0.0;13.75;1.0;9;25;WED;2;27;False;False;False;70000;53.25;1.85;0.75;AGO;8;ELEVACOES;24;PANAMAX;GSA - E;4512;D2030_215_newpanamax
23.0;255.0;10.75;10.75;3.0;8;23;WED;2;27;False;False;False;3000;15.61;3.2;0.75;AGO;8;SANTOSBR;31;PANAMAX;CGC;4513;D2030_215_newpanamax
38.0;250.0;0.0;13.8;1.0;7;21;WED;2;27;False;False;False;85000;114.65;1.9;0.75;AGO;8;TEAG;33;POST-PANAMAX;GSA - E;4514;D2030_215_newpanamax
23.0;225.0;0.0;12.75;1.0;9;23;WED;2;27;False;False;False;70000;111.09;0.68;0.75;AGO;8;TES;36;PANAMAX;GSA - E;4515;D2030_215_newpanamax
23.0;225.0;0.0;12.75;1.0;10;24;WED;2;27;False;False;False;70000;111.09;4.08;0.75;AGO;8;TES;36;PANAMAX;GSA - E;4516;D2030_215_newpanamax
23.0;195.0;8.75;8.75;3.0;9;26;WED;2;27;False;False;True;1500;20.97;3.38;0.75;AGO;8;TEV;37;CARGARO-RO;RORO;4517;D2030_215_newpanamax
23.0;195.0;8.75;8.75;3.0;8;25;WED;2;27;False;False;True;1500;20.97;6.57;0.75;AGO;8;TEV;37;CARGARO-RO;RORO;4518;D2030_215_newpanamax
23.0;225.0;0.0;13.25;1.0;8;25;WED;2;27;False;False;False;70000;62.19;6.33;0.75;AGO;8;TIPLAM - GSA - E;41;PANAMAX;GSA - E;4519;D2030_215_newpanamax
23.0;225.0;0.0;13.25;1.0;6;19;WED;2;27;False;False;False;70000;62.19;4.13;0.75;AGO;8;TIPLAM - GSA - E;41;PANAMAX;GSA - E;4520;D2030_215_newpanamax
23.0;225.0;7.75;0.0;2.0;7;17;WED;2;27;False;False;False;70000;104.45;8.04;0.75;AGO;8;TIPLAM - GSM - I;42;PANAMAX;GSM - I;4521;D2030_215_newpanamax
23.0;295.0;0.0;10.75;1.0;9;18;WED;2;27;True;False;False;76500;53.08;0.0;0.75;AGO;8;TRSP;44;LNGCARRIER;GL;4522;D2030_215_newpanamax
23.0;215.0;0.0;12.75;1.0;8;24;WED;2;27;False;False;False;70000;55.1;6.08;0.75;AGO;8;XXXIX;48;PANAMAX;GSA - E;4523;D2030_215_newpanamax
23.0;135.0;7.25;7.25;3.0;12;34;THU;3;28;False;False;False;500;7.08;2.13;0.75;AGO;8;TECON10;3;FEEDER/EARLY;CGC;4524;D2030_215_newpanamax
23.0;265.0;11.25;11.25;3.0;12;34;THU;3;28;False;False;False;3000;15.61;2.26;0.75;AGO;8;TECON10;3;PANAMAX;CGC;4525;D2030_215_newpanamax
23.0;155.0;8.75;0.0;2.0;10;27;THU;3;28;False;False;False;18000;45.88;0.33;0.75;AGO;8;AGEO_TERMINAIS;11;GPGENERALPURPOSE;GL;4526;D2030_215_newpanamax
23.0;185.0;9.75;0.0;2.0;11;28;THU;3;28;False;False;False;35000;64.43;0.57;0.75;AGO;8;AGEO_TERMINAIS;11;MRMEDIUMRANGE;GL;4527;D2030_215_newpanamax
23.0;245.0;12.75;12.75;3.0;9;27;THU;3;28;False;False;False;3000;14.7;4.21;0.75;AGO;8;BTP;13;PANAMAX;CGC;4528;D2030_215_newpanamax
23.0;295.0;12.75;12.75;3.0;9;26;THU;3;28;False;False;False;4000;20.66;1.97;0.75;AGO;8;BTP;13;POST-PANAMAXI;CGC;4529;D2030_215_newpanamax
23.0;305.0;12.25;12.25;3.0;8;24;THU;3;28;False;False;False;4000;20.66;1.88;0.75;AGO;8;BTP;13;POST-PANAMAXI;CGC;4530;D2030_215_newpanamax
23.0;185.0;9.75;0.0;2.0;7;25;THU;3;28;False;False;False;45000;131.03;8.15;0.75;AGO;8;BUNGE;14;HANDYMAX;GSA - I;4531;D2030_215_newpanamax
23.0;225.0;0.0;13.75;1.0;12;31;THU;3;28;False;False;False;70000;68.98;6.22;0.75;AGO;8;COFCO;16;PANAMAX;GSA - E;4532;D2030_215_newpanamax
23.0;225.0;0.0;13.75;1.0;13;41;THU;3;28;False;False;False;70000;58.85;3.63;0.75;AGO;8;COPESUCAR;17;PANAMAX;GSA - E;4533;D2030_215_newpanamax
23.0;185.0;10.25;10.25;3.0;12;34;THU;3;28;False;False;False;1000;13.38;1.65;0.75;AGO;8;DPW - CGC;21;FULLYCELLULAR;CGC;4534;D2030_215_newpanamax
23.0;255.0;11.25;11.25;3.0;12;34;THU;3;28;False;False;False;3000;17.86;1.33;0.75;AGO;8;DPW - CGC;21;PANAMAX;CGC;4535;D2030_215_newpanamax
23.0;255.0;11.25;11.25;3.0;12;34;THU;3;28;False;False;False;3000;17.86;1.33;0.75;AGO;8;DPW - CGC;21;PANAMAX;CGC;4536;D2030_215_newpanamax
43.0;339.0;14.0;14.0;3.0;11;30;THU;3;28;False;False;False;6000;27.82;1.63;0.75;AGO;8;DPW - CGC;21;POST-PANAMAXII;CGC;4537;D2030_215_newpanamax
23.0;225.0;0.0;13.75;1.0;10;28;THU;3;28;False;False;False;70000;53.25;4.08;0.75;AGO;8;ELEVACOES;24;PANAMAX;GSA - E;4538;D2030_215_newpanamax
23.0;195.0;9.75;9.75;3.0;11;30;THU;3;28;False;False;False;1000;16.8;2.81;0.75;AGO;8;SANTOSBR;31;FULLYCELLULAR;CGC;4539;D2030_215_newpanamax
23.0;215.0;9.75;9.75;3.0;12;33;THU;3;28;False;False;False;1000;16.8;1.74;0.75;AGO;8;SANTOSBR;31;FULLYCELLULAR;CGC;4540;D2030_215_newpanamax
23.0;265.0;11.25;11.25;3.0;12;33;THU;3;28;False;False;False;3000;15.61;2.07;0.75;AGO;8;SANTOSBR;31;PANAMAX;CGC;4541;D2030_215_newpanamax
23.0;295.0;12.25;12.25;3.0;12;33;THU;3;28;False;False;False;4000;21.3;0.83;0.75;AGO;8;SANTOSBR;31;POST-PANAMAXI;CGC;4542;D2030_215_newpanamax
23.0;155.0;8.25;0.0;2.0;9;29;THU;3;28;False;False;False;18000;29.82;3.87;0.75;AGO;8;STOLTHAVEN;32;GPGENERALPURPOSE;GL;4543;D2030_215_newpanamax
23.0;185.0;12.25;0.0;2.0;6;25;THU;3;28;False;False;False;45000;89.37;3.68;0.75;AGO;8;TERMAG;35;HANDYMAX;GSM - I;4544;D2030_215_newpanamax
23.0;175.0;10.25;0.0;2.0;6;25;THU;3;28;False;False;False;35000;50.86;3.56;0.75;AGO;8;TERMAG;35;HANDYSIZE;GSM - I;4545;D2030_215_newpanamax
23.0;225.0;0.0;12.75;1.0;11;25;THU;3;28;False;False;False;70000;111.09;3.0;0.75;AGO;8;TES;36;PANAMAX;GSA - E;4546;D2030_215_newpanamax
23.0;225.0;0.0;13.25;1.0;11;29;THU;3;28;False;False;False;70000;111.09;3.02;0.75;AGO;8;TES;36;PANAMAX;GSA - E;4547;D2030_215_newpanamax
23.0;175.0;9.25;9.25;3.0;10;30;THU;3;28;False;False;True;1500;20.97;1.16;0.75;AGO;8;TEV;37;CARGARO-RO;RORO;4548;D2030_215_newpanamax
23.0;225.0;0.0;13.25;1.0;11;27;THU;3;28;False;False;False;70000;39.92;1.54;0.75;AGO;8;TGG;38;PANAMAX;GSA - E;4549;D2030_215_newpanamax
23.0;225.0;0.0;13.25;1.0;10;28;THU;3;28;False;False;False;70000;62.19;6.79;0.75;AGO;8;TIPLAM - GSA - E;41;PANAMAX;GSA - E;4550;D2030_215_newpanamax
23.0;225.0;0.0;13.25;1.0;10;30;THU;3;28;False;False;False;70000;62.19;1.4;0.75;AGO;8;TIPLAM - GSA - E;41;PANAMAX;GSA - E;4551;D2030_215_newpanamax
23.0;185.0;0.0;9.75;1.0;14;36;THU;3;28;False;False;False;35000;29.94;4.55;0.75;AGO;8;TRANSPETRO;43;MRMEDIUMRANGE;GL;4552;D2030_215_newpanamax
23.0;285.0;0.0;11.75;1.0;10;26;THU;3;28;True;False;False;76500;53.08;0.0;0.75;AGO;8;TRSP;44;LNGCARRIER;GL;4553;D2030_215_newpanamax
23.0;225.0;0.0;13.25;1.0;14;34;FRI;4;29;False;False;False;70000;51.12;1.89;0.75;AGO;8;ADM;9;PANAMAX;GSA - E;4554;D2030_215_newpanamax
23.0;185.0;9.25;0.0;2.0;15;47;FRI;4;29;False;False;False;35000;37.45;10.14;0.75;AGO;8;ADONAI;10;MRMEDIUMRANGE;GL;4555;D2030_215_newpanamax
23.0;245.0;13.25;13.25;3.0;12;37;FRI;4;29;False;False;False;3000;14.7;2.27;0.75;AGO;8;BTP;13;PANAMAX;CGC;4556;D2030_215_newpanamax
23.0;315.0;13.25;13.25;3.0;12;38;FRI;4;29;False;False;False;4000;20.66;0.83;0.75;AGO;8;BTP;13;POST-PANAMAXI;CGC;4557;D2030_215_newpanamax
23.0;175.0;10.25;0.0;2.0;9;38;FRI;4;29;False;False;False;35000;135.86;4.43;0.75;AGO;8;BUNGE;14;HANDYSIZE;GSA - I;4558;D2030_215_newpanamax
23.0;225.0;0.0;13.75;1.0;15;41;FRI;4;29;False;False;False;70000;68.98;5.5;0.75;AGO;8;COFCO;16;PANAMAX;GSA - E;4559;D2030_215_newpanamax
23.0;225.0;0.0;13.75;1.0;14;49;FRI;4;29;False;False;False;70000;58.85;2.13;0.75;AGO;8;COPESUCAR;17;PANAMAX;GSA - E;4560;D2030_215_newpanamax
23.0;135.0;8.25;8.25;3.0;16;44;FRI;4;29;False;False;False;500;12.93;1.35;0.75;AGO;8;DPW - CGC;21;FEEDER/EARLY;CGC;4561;D2030_215_newpanamax
23.0;215.0;10.25;10.25;3.0;15;41;FRI;4;29;False;False;False;1000;13.38;0.94;0.75;AGO;8;DPW - CGC;21;FULLYCELLULAR;CGC;4562;D2030_215_newpanamax
23.0;275.0;11.25;11.25;3.0;13;37;FRI;4;29;False;False;False;3000;17.86;1.34;0.75;AGO;8;DPW - CGC;21;PANAMAX;CGC;4563;D2030_215_newpanamax
36.0;225.0;0.0;11.7;1.0;14;38;FRI;4;29;False;False;False;55000;36.9;0.83;0.75;AGO;8;ELDORADO;23;NAVIOCARGAGERAL;CGNC;4564;D2030_215_newpanamax
23.0;165.0;0.0;10.25;1.0;13;38;FRI;4;29;False;False;False;35000;27.04;1.9;0.75;AGO;8;ELEVACOES;24;HANDYSIZE;GSA - E;4565;D2030_215_newpanamax
32.2;205.0;0.0;12.2;1.0;14;39;FRI;4;29;False;False;False;55000;39.16;1.56;0.75;AGO;8;ELEVACOES;24;SUPRAMAX;GSA - E;4566;D2030_215_newpanamax
23.0;215.0;10.25;10.25;3.0;16;43;FRI;4;29;False;False;False;1000;16.8;4.13;0.75;AGO;8;SANTOSBR;31;FULLYCELLULAR;CGC;4567;D2030_215_newpanamax
23.0;265.0;11.75;11.75;3.0;14;38;FRI;4;29;False;False;False;3000;15.61;5.02;0.75;AGO;8;SANTOSBR;31;PANAMAX;CGC;4568;D2030_215_newpanamax
43.0;339.0;14.0;14.0;3.0;16;44;FRI;4;29;False;False;False;6000;25.92;1.26;0.75;AGO;8;SANTOSBR;31;POST-PANAMAXII;CGC;4569;D2030_215_newpanamax
23.0;155.0;8.25;0.0;2.0;12;35;FRI;4;29;False;False;False;18000;29.82;0.85;0.75;AGO;8;STOLTHAVEN;32;GPGENERALPURPOSE;GL;4570;D2030_215_newpanamax
23.0;225.0;0.0;13.25;1.0;15;35;FRI;4;29;False;False;False;70000;78.07;0.99;0.75;AGO;8;TEG;34;PANAMAX;GSA - E;4571;D2030_215_newpanamax
23.0;195.0;9.25;9.25;3.0;15;44;FRI;4;29;False;False;True;1500;20.97;15.65;0.75;AGO;8;TEV;37;CARGARO-RO;RORO;4572;D2030_215_newpanamax
23.0;195.0;9.25;9.25;3.0;14;42;FRI;4;29;False;False;True;1500;20.97;3.28;0.75;AGO;8;TEV;37;CARGARO-RO;RORO;4573;D2030_215_newpanamax
23.0;225.0;0.0;13.25;1.0;13;36;FRI;4;29;False;False;False;70000;61.75;2.95;0.75;AGO;8;TGRAO;39;PANAMAX;GSA - E;4574;D2030_215_newpanamax
23.0;225.0;0.0;13.25;1.0;13;37;FRI;4;29;False;False;False;70000;62.19;1.74;0.75;AGO;8;TIPLAM - GSA - E;41;PANAMAX;GSA - E;4575;D2030_215_newpanamax
23.0;245.0;0.0;11.25;1.0;16;42;FRI;4;29;False;False;False;60000;48.22;2.41;0.75;AGO;8;TRANSPETRO;43;LR1LONGRANGE1;GL;4576;D2030_215_newpanamax
23.0;185.0;0.0;9.75;1.0;15;39;FRI;4;29;False;False;False;35000;29.94;5.76;0.75;AGO;8;TRANSPETRO;43;MRMEDIUMRANGE;GL;4577;D2030_215_newpanamax
23.0;185.0;10.75;0.0;2.0;17;45;FRI;4;29;False;False;False;35000;62.88;0.0;0.75;AGO;8;VOPAK;47;MRMEDIUMRANGE;GL;4578;D2030_215_newpanamax
23.0;225.0;0.0;13.25;1.0;16;47;FRI;4;29;False;False;False;70000;55.1;0.0;0.75;AGO;8;XXXIX;48;PANAMAX;GSA - E;4579;D2030_215_newpanamax
36.0;225.0;0.0;13.0;1.0;14;44;SAT;5;30;False;False;False;55000;99.0;0.11;0.75;AGO;8;ARAUCO;1;NAVIOCARGAGERAL;CGNC;4580;D2030_215_newpanamax
36.0;225.0;0.0;13.0;1.0;17;51;SAT;5;30;False;False;False;55000;99.66;2.03;0.75;AGO;8;BRACELL;12;NAVIOCARGAGERAL;CGNC;4581;D2030_215_newpanamax
23.0;245.0;14.25;14.25;3.0;20;54;SAT;5;30;False;False;False;3000;14.7;5.01;0.75;AGO;8;BTP;13;PANAMAX;CGC;4582;D2030_215_newpanamax
23.0;295.0;14.25;14.25;3.0;19;52;SAT;5;30;False;False;False;4000;20.66;4.45;0.75;AGO;8;BTP;13;POST-PANAMAXI;CGC;4583;D2030_215_newpanamax
23.0;175.0;10.25;0.0;2.0;10;40;SAT;5;30;False;False;False;35000;135.86;3.67;0.75;AGO;8;BUNGE;14;HANDYSIZE;GSA - I;4584;D2030_215_newpanamax
23.0;225.0;0.0;14.25;1.0;20;54;SAT;5;30;False;False;False;70000;68.98;6.57;0.75;AGO;8;COFCO;16;PANAMAX;GSA - E;4585;D2030_215_newpanamax
23.0;225.0;0.0;14.25;1.0;16;47;SAT;5;30;False;False;False;70000;68.98;1.69;0.75;AGO;8;COFCO;16;PANAMAX;GSA - E;4586;D2030_215_newpanamax
38.0;250.0;0.0;14.0;1.0;19;55;SAT;5;30;False;False;False;85000;75.79;10.32;0.75;AGO;8;CUTRALE - GSA - E;19;POST-PANAMAX;GSA - E;4587;D2030_215_newpanamax
23.0;275.0;12.25;12.25;3.0;18;51;SAT;5;30;False;False;False;3000;17.86;4.25;0.75;AGO;8;DPW - CGC;21;PANAMAX;CGC;4588;D2030_215_newpanamax
23.0;305.0;13.75;13.75;3.0;18;51;SAT;5;30;False;False;False;4000;21.93;1.44;0.75;AGO;8;DPW - CGC;21;POST-PANAMAXI;CGC;4589;D2030_215_newpanamax
23.0;225.0;0.0;14.2;1.0;18;53;SAT;5;30;False;False;False;70000;53.25;4.02;0.75;AGO;8;ELEVACOES;24;PANAMAX;GSA - E;4590;D2030_215_newpanamax
23.0;225.0;0.0;14.2;1.0;18;53;SAT;5;30;False;False;False;70000;53.25;1.35;0.75;AGO;8;ELEVACOES;24;PANAMAX;GSA - E;4591;D2030_215_newpanamax
23.0;185.0;12.25;0.0;2.0;20;54;SAT;5;30;False;False;False;45000;75.33;2.23;0.75;AGO;8;HIDROVIAS;27;HANDYMAX;GSM - I;4592;D2030_215_newpanamax
23.0;205.0;0.0;10.25;1.0;13;47;SAT;5;30;False;False;False;35000;137.91;0.4;0.75;AGO;8;NST - GL;30;MRMEDIUMRANGE;GL;4593;D2030_215_newpanamax
23.0;295.0;13.25;13.25;3.0;18;49;SAT;5;30;False;False;False;4000;21.3;3.21;0.75;AGO;8;SANTOSBR;31;POST-PANAMAXI;CGC;4594;D2030_215_newpanamax
43.0;339.0;14.0;14.0;3.0;18;48;SAT;5;30;False;False;False;6000;25.92;3.39;0.75;AGO;8;SANTOSBR;31;POST-PANAMAXII;CGC;4595;D2030_215_newpanamax
23.0;155.0;8.25;0.0;2.0;14;42;SAT;5;30;False;False;False;18000;29.82;5.45;0.75;AGO;8;STOLTHAVEN;32;GPGENERALPURPOSE;GL;4596;D2030_215_newpanamax
23.0;225.0;0.0;13.25;1.0;16;55;SAT;5;30;False;False;False;70000;111.09;0.94;0.75;AGO;8;TES;36;PANAMAX;GSA - E;4597;D2030_215_newpanamax
23.0;225.0;0.0;13.25;1.0;15;47;SAT;5;30;False;False;False;70000;111.09;0.83;0.75;AGO;8;TES;36;PANAMAX;GSA - E;4598;D2030_215_newpanamax
23.0;225.0;0.0;13.75;1.0;16;47;SAT;5;30;False;False;False;70000;61.75;1.63;0.75;AGO;8;TGRAO;39;PANAMAX;GSA - E;4599;D2030_215_newpanamax
23.0;175.0;10.25;0.0;2.0;16;47;SAT;5;30;False;False;False;35000;72.19;5.24;0.75;AGO;8;TIPLAM - GSM - I;42;HANDYSIZE;GSM - I;4600;D2030_215_newpanamax
23.0;185.0;0.0;10.25;1.0;19;51;SAT;5;30;False;False;False;35000;29.94;2.4;0.75;AGO;8;TRANSPETRO;43;MRMEDIUMRANGE;GL;4601;D2030_215_newpanamax
30.0;163.46;8.1;7.5;1.0;10;40;0;5;30;False;False;False;0;48.5;0.17;0.75;0;8;TUP - Saipem;8;HANDYSIZE;CGNC;4602;D2030_215_newpanamax
36.0;225.0;0.0;13.0;1.0;19;57;SUN;6;31;False;False;False;55000;99.0;2.56;0.75;AGO;8;ARAUCO;1;NAVIOCARGAGERAL;CGNC;4603;D2030_215_newpanamax
23.0;155.0;10.75;0.0;2.0;23;51;SUN;6;31;False;False;False;18000;45.88;0.47;0.75;AGO;8;AGEO_TERMINAIS;11;GPGENERALPURPOSE;GL;4604;D2030_215_newpanamax
23.0;215.0;10.75;10.75;3.0;22;59;SUN;6;31;False;False;False;1000;13.85;3.68;0.75;AGO;8;BTP;13;FULLYCELLULAR;CGC;4605;D2030_215_newpanamax
23.0;295.0;14.25;14.25;3.0;22;59;SUN;6;31;False;False;False;4000;20.66;1.06;0.75;AGO;8;BTP;13;POST-PANAMAXI;CGC;4606;D2030_215_newpanamax
23.0;185.0;10.75;0.0;2.0;20;35;SUN;6;31;False;False;False;45000;131.03;11.04;0.75;AGO;8;BUNGE;14;HANDYMAX;GSA - I;4607;D2030_215_newpanamax
23.0;175.0;10.75;0.0;2.0;20;35;SUN;6;31;False;False;False;35000;135.86;7.63;0.75;AGO;8;BUNGE;14;HANDYSIZE;GSA - I;4608;D2030_215_newpanamax
23.0;225.0;0.0;14.25;1.0;20;59;SUN;6;31;False;False;False;70000;68.98;2.63;0.75;AGO;8;COFCO;16;PANAMAX;GSA - E;4609;D2030_215_newpanamax
23.0;185.0;11.75;11.75;3.0;22;59;SUN;6;31;False;False;False;1000;13.38;0.53;0.75;AGO;8;DPW - CGC;21;FULLYCELLULAR;CGC;4610;D2030_215_newpanamax
23.0;255.0;13.25;13.25;3.0;22;59;SUN;6;31;False;False;False;3000;17.86;2.06;0.75;AGO;8;DPW - CGC;21;PANAMAX;CGC;4611;D2030_215_newpanamax
23.0;305.0;14.25;14.25;3.0;22;59;SUN;6;31;False;False;False;4000;21.93;1.56;0.75;AGO;8;DPW - CGC;21;POST-PANAMAXI;CGC;4612;D2030_215_newpanamax
43.0;339.0;14.0;14.0;3.0;22;59;SUN;6;31;False;False;False;6000;27.82;1.08;0.75;AGO;8;DPW - CGC;21;POST-PANAMAXII;CGC;4613;D2030_215_newpanamax
23.0;225.0;0.0;14.2;1.0;23;33;SUN;6;31;False;False;False;70000;53.25;4.03;0.75;AGO;8;ELEVACOES;24;PANAMAX;GSA - E;4614;D2030_215_newpanamax
23.0;215.0;0.0;11.25;1.0;16;35;SUN;6;31;False;False;False;35000;137.91;0.03;0.75;AGO;8;NST - GL;30;MRMEDIUMRANGE;GL;4615;D2030_215_newpanamax
23.0;215.0;12.25;12.25;3.0;23;54;SUN;6;31;False;False;False;1000;16.8;1.52;0.75;AGO;8;SANTOSBR;31;FULLYCELLULAR;CGC;4616;D2030_215_newpanamax
23.0;275.0;14.25;14.25;3.0;23;54;SUN;6;31;False;False;False;3000;15.61;2.28;0.75;AGO;8;SANTOSBR;31;PANAMAX;CGC;4617;D2030_215_newpanamax
23.0;275.0;14.25;14.25;3.0;23;56;SUN;6;31;False;False;False;3000;15.61;1.9;0.75;AGO;8;SANTOSBR;31;PANAMAX;CGC;4618;D2030_215_newpanamax
43.0;339.0;14.0;14.0;3.0;23;29;SUN;6;31;False;False;False;6000;25.92;1.25;0.75;AGO;8;SANTOSBR;31;POST-PANAMAXII;CGC;4619;D2030_215_newpanamax
23.0;225.0;0.0;13.25;1.0;20;57;SUN;6;31;False;False;False;70000;88.35;0.94;0.75;AGO;8;TEAG;33;PANAMAX;GSA - E;4620;D2030_215_newpanamax
23.0;255.0;0.0;12.75;1.0;21;47;SUN;6;31;False;False;False;85000;150.34;3.96;0.75;AGO;8;TES;36;POST-PANAMAX;GSA - E;4621;D2030_215_newpanamax
23.0;225.0;0.0;14.1;1.0;23;24;SUN;6;31;False;False;False;70000;62.19;4.98;0.75;AGO;8;TIPLAM - GSA - E;41;PANAMAX;GSA - E;4622;D2030_215_newpanamax
23.0;185.0;11.75;0.0;2.0;22;24;SUN;6;31;False;False;False;35000;62.88;0.0;0.75;AGO;8;VOPAK;47;MRMEDIUMRANGE;GL;4623;D2030_215_newpanamax
23.0;155.0;0.0;7.75;1.0;7;6;MON;0;1;False;False;False;18000;42.57;14.76;0.75;SEPT;9;STS;2;GPGENERALPURPOSE;GL;4624;D2030_215_newpanamax
23.0;225.0;0.0;8.75;1.0;0;2;MON;0;1;False;False;False;70000;68.98;5.36;0.75;SEPT;9;COFCO;16;PANAMAX;GSA - E;4625;D2030_215_newpanamax
38.0;250.0;0.0;14.6;1.0;0;2;MON;0;1;False;False;False;85000;100.81;7.35;0.75;SEPT;9;COFCO;16;POST-PANAMAX;GSA - E;4626;D2030_215_newpanamax
23.0;225.0;0.0;12.75;1.0;2;4;MON;0;1;False;False;False;70000;58.85;2.65;0.75;SEPT;9;COPESUCAR;17;PANAMAX;GSA - E;4627;D2030_215_newpanamax
23.0;185.0;8.25;8.25;3.0;3;7;MON;0;1;False;False;False;1000;13.38;2.45;0.75;SEPT;9;DPW - CGC;21;FULLYCELLULAR;CGC;4628;D2030_215_newpanamax
23.0;255.0;9.75;9.75;3.0;3;7;MON;0;1;False;False;False;3000;17.86;0.95;0.75;SEPT;9;DPW - CGC;21;PANAMAX;CGC;4629;D2030_215_newpanamax
23.0;295.0;10.25;10.25;3.0;3;6;MON;0;1;False;False;False;4000;21.93;3.58;0.75;SEPT;9;DPW - CGC;21;POST-PANAMAXI;CGC;4630;D2030_215_newpanamax
43.0;339.0;14.0;14.0;3.0;3;6;MON;0;1;False;False;False;6000;27.82;1.31;0.75;SEPT;9;DPW - CGC;21;POST-PANAMAXII;CGC;4631;D2030_215_newpanamax
23.0;185.0;0.0;9.75;1.0;0;2;MON;0;1;False;False;False;45000;37.2;4.68;0.75;SEPT;9;ELEVACOES;24;HANDYMAX;GSA - E;4632;D2030_215_newpanamax
23.0;225.0;0.0;13.25;1.0;2;6;MON;0;1;False;False;False;70000;53.25;3.97;0.75;SEPT;9;ELEVACOES;24;PANAMAX;GSA - E;4633;D2030_215_newpanamax
36.0;225.0;0.0;11.7;1.0;6;3;MON;0;1;False;False;False;55000;200.0;0.82;0.75;SEPT;9;NST - CGNC;29;NAVIOCARGAGERAL;CGNC;4634;D2030_215_newpanamax
23.0;135.0;6.75;6.75;3.0;2;4;MON;0;1;False;False;False;500;7.08;0.95;0.75;SEPT;9;SANTOSBR;31;FEEDER/EARLY;CGC;4635;D2030_215_newpanamax
23.0;265.0;9.25;9.25;3.0;2;4;MON;0;1;False;False;False;3000;15.61;2.04;0.75;SEPT;9;SANTOSBR;31;PANAMAX;CGC;4636;D2030_215_newpanamax
23.0;315.0;9.75;9.75;3.0;2;4;MON;0;1;False;False;False;4000;21.3;4.17;0.75;SEPT;9;SANTOSBR;31;POST-PANAMAXI;CGC;4637;D2030_215_newpanamax
23.0;185.0;10.25;0.0;2.0;1;5;MON;0;1;False;False;False;45000;89.37;3.83;0.75;SEPT;9;TERMAG;35;HANDYMAX;GSM - I;4638;D2030_215_newpanamax
23.0;225.0;0.0;11.75;1.0;0;1;MON;0;1;False;False;False;70000;111.09;3.91;0.75;SEPT;9;TES;36;PANAMAX;GSA - E;4639;D2030_215_newpanamax
23.0;195.0;6.75;6.75;3.0;0;2;MON;0;1;False;False;True;1500;20.97;3.22;0.75;SEPT;9;TEV;37;CARGARO-RO;RORO;4640;D2030_215_newpanamax
23.0;225.0;0.0;12.75;1.0;0;4;MON;0;1;False;False;False;70000;39.92;5.46;0.75;SEPT;9;TGG;38;PANAMAX;GSA - E;4641;D2030_215_newpanamax
23.0;225.0;0.0;8.75;1.0;0;3;MON;0;1;False;False;False;70000;62.19;4.82;0.75;SEPT;9;TIPLAM - GSA - E;41;PANAMAX;GSA - E;4642;D2030_215_newpanamax
23.0;185.0;0.0;8.25;1.0;1;4;MON;0;1;False;False;False;35000;29.94;0.96;0.75;SEPT;9;TRANSPETRO;43;MRMEDIUMRANGE;GL;4643;D2030_215_newpanamax
23.0;155.0;0.0;8.75;1.0;4;5;MON;0;1;False;False;False;18000;41.58;0.0;0.75;SEPT;9;VOPAK;47;GPGENERALPURPOSE;GL;4644;D2030_215_newpanamax
23.0;225.0;0.0;12.75;1.0;7;13;TUE;1;2;False;False;False;70000;51.12;3.02;0.75;SEPT;9;ADM;9;PANAMAX;GSA - E;4645;D2030_215_newpanamax
23.0;165.0;0.0;7.25;1.0;3;8;TUE;1;2;False;False;False;18000;45.88;0.79;0.75;SEPT;9;AGEO_TERMINAIS;11;GPGENERALPURPOSE;GL;4646;D2030_215_newpanamax
36.0;225.0;0.0;13.0;1.0;3;10;TUE;1;2;False;False;False;55000;99.66;0.92;0.75;SEPT;9;BRACELL;12;NAVIOCARGAGERAL;CGNC;4647;D2030_215_newpanamax
23.0;185.0;8.75;0.0;2.0;0;12;TUE;1;2;False;False;False;45000;131.03;3.63;0.75;SEPT;9;BUNGE;14;HANDYMAX;GSA - I;4648;D2030_215_newpanamax
23.0;175.0;0.0;8.75;1.0;7;5;TUE;1;2;False;False;False;35000;77.19;0.21;0.75;SEPT;9;CITROSUCO;15;MRMEDIUMRANGE;GL;4649;D2030_215_newpanamax
23.0;195.0;8.25;8.25;3.0;4;8;TUE;1;2;False;False;False;1000;13.38;1.38;0.75;SEPT;9;DPW - CGC;21;FULLYCELLULAR;CGC;4650;D2030_215_newpanamax
23.0;305.0;10.75;10.75;3.0;5;13;TUE;1;2;False;False;False;4000;21.93;2.94;0.75;SEPT;9;DPW - CGC;21;POST-PANAMAXI;CGC;4651;D2030_215_newpanamax
23.0;135.0;6.75;6.75;3.0;4;9;TUE;1;2;False;False;False;500;7.08;2.05;0.75;SEPT;9;SANTOSBR;31;FEEDER/EARLY;CGC;4652;D2030_215_newpanamax
23.0;255.0;10.25;10.25;3.0;5;13;TUE;1;2;False;False;False;3000;15.61;1.23;0.75;SEPT;9;SANTOSBR;31;PANAMAX;CGC;4653;D2030_215_newpanamax
23.0;225.0;0.0;12.75;1.0;5;8;TUE;1;2;False;False;False;70000;111.09;2.97;0.75;SEPT;9;TES;36;PANAMAX;GSA - E;4654;D2030_215_newpanamax
23.0;225.0;0.0;12.25;1.0;3;12;TUE;1;2;False;False;False;70000;62.19;7.09;0.75;SEPT;9;TIPLAM - GSA - E;41;PANAMAX;GSA - E;4655;D2030_215_newpanamax
23.0;225.0;0.0;12.25;1.0;6;12;TUE;1;2;False;False;False;70000;55.1;1.27;0.75;SEPT;9;XXXIX;48;PANAMAX;GSA - E;4656;D2030_215_newpanamax
23.0;215.0;0.0;12.25;1.0;1;8;TUE;1;2;False;False;False;70000;55.1;0.15;0.75;SEPT;9;XXXIX;48;PANAMAX;GSA - E;4657;D2030_215_newpanamax
22.0;105.9;6.3;6.2;1.0;23;40;0;1;2;False;False;False;0;17.67;0.08;0.75;0;9;TUP - Saipem;8;HANDYSIZE;CGNC;4658;D2030_215_newpanamax
23.0;175.0;10.25;0.0;2.0;4;19;WED;2;3;False;False;False;35000;50.86;2.91;0.75;SEPT;9;RUMO - GSM - I;5;HANDYSIZE;GSM - I;4659;D2030_215_newpanamax
23.0;185.0;0.0;9.25;1.0;8;21;WED;2;3;False;False;False;35000;64.43;0.37;0.75;SEPT;9;AGEO_TERMINAIS;11;MRMEDIUMRANGE;GL;4660;D2030_215_newpanamax
23.0;175.0;0.0;9.25;1.0;8;20;WED;2;3;False;False;False;35000;77.19;0.29;0.75;SEPT;9;CITROSUCO;15;MRMEDIUMRANGE;GL;4661;D2030_215_newpanamax
23.0;195.0;0.0;11.75;1.0;10;33;WED;2;3;False;False;False;45000;39.48;2.23;0.75;SEPT;9;COPESUCAR;17;HANDYMAX;GSA - E;4662;D2030_215_newpanamax
23.0;175.0;0.0;10.75;1.0;10;34;WED;2;3;False;False;False;35000;23.6;1.89;0.75;SEPT;9;COPESUCAR;17;HANDYSIZE;GSA - E;4663;D2030_215_newpanamax
23.0;205.0;0.0;11.75;1.0;10;34;WED;2;3;False;False;False;55000;21.4;2.07;0.75;SEPT;9;COPESUCAR;17;SUPRAMAX;GSA - E;4664;D2030_215_newpanamax
23.0;255.0;10.75;10.75;3.0;9;24;WED;2;3;False;False;False;3000;17.86;1.75;0.75;SEPT;9;DPW - CGC;21;PANAMAX;CGC;4665;D2030_215_newpanamax
23.0;295.0;11.75;11.75;3.0;9;23;WED;2;3;False;False;False;4000;21.93;1.62;0.75;SEPT;9;DPW - CGC;21;POST-PANAMAXI;CGC;4666;D2030_215_newpanamax
36.0;225.0;0.0;11.7;1.0;8;23;WED;2;3;False;False;False;55000;36.9;14.26;0.75;SEPT;9;ELDORADO;23;NAVIOCARGAGERAL;CGNC;4667;D2030_215_newpanamax
23.0;215.0;9.25;9.25;3.0;7;19;WED;2;3;False;False;False;1000;16.8;4.35;0.75;SEPT;9;SANTOSBR;31;FULLYCELLULAR;CGC;4668;D2030_215_newpanamax
23.0;275.0;10.25;10.25;3.0;7;19;WED;2;3;False;False;False;3000;15.61;4.5;0.75;SEPT;9;SANTOSBR;31;PANAMAX;CGC;4669;D2030_215_newpanamax
23.0;295.0;11.75;11.75;3.0;7;19;WED;2;3;False;False;False;4000;21.3;1.22;0.75;SEPT;9;SANTOSBR;31;POST-PANAMAXI;CGC;4670;D2030_215_newpanamax
43.0;339.0;14.0;14.0;3.0;7;19;WED;2;3;False;False;False;6000;25.92;1.96;0.75;SEPT;9;SANTOSBR;31;POST-PANAMAXII;CGC;4671;D2030_215_newpanamax
23.0;225.0;0.0;12.75;1.0;7;21;WED;2;3;False;False;False;70000;88.35;1.55;0.75;SEPT;9;TEAG;33;PANAMAX;GSA - E;4672;D2030_215_newpanamax
23.0;195.0;8.75;8.75;3.0;6;19;WED;2;3;False;False;True;1500;20.97;1.81;0.75;SEPT;9;TEV;37;CARGARO-RO;RORO;4673;D2030_215_newpanamax
23.0;225.0;0.0;12.75;1.0;5;15;WED;2;3;False;False;False;70000;62.19;4.11;0.75;SEPT;9;TIPLAM - GSA - E;41;PANAMAX;GSA - E;4674;D2030_215_newpanamax
23.0;185.0;0.0;9.25;1.0;10;24;WED;2;3;False;False;False;35000;29.94;4.63;0.75;SEPT;9;TRANSPETRO;43;MRMEDIUMRANGE;GL;4675;D2030_215_newpanamax
23.0;185.0;9.75;0.0;2.0;10;26;WED;2;3;False;False;False;35000;62.88;0.0;0.75;SEPT;9;VOPAK;47;MRMEDIUMRANGE;GL;4676;D2030_215_newpanamax
33.0;177.9;8.0;7.8;1.0;10;30;0;2;3;False;False;False;0;197.42;0.08;0.75;0;9;TUP - Saipem;8;HANDYSIZE;CGNC;4677;D2030_215_newpanamax
18.0;85.34;4.3;4.1;1.0;20;50;0;2;3;False;False;False;0;28.83;0.08;0.75;0;9;TUP - Saipem;8;HANDYSIZE;CGNC;4678;D2030_215_newpanamax
36.0;225.0;0.0;13.0;1.0;12;33;THU;3;4;False;False;False;55000;99.0;0.17;0.75;SEPT;9;ARAUCO;1;NAVIOCARGAGERAL;CGNC;4679;D2030_215_newpanamax
23.0;245.0;12.75;12.75;3.0;9;28;THU;3;4;False;False;False;3000;14.7;1.4;0.75;SEPT;9;BTP;13;PANAMAX;CGC;4680;D2030_215_newpanamax
23.0;295.0;12.75;12.75;3.0;9;28;THU;3;4;False;False;False;4000;20.66;3.06;0.75;SEPT;9;BTP;13;POST-PANAMAXI;CGC;4681;D2030_215_newpanamax
23.0;295.0;12.75;12.75;3.0;10;31;THU;3;4;False;False;False;4000;20.66;3.47;0.75;SEPT;9;BTP;13;POST-PANAMAXI;CGC;4682;D2030_215_newpanamax
23.0;305.0;12.25;12.25;3.0;8;24;THU;3;4;False;False;False;4000;20.66;2.46;0.75;SEPT;9;BTP;13;POST-PANAMAXI;CGC;4683;D2030_215_newpanamax
43.0;339.0;14.0;14.0;3.0;9;27;THU;3;4;False;False;False;6000;23.63;1.59;0.75;SEPT;9;BTP;13;POST-PANAMAXII;CGC;4684;D2030_215_newpanamax
23.0;195.0;0.0;12.25;1.0;12;36;THU;3;4;False;False;False;45000;39.48;3.52;0.75;SEPT;9;COPESUCAR;17;HANDYMAX;GSA - E;4685;D2030_215_newpanamax
23.0;225.0;0.0;13.75;1.0;12;36;THU;3;4;False;False;False;70000;58.85;1.74;0.75;SEPT;9;COPESUCAR;17;PANAMAX;GSA - E;4686;D2030_215_newpanamax
23.0;185.0;10.25;10.25;3.0;12;32;THU;3;4;False;False;False;1000;13.38;3.09;0.75;SEPT;9;DPW - CGC;21;FULLYCELLULAR;CGC;4687;D2030_215_newpanamax
23.0;255.0;11.25;11.25;3.0;12;32;THU;3;4;False;False;False;3000;17.86;2.08;0.75;SEPT;9;DPW - CGC;21;PANAMAX;CGC;4688;D2030_215_newpanamax
23.0;285.0;10.75;10.75;3.0;11;29;THU;3;4;False;False;False;3000;17.86;3.47;0.75;SEPT;9;DPW - CGC;21;PANAMAX;CGC;4689;D2030_215_newpanamax
23.0;295.0;12.75;12.75;3.0;12;32;THU;3;4;False;False;False;4000;21.93;2.33;0.75;SEPT;9;DPW - CGC;21;POST-PANAMAXI;CGC;4690;D2030_215_newpanamax
36.0;225.0;0.0;13.0;1.0;14;40;THU;3;4;False;False;False;55000;64.0;9.4;0.75;SEPT;9;DPW - CGNC;22;NAVIOCARGAGERAL;CGNC;4691;D2030_215_newpanamax
23.0;225.0;0.0;13.75;1.0;10;28;THU;3;4;False;False;False;70000;53.25;1.73;0.75;SEPT;9;ELEVACOES;24;PANAMAX;GSA - E;4692;D2030_215_newpanamax
23.0;185.0;9.75;0.0;2.0;12;36;THU;3;4;False;False;False;45000;295.08;0.21;0.75;SEPT;9;NITA;28;HANDYMAX;GSA - I;4693;D2030_215_newpanamax
23.0;215.0;9.75;9.75;3.0;12;33;THU;3;4;False;False;False;1000;16.8;3.46;0.75;SEPT;9;SANTOSBR;31;FULLYCELLULAR;CGC;4694;D2030_215_newpanamax
23.0;215.0;9.75;9.75;3.0;12;34;THU;3;4;False;False;False;1000;16.8;5.24;0.75;SEPT;9;SANTOSBR;31;FULLYCELLULAR;CGC;4695;D2030_215_newpanamax
43.0;339.0;14.0;14.0;3.0;12;34;THU;3;4;False;False;False;6000;25.92;1.5;0.75;SEPT;9;SANTOSBR;31;POST-PANAMAXII;CGC;4696;D2030_215_newpanamax
23.0;225.0;0.0;13.25;1.0;11;33;THU;3;4;False;False;False;70000;88.35;0.67;0.75;SEPT;9;TEAG;33;PANAMAX;GSA - E;4697;D2030_215_newpanamax
23.0;195.0;9.25;9.25;3.0;12;37;THU;3;4;False;False;True;1500;20.97;3.27;0.75;SEPT;9;TEV;37;CARGARO-RO;RORO;4698;D2030_215_newpanamax
23.0;225.0;0.0;13.25;1.0;10;27;THU;3;4;False;False;False;70000;62.19;2.65;0.75;SEPT;9;TIPLAM - GSA - E;41;PANAMAX;GSA - E;4699;D2030_215_newpanamax
23.0;175.0;0.0;9.75;1.0;13;33;THU;3;4;False;False;False;35000;29.94;3.36;0.75;SEPT;9;TRANSPETRO;43;MRMEDIUMRANGE;GL;4700;D2030_215_newpanamax
23.0;195.0;10.25;10.25;3.0;15;39;FRI;4;5;False;False;False;1000;16.8;3.06;0.75;SEPT;9;TECON10;3;FULLYCELLULAR;CGC;4701;D2030_215_newpanamax
23.0;235.0;12.25;12.25;3.0;16;44;FRI;4;5;False;False;False;3000;15.61;2.19;0.75;SEPT;9;TECON10;3;PANAMAX;CGC;4702;D2030_215_newpanamax
23.0;225.0;0.0;13.25;1.0;13;33;FRI;4;5;False;False;False;70000;51.12;2.75;0.75;SEPT;9;ADM;9;PANAMAX;GSA - E;4703;D2030_215_newpanamax
23.0;225.0;0.0;13.25;1.0;17;43;FRI;4;5;False;False;False;70000;51.12;2.95;0.75;SEPT;9;ADM;9;PANAMAX;GSA - E;4704;D2030_215_newpanamax
23.0;295.0;13.75;13.75;3.0;13;39;FRI;4;5;False;False;False;4000;20.66;2.85;0.75;SEPT;9;BTP;13;POST-PANAMAXI;CGC;4705;D2030_215_newpanamax
43.0;339.0;14.0;14.0;3.0;13;39;FRI;4;5;False;False;False;6000;23.63;3.28;0.75;SEPT;9;BTP;13;POST-PANAMAXII;CGC;4706;D2030_215_newpanamax
23.0;225.0;0.0;13.75;1.0;14;35;FRI;4;5;False;False;False;70000;68.98;3.7;0.75;SEPT;9;COFCO;16;PANAMAX;GSA - E;4707;D2030_215_newpanamax
23.0;195.0;0.0;13.25;1.0;14;46;FRI;4;5;False;False;False;45000;39.48;1.72;0.75;SEPT;9;COPESUCAR;17;HANDYMAX;GSA - E;4708;D2030_215_newpanamax
23.0;205.0;10.75;10.75;3.0;16;44;FRI;4;5;False;False;False;1000;13.38;1.58;0.75;SEPT;9;DPW - CGC;21;FULLYCELLULAR;CGC;4709;D2030_215_newpanamax
23.0;265.0;11.75;11.75;3.0;16;43;FRI;4;5;False;False;False;3000;17.86;2.35;0.75;SEPT;9;DPW - CGC;21;PANAMAX;CGC;4710;D2030_215_newpanamax
36.0;225.0;0.0;13.0;1.0;16;43;FRI;4;5;False;False;False;55000;64.0;0.59;0.75;SEPT;9;DPW - CGNC;22;NAVIOCARGAGERAL;CGNC;4711;D2030_215_newpanamax
23.0;235.0;12.25;12.25;3.0;17;45;FRI;4;5;False;False;False;3000;15.61;2.23;0.75;SEPT;9;SANTOSBR;31;PANAMAX;CGC;4712;D2030_215_newpanamax
23.0;325.0;12.75;12.75;3.0;17;45;FRI;4;5;False;False;False;4000;21.3;2.4;0.75;SEPT;9;SANTOSBR;31;POST-PANAMAXI;CGC;4713;D2030_215_newpanamax
43.0;339.0;14.0;14.0;3.0;17;45;FRI;4;5;False;False;False;6000;25.92;3.89;0.75;SEPT;9;SANTOSBR;31;POST-PANAMAXII;CGC;4714;D2030_215_newpanamax
23.0;225.0;0.0;13.25;1.0;13;34;FRI;4;5;False;False;False;70000;88.35;0.29;0.75;SEPT;9;TEAG;33;PANAMAX;GSA - E;4715;D2030_215_newpanamax
23.0;195.0;9.25;9.25;3.0;13;41;FRI;4;5;False;False;True;1500;20.97;1.72;0.75;SEPT;9;TEV;37;CARGARO-RO;RORO;4716;D2030_215_newpanamax
23.0;225.0;0.0;13.25;1.0;16;47;FRI;4;5;False;False;False;70000;62.19;2.25;0.75;SEPT;9;TIPLAM - GSA - E;41;PANAMAX;GSA - E;4717;D2030_215_newpanamax
23.0;195.0;10.25;0.0;2.0;15;44;FRI;4;5;False;False;False;45000;85.0;2.32;0.75;SEPT;9;TIPLAM - GSM - I;42;HANDYMAX;GSM - I;4718;D2030_215_newpanamax
23.0;185.0;0.0;9.75;1.0;15;38;FRI;4;5;False;False;False;35000;29.94;0.53;0.75;SEPT;9;TRANSPETRO;43;MRMEDIUMRANGE;GL;4719;D2030_215_newpanamax
23.0;185.0;0.0;9.75;1.0;15;41;FRI;4;5;False;False;False;35000;29.94;2.71;0.75;SEPT;9;TRANSPETRO;43;MRMEDIUMRANGE;GL;4720;D2030_215_newpanamax
23.0;185.0;10.25;0.0;2.0;15;42;FRI;4;5;False;False;False;35000;62.88;0.0;0.75;SEPT;9;VOPAK;47;MRMEDIUMRANGE;GL;4721;D2030_215_newpanamax
23.0;225.0;0.0;13.25;1.0;19;50;SAT;5;6;False;False;False;70000;51.12;2.78;0.75;SEPT;9;RUMO - GSA - E;4;PANAMAX;GSA - E;4722;D2030_215_newpanamax
23.0;225.0;14.25;0.0;2.0;17;52;SAT;5;6;False;False;False;70000;111.09;3.17;0.75;SEPT;9;RUMO - GSM - I;5;PANAMAX;GSM - I;4723;D2030_215_newpanamax
23.0;185.0;10.25;10.25;3.0;17;48;SAT;5;6;False;False;False;1000;13.85;2.83;0.75;SEPT;9;BTP;13;FULLYCELLULAR;CGC;4724;D2030_215_newpanamax
23.0;245.0;13.75;13.75;3.0;17;48;SAT;5;6;False;False;False;3000;14.7;2.12;0.75;SEPT;9;BTP;13;PANAMAX;CGC;4725;D2030_215_newpanamax
43.0;339.0;14.0;14.0;3.0;18;50;SAT;5;6;False;False;False;6000;23.63;1.66;0.75;SEPT;9;BTP;13;POST-PANAMAXII;CGC;4726;D2030_215_newpanamax
43.0;339.0;14.0;14.0;3.0;17;48;SAT;5;6;False;False;False;6000;23.63;2.58;0.75;SEPT;9;BTP;13;POST-PANAMAXII;CGC;4727;D2030_215_newpanamax
23.0;225.0;0.0;14.25;1.0;20;54;SAT;5;6;False;False;False;70000;68.98;7.17;0.75;SEPT;9;COFCO;16;PANAMAX;GSA - E;4728;D2030_215_newpanamax
23.0;225.0;0.0;13.75;1.0;16;54;SAT;5;6;False;False;False;70000;58.85;2.38;0.75;SEPT;9;COPESUCAR;17;PANAMAX;GSA - E;4729;D2030_215_newpanamax
23.0;215.0;10.75;10.75;3.0;18;51;SAT;5;6;False;False;False;1000;13.38;1.73;0.75;SEPT;9;DPW - CGC;21;FULLYCELLULAR;CGC;4730;D2030_215_newpanamax
23.0;275.0;12.25;12.25;3.0;18;51;SAT;5;6;False;False;False;3000;17.86;2.62;0.75;SEPT;9;DPW - CGC;21;PANAMAX;CGC;4731;D2030_215_newpanamax
36.0;225.0;0.0;11.7;1.0;17;45;SAT;5;6;False;False;False;55000;36.9;0.4;0.75;SEPT;9;ELDORADO;23;NAVIOCARGAGERAL;CGNC;4732;D2030_215_newpanamax
23.0;225.0;0.0;14.2;1.0;18;53;SAT;5;6;False;False;False;70000;53.25;2.18;0.75;SEPT;9;ELEVACOES;24;PANAMAX;GSA - E;4733;D2030_215_newpanamax
23.0;205.0;0.0;10.25;1.0;13;48;SAT;5;6;False;False;False;35000;137.91;0.28;0.75;SEPT;9;NST - GL;30;MRMEDIUMRANGE;GL;4734;D2030_215_newpanamax
23.0;295.0;13.25;13.25;3.0;18;48;SAT;5;6;False;False;False;4000;21.3;2.79;0.75;SEPT;9;SANTOSBR;31;POST-PANAMAXI;CGC;4735;D2030_215_newpanamax
23.0;155.0;8.25;0.0;2.0;15;46;SAT;5;6;False;False;False;18000;29.82;16.1;0.75;SEPT;9;STOLTHAVEN;32;GPGENERALPURPOSE;GL;4736;D2030_215_newpanamax
23.0;225.0;0.0;13.25;1.0;14;44;SAT;5;6;False;False;False;70000;111.09;6.95;0.75;SEPT;9;TES;36;PANAMAX;GSA - E;4737;D2030_215_newpanamax
23.0;225.0;0.0;13.25;1.0;15;47;SAT;5;6;False;False;False;70000;111.09;2.49;0.75;SEPT;9;TES;36;PANAMAX;GSA - E;4738;D2030_215_newpanamax
23.0;235.0;9.25;9.25;3.0;18;54;SAT;5;6;False;False;True;5000;19.52;0.75;0.75;SEPT;9;TEV;37;LARGEPCTC;RORO;4739;D2030_215_newpanamax
23.0;185.0;11.25;0.0;2.0;18;52;SAT;5;6;False;False;False;45000;85.0;6.57;0.75;SEPT;9;TIPLAM - GSM - I;42;HANDYMAX;GSM - I;4740;D2030_215_newpanamax
23.0;225.0;13.25;0.0;2.0;18;52;SAT;5;6;False;False;False;70000;104.45;13.39;0.75;SEPT;9;TIPLAM - GSM - I;42;PANAMAX;GSM - I;4741;D2030_215_newpanamax
38.0;250.0;0.0;14.4;1.0;17;48;SAT;5;6;False;False;False;85000;90.23;4.3;0.75;SEPT;9;XXXIX;48;POST-PANAMAX;GSA - E;4742;D2030_215_newpanamax
36.0;225.0;0.0;13.0;1.0;21;55;SUN;6;7;False;False;False;55000;99.0;3.42;0.75;SEPT;9;ARAUCO;1;NAVIOCARGAGERAL;CGNC;4743;D2030_215_newpanamax
23.0;225.0;0.0;13.75;1.0;20;51;SUN;6;7;False;False;False;70000;51.12;1.92;0.75;SEPT;9;ADM;9;PANAMAX;GSA - E;4744;D2030_215_newpanamax
23.0;295.0;14.25;14.25;3.0;22;58;SUN;6;7;False;False;False;4000;20.66;1.89;0.75;SEPT;9;BTP;13;POST-PANAMAXI;CGC;4745;D2030_215_newpanamax
43.0;339.0;14.0;14.0;3.0;22;58;SUN;6;7;False;False;False;6000;23.63;4.11;0.75;SEPT;9;BTP;13;POST-PANAMAXII;CGC;4746;D2030_215_newpanamax
23.0;225.0;0.0;14.25;1.0;20;55;SUN;6;7;False;False;False;70000;68.98;14.01;0.75;SEPT;9;COFCO;16;PANAMAX;GSA - E;4747;D2030_215_newpanamax
23.0;225.0;0.0;14.25;1.0;22;4;SUN;6;7;False;False;False;70000;68.98;4.06;0.75;SEPT;9;COFCO;16;PANAMAX;GSA - E;4748;D2030_215_newpanamax
23.0;195.0;0.0;13.75;1.0;22;3;SUN;6;7;False;False;False;45000;39.48;2.84;0.75;SEPT;9;COPESUCAR;17;HANDYMAX;GSA - E;4749;D2030_215_newpanamax
23.0;205.0;11.75;11.75;3.0;23;3;SUN;6;7;False;False;False;1000;13.38;1.12;0.75;SEPT;9;DPW - CGC;21;FULLYCELLULAR;CGC;4750;D2030_215_newpanamax
32.2;205.0;0.0;12.2;1.0;23;57;SUN;6;7;False;False;False;55000;39.16;3.14;0.75;SEPT;9;ELEVACOES;24;SUPRAMAX;GSA - E;4751;D2030_215_newpanamax
23.0;275.0;13.25;13.25;3.0;22;13;SUN;6;7;False;False;False;3000;15.61;3.05;0.75;SEPT;9;SANTOSBR;31;PANAMAX;CGC;4752;D2030_215_newpanamax
23.0;295.0;14.25;14.25;3.0;22;13;SUN;6;7;False;False;False;4000;21.3;2.42;0.75;SEPT;9;SANTOSBR;31;POST-PANAMAXI;CGC;4753;D2030_215_newpanamax
23.0;225.0;0.0;13.25;1.0;20;52;SUN;6;7;False;False;False;70000;78.07;1.92;0.75;SEPT;9;TEG;34;PANAMAX;GSA - E;4754;D2030_215_newpanamax
23.0;195.0;9.75;9.75;3.0;20;57;SUN;6;7;False;False;True;1500;20.97;8.23;0.75;SEPT;9;TEV;37;CARGARO-RO;RORO;4755;D2030_215_newpanamax
23.0;225.0;0.0;13.75;1.0;21;58;SUN;6;7;False;False;False;70000;62.19;5.19;0.75;SEPT;9;TIPLAM - GSA - E;41;PANAMAX;GSA - E;4756;D2030_215_newpanamax
23.0;225.0;12.7;0.0;2.0;23;11;SUN;6;7;False;False;False;60000;81.86;14.93;0.75;SEPT;9;ULTRACARGO;45;LR1LONGRANGE1;GL;4757;D2030_215_newpanamax
23.0;225.0;0.0;13.75;1.0;21;1;SUN;6;7;False;False;False;70000;55.1;6.46;0.75;SEPT;9;XXXIX;48;PANAMAX;GSA - E;4758;D2030_215_newpanamax
23.0;175.0;0.0;7.25;1.0;7;6;MON;0;8;False;False;False;35000;57.11;12.03;0.75;SEPT;9;STS;2;MRMEDIUMRANGE;GL;4759;D2030_215_newpanamax
23.0;225.0;0.0;7.75;1.0;0;0;MON;0;8;False;False;False;70000;68.98;4.74;0.75;SEPT;9;COFCO;16;PANAMAX;GSA - E;4760;D2030_215_newpanamax
23.0;185.0;0.0;10.25;1.0;2;3;MON;0;8;False;False;False;45000;39.48;2.58;0.75;SEPT;9;COPESUCAR;17;HANDYMAX;GSA - E;4761;D2030_215_newpanamax
23.0;225.0;0.0;12.75;1.0;0;0;MON;0;8;False;False;False;60000;162.93;0.37;0.75;SEPT;9;CUTRALE - GL;18;LR1LONGRANGE1;GL;4762;D2030_215_newpanamax
23.0;195.0;7.25;7.25;3.0;0;1;MON;0;8;False;False;False;1000;13.38;1.13;0.75;SEPT;9;DPW - CGC;21;FULLYCELLULAR;CGC;4763;D2030_215_newpanamax
23.0;245.0;8.75;8.75;3.0;0;1;MON;0;8;False;False;False;3000;17.86;0.47;0.75;SEPT;9;DPW - CGC;21;PANAMAX;CGC;4764;D2030_215_newpanamax
23.0;295.0;9.75;9.75;3.0;1;2;MON;0;8;False;False;False;4000;21.93;1.75;0.75;SEPT;9;DPW - CGC;21;POST-PANAMAXI;CGC;4765;D2030_215_newpanamax
43.0;339.0;14.0;14.0;3.0;1;2;MON;0;8;False;False;False;6000;27.82;2.34;0.75;SEPT;9;DPW - CGC;21;POST-PANAMAXII;CGC;4766;D2030_215_newpanamax
23.0;175.0;0.0;9.75;1.0;0;2;MON;0;8;False;False;False;35000;27.04;5.01;0.75;SEPT;9;ELEVACOES;24;HANDYSIZE;GSA - E;4767;D2030_215_newpanamax
32.2;205.0;0.0;12.2;1.0;0;2;MON;0;8;False;False;False;55000;39.16;2.36;0.75;SEPT;9;ELEVACOES;24;SUPRAMAX;GSA - E;4768;D2030_215_newpanamax
23.0;185.0;9.25;0.0;2.0;3;10;MON;0;8;False;False;False;45000;75.33;6.71;0.75;SEPT;9;HIDROVIAS;27;HANDYMAX;GSM - I;4769;D2030_215_newpanamax
23.0;185.0;8.75;8.75;3.0;2;4;MON;0;8;False;False;False;1000;16.8;3.17;0.75;SEPT;9;SANTOSBR;31;FULLYCELLULAR;CGC;4770;D2030_215_newpanamax
23.0;255.0;9.25;9.25;3.0;1;3;MON;0;8;False;False;False;3000;15.61;2.31;0.75;SEPT;9;SANTOSBR;31;PANAMAX;CGC;4771;D2030_215_newpanamax
23.0;265.0;9.75;9.75;3.0;3;8;MON;0;8;False;False;False;3000;15.61;3.11;0.75;SEPT;9;SANTOSBR;31;PANAMAX;CGC;4772;D2030_215_newpanamax
23.0;175.0;9.25;0.0;2.0;0;4;MON;0;8;False;False;False;35000;50.86;8.22;0.75;SEPT;9;TERMAG;35;HANDYSIZE;GSM - I;4773;D2030_215_newpanamax
23.0;225.0;0.0;12.25;1.0;0;2;MON;0;8;False;False;False;70000;111.09;2.89;0.75;SEPT;9;TES;36;PANAMAX;GSA - E;4774;D2030_215_newpanamax
23.0;195.0;8.25;8.25;3.0;4;11;MON;0;8;False;False;True;1500;20.97;0.51;0.75;SEPT;9;TEV;37;CARGARO-RO;RORO;4775;D2030_215_newpanamax
23.0;235.0;8.25;8.25;3.0;5;13;MON;0;8;False;False;True;5000;19.52;0.92;0.75;SEPT;9;TEV;37;LARGEPCTC;RORO;4776;D2030_215_newpanamax
23.0;225.0;0.0;10.75;1.0;0;7;MON;0;8;False;False;False;70000;62.19;24.76;0.75;SEPT;9;TIPLAM - GSA - E;41;PANAMAX;GSA - E;4777;D2030_215_newpanamax
23.0;185.0;0.0;7.75;1.0;0;1;MON;0;8;False;False;False;35000;29.94;1.94;0.75;SEPT;9;TRANSPETRO;43;MRMEDIUMRANGE;GL;4778;D2030_215_newpanamax
23.0;155.0;0.0;8.75;1.0;3;2;MON;0;8;False;False;False;18000;41.58;0.0;0.75;SEPT;9;VOPAK;47;GPGENERALPURPOSE;GL;4779;D2030_215_newpanamax
18.0;85.34;4.1;4.1;3.0;7;50;0;0;8;False;False;False;0;5.83;0.08;0.75;0;9;TUP - Saipem;8;HANDYSIZE;CGNC;4780;D2030_215_newpanamax
23.0;255.0;10.25;10.25;3.0;5;14;TUE;1;9;False;False;False;3000;15.61;2.35;0.75;SEPT;9;TECON10;3;PANAMAX;CGC;4781;D2030_215_newpanamax
23.0;155.0;0.0;7.75;1.0;5;13;TUE;1;9;False;False;False;18000;45.88;1.21;0.75;SEPT;9;AGEO_TERMINAIS;11;GPGENERALPURPOSE;GL;4782;D2030_215_newpanamax
23.0;175.0;0.0;8.75;1.0;4;10;TUE;1;9;False;False;False;35000;64.43;0.41;0.75;SEPT;9;AGEO_TERMINAIS;11;MRMEDIUMRANGE;GL;4783;D2030_215_newpanamax
23.0;295.0;11.25;11.25;3.0;4;11;TUE;1;9;False;False;False;4000;20.66;3.1;0.75;SEPT;9;BTP;13;POST-PANAMAXI;CGC;4784;D2030_215_newpanamax
23.0;225.0;0.0;13.25;1.0;9;19;TUE;1;9;False;False;False;70000;68.98;6.69;0.75;SEPT;9;COFCO;16;PANAMAX;GSA - E;4785;D2030_215_newpanamax
23.0;225.0;0.0;12.25;1.0;4;13;TUE;1;9;False;False;False;70000;54.03;2.9;0.75;SEPT;9;CUTRALE - GSA - E;19;PANAMAX;GSA - E;4786;D2030_215_newpanamax
23.0;255.0;10.25;10.25;3.0;5;13;TUE;1;9;False;False;False;3000;17.86;2.62;0.75;SEPT;9;DPW - CGC;21;PANAMAX;CGC;4787;D2030_215_newpanamax
32.2;205.0;0.0;12.2;1.0;8;17;TUE;1;9;False;False;False;55000;39.16;3.18;0.75;SEPT;9;ELEVACOES;24;SUPRAMAX;GSA - E;4788;D2030_215_newpanamax
23.0;185.0;9.25;9.25;3.0;5;13;TUE;1;9;False;False;False;1000;16.8;2.2;0.75;SEPT;9;SANTOSBR;31;FULLYCELLULAR;CGC;4789;D2030_215_newpanamax
43.0;339.0;14.0;14.0;3.0;4;9;TUE;1;9;False;False;False;6000;25.92;2.26;0.75;SEPT;9;SANTOSBR;31;POST-PANAMAXII;CGC;4790;D2030_215_newpanamax
23.0;225.0;0.0;13.25;1.0;5;11;TUE;1;9;False;False;False;70000;39.92;2.46;0.75;SEPT;9;TGG;38;PANAMAX;GSA - E;4791;D2030_215_newpanamax
23.0;225.0;0.0;12.7;1.0;6;15;TUE;1;9;False;False;False;60000;124.33;0.0;0.75;SEPT;9;VOPAK;47;LR1LONGRANGE1;GL;4792;D2030_215_newpanamax
23.0;215.0;0.0;12.25;1.0;1;9;TUE;1;9;False;False;False;70000;55.1;1.25;0.75;SEPT;9;XXXIX;48;PANAMAX;GSA - E;4793;D2030_215_newpanamax
23.0;275.0;10.75;10.75;3.0;10;26;WED;2;10;False;False;False;3000;15.61;2.66;0.75;SEPT;9;TECON10;3;PANAMAX;CGC;4794;D2030_215_newpanamax
23.0;225.0;0.0;13.25;1.0;9;20;WED;2;10;False;False;False;70000;51.12;0.94;0.75;SEPT;9;ADM;9;PANAMAX;GSA - E;4795;D2030_215_newpanamax
23.0;295.0;12.25;12.25;3.0;7;21;WED;2;10;False;False;False;4000;20.66;2.4;0.75;SEPT;9;BTP;13;POST-PANAMAXI;CGC;4796;D2030_215_newpanamax
23.0;195.0;0.0;11.75;1.0;9;30;WED;2;10;False;False;False;45000;39.48;2.43;0.75;SEPT;9;COPESUCAR;17;HANDYMAX;GSA - E;4797;D2030_215_newpanamax
23.0;225.0;0.0;13.75;1.0;10;33;WED;2;10;False;False;False;70000;58.85;2.34;0.75;SEPT;9;COPESUCAR;17;PANAMAX;GSA - E;4798;D2030_215_newpanamax
23.0;215.0;9.75;9.75;3.0;9;25;WED;2;10;False;False;False;1000;13.38;1.29;0.75;SEPT;9;DPW - CGC;21;FULLYCELLULAR;CGC;4799;D2030_215_newpanamax
23.0;255.0;10.75;10.75;3.0;9;23;WED;2;10;False;False;False;3000;17.86;2.77;0.75;SEPT;9;DPW - CGC;21;PANAMAX;CGC;4800;D2030_215_newpanamax
23.0;235.0;10.75;10.75;3.0;7;19;WED;2;10;False;False;False;3000;17.86;1.4;0.75;SEPT;9;DPW - CGC;21;PANAMAX;CGC;4801;D2030_215_newpanamax
43.0;339.0;14.0;14.0;3.0;9;23;WED;2;10;False;False;False;6000;27.82;1.28;0.75;SEPT;9;DPW - CGC;21;POST-PANAMAXII;CGC;4802;D2030_215_newpanamax
23.0;225.0;0.0;13.75;1.0;9;24;WED;2;10;False;False;False;70000;53.25;1.9;0.75;SEPT;9;ELEVACOES;24;PANAMAX;GSA - E;4803;D2030_215_newpanamax
23.0;185.0;9.75;9.75;3.0;9;25;WED;2;10;False;False;False;1000;16.8;3.3;0.75;SEPT;9;SANTOSBR;31;FULLYCELLULAR;CGC;4804;D2030_215_newpanamax
23.0;275.0;10.75;10.75;3.0;9;25;WED;2;10;False;False;False;3000;15.61;3.39;0.75;SEPT;9;SANTOSBR;31;PANAMAX;CGC;4805;D2030_215_newpanamax
23.0;295.0;12.25;12.25;3.0;9;25;WED;2;10;False;False;False;4000;21.3;3.31;0.75;SEPT;9;SANTOSBR;31;POST-PANAMAXI;CGC;4806;D2030_215_newpanamax
43.0;339.0;14.0;14.0;3.0;9;25;WED;2;10;False;False;False;6000;25.92;2.86;0.75;SEPT;9;SANTOSBR;31;POST-PANAMAXII;CGC;4807;D2030_215_newpanamax
23.0;225.0;0.0;13.25;1.0;7;19;WED;2;10;False;False;False;70000;78.07;0.39;0.75;SEPT;9;TEG;34;PANAMAX;GSA - E;4808;D2030_215_newpanamax
23.0;195.0;8.75;8.75;3.0;7;20;WED;2;10;False;False;True;1500;20.97;10.04;0.75;SEPT;9;TEV;37;CARGARO-RO;RORO;4809;D2030_215_newpanamax
23.0;225.0;9.25;0.0;2.0;8;24;WED;2;10;False;False;False;70000;104.45;2.73;0.75;SEPT;9;TIPLAM - GSM - I;42;PANAMAX;GSM - I;4810;D2030_215_newpanamax
23.0;295.0;0.0;10.75;1.0;9;17;WED;2;10;True;False;False;76500;53.08;0.0;0.75;SEPT;9;TRSP;44;LNGCARRIER;GL;4811;D2030_215_newpanamax
23.0;225.0;0.0;12.75;1.0;10;25;WED;2;10;False;False;False;70000;55.1;0.84;0.75;SEPT;9;XXXIX;48;PANAMAX;GSA - E;4812;D2030_215_newpanamax
36.0;225.0;0.0;13.0;1.0;10;28;THU;3;11;False;False;False;55000;99.66;7.48;0.75;SEPT;9;BRACELL;12;NAVIOCARGAGERAL;CGNC;4813;D2030_215_newpanamax
23.0;215.0;9.25;9.25;3.0;9;28;THU;3;11;False;False;False;1000;13.85;1.91;0.75;SEPT;9;BTP;13;FULLYCELLULAR;CGC;4814;D2030_215_newpanamax
23.0;275.0;12.25;12.25;3.0;8;25;THU;3;11;False;False;False;3000;14.7;4.32;0.75;SEPT;9;BTP;13;PANAMAX;CGC;4815;D2030_215_newpanamax
23.0;305.0;12.25;12.25;3.0;8;25;THU;3;11;False;False;False;4000;20.66;6.07;0.75;SEPT;9;BTP;13;POST-PANAMAXI;CGC;4816;D2030_215_newpanamax
23.0;295.0;12.75;12.75;3.0;9;27;THU;3;11;False;False;False;4000;20.66;3.13;0.75;SEPT;9;BTP;13;POST-PANAMAXI;CGC;4817;D2030_215_newpanamax
23.0;305.0;12.25;12.25;3.0;8;25;THU;3;11;False;False;False;4000;20.66;3.4;0.75;SEPT;9;BTP;13;POST-PANAMAXI;CGC;4818;D2030_215_newpanamax
23.0;175.0;10.25;0.0;2.0;7;26;THU;3;11;False;False;False;35000;135.86;7.43;0.75;SEPT;9;BUNGE;14;HANDYSIZE;GSA - I;4819;D2030_215_newpanamax
23.0;225.0;0.0;13.25;1.0;11;35;THU;3;11;False;False;False;70000;54.03;0.77;0.75;SEPT;9;CUTRALE - GSA - E;19;PANAMAX;GSA - E;4820;D2030_215_newpanamax
23.0;185.0;10.25;10.25;3.0;11;30;THU;3;11;False;False;False;1000;13.38;1.49;0.75;SEPT;9;DPW - CGC;21;FULLYCELLULAR;CGC;4821;D2030_215_newpanamax
23.0;185.0;10.25;10.25;3.0;12;33;THU;3;11;False;False;False;1000;13.38;1.69;0.75;SEPT;9;DPW - CGC;21;FULLYCELLULAR;CGC;4822;D2030_215_newpanamax
23.0;255.0;11.25;11.25;3.0;11;31;THU;3;11;False;False;False;3000;17.86;1.77;0.75;SEPT;9;DPW - CGC;21;PANAMAX;CGC;4823;D2030_215_newpanamax
23.0;295.0;12.75;12.75;3.0;12;33;THU;3;11;False;False;False;4000;21.93;1.47;0.75;SEPT;9;DPW - CGC;21;POST-PANAMAXI;CGC;4824;D2030_215_newpanamax
43.0;339.0;14.0;14.0;3.0;11;30;THU;3;11;False;False;False;6000;27.82;1.35;0.75;SEPT;9;DPW - CGC;21;POST-PANAMAXII;CGC;4825;D2030_215_newpanamax
36.0;225.0;0.0;13.0;1.0;12;33;THU;3;11;False;False;False;55000;64.0;1.31;0.75;SEPT;9;DPW - CGNC;22;NAVIOCARGAGERAL;CGNC;4826;D2030_215_newpanamax
23.0;175.0;9.75;0.0;2.0;5;22;THU;3;11;False;False;False;35000;59.83;7.35;0.75;SEPT;9;HIDROVIAS;27;HANDYSIZE;GSM - I;4827;D2030_215_newpanamax
23.0;175.0;9.75;0.0;2.0;12;36;THU;3;11;False;False;False;35000;223.73;0.53;0.75;SEPT;9;NITA;28;HANDYSIZE;GSA - I;4828;D2030_215_newpanamax
23.0;265.0;11.25;11.25;3.0;12;34;THU;3;11;False;False;False;3000;15.61;1.48;0.75;SEPT;9;SANTOSBR;31;PANAMAX;CGC;4829;D2030_215_newpanamax
43.0;339.0;14.0;14.0;3.0;12;33;THU;3;11;False;False;False;6000;25.92;3.9;0.75;SEPT;9;SANTOSBR;31;POST-PANAMAXII;CGC;4830;D2030_215_newpanamax
23.0;225.0;0.0;13.25;1.0;10;23;THU;3;11;False;False;False;70000;78.07;1.27;0.75;SEPT;9;TEG;34;PANAMAX;GSA - E;4831;D2030_215_newpanamax
23.0;255.0;0.0;12.75;1.0;11;25;THU;3;11;False;False;False;85000;150.34;6.57;0.75;SEPT;9;TES;36;POST-PANAMAX;GSA - E;4832;D2030_215_newpanamax
23.0;225.0;0.0;13.25;1.0;11;31;THU;3;11;False;False;False;70000;62.19;1.66;0.75;SEPT;9;TIPLAM - GSA - E;41;PANAMAX;GSA - E;4833;D2030_215_newpanamax
23.0;175.0;0.0;8.75;1.0;14;33;THU;3;11;False;False;False;35000;90.66;37.45;0.75;SEPT;9;USIMINAS;46;HANDYSIZE;CGNC;4834;D2030_215_newpanamax
23.0;175.0;10.75;0.0;2.0;15;40;FRI;4;12;False;False;False;35000;57.11;2.76;0.75;SEPT;9;STS;2;MRMEDIUMRANGE;GL;4835;D2030_215_newpanamax
23.0;255.0;12.25;12.25;3.0;17;46;FRI;4;12;False;False;False;3000;15.61;2.82;0.75;SEPT;9;TECON10;3;PANAMAX;CGC;4836;D2030_215_newpanamax
23.0;225.0;0.0;13.25;1.0;13;32;FRI;4;12;False;False;False;70000;51.12;5.42;0.75;SEPT;9;RUMO - GSA - E;4;PANAMAX;GSA - E;4837;D2030_215_newpanamax
23.0;185.0;10.25;0.0;2.0;15;40;FRI;4;12;False;False;False;35000;64.43;0.2;0.75;SEPT;9;AGEO_TERMINAIS;11;MRMEDIUMRANGE;GL;4838;D2030_215_newpanamax
23.0;275.0;13.25;13.25;3.0;13;39;FRI;4;12;False;False;False;3000;14.7;1.6;0.75;SEPT;9;BTP;13;PANAMAX;CGC;4839;D2030_215_newpanamax
43.0;339.0;14.0;14.0;3.0;13;39;FRI;4;12;False;False;False;6000;23.63;1.44;0.75;SEPT;9;BTP;13;POST-PANAMAXII;CGC;4840;D2030_215_newpanamax
23.0;205.0;0.0;10.25;1.0;13;42;FRI;4;12;False;False;False;35000;77.19;0.15;0.75;SEPT;9;CITROSUCO;15;MRMEDIUMRANGE;GL;4841;D2030_215_newpanamax
23.0;225.0;0.0;13.75;1.0;15;38;FRI;4;12;False;False;False;70000;68.98;14.96;0.75;SEPT;9;COFCO;16;PANAMAX;GSA - E;4842;D2030_215_newpanamax
23.0;205.0;10.25;10.25;3.0;13;38;FRI;4;12;False;False;False;1000;13.38;1.15;0.75;SEPT;9;DPW - CGC;21;FULLYCELLULAR;CGC;4843;D2030_215_newpanamax
36.0;225.0;0.0;13.0;1.0;17;46;FRI;4;12;False;False;False;55000;64.0;3.25;0.75;SEPT;9;DPW - CGNC;22;NAVIOCARGAGERAL;CGNC;4844;D2030_215_newpanamax
23.0;205.0;10.75;10.75;3.0;17;45;FRI;4;12;False;False;False;1000;16.8;2.14;0.75;SEPT;9;SANTOSBR;31;FULLYCELLULAR;CGC;4845;D2030_215_newpanamax
23.0;235.0;12.25;12.25;3.0;16;44;FRI;4;12;False;False;False;3000;15.61;2.44;0.75;SEPT;9;SANTOSBR;31;PANAMAX;CGC;4846;D2030_215_newpanamax
23.0;305.0;12.75;12.75;3.0;16;44;FRI;4;12;False;False;False;4000;21.3;2.06;0.75;SEPT;9;SANTOSBR;31;POST-PANAMAXI;CGC;4847;D2030_215_newpanamax
23.0;225.0;0.0;13.25;1.0;13;34;FRI;4;12;False;False;False;70000;88.35;0.76;0.75;SEPT;9;TEAG;33;PANAMAX;GSA - E;4848;D2030_215_newpanamax
23.0;225.0;0.0;13.25;1.0;14;37;FRI;4;12;False;False;False;70000;111.09;12.09;0.75;SEPT;9;TES;36;PANAMAX;GSA - E;4849;D2030_215_newpanamax
23.0;225.0;0.0;13.25;1.0;12;31;FRI;4;12;False;False;False;70000;111.09;3.94;0.75;SEPT;9;TES;36;PANAMAX;GSA - E;4850;D2030_215_newpanamax
23.0;225.0;0.0;13.25;1.0;15;42;FRI;4;12;False;False;False;70000;62.19;4.19;0.75;SEPT;9;TIPLAM - GSA - E;41;PANAMAX;GSA - E;4851;D2030_215_newpanamax
23.0;225.0;11.25;0.0;2.0;15;44;FRI;4;12;False;False;False;70000;104.45;2.04;0.75;SEPT;9;TIPLAM - GSM - I;42;PANAMAX;GSM - I;4852;D2030_215_newpanamax
23.0;185.0;0.0;9.75;1.0;15;38;FRI;4;12;False;False;False;35000;29.94;4.15;0.75;SEPT;9;TRANSPETRO;43;MRMEDIUMRANGE;GL;4853;D2030_215_newpanamax
23.0;175.0;9.75;0.0;2.0;16;47;FRI;4;12;False;False;False;35000;90.66;11.8;0.75;SEPT;9;USIMINAS;46;HANDYSIZE;CGNC;4854;D2030_215_newpanamax
36.0;225.0;0.0;13.0;1.0;18;53;SAT;5;13;False;False;False;55000;99.0;3.02;0.75;SEPT;9;ARAUCO;1;NAVIOCARGAGERAL;CGNC;4855;D2030_215_newpanamax
23.0;185.0;12.75;0.0;2.0;17;52;SAT;5;13;False;False;False;45000;89.37;3.52;0.75;SEPT;9;RUMO - GSM - I;5;HANDYMAX;GSM - I;4856;D2030_215_newpanamax
23.0;275.0;13.75;13.75;3.0;18;50;SAT;5;13;False;False;False;3000;14.7;1.56;0.75;SEPT;9;BTP;13;PANAMAX;CGC;4857;D2030_215_newpanamax
23.0;325.0;13.75;13.75;3.0;17;48;SAT;5;13;False;False;False;4000;20.66;7.64;0.75;SEPT;9;BTP;13;POST-PANAMAXI;CGC;4858;D2030_215_newpanamax
23.0;295.0;14.25;14.25;3.0;20;54;SAT;5;13;False;False;False;4000;20.66;2.91;0.75;SEPT;9;BTP;13;POST-PANAMAXI;CGC;4859;D2030_215_newpanamax
23.0;215.0;0.0;11.25;1.0;18;55;SAT;5;13;False;False;False;35000;77.19;0.15;0.75;SEPT;9;CITROSUCO;15;MRMEDIUMRANGE;GL;4860;D2030_215_newpanamax
23.0;195.0;0.0;13.25;1.0;16;55;SAT;5;13;False;False;False;45000;39.48;1.63;0.75;SEPT;9;COPESUCAR;17;HANDYMAX;GSA - E;4861;D2030_215_newpanamax
23.0;225.0;0.0;13.75;1.0;16;55;SAT;5;13;False;False;False;70000;58.85;1.75;0.75;SEPT;9;COPESUCAR;17;PANAMAX;GSA - E;4862;D2030_215_newpanamax
23.0;165.0;8.75;0.0;2.0;19;49;SAT;5;13;False;False;False;18000;12.03;2.0;0.75;SEPT;9;DOW;20;GPGENERALPURPOSE;GL;4863;D2030_215_newpanamax
23.0;255.0;12.75;12.75;3.0;19;52;SAT;5;13;False;False;False;3000;17.86;2.71;0.75;SEPT;9;DPW - CGC;21;PANAMAX;CGC;4864;D2030_215_newpanamax
36.0;225.0;0.0;13.0;1.0;19;53;SAT;5;13;False;False;False;55000;64.0;2.58;0.75;SEPT;9;DPW - CGNC;22;NAVIOCARGAGERAL;CGNC;4865;D2030_215_newpanamax
23.0;185.0;12.25;0.0;2.0;20;52;SAT;5;13;False;False;False;45000;75.33;0.73;0.75;SEPT;9;HIDROVIAS;27;HANDYMAX;GSM - I;4866;D2030_215_newpanamax
23.0;215.0;10.75;10.75;3.0;17;47;SAT;5;13;False;False;False;1000;16.8;3.73;0.75;SEPT;9;SANTOSBR;31;FULLYCELLULAR;CGC;4867;D2030_215_newpanamax
23.0;265.0;12.25;12.25;3.0;18;48;SAT;5;13;False;False;False;3000;15.61;2.45;0.75;SEPT;9;SANTOSBR;31;PANAMAX;CGC;4868;D2030_215_newpanamax
43.0;339.0;14.0;14.0;3.0;18;48;SAT;5;13;False;False;False;6000;25.92;2.43;0.75;SEPT;9;SANTOSBR;31;POST-PANAMAXII;CGC;4869;D2030_215_newpanamax
23.0;225.0;0.0;13.25;1.0;16;42;SAT;5;13;False;False;False;70000;78.07;4.26;0.75;SEPT;9;TEG;34;PANAMAX;GSA - E;4870;D2030_215_newpanamax
23.0;195.0;9.25;9.25;3.0;18;54;SAT;5;13;False;False;True;1500;20.97;0.88;0.75;SEPT;9;TEV;37;CARGARO-RO;RORO;4871;D2030_215_newpanamax
23.0;195.0;9.25;9.25;3.0;17;53;SAT;5;13;False;False;True;1500;20.97;1.64;0.75;SEPT;9;TEV;37;CARGARO-RO;RORO;4872;D2030_215_newpanamax
23.0;175.0;10.25;0.0;2.0;18;52;SAT;5;13;False;False;False;35000;72.19;2.26;0.75;SEPT;9;TIPLAM - GSM - I;42;HANDYSIZE;GSM - I;4873;D2030_215_newpanamax
23.0;185.0;0.0;10.75;1.0;20;55;SAT;5;13;False;False;False;35000;29.94;6.25;0.75;SEPT;9;TRANSPETRO;43;MRMEDIUMRANGE;GL;4874;D2030_215_newpanamax
36.0;225.0;0.0;13.0;1.0;21;8;SUN;6;14;False;False;False;55000;99.0;1.28;0.75;SEPT;9;ARAUCO;1;NAVIOCARGAGERAL;CGNC;4875;D2030_215_newpanamax
23.0;215.0;10.75;10.75;3.0;22;58;SUN;6;14;False;False;False;1000;13.85;0.99;0.75;SEPT;9;BTP;13;FULLYCELLULAR;CGC;4876;D2030_215_newpanamax
23.0;295.0;14.25;14.25;3.0;20;55;SUN;6;14;False;False;False;4000;20.66;2.66;0.75;SEPT;9;BTP;13;POST-PANAMAXI;CGC;4877;D2030_215_newpanamax
23.0;295.0;14.25;14.25;3.0;21;57;SUN;6;14;False;False;False;4000;20.66;1.14;0.75;SEPT;9;BTP;13;POST-PANAMAXI;CGC;4878;D2030_215_newpanamax
23.0;215.0;0.0;11.25;1.0;22;8;SUN;6;14;False;False;False;35000;77.19;0.14;0.75;SEPT;9;CITROSUCO;15;MRMEDIUMRANGE;GL;4879;D2030_215_newpanamax
23.0;225.0;0.0;14.25;1.0;22;28;SUN;6;14;False;False;False;70000;68.98;21.21;0.75;SEPT;9;COFCO;16;PANAMAX;GSA - E;4880;D2030_215_newpanamax
23.0;225.0;0.0;13.75;1.0;22;3;SUN;6;14;False;False;False;70000;58.85;2.32;0.75;SEPT;9;COPESUCAR;17;PANAMAX;GSA - E;4881;D2030_215_newpanamax
23.0;275.0;13.75;13.75;3.0;23;3;SUN;6;14;False;False;False;3000;17.86;1.86;0.75;SEPT;9;DPW - CGC;21;PANAMAX;CGC;4882;D2030_215_newpanamax
23.0;175.0;0.0;10.25;1.0;23;57;SUN;6;14;False;False;False;35000;27.04;2.54;0.75;SEPT;9;ELEVACOES;24;HANDYSIZE;GSA - E;4883;D2030_215_newpanamax
23.0;205.0;11.75;11.75;3.0;22;13;SUN;6;14;False;False;False;1000;16.8;3.1;0.75;SEPT;9;SANTOSBR;31;FULLYCELLULAR;CGC;4884;D2030_215_newpanamax
23.0;275.0;14.25;14.25;3.0;23;56;SUN;6;14;False;False;False;3000;15.61;4.24;0.75;SEPT;9;SANTOSBR;31;PANAMAX;CGC;4885;D2030_215_newpanamax
23.0;225.0;0.0;13.75;1.0;22;26;SUN;6;14;False;False;False;70000;111.09;0.99;0.75;SEPT;9;TES;36;PANAMAX;GSA - E;4886;D2030_215_newpanamax
23.0;195.0;9.75;9.75;3.0;21;59;SUN;6;14;False;False;True;1500;20.97;1.39;0.75;SEPT;9;TEV;37;CARGARO-RO;RORO;4887;D2030_215_newpanamax
23.0;165.0;10.75;0.0;2.0;23;11;SUN;6;14;False;False;False;18000;42.57;4.89;0.75;SEPT;9;ULTRACARGO;45;GPGENERALPURPOSE;GL;4888;D2030_215_newpanamax
23.0;185.0;12.25;0.0;2.0;23;11;SUN;6;14;False;False;False;35000;57.11;7.79;0.75;SEPT;9;ULTRACARGO;45;MRMEDIUMRANGE;GL;4889;D2030_215_newpanamax
23.0;225.0;0.0;12.25;1.0;2;5;MON;0;15;False;False;False;70000;51.12;3.16;0.75;SEPT;9;RUMO - GSA - E;4;PANAMAX;GSA - E;4890;D2030_215_newpanamax
23.0;225.0;0.0;9.25;1.0;0;3;MON;0;15;False;False;False;70000;68.98;1.2;0.75;SEPT;9;COFCO;16;PANAMAX;GSA - E;4891;D2030_215_newpanamax
23.0;185.0;0.0;8.25;1.0;1;1;MON;0;15;False;False;False;45000;39.48;1.72;0.75;SEPT;9;COPESUCAR;17;HANDYMAX;GSA - E;4892;D2030_215_newpanamax
23.0;145.0;6.75;6.75;3.0;3;6;MON;0;15;False;False;False;500;12.93;3.67;0.75;SEPT;9;DPW - CGC;21;FEEDER/EARLY;CGC;4893;D2030_215_newpanamax
23.0;195.0;7.25;7.25;3.0;0;1;MON;0;15;False;False;False;1000;13.38;1.6;0.75;SEPT;9;DPW - CGC;21;FULLYCELLULAR;CGC;4894;D2030_215_newpanamax
23.0;245.0;8.75;8.75;3.0;0;1;MON;0;15;False;False;False;3000;17.86;4.72;0.75;SEPT;9;DPW - CGC;21;PANAMAX;CGC;4895;D2030_215_newpanamax
23.0;305.0;10.25;10.25;3.0;3;7;MON;0;15;False;False;False;4000;21.93;1.77;0.75;SEPT;9;DPW - CGC;21;POST-PANAMAXI;CGC;4896;D2030_215_newpanamax
43.0;339.0;14.0;14.0;3.0;3;7;MON;0;15;False;False;False;6000;27.82;1.57;0.75;SEPT;9;DPW - CGC;21;POST-PANAMAXII;CGC;4897;D2030_215_newpanamax
23.0;225.0;0.0;11.25;1.0;0;2;MON;0;15;False;False;False;70000;53.25;3.14;0.75;SEPT;9;ELEVACOES;24;PANAMAX;GSA - E;4898;D2030_215_newpanamax
23.0;225.0;0.0;13.25;1.0;6;11;MON;0;15;False;False;False;70000;53.25;5.75;0.75;SEPT;9;ELEVACOES;24;PANAMAX;GSA - E;4899;D2030_215_newpanamax
23.0;225.0;8.75;0.0;2.0;3;10;MON;0;15;False;False;False;70000;49.28;3.2;0.75;SEPT;9;HIDROVIAS;27;PANAMAX;GSM - I;4900;D2030_215_newpanamax
23.0;185.0;8.75;8.75;3.0;1;3;MON;0;15;False;False;False;1000;16.8;4.02;0.75;SEPT;9;SANTOSBR;31;FULLYCELLULAR;CGC;4901;D2030_215_newpanamax
23.0;255.0;9.75;9.75;3.0;3;7;MON;0;15;False;False;False;3000;15.61;0.7;0.75;SEPT;9;SANTOSBR;31;PANAMAX;CGC;4902;D2030_215_newpanamax
23.0;305.0;9.75;9.75;3.0;1;3;MON;0;15;False;False;False;4000;21.3;4.36;0.75;SEPT;9;SANTOSBR;31;POST-PANAMAXI;CGC;4903;D2030_215_newpanamax
23.0;225.0;12.25;0.0;2.0;0;4;MON;0;15;False;False;False;70000;111.09;11.41;0.75;SEPT;9;TERMAG;35;PANAMAX;GSM - I;4904;D2030_215_newpanamax
23.0;185.0;8.75;8.75;3.0;5;13;MON;0;15;False;False;True;1500;20.97;0.42;0.75;SEPT;9;TEV;37;CARGARO-RO;RORO;4905;D2030_215_newpanamax
23.0;195.0;8.25;8.25;3.0;3;10;MON;0;15;False;False;True;1500;20.97;2.7;0.75;SEPT;9;TEV;37;CARGARO-RO;RORO;4906;D2030_215_newpanamax
23.0;225.0;0.0;12.25;1.0;0;2;MON;0;15;False;False;False;70000;39.92;2.99;0.75;SEPT;9;TGG;38;PANAMAX;GSA - E;4907;D2030_215_newpanamax
23.0;225.0;0.0;10.75;1.0;0;6;MON;0;15;False;False;False;70000;62.19;3.92;0.75;SEPT;9;TIPLAM - GSA - E;41;PANAMAX;GSA - E;4908;D2030_215_newpanamax
23.0;175.0;0.0;8.25;1.0;0;2;MON;0;15;False;False;False;35000;29.94;2.36;0.75;SEPT;9;TRANSPETRO;43;MRMEDIUMRANGE;GL;4909;D2030_215_newpanamax
23.0;175.0;0.0;8.25;1.0;4;5;MON;0;15;False;False;False;35000;62.88;0.0;0.75;SEPT;9;VOPAK;47;MRMEDIUMRANGE;GL;4910;D2030_215_newpanamax
23.0;225.0;0.0;12.75;1.0;5;9;TUE;1;16;False;False;False;70000;51.12;4.19;0.75;SEPT;9;RUMO - GSA - E;4;PANAMAX;GSA - E;4911;D2030_215_newpanamax
23.0;155.0;0.0;7.75;1.0;4;10;TUE;1;16;False;False;False;18000;45.88;0.91;0.75;SEPT;9;AGEO_TERMINAIS;11;GPGENERALPURPOSE;GL;4912;D2030_215_newpanamax
23.0;185.0;0.0;8.25;1.0;3;8;TUE;1;16;False;False;False;35000;64.43;0.45;0.75;SEPT;9;AGEO_TERMINAIS;11;MRMEDIUMRANGE;GL;4913;D2030_215_newpanamax
43.0;339.0;14.0;14.0;3.0;3;8;TUE;1;16;False;False;False;6000;23.63;3.59;0.75;SEPT;9;BTP;13;POST-PANAMAXII;CGC;4914;D2030_215_newpanamax
23.0;225.0;0.0;13.25;1.0;9;20;TUE;1;16;False;False;False;70000;68.98;11.18;0.75;SEPT;9;COFCO;16;PANAMAX;GSA - E;4915;D2030_215_newpanamax
23.0;185.0;9.25;9.25;3.0;5;13;TUE;1;16;False;False;False;1000;13.38;1.89;0.75;SEPT;9;DPW - CGC;21;FULLYCELLULAR;CGC;4916;D2030_215_newpanamax
23.0;295.0;10.75;10.75;3.0;4;8;TUE;1;16;False;False;False;4000;21.93;1.27;0.75;SEPT;9;DPW - CGC;21;POST-PANAMAXI;CGC;4917;D2030_215_newpanamax
23.0;225.0;0.0;13.75;1.0;8;17;TUE;1;16;False;False;False;70000;53.25;7.32;0.75;SEPT;9;ELEVACOES;24;PANAMAX;GSA - E;4918;D2030_215_newpanamax
23.0;275.0;9.75;9.75;3.0;4;9;TUE;1;16;False;False;False;3000;15.61;3.25;0.75;SEPT;9;SANTOSBR;31;PANAMAX;CGC;4919;D2030_215_newpanamax
43.0;339.0;14.0;14.0;3.0;5;13;TUE;1;16;False;False;False;6000;25.92;1.66;0.75;SEPT;9;SANTOSBR;31;POST-PANAMAXII;CGC;4920;D2030_215_newpanamax
23.0;225.0;0.0;13.25;1.0;7;15;TUE;1;16;False;False;False;70000;39.92;3.19;0.75;SEPT;9;TGG;38;PANAMAX;GSA - E;4921;D2030_215_newpanamax
23.0;185.0;0.0;8.75;1.0;6;15;TUE;1;16;False;False;False;35000;62.88;0.0;0.75;SEPT;9;VOPAK;47;MRMEDIUMRANGE;GL;4922;D2030_215_newpanamax
23.0;225.0;0.0;12.25;1.0;7;15;TUE;1;16;False;False;False;70000;55.1;0.02;0.75;SEPT;9;XXXIX;48;PANAMAX;GSA - E;4923;D2030_215_newpanamax
36.0;225.0;0.0;13.0;1.0;8;19;WED;2;17;False;False;False;55000;99.0;6.21;0.75;SEPT;9;ARAUCO;1;NAVIOCARGAGERAL;CGNC;4924;D2030_215_newpanamax
23.0;225.0;14.25;0.0;2.0;4;19;WED;2;17;False;False;False;70000;111.09;5.92;0.75;SEPT;9;RUMO - GSM - I;5;PANAMAX;GSM - I;4925;D2030_215_newpanamax
23.0;295.0;11.75;11.75;3.0;5;16;WED;2;17;False;False;False;4000;20.66;2.56;0.75;SEPT;9;BTP;13;POST-PANAMAXI;CGC;4926;D2030_215_newpanamax
23.0;205.0;0.0;10.25;1.0;9;22;WED;2;17;False;False;False;35000;77.19;0.36;0.75;SEPT;9;CITROSUCO;15;MRMEDIUMRANGE;GL;4927;D2030_215_newpanamax
23.0;225.0;0.0;13.75;1.0;9;30;WED;2;17;False;False;False;70000;58.85;1.8;0.75;SEPT;9;COPESUCAR;17;PANAMAX;GSA - E;4928;D2030_215_newpanamax
23.0;125.0;7.25;7.25;3.0;9;23;WED;2;17;False;False;False;500;12.93;4.12;0.75;SEPT;9;DPW - CGC;21;FEEDER/EARLY;CGC;4929;D2030_215_newpanamax
23.0;255.0;10.75;10.75;3.0;9;25;WED;2;17;False;False;False;3000;17.86;1.58;0.75;SEPT;9;DPW - CGC;21;PANAMAX;CGC;4930;D2030_215_newpanamax
23.0;275.0;10.75;10.75;3.0;10;28;WED;2;17;False;False;False;3000;17.86;2.86;0.75;SEPT;9;DPW - CGC;21;PANAMAX;CGC;4931;D2030_215_newpanamax
43.0;339.0;14.0;14.0;3.0;9;25;WED;2;17;False;False;False;6000;27.82;1.18;0.75;SEPT;9;DPW - CGC;21;POST-PANAMAXII;CGC;4932;D2030_215_newpanamax
23.0;175.0;0.0;9.75;1.0;10;36;WED;2;17;False;False;False;35000;137.91;0.03;0.75;SEPT;9;NST - GL;30;MRMEDIUMRANGE;GL;4933;D2030_215_newpanamax
23.0;205.0;9.25;9.25;3.0;6;19;WED;2;17;False;False;False;1000;16.8;4.44;0.75;SEPT;9;SANTOSBR;31;FULLYCELLULAR;CGC;4934;D2030_215_newpanamax
23.0;275.0;10.25;10.25;3.0;6;19;WED;2;17;False;False;False;3000;15.61;1.64;0.75;SEPT;9;SANTOSBR;31;PANAMAX;CGC;4935;D2030_215_newpanamax
23.0;295.0;11.75;11.75;3.0;6;19;WED;2;17;False;False;False;4000;21.3;0.83;0.75;SEPT;9;SANTOSBR;31;POST-PANAMAXI;CGC;4936;D2030_215_newpanamax
43.0;339.0;14.0;14.0;3.0;6;19;WED;2;17;False;False;False;6000;25.92;1.89;0.75;SEPT;9;SANTOSBR;31;POST-PANAMAXII;CGC;4937;D2030_215_newpanamax
23.0;225.0;0.0;12.25;1.0;7;18;WED;2;17;False;False;False;70000;88.35;3.33;0.75;SEPT;9;TEAG;33;PANAMAX;GSA - E;4938;D2030_215_newpanamax
23.0;195.0;8.75;8.75;3.0;7;22;WED;2;17;False;False;True;1500;20.97;2.67;0.75;SEPT;9;TEV;37;CARGARO-RO;RORO;4939;D2030_215_newpanamax
23.0;245.0;0.0;10.25;1.0;10;24;WED;2;17;False;False;False;60000;48.22;6.37;0.75;SEPT;9;TRANSPETRO;43;LR1LONGRANGE1;GL;4940;D2030_215_newpanamax
23.0;185.0;0.0;8.75;1.0;9;19;WED;2;17;False;False;False;35000;29.94;1.73;0.75;SEPT;9;TRANSPETRO;43;MRMEDIUMRANGE;GL;4941;D2030_215_newpanamax
23.0;215.0;0.0;12.75;1.0;8;23;WED;2;17;False;False;False;70000;55.1;1.03;0.75;SEPT;9;XXXIX;48;PANAMAX;GSA - E;4942;D2030_215_newpanamax
23.0;185.0;8.25;0.0;2.0;9;26;THU;3;18;False;False;False;35000;37.45;17.7;0.75;SEPT;9;ADONAI;10;MRMEDIUMRANGE;GL;4943;D2030_215_newpanamax
23.0;215.0;9.25;9.25;3.0;9;27;THU;3;18;False;False;False;1000;13.85;1.09;0.75;SEPT;9;BTP;13;FULLYCELLULAR;CGC;4944;D2030_215_newpanamax
23.0;245.0;12.75;12.75;3.0;10;28;THU;3;18;False;False;False;3000;14.7;2.92;0.75;SEPT;9;BTP;13;PANAMAX;CGC;4945;D2030_215_newpanamax
23.0;295.0;12.75;12.75;3.0;10;28;THU;3;18;False;False;False;4000;20.66;2.8;0.75;SEPT;9;BTP;13;POST-PANAMAXI;CGC;4946;D2030_215_newpanamax
23.0;305.0;12.25;12.25;3.0;8;23;THU;3;18;False;False;False;4000;20.66;1.09;0.75;SEPT;9;BTP;13;POST-PANAMAXI;CGC;4947;D2030_215_newpanamax
43.0;339.0;14.0;14.0;3.0;9;28;THU;3;18;False;False;False;6000;23.63;2.17;0.75;SEPT;9;BTP;13;POST-PANAMAXII;CGC;4948;D2030_215_newpanamax
23.0;225.0;0.0;13.75;1.0;12;32;THU;3;18;False;False;False;70000;68.98;3.29;0.75;SEPT;9;COFCO;16;PANAMAX;GSA - E;4949;D2030_215_newpanamax
23.0;225.0;0.0;12.75;1.0;10;30;THU;3;18;False;False;False;60000;162.93;3.27;0.75;SEPT;9;CUTRALE - GL;18;LR1LONGRANGE1;GL;4950;D2030_215_newpanamax
23.0;165.0;8.25;0.0;2.0;13;33;THU;3;18;False;False;False;18000;12.03;3.01;0.75;SEPT;9;DOW;20;GPGENERALPURPOSE;GL;4951;D2030_215_newpanamax
23.0;185.0;10.25;10.25;3.0;11;31;THU;3;18;False;False;False;1000;13.38;1.84;0.75;SEPT;9;DPW - CGC;21;FULLYCELLULAR;CGC;4952;D2030_215_newpanamax
23.0;255.0;11.25;11.25;3.0;12;33;THU;3;18;False;False;False;3000;17.86;1.09;0.75;SEPT;9;DPW - CGC;21;PANAMAX;CGC;4953;D2030_215_newpanamax
23.0;305.0;12.25;12.25;3.0;11;30;THU;3;18;False;False;False;4000;21.93;2.79;0.75;SEPT;9;DPW - CGC;21;POST-PANAMAXI;CGC;4954;D2030_215_newpanamax
43.0;339.0;14.0;14.0;3.0;12;32;THU;3;18;False;False;False;6000;27.82;2.58;0.75;SEPT;9;DPW - CGC;21;POST-PANAMAXII;CGC;4955;D2030_215_newpanamax
36.0;225.0;0.0;13.0;1.0;11;30;THU;3;18;False;False;False;55000;64.0;2.79;0.75;SEPT;9;DPW - CGNC;22;NAVIOCARGAGERAL;CGNC;4956;D2030_215_newpanamax
23.0;185.0;10.75;0.0;2.0;5;22;THU;3;18;False;False;False;45000;75.33;1.71;0.75;SEPT;9;HIDROVIAS;27;HANDYMAX;GSM - I;4957;D2030_215_newpanamax
36.0;225.0;0.0;11.7;1.0;15;38;THU;3;18;False;False;False;55000;200.0;6.86;0.75;SEPT;9;NST - CGNC;29;NAVIOCARGAGERAL;CGNC;4958;D2030_215_newpanamax
23.0;265.0;11.25;11.25;3.0;13;35;THU;3;18;False;False;False;3000;15.61;1.12;0.75;SEPT;9;SANTOSBR;31;PANAMAX;CGC;4959;D2030_215_newpanamax
23.0;295.0;12.25;12.25;3.0;12;33;THU;3;18;False;False;False;4000;21.3;3.37;0.75;SEPT;9;SANTOSBR;31;POST-PANAMAXI;CGC;4960;D2030_215_newpanamax
23.0;225.0;0.0;13.25;1.0;12;29;THU;3;18;False;False;False;70000;78.07;0.68;0.75;SEPT;9;TEG;34;PANAMAX;GSA - E;4961;D2030_215_newpanamax
23.0;195.0;9.25;9.25;3.0;10;32;THU;3;18;False;False;True;1500;20.97;4.63;0.75;SEPT;9;TEV;37;CARGARO-RO;RORO;4962;D2030_215_newpanamax
23.0;225.0;0.0;13.25;1.0;12;33;THU;3;18;False;False;False;70000;62.19;4.15;0.75;SEPT;9;TIPLAM - GSA - E;41;PANAMAX;GSA - E;4963;D2030_215_newpanamax
23.0;155.0;8.75;0.0;2.0;13;31;THU;3;18;False;False;False;18000;42.57;11.06;0.75;SEPT;9;ULTRACARGO;45;GPGENERALPURPOSE;GL;4964;D2030_215_newpanamax
23.0;225.0;0.0;12.75;1.0;14;37;THU;3;18;False;False;False;70000;55.1;0.32;0.75;SEPT;9;XXXIX;48;PANAMAX;GSA - E;4965;D2030_215_newpanamax
17.0;75.2;4.8;4.2;3.0;13;0;0;3;18;False;False;False;0;24.0;0.08;0.75;0;9;TUP - Saipem;8;HANDYSIZE;CGNC;4966;D2030_215_newpanamax
23.0;225.0;10.25;0.0;2.0;15;40;FRI;4;19;False;False;False;60000;81.86;13.1;0.75;SEPT;9;STS;2;LR1LONGRANGE1;GL;4967;D2030_215_newpanamax
23.0;265.0;11.75;11.75;3.0;15;39;FRI;4;19;False;False;False;3000;15.61;4.52;0.75;SEPT;9;TECON10;3;PANAMAX;CGC;4968;D2030_215_newpanamax
23.0;225.0;0.0;13.25;1.0;17;42;FRI;4;19;False;False;False;70000;51.12;1.56;0.75;SEPT;9;RUMO - GSA - E;4;PANAMAX;GSA - E;4969;D2030_215_newpanamax
23.0;155.0;9.25;0.0;2.0;15;40;FRI;4;19;False;False;False;18000;45.88;1.16;0.75;SEPT;9;AGEO_TERMINAIS;11;GPGENERALPURPOSE;GL;4970;D2030_215_newpanamax
23.0;295.0;13.75;13.75;3.0;13;39;FRI;4;19;False;False;False;4000;20.66;3.6;0.75;SEPT;9;BTP;13;POST-PANAMAXI;CGC;4971;D2030_215_newpanamax
23.0;295.0;13.75;13.75;3.0;14;40;FRI;4;19;False;False;False;4000;20.66;1.33;0.75;SEPT;9;BTP;13;POST-PANAMAXI;CGC;4972;D2030_215_newpanamax
23.0;225.0;0.0;13.75;1.0;15;39;FRI;4;19;False;False;False;70000;68.98;3.83;0.75;SEPT;9;COFCO;16;PANAMAX;GSA - E;4973;D2030_215_newpanamax
23.0;195.0;0.0;13.25;1.0;16;53;FRI;4;19;False;False;False;45000;39.48;2.93;0.75;SEPT;9;COPESUCAR;17;HANDYMAX;GSA - E;4974;D2030_215_newpanamax
23.0;225.0;0.0;13.75;1.0;14;46;FRI;4;19;False;False;False;70000;58.85;1.55;0.75;SEPT;9;COPESUCAR;17;PANAMAX;GSA - E;4975;D2030_215_newpanamax
23.0;275.0;11.25;11.25;3.0;13;38;FRI;4;19;False;False;False;3000;17.86;1.4;0.75;SEPT;9;DPW - CGC;21;PANAMAX;CGC;4976;D2030_215_newpanamax
23.0;185.0;10.75;10.75;3.0;16;44;FRI;4;19;False;False;False;1000;16.8;1.06;0.75;SEPT;9;SANTOSBR;31;FULLYCELLULAR;CGC;4977;D2030_215_newpanamax
23.0;185.0;10.25;10.25;3.0;14;38;FRI;4;19;False;False;False;1000;16.8;3.26;0.75;SEPT;9;SANTOSBR;31;FULLYCELLULAR;CGC;4978;D2030_215_newpanamax
23.0;255.0;11.75;11.75;3.0;14;38;FRI;4;19;False;False;False;3000;15.61;1.92;0.75;SEPT;9;SANTOSBR;31;PANAMAX;CGC;4979;D2030_215_newpanamax
23.0;295.0;12.75;12.75;3.0;14;38;FRI;4;19;False;False;False;4000;21.3;4.25;0.75;SEPT;9;SANTOSBR;31;POST-PANAMAXI;CGC;4980;D2030_215_newpanamax
23.0;225.0;0.0;13.25;1.0;14;37;FRI;4;19;False;False;False;70000;111.09;2.23;0.75;SEPT;9;TES;36;PANAMAX;GSA - E;4981;D2030_215_newpanamax
23.0;225.0;0.0;13.25;1.0;13;32;FRI;4;19;False;False;False;70000;111.09;6.12;0.75;SEPT;9;TES;36;PANAMAX;GSA - E;4982;D2030_215_newpanamax
23.0;225.0;0.0;13.25;1.0;13;40;FRI;4;19;False;False;False;70000;39.92;3.34;0.75;SEPT;9;TGG;38;PANAMAX;GSA - E;4983;D2030_215_newpanamax
23.0;225.0;0.0;13.25;1.0;16;47;FRI;4;19;False;False;False;70000;62.19;3.28;0.75;SEPT;9;TIPLAM - GSA - E;41;PANAMAX;GSA - E;4984;D2030_215_newpanamax
23.0;245.0;0.0;11.25;1.0;15;38;FRI;4;19;False;False;False;60000;48.22;1.18;0.75;SEPT;9;TRANSPETRO;43;LR1LONGRANGE1;GL;4985;D2030_215_newpanamax
23.0;285.0;0.0;11.75;1.0;11;38;FRI;4;19;True;False;False;76500;53.08;0.0;0.75;SEPT;9;TRSP;44;LNGCARRIER;GL;4986;D2030_215_newpanamax
36.0;225.0;0.0;13.0;1.0;15;44;SAT;5;20;False;False;False;55000;99.0;0.84;0.75;SEPT;9;ARAUCO;1;NAVIOCARGAGERAL;CGNC;4987;D2030_215_newpanamax
36.0;225.0;0.0;13.0;1.0;17;50;SAT;5;20;False;False;False;55000;99.66;5.79;0.75;SEPT;9;BRACELL;12;NAVIOCARGAGERAL;CGNC;4988;D2030_215_newpanamax
23.0;135.0;7.75;7.75;3.0;18;50;SAT;5;20;False;False;False;500;20.71;1.31;0.75;SEPT;9;BTP;13;FEEDER/EARLY;CGC;4989;D2030_215_newpanamax
23.0;295.0;14.25;14.25;3.0;20;55;SAT;5;20;False;False;False;4000;20.66;3.19;0.75;SEPT;9;BTP;13;POST-PANAMAXI;CGC;4990;D2030_215_newpanamax
23.0;295.0;13.75;13.75;3.0;16;45;SAT;5;20;False;False;False;4000;20.66;3.4;0.75;SEPT;9;BTP;13;POST-PANAMAXI;CGC;4991;D2030_215_newpanamax
23.0;225.0;0.0;14.25;1.0;18;52;SAT;5;20;False;False;False;70000;68.98;12.83;0.75;SEPT;9;COFCO;16;PANAMAX;GSA - E;4992;D2030_215_newpanamax
23.0;225.0;0.0;14.25;1.0;18;49;SAT;5;20;False;False;False;70000;68.98;30.13;0.75;SEPT;9;COFCO;16;PANAMAX;GSA - E;4993;D2030_215_newpanamax
23.0;195.0;0.0;13.25;1.0;16;54;SAT;5;20;False;False;False;45000;39.48;1.48;0.75;SEPT;9;COPESUCAR;17;HANDYMAX;GSA - E;4994;D2030_215_newpanamax
23.0;225.0;0.0;13.75;1.0;21;58;SAT;5;20;False;False;False;70000;54.03;3.96;0.75;SEPT;9;CUTRALE - GSA - E;19;PANAMAX;GSA - E;4995;D2030_215_newpanamax
23.0;305.0;13.75;13.75;3.0;18;51;SAT;5;20;False;False;False;4000;21.93;1.62;0.75;SEPT;9;DPW - CGC;21;POST-PANAMAXI;CGC;4996;D2030_215_newpanamax
36.0;225.0;0.0;11.7;1.0;18;49;SAT;5;20;False;False;False;55000;36.9;1.81;0.75;SEPT;9;ELDORADO;23;NAVIOCARGAGERAL;CGNC;4997;D2030_215_newpanamax
23.0;185.0;12.25;0.0;2.0;20;51;SAT;5;20;False;False;False;45000;75.33;1.87;0.75;SEPT;9;HIDROVIAS;27;HANDYMAX;GSM - I;4998;D2030_215_newpanamax
23.0;215.0;10.75;10.75;3.0;18;48;SAT;5;20;False;False;False;1000;16.8;2.81;0.75;SEPT;9;SANTOSBR;31;FULLYCELLULAR;CGC;4999;D2030_215_newpanamax
23.0;255.0;12.25;12.25;3.0;17;47;SAT;5;20;False;False;False;3000;15.61;5.23;0.75;SEPT;9;SANTOSBR;31;PANAMAX;CGC;5000;D2030_215_newpanamax
23.0;295.0;13.25;13.25;3.0;18;48;SAT;5;20;False;False;False;4000;21.3;1.39;0.75;SEPT;9;SANTOSBR;31;POST-PANAMAXI;CGC;5001;D2030_215_newpanamax
23.0;175.0;11.25;0.0;2.0;15;46;SAT;5;20;False;False;False;35000;59.07;12.48;0.75;SEPT;9;STOLTHAVEN;32;MRMEDIUMRANGE;GL;5002;D2030_215_newpanamax
23.0;225.0;0.0;13.25;1.0;14;44;SAT;5;20;False;False;False;70000;111.09;4.39;0.75;SEPT;9;TES;36;PANAMAX;GSA - E;5003;D2030_215_newpanamax
23.0;225.0;9.25;9.25;3.0;18;54;SAT;5;20;False;False;True;3000;20.25;1.65;0.75;SEPT;9;TEV;37;PCTCPADRAO;RORO;5004;D2030_215_newpanamax
23.0;225.0;0.0;13.25;1.0;17;47;SAT;5;20;False;False;False;70000;62.19;2.67;0.75;SEPT;9;TIPLAM - GSA - E;41;PANAMAX;GSA - E;5005;D2030_215_newpanamax
23.0;175.0;11.25;0.0;2.0;18;51;SAT;5;20;False;False;False;35000;62.88;0.0;0.75;SEPT;9;VOPAK;47;MRMEDIUMRANGE;GL;5006;D2030_215_newpanamax
23.0;225.0;0.0;13.25;1.0;17;48;SAT;5;20;False;False;False;70000;55.1;1.16;0.75;SEPT;9;XXXIX;48;PANAMAX;GSA - E;5007;D2030_215_newpanamax
23.0;225.0;0.0;13.75;1.0;21;52;SUN;6;21;False;False;False;70000;51.12;3.83;0.75;SEPT;9;RUMO - GSA - E;4;PANAMAX;GSA - E;5008;D2030_215_newpanamax
23.0;275.0;14.25;14.25;3.0;22;58;SUN;6;21;False;False;False;3000;14.7;1.58;0.75;SEPT;9;BTP;13;PANAMAX;CGC;5009;D2030_215_newpanamax
23.0;245.0;14.25;14.25;3.0;21;57;SUN;6;21;False;False;False;3000;14.7;3.92;0.75;SEPT;9;BTP;13;PANAMAX;CGC;5010;D2030_215_newpanamax
43.0;339.0;14.0;14.0;3.0;21;57;SUN;6;21;False;False;False;6000;23.63;2.58;0.75;SEPT;9;BTP;13;POST-PANAMAXII;CGC;5011;D2030_215_newpanamax
23.0;225.0;0.0;14.25;1.0;21;59;SUN;6;21;False;False;False;70000;68.98;3.19;0.75;SEPT;9;COFCO;16;PANAMAX;GSA - E;5012;D2030_215_newpanamax
23.0;225.0;0.0;14.25;1.0;22;47;SUN;6;21;False;False;False;70000;68.98;4.35;0.75;SEPT;9;COFCO;16;PANAMAX;GSA - E;5013;D2030_215_newpanamax
23.0;225.0;0.0;13.75;1.0;21;27;SUN;6;21;False;False;False;70000;58.85;1.68;0.75;SEPT;9;COPESUCAR;17;PANAMAX;GSA - E;5014;D2030_215_newpanamax
23.0;275.0;13.75;13.75;3.0;23;41;SUN;6;21;False;False;False;3000;17.86;1.19;0.75;SEPT;9;DPW - CGC;21;PANAMAX;CGC;5015;D2030_215_newpanamax
23.0;225.0;0.0;14.2;1.0;23;24;SUN;6;21;False;False;False;70000;53.25;3.89;0.75;SEPT;9;ELEVACOES;24;PANAMAX;GSA - E;5016;D2030_215_newpanamax
23.0;275.0;12.75;12.75;3.0;21;57;SUN;6;21;False;False;False;3000;15.61;2.0;0.75;SEPT;9;SANTOSBR;31;PANAMAX;CGC;5017;D2030_215_newpanamax
23.0;275.0;13.25;13.25;3.0;22;59;SUN;6;21;False;False;False;3000;15.61;1.49;0.75;SEPT;9;SANTOSBR;31;PANAMAX;CGC;5018;D2030_215_newpanamax
23.0;225.0;0.0;13.25;1.0;18;52;SUN;6;21;False;False;False;70000;88.35;1.32;0.75;SEPT;9;TEAG;33;PANAMAX;GSA - E;5019;D2030_215_newpanamax
23.0;225.0;0.0;14.25;1.0;22;54;SUN;6;21;False;False;False;70000;61.75;3.21;0.75;SEPT;9;TGRAO;39;PANAMAX;GSA - E;5020;D2030_215_newpanamax
23.0;185.0;12.25;0.0;2.0;23;16;SUN;6;21;False;False;False;35000;29.94;1.61;0.75;SEPT;9;TRANSPETRO;43;MRMEDIUMRANGE;GL;5021;D2030_215_newpanamax
23.0;155.0;10.75;0.0;2.0;21;59;SUN;6;21;False;False;False;18000;42.57;9.95;0.75;SEPT;9;ULTRACARGO;45;GPGENERALPURPOSE;GL;5022;D2030_215_newpanamax
23.0;225.0;0.0;12.25;1.0;1;4;MON;0;22;False;False;False;70000;51.12;3.25;0.75;SEPT;9;RUMO - GSA - E;4;PANAMAX;GSA - E;5023;D2030_215_newpanamax
23.0;225.0;0.0;10.75;1.0;3;6;MON;0;22;False;False;False;70000;68.98;12.35;0.75;SEPT;9;COFCO;16;PANAMAX;GSA - E;5024;D2030_215_newpanamax
23.0;225.0;0.0;12.75;1.0;2;3;MON;0;22;False;False;False;70000;58.85;3.49;0.75;SEPT;9;COPESUCAR;17;PANAMAX;GSA - E;5025;D2030_215_newpanamax
23.0;185.0;8.25;8.25;3.0;3;6;MON;0;22;False;False;False;1000;13.38;1.59;0.75;SEPT;9;DPW - CGC;21;FULLYCELLULAR;CGC;5026;D2030_215_newpanamax
23.0;255.0;9.75;9.75;3.0;3;6;MON;0;22;False;False;False;3000;17.86;4.58;0.75;SEPT;9;DPW - CGC;21;PANAMAX;CGC;5027;D2030_215_newpanamax
23.0;255.0;9.75;9.75;3.0;2;5;MON;0;22;False;False;False;3000;17.86;1.6;0.75;SEPT;9;DPW - CGC;21;PANAMAX;CGC;5028;D2030_215_newpanamax
23.0;295.0;9.75;9.75;3.0;0;1;MON;0;22;False;False;False;4000;21.93;1.27;0.75;SEPT;9;DPW - CGC;21;POST-PANAMAXI;CGC;5029;D2030_215_newpanamax
36.0;225.0;0.0;13.0;1.0;0;4;MON;0;22;False;False;False;55000;64.0;1.01;0.75;SEPT;9;DPW - CGNC;22;NAVIOCARGAGERAL;CGNC;5030;D2030_215_newpanamax
23.0;225.0;0.0;13.25;1.0;2;5;MON;0;22;False;False;False;70000;53.25;2.08;0.75;SEPT;9;ELEVACOES;24;PANAMAX;GSA - E;5031;D2030_215_newpanamax
32.2;205.0;0.0;12.2;1.0;2;5;MON;0;22;False;False;False;55000;39.16;2.84;0.75;SEPT;9;ELEVACOES;24;SUPRAMAX;GSA - E;5032;D2030_215_newpanamax
23.0;175.0;0.0;8.75;1.0;5;11;MON;0;22;False;False;False;35000;137.91;0.18;0.75;SEPT;9;NST - GL;30;MRMEDIUMRANGE;GL;5033;D2030_215_newpanamax
23.0;175.0;0.0;9.25;1.0;7;27;MON;0;22;False;False;False;35000;137.91;1.24;0.75;SEPT;9;NST - GL;30;MRMEDIUMRANGE;GL;5034;D2030_215_newpanamax
23.0;265.0;8.75;8.75;3.0;0;1;MON;0;22;False;False;False;3000;15.61;4.12;0.75;SEPT;9;SANTOSBR;31;PANAMAX;CGC;5035;D2030_215_newpanamax
43.0;339.0;14.0;14.0;3.0;2;4;MON;0;22;False;False;False;6000;25.92;4.41;0.75;SEPT;9;SANTOSBR;31;POST-PANAMAXII;CGC;5036;D2030_215_newpanamax
23.0;225.0;12.25;0.0;2.0;1;5;MON;0;22;False;False;False;70000;111.09;3.04;0.75;SEPT;9;TERMAG;35;PANAMAX;GSM - I;5037;D2030_215_newpanamax
23.0;195.0;8.25;8.25;3.0;2;7;MON;0;22;False;False;True;1500;20.97;7.91;0.75;SEPT;9;TEV;37;CARGARO-RO;RORO;5038;D2030_215_newpanamax
23.0;175.0;8.75;8.75;3.0;4;12;MON;0;22;False;False;True;1500;20.97;14.39;0.75;SEPT;9;TEV;37;CARGARO-RO;RORO;5039;D2030_215_newpanamax
23.0;165.0;9.75;0.0;2.0;0;2;MON;0;22;False;False;False;18000;18.55;5.28;0.75;SEPT;9;TIPLAM - GL;40;GPGENERALPURPOSE;GL;5040;D2030_215_newpanamax
23.0;225.0;0.0;7.75;1.0;0;2;MON;0;22;False;False;False;70000;62.19;1.85;0.75;SEPT;9;TIPLAM - GSA - E;41;PANAMAX;GSA - E;5041;D2030_215_newpanamax
23.0;285.0;0.0;10.25;1.0;8;5;MON;0;22;True;False;False;76500;53.08;0.0;0.75;SEPT;9;TRSP;44;LNGCARRIER;GL;5042;D2030_215_newpanamax
23.0;185.0;0.0;7.75;1.0;3;2;MON;0;22;False;False;False;35000;62.88;0.0;0.75;SEPT;9;VOPAK;47;MRMEDIUMRANGE;GL;5043;D2030_215_newpanamax
33.0;177.9;7.9;8.0;1.0;10;20;0;0;22;False;False;False;0;122.83;0.17;0.75;0;9;TUP - Saipem;8;HANDYSIZE;CGNC;5044;D2030_215_newpanamax
23.0;225.0;0.0;12.75;1.0;7;12;TUE;1;23;False;False;False;70000;51.12;2.64;0.75;SEPT;9;ADM;9;PANAMAX;GSA - E;5045;D2030_215_newpanamax
23.0;185.0;0.0;8.25;1.0;4;10;TUE;1;23;False;False;False;35000;64.43;1.06;0.75;SEPT;9;AGEO_TERMINAIS;11;MRMEDIUMRANGE;GL;5046;D2030_215_newpanamax
23.0;275.0;10.75;10.75;3.0;3;8;TUE;1;23;False;False;False;3000;14.7;3.18;0.75;SEPT;9;BTP;13;PANAMAX;CGC;5047;D2030_215_newpanamax
23.0;165.0;10.25;0.0;2.0;0;12;TUE;1;23;False;False;False;35000;135.86;5.29;0.75;SEPT;9;BUNGE;14;HANDYSIZE;GSA - I;5048;D2030_215_newpanamax
23.0;225.0;0.0;13.25;1.0;9;21;TUE;1;23;False;False;False;70000;68.98;1.8;0.75;SEPT;9;COFCO;16;PANAMAX;GSA - E;5049;D2030_215_newpanamax
23.0;225.0;0.0;13.25;1.0;5;17;TUE;1;23;False;False;False;70000;54.03;2.23;0.75;SEPT;9;CUTRALE - GSA - E;19;PANAMAX;GSA - E;5050;D2030_215_newpanamax
23.0;175.0;0.0;9.75;1.0;8;17;TUE;1;23;False;False;False;35000;27.04;8.84;0.75;SEPT;9;ELEVACOES;24;HANDYSIZE;GSA - E;5051;D2030_215_newpanamax
23.0;225.0;0.0;13.75;1.0;8;19;TUE;1;23;False;False;False;70000;53.25;3.36;0.75;SEPT;9;ELEVACOES;24;PANAMAX;GSA - E;5052;D2030_215_newpanamax
23.0;295.0;10.75;10.75;3.0;4;9;TUE;1;23;False;False;False;4000;21.3;2.87;0.75;SEPT;9;SANTOSBR;31;POST-PANAMAXI;CGC;5053;D2030_215_newpanamax
23.0;225.0;0.0;12.75;1.0;6;9;TUE;1;23;False;False;False;70000;111.09;1.35;0.75;SEPT;9;TES;36;PANAMAX;GSA - E;5054;D2030_215_newpanamax
23.0;185.0;0.0;8.75;1.0;5;11;TUE;1;23;False;False;False;35000;29.94;1.06;0.75;SEPT;9;TRANSPETRO;43;MRMEDIUMRANGE;GL;5055;D2030_215_newpanamax
23.0;215.0;0.0;12.25;1.0;1;9;TUE;1;23;False;False;False;70000;55.1;8.75;0.75;SEPT;9;XXXIX;48;PANAMAX;GSA - E;5056;D2030_215_newpanamax
23.0;185.0;11.25;0.0;2.0;4;19;WED;2;24;False;False;False;45000;89.37;2.39;0.75;SEPT;9;RUMO - GSM - I;5;HANDYMAX;GSM - I;5057;D2030_215_newpanamax
23.0;155.0;0.0;8.25;1.0;8;21;WED;2;24;False;False;False;18000;45.88;0.88;0.75;SEPT;9;AGEO_TERMINAIS;11;GPGENERALPURPOSE;GL;5058;D2030_215_newpanamax
23.0;175.0;10.25;0.0;2.0;1;21;WED;2;24;False;False;False;35000;135.86;11.23;0.75;SEPT;9;BUNGE;14;HANDYSIZE;GSA - I;5059;D2030_215_newpanamax
23.0;195.0;0.0;11.75;1.0;10;34;WED;2;24;False;False;False;45000;39.48;2.95;0.75;SEPT;9;COPESUCAR;17;HANDYMAX;GSA - E;5060;D2030_215_newpanamax
23.0;225.0;0.0;13.75;1.0;10;34;WED;2;24;False;False;False;70000;58.85;6.82;0.75;SEPT;9;COPESUCAR;17;PANAMAX;GSA - E;5061;D2030_215_newpanamax
23.0;215.0;9.75;9.75;3.0;9;23;WED;2;24;False;False;False;1000;13.38;4.06;0.75;SEPT;9;DPW - CGC;21;FULLYCELLULAR;CGC;5062;D2030_215_newpanamax
23.0;215.0;9.75;9.75;3.0;9;24;WED;2;24;False;False;False;1000;13.38;1.76;0.75;SEPT;9;DPW - CGC;21;FULLYCELLULAR;CGC;5063;D2030_215_newpanamax
23.0;275.0;10.75;10.75;3.0;10;26;WED;2;24;False;False;False;3000;17.86;1.61;0.75;SEPT;9;DPW - CGC;21;PANAMAX;CGC;5064;D2030_215_newpanamax
23.0;305.0;11.75;11.75;3.0;9;25;WED;2;24;False;False;False;4000;21.93;1.52;0.75;SEPT;9;DPW - CGC;21;POST-PANAMAXI;CGC;5065;D2030_215_newpanamax
36.0;225.0;0.0;11.7;1.0;8;24;WED;2;24;False;False;False;55000;36.9;2.12;0.75;SEPT;9;ELDORADO;23;NAVIOCARGAGERAL;CGNC;5066;D2030_215_newpanamax
23.0;215.0;9.25;9.25;3.0;7;20;WED;2;24;False;False;False;1000;16.8;1.15;0.75;SEPT;9;SANTOSBR;31;FULLYCELLULAR;CGC;5067;D2030_215_newpanamax
23.0;275.0;10.25;10.25;3.0;7;20;WED;2;24;False;False;False;3000;15.61;3.12;0.75;SEPT;9;SANTOSBR;31;PANAMAX;CGC;5068;D2030_215_newpanamax
23.0;295.0;11.75;11.75;3.0;7;20;WED;2;24;False;False;False;4000;21.3;1.8;0.75;SEPT;9;SANTOSBR;31;POST-PANAMAXI;CGC;5069;D2030_215_newpanamax
43.0;339.0;14.0;14.0;3.0;7;20;WED;2;24;False;False;False;6000;25.92;2.03;0.75;SEPT;9;SANTOSBR;31;POST-PANAMAXII;CGC;5070;D2030_215_newpanamax
23.0;225.0;0.0;12.75;1.0;8;17;WED;2;24;False;False;False;70000;111.09;3.44;0.75;SEPT;9;TES;36;PANAMAX;GSA - E;5071;D2030_215_newpanamax
23.0;225.0;0.0;13.25;1.0;10;23;WED;2;24;False;False;False;70000;39.92;5.66;0.75;SEPT;9;TGG;38;PANAMAX;GSA - E;5072;D2030_215_newpanamax
23.0;185.0;10.25;0.0;2.0;8;24;WED;2;24;False;False;False;45000;85.0;1.45;0.75;SEPT;9;TIPLAM - GSM - I;42;HANDYMAX;GSM - I;5073;D2030_215_newpanamax
23.0;155.0;9.25;0.0;2.0;10;26;WED;2;24;False;False;False;18000;41.58;0.0;0.75;SEPT;9;VOPAK;47;GPGENERALPURPOSE;GL;5074;D2030_215_newpanamax
38.0;250.0;0.0;14.4;1.0;8;23;WED;2;24;False;False;False;85000;90.23;0.66;0.75;SEPT;9;XXXIX;48;POST-PANAMAX;GSA - E;5075;D2030_215_newpanamax
20.0;92.95;5.6;5.5;1.0;9;20;0;2;24;False;False;False;0;94.0;0.17;0.75;0;9;TUP - Saipem;8;HANDYSIZE;CGNC;5076;D2030_215_newpanamax
19.0;87.9;5.1;5.5;1.0;15;20;0;2;24;False;False;False;0;65.17;0.17;0.75;0;9;TUP - Saipem;8;HANDYSIZE;CGNC;5077;D2030_215_newpanamax
23.0;265.0;11.25;11.25;3.0;13;35;THU;3;25;False;False;False;3000;15.61;4.02;0.75;SEPT;9;TECON10;3;PANAMAX;CGC;5078;D2030_215_newpanamax
23.0;135.0;7.75;7.75;3.0;9;28;THU;3;25;False;False;False;500;20.71;1.45;0.75;SEPT;9;BTP;13;FEEDER/EARLY;CGC;5079;D2030_215_newpanamax
23.0;245.0;12.75;12.75;3.0;9;27;THU;3;25;False;False;False;3000;14.7;3.09;0.75;SEPT;9;BTP;13;PANAMAX;CGC;5080;D2030_215_newpanamax
23.0;295.0;12.75;12.75;3.0;9;27;THU;3;25;False;False;False;4000;20.66;1.56;0.75;SEPT;9;BTP;13;POST-PANAMAXI;CGC;5081;D2030_215_newpanamax
23.0;295.0;12.75;12.75;3.0;10;28;THU;3;25;False;False;False;4000;20.66;3.87;0.75;SEPT;9;BTP;13;POST-PANAMAXI;CGC;5082;D2030_215_newpanamax
23.0;295.0;12.75;12.75;3.0;10;30;THU;3;25;False;False;False;4000;20.66;4.17;0.75;SEPT;9;BTP;13;POST-PANAMAXI;CGC;5083;D2030_215_newpanamax
43.0;339.0;14.0;14.0;3.0;8;25;THU;3;25;False;False;False;6000;23.63;1.06;0.75;SEPT;9;BTP;13;POST-PANAMAXII;CGC;5084;D2030_215_newpanamax
23.0;175.0;0.0;9.75;1.0;10;30;THU;3;25;False;False;False;35000;57.8;10.38;0.75;SEPT;9;CUTRALE - GL;18;MRMEDIUMRANGE;GL;5085;D2030_215_newpanamax
23.0;125.0;7.25;7.25;3.0;12;32;THU;3;25;False;False;False;500;12.93;2.66;0.75;SEPT;9;DPW - CGC;21;FEEDER/EARLY;CGC;5086;D2030_215_newpanamax
23.0;185.0;10.25;10.25;3.0;11;29;THU;3;25;False;False;False;1000;13.38;1.54;0.75;SEPT;9;DPW - CGC;21;FULLYCELLULAR;CGC;5087;D2030_215_newpanamax
23.0;245.0;11.25;11.25;3.0;11;30;THU;3;25;False;False;False;3000;17.86;1.55;0.75;SEPT;9;DPW - CGC;21;PANAMAX;CGC;5088;D2030_215_newpanamax
23.0;305.0;12.25;12.25;3.0;11;31;THU;3;25;False;False;False;4000;21.93;3.48;0.75;SEPT;9;DPW - CGC;21;POST-PANAMAXI;CGC;5089;D2030_215_newpanamax
23.0;295.0;12.25;12.25;3.0;11;29;THU;3;25;False;False;False;4000;21.93;1.42;0.75;SEPT;9;DPW - CGC;21;POST-PANAMAXI;CGC;5090;D2030_215_newpanamax
23.0;225.0;0.0;13.75;1.0;11;31;THU;3;25;False;False;False;70000;53.25;2.25;0.75;SEPT;9;ELEVACOES;24;PANAMAX;GSA - E;5091;D2030_215_newpanamax
23.0;225.0;11.75;0.0;2.0;5;22;THU;3;25;False;False;False;70000;49.28;9.12;0.75;SEPT;9;HIDROVIAS;27;PANAMAX;GSM - I;5092;D2030_215_newpanamax
36.0;225.0;0.0;11.7;1.0;15;35;THU;3;25;False;False;False;55000;200.0;3.3;0.75;SEPT;9;NST - CGNC;29;NAVIOCARGAGERAL;CGNC;5093;D2030_215_newpanamax
23.0;265.0;11.25;11.25;3.0;12;33;THU;3;25;False;False;False;3000;15.61;1.72;0.75;SEPT;9;SANTOSBR;31;PANAMAX;CGC;5094;D2030_215_newpanamax
23.0;305.0;12.25;12.25;3.0;12;34;THU;3;25;False;False;False;4000;21.3;2.05;0.75;SEPT;9;SANTOSBR;31;POST-PANAMAXI;CGC;5095;D2030_215_newpanamax
23.0;225.0;0.0;13.25;1.0;10;26;THU;3;25;False;False;False;70000;78.07;1.96;0.75;SEPT;9;TEG;34;PANAMAX;GSA - E;5096;D2030_215_newpanamax
23.0;225.0;0.0;12.75;1.0;11;25;THU;3;25;False;False;False;70000;111.09;1.49;0.75;SEPT;9;TES;36;PANAMAX;GSA - E;5097;D2030_215_newpanamax
23.0;225.0;0.0;13.25;1.0;11;29;THU;3;25;False;False;False;70000;39.92;1.65;0.75;SEPT;9;TGG;38;PANAMAX;GSA - E;5098;D2030_215_newpanamax
23.0;175.0;10.25;0.0;2.0;13;31;THU;3;25;False;False;False;35000;57.11;11.32;0.75;SEPT;9;ULTRACARGO;45;MRMEDIUMRANGE;GL;5099;D2030_215_newpanamax
23.0;155.0;0.0;8.75;1.0;11;28;THU;3;25;False;False;False;35000;90.66;2.78;0.75;SEPT;9;USIMINAS;46;HANDYSIZE;CGNC;5100;D2030_215_newpanamax
23.0;155.0;9.25;0.0;2.0;15;40;FRI;4;26;False;False;False;18000;42.57;6.44;0.75;SEPT;9;STS;2;GPGENERALPURPOSE;GL;5101;D2030_215_newpanamax
23.0;215.0;10.75;10.75;3.0;17;46;FRI;4;26;False;False;False;1000;16.8;1.97;0.75;SEPT;9;TECON10;3;FULLYCELLULAR;CGC;5102;D2030_215_newpanamax
23.0;235.0;12.25;12.25;3.0;17;45;FRI;4;26;False;False;False;3000;15.61;3.36;0.75;SEPT;9;TECON10;3;PANAMAX;CGC;5103;D2030_215_newpanamax
23.0;225.0;0.0;13.25;1.0;16;40;FRI;4;26;False;False;False;70000;51.12;6.24;0.75;SEPT;9;ADM;9;PANAMAX;GSA - E;5104;D2030_215_newpanamax
23.0;275.0;13.25;13.25;3.0;13;39;FRI;4;26;False;False;False;3000;14.7;1.36;0.75;SEPT;9;BTP;13;PANAMAX;CGC;5105;D2030_215_newpanamax
23.0;305.0;13.25;13.25;3.0;12;37;FRI;4;26;False;False;False;4000;20.66;3.21;0.75;SEPT;9;BTP;13;POST-PANAMAXI;CGC;5106;D2030_215_newpanamax
23.0;205.0;0.0;10.25;1.0;13;38;FRI;4;26;False;False;False;35000;77.19;0.15;0.75;SEPT;9;CITROSUCO;15;MRMEDIUMRANGE;GL;5107;D2030_215_newpanamax
23.0;225.0;0.0;13.75;1.0;16;46;FRI;4;26;False;False;False;70000;68.98;10.29;0.75;SEPT;9;COFCO;16;PANAMAX;GSA - E;5108;D2030_215_newpanamax
23.0;225.0;0.0;13.75;1.0;16;53;FRI;4;26;False;False;False;70000;58.85;2.71;0.75;SEPT;9;COPESUCAR;17;PANAMAX;GSA - E;5109;D2030_215_newpanamax
23.0;265.0;11.75;11.75;3.0;16;44;FRI;4;26;False;False;False;3000;17.86;1.2;0.75;SEPT;9;DPW - CGC;21;PANAMAX;CGC;5110;D2030_215_newpanamax
36.0;225.0;0.0;11.7;1.0;16;40;FRI;4;26;False;False;False;55000;36.9;3.55;0.75;SEPT;9;ELDORADO;23;NAVIOCARGAGERAL;CGNC;5111;D2030_215_newpanamax
23.0;215.0;10.75;10.75;3.0;17;46;FRI;4;26;False;False;False;1000;16.8;3.4;0.75;SEPT;9;SANTOSBR;31;FULLYCELLULAR;CGC;5112;D2030_215_newpanamax
23.0;255.0;12.25;12.25;3.0;17;46;FRI;4;26;False;False;False;3000;15.61;11.29;0.75;SEPT;9;SANTOSBR;31;PANAMAX;CGC;5113;D2030_215_newpanamax
43.0;339.0;14.0;14.0;3.0;16;44;FRI;4;26;False;False;False;6000;25.92;1.74;0.75;SEPT;9;SANTOSBR;31;POST-PANAMAXII;CGC;5114;D2030_215_newpanamax
23.0;225.0;0.0;13.25;1.0;15;36;FRI;4;26;False;False;False;70000;78.07;2.02;0.75;SEPT;9;TEG;34;PANAMAX;GSA - E;5115;D2030_215_newpanamax
23.0;225.0;0.0;13.25;1.0;12;31;FRI;4;26;False;False;False;70000;111.09;3.54;0.75;SEPT;9;TES;36;PANAMAX;GSA - E;5116;D2030_215_newpanamax
23.0;165.0;9.75;0.0;2.0;11;39;FRI;4;26;False;False;False;18000;18.55;4.83;0.75;SEPT;9;TIPLAM - GL;40;GPGENERALPURPOSE;GL;5117;D2030_215_newpanamax
23.0;225.0;0.0;13.25;1.0;16;45;FRI;4;26;False;False;False;70000;62.19;8.5;0.75;SEPT;9;TIPLAM - GSA - E;41;PANAMAX;GSA - E;5118;D2030_215_newpanamax
23.0;155.0;0.0;8.25;1.0;15;38;FRI;4;26;False;False;False;18000;28.37;4.71;0.75;SEPT;9;TRANSPETRO;43;GPGENERALPURPOSE;GL;5119;D2030_215_newpanamax
23.0;295.0;0.0;11.75;1.0;11;42;FRI;4;26;True;False;False;76500;53.08;0.0;0.75;SEPT;9;TRSP;44;LNGCARRIER;GL;5120;D2030_215_newpanamax
23.0;225.0;0.0;13.25;1.0;16;45;FRI;4;26;False;False;False;70000;55.1;0.98;0.75;SEPT;9;XXXIX;48;PANAMAX;GSA - E;5121;D2030_215_newpanamax
23.0;155.0;9.75;0.0;2.0;16;45;SAT;5;27;False;False;False;18000;42.57;4.51;0.75;SEPT;9;STS;2;GPGENERALPURPOSE;GL;5122;D2030_215_newpanamax
36.0;225.0;0.0;13.0;1.0;16;47;SAT;5;27;False;False;False;55000;99.66;3.94;0.75;SEPT;9;BRACELL;12;NAVIOCARGAGERAL;CGNC;5123;D2030_215_newpanamax
23.0;185.0;10.25;10.25;3.0;18;50;SAT;5;27;False;False;False;1000;13.85;2.06;0.75;SEPT;9;BTP;13;FULLYCELLULAR;CGC;5124;D2030_215_newpanamax
23.0;295.0;14.25;14.25;3.0;18;50;SAT;5;27;False;False;False;4000;20.66;1.86;0.75;SEPT;9;BTP;13;POST-PANAMAXI;CGC;5125;D2030_215_newpanamax
23.0;295.0;13.75;13.75;3.0;16;45;SAT;5;27;False;False;False;4000;20.66;2.66;0.75;SEPT;9;BTP;13;POST-PANAMAXI;CGC;5126;D2030_215_newpanamax
23.0;225.0;0.0;14.25;1.0;19;53;SAT;5;27;False;False;False;70000;68.98;6.95;0.75;SEPT;9;COFCO;16;PANAMAX;GSA - E;5127;D2030_215_newpanamax
23.0;195.0;0.0;13.25;1.0;18;57;SAT;5;27;False;False;False;45000;39.48;1.52;0.75;SEPT;9;COPESUCAR;17;HANDYMAX;GSA - E;5128;D2030_215_newpanamax
23.0;225.0;0.0;13.75;1.0;18;57;SAT;5;27;False;False;False;70000;58.85;2.69;0.75;SEPT;9;COPESUCAR;17;PANAMAX;GSA - E;5129;D2030_215_newpanamax
23.0;185.0;9.75;0.0;2.0;19;49;SAT;5;27;False;False;False;35000;31.91;2.73;0.75;SEPT;9;DOW;20;MRMEDIUMRANGE;GL;5130;D2030_215_newpanamax
23.0;265.0;12.25;12.25;3.0;17;48;SAT;5;27;False;False;False;3000;17.86;1.47;0.75;SEPT;9;DPW - CGC;21;PANAMAX;CGC;5131;D2030_215_newpanamax
36.0;225.0;0.0;11.7;1.0;17;45;SAT;5;27;False;False;False;55000;36.9;15.87;0.75;SEPT;9;ELDORADO;23;NAVIOCARGAGERAL;CGNC;5132;D2030_215_newpanamax
32.2;205.0;0.0;12.2;1.0;18;53;SAT;5;27;False;False;False;55000;39.16;3.44;0.75;SEPT;9;ELEVACOES;24;SUPRAMAX;GSA - E;5133;D2030_215_newpanamax
23.0;215.0;10.75;10.75;3.0;18;48;SAT;5;27;False;False;False;1000;16.8;3.22;0.75;SEPT;9;SANTOSBR;31;FULLYCELLULAR;CGC;5134;D2030_215_newpanamax
23.0;265.0;12.25;12.25;3.0;18;48;SAT;5;27;False;False;False;3000;15.61;1.53;0.75;SEPT;9;SANTOSBR;31;PANAMAX;CGC;5135;D2030_215_newpanamax
43.0;339.0;14.0;14.0;3.0;18;48;SAT;5;27;False;False;False;6000;25.92;0.8;0.75;SEPT;9;SANTOSBR;31;POST-PANAMAXII;CGC;5136;D2030_215_newpanamax
23.0;225.0;0.0;13.25;1.0;16;45;SAT;5;27;False;False;False;70000;88.35;0.09;0.75;SEPT;9;TEAG;33;PANAMAX;GSA - E;5137;D2030_215_newpanamax
23.0;225.0;0.0;13.25;1.0;14;41;SAT;5;27;False;False;False;70000;111.09;1.59;0.75;SEPT;9;TES;36;PANAMAX;GSA - E;5138;D2030_215_newpanamax
23.0;225.0;0.0;13.75;1.0;16;51;SAT;5;27;False;False;False;70000;39.92;1.34;0.75;SEPT;9;TGG;38;PANAMAX;GSA - E;5139;D2030_215_newpanamax
23.0;225.0;0.0;13.75;1.0;20;56;SAT;5;27;False;False;False;70000;62.19;2.87;0.75;SEPT;9;TIPLAM - GSA - E;41;PANAMAX;GSA - E;5140;D2030_215_newpanamax
23.0;185.0;0.0;10.75;1.0;20;54;SAT;5;27;False;False;False;35000;29.94;5.74;0.75;SEPT;9;TRANSPETRO;43;MRMEDIUMRANGE;GL;5141;D2030_215_newpanamax
23.0;185.0;11.25;0.0;2.0;18;52;SAT;5;27;False;False;False;35000;62.88;0.0;0.75;SEPT;9;VOPAK;47;MRMEDIUMRANGE;GL;5142;D2030_215_newpanamax
36.0;225.0;0.0;13.0;1.0;18;54;SUN;6;28;False;False;False;55000;99.0;10.1;0.75;SEPT;9;ARAUCO;1;NAVIOCARGAGERAL;CGNC;5143;D2030_215_newpanamax
23.0;225.0;0.0;13.75;1.0;22;58;SUN;6;28;False;False;False;70000;51.12;5.93;0.75;SEPT;9;RUMO - GSA - E;4;PANAMAX;GSA - E;5144;D2030_215_newpanamax
23.0;245.0;14.25;14.25;3.0;20;55;SUN;6;28;False;False;False;3000;14.7;2.78;0.75;SEPT;9;BTP;13;PANAMAX;CGC;5145;D2030_215_newpanamax
43.0;339.0;14.0;14.0;3.0;20;55;SUN;6;28;False;False;False;6000;23.63;3.55;0.75;SEPT;9;BTP;13;POST-PANAMAXII;CGC;5146;D2030_215_newpanamax
23.0;215.0;0.0;11.25;1.0;22;34;SUN;6;28;False;False;False;35000;77.19;0.03;0.75;SEPT;9;CITROSUCO;15;MRMEDIUMRANGE;GL;5147;D2030_215_newpanamax
23.0;225.0;0.0;14.25;1.0;20;55;SUN;6;28;False;False;False;70000;68.98;2.41;0.75;SEPT;9;COFCO;16;PANAMAX;GSA - E;5148;D2030_215_newpanamax
23.0;195.0;0.0;13.75;1.0;21;27;SUN;6;28;False;False;False;45000;39.48;2.51;0.75;SEPT;9;COPESUCAR;17;HANDYMAX;GSA - E;5149;D2030_215_newpanamax
23.0;195.0;0.0;13.75;1.0;23;57;SUN;6;28;False;False;False;45000;37.2;4.27;0.75;SEPT;9;ELEVACOES;24;HANDYMAX;GSA - E;5150;D2030_215_newpanamax
23.0;225.0;0.0;14.2;1.0;23;57;SUN;6;28;False;False;False;70000;53.25;2.72;0.75;SEPT;9;ELEVACOES;24;PANAMAX;GSA - E;5151;D2030_215_newpanamax
23.0;205.0;11.75;11.75;3.0;21;57;SUN;6;28;False;False;False;1000;16.8;3.49;0.75;SEPT;9;SANTOSBR;31;FULLYCELLULAR;CGC;5152;D2030_215_newpanamax
43.0;339.0;14.0;14.0;3.0;22;13;SUN;6;28;False;False;False;6000;25.92;3.14;0.75;SEPT;9;SANTOSBR;31;POST-PANAMAXII;CGC;5153;D2030_215_newpanamax
38.0;250.0;0.0;13.8;1.0;18;52;SUN;6;28;False;False;False;85000;114.65;1.35;0.75;SEPT;9;TEAG;33;POST-PANAMAX;GSA - E;5154;D2030_215_newpanamax
23.0;165.0;9.75;0.0;2.0;18;59;SUN;6;28;False;False;False;18000;18.55;0.96;0.75;SEPT;9;TIPLAM - GL;40;GPGENERALPURPOSE;GL;5155;D2030_215_newpanamax
23.0;185.0;12.25;0.0;2.0;23;47;SUN;6;28;False;False;False;35000;29.94;12.42;0.75;SEPT;9;TRANSPETRO;43;MRMEDIUMRANGE;GL;5156;D2030_215_newpanamax
23.0;225.0;0.0;13.75;1.0;23;45;SUN;6;28;False;False;False;70000;55.1;2.45;0.75;SEPT;9;XXXIX;48;PANAMAX;GSA - E;5157;D2030_215_newpanamax
23.0;225.0;0.0;13.25;1.0;19;56;SUN;6;28;False;False;False;70000;55.1;0.66;0.75;SEPT;9;XXXIX;48;PANAMAX;GSA - E;5158;D2030_215_newpanamax
23.0;175.0;0.0;7.25;1.0;0;0;MON;0;29;False;False;False;35000;64.43;0.52;0.75;SEPT;9;AGEO_TERMINAIS;11;MRMEDIUMRANGE;GL;5159;D2030_215_newpanamax
23.0;225.0;0.0;7.75;1.0;0;0;MON;0;29;False;False;False;70000;68.98;6.12;0.75;SEPT;9;COFCO;16;PANAMAX;GSA - E;5160;D2030_215_newpanamax
23.0;225.0;0.0;11.25;1.0;1;1;MON;0;29;False;False;False;70000;58.85;1.62;0.75;SEPT;9;COPESUCAR;17;PANAMAX;GSA - E;5161;D2030_215_newpanamax
23.0;195.0;7.25;7.25;3.0;1;2;MON;0;29;False;False;False;1000;13.38;1.77;0.75;SEPT;9;DPW - CGC;21;FULLYCELLULAR;CGC;5162;D2030_215_newpanamax
23.0;255.0;9.25;9.25;3.0;1;2;MON;0;29;False;False;False;3000;17.86;2.31;0.75;SEPT;9;DPW - CGC;21;PANAMAX;CGC;5163;D2030_215_newpanamax
23.0;255.0;9.75;9.75;3.0;3;7;MON;0;29;False;False;False;3000;17.86;4.59;0.75;SEPT;9;DPW - CGC;21;PANAMAX;CGC;5164;D2030_215_newpanamax
23.0;295.0;9.75;9.75;3.0;0;1;MON;0;29;False;False;False;4000;21.93;0.95;0.75;SEPT;9;DPW - CGC;21;POST-PANAMAXI;CGC;5165;D2030_215_newpanamax
36.0;225.0;0.0;11.7;1.0;2;5;MON;0;29;False;False;False;55000;36.9;5.35;0.75;SEPT;9;ELDORADO;23;NAVIOCARGAGERAL;CGNC;5166;D2030_215_newpanamax
23.0;225.0;0.0;9.25;1.0;0;0;MON;0;29;False;False;False;70000;53.25;2.51;0.75;SEPT;9;ELEVACOES;24;PANAMAX;GSA - E;5167;D2030_215_newpanamax
32.2;205.0;0.0;12.2;1.0;0;0;MON;0;29;False;False;False;55000;39.16;2.37;0.75;SEPT;9;ELEVACOES;24;SUPRAMAX;GSA - E;5168;D2030_215_newpanamax
23.0;175.0;0.0;8.75;1.0;5;10;MON;0;29;False;False;False;35000;137.91;0.03;0.75;SEPT;9;NST - GL;30;MRMEDIUMRANGE;GL;5169;D2030_215_newpanamax
23.0;195.0;8.75;8.75;3.0;3;7;MON;0;29;False;False;False;1000;16.8;2.21;0.75;SEPT;9;SANTOSBR;31;FULLYCELLULAR;CGC;5170;D2030_215_newpanamax
23.0;265.0;9.25;9.25;3.0;1;4;MON;0;29;False;False;False;3000;15.61;2.39;0.75;SEPT;9;SANTOSBR;31;PANAMAX;CGC;5171;D2030_215_newpanamax
23.0;185.0;10.25;0.0;2.0;0;4;MON;0;29;False;False;False;45000;89.37;4.85;0.75;SEPT;9;TERMAG;35;HANDYMAX;GSM - I;5172;D2030_215_newpanamax
23.0;225.0;0.0;11.75;1.0;0;0;MON;0;29;False;False;False;70000;111.09;2.79;0.75;SEPT;9;TES;36;PANAMAX;GSA - E;5173;D2030_215_newpanamax
23.0;195.0;8.25;8.25;3.0;3;9;MON;0;29;False;False;True;1500;20.97;1.83;0.75;SEPT;9;TEV;37;CARGARO-RO;RORO;5174;D2030_215_newpanamax
23.0;175.0;8.75;8.75;3.0;4;11;MON;0;29;False;False;True;1500;20.97;1.35;0.75;SEPT;9;TEV;37;CARGARO-RO;RORO;5175;D2030_215_newpanamax
23.0;225.0;0.0;8.75;1.0;0;3;MON;0;29;False;False;False;70000;62.19;13.16;0.75;SEPT;9;TIPLAM - GSA - E;41;PANAMAX;GSA - E;5176;D2030_215_newpanamax
38.0;250.0;0.0;14.1;1.0;0;3;MON;0;29;False;False;False;85000;73.55;3.38;0.75;SEPT;9;TIPLAM - GSA - E;41;POST-PANAMAX;GSA - E;5177;D2030_215_newpanamax
23.0;135.0;0.0;7.25;1.0;4;11;MON;0;29;False;False;False;35000;90.66;5.16;0.75;SEPT;9;USIMINAS;46;HANDYSIZE;CGNC;5178;D2030_215_newpanamax
23.0;155.0;0.0;7.75;1.0;4;10;TUE;1;30;False;False;False;18000;45.88;0.77;0.75;SEPT;9;AGEO_TERMINAIS;11;GPGENERALPURPOSE;GL;5179;D2030_215_newpanamax
23.0;185.0;0.0;8.75;1.0;5;13;TUE;1;30;False;False;False;35000;64.43;0.72;0.75;SEPT;9;AGEO_TERMINAIS;11;MRMEDIUMRANGE;GL;5180;D2030_215_newpanamax
23.0;305.0;10.75;10.75;3.0;3;8;TUE;1;30;False;False;False;4000;20.66;1.65;0.75;SEPT;9;BTP;13;POST-PANAMAXI;CGC;5181;D2030_215_newpanamax
23.0;175.0;0.0;9.25;1.0;8;14;TUE;1;30;False;False;False;35000;77.19;0.09;0.75;SEPT;9;CITROSUCO;15;MRMEDIUMRANGE;GL;5182;D2030_215_newpanamax
23.0;225.0;0.0;13.25;1.0;9;20;TUE;1;30;False;False;False;70000;68.98;4.22;0.75;SEPT;9;COFCO;16;PANAMAX;GSA - E;5183;D2030_215_newpanamax
23.0;255.0;9.75;9.75;3.0;4;8;TUE;1;30;False;False;False;3000;17.86;1.31;0.75;SEPT;9;DPW - CGC;21;PANAMAX;CGC;5184;D2030_215_newpanamax
23.0;185.0;0.0;12.25;1.0;8;17;TUE;1;30;False;False;False;45000;37.2;2.55;0.75;SEPT;9;ELEVACOES;24;HANDYMAX;GSA - E;5185;D2030_215_newpanamax
23.0;185.0;9.25;9.25;3.0;4;9;TUE;1;30;False;False;False;1000;16.8;1.76;0.75;SEPT;9;SANTOSBR;31;FULLYCELLULAR;CGC;5186;D2030_215_newpanamax
23.0;295.0;11.25;11.25;3.0;5;13;TUE;1;30;False;False;False;4000;21.3;1.74;0.75;SEPT;9;SANTOSBR;31;POST-PANAMAXI;CGC;5187;D2030_215_newpanamax
23.0;225.0;0.0;12.75;1.0;4;6;TUE;1;30;False;False;False;70000;111.09;1.69;0.75;SEPT;9;TES;36;PANAMAX;GSA - E;5188;D2030_215_newpanamax
23.0;155.0;0.0;8.75;1.0;6;15;TUE;1;30;False;False;False;18000;41.58;0.0;0.75;SEPT;9;VOPAK;47;GPGENERALPURPOSE;GL;5189;D2030_215_newpanamax
23.0;225.0;0.0;12.25;1.0;8;22;TUE;1;30;False;False;False;70000;55.1;0.16;0.75;SEPT;9;XXXIX;48;PANAMAX;GSA - E;5190;D2030_215_newpanamax
22.0;105.9;6.6;6.3;1.0;22;40;0;1;30;False;False;False;0;91.17;0.17;0.75;0;9;TUP - Saipem;8;HANDYSIZE;CGNC;5191;D2030_215_newpanamax
23.0;195.0;11.75;0.0;2.0;5;22;WED;2;1;False;False;False;45000;89.37;5.72;0.75;OCT;10;RUMO - GSM - I;5;HANDYMAX;GSM - I;5192;D2030_215_newpanamax
23.0;155.0;0.0;8.25;1.0;8;21;WED;2;1;False;False;False;18000;45.88;0.45;0.75;OCT;10;AGEO_TERMINAIS;11;GPGENERALPURPOSE;GL;5193;D2030_215_newpanamax
23.0;295.0;11.75;11.75;3.0;5;15;WED;2;1;False;False;False;4000;20.66;2.71;0.75;OCT;10;BTP;13;POST-PANAMAXI;CGC;5194;D2030_215_newpanamax
23.0;215.0;9.75;9.75;3.0;10;26;WED;2;1;False;False;False;1000;13.38;1.64;0.75;OCT;10;DPW - CGC;21;FULLYCELLULAR;CGC;5195;D2030_215_newpanamax
23.0;325.0;11.75;11.75;3.0;10;26;WED;2;1;False;False;False;4000;21.93;3.71;0.75;OCT;10;DPW - CGC;21;POST-PANAMAXI;CGC;5196;D2030_215_newpanamax
23.0;215.0;9.25;9.25;3.0;7;19;WED;2;1;False;False;False;1000;16.8;3.26;0.75;OCT;10;SANTOSBR;31;FULLYCELLULAR;CGC;5197;D2030_215_newpanamax
23.0;275.0;10.75;10.75;3.0;10;26;WED;2;1;False;False;False;3000;15.61;1.11;0.75;OCT;10;SANTOSBR;31;PANAMAX;CGC;5198;D2030_215_newpanamax
23.0;295.0;12.25;12.25;3.0;10;26;WED;2;1;False;False;False;4000;21.3;1.45;0.75;OCT;10;SANTOSBR;31;POST-PANAMAXI;CGC;5199;D2030_215_newpanamax
23.0;225.0;0.0;13.25;1.0;7;15;WED;2;1;False;False;False;70000;78.07;1.09;0.75;OCT;10;TEG;34;PANAMAX;GSA - E;5200;D2030_215_newpanamax
23.0;225.0;0.0;12.75;1.0;9;23;WED;2;1;False;False;False;70000;111.09;5.47;0.75;OCT;10;TES;36;PANAMAX;GSA - E;5201;D2030_215_newpanamax
23.0;225.0;0.0;13.25;1.0;7;22;WED;2;1;False;False;False;70000;62.19;1.45;0.75;OCT;10;TIPLAM - GSA - E;41;PANAMAX;GSA - E;5202;D2030_215_newpanamax
38.0;250.0;0.0;14.1;1.0;7;20;WED;2;1;False;False;False;85000;73.55;2.31;0.75;OCT;10;TIPLAM - GSA - E;41;POST-PANAMAX;GSA - E;5203;D2030_215_newpanamax
23.0;225.0;0.0;12.75;1.0;10;26;WED;2;1;False;False;False;70000;55.1;4.17;0.75;OCT;10;XXXIX;48;PANAMAX;GSA - E;5204;D2030_215_newpanamax
23.0;305.0;12.25;12.25;3.0;8;24;THU;3;2;False;False;False;4000;20.66;2.22;0.75;OCT;10;BTP;13;POST-PANAMAXI;CGC;5205;D2030_215_newpanamax
43.0;339.0;14.0;14.0;3.0;8;24;THU;3;2;False;False;False;6000;23.63;4.98;0.75;OCT;10;BTP;13;POST-PANAMAXII;CGC;5206;D2030_215_newpanamax
23.0;185.0;0.0;12.75;1.0;13;39;THU;3;2;False;False;False;45000;39.48;1.38;0.75;OCT;10;COPESUCAR;17;HANDYMAX;GSA - E;5207;D2030_215_newpanamax
23.0;165.0;8.25;0.0;2.0;14;37;THU;3;2;False;False;False;18000;12.03;2.52;0.75;OCT;10;DOW;20;GPGENERALPURPOSE;GL;5208;D2030_215_newpanamax
23.0;255.0;11.25;11.25;3.0;12;35;THU;3;2;False;False;False;3000;17.86;1.53;0.75;OCT;10;DPW - CGC;21;PANAMAX;CGC;5209;D2030_215_newpanamax
36.0;225.0;0.0;13.0;1.0;14;39;THU;3;2;False;False;False;55000;64.0;6.32;0.75;OCT;10;DPW - CGNC;22;NAVIOCARGAGERAL;CGNC;5210;D2030_215_newpanamax
23.0;195.0;9.75;9.75;3.0;12;32;THU;3;2;False;False;False;1000;16.8;1.8;0.75;OCT;10;SANTOSBR;31;FULLYCELLULAR;CGC;5211;D2030_215_newpanamax
43.0;339.0;14.0;14.0;3.0;12;32;THU;3;2;False;False;False;6000;25.92;2.1;0.75;OCT;10;SANTOSBR;31;POST-PANAMAXII;CGC;5212;D2030_215_newpanamax
23.0;185.0;9.25;9.25;3.0;10;32;THU;3;2;False;False;True;1500;20.97;0.67;0.75;OCT;10;TEV;37;CARGARO-RO;RORO;5213;D2030_215_newpanamax
23.0;225.0;0.0;13.25;1.0;11;31;THU;3;2;False;False;False;70000;62.19;5.88;0.75;OCT;10;TIPLAM - GSA - E;41;PANAMAX;GSA - E;5214;D2030_215_newpanamax
23.0;175.0;0.0;9.75;1.0;13;32;THU;3;2;False;False;False;35000;29.94;10.52;0.75;OCT;10;TRANSPETRO;43;MRMEDIUMRANGE;GL;5215;D2030_215_newpanamax
23.0;185.0;0.0;9.75;1.0;14;36;THU;3;2;False;False;False;35000;29.94;6.11;0.75;OCT;10;TRANSPETRO;43;MRMEDIUMRANGE;GL;5216;D2030_215_newpanamax
23.0;165.0;9.25;0.0;2.0;14;37;THU;3;2;False;False;False;35000;90.66;29.51;0.75;OCT;10;USIMINAS;46;HANDYSIZE;CGNC;5217;D2030_215_newpanamax
23.0;225.0;0.0;13.25;1.0;17;43;FRI;4;3;False;False;False;70000;51.12;3.32;0.75;OCT;10;RUMO - GSA - E;4;PANAMAX;GSA - E;5218;D2030_215_newpanamax
23.0;225.0;0.0;13.25;1.0;16;41;FRI;4;3;False;False;False;70000;51.12;4.37;0.75;OCT;10;ADM;9;PANAMAX;GSA - E;5219;D2030_215_newpanamax
23.0;295.0;13.25;13.25;3.0;12;36;FRI;4;3;False;False;False;4000;20.66;3.43;0.75;OCT;10;BTP;13;POST-PANAMAXI;CGC;5220;D2030_215_newpanamax
23.0;205.0;0.0;10.25;1.0;10;37;FRI;4;3;False;False;False;35000;77.19;0.06;0.75;OCT;10;CITROSUCO;15;MRMEDIUMRANGE;GL;5221;D2030_215_newpanamax
23.0;225.0;0.0;13.75;1.0;16;45;FRI;4;3;False;False;False;70000;68.98;1.67;0.75;OCT;10;COFCO;16;PANAMAX;GSA - E;5222;D2030_215_newpanamax
23.0;225.0;0.0;13.75;1.0;15;38;FRI;4;3;False;False;False;70000;68.98;12.91;0.75;OCT;10;COFCO;16;PANAMAX;GSA - E;5223;D2030_215_newpanamax
23.0;225.0;0.0;13.75;1.0;16;51;FRI;4;3;False;False;False;70000;58.85;1.89;0.75;OCT;10;COPESUCAR;17;PANAMAX;GSA - E;5224;D2030_215_newpanamax
23.0;205.0;10.75;10.75;3.0;16;44;FRI;4;3;False;False;False;1000;13.38;3.41;0.75;OCT;10;DPW - CGC;21;FULLYCELLULAR;CGC;5225;D2030_215_newpanamax
23.0;185.0;10.75;10.75;3.0;16;42;FRI;4;3;False;False;False;1000;13.38;3.63;0.75;OCT;10;DPW - CGC;21;FULLYCELLULAR;CGC;5226;D2030_215_newpanamax
23.0;265.0;11.75;11.75;3.0;16;42;FRI;4;3;False;False;False;3000;17.86;1.36;0.75;OCT;10;DPW - CGC;21;PANAMAX;CGC;5227;D2030_215_newpanamax
23.0;295.0;12.75;12.75;3.0;13;36;FRI;4;3;False;False;False;4000;21.93;1.74;0.75;OCT;10;DPW - CGC;21;POST-PANAMAXI;CGC;5228;D2030_215_newpanamax
43.0;339.0;14.0;14.0;3.0;16;44;FRI;4;3;False;False;False;6000;27.82;2.46;0.75;OCT;10;DPW - CGC;21;POST-PANAMAXII;CGC;5229;D2030_215_newpanamax
23.0;225.0;0.0;14.2;1.0;15;45;FRI;4;3;False;False;False;70000;53.25;2.61;0.75;OCT;10;ELEVACOES;24;PANAMAX;GSA - E;5230;D2030_215_newpanamax
23.0;225.0;0.0;14.2;1.0;15;43;FRI;4;3;False;False;False;70000;53.25;3.51;0.75;OCT;10;ELEVACOES;24;PANAMAX;GSA - E;5231;D2030_215_newpanamax
23.0;235.0;12.25;12.25;3.0;17;44;FRI;4;3;False;False;False;3000;15.61;1.52;0.75;OCT;10;SANTOSBR;31;PANAMAX;CGC;5232;D2030_215_newpanamax
23.0;195.0;9.25;9.25;3.0;13;41;FRI;4;3;False;False;True;1500;20.97;0.91;0.75;OCT;10;TEV;37;CARGARO-RO;RORO;5233;D2030_215_newpanamax
23.0;195.0;9.25;9.25;3.0;13;40;FRI;4;3;False;False;True;1500;20.97;2.47;0.75;OCT;10;TEV;37;CARGARO-RO;RORO;5234;D2030_215_newpanamax
23.0;225.0;9.25;9.25;3.0;13;41;FRI;4;3;False;False;True;3000;20.25;4.15;0.75;OCT;10;TEV;37;PCTCPADRAO;RORO;5235;D2030_215_newpanamax
23.0;225.0;0.0;11.75;1.0;17;45;FRI;4;3;False;False;False;60000;48.22;1.97;0.75;OCT;10;TRANSPETRO;43;LR1LONGRANGE1;GL;5236;D2030_215_newpanamax
23.0;175.0;10.75;0.0;2.0;15;38;FRI;4;3;False;False;False;35000;57.11;5.72;0.75;OCT;10;ULTRACARGO;45;MRMEDIUMRANGE;GL;5237;D2030_215_newpanamax
14.0;59.25;4.0;3.8;1.0;20;0;0;4;3;False;False;False;0;5.67;0.08;0.75;0;10;TUP - Saipem;8;HANDYSIZE;CGNC;5238;D2030_215_newpanamax
36.0;225.0;0.0;13.0;1.0;16;46;SAT;5;4;False;False;False;55000;99.0;0.04;0.75;OCT;10;ARAUCO;1;NAVIOCARGAGERAL;CGNC;5239;D2030_215_newpanamax
23.0;135.0;7.75;7.75;3.0;14;42;SAT;5;4;False;False;False;500;20.71;3.17;0.75;OCT;10;BTP;13;FEEDER/EARLY;CGC;5240;D2030_215_newpanamax
23.0;275.0;13.25;13.25;3.0;14;42;SAT;5;4;False;False;False;3000;14.7;5.1;0.75;OCT;10;BTP;13;PANAMAX;CGC;5241;D2030_215_newpanamax
23.0;295.0;13.75;13.75;3.0;14;42;SAT;5;4;False;False;False;4000;20.66;4.28;0.75;OCT;10;BTP;13;POST-PANAMAXI;CGC;5242;D2030_215_newpanamax
23.0;295.0;14.25;14.25;3.0;19;52;SAT;5;4;False;False;False;4000;20.66;4.81;0.75;OCT;10;BTP;13;POST-PANAMAXI;CGC;5243;D2030_215_newpanamax
23.0;185.0;10.25;0.0;2.0;12;47;SAT;5;4;False;False;False;45000;131.03;3.09;0.75;OCT;10;BUNGE;14;HANDYMAX;GSA - I;5244;D2030_215_newpanamax
23.0;175.0;10.25;0.0;2.0;10;40;SAT;5;4;False;False;False;35000;135.86;5.69;0.75;OCT;10;BUNGE;14;HANDYSIZE;GSA - I;5245;D2030_215_newpanamax
23.0;165.0;8.75;0.0;2.0;19;52;SAT;5;4;False;False;False;18000;12.03;3.81;0.75;OCT;10;DOW;20;GPGENERALPURPOSE;GL;5246;D2030_215_newpanamax
23.0;195.0;11.25;11.25;3.0;19;52;SAT;5;4;False;False;False;1000;13.38;1.73;0.75;OCT;10;DPW - CGC;21;FULLYCELLULAR;CGC;5247;D2030_215_newpanamax
23.0;215.0;10.75;10.75;3.0;17;46;SAT;5;4;False;False;False;1000;13.38;3.63;0.75;OCT;10;DPW - CGC;21;FULLYCELLULAR;CGC;5248;D2030_215_newpanamax
23.0;255.0;12.25;12.25;3.0;17;47;SAT;5;4;False;False;False;3000;17.86;3.23;0.75;OCT;10;DPW - CGC;21;PANAMAX;CGC;5249;D2030_215_newpanamax
23.0;295.0;13.75;13.75;3.0;17;46;SAT;5;4;False;False;False;4000;21.93;2.19;0.75;OCT;10;DPW - CGC;21;POST-PANAMAXI;CGC;5250;D2030_215_newpanamax
23.0;225.0;0.0;14.2;1.0;16;49;SAT;5;4;False;False;False;70000;53.25;2.27;0.75;OCT;10;ELEVACOES;24;PANAMAX;GSA - E;5251;D2030_215_newpanamax
23.0;225.0;0.0;14.2;1.0;16;48;SAT;5;4;False;False;False;70000;53.25;7.87;0.75;OCT;10;ELEVACOES;24;PANAMAX;GSA - E;5252;D2030_215_newpanamax
36.0;225.0;0.0;11.7;1.0;16;11;SAT;5;4;False;False;False;55000;200.0;8.99;0.75;OCT;10;NST - CGNC;29;NAVIOCARGAGERAL;CGNC;5253;D2030_215_newpanamax
23.0;205.0;0.0;10.25;1.0;13;45;SAT;5;4;False;False;False;35000;137.91;0.03;0.75;OCT;10;NST - GL;30;MRMEDIUMRANGE;GL;5254;D2030_215_newpanamax
23.0;185.0;10.75;0.0;2.0;14;41;SAT;5;4;False;False;False;35000;59.07;7.26;0.75;OCT;10;STOLTHAVEN;32;MRMEDIUMRANGE;GL;5255;D2030_215_newpanamax
23.0;225.0;14.25;0.0;2.0;15;44;SAT;5;4;False;False;False;70000;111.09;2.92;0.75;OCT;10;TERMAG;35;PANAMAX;GSM - I;5256;D2030_215_newpanamax
23.0;225.0;0.0;13.25;1.0;16;52;SAT;5;4;False;False;False;70000;111.09;0.75;0.75;OCT;10;TES;36;PANAMAX;GSA - E;5257;D2030_215_newpanamax
23.0;225.0;0.0;13.25;1.0;17;50;SAT;5;4;False;False;False;70000;62.19;5.65;0.75;OCT;10;TIPLAM - GSA - E;41;PANAMAX;GSA - E;5258;D2030_215_newpanamax
23.0;185.0;11.25;0.0;2.0;18;52;SAT;5;4;False;False;False;35000;62.88;0.0;0.75;OCT;10;VOPAK;47;MRMEDIUMRANGE;GL;5259;D2030_215_newpanamax
23.0;185.0;11.75;0.0;2.0;19;59;SAT;5;4;False;False;False;35000;62.88;0.0;0.75;OCT;10;VOPAK;47;MRMEDIUMRANGE;GL;5260;D2030_215_newpanamax
36.0;225.0;0.0;13.0;1.0;18;56;SUN;6;5;False;False;False;55000;99.0;0.02;0.75;OCT;10;ARAUCO;1;NAVIOCARGAGERAL;CGNC;5261;D2030_215_newpanamax
23.0;225.0;0.0;13.75;1.0;23;41;SUN;6;5;False;False;False;70000;51.12;3.45;0.75;OCT;10;RUMO - GSA - E;4;PANAMAX;GSA - E;5262;D2030_215_newpanamax
36.0;225.0;0.0;13.0;1.0;21;35;SUN;6;5;False;False;False;55000;99.66;3.72;0.75;OCT;10;BRACELL;12;NAVIOCARGAGERAL;CGNC;5263;D2030_215_newpanamax
23.0;135.0;7.75;7.75;3.0;20;56;SUN;6;5;False;False;False;500;20.71;1.91;0.75;OCT;10;BTP;13;FEEDER/EARLY;CGC;5264;D2030_215_newpanamax
23.0;245.0;14.25;14.25;3.0;20;56;SUN;6;5;False;False;False;3000;14.7;1.71;0.75;OCT;10;BTP;13;PANAMAX;CGC;5265;D2030_215_newpanamax
23.0;295.0;14.25;14.25;3.0;22;59;SUN;6;5;False;False;False;4000;20.66;3.03;0.75;OCT;10;BTP;13;POST-PANAMAXI;CGC;5266;D2030_215_newpanamax
23.0;225.0;0.0;13.75;1.0;22;36;SUN;6;5;False;False;False;70000;58.85;2.04;0.75;OCT;10;COPESUCAR;17;PANAMAX;GSA - E;5267;D2030_215_newpanamax
23.0;285.0;12.75;12.75;3.0;21;56;SUN;6;5;False;False;False;3000;17.86;1.36;0.75;OCT;10;DPW - CGC;21;PANAMAX;CGC;5268;D2030_215_newpanamax
43.0;339.0;14.0;14.0;3.0;21;56;SUN;6;5;False;False;False;6000;27.82;1.41;0.75;OCT;10;DPW - CGC;21;POST-PANAMAXII;CGC;5269;D2030_215_newpanamax
23.0;195.0;12.25;0.0;2.0;22;57;SUN;6;5;False;False;False;45000;75.33;2.36;0.75;OCT;10;HIDROVIAS;27;HANDYMAX;GSM - I;5270;D2030_215_newpanamax
23.0;215.0;0.0;11.25;1.0;14;55;SUN;6;5;False;False;False;35000;137.91;0.03;0.75;OCT;10;NST - GL;30;MRMEDIUMRANGE;GL;5271;D2030_215_newpanamax
23.0;215.0;11.25;11.25;3.0;20;54;SUN;6;5;False;False;False;1000;16.8;3.98;0.75;OCT;10;SANTOSBR;31;FULLYCELLULAR;CGC;5272;D2030_215_newpanamax
23.0;275.0;13.75;13.75;3.0;23;24;SUN;6;5;False;False;False;3000;15.61;1.05;0.75;OCT;10;SANTOSBR;31;PANAMAX;CGC;5273;D2030_215_newpanamax
23.0;275.0;12.75;12.75;3.0;20;54;SUN;6;5;False;False;False;3000;15.61;6.25;0.75;OCT;10;SANTOSBR;31;PANAMAX;CGC;5274;D2030_215_newpanamax
23.0;295.0;13.75;13.75;3.0;20;54;SUN;6;5;False;False;False;4000;21.3;0.87;0.75;OCT;10;SANTOSBR;31;POST-PANAMAXI;CGC;5275;D2030_215_newpanamax
43.0;339.0;14.0;14.0;3.0;20;54;SUN;6;5;False;False;False;6000;25.92;2.81;0.75;OCT;10;SANTOSBR;31;POST-PANAMAXII;CGC;5276;D2030_215_newpanamax
23.0;225.0;0.0;13.25;1.0;20;54;SUN;6;5;False;False;False;70000;78.07;0.1;0.75;OCT;10;TEG;34;PANAMAX;GSA - E;5277;D2030_215_newpanamax
23.0;225.0;0.0;13.25;1.0;19;57;SUN;6;5;False;False;False;70000;111.09;1.25;0.75;OCT;10;TES;36;PANAMAX;GSA - E;5278;D2030_215_newpanamax
23.0;195.0;10.25;10.25;3.0;22;6;SUN;6;5;False;False;True;1500;20.97;1.97;0.75;OCT;10;TEV;37;CARGARO-RO;RORO;5279;D2030_215_newpanamax
23.0;225.0;0.0;14.25;1.0;21;42;SUN;6;5;False;False;False;70000;61.75;5.16;0.75;OCT;10;TGRAO;39;PANAMAX;GSA - E;5280;D2030_215_newpanamax
23.0;195.0;11.25;0.0;2.0;19;55;SUN;6;5;False;False;False;45000;85.0;2.46;0.75;OCT;10;TIPLAM - GSM - I;42;HANDYMAX;GSM - I;5281;D2030_215_newpanamax
23.0;175.0;10.25;0.0;2.0;19;55;SUN;6;5;False;False;False;35000;72.19;8.61;0.75;OCT;10;TIPLAM - GSM - I;42;HANDYSIZE;GSM - I;5282;D2030_215_newpanamax
23.0;175.0;12.25;0.0;2.0;23;17;SUN;6;5;False;False;False;35000;29.94;15.98;0.75;OCT;10;TRANSPETRO;43;MRMEDIUMRANGE;GL;5283;D2030_215_newpanamax
23.0;185.0;11.75;0.0;2.0;22;54;SUN;6;5;False;False;False;35000;29.94;2.94;0.75;OCT;10;TRANSPETRO;43;MRMEDIUMRANGE;GL;5284;D2030_215_newpanamax
36.0;225.0;0.0;13.0;1.0;1;4;MON;0;6;False;False;False;55000;99.0;0.3;0.75;OCT;10;ARAUCO;1;NAVIOCARGAGERAL;CGNC;5285;D2030_215_newpanamax
23.0;155.0;0.0;7.25;1.0;3;3;MON;0;6;False;False;False;18000;42.57;6.5;0.75;OCT;10;STS;2;GPGENERALPURPOSE;GL;5286;D2030_215_newpanamax
23.0;185.0;0.0;7.25;1.0;2;6;MON;0;6;False;False;False;35000;37.45;1.18;0.75;OCT;10;ADONAI;10;MRMEDIUMRANGE;GL;5287;D2030_215_newpanamax
23.0;185.0;0.0;8.25;1.0;2;5;MON;0;6;False;False;False;35000;64.43;0.51;0.75;OCT;10;AGEO_TERMINAIS;11;MRMEDIUMRANGE;GL;5288;D2030_215_newpanamax
23.0;255.0;10.25;10.25;3.0;1;3;MON;0;6;False;False;False;3000;14.7;1.51;0.75;OCT;10;BTP;13;PANAMAX;CGC;5289;D2030_215_newpanamax
23.0;295.0;10.75;10.75;3.0;2;6;MON;0;6;False;False;False;4000;20.66;2.74;0.75;OCT;10;BTP;13;POST-PANAMAXI;CGC;5290;D2030_215_newpanamax
43.0;339.0;14.0;14.0;3.0;0;0;MON;0;6;False;False;False;6000;23.63;2.03;0.75;OCT;10;BTP;13;POST-PANAMAXII;CGC;5291;D2030_215_newpanamax
23.0;225.0;0.0;9.25;1.0;0;3;MON;0;6;False;False;False;70000;68.98;20.88;0.75;OCT;10;COFCO;16;PANAMAX;GSA - E;5292;D2030_215_newpanamax
23.0;225.0;0.0;7.75;1.0;0;1;MON;0;6;False;False;False;70000;68.98;10.63;0.75;OCT;10;COFCO;16;PANAMAX;GSA - E;5293;D2030_215_newpanamax
23.0;185.0;0.0;8.25;1.0;1;2;MON;0;6;False;False;False;45000;39.48;1.7;0.75;OCT;10;COPESUCAR;17;HANDYMAX;GSA - E;5294;D2030_215_newpanamax
23.0;195.0;7.25;7.25;3.0;1;3;MON;0;6;False;False;False;1000;13.38;1.66;0.75;OCT;10;DPW - CGC;21;FULLYCELLULAR;CGC;5295;D2030_215_newpanamax
36.0;225.0;0.0;13.0;1.0;1;5;MON;0;6;False;False;False;55000;64.0;1.72;0.75;OCT;10;DPW - CGNC;22;NAVIOCARGAGERAL;CGNC;5296;D2030_215_newpanamax
23.0;175.0;0.0;9.75;1.0;0;2;MON;0;6;False;False;False;35000;27.04;2.57;0.75;OCT;10;ELEVACOES;24;HANDYSIZE;GSA - E;5297;D2030_215_newpanamax
32.2;205.0;0.0;12.2;1.0;0;2;MON;0;6;False;False;False;55000;39.16;2.69;0.75;OCT;10;ELEVACOES;24;SUPRAMAX;GSA - E;5298;D2030_215_newpanamax
23.0;225.0;8.25;0.0;2.0;2;6;MON;0;6;False;False;False;70000;49.28;31.81;0.75;OCT;10;HIDROVIAS;27;PANAMAX;GSM - I;5299;D2030_215_newpanamax
23.0;175.0;0.0;8.75;1.0;5;2;MON;0;6;False;False;False;35000;137.91;0.47;0.75;OCT;10;NST - GL;30;MRMEDIUMRANGE;GL;5300;D2030_215_newpanamax
23.0;185.0;8.75;8.75;3.0;2;4;MON;0;6;False;False;False;1000;16.8;1.68;0.75;OCT;10;SANTOSBR;31;FULLYCELLULAR;CGC;5301;D2030_215_newpanamax
23.0;255.0;9.25;9.25;3.0;0;2;MON;0;6;False;False;False;3000;15.61;2.42;0.75;OCT;10;SANTOSBR;31;PANAMAX;CGC;5302;D2030_215_newpanamax
23.0;255.0;9.25;9.25;3.0;1;2;MON;0;6;False;False;False;3000;15.61;1.42;0.75;OCT;10;SANTOSBR;31;PANAMAX;CGC;5303;D2030_215_newpanamax
23.0;315.0;9.75;9.75;3.0;2;4;MON;0;6;False;False;False;4000;21.3;1.36;0.75;OCT;10;SANTOSBR;31;POST-PANAMAXI;CGC;5304;D2030_215_newpanamax
43.0;339.0;14.0;14.0;3.0;0;2;MON;0;6;False;False;False;6000;25.92;2.23;0.75;OCT;10;SANTOSBR;31;POST-PANAMAXII;CGC;5305;D2030_215_newpanamax
43.0;339.0;14.0;14.0;3.0;1;2;MON;0;6;False;False;False;6000;25.92;2.17;0.75;OCT;10;SANTOSBR;31;POST-PANAMAXII;CGC;5306;D2030_215_newpanamax
23.0;225.0;0.0;12.75;1.0;4;7;MON;0;6;False;False;False;70000;78.07;0.17;0.75;OCT;10;TEG;34;PANAMAX;GSA - E;5307;D2030_215_newpanamax
23.0;225.0;0.0;12.25;1.0;1;4;MON;0;6;False;False;False;70000;111.09;3.01;0.75;OCT;10;TES;36;PANAMAX;GSA - E;5308;D2030_215_newpanamax
23.0;225.0;0.0;10.75;1.0;0;7;MON;0;6;False;False;False;70000;62.19;2.24;0.75;OCT;10;TIPLAM - GSA - E;41;PANAMAX;GSA - E;5309;D2030_215_newpanamax
23.0;185.0;0.0;8.25;1.0;0;2;MON;0;6;False;False;False;35000;29.94;0.91;0.75;OCT;10;TRANSPETRO;43;MRMEDIUMRANGE;GL;5310;D2030_215_newpanamax
23.0;175.0;0.0;6.75;1.0;4;7;MON;0;6;False;False;False;35000;90.66;12.64;0.75;OCT;10;USIMINAS;46;HANDYSIZE;CGNC;5311;D2030_215_newpanamax
23.0;185.0;10.25;0.0;2.0;1;7;TUE;1;7;False;False;False;45000;89.37;3.18;0.75;OCT;10;RUMO - GSM - I;5;HANDYMAX;GSM - I;5312;D2030_215_newpanamax
23.0;185.0;0.0;8.75;1.0;5;12;TUE;1;7;False;False;False;35000;64.43;0.66;0.75;OCT;10;AGEO_TERMINAIS;11;MRMEDIUMRANGE;GL;5313;D2030_215_newpanamax
23.0;295.0;11.75;11.75;3.0;4;13;TUE;1;7;False;False;False;4000;20.66;5.83;0.75;OCT;10;BTP;13;POST-PANAMAXI;CGC;5314;D2030_215_newpanamax
23.0;225.0;0.0;13.25;1.0;7;15;TUE;1;7;False;False;False;70000;68.98;6.07;0.75;OCT;10;COFCO;16;PANAMAX;GSA - E;5315;D2030_215_newpanamax
23.0;225.0;0.0;13.25;1.0;6;18;TUE;1;7;False;False;False;70000;58.85;3.01;0.75;OCT;10;COPESUCAR;17;PANAMAX;GSA - E;5316;D2030_215_newpanamax
23.0;225.0;0.0;12.75;1.0;8;9;TUE;1;7;False;False;False;60000;162.93;3.03;0.75;OCT;10;CUTRALE - GL;18;LR1LONGRANGE1;GL;5317;D2030_215_newpanamax
23.0;195.0;9.25;9.25;3.0;6;15;TUE;1;7;False;False;False;1000;13.38;2.05;0.75;OCT;10;DPW - CGC;21;FULLYCELLULAR;CGC;5318;D2030_215_newpanamax
23.0;275.0;9.75;9.75;3.0;4;8;TUE;1;7;False;False;False;3000;17.86;1.78;0.75;OCT;10;DPW - CGC;21;PANAMAX;CGC;5319;D2030_215_newpanamax
36.0;225.0;0.0;11.7;1.0;6;12;TUE;1;7;False;False;False;55000;36.9;2.64;0.75;OCT;10;ELDORADO;23;NAVIOCARGAGERAL;CGNC;5320;D2030_215_newpanamax
23.0;175.0;0.0;9.75;1.0;6;12;TUE;1;7;False;False;False;35000;27.04;0.66;0.75;OCT;10;ELEVACOES;24;HANDYSIZE;GSA - E;5321;D2030_215_newpanamax
32.2;205.0;0.0;12.2;1.0;8;19;TUE;1;7;False;False;False;55000;39.16;6.12;0.75;OCT;10;ELEVACOES;24;SUPRAMAX;GSA - E;5322;D2030_215_newpanamax
23.0;185.0;9.25;9.25;3.0;4;10;TUE;1;7;False;False;False;1000;16.8;2.09;0.75;OCT;10;SANTOSBR;31;FULLYCELLULAR;CGC;5323;D2030_215_newpanamax
23.0;185.0;9.25;9.25;3.0;5;13;TUE;1;7;False;False;False;1000;16.8;3.47;0.75;OCT;10;SANTOSBR;31;FULLYCELLULAR;CGC;5324;D2030_215_newpanamax
23.0;275.0;9.75;9.75;3.0;4;10;TUE;1;7;False;False;False;3000;15.61;2.32;0.75;OCT;10;SANTOSBR;31;PANAMAX;CGC;5325;D2030_215_newpanamax
23.0;225.0;0.0;10.25;1.0;6;12;TUE;1;7;False;False;False;70000;88.35;0.33;0.75;OCT;10;TEAG;33;PANAMAX;GSA - E;5326;D2030_215_newpanamax
23.0;225.0;0.0;13.25;1.0;6;12;TUE;1;7;False;False;False;70000;39.92;1.85;0.75;OCT;10;TGG;38;PANAMAX;GSA - E;5327;D2030_215_newpanamax
23.0;225.0;0.0;13.25;1.0;5;10;TUE;1;7;False;False;False;70000;39.92;2.98;0.75;OCT;10;TGG;38;PANAMAX;GSA - E;5328;D2030_215_newpanamax
23.0;225.0;0.0;12.25;1.0;6;12;TUE;1;7;False;False;False;70000;55.1;0.12;0.75;OCT;10;XXXIX;48;PANAMAX;GSA - E;5329;D2030_215_newpanamax
23.0;255.0;10.75;10.75;3.0;8;23;WED;2;8;False;False;False;3000;15.61;1.11;0.75;OCT;10;TECON10;3;PANAMAX;CGC;5330;D2030_215_newpanamax
23.0;225.0;0.0;13.25;1.0;8;18;WED;2;8;False;False;False;70000;51.12;3.08;0.75;OCT;10;ADM;9;PANAMAX;GSA - E;5331;D2030_215_newpanamax
23.0;205.0;0.0;10.25;1.0;9;22;WED;2;8;False;False;False;35000;77.19;0.44;0.75;OCT;10;CITROSUCO;15;MRMEDIUMRANGE;GL;5332;D2030_215_newpanamax
23.0;225.0;0.0;13.25;1.0;9;30;WED;2;8;False;False;False;70000;54.03;0.49;0.75;OCT;10;CUTRALE - GSA - E;19;PANAMAX;GSA - E;5333;D2030_215_newpanamax
23.0;275.0;10.25;10.25;3.0;6;17;WED;2;8;False;False;False;3000;17.86;0.95;0.75;OCT;10;DPW - CGC;21;PANAMAX;CGC;5334;D2030_215_newpanamax
36.0;225.0;0.0;13.0;1.0;8;20;WED;2;8;False;False;False;55000;64.0;0.77;0.75;OCT;10;DPW - CGNC;22;NAVIOCARGAGERAL;CGNC;5335;D2030_215_newpanamax
23.0;275.0;10.25;10.25;3.0;6;19;WED;2;8;False;False;False;3000;15.61;0.97;0.75;OCT;10;SANTOSBR;31;PANAMAX;CGC;5336;D2030_215_newpanamax
23.0;295.0;11.75;11.75;3.0;6;19;WED;2;8;False;False;False;4000;21.3;0.86;0.75;OCT;10;SANTOSBR;31;POST-PANAMAXI;CGC;5337;D2030_215_newpanamax
43.0;339.0;14.0;14.0;3.0;10;26;WED;2;8;False;False;False;6000;25.92;5.28;0.75;OCT;10;SANTOSBR;31;POST-PANAMAXII;CGC;5338;D2030_215_newpanamax
23.0;225.0;0.0;13.25;1.0;7;13;WED;2;8;False;False;False;70000;78.07;0.03;0.75;OCT;10;TEG;34;PANAMAX;GSA - E;5339;D2030_215_newpanamax
23.0;195.0;8.75;8.75;3.0;8;26;WED;2;8;False;False;True;1500;20.97;3.91;0.75;OCT;10;TEV;37;CARGARO-RO;RORO;5340;D2030_215_newpanamax
23.0;225.0;0.0;13.25;1.0;7;21;WED;2;8;False;False;False;70000;62.19;5.75;0.75;OCT;10;TIPLAM - GSA - E;41;PANAMAX;GSA - E;5341;D2030_215_newpanamax
23.0;185.0;9.75;0.0;2.0;10;25;WED;2;8;False;False;False;35000;62.88;0.0;0.75;OCT;10;VOPAK;47;MRMEDIUMRANGE;GL;5342;D2030_215_newpanamax
23.0;175.0;10.25;0.0;2.0;12;35;THU;3;9;False;False;False;35000;64.43;0.28;0.75;OCT;10;AGEO_TERMINAIS;11;MRMEDIUMRANGE;GL;5343;D2030_215_newpanamax
23.0;305.0;12.25;12.25;3.0;9;25;THU;3;9;False;False;False;4000;20.66;2.32;0.75;OCT;10;BTP;13;POST-PANAMAXI;CGC;5344;D2030_215_newpanamax
23.0;205.0;0.0;10.25;1.0;9;26;THU;3;9;False;False;False;35000;77.19;0.4;0.75;OCT;10;CITROSUCO;15;MRMEDIUMRANGE;GL;5345;D2030_215_newpanamax
23.0;185.0;10.25;10.25;3.0;11;31;THU;3;9;False;False;False;1000;13.38;1.77;0.75;OCT;10;DPW - CGC;21;FULLYCELLULAR;CGC;5346;D2030_215_newpanamax
23.0;255.0;11.25;11.25;3.0;11;31;THU;3;9;False;False;False;3000;17.86;2.47;0.75;OCT;10;DPW - CGC;21;PANAMAX;CGC;5347;D2030_215_newpanamax
43.0;339.0;14.0;14.0;3.0;11;31;THU;3;9;False;False;False;6000;27.82;2.65;0.75;OCT;10;DPW - CGC;21;POST-PANAMAXII;CGC;5348;D2030_215_newpanamax
23.0;185.0;11.25;0.0;2.0;7;25;THU;3;9;False;False;False;45000;75.33;1.14;0.75;OCT;10;HIDROVIAS;27;HANDYMAX;GSM - I;5349;D2030_215_newpanamax
23.0;295.0;12.25;12.25;3.0;12;32;THU;3;9;False;False;False;4000;21.3;2.97;0.75;OCT;10;SANTOSBR;31;POST-PANAMAXI;CGC;5350;D2030_215_newpanamax
23.0;225.0;0.0;13.25;1.0;11;28;THU;3;9;False;False;False;70000;111.09;2.63;0.75;OCT;10;TES;36;PANAMAX;GSA - E;5351;D2030_215_newpanamax
23.0;225.0;0.0;13.25;1.0;10;29;THU;3;9;False;False;False;70000;62.19;0.93;0.75;OCT;10;TIPLAM - GSA - E;41;PANAMAX;GSA - E;5352;D2030_215_newpanamax
23.0;225.0;0.0;13.25;1.0;10;29;THU;3;9;False;False;False;70000;62.19;4.55;0.75;OCT;10;TIPLAM - GSA - E;41;PANAMAX;GSA - E;5353;D2030_215_newpanamax
23.0;175.0;0.0;9.75;1.0;12;30;THU;3;9;False;False;False;35000;29.94;1.32;0.75;OCT;10;TRANSPETRO;43;MRMEDIUMRANGE;GL;5354;D2030_215_newpanamax
23.0;285.0;0.0;11.75;1.0;10;30;THU;3;9;True;False;False;76500;53.08;0.0;0.75;OCT;10;TRSP;44;LNGCARRIER;GL;5355;D2030_215_newpanamax
23.0;225.0;0.0;12.75;1.0;12;32;THU;3;9;False;False;False;70000;55.1;1.85;0.75;OCT;10;XXXIX;48;PANAMAX;GSA - E;5356;D2030_215_newpanamax
23.0;225.0;0.0;13.25;1.0;16;39;FRI;4;10;False;False;False;70000;51.12;3.24;0.75;OCT;10;RUMO - GSA - E;4;PANAMAX;GSA - E;5357;D2030_215_newpanamax
23.0;275.0;13.25;13.25;3.0;14;41;FRI;4;10;False;False;False;3000;14.7;1.19;0.75;OCT;10;BTP;13;PANAMAX;CGC;5358;D2030_215_newpanamax
23.0;295.0;13.25;13.25;3.0;12;36;FRI;4;10;False;False;False;4000;20.66;1.43;0.75;OCT;10;BTP;13;POST-PANAMAXI;CGC;5359;D2030_215_newpanamax
43.0;339.0;14.0;14.0;3.0;14;41;FRI;4;10;False;False;False;6000;23.63;4.3;0.75;OCT;10;BTP;13;POST-PANAMAXII;CGC;5360;D2030_215_newpanamax
23.0;225.0;0.0;13.75;1.0;16;44;FRI;4;10;False;False;False;70000;68.98;3.66;0.75;OCT;10;COFCO;16;PANAMAX;GSA - E;5361;D2030_215_newpanamax
23.0;195.0;0.0;13.25;1.0;16;51;FRI;4;10;False;False;False;45000;39.48;2.1;0.75;OCT;10;COPESUCAR;17;HANDYMAX;GSA - E;5362;D2030_215_newpanamax
23.0;125.0;7.25;7.25;3.0;13;36;FRI;4;10;False;False;False;500;12.93;3.38;0.75;OCT;10;DPW - CGC;21;FEEDER/EARLY;CGC;5363;D2030_215_newpanamax
23.0;205.0;10.75;10.75;3.0;16;45;FRI;4;10;False;False;False;1000;13.38;1.68;0.75;OCT;10;DPW - CGC;21;FULLYCELLULAR;CGC;5364;D2030_215_newpanamax
23.0;215.0;10.25;10.25;3.0;15;42;FRI;4;10;False;False;False;1000;13.38;1.17;0.75;OCT;10;DPW - CGC;21;FULLYCELLULAR;CGC;5365;D2030_215_newpanamax
23.0;255.0;11.75;11.75;3.0;15;40;FRI;4;10;False;False;False;3000;17.86;1.26;0.75;OCT;10;DPW - CGC;21;PANAMAX;CGC;5366;D2030_215_newpanamax
23.0;305.0;13.25;13.25;3.0;16;44;FRI;4;10;False;False;False;4000;21.93;2.35;0.75;OCT;10;DPW - CGC;21;POST-PANAMAXI;CGC;5367;D2030_215_newpanamax
36.0;225.0;0.0;13.0;1.0;16;44;FRI;4;10;False;False;False;55000;64.0;4.36;0.75;OCT;10;DPW - CGNC;22;NAVIOCARGAGERAL;CGNC;5368;D2030_215_newpanamax
23.0;195.0;0.0;13.25;1.0;15;42;FRI;4;10;False;False;False;45000;37.2;3.03;0.75;OCT;10;ELEVACOES;24;HANDYMAX;GSA - E;5369;D2030_215_newpanamax
23.0;255.0;12.25;12.25;3.0;17;46;FRI;4;10;False;False;False;3000;15.61;3.4;0.75;OCT;10;SANTOSBR;31;PANAMAX;CGC;5370;D2030_215_newpanamax
23.0;225.0;14.25;0.0;2.0;15;41;FRI;4;10;False;False;False;70000;111.09;2.88;0.75;OCT;10;TERMAG;35;PANAMAX;GSM - I;5371;D2030_215_newpanamax
23.0;195.0;9.25;9.25;3.0;12;38;FRI;4;10;False;False;True;1500;20.97;0.4;0.75;OCT;10;TEV;37;CARGARO-RO;RORO;5372;D2030_215_newpanamax
23.0;195.0;9.25;9.25;3.0;13;40;FRI;4;10;False;False;True;1500;20.97;5.28;0.75;OCT;10;TEV;37;CARGARO-RO;RORO;5373;D2030_215_newpanamax
23.0;225.0;0.0;13.25;1.0;15;43;FRI;4;10;False;False;False;70000;62.19;3.51;0.75;OCT;10;TIPLAM - GSA - E;41;PANAMAX;GSA - E;5374;D2030_215_newpanamax
23.0;225.0;0.0;13.25;1.0;15;42;FRI;4;10;False;False;False;70000;62.19;5.8;0.75;OCT;10;TIPLAM - GSA - E;41;PANAMAX;GSA - E;5375;D2030_215_newpanamax
23.0;225.0;0.0;13.25;1.0;16;46;FRI;4;10;False;False;False;70000;55.1;0.58;0.75;OCT;10;XXXIX;48;PANAMAX;GSA - E;5376;D2030_215_newpanamax
23.0;225.0;0.0;13.75;1.0;20;51;SAT;5;11;False;False;False;70000;51.12;3.29;0.75;OCT;10;ADM;9;PANAMAX;GSA - E;5377;D2030_215_newpanamax
23.0;215.0;9.75;9.75;3.0;14;42;SAT;5;11;False;False;False;1000;13.85;4.16;0.75;OCT;10;BTP;13;FULLYCELLULAR;CGC;5378;D2030_215_newpanamax
23.0;275.0;13.75;13.75;3.0;18;52;SAT;5;11;False;False;False;3000;14.7;4.03;0.75;OCT;10;BTP;13;PANAMAX;CGC;5379;D2030_215_newpanamax
23.0;295.0;14.25;14.25;3.0;18;52;SAT;5;11;False;False;False;4000;20.66;1.99;0.75;OCT;10;BTP;13;POST-PANAMAXI;CGC;5380;D2030_215_newpanamax
43.0;339.0;14.0;14.0;3.0;14;42;SAT;5;11;False;False;False;6000;23.63;2.03;0.75;OCT;10;BTP;13;POST-PANAMAXII;CGC;5381;D2030_215_newpanamax
23.0;175.0;10.25;0.0;2.0;12;47;SAT;5;11;False;False;False;35000;135.86;4.21;0.75;OCT;10;BUNGE;14;HANDYSIZE;GSA - I;5382;D2030_215_newpanamax
23.0;225.0;0.0;14.25;1.0;17;49;SAT;5;11;False;False;False;70000;68.98;12.54;0.75;OCT;10;COFCO;16;PANAMAX;GSA - E;5383;D2030_215_newpanamax
23.0;225.0;0.0;14.25;1.0;18;50;SAT;5;11;False;False;False;70000;68.98;6.25;0.75;OCT;10;COFCO;16;PANAMAX;GSA - E;5384;D2030_215_newpanamax
23.0;215.0;10.75;10.75;3.0;17;46;SAT;5;11;False;False;False;1000;13.38;1.42;0.75;OCT;10;DPW - CGC;21;FULLYCELLULAR;CGC;5385;D2030_215_newpanamax
23.0;215.0;10.75;10.75;3.0;17;47;SAT;5;11;False;False;False;1000;13.38;1.58;0.75;OCT;10;DPW - CGC;21;FULLYCELLULAR;CGC;5386;D2030_215_newpanamax
23.0;235.0;12.25;12.25;3.0;17;46;SAT;5;11;False;False;False;3000;17.86;1.55;0.75;OCT;10;DPW - CGC;21;PANAMAX;CGC;5387;D2030_215_newpanamax
23.0;265.0;12.25;12.25;3.0;17;48;SAT;5;11;False;False;False;3000;17.86;1.48;0.75;OCT;10;DPW - CGC;21;PANAMAX;CGC;5388;D2030_215_newpanamax
43.0;339.0;14.0;14.0;3.0;19;52;SAT;5;11;False;False;False;6000;27.82;2.15;0.75;OCT;10;DPW - CGC;21;POST-PANAMAXII;CGC;5389;D2030_215_newpanamax
23.0;225.0;0.0;14.2;1.0;17;49;SAT;5;11;False;False;False;70000;53.25;2.04;0.75;OCT;10;ELEVACOES;24;PANAMAX;GSA - E;5390;D2030_215_newpanamax
23.0;225.0;13.25;0.0;2.0;18;49;SAT;5;11;False;False;False;70000;49.28;5.17;0.75;OCT;10;HIDROVIAS;27;PANAMAX;GSM - I;5391;D2030_215_newpanamax
23.0;265.0;12.25;12.25;3.0;18;49;SAT;5;11;False;False;False;3000;15.61;3.77;0.75;OCT;10;SANTOSBR;31;PANAMAX;CGC;5392;D2030_215_newpanamax
23.0;155.0;8.25;0.0;2.0;14;41;SAT;5;11;False;False;False;18000;29.82;4.17;0.75;OCT;10;STOLTHAVEN;32;GPGENERALPURPOSE;GL;5393;D2030_215_newpanamax
23.0;225.0;0.0;13.25;1.0;18;51;SAT;5;11;False;False;False;70000;88.35;1.4;0.75;OCT;10;TEAG;33;PANAMAX;GSA - E;5394;D2030_215_newpanamax
23.0;225.0;0.0;13.25;1.0;15;50;SAT;5;11;False;False;False;70000;111.09;1.68;0.75;OCT;10;TES;36;PANAMAX;GSA - E;5395;D2030_215_newpanamax
23.0;195.0;9.25;9.25;3.0;16;50;SAT;5;11;False;False;True;1500;20.97;6.42;0.75;OCT;10;TEV;37;CARGARO-RO;RORO;5396;D2030_215_newpanamax
23.0;165.0;9.25;0.0;2.0;18;51;SAT;5;11;False;False;False;18000;41.58;0.0;0.75;OCT;10;VOPAK;47;GPGENERALPURPOSE;GL;5397;D2030_215_newpanamax
23.0;215.0;11.25;11.25;3.0;21;56;SUN;6;12;False;False;False;1000;16.8;1.79;0.75;OCT;10;TECON10;3;FULLYCELLULAR;CGC;5398;D2030_215_newpanamax
23.0;275.0;12.75;12.75;3.0;21;56;SUN;6;12;False;False;False;3000;15.61;1.97;0.75;OCT;10;TECON10;3;PANAMAX;CGC;5399;D2030_215_newpanamax
23.0;225.0;0.0;14.25;1.0;23;44;SUN;6;12;False;False;False;70000;51.12;3.07;0.75;OCT;10;ADM;9;PANAMAX;GSA - E;5400;D2030_215_newpanamax
36.0;225.0;0.0;13.0;1.0;18;55;SUN;6;12;False;False;False;55000;99.66;1.38;0.75;OCT;10;BRACELL;12;NAVIOCARGAGERAL;CGNC;5401;D2030_215_newpanamax
23.0;295.0;14.25;14.25;3.0;20;56;SUN;6;12;False;False;False;4000;20.66;2.51;0.75;OCT;10;BTP;13;POST-PANAMAXI;CGC;5402;D2030_215_newpanamax
43.0;339.0;14.0;14.0;3.0;20;56;SUN;6;12;False;False;False;6000;23.63;5.01;0.75;OCT;10;BTP;13;POST-PANAMAXII;CGC;5403;D2030_215_newpanamax
23.0;195.0;0.0;13.75;1.0;22;33;SUN;6;12;False;False;False;45000;39.48;1.88;0.75;OCT;10;COPESUCAR;17;HANDYMAX;GSA - E;5404;D2030_215_newpanamax
23.0;215.0;11.25;11.25;3.0;21;56;SUN;6;12;False;False;False;1000;13.38;1.83;0.75;OCT;10;DPW - CGC;21;FULLYCELLULAR;CGC;5405;D2030_215_newpanamax
23.0;295.0;14.25;14.25;3.0;21;56;SUN;6;12;False;False;False;4000;21.93;1.03;0.75;OCT;10;DPW - CGC;21;POST-PANAMAXI;CGC;5406;D2030_215_newpanamax
23.0;225.0;0.0;14.2;1.0;20;56;SUN;6;12;False;False;False;70000;53.25;1.35;0.75;OCT;10;ELEVACOES;24;PANAMAX;GSA - E;5407;D2030_215_newpanamax
23.0;225.0;14.25;0.0;2.0;22;57;SUN;6;12;False;False;False;70000;49.28;8.49;0.75;OCT;10;HIDROVIAS;27;PANAMAX;GSM - I;5408;D2030_215_newpanamax
23.0;205.0;12.25;12.25;3.0;23;24;SUN;6;12;False;False;False;1000;16.8;3.52;0.75;OCT;10;SANTOSBR;31;FULLYCELLULAR;CGC;5409;D2030_215_newpanamax
23.0;215.0;11.25;11.25;3.0;21;55;SUN;6;12;False;False;False;1000;16.8;1.94;0.75;OCT;10;SANTOSBR;31;FULLYCELLULAR;CGC;5410;D2030_215_newpanamax
23.0;275.0;12.75;12.75;3.0;21;55;SUN;6;12;False;False;False;3000;15.61;1.79;0.75;OCT;10;SANTOSBR;31;PANAMAX;CGC;5411;D2030_215_newpanamax
23.0;295.0;14.25;14.25;3.0;23;24;SUN;6;12;False;False;False;4000;21.3;2.59;0.75;OCT;10;SANTOSBR;31;POST-PANAMAXI;CGC;5412;D2030_215_newpanamax
43.0;339.0;14.0;14.0;3.0;23;24;SUN;6;12;False;False;False;6000;25.92;2.59;0.75;OCT;10;SANTOSBR;31;POST-PANAMAXII;CGC;5413;D2030_215_newpanamax
43.0;339.0;14.0;14.0;3.0;21;55;SUN;6;12;False;False;False;6000;25.92;3.01;0.75;OCT;10;SANTOSBR;31;POST-PANAMAXII;CGC;5414;D2030_215_newpanamax
23.0;225.0;0.0;13.25;1.0;19;57;SUN;6;12;False;False;False;70000;111.09;4.53;0.75;OCT;10;TES;36;PANAMAX;GSA - E;5415;D2030_215_newpanamax
23.0;225.0;0.0;14.25;1.0;23;32;SUN;6;12;False;False;False;70000;39.92;3.38;0.75;OCT;10;TGG;38;PANAMAX;GSA - E;5416;D2030_215_newpanamax
23.0;235.0;0.0;13.75;1.0;22;24;SUN;6;12;False;False;False;70000;62.19;2.62;0.75;OCT;10;TIPLAM - GSA - E;41;PANAMAX;GSA - E;5417;D2030_215_newpanamax
23.0;185.0;12.25;0.0;2.0;21;59;SUN;6;12;False;False;False;45000;85.0;2.41;0.75;OCT;10;TIPLAM - GSM - I;42;HANDYMAX;GSM - I;5418;D2030_215_newpanamax
23.0;225.0;13.75;0.0;2.0;19;55;SUN;6;12;False;False;False;70000;104.45;2.02;0.75;OCT;10;TIPLAM - GSM - I;42;PANAMAX;GSM - I;5419;D2030_215_newpanamax
23.0;225.0;11.75;0.0;2.0;22;59;SUN;6;12;False;False;False;60000;48.22;1.29;0.75;OCT;10;TRANSPETRO;43;LR1LONGRANGE1;GL;5420;D2030_215_newpanamax
23.0;185.0;11.25;0.0;2.0;22;57;SUN;6;12;False;False;False;35000;29.94;8.91;0.75;OCT;10;TRANSPETRO;43;MRMEDIUMRANGE;GL;5421;D2030_215_newpanamax
36.0;225.0;0.0;13.0;1.0;2;7;MON;0;13;False;False;False;55000;99.0;9.87;0.75;OCT;10;ARAUCO;1;NAVIOCARGAGERAL;CGNC;5422;D2030_215_newpanamax
23.0;255.0;9.25;9.25;3.0;1;3;MON;0;13;False;False;False;3000;15.61;1.68;0.75;OCT;10;TECON10;3;PANAMAX;CGC;5423;D2030_215_newpanamax
23.0;155.0;0.0;7.25;1.0;3;6;MON;0;13;False;False;False;18000;45.88;0.51;0.75;OCT;10;AGEO_TERMINAIS;11;GPGENERALPURPOSE;GL;5424;D2030_215_newpanamax
36.0;225.0;0.0;13.0;1.0;1;4;MON;0;13;False;False;False;55000;99.66;0.9;0.75;OCT;10;BRACELL;12;NAVIOCARGAGERAL;CGNC;5425;D2030_215_newpanamax
23.0;245.0;10.75;10.75;3.0;2;6;MON;0;13;False;False;False;3000;14.7;1.7;0.75;OCT;10;BTP;13;PANAMAX;CGC;5426;D2030_215_newpanamax
23.0;305.0;9.25;9.25;3.0;0;0;MON;0;13;False;False;False;4000;20.66;2.27;0.75;OCT;10;BTP;13;POST-PANAMAXI;CGC;5427;D2030_215_newpanamax
23.0;165.0;9.75;0.0;2.0;0;7;MON;0;13;False;False;False;35000;135.86;2.44;0.75;OCT;10;BUNGE;14;HANDYSIZE;GSA - I;5428;D2030_215_newpanamax
23.0;225.0;0.0;10.75;1.0;4;8;MON;0;13;False;False;False;70000;68.98;1.36;0.75;OCT;10;COFCO;16;PANAMAX;GSA - E;5429;D2030_215_newpanamax
23.0;225.0;0.0;10.75;1.0;5;9;MON;0;13;False;False;False;70000;68.98;2.73;0.75;OCT;10;COFCO;16;PANAMAX;GSA - E;5430;D2030_215_newpanamax
23.0;225.0;0.0;11.25;1.0;1;1;MON;0;13;False;False;False;70000;58.85;2.27;0.75;OCT;10;COPESUCAR;17;PANAMAX;GSA - E;5431;D2030_215_newpanamax
23.0;245.0;9.75;9.75;3.0;1;3;MON;0;13;False;False;False;3000;17.86;1.38;0.75;OCT;10;DPW - CGC;21;PANAMAX;CGC;5432;D2030_215_newpanamax
36.0;225.0;0.0;13.0;1.0;0;2;MON;0;13;False;False;False;55000;64.0;2.1;0.75;OCT;10;DPW - CGNC;22;NAVIOCARGAGERAL;CGNC;5433;D2030_215_newpanamax
23.0;225.0;0.0;11.75;1.0;0;2;MON;0;13;False;False;False;70000;53.25;3.39;0.75;OCT;10;ELEVACOES;24;PANAMAX;GSA - E;5434;D2030_215_newpanamax
23.0;185.0;7.75;0.0;2.0;3;7;MON;0;13;False;False;False;35000;43.42;2.0;0.75;OCT;10;GRANEL;26;MRMEDIUMRANGE;GL;5435;D2030_215_newpanamax
23.0;185.0;9.25;0.0;2.0;3;6;MON;0;13;False;False;False;45000;295.08;0.27;0.75;OCT;10;NITA;28;HANDYMAX;GSA - I;5436;D2030_215_newpanamax
23.0;135.0;6.75;6.75;3.0;0;2;MON;0;13;False;False;False;500;7.08;1.58;0.75;OCT;10;SANTOSBR;31;FEEDER/EARLY;CGC;5437;D2030_215_newpanamax
23.0;185.0;8.75;8.75;3.0;2;4;MON;0;13;False;False;False;1000;16.8;1.36;0.75;OCT;10;SANTOSBR;31;FULLYCELLULAR;CGC;5438;D2030_215_newpanamax
23.0;265.0;9.75;9.75;3.0;3;8;MON;0;13;False;False;False;3000;15.61;2.1;0.75;OCT;10;SANTOSBR;31;PANAMAX;CGC;5439;D2030_215_newpanamax
23.0;265.0;8.75;8.75;3.0;0;1;MON;0;13;False;False;False;3000;15.61;2.62;0.75;OCT;10;SANTOSBR;31;PANAMAX;CGC;5440;D2030_215_newpanamax
23.0;315.0;9.75;9.75;3.0;2;4;MON;0;13;False;False;False;4000;21.3;5.06;0.75;OCT;10;SANTOSBR;31;POST-PANAMAXI;CGC;5441;D2030_215_newpanamax
43.0;339.0;14.0;14.0;3.0;3;8;MON;0;13;False;False;False;6000;25.92;1.04;0.75;OCT;10;SANTOSBR;31;POST-PANAMAXII;CGC;5442;D2030_215_newpanamax
43.0;339.0;14.0;14.0;3.0;0;1;MON;0;13;False;False;False;6000;25.92;0.69;0.75;OCT;10;SANTOSBR;31;POST-PANAMAXII;CGC;5443;D2030_215_newpanamax
23.0;195.0;8.25;0.0;2.0;0;0;MON;0;13;False;False;False;45000;89.37;6.24;0.75;OCT;10;TERMAG;35;HANDYMAX;GSM - I;5444;D2030_215_newpanamax
23.0;175.0;8.75;8.75;3.0;4;12;MON;0;13;False;False;True;1500;20.97;0.39;0.75;OCT;10;TEV;37;CARGARO-RO;RORO;5445;D2030_215_newpanamax
23.0;225.0;0.0;7.75;1.0;0;1;MON;0;13;False;False;False;70000;62.19;2.28;0.75;OCT;10;TIPLAM - GSA - E;41;PANAMAX;GSA - E;5446;D2030_215_newpanamax
23.0;285.0;0.0;10.25;1.0;8;0;MON;0;13;True;False;False;76500;53.08;0.0;0.75;OCT;10;TRSP;44;LNGCARRIER;GL;5447;D2030_215_newpanamax
23.0;185.0;0.0;7.75;1.0;3;3;MON;0;13;False;False;False;35000;62.88;0.0;0.75;OCT;10;VOPAK;47;MRMEDIUMRANGE;GL;5448;D2030_215_newpanamax
36.0;225.0;0.0;13.0;1.0;5;14;TUE;1;14;False;False;False;55000;99.0;1.58;0.75;OCT;10;ARAUCO;1;NAVIOCARGAGERAL;CGNC;5449;D2030_215_newpanamax
23.0;155.0;0.0;7.75;1.0;5;12;TUE;1;14;False;False;False;18000;45.88;0.78;0.75;OCT;10;AGEO_TERMINAIS;11;GPGENERALPURPOSE;GL;5450;D2030_215_newpanamax
36.0;225.0;0.0;13.0;1.0;3;10;TUE;1;14;False;False;False;55000;99.66;1.38;0.75;OCT;10;BRACELL;12;NAVIOCARGAGERAL;CGNC;5451;D2030_215_newpanamax
23.0;225.0;0.0;13.25;1.0;8;18;TUE;1;14;False;False;False;70000;68.98;3.53;0.75;OCT;10;COFCO;16;PANAMAX;GSA - E;5452;D2030_215_newpanamax
23.0;195.0;0.0;11.25;1.0;6;22;TUE;1;14;False;False;False;45000;39.48;2.15;0.75;OCT;10;COPESUCAR;17;HANDYMAX;GSA - E;5453;D2030_215_newpanamax
23.0;205.0;0.0;11.75;1.0;6;18;TUE;1;14;False;False;False;55000;21.4;1.72;0.75;OCT;10;COPESUCAR;17;SUPRAMAX;GSA - E;5454;D2030_215_newpanamax
23.0;225.0;0.0;12.75;1.0;5;15;TUE;1;14;False;False;False;70000;54.03;9.48;0.75;OCT;10;CUTRALE - GSA - E;19;PANAMAX;GSA - E;5455;D2030_215_newpanamax
23.0;275.0;9.75;9.75;3.0;4;8;TUE;1;14;False;False;False;3000;17.86;2.19;0.75;OCT;10;DPW - CGC;21;PANAMAX;CGC;5456;D2030_215_newpanamax
36.0;225.0;0.0;13.0;1.0;6;14;TUE;1;14;False;False;False;55000;64.0;2.98;0.75;OCT;10;DPW - CGNC;22;NAVIOCARGAGERAL;CGNC;5457;D2030_215_newpanamax
23.0;185.0;0.0;11.75;1.0;6;12;TUE;1;14;False;False;False;45000;37.2;3.96;0.75;OCT;10;ELEVACOES;24;HANDYMAX;GSA - E;5458;D2030_215_newpanamax
23.0;225.0;0.0;13.25;1.0;6;12;TUE;1;14;False;False;False;70000;53.25;4.64;0.75;OCT;10;ELEVACOES;24;PANAMAX;GSA - E;5459;D2030_215_newpanamax
32.2;205.0;0.0;12.2;1.0;6;12;TUE;1;14;False;False;False;55000;39.16;1.78;0.75;OCT;10;ELEVACOES;24;SUPRAMAX;GSA - E;5460;D2030_215_newpanamax
23.0;185.0;9.25;9.25;3.0;5;12;TUE;1;14;False;False;False;1000;16.8;2.87;0.75;OCT;10;SANTOSBR;31;FULLYCELLULAR;CGC;5461;D2030_215_newpanamax
23.0;255.0;10.25;10.25;3.0;5;13;TUE;1;14;False;False;False;3000;15.61;1.38;0.75;OCT;10;SANTOSBR;31;PANAMAX;CGC;5462;D2030_215_newpanamax
23.0;225.0;0.0;11.25;1.0;6;13;TUE;1;14;False;False;False;70000;88.35;0.4;0.75;OCT;10;TEAG;33;PANAMAX;GSA - E;5463;D2030_215_newpanamax
23.0;195.0;8.75;8.75;3.0;6;17;TUE;1;14;False;False;True;1500;20.97;1.79;0.75;OCT;10;TEV;37;CARGARO-RO;RORO;5464;D2030_215_newpanamax
23.0;175.0;0.0;7.75;1.0;4;15;TUE;1;14;False;False;False;35000;90.66;7.78;0.75;OCT;10;USIMINAS;46;HANDYSIZE;CGNC;5465;D2030_215_newpanamax
23.0;225.0;0.0;12.25;1.0;6;13;TUE;1;14;False;False;False;70000;55.1;1.3;0.75;OCT;10;XXXIX;48;PANAMAX;GSA - E;5466;D2030_215_newpanamax
22.0;105.9;6.8;6.9;1.0;14;40;0;1;14;False;False;False;0;28.0;0.07;0.75;0;10;TUP - Saipem;8;HANDYSIZE;CGNC;5467;D2030_215_newpanamax
23.0;165.0;7.75;0.0;2.0;11;21;WED;2;15;False;False;False;18000;42.57;0.89;0.75;OCT;10;STS;2;GPGENERALPURPOSE;GL;5468;D2030_215_newpanamax
23.0;175.0;10.25;0.0;2.0;5;22;WED;2;15;False;False;False;35000;50.86;11.09;0.75;OCT;10;RUMO - GSM - I;5;HANDYSIZE;GSM - I;5469;D2030_215_newpanamax
23.0;185.0;0.0;9.25;1.0;8;21;WED;2;15;False;False;False;35000;64.43;0.53;0.75;OCT;10;AGEO_TERMINAIS;11;MRMEDIUMRANGE;GL;5470;D2030_215_newpanamax
23.0;225.0;0.0;13.25;1.0;10;23;WED;2;15;False;False;False;70000;68.98;8.53;0.75;OCT;10;COFCO;16;PANAMAX;GSA - E;5471;D2030_215_newpanamax
23.0;265.0;10.75;10.75;3.0;9;25;WED;2;15;False;False;False;3000;17.86;1.73;0.75;OCT;10;DPW - CGC;21;PANAMAX;CGC;5472;D2030_215_newpanamax
23.0;195.0;9.25;9.25;3.0;6;19;WED;2;15;False;False;False;1000;16.8;2.19;0.75;OCT;10;SANTOSBR;31;FULLYCELLULAR;CGC;5473;D2030_215_newpanamax
23.0;185.0;9.75;9.75;3.0;8;23;WED;2;15;False;False;False;1000;16.8;1.36;0.75;OCT;10;SANTOSBR;31;FULLYCELLULAR;CGC;5474;D2030_215_newpanamax
23.0;255.0;10.75;10.75;3.0;8;23;WED;2;15;False;False;False;3000;15.61;1.25;0.75;OCT;10;SANTOSBR;31;PANAMAX;CGC;5475;D2030_215_newpanamax
43.0;339.0;14.0;14.0;3.0;6;19;WED;2;15;False;False;False;6000;25.92;0.99;0.75;OCT;10;SANTOSBR;31;POST-PANAMAXII;CGC;5476;D2030_215_newpanamax
23.0;225.0;0.0;12.75;1.0;9;21;WED;2;15;False;False;False;70000;111.09;3.66;0.75;OCT;10;TES;36;PANAMAX;GSA - E;5477;D2030_215_newpanamax
23.0;195.0;8.75;8.75;3.0;7;21;WED;2;15;False;False;True;1500;20.97;0.85;0.75;OCT;10;TEV;37;CARGARO-RO;RORO;5478;D2030_215_newpanamax
23.0;225.0;0.0;13.25;1.0;8;23;WED;2;15;False;False;False;70000;62.19;5.68;0.75;OCT;10;TIPLAM - GSA - E;41;PANAMAX;GSA - E;5479;D2030_215_newpanamax
23.0;185.0;0.0;8.75;1.0;9;20;WED;2;15;False;False;False;35000;29.94;4.66;0.75;OCT;10;TRANSPETRO;43;MRMEDIUMRANGE;GL;5480;D2030_215_newpanamax
23.0;275.0;12.25;12.25;3.0;8;24;THU;3;16;False;False;False;3000;14.7;3.2;0.75;OCT;10;BTP;13;PANAMAX;CGC;5481;D2030_215_newpanamax
23.0;295.0;12.75;12.75;3.0;9;26;THU;3;16;False;False;False;4000;20.66;3.31;0.75;OCT;10;BTP;13;POST-PANAMAXI;CGC;5482;D2030_215_newpanamax
23.0;225.0;0.0;13.75;1.0;11;29;THU;3;16;False;False;False;70000;68.98;13.98;0.75;OCT;10;COFCO;16;PANAMAX;GSA - E;5483;D2030_215_newpanamax
23.0;225.0;0.0;13.75;1.0;13;39;THU;3;16;False;False;False;70000;58.85;2.99;0.75;OCT;10;COPESUCAR;17;PANAMAX;GSA - E;5484;D2030_215_newpanamax
23.0;255.0;11.25;11.25;3.0;11;31;THU;3;16;False;False;False;3000;17.86;3.6;0.75;OCT;10;DPW - CGC;21;PANAMAX;CGC;5485;D2030_215_newpanamax
23.0;295.0;12.75;12.75;3.0;12;35;THU;3;16;False;False;False;4000;21.93;0.87;0.75;OCT;10;DPW - CGC;21;POST-PANAMAXI;CGC;5486;D2030_215_newpanamax
36.0;225.0;0.0;11.7;1.0;12;35;THU;3;16;False;False;False;55000;36.9;6.01;0.75;OCT;10;ELDORADO;23;NAVIOCARGAGERAL;CGNC;5487;D2030_215_newpanamax
23.0;235.0;11.75;11.75;3.0;13;36;THU;3;16;False;False;False;3000;15.61;5.43;0.75;OCT;10;SANTOSBR;31;PANAMAX;CGC;5488;D2030_215_newpanamax
23.0;225.0;0.0;13.25;1.0;10;25;THU;3;16;False;False;False;70000;39.92;3.27;0.75;OCT;10;TGG;38;PANAMAX;GSA - E;5489;D2030_215_newpanamax
23.0;225.0;0.0;13.25;1.0;11;32;THU;3;16;False;False;False;70000;62.19;1.1;0.75;OCT;10;TIPLAM - GSA - E;41;PANAMAX;GSA - E;5490;D2030_215_newpanamax
23.0;225.0;10.25;0.0;2.0;13;35;THU;3;16;False;False;False;70000;104.45;2.7;0.75;OCT;10;TIPLAM - GSM - I;42;PANAMAX;GSM - I;5491;D2030_215_newpanamax
23.0;175.0;0.0;9.75;1.0;12;31;THU;3;16;False;False;False;35000;29.94;11.89;0.75;OCT;10;TRANSPETRO;43;MRMEDIUMRANGE;GL;5492;D2030_215_newpanamax
23.0;155.0;8.75;0.0;2.0;11;29;THU;3;16;False;False;False;18000;42.57;14.04;0.75;OCT;10;ULTRACARGO;45;GPGENERALPURPOSE;GL;5493;D2030_215_newpanamax
23.0;225.0;0.0;12.75;1.0;13;36;THU;3;16;False;False;False;70000;55.1;3.65;0.75;OCT;10;XXXIX;48;PANAMAX;GSA - E;5494;D2030_215_newpanamax
23.0;225.0;0.0;13.25;1.0;13;31;FRI;4;17;False;False;False;70000;51.12;5.28;0.75;OCT;10;RUMO - GSA - E;4;PANAMAX;GSA - E;5495;D2030_215_newpanamax
23.0;285.0;12.75;12.75;3.0;12;37;FRI;4;17;False;False;False;3000;14.7;4.69;0.75;OCT;10;BTP;13;PANAMAX;CGC;5496;D2030_215_newpanamax
23.0;305.0;12.75;12.75;3.0;11;33;FRI;4;17;False;False;False;4000;20.66;1.74;0.75;OCT;10;BTP;13;POST-PANAMAXI;CGC;5497;D2030_215_newpanamax
23.0;225.0;0.0;13.75;1.0;16;44;FRI;4;17;False;False;False;70000;68.98;16.36;0.75;OCT;10;COFCO;16;PANAMAX;GSA - E;5498;D2030_215_newpanamax
23.0;225.0;0.0;13.75;1.0;15;39;FRI;4;17;False;False;False;70000;68.98;6.99;0.75;OCT;10;COFCO;16;PANAMAX;GSA - E;5499;D2030_215_newpanamax
23.0;225.0;0.0;13.75;1.0;16;46;FRI;4;17;False;False;False;70000;68.98;9.44;0.75;OCT;10;COFCO;16;PANAMAX;GSA - E;5500;D2030_215_newpanamax
23.0;225.0;0.0;13.75;1.0;16;53;FRI;4;17;False;False;False;70000;58.85;2.38;0.75;OCT;10;COPESUCAR;17;PANAMAX;GSA - E;5501;D2030_215_newpanamax
23.0;215.0;10.25;10.25;3.0;15;40;FRI;4;17;False;False;False;1000;13.38;0.93;0.75;OCT;10;DPW - CGC;21;FULLYCELLULAR;CGC;5502;D2030_215_newpanamax
23.0;265.0;11.75;11.75;3.0;16;44;FRI;4;17;False;False;False;3000;17.86;2.44;0.75;OCT;10;DPW - CGC;21;PANAMAX;CGC;5503;D2030_215_newpanamax
23.0;265.0;11.75;11.75;3.0;16;45;FRI;4;17;False;False;False;3000;17.86;2.96;0.75;OCT;10;DPW - CGC;21;PANAMAX;CGC;5504;D2030_215_newpanamax
23.0;255.0;11.75;11.75;3.0;15;40;FRI;4;17;False;False;False;3000;17.86;1.37;0.75;OCT;10;DPW - CGC;21;PANAMAX;CGC;5505;D2030_215_newpanamax
23.0;295.0;13.75;13.75;3.0;17;45;FRI;4;17;False;False;False;4000;21.93;2.28;0.75;OCT;10;DPW - CGC;21;POST-PANAMAXI;CGC;5506;D2030_215_newpanamax
23.0;175.0;0.0;10.25;1.0;15;42;FRI;4;17;False;False;False;35000;27.04;3.96;0.75;OCT;10;ELEVACOES;24;HANDYSIZE;GSA - E;5507;D2030_215_newpanamax
32.2;205.0;0.0;12.2;1.0;15;42;FRI;4;17;False;False;False;55000;39.16;1.19;0.75;OCT;10;ELEVACOES;24;SUPRAMAX;GSA - E;5508;D2030_215_newpanamax
23.0;225.0;0.0;13.25;1.0;14;37;FRI;4;17;False;False;False;70000;111.09;1.55;0.75;OCT;10;TES;36;PANAMAX;GSA - E;5509;D2030_215_newpanamax
23.0;225.0;0.0;13.25;1.0;14;38;FRI;4;17;False;False;False;70000;111.09;3.17;0.75;OCT;10;TES;36;PANAMAX;GSA - E;5510;D2030_215_newpanamax
23.0;235.0;8.75;8.75;3.0;13;41;FRI;4;17;False;False;True;5000;19.52;0.95;0.75;OCT;10;TEV;37;LARGEPCTC;RORO;5511;D2030_215_newpanamax
23.0;225.0;0.0;13.25;1.0;15;41;FRI;4;17;False;False;False;70000;62.19;3.57;0.75;OCT;10;TIPLAM - GSA - E;41;PANAMAX;GSA - E;5512;D2030_215_newpanamax
23.0;225.0;11.25;0.0;2.0;15;43;FRI;4;17;False;False;False;70000;104.45;1.74;0.75;OCT;10;TIPLAM - GSM - I;42;PANAMAX;GSM - I;5513;D2030_215_newpanamax
23.0;185.0;0.0;9.75;1.0;16;42;FRI;4;17;False;False;False;35000;29.94;0.86;0.75;OCT;10;TRANSPETRO;43;MRMEDIUMRANGE;GL;5514;D2030_215_newpanamax
23.0;275.0;12.25;12.25;3.0;19;50;SAT;5;18;False;False;False;3000;15.61;3.75;0.75;OCT;10;TECON10;3;PANAMAX;CGC;5515;D2030_215_newpanamax
23.0;185.0;10.75;0.0;2.0;16;47;SAT;5;18;False;False;False;35000;64.43;0.67;0.75;OCT;10;AGEO_TERMINAIS;11;MRMEDIUMRANGE;GL;5516;D2030_215_newpanamax
23.0;275.0;13.75;13.75;3.0;19;53;SAT;5;18;False;False;False;3000;14.7;2.13;0.75;OCT;10;BTP;13;PANAMAX;CGC;5517;D2030_215_newpanamax
23.0;295.0;14.25;14.25;3.0;19;53;SAT;5;18;False;False;False;4000;20.66;2.74;0.75;OCT;10;BTP;13;POST-PANAMAXI;CGC;5518;D2030_215_newpanamax
43.0;339.0;14.0;14.0;3.0;19;53;SAT;5;18;False;False;False;6000;23.63;2.32;0.75;OCT;10;BTP;13;POST-PANAMAXII;CGC;5519;D2030_215_newpanamax
43.0;339.0;14.0;14.0;3.0;18;52;SAT;5;18;False;False;False;6000;23.63;2.44;0.75;OCT;10;BTP;13;POST-PANAMAXII;CGC;5520;D2030_215_newpanamax
23.0;225.0;0.0;14.25;1.0;20;54;SAT;5;18;False;False;False;70000;68.98;14.64;0.75;OCT;10;COFCO;16;PANAMAX;GSA - E;5521;D2030_215_newpanamax
23.0;225.0;0.0;13.25;1.0;18;53;SAT;5;18;False;False;False;70000;54.03;3.8;0.75;OCT;10;CUTRALE - GSA - E;19;PANAMAX;GSA - E;5522;D2030_215_newpanamax
23.0;135.0;8.25;8.25;3.0;17;46;SAT;5;18;False;False;False;500;12.93;5.12;0.75;OCT;10;DPW - CGC;21;FEEDER/EARLY;CGC;5523;D2030_215_newpanamax
23.0;235.0;12.25;12.25;3.0;17;46;SAT;5;18;False;False;False;3000;17.86;1.73;0.75;OCT;10;DPW - CGC;21;PANAMAX;CGC;5524;D2030_215_newpanamax
23.0;245.0;12.75;12.75;3.0;19;52;SAT;5;18;False;False;False;3000;17.86;2.01;0.75;OCT;10;DPW - CGC;21;PANAMAX;CGC;5525;D2030_215_newpanamax
23.0;305.0;13.75;13.75;3.0;19;52;SAT;5;18;False;False;False;4000;21.93;1.14;0.75;OCT;10;DPW - CGC;21;POST-PANAMAXI;CGC;5526;D2030_215_newpanamax
23.0;295.0;13.75;13.75;3.0;17;46;SAT;5;18;False;False;False;4000;21.93;2.83;0.75;OCT;10;DPW - CGC;21;POST-PANAMAXI;CGC;5527;D2030_215_newpanamax
36.0;225.0;0.0;11.7;1.0;20;58;SAT;5;18;False;False;False;55000;50.0;3.91;0.75;OCT;10;SUZANO;25;NAVIOCARGAGERAL;CGNC;5528;D2030_215_newpanamax
23.0;175.0;10.75;0.0;2.0;18;49;SAT;5;18;False;False;False;35000;59.83;4.17;0.75;OCT;10;HIDROVIAS;27;HANDYSIZE;GSM - I;5529;D2030_215_newpanamax
23.0;265.0;12.25;12.25;3.0;18;48;SAT;5;18;False;False;False;3000;15.61;3.3;0.75;OCT;10;SANTOSBR;31;PANAMAX;CGC;5530;D2030_215_newpanamax
23.0;295.0;13.25;13.25;3.0;18;48;SAT;5;18;False;False;False;4000;21.3;2.87;0.75;OCT;10;SANTOSBR;31;POST-PANAMAXI;CGC;5531;D2030_215_newpanamax
23.0;185.0;12.75;0.0;2.0;15;44;SAT;5;18;False;False;False;45000;89.37;9.21;0.75;OCT;10;TERMAG;35;HANDYMAX;GSM - I;5532;D2030_215_newpanamax
23.0;225.0;0.0;13.25;1.0;14;41;SAT;5;18;False;False;False;70000;111.09;2.43;0.75;OCT;10;TES;36;PANAMAX;GSA - E;5533;D2030_215_newpanamax
23.0;165.0;9.75;0.0;2.0;18;52;SAT;5;18;False;False;False;18000;41.58;0.0;0.75;OCT;10;VOPAK;47;GPGENERALPURPOSE;GL;5534;D2030_215_newpanamax
23.0;175.0;11.25;0.0;2.0;18;51;SAT;5;18;False;False;False;35000;62.88;0.0;0.75;OCT;10;VOPAK;47;MRMEDIUMRANGE;GL;5535;D2030_215_newpanamax
23.0;175.0;11.25;0.0;2.0;18;51;SAT;5;18;False;False;False;35000;62.88;0.0;0.75;OCT;10;VOPAK;47;MRMEDIUMRANGE;GL;5536;D2030_215_newpanamax
23.0;205.0;11.75;11.75;3.0;22;59;SUN;6;19;False;False;False;1000;16.8;5.26;0.75;OCT;10;TECON10;3;FULLYCELLULAR;CGC;5537;D2030_215_newpanamax
23.0;275.0;13.25;13.25;3.0;22;59;SUN;6;19;False;False;False;3000;15.61;2.15;0.75;OCT;10;TECON10;3;PANAMAX;CGC;5538;D2030_215_newpanamax
23.0;165.0;10.25;0.0;2.0;22;58;SUN;6;19;False;False;False;18000;45.88;0.54;0.75;OCT;10;AGEO_TERMINAIS;11;GPGENERALPURPOSE;GL;5539;D2030_215_newpanamax
36.0;225.0;0.0;13.0;1.0;19;57;SUN;6;19;False;False;False;55000;99.66;10.29;0.75;OCT;10;BRACELL;12;NAVIOCARGAGERAL;CGNC;5540;D2030_215_newpanamax
23.0;305.0;14.25;14.25;3.0;23;30;SUN;6;19;False;False;False;4000;20.66;1.45;0.75;OCT;10;BTP;13;POST-PANAMAXI;CGC;5541;D2030_215_newpanamax
23.0;195.0;0.0;13.75;1.0;22;36;SUN;6;19;False;False;False;45000;39.48;1.28;0.75;OCT;10;COPESUCAR;17;HANDYMAX;GSA - E;5542;D2030_215_newpanamax
23.0;225.0;0.0;13.75;1.0;23;24;SUN;6;19;False;False;False;70000;58.85;1.36;0.75;OCT;10;COPESUCAR;17;PANAMAX;GSA - E;5543;D2030_215_newpanamax
23.0;275.0;14.25;14.25;3.0;23;42;SUN;6;19;False;False;False;3000;17.86;1.91;0.75;OCT;10;DPW - CGC;21;PANAMAX;CGC;5544;D2030_215_newpanamax
36.0;225.0;0.0;13.0;1.0;21;58;SUN;6;19;False;False;False;55000;64.0;1.92;0.75;OCT;10;DPW - CGNC;22;NAVIOCARGAGERAL;CGNC;5545;D2030_215_newpanamax
23.0;225.0;0.0;14.2;1.0;23;24;SUN;6;19;False;False;False;70000;53.25;1.64;0.75;OCT;10;ELEVACOES;24;PANAMAX;GSA - E;5546;D2030_215_newpanamax
23.0;215.0;0.0;11.25;1.0;14;52;SUN;6;19;False;False;False;35000;137.91;0.01;0.75;OCT;10;NST - GL;30;MRMEDIUMRANGE;GL;5547;D2030_215_newpanamax
23.0;205.0;11.75;11.75;3.0;22;59;SUN;6;19;False;False;False;1000;16.8;3.92;0.75;OCT;10;SANTOSBR;31;FULLYCELLULAR;CGC;5548;D2030_215_newpanamax
23.0;275.0;13.25;13.25;3.0;22;59;SUN;6;19;False;False;False;3000;15.61;3.92;0.75;OCT;10;SANTOSBR;31;PANAMAX;CGC;5549;D2030_215_newpanamax
23.0;295.0;13.75;13.75;3.0;21;57;SUN;6;19;False;False;False;4000;21.3;1.1;0.75;OCT;10;SANTOSBR;31;POST-PANAMAXI;CGC;5550;D2030_215_newpanamax
23.0;295.0;13.75;13.75;3.0;22;59;SUN;6;19;False;False;False;4000;21.3;2.9;0.75;OCT;10;SANTOSBR;31;POST-PANAMAXI;CGC;5551;D2030_215_newpanamax
43.0;339.0;14.0;14.0;3.0;22;59;SUN;6;19;False;False;False;6000;25.92;2.76;0.75;OCT;10;SANTOSBR;31;POST-PANAMAXII;CGC;5552;D2030_215_newpanamax
23.0;225.0;0.0;13.25;1.0;20;53;SUN;6;19;False;False;False;70000;78.07;3.32;0.75;OCT;10;TEG;34;PANAMAX;GSA - E;5553;D2030_215_newpanamax
23.0;255.0;0.0;12.75;1.0;19;57;SUN;6;19;False;False;False;85000;150.34;5.11;0.75;OCT;10;TES;36;POST-PANAMAX;GSA - E;5554;D2030_215_newpanamax
23.0;225.0;0.0;13.75;1.0;20;56;SUN;6;19;False;False;False;70000;39.92;2.5;0.75;OCT;10;TGG;38;PANAMAX;GSA - E;5555;D2030_215_newpanamax
23.0;225.0;0.0;13.75;1.0;21;58;SUN;6;19;False;False;False;70000;39.92;2.07;0.75;OCT;10;TGG;38;PANAMAX;GSA - E;5556;D2030_215_newpanamax
23.0;195.0;11.75;0.0;2.0;21;58;SUN;6;19;False;False;False;45000;85.0;9.7;0.75;OCT;10;TIPLAM - GSM - I;42;HANDYMAX;GSM - I;5557;D2030_215_newpanamax
23.0;225.0;13.75;0.0;2.0;21;59;SUN;6;19;False;False;False;70000;104.45;16.65;0.75;OCT;10;TIPLAM - GSM - I;42;PANAMAX;GSM - I;5558;D2030_215_newpanamax
23.0;185.0;11.25;0.0;2.0;22;59;SUN;6;19;False;False;False;35000;29.94;2.56;0.75;OCT;10;TRANSPETRO;43;MRMEDIUMRANGE;GL;5559;D2030_215_newpanamax
36.0;225.0;0.0;13.0;1.0;0;2;MON;0;20;False;False;False;55000;99.0;0.77;0.75;OCT;10;ARAUCO;1;NAVIOCARGAGERAL;CGNC;5560;D2030_215_newpanamax
23.0;255.0;9.25;9.25;3.0;1;2;MON;0;20;False;False;False;3000;15.61;2.38;0.75;OCT;10;TECON10;3;PANAMAX;CGC;5561;D2030_215_newpanamax
23.0;155.0;0.0;6.75;1.0;2;5;MON;0;20;False;False;False;18000;45.88;0.54;0.75;OCT;10;AGEO_TERMINAIS;11;GPGENERALPURPOSE;GL;5562;D2030_215_newpanamax
23.0;185.0;8.75;8.75;3.0;1;3;MON;0;20;False;False;False;1000;13.85;1.51;0.75;OCT;10;BTP;13;FULLYCELLULAR;CGC;5563;D2030_215_newpanamax
23.0;235.0;8.25;8.25;3.0;0;0;MON;0;20;False;False;False;3000;14.7;1.73;0.75;OCT;10;BTP;13;PANAMAX;CGC;5564;D2030_215_newpanamax
43.0;339.0;14.0;14.0;3.0;1;3;MON;0;20;False;False;False;6000;23.63;2.31;0.75;OCT;10;BTP;13;POST-PANAMAXII;CGC;5565;D2030_215_newpanamax
23.0;225.0;0.0;10.75;1.0;3;7;MON;0;20;False;False;False;70000;68.98;1.87;0.75;OCT;10;COFCO;16;PANAMAX;GSA - E;5566;D2030_215_newpanamax
23.0;225.0;0.0;8.75;1.0;0;2;MON;0;20;False;False;False;70000;68.98;4.52;0.75;OCT;10;COFCO;16;PANAMAX;GSA - E;5567;D2030_215_newpanamax
38.0;250.0;0.0;14.6;1.0;3;7;MON;0;20;False;False;False;85000;100.81;5.32;0.75;OCT;10;COFCO;16;POST-PANAMAX;GSA - E;5568;D2030_215_newpanamax
23.0;225.0;0.0;12.75;1.0;1;2;MON;0;20;False;False;False;70000;58.85;1.31;0.75;OCT;10;COPESUCAR;17;PANAMAX;GSA - E;5569;D2030_215_newpanamax
23.0;295.0;10.25;10.25;3.0;1;3;MON;0;20;False;False;False;4000;21.93;2.66;0.75;OCT;10;DPW - CGC;21;POST-PANAMAXI;CGC;5570;D2030_215_newpanamax
36.0;225.0;0.0;11.7;1.0;4;8;MON;0;20;False;False;False;55000;36.9;11.59;0.75;OCT;10;ELDORADO;23;NAVIOCARGAGERAL;CGNC;5571;D2030_215_newpanamax
23.0;225.0;0.0;13.25;1.0;2;5;MON;0;20;False;False;False;70000;53.25;6.28;0.75;OCT;10;ELEVACOES;24;PANAMAX;GSA - E;5572;D2030_215_newpanamax
23.0;185.0;8.75;0.0;2.0;2;6;MON;0;20;False;False;False;45000;75.33;5.14;0.75;OCT;10;HIDROVIAS;27;HANDYMAX;GSM - I;5573;D2030_215_newpanamax
36.0;225.0;0.0;11.7;1.0;6;7;MON;0;20;False;False;False;55000;200.0;8.22;0.75;OCT;10;NST - CGNC;29;NAVIOCARGAGERAL;CGNC;5574;D2030_215_newpanamax
23.0;185.0;8.25;8.25;3.0;0;2;MON;0;20;False;False;False;1000;16.8;3.68;0.75;OCT;10;SANTOSBR;31;FULLYCELLULAR;CGC;5575;D2030_215_newpanamax
23.0;185.0;8.25;8.25;3.0;1;2;MON;0;20;False;False;False;1000;16.8;2.48;0.75;OCT;10;SANTOSBR;31;FULLYCELLULAR;CGC;5576;D2030_215_newpanamax
23.0;275.0;9.25;9.25;3.0;2;4;MON;0;20;False;False;False;3000;15.61;1.13;0.75;OCT;10;SANTOSBR;31;PANAMAX;CGC;5577;D2030_215_newpanamax
23.0;295.0;9.25;9.25;3.0;0;2;MON;0;20;False;False;False;4000;21.3;2.73;0.75;OCT;10;SANTOSBR;31;POST-PANAMAXI;CGC;5578;D2030_215_newpanamax
23.0;295.0;9.75;9.75;3.0;1;2;MON;0;20;False;False;False;4000;21.3;1.97;0.75;OCT;10;SANTOSBR;31;POST-PANAMAXI;CGC;5579;D2030_215_newpanamax
43.0;339.0;14.0;14.0;3.0;2;4;MON;0;20;False;False;False;6000;25.92;3.4;0.75;OCT;10;SANTOSBR;31;POST-PANAMAXII;CGC;5580;D2030_215_newpanamax
23.0;155.0;0.0;7.25;1.0;1;6;MON;0;20;False;False;False;18000;29.82;8.31;0.75;OCT;10;STOLTHAVEN;32;GPGENERALPURPOSE;GL;5581;D2030_215_newpanamax
23.0;175.0;9.25;0.0;2.0;0;0;MON;0;20;False;False;False;35000;50.86;4.56;0.75;OCT;10;TERMAG;35;HANDYSIZE;GSM - I;5582;D2030_215_newpanamax
23.0;195.0;8.25;8.25;3.0;2;8;MON;0;20;False;False;True;1500;20.97;1.7;0.75;OCT;10;TEV;37;CARGARO-RO;RORO;5583;D2030_215_newpanamax
23.0;185.0;0.0;8.25;1.0;2;5;MON;0;20;False;False;False;35000;29.94;0.74;0.75;OCT;10;TRANSPETRO;43;MRMEDIUMRANGE;GL;5584;D2030_215_newpanamax
23.0;285.0;0.0;10.25;1.0;8;0;MON;0;20;True;False;False;76500;53.08;0.0;0.75;OCT;10;TRSP;44;LNGCARRIER;GL;5585;D2030_215_newpanamax
23.0;215.0;0.0;12.25;1.0;1;6;MON;0;20;False;False;False;70000;55.1;0.0;0.75;OCT;10;XXXIX;48;PANAMAX;GSA - E;5586;D2030_215_newpanamax
23.0;225.0;0.0;12.75;1.0;5;8;TUE;1;21;False;False;False;70000;51.12;8.1;0.75;OCT;10;ADM;9;PANAMAX;GSA - E;5587;D2030_215_newpanamax
23.0;155.0;0.0;8.25;1.0;7;18;TUE;1;21;False;False;False;18000;45.88;0.61;0.75;OCT;10;AGEO_TERMINAIS;11;GPGENERALPURPOSE;GL;5588;D2030_215_newpanamax
23.0;305.0;10.75;10.75;3.0;3;8;TUE;1;21;False;False;False;4000;20.66;2.19;0.75;OCT;10;BTP;13;POST-PANAMAXI;CGC;5589;D2030_215_newpanamax
23.0;225.0;0.0;13.25;1.0;9;21;TUE;1;21;False;False;False;70000;68.98;8.93;0.75;OCT;10;COFCO;16;PANAMAX;GSA - E;5590;D2030_215_newpanamax
23.0;185.0;0.0;11.25;1.0;6;18;TUE;1;21;False;False;False;45000;39.48;2.78;0.75;OCT;10;COPESUCAR;17;HANDYMAX;GSA - E;5591;D2030_215_newpanamax
23.0;225.0;0.0;13.75;1.0;6;22;TUE;1;21;False;False;False;70000;58.85;1.49;0.75;OCT;10;COPESUCAR;17;PANAMAX;GSA - E;5592;D2030_215_newpanamax
23.0;195.0;8.25;8.25;3.0;4;8;TUE;1;21;False;False;False;1000;13.38;2.35;0.75;OCT;10;DPW - CGC;21;FULLYCELLULAR;CGC;5593;D2030_215_newpanamax
23.0;325.0;10.75;10.75;3.0;6;15;TUE;1;21;False;False;False;4000;21.93;2.31;0.75;OCT;10;DPW - CGC;21;POST-PANAMAXI;CGC;5594;D2030_215_newpanamax
23.0;185.0;0.0;12.25;1.0;8;19;TUE;1;21;False;False;False;45000;37.2;4.47;0.75;OCT;10;ELEVACOES;24;HANDYMAX;GSA - E;5595;D2030_215_newpanamax
23.0;175.0;0.0;9.75;1.0;8;19;TUE;1;21;False;False;False;35000;27.04;3.2;0.75;OCT;10;ELEVACOES;24;HANDYSIZE;GSA - E;5596;D2030_215_newpanamax
23.0;225.0;0.0;13.75;1.0;8;17;TUE;1;21;False;False;False;70000;53.25;2.04;0.75;OCT;10;ELEVACOES;24;PANAMAX;GSA - E;5597;D2030_215_newpanamax
32.2;205.0;0.0;12.2;1.0;8;17;TUE;1;21;False;False;False;55000;39.16;3.14;0.75;OCT;10;ELEVACOES;24;SUPRAMAX;GSA - E;5598;D2030_215_newpanamax
23.0;235.0;10.25;10.25;3.0;4;10;TUE;1;21;False;False;False;3000;15.61;2.97;0.75;OCT;10;SANTOSBR;31;PANAMAX;CGC;5599;D2030_215_newpanamax
23.0;295.0;10.75;10.75;3.0;4;10;TUE;1;21;False;False;False;4000;21.3;2.01;0.75;OCT;10;SANTOSBR;31;POST-PANAMAXI;CGC;5600;D2030_215_newpanamax
23.0;225.0;0.0;12.75;1.0;5;9;TUE;1;21;False;False;False;70000;111.09;6.21;0.75;OCT;10;TES;36;PANAMAX;GSA - E;5601;D2030_215_newpanamax
23.0;195.0;8.75;8.75;3.0;6;18;TUE;1;21;False;False;True;1500;20.97;1.89;0.75;OCT;10;TEV;37;CARGARO-RO;RORO;5602;D2030_215_newpanamax
23.0;225.0;0.0;13.25;1.0;8;18;TUE;1;21;False;False;False;70000;39.92;1.76;0.75;OCT;10;TGG;38;PANAMAX;GSA - E;5603;D2030_215_newpanamax
23.0;225.0;0.0;12.25;1.0;8;22;TUE;1;21;False;False;False;70000;55.1;0.36;0.75;OCT;10;XXXIX;48;PANAMAX;GSA - E;5604;D2030_215_newpanamax
23.0;225.0;0.0;12.25;1.0;7;18;TUE;1;21;False;False;False;70000;55.1;0.89;0.75;OCT;10;XXXIX;48;PANAMAX;GSA - E;5605;D2030_215_newpanamax
23.0;175.0;8.75;0.0;2.0;11;21;WED;2;22;False;False;False;35000;57.11;5.75;0.75;OCT;10;STS;2;MRMEDIUMRANGE;GL;5606;D2030_215_newpanamax
23.0;225.0;14.25;0.0;2.0;5;22;WED;2;22;False;False;False;70000;111.09;2.0;0.75;OCT;10;RUMO - GSM - I;5;PANAMAX;GSM - I;5607;D2030_215_newpanamax
23.0;175.0;9.75;0.0;2.0;10;25;WED;2;22;False;False;False;35000;64.43;0.22;0.75;OCT;10;AGEO_TERMINAIS;11;MRMEDIUMRANGE;GL;5608;D2030_215_newpanamax
23.0;215.0;9.75;9.75;3.0;10;26;WED;2;22;False;False;False;1000;13.38;1.25;0.75;OCT;10;DPW - CGC;21;FULLYCELLULAR;CGC;5609;D2030_215_newpanamax
23.0;265.0;10.75;10.75;3.0;10;26;WED;2;22;False;False;False;3000;17.86;2.58;0.75;OCT;10;DPW - CGC;21;PANAMAX;CGC;5610;D2030_215_newpanamax
23.0;325.0;11.75;11.75;3.0;10;26;WED;2;22;False;False;False;4000;21.93;3.28;0.75;OCT;10;DPW - CGC;21;POST-PANAMAXI;CGC;5611;D2030_215_newpanamax
23.0;185.0;9.75;9.75;3.0;10;26;WED;2;22;False;False;False;1000;16.8;1.33;0.75;OCT;10;SANTOSBR;31;FULLYCELLULAR;CGC;5612;D2030_215_newpanamax
23.0;295.0;11.75;11.75;3.0;7;19;WED;2;22;False;False;False;4000;21.3;1.36;0.75;OCT;10;SANTOSBR;31;POST-PANAMAXI;CGC;5613;D2030_215_newpanamax
43.0;339.0;14.0;14.0;3.0;7;19;WED;2;22;False;False;False;6000;25.92;1.9;0.75;OCT;10;SANTOSBR;31;POST-PANAMAXII;CGC;5614;D2030_215_newpanamax
23.0;225.0;0.0;12.75;1.0;8;17;WED;2;22;False;False;False;70000;111.09;1.37;0.75;OCT;10;TES;36;PANAMAX;GSA - E;5615;D2030_215_newpanamax
23.0;195.0;8.75;8.75;3.0;9;27;WED;2;22;False;False;True;1500;20.97;2.25;0.75;OCT;10;TEV;37;CARGARO-RO;RORO;5616;D2030_215_newpanamax
23.0;225.0;0.0;13.25;1.0;8;24;WED;2;22;False;False;False;70000;62.19;4.56;0.75;OCT;10;TIPLAM - GSA - E;41;PANAMAX;GSA - E;5617;D2030_215_newpanamax
23.0;185.0;9.25;0.0;2.0;8;20;WED;2;22;False;False;False;35000;62.88;0.0;0.75;OCT;10;VOPAK;47;MRMEDIUMRANGE;GL;5618;D2030_215_newpanamax
23.0;225.0;0.0;13.25;1.0;12;26;THU;3;23;False;False;False;70000;51.12;3.2;0.75;OCT;10;RUMO - GSA - E;4;PANAMAX;GSA - E;5619;D2030_215_newpanamax
23.0;305.0;12.25;12.25;3.0;9;25;THU;3;23;False;False;False;4000;20.66;1.93;0.75;OCT;10;BTP;13;POST-PANAMAXI;CGC;5620;D2030_215_newpanamax
23.0;205.0;0.0;10.25;1.0;9;27;THU;3;23;False;False;False;35000;77.19;0.04;0.75;OCT;10;CITROSUCO;15;MRMEDIUMRANGE;GL;5621;D2030_215_newpanamax
23.0;225.0;0.0;13.75;1.0;13;39;THU;3;23;False;False;False;70000;58.85;1.77;0.75;OCT;10;COPESUCAR;17;PANAMAX;GSA - E;5622;D2030_215_newpanamax
23.0;185.0;10.25;10.25;3.0;11;31;THU;3;23;False;False;False;1000;13.38;3.54;0.75;OCT;10;DPW - CGC;21;FULLYCELLULAR;CGC;5623;D2030_215_newpanamax
23.0;305.0;12.25;12.25;3.0;11;31;THU;3;23;False;False;False;4000;21.93;1.12;0.75;OCT;10;DPW - CGC;21;POST-PANAMAXI;CGC;5624;D2030_215_newpanamax
36.0;225.0;0.0;11.7;1.0;11;28;THU;3;23;False;False;False;55000;36.9;0.47;0.75;OCT;10;ELDORADO;23;NAVIOCARGAGERAL;CGNC;5625;D2030_215_newpanamax
23.0;265.0;11.25;11.25;3.0;12;34;THU;3;23;False;False;False;3000;15.61;1.89;0.75;OCT;10;SANTOSBR;31;PANAMAX;CGC;5626;D2030_215_newpanamax
23.0;225.0;0.0;13.25;1.0;9;29;THU;3;23;False;False;False;70000;88.35;5.44;0.75;OCT;10;TEAG;33;PANAMAX;GSA - E;5627;D2030_215_newpanamax
23.0;225.0;0.0;13.25;1.0;11;31;THU;3;23;False;False;False;70000;39.92;1.91;0.75;OCT;10;TGG;38;PANAMAX;GSA - E;5628;D2030_215_newpanamax
23.0;225.0;0.0;13.25;1.0;10;27;THU;3;23;False;False;False;70000;62.19;17.32;0.75;OCT;10;TIPLAM - GSA - E;41;PANAMAX;GSA - E;5629;D2030_215_newpanamax
23.0;175.0;0.0;9.75;1.0;13;33;THU;3;23;False;False;False;35000;29.94;1.58;0.75;OCT;10;TRANSPETRO;43;MRMEDIUMRANGE;GL;5630;D2030_215_newpanamax
23.0;285.0;0.0;11.75;1.0;10;28;THU;3;23;True;False;False;76500;53.08;0.0;0.75;OCT;10;TRSP;44;LNGCARRIER;GL;5631;D2030_215_newpanamax
23.0;225.0;0.0;12.75;1.0;13;35;THU;3;23;False;False;False;70000;55.1;2.26;0.75;OCT;10;XXXIX;48;PANAMAX;GSA - E;5632;D2030_215_newpanamax
23.0;225.0;0.0;13.25;1.0;14;35;FRI;4;24;False;False;False;70000;51.12;5.71;0.75;OCT;10;RUMO - GSA - E;4;PANAMAX;GSA - E;5633;D2030_215_newpanamax
23.0;185.0;9.75;9.75;3.0;14;41;FRI;4;24;False;False;False;1000;13.85;2.85;0.75;OCT;10;BTP;13;FULLYCELLULAR;CGC;5634;D2030_215_newpanamax
23.0;295.0;13.25;13.25;3.0;12;37;FRI;4;24;False;False;False;4000;20.66;1.27;0.75;OCT;10;BTP;13;POST-PANAMAXI;CGC;5635;D2030_215_newpanamax
43.0;339.0;14.0;14.0;3.0;12;37;FRI;4;24;False;False;False;6000;23.63;3.53;0.75;OCT;10;BTP;13;POST-PANAMAXII;CGC;5636;D2030_215_newpanamax
23.0;225.0;0.0;13.75;1.0;15;42;FRI;4;24;False;False;False;70000;68.98;3.99;0.75;OCT;10;COFCO;16;PANAMAX;GSA - E;5637;D2030_215_newpanamax
23.0;195.0;0.0;13.25;1.0;16;53;FRI;4;24;False;False;False;45000;39.48;3.09;0.75;OCT;10;COPESUCAR;17;HANDYMAX;GSA - E;5638;D2030_215_newpanamax
23.0;195.0;0.0;12.75;1.0;14;44;FRI;4;24;False;False;False;45000;39.48;3.19;0.75;OCT;10;COPESUCAR;17;HANDYMAX;GSA - E;5639;D2030_215_newpanamax
23.0;205.0;10.75;10.75;3.0;17;45;FRI;4;24;False;False;False;1000;13.38;1.81;0.75;OCT;10;DPW - CGC;21;FULLYCELLULAR;CGC;5640;D2030_215_newpanamax
23.0;265.0;11.75;11.75;3.0;17;45;FRI;4;24;False;False;False;3000;17.86;1.52;0.75;OCT;10;DPW - CGC;21;PANAMAX;CGC;5641;D2030_215_newpanamax
23.0;255.0;11.75;11.75;3.0;15;40;FRI;4;24;False;False;False;3000;17.86;1.23;0.75;OCT;10;DPW - CGC;21;PANAMAX;CGC;5642;D2030_215_newpanamax
23.0;275.0;11.25;11.25;3.0;13;36;FRI;4;24;False;False;False;3000;17.86;1.87;0.75;OCT;10;DPW - CGC;21;PANAMAX;CGC;5643;D2030_215_newpanamax
43.0;339.0;14.0;14.0;3.0;13;36;FRI;4;24;False;False;False;6000;27.82;2.28;0.75;OCT;10;DPW - CGC;21;POST-PANAMAXII;CGC;5644;D2030_215_newpanamax
23.0;235.0;0.0;13.75;1.0;15;41;FRI;4;24;False;False;False;70000;53.25;4.52;0.75;OCT;10;ELEVACOES;24;PANAMAX;GSA - E;5645;D2030_215_newpanamax
23.0;215.0;10.75;10.75;3.0;17;46;FRI;4;24;False;False;False;1000;16.8;2.15;0.75;OCT;10;SANTOSBR;31;FULLYCELLULAR;CGC;5646;D2030_215_newpanamax
23.0;225.0;0.0;13.25;1.0;13;32;FRI;4;24;False;False;False;70000;78.07;3.66;0.75;OCT;10;TEG;34;PANAMAX;GSA - E;5647;D2030_215_newpanamax
23.0;225.0;0.0;13.25;1.0;12;30;FRI;4;24;False;False;False;70000;111.09;2.44;0.75;OCT;10;TES;36;PANAMAX;GSA - E;5648;D2030_215_newpanamax
23.0;235.0;8.75;8.75;3.0;12;38;FRI;4;24;False;False;True;5000;19.52;1.56;0.75;OCT;10;TEV;37;LARGEPCTC;RORO;5649;D2030_215_newpanamax
23.0;225.0;0.0;13.25;1.0;12;36;FRI;4;24;False;False;False;70000;39.92;6.37;0.75;OCT;10;TGG;38;PANAMAX;GSA - E;5650;D2030_215_newpanamax
23.0;175.0;0.0;10.25;1.0;17;45;FRI;4;24;False;False;False;35000;29.94;0.33;0.75;OCT;10;TRANSPETRO;43;MRMEDIUMRANGE;GL;5651;D2030_215_newpanamax
23.0;155.0;9.25;0.0;2.0;15;38;FRI;4;24;False;False;False;18000;42.57;9.73;0.75;OCT;10;ULTRACARGO;45;GPGENERALPURPOSE;GL;5652;D2030_215_newpanamax
36.0;225.0;0.0;13.0;1.0;14;42;SAT;5;25;False;False;False;55000;99.0;38.28;0.75;OCT;10;ARAUCO;1;NAVIOCARGAGERAL;CGNC;5653;D2030_215_newpanamax
23.0;155.0;9.75;0.0;2.0;16;47;SAT;5;25;False;False;False;18000;45.88;0.68;0.75;OCT;10;AGEO_TERMINAIS;11;GPGENERALPURPOSE;GL;5654;D2030_215_newpanamax
23.0;275.0;13.75;13.75;3.0;19;52;SAT;5;25;False;False;False;3000;14.7;3.18;0.75;OCT;10;BTP;13;PANAMAX;CGC;5655;D2030_215_newpanamax
23.0;295.0;14.25;14.25;3.0;19;52;SAT;5;25;False;False;False;4000;20.66;2.82;0.75;OCT;10;BTP;13;POST-PANAMAXI;CGC;5656;D2030_215_newpanamax
23.0;295.0;14.25;14.25;3.0;20;54;SAT;5;25;False;False;False;4000;20.66;2.14;0.75;OCT;10;BTP;13;POST-PANAMAXI;CGC;5657;D2030_215_newpanamax
43.0;339.0;14.0;14.0;3.0;19;52;SAT;5;25;False;False;False;6000;23.63;0.98;0.75;OCT;10;BTP;13;POST-PANAMAXII;CGC;5658;D2030_215_newpanamax
23.0;205.0;0.0;10.75;1.0;13;43;SAT;5;25;False;False;False;35000;77.19;0.33;0.75;OCT;10;CITROSUCO;15;MRMEDIUMRANGE;GL;5659;D2030_215_newpanamax
23.0;225.0;0.0;14.25;1.0;18;52;SAT;5;25;False;False;False;70000;68.98;11.34;0.75;OCT;10;COFCO;16;PANAMAX;GSA - E;5660;D2030_215_newpanamax
23.0;185.0;9.75;0.0;2.0;19;52;SAT;5;25;False;False;False;35000;31.91;1.59;0.75;OCT;10;DOW;20;MRMEDIUMRANGE;GL;5661;D2030_215_newpanamax
23.0;215.0;10.75;10.75;3.0;17;46;SAT;5;25;False;False;False;1000;13.38;3.9;0.75;OCT;10;DPW - CGC;21;FULLYCELLULAR;CGC;5662;D2030_215_newpanamax
23.0;255.0;12.25;12.25;3.0;17;46;SAT;5;25;False;False;False;3000;17.86;2.62;0.75;OCT;10;DPW - CGC;21;PANAMAX;CGC;5663;D2030_215_newpanamax
23.0;295.0;13.75;13.75;3.0;17;46;SAT;5;25;False;False;False;4000;21.93;1.8;0.75;OCT;10;DPW - CGC;21;POST-PANAMAXI;CGC;5664;D2030_215_newpanamax
43.0;339.0;14.0;14.0;3.0;17;46;SAT;5;25;False;False;False;6000;27.82;3.16;0.75;OCT;10;DPW - CGC;21;POST-PANAMAXII;CGC;5665;D2030_215_newpanamax
32.2;205.0;0.0;12.2;1.0;16;49;SAT;5;25;False;False;False;55000;39.16;6.04;0.75;OCT;10;ELEVACOES;24;SUPRAMAX;GSA - E;5666;D2030_215_newpanamax
23.0;195.0;11.75;0.0;2.0;18;49;SAT;5;25;False;False;False;45000;75.33;2.41;0.75;OCT;10;HIDROVIAS;27;HANDYMAX;GSM - I;5667;D2030_215_newpanamax
23.0;215.0;10.75;10.75;3.0;18;48;SAT;5;25;False;False;False;1000;16.8;5.64;0.75;OCT;10;SANTOSBR;31;FULLYCELLULAR;CGC;5668;D2030_215_newpanamax
23.0;265.0;12.25;12.25;3.0;17;47;SAT;5;25;False;False;False;3000;15.61;3.53;0.75;OCT;10;SANTOSBR;31;PANAMAX;CGC;5669;D2030_215_newpanamax
23.0;225.0;0.0;13.25;1.0;15;43;SAT;5;25;False;False;False;70000;88.35;1.6;0.75;OCT;10;TEAG;33;PANAMAX;GSA - E;5670;D2030_215_newpanamax
23.0;225.0;0.0;13.25;1.0;15;48;SAT;5;25;False;False;False;70000;111.09;7.54;0.75;OCT;10;TES;36;PANAMAX;GSA - E;5671;D2030_215_newpanamax
23.0;165.0;9.75;0.0;2.0;12;45;SAT;5;25;False;False;False;18000;18.55;3.28;0.75;OCT;10;TIPLAM - GL;40;GPGENERALPURPOSE;GL;5672;D2030_215_newpanamax
23.0;165.0;9.75;0.0;2.0;18;51;SAT;5;25;False;False;False;18000;41.58;0.0;0.75;OCT;10;VOPAK;47;GPGENERALPURPOSE;GL;5673;D2030_215_newpanamax
36.0;225.0;0.0;13.0;1.0;21;28;SUN;6;26;False;False;False;55000;99.0;0.05;0.75;OCT;10;ARAUCO;1;NAVIOCARGAGERAL;CGNC;5674;D2030_215_newpanamax
23.0;275.0;13.7;13.7;3.0;23;29;SUN;6;26;False;False;False;3000;15.61;4.2;0.75;OCT;10;TECON10;3;PANAMAX;CGC;5675;D2030_215_newpanamax
23.0;185.0;11.75;0.0;2.0;22;58;SUN;6;26;False;False;False;35000;64.43;0.22;0.75;OCT;10;AGEO_TERMINAIS;11;MRMEDIUMRANGE;GL;5676;D2030_215_newpanamax
23.0;215.0;10.25;10.25;3.0;20;56;SUN;6;26;False;False;False;1000;13.85;3.17;0.75;OCT;10;BTP;13;FULLYCELLULAR;CGC;5677;D2030_215_newpanamax
23.0;295.0;14.25;14.25;3.0;22;58;SUN;6;26;False;False;False;4000;20.66;1.7;0.75;OCT;10;BTP;13;POST-PANAMAXI;CGC;5678;D2030_215_newpanamax
23.0;195.0;0.0;13.75;1.0;23;24;SUN;6;26;False;False;False;45000;39.48;2.07;0.75;OCT;10;COPESUCAR;17;HANDYMAX;GSA - E;5679;D2030_215_newpanamax
23.0;225.0;0.0;13.75;1.0;22;33;SUN;6;26;False;False;False;70000;58.85;2.09;0.75;OCT;10;COPESUCAR;17;PANAMAX;GSA - E;5680;D2030_215_newpanamax
23.0;285.0;12.75;12.75;3.0;21;56;SUN;6;26;False;False;False;3000;17.86;0.96;0.75;OCT;10;DPW - CGC;21;PANAMAX;CGC;5681;D2030_215_newpanamax
36.0;225.0;0.0;11.7;1.0;22;56;SUN;6;26;False;False;False;55000;36.9;0.02;0.75;OCT;10;ELDORADO;23;NAVIOCARGAGERAL;CGNC;5682;D2030_215_newpanamax
23.0;175.0;10.75;0.0;2.0;22;57;SUN;6;26;False;False;False;35000;59.83;2.65;0.75;OCT;10;HIDROVIAS;27;HANDYSIZE;GSM - I;5683;D2030_215_newpanamax
23.0;135.0;7.25;7.25;3.0;21;57;SUN;6;26;False;False;False;500;7.08;2.6;0.75;OCT;10;SANTOSBR;31;FEEDER/EARLY;CGC;5684;D2030_215_newpanamax
23.0;205.0;11.75;11.75;3.0;21;57;SUN;6;26;False;False;False;1000;16.8;2.92;0.75;OCT;10;SANTOSBR;31;FULLYCELLULAR;CGC;5685;D2030_215_newpanamax
23.0;255.0;13.25;13.25;3.0;21;57;SUN;6;26;False;False;False;3000;15.61;1.66;0.75;OCT;10;SANTOSBR;31;PANAMAX;CGC;5686;D2030_215_newpanamax
23.0;275.0;13.75;13.75;3.0;23;29;SUN;6;26;False;False;False;3000;15.61;3.03;0.75;OCT;10;SANTOSBR;31;PANAMAX;CGC;5687;D2030_215_newpanamax
23.0;295.0;13.75;13.75;3.0;21;55;SUN;6;26;False;False;False;4000;21.3;3.98;0.75;OCT;10;SANTOSBR;31;POST-PANAMAXI;CGC;5688;D2030_215_newpanamax
43.0;339.0;14.0;14.0;3.0;21;57;SUN;6;26;False;False;False;6000;25.92;2.21;0.75;OCT;10;SANTOSBR;31;POST-PANAMAXII;CGC;5689;D2030_215_newpanamax
23.0;225.0;0.0;13.25;1.0;18;54;SUN;6;26;False;False;False;70000;88.35;0.89;0.75;OCT;10;TEAG;33;PANAMAX;GSA - E;5690;D2030_215_newpanamax
23.0;195.0;9.75;9.75;3.0;20;58;SUN;6;26;False;False;True;1500;20.97;2.59;0.75;OCT;10;TEV;37;CARGARO-RO;RORO;5691;D2030_215_newpanamax
23.0;225.0;0.0;14.25;1.0;23;27;SUN;6;26;False;False;False;70000;39.92;2.0;0.75;OCT;10;TGG;38;PANAMAX;GSA - E;5692;D2030_215_newpanamax
23.0;225.0;0.0;14.25;1.0;23;49;SUN;6;26;False;False;False;70000;61.75;0.69;0.75;OCT;10;TGRAO;39;PANAMAX;GSA - E;5693;D2030_215_newpanamax
23.0;225.0;0.0;14.1;1.0;23;46;SUN;6;26;False;False;False;70000;62.19;3.0;0.75;OCT;10;TIPLAM - GSA - E;41;PANAMAX;GSA - E;5694;D2030_215_newpanamax
23.0;175.0;10.25;0.0;2.0;21;59;SUN;6;26;False;False;False;35000;72.19;8.76;0.75;OCT;10;TIPLAM - GSM - I;42;HANDYSIZE;GSM - I;5695;D2030_215_newpanamax
23.0;225.0;13.75;0.0;2.0;21;58;SUN;6;26;False;False;False;70000;104.45;3.52;0.75;OCT;10;TIPLAM - GSM - I;42;PANAMAX;GSM - I;5696;D2030_215_newpanamax
23.0;295.0;0.0;11.75;1.0;12;59;SUN;6;26;True;False;False;76500;53.08;0.0;0.75;OCT;10;TRSP;44;LNGCARRIER;GL;5697;D2030_215_newpanamax
38.0;333.33;8.6;8.6;3.0;6;30;0;6;26;False;True;False;0;11.25;0.0;0.75;0;10;Concais;6;PASSAGEIROS;PASSAGEIROS;5698;D2030_215_newpanamax
36.0;225.0;0.0;13.0;1.0;0;1;MON;0;27;False;False;False;55000;99.0;1.87;0.75;OCT;10;ARAUCO;1;NAVIOCARGAGERAL;CGNC;5699;D2030_215_newpanamax
23.0;265.0;9.75;9.75;3.0;3;8;MON;0;27;False;False;False;3000;15.61;1.58;0.75;OCT;10;TECON10;3;PANAMAX;CGC;5700;D2030_215_newpanamax
23.0;185.0;0.0;8.25;1.0;3;6;MON;0;27;False;False;False;35000;64.43;0.97;0.75;OCT;10;AGEO_TERMINAIS;11;MRMEDIUMRANGE;GL;5701;D2030_215_newpanamax
23.0;215.0;8.75;8.75;3.0;2;6;MON;0;27;False;False;False;1000;13.85;3.65;0.75;OCT;10;BTP;13;FULLYCELLULAR;CGC;5702;D2030_215_newpanamax
23.0;305.0;9.75;9.75;3.0;1;3;MON;0;27;False;False;False;4000;20.66;4.61;0.75;OCT;10;BTP;13;POST-PANAMAXI;CGC;5703;D2030_215_newpanamax
43.0;339.0;14.0;14.0;3.0;2;6;MON;0;27;False;False;False;6000;23.63;2.62;0.75;OCT;10;BTP;13;POST-PANAMAXII;CGC;5704;D2030_215_newpanamax
23.0;225.0;0.0;9.25;1.0;2;4;MON;0;27;False;False;False;70000;68.98;5.45;0.75;OCT;10;COFCO;16;PANAMAX;GSA - E;5705;D2030_215_newpanamax
23.0;225.0;0.0;10.75;1.0;4;8;MON;0;27;False;False;False;70000;68.98;21.37;0.75;OCT;10;COFCO;16;PANAMAX;GSA - E;5706;D2030_215_newpanamax
23.0;185.0;0.0;8.25;1.0;1;1;MON;0;27;False;False;False;45000;39.48;2.27;0.75;OCT;10;COPESUCAR;17;HANDYMAX;GSA - E;5707;D2030_215_newpanamax
23.0;225.0;0.0;9.75;1.0;3;8;MON;0;27;False;False;False;70000;54.03;4.1;0.75;OCT;10;CUTRALE - GSA - E;19;PANAMAX;GSA - E;5708;D2030_215_newpanamax
43.0;339.0;14.0;14.0;3.0;1;3;MON;0;27;False;False;False;6000;27.82;2.3;0.75;OCT;10;DPW - CGC;21;POST-PANAMAXII;CGC;5709;D2030_215_newpanamax
23.0;185.0;0.0;9.75;1.0;0;2;MON;0;27;False;False;False;45000;37.2;1.53;0.75;OCT;10;ELEVACOES;24;HANDYMAX;GSA - E;5710;D2030_215_newpanamax
23.0;225.0;0.0;13.25;1.0;0;3;MON;0;27;False;False;False;70000;53.25;1.47;0.75;OCT;10;ELEVACOES;24;PANAMAX;GSA - E;5711;D2030_215_newpanamax
23.0;185.0;9.25;0.0;2.0;3;12;MON;0;27;False;False;False;45000;75.33;14.7;0.75;OCT;10;HIDROVIAS;27;HANDYMAX;GSM - I;5712;D2030_215_newpanamax
23.0;175.0;0.0;9.25;1.0;6;21;MON;0;27;False;False;False;35000;137.91;0.02;0.75;OCT;10;NST - GL;30;MRMEDIUMRANGE;GL;5713;D2030_215_newpanamax
23.0;215.0;8.75;8.75;3.0;3;8;MON;0;27;False;False;False;1000;16.8;1.27;0.75;OCT;10;SANTOSBR;31;FULLYCELLULAR;CGC;5714;D2030_215_newpanamax
23.0;185.0;8.25;8.25;3.0;0;1;MON;0;27;False;False;False;1000;16.8;3.24;0.75;OCT;10;SANTOSBR;31;FULLYCELLULAR;CGC;5715;D2030_215_newpanamax
23.0;265.0;9.25;9.25;3.0;2;4;MON;0;27;False;False;False;3000;15.61;3.33;0.75;OCT;10;SANTOSBR;31;PANAMAX;CGC;5716;D2030_215_newpanamax
23.0;295.0;10.75;10.75;3.0;3;8;MON;0;27;False;False;False;4000;21.3;4.99;0.75;OCT;10;SANTOSBR;31;POST-PANAMAXI;CGC;5717;D2030_215_newpanamax
23.0;295.0;9.25;9.25;3.0;0;1;MON;0;27;False;False;False;4000;21.3;3.26;0.75;OCT;10;SANTOSBR;31;POST-PANAMAXI;CGC;5718;D2030_215_newpanamax
43.0;339.0;14.0;14.0;3.0;2;4;MON;0;27;False;False;False;6000;25.92;1.92;0.75;OCT;10;SANTOSBR;31;POST-PANAMAXII;CGC;5719;D2030_215_newpanamax
23.0;175.0;0.0;7.25;1.0;1;6;MON;0;27;False;False;False;35000;59.07;1.93;0.75;OCT;10;STOLTHAVEN;32;MRMEDIUMRANGE;GL;5720;D2030_215_newpanamax
23.0;225.0;9.75;0.0;2.0;0;0;MON;0;27;False;False;False;70000;111.09;6.64;0.75;OCT;10;TERMAG;35;PANAMAX;GSM - I;5721;D2030_215_newpanamax
23.0;225.0;0.0;12.75;1.0;0;4;MON;0;27;False;False;False;70000;39.92;1.25;0.75;OCT;10;TGG;38;PANAMAX;GSA - E;5722;D2030_215_newpanamax
23.0;185.0;0.0;8.25;1.0;0;3;MON;0;27;False;False;False;35000;29.94;3.34;0.75;OCT;10;TRANSPETRO;43;MRMEDIUMRANGE;GL;5723;D2030_215_newpanamax
23.0;155.0;0.0;7.25;1.0;0;2;MON;0;27;False;False;False;18000;42.57;7.86;0.75;OCT;10;ULTRACARGO;45;GPGENERALPURPOSE;GL;5724;D2030_215_newpanamax
23.0;225.0;0.0;12.75;1.0;5;10;TUE;1;28;False;False;False;70000;51.12;1.45;0.75;OCT;10;ADM;9;PANAMAX;GSA - E;5725;D2030_215_newpanamax
23.0;175.0;0.0;9.25;1.0;7;18;TUE;1;28;False;False;False;35000;64.43;0.48;0.75;OCT;10;AGEO_TERMINAIS;11;MRMEDIUMRANGE;GL;5726;D2030_215_newpanamax
23.0;175.0;0.0;8.75;1.0;7;7;TUE;1;28;False;False;False;35000;77.19;0.24;0.75;OCT;10;CITROSUCO;15;MRMEDIUMRANGE;GL;5727;D2030_215_newpanamax
23.0;225.0;0.0;13.25;1.0;9;20;TUE;1;28;False;False;False;70000;68.98;3.89;0.75;OCT;10;COFCO;16;PANAMAX;GSA - E;5728;D2030_215_newpanamax
23.0;175.0;0.0;9.75;1.0;6;18;TUE;1;28;False;False;False;35000;23.6;2.57;0.75;OCT;10;COPESUCAR;17;HANDYSIZE;GSA - E;5729;D2030_215_newpanamax
23.0;175.0;0.0;9.75;1.0;8;9;TUE;1;28;False;False;False;35000;57.8;1.08;0.75;OCT;10;CUTRALE - GL;18;MRMEDIUMRANGE;GL;5730;D2030_215_newpanamax
23.0;275.0;10.25;10.25;3.0;6;15;TUE;1;28;False;False;False;3000;17.86;1.64;0.75;OCT;10;DPW - CGC;21;PANAMAX;CGC;5731;D2030_215_newpanamax
23.0;295.0;10.75;10.75;3.0;4;8;TUE;1;28;False;False;False;4000;21.93;1.82;0.75;OCT;10;DPW - CGC;21;POST-PANAMAXI;CGC;5732;D2030_215_newpanamax
36.0;225.0;0.0;11.7;1.0;6;17;TUE;1;28;False;False;False;55000;36.9;0.02;0.75;OCT;10;ELDORADO;23;NAVIOCARGAGERAL;CGNC;5733;D2030_215_newpanamax
23.0;225.0;0.0;13.75;1.0;8;19;TUE;1;28;False;False;False;70000;53.25;2.15;0.75;OCT;10;ELEVACOES;24;PANAMAX;GSA - E;5734;D2030_215_newpanamax
23.0;225.0;0.0;13.75;1.0;8;18;TUE;1;28;False;False;False;70000;53.25;1.02;0.75;OCT;10;ELEVACOES;24;PANAMAX;GSA - E;5735;D2030_215_newpanamax
36.0;225.0;0.0;11.7;1.0;10;26;TUE;1;28;False;False;False;55000;200.0;7.75;0.75;OCT;10;NST - CGNC;29;NAVIOCARGAGERAL;CGNC;5736;D2030_215_newpanamax
23.0;255.0;10.25;10.25;3.0;5;12;TUE;1;28;False;False;False;3000;15.61;1.64;0.75;OCT;10;SANTOSBR;31;PANAMAX;CGC;5737;D2030_215_newpanamax
43.0;339.0;14.0;14.0;3.0;4;10;TUE;1;28;False;False;False;6000;25.92;2.54;0.75;OCT;10;SANTOSBR;31;POST-PANAMAXII;CGC;5738;D2030_215_newpanamax
23.0;225.0;0.0;12.75;1.0;4;6;TUE;1;28;False;False;False;70000;111.09;7.72;0.75;OCT;10;TES;36;PANAMAX;GSA - E;5739;D2030_215_newpanamax
23.0;195.0;8.75;8.75;3.0;6;16;TUE;1;28;False;False;True;1500;20.97;2.52;0.75;OCT;10;TEV;37;CARGARO-RO;RORO;5740;D2030_215_newpanamax
23.0;175.0;0.0;7.75;1.0;4;16;TUE;1;28;False;False;False;35000;90.66;4.79;0.75;OCT;10;USIMINAS;46;HANDYSIZE;CGNC;5741;D2030_215_newpanamax
23.0;215.0;0.0;12.25;1.0;4;10;TUE;1;28;False;False;False;70000;55.1;0.15;0.75;OCT;10;XXXIX;48;PANAMAX;GSA - E;5742;D2030_215_newpanamax
19.0;87.9;6.0;5.5;1.0;10;0;0;1;28;False;False;False;0;35.67;0.08;0.75;0;10;TUP - Saipem;8;HANDYSIZE;CGNC;5743;D2030_215_newpanamax
22.0;105.9;6.5;6.9;1.0;10;30;0;1;28;False;False;False;0;5.58;0.12;0.75;0;10;TUP - Saipem;8;HANDYSIZE;CGNC;5744;D2030_215_newpanamax
23.0;225.0;0.0;13.25;1.0;8;19;WED;2;29;False;False;False;70000;51.12;3.86;0.75;OCT;10;RUMO - GSA - E;4;PANAMAX;GSA - E;5745;D2030_215_newpanamax
23.0;155.0;8.25;0.0;2.0;10;25;WED;2;29;False;False;False;18000;45.88;0.42;0.75;OCT;10;AGEO_TERMINAIS;11;GPGENERALPURPOSE;GL;5746;D2030_215_newpanamax
23.0;305.0;11.75;11.75;3.0;6;19;WED;2;29;False;False;False;4000;20.66;2.9;0.75;OCT;10;BTP;13;POST-PANAMAXI;CGC;5747;D2030_215_newpanamax
23.0;225.0;0.0;13.25;1.0;10;24;WED;2;29;False;False;False;70000;68.98;4.56;0.75;OCT;10;COFCO;16;PANAMAX;GSA - E;5748;D2030_215_newpanamax
23.0;275.0;10.75;10.75;3.0;10;26;WED;2;29;False;False;False;3000;17.86;1.09;0.75;OCT;10;DPW - CGC;21;PANAMAX;CGC;5749;D2030_215_newpanamax
43.0;339.0;14.0;14.0;3.0;10;26;WED;2;29;False;False;False;6000;27.82;2.51;0.75;OCT;10;DPW - CGC;21;POST-PANAMAXII;CGC;5750;D2030_215_newpanamax
23.0;275.0;10.25;10.25;3.0;7;19;WED;2;29;False;False;False;3000;15.61;1.48;0.75;OCT;10;SANTOSBR;31;PANAMAX;CGC;5751;D2030_215_newpanamax
23.0;275.0;10.75;10.75;3.0;10;26;WED;2;29;False;False;False;3000;15.61;1.58;0.75;OCT;10;SANTOSBR;31;PANAMAX;CGC;5752;D2030_215_newpanamax
23.0;225.0;0.0;12.25;1.0;7;19;WED;2;29;False;False;False;70000;88.35;4.84;0.75;OCT;10;TEAG;33;PANAMAX;GSA - E;5753;D2030_215_newpanamax
23.0;225.0;0.0;12.75;1.0;9;22;WED;2;29;False;False;False;70000;111.09;5.07;0.75;OCT;10;TES;36;PANAMAX;GSA - E;5754;D2030_215_newpanamax
23.0;225.0;0.0;13.25;1.0;7;20;WED;2;29;False;False;False;70000;62.19;8.49;0.75;OCT;10;TIPLAM - GSA - E;41;PANAMAX;GSA - E;5755;D2030_215_newpanamax
23.0;225.0;0.0;13.25;1.0;8;24;WED;2;29;False;False;False;70000;62.19;2.3;0.75;OCT;10;TIPLAM - GSA - E;41;PANAMAX;GSA - E;5756;D2030_215_newpanamax
23.0;185.0;0.0;9.25;1.0;10;26;WED;2;29;False;False;False;35000;29.94;3.02;0.75;OCT;10;TRANSPETRO;43;MRMEDIUMRANGE;GL;5757;D2030_215_newpanamax
38.0;333.33;8.6;8.6;3.0;6;42;0;2;29;False;True;False;0;10.67;0.0;0.75;0;10;Concais;6;PASSAGEIROS;PASSAGEIROS;5758;D2030_215_newpanamax
23.0;275.0;12.25;12.25;3.0;9;25;THU;3;30;False;False;False;3000;14.7;0.98;0.75;OCT;10;BTP;13;PANAMAX;CGC;5759;D2030_215_newpanamax
23.0;305.0;12.25;12.25;3.0;9;25;THU;3;30;False;False;False;4000;20.66;0.87;0.75;OCT;10;BTP;13;POST-PANAMAXI;CGC;5760;D2030_215_newpanamax
23.0;205.0;0.0;10.25;1.0;9;32;THU;3;30;False;False;False;35000;77.19;0.05;0.75;OCT;10;CITROSUCO;15;MRMEDIUMRANGE;GL;5761;D2030_215_newpanamax
23.0;185.0;0.0;12.75;1.0;13;39;THU;3;30;False;False;False;45000;39.48;1.92;0.75;OCT;10;COPESUCAR;17;HANDYMAX;GSA - E;5762;D2030_215_newpanamax
23.0;185.0;10.25;10.25;3.0;12;35;THU;3;30;False;False;False;1000;13.38;3.74;0.75;OCT;10;DPW - CGC;21;FULLYCELLULAR;CGC;5763;D2030_215_newpanamax
23.0;255.0;11.25;11.25;3.0;12;33;THU;3;30;False;False;False;3000;17.86;2.94;0.75;OCT;10;DPW - CGC;21;PANAMAX;CGC;5764;D2030_215_newpanamax
36.0;225.0;0.0;11.7;1.0;12;33;THU;3;30;False;False;False;55000;36.9;0.28;0.75;OCT;10;ELDORADO;23;NAVIOCARGAGERAL;CGNC;5765;D2030_215_newpanamax
23.0;255.0;11.25;11.25;3.0;12;32;THU;3;30;False;False;False;3000;15.61;2.14;0.75;OCT;10;SANTOSBR;31;PANAMAX;CGC;5766;D2030_215_newpanamax
23.0;225.0;0.0;13.25;1.0;10;25;THU;3;30;False;False;False;70000;78.07;2.72;0.75;OCT;10;TEG;34;PANAMAX;GSA - E;5767;D2030_215_newpanamax
23.0;225.0;0.0;13.25;1.0;10;28;THU;3;30;False;False;False;70000;61.75;2.86;0.75;OCT;10;TGRAO;39;PANAMAX;GSA - E;5768;D2030_215_newpanamax
23.0;225.0;0.0;13.25;1.0;10;29;THU;3;30;False;False;False;70000;62.19;5.88;0.75;OCT;10;TIPLAM - GSA - E;41;PANAMAX;GSA - E;5769;D2030_215_newpanamax
23.0;175.0;0.0;9.75;1.0;13;32;THU;3;30;False;False;False;35000;29.94;7.1;0.75;OCT;10;TRANSPETRO;43;MRMEDIUMRANGE;GL;5770;D2030_215_newpanamax
23.0;185.0;0.0;9.75;1.0;14;36;THU;3;30;False;False;False;35000;29.94;7.72;0.75;OCT;10;TRANSPETRO;43;MRMEDIUMRANGE;GL;5771;D2030_215_newpanamax
23.0;225.0;0.0;12.75;1.0;13;35;THU;3;30;False;False;False;70000;55.1;0.32;0.75;OCT;10;XXXIX;48;PANAMAX;GSA - E;5772;D2030_215_newpanamax
23.0;225.0;0.0;13.25;1.0;13;32;FRI;4;31;False;False;False;70000;51.12;1.39;0.75;OCT;10;RUMO - GSA - E;4;PANAMAX;GSA - E;5773;D2030_215_newpanamax
23.0;225.0;0.0;13.25;1.0;14;35;FRI;4;31;False;False;False;70000;51.12;2.56;0.75;OCT;10;ADM;9;PANAMAX;GSA - E;5774;D2030_215_newpanamax
23.0;295.0;13.75;13.75;3.0;14;41;FRI;4;31;False;False;False;4000;20.66;2.03;0.75;OCT;10;BTP;13;POST-PANAMAXI;CGC;5775;D2030_215_newpanamax
23.0;295.0;13.25;13.25;3.0;12;37;FRI;4;31;False;False;False;4000;20.66;1.94;0.75;OCT;10;BTP;13;POST-PANAMAXI;CGC;5776;D2030_215_newpanamax
23.0;225.0;0.0;13.75;1.0;16;45;FRI;4;31;False;False;False;70000;68.98;4.57;0.75;OCT;10;COFCO;16;PANAMAX;GSA - E;5777;D2030_215_newpanamax
23.0;225.0;0.0;13.75;1.0;14;35;FRI;4;31;False;False;False;70000;68.98;2.41;0.75;OCT;10;COFCO;16;PANAMAX;GSA - E;5778;D2030_215_newpanamax
23.0;225.0;0.0;13.75;1.0;14;44;FRI;4;31;False;False;False;70000;58.85;2.85;0.75;OCT;10;COPESUCAR;17;PANAMAX;GSA - E;5779;D2030_215_newpanamax
23.0;195.0;10.25;10.25;3.0;13;36;FRI;4;31;False;False;False;1000;13.38;1.24;0.75;OCT;10;DPW - CGC;21;FULLYCELLULAR;CGC;5780;D2030_215_newpanamax
23.0;275.0;11.25;11.25;3.0;13;36;FRI;4;31;False;False;False;3000;17.86;3.04;0.75;OCT;10;DPW - CGC;21;PANAMAX;CGC;5781;D2030_215_newpanamax
23.0;255.0;11.75;11.75;3.0;15;42;FRI;4;31;False;False;False;3000;17.86;3.1;0.75;OCT;10;DPW - CGC;21;PANAMAX;CGC;5782;D2030_215_newpanamax
23.0;255.0;11.75;11.75;3.0;15;42;FRI;4;31;False;False;False;3000;17.86;1.54;0.75;OCT;10;DPW - CGC;21;PANAMAX;CGC;5783;D2030_215_newpanamax
23.0;295.0;13.25;13.25;3.0;15;40;FRI;4;31;False;False;False;4000;21.93;2.44;0.75;OCT;10;DPW - CGC;21;POST-PANAMAXI;CGC;5784;D2030_215_newpanamax
23.0;235.0;0.0;13.75;1.0;15;42;FRI;4;31;False;False;False;70000;53.25;3.9;0.75;OCT;10;ELEVACOES;24;PANAMAX;GSA - E;5785;D2030_215_newpanamax
32.2;205.0;0.0;12.2;1.0;15;41;FRI;4;31;False;False;False;55000;39.16;1.65;0.75;OCT;10;ELEVACOES;24;SUPRAMAX;GSA - E;5786;D2030_215_newpanamax
23.0;225.0;0.0;13.25;1.0;13;34;FRI;4;31;False;False;False;70000;88.35;2.82;0.75;OCT;10;TEAG;33;PANAMAX;GSA - E;5787;D2030_215_newpanamax
23.0;225.0;0.0;13.25;1.0;14;35;FRI;4;31;False;False;False;70000;111.09;6.25;0.75;OCT;10;TES;36;PANAMAX;GSA - E;5788;D2030_215_newpanamax
23.0;195.0;9.25;9.25;3.0;13;41;FRI;4;31;False;False;True;1500;20.97;0.5;0.75;OCT;10;TEV;37;CARGARO-RO;RORO;5789;D2030_215_newpanamax
23.0;225.0;0.0;13.75;1.0;14;42;FRI;4;31;False;False;False;70000;39.92;3.57;0.75;OCT;10;TGG;38;PANAMAX;GSA - E;5790;D2030_215_newpanamax
23.0;155.0;0.0;8.25;1.0;17;45;FRI;4;31;False;False;False;18000;28.37;5.74;0.75;OCT;10;TRANSPETRO;43;GPGENERALPURPOSE;GL;5791;D2030_215_newpanamax
23.0;185.0;0.0;9.75;1.0;15;37;FRI;4;31;False;False;False;35000;29.94;4.69;0.75;OCT;10;TRANSPETRO;43;MRMEDIUMRANGE;GL;5792;D2030_215_newpanamax
23.0;225.0;0.0;12.75;1.0;14;39;FRI;4;31;False;False;False;70000;55.1;0.09;0.75;OCT;10;XXXIX;48;PANAMAX;GSA - E;5793;D2030_215_newpanamax
23.0;225.0;0.0;13.25;1.0;19;46;SAT;5;1;False;False;False;70000;51.12;2.89;0.75;NOV;11;ADM;9;PANAMAX;GSA - E;5794;D2030_215_newpanamax
23.0;245.0;13.75;13.75;3.0;15;44;SAT;5;1;False;False;False;3000;14.7;3.19;0.75;NOV;11;BTP;13;PANAMAX;CGC;5795;D2030_215_newpanamax
23.0;305.0;13.75;13.75;3.0;17;47;SAT;5;1;False;False;False;4000;20.66;2.2;0.75;NOV;11;BTP;13;POST-PANAMAXI;CGC;5796;D2030_215_newpanamax
23.0;285.0;12.25;12.25;3.0;19;51;SAT;5;1;False;False;False;3000;17.86;1.89;0.75;NOV;11;DPW - CGC;21;PANAMAX;CGC;5797;D2030_215_newpanamax
36.0;225.0;0.0;11.7;1.0;17;44;SAT;5;1;False;False;False;55000;36.9;1.9;0.75;NOV;11;ELDORADO;23;NAVIOCARGAGERAL;CGNC;5798;D2030_215_newpanamax
23.0;225.0;13.25;0.0;2.0;20;52;SAT;5;1;False;False;False;70000;49.28;1.06;0.75;NOV;11;HIDROVIAS;27;PANAMAX;GSM - I;5799;D2030_215_newpanamax
23.0;205.0;11.25;11.25;3.0;19;52;SAT;5;1;False;False;False;1000;16.8;2.07;0.75;NOV;11;SANTOSBR;31;FULLYCELLULAR;CGC;5800;D2030_215_newpanamax
43.0;339.0;14.0;14.0;3.0;19;52;SAT;5;1;False;False;False;6000;25.92;5.85;0.75;NOV;11;SANTOSBR;31;POST-PANAMAXII;CGC;5801;D2030_215_newpanamax
23.0;225.0;0.0;13.25;1.0;14;40;SAT;5;1;False;False;False;70000;111.09;1.61;0.75;NOV;11;TES;36;PANAMAX;GSA - E;5802;D2030_215_newpanamax
23.0;225.0;0.0;13.75;1.0;20;58;SAT;5;1;False;False;False;70000;62.19;3.0;0.75;NOV;11;TIPLAM - GSA - E;41;PANAMAX;GSA - E;5803;D2030_215_newpanamax
38.0;333.33;8.6;8.6;3.0;6;40;0;5;1;False;True;False;0;10.67;0.0;0.75;0;11;Concais;6;PASSAGEIROS;PASSAGEIROS;5804;D2030_215_newpanamax
20.0;92.95;5.6;5.5;1.0;9;55;0;5;1;False;False;False;0;11.17;0.17;0.75;0;11;TUP - Saipem;8;HANDYSIZE;CGNC;5805;D2030_215_newpanamax
36.0;225.0;0.0;13.0;1.0;18;54;SUN;6;2;False;False;False;55000;99.0;2.35;0.75;NOV;11;ARAUCO;1;NAVIOCARGAGERAL;CGNC;5806;D2030_215_newpanamax
23.0;165.0;10.25;0.0;2.0;22;58;SUN;6;2;False;False;False;18000;45.88;0.37;0.75;NOV;11;AGEO_TERMINAIS;11;GPGENERALPURPOSE;GL;5807;D2030_215_newpanamax
23.0;305.0;14.25;14.25;3.0;23;13;SUN;6;2;False;False;False;4000;20.66;3.01;0.75;NOV;11;BTP;13;POST-PANAMAXI;CGC;5808;D2030_215_newpanamax
23.0;225.0;0.0;14.25;1.0;22;35;SUN;6;2;False;False;False;70000;68.98;6.44;0.75;NOV;11;COFCO;16;PANAMAX;GSA - E;5809;D2030_215_newpanamax
23.0;225.0;0.0;14.25;1.0;20;57;SUN;6;2;False;False;False;70000;68.98;2.09;0.75;NOV;11;COFCO;16;PANAMAX;GSA - E;5810;D2030_215_newpanamax
23.0;135.0;8.25;8.25;3.0;23;12;SUN;6;2;False;False;False;500;12.93;1.68;0.75;NOV;11;DPW - CGC;21;FEEDER/EARLY;CGC;5811;D2030_215_newpanamax
23.0;255.0;13.75;13.75;3.0;23;12;SUN;6;2;False;False;False;3000;17.86;2.34;0.75;NOV;11;DPW - CGC;21;PANAMAX;CGC;5812;D2030_215_newpanamax
23.0;265.0;12.75;12.75;3.0;20;54;SUN;6;2;False;False;False;3000;17.86;3.93;0.75;NOV;11;DPW - CGC;21;PANAMAX;CGC;5813;D2030_215_newpanamax
23.0;305.0;14.25;14.25;3.0;23;12;SUN;6;2;False;False;False;4000;21.93;1.59;0.75;NOV;11;DPW - CGC;21;POST-PANAMAXI;CGC;5814;D2030_215_newpanamax
23.0;305.0;14.25;14.25;3.0;22;59;SUN;6;2;False;False;False;4000;21.93;0.69;0.75;NOV;11;DPW - CGC;21;POST-PANAMAXI;CGC;5815;D2030_215_newpanamax
23.0;225.0;0.0;14.2;1.0;21;58;SUN;6;2;False;False;False;70000;53.25;7.25;0.75;NOV;11;ELEVACOES;24;PANAMAX;GSA - E;5816;D2030_215_newpanamax
23.0;185.0;10.25;0.0;2.0;22;10;SUN;6;2;False;False;False;45000;295.08;0.37;0.75;NOV;11;NITA;28;HANDYMAX;GSA - I;5817;D2030_215_newpanamax
23.0;275.0;14.25;14.25;3.0;23;41;SUN;6;2;False;False;False;3000;15.61;1.91;0.75;NOV;11;SANTOSBR;31;PANAMAX;CGC;5818;D2030_215_newpanamax
43.0;339.0;14.0;14.0;3.0;23;41;SUN;6;2;False;False;False;6000;25.92;2.54;0.75;NOV;11;SANTOSBR;31;POST-PANAMAXII;CGC;5819;D2030_215_newpanamax
23.0;225.0;0.0;13.25;1.0;18;53;SUN;6;2;False;False;False;70000;88.35;3.15;0.75;NOV;11;TEAG;33;PANAMAX;GSA - E;5820;D2030_215_newpanamax
23.0;195.0;9.75;9.75;3.0;20;57;SUN;6;2;False;False;True;1500;20.97;6.0;0.75;NOV;11;TEV;37;CARGARO-RO;RORO;5821;D2030_215_newpanamax
23.0;185.0;11.25;0.0;2.0;22;58;SUN;6;2;False;False;False;35000;29.94;3.47;0.75;NOV;11;TRANSPETRO;43;MRMEDIUMRANGE;GL;5822;D2030_215_newpanamax
23.0;295.0;0.0;11.75;1.0;12;58;SUN;6;2;True;False;False;76500;53.08;0.0;0.75;NOV;11;TRSP;44;LNGCARRIER;GL;5823;D2030_215_newpanamax
49.0;215.08;9.8;6.0;1.0;10;10;0;6;2;False;False;False;0;168.17;0.17;0.75;0;11;TUP - Saipem;8;HANDYMAX;CGNC;5824;D2030_215_newpanamax
36.0;225.0;0.0;13.0;1.0;1;5;MON;0;3;False;False;False;55000;99.0;1.63;0.75;NOV;11;ARAUCO;1;NAVIOCARGAGERAL;CGNC;5825;D2030_215_newpanamax
23.0;255.0;9.75;9.75;3.0;3;7;MON;0;3;False;False;False;3000;15.61;1.81;0.75;NOV;11;TECON10;3;PANAMAX;CGC;5826;D2030_215_newpanamax
23.0;175.0;0.0;8.25;1.0;1;4;MON;0;3;False;False;False;35000;64.43;0.52;0.75;NOV;11;AGEO_TERMINAIS;11;MRMEDIUMRANGE;GL;5827;D2030_215_newpanamax
23.0;255.0;10.25;10.25;3.0;1;2;MON;0;3;False;False;False;3000;14.7;3.77;0.75;NOV;11;BTP;13;PANAMAX;CGC;5828;D2030_215_newpanamax
23.0;295.0;9.75;9.75;3.0;0;1;MON;0;3;False;False;False;4000;20.66;2.08;0.75;NOV;11;BTP;13;POST-PANAMAXI;CGC;5829;D2030_215_newpanamax
43.0;339.0;14.0;14.0;3.0;0;1;MON;0;3;False;False;False;6000;23.63;1.83;0.75;NOV;11;BTP;13;POST-PANAMAXII;CGC;5830;D2030_215_newpanamax
23.0;225.0;0.0;7.75;1.0;0;1;MON;0;3;False;False;False;70000;68.98;4.12;0.75;NOV;11;COFCO;16;PANAMAX;GSA - E;5831;D2030_215_newpanamax
23.0;185.0;0.0;11.25;1.0;5;15;MON;0;3;False;False;False;45000;39.48;1.64;0.75;NOV;11;COPESUCAR;17;HANDYMAX;GSA - E;5832;D2030_215_newpanamax
23.0;225.0;0.0;13.25;1.0;4;8;MON;0;3;False;False;False;70000;58.85;3.03;0.75;NOV;11;COPESUCAR;17;PANAMAX;GSA - E;5833;D2030_215_newpanamax
23.0;225.0;0.0;8.75;1.0;1;2;MON;0;3;False;False;False;70000;54.03;1.44;0.75;NOV;11;CUTRALE - GSA - E;19;PANAMAX;GSA - E;5834;D2030_215_newpanamax
23.0;195.0;7.25;7.25;3.0;1;2;MON;0;3;False;False;False;1000;13.38;3.67;0.75;NOV;11;DPW - CGC;21;FULLYCELLULAR;CGC;5835;D2030_215_newpanamax
23.0;265.0;9.25;9.25;3.0;1;3;MON;0;3;False;False;False;3000;17.86;1.43;0.75;NOV;11;DPW - CGC;21;PANAMAX;CGC;5836;D2030_215_newpanamax
23.0;255.0;9.75;9.75;3.0;3;7;MON;0;3;False;False;False;3000;17.86;3.16;0.75;NOV;11;DPW - CGC;21;PANAMAX;CGC;5837;D2030_215_newpanamax
43.0;339.0;14.0;14.0;3.0;0;1;MON;0;3;False;False;False;6000;27.82;1.33;0.75;NOV;11;DPW - CGC;21;POST-PANAMAXII;CGC;5838;D2030_215_newpanamax
23.0;225.0;0.0;13.25;1.0;2;6;MON;0;3;False;False;False;70000;53.25;2.85;0.75;NOV;11;ELEVACOES;24;PANAMAX;GSA - E;5839;D2030_215_newpanamax
32.2;205.0;0.0;12.2;1.0;2;6;MON;0;3;False;False;False;55000;39.16;2.9;0.75;NOV;11;ELEVACOES;24;SUPRAMAX;GSA - E;5840;D2030_215_newpanamax
23.0;175.0;0.0;8.75;1.0;5;9;MON;0;3;False;False;False;35000;137.91;0.81;0.75;NOV;11;NST - GL;30;MRMEDIUMRANGE;GL;5841;D2030_215_newpanamax
23.0;185.0;7.75;7.75;3.0;0;1;MON;0;3;False;False;False;1000;16.8;1.15;0.75;NOV;11;SANTOSBR;31;FULLYCELLULAR;CGC;5842;D2030_215_newpanamax
23.0;255.0;9.25;9.25;3.0;0;2;MON;0;3;False;False;False;3000;15.61;1.0;0.75;NOV;11;SANTOSBR;31;PANAMAX;CGC;5843;D2030_215_newpanamax
23.0;225.0;0.0;9.25;1.0;3;7;MON;0;3;False;False;False;70000;88.35;2.4;0.75;NOV;11;TEAG;33;PANAMAX;GSA - E;5844;D2030_215_newpanamax
23.0;175.0;8.25;8.25;3.0;2;6;MON;0;3;False;False;True;1500;20.97;5.09;0.75;NOV;11;TEV;37;CARGARO-RO;RORO;5845;D2030_215_newpanamax
23.0;225.0;0.0;7.75;1.0;0;1;MON;0;3;False;False;False;70000;62.19;4.65;0.75;NOV;11;TIPLAM - GSA - E;41;PANAMAX;GSA - E;5846;D2030_215_newpanamax
23.0;185.0;0.0;8.25;1.0;1;3;MON;0;3;False;False;False;35000;29.94;1.39;0.75;NOV;11;TRANSPETRO;43;MRMEDIUMRANGE;GL;5847;D2030_215_newpanamax
23.0;225.0;0.0;12.75;1.0;6;11;TUE;1;4;False;False;False;70000;51.12;3.78;0.75;NOV;11;ADM;9;PANAMAX;GSA - E;5848;D2030_215_newpanamax
23.0;185.0;0.0;8.75;1.0;5;12;TUE;1;4;False;False;False;35000;64.43;0.65;0.75;NOV;11;AGEO_TERMINAIS;11;MRMEDIUMRANGE;GL;5849;D2030_215_newpanamax
23.0;175.0;0.0;8.75;1.0;8;12;TUE;1;4;False;False;False;35000;77.19;0.1;0.75;NOV;11;CITROSUCO;15;MRMEDIUMRANGE;GL;5850;D2030_215_newpanamax
23.0;195.0;8.25;8.25;3.0;4;8;TUE;1;4;False;False;False;1000;13.38;0.83;0.75;NOV;11;DPW - CGC;21;FULLYCELLULAR;CGC;5851;D2030_215_newpanamax
23.0;195.0;8.25;8.25;3.0;4;8;TUE;1;4;False;False;False;1000;13.38;1.44;0.75;NOV;11;DPW - CGC;21;FULLYCELLULAR;CGC;5852;D2030_215_newpanamax
23.0;295.0;10.75;10.75;3.0;4;8;TUE;1;4;False;False;False;4000;21.93;2.92;0.75;NOV;11;DPW - CGC;21;POST-PANAMAXI;CGC;5853;D2030_215_newpanamax
36.0;225.0;0.0;13.0;1.0;6;13;TUE;1;4;False;False;False;55000;64.0;3.42;0.75;NOV;11;DPW - CGNC;22;NAVIOCARGAGERAL;CGNC;5854;D2030_215_newpanamax
23.0;185.0;9.25;9.25;3.0;4;10;TUE;1;4;False;False;False;1000;16.8;1.6;0.75;NOV;11;SANTOSBR;31;FULLYCELLULAR;CGC;5855;D2030_215_newpanamax
23.0;185.0;9.25;9.25;3.0;5;15;TUE;1;4;False;False;False;1000;16.8;1.05;0.75;NOV;11;SANTOSBR;31;FULLYCELLULAR;CGC;5856;D2030_215_newpanamax
23.0;275.0;9.75;9.75;3.0;4;10;TUE;1;4;False;False;False;3000;15.61;1.99;0.75;NOV;11;SANTOSBR;31;PANAMAX;CGC;5857;D2030_215_newpanamax
23.0;275.0;9.75;9.75;3.0;4;8;TUE;1;4;False;False;False;3000;15.61;1.19;0.75;NOV;11;SANTOSBR;31;PANAMAX;CGC;5858;D2030_215_newpanamax
23.0;295.0;10.75;10.75;3.0;4;10;TUE;1;4;False;False;False;4000;21.3;2.27;0.75;NOV;11;SANTOSBR;31;POST-PANAMAXI;CGC;5859;D2030_215_newpanamax
23.0;295.0;10.75;10.75;3.0;4;8;TUE;1;4;False;False;False;4000;21.3;3.88;0.75;NOV;11;SANTOSBR;31;POST-PANAMAXI;CGC;5860;D2030_215_newpanamax
43.0;339.0;14.0;14.0;3.0;5;12;TUE;1;4;False;False;False;6000;25.92;2.74;0.75;NOV;11;SANTOSBR;31;POST-PANAMAXII;CGC;5861;D2030_215_newpanamax
23.0;185.0;10.25;0.0;2.0;1;7;TUE;1;4;False;False;False;45000;89.37;13.22;0.75;NOV;11;TERMAG;35;HANDYMAX;GSM - I;5862;D2030_215_newpanamax
23.0;225.0;0.0;12.75;1.0;5;8;TUE;1;4;False;False;False;70000;111.09;5.85;0.75;NOV;11;TES;36;PANAMAX;GSA - E;5863;D2030_215_newpanamax
23.0;225.0;0.0;13.25;1.0;4;8;TUE;1;4;False;False;False;70000;39.92;2.93;0.75;NOV;11;TGG;38;PANAMAX;GSA - E;5864;D2030_215_newpanamax
23.0;225.0;0.0;10.75;1.0;0;7;TUE;1;4;False;False;False;70000;62.19;2.96;0.75;NOV;11;TIPLAM - GSA - E;41;PANAMAX;GSA - E;5865;D2030_215_newpanamax
23.0;185.0;0.0;8.75;1.0;3;9;TUE;1;4;False;False;False;35000;29.94;1.67;0.75;NOV;11;TRANSPETRO;43;MRMEDIUMRANGE;GL;5866;D2030_215_newpanamax
38.0;333.33;8.65;8.6;3.0;6;42;0;1;4;False;True;False;0;10.5;0.0;0.75;0;11;Concais;6;PASSAGEIROS;PASSAGEIROS;5867;D2030_215_newpanamax
23.0;255.0;10.75;10.75;3.0;8;23;WED;2;5;False;False;False;3000;15.61;0.93;0.75;NOV;11;TECON10;3;PANAMAX;CGC;5868;D2030_215_newpanamax
23.0;135.0;7.75;7.75;3.0;8;23;WED;2;5;False;False;False;500;20.71;1.22;0.75;NOV;11;BTP;13;FEEDER/EARLY;CGC;5869;D2030_215_newpanamax
23.0;295.0;12.25;12.25;3.0;6;20;WED;2;5;False;False;False;4000;20.66;2.63;0.75;NOV;11;BTP;13;POST-PANAMAXI;CGC;5870;D2030_215_newpanamax
23.0;295.0;12.25;12.25;3.0;8;23;WED;2;5;False;False;False;4000;20.66;0.95;0.75;NOV;11;BTP;13;POST-PANAMAXI;CGC;5871;D2030_215_newpanamax
43.0;339.0;14.0;14.0;3.0;8;23;WED;2;5;False;False;False;6000;23.63;3.69;0.75;NOV;11;BTP;13;POST-PANAMAXII;CGC;5872;D2030_215_newpanamax
23.0;225.0;0.0;13.25;1.0;10;25;WED;2;5;False;False;False;70000;68.98;5.99;0.75;NOV;11;COFCO;16;PANAMAX;GSA - E;5873;D2030_215_newpanamax
23.0;225.0;0.0;13.75;1.0;9;30;WED;2;5;False;False;False;70000;58.85;3.81;0.75;NOV;11;COPESUCAR;17;PANAMAX;GSA - E;5874;D2030_215_newpanamax
23.0;185.0;9.25;0.0;2.0;12;26;WED;2;5;False;False;False;35000;31.91;6.17;0.75;NOV;11;DOW;20;MRMEDIUMRANGE;GL;5875;D2030_215_newpanamax
23.0;275.0;10.75;10.75;3.0;10;27;WED;2;5;False;False;False;3000;17.86;1.48;0.75;NOV;11;DPW - CGC;21;PANAMAX;CGC;5876;D2030_215_newpanamax
23.0;295.0;12.25;12.25;3.0;10;27;WED;2;5;False;False;False;4000;21.93;1.62;0.75;NOV;11;DPW - CGC;21;POST-PANAMAXI;CGC;5877;D2030_215_newpanamax
36.0;225.0;0.0;11.7;1.0;10;26;WED;2;5;False;False;False;55000;36.9;0.33;0.75;NOV;11;ELDORADO;23;NAVIOCARGAGERAL;CGNC;5878;D2030_215_newpanamax
23.0;225.0;0.0;13.75;1.0;8;22;WED;2;5;False;False;False;70000;53.25;4.38;0.75;NOV;11;ELEVACOES;24;PANAMAX;GSA - E;5879;D2030_215_newpanamax
23.0;205.0;9.25;9.25;3.0;6;19;WED;2;5;False;False;False;1000;16.8;3.97;0.75;NOV;11;SANTOSBR;31;FULLYCELLULAR;CGC;5880;D2030_215_newpanamax
23.0;255.0;10.75;10.75;3.0;9;24;WED;2;5;False;False;False;3000;15.61;2.92;0.75;NOV;11;SANTOSBR;31;PANAMAX;CGC;5881;D2030_215_newpanamax
23.0;295.0;12.25;12.25;3.0;9;24;WED;2;5;False;False;False;4000;21.3;2.37;0.75;NOV;11;SANTOSBR;31;POST-PANAMAXI;CGC;5882;D2030_215_newpanamax
23.0;225.0;0.0;13.25;1.0;7;19;WED;2;5;False;False;False;70000;78.07;1.73;0.75;NOV;11;TEG;34;PANAMAX;GSA - E;5883;D2030_215_newpanamax
23.0;225.0;0.0;12.75;1.0;9;22;WED;2;5;False;False;False;70000;111.09;3.78;0.75;NOV;11;TES;36;PANAMAX;GSA - E;5884;D2030_215_newpanamax
23.0;225.0;0.0;13.25;1.0;9;21;WED;2;5;False;False;False;70000;39.92;1.89;0.75;NOV;11;TGG;38;PANAMAX;GSA - E;5885;D2030_215_newpanamax
23.0;225.0;0.0;12.75;1.0;5;15;WED;2;5;False;False;False;70000;62.19;1.24;0.75;NOV;11;TIPLAM - GSA - E;41;PANAMAX;GSA - E;5886;D2030_215_newpanamax
23.0;175.0;9.75;0.0;2.0;9;25;WED;2;5;False;False;False;35000;72.19;1.77;0.75;NOV;11;TIPLAM - GSM - I;42;HANDYSIZE;GSM - I;5887;D2030_215_newpanamax
23.0;185.0;0.0;9.25;1.0;9;22;WED;2;5;False;False;False;35000;29.94;2.57;0.75;NOV;11;TRANSPETRO;43;MRMEDIUMRANGE;GL;5888;D2030_215_newpanamax
19.0;87.9;5.0;5.55;1.0;15;40;0;2;5;False;False;False;0;69.83;0.25;0.75;0;11;TUP - Saipem;8;HANDYSIZE;CGNC;5889;D2030_215_newpanamax
23.0;255.0;11.25;11.25;3.0;11;29;THU;3;6;False;False;False;3000;15.61;1.76;0.75;NOV;11;TECON10;3;PANAMAX;CGC;5890;D2030_215_newpanamax
23.0;225.0;14.25;0.0;2.0;11;32;THU;3;6;False;False;False;70000;111.09;5.4;0.75;NOV;11;RUMO - GSM - I;5;PANAMAX;GSM - I;5891;D2030_215_newpanamax
23.0;215.0;9.25;9.25;3.0;9;25;THU;3;6;False;False;False;1000;13.85;1.16;0.75;NOV;11;BTP;13;FULLYCELLULAR;CGC;5892;D2030_215_newpanamax
23.0;245.0;12.75;12.75;3.0;9;27;THU;3;6;False;False;False;3000;14.7;1.96;0.75;NOV;11;BTP;13;PANAMAX;CGC;5893;D2030_215_newpanamax
43.0;339.0;14.0;14.0;3.0;9;25;THU;3;6;False;False;False;6000;23.63;1.17;0.75;NOV;11;BTP;13;POST-PANAMAXII;CGC;5894;D2030_215_newpanamax
23.0;195.0;0.0;12.75;1.0;13;41;THU;3;6;False;False;False;45000;39.48;1.99;0.75;NOV;11;COPESUCAR;17;HANDYMAX;GSA - E;5895;D2030_215_newpanamax
23.0;195.0;0.0;11.75;1.0;11;35;THU;3;6;False;False;False;45000;39.48;3.36;0.75;NOV;11;COPESUCAR;17;HANDYMAX;GSA - E;5896;D2030_215_newpanamax
23.0;225.0;0.0;13.75;1.0;13;41;THU;3;6;False;False;False;70000;58.85;1.68;0.75;NOV;11;COPESUCAR;17;PANAMAX;GSA - E;5897;D2030_215_newpanamax
23.0;205.0;0.0;11.75;1.0;13;41;THU;3;6;False;False;False;55000;21.4;2.0;0.75;NOV;11;COPESUCAR;17;SUPRAMAX;GSA - E;5898;D2030_215_newpanamax
23.0;215.0;9.75;9.75;3.0;12;33;THU;3;6;False;False;False;1000;16.8;3.12;0.75;NOV;11;SANTOSBR;31;FULLYCELLULAR;CGC;5899;D2030_215_newpanamax
23.0;265.0;11.25;11.25;3.0;12;33;THU;3;6;False;False;False;3000;15.61;1.33;0.75;NOV;11;SANTOSBR;31;PANAMAX;CGC;5900;D2030_215_newpanamax
23.0;225.0;0.0;13.25;1.0;12;30;THU;3;6;False;False;False;70000;78.07;3.38;0.75;NOV;11;TEG;34;PANAMAX;GSA - E;5901;D2030_215_newpanamax
23.0;185.0;9.25;9.25;3.0;10;32;THU;3;6;False;False;True;1500;20.97;0.59;0.75;NOV;11;TEV;37;CARGARO-RO;RORO;5902;D2030_215_newpanamax
23.0;175.0;9.75;0.0;2.0;12;33;THU;3;6;False;False;False;35000;72.19;2.61;0.75;NOV;11;TIPLAM - GSM - I;42;HANDYSIZE;GSM - I;5903;D2030_215_newpanamax
23.0;175.0;0.0;9.75;1.0;12;30;THU;3;6;False;False;False;35000;29.94;2.5;0.75;NOV;11;TRANSPETRO;43;MRMEDIUMRANGE;GL;5904;D2030_215_newpanamax
23.0;155.0;9.25;0.0;2.0;12;33;THU;3;6;False;False;False;18000;41.58;0.0;0.75;NOV;11;VOPAK;47;GPGENERALPURPOSE;GL;5905;D2030_215_newpanamax
23.0;225.0;0.0;12.75;1.0;13;34;THU;3;6;False;False;False;70000;55.1;0.08;0.75;NOV;11;XXXIX;48;PANAMAX;GSA - E;5906;D2030_215_newpanamax
23.0;265.0;11.75;11.75;3.0;16;42;FRI;4;7;False;False;False;3000;15.61;2.52;0.75;NOV;11;TECON10;3;PANAMAX;CGC;5907;D2030_215_newpanamax
23.0;175.0;10.75;0.0;2.0;16;45;FRI;4;7;False;False;False;35000;64.43;0.92;0.75;NOV;11;AGEO_TERMINAIS;11;MRMEDIUMRANGE;GL;5908;D2030_215_newpanamax
23.0;295.0;13.75;13.75;3.0;13;39;FRI;4;7;False;False;False;4000;20.66;5.58;0.75;NOV;11;BTP;13;POST-PANAMAXI;CGC;5909;D2030_215_newpanamax
23.0;225.0;0.0;13.75;1.0;15;41;FRI;4;7;False;False;False;70000;68.98;3.32;0.75;NOV;11;COFCO;16;PANAMAX;GSA - E;5910;D2030_215_newpanamax
38.0;250.0;0.0;14.6;1.0;15;41;FRI;4;7;False;False;False;85000;100.81;2.82;0.75;NOV;11;COFCO;16;POST-PANAMAX;GSA - E;5911;D2030_215_newpanamax
23.0;205.0;10.25;10.25;3.0;13;37;FRI;4;7;False;False;False;1000;13.38;0.95;0.75;NOV;11;DPW - CGC;21;FULLYCELLULAR;CGC;5912;D2030_215_newpanamax
23.0;185.0;10.75;10.75;3.0;16;43;FRI;4;7;False;False;False;1000;13.38;3.01;0.75;NOV;11;DPW - CGC;21;FULLYCELLULAR;CGC;5913;D2030_215_newpanamax
23.0;265.0;11.75;11.75;3.0;16;43;FRI;4;7;False;False;False;3000;17.86;1.85;0.75;NOV;11;DPW - CGC;21;PANAMAX;CGC;5914;D2030_215_newpanamax
43.0;339.0;14.0;14.0;3.0;13;36;FRI;4;7;False;False;False;6000;27.82;2.06;0.75;NOV;11;DPW - CGC;21;POST-PANAMAXII;CGC;5915;D2030_215_newpanamax
23.0;225.0;0.0;13.75;1.0;13;37;FRI;4;7;False;False;False;70000;53.25;2.89;0.75;NOV;11;ELEVACOES;24;PANAMAX;GSA - E;5916;D2030_215_newpanamax
23.0;275.0;11.75;11.75;3.0;16;43;FRI;4;7;False;False;False;3000;15.61;1.22;0.75;NOV;11;SANTOSBR;31;PANAMAX;CGC;5917;D2030_215_newpanamax
23.0;305.0;12.75;12.75;3.0;16;43;FRI;4;7;False;False;False;4000;21.3;2.34;0.75;NOV;11;SANTOSBR;31;POST-PANAMAXI;CGC;5918;D2030_215_newpanamax
23.0;225.0;0.0;13.25;1.0;14;38;FRI;4;7;False;False;False;70000;111.09;7.59;0.75;NOV;11;TES;36;PANAMAX;GSA - E;5919;D2030_215_newpanamax
23.0;225.0;0.0;13.75;1.0;14;45;FRI;4;7;False;False;False;70000;39.92;2.04;0.75;NOV;11;TGG;38;PANAMAX;GSA - E;5920;D2030_215_newpanamax
23.0;225.0;0.0;13.25;1.0;16;47;FRI;4;7;False;False;False;70000;62.19;4.65;0.75;NOV;11;TIPLAM - GSA - E;41;PANAMAX;GSA - E;5921;D2030_215_newpanamax
23.0;225.0;0.0;13.25;1.0;15;41;FRI;4;7;False;False;False;70000;62.19;2.23;0.75;NOV;11;TIPLAM - GSA - E;41;PANAMAX;GSA - E;5922;D2030_215_newpanamax
23.0;155.0;9.75;0.0;2.0;16;43;FRI;4;7;False;False;False;18000;42.57;18.57;0.75;NOV;11;ULTRACARGO;45;GPGENERALPURPOSE;GL;5923;D2030_215_newpanamax
23.0;185.0;10.25;0.0;2.0;15;39;FRI;4;7;False;False;False;35000;62.88;0.0;0.75;NOV;11;VOPAK;47;MRMEDIUMRANGE;GL;5924;D2030_215_newpanamax
38.0;333.33;8.6;8.6;3.0;6;48;0;4;7;False;True;False;0;10.42;0.0;0.75;0;11;Concais;6;PASSAGEIROS;PASSAGEIROS;5925;D2030_215_newpanamax
36.0;225.0;0.0;13.0;1.0;16;48;SAT;5;8;False;False;False;55000;99.0;1.16;0.75;NOV;11;ARAUCO;1;NAVIOCARGAGERAL;CGNC;5926;D2030_215_newpanamax
23.0;155.0;9.75;0.0;2.0;16;47;SAT;5;8;False;False;False;18000;45.88;0.33;0.75;NOV;11;AGEO_TERMINAIS;11;GPGENERALPURPOSE;GL;5927;D2030_215_newpanamax
23.0;295.0;13.75;13.75;3.0;15;44;SAT;5;8;False;False;False;4000;20.66;5.34;0.75;NOV;11;BTP;13;POST-PANAMAXI;CGC;5928;D2030_215_newpanamax
23.0;175.0;10.25;0.0;2.0;10;45;SAT;5;8;False;False;False;35000;135.86;7.06;0.75;NOV;11;BUNGE;14;HANDYSIZE;GSA - I;5929;D2030_215_newpanamax
23.0;175.0;0.0;10.25;1.0;16;48;SAT;5;8;False;False;False;35000;27.04;2.6;0.75;NOV;11;ELEVACOES;24;HANDYSIZE;GSA - E;5930;D2030_215_newpanamax
23.0;185.0;12.25;0.0;2.0;20;52;SAT;5;8;False;False;False;45000;75.33;2.16;0.75;NOV;11;HIDROVIAS;27;HANDYMAX;GSM - I;5931;D2030_215_newpanamax
23.0;265.0;12.75;12.75;3.0;19;52;SAT;5;8;False;False;False;3000;15.61;1.18;0.75;NOV;11;SANTOSBR;31;PANAMAX;CGC;5932;D2030_215_newpanamax
23.0;295.0;13.25;13.25;3.0;19;52;SAT;5;8;False;False;False;4000;21.3;3.17;0.75;NOV;11;SANTOSBR;31;POST-PANAMAXI;CGC;5933;D2030_215_newpanamax
23.0;225.0;0.0;13.25;1.0;16;54;SAT;5;8;False;False;False;70000;111.09;3.42;0.75;NOV;11;TES;36;PANAMAX;GSA - E;5934;D2030_215_newpanamax
23.0;225.0;0.0;13.25;1.0;17;49;SAT;5;8;False;False;False;70000;62.19;3.41;0.75;NOV;11;TIPLAM - GSA - E;41;PANAMAX;GSA - E;5935;D2030_215_newpanamax
23.0;295.0;0.0;11.75;1.0;11;53;SAT;5;8;True;False;False;76500;53.08;0.0;0.75;NOV;11;TRSP;44;LNGCARRIER;GL;5936;D2030_215_newpanamax
23.0;225.0;0.0;13.75;1.0;22;58;SUN;6;9;False;False;False;70000;51.12;5.61;0.75;NOV;11;RUMO - GSA - E;4;PANAMAX;GSA - E;5937;D2030_215_newpanamax
23.0;185.0;11.75;0.0;2.0;22;58;SUN;6;9;False;False;False;35000;64.43;0.67;0.75;NOV;11;AGEO_TERMINAIS;11;MRMEDIUMRANGE;GL;5938;D2030_215_newpanamax
23.0;215.0;0.0;11.25;1.0;22;46;SUN;6;9;False;False;False;35000;77.19;0.09;0.75;NOV;11;CITROSUCO;15;MRMEDIUMRANGE;GL;5939;D2030_215_newpanamax
23.0;225.0;0.0;14.25;1.0;20;56;SUN;6;9;False;False;False;70000;68.98;2.27;0.75;NOV;11;COFCO;16;PANAMAX;GSA - E;5940;D2030_215_newpanamax
23.0;225.0;0.0;14.25;1.0;22;23;SUN;6;9;False;False;False;70000;68.98;4.8;0.75;NOV;11;COFCO;16;PANAMAX;GSA - E;5941;D2030_215_newpanamax
23.0;205.0;11.75;11.75;3.0;23;12;SUN;6;9;False;False;False;1000;13.38;0.98;0.75;NOV;11;DPW - CGC;21;FULLYCELLULAR;CGC;5942;D2030_215_newpanamax
23.0;215.0;11.25;11.25;3.0;21;57;SUN;6;9;False;False;False;1000;13.38;1.61;0.75;NOV;11;DPW - CGC;21;FULLYCELLULAR;CGC;5943;D2030_215_newpanamax
23.0;275.0;13.25;13.25;3.0;22;59;SUN;6;9;False;False;False;3000;17.86;1.17;0.75;NOV;11;DPW - CGC;21;PANAMAX;CGC;5944;D2030_215_newpanamax
23.0;295.0;14.25;14.25;3.0;20;54;SUN;6;9;False;False;False;4000;21.93;1.65;0.75;NOV;11;DPW - CGC;21;POST-PANAMAXI;CGC;5945;D2030_215_newpanamax
43.0;339.0;14.0;14.0;3.0;23;12;SUN;6;9;False;False;False;6000;27.82;2.2;0.75;NOV;11;DPW - CGC;21;POST-PANAMAXII;CGC;5946;D2030_215_newpanamax
23.0;225.0;0.0;14.2;1.0;22;59;SUN;6;9;False;False;False;70000;53.25;1.36;0.75;NOV;11;ELEVACOES;24;PANAMAX;GSA - E;5947;D2030_215_newpanamax
32.2;205.0;0.0;12.2;1.0;21;58;SUN;6;9;False;False;False;55000;39.16;2.84;0.75;NOV;11;ELEVACOES;24;SUPRAMAX;GSA - E;5948;D2030_215_newpanamax
23.0;275.0;12.75;12.75;3.0;21;55;SUN;6;9;False;False;False;3000;15.61;0.73;0.75;NOV;11;SANTOSBR;31;PANAMAX;CGC;5949;D2030_215_newpanamax
43.0;339.0;14.0;14.0;3.0;21;55;SUN;6;9;False;False;False;6000;25.92;1.99;0.75;NOV;11;SANTOSBR;31;POST-PANAMAXII;CGC;5950;D2030_215_newpanamax
23.0;195.0;12.75;0.0;2.0;22;59;SUN;6;9;False;False;False;45000;89.37;3.8;0.75;NOV;11;TERMAG;35;HANDYMAX;GSM - I;5951;D2030_215_newpanamax
23.0;225.0;0.0;13.75;1.0;19;58;SUN;6;9;False;False;False;70000;111.09;6.3;0.75;NOV;11;TES;36;PANAMAX;GSA - E;5952;D2030_215_newpanamax
23.0;295.0;0.0;11.75;1.0;12;1;SUN;6;9;True;False;False;76500;53.08;0.0;0.75;NOV;11;TRSP;44;LNGCARRIER;GL;5953;D2030_215_newpanamax
23.0;225.0;0.0;13.75;1.0;23;9;SUN;6;9;False;False;False;70000;55.1;0.21;0.75;NOV;11;XXXIX;48;PANAMAX;GSA - E;5954;D2030_215_newpanamax
20.0;92.95;5.6;6.0;3.0;10;30;0;6;9;False;False;False;0;49.33;0.17;0.75;0;11;TUP - Saipem;8;HANDYSIZE;CGNC;5955;D2030_215_newpanamax
36.0;225.0;0.0;13.0;1.0;1;3;MON;0;10;False;False;False;55000;99.0;20.77;0.75;NOV;11;ARAUCO;1;NAVIOCARGAGERAL;CGNC;5956;D2030_215_newpanamax
23.0;225.0;0.0;12.75;1.0;4;7;MON;0;10;False;False;False;70000;51.12;1.68;0.75;NOV;11;RUMO - GSA - E;4;PANAMAX;GSA - E;5957;D2030_215_newpanamax
23.0;135.0;7.75;7.75;3.0;1;2;MON;0;10;False;False;False;500;20.71;1.98;0.75;NOV;11;BTP;13;FEEDER/EARLY;CGC;5958;D2030_215_newpanamax
23.0;285.0;9.25;9.25;3.0;0;1;MON;0;10;False;False;False;3000;14.7;1.23;0.75;NOV;11;BTP;13;PANAMAX;CGC;5959;D2030_215_newpanamax
23.0;295.0;9.75;9.75;3.0;0;1;MON;0;10;False;False;False;4000;20.66;4.33;0.75;NOV;11;BTP;13;POST-PANAMAXI;CGC;5960;D2030_215_newpanamax
43.0;339.0;14.0;14.0;3.0;0;1;MON;0;10;False;False;False;6000;23.63;1.84;0.75;NOV;11;BTP;13;POST-PANAMAXII;CGC;5961;D2030_215_newpanamax
23.0;225.0;0.0;10.75;1.0;4;8;MON;0;10;False;False;False;70000;68.98;1.77;0.75;NOV;11;COFCO;16;PANAMAX;GSA - E;5962;D2030_215_newpanamax
23.0;185.0;0.0;10.25;1.0;5;12;MON;0;10;False;False;False;45000;39.48;2.83;0.75;NOV;11;COPESUCAR;17;HANDYMAX;GSA - E;5963;D2030_215_newpanamax
23.0;225.0;0.0;13.25;1.0;5;15;MON;0;10;False;False;False;70000;58.85;2.57;0.75;NOV;11;COPESUCAR;17;PANAMAX;GSA - E;5964;D2030_215_newpanamax
23.0;185.0;7.25;7.25;3.0;0;1;MON;0;10;False;False;False;1000;13.38;1.47;0.75;NOV;11;DPW - CGC;21;FULLYCELLULAR;CGC;5965;D2030_215_newpanamax
23.0;185.0;8.25;8.25;3.0;3;6;MON;0;10;False;False;False;1000;13.38;2.6;0.75;NOV;11;DPW - CGC;21;FULLYCELLULAR;CGC;5966;D2030_215_newpanamax
23.0;255.0;9.25;9.25;3.0;1;2;MON;0;10;False;False;False;3000;17.86;2.51;0.75;NOV;11;DPW - CGC;21;PANAMAX;CGC;5967;D2030_215_newpanamax
23.0;295.0;9.75;9.75;3.0;0;1;MON;0;10;False;False;False;4000;21.93;1.61;0.75;NOV;11;DPW - CGC;21;POST-PANAMAXI;CGC;5968;D2030_215_newpanamax
36.0;225.0;0.0;13.0;1.0;0;2;MON;0;10;False;False;False;55000;64.0;3.33;0.75;NOV;11;DPW - CGNC;22;NAVIOCARGAGERAL;CGNC;5969;D2030_215_newpanamax
23.0;225.0;0.0;13.25;1.0;2;4;MON;0;10;False;False;False;70000;53.25;4.73;0.75;NOV;11;ELEVACOES;24;PANAMAX;GSA - E;5970;D2030_215_newpanamax
23.0;185.0;6.75;0.0;2.0;0;2;MON;0;10;False;False;False;45000;75.33;0.61;0.75;NOV;11;HIDROVIAS;27;HANDYMAX;GSM - I;5971;D2030_215_newpanamax
23.0;185.0;8.75;8.75;3.0;2;5;MON;0;10;False;False;False;1000;16.8;4.21;0.75;NOV;11;SANTOSBR;31;FULLYCELLULAR;CGC;5972;D2030_215_newpanamax
23.0;245.0;9.75;9.75;3.0;2;5;MON;0;10;False;False;False;3000;15.61;2.43;0.75;NOV;11;SANTOSBR;31;PANAMAX;CGC;5973;D2030_215_newpanamax
23.0;295.0;10.25;10.25;3.0;2;5;MON;0;10;False;False;False;4000;21.3;1.99;0.75;NOV;11;SANTOSBR;31;POST-PANAMAXI;CGC;5974;D2030_215_newpanamax
23.0;225.0;0.0;12.75;1.0;4;6;MON;0;10;False;False;False;70000;78.07;0.17;0.75;NOV;11;TEG;34;PANAMAX;GSA - E;5975;D2030_215_newpanamax
23.0;235.0;8.25;8.25;3.0;5;13;MON;0;10;False;False;True;5000;19.52;1.36;0.75;NOV;11;TEV;37;LARGEPCTC;RORO;5976;D2030_215_newpanamax
23.0;185.0;0.0;8.25;1.0;1;4;MON;0;10;False;False;False;35000;29.94;7.74;0.75;NOV;11;TRANSPETRO;43;MRMEDIUMRANGE;GL;5977;D2030_215_newpanamax
23.0;285.0;0.0;10.25;1.0;8;7;MON;0;10;True;False;False;76500;53.08;0.0;0.75;NOV;11;TRSP;44;LNGCARRIER;GL;5978;D2030_215_newpanamax
38.0;333.33;8.6;8.6;3.0;6;20;0;0;10;False;True;False;0;10.42;0.0;0.75;0;11;Concais;6;PASSAGEIROS;PASSAGEIROS;5979;D2030_215_newpanamax
23.0;185.0;10.25;0.0;2.0;2;9;TUE;1;11;False;False;False;45000;89.37;2.01;0.75;NOV;11;RUMO - GSM - I;5;HANDYMAX;GSM - I;5980;D2030_215_newpanamax
23.0;185.0;0.0;8.75;1.0;5;13;TUE;1;11;False;False;False;35000;64.43;0.59;0.75;NOV;11;AGEO_TERMINAIS;11;MRMEDIUMRANGE;GL;5981;D2030_215_newpanamax
43.0;339.0;14.0;14.0;3.0;3;8;TUE;1;11;False;False;False;6000;23.63;4.98;0.75;NOV;11;BTP;13;POST-PANAMAXII;CGC;5982;D2030_215_newpanamax
23.0;225.0;0.0;13.25;1.0;9;19;TUE;1;11;False;False;False;70000;68.98;10.49;0.75;NOV;11;COFCO;16;PANAMAX;GSA - E;5983;D2030_215_newpanamax
23.0;195.0;8.25;8.25;3.0;4;8;TUE;1;11;False;False;False;1000;13.38;1.39;0.75;NOV;11;DPW - CGC;21;FULLYCELLULAR;CGC;5984;D2030_215_newpanamax
23.0;255.0;9.75;9.75;3.0;4;8;TUE;1;11;False;False;False;3000;17.86;5.04;0.75;NOV;11;DPW - CGC;21;PANAMAX;CGC;5985;D2030_215_newpanamax
43.0;339.0;14.0;14.0;3.0;4;8;TUE;1;11;False;False;False;6000;27.82;1.93;0.75;NOV;11;DPW - CGC;21;POST-PANAMAXII;CGC;5986;D2030_215_newpanamax
23.0;195.0;9.25;9.25;3.0;6;17;TUE;1;11;False;False;False;1000;16.8;1.69;0.75;NOV;11;SANTOSBR;31;FULLYCELLULAR;CGC;5987;D2030_215_newpanamax
23.0;185.0;9.25;9.25;3.0;5;12;TUE;1;11;False;False;False;1000;16.8;1.89;0.75;NOV;11;SANTOSBR;31;FULLYCELLULAR;CGC;5988;D2030_215_newpanamax
23.0;265.0;10.25;10.25;3.0;6;18;TUE;1;11;False;False;False;3000;15.61;2.27;0.75;NOV;11;SANTOSBR;31;PANAMAX;CGC;5989;D2030_215_newpanamax
23.0;255.0;10.25;10.25;3.0;5;15;TUE;1;11;False;False;False;3000;15.61;4.92;0.75;NOV;11;SANTOSBR;31;PANAMAX;CGC;5990;D2030_215_newpanamax
23.0;295.0;11.75;11.75;3.0;6;18;TUE;1;11;False;False;False;4000;21.3;1.93;0.75;NOV;11;SANTOSBR;31;POST-PANAMAXI;CGC;5991;D2030_215_newpanamax
23.0;295.0;11.75;11.75;3.0;5;15;TUE;1;11;False;False;False;4000;21.3;3.14;0.75;NOV;11;SANTOSBR;31;POST-PANAMAXI;CGC;5992;D2030_215_newpanamax
43.0;339.0;14.0;14.0;3.0;4;10;TUE;1;11;False;False;False;6000;25.92;0.92;0.75;NOV;11;SANTOSBR;31;POST-PANAMAXII;CGC;5993;D2030_215_newpanamax
23.0;225.0;0.0;12.75;1.0;5;8;TUE;1;11;False;False;False;70000;78.07;0.62;0.75;NOV;11;TEG;34;PANAMAX;GSA - E;5994;D2030_215_newpanamax
23.0;225.0;0.0;12.75;1.0;5;8;TUE;1;11;False;False;False;70000;111.09;5.2;0.75;NOV;11;TES;36;PANAMAX;GSA - E;5995;D2030_215_newpanamax
23.0;195.0;8.75;8.75;3.0;6;17;TUE;1;11;False;False;True;1500;20.97;3.12;0.75;NOV;11;TEV;37;CARGARO-RO;RORO;5996;D2030_215_newpanamax
23.0;225.0;0.0;13.25;1.0;5;13;TUE;1;11;False;False;False;70000;61.75;3.06;0.75;NOV;11;TGRAO;39;PANAMAX;GSA - E;5997;D2030_215_newpanamax
23.0;185.0;0.0;8.75;1.0;4;10;TUE;1;11;False;False;False;35000;29.94;8.39;0.75;NOV;11;TRANSPETRO;43;MRMEDIUMRANGE;GL;5998;D2030_215_newpanamax
36.0;225.0;0.0;13.0;1.0;8;18;WED;2;12;False;False;False;55000;99.0;1.87;0.75;NOV;11;ARAUCO;1;NAVIOCARGAGERAL;CGNC;5999;D2030_215_newpanamax
23.0;225.0;0.0;13.25;1.0;9;20;WED;2;12;False;False;False;70000;51.12;2.07;0.75;NOV;11;ADM;9;PANAMAX;GSA - E;6000;D2030_215_newpanamax
23.0;275.0;12.25;12.25;3.0;8;23;WED;2;12;False;False;False;3000;14.7;1.57;0.75;NOV;11;BTP;13;PANAMAX;CGC;6001;D2030_215_newpanamax
23.0;295.0;11.75;11.75;3.0;5;15;WED;2;12;False;False;False;4000;20.66;1.35;0.75;NOV;11;BTP;13;POST-PANAMAXI;CGC;6002;D2030_215_newpanamax
23.0;295.0;11.75;11.75;3.0;5;18;WED;2;12;False;False;False;4000;20.66;3.87;0.75;NOV;11;BTP;13;POST-PANAMAXI;CGC;6003;D2030_215_newpanamax
23.0;205.0;0.0;10.25;1.0;9;22;WED;2;12;False;False;False;35000;77.19;0.11;0.75;NOV;11;CITROSUCO;15;MRMEDIUMRANGE;GL;6004;D2030_215_newpanamax
23.0;195.0;0.0;11.75;1.0;9;30;WED;2;12;False;False;False;45000;39.48;3.49;0.75;NOV;11;COPESUCAR;17;HANDYMAX;GSA - E;6005;D2030_215_newpanamax
23.0;225.0;0.0;13.25;1.0;9;27;WED;2;12;False;False;False;70000;54.03;4.94;0.75;NOV;11;CUTRALE - GSA - E;19;PANAMAX;GSA - E;6006;D2030_215_newpanamax
23.0;215.0;9.75;9.75;3.0;10;27;WED;2;12;False;False;False;1000;13.38;2.68;0.75;NOV;11;DPW - CGC;21;FULLYCELLULAR;CGC;6007;D2030_215_newpanamax
23.0;275.0;10.25;10.25;3.0;7;17;WED;2;12;False;False;False;3000;17.86;1.62;0.75;NOV;11;DPW - CGC;21;PANAMAX;CGC;6008;D2030_215_newpanamax
36.0;225.0;0.0;13.0;1.0;7;16;WED;2;12;False;False;False;55000;64.0;3.99;0.75;NOV;11;DPW - CGNC;22;NAVIOCARGAGERAL;CGNC;6009;D2030_215_newpanamax
23.0;195.0;0.0;12.25;1.0;8;22;WED;2;12;False;False;False;45000;37.2;3.34;0.75;NOV;11;ELEVACOES;24;HANDYMAX;GSA - E;6010;D2030_215_newpanamax
23.0;135.0;6.75;6.75;3.0;10;26;WED;2;12;False;False;False;500;7.08;3.15;0.75;NOV;11;SANTOSBR;31;FEEDER/EARLY;CGC;6011;D2030_215_newpanamax
23.0;275.0;10.75;10.75;3.0;10;26;WED;2;12;False;False;False;3000;15.61;2.79;0.75;NOV;11;SANTOSBR;31;PANAMAX;CGC;6012;D2030_215_newpanamax
23.0;295.0;12.25;12.25;3.0;10;26;WED;2;12;False;False;False;4000;21.3;2.05;0.75;NOV;11;SANTOSBR;31;POST-PANAMAXI;CGC;6013;D2030_215_newpanamax
43.0;339.0;14.0;14.0;3.0;6;19;WED;2;12;False;False;False;6000;25.92;3.03;0.75;NOV;11;SANTOSBR;31;POST-PANAMAXII;CGC;6014;D2030_215_newpanamax
23.0;225.0;0.0;12.75;1.0;10;24;WED;2;12;False;False;False;70000;111.09;3.32;0.75;NOV;11;TES;36;PANAMAX;GSA - E;6015;D2030_215_newpanamax
23.0;195.0;8.75;8.75;3.0;7;21;WED;2;12;False;False;True;1500;20.97;1.01;0.75;NOV;11;TEV;37;CARGARO-RO;RORO;6016;D2030_215_newpanamax
23.0;225.0;0.0;13.25;1.0;7;22;WED;2;12;False;False;False;70000;62.19;3.1;0.75;NOV;11;TIPLAM - GSA - E;41;PANAMAX;GSA - E;6017;D2030_215_newpanamax
23.0;185.0;10.25;0.0;2.0;9;25;WED;2;12;False;False;False;45000;85.0;4.1;0.75;NOV;11;TIPLAM - GSM - I;42;HANDYMAX;GSM - I;6018;D2030_215_newpanamax
23.0;225.0;9.25;0.0;2.0;11;29;WED;2;12;False;False;False;70000;104.45;3.31;0.75;NOV;11;TIPLAM - GSM - I;42;PANAMAX;GSM - I;6019;D2030_215_newpanamax
23.0;175.0;0.0;8.25;1.0;10;18;WED;2;12;False;False;False;35000;57.11;1.16;0.75;NOV;11;ULTRACARGO;45;MRMEDIUMRANGE;GL;6020;D2030_215_newpanamax
23.0;155.0;8.75;0.0;2.0;13;30;THU;3;13;False;False;False;18000;42.57;4.88;0.75;NOV;11;STS;2;GPGENERALPURPOSE;GL;6021;D2030_215_newpanamax
23.0;175.0;10.75;0.0;2.0;11;32;THU;3;13;False;False;False;35000;50.86;2.8;0.75;NOV;11;RUMO - GSM - I;5;HANDYSIZE;GSM - I;6022;D2030_215_newpanamax
36.0;225.0;0.0;13.0;1.0;10;30;THU;3;13;False;False;False;55000;99.66;8.25;0.75;NOV;11;BRACELL;12;NAVIOCARGAGERAL;CGNC;6023;D2030_215_newpanamax
23.0;275.0;12.25;12.25;3.0;9;25;THU;3;13;False;False;False;3000;14.7;1.08;0.75;NOV;11;BTP;13;PANAMAX;CGC;6024;D2030_215_newpanamax
23.0;295.0;12.75;12.75;3.0;9;28;THU;3;13;False;False;False;4000;20.66;1.8;0.75;NOV;11;BTP;13;POST-PANAMAXI;CGC;6025;D2030_215_newpanamax
43.0;339.0;14.0;14.0;3.0;9;27;THU;3;13;False;False;False;6000;23.63;2.82;0.75;NOV;11;BTP;13;POST-PANAMAXII;CGC;6026;D2030_215_newpanamax
23.0;175.0;0.0;10.75;1.0;13;41;THU;3;13;False;False;False;35000;23.6;2.17;0.75;NOV;11;COPESUCAR;17;HANDYSIZE;GSA - E;6027;D2030_215_newpanamax
23.0;225.0;0.0;13.75;1.0;11;35;THU;3;13;False;False;False;70000;58.85;2.15;0.75;NOV;11;COPESUCAR;17;PANAMAX;GSA - E;6028;D2030_215_newpanamax
23.0;185.0;10.25;10.25;3.0;11;32;THU;3;13;False;False;False;1000;13.38;2.07;0.75;NOV;11;DPW - CGC;21;FULLYCELLULAR;CGC;6029;D2030_215_newpanamax
23.0;195.0;9.75;9.75;3.0;11;30;THU;3;13;False;False;False;1000;16.8;1.82;0.75;NOV;11;SANTOSBR;31;FULLYCELLULAR;CGC;6030;D2030_215_newpanamax
23.0;255.0;11.25;11.25;3.0;11;30;THU;3;13;False;False;False;3000;15.61;3.66;0.75;NOV;11;SANTOSBR;31;PANAMAX;CGC;6031;D2030_215_newpanamax
43.0;339.0;14.0;14.0;3.0;11;30;THU;3;13;False;False;False;6000;25.92;1.99;0.75;NOV;11;SANTOSBR;31;POST-PANAMAXII;CGC;6032;D2030_215_newpanamax
23.0;225.0;0.0;13.25;1.0;10;26;THU;3;13;False;False;False;70000;39.92;2.38;0.75;NOV;11;TGG;38;PANAMAX;GSA - E;6033;D2030_215_newpanamax
23.0;225.0;10.25;0.0;2.0;12;33;THU;3;13;False;False;False;70000;104.45;2.93;0.75;NOV;11;TIPLAM - GSM - I;42;PANAMAX;GSM - I;6034;D2030_215_newpanamax
23.0;185.0;0.0;9.75;1.0;14;35;THU;3;13;False;False;False;35000;29.94;4.27;0.75;NOV;11;TRANSPETRO;43;MRMEDIUMRANGE;GL;6035;D2030_215_newpanamax
23.0;185.0;9.75;0.0;2.0;12;33;THU;3;13;False;False;False;35000;62.88;0.0;0.75;NOV;11;VOPAK;47;MRMEDIUMRANGE;GL;6036;D2030_215_newpanamax
23.0;185.0;9.75;0.0;2.0;13;35;THU;3;13;False;False;False;35000;62.88;0.0;0.75;NOV;11;VOPAK;47;MRMEDIUMRANGE;GL;6037;D2030_215_newpanamax
23.0;225.0;0.0;12.75;1.0;13;33;THU;3;13;False;False;False;70000;55.1;2.72;0.75;NOV;11;XXXIX;48;PANAMAX;GSA - E;6038;D2030_215_newpanamax
19.0;87.9;5.3;5.4;1.0;8;10;0;3;13;False;False;False;0;33.67;0.08;0.75;0;11;TUP - Saipem;8;HANDYSIZE;CGNC;6039;D2030_215_newpanamax
23.0;155.0;9.25;0.0;2.0;14;40;FRI;4;14;False;False;False;18000;45.88;1.08;0.75;NOV;11;AGEO_TERMINAIS;11;GPGENERALPURPOSE;GL;6040;D2030_215_newpanamax
23.0;155.0;9.75;0.0;2.0;16;45;FRI;4;14;False;False;False;18000;45.88;0.31;0.75;NOV;11;AGEO_TERMINAIS;11;GPGENERALPURPOSE;GL;6041;D2030_215_newpanamax
23.0;185.0;10.25;0.0;2.0;13;36;FRI;4;14;False;False;False;35000;64.43;0.36;0.75;NOV;11;AGEO_TERMINAIS;11;MRMEDIUMRANGE;GL;6042;D2030_215_newpanamax
23.0;205.0;0.0;10.25;1.0;10;35;FRI;4;14;False;False;False;35000;77.19;0.26;0.75;NOV;11;CITROSUCO;15;MRMEDIUMRANGE;GL;6043;D2030_215_newpanamax
23.0;225.0;0.0;13.75;1.0;14;45;FRI;4;14;False;False;False;70000;58.85;4.53;0.75;NOV;11;COPESUCAR;17;PANAMAX;GSA - E;6044;D2030_215_newpanamax
23.0;125.0;7.25;7.25;3.0;13;36;FRI;4;14;False;False;False;500;12.93;3.61;0.75;NOV;11;DPW - CGC;21;FEEDER/EARLY;CGC;6045;D2030_215_newpanamax
23.0;275.0;11.25;11.25;3.0;13;37;FRI;4;14;False;False;False;3000;17.86;1.37;0.75;NOV;11;DPW - CGC;21;PANAMAX;CGC;6046;D2030_215_newpanamax
23.0;275.0;11.25;11.25;3.0;13;38;FRI;4;14;False;False;False;3000;17.86;4.53;0.75;NOV;11;DPW - CGC;21;PANAMAX;CGC;6047;D2030_215_newpanamax
23.0;295.0;12.75;12.75;3.0;13;36;FRI;4;14;False;False;False;4000;21.93;1.21;0.75;NOV;11;DPW - CGC;21;POST-PANAMAXI;CGC;6048;D2030_215_newpanamax
23.0;225.0;0.0;14.2;1.0;15;45;FRI;4;14;False;False;False;70000;53.25;1.82;0.75;NOV;11;ELEVACOES;24;PANAMAX;GSA - E;6049;D2030_215_newpanamax
23.0;255.0;12.25;12.25;3.0;17;46;FRI;4;14;False;False;False;3000;15.61;1.49;0.75;NOV;11;SANTOSBR;31;PANAMAX;CGC;6050;D2030_215_newpanamax
23.0;235.0;12.25;12.25;3.0;17;45;FRI;4;14;False;False;False;3000;15.61;2.2;0.75;NOV;11;SANTOSBR;31;PANAMAX;CGC;6051;D2030_215_newpanamax
23.0;195.0;9.25;9.25;3.0;13;40;FRI;4;14;False;False;True;1500;20.97;2.44;0.75;NOV;11;TEV;37;CARGARO-RO;RORO;6052;D2030_215_newpanamax
23.0;195.0;9.25;9.25;3.0;13;40;FRI;4;14;False;False;True;1500;20.97;0.61;0.75;NOV;11;TEV;37;CARGARO-RO;RORO;6053;D2030_215_newpanamax
23.0;225.0;0.0;13.75;1.0;15;44;FRI;4;14;False;False;False;70000;61.75;3.16;0.75;NOV;11;TGRAO;39;PANAMAX;GSA - E;6054;D2030_215_newpanamax
23.0;155.0;0.0;8.25;1.0;15;40;FRI;4;14;False;False;False;18000;28.37;0.45;0.75;NOV;11;TRANSPETRO;43;GPGENERALPURPOSE;GL;6055;D2030_215_newpanamax
23.0;155.0;8.75;0.0;2.0;14;34;FRI;4;14;False;False;False;18000;42.57;7.78;0.75;NOV;11;ULTRACARGO;45;GPGENERALPURPOSE;GL;6056;D2030_215_newpanamax
23.0;225.0;12.25;0.0;2.0;16;43;FRI;4;14;False;False;False;60000;81.86;10.14;0.75;NOV;11;ULTRACARGO;45;LR1LONGRANGE1;GL;6057;D2030_215_newpanamax
38.0;333.33;8.6;8.6;3.0;6;42;0;4;14;False;True;False;0;36.5;0.0;0.75;0;11;Concais;6;PASSAGEIROS;PASSAGEIROS;6058;D2030_215_newpanamax
23.0;225.0;0.0;13.25;1.0;19;49;SAT;5;15;False;False;False;70000;51.12;4.02;0.75;NOV;11;ADM;9;PANAMAX;GSA - E;6059;D2030_215_newpanamax
23.0;185.0;10.75;0.0;2.0;16;47;SAT;5;15;False;False;False;35000;64.43;0.48;0.75;NOV;11;AGEO_TERMINAIS;11;MRMEDIUMRANGE;GL;6060;D2030_215_newpanamax
23.0;295.0;13.75;13.75;3.0;16;46;SAT;5;15;False;False;False;4000;20.66;1.72;0.75;NOV;11;BTP;13;POST-PANAMAXI;CGC;6061;D2030_215_newpanamax
23.0;185.0;10.25;0.0;2.0;10;45;SAT;5;15;False;False;False;45000;131.03;12.84;0.75;NOV;11;BUNGE;14;HANDYMAX;GSA - I;6062;D2030_215_newpanamax
23.0;195.0;0.0;13.25;1.0;16;48;SAT;5;15;False;False;False;45000;37.2;0.95;0.75;NOV;11;ELEVACOES;24;HANDYMAX;GSA - E;6063;D2030_215_newpanamax
36.0;225.0;0.0;11.7;1.0;19;50;SAT;5;15;False;False;False;55000;50.0;3.03;0.75;NOV;11;SUZANO;25;NAVIOCARGAGERAL;CGNC;6064;D2030_215_newpanamax
23.0;205.0;0.0;10.25;1.0;13;46;SAT;5;15;False;False;False;35000;137.91;0.47;0.75;NOV;11;NST - GL;30;MRMEDIUMRANGE;GL;6065;D2030_215_newpanamax
23.0;155.0;8.25;0.0;2.0;15;45;SAT;5;15;False;False;False;18000;29.82;7.11;0.75;NOV;11;STOLTHAVEN;32;GPGENERALPURPOSE;GL;6066;D2030_215_newpanamax
23.0;225.0;0.0;13.25;1.0;18;48;SAT;5;15;False;False;False;70000;78.07;0.1;0.75;NOV;11;TEG;34;PANAMAX;GSA - E;6067;D2030_215_newpanamax
23.0;225.0;0.0;11.75;1.0;19;52;SAT;5;15;False;False;False;60000;48.22;2.3;0.75;NOV;11;TRANSPETRO;43;LR1LONGRANGE1;GL;6068;D2030_215_newpanamax
23.0;185.0;0.0;10.75;1.0;19;52;SAT;5;15;False;False;False;35000;29.94;2.21;0.75;NOV;11;TRANSPETRO;43;MRMEDIUMRANGE;GL;6069;D2030_215_newpanamax
23.0;215.0;12.25;12.25;3.0;23;35;SUN;6;16;False;False;False;1000;16.8;1.46;0.75;NOV;11;TECON10;3;FULLYCELLULAR;CGC;6070;D2030_215_newpanamax
23.0;245.0;14.25;14.25;3.0;20;56;SUN;6;16;False;False;False;3000;14.7;2.58;0.75;NOV;11;BTP;13;PANAMAX;CGC;6071;D2030_215_newpanamax
23.0;295.0;14.25;14.25;3.0;20;56;SUN;6;16;False;False;False;4000;20.66;4.12;0.75;NOV;11;BTP;13;POST-PANAMAXI;CGC;6072;D2030_215_newpanamax
23.0;225.0;0.0;14.25;1.0;20;58;SUN;6;16;False;False;False;70000;68.98;6.34;0.75;NOV;11;COFCO;16;PANAMAX;GSA - E;6073;D2030_215_newpanamax
23.0;225.0;0.0;14.25;1.0;22;47;SUN;6;16;False;False;False;70000;68.98;1.47;0.75;NOV;11;COFCO;16;PANAMAX;GSA - E;6074;D2030_215_newpanamax
23.0;225.0;0.0;13.75;1.0;22;22;SUN;6;16;False;False;False;70000;54.03;5.51;0.75;NOV;11;CUTRALE - GSA - E;19;PANAMAX;GSA - E;6075;D2030_215_newpanamax
23.0;215.0;11.25;11.25;3.0;21;57;SUN;6;16;False;False;False;1000;13.38;1.67;0.75;NOV;11;DPW - CGC;21;FULLYCELLULAR;CGC;6076;D2030_215_newpanamax
23.0;255.0;13.25;13.25;3.0;22;58;SUN;6;16;False;False;False;3000;17.86;1.6;0.75;NOV;11;DPW - CGC;21;PANAMAX;CGC;6077;D2030_215_newpanamax
23.0;255.0;14.25;14.25;3.0;23;22;SUN;6;16;False;False;False;3000;17.86;1.42;0.75;NOV;11;DPW - CGC;21;PANAMAX;CGC;6078;D2030_215_newpanamax
23.0;295.0;14.25;14.25;3.0;21;57;SUN;6;16;False;False;False;4000;21.93;2.38;0.75;NOV;11;DPW - CGC;21;POST-PANAMAXI;CGC;6079;D2030_215_newpanamax
43.0;339.0;14.0;14.0;3.0;21;57;SUN;6;16;False;False;False;6000;27.82;2.16;0.75;NOV;11;DPW - CGC;21;POST-PANAMAXII;CGC;6080;D2030_215_newpanamax
32.2;205.0;0.0;12.2;1.0;22;59;SUN;6;16;False;False;False;55000;39.16;1.55;0.75;NOV;11;ELEVACOES;24;SUPRAMAX;GSA - E;6081;D2030_215_newpanamax
23.0;215.0;12.25;12.25;3.0;23;41;SUN;6;16;False;False;False;1000;16.8;2.54;0.75;NOV;11;SANTOSBR;31;FULLYCELLULAR;CGC;6082;D2030_215_newpanamax
23.0;275.0;13.75;13.75;3.0;23;19;SUN;6;16;False;False;False;3000;15.61;3.09;0.75;NOV;11;SANTOSBR;31;PANAMAX;CGC;6083;D2030_215_newpanamax
23.0;225.0;0.0;13.25;1.0;23;54;SUN;6;16;False;False;False;70000;88.35;4.01;0.75;NOV;11;TEAG;33;PANAMAX;GSA - E;6084;D2030_215_newpanamax
23.0;195.0;9.75;9.75;3.0;20;59;SUN;6;16;False;False;True;1500;20.97;0.69;0.75;NOV;11;TEV;37;CARGARO-RO;RORO;6085;D2030_215_newpanamax
23.0;225.0;0.0;13.75;1.0;21;20;SUN;6;16;False;False;False;70000;62.19;6.79;0.75;NOV;11;TIPLAM - GSA - E;41;PANAMAX;GSA - E;6086;D2030_215_newpanamax
23.0;185.0;11.75;0.0;2.0;22;41;SUN;6;16;False;False;False;35000;62.88;0.0;0.75;NOV;11;VOPAK;47;MRMEDIUMRANGE;GL;6087;D2030_215_newpanamax
23.0;225.0;0.0;13.75;1.0;21;19;SUN;6;16;False;False;False;70000;55.1;1.37;0.75;NOV;11;XXXIX;48;PANAMAX;GSA - E;6088;D2030_215_newpanamax
23.0;255.0;9.25;9.25;3.0;1;3;MON;0;17;False;False;False;3000;15.61;2.14;0.75;NOV;11;TECON10;3;PANAMAX;CGC;6089;D2030_215_newpanamax
23.0;155.0;0.0;9.25;1.0;1;3;MON;0;17;False;False;False;18000;32.32;25.0;0.75;NOV;11;ADONAI;10;GPGENERALPURPOSE;GL;6090;D2030_215_newpanamax
23.0;185.0;8.75;8.75;3.0;1;2;MON;0;17;False;False;False;1000;13.85;3.0;0.75;NOV;11;BTP;13;FULLYCELLULAR;CGC;6091;D2030_215_newpanamax
23.0;285.0;9.25;9.25;3.0;0;1;MON;0;17;False;False;False;3000;14.7;2.89;0.75;NOV;11;BTP;13;PANAMAX;CGC;6092;D2030_215_newpanamax
23.0;295.0;9.75;9.75;3.0;0;2;MON;0;17;False;False;False;4000;20.66;1.47;0.75;NOV;11;BTP;13;POST-PANAMAXI;CGC;6093;D2030_215_newpanamax
23.0;165.0;9.75;0.0;2.0;0;5;MON;0;17;False;False;False;35000;135.86;6.43;0.75;NOV;11;BUNGE;14;HANDYSIZE;GSA - I;6094;D2030_215_newpanamax
23.0;225.0;0.0;10.75;1.0;4;8;MON;0;17;False;False;False;70000;68.98;2.31;0.75;NOV;11;COFCO;16;PANAMAX;GSA - E;6095;D2030_215_newpanamax
23.0;185.0;0.0;10.25;1.0;4;8;MON;0;17;False;False;False;45000;39.48;1.75;0.75;NOV;11;COPESUCAR;17;HANDYMAX;GSA - E;6096;D2030_215_newpanamax
23.0;225.0;0.0;12.75;1.0;8;9;MON;0;17;False;False;False;60000;162.93;20.31;0.75;NOV;11;CUTRALE - GL;18;LR1LONGRANGE1;GL;6097;D2030_215_newpanamax
23.0;195.0;7.25;7.25;3.0;2;4;MON;0;17;False;False;False;1000;13.38;2.69;0.75;NOV;11;DPW - CGC;21;FULLYCELLULAR;CGC;6098;D2030_215_newpanamax
23.0;245.0;8.75;8.75;3.0;0;1;MON;0;17;False;False;False;3000;17.86;2.54;0.75;NOV;11;DPW - CGC;21;PANAMAX;CGC;6099;D2030_215_newpanamax
23.0;255.0;9.75;9.75;3.0;3;6;MON;0;17;False;False;False;3000;17.86;1.84;0.75;NOV;11;DPW - CGC;21;PANAMAX;CGC;6100;D2030_215_newpanamax
23.0;295.0;10.25;10.25;3.0;2;4;MON;0;17;False;False;False;4000;21.93;2.18;0.75;NOV;11;DPW - CGC;21;POST-PANAMAXI;CGC;6101;D2030_215_newpanamax
36.0;225.0;0.0;11.7;1.0;1;4;MON;0;17;False;False;False;55000;36.9;8.26;0.75;NOV;11;ELDORADO;23;NAVIOCARGAGERAL;CGNC;6102;D2030_215_newpanamax
23.0;225.0;0.0;13.25;1.0;2;4;MON;0;17;False;False;False;70000;53.25;2.65;0.75;NOV;11;ELEVACOES;24;PANAMAX;GSA - E;6103;D2030_215_newpanamax
23.0;225.0;8.25;0.0;2.0;0;2;MON;0;17;False;False;False;70000;49.28;2.47;0.75;NOV;11;HIDROVIAS;27;PANAMAX;GSM - I;6104;D2030_215_newpanamax
23.0;175.0;0.0;9.25;1.0;6;17;MON;0;17;False;False;False;35000;137.91;0.14;0.75;NOV;11;NST - GL;30;MRMEDIUMRANGE;GL;6105;D2030_215_newpanamax
23.0;255.0;9.75;9.75;3.0;3;7;MON;0;17;False;False;False;3000;15.61;1.0;0.75;NOV;11;SANTOSBR;31;PANAMAX;CGC;6106;D2030_215_newpanamax
23.0;295.0;10.75;10.75;3.0;3;7;MON;0;17;False;False;False;4000;21.3;1.5;0.75;NOV;11;SANTOSBR;31;POST-PANAMAXI;CGC;6107;D2030_215_newpanamax
23.0;225.0;9.75;0.0;2.0;0;2;MON;0;17;False;False;False;70000;111.09;1.75;0.75;NOV;11;TERMAG;35;PANAMAX;GSM - I;6108;D2030_215_newpanamax
23.0;215.0;8.25;8.25;3.0;5;13;MON;0;17;False;False;True;3000;20.25;0.44;0.75;NOV;11;TEV;37;PCTCPADRAO;RORO;6109;D2030_215_newpanamax
23.0;185.0;0.0;7.75;1.0;0;0;MON;0;17;False;False;False;35000;29.94;1.3;0.75;NOV;11;TRANSPETRO;43;MRMEDIUMRANGE;GL;6110;D2030_215_newpanamax
23.0;225.0;0.0;11.75;1.0;1;5;MON;0;17;False;False;False;70000;55.1;0.13;0.75;NOV;11;XXXIX;48;PANAMAX;GSA - E;6111;D2030_215_newpanamax
23.0;155.0;0.0;7.75;1.0;5;13;TUE;1;18;False;False;False;18000;45.88;0.32;0.75;NOV;11;AGEO_TERMINAIS;11;GPGENERALPURPOSE;GL;6112;D2030_215_newpanamax
23.0;275.0;10.75;10.75;3.0;3;8;TUE;1;18;False;False;False;3000;14.7;2.7;0.75;NOV;11;BTP;13;PANAMAX;CGC;6113;D2030_215_newpanamax
23.0;225.0;0.0;13.25;1.0;6;13;TUE;1;18;False;False;False;70000;68.98;6.22;0.75;NOV;11;COFCO;16;PANAMAX;GSA - E;6114;D2030_215_newpanamax
23.0;225.0;0.0;13.25;1.0;9;20;TUE;1;18;False;False;False;70000;68.98;3.87;0.75;NOV;11;COFCO;16;PANAMAX;GSA - E;6115;D2030_215_newpanamax
23.0;255.0;9.75;9.75;3.0;4;8;TUE;1;18;False;False;False;3000;17.86;2.37;0.75;NOV;11;DPW - CGC;21;PANAMAX;CGC;6116;D2030_215_newpanamax
23.0;295.0;10.75;10.75;3.0;4;8;TUE;1;18;False;False;False;4000;21.93;1.6;0.75;NOV;11;DPW - CGC;21;POST-PANAMAXI;CGC;6117;D2030_215_newpanamax
36.0;225.0;0.0;13.0;1.0;6;13;TUE;1;18;False;False;False;55000;64.0;2.47;0.75;NOV;11;DPW - CGNC;22;NAVIOCARGAGERAL;CGNC;6118;D2030_215_newpanamax
23.0;195.0;9.25;9.25;3.0;6;18;TUE;1;18;False;False;False;1000;16.8;2.92;0.75;NOV;11;SANTOSBR;31;FULLYCELLULAR;CGC;6119;D2030_215_newpanamax
23.0;215.0;8.75;8.75;3.0;4;8;TUE;1;18;False;False;False;1000;16.8;2.97;0.75;NOV;11;SANTOSBR;31;FULLYCELLULAR;CGC;6120;D2030_215_newpanamax
23.0;265.0;10.25;10.25;3.0;6;17;TUE;1;18;False;False;False;3000;15.61;2.85;0.75;NOV;11;SANTOSBR;31;PANAMAX;CGC;6121;D2030_215_newpanamax
23.0;275.0;9.75;9.75;3.0;4;10;TUE;1;18;False;False;False;3000;15.61;1.08;0.75;NOV;11;SANTOSBR;31;PANAMAX;CGC;6122;D2030_215_newpanamax
23.0;295.0;11.75;11.75;3.0;6;17;TUE;1;18;False;False;False;4000;21.3;3.99;0.75;NOV;11;SANTOSBR;31;POST-PANAMAXI;CGC;6123;D2030_215_newpanamax
43.0;339.0;14.0;14.0;3.0;6;18;TUE;1;18;False;False;False;6000;25.92;2.76;0.75;NOV;11;SANTOSBR;31;POST-PANAMAXII;CGC;6124;D2030_215_newpanamax
43.0;339.0;14.0;14.0;3.0;5;15;TUE;1;18;False;False;False;6000;25.92;4.48;0.75;NOV;11;SANTOSBR;31;POST-PANAMAXII;CGC;6125;D2030_215_newpanamax
23.0;175.0;9.25;0.0;2.0;1;7;TUE;1;18;False;False;False;35000;50.86;3.54;0.75;NOV;11;TERMAG;35;HANDYSIZE;GSM - I;6126;D2030_215_newpanamax
23.0;225.0;0.0;12.75;1.0;5;9;TUE;1;18;False;False;False;70000;111.09;3.7;0.75;NOV;11;TES;36;PANAMAX;GSA - E;6127;D2030_215_newpanamax
23.0;195.0;8.75;8.75;3.0;6;18;TUE;1;18;False;False;True;1500;20.97;1.3;0.75;NOV;11;TEV;37;CARGARO-RO;RORO;6128;D2030_215_newpanamax
23.0;195.0;9.25;0.0;2.0;6;15;TUE;1;18;False;False;False;45000;85.0;3.47;0.75;NOV;11;TIPLAM - GSM - I;42;HANDYMAX;GSM - I;6129;D2030_215_newpanamax
23.0;175.0;0.0;7.75;1.0;5;17;TUE;1;18;False;False;False;35000;90.66;4.1;0.75;NOV;11;USIMINAS;46;HANDYSIZE;CGNC;6130;D2030_215_newpanamax
23.0;225.0;0.0;12.25;1.0;8;21;TUE;1;18;False;False;False;70000;55.1;2.22;0.75;NOV;11;XXXIX;48;PANAMAX;GSA - E;6131;D2030_215_newpanamax
38.0;333.33;8.65;8.6;3.0;6;45;0;1;18;False;True;False;0;10.83;0.0;0.75;0;11;Concais;6;PASSAGEIROS;PASSAGEIROS;6132;D2030_215_newpanamax
23.0;155.0;8.25;0.0;2.0;11;22;WED;2;19;False;False;False;18000;42.57;7.54;0.75;NOV;11;STS;2;GPGENERALPURPOSE;GL;6133;D2030_215_newpanamax
23.0;225.0;0.0;13.25;1.0;8;17;WED;2;19;False;False;False;70000;51.12;3.76;0.75;NOV;11;RUMO - GSA - E;4;PANAMAX;GSA - E;6134;D2030_215_newpanamax
23.0;215.0;8.75;8.75;3.0;8;23;WED;2;19;False;False;False;1000;13.85;1.27;0.75;NOV;11;BTP;13;FULLYCELLULAR;CGC;6135;D2030_215_newpanamax
23.0;295.0;11.75;11.75;3.0;5;17;WED;2;19;False;False;False;4000;20.66;2.4;0.75;NOV;11;BTP;13;POST-PANAMAXI;CGC;6136;D2030_215_newpanamax
23.0;295.0;11.75;11.75;3.0;5;16;WED;2;19;False;False;False;4000;20.66;1.4;0.75;NOV;11;BTP;13;POST-PANAMAXI;CGC;6137;D2030_215_newpanamax
23.0;165.0;10.25;0.0;2.0;1;17;WED;2;19;False;False;False;35000;135.86;0.82;0.75;NOV;11;BUNGE;14;HANDYSIZE;GSA - I;6138;D2030_215_newpanamax
23.0;195.0;0.0;11.75;1.0;9;28;WED;2;19;False;False;False;45000;39.48;2.57;0.75;NOV;11;COPESUCAR;17;HANDYMAX;GSA - E;6139;D2030_215_newpanamax
23.0;165.0;8.25;0.0;2.0;12;26;WED;2;19;False;False;False;18000;12.03;2.45;0.75;NOV;11;DOW;20;GPGENERALPURPOSE;GL;6140;D2030_215_newpanamax
23.0;215.0;9.75;9.75;3.0;8;22;WED;2;19;False;False;False;1000;13.38;1.32;0.75;NOV;11;DPW - CGC;21;FULLYCELLULAR;CGC;6141;D2030_215_newpanamax
23.0;235.0;10.75;10.75;3.0;7;19;WED;2;19;False;False;False;3000;17.86;2.58;0.75;NOV;11;DPW - CGC;21;PANAMAX;CGC;6142;D2030_215_newpanamax
43.0;339.0;14.0;14.0;3.0;8;22;WED;2;19;False;False;False;6000;27.82;2.06;0.75;NOV;11;DPW - CGC;21;POST-PANAMAXII;CGC;6143;D2030_215_newpanamax
36.0;225.0;0.0;11.7;1.0;8;20;WED;2;19;False;False;False;55000;36.9;2.38;0.75;NOV;11;ELDORADO;23;NAVIOCARGAGERAL;CGNC;6144;D2030_215_newpanamax
32.2;205.0;0.0;12.2;1.0;8;22;WED;2;19;False;False;False;55000;39.16;1.85;0.75;NOV;11;ELEVACOES;24;SUPRAMAX;GSA - E;6145;D2030_215_newpanamax
23.0;275.0;10.25;10.25;3.0;6;19;WED;2;19;False;False;False;3000;15.61;2.86;0.75;NOV;11;SANTOSBR;31;PANAMAX;CGC;6146;D2030_215_newpanamax
23.0;275.0;10.25;10.25;3.0;7;19;WED;2;19;False;False;False;3000;15.61;2.53;0.75;NOV;11;SANTOSBR;31;PANAMAX;CGC;6147;D2030_215_newpanamax
43.0;339.0;14.0;14.0;3.0;9;24;WED;2;19;False;False;False;6000;25.92;1.93;0.75;NOV;11;SANTOSBR;31;POST-PANAMAXII;CGC;6148;D2030_215_newpanamax
23.0;225.0;0.0;12.75;1.0;7;17;WED;2;19;False;False;False;70000;111.09;17.95;0.75;NOV;11;TES;36;PANAMAX;GSA - E;6149;D2030_215_newpanamax
23.0;235.0;8.75;8.75;3.0;9;26;WED;2;19;False;False;True;5000;19.52;4.44;0.75;NOV;11;TEV;37;LARGEPCTC;RORO;6150;D2030_215_newpanamax
23.0;225.0;0.0;12.75;1.0;6;17;WED;2;19;False;False;False;70000;62.19;4.08;0.75;NOV;11;TIPLAM - GSA - E;41;PANAMAX;GSA - E;6151;D2030_215_newpanamax
23.0;195.0;10.25;0.0;2.0;11;29;WED;2;19;False;False;False;45000;85.0;19.61;0.75;NOV;11;TIPLAM - GSM - I;42;HANDYMAX;GSM - I;6152;D2030_215_newpanamax
23.0;185.0;0.0;8.75;1.0;8;18;WED;2;19;False;False;False;35000;29.94;0.47;0.75;NOV;11;TRANSPETRO;43;MRMEDIUMRANGE;GL;6153;D2030_215_newpanamax
23.0;165.0;0.0;7.75;1.0;10;18;WED;2;19;False;False;False;18000;42.57;3.8;0.75;NOV;11;ULTRACARGO;45;GPGENERALPURPOSE;GL;6154;D2030_215_newpanamax
23.0;175.0;10.25;0.0;2.0;13;30;THU;3;20;False;False;False;35000;57.11;8.92;0.75;NOV;11;STS;2;MRMEDIUMRANGE;GL;6155;D2030_215_newpanamax
23.0;185.0;12.25;0.0;2.0;11;32;THU;3;20;False;False;False;45000;89.37;4.02;0.75;NOV;11;RUMO - GSM - I;5;HANDYMAX;GSM - I;6156;D2030_215_newpanamax
36.0;225.0;0.0;13.0;1.0;10;31;THU;3;20;False;False;False;55000;99.66;0.33;0.75;NOV;11;BRACELL;12;NAVIOCARGAGERAL;CGNC;6157;D2030_215_newpanamax
23.0;245.0;12.75;12.75;3.0;9;28;THU;3;20;False;False;False;3000;14.7;4.43;0.75;NOV;11;BTP;13;PANAMAX;CGC;6158;D2030_215_newpanamax
23.0;295.0;12.75;12.75;3.0;9;27;THU;3;20;False;False;False;4000;20.66;1.17;0.75;NOV;11;BTP;13;POST-PANAMAXI;CGC;6159;D2030_215_newpanamax
23.0;205.0;0.0;10.25;1.0;9;28;THU;3;20;False;False;False;35000;77.19;0.46;0.75;NOV;11;CITROSUCO;15;MRMEDIUMRANGE;GL;6160;D2030_215_newpanamax
23.0;195.0;0.0;12.25;1.0;12;36;THU;3;20;False;False;False;45000;39.48;3.18;0.75;NOV;11;COPESUCAR;17;HANDYMAX;GSA - E;6161;D2030_215_newpanamax
23.0;225.0;0.0;13.75;1.0;12;37;THU;3;20;False;False;False;70000;58.85;3.71;0.75;NOV;11;COPESUCAR;17;PANAMAX;GSA - E;6162;D2030_215_newpanamax
23.0;255.0;11.25;11.25;3.0;11;32;THU;3;20;False;False;False;3000;17.86;2.23;0.75;NOV;11;DPW - CGC;21;PANAMAX;CGC;6163;D2030_215_newpanamax
23.0;195.0;9.75;9.75;3.0;12;32;THU;3;20;False;False;False;1000;16.8;1.73;0.75;NOV;11;SANTOSBR;31;FULLYCELLULAR;CGC;6164;D2030_215_newpanamax
23.0;295.0;12.25;12.25;3.0;12;32;THU;3;20;False;False;False;4000;21.3;2.42;0.75;NOV;11;SANTOSBR;31;POST-PANAMAXI;CGC;6165;D2030_215_newpanamax
43.0;339.0;14.0;14.0;3.0;12;32;THU;3;20;False;False;False;6000;25.92;1.55;0.75;NOV;11;SANTOSBR;31;POST-PANAMAXII;CGC;6166;D2030_215_newpanamax
23.0;195.0;9.25;9.25;3.0;11;34;THU;3;20;False;False;True;1500;20.97;0.4;0.75;NOV;11;TEV;37;CARGARO-RO;RORO;6167;D2030_215_newpanamax
23.0;195.0;10.25;0.0;2.0;12;33;THU;3;20;False;False;False;45000;85.0;8.28;0.75;NOV;11;TIPLAM - GSM - I;42;HANDYMAX;GSM - I;6168;D2030_215_newpanamax
23.0;185.0;0.0;9.75;1.0;14;35;THU;3;20;False;False;False;35000;29.94;1.06;0.75;NOV;11;TRANSPETRO;43;MRMEDIUMRANGE;GL;6169;D2030_215_newpanamax
23.0;165.0;9.25;0.0;2.0;15;38;THU;3;20;False;False;False;35000;90.66;5.13;0.75;NOV;11;USIMINAS;46;HANDYSIZE;CGNC;6170;D2030_215_newpanamax
23.0;185.0;9.75;0.0;2.0;12;30;THU;3;20;False;False;False;35000;62.88;0.0;0.75;NOV;11;VOPAK;47;MRMEDIUMRANGE;GL;6171;D2030_215_newpanamax
23.0;215.0;10.75;10.75;3.0;17;46;FRI;4;21;False;False;False;1000;16.8;2.83;0.75;NOV;11;TECON10;3;FULLYCELLULAR;CGC;6172;D2030_215_newpanamax
23.0;185.0;10.25;0.0;2.0;14;40;FRI;4;21;False;False;False;35000;64.43;0.42;0.75;NOV;11;AGEO_TERMINAIS;11;MRMEDIUMRANGE;GL;6173;D2030_215_newpanamax
23.0;305.0;12.75;12.75;3.0;11;33;FRI;4;21;False;False;False;4000;20.66;2.56;0.75;NOV;11;BTP;13;POST-PANAMAXI;CGC;6174;D2030_215_newpanamax
43.0;339.0;14.0;14.0;3.0;11;33;FRI;4;21;False;False;False;6000;23.63;4.79;0.75;NOV;11;BTP;13;POST-PANAMAXII;CGC;6175;D2030_215_newpanamax
23.0;165.0;8.75;0.0;2.0;15;42;FRI;4;21;False;False;False;18000;12.03;2.21;0.75;NOV;11;DOW;20;GPGENERALPURPOSE;GL;6176;D2030_215_newpanamax
23.0;205.0;10.75;10.75;3.0;16;44;FRI;4;21;False;False;False;1000;13.38;2.21;0.75;NOV;11;DPW - CGC;21;FULLYCELLULAR;CGC;6177;D2030_215_newpanamax
23.0;265.0;11.75;11.75;3.0;16;44;FRI;4;21;False;False;False;3000;17.86;2.48;0.75;NOV;11;DPW - CGC;21;PANAMAX;CGC;6178;D2030_215_newpanamax
23.0;265.0;11.75;11.75;3.0;16;43;FRI;4;21;False;False;False;3000;17.86;1.5;0.75;NOV;11;DPW - CGC;21;PANAMAX;CGC;6179;D2030_215_newpanamax
23.0;295.0;12.75;12.75;3.0;13;37;FRI;4;21;False;False;False;4000;21.93;2.37;0.75;NOV;11;DPW - CGC;21;POST-PANAMAXI;CGC;6180;D2030_215_newpanamax
36.0;225.0;0.0;13.0;1.0;16;42;FRI;4;21;False;False;False;55000;64.0;13.38;0.75;NOV;11;DPW - CGNC;22;NAVIOCARGAGERAL;CGNC;6181;D2030_215_newpanamax
23.0;215.0;10.25;10.25;3.0;16;43;FRI;4;21;False;False;False;1000;16.8;1.83;0.75;NOV;11;SANTOSBR;31;FULLYCELLULAR;CGC;6182;D2030_215_newpanamax
43.0;339.0;14.0;14.0;3.0;16;43;FRI;4;21;False;False;False;6000;25.92;2.95;0.75;NOV;11;SANTOSBR;31;POST-PANAMAXII;CGC;6183;D2030_215_newpanamax
23.0;225.0;0.0;13.25;1.0;14;35;FRI;4;21;False;False;False;70000;111.09;10.71;0.75;NOV;11;TES;36;PANAMAX;GSA - E;6184;D2030_215_newpanamax
23.0;225.0;0.0;13.25;1.0;14;41;FRI;4;21;False;False;False;70000;39.92;1.26;0.75;NOV;11;TGG;38;PANAMAX;GSA - E;6185;D2030_215_newpanamax
23.0;225.0;0.0;13.25;1.0;16;47;FRI;4;21;False;False;False;70000;62.19;8.48;0.75;NOV;11;TIPLAM - GSA - E;41;PANAMAX;GSA - E;6186;D2030_215_newpanamax
23.0;225.0;0.0;13.25;1.0;16;46;FRI;4;21;False;False;False;70000;62.19;2.62;0.75;NOV;11;TIPLAM - GSA - E;41;PANAMAX;GSA - E;6187;D2030_215_newpanamax
23.0;245.0;0.0;11.25;1.0;15;40;FRI;4;21;False;False;False;60000;48.22;1.4;0.75;NOV;11;TRANSPETRO;43;LR1LONGRANGE1;GL;6188;D2030_215_newpanamax
23.0;165.0;9.25;0.0;2.0;15;39;FRI;4;21;False;False;False;18000;41.58;0.0;0.75;NOV;11;VOPAK;47;GPGENERALPURPOSE;GL;6189;D2030_215_newpanamax
23.0;225.0;0.0;12.75;1.0;14;40;FRI;4;21;False;False;False;70000;55.1;1.06;0.75;NOV;11;XXXIX;48;PANAMAX;GSA - E;6190;D2030_215_newpanamax
38.0;333.33;8.6;8.6;3.0;6;45;0;4;21;False;True;False;0;12.33;0.0;0.75;0;11;Concais;6;PASSAGEIROS;PASSAGEIROS;6191;D2030_215_newpanamax
19.0;87.9;5.8;5.7;1.0;22;10;0;4;21;False;False;False;0;21.17;0.17;0.75;0;11;TUP - Saipem;8;HANDYSIZE;CGNC;6192;D2030_215_newpanamax
23.0;225.0;0.0;13.25;1.0;19;47;SAT;5;22;False;False;False;70000;51.12;2.84;0.75;NOV;11;RUMO - GSA - E;4;PANAMAX;GSA - E;6193;D2030_215_newpanamax
23.0;285.0;13.25;13.25;3.0;15;44;SAT;5;22;False;False;False;3000;14.7;3.33;0.75;NOV;11;BTP;13;PANAMAX;CGC;6194;D2030_215_newpanamax
23.0;295.0;13.75;13.75;3.0;15;44;SAT;5;22;False;False;False;4000;20.66;1.1;0.75;NOV;11;BTP;13;POST-PANAMAXI;CGC;6195;D2030_215_newpanamax
43.0;339.0;14.0;14.0;3.0;15;44;SAT;5;22;False;False;False;6000;23.63;2.52;0.75;NOV;11;BTP;13;POST-PANAMAXII;CGC;6196;D2030_215_newpanamax
23.0;225.0;0.0;14.2;1.0;16;48;SAT;5;22;False;False;False;70000;53.25;2.93;0.75;NOV;11;ELEVACOES;24;PANAMAX;GSA - E;6197;D2030_215_newpanamax
23.0;175.0;10.25;0.0;2.0;13;44;SAT;5;22;False;False;False;35000;43.42;8.86;0.75;NOV;11;GRANEL;26;MRMEDIUMRANGE;GL;6198;D2030_215_newpanamax
23.0;215.0;11.25;11.25;3.0;20;53;SAT;5;22;False;False;False;1000;16.8;3.32;0.75;NOV;11;SANTOSBR;31;FULLYCELLULAR;CGC;6199;D2030_215_newpanamax
23.0;265.0;12.75;12.75;3.0;20;53;SAT;5;22;False;False;False;3000;15.61;3.51;0.75;NOV;11;SANTOSBR;31;PANAMAX;CGC;6200;D2030_215_newpanamax
23.0;225.0;0.0;13.25;1.0;15;42;SAT;5;22;False;False;False;70000;88.35;0.15;0.75;NOV;11;TEAG;33;PANAMAX;GSA - E;6201;D2030_215_newpanamax
23.0;195.0;9.25;9.25;3.0;15;46;SAT;5;22;False;False;True;1500;20.97;1.44;0.75;NOV;11;TEV;37;CARGARO-RO;RORO;6202;D2030_215_newpanamax
23.0;185.0;0.0;10.25;1.0;18;48;SAT;5;22;False;False;False;35000;29.94;5.8;0.75;NOV;11;TRANSPETRO;43;MRMEDIUMRANGE;GL;6203;D2030_215_newpanamax
23.0;225.0;0.0;13.75;1.0;23;20;SUN;6;23;False;False;False;70000;51.12;3.64;0.75;NOV;11;RUMO - GSA - E;4;PANAMAX;GSA - E;6204;D2030_215_newpanamax
23.0;225.0;0.0;14.25;1.0;23;55;SUN;6;23;False;False;False;70000;51.12;1.51;0.75;NOV;11;ADM;9;PANAMAX;GSA - E;6205;D2030_215_newpanamax
43.0;339.0;14.0;14.0;3.0;20;56;SUN;6;23;False;False;False;6000;23.63;4.27;0.75;NOV;11;BTP;13;POST-PANAMAXII;CGC;6206;D2030_215_newpanamax
23.0;225.0;0.0;14.25;1.0;20;57;SUN;6;23;False;False;False;70000;68.98;11.11;0.75;NOV;11;COFCO;16;PANAMAX;GSA - E;6207;D2030_215_newpanamax
23.0;225.0;0.0;14.25;1.0;22;49;SUN;6;23;False;False;False;70000;68.98;2.17;0.75;NOV;11;COFCO;16;PANAMAX;GSA - E;6208;D2030_215_newpanamax
23.0;205.0;11.25;11.25;3.0;20;54;SUN;6;23;False;False;False;1000;13.38;3.79;0.75;NOV;11;DPW - CGC;21;FULLYCELLULAR;CGC;6209;D2030_215_newpanamax
23.0;185.0;11.75;11.75;3.0;22;59;SUN;6;23;False;False;False;1000;13.38;2.42;0.75;NOV;11;DPW - CGC;21;FULLYCELLULAR;CGC;6210;D2030_215_newpanamax
23.0;255.0;13.25;13.25;3.0;21;57;SUN;6;23;False;False;False;3000;17.86;1.84;0.75;NOV;11;DPW - CGC;21;PANAMAX;CGC;6211;D2030_215_newpanamax
23.0;295.0;14.25;14.25;3.0;22;58;SUN;6;23;False;False;False;4000;21.93;1.53;0.75;NOV;11;DPW - CGC;21;POST-PANAMAXI;CGC;6212;D2030_215_newpanamax
43.0;339.0;14.0;14.0;3.0;20;54;SUN;6;23;False;False;False;6000;27.82;0.85;0.75;NOV;11;DPW - CGC;21;POST-PANAMAXII;CGC;6213;D2030_215_newpanamax
23.0;175.0;0.0;10.25;1.0;22;59;SUN;6;23;False;False;False;35000;27.04;4.08;0.75;NOV;11;ELEVACOES;24;HANDYSIZE;GSA - E;6214;D2030_215_newpanamax
23.0;225.0;0.0;14.2;1.0;21;57;SUN;6;23;False;False;False;70000;53.25;1.45;0.75;NOV;11;ELEVACOES;24;PANAMAX;GSA - E;6215;D2030_215_newpanamax
23.0;215.0;0.0;11.25;1.0;14;56;SUN;6;23;False;False;False;35000;137.91;0.02;0.75;NOV;11;NST - GL;30;MRMEDIUMRANGE;GL;6216;D2030_215_newpanamax
23.0;295.0;14.5;14.5;3.0;23;41;SUN;6;23;False;False;False;4000;21.3;1.04;0.75;NOV;11;SANTOSBR;31;POST-PANAMAXI;CGC;6217;D2030_215_newpanamax
23.0;225.0;0.0;13.25;1.0;19;55;SUN;6;23;False;False;False;70000;88.35;0.77;0.75;NOV;11;TEAG;33;PANAMAX;GSA - E;6218;D2030_215_newpanamax
23.0;225.0;14.25;0.0;2.0;22;59;SUN;6;23;False;False;False;70000;111.09;2.11;0.75;NOV;11;TERMAG;35;PANAMAX;GSM - I;6219;D2030_215_newpanamax
23.0;225.0;0.0;13.75;1.0;21;59;SUN;6;23;False;False;False;70000;62.19;5.26;0.75;NOV;11;TIPLAM - GSA - E;41;PANAMAX;GSA - E;6220;D2030_215_newpanamax
23.0;175.0;9.75;0.0;2.0;20;18;SUN;6;23;False;False;False;35000;90.66;7.02;0.75;NOV;11;USIMINAS;46;HANDYSIZE;CGNC;6221;D2030_215_newpanamax
23.0;225.0;0.0;13.75;1.0;21;59;SUN;6;23;False;False;False;70000;55.1;2.11;0.75;NOV;11;XXXIX;48;PANAMAX;GSA - E;6222;D2030_215_newpanamax
44.0;289.65;8.3;8.3;3.0;6;30;0;6;23;False;True;False;0;10.37;0.0;0.75;0;11;Concais;6;PASSAGEIROS;PASSAGEIROS;6223;D2030_215_newpanamax
23.0;265.0;9.25;9.25;3.0;1;4;MON;0;24;False;False;False;3000;15.61;2.0;0.75;NOV;11;TECON10;3;PANAMAX;CGC;6224;D2030_215_newpanamax
23.0;185.0;0.0;7.25;1.0;1;3;MON;0;24;False;False;False;35000;37.45;2.51;0.75;NOV;11;ADONAI;10;MRMEDIUMRANGE;GL;6225;D2030_215_newpanamax
23.0;215.0;8.25;8.25;3.0;0;1;MON;0;24;False;False;False;1000;13.85;3.65;0.75;NOV;11;BTP;13;FULLYCELLULAR;CGC;6226;D2030_215_newpanamax
23.0;295.0;9.75;9.75;3.0;1;2;MON;0;24;False;False;False;4000;20.66;2.29;0.75;NOV;11;BTP;13;POST-PANAMAXI;CGC;6227;D2030_215_newpanamax
43.0;339.0;14.0;14.0;3.0;1;2;MON;0;24;False;False;False;6000;23.63;3.95;0.75;NOV;11;BTP;13;POST-PANAMAXII;CGC;6228;D2030_215_newpanamax
23.0;225.0;0.0;10.25;1.0;2;5;MON;0;24;False;False;False;70000;68.98;18.5;0.75;NOV;11;COFCO;16;PANAMAX;GSA - E;6229;D2030_215_newpanamax
23.0;225.0;0.0;7.75;1.0;0;1;MON;0;24;False;False;False;70000;68.98;2.89;0.75;NOV;11;COFCO;16;PANAMAX;GSA - E;6230;D2030_215_newpanamax
23.0;225.0;0.0;13.25;1.0;5;12;MON;0;24;False;False;False;70000;58.85;1.68;0.75;NOV;11;COPESUCAR;17;PANAMAX;GSA - E;6231;D2030_215_newpanamax
23.0;175.0;0.0;9.75;1.0;8;9;MON;0;24;False;False;False;35000;57.8;2.93;0.75;NOV;11;CUTRALE - GL;18;MRMEDIUMRANGE;GL;6232;D2030_215_newpanamax
23.0;195.0;7.25;7.25;3.0;1;3;MON;0;24;False;False;False;1000;13.38;1.26;0.75;NOV;11;DPW - CGC;21;FULLYCELLULAR;CGC;6233;D2030_215_newpanamax
23.0;245.0;9.75;9.75;3.0;2;4;MON;0;24;False;False;False;3000;17.86;1.62;0.75;NOV;11;DPW - CGC;21;PANAMAX;CGC;6234;D2030_215_newpanamax
23.0;255.0;9.75;9.75;3.0;3;7;MON;0;24;False;False;False;3000;17.86;1.21;0.75;NOV;11;DPW - CGC;21;PANAMAX;CGC;6235;D2030_215_newpanamax
23.0;295.0;10.25;10.25;3.0;1;3;MON;0;24;False;False;False;4000;21.93;2.73;0.75;NOV;11;DPW - CGC;21;POST-PANAMAXI;CGC;6236;D2030_215_newpanamax
36.0;225.0;0.0;11.7;1.0;4;8;MON;0;24;False;False;False;55000;36.9;12.06;0.75;NOV;11;ELDORADO;23;NAVIOCARGAGERAL;CGNC;6237;D2030_215_newpanamax
23.0;225.0;0.0;13.25;1.0;6;11;MON;0;24;False;False;False;70000;53.25;4.19;0.75;NOV;11;ELEVACOES;24;PANAMAX;GSA - E;6238;D2030_215_newpanamax
36.0;225.0;0.0;11.7;1.0;6;6;MON;0;24;False;False;False;55000;200.0;13.89;0.75;NOV;11;NST - CGNC;29;NAVIOCARGAGERAL;CGNC;6239;D2030_215_newpanamax
23.0;195.0;8.75;8.75;3.0;3;7;MON;0;24;False;False;False;1000;16.8;2.41;0.75;NOV;11;SANTOSBR;31;FULLYCELLULAR;CGC;6240;D2030_215_newpanamax
23.0;265.0;8.75;8.75;3.0;0;1;MON;0;24;False;False;False;3000;15.61;1.35;0.75;NOV;11;SANTOSBR;31;PANAMAX;CGC;6241;D2030_215_newpanamax
43.0;339.0;14.0;14.0;3.0;2;5;MON;0;24;False;False;False;6000;25.92;2.1;0.75;NOV;11;SANTOSBR;31;POST-PANAMAXII;CGC;6242;D2030_215_newpanamax
23.0;185.0;8.75;8.75;3.0;5;13;MON;0;24;False;False;True;1500;20.97;1.2;0.75;NOV;11;TEV;37;CARGARO-RO;RORO;6243;D2030_215_newpanamax
23.0;225.0;0.0;13.25;1.0;1;5;MON;0;24;False;False;False;70000;61.75;5.07;0.75;NOV;11;TGRAO;39;PANAMAX;GSA - E;6244;D2030_215_newpanamax
23.0;185.0;0.0;8.25;1.0;2;4;MON;0;24;False;False;False;35000;29.94;1.24;0.75;NOV;11;TRANSPETRO;43;MRMEDIUMRANGE;GL;6245;D2030_215_newpanamax
38.0;333.33;8.6;8.6;3.0;6;12;0;0;24;False;True;False;0;11.33;0.0;0.75;0;11;Concais;6;PASSAGEIROS;PASSAGEIROS;6246;D2030_215_newpanamax
23.0;155.0;0.0;7.75;1.0;5;12;TUE;1;25;False;False;False;18000;45.88;0.51;0.75;NOV;11;AGEO_TERMINAIS;11;GPGENERALPURPOSE;GL;6247;D2030_215_newpanamax
23.0;305.0;10.75;10.75;3.0;3;8;TUE;1;25;False;False;False;4000;20.66;2.0;0.75;NOV;11;BTP;13;POST-PANAMAXI;CGC;6248;D2030_215_newpanamax
23.0;225.0;0.0;13.25;1.0;7;16;TUE;1;25;False;False;False;70000;68.98;1.49;0.75;NOV;11;COFCO;16;PANAMAX;GSA - E;6249;D2030_215_newpanamax
23.0;225.0;0.0;13.25;1.0;7;16;TUE;1;25;False;False;False;70000;68.98;23.92;0.75;NOV;11;COFCO;16;PANAMAX;GSA - E;6250;D2030_215_newpanamax
23.0;255.0;9.75;9.75;3.0;4;8;TUE;1;25;False;False;False;3000;17.86;1.27;0.75;NOV;11;DPW - CGC;21;PANAMAX;CGC;6251;D2030_215_newpanamax
23.0;295.0;10.75;10.75;3.0;4;8;TUE;1;25;False;False;False;4000;21.93;2.52;0.75;NOV;11;DPW - CGC;21;POST-PANAMAXI;CGC;6252;D2030_215_newpanamax
36.0;225.0;0.0;11.7;1.0;10;23;TUE;1;25;False;False;False;55000;200.0;7.67;0.75;NOV;11;NST - CGNC;29;NAVIOCARGAGERAL;CGNC;6253;D2030_215_newpanamax
36.0;225.0;0.0;11.7;1.0;10;30;TUE;1;25;False;False;False;55000;200.0;1.24;0.75;NOV;11;NST - CGNC;29;NAVIOCARGAGERAL;CGNC;6254;D2030_215_newpanamax
23.0;185.0;9.25;9.25;3.0;4;10;TUE;1;25;False;False;False;1000;16.8;5.12;0.75;NOV;11;SANTOSBR;31;FULLYCELLULAR;CGC;6255;D2030_215_newpanamax
23.0;255.0;10.25;10.25;3.0;5;12;TUE;1;25;False;False;False;3000;15.61;1.36;0.75;NOV;11;SANTOSBR;31;PANAMAX;CGC;6256;D2030_215_newpanamax
23.0;255.0;10.25;10.25;3.0;5;15;TUE;1;25;False;False;False;3000;15.61;1.29;0.75;NOV;11;SANTOSBR;31;PANAMAX;CGC;6257;D2030_215_newpanamax
23.0;295.0;11.25;11.25;3.0;5;12;TUE;1;25;False;False;False;4000;21.3;1.54;0.75;NOV;11;SANTOSBR;31;POST-PANAMAXI;CGC;6258;D2030_215_newpanamax
43.0;339.0;14.0;14.0;3.0;6;17;TUE;1;25;False;False;False;6000;25.92;1.96;0.75;NOV;11;SANTOSBR;31;POST-PANAMAXII;CGC;6259;D2030_215_newpanamax
23.0;225.0;0.0;10.25;1.0;4;9;TUE;1;25;False;False;False;70000;88.35;0.35;0.75;NOV;11;TEAG;33;PANAMAX;GSA - E;6260;D2030_215_newpanamax
23.0;225.0;12.75;0.0;2.0;1;7;TUE;1;25;False;False;False;70000;111.09;0.77;0.75;NOV;11;TERMAG;35;PANAMAX;GSM - I;6261;D2030_215_newpanamax
23.0;195.0;8.75;8.75;3.0;5;16;TUE;1;25;False;False;True;1500;20.97;3.99;0.75;NOV;11;TEV;37;CARGARO-RO;RORO;6262;D2030_215_newpanamax
23.0;195.0;8.75;8.75;3.0;6;17;TUE;1;25;False;False;True;1500;20.97;0.65;0.75;NOV;11;TEV;37;CARGARO-RO;RORO;6263;D2030_215_newpanamax
23.0;225.0;7.75;0.0;2.0;6;15;TUE;1;25;False;False;False;70000;104.45;4.6;0.75;NOV;11;TIPLAM - GSM - I;42;PANAMAX;GSM - I;6264;D2030_215_newpanamax
23.0;175.0;0.0;7.75;1.0;4;16;TUE;1;25;False;False;False;35000;90.66;19.51;0.75;NOV;11;USIMINAS;46;HANDYSIZE;CGNC;6265;D2030_215_newpanamax
32.0;274.9;6.85;6.8;3.0;5;45;0;1;25;False;True;False;0;10.17;0.0;0.75;0;11;Concais;6;PASSAGEIROS;PASSAGEIROS;6266;D2030_215_newpanamax
36.0;225.0;0.0;13.0;1.0;10;25;WED;2;26;False;False;False;55000;99.0;3.3;0.75;NOV;11;ARAUCO;1;NAVIOCARGAGERAL;CGNC;6267;D2030_215_newpanamax
36.0;225.0;0.0;13.0;1.0;8;20;WED;2;26;False;False;False;55000;99.66;0.45;0.75;NOV;11;BRACELL;12;NAVIOCARGAGERAL;CGNC;6268;D2030_215_newpanamax
23.0;295.0;12.25;12.25;3.0;8;23;WED;2;26;False;False;False;4000;20.66;1.47;0.75;NOV;11;BTP;13;POST-PANAMAXI;CGC;6269;D2030_215_newpanamax
23.0;295.0;11.75;11.75;3.0;5;17;WED;2;26;False;False;False;4000;20.66;3.33;0.75;NOV;11;BTP;13;POST-PANAMAXI;CGC;6270;D2030_215_newpanamax
23.0;295.0;12.25;12.25;3.0;7;21;WED;2;26;False;False;False;4000;20.66;2.23;0.75;NOV;11;BTP;13;POST-PANAMAXI;CGC;6271;D2030_215_newpanamax
23.0;225.0;0.0;13.75;1.0;11;27;WED;2;26;False;False;False;70000;68.98;39.15;0.75;NOV;11;COFCO;16;PANAMAX;GSA - E;6272;D2030_215_newpanamax
23.0;225.0;0.0;13.75;1.0;11;27;WED;2;26;False;False;False;70000;68.98;2.7;0.75;NOV;11;COFCO;16;PANAMAX;GSA - E;6273;D2030_215_newpanamax
23.0;225.0;0.0;13.75;1.0;9;28;WED;2;26;False;False;False;70000;58.85;1.2;0.75;NOV;11;COPESUCAR;17;PANAMAX;GSA - E;6274;D2030_215_newpanamax
23.0;255.0;10.75;10.75;3.0;8;22;WED;2;26;False;False;False;3000;17.86;2.31;0.75;NOV;11;DPW - CGC;21;PANAMAX;CGC;6275;D2030_215_newpanamax
23.0;325.0;11.25;11.25;3.0;8;22;WED;2;26;False;False;False;4000;21.93;2.1;0.75;NOV;11;DPW - CGC;21;POST-PANAMAXI;CGC;6276;D2030_215_newpanamax
36.0;225.0;0.0;13.0;1.0;9;25;WED;2;26;False;False;False;55000;64.0;3.12;0.75;NOV;11;DPW - CGNC;22;NAVIOCARGAGERAL;CGNC;6277;D2030_215_newpanamax
23.0;175.0;0.0;9.75;1.0;8;22;WED;2;26;False;False;False;35000;27.04;2.42;0.75;NOV;11;ELEVACOES;24;HANDYSIZE;GSA - E;6278;D2030_215_newpanamax
23.0;185.0;9.75;9.75;3.0;10;26;WED;2;26;False;False;False;1000;16.8;1.93;0.75;NOV;11;SANTOSBR;31;FULLYCELLULAR;CGC;6279;D2030_215_newpanamax
23.0;185.0;9.75;9.75;3.0;9;24;WED;2;26;False;False;False;1000;16.8;2.24;0.75;NOV;11;SANTOSBR;31;FULLYCELLULAR;CGC;6280;D2030_215_newpanamax
23.0;295.0;11.75;11.75;3.0;6;19;WED;2;26;False;False;False;4000;21.3;1.9;0.75;NOV;11;SANTOSBR;31;POST-PANAMAXI;CGC;6281;D2030_215_newpanamax
43.0;339.0;14.0;14.0;3.0;10;26;WED;2;26;False;False;False;6000;25.92;2.71;0.75;NOV;11;SANTOSBR;31;POST-PANAMAXII;CGC;6282;D2030_215_newpanamax
23.0;225.0;0.0;12.75;1.0;7;16;WED;2;26;False;False;False;70000;111.09;3.47;0.75;NOV;11;TES;36;PANAMAX;GSA - E;6283;D2030_215_newpanamax
23.0;195.0;8.75;8.75;3.0;9;26;WED;2;26;False;False;True;1500;20.97;0.78;0.75;NOV;11;TEV;37;CARGARO-RO;RORO;6284;D2030_215_newpanamax
23.0;225.0;0.0;13.25;1.0;10;24;WED;2;26;False;False;False;70000;39.92;1.62;0.75;NOV;11;TGG;38;PANAMAX;GSA - E;6285;D2030_215_newpanamax
23.0;225.0;0.0;13.25;1.0;8;24;WED;2;26;False;False;False;70000;62.19;1.23;0.75;NOV;11;TIPLAM - GSA - E;41;PANAMAX;GSA - E;6286;D2030_215_newpanamax
23.0;225.0;9.25;0.0;2.0;9;25;WED;2;26;False;False;False;70000;104.45;2.22;0.75;NOV;11;TIPLAM - GSM - I;42;PANAMAX;GSM - I;6287;D2030_215_newpanamax
23.0;175.0;9.75;0.0;2.0;8;21;WED;2;26;False;False;False;35000;62.88;0.0;0.75;NOV;11;VOPAK;47;MRMEDIUMRANGE;GL;6288;D2030_215_newpanamax
36.0;225.0;0.0;13.0;1.0;10;30;THU;3;27;False;False;False;55000;99.0;0.33;0.75;NOV;11;ARAUCO;1;NAVIOCARGAGERAL;CGNC;6289;D2030_215_newpanamax
23.0;225.0;0.0;13.25;1.0;11;24;THU;3;27;False;False;False;70000;51.12;0.9;0.75;NOV;11;RUMO - GSA - E;4;PANAMAX;GSA - E;6290;D2030_215_newpanamax
23.0;225.0;0.0;13.25;1.0;12;28;THU;3;27;False;False;False;70000;51.12;3.53;0.75;NOV;11;ADM;9;PANAMAX;GSA - E;6291;D2030_215_newpanamax
23.0;215.0;9.25;9.25;3.0;9;28;THU;3;27;False;False;False;1000;13.85;1.23;0.75;NOV;11;BTP;13;FULLYCELLULAR;CGC;6292;D2030_215_newpanamax
23.0;305.0;12.25;12.25;3.0;9;25;THU;3;27;False;False;False;4000;20.66;1.73;0.75;NOV;11;BTP;13;POST-PANAMAXI;CGC;6293;D2030_215_newpanamax
43.0;339.0;14.0;14.0;3.0;9;28;THU;3;27;False;False;False;6000;23.63;0.91;0.75;NOV;11;BTP;13;POST-PANAMAXII;CGC;6294;D2030_215_newpanamax
23.0;195.0;0.0;12.25;1.0;12;37;THU;3;27;False;False;False;45000;39.48;3.16;0.75;NOV;11;COPESUCAR;17;HANDYMAX;GSA - E;6295;D2030_215_newpanamax
23.0;225.0;0.0;13.75;1.0;12;36;THU;3;27;False;False;False;70000;58.85;2.42;0.75;NOV;11;COPESUCAR;17;PANAMAX;GSA - E;6296;D2030_215_newpanamax
23.0;225.0;0.0;13.25;1.0;11;35;THU;3;27;False;False;False;70000;54.03;4.71;0.75;NOV;11;CUTRALE - GSA - E;19;PANAMAX;GSA - E;6297;D2030_215_newpanamax
23.0;135.0;7.25;7.25;3.0;12;32;THU;3;27;False;False;False;500;7.08;1.69;0.75;NOV;11;SANTOSBR;31;FEEDER/EARLY;CGC;6298;D2030_215_newpanamax
23.0;265.0;11.25;11.25;3.0;12;32;THU;3;27;False;False;False;3000;15.61;1.49;0.75;NOV;11;SANTOSBR;31;PANAMAX;CGC;6299;D2030_215_newpanamax
23.0;295.0;12.25;12.25;3.0;11;30;THU;3;27;False;False;False;4000;21.3;1.3;0.75;NOV;11;SANTOSBR;31;POST-PANAMAXI;CGC;6300;D2030_215_newpanamax
23.0;225.0;0.0;12.75;1.0;11;26;THU;3;27;False;False;False;70000;111.09;6.69;0.75;NOV;11;TES;36;PANAMAX;GSA - E;6301;D2030_215_newpanamax
23.0;225.0;0.0;13.25;1.0;11;28;THU;3;27;False;False;False;70000;39.92;1.73;0.75;NOV;11;TGG;38;PANAMAX;GSA - E;6302;D2030_215_newpanamax
23.0;185.0;0.0;9.75;1.0;14;35;THU;3;27;False;False;False;35000;29.94;13.63;0.75;NOV;11;TRANSPETRO;43;MRMEDIUMRANGE;GL;6303;D2030_215_newpanamax
23.0;185.0;0.0;9.75;1.0;13;34;THU;3;27;False;False;False;35000;29.94;3.31;0.75;NOV;11;TRANSPETRO;43;MRMEDIUMRANGE;GL;6304;D2030_215_newpanamax
23.0;225.0;0.0;12.75;1.0;12;32;THU;3;27;False;False;False;70000;55.1;6.42;0.75;NOV;11;XXXIX;48;PANAMAX;GSA - E;6305;D2030_215_newpanamax
23.0;225.0;0.0;12.75;1.0;13;33;THU;3;27;False;False;False;70000;55.1;1.17;0.75;NOV;11;XXXIX;48;PANAMAX;GSA - E;6306;D2030_215_newpanamax
44.0;289.65;8.3;8.3;3.0;6;30;0;3;27;False;True;False;0;10.38;0.0;0.75;0;11;Concais;6;PASSAGEIROS;PASSAGEIROS;6307;D2030_215_newpanamax
23.0;255.0;12.25;12.25;3.0;17;46;FRI;4;28;False;False;False;3000;15.61;2.35;0.75;NOV;11;TECON10;3;PANAMAX;CGC;6308;D2030_215_newpanamax
23.0;155.0;9.25;0.0;2.0;13;36;FRI;4;28;False;False;False;18000;45.88;0.55;0.75;NOV;11;AGEO_TERMINAIS;11;GPGENERALPURPOSE;GL;6309;D2030_215_newpanamax
23.0;275.0;12.75;12.75;3.0;11;33;FRI;4;28;False;False;False;3000;14.7;2.74;0.75;NOV;11;BTP;13;PANAMAX;CGC;6310;D2030_215_newpanamax
23.0;205.0;0.0;10.25;1.0;13;41;FRI;4;28;False;False;False;35000;77.19;0.22;0.75;NOV;11;CITROSUCO;15;MRMEDIUMRANGE;GL;6311;D2030_215_newpanamax
23.0;195.0;0.0;13.25;1.0;14;45;FRI;4;28;False;False;False;45000;39.48;1.96;0.75;NOV;11;COPESUCAR;17;HANDYMAX;GSA - E;6312;D2030_215_newpanamax
23.0;195.0;10.25;10.25;3.0;13;36;FRI;4;28;False;False;False;1000;13.38;2.0;0.75;NOV;11;DPW - CGC;21;FULLYCELLULAR;CGC;6313;D2030_215_newpanamax
23.0;275.0;11.25;11.25;3.0;13;36;FRI;4;28;False;False;False;3000;17.86;3.75;0.75;NOV;11;DPW - CGC;21;PANAMAX;CGC;6314;D2030_215_newpanamax
23.0;275.0;11.25;11.25;3.0;13;37;FRI;4;28;False;False;False;3000;17.86;1.69;0.75;NOV;11;DPW - CGC;21;PANAMAX;CGC;6315;D2030_215_newpanamax
23.0;305.0;13.25;13.25;3.0;16;44;FRI;4;28;False;False;False;4000;21.93;2.2;0.75;NOV;11;DPW - CGC;21;POST-PANAMAXI;CGC;6316;D2030_215_newpanamax
36.0;225.0;0.0;13.0;1.0;15;42;FRI;4;28;False;False;False;55000;64.0;0.72;0.75;NOV;11;DPW - CGNC;22;NAVIOCARGAGERAL;CGNC;6317;D2030_215_newpanamax
23.0;195.0;11.25;0.0;2.0;14;41;FRI;4;28;False;False;False;45000;75.33;4.54;0.75;NOV;11;HIDROVIAS;27;HANDYMAX;GSM - I;6318;D2030_215_newpanamax
23.0;265.0;11.75;11.75;3.0;16;42;FRI;4;28;False;False;False;3000;15.61;2.26;0.75;NOV;11;SANTOSBR;31;PANAMAX;CGC;6319;D2030_215_newpanamax
23.0;225.0;0.0;13.25;1.0;13;31;FRI;4;28;False;False;False;70000;78.07;4.48;0.75;NOV;11;TEG;34;PANAMAX;GSA - E;6320;D2030_215_newpanamax
23.0;225.0;0.0;13.75;1.0;14;44;FRI;4;28;False;False;False;70000;39.92;3.71;0.75;NOV;11;TGG;38;PANAMAX;GSA - E;6321;D2030_215_newpanamax
23.0;165.0;9.75;0.0;2.0;12;43;FRI;4;28;False;False;False;18000;18.55;2.34;0.75;NOV;11;TIPLAM - GL;40;GPGENERALPURPOSE;GL;6322;D2030_215_newpanamax
23.0;225.0;0.0;13.25;1.0;13;37;FRI;4;28;False;False;False;70000;62.19;2.66;0.75;NOV;11;TIPLAM - GSA - E;41;PANAMAX;GSA - E;6323;D2030_215_newpanamax
23.0;185.0;0.0;9.75;1.0;15;40;FRI;4;28;False;False;False;35000;29.94;3.38;0.75;NOV;11;TRANSPETRO;43;MRMEDIUMRANGE;GL;6324;D2030_215_newpanamax
23.0;185.0;10.75;0.0;2.0;16;43;FRI;4;28;False;False;False;35000;57.11;8.54;0.75;NOV;11;ULTRACARGO;45;MRMEDIUMRANGE;GL;6325;D2030_215_newpanamax
23.0;235.0;0.0;12.75;1.0;15;44;FRI;4;28;False;False;False;70000;55.1;0.25;0.75;NOV;11;XXXIX;48;PANAMAX;GSA - E;6326;D2030_215_newpanamax
38.0;333.33;8.6;8.6;3.0;5;0;0;4;28;False;True;False;0;12.25;0.0;0.75;0;11;Concais;6;PASSAGEIROS;PASSAGEIROS;6327;D2030_215_newpanamax
32.0;274.9;6.75;6.8;3.0;5;45;0;4;28;False;True;False;0;9.33;0.0;0.75;0;11;Concais;6;PASSAGEIROS;PASSAGEIROS;6328;D2030_215_newpanamax
50.0;305.0;8.5;8.6;3.0;6;12;0;4;28;False;True;False;0;10.53;0.0;0.75;0;11;Concais;6;PASSAGEIROS;PASSAGEIROS;6329;D2030_215_newpanamax
44.0;323.0;8.3;8.6;3.0;19;30;0;4;28;False;True;False;0;21.0;0.0;0.75;0;11;Concais;6;PASSAGEIROS;PASSAGEIROS;6330;D2030_215_newpanamax
23.0;225.0;0.0;13.25;1.0;19;49;SAT;5;29;False;False;False;70000;51.12;2.69;0.75;NOV;11;RUMO - GSA - E;4;PANAMAX;GSA - E;6331;D2030_215_newpanamax
36.0;225.0;0.0;13.0;1.0;14;41;SAT;5;29;False;False;False;55000;99.66;2.16;0.75;NOV;11;BRACELL;12;NAVIOCARGAGERAL;CGNC;6332;D2030_215_newpanamax
23.0;295.0;14.25;14.25;3.0;18;51;SAT;5;29;False;False;False;4000;20.66;2.88;0.75;NOV;11;BTP;13;POST-PANAMAXI;CGC;6333;D2030_215_newpanamax
23.0;295.0;13.75;13.75;3.0;14;42;SAT;5;29;False;False;False;4000;20.66;1.89;0.75;NOV;11;BTP;13;POST-PANAMAXI;CGC;6334;D2030_215_newpanamax
32.2;205.0;0.0;12.2;1.0;16;48;SAT;5;29;False;False;False;55000;39.16;3.7;0.75;NOV;11;ELEVACOES;24;SUPRAMAX;GSA - E;6335;D2030_215_newpanamax
23.0;175.0;10.75;0.0;2.0;20;52;SAT;5;29;False;False;False;35000;59.83;2.84;0.75;NOV;11;HIDROVIAS;27;HANDYSIZE;GSM - I;6336;D2030_215_newpanamax
23.0;175.0;0.0;9.75;1.0;10;38;SAT;5;29;False;False;False;35000;137.91;0.05;0.75;NOV;11;NST - GL;30;MRMEDIUMRANGE;GL;6337;D2030_215_newpanamax
23.0;185.0;10.75;0.0;2.0;15;45;SAT;5;29;False;False;False;35000;59.07;3.26;0.75;NOV;11;STOLTHAVEN;32;MRMEDIUMRANGE;GL;6338;D2030_215_newpanamax
23.0;225.0;0.0;13.25;1.0;16;54;SAT;5;29;False;False;False;70000;111.09;7.58;0.75;NOV;11;TES;36;PANAMAX;GSA - E;6339;D2030_215_newpanamax
23.0;225.0;0.0;13.75;1.0;17;52;SAT;5;29;False;False;False;70000;39.92;1.46;0.75;NOV;11;TGG;38;PANAMAX;GSA - E;6340;D2030_215_newpanamax
23.0;225.0;0.0;13.25;1.0;17;49;SAT;5;29;False;False;False;70000;55.1;5.19;0.75;NOV;11;XXXIX;48;PANAMAX;GSA - E;6341;D2030_215_newpanamax
19.0;87.9;5.2;5.4;1.0;16;50;0;5;29;False;False;False;0;48.33;0.08;0.75;0;11;TUP - Saipem;8;HANDYSIZE;CGNC;6342;D2030_215_newpanamax
23.0;275.0;13.7;13.7;3.0;23;35;SUN;6;30;False;False;False;3000;15.61;1.59;0.75;NOV;11;TECON10;3;PANAMAX;CGC;6343;D2030_215_newpanamax
23.0;225.0;0.0;13.75;1.0;21;54;SUN;6;30;False;False;False;70000;51.12;6.43;0.75;NOV;11;ADM;9;PANAMAX;GSA - E;6344;D2030_215_newpanamax
23.0;295.0;14.25;14.25;3.0;20;55;SUN;6;30;False;False;False;4000;20.66;1.65;0.75;NOV;11;BTP;13;POST-PANAMAXI;CGC;6345;D2030_215_newpanamax
23.0;225.0;0.0;14.25;1.0;20;59;SUN;6;30;False;False;False;70000;68.98;3.89;0.75;NOV;11;COFCO;16;PANAMAX;GSA - E;6346;D2030_215_newpanamax
23.0;225.0;0.0;14.25;1.0;20;59;SUN;6;30;False;False;False;70000;68.98;10.19;0.75;NOV;11;COFCO;16;PANAMAX;GSA - E;6347;D2030_215_newpanamax
23.0;225.0;0.0;13.75;1.0;21;33;SUN;6;30;False;False;False;70000;58.85;2.37;0.75;NOV;11;COPESUCAR;17;PANAMAX;GSA - E;6348;D2030_215_newpanamax
23.0;185.0;11.75;11.75;3.0;22;58;SUN;6;30;False;False;False;1000;13.38;1.87;0.75;NOV;11;DPW - CGC;21;FULLYCELLULAR;CGC;6349;D2030_215_newpanamax
23.0;285.0;12.75;12.75;3.0;21;57;SUN;6;30;False;False;False;3000;17.86;1.36;0.75;NOV;11;DPW - CGC;21;PANAMAX;CGC;6350;D2030_215_newpanamax
23.0;285.0;13.25;13.25;3.0;22;39;SUN;6;30;False;False;False;3000;17.86;1.48;0.75;NOV;11;DPW - CGC;21;PANAMAX;CGC;6351;D2030_215_newpanamax
43.0;339.0;14.0;14.0;3.0;22;58;SUN;6;30;False;False;False;6000;27.82;1.88;0.75;NOV;11;DPW - CGC;21;POST-PANAMAXII;CGC;6352;D2030_215_newpanamax
23.0;195.0;0.0;13.75;1.0;22;59;SUN;6;30;False;False;False;45000;37.2;3.64;0.75;NOV;11;ELEVACOES;24;HANDYMAX;GSA - E;6353;D2030_215_newpanamax
23.0;225.0;0.0;14.2;1.0;23;52;SUN;6;30;False;False;False;70000;53.25;5.47;0.75;NOV;11;ELEVACOES;24;PANAMAX;GSA - E;6354;D2030_215_newpanamax
23.0;215.0;11.25;11.25;3.0;21;55;SUN;6;30;False;False;False;1000;16.8;2.93;0.75;NOV;11;SANTOSBR;31;FULLYCELLULAR;CGC;6355;D2030_215_newpanamax
23.0;295.0;13.75;13.75;3.0;21;55;SUN;6;30;False;False;False;4000;21.3;2.3;0.75;NOV;11;SANTOSBR;31;POST-PANAMAXI;CGC;6356;D2030_215_newpanamax
23.0;225.0;0.0;13.25;1.0;23;36;SUN;6;30;False;False;False;70000;88.35;0.9;0.75;NOV;11;TEAG;33;PANAMAX;GSA - E;6357;D2030_215_newpanamax
23.0;225.0;0.0;14.25;1.0;23;43;SUN;6;30;False;False;False;70000;39.92;1.32;0.75;NOV;11;TGG;38;PANAMAX;GSA - E;6358;D2030_215_newpanamax
23.0;185.0;11.25;0.0;2.0;21;56;SUN;6;30;False;False;False;35000;29.94;1.5;0.75;NOV;11;TRANSPETRO;43;MRMEDIUMRANGE;GL;6359;D2030_215_newpanamax
23.0;165.0;9.75;0.0;2.0;22;41;SUN;6;30;False;False;False;18000;41.58;0.0;0.75;NOV;11;VOPAK;47;GPGENERALPURPOSE;GL;6360;D2030_215_newpanamax
44.0;289.65;8.3;8.3;3.0;6;30;0;6;30;False;True;False;0;10.17;0.0;0.75;0;11;Concais;6;PASSAGEIROS;PASSAGEIROS;6361;D2030_215_newpanamax
23.0;185.0;8.75;8.75;3.0;2;4;MON;0;1;False;False;False;1000;16.8;1.43;0.75;DEC;12;TECON10;3;FULLYCELLULAR;CGC;6362;D2030_215_newpanamax
23.0;155.0;0.0;9.25;1.0;1;1;MON;0;1;False;False;False;18000;32.32;1.36;0.75;DEC;12;ADONAI;10;GPGENERALPURPOSE;GL;6363;D2030_215_newpanamax
23.0;185.0;0.0;10.25;1.0;3;5;MON;0;1;False;False;False;45000;39.48;2.21;0.75;DEC;12;COPESUCAR;17;HANDYMAX;GSA - E;6364;D2030_215_newpanamax
23.0;225.0;0.0;6.75;1.0;0;1;MON;0;1;False;False;False;70000;54.03;0.28;0.75;DEC;12;CUTRALE - GSA - E;19;PANAMAX;GSA - E;6365;D2030_215_newpanamax
23.0;185.0;8.25;8.25;3.0;3;6;MON;0;1;False;False;False;1000;13.38;2.12;0.75;DEC;12;DPW - CGC;21;FULLYCELLULAR;CGC;6366;D2030_215_newpanamax
23.0;255.0;9.75;9.75;3.0;3;6;MON;0;1;False;False;False;3000;17.86;3.46;0.75;DEC;12;DPW - CGC;21;PANAMAX;CGC;6367;D2030_215_newpanamax
43.0;339.0;14.0;14.0;3.0;2;4;MON;0;1;False;False;False;6000;27.82;1.62;0.75;DEC;12;DPW - CGC;21;POST-PANAMAXII;CGC;6368;D2030_215_newpanamax
23.0;225.0;0.0;13.25;1.0;0;3;MON;0;1;False;False;False;70000;53.25;1.83;0.75;DEC;12;ELEVACOES;24;PANAMAX;GSA - E;6369;D2030_215_newpanamax
23.0;185.0;6.75;0.0;2.0;0;0;MON;0;1;False;False;False;45000;75.33;19.03;0.75;DEC;12;HIDROVIAS;27;HANDYMAX;GSM - I;6370;D2030_215_newpanamax
23.0;265.0;8.75;8.75;3.0;0;1;MON;0;1;False;False;False;3000;15.61;0.94;0.75;DEC;12;SANTOSBR;31;PANAMAX;CGC;6371;D2030_215_newpanamax
23.0;225.0;0.0;9.25;1.0;1;3;MON;0;1;False;False;False;70000;88.35;0.93;0.75;DEC;12;TEAG;33;PANAMAX;GSA - E;6372;D2030_215_newpanamax
23.0;195.0;6.25;0.0;2.0;0;0;MON;0;1;False;False;False;45000;85.0;2.1;0.75;DEC;12;TIPLAM - GSM - I;42;HANDYMAX;GSM - I;6373;D2030_215_newpanamax
23.0;175.0;0.0;6.75;1.0;0;4;MON;0;1;False;False;False;35000;90.66;5.04;0.75;DEC;12;USIMINAS;46;HANDYSIZE;CGNC;6374;D2030_215_newpanamax
32.0;274.9;6.7;8.7;3.0;5;45;0;0;1;False;True;False;0;10.42;0.0;0.75;0;12;Concais;6;PASSAGEIROS;PASSAGEIROS;6375;D2030_215_newpanamax
50.0;305.0;8.5;8.6;3.0;6;0;0;0;1;False;True;False;0;10.1;0.0;0.75;0;12;Concais;6;PASSAGEIROS;PASSAGEIROS;6376;D2030_215_newpanamax
38.0;333.33;8.6;8.6;3.0;6;42;0;0;1;False;True;False;0;11.08;0.0;0.75;0;12;Concais;6;PASSAGEIROS;PASSAGEIROS;6377;D2030_215_newpanamax
23.0;225.0;0.0;8.25;1.0;7;9;TUE;1;2;False;False;False;60000;81.86;8.21;0.75;DEC;12;STS;2;LR1LONGRANGE1;GL;6378;D2030_215_newpanamax
23.0;225.0;0.0;12.75;1.0;5;8;TUE;1;2;False;False;False;70000;51.12;1.18;0.75;DEC;12;ADM;9;PANAMAX;GSA - E;6379;D2030_215_newpanamax
23.0;185.0;0.0;8.25;1.0;3;7;TUE;1;2;False;False;False;35000;64.43;0.37;0.75;DEC;12;AGEO_TERMINAIS;11;MRMEDIUMRANGE;GL;6380;D2030_215_newpanamax
23.0;305.0;10.75;10.75;3.0;3;9;TUE;1;2;False;False;False;4000;20.66;3.83;0.75;DEC;12;BTP;13;POST-PANAMAXI;CGC;6381;D2030_215_newpanamax
23.0;305.0;11.25;11.25;3.0;4;12;TUE;1;2;False;False;False;4000;20.66;1.93;0.75;DEC;12;BTP;13;POST-PANAMAXI;CGC;6382;D2030_215_newpanamax
43.0;339.0;14.0;14.0;3.0;4;12;TUE;1;2;False;False;False;6000;23.63;1.2;0.75;DEC;12;BTP;13;POST-PANAMAXII;CGC;6383;D2030_215_newpanamax
23.0;225.0;0.0;13.25;1.0;7;15;TUE;1;2;False;False;False;70000;68.98;5.29;0.75;DEC;12;COFCO;16;PANAMAX;GSA - E;6384;D2030_215_newpanamax
23.0;185.0;8.75;8.75;3.0;5;11;TUE;1;2;False;False;False;1000;13.38;2.56;0.75;DEC;12;DPW - CGC;21;FULLYCELLULAR;CGC;6385;D2030_215_newpanamax
23.0;295.0;10.75;10.75;3.0;4;8;TUE;1;2;False;False;False;4000;21.93;3.5;0.75;DEC;12;DPW - CGC;21;POST-PANAMAXI;CGC;6386;D2030_215_newpanamax
23.0;225.0;0.0;13.75;1.0;8;17;TUE;1;2;False;False;False;70000;53.25;3.14;0.75;DEC;12;ELEVACOES;24;PANAMAX;GSA - E;6387;D2030_215_newpanamax
23.0;185.0;9.25;9.25;3.0;5;13;TUE;1;2;False;False;False;1000;16.8;2.68;0.75;DEC;12;SANTOSBR;31;FULLYCELLULAR;CGC;6388;D2030_215_newpanamax
23.0;255.0;10.25;10.25;3.0;5;13;TUE;1;2;False;False;False;3000;15.61;2.74;0.75;DEC;12;SANTOSBR;31;PANAMAX;CGC;6389;D2030_215_newpanamax
23.0;295.0;11.25;11.25;3.0;5;13;TUE;1;2;False;False;False;4000;21.3;2.93;0.75;DEC;12;SANTOSBR;31;POST-PANAMAXI;CGC;6390;D2030_215_newpanamax
43.0;339.0;14.0;14.0;3.0;5;13;TUE;1;2;False;False;False;6000;25.92;4.1;0.75;DEC;12;SANTOSBR;31;POST-PANAMAXII;CGC;6391;D2030_215_newpanamax
23.0;225.0;0.0;12.75;1.0;5;9;TUE;1;2;False;False;False;70000;78.07;0.59;0.75;DEC;12;TEG;34;PANAMAX;GSA - E;6392;D2030_215_newpanamax
23.0;215.0;8.25;8.25;3.0;6;16;TUE;1;2;False;False;True;3000;20.25;1.11;0.75;DEC;12;TEV;37;PCTCPADRAO;RORO;6393;D2030_215_newpanamax
23.0;195.0;8.75;0.0;2.0;6;13;TUE;1;2;False;False;False;45000;85.0;1.69;0.75;DEC;12;TIPLAM - GSM - I;42;HANDYMAX;GSM - I;6394;D2030_215_newpanamax
23.0;225.0;7.75;0.0;2.0;2;7;TUE;1;2;False;False;False;70000;104.45;9.43;0.75;DEC;12;TIPLAM - GSM - I;42;PANAMAX;GSM - I;6395;D2030_215_newpanamax
23.0;225.0;0.0;12.25;1.0;8;21;TUE;1;2;False;False;False;70000;55.1;3.83;0.75;DEC;12;XXXIX;48;PANAMAX;GSA - E;6396;D2030_215_newpanamax
23.0;155.0;0.0;8.25;1.0;7;18;WED;2;3;False;False;False;18000;45.88;0.4;0.75;DEC;12;AGEO_TERMINAIS;11;GPGENERALPURPOSE;GL;6397;D2030_215_newpanamax
36.0;225.0;0.0;13.0;1.0;6;15;WED;2;3;False;False;False;55000;99.66;2.58;0.75;DEC;12;BRACELL;12;NAVIOCARGAGERAL;CGNC;6398;D2030_215_newpanamax
23.0;225.0;0.0;13.75;1.0;11;28;WED;2;3;False;False;False;70000;68.98;11.29;0.75;DEC;12;COFCO;16;PANAMAX;GSA - E;6399;D2030_215_newpanamax
23.0;225.0;0.0;13.25;1.0;11;34;WED;2;3;False;False;False;70000;54.03;0.88;0.75;DEC;12;CUTRALE - GSA - E;19;PANAMAX;GSA - E;6400;D2030_215_newpanamax
23.0;255.0;10.75;10.75;3.0;8;20;WED;2;3;False;False;False;3000;17.86;1.91;0.75;DEC;12;DPW - CGC;21;PANAMAX;CGC;6401;D2030_215_newpanamax
36.0;225.0;0.0;13.0;1.0;8;22;WED;2;3;False;False;False;55000;64.0;2.4;0.75;DEC;12;DPW - CGNC;22;NAVIOCARGAGERAL;CGNC;6402;D2030_215_newpanamax
23.0;225.0;11.75;0.0;2.0;5;18;WED;2;3;False;False;False;70000;49.28;4.46;0.75;DEC;12;HIDROVIAS;27;PANAMAX;GSM - I;6403;D2030_215_newpanamax
23.0;175.0;0.0;9.75;1.0;10;36;WED;2;3;False;False;False;35000;137.91;0.14;0.75;DEC;12;NST - GL;30;MRMEDIUMRANGE;GL;6404;D2030_215_newpanamax
23.0;245.0;10.75;10.75;3.0;7;21;WED;2;3;False;False;False;3000;15.61;2.85;0.75;DEC;12;SANTOSBR;31;PANAMAX;CGC;6405;D2030_215_newpanamax
43.0;339.0;14.0;14.0;3.0;10;27;WED;2;3;False;False;False;6000;25.92;1.91;0.75;DEC;12;SANTOSBR;31;POST-PANAMAXII;CGC;6406;D2030_215_newpanamax
23.0;225.0;13.25;0.0;2.0;3;12;WED;2;3;False;False;False;70000;111.09;3.36;0.75;DEC;12;TERMAG;35;PANAMAX;GSM - I;6407;D2030_215_newpanamax
23.0;165.0;9.75;0.0;2.0;8;16;WED;2;3;False;False;False;18000;18.55;3.21;0.75;DEC;12;TIPLAM - GL;40;GPGENERALPURPOSE;GL;6408;D2030_215_newpanamax
23.0;245.0;0.0;10.25;1.0;8;17;WED;2;3;False;False;False;60000;48.22;1.33;0.75;DEC;12;TRANSPETRO;43;LR1LONGRANGE1;GL;6409;D2030_215_newpanamax
23.0;175.0;9.75;0.0;2.0;8;22;WED;2;3;False;False;False;35000;62.88;0.0;0.75;DEC;12;VOPAK;47;MRMEDIUMRANGE;GL;6410;D2030_215_newpanamax
23.0;225.0;0.0;13.25;1.0;11;24;THU;3;4;False;False;False;70000;51.12;3.3;0.75;DEC;12;RUMO - GSA - E;4;PANAMAX;GSA - E;6411;D2030_215_newpanamax
23.0;135.0;7.75;7.75;3.0;8;23;THU;3;4;False;False;False;500;20.71;2.73;0.75;DEC;12;BTP;13;FEEDER/EARLY;CGC;6412;D2030_215_newpanamax
23.0;305.0;12.25;12.25;3.0;9;25;THU;3;4;False;False;False;4000;20.66;3.03;0.75;DEC;12;BTP;13;POST-PANAMAXI;CGC;6413;D2030_215_newpanamax
43.0;339.0;14.0;14.0;3.0;8;23;THU;3;4;False;False;False;6000;23.63;4.55;0.75;DEC;12;BTP;13;POST-PANAMAXII;CGC;6414;D2030_215_newpanamax
23.0;185.0;10.25;10.25;3.0;12;33;THU;3;4;False;False;False;1000;13.38;2.91;0.75;DEC;12;DPW - CGC;21;FULLYCELLULAR;CGC;6415;D2030_215_newpanamax
23.0;255.0;11.25;11.25;3.0;12;33;THU;3;4;False;False;False;3000;17.86;1.44;0.75;DEC;12;DPW - CGC;21;PANAMAX;CGC;6416;D2030_215_newpanamax
23.0;225.0;0.0;13.75;1.0;11;31;THU;3;4;False;False;False;70000;53.25;4.4;0.75;DEC;12;ELEVACOES;24;PANAMAX;GSA - E;6417;D2030_215_newpanamax
23.0;185.0;10.25;10.25;3.0;13;36;THU;3;4;False;False;False;1000;16.8;2.44;0.75;DEC;12;SANTOSBR;31;FULLYCELLULAR;CGC;6418;D2030_215_newpanamax
23.0;265.0;11.25;11.25;3.0;12;33;THU;3;4;False;False;False;3000;15.61;1.79;0.75;DEC;12;SANTOSBR;31;PANAMAX;CGC;6419;D2030_215_newpanamax
23.0;265.0;11.25;11.25;3.0;12;33;THU;3;4;False;False;False;3000;15.61;2.44;0.75;DEC;12;SANTOSBR;31;PANAMAX;CGC;6420;D2030_215_newpanamax
23.0;225.0;0.0;13.25;1.0;8;27;THU;3;4;False;False;False;70000;88.35;0.21;0.75;DEC;12;TEAG;33;PANAMAX;GSA - E;6421;D2030_215_newpanamax
23.0;225.0;0.0;12.75;1.0;11;26;THU;3;4;False;False;False;70000;111.09;2.43;0.75;DEC;12;TES;36;PANAMAX;GSA - E;6422;D2030_215_newpanamax
23.0;225.0;0.0;13.25;1.0;11;33;THU;3;4;False;False;False;70000;39.92;0.84;0.75;DEC;12;TGG;38;PANAMAX;GSA - E;6423;D2030_215_newpanamax
23.0;225.0;0.0;13.25;1.0;10;26;THU;3;4;False;False;False;70000;62.19;3.77;0.75;DEC;12;TIPLAM - GSA - E;41;PANAMAX;GSA - E;6424;D2030_215_newpanamax
23.0;225.0;0.0;13.25;1.0;12;33;THU;3;4;False;False;False;70000;62.19;7.78;0.75;DEC;12;TIPLAM - GSA - E;41;PANAMAX;GSA - E;6425;D2030_215_newpanamax
23.0;275.0;11.75;11.75;3.0;16;44;FRI;4;5;False;False;False;3000;15.61;2.96;0.75;DEC;12;TECON10;3;PANAMAX;CGC;6426;D2030_215_newpanamax
23.0;155.0;9.25;0.0;2.0;15;40;FRI;4;5;False;False;False;18000;45.88;0.38;0.75;DEC;12;AGEO_TERMINAIS;11;GPGENERALPURPOSE;GL;6427;D2030_215_newpanamax
23.0;185.0;10.25;0.0;2.0;15;40;FRI;4;5;False;False;False;35000;64.43;0.36;0.75;DEC;12;AGEO_TERMINAIS;11;MRMEDIUMRANGE;GL;6428;D2030_215_newpanamax
23.0;295.0;13.25;13.25;3.0;11;34;FRI;4;5;False;False;False;4000;20.66;4.07;0.75;DEC;12;BTP;13;POST-PANAMAXI;CGC;6429;D2030_215_newpanamax
23.0;175.0;10.25;0.0;2.0;9;37;FRI;4;5;False;False;False;35000;135.86;6.33;0.75;DEC;12;BUNGE;14;HANDYSIZE;GSA - I;6430;D2030_215_newpanamax
23.0;225.0;0.0;13.75;1.0;16;46;FRI;4;5;False;False;False;70000;68.98;8.01;0.75;DEC;12;COFCO;16;PANAMAX;GSA - E;6431;D2030_215_newpanamax
23.0;195.0;0.0;13.25;1.0;16;49;FRI;4;5;False;False;False;45000;39.48;3.43;0.75;DEC;12;COPESUCAR;17;HANDYMAX;GSA - E;6432;D2030_215_newpanamax
23.0;205.0;10.25;10.25;3.0;14;38;FRI;4;5;False;False;False;1000;13.38;1.09;0.75;DEC;12;DPW - CGC;21;FULLYCELLULAR;CGC;6433;D2030_215_newpanamax
23.0;205.0;10.75;10.75;3.0;16;43;FRI;4;5;False;False;False;1000;13.38;2.53;0.75;DEC;12;DPW - CGC;21;FULLYCELLULAR;CGC;6434;D2030_215_newpanamax
23.0;265.0;11.75;11.75;3.0;16;43;FRI;4;5;False;False;False;3000;17.86;1.19;0.75;DEC;12;DPW - CGC;21;PANAMAX;CGC;6435;D2030_215_newpanamax
23.0;305.0;12.75;12.75;3.0;14;39;FRI;4;5;False;False;False;4000;21.93;3.91;0.75;DEC;12;DPW - CGC;21;POST-PANAMAXI;CGC;6436;D2030_215_newpanamax
36.0;225.0;0.0;11.7;1.0;17;41;FRI;4;5;False;False;False;55000;50.0;5.32;0.75;DEC;12;SUZANO;25;NAVIOCARGAGERAL;CGNC;6437;D2030_215_newpanamax
23.0;215.0;10.25;10.25;3.0;16;43;FRI;4;5;False;False;False;1000;16.8;2.13;0.75;DEC;12;SANTOSBR;31;FULLYCELLULAR;CGC;6438;D2030_215_newpanamax
23.0;215.0;10.25;10.25;3.0;16;43;FRI;4;5;False;False;False;1000;16.8;2.9;0.75;DEC;12;SANTOSBR;31;FULLYCELLULAR;CGC;6439;D2030_215_newpanamax
23.0;275.0;11.75;11.75;3.0;16;43;FRI;4;5;False;False;False;3000;15.61;3.3;0.75;DEC;12;SANTOSBR;31;PANAMAX;CGC;6440;D2030_215_newpanamax
23.0;235.0;12.25;12.25;3.0;17;45;FRI;4;5;False;False;False;3000;15.61;3.71;0.75;DEC;12;SANTOSBR;31;PANAMAX;CGC;6441;D2030_215_newpanamax
43.0;339.0;14.0;14.0;3.0;13;37;FRI;4;5;False;False;False;6000;25.92;2.56;0.75;DEC;12;SANTOSBR;31;POST-PANAMAXII;CGC;6442;D2030_215_newpanamax
23.0;225.0;0.0;13.25;1.0;13;33;FRI;4;5;False;False;False;70000;111.09;4.41;0.75;DEC;12;TES;36;PANAMAX;GSA - E;6443;D2030_215_newpanamax
23.0;185.0;0.0;9.75;1.0;15;40;FRI;4;5;False;False;False;35000;29.94;7.41;0.75;DEC;12;TRANSPETRO;43;MRMEDIUMRANGE;GL;6444;D2030_215_newpanamax
23.0;175.0;10.75;0.0;2.0;15;39;FRI;4;5;False;False;False;35000;57.11;5.14;0.75;DEC;12;ULTRACARGO;45;MRMEDIUMRANGE;GL;6445;D2030_215_newpanamax
36.0;225.0;0.0;13.0;1.0;16;49;SAT;5;6;False;False;False;55000;99.0;0.99;0.75;DEC;12;ARAUCO;1;NAVIOCARGAGERAL;CGNC;6446;D2030_215_newpanamax
23.0;185.0;10.25;10.25;3.0;18;51;SAT;5;6;False;False;False;1000;13.85;3.82;0.75;DEC;12;BTP;13;FULLYCELLULAR;CGC;6447;D2030_215_newpanamax
23.0;275.0;13.75;13.75;3.0;19;52;SAT;5;6;False;False;False;3000;14.7;1.94;0.75;DEC;12;BTP;13;PANAMAX;CGC;6448;D2030_215_newpanamax
23.0;275.0;13.75;13.75;3.0;18;50;SAT;5;6;False;False;False;3000;14.7;3.26;0.75;DEC;12;BTP;13;PANAMAX;CGC;6449;D2030_215_newpanamax
23.0;295.0;14.25;14.25;3.0;18;50;SAT;5;6;False;False;False;4000;20.66;5.4;0.75;DEC;12;BTP;13;POST-PANAMAXI;CGC;6450;D2030_215_newpanamax
43.0;339.0;14.0;14.0;3.0;18;50;SAT;5;6;False;False;False;6000;23.63;2.8;0.75;DEC;12;BTP;13;POST-PANAMAXII;CGC;6451;D2030_215_newpanamax
23.0;195.0;0.0;13.25;1.0;19;59;SAT;5;6;False;False;False;45000;39.48;1.2;0.75;DEC;12;COPESUCAR;17;HANDYMAX;GSA - E;6452;D2030_215_newpanamax
23.0;205.0;0.0;10.25;1.0;17;51;SAT;5;6;False;False;False;35000;57.8;5.86;0.75;DEC;12;CUTRALE - GL;18;MRMEDIUMRANGE;GL;6453;D2030_215_newpanamax
23.0;265.0;12.25;12.25;3.0;17;47;SAT;5;6;False;False;False;3000;17.86;2.64;0.75;DEC;12;DPW - CGC;21;PANAMAX;CGC;6454;D2030_215_newpanamax
23.0;275.0;12.25;12.25;3.0;18;51;SAT;5;6;False;False;False;3000;17.86;1.25;0.75;DEC;12;DPW - CGC;21;PANAMAX;CGC;6455;D2030_215_newpanamax
23.0;225.0;0.0;14.2;1.0;17;50;SAT;5;6;False;False;False;70000;53.25;2.09;0.75;DEC;12;ELEVACOES;24;PANAMAX;GSA - E;6456;D2030_215_newpanamax
23.0;175.0;0.0;9.75;1.0;10;43;SAT;5;6;False;False;False;35000;137.91;0.09;0.75;DEC;12;NST - GL;30;MRMEDIUMRANGE;GL;6457;D2030_215_newpanamax
23.0;225.0;0.0;13.25;1.0;17;56;SAT;5;6;False;False;False;70000;111.09;7.05;0.75;DEC;12;TES;36;PANAMAX;GSA - E;6458;D2030_215_newpanamax
23.0;225.0;0.0;13.25;1.0;16;55;SAT;5;6;False;False;False;70000;111.09;0.73;0.75;DEC;12;TES;36;PANAMAX;GSA - E;6459;D2030_215_newpanamax
23.0;195.0;9.25;9.25;3.0;15;48;SAT;5;6;False;False;True;1500;20.97;5.05;0.75;DEC;12;TEV;37;CARGARO-RO;RORO;6460;D2030_215_newpanamax
23.0;195.0;10.25;0.0;2.0;17;48;SAT;5;6;False;False;False;45000;85.0;2.05;0.75;DEC;12;TIPLAM - GSM - I;42;HANDYMAX;GSM - I;6461;D2030_215_newpanamax
23.0;225.0;13.25;0.0;2.0;17;48;SAT;5;6;False;False;False;70000;104.45;2.1;0.75;DEC;12;TIPLAM - GSM - I;42;PANAMAX;GSM - I;6462;D2030_215_newpanamax
23.0;225.0;12.25;0.0;2.0;16;46;SAT;5;6;False;False;False;60000;81.86;1.93;0.75;DEC;12;ULTRACARGO;45;LR1LONGRANGE1;GL;6463;D2030_215_newpanamax
23.0;225.0;0.0;13.25;1.0;17;49;SAT;5;6;False;False;False;70000;55.1;0.0;0.75;DEC;12;XXXIX;48;PANAMAX;GSA - E;6464;D2030_215_newpanamax
23.0;195.0;12.75;0.0;2.0;20;57;SUN;6;7;False;False;False;45000;89.37;3.29;0.75;DEC;12;RUMO - GSM - I;5;HANDYMAX;GSM - I;6465;D2030_215_newpanamax
23.0;225.0;0.0;13.75;1.0;23;59;SUN;6;7;False;False;False;70000;51.12;2.78;0.75;DEC;12;ADM;9;PANAMAX;GSA - E;6466;D2030_215_newpanamax
23.0;305.0;14.5;14.5;3.0;23;45;SUN;6;7;False;False;False;4000;20.66;2.71;0.75;DEC;12;BTP;13;POST-PANAMAXI;CGC;6467;D2030_215_newpanamax
23.0;305.0;14.25;14.25;3.0;23;1;SUN;6;7;False;False;False;4000;20.66;1.24;0.75;DEC;12;BTP;13;POST-PANAMAXI;CGC;6468;D2030_215_newpanamax
23.0;225.0;0.0;14.25;1.0;21;2;SUN;6;7;False;False;False;70000;68.98;3.82;0.75;DEC;12;COFCO;16;PANAMAX;GSA - E;6469;D2030_215_newpanamax
23.0;225.0;0.0;13.75;1.0;21;30;SUN;6;7;False;False;False;70000;58.85;2.1;0.75;DEC;12;COPESUCAR;17;PANAMAX;GSA - E;6470;D2030_215_newpanamax
23.0;215.0;11.75;11.75;3.0;23;31;SUN;6;7;False;False;False;1000;13.38;1.42;0.75;DEC;12;DPW - CGC;21;FULLYCELLULAR;CGC;6471;D2030_215_newpanamax
23.0;255.0;14.25;14.25;3.0;23;13;SUN;6;7;False;False;False;3000;17.86;1.95;0.75;DEC;12;DPW - CGC;21;PANAMAX;CGC;6472;D2030_215_newpanamax
43.0;339.0;14.0;14.0;3.0;23;31;SUN;6;7;False;False;False;6000;27.82;2.66;0.75;DEC;12;DPW - CGC;21;POST-PANAMAXII;CGC;6473;D2030_215_newpanamax
36.0;225.0;0.0;13.0;1.0;21;58;SUN;6;7;False;False;False;55000;64.0;3.38;0.75;DEC;12;DPW - CGNC;22;NAVIOCARGAGERAL;CGNC;6474;D2030_215_newpanamax
32.2;205.0;0.0;12.2;1.0;21;58;SUN;6;7;False;False;False;55000;39.16;1.9;0.75;DEC;12;ELEVACOES;24;SUPRAMAX;GSA - E;6475;D2030_215_newpanamax
23.0;215.0;11.25;11.25;3.0;21;55;SUN;6;7;False;False;False;1000;16.8;2.09;0.75;DEC;12;SANTOSBR;31;FULLYCELLULAR;CGC;6476;D2030_215_newpanamax
23.0;275.0;12.75;12.75;3.0;21;55;SUN;6;7;False;False;False;3000;15.61;3.01;0.75;DEC;12;SANTOSBR;31;PANAMAX;CGC;6477;D2030_215_newpanamax
23.0;295.0;13.75;13.75;3.0;21;55;SUN;6;7;False;False;False;4000;21.3;1.95;0.75;DEC;12;SANTOSBR;31;POST-PANAMAXI;CGC;6478;D2030_215_newpanamax
43.0;339.0;14.0;14.0;3.0;21;55;SUN;6;7;False;False;False;6000;25.92;2.27;0.75;DEC;12;SANTOSBR;31;POST-PANAMAXII;CGC;6479;D2030_215_newpanamax
23.0;225.0;0.0;13.25;1.0;18;55;SUN;6;7;False;False;False;70000;88.35;2.41;0.75;DEC;12;TEAG;33;PANAMAX;GSA - E;6480;D2030_215_newpanamax
23.0;195.0;10.25;10.25;3.0;21;56;SUN;6;7;False;False;True;1500;20.97;0.4;0.75;DEC;12;TEV;37;CARGARO-RO;RORO;6481;D2030_215_newpanamax
23.0;225.0;0.0;14.25;1.0;21;59;SUN;6;7;False;False;False;70000;61.75;2.3;0.75;DEC;12;TGRAO;39;PANAMAX;GSA - E;6482;D2030_215_newpanamax
23.0;185.0;11.25;0.0;2.0;22;58;SUN;6;7;False;False;False;35000;29.94;4.28;0.75;DEC;12;TRANSPETRO;43;MRMEDIUMRANGE;GL;6483;D2030_215_newpanamax
23.0;225.0;0.0;13.75;1.0;23;4;SUN;6;7;False;False;False;70000;55.1;0.3;0.75;DEC;12;XXXIX;48;PANAMAX;GSA - E;6484;D2030_215_newpanamax
23.0;265.0;9.25;9.25;3.0;2;4;MON;0;8;False;False;False;3000;15.61;3.09;0.75;DEC;12;TECON10;3;PANAMAX;CGC;6485;D2030_215_newpanamax
23.0;175.0;0.0;7.25;1.0;1;1;MON;0;8;False;False;False;35000;37.45;5.22;0.75;DEC;12;ADONAI;10;MRMEDIUMRANGE;GL;6486;D2030_215_newpanamax
23.0;225.0;0.0;12.25;1.0;6;11;MON;0;8;False;False;False;70000;68.98;12.39;0.75;DEC;12;COFCO;16;PANAMAX;GSA - E;6487;D2030_215_newpanamax
23.0;225.0;0.0;8.75;1.0;1;3;MON;0;8;False;False;False;70000;54.03;4.19;0.75;DEC;12;CUTRALE - GSA - E;19;PANAMAX;GSA - E;6488;D2030_215_newpanamax
23.0;185.0;7.25;7.25;3.0;0;1;MON;0;8;False;False;False;1000;13.38;1.01;0.75;DEC;12;DPW - CGC;21;FULLYCELLULAR;CGC;6489;D2030_215_newpanamax
23.0;245.0;8.75;8.75;3.0;0;1;MON;0;8;False;False;False;3000;17.86;1.03;0.75;DEC;12;DPW - CGC;21;PANAMAX;CGC;6490;D2030_215_newpanamax
36.0;225.0;0.0;13.0;1.0;0;1;MON;0;8;False;False;False;55000;64.0;19.4;0.75;DEC;12;DPW - CGNC;22;NAVIOCARGAGERAL;CGNC;6491;D2030_215_newpanamax
23.0;225.0;0.0;13.25;1.0;2;6;MON;0;8;False;False;False;70000;53.25;3.37;0.75;DEC;12;ELEVACOES;24;PANAMAX;GSA - E;6492;D2030_215_newpanamax
23.0;185.0;8.25;8.25;3.0;0;1;MON;0;8;False;False;False;1000;16.8;4.41;0.75;DEC;12;SANTOSBR;31;FULLYCELLULAR;CGC;6493;D2030_215_newpanamax
23.0;255.0;9.75;9.75;3.0;2;6;MON;0;8;False;False;False;3000;15.61;2.05;0.75;DEC;12;SANTOSBR;31;PANAMAX;CGC;6494;D2030_215_newpanamax
23.0;115.0;7.75;7.75;3.0;1;3;MON;0;8;False;False;True;1500;20.97;5.88;0.75;DEC;12;TEV;37;CARGARO-RO;RORO;6495;D2030_215_newpanamax
23.0;225.0;7.75;0.0;2.0;0;0;MON;0;8;False;False;False;70000;104.45;1.9;0.75;DEC;12;TIPLAM - GSM - I;42;PANAMAX;GSM - I;6496;D2030_215_newpanamax
23.0;185.0;0.0;8.25;1.0;4;8;MON;0;8;False;False;False;35000;62.88;0.0;0.75;DEC;12;VOPAK;47;MRMEDIUMRANGE;GL;6497;D2030_215_newpanamax
23.0;155.0;0.0;7.75;1.0;7;9;TUE;1;9;False;False;False;18000;42.57;2.02;0.75;DEC;12;STS;2;GPGENERALPURPOSE;GL;6498;D2030_215_newpanamax
23.0;225.0;0.0;12.75;1.0;5;10;TUE;1;9;False;False;False;70000;51.12;1.3;0.75;DEC;12;RUMO - GSA - E;4;PANAMAX;GSA - E;6499;D2030_215_newpanamax
36.0;225.0;0.0;13.0;1.0;3;11;TUE;1;9;False;False;False;55000;99.66;7.62;0.75;DEC;12;BRACELL;12;NAVIOCARGAGERAL;CGNC;6500;D2030_215_newpanamax
23.0;275.0;10.75;10.75;3.0;3;9;TUE;1;9;False;False;False;3000;14.7;4.1;0.75;DEC;12;BTP;13;PANAMAX;CGC;6501;D2030_215_newpanamax
23.0;305.0;10.75;10.75;3.0;3;9;TUE;1;9;False;False;False;4000;20.66;1.02;0.75;DEC;12;BTP;13;POST-PANAMAXI;CGC;6502;D2030_215_newpanamax
43.0;339.0;14.0;14.0;3.0;3;9;TUE;1;9;False;False;False;6000;23.63;4.93;0.75;DEC;12;BTP;13;POST-PANAMAXII;CGC;6503;D2030_215_newpanamax
23.0;225.0;0.0;13.25;1.0;6;14;TUE;1;9;False;False;False;70000;68.98;7.71;0.75;DEC;12;COFCO;16;PANAMAX;GSA - E;6504;D2030_215_newpanamax
23.0;195.0;8.25;8.25;3.0;4;8;TUE;1;9;False;False;False;1000;13.38;1.91;0.75;DEC;12;DPW - CGC;21;FULLYCELLULAR;CGC;6505;D2030_215_newpanamax
23.0;275.0;9.75;9.75;3.0;5;11;TUE;1;9;False;False;False;3000;17.86;1.58;0.75;DEC;12;DPW - CGC;21;PANAMAX;CGC;6506;D2030_215_newpanamax
43.0;339.0;14.0;14.0;3.0;4;8;TUE;1;9;False;False;False;6000;27.82;2.47;0.75;DEC;12;DPW - CGC;21;POST-PANAMAXII;CGC;6507;D2030_215_newpanamax
23.0;135.0;6.75;6.75;3.0;6;16;TUE;1;9;False;False;False;500;7.08;0.9;0.75;DEC;12;SANTOSBR;31;FEEDER/EARLY;CGC;6508;D2030_215_newpanamax
23.0;185.0;9.25;9.25;3.0;5;14;TUE;1;9;False;False;False;1000;16.8;1.64;0.75;DEC;12;SANTOSBR;31;FULLYCELLULAR;CGC;6509;D2030_215_newpanamax
23.0;275.0;9.75;9.75;3.0;3;8;TUE;1;9;False;False;False;3000;15.61;5.83;0.75;DEC;12;SANTOSBR;31;PANAMAX;CGC;6510;D2030_215_newpanamax
23.0;295.0;10.75;10.75;3.0;3;8;TUE;1;9;False;False;False;4000;21.3;2.88;0.75;DEC;12;SANTOSBR;31;POST-PANAMAXI;CGC;6511;D2030_215_newpanamax
23.0;225.0;0.0;11.25;1.0;6;13;TUE;1;9;False;False;False;70000;88.35;1.52;0.75;DEC;12;TEAG;33;PANAMAX;GSA - E;6512;D2030_215_newpanamax
23.0;185.0;8.75;8.75;3.0;5;14;TUE;1;9;False;False;True;1500;20.97;4.78;0.75;DEC;12;TEV;37;CARGARO-RO;RORO;6513;D2030_215_newpanamax
23.0;225.0;0.0;13.25;1.0;4;8;TUE;1;9;False;False;False;70000;39.92;3.75;0.75;DEC;12;TGG;38;PANAMAX;GSA - E;6514;D2030_215_newpanamax
23.0;225.0;7.75;0.0;2.0;6;13;TUE;1;9;False;False;False;70000;104.45;5.23;0.75;DEC;12;TIPLAM - GSM - I;42;PANAMAX;GSM - I;6515;D2030_215_newpanamax
23.0;155.0;0.0;7.75;1.0;9;15;TUE;1;9;False;False;False;18000;42.57;11.0;0.75;DEC;12;ULTRACARGO;45;GPGENERALPURPOSE;GL;6516;D2030_215_newpanamax
23.0;225.0;0.0;12.75;1.0;8;16;WED;2;10;False;False;False;70000;51.12;2.4;0.75;DEC;12;RUMO - GSA - E;4;PANAMAX;GSA - E;6517;D2030_215_newpanamax
36.0;225.0;0.0;13.0;1.0;9;22;WED;2;10;False;False;False;55000;99.66;3.12;0.75;DEC;12;BRACELL;12;NAVIOCARGAGERAL;CGNC;6518;D2030_215_newpanamax
23.0;295.0;12.25;12.25;3.0;7;22;WED;2;10;False;False;False;4000;20.66;0.81;0.75;DEC;12;BTP;13;POST-PANAMAXI;CGC;6519;D2030_215_newpanamax
23.0;225.0;0.0;13.75;1.0;8;27;WED;2;10;False;False;False;70000;58.85;2.26;0.75;DEC;12;COPESUCAR;17;PANAMAX;GSA - E;6520;D2030_215_newpanamax
23.0;255.0;10.75;10.75;3.0;9;25;WED;2;10;False;False;False;3000;17.86;1.32;0.75;DEC;12;DPW - CGC;21;PANAMAX;CGC;6521;D2030_215_newpanamax
23.0;305.0;11.75;11.75;3.0;9;25;WED;2;10;False;False;False;4000;21.93;2.3;0.75;DEC;12;DPW - CGC;21;POST-PANAMAXI;CGC;6522;D2030_215_newpanamax
36.0;225.0;0.0;13.0;1.0;7;17;WED;2;10;False;False;False;55000;64.0;2.66;0.75;DEC;12;DPW - CGNC;22;NAVIOCARGAGERAL;CGNC;6523;D2030_215_newpanamax
23.0;185.0;9.75;9.75;3.0;8;22;WED;2;10;False;False;False;1000;16.8;3.54;0.75;DEC;12;SANTOSBR;31;FULLYCELLULAR;CGC;6524;D2030_215_newpanamax
23.0;245.0;10.75;10.75;3.0;8;22;WED;2;10;False;False;False;3000;15.61;2.03;0.75;DEC;12;SANTOSBR;31;PANAMAX;CGC;6525;D2030_215_newpanamax
23.0;295.0;12.25;12.25;3.0;8;22;WED;2;10;False;False;False;4000;21.3;2.43;0.75;DEC;12;SANTOSBR;31;POST-PANAMAXI;CGC;6526;D2030_215_newpanamax
23.0;225.0;0.0;12.75;1.0;8;19;WED;2;10;False;False;False;70000;111.09;9.47;0.75;DEC;12;TES;36;PANAMAX;GSA - E;6527;D2030_215_newpanamax
23.0;195.0;8.75;8.75;3.0;7;22;WED;2;10;False;False;True;1500;20.97;2.61;0.75;DEC;12;TEV;37;CARGARO-RO;RORO;6528;D2030_215_newpanamax
23.0;225.0;0.0;13.25;1.0;8;23;WED;2;10;False;False;False;70000;62.19;3.01;0.75;DEC;12;TIPLAM - GSA - E;41;PANAMAX;GSA - E;6529;D2030_215_newpanamax
23.0;185.0;0.0;9.25;1.0;10;25;WED;2;10;False;False;False;35000;29.94;4.08;0.75;DEC;12;TRANSPETRO;43;MRMEDIUMRANGE;GL;6530;D2030_215_newpanamax
23.0;195.0;9.75;9.75;3.0;11;31;THU;3;11;False;False;False;1000;16.8;1.4;0.75;DEC;12;TECON10;3;FULLYCELLULAR;CGC;6531;D2030_215_newpanamax
23.0;165.0;8.75;0.0;2.0;12;31;THU;3;11;False;False;False;18000;45.88;0.76;0.75;DEC;12;AGEO_TERMINAIS;11;GPGENERALPURPOSE;GL;6532;D2030_215_newpanamax
23.0;275.0;12.25;12.25;3.0;8;23;THU;3;11;False;False;False;3000;14.7;2.52;0.75;DEC;12;BTP;13;PANAMAX;CGC;6533;D2030_215_newpanamax
23.0;305.0;12.25;12.25;3.0;8;23;THU;3;11;False;False;False;4000;20.66;2.15;0.75;DEC;12;BTP;13;POST-PANAMAXI;CGC;6534;D2030_215_newpanamax
23.0;185.0;10.25;10.25;3.0;11;31;THU;3;11;False;False;False;1000;13.38;2.01;0.75;DEC;12;DPW - CGC;21;FULLYCELLULAR;CGC;6535;D2030_215_newpanamax
23.0;255.0;11.25;11.25;3.0;11;31;THU;3;11;False;False;False;3000;17.86;1.86;0.75;DEC;12;DPW - CGC;21;PANAMAX;CGC;6536;D2030_215_newpanamax
36.0;225.0;0.0;11.7;1.0;11;29;THU;3;11;False;False;False;55000;36.9;4.1;0.75;DEC;12;ELDORADO;23;NAVIOCARGAGERAL;CGNC;6537;D2030_215_newpanamax
23.0;175.0;9.75;0.0;2.0;7;28;THU;3;11;False;False;False;35000;59.83;7.51;0.75;DEC;12;HIDROVIAS;27;HANDYSIZE;GSM - I;6538;D2030_215_newpanamax
23.0;215.0;9.75;9.75;3.0;12;33;THU;3;11;False;False;False;1000;16.8;1.32;0.75;DEC;12;SANTOSBR;31;FULLYCELLULAR;CGC;6539;D2030_215_newpanamax
23.0;305.0;12.25;12.25;3.0;12;33;THU;3;11;False;False;False;4000;21.3;2.9;0.75;DEC;12;SANTOSBR;31;POST-PANAMAXI;CGC;6540;D2030_215_newpanamax
23.0;225.0;0.0;13.25;1.0;8;26;THU;3;11;False;False;False;70000;88.35;0.89;0.75;DEC;12;TEAG;33;PANAMAX;GSA - E;6541;D2030_215_newpanamax
23.0;175.0;10.25;0.0;2.0;6;26;THU;3;11;False;False;False;35000;50.86;6.25;0.75;DEC;12;TERMAG;35;HANDYSIZE;GSM - I;6542;D2030_215_newpanamax
23.0;225.0;0.0;13.25;1.0;11;30;THU;3;11;False;False;False;70000;39.92;2.21;0.75;DEC;12;TGG;38;PANAMAX;GSA - E;6543;D2030_215_newpanamax
23.0;225.0;0.0;13.25;1.0;11;31;THU;3;11;False;False;False;70000;62.19;2.67;0.75;DEC;12;TIPLAM - GSA - E;41;PANAMAX;GSA - E;6544;D2030_215_newpanamax
23.0;185.0;0.0;9.25;1.0;11;27;THU;3;11;False;False;False;35000;29.94;2.06;0.75;DEC;12;TRANSPETRO;43;MRMEDIUMRANGE;GL;6545;D2030_215_newpanamax
23.0;225.0;0.0;12.75;1.0;13;35;THU;3;11;False;False;False;70000;55.1;0.19;0.75;DEC;12;XXXIX;48;PANAMAX;GSA - E;6546;D2030_215_newpanamax
23.0;255.0;11.75;11.75;3.0;14;37;FRI;4;12;False;False;False;3000;15.61;2.29;0.75;DEC;12;TECON10;3;PANAMAX;CGC;6547;D2030_215_newpanamax
23.0;155.0;9.25;0.0;2.0;14;40;FRI;4;12;False;False;False;18000;45.88;0.39;0.75;DEC;12;AGEO_TERMINAIS;11;GPGENERALPURPOSE;GL;6548;D2030_215_newpanamax
23.0;275.0;12.75;12.75;3.0;10;31;FRI;4;12;False;False;False;3000;14.7;1.97;0.75;DEC;12;BTP;13;PANAMAX;CGC;6549;D2030_215_newpanamax
23.0;295.0;12.75;12.75;3.0;10;31;FRI;4;12;False;False;False;4000;20.66;3.3;0.75;DEC;12;BTP;13;POST-PANAMAXI;CGC;6550;D2030_215_newpanamax
43.0;339.0;14.0;14.0;3.0;10;31;FRI;4;12;False;False;False;6000;23.63;2.25;0.75;DEC;12;BTP;13;POST-PANAMAXII;CGC;6551;D2030_215_newpanamax
23.0;225.0;0.0;13.75;1.0;16;44;FRI;4;12;False;False;False;70000;68.98;1.37;0.75;DEC;12;COFCO;16;PANAMAX;GSA - E;6552;D2030_215_newpanamax
23.0;225.0;0.0;13.75;1.0;16;49;FRI;4;12;False;False;False;70000;58.85;2.76;0.75;DEC;12;COPESUCAR;17;PANAMAX;GSA - E;6553;D2030_215_newpanamax
23.0;205.0;10.75;10.75;3.0;16;45;FRI;4;12;False;False;False;1000;13.38;1.63;0.75;DEC;12;DPW - CGC;21;FULLYCELLULAR;CGC;6554;D2030_215_newpanamax
23.0;275.0;11.25;11.25;3.0;14;38;FRI;4;12;False;False;False;3000;17.86;1.1;0.75;DEC;12;DPW - CGC;21;PANAMAX;CGC;6555;D2030_215_newpanamax
23.0;285.0;11.25;11.25;3.0;14;39;FRI;4;12;False;False;False;3000;17.86;1.85;0.75;DEC;12;DPW - CGC;21;PANAMAX;CGC;6556;D2030_215_newpanamax
23.0;295.0;12.75;12.75;3.0;14;38;FRI;4;12;False;False;False;4000;21.93;0.92;0.75;DEC;12;DPW - CGC;21;POST-PANAMAXI;CGC;6557;D2030_215_newpanamax
23.0;305.0;13.25;13.25;3.0;16;43;FRI;4;12;False;False;False;4000;21.93;2.51;0.75;DEC;12;DPW - CGC;21;POST-PANAMAXI;CGC;6558;D2030_215_newpanamax
36.0;225.0;0.0;11.7;1.0;17;41;FRI;4;12;False;False;False;55000;50.0;5.14;0.75;DEC;12;SUZANO;25;NAVIOCARGAGERAL;CGNC;6559;D2030_215_newpanamax
23.0;195.0;10.75;10.75;3.0;17;45;FRI;4;12;False;False;False;1000;16.8;1.99;0.75;DEC;12;SANTOSBR;31;FULLYCELLULAR;CGC;6560;D2030_215_newpanamax
23.0;235.0;12.25;12.25;3.0;17;44;FRI;4;12;False;False;False;3000;15.61;1.57;0.75;DEC;12;SANTOSBR;31;PANAMAX;CGC;6561;D2030_215_newpanamax
23.0;295.0;12.75;12.75;3.0;13;37;FRI;4;12;False;False;False;4000;21.3;3.48;0.75;DEC;12;SANTOSBR;31;POST-PANAMAXI;CGC;6562;D2030_215_newpanamax
43.0;339.0;14.0;14.0;3.0;16;43;FRI;4;12;False;False;False;6000;25.92;4.02;0.75;DEC;12;SANTOSBR;31;POST-PANAMAXII;CGC;6563;D2030_215_newpanamax
23.0;225.0;0.0;13.25;1.0;12;30;FRI;4;12;False;False;False;70000;111.09;3.28;0.75;DEC;12;TES;36;PANAMAX;GSA - E;6564;D2030_215_newpanamax
23.0;225.0;0.0;13.25;1.0;15;41;FRI;4;12;False;False;False;70000;62.19;5.29;0.75;DEC;12;TIPLAM - GSA - E;41;PANAMAX;GSA - E;6565;D2030_215_newpanamax
23.0;155.0;9.25;0.0;2.0;15;39;FRI;4;12;False;False;False;18000;42.57;10.2;0.75;DEC;12;ULTRACARGO;45;GPGENERALPURPOSE;GL;6566;D2030_215_newpanamax
23.0;155.0;9.75;0.0;2.0;16;47;SAT;5;13;False;False;False;18000;45.88;0.5;0.75;DEC;12;AGEO_TERMINAIS;11;GPGENERALPURPOSE;GL;6567;D2030_215_newpanamax
23.0;185.0;10.75;0.0;2.0;16;47;SAT;5;13;False;False;False;35000;64.43;2.1;0.75;DEC;12;AGEO_TERMINAIS;11;MRMEDIUMRANGE;GL;6568;D2030_215_newpanamax
23.0;185.0;10.25;10.25;3.0;19;52;SAT;5;13;False;False;False;1000;13.85;1.28;0.75;DEC;12;BTP;13;FULLYCELLULAR;CGC;6569;D2030_215_newpanamax
23.0;295.0;14.25;14.25;3.0;19;52;SAT;5;13;False;False;False;4000;20.66;1.42;0.75;DEC;12;BTP;13;POST-PANAMAXI;CGC;6570;D2030_215_newpanamax
43.0;339.0;14.0;14.0;3.0;19;52;SAT;5;13;False;False;False;6000;23.63;1.67;0.75;DEC;12;BTP;13;POST-PANAMAXII;CGC;6571;D2030_215_newpanamax
23.0;225.0;0.0;14.25;1.0;18;51;SAT;5;13;False;False;False;70000;68.98;6.04;0.75;DEC;12;COFCO;16;PANAMAX;GSA - E;6572;D2030_215_newpanamax
23.0;225.0;0.0;13.75;1.0;17;56;SAT;5;13;False;False;False;70000;58.85;3.05;0.75;DEC;12;COPESUCAR;17;PANAMAX;GSA - E;6573;D2030_215_newpanamax
23.0;225.0;0.0;13.75;1.0;19;59;SAT;5;13;False;False;False;70000;58.85;2.52;0.75;DEC;12;COPESUCAR;17;PANAMAX;GSA - E;6574;D2030_215_newpanamax
23.0;255.0;12.75;12.75;3.0;19;52;SAT;5;13;False;False;False;3000;17.86;1.46;0.75;DEC;12;DPW - CGC;21;PANAMAX;CGC;6575;D2030_215_newpanamax
43.0;339.0;14.0;14.0;3.0;19;52;SAT;5;13;False;False;False;6000;27.82;4.69;0.75;DEC;12;DPW - CGC;21;POST-PANAMAXII;CGC;6576;D2030_215_newpanamax
36.0;225.0;0.0;13.0;1.0;19;52;SAT;5;13;False;False;False;55000;64.0;2.19;0.75;DEC;12;DPW - CGNC;22;NAVIOCARGAGERAL;CGNC;6577;D2030_215_newpanamax
23.0;225.0;0.0;13.25;1.0;16;45;SAT;5;13;False;False;False;70000;88.35;0.27;0.75;DEC;12;TEAG;33;PANAMAX;GSA - E;6578;D2030_215_newpanamax
23.0;225.0;14.25;0.0;2.0;17;51;SAT;5;13;False;False;False;70000;111.09;5.28;0.75;DEC;12;TERMAG;35;PANAMAX;GSM - I;6579;D2030_215_newpanamax
23.0;225.0;0.0;13.25;1.0;14;41;SAT;5;13;False;False;False;70000;111.09;1.92;0.75;DEC;12;TES;36;PANAMAX;GSA - E;6580;D2030_215_newpanamax
23.0;195.0;9.25;9.25;3.0;18;54;SAT;5;13;False;False;True;1500;20.97;1.57;0.75;DEC;12;TEV;37;CARGARO-RO;RORO;6581;D2030_215_newpanamax
23.0;225.0;0.0;13.25;1.0;17;52;SAT;5;13;False;False;False;70000;62.19;1.15;0.75;DEC;12;TIPLAM - GSA - E;41;PANAMAX;GSA - E;6582;D2030_215_newpanamax
23.0;175.0;10.25;0.0;2.0;17;48;SAT;5;13;False;False;False;35000;72.19;1.92;0.75;DEC;12;TIPLAM - GSM - I;42;HANDYSIZE;GSM - I;6583;D2030_215_newpanamax
23.0;185.0;0.0;10.25;1.0;19;50;SAT;5;13;False;False;False;35000;29.94;2.33;0.75;DEC;12;TRANSPETRO;43;MRMEDIUMRANGE;GL;6584;D2030_215_newpanamax
23.0;225.0;0.0;13.25;1.0;18;53;SAT;5;13;False;False;False;70000;55.1;0.84;0.75;DEC;12;XXXIX;48;PANAMAX;GSA - E;6585;D2030_215_newpanamax
36.0;225.0;0.0;13.0;1.0;18;54;SUN;6;14;False;False;False;55000;99.0;4.14;0.75;DEC;12;ARAUCO;1;NAVIOCARGAGERAL;CGNC;6586;D2030_215_newpanamax
23.0;225.0;14.25;0.0;2.0;20;57;SUN;6;14;False;False;False;70000;111.09;2.44;0.75;DEC;12;RUMO - GSM - I;5;PANAMAX;GSM - I;6587;D2030_215_newpanamax
23.0;295.0;14.25;14.25;3.0;21;58;SUN;6;14;False;False;False;4000;20.66;2.34;0.75;DEC;12;BTP;13;POST-PANAMAXI;CGC;6588;D2030_215_newpanamax
23.0;185.0;10.75;0.0;2.0;13;56;SUN;6;14;False;False;False;45000;131.03;9.55;0.75;DEC;12;BUNGE;14;HANDYMAX;GSA - I;6589;D2030_215_newpanamax
23.0;225.0;0.0;14.25;1.0;22;13;SUN;6;14;False;False;False;70000;68.98;8.02;0.75;DEC;12;COFCO;16;PANAMAX;GSA - E;6590;D2030_215_newpanamax
23.0;175.0;0.0;11.25;1.0;21;30;SUN;6;14;False;False;False;35000;23.6;2.76;0.75;DEC;12;COPESUCAR;17;HANDYSIZE;GSA - E;6591;D2030_215_newpanamax
23.0;205.0;0.0;11.75;1.0;21;30;SUN;6;14;False;False;False;55000;21.4;1.66;0.75;DEC;12;COPESUCAR;17;SUPRAMAX;GSA - E;6592;D2030_215_newpanamax
23.0;275.0;14.25;14.25;3.0;23;31;SUN;6;14;False;False;False;3000;17.86;1.6;0.75;DEC;12;DPW - CGC;21;PANAMAX;CGC;6593;D2030_215_newpanamax
23.0;325.0;14.5;14.5;3.0;23;31;SUN;6;14;False;False;False;4000;21.93;1.14;0.75;DEC;12;DPW - CGC;21;POST-PANAMAXI;CGC;6594;D2030_215_newpanamax
36.0;225.0;0.0;13.0;1.0;20;55;SUN;6;14;False;False;False;55000;64.0;5.86;0.75;DEC;12;DPW - CGNC;22;NAVIOCARGAGERAL;CGNC;6595;D2030_215_newpanamax
23.0;225.0;0.0;14.2;1.0;22;59;SUN;6;14;False;False;False;70000;53.25;1.09;0.75;DEC;12;ELEVACOES;24;PANAMAX;GSA - E;6596;D2030_215_newpanamax
23.0;275.0;12.75;12.75;3.0;21;55;SUN;6;14;False;False;False;3000;15.61;0.93;0.75;DEC;12;SANTOSBR;31;PANAMAX;CGC;6597;D2030_215_newpanamax
23.0;275.0;13.25;13.25;3.0;22;58;SUN;6;14;False;False;False;3000;15.61;1.37;0.75;DEC;12;SANTOSBR;31;PANAMAX;CGC;6598;D2030_215_newpanamax
23.0;275.0;12.75;12.75;3.0;20;54;SUN;6;14;False;False;False;3000;15.61;1.8;0.75;DEC;12;SANTOSBR;31;PANAMAX;CGC;6599;D2030_215_newpanamax
23.0;175.0;11.75;0.0;2.0;20;55;SUN;6;14;False;False;False;35000;59.07;10.99;0.75;DEC;12;STOLTHAVEN;32;MRMEDIUMRANGE;GL;6600;D2030_215_newpanamax
23.0;225.0;0.0;13.25;1.0;20;55;SUN;6;14;False;False;False;70000;78.07;0.06;0.75;DEC;12;TEG;34;PANAMAX;GSA - E;6601;D2030_215_newpanamax
23.0;225.0;0.0;13.75;1.0;20;57;SUN;6;14;False;False;False;70000;39.92;2.36;0.75;DEC;12;TGG;38;PANAMAX;GSA - E;6602;D2030_215_newpanamax
23.0;225.0;0.0;13.75;1.0;19;55;SUN;6;14;False;False;False;70000;39.92;2.0;0.75;DEC;12;TGG;38;PANAMAX;GSA - E;6603;D2030_215_newpanamax
23.0;175.0;9.75;0.0;2.0;20;21;SUN;6;14;False;False;False;35000;90.66;11.95;0.75;DEC;12;USIMINAS;46;HANDYSIZE;CGNC;6604;D2030_215_newpanamax
23.0;195.0;8.25;0.0;2.0;0;2;MON;0;15;False;False;False;45000;89.37;3.02;0.75;DEC;12;RUMO - GSM - I;5;HANDYMAX;GSM - I;6605;D2030_215_newpanamax
23.0;295.0;10.25;10.25;3.0;1;5;MON;0;15;False;False;False;4000;20.66;3.02;0.75;DEC;12;BTP;13;POST-PANAMAXI;CGC;6606;D2030_215_newpanamax
23.0;225.0;0.0;12.25;1.0;6;10;MON;0;15;False;False;False;70000;68.98;12.57;0.75;DEC;12;COFCO;16;PANAMAX;GSA - E;6607;D2030_215_newpanamax
23.0;195.0;7.25;7.25;3.0;2;4;MON;0;15;False;False;False;1000;13.38;2.02;0.75;DEC;12;DPW - CGC;21;FULLYCELLULAR;CGC;6608;D2030_215_newpanamax
23.0;245.0;9.75;9.75;3.0;2;4;MON;0;15;False;False;False;3000;17.86;1.5;0.75;DEC;12;DPW - CGC;21;PANAMAX;CGC;6609;D2030_215_newpanamax
23.0;255.0;9.25;9.25;3.0;0;1;MON;0;15;False;False;False;3000;17.86;2.74;0.75;DEC;12;DPW - CGC;21;PANAMAX;CGC;6610;D2030_215_newpanamax
36.0;225.0;0.0;11.7;1.0;5;10;MON;0;15;False;False;False;55000;36.9;24.59;0.75;DEC;12;ELDORADO;23;NAVIOCARGAGERAL;CGNC;6611;D2030_215_newpanamax
23.0;225.0;0.0;13.25;1.0;3;8;MON;0;15;False;False;False;70000;53.25;3.16;0.75;DEC;12;ELEVACOES;24;PANAMAX;GSA - E;6612;D2030_215_newpanamax
23.0;175.0;0.0;9.25;1.0;7;28;MON;0;15;False;False;False;35000;137.91;0.01;0.75;DEC;12;NST - GL;30;MRMEDIUMRANGE;GL;6613;D2030_215_newpanamax
23.0;255.0;9.75;9.75;3.0;3;6;MON;0;15;False;False;False;3000;15.61;2.09;0.75;DEC;12;SANTOSBR;31;PANAMAX;CGC;6614;D2030_215_newpanamax
23.0;225.0;0.0;12.75;1.0;1;4;MON;0;15;False;False;False;70000;39.92;2.48;0.75;DEC;12;TGG;38;PANAMAX;GSA - E;6615;D2030_215_newpanamax
23.0;185.0;0.0;8.25;1.0;1;4;MON;0;15;False;False;False;35000;29.94;1.29;0.75;DEC;12;TRANSPETRO;43;MRMEDIUMRANGE;GL;6616;D2030_215_newpanamax
23.0;185.0;0.0;8.25;1.0;5;8;MON;0;15;False;False;False;35000;62.88;0.0;0.75;DEC;12;VOPAK;47;MRMEDIUMRANGE;GL;6617;D2030_215_newpanamax
23.0;155.0;0.0;7.75;1.0;8;13;TUE;1;16;False;False;False;18000;42.57;9.38;0.75;DEC;12;STS;2;GPGENERALPURPOSE;GL;6618;D2030_215_newpanamax
23.0;225.0;0.0;12.75;1.0;6;10;TUE;1;16;False;False;False;70000;51.12;3.44;0.75;DEC;12;RUMO - GSA - E;4;PANAMAX;GSA - E;6619;D2030_215_newpanamax
23.0;185.0;0.0;8.75;1.0;5;13;TUE;1;16;False;False;False;35000;64.43;0.74;0.75;DEC;12;AGEO_TERMINAIS;11;MRMEDIUMRANGE;GL;6620;D2030_215_newpanamax
23.0;275.0;11.25;11.25;3.0;4;12;TUE;1;16;False;False;False;3000;14.7;2.03;0.75;DEC;12;BTP;13;PANAMAX;CGC;6621;D2030_215_newpanamax
23.0;305.0;11.25;11.25;3.0;4;13;TUE;1;16;False;False;False;4000;20.66;2.19;0.75;DEC;12;BTP;13;POST-PANAMAXI;CGC;6622;D2030_215_newpanamax
43.0;339.0;14.0;14.0;3.0;3;9;TUE;1;16;False;False;False;6000;23.63;1.23;0.75;DEC;12;BTP;13;POST-PANAMAXII;CGC;6623;D2030_215_newpanamax
23.0;225.0;0.0;13.25;1.0;7;16;TUE;1;16;False;False;False;70000;68.98;1.9;0.75;DEC;12;COFCO;16;PANAMAX;GSA - E;6624;D2030_215_newpanamax
23.0;185.0;9.25;9.25;3.0;5;13;TUE;1;16;False;False;False;1000;13.38;2.78;0.75;DEC;12;DPW - CGC;21;FULLYCELLULAR;CGC;6625;D2030_215_newpanamax
23.0;255.0;10.25;10.25;3.0;6;14;TUE;1;16;False;False;False;3000;17.86;4.12;0.75;DEC;12;DPW - CGC;21;PANAMAX;CGC;6626;D2030_215_newpanamax
43.0;339.0;14.0;14.0;3.0;5;13;TUE;1;16;False;False;False;6000;27.82;2.23;0.75;DEC;12;DPW - CGC;21;POST-PANAMAXII;CGC;6627;D2030_215_newpanamax
23.0;225.0;0.0;13.75;1.0;8;16;TUE;1;16;False;False;False;70000;53.25;2.31;0.75;DEC;12;ELEVACOES;24;PANAMAX;GSA - E;6628;D2030_215_newpanamax
23.0;215.0;8.75;8.75;3.0;3;8;TUE;1;16;False;False;False;1000;16.8;2.6;0.75;DEC;12;SANTOSBR;31;FULLYCELLULAR;CGC;6629;D2030_215_newpanamax
23.0;295.0;11.75;11.75;3.0;6;16;TUE;1;16;False;False;False;4000;21.3;2.31;0.75;DEC;12;SANTOSBR;31;POST-PANAMAXI;CGC;6630;D2030_215_newpanamax
43.0;339.0;14.0;14.0;3.0;5;14;TUE;1;16;False;False;False;6000;25.92;4.09;0.75;DEC;12;SANTOSBR;31;POST-PANAMAXII;CGC;6631;D2030_215_newpanamax
23.0;225.0;0.0;12.75;1.0;6;12;TUE;1;16;False;False;False;70000;78.07;0.77;0.75;DEC;12;TEG;34;PANAMAX;GSA - E;6632;D2030_215_newpanamax
23.0;185.0;8.75;8.75;3.0;5;14;TUE;1;16;False;False;True;1500;20.97;2.88;0.75;DEC;12;TEV;37;CARGARO-RO;RORO;6633;D2030_215_newpanamax
23.0;225.0;0.0;11.25;1.0;1;8;TUE;1;16;False;False;False;70000;62.19;7.68;0.75;DEC;12;TIPLAM - GSA - E;41;PANAMAX;GSA - E;6634;D2030_215_newpanamax
23.0;185.0;0.0;8.75;1.0;7;14;TUE;1;16;False;False;False;35000;29.94;4.58;0.75;DEC;12;TRANSPETRO;43;MRMEDIUMRANGE;GL;6635;D2030_215_newpanamax
23.0;155.0;8.75;0.0;2.0;7;16;TUE;1;16;False;False;False;18000;41.58;0.0;0.75;DEC;12;VOPAK;47;GPGENERALPURPOSE;GL;6636;D2030_215_newpanamax
23.0;225.0;0.0;12.25;1.0;8;20;TUE;1;16;False;False;False;70000;55.1;1.54;0.75;DEC;12;XXXIX;48;PANAMAX;GSA - E;6637;D2030_215_newpanamax
23.0;225.0;0.0;13.25;1.0;9;20;WED;2;17;False;False;False;70000;51.12;3.01;0.75;DEC;12;RUMO - GSA - E;4;PANAMAX;GSA - E;6638;D2030_215_newpanamax
23.0;185.0;9.25;0.0;2.0;9;23;WED;2;17;False;False;False;35000;64.43;0.67;0.75;DEC;12;AGEO_TERMINAIS;11;MRMEDIUMRANGE;GL;6639;D2030_215_newpanamax
23.0;285.0;11.75;11.75;3.0;5;17;WED;2;17;False;False;False;3000;14.7;5.26;0.75;DEC;12;BTP;13;PANAMAX;CGC;6640;D2030_215_newpanamax
23.0;225.0;0.0;13.25;1.0;10;23;WED;2;17;False;False;False;70000;68.98;4.52;0.75;DEC;12;COFCO;16;PANAMAX;GSA - E;6641;D2030_215_newpanamax
23.0;255.0;10.75;10.75;3.0;8;22;WED;2;17;False;False;False;3000;17.86;1.89;0.75;DEC;12;DPW - CGC;21;PANAMAX;CGC;6642;D2030_215_newpanamax
43.0;339.0;14.0;14.0;3.0;9;25;WED;2;17;False;False;False;6000;27.82;1.05;0.75;DEC;12;DPW - CGC;21;POST-PANAMAXII;CGC;6643;D2030_215_newpanamax
36.0;225.0;0.0;13.0;1.0;7;19;WED;2;17;False;False;False;55000;64.0;5.63;0.75;DEC;12;DPW - CGNC;22;NAVIOCARGAGERAL;CGNC;6644;D2030_215_newpanamax
23.0;175.0;9.25;0.0;2.0;9;18;WED;2;17;False;False;False;35000;223.73;0.52;0.75;DEC;12;NITA;28;HANDYSIZE;GSA - I;6645;D2030_215_newpanamax
23.0;255.0;10.75;10.75;3.0;8;22;WED;2;17;False;False;False;3000;15.61;3.36;0.75;DEC;12;SANTOSBR;31;PANAMAX;CGC;6646;D2030_215_newpanamax
43.0;339.0;14.0;14.0;3.0;9;24;WED;2;17;False;False;False;6000;25.92;2.6;0.75;DEC;12;SANTOSBR;31;POST-PANAMAXII;CGC;6647;D2030_215_newpanamax
43.0;339.0;14.0;14.0;3.0;8;22;WED;2;17;False;False;False;6000;25.92;2.07;0.75;DEC;12;SANTOSBR;31;POST-PANAMAXII;CGC;6648;D2030_215_newpanamax
23.0;225.0;0.0;12.75;1.0;9;23;WED;2;17;False;False;False;70000;111.09;2.14;0.75;DEC;12;TES;36;PANAMAX;GSA - E;6649;D2030_215_newpanamax
23.0;225.0;0.0;13.25;1.0;7;19;WED;2;17;False;False;False;70000;62.19;5.76;0.75;DEC;12;TIPLAM - GSA - E;41;PANAMAX;GSA - E;6650;D2030_215_newpanamax
23.0;185.0;0.0;8.75;1.0;8;17;WED;2;17;False;False;False;35000;29.94;4.43;0.75;DEC;12;TRANSPETRO;43;MRMEDIUMRANGE;GL;6651;D2030_215_newpanamax
36.0;225.0;0.0;13.0;1.0;13;34;THU;3;18;False;False;False;55000;99.0;3.47;0.75;DEC;12;ARAUCO;1;NAVIOCARGAGERAL;CGNC;6652;D2030_215_newpanamax
23.0;185.0;9.75;0.0;2.0;12;31;THU;3;18;False;False;False;35000;64.43;0.54;0.75;DEC;12;AGEO_TERMINAIS;11;MRMEDIUMRANGE;GL;6653;D2030_215_newpanamax
23.0;215.0;9.25;9.25;3.0;8;23;THU;3;18;False;False;False;1000;13.85;2.82;0.75;DEC;12;BTP;13;FULLYCELLULAR;CGC;6654;D2030_215_newpanamax
23.0;305.0;12.25;12.25;3.0;9;25;THU;3;18;False;False;False;4000;20.66;1.71;0.75;DEC;12;BTP;13;POST-PANAMAXI;CGC;6655;D2030_215_newpanamax
23.0;225.0;0.0;13.25;1.0;13;43;THU;3;18;False;False;False;70000;54.03;0.21;0.75;DEC;12;CUTRALE - GSA - E;19;PANAMAX;GSA - E;6656;D2030_215_newpanamax
23.0;255.0;11.25;11.25;3.0;12;34;THU;3;18;False;False;False;3000;17.86;3.15;0.75;DEC;12;DPW - CGC;21;PANAMAX;CGC;6657;D2030_215_newpanamax
23.0;295.0;12.75;12.75;3.0;12;33;THU;3;18;False;False;False;4000;21.93;2.03;0.75;DEC;12;DPW - CGC;21;POST-PANAMAXI;CGC;6658;D2030_215_newpanamax
23.0;225.0;12.75;0.0;2.0;7;28;THU;3;18;False;False;False;70000;49.28;0.8;0.75;DEC;12;HIDROVIAS;27;PANAMAX;GSM - I;6659;D2030_215_newpanamax
23.0;235.0;11.75;11.75;3.0;13;36;THU;3;18;False;False;False;3000;15.61;2.89;0.75;DEC;12;SANTOSBR;31;PANAMAX;CGC;6660;D2030_215_newpanamax
23.0;255.0;11.25;11.25;3.0;11;30;THU;3;18;False;False;False;3000;15.61;2.49;0.75;DEC;12;SANTOSBR;31;PANAMAX;CGC;6661;D2030_215_newpanamax
43.0;339.0;14.0;14.0;3.0;13;36;THU;3;18;False;False;False;6000;25.92;4.55;0.75;DEC;12;SANTOSBR;31;POST-PANAMAXII;CGC;6662;D2030_215_newpanamax
23.0;225.0;14.25;0.0;2.0;6;26;THU;3;18;False;False;False;70000;111.09;2.71;0.75;DEC;12;TERMAG;35;PANAMAX;GSM - I;6663;D2030_215_newpanamax
23.0;235.0;8.75;8.75;3.0;11;33;THU;3;18;False;False;True;5000;19.52;2.53;0.75;DEC;12;TEV;37;LARGEPCTC;RORO;6664;D2030_215_newpanamax
23.0;225.0;0.0;13.25;1.0;10;30;THU;3;18;False;False;False;70000;62.19;8.8;0.75;DEC;12;TIPLAM - GSA - E;41;PANAMAX;GSA - E;6665;D2030_215_newpanamax
23.0;185.0;0.0;9.25;1.0;12;29;THU;3;18;False;False;False;35000;29.94;3.04;0.75;DEC;12;TRANSPETRO;43;MRMEDIUMRANGE;GL;6666;D2030_215_newpanamax
23.0;285.0;0.0;11.75;1.0;10;35;THU;3;18;True;False;False;76500;53.08;0.0;0.75;DEC;12;TRSP;44;LNGCARRIER;GL;6667;D2030_215_newpanamax
23.0;265.0;11.75;11.75;3.0;15;41;FRI;4;19;False;False;False;3000;15.61;2.53;0.75;DEC;12;TECON10;3;PANAMAX;CGC;6668;D2030_215_newpanamax
23.0;225.0;0.0;13.25;1.0;14;36;FRI;4;19;False;False;False;70000;51.12;1.91;0.75;DEC;12;ADM;9;PANAMAX;GSA - E;6669;D2030_215_newpanamax
23.0;275.0;12.75;12.75;3.0;11;32;FRI;4;19;False;False;False;3000;14.7;4.89;0.75;DEC;12;BTP;13;PANAMAX;CGC;6670;D2030_215_newpanamax
23.0;295.0;13.25;13.25;3.0;12;37;FRI;4;19;False;False;False;4000;20.66;3.06;0.75;DEC;12;BTP;13;POST-PANAMAXI;CGC;6671;D2030_215_newpanamax
23.0;205.0;0.0;10.25;1.0;10;37;FRI;4;19;False;False;False;35000;77.19;0.09;0.75;DEC;12;CITROSUCO;15;MRMEDIUMRANGE;GL;6672;D2030_215_newpanamax
23.0;225.0;0.0;13.75;1.0;16;46;FRI;4;19;False;False;False;70000;68.98;6.78;0.75;DEC;12;COFCO;16;PANAMAX;GSA - E;6673;D2030_215_newpanamax
23.0;165.0;8.75;0.0;2.0;16;44;FRI;4;19;False;False;False;18000;12.03;1.63;0.75;DEC;12;DOW;20;GPGENERALPURPOSE;GL;6674;D2030_215_newpanamax
23.0;185.0;9.75;0.0;2.0;16;44;FRI;4;19;False;False;False;35000;31.91;3.23;0.75;DEC;12;DOW;20;MRMEDIUMRANGE;GL;6675;D2030_215_newpanamax
23.0;205.0;10.25;10.25;3.0;13;37;FRI;4;19;False;False;False;1000;13.38;2.11;0.75;DEC;12;DPW - CGC;21;FULLYCELLULAR;CGC;6676;D2030_215_newpanamax
23.0;275.0;11.25;11.25;3.0;13;37;FRI;4;19;False;False;False;3000;17.86;1.19;0.75;DEC;12;DPW - CGC;21;PANAMAX;CGC;6677;D2030_215_newpanamax
23.0;295.0;12.75;12.75;3.0;13;37;FRI;4;19;False;False;False;4000;21.93;1.29;0.75;DEC;12;DPW - CGC;21;POST-PANAMAXI;CGC;6678;D2030_215_newpanamax
43.0;339.0;14.0;14.0;3.0;16;45;FRI;4;19;False;False;False;6000;27.82;1.84;0.75;DEC;12;DPW - CGC;21;POST-PANAMAXII;CGC;6679;D2030_215_newpanamax
36.0;225.0;0.0;11.7;1.0;16;51;FRI;4;19;False;False;False;55000;200.0;7.85;0.75;DEC;12;NST - CGNC;29;NAVIOCARGAGERAL;CGNC;6680;D2030_215_newpanamax
23.0;195.0;10.75;10.75;3.0;17;44;FRI;4;19;False;False;False;1000;16.8;2.81;0.75;DEC;12;SANTOSBR;31;FULLYCELLULAR;CGC;6681;D2030_215_newpanamax
23.0;275.0;11.75;11.75;3.0;16;43;FRI;4;19;False;False;False;3000;15.61;5.15;0.75;DEC;12;SANTOSBR;31;PANAMAX;CGC;6682;D2030_215_newpanamax
23.0;295.0;12.75;12.75;3.0;16;43;FRI;4;19;False;False;False;4000;21.3;1.13;0.75;DEC;12;SANTOSBR;31;POST-PANAMAXI;CGC;6683;D2030_215_newpanamax
23.0;305.0;12.75;12.75;3.0;17;44;FRI;4;19;False;False;False;4000;21.3;3.92;0.75;DEC;12;SANTOSBR;31;POST-PANAMAXI;CGC;6684;D2030_215_newpanamax
43.0;339.0;14.0;14.0;3.0;17;44;FRI;4;19;False;False;False;6000;25.92;1.88;0.75;DEC;12;SANTOSBR;31;POST-PANAMAXII;CGC;6685;D2030_215_newpanamax
23.0;225.0;0.0;13.75;1.0;14;44;FRI;4;19;False;False;False;70000;39.92;1.75;0.75;DEC;12;TGG;38;PANAMAX;GSA - E;6686;D2030_215_newpanamax
23.0;295.0;0.0;11.75;1.0;11;42;FRI;4;19;True;False;False;76500;53.08;0.0;0.75;DEC;12;TRSP;44;LNGCARRIER;GL;6687;D2030_215_newpanamax
23.0;175.0;9.75;0.0;2.0;16;46;FRI;4;19;False;False;False;35000;90.66;59.97;0.75;DEC;12;USIMINAS;46;HANDYSIZE;CGNC;6688;D2030_215_newpanamax
23.0;155.0;10.25;0.0;2.0;20;53;SAT;5;20;False;False;False;18000;45.88;0.71;0.75;DEC;12;AGEO_TERMINAIS;11;GPGENERALPURPOSE;GL;6689;D2030_215_newpanamax
23.0;135.0;7.75;7.75;3.0;18;51;SAT;5;20;False;False;False;500;20.71;3.29;0.75;DEC;12;BTP;13;FEEDER/EARLY;CGC;6690;D2030_215_newpanamax
23.0;275.0;13.75;13.75;3.0;18;51;SAT;5;20;False;False;False;3000;14.7;2.14;0.75;DEC;12;BTP;13;PANAMAX;CGC;6691;D2030_215_newpanamax
23.0;295.0;14.25;14.25;3.0;18;51;SAT;5;20;False;False;False;4000;20.66;2.14;0.75;DEC;12;BTP;13;POST-PANAMAXI;CGC;6692;D2030_215_newpanamax
43.0;339.0;14.0;14.0;3.0;18;51;SAT;5;20;False;False;False;6000;23.63;6.09;0.75;DEC;12;BTP;13;POST-PANAMAXII;CGC;6693;D2030_215_newpanamax
43.0;339.0;14.0;14.0;3.0;16;46;SAT;5;20;False;False;False;6000;23.63;2.08;0.75;DEC;12;BTP;13;POST-PANAMAXII;CGC;6694;D2030_215_newpanamax
23.0;195.0;0.0;13.25;1.0;17;57;SAT;5;20;False;False;False;45000;39.48;1.56;0.75;DEC;12;COPESUCAR;17;HANDYMAX;GSA - E;6695;D2030_215_newpanamax
23.0;225.0;0.0;13.75;1.0;17;57;SAT;5;20;False;False;False;70000;58.85;1.8;0.75;DEC;12;COPESUCAR;17;PANAMAX;GSA - E;6696;D2030_215_newpanamax
23.0;205.0;11.25;11.25;3.0;19;52;SAT;5;20;False;False;False;1000;13.38;1.98;0.75;DEC;12;DPW - CGC;21;FULLYCELLULAR;CGC;6697;D2030_215_newpanamax
23.0;325.0;13.75;13.75;3.0;19;52;SAT;5;20;False;False;False;4000;21.93;1.88;0.75;DEC;12;DPW - CGC;21;POST-PANAMAXI;CGC;6698;D2030_215_newpanamax
36.0;225.0;0.0;11.7;1.0;16;3;SAT;5;20;False;False;False;55000;200.0;8.94;0.75;DEC;12;NST - CGNC;29;NAVIOCARGAGERAL;CGNC;6699;D2030_215_newpanamax
23.0;255.0;12.75;12.75;3.0;19;51;SAT;5;20;False;False;False;3000;15.61;3.43;0.75;DEC;12;SANTOSBR;31;PANAMAX;CGC;6700;D2030_215_newpanamax
23.0;185.0;12.75;0.0;2.0;17;51;SAT;5;20;False;False;False;45000;89.37;10.76;0.75;DEC;12;TERMAG;35;HANDYMAX;GSM - I;6701;D2030_215_newpanamax
23.0;225.0;0.0;13.25;1.0;16;52;SAT;5;20;False;False;False;70000;111.09;3.32;0.75;DEC;12;TES;36;PANAMAX;GSA - E;6702;D2030_215_newpanamax
23.0;195.0;9.25;9.25;3.0;17;52;SAT;5;20;False;False;True;1500;20.97;6.27;0.75;DEC;12;TEV;37;CARGARO-RO;RORO;6703;D2030_215_newpanamax
23.0;225.0;0.0;13.75;1.0;20;56;SAT;5;20;False;False;False;70000;62.19;2.62;0.75;DEC;12;TIPLAM - GSA - E;41;PANAMAX;GSA - E;6704;D2030_215_newpanamax
23.0;225.0;0.0;11.75;1.0;20;52;SAT;5;20;False;False;False;60000;48.22;4.8;0.75;DEC;12;TRANSPETRO;43;LR1LONGRANGE1;GL;6705;D2030_215_newpanamax
23.0;155.0;9.75;0.0;2.0;16;46;SAT;5;20;False;False;False;18000;42.57;4.07;0.75;DEC;12;ULTRACARGO;45;GPGENERALPURPOSE;GL;6706;D2030_215_newpanamax
23.0;185.0;11.25;0.0;2.0;16;46;SAT;5;20;False;False;False;35000;57.11;10.39;0.75;DEC;12;ULTRACARGO;45;MRMEDIUMRANGE;GL;6707;D2030_215_newpanamax
36.0;225.0;0.0;13.0;1.0;21;59;SUN;6;21;False;False;False;55000;99.0;2.1;0.75;DEC;12;ARAUCO;1;NAVIOCARGAGERAL;CGNC;6708;D2030_215_newpanamax
23.0;175.0;10.75;0.0;2.0;20;57;SUN;6;21;False;False;False;35000;50.86;3.83;0.75;DEC;12;RUMO - GSM - I;5;HANDYSIZE;GSM - I;6709;D2030_215_newpanamax
36.0;225.0;0.0;13.0;1.0;21;41;SUN;6;21;False;False;False;55000;99.66;1.8;0.75;DEC;12;BRACELL;12;NAVIOCARGAGERAL;CGNC;6710;D2030_215_newpanamax
23.0;175.0;10.75;0.0;2.0;13;56;SUN;6;21;False;False;False;35000;135.86;1.6;0.75;DEC;12;BUNGE;14;HANDYSIZE;GSA - I;6711;D2030_215_newpanamax
23.0;225.0;0.0;14.25;1.0;20;57;SUN;6;21;False;False;False;70000;68.98;14.83;0.75;DEC;12;COFCO;16;PANAMAX;GSA - E;6712;D2030_215_newpanamax
23.0;195.0;0.0;13.75;1.0;22;45;SUN;6;21;False;False;False;45000;39.48;1.8;0.75;DEC;12;COPESUCAR;17;HANDYMAX;GSA - E;6713;D2030_215_newpanamax
23.0;225.0;0.0;13.75;1.0;22;45;SUN;6;21;False;False;False;70000;58.85;1.91;0.75;DEC;12;COPESUCAR;17;PANAMAX;GSA - E;6714;D2030_215_newpanamax
23.0;255.0;13.75;13.75;3.0;23;7;SUN;6;21;False;False;False;3000;17.86;2.49;0.75;DEC;12;DPW - CGC;21;PANAMAX;CGC;6715;D2030_215_newpanamax
43.0;339.0;14.0;14.0;3.0;23;48;SUN;6;21;False;False;False;6000;27.82;1.34;0.75;DEC;12;DPW - CGC;21;POST-PANAMAXII;CGC;6716;D2030_215_newpanamax
36.0;225.0;0.0;11.7;1.0;21;54;SUN;6;21;False;False;False;55000;36.9;0.04;0.75;DEC;12;ELDORADO;23;NAVIOCARGAGERAL;CGNC;6717;D2030_215_newpanamax
23.0;215.0;11.25;11.25;3.0;21;55;SUN;6;21;False;False;False;1000;16.8;1.42;0.75;DEC;12;SANTOSBR;31;FULLYCELLULAR;CGC;6718;D2030_215_newpanamax
23.0;205.0;11.75;11.75;3.0;21;57;SUN;6;21;False;False;False;1000;16.8;5.61;0.75;DEC;12;SANTOSBR;31;FULLYCELLULAR;CGC;6719;D2030_215_newpanamax
23.0;255.0;13.25;13.25;3.0;21;57;SUN;6;21;False;False;False;3000;15.61;1.5;0.75;DEC;12;SANTOSBR;31;PANAMAX;CGC;6720;D2030_215_newpanamax
23.0;295.0;13.75;13.75;3.0;22;57;SUN;6;21;False;False;False;4000;21.3;5.18;0.75;DEC;12;SANTOSBR;31;POST-PANAMAXI;CGC;6721;D2030_215_newpanamax
43.0;339.0;14.0;14.0;3.0;21;57;SUN;6;21;False;False;False;6000;25.92;2.17;0.75;DEC;12;SANTOSBR;31;POST-PANAMAXII;CGC;6722;D2030_215_newpanamax
23.0;225.0;0.0;13.25;1.0;20;53;SUN;6;21;False;False;False;70000;78.07;0.77;0.75;DEC;12;TEG;34;PANAMAX;GSA - E;6723;D2030_215_newpanamax
23.0;195.0;9.75;9.75;3.0;20;59;SUN;6;21;False;False;True;1500;20.97;3.17;0.75;DEC;12;TEV;37;CARGARO-RO;RORO;6724;D2030_215_newpanamax
23.0;225.0;0.0;13.75;1.0;21;59;SUN;6;21;False;False;False;70000;39.92;5.34;0.75;DEC;12;TGG;38;PANAMAX;GSA - E;6725;D2030_215_newpanamax
23.0;185.0;12.25;0.0;2.0;23;54;SUN;6;21;False;False;False;35000;29.94;5.47;0.75;DEC;12;TRANSPETRO;43;MRMEDIUMRANGE;GL;6726;D2030_215_newpanamax
23.0;225.0;9.75;0.0;2.0;0;2;MON;0;22;False;False;False;70000;111.09;1.97;0.75;DEC;12;RUMO - GSM - I;5;PANAMAX;GSM - I;6727;D2030_215_newpanamax
23.0;295.0;10.25;10.25;3.0;1;5;MON;0;22;False;False;False;4000;20.66;2.87;0.75;DEC;12;BTP;13;POST-PANAMAXI;CGC;6728;D2030_215_newpanamax
23.0;225.0;0.0;12.75;1.0;3;5;MON;0;22;False;False;False;70000;58.85;2.8;0.75;DEC;12;COPESUCAR;17;PANAMAX;GSA - E;6729;D2030_215_newpanamax
23.0;195.0;8.25;8.25;3.0;3;7;MON;0;22;False;False;False;1000;13.38;1.03;0.75;DEC;12;DPW - CGC;21;FULLYCELLULAR;CGC;6730;D2030_215_newpanamax
23.0;255.0;9.75;9.75;3.0;3;7;MON;0;22;False;False;False;3000;17.86;1.96;0.75;DEC;12;DPW - CGC;21;PANAMAX;CGC;6731;D2030_215_newpanamax
23.0;295.0;10.25;10.25;3.0;2;4;MON;0;22;False;False;False;4000;21.93;1.01;0.75;DEC;12;DPW - CGC;21;POST-PANAMAXI;CGC;6732;D2030_215_newpanamax
23.0;185.0;0.0;9.75;1.0;0;3;MON;0;22;False;False;False;45000;37.2;3.83;0.75;DEC;12;ELEVACOES;24;HANDYMAX;GSA - E;6733;D2030_215_newpanamax
32.2;205.0;0.0;12.2;1.0;0;3;MON;0;22;False;False;False;55000;39.16;2.01;0.75;DEC;12;ELEVACOES;24;SUPRAMAX;GSA - E;6734;D2030_215_newpanamax
23.0;175.0;0.0;9.25;1.0;6;21;MON;0;22;False;False;False;35000;137.91;0.1;0.75;DEC;12;NST - GL;30;MRMEDIUMRANGE;GL;6735;D2030_215_newpanamax
23.0;295.0;9.25;9.25;3.0;0;1;MON;0;22;False;False;False;4000;21.3;0.87;0.75;DEC;12;SANTOSBR;31;POST-PANAMAXI;CGC;6736;D2030_215_newpanamax
23.0;225.0;0.0;12.75;1.0;0;2;MON;0;22;False;False;False;70000;39.92;0.74;0.75;DEC;12;TGG;38;PANAMAX;GSA - E;6737;D2030_215_newpanamax
23.0;185.0;0.0;8.25;1.0;2;5;MON;0;22;False;False;False;35000;29.94;2.11;0.75;DEC;12;TRANSPETRO;43;MRMEDIUMRANGE;GL;6738;D2030_215_newpanamax
23.0;225.0;0.0;8.25;1.0;0;0;MON;0;22;False;False;False;70000;55.1;2.5;0.75;DEC;12;XXXIX;48;PANAMAX;GSA - E;6739;D2030_215_newpanamax
23.0;175.0;0.0;8.25;1.0;7;9;TUE;1;23;False;False;False;35000;57.11;10.47;0.75;DEC;12;STS;2;MRMEDIUMRANGE;GL;6740;D2030_215_newpanamax
23.0;225.0;0.0;12.75;1.0;6;11;TUE;1;23;False;False;False;70000;51.12;3.97;0.75;DEC;12;ADM;9;PANAMAX;GSA - E;6741;D2030_215_newpanamax
23.0;215.0;8.75;8.75;3.0;3;9;TUE;1;23;False;False;False;1000;13.85;5.08;0.75;DEC;12;BTP;13;FULLYCELLULAR;CGC;6742;D2030_215_newpanamax
23.0;305.0;10.75;10.75;3.0;3;9;TUE;1;23;False;False;False;4000;20.66;2.53;0.75;DEC;12;BTP;13;POST-PANAMAXI;CGC;6743;D2030_215_newpanamax
23.0;305.0;10.75;10.75;3.0;3;9;TUE;1;23;False;False;False;4000;20.66;5.22;0.75;DEC;12;BTP;13;POST-PANAMAXI;CGC;6744;D2030_215_newpanamax
43.0;339.0;14.0;14.0;3.0;3;9;TUE;1;23;False;False;False;6000;23.63;2.21;0.75;DEC;12;BTP;13;POST-PANAMAXII;CGC;6745;D2030_215_newpanamax
23.0;225.0;0.0;13.25;1.0;9;21;TUE;1;23;False;False;False;70000;68.98;9.3;0.75;DEC;12;COFCO;16;PANAMAX;GSA - E;6746;D2030_215_newpanamax
23.0;255.0;9.75;9.75;3.0;4;8;TUE;1;23;False;False;False;3000;17.86;1.48;0.75;DEC;12;DPW - CGC;21;PANAMAX;CGC;6747;D2030_215_newpanamax
23.0;275.0;10.25;10.25;3.0;6;16;TUE;1;23;False;False;False;3000;17.86;2.62;0.75;DEC;12;DPW - CGC;21;PANAMAX;CGC;6748;D2030_215_newpanamax
23.0;185.0;0.0;12.25;1.0;8;17;TUE;1;23;False;False;False;45000;37.2;2.88;0.75;DEC;12;ELEVACOES;24;HANDYMAX;GSA - E;6749;D2030_215_newpanamax
32.2;205.0;0.0;12.2;1.0;8;17;TUE;1;23;False;False;False;55000;39.16;2.32;0.75;DEC;12;ELEVACOES;24;SUPRAMAX;GSA - E;6750;D2030_215_newpanamax
23.0;255.0;10.25;10.25;3.0;6;16;TUE;1;23;False;False;False;3000;15.61;1.95;0.75;DEC;12;SANTOSBR;31;PANAMAX;CGC;6751;D2030_215_newpanamax
23.0;255.0;10.25;10.25;3.0;6;17;TUE;1;23;False;False;False;3000;15.61;2.07;0.75;DEC;12;SANTOSBR;31;PANAMAX;CGC;6752;D2030_215_newpanamax
43.0;339.0;14.0;14.0;3.0;6;16;TUE;1;23;False;False;False;6000;25.92;3.36;0.75;DEC;12;SANTOSBR;31;POST-PANAMAXII;CGC;6753;D2030_215_newpanamax
23.0;225.0;0.0;12.75;1.0;5;8;TUE;1;23;False;False;False;70000;111.09;2.2;0.75;DEC;12;TES;36;PANAMAX;GSA - E;6754;D2030_215_newpanamax
23.0;195.0;8.75;8.75;3.0;6;16;TUE;1;23;False;False;True;1500;20.97;9.65;0.75;DEC;12;TEV;37;CARGARO-RO;RORO;6755;D2030_215_newpanamax
23.0;195.0;8.25;0.0;2.0;2;7;TUE;1;23;False;False;False;45000;85.0;1.97;0.75;DEC;12;TIPLAM - GSM - I;42;HANDYMAX;GSM - I;6756;D2030_215_newpanamax
23.0;185.0;0.0;8.75;1.0;5;12;TUE;1;23;False;False;False;35000;29.94;4.65;0.75;DEC;12;TRANSPETRO;43;MRMEDIUMRANGE;GL;6757;D2030_215_newpanamax
23.0;175.0;0.0;8.25;1.0;7;22;TUE;1;23;False;False;False;35000;90.66;13.49;0.75;DEC;12;USIMINAS;46;HANDYSIZE;CGNC;6758;D2030_215_newpanamax
23.0;275.0;10.75;10.75;3.0;10;25;WED;2;24;False;False;False;3000;15.61;4.8;0.75;DEC;12;TECON10;3;PANAMAX;CGC;6759;D2030_215_newpanamax
23.0;175.0;0.0;9.25;1.0;7;18;WED;2;24;False;False;False;35000;64.43;0.22;0.75;DEC;12;AGEO_TERMINAIS;11;MRMEDIUMRANGE;GL;6760;D2030_215_newpanamax
23.0;295.0;11.75;11.75;3.0;5;17;WED;2;24;False;False;False;4000;20.66;1.32;0.75;DEC;12;BTP;13;POST-PANAMAXI;CGC;6761;D2030_215_newpanamax
23.0;215.0;9.75;9.75;3.0;9;25;WED;2;24;False;False;False;1000;13.38;4.14;0.75;DEC;12;DPW - CGC;21;FULLYCELLULAR;CGC;6762;D2030_215_newpanamax
23.0;215.0;9.75;9.75;3.0;9;25;WED;2;24;False;False;False;1000;13.38;2.49;0.75;DEC;12;DPW - CGC;21;FULLYCELLULAR;CGC;6763;D2030_215_newpanamax
23.0;275.0;10.75;10.75;3.0;10;28;WED;2;24;False;False;False;3000;17.86;1.17;0.75;DEC;12;DPW - CGC;21;PANAMAX;CGC;6764;D2030_215_newpanamax
36.0;225.0;0.0;13.0;1.0;8;22;WED;2;24;False;False;False;55000;64.0;3.2;0.75;DEC;12;DPW - CGNC;22;NAVIOCARGAGERAL;CGNC;6765;D2030_215_newpanamax
23.0;185.0;9.75;9.75;3.0;9;24;WED;2;24;False;False;False;1000;16.8;2.96;0.75;DEC;12;SANTOSBR;31;FULLYCELLULAR;CGC;6766;D2030_215_newpanamax
23.0;255.0;10.75;10.75;3.0;9;24;WED;2;24;False;False;False;3000;15.61;1.13;0.75;DEC;12;SANTOSBR;31;PANAMAX;CGC;6767;D2030_215_newpanamax
23.0;295.0;12.25;12.25;3.0;9;24;WED;2;24;False;False;False;4000;21.3;2.0;0.75;DEC;12;SANTOSBR;31;POST-PANAMAXI;CGC;6768;D2030_215_newpanamax
23.0;225.0;0.0;13.25;1.0;7;16;WED;2;24;False;False;False;70000;78.07;1.11;0.75;DEC;12;TEG;34;PANAMAX;GSA - E;6769;D2030_215_newpanamax
23.0;195.0;8.75;8.75;3.0;7;21;WED;2;24;False;False;True;1500;20.97;1.38;0.75;DEC;12;TEV;37;CARGARO-RO;RORO;6770;D2030_215_newpanamax
23.0;225.0;0.0;13.25;1.0;7;19;WED;2;24;False;False;False;70000;62.19;1.79;0.75;DEC;12;TIPLAM - GSA - E;41;PANAMAX;GSA - E;6771;D2030_215_newpanamax
23.0;185.0;0.0;9.25;1.0;9;21;WED;2;24;False;False;False;35000;29.94;1.41;0.75;DEC;12;TRANSPETRO;43;MRMEDIUMRANGE;GL;6772;D2030_215_newpanamax
23.0;255.0;11.25;11.25;3.0;11;31;THU;3;25;False;False;False;3000;15.61;1.8;0.75;DEC;12;TECON10;3;PANAMAX;CGC;6773;D2030_215_newpanamax
23.0;225.0;0.0;13.25;1.0;12;26;THU;3;25;False;False;False;70000;51.12;5.06;0.75;DEC;12;RUMO - GSA - E;4;PANAMAX;GSA - E;6774;D2030_215_newpanamax
23.0;305.0;12.25;12.25;3.0;8;23;THU;3;25;False;False;False;4000;20.66;2.0;0.75;DEC;12;BTP;13;POST-PANAMAXI;CGC;6775;D2030_215_newpanamax
23.0;295.0;12.75;12.75;3.0;9;26;THU;3;25;False;False;False;4000;20.66;4.58;0.75;DEC;12;BTP;13;POST-PANAMAXI;CGC;6776;D2030_215_newpanamax
23.0;205.0;0.0;10.25;1.0;9;27;THU;3;25;False;False;False;35000;77.19;0.32;0.75;DEC;12;CITROSUCO;15;MRMEDIUMRANGE;GL;6777;D2030_215_newpanamax
23.0;185.0;10.25;10.25;3.0;12;34;THU;3;25;False;False;False;1000;13.38;1.84;0.75;DEC;12;DPW - CGC;21;FULLYCELLULAR;CGC;6778;D2030_215_newpanamax
23.0;305.0;12.25;12.25;3.0;11;31;THU;3;25;False;False;False;4000;21.93;1.81;0.75;DEC;12;DPW - CGC;21;POST-PANAMAXI;CGC;6779;D2030_215_newpanamax
23.0;185.0;11.25;0.0;2.0;7;28;THU;3;25;False;False;False;45000;75.33;1.77;0.75;DEC;12;HIDROVIAS;27;HANDYMAX;GSM - I;6780;D2030_215_newpanamax
23.0;215.0;9.75;9.75;3.0;12;33;THU;3;25;False;False;False;1000;16.8;5.16;0.75;DEC;12;SANTOSBR;31;FULLYCELLULAR;CGC;6781;D2030_215_newpanamax
23.0;295.0;12.75;12.75;3.0;13;36;THU;3;25;False;False;False;4000;21.3;1.67;0.75;DEC;12;SANTOSBR;31;POST-PANAMAXI;CGC;6782;D2030_215_newpanamax
43.0;339.0;14.0;14.0;3.0;12;33;THU;3;25;False;False;False;6000;25.92;1.08;0.75;DEC;12;SANTOSBR;31;POST-PANAMAXII;CGC;6783;D2030_215_newpanamax
23.0;185.0;12.25;0.0;2.0;6;26;THU;3;25;False;False;False;45000;89.37;2.46;0.75;DEC;12;TERMAG;35;HANDYMAX;GSM - I;6784;D2030_215_newpanamax
23.0;195.0;9.25;9.25;3.0;11;33;THU;3;25;False;False;True;1500;20.97;1.31;0.75;DEC;12;TEV;37;CARGARO-RO;RORO;6785;D2030_215_newpanamax
23.0;225.0;0.0;13.25;1.0;11;30;THU;3;25;False;False;False;70000;61.75;1.56;0.75;DEC;12;TGRAO;39;PANAMAX;GSA - E;6786;D2030_215_newpanamax
23.0;185.0;0.0;9.25;1.0;12;29;THU;3;25;False;False;False;35000;29.94;0.57;0.75;DEC;12;TRANSPETRO;43;MRMEDIUMRANGE;GL;6787;D2030_215_newpanamax
23.0;185.0;0.0;9.25;1.0;11;28;THU;3;25;False;False;False;35000;29.94;1.19;0.75;DEC;12;TRANSPETRO;43;MRMEDIUMRANGE;GL;6788;D2030_215_newpanamax
23.0;275.0;11.75;11.75;3.0;16;44;FRI;4;26;False;False;False;3000;15.61;1.68;0.75;DEC;12;TECON10;3;PANAMAX;CGC;6789;D2030_215_newpanamax
23.0;225.0;0.0;13.25;1.0;14;35;FRI;4;26;False;False;False;70000;51.12;4.82;0.75;DEC;12;RUMO - GSA - E;4;PANAMAX;GSA - E;6790;D2030_215_newpanamax
23.0;185.0;10.25;0.0;2.0;14;40;FRI;4;26;False;False;False;35000;64.43;0.33;0.75;DEC;12;AGEO_TERMINAIS;11;MRMEDIUMRANGE;GL;6791;D2030_215_newpanamax
23.0;295.0;12.75;12.75;3.0;11;32;FRI;4;26;False;False;False;4000;20.66;5.12;0.75;DEC;12;BTP;13;POST-PANAMAXI;CGC;6792;D2030_215_newpanamax
43.0;339.0;14.0;14.0;3.0;11;32;FRI;4;26;False;False;False;6000;23.63;3.27;0.75;DEC;12;BTP;13;POST-PANAMAXII;CGC;6793;D2030_215_newpanamax
23.0;225.0;0.0;13.75;1.0;16;43;FRI;4;26;False;False;False;70000;68.98;1.44;0.75;DEC;12;COFCO;16;PANAMAX;GSA - E;6794;D2030_215_newpanamax
23.0;225.0;0.0;13.75;1.0;15;39;FRI;4;26;False;False;False;70000;68.98;6.75;0.75;DEC;12;COFCO;16;PANAMAX;GSA - E;6795;D2030_215_newpanamax
23.0;125.0;7.25;7.25;3.0;14;38;FRI;4;26;False;False;False;500;12.93;1.86;0.75;DEC;12;DPW - CGC;21;FEEDER/EARLY;CGC;6796;D2030_215_newpanamax
23.0;205.0;10.25;10.25;3.0;14;39;FRI;4;26;False;False;False;1000;13.38;1.28;0.75;DEC;12;DPW - CGC;21;FULLYCELLULAR;CGC;6797;D2030_215_newpanamax
23.0;265.0;11.75;11.75;3.0;16;45;FRI;4;26;False;False;False;3000;17.86;2.08;0.75;DEC;12;DPW - CGC;21;PANAMAX;CGC;6798;D2030_215_newpanamax
23.0;305.0;13.25;13.25;3.0;16;45;FRI;4;26;False;False;False;4000;21.93;1.26;0.75;DEC;12;DPW - CGC;21;POST-PANAMAXI;CGC;6799;D2030_215_newpanamax
43.0;339.0;14.0;14.0;3.0;14;38;FRI;4;26;False;False;False;6000;27.82;5.07;0.75;DEC;12;DPW - CGC;21;POST-PANAMAXII;CGC;6800;D2030_215_newpanamax
23.0;135.0;7.25;7.25;3.0;16;43;FRI;4;26;False;False;False;500;7.08;1.78;0.75;DEC;12;SANTOSBR;31;FEEDER/EARLY;CGC;6801;D2030_215_newpanamax
23.0;185.0;10.25;10.25;3.0;13;37;FRI;4;26;False;False;False;1000;16.8;1.23;0.75;DEC;12;SANTOSBR;31;FULLYCELLULAR;CGC;6802;D2030_215_newpanamax
23.0;255.0;11.75;11.75;3.0;13;37;FRI;4;26;False;False;False;3000;15.61;5.14;0.75;DEC;12;SANTOSBR;31;PANAMAX;CGC;6803;D2030_215_newpanamax
23.0;255.0;11.75;11.75;3.0;14;38;FRI;4;26;False;False;False;3000;15.61;3.95;0.75;DEC;12;SANTOSBR;31;PANAMAX;CGC;6804;D2030_215_newpanamax
23.0;305.0;12.75;12.75;3.0;16;43;FRI;4;26;False;False;False;4000;21.3;2.77;0.75;DEC;12;SANTOSBR;31;POST-PANAMAXI;CGC;6805;D2030_215_newpanamax
23.0;225.0;0.0;13.25;1.0;15;38;FRI;4;26;False;False;False;70000;78.07;2.16;0.75;DEC;12;TEG;34;PANAMAX;GSA - E;6806;D2030_215_newpanamax
23.0;225.0;0.0;13.25;1.0;16;47;FRI;4;26;False;False;False;70000;62.19;5.44;0.75;DEC;12;TIPLAM - GSA - E;41;PANAMAX;GSA - E;6807;D2030_215_newpanamax
23.0;185.0;0.0;9.75;1.0;16;44;FRI;4;26;False;False;False;35000;29.94;5.79;0.75;DEC;12;TRANSPETRO;43;MRMEDIUMRANGE;GL;6808;D2030_215_newpanamax
23.0;225.0;0.0;12.75;1.0;14;38;FRI;4;26;False;False;False;70000;55.1;0.04;0.75;DEC;12;XXXIX;48;PANAMAX;GSA - E;6809;D2030_215_newpanamax
36.0;225.0;0.0;13.0;1.0;14;42;SAT;5;27;False;False;False;55000;99.0;0.77;0.75;DEC;12;ARAUCO;1;NAVIOCARGAGERAL;CGNC;6810;D2030_215_newpanamax
23.0;185.0;11.25;0.0;2.0;20;53;SAT;5;27;False;False;False;35000;64.43;0.51;0.75;DEC;12;AGEO_TERMINAIS;11;MRMEDIUMRANGE;GL;6811;D2030_215_newpanamax
23.0;245.0;13.75;13.75;3.0;16;46;SAT;5;27;False;False;False;3000;14.7;0.72;0.75;DEC;12;BTP;13;PANAMAX;CGC;6812;D2030_215_newpanamax
23.0;295.0;13.75;13.75;3.0;16;46;SAT;5;27;False;False;False;4000;20.66;1.82;0.75;DEC;12;BTP;13;POST-PANAMAXI;CGC;6813;D2030_215_newpanamax
23.0;325.0;13.75;13.75;3.0;17;48;SAT;5;27;False;False;False;4000;20.66;0.62;0.75;DEC;12;BTP;13;POST-PANAMAXI;CGC;6814;D2030_215_newpanamax
23.0;215.0;0.0;11.25;1.0;18;52;SAT;5;27;False;False;False;35000;77.19;0.15;0.75;DEC;12;CITROSUCO;15;MRMEDIUMRANGE;GL;6815;D2030_215_newpanamax
23.0;195.0;0.0;13.25;1.0;17;56;SAT;5;27;False;False;False;45000;39.48;1.25;0.75;DEC;12;COPESUCAR;17;HANDYMAX;GSA - E;6816;D2030_215_newpanamax
23.0;225.0;0.0;12.75;1.0;17;51;SAT;5;27;False;False;False;60000;162.93;3.16;0.75;DEC;12;CUTRALE - GL;18;LR1LONGRANGE1;GL;6817;D2030_215_newpanamax
23.0;275.0;12.25;12.25;3.0;18;50;SAT;5;27;False;False;False;3000;17.86;1.75;0.75;DEC;12;DPW - CGC;21;PANAMAX;CGC;6818;D2030_215_newpanamax
23.0;275.0;12.25;12.25;3.0;18;50;SAT;5;27;False;False;False;3000;17.86;1.85;0.75;DEC;12;DPW - CGC;21;PANAMAX;CGC;6819;D2030_215_newpanamax
36.0;225.0;0.0;11.7;1.0;17;43;SAT;5;27;False;False;False;55000;36.9;13.81;0.75;DEC;12;ELDORADO;23;NAVIOCARGAGERAL;CGNC;6820;D2030_215_newpanamax
23.0;205.0;0.0;10.25;1.0;13;44;SAT;5;27;False;False;False;35000;137.91;0.18;0.75;DEC;12;NST - GL;30;MRMEDIUMRANGE;GL;6821;D2030_215_newpanamax
23.0;225.0;0.0;13.25;1.0;16;55;SAT;5;27;False;False;False;70000;111.09;9.99;0.75;DEC;12;TES;36;PANAMAX;GSA - E;6822;D2030_215_newpanamax
23.0;225.0;0.0;13.25;1.0;15;47;SAT;5;27;False;False;False;70000;111.09;1.04;0.75;DEC;12;TES;36;PANAMAX;GSA - E;6823;D2030_215_newpanamax
23.0;225.0;0.0;13.75;1.0;18;54;SAT;5;27;False;False;False;70000;39.92;1.39;0.75;DEC;12;TGG;38;PANAMAX;GSA - E;6824;D2030_215_newpanamax
23.0;225.0;0.0;13.75;1.0;19;55;SAT;5;27;False;False;False;70000;62.19;5.53;0.75;DEC;12;TIPLAM - GSA - E;41;PANAMAX;GSA - E;6825;D2030_215_newpanamax
23.0;185.0;0.0;10.75;1.0;20;52;SAT;5;27;False;False;False;35000;29.94;1.36;0.75;DEC;12;TRANSPETRO;43;MRMEDIUMRANGE;GL;6826;D2030_215_newpanamax
23.0;295.0;0.0;11.75;1.0;11;46;SAT;5;27;True;False;False;76500;53.08;0.0;0.75;DEC;12;TRSP;44;LNGCARRIER;GL;6827;D2030_215_newpanamax
23.0;185.0;11.25;0.0;2.0;19;54;SAT;5;27;False;False;False;35000;62.88;0.0;0.75;DEC;12;VOPAK;47;MRMEDIUMRANGE;GL;6828;D2030_215_newpanamax
23.0;275.0;13.7;13.7;3.0;23;26;SUN;6;28;False;False;False;3000;15.61;4.51;0.75;DEC;12;TECON10;3;PANAMAX;CGC;6829;D2030_215_newpanamax
23.0;225.0;0.0;13.75;1.0;21;52;SUN;6;28;False;False;False;70000;51.12;2.62;0.75;DEC;12;ADM;9;PANAMAX;GSA - E;6830;D2030_215_newpanamax
23.0;225.0;0.0;13.75;1.0;22;57;SUN;6;28;False;False;False;70000;51.12;2.94;0.75;DEC;12;ADM;9;PANAMAX;GSA - E;6831;D2030_215_newpanamax
23.0;215.0;0.0;11.25;1.0;22;33;SUN;6;28;False;False;False;35000;77.19;0.57;0.75;DEC;12;CITROSUCO;15;MRMEDIUMRANGE;GL;6832;D2030_215_newpanamax
23.0;225.0;0.0;14.25;1.0;22;42;SUN;6;28;False;False;False;70000;68.98;4.84;0.75;DEC;12;COFCO;16;PANAMAX;GSA - E;6833;D2030_215_newpanamax
23.0;195.0;0.0;13.25;1.0;21;30;SUN;6;28;False;False;False;45000;39.48;1.92;0.75;DEC;12;COPESUCAR;17;HANDYMAX;GSA - E;6834;D2030_215_newpanamax
23.0;205.0;11.75;11.75;3.0;23;48;SUN;6;28;False;False;False;1000;13.38;1.95;0.75;DEC;12;DPW - CGC;21;FULLYCELLULAR;CGC;6835;D2030_215_newpanamax
23.0;275.0;14.25;14.25;3.0;23;48;SUN;6;28;False;False;False;3000;17.86;1.83;0.75;DEC;12;DPW - CGC;21;PANAMAX;CGC;6836;D2030_215_newpanamax
23.0;325.0;14.25;14.25;3.0;23;48;SUN;6;28;False;False;False;4000;21.93;1.43;0.75;DEC;12;DPW - CGC;21;POST-PANAMAXI;CGC;6837;D2030_215_newpanamax
23.0;225.0;0.0;14.2;1.0;21;58;SUN;6;28;False;False;False;70000;53.25;2.66;0.75;DEC;12;ELEVACOES;24;PANAMAX;GSA - E;6838;D2030_215_newpanamax
23.0;225.0;0.0;14.2;1.0;23;47;SUN;6;28;False;False;False;70000;53.25;4.66;0.75;DEC;12;ELEVACOES;24;PANAMAX;GSA - E;6839;D2030_215_newpanamax
23.0;205.0;11.75;11.75;3.0;22;57;SUN;6;28;False;False;False;1000;16.8;2.55;0.75;DEC;12;SANTOSBR;31;FULLYCELLULAR;CGC;6840;D2030_215_newpanamax
23.0;255.0;13.25;13.25;3.0;22;57;SUN;6;28;False;False;False;3000;15.61;3.85;0.75;DEC;12;SANTOSBR;31;PANAMAX;CGC;6841;D2030_215_newpanamax
23.0;295.0;13.75;13.75;3.0;21;57;SUN;6;28;False;False;False;4000;21.3;1.74;0.75;DEC;12;SANTOSBR;31;POST-PANAMAXI;CGC;6842;D2030_215_newpanamax
23.0;155.0;9.25;0.0;2.0;20;55;SUN;6;28;False;False;False;18000;29.82;7.2;0.75;DEC;12;STOLTHAVEN;32;GPGENERALPURPOSE;GL;6843;D2030_215_newpanamax
23.0;225.0;0.0;13.25;1.0;20;57;SUN;6;28;False;False;False;70000;88.35;1.51;0.75;DEC;12;TEAG;33;PANAMAX;GSA - E;6844;D2030_215_newpanamax
23.0;195.0;9.75;9.75;3.0;21;59;SUN;6;28;False;False;True;1500;20.97;6.68;0.75;DEC;12;TEV;37;CARGARO-RO;RORO;6845;D2030_215_newpanamax
23.0;225.0;0.0;13.75;1.0;21;59;SUN;6;28;False;False;False;70000;39.92;2.57;0.75;DEC;12;TGG;38;PANAMAX;GSA - E;6846;D2030_215_newpanamax
23.0;185.0;11.75;0.0;2.0;23;30;SUN;6;28;False;False;False;35000;29.94;4.28;0.75;DEC;12;TRANSPETRO;43;MRMEDIUMRANGE;GL;6847;D2030_215_newpanamax
23.0;225.0;0.0;12.75;1.0;4;7;MON;0;29;False;False;False;70000;51.12;2.75;0.75;DEC;12;ADM;9;PANAMAX;GSA - E;6848;D2030_215_newpanamax
23.0;165.0;9.75;0.0;2.0;0;0;MON;0;29;False;False;False;35000;135.86;5.04;0.75;DEC;12;BUNGE;14;HANDYSIZE;GSA - I;6849;D2030_215_newpanamax
23.0;225.0;0.0;13.25;1.0;5;15;MON;0;29;False;False;False;70000;58.85;1.92;0.75;DEC;12;COPESUCAR;17;PANAMAX;GSA - E;6850;D2030_215_newpanamax
23.0;195.0;7.25;7.25;3.0;1;3;MON;0;29;False;False;False;1000;13.38;1.36;0.75;DEC;12;DPW - CGC;21;FULLYCELLULAR;CGC;6851;D2030_215_newpanamax
23.0;245.0;9.75;9.75;3.0;1;3;MON;0;29;False;False;False;3000;17.86;1.13;0.75;DEC;12;DPW - CGC;21;PANAMAX;CGC;6852;D2030_215_newpanamax
23.0;325.0;10.25;10.25;3.0;3;7;MON;0;29;False;False;False;4000;21.93;1.67;0.75;DEC;12;DPW - CGC;21;POST-PANAMAXI;CGC;6853;D2030_215_newpanamax
23.0;175.0;0.0;9.75;1.0;0;3;MON;0;29;False;False;False;35000;27.04;3.55;0.75;DEC;12;ELEVACOES;24;HANDYSIZE;GSA - E;6854;D2030_215_newpanamax
32.2;205.0;0.0;12.2;1.0;2;6;MON;0;29;False;False;False;55000;39.16;3.71;0.75;DEC;12;ELEVACOES;24;SUPRAMAX;GSA - E;6855;D2030_215_newpanamax
23.0;185.0;8.75;8.75;3.0;2;6;MON;0;29;False;False;False;1000;16.8;0.97;0.75;DEC;12;SANTOSBR;31;FULLYCELLULAR;CGC;6856;D2030_215_newpanamax
43.0;339.0;14.0;14.0;3.0;0;1;MON;0;29;False;False;False;6000;25.92;1.82;0.75;DEC;12;SANTOSBR;31;POST-PANAMAXII;CGC;6857;D2030_215_newpanamax
23.0;225.0;0.0;11.75;1.0;0;1;MON;0;29;False;False;False;70000;61.75;3.4;0.75;DEC;12;TGRAO;39;PANAMAX;GSA - E;6858;D2030_215_newpanamax
23.0;285.0;0.0;10.75;1.0;8;13;MON;0;29;True;False;False;76500;53.08;0.0;0.75;DEC;12;TRSP;44;LNGCARRIER;GL;6859;D2030_215_newpanamax
23.0;175.0;0.0;8.25;1.0;8;13;TUE;1;30;False;False;False;35000;57.11;5.7;0.75;DEC;12;STS;2;MRMEDIUMRANGE;GL;6860;D2030_215_newpanamax
23.0;165.0;0.0;7.25;1.0;3;7;TUE;1;30;False;False;False;18000;45.88;0.24;0.75;DEC;12;AGEO_TERMINAIS;11;GPGENERALPURPOSE;GL;6861;D2030_215_newpanamax
23.0;275.0;10.75;10.75;3.0;3;9;TUE;1;30;False;False;False;3000;14.7;2.35;0.75;DEC;12;BTP;13;PANAMAX;CGC;6862;D2030_215_newpanamax
23.0;305.0;11.25;11.25;3.0;4;12;TUE;1;30;False;False;False;4000;20.66;1.77;0.75;DEC;12;BTP;13;POST-PANAMAXI;CGC;6863;D2030_215_newpanamax
23.0;305.0;10.75;10.75;3.0;3;9;TUE;1;30;False;False;False;4000;20.66;4.48;0.75;DEC;12;BTP;13;POST-PANAMAXI;CGC;6864;D2030_215_newpanamax
23.0;225.0;0.0;13.25;1.0;7;16;TUE;1;30;False;False;False;70000;68.98;1.75;0.75;DEC;12;COFCO;16;PANAMAX;GSA - E;6865;D2030_215_newpanamax
23.0;145.0;6.75;6.75;3.0;4;8;TUE;1;30;False;False;False;500;12.93;2.15;0.75;DEC;12;DPW - CGC;21;FEEDER/EARLY;CGC;6866;D2030_215_newpanamax
23.0;255.0;10.25;10.25;3.0;5;13;TUE;1;30;False;False;False;3000;17.86;3.0;0.75;DEC;12;DPW - CGC;21;PANAMAX;CGC;6867;D2030_215_newpanamax
23.0;305.0;10.75;10.75;3.0;5;13;TUE;1;30;False;False;False;4000;21.93;1.66;0.75;DEC;12;DPW - CGC;21;POST-PANAMAXI;CGC;6868;D2030_215_newpanamax
23.0;175.0;0.0;9.75;1.0;8;17;TUE;1;30;False;False;False;35000;27.04;4.06;0.75;DEC;12;ELEVACOES;24;HANDYSIZE;GSA - E;6869;D2030_215_newpanamax
23.0;195.0;9.25;9.25;3.0;6;16;TUE;1;30;False;False;False;1000;16.8;2.18;0.75;DEC;12;SANTOSBR;31;FULLYCELLULAR;CGC;6870;D2030_215_newpanamax
23.0;255.0;10.25;10.25;3.0;5;14;TUE;1;30;False;False;False;3000;15.61;1.88;0.75;DEC;12;SANTOSBR;31;PANAMAX;CGC;6871;D2030_215_newpanamax
23.0;295.0;11.75;11.75;3.0;5;14;TUE;1;30;False;False;False;4000;21.3;2.83;0.75;DEC;12;SANTOSBR;31;POST-PANAMAXI;CGC;6872;D2030_215_newpanamax
43.0;339.0;14.0;14.0;3.0;3;8;TUE;1;30;False;False;False;6000;25.92;2.27;0.75;DEC;12;SANTOSBR;31;POST-PANAMAXII;CGC;6873;D2030_215_newpanamax
23.0;195.0;8.75;8.75;3.0;6;16;TUE;1;30;False;False;True;1500;20.97;0.89;0.75;DEC;12;TEV;37;CARGARO-RO;RORO;6874;D2030_215_newpanamax
23.0;235.0;8.75;8.75;3.0;6;16;TUE;1;30;False;False;True;5000;19.52;15.94;0.75;DEC;12;TEV;37;LARGEPCTC;RORO;6875;D2030_215_newpanamax
23.0;175.0;8.75;0.0;2.0;6;13;TUE;1;30;False;False;False;35000;72.19;2.37;0.75;DEC;12;TIPLAM - GSM - I;42;HANDYSIZE;GSM - I;6876;D2030_215_newpanamax
23.0;185.0;0.0;8.75;1.0;6;12;TUE;1;30;False;False;False;35000;29.94;11.25;0.75;DEC;12;TRANSPETRO;43;MRMEDIUMRANGE;GL;6877;D2030_215_newpanamax
23.0;185.0;8.75;0.0;2.0;7;16;TUE;1;30;False;False;False;35000;62.88;0.0;0.75;DEC;12;VOPAK;47;MRMEDIUMRANGE;GL;6878;D2030_215_newpanamax
23.0;155.0;8.25;0.0;2.0;9;23;WED;2;31;False;False;False;18000;45.88;0.63;0.75;DEC;12;AGEO_TERMINAIS;11;GPGENERALPURPOSE;GL;6879;D2030_215_newpanamax
23.0;215.0;8.75;8.75;3.0;5;17;WED;2;31;False;False;False;1000;13.85;3.85;0.75;DEC;12;BTP;13;FULLYCELLULAR;CGC;6880;D2030_215_newpanamax
43.0;339.0;14.0;14.0;3.0;5;17;WED;2;31;False;False;False;6000;23.63;1.51;0.75;DEC;12;BTP;13;POST-PANAMAXII;CGC;6881;D2030_215_newpanamax
23.0;195.0;0.0;11.75;1.0;8;27;WED;2;31;False;False;False;45000;39.48;1.75;0.75;DEC;12;COPESUCAR;17;HANDYMAX;GSA - E;6882;D2030_215_newpanamax
23.0;265.0;10.75;10.75;3.0;9;25;WED;2;31;False;False;False;3000;17.86;2.15;0.75;DEC;12;DPW - CGC;21;PANAMAX;CGC;6883;D2030_215_newpanamax
23.0;305.0;11.75;11.75;3.0;9;25;WED;2;31;False;False;False;4000;21.93;2.94;0.75;DEC;12;DPW - CGC;21;POST-PANAMAXI;CGC;6884;D2030_215_newpanamax
23.0;185.0;10.25;0.0;2.0;5;18;WED;2;31;False;False;False;45000;75.33;6.3;0.75;DEC;12;HIDROVIAS;27;HANDYMAX;GSM - I;6885;D2030_215_newpanamax
23.0;185.0;9.75;9.75;3.0;10;27;WED;2;31;False;False;False;1000;16.8;2.68;0.75;DEC;12;SANTOSBR;31;FULLYCELLULAR;CGC;6886;D2030_215_newpanamax
23.0;275.0;10.75;10.75;3.0;10;27;WED;2;31;False;False;False;3000;15.61;1.68;0.75;DEC;12;SANTOSBR;31;PANAMAX;CGC;6887;D2030_215_newpanamax
23.0;295.0;12.25;12.25;3.0;10;27;WED;2;31;False;False;False;4000;21.3;7.69;0.75;DEC;12;SANTOSBR;31;POST-PANAMAXI;CGC;6888;D2030_215_newpanamax
23.0;225.0;0.0;12.75;1.0;8;19;WED;2;31;False;False;False;70000;111.09;3.49;0.75;DEC;12;TES;36;PANAMAX;GSA - E;6889;D2030_215_newpanamax
23.0;195.0;8.75;8.75;3.0;7;22;WED;2;31;False;False;True;1500;20.97;5.59;0.75;DEC;12;TEV;37;CARGARO-RO;RORO;6890;D2030_215_newpanamax
23.0;155.0;0.0;8.25;1.0;8;17;WED;2;31;False;False;False;18000;28.37;3.04;0.75;DEC;12;TRANSPETRO;43;GPGENERALPURPOSE;GL;6891;D2030_215_newpanamax
23.0;155.0;8.75;0.0;2.0;8;22;WED;2;31;False;False;False;18000;41.58;0.0;0.75;DEC;12;VOPAK;47;GPGENERALPURPOSE;GL;6892;D2030_215_newpanamax
