SCENARIO_ID;ARRIVAL_ID;BEAM;LENGTH;DRAFT;IS_NEW_PANAMAX;IS_PASSENGER;IS_RORO;ARRIVAL_D;ARRIVAL_H;METOCEAN_QUEUE_TIME;BERTH_QUEUE_TIME;CHANNEL_QUEUE_TIME;TOTAL_QUEUE_TIME;METOCEAN_UNDOCK_QUEUE_TIME;CHANNEL_UNDOCK_QUEUE_TIME;TOTAL_UNDOCK_QUEUE_TIME;NON_P_DOCKED_DURATION;P_DOCKED_DURATION;DOCKED_DURATION;REAL_DOCK_D;REAL_DOCK_H;REAL_UNDOCK_D;REAL_UNDOCK_H;REAL_BERTH;TERMINAL;MARKET_CATEGORY;SIZE_CATEGORY;BERTH;TRANSIT_IN_START_D;TRANSIT_IN_START_H;BERTH_ARRIVAL_D;BERTH_ARRIVAL_H;OPERATION_START_D;OPERATION_START_H;OPERATION_END_D;OPERATION_END_H;BERTH_DEPARTURE_D;BERTH_DEPARTURE_H;TRANSIT_OUT_END_D;TRANSIT_OUT_END_H;CARGO;DIRECTION
ComDragagem2035;4749;23.0;185.0;10.25;0;0;0;1;14:38;0.0;0.0;0.0;0.0;0.0;0.58;0.58;5.64;16.8;23.08;;;;;;TECON10;CGC;;BERÇO TECON10 1;1;14:40;1;16:25;1;21:18;2;14:10;2.0;15:30;2.0;17:10;1000;3.0
ComDragagem2035;4750;23.0;265.0;11.75;0;0;0;1;15:39;0.0;0.0;0.92;0.92;3.33;18.92;22.25;5.28;15.61;43.17;;;;;;TECON10;CGC;;BERÇO TECON10 2;1;16:35;1;18:20;1;22:51;2;14:30;3.0;13:30;3.0;15:10;3000;3.0
ComDragagem2035;4751;43.0;339.0;14.0;0;0;0;1;17:44;0.0;0.0;1.92;1.92;1.67;8.75;10.42;3.1;25.92;39.5;;;;;;TECON10;CGC;;BERÇO TECON10 3;1;19:40;1;21:25;1;23:46;3;1:45;3.0;12:55;3.0;14:35;6000;3.0
ComDragagem2035;4752;23.0;155.0;9.25;0;0;0;1;13:36;0.0;0.0;0.0;0.0;0.0;0.0;0.0;1.26;45.88;47.17;;;;;;AGEO_TERMINAIS;GL;;BERÇO Ageo I;1;13:40;1;15:05;1;15:35;3;13:30;3.0;14:15;3.0;15:55;18000;2.0
ComDragagem2035;4753;23.0;135.0;7.75;0;0;0;1;12:35;0.0;0.0;0.67;0.67;0.0;0.08;0.08;3.76;20.71;24.58;;;;;;BTP;CGC;;BERÇO BTP 1;1;13:15;1;15:05;1;18:05;2;14:50;2.0;15:40;2.0;17:25;500;3.0
ComDragagem2035;4754;23.0;215.0;9.25;0;0;0;1;12:35;0.0;0.0;0.0;0.0;0.0;0.0;0.0;2.39;13.85;16.25;;;;;;BTP;CGC;;BERÇO BTP 2;1;12:35;1;14:25;1;16:03;2;5:55;2.0;6:40;2.0;8:25;1000;3.0
ComDragagem2035;4755;23.0;185.0;9.75;0;0;0;1;14:41;1.83;11.25;1.08;14.17;0.17;0.08;0.25;3.19;13.85;17.33;;;;;;BTP;CGC;;BERÇO BTP 2;2;4:55;2;6:45;2;9:11;2;23:05;3.0;0:05;3.0;1:50;1000;3.0
ComDragagem2035;4756;23.0;295.0;13.25;0;0;0;1;12:37;0.33;0.0;1.0;1.33;0.25;4.0;4.25;5.35;20.66;30.33;;;;;;BTP;CGC;;BERÇO BTP 3;1;14:00;1;15:50;1;20:26;2;17:10;2.0;22:10;2.0;23:55;4000;3.0
ComDragagem2035;4757;23.0;205.0;0.0;0;0;0;1;10:35;0.0;0.0;0.0;0.0;0.0;0.5;0.5;0.77;77.19;78.5;;;;;;CITROSUCO;GL;;BERÇO ARM 29;1;10:35;1;11:55;1;11:56;4;17:10;4.0;18:25;4.0;19:20;35000;1.0
ComDragagem2035;4758;23.0;225.0;0.0;0;0;0;1;15:41;0.17;0.0;4.92;5.08;1.08;2.42;3.5;2.87;68.98;75.42;;;;;;COFCO;GSA - E;;BERÇO ARM 13/14;1;20:50;1;22:20;2;0:27;4;21:30;5.0;1:45;5.0;2:50;70000;1.0
ComDragagem2035;4759;23.0;195.0;0.0;0;0;0;1;16:52;0.25;0.0;3.92;4.17;0.0;0.0;0.0;3.31;39.48;42.83;;;;;;COPESUCAR;GSA - E;;BERÇO ARM 20/21;1;21:05;1;22:30;2;1:03;3;16:35;3.0;17:20;3.0;18:20;45000;1.0
ComDragagem2035;4760;23.0;225.0;0.0;0;0;0;1;13:42;8.33;35.92;8.42;52.67;1.0;1.5;2.5;2.81;58.85;64.17;;;;;;COPESUCAR;GSA - E;;BERÇO ARM 20/21;3;18:25;3;19:50;3;21:53;6;8:45;6.0;12:00;6.0;13:00;70000;1.0
ComDragagem2035;4761;23.0;215.0;10.25;0;0;0;1;15:41;0.0;0.0;1.33;1.33;0.0;0.0;0.0;2.2;13.38;15.58;;;;;;DPW - CGC;CGC;;BERÇO DPW 3;1;17:05;1;18:40;1;20:07;2;9:30;2.0;10:15;2.0;11:25;1000;3.0
ComDragagem2035;4762;23.0;265.0;11.75;0;0;0;1;16:44;0.0;0.0;0.08;0.08;1.58;4.92;6.5;5.41;17.86;29.83;;;;;;DPW - CGC;CGC;;BERÇO DPW 1;1;16:50;1;18:10;1;22:49;2;16:45;3.0;0:00;3.0;1:35;3000;3.0
ComDragagem2035;4763;23.0;255.0;11.75;0;0;0;1;15:41;0.0;0.0;2.5;2.5;0.0;0.17;0.17;2.52;17.86;20.58;;;;;;DPW - CGC;CGC;;BERÇO DPW 2;1;18:15;1;19:55;1;21:41;2;15:35;2.0;16:30;2.0;18:05;3000;3.0
ComDragagem2035;4764;23.0;225.0;0.0;0;0;0;1;14:39;0.0;0.0;0.5;0.5;0.0;2.92;2.92;4.42;53.25;60.58;;;;;;ELEVACOES;GSA - E;;BERÇO ARM 19;1;15:10;1;16:35;1;20:15;4;1:30;4.0;5:10;4.0;6:10;70000;1.0
ComDragagem2035;4765;32.2;205.0;0.0;0;0;0;1;14:39;0.0;0.0;0.25;0.25;0.0;0.0;0.0;2.66;39.16;41.83;;;;;;ELEVACOES;GSA - E;;BERÇO ARM 16/17;1;14:55;1;16:25;1;18:19;3;9:30;3.0;10:15;3.0;11:20;55000;1.0
ComDragagem2035;4766;23.0;185.0;10.75;0;0;0;1;16:44;0.0;0.0;1.75;1.75;0.0;0.17;0.17;2.49;16.8;19.5;;;;;;SANTOSBR;CGC;;BERÇO TECON 1.1;1;18:30;1;19:45;1;21:29;2;14:20;2.0;15:15;2.0;16:25;1000;3.0
ComDragagem2035;4767;49.0;366.0;15.0;1;0;0;1;16:44;14.83;4.42;0.0;19.25;0.0;0.0;0.0;5.37;38.88;44.25;;;;;;SANTOSBR;CGC;;BERÇO TECON 2;2;12:00;2;13:20;2;17:57;4;8:50;4.0;9:35;4.0;10:50;12500;3.0
ComDragagem2035;4768;23.0;265.0;11.75;0;0;0;1;15:39;0.0;0.0;0.0;0.0;0.0;0.0;0.0;4.27;15.61;19.92;;;;;;SANTOSBR;CGC;;BERÇO TECON 2;1;15:40;1;16:55;1;20:26;2;12:05;2.0;12:50;2.0;14:00;3000;3.0
ComDragagem2035;4769;43.0;339.0;14.0;0;0;0;1;16:44;0.0;0.0;0.58;0.58;0.33;0.0;0.33;3.12;25.92;29.42;;;;;;SANTOSBR;CGC;;BERÇO TECON 3;1;17:20;1;18:35;1;20:57;2;22:55;3.0;0:00;3.0;1:10;6000;3.0
ComDragagem2035;4770;23.0;225.0;0.0;0;0;0;1;15:36;0.0;0.0;3.08;3.08;0.0;0.42;0.42;2.5;78.07;81.0;;;;;;TEG;GSA - E;;BERÇO TEG;1;18:45;1;19:55;1;21:40;5;3:45;5.0;4:55;5.0;5:40;70000;1.0
ComDragagem2035;4771;23.0;195.0;9.25;0;0;1;1;15:44;1.33;25.58;1.0;27.92;0.0;0.0;0.0;1.34;20.97;22.33;;;;;;TEV;RORO;;BERÇO TEV;2;19:40;2;21:00;2;21:35;3;18:35;3.0;19:20;3.0;20:35;1500;3.0
ComDragagem2035;4772;23.0;195.0;9.25;0;0;1;1;13:41;0.0;0.0;1.67;1.67;0.0;0.0;0.0;1.95;20.97;22.92;;;;;;TEV;RORO;;BERÇO TEV;1;15:25;1;16:45;1;17:57;2;14:55;2.0;15:40;2.0;16:55;1500;3.0
ComDragagem2035;4773;23.0;225.0;0.0;0;0;0;1;15:39;0.0;0.0;0.67;0.67;0.0;0.0;0.0;3.55;62.19;65.75;;;;;;TIPLAM - GSA - E;GSA - E;;BERÇO TIPLAM 2;1;16:20;1;18:55;1;21:43;4;11:55;4.0;12:40;4.0;14:40;70000;1.0
ComDragagem2035;4774;23.0;225.0;0.0;0;0;0;1;15:42;0.0;0.0;4.58;4.58;0.0;0.42;0.42;3.45;62.19;66.08;;;;;;TIPLAM - GSA - E;GSA - E;;BERÇO TIPLAM 3;1;20:20;1;22:55;2;1:37;4;15:50;4.0;17:00;4.0;19:00;70000;1.0
ComDragagem2035;4775;23.0;185.0;0.0;0;0;0;1;16:42;0.0;0.0;3.83;3.83;0.0;0.0;0.0;1.4;29.94;31.33;;;;;;TRANSPETRO;GL;;BERÇO AL 01;1;20:35;1;22:30;1;23:09;3;5:05;3.0;5:50;3.0;7:20;35000;1.0
ComDragagem2035;4776;23.0;185.0;0.0;0;0;0;1;16:42;0.0;0.0;2.67;2.67;0.0;0.0;0.0;2.8;29.94;32.75;;;;;;TRANSPETRO;GL;;BERÇO AL 02;1;19:25;1;21:20;1;23:23;3;5:20;3.0;6:05;3.0;7:35;35000;1.0
ComDragagem2035;4777;23.0;185.0;10.75;0;0;0;1;17:48;0.0;0.0;0.17;0.17;0.75;0.0;0.75;0.75;62.88;64.42;;;;;;VOPAK;GL;;BERÇO AL 03;1;18:00;1;19:35;1;19:35;4;10:30;4.0;12:00;4.0;13:50;35000;2.0
ComDragagem2035;4778;36.0;225.0;0.0;0;0;0;2;14:43;0.0;0.0;3.42;3.42;0.0;0.33;0.33;2.06;99.0;101.42;;;;;;ARAUCO;CGNC;;BERÇO ARAUCO 1;2;18:10;2;20:20;2;21:38;7;0:40;7.0;1:45;7.0;3:30;55000;1.0
ComDragagem2035;4779;23.0;215.0;10.75;0;0;0;2;17:47;0.0;0.0;0.83;0.83;0.0;0.0;0.0;2.08;16.8;18.92;;;;;;TECON10;CGC;;BERÇO TECON10 1;2;18:40;2;20:25;2;21:44;3;14:35;3.0;15:20;3.0;17:00;1000;3.0
ComDragagem2035;4780;36.0;225.0;0.0;0;0;0;2;17:50;0.0;0.0;2.33;2.33;0.75;4.42;5.17;8.56;99.66;113.42;;;;;;BRACELL;CGNC;;BERÇO ARM 35P1;2;20:10;2;21:20;3;5:08;7;8:50;7.0;14:45;7.0;15:30;55000;1.0
ComDragagem2035;4781;36.0;225.0;0.0;0;0;0;2;16:49;0.0;0.0;5.0;5.0;0.0;2.0;2.0;10.15;99.66;111.83;;;;;;BRACELL;CGNC;;BERÇO ARM 35P2;2;21:50;2;23:05;3;8:29;7;12:10;7.0;14:55;7.0;15:45;55000;1.0
ComDragagem2035;4782;23.0;185.0;10.25;0;0;0;2;19:53;0.0;0.92;0.0;0.92;0.0;0.67;0.67;2.86;13.85;17.42;;;;;;BTP;CGC;;BERÇO BTP 3;2;20:50;2;22:40;3;0:46;3;14:40;3.0;16:05;3.0;17:50;1000;3.0
ComDragagem2035;4783;23.0;185.0;10.25;0;0;0;2;17:48;0.0;0.58;0.0;0.58;0.0;0.0;0.0;5.36;13.85;19.25;;;;;;BTP;CGC;;BERÇO BTP 1;2;18:25;2;20:15;3;0:51;3;14:45;3.0;15:30;3.0;17:15;1000;3.0
ComDragagem2035;4784;23.0;295.0;14.25;0;0;0;2;18:51;2.17;3.25;2.42;7.83;0.0;0.08;0.08;3.34;20.66;24.08;;;;;;BTP;CGC;;BERÇO BTP 2;3;2:45;3;4:35;3;7:10;4;3:50;4.0;4:40;4.0;6:25;4000;3.0
ComDragagem2035;4785;23.0;225.0;0.0;0;0;0;2;19:53;15.67;38.17;2.17;56.0;0.0;0.5;0.5;4.24;68.98;73.75;;;;;;COFCO;GSA - E;;BERÇO ARM 13/14;5;3:55;5;5:25;5;8:54;8;5:55;8.0;7:10;8.0;8:15;70000;1.0
ComDragagem2035;4786;23.0;225.0;0.0;0;0;0;2;18:52;0.25;0.0;0.25;0.5;1.08;5.42;6.5;15.56;68.98;91.08;;;;;;COFCO;GSA - E;;BERÇO ARM 12A;2;19:25;2;20:55;3;11:43;6;8:45;6.0;16:00;6.0;17:05;70000;1.0
ComDragagem2035;4787;23.0;195.0;0.0;0;0;0;2;18:57;27.58;64.08;0.0;91.67;0.75;0.33;1.08;3.68;39.48;44.25;;;;;;COPESUCAR;GSA - E;;BERÇO ARM 20/21;6;14:40;6;16:05;6;19:00;8;10:30;8.0;12:20;8.0;13:20;45000;1.0
ComDragagem2035;4788;23.0;215.0;10.75;0;0;0;2;17:48;0.0;0.0;1.33;1.33;0.0;0.25;0.25;2.01;13.38;15.67;;;;;;DPW - CGC;CGC;;BERÇO DPW 3;2;19:10;2;20:45;2;22:00;3;11:25;3.0;12:25;3.0;13:35;1000;3.0
ComDragagem2035;4789;23.0;265.0;12.25;0;0;0;2;17:48;0.0;1.08;0.0;1.08;0.0;2.08;2.08;2.69;17.86;22.67;;;;;;DPW - CGC;CGC;;BERÇO DPW 2;2;18:55;2;20:35;2;22:31;3;16:25;3.0;19:15;3.0;20:50;3000;3.0
ComDragagem2035;4790;36.0;225.0;0.0;0;0;0;2;19:54;0.0;0.0;1.17;1.17;4.5;9.5;14.0;7.38;64.0;85.42;;;;;;DPW - CGNC;CGNC;;BERÇO DPW 4;2;21:05;2;22:40;3;5:17;5;21:20;6.0;12:05;6.0;13:15;55000;1.0
ComDragagem2035;4791;36.0;225.0;0.0;0;0;0;2;17:46;0.0;0.0;2.08;2.08;0.33;0.58;0.92;1.55;36.9;39.42;;;;;;ELDORADO;CGNC;;BERÇO ARM 31;2;19:55;2;21:10;2;21:58;4;10:55;4.0;12:35;4.0;13:25;55000;1.0
ComDragagem2035;4792;23.0;225.0;0.0;0;0;0;2;18:53;3.75;12.17;1.17;17.08;0.0;1.58;1.58;6.97;53.25;61.83;;;;;;ELEVACOES;GSA - E;;BERÇO ARM 16/17;3;12:00;3;13:30;3;19:43;6;1:00;6.0;3:20;6.0;4:25;70000;1.0
ComDragagem2035;4793;23.0;185.0;12.25;0;0;0;2;20:54;0.0;0.0;0.67;0.67;0.0;0.5;0.5;1.88;75.33;77.75;;;;;;HIDROVIAS;GSM - I;;BERÇO ARM 23;2;21:35;2;22:35;2;23:42;6;3:05;6.0;4:20;6.0;5:35;45000;2.0
ComDragagem2035;4794;23.0;225.0;13.25;0;0;0;2;20:54;0.0;0.0;0.42;0.42;0.0;0.0;0.0;8.85;49.28;58.17;;;;;;HIDROVIAS;GSM - I;;BERÇO ARM 22/23;2;21:20;2;22:25;3;6:31;5;7:50;5.0;8:35;5.0;9:55;70000;2.0
ComDragagem2035;4795;23.0;215.0;11.25;0;0;0;2;20:53;1.25;0.0;3.75;5.0;1.17;6.25;7.42;2.49;16.8;26.75;;;;;;SANTOSBR;CGC;;BERÇO TECON 1.1;3;1:55;3;3:10;3;4:54;3;21:45;4.0;5:55;4.0;7:05;1000;3.0
ComDragagem2035;4796;23.0;265.0;12.75;0;0;0;2;20:53;1.25;1.92;3.67;6.83;0.25;4.42;4.67;3.14;15.61;23.42;;;;;;SANTOSBR;CGC;;BERÇO TECON 3;3;3:45;3;5:00;3;7:23;3;23:00;4.0;4:25;4.0;5:35;3000;3.0
ComDragagem2035;4797;23.0;225.0;0.0;0;0;0;2;19:51;15.25;41.83;3.0;60.08;0.0;0.17;0.17;2.39;78.07;80.67;;;;;;TEG;GSA - E;;BERÇO TEG;5;8:00;5;9:10;5;10:48;8;16:55;8.0;17:50;8.0;18:35;70000;1.0
ComDragagem2035;4798;23.0;225.0;0.0;0;0;0;2;14:40;0.0;0.0;0.0;0.0;0.0;0.0;0.0;7.12;111.09;118.25;;;;;;TES;GSA - E;;BERÇO ARM 38;2;14:40;2;15:45;2;22:07;7;13:15;7.0;14:00;7.0;14:40;70000;1.0
ComDragagem2035;4799;23.0;195.0;9.25;0;0;1;2;15:46;1.33;29.17;0.0;30.5;1.25;1.58;2.83;1.84;20.97;25.67;;;;;;TEV;RORO;;BERÇO TEV;3;22:20;3;23:40;4;0:45;4;21:45;5.0;1:20;5.0;2:35;1500;3.0
ComDragagem2035;4800;23.0;225.0;0.0;0;0;0;2;19:55;5.17;43.08;0.0;48.25;0.0;0.08;0.08;4.83;62.19;67.17;;;;;;TIPLAM - GSA - E;GSA - E;;BERÇO TIPLAM 3;4;20:10;4;22:45;5;2:49;7;17:05;7.0;17:55;7.0;19:55;70000;1.0
ComDragagem2035;4801;23.0;225.0;0.0;0;0;0;2;18:53;5.17;38.67;0.0;43.83;0.0;1.08;1.08;9.0;62.19;72.33;;;;;;TIPLAM - GSA - E;GSA - E;;BERÇO TIPLAM 2;4;14:45;4;17:20;5;1:35;7;15:50;7.0;17:40;7.0;19:40;70000;1.0
ComDragagem2035;4802;23.0;185.0;0.0;0;0;0;2;19:52;1.92;8.08;1.75;11.75;0.0;0.58;0.58;2.32;29.94;32.92;;;;;;TRANSPETRO;GL;;BERÇO AL 01;3;7:40;3;9:35;3;11:09;4;17:10;4.0;18:30;4.0;20:00;35000;1.0
ComDragagem2035;4803;23.0;225.0;0.0;0;0;0;2;18:53;0.33;0.0;2.83;3.17;0.0;1.25;1.25;1.15;55.1;57.5;;;;;;XXXIX;GSA - E;;BERÇO ARM 37;2;22:05;2;23:10;2;23:34;5;6:40;5.0;8:40;5.0;9:20;70000;1.0
ComDragagem2035;4804;36.0;225.0;0.0;0;0;0;3;21:49;2.17;0.0;0.0;2.17;1.75;2.92;4.67;17.63;99.0;121.33;;;;;;ARAUCO;CGNC;;BERÇO ARAUCO 2;4;0:00;4;2:10;4;19:02;8;22:05;9.0;3:30;9.0;5:15;55000;1.0
ComDragagem2035;4805;23.0;215.0;12.25;0;0;0;3;23:00;1.0;0.0;7.17;8.17;1.67;5.58;7.25;2.98;16.8;27.08;;;;;;TECON10;CGC;;BERÇO TECON10 2;4;7:10;4;8:55;4;11:08;5;4:00;5.0;12:00;5.0;13:40;1000;3.0
ComDragagem2035;4806;23.0;275.0;13.75;0;0;0;3;23:00;1.0;0.0;0.5;1.5;0.0;0.67;0.67;3.42;15.61;19.75;;;;;;TECON10;CGC;;BERÇO TECON10 4;4;0:30;4;2:15;4;4:55;4;20:35;4.0;22:00;4.0;23:40;3000;3.0
ComDragagem2035;4807;43.0;339.0;14.0;0;0;0;3;22:58;1.0;0.0;3.17;4.17;0.0;0.0;0.0;5.72;25.92;31.67;;;;;;TECON10;CGC;;BERÇO TECON10 1;4;3:10;4;4:55;4;9:53;5;11:50;5.0;12:35;5.0;14:15;6000;3.0
ComDragagem2035;4808;23.0;185.0;12.25;0;0;0;3;23:08;0.83;0.0;1.92;2.75;1.67;4.67;6.33;1.24;64.43;72.0;;;;;;AGEO_TERMINAIS;GL;;BERÇO IB BC;4;1:55;4;3:20;4;3:49;6;20:15;7.0;3:20;7.0;5:00;35000;2.0
ComDragagem2035;4809;23.0;135.0;7.75;0;0;0;3;20:55;0.0;0.0;0.0;0.0;0.92;1.58;2.5;3.63;20.71;26.83;;;;;;BTP;CGC;;BERÇO BTP 3;3;20:55;3;22:45;4;1:37;4;22:20;5.0;1:35;5.0;3:20;500;3.0
ComDragagem2035;4810;23.0;205.0;10.25;0;0;0;3;20:55;0.0;0.67;0.0;0.67;0.0;0.0;0.0;3.72;13.85;17.58;;;;;;BTP;CGC;;BERÇO BTP 1;3;21:35;3;23:25;4;2:23;4;16:15;4.0;17:00;4.0;18:45;1000;3.0
ComDragagem2035;4811;23.0;305.0;14.75;0;0;0;3;23:11;0.92;2.75;0.0;3.67;0.5;0.75;1.25;2.5;20.66;24.42;;;;;;BTP;CGC;;BERÇO BTP 2;4;2:55;4;4:45;4;6:30;5;3:10;5.0;5:10;5.0;6:55;4000;3.0
ComDragagem2035;4812;23.0;215.0;0.0;0;0;0;3;18:56;1.33;24.75;0.0;26.08;0.0;1.0;1.0;0.87;77.19;79.08;;;;;;CITROSUCO;GL;;BERÇO ARM 29;4;21:05;4;22:25;4;22:32;8;3:45;8.0;5:30;8.0;6:25;35000;1.0
ComDragagem2035;4813;23.0;225.0;0.0;0;0;0;3;21:15;23.33;44.33;2.25;69.92;0.08;0.0;0.08;6.23;68.98;75.33;;;;;;COFCO;GSA - E;;BERÇO ARM 12A;6;19:10;6;20:40;7;2:08;9;23:10;10.0;0:00;10.0;1:05;70000;1.0
ComDragagem2035;4814;23.0;215.0;11.25;0;0;0;3;20:55;0.0;0.0;1.17;1.17;0.0;0.33;0.33;2.51;13.38;16.25;;;;;;DPW - CGC;CGC;;BERÇO DPW 3;3;22:05;3;23:40;4;1:25;4;14:50;4.0;15:55;4.0;17:05;1000;3.0
ComDragagem2035;4815;23.0;185.0;11.75;0;0;0;3;22:59;1.0;20.83;0.0;21.83;0.0;0.25;0.25;2.02;13.38;15.67;;;;;;DPW - CGC;CGC;;BERÇO DPW 1;4;20:50;4;22:10;4;23:26;5;12:50;5.0;13:50;5.0;15:25;1000;3.0
ComDragagem2035;4816;23.0;265.0;12.75;0;0;0;3;20:55;0.0;0.0;0.25;0.25;0.0;2.33;2.33;3.07;17.86;23.33;;;;;;DPW - CGC;CGC;;BERÇO DPW 1;3;21:10;3;22:30;4;0:49;4;18:45;4.0;21:50;4.0;23:25;3000;3.0
ComDragagem2035;4817;23.0;295.0;14.25;0;0;0;3;20:55;0.0;0.0;0.92;0.92;0.0;0.5;0.5;3.55;21.93;26.0;;;;;;DPW - CGC;CGC;;BERÇO DPW 2;3;21:50;3;23:30;4;2:18;5;0:15;5.0;1:30;5.0;3:05;4000;3.0
ComDragagem2035;4818;23.0;195.0;13.25;0;0;0;3;23:03;2.0;31.58;1.33;34.92;1.67;3.33;5.0;1.11;75.33;81.5;;;;;;HIDROVIAS;GSM - I;;BERÇO ARM 22/23;5;10:00;5;11:05;5;11:26;8;14:50;8.0;20:35;8.0;21:55;45000;2.0
ComDragagem2035;4819;23.0;225.0;14.25;0;0;0;3;23:03;9.83;41.08;4.75;55.67;1.67;3.25;4.92;6.4;49.28;60.67;;;;;;HIDROVIAS;GSM - I;;BERÇO ARM 23;6;6:45;6;7:45;6;13:24;8;14:45;8.0;20:25;8.0;21:40;70000;2.0
ComDragagem2035;4820;23.0;215.0;11.25;0;0;0;3;21:55;1.25;0.0;1.58;2.83;0.0;1.25;1.25;1.87;16.8;19.92;;;;;;SANTOSBR;CGC;;BERÇO TECON 1.2;4;0:45;4;2:00;4;3:07;4;19:55;4.0;21:55;4.0;23:05;1000;3.0
ComDragagem2035;4821;23.0;275.0;12.75;0;0;0;3;21:56;1.25;4.83;0.0;6.08;0.25;1.08;1.33;2.81;15.61;19.75;;;;;;SANTOSBR;CGC;;BERÇO TECON 3;4;4:05;4;5:20;4;7:23;4;23:00;5.0;1:05;5.0;2:15;3000;3.0
ComDragagem2035;4822;23.0;275.0;12.75;0;0;0;3;21:55;1.25;8.83;0.83;10.92;0.0;0.67;0.67;2.33;15.61;18.67;;;;;;SANTOSBR;CGC;;BERÇO TECON 2;4;8:50;4;10:05;4;11:39;5;3:20;5.0;4:45;5.0;5:55;3000;3.0
ComDragagem2035;4823;23.0;225.0;0.0;0;0;0;3;20:57;0.83;0.0;0.75;1.58;0.0;0.25;0.25;1.21;88.35;89.83;;;;;;TEAG;GSA - E;;BERÇO TEAG;3;22:35;3;23:45;4;0:12;7;16:35;7.0;17:35;7.0;18:20;70000;1.0
ComDragagem2035;4824;23.0;255.0;0.0;0;0;0;3;21:47;34.83;55.92;0.0;90.75;0.0;0.0;0.0;5.44;150.34;155.83;;;;;;TES;GSA - E;;BERÇO ARM 38;7;16:35;7;17:40;7;22:21;14;4:45;14.0;5:30;14.0;6:10;85000;1.0
ComDragagem2035;4825;23.0;225.0;0.0;0;0;0;3;23:57;14.08;79.08;0.0;93.17;0.0;0.0;0.0;2.02;62.19;64.25;;;;;;TIPLAM - GSA - E;GSA - E;;BERÇO TIPLAM 3;7;21:10;7;23:45;8;1:01;10;15:15;10.0;16:00;10.0;18:00;70000;1.0
ComDragagem2035;4826;23.0;165.0;9.75;0;0;0;3;22:24;1.58;0.0;1.67;3.25;5.42;17.92;23.33;0.75;41.58;65.67;;;;;;VOPAK;GL;;BERÇO AL 04;4;1:40;4;3:15;4;3:15;5;20:50;6.0;20:55;6.0;22:45;18000;2.0
ComDragagem2035;4827;36.0;225.0;0.0;0;0;0;4;1:02;0.0;0.0;0.33;0.33;2.0;0.25;2.25;3.2;99.0;104.5;;;;;;ARAUCO;CGNC;;BERÇO ARAUCO 3;4;1:25;4;3:35;4;6:02;8;9:05;8.0;12:05;8.0;14:05;55000;1.0
ComDragagem2035;4828;23.0;155.0;0.0;0;0;0;4;6:05;0.0;14.5;0.0;14.5;1.5;1.0;2.5;4.45;42.57;49.58;;;;;;STS;GL;;BERÇO AL 01;4;20:35;4;22:30;5;2:12;6;20:50;7.0;0:05;7.0;1:35;18000;1.0
ComDragagem2035;4829;23.0;295.0;10.75;0;0;0;4;3:06;0.0;0.0;5.42;5.42;1.17;2.0;3.17;3.15;21.3;27.67;;;;;;TECON10;CGC;;BERÇO TECON10 3;4;8:35;4;10:20;4;12:44;5;10:05;5.0;14:00;5.0;15:40;4000;3.0
ComDragagem2035;4830;23.0;185.0;0.0;0;0;0;4;2:05;0.0;0.0;0.17;0.17;1.33;1.17;2.5;1.04;64.43;68.0;;;;;;AGEO_TERMINAIS;GL;;BERÇO Ageo I;4;2:15;4;4:00;4;4:17;6;20:45;7.0;0:00;7.0;1:20;35000;1.0
ComDragagem2035;4831;23.0;215.0;8.25;0;0;0;4;0:01;0.0;15.33;0.0;15.33;0.0;0.0;0.0;5.64;13.85;19.5;;;;;;BTP;CGC;;BERÇO BTP 1;4;15:25;4;17:15;4;22:08;5;12:00;5.0;12:45;5.0;14:30;1000;3.0
ComDragagem2035;4832;23.0;215.0;8.75;0;0;0;4;2:06;1.83;20.0;0.0;21.83;2.58;1.17;3.75;7.42;13.85;25.08;;;;;;BTP;CGC;;BERÇO BTP 3;5;0:00;5;1:50;5;8:30;5;22:25;6.0;2:55;6.0;4:40;1000;3.0
ComDragagem2035;4833;23.0;165.0;9.75;0;0;0;4;0:02;0.0;0.0;2.42;2.42;0.0;0.17;0.17;8.88;135.86;144.92;;;;;;BUNGE;GSA - I;;BERÇO ARM 30;4;2:30;4;3:25;4;11:32;10;3:25;10.0;4:20;10.0;5:30;35000;2.0
ComDragagem2035;4834;23.0;225.0;0.0;0;0;0;4;0:00;31.08;69.92;3.33;104.33;0.0;0.0;0.0;7.18;68.98;76.17;;;;;;COFCO;GSA - E;;BERÇO ARM 13/14;8;8:20;8;9:50;8;16:15;11;13:15;11.0;14:00;11.0;15:05;70000;1.0
ComDragagem2035;4835;23.0;225.0;0.0;0;0;0;4;2:05;45.92;91.25;6.75;143.92;0.0;0.0;0.0;7.96;68.98;77.0;;;;;;COFCO;GSA - E;;BERÇO ARM 12A;10;2:00;10;3:30;10;10:42;13;7:45;13.0;8:30;13.0;9:35;70000;1.0
ComDragagem2035;4836;23.0;185.0;0.0;0;0;0;4;4:08;12.42;96.42;0.0;108.83;0.0;0.0;0.0;3.47;39.48;43.0;;;;;;COPESUCAR;GSA - E;;BERÇO ARM 20/21;8;17:00;8;18:25;8;21:08;10;12:40;10.0;13:25;10.0;14:25;45000;1.0
ComDragagem2035;4837;23.0;225.0;0.0;0;0;0;4;3:05;71.0;85.75;0.0;156.75;0.0;1.42;1.42;2.37;58.85;62.67;;;;;;COPESUCAR;GSA - E;;BERÇO ARM 20/21;10;15:50;10;17:15;10;18:52;13;5:45;13.0;7:55;13.0;8:55;70000;1.0
ComDragagem2035;4838;23.0;185.0;7.25;0;0;0;4;0:00;0.0;17.17;0.0;17.17;1.17;0.5;1.67;2.14;13.38;17.25;;;;;;DPW - CGC;CGC;;BERÇO DPW 3;4;17:10;4;18:45;4;20:08;5;9:35;5.0;12:00;5.0;13:10;1000;3.0
ComDragagem2035;4839;23.0;185.0;8.25;0;0;0;4;2:05;1.67;20.5;0.0;22.17;0.5;0.0;0.5;4.3;13.38;18.25;;;;;;DPW - CGC;CGC;;BERÇO DPW 2;5;0:15;5;1:55;5;5:28;5;18:55;5.0;20:10;5.0;21:45;1000;3.0
ComDragagem2035;4840;23.0;255.0;9.75;0;0;0;4;2:05;6.33;37.33;0.33;44.0;0.0;0.0;0.0;2.72;17.86;20.58;;;;;;DPW - CGC;CGC;;BERÇO DPW 2;5;22:05;5;23:45;6;1:43;6;19:35;6.0;20:20;6.0;21:55;3000;3.0
ComDragagem2035;4841;23.0;185.0;0.0;0;0;0;4;0:03;0.0;5.17;2.17;7.33;0.0;1.33;1.33;3.74;37.2;42.33;;;;;;ELEVACOES;GSA - E;;BERÇO ARM 19;4;7:25;4;8:50;4;11:49;6;1:05;6.0;3:10;6.0;4:10;45000;1.0
ComDragagem2035;4842;23.0;225.0;0.0;0;0;0;4;0:02;19.08;30.67;5.5;55.25;0.0;0.42;0.42;3.23;53.25;56.92;;;;;;ELEVACOES;GSA - E;;BERÇO ARM 16/17;6;7:20;6;8:50;6;11:18;8;16:35;8.0;17:45;8.0;18:50;70000;1.0
ComDragagem2035;4843;32.2;205.0;0.0;0;0;0;4;0:03;9.58;38.0;7.92;55.5;0.0;2.42;2.42;3.09;39.16;44.67;;;;;;ELEVACOES;GSA - E;;BERÇO ARM 19;6;7:35;6;9:00;6;11:20;8;2:30;8.0;5:40;8.0;6:40;55000;1.0
ComDragagem2035;4844;23.0;185.0;8.75;0;0;0;4;1:04;13.17;98.92;5.75;117.83;1.25;4.17;5.42;7.17;75.33;87.92;;;;;;HIDROVIAS;GSM - I;;BERÇO ARM 23;8;22:55;8;23:55;9;6:20;12;9:40;12.0;15:50;12.0;17:05;45000;2.0
ComDragagem2035;4845;23.0;185.0;9.25;0;0;0;4;3:00;19.83;155.25;6.17;181.25;1.08;0.0;1.08;1.24;295.08;297.42;;;;;;NITA;GSA - I;;BERÇO ARM 13/14;11;16:15;11;17:25;11;17:54;24;1:00;24.0;2:50;24.0;4:15;45000;2.0
ComDragagem2035;4846;23.0;195.0;8.75;0;0;0;4;3:07;0.0;2.0;2.5;4.5;0.0;2.08;2.08;1.69;16.8;20.58;;;;;;SANTOSBR;CGC;;BERÇO TECON 1.1;4;7:40;4;8:55;4;9:51;5;2:40;5.0;5:30;5.0;6:40;1000;3.0
ComDragagem2035;4847;23.0;185.0;8.75;0;0;0;4;1:03;0.0;15.17;5.08;20.25;2.08;0.0;2.08;2.67;16.8;21.58;;;;;;SANTOSBR;CGC;;BERÇO TECON 1.2;4;21:20;4;22:35;5;0:30;5;17:20;5.0;20:10;5.0;21:20;1000;3.0
ComDragagem2035;4848;23.0;255.0;9.75;0;0;0;4;2:06;1.25;22.92;1.83;26.0;0.17;1.0;1.17;4.51;15.61;21.33;;;;;;SANTOSBR;CGC;;BERÇO TECON 2;5;4:10;5;5:25;5;9:10;6;0:50;6.0;2:45;6.0;3:55;3000;3.0
ComDragagem2035;4849;23.0;265.0;8.75;0;0;0;4;0:00;1.25;22.0;1.25;24.5;3.92;3.33;7.25;3.52;15.61;26.42;;;;;;SANTOSBR;CGC;;BERÇO TECON 3;5;0:30;5;1:45;5;4:31;5;20:10;6.0;4:10;6.0;5:20;3000;3.0
ComDragagem2035;4850;23.0;185.0;10.25;0;0;0;4;1:04;0.0;0.0;0.0;0.0;1.08;2.58;3.67;12.99;89.37;106.08;;;;;;TERMAG;GSM - I;;BERÇO TERMAG;4;1:05;4;1:55;4;14:09;8;7:35;8.0;12:00;8.0;13:05;45000;2.0
ComDragagem2035;4851;23.0;225.0;0.0;0;0;0;4;0:03;127.33;119.83;0.33;247.5;0.0;0.0;0.0;6.72;111.09;117.83;;;;;;TES;GSA - E;;BERÇO ARM 38;14;7:35;14;8:40;14;14:38;19;5:45;19.0;6:30;19.0;7:10;70000;1.0
ComDragagem2035;4852;23.0;225.0;0.0;0;0;0;4;0:01;0.0;0.0;3.33;3.33;2.25;2.5;4.75;2.95;39.92;47.67;;;;;;TGG;GSA - E;;BERÇO TGG;4;3:25;4;4:35;4;6:47;5;22:45;6.0;4:15;6.0;5:00;70000;1.0
ComDragagem2035;4853;23.0;225.0;0.0;0;0;0;4;0:03;14.08;77.83;0.0;91.92;0.0;0.75;0.75;2.66;62.19;65.67;;;;;;TIPLAM - GSA - E;GSA - E;;BERÇO TIPLAM 2;7;20:00;7;22:35;8;0:29;10;14:45;10.0;16:15;10.0;18:15;70000;1.0
ComDragagem2035;4854;23.0;225.0;0.0;0;0;0;4;0:06;25.33;136.83;0.0;162.17;2.0;0.17;2.17;10.72;62.19;75.08;;;;;;TIPLAM - GSA - E;GSA - E;;BERÇO TIPLAM 2;10;18:20;10;20:55;11;6:53;13;21:05;14.0;0:00;14.0;2:00;70000;1.0
ComDragagem2035;4855;23.0;185.0;0.0;0;0;0;4;0:02;0.0;0.0;0.17;0.17;0.75;1.25;2.0;3.11;29.94;35.08;;;;;;TRANSPETRO;GL;;BERÇO AL 02;4;0:15;4;2:10;4;4:31;5;10:30;5.0;13:15;5.0;14:45;35000;1.0
ComDragagem2035;4856;23.0;285.0;0.0;0;0;0;4;8:02;0.0;0.0;0.25;0.25;14.33;0.75;15.08;0.75;53.08;68.92;;;;;;TRSP;GL;;BERÇO TRSP;4;8:20;4;10:15;4;10:15;6;15:20;7.0;7:10;7.0;8:40;76500;1.0
ComDragagem2035;4857;23.0;155.0;0.0;0;0;0;4;3:03;0.0;11.92;0.17;12.08;0.58;10.33;10.92;0.75;41.58;53.25;;;;;;VOPAK;GL;;BERÇO AL 03;4;15:10;4;17:05;4;17:05;6;10:40;6.0;22:20;6.0;23:50;18000;1.0
ComDragagem2035;4858;23.0;225.0;0.0;0;0;0;4;0:02;8.75;23.92;1.5;34.17;0.0;0.42;0.42;5.81;55.1;61.33;;;;;;XXXIX;GSA - E;;BERÇO ARM 37;5;10:15;5;11:20;5;16:23;7;23:30;8.0;0:40;8.0;1:20;70000;1.0
ComDragagem2035;4859;19.0;87.9;5.0;0;0;0;4;10:25;0.0;0.0;0.5;0.5;0.0;0.08;0.08;0.83;70.0;70.92;;;;;;SAIPEM;CGNC;;BERÇO SAIPEM 1;4;10:55;4;11:50;4;11:54;7;9:55;7.0;10:45;7.0;11:15;0;1.0
ComDragagem2035;4860;18.0;85.34;4.6;0;0;0;4;11:15;0.0;0.0;0.75;0.75;0.0;0.25;0.25;0.83;53.67;54.75;;;;;;SAIPEM;CGNC;;BERÇO SAIPEM 2;4;12:00;4;12:55;4;12:59;6;18:40;6.0;19:40;6.0;20:10;0;1.0
ComDragagem2035;4861;23.0;185.0;9.25;0;0;0;5;5:11;0.0;0.0;2.0;2.0;0.0;2.75;2.75;3.87;16.8;23.42;;;;;;TECON10;CGC;;BERÇO TECON10 4;5;7:15;5;9:00;5;12:07;6;4:55;6.0;8:25;6.0;10:05;1000;3.0
ComDragagem2035;4862;23.0;185.0;9.25;0;0;0;5;5:13;0.17;6.83;3.75;10.75;0.0;1.83;1.83;3.33;16.8;22.0;;;;;;TECON10;CGC;;BERÇO TECON10 1;5;16:00;5;17:45;5;20:19;6;13:10;6.0;15:45;6.0;17:25;1000;3.0
ComDragagem2035;4863;23.0;185.0;9.25;0;0;0;5;5:11;4.67;8.17;3.75;16.58;0.0;3.08;3.08;2.4;16.8;22.33;;;;;;TECON10;CGC;;BERÇO TECON10 2;5;21:50;5;23:35;6;1:14;6;18:05;6.0;21:55;6.0;23:35;1000;3.0
ComDragagem2035;4864;23.0;255.0;10.25;0;0;0;5;5:12;1.25;7.08;3.75;12.08;0.0;1.17;1.17;2.9;15.61;19.75;;;;;;TECON10;CGC;;BERÇO TECON10 3;5;17:20;5;19:05;5;21:14;6;12:55;6.0;14:50;6.0;16:30;3000;3.0
ComDragagem2035;4865;23.0;255.0;10.25;0;0;0;5;5:12;8.25;13.83;3.75;25.83;0.0;1.58;1.58;4.63;15.61;21.83;;;;;;TECON10;CGC;;BERÇO TECON10 4;6;7:05;6;8:50;6;12:42;7;4:20;7.0;6:40;7.0;8:20;3000;3.0
ComDragagem2035;4866;23.0;295.0;11.75;0;0;0;5;5:14;8.25;24.42;4.08;36.75;1.67;3.83;5.5;2.01;21.3;28.83;;;;;;TECON10;CGC;;BERÇO TECON10 1;6;18:00;6;19:45;6;21:00;7;18:20;8.0;0:35;8.0;2:15;4000;3.0
ComDragagem2035;4867;23.0;225.0;0.0;0;0;0;5;5:08;0.0;0.0;2.33;2.33;0.0;0.83;0.83;4.6;51.12;56.58;;;;;;RUMO - GSA - E;GSA - E;;BERÇO RUMO 1;5;7:30;5;9:05;5;12:56;7;16:05;7.0;17:40;7.0;18:50;70000;1.0
ComDragagem2035;4868;23.0;165.0;0.0;0;0;0;5;3:08;0.0;0.0;0.5;0.5;0.0;3.17;3.17;1.13;45.88;50.25;;;;;;AGEO_TERMINAIS;GL;;BERÇO IB SP;5;3:40;5;5:25;5;5:47;7;3:45;7.0;7:40;7.0;9:00;18000;1.0
ComDragagem2035;4869;23.0;135.0;7.75;0;0;0;5;2:07;0.0;1.25;0.0;1.25;1.75;8.42;10.17;2.8;20.71;33.75;;;;;;BTP;CGC;;BERÇO BTP 2;5;3:25;5;5:15;5;7:18;6;4:05;6.0;15:00;6.0;16:45;500;3.0
ComDragagem2035;4870;23.0;215.0;8.75;0;0;0;5;2:07;1.25;13.67;0.0;14.92;0.0;3.75;3.75;3.33;13.85;21.0;;;;;;BTP;CGC;;BERÇO BTP 1;5;17:05;5;18:55;5;21:29;6;11:25;6.0;15:55;6.0;17:40;1000;3.0
ComDragagem2035;4871;49.0;366.0;15.0;1;0;0;5;4:12;65.58;4.25;0.5;70.33;34.92;0.75;35.67;5.15;30.72;71.58;;;;;;BTP;CGC;;BERÇO BTP 3;8;2:35;8;4:30;8;8:54;9;15:40;11.0;4:05;11.0;5:55;12500;3.0
ComDragagem2035;4872;23.0;295.0;10.75;0;0;0;5;2:07;8.25;15.33;0.0;23.58;0.0;0.33;0.33;2.89;20.66;23.92;;;;;;BTP;CGC;;BERÇO BTP 3;6;1:45;6;3:35;6;5:43;7;2:25;7.0;3:30;7.0;5:15;4000;3.0
ComDragagem2035;4873;23.0;225.0;0.0;0;0;0;5;6:12;62.83;126.33;6.5;195.67;0.0;0.58;0.58;5.79;68.98;75.42;;;;;;COFCO;GSA - E;;BERÇO ARM 12A;13;9:55;13;11:25;13;16:27;16;13:30;16.0;14:50;16.0;15:55;70000;1.0
ComDragagem2035;4874;23.0;225.0;0.0;0;0;0;5;7:14;73.92;192.0;7.33;273.25;0.0;0.5;0.5;2.91;68.98;72.42;;;;;;COFCO;GSA - E;;BERÇO ARM 12A;16;16:30;16;18:00;16;20:09;19;17:10;19.0;18:25;19.0;19:30;70000;1.0
ComDragagem2035;4875;23.0;185.0;0.0;0;0;0;5;6:18;22.75;170.92;2.17;195.83;0.0;0.08;0.08;4.93;39.48;44.5;;;;;;COPESUCAR;GSA - E;;BERÇO ARM 20/21;13;10:10;13;11:35;13;15:45;15;7:15;15.0;8:05;15.0;9:05;45000;1.0
ComDragagem2035;4876;23.0;225.0;0.0;0;0;0;5;6:17;70.0;170.08;3.25;243.33;0.0;0.67;0.67;2.35;58.85;61.92;;;;;;COPESUCAR;GSA - E;;BERÇO ARM 20/21;15;9:40;15;11:05;15;12:41;17;23:35;18.0;1:00;18.0;2:00;70000;1.0
ComDragagem2035;4877;23.0;165.0;8.25;0;0;0;5;10:22;0.0;0.0;0.75;0.75;0.0;0.58;0.58;2.1;12.03;14.75;;;;;;DOW;GL;;BERÇO DOW;5;11:10;5;11:55;5;13:16;6;1:20;6.0;2:40;6.0;3:40;18000;2.0
ComDragagem2035;4878;23.0;195.0;9.25;0;0;0;5;6:15;1.25;10.08;0.0;11.33;0.0;2.58;2.58;3.73;13.38;19.75;;;;;;DPW - CGC;CGC;;BERÇO DPW 1;5;17:35;5;18:55;5;21:53;6;11:20;6.0;14:40;6.0;16:15;1000;3.0
ComDragagem2035;4879;23.0;255.0;10.25;0;0;0;5;6:15;8.25;28.42;0.0;36.67;0.0;0.0;0.0;3.11;17.86;21.0;;;;;;DPW - CGC;CGC;;BERÇO DPW 2;6;18:55;6;20:35;6;22:56;7;16:50;7.0;17:35;7.0;19:10;3000;3.0
ComDragagem2035;4880;36.0;225.0;0.0;0;0;0;5;4:09;1.25;12.42;0.0;13.67;0.0;0.0;0.0;1.99;64.0;66.0;;;;;;DPW - CGNC;CGNC;;BERÇO DPW 3;5;17:50;5;19:25;5;20:39;8;12:40;8.0;13:25;8.0;14:35;55000;1.0
ComDragagem2035;4881;23.0;175.0;0.0;0;0;0;5;7:15;11.25;63.0;10.0;84.25;0.0;1.17;1.17;2.19;27.04;30.42;;;;;;ELEVACOES;GSA - E;;BERÇO ARM 16/17;8;19:30;8;21:00;8;22:26;10;1:30;10.0;3:25;10.0;4:30;35000;1.0
ComDragagem2035;4882;23.0;225.0;0.0;0;0;0;5;7:15;22.83;44.58;5.92;73.33;0.0;0.58;0.58;3.65;53.25;57.5;;;;;;ELEVACOES;GSA - E;;BERÇO ARM 19;8;8:35;8;10:00;8;12:54;10;18:10;10.0;19:30;10.0;20:30;70000;1.0
ComDragagem2035;4883;23.0;135.0;6.75;0;0;0;5;4:10;8.0;9.83;4.0;21.83;0.0;1.25;1.25;2.66;7.08;11.0;;;;;;SANTOSBR;CGC;;BERÇO TECON 2;6;2:00;6;3:15;6;5:09;6;12:15;6.0;14:15;6.0;15:25;500;3.0
ComDragagem2035;4884;23.0;185.0;9.25;0;0;0;5;4:10;0.0;0.83;2.75;3.58;0.0;0.67;0.67;2.74;16.8;20.25;;;;;;SANTOSBR;CGC;;BERÇO TECON 1.1;5;7:45;5;9:00;5;10:59;6;3:50;6.0;5:15;6.0;6:25;1000;3.0
ComDragagem2035;4885;23.0;185.0;9.25;0;0;0;5;5:15;8.0;11.0;5.42;24.42;0.0;0.83;0.83;2.42;16.8;20.08;;;;;;SANTOSBR;CGC;;BERÇO TECON 1.1;6;5:40;6;6:55;6;8:35;7;1:25;7.0;3:00;7.0;4:10;1000;3.0
ComDragagem2035;4886;23.0;235.0;10.25;0;0;0;5;4:10;5.0;12.75;0.58;18.33;0.0;1.42;1.42;3.67;15.61;20.75;;;;;;SANTOSBR;CGC;;BERÇO TECON 1.2;5;22:30;5;23:45;6;2:40;6;18:20;6.0;20:30;6.0;21:40;3000;3.0
ComDragagem2035;4887;23.0;255.0;10.25;0;0;0;5;5:15;8.0;14.42;4.17;26.58;0.0;0.83;0.83;2.06;15.61;18.5;;;;;;SANTOSBR;CGC;;BERÇO TECON 3;6;7:50;6;9:05;6;10:23;7;2:00;7.0;3:35;7.0;4:45;3000;3.0
ComDragagem2035;4888;43.0;339.0;14.0;0;0;0;5;4:10;25.25;7.58;0.58;33.42;0.0;3.92;3.92;1.95;25.92;31.83;;;;;;SANTOSBR;CGC;;BERÇO TECON 2;6;13:35;6;14:50;6;16:02;7;18:00;7.0;22:40;7.0;23:50;6000;3.0
ComDragagem2035;4889;23.0;225.0;0.0;0;0;0;5;4:06;176.92;162.17;1.58;340.67;1.17;0.33;1.5;10.57;111.09;123.17;;;;;;TES;GSA - E;;BERÇO ARM 38;19;8:50;19;9:55;19;19:44;24;10:50;24.0;13:05;24.0;13:45;70000;1.0
ComDragagem2035;4890;23.0;225.0;0.0;0;0;0;5;4:08;8.0;16.17;3.75;27.92;0.0;0.33;0.33;4.69;39.92;45.0;;;;;;TGG;GSA - E;;BERÇO TGG;6;8:05;6;9:15;6;13:11;8;5:10;8.0;6:15;8.0;7:00;70000;1.0
ComDragagem2035;4891;23.0;225.0;0.0;0;0;0;5;0:08;22.75;117.67;0.0;140.42;0.0;0.25;0.25;5.4;62.19;67.83;;;;;;TIPLAM - GSA - E;GSA - E;;BERÇO TIPLAM 3;10;20:35;10;23:10;11;3:49;13;18:00;13.0;19:00;13.0;21:00;70000;1.0
ComDragagem2035;4892;23.0;225.0;0.0;0;0;0;5;3:12;30.5;179.33;0.0;209.83;0.0;0.08;0.08;3.81;62.19;66.08;;;;;;TIPLAM - GSA - E;GSA - E;;BERÇO TIPLAM 3;13;21:05;13;23:40;14;2:43;16;16:55;16.0;17:45;16.0;19:45;70000;1.0
ComDragagem2035;4893;23.0;175.0;8.25;0;0;0;5;4:09;0.0;0.0;2.83;2.83;0.0;0.25;0.25;2.76;72.19;75.25;;;;;;TIPLAM - GSM - I;GSM - I;;BERÇO TIPLAM 1;5;7:00;5;9:05;5;11:05;8;11:20;8.0;12:20;8.0;14:50;35000;2.0
ComDragagem2035;4894;23.0;175.0;0.0;0;0;0;5;7:08;0.0;8.58;0.0;8.58;0.0;1.33;1.33;2.28;57.11;60.75;;;;;;ULTRACARGO;GL;;BERÇO AL 02;5;15:45;5;17:40;5;19:11;8;4:20;8.0;6:25;8.0;7:55;35000;1.0
ComDragagem2035;4895;23.0;225.0;0.0;0;0;0;5;7:15;66.0;57.25;4.67;127.92;0.0;1.08;1.08;1.15;55.1;57.33;;;;;;XXXIX;GSA - E;;BERÇO ARM 37;10;15:10;10;16:15;10;16:39;12;23:45;13.0;1:35;13.0;2:15;70000;1.0
ComDragagem2035;4896;23.0;225.0;0.0;0;0;0;5;6:15;26.92;38.17;4.08;69.17;0.33;0.0;0.33;2.44;55.1;57.92;;;;;;XXXIX;GSA - E;;BERÇO ARM 37;8;3:25;8;4:30;8;6:11;10;13:20;10.0;14:25;10.0;15:05;70000;1.0
ComDragagem2035;4897;17.0;75.2;4.1;0;0;0;5;10:20;0.0;0.0;0.17;0.17;2.25;0.5;2.75;0.92;11.17;14.83;;;;;;SAIPEM;CGNC;;BERÇO SAIPEM 3;5;10:30;5;11:25;5;11:35;5;22:45;6.0;2:15;6.0;2:45;0;1.0
ComDragagem2035;4898;36.0;225.0;0.0;0;0;0;6;6:15;2.17;17.42;3.5;23.08;0.0;1.42;1.42;2.1;99.0;102.58;;;;;;ARAUCO;CGNC;;BERÇO ARAUCO 1;7;5:20;7;7:30;7;8:51;11;11:55;11.0;14:05;11.0;15:50;55000;1.0
ComDragagem2035;4899;23.0;185.0;9.75;0;0;0;6;10:28;0.0;11.5;0.0;11.5;1.67;8.08;9.75;3.27;16.8;29.83;;;;;;TECON10;CGC;;BERÇO TECON10 2;6;22:00;6;23:45;7;2:16;7;19:05;8.0;5:35;8.0;7:15;1000;3.0
ComDragagem2035;4900;23.0;275.0;10.25;0;0;0;6;6:19;0.0;12.0;0.33;12.33;0.0;2.25;2.25;3.4;15.61;21.33;;;;;;TECON10;CGC;;BERÇO TECON10 3;6;18:40;6;20:25;6;23:04;7;14:45;7.0;17:45;7.0;19:25;3000;3.0
ComDragagem2035;4901;23.0;295.0;12.25;0;0;0;6;8:23;1.75;19.08;0.33;21.17;1.67;3.0;4.67;2.83;21.3;28.83;;;;;;TECON10;CGC;;BERÇO TECON10 4;7;5:35;7;7:20;7;9:24;8;6:45;8.0;12:10;8.0;13:50;4000;3.0
ComDragagem2035;4902;23.0;195.0;11.75;0;0;0;6;5:21;0.0;0.0;1.08;1.08;0.0;0.0;0.0;3.09;89.37;92.5;;;;;;RUMO - GSM - I;GSM - I;;BERÇO RUMO 2;6;6:30;6;7:45;6;10:05;10;3:30;10.0;4:15;10.0;5:45;45000;2.0
ComDragagem2035;4903;23.0;225.0;0.0;0;0;0;6;8:16;0.0;0.0;0.0;0.0;0.0;3.5;3.5;1.56;51.12;56.25;;;;;;ADM;GSA - E;;BERÇO ARM 39;6;8:20;6;9:25;6;10:13;8;13:25;8.0;17:40;8.0;18:20;70000;1.0
ComDragagem2035;4904;23.0;155.0;0.0;0;0;0;6;7:19;0.0;0.0;2.0;2.0;4.58;10.67;15.25;2.35;45.88;63.5;;;;;;AGEO_TERMINAIS;GL;;BERÇO IB OE;6;9:20;6;11:05;6;12:41;8;10:35;9.0;2:35;9.0;3:55;18000;1.0
ComDragagem2035;4905;36.0;225.0;0.0;0;0;0;6;8:18;1.25;30.5;0.0;31.75;0.0;0.5;0.5;3.32;99.66;103.5;;;;;;BRACELL;CGNC;;BERÇO ARM 35P2;7;16:05;7;17:20;7;19:54;11;23:35;12.0;0:50;12.0;1:40;55000;1.0
ComDragagem2035;4906;36.0;225.0;0.0;0;0;0;6;8:17;1.17;30.83;0.0;32.0;0.33;0.67;1.0;2.46;99.66;103.17;;;;;;BRACELL;CGNC;;BERÇO ARM 35P1;7;16:20;7;17:30;7;19:12;11;22:55;12.0;0:40;12.0;1:25;55000;1.0
ComDragagem2035;4907;23.0;215.0;8.75;0;0;0;6;5:16;0.0;8.0;0.0;8.0;0.0;0.25;0.25;2.26;13.85;16.42;;;;;;BTP;CGC;;BERÇO BTP 2;6;13:20;6;15:10;6;16:40;7;6:35;7.0;7:35;7.0;9:20;1000;3.0
ComDragagem2035;4908;23.0;215.0;8.75;0;0;0;6;7:21;1.83;16.67;0.0;18.5;1.75;1.42;3.17;3.96;13.85;21.0;;;;;;BTP;CGC;;BERÇO BTP 3;7;1:55;7;3:45;7;6:57;7;20:50;8.0;0:45;8.0;2:30;1000;3.0
ComDragagem2035;4909;23.0;215.0;8.75;0;0;0;6;5:15;0.0;12.5;0.0;12.5;0.25;1.42;1.67;2.31;13.85;17.83;;;;;;BTP;CGC;;BERÇO BTP 1;6;17:45;6;19:35;6;21:08;7;11:00;7.0;13:25;7.0;15:10;1000;3.0
ComDragagem2035;4910;23.0;205.0;0.0;0;0;0;6;9:21;2.67;41.5;4.67;48.83;0.0;0.58;0.58;0.95;77.19;78.75;;;;;;CITROSUCO;GL;;BERÇO ARM 29;8;10:15;8;11:35;8;11:47;11;17:00;11.0;18:20;11.0;19:15;35000;1.0
ComDragagem2035;4911;23.0;225.0;0.0;0;0;0;6;11:28;75.58;237.42;7.33;320.33;0.0;0.58;0.58;6.56;68.98;76.17;;;;;;COFCO;GSA - E;;BERÇO ARM 12A;19;19:50;19;21:20;20;3:08;23;0:10;23.0;1:30;23.0;2:35;70000;1.0
ComDragagem2035;4913;23.0;225.0;0.0;0;0;0;6;9:30;0.0;0.0;1.17;1.17;0.0;0.75;0.75;1.86;54.03;56.67;;;;;;CUTRALE - GSA - E;GSA - E;;BERÇO CUTRALE;6;10:40;6;11:45;6;12:51;8;18:55;8.0;20:25;8.0;21:05;70000;1.0
ComDragagem2035;4914;23.0;125.0;7.25;0;0;0;6;10:26;2.67;50.5;0.0;53.17;0.0;0.0;0.0;3.0;12.93;16.0;;;;;;DPW - CGC;CGC;;BERÇO DPW 1;8;15:40;8;17:00;8;19:15;9;8:15;9.0;9:00;9.0;10:35;500;3.0
ComDragagem2035;4915;23.0;215.0;9.75;0;0;0;6;10:28;3.17;51.08;0.0;54.25;0.0;0.0;0.0;2.65;13.38;16.08;;;;;;DPW - CGC;CGC;;BERÇO DPW 3;8;16:45;8;18:20;8;20:14;9;9:40;9.0;10:25;9.0;11:35;1000;3.0
ComDragagem2035;4916;23.0;185.0;9.75;0;0;0;6;7:19;0.0;10.92;0.0;10.92;0.67;1.33;2.0;2.37;13.38;17.75;;;;;;DPW - CGC;CGC;;BERÇO DPW 1;6;18:15;6;19:35;6;21:12;7;10:35;7.0;13:20;7.0;14:55;1000;3.0
ComDragagem2035;4917;49.0;366.0;15.0;1;0;0;6;10:26;62.67;4.25;0.58;67.5;0.0;0.0;0.0;1.96;41.74;43.75;;;;;;DPW - CGC;CGC;;BERÇO DPW 2;9;6:00;9;7:45;9;8:57;11;2:45;11.0;3:30;11.0;5:10;12500;3.0
ComDragagem2035;4918;23.0;275.0;10.75;0;0;0;6;10:28;6.58;59.33;3.33;69.25;0.0;0.92;0.92;3.32;17.86;22.17;;;;;;DPW - CGC;CGC;;BERÇO DPW 1;9;7:45;9;9:05;9;11:39;10;5:35;10.0;7:15;10.0;8:50;3000;3.0
ComDragagem2035;4919;23.0;235.0;10.75;0;0;0;6;7:19;1.33;27.58;0.0;28.92;0.83;0.0;0.83;3.71;17.86;22.42;;;;;;DPW - CGC;CGC;;BERÇO DPW 1;7;12:15;7;13:35;7;16:32;8;10:25;8.0;12:00;8.0;13:35;3000;3.0
ComDragagem2035;4920;23.0;325.0;11.25;0;0;0;6;8:22;24.67;11.42;0.0;36.08;5.5;0.5;6.0;2.17;21.93;30.17;;;;;;DPW - CGC;CGC;;BERÇO DPW 2;7;20:30;7;22:10;7;23:35;8;21:35;9.0;4:20;9.0;5:55;4000;3.0
ComDragagem2035;4921;36.0;225.0;0.0;0;0;0;6;8:21;0.0;0.0;2.0;2.0;0.0;2.33;2.33;2.36;36.9;41.67;;;;;;ELDORADO;CGNC;;BERÇO ARM 31;6;10:25;6;11:40;6;13:16;8;2:15;8.0;5:20;8.0;6:10;55000;1.0
ComDragagem2035;4922;23.0;225.0;0.0;0;0;0;6;8:21;33.58;68.67;6.5;108.75;1.0;6.42;7.42;3.2;53.25;63.92;;;;;;ELEVACOES;GSA - E;;BERÇO ARM 19;10;21:10;10;22:35;11;1:02;13;6:20;13.0;14:30;13.0;15:30;70000;1.0
ComDragagem2035;4923;23.0;225.0;11.75;0;0;0;6;5:21;4.17;58.67;2.33;65.17;0.58;1.08;1.67;10.62;49.28;61.58;;;;;;HIDROVIAS;GSM - I;;BERÇO ARM 22/23;8;22:35;8;23:40;9;9:32;11;10:50;11.0;13:15;11.0;14:35;70000;2.0
ComDragagem2035;4924;23.0;185.0;9.75;0;0;0;6;8:22;0.0;10.33;0.67;11.0;0.0;1.5;1.5;2.43;16.8;20.75;;;;;;SANTOSBR;CGC;;BERÇO TECON 1.2;6;19:25;6;20:40;6;22:20;7;15:10;7.0;17:25;7.0;18:35;1000;3.0
ComDragagem2035;4925;23.0;245.0;10.75;0;0;0;6;8:22;1.25;17.33;2.83;21.42;0.0;0.0;0.0;2.08;15.61;17.75;;;;;;SANTOSBR;CGC;;BERÇO TECON 3;7;5:50;7;7:05;7;8:24;8;0:05;8.0;0:50;8.0;2:00;3000;3.0
ComDragagem2035;4926;23.0;225.0;0.0;0;0;0;6;7:15;13.83;46.67;0.0;60.5;0.0;0.0;0.0;1.11;78.07;79.25;;;;;;TEG;GSA - E;;BERÇO TEG;8;19:45;8;20:55;8;21:16;12;3:25;12.0;4:10;12.0;4:55;70000;1.0
ComDragagem2035;4927;23.0;225.0;0.0;0;0;0;6;8:19;244.67;194.08;2.17;440.92;0.0;0.0;0.0;4.5;111.09;115.58;;;;;;TES;GSA - E;;BERÇO ARM 38;24;17:15;24;18:20;24;22:05;29;13:10;29.0;13:55;29.0;14:35;70000;1.0
ComDragagem2035;4928;23.0;255.0;0.0;0;0;0;6;9:23;306.25;251.42;2.17;559.83;0.0;0.5;0.5;2.57;150.34;153.42;;;;;;TES;GSA - E;;BERÇO ARM 38;29;17:15;29;18:20;29;20:09;36;2:30;36.0;3:45;36.0;4:25;85000;1.0
ComDragagem2035;4929;23.0;195.0;8.75;0;0;1;6;9:27;0.0;0.0;0.67;0.67;0.0;1.25;1.25;5.01;20.97;27.25;;;;;;TEV;RORO;;BERÇO TEV;6;10:10;6;11:30;6;15:45;7;12:45;7.0;14:45;7.0;16:00;1500;3.0
ComDragagem2035;4930;23.0;225.0;0.0;0;0;0;6;10:22;2.33;41.58;2.67;46.58;0.0;0.08;0.08;3.14;39.92;43.17;;;;;;TGG;GSA - E;;BERÇO TGG;8;9:00;8;10:10;8;12:33;10;4:30;10.0;5:20;10.0;6:05;70000;1.0
ComDragagem2035;4931;23.0;225.0;0.0;0;0;0;6;7:21;29.33;217.58;5.5;252.42;0.0;0.17;0.17;4.39;62.19;66.75;;;;;;TIPLAM - GSA - E;GSA - E;;BERÇO TIPLAM 3;16;19:50;16;22:25;17;2:03;19;16:15;19.0;17:10;19.0;19:10;70000;1.0
ComDragagem2035;4932;23.0;225.0;0.0;0;0;0;6;7:19;24.17;160.58;2.92;187.67;0.92;0.5;1.42;3.25;62.19;66.92;;;;;;TIPLAM - GSA - E;GSA - E;;BERÇO TIPLAM 2;14;3:00;14;5:35;14;8:05;16;22:20;17.0;0:30;17.0;2:30;70000;1.0
ComDragagem2035;4933;23.0;185.0;0.0;0;0;0;6;9:21;1.92;12.83;1.5;16.25;4.0;5.5;9.5;6.99;29.94;46.5;;;;;;TRANSPETRO;GL;;BERÇO AL 01;7;1:40;7;3:35;7;9:49;8;15:50;9.0;2:05;9.0;3:35;35000;1.0
ComDragagem2035;4934;23.0;225.0;0.0;0;0;0;6;11:27;94.58;63.33;4.33;162.25;0.0;2.17;2.17;1.21;55.1;58.5;;;;;;XXXIX;GSA - E;;BERÇO ARM 37;13;5:45;13;6:50;13;7:17;15;14:25;15.0;17:20;15.0;18:00;70000;1.0
ComDragagem2035;4935;17.0;82.3;4.5;0;0;0;6;20:00;0.0;0.0;0.25;0.25;1.08;0.33;1.42;0.92;47.67;50.0;;;;;;SAIPEM;CGNC;;BERÇO SAIPEM 2;6;20:15;6;21:10;6;21:20;8;21:00;8.0;23:10;8.0;23:40;0;1.0
ComDragagem2035;4936;18.0;76.0;6.0;0;0;0;6;21:00;0.0;0.0;1.83;1.83;0.0;0.0;0.0;0.92;28.5;29.42;;;;;;SAIPEM;CGNC;;BERÇO SAIPEM 3;6;22:50;6;23:45;6;23:55;8;4:25;8.0;5:10;8.0;5:40;0;1.0
ComDragagem2035;4937;36.0;225.0;0.0;0;0;0;7;12:33;2.17;25.5;0.0;27.67;0.0;0.83;0.83;4.92;99.0;104.75;;;;;;ARAUCO;CGNC;;BERÇO ARAUCO 3;8;16:15;8;18:25;8;22:35;13;1:35;13.0;3:10;13.0;5:10;55000;1.0
ComDragagem2035;4938;23.0;215.0;9.75;0;0;0;7;13:36;0.0;6.58;0.0;6.58;3.42;0.75;4.17;6.32;16.8;27.33;;;;;;TECON10;CGC;;BERÇO TECON10 3;7;20:15;7;22:00;8;3:34;8;20:25;9.0;1:20;9.0;3:00;1000;3.0
ComDragagem2035;4939;49.0;366.0;15.0;1;0;0;7;12:34;13.75;1.25;0.83;15.83;43.42;2.5;45.92;2.64;38.88;87.5;;;;;;TECON10;CGC;;BERÇO TECON10 2;8;4:25;8;6:15;8;8:08;9;23:05;11.0;21:45;11.0;23:30;12500;3.0
ComDragagem2035;4940;23.0;275.0;11.25;0;0;0;7;13:35;1.75;9.33;2.5;13.58;1.08;2.75;3.83;2.95;15.61;22.42;;;;;;TECON10;CGC;;BERÇO TECON10 1;8;3:10;8;4:55;8;7:07;8;22:45;9.0;3:20;9.0;5:00;3000;3.0
ComDragagem2035;4941;23.0;185.0;12.25;0;0;0;7;6:25;7.67;62.25;2.08;72.0;0.0;0.33;0.33;3.49;89.37;93.25;;;;;;RUMO - GSM - I;GSM - I;;BERÇO RUMO 2;10;6:25;10;7:40;10;10:24;14;3:50;14.0;4:55;14.0;6:25;45000;2.0
ComDragagem2035;4942;23.0;155.0;8.75;0;0;0;7;10:27;0.0;0.0;0.0;0.0;0.67;0.0;0.67;1.53;45.88;48.08;;;;;;AGEO_TERMINAIS;GL;;BERÇO Ageo I;7;10:30;7;11:55;7;12:41;9;10:35;9.0;12:00;9.0;13:40;18000;2.0
ComDragagem2035;4943;23.0;135.0;7.75;0;0;0;7;10:31;1.83;26.08;4.75;32.67;0.17;1.5;1.67;2.7;20.71;25.08;;;;;;BTP;CGC;;BERÇO BTP 1;8;19:15;8;21:05;8;23:02;9;19:45;9.0;22:10;9.0;23:55;500;3.0
ComDragagem2035;4944;23.0;215.0;9.25;0;0;0;7;10:31;1.83;11.33;4.42;17.58;0.58;0.5;1.08;4.65;13.85;19.58;;;;;;BTP;CGC;;BERÇO BTP 2;8;4:10;8;6:00;8;9:54;8;23:45;9.0;1:35;9.0;3:20;1000;3.0
ComDragagem2035;4945;23.0;215.0;9.25;0;0;0;7;9:27;0.0;0.0;0.33;0.33;0.0;0.0;0.0;4.36;13.85;18.25;;;;;;BTP;CGC;;BERÇO BTP 2;7;9:50;7;11:40;7;15:16;8;5:10;8.0;5:55;8.0;7:40;1000;3.0
ComDragagem2035;4946;49.0;366.0;15.0;1;0;0;7;10:31;132.83;10.58;2.0;145.42;2.92;0.83;3.75;1.37;30.72;35.83;;;;;;BTP;CGC;;BERÇO BTP 3;13;12:00;13;13:55;13;14:32;14;21:15;15.0;1:45;15.0;3:35;12500;3.0
ComDragagem2035;4947;23.0;295.0;12.75;0;0;0;7;9:27;1.25;0.08;1.17;2.5;1.75;5.75;7.5;2.38;20.66;30.58;;;;;;BTP;CGC;;BERÇO BTP 1;7;12:00;7;13:50;7;15:27;8;12:10;8.0;20:25;8.0;22:10;4000;3.0
ComDragagem2035;4948;23.0;175.0;10.25;0;0;0;7;7:25;6.83;62.17;2.5;71.5;0.0;2.25;2.25;7.5;135.86;145.67;;;;;;BUNGE;GSA - I;;BERÇO ARM 30;10;6:55;10;7:50;10;14:35;16;6:30;16.0;9:30;16.0;10:40;35000;2.0
ComDragagem2035;4949;23.0;225.0;0.0;0;0;0;7;13:32;95.08;270.25;9.0;374.33;0.0;0.0;0.0;4.51;68.98;73.5;;;;;;COFCO;GSA - E;;BERÇO ARM 12A;23;3:55;23;5:25;23;9:10;26;6:10;26.0;6:55;26.0;8:00;70000;1.0
ComDragagem2035;4950;23.0;185.0;0.0;0;0;0;7;13:41;20.25;224.58;8.5;253.33;0.75;0.0;0.75;3.2;39.48;43.5;;;;;;COPESUCAR;GSA - E;;BERÇO ARM 20/21;18;3:05;18;4:30;18;6:57;19;22:30;20.0;0:00;20.0;1:00;45000;1.0
ComDragagem2035;4951;23.0;185.0;10.25;0;0;0;7;11:30;5.58;38.08;4.83;48.5;0.0;2.67;2.67;2.56;13.38;18.67;;;;;;DPW - CGC;CGC;;BERÇO DPW 3;9;12:00;9;13:35;9;15:23;10;4:50;10.0;8:15;10.0;9:25;1000;3.0
ComDragagem2035;4952;23.0;185.0;10.25;0;0;0;7;11:32;8.42;52.92;9.42;70.75;0.0;0.25;0.25;1.97;13.38;15.67;;;;;;DPW - CGC;CGC;;BERÇO DPW 3;10;10:20;10;11:55;10;13:08;11;2:35;11.0;3:35;11.0;4:45;1000;3.0
ComDragagem2035;4953;23.0;265.0;11.25;0;0;0;7;12:35;7.83;55.58;5.75;69.17;0.0;1.67;1.67;3.45;17.86;23.0;;;;;;DPW - CGC;CGC;;BERÇO DPW 1;10;9:45;10;11:05;10;13:47;11;7:40;11.0;10:05;11.0;11:40;3000;3.0
ComDragagem2035;4954;36.0;225.0;0.0;0;0;0;7;11:28;1.25;16.67;5.25;23.17;0.0;3.83;3.83;0.84;36.9;41.58;;;;;;ELDORADO;CGNC;;BERÇO ARM 31;8;10:40;8;11:55;8;12:00;10;0:55;10.0;5:30;10.0;6:20;55000;1.0
ComDragagem2035;4955;23.0;165.0;0.0;0;0;0;7;12:35;8.25;50.42;7.42;66.08;0.0;0.58;0.58;3.3;27.04;30.92;;;;;;ELEVACOES;GSA - E;;BERÇO ARM 16/17;10;6:40;10;8:10;10;10:43;11;13:45;11.0;15:05;11.0;16:10;35000;1.0
ComDragagem2035;4956;32.2;205.0;0.0;0;0;0;7;12:35;10.58;81.0;8.92;100.5;0.0;0.17;0.17;8.85;39.16;48.25;;;;;;ELEVACOES;GSA - E;;BERÇO ARM 16/17;11;17:05;11;18:35;12;2:41;13;17:55;13.0;18:50;13.0;19:55;55000;1.0
ComDragagem2035;4957;23.0;195.0;9.75;0;0;0;7;12:32;0.0;0.0;0.0;0.0;5.08;12.25;17.33;3.38;16.8;37.58;;;;;;SANTOSBR;CGC;;BERÇO TECON 1.1;7;12:35;7;13:50;7;16:27;8;9:20;9.0;3:25;9.0;4:35;1000;3.0
ComDragagem2035;4958;23.0;265.0;11.25;0;0;0;7;13:35;0.0;8.08;0.0;8.08;3.92;11.17;15.08;2.97;15.61;33.67;;;;;;SANTOSBR;CGC;;BERÇO TECON 2;7;21:40;7;22:55;8;1:08;8;16:45;9.0;8:35;9.0;9:45;3000;3.0
ComDragagem2035;4959;23.0;265.0;11.25;0;0;0;7;12:32;1.25;10.17;0.0;11.42;3.92;9.75;13.67;3.52;15.61;32.83;;;;;;SANTOSBR;CGC;;BERÇO TECON 3;8;0:00;8;1:15;8;4:01;8;19:40;9.0;10:05;9.0;11:15;3000;3.0
ComDragagem2035;4960;23.0;225.0;0.0;0;0;0;7;8:25;4.5;9.0;0.0;13.5;0.0;1.33;1.33;1.44;88.35;91.17;;;;;;TEAG;GSA - E;;BERÇO TEAG;7;21:55;7;23:05;7;23:46;11;16:10;11.0;18:15;11.0;19:00;70000;1.0
ComDragagem2035;4961;23.0;225.0;0.0;0;0;0;7;12:33;34.92;69.42;0.0;104.33;0.0;0.42;0.42;4.08;88.35;92.92;;;;;;TEAG;GSA - E;;BERÇO TEAG;11;20:55;11;22:05;12;1:24;15;17:50;15.0;19:00;15.0;19:45;70000;1.0
ComDragagem2035;4962;23.0;225.0;0.0;0;0;0;7;11:28;233.67;452.08;4.17;689.92;0.0;0.0;0.0;6.67;111.09;117.83;;;;;;TES;GSA - E;;BERÇO ARM 38;36;5:25;36;6:30;36;12:25;41;3:35;41.0;4:20;41.0;5:00;70000;1.0
ComDragagem2035;4963;23.0;225.0;0.0;0;0;0;7;11:29;282.58;522.33;6.25;811.17;0.0;0.0;0.0;9.14;111.09;120.25;;;;;;TES;GSA - E;;BERÇO ARM 38;41;6:40;41;7:45;41;16:08;46;7:15;46.0;8:00;46.0;8:40;70000;1.0
ComDragagem2035;4964;23.0;195.0;9.25;0;0;1;7;11:34;0.0;9.83;0.0;9.83;3.42;1.0;4.42;1.29;20.97;26.75;;;;;;TEV;RORO;;BERÇO TEV;7;21:25;7;22:45;7;23:17;8;20:20;9.0;1:30;9.0;2:45;1500;3.0
ComDragagem2035;4965;23.0;225.0;0.0;0;0;0;7;10:26;7.5;55.58;9.0;72.08;0.0;1.0;1.0;4.21;39.92;45.17;;;;;;TGG;GSA - E;;BERÇO TGG;10;10:35;10;11:45;10;15:12;12;7:10;12.0;8:55;12.0;9:40;70000;1.0
ComDragagem2035;4966;23.0;225.0;0.0;0;0;0;7;11:31;29.33;194.17;8.67;232.17;0.0;0.33;0.33;3.81;62.19;66.33;;;;;;TIPLAM - GSA - E;GSA - E;;BERÇO TIPLAM 2;17;3:45;17;6:20;17;9:23;19;23:35;20.0;0:40;20.0;2:40;70000;1.0
ComDragagem2035;4967;23.0;225.0;0.0;0;0;0;7;12:32;34.5;250.83;11.25;296.58;0.0;0.75;0.75;14.43;62.19;77.42;;;;;;TIPLAM - GSA - E;GSA - E;;BERÇO TIPLAM 3;19;21:10;19;23:45;20;13:25;23;3:40;23.0;5:10;23.0;7:10;70000;1.0
ComDragagem2035;4968;23.0;195.0;10.25;0;0;0;7;12:34;0.0;0.0;0.67;0.67;0.0;1.42;1.42;10.41;85.0;96.83;;;;;;TIPLAM - GSM - I;GSM - I;;BERÇO TIPLAM 4;7;13:15;7;15:20;8;0:59;11;14:00;11.0;16:10;11.0;18:40;45000;2.0
ComDragagem2035;4969;23.0;175.0;0.0;0;0;0;7;13:33;1.92;15.0;3.17;20.08;1.5;1.42;2.92;3.52;29.94;36.42;;;;;;TRANSPETRO;GL;;BERÇO AL 02;8;9:40;8;11:35;8;14:21;9;20:20;10.0;0:00;10.0;1:30;35000;1.0
ComDragagem2035;4970;23.0;225.0;0.0;0;0;0;7;14:37;114.0;79.33;5.08;198.42;0.0;0.0;0.0;1.67;55.1;56.83;;;;;;XXXIX;GSA - E;;BERÇO ARM 37;15;21:05;15;22:10;15;23:05;18;6:15;18.0;7:00;18.0;7:40;70000;1.0
ComDragagem2035;4971;23.0;205.0;10.75;0;0;0;8;17:45;4.0;5.08;4.67;13.75;0.0;1.58;1.58;3.73;16.8;22.17;;;;;;TECON10;CGC;;BERÇO TECON10 1;9;7:30;9;9:15;9;12:13;10;5:05;10.0;7:25;10.0;9:05;1000;3.0
ComDragagem2035;4972;23.0;235.0;12.25;0;0;0;8;17:44;3.42;3.08;0.0;6.5;0.58;1.42;2.0;2.37;15.61;20.0;;;;;;TECON10;CGC;;BERÇO TECON10 3;9;0:15;9;2:00;9;3:37;9;19:15;9.0;22:00;9.0;23:40;3000;3.0
ComDragagem2035;4973;23.0;265.0;11.75;0;0;0;8;14:38;0.0;0.75;0.0;0.75;1.33;1.08;2.42;1.85;15.61;19.92;;;;;;TECON10;CGC;;BERÇO TECON10 4;8;15:25;8;17:10;8;18:16;9;9:55;9.0;13:05;9.0;14:45;3000;3.0
ComDragagem2035;4974;23.0;185.0;9.25;0;0;0;8;15:47;0.0;0.0;0.67;0.67;1.67;4.75;6.42;23.89;37.45;67.75;;;;;;ADONAI;GL;;BERÇO IB BC;8;16:30;8;17:55;9;17:03;11;6:30;11.0;13:40;11.0;15:20;35000;2.0
ComDragagem2035;4975;23.0;135.0;7.75;0;0;0;8;12:37;4.0;24.83;0.17;29.0;0.0;0.0;0.0;2.16;20.71;22.92;;;;;;BTP;CGC;;BERÇO BTP 2;9;17:40;9;19:30;9;20:54;10;17:40;10.0;18:25;10.0;20:10;500;3.0
ComDragagem2035;4976;23.0;215.0;9.25;0;0;0;8;12:35;3.42;8.0;0.0;11.42;0.0;0.33;0.33;2.62;13.85;16.83;;;;;;BTP;CGC;;BERÇO BTP 2;9;0:00;9;1:50;9;3:42;9;17:35;9.0;18:40;9.0;20:25;1000;3.0
ComDragagem2035;4977;23.0;215.0;9.75;0;0;0;8;14:41;7.92;43.75;0.17;51.83;0.0;0.0;0.0;1.76;13.85;15.67;;;;;;BTP;CGC;;BERÇO BTP 2;10;18:35;10;20:25;10;21:25;11;11:20;11.0;12:05;11.0;13:50;1000;3.0
ComDragagem2035;4978;23.0;245.0;13.25;0;0;0;8;12:37;5.08;26.58;0.17;31.83;0.0;4.33;4.33;4.72;14.7;23.75;;;;;;BTP;CGC;;BERÇO BTP 1;9;20:30;9;22:20;10;2:18;10;17:00;10.0;22:05;10.0;23:50;3000;3.0
ComDragagem2035;4979;23.0;225.0;0.0;0;0;0;8;16:46;138.0;348.17;17.58;503.75;0.0;0.0;0.0;5.92;68.98;74.92;;;;;;COFCO;GSA - E;;BERÇO ARM 12A;29;16:35;29;18:05;29;23:15;32;20:15;32.0;21:00;32.0;22:05;70000;1.0
ComDragagem2035;4980;23.0;225.0;0.0;0;0;0;8;15:42;121.33;293.08;10.75;425.17;0.0;0.0;0.0;2.87;68.98;71.92;;;;;;COFCO;GSA - E;;BERÇO ARM 12A;26;8:55;26;10:25;26;12:32;29;9:35;29.0;10:20;29.0;11:25;70000;1.0
ComDragagem2035;4981;23.0;195.0;0.0;0;0;0;8;14:47;64.42;201.25;8.58;274.25;0.0;0.08;0.08;2.86;39.48;42.42;;;;;;COPESUCAR;GSA - E;;BERÇO ARM 20/21;20;1:05;20;2:30;20;4:36;21;20:05;21.0;20:55;21.0;21:55;45000;1.0
ComDragagem2035;4982;23.0;225.0;0.0;0;0;0;8;14:47;77.58;232.42;9.5;319.5;0.5;0.25;0.75;3.69;58.85;63.33;;;;;;COPESUCAR;GSA - E;;BERÇO ARM 20/21;21;22:20;21;23:45;22;2:41;24;13:35;24.0;15:05;24.0;16:05;70000;1.0
ComDragagem2035;4983;23.0;205.0;10.25;0;0;0;8;13:37;9.25;41.67;15.33;66.25;0.0;0.17;0.17;2.02;13.38;15.58;;;;;;DPW - CGC;CGC;;BERÇO DPW 3;11;7:55;11;9:30;11;10:46;12;0:10;12.0;1:05;12.0;2:15;1000;3.0
ComDragagem2035;4984;23.0;265.0;11.75;0;0;0;8;16:45;9.42;42.33;11.17;62.92;1.58;4.67;6.25;2.52;17.86;26.67;;;;;;DPW - CGC;CGC;;BERÇO DPW 2;11;7:40;11;9:20;11;11:06;12;5:00;12.0;12:00;12.0;13:35;3000;3.0
ComDragagem2035;4985;23.0;275.0;11.25;0;0;0;8;13:37;8.67;46.17;12.58;67.42;0.0;2.5;2.5;1.99;17.86;22.42;;;;;;DPW - CGC;CGC;;BERÇO DPW 1;11;9:05;11;10:25;11;11:39;12;5:35;12.0;8:50;12.0;10:25;3000;3.0
ComDragagem2035;4986;23.0;225.0;0.0;0;0;0;8;13:38;41.08;85.0;2.5;128.58;0.0;0.0;0.0;2.18;53.25;55.5;;;;;;ELEVACOES;GSA - E;;BERÇO ARM 16/17;13;22:15;13;23:45;14;1:10;16;6:30;16.0;7:15;16.0;8:20;70000;1.0
ComDragagem2035;4987;32.2;205.0;0.0;0;0;0;8;13:38;11.75;105.83;4.67;122.25;0.5;0.0;0.5;2.97;39.16;42.67;;;;;;ELEVACOES;GSA - E;;BERÇO ARM 19;13;15:55;13;17:20;13;19:33;15;10:45;15.0;12:00;15.0;13:00;55000;1.0
ComDragagem2035;4988;23.0;195.0;11.25;0;0;0;8;13:39;8.17;66.67;0.0;74.83;0.0;0.58;0.58;3.85;75.33;79.83;;;;;;HIDROVIAS;GSM - I;;BERÇO ARM 22/23;11;16:30;11;17:35;11;20:41;15;0:05;15.0;1:25;15.0;2:45;45000;2.0
ComDragagem2035;4989;23.0;235.0;12.25;0;0;0;8;16:44;3.33;0.0;4.42;7.75;1.0;1.83;2.83;2.06;15.61;20.5;;;;;;SANTOSBR;CGC;;BERÇO TECON 1.2;9;0:30;9;1:45;9;3:03;9;18:40;9.0;22:15;9.0;23:25;3000;3.0
ComDragagem2035;4990;23.0;305.0;12.75;0;0;0;8;16:44;3.92;11.33;0.0;15.25;1.17;0.42;1.58;3.87;21.3;26.75;;;;;;SANTOSBR;CGC;;BERÇO TECON 2;9;8:00;9;9:15;9;12:22;10;9:40;10.0;12:00;10.0;13:10;4000;3.0
ComDragagem2035;4991;23.0;155.0;8.25;0;0;0;8;12:36;0.0;0.0;2.5;2.5;0.0;0.75;0.75;3.62;29.82;34.25;;;;;;STOLTHAVEN;GL;;BERÇO AL 03;8;15:10;8;16:45;8;19:37;10;1:30;10.0;3:00;10.0;4:50;18000;2.0
ComDragagem2035;4992;38.0;250.0;0.0;0;0;0;8;15:36;42.08;42.58;1.42;86.08;0.75;0.33;1.08;1.78;110.17;113.08;;;;;;TEG;GSA - E;;BERÇO TEG;12;5:45;12;6:55;12;7:56;16;22:10;17.0;0:00;17.0;0:45;85000;1.0
ComDragagem2035;4993;23.0;195.0;12.25;0;0;0;8;15:42;0.0;0.17;0.0;0.17;0.0;2.67;2.67;2.72;89.37;94.75;;;;;;TERMAG;GSM - I;;BERÇO TERMAG;8;15:55;8;16:45;8;18:43;12;12:05;12.0;15:30;12.0;16:35;45000;2.0
ComDragagem2035;4994;23.0;225.0;0.0;0;0;0;8;14:45;9.5;74.42;8.08;92.0;0.0;0.0;0.0;2.41;39.92;42.33;;;;;;TGG;GSA - E;;BERÇO TGG;12;10:45;12;11:55;12;13:34;14;5:30;14.0;6:15;14.0;7:00;70000;1.0
ComDragagem2035;4995;23.0;165.0;9.75;0;0;0;8;11:41;0.0;3.17;0.0;3.17;0.0;0.25;0.25;3.28;18.55;22.08;;;;;;TIPLAM - GL;GL;;BERÇO TIPLAM 1;8;14:55;8;17:00;8;19:31;9;14:05;9.0;15:05;9.0;17:35;18000;2.0
ComDragagem2035;4996;23.0;245.0;0.0;0;0;0;8;15:39;4.0;6.5;4.67;15.17;0.0;0.33;0.33;4.77;48.22;53.33;;;;;;TRANSPETRO;GL;;BERÇO AL 01;9;6:50;9;8:45;9;12:46;11;13:00;11.0;14:05;11.0;15:35;60000;1.0
ComDragagem2035;4997;23.0;245.0;0.0;0;0;0;8;16:41;9.92;55.58;6.58;72.08;0.17;0.25;0.42;4.81;48.22;53.5;;;;;;TRANSPETRO;GL;;BERÇO AL 01;11;16:50;11;18:45;11;22:48;13;23:05;14.0;0:15;14.0;1:45;60000;1.0
ComDragagem2035;4998;23.0;165.0;9.25;0;0;0;8;17:43;0.0;0.0;1.25;1.25;0.0;1.0;1.0;0.75;41.58;43.33;;;;;;VOPAK;GL;;BERÇO AL 04;8;19:00;8;20:35;8;20:35;10;14:10;10.0;15:55;10.0;17:45;18000;2.0
ComDragagem2035;4999;23.0;185.0;10.75;0;0;0;8;16:43;6.83;24.5;9.42;40.75;0.0;0.33;0.33;0.75;62.88;64.0;;;;;;VOPAK;GL;;BERÇO AL 03;10;9:30;10;11:05;10;11:05;13;2:00;13.0;3:05;13.0;4:55;35000;2.0
ComDragagem2035;5000;23.0;225.0;0.0;0;0;0;8;14:40;131.33;99.25;5.5;236.08;0.0;0.25;0.25;6.55;55.1;61.92;;;;;;XXXIX;GSA - E;;BERÇO ARM 37;18;10:45;18;11:50;18;17:38;21;0:45;21.0;1:45;21.0;2:25;70000;1.0
ComDragagem2035;5001;23.0;215.0;10.75;0;0;0;9;18:49;0.0;0.0;0.0;0.0;0.0;0.25;0.25;2.18;16.8;19.25;;;;;;TECON10;CGC;;BERÇO TECON10 4;9;18:50;9;20:35;9;22:00;10;14:50;10.0;15:50;10.0;17:30;1000;3.0
ComDragagem2035;5002;23.0;255.0;12.25;0;0;0;9;17:47;3.0;3.25;1.67;7.92;1.67;5.42;7.08;1.72;15.61;24.42;;;;;;TECON10;CGC;;BERÇO TECON10 3;10;1:45;10;3:30;10;4:28;10;20:05;11.0;3:55;11.0;5:35;3000;3.0
ComDragagem2035;5003;23.0;175.0;10.75;0;0;0;9;16:46;0.0;0.0;0.0;0.0;0.17;10.25;10.42;1.08;64.43;76.0;;;;;;AGEO_TERMINAIS;GL;;BERÇO Ageo I;9;16:50;9;18:15;9;18:34;12;11:05;12.0;22:15;12.0;23:55;35000;2.0
ComDragagem2035;5004;23.0;135.0;7.75;0;0;0;9;19:53;5.17;27.08;3.0;35.25;1.75;9.58;11.33;2.21;20.71;34.25;;;;;;BTP;CGC;;BERÇO BTP 3;11;7:10;11;9:00;11;10:27;12;7:10;12.0;19:15;12.0;21:00;500;3.0
ComDragagem2035;5005;23.0;205.0;10.25;0;0;0;9;20:54;4.5;38.17;4.83;47.5;0.0;3.33;3.33;5.64;13.85;22.83;;;;;;BTP;CGC;;BERÇO BTP 1;11;20:25;11;22:15;12;3:08;12;17:00;12.0;21:05;12.0;22:50;1000;3.0
ComDragagem2035;5006;23.0;185.0;10.25;0;0;0;9;19:52;5.17;30.33;4.83;40.33;0.0;1.25;1.25;3.69;13.85;18.83;;;;;;BTP;CGC;;BERÇO BTP 2;11;12:15;11;14:05;11;17:01;12;6:55;12.0;8:55;12.0;10:40;1000;3.0
ComDragagem2035;5007;23.0;295.0;14.25;0;0;0;9;18:51;12.67;13.33;0.0;26.0;0.0;0.08;0.08;2.68;20.66;23.42;;;;;;BTP;CGC;;BERÇO BTP 1;10;20:55;10;22:45;11;0:40;11;21:20;11.0;22:10;11.0;23:55;4000;3.0
ComDragagem2035;5008;23.0;225.0;0.0;0;0;0;9;18:50;137.5;399.17;18.92;555.58;0.0;0.67;0.67;6.02;68.98;75.67;;;;;;COFCO;GSA - E;;BERÇO ARM 12A;32;22:25;32;23:55;33;5:11;36;2:10;36.0;3:35;36.0;4:40;70000;1.0
ComDragagem2035;5009;23.0;225.0;0.0;0;0;0;9;18:52;141.75;416.25;18.92;576.92;0.0;0.0;0.0;7.98;68.98;77.0;;;;;;COFCO;GSA - E;;BERÇO ARM 13/14;33;19:50;33;21:20;34;4:33;37;1:35;37.0;2:20;37.0;3:25;70000;1.0
ComDragagem2035;5010;23.0;225.0;0.0;0;0;0;9;18:57;94.0;253.92;9.5;357.42;0.0;0.0;0.0;2.62;58.85;61.5;;;;;;COPESUCAR;GSA - E;;BERÇO ARM 20/21;24;16:25;24;17:50;24;19:42;27;6:35;27.0;7:20;27.0;8:20;70000;1.0
ComDragagem2035;5011;23.0;225.0;0.0;0;0;0;9;20:56;0.0;0.0;0.67;0.67;0.0;1.83;1.83;2.09;54.03;58.0;;;;;;CUTRALE - GSA - E;GSA - E;;BERÇO CUTRALE;9;21:40;9;22:45;10;0:05;12;6:10;12.0;8:45;12.0;9:25;70000;1.0
ComDragagem2035;5012;23.0;205.0;11.25;0;0;0;9;19:53;6.25;36.25;12.83;55.33;0.0;1.67;1.67;2.57;13.38;17.67;;;;;;DPW - CGC;CGC;;BERÇO DPW 3;12;3:15;12;4:50;12;6:39;12;20:05;12.0;22:30;12.0;23:40;1000;3.0
ComDragagem2035;5013;23.0;255.0;12.75;0;0;0;9;19:53;5.5;40.0;14.42;59.92;1.58;5.58;7.17;3.14;17.86;28.17;;;;;;DPW - CGC;CGC;;BERÇO DPW 1;12;7:50;12;9:10;12;11:33;13;5:25;13.0;13:20;13.0;14:55;3000;3.0
ComDragagem2035;5014;23.0;175.0;0.0;0;0;0;9;18:51;10.58;124.75;4.67;140.0;1.0;1.25;2.25;3.34;27.04;32.67;;;;;;ELEVACOES;GSA - E;;BERÇO ARM 19;15;14:55;15;16:20;15;18:55;16;22:00;17.0;1:00;17.0;2:00;35000;1.0
ComDragagem2035;5015;23.0;225.0;0.0;0;0;0;9;18:51;38.08;115.83;3.83;157.75;0.0;0.08;0.08;2.81;53.25;56.17;;;;;;ELEVACOES;GSA - E;;BERÇO ARM 16/17;16;8:40;16;10:10;16;12:13;18;17:30;18.0;18:20;18.0;19:25;70000;1.0
ComDragagem2035;5016;32.2;205.0;0.0;0;0;0;9;18:51;13.42;153.25;11.42;178.08;0.0;0.0;0.0;2.38;39.16;41.58;;;;;;ELEVACOES;GSA - E;;BERÇO ARM 19;17;5:00;17;6:25;17;8:02;18;23:15;19.0;0:00;19.0;1:00;55000;1.0
ComDragagem2035;5017;23.0;215.0;10.75;0;0;0;9;18:49;1.25;0.0;0.67;1.92;1.17;6.83;8.0;3.9;16.8;28.75;;;;;;SANTOSBR;CGC;;BERÇO TECON 1.1;9;20:45;9;22:00;10;1:09;10;18:00;11.0;2:45;11.0;3:55;1000;3.0
ComDragagem2035;5018;23.0;205.0;11.25;0;0;0;9;19:51;0.67;0.0;0.83;1.5;1.17;7.42;8.58;3.26;16.8;28.67;;;;;;SANTOSBR;CGC;;BERÇO TECON 1.2;9;21:25;9;22:40;10;1:10;10;18:00;11.0;3:20;11.0;4:30;1000;3.0
ComDragagem2035;5019;23.0;255.0;12.75;0;0;0;9;19:51;1.92;0.0;4.42;6.33;1.17;3.67;4.83;1.81;15.61;22.25;;;;;;SANTOSBR;CGC;;BERÇO TECON 3;10;2:15;10;3:30;10;4:33;10;20:10;11.0;1:45;11.0;2:55;3000;3.0
ComDragagem2035;5020;23.0;225.0;0.0;0;0;0;9;17:50;35.08;111.92;0.0;147.0;0.0;0.17;0.17;2.18;88.35;90.75;;;;;;TEAG;GSA - E;;BERÇO TEAG;15;20:50;15;22:00;15;23:25;19;15:50;19.0;16:45;19.0;17:30;70000;1.0
ComDragagem2035;5021;23.0;225.0;0.0;0;0;0;9;15:50;305.33;568.25;7.58;881.17;0.0;0.0;0.0;3.35;111.09;114.5;;;;;;TES;GSA - E;;BERÇO ARM 38;46;9:00;46;10:05;46;12:41;51;3:50;51.0;4:35;51.0;5:15;70000;1.0
ComDragagem2035;5022;23.0;195.0;9.25;0;0;1;9;17:52;0.0;0.0;0.0;0.0;1.25;7.0;8.25;1.53;20.97;30.75;;;;;;TEV;RORO;;BERÇO TEV;9;17:55;9;19:15;9;20:01;10;17:00;11.0;2:00;11.0;3:15;1500;3.0
ComDragagem2035;5023;23.0;225.0;0.0;0;0;0;9;17:48;30.5;205.17;13.25;248.92;0.0;0.17;0.17;9.18;62.19;71.58;;;;;;TIPLAM - GSA - E;GSA - E;;BERÇO TIPLAM 2;20;2:45;20;5:20;20;13:45;23;4:00;23.0;4:55;23.0;6:55;70000;1.0
ComDragagem2035;5024;23.0;195.0;10.25;0;0;0;9;16:47;0.0;1.75;0.0;1.75;0.0;0.25;0.25;4.24;85.0;89.5;;;;;;TIPLAM - GSM - I;GSM - I;;BERÇO TIPLAM 1;9;18:35;9;21:10;10;0:39;13;13:40;13.0;14:40;13.0;16:40;45000;2.0
ComDragagem2035;5025;23.0;175.0;10.25;0;0;0;9;16:47;6.25;44.25;0.0;50.5;0.0;2.5;2.5;5.47;72.19;80.17;;;;;;TIPLAM - GSM - I;GSM - I;;BERÇO TIPLAM 4;11;19:20;11;21:25;12;2:08;15;2:20;15.0;5:35;15.0;8:05;35000;2.0
ComDragagem2035;5026;23.0;185.0;10.75;0;0;0;9;17:49;2.83;3.42;2.83;9.08;0.0;0.0;0.0;0.75;62.88;63.67;;;;;;VOPAK;GL;;BERÇO AL 02;10;2:55;10;4:30;10;4:30;12;19:25;12.0;20:10;12.0;22:00;35000;2.0
ComDragagem2035;5027;18.0;85.34;5.5;0;0;0;9;0:50;0.25;0.0;0.25;0.5;0.0;0.0;0.0;1.42;23.67;25.08;;;;;;SAIPEM;CGNC;;BERÇO SAIPEM 2;9;1:20;9;2:15;9;2:55;10;2:35;10.0;3:20;10.0;3:50;0;1.0
ComDragagem2035;5028;20.0;92.95;6.0;0;0;0;9;4:50;0.0;0.0;3.42;3.42;0.0;1.33;1.33;0.92;23.67;25.92;;;;;;SAIPEM;CGNC;;BERÇO SAIPEM 1;9;8:15;9;9:10;9;9:20;10;9:00;10.0;11:05;10.0;11:35;0;1.0
ComDragagem2035;5029;23.0;205.0;11.75;0;0;0;10;22:58;1.0;0.0;0.92;1.92;0.0;0.75;0.75;4.62;16.8;22.17;;;;;;TECON10;CGC;;BERÇO TECON10 4;11;0:55;11;2:40;11;6:32;11;23:20;12.0;0:50;12.0;2:30;1000;3.0
ComDragagem2035;5030;49.0;366.0;15.0;1;0;0;10;22:58;34.33;2.33;2.25;38.92;18.92;2.0;20.92;2.02;38.88;61.83;;;;;;TECON10;CGC;;BERÇO TECON10 3;12;13:55;12;15:45;12;17:01;14;7:55;15.0;5:35;15.0;7:20;12500;3.0
ComDragagem2035;5031;23.0;275.0;13.25;0;0;0;10;22:58;1.0;0.0;0.0;1.0;1.67;1.75;3.42;3.45;15.61;22.5;;;;;;TECON10;CGC;;BERÇO TECON10 1;11;0:00;11;1:45;11;4:27;11;20:05;12.0;0:15;12.0;1:55;3000;3.0
ComDragagem2035;5032;23.0;295.0;13.75;0;0;0;10;22:58;1.0;1.33;4.92;7.25;1.67;2.0;3.67;3.16;21.3;28.17;;;;;;TECON10;CGC;;BERÇO TECON10 3;11;6:15;11;8:00;11;10:24;12;7:45;12.0;12:10;12.0;13:50;4000;3.0
ComDragagem2035;5033;23.0;225.0;0.0;0;0;0;10;21:54;0.17;0.0;0.0;0.17;0.0;2.33;2.33;3.38;51.12;56.83;;;;;;ADM;GSA - E;;BERÇO ARM 39;10;22:05;10;23:10;11;1:47;13;4:55;13.0;8:00;13.0;8:40;70000;1.0
ComDragagem2035;5034;23.0;135.0;7.75;0;0;0;10;23:11;2.58;37.42;5.0;45.0;1.75;1.58;3.33;2.96;20.71;27.0;;;;;;BTP;CGC;;BERÇO BTP 1;12;20:15;12;22:05;13;0:17;13;21:00;14.0;1:05;14.0;2:50;500;3.0
ComDragagem2035;5035;23.0;215.0;10.75;0;0;0;10;22:59;2.83;24.67;4.83;32.33;0.0;0.25;0.25;2.59;13.85;16.75;;;;;;BTP;CGC;;BERÇO BTP 2;12;7:20;12;9:10;12;11:00;13;0:55;13.0;1:55;13.0;3:40;1000;3.0
ComDragagem2035;5036;23.0;275.0;14.25;0;0;0;10;23:11;2.58;34.67;5.0;42.25;0.0;0.92;0.92;2.43;14.7;18.08;;;;;;BTP;CGC;;BERÇO BTP 3;12;17:30;12;19:20;12;21:00;13;11:45;13.0;13:25;13.0;15:10;3000;3.0
ComDragagem2035;5037;23.0;225.0;0.0;0;0;0;10;22:59;155.33;458.0;18.67;632.0;0.0;0.33;0.33;23.13;68.98;92.5;;;;;;COFCO;GSA - E;;BERÇO ARM 13/14;37;7:00;37;8:30;38;6:52;41;3:55;41.0;5:00;41.0;6:05;70000;1.0
ComDragagem2035;5038;23.0;225.0;0.0;0;0;0;10;20:56;147.33;444.58;15.92;607.83;0.0;0.42;0.42;10.39;68.98;79.83;;;;;;COFCO;GSA - E;;BERÇO ARM 12A;36;4:50;36;6:20;36;15:58;39;13:00;39.0;14:10;39.0;15:15;70000;1.0
ComDragagem2035;5039;23.0;215.0;11.25;0;0;0;10;21:56;4.0;50.75;12.25;67.0;0.0;0.0;0.0;2.55;13.38;16.0;;;;;;DPW - CGC;CGC;;BERÇO DPW 1;13;17:00;13;18:20;13;20:08;14;9:35;14.0;10:20;14.0;11:55;1000;3.0
ComDragagem2035;5040;23.0;215.0;11.25;0;0;0;10;20:55;4.75;36.33;10.67;51.75;0.0;0.5;0.5;2.82;13.38;16.75;;;;;;DPW - CGC;CGC;;BERÇO DPW 3;13;0:40;13;2:15;13;4:19;13;17:45;13.0;19:00;13.0;20:10;1000;3.0
ComDragagem2035;5041;23.0;265.0;12.75;0;0;0;10;19:54;3.33;33.0;6.25;42.58;0.33;2.25;2.58;1.64;17.86;22.08;;;;;;DPW - CGC;CGC;;BERÇO DPW 2;12;14:30;12;16:10;12;17:03;13;10:55;13.0;14:15;13.0;15:50;3000;3.0
ComDragagem2035;5042;36.0;225.0;0.0;0;0;0;10;22:59;1.0;0.0;0.25;1.25;0.83;7.67;8.5;25.03;36.9;70.5;;;;;;ELDORADO;CGNC;;BERÇO ARM 31;11;0:15;11;1:30;12;1:46;13;14:45;14.0;0:00;14.0;0:50;55000;1.0
ComDragagem2035;5043;23.0;195.0;12.25;0;0;0;10;22:59;2.0;40.17;0.0;42.17;0.5;1.17;1.67;1.99;75.33;79.0;;;;;;HIDROVIAS;GSM - I;;BERÇO ARM 23;12;17:10;12;18:10;12;19:24;15;22:45;16.0;1:10;16.0;2:25;45000;2.0
ComDragagem2035;5044;23.0;215.0;0.0;0;0;0;10;14:51;1.33;27.33;0.0;28.67;0.0;0.0;0.0;0.96;137.91;138.92;;;;;;NST - GL;GL;;BERÇO ARM 29;11;19:35;11;20:55;11;21:07;17;15:05;17.0;15:50;17.0;16:45;35000;1.0
ComDragagem2035;5045;23.0;205.0;11.75;0;0;0;10;22:58;1.0;0.08;8.08;9.17;0.0;0.17;0.17;6.31;16.8;23.33;;;;;;SANTOSBR;CGC;;BERÇO TECON 1.2;11;8:10;11;9:25;11;14:58;12;7:50;12.0;8:45;12.0;9:55;1000;3.0
ComDragagem2035;5046;49.0;366.0;15.0;1;0;0;10;23:29;37.58;3.25;1.92;42.75;6.08;0.0;6.08;2.7;38.88;47.67;;;;;;SANTOSBR;CGC;;BERÇO TECON 3;12;18:15;12;19:35;12;21:32;14;12:25;14.0;19:15;14.0;20:30;12500;3.0
ComDragagem2035;5047;23.0;275.0;13.25;0;0;0;10;22:58;1.0;0.08;1.08;2.17;0.0;1.58;1.58;2.06;15.61;19.25;;;;;;SANTOSBR;CGC;;BERÇO TECON 3;11;1:10;11;2:25;11;3:43;11;19:20;11.0;21:40;11.0;22:50;3000;3.0
ComDragagem2035;5048;43.0;339.0;14.0;0;0;0;10;23:29;2.17;0.08;7.83;10.08;0.0;0.67;0.67;2.24;25.92;28.83;;;;;;SANTOSBR;CGC;;BERÇO TECON 2;11;9:35;11;10:50;11;12:19;12;14:15;12.0;15:40;12.0;16:50;6000;3.0
ComDragagem2035;5049;23.0;225.0;0.0;0;0;0;10;20:53;29.25;116.08;4.83;150.17;0.83;1.17;2.0;1.16;78.07;81.25;;;;;;TEG;GSA - E;;BERÇO TEG;17;3:05;17;4:15;17;4:39;20;10:45;20.0;13:30;20.0;14:15;70000;1.0
ComDragagem2035;5050;23.0;225.0;0.0;0;0;0;10;19:55;0.67;0.0;0.83;1.5;0.0;6.25;6.25;4.14;61.75;72.17;;;;;;TGRAO;GSA - E;;BERÇO OUT 2;10;21:25;10;22:45;11;2:08;13;15:55;13.0;22:55;13.0;23:50;70000;1.0
ComDragagem2035;5051;23.0;185.0;11.25;0;0;0;10;21:56;3.17;44.92;0.0;48.08;1.83;2.5;4.33;3.79;29.94;38.08;;;;;;TRANSPETRO;GL;;BERÇO AL 02;12;22:05;12;23:40;13;2:42;14;8:40;14.0;13:45;14.0;15:35;35000;2.0
ComDragagem2035;5052;23.0;225.0;0.0;0;0;0;10;19:56;85.5;152.5;9.75;247.75;0.0;0.08;0.08;1.88;55.1;57.08;;;;;;XXXIX;GSA - E;;BERÇO ARM 37;21;3:45;21;4:50;21;5:57;23;13:05;23.0;13:55;23.0;14:35;70000;1.0
ComDragagem2035;5053;19.0;87.9;5.1;0;0;0;10;14:50;0.0;0.0;1.25;1.25;0.0;0.08;0.08;0.92;55.17;56.17;;;;;;SAIPEM;CGNC;;BERÇO SAIPEM 1;10;16:05;10;17:00;10;17:10;13;0:20;13.0;1:10;13.0;1:40;0;1.0
ComDragagem2035;5054;36.0;225.0;0.0;0;0;0;11;3:09;0.0;0.0;8.83;8.83;0.0;3.25;3.25;1.6;99.0;103.92;;;;;;ARAUCO;CGNC;;BERÇO ARAUCO 2;11;12:00;11;14:10;11;15:01;15;18:05;15.0;22:05;15.0;23:50;55000;1.0
ComDragagem2035;5055;23.0;175.0;0.0;0;0;0;11;6:05;5.75;72.42;3.67;81.83;0.0;0.58;0.58;2.95;57.11;60.67;;;;;;STS;GL;;BERÇO AL 02;14;15:55;14;17:50;14;20:02;17;5:10;17.0;6:30;17.0;8:00;35000;1.0
ComDragagem2035;5056;23.0;185.0;10.25;0;0;0;11;1:05;3.75;72.17;4.17;80.08;1.5;5.17;6.67;5.07;89.37;101.17;;;;;;RUMO - GSM - I;GSM - I;;BERÇO RUMO 2;14;9:10;14;10:25;14;14:44;18;8:10;18.0;15:35;18.0;17:05;45000;2.0
ComDragagem2035;5057;36.0;225.0;0.0;0;0;0;11;3:09;1.25;20.33;4.75;26.33;0.0;0.42;0.42;6.48;99.66;106.58;;;;;;BRACELL;CGNC;;BERÇO ARM 35P2;12;5:30;12;6:45;12;12:28;16;16:10;16.0;17:20;16.0;18:10;55000;1.0
ComDragagem2035;5058;23.0;185.0;8.75;0;0;0;11;1:03;3.67;55.58;5.0;64.25;0.0;1.17;1.17;3.35;13.85;18.42;;;;;;BTP;CGC;;BERÇO BTP 2;13;17:20;13;19:10;13;21:46;14;11:40;14.0;13:35;14.0;15:20;1000;3.0
ComDragagem2035;5059;23.0;215.0;8.25;0;0;0;11;0:00;3.67;39.5;5.0;48.17;0.0;0.42;0.42;2.72;13.85;17.0;;;;;;BTP;CGC;;BERÇO BTP 2;13;0:10;13;2:00;13;3:58;13;17:50;13.0;19:00;13.0;20:45;1000;3.0
ComDragagem2035;5060;23.0;165.0;9.75;0;0;0;11;0:08;4.58;124.83;1.42;130.83;0.0;0.0;0.0;4.41;135.86;140.33;;;;;;BUNGE;GSA - I;;BERÇO ARM 30;16;11:00;16;11:55;16;15:34;22;7:30;22.0;8:15;22.0;9:25;35000;2.0
ComDragagem2035;5061;23.0;225.0;0.0;0;0;0;11;3:07;171.75;492.67;20.0;684.42;0.0;0.0;0.0;28.72;68.98;97.75;;;;;;COFCO;GSA - E;;BERÇO ARM 12A;39;15:35;39;17:05;40;21:03;43;18:05;43.0;18:50;43.0;19:55;70000;1.0
ComDragagem2035;5062;23.0;185.0;0.0;0;0;0;11;5:10;39.75;440.17;20.67;500.58;0.0;0.08;0.08;2.28;39.48;41.92;;;;;;COPESUCAR;GSA - E;;BERÇO ARM 20/21;32;1:45;32;3:10;32;4:41;33;20:15;33.0;21:05;33.0;22:05;45000;1.0
ComDragagem2035;5063;23.0;185.0;0.0;0;0;0;11;4:08;36.92;400.75;17.58;455.25;1.0;0.33;1.33;2.34;39.48;43.17;;;;;;COPESUCAR;GSA - E;;BERÇO ARM 20/21;30;3:25;30;4:50;30;6:25;31;21:55;32.0;0:00;32.0;1:00;45000;1.0
ComDragagem2035;5064;23.0;225.0;0.0;0;0;0;11;2:03;161.42;220.67;10.08;392.17;0.0;0.0;0.0;3.77;58.85;62.67;;;;;;COPESUCAR;GSA - E;;BERÇO ARM 20/21;27;10:15;27;11:40;27;14:41;30;1:35;30.0;2:20;30.0;3:20;70000;1.0
ComDragagem2035;5065;23.0;205.0;0.0;0;0;0;11;5:10;41.17;482.0;22.08;545.25;0.0;0.0;0.0;3.39;21.4;24.83;;;;;;COPESUCAR;GSA - E;;BERÇO ARM 20/21;33;22:25;33;23:50;34;2:28;34;23:55;35.0;0:40;35.0;1:40;55000;1.0
ComDragagem2035;5066;23.0;245.0;8.75;0;0;0;11;0:00;3.17;53.92;12.25;69.33;0.0;1.5;1.5;1.47;17.86;20.83;;;;;;DPW - CGC;CGC;;BERÇO DPW 3;13;21:20;13;22:55;13;23:38;14;17:30;14.0;19:45;14.0;20:55;3000;3.0
ComDragagem2035;5067;23.0;295.0;9.75;0;0;0;11;0:00;3.33;56.0;6.25;65.58;0.0;0.0;0.0;2.38;21.93;24.33;;;;;;DPW - CGC;CGC;;BERÇO DPW 2;13;17:35;13;19:15;13;20:52;14;18:50;14.0;19:35;14.0;21:10;4000;3.0
ComDragagem2035;5068;23.0;175.0;0.0;0;0;0;11;0:03;10.5;169.67;8.17;188.33;0.0;0.67;0.67;4.52;27.04;32.25;;;;;;ELEVACOES;GSA - E;;BERÇO ARM 16/17;18;20:25;18;21:55;19;1:41;20;4:45;20.0;6:10;20.0;7:15;35000;1.0
ComDragagem2035;5069;23.0;225.0;0.0;0;0;0;11;4:09;44.58;164.33;10.75;219.67;0.0;0.25;0.25;5.52;53.25;59.08;;;;;;ELEVACOES;GSA - E;;BERÇO ARM 16/17;20;7:50;20;9:20;20;14:06;22;19:25;22.0;20:25;22.0;21:30;70000;1.0
ComDragagem2035;5070;32.2;205.0;0.0;0;0;0;11;0:01;11.33;172.5;9.17;193.0;0.0;0.25;0.25;2.04;39.16;41.5;;;;;;ELEVACOES;GSA - E;;BERÇO ARM 19;19;1:05;19;2:30;19;3:47;20;19:00;20.0;20:00;20.0;21:00;55000;1.0
ComDragagem2035;5071;23.0;185.0;8.25;0;0;0;11;3:11;0.0;0.0;4.17;4.17;1.67;9.17;10.83;3.73;43.42;58.0;;;;;;GRANEL;GL;;BERÇO IB SP;11;7:25;11;8:50;11;11:48;13;7:15;13.0;18:50;13.0;20:30;35000;2.0
ComDragagem2035;5072;23.0;175.0;9.25;0;0;0;11;3:00;20.83;292.0;3.0;315.83;0.0;0.25;0.25;1.84;223.73;225.83;;;;;;NITA;GSA - I;;BERÇO ARM 13/14;24;6:50;24;8:00;24;9:05;33;16:50;33.0;17:50;33.0;19:15;35000;2.0
ComDragagem2035;5073;23.0;185.0;8.75;0;0;0;11;2:06;0.0;0.0;4.33;4.33;0.0;0.0;0.0;2.22;16.8;19.08;;;;;;SANTOSBR;CGC;;BERÇO TECON 1.1;11;6:30;11;7:45;11;9:13;12;2:05;12.0;2:50;12.0;4:00;1000;3.0
ComDragagem2035;5074;23.0;185.0;8.75;0;0;0;11;2:06;1.25;14.5;8.67;24.42;0.0;1.33;1.33;3.53;16.8;21.67;;;;;;SANTOSBR;CGC;;BERÇO TECON 1.1;12;2:35;12;3:50;12;6:36;12;23:25;13.0;1:30;13.0;2:40;1000;3.0
ComDragagem2035;5075;23.0;265.0;8.25;0;0;0;11;0:00;0.0;9.92;10.75;20.67;0.0;0.0;0.0;5.04;15.61;20.67;;;;;;SANTOSBR;CGC;;BERÇO TECON 3;11;20:40;11;21:55;12;2:12;12;17:50;12.0;18:35;12.0;19:45;3000;3.0
ComDragagem2035;5076;23.0;295.0;10.75;0;0;0;11;3:07;1.25;26.67;7.67;35.58;0.0;3.67;3.67;1.45;21.3;26.42;;;;;;SANTOSBR;CGC;;BERÇO TECON 2;12;14:45;12;16:00;12;16:42;13;14:00;13.0;18:25;13.0;19:35;4000;3.0
ComDragagem2035;5077;23.0;175.0;9.25;0;0;0;11;1:04;0.83;40.08;0.0;40.92;0.0;0.33;0.33;7.33;50.86;58.58;;;;;;TERMAG;GSM - I;;BERÇO TERMAG;12;18:00;12;18:50;13;1:24;15;4:20;15.0;5:25;15.0;6:30;35000;2.0
ComDragagem2035;5078;23.0;195.0;8.25;0;0;1;11;4:10;0.0;0.0;5.17;5.17;1.25;0.5;1.75;2.54;20.97;25.33;;;;;;TEV;RORO;;BERÇO TEV;11;9:20;11;10:40;11;12:27;12;9:30;12.0;12:00;12.0;13:15;1500;3.0
ComDragagem2035;5079;23.0;225.0;0.0;0;0;0;11;0:01;3.5;71.83;3.92;79.25;0.0;0.0;0.0;3.45;39.92;43.42;;;;;;TGG;GSA - E;;BERÇO TGG;14;7:20;14;8:30;14;11:12;16;3:10;16.0;3:55;16.0;4:40;70000;1.0
ComDragagem2035;5080;23.0;225.0;0.0;0;0;0;11;0:02;48.75;295.42;24.17;368.33;0.0;0.0;0.0;3.4;62.19;65.58;;;;;;TIPLAM - GSA - E;GSA - E;;BERÇO TIPLAM 3;26;8:25;26;11:00;26;13:39;29;3:50;29.0;4:35;29.0;6:35;70000;1.0
ComDragagem2035;5081;23.0;225.0;0.0;0;0;0;11;0:02;32.92;244.17;19.58;296.67;0.0;0.08;0.08;4.71;62.19;67.0;;;;;;TIPLAM - GSA - E;GSA - E;;BERÇO TIPLAM 3;23;8:45;23;11:20;23;15:17;26;5:30;26.0;6:20;26.0;8:20;70000;1.0
ComDragagem2035;5082;23.0;185.0;0.0;0;0;0;11;2:04;5.75;64.5;1.75;72.0;0.0;0.33;0.33;2.02;29.94;32.33;;;;;;TRANSPETRO;GL;;BERÇO AL 01;14;2:05;14;4:00;14;5:16;15;11:15;15.0;12:20;15.0;13:50;35000;1.0
ComDragagem2035;5083;23.0;285.0;0.0;0;0;0;11;8:02;0.0;0.0;0.75;0.75;15.42;6.33;21.75;0.75;53.08;75.58;;;;;;TRSP;GL;;BERÇO TRSP;11;8:50;11;10:45;11;10:45;13;15:50;14.0;14:20;14.0;15:50;76500;1.0
ComDragagem2035;5084;23.0;175.0;0.0;0;0;0;11;4:05;0.0;0.0;1.92;1.92;0.42;0.0;0.42;0.75;62.88;64.08;;;;;;VOPAK;GL;;BERÇO AL 04;11;6:00;11;7:55;11;7:55;13;22:50;14.0;0:00;14.0;1:30;35000;1.0
ComDragagem2035;5085;23.0;225.0;0.0;0;0;0;11;0:03;102.83;191.0;10.17;304.0;0.0;0.0;0.0;1.4;55.1;56.5;;;;;;XXXIX;GSA - E;;BERÇO ARM 37;23;16:05;23;17:10;23;17:49;26;0:55;26.0;1:40;26.0;2:20;70000;1.0
ComDragagem2035;5086;36.0;225.0;0.0;0;0;0;12;4:13;0.0;0.0;0.75;0.75;0.0;9.17;9.17;2.75;99.0;110.92;;;;;;ARAUCO;CGNC;;BERÇO ARAUCO 1;12;5:00;12;7:10;12;9:10;16;12:10;16.0;22:05;16.0;23:50;55000;1.0
ComDragagem2035;5087;23.0;215.0;8.75;0;0;0;12;4:09;0.0;0.0;2.25;2.25;0.0;0.0;0.0;1.98;16.8;18.83;;;;;;TECON10;CGC;;BERÇO TECON10 4;12;6:25;12;8:10;12;9:23;13;2:15;13.0;3:00;13.0;4:40;1000;3.0
ComDragagem2035;5088;23.0;185.0;9.25;0;0;0;12;5:14;0.0;0.0;0.0;0.0;0.0;0.0;0.0;1.88;16.8;18.75;;;;;;TECON10;CGC;;BERÇO TECON10 1;12;5:15;12;7:00;12;8:07;13;1:00;13.0;1:45;13.0;3:25;1000;3.0
ComDragagem2035;5089;23.0;255.0;10.25;0;0;0;12;5:14;0.0;0.0;2.33;2.33;0.0;0.08;0.08;6.41;15.61;22.17;;;;;;TECON10;CGC;;BERÇO TECON10 2;12;7:35;12;9:20;12;14:59;13;6:40;13.0;7:30;13.0;9:10;3000;3.0
ComDragagem2035;5090;23.0;255.0;10.25;0;0;0;12;5:14;1.75;15.67;6.83;24.25;0.0;2.5;2.5;4.17;15.61;22.33;;;;;;TECON10;CGC;;BERÇO TECON10 4;13;5:30;13;7:15;13;10:40;14;2:20;14.0;5:35;14.0;7:15;3000;3.0
ComDragagem2035;5091;23.0;295.0;11.25;0;0;0;12;5:11;1.75;13.33;4.08;19.17;0.0;2.83;2.83;2.67;21.3;26.83;;;;;;TECON10;CGC;;BERÇO TECON10 1;13;0:25;13;2:10;13;4:05;14;1:25;14.0;5:00;14.0;6:40;4000;3.0
ComDragagem2035;5092;23.0;225.0;0.0;0;0;0;12;6:10;0.0;0.0;0.5;0.5;0.0;0.0;0.0;2.44;51.12;53.58;;;;;;RUMO - GSA - E;GSA - E;;BERÇO RUMO 1;12;6:40;12;8:15;12;9:56;14;13:05;14.0;13:50;14.0;15:00;70000;1.0
ComDragagem2035;5093;23.0;225.0;0.0;0;0;0;12;8:14;13.33;11.67;1.5;26.5;0.0;0.08;0.08;3.74;51.12;55.0;;;;;;ADM;GSA - E;;BERÇO ARM 39;13;10:45;13;11:50;13;14:49;15;18:00;15.0;18:50;15.0;19:30;70000;1.0
ComDragagem2035;5094;23.0;135.0;7.75;0;0;0;12;4:12;3.67;47.75;4.33;55.75;0.0;0.58;0.58;1.93;20.71;23.25;;;;;;BTP;CGC;;BERÇO BTP 2;14;12:00;14;13:50;14;15:00;15;11:45;15.0;13:05;15.0;14:50;500;3.0
ComDragagem2035;5095;23.0;215.0;8.75;0;0;0;12;2:06;3.67;43.17;2.5;49.33;0.0;0.42;0.42;2.47;13.85;16.75;;;;;;BTP;CGC;;BERÇO BTP 1;14;3:30;14;5:20;14;7:03;14;20:55;14.0;22:05;14.0;23:50;1000;3.0
ComDragagem2035;5096;23.0;215.0;8.75;0;0;0;12;4:12;3.67;57.0;4.33;65.0;0.0;2.08;2.08;2.33;13.85;18.33;;;;;;BTP;CGC;;BERÇO BTP 1;14;21:15;14;23:05;15;0:39;15;14:35;15.0;17:25;15.0;19:10;1000;3.0
ComDragagem2035;5097;23.0;305.0;11.25;0;0;0;12;4:12;5.5;57.92;4.33;67.75;0.0;0.92;0.92;2.11;20.66;23.75;;;;;;BTP;CGC;;BERÇO BTP 3;15;0:00;15;1:50;15;3:11;15;23:55;16.0;1:35;16.0;3:20;4000;3.0
ComDragagem2035;5098;23.0;225.0;0.0;0;0;0;12;6:13;174.5;500.33;21.08;695.92;0.0;0.0;0.0;7.54;68.98;76.58;;;;;;COFCO;GSA - E;;BERÇO ARM 13/14;41;6:10;41;7:40;41;14:27;44;11:30;44.0;12:15;44.0;13:20;70000;1.0
ComDragagem2035;5099;23.0;225.0;0.0;0;0;0;12;9:20;183.83;548.5;22.58;754.92;1.33;0.58;1.92;3.7;68.98;74.67;;;;;;COFCO;GSA - E;;BERÇO ARM 12A;43;20:15;43;21:45;44;0:42;46;21:45;47.0;0:25;47.0;1:30;70000;1.0
ComDragagem2035;5100;23.0;185.0;0.0;0;0;0;12;7:23;54.08;599.92;26.83;680.83;0.0;0.42;0.42;3.09;39.48;43.0;;;;;;COPESUCAR;GSA - E;;BERÇO ARM 20/21;40;16:15;40;17:40;40;20:00;42;11:30;42.0;12:40;42.0;13:40;45000;1.0
ComDragagem2035;5101;23.0;225.0;0.0;0;0;0;12;5:16;128.67;401.67;20.42;550.75;0.0;1.0;1.0;3.85;58.85;63.75;;;;;;COPESUCAR;GSA - E;;BERÇO ARM 20/21;35;4:05;35;5:30;35;8:36;37;19:30;37.0;21:15;37.0;22:15;70000;1.0
ComDragagem2035;5102;23.0;225.0;0.0;0;0;0;12;6:16;147.17;447.83;21.17;616.17;0.0;0.0;0.0;2.88;58.85;61.75;;;;;;COPESUCAR;GSA - E;;BERÇO ARM 20/21;37;22:30;37;23:55;38;2:02;40;12:55;40.0;13:40;40.0;14:40;70000;1.0
ComDragagem2035;5103;23.0;215.0;9.25;0;0;0;12;6:16;2.67;46.83;2.42;51.92;0.0;1.83;1.83;2.59;13.38;17.83;;;;;;DPW - CGC;CGC;;BERÇO DPW 1;14;10:15;14;11:35;14;13:25;15;2:50;15.0;5:25;15.0;7:00;1000;3.0
ComDragagem2035;5104;23.0;275.0;10.25;0;0;0;12;6:16;3.33;54.92;1.42;59.67;0.0;0.83;0.83;2.92;17.86;21.67;;;;;;DPW - CGC;CGC;;BERÇO DPW 2;14;18:00;14;19:40;14;21:50;15;15:45;15.0;17:20;15.0;18:55;3000;3.0
ComDragagem2035;5105;23.0;325.0;10.75;0;0;0;12;6:15;37.67;32.17;0.25;70.08;0.0;1.08;1.08;1.38;21.93;24.42;;;;;;DPW - CGC;CGC;;BERÇO DPW 1;15;4:20;15;5:40;15;6:17;16;4:15;16.0;6:05;16.0;7:40;4000;3.0
ComDragagem2035;5106;23.0;195.0;0.0;0;0;0;12;7:15;13.25;179.42;13.67;206.33;0.0;0.0;0.0;2.91;37.2;40.17;;;;;;ELEVACOES;GSA - E;;BERÇO ARM 19;20;21:35;20;23:00;21;1:09;22;14:25;22.0;15:10;22.0;16:10;45000;1.0
ComDragagem2035;5107;23.0;225.0;0.0;0;0;0;12;7:15;54.67;188.25;12.25;255.17;0.0;0.17;0.17;9.22;53.25;62.67;;;;;;ELEVACOES;GSA - E;;BERÇO ARM 16/17;22;22:25;22;23:55;23;8:23;25;13:40;25.0;14:35;25.0;15:40;70000;1.0
ComDragagem2035;5108;32.2;205.0;0.0;0;0;0;12;7:15;16.08;220.0;13.67;249.75;0.08;0.0;0.08;3.63;39.16;42.92;;;;;;ELEVACOES;GSA - E;;BERÇO ARM 19;22;17:00;22;18:25;22;21:17;24;12:30;24.0;13:20;24.0;14:20;55000;1.0
ComDragagem2035;5109;23.0;135.0;6.75;0;0;0;12;5:13;1.25;17.92;0.5;19.67;0.33;1.5;1.83;2.36;7.08;11.33;;;;;;SANTOSBR;CGC;;BERÇO TECON 1.1;13;0:55;13;2:10;13;3:46;13;10:55;13.0;13:30;13.0;14:40;500;3.0
ComDragagem2035;5110;23.0;185.0;9.25;0;0;0;12;5:13;0.0;2.83;0.0;2.83;1.17;6.5;7.67;3.08;16.8;27.58;;;;;;SANTOSBR;CGC;;BERÇO TECON 1.2;12;8:05;12;9:20;12;11:39;13;4:30;13.0;12:55;13.0;14:05;1000;3.0
ComDragagem2035;5111;49.0;366.0;15.0;1;0;0;12;5:13;60.5;9.67;1.17;71.33;5.83;1.25;7.08;2.15;38.88;48.17;;;;;;SANTOSBR;CGC;;BERÇO TECON 2;15;4:35;15;5:55;15;7:19;16;22:15;17.0;6:05;17.0;7:20;12500;3.0
ComDragagem2035;5112;23.0;295.0;10.75;0;0;0;12;4:10;1.25;40.17;0.0;41.42;0.0;0.08;0.08;1.81;21.3;23.25;;;;;;SANTOSBR;CGC;;BERÇO TECON 1/2;13;21:35;13;22:50;13;23:53;14;21:15;14.0;22:05;14.0;23:15;4000;3.0
ComDragagem2035;5113;43.0;339.0;14.0;0;0;0;12;5:13;1.25;35.33;0.0;36.58;0.0;1.17;1.17;3.09;25.92;30.25;;;;;;SANTOSBR;CGC;;BERÇO TECON 2;13;17:50;13;19:05;13;21:25;14;23:25;15.0;1:20;15.0;2:30;6000;3.0
ComDragagem2035;5114;23.0;185.0;8.75;0;0;1;12;5:14;0.0;12.5;0.0;12.5;1.25;1.83;3.08;4.81;20.97;28.92;;;;;;TEV;RORO;;BERÇO TEV;12;17:45;12;19:05;12;23:08;13;20:10;14.0;0:00;14.0;1:15;1500;3.0
ComDragagem2035;5115;23.0;225.0;0.0;0;0;0;12;5:11;4.67;85.0;5.83;95.5;0.0;3.83;3.83;4.24;39.92;48.0;;;;;;TGG;GSA - E;;BERÇO TGG;16;4:45;16;5:55;16;9:24;18;1:20;18.0;5:55;18.0;6:40;70000;1.0
ComDragagem2035;5116;23.0;225.0;0.0;0;0;0;12;2:11;48.75;289.0;29.25;367.0;0.0;1.0;1.0;4.12;62.19;67.33;;;;;;TIPLAM - GSA - E;GSA - E;;BERÇO TIPLAM 2;27;9:15;27;11:50;27;15:12;30;5:25;30.0;7:10;30.0;9:10;70000;1.0
ComDragagem2035;5117;23.0;225.0;0.0;0;0;0;12;4:14;53.92;322.67;33.83;410.42;0.0;0.42;0.42;4.95;62.19;67.58;;;;;;TIPLAM - GSA - E;GSA - E;;BERÇO TIPLAM 3;29;6:40;29;9:15;29;13:27;32;3:40;32.0;4:50;32.0;6:50;70000;1.0
ComDragagem2035;5118;23.0;195.0;8.25;0;0;0;12;4:09;2.08;34.5;0.0;36.58;0.0;0.17;0.17;8.05;85.0;93.25;;;;;;TIPLAM - GSM - I;GSM - I;;BERÇO TIPLAM 1;13;16:45;13;18:50;14;2:08;17;15:10;17.0;16:05;17.0;18:35;45000;2.0
ComDragagem2035;5119;23.0;155.0;0.0;0;0;0;12;7:08;3.83;33.08;7.17;44.08;0.0;3.5;3.5;14.74;42.57;60.83;;;;;;ULTRACARGO;GL;;BERÇO AL 04;14;3:15;14;5:10;14;19:09;16;13:45;16.0;18:00;16.0;19:30;18000;1.0
ComDragagem2035;5120;23.0;185.0;0.0;0;0;0;12;6:15;1.92;19.0;2.08;23.0;1.17;2.08;3.25;0.75;62.88;66.92;;;;;;VOPAK;GL;;BERÇO AL 03;13;5:15;13;7:10;13;7:10;15;22:05;16.0;2:05;16.0;3:35;35000;1.0
ComDragagem2035;5121;23.0;225.0;0.0;0;0;0;12;8:21;182.33;140.58;9.33;332.25;0.0;0.17;0.17;6.36;55.1;61.67;;;;;;XXXIX;GSA - E;;BERÇO ARM 37;26;4:40;26;5:45;26;11:21;28;18:30;28.0;19:25;28.0;20:05;70000;1.0
ComDragagem2035;5122;17.0;75.2;4.15;0;0;0;12;0:00;0.0;0.0;0.0;0.0;0.0;0.0;0.0;0.83;35.42;36.25;;;;;;SAIPEM;CGNC;;BERÇO SAIPEM 2;12;0:00;12;0:55;12;0:59;13;12:25;13.0;13:10;13.0;13:40;0;1.0
ComDragagem2035;5123;18.0;85.34;4.6;0;0;0;12;20:00;0.0;0.0;1.08;1.08;0.0;0.0;0.0;0.83;30.0;30.83;;;;;;SAIPEM;CGNC;;BERÇO SAIPEM 3;12;21:05;12;22:00;12;22:04;14;4:05;14.0;4:50;14.0;5:20;0;1.0
ComDragagem2035;5124;23.0;185.0;9.75;0;0;0;13;8:23;1.75;19.08;4.75;25.58;0.0;0.25;0.25;2.21;16.8;19.33;;;;;;TECON10;CGC;;BERÇO TECON10 4;14;10:00;14;11:45;14;13:12;15;6:05;15.0;7:05;15.0;8:45;1000;3.0
ComDragagem2035;5125;23.0;205.0;9.25;0;0;0;13;6:19;0.0;0.0;0.08;0.08;0.0;4.67;4.67;2.58;16.8;24.08;;;;;;TECON10;CGC;;BERÇO TECON10 2;13;6:25;13;8:10;13;9:59;14;2:50;14.0;8:15;14.0;9:55;1000;3.0
ComDragagem2035;5126;23.0;255.0;10.75;0;0;0;13;8:23;1.75;17.58;0.0;19.33;0.0;1.33;1.33;3.09;15.61;20.08;;;;;;TECON10;CGC;;BERÇO TECON10 1;14;3:45;14;5:30;14;7:50;14;23:30;15.0;1:35;15.0;3:15;3000;3.0
ComDragagem2035;5127;23.0;255.0;11.25;0;0;0;13;10:28;1.75;17.0;3.08;21.83;0.0;1.83;1.83;2.58;15.61;20.08;;;;;;TECON10;CGC;;BERÇO TECON10 2;14;8:20;14;10:05;14;11:54;15;3:35;15.0;6:10;15.0;7:50;3000;3.0
ComDragagem2035;5128;23.0;225.0;0.0;0;0;0;13;9:19;1.58;29.25;0.0;30.83;0.0;0.25;0.25;3.13;51.12;54.5;;;;;;RUMO - GSA - E;GSA - E;;BERÇO RUMO 1;14;16:10;14;17:45;14;20:07;16;23:15;17.0;0:15;17.0;1:25;70000;1.0
ComDragagem2035;5129;23.0;225.0;14.25;0;0;0;13;5:21;6.25;122.42;5.42;134.08;0.0;0.17;0.17;4.58;111.09;115.83;;;;;;RUMO - GSM - I;GSM - I;;BERÇO RUMO 2;18;19:30;18;20:45;19;0:34;23;15:40;23.0;16:35;23.0;18:05;70000;2.0
ComDragagem2035;5130;23.0;255.0;0.0;0;0;0;13;8:18;31.08;28.58;2.0;61.67;0.0;1.42;1.42;2.56;111.5;115.5;;;;;;ADM;GSA - E;;BERÇO ARM 39;15;22:00;15;23:05;16;0:53;20;16:25;20.0;18:35;20.0;19:15;85000;1.0
ComDragagem2035;5131;23.0;175.0;0.0;0;0;0;13;7:19;0.0;0.0;0.0;0.0;0.0;0.0;0.0;1.14;64.43;65.58;;;;;;AGEO_TERMINAIS;GL;;BERÇO Ageo I;13;7:20;13;9:05;13;9:28;16;1:55;16.0;2:40;16.0;4:00;35000;1.0
ComDragagem2035;5132;36.0;225.0;0.0;0;0;0;13;10:26;0.0;0.0;0.0;0.0;0.75;5.67;6.42;2.23;99.66;108.33;;;;;;BRACELL;CGNC;;BERÇO ARM 35P1;13;10:30;13;11:40;13;13:08;17;16:50;18.0;0:00;18.0;0:45;55000;1.0
ComDragagem2035;5133;23.0;135.0;7.75;0;0;0;13;5:16;3.67;47.08;4.17;54.92;0.0;1.25;1.25;1.76;20.71;23.75;;;;;;BTP;CGC;;BERÇO BTP 2;15;12:15;15;14:05;15;15:05;16;11:50;16.0;13:50;16.0;15:35;500;3.0
ComDragagem2035;5134;23.0;215.0;8.75;0;0;0;13;5:18;3.67;50.67;4.17;58.5;1.08;5.5;6.58;3.4;13.85;23.83;;;;;;BTP;CGC;;BERÇO BTP 1;15;15:50;15;17:40;15;20:19;16;10:10;16.0;17:30;16.0;19:15;1000;3.0
ComDragagem2035;5135;23.0;275.0;11.75;0;0;0;13;5:16;5.5;57.0;4.17;66.67;0.0;1.0;1.0;4.28;14.7;20.0;;;;;;BTP;CGC;;BERÇO BTP 3;16;0:00;16;1:50;16;5:21;16;20:05;16.0;21:50;16.0;23:35;3000;3.0
ComDragagem2035;5136;23.0;205.0;0.0;0;0;0;13;9:24;5.33;99.08;0.0;104.42;0.0;0.67;0.67;0.91;77.19;78.83;;;;;;CITROSUCO;GL;;BERÇO ARM 29;17;17:50;17;19:10;17;19:19;21;0:35;21.0;2:00;21.0;2:55;35000;1.0
ComDragagem2035;5137;23.0;225.0;0.0;0;0;0;13;10:24;180.33;545.5;21.75;747.58;29.42;0.5;29.92;5.69;68.98;104.58;;;;;;COFCO;GSA - E;;BERÇO ARM 13/14;44;14:00;44;15:30;44;20:26;47;17:25;49.0;0:05;49.0;1:10;70000;1.0
ComDragagem2035;5138;23.0;225.0;0.0;0;0;0;13;10:24;202.75;582.92;22.42;808.08;0.0;0.0;0.0;5.65;68.98;74.67;;;;;;COFCO;GSA - E;;BERÇO ARM 12A;47;2:30;47;4:00;47;8:54;50;5:55;50.0;6:40;50.0;7:45;70000;1.0
ComDragagem2035;5139;23.0;195.0;0.0;0;0;0;13;9:31;55.67;621.58;25.25;702.5;0.25;0.0;0.25;2.71;39.48;42.5;;;;;;COPESUCAR;GSA - E;;BERÇO ARM 20/21;42;16:05;42;17:30;42;19:27;44;11:00;44.0;12:00;44.0;13:00;45000;1.0
ComDragagem2035;5140;23.0;185.0;9.25;0;0;0;13;12:27;0.0;0.0;0.08;0.08;0.0;0.25;0.25;3.67;31.91;35.83;;;;;;DOW;GL;;BERÇO DOW;13;12:35;13;13:20;13;16:15;15;0:10;15.0;1:10;15.0;2:10;35000;2.0
ComDragagem2035;5141;23.0;215.0;9.75;0;0;0;13;11:28;4.75;68.08;3.92;76.75;0.0;0.83;0.83;1.64;13.38;15.92;;;;;;DPW - CGC;CGC;;BERÇO DPW 3;16;16:15;16;17:50;16;18:43;17;8:10;17.0;9:45;17.0;10:55;1000;3.0
ComDragagem2035;5142;23.0;215.0;9.75;0;0;0;13;10:28;3.17;51.33;3.33;57.83;0.0;0.25;0.25;2.36;13.38;16.0;;;;;;DPW - CGC;CGC;;BERÇO DPW 3;15;20:20;15;21:55;15;23:31;16;12:55;16.0;13:55;16.0;15:05;1000;3.0
ComDragagem2035;5143;23.0;215.0;9.75;0;0;0;13;8:22;3.17;35.33;1.58;40.08;0.0;0.0;0.0;2.01;13.38;15.42;;;;;;DPW - CGC;CGC;;BERÇO DPW 3;15;0:30;15;2:05;15;3:20;15;16:45;15.0;17:30;15.0;18:40;1000;3.0
ComDragagem2035;5144;23.0;275.0;10.75;0;0;0;13;11:28;5.0;66.08;1.92;73.0;1.58;0.42;2.0;2.28;17.86;22.17;;;;;;DPW - CGC;CGC;;BERÇO DPW 2;16;12:30;16;14:10;16;15:41;17;9:35;17.0;12:20;17.0;13:55;3000;3.0
ComDragagem2035;5145;23.0;275.0;10.75;0;0;0;13;10:28;3.33;48.92;1.33;53.58;0.0;0.25;0.25;1.89;17.86;20.0;;;;;;DPW - CGC;CGC;;BERÇO DPW 2;15;16:05;15;17:45;15;18:53;16;12:45;16.0;13:45;16.0;15:20;3000;3.0
ComDragagem2035;5146;23.0;325.0;11.75;0;0;0;13;10:26;44.0;22.75;0.17;66.92;0.42;0.92;1.33;3.57;21.93;26.83;;;;;;DPW - CGC;CGC;;BERÇO DPW 1;16;5:25;16;6:45;16;9:34;17;7:30;17.0;9:35;17.0;11:10;4000;3.0
ComDragagem2035;5147;36.0;225.0;0.0;0;0;0;13;7:17;0.0;0.0;2.33;2.33;1.17;3.25;4.42;5.98;64.0;74.42;;;;;;DPW - CGNC;CGNC;;BERÇO DPW 4;13;9:40;13;11:15;13;16:28;16;8:30;16.0;13:40;16.0;14:50;55000;1.0
ComDragagem2035;5148;23.0;225.0;0.0;0;0;0;13;8:22;68.17;193.25;12.25;273.67;0.0;0.25;0.25;5.98;53.25;59.5;;;;;;ELEVACOES;GSA - E;;BERÇO ARM 19;24;18:05;24;19:30;25;0:43;27;6:00;27.0;7:00;27.0;8:00;70000;1.0
ComDragagem2035;5149;23.0;185.0;10.25;0;0;0;13;4:18;2.17;43.0;2.17;47.33;0.0;0.08;0.08;5.39;75.33;80.83;;;;;;HIDROVIAS;GSM - I;;BERÇO ARM 22/23;15;3:40;15;4:45;15;9:23;18;12:45;18.0;13:35;18.0;14:55;45000;2.0
ComDragagem2035;5150;23.0;185.0;9.75;0;0;0;13;10:26;1.25;0.08;30.42;31.75;0.0;2.25;2.25;2.53;16.8;21.58;;;;;;SANTOSBR;CGC;;BERÇO TECON 3;14;18:15;14;19:30;14;21:16;15;14:05;15.0;17:05;15.0;18:15;1000;3.0
ComDragagem2035;5151;23.0;275.0;10.75;0;0;0;13;10:26;1.25;21.5;12.25;35.0;0.0;2.75;2.75;1.73;15.61;20.08;;;;;;SANTOSBR;CGC;;BERÇO TECON 1/2;14;21:30;14;22:45;14;23:43;15;15:20;15.0;18:50;15.0;20:00;3000;3.0
ComDragagem2035;5152;23.0;225.0;0.0;0;0;0;13;7:21;40.67;116.0;0.0;156.67;0.0;0.08;0.08;3.37;88.35;91.83;;;;;;TEAG;GSA - E;;BERÇO TEAG;19;20:05;19;21:15;19;23:52;23;16:15;23.0;17:05;23.0;17:50;70000;1.0
ComDragagem2035;5153;23.0;225.0;0.0;0;0;0;13;8:20;480.0;422.42;6.92;909.33;0.0;0.67;0.67;2.09;111.09;113.92;;;;;;TES;GSA - E;;BERÇO ARM 38;51;5:40;51;6:45;51;8:05;55;23:15;56.0;0:40;56.0;1:20;70000;1.0
ComDragagem2035;5154;23.0;225.0;0.0;0;0;0;13;9:23;554.17;464.33;8.67;1027.17;0.0;0.17;0.17;22.03;111.09;133.33;;;;;;TES;GSA - E;;BERÇO ARM 38;56;4:35;56;5:40;57;2:56;61;18:05;61.0;19:00;61.0;19:40;70000;1.0
ComDragagem2035;5155;23.0;195.0;8.75;0;0;1;13;9:28;2.67;36.17;9.58;48.42;0.17;5.42;5.58;3.54;20.97;30.17;;;;;;TEV;RORO;;BERÇO TEV;15;9:55;15;11:15;15;14:02;16;11:05;16.0;17:25;16.0;18:40;1500;3.0
ComDragagem2035;5156;23.0;235.0;8.75;0;0;1;13;7:23;1.33;15.33;3.92;20.58;0.0;1.5;1.5;3.1;19.52;24.17;;;;;;TEV;RORO;;BERÇO TEV;14;4:00;14;5:20;14;7:41;15;3:15;15.0;5:30;15.0;6:45;5000;3.0
ComDragagem2035;5157;23.0;225.0;0.0;0;0;0;13;10:23;5.83;105.67;8.5;120.0;0.0;0.17;0.17;2.55;39.92;42.67;;;;;;TGG;GSA - E;;BERÇO TGG;18;10:25;18;11:35;18;13:23;20;5:20;20.0;6:15;20.0;7:00;70000;1.0
ComDragagem2035;5158;23.0;225.0;0.0;0;0;0;13;8:24;53.92;316.5;38.42;408.83;0.0;0.0;0.0;4.84;62.19;67.08;;;;;;TIPLAM - GSA - E;GSA - E;;BERÇO TIPLAM 2;30;9:15;30;11:50;30;15:55;33;6:10;33.0;6:55;33.0;8:55;70000;1.0
ComDragagem2035;5159;23.0;175.0;9.25;0;0;0;13;7:17;4.17;36.67;9.0;49.83;0.0;0.0;0.0;3.8;72.19;76.0;;;;;;TIPLAM - GSM - I;GSM - I;;BERÇO TIPLAM 4;15;9:10;15;11:15;15;14:18;18;14:30;18.0;15:15;18.0;17:45;35000;2.0
ComDragagem2035;5160;23.0;185.0;0.0;0;0;0;13;10:22;3.83;44.17;3.67;51.67;0.0;2.83;2.83;9.62;29.94;42.42;;;;;;TRANSPETRO;GL;;BERÇO AL 01;15;14:05;15;16:00;16;0:52;17;6:50;17.0;10:25;17.0;11:55;35000;1.0
ComDragagem2035;5161;23.0;215.0;9.75;0;0;0;14;12:34;1.75;15.5;3.58;20.83;0.0;0.08;0.08;2.28;16.8;19.17;;;;;;TECON10;CGC;;BERÇO TECON10 2;15;9:25;15;11:10;15;12:41;16;5:30;16.0;6:20;16.0;8:00;1000;3.0
ComDragagem2035;5162;23.0;185.0;10.25;0;0;0;14;13:36;1.75;14.42;7.25;23.42;1.25;5.33;6.58;3.06;16.8;26.5;;;;;;TECON10;CGC;;BERÇO TECON10 4;15;13:05;15;14:50;15;17:08;16;10:00;16.0;17:20;16.0;19:00;1000;3.0
ComDragagem2035;5163;23.0;255.0;11.25;0;0;0;14;11:29;1.75;10.75;0.25;12.75;1.67;2.0;3.67;4.02;15.61;23.33;;;;;;TECON10;CGC;;BERÇO TECON10 1;15;0:15;15;2:00;15;5:16;15;20:55;16.0;1:20;16.0;3:00;3000;3.0
ComDragagem2035;5164;43.0;339.0;14.0;0;0;0;14;12:34;3.42;11.67;0.33;15.42;12.83;6.75;19.58;2.83;25.92;48.33;;;;;;TECON10;CGC;;BERÇO TECON10 3;15;4:00;15;5:45;15;7:49;16;9:45;17.0;6:05;17.0;7:45;6000;3.0
ComDragagem2035;5165;23.0;155.0;8.75;0;0;0;14;11:28;0.0;0.0;0.75;0.75;1.67;19.33;21.0;1.14;45.88;68.08;;;;;;AGEO_TERMINAIS;GL;;BERÇO IB SP;14;12:15;14;13:40;14;14:03;16;12:00;17.0;9:45;17.0;11:25;18000;2.0
ComDragagem2035;5166;23.0;185.0;9.75;0;0;0;14;12:32;0.0;0.0;0.0;0.0;3.33;13.67;17.0;1.11;64.43;82.58;;;;;;AGEO_TERMINAIS;GL;;BERÇO IB BC;14;12:35;14;14:00;14;14:21;17;6:50;18.0;0:35;18.0;2:15;35000;2.0
ComDragagem2035;5167;23.0;135.0;7.75;0;0;0;14;9:26;3.67;50.67;0.17;54.5;0.0;0.67;0.67;3.09;20.71;24.5;;;;;;BTP;CGC;;BERÇO BTP 1;16;16:00;16;17:50;16;20:10;17;16:55;17.0;18:20;17.0;20:05;500;3.0
ComDragagem2035;5168;23.0;215.0;9.25;0;0;0;14;9:26;3.67;46.92;0.17;50.75;0.0;1.33;1.33;4.61;13.85;19.83;;;;;;BTP;CGC;;BERÇO BTP 2;16;12:15;16;14:05;16;17:56;17;7:50;17.0;9:55;17.0;11:40;1000;3.0
ComDragagem2035;5169;23.0;215.0;9.25;0;0;0;14;8:24;3.67;56.08;0.17;59.92;0.0;0.0;0.0;2.46;13.85;16.33;;;;;;BTP;CGC;;BERÇO BTP 3;16;20:20;16;22:10;16;23:52;17;13:45;17.0;14:30;17.0;16:15;1000;3.0
ComDragagem2035;5170;23.0;245.0;12.75;0;0;0;14;9:27;5.5;65.17;0.17;70.83;0.0;2.92;2.92;1.67;14.7;19.33;;;;;;BTP;CGC;;BERÇO BTP 2;17;8:20;17;10:10;17;11:05;18;1:50;18.0;5:30;18.0;7:15;3000;3.0
ComDragagem2035;5171;23.0;295.0;12.75;0;0;0;14;9:26;12.67;71.5;0.33;84.5;0.5;2.0;2.5;2.96;20.66;26.17;;;;;;BTP;CGC;;BERÇO BTP 3;17;22:00;17;23:50;18;2:02;18;22:45;19.0;2:00;19.0;3:45;4000;3.0
ComDragagem2035;5172;23.0;225.0;0.0;0;0;0;14;12:30;242.92;564.25;32.58;839.75;0.0;0.08;0.08;15.45;68.98;84.58;;;;;;COFCO;GSA - E;;BERÇO ARM 13/14;49;12:15;49;13:45;50;4:27;53;1:30;53.0;2:20;53.0;3:25;70000;1.0
ComDragagem2035;5173;23.0;225.0;0.0;0;0;0;14;12:31;247.58;576.67;35.0;859.25;1.58;1.75;3.33;4.44;68.98;76.75;;;;;;COFCO;GSA - E;;BERÇO ARM 12A;50;7:50;50;9:20;50;13:01;53;10:00;53.0;14:05;53.0;15:10;70000;1.0
ComDragagem2035;5174;23.0;175.0;0.0;0;0;0;14;12:35;0.0;0.0;0.25;0.25;0.0;1.58;1.58;17.17;57.8;76.58;;;;;;CUTRALE - GL;GL;;BERÇO CUTRALE;14;12:50;14;13:55;15;6:20;17;16:10;17.0;18:30;17.0;19:10;35000;1.0
ComDragagem2035;5175;23.0;185.0;10.25;0;0;0;14;12:35;5.0;61.33;5.42;71.75;0.0;0.58;0.58;2.61;13.38;16.58;;;;;;DPW - CGC;CGC;;BERÇO DPW 2;17;12:20;17;14:00;17;15:51;18;5:15;18.0;6:35;18.0;8:10;1000;3.0
ComDragagem2035;5176;23.0;255.0;11.25;0;0;0;14;12:34;4.75;61.58;15.33;81.67;0.0;0.5;0.5;2.64;17.86;21.0;;;;;;DPW - CGC;CGC;;BERÇO DPW 3;17;22:15;17;23:50;18;1:43;18;19:35;18.0;20:50;18.0;22:00;3000;3.0
ComDragagem2035;5177;23.0;305.0;12.25;0;0;0;14;11:30;4.0;64.25;0.83;69.08;1.5;1.58;3.08;2.64;21.93;27.67;;;;;;DPW - CGC;CGC;;BERÇO DPW 1;17;8:35;17;9:55;17;11:48;18;9:45;18.0;13:35;18.0;15:10;4000;3.0
ComDragagem2035;5178;23.0;175.0;0.0;0;0;0;14;10:28;26.5;229.67;13.67;269.83;0.0;0.17;0.17;4.05;27.04;31.25;;;;;;ELEVACOES;GSA - E;;BERÇO ARM 16/17;25;16:20;25;17:50;25;21:08;27;0:10;27.0;1:05;27.0;2:10;35000;1.0
ComDragagem2035;5179;32.2;205.0;0.0;0;0;0;14;10:28;28.42;261.42;20.08;309.92;0.0;0.25;0.25;3.22;39.16;42.67;;;;;;ELEVACOES;GSA - E;;BERÇO ARM 19;27;8:25;27;9:50;27;12:18;29;3:30;29.0;4:30;29.0;5:30;55000;1.0
ComDragagem2035;5180;23.0;215.0;9.75;0;0;0;14;12:33;1.25;0.0;30.75;32.0;1.17;4.17;5.33;3.97;16.8;26.17;;;;;;SANTOSBR;CGC;;BERÇO TECON 1.2;15;20:35;15;21:50;16;1:03;16;17:55;17.0;0:00;17.0;1:10;1000;3.0
ComDragagem2035;5181;23.0;255.0;11.25;0;0;0;14;11:30;1.25;23.08;4.5;28.83;0.0;0.08;0.08;4.06;15.61;19.75;;;;;;SANTOSBR;CGC;;BERÇO TECON 3;15;16:20;15;17:35;15;20:53;16;12:30;16.0;13:20;16.0;14:30;3000;3.0
ComDragagem2035;5182;23.0;295.0;12.75;0;0;0;14;13:35;2.5;27.5;17.17;47.17;0.0;0.0;0.0;3.28;21.3;24.58;;;;;;SANTOSBR;CGC;;BERÇO TECON 3;16;12:45;16;14:00;16;16:31;17;13:50;17.0;14:35;17.0;15:45;4000;3.0
ComDragagem2035;5183;23.0;175.0;10.25;0;0;0;14;9:29;3.17;37.5;6.25;46.92;0.0;0.58;0.58;4.49;59.07;64.17;;;;;;STOLTHAVEN;GL;;BERÇO AL 03;16;8:25;16;10:00;16;13:44;19;0:50;19.0;2:10;19.0;4:00;35000;2.0
ComDragagem2035;5184;23.0;185.0;12.25;0;0;0;14;9:32;6.92;138.08;5.5;150.5;0.0;0.0;0.0;3.81;89.37;93.25;;;;;;TERMAG;GSM - I;;BERÇO TERMAG;20;16:05;20;16:55;20;19:58;24;13:25;24.0;14:10;24.0;15:15;45000;2.0
ComDragagem2035;5185;23.0;225.0;14.25;0;0;0;14;6:25;0.83;22.25;4.67;27.75;1.92;1.42;3.33;6.88;111.09;121.33;;;;;;TERMAG;GSM - I;;BERÇO TERMAG;15;10:10;15;11:00;15;17:07;20;8:15;20.0;12:20;20.0;13:25;70000;2.0
ComDragagem2035;5186;23.0;225.0;0.0;0;0;0;14;11:29;406.83;720.5;11.75;1139.08;0.0;0.0;0.0;2.7;111.09;113.83;;;;;;TES;GSA - E;;BERÇO ARM 38;61;22:35;61;23:40;62;1:37;66;16:45;66.0;17:30;66.0;18:10;70000;1.0
ComDragagem2035;5187;23.0;225.0;0.0;0;0;0;14;11:27;643.75;603.33;8.25;1255.33;0.0;0.0;0.0;6.31;111.09;117.42;;;;;;TES;GSA - E;;BERÇO ARM 38;66;18:50;66;19:55;67;1:28;71;16:35;71.0;17:20;71.0;18:00;70000;1.0
ComDragagem2035;5188;23.0;195.0;8.75;0;0;1;14;10:30;2.67;50.25;5.67;58.58;1.25;1.42;2.67;2.07;20.97;25.75;;;;;;TEV;RORO;;BERÇO TEV;16;21:05;16;22:25;16;23:44;17;20:45;18.0;0:10;18.0;1:25;1500;3.0
ComDragagem2035;5189;23.0;165.0;9.75;0;0;0;14;9:22;6.25;75.67;0.0;81.92;2.5;5.33;7.83;3.39;18.55;29.83;;;;;;TIPLAM - GL;GL;;BERÇO TIPLAM 1;17;19:20;17;21:25;18;0:03;18;18:40;19.0;3:15;19.0;5:45;18000;2.0
ComDragagem2035;5190;23.0;225.0;0.0;0;0;0;14;10:27;56.5;334.42;37.5;428.42;0.0;0.42;0.42;5.04;62.19;67.67;;;;;;TIPLAM - GSA - E;GSA - E;;BERÇO TIPLAM 3;32;6:55;32;9:30;32;13:47;35;4:00;35.0;5:10;35.0;7:10;70000;1.0
ComDragagem2035;5191;23.0;225.0;10.25;0;0;0;14;14:39;12.92;84.42;15.5;112.83;4.83;0.58;5.42;2.99;104.45;112.92;;;;;;TIPLAM - GSM - I;GSM - I;;BERÇO TIPLAM 1;19;7:30;19;10:05;19;12:19;23;20:50;24.0;3:00;24.0;5:00;70000;2.0
ComDragagem2035;5192;23.0;225.0;10.25;0;0;0;14;12:34;8.33;81.58;11.33;101.25;0.0;0.0;0.0;1.09;104.45;105.58;;;;;;TIPLAM - GSM - I;GSM - I;;BERÇO TIPLAM 4;18;17:50;18;19:55;18;20:15;23;4:45;23.0;5:30;23.0;8:00;70000;2.0
ComDragagem2035;5193;23.0;225.0;0.0;0;0;0;14;14:37;185.42;151.08;6.92;343.42;0.0;0.0;0.0;4.22;55.1;59.33;;;;;;XXXIX;GSA - E;;BERÇO ARM 37;28;22:05;28;23:10;29;2:38;31;9:45;31.0;10:30;31.0;11:10;70000;1.0
ComDragagem2035;5194;33.0;177.9;8.2;0;0;0;14;4:00;0.0;0.0;0.25;0.25;0.0;0.0;0.0;0.83;63.58;64.42;;;;;;SAIPEM;CGNC;;BERÇO SAIPEM 1;14;4:15;14;5:10;14;5:14;16;20:50;16.0;21:35;16.0;22:05;0;1.0
ComDragagem2035;5195;23.0;135.0;7.25;0;0;0;15;17:44;1.75;10.33;4.08;16.17;1.67;1.17;2.83;2.36;7.08;12.33;;;;;;TECON10;CGC;;BERÇO TECON10 2;16;9:55;16;11:40;16;13:16;16;20:25;17.0;0:00;17.0;1:40;500;3.0
ComDragagem2035;5196;49.0;366.0;15.0;1;0;0;15;17:44;31.67;1.08;1.5;34.25;14.08;2.08;16.17;4.11;38.88;59.17;;;;;;TECON10;CGC;;BERÇO TECON10 1;17;4:00;17;5:50;17;9:11;19;0:05;19.0;17:00;19.0;18:45;12500;3.0
ComDragagem2035;5197;23.0;235.0;12.25;0;0;0;15;17:45;1.75;4.75;0.0;6.5;1.67;2.67;4.33;2.62;15.61;22.58;;;;;;TECON10;CGC;;BERÇO TECON10 1;16;0:15;16;2:00;16;3:52;16;19:30;17.0;0:35;17.0;2:15;3000;3.0
ComDragagem2035;5198;23.0;155.0;10.25;0;0;0;15;15:47;0.0;0.0;4.25;4.25;5.0;24.25;29.25;3.48;32.32;65.08;;;;;;ADONAI;GL;;BERÇO IB OE;15;20:05;15;21:30;16;0:13;17;8:35;18.0;14:35;18.0;16:15;18000;2.0
ComDragagem2035;5199;23.0;185.0;9.75;0;0;0;15;12:37;5.5;73.67;0.33;79.5;0.0;0.08;0.08;2.43;13.85;16.42;;;;;;BTP;CGC;;BERÇO BTP 2;18;20:10;18;22:00;18;23:40;19;13:35;19.0;14:25;19.0;16:10;1000;3.0
ComDragagem2035;5200;23.0;215.0;9.25;0;0;0;15;11:34;3.67;49.25;0.33;53.25;1.25;1.67;2.92;2.18;13.85;19.0;;;;;;BTP;CGC;;BERÇO BTP 1;17;16:50;17;18:40;17;20:05;18;10:00;18.0;13:40;18.0;15:25;1000;3.0
ComDragagem2035;5201;23.0;215.0;9.25;0;0;0;15;11:34;5.5;58.33;0.33;64.17;0.0;0.25;0.25;2.21;13.85;16.33;;;;;;BTP;CGC;;BERÇO BTP 2;18;3:45;18;5:35;18;7:02;18;20:55;18.0;21:55;18.0;23:40;1000;3.0
ComDragagem2035;5202;23.0;295.0;13.25;0;0;0;15;12:35;10.5;60.58;0.33;71.42;0.5;0.17;0.67;4.25;20.66;25.58;;;;;;BTP;CGC;;BERÇO BTP 1;18;12:00;18;13:50;18;17:20;19;14:00;19.0;15:25;19.0;17:10;4000;3.0
ComDragagem2035;5203;23.0;185.0;10.25;0;0;0;15;9:38;8.33;156.0;4.0;168.33;0.0;0.0;0.0;4.2;131.03;135.25;;;;;;BUNGE;GSA - I;;BERÇO ARM 30;22;10:00;22;10:55;22;14:22;28;1:25;28.0;2:10;28.0;3:20;45000;2.0
ComDragagem2035;5205;23.0;195.0;0.0;0;0;0;15;14:49;170.33;508.67;16.5;695.5;1.0;1.25;2.25;2.91;39.48;44.67;;;;;;COPESUCAR;GSA - E;;BERÇO ARM 20/21;44;14:20;44;15:45;44;17:54;46;9:25;46.0;12:25;46.0;13:25;45000;1.0
ComDragagem2035;5206;23.0;225.0;0.0;0;0;0;15;16:52;188.08;536.5;16.5;741.08;0.0;0.0;0.0;4.14;58.85;63.0;;;;;;COPESUCAR;GSA - E;;BERÇO ARM 20/21;46;14:00;46;15:25;46;18:48;49;5:40;49.0;6:25;49.0;7:25;70000;1.0
ComDragagem2035;5207;23.0;205.0;10.75;0;0;0;15;16:44;5.0;43.67;15.33;64.0;0.0;0.42;0.42;3.15;13.38;17.0;;;;;;DPW - CGC;CGC;;BERÇO DPW 2;18;8:45;18;10:25;18;12:49;19;2:15;19.0;3:25;19.0;5:00;1000;3.0
ComDragagem2035;5208;49.0;366.0;15.0;1;0;0;15;16:44;58.33;8.67;0.5;67.5;8.08;0.75;8.83;2.31;41.74;52.92;;;;;;DPW - CGC;CGC;;BERÇO DPW 1;18;12:15;18;13:40;18;15:13;20;9:00;20.0;18:35;20.0;20:15;12500;3.0
ComDragagem2035;5209;36.0;225.0;0.0;0;0;0;15;14:38;0.0;0.0;0.5;0.5;0.83;8.83;9.67;5.72;36.9;52.33;;;;;;ELDORADO;CGNC;;BERÇO ARM 31;15;15:10;15;16:25;15;21:23;17;10:20;17.0;20:45;17.0;21:35;55000;1.0
ComDragagem2035;5210;23.0;185.0;0.0;0;0;0;15;13:38;78.5;184.92;15.67;279.08;1.08;1.58;2.67;2.97;37.2;42.83;;;;;;ELEVACOES;GSA - E;;BERÇO ARM 16/17;27;4:45;27;6:15;27;8:28;28;21:40;29.0;1:05;29.0;2:10;45000;1.0
ComDragagem2035;5211;23.0;235.0;0.0;0;0;0;15;15:42;139.33;170.75;18.42;328.5;0.0;0.08;0.08;1.71;53.25;55.08;;;;;;ELEVACOES;GSA - E;;BERÇO ARM 16/17;29;8:15;29;9:45;29;10:42;31;16:00;31.0;16:50;31.0;17:55;70000;1.0
ComDragagem2035;5212;23.0;215.0;10.25;0;0;0;15;16:43;0.0;0.0;5.0;5.0;0.0;0.5;0.5;5.55;16.8;22.92;;;;;;SANTOSBR;CGC;;BERÇO TECON 1.1;15;21:45;15;23:00;16;3:48;16;20:40;16.0;21:55;16.0;23:05;1000;3.0
ComDragagem2035;5213;23.0;185.0;10.25;0;0;0;15;14:38;1.25;0.08;29.33;30.67;1.17;4.75;5.92;2.64;16.8;25.42;;;;;;SANTOSBR;CGC;;BERÇO TECON 1.1;16;21:20;16;22:35;17;0:28;17;17:20;18.0;0:00;18.0;1:10;1000;3.0
ComDragagem2035;5214;23.0;275.0;11.75;0;0;0;15;16:44;2.5;6.08;27.92;36.5;0.0;4.33;4.33;3.36;15.61;23.33;;;;;;SANTOSBR;CGC;;BERÇO TECON 2;17;5:15;17;6:30;17;9:06;18;0:45;18.0;5:50;18.0;7:00;3000;3.0
ComDragagem2035;5215;23.0;185.0;10.25;0;0;0;15;12:35;3.17;31.0;9.33;43.5;0.0;0.42;0.42;7.64;59.07;67.17;;;;;;STOLTHAVEN;GL;;BERÇO AL 02;17;8:05;17;9:40;17;16:33;20;3:40;20.0;4:50;20.0;6:40;35000;2.0
ComDragagem2035;5216;23.0;225.0;0.0;0;0;0;15;15:38;22.83;95.58;3.83;122.25;0.83;0.0;0.83;0.8;78.07;79.75;;;;;;TEG;GSA - E;;BERÇO TEG;20;17:55;20;19:05;20;19:08;24;1:15;24.0;2:50;24.0;3:35;70000;1.0
ComDragagem2035;5217;23.0;225.0;14.25;0;0;0;15;15:42;17.5;199.75;0.0;217.25;0.0;0.83;0.83;4.02;111.09;116.0;;;;;;TERMAG;GSM - I;;BERÇO TERMAG;24;17:00;24;17:50;24;21:06;29;12:15;29.0;13:50;29.0;14:55;70000;2.0
ComDragagem2035;5218;23.0;235.0;9.25;0;0;1;15;15:44;4.0;52.5;4.0;60.5;0.0;1.08;1.08;2.96;19.52;23.58;;;;;;TEV;RORO;;BERÇO TEV;18;4:15;18;5:35;18;7:47;19;3:20;19.0;5:10;19.0;6:25;5000;3.0
ComDragagem2035;5219;23.0;225.0;0.0;0;0;0;15;14:43;5.83;98.25;10.67;114.75;0.0;0.17;0.17;2.37;39.92;42.5;;;;;;TGG;GSA - E;;BERÇO TGG;20;9:30;20;10:40;20;12:17;22;4:15;22.0;5:10;22.0;5:55;70000;1.0
ComDragagem2035;5220;23.0;155.0;0.0;0;0;0;15;15:39;3.83;35.92;4.58;44.33;0.83;2.75;3.58;4.88;28.37;36.83;;;;;;TRANSPETRO;GL;;BERÇO AL 01;17;12:00;17;13:55;17;18:02;18;22:25;19.0;2:45;19.0;4:15;18000;1.0
ComDragagem2035;5221;23.0;185.0;0.0;0;0;0;15;16:41;7.67;67.92;11.75;87.33;1.5;10.33;11.83;2.67;29.94;44.5;;;;;;TRANSPETRO;GL;;BERÇO AL 01;19;8:05;19;10:00;19;11:55;20;17:55;21.0;6:30;21.0;8:00;35000;1.0
ComDragagem2035;5222;23.0;165.0;9.25;0;0;0;15;17:45;1.58;16.92;7.83;26.33;1.83;9.83;11.67;0.75;41.58;54.0;;;;;;VOPAK;GL;;BERÇO AL 04;16;20:05;16;21:40;16;21:40;18;15:15;19.0;3:40;19.0;5:30;18000;2.0
ComDragagem2035;5223;23.0;185.0;10.75;0;0;0;15;17:43;6.33;63.25;16.42;86.0;0.0;1.0;1.0;0.75;62.88;64.67;;;;;;VOPAK;GL;;BERÇO AL 03;19;7:45;19;9:20;19;9:20;22;0:15;22.0;2:00;22.0;3:50;35000;2.0
ComDragagem2035;5224;18.0;76.0;6.0;0;0;0;15;16:20;0.0;0.0;0.25;0.25;0.0;0.17;0.17;0.83;22.5;23.5;;;;;;SAIPEM;CGNC;;BERÇO SAIPEM 2;15;16:35;15;17:30;15;17:34;16;16:05;16.0;17:00;16.0;17:30;0;1.0
ComDragagem2035;5225;23.0;135.0;7.25;0;0;0;16;18:49;1.75;3.5;4.67;9.92;0.0;3.25;3.25;2.52;7.08;12.92;;;;;;TECON10;CGC;;BERÇO TECON10 3;17;4:45;17;6:30;17;8:16;17;15:25;17.0;19:25;17.0;21:05;500;3.0
ComDragagem2035;5226;23.0;265.0;12.25;0;0;0;16;18:49;1.75;3.5;2.5;7.75;1.67;0.33;2.0;2.02;15.61;19.67;;;;;;TECON10;CGC;;BERÇO TECON10 2;17;2:35;17;4:20;17;5:36;17;21:15;18.0;0:00;18.0;1:40;3000;3.0
ComDragagem2035;5227;23.0;155.0;9.75;0;0;0;16;16:46;0.0;0.0;3.75;3.75;1.67;3.25;4.92;1.0;45.88;51.83;;;;;;AGEO_TERMINAIS;GL;;BERÇO Ageo I;16;20:35;16;22:00;16;22:15;18;20:10;19.0;1:50;19.0;3:30;18000;2.0
ComDragagem2035;5228;23.0;135.0;7.75;0;0;0;16;20:54;5.5;58.08;0.17;63.75;0.0;1.33;1.33;9.59;20.71;31.67;;;;;;BTP;CGC;;BERÇO BTP 2;19;12:40;19;14:30;19;23:20;20;20:05;20.0;22:10;20.0;23:55;500;3.0
ComDragagem2035;5229;23.0;135.0;7.75;0;0;0;16;18:51;5.5;47.67;0.17;53.33;0.0;0.0;0.0;5.86;20.71;26.58;;;;;;BTP;CGC;;BERÇO BTP 3;19;0:15;19;2:05;19;7:11;20;3:55;20.0;4:40;20.0;6:25;500;3.0
ComDragagem2035;5230;23.0;185.0;10.25;0;0;0;16;18:51;5.5;68.92;0.17;74.58;0.0;1.67;1.67;10.8;13.85;26.33;;;;;;BTP;CGC;;BERÇO BTP 1;19;21:30;19;23:20;20;9:23;20;23:15;21.0;1:40;21.0;3:25;1000;3.0
ComDragagem2035;5231;23.0;295.0;14.25;0;0;0;16;20:54;14.17;63.75;0.17;78.08;0.0;0.0;0.0;4.44;20.66;25.17;;;;;;BTP;CGC;;BERÇO BTP 3;20;3:00;20;4:50;20;8:31;21;5:15;21.0;6:00;21.0;7:45;4000;3.0
ComDragagem2035;5232;23.0;225.0;0.0;0;0;0;16;16:47;264.25;574.0;36.75;875.0;0.0;2.0;2.0;4.6;68.98;75.58;;;;;;COFCO;GSA - E;;BERÇO ARM 13/14;53;3:50;53;5:20;53;9:11;56;6:10;56.0;8:55;56.0;10:00;70000;1.0
ComDragagem2035;5233;23.0;225.0;0.0;0;0;0;16;16:47;271.83;577.83;37.5;887.17;1.08;0.92;2.0;7.48;68.98;78.5;;;;;;COFCO;GSA - E;;BERÇO ARM 12A;53;16:00;53;17:30;54;0:13;56;21:15;57.0;0:00;57.0;1:05;70000;1.0
ComDragagem2035;5234;23.0;195.0;0.0;0;0;0;16;17:56;234.75;529.42;22.33;786.5;0.0;0.0;0.0;2.99;39.48;42.5;;;;;;COPESUCAR;GSA - E;;BERÇO ARM 20/21;49;12:30;49;13:55;49;16:09;51;7:40;51.0;8:25;51.0;9:25;45000;1.0
ComDragagem2035;5235;23.0;195.0;11.25;0;0;0;16;18:51;3.17;31.5;16.5;51.17;0.0;0.0;0.0;3.69;13.38;17.08;;;;;;DPW - CGC;CGC;;BERÇO DPW 3;18;22:05;18;23:40;19;2:36;19;16:00;19.0;16:45;19.0;17:55;1000;3.0
ComDragagem2035;5236;23.0;275.0;12.25;0;0;0;16;18:51;5.0;47.58;10.5;63.08;0.0;1.92;1.92;2.57;17.86;22.42;;;;;;DPW - CGC;CGC;;BERÇO DPW 2;19;10:00;19;11:40;19;13:29;20;7:25;20.0;10:05;20.0;11:40;3000;3.0
ComDragagem2035;5237;36.0;225.0;0.0;0;0;0;16;19:52;0.0;0.92;0.0;0.92;0.0;0.0;0.0;2.78;64.0;66.83;;;;;;DPW - CGNC;CGNC;;BERÇO DPW 4;16;20:50;16;22:25;17;0:26;19;16:30;19.0;17:15;19.0;18:25;55000;1.0
ComDragagem2035;5238;23.0;175.0;0.0;0;0;0;16;18:53;28.42;247.17;24.83;300.42;0.0;0.0;0.0;4.2;27.04;31.25;;;;;;ELEVACOES;GSA - E;;BERÇO ARM 19;29;7:20;29;8:45;29;12:12;30;15:15;30.0;16:00;30.0;17:00;35000;1.0
ComDragagem2035;5239;23.0;225.0;0.0;0;0;0;16;18:51;91.17;221.0;22.33;334.5;0.0;0.0;0.0;1.84;53.25;55.08;;;;;;ELEVACOES;GSA - E;;BERÇO ARM 19;30;17:25;30;18:50;30;19:55;33;1:10;33.0;1:55;33.0;2:55;70000;1.0
ComDragagem2035;5240;32.2;205.0;0.0;0;0;0;16;18:53;32.5;299.33;27.25;359.08;0.0;0.33;0.33;2.45;39.16;42.0;;;;;;ELEVACOES;GSA - E;;BERÇO ARM 16/17;31;18:00;31;19:30;31;21:12;33;12:25;33.0;13:30;33.0;14:35;55000;1.0
ComDragagem2035;5241;23.0;215.0;10.75;0;0;0;16;18:48;1.25;4.0;2.75;8.0;0.0;6.5;6.5;3.3;16.8;26.67;;;;;;SANTOSBR;CGC;;BERÇO TECON 1.2;17;2:50;17;4:05;17;6:38;17;23:30;18.0;6:45;18.0;7:55;1000;3.0
ComDragagem2035;5242;49.0;366.0;15.0;1;0;0;16;18:49;28.33;5.83;0.08;34.25;2.5;0.25;2.75;4.03;38.88;45.67;;;;;;SANTOSBR;CGC;;BERÇO TECON 2;18;5:05;18;6:25;18;9:41;20;0:35;20.0;4:05;20.0;5:20;12500;3.0
ComDragagem2035;5243;23.0;265.0;12.25;0;0;0;16;18:48;1.25;17.75;0.33;19.33;1.17;1.5;2.67;3.49;15.61;21.83;;;;;;SANTOSBR;CGC;;BERÇO TECON 3;17;14:10;17;15:25;17;18:09;18;9:50;18.0;13:15;18.0;14:25;3000;3.0
ComDragagem2035;5244;23.0;225.0;0.0;0;0;0;16;15:42;40.17;130.33;0.0;170.5;0.0;1.33;1.33;1.41;88.35;91.17;;;;;;TEAG;GSA - E;;BERÇO TEAG;23;18:15;23;19:25;23;20:04;27;12:30;27.0;14:35;27.0;15:20;70000;1.0
ComDragagem2035;5245;23.0;225.0;0.0;0;0;0;16;14:44;472.67;838.92;11.75;1323.33;0.0;0.0;0.0;18.05;111.09;129.17;;;;;;TES;GSA - E;;BERÇO ARM 38;71;18:05;71;19:10;72;12:28;77;3:35;77.0;4:20;77.0;5:00;70000;1.0
ComDragagem2035;5246;23.0;225.0;0.0;0;0;0;16;17:57;497.42;941.25;12.42;1451.08;0.0;0.0;0.0;10.52;111.09;121.67;;;;;;TES;GSA - E;;BERÇO ARM 38;77;5:05;77;6:10;77;15:56;82;7:05;82.0;7:50;82.0;8:30;70000;1.0
ComDragagem2035;5247;23.0;225.0;0.0;0;0;0;16;15:46;8.92;114.83;10.67;134.42;0.58;0.25;0.83;4.39;39.92;45.17;;;;;;TGG;GSA - E;;BERÇO TGG;22;6:15;22;7:25;22;11:03;24;3:00;24.0;4:35;24.0;5:20;70000;1.0
ComDragagem2035;5248;38.0;250.0;0.0;0;0;0;16;17:48;53.92;318.08;27.5;399.5;0.0;1.17;1.17;2.55;73.55;77.33;;;;;;TIPLAM - GSA - E;GSA - E;;BERÇO TIPLAM 2;33;9:20;33;11:55;33;13:43;36;15:20;36.0;17:15;36.0;19:15;85000;1.0
ComDragagem2035;5249;23.0;225.0;13.25;0;0;0;16;16:47;16.5;122.58;20.5;159.58;1.25;1.58;2.83;3.77;104.45;111.08;;;;;;TIPLAM - GSM - I;GSM - I;;BERÇO TIPLAM 4;23;8:25;23;10:30;23;13:31;27;22:00;28.0;1:35;28.0;4:05;70000;2.0
ComDragagem2035;5250;23.0;295.0;0.0;0;0;0;16;11:44;0.0;0.0;0.25;0.25;12.18;6.98;19.17;0.75;53.08;73.0;;;;;;TRSP;GL;;BERÇO TRSP;16;12:00;16;13:55;16;13:55;18;19:00;19.0;14:55;19.0;16:25;76500;1.0
ComDragagem2035;5251;38.0;250.0;0.0;0;0;0;16;17:52;183.5;162.75;8.08;354.33;0.0;0.08;0.08;2.12;90.23;92.5;;;;;;XXXIX;GSA - E;;BERÇO ARM 37;31;12:15;31;13:20;31;14:42;35;9:00;35.0;9:50;35.0;10:30;85000;1.0
ComDragagem2035;5252;36.0;225.0;0.0;0;0;0;17;21:40;0.0;0.0;0.08;0.08;0.0;3.0;3.0;0.96;99.0;103.0;;;;;;ARAUCO;CGNC;;BERÇO ARAUCO 1;17;21:45;17;23:55;18;0:07;22;3:10;22.0;6:55;22.0;8:40;55000;1.0
ComDragagem2035;5253;23.0;205.0;11.75;0;0;0;17;22:48;1.17;0.0;9.67;10.83;1.67;4.92;6.58;3.41;16.8;26.83;;;;;;TECON10;CGC;;BERÇO TECON10 4;18;9:40;18;11:25;18;14:04;19;6:55;19.0;14:15;19.0;15:55;1000;3.0
ComDragagem2035;5254;23.0;265.0;13.25;0;0;0;17;22:58;1.0;0.0;2.58;3.58;1.67;3.58;5.25;2.35;15.61;23.25;;;;;;TECON10;CGC;;BERÇO TECON10 3;18;2:35;18;4:20;18;5:56;18;21:35;19.0;3:35;19.0;5:15;3000;3.0
ComDragagem2035;5255;23.0;255.0;0.0;0;0;0;17;22:58;1.0;0.0;2.83;3.83;0.0;0.67;0.67;5.07;111.5;117.25;;;;;;RUMO - GSA - E;GSA - E;;BERÇO RUMO 1;18;2:50;18;4:25;18;8:44;23;0:15;23.0;1:40;23.0;2:50;85000;1.0
ComDragagem2035;5256;23.0;165.0;11.25;0;0;0;17;23:08;0.83;0.0;8.5;9.33;2.0;7.92;9.92;1.83;45.88;57.67;;;;;;AGEO_TERMINAIS;GL;;BERÇO IB BC;18;8:30;18;9:55;18;10:59;20;8:55;20.0;19:35;20.0;21:15;18000;2.0
ComDragagem2035;5257;23.0;195.0;11.75;0;0;0;17;23:11;8.17;64.5;0.08;72.75;0.0;2.25;2.25;1.6;13.85;17.75;;;;;;BTP;CGC;;BERÇO BTP 1;21;0:00;21;1:50;21;2:41;21;16:35;21.0;19:35;21.0;21:20;1000;3.0
ComDragagem2035;5258;49.0;366.0;15.0;1;0;0;17;23:11;66.33;10.83;0.0;77.17;1.67;0.33;2.0;2.82;30.72;35.58;;;;;;BTP;CGC;;BERÇO BTP 3;21;4:25;21;6:20;21;8:24;22;15:10;22.0;17:55;22.0;19:45;12500;3.0
ComDragagem2035;5259;23.0;295.0;14.25;0;0;0;17;20:55;17.5;54.92;0.0;72.42;0.08;1.17;1.25;4.74;20.66;26.67;;;;;;BTP;CGC;;BERÇO BTP 2;20;21:20;20;23:10;21;3:09;21;23:50;22.0;1:50;22.0;3:35;4000;3.0
ComDragagem2035;5260;23.0;225.0;0.0;0;0;0;17;21:36;289.33;596.5;38.83;924.67;0.33;0.58;0.92;2.79;68.98;72.75;;;;;;COFCO;GSA - E;;BERÇO ARM 13/14;56;10:20;56;11:50;56;13:52;59;10:55;59.0;12:35;59.0;13:40;70000;1.0
ComDragagem2035;5261;23.0;225.0;0.0;0;0;0;17;23:50;239.25;537.67;24.75;801.67;0.92;0.0;0.92;2.25;58.85;62.08;;;;;;COPESUCAR;GSA - E;;BERÇO ARM 20/21;51;9:30;51;10:55;51;12:25;53;23:20;54.0;1:00;54.0;2:00;70000;1.0
ComDragagem2035;5262;23.0;225.0;0.0;0;0;0;17;20:46;0.0;1.67;0.0;1.67;0.0;1.33;1.33;6.22;162.93;170.5;;;;;;CUTRALE - GL;GL;;BERÇO CUTRALE;17;22:30;17;23:35;18;5:03;25;0:00;25.0;2:05;25.0;2:45;60000;1.0
ComDragagem2035;5263;23.0;275.0;12.75;0;0;0;17;20:55;5.0;43.17;11.92;60.08;0.0;1.92;1.92;3.46;17.86;23.25;;;;;;DPW - CGC;CGC;;BERÇO DPW 2;20;9:00;20;10:40;20;13:22;21;7:15;21.0;9:55;21.0;11:30;3000;3.0
ComDragagem2035;5264;23.0;305.0;14.25;0;0;0;17;22:59;5.58;48.83;12.17;66.58;0.0;0.0;0.0;2.63;21.93;24.58;;;;;;DPW - CGC;CGC;;BERÇO DPW 1;20;17:35;20;18:55;20;20:47;21;18:45;21.0;19:30;21.0;21:05;4000;3.0
ComDragagem2035;5265;23.0;225.0;0.0;0;0;0;17;23:36;93.67;251.75;19.33;364.75;0.0;0.0;0.0;5.33;53.25;58.58;;;;;;ELEVACOES;GSA - E;;BERÇO ARM 19;33;4:25;33;5:50;33;10:24;35;15:40;35.0;16:25;35.0;17:25;70000;1.0
ComDragagem2035;5266;23.0;225.0;14.25;0;0;0;17;22:59;1.0;0.0;3.33;4.33;2.42;2.0;4.42;3.2;49.28;56.92;;;;;;HIDROVIAS;GSM - I;;BERÇO ARM 23;18;3:20;18;4:20;18;6:47;20;8:05;20.0;13:15;20.0;14:30;70000;2.0
ComDragagem2035;5267;23.0;215.0;12.25;0;0;0;17;23:29;0.5;0.08;4.42;5.0;0.0;0.83;0.83;2.5;16.8;20.17;;;;;;SANTOSBR;CGC;;BERÇO TECON 1.1;18;4:30;18;5:45;18;7:30;19;0:20;19.0;1:55;19.0;3:05;1000;3.0
ComDragagem2035;5268;23.0;215.0;12.25;0;0;0;17;23:19;0.67;0.67;8.33;9.67;0.0;0.5;0.5;2.7;16.8;20.0;;;;;;SANTOSBR;CGC;;BERÇO TECON 1.2;18;9:00;18;10:15;18;12:12;19;5:00;19.0;6:15;19.0;7:25;1000;3.0
ComDragagem2035;5269;23.0;275.0;13.75;0;0;0;17;23:29;1.75;35.58;0.5;37.83;1.0;0.17;1.17;5.09;15.61;21.92;;;;;;SANTOSBR;CGC;;BERÇO TECON 3;19;13:20;19;14:35;19;18:55;20;10:35;20.0;12:30;20.0;13:40;3000;3.0
ComDragagem2035;5270;23.0;275.0;14.25;0;0;0;17;23:56;2.5;48.25;0.5;51.25;0.75;5.33;6.08;3.07;15.61;24.83;;;;;;SANTOSBR;CGC;;BERÇO TECON 2;20;3:15;20;4:30;20;6:49;20;22:30;21.0;5:20;21.0;6:30;3000;3.0
ComDragagem2035;5271;23.0;295.0;13.75;0;0;0;17;21:56;1.25;13.08;0.5;14.83;0.0;0.0;0.0;3.06;21.3;24.42;;;;;;SANTOSBR;CGC;;BERÇO TECON 3;18;12:50;18;14:05;18;16:23;19;13:45;19.0;14:30;19.0;15:40;4000;3.0
ComDragagem2035;5272;23.0;225.0;0.0;0;0;0;17;21:47;534.5;998.83;15.17;1548.5;0.0;1.25;1.25;1.98;111.09;114.33;;;;;;TES;GSA - E;;BERÇO ARM 38;82;10:20;82;11:25;82;12:38;87;3:45;87.0;5:45;87.0;6:25;70000;1.0
ComDragagem2035;5273;23.0;235.0;0.0;0;0;0;17;22:40;58.67;370.5;24.33;453.5;0.0;0.75;0.75;3.58;62.19;66.58;;;;;;TIPLAM - GSA - E;GSA - E;;BERÇO TIPLAM 2;36;20:10;36;22:45;37;1:34;39;15:50;39.0;17:20;39.0;19:20;70000;1.0
ComDragagem2035;5274;23.0;195.0;11.25;0;0;0;17;19:56;14.42;103.25;14.42;132.08;0.0;1.0;1.0;6.49;85.0;92.5;;;;;;TIPLAM - GSM - I;GSM - I;;BERÇO TIPLAM 2;23;8:05;23;10:10;23;15:54;27;4:55;27.0;6:40;27.0;9:10;45000;2.0
ComDragagem2035;5275;17.0;82.3;4.5;0;0;0;17;8:30;0.0;0.0;0.33;0.33;0.0;0.0;0.0;0.92;26.67;27.58;;;;;;SAIPEM;CGNC;;BERÇO SAIPEM 1;17;8:50;17;9:45;17;9:55;18;12:35;18.0;13:20;18.0;14:10;0;3.0
ComDragagem2035;5276;18.0;85.34;4.2;0;0;0;17;14:20;0.0;0.0;5.83;5.83;0.0;0.25;0.25;0.92;46.33;47.5;;;;;;SAIPEM;CGNC;;BERÇO SAIPEM 2;17;20:10;17;21:05;17;21:15;19;19:35;19.0;20:35;19.0;21:05;0;1.0
ComDragagem2035;5277;36.0;225.0;0.0;0;0;0;18;0:01;0.0;0.0;2.25;2.25;0.0;1.42;1.42;5.03;99.0;105.5;;;;;;ARAUCO;CGNC;;BERÇO ARAUCO 2;18;2:20;18;4:30;18;8:46;22;11:50;22.0;14:00;22.0;15:45;55000;1.0
ComDragagem2035;5278;23.0;195.0;8.75;0;0;0;18;3:06;0.0;0.0;0.83;0.83;0.0;2.75;2.75;3.69;16.8;23.25;;;;;;TECON10;CGC;;BERÇO TECON10 2;18;4:00;18;5:45;18;8:41;19;1:30;19.0;5:00;19.0;6:40;1000;3.0
ComDragagem2035;5279;23.0;225.0;12.25;0;0;0;18;1:05;8.17;129.92;0.0;138.08;0.0;3.67;3.67;3.72;111.09;118.5;;;;;;RUMO - GSM - I;GSM - I;;BERÇO RUMO 2;23;19:10;23;20:25;23;23:23;28;14:30;28.0;18:55;28.0;20:25;70000;2.0
ComDragagem2035;5280;23.0;135.0;7.75;0;0;0;18;0:01;7.42;82.0;0.42;89.83;0.0;0.0;0.0;2.94;20.71;23.67;;;;;;BTP;CGC;;BERÇO BTP 1;21;17:55;21;19:45;21;21:56;22;18:40;22.0;19:25;22.0;21:10;500;3.0
ComDragagem2035;5281;23.0;215.0;8.75;0;0;0;18;2:05;9.25;100.33;0.58;110.17;1.08;1.67;2.75;2.95;13.85;19.58;;;;;;BTP;CGC;;BERÇO BTP 3;22;16:15;22;18:05;22;20:17;23;10:10;23.0;13:40;23.0;15:25;1000;3.0
ComDragagem2035;5282;23.0;295.0;9.75;0;0;0;18;0:01;9.25;86.5;0.42;96.17;0.0;0.0;0.0;2.78;20.66;23.5;;;;;;BTP;CGC;;BERÇO BTP 2;22;0:15;22;2:05;22;4:06;23;0:50;23.0;1:35;23.0;3:20;4000;3.0
ComDragagem2035;5283;23.0;175.0;0.0;0;0;0;18;6:02;5.92;62.08;1.42;69.42;1.92;0.42;2.33;0.79;77.19;80.33;;;;;;CITROSUCO;GL;;BERÇO ARM 29;21;3:30;21;4:50;21;4:52;24;10:05;24.0;13:10;24.0;14:05;35000;1.0
ComDragagem2035;5284;23.0;225.0;0.0;0;0;0;18;4:08;291.92;600.58;42.25;934.75;0.0;0.08;0.08;1.51;68.98;70.58;;;;;;COFCO;GSA - E;;BERÇO ARM 12A;57;2:55;57;4:25;57;5:10;60;2:10;60.0;3:00;60.0;4:05;70000;1.0
ComDragagem2035;5285;23.0;185.0;0.0;0;0;0;18;3:05;121.75;712.08;30.75;864.58;0.0;0.08;0.08;6.06;39.48;45.67;;;;;;COPESUCAR;GSA - E;;BERÇO ARM 20/21;54;3:40;54;5:05;54;10:23;56;1:55;56.0;2:45;56.0;3:45;45000;1.0
ComDragagem2035;5286;23.0;165.0;0.0;0;0;0;18;5:10;130.42;813.67;38.0;982.08;0.0;0.0;0.0;2.85;23.6;26.5;;;;;;COPESUCAR;GSA - E;;BERÇO ARM 20/21;59;3:15;59;4:40;59;6:46;60;6:25;60.0;7:10;60.0;8:10;35000;1.0
ComDragagem2035;5287;23.0;225.0;0.0;0;0;0;18;4:08;283.42;601.83;29.42;914.67;1.0;1.92;2.92;3.26;58.85;65.08;;;;;;COPESUCAR;GSA - E;;BERÇO ARM 20/21;56;6:50;56;8:15;56;10:45;58;21:40;59.0;1:20;59.0;2:20;70000;1.0
ComDragagem2035;5288;23.0;185.0;7.25;0;0;0;18;0:00;1.58;30.08;11.92;43.58;0.0;0.67;0.67;2.37;13.38;16.42;;;;;;DPW - CGC;CGC;;BERÇO DPW 3;19;19:35;19;21:10;19;22:47;20;12:10;20.0;13:35;20.0;14:45;1000;3.0
ComDragagem2035;5289;23.0;245.0;8.25;0;0;0;18;0:00;5.08;46.08;12.17;63.33;0.0;0.0;0.0;2.62;17.86;20.5;;;;;;DPW - CGC;CGC;;BERÇO DPW 3;20;15:20;20;16:55;20;18:47;21;12:40;21.0;13:25;21.0;14:35;3000;3.0
ComDragagem2035;5290;23.0;295.0;8.75;0;0;0;18;0:00;6.92;61.5;12.17;80.58;1.5;1.33;2.83;2.25;21.93;27.08;;;;;;DPW - CGC;CGC;;BERÇO DPW 2;21;8:35;21;10:15;21;11:45;22;9:45;22.0;13:20;22.0;14:55;4000;3.0
ComDragagem2035;5291;23.0;225.0;0.0;0;0;0;18;0:03;95.67;260.0;20.75;376.42;0.0;0.92;0.92;6.03;53.25;60.25;;;;;;ELEVACOES;GSA - E;;BERÇO ARM 16/17;33;16:30;33;18:00;33;23:16;36;4:35;36.0;6:15;36.0;7:20;70000;1.0
ComDragagem2035;5292;23.0;225.0;0.0;0;0;0;18;0:01;106.33;298.33;20.75;425.42;0.0;0.08;0.08;3.68;53.25;57.08;;;;;;ELEVACOES;GSA - E;;BERÇO ARM 19;35;17:30;35;18:55;35;21:50;38;3:10;38.0;4:00;38.0;5:00;70000;1.0
ComDragagem2035;5293;32.2;205.0;0.0;0;0;0;18;0:02;37.25;375.25;26.83;439.33;0.0;0.75;0.75;3.9;39.16;43.83;;;;;;ELEVACOES;GSA - E;;BERÇO ARM 16/17;36;7:25;36;8:55;36;12:04;38;3:15;38.0;4:45;38.0;5:50;55000;1.0
ComDragagem2035;5294;23.0;175.0;8.25;0;0;0;18;1:04;0.0;11.17;3.25;14.42;0.0;0.0;0.0;1.34;59.83;61.17;;;;;;HIDROVIAS;GSM - I;;BERÇO ARM 22/23;18;15:30;18;16:35;18;17:10;21;5:00;21.0;5:45;21.0;7:05;35000;2.0
ComDragagem2035;5295;36.0;225.0;0.0;0;0;0;18;6:05;0.0;0.0;3.83;3.83;0.0;0.08;0.08;32.32;200.0;232.42;;;;;;NST - CGNC;CGNC;;BERÇO ARM 31;18;9:55;18;11:10;19;18:44;28;2:45;28.0;3:35;28.0;4:25;55000;1.0
ComDragagem2035;5296;23.0;185.0;7.75;0;0;0;18;0:00;1.25;14.58;9.58;25.42;0.33;0.67;1.0;4.19;16.8;22.0;;;;;;SANTOSBR;CGC;;BERÇO TECON 1.1;19;1:25;19;2:40;19;6:06;19;22:55;20.0;0:40;20.0;1:50;1000;3.0
ComDragagem2035;5297;23.0;185.0;7.75;0;0;0;18;0:00;1.25;18.83;12.5;32.58;0.0;4.5;4.5;3.11;16.8;24.42;;;;;;SANTOSBR;CGC;;BERÇO TECON 1.2;19;8:35;19;9:50;19;12:11;20;5:00;20.0;10:15;20.0;11:25;1000;3.0
ComDragagem2035;5298;23.0;255.0;9.25;0;0;0;18;1:03;4.42;57.5;0.83;62.75;0.0;0.0;0.0;1.38;15.61;17.0;;;;;;SANTOSBR;CGC;;BERÇO TECON 3;20;15:50;20;17:05;20;17:42;21;9:20;21.0;10:05;21.0;11:15;3000;3.0
ComDragagem2035;5299;23.0;225.0;0.0;0;0;0;18;2:06;70.58;164.25;0.0;234.83;0.0;1.0;1.0;7.65;88.35;97.0;;;;;;TEAG;GSA - E;;BERÇO TEAG;27;21:00;27;22:10;28;5:04;31;21:25;31.0;23:10;31.0;23:55;70000;1.0
ComDragagem2035;5300;23.0;225.0;12.25;0;0;0;18;1:04;19.17;260.75;0.0;279.92;0.0;1.0;1.0;3.95;111.09;116.08;;;;;;TERMAG;GSM - I;;BERÇO TERMAG;29;17:00;29;17:50;29;21:02;34;12:10;34.0;13:55;34.0;15:00;70000;2.0
ComDragagem2035;5301;23.0;195.0;7.75;0;0;1;18;1:03;1.33;22.33;9.5;33.17;0.67;0.33;1.0;3.06;20.97;25.08;;;;;;TEV;RORO;;BERÇO TEV;19;10:15;19;11:35;19;13:53;20;10:55;20.0;12:40;20.0;13:55;1500;3.0
ComDragagem2035;5302;23.0;225.0;0.0;0;0;0;18;3:06;12.83;121.17;16.0;150.0;0.0;2.42;2.42;1.88;39.92;44.25;;;;;;TGG;GSA - E;;BERÇO TGG;24;9:10;24;10:20;24;11:27;26;3:25;26.0;6:35;26.0;7:20;70000;1.0
ComDragagem2035;5303;23.0;225.0;0.0;0;0;0;18;0:05;53.92;320.0;41.33;415.25;0.0;0.0;0.0;5.4;62.19;67.58;;;;;;TIPLAM - GSA - E;GSA - E;;BERÇO TIPLAM 3;35;7:20;35;9:55;35;14:34;38;4:45;38.0;5:30;38.0;7:30;70000;1.0
ComDragagem2035;5304;23.0;225.0;7.75;0;0;0;18;1:05;18.0;111.83;19.08;148.92;0.0;0.08;0.08;8.17;104.45;112.75;;;;;;TIPLAM - GSM - I;GSM - I;;BERÇO TIPLAM 1;24;6:00;24;8:05;24;15:30;29;0:00;29.0;0:50;29.0;3:20;70000;2.0
ComDragagem2035;5305;23.0;185.0;0.0;0;0;0;18;1:04;3.83;40.83;9.58;54.25;0.0;1.25;1.25;5.98;29.94;37.17;;;;;;TRANSPETRO;GL;;BERÇO AL 02;20;7:20;20;9:15;20;14:28;21;20:25;21.0;22:25;21.0;23:55;35000;1.0
ComDragagem2035;5306;23.0;135.0;0.0;0;0;0;18;4:11;0.0;0.0;4.0;4.0;2.0;0.42;2.42;4.22;90.66;97.33;;;;;;USIMINAS;CGNC;;BERÇO USIMINAS 1;18;8:15;18;10:40;18;14:08;22;8:50;22.0;12:00;22.0;14:00;35000;1.0
ComDragagem2035;5307;23.0;185.0;0.0;0;0;0;18;3:03;9.58;72.17;15.08;96.83;1.5;2.75;4.25;0.75;62.88;67.92;;;;;;VOPAK;GL;;BERÇO AL 03;22;3:55;22;5:50;22;5:50;24;20:45;25.0;1:45;25.0;3:15;35000;1.0
ComDragagem2035;5308;23.0;225.0;0.0;0;0;0;18;1:05;130.58;274.83;12.33;417.75;0.0;0.25;0.25;1.48;55.1;56.83;;;;;;XXXIX;GSA - E;;BERÇO ARM 37;35;10:50;35;11:55;35;12:38;37;19:45;37.0;20:45;37.0;21:25;70000;1.0
ComDragagem2035;5309;19.0;87.9;5.1;0;0;0;18;9:50;0.0;0.0;1.17;1.17;0.0;0.0;0.0;0.92;60.17;61.08;;;;;;SAIPEM;CGNC;;BERÇO SAIPEM 3;18;11:00;18;11:55;18;12:05;21;0:15;21.0;1:00;21.0;1:30;0;1.0
ComDragagem2035;5310;23.0;185.0;9.25;0;0;0;19;5:14;0.0;0.0;4.5;4.5;0.0;0.92;0.92;5.0;16.8;22.75;;;;;;TECON10;CGC;;BERÇO TECON10 2;19;9:45;19;11:30;19;15:45;20;8:35;20.0;10:15;20.0;11:55;1000;3.0
ComDragagem2035;5311;23.0;185.0;9.25;0;0;0;19;5:12;0.0;8.0;8.5;16.5;0.0;0.58;0.58;2.07;16.8;19.5;;;;;;TECON10;CGC;;BERÇO TECON10 1;19;21:45;19;23:30;20;0:49;20;17:40;20.0;19:00;20.0;20:40;1000;3.0
ComDragagem2035;5312;49.0;366.0;15.0;1;0;0;19;5:11;31.5;2.58;1.08;35.17;0.17;0.0;0.17;4.28;38.88;43.33;;;;;;TECON10;CGC;;BERÇO TECON10 3;20;16:25;20;18:15;20;21:46;22;12:40;22.0;13:35;22.0;15:20;12500;3.0
ComDragagem2035;5313;23.0;275.0;9.75;0;0;0;19;4:09;0.0;0.0;7.83;7.83;2.0;1.25;3.25;4.66;15.61;23.58;;;;;;TECON10;CGC;;BERÇO TECON10 3;19;12:00;19;13:45;19;17:39;20;9:20;20.0;13:20;20.0;15:00;3000;3.0
ComDragagem2035;5314;23.0;265.0;10.25;0;0;0;19;6:18;1.75;17.25;7.42;26.42;0.0;0.58;0.58;3.11;15.61;19.33;;;;;;TECON10;CGC;;BERÇO TECON10 2;20;8:45;20;10:30;20;12:51;21;4:30;21.0;5:50;21.0;7:30;3000;3.0
ComDragagem2035;5315;43.0;339.0;14.0;0;0;0;19;5:11;0.0;0.0;7.67;7.67;1.67;2.58;4.25;4.59;25.92;34.83;;;;;;TECON10;CGC;;BERÇO TECON10 4;19;12:55;19;14:40;19;18:30;20;20:30;21.0;1:30;21.0;3:10;6000;3.0
ComDragagem2035;5316;23.0;225.0;0.0;0;0;0;19;6:10;8.25;83.33;1.92;93.5;0.0;0.92;0.92;4.34;51.12;56.42;;;;;;RUMO - GSA - E;GSA - E;;BERÇO RUMO 1;23;3:40;23;5:15;23;8:50;25;12:00;25.0;13:40;25.0;14:50;70000;1.0
ComDragagem2035;5317;23.0;185.0;0.0;0;0;0;19;3:08;0.0;0.0;5.17;5.17;0.0;0.0;0.0;1.68;64.43;66.17;;;;;;AGEO_TERMINAIS;GL;;BERÇO Ageo I;19;8:20;19;10:05;19;11:00;22;3:30;22.0;4:15;22.0;5:35;35000;1.0
ComDragagem2035;5318;23.0;135.0;7.75;0;0;0;19;2:06;7.42;83.67;0.58;91.67;2.67;0.17;2.83;3.79;20.71;27.33;;;;;;BTP;CGC;;BERÇO BTP 1;22;21:50;22;23:40;23;2:42;23;23:25;24.0;3:00;24.0;4:45;500;3.0
ComDragagem2035;5319;23.0;215.0;8.75;0;0;0;19;4:14;9.25;93.75;0.75;103.75;0.42;2.25;2.67;3.28;13.85;19.83;;;;;;BTP;CGC;;BERÇO BTP 3;23;12:00;23;13:50;23;16:21;24;6:15;24.0;9:40;24.0;11:25;1000;3.0
ComDragagem2035;5320;23.0;245.0;11.25;0;0;0;19;4:12;14.67;104.08;3.25;122.0;0.0;0.75;0.75;1.67;14.7;17.17;;;;;;BTP;CGC;;BERÇO BTP 2;24;6:15;24;8:05;24;9:00;24;23:45;25.0;1:15;25.0;3:00;3000;3.0
ComDragagem2035;5321;23.0;295.0;10.75;0;0;0;19;2:06;9.25;84.0;0.58;93.83;0.25;0.33;0.58;5.04;20.66;26.33;;;;;;BTP;CGC;;BERÇO BTP 2;23;0:00;23;1:50;23;6:07;24;2:50;24.0;4:10;24.0;5:55;4000;3.0
ComDragagem2035;5322;23.0;175.0;0.0;0;0;0;19;8:16;16.67;111.42;2.75;130.83;0.0;1.17;1.17;0.86;77.19;79.25;;;;;;CITROSUCO;GL;;BERÇO ARM 29;24;19:10;24;20:30;24;20:36;28;1:50;28.0;3:45;28.0;4:40;35000;1.0
ComDragagem2035;5323;23.0;225.0;0.0;0;0;0;19;9:20;299.92;622.92;43.75;966.58;0.0;0.0;0.0;4.5;68.98;73.5;;;;;;COFCO;GSA - E;;BERÇO ARM 13/14;59;15:55;59;17:25;59;21:10;62;18:10;62.0;18:55;62.0;20:00;70000;1.0
ComDragagem2035;5324;23.0;185.0;0.0;0;0;0;19;5:16;130.42;816.08;40.42;986.92;0.0;0.0;0.0;2.45;39.48;42.0;;;;;;COPESUCAR;GSA - E;;BERÇO ARM 20/21;60;8:15;60;9:40;60;11:22;62;2:55;62.0;3:40;62.0;4:40;45000;1.0
ComDragagem2035;5325;23.0;185.0;0.0;0;0;0;19;6:16;134.0;853.58;42.83;1030.42;0.0;0.25;0.25;3.31;39.48;43.08;;;;;;COPESUCAR;GSA - E;;BERÇO ARM 20/21;62;4:45;62;6:10;62;8:43;64;0:15;64.0;1:15;64.0;2:15;45000;1.0
ComDragagem2035;5326;23.0;225.0;0.0;0;0;0;19;6:18;318.5;721.08;38.67;1078.25;0.0;0.42;0.42;2.28;58.85;61.58;;;;;;COPESUCAR;GSA - E;;BERÇO ARM 20/21;64;4:35;64;6:00;64;7:31;66;18:25;66.0;19:35;66.0;20:35;70000;1.0
ComDragagem2035;5327;23.0;185.0;9.25;0;0;0;19;10:22;0.0;0.0;0.08;0.08;0.42;1.17;1.58;4.4;31.91;37.92;;;;;;DOW;GL;;BERÇO DOW;19;10:30;19;11:15;19;14:54;20;22:50;21.0;1:10;21.0;2:10;35000;2.0
ComDragagem2035;5328;23.0;215.0;9.25;0;0;0;19;6:17;4.58;49.5;5.83;59.92;0.0;5.67;5.67;3.06;13.38;22.17;;;;;;DPW - CGC;CGC;;BERÇO DPW 1;21;18:15;21;19:35;21;21:53;22;11:20;22.0;17:45;22.0;19:20;1000;3.0
ComDragagem2035;5329;36.0;225.0;0.0;0;0;0;19;6:14;0.0;15.75;0.0;15.75;0.0;0.42;0.42;1.9;64.0;66.33;;;;;;DPW - CGNC;CGNC;;BERÇO DPW 4;19;22:00;19;23:35;20;0:44;22;16:45;22.0;17:55;22.0;19:05;55000;1.0
ComDragagem2035;5330;23.0;185.0;0.0;0;0;0;19;8:18;37.75;388.5;26.5;452.75;1.0;0.58;1.58;2.67;37.2;41.5;;;;;;ELEVACOES;GSA - E;;BERÇO ARM 19;38;5:05;38;6:30;38;8:25;39;21:40;40.0;0:00;40.0;1:00;45000;1.0
ComDragagem2035;5331;23.0;225.0;0.0;0;0;0;19;8:18;123.5;310.33;22.92;456.75;0.0;0.0;0.0;5.36;53.25;58.67;;;;;;ELEVACOES;GSA - E;;BERÇO ARM 16/17;38;9:05;38;10:35;38;15:11;40;20:30;40.0;21:15;40.0;22:20;70000;1.0
ComDragagem2035;5332;32.2;205.0;0.0;0;0;0;19;8:18;40.58;423.17;33.33;497.08;0.0;0.0;0.0;3.18;39.16;42.33;;;;;;ELEVACOES;GSA - E;;BERÇO ARM 19;40;1:25;40;2:50;40;5:15;41;20:25;41.0;21:10;41.0;22:10;55000;1.0
ComDragagem2035;5333;23.0;185.0;9.25;0;0;0;19;5:13;1.25;22.17;4.58;28.0;1.17;10.33;11.5;4.48;16.8;32.83;;;;;;SANTOSBR;CGC;;BERÇO TECON 1.2;20;9:15;20;10:30;20;14:13;21;7:05;21.0;19:20;21.0;20:30;1000;3.0
ComDragagem2035;5334;23.0;195.0;9.25;0;0;0;19;6:17;1.25;13.17;3.5;17.92;1.17;3.25;4.42;2.73;16.8;24.0;;;;;;SANTOSBR;CGC;;BERÇO TECON 1.1;20;0:15;20;1:30;20;3:28;20;20:20;21.0;1:30;21.0;2:40;1000;3.0
ComDragagem2035;5335;23.0;255.0;10.25;0;0;0;19;5:13;4.42;46.08;1.17;51.67;0.0;1.92;1.92;3.29;15.61;20.83;;;;;;SANTOSBR;CGC;;BERÇO TECON 3;21;8:55;21;10:10;21;12:42;22;4:20;22.0;7:00;22.0;8:10;3000;3.0
ComDragagem2035;5336;23.0;265.0;10.25;0;0;0;19;6:17;4.42;41.92;0.33;46.67;0.0;0.0;0.0;3.44;15.61;19.08;;;;;;SANTOSBR;CGC;;BERÇO TECON 2;21;5:00;21;6:15;21;8:56;22;0:35;22.0;1:20;22.0;2:30;3000;3.0
ComDragagem2035;5337;23.0;295.0;11.75;0;0;0;19;6:17;5.67;61.5;9.0;76.17;0.0;0.83;0.83;3.17;21.3;25.33;;;;;;SANTOSBR;CGC;;BERÇO TECON 1/2;22;10:30;22;11:45;22;14:10;23;11:30;23.0;13:05;23.0;14:15;4000;3.0
ComDragagem2035;5338;23.0;195.0;8.75;0;0;1;19;5:15;3.25;24.75;6.33;34.33;0.0;0.08;0.08;1.92;20.97;23.0;;;;;;TEV;RORO;;BERÇO TEV;20;15:35;20;16:55;20;18:05;21;15:05;21.0;15:55;21.0;17:10;1500;3.0
ComDragagem2035;5339;23.0;225.0;0.0;0;0;0;19;5:09;18.17;140.58;13.5;172.25;0.0;0.92;0.92;2.94;39.92;43.83;;;;;;TGG;GSA - E;;BERÇO TGG;26;9:25;26;10:35;26;12:46;28;4:45;28.0;6:25;28.0;7:10;70000;1.0
ComDragagem2035;5340;23.0;225.0;0.0;0;0;0;19;4:14;59.92;353.5;46.67;460.08;0.0;0.17;0.17;2.42;62.19;64.83;;;;;;TIPLAM - GSA - E;GSA - E;;BERÇO TIPLAM 3;38;8:20;38;10:55;38;12:35;41;2:50;41.0;3:45;41.0;5:45;70000;1.0
ComDragagem2035;5341;23.0;225.0;0.0;0;0;0;19;4:13;62.5;384.08;49.25;495.83;0.0;1.58;1.58;2.28;62.19;66.08;;;;;;TIPLAM - GSA - E;GSA - E;;BERÇO TIPLAM 2;39;20:05;39;22:40;40;0:11;42;14:25;42.0;16:45;42.0;18:45;70000;1.0
ComDragagem2035;5342;23.0;225.0;7.75;0;0;0;19;4:09;28.75;159.5;31.17;219.42;0.0;0.17;0.17;6.82;104.45;111.5;;;;;;TIPLAM - GSM - I;GSM - I;;BERÇO TIPLAM 4;28;7:35;28;9:40;28;15:44;33;0:15;33.0;1:10;33.0;3:40;70000;2.0
ComDragagem2035;5343;23.0;175.0;0.0;0;0;0;19;7:21;0.0;0.0;2.08;2.08;6.17;6.42;12.58;14.46;90.66;117.75;;;;;;USIMINAS;CGNC;;BERÇO USIMINAS 2;19;9:30;19;11:55;20;1:37;23;20:20;24.0;9:40;24.0;11:40;35000;1.0
ComDragagem2035;5344;23.0;215.0;0.0;0;0;0;19;5:10;30.33;407.5;11.75;449.58;1.58;0.0;1.58;0.91;55.1;57.67;;;;;;XXXIX;GSA - E;;BERÇO ARM 37;37;22:45;37;23:50;37;23:59;40;7:10;40.0;9:30;40.0;10:10;70000;1.0
ComDragagem2035;5345;23.0;225.0;0.0;0;0;0;19;8:19;286.83;271.25;7.0;565.08;0.25;0.0;0.25;3.09;55.1;58.5;;;;;;XXXIX;GSA - E;;BERÇO ARM 37;42;21:25;42;22:30;43;0:50;45;8:00;45.0;9:00;45.0;9:40;70000;1.0
ComDragagem2035;5346;36.0;225.0;0.0;0;0;0;20;8:19;1.92;0.0;4.83;6.75;0.0;0.58;0.58;1.06;99.0;100.67;;;;;;ARAUCO;CGNC;;BERÇO ARAUCO 3;20;15:05;20;17:15;20;17:33;24;20:35;24.0;21:55;24.0;23:55;55000;1.0
ComDragagem2035;5347;23.0;185.0;9.75;0;0;0;20;9:25;1.92;5.92;0.08;7.92;0.0;4.42;4.42;1.81;16.8;23.08;;;;;;TECON10;CGC;;BERÇO TECON10 1;20;17:20;20;19:05;20;20:08;21;13:00;21.0;18:10;21.0;19:50;1000;3.0
ComDragagem2035;5348;23.0;245.0;11.25;0;0;0;20;10:27;3.58;15.42;2.83;21.83;0.0;1.92;1.92;3.07;15.61;20.67;;;;;;TECON10;CGC;;BERÇO TECON10 2;21;8:20;21;10:05;21;12:24;22;4:05;22.0;6:45;22.0;8:25;3000;3.0
ComDragagem2035;5349;23.0;245.0;11.25;0;0;0;20;10:27;3.58;10.17;0.0;13.75;1.67;2.58;4.25;3.71;15.61;23.58;;;;;;TECON10;CGC;;BERÇO TECON10 4;21;0:15;21;2:00;21;4:57;21;20:35;22.0;1:35;22.0;3:15;3000;3.0
ComDragagem2035;5350;23.0;225.0;0.0;0;0;0;20;9:20;17.92;105.25;3.5;126.67;0.0;1.08;1.08;3.35;51.12;55.58;;;;;;RUMO - GSA - E;GSA - E;;BERÇO RUMO 1;25;16:00;25;17:35;25;20:11;27;23:20;28.0;1:10;28.0;2:20;70000;1.0
ComDragagem2035;5351;23.0;175.0;10.25;0;0;0;20;5:21;20.0;187.83;0.0;207.83;0.0;0.17;0.17;6.52;50.86;57.58;;;;;;RUMO - GSM - I;GSM - I;;BERÇO RUMO 2;28;21:15;28;22:30;29;4:16;31;7:10;31.0;8:05;31.0;9:35;35000;2.0
ComDragagem2035;5352;23.0;225.0;0.0;0;0;0;20;8:17;6.75;7.0;0.0;13.75;0.0;1.08;1.08;3.42;51.12;55.67;;;;;;ADM;GSA - E;;BERÇO ARM 39;20;22:05;20;23:10;21;1:50;23;5:00;23.0;6:50;23.0;7:30;70000;1.0
ComDragagem2035;5353;23.0;175.0;0.0;0;0;0;20;7:19;0.0;0.0;0.25;0.25;10.92;32.58;43.5;1.01;64.43;109.0;;;;;;AGEO_TERMINAIS;GL;;BERÇO IB SP;20;7:35;20;9:20;20;9:35;23;2:05;24.0;22:20;24.0;23:40;35000;1.0
ComDragagem2035;5354;36.0;225.0;0.0;0;0;0;20;9:22;1.92;0.0;10.5;12.42;0.75;6.67;7.42;3.14;99.66;110.25;;;;;;BRACELL;CGNC;;BERÇO ARM 35P1;20;21:50;20;23:00;21;1:23;25;5:05;25.0;13:15;25.0;14:00;55000;1.0
ComDragagem2035;5355;36.0;225.0;0.0;0;0;0;20;7:17;0.0;0.0;0.75;0.75;0.0;4.33;4.33;4.15;99.66;108.17;;;;;;BRACELL;CGNC;;BERÇO ARM 35P2;20;8:05;20;9:20;20;12:44;24;16:25;24.0;21:30;24.0;22:20;55000;1.0
ComDragagem2035;5356;23.0;215.0;8.75;0;0;0;20;5:16;13.0;80.92;5.08;99.0;0.0;0.0;0.0;2.17;13.85;16.08;;;;;;BTP;CGC;;BERÇO BTP 3;24;8:20;24;10:10;24;11:35;25;1:30;25.0;2:15;25.0;4:00;1000;3.0
ComDragagem2035;5357;23.0;215.0;8.75;0;0;0;20;6:19;19.17;90.25;5.67;115.08;0.0;0.0;0.0;4.1;13.85;18.0;;;;;;BTP;CGC;;BERÇO BTP 3;25;1:25;25;3:15;25;6:36;25;20:30;25.0;21:15;25.0;23:00;1000;3.0
ComDragagem2035;5358;23.0;295.0;11.75;0;0;0;20;5:16;13.0;80.92;3.92;97.83;0.67;1.58;2.25;5.67;20.66;28.58;;;;;;BTP;CGC;;BERÇO BTP 1;24;7:10;24;9:00;24;13:55;25;10:35;25.0;13:35;25.0;15:20;4000;3.0
ComDragagem2035;5359;23.0;225.0;0.0;0;0;0;20;10:23;296.42;612.83;46.67;955.92;0.0;0.58;0.58;3.65;68.98;73.25;;;;;;COFCO;GSA - E;;BERÇO ARM 12A;60;6:20;60;7:50;60;10:44;63;7:45;63.0;9:05;63.0;10:10;70000;1.0
ComDragagem2035;5361;23.0;225.0;0.0;0;0;0;20;9:31;327.75;751.25;37.92;1116.92;0.0;0.75;0.75;3.93;58.85;63.58;;;;;;COPESUCAR;GSA - E;;BERÇO ARM 20/21;66;22:30;66;23:55;67;3:05;69;14:00;69.0;15:30;69.0;16:30;70000;1.0
ComDragagem2035;5362;23.0;125.0;7.25;0;0;0;20;11:28;5.58;58.58;6.5;70.67;0.5;0.33;0.83;1.76;12.93;15.58;;;;;;DPW - CGC;CGC;;BERÇO DPW 3;23;10:10;23;11:45;23;12:45;24;1:45;24.0;3:20;24.0;4:30;500;3.0
ComDragagem2035;5363;23.0;215.0;9.75;0;0;0;20;10:26;4.5;46.75;3.0;54.25;0.0;0.08;0.08;2.66;13.38;16.17;;;;;;DPW - CGC;CGC;;BERÇO DPW 1;22;16:45;22;18:05;22;19:59;23;9:25;23.0;10:15;23.0;11:50;1000;3.0
ComDragagem2035;5364;23.0;215.0;9.75;0;0;0;20;8:22;5.08;42.58;1.67;49.33;0.0;0.42;0.42;5.45;13.38;19.25;;;;;;DPW - CGC;CGC;;BERÇO DPW 3;22;9:45;22;11:20;22;16:02;23;5:25;23.0;6:35;23.0;7:45;1000;3.0
ComDragagem2035;5365;23.0;215.0;9.25;0;0;0;20;7:18;3.5;27.67;0.5;31.67;0.0;0.17;0.17;2.3;13.38;15.92;;;;;;DPW - CGC;CGC;;BERÇO DPW 3;21;15:00;21;16:35;21;18:08;22;7:35;22.0;8:30;22.0;9:40;1000;3.0
ComDragagem2035;5366;23.0;265.0;10.75;0;0;0;20;10:26;5.83;64.67;0.25;70.75;0.33;0.67;1.0;4.1;17.86;23.0;;;;;;DPW - CGC;CGC;;BERÇO DPW 1;23;9:15;23;10:35;23;13:56;24;7:50;24.0;9:35;24.0;11:10;3000;3.0
ComDragagem2035;5367;23.0;255.0;10.75;0;0;0;20;8:22;5.25;43.42;3.25;51.92;1.58;1.67;3.25;2.11;17.86;23.25;;;;;;DPW - CGC;CGC;;BERÇO DPW 2;22;12:20;22;14:00;22;15:21;23;9:15;23.0;13:15;23.0;14:50;3000;3.0
ComDragagem2035;5368;23.0;295.0;12.25;0;0;0;20;10:28;6.83;66.42;0.5;73.75;0.0;0.25;0.25;2.01;21.93;24.25;;;;;;DPW - CGC;CGC;;BERÇO DPW 2;23;12:15;23;13:55;23;15:10;24;13:10;24.0;14:10;24.0;15:45;4000;3.0
ComDragagem2035;5369;36.0;225.0;0.0;0;0;0;20;8:22;5.08;53.83;2.75;61.67;0.75;1.67;2.42;7.58;64.0;74.0;;;;;;DPW - CGNC;CGNC;;BERÇO DPW 4;22;22:05;22;23:40;23;6:29;25;22:30;26.0;1:40;26.0;2:50;55000;1.0
ComDragagem2035;5370;36.0;225.0;0.0;0;0;0;20;8:20;20.0;167.33;5.25;192.58;0.17;0.0;0.17;0.76;36.9;37.83;;;;;;ELDORADO;CGNC;;BERÇO ARM 31;28;8:55;28;10:10;28;10:10;29;23:05;30.0;0:00;30.0;0:50;55000;1.0
ComDragagem2035;5371;23.0;185.0;10.75;0;0;0;20;5:21;1.92;9.67;0.0;11.58;4.67;10.67;15.33;9.24;75.33;99.92;;;;;;HIDROVIAS;GSM - I;;BERÇO ARM 23;20;17:00;20;18:00;21;2:29;24;5:50;24.0;21:55;24.0;23:10;45000;2.0
ComDragagem2035;5372;23.0;185.0;9.75;0;0;0;20;8:23;3.17;12.83;0.08;16.08;1.17;4.67;5.83;3.09;16.8;25.75;;;;;;SANTOSBR;CGC;;BERÇO TECON 1.1;21;0:30;21;1:45;21;4:05;21;20:55;22.0;3:30;22.0;4:40;1000;3.0
ComDragagem2035;5373;23.0;255.0;10.75;0;0;0;20;8:23;4.42;37.0;4.17;45.58;0.0;1.33;1.33;4.99;15.61;22.0;;;;;;SANTOSBR;CGC;;BERÇO TECON 3;22;6:00;22;7:15;22;11:29;23;3:10;23.0;5:15;23.0;6:25;3000;3.0
ComDragagem2035;5374;23.0;225.0;0.0;0;0;0;20;7:21;117.5;163.33;1.75;282.58;0.0;0.67;0.67;2.64;88.35;91.67;;;;;;TEAG;GSA - E;;BERÇO TEAG;32;2:00;32;3:10;32;5:03;35;21:25;35.0;22:50;35.0;23:35;70000;1.0
ComDragagem2035;5375;23.0;225.0;0.0;0;0;0;20;7:18;32.5;61.75;2.08;96.33;0.0;0.0;0.0;1.92;78.07;80.0;;;;;;TEG;GSA - E;;BERÇO TEG;24;7:40;24;8:50;24;10:00;27;16:05;27.0;16:50;27.0;17:35;70000;1.0
ComDragagem2035;5376;23.0;225.0;0.0;0;0;0;20;9:23;805.33;789.0;12.0;1606.33;0.0;0.0;0.0;3.15;111.09;114.25;;;;;;TES;GSA - E;;BERÇO ARM 38;87;7:45;87;8:50;87;11:14;92;2:20;;;;;70000;1.0
ComDragagem2035;5377;23.0;195.0;8.75;0;0;1;20;7:23;3.25;30.58;0.0;33.83;0.67;0.58;1.25;45.44;20.97;67.67;;;;;;TEV;RORO;;BERÇO TEV;21;17:15;21;18:35;23;15:16;24;12:15;24.0;14:15;24.0;15:30;1500;3.0
ComDragagem2035;5378;23.0;215.0;8.25;0;0;1;20;7:23;15.33;89.92;0.0;105.25;0.0;1.67;1.67;1.33;20.25;23.25;;;;;;TEV;RORO;;BERÇO TEV;24;16:40;24;18:00;24;18:34;25;14:50;25.0;17:15;25.0;18:30;3000;3.0
ComDragagem2035;5379;23.0;225.0;0.0;0;0;0;20;9:22;19.33;158.17;14.25;191.75;0.0;0.92;0.92;2.35;39.92;43.25;;;;;;TGG;GSA - E;;BERÇO TGG;28;9:10;28;10:20;28;11:56;30;3:55;30.0;5:35;30.0;6:20;70000;1.0
ComDragagem2035;5380;23.0;225.0;0.0;0;0;0;20;6:17;68.83;388.0;48.17;505.0;0.0;0.92;0.92;3.68;62.19;66.83;;;;;;TIPLAM - GSA - E;GSA - E;;BERÇO TIPLAM 3;41;7:20;41;9:55;41;12:50;44;3:05;44.0;4:45;44.0;6:45;70000;1.0
ComDragagem2035;5381;23.0;185.0;9.75;0;0;0;20;7:17;28.75;158.08;26.58;213.42;0.0;0.67;0.67;8.25;85.0;93.92;;;;;;TIPLAM - GSM - I;GSM - I;;BERÇO TIPLAM 1;29;4:45;29;6:50;29;14:20;33;3:20;33.0;4:45;33.0;7:15;45000;2.0
ComDragagem2035;5382;23.0;185.0;0.0;0;0;0;20;8:17;3.83;17.5;2.42;23.75;0.0;1.0;1.0;1.68;29.94;32.67;;;;;;TRANSPETRO;GL;;BERÇO AL 01;21;8:05;21;10:00;21;10:55;22;16:55;22.0;18:40;22.0;20:10;35000;1.0
ComDragagem2035;5383;23.0;135.0;7.25;0;0;0;21;12:34;1.75;15.92;5.83;23.5;0.58;1.42;2.0;2.45;7.08;11.58;;;;;;TECON10;CGC;;BERÇO TECON10 3;22;12:05;22;13:50;22;15:32;22;22:40;23.0;1:25;23.0;3:05;500;3.0
ComDragagem2035;5384;23.0;215.0;9.75;0;0;0;21;13:35;0.0;8.42;0.0;8.42;0.0;0.25;0.25;2.34;16.8;19.42;;;;;;TECON10;CGC;;BERÇO TECON10 1;21;22:00;21;23:45;22;1:20;22;18:10;22.0;19:10;22.0;20:50;1000;3.0
ComDragagem2035;5385;23.0;275.0;11.25;0;0;0;21;13:36;1.75;14.83;10.25;26.83;0.0;0.67;0.67;2.95;15.61;19.25;;;;;;TECON10;CGC;;BERÇO TECON10 2;22;16:30;22;18:15;22;20:27;23;12:05;23.0;13:30;23.0;15:10;3000;3.0
ComDragagem2035;5386;23.0;235.0;11.75;0;0;0;21;13:36;1.75;9.08;0.0;10.83;1.67;6.67;8.33;2.75;15.61;26.75;;;;;;TECON10;CGC;;BERÇO TECON10 4;22;0:30;22;2:15;22;4:15;22;19:55;23.0;5:00;23.0;6:40;3000;3.0
ComDragagem2035;5387;23.0;165.0;8.75;0;0;0;21;12:32;0.0;0.0;0.17;0.17;8.67;14.58;23.25;1.57;45.88;70.75;;;;;;AGEO_TERMINAIS;GL;;BERÇO IB BC;21;12:45;21;14:10;21;14:59;23;12:55;24.0;12:55;24.0;14:35;18000;2.0
ComDragagem2035;5388;23.0;185.0;9.75;0;0;0;21;11:28;0.0;0.0;0.5;0.5;4.5;8.83;13.33;1.14;64.43;78.92;;;;;;AGEO_TERMINAIS;GL;;BERÇO IB OE;21;12:00;21;13:25;21;13:48;24;6:15;24.0;20:20;24.0;22:00;35000;2.0
ComDragagem2035;5389;23.0;135.0;7.75;0;0;0;21;9:26;15.42;65.83;5.25;86.5;0.0;0.83;0.83;2.21;20.71;23.75;;;;;;BTP;CGC;;BERÇO BTP 2;25;0:00;25;1:50;25;3:17;26;0:00;26.0;1:35;26.0;3:20;500;3.0
ComDragagem2035;5390;23.0;215.0;9.25;0;0;0;21;9:26;15.42;83.92;6.67;106.0;0.0;0.0;0.0;2.51;13.85;16.42;;;;;;BTP;CGC;;BERÇO BTP 3;25;19:30;25;21:20;25;23:05;26;13:00;26.0;13:45;26.0;15:30;1000;3.0
ComDragagem2035;5391;23.0;215.0;9.25;0;0;0;21;9:26;15.42;76.42;6.67;98.5;0.0;2.17;2.17;4.3;13.85;20.33;;;;;;BTP;CGC;;BERÇO BTP 1;25;12:00;25;13:50;25;17:23;26;7:15;26.0;10:10;26.0;11:55;1000;3.0
ComDragagem2035;5392;23.0;295.0;12.75;0;0;0;21;10:31;50.92;53.67;4.83;109.42;0.83;0.5;1.33;1.45;20.66;23.5;;;;;;BTP;CGC;;BERÇO BTP 2;26;0:00;26;1:50;26;2:32;26;23:15;27.0;1:20;27.0;3:05;4000;3.0
ComDragagem2035;5393;23.0;185.0;9.75;0;0;0;21;7:25;14.5;145.75;8.67;168.92;0.0;1.58;1.58;8.29;131.03;140.92;;;;;;BUNGE;GSA - I;;BERÇO ARM 30;28;8:20;28;9:15;28;16:47;34;3:50;34.0;6:10;34.0;7:20;45000;2.0
ComDragagem2035;5394;23.0;225.0;0.0;0;0;0;21;13:32;299.08;644.25;48.0;991.33;0.0;1.08;1.08;11.36;68.98;81.42;;;;;;COFCO;GSA - E;;BERÇO ARM 13/14;62;20:55;62;22:25;63;9:01;66;6:00;66.0;7:50;66.0;8:55;70000;1.0
ComDragagem2035;5395;23.0;225.0;0.0;0;0;0;21;13:41;344.75;773.17;37.92;1155.83;0.0;0.0;0.0;2.04;58.85;60.92;;;;;;COPESUCAR;GSA - E;;BERÇO ARM 20/21;69;17:35;69;19:00;69;20:17;72;7:10;72.0;7:55;72.0;8:55;70000;1.0
ComDragagem2035;5396;23.0;155.0;0.0;0;0;0;21;12:35;12.42;73.17;4.42;90.0;0.0;1.92;1.92;7.71;50.09;59.75;;;;;;CUTRALE - GL;GL;;BERÇO CUTRALE;25;6:35;25;7:40;25;14:37;27;16:45;27.0;19:25;27.0;20:05;18000;1.0
ComDragagem2035;5397;23.0;185.0;10.25;0;0;0;21;12:34;8.33;47.25;10.33;65.92;0.75;2.58;3.33;1.77;13.38;18.5;;;;;;DPW - CGC;CGC;;BERÇO DPW 3;24;6:30;24;8:05;24;9:06;24;22:30;25.0;2:35;25.0;3:45;1000;3.0
ComDragagem2035;5398;23.0;255.0;11.25;0;0;0;21;11:32;7.92;49.42;11.75;69.08;0.0;0.0;0.0;3.37;17.86;21.25;;;;;;DPW - CGC;CGC;;BERÇO DPW 1;24;8:40;24;10:00;24;12:37;25;6:30;25.0;7:15;25.0;8:50;3000;3.0
ComDragagem2035;5399;23.0;255.0;11.25;0;0;0;21;12:34;13.08;53.25;11.83;78.17;0.0;0.42;0.42;2.45;17.86;20.75;;;;;;DPW - CGC;CGC;;BERÇO DPW 2;24;18:45;24;20:25;24;22:07;25;16:00;25.0;17:10;25.0;18:45;3000;3.0
ComDragagem2035;5400;23.0;195.0;0.0;0;0;0;21;12:35;41.17;393.0;31.67;465.83;0.0;2.58;2.58;2.85;37.2;42.67;;;;;;ELEVACOES;GSA - E;;BERÇO ARM 16/17;40;22:25;40;23:55;41;2:01;42;15:15;42.0;18:35;42.0;19:40;45000;1.0
ComDragagem2035;5401;23.0;225.0;0.0;0;0;0;21;12:35;130.25;335.58;24.08;489.92;0.0;0.0;0.0;2.73;53.25;56.0;;;;;;ELEVACOES;GSA - E;;BERÇO ARM 19;41;22:30;41;23:55;42;1:53;44;7:10;44.0;7:55;44.0;8:55;70000;1.0
ComDragagem2035;5402;23.0;215.0;9.75;0;0;0;21;13:35;2.5;0.0;32.42;34.92;1.33;0.0;1.33;6.95;16.8;25.08;;;;;;SANTOSBR;CGC;;BERÇO TECON 2;23;0:30;23;1:45;23;7:57;24;0:45;24.0;2:50;24.0;4:00;1000;3.0
ComDragagem2035;5403;23.0;265.0;11.25;0;0;0;21;12:33;1.25;11.25;0.0;12.5;1.17;3.17;4.33;2.76;15.61;22.75;;;;;;SANTOSBR;CGC;;BERÇO TECON 2;22;1:05;22;2:20;22;4:20;22;20:00;23.0;1:05;23.0;2:15;3000;3.0
ComDragagem2035;5404;23.0;295.0;12.25;0;0;0;21;11:30;2.5;14.58;23.58;40.67;2.83;1.58;4.42;5.12;21.3;30.83;;;;;;SANTOSBR;CGC;;BERÇO TECON 3;23;4:10;23;5:25;23;9:47;24;7:05;24.0;12:15;24.0;13:25;4000;3.0
ComDragagem2035;5405;23.0;225.0;0.0;0;0;0;21;10:31;86.75;260.0;2.92;349.67;0.0;0.25;0.25;0.87;88.35;89.5;;;;;;TEAG;GSA - E;;BERÇO TEAG;36;0:15;36;1:25;36;1:32;39;17:55;39.0;18:55;39.0;19:40;70000;1.0
ComDragagem2035;5406;23.0;225.0;0.0;0;0;0;21;11:28;51.33;97.25;2.58;151.17;0.0;0.0;0.0;0.83;78.07;78.92;;;;;;TEG;GSA - E;;BERÇO TEG;27;18:40;27;19:50;27;19:54;31;2:00;31.0;2:45;31.0;3:30;70000;1.0
ComDragagem2035;5407;23.0;225.0;14.25;0;0;0;21;9:32;18.92;300.67;0.0;319.58;0.0;0.0;0.0;8.34;111.09;119.5;;;;;;TERMAG;GSM - I;;BERÇO TERMAG;34;17:10;34;18:00;35;1:35;39;16:45;39.0;17:30;39.0;18:35;70000;2.0
ComDragagem2035;5409;23.0;175.0;9.25;0;0;1;21;10:30;13.42;92.0;0.0;105.42;0.0;0.0;0.0;4.15;20.97;25.17;;;;;;TEV;RORO;;BERÇO TEV;25;19:55;25;21:15;26;0:39;26;21:40;26.0;22:25;26.0;23:40;1500;3.0
ComDragagem2035;5410;23.0;195.0;9.25;0;0;1;21;12:37;16.08;115.33;10.42;141.83;1.25;1.33;2.58;1.91;20.97;25.5;;;;;;TEV;RORO;;BERÇO TEV;27;10:30;27;11:50;27;12:59;28;10:00;28.0;13:20;28.0;14:35;1500;3.0
ComDragagem2035;5411;23.0;225.0;0.0;0;0;0;21;10:29;66.92;396.42;50.75;514.08;0.08;0.0;0.08;4.39;62.19;66.67;;;;;;TIPLAM - GSA - E;GSA - E;;BERÇO TIPLAM 2;42;20:35;42;23:10;43;2:48;45;17:00;45.0;17:50;45.0;19:50;70000;1.0
ComDragagem2035;5412;23.0;225.0;0.0;0;0;0;21;13:35;72.08;420.42;52.75;545.25;8.17;1.42;9.58;5.13;62.19;76.92;;;;;;TIPLAM - GSA - E;GSA - E;;BERÇO TIPLAM 3;44;6:50;44;9:25;44;13:47;47;4:00;47.0;14:20;47.0;16:20;70000;1.0
ComDragagem2035;5413;23.0;195.0;10.25;0;0;0;21;14:39;33.08;208.25;35.75;277.08;2.5;0.58;3.08;2.61;85.0;90.75;;;;;;TIPLAM - GSM - I;GSM - I;;BERÇO TIPLAM 4;33;3:45;33;5:50;33;7:41;36;20:45;37.0;0:35;37.0;3:05;45000;2.0
ComDragagem2035;5414;23.0;175.0;0.0;0;0;0;21;12:30;1.92;9.58;0.0;11.5;1.5;2.33;3.83;2.51;29.94;36.33;;;;;;TRANSPETRO;GL;;BERÇO AL 02;22;0:00;22;1:55;22;3:40;23;9:40;23.0;14:15;23.0;15:45;35000;1.0
ComDragagem2035;5415;23.0;175.0;0.0;0;0;0;21;14:34;0.0;0.0;0.08;0.08;2.0;4.75;6.75;7.05;90.66;104.5;;;;;;USIMINAS;CGNC;;BERÇO USIMINAS 3;21;14:40;21;17:05;21;23:23;25;18:05;26.0;1:35;26.0;3:35;35000;1.0
ComDragagem2035;5416;17.0;75.2;5.9;0;0;0;21;7:30;0.0;0.0;1.67;1.67;0.0;4.42;4.42;0.92;55.0;60.33;;;;;;SAIPEM;CGNC;;BERÇO SAIPEM 1;21;9:10;21;10:05;21;10:15;23;17:15;23.0;22:25;23.0;22:55;0;1.0
ComDragagem2035;5417;33.0;177.9;8.2;0;0;0;21;20:00;0.0;0.0;2.58;2.58;0.0;0.0;0.0;0.92;36.83;37.75;;;;;;SAIPEM;CGNC;;BERÇO SAIPEM 2;21;22:35;21;23:30;21;23:40;23;12:30;23.0;13:15;23.0;13:45;0;1.0
ComDragagem2035;5418;23.0;195.0;10.75;0;0;0;22;17:44;1.75;4.08;3.83;9.67;5.25;12.83;18.08;5.68;16.8;40.58;;;;;;TECON10;CGC;;BERÇO TECON10 4;23;3:25;23;5:10;23;10:05;24;2:55;24.0;21:45;24.0;23:25;1000;3.0
ComDragagem2035;5419;23.0;205.0;10.75;0;0;0;22;17:45;1.75;4.08;0.67;6.5;0.0;0.0;0.0;3.21;16.8;20.08;;;;;;TECON10;CGC;;BERÇO TECON10 3;23;0:15;23;2:00;23;4:27;23;21:20;23.0;22:05;23.0;23:45;1000;3.0
ComDragagem2035;5420;23.0;305.0;12.75;0;0;0;22;17:44;1.75;4.08;9.42;15.25;3.08;15.75;18.83;4.51;21.3;44.67;;;;;;TECON10;CGC;;BERÇO TECON10 1;23;9:00;23;10:45;23;14:30;24;11:50;25.0;7:25;25.0;9:05;4000;3.0
ComDragagem2035;5421;23.0;225.0;0.0;0;0;0;22;13:33;7.92;10.42;1.58;19.92;0.0;0.58;0.58;2.68;51.12;54.42;;;;;;ADM;GSA - E;;BERÇO ARM 39;23;9:30;23;10:35;23;12:30;25;15:40;25.0;17:00;25.0;17:40;70000;1.0
ComDragagem2035;5422;23.0;135.0;7.75;0;0;0;22;12:35;15.42;70.0;6.67;92.08;1.75;1.17;2.92;1.99;20.71;25.67;;;;;;BTP;CGC;;BERÇO BTP 1;26;8:40;26;10:30;26;11:44;27;8:30;27.0;12:10;27.0;13:55;500;3.0
ComDragagem2035;5423;23.0;185.0;9.75;0;0;0;22;12:38;17.25;83.17;6.92;107.33;0.0;0.33;0.33;5.99;13.85;20.17;;;;;;BTP;CGC;;BERÇO BTP 2;27;0:00;27;1:50;27;7:04;27;20:55;27.0;22:00;27.0;23:45;1000;3.0
ComDragagem2035;5424;23.0;185.0;9.75;0;0;0;22;13:39;17.25;102.0;7.33;126.58;0.0;1.83;1.83;4.24;13.85;19.92;;;;;;BTP;CGC;;BERÇO BTP 2;27;20:15;27;22:05;28;1:34;28;15:25;28.0;18:00;28.0;19:45;1000;3.0
ComDragagem2035;5425;23.0;275.0;12.75;0;0;0;22;12:35;15.42;73.08;6.92;95.42;1.75;7.0;8.75;2.18;14.7;25.67;;;;;;BTP;CGC;;BERÇO BTP 3;26;12:00;26;13:50;26;15:15;27;6:00;27.0;15:30;27.0;17:15;3000;3.0
ComDragagem2035;5426;23.0;175.0;10.25;0;0;0;22;9:38;19.08;257.25;9.92;286.25;0.58;0.25;0.83;6.22;135.86;142.92;;;;;;BUNGE;GSA - I;;BERÇO ARM 30;34;7:55;34;8:50;34;14:18;40;6:10;40.0;7:45;40.0;8:55;35000;2.0
ComDragagem2035;5427;23.0;225.0;0.0;0;0;0;22;16:42;294.42;634.17;48.92;977.5;0.0;0.33;0.33;10.62;68.98;80.0;;;;;;COFCO;GSA - E;;BERÇO ARM 12A;63;10:15;63;11:45;63;21:37;66;18:40;66.0;19:45;66.0;20:50;70000;1.0
ComDragagem2035;5428;23.0;225.0;0.0;0;0;0;22;14:49;357.83;798.0;39.25;1195.08;0.0;0.0;0.0;4.07;58.85;62.92;;;;;;COPESUCAR;GSA - E;;BERÇO ARM 20/21;72;9:55;72;11:20;72;14:39;75;1:30;75.0;2:15;75.0;3:15;70000;1.0
ComDragagem2035;5429;23.0;135.0;8.25;0;0;0;22;16:44;12.08;36.75;12.5;61.33;0.33;1.5;1.83;3.31;12.93;18.08;;;;;;DPW - CGC;CGC;;BERÇO DPW 1;25;6:05;25;7:25;25;9:58;25;22:55;26.0;1:30;26.0;3:05;500;3.0
ComDragagem2035;5430;23.0;205.0;10.75;0;0;0;22;16:44;12.83;36.0;16.33;65.17;0.0;0.0;0.0;2.01;13.38;15.42;;;;;;DPW - CGC;CGC;;BERÇO DPW 3;25;9:55;25;11:30;25;12:45;26;2:10;26.0;2:55;26.0;4:05;1000;3.0
ComDragagem2035;5431;23.0;265.0;11.75;0;0;0;22;16:44;13.08;57.5;0.42;71.0;0.0;3.08;3.08;2.44;17.86;23.42;;;;;;DPW - CGC;CGC;;BERÇO DPW 2;25;15:45;25;17:25;25;19:06;26;13:00;26.0;16:50;26.0;18:25;3000;3.0
ComDragagem2035;5432;23.0;305.0;13.25;0;0;0;22;16:44;13.42;65.92;0.42;79.75;0.0;0.75;0.75;2.29;21.93;25.0;;;;;;DPW - CGC;CGC;;BERÇO DPW 1;26;0:30;26;1:50;26;3:22;27;1:20;27.0;2:50;27.0;4:25;4000;3.0
ComDragagem2035;5433;23.0;165.0;0.0;0;0;0;22;13:38;42.67;413.08;31.67;487.42;0.0;0.42;0.42;2.15;27.04;29.67;;;;;;ELEVACOES;GSA - E;;BERÇO ARM 16/17;42;21:05;42;22:35;42;23:59;44;3:05;44.0;4:15;44.0;5:20;35000;1.0
ComDragagem2035;5434;23.0;225.0;0.0;0;0;0;22;15:44;133.92;358.75;28.58;521.25;0.0;0.0;0.0;4.78;53.25;58.08;;;;;;ELEVACOES;GSA - E;;BERÇO ARM 19;44;9:00;44;10:25;44;14:26;46;19:45;46.0;20:30;46.0;21:30;70000;1.0
ComDragagem2035;5435;23.0;135.0;7.25;0;0;0;22;16:44;1.25;0.0;21.83;23.08;0.75;0.92;1.67;2.65;7.08;11.42;;;;;;SANTOSBR;CGC;;BERÇO TECON 1.1;23;15:50;23;17:05;23;18:59;24;2:05;24.0;4:30;24.0;5:40;500;3.0
ComDragagem2035;5436;23.0;195.0;10.25;0;0;0;22;15:39;1.25;0.0;27.33;28.58;0.0;5.17;5.17;2.24;16.8;24.25;;;;;;SANTOSBR;CGC;;BERÇO TECON 1.2;23;20:15;23;21:30;23;22:59;24;15:50;24.0;21:45;24.0;22:55;1000;3.0
ComDragagem2035;5437;23.0;275.0;11.75;0;0;0;22;16:43;6.25;28.08;4.33;38.67;0.0;3.5;3.5;3.32;15.61;22.5;;;;;;SANTOSBR;CGC;;BERÇO TECON 2;24;7:25;24;8:40;24;11:14;25;2:55;25.0;7:10;25.0;8:20;3000;3.0
ComDragagem2035;5438;23.0;295.0;12.75;0;0;0;22;16:43;8.75;28.08;6.42;43.25;0.0;0.08;0.08;2.39;21.3;23.83;;;;;;SANTOSBR;CGC;;BERÇO TECON 3;24;12:00;24;13:15;24;14:53;25;12:15;25.0;13:05;25.0;14:15;4000;3.0
ComDragagem2035;5439;23.0;225.0;0.0;0;0;0;22;15:35;58.42;142.25;3.75;204.42;0.0;0.58;0.58;1.8;78.07;80.5;;;;;;TEG;GSA - E;;BERÇO TEG;31;4:00;31;5:10;31;6:13;34;12:20;34.0;13:40;34.0;14:25;70000;1.0
ComDragagem2035;5441;23.0;195.0;9.25;0;0;1;22;14:42;16.08;117.67;11.75;145.5;0.0;1.5;1.5;1.73;20.97;24.25;;;;;;TEV;RORO;;BERÇO TEV;28;16:15;28;17:35;28;18:33;29;15:35;29.0;17:50;29.0;19:05;1500;3.0
ComDragagem2035;5442;23.0;225.0;0.0;0;0;0;22;13:36;1.17;0.0;2.42;3.58;0.0;1.67;1.67;3.62;61.75;67.08;;;;;;TGRAO;GSA - E;;BERÇO OUT 2;22;17:15;22;18:35;22;21:27;25;11:15;25.0;13:40;25.0;14:35;70000;1.0
ComDragagem2035;5443;23.0;225.0;0.0;0;0;0;22;13:37;81.42;421.5;55.33;558.25;0.92;0.0;0.92;10.42;62.19;73.58;;;;;;TIPLAM - GSA - E;GSA - E;;BERÇO TIPLAM 2;45;19:55;45;22:30;46;8:10;48;22:25;49.0;0:05;49.0;2:05;70000;1.0
ComDragagem2035;5444;23.0;185.0;0.0;0;0;0;22;15:39;0.0;5.92;0.0;5.92;0.92;0.5;1.42;7.98;29.94;39.33;;;;;;TRANSPETRO;GL;;BERÇO AL 01;22;21:35;22;23:30;23;6:43;24;12:40;24.0;14:50;24.0;16:20;35000;1.0
ComDragagem2035;5445;23.0;185.0;0.0;0;0;0;22;16:42;1.92;24.83;0.0;26.75;0.0;3.08;3.08;1.36;29.94;34.42;;;;;;TRANSPETRO;GL;;BERÇO AL 02;23;19:30;23;21:25;23;22:01;25;4:00;25.0;7:50;25.0;9:20;35000;1.0
ComDragagem2035;5446;23.0;225.0;12.75;0;0;0;22;17:45;12.83;43.25;2.5;58.58;1.0;2.25;3.25;0.75;124.33;128.33;;;;;;VOPAK;GL;;BERÇO AL 03;25;4:20;25;5:55;25;5:55;30;10:15;30.0;14:15;30.0;16:05;60000;2.0
ComDragagem2035;5447;23.0;225.0;0.0;0;0;0;22;16:45;139.75;279.25;7.0;426.0;0.0;0.08;0.08;0.79;55.1;56.0;;;;;;XXXIX;GSA - E;;BERÇO ARM 37;40;10:45;40;11:50;40;11:52;42;19:00;42.0;19:50;42.0;20:30;70000;1.0
ComDragagem2035;5448;36.0;225.0;0.0;0;0;0;23;16:47;0.0;0.0;2.08;2.08;0.0;1.0;1.0;0.98;99.0;101.0;;;;;;ARAUCO;CGNC;;BERÇO ARAUCO 1;23;18:55;23;21:05;23;21:18;28;0:20;28.0;2:05;28.0;3:50;55000;1.0
ComDragagem2035;5449;23.0;295.0;13.25;0;0;0;23;18:49;0.0;2.17;0.0;2.17;2.92;15.67;18.58;2.7;21.3;42.58;;;;;;TECON10;CGC;;BERÇO TECON10 3;23;21:00;23;22:45;24;0:42;24;22:00;25.0;17:20;25.0;19:00;4000;3.0
ComDragagem2035;5450;43.0;339.0;14.0;0;0;0;23;18:49;0.0;0.92;0.0;0.92;1.83;8.17;10.0;3.93;25.92;39.92;;;;;;TECON10;CGC;;BERÇO TECON10 2;23;19:45;23;21:30;24;0:40;25;2:40;25.0;13:25;25.0;15:05;6000;3.0
ComDragagem2035;5451;23.0;135.0;7.75;0;0;0;23;18:51;15.42;66.5;7.17;89.08;0.0;1.92;1.92;4.82;20.71;27.5;;;;;;BTP;CGC;;BERÇO BTP 1;27;12:00;27;13:50;27;17:54;28;14:40;28.0;17:20;28.0;19:05;500;3.0
ComDragagem2035;5452;23.0;185.0;10.25;0;0;0;23;18:51;17.25;92.42;7.17;116.83;1.42;0.08;1.5;3.11;13.85;18.5;;;;;;BTP;CGC;;BERÇO BTP 1;28;15:45;28;17:35;28;19:56;29;9:50;29.0;12:05;29.0;13:50;1000;3.0
ComDragagem2035;5453;23.0;215.0;9.75;0;0;0;23;15:43;15.42;75.33;7.17;97.92;0.0;0.5;0.5;3.34;13.85;17.75;;;;;;BTP;CGC;;BERÇO BTP 3;27;17:40;27;19:30;27;22:05;28;12:00;28.0;13:15;28.0;15:00;1000;3.0
ComDragagem2035;5454;23.0;295.0;14.25;0;0;0;23;19:53;48.5;58.42;5.17;112.08;0.08;0.08;0.17;3.24;20.66;24.08;;;;;;BTP;CGC;;BERÇO BTP 3;28;12:00;28;13:50;28;16:19;29;13:00;29.0;13:55;29.0;15:40;4000;3.0
ComDragagem2035;5455;23.0;205.0;0.0;0;0;0;23;13:46;22.75;226.25;3.92;252.92;0.0;0.5;0.5;0.82;77.19;78.58;;;;;;CITROSUCO;GL;;BERÇO ARM 29;34;2:45;34;4:05;34;4:09;37;9:25;37.0;10:40;37.0;11:35;35000;1.0
ComDragagem2035;5456;23.0;225.0;0.0;0;0;0;23;20:54;302.67;668.75;49.5;1020.92;0.75;0.0;0.75;2.87;68.98;72.67;;;;;;COFCO;GSA - E;;BERÇO ARM 13/14;66;9:50;66;11:20;66;13:27;69;10:30;69.0;12:00;69.0;13:05;70000;1.0
ComDragagem2035;5457;23.0;225.0;0.0;0;0;0;23;17:56;359.75;832.33;41.5;1233.58;0.0;0.0;0.0;2.15;58.85;61.0;;;;;;COPESUCAR;GSA - E;;BERÇO ARM 20/21;75;3:35;75;5:00;75;6:24;77;17:15;77.0;18:00;77.0;19:00;70000;1.0
ComDragagem2035;5458;23.0;225.0;0.0;0;0;0;23;19:55;12.42;79.58;5.5;97.5;0.0;1.42;1.42;1.31;54.03;56.75;;;;;;CUTRALE - GSA - E;GSA - E;;BERÇO CUTRALE;27;21:25;27;22:30;27;23:03;30;5:05;30.0;7:15;30.0;7:55;70000;1.0
ComDragagem2035;5459;23.0;215.0;10.75;0;0;0;23;17:47;12.83;31.25;15.67;59.75;0.0;0.58;0.58;1.55;13.38;15.58;;;;;;DPW - CGC;CGC;;BERÇO DPW 3;26;5:35;26;7:10;26;7:58;26;21:25;26.0;22:45;26.0;23:55;1000;3.0
ComDragagem2035;5460;23.0;265.0;12.25;0;0;0;23;17:47;13.08;56.75;0.42;70.25;0.0;0.25;0.25;2.4;17.86;20.58;;;;;;DPW - CGC;CGC;;BERÇO DPW 2;26;16:05;26;17:45;26;19:24;27;13:20;27.0;14:20;27.0;15:55;3000;3.0
ComDragagem2035;5461;23.0;195.0;0.0;0;0;0;23;18:53;145.5;376.67;29.83;552.0;10.17;1.25;11.42;4.25;37.2;52.92;;;;;;ELEVACOES;GSA - E;;BERÇO ARM 16/17;46;18:55;46;20:25;46;23:55;48;13:10;49.0;1:20;49.0;2:25;45000;1.0
ComDragagem2035;5462;23.0;225.0;0.0;0;0;0;23;15:46;126.92;341.5;26.83;495.25;0.0;0.08;0.08;3.8;53.25;57.17;;;;;;ELEVACOES;GSA - E;;BERÇO ARM 16/17;44;7:05;44;8:35;44;11:38;46;16:55;46.0;17:45;46.0;18:50;70000;1.0
ComDragagem2035;5463;23.0;175.0;10.75;0;0;0;23;20:54;0.0;0.0;0.33;0.33;0.0;1.0;1.0;14.28;59.83;75.17;;;;;;HIDROVIAS;GSM - I;;BERÇO ARM 22/23;23;21:15;23;22:20;24;11:51;26;23:45;27.0;1:30;27.0;2:50;35000;2.0
ComDragagem2035;5464;23.0;175.0;0.0;0;0;0;23;10:44;14.75;96.75;3.0;114.5;0.0;0.0;0.0;1.01;137.91;138.92;;;;;;NST - GL;GL;;BERÇO ARM 29;28;5:15;28;6:35;28;6:50;34;0:45;34.0;1:30;34.0;2:25;35000;1.0
ComDragagem2035;5465;23.0;205.0;11.25;0;0;0;23;19:52;5.17;1.25;6.58;13.0;0.0;4.5;4.5;3.22;16.8;24.58;;;;;;SANTOSBR;CGC;;BERÇO TECON 1.1;24;8:55;24;10:10;24;12:38;25;5:30;25.0;10:45;25.0;11:55;1000;3.0
ComDragagem2035;5466;23.0;265.0;12.75;0;0;0;23;19:52;10.58;2.83;21.0;34.42;0.0;3.33;3.33;3.85;15.61;22.83;;;;;;SANTOSBR;CGC;;BERÇO TECON 2;25;6:20;25;7:35;25;10:41;26;2:20;26.0;6:25;26.0;7:35;3000;3.0
ComDragagem2035;5467;23.0;185.0;10.75;0;0;0;23;14:42;11.25;25.83;5.58;42.67;0.0;0.75;0.75;4.19;59.07;64.08;;;;;;STOLTHAVEN;GL;;BERÇO AL 02;25;9:25;25;11:00;25;14:26;28;1:35;28.0;3:05;28.0;4:55;35000;2.0
ComDragagem2035;5470;23.0;225.0;0.0;0;0;0;23;17:51;16.25;127.25;16.58;160.08;0.0;0.42;0.42;2.29;39.92;42.67;;;;;;TGG;GSA - E;;BERÇO TGG;30;10:00;30;11:10;30;12:42;32;4:40;32.0;5:50;32.0;6:35;70000;1.0
ComDragagem2035;5471;23.0;225.0;0.0;0;0;0;23;17:51;102.42;427.42;49.0;578.83;0.0;0.0;0.0;5.69;62.19;67.92;;;;;;TIPLAM - GSA - E;GSA - E;;BERÇO TIPLAM 3;47;20:45;47;23:20;48;4:16;50;18:30;50.0;19:15;50.0;21:15;70000;1.0
ComDragagem2035;5472;23.0;185.0;0.0;0;0;0;23;19:50;10.0;14.58;0.0;24.58;0.0;1.25;1.25;12.18;29.94;43.42;;;;;;TRANSPETRO;GL;;BERÇO AL 01;24;20:25;24;22:20;25;9:45;26;15:45;26.0;17:45;26.0;19:15;35000;1.0
ComDragagem2035;5473;23.0;225.0;0.0;0;0;0;23;17:52;172.58;339.58;7.83;520.0;26.83;0.5;27.33;1.79;55.1;84.25;;;;;;XXXIX;GSA - E;;BERÇO ARM 37;45;9:55;45;11:00;45;12:02;47;19:10;48.0;23:15;48.0;23:55;70000;1.0
ComDragagem2035;5474;36.0;225.0;0.0;0;0;0;24;18:55;0.0;0.0;1.25;1.25;0.0;0.0;0.0;1.47;99.0;100.5;;;;;;ARAUCO;CGNC;;BERÇO ARAUCO 2;24;20:10;24;22:20;24;23:03;29;2:05;29.0;2:50;29.0;4:35;55000;1.0
ComDragagem2035;5475;23.0;205.0;11.75;0;0;0;24;22:58;1.0;5.33;6.92;13.25;0.0;0.5;0.5;2.66;16.8;20.0;;;;;;TECON10;CGC;;BERÇO TECON10 2;25;12:15;25;14:00;25;15:54;26;8:45;26.0;10:00;26.0;11:40;1000;3.0
ComDragagem2035;5476;23.0;275.0;13.25;0;0;0;24;22:48;1.17;0.08;5.08;6.33;0.0;0.25;0.25;3.88;15.61;19.75;;;;;;TECON10;CGC;;BERÇO TECON10 4;25;5:10;25;6:55;25;10:02;26;1:40;26.0;2:40;26.0;4:20;3000;3.0
ComDragagem2035;5477;23.0;295.0;14.25;0;0;0;24;22:48;1.17;0.08;5.75;7.0;1.67;4.92;6.58;1.92;21.3;29.83;;;;;;TECON10;CGC;;BERÇO TECON10 1;25;5:50;25;7:35;25;8:45;26;6:05;26.0;13:25;26.0;15:05;4000;3.0
ComDragagem2035;5478;23.0;185.0;12.25;0;0;0;24;23:51;0.08;0.0;0.25;0.33;1.67;5.17;6.83;0.99;64.43;72.25;;;;;;AGEO_TERMINAIS;GL;;BERÇO IB SP;25;0:15;25;1:40;25;1:54;27;18:20;28.0;1:55;28.0;3:35;35000;2.0
ComDragagem2035;5479;23.0;135.0;7.75;0;0;0;24;22:59;8.33;99.5;2.25;110.08;0.0;3.67;3.67;3.87;20.71;28.25;;;;;;BTP;CGC;;BERÇO BTP 3;29;13:05;29;14:55;29;18:02;30;14:45;30.0;19:10;30.0;20:55;500;3.0
ComDragagem2035;5480;23.0;215.0;10.25;0;0;0;24;21:57;7.33;81.58;2.25;91.17;0.0;6.67;6.67;5.33;13.85;25.92;;;;;;BTP;CGC;;BERÇO BTP 2;28;17:10;28;19:00;28;23:34;29;13:30;29.0;20:55;29.0;22:40;1000;3.0
ComDragagem2035;5481;23.0;275.0;14.25;0;0;0;24;22:59;8.33;106.08;2.25;116.67;0.0;1.5;1.5;4.52;14.7;20.75;;;;;;BTP;CGC;;BERÇO BTP 2;29;19:40;29;21:30;30;1:16;30;16:00;30.0;18:15;30.0;20:00;3000;3.0
ComDragagem2035;5482;23.0;175.0;10.75;0;0;0;24;20:35;18.08;345.5;10.08;373.67;0.0;0.0;0.0;6.65;135.86;142.58;;;;;;BUNGE;GSA - I;;BERÇO ARM 30;40;10:15;40;11:10;40;17:04;46;9:00;46.0;9:45;46.0;10:55;35000;2.0
ComDragagem2035;5483;23.0;225.0;0.0;0;0;0;24;20:59;289.92;671.0;48.33;1009.25;0.0;0.0;0.0;4.64;68.98;73.67;;;;;;COFCO;GSA - E;;BERÇO ARM 12A;66;22:15;66;23:45;67;3:38;70;0:40;70.0;1:25;70.0;2:30;70000;1.0
ComDragagem2035;5484;23.0;205.0;11.75;0;0;0;24;23:46;2.83;33.25;16.58;52.67;0.0;0.0;0.0;2.64;13.38;16.08;;;;;;DPW - CGC;CGC;;BERÇO DPW 1;27;4:30;27;5:50;27;7:43;27;21:10;27.0;21:55;27.0;23:30;1000;3.0
ComDragagem2035;5485;23.0;205.0;11.25;0;0;0;24;19:54;4.75;34.17;13.42;52.33;0.0;4.58;4.58;2.19;13.38;20.17;;;;;;DPW - CGC;CGC;;BERÇO DPW 3;27;0:15;27;1:50;27;3:16;27;16:40;27.0;22:00;27.0;23:10;1000;3.0
ComDragagem2035;5486;23.0;275.0;14.25;0;0;0;24;23:46;2.83;62.83;3.25;68.92;1.58;4.25;5.83;3.43;17.86;27.17;;;;;;DPW - CGC;CGC;;BERÇO DPW 1;27;20:45;27;22:05;28;0:45;28;18:40;29.0;1:15;29.0;2:50;3000;3.0
ComDragagem2035;5487;23.0;225.0;0.0;0;0;0;24;23:24;177.58;372.42;40.0;590.0;0.0;0.0;0.0;4.75;53.25;58.0;;;;;;ELEVACOES;GSA - E;;BERÇO ARM 16/17;49;13:25;49;14:55;49;18:55;52;0:10;52.0;0:55;52.0;2:00;70000;1.0
ComDragagem2035;5488;23.0;225.0;0.0;0;0;0;24;22:59;128.0;368.83;29.83;526.67;0.0;0.0;0.0;2.27;53.25;55.58;;;;;;ELEVACOES;GSA - E;;BERÇO ARM 19;46;21:40;46;23:05;47;0:36;49;5:55;49.0;6:40;49.0;7:40;70000;1.0
ComDragagem2035;5489;23.0;135.0;7.25;0;0;0;24;23:29;1.75;20.92;2.58;25.25;0.0;1.58;1.58;3.0;7.08;11.67;;;;;;SANTOSBR;CGC;;BERÇO TECON 1.2;26;0:45;26;2:00;26;4:15;26;11:20;26.0;13:40;26.0;14:50;500;3.0
ComDragagem2035;5490;23.0;215.0;12.25;0;0;0;24;23:54;0.08;8.17;2.0;10.25;1.17;4.67;5.83;2.99;16.8;25.67;;;;;;SANTOSBR;CGC;;BERÇO TECON 1.1;25;10:10;25;11:25;25;13:39;26;6:30;26.0;13:05;26.0;14:15;1000;3.0
ComDragagem2035;5491;23.0;215.0;12.25;0;0;0;24;23:25;0.58;0.08;0.42;1.08;1.0;1.42;2.42;4.39;16.8;23.67;;;;;;SANTOSBR;CGC;;BERÇO TECON 1.2;25;0:30;25;1:45;25;5:23;25;22:15;26.0;1:25;26.0;2:35;1000;3.0
ComDragagem2035;5492;23.0;275.0;14.25;0;0;0;24;23:54;1.33;28.25;0.33;29.92;0.0;0.0;0.0;4.28;15.61;19.92;;;;;;SANTOSBR;CGC;;BERÇO TECON 2;26;5:50;26;7:05;26;10:36;27;2:15;27.0;3:00;27.0;4:10;3000;3.0
ComDragagem2035;5493;23.0;275.0;14.25;0;0;0;24;23:25;0.58;12.17;0.33;13.08;0.0;2.17;2.17;2.68;15.61;20.5;;;;;;SANTOSBR;CGC;;BERÇO TECON 3;25;12:30;25;13:45;25;15:40;26;7:20;26.0;10:15;26.0;11:25;3000;3.0
ComDragagem2035;5494;23.0;225.0;0.0;0;0;0;24;18:52;85.33;273.17;3.92;362.42;0.0;1.17;1.17;1.99;88.35;91.5;;;;;;TEAG;GSA - E;;BERÇO TEAG;39;21:20;39;22:30;39;23:44;43;16:05;43.0;18:00;43.0;18:45;70000;1.0
ComDragagem2035;5495;23.0;195.0;10.25;0;0;1;24;22:26;6.67;99.0;11.75;117.42;0.0;0.0;0.0;1.14;20.97;22.17;;;;;;TEV;RORO;;BERÇO TEV;29;19:55;29;21:15;29;21:38;30;18:40;30.0;19:25;30.0;20:40;1500;3.0
ComDragagem2035;5496;23.0;225.0;0.0;0;0;0;24;23:24;116.58;411.17;65.83;593.58;0.0;1.83;1.83;3.68;62.19;67.75;;;;;;TIPLAM - GSA - E;GSA - E;;BERÇO TIPLAM 2;49;17:00;49;19:35;49;22:30;52;12:45;52.0;15:20;52.0;17:20;70000;1.0
ComDragagem2035;5497;23.0;185.0;11.75;0;0;0;24;22:24;6.33;63.25;12.08;81.67;0.0;0.0;0.0;0.75;62.88;63.67;;;;;;VOPAK;GL;;BERÇO AL 02;28;8:05;28;9:40;28;9:40;31;0:35;31.0;1:20;31.0;3:10;35000;2.0
ComDragagem2035;5498;18.0;85.34;4.3;0;0;0;24;20:50;0.0;0.0;0.0;0.0;0.0;3.42;3.42;0.83;4.83;9.08;;;;;;SAIPEM;CGNC;;BERÇO SAIPEM 1;24;20:50;24;21:45;24;21:49;25;2:40;25.0;6:50;25.0;7:20;0;1.0
ComDragagem2035;5499;36.0;225.0;0.0;0;0;0;25;1:06;0.0;0.0;2.92;2.92;1.17;5.33;6.5;1.59;99.0;107.08;;;;;;ARAUCO;CGNC;;BERÇO ARAUCO 3;25;4:05;25;6:15;25;7:05;29;10:05;29.0;17:20;29.0;19:20;55000;1.0
ComDragagem2035;5500;23.0;255.0;9.75;0;0;0;25;3:06;1.75;15.33;4.0;21.08;0.0;0.33;0.33;1.3;15.61;17.25;;;;;;TECON10;CGC;;BERÇO TECON10 3;26;0:15;26;2:00;26;2:33;26;18:10;26.0;19:15;26.0;20:55;3000;3.0
ComDragagem2035;5501;23.0;155.0;0.0;0;0;0;25;2:05;0.0;0.0;7.58;7.58;1.33;3.08;4.42;1.35;45.88;51.67;;;;;;AGEO_TERMINAIS;GL;;BERÇO Ageo I;25;9:40;25;11:25;25;12:01;27;9:55;27.0;15:05;27.0;16:25;18000;1.0
ComDragagem2035;5502;23.0;135.0;7.75;0;0;0;25;1:03;9.17;114.25;5.25;128.67;0.25;1.08;1.33;3.44;20.71;25.5;;;;;;BTP;CGC;;BERÇO BTP 1;30;9:45;30;11:35;30;14:16;31;11:00;31.0;13:05;31.0;14:50;500;3.0
ComDragagem2035;5503;23.0;215.0;8.25;0;0;0;25;0:00;7.33;98.42;2.25;108.0;0.0;0.0;0.0;2.99;13.85;16.83;;;;;;BTP;CGC;;BERÇO BTP 1;29;12:00;29;13:50;29;16:04;30;5:55;30.0;6:40;30.0;8:25;1000;3.0
ComDragagem2035;5504;23.0;305.0;9.75;0;0;0;25;1:03;9.17;119.83;7.08;136.08;0.0;0.08;0.08;3.06;20.66;23.83;;;;;;BTP;CGC;;BERÇO BTP 2;30;17:10;30;19:00;30;21:18;31;18:00;31.0;18:50;31.0;20:35;4000;3.0
ComDragagem2035;5505;23.0;225.0;0.0;0;0;0;25;4:08;316.5;712.67;49.5;1078.67;0.0;0.08;0.08;10.78;68.98;79.92;;;;;;COFCO;GSA - E;;BERÇO ARM 12A;70;2:50;70;4:20;70;14:21;73;11:25;73.0;12:15;73.0;13:20;70000;1.0
ComDragagem2035;5506;23.0;225.0;0.0;0;0;0;25;0:03;313.08;709.08;48.33;1070.5;0.0;0.0;0.0;7.1;68.98;76.08;;;;;;COFCO;GSA - E;;BERÇO ARM 13/14;69;14:35;69;16:05;69;22:26;72;19:25;72.0;20:10;72.0;21:15;70000;1.0
ComDragagem2035;5507;23.0;185.0;0.0;0;0;0;25;2:03;142.25;1070.42;52.5;1265.17;0.0;1.0;1.0;2.84;39.48;43.33;;;;;;COPESUCAR;GSA - E;;BERÇO ARM 20/21;77;19:15;77;20:40;77;22:45;79;14:15;79.0;16:00;79.0;17:00;45000;1.0
ComDragagem2035;5508;23.0;225.0;0.0;0;0;0;25;5:10;385.58;949.25;42.92;1377.75;0.0;0.08;0.08;2.46;58.85;61.42;;;;;;COPESUCAR;GSA - E;;BERÇO ARM 20/21;82;14:55;82;16:20;82;18:02;85;4:55;85.0;5:45;85.0;6:45;70000;1.0
ComDragagem2035;5509;23.0;225.0;0.0;0;0;0;25;4:08;361.5;905.83;42.92;1310.25;0.75;1.33;2.08;4.54;58.85;65.5;;;;;;COPESUCAR;GSA - E;;BERÇO ARM 20/21;79;18:25;79;19:50;79;23:37;82;10:30;82.0;13:20;82.0;14:20;70000;1.0
ComDragagem2035;5510;23.0;195.0;7.25;0;0;0;25;0:01;3.33;39.83;17.92;61.08;0.0;2.75;2.75;3.12;13.38;19.25;;;;;;DPW - CGC;CGC;;BERÇO DPW 2;27;13:10;27;14:50;27;17:12;28;6:35;28.0;10:05;28.0;11:40;1000;3.0
ComDragagem2035;5511;23.0;255.0;9.25;0;0;0;25;0:01;5.0;55.5;20.08;80.58;0.0;2.67;2.67;2.41;17.86;23.0;;;;;;DPW - CGC;CGC;;BERÇO DPW 2;28;8:40;28;10:20;28;11:59;29;5:55;29.0;9:20;29.0;10:55;3000;3.0
ComDragagem2035;5512;36.0;225.0;0.0;0;0;0;25;1:03;6.25;106.25;10.08;122.58;0.0;0.42;0.42;10.73;36.9;48.08;;;;;;ELDORADO;CGNC;;BERÇO ARM 31;30;3:40;30;4:55;30;14:53;32;3:50;32.0;5:00;32.0;5:50;55000;1.0
ComDragagem2035;5513;23.0;225.0;0.0;0;0;0;25;0:01;176.58;373.92;46.42;596.92;0.0;0.33;0.33;2.83;53.25;56.42;;;;;;ELEVACOES;GSA - E;;BERÇO ARM 19;49;21:00;49;22:25;50;0:29;52;5:45;52.0;6:50;52.0;7:50;70000;1.0
ComDragagem2035;5514;23.0;225.0;0.0;0;0;0;25;3:07;192.0;409.33;51.42;652.75;0.0;0.0;0.0;3.22;53.25;56.5;;;;;;ELEVACOES;GSA - E;;BERÇO ARM 19;52;7:55;52;9:20;52;11:48;54;17:05;54.0;17:50;54.0;18:50;70000;1.0
ComDragagem2035;5515;23.0;155.0;7.25;0;0;0;25;3:11;0.0;0.0;1.33;1.33;1.08;0.17;1.25;10.62;30.25;42.17;;;;;;GRANEL;GL;;BERÇO IB BC;25;4:35;25;6:00;25;15:52;26;22:10;27.0;0:10;27.0;1:50;18000;2.0
ComDragagem2035;5516;23.0;225.0;8.25;0;0;0;25;1:04;0.0;0.0;4.33;4.33;0.33;1.5;1.83;3.94;49.28;55.08;;;;;;HIDROVIAS;GSM - I;;BERÇO ARM 23;25;5:25;25;6:25;25;9:36;27;10:55;27.0;13:30;27.0;14:45;70000;2.0
ComDragagem2035;5517;36.0;225.0;0.0;0;0;0;25;6:07;8.75;146.83;13.92;169.5;0.83;3.75;4.58;5.24;200.0;209.83;;;;;;NST - CGNC;CGNC;;BERÇO ARM 31;32;7:40;32;8:55;32;13:24;40;21:25;41.0;2:45;41.0;3:35;55000;1.0
ComDragagem2035;5518;23.0;175.0;0.0;0;0;0;25;7:29;16.83;262.33;13.33;292.5;0.0;0.33;0.33;0.94;137.91;139.25;;;;;;NST - GL;GL;;BERÇO ARM 29;37;12:00;37;13:20;37;13:31;43;7:30;43.0;8:35;43.0;9:30;35000;1.0
ComDragagem2035;5519;23.0;255.0;9.75;0;0;0;25;3:07;1.25;34.92;1.0;37.17;0.0;2.25;2.25;3.05;15.61;20.92;;;;;;SANTOSBR;CGC;;BERÇO TECON 1/2;26;16:20;26;17:35;26;19:53;27;11:30;27.0;14:30;27.0;15:40;3000;3.0
ComDragagem2035;5520;23.0;255.0;9.75;0;0;0;25;2:06;1.25;28.83;0.92;31.0;0.0;1.42;1.42;3.05;15.61;20.08;;;;;;SANTOSBR;CGC;;BERÇO TECON 3;26;9:10;26;10:25;26;12:43;27;4:20;27.0;6:30;27.0;7:40;3000;3.0
ComDragagem2035;5521;23.0;225.0;0.0;0;0;0;25;2:03;72.83;159.92;2.0;234.75;0.0;0.58;0.58;1.14;78.07;79.83;;;;;;TEG;GSA - E;;BERÇO TEG;34;20:50;34;22:00;34;22:23;38;4:30;38.0;5:50;38.0;6:35;70000;1.0
ComDragagem2035;5523;23.0;225.0;0.0;0;0;0;25;0:04;8.17;152.42;15.33;175.92;0.0;0.5;0.5;2.94;39.92;43.42;;;;;;TGG;GSA - E;;BERÇO TGG;32;8:00;32;9:10;32;11:21;34;3:20;34.0;4:35;34.0;5:20;70000;1.0
ComDragagem2035;5524;23.0;245.0;0.0;0;0;0;25;0:04;10.5;193.58;20.83;224.92;0.0;0.0;0.0;5.13;97.87;103.0;;;;;;TGG;GSA - E;;BERÇO TGG;34;9:00;34;10:10;34;14:32;38;16:25;38.0;17:10;38.0;17:55;85000;1.0
ComDragagem2035;5525;23.0;225.0;0.0;0;0;0;25;0:00;118.58;434.33;68.42;621.33;0.0;0.08;0.08;3.86;62.19;66.17;;;;;;TIPLAM - GSA - E;GSA - E;;BERÇO TIPLAM 3;50;21:20;50;23:55;51;3:01;53;17:15;53.0;18:05;53.0;20:05;70000;1.0
ComDragagem2035;5526;23.0;185.0;0.0;0;0;0;25;3:08;5.75;74.5;9.58;89.83;0.0;0.0;0.0;2.53;29.94;32.5;;;;;;TRANSPETRO;GL;;BERÇO AL 01;28;21:00;28;22:55;29;0:41;30;6:40;30.0;7:25;30.0;8:55;35000;1.0
ComDragagem2035;5527;23.0;185.0;0.0;0;0;0;25;1:04;1.92;37.25;3.08;42.25;0.0;0.0;0.0;16.21;29.94;46.17;;;;;;TRANSPETRO;GL;;BERÇO AL 01;26;19:20;26;21:15;27;12:42;28;18:40;28.0;19:25;28.0;20:55;35000;1.0
ComDragagem2035;5528;23.0;155.0;0.0;0;0;0;25;4:05;0.0;0.0;0.83;0.83;0.0;0.67;0.67;0.75;41.58;43.0;;;;;;VOPAK;GL;;BERÇO AL 04;25;4:55;25;6:50;25;6:50;27;0:25;27.0;1:50;27.0;3:20;18000;1.0
ComDragagem2035;5529;23.0;185.0;0.0;0;0;0;25;4:06;9.58;111.17;11.33;132.08;1.5;1.42;2.92;0.75;62.88;66.58;;;;;;VOPAK;GL;;BERÇO AL 03;30;16:15;30;18:10;30;18:10;33;9:05;33.0;12:45;33.0;14:15;35000;1.0
ComDragagem2035;5530;18.0;76.0;5.0;0;0;0;25;10:00;0.0;0.0;0.42;0.42;0.67;1.0;1.67;0.83;11.17;13.67;;;;;;SAIPEM;CGNC;;BERÇO SAIPEM 1;25;10:25;25;11:20;25;11:24;25;22:35;26.0;1:00;26.0;1:50;0;3.0
ComDragagem2035;5531;36.0;225.0;0.0;0;0;0;26;4:13;4.33;41.58;5.67;51.58;0.0;0.58;0.58;1.54;99.0;101.17;;;;;;ARAUCO;CGNC;;BERÇO ARAUCO 1;28;7:50;28;10:00;28;10:47;32;13:50;32.0;15:10;32.0;16:55;55000;1.0
ComDragagem2035;5532;23.0;185.0;9.25;0;0;0;26;5:12;0.0;0.0;13.25;13.25;0.0;0.75;0.75;1.52;16.8;19.08;;;;;;TECON10;CGC;;BERÇO TECON10 3;26;18:30;26;20:15;26;21:01;27;13:50;27.0;15:20;27.0;17:00;1000;3.0
ComDragagem2035;5533;23.0;195.0;9.25;0;0;0;26;6:18;1.75;20.5;15.92;38.17;1.67;5.67;7.33;2.97;16.8;27.17;;;;;;TECON10;CGC;;BERÇO TECON10 3;27;20:30;27;22:15;28;0:28;28;17:20;29.0;1:25;29.0;3:05;1000;3.0
ComDragagem2035;5534;23.0;255.0;10.25;0;0;0;26;5:11;0.0;0.0;10.33;10.33;0.33;1.33;1.67;2.72;15.61;20.0;;;;;;TECON10;CGC;;BERÇO TECON10 2;26;15:35;26;17:20;26;19:18;27;10:55;27.0;13:20;27.0;15:00;3000;3.0
ComDragagem2035;5535;23.0;255.0;10.25;0;0;0;26;5:13;0.0;0.0;7.0;7.0;1.67;3.75;5.42;3.46;15.61;24.5;;;;;;TECON10;CGC;;BERÇO TECON10 1;26;12:15;26;14:00;26;16:42;27;8:20;27.0;14:30;27.0;16:10;3000;3.0
ComDragagem2035;5536;23.0;255.0;10.25;0;0;0;26;5:11;0.0;0.0;15.75;15.75;1.33;0.92;2.25;8.31;15.61;26.17;;;;;;TECON10;CGC;;BERÇO TECON10 4;26;21:00;26;22:45;27;6:18;27;21:55;28.0;0:55;28.0;2:35;3000;3.0
ComDragagem2035;5537;23.0;225.0;0.0;0;0;0;26;5:08;3.17;40.92;3.75;47.83;0.0;0.5;0.5;8.1;51.12;59.75;;;;;;RUMO - GSA - E;GSA - E;;BERÇO RUMO 1;28;5:00;28;6:35;28;13:56;30;17:05;30.0;18:20;30.0;19:30;70000;1.0
ComDragagem2035;5538;23.0;225.0;0.0;0;0;0;26;8:15;0.5;0.0;0.92;1.42;0.0;0.67;0.67;3.25;51.12;55.08;;;;;;ADM;GSA - E;;BERÇO ARM 39;26;9:40;26;10:45;26;13:15;28;16:25;28.0;17:50;28.0;18:30;70000;1.0
ComDragagem2035;5539;36.0;225.0;0.0;0;0;0;26;4:12;0.0;0.0;0.17;0.17;0.5;7.5;8.0;2.13;99.66;109.83;;;;;;BRACELL;CGNC;;BERÇO ARM 35P2;26;4:25;26;5:40;26;7:02;30;10:45;30.0;19:30;30.0;20:20;55000;1.0
ComDragagem2035;5540;23.0;215.0;8.75;0;0;0;26;4:12;11.0;130.42;5.5;146.92;0.0;0.58;0.58;2.17;13.85;16.67;;;;;;BTP;CGC;;BERÇO BTP 1;32;7:10;32;9:00;32;10:25;33;0:20;33.0;1:40;33.0;3:25;1000;3.0
ComDragagem2035;5541;23.0;215.0;8.75;0;0;0;26;5:15;9.17;112.08;5.5;126.75;0.0;1.83;1.83;3.01;13.85;18.75;;;;;;BTP;CGC;;BERÇO BTP 1;31;12:00;31;13:50;31;16:05;32;6:00;32.0;8:35;32.0;10:20;1000;3.0
ComDragagem2035;5542;23.0;245.0;10.75;0;0;0;26;2:07;7.33;102.0;5.5;114.83;0.0;0.0;0.0;2.28;14.7;17.0;;;;;;BTP;CGC;;BERÇO BTP 3;30;21:00;30;22:50;31;0:21;31;15:05;31.0;15:50;31.0;17:35;3000;3.0
ComDragagem2035;5543;23.0;165.0;10.25;0;0;0;26;0:11;33.92;444.67;12.17;490.75;1.17;0.25;1.42;6.81;135.86;144.08;;;;;;BUNGE;GSA - I;;BERÇO ARM 30;46;11:00;46;11:55;46;17:58;52;9:50;52.0;12:00;52.0;13:10;35000;2.0
ComDragagem2035;5544;23.0;225.0;0.0;0;0;0;26;8:18;325.17;742.42;49.67;1117.25;0.0;0.17;0.17;4.9;68.98;74.08;;;;;;COFCO;GSA - E;;BERÇO ARM 13/14;72;21:35;72;23:05;73;3:14;76;0:15;76.0;1:10;76.0;2:15;70000;1.0
ComDragagem2035;5546;23.0;185.0;0.0;0;0;0;26;6:17;165.75;1197.25;53.58;1416.58;0.0;0.0;0.0;3.94;39.48;43.42;;;;;;COPESUCAR;GSA - E;;BERÇO ARM 20/21;85;6:55;85;8:20;85;11:31;87;3:00;87.0;3:45;87.0;4:45;45000;1.0
ComDragagem2035;5547;23.0;225.0;0.0;0;0;0;26;7:23;405.83;1010.33;45.25;1461.42;0.0;0.58;0.58;2.36;58.85;61.83;;;;;;COPESUCAR;GSA - E;;BERÇO ARM 20/21;87;4:50;87;6:15;87;7:51;89;18:45;89.0;20:05;89.0;21:05;70000;1.0
ComDragagem2035;5548;23.0;225.0;0.0;0;0;0;26;7:19;4.33;91.67;2.92;98.92;0.0;0.42;0.42;3.38;54.03;57.83;;;;;;CUTRALE - GSA - E;GSA - E;;BERÇO CUTRALE;30;10:15;30;11:20;30;13:57;32;20:00;32.0;21:10;32.0;21:50;70000;1.0
ComDragagem2035;5549;23.0;195.0;9.25;0;0;0;26;6:16;3.17;33.08;6.08;42.33;0.0;0.25;0.25;3.55;13.38;17.25;;;;;;DPW - CGC;CGC;;BERÇO DPW 3;28;0:40;28;2:15;28;5:03;28;18:30;28.0;19:30;28.0;20:40;1000;3.0
ComDragagem2035;5550;23.0;275.0;10.25;0;0;0;26;6:16;5.0;65.33;3.33;73.67;0.0;0.0;0.0;2.2;17.86;20.08;;;;;;DPW - CGC;CGC;;BERÇO DPW 2;29;8:00;29;9:40;29;11:07;30;5:00;30.0;5:45;30.0;7:20;3000;3.0
ComDragagem2035;5551;36.0;225.0;0.0;0;0;0;26;6:15;23.33;318.08;18.75;360.17;0.0;0.25;0.25;8.4;36.9;45.58;;;;;;ELDORADO;CGNC;;BERÇO ARM 31;41;6:25;41;7:40;41;15:19;43;4:15;43.0;5:15;43.0;6:05;55000;1.0
ComDragagem2035;5552;23.0;175.0;0.0;0;0;0;26;8:18;100.42;516.92;65.25;682.58;0.0;0.0;0.0;2.72;27.04;29.83;;;;;;ELEVACOES;GSA - E;;BERÇO ARM 19;54;18:55;54;20:20;54;22:18;56;1:25;56.0;2:10;56.0;3:10;35000;1.0
ComDragagem2035;5553;23.0;225.0;0.0;0;0;0;26;7:16;181.33;388.67;50.25;620.25;0.0;0.17;0.17;4.46;53.25;57.92;;;;;;ELEVACOES;GSA - E;;BERÇO ARM 16/17;52;3:35;52;5:05;52;8:47;54;14:05;54.0;15:00;54.0;16:05;70000;1.0
ComDragagem2035;5554;36.0;225.0;0.0;0;0;0;26;10:26;25.83;357.0;21.33;404.17;0.0;0.0;0.0;9.94;200.0;210.0;;;;;;NST - CGNC;CGNC;;BERÇO ARM 31;43;6:40;43;7:55;43;17:06;52;1:10;52.0;1:55;52.0;2:45;55000;1.0
ComDragagem2035;5555;23.0;195.0;9.25;0;0;0;26;6:17;1.25;5.25;16.17;22.67;0.0;0.0;0.0;7.27;16.8;24.08;;;;;;SANTOSBR;CGC;;BERÇO TECON 2;27;5:00;27;6:15;27;12:46;28;5:35;28.0;6:20;28.0;7:30;1000;3.0
ComDragagem2035;5556;49.0;366.0;15.0;1;0;0;26;4:10;43.25;5.58;0.58;49.42;2.67;0.33;3.0;4.55;38.88;46.5;;;;;;SANTOSBR;CGC;;BERÇO TECON 2;28;5:35;28;6:55;28;10:43;30;1:40;30.0;5:25;30.0;6:40;12500;3.0
ComDragagem2035;5557;23.0;255.0;10.25;0;0;0;26;6:17;1.25;19.58;15.0;35.83;0.0;0.0;0.0;3.47;15.61;19.08;;;;;;SANTOSBR;CGC;;BERÇO TECON 1/2;27;18:10;27;19:25;27;22:08;28;13:45;28.0;14:30;28.0;15:40;3000;3.0
ComDragagem2035;5558;23.0;295.0;11.25;0;0;0;26;5:13;1.25;8.25;15.17;24.67;1.17;5.58;6.75;1.84;21.3;29.92;;;;;;SANTOSBR;CGC;;BERÇO TECON 3;27;5:55;27;7:10;27;8:15;28;5:35;28.0;13:05;28.0;14:15;4000;3.0
ComDragagem2035;5559;23.0;225.0;0.0;0;0;0;26;6:14;91.42;327.17;3.92;422.5;31.58;0.5;32.08;1.69;88.35;122.17;;;;;;TEAG;GSA - E;;BERÇO TEAG;43;20:45;43;21:55;43;22:51;47;15:15;49.0;0:05;49.0;0:50;70000;1.0
ComDragagem2035;5560;23.0;235.0;8.25;0;0;1;26;5:14;5.33;96.08;11.75;113.17;1.25;6.25;7.5;2.13;19.52;29.17;;;;;;TEV;RORO;;BERÇO TEV;30;22:25;30;23:45;31;1:07;31;20:40;32.0;4:55;32.0;6:10;5000;3.0
ComDragagem2035;5561;23.0;225.0;0.0;0;0;0;26;7:15;14.83;267.08;21.42;303.33;0.0;0.0;0.0;2.0;39.92;41.92;;;;;;TGG;GSA - E;;BERÇO TGG;38;22:35;38;23:45;39;1:00;40;16:55;40.0;17:40;40.0;18:25;70000;1.0
ComDragagem2035;5562;23.0;225.0;0.0;0;0;0;26;2:11;121.5;449.58;68.42;639.5;0.0;2.92;2.92;3.23;62.19;68.33;;;;;;TIPLAM - GSA - E;GSA - E;;BERÇO TIPLAM 2;52;17:45;52;20:20;52;22:48;55;13:00;55.0;16:40;55.0;18:40;70000;1.0
ComDragagem2035;5563;38.0;250.0;0.0;0;0;0;26;2:11;132.67;546.58;34.0;713.25;0.0;1.25;1.25;1.89;73.55;76.75;;;;;;TIPLAM - GSA - E;GSA - E;;BERÇO TIPLAM 2;55;19:30;55;22:05;55;23:13;59;0:50;59.0;2:50;59.0;4:50;85000;1.0
ComDragagem2035;5564;23.0;185.0;0.0;0;0;0;26;6:13;7.67;83.08;8.5;99.25;0.0;0.0;0.0;2.29;29.94;32.25;;;;;;TRANSPETRO;GL;;BERÇO AL 01;30;9:30;30;11:25;30;12:57;31;18:55;31.0;19:40;31.0;21:10;35000;1.0
ComDragagem2035;5565;23.0;175.0;0.0;0;0;0;26;5:16;0.0;0.0;0.0;0.0;2.0;7.42;9.42;12.12;90.66;112.25;;;;;;USIMINAS;CGNC;;BERÇO USIMINAS 1;26;5:20;26;7:45;26;19:07;30;13:50;31.0;0:00;31.0;2:00;35000;1.0
ComDragagem2035;5566;23.0;225.0;0.0;0;0;0;26;8:20;348.92;295.42;17.42;661.75;0.0;0.17;0.17;1.31;55.1;56.58;;;;;;XXXIX;GSA - E;;BERÇO ARM 37;53;22:05;53;23:10;53;23:43;56;6:50;56.0;7:45;56.0;8:25;70000;1.0
ComDragagem2035;5567;38.0;250.0;0.0;0;0;0;26;7:15;293.75;256.17;16.83;566.75;0.0;1.17;1.17;2.53;90.23;94.0;;;;;;XXXIX;GSA - E;;BERÇO ARM 37;49;22:00;49;23:05;50;0:51;53;19:10;53.0;21:05;53.0;21:45;85000;1.0
ComDragagem2035;5568;19.0;87.9;5.2;0;0;0;26;8:50;0.0;0.0;1.08;1.08;0.08;0.5;0.58;0.92;12.17;13.67;;;;;;SAIPEM;CGNC;;BERÇO SAIPEM 1;26;9:55;26;10:50;26;11:00;26;23:10;27.0;0:30;27.0;1:00;0;1.0
ComDragagem2035;5569;36.0;225.0;0.0;0;0;0;27;7:17;4.33;31.42;11.83;47.58;0.0;3.67;3.67;12.66;99.0;115.33;;;;;;ARAUCO;CGNC;;BERÇO ARAUCO 2;29;6:55;29;9:05;29;20:59;34;0:00;34.0;4:25;34.0;6:10;55000;1.0
ComDragagem2035;5570;23.0;185.0;9.75;0;0;0;27;10:27;0.0;7.42;0.0;7.42;0.0;0.83;0.83;3.78;16.8;21.42;;;;;;TECON10;CGC;;BERÇO TECON10 1;27;17:55;27;19:40;27;22:41;28;15:30;28.0;17:05;28.0;18:45;1000;3.0
ComDragagem2035;5571;23.0;185.0;9.75;0;0;0;27;10:27;1.75;21.08;0.75;23.58;0.0;0.0;0.0;5.45;16.8;22.25;;;;;;TECON10;CGC;;BERÇO TECON10 2;28;10:05;28;11:50;28;16:32;29;9:20;29.0;10:05;29.0;11:45;1000;3.0
ComDragagem2035;5572;23.0;275.0;10.75;0;0;0;27;9:25;0.0;2.83;0.0;2.83;0.0;2.17;2.17;2.46;15.61;20.25;;;;;;TECON10;CGC;;BERÇO TECON10 2;27;12:15;27;14:00;27;15:42;28;7:20;28.0;10:15;28.0;11:55;3000;3.0
ComDragagem2035;5573;23.0;295.0;12.25;0;0;0;27;10:27;1.75;11.75;0.0;13.5;0.0;0.58;0.58;2.66;21.3;24.58;;;;;;TECON10;CGC;;BERÇO TECON10 4;28;0:00;28;1:45;28;3:39;29;1:00;29.0;2:20;29.0;4:00;4000;3.0
ComDragagem2035;5574;23.0;225.0;0.0;0;0;0;27;8:18;10.33;28.08;0.0;38.42;0.0;0.5;0.5;2.95;51.12;54.58;;;;;;ADM;GSA - E;;BERÇO ARM 39;28;22:45;28;23:50;29;2:02;31;5:10;31.0;6:25;31.0;7:05;70000;1.0
ComDragagem2035;5575;23.0;155.0;0.0;0;0;0;27;7:19;0.0;0.0;12.0;12.0;1.33;2.42;3.75;1.49;45.88;51.17;;;;;;AGEO_TERMINAIS;GL;;BERÇO Ageo I;27;19:20;27;21:05;27;21:49;29;19:45;30.0;0:15;30.0;1:35;18000;1.0
ComDragagem2035;5576;23.0;185.0;9.25;0;0;0;27;9:24;0.0;0.0;0.33;0.33;0.0;1.75;1.75;1.1;64.43;67.33;;;;;;AGEO_TERMINAIS;GL;;BERÇO IB BC;27;9:45;27;11:10;27;11:31;30;4:00;30.0;6:30;30.0;8:10;35000;2.0
ComDragagem2035;5577;36.0;225.0;0.0;0;0;0;27;10:25;0.0;0.0;0.33;0.33;0.0;0.0;0.0;0.99;99.66;100.67;;;;;;BRACELL;CGNC;;BERÇO ARM 35P1;27;10:45;27;11:55;27;12:09;31;15:50;31.0;16:35;31.0;17:20;55000;1.0
ComDragagem2035;5578;23.0;135.0;7.75;0;0;0;27;5:16;7.33;92.58;4.83;104.75;0.0;0.0;0.0;4.39;20.71;25.17;;;;;;BTP;CGC;;BERÇO BTP 3;31;14:05;31;15:55;31;19:33;32;16:20;32.0;17:05;32.0;18:50;500;3.0
ComDragagem2035;5579;23.0;215.0;8.75;0;0;0;27;5:16;7.33;100.0;4.83;112.17;0.0;0.92;0.92;4.51;13.85;19.33;;;;;;BTP;CGC;;BERÇO BTP 2;31;21:30;31;23:20;32;3:05;32;17:00;32.0;18:40;32.0;20:25;1000;3.0
ComDragagem2035;5580;23.0;215.0;8.75;0;0;0;27;6:20;9.17;114.67;5.17;129.0;1.75;0.83;2.58;2.62;13.85;19.08;;;;;;BTP;CGC;;BERÇO BTP 3;32;15:20;32;17:10;32;19:02;33;8:55;33.0;12:15;33.0;14:00;1000;3.0
ComDragagem2035;5581;23.0;205.0;0.0;0;0;0;27;9:23;25.92;349.5;9.17;384.58;0.0;0.25;0.25;0.86;77.19;78.33;;;;;;CITROSUCO;GL;;BERÇO ARM 29;43;10:00;43;11:20;43;11:26;46;16:40;46.0;17:40;46.0;18:35;35000;1.0
ComDragagem2035;5582;23.0;225.0;0.0;0;0;0;27;10:26;321.0;739.0;48.25;1108.25;0.0;1.5;1.5;17.64;68.98;88.17;;;;;;COFCO;GSA - E;;BERÇO ARM 12A;73;14:45;73;16:15;74;9:08;77;6:10;77.0;8:25;77.0;9:30;70000;1.0
ComDragagem2035;5583;23.0;225.0;0.0;0;0;0;27;11:29;331.17;786.33;51.0;1168.5;0.0;0.08;0.08;6.72;68.98;75.83;;;;;;COFCO;GSA - E;;BERÇO ARM 13/14;76;4:00;76;5:30;76;11:28;79;8:30;79.0;9:20;79.0;10:25;70000;1.0
ComDragagem2035;5585;23.0;165.0;8.25;0;0;0;27;12:27;0.0;0.0;0.0;0.0;0.0;5.17;5.17;3.35;12.03;20.58;;;;;;DOW;GL;;BERÇO DOW;27;12:30;27;13:15;27;15:51;28;3:55;28.0;9:50;28.0;10:50;18000;2.0
ComDragagem2035;5586;23.0;125.0;7.25;0;0;0;27;10:28;2.67;53.08;2.83;58.58;0.0;0.42;0.42;2.2;12.93;15.58;;;;;;DPW - CGC;CGC;;BERÇO DPW 1;29;21:05;29;22:25;29;23:52;30;12:50;30.0;14:00;30.0;15:35;500;3.0
ComDragagem2035;5587;23.0;215.0;9.25;0;0;0;27;7:18;1.58;34.33;2.33;38.25;0.0;0.17;0.17;1.47;13.38;15.08;;;;;;DPW - CGC;CGC;;BERÇO DPW 3;28;21:35;28;23:10;28;23:53;29;13:20;29.0;14:15;29.0;15:25;1000;3.0
ComDragagem2035;5588;49.0;366.0;15.0;1;0;0;27;11:28;70.17;19.33;0.67;90.17;2.5;0.42;2.92;2.5;41.74;47.17;;;;;;DPW - CGC;CGC;;BERÇO DPW 2;31;5:40;31;7:25;31;9:10;33;2:55;33.0;6:35;33.0;8:15;12500;3.0
ComDragagem2035;5589;49.0;366.0;15.0;1;0;0;27;10:28;58.58;15.17;0.67;74.42;7.75;0.17;7.92;2.19;41.74;51.92;;;;;;DPW - CGC;CGC;;BERÇO DPW 1;30;12:55;30;14:20;30;15:46;32;9:35;32.0;18:15;32.0;19:55;12500;3.0
ComDragagem2035;5590;23.0;275.0;10.25;0;0;0;27;7:18;2.67;38.08;0.17;40.92;0.0;0.42;0.42;2.21;17.86;20.5;;;;;;DPW - CGC;CGC;;BERÇO DPW 1;29;0:15;29;1:35;29;3:02;29;20:55;29.0;22:05;29.0;23:40;3000;3.0
ComDragagem2035;5591;23.0;295.0;12.25;0;0;0;27;11:28;5.0;59.42;0.67;65.08;0.0;0.0;0.0;3.12;21.93;25.08;;;;;;DPW - CGC;CGC;;BERÇO DPW 2;30;4:35;30;6:15;30;8:37;31;6:35;31.0;7:20;31.0;8:55;4000;3.0
ComDragagem2035;5592;36.0;225.0;0.0;0;0;0;27;9:27;0.0;0.0;0.5;0.5;1.17;7.5;8.67;6.33;64.0;79.0;;;;;;DPW - CGNC;CGNC;;BERÇO DPW 4;27;10:00;27;11:35;27;17:09;30;9:10;30.0;18:35;30.0;19:45;55000;1.0
ComDragagem2035;5593;23.0;225.0;0.0;0;0;0;27;9:25;203.92;404.08;46.75;654.75;0.0;1.42;1.42;4.06;53.25;58.75;;;;;;ELEVACOES;GSA - E;;BERÇO ARM 16/17;54;16:10;54;17:40;54;20:58;57;2:15;57.0;4:25;57.0;5:30;70000;1.0
ComDragagem2035;5594;23.0;175.0;9.75;0;0;0;27;5:21;0.0;0.0;0.25;0.25;1.33;3.0;4.33;1.07;59.83;65.25;;;;;;HIDROVIAS;GSM - I;;BERÇO ARM 22/23;27;5:40;27;6:45;27;7:04;29;18:55;30.0;0:00;30.0;1:20;35000;2.0
ComDragagem2035;5595;23.0;185.0;9.75;0;0;0;27;8:22;1.25;0.0;30.83;32.08;0.0;0.92;0.92;2.5;16.8;20.25;;;;;;SANTOSBR;CGC;;BERÇO TECON 1.1;28;16:30;28;17:45;28;19:30;29;12:20;29.0;14:00;29.0;15:10;1000;3.0
ComDragagem2035;5596;23.0;255.0;10.75;0;0;0;27;8:22;1.25;26.33;0.5;28.08;0.0;0.25;0.25;3.41;15.61;19.33;;;;;;SANTOSBR;CGC;;BERÇO TECON 3;28;12:30;28;13:45;28;16:24;29;8:05;29.0;9:05;29.0;10:15;3000;3.0
ComDragagem2035;5597;38.0;250.0;0.0;0;0;0;27;7:21;212.92;308.33;13.25;534.5;0.0;2.75;2.75;4.94;114.65;122.33;;;;;;TEAG;GSA - E;;BERÇO TEAG;49;13:55;49;15:05;49;19:16;54;13:55;54.0;17:25;54.0;18:10;85000;1.0
ComDragagem2035;5600;23.0;195.0;8.75;0;0;1;27;9:26;8.0;137.17;6.08;151.25;0.0;0.42;0.42;2.92;20.97;24.33;;;;;;TEV;RORO;;BERÇO TEV;33;16:45;33;18:05;33;20:15;34;17:15;34.0;18:25;34.0;19:40;1500;3.0
ComDragagem2035;5601;23.0;195.0;8.75;0;0;1;27;8:25;6.67;106.5;5.83;119.0;1.25;1.25;2.5;3.99;20.97;27.5;;;;;;TEV;RORO;;BERÇO TEV;32;7:25;32;8:45;32;11:59;33;9:00;33.0;12:15;33.0;13:30;1500;3.0
ComDragagem2035;5602;23.0;225.0;0.0;0;0;0;27;8:25;133.33;513.42;62.17;708.92;0.0;1.33;1.33;3.19;62.19;66.75;;;;;;TIPLAM - GSA - E;GSA - E;;BERÇO TIPLAM 3;56;21:20;56;23:55;57;2:21;59;16:35;59.0;18:40;59.0;20:40;70000;1.0
ComDragagem2035;5603;23.0;225.0;0.0;0;0;0;27;6:19;123.92;450.08;63.83;637.83;0.0;0.5;0.5;5.7;62.19;68.42;;;;;;TIPLAM - GSA - E;GSA - E;;BERÇO TIPLAM 3;53;20:10;53;22:45;54;3:42;56;17:55;56.0;19:10;56.0;21:10;70000;1.0
ComDragagem2035;5604;23.0;225.0;7.75;0;0;0;27;7:17;12.5;102.42;30.75;145.67;1.25;0.83;2.08;3.17;104.45;109.75;;;;;;TIPLAM - GSM - I;GSM - I;;BERÇO TIPLAM 1;33;9:00;33;11:05;33;13:30;37;22:00;38.0;0:50;38.0;3:20;70000;2.0
ComDragagem2035;5605;23.0;295.0;0.0;0;0;0;27;9:18;0.0;0.0;0.17;0.17;13.02;0.9;13.92;0.75;53.08;67.75;;;;;;TRSP;GL;;BERÇO TRSP;27;9:30;27;11:25;27;11:25;29;16:30;30.0;7:10;30.0;8:40;76500;1.0
ComDragagem2035;5606;23.0;215.0;0.0;0;0;0;27;8:24;93.42;571.75;33.25;698.42;0.0;0.0;0.0;1.03;55.1;56.17;;;;;;XXXIX;GSA - E;;BERÇO ARM 37;56;10:50;56;11:55;56;12:11;58;19:20;58.0;20:05;58.0;20:45;70000;1.0
ComDragagem2035;5607;36.0;225.0;0.0;0;0;0;28;10:30;2.17;24.58;6.17;32.92;2.0;6.83;8.83;5.02;99.0;112.92;;;;;;ARAUCO;CGNC;;BERÇO ARAUCO 3;29;19:25;29;21:35;30;1:51;34;4:55;34.0;14:30;34.0;16:30;55000;1.0
ComDragagem2035;5608;23.0;185.0;9.75;0;0;0;28;11:29;0.0;4.17;0.33;4.5;0.0;6.17;6.17;5.5;16.8;28.5;;;;;;TECON10;CGC;;BERÇO TECON10 1;28;16:00;28;17:45;28;22:30;29;15:20;29.0;22:15;29.0;23:55;1000;3.0
ComDragagem2035;5609;23.0;265.0;11.25;0;0;0;28;12:34;1.75;11.83;10.08;23.67;1.67;3.17;4.83;3.71;15.61;24.17;;;;;;TECON10;CGC;;BERÇO TECON10 2;29;12:15;29;14:00;29;16:57;30;8:35;30.0;14:10;30.0;15:50;3000;3.0
ComDragagem2035;5610;23.0;305.0;12.25;0;0;0;28;12:34;1.75;9.67;0.0;11.42;0.0;1.17;1.17;5.69;21.3;28.17;;;;;;TECON10;CGC;;BERÇO TECON10 3;29;0:00;29;1:45;29;6:41;30;4:00;30.0;5:55;30.0;7:35;4000;3.0
ComDragagem2035;5611;23.0;225.0;14.25;0;0;0;28;6:25;3.75;70.0;1.58;75.33;1.92;3.0;4.92;4.96;111.09;121.0;;;;;;RUMO - GSM - I;GSM - I;;BERÇO RUMO 2;31;9:45;31;11:00;31;15:12;36;6:20;36.0;12:00;36.0;13:30;70000;2.0
ComDragagem2035;5612;23.0;185.0;9.75;0;0;0;28;10:27;0.0;0.0;1.75;1.75;1.67;4.67;6.33;1.5;64.43;72.33;;;;;;AGEO_TERMINAIS;GL;;BERÇO IB SP;28;12:15;28;13:40;28;14:25;31;6:55;31.0;14:00;31.0;15:40;35000;2.0
ComDragagem2035;5613;23.0;135.0;7.75;0;0;0;28;9:27;7.33;94.5;5.17;107.0;0.0;0.0;0.0;2.36;20.71;23.08;;;;;;BTP;CGC;;BERÇO BTP 2;32;20:30;32;22:20;32;23:56;33;20:40;33.0;21:25;33.0;23:10;500;3.0
ComDragagem2035;5614;23.0;215.0;9.25;0;0;0;28;9:27;9.17;96.17;5.17;110.5;0.0;2.08;2.08;2.8;13.85;18.75;;;;;;BTP;CGC;;BERÇO BTP 1;33;0:00;33;1:50;33;3:53;33;17:45;33.0;20:35;33.0;22:20;1000;3.0
ComDragagem2035;5615;23.0;215.0;9.25;0;0;0;28;9:26;9.17;116.58;5.25;131.0;0.0;5.83;5.83;4.13;13.85;23.83;;;;;;BTP;CGC;;BERÇO BTP 2;33;20:30;33;22:20;34;1:42;34;15:35;34.0;22:10;34.0;23:55;1000;3.0
ComDragagem2035;5616;23.0;275.0;12.75;0;0;0;28;10:31;9.17;114.33;5.25;128.75;0.0;0.0;0.0;2.35;14.7;17.08;;;;;;BTP;CGC;;BERÇO BTP 1;33;19:20;33;21:10;33;22:46;34;13:30;34.0;14:15;34.0;16:00;3000;3.0
ComDragagem2035;5617;23.0;295.0;12.75;0;0;0;28;9:26;21.0;101.08;4.42;126.5;0.0;0.0;0.0;3.94;20.66;24.67;;;;;;BTP;CGC;;BERÇO BTP 3;33;16:00;33;17:50;33;21:01;34;17:45;34.0;18:30;34.0;20:15;4000;3.0
ComDragagem2035;5618;23.0;175.0;10.25;0;0;0;28;7:27;80.67;497.42;7.83;585.92;0.0;0.0;0.0;7.85;135.86;143.75;;;;;;BUNGE;GSA - I;;BERÇO ARM 30;52;17:25;52;18:20;53;1:26;58;17:20;58.0;18:05;58.0;19:15;35000;2.0
ComDragagem2035;5619;23.0;225.0;0.0;0;0;0;28;12:31;329.75;789.67;54.33;1173.75;0.0;3.83;3.83;6.6;68.98;79.42;;;;;;COFCO;GSA - E;;BERÇO ARM 12A;77;10:20;77;11:50;77;17:41;80;14:40;80.0;19:15;80.0;20:20;70000;1.0
ComDragagem2035;5620;23.0;225.0;0.0;0;0;0;28;12:35;4.33;97.75;4.0;106.08;0.17;0.0;0.17;5.08;162.93;168.25;;;;;;CUTRALE - GL;GL;;BERÇO CUTRALE;32;22:40;32;23:45;33;4:04;39;23:05;40.0;0:00;40.0;0:40;60000;1.0
ComDragagem2035;5621;23.0;185.0;10.25;0;0;0;28;12:34;6.33;90.0;0.92;97.25;1.17;4.33;5.5;3.31;13.38;22.25;;;;;;DPW - CGC;CGC;;BERÇO DPW 3;32;13:50;32;15:25;32;17:58;33;7:25;33.0;13:40;33.0;14:50;1000;3.0
ComDragagem2035;5622;23.0;245.0;11.25;0;0;0;28;11:30;5.33;95.5;0.92;101.75;1.58;7.83;9.42;2.13;17.86;29.42;;;;;;DPW - CGC;CGC;;BERÇO DPW 1;32;17:15;32;18:35;32;19:57;33;13:50;34.0;0:00;34.0;1:35;3000;3.0
ComDragagem2035;5623;36.0;225.0;0.0;0;0;0;28;12:33;1.58;26.17;0.0;27.75;0.17;0.0;0.17;1.87;64.0;66.08;;;;;;DPW - CGNC;CGNC;;BERÇO DPW 3;29;16:20;29;17:55;29;19:02;32;11:05;32.0;12:00;32.0;13:10;55000;1.0
ComDragagem2035;5624;23.0;185.0;0.0;0;0;0;28;10:28;100.58;505.75;59.5;665.83;1.0;0.58;1.58;3.41;37.2;42.25;;;;;;ELEVACOES;GSA - E;;BERÇO ARM 19;56;4:20;56;5:45;56;8:24;57;21:40;58.0;0:00;58.0;1:00;45000;1.0
ComDragagem2035;5625;23.0;225.0;0.0;0;0;0;28;10:28;217.17;424.33;51.17;692.67;0.0;0.08;0.08;3.62;53.25;57.0;;;;;;ELEVACOES;GSA - E;;BERÇO ARM 16/17;57;7:10;57;8:40;57;11:32;59;16:50;59.0;17:40;59.0;18:45;70000;1.0
ComDragagem2035;5626;23.0;195.0;9.75;0;0;0;28;11:30;0.0;0.0;10.33;10.33;0.0;3.58;3.58;2.66;16.8;23.08;;;;;;SANTOSBR;CGC;;BERÇO TECON 1.2;28;21:50;28;23:05;29;0:59;29;17:50;29.0;22:10;29.0;23:20;1000;3.0
ComDragagem2035;5627;23.0;215.0;9.75;0;0;0;28;12:33;1.25;0.08;18.75;20.08;1.17;4.58;5.75;5.3;16.8;27.92;;;;;;SANTOSBR;CGC;;BERÇO TECON 3;29;8:40;29;9:55;29;14:28;30;7:20;30.0;13:50;30.0;15:00;1000;3.0
ComDragagem2035;5628;23.0;265.0;11.25;0;0;0;28;12:33;2.5;10.25;27.5;40.25;0.0;0.75;0.75;3.02;15.61;19.42;;;;;;SANTOSBR;CGC;;BERÇO TECON 2;30;4:50;30;6:05;30;8:21;31;0:00;31.0;1:30;31.0;2:40;3000;3.0
ComDragagem2035;5629;23.0;155.0;8.25;0;0;0;28;9:29;4.75;59.0;3.5;67.25;0.0;1.83;1.83;5.38;29.82;37.08;;;;;;STOLTHAVEN;GL;;BERÇO AL 02;31;4:45;31;6:20;31;10:57;32;16:50;32.0;19:25;32.0;21:15;18000;2.0
ComDragagem2035;5630;23.0;185.0;12.25;0;0;0;28;6:25;16.25;320.25;1.08;337.58;0.0;0.17;0.17;4.34;89.37;93.92;;;;;;TERMAG;GSM - I;;BERÇO TERMAG;42;8:00;42;8:50;42;12:25;46;5:50;46.0;6:45;46.0;7:50;45000;2.0
ComDragagem2035;5631;23.0;175.0;10.25;0;0;0;28;6:25;10.0;270.33;0.0;280.33;0.0;0.0;0.0;4.32;50.86;55.25;;;;;;TERMAG;GSM - I;;BERÇO TERMAG;39;22:45;39;23:35;40;3:09;42;6:05;42.0;6:50;42.0;7:55;35000;2.0
ComDragagem2035;5634;23.0;175.0;9.25;0;0;1;28;10:30;8.0;142.33;3.75;154.08;0.0;0.0;0.0;7.31;20.97;28.33;;;;;;TEV;RORO;;BERÇO TEV;34;20:35;34;21:55;35;4:28;36;1:30;36.0;2:15;36.0;3:30;1500;3.0
ComDragagem2035;5635;23.0;225.0;0.0;0;0;0;28;11:27;18.42;263.08;14.25;295.75;0.0;1.58;1.58;4.38;39.92;45.92;;;;;;TGG;GSA - E;;BERÇO TGG;40;19:15;40;20:25;41;0:02;42;16:00;42.0;18:20;42.0;19:05;70000;1.0
ComDragagem2035;5636;23.0;225.0;0.0;0;0;0;28;10:28;139.25;538.42;61.75;739.42;0.0;0.08;0.08;5.54;62.19;67.83;;;;;;TIPLAM - GSA - E;GSA - E;;BERÇO TIPLAM 2;59;5:55;59;8:30;59;13:17;62;3:30;62.0;4:20;62.0;6:20;70000;1.0
ComDragagem2035;5637;38.0;250.0;0.0;0;0;0;28;10:29;147.75;627.67;38.17;813.58;0.25;0.25;0.5;11.47;73.55;85.58;;;;;;TIPLAM - GSA - E;GSA - E;;BERÇO TIPLAM 2;62;8:05;62;10:40;62;21:23;65;23:00;66.0;0:15;66.0;2:15;85000;1.0
ComDragagem2035;5638;23.0;185.0;0.0;0;0;0;28;14:36;5.75;64.0;8.83;78.58;0.0;0.25;0.25;8.74;29.94;39.0;;;;;;TRANSPETRO;GL;;BERÇO AL 01;31;21:15;31;23:10;32;7:09;33;13:10;33.0;14:10;33.0;15:40;35000;1.0
ComDragagem2035;5639;23.0;285.0;0.0;0;0;0;28;10:26;3.83;40.92;4.75;49.5;10.47;0.95;11.42;0.75;53.08;65.25;;;;;;TRSP;GL;;BERÇO TRSP;30;12:00;30;13:55;30;13:55;32;19:00;33.0;7:10;33.0;8:40;76500;1.0
ComDragagem2035;5640;23.0;195.0;10.25;0;0;0;29;15:39;0.0;3.0;2.17;5.17;1.67;3.42;5.08;4.79;16.8;26.67;;;;;;TECON10;CGC;;BERÇO TECON10 1;29;20:50;29;22:35;30;2:37;30;19:25;31.0;1:15;31.0;2:55;1000;3.0
ComDragagem2035;5641;23.0;185.0;10.25;0;0;0;29;14:37;0.0;0.0;1.42;1.42;1.67;9.92;11.58;1.71;16.8;30.17;;;;;;TECON10;CGC;;BERÇO TECON10 4;29;16:05;29;17:50;29;18:47;30;11:40;31.0;0:00;31.0;1:40;1000;3.0
ComDragagem2035;5642;23.0;255.0;11.75;0;0;0;29;14:37;1.75;8.75;3.17;13.67;3.33;23.83;27.17;2.94;15.61;45.75;;;;;;TECON10;CGC;;BERÇO TECON10 3;30;4:20;30;6:05;30;8:16;30;23:55;32.0;3:50;32.0;5:30;3000;3.0
ComDragagem2035;5643;23.0;225.0;0.0;0;0;0;29;14:34;8.67;31.25;0.67;40.58;0.0;0.33;0.33;3.03;51.12;54.5;;;;;;ADM;GSA - E;;BERÇO ARM 39;31;7:10;31;8:15;31;10:31;33;13:40;33.0;14:45;33.0;15:25;70000;1.0
ComDragagem2035;5644;23.0;185.0;10.25;0;0;0;29;13:36;0.0;0.0;2.08;2.08;0.83;0.08;0.92;1.53;64.43;66.92;;;;;;AGEO_TERMINAIS;GL;;BERÇO IB OE;29;15:45;29;17:10;29;17:56;32;10:25;32.0;12:05;32.0;13:45;35000;2.0
ComDragagem2035;5645;23.0;215.0;9.25;0;0;0;29;12:35;9.17;115.08;5.25;129.5;0.0;1.92;1.92;4.06;13.85;19.83;;;;;;BTP;CGC;;BERÇO BTP 2;34;22:05;34;23:55;35;3:13;35;17:05;35.0;19:45;35.0;21:30;1000;3.0
ComDragagem2035;5646;23.0;185.0;9.75;0;0;0;29;13:39;11.0;126.75;5.25;143.0;0.42;3.08;3.5;2.19;13.85;19.58;;;;;;BTP;CGC;;BERÇO BTP 1;35;12:40;35;14:30;35;15:56;36;5:50;36.0;10:05;36.0;11:50;1000;3.0
ComDragagem2035;5647;49.0;366.0;15.0;1;0;0;29;12:37;102.58;22.17;0.0;124.75;70.33;0.67;71.0;2.55;30.72;104.33;;;;;;BTP;CGC;;BERÇO BTP 3;34;17:25;34;19:20;34;21:08;36;3:55;39.0;3:40;39.0;5:30;12500;3.0
ComDragagem2035;5648;23.0;295.0;13.25;0;0;0;29;12:35;18.67;96.83;4.42;119.92;0.0;0.0;0.0;2.77;20.66;23.5;;;;;;BTP;CGC;;BERÇO BTP 1;34;12:30;34;14:20;34;16:21;35;13:05;35.0;13:50;35.0;15:35;4000;3.0
ComDragagem2035;5649;23.0;225.0;0.0;0;0;0;29;15:39;351.83;824.33;53.08;1229.25;0.0;0.0;0.0;5.13;68.98;74.17;;;;;;COFCO;GSA - E;;BERÇO ARM 12A;80;20:55;80;22:25;81;2:47;83;23:50;84.0;0:35;84.0;1:40;70000;1.0
ComDragagem2035;5650;23.0;195.0;0.0;0;0;0;29;13:42;167.17;1228.0;53.17;1448.33;0.0;0.0;0.0;2.86;39.48;42.33;;;;;;COPESUCAR;GSA - E;;BERÇO ARM 20/21;89;22:05;89;23:30;90;1:36;91;17:05;;;;;45000;1.0
ComDragagem2035;5651;23.0;225.0;0.0;0;0;0;29;18:52;12.75;228.42;5.83;247.0;0.0;0.42;0.42;1.7;54.03;56.17;;;;;;CUTRALE - GSA - E;GSA - E;;BERÇO CUTRALE;40;1:55;40;3:00;40;3:57;42;10:00;42.0;11:10;42.0;11:50;70000;1.0
ComDragagem2035;5652;23.0;205.0;10.75;0;0;0;29;16:45;6.67;78.83;3.58;89.08;0.0;0.08;0.08;3.11;13.38;16.58;;;;;;DPW - CGC;CGC;;BERÇO DPW 2;33;9:50;33;11:30;33;13:51;34;3:15;34.0;4:05;34.0;5:40;1000;3.0
ComDragagem2035;5653;23.0;205.0;10.75;0;0;0;29;16:44;6.33;87.25;5.25;98.83;0.0;3.42;3.42;4.77;13.38;21.58;;;;;;DPW - CGC;CGC;;BERÇO DPW 3;33;19:35;33;21:10;34;1:11;34;14:35;34.0;18:45;34.0;19:55;1000;3.0
ComDragagem2035;5654;23.0;265.0;11.75;0;0;0;29;16:44;8.33;89.75;15.08;113.17;0.0;1.42;1.42;1.69;17.86;21.0;;;;;;DPW - CGC;CGC;;BERÇO DPW 2;34;9:55;34;11:35;34;12:31;35;6:25;35.0;8:35;35.0;10:10;3000;3.0
ComDragagem2035;5655;36.0;225.0;0.0;0;0;0;29;14:38;86.25;437.0;17.92;541.17;0.0;0.0;0.0;7.51;36.9;44.42;;;;;;ELDORADO;CGNC;;BERÇO ARM 31;52;3:50;52;5:05;52;11:50;54;0:45;54.0;1:30;54.0;2:20;55000;1.0
ComDragagem2035;5656;23.0;225.0;0.0;0;0;0;29;14:39;214.25;421.75;48.33;684.33;0.0;1.42;1.42;4.13;53.25;58.83;;;;;;ELEVACOES;GSA - E;;BERÇO ARM 19;58;3:00;58;4:25;58;7:47;60;13:05;60.0;15:15;60.0;16:15;70000;1.0
ComDragagem2035;5657;32.2;205.0;0.0;0;0;0;29;14:39;107.08;556.25;60.83;724.17;0.0;0.17;0.17;2.37;39.16;41.75;;;;;;ELEVACOES;GSA - E;;BERÇO ARM 16/17;59;18:50;59;20:20;59;21:57;61;13:10;61.0;14:05;61.0;15:10;55000;1.0
ComDragagem2035;5658;23.0;185.0;10.75;0;0;0;29;16:44;0.0;3.42;0.0;3.42;1.17;5.67;6.83;2.93;16.8;26.58;;;;;;SANTOSBR;CGC;;BERÇO TECON 1.1;29;20:10;29;21:25;29;23:35;30;16:25;31.0;0:00;31.0;1:10;1000;3.0
ComDragagem2035;5659;23.0;265.0;11.75;0;0;0;29;14:38;1.25;21.0;0.58;22.83;0.0;0.75;0.75;3.47;15.61;19.83;;;;;;SANTOSBR;CGC;;BERÇO TECON 3;30;13:30;30;14:45;30;17:28;31;9:05;31.0;10:35;31.0;11:45;3000;3.0
ComDragagem2035;5660;23.0;155.0;8.25;0;0;0;29;12:35;4.75;71.92;4.92;81.58;0.0;0.17;0.17;8.62;29.82;38.67;;;;;;STOLTHAVEN;GL;;BERÇO AL 02;32;22:10;32;23:45;33;7:37;34;13:30;34.0;14:25;34.0;16:15;18000;2.0
ComDragagem2035;5661;23.0;175.0;10.75;0;0;0;29;12:36;6.33;89.75;4.92;101.0;0.0;0.17;0.17;5.63;59.07;64.92;;;;;;STOLTHAVEN;GL;;BERÇO AL 03;33;17:40;33;19:15;34;0:07;36;11:15;36.0;12:10;36.0;14:00;35000;2.0
ComDragagem2035;5663;23.0;195.0;9.25;0;0;1;29;13:39;9.58;143.33;6.5;159.42;0.0;0.0;0.0;2.0;20.97;23.0;;;;;;TEV;RORO;;BERÇO TEV;36;5:05;36;6:25;36;7:40;37;4:40;37.0;5:25;37.0;6:40;1500;3.0
ComDragagem2035;5664;23.0;245.0;0.0;0;0;0;29;14:45;19.75;285.83;14.25;319.83;5.42;0.42;5.83;4.72;97.87;108.42;;;;;;TGG;GSA - E;;BERÇO TGG;42;22:35;42;23:45;43;3:43;47;5:35;47.0;12:10;47.0;12:55;85000;1.0
ComDragagem2035;5665;23.0;225.0;0.0;0;0;0;29;13:36;136.67;530.67;59.75;727.08;0.0;0.17;0.17;4.51;62.19;66.92;;;;;;TIPLAM - GSA - E;GSA - E;;BERÇO TIPLAM 3;59;20:45;59;23:20;60;3:05;62;17:20;62.0;18:15;62.0;20:15;70000;1.0
ComDragagem2035;5666;23.0;245.0;0.0;0;0;0;29;16:42;11.5;113.5;5.42;130.42;1.5;1.42;2.92;3.8;48.22;55.0;;;;;;TRANSPETRO;GL;;BERÇO AL 01;35;3:10;35;5:05;35;8:08;37;8:25;37.0;12:05;37.0;13:35;60000;1.0
ComDragagem2035;5667;23.0;185.0;0.0;0;0;0;29;15:39;7.67;79.58;8.83;96.08;0.0;0.0;0.0;1.98;29.94;31.92;;;;;;TRANSPETRO;GL;;BERÇO AL 01;33;15:45;33;17:40;33;18:53;35;0:50;35.0;1:35;35.0;3:05;35000;1.0
ComDragagem2035;5668;23.0;185.0;10.75;0;0;0;29;17:45;7.92;106.25;4.92;119.08;0.0;0.0;0.0;0.75;62.88;63.67;;;;;;VOPAK;GL;;BERÇO AL 02;34;16:50;34;18:25;34;18:25;37;9:20;37.0;10:05;37.0;11:55;35000;2.0
ComDragagem2035;5669;23.0;225.0;0.0;0;0;0;29;16:47;266.17;407.92;26.5;700.58;0.0;0.0;0.0;1.46;55.1;56.58;;;;;;XXXIX;GSA - E;;BERÇO ARM 37;58;21:25;58;22:30;58;23:12;61;6:20;61.0;7:05;61.0;7:45;70000;1.0
ComDragagem2035;5670;36.0;225.0;0.0;0;0;0;30;14:44;4.33;45.92;0.0;50.25;0.0;3.33;3.33;6.81;99.0;109.17;;;;;;ARAUCO;CGNC;;BERÇO ARAUCO 1;32;17:00;32;19:10;33;1:13;37;4:15;37.0;8:20;37.0;10:05;55000;1.0
ComDragagem2035;5671;49.0;366.0;15.0;1;0;0;30;18:49;1.33;1.08;0.0;2.42;27.25;4.33;31.58;2.6;38.88;73.08;;;;;;TECON10;CGC;;BERÇO TECON10 2;30;21:15;30;23:05;31;0:56;32;15:50;34.0;0:10;34.0;1:55;12500;3.0
ComDragagem2035;5672;23.0;225.0;0.0;0;0;0;30;19:47;0.0;2.08;0.0;2.08;0.0;0.17;0.17;2.78;51.12;54.08;;;;;;RUMO - GSA - E;GSA - E;;BERÇO RUMO 1;30;21:55;30;23:30;31;1:31;33;4:40;33.0;5:35;33.0;6:45;70000;1.0
ComDragagem2035;5673;36.0;225.0;0.0;0;0;0;30;17:51;0.0;4.75;0.0;4.75;0.0;0.17;0.17;6.12;99.66;106.0;;;;;;BRACELL;CGNC;;BERÇO ARM 35P2;30;22:40;30;23:55;31;5:17;35;9:00;35.0;9:55;35.0;10:45;55000;1.0
ComDragagem2035;5674;23.0;135.0;7.75;0;0;0;30;19:52;11.67;120.58;0.42;132.67;0.0;0.0;0.0;5.56;20.71;26.33;;;;;;BTP;CGC;;BERÇO BTP 1;36;8:35;36;10:25;36;15:13;37;12:00;37.0;12:45;37.0;14:30;500;3.0
ComDragagem2035;5675;23.0;185.0;10.25;0;0;0;30;19:52;11.67;126.08;0.67;138.42;0.0;0.17;0.17;3.27;13.85;17.33;;;;;;BTP;CGC;;BERÇO BTP 2;36;14:20;36;16:10;36;18:41;37;8:35;37.0;9:30;37.0;11:15;1000;3.0
ComDragagem2035;5676;23.0;215.0;9.75;0;0;0;30;16:45;9.17;111.83;0.42;121.42;0.17;0.5;0.67;4.97;13.85;19.5;;;;;;BTP;CGC;;BERÇO BTP 2;35;18:10;35;20:00;36;0:13;36;14:05;36.0;15:30;36.0;17:15;1000;3.0
ComDragagem2035;5677;23.0;175.0;10.25;0;0;0;30;10:40;89.67;584.92;6.08;680.67;0.0;0.25;0.25;6.01;135.86;142.17;;;;;;BUNGE;GSA - I;;BERÇO ARM 30;58;19:20;58;20:15;59;1:30;64;17:25;64.0;18:25;64.0;19:35;35000;2.0
ComDragagem2035;5678;23.0;225.0;0.0;0;0;0;30;20:54;390.25;920.0;53.92;1364.17;0.17;0.5;0.67;6.0;68.98;75.67;;;;;;COFCO;GSA - E;;BERÇO ARM 12A;87;17:05;87;18:35;87;23:50;90;20:50;90.0;22:15;90.0;23:20;70000;1.0
ComDragagem2035;5679;23.0;225.0;0.0;0;0;0;30;16:47;371.58;857.42;53.33;1282.33;0.0;0.33;0.33;11.76;68.98;81.08;;;;;;COFCO;GSA - E;;BERÇO ARM 12A;84;3:10;84;4:40;84;15:40;87;12:40;87.0;13:45;87.0;14:50;70000;1.0
ComDragagem2035;5680;38.0;250.0;0.0;0;0;0;30;19:55;17.58;258.83;8.33;284.75;0.33;0.08;0.42;1.02;75.79;77.25;;;;;;CUTRALE - GSA - E;GSA - E;;BERÇO CUTRALE;42;16:40;42;17:45;42;18:01;45;21:50;45.0;23:00;45.0;23:40;85000;1.0
ComDragagem2035;5681;23.0;215.0;10.75;0;0;0;30;18:50;5.33;67.08;12.42;84.83;0.0;0.25;0.25;2.61;13.38;16.25;;;;;;DPW - CGC;CGC;;BERÇO DPW 1;34;7:40;34;9:00;34;10:51;35;0:15;35.0;1:15;35.0;2:50;1000;3.0
ComDragagem2035;5682;23.0;275.0;12.25;0;0;0;30;18:50;6.67;79.5;18.5;104.67;0.0;0.0;0.0;3.49;17.86;21.42;;;;;;DPW - CGC;CGC;;BERÇO DPW 1;35;3:30;35;4:50;35;7:34;36;1:30;36.0;2:15;36.0;3:50;3000;3.0
ComDragagem2035;5683;23.0;225.0;0.0;0;0;0;30;18:53;219.92;447.75;49.75;717.42;0.0;0.0;0.0;6.36;53.25;59.67;;;;;;ELEVACOES;GSA - E;;BERÇO ARM 19;60;16:20;60;17:45;60;23:21;63;4:40;63.0;5:25;63.0;6:25;70000;1.0
ComDragagem2035;5684;23.0;225.0;0.0;0;0;0;30;18:53;226.83;464.42;49.75;741.0;0.0;0.0;0.0;3.43;53.25;56.75;;;;;;ELEVACOES;GSA - E;;BERÇO ARM 16/17;61;15:55;61;17:25;61;20:05;64;1:25;64.0;2:10;64.0;3:15;70000;1.0
ComDragagem2035;5685;23.0;185.0;12.25;0;0;0;30;20:54;0.0;0.0;1.25;1.25;1.33;5.0;6.33;5.21;75.33;86.92;;;;;;HIDROVIAS;GSM - I;;BERÇO ARM 22/23;30;22:10;30;23:15;31;3:42;34;7:05;34.0;14:10;34.0;15:30;45000;2.0
ComDragagem2035;5686;23.0;205.0;0.0;0;0;0;30;13:47;36.67;338.83;13.83;389.33;0.0;0.42;0.42;0.83;137.91;139.17;;;;;;NST - GL;GL;;BERÇO ARM 29;46;19:10;46;20:30;46;20:34;52;14:30;52.0;15:40;52.0;16:35;35000;1.0
ComDragagem2035;5687;23.0;265.0;12.25;0;0;0;30;18:49;1.25;0.0;9.0;10.25;0.0;2.33;2.33;3.51;15.61;21.5;;;;;;SANTOSBR;CGC;;BERÇO TECON 2;31;5:05;31;6:20;31;9:05;32;0:45;32.0;3:50;32.0;5:00;3000;3.0
ComDragagem2035;5688;23.0;295.0;13.25;0;0;0;30;18:49;1.25;4.0;3.67;8.92;0.0;5.08;5.08;3.33;21.3;29.75;;;;;;SANTOSBR;CGC;;BERÇO TECON 1/2;31;3:45;31;5:00;31;7:34;32;4:55;32.0;10:45;32.0;11:55;4000;3.0
ComDragagem2035;5689;23.0;155.0;8.25;0;0;0;30;14:42;10.33;129.33;4.92;144.58;0.0;1.08;1.08;2.46;29.82;33.42;;;;;;STOLTHAVEN;GL;;BERÇO AL 03;36;15:20;36;16:55;36;18:37;38;0:30;38.0;2:20;38.0;4:10;18000;2.0
ComDragagem2035;5692;23.0;225.0;0.0;0;0;0;30;16:47;0.0;0.0;0.83;0.83;0.92;0.0;0.92;2.28;61.75;65.0;;;;;;TGRAO;GSA - E;;BERÇO OUT 2;30;17:40;30;19:00;30;20:31;33;10:20;33.0;12:00;33.0;12:55;70000;1.0
ComDragagem2035;5693;38.0;250.0;0.0;0;0;0;30;19:55;152.92;655.33;38.17;846.42;1.5;0.0;1.5;4.0;73.55;79.08;;;;;;TIPLAM - GSA - E;GSA - E;;BERÇO TIPLAM 2;66;2:20;66;4:55;66;8:10;69;9:45;69.0;12:00;69.0;14:00;85000;1.0
ComDragagem2035;5694;23.0;185.0;0.0;0;0;0;30;19:51;14.25;135.67;12.75;162.67;0.0;1.42;1.42;4.53;29.94;35.92;;;;;;TRANSPETRO;GL;;BERÇO AL 01;37;14:35;37;16:30;37;20:16;39;2:15;39.0;4:25;39.0;5:55;35000;1.0
ComDragagem2035;5695;23.0;225.0;0.0;0;0;0;30;19:55;269.08;435.67;28.08;732.83;0.0;0.0;0.0;0.82;55.1;55.92;;;;;;XXXIX;GSA - E;;BERÇO ARM 37;61;8:45;61;9:50;61;9:54;63;17:00;63.0;17:45;63.0;18:25;70000;1.0
ComDragagem2035;5696;30.0;163.46;8.1;0;0;0;30;10:40;0.0;0.0;0.0;0.0;0.0;0.0;0.0;0.92;48.5;49.42;;;;;;SAIPEM;CGNC;;BERÇO SAIPEM 1;30;10:40;30;11:35;30;11:45;32;12:15;32.0;13:00;32.0;13:30;0;1.0
ComDragagem2035;5697;36.0;225.0;0.0;0;0;0;31;19:57;6.5;50.0;3.75;60.25;0.0;2.33;2.33;0.85;99.0;102.25;;;;;;ARAUCO;CGNC;;BERÇO ARAUCO 2;34;8:15;34;10:25;34;10:31;38;13:35;38.0;16:40;38.0;18:25;55000;1.0
ComDragagem2035;5698;23.0;205.0;11.75;0;0;0;31;21:57;0.0;0.0;0.0;0.0;1.67;3.92;5.58;3.3;16.8;25.75;;;;;;TECON10;CGC;;BERÇO TECON10 1;31;22:00;31;23:45;32;2:18;32;19:10;33.0;1:30;33.0;3:10;1000;3.0
ComDragagem2035;5699;23.0;255.0;13.25;0;0;0;31;21:57;1.75;0.0;1.67;3.42;3.33;10.83;14.17;3.14;15.61;32.92;;;;;;TECON10;CGC;;BERÇO TECON10 4;32;1:25;32;3:10;32;5:33;32;21:10;33.0;12:05;33.0;13:45;3000;3.0
ComDragagem2035;5700;23.0;225.0;0.0;0;0;0;31;22:58;2.58;28.08;4.42;35.08;1.17;4.58;5.75;4.85;51.12;61.75;;;;;;RUMO - GSA - E;GSA - E;;BERÇO RUMO 1;33;10:05;33;11:40;33;15:46;35;18:55;36.0;1:25;36.0;2:35;70000;1.0
ComDragagem2035;5701;23.0;155.0;10.75;0;0;0;31;23:51;0.08;0.0;1.08;1.17;0.0;1.75;1.75;2.06;45.88;49.75;;;;;;AGEO_TERMINAIS;GL;;BERÇO Ageo I;32;1:05;32;2:30;32;3:48;34;1:45;34.0;4:15;34.0;5:55;18000;2.0
ComDragagem2035;5702;23.0;215.0;10.75;0;0;0;31;22:59;11.0;117.58;0.67;129.25;0.0;3.08;3.08;2.35;13.85;19.33;;;;;;BTP;CGC;;BERÇO BTP 2;37;8:15;37;10:05;37;11:41;38;1:35;38.0;5:25;38.0;7:10;1000;3.0
ComDragagem2035;5703;49.0;366.0;15.0;1;0;0;31;22:59;155.17;15.92;0.0;171.08;2.75;0.0;2.75;3.83;30.72;37.33;;;;;;BTP;CGC;;BERÇO BTP 3;39;2:05;39;4:00;39;7:04;40;13:50;40.0;17:20;40.0;19:10;12500;3.0
ComDragagem2035;5704;23.0;295.0;14.25;0;0;0;31;22:59;35.0;100.0;0.83;135.83;0.0;0.08;0.08;2.95;20.66;23.75;;;;;;BTP;CGC;;BERÇO BTP 1;37;14:50;37;16:40;37;18:52;38;15:35;38.0;16:25;38.0;18:10;4000;3.0
ComDragagem2035;5705;23.0;185.0;10.75;0;0;0;31;20:35;95.0;691.17;6.08;792.25;0.0;0.17;0.17;6.34;131.03;137.58;;;;;;BUNGE;GSA - I;;BERÇO ARM 30;64;20:50;64;21:45;65;3:20;70;14:25;70.0;15:20;70.0;16:30;45000;2.0
ComDragagem2035;5707;23.0;185.0;11.75;0;0;0;31;22:59;4.17;48.83;16.33;69.33;0.0;0.25;0.25;2.28;13.38;15.92;;;;;;DPW - CGC;CGC;;BERÇO DPW 3;34;20:20;34;21:55;34;23:26;35;12:50;35.0;13:50;35.0;15:00;1000;3.0
ComDragagem2035;5708;23.0;255.0;13.25;0;0;0;31;22:59;5.75;65.58;20.42;91.75;0.0;0.42;0.42;2.95;17.86;21.25;;;;;;DPW - CGC;CGC;;BERÇO DPW 3;35;18:45;35;20:20;35;22:32;36;16:25;36.0;17:35;36.0;18:45;3000;3.0
ComDragagem2035;5709;23.0;275.0;12.75;0;0;0;31;21:56;6.67;55.08;19.83;81.58;0.42;4.0;4.42;2.43;17.86;24.75;;;;;;DPW - CGC;CGC;;BERÇO DPW 2;35;7:35;35;9:15;35;10:55;36;4:50;36.0;10:00;36.0;11:35;3000;3.0
ComDragagem2035;5710;23.0;225.0;0.0;0;0;0;31;23:33;236.75;483.25;52.75;772.75;0.0;0.0;0.0;2.94;53.25;56.25;;;;;;ELEVACOES;GSA - E;;BERÇO ARM 16/17;64;4:20;64;5:50;64;8:01;66;13:20;66.0;14:05;66.0;15:10;70000;1.0
ComDragagem2035;5711;32.2;205.0;0.0;0;0;0;31;23:24;107.58;581.67;61.83;751.08;0.0;0.08;0.08;2.39;39.16;41.67;;;;;;ELEVACOES;GSA - E;;BERÇO ARM 19;63;6:30;63;7:55;63;9:33;65;0:45;65.0;1:35;65.0;2:35;55000;1.0
ComDragagem2035;5712;23.0;215.0;0.0;0;0;0;31;16:35;85.58;406.0;13.83;505.42;0.0;1.08;1.08;0.76;137.91;139.75;;;;;;NST - GL;GL;;BERÇO ARM 29;52;18:00;52;19:20;52;19:20;58;13:15;58.0;15:05;58.0;16:00;35000;1.0
ComDragagem2035;5713;23.0;215.0;11.25;0;0;0;31;21:56;0.0;0.0;0.42;0.42;1.17;2.17;3.33;5.28;16.8;25.42;;;;;;SANTOSBR;CGC;;BERÇO TECON 3;31;22:25;31;23:40;32;4:11;32;21:00;33.0;1:05;33.0;2:15;1000;3.0
ComDragagem2035;5714;23.0;215.0;12.25;0;0;0;31;23:56;1.25;0.0;33.08;34.33;0.0;4.75;4.75;1.57;16.8;23.17;;;;;;SANTOSBR;CGC;;BERÇO TECON 1.1;33;10:20;33;11:35;33;12:24;34;5:15;34.0;10:45;34.0;11:55;1000;3.0
ComDragagem2035;5715;23.0;275.0;13.75;0;0;0;31;23:19;0.67;9.92;0.58;11.17;0.0;1.5;1.5;1.87;15.61;19.0;;;;;;SANTOSBR;CGC;;BERÇO TECON 1/2;32;10:30;32;11:45;32;12:52;33;4:30;33.0;6:45;33.0;7:55;3000;3.0
ComDragagem2035;5716;23.0;305.0;14.25;0;0;0;31;23:29;0.5;3.25;0.0;3.75;0.0;1.17;1.17;2.27;21.3;24.75;;;;;;SANTOSBR;CGC;;BERÇO TECON 2;32;3:15;32;4:30;32;6:01;33;3:20;33.0;5:15;33.0;6:25;4000;3.0
ComDragagem2035;5717;23.0;225.0;0.0;0;0;0;31;20:57;181.17;352.0;17.0;550.17;0.0;0.75;0.75;1.56;88.35;90.67;;;;;;TEAG;GSA - E;;BERÇO TEAG;54;19:10;54;20:20;54;21:08;58;13:30;58.0;15:00;58.0;15:45;70000;1.0
ComDragagem2035;5718;23.0;225.0;0.0;0;0;0;31;23:48;43.92;321.08;8.75;373.75;0.75;4.0;4.75;3.69;39.92;48.42;;;;;;TGG;GSA - E;;BERÇO TGG;47;13:35;47;14:45;47;17:41;49;9:40;49.0;15:10;49.0;15:55;70000;1.0
ComDragagem2035;5719;23.0;225.0;13.75;0;0;0;31;19:56;13.33;100.67;14.5;128.5;0.0;1.75;1.75;3.08;104.45;109.33;;;;;;TIPLAM - GSM - I;GSM - I;;BERÇO TIPLAM 4;37;4:30;37;6:35;37;8:54;41;17:25;41.0;19:55;41.0;22:25;70000;2.0
ComDragagem2035;5720;23.0;215.0;8.25;0;0;0;32;1:03;0.0;0.0;1.92;1.92;2.42;11.75;14.17;1.63;16.8;32.67;;;;;;TECON10;CGC;;BERÇO TECON10 3;32;3:00;32;4:45;32;5:37;32;22:30;33.0;13:25;33.0;15:05;1000;3.0
ComDragagem2035;5721;23.0;255.0;9.75;0;0;0;32;3:07;1.75;18.5;0.83;21.08;1.67;3.5;5.17;2.21;15.61;23.0;;;;;;TECON10;CGC;;BERÇO TECON10 1;33;0:15;33;2:00;33;3:27;33;19:05;34.0;1:00;34.0;2:40;3000;3.0
ComDragagem2035;5722;23.0;175.0;0.0;0;0;0;32;0:00;0.0;0.0;0.25;0.25;1.33;2.92;4.25;1.28;64.43;70.0;;;;;;AGEO_TERMINAIS;GL;;BERÇO IB BC;32;0:15;32;2:00;32;2:31;34;19:00;35.0;0:00;35.0;1:20;35000;1.0
ComDragagem2035;5726;23.0;185.0;8.25;0;0;0;32;3:07;5.33;68.08;20.42;93.83;0.0;0.75;0.75;2.02;13.38;16.17;;;;;;DPW - CGC;CGC;;BERÇO DPW 1;36;1:00;36;2:20;36;3:36;36;17:00;36.0;18:30;36.0;20:05;1000;3.0
ComDragagem2035;5727;49.0;366.0;15.0;1;0;0;32;3:06;156.33;11.83;6.67;174.83;0.83;0.08;0.92;5.67;41.74;48.33;;;;;;DPW - CGC;CGC;;BERÇO DPW 2;39;10:00;39;11:45;39;16:40;41;10:25;41.0;12:05;41.0;13:45;12500;3.0
ComDragagem2035;5728;23.0;245.0;8.75;0;0;0;32;0:01;7.33;77.08;20.42;104.83;0.0;1.08;1.08;2.7;17.86;21.67;;;;;;DPW - CGC;CGC;;BERÇO DPW 2;36;8:55;36;10:35;36;12:32;37;6:25;37.0;8:15;37.0;9:50;3000;3.0
ComDragagem2035;5729;23.0;305.0;10.25;0;0;0;32;3:07;6.17;86.17;20.92;113.25;1.58;2.0;3.58;1.98;21.93;27.5;;;;;;DPW - CGC;CGC;;BERÇO DPW 1;36;20:25;36;21:45;36;22:58;37;20:55;38.0;1:15;38.0;2:50;4000;3.0
ComDragagem2035;5730;23.0;225.0;0.0;0;0;0;32;0:02;249.83;526.17;55.17;831.17;0.0;0.92;0.92;2.68;53.25;56.92;;;;;;ELEVACOES;GSA - E;;BERÇO ARM 16/17;66;15:15;66;16:45;66;18:40;69;0:00;69.0;1:40;69.0;2:45;70000;1.0
ComDragagem2035;5731;32.2;205.0;0.0;0;0;0;32;0:02;109.83;616.92;67.83;794.58;1.0;1.25;2.25;2.85;39.16;44.33;;;;;;ELEVACOES;GSA - E;;BERÇO ARM 19;65;2:40;65;4:05;65;6:11;66;21:25;67.0;0:25;67.0;1:25;55000;1.0
ComDragagem2035;5732;36.0;225.0;0.0;0;0;0;32;6:03;88.75;421.42;15.67;525.83;0.0;0.0;0.0;10.85;200.0;210.92;;;;;;NST - CGNC;CGNC;;BERÇO ARM 31;54;3:55;54;5:10;54;15:16;62;23:20;63.0;0:05;63.0;0:55;55000;1.0
ComDragagem2035;5733;23.0;185.0;8.75;0;0;0;32;2:04;1.25;0.0;25.33;26.58;0.0;0.92;0.92;2.66;16.8;20.42;;;;;;SANTOSBR;CGC;;BERÇO TECON 2;33;4:40;33;5:55;33;7:49;34;0:40;34.0;2:20;34.0;3:30;1000;3.0
ComDragagem2035;5734;23.0;185.0;8.75;0;0;0;32;2:06;1.25;0.0;37.58;38.83;0.0;0.08;0.08;2.88;16.8;19.83;;;;;;SANTOSBR;CGC;;BERÇO TECON 1.2;33;17:00;33;18:15;33;20:22;34;13:15;34.0;14:05;34.0;15:15;1000;3.0
ComDragagem2035;5735;23.0;255.0;9.75;0;0;0;32;3:07;2.5;23.75;27.33;53.58;0.0;0.0;0.0;4.09;15.61;19.75;;;;;;SANTOSBR;CGC;;BERÇO TECON 2;34;8:45;34;10:00;34;13:20;35;5:00;35.0;5:45;35.0;6:55;3000;3.0
ComDragagem2035;5736;23.0;315.0;9.75;0;0;0;32;2:04;11.83;10.0;0.58;22.42;0.0;1.92;1.92;2.84;21.3;26.08;;;;;;SANTOSBR;CGC;;BERÇO TECON 3;33;0:30;33;1:45;33;3:50;34;1:10;34.0;3:50;34.0;5:00;4000;3.0
ComDragagem2035;5737;23.0;225.0;12.25;0;0;0;32;0:04;27.25;313.58;3.83;344.67;0.0;0.92;0.92;4.74;111.09;116.75;;;;;;TERMAG;GSM - I;;BERÇO TERMAG;46;8:45;46;9:35;46;13:34;51;4:40;51.0;6:20;51.0;7:25;70000;2.0
ComDragagem2035;5738;23.0;195.0;8.25;0;0;1;32;2:07;7.5;108.0;9.58;125.08;0.0;0.08;0.08;1.26;20.97;22.33;;;;;;TEV;RORO;;BERÇO TEV;37;7:15;37;8:35;37;9:05;38;6:05;38.0;6:55;38.0;8:10;1500;3.0
ComDragagem2035;5739;23.0;235.0;8.25;0;0;1;32;5:13;8.83;126.25;13.0;148.08;0.0;0.0;0.0;7.57;19.52;27.08;;;;;;TEV;RORO;;BERÇO TEV;38;9:20;38;10:40;38;17:29;39;13:00;39.0;13:45;39.0;15:00;5000;3.0
ComDragagem2035;5740;23.0;165.0;9.75;0;0;0;32;0:02;13.33;125.25;8.75;147.33;0.0;0.08;0.08;5.24;18.55;23.92;;;;;;TIPLAM - GL;GL;;BERÇO TIPLAM 1;38;3:25;38;5:30;38;9:59;39;4:35;39.0;5:25;39.0;7:55;18000;2.0
ComDragagem2035;5741;23.0;185.0;0.0;0;0;0;32;1:04;10.42;115.25;10.83;136.5;0.0;1.75;1.75;2.05;29.94;33.75;;;;;;TRANSPETRO;GL;;BERÇO AL 02;37;17:35;37;19:30;37;20:48;39;2:45;39.0;5:15;39.0;6:45;35000;1.0
ComDragagem2035;5742;23.0;155.0;0.0;0;0;0;32;4:05;0.0;0.0;4.67;4.67;0.0;0.0;0.0;0.75;41.58;42.33;;;;;;VOPAK;GL;;BERÇO AL 04;32;8:45;32;10:40;32;10:40;34;4:15;34.0;5:00;34.0;6:30;18000;1.0
ComDragagem2035;5743;23.0;185.0;9.25;0;0;0;33;5:14;0.0;13.25;0.0;13.25;0.0;5.83;5.83;3.05;16.8;25.75;;;;;;TECON10;CGC;;BERÇO TECON10 4;33;18:30;33;20:15;33;22:33;34;15:25;34.0;22:00;34.0;23:40;1000;3.0
ComDragagem2035;5744;43.0;339.0;14.0;0;0;0;33;5:14;2.83;8.17;0.0;11.0;1.67;0.33;2.0;2.3;25.92;30.25;;;;;;TECON10;CGC;;BERÇO TECON10 3;33;16:15;33;18:00;33;19:33;34;21:30;35.0;0:15;35.0;1:55;6000;3.0
ComDragagem2035;5745;23.0;155.0;0.0;0;0;0;33;4:10;0.0;0.0;0.0;0.0;1.33;7.42;8.75;1.42;45.88;56.08;;;;;;AGEO_TERMINAIS;GL;;BERÇO IB OE;33;4:10;33;5:55;33;6:35;35;4:30;35.0;14:00;35.0;15:20;18000;1.0
ComDragagem2035;5746;23.0;185.0;0.0;0;0;0;33;5:13;0.0;0.0;4.33;4.33;1.75;5.83;7.58;1.07;64.43;73.08;;;;;;AGEO_TERMINAIS;GL;;BERÇO IB SP;33;9:35;33;11:20;33;11:39;36;4:05;36.0;12:25;36.0;13:45;35000;1.0
ComDragagem2035;5747;23.0;135.0;7.75;0;0;0;33;4:11;10.0;110.5;3.83;124.33;0.92;0.08;1.0;3.91;20.71;25.67;;;;;;BTP;CGC;;BERÇO BTP 2;38;8:35;38;10:25;38;13:34;39;10:20;39.0;12:05;39.0;13:50;500;3.0
ComDragagem2035;5748;23.0;295.0;11.25;0;0;0;33;4:11;10.0;114.92;5.67;130.58;0.0;2.0;2.0;1.99;20.66;24.67;;;;;;BTP;CGC;;BERÇO BTP 1;38;14:50;38;16:40;38;17:54;39;14:35;39.0;17:20;39.0;19:05;4000;3.0
ComDragagem2035;5749;23.0;175.0;0.0;0;0;0;33;7:05;95.92;507.75;7.75;611.42;0.0;0.67;0.67;0.91;77.19;78.83;;;;;;CITROSUCO;GL;;BERÇO ARM 29;58;18:30;58;19:50;58;19:59;62;1:15;62.0;2:40;62.0;3:35;35000;1.0
ComDragagem2035;5750;23.0;195.0;8.25;0;0;0;33;4:08;5.58;62.0;20.92;88.5;0.0;1.83;1.83;2.82;13.38;18.08;;;;;;DPW - CGC;CGC;;BERÇO DPW 3;36;20:40;36;22:15;37;0:19;37;13:45;37.0;16:20;37.0;17:30;1000;3.0
ComDragagem2035;5751;23.0;255.0;10.25;0;0;0;33;5:13;7.5;69.08;20.92;97.5;0.0;0.75;0.75;2.2;17.86;20.83;;;;;;DPW - CGC;CGC;;BERÇO DPW 2;37;6:45;37;8:25;37;9:52;38;3:45;38.0;5:15;38.0;6:50;3000;3.0
ComDragagem2035;5752;32.2;205.0;0.0;0;0;0;33;8:17;111.25;631.5;67.0;809.75;0.0;0.0;0.0;2.66;39.16;41.83;;;;;;ELEVACOES;GSA - E;;BERÇO ARM 19;67;2:05;67;3:30;67;5:24;68;20:35;68.0;21:20;68.0;22:20;55000;1.0
ComDragagem2035;5753;23.0;185.0;9.25;0;0;0;33;5:13;1.25;0.0;27.75;29.0;0.0;0.33;0.33;3.85;16.8;21.0;;;;;;SANTOSBR;CGC;;BERÇO TECON 1.1;34;10:15;34;11:30;34;14:36;35;7:25;35.0;8:30;35.0;9:40;1000;3.0
ComDragagem2035;5754;23.0;255.0;10.25;0;0;0;33;5:12;1.25;1.0;20.08;22.33;0.0;0.08;0.08;4.83;15.61;20.58;;;;;;SANTOSBR;CGC;;BERÇO TECON 3;34;3:35;34;4:50;34;8:54;35;0:35;35.0;1:25;35.0;2:35;3000;3.0
ComDragagem2035;5756;23.0;155.0;0.0;0;0;0;33;6:15;1.92;20.92;2.33;25.17;0.0;3.0;3.0;0.75;41.58;45.33;;;;;;VOPAK;GL;;BERÇO AL 04;34;7:25;34;9:20;34;9:20;36;2:55;36.0;6:40;36.0;8:10;18000;1.0
ComDragagem2035;5757;23.0;215.0;0.0;0;0;0;33;1:09;96.67;606.5;34.25;737.42;0.0;0.0;0.0;1.35;55.1;56.5;;;;;;XXXIX;GSA - E;;BERÇO ARM 37;63;18:35;63;19:40;63;20:16;66;3:25;66.0;4:10;66.0;4:50;70000;1.0
ComDragagem2035;5758;22.0;105.9;6.3;0;0;0;33;23:40;0.33;0.0;0.0;0.33;0.0;1.92;1.92;0.83;17.67;20.42;;;;;;SAIPEM;CGNC;;BERÇO SAIPEM 2;34;0:00;34;0:55;34;0:59;34;18:40;34.0;21:20;34.0;21:50;0;1.0
ComDragagem2035;5759;36.0;225.0;0.0;0;0;0;34;8:19;0.0;6.17;2.08;8.25;2.0;12.17;14.17;3.93;99.0;117.17;;;;;;ARAUCO;CGNC;;BERÇO ARAUCO 3;34;16:35;34;18:45;34;21:55;39;1:00;39.0;15:55;39.0;17:55;55000;1.0
ComDragagem2035;5760;23.0;195.0;9.25;0;0;0;34;6:19;0.0;0.0;0.25;0.25;1.67;3.75;5.42;7.96;16.8;30.25;;;;;;TECON10;CGC;;BERÇO TECON10 1;34;6:35;34;8:20;34;15:32;35;8:25;35.0;14:35;35.0;16:15;1000;3.0
ComDragagem2035;5761;23.0;265.0;10.75;0;0;0;34;9:24;0.0;0.0;0.25;0.25;1.67;6.17;7.83;4.31;15.61;27.75;;;;;;TECON10;CGC;;BERÇO TECON10 2;34;9:40;34;11:25;34;14:58;35;6:35;35.0;15:10;35.0;16:50;3000;3.0
ComDragagem2035;5762;23.0;255.0;11.25;0;0;0;34;11:28;1.75;10.83;3.75;16.33;1.0;1.17;2.17;1.81;15.61;19.58;;;;;;TECON10;CGC;;BERÇO TECON10 3;35;3:50;35;5:35;35;6:38;35;22:15;36.0;1:10;36.0;2:50;3000;3.0
ComDragagem2035;5763;23.0;175.0;10.25;0;0;0;34;4:19;3.17;55.08;0.0;58.25;0.0;2.42;2.42;6.18;50.86;59.5;;;;;;RUMO - GSM - I;GSM - I;;BERÇO RUMO 2;36;14:35;36;15:50;36;21:15;39;0:10;39.0;3:20;39.0;4:50;35000;2.0
ComDragagem2035;5764;23.0;185.0;0.0;0;0;0;34;8:21;0.0;0.0;0.08;0.08;0.0;5.5;5.5;1.49;64.43;71.42;;;;;;AGEO_TERMINAIS;GL;;BERÇO Ageo I;34;8:30;34;10:15;34;10:59;37;3:25;37.0;9:40;37.0;11:00;35000;1.0
ComDragagem2035;5765;23.0;215.0;8.75;0;0;0;34;6:20;10.0;109.75;5.92;125.67;0.0;0.0;0.0;2.77;13.85;16.67;;;;;;BTP;CGC;;BERÇO BTP 2;39;12:00;39;13:50;39;15:51;40;5:45;40.0;6:30;40.0;8:15;1000;3.0
ComDragagem2035;5769;23.0;215.0;9.75;0;0;0;34;10:26;6.17;73.83;5.75;85.75;0.0;0.17;0.17;2.85;13.38;16.42;;;;;;DPW - CGC;CGC;;BERÇO DPW 1;38;0:15;38;1:35;38;3:41;38;17:05;38.0;18:00;38.0;19:35;1000;3.0
ComDragagem2035;5770;23.0;255.0;10.75;0;0;0;34;9:23;7.5;77.33;10.58;95.42;0.0;0.42;0.42;2.56;17.86;20.83;;;;;;DPW - CGC;CGC;;BERÇO DPW 2;38;8:50;38;10:30;38;12:18;39;6:10;39.0;7:20;39.0;8:55;3000;3.0
ComDragagem2035;5771;23.0;235.0;10.75;0;0;0;34;7:19;5.58;68.0;8.92;82.5;0.0;0.0;0.0;2.91;17.86;20.83;;;;;;DPW - CGC;CGC;;BERÇO DPW 3;37;17:50;37;19:25;37;21:34;38;15:30;38.0;16:15;38.0;17:25;3000;3.0
ComDragagem2035;5772;36.0;225.0;0.0;0;0;0;34;8:23;99.83;573.83;16.58;690.25;0.0;0.42;0.42;0.93;36.9;38.25;;;;;;ELDORADO;CGNC;;BERÇO ARM 31;63;2:40;63;3:55;63;4:05;64;17:00;64.0;18:10;64.0;19:00;55000;1.0
ComDragagem2035;5773;23.0;215.0;9.25;0;0;0;34;7:19;0.0;2.25;3.33;5.58;1.17;3.17;4.33;2.2;16.8;23.33;;;;;;SANTOSBR;CGC;;BERÇO TECON 1.2;34;12:55;34;14:10;34;15:37;35;8:25;35.0;13:30;35.0;14:40;1000;3.0
ComDragagem2035;5774;23.0;185.0;9.75;0;0;0;34;10:25;1.25;13.17;7.08;21.5;0.42;3.67;4.08;3.67;16.8;24.58;;;;;;SANTOSBR;CGC;;BERÇO TECON 1.1;35;7:55;35;9:10;35;12:05;36;4:55;36.0;9:45;36.0;10:55;1000;3.0
ComDragagem2035;5775;23.0;275.0;10.25;0;0;0;34;6:19;1.25;14.25;14.17;29.67;1.17;2.17;3.33;3.75;15.61;22.75;;;;;;SANTOSBR;CGC;;BERÇO TECON 3;35;12:00;35;13:15;35;16:15;36;7:55;36.0;12:00;36.0;13:10;3000;3.0
ComDragagem2035;5776;23.0;295.0;11.75;0;0;0;34;7:19;1.25;14.25;5.75;21.25;1.75;10.0;11.75;2.41;21.3;35.5;;;;;;SANTOSBR;CGC;;BERÇO TECON 2;35;4:35;35;5:50;35;7:29;36;4:50;36.0;17:20;36.0;18:30;4000;3.0
ComDragagem2035;5777;23.0;225.0;0.0;0;0;0;34;7:21;271.83;307.83;11.5;591.17;0.0;0.75;0.75;1.02;88.35;90.17;;;;;;TEAG;GSA - E;;BERÇO TEAG;58;22:35;58;23:45;59;0:01;62;16:25;62.0;17:55;62.0;18:40;70000;1.0
ComDragagem2035;5778;23.0;195.0;8.75;0;0;1;34;6:19;7.5;116.17;10.83;134.5;1.25;1.83;3.08;3.12;20.97;27.17;;;;;;TEV;RORO;;BERÇO TEV;39;20:50;39;22:10;40;0:32;40;21:30;41.0;1:20;41.0;2:35;1500;3.0
ComDragagem2035;5779;23.0;225.0;0.0;0;0;0;34;5:15;132.25;503.08;51.92;687.25;0.0;0.0;0.0;5.91;62.19;68.17;;;;;;TIPLAM - GSA - E;GSA - E;;BERÇO TIPLAM 3;62;20:30;62;23:05;63;4:14;65;18:30;65.0;19:15;65.0;21:15;70000;1.0
ComDragagem2035;5780;23.0;185.0;0.0;0;0;0;34;10:24;10.42;90.92;17.58;118.92;1.5;5.67;7.17;12.52;29.94;49.67;;;;;;TRANSPETRO;GL;;BERÇO AL 01;39;9:20;39;11:15;39;23:01;41;5:00;41.0;12:55;41.0;14:25;35000;1.0
ComDragagem2035;5781;23.0;185.0;9.75;0;0;0;34;10:26;7.17;71.42;16.92;95.5;0.0;0.42;0.42;0.75;62.88;64.08;;;;;;VOPAK;GL;;BERÇO AL 03;38;10:00;38;11:35;38;11:35;41;2:30;41.0;3:40;41.0;5:30;35000;2.0
ComDragagem2035;5782;33.0;177.9;8.0;0;0;0;34;10:30;0.0;0.0;0.0;0.0;0.0;0.0;0.0;0.83;197.42;198.25;;;;;;SAIPEM;CGNC;;BERÇO SAIPEM 1;34;10:30;34;11:25;34;11:29;42;16:55;42.0;17:40;42.0;18:10;0;1.0
ComDragagem2035;5783;18.0;85.34;4.3;0;0;0;34;20:50;0.0;0.0;0.25;0.25;0.0;0.0;0.0;0.83;28.83;29.67;;;;;;SAIPEM;CGNC;;BERÇO SAIPEM 3;34;21:05;34;22:00;34;22:04;36;2:55;36.0;3:40;36.0;4:10;0;1.0
ComDragagem2035;5784;23.0;215.0;9.75;0;0;0;35;13:35;0.0;0.0;4.83;4.83;0.17;2.67;2.83;1.48;16.8;21.17;;;;;;TECON10;CGC;;BERÇO TECON10 2;35;18:25;35;20:10;35;20:53;36;13:45;36.0;17:20;36.0;19:00;1000;3.0
ComDragagem2035;5785;23.0;265.0;11.25;0;0;0;35;13:35;0.0;0.0;8.25;8.25;1.67;3.25;4.92;4.59;15.61;25.17;;;;;;TECON10;CGC;;BERÇO TECON10 1;35;21:50;35;23:35;36;3:25;36;19:05;37.0;0:45;37.0;2:25;3000;3.0
ComDragagem2035;5786;23.0;295.0;12.75;0;0;0;35;13:35;1.75;0.0;8.67;10.42;0.0;1.17;1.17;1.87;21.3;24.33;;;;;;TECON10;CGC;;BERÇO TECON10 3;36;0:00;36;1:45;36;2:52;37;0:10;37.0;2:05;37.0;3:45;4000;3.0
ComDragagem2035;5787;23.0;135.0;7.75;0;0;0;35;10:28;15.58;118.83;14.08;148.5;0.0;0.5;0.5;2.64;20.71;23.92;;;;;;BTP;CGC;;BERÇO BTP 3;41;15:00;41;16:50;41;18:43;42;15:30;42.0;16:45;42.0;18:30;500;3.0
ComDragagem2035;5788;23.0;135.0;7.75;0;0;0;35;8:23;8.17;93.83;5.92;107.92;0.0;0.33;0.33;6.86;20.71;27.92;;;;;;BTP;CGC;;BERÇO BTP 1;39;20:20;39;22:10;40;4:16;41;1:00;41.0;2:05;41.0;3:50;500;3.0
ComDragagem2035;5789;23.0;215.0;9.25;0;0;0;35;10:28;17.42;126.17;14.08;157.67;0.0;0.0;0.0;2.54;13.85;16.42;;;;;;BTP;CGC;;BERÇO BTP 2;42;0:10;42;2:00;42;3:47;42;17:40;42.0;18:25;42.0;20:10;1000;3.0
ComDragagem2035;5790;23.0;215.0;8.75;0;0;0;35;8:23;10.0;100.5;5.92;116.42;0.5;1.5;2.0;2.99;13.85;18.83;;;;;;BTP;CGC;;BERÇO BTP 2;40;4:50;40;6:40;40;8:54;40;22:45;41.0;1:30;41.0;3:15;1000;3.0
ComDragagem2035;5791;23.0;215.0;9.25;0;0;0;35;10:31;17.42;131.92;14.17;163.5;0.0;0.67;0.67;2.31;13.85;16.83;;;;;;BTP;CGC;;BERÇO BTP 1;42;6:05;42;7:55;42;9:28;42;23:20;43.0;0:45;43.0;2:30;1000;3.0
ComDragagem2035;5792;23.0;245.0;12.75;0;0;0;35;9:28;15.58;114.83;12.25;142.67;0.0;2.33;2.33;4.8;14.7;21.83;;;;;;BTP;CGC;;BERÇO BTP 1;41;8:10;41;10:00;41;14:03;42;4:45;42.0;7:50;42.0;9:35;3000;3.0
ComDragagem2035;5793;23.0;305.0;12.25;0;0;0;35;8:25;56.75;67.58;2.83;127.17;0.17;0.0;0.17;2.48;20.66;23.33;;;;;;BTP;CGC;;BERÇO BTP 3;40;15:35;40;17:25;40;19:08;41;15:50;41.0;16:45;41.0;18:30;4000;3.0
ComDragagem2035;5794;23.0;295.0;12.75;0;0;0;35;9:27;60.08;71.58;2.83;134.5;0.0;0.0;0.0;3.33;20.66;24.0;;;;;;BTP;CGC;;BERÇO BTP 2;41;0:00;41;1:50;41;4:24;42;1:05;42.0;1:50;42.0;3:35;4000;3.0
ComDragagem2035;5797;23.0;125.0;7.25;0;0;0;35;12:32;4.83;69.0;6.0;79.83;0.0;2.08;2.08;3.06;12.93;18.08;;;;;;DPW - CGC;CGC;;BERÇO DPW 1;38;20:25;38;21:45;39;0:03;39;13:00;39.0;15:50;39.0;17:25;500;3.0
ComDragagem2035;5798;23.0;185.0;10.25;0;0;0;35;11:29;5.58;68.58;6.0;80.17;0.0;1.58;1.58;3.73;13.38;18.75;;;;;;DPW - CGC;CGC;;BERÇO DPW 3;38;19:40;38;21:15;39;0:13;39;13:40;39.0;16:00;39.0;17:10;1000;3.0
ComDragagem2035;5799;49.0;366.0;15.0;1;0;0;35;12:32;127.92;7.17;5.08;140.17;1.83;0.83;2.67;1.53;41.74;46.0;;;;;;DPW - CGC;CGC;;BERÇO DPW 1;41;8:45;41;10:10;41;10:56;43;4:45;43.0;8:10;43.0;9:50;12500;3.0
ComDragagem2035;5800;23.0;295.0;12.75;0;0;0;35;12:32;6.17;87.5;10.33;104.0;0.92;1.42;2.33;3.22;21.93;27.5;;;;;;DPW - CGC;CGC;;BERÇO DPW 1;39;20:35;39;21:55;40;0:23;40;22:20;41.0;1:25;41.0;3:00;4000;3.0
ComDragagem2035;5801;36.0;225.0;0.0;0;0;0;35;14:40;0.0;0.0;7.42;7.42;0.0;0.0;0.0;2.44;64.0;66.5;;;;;;DPW - CGNC;CGNC;;BERÇO DPW 4;35;22:05;35;23:40;36;1:21;38;17:25;38.0;18:10;38.0;19:20;55000;1.0
ComDragagem2035;5802;23.0;225.0;0.0;0;0;0;35;10:28;253.5;495.83;54.58;803.92;1.0;0.92;1.92;4.95;53.25;60.17;;;;;;ELEVACOES;GSA - E;;BERÇO ARM 19;68;22:25;68;23:50;69;4:02;71;9:20;71.0;12:00;71.0;13:00;70000;1.0
ComDragagem2035;5803;23.0;185.0;9.75;0;0;0;35;12:36;121.33;896.0;36.75;1054.08;0.0;0.0;0.0;1.43;295.08;296.58;;;;;;NITA;GSA - I;;BERÇO ARM 13/14;79;10:45;79;11:55;79;12:35;91;19:45;;;;;45000;2.0
ComDragagem2035;5804;23.0;215.0;9.75;0;0;0;35;12:33;0.0;0.0;0.33;0.33;0.58;4.58;5.17;4.57;16.8;26.58;;;;;;SANTOSBR;CGC;;BERÇO TECON 1.2;35;12:55;35;14:10;35;17:59;36;10:50;36.0;16:45;36.0;17:55;1000;3.0
ComDragagem2035;5805;23.0;215.0;9.75;0;0;0;35;12:34;1.92;18.0;0.67;20.58;0.0;2.08;2.08;4.25;16.8;23.17;;;;;;SANTOSBR;CGC;;BERÇO TECON 1.1;36;9:10;36;10:25;36;13:55;37;6:45;37.0;9:35;37.0;10:45;1000;3.0
ComDragagem2035;5806;23.0;225.0;0.0;0;0;0;35;10:26;21.75;47.33;2.83;71.92;0.0;1.58;1.58;1.12;78.07;80.83;;;;;;TEG;GSA - E;;BERÇO TEG;38;10:25;38;11:35;38;11:57;41;18:05;41.0;20:25;41.0;21:10;70000;1.0
ComDragagem2035;5808;23.0;245.0;0.0;0;0;0;35;11:29;74.0;272.25;0.0;346.25;0.0;3.42;3.42;1.93;97.87;103.25;;;;;;TGG;GSA - E;;BERÇO TGG;49;21:45;49;22:55;50;0:05;54;2:00;54.0;6:10;54.0;6:55;85000;1.0
ComDragagem2035;5809;23.0;175.0;0.0;0;0;0;35;13:33;8.5;69.08;12.0;89.58;1.5;5.25;6.75;5.04;29.94;41.75;;;;;;TRANSPETRO;GL;;BERÇO AL 02;39;7:10;39;9:05;39;13:22;40;19:20;41.0;2:50;41.0;4:20;35000;1.0
ComDragagem2035;5810;23.0;175.0;0.0;0;0;0;35;14:33;0.0;0.0;5.0;5.0;3.5;6.67;10.17;16.57;90.66;117.42;;;;;;USIMINAS;CGNC;;BERÇO USIMINAS 1;35;19:35;35;22:00;36;13:49;40;8:30;40.0;19:25;40.0;21:25;35000;1.0
ComDragagem2035;5811;23.0;195.0;10.25;0;0;0;36;15:39;0.0;0.0;0.0;0.0;0.0;0.17;0.17;2.15;16.8;19.17;;;;;;TECON10;CGC;;BERÇO TECON10 2;36;15:40;36;17:25;36;18:49;37;11:40;37.0;12:35;37.0;14:15;1000;3.0
ComDragagem2035;5812;23.0;205.0;10.75;0;0;0;36;17:45;1.75;10.75;8.83;21.33;0.0;0.0;0.0;3.43;16.8;20.25;;;;;;TECON10;CGC;;BERÇO TECON10 2;37;15:05;37;16:50;37;19:30;38;12:20;38.0;13:05;38.0;14:45;1000;3.0
ComDragagem2035;5813;23.0;195.0;10.25;0;0;0;36;15:39;0.0;0.0;6.25;6.25;0.0;0.83;0.83;2.94;16.8;20.58;;;;;;TECON10;CGC;;BERÇO TECON10 4;36;21:55;36;23:40;37;1:51;37;18:40;37.0;20:15;37.0;21:55;1000;3.0
ComDragagem2035;5814;49.0;366.0;15.0;1;0;0;36;16:44;56.42;0.08;0.17;56.67;49.33;2.33;51.67;2.24;38.88;92.83;;;;;;TECON10;CGC;;BERÇO TECON10 1;39;1:25;39;3:15;39;4:44;40;19:40;43.0;0:05;43.0;1:50;12500;3.0
ComDragagem2035;5815;23.0;235.0;12.25;0;0;0;36;17:45;3.5;17.92;8.83;30.25;1.67;4.75;6.42;3.65;15.61;25.75;;;;;;TECON10;CGC;;BERÇO TECON10 3;38;0:00;38;1:45;38;4:39;38;20:20;39.0;3:30;39.0;5:10;3000;3.0
ComDragagem2035;5816;23.0;265.0;11.75;0;0;0;36;15:39;1.75;1.25;9.17;12.17;0.0;0.67;0.67;3.49;15.61;19.83;;;;;;TECON10;CGC;;BERÇO TECON10 3;37;3:50;37;5:35;37;8:19;38;0:00;38.0;1:25;38.0;3:05;3000;3.0
ComDragagem2035;5817;23.0;305.0;12.75;0;0;0;36;16:44;1.75;0.0;5.5;7.25;1.67;8.42;10.08;2.87;21.3;34.25;;;;;;TECON10;CGC;;BERÇO TECON10 1;37;0:00;37;1:45;37;3:52;38;1:10;38.0;12:00;38.0;13:40;4000;3.0
ComDragagem2035;5818;43.0;339.0;14.0;0;0;0;36;16:44;13.33;4.17;8.5;26.0;1.67;11.25;12.92;2.49;25.92;41.33;;;;;;TECON10;CGC;;BERÇO TECON10 4;37;18:45;37;20:30;37;22:14;39;0:10;39.0;13:50;39.0;15:30;6000;3.0
ComDragagem2035;5819;23.0;225.0;0.0;0;0;0;36;17:43;1.5;0.0;3.17;4.67;0.0;0.17;0.17;5.01;51.12;56.33;;;;;;ADM;GSA - E;;BERÇO ARM 39;36;22:25;36;23:30;37;3:45;39;6:55;39.0;7:50;39.0;8:30;70000;1.0
ComDragagem2035;5820;23.0;135.0;7.75;0;0;0;36;13:39;14.92;116.5;13.92;145.33;0.0;0.17;0.17;2.92;20.71;23.83;;;;;;BTP;CGC;;BERÇO BTP 3;42;15:00;42;16:50;42;19:00;43;15:45;43.0;16:40;43.0;18:25;500;3.0
ComDragagem2035;5821;23.0;185.0;9.75;0;0;0;36;13:39;14.92;122.33;13.92;151.17;0.0;3.42;3.42;1.9;13.85;19.17;;;;;;BTP;CGC;;BERÇO BTP 2;42;20:50;42;22:40;42;23:49;43;13:40;43.0;17:50;43.0;19:35;1000;3.0
ComDragagem2035;5822;23.0;215.0;9.75;0;0;0;36;14:41;16.75;135.08;18.0;169.83;0.0;1.83;1.83;5.15;13.85;20.83;;;;;;BTP;CGC;;BERÇO BTP 2;43;16:35;43;18:25;43;22:49;44;12:40;44.0;15:15;44.0;17:00;1000;3.0
ComDragagem2035;5823;23.0;275.0;13.25;0;0;0;36;13:39;16.75;124.5;16.17;157.42;1.17;1.83;3.0;3.16;14.7;20.92;;;;;;BTP;CGC;;BERÇO BTP 1;43;3:05;43;4:55;43;7:19;43;22:05;44.0;1:50;44.0;3:35;3000;3.0
ComDragagem2035;5824;23.0;295.0;13.75;0;0;0;36;13:39;69.92;88.67;10.92;169.5;0.0;5.92;5.92;2.46;20.66;29.08;;;;;;BTP;CGC;;BERÇO BTP 3;43;15:10;43;17:00;43;18:42;44;15:25;44.0;22:05;44.0;23:50;4000;3.0
ComDragagem2035;5828;23.0;205.0;10.75;0;0;0;36;16:44;4.75;62.92;9.83;77.5;0.0;0.5;0.5;2.98;13.38;16.92;;;;;;DPW - CGC;CGC;;BERÇO DPW 3;39;22:15;39;23:50;40;2:03;40;15:30;40.0;16:45;40.0;17:55;1000;3.0
ComDragagem2035;5829;36.0;225.0;0.0;0;0;0;36;16:43;3.17;48.83;0.0;52.0;1.17;2.0;3.17;7.07;64.0;74.25;;;;;;DPW - CGNC;CGNC;;BERÇO DPW 4;38;20:45;38;22:20;39;4:39;41;20:40;42.0;0:35;42.0;1:45;55000;1.0
ComDragagem2035;5830;23.0;215.0;10.75;0;0;0;36;17:46;0.0;3.08;0.0;3.08;0.0;0.25;0.25;5.22;16.8;22.33;;;;;;SANTOSBR;CGC;;BERÇO TECON 3;36;20:55;36;22:10;37;2:38;37;19:30;37.0;20:30;37.0;21:40;1000;3.0
ComDragagem2035;5831;23.0;205.0;10.75;0;0;0;36;17:45;0.0;1.58;0.0;1.58;0.0;0.25;0.25;2.44;16.8;19.5;;;;;;SANTOSBR;CGC;;BERÇO TECON 2;36;19:20;36;20:35;36;22:16;37;15:05;37.0;16:05;37.0;17:15;1000;3.0
ComDragagem2035;5832;23.0;235.0;12.25;0;0;0;36;17:45;0.0;4.42;0.0;4.42;1.17;5.08;6.25;3.8;15.61;25.67;;;;;;SANTOSBR;CGC;;BERÇO TECON 1.2;36;22:10;36;23:25;37;2:28;37;18:05;38.0;1:05;38.0;2:15;3000;3.0
ComDragagem2035;5833;23.0;225.0;0.0;0;0;0;36;13:34;196.92;421.58;13.08;631.58;0.0;0.0;0.0;2.01;88.35;90.42;;;;;;TEAG;GSA - E;;BERÇO TEAG;62;21:10;62;22:20;62;23:35;66;16:00;66.0;16:45;66.0;17:30;70000;1.0
ComDragagem2035;5835;23.0;225.0;0.0;0;0;0;36;16:47;134.0;519.25;47.25;700.5;0.0;0.08;0.08;3.16;62.19;65.5;;;;;;TIPLAM - GSA - E;GSA - E;;BERÇO TIPLAM 3;65;21:20;65;23:55;66;2:19;68;16:35;68.0;17:25;68.0;19:25;70000;1.0
ComDragagem2035;5836;38.0;250.0;0.0;0;0;0;36;16:47;147.5;605.92;35.83;789.25;1.08;0.5;1.58;4.68;73.55;79.83;;;;;;TIPLAM - GSA - E;GSA - E;;BERÇO TIPLAM 2;69;14:05;69;16:40;69;20:35;72;22:10;73.0;0:30;73.0;2:30;85000;1.0
ComDragagem2035;5837;23.0;185.0;0.0;0;0;0;36;15:38;13.33;77.83;21.08;112.25;1.5;4.67;6.17;3.24;29.94;39.42;;;;;;TRANSPETRO;GL;;BERÇO AL 02;41;7:55;41;9:50;41;12:19;42;18:20;43.0;1:15;43.0;2:45;35000;1.0
ComDragagem2035;5838;23.0;295.0;0.0;0;0;0;36;11:42;0.0;0.0;2.33;2.33;27.5;12.5;40.0;0.75;53.08;93.83;;;;;;TRSP;GL;;BERÇO TRSP;36;14:05;36;16:00;36;16:00;38;21:05;40.0;13:50;40.0;15:20;76500;1.0
ComDragagem2035;5839;23.0;175.0;9.75;0;0;0;36;16:47;0.0;0.0;4.83;4.83;0.0;1.92;1.92;5.86;90.66;98.5;;;;;;USIMINAS;CGNC;;BERÇO USIMINAS 2;36;21:40;36;23:45;37;4:51;40;23:35;41.0;2:15;41.0;4:35;35000;2.0
ComDragagem2035;5840;23.0;155.0;9.75;0;0;0;37;16:45;10.08;67.42;16.42;93.92;0.0;0.25;0.25;17.59;42.57;60.42;;;;;;STS;GL;;BERÇO AL 01;41;14:40;41;16:15;42;9:05;44;3:40;44.0;4:40;44.0;6:30;18000;2.0
ComDragagem2035;5841;23.0;205.0;11.25;0;0;0;37;19:51;1.75;16.08;0.25;18.08;1.08;4.0;5.08;2.35;16.8;24.25;;;;;;TECON10;CGC;;BERÇO TECON10 2;38;14:00;38;15:45;38;17:21;39;10:10;39.0;16:00;39.0;17:40;1000;3.0
ComDragagem2035;5842;36.0;225.0;0.0;0;0;0;37;17:50;0.0;0.0;0.25;0.25;0.83;1.5;2.33;10.62;99.66;112.67;;;;;;BRACELL;CGNC;;BERÇO ARM 35P2;37;18:05;37;19:20;38;5:12;42;8:55;42.0;12:00;42.0;12:50;55000;1.0
ComDragagem2035;5843;23.0;135.0;7.75;0;0;0;37;17:48;16.58;137.17;17.5;171.25;0.0;0.17;0.17;2.36;20.71;23.25;;;;;;BTP;CGC;;BERÇO BTP 3;44;21:05;44;22:55;45;0:31;45;21:15;45.0;22:10;45.0;23:55;500;3.0
ComDragagem2035;5844;23.0;185.0;10.25;0;0;0;37;17:48;16.58;133.75;17.5;167.83;0.25;0.33;0.58;3.17;13.85;17.67;;;;;;BTP;CGC;;BERÇO BTP 2;44;17:40;44;19:30;44;21:55;45;11:50;45.0;13:10;45.0;14:55;1000;3.0
ComDragagem2035;5845;23.0;215.0;9.75;0;0;0;37;14:43;16.58;119.25;17.5;153.33;0.0;1.0;1.0;4.34;13.85;19.25;;;;;;BTP;CGC;;BERÇO BTP 1;44;0:05;44;1:55;44;5:30;44;19:25;44.0;21:10;44.0;22:55;1000;3.0
ComDragagem2035;5846;23.0;185.0;10.25;0;0;0;37;19:52;28.42;147.5;17.5;193.42;0.0;0.75;0.75;2.0;13.85;16.67;;;;;;BTP;CGC;;BERÇO BTP 3;45;21:20;45;23:10;46;0:25;46;14:20;46.0;15:50;46.0;17:35;1000;3.0
ComDragagem2035;5847;49.0;366.0;15.0;1;0;0;37;17:48;262.58;22.58;4.75;289.92;0.17;0.0;0.17;2.31;30.72;33.25;;;;;;BTP;CGC;;BERÇO BTP 3;49;19:45;49;21:40;49;23:13;51;6:00;51.0;6:55;51.0;8:45;12500;3.0
ComDragagem2035;5848;23.0;325.0;13.75;0;0;0;37;17:48;67.0;87.67;15.0;169.67;0.0;1.67;1.67;6.4;20.66;28.75;;;;;;BTP;CGC;;BERÇO BTP 1;44;19:30;44;21:20;45;2:59;45;23:40;46.0;2:05;46.0;3:50;4000;3.0
ComDragagem2035;5851;23.0;185.0;9.75;0;0;0;37;19:49;0.0;0.0;0.08;0.08;0.0;2.0;2.0;4.13;31.91;38.08;;;;;;DOW;GL;;BERÇO DOW;37;19:55;37;20:40;38;0:02;39;8:00;39.0;10:45;39.0;11:45;35000;2.0
ComDragagem2035;5852;23.0;215.0;10.75;0;0;0;37;18:51;10.08;57.33;9.92;77.33;0.0;0.0;0.0;2.7;13.38;16.08;;;;;;DPW - CGC;CGC;;BERÇO DPW 3;41;0:15;41;1:50;41;3:47;41;17:10;41.0;17:55;41.0;19:05;1000;3.0
ComDragagem2035;5853;23.0;275.0;12.25;0;0;0;37;18:51;10.42;63.75;18.42;92.58;0.0;0.0;0.0;1.94;17.86;19.83;;;;;;DPW - CGC;CGC;;BERÇO DPW 2;41;15:30;41;17:10;41;18:21;42;12:15;42.0;13:00;42.0;14:35;3000;3.0
ComDragagem2035;5854;36.0;225.0;0.0;0;0;0;37;18:49;96.5;536.0;17.83;650.33;0.0;0.75;0.75;1.92;36.9;39.58;;;;;;ELDORADO;CGNC;;BERÇO ARM 31;64;21:10;64;22:25;64;23:35;66;12:30;66.0;14:00;66.0;14:50;55000;1.0
ComDragagem2035;5855;32.2;205.0;0.0;0;0;0;37;18:53;113.42;571.17;68.08;752.67;0.0;0.5;0.5;5.34;39.16;45.0;;;;;;ELEVACOES;GSA - E;;BERÇO ARM 16/17;69;3:35;69;5:05;69;9:40;71;0:50;71.0;2:05;71.0;3:10;55000;1.0
ComDragagem2035;5856;23.0;265.0;12.25;0;0;0;37;18:48;0.0;0.83;0.0;0.83;0.0;0.58;0.58;4.76;15.61;21.0;;;;;;SANTOSBR;CGC;;BERÇO TECON 3;37;19:40;37;20:55;38;0:55;38;16:35;38.0;17:55;38.0;19:05;3000;3.0
ComDragagem2035;5857;23.0;295.0;13.25;0;0;0;37;18:48;0.0;0.17;0.0;0.17;1.17;6.17;7.33;2.07;21.3;30.75;;;;;;SANTOSBR;CGC;;BERÇO TECON 2;37;19:00;37;20:15;37;21:34;38;18:55;39.0;3:00;39.0;4:10;4000;3.0
ComDragagem2035;5860;23.0;235.0;9.25;0;0;1;37;18:54;9.08;65.75;12.08;86.92;0.0;0.0;0.0;2.41;19.52;22.0;;;;;;TEV;RORO;;BERÇO TEV;41;9:50;41;11:10;41;12:49;42;8:25;42.0;9:10;42.0;10:25;5000;3.0
ComDragagem2035;5861;23.0;185.0;11.25;0;0;0;37;18:52;5.17;24.83;8.08;38.08;0.0;1.83;1.83;1.85;85.0;88.75;;;;;;TIPLAM - GSM - I;GSM - I;;BERÇO TIPLAM 1;39;9:00;39;11:35;39;12:41;43;1:45;43.0;4:20;43.0;6:20;45000;2.0
ComDragagem2035;5862;23.0;225.0;13.25;0;0;0;37;18:52;14.17;76.33;15.0;105.5;1.92;1.25;3.17;8.92;104.45;116.58;;;;;;TIPLAM - GSM - I;GSM - I;;BERÇO TIPLAM 4;42;4:25;42;6:30;42;14:40;46;23:10;47.0;3:05;47.0;5:35;70000;2.0
ComDragagem2035;5863;38.0;250.0;0.0;0;0;0;37;17:48;360.67;304.42;18.67;683.75;0.0;0.0;0.0;4.11;90.23;94.33;;;;;;XXXIX;GSA - E;;BERÇO ARM 37;66;5:35;66;6:40;66;10:01;70;4:15;70.0;5:00;70.0;5:40;85000;1.0
ComDragagem2035;5864;36.0;225.0;0.0;0;0;0;38;21:55;2.08;0.0;0.0;2.08;0.0;3.42;3.42;1.21;99.0;103.67;;;;;;ARAUCO;CGNC;;BERÇO ARAUCO 1;39;0:00;39;2:10;39;2:37;43;5:40;43.0;9:50;43.0;11:35;55000;1.0
ComDragagem2035;5865;23.0;275.0;13.25;0;0;0;38;22:58;1.0;11.08;10.92;23.0;0.0;0.33;0.33;3.77;15.61;19.75;;;;;;TECON10;CGC;;BERÇO TECON10 2;39;22:00;39;23:45;40;2:46;40;18:25;40.0;19:30;40.0;21:10;3000;3.0
ComDragagem2035;5866;23.0;225.0;0.0;0;0;0;38;21:52;0.0;0.0;0.0;0.0;1.17;5.42;6.58;3.02;51.12;60.75;;;;;;RUMO - GSA - E;GSA - E;;BERÇO RUMO 1;38;21:55;38;23:30;39;1:46;41;4:55;41.0;12:15;41.0;13:25;70000;1.0
ComDragagem2035;5867;23.0;135.0;7.75;0;0;0;38;21:57;22.58;122.92;12.58;158.08;0.0;1.83;1.83;2.75;20.71;25.33;;;;;;BTP;CGC;;BERÇO BTP 2;45;12:05;45;13:55;45;15:55;46;12:40;46.0;15:15;46.0;17:00;500;3.0
ComDragagem2035;5868;23.0;195.0;11.75;0;0;0;38;23:40;39.58;152.25;13.5;205.33;15.0;0.0;15.0;4.33;13.85;33.25;;;;;;BTP;CGC;;BERÇO BTP 1;47;13:00;47;14:50;47;18:24;48;8:20;49.0;0:05;49.0;1:50;1000;3.0
ComDragagem2035;5869;23.0;275.0;14.25;0;0;0;38;22:58;28.0;141.0;13.5;182.5;36.92;2.42;39.33;3.59;14.7;57.67;;;;;;BTP;CGC;;BERÇO BTP 2;46;13:30;46;15:20;46;18:10;47;8:55;49.0;1:00;49.0;2:45;3000;3.0
ComDragagem2035;5870;23.0;295.0;14.25;0;0;0;38;21:57;66.58;96.25;8.42;171.25;9.33;1.25;10.58;3.99;20.66;35.25;;;;;;BTP;CGC;;BERÇO BTP 1;46;1:15;46;3:05;46;6:19;47;3:00;47.0;14:20;47.0;16:05;4000;3.0
ComDragagem2035;5874;23.0;185.0;11.75;0;0;0;38;22:58;7.92;46.08;14.42;68.42;0.0;0.67;0.67;1.99;13.38;16.08;;;;;;DPW - CGC;CGC;;BERÇO DPW 3;41;19:25;41;21:00;41;22:14;42;11:40;42.0;13:05;42.0;14:15;1000;3.0
ComDragagem2035;5875;32.2;205.0;0.0;0;0;0;38;23:57;114.83;592.25;66.25;773.33;0.0;0.0;0.0;1.94;39.16;41.17;;;;;;ELEVACOES;GSA - E;;BERÇO ARM 16/17;71;5:20;71;6:50;71;8:01;72;23:15;73.0;0:00;73.0;1:05;55000;1.0
ComDragagem2035;5876;23.0;205.0;11.75;0;0;0;38;22:13;0.0;0.0;0.08;0.08;0.0;0.0;0.0;2.45;16.8;19.25;;;;;;SANTOSBR;CGC;;BERÇO TECON 1.2;38;22:20;38;23:35;39;1:17;39;18:05;39.0;18:50;39.0;20:00;1000;3.0
ComDragagem2035;5877;23.0;215.0;11.25;0;0;0;38;20:54;0.0;0.0;0.25;0.25;0.0;1.08;1.08;1.36;16.8;19.25;;;;;;SANTOSBR;CGC;;BERÇO TECON 1.1;38;21:10;38;22:25;38;23:01;39;15:50;39.0;17:40;39.0;18:50;1000;3.0
ComDragagem2035;5878;23.0;275.0;14.25;0;0;0;38;23:56;0.0;1.25;1.42;2.67;1.17;3.67;4.83;3.21;15.61;23.67;;;;;;SANTOSBR;CGC;;BERÇO TECON 2;39;2:40;39;3:55;39;6:22;39;22:00;40.0;3:35;40.0;4:45;3000;3.0
ComDragagem2035;5879;23.0;275.0;12.75;0;0;0;38;20:54;1.25;0.42;1.67;3.33;1.17;5.67;6.83;2.53;15.61;25.0;;;;;;SANTOSBR;CGC;;BERÇO TECON 3;39;0:15;39;1:30;39;3:16;39;18:55;40.0;2:30;40.0;3:40;3000;3.0
ComDragagem2035;5881;23.0;195.0;9.75;0;0;1;38;20:57;9.08;65.42;11.0;85.5;1.08;0.17;1.25;2.12;20.97;24.33;;;;;;TEV;RORO;;BERÇO TEV;42;10:30;42;11:50;42;13:12;43;10:10;43.0;12:10;43.0;13:25;1500;3.0
ComDragagem2035;5882;23.0;225.0;0.0;0;0;0;38;21:58;138.67;532.33;46.5;717.5;0.0;0.5;0.5;13.67;62.19;76.42;;;;;;TIPLAM - GSA - E;GSA - E;;BERÇO TIPLAM 3;68;19:30;68;22:05;69;11:00;72;1:15;72.0;2:30;72.0;4:30;70000;1.0
ComDragagem2035;5883;23.0;225.0;12.75;0;0;0;38;23:11;7.67;40.25;8.42;56.33;2.17;2.75;4.92;17.34;81.86;104.17;;;;;;ULTRACARGO;GL;;BERÇO AL 03;41;7:35;41;9:10;42;1:45;45;11:40;45.0;17:20;45.0;19:10;60000;2.0
ComDragagem2035;5884;23.0;225.0;0.0;0;0;0;38;21:01;286.5;441.08;27.08;754.67;0.0;0.0;0.0;1.41;55.1;56.58;;;;;;XXXIX;GSA - E;;BERÇO ARM 37;70;7:45;70;8:50;70;9:29;72;16:40;72.0;17:25;72.0;18:05;70000;1.0
ComDragagem2035;5885;23.0;195.0;8.75;0;0;0;39;3:07;0.0;0.33;6.08;6.42;2.75;2.0;4.75;4.52;16.8;26.08;;;;;;TECON10;CGC;;BERÇO TECON10 3;39;9:35;39;11:20;39;15:06;40;7:55;40.0;13:25;40.0;15:05;1000;3.0
ComDragagem2035;5886;23.0;245.0;9.75;0;0;0;39;2:05;0.0;1.25;8.92;10.17;4.17;4.58;8.75;2.62;15.61;27.0;;;;;;TECON10;CGC;;BERÇO TECON10 4;39;12:15;39;14:00;39;15:52;40;7:30;40.0;17:00;40.0;18:40;3000;3.0
ComDragagem2035;5887;23.0;215.0;8.25;0;0;0;39;0:01;27.0;147.25;13.5;187.75;7.33;0.25;7.58;5.4;13.85;26.83;;;;;;BTP;CGC;;BERÇO BTP 3;46;19:50;46;21:40;47;2:19;47;16:10;48.0;0:30;48.0;2:15;1000;3.0
ComDragagem2035;5890;23.0;225.0;0.0;0;0;0;39;0:00;22.25;136.42;13.75;172.42;0.0;0.17;0.17;3.85;162.93;167.0;;;;;;CUTRALE - GL;GL;;BERÇO CUTRALE;46;4:25;46;5:30;46;8:36;53;3:35;53.0;4:30;53.0;5:10;60000;1.0
ComDragagem2035;5891;23.0;195.0;7.25;0;0;0;39;0:01;8.75;64.25;14.42;87.42;0.0;0.08;0.08;5.41;13.38;18.92;;;;;;DPW - CGC;CGC;;BERÇO DPW 2;42;15:30;42;17:10;42;21:49;43;11:15;43.0;12:05;43.0;13:40;1000;3.0
ComDragagem2035;5892;23.0;255.0;9.75;0;0;0;39;3:06;9.08;76.67;14.42;100.17;0.0;0.33;0.33;1.8;17.86;20.0;;;;;;DPW - CGC;CGC;;BERÇO DPW 1;43;7:20;43;8:40;43;9:43;44;3:35;44.0;4:40;44.0;6:15;3000;3.0
ComDragagem2035;5893;23.0;255.0;9.75;0;0;0;39;2:05;8.5;62.75;14.42;85.67;0.0;4.42;4.42;2.51;17.86;24.83;;;;;;DPW - CGC;CGC;;BERÇO DPW 3;42;15:45;42;17:20;42;19:05;43;13:00;43.0;18:10;43.0;19:20;3000;3.0
ComDragagem2035;5894;36.0;225.0;0.0;0;0;0;39;0:04;8.5;62.33;4.83;75.67;0.25;0.08;0.33;2.52;64.0;66.92;;;;;;DPW - CGNC;CGNC;;BERÇO DPW 4;42;3:45;42;5:20;42;7:06;44;23:10;45.0;0:15;45.0;1:25;55000;1.0
ComDragagem2035;5895;23.0;225.0;0.0;0;0;0;39;2:05;257.67;500.25;58.83;816.75;0.0;0.0;0.0;2.75;53.25;56.0;;;;;;ELEVACOES;GSA - E;;BERÇO ARM 16/17;73;2:50;73;4:20;73;6:20;75;11:35;75.0;12:20;75.0;13:25;70000;1.0
ComDragagem2035;5896;32.2;205.0;0.0;0;0;0;39;2:05;112.5;600.08;67.75;780.33;0.0;0.0;0.0;6.37;39.16;45.58;;;;;;ELEVACOES;GSA - E;;BERÇO ARM 19;71;14:25;71;15:50;71;21:27;73;12:40;73.0;13:25;73.0;14:25;55000;1.0
ComDragagem2035;5897;23.0;175.0;0.0;0;0;0;39;5:10;93.17;450.25;7.33;550.75;0.58;0.0;0.58;1.55;137.91;140.08;;;;;;NST - GL;GL;;BERÇO ARM 29;62;3:55;62;5:15;62;6:03;68;0:00;68.0;1:20;68.0;2:15;35000;1.0
ComDragagem2035;5898;23.0;185.0;8.75;0;0;0;39;1:03;0.0;20.17;1.25;21.42;1.17;5.17;6.33;5.14;16.8;28.33;;;;;;SANTOSBR;CGC;;BERÇO TECON 1.1;39;22:30;39;23:45;40;4:08;40;21:00;41.0;4:05;41.0;5:15;1000;3.0
ComDragagem2035;5899;23.0;215.0;8.75;0;0;0;39;3:08;0.0;17.17;0.75;17.92;0.17;2.0;2.17;3.59;16.8;22.58;;;;;;SANTOSBR;CGC;;BERÇO TECON 1.2;39;21:05;39;22:20;40;1:10;40;18:00;40.0;20:55;40.0;22:05;1000;3.0
ComDragagem2035;5900;23.0;265.0;8.75;0;0;0;39;0:01;1.25;22.08;2.25;25.58;0.75;1.08;1.83;4.71;15.61;22.17;;;;;;SANTOSBR;CGC;;BERÇO TECON 3;40;1:40;40;2:55;40;6:52;40;22:30;41.0;1:05;41.0;2:15;3000;3.0
ComDragagem2035;5901;43.0;339.0;14.0;0;0;0;39;2:04;1.25;23.17;2.58;27.0;1.17;0.17;1.33;2.34;25.92;29.67;;;;;;SANTOSBR;CGC;;BERÇO TECON 2;40;5:05;40;6:20;40;7:55;41;9:55;41.0;12:00;41.0;13:10;6000;3.0
ComDragagem2035;5902;23.0;225.0;12.25;0;0;0;39;1:05;67.67;221.0;8.08;296.75;0.0;0.25;0.25;5.76;111.09;117.17;;;;;;TERMAG;GSM - I;;BERÇO TERMAG;51;9:50;51;10:40;51;15:40;56;6:50;56.0;7:50;56.0;8:55;70000;2.0
ComDragagem2035;5903;23.0;195.0;8.25;0;0;1;39;4:11;9.08;84.83;12.33;106.25;0.0;1.5;1.5;1.16;20.97;23.67;;;;;;TEV;RORO;;BERÇO TEV;43;14:30;43;15:50;43;16:14;44;13:15;44.0;15:30;44.0;16:45;1500;3.0
ComDragagem2035;5904;23.0;175.0;8.75;0;0;1;39;4:12;10.42;111.83;12.33;134.58;0.0;1.33;1.33;7.82;20.97;30.17;;;;;;TEV;RORO;;BERÇO TEV;44;18:50;44;20:10;45;3:14;46;0:15;46.0;2:20;46.0;3:35;1500;3.0
ComDragagem2035;5905;23.0;225.0;0.0;0;0;0;39;0:03;148.92;599.08;48.5;796.5;0.0;0.75;0.75;6.66;62.19;69.67;;;;;;TIPLAM - GSA - E;GSA - E;;BERÇO TIPLAM 3;72;4:35;72;7:10;72;13:04;75;3:20;75.0;4:50;75.0;6:50;70000;1.0
ComDragagem2035;5906;23.0;185.0;0.0;0;0;0;39;0:01;11.42;72.17;15.17;98.75;0.0;0.42;0.42;4.62;29.94;35.0;;;;;;TRANSPETRO;GL;;BERÇO AL 02;43;2:50;43;4:45;43;8:37;44;14:35;44.0;15:45;44.0;17:15;35000;1.0
ComDragagem2035;5907;23.0;155.0;0.0;0;0;0;39;3:02;0.0;0.0;2.92;2.92;0.0;0.33;0.33;0.75;41.58;42.67;;;;;;VOPAK;GL;;BERÇO AL 04;39;6:00;39;7:55;39;7:55;41;1:30;41.0;2:35;41.0;4:05;18000;1.0
ComDragagem2035;5908;18.0;85.34;4.1;0;0;0;39;7:50;0.0;0.0;2.75;2.75;0.0;4.5;4.5;0.83;5.83;11.17;;;;;;SAIPEM;CGNC;;BERÇO SAIPEM 2;39;10:35;39;11:30;39;11:34;39;17:25;39.0;22:40;39.0;23:30;0;3.0
ComDragagem2035;5909;23.0;255.0;10.25;0;0;0;40;5:14;2.58;4.17;0.0;6.75;1.67;3.67;5.33;1.79;15.61;22.75;;;;;;TECON10;CGC;;BERÇO TECON10 3;40;12:00;40;13:45;40;14:47;41;6:25;41.0;12:30;41.0;14:10;3000;3.0
ComDragagem2035;5910;23.0;225.0;0.0;0;0;0;40;7:13;4.67;0.0;0.67;5.33;0.0;2.42;2.42;4.02;51.12;57.58;;;;;;ADM;GSA - E;;BERÇO ARM 39;40;12:35;40;13:40;40;16:56;42;20:05;42.0;23:15;42.0;23:55;70000;1.0
ComDragagem2035;5911;23.0;165.0;0.0;0;0;0;40;3:08;0.0;0.0;3.17;3.17;2.67;14.92;17.58;1.33;45.88;64.83;;;;;;AGEO_TERMINAIS;GL;;BERÇO Ageo I;40;6:20;40;8:05;40;8:39;42;6:35;43.0;0:55;43.0;2:15;18000;1.0
ComDragagem2035;5912;36.0;225.0;0.0;0;0;0;40;3:10;0.0;0.0;2.17;2.17;0.75;0.0;0.75;1.04;99.66;101.5;;;;;;BRACELL;CGNC;;BERÇO ARM 35P1;40;5:20;40;6:30;40;6:47;44;10:30;44.0;12:00;44.0;12:45;55000;1.0
ComDragagem2035;5913;23.0;215.0;8.75;0;0;0;40;5:15;48.25;125.58;13.25;187.08;6.0;1.5;7.5;2.03;13.85;23.42;;;;;;BTP;CGC;;BERÇO BTP 3;48;0:20;48;2:10;48;3:26;48;17:20;49.0;1:35;49.0;3:20;1000;3.0
ComDragagem2035;5914;23.0;175.0;0.0;0;0;0;40;8:14;100.83;559.33;8.42;668.58;0.0;0.17;0.17;0.84;77.19;78.25;;;;;;CITROSUCO;GL;;BERÇO ARM 29;68;4:50;68;6:10;68;6:15;71;11:30;71.0;12:25;71.0;13:20;35000;1.0
ComDragagem2035;5915;23.0;225.0;0.0;0;0;0;40;4:13;73.0;227.67;15.25;315.92;0.0;0.0;0.0;1.68;54.03;55.75;;;;;;CUTRALE - GSA - E;GSA - E;;BERÇO CUTRALE;53;8:10;53;9:15;53;10:10;55;16:15;55.0;17:00;55.0;17:40;70000;1.0
ComDragagem2035;5916;23.0;195.0;9.25;0;0;0;40;6:15;8.5;68.5;10.5;87.5;0.0;1.0;1.0;2.67;13.38;17.08;;;;;;DPW - CGC;CGC;;BERÇO DPW 3;43;21:45;43;23:20;44;1:15;44;14:40;44.0;16:25;44.0;17:35;1000;3.0
ComDragagem2035;5917;23.0;225.0;0.0;0;0;0;40;8:17;245.0;495.92;57.75;798.67;0.0;1.17;1.17;5.88;53.25;60.33;;;;;;ELEVACOES;GSA - E;;BERÇO ARM 19;73;15:00;73;16:25;73;21:32;76;2:50;76.0;4:45;76.0;5:45;70000;1.0
ComDragagem2035;5918;23.0;135.0;6.75;0;0;0;40;4:09;3.75;12.58;2.17;18.5;0.0;2.17;2.17;1.49;7.08;10.75;;;;;;SANTOSBR;CGC;;BERÇO TECON 1.2;40;22:40;40;23:55;41;0:39;41;7:45;41.0;10:40;41.0;11:50;500;3.0
ComDragagem2035;5919;23.0;275.0;9.75;0;0;0;40;4:09;5.0;13.17;2.17;20.33;0.0;1.0;1.0;1.87;15.61;18.5;;;;;;SANTOSBR;CGC;;BERÇO TECON 3;41;0:30;41;1:45;41;2:52;41;18:30;41.0;20:15;41.0;21:25;3000;3.0
ComDragagem2035;5921;23.0;225.0;0.0;0;0;0;40;3:12;148.92;589.33;53.08;791.33;0.0;0.08;0.08;5.55;62.19;67.83;;;;;;TIPLAM - GSA - E;GSA - E;;BERÇO TIPLAM 2;73;2:35;73;5:10;73;9:58;76;0:10;76.0;1:00;76.0;3:00;70000;1.0
ComDragagem2035;5922;23.0;225.0;0.0;0;0;0;40;6:12;416.42;344.17;20.42;781.0;0.0;0.5;0.5;0.85;55.1;56.5;;;;;;XXXIX;GSA - E;;BERÇO ARM 37;72;19:15;72;20:20;72;20:26;75;3:35;75.0;4:50;75.0;5:30;70000;1.0
ComDragagem2035;5923;23.0;185.0;9.75;0;0;0;41;9:24;0.0;0.0;0.17;0.17;1.67;3.33;5.0;3.12;16.8;24.92;;;;;;TECON10;CGC;;BERÇO TECON10 4;41;9:35;41;11:20;41;13:42;42;6:30;42.0;12:15;42.0;13:55;1000;3.0
ComDragagem2035;5924;23.0;185.0;9.75;0;0;0;41;11:28;1.75;26.0;0.0;27.75;0.0;3.0;3.0;3.7;16.8;23.5;;;;;;TECON10;CGC;;BERÇO TECON10 4;42;15:15;42;17:00;42;19:57;43;12:45;43.0;16:30;43.0;18:10;1000;3.0
ComDragagem2035;5925;23.0;265.0;10.25;0;0;0;41;6:19;0.0;0.0;2.08;2.08;1.67;12.08;13.75;2.72;15.61;32.08;;;;;;TECON10;CGC;;BERÇO TECON10 2;41;8:25;41;10:10;41;12:08;42;3:45;42.0;18:15;42.0;19:55;3000;3.0
ComDragagem2035;5926;23.0;295.0;12.25;0;0;0;41;9:24;0.0;3.92;1.92;5.83;3.33;16.5;19.83;2.11;21.3;43.25;;;;;;TECON10;CGC;;BERÇO TECON10 3;41;15:15;41;17:00;41;18:21;42;15:40;43.0;12:15;43.0;13:55;4000;3.0
ComDragagem2035;5927;23.0;225.0;0.0;0;0;0;41;9:20;14.75;23.92;0.0;38.67;2.67;1.42;4.08;5.45;51.12;60.67;;;;;;ADM;GSA - E;;BERÇO ARM 39;43;0:00;43;1:05;43;5:47;45;8:55;45.0;13:45;45.0;14:25;70000;1.0
ComDragagem2035;5928;23.0;215.0;8.75;0;0;0;41;7:21;66.0;110.83;25.0;201.83;0.33;1.83;2.17;2.68;13.85;18.75;;;;;;BTP;CGC;;BERÇO BTP 1;49;17:15;49;19:05;49;21:00;50;10:55;50.0;13:50;50.0;15:35;1000;3.0
ComDragagem2035;5929;23.0;175.0;0.0;0;0;0;41;8:20;103.75;612.83;9.75;726.33;0.0;0.0;0.0;0.95;77.19;78.17;;;;;;CITROSUCO;GL;;BERÇO ARM 29;71;14:40;71;16:00;71;16:12;74;21:25;74.0;22:10;74.0;23:05;35000;1.0
ComDragagem2035;5931;23.0;125.0;7.25;0;0;0;41;9:23;3.33;48.08;1.17;52.58;0.0;2.25;2.25;3.46;12.93;18.67;;;;;;DPW - CGC;CGC;;BERÇO DPW 2;43;14:00;43;15:40;43;18:22;44;7:20;44.0;10:20;44.0;11:55;500;3.0
ComDragagem2035;5932;23.0;215.0;9.75;0;0;0;41;9:25;5.0;65.75;1.5;72.25;0.17;0.25;0.42;2.79;13.38;16.58;;;;;;DPW - CGC;CGC;;BERÇO DPW 2;44;9:40;44;11:20;44;13:22;45;2:45;45.0;3:55;45.0;5:30;1000;3.0
ComDragagem2035;5933;23.0;215.0;9.75;0;0;0;41;10:28;4.75;73.67;1.67;80.08;0.5;0.42;0.92;3.04;13.38;17.33;;;;;;DPW - CGC;CGC;;BERÇO DPW 3;44;18:35;44;20:10;44;22:27;45;11:50;45.0;13:30;45.0;14:40;1000;3.0
ComDragagem2035;5934;23.0;255.0;10.75;0;0;0;41;9:24;4.0;61.17;1.17;66.33;1.17;1.0;2.17;1.79;17.86;21.83;;;;;;DPW - CGC;CGC;;BERÇO DPW 1;44;3:45;44;5:05;44;6:07;45;0:00;45.0;2:55;45.0;4:30;3000;3.0
ComDragagem2035;5935;23.0;295.0;11.75;0;0;0;41;9:23;6.33;80.08;2.42;88.83;0.0;2.58;2.58;2.33;21.93;26.92;;;;;;DPW - CGC;CGC;;BERÇO DPW 1;45;2:15;45;3:35;45;5:09;46;3:10;46.0;6:30;46.0;8:05;4000;3.0
ComDragagem2035;5936;23.0;225.0;0.0;0;0;0;41;9:24;251.75;513.0;57.75;822.5;0.0;0.0;0.0;6.63;53.25;59.92;;;;;;ELEVACOES;GSA - E;;BERÇO ARM 16/17;75;15:55;75;17:25;75;23:17;78;4:35;78.0;5:20;78.0;6:25;70000;1.0
ComDragagem2035;5937;23.0;185.0;9.75;0;0;0;41;9:25;0.0;0.0;0.75;0.75;1.17;4.42;5.58;2.4;16.8;24.83;;;;;;SANTOSBR;CGC;;BERÇO TECON 1.2;41;10:10;41;11:25;41;13:04;42;5:55;42.0;12:15;42.0;13:25;1000;3.0
ComDragagem2035;5938;49.0;366.0;15.0;1;0;0;41;7:19;59.33;1.58;2.33;63.25;17.5;3.08;20.58;3.43;38.88;62.92;;;;;;SANTOSBR;CGC;;BERÇO TECON 3;43;22:35;43;23:55;44;2:35;45;17:30;46.0;14:50;46.0;16:05;12500;3.0
ComDragagem2035;5939;23.0;275.0;10.25;0;0;0;41;7:20;0.0;7.75;0.67;8.42;0.0;5.08;5.08;4.56;15.61;25.25;;;;;;SANTOSBR;CGC;;BERÇO TECON 2;41;15:45;41;17:00;41;20:48;42;12:25;42.0;18:15;42.0;19:25;3000;3.0
ComDragagem2035;5940;23.0;295.0;12.25;0;0;0;41;9:25;0.0;9.58;0.67;10.25;2.33;19.0;21.33;2.31;21.3;45.0;;;;;;SANTOSBR;CGC;;BERÇO TECON 3;41;19:40;41;20:55;41;22:28;42;19:50;43.0;17:55;43.0;19:05;4000;3.0
ComDragagem2035;5941;23.0;225.0;0.0;0;0;0;41;7:19;2.0;13.42;0.0;15.42;0.08;0.0;0.08;1.2;78.07;79.42;;;;;;TEG;GSA - E;;BERÇO TEG;41;22:45;41;23:55;42;0:22;45;6:30;45.0;7:20;45.0;8:05;70000;1.0
ComDragagem2035;5942;23.0;195.0;8.75;0;0;1;41;7:20;17.42;91.25;8.0;116.67;40.17;4.58;44.75;3.65;20.97;69.42;;;;;;TEV;RORO;;BERÇO TEV;46;4:00;46;5:20;46;8:14;47;5:15;49.0;2:45;49.0;4:00;1500;3.0
ComDragagem2035;5943;23.0;225.0;9.25;0;0;0;41;8:24;4.17;33.42;8.42;46.0;21.08;1.67;22.75;10.03;104.45;137.25;;;;;;TIPLAM - GSM - I;GSM - I;;BERÇO TIPLAM 1;43;6:25;43;8:30;43;17:46;48;2:15;49.0;1:45;49.0;4:15;70000;2.0
ComDragagem2035;5944;23.0;295.0;0.0;0;0;0;41;9:17;0.0;0.0;0.0;0.0;29.73;11.35;41.08;0.75;53.08;94.92;;;;;;TRSP;GL;;BERÇO TRSP;41;9:20;41;11:15;41;11:15;43;16:20;45.0;10:10;45.0;11:40;76500;1.0
ComDragagem2035;5945;23.0;225.0;0.0;0;0;0;41;10:25;416.92;374.92;22.33;814.17;0.0;0.42;0.42;0.82;55.1;56.33;;;;;;XXXIX;GSA - E;;BERÇO ARM 37;75;8:35;75;9:40;75;9:44;77;16:50;77.0;18:00;77.0;18:40;70000;1.0
ComDragagem2035;5946;23.0;195.0;9.75;0;0;0;42;11:29;0.0;10.58;0.0;10.58;1.67;3.83;5.5;3.27;16.8;25.58;;;;;;TECON10;CGC;;BERÇO TECON10 2;42;22:05;42;23:50;43;2:21;43;19:10;44.0;1:25;44.0;3:05;1000;3.0
ComDragagem2035;5947;23.0;255.0;11.25;0;0;0;42;11:29;1.75;10.92;4.25;16.92;2.25;10.33;12.58;1.59;15.61;29.83;;;;;;TECON10;CGC;;BERÇO TECON10 1;43;4:25;43;6:10;43;7:00;43;22:40;44.0;12:00;44.0;13:40;3000;3.0
ComDragagem2035;5948;36.0;225.0;0.0;0;0;0;42;10:28;0.0;11.83;0.0;11.83;42.92;24.17;67.08;1.64;99.66;168.42;;;;;;BRACELL;CGNC;;BERÇO ARM 35P2;42;22:20;42;23:35;43;0:28;47;4:10;50.0;0:00;50.0;0:50;55000;1.0
ComDragagem2035;5949;23.0;135.0;7.75;0;0;0;42;9:27;64.17;89.25;23.33;176.75;0.0;0.42;0.42;4.17;20.71;25.33;;;;;;BTP;CGC;;BERÇO BTP 2;49;18:15;49;20:05;49;23:30;50;20:15;50.0;21:25;50.0;23:10;500;3.0
ComDragagem2035;5950;23.0;135.0;7.75;0;0;0;42;10:28;67.83;116.25;26.75;210.83;0.0;0.0;0.0;1.8;20.71;22.58;;;;;;BTP;CGC;;BERÇO BTP 3;51;5:20;51;7:10;51;8:13;52;5:00;52.0;5:45;52.0;7:30;500;3.0
ComDragagem2035;5951;23.0;215.0;9.25;0;0;0;42;9:27;66.0;111.33;26.75;204.08;0.0;0.92;0.92;3.5;13.85;18.33;;;;;;BTP;CGC;;BERÇO BTP 2;50;21:35;50;23:25;51;2:10;51;16:05;51.0;17:45;51.0;19:30;1000;3.0
ComDragagem2035;5952;23.0;215.0;9.25;0;0;0;42;10:28;67.83;126.83;26.92;221.58;1.5;0.0;1.5;2.69;13.85;18.08;;;;;;BTP;CGC;;BERÇO BTP 2;51;16:05;51;17:55;51;19:51;52;9:45;52.0;12:00;52.0;13:45;1000;3.0
ComDragagem2035;5953;23.0;215.0;9.25;0;0;0;42;10:30;67.83;128.42;26.92;223.17;0.0;3.5;3.5;4.91;13.85;22.33;;;;;;BTP;CGC;;BERÇO BTP 1;51;17:40;51;19:30;51;23:39;52;13:35;52.0;17:50;52.0;19:35;1000;3.0
ComDragagem2035;5954;49.0;366.0;15.0;1;0;0;42;9:28;252.58;24.25;6.17;283.0;1.92;0.33;2.25;2.16;30.72;35.17;;;;;;BTP;CGC;;BERÇO BTP 3;54;4:30;54;6:25;54;7:49;55;14:35;55.0;17:35;55.0;19:25;12500;3.0
ComDragagem2035;5955;23.0;295.0;12.75;0;0;0;42;9:28;85.0;88.58;21.17;194.75;0.17;0.42;0.58;7.92;20.66;29.17;;;;;;BTP;CGC;;BERÇO BTP 1;50;12:15;50;14:05;50;21:15;51;17:55;51.0;19:15;51.0;21:00;4000;3.0
ComDragagem2035;5956;23.0;295.0;12.75;0;0;0;42;10:31;106.75;118.0;24.67;249.42;0.0;0.08;0.08;3.46;20.66;24.25;;;;;;BTP;CGC;;BERÇO BTP 1;52;20:00;52;21:50;53;0:32;53;21:15;53.0;22:05;53.0;23:50;4000;3.0
ComDragagem2035;5957;23.0;175.0;10.25;0;0;0;42;7:26;91.0;589.08;2.08;682.17;0.0;0.08;0.08;8.63;135.86;144.58;;;;;;BUNGE;GSA - I;;BERÇO ARM 30;70;17:40;70;18:35;71;2:27;76;18:20;76.0;19:10;76.0;20:20;35000;2.0
ComDragagem2035;5958;23.0;225.0;0.0;0;0;0;42;11:35;71.33;233.08;16.0;320.42;0.0;0.0;0.0;3.71;54.03;57.75;;;;;;CUTRALE - GSA - E;GSA - E;;BERÇO CUTRALE;55;20:00;55;21:05;56;0:02;58;6:05;58.0;6:50;58.0;7:30;70000;1.0
ComDragagem2035;5959;38.0;250.0;0.0;0;0;0;42;11:35;76.17;287.17;16.92;380.25;0.0;0.0;0.0;1.47;75.79;77.33;;;;;;CUTRALE - GSA - E;GSA - E;;BERÇO CUTRALE;58;7:50;58;8:55;58;9:38;61;13:30;61.0;14:15;61.0;14:55;85000;1.0
ComDragagem2035;5960;23.0;185.0;10.25;0;0;0;42;11:31;6.33;55.08;1.67;63.08;0.42;0.67;1.08;2.5;13.38;17.0;;;;;;DPW - CGC;CGC;;BERÇO DPW 2;45;2:40;45;4:20;45;6:05;45;19:30;45.0;21:20;45.0;22:55;1000;3.0
ComDragagem2035;5961;23.0;255.0;11.25;0;0;0;42;12:32;12.17;61.33;2.08;75.58;0.0;2.42;2.42;2.08;17.86;22.42;;;;;;DPW - CGC;CGC;;BERÇO DPW 3;45;16:10;45;17:45;45;19:04;46;13:00;46.0;16:10;46.0;17:20;3000;3.0
ComDragagem2035;5962;23.0;255.0;11.25;0;0;0;42;12:33;16.08;70.67;2.08;88.83;9.58;1.42;11.0;2.6;17.86;31.5;;;;;;DPW - CGC;CGC;;BERÇO DPW 1;46;5:25;46;6:45;46;8:36;47;2:30;47.0;14:15;47.0;15:50;3000;3.0
ComDragagem2035;5963;23.0;305.0;12.25;0;0;0;42;11:31;14.58;64.0;2.08;80.67;1.5;0.17;1.67;2.61;21.93;26.25;;;;;;DPW - CGC;CGC;;BERÇO DPW 2;45;20:15;45;21:55;45;23:46;46;21:45;47.0;0:10;47.0;1:45;4000;3.0
ComDragagem2035;5964;36.0;225.0;0.0;0;0;0;42;12:33;5.25;54.83;0.92;61.0;28.92;22.0;50.92;1.9;64.0;116.83;;;;;;DPW - CGNC;CGNC;;BERÇO DPW 4;45;1:35;45;3:10;45;4:19;47;20:20;50.0;0:00;50.0;1:10;55000;1.0
ComDragagem2035;5965;23.0;175.0;9.75;0;0;0;42;5:22;0.0;0.0;0.0;0.0;0.0;2.08;2.08;1.93;59.83;63.92;;;;;;HIDROVIAS;GSM - I;;BERÇO ARM 23;42;5:25;42;6:25;42;7:35;44;19:30;44.0;22:20;44.0;23:35;35000;2.0
ComDragagem2035;5967;23.0;265.0;11.25;0;0;0;42;12:34;0.0;3.83;0.0;3.83;0.08;0.0;0.08;2.58;15.61;18.33;;;;;;SANTOSBR;CGC;;BERÇO TECON 1/2;42;16:25;42;17:40;42;19:29;43;11:10;43.0;12:00;43.0;13:10;3000;3.0
ComDragagem2035;5968;23.0;225.0;0.0;0;0;0;42;12:29;14.08;53.33;0.25;67.67;7.08;0.75;7.83;1.57;78.07;87.5;;;;;;TEG;GSA - E;;BERÇO TEG;45;8:10;45;9:20;45;10:09;48;16:15;49.0;0:50;49.0;1:35;70000;1.0
ComDragagem2035;5969;38.0;250.0;0.0;0;0;0;42;12:29;90.0;71.0;13.58;174.58;0.0;0.42;0.42;2.4;110.17;113.0;;;;;;TEG;GSA - E;;BERÇO TEG;49;19:05;49;20:15;49;21:54;54;12:05;54.0;13:15;54.0;14:00;85000;1.0
ComDragagem2035;5970;23.0;225.0;0.0;0;0;0;42;11:29;70.92;211.83;3.08;285.83;0.75;2.0;2.75;8.3;39.92;51.0;;;;;;TGG;GSA - E;;BERÇO TGG;54;9:20;54;10:30;54;18:03;56;10:00;56.0;13:30;56.0;14:15;70000;1.0
ComDragagem2035;5971;23.0;225.0;0.0;0;0;0;42;11:31;145.75;590.58;51.92;788.25;0.0;0.0;0.0;4.0;62.19;66.25;;;;;;TIPLAM - GSA - E;GSA - E;;BERÇO TIPLAM 3;75;7:50;75;10:25;75;13:40;78;3:55;78.0;4:40;78.0;6:40;70000;1.0
ComDragagem2035;5972;23.0;175.0;10.25;0;0;0;42;13:31;0.0;0.0;1.08;1.08;3.58;4.58;8.17;11.86;57.11;77.17;;;;;;ULTRACARGO;GL;;BERÇO AL 04;42;14:40;42;16:15;43;3:21;45;12:30;45.0;21:25;45.0;23:15;35000;2.0
ComDragagem2035;5973;23.0;225.0;0.0;0;0;0;42;14:37;417.92;404.08;22.92;844.92;0.0;0.0;0.0;4.4;55.1;59.5;;;;;;XXXIX;GSA - E;;BERÇO ARM 37;77;19:35;77;20:40;78;0:19;80;7:25;80.0;8:10;80.0;8:50;70000;1.0
ComDragagem2035;5974;23.0;225.0;10.25;0;0;0;43;15:40;1.58;11.5;5.58;18.67;26.42;21.75;48.17;3.55;81.86;133.58;;;;;;STS;GL;;BERÇO AL 01;44;10:20;44;11:55;44;14:43;48;0:35;50.0;1:30;50.0;3:20;60000;2.0
ComDragagem2035;5975;23.0;135.0;7.25;0;0;0;43;17:46;9.92;30.42;2.92;43.25;0.0;5.08;5.08;3.63;7.08;15.83;;;;;;TECON10;CGC;;BERÇO TECON10 2;45;13:05;45;14:50;45;17:42;46;0:50;46.0;6:40;46.0;8:20;500;3.0
ComDragagem2035;5976;23.0;205.0;10.75;0;0;0;43;17:45;1.75;23.5;0.75;26.0;3.42;11.83;15.25;4.5;16.8;36.58;;;;;;TECON10;CGC;;BERÇO TECON10 3;44;19:45;44;21:30;45;1:15;45;18:05;46.0;10:05;46.0;11:45;1000;3.0
ComDragagem2035;5977;23.0;185.0;10.25;0;0;0;43;14:37;0.0;6.83;0.0;6.83;0.0;0.92;0.92;3.97;16.8;21.75;;;;;;TECON10;CGC;;BERÇO TECON10 3;43;21:30;43;23:15;44;2:28;44;19:20;44.0;21:00;44.0;22:40;1000;3.0
ComDragagem2035;5978;49.0;366.0;15.0;1;0;0;43;15:39;34.5;3.33;0.5;38.33;0.67;0.17;0.83;3.81;38.88;43.58;;;;;;TECON10;CGC;;BERÇO TECON10 4;45;6:00;45;7:50;45;10:53;47;1:50;47.0;3:25;47.0;5:10;12500;3.0
ComDragagem2035;5979;23.0;235.0;12.25;0;0;0;43;17:45;10.92;32.17;2.92;46.0;0.0;0.67;0.67;5.02;15.61;21.33;;;;;;TECON10;CGC;;BERÇO TECON10 1;45;15:45;45;17:30;45;21:46;46;13:25;46.0;14:50;46.0;16:30;3000;3.0
ComDragagem2035;5980;23.0;255.0;11.75;0;0;0;43;14:37;0.0;5.33;0.0;5.33;3.67;7.83;11.5;3.22;15.61;30.33;;;;;;TECON10;CGC;;BERÇO TECON10 4;43;20:00;43;21:45;44;0:13;44;15:50;45.0;4:05;45.0;5:45;3000;3.0
ComDragagem2035;5981;23.0;295.0;12.75;0;0;0;43;15:39;1.75;19.58;0.75;22.08;0.75;0.67;1.42;3.03;21.3;25.75;;;;;;TECON10;CGC;;BERÇO TECON10 1;44;13:45;44;15:30;44;17:46;45;15:05;45.0;17:15;45.0;18:55;4000;3.0
ComDragagem2035;5982;43.0;339.0;14.0;0;0;0;43;15:39;1.75;7.08;0.0;8.83;5.08;2.17;7.25;2.55;25.92;35.75;;;;;;TECON10;CGC;;BERÇO TECON10 2;44;0:30;44;2:15;44;4:03;45;6:00;45.0;14:00;45.0;15:40;6000;3.0
ComDragagem2035;5983;23.0;225.0;0.0;0;0;0;43;16:40;18.5;29.25;0.0;47.75;0.92;0.42;1.33;3.03;51.12;55.5;;;;;;ADM;GSA - E;;BERÇO ARM 39;45;16:25;45;17:30;45;19:46;47;22:55;48.0;1:00;48.0;1:40;70000;1.0
ComDragagem2035;5984;23.0;135.0;7.75;0;0;0;43;13:39;67.83;117.5;25.58;210.92;0.0;0.0;0.0;1.6;20.71;22.33;;;;;;BTP;CGC;;BERÇO BTP 3;52;8:35;52;10:25;52;11:16;53;8:00;53.0;8:45;53.0;10:30;500;3.0
ComDragagem2035;5985;23.0;185.0;9.75;0;0;0;43;13:39;71.5;134.58;27.42;233.5;0.0;3.17;3.17;3.38;13.85;20.42;;;;;;BTP;CGC;;BERÇO BTP 3;53;7:10;53;9:00;53;11:37;54;1:30;54.0;5:25;54.0;7:10;1000;3.0
ComDragagem2035;5986;23.0;215.0;9.25;0;0;0;43;10:31;68.17;123.67;27.42;219.25;2.17;1.83;4.0;3.02;13.85;20.92;;;;;;BTP;CGC;;BERÇO BTP 2;52;13:50;52;15:40;52;17:56;53;7:50;53.0;12:35;53.0;14:20;1000;3.0
ComDragagem2035;5987;23.0;185.0;9.75;0;0;0;43;14:40;72.42;145.75;27.58;245.75;0.0;0.17;0.17;4.49;13.85;18.5;;;;;;BTP;CGC;;BERÇO BTP 1;53;20:25;53;22:15;54;1:59;54;15:50;54.0;16:45;54.0;18:30;1000;3.0
ComDragagem2035;5988;23.0;275.0;13.25;0;0;0;43;13:39;72.42;141.83;27.58;241.83;0.5;1.83;2.33;3.44;14.7;20.5;;;;;;BTP;CGC;;BERÇO BTP 2;53;15:30;53;17:20;53;20:01;54;10:45;54.0;13:50;54.0;15:35;3000;3.0
ComDragagem2035;5989;23.0;205.0;0.0;0;0;0;43;13:42;106.42;640.83;7.83;755.08;0.0;0.0;0.0;0.93;77.19;78.17;;;;;;CITROSUCO;GL;;BERÇO ARM 29;75;0:50;75;2:10;75;2:20;78;7:35;78.0;8:20;78.0;9:15;35000;1.0
ComDragagem2035;5992;23.0;265.0;11.75;0;0;0;43;16:44;18.58;60.42;2.33;81.33;23.33;3.5;26.83;2.87;17.86;47.58;;;;;;DPW - CGC;CGC;;BERÇO DPW 2;47;2:05;47;3:45;47;5:52;47;23:45;49.0;3:20;49.0;4:55;3000;3.0
ComDragagem2035;5993;23.0;265.0;11.75;0;0;0;43;16:43;26.67;62.67;3.17;92.5;13.58;3.83;17.42;2.06;17.86;37.33;;;;;;DPW - CGC;CGC;;BERÇO DPW 1;47;13:15;47;14:35;47;15:53;48;9:45;49.0;3:55;49.0;5:30;3000;3.0
ComDragagem2035;5994;23.0;185.0;10.25;0;0;0;43;14:38;0.0;0.0;0.75;0.75;0.08;3.33;3.42;2.42;16.8;22.67;;;;;;SANTOSBR;CGC;;BERÇO TECON 1.1;43;15:25;43;16:40;43;18:20;44;11:10;44.0;15:20;44.0;16:30;1000;3.0
ComDragagem2035;5995;23.0;235.0;12.25;0;0;0;43;17:45;0.0;0.0;2.75;2.75;1.17;5.5;6.67;3.94;15.61;26.25;;;;;;SANTOSBR;CGC;;BERÇO TECON 1.2;43;20:30;43;21:45;44;0:56;44;16:35;45.0;0:00;45.0;1:10;3000;3.0
ComDragagem2035;5996;23.0;305.0;12.75;0;0;0;43;16:44;0.0;0.0;5.25;5.25;1.5;1.0;2.5;5.0;21.3;28.83;;;;;;SANTOSBR;CGC;;BERÇO TECON 2;43;22:00;43;23:15;44;3:30;45;0:50;45.0;4:05;45.0;5:15;4000;3.0
ComDragagem2035;5997;23.0;225.0;0.0;0;0;0;43;15:36;114.67;137.33;17.33;269.33;0.0;0.0;0.0;1.39;78.07;79.5;;;;;;TEG;GSA - E;;BERÇO TEG;54;21:00;54;22:10;54;22:48;58;4:55;58.0;5:40;58.0;6:25;70000;1.0
ComDragagem2035;5999;23.0;195.0;9.25;0;0;1;43;13:41;60.67;69.5;21.33;151.5;0.0;0.5;0.5;2.62;20.97;24.08;;;;;;TEV;RORO;;BERÇO TEV;49;21:15;49;22:35;50;0:27;50;21:25;50.0;22:40;50.0;23:55;1500;3.0
ComDragagem2035;6000;23.0;195.0;10.25;0;0;0;43;15:44;25.83;62.83;0.17;88.83;2.5;2.08;4.58;8.07;85.0;97.67;;;;;;TIPLAM - GSM - I;GSM - I;;BERÇO TIPLAM 4;47;8:35;47;10:40;47;17:59;51;7:00;51.0;12:20;51.0;14:50;45000;2.0
ComDragagem2035;6001;23.0;225.0;11.25;0;0;0;43;15:44;64.92;62.92;18.42;146.25;1.0;9.5;10.5;5.94;104.45;120.92;;;;;;TIPLAM - GSM - I;GSM - I;;BERÇO TIPLAM 1;49;18:00;49;20:35;50;1:46;54;10:15;54.0;21:30;54.0;23:30;70000;2.0
ComDragagem2035;6002;23.0;185.0;0.0;0;0;0;43;15:38;1.92;17.58;7.17;26.67;1.5;5.42;6.92;7.18;29.94;44.08;;;;;;TRANSPETRO;GL;;BERÇO AL 02;44;18:20;44;20:15;45;2:40;46;8:40;46.0;16:20;46.0;17:50;35000;1.0
ComDragagem2035;6003;23.0;255.0;12.75;0;0;0;44;19:51;14.0;17.0;2.17;33.17;41.33;5.92;47.25;6.33;15.61;69.25;;;;;;TECON10;CGC;;BERÇO TECON10 2;46;5:05;46;6:50;46;12:24;47;4:05;49.0;4:05;49.0;5:45;3000;3.0
ComDragagem2035;6004;23.0;225.0;14.25;0;0;0;44;17:52;0.0;0.0;0.0;0.0;1.5;5.75;7.25;6.69;111.09;125.08;;;;;;RUMO - GSM - I;GSM - I;;BERÇO RUMO 2;44;17:55;44;19:10;45;1:06;49;16:15;50.0;0:15;50.0;1:45;70000;2.0
ComDragagem2035;6005;23.0;135.0;7.75;0;0;0;44;20:55;75.25;144.0;28.5;247.75;0.0;0.83;0.83;3.84;20.71;25.42;;;;;;BTP;CGC;;BERÇO BTP 2;55;4:40;55;6:30;55;9:35;56;6:20;56.0;7:55;56.0;9:40;500;3.0
ComDragagem2035;6006;23.0;205.0;10.25;0;0;0;44;20:55;75.25;154.0;28.75;258.0;1.75;0.92;2.67;2.86;13.85;19.42;;;;;;BTP;CGC;;BERÇO BTP 1;55;14:55;55;16:45;55;18:51;56;8:45;56.0;12:10;56.0;13:55;1000;3.0
ComDragagem2035;6007;23.0;185.0;10.25;0;0;0;44;19:53;73.42;130.25;28.5;232.17;0.0;0.0;0.0;2.37;13.85;16.25;;;;;;BTP;CGC;;BERÇO BTP 2;54;12:05;54;13:55;54;15:32;55;5:25;55.0;6:10;55.0;7:55;1000;3.0
ComDragagem2035;6008;49.0;366.0;15.0;1;0;0;44;18:50;337.5;30.67;6.08;374.25;7.25;0.92;8.17;3.53;30.72;42.42;;;;;;BTP;CGC;;BERÇO BTP 3;60;9:05;60;11:00;60;13:46;61;20:30;62.0;5:25;62.0;7:15;12500;3.0
ComDragagem2035;6009;23.0;245.0;13.75;0;0;0;44;17:48;73.42;140.5;28.5;242.42;0.0;0.0;0.0;3.85;14.7;18.58;;;;;;BTP;CGC;;BERÇO BTP 1;54;20:15;54;22:05;55;1:11;55;15:55;55.0;16:40;55.0;18:25;3000;3.0
ComDragagem2035;6010;23.0;295.0;14.25;0;0;0;44;20:55;130.0;110.42;22.42;262.83;1.92;0.75;2.67;3.22;20.66;26.58;;;;;;BTP;CGC;;BERÇO BTP 3;55;19:45;55;21:35;56;0:03;56;20:45;57.0;0:10;57.0;1:55;4000;3.0
ComDragagem2035;6013;23.0;225.0;0.0;0;0;0;44;21:58;77.25;312.17;11.83;401.25;0.5;0.92;1.42;1.12;54.03;56.58;;;;;;CUTRALE - GSA - E;GSA - E;;BERÇO CUTRALE;61;15:15;61;16:20;61;16:42;63;22:45;64.0;0:55;64.0;1:35;70000;1.0
ComDragagem2035;6014;23.0;205.0;11.25;0;0;0;44;19:52;13.67;36.17;0.58;50.42;8.75;0.42;9.17;2.32;13.38;24.92;;;;;;DPW - CGC;CGC;;BERÇO DPW 3;46;22:20;46;23:55;47;1:29;47;14:55;48.0;0:50;48.0;2:00;1000;3.0
ComDragagem2035;6015;23.0;255.0;12.75;0;0;0;44;19:52;59.83;38.33;18.25;116.42;0.0;0.0;0.0;3.12;17.86;21.0;;;;;;DPW - CGC;CGC;;BERÇO DPW 3;49;16:20;49;17:55;49;20:17;50;14:10;50.0;14:55;50.0;16:05;3000;3.0
ComDragagem2035;6016;23.0;225.0;0.0;0;0;0;44;18:53;237.0;465.08;53.17;755.25;0.0;0.0;0.0;3.94;53.25;57.25;;;;;;ELEVACOES;GSA - E;;BERÇO ARM 19;76;6:10;76;7:35;76;10:46;78;16:05;78.0;16:50;78.0;17:50;70000;1.0
ComDragagem2035;6017;23.0;205.0;0.0;0;0;0;44;13:48;104.67;658.67;11.25;774.58;2.25;0.0;2.25;0.9;137.91;141.08;;;;;;NST - GL;GL;;BERÇO ARM 30;76;20:25;76;21:40;76;21:49;82;15:45;82.0;18:45;82.0;19:35;35000;1.0
ComDragagem2035;6018;23.0;215.0;10.75;0;0;0;44;18:48;0.0;1.17;0.0;1.17;3.5;4.08;7.58;4.39;16.8;28.83;;;;;;SANTOSBR;CGC;;BERÇO TECON 1.1;44;20:00;44;21:15;45;0:53;45;17:45;46.0;2:05;46.0;3:15;1000;3.0
ComDragagem2035;6019;23.0;295.0;13.25;0;0;0;44;18:48;4.42;6.08;1.25;11.75;1.17;1.5;2.67;4.19;21.3;28.17;;;;;;SANTOSBR;CGC;;BERÇO TECON 2;45;6:35;45;7:50;45;11:16;46;8:35;46.0;12:00;46.0;13:10;4000;3.0
ComDragagem2035;6020;23.0;225.0;0.0;0;0;0;44;16:42;131.92;176.58;19.92;328.42;0.0;0.0;0.0;3.74;78.07;81.83;;;;;;TEG;GSA - E;;BERÇO TEG;58;9:10;58;10:20;58;13:19;61;19:25;61.0;20:10;61.0;20:55;70000;1.0
ComDragagem2035;6021;23.0;195.0;9.25;0;0;1;44;18:54;63.33;87.17;27.33;177.83;0.0;1.33;1.33;4.49;20.97;26.83;;;;;;TEV;RORO;;BERÇO TEV;52;4:45;52;6:05;52;9:49;53;6:50;53.0;8:55;53.0;10:10;1500;3.0
ComDragagem2035;6022;23.0;195.0;9.25;0;0;1;44;17:53;62.0;65.5;23.08;150.58;0.0;0.67;0.67;2.28;20.97;23.92;;;;;;TEV;RORO;;BERÇO TEV;51;0:30;51;1:50;51;3:21;52;0:20;52.0;1:45;52.0;3:00;1500;3.0
ComDragagem2035;6023;23.0;175.0;10.25;0;0;0;44;18:52;65.42;78.5;21.0;164.92;1.75;0.25;2.0;4.14;72.19;78.33;;;;;;TIPLAM - GSM - I;GSM - I;;BERÇO TIPLAM 4;51;15:50;51;17:55;51;21:18;54;21:30;55.0;0:15;55.0;2:45;35000;2.0
ComDragagem2035;6024;23.0;185.0;0.0;0;0;0;44;20:55;23.33;35.0;1.58;59.92;6.5;21.67;28.17;3.85;29.94;62.0;;;;;;TRANSPETRO;GL;;BERÇO AL 02;47;8:50;47;10:45;47;13:51;48;19:50;50.0;0:45;50.0;2:15;35000;1.0
ComDragagem2035;6025;36.0;225.0;0.0;0;0;0;45;21:08;2.5;0.0;0.33;2.83;0.0;1.0;1.0;4.0;99.0;104.0;;;;;;ARAUCO;CGNC;;BERÇO ARAUCO 1;46;0:00;46;2:10;46;5:25;50;8:25;50.0;10:10;50.0;11:55;55000;1.0
ComDragagem2035;6026;23.0;205.0;11.75;0;0;0;45;22:58;1.0;11.92;1.83;14.75;32.0;5.08;37.08;7.27;16.8;61.17;;;;;;TECON10;CGC;;BERÇO TECON10 1;46;13:45;46;15:30;46;22:01;47;14:50;49.0;4:40;49.0;6:20;1000;3.0
ComDragagem2035;6027;23.0;225.0;0.0;0;0;0;45;20:51;58.83;20.0;10.42;89.25;0.0;0.42;0.42;4.44;51.12;56.0;;;;;;ADM;GSA - E;;BERÇO ARM 39;49;14:10;49;15:15;49;18:56;51;22:05;51.0;23:15;51.0;23:55;70000;1.0
ComDragagem2035;6028;23.0;135.0;7.75;0;0;0;45;22:58;64.17;154.25;28.75;247.17;0.0;0.75;0.75;2.69;20.71;24.17;;;;;;BTP;CGC;;BERÇO BTP 2;56;6:10;56;8:00;56;9:56;57;6:40;57.0;8:10;57.0;9:55;500;3.0
ComDragagem2035;6029;23.0;215.0;10.75;0;0;0;45;22:58;64.17;160.08;28.75;253.0;0.0;1.08;1.08;5.02;13.85;20.0;;;;;;BTP;CGC;;BERÇO BTP 1;56;12:00;56;13:50;56;18:06;57;8:00;57.0;9:50;57.0;11:35;1000;3.0
ComDragagem2035;6030;49.0;366.0;15.0;1;0;0;45;22:58;347.83;37.83;6.67;392.33;3.0;1.08;4.08;1.84;30.72;36.67;;;;;;BTP;CGC;;BERÇO BTP 3;62;7:20;62;9:15;62;10:20;63;17:05;63.0;21:55;63.0;23:45;12500;3.0
ComDragagem2035;6031;23.0;295.0;14.25;0;0;0;45;22:58;129.83;116.83;25.0;271.67;0.33;0.92;1.25;3.6;20.66;25.58;;;;;;BTP;CGC;;BERÇO BTP 2;57;6:40;57;8:30;57;11:21;58;8:05;58.0;10:05;58.0;11:50;4000;3.0
ComDragagem2035;6032;23.0;215.0;0.0;0;0;0;45;22:34;97.67;671.0;10.08;778.75;0.0;0.33;0.33;0.77;77.19;78.33;;;;;;CITROSUCO;GL;;BERÇO ARM 29;78;9:20;78;10:40;78;10:41;81;15:55;81.0;17:00;81.0;17:55;35000;1.0
ComDragagem2035;6034;23.0;205.0;11.75;0;0;0;45;23:03;46.83;24.58;19.0;90.42;1.42;2.75;4.17;2.34;13.38;19.92;;;;;;DPW - CGC;CGC;;BERÇO DPW 1;49;17:30;49;18:50;49;20:25;50;9:50;50.0;14:45;50.0;16:20;1000;3.0
ComDragagem2035;6035;23.0;275.0;13.75;0;0;0;45;23:03;47.17;27.67;18.83;93.67;1.58;2.08;3.67;5.37;17.86;26.92;;;;;;DPW - CGC;CGC;;BERÇO DPW 2;49;20:45;49;22:25;50;3:02;50;20:55;51.0;1:20;51.0;2:55;3000;3.0
ComDragagem2035;6036;23.0;175.0;0.0;0;0;0;45;23:57;101.08;606.42;67.5;775.0;0.0;0.25;0.25;4.38;27.04;31.67;;;;;;ELEVACOES;GSA - E;;BERÇO ARM 16/17;78;7:00;78;8:30;78;12:07;79;15:10;79.0;16:10;79.0;17:15;35000;1.0
ComDragagem2035;6037;23.0;135.0;7.25;0;0;0;45;22:13;1.58;0.0;1.67;3.25;1.17;5.67;6.83;7.31;7.08;21.25;;;;;;SANTOSBR;CGC;;BERÇO TECON 1.1;46;1:30;46;2:45;46;9:18;46;16:25;47.0;0:00;47.0;1:10;500;3.0
ComDragagem2035;6038;49.0;366.0;15.0;1;0;0;45;22:13;95.67;10.33;4.5;110.5;7.33;0.58;7.92;2.03;38.88;48.83;;;;;;SANTOSBR;CGC;;BERÇO TECON 2;50;12:45;50;14:05;50;15:21;52;6:15;52.0;14:55;52.0;16:10;12500;3.0
ComDragagem2035;6039;23.0;275.0;13.25;0;0;0;45;22:13;1.58;22.17;0.58;24.33;29.42;6.25;35.67;2.7;15.61;54.0;;;;;;SANTOSBR;CGC;;BERÇO TECON 2;46;22:35;46;23:50;47;1:47;47;17:25;49.0;5:50;49.0;7:00;3000;3.0
ComDragagem2035;6040;23.0;295.0;14.25;0;0;0;45;22:13;1.58;13.83;0.58;16.0;32.75;7.58;40.33;2.0;21.3;63.67;;;;;;SANTOSBR;CGC;;BERÇO TECON 3;46;14:15;46;15:30;46;16:45;47;14:05;49.0;7:10;49.0;8:20;4000;3.0
ComDragagem2035;6042;23.0;195.0;9.75;0;0;1;45;21:59;55.17;95.58;29.83;180.58;1.25;1.58;2.83;1.46;20.97;25.33;;;;;;TEV;RORO;;BERÇO TEV;53;10:35;53;11:55;53;12:37;54;9:40;54.0;13:15;54.0;14:30;1500;3.0
ComDragagem2035;6043;23.0;165.0;10.75;0;0;0;45;23:11;0.75;0.08;0.17;1.0;26.75;22.42;49.17;4.5;42.57;96.25;;;;;;ULTRACARGO;GL;;BERÇO AL 04;46;0:15;46;1:50;46;5:35;48;0:10;50.0;2:05;50.0;3:55;18000;2.0
ComDragagem2035;6044;23.0;185.0;12.25;0;0;0;45;23:11;0.75;0.08;0.5;1.33;9.92;20.42;30.33;6.54;57.11;94.0;;;;;;ULTRACARGO;GL;;BERÇO AL 03;46;0:35;46;2:10;46;7:57;48;17:05;50.0;0:10;50.0;2:00;35000;2.0
ComDragagem2035;6045;23.0;185.0;8.75;0;0;0;46;2:05;0.0;8.0;0.08;8.08;10.83;1.42;12.25;3.76;16.8;32.83;;;;;;TECON10;CGC;;BERÇO TECON10 3;46;10:10;46;11:55;46;14:55;47;7:45;47.0;20:45;47.0;22:25;1000;3.0
ComDragagem2035;6046;23.0;255.0;9.75;0;0;0;46;2:06;3.0;18.83;1.83;23.67;25.08;10.58;35.67;3.39;15.61;54.67;;;;;;TECON10;CGC;;BERÇO TECON10 4;47;1:50;47;3:35;47;6:13;47;21:50;49.0;10:15;49.0;11:55;3000;3.0
ComDragagem2035;6047;23.0;215.0;8.25;0;0;0;46;0:00;66.42;173.58;32.08;272.08;0.0;0.83;0.83;3.22;13.85;17.92;;;;;;BTP;CGC;;BERÇO BTP 1;57;8:05;57;9:55;57;12:23;58;2:15;58.0;3:50;58.0;5:35;1000;3.0
ComDragagem2035;6050;23.0;145.0;6.75;0;0;0;46;3:06;49.58;43.67;23.83;117.08;0.0;0.58;0.58;2.24;12.93;15.75;;;;;;DPW - CGC;CGC;;BERÇO DPW 2;51;0:15;51;1:55;51;3:24;51;16:20;51.0;17:40;51.0;19:15;500;3.0
ComDragagem2035;6051;23.0;195.0;7.25;0;0;0;46;0:01;47.75;40.92;23.92;112.58;1.17;0.75;1.92;2.39;13.38;17.75;;;;;;DPW - CGC;CGC;;BERÇO DPW 3;50;16:40;50;18:15;50;19:53;51;9:20;51.0;12:00;51.0;13:10;1000;3.0
ComDragagem2035;6052;23.0;255.0;9.25;0;0;0;46;1:02;47.25;42.42;23.92;113.58;0.0;2.42;2.42;2.61;17.86;22.92;;;;;;DPW - CGC;CGC;;BERÇO DPW 1;50;18:40;50;20:00;50;21:51;51;15:45;51.0;18:55;51.0;20:30;3000;3.0
ComDragagem2035;6053;23.0;255.0;9.75;0;0;0;46;3:07;48.58;65.92;24.42;138.92;0.42;1.75;2.17;2.28;17.86;22.33;;;;;;DPW - CGC;CGC;;BERÇO DPW 1;51;22:05;51;23:25;52;0:56;52;18:50;52.0;21:45;52.0;23:20;3000;3.0
ComDragagem2035;6054;36.0;225.0;0.0;0;0;0;46;2:05;73.17;409.83;10.42;493.42;0.0;0.0;0.0;3.96;36.9;40.92;;;;;;ELDORADO;CGNC;;BERÇO ARM 31;66;15:30;66;16:45;66;19:57;68;8:55;68.0;9:40;68.0;10:30;55000;1.0
ComDragagem2035;6055;23.0;225.0;0.0;0;0;0;46;0:00;232.0;497.0;57.17;786.17;0.0;0.42;0.42;3.95;53.25;57.67;;;;;;ELEVACOES;GSA - E;;BERÇO ARM 19;78;18:10;78;19:35;78;22:47;81;4:05;81.0;5:15;81.0;6:15;70000;1.0
ComDragagem2035;6056;32.2;205.0;0.0;0;0;0;46;0:00;103.0;638.17;69.0;810.17;0.0;0.08;0.08;3.15;39.16;42.42;;;;;;ELEVACOES;GSA - E;;BERÇO ARM 16/17;79;18:10;79;19:40;79;22:04;81;13:15;81.0;14:05;81.0;15:10;55000;1.0
ComDragagem2035;6057;23.0;175.0;0.0;0;0;0;46;5:11;108.83;731.08;13.5;853.42;0.0;0.0;0.0;0.84;137.91;138.75;;;;;;NST - GL;GL;;BERÇO ARM 29;81;18:40;81;20:00;81;20:05;87;14:00;87.0;14:45;87.0;15:40;35000;1.0
ComDragagem2035;6058;23.0;195.0;8.75;0;0;0;46;3:07;0.0;0.0;2.5;2.5;7.33;1.42;8.75;5.82;16.8;31.42;;;;;;SANTOSBR;CGC;;BERÇO TECON 1.2;46;5:40;46;6:55;46;11:59;47;4:50;47.0;14:20;47.0;15:30;1000;3.0
ComDragagem2035;6059;49.0;366.0;15.0;1;0;0;46;2:04;97.92;10.42;4.5;112.83;6.92;0.83;7.75;2.48;38.88;49.17;;;;;;SANTOSBR;CGC;;BERÇO TECON 3;50;18:55;50;20:15;50;21:58;52;12:55;52.0;21:25;52.0;22:40;12500;3.0
ComDragagem2035;6060;23.0;265.0;9.25;0;0;0;46;1:04;45.83;24.17;19.75;89.75;0.0;0.0;0.0;2.21;15.61;17.83;;;;;;SANTOSBR;CGC;;BERÇO TECON 2;49;18:50;49;20:05;49;21:32;50;13:10;50.0;13:55;50.0;15:05;3000;3.0
ComDragagem2035;6061;23.0;185.0;10.25;0;0;0;46;0:04;55.58;185.25;9.67;250.5;1.08;1.92;3.0;4.17;89.37;96.58;;;;;;TERMAG;GSM - I;;BERÇO TERMAG;56;10:35;56;11:25;56;14:50;60;8:15;60.0;12:00;60.0;13:05;45000;2.0
ComDragagem2035;6063;23.0;195.0;8.25;0;0;1;46;3:09;56.33;122.58;30.42;209.33;0.0;0.0;0.0;2.26;20.97;23.25;;;;;;TEV;RORO;;BERÇO TEV;54;20:30;54;21:50;54;23:20;55;20:20;55.0;21:05;55.0;22:20;1500;3.0
ComDragagem2035;6064;23.0;175.0;8.75;0;0;1;46;4:11;57.83;147.0;29.33;234.17;0.0;0.25;0.25;7.01;20.97;28.25;;;;;;TEV;RORO;;BERÇO TEV;55;22:25;55;23:45;56;6:00;57;3:00;57.0;4:00;57.0;5:15;1500;3.0
ComDragagem2035;6065;23.0;225.0;0.0;0;0;0;46;0:03;128.0;543.08;52.08;723.17;1.17;0.92;2.08;2.91;62.19;67.25;;;;;;TIPLAM - GSA - E;GSA - E;;BERÇO TIPLAM 2;76;3:15;76;5:50;76;7:59;78;22:15;79.0;1:05;79.0;3:05;70000;1.0
ComDragagem2035;6066;23.0;175.0;0.0;0;0;0;46;0:02;50.33;79.75;11.42;141.5;1.5;0.83;2.33;5.56;29.94;37.83;;;;;;TRANSPETRO;GL;;BERÇO AL 01;51;21:35;51;23:30;52;4:18;53;10:15;53.0;13:20;53.0;14:50;35000;1.0
ComDragagem2035;6067;23.0;175.0;0.0;0;0;0;46;4:05;48.42;41.92;6.58;96.92;1.42;1.58;3.0;0.75;62.88;66.67;;;;;;VOPAK;GL;;BERÇO AL 02;50;5:00;50;6:55;50;6:55;52;21:50;53.0;1:35;53.0;3:05;35000;1.0
ComDragagem2035;6068;23.0;135.0;6.75;0;0;0;47;5:14;40.83;1.58;20.67;63.08;0.0;1.25;1.25;3.46;7.08;11.83;;;;;;TECON10;CGC;;BERÇO TECON10 1;49;20:20;49;22:05;50;0:47;50;7:55;50.0;9:55;50.0;11:35;500;3.0
ComDragagem2035;6069;23.0;295.0;11.75;0;0;0;47;5:14;40.83;1.58;18.92;61.33;1.67;1.92;3.58;4.28;21.3;29.17;;;;;;TECON10;CGC;;BERÇO TECON10 2;49;18:35;49;20:20;49;23:51;50;21:10;51.0;1:30;51.0;3:10;4000;3.0
ComDragagem2035;6070;23.0;225.0;0.0;0;0;0;47;7:12;73.75;32.33;10.75;116.83;0.0;2.42;2.42;3.65;51.12;57.25;;;;;;ADM;GSA - E;;BERÇO ARM 39;52;4:05;52;5:10;52;8:04;54;11:15;54.0;14:25;54.0;15:05;70000;1.0
ComDragagem2035;6071;23.0;185.0;0.0;0;0;0;47;4:10;4.5;0.0;0.42;4.92;0.0;0.0;0.0;1.15;64.43;65.58;;;;;;AGEO_TERMINAIS;GL;;BERÇO Ageo I;47;9:05;47;10:50;47;11:14;50;3:40;50.0;4:25;50.0;5:45;35000;1.0
ComDragagem2035;6072;23.0;135.0;7.75;0;0;0;47;3:08;62.75;147.17;29.33;239.25;0.0;1.0;1.0;3.4;20.71;25.17;;;;;;BTP;CGC;;BERÇO BTP 3;57;2:25;57;4:15;57;6:54;58;3:40;58.0;5:25;58.0;7:10;500;3.0
ComDragagem2035;6073;23.0;305.0;10.75;0;0;0;47;3:08;64.58;167.08;31.42;263.08;0.0;0.25;0.25;3.05;20.66;24.0;;;;;;BTP;CGC;;BERÇO BTP 1;58;2:15;58;4:05;58;6:23;59;3:05;59.0;4:05;59.0;5:50;4000;3.0
ComDragagem2035;6076;23.0;255.0;9.75;0;0;0;47;4:08;45.25;40.17;22.83;108.25;0.0;0.58;0.58;2.68;17.86;21.17;;;;;;DPW - CGC;CGC;;BERÇO DPW 2;51;16:25;51;18:05;51;20:00;52;13:55;52.0;15:15;52.0;16:50;3000;3.0
ComDragagem2035;6077;23.0;185.0;0.0;0;0;0;47;8:17;103.17;640.83;70.25;814.25;0.0;0.33;0.33;4.17;37.2;41.75;;;;;;ELEVACOES;GSA - E;;BERÇO ARM 19;81;6:35;81;8:00;81;11:25;83;0:40;83.0;1:45;83.0;2:45;45000;1.0
ComDragagem2035;6078;23.0;185.0;9.25;0;0;0;47;4:09;41.92;0.0;15.58;57.5;1.67;13.67;15.33;3.75;16.8;35.92;;;;;;SANTOSBR;CGC;;BERÇO TECON 1.1;49;13:40;49;14:55;49;17:55;50;10:45;51.0;2:50;51.0;4:00;1000;3.0
ComDragagem2035;6079;23.0;255.0;10.25;0;0;0;47;5:13;40.83;1.58;21.83;64.25;0.0;0.75;0.75;4.44;15.61;20.83;;;;;;SANTOSBR;CGC;;BERÇO TECON 3;49;21:30;49;22:45;50;2:26;50;18:05;50.0;19:35;50.0;20:45;3000;3.0
ComDragagem2035;6081;23.0;185.0;0.0;0;0;0;47;5:11;50.33;80.33;14.08;144.75;0.0;1.0;1.0;1.48;29.94;32.42;;;;;;TRANSPETRO;GL;;BERÇO AL 02;53;6:00;53;7:55;53;8:38;54;14:35;54.0;16:20;54.0;17:50;35000;1.0
ComDragagem2035;6082;23.0;215.0;0.0;0;0;0;47;1:09;97.25;661.92;41.33;800.5;0.67;0.58;1.25;4.87;55.1;61.25;;;;;;XXXIX;GSA - E;;BERÇO ARM 37;80;9:40;80;10:45;80;14:52;82;22:00;83.0;0:00;83.0;0:40;70000;1.0
ComDragagem2035;6083;23.0;185.0;9.75;0;0;0;48;10:26;15.33;10.17;22.0;47.5;0.0;2.25;2.25;3.29;16.8;22.33;;;;;;TECON10;CGC;;BERÇO TECON10 1;50;10:00;50;11:45;50;14:17;51;7:05;51.0;10:05;51.0;11:45;1000;3.0
ComDragagem2035;6084;23.0;215.0;9.25;0;0;0;48;7:20;16.75;0.0;13.08;29.83;0.33;2.92;3.25;3.9;16.8;24.0;;;;;;TECON10;CGC;;BERÇO TECON10 3;49;13:10;49;14:55;49;18:04;50;10:55;50.0;14:55;50.0;16:35;1000;3.0
ComDragagem2035;6085;23.0;275.0;10.25;0;0;0;48;7:20;16.75;0.0;16.0;32.75;0.83;1.67;2.5;1.69;15.61;19.83;;;;;;TECON10;CGC;;BERÇO TECON10 4;49;16:05;49;17:50;49;18:46;50;10:25;50.0;13:40;50.0;15:20;3000;3.0
ComDragagem2035;6086;23.0;185.0;11.25;0;0;0;48;4:19;31.0;128.92;11.75;171.67;1.5;1.17;2.67;7.08;89.37;99.17;;;;;;RUMO - GSM - I;GSM - I;;BERÇO RUMO 2;55;8:00;55;9:15;55;15:34;59;9:00;59.0;12:25;59.0;13:55;45000;2.0
ComDragagem2035;6087;23.0;225.0;14.25;0;0;0;48;4:19;21.0;23.0;8.42;52.42;0.0;0.75;0.75;3.96;111.09;115.83;;;;;;RUMO - GSM - I;GSM - I;;BERÇO RUMO 2;50;8:45;50;10:00;50;13:12;55;4:20;55.0;5:50;55.0;7:20;70000;2.0
ComDragagem2035;6088;23.0;215.0;8.75;0;0;0;48;5:16;40.58;171.17;31.42;243.17;0.0;4.92;4.92;4.81;13.85;23.58;;;;;;BTP;CGC;;BERÇO BTP 2;58;8:30;58;10:20;58;14:23;59;4:15;59.0;9:55;59.0;11:40;1000;3.0
ComDragagem2035;6089;23.0;175.0;10.25;0;0;0;48;1:21;77.42;757.25;0.0;834.67;0.0;0.08;0.08;3.83;135.86;139.83;;;;;;BUNGE;GSA - I;;BERÇO ARM 30;82;20:05;82;21:00;83;0:04;88;16:00;88.0;16:50;88.0;18:00;35000;2.0
ComDragagem2035;6092;23.0;215.0;9.75;0;0;0;48;9:23;19.42;53.42;24.0;96.83;0.0;0.92;0.92;2.36;13.38;16.67;;;;;;DPW - CGC;CGC;;BERÇO DPW 3;52;10:15;52;11:50;52;13:26;53;2:50;53.0;4:30;53.0;5:40;1000;3.0
ComDragagem2035;6093;23.0;185.0;9.75;0;0;0;48;7:19;19.92;36.0;22.83;78.75;0.0;0.92;0.92;2.99;13.38;17.33;;;;;;DPW - CGC;CGC;;BERÇO DPW 3;51;14:05;51;15:40;51;17:54;52;7:20;52.0;9:00;52.0;10:10;1000;3.0
ComDragagem2035;6094;23.0;275.0;10.75;0;0;0;48;10:26;18.92;61.25;19.42;99.58;0.0;0.17;0.17;2.7;17.86;20.75;;;;;;DPW - CGC;CGC;;BERÇO DPW 2;52;14:05;52;15:45;52;17:42;53;11:35;53.0;12:30;53.0;14:05;3000;3.0
ComDragagem2035;6095;23.0;305.0;11.75;0;0;0;48;9:25;20.25;67.42;19.5;107.17;2.58;0.33;2.92;2.17;21.93;27.08;;;;;;DPW - CGC;CGC;;BERÇO DPW 1;52;20:35;52;21:55;52;23:20;53;21:20;54.0;1:00;54.0;2:35;4000;3.0
ComDragagem2035;6096;23.0;175.0;0.0;0;0;0;48;10:36;89.42;840.5;11.42;941.33;0.0;0.0;0.0;0.82;137.91;138.75;;;;;;NST - GL;GL;;BERÇO ARM 29;87;16:00;87;17:20;87;17:24;93;11:20;;;;;35000;1.0
ComDragagem2035;6097;23.0;205.0;9.25;0;0;0;48;6:19;17.75;0.0;22.58;40.33;1.17;5.0;6.17;2.45;16.8;25.42;;;;;;SANTOSBR;CGC;;BERÇO TECON 1.2;49;22:40;49;23:55;50;1:37;50;18:25;51.0;1:20;51.0;2:30;1000;3.0
ComDragagem2035;6098;23.0;275.0;10.25;0;0;0;48;7:19;22.08;13.0;74.42;109.5;0.0;0.92;0.92;3.11;15.61;19.67;;;;;;SANTOSBR;CGC;;BERÇO TECON 3;52;20:50;52;22:05;53;0:26;53;16:05;53.0;17:45;53.0;18:55;3000;3.0
ComDragagem2035;6099;23.0;275.0;10.75;0;0;0;48;10:25;17.75;7.75;74.42;99.92;1.33;1.0;2.33;2.67;15.61;20.67;;;;;;SANTOSBR;CGC;;BERÇO TECON 2;52;14:20;52;15:35;52;17:30;53;9:10;53.0;12:15;53.0;13:25;3000;3.0
ComDragagem2035;6100;23.0;295.0;11.75;0;0;0;48;6:19;21.5;46.17;27.0;94.67;0.08;3.42;3.5;1.63;21.3;26.5;;;;;;SANTOSBR;CGC;;BERÇO TECON 1/2;52;5:00;52;6:15;52;7:07;53;4:30;53.0;8:45;53.0;9:55;4000;3.0
ComDragagem2035;6101;23.0;225.0;0.0;0;0;0;48;7:18;188.58;243.92;10.75;443.25;0.0;0.0;0.0;1.4;88.35;89.75;;;;;;TEAG;GSA - E;;BERÇO TEAG;66;18:35;66;19:45;66;20:24;70;12:45;70.0;13:30;70.0;14:15;70000;1.0
ComDragagem2035;6102;23.0;195.0;8.75;0;0;1;48;7:22;32.67;151.75;31.58;216.0;0.0;1.5;1.5;2.54;20.97;25.08;;;;;;TEV;RORO;;BERÇO TEV;57;7:25;57;8:45;57;10:32;58;7:35;58.0;9:50;58.0;11:05;1500;3.0
ComDragagem2035;6103;23.0;245.0;0.0;0;0;0;48;10:24;24.08;93.33;8.83;126.25;0.0;0.25;0.25;6.82;48.22;55.33;;;;;;TRANSPETRO;GL;;BERÇO AL 01;53;16:40;53;18:35;54;0:39;56;0:55;56.0;1:55;56.0;3:25;60000;1.0
ComDragagem2035;6104;23.0;185.0;0.0;0;0;0;48;9:19;16.67;22.83;7.67;47.17;0.0;0.0;0.0;3.32;29.94;33.33;;;;;;TRANSPETRO;GL;;BERÇO AL 01;50;8:30;50;10:25;50;12:59;51;19:00;51.0;19:45;51.0;21:15;35000;1.0
ComDragagem2035;6105;23.0;215.0;0.0;0;0;0;48;8:23;76.5;713.0;46.67;836.17;0.0;0.0;0.0;2.99;55.1;58.08;;;;;;XXXIX;GSA - E;;BERÇO ARM 37;83;4:35;83;5:40;83;7:54;85;15:00;85.0;15:45;85.0;16:25;70000;1.0
ComDragagem2035;6106;23.0;195.0;9.75;0;0;0;49;11:30;1.75;15.92;12.33;30.0;0.0;2.08;2.08;4.91;16.8;23.83;;;;;;TECON10;CGC;;BERÇO TECON10 3;50;17:30;50;19:15;50;23:24;51;16:15;51.0;19:05;51.0;20:45;1000;3.0
ComDragagem2035;6107;23.0;255.0;11.25;0;0;0;49;11:30;1.75;10.92;12.33;25.0;1.67;2.5;4.17;1.94;15.61;21.75;;;;;;TECON10;CGC;;BERÇO TECON10 4;50;12:30;50;14:15;50;15:26;51;7:05;51.0;12:00;51.0;13:40;3000;3.0
ComDragagem2035;6108;23.0;185.0;8.25;0;0;0;49;9:26;0.0;0.0;2.5;2.5;1.67;4.75;6.42;4.75;37.45;48.67;;;;;;ADONAI;GL;;BERÇO IB BC;49;12:00;49;13:25;49;17:25;51;6:55;51.0;14:05;51.0;15:45;35000;2.0
ComDragagem2035;6109;23.0;135.0;7.75;0;0;0;49;8:25;21.83;166.58;22.92;211.33;0.0;4.67;4.67;1.4;20.71;26.83;;;;;;BTP;CGC;;BERÇO BTP 3;58;3:45;58;5:35;58;6:14;59;3:00;59.0;8:25;59.0;10:10;500;3.0
ComDragagem2035;6110;23.0;135.0;7.75;0;0;0;49;9:27;25.5;203.42;26.67;255.58;0.0;0.17;0.17;5.57;20.71;26.5;;;;;;BTP;CGC;;BERÇO BTP 2;60;1:05;60;2:55;60;7:44;61;4:30;61.0;5:25;61.0;7:10;500;3.0
ComDragagem2035;6111;23.0;215.0;9.25;0;0;0;49;8:25;23.67;189.08;27.17;239.92;0.0;0.0;0.0;2.59;13.85;16.5;;;;;;BTP;CGC;;BERÇO BTP 2;59;8:20;59;10:10;59;12:00;60;1:55;60.0;2:40;60.0;4:25;1000;3.0
ComDragagem2035;6112;23.0;215.0;9.25;0;0;0;49;9:27;25.5;204.83;26.67;257.0;1.75;1.75;3.5;3.09;13.85;20.5;;;;;;BTP;CGC;;BERÇO BTP 1;60;2:30;60;4:20;60;6:40;60;20:35;61.0;0:50;61.0;2:35;1000;3.0
ComDragagem2035;6113;23.0;215.0;9.25;0;0;0;49;8:25;23.67;188.75;25.33;237.75;0.0;1.17;1.17;4.99;13.85;20.0;;;;;;BTP;CGC;;BERÇO BTP 1;59;6:10;59;8:00;59;12:14;60;2:05;60.0;4:00;60.0;5:45;1000;3.0
ComDragagem2035;6114;49.0;366.0;15.0;1;0;0;49;9:27;303.33;39.17;4.58;347.08;0.0;0.0;0.0;1.71;30.72;32.5;;;;;;BTP;CGC;;BERÇO BTP 3;63;20:35;63;22:30;63;23:27;65;6:15;65.0;7:00;65.0;8:50;12500;3.0
ComDragagem2035;6115;23.0;295.0;12.75;0;0;0;49;9:27;95.75;163.58;22.92;282.25;0.83;5.0;5.83;2.02;20.66;28.58;;;;;;BTP;CGC;;BERÇO BTP 2;61;3:45;61;5:35;61;6:51;62;3:35;62.0;10:10;62.0;11:55;4000;3.0
ComDragagem2035;6116;23.0;295.0;12.75;0;0;0;49;10:28;95.42;160.75;21.33;277.5;0.5;0.67;1.17;2.38;20.66;24.25;;;;;;BTP;CGC;;BERÇO BTP 1;61;0:00;61;1:50;61;3:27;62;0:10;62.0;2:05;62.0;3:50;4000;3.0
ComDragagem2035;6117;23.0;305.0;12.25;0;0;0;49;8:23;89.42;128.92;20.33;238.67;0.0;2.42;2.42;1.98;20.66;25.08;;;;;;BTP;CGC;;BERÇO BTP 3;59;7:05;59;8:55;59;10:08;60;6:50;60.0;10:00;60.0;11:45;4000;3.0
ComDragagem2035;6118;23.0;225.0;0.0;0;0;0;49;10:30;22.5;321.58;10.33;354.42;0.0;0.0;0.0;6.25;162.93;169.25;;;;;;CUTRALE - GL;GL;;BERÇO CUTRALE;64;4:55;64;6:00;64;11:30;71;6:30;71.0;7:15;71.0;7:55;60000;1.0
ComDragagem2035;6119;23.0;185.0;10.25;0;0;0;49;12:32;9.42;72.33;17.42;99.17;0.0;0.08;0.08;3.39;13.38;16.92;;;;;;DPW - CGC;CGC;;BERÇO DPW 2;53;15:45;53;17:25;53;20:03;54;9:30;54.0;10:20;54.0;11:55;1000;3.0
ComDragagem2035;6120;23.0;185.0;10.25;0;0;0;49;12:33;11.67;81.92;24.08;117.67;0.0;1.67;1.67;2.33;13.38;17.42;;;;;;DPW - CGC;CGC;;BERÇO DPW 3;54;10:15;54;11:50;54;13:24;55;2:50;55.0;5:15;55.0;6:25;1000;3.0
ComDragagem2035;6121;49.0;366.0;15.0;1;0;0;49;11:30;119.08;13.08;3.33;135.5;6.5;0.08;6.58;4.29;41.74;52.67;;;;;;DPW - CGC;CGC;;BERÇO DPW 2;55;3:00;55;4:45;55;8:17;57;2:05;57.0;9:25;57.0;11:05;12500;3.0
ComDragagem2035;6122;23.0;255.0;11.25;0;0;0;49;11:31;8.17;67.0;16.92;92.08;0.0;0.0;0.0;4.13;17.86;22.0;;;;;;DPW - CGC;CGC;;BERÇO DPW 3;53;7:40;53;9:15;53;12:37;54;6:30;54.0;7:15;54.0;8:25;3000;3.0
ComDragagem2035;6123;23.0;295.0;12.75;0;0;0;49;12:33;10.42;87.75;12.67;110.83;0.0;1.17;1.17;2.14;21.93;25.25;;;;;;DPW - CGC;CGC;;BERÇO DPW 1;54;3:25;54;4:45;54;6:08;55;4:05;55.0;6:00;55.0;7:35;4000;3.0
ComDragagem2035;6124;36.0;225.0;0.0;0;0;0;49;11:30;1.58;4.58;10.33;16.5;0.42;1.17;1.58;1.95;64.0;67.58;;;;;;DPW - CGNC;CGNC;;BERÇO DPW 4;50;4:00;50;5:35;50;6:47;52;22:50;53.0;1:10;53.0;2:20;55000;1.0
ComDragagem2035;6125;23.0;185.0;10.75;0;0;0;49;5:22;0.0;0.0;7.33;7.33;0.0;2.5;2.5;8.58;75.33;86.42;;;;;;HIDROVIAS;GSM - I;;BERÇO ARM 23;49;12:45;49;13:45;49;21:34;53;0:55;53.0;4:10;53.0;5:25;45000;2.0
ComDragagem2035;6126;36.0;225.0;0.0;0;0;0;49;15:38;32.0;407.67;11.25;450.92;0.0;0.08;0.08;7.91;200.0;208.0;;;;;;NST - CGNC;CGNC;;BERÇO ARM 31;68;10:35;68;11:50;68;18:59;77;3:00;77.0;3:50;77.0;4:40;55000;1.0
ComDragagem2035;6127;23.0;265.0;11.25;0;0;0;49;12:33;6.83;22.58;61.92;91.33;0.0;3.17;3.17;2.65;15.61;21.5;;;;;;SANTOSBR;CGC;;BERÇO TECON 1/2;53;7:55;53;9:10;53;11:04;54;2:45;54.0;6:40;54.0;7:50;3000;3.0
ComDragagem2035;6128;23.0;225.0;0.0;0;0;0;49;11:33;136.83;366.75;3.42;507.0;0.67;0.0;0.67;3.19;88.35;92.25;;;;;;TEAG;GSA - E;;BERÇO TEAG;70;14:35;70;15:45;70;18:11;74;10:35;74.0;12:00;74.0;12:45;70000;1.0
ComDragagem2035;6129;23.0;225.0;0.0;0;0;0;49;10:23;78.67;208.83;12.33;299.83;0.0;0.25;0.25;1.08;78.07;79.42;;;;;;TEG;GSA - E;;BERÇO TEG;61;22:15;61;23:25;61;23:44;65;5:50;65.0;6:50;65.0;7:35;70000;1.0
ComDragagem2035;6130;23.0;195.0;9.25;0;0;1;49;12:37;17.33;172.83;25.42;215.58;0.0;0.08;0.08;1.46;20.97;22.58;;;;;;TEV;RORO;;BERÇO TEV;58;12:15;58;13:35;58;14:17;59;11:20;59.0;12:10;59.0;13:25;1500;3.0
ComDragagem2035;6131;23.0;225.0;0.0;0;0;0;49;12:33;86.0;559.92;44.25;690.17;0.0;2.58;2.58;1.76;62.19;66.58;;;;;;TIPLAM - GSA - E;GSA - E;;BERÇO TIPLAM 3;78;6:45;78;9:20;78;10:20;81;0:35;81.0;3:55;81.0;5:55;70000;1.0
ComDragagem2035;6132;23.0;155.0;0.0;0;0;0;49;11:28;2.42;0.0;15.92;18.33;2.0;9.92;11.92;6.89;90.66;109.5;;;;;;USIMINAS;CGNC;;BERÇO USIMINAS 1;50;5:50;50;8:15;50;14:23;54;9:05;54.0;21:45;54.0;23:45;35000;1.0
ComDragagem2035;6133;17.0;75.2;4.8;0;0;0;49;13:00;0.0;0.0;1.42;1.42;0.0;0.42;0.42;0.83;24.0;25.25;;;;;;SAIPEM;CGNC;;BERÇO SAIPEM 1;49;14:25;49;15:20;49;15:24;50;15:25;50.0;16:35;50.0;17:25;0;3.0
ComDragagem2035;6134;23.0;155.0;9.25;0;0;0;50;15:40;10.08;84.08;6.0;100.17;0.25;0.0;0.25;8.17;42.57;51.0;;;;;;STS;GL;;BERÇO AL 02;54;19:50;54;21:25;55;4:50;56;23:25;57.0;0:25;57.0;2:15;18000;2.0
ComDragagem2035;6135;23.0;135.0;7.25;0;0;0;50;15:39;3.5;31.92;6.33;41.75;0.0;0.25;0.25;3.42;7.08;10.75;;;;;;TECON10;CGC;;BERÇO TECON10 1;52;9:25;52;11:10;52;13:50;52;20:55;52.0;21:55;52.0;23:35;500;3.0
ComDragagem2035;6136;23.0;185.0;10.75;0;0;0;50;16:44;1.75;18.58;1.92;22.25;0.0;2.17;2.17;3.68;16.8;22.67;;;;;;TECON10;CGC;;BERÇO TECON10 4;51;15:00;51;16:45;51;19:40;52;12:30;52.0;15:25;52.0;17:05;1000;3.0
ComDragagem2035;6137;23.0;205.0;10.25;0;0;0;50;15:41;1.75;16.5;0.17;18.42;0.0;0.0;0.0;5.41;16.8;22.25;;;;;;TECON10;CGC;;BERÇO TECON10 1;51;10:10;51;11:55;51;16:34;52;9:25;52.0;10:10;52.0;11:50;1000;3.0
ComDragagem2035;6138;23.0;265.0;11.75;0;0;0;50;15:39;1.75;26.5;1.92;30.17;1.83;4.42;6.25;4.58;15.61;26.5;;;;;;TECON10;CGC;;BERÇO TECON10 3;51;21:50;51;23:35;52;3:24;52;19:05;53.0;2:05;53.0;3:45;3000;3.0
ComDragagem2035;6139;23.0;235.0;12.25;0;0;0;50;16:44;3.5;26.5;4.58;34.58;1.5;0.92;2.42;1.79;15.61;19.83;;;;;;TECON10;CGC;;BERÇO TECON10 2;52;3:20;52;5:05;52;6:07;52;21:45;53.0;0:55;53.0;2:35;3000;3.0
ComDragagem2035;6140;23.0;265.0;11.75;0;0;0;50;15:41;1.75;6.5;0.0;8.25;1.5;0.58;2.08;5.12;15.61;22.83;;;;;;TECON10;CGC;;BERÇO TECON10 2;51;0:00;51;1:45;51;6:07;51;21:45;52.0;0:35;52.0;2:15;3000;3.0
ComDragagem2035;6141;23.0;325.0;12.75;0;0;0;50;17:45;9.25;34.08;7.25;50.58;3.58;4.17;7.75;3.25;21.3;32.33;;;;;;TECON10;CGC;;BERÇO TECON10 1;52;20:20;52;22:05;53;0:35;53;21:55;54.0;6:25;54.0;8:05;4000;3.0
ComDragagem2035;6142;23.0;225.0;0.0;0;0;0;50;17:42;0.0;0.0;0.0;0.0;0.0;0.67;0.67;5.57;51.12;57.42;;;;;;RUMO - GSA - E;GSA - E;;BERÇO RUMO 1;50;17:45;50;19:20;51;0:09;53;3:20;53.0;4:45;53.0;5:55;70000;1.0
ComDragagem2035;6143;23.0;225.0;0.0;0;0;0;50;13:33;47.75;52.5;3.42;103.67;0.0;3.58;3.58;3.9;51.12;58.67;;;;;;ADM;GSA - E;;BERÇO ARM 39;54;21:15;54;22:20;55;1:29;57;4:40;57.0;9:00;57.0;9:40;70000;1.0
ComDragagem2035;6144;23.0;155.0;9.25;0;0;0;50;15:40;0.0;0.0;2.75;2.75;2.5;2.5;5.0;1.39;45.88;52.33;;;;;;AGEO_TERMINAIS;GL;;BERÇO Ageo I;50;18:25;50;19:50;50;20:28;52;18:25;53.0;0:10;53.0;1:50;18000;2.0
ComDragagem2035;6145;23.0;135.0;7.75;0;0;0;50;14:40;28.08;245.83;21.25;295.17;0.92;0.17;1.08;2.69;20.71;24.5;;;;;;BTP;CGC;;BERÇO BTP 1;62;21:50;62;23:40;63;1:36;63;22:20;64.0;0:10;64.0;1:55;500;3.0
ComDragagem2035;6146;23.0;185.0;9.75;0;0;0;50;14:40;29.92;258.17;21.25;309.33;0.0;0.33;0.33;5.74;13.85;19.92;;;;;;BTP;CGC;;BERÇO BTP 2;63;12:00;63;13:50;63;18:49;64;8:40;64.0;9:45;64.0;11:30;1000;3.0
ComDragagem2035;6147;23.0;185.0;9.75;0;0;0;50;13:39;27.83;230.67;16.83;275.33;0.0;2.92;2.92;2.26;13.85;19.08;;;;;;BTP;CGC;;BERÇO BTP 1;62;1:00;62;2:50;62;4:20;62;18:15;62.0;21:55;62.0;23:40;1000;3.0
ComDragagem2035;6148;23.0;305.0;13.25;0;0;0;50;12:37;93.92;172.75;17.08;283.75;1.83;1.83;3.67;3.14;20.66;27.5;;;;;;BTP;CGC;;BERÇO BTP 2;62;8:25;62;10:15;62;12:38;63;9:20;63.0;13:45;63.0;15:30;4000;3.0
ComDragagem2035;6151;23.0;205.0;10.25;0;0;0;50;13:38;10.42;67.92;12.83;91.17;0.0;0.67;0.67;3.29;13.38;17.33;;;;;;DPW - CGC;CGC;;BERÇO DPW 2;54;8:50;54;10:30;54;13:02;55;2:25;55.0;3:50;55.0;5:25;1000;3.0
ComDragagem2035;6152;23.0;275.0;11.25;0;0;0;50;13:38;10.42;96.92;7.33;114.67;0.0;1.42;1.42;2.84;17.86;22.17;;;;;;DPW - CGC;CGC;;BERÇO DPW 1;55;8:20;55;9:40;55;11:45;56;5:40;56.0;7:50;56.0;9:25;3000;3.0
ComDragagem2035;6153;36.0;225.0;0.0;0;0;0;50;16:40;45.5;577.25;14.83;637.58;0.0;0.0;0.0;7.1;36.9;44.0;;;;;;ELDORADO;CGNC;;BERÇO ARM 31;77;6:15;77;7:30;77;13:51;79;2:45;79.0;3:30;79.0;4:20;55000;1.0
ComDragagem2035;6154;23.0;185.0;10.75;0;0;0;50;16:44;1.25;8.25;1.0;10.5;0.33;0.0;0.33;2.34;16.8;19.5;;;;;;SANTOSBR;CGC;;BERÇO TECON 1.1;51;3:15;51;4:30;51;6:05;51;22:55;52.0;0:00;52.0;1:10;1000;3.0
ComDragagem2035;6155;23.0;235.0;12.25;0;0;0;50;16:44;1.25;6.83;0.0;8.08;1.17;2.33;3.5;3.38;15.61;22.5;;;;;;SANTOSBR;CGC;;BERÇO TECON 1.2;51;0:50;51;2:05;51;4:42;51;20:20;52.0;0:35;52.0;1:45;3000;3.0
ComDragagem2035;6156;23.0;255.0;11.75;0;0;0;50;14:38;6.5;30.58;37.42;74.5;0.0;0.25;0.25;2.76;15.61;18.67;;;;;;SANTOSBR;CGC;;BERÇO TECON 3;53;17:10;53;18:25;53;20:25;54;12:05;54.0;13:05;54.0;14:15;3000;3.0
ComDragagem2035;6157;43.0;339.0;14.0;0;0;0;50;16:44;10.0;22.0;35.25;67.25;1.33;2.92;4.25;2.39;25.92;32.58;;;;;;SANTOSBR;CGC;;BERÇO TECON 2;53;12:00;53;13:15;53;14:53;54;16:50;54.0;21:50;54.0;23:00;6000;3.0
ComDragagem2035;6159;23.0;225.0;0.0;0;0;0;50;15:42;86.42;555.42;44.33;686.17;0.0;1.0;1.0;7.51;62.19;70.75;;;;;;TIPLAM - GSA - E;GSA - E;;BERÇO TIPLAM 2;79;5:55;79;8:30;79;15:15;82;5:30;82.0;7:15;82.0;9:15;70000;1.0
ComDragagem2035;6160;23.0;225.0;0.0;0;0;0;50;16:47;98.67;585.58;49.25;733.5;0.0;0.0;0.0;7.11;62.19;69.33;;;;;;TIPLAM - GSA - E;GSA - E;;BERÇO TIPLAM 3;81;6:20;81;8:55;81;15:16;84;5:30;84.0;6:15;84.0;8:15;70000;1.0
ComDragagem2035;6161;23.0;245.0;0.0;0;0;0;50;15:38;15.42;114.92;3.25;133.58;1.5;3.33;4.83;1.64;48.22;54.75;;;;;;TRANSPETRO;GL;;BERÇO AL 01;56;5:15;56;7:10;56;8:03;58;8:20;58.0;13:55;58.0;15:25;60000;1.0
ComDragagem2035;6162;23.0;285.0;0.0;0;0;0;50;11:38;0.0;0.0;0.33;0.33;12.55;4.78;17.33;0.75;53.08;71.17;;;;;;TRSP;GL;;BERÇO TRSP;50;12:00;50;13:55;50;13:55;52;19:00;53.0;13:05;53.0;14:35;76500;1.0
ComDragagem2035;6163;23.0;225.0;0.0;0;0;0;50;16:45;263.08;559.42;17.25;839.75;0.0;0.5;0.5;2.64;55.1;58.25;;;;;;XXXIX;GSA - E;;BERÇO ARM 37;85;16:30;85;17:35;85;19:28;88;2:35;88.0;3:50;88.0;4:30;70000;1.0
ComDragagem2035;6164;36.0;225.0;0.0;0;0;0;51;18:53;0.0;0.0;2.42;2.42;6.67;32.58;39.25;4.22;99.0;142.5;;;;;;ARAUCO;CGNC;;BERÇO ARAUCO 1;51;21:20;51;23:30;52;2:58;56;6:00;57.0;22:00;57.0;23:45;55000;1.0
ComDragagem2035;6165;23.0;185.0;12.75;0;0;0;51;17:52;15.33;170.0;3.33;188.67;3.0;17.5;20.5;6.28;89.37;116.17;;;;;;RUMO - GSM - I;GSM - I;;BERÇO RUMO 2;59;14:35;59;15:50;59;21:21;63;14:45;64.0;12:00;64.0;13:30;45000;2.0
ComDragagem2035;6166;36.0;225.0;0.0;0;0;0;51;16:47;0.0;0.0;0.0;0.0;0.17;1.33;1.5;2.04;99.66;103.25;;;;;;BRACELL;CGNC;;BERÇO ARM 35P2;51;16:50;51;18:05;51;19:22;55;23:05;56.0;1:20;56.0;2:10;55000;1.0
ComDragagem2035;6167;23.0;185.0;10.25;0;0;0;51;18:50;29.92;260.58;23.25;313.75;0.0;0.0;0.0;2.73;13.85;16.58;;;;;;BTP;CGC;;BERÇO BTP 1;64;20:35;64;22:25;65;0:23;65;14:15;65.0;15:00;65.0;16:45;1000;3.0
ComDragagem2035;6168;23.0;215.0;9.75;0;0;0;51;16:45;29.92;250.75;22.92;303.58;0.0;0.5;0.5;1.93;13.85;16.33;;;;;;BTP;CGC;;BERÇO BTP 2;64;8:20;64;10:10;64;11:20;65;1:15;65.0;2:30;65.0;4:15;1000;3.0
ComDragagem2035;6169;23.0;205.0;10.25;0;0;0;51;20:54;31.75;261.08;23.25;316.08;0.0;1.33;1.33;3.39;13.85;18.58;;;;;;BTP;CGC;;BERÇO BTP 2;65;1:00;65;2:50;65;5:28;65;19:20;65.0;21:25;65.0;23:10;1000;3.0
ComDragagem2035;6170;23.0;215.0;9.75;0;0;0;51;15:44;29.92;245.5;21.08;296.5;0.0;0.42;0.42;5.75;13.85;20.08;;;;;;BTP;CGC;;BERÇO BTP 1;64;0:15;64;2:05;64;7:05;64;21:00;64.0;22:10;64.0;23:55;1000;3.0
ComDragagem2035;6171;23.0;295.0;14.25;0;0;0;51;18:50;101.08;202.08;19.25;322.42;0.08;0.17;0.25;2.8;20.66;23.75;;;;;;BTP;CGC;;BERÇO BTP 3;65;5:15;65;7:05;65;9:08;66;5:50;66.0;6:50;66.0;8:35;4000;3.0
ComDragagem2035;6176;23.0;215.0;10.75;0;0;0;51;18:51;10.08;56.17;20.67;86.92;0.0;0.17;0.17;1.83;13.38;15.42;;;;;;DPW - CGC;CGC;;BERÇO DPW 3;55;9:50;55;11:25;55;12:29;56;1:55;56.0;2:50;56.0;4:00;1000;3.0
ComDragagem2035;6177;36.0;225.0;0.0;0;0;0;51;19:53;5.0;21.83;7.75;34.58;0.0;0.08;0.08;2.9;64.0;67.0;;;;;;DPW - CGNC;CGNC;;BERÇO DPW 4;53;6:30;53;8:05;53;10:14;56;2:15;56.0;3:05;56.0;4:15;55000;1.0
ComDragagem2035;6178;36.0;225.0;0.0;0;0;0;51;17:45;47.17;594.58;17.75;659.5;0.0;0.0;0.0;2.29;36.9;39.25;;;;;;ELDORADO;CGNC;;BERÇO ARM 31;79;5:15;79;6:30;79;8:02;80;21:00;80.0;21:45;80.0;22:35;55000;1.0
ComDragagem2035;6179;23.0;185.0;12.25;0;0;0;51;20:51;0.0;0.0;1.67;1.67;1.33;8.42;9.75;4.04;75.33;89.17;;;;;;HIDROVIAS;GSM - I;;BERÇO ARM 22/23;51;22:35;51;23:40;52;2:57;55;6:20;55.0;16:50;55.0;18:10;45000;2.0
ComDragagem2035;6180;23.0;215.0;10.75;0;0;0;51;17:47;7.5;0.0;55.75;63.25;0.0;0.42;0.42;2.34;16.8;19.58;;;;;;SANTOSBR;CGC;;BERÇO TECON 1.1;54;9:05;54;10:20;54;11:55;55;4:45;55.0;5:55;55.0;7:05;1000;3.0
ComDragagem2035;6181;23.0;265.0;12.25;0;0;0;51;18:48;7.5;41.92;16.08;65.5;0.0;1.42;1.42;4.02;15.61;21.08;;;;;;SANTOSBR;CGC;;BERÇO TECON 3;54;12:20;54;13:35;54;16:51;55;8:30;55.0;10:40;55.0;11:50;3000;3.0
ComDragagem2035;6182;23.0;155.0;8.25;0;0;0;51;15:46;1.58;0.0;9.67;11.25;0.0;2.17;2.17;7.47;29.82;39.5;;;;;;STOLTHAVEN;GL;;BERÇO AL 03;52;3:05;52;4:40;52;11:23;53;17:15;53.0;20:10;53.0;22:00;18000;2.0
ComDragagem2035;6184;23.0;225.0;9.25;0;0;1;51;18:54;16.0;156.83;15.08;187.92;0.0;0.0;0.0;2.28;20.25;22.58;;;;;;TEV;RORO;;BERÇO TEV;59;14:50;59;16:10;59;17:41;60;14:00;60.0;14:45;60.0;16:00;3000;3.0
ComDragagem2035;6185;23.0;225.0;0.0;0;0;0;51;17:47;98.83;582.83;53.83;735.5;0.0;0.42;0.42;4.68;62.19;67.33;;;;;;TIPLAM - GSA - E;GSA - E;;BERÇO TIPLAM 2;82;9:20;82;11:55;82;15:50;85;6:05;85.0;7:15;85.0;9:15;70000;1.0
ComDragagem2035;6186;23.0;175.0;11.25;0;0;0;51;18:51;1.58;0.0;9.17;10.75;1.08;0.67;1.75;0.75;62.88;65.42;;;;;;VOPAK;GL;;BERÇO AL 04;52;5:40;52;7:15;52;7:15;54;22:10;55.0;0:40;55.0;2:30;35000;2.0
ComDragagem2035;6187;23.0;225.0;0.0;0;0;0;51;17:48;269.75;587.25;19.83;876.83;0.0;0.0;0.0;0.77;55.1;55.92;;;;;;XXXIX;GSA - E;;BERÇO ARM 37;88;6:40;88;7:45;88;7:46;90;14:55;90.0;15:40;90.0;16:20;70000;1.0
ComDragagem2035;6188;23.0;215.0;11.25;0;0;0;52;21:55;1.75;0.33;0.0;2.08;2.67;1.25;3.92;2.64;16.8;23.42;;;;;;TECON10;CGC;;BERÇO TECON10 2;53;0:00;53;1:45;53;3:38;53;20:30;54.0;1:10;54.0;2:50;1000;3.0
ComDragagem2035;6189;23.0;215.0;11.75;0;0;0;52;23:22;0.83;0.08;5.92;6.83;1.67;9.0;10.67;2.2;16.8;29.67;;;;;;TECON10;CGC;;BERÇO TECON10 3;53;6:15;53;8:00;53;9:27;54;2:15;54.0;13:40;54.0;15:20;1000;3.0
ComDragagem2035;6190;23.0;265.0;13.75;0;0;0;52;23:22;0.83;0.08;7.08;8.0;1.67;16.83;18.5;2.24;15.61;36.42;;;;;;TECON10;CGC;;BERÇO TECON10 4;53;7:25;53;9:10;53;10:39;54;2:20;54.0;21:35;54.0;23:15;3000;3.0
ComDragagem2035;6191;23.0;135.0;7.75;0;0;0;52;20:55;28.33;263.5;18.92;310.75;1.75;1.08;2.83;4.04;20.71;27.58;;;;;;BTP;CGC;;BERÇO BTP 2;65;19:40;65;21:30;66;0:47;66;21:30;67.0;1:05;67.0;2:50;500;3.0
ComDragagem2035;6192;23.0;215.0;10.25;0;0;0;52;21:57;30.17;270.0;18.92;319.08;0.67;0.17;0.83;2.5;13.85;17.25;;;;;;BTP;CGC;;BERÇO BTP 3;66;5:05;66;6:55;66;8:40;66;22:35;67.0;0:10;67.0;1:55;1000;3.0
ComDragagem2035;6193;23.0;245.0;14.25;0;0;0;52;21:57;30.17;286.58;18.92;335.67;0.0;0.0;0.0;1.65;14.7;16.42;;;;;;BTP;CGC;;BERÇO BTP 1;66;21:40;66;23:30;67;0:24;67;15:10;67.0;15:55;67.0;17:40;3000;3.0
ComDragagem2035;6194;23.0;295.0;14.25;0;0;0;52;20:55;91.25;197.83;15.92;305.0;0.83;0.0;0.83;3.51;20.66;25.0;;;;;;BTP;CGC;;BERÇO BTP 1;65;13:55;65;15:45;65;18:30;66;15:10;66.0;16:45;66.0;18:30;4000;3.0
ComDragagem2035;6197;23.0;205.0;11.75;0;0;0;52;23:41;7.33;48.33;26.67;82.33;0.0;1.58;1.58;1.92;13.38;16.92;;;;;;DPW - CGC;CGC;;BERÇO DPW 3;56;10:05;56;11:40;56;12:50;57;2:15;57.0;4:35;57.0;5:45;1000;3.0
ComDragagem2035;6198;23.0;275.0;13.75;0;0;0;52;23:41;6.58;64.08;8.17;78.83;0.0;0.08;0.08;2.53;17.86;20.5;;;;;;DPW - CGC;CGC;;BERÇO DPW 1;56;6:35;56;7:55;56;9:41;57;3:35;57.0;4:25;57.0;6:00;3000;3.0
ComDragagem2035;6199;23.0;225.0;0.0;0;0;0;52;23:24;182.75;469.0;36.42;688.17;0.0;0.0;0.0;2.5;53.25;55.75;;;;;;ELEVACOES;GSA - E;;BERÇO ARM 16/17;81;15:35;81;17:05;81;18:50;84;0:05;84.0;0:50;84.0;1:55;70000;1.0
ComDragagem2035;6200;23.0;205.0;11.75;0;0;0;52;22:59;5.67;0.0;43.33;49.0;1.17;2.42;3.58;3.09;16.8;23.5;;;;;;SANTOSBR;CGC;;BERÇO TECON 1.2;55;0:00;55;1:15;55;3:35;55;20:25;56.0;0:45;56.0;1:55;1000;3.0
ComDragagem2035;6201;23.0;215.0;12.25;0;0;0;52;23:56;4.67;0.0;58.92;63.58;0.0;7.42;7.42;2.38;16.8;26.67;;;;;;SANTOSBR;CGC;;BERÇO TECON 2;55;15:35;55;16:50;55;18:27;56;11:20;56.0;19:30;56.0;20:40;1000;3.0
ComDragagem2035;6202;23.0;275.0;13.25;0;0;0;52;22:59;5.67;27.0;26.42;59.08;0.0;1.83;1.83;3.19;15.61;20.67;;;;;;SANTOSBR;CGC;;BERÇO TECON 3;55;10:05;55;11:20;55;13:46;56;5:25;56.0;8:00;56.0;9:10;3000;3.0
ComDragagem2035;6203;23.0;275.0;13.25;0;0;0;52;22:16;4.67;27.42;14.33;46.42;0.0;0.25;0.25;2.82;15.61;18.75;;;;;;SANTOSBR;CGC;;BERÇO TECON 2;54;20:45;54;22:00;55;0:04;55;15:45;55.0;16:45;55.0;17:55;3000;3.0
ComDragagem2035;6204;23.0;225.0;0.0;0;0;0;52;18:52;137.83;384.08;0.0;521.92;0.0;0.08;0.08;3.62;88.35;92.08;;;;;;TEAG;GSA - E;;BERÇO TEAG;74;12:50;74;14:00;74;16:52;78;9:15;78.0;10:05;78.0;10:50;70000;1.0
ComDragagem2035;6205;23.0;225.0;0.0;0;0;0;52;22:54;1.25;0.0;0.08;1.33;1.08;5.58;6.67;3.5;61.75;71.92;;;;;;TGRAO;GSA - E;;BERÇO OUT 2;53;0:15;53;1:35;53;4:20;55;18:05;56.0;1:30;56.0;2:25;70000;1.0
ComDragagem2035;6206;23.0;185.0;12.25;0;0;0;52;23:16;10.75;75.75;16.25;102.75;0.0;3.42;3.42;2.2;29.94;35.58;;;;;;TRANSPETRO;GL;;BERÇO AL 02;57;6:05;57;7:40;57;9:07;58;15:05;58.0;19:15;58.0;21:05;35000;2.0
ComDragagem2035;6207;23.0;155.0;10.75;0;0;0;52;21:59;5.33;15.67;7.92;28.92;1.67;1.58;3.25;11.22;42.57;57.08;;;;;;ULTRACARGO;GL;;BERÇO AL 03;54;2:55;54;4:30;54;14:58;56;9:35;56.0;13:35;56.0;15:25;18000;2.0
ComDragagem2035;6208;23.0;155.0;0.0;0;0;0;53;7:06;13.08;104.0;12.58;129.67;0.0;0.33;0.33;2.69;42.57;45.67;;;;;;STS;GL;;BERÇO AL 01;58;16:50;58;18:45;58;20:41;60;15:20;60.0;16:25;60.0;17:55;18000;1.0
ComDragagem2035;6209;23.0;185.0;8.75;0;0;0;53;2:06;3.92;12.42;8.67;25.0;0.0;0.0;0.0;2.84;16.8;19.67;;;;;;TECON10;CGC;;BERÇO TECON10 2;54;3:10;54;4:55;54;7:00;54;23:50;55.0;0:35;55.0;2:15;1000;3.0
ComDragagem2035;6210;23.0;225.0;0.0;0;0;0;53;2:05;1.17;2.75;10.92;14.83;0.0;0.58;0.58;3.27;51.12;55.0;;;;;;RUMO - GSA - E;GSA - E;;BERÇO RUMO 1;53;16:55;53;18:30;53;21:01;56;0:10;56.0;1:30;56.0;2:40;70000;1.0
ComDragagem2035;6211;23.0;215.0;8.25;0;0;0;53;0:01;30.17;287.08;22.75;340.0;1.17;0.08;1.25;4.57;13.85;19.67;;;;;;BTP;CGC;;BERÇO BTP 2;67;4:05;67;5:55;67;9:44;67;23:35;68.0;1:35;68.0;3:20;1000;3.0
ComDragagem2035;6214;23.0;185.0;8.25;0;0;0;53;3:06;9.08;60.0;30.08;99.17;0.0;0.33;0.33;3.19;13.38;16.92;;;;;;DPW - CGC;CGC;;BERÇO DPW 1;57;6:20;57;7:40;57;10:06;57;23:30;58.0;0:35;58.0;2:10;1000;3.0
ComDragagem2035;6215;23.0;185.0;8.25;0;0;0;53;2:05;10.08;60.08;30.67;100.83;0.42;0.67;1.08;1.71;13.38;16.17;;;;;;DPW - CGC;CGC;;BERÇO DPW 3;57;6:55;57;8:30;57;9:27;57;22:50;58.0;0:40;58.0;1:50;1000;3.0
ComDragagem2035;6216;23.0;255.0;9.75;0;0;0;53;3:07;10.42;58.67;32.08;101.17;0.0;1.17;1.17;4.81;17.86;23.83;;;;;;DPW - CGC;CGC;;BERÇO DPW 2;57;8:20;57;10:00;57;14:03;58;7:55;58.0;9:50;58.0;11:25;3000;3.0
ComDragagem2035;6217;23.0;295.0;10.25;0;0;0;53;3:06;12.08;98.67;15.0;125.75;0.83;0.58;1.42;2.58;21.93;26.0;;;;;;DPW - CGC;CGC;;BERÇO DPW 2;58;8:55;58;10:35;58;12:24;59;10:25;59.0;12:35;59.0;14:10;4000;3.0
ComDragagem2035;6218;23.0;185.0;0.0;0;0;0;53;0:02;64.08;613.5;46.17;723.75;1.0;1.5;2.5;3.02;37.2;42.75;;;;;;ELEVACOES;GSA - E;;BERÇO ARM 19;83;3:50;83;5:15;83;7:31;84;20:45;85.0;0:00;85.0;1:00;45000;1.0
ComDragagem2035;6219;23.0;225.0;0.0;0;0;0;53;2:06;200.83;503.42;39.83;744.08;0.0;2.25;2.25;2.99;53.25;58.5;;;;;;ELEVACOES;GSA - E;;BERÇO ARM 16/17;84;2:15;84;3:45;84;5:59;86;11:15;86.0;14:15;86.0;15:20;70000;1.0
ComDragagem2035;6220;23.0;185.0;9.25;0;0;0;53;3:10;0.25;1.08;2.25;3.58;0.67;8.08;8.75;2.64;75.33;86.75;;;;;;HIDROVIAS;GSM - I;;BERÇO ARM 23;53;6:45;53;7:45;53;9:38;56;13:00;56.0;22:30;56.0;23:45;45000;2.0
ComDragagem2035;6221;23.0;135.0;6.75;0;0;0;53;2:04;6.08;0.0;63.83;69.92;0.0;1.75;1.75;3.89;7.08;12.75;;;;;;SANTOSBR;CGC;;BERÇO TECON 1.2;56;0:00;56;1:15;56;4:23;56;11:30;56.0;14:00;56.0;15:10;500;3.0
ComDragagem2035;6222;23.0;185.0;8.25;0;0;0;53;0:01;4.67;0.0;52.42;57.08;1.17;5.0;6.17;4.01;16.8;27.0;;;;;;SANTOSBR;CGC;;BERÇO TECON 1.1;55;9:10;55;10:25;55;13:40;56;6:30;56.0;13:25;56.0;14:35;1000;3.0
ComDragagem2035;6223;23.0;265.0;9.25;0;0;0;53;2:04;6.08;24.92;46.0;77.0;0.25;2.0;2.25;1.51;15.61;19.42;;;;;;SANTOSBR;CGC;;BERÇO TECON 3;56;7:05;56;8:20;56;9:05;57;0:45;57.0;3:45;57.0;4:55;3000;3.0
ComDragagem2035;6224;23.0;265.0;9.75;0;0;0;53;3:08;6.08;23.83;57.67;87.58;0.0;1.08;1.08;2.69;15.61;19.42;;;;;;SANTOSBR;CGC;;BERÇO TECON 2;56;18:45;56;20:00;56;21:56;57;13:35;57.0;15:25;57.0;16:35;3000;3.0
ComDragagem2035;6225;23.0;185.0;10.25;0;0;0;53;1:05;10.0;170.58;3.5;184.08;0.0;0.5;0.5;7.55;89.37;97.42;;;;;;TERMAG;GSM - I;;BERÇO TERMAG;60;17:10;60;18:00;61;0:48;64;18:10;64.0;19:25;64.0;20:30;45000;2.0
ComDragagem2035;6227;23.0;195.0;8.25;0;0;1;53;3:10;13.08;159.17;10.83;183.08;2.0;2.83;4.83;4.63;20.97;30.5;;;;;;TEV;RORO;;BERÇO TEV;60;18:15;60;19:35;60;23:27;61;20:30;62.0;2:05;62.0;3:20;1500;3.0
ComDragagem2035;6228;23.0;225.0;0.0;0;0;0;53;0:04;5.92;78.0;4.25;88.17;0.25;1.33;1.58;2.35;39.92;43.92;;;;;;TGG;GSA - E;;BERÇO TGG;56;16:15;56;17:25;56;19:01;58;11:00;58.0;13:20;58.0;14:05;70000;1.0
ComDragagem2035;6229;23.0;225.0;0.0;0;0;0;53;0:07;101.5;592.25;59.17;752.92;2.0;1.83;3.83;6.56;62.19;72.58;;;;;;TIPLAM - GSA - E;GSA - E;;BERÇO TIPLAM 3;84;9:05;84;11:40;84;17:28;87;7:40;87.0;12:15;87.0;14:15;70000;1.0
ComDragagem2035;6230;23.0;285.0;0.0;0;0;0;53;8:05;0.92;6.25;0.0;7.17;21.6;13.73;35.33;0.75;53.08;89.17;;;;;;TRSP;GL;;BERÇO TRSP;53;15:15;53;17:10;53;17:10;55;22:15;57.0;10:20;57.0;11:50;76500;1.0
ComDragagem2035;6231;23.0;185.0;0.0;0;0;0;53;3:02;8.08;68.25;8.08;84.42;1.5;2.33;3.83;0.75;62.88;67.5;;;;;;VOPAK;GL;;BERÇO AL 03;56;15:30;56;17:25;56;17:25;59;8:20;59.0;12:55;59.0;14:25;35000;1.0
ComDragagem2035;6232;33.0;177.9;7.9;0;0;0;53;10:20;0.0;0.0;0.5;0.5;0.0;2.33;2.33;0.92;122.83;126.08;;;;;;SAIPEM;CGNC;;BERÇO SAIPEM 1;53;10:50;53;11:45;53;11:55;58;14:45;58.0;17:50;58.0;18:20;0;1.0
ComDragagem2035;6233;23.0;185.0;9.25;0;0;0;54;5:14;0.0;0.0;0.0;0.0;1.67;7.5;9.17;3.17;16.8;29.17;;;;;;TECON10;CGC;;BERÇO TECON10 1;54;5:15;54;7:00;54;9:25;55;2:15;55.0;12:10;55.0;13:50;1000;3.0
ComDragagem2035;6234;23.0;225.0;0.0;0;0;0;54;5:09;3.33;41.08;3.92;48.33;0.0;0.42;0.42;4.39;51.12;56.0;;;;;;RUMO - GSA - E;GSA - E;;BERÇO RUMO 1;56;5:30;56;7:05;56;10:43;58;13:55;58.0;15:05;58.0;16:15;70000;1.0
ComDragagem2035;6235;23.0;155.0;0.0;0;0;0;54;5:13;0.0;0.0;3.25;3.25;1.83;9.83;11.67;1.72;45.88;59.33;;;;;;AGEO_TERMINAIS;GL;;BERÇO Ageo I;54;8:30;54;10:15;54;11:13;56;9:10;56.0;21:35;56.0;22:55;18000;1.0
ComDragagem2035;6236;23.0;175.0;0.0;0;0;0;54;4:10;0.0;0.0;5.83;5.83;4.0;33.42;37.42;1.08;64.43;103.0;;;;;;AGEO_TERMINAIS;GL;;BERÇO IB BC;54;10:00;54;11:45;54;12:04;57;4:35;58.0;18:45;58.0;20:05;35000;1.0
ComDragagem2035;6237;23.0;215.0;8.75;0;0;0;54;3:08;26.17;264.17;21.67;312.0;3.0;1.0;4.0;3.58;13.85;21.5;;;;;;BTP;CGC;;BERÇO BTP 3;67;3:10;67;5:00;67;7:49;67;21:45;68.0;2:30;68.0;4:15;1000;3.0
ComDragagem2035;6238;23.0;185.0;8.75;0;0;0;54;0:12;54.33;780.08;0.0;834.42;0.0;0.0;0.0;3.19;131.03;134.25;;;;;;BUNGE;GSA - I;;BERÇO ARM 30;88;18:40;88;19:35;88;22:01;94;9:05;;;;;45000;2.0
ComDragagem2035;6240;23.0;225.0;0.0;0;0;0;54;5:17;26.0;377.0;8.92;411.92;0.0;0.0;0.0;5.52;54.03;59.58;;;;;;CUTRALE - GSA - E;GSA - E;;BERÇO CUTRALE;71;9:15;71;10:20;71;15:06;73;21:10;73.0;21:55;73.0;22:35;70000;1.0
ComDragagem2035;6241;23.0;275.0;10.25;0;0;0;54;6:15;6.92;75.33;10.0;92.25;0.0;0.08;0.08;3.54;17.86;21.5;;;;;;DPW - CGC;CGC;;BERÇO DPW 1;58;2:30;58;3:50;58;6:37;59;0:30;59.0;1:20;59.0;2:55;3000;3.0
ComDragagem2035;6242;23.0;175.0;0.0;0;0;0;54;8:17;65.33;620.0;53.58;738.92;0.75;1.5;2.25;3.52;27.04;32.83;;;;;;ELEVACOES;GSA - E;;BERÇO ARM 19;85;3:15;85;4:40;85;7:26;86;10:30;86.0;13:30;86.0;14:30;35000;1.0
ComDragagem2035;6243;23.0;185.0;9.25;0;0;0;54;5:12;2.67;0.0;56.08;58.75;0.0;0.0;0.0;2.3;16.8;19.17;;;;;;SANTOSBR;CGC;;BERÇO TECON 1.1;56;16:00;56;17:15;56;18:48;57;11:40;57.0;12:25;57.0;13:35;1000;3.0
ComDragagem2035;6244;23.0;295.0;10.75;0;0;0;54;4:09;5.33;2.58;63.08;71.0;0.0;0.25;0.25;3.53;21.3;25.08;;;;;;SANTOSBR;CGC;;BERÇO TECON 3;57;3:10;57;4:25;57;7:11;58;4:30;58.0;5:30;58.0;6:40;4000;3.0
ComDragagem2035;6245;23.0;225.0;0.0;0;0;0;54;5:11;6.25;97.58;4.25;108.08;0.0;1.58;1.58;2.55;39.92;44.08;;;;;;TGG;GSA - E;;BERÇO TGG;58;17:20;58;18:30;58;20:18;60;12:15;60.0;14:35;60.0;15:20;70000;1.0
ComDragagem2035;6246;23.0;225.0;0.0;0;0;0;54;6:15;9.25;95.0;6.67;110.92;0.0;1.33;1.33;0.75;124.33;126.42;;;;;;VOPAK;GL;;BERÇO AL 02;58;21:10;58;23:05;58;23:05;64;3:25;64.0;5:30;64.0;7:00;60000;1.0
ComDragagem2035;6247;23.0;225.0;0.0;0;0;0;54;8:22;387.25;470.58;14.5;872.33;0.0;0.0;0.0;1.13;55.1;56.25;;;;;;XXXIX;GSA - E;;BERÇO ARM 37;90;16:45;90;17:50;90;18:12;93;1:20;;;;;70000;1.0
ComDragagem2035;6248;23.0;185.0;9.75;0;0;0;55;10:26;0.0;0.0;2.58;2.58;0.75;0.0;0.75;3.55;16.8;21.17;;;;;;TECON10;CGC;;BERÇO TECON10 4;55;13:05;55;14:50;55;17:38;56;10:30;56.0;12:00;56.0;13:40;1000;3.0
ComDragagem2035;6249;23.0;275.0;10.75;0;0;0;55;10:26;0.0;0.0;3.42;3.42;1.67;7.83;9.5;2.48;15.61;27.58;;;;;;TECON10;CGC;;BERÇO TECON10 3;55;13:55;55;15:40;55;17:23;56;9:00;56.0;19:15;56.0;20:55;3000;3.0
ComDragagem2035;6250;23.0;275.0;10.75;0;0;0;55;10:26;0.0;0.0;1.75;1.75;4.0;12.08;16.08;2.26;15.61;34.0;;;;;;TECON10;CGC;;BERÇO TECON10 1;55;12:15;55;14:00;55;15:30;56;7:10;57.0;0:00;57.0;1:40;3000;3.0
ComDragagem2035;6251;23.0;295.0;12.25;0;0;0;55;10:26;0.0;0.0;4.67;4.67;4.75;17.5;22.25;2.76;21.3;46.33;;;;;;TECON10;CGC;;BERÇO TECON10 2;55;15:10;55;16:55;55;18:55;56;16:15;57.0;15:15;57.0;16:55;4000;3.0
ComDragagem2035;6252;23.0;155.0;0.0;0;0;0;55;8:21;0.0;0.0;0.5;0.5;6.67;48.33;55.0;1.48;45.88;102.42;;;;;;AGEO_TERMINAIS;GL;;BERÇO IB SP;55;8:55;55;10:40;55;11:23;57;9:20;59.0;17:05;59.0;18:25;18000;1.0
ComDragagem2035;6253;23.0;215.0;8.75;0;0;0;55;5:16;24.33;249.0;23.5;296.83;0.0;0.42;0.42;1.76;13.85;16.08;;;;;;BTP;CGC;;BERÇO BTP 1;67;14:10;67;16:00;67;17:00;68;6:55;68.0;8:05;68.0;9:50;1000;3.0
ComDragagem2035;6257;23.0;215.0;9.75;0;0;0;55;9:24;6.33;41.67;17.33;65.33;1.17;1.75;2.92;4.77;13.38;21.08;;;;;;DPW - CGC;CGC;;BERÇO DPW 3;58;2:45;58;4:20;58;8:21;58;21:45;59.0;1:25;59.0;2:35;1000;3.0
ComDragagem2035;6258;49.0;366.0;15.0;1;0;0;55;9:23;100.75;4.5;2.33;107.58;0.0;0.0;0.0;3.17;41.74;44.92;;;;;;DPW - CGC;CGC;;BERÇO DPW 2;59;21:00;59;22:45;60;1:10;61;18:55;61.0;19:40;61.0;21:20;12500;3.0
ComDragagem2035;6259;23.0;255.0;10.75;0;0;0;55;9:25;7.92;60.5;26.75;95.17;1.17;4.67;5.83;2.24;17.86;26.0;;;;;;DPW - CGC;CGC;;BERÇO DPW 3;59;8:35;59;10:10;59;11:39;60;5:35;60.0;12:10;60.0;13:20;3000;3.0
ComDragagem2035;6260;23.0;275.0;10.75;0;0;0;55;10:28;6.92;72.5;13.42;92.83;1.58;12.83;14.42;2.28;17.86;34.58;;;;;;DPW - CGC;CGC;;BERÇO DPW 1;59;7:20;59;8:40;59;10:11;60;4:05;60.0;19:15;60.0;20:50;3000;3.0
ComDragagem2035;6261;36.0;225.0;0.0;0;0;0;55;8:24;47.92;554.0;12.33;614.25;0.0;1.5;1.5;1.38;36.9;39.83;;;;;;ELDORADO;CGNC;;BERÇO ARM 31;80;22:40;80;23:55;81;0:32;82;13:30;82.0;15:45;82.0;16:35;55000;1.0
ComDragagem2035;6262;23.0;215.0;9.25;0;0;0;55;7:20;1.42;28.83;4.33;34.58;0.0;4.83;4.83;1.74;16.8;23.42;;;;;;SANTOSBR;CGC;;BERÇO TECON 1.2;56;17:55;56;19:10;56;20:09;57;13:00;57.0;18:35;57.0;19:45;1000;3.0
ComDragagem2035;6263;23.0;185.0;9.75;0;0;0;55;10:25;4.08;48.92;1.83;54.83;0.0;0.0;0.0;2.4;16.8;19.25;;;;;;SANTOSBR;CGC;;BERÇO TECON 1.1;57;17:15;57;18:30;57;20:09;58;13:00;58.0;13:45;58.0;14:55;1000;3.0
ComDragagem2035;6264;23.0;275.0;10.75;0;0;0;55;9:25;5.33;61.42;3.42;70.17;0.0;1.92;1.92;1.99;15.61;19.58;;;;;;SANTOSBR;CGC;;BERÇO TECON 3;58;7:35;58;8:50;58;10:04;59;1:45;59.0;4:25;59.0;5:35;3000;3.0
ComDragagem2035;6265;23.0;295.0;11.75;0;0;0;55;7:20;4.08;49.75;1.42;55.25;1.17;8.58;9.75;2.04;21.3;33.08;;;;;;SANTOSBR;CGC;;BERÇO TECON 2;57;14:35;57;15:50;57;17:07;58;14:25;59.0;0:55;59.0;2:05;4000;3.0
ComDragagem2035;6267;23.0;225.0;0.0;0;0;0;55;10:23;7.42;124.83;0.0;132.25;0.0;0.17;0.17;2.25;39.92;42.33;;;;;;TGG;GSA - E;;BERÇO TGG;60;22:40;60;23:50;61;1:20;62;17:15;62.0;18:10;62.0;18:55;70000;1.0
ComDragagem2035;6268;23.0;185.0;10.25;0;0;0;55;8:24;0.0;0.0;0.25;0.25;0.0;5.92;5.92;3.73;85.0;94.67;;;;;;TIPLAM - GSM - I;GSM - I;;BERÇO TIPLAM 4;55;8:40;55;10:45;55;13:43;59;2:45;59.0;9:25;59.0;11:55;45000;2.0
ComDragagem2035;6269;23.0;155.0;9.25;0;0;0;55;10:26;0.0;0.0;1.5;1.5;1.83;2.25;4.08;0.75;41.58;46.42;;;;;;VOPAK;GL;;BERÇO AL 04;55;12:00;55;13:35;55;13:35;57;7:10;57.0;12:00;57.0;13:50;18000;2.0
ComDragagem2035;6271;20.0;92.95;5.6;0;0;0;55;9:20;0.0;0.0;1.0;1.0;0.0;0.0;0.0;0.92;94.0;94.92;;;;;;SAIPEM;CGNC;;BERÇO SAIPEM 2;55;10:20;55;11:15;55;11:25;59;9:25;59.0;10:10;59.0;10:40;0;1.0
ComDragagem2035;6272;19.0;87.9;5.1;0;0;0;55;15:20;0.0;0.0;0.5;0.5;0.5;1.5;2.0;0.92;65.17;68.08;;;;;;SAIPEM;CGNC;;BERÇO SAIPEM 3;55;15:50;55;16:45;55;16:55;58;10:05;58.0;12:50;58.0;13:20;0;1.0
ComDragagem2035;6273;36.0;225.0;0.0;0;0;0;56;12:33;0.0;0.0;4.33;4.33;0.0;0.08;0.08;3.28;99.0;102.42;;;;;;ARAUCO;CGNC;;BERÇO ARAUCO 2;56;16:55;56;19:05;56;21:36;61;0:40;61.0;1:30;61.0;3:15;55000;1.0
ComDragagem2035;6274;23.0;185.0;10.25;0;0;0;56;13:36;0.67;7.83;0.0;8.5;0.0;2.08;2.08;2.44;16.8;21.33;;;;;;TECON10;CGC;;BERÇO TECON10 3;56;22:10;56;23:55;57;1:36;57;18:25;57.0;21:15;57.0;22:55;1000;3.0
ComDragagem2035;6275;23.0;235.0;11.75;0;0;0;56;13:36;3.17;8.0;1.83;13.0;0.0;3.25;3.25;5.93;15.61;24.83;;;;;;TECON10;CGC;;BERÇO TECON10 1;57;2:40;57;4:25;57;9:35;58;1:15;58.0;5:15;58.0;6:55;3000;3.0
ComDragagem2035;6276;23.0;295.0;12.75;0;0;0;56;13:36;0.0;2.08;0.0;2.08;0.0;0.0;0.0;3.71;21.3;25.08;;;;;;TECON10;CGC;;BERÇO TECON10 4;56;15:45;56;17:30;56;20:27;57;17:50;57.0;18:35;57.0;20:15;4000;3.0
ComDragagem2035;6277;23.0;135.0;7.75;0;0;0;56;9:28;25.83;231.08;28.0;284.92;0.0;0.0;0.0;2.28;20.71;23.0;;;;;;BTP;CGC;;BERÇO BTP 1;68;6:25;68;8:15;68;9:46;69;6:30;69.0;7:15;69.0;9:00;500;3.0
ComDragagem2035;6278;23.0;135.0;7.75;0;0;0;56;10:31;29.17;257.08;34.92;321.17;0.0;0.0;0.0;1.86;20.71;22.58;;;;;;BTP;CGC;;BERÇO BTP 3;69;19:45;69;21:35;69;22:41;70;19:25;70.0;20:10;70.0;21:55;500;3.0
ComDragagem2035;6279;23.0;215.0;9.25;0;0;0;56;9:28;25.83;231.08;25.92;282.83;0.08;0.08;0.17;3.89;13.85;17.92;;;;;;BTP;CGC;;BERÇO BTP 2;68;4:20;68;6:10;68;9:18;68;23:10;69.0;0:05;69.0;1:50;1000;3.0
ComDragagem2035;6280;23.0;215.0;9.25;0;0;0;56;10:31;31.0;264.67;38.83;334.5;0.0;0.0;0.0;1.88;13.85;15.75;;;;;;BTP;CGC;;BERÇO BTP 1;70;9:05;70;10:55;70;12:02;71;1:55;71.0;2:40;71.0;4:25;1000;3.0
ComDragagem2035;6281;23.0;215.0;9.25;0;0;0;56;8:24;25.83;232.17;27.08;285.08;0.75;1.75;2.5;2.0;13.85;18.42;;;;;;BTP;CGC;;BERÇO BTP 3;68;5:30;68;7:20;68;8:35;68;22:30;69.0;1:45;69.0;3:30;1000;3.0
ComDragagem2035;6282;23.0;215.0;9.25;0;0;0;56;10:30;29.17;243.33;29.0;301.5;0.0;0.17;0.17;2.0;13.85;16.08;;;;;;BTP;CGC;;BERÇO BTP 3;69;0:00;69;1:50;69;3:05;69;17:00;69.0;17:55;69.0;19:40;1000;3.0
ComDragagem2035;6283;23.0;245.0;12.75;0;0;0;56;9:27;29.17;244.5;33.08;306.75;0.75;0.42;1.17;2.47;14.7;18.33;;;;;;BTP;CGC;;BERÇO BTP 2;69;4:15;69;6:05;69;7:48;69;22:30;70.0;0:25;70.0;2:10;3000;3.0
ComDragagem2035;6284;23.0;295.0;12.75;0;0;0;56;10:28;90.0;191.67;25.33;307.0;0.08;0.75;0.83;5.05;20.66;26.58;;;;;;BTP;CGC;;BERÇO BTP 1;69;5:30;69;7:20;69;11:38;70;8:20;70.0;9:55;70.0;11:40;4000;3.0
ComDragagem2035;6286;23.0;175.0;0.0;0;0;0;56;10:30;25.83;384.33;10.0;420.17;0.0;0.83;0.83;21.68;57.8;80.33;;;;;;CUTRALE - GL;GL;;BERÇO CUTRALE;73;22:40;73;23:45;74;20:40;77;6:30;77.0;8:05;77.0;8:45;35000;1.0
ComDragagem2035;6287;23.0;165.0;8.25;0;0;0;56;13:33;0.0;0.0;2.92;2.92;0.0;0.67;0.67;3.59;12.03;16.33;;;;;;DOW;GL;;BERÇO DOW;56;16:30;56;17:15;56;20:05;57;8:10;57.0;9:35;57.0;10:35;18000;2.0
ComDragagem2035;6288;23.0;185.0;10.25;0;0;0;56;11:30;7.75;72.58;17.75;98.08;0.0;0.17;0.17;2.12;13.38;15.67;;;;;;DPW - CGC;CGC;;BERÇO DPW 3;60;13:35;60;15:10;60;16:32;61;5:55;61.0;6:50;61.0;8:00;1000;3.0
ComDragagem2035;6289;23.0;245.0;11.25;0;0;0;56;11:30;6.75;82.42;17.75;106.92;0.0;0.75;0.75;1.88;17.86;20.5;;;;;;DPW - CGC;CGC;;BERÇO DPW 1;60;22:25;60;23:45;61;0:52;61;18:45;61.0;20:15;61.0;21:50;3000;3.0
ComDragagem2035;6290;23.0;285.0;10.75;0;0;0;56;11:29;9.75;102.08;14.75;126.58;0.0;1.42;1.42;3.05;17.86;22.33;;;;;;DPW - CGC;CGC;;BERÇO DPW 2;61;18:05;61;19:45;61;22:03;62;15:55;62.0;18:05;62.0;19:40;3000;3.0
ComDragagem2035;6291;23.0;305.0;12.25;0;0;0;56;11:30;8.08;107.58;14.75;130.42;1.25;0.17;1.42;1.55;21.93;24.92;;;;;;DPW - CGC;CGC;;BERÇO DPW 1;61;21:55;61;23:15;62;0:03;62;22:00;63.0;0:10;63.0;1:45;4000;3.0
ComDragagem2035;6292;23.0;225.0;0.0;0;0;0;56;11:31;190.17;539.67;42.58;772.42;0.0;0.0;0.0;2.9;53.25;56.17;;;;;;ELEVACOES;GSA - E;;BERÇO ARM 19;88;16:00;88;17:25;88;19:34;91;0:50;;;;;70000;1.0
ComDragagem2035;6293;23.0;225.0;11.75;0;0;0;56;5:22;0.0;0.0;0.33;0.33;1.0;6.17;7.17;18.5;49.28;75.0;;;;;;HIDROVIAS;GSM - I;;BERÇO ARM 22/23;56;5:45;56;6:50;57;0:35;59;1:55;59.0;9:50;59.0;11:10;70000;2.0
ComDragagem2035;6294;36.0;225.0;0.0;0;0;0;56;15:35;52.08;564.5;12.33;628.92;0.0;0.0;0.0;4.89;200.0;204.92;;;;;;NST - CGNC;CGNC;;BERÇO ARM 31;82;20:30;82;21:45;83;1:53;91;9:55;;;;;55000;1.0
ComDragagem2035;6295;23.0;215.0;9.75;0;0;0;56;13:35;2.67;25.17;0.58;28.42;1.17;17.83;19.0;2.68;16.8;38.5;;;;;;SANTOSBR;CGC;;BERÇO TECON 1.2;57;18:00;57;19:15;57;21:10;58;14:00;59.0;9:45;59.0;10:55;1000;3.0
ComDragagem2035;6296;23.0;265.0;11.25;0;0;0;56;13:35;5.17;50.42;9.25;64.83;0.0;0.25;0.25;4.37;15.61;20.25;;;;;;SANTOSBR;CGC;;BERÇO TECON 2;59;6:25;59;7:40;59;11:17;60;2:55;60.0;3:55;60.0;5:05;3000;3.0
ComDragagem2035;6298;23.0;195.0;9.25;0;0;1;56;10:32;10.17;117.08;15.33;142.58;1.25;2.42;3.67;2.05;20.97;26.75;;;;;;TEV;RORO;;BERÇO TEV;62;9:10;62;10:30;62;11:48;63;8:50;63.0;13:15;63.0;14:30;1500;3.0
ComDragagem2035;6299;23.0;225.0;0.0;0;0;0;56;10:27;94.67;536.42;63.75;694.83;2.0;2.0;4.0;6.57;62.19;72.83;;;;;;TIPLAM - GSA - E;GSA - E;;BERÇO TIPLAM 2;85;9:20;85;11:55;85;17:44;88;8:00;88.0;12:45;88.0;14:45;70000;1.0
ComDragagem2035;6300;23.0;155.0;8.75;0;0;0;56;13:31;3.0;14.67;6.67;24.33;1.83;2.33;4.17;9.75;42.57;56.5;;;;;;ULTRACARGO;GL;;BERÇO AL 04;57;13:55;57;15:30;58;0:30;59;19:05;60.0;0:00;60.0;1:50;18000;2.0
ComDragagem2035;6301;23.0;175.0;10.75;0;0;0;57;15:40;4.75;69.58;0.0;74.33;0.0;2.08;2.08;8.52;57.11;67.75;;;;;;STS;GL;;BERÇO AL 01;60;18:00;60;19:35;61;3:21;63;12:30;63.0;15:20;63.0;17:10;35000;2.0
ComDragagem2035;6302;23.0;215.0;10.75;0;0;0;57;17:46;1.75;8.42;0.0;10.17;0.0;0.33;0.33;2.59;16.8;19.75;;;;;;TECON10;CGC;;BERÇO TECON10 1;58;4:00;58;5:45;58;7:35;59;0:25;59.0;1:30;59.0;3:10;1000;3.0
ComDragagem2035;6303;23.0;185.0;10.25;0;0;0;57;13:37;0.0;0.67;0.0;0.67;0.0;0.58;0.58;5.35;16.8;22.75;;;;;;TECON10;CGC;;BERÇO TECON10 2;57;14:20;57;16:05;57;20:41;58;13:30;58.0;14:50;58.0;16:30;1000;3.0
ComDragagem2035;6304;49.0;366.0;15.0;1;0;0;57;17:46;28.83;1.33;0.0;30.17;32.67;6.5;39.17;4.56;38.88;82.67;;;;;;TECON10;CGC;;BERÇO TECON10 1;59;0:00;59;1:50;59;5:38;60;20:35;62.0;12:30;62.0;14:15;12500;3.0
ComDragagem2035;6305;23.0;255.0;12.25;0;0;0;57;17:46;0.0;2.5;0.0;2.5;1.67;15.42;17.08;2.91;15.61;35.67;;;;;;TECON10;CGC;;BERÇO TECON10 3;57;20:20;57;22:05;58;0:14;58;15:55;59.0;9:45;59.0;11:25;3000;3.0
ComDragagem2035;6306;23.0;255.0;11.75;0;0;0;57;13:37;0.0;3.33;0.0;3.33;0.0;0.42;0.42;2.71;15.61;18.75;;;;;;TECON10;CGC;;BERÇO TECON10 4;57;17:00;57;18:45;57;20:42;58;12:20;58.0;13:30;58.0;15:10;3000;3.0
ComDragagem2035;6307;23.0;295.0;13.25;0;0;0;57;17:46;1.75;16.0;0.42;18.17;1.67;11.42;13.08;3.68;21.3;38.08;;;;;;TECON10;CGC;;BERÇO TECON10 4;58;12:00;58;13:45;58;16:40;59;14:00;60.0;3:50;60.0;5:30;4000;3.0
ComDragagem2035;6308;43.0;339.0;14.0;0;0;0;57;17:46;12.67;15.17;0.42;28.25;1.67;12.83;14.5;3.15;25.92;43.58;;;;;;TECON10;CGC;;BERÇO TECON10 2;58;22:05;58;23:50;59;2:14;60;4:10;60.0;19:25;60.0;21:05;6000;3.0
ComDragagem2035;6309;23.0;225.0;0.0;0;0;0;57;13:32;1.58;25.92;0.0;27.5;0.0;0.0;0.0;3.95;51.12;55.08;;;;;;RUMO - GSA - E;GSA - E;;BERÇO RUMO 1;58;17:05;58;18:40;58;21:52;61;1:00;61.0;1:45;61.0;2:55;70000;1.0
ComDragagem2035;6310;23.0;185.0;10.25;0;0;0;57;15:40;0.0;0.0;6.5;6.5;0.0;3.08;3.08;1.43;64.43;69.0;;;;;;AGEO_TERMINAIS;GL;;BERÇO Ageo I;57;22:10;57;23:35;58;0:15;60;16:45;60.0;20:35;60.0;22:15;35000;2.0
ComDragagem2035;6311;23.0;135.0;7.75;0;0;0;57;12:37;28.92;252.67;36.17;317.75;0.0;1.33;1.33;7.24;20.71;29.33;;;;;;BTP;CGC;;BERÇO BTP 3;70;18:25;70;20:15;71;2:44;71;23:30;72.0;1:35;72.0;3:20;500;3.0
ComDragagem2035;6312;23.0;185.0;9.75;0;0;0;57;12:37;27.75;240.75;33.42;301.92;1.33;1.08;2.42;4.33;13.85;20.67;;;;;;BTP;CGC;;BERÇO BTP 2;70;2:35;70;4:25;70;7:59;70;21:55;71.0;1:05;71.0;2:50;1000;3.0
ComDragagem2035;6313;23.0;185.0;9.75;0;0;0;57;14:40;31.0;255.17;36.17;322.33;0.0;0.42;0.42;3.34;13.85;17.67;;;;;;BTP;CGC;;BERÇO BTP 1;71;1:00;71;2:50;71;5:25;71;19:20;71.0;20:30;71.0;22:15;1000;3.0
ComDragagem2035;6314;23.0;295.0;13.75;0;0;0;57;13:39;100.83;195.58;26.0;322.42;0.5;2.0;2.5;1.43;20.66;24.58;;;;;;BTP;CGC;;BERÇO BTP 2;71;0:05;71;1:55;71;2:35;71;23:15;72.0;2:30;72.0;4:15;4000;3.0
ComDragagem2035;6318;23.0;185.0;10.75;0;0;0;57;16:43;6.33;66.75;14.67;87.75;0.0;1.33;1.33;4.7;13.38;19.42;;;;;;DPW - CGC;CGC;;BERÇO DPW 3;61;8:30;61;10:05;61;14:02;62;3:25;62.0;5:30;62.0;6:40;1000;3.0
ComDragagem2035;6319;36.0;225.0;0.0;0;0;0;57;17:46;0.0;0.0;3.17;3.17;0.0;2.5;2.5;3.14;64.0;69.67;;;;;;DPW - CGNC;CGNC;;BERÇO DPW 4;57;21:00;57;22:35;58;0:58;60;17:00;60.0;20:15;60.0;21:25;55000;1.0
ComDragagem2035;6320;23.0;205.0;10.75;0;0;0;57;17:45;1.25;14.33;3.25;18.83;1.17;1.42;2.58;2.73;16.8;22.17;;;;;;SANTOSBR;CGC;;BERÇO TECON 1.1;58;12:35;58;13:50;58;15:48;59;8:40;59.0;12:00;59.0;13:10;1000;3.0
ComDragagem2035;6321;49.0;366.0;15.0;1;0;0;57;16:44;55.58;5.0;4.25;64.83;3.92;1.67;5.58;2.72;38.88;47.25;;;;;;SANTOSBR;CGC;;BERÇO TECON 3;60;9:35;60;10:55;60;12:53;62;3:50;62.0;10:10;62.0;11:25;12500;3.0
ComDragagem2035;6322;23.0;255.0;12.25;0;0;0;57;17:46;2.5;25.42;9.92;37.83;0.0;4.17;4.17;5.24;15.61;25.08;;;;;;SANTOSBR;CGC;;BERÇO TECON 3;59;7:40;59;8:55;59;13:24;60;5:05;60.0;10:00;60.0;11:10;3000;3.0
ComDragagem2035;6323;23.0;225.0;0.0;0;0;0;57;13:34;110.42;390.33;1.67;502.42;0.0;0.0;0.0;2.43;88.35;90.83;;;;;;TEAG;GSA - E;;BERÇO TEAG;78;12:00;78;13:10;78;14:50;82;7:15;82.0;8:00;82.0;8:45;70000;1.0
ComDragagem2035;6325;23.0;165.0;9.75;0;0;0;57;11:39;2.08;0.0;10.5;12.58;0.75;1.5;2.25;2.33;18.55;23.17;;;;;;TIPLAM - GL;GL;;BERÇO TIPLAM 1;58;0:15;58;2:20;58;3:54;58;22:30;59.0;1:30;59.0;4:00;18000;2.0
ComDragagem2035;6326;23.0;225.0;0.0;0;0;0;57;16:45;96.0;557.75;66.33;720.08;0.33;0.0;0.33;2.02;62.19;64.58;;;;;;TIPLAM - GSA - E;GSA - E;;BERÇO TIPLAM 3;87;16:50;87;19:25;87;20:41;90;10:55;90.0;12:00;90.0;14:00;70000;1.0
ComDragagem2035;6327;23.0;155.0;0.0;0;0;0;57;15:38;12.25;135.33;0.0;147.58;0.0;0.67;0.67;5.52;28.37;34.58;;;;;;TRANSPETRO;GL;;BERÇO AL 01;63;19:15;63;21:10;64;1:56;65;6:20;65.0;7:45;65.0;9:15;18000;1.0
ComDragagem2035;6328;23.0;185.0;0.0;0;0;0;57;15:41;14.17;143.67;1.5;159.33;0.0;0.0;0.0;2.59;29.94;32.58;;;;;;TRANSPETRO;GL;;BERÇO AL 02;64;7:05;64;9:00;64;10:50;65;16:50;65.0;17:35;65.0;19:05;35000;1.0
ComDragagem2035;6329;23.0;185.0;10.25;0;0;0;57;15:42;3.17;45.92;0.0;49.08;1.83;0.92;2.75;0.75;62.88;66.42;;;;;;VOPAK;GL;;BERÇO AL 03;59;16:50;59;18:25;59;18:25;62;9:20;62.0;12:50;62.0;14:40;35000;2.0
ComDragagem2035;6330;36.0;225.0;0.0;0;0;0;58;15:44;0.0;0.0;0.83;0.83;1.75;8.33;10.08;4.18;99.0;113.33;;;;;;ARAUCO;CGNC;;BERÇO ARAUCO 1;58;16:35;58;18:45;58;22:10;63;1:15;63.0;12:05;63.0;13:50;55000;1.0
ComDragagem2035;6331;23.0;225.0;0.0;0;0;0;58;19:50;4.75;49.25;2.5;56.5;0.0;0.0;0.0;4.66;51.12;55.83;;;;;;RUMO - GSA - E;GSA - E;;BERÇO RUMO 1;61;4:20;61;5:55;61;9:49;63;13:00;63.0;13:45;63.0;14:55;70000;1.0
ComDragagem2035;6332;23.0;135.0;7.75;0;0;0;58;18:50;31.0;253.67;45.67;330.33;0.0;0.0;0.0;4.11;20.71;24.83;;;;;;BTP;CGC;;BERÇO BTP 1;72;13:10;72;15:00;72;18:21;73;15:05;73.0;15:50;73.0;17:35;500;3.0
ComDragagem2035;6333;23.0;135.0;7.75;0;0;0;58;16:45;31.0;254.08;43.83;328.92;0.08;0.17;0.25;3.67;20.71;24.67;;;;;;BTP;CGC;;BERÇO BTP 2;72;9:40;72;11:30;72;14:25;73;11:10;73.0;12:10;73.0;13:55;500;3.0
ComDragagem2035;6334;23.0;215.0;9.75;0;0;0;58;16:45;31.0;251.67;36.58;319.25;0.0;2.0;2.0;4.41;13.85;20.33;;;;;;BTP;CGC;;BERÇO BTP 3;72;0:00;72;1:50;72;5:29;72;19:25;72.0;22:10;72.0;23:55;1000;3.0
ComDragagem2035;6335;23.0;215.0;9.75;0;0;0;58;14:42;29.17;250.42;36.58;316.17;0.0;1.5;1.5;2.58;13.85;18.0;;;;;;BTP;CGC;;BERÇO BTP 1;71;18:55;71;20:45;71;22:34;72;12:30;72.0;14:45;72.0;16:30;1000;3.0
ComDragagem2035;6336;23.0;185.0;10.25;0;0;0;58;19:52;32.83;277.5;45.67;356.0;0.67;8.67;9.33;3.67;13.85;26.92;;;;;;BTP;CGC;;BERÇO BTP 3;73;15:55;73;17:45;73;20:40;74;10:35;74.0;20:40;74.0;22:25;1000;3.0
ComDragagem2035;6337;23.0;275.0;13.75;0;0;0;58;18:50;31.0;261.83;45.67;338.5;0.0;0.58;0.58;2.72;14.7;18.0;;;;;;BTP;CGC;;BERÇO BTP 3;72;21:20;72;23:10;73;1:08;73;15:50;73.0;17:10;73.0;18:55;3000;3.0
ComDragagem2035;6341;23.0;165.0;8.75;0;0;0;58;19:49;0.0;0.0;3.0;3.0;0.0;1.42;1.42;3.5;12.03;17.0;;;;;;DOW;GL;;BERÇO DOW;58;22:50;58;23:35;59;2:20;59;14:25;59.0;16:35;59.0;17:35;18000;2.0
ComDragagem2035;6342;23.0;215.0;10.75;0;0;0;58;17:48;7.08;64.75;15.25;87.08;0.0;0.08;0.08;4.85;13.38;18.33;;;;;;DPW - CGC;CGC;;BERÇO DPW 3;62;8:55;62;10:30;62;14:36;63;4:00;63.0;4:50;63.0;6:00;1000;3.0
ComDragagem2035;6343;23.0;265.0;12.25;0;0;0;58;17:48;7.42;80.58;7.25;95.25;0.0;0.0;0.0;2.1;17.86;20.0;;;;;;DPW - CGC;CGC;;BERÇO DPW 2;62;17:05;62;18:45;62;20:06;63;14:00;63.0;14:45;63.0;16:20;3000;3.0
ComDragagem2035;6345;23.0;185.0;12.25;0;0;0;58;20:52;0.0;0.0;1.42;1.42;0.0;1.42;1.42;9.95;75.33;86.75;;;;;;HIDROVIAS;GSM - I;;BERÇO ARM 23;58;22:20;58;23:20;59;8:32;62;11:55;62.0;14:05;62.0;15:20;45000;2.0
ComDragagem2035;6346;23.0;215.0;10.75;0;0;0;58;18:48;1.25;5.83;13.17;20.25;0.0;1.17;1.17;4.12;16.8;22.08;;;;;;SANTOSBR;CGC;;BERÇO TECON 1.2;59;15:05;59;16:20;59;19:42;60;12:30;60.0;14:25;60.0;15:35;1000;3.0
ComDragagem2035;6347;23.0;255.0;12.25;0;0;0;58;17:47;2.5;23.75;12.42;38.67;0.0;0.17;0.17;3.62;15.61;19.42;;;;;;SANTOSBR;CGC;;BERÇO TECON 2;60;8:30;60;9:45;60;12:37;61;4:15;61.0;5:10;61.0;6:20;3000;3.0
ComDragagem2035;6348;23.0;175.0;11.25;0;0;0;58;15:46;7.08;88.58;0.0;95.67;1.83;0.58;2.42;5.36;59.07;66.92;;;;;;STOLTHAVEN;GL;;BERÇO AL 03;62;15:30;62;17:05;62;21:41;65;8:50;65.0;12:00;65.0;13:50;35000;2.0
ComDragagem2035;6350;23.0;225.0;0.0;0;0;0;58;16:51;6.58;96.58;2.83;106.0;0.75;0.42;1.17;2.81;39.92;43.92;;;;;;TGG;GSA - E;;BERÇO TGG;63;2:55;63;4:05;63;6:08;64;22:05;65.0;0:00;65.0;0:45;70000;1.0
ComDragagem2035;6351;23.0;225.0;0.0;0;0;0;58;20:56;96.0;551.92;66.33;714.25;0.0;0.0;0.0;1.97;62.19;64.17;;;;;;TIPLAM - GSA - E;GSA - E;;BERÇO TIPLAM 2;88;15:15;88;17:50;88;19:03;91;9:15;;;;;70000;1.0
ComDragagem2035;6352;23.0;185.0;0.0;0;0;0;58;20:54;14.17;137.33;5.08;156.58;0.0;0.0;0.0;2.19;29.94;32.17;;;;;;TRANSPETRO;GL;;BERÇO AL 01;65;9:30;65;11:25;65;12:51;66;18:50;66.0;19:35;66.0;21:05;35000;1.0
ComDragagem2035;6353;23.0;185.0;11.25;0;0;0;58;18:52;11.83;148.67;3.42;163.92;0.0;0.17;0.17;0.75;62.88;63.83;;;;;;VOPAK;GL;;BERÇO AL 03;65;14:50;65;16:25;65;16:25;68;7:20;68.0;8:15;68.0;10:05;35000;2.0
ComDragagem2035;6354;36.0;225.0;0.0;0;0;0;59;18:54;2.17;0.0;3.17;5.33;1.5;0.0;1.5;5.01;99.0;105.58;;;;;;ARAUCO;CGNC;;BERÇO ARAUCO 3;60;0:15;60;2:25;60;6:40;64;9:45;64.0;12:00;64.0;14:00;55000;1.0
ComDragagem2035;6355;23.0;275.0;12.75;0;0;0;59;21:55;0.0;0.0;0.0;0.0;0.0;2.08;2.08;2.58;15.61;20.33;;;;;;TECON10;CGC;;BERÇO TECON10 3;59;21:55;59;23:40;60;1:29;60;17:10;60.0;20:00;60.0;21:40;3000;3.0
ComDragagem2035;6356;23.0;255.0;0.0;0;0;0;59;20:51;0.5;0.0;1.0;1.5;0.0;0.25;0.25;4.25;111.5;116.0;;;;;;ADM;GSA - E;;BERÇO ARM 39;59;22:25;59;23:30;60;3:00;64;18:30;64.0;19:30;64.0;20:10;85000;1.0
ComDragagem2035;6357;23.0;215.0;10.75;0;0;0;59;22:58;32.0;282.75;41.25;356.0;0.0;5.17;5.17;2.46;13.85;21.5;;;;;;BTP;CGC;;BERÇO BTP 3;74;19:00;74;20:50;74;22:32;75;12:25;75.0;18:20;75.0;20:05;1000;3.0
ComDragagem2035;6358;23.0;215.0;10.25;0;0;0;59;20:55;31.0;264.08;41.25;336.33;0.0;3.08;3.08;2.82;13.85;19.75;;;;;;BTP;CGC;;BERÇO BTP 2;73;21:15;73;23:05;74;1:09;74;15:00;74.0;18:50;74.0;20:35;1000;3.0
ComDragagem2035;6359;23.0;245.0;14.25;0;0;0;59;20:55;31.0;257.33;41.25;329.58;1.67;1.42;3.08;3.23;14.7;21.08;;;;;;BTP;CGC;;BERÇO BTP 1;73;14:30;73;16:20;73;18:48;74;9:35;74.0;13:25;74.0;15:10;3000;3.0
ComDragagem2035;6363;23.0;205.0;11.75;0;0;0;59;23:37;5.83;58.67;15.17;79.67;0.0;1.67;1.67;2.53;13.38;17.58;;;;;;DPW - CGC;CGC;;BERÇO DPW 3;63;7:20;63;8:55;63;10:41;64;0:05;64.0;2:30;64.0;3:40;1000;3.0
ComDragagem2035;6364;23.0;195.0;0.0;0;0;0;59;23:57;162.0;442.75;35.75;640.5;1.0;2.17;3.17;3.22;37.2;43.58;;;;;;ELEVACOES;GSA - E;;BERÇO ARM 19;86;16:30;86;17:55;86;20:23;88;9:35;88.0;13:30;88.0;14:30;45000;1.0
ComDragagem2035;6365;23.0;225.0;0.0;0;0;0;59;23:57;164.42;442.33;35.75;642.5;1.08;1.42;2.5;9.5;53.25;65.25;;;;;;ELEVACOES;GSA - E;;BERÇO ARM 16/17;86;18:30;86;20:00;87;4:45;89;10:00;89.0;13:15;89.0;14:20;70000;1.0
ComDragagem2035;6366;23.0;205.0;11.75;0;0;0;59;21:57;0.0;0.17;0.0;0.17;0.0;1.08;1.08;1.9;16.8;19.83;;;;;;SANTOSBR;CGC;;BERÇO TECON 1.1;59;22:10;59;23:25;60;0:34;60;17:25;60.0;19:15;60.0;20:25;1000;3.0
ComDragagem2035;6367;23.0;205.0;11.75;0;0;0;59;22:16;1.25;7.67;6.58;15.5;1.17;0.92;2.08;2.9;16.8;21.83;;;;;;SANTOSBR;CGC;;BERÇO TECON 1.2;60;13:50;60;15:05;60;17:14;61;10:05;61.0;12:55;61.0;14:05;1000;3.0
ComDragagem2035;6368;23.0;275.0;12.75;0;0;0;59;21:57;2.5;21.5;6.58;30.58;0.75;1.17;1.92;2.41;15.61;20.0;;;;;;SANTOSBR;CGC;;BERÇO TECON 2;61;4:35;61;5:50;61;7:29;61;23:10;62.0;1:50;62.0;3:00;3000;3.0
ComDragagem2035;6369;43.0;339.0;14.0;0;0;0;59;22:13;3.08;33.83;7.17;44.08;0.0;0.25;0.25;2.55;25.92;28.75;;;;;;SANTOSBR;CGC;;BERÇO TECON 1/2;61;18:20;61;19:35;61;21:23;62;23:20;63.0;0:20;63.0;1:30;6000;3.0
ComDragagem2035;6370;38.0;250.0;0.0;0;0;0;59;18:52;213.58;326.25;3.33;543.17;0.0;0.33;0.33;2.88;114.65;117.92;;;;;;TEAG;GSA - E;;BERÇO TEAG;82;10:05;82;11:15;82;13:22;87;8:05;87.0;9:10;87.0;9:55;85000;1.0
ComDragagem2035;6371;23.0;165.0;9.75;0;0;0;59;18:59;2.08;0.0;2.92;5.0;0.0;0.0;0.0;4.5;18.55;23.08;;;;;;TIPLAM - GL;GL;;BERÇO TIPLAM 1;60;0:00;60;2:05;60;5:50;61;0:25;61.0;1:10;61.0;3:40;18000;2.0
ComDragagem2035;6372;23.0;185.0;12.25;0;0;0;59;23:47;10.42;148.17;7.0;165.58;1.83;5.0;6.83;2.03;29.94;38.83;;;;;;TRANSPETRO;GL;;BERÇO AL 01;66;21:25;66;23:00;67;0:16;68;6:15;68.0;13:50;68.0;15:40;35000;2.0
ComDragagem2035;6375;23.0;175.0;0.0;0;0;0;60;7:06;10.33;114.83;7.0;132.17;0.0;1.92;1.92;6.08;57.11;65.17;;;;;;STS;GL;;BERÇO AL 02;65;19:20;65;21:15;66;2:34;68;11:45;68.0;14:25;68.0;15:55;35000;1.0
ComDragagem2035;6376;23.0;255.0;9.25;0;0;0;60;1:03;0.0;2.83;2.17;5.0;1.67;8.83;10.5;2.86;15.61;29.0;;;;;;TECON10;CGC;;BERÇO TECON10 4;60;6:05;60;7:50;60;9:56;61;1:35;61.0;12:50;61.0;14:30;3000;3.0
ComDragagem2035;6377;23.0;225.0;0.0;0;0;0;60;1:04;5.5;81.08;4.08;90.67;0.0;0.92;0.92;5.01;51.12;57.08;;;;;;RUMO - GSA - E;GSA - E;;BERÇO RUMO 1;63;19:45;63;21:20;64;1:35;66;4:45;66.0;6:25;66.0;7:35;70000;1.0
ComDragagem2035;6378;23.0;215.0;8.75;0;0;0;60;1:04;31.0;283.33;41.25;355.58;0.0;0.92;0.92;3.23;13.85;18.0;;;;;;BTP;CGC;;BERÇO BTP 2;74;20:40;74;22:30;75;0:58;75;14:50;75.0;16:30;75.0;18:15;1000;3.0
ComDragagem2035;6381;23.0;195.0;7.25;0;0;0;60;1:02;5.75;64.83;16.75;87.33;0.0;0.17;0.17;2.04;13.38;15.58;;;;;;DPW - CGC;CGC;;BERÇO DPW 2;63;16:25;63;18:05;63;19:22;64;8:45;64.0;9:40;64.0;11:15;1000;3.0
ComDragagem2035;6382;23.0;185.0;8.25;0;0;0;60;3:07;7.08;71.42;18.33;96.83;1.17;2.42;3.58;2.01;13.38;19.0;;;;;;DPW - CGC;CGC;;BERÇO DPW 3;64;4:00;64;5:35;64;6:50;64;20:15;65.0;0:35;65.0;1:45;1000;3.0
ComDragagem2035;6383;23.0;245.0;8.75;0;0;0;60;0:01;4.75;59.33;11.42;75.5;0.0;1.42;1.42;2.12;17.86;21.42;;;;;;DPW - CGC;CGC;;BERÇO DPW 1;63;3:35;63;4:55;63;6:17;64;0:10;64.0;2:20;64.0;3:55;3000;3.0
ComDragagem2035;6384;23.0;295.0;9.75;0;0;0;60;1:02;7.42;85.25;10.83;103.5;0.58;4.08;4.67;3.19;21.93;29.83;;;;;;DPW - CGC;CGC;;BERÇO DPW 2;64;8:35;64;10:15;64;12:41;65;10:40;65.0;16:05;65.0;17:40;4000;3.0
ComDragagem2035;6385;23.0;175.0;0.0;0;0;0;60;0:02;63.17;605.5;43.0;711.67;0.0;0.0;0.0;2.77;27.04;29.83;;;;;;ELEVACOES;GSA - E;;BERÇO ARM 16/17;89;15:45;89;17:15;89;19:16;90;22:20;;;;;35000;1.0
ComDragagem2035;6387;23.0;225.0;8.75;0;0;0;60;3:10;0.0;0.0;3.42;3.42;0.0;0.0;0.0;2.98;49.28;52.33;;;;;;HIDROVIAS;GSM - I;;BERÇO ARM 22/23;60;6:35;60;7:40;60;9:53;62;11:15;62.0;12:00;62.0;13:20;70000;2.0
ComDragagem2035;6389;23.0;185.0;8.75;0;0;0;60;1:04;0.0;10.83;6.58;17.42;0.0;0.08;0.08;4.11;16.8;21.0;;;;;;SANTOSBR;CGC;;BERÇO TECON 1.1;60;18:30;60;19:45;60;23:06;61;15:55;61.0;16:45;61.0;17:55;1000;3.0
ComDragagem2035;6390;23.0;255.0;9.25;0;0;0;60;1:03;3.0;3.92;41.25;48.17;0.0;3.08;3.08;7.15;15.61;25.92;;;;;;SANTOSBR;CGC;;BERÇO TECON 2;62;1:15;62;2:30;62;8:54;63;0:35;63.0;4:25;63.0;5:35;3000;3.0
ComDragagem2035;6391;23.0;255.0;9.75;0;0;0;60;2:06;3.25;11.67;40.75;55.67;0.0;0.0;0.0;6.01;15.61;21.67;;;;;;SANTOSBR;CGC;;BERÇO TECON 3;62;9:50;62;11:05;62;16:20;63;8:00;63.0;8:45;63.0;9:55;3000;3.0
ComDragagem2035;6392;23.0;175.0;9.25;0;0;0;60;0:04;4.08;113.25;0.0;117.33;1.08;6.0;7.08;7.42;50.86;65.42;;;;;;TERMAG;GSM - I;;BERÇO TERMAG;64;21:25;64;22:15;65;4:55;67;7:50;67.0;15:40;67.0;16:45;35000;2.0
ComDragagem2035;6393;23.0;185.0;8.75;0;0;1;60;5:13;7.42;106.17;11.58;125.17;0.0;4.33;4.33;16.98;20.97;42.33;;;;;;TEV;RORO;;BERÇO TEV;65;10:25;65;11:45;66;3:58;67;1:00;67.0;6:05;67.0;7:20;1500;3.0
ComDragagem2035;6394;23.0;195.0;6.75;0;0;1;60;0:02;4.75;78.83;8.33;91.92;1.25;10.08;11.33;1.38;20.97;33.75;;;;;;TEV;RORO;;BERÇO TEV;63;20:00;63;21:20;63;21:57;64;19:00;65.0;7:05;65.0;8:20;1500;3.0
ComDragagem2035;6395;23.0;225.0;0.0;0;0;0;60;0:02;6.58;109.42;8.5;124.5;0.0;0.0;0.0;2.43;39.92;42.42;;;;;;TGG;GSA - E;;BERÇO TGG;65;4:35;65;5:45;65;7:25;66;23:25;67.0;0:10;67.0;0:55;70000;1.0
ComDragagem2035;6397;23.0;135.0;0.0;0;0;0;60;4:11;0.0;0.0;1.58;1.58;0.0;0.75;0.75;10.02;90.66;101.5;;;;;;USIMINAS;CGNC;;BERÇO USIMINAS 1;60;5:50;60;8:15;60;17:31;64;12:15;64.0;13:45;64.0;15:45;35000;1.0
ComDragagem2035;6398;49.0;366.0;15.0;1;0;0;61;5:14;5.83;0.0;0.92;6.75;24.0;6.17;30.17;2.35;38.88;71.42;;;;;;TECON10;CGC;;BERÇO TECON10 4;61;12:00;61;13:50;61;15:26;63;6:20;64.0;13:15;64.0;15:00;12500;3.0
ComDragagem2035;6399;23.0;255.0;0.0;0;0;0;61;5:09;8.67;111.92;3.83;124.42;0.0;0.0;0.0;4.71;111.5;116.25;;;;;;RUMO - GSA - E;GSA - E;;BERÇO RUMO 1;66;9:35;66;11:10;66;15:07;71;6:40;71.0;7:25;71.0;8:35;85000;1.0
ComDragagem2035;6400;23.0;155.0;0.0;0;0;0;61;4:10;0.0;0.0;5.92;5.92;1.08;10.0;11.08;1.19;45.88;58.17;;;;;;AGEO_TERMINAIS;GL;;BERÇO Ageo I;61;10:05;61;11:50;61;12:16;63;10:10;63.0;22:00;63.0;23:20;18000;1.0
ComDragagem2035;6401;23.0;185.0;0.0;0;0;0;61;3:08;0.0;0.0;0.92;0.92;0.58;5.42;6.0;1.14;64.43;71.58;;;;;;AGEO_TERMINAIS;GL;;BERÇO IB BC;61;4:05;61;5:50;61;6:13;63;22:40;64.0;5:25;64.0;6:45;35000;1.0
ComDragagem2035;6402;23.0;215.0;8.75;0;0;0;61;4:11;29.17;254.83;39.0;323.0;0.5;0.0;0.5;4.57;13.85;18.92;;;;;;BTP;CGC;;BERÇO BTP 1;74;15:15;74;17:05;74;20:54;75;10:45;75.0;12:00;75.0;13:45;1000;3.0
ComDragagem2035;6405;23.0;185.0;9.25;0;0;0;61;5:13;7.08;60.5;27.5;95.08;1.17;1.42;2.58;2.05;13.38;18.08;;;;;;DPW - CGC;CGC;;BERÇO DPW 3;65;4:20;65;5:55;65;7:13;65;20:40;66.0;0:00;66.0;1:10;1000;3.0
ComDragagem2035;6406;23.0;295.0;10.75;0;0;0;61;4:08;4.75;60.83;9.92;75.5;1.58;0.58;2.17;2.84;21.93;27.0;;;;;;DPW - CGC;CGC;;BERÇO DPW 1;64;7:40;64;9:00;64;11:05;65;9:05;65.0;12:00;65.0;13:35;4000;3.0
ComDragagem2035;6408;49.0;366.0;15.0;1;0;0;61;4:09;40.25;7.25;0.17;47.67;7.0;1.0;8.0;2.6;38.88;49.5;;;;;;SANTOSBR;CGC;;BERÇO TECON 2;63;3:50;63;5:10;63;7:01;64;21:55;65.0;6:40;65.0;7:55;12500;3.0
ComDragagem2035;6409;43.0;339.0;14.0;0;0;0;61;4:09;6.17;22.25;23.5;51.92;0.0;0.17;0.17;2.02;25.92;28.17;;;;;;SANTOSBR;CGC;;BERÇO TECON 3;63;8:05;63;9:20;63;10:36;64;12:35;64.0;13:30;64.0;14:40;6000;3.0
ComDragagem2035;6410;23.0;225.0;0.0;0;0;0;61;7:15;7.75;119.58;14.58;141.92;0.0;1.0;1.0;2.09;39.92;43.08;;;;;;TGG;GSA - E;;BERÇO TGG;67;5:10;67;6:20;67;7:40;68;23:40;69.0;1:25;69.0;2:10;70000;1.0
ComDragagem2035;6411;23.0;185.0;0.0;0;0;0;61;6:15;16.83;153.92;8.67;179.42;0.75;0.58;1.33;0.75;62.88;65.0;;;;;;VOPAK;GL;;BERÇO AL 02;68;17:40;68;19:35;68;19:35;71;10:30;71.0;12:35;71.0;14:05;35000;1.0
ComDragagem2035;6413;22.0;105.9;6.6;0;0;0;61;22:40;0.0;0.0;0.17;0.17;0.0;0.08;0.08;0.92;91.17;92.17;;;;;;SAIPEM;CGNC;;BERÇO SAIPEM 1;61;22:50;61;23:45;61;23:55;65;19:05;65.0;19:55;65.0;20:25;0;1.0
ComDragagem2035;6414;23.0;185.0;9.75;0;0;0;62;8:23;0.0;0.0;0.25;0.25;0.0;0.08;0.08;2.26;16.8;19.17;;;;;;TECON10;CGC;;BERÇO TECON10 2;62;8:40;62;10:25;62;11:55;63;4:45;63.0;5:35;63.0;7:15;1000;3.0
ComDragagem2035;6415;23.0;255.0;10.75;0;0;0;62;8:23;0.0;0.0;8.42;8.42;0.0;0.92;0.92;5.21;15.61;21.75;;;;;;TECON10;CGC;;BERÇO TECON10 1;62;16:50;62;18:35;62;23:02;63;14:40;63.0;16:20;63.0;18:00;3000;3.0
ComDragagem2035;6416;23.0;295.0;12.25;0;0;0;62;8:23;0.0;0.0;7.33;7.33;3.33;17.5;20.83;2.16;21.3;44.33;;;;;;TECON10;CGC;;BERÇO TECON10 3;62;15:45;62;17:30;62;18:54;63;16:15;64.0;13:50;64.0;15:30;4000;3.0
ComDragagem2035;6417;23.0;225.0;0.0;0;0;0;62;8:18;13.67;48.08;0.0;61.75;0.0;0.92;0.92;2.57;51.12;54.67;;;;;;ADM;GSA - E;;BERÇO ARM 39;64;22:05;64;23:10;65;0:59;67;4:10;67.0;5:50;67.0;6:30;70000;1.0
ComDragagem2035;6418;23.0;135.0;7.75;0;0;0;62;5:15;29.0;256.17;38.25;323.42;0.0;0.33;0.33;2.11;20.71;23.17;;;;;;BTP;CGC;;BERÇO BTP 3;75;16:40;75;18:30;75;19:51;76;16:35;76.0;17:40;76.0;19:25;500;3.0
ComDragagem2035;6419;23.0;295.0;11.75;0;0;0;62;5:15;29.0;254.25;38.25;321.5;0.0;0.08;0.08;2.1;20.66;22.92;;;;;;BTP;CGC;;BERÇO BTP 2;75;14:45;75;16:35;75;17:56;76;14:40;76.0;15:30;76.0;17:15;4000;3.0
ComDragagem2035;6420;23.0;215.0;9.25;0;0;0;62;6:17;4.0;50.67;25.17;79.83;0.0;0.0;0.0;2.92;13.38;16.33;;;;;;DPW - CGC;CGC;;BERÇO DPW 1;65;14:10;65;15:30;65;17:40;66;7:05;66.0;7:50;66.0;9:25;1000;3.0
ComDragagem2035;6421;23.0;265.0;10.75;0;0;0;62;9:25;5.0;60.92;11.75;77.67;0.0;0.25;0.25;1.81;17.86;19.92;;;;;;DPW - CGC;CGC;;BERÇO DPW 2;65;15:05;65;16:45;65;17:48;66;11:40;66.0;12:40;66.0;14:15;3000;3.0
ComDragagem2035;6422;23.0;195.0;9.25;0;0;0;62;6:19;1.25;0.0;18.25;19.5;0.0;1.75;1.75;4.12;16.8;22.67;;;;;;SANTOSBR;CGC;;BERÇO TECON 1.2;63;1:50;63;3:05;63;6:27;63;23:15;64.0;1:45;64.0;2:55;1000;3.0
ComDragagem2035;6423;23.0;185.0;9.75;0;0;0;62;8:23;1.25;0.0;24.83;26.08;1.17;2.92;4.08;3.31;16.8;24.25;;;;;;SANTOSBR;CGC;;BERÇO TECON 1.1;63;10:30;63;11:45;63;14:18;64;7:10;64.0;12:00;64.0;13:10;1000;3.0
ComDragagem2035;6424;23.0;255.0;10.75;0;0;0;62;8:23;2.5;13.92;39.58;56.0;0.25;0.0;0.25;2.46;15.61;18.33;;;;;;SANTOSBR;CGC;;BERÇO TECON 3;64;16:25;64;17:40;64;19:22;65;11:00;65.0;12:00;65.0;13:10;3000;3.0
ComDragagem2035;6425;23.0;225.0;0.0;0;0;0;62;7:19;248.58;349.5;5.25;603.33;0.0;0.0;0.0;3.43;88.35;91.83;;;;;;TEAG;GSA - E;;BERÇO TEAG;87;10:40;87;11:50;87;14:30;91;6:55;;;;;70000;1.0
ComDragagem2035;6427;23.0;225.0;0.0;0;0;0;62;7:20;90.08;530.83;57.83;678.75;0.0;0.0;0.0;9.79;62.19;72.0;;;;;;TIPLAM - GSA - E;GSA - E;;BERÇO TIPLAM 3;90;14:05;90;16:40;91;1:42;93;15:55;;;;;70000;1.0
ComDragagem2035;6429;23.0;185.0;9.75;0;0;0;62;10:25;11.33;127.17;7.08;145.58;0.0;0.17;0.17;0.75;62.88;63.83;;;;;;VOPAK;GL;;BERÇO AL 03;68;12:00;68;13:35;68;13:35;71;4:30;71.0;5:25;71.0;7:15;35000;2.0
ComDragagem2035;6430;23.0;195.0;9.75;0;0;0;63;11:31;0.0;0.0;0.67;0.67;1.25;0.08;1.33;3.9;16.8;22.08;;;;;;TECON10;CGC;;BERÇO TECON10 2;63;12:15;63;14:00;63;17:09;64;10:00;64.0;12:05;64.0;13:45;1000;3.0
ComDragagem2035;6431;23.0;265.0;11.25;0;0;0;63;13:35;0.0;5.5;0.42;5.92;0.0;0.92;0.92;4.36;15.61;20.92;;;;;;TECON10;CGC;;BERÇO TECON10 1;63;19:30;63;21:15;64;0:51;64;16:30;64.0;18:10;64.0;19:50;3000;3.0
ComDragagem2035;6432;23.0;175.0;10.25;0;0;0;63;12:35;1.42;0.0;25.83;27.25;0.92;0.42;1.33;1.39;64.43;67.17;;;;;;AGEO_TERMINAIS;GL;;BERÇO Ageo I;64;15:50;64;17:15;64;17:53;67;10:20;67.0;12:25;67.0;14:05;35000;2.0
ComDragagem2035;6433;23.0;215.0;9.25;0;0;0;63;9:25;29.0;260.42;34.5;323.92;0.0;0.17;0.17;3.35;13.85;17.42;;;;;;BTP;CGC;;BERÇO BTP 1;76;21:20;76;23:10;77;1:46;77;15:40;77.0;16:35;77.0;18:20;1000;3.0
ComDragagem2035;6434;23.0;305.0;12.25;0;0;0;63;8:24;96.58;173.17;23.67;293.42;0.17;6.0;6.17;3.63;20.66;30.5;;;;;;BTP;CGC;;BERÇO BTP 1;75;13:50;75;15:40;75;18:32;76;15:15;76.0;22:10;76.0;23:55;4000;3.0
ComDragagem2035;6436;23.0;165.0;8.25;0;0;0;63;14:37;0.0;0.0;5.58;5.58;0.0;3.83;3.83;4.82;12.03;20.75;;;;;;DOW;GL;;BERÇO DOW;63;20:15;63;21:00;64;1:04;64;13:10;64.0;17:45;64.0;18:45;18000;2.0
ComDragagem2035;6437;23.0;185.0;10.25;0;0;0;63;12:33;5.0;46.33;20.75;72.08;0.0;0.58;0.58;1.94;13.38;15.92;;;;;;DPW - CGC;CGC;;BERÇO DPW 2;66;12:40;66;14:20;66;15:31;67;4:55;67.0;6:15;67.0;7:50;1000;3.0
ComDragagem2035;6438;23.0;255.0;11.25;0;0;0;63;12:33;4.75;42.42;15.25;62.42;0.0;4.92;4.92;3.0;17.86;25.83;;;;;;DPW - CGC;CGC;;BERÇO DPW 3;66;3:00;66;4:35;66;6:50;67;0:45;67.0;6:25;67.0;7:35;3000;3.0
ComDragagem2035;6439;23.0;295.0;12.75;0;0;0;63;12:35;6.67;70.42;11.0;88.08;0.0;1.75;1.75;1.84;21.93;25.58;;;;;;DPW - CGC;CGC;;BERÇO DPW 2;67;4:40;67;6:20;67;7:25;68;5:25;68.0;7:55;68.0;9:30;4000;3.0
ComDragagem2035;6440;23.0;185.0;10.25;0;0;0;63;13:36;1.25;10.92;7.33;19.5;0.0;0.08;0.08;2.78;16.8;19.67;;;;;;SANTOSBR;CGC;;BERÇO TECON 1.2;64;9:10;64;10:25;64;12:26;65;5:15;65.0;6:05;65.0;7:15;1000;3.0
ComDragagem2035;6441;23.0;225.0;0.0;0;0;0;63;10:25;11.08;33.58;2.67;47.33;0.0;0.25;0.25;1.12;78.07;79.5;;;;;;TEG;GSA - E;;BERÇO TEG;65;9:45;65;10:55;65;11:17;68;17:25;68.0;18:25;68.0;19:10;70000;1.0
ComDragagem2035;6442;23.0;185.0;9.25;0;0;1;63;10:32;5.33;81.67;7.67;94.67;1.25;2.58;3.83;2.23;20.97;27.08;;;;;;TEV;RORO;;BERÇO TEV;67;9:15;67;10:35;67;12:03;68;9:05;68.0;13:40;68.0;14:55;1500;3.0
ComDragagem2035;6444;23.0;175.0;0.0;0;0;0;63;13:32;12.75;107.42;7.0;127.17;0.0;1.92;1.92;2.58;29.94;34.5;;;;;;TRANSPETRO;GL;;BERÇO AL 01;68;20:45;68;22:40;69;0:29;70;6:30;70.0;9:10;70.0;10:40;35000;1.0
ComDragagem2035;6445;23.0;285.0;0.0;0;0;0;63;10:28;1.92;0.0;19.67;21.58;0.0;0.5;0.5;0.75;53.08;54.33;;;;;;TRSP;GL;;BERÇO TRSP;64;8:05;64;10:00;64;10:00;66;15:05;66.0;16:20;66.0;17:50;76500;1.0
ComDragagem2035;6447;23.0;205.0;10.25;0;0;0;64;15:41;0.0;0.42;0.0;0.42;3.33;20.58;23.92;2.13;16.8;42.92;;;;;;TECON10;CGC;;BERÇO TECON10 2;64;16:10;64;17:55;64;19:17;65;12:10;66.0;12:50;66.0;14:30;1000;3.0
ComDragagem2035;6448;23.0;265.0;11.75;0;0;0;64;16:42;0.0;0.33;0.0;0.33;0.0;1.0;1.0;4.86;15.61;21.5;;;;;;TECON10;CGC;;BERÇO TECON10 1;64;17:05;64;18:50;64;22:56;65;14:35;65.0;16:20;65.0;18:00;3000;3.0
ComDragagem2035;6449;23.0;225.0;0.0;0;0;0;64;13:32;15.83;141.42;7.33;164.58;0.0;0.17;0.17;3.3;51.12;54.58;;;;;;RUMO - GSA - E;GSA - E;;BERÇO RUMO 1;71;10:10;71;11:45;71;14:18;73;17:25;73.0;18:20;73.0;19:30;70000;1.0
ComDragagem2035;6450;23.0;225.0;0.0;0;0;0;64;14:35;22.5;42.67;2.92;68.08;0.0;0.67;0.67;2.69;51.12;54.5;;;;;;ADM;GSA - E;;BERÇO ARM 39;67;10:40;67;11:45;67;13:41;69;16:50;69.0;18:15;69.0;18:55;70000;1.0
ComDragagem2035;6451;23.0;135.0;7.75;0;0;0;64;12:36;29.0;258.5;32.33;319.83;0.0;0.0;0.0;5.53;20.71;26.25;;;;;;BTP;CGC;;BERÇO BTP 2;77;20:30;77;22:20;78;3:06;78;23:50;79.0;0:35;79.0;2:20;500;3.0
ComDragagem2035;6452;23.0;185.0;9.75;0;0;0;64;12:36;29.0;253.0;32.33;314.33;0.0;0.25;0.25;2.33;13.85;16.5;;;;;;BTP;CGC;;BERÇO BTP 1;77;15:00;77;16:50;77;18:24;78;8:20;78.0;9:20;78.0;11:05;1000;3.0
ComDragagem2035;6453;23.0;215.0;9.25;0;0;0;64;12:35;27.17;233.5;32.33;293.0;0.0;0.0;0.0;3.63;13.85;17.5;;;;;;BTP;CGC;;BERÇO BTP 3;76;17:35;76;19:25;76;22:17;77;12:10;77.0;12:55;77.0;14:40;1000;3.0
ComDragagem2035;6454;23.0;275.0;13.25;0;0;0;64;14:41;29.0;247.92;32.33;309.25;0.0;0.0;0.0;11.22;14.7;25.92;;;;;;BTP;CGC;;BERÇO BTP 3;77;12:00;77;13:50;78;0:18;78;15:00;78.0;15:45;78.0;17:30;3000;3.0
ComDragagem2035;6455;23.0;305.0;12.75;0;0;0;64;11:33;93.0;175.33;21.83;290.17;1.17;7.17;8.33;1.54;20.66;30.58;;;;;;BTP;CGC;;BERÇO BTP 2;76;13:45;76;15:35;76;16:22;77;13:05;77.0;22:10;77.0;23:55;4000;3.0
ComDragagem2035;6459;23.0;205.0;10.75;0;0;0;64;16:44;8.42;60.0;17.75;86.17;0.0;0.17;0.17;3.22;13.38;16.83;;;;;;DPW - CGC;CGC;;BERÇO DPW 2;68;6:55;68;8:35;68;11:03;69;0:30;69.0;1:25;69.0;3:00;1000;3.0
ComDragagem2035;6460;23.0;185.0;10.75;0;0;0;64;16:42;9.67;61.33;29.83;100.83;0.0;0.33;0.33;2.68;13.38;16.42;;;;;;DPW - CGC;CGC;;BERÇO DPW 3;68;21:35;68;23:10;69;1:05;69;14:30;69.0;15:35;69.0;16:45;1000;3.0
ComDragagem2035;6461;23.0;275.0;11.25;0;0;0;64;13:36;2.67;39.58;2.58;44.83;1.58;5.67;7.25;2.65;17.86;27.83;;;;;;DPW - CGC;CGC;;BERÇO DPW 1;66;10:30;66;11:50;66;13:44;67;7:40;67.0;15:40;67.0;17:15;3000;3.0
ComDragagem2035;6462;23.0;255.0;11.75;0;0;0;64;15:42;4.75;44.33;16.17;65.25;0.0;1.17;1.17;2.42;17.86;21.5;;;;;;DPW - CGC;CGC;;BERÇO DPW 3;67;9:00;67;10:35;67;12:15;68;6:10;68.0;8:05;68.0;9:15;3000;3.0
ComDragagem2035;6463;23.0;255.0;11.75;0;0;0;64;15:42;4.0;49.17;17.75;70.92;0.0;1.58;1.58;2.07;17.86;21.58;;;;;;DPW - CGC;CGC;;BERÇO DPW 1;67;14:40;67;16:00;67;17:19;68;11:15;68.0;13:35;68.0;15:10;3000;3.0
ComDragagem2035;6464;23.0;305.0;13.25;0;0;0;64;16:44;7.42;79.83;4.5;91.75;0.0;0.92;0.92;2.88;21.93;25.75;;;;;;DPW - CGC;CGC;;BERÇO DPW 1;68;12:30;68;13:50;68;15:57;69;13:55;69.0;15:35;69.0;17:10;4000;3.0
ComDragagem2035;6466;23.0;195.0;10.75;0;0;0;64;17:44;0.0;4.08;0.0;4.08;0.0;3.08;3.08;11.2;16.8;31.08;;;;;;SANTOSBR;CGC;;BERÇO TECON 1.1;64;21:50;64;23:05;65;9:32;66;2:20;66.0;6:10;66.0;7:20;1000;3.0
ComDragagem2035;6467;38.0;250.0;0.0;0;0;0;64;13:32;51.92;48.58;2.0;102.5;0.0;0.0;0.0;0.91;110.17;111.08;;;;;;TEG;GSA - E;;BERÇO TEG;68;20:05;68;21:15;68;21:24;73;11:35;73.0;12:20;73.0;13:05;85000;1.0
ComDragagem2035;6468;23.0;195.0;9.25;0;0;1;64;13:41;8.67;84.42;9.0;102.08;1.25;1.67;2.92;2.94;20.97;26.83;;;;;;TEV;RORO;;BERÇO TEV;68;19:50;68;21:10;68;23:21;69;20:20;70.0;0:00;70.0;1:15;1500;3.0
ComDragagem2035;6469;23.0;235.0;8.75;0;0;1;64;13:41;11.58;109.75;12.0;133.33;0.0;4.92;4.92;2.16;19.52;26.67;;;;;;TEV;RORO;;BERÇO TEV;70;3:05;70;4:25;70;5:49;71;1:25;71.0;7:05;71.0;8:20;5000;3.0
ComDragagem2035;6471;23.0;175.0;0.0;0;0;0;64;17:45;15.83;117.25;11.25;144.33;0.0;0.25;0.25;5.45;29.94;35.67;;;;;;TRANSPETRO;GL;;BERÇO AL 01;70;18:05;70;20:00;71;0:42;72;6:40;72.0;7:40;72.0;9:10;35000;1.0
ComDragagem2035;6473;14.0;59.25;4.0;0;0;0;64;20:00;0.0;0.0;2.33;2.33;0.0;0.0;0.0;0.83;5.67;6.5;;;;;;SAIPEM;CGNC;;BERÇO SAIPEM 2;64;22:20;64;23:15;64;23:19;65;5:00;65.0;5:45;65.0;6:15;0;1.0
ComDragagem2035;6474;36.0;225.0;0.0;0;0;0;65;16:46;2.17;0.0;7.58;9.75;0.0;1.0;1.0;6.68;99.0;106.75;;;;;;ARAUCO;CGNC;;BERÇO ARAUCO 1;66;2:35;66;4:45;66;10:40;70;13:45;70.0;15:30;70.0;17:15;55000;1.0
ComDragagem2035;6475;23.0;205.0;11.25;0;0;0;65;19:52;1.75;0.0;2.75;4.5;1.67;0.58;2.25;2.74;16.8;21.83;;;;;;TECON10;CGC;;BERÇO TECON10 1;66;0:25;66;2:10;66;4:09;66;21:00;67.0;0:00;67.0;1:40;1000;3.0
ComDragagem2035;6476;23.0;185.0;10.75;0;0;0;65;16:47;0.0;0.0;1.5;1.5;1.0;2.42;3.42;1.15;64.43;69.0;;;;;;AGEO_TERMINAIS;GL;;BERÇO IB BC;65;18:20;65;19:45;65;20:09;68;12:35;68.0;16:45;68.0;18:25;35000;2.0
ComDragagem2035;6477;23.0;135.0;7.75;0;0;0;65;14:42;29.0;243.83;32.08;304.92;0.0;0.25;0.25;3.24;20.71;24.25;;;;;;BTP;CGC;;BERÇO BTP 1;78;7:40;78;9:30;78;11:59;79;8:45;79.0;9:45;79.0;11:30;500;3.0
ComDragagem2035;6478;23.0;185.0;10.25;0;0;0;65;19:52;31.5;264.25;39.92;335.67;0.25;1.42;1.67;2.09;13.85;17.67;;;;;;BTP;CGC;;BERÇO BTP 3;79;19:35;79;21:25;79;22:45;80;12:40;80.0;15:05;80.0;16:50;1000;3.0
ComDragagem2035;6479;23.0;185.0;10.25;0;0;0;65;18:52;31.25;255.58;39.08;325.92;0.25;1.08;1.33;8.27;13.85;23.5;;;;;;BTP;CGC;;BERÇO BTP 1;79;8:50;79;10:40;79;18:11;80;8:05;80.0;10:10;80.0;11:55;1000;3.0
ComDragagem2035;6480;23.0;185.0;10.25;0;0;0;65;19:53;39.58;269.5;39.92;349.0;0.0;1.42;1.42;1.83;13.85;17.17;;;;;;BTP;CGC;;BERÇO BTP 1;80;8:55;80;10:45;80;11:49;81;1:45;81.0;3:55;81.0;5:40;1000;3.0
ComDragagem2035;6481;23.0;275.0;13.25;0;0;0;65;14:42;29.0;254.92;32.17;316.08;0.0;0.0;0.0;4.41;14.7;19.17;;;;;;BTP;CGC;;BERÇO BTP 3;78;18:50;78;20:40;79;0:19;79;15:05;79.0;15:50;79.0;17:35;3000;3.0
ComDragagem2035;6482;23.0;295.0;14.25;0;0;0;65;18:52;98.67;199.67;24.92;323.25;2.25;1.58;3.83;3.61;20.66;28.17;;;;;;BTP;CGC;;BERÇO BTP 2;79;6:10;79;8:00;79;10:51;80;7:35;80.0;12:10;80.0;13:55;4000;3.0
ComDragagem2035;6485;23.0;135.0;8.25;0;0;0;65;17:46;9.92;43.17;25.33;78.42;0.0;0.33;0.33;2.59;12.93;15.92;;;;;;DPW - CGC;CGC;;BERÇO DPW 2;69;0:15;69;1:55;69;3:45;69;16:45;69.0;17:50;69.0;19:25;500;3.0
ComDragagem2035;6486;23.0;215.0;10.75;0;0;0;65;17:46;9.92;62.75;25.75;98.42;0.0;0.0;0.0;1.61;13.38;15.0;;;;;;DPW - CGC;CGC;;BERÇO DPW 2;69;20:15;69;21:55;69;22:46;70;12:10;70.0;12:55;70.0;14:30;1000;3.0
ComDragagem2035;6487;23.0;215.0;10.75;0;0;0;65;17:48;9.67;63.17;25.83;98.67;0.0;0.5;0.5;3.82;13.38;17.75;;;;;;DPW - CGC;CGC;;BERÇO DPW 3;69;20:30;69;22:05;70;1:09;70;14:35;70.0;15:50;70.0;17:00;1000;3.0
ComDragagem2035;6488;23.0;255.0;12.25;0;0;0;65;17:46;8.92;64.58;26.08;99.58;0.0;0.0;0.0;3.1;17.86;21.0;;;;;;DPW - CGC;CGC;;BERÇO DPW 1;69;21:25;69;22:45;70;1:06;70;19:00;70.0;19:45;70.0;21:20;3000;3.0
ComDragagem2035;6489;23.0;265.0;12.25;0;0;0;65;17:48;11.58;97.67;4.92;114.17;1.58;0.58;2.17;2.26;17.86;22.33;;;;;;DPW - CGC;CGC;;BERÇO DPW 2;70;12:00;70;13:40;70;15:10;71;9:05;71.0;12:00;71.0;13:35;3000;3.0
ComDragagem2035;6491;36.0;225.0;0.0;0;0;0;65;20:58;1.25;0.0;5.0;6.25;1.67;3.42;5.08;3.92;50.0;59.0;;;;;;SUZANO;CGNC;;BERÇO ARM 32;66;3:15;66;4:30;66;7:40;68;9:40;68.0;15:30;68.0;16:20;55000;1.0
ComDragagem2035;6493;23.0;205.0;11.25;0;0;0;65;19:52;0.0;0.0;2.5;2.5;1.17;2.92;4.08;3.45;16.8;24.33;;;;;;SANTOSBR;CGC;;BERÇO TECON 1.2;65;22:25;65;23:40;66;2:22;66;19:10;67.0;0:00;67.0;1:10;1000;3.0
ComDragagem2035;6494;23.0;215.0;11.25;0;0;0;65;20:52;1.25;0.0;7.17;8.42;0.0;4.33;4.33;2.14;16.8;23.33;;;;;;SANTOSBR;CGC;;BERÇO TECON 1.1;66;5:20;66;6:35;66;7:58;67;0:50;67.0;5:55;67.0;7:05;1000;3.0
ComDragagem2035;6495;23.0;265.0;12.75;0;0;0;65;20:52;1.25;0.0;13.83;15.08;1.17;4.08;5.25;2.33;15.61;23.25;;;;;;SANTOSBR;CGC;;BERÇO TECON 2;66;12:00;66;13:15;66;14:49;67;6:30;67.0;12:30;67.0;13:40;3000;3.0
ComDragagem2035;6499;23.0;165.0;9.75;0;0;0;65;18:52;0.0;0.0;2.67;2.67;0.0;0.0;0.0;0.75;41.58;42.33;;;;;;VOPAK;GL;;BERÇO AL 04;65;21:35;65;23:10;65;23:10;67;16:45;67.0;17:30;67.0;19:20;18000;2.0
ComDragagem2035;6500;23.0;185.0;11.75;0;0;0;65;19:59;14.25;110.0;8.42;132.67;0.0;1.92;1.92;0.75;62.88;65.58;;;;;;VOPAK;GL;;BERÇO AL 03;71;8:40;71;10:15;71;10:15;74;1:10;74.0;3:50;74.0;5:40;35000;2.0
ComDragagem2035;6501;23.0;205.0;11.75;0;0;0;66;22:59;1.0;0.0;3.42;4.42;1.17;0.83;2.0;2.37;16.8;21.17;;;;;;TECON10;CGC;;BERÇO TECON10 4;67;3:25;67;5:10;67;6:47;67;23:35;68.0;2:20;68.0;4:00;1000;3.0
ComDragagem2035;6502;49.0;366.0;15.0;1;0;0;66;22:59;54.5;1.5;2.42;58.42;33.83;9.5;43.33;2.54;38.88;84.75;;;;;;TECON10;CGC;;BERÇO TECON10 2;69;9:25;69;11:15;69;13:02;71;3:55;73.0;0:00;73.0;1:45;12500;3.0
ComDragagem2035;6503;23.0;275.0;12.75;0;0;0;66;21:56;1.75;0.0;4.58;6.33;0.67;0.0;0.67;2.9;15.61;19.25;;;;;;TECON10;CGC;;BERÇO TECON10 2;67;4:20;67;6:05;67;8:14;67;23:55;68.0;1:20;68.0;3:00;3000;3.0
ComDragagem2035;6504;23.0;295.0;13.75;0;0;0;66;21:56;1.75;0.0;10.42;12.17;0.42;1.75;2.17;2.31;21.3;25.83;;;;;;TECON10;CGC;;BERÇO TECON10 1;67;10:10;67;11:55;67;13:28;68;10:50;68.0;13:45;68.0;15:25;4000;3.0
ComDragagem2035;6505;43.0;339.0;14.0;0;0;0;66;23:29;0.5;0.0;8.75;9.25;1.17;0.0;1.17;2.33;25.92;29.42;;;;;;TECON10;CGC;;BERÇO TECON10 3;67;8:45;67;10:30;67;12:04;68;14:00;68.0;15:55;68.0;17:35;6000;3.0
ComDragagem2035;6506;23.0;255.0;0.0;0;0;0;66;23:44;45.5;23.08;1.83;70.42;0.0;0.0;0.0;2.66;111.5;114.17;;;;;;ADM;GSA - E;;BERÇO ARM 39;69;22:10;69;23:15;70;1:09;74;16:40;74.0;17:25;74.0;18:05;85000;1.0
ComDragagem2035;6507;36.0;225.0;0.0;0;0;0;66;18:55;0.0;0.0;3.83;3.83;0.0;1.0;1.0;2.24;99.66;102.92;;;;;;BRACELL;CGNC;;BERÇO ARM 35P1;66;22:45;66;23:55;67;1:24;71;5:05;71.0;6:50;71.0;7:35;55000;1.0
ComDragagem2035;6508;23.0;135.0;7.75;0;0;0;66;20:56;38.92;250.58;40.42;329.92;0.0;0.5;0.5;4.63;20.71;25.83;;;;;;BTP;CGC;;BERÇO BTP 2;80;14:55;80;16:45;80;20:37;81;17:20;81.0;18:35;81.0;20:20;500;3.0
ComDragagem2035;6509;23.0;215.0;10.75;0;0;0;66;22:59;39.92;260.67;46.25;346.83;0.0;0.58;0.58;4.28;13.85;18.75;;;;;;BTP;CGC;;BERÇO BTP 1;81;9:50;81;11:40;81;15:11;82;5:05;82.0;6:25;82.0;8:10;1000;3.0
ComDragagem2035;6510;23.0;195.0;11.75;0;0;0;66;23:00;39.92;264.33;48.08;352.33;0.83;0.83;1.67;4.15;13.85;19.67;;;;;;BTP;CGC;;BERÇO BTP 3;81;15:20;81;17:10;81;20:34;82;10:25;82.0;12:50;82.0;14:35;1000;3.0
ComDragagem2035;6511;23.0;295.0;14.25;0;0;0;66;20:56;104.08;197.92;27.25;329.25;1.08;1.17;2.25;1.79;20.66;24.75;;;;;;BTP;CGC;;BERÇO BTP 3;80;14:15;80;16:05;80;17:07;81;13:50;81.0;16:50;81.0;18:35;4000;3.0
ComDragagem2035;6513;23.0;215.0;11.25;0;0;0;66;21:56;10.83;63.17;17.42;91.42;1.17;8.92;10.08;2.08;13.38;25.58;;;;;;DPW - CGC;CGC;;BERÇO DPW 3;70;17:25;70;19:00;70;20:19;71;9:45;71.0;20:35;71.0;21:45;1000;3.0
ComDragagem2035;6514;23.0;205.0;11.75;0;0;0;66;22:00;10.33;64.83;17.67;92.83;0.0;8.33;8.33;2.48;13.38;24.25;;;;;;DPW - CGC;CGC;;BERÇO DPW 1;70;18:50;70;20:10;70;21:53;71;11:20;71.0;20:25;71.0;22:00;1000;3.0
ComDragagem2035;6515;36.0;225.0;0.0;0;0;0;66;21:58;0.0;0.0;0.0;0.0;0.0;0.67;0.67;1.7;64.0;66.42;;;;;;DPW - CGNC;CGNC;;BERÇO DPW 4;66;22:00;66;23:35;67;0:32;69;16:35;69.0;18:00;69.0;19:10;55000;1.0
ComDragagem2035;6516;23.0;195.0;12.25;0;0;0;66;22:57;1.0;0.0;3.67;4.67;1.25;3.75;5.0;2.44;75.33;82.83;;;;;;HIDROVIAS;GSM - I;;BERÇO ARM 23;67;3:40;67;4:40;67;6:21;70;9:45;70.0;15:30;70.0;16:45;45000;2.0
ComDragagem2035;6517;23.0;205.0;11.75;0;0;0;66;21:57;1.25;0.0;11.17;12.42;1.17;6.08;7.25;1.55;16.8;25.67;;;;;;SANTOSBR;CGC;;BERÇO TECON 1.2;67;10:25;67;11:40;67;12:28;68;5:20;68.0;13:20;68.0;14:30;1000;3.0
ComDragagem2035;6518;23.0;215.0;11.25;0;0;0;66;20:54;1.25;0.0;6.75;8.0;2.0;9.0;11.0;5.79;16.8;33.58;;;;;;SANTOSBR;CGC;;BERÇO TECON 1.1;67;4:55;67;6:10;67;11:12;68;4:00;68.0;15:45;68.0;16:55;1000;3.0
ComDragagem2035;6519;23.0;275.0;13.25;0;0;0;66;22:59;4.42;17.0;10.75;32.17;0.0;2.33;2.33;4.49;15.61;22.5;;;;;;SANTOSBR;CGC;;BERÇO TECON 3;68;7:10;68;8:25;68;12:09;69;3:50;69.0;6:55;69.0;8:05;3000;3.0
ComDragagem2035;6520;23.0;275.0;12.75;0;0;0;66;20:54;1.25;0.0;11.33;12.58;0.0;2.67;2.67;2.66;15.61;21.0;;;;;;SANTOSBR;CGC;;BERÇO TECON 3;67;9:30;67;10:45;67;12:39;68;4:20;68.0;7:45;68.0;8:55;3000;3.0
ComDragagem2035;6521;23.0;295.0;13.75;0;0;0;66;20:54;1.25;1.25;12.58;15.08;2.67;9.08;11.75;2.99;21.3;36.08;;;;;;SANTOSBR;CGC;;BERÇO TECON 2;67;12:00;67;13:15;67;15:29;68;12:50;69.0;1:20;69.0;2:30;4000;3.0
ComDragagem2035;6524;23.0;195.0;10.25;0;0;1;66;22:06;11.67;84.58;12.0;108.25;0.33;2.5;2.83;2.94;20.97;26.75;;;;;;TEV;RORO;;BERÇO TEV;71;10:25;71;11:45;71;13:56;72;10:55;72.0;14:30;72.0;15:45;1500;3.0
ComDragagem2035;6525;23.0;185.0;12.25;0;0;0;66;21:59;11.42;57.0;13.0;81.42;0.0;2.0;2.0;2.91;85.0;89.92;;;;;;TIPLAM - GSM - I;GSM - I;;BERÇO TIPLAM 4;70;7:25;70;9:30;70;11:39;74;0:40;74.0;3:25;74.0;5:55;45000;2.0
ComDragagem2035;6526;23.0;175.0;10.25;0;0;0;66;19:55;0.0;0.0;1.25;1.25;0.0;1.17;1.17;4.23;72.19;77.58;;;;;;TIPLAM - GSM - I;GSM - I;;BERÇO TIPLAM 4;66;21:10;66;23:15;67;2:43;70;2:55;70.0;4:50;70.0;7:20;35000;2.0
ComDragagem2035;6527;23.0;225.0;13.75;0;0;0;66;19:55;2.58;0.0;9.42;12.0;0.0;0.0;0.0;10.64;104.45;115.08;;;;;;TIPLAM - GSM - I;GSM - I;;BERÇO TIPLAM 1;67;7:55;67;10:30;67;20:23;72;4:50;72.0;5:35;72.0;7:35;70000;2.0
ComDragagem2035;6528;23.0;185.0;11.25;0;0;0;66;22:57;12.08;91.0;9.33;112.42;0.0;0.17;0.17;9.3;29.94;39.42;;;;;;TRANSPETRO;GL;;BERÇO AL 02;71;15:25;71;17:00;72;1:33;73;7:30;73.0;8:25;73.0;10:15;35000;2.0
ComDragagem2035;6529;36.0;225.0;0.0;0;0;0;67;0:02;0.0;0.0;2.83;2.83;1.75;10.75;12.5;1.58;99.0;113.08;;;;;;ARAUCO;CGNC;;BERÇO ARAUCO 2;67;2:55;67;5:05;67;5:54;71;8:55;71.0;22:10;71.0;23:55;55000;1.0
ComDragagem2035;6530;23.0;215.0;8.25;0;0;0;67;1:03;3.42;10.25;15.0;28.67;1.67;10.25;11.92;3.59;16.8;32.33;;;;;;TECON10;CGC;;BERÇO TECON10 4;68;5:45;68;7:30;68;10:20;69;3:10;69.0;15:50;69.0;17:30;1000;3.0
ComDragagem2035;6531;23.0;195.0;8.25;0;0;0;67;1:02;3.42;15.0;16.75;35.17;1.67;0.25;1.92;3.23;16.8;22.0;;;;;;TECON10;CGC;;BERÇO TECON10 1;68;12:15;68;14:00;68;16:28;69;9:20;69.0;12:00;69.0;13:40;1000;3.0
ComDragagem2035;6532;23.0;265.0;8.75;0;0;0;67;0:01;3.42;10.25;14.83;28.5;0.0;0.42;0.42;3.21;15.61;19.25;;;;;;TECON10;CGC;;BERÇO TECON10 2;68;4:35;68;6:20;68;8:47;69;0:25;69.0;1:35;69.0;3:15;3000;3.0
ComDragagem2035;6533;23.0;295.0;9.75;0;0;0;67;1:02;6.67;32.33;27.92;66.92;3.33;11.17;14.5;2.62;21.3;38.42;;;;;;TECON10;CGC;;BERÇO TECON10 4;69;20:00;69;21:45;69;23:37;70;20:55;71.0;12:10;71.0;13:50;4000;3.0
ComDragagem2035;6534;23.0;155.0;0.0;0;0;0;67;3:06;0.0;0.0;11.25;11.25;1.33;7.83;9.17;1.37;45.88;56.42;;;;;;AGEO_TERMINAIS;GL;;BERÇO Ageo I;67;14:25;67;16:10;67;16:47;69;14:40;70.0;0:35;70.0;1:55;18000;1.0
ComDragagem2035;6535;36.0;225.0;0.0;0;0;0;67;1:04;0.0;0.0;13.83;13.83;0.83;3.58;4.42;1.5;99.66;105.58;;;;;;BRACELL;CGNC;;BERÇO ARM 35P2;67;14:55;67;16:10;67;16:55;71;20:35;72.0;1:45;72.0;2:35;55000;1.0
ComDragagem2035;6536;23.0;185.0;8.75;0;0;0;67;1:03;39.08;270.42;47.25;356.75;1.42;2.33;3.75;4.14;13.85;21.75;;;;;;BTP;CGC;;BERÇO BTP 2;81;21:50;81;23:40;82;3:03;82;16:55;82.0;21:25;82.0;23:10;1000;3.0
ComDragagem2035;6537;23.0;215.0;8.75;0;0;0;67;1:05;40.92;275.58;47.25;363.75;0.0;2.42;2.42;6.05;13.85;22.33;;;;;;BTP;CGC;;BERÇO BTP 1;82;4:50;82;6:40;82;11:58;83;1:50;83.0;5:00;83.0;6:45;1000;3.0
ComDragagem2035;6538;23.0;255.0;10.25;0;0;0;67;1:03;43.83;289.0;47.42;380.25;0.0;0.0;0.0;1.74;14.7;16.5;;;;;;BTP;CGC;;BERÇO BTP 2;82;21:20;82;23:10;83;0:09;83;14:55;83.0;15:40;83.0;17:25;3000;3.0
ComDragagem2035;6539;23.0;295.0;10.75;0;0;0;67;2:06;40.92;282.58;46.33;369.83;0.0;0.92;0.92;2.34;20.66;23.92;;;;;;BTP;CGC;;BERÇO BTP 3;82;12:00;82;13:50;82;15:25;83;12:05;83.0;13:45;83.0;15:30;4000;3.0
ComDragagem2035;6543;23.0;195.0;7.25;0;0;0;67;1:03;10.33;86.25;17.67;114.25;0.0;1.75;1.75;2.61;13.38;17.75;;;;;;DPW - CGC;CGC;;BERÇO DPW 1;71;19:20;71;20:40;71;22:31;72;11:55;72.0;14:25;72.0;16:00;1000;3.0
ComDragagem2035;6544;36.0;225.0;0.0;0;0;0;67;0:02;6.5;46.25;16.83;69.58;1.17;5.33;6.5;2.37;64.0;72.92;;;;;;DPW - CGNC;CGNC;;BERÇO DPW 4;69;21:40;69;23:15;70;0:52;72;16:55;73.0;0:10;73.0;1:20;55000;1.0
ComDragagem2035;6546;23.0;185.0;7.75;0;0;0;67;3:07;0.0;0.0;5.25;5.25;1.67;3.92;5.58;13.17;43.42;62.17;;;;;;GRANEL;GL;;BERÇO IB SP;67;8:25;67;9:50;67;22:15;69;17:40;70.0;0:00;70.0;1:40;35000;2.0
ComDragagem2035;6548;23.0;135.0;6.75;0;0;0;67;0:02;3.42;21.17;12.17;36.75;0.0;7.75;7.75;5.76;7.08;20.58;;;;;;SANTOSBR;CGC;;BERÇO TECON 1.2;68;12:50;68;14:05;68;19:05;69;2:10;69.0;10:40;69.0;11:50;500;3.0
ComDragagem2035;6549;23.0;185.0;8.75;0;0;0;67;2:04;4.92;29.5;10.17;44.58;0.0;3.42;3.42;2.55;16.8;22.83;;;;;;SANTOSBR;CGC;;BERÇO TECON 1.1;68;22:40;68;23:55;69;1:43;69;18:35;69.0;22:45;69.0;23:55;1000;3.0
ComDragagem2035;6550;49.0;366.0;15.0;1;0;0;67;0:02;49.25;1.5;1.83;52.58;4.33;0.25;4.58;1.22;38.88;44.75;;;;;;SANTOSBR;CGC;;BERÇO TECON 2;69;4:40;69;6:00;69;6:28;70;21:25;71.0;2:45;71.0;4:00;12500;3.0
ComDragagem2035;6551;23.0;275.0;9.25;0;0;0;67;2:04;8.83;69.0;14.75;92.58;0.0;2.33;2.33;2.47;15.61;20.42;;;;;;SANTOSBR;CGC;;BERÇO TECON 3;70;22:40;70;23:55;71;1:38;71;17:15;71.0;20:20;71.0;21:30;3000;3.0
ComDragagem2035;6552;23.0;245.0;9.75;0;0;0;67;2:05;6.17;34.33;15.67;56.17;0.0;0.0;0.0;2.15;15.61;17.83;;;;;;SANTOSBR;CGC;;BERÇO TECON 1.2;69;10:15;69;11:30;69;12:54;70;4:35;70.0;5:20;70.0;6:30;3000;3.0
ComDragagem2035;6553;43.0;339.0;14.0;0;0;0;67;0:02;28.0;14.42;12.17;54.58;4.17;1.67;5.83;5.74;25.92;37.5;;;;;;SANTOSBR;CGC;;BERÇO TECON 3;69;6:40;69;7:55;69;12:54;70;14:50;70.0;21:25;70.0;22:35;6000;3.0
ComDragagem2035;6554;23.0;195.0;8.25;0;0;0;67;0:00;0.0;17.75;0.0;17.75;1.08;6.0;7.08;5.9;89.37;102.42;;;;;;TERMAG;GSM - I;;BERÇO TERMAG;67;17:45;67;18:35;67;23:44;71;17:10;72.0;1:00;72.0;2:05;45000;2.0
ComDragagem2035;6555;23.0;195.0;8.25;0;0;1;67;2:08;11.67;111.5;13.33;136.5;1.25;5.5;6.75;2.77;20.97;30.5;;;;;;TEV;RORO;;BERÇO TEV;72;18:40;72;20:00;72;22:01;73;19:00;74.0;2:30;74.0;3:45;1500;3.0
ComDragagem2035;6557;23.0;285.0;0.0;0;0;0;67;8:00;0.0;0.0;0.17;0.17;12.95;0.72;13.67;0.75;53.08;67.5;;;;;;TRSP;GL;;BERÇO TRSP;67;8:10;67;10:05;67;10:05;69;15:10;70.0;5:35;70.0;7:05;76500;1.0
ComDragagem2035;6558;23.0;185.0;0.0;0;0;0;67;3:03;18.0;137.42;16.58;172.0;0.0;2.17;2.17;0.75;62.88;65.83;;;;;;VOPAK;GL;;BERÇO AL 03;74;7:05;74;9:00;74;9:00;76;23:55;77.0;2:50;77.0;4:20;35000;1.0
ComDragagem2035;6559;23.0;185.0;9.25;0;0;0;68;5:12;3.25;13.33;10.42;27.0;0.0;0.0;0.0;2.33;16.8;19.17;;;;;;TECON10;CGC;;BERÇO TECON10 3;69;8:15;69;10:00;69;11:34;70;4:25;70.0;5:10;70.0;6:50;1000;3.0
ComDragagem2035;6560;23.0;255.0;10.25;0;0;0;68;5:12;3.25;23.25;13.42;39.92;1.17;2.25;3.42;1.97;15.61;21.0;;;;;;TECON10;CGC;;BERÇO TECON10 1;69;21:10;69;22:55;70;0:08;70;15:45;70.0;19:55;70.0;21:35;3000;3.0
ComDragagem2035;6561;23.0;185.0;10.25;0;0;0;68;1:07;0.33;0.0;4.5;4.83;0.0;0.0;0.0;6.18;89.37;95.58;;;;;;RUMO - GSM - I;GSM - I;;BERÇO RUMO 2;68;6:00;68;7:15;68;12:40;72;6:05;72.0;6:50;72.0;8:20;45000;2.0
ComDragagem2035;6562;23.0;185.0;0.0;0;0;0;68;5:12;0.0;0.0;1.42;1.42;1.33;18.33;19.67;1.22;64.43;85.33;;;;;;AGEO_TERMINAIS;GL;;BERÇO IB OE;68;6:40;68;8:25;68;8:53;71;1:20;71.0;21:45;71.0;23:05;35000;1.0
ComDragagem2035;6563;23.0;135.0;7.75;0;0;0;68;3:08;42.17;276.83;41.08;360.08;0.0;0.33;0.33;3.16;20.71;24.25;;;;;;BTP;CGC;;BERÇO BTP 1;83;3:15;83;5:05;83;7:29;84;4:15;84.0;5:20;84.0;7:05;500;3.0
ComDragagem2035;6564;23.0;215.0;8.75;0;0;0;68;3:09;42.17;285.58;41.08;368.83;0.0;0.83;0.83;1.71;13.85;16.42;;;;;;BTP;CGC;;BERÇO BTP 3;83;12:00;83;13:50;83;14:47;84;4:40;84.0;6:15;84.0;8:00;1000;3.0
ComDragagem2035;6565;23.0;305.0;10.75;0;0;0;68;3:08;43.33;290.58;41.08;375.0;0.0;0.0;0.0;3.84;20.66;24.5;;;;;;BTP;CGC;;BERÇO BTP 2;83;18:10;83;20:00;83;23:05;84;19:45;84.0;20:30;84.0;22:15;4000;3.0
ComDragagem2035;6568;23.0;225.0;0.0;0;0;0;68;8:09;13.25;199.75;5.67;218.67;0.0;0.08;0.08;6.37;162.93;169.42;;;;;;CUTRALE - GL;GL;;BERÇO CUTRALE;77;10:50;77;11:55;77;17:32;84;12:30;84.0;13:20;84.0;14:00;60000;1.0
ComDragagem2035;6569;23.0;195.0;9.25;0;0;0;68;6:15;8.25;81.33;13.58;103.17;0.0;1.08;1.08;4.27;13.38;18.75;;;;;;DPW - CGC;CGC;;BERÇO DPW 1;72;13:25;72;14:45;72;18:16;73;7:40;73.0;9:30;73.0;11:05;1000;3.0
ComDragagem2035;6570;23.0;185.0;8.75;0;0;0;68;4:11;7.67;69.08;13.33;90.08;0.0;0.5;0.5;1.84;13.38;15.75;;;;;;DPW - CGC;CGC;;BERÇO DPW 3;71;22:20;71;23:55;72;1:00;72;14:25;72.0;15:40;72.0;16:50;1000;3.0
ComDragagem2035;6571;23.0;255.0;10.25;0;0;0;68;5:12;7.92;59.75;13.25;80.92;0.58;1.5;2.08;1.65;17.86;21.67;;;;;;DPW - CGC;CGC;;BERÇO DPW 2;71;14:10;71;15:50;71;16:44;72;10:40;72.0;13:30;72.0;15:05;3000;3.0
ComDragagem2035;6575;23.0;185.0;9.25;0;0;0;68;4:10;2.75;32.17;6.83;41.75;0.0;0.08;0.08;3.55;16.8;20.5;;;;;;SANTOSBR;CGC;;BERÇO TECON 1.1;69;21:55;69;23:10;70;1:58;70;18:50;70.0;19:40;70.0;20:50;1000;3.0
ComDragagem2035;6576;23.0;185.0;9.25;0;0;0;68;5:11;4.0;36.08;6.83;46.92;0.0;2.33;2.33;4.35;16.8;23.5;;;;;;SANTOSBR;CGC;;BERÇO TECON 1.2;70;4:10;70;5:25;70;9:01;71;1:50;71.0;4:55;71.0;6:05;1000;3.0
ComDragagem2035;6577;23.0;255.0;10.25;0;0;0;68;5:13;6.67;64.58;15.17;86.42;0.0;5.17;5.17;4.69;15.61;25.5;;;;;;SANTOSBR;CGC;;BERÇO TECON 3;71;19:40;71;20:55;72;0:51;72;16:30;72.0;22:25;72.0;23:35;3000;3.0
ComDragagem2035;6578;43.0;339.0;14.0;0;0;0;68;4:10;37.75;30.5;10.25;78.5;0.0;2.25;2.25;3.7;25.92;31.92;;;;;;SANTOSBR;CGC;;BERÇO TECON 2;71;10:40;71;11:55;71;14:52;72;16:50;72.0;19:50;72.0;21:00;6000;3.0
ComDragagem2035;6580;23.0;225.0;0.0;0;0;0;68;6:12;6.42;56.75;11.5;74.67;0.0;0.25;0.25;6.76;39.92;47.0;;;;;;TGG;GSA - E;;BERÇO TGG;71;8:55;71;10:05;71;16:05;73;8:05;73.0;9:05;73.0;9:50;70000;1.0
ComDragagem2035;6581;23.0;225.0;0.0;0;0;0;68;5:10;2.67;17.67;4.25;24.58;0.0;1.08;1.08;2.79;39.92;43.83;;;;;;TGG;GSA - E;;BERÇO TGG;69;5:45;69;6:55;69;8:57;71;0:55;71.0;2:45;71.0;3:30;70000;1.0
ComDragagem2035;6583;23.0;165.0;7.75;0;0;0;69;11:21;7.75;72.42;14.75;94.92;1.08;0.08;1.17;16.39;42.57;60.17;;;;;;STS;GL;;BERÇO AL 02;73;10:20;73;11:55;74;3:33;75;22:10;76.0;0:05;76.0;1:55;18000;2.0
ComDragagem2035;6584;23.0;185.0;9.75;0;0;0;69;8:22;1.75;14.75;2.83;19.33;0.0;2.42;2.42;4.5;16.8;23.75;;;;;;TECON10;CGC;;BERÇO TECON10 3;70;3:45;70;5:30;70;9:15;71;2:05;71.0;5:15;71.0;6:55;1000;3.0
ComDragagem2035;6585;23.0;255.0;10.75;0;0;0;69;8:22;4.92;31.67;4.25;40.83;1.67;2.5;4.17;2.55;15.61;22.33;;;;;;TECON10;CGC;;BERÇO TECON10 1;71;1:15;71;3:00;71;4:48;71;20:25;72.0;1:20;72.0;3:00;3000;3.0
ComDragagem2035;6586;23.0;175.0;10.25;0;0;0;69;5:22;5.17;68.33;3.67;77.17;2.83;15.75;18.58;8.5;50.86;78.0;;;;;;RUMO - GSM - I;GSM - I;;BERÇO RUMO 2;72;10:35;72;11:50;72;19:35;74;22:30;75.0;17:50;75.0;19:20;35000;2.0
ComDragagem2035;6587;23.0;175.0;9.75;0;0;0;69;10:25;0.0;0.0;3.92;3.92;1.67;3.17;4.83;1.57;64.43;70.83;;;;;;AGEO_TERMINAIS;GL;;BERÇO IB BC;69;14:20;69;15:45;69;16:34;72;9:00;72.0;14:35;72.0;16:15;35000;2.0
ComDragagem2035;6588;23.0;215.0;8.75;0;0;0;69;5:15;42.0;284.83;31.75;358.58;1.08;0.25;1.33;3.4;13.85;18.58;;;;;;BTP;CGC;;BERÇO BTP 1;84;3:50;84;5:40;84;8:19;84;22:10;85.0;0:15;85.0;2:00;1000;3.0
ComDragagem2035;6589;23.0;215.0;9.75;0;0;0;69;10:26;6.42;67.58;0.0;74.0;0.0;0.0;0.0;2.71;13.38;16.08;;;;;;DPW - CGC;CGC;;BERÇO DPW 2;72;12:30;72;14:10;72;16:07;73;5:30;73.0;6:15;73.0;7:50;1000;3.0
ComDragagem2035;6590;23.0;275.0;10.75;0;0;0;69;10:26;8.08;82.17;0.0;90.25;0.0;0.67;0.67;2.64;17.86;21.17;;;;;;DPW - CGC;CGC;;BERÇO DPW 2;73;4:45;73;6:25;73;8:18;74;2:10;74.0;3:35;74.0;5:10;3000;3.0
ComDragagem2035;6591;36.0;225.0;0.0;0;0;0;69;8:20;6.17;75.92;0.0;82.08;0.0;0.67;0.67;4.69;64.0;69.42;;;;;;DPW - CGNC;CGNC;;BERÇO DPW 3;72;18:25;72;20:00;72;23:56;75;16:00;75.0;17:25;75.0;18:35;55000;1.0
ComDragagem2035;6592;23.0;185.0;9.75;0;0;0;69;8:23;2.67;31.33;0.75;34.75;1.17;7.17;8.33;3.57;16.8;28.75;;;;;;SANTOSBR;CGC;;BERÇO TECON 1.1;70;19:10;70;20:25;70;23:14;71;16:05;72.0;1:10;72.0;2:20;1000;3.0
ComDragagem2035;6593;23.0;275.0;10.25;0;0;0;69;7:19;5.17;12.83;65.58;83.58;0.0;3.08;3.08;2.19;15.61;20.92;;;;;;SANTOSBR;CGC;;BERÇO TECON 2;72;18:55;72;20:10;72;21:36;73;13:15;73.0;17:05;73.0;18:15;3000;3.0
ComDragagem2035;6594;23.0;295.0;11.75;0;0;0;69;6:19;5.17;53.42;11.92;70.5;0.0;0.0;0.0;2.74;21.3;24.08;;;;;;SANTOSBR;CGC;;BERÇO TECON 1/2;72;4:50;72;6:05;72;8:04;73;5:25;73.0;6:10;73.0;7:20;4000;3.0
ComDragagem2035;6595;23.0;225.0;0.0;0;0;0;69;7:15;25.58;78.42;0.0;104.0;0.0;0.17;0.17;2.96;78.07;81.25;;;;;;TEG;GSA - E;;BERÇO TEG;73;15:15;73;16:25;73;18:37;77;0:45;77.0;1:40;77.0;2:25;70000;1.0
ComDragagem2035;6596;23.0;195.0;8.75;0;0;1;69;7:21;8.08;98.17;12.75;119.0;0.0;0.33;0.33;1.43;20.97;22.75;;;;;;TEV;RORO;;BERÇO TEV;74;6:25;74;7:45;74;8:25;75;5:25;75.0;6:30;75.0;7:45;1500;3.0
ComDragagem2035;6598;23.0;185.0;0.0;0;0;0;69;9:20;7.17;53.92;11.0;72.08;1.5;4.67;6.17;3.26;29.94;39.42;;;;;;TRANSPETRO;GL;;BERÇO AL 01;72;9:25;72;11:20;72;13:50;73;19:50;74.0;2:45;74.0;4:15;35000;1.0
ComDragagem2035;6599;23.0;255.0;11.25;0;0;0;70;11:31;3.17;11.67;7.5;22.33;0.0;0.58;0.58;3.04;15.61;19.25;;;;;;TECON10;CGC;;BERÇO TECON10 3;71;9:55;71;11:40;71;13:57;72;5:35;72.0;6:55;72.0;8:35;3000;3.0
ComDragagem2035;6600;23.0;225.0;0.0;0;0;0;70;12:26;6.17;69.25;4.25;79.67;0.0;2.92;2.92;3.54;51.12;57.58;;;;;;RUMO - GSA - E;GSA - E;;BERÇO RUMO 1;73;20:10;73;21:45;74;0:32;76;3:40;76.0;7:20;76.0;8:30;70000;1.0
ComDragagem2035;6601;23.0;215.0;9.25;0;0;0;70;8:24;40.17;266.5;30.83;337.5;0.0;0.0;0.0;2.68;13.85;16.58;;;;;;BTP;CGC;;BERÇO BTP 3;84;9:55;84;11:45;84;13:40;85;3:35;85.0;4:20;85.0;6:05;1000;3.0
ComDragagem2035;6602;23.0;215.0;9.25;0;0;0;70;8:23;40.83;272.83;32.67;346.33;0.0;0.17;0.17;2.96;13.85;17.0;;;;;;BTP;CGC;;BERÇO BTP 2;84;18:45;84;20:35;84;22:47;85;12:40;85.0;13:35;85.0;15:20;1000;3.0
ComDragagem2035;6605;23.0;185.0;10.25;0;0;0;70;11:31;5.42;63.25;0.08;68.75;0.0;0.08;0.08;3.22;13.38;16.75;;;;;;DPW - CGC;CGC;;BERÇO DPW 1;73;8:20;73;9:40;73;12:08;74;1:35;74.0;2:25;74.0;4:00;1000;3.0
ComDragagem2035;6606;23.0;255.0;11.25;0;0;0;70;11:31;6.75;78.83;0.17;85.75;1.0;1.33;2.33;2.41;17.86;22.67;;;;;;DPW - CGC;CGC;;BERÇO DPW 1;74;1:20;74;2:40;74;4:19;74;22:15;75.0;1:20;75.0;2:55;3000;3.0
ComDragagem2035;6608;23.0;215.0;9.75;0;0;0;70;12:34;2.67;11.58;1.67;15.92;0.0;0.0;0.0;4.26;16.8;21.08;;;;;;SANTOSBR;CGC;;BERÇO TECON 1.2;71;4:30;71;5:45;71;9:15;72;2:05;72.0;2:50;72.0;4:00;1000;3.0
ComDragagem2035;6609;23.0;295.0;12.25;0;0;0;70;12:32;3.92;15.75;37.58;57.25;1.0;2.33;3.33;2.6;21.3;27.25;;;;;;SANTOSBR;CGC;;BERÇO TECON 3;72;21:50;72;23:05;73;0:56;73;22:15;74.0;2:20;74.0;3:30;4000;3.0
ComDragagem2035;6610;23.0;225.0;0.0;0;0;0;70;10:28;0.33;0.0;1.42;1.75;0.0;0.25;0.25;3.6;61.75;65.67;;;;;;TGRAO;GSA - E;;BERÇO OUT 2;70;12:15;70;13:35;70;16:26;73;6:15;73.0;7:15;73.0;8:10;70000;1.0
ComDragagem2035;6612;23.0;185.0;0.0;0;0;0;70;14:36;11.58;98.0;16.17;125.75;0.0;0.0;0.0;3.96;29.94;33.92;;;;;;TRANSPETRO;GL;;BERÇO AL 01;75;20:25;75;22:20;76;1:32;77;7:30;77.0;8:15;77.0;9:45;35000;1.0
ComDragagem2035;6613;23.0;175.0;0.0;0;0;0;70;12:30;9.08;64.17;16.42;89.67;0.0;0.58;0.58;4.22;29.94;34.75;;;;;;TRANSPETRO;GL;;BERÇO AL 01;74;6:10;74;8:05;74;11:33;75;17:30;75.0;18:50;75.0;20:20;35000;1.0
ComDragagem2035;6615;23.0;205.0;10.25;0;0;0;71;15:40;1.75;6.83;0.0;8.58;1.67;1.17;2.83;2.95;16.8;22.58;;;;;;TECON10;CGC;;BERÇO TECON10 1;72;0:15;72;2:00;72;4:12;72;21:00;73.0;0:35;73.0;2:15;1000;3.0
ComDragagem2035;6616;23.0;235.0;12.25;0;0;0;71;17:45;1.75;10.92;5.83;18.5;1.67;2.0;3.67;2.7;15.61;22.0;;;;;;TECON10;CGC;;BERÇO TECON10 3;72;12:15;72;14:00;72;15:57;73;7:35;73.0;12:00;73.0;13:40;3000;3.0
ComDragagem2035;6617;23.0;265.0;11.75;0;0;0;71;15:41;0.0;0.33;0.0;0.33;0.0;2.5;2.5;3.54;15.61;21.67;;;;;;TECON10;CGC;;BERÇO TECON10 4;71;16:05;71;17:50;71;20:37;72;12:15;72.0;15:30;72.0;17:10;3000;3.0
ComDragagem2035;6618;23.0;225.0;0.0;0;0;0;71;13:31;8.5;105.33;2.25;116.08;0.0;3.75;3.75;2.68;51.12;57.58;;;;;;RUMO - GSA - E;GSA - E;;BERÇO RUMO 1;76;9:40;76;11:15;76;13:10;78;16:20;78.0;20:50;78.0;22:00;70000;1.0
ComDragagem2035;6619;23.0;135.0;7.75;0;0;0;71;12:36;39.42;253.25;30.92;323.58;0.0;0.25;0.25;2.28;20.71;23.25;;;;;;BTP;CGC;;BERÇO BTP 1;85;0:15;85;2:05;85;3:36;86;0:20;86.0;1:20;86.0;3:05;500;3.0
ComDragagem2035;6620;23.0;185.0;9.75;0;0;0;71;12:36;39.42;262.83;33.08;335.33;0.0;0.08;0.08;3.83;13.85;17.83;;;;;;BTP;CGC;;BERÇO BTP 2;85;12:00;85;13:50;85;16:54;86;6:50;86.0;7:40;86.0;9:25;1000;3.0
ComDragagem2035;6621;23.0;215.0;9.25;0;0;0;71;11:32;39.42;255.33;32.67;327.42;0.0;0.17;0.17;2.4;13.85;16.42;;;;;;BTP;CGC;;BERÇO BTP 3;85;3:00;85;4:50;85;6:29;85;20:20;85.0;21:15;85.0;23:00;1000;3.0
ComDragagem2035;6622;23.0;185.0;9.75;0;0;0;71;14:40;39.42;268.33;33.08;340.83;0.0;0.33;0.33;3.94;13.85;18.17;;;;;;BTP;CGC;;BERÇO BTP 3;85;19:30;85;21:20;86;0:31;86;14:25;86.0;15:30;86.0;17:15;1000;3.0
ComDragagem2035;6626;23.0;125.0;7.25;0;0;0;71;13:36;5.0;56.67;4.0;65.67;0.0;3.42;3.42;3.21;12.93;19.58;;;;;;DPW - CGC;CGC;;BERÇO DPW 2;74;7:20;74;9:00;74;11:27;75;0:25;75.0;4:35;75.0;6:10;500;3.0
ComDragagem2035;6627;23.0;205.0;10.75;0;0;0;71;16:45;6.92;87.08;6.5;100.5;0.0;2.67;2.67;3.05;13.38;19.17;;;;;;DPW - CGC;CGC;;BERÇO DPW 3;75;21:15;75;22:50;76;1:08;76;14:35;76.0;18:00;76.0;19:10;1000;3.0
ComDragagem2035;6628;23.0;215.0;10.25;0;0;0;71;15:42;5.33;69.83;5.67;80.83;0.0;0.08;0.08;2.6;13.38;16.08;;;;;;DPW - CGC;CGC;;BERÇO DPW 1;75;0:35;75;1:55;75;3:46;75;17:10;75.0;18:00;75.0;19:35;1000;3.0
ComDragagem2035;6629;23.0;215.0;10.25;0;0;0;71;15:42;5.92;88.5;6.5;100.92;0.0;0.75;0.75;2.98;13.38;17.17;;;;;;DPW - CGC;CGC;;BERÇO DPW 1;75;20:40;75;22:00;76;0:13;76;13:40;76.0;15:10;76.0;16:45;1000;3.0
ComDragagem2035;6630;23.0;265.0;11.75;0;0;0;71;16:42;8.92;89.08;9.0;107.0;0.0;0.08;0.08;1.97;17.86;19.92;;;;;;DPW - CGC;CGC;;BERÇO DPW 2;76;3:45;76;5:25;76;6:38;77;0:30;77.0;1:20;77.0;2:55;3000;3.0
ComDragagem2035;6631;23.0;255.0;11.75;0;0;0;71;15:40;6.67;70.83;6.17;83.67;0.0;0.0;0.0;2.3;17.86;20.17;;;;;;DPW - CGC;CGC;;BERÇO DPW 2;75;3:20;75;5:00;75;6:33;76;0:25;76.0;1:10;76.0;2:45;3000;3.0
ComDragagem2035;6634;23.0;235.0;12.25;0;0;0;71;17:44;2.5;0.0;32.75;35.25;0.0;3.17;3.17;2.67;15.61;21.5;;;;;;SANTOSBR;CGC;;BERÇO TECON 1/2;73;5:00;73;6:15;73;8:10;73;23:50;74.0;3:45;74.0;4:55;3000;3.0
ComDragagem2035;6636;23.0;195.0;9.25;0;0;1;71;13:40;5.92;78.33;7.83;92.08;1.25;1.5;2.75;1.29;20.97;25.08;;;;;;TEV;RORO;;BERÇO TEV;75;9:45;75;11:05;75;11:37;76;8:40;76.0;12:10;76.0;13:25;1500;3.0
ComDragagem2035;6637;23.0;225.0;9.25;0;0;1;71;13:41;9.92;135.25;12.83;158.0;1.25;5.58;6.83;4.21;20.25;31.33;;;;;;TEV;RORO;;BERÇO TEV;78;3:45;78;5:05;78;8:32;79;4:50;79.0;12:25;79.0;13:40;3000;3.0
ComDragagem2035;6639;23.0;225.0;11.25;0;0;0;71;15:43;2.58;11.33;6.33;20.25;4.0;18.0;22.0;3.43;104.45;129.92;;;;;;TIPLAM - GSM - I;GSM - I;;BERÇO TIPLAM 1;72;12:00;72;14:35;72;17:15;77;1:45;78.0;0:30;78.0;2:30;70000;2.0
ComDragagem2035;6640;23.0;155.0;9.25;0;0;0;71;15:38;0.0;0.0;0.08;0.08;0.0;1.92;1.92;3.5;42.57;48.0;;;;;;ULTRACARGO;GL;;BERÇO AL 04;71;15:45;71;17:20;71;20:05;73;14:40;73.0;17:20;73.0;19:10;18000;2.0
ComDragagem2035;6641;23.0;215.0;10.75;0;0;0;72;17:47;0.0;0.33;0.0;0.33;3.33;19.33;22.67;1.81;16.8;41.33;;;;;;TECON10;CGC;;BERÇO TECON10 4;72;18:10;72;19:55;72;20:58;73;13:50;74.0;13:15;74.0;14:55;1000;3.0
ComDragagem2035;6642;23.0;265.0;12.75;0;0;0;72;19:52;1.75;2.42;3.42;7.58;0.0;0.92;0.92;5.92;15.61;22.5;;;;;;TECON10;CGC;;BERÇO TECON10 1;73;3:30;73;5:15;73;10:25;74;2:05;74.0;3:45;74.0;5:25;3000;3.0
ComDragagem2035;6643;23.0;225.0;0.0;0;0;0;72;20:51;8.0;37.25;0.0;45.25;0.0;1.17;1.17;1.92;51.12;54.25;;;;;;ADM;GSA - E;;BERÇO ARM 39;74;18:10;74;19:15;74;20:25;76;23:35;77.0;1:30;77.0;2:10;70000;1.0
ComDragagem2035;6644;23.0;135.0;7.75;0;0;0;72;18:52;39.42;259.25;24.5;323.17;0.0;0.67;0.67;3.13;20.71;24.5;;;;;;BTP;CGC;;BERÇO BTP 2;86;6:05;86;7:55;86;10:17;87;7:00;87.0;8:25;87.0;10:10;500;3.0
ComDragagem2035;6645;23.0;185.0;10.25;0;0;0;72;19:53;41.25;278.17;24.67;344.08;0.0;0.17;0.17;2.32;13.85;16.33;;;;;;BTP;CGC;;BERÇO BTP 1;87;4:00;87;5:50;87;7:24;87;21:15;87.0;22:10;87.0;23:55;1000;3.0
ComDragagem2035;6646;23.0;185.0;10.25;0;0;0;72;19:52;41.25;282.5;24.75;348.5;0.0;0.33;0.33;2.78;13.85;17.0;;;;;;BTP;CGC;;BERÇO BTP 2;87;8:25;87;10:15;87;12:16;88;2:10;88.0;3:15;88.0;5:00;1000;3.0
ComDragagem2035;6647;49.0;366.0;15.0;1;0;0;72;14:42;300.75;39.75;0.33;340.83;1.17;0.67;1.83;3.97;30.72;36.58;;;;;;BTP;CGC;;BERÇO BTP 3;86;19:35;86;21:30;87;0:43;88;7:30;88.0;10:05;88.0;11:55;12500;3.0
ComDragagem2035;6648;23.0;295.0;13.75;0;0;0;72;14:42;102.75;202.08;16.5;321.33;0.17;2.0;2.17;4.91;20.66;27.75;;;;;;BTP;CGC;;BERÇO BTP 1;86;0:05;86;1:55;86;6:04;87;2:45;87.0;5:40;87.0;7:25;4000;3.0
ComDragagem2035;6649;23.0;295.0;14.25;0;0;0;72;19:52;111.33;230.83;18.58;360.75;0.08;2.5;2.58;4.76;20.66;28.0;;;;;;BTP;CGC;;BERÇO BTP 1;87;20:40;87;22:30;88;2:30;88;23:10;89.0;2:30;89.0;4:15;4000;3.0
ComDragagem2035;6652;23.0;165.0;8.75;0;0;0;72;19:52;0.0;0.0;2.17;2.17;0.0;8.25;8.25;3.3;12.03;23.58;;;;;;DOW;GL;;BERÇO DOW;72;22:05;72;22:50;73;1:23;73;13:25;73.0;22:25;73.0;23:25;18000;2.0
ComDragagem2035;6653;23.0;195.0;11.25;0;0;0;72;19:52;6.92;78.08;10.67;95.67;0.0;0.42;0.42;2.17;13.38;16.0;;;;;;DPW - CGC;CGC;;BERÇO DPW 3;76;19:35;76;21:10;76;22:35;77;12:00;77.0;13:10;77.0;14:20;1000;3.0
ComDragagem2035;6654;49.0;366.0;15.0;1;0;0;72;17:46;82.83;16.67;2.92;102.42;0.83;0.0;0.83;3.37;41.74;46.0;;;;;;DPW - CGC;CGC;;BERÇO DPW 2;77;0:15;77;2:00;77;4:37;78;22:25;79.0;0:00;79.0;1:40;12500;3.0
ComDragagem2035;6655;23.0;245.0;12.75;0;0;0;72;19:52;8.5;95.58;11.25;115.33;0.0;1.67;1.67;1.54;17.86;21.08;;;;;;DPW - CGC;CGC;;BERÇO DPW 3;77;15:15;77;16:50;77;17:37;78;11:30;78.0;13:55;78.0;15:05;3000;3.0
ComDragagem2035;6656;23.0;295.0;13.75;0;0;0;72;17:46;5.92;75.75;10.67;92.33;0.0;1.33;1.33;1.71;21.93;25.0;;;;;;DPW - CGC;CGC;;BERÇO DPW 1;76;14:10;76;15:30;76;16:27;77;14:25;77.0;16:30;77.0;18:05;4000;3.0
ComDragagem2035;6660;23.0;205.0;11.25;0;0;0;72;18:49;1.25;0.0;20.75;22.0;0.0;0.25;0.25;4.94;16.8;22.0;;;;;;SANTOSBR;CGC;;BERÇO TECON 2;73;16:50;73;18:05;73;22:16;74;15:05;74.0;16:05;74.0;17:15;1000;3.0
ComDragagem2035;6661;23.0;265.0;12.25;0;0;0;72;18:49;2.5;29.08;5.17;36.75;0.0;0.83;0.83;3.35;15.61;19.83;;;;;;SANTOSBR;CGC;;BERÇO TECON 3;74;7:35;74;8:50;74;11:26;75;3:05;75.0;4:40;75.0;5:50;3000;3.0
ComDragagem2035;6662;23.0;265.0;12.75;0;0;0;72;19:52;2.5;28.0;6.58;37.08;0.0;2.08;2.08;2.39;15.61;20.08;;;;;;SANTOSBR;CGC;;BERÇO TECON 1/2;74;9:00;74;10:15;74;11:53;75;3:30;75.0;6:20;75.0;7:30;3000;3.0
ComDragagem2035;6665;23.0;195.0;9.25;0;0;1;72;16:50;5.92;85.67;9.17;100.75;0.67;0.0;0.67;3.41;20.97;25.08;;;;;;TEV;RORO;;BERÇO TEV;76;21:35;76;22:55;77;1:34;77;22:35;78.0;0:00;78.0;1:15;1500;3.0
ComDragagem2035;6666;23.0;185.0;11.25;0;0;0;72;18:52;6.92;61.83;14.17;82.92;0.92;0.75;1.67;0.75;62.88;65.33;;;;;;VOPAK;GL;;BERÇO AL 02;76;5:50;76;7:25;76;7:25;78;22:20;79.0;0:45;79.0;2:35;35000;2.0
ComDragagem2035;6667;23.0;175.0;11.25;0;0;0;72;18:51;1.58;19.92;3.42;24.92;0.0;2.58;2.58;0.75;62.88;66.25;;;;;;VOPAK;GL;;BERÇO AL 04;73;19:50;73;21:25;73;21:25;76;12:20;76.0;15:40;76.0;17:30;35000;2.0
ComDragagem2035;6668;36.0;225.0;0.0;0;0;0;73;18:56;0.0;0.0;0.58;0.58;0.0;2.08;2.08;18.03;99.0;119.17;;;;;;ARAUCO;CGNC;;BERÇO ARAUCO 1;73;19:35;73;21:45;74;15:01;78;18:05;78.0;20:55;78.0;22:40;55000;1.0
ComDragagem2035;6669;23.0;215.0;12.25;0;0;0;73;23:29;0.5;0.0;1.0;1.5;0.0;0.0;0.0;2.45;16.8;19.25;;;;;;TECON10;CGC;;BERÇO TECON10 3;74;1:00;74;2:45;74;4:27;74;21:15;74.0;22:00;74.0;23:40;1000;3.0
ComDragagem2035;6670;49.0;366.0;15.0;1;0;0;73;23:29;17.92;4.58;2.0;24.5;22.25;5.25;27.5;3.75;38.88;70.17;;;;;;TECON10;CGC;;BERÇO TECON10 3;75;0:00;75;1:50;75;4:50;76;19:45;78.0;0:00;78.0;1:45;12500;3.0
ComDragagem2035;6671;23.0;295.0;13.75;0;0;0;73;22:59;1.0;0.0;0.0;1.0;0.0;3.5;3.5;2.22;21.3;27.08;;;;;;TECON10;CGC;;BERÇO TECON10 2;74;0:00;74;1:45;74;3:13;75;0:35;75.0;4:50;75.0;6:30;4000;3.0
ComDragagem2035;6672;43.0;339.0;14.0;0;0;0;73;22:59;1.0;1.08;7.67;9.75;1.67;7.5;9.17;2.36;25.92;37.5;;;;;;TECON10;CGC;;BERÇO TECON10 1;74;8:45;74;10:30;74;12:06;75;14:05;76.0;0:00;76.0;1:40;6000;3.0
ComDragagem2035;6673;23.0;165.0;10.25;0;0;0;73;22:58;1.0;0.0;0.67;1.67;1.67;9.25;10.92;1.12;45.88;57.92;;;;;;AGEO_TERMINAIS;GL;;BERÇO Ageo I;74;0:40;74;2:05;74;2:27;76;0:20;76.0;12:00;76.0;13:40;18000;2.0
ComDragagem2035;6674;36.0;225.0;0.0;0;0;0;73;19:57;0.0;0.0;0.5;0.5;0.83;11.17;12.0;1.39;99.66;113.08;;;;;;BRACELL;CGNC;;BERÇO ARM 35P2;73;20:30;73;21:45;73;22:23;78;2:05;78.0;14:50;78.0;15:40;55000;1.0
ComDragagem2035;6675;23.0;215.0;10.25;0;0;0;73;20:56;41.25;274.58;28.83;344.67;0.0;1.17;1.17;3.03;13.85;18.08;;;;;;BTP;CGC;;BERÇO BTP 2;88;5:40;88;7:30;88;9:46;88;23:40;89.0;1:35;89.0;3:20;1000;3.0
ComDragagem2035;6676;23.0;215.0;10.75;0;0;0;73;23:30;41.75;288.83;31.33;361.92;0.0;2.25;2.25;2.52;13.85;18.67;;;;;;BTP;CGC;;BERÇO BTP 1;89;1:25;89;3:15;89;5:01;89;18:55;89.0;21:55;89.0;23:40;1000;3.0
ComDragagem2035;6677;49.0;366.0;15.0;1;0;0;73;20:56;307.25;40.33;0.33;347.92;0.17;0.0;0.17;2.17;30.72;33.08;;;;;;BTP;CGC;;BERÇO BTP 3;88;8:55;88;10:50;88;12:15;89;19:00;89.0;19:55;89.0;21:45;12500;3.0
ComDragagem2035;6681;23.0;285.0;12.75;0;0;0;73;21:56;5.92;77.75;11.08;94.75;0.0;2.58;2.58;2.07;17.86;22.58;;;;;;DPW - CGC;CGC;;BERÇO DPW 1;77;20:45;77;22:05;77;23:24;78;17:20;78.0;20:40;78.0;22:15;3000;3.0
ComDragagem2035;6682;23.0;295.0;14.25;0;0;0;73;21:56;7.25;99.33;11.08;117.67;0.5;0.08;0.58;2.12;21.93;24.67;;;;;;DPW - CGC;CGC;;BERÇO DPW 1;78;19:40;78;21:00;78;22:22;79;20:20;79.0;21:40;79.0;23:15;4000;3.0
ComDragagem2035;6683;23.0;175.0;10.75;0;0;0;73;22:57;1.0;0.0;0.25;1.25;0.0;2.08;2.08;4.53;59.83;66.5;;;;;;HIDROVIAS;GSM - I;;BERÇO ARM 22/23;74;0:15;74;1:20;74;5:06;76;17:00;76.0;19:50;76.0;21:10;35000;2.0
ComDragagem2035;6685;23.0;205.0;12.25;0;0;0;73;23:24;2.42;0.0;30.25;32.67;1.17;4.92;6.08;3.74;16.8;26.67;;;;;;SANTOSBR;CGC;;BERÇO TECON 1.1;75;8:05;75;9:20;75;12:19;76;5:10;76.0;12:00;76.0;13:10;1000;3.0
ComDragagem2035;6686;23.0;255.0;13.25;0;0;0;73;21:57;3.08;21.5;11.42;36.0;0.0;0.5;0.5;3.58;15.61;19.75;;;;;;SANTOSBR;CGC;;BERÇO TECON 2;75;10:00;75;11:15;75;14:04;76;5:45;76.0;7:00;76.0;8:10;3000;3.0
ComDragagem2035;6687;23.0;275.0;12.75;0;0;0;73;21:55;1.25;8.5;7.83;17.58;0.0;0.33;0.33;1.84;15.61;17.83;;;;;;SANTOSBR;CGC;;BERÇO TECON 2;74;15:30;74;16:45;74;17:50;75;9:30;75.0;10:35;75.0;11:45;3000;3.0
ComDragagem2035;6688;23.0;295.0;14.25;0;0;0;73;23:24;3.67;20.75;34.17;58.58;1.17;4.17;5.33;2.15;21.3;28.83;;;;;;SANTOSBR;CGC;;BERÇO TECON 3;76;10:00;76;11:15;76;12:39;77;10:00;77.0;16:05;77.0;17:15;4000;3.0
ComDragagem2035;6689;23.0;295.0;13.75;0;0;0;73;21:55;2.5;19.83;7.83;30.17;0.0;5.0;5.0;2.95;21.3;29.25;;;;;;SANTOSBR;CGC;;BERÇO TECON 3;75;4:05;75;5:20;75;7:32;76;4:50;76.0;10:35;76.0;11:45;4000;3.0
ComDragagem2035;6691;23.0;225.0;0.0;0;0;0;73;23:32;0.42;0.0;1.58;2.0;0.0;0.33;0.33;2.93;39.92;43.25;;;;;;TGG;GSA - E;;BERÇO TGG;74;1:35;74;2:45;74;4:55;75;20:55;75.0;22:00;75.0;22:45;70000;1.0
ComDragagem2035;6692;23.0;225.0;0.0;0;0;0;73;23:49;4.75;0.0;23.25;28.0;0.0;2.17;2.17;1.4;61.75;65.33;;;;;;TGRAO;GSA - E;;BERÇO OUT 2;75;3:50;75;5:10;75;5:49;77;19:35;77.0;22:30;77.0;23:25;70000;1.0
ComDragagem2035;6693;23.0;195.0;11.25;0;0;0;73;19:55;2.08;5.5;6.17;13.75;0.0;4.75;4.75;3.32;85.0;93.08;;;;;;TIPLAM - GSM - I;GSM - I;;BERÇO TIPLAM 4;74;9:40;74;11:45;74;14:19;78;3:20;78.0;8:50;78.0;11:20;45000;2.0
ComDragagem2035;6694;23.0;225.0;11.75;0;0;0;73;22:59;6.33;62.5;14.0;82.83;0.0;0.08;0.08;4.28;48.22;52.58;;;;;;TRANSPETRO;GL;;BERÇO AL 01;77;9:50;77;11:25;77;14:56;79;15:10;79.0;16:00;79.0;17:50;60000;2.0
ComDragagem2035;6695;23.0;175.0;12.25;0;0;0;73;23:17;9.58;96.75;18.75;125.08;0.0;3.92;3.92;2.87;29.94;36.75;;;;;;TRANSPETRO;GL;;BERÇO AL 02;79;4:25;79;6:00;79;8:07;80;14:05;80.0;18:45;80.0;20:35;35000;2.0
ComDragagem2035;6696;36.0;225.0;0.0;0;0;0;74;0:01;0.0;0.0;8.17;8.17;0.0;2.42;2.42;5.44;99.0;106.92;;;;;;ARAUCO;CGNC;;BERÇO ARAUCO 2;74;8:15;74;10:25;74;15:06;78;18:10;78.0;21:20;78.0;23:05;55000;1.0
ComDragagem2035;6697;23.0;195.0;8.25;0;0;0;74;1:02;0.0;7.08;8.33;15.42;0.0;4.67;4.67;2.38;16.8;23.92;;;;;;TECON10;CGC;;BERÇO TECON10 4;74;16:30;74;18:15;74;19:52;75;12:45;75.0;18:10;75.0;19:50;1000;3.0
ComDragagem2035;6698;49.0;366.0;15.0;1;0;0;74;1:03;44.67;7.25;4.08;56.0;7.75;1.67;9.42;3.32;38.88;51.67;;;;;;TECON10;CGC;;BERÇO TECON10 2;76;9:05;76;10:55;76;13:29;78;4:25;78.0;14:35;78.0;16:20;12500;3.0
ComDragagem2035;6699;23.0;265.0;9.75;0;0;0;74;3:08;2.33;15.58;12.42;30.33;0.0;2.33;2.33;2.1;15.61;20.08;;;;;;TECON10;CGC;;BERÇO TECON10 2;75;9:30;75;11:15;75;12:36;76;4:15;76.0;7:20;76.0;9:00;3000;3.0
ComDragagem2035;6700;23.0;295.0;10.75;0;0;0;74;3:08;2.33;25.33;14.17;41.83;0.0;2.25;2.25;4.09;21.3;27.67;;;;;;TECON10;CGC;;BERÇO TECON10 4;75;21:00;75;22:45;76;2:05;76;23:25;77.0;2:25;77.0;4:05;4000;3.0
ComDragagem2035;6701;23.0;155.0;0.0;0;0;0;74;2:05;0.0;0.0;8.08;8.08;2.0;12.83;14.83;1.54;45.88;62.25;;;;;;AGEO_TERMINAIS;GL;;BERÇO IB BC;74;10:10;74;11:55;74;12:42;76;10:35;77.0;2:10;77.0;3:30;18000;1.0
ComDragagem2035;6702;23.0;135.0;7.75;0;0;0;74;1:03;41.25;307.33;32.17;380.75;0.0;0.0;0.0;2.33;20.71;23.08;;;;;;BTP;CGC;;BERÇO BTP 1;89;21:50;89;23:40;90;1:14;90;22:00;;;;;500;3.0
ComDragagem2035;6703;23.0;215.0;8.75;0;0;0;74;2:06;43.08;306.67;32.17;381.92;0.17;0.17;0.33;1.38;13.85;15.58;;;;;;BTP;CGC;;BERÇO BTP 2;90;0:05;90;1:55;90;2:32;90;16:25;90.0;17:30;90.0;19:15;1000;3.0
ComDragagem2035;6704;23.0;185.0;8.75;0;0;0;74;1:03;41.25;303.67;32.17;377.08;1.58;0.75;2.33;9.63;13.85;25.83;;;;;;BTP;CGC;;BERÇO BTP 3;89;18:10;89;20:00;90;4:52;90;18:45;90.0;21:50;90.0;23:35;1000;3.0
ComDragagem2035;6705;23.0;245.0;10.75;0;0;0;74;2:06;43.58;323.5;32.17;399.25;0.0;0.0;0.0;3.78;14.7;18.5;;;;;;BTP;CGC;;BERÇO BTP 2;90;17:25;90;19:15;90;22:16;91;13:00;;;;;3000;3.0
ComDragagem2035;6706;23.0;305.0;9.25;0;0;0;74;0:00;41.25;287.42;31.33;360.0;0.0;0.0;0.0;3.34;20.66;24.0;;;;;;BTP;CGC;;BERÇO BTP 2;89;0:00;89;1:50;89;4:25;90;1:05;90.0;1:50;90.0;3:35;4000;3.0
ComDragagem2035;6710;23.0;245.0;9.75;0;0;0;74;1:03;8.92;99.42;17.5;125.83;0.0;1.0;1.0;3.53;17.86;22.42;;;;;;DPW - CGC;CGC;;BERÇO DPW 3;79;6:55;79;8:30;79;11:16;80;5:10;80.0;6:55;80.0;8:05;3000;3.0
ComDragagem2035;6713;23.0;185.0;8.75;0;0;0;74;2:06;0.0;0.0;8.5;8.5;0.0;2.58;2.58;4.31;75.33;82.25;;;;;;HIDROVIAS;GSM - I;;BERÇO ARM 23;74;10:40;74;11:40;74;15:13;77;18:35;77.0;21:55;77.0;23:10;45000;2.0
ComDragagem2035;6715;23.0;185.0;8.25;0;0;0;74;0:02;1.83;0.0;37.08;38.92;0.0;10.17;10.17;3.22;16.8;30.25;;;;;;SANTOSBR;CGC;;BERÇO TECON 1.2;75;15:00;75;16:15;75;18:43;76;11:35;76.0;22:30;76.0;23:40;1000;3.0
ComDragagem2035;6716;23.0;185.0;8.25;0;0;0;74;1:02;3.08;0.0;58.33;61.42;0.0;0.5;0.5;3.75;16.8;21.08;;;;;;SANTOSBR;CGC;;BERÇO TECON 1.1;76;14:30;76;15:45;76;18:45;77;11:35;77.0;12:50;77.0;14:00;1000;3.0
ComDragagem2035;6717;49.0;366.0;15.0;1;0;0;74;3:08;69.5;12.92;1.92;84.33;1.75;0.0;1.75;2.52;38.88;43.17;;;;;;SANTOSBR;CGC;;BERÇO TECON 3;77;15:30;77;16:50;77;18:36;79;9:30;79.0;12:00;79.0;13:15;12500;3.0
ComDragagem2035;6718;23.0;265.0;9.25;0;0;0;74;2:04;4.33;18.67;54.33;77.33;1.17;9.58;10.75;2.56;15.61;28.92;;;;;;SANTOSBR;CGC;;BERÇO TECON 2;77;7:25;77;8:40;77;10:28;78;2:05;78.0;13:35;78.0;14:45;3000;3.0
ComDragagem2035;6719;23.0;295.0;9.25;0;0;0;74;0:02;3.08;20.67;30.58;54.33;0.0;0.5;0.5;2.37;21.3;24.17;;;;;;SANTOSBR;CGC;;BERÇO TECON 2;76;6:25;76;7:40;76;9:17;77;6:35;77.0;7:50;77.0;9:00;4000;3.0
ComDragagem2035;6720;23.0;155.0;0.0;0;0;0;74;1:06;6.33;55.08;15.17;76.58;0.92;1.17;2.08;9.73;29.82;41.67;;;;;;STOLTHAVEN;GL;;BERÇO AL 03;77;5:45;77;7:40;77;16:38;78;22:30;79.0;1:20;79.0;2:50;18000;1.0
ComDragagem2035;6721;23.0;175.0;9.25;0;0;0;74;0:00;0.0;0.0;6.67;6.67;0.0;6.25;6.25;5.68;50.86;62.83;;;;;;TERMAG;GSM - I;;BERÇO TERMAG;74;6:40;74;7:30;74;12:25;76;15:20;76.0;22:20;76.0;23:25;35000;2.0
ComDragagem2035;6722;23.0;175.0;8.75;0;0;1;74;4:12;7.67;109.42;12.5;129.58;0.08;2.33;2.42;1.69;20.97;25.08;;;;;;TEV;RORO;;BERÇO TEV;79;13:50;79;15:10;79;16:06;80;13:05;80.0;16:15;80.0;17:30;1500;3.0
ComDragagem2035;6723;23.0;185.0;0.0;0;0;0;74;2:05;10.58;104.92;20.33;135.83;0.0;2.25;2.25;3.77;29.94;36.0;;;;;;TRANSPETRO;GL;;BERÇO AL 01;79;17:55;79;19:50;79;22:51;81;4:50;81.0;7:50;81.0;9:20;35000;1.0
ComDragagem2035;6724;23.0;285.0;0.0;0;0;0;74;8:00;0.0;0.0;0.5;0.5;27.07;15.1;42.17;0.75;53.08;96.0;;;;;;TRSP;GL;;BERÇO TRSP;74;8:30;74;10:25;74;10:25;76;15:30;78.0;10:25;78.0;11:55;76500;1.0
ComDragagem2035;6726;36.0;225.0;0.0;0;0;0;75;5:14;0.58;0.0;8.67;9.25;0.67;0.33;1.0;0.92;99.0;100.92;;;;;;ARAUCO;CGNC;;BERÇO ARAUCO 3;75;14:30;75;16:40;75;16:50;79;19:50;79.0;21:35;79.0;23:35;55000;1.0
ComDragagem2035;6727;23.0;255.0;10.25;0;0;0;75;5:12;2.33;11.08;8.83;22.25;0.67;1.58;2.25;2.44;15.61;20.33;;;;;;TECON10;CGC;;BERÇO TECON10 1;76;3:30;76;5:15;76;6:56;76;22:35;77.0;1:35;77.0;3:15;3000;3.0
ComDragagem2035;6728;23.0;225.0;0.0;0;0;0;75;5:08;14.92;31.33;3.33;49.58;0.0;0.0;0.0;3.97;51.12;55.08;;;;;;ADM;GSA - E;;BERÇO ARM 39;77;6:45;77;7:50;77;11:03;79;14:10;79.0;14:55;79.0;15:35;70000;1.0
ComDragagem2035;6729;36.0;225.0;0.0;0;0;0;75;3:10;0.58;0.0;4.58;5.17;0.0;1.83;1.83;0.95;99.66;102.5;;;;;;BRACELL;CGNC;;BERÇO ARM 35P1;75;8:20;75;9:30;75;9:42;79;13:25;79.0;16:00;79.0;16:45;55000;1.0
ComDragagem2035;6730;23.0;135.0;7.75;0;0;0;75;4:13;44.58;300.67;32.17;377.42;0.0;0.0;0.0;5.98;20.71;26.75;;;;;;BTP;CGC;;BERÇO BTP 3;90;21:40;90;23:30;91;4:43;92;1:30;;;;;500;3.0
ComDragagem2035;6736;23.0;225.0;0.0;0;0;0;75;5:15;23.92;197.67;3.75;225.33;0.67;0.0;0.67;1.6;54.03;56.33;;;;;;CUTRALE - GSA - E;GSA - E;;BERÇO CUTRALE;84;14:35;84;15:40;84;16:31;86;22:35;87.0;0:00;87.0;0:40;70000;1.0
ComDragagem2035;6737;23.0;185.0;9.25;0;0;0;75;5:12;7.42;91.25;12.75;111.42;0.0;1.33;1.33;3.45;13.38;18.17;;;;;;DPW - CGC;CGC;;BERÇO DPW 1;79;20:40;79;22:00;80;0:42;80;14:05;80.0;16:10;80.0;17:45;1000;3.0
ComDragagem2035;6738;23.0;275.0;9.75;0;0;0;75;4:08;7.67;79.58;11.25;98.5;0.0;2.0;2.0;2.57;17.86;22.5;;;;;;DPW - CGC;CGC;;BERÇO DPW 2;79;6:40;79;8:20;79;10:09;80;4:05;80.0;6:50;80.0;8:25;3000;3.0
ComDragagem2035;6742;23.0;185.0;9.25;0;0;0;75;5:12;3.08;0.0;60.67;63.75;0.0;0.75;0.75;4.67;16.8;22.25;;;;;;SANTOSBR;CGC;;BERÇO TECON 1.2;77;21:00;77;22:15;78;2:10;78;19:00;78.0;20:30;78.0;21:40;1000;3.0
ComDragagem2035;6743;23.0;185.0;9.25;0;0;0;75;4:10;3.08;0.0;41.58;44.67;0.0;0.0;0.0;2.69;16.8;19.5;;;;;;SANTOSBR;CGC;;BERÇO TECON 1.2;77;0:50;77;2:05;77;4:01;77;20:50;77.0;21:35;77.0;22:45;1000;3.0
ComDragagem2035;6744;23.0;255.0;10.25;0;0;0;75;5:12;6.0;1.08;97.75;104.83;0.25;0.58;0.83;2.41;15.61;18.92;;;;;;SANTOSBR;CGC;;BERÇO TECON 2;79;14:05;79;15:20;79;16:59;80;8:40;80.0;10:15;80.0;11:25;3000;3.0
ComDragagem2035;6745;23.0;295.0;10.75;0;0;0;75;4:10;4.33;1.67;74.83;80.83;0.0;0.58;0.58;2.58;21.3;24.5;;;;;;SANTOSBR;CGC;;BERÇO TECON 2;78;13:00;78;14:15;78;16:04;79;13:25;79.0;14:45;79.0;15:55;4000;3.0
ComDragagem2035;6747;23.0;195.0;8.75;0;0;1;75;6:17;15.83;106.83;9.0;131.67;0.17;1.75;1.92;1.98;20.97;24.92;;;;;;TEV;RORO;;BERÇO TEV;80;18:00;80;19:20;80;20:33;81;17:35;81.0;20:15;81.0;21:30;1500;3.0
ComDragagem2035;6748;23.0;175.0;0.0;0;0;0;75;4:15;0.58;0.0;4.42;5.0;10.42;10.5;20.92;8.92;90.66;120.5;;;;;;USIMINAS;CGNC;;BERÇO USIMINAS 1;75;9:15;75;11:40;75;19:50;79;14:30;80.0;12:10;80.0;14:10;35000;1.0
ComDragagem2035;6750;22.0;105.9;6.8;0;0;0;75;14:40;0.0;0.0;0.58;0.58;0.0;1.08;1.08;0.82;28.0;29.92;;;;;;SAIPEM;CGNC;;BERÇO SAIPEM 1;75;15:15;75;16:10;75;16:14;76;20:15;76.0;22:05;76.0;22:35;0;1.0
ComDragagem2035;6751;23.0;185.0;9.75;0;0;0;76;7:22;1.75;13.75;7.08;22.58;1.67;8.58;10.25;2.86;16.8;29.92;;;;;;TECON10;CGC;;BERÇO TECON10 4;77;6:00;77;7:45;77;9:51;78;2:40;78.0;13:40;78.0;15:20;1000;3.0
ComDragagem2035;6752;23.0;245.0;10.75;0;0;0;76;7:22;1.75;11.33;3.5;16.58;0.67;0.58;1.25;5.9;15.61;22.83;;;;;;TECON10;CGC;;BERÇO TECON10 1;77;0:00;77;1:45;77;6:54;77;22:35;78.0;0:35;78.0;2:15;3000;3.0
ComDragagem2035;6753;23.0;295.0;12.25;0;0;0;76;7:22;3.5;28.33;12.25;44.08;1.67;6.33;8.0;3.91;21.3;33.25;;;;;;TECON10;CGC;;BERÇO TECON10 3;78;3:30;78;5:15;78;8:24;79;5:45;79.0;14:30;79.0;16:10;4000;3.0
ComDragagem2035;6754;23.0;155.0;0.0;0;0;0;76;8:21;1.75;0.0;23.92;25.67;0.75;3.08;3.83;1.47;45.88;51.25;;;;;;AGEO_TERMINAIS;GL;;BERÇO Ageo I;77;10:05;77;11:50;77;12:33;79;10:30;79.0;15:05;79.0;16:25;18000;1.0
ComDragagem2035;6757;23.0;275.0;10.25;0;0;0;76;6:17;13.92;82.0;9.0;104.92;0.0;0.33;0.33;1.85;17.86;20.08;;;;;;DPW - CGC;CGC;;BERÇO DPW 1;80;15:15;80;16:35;80;17:41;81;11:35;81.0;12:40;81.0;14:15;3000;3.0
ComDragagem2035;6758;23.0;135.0;6.75;0;0;0;76;6:19;1.25;24.75;3.92;29.92;0.0;1.83;1.83;6.2;7.08;15.17;;;;;;SANTOSBR;CGC;;BERÇO TECON 1.1;77;12:15;77;13:30;77;18:57;78;2:05;78.0;4:40;78.0;5:50;500;3.0
ComDragagem2035;6759;23.0;215.0;9.25;0;0;0;76;7:19;2.5;38.67;3.67;44.83;0.0;0.0;0.0;4.44;16.8;21.25;;;;;;SANTOSBR;CGC;;BERÇO TECON 1.1;78;4:10;78;5:25;78;9:06;79;1:55;79.0;2:40;79.0;3:50;1000;3.0
ComDragagem2035;6760;49.0;366.0;15.0;1;0;0;76;6:19;106.67;13.58;0.33;120.58;28.17;1.5;29.67;2.9;38.88;71.5;;;;;;SANTOSBR;CGC;;BERÇO TECON 2;81;6:55;81;8:15;81;10:24;83;1:20;84.0;7:45;84.0;9:00;12500;3.0
ComDragagem2035;6761;23.0;255.0;10.75;0;0;0;76;8:23;12.5;83.17;1.33;97.0;0.0;1.0;1.0;4.07;15.61;20.75;;;;;;SANTOSBR;CGC;;BERÇO TECON 2;80;9:25;80;10:40;80;13:59;81;5:40;81.0;7:25;81.0;8:35;3000;3.0
ComDragagem2035;6762;23.0;225.0;0.0;0;0;0;76;7:13;3.0;16.17;4.08;23.25;0.0;0.08;0.08;2.53;78.07;80.75;;;;;;TEG;GSA - E;;BERÇO TEG;77;6:30;77;7:40;77;9:26;80;15:35;80.0;16:25;80.0;17:10;70000;1.0
ComDragagem2035;6766;23.0;185.0;9.25;0;0;0;76;8:20;5.17;55.0;8.25;68.42;1.83;0.5;2.33;0.75;62.88;66.0;;;;;;VOPAK;GL;;BERÇO AL 03;79;4:45;79;6:20;79;6:20;81;21:15;82.0;0:20;82.0;2:10;35000;2.0
ComDragagem2035;6767;23.0;185.0;10.25;0;0;0;77;13:36;1.75;16.17;5.17;23.08;0.0;0.0;0.0;1.66;16.8;18.5;;;;;;TECON10;CGC;;BERÇO TECON10 4;78;12:45;78;14:30;78;15:24;79;8:15;79.0;9:00;79.0;10:40;1000;3.0
ComDragagem2035;6768;23.0;235.0;11.75;0;0;0;77;13:36;1.75;8.67;2.75;13.17;0.0;0.08;0.08;4.14;15.61;19.83;;;;;;TECON10;CGC;;BERÇO TECON10 1;78;2:50;78;4:35;78;7:58;78;23:35;79.0;0:25;79.0;2:05;3000;3.0
ComDragagem2035;6773;23.0;185.0;10.25;0;0;0;77;12:35;11.75;45.83;8.0;65.58;1.25;3.58;4.83;1.5;13.38;19.75;;;;;;DPW - CGC;CGC;;BERÇO DPW 2;80;6:10;80;7:50;80;8:35;80;22:00;81.0;3:35;81.0;5:10;1000;3.0
ComDragagem2035;6774;23.0;255.0;11.25;0;0;0;77;12:35;11.92;46.75;9.92;68.58;0.0;1.0;1.0;2.24;17.86;21.17;;;;;;DPW - CGC;CGC;;BERÇO DPW 3;80;9:10;80;10:45;80;12:14;81;6:10;81.0;7:55;81.0;9:05;3000;3.0
ComDragagem2035;6776;23.0;195.0;9.75;0;0;0;77;12:32;1.25;29.42;0.67;31.33;8.0;3.58;11.58;3.25;16.8;31.67;;;;;;SANTOSBR;CGC;;BERÇO TECON 1.2;78;19:55;78;21:10;78;23:40;79;16:30;80.0;4:50;80.0;6:00;1000;3.0
ComDragagem2035;6777;23.0;235.0;11.75;0;0;0;77;13:36;4.17;51.08;0.0;55.25;0.0;1.42;1.42;3.59;15.61;20.67;;;;;;SANTOSBR;CGC;;BERÇO TECON 3;79;20:55;79;22:10;80;1:00;80;16:40;80.0;18:50;80.0;20:00;3000;3.0
ComDragagem2035;6778;23.0;225.0;0.0;0;0;0;77;10:25;0.0;0.0;0.17;0.17;0.75;5.08;5.83;2.49;39.92;48.25;;;;;;TGG;GSA - E;;BERÇO TGG;77;10:35;77;11:45;77;13:29;79;5:25;79.0;12:00;79.0;12:45;70000;1.0
ComDragagem2035;6780;23.0;225.0;10.25;0;0;0;77;13:35;2.58;8.42;2.0;13.0;0.0;0.0;0.0;2.4;104.45;106.92;;;;;;TIPLAM - GSM - I;GSM - I;;BERÇO TIPLAM 1;78;2:35;78;5:10;78;6:49;82;15:20;82.0;16:05;82.0;18:05;70000;2.0
ComDragagem2035;6781;23.0;185.0;0.0;0;0;0;77;14:36;15.67;68.83;6.25;90.75;1.5;3.08;4.58;2.54;29.94;37.08;;;;;;TRANSPETRO;GL;;BERÇO AL 01;81;9:25;81;11:20;81;13:07;82;19:05;83.0;0:25;83.0;1:55;35000;1.0
ComDragagem2035;6782;23.0;165.0;9.25;0;0;0;77;14:37;0.0;0.0;0.08;0.08;0.0;1.08;1.08;5.93;90.66;97.67;;;;;;USIMINAS;CGNC;;BERÇO USIMINAS 2;77;14:45;77;16:50;77;22:00;81;16:40;81.0;18:30;81.0;20:50;35000;2.0
ComDragagem2035;6784;23.0;215.0;10.25;0;0;0;78;16:42;0.0;2.5;0.0;2.5;8.0;5.25;13.25;2.99;16.8;33.08;;;;;;TECON10;CGC;;BERÇO TECON10 2;78;19:15;78;21:00;78;23:14;79;16:05;80.0;6:05;80.0;7:45;1000;3.0
ComDragagem2035;6785;23.0;185.0;10.25;0;0;0;78;14:38;2.17;8.08;5.5;15.75;0.75;1.25;2.0;2.26;16.8;21.08;;;;;;TECON10;CGC;;BERÇO TECON10 1;79;6:25;79;8:10;79;9:40;80;2:30;80.0;5:15;80.0;6:55;1000;3.0
ComDragagem2035;6786;23.0;255.0;11.75;0;0;0;78;14:38;2.17;8.08;6.92;17.17;2.25;5.58;7.83;2.95;15.61;26.42;;;;;;TECON10;CGC;;BERÇO TECON10 4;79;7:50;79;9:35;79;11:47;80;3:25;80.0;12:00;80.0;13:40;3000;3.0
ComDragagem2035;6787;23.0;225.0;0.0;0;0;0;78;14:35;2.0;7.92;4.5;14.42;0.0;0.25;0.25;3.41;51.12;54.83;;;;;;RUMO - GSA - E;GSA - E;;BERÇO RUMO 1;79;5:00;79;6:35;79;9:14;81;12:25;81.0;13:25;81.0;14:35;70000;1.0
ComDragagem2035;6796;23.0;215.0;10.25;0;0;0;78;15:40;12.58;40.08;15.67;68.33;0.0;0.33;0.33;3.26;13.38;17.0;;;;;;DPW - CGC;CGC;;BERÇO DPW 1;81;12:00;81;13:20;81;15:50;82;5:15;82.0;6:20;82.0;7:55;1000;3.0
ComDragagem2035;6797;23.0;195.0;10.25;0;0;0;78;13:36;13.08;41.5;14.08;68.67;0.0;0.0;0.0;1.61;13.38;15.0;;;;;;DPW - CGC;CGC;;BERÇO DPW 3;81;10:20;81;11:55;81;12:46;82;2:10;82.0;2:55;82.0;4:05;1000;3.0
ComDragagem2035;6798;23.0;215.0;10.25;0;0;0;78;15:40;14.83;52.83;16.83;84.5;0.0;1.25;1.25;2.33;13.38;17.0;;;;;;DPW - CGC;CGC;;BERÇO DPW 3;82;4:10;82;5:45;82;7:19;82;20:45;82.0;22:45;82.0;23:55;1000;3.0
ComDragagem2035;6799;23.0;265.0;11.75;0;0;0;78;17:45;14.08;60.58;8.92;83.58;0.0;2.25;2.25;2.03;17.86;22.17;;;;;;DPW - CGC;CGC;;BERÇO DPW 1;82;5:20;82;6:40;82;7:56;83;1:50;83.0;4:50;83.0;6:25;3000;3.0
ComDragagem2035;6800;23.0;295.0;12.75;0;0;0;78;13:36;13.25;39.17;8.42;60.83;1.75;9.08;10.83;3.04;21.93;35.83;;;;;;DPW - CGC;CGC;;BERÇO DPW 2;81;2:30;81;4:10;81;6:27;82;4:25;82.0;16:00;82.0;17:35;4000;3.0
ComDragagem2035;6801;36.0;225.0;0.0;0;0;0;78;16:44;0.0;0.0;1.17;1.17;1.33;9.0;10.33;2.63;64.0;77.0;;;;;;DPW - CGNC;CGNC;;BERÇO DPW 4;78;17:55;78;19:30;78;21:22;81;13:25;82.0;0:30;82.0;1:40;55000;1.0
ComDragagem2035;6803;23.0;215.0;10.75;0;0;0;78;17:46;1.67;7.25;4.42;13.33;1.75;4.25;6.0;4.71;16.8;27.58;;;;;;SANTOSBR;CGC;;BERÇO TECON 1.1;79;7:10;79;8:25;79;12:22;80;5:15;80.0;12:00;80.0;13:10;1000;3.0
ComDragagem2035;6805;23.0;195.0;9.25;0;0;1;78;13:40;12.75;68.0;0.0;80.75;1.08;0.17;1.25;2.13;20.97;24.42;;;;;;TEV;RORO;;BERÇO TEV;81;22:25;81;23:45;82;1:07;82;22:10;83.0;0:10;83.0;1:25;1500;3.0
ComDragagem2035;6806;23.0;195.0;9.25;0;0;1;78;13:41;18.33;88.17;3.83;110.33;0.0;0.67;0.67;2.25;20.97;23.92;;;;;;TEV;RORO;;BERÇO TEV;83;4:05;83;5:25;83;6:55;84;3:55;84.0;5:20;84.0;6:35;1500;3.0
ComDragagem2035;6808;23.0;155.0;0.0;0;0;0;78;17:45;15.83;61.83;10.17;87.83;0.0;0.08;0.08;8.65;28.37;37.17;;;;;;TRANSPETRO;GL;;BERÇO AL 02;82;9:35;82;11:30;82;19:24;83;23:50;84.0;0:40;84.0;2:10;18000;1.0
ComDragagem2035;6809;23.0;185.0;0.0;0;0;0;78;16:42;11.83;35.33;4.75;51.92;0.0;0.17;0.17;2.81;29.94;32.92;;;;;;TRANSPETRO;GL;;BERÇO AL 02;80;20:40;80;22:35;81;0:38;82;6:35;82.0;7:30;82.0;9:00;35000;1.0
ComDragagem2035;6810;23.0;205.0;11.25;0;0;0;79;19:50;7.5;1.92;0.0;9.42;0.0;0.17;0.17;3.79;16.8;20.75;;;;;;TECON10;CGC;;BERÇO TECON10 2;80;5:15;80;7:00;80;10:02;81;2:50;81.0;3:45;81.0;5:25;1000;3.0
ComDragagem2035;6811;23.0;275.0;12.25;0;0;0;79;19:50;0.58;0.0;0.0;0.58;3.33;21.42;24.75;2.1;15.61;42.5;;;;;;TECON10;CGC;;BERÇO TECON10 3;79;20:25;79;22:10;79;23:31;80;15:10;81.0;16:40;81.0;18:20;3000;3.0
ComDragagem2035;6812;23.0;295.0;13.25;0;0;0;79;19:50;7.5;0.67;0.0;8.17;1.67;4.25;5.92;4.14;21.3;31.42;;;;;;TECON10;CGC;;BERÇO TECON10 1;80;4:00;80;5:45;80;9:08;81;6:30;81.0;13:10;81.0;14:50;4000;3.0
ComDragagem2035;6821;23.0;225.0;0.0;0;0;0;79;18:53;22.17;151.0;1.92;175.08;0.67;1.08;1.75;1.98;54.03;57.83;;;;;;CUTRALE - GSA - E;GSA - E;;BERÇO CUTRALE;87;2:00;87;3:05;87;4:18;89;10:25;89.0;12:55;89.0;13:35;70000;1.0
ComDragagem2035;6822;23.0;135.0;8.25;0;0;0;79;19:52;16.75;48.75;18.33;83.83;0.0;4.33;4.33;3.83;12.93;21.17;;;;;;DPW - CGC;CGC;;BERÇO DPW 3;83;7:45;83;9:20;83;12:24;84;1:25;84.0;6:30;84.0;7:40;500;3.0
ComDragagem2035;6823;23.0;215.0;10.75;0;0;0;79;17:46;15.92;49.17;10.67;75.75;0.0;0.08;0.08;2.5;13.38;16.0;;;;;;DPW - CGC;CGC;;BERÇO DPW 2;82;21:35;82;23:15;83;1:00;83;14:25;83.0;15:15;83.0;16:50;1000;3.0
ComDragagem2035;6824;49.0;366.0;15.0;1;0;0;79;19:52;150.33;7.33;0.0;157.67;4.33;1.67;6.0;1.35;41.74;49.08;;;;;;DPW - CGC;CGC;;BERÇO DPW 1;86;9:35;86;11:00;86;11:36;88;5:20;88.0;12:05;88.0;13:45;12500;3.0
ComDragagem2035;6825;23.0;235.0;12.25;0;0;0;79;17:46;16.58;51.0;14.17;81.75;0.0;4.0;4.0;2.43;17.86;24.33;;;;;;DPW - CGC;CGC;;BERÇO DPW 1;83;3:35;83;4:55;83;6:35;84;0:30;84.0;5:15;84.0;6:50;3000;3.0
ComDragagem2035;6826;23.0;305.0;13.75;0;0;0;79;19:52;18.0;74.25;1.33;93.58;0.0;0.0;0.0;3.05;21.93;25.0;;;;;;DPW - CGC;CGC;;BERÇO DPW 2;83;17:30;83;19:10;83;21:28;84;19:25;84.0;20:10;84.0;21:45;4000;3.0
ComDragagem2035;6828;23.0;225.0;13.25;0;0;0;79;18:49;0.0;0.0;0.17;0.17;0.33;0.17;0.5;2.37;49.28;52.17;;;;;;HIDROVIAS;GSM - I;;BERÇO ARM 23;79;19:00;79;20:00;79;21:37;81;22:55;82.0;0:10;82.0;1:25;70000;2.0
ComDragagem2035;6829;23.0;215.0;10.75;0;0;0;79;18:48;8.0;1.42;0.0;9.42;0.0;1.0;1.0;4.38;16.8;22.25;;;;;;SANTOSBR;CGC;;BERÇO TECON 1.2;80;4:15;80;5:30;80;9:07;81;2:00;81.0;3:45;81.0;4:55;1000;3.0
ComDragagem2035;6830;23.0;265.0;12.25;0;0;0;79;18:48;10.75;33.17;1.08;45.0;0.67;0.83;1.5;2.59;15.61;19.75;;;;;;SANTOSBR;CGC;;BERÇO TECON 3;81;15:50;81;17:05;81;18:55;82;10:35;82.0;12:50;82.0;14:00;3000;3.0
ComDragagem2035;6831;23.0;265.0;12.25;0;0;0;79;17:47;9.5;14.58;0.33;24.42;0.0;1.83;1.83;3.48;15.61;20.92;;;;;;SANTOSBR;CGC;;BERÇO TECON 3;80;18:15;80;19:30;80;22:13;81;13:50;81.0;16:25;81.0;17:35;3000;3.0
ComDragagem2035;6832;23.0;155.0;8.25;0;0;0;79;14:41;12.83;44.83;1.83;59.5;0.0;3.92;3.92;15.92;29.82;49.67;;;;;;STOLTHAVEN;GL;;BERÇO AL 03;82;2:15;82;3:50;82;19:00;84;0:50;84.0;5:30;84.0;7:20;18000;2.0
ComDragagem2035;6833;23.0;225.0;14.25;0;0;0;79;15:44;0.0;0.0;2.92;2.92;0.0;0.42;0.42;8.67;111.09;120.25;;;;;;TERMAG;GSM - I;;BERÇO TERMAG;79;18:40;79;19:30;80;3:25;84;18:35;84.0;19:45;84.0;20:50;70000;2.0
ComDragagem2035;6835;23.0;165.0;9.75;0;0;0;79;18:51;0.25;0.0;0.17;0.42;0.0;3.5;3.5;0.75;41.58;45.83;;;;;;VOPAK;GL;;BERÇO AL 04;79;19:20;79;20:55;79;20:55;81;14:30;81.0;18:45;81.0;20:35;18000;2.0
ComDragagem2035;6836;36.0;225.0;0.0;0;0;0;80;21:28;2.17;0.0;0.58;2.75;1.75;13.33;15.08;0.95;99.0;115.08;;;;;;ARAUCO;CGNC;;BERÇO ARAUCO 2;81;0:15;81;2:25;81;2:37;85;5:40;85.0;21:30;85.0;23:15;55000;1.0
ComDragagem2035;6837;23.0;135.0;7.25;0;0;0;80;22:59;7.58;32.42;11.0;51.0;0.5;1.08;1.58;2.96;7.08;11.67;;;;;;TECON10;CGC;;BERÇO TECON10 4;83;2:00;83;3:45;83;5:57;83;13:05;83.0;15:25;83.0;17:05;500;3.0
ComDragagem2035;6838;23.0;205.0;11.75;0;0;0;80;22:57;1.0;0.08;2.17;3.25;1.83;13.08;14.92;4.44;16.8;36.17;;;;;;TECON10;CGC;;BERÇO TECON10 2;81;2:15;81;4:00;81;7:41;82;0:30;82.0;16:10;82.0;17:50;1000;3.0
ComDragagem2035;6839;23.0;275.0;13.25;0;0;0;80;22:59;1.0;0.08;0.42;1.5;1.67;2.92;4.58;1.77;15.61;22.0;;;;;;TECON10;CGC;;BERÇO TECON10 4;81;0:30;81;2:15;81;3:16;81;18:55;82.0;0:15;82.0;1:55;3000;3.0
ComDragagem2035;6840;23.0;255.0;13.25;0;0;0;80;22:57;2.92;19.83;7.33;30.08;1.67;9.67;11.33;3.79;15.61;30.75;;;;;;TECON10;CGC;;BERÇO TECON10 1;82;5:05;82;6:50;82;9:52;83;1:30;83.0;13:35;83.0;15:15;3000;3.0
ComDragagem2035;6841;43.0;339.0;14.0;0;0;0;80;21:56;19.75;4.42;0.0;24.17;0.0;2.0;2.0;2.1;25.92;30.08;;;;;;TECON10;CGC;;BERÇO TECON10 3;81;22:10;81;23:55;82;1:16;83;3:15;83.0;6:00;83.0;7:40;6000;3.0
ComDragagem2035;6842;23.0;225.0;0.0;0;0;0;80;23:44;3.5;0.0;7.58;11.08;0.0;0.0;0.0;4.68;51.12;55.83;;;;;;ADM;GSA - E;;BERÇO ARM 39;81;10:50;81;11:55;81;15:50;83;19:00;83.0;19:45;83.0;20:25;70000;1.0
ComDragagem2035;6843;23.0;185.0;11.75;0;0;0;80;22:58;1.0;0.0;1.42;2.42;0.0;0.17;0.17;1.48;64.43;66.08;;;;;;AGEO_TERMINAIS;GL;;BERÇO Ageo I;81;1:25;81;2:50;81;3:33;83;20:00;83.0;20:55;83.0;22:35;35000;2.0
ComDragagem2035;6849;23.0;205.0;11.75;0;0;0;80;23:42;9.42;52.67;20.33;82.42;0.0;0.08;0.08;3.99;13.38;17.5;;;;;;DPW - CGC;CGC;;BERÇO DPW 3;84;10:10;84;11:45;84;14:59;85;4:25;85.0;5:15;85.0;6:25;1000;3.0
ComDragagem2035;6850;23.0;275.0;14.25;0;0;0;80;23:42;10.33;80.08;0.83;91.25;0.0;4.67;4.67;3.09;17.86;25.67;;;;;;DPW - CGC;CGC;;BERÇO DPW 2;84;19:00;84;20:40;84;23:00;85;16:55;85.0;22:20;85.0;23:55;3000;3.0
ComDragagem2035;6852;23.0;225.0;14.25;0;0;0;80;22:57;1.0;0.0;1.67;2.67;3.25;4.33;7.58;9.26;49.28;66.17;;;;;;HIDROVIAS;GSM - I;;BERÇO ARM 22/23;81;1:40;81;2:45;81;11:15;83;12:35;83.0;20:55;83.0;22:15;70000;2.0
ComDragagem2035;6853;23.0;135.0;7.25;0;0;0;80;21:57;1.25;0.83;0.67;2.75;0.0;4.92;4.92;4.23;7.08;16.25;;;;;;SANTOSBR;CGC;;BERÇO TECON 1.1;81;0:45;81;2:00;81;5:28;81;12:35;81.0;18:15;81.0;19:25;500;3.0
ComDragagem2035;6854;23.0;205.0;11.75;0;0;0;80;22:59;1.0;0.83;1.92;3.75;1.17;0.58;1.75;1.42;16.8;20.0;;;;;;SANTOSBR;CGC;;BERÇO TECON 1.2;81;2:45;81;4:00;81;4:40;81;21:30;82.0;0:00;82.0;1:10;1000;3.0
ComDragagem2035;6855;49.0;366.0;15.0;1;0;0;80;21:57;119.83;5.67;0.33;125.83;7.92;2.75;10.67;3.21;38.88;52.75;;;;;;SANTOSBR;CGC;;BERÇO TECON 2;86;3:50;86;5:10;86;7:37;87;22:30;88.0;9:55;88.0;11:10;12500;3.0
ComDragagem2035;6856;23.0;275.0;13.75;0;0;0;80;23:29;6.08;43.5;6.92;56.5;0.0;1.92;1.92;2.07;15.61;19.67;;;;;;SANTOSBR;CGC;;BERÇO TECON 1/2;83;8:00;83;9:15;83;10:34;84;2:15;84.0;4:55;84.0;6:05;3000;3.0
ComDragagem2035;6857;23.0;295.0;13.75;0;0;0;80;22:59;2.42;29.58;5.25;37.25;0.0;0.0;0.0;2.87;21.3;24.17;;;;;;SANTOSBR;CGC;;BERÇO TECON 3;82;12:15;82;13:30;82;15:37;83;12:55;83.0;13:40;83.0;14:50;4000;3.0
ComDragagem2035;6858;23.0;225.0;0.0;0;0;0;80;20:54;3.25;2.0;8.42;13.67;0.0;0.0;0.0;2.54;78.07;80.67;;;;;;TEG;GSA - E;;BERÇO TEG;81;10:35;81;11:45;81;13:32;84;19:40;84.0;20:25;84.0;21:10;70000;1.0
ComDragagem2035;6860;23.0;225.0;0.0;0;0;0;80;20:56;1.17;0.0;4.83;6.0;0.0;0.33;0.33;2.26;39.92;42.58;;;;;;TGG;GSA - E;;BERÇO TGG;81;3:00;81;4:10;81;5:40;82;21:40;82.0;22:45;82.0;23:30;70000;1.0
ComDragagem2035;6862;23.0;195.0;11.75;0;0;0;80;21:58;2.0;0.0;0.0;2.0;5.0;19.17;24.17;9.8;85.0;119.0;;;;;;TIPLAM - GSM - I;GSM - I;;BERÇO TIPLAM 4;81;0:00;81;2:05;81;11:08;85;0:10;86.0;1:05;86.0;3:35;45000;2.0
ComDragagem2035;6863;23.0;225.0;13.75;0;0;0;80;21:58;7.5;31.5;6.67;45.67;2.0;1.5;3.5;2.28;104.45;110.25;;;;;;TIPLAM - GSM - I;GSM - I;;BERÇO TIPLAM 1;82;19:40;82;22:15;82;23:46;87;8:15;87.0;12:30;87.0;14:30;70000;2.0
ComDragagem2035;6864;23.0;185.0;11.25;0;0;0;80;22:59;7.25;34.92;9.75;51.92;0.0;1.33;1.33;8.83;29.94;40.17;;;;;;TRANSPETRO;GL;;BERÇO AL 01;83;2:55;83;4:30;83;12:34;84;18:35;84.0;20:40;84.0;22:30;35000;2.0
ComDragagem2035;6865;36.0;225.0;0.0;0;0;0;81;1:04;0.0;0.0;0.92;0.92;3.5;20.42;23.92;6.16;99.0;129.08;;;;;;ARAUCO;CGNC;;BERÇO ARAUCO 1;81;2:00;81;4:10;81;9:34;85;12:35;86.0;13:15;86.0;15:00;55000;1.0
ComDragagem2035;6866;23.0;155.0;0.0;0;0;0;81;3:03;12.75;64.83;17.42;95.0;1.5;4.33;5.83;8.1;42.57;56.5;;;;;;STS;GL;;BERÇO AL 01;85;2:05;85;4:00;85;11:21;87;5:55;87.0;12:30;87.0;14:00;18000;1.0
ComDragagem2035;6867;23.0;215.0;8.75;0;0;0;81;3:08;7.92;41.0;15.0;63.92;0.0;0.5;0.5;2.49;16.8;19.83;;;;;;TECON10;CGC;;BERÇO TECON10 2;83;19:05;83;20:50;83;22:34;84;15:25;84.0;16:40;84.0;18:20;1000;3.0
ComDragagem2035;6868;23.0;255.0;9.25;0;0;0;81;1:03;1.92;19.75;3.75;25.42;0.75;0.0;0.75;3.37;15.61;19.75;;;;;;TECON10;CGC;;BERÇO TECON10 4;82;2:30;82;4:15;82;6:52;82;22:30;83.0;0:00;83.0;1:40;3000;3.0
ComDragagem2035;6869;23.0;255.0;9.25;0;0;0;81;1:02;1.92;27.58;8.08;37.58;0.83;2.5;3.33;3.13;15.61;22.08;;;;;;TECON10;CGC;;BERÇO TECON10 2;82;14:40;82;16:25;82;18:47;83;10:25;83.0;14:30;83.0;16:10;3000;3.0
ComDragagem2035;6870;43.0;339.0;14.0;0;0;0;81;1:03;33.5;9.58;12.58;55.67;4.42;0.42;4.83;3.06;25.92;33.83;;;;;;TECON10;CGC;;BERÇO TECON10 3;83;8:45;83;10:30;83;12:48;84;14:45;84.0;20:20;84.0;22:00;6000;3.0
ComDragagem2035;6871;23.0;185.0;0.0;0;0;0;81;3:06;0.0;0.0;6.92;6.92;2.0;13.67;15.67;1.51;64.43;81.67;;;;;;AGEO_TERMINAIS;GL;;BERÇO IB BC;81;10:05;81;11:50;81;12:35;84;5:05;84.0;21:30;84.0;22:50;35000;1.0
ComDragagem2035;6880;23.0;295.0;10.25;0;0;0;81;1:03;8.42;65.83;0.75;75.0;1.58;6.0;7.58;2.29;21.93;31.83;;;;;;DPW - CGC;CGC;;BERÇO DPW 1;84;4:05;84;5:25;84;6:57;85;4:55;85.0;13:15;85.0;14:50;4000;3.0
ComDragagem2035;6883;23.0;185.0;9.25;0;0;0;81;3:12;1.17;19.83;4.17;25.17;2.42;11.75;14.17;2.06;75.33;91.58;;;;;;HIDROVIAS;GSM - I;;BERÇO ARM 23;82;4:25;82;5:25;82;6:43;85;10:05;86.0;1:00;86.0;2:15;45000;2.0
ComDragagem2035;6885;23.0;215.0;8.75;0;0;0;81;3:08;1.42;18.58;6.42;26.42;0.0;0.42;0.42;6.2;16.8;23.42;;;;;;SANTOSBR;CGC;;BERÇO TECON 1.1;82;5:35;82;6:50;82;12:17;83;5:05;83.0;6:15;83.0;7:25;1000;3.0
ComDragagem2035;6886;23.0;185.0;8.25;0;0;0;81;0:01;1.42;19.75;6.08;27.25;0.75;0.0;0.75;1.81;16.8;19.42;;;;;;SANTOSBR;CGC;;BERÇO TECON 1.2;82;3:20;82;4:35;82;5:38;82;22:30;83.0;0:00;83.0;1:10;1000;3.0
ComDragagem2035;6887;23.0;255.0;9.25;0;0;0;81;0:02;5.58;3.92;51.58;61.08;1.5;4.33;5.83;3.36;15.61;24.83;;;;;;SANTOSBR;CGC;;BERÇO TECON 3;83;13:10;83;14:25;83;17:01;84;8:40;84.0;15:15;84.0;16:25;3000;3.0
ComDragagem2035;6888;23.0;255.0;9.25;0;0;0;81;1:02;8.17;19.25;54.17;81.58;0.0;0.0;0.0;4.31;15.61;19.92;;;;;;SANTOSBR;CGC;;BERÇO TECON 2;84;10:40;84;11:55;84;15:28;85;7:05;85.0;7:50;85.0;9:00;3000;3.0
ComDragagem2035;6889;23.0;295.0;10.75;0;0;0;81;3:08;8.17;16.67;48.5;73.33;0.0;1.5;1.5;6.19;21.3;29.0;;;;;;SANTOSBR;CGC;;BERÇO TECON 1/2;84;4:30;84;5:45;84;11:11;85;8:30;85.0;10:45;85.0;11:55;4000;3.0
ComDragagem2035;6890;23.0;175.0;0.0;0;0;0;81;1:06;10.17;54.83;15.5;80.5;0.0;0.08;0.08;19.65;59.07;78.83;;;;;;STOLTHAVEN;GL;;BERÇO AL 03;84;9:40;84;11:35;85;6:29;87;17:35;87.0;18:25;87.0;19:55;35000;1.0
ComDragagem2035;6891;23.0;225.0;9.75;0;0;0;81;0:00;7.58;87.42;0.0;95.0;0.0;0.0;0.0;4.82;111.09;115.92;;;;;;TERMAG;GSM - I;;BERÇO TERMAG;84;23:00;84;23:50;85;3:54;89;19:00;89.0;19:45;89.0;20:50;70000;2.0
ComDragagem2035;6892;23.0;225.0;0.0;0;0;0;81;0:04;5.42;38.5;8.33;52.25;0.0;0.75;0.75;2.79;39.92;43.5;;;;;;TGG;GSA - E;;BERÇO TGG;83;4:20;83;5:30;83;7:32;84;23:30;85.0;1:00;85.0;1:45;70000;1.0
ComDragagem2035;6893;23.0;185.0;0.0;0;0;0;81;0:03;10.17;51.17;13.5;74.83;0.0;0.25;0.25;14.77;29.94;45.0;;;;;;TRANSPETRO;GL;;BERÇO AL 02;84;2:55;84;4:50;84;18:51;86;0:50;86.0;1:50;86.0;3:20;35000;1.0
ComDragagem2035;6894;23.0;155.0;0.0;0;0;0;81;0:02;0.17;21.33;0.0;21.5;0.0;0.0;0.0;3.62;42.57;46.25;;;;;;ULTRACARGO;GL;;BERÇO AL 04;81;21:35;81;23:30;82;2:22;83;21:00;83.0;21:45;83.0;23:15;18000;1.0
ComDragagem2035;6895;23.0;185.0;9.25;0;0;0;82;5:12;4.67;16.67;9.67;31.0;1.5;0.0;1.5;3.64;16.8;22.0;;;;;;TECON10;CGC;;BERÇO TECON10 1;83;12:15;83;14:00;83;16:53;84;9:45;84.0;12:00;84.0;13:40;1000;3.0
ComDragagem2035;6896;23.0;275.0;9.75;0;0;0;82;4:09;5.83;21.67;10.75;38.25;0.0;0.08;0.08;3.12;15.61;18.83;;;;;;TECON10;CGC;;BERÇO TECON10 4;83;18:25;83;20:10;83;22:32;84;14:10;84.0;15:00;84.0;16:40;3000;3.0
ComDragagem2035;6897;23.0;225.0;0.0;0;0;0;82;5:10;18.75;20.58;0.0;39.33;0.0;3.83;3.83;2.83;51.12;57.83;;;;;;ADM;GSA - E;;BERÇO ARM 39;83;20:30;83;21:35;83;23:39;86;2:50;86.0;7:25;86.0;8:05;70000;1.0
ComDragagem2035;6898;23.0;155.0;0.0;0;0;0;82;7:18;0.0;0.0;2.5;2.5;1.5;3.83;5.33;1.32;45.88;52.58;;;;;;AGEO_TERMINAIS;GL;;BERÇO IB SP;82;9:50;82;11:35;82;12:09;84;10:05;84.0;16:10;84.0;17:30;18000;1.0
ComDragagem2035;6905;23.0;195.0;8.25;0;0;0;82;4:08;9.67;47.17;20.92;77.75;0.0;3.17;3.17;3.58;13.38;20.17;;;;;;DPW - CGC;CGC;;BERÇO DPW 3;85;9:55;85;11:30;85;14:19;86;3:45;86.0;7:40;86.0;8:50;1000;3.0
ComDragagem2035;6906;23.0;275.0;10.25;0;0;0;82;6:15;8.92;68.75;0.33;78.0;0.0;0.42;0.42;2.48;17.86;20.75;;;;;;DPW - CGC;CGC;;BERÇO DPW 1;85;12:15;85;13:35;85;15:18;86;9:10;86.0;10:20;86.0;11:55;3000;3.0
ComDragagem2035;6907;36.0;225.0;0.0;0;0;0;82;6:14;0.0;0.0;0.0;0.0;0.0;2.08;2.08;2.28;64.0;68.42;;;;;;DPW - CGNC;CGNC;;BERÇO DPW 4;82;6:15;82;7:50;82;9:21;85;1:25;85.0;4:15;85.0;5:25;55000;1.0
ComDragagem2035;6911;23.0;185.0;9.25;0;0;0;82;5:13;8.67;0.0;68.25;76.92;0.0;0.0;0.0;3.03;16.8;19.83;;;;;;SANTOSBR;CGC;;BERÇO TECON 1/2;85;10:10;85;11:25;85;13:41;86;6:30;86.0;7:15;86.0;8:25;1000;3.0
ComDragagem2035;6912;49.0;366.0;15.0;1;0;0;82;4:10;97.08;6.25;0.5;103.83;3.42;1.5;4.92;2.82;38.88;46.67;;;;;;SANTOSBR;CGC;;BERÇO TECON 3;86;12:00;86;13:20;86;15:24;88;6:20;88.0;12:00;88.0;13:15;12500;3.0
ComDragagem2035;6913;23.0;275.0;9.75;0;0;0;82;4:10;7.08;21.33;29.75;58.17;1.08;1.08;2.17;3.73;15.61;21.5;;;;;;SANTOSBR;CGC;;BERÇO TECON 3;84;14:20;84;15:35;84;18:33;85;10:10;85.0;13:05;85.0;14:15;3000;3.0
ComDragagem2035;6916;23.0;195.0;8.75;0;0;1;82;6:18;6.92;35.0;10.17;52.08;1.25;2.25;3.5;1.12;20.97;25.58;;;;;;TEV;RORO;;BERÇO TEV;84;10:25;84;11:45;84;12:07;85;9:05;85.0;13:20;85.0;14:35;1500;3.0
ComDragagem2035;6917;23.0;225.0;0.0;0;0;0;82;8:18;8.42;50.92;6.67;66.0;0.0;0.0;0.0;2.5;39.92;42.42;;;;;;TGG;GSA - E;;BERÇO TGG;85;2:20;85;3:30;85;5:15;86;21:10;86.0;21:55;86.0;22:40;70000;1.0
ComDragagem2035;6920;23.0;175.0;8.75;0;0;0;83;11:21;6.75;47.75;11.5;66.0;1.83;3.5;5.33;5.39;57.11;67.83;;;;;;STS;GL;;BERÇO AL 02;86;5:25;86;7:00;86;11:38;88;20:45;89.0;2:50;89.0;4:40;35000;2.0
ComDragagem2035;6921;23.0;215.0;9.25;0;0;0;83;7:20;3.42;24.17;3.17;30.75;0.0;1.17;1.17;3.62;16.8;21.58;;;;;;TECON10;CGC;;BERÇO TECON10 4;84;14:05;84;15:50;84;18:42;85;11:30;85.0;13:25;85.0;15:05;1000;3.0
ComDragagem2035;6922;23.0;275.0;10.25;0;0;0;83;7:20;3.08;22.42;3.17;28.67;3.33;20.42;23.75;2.24;15.61;41.67;;;;;;TECON10;CGC;;BERÇO TECON10 1;84;12:00;84;13:45;84;15:14;85;6:55;86.0;7:25;86.0;9:05;3000;3.0
ComDragagem2035;6923;23.0;195.0;11.75;0;0;0;83;5:22;0.0;0.0;3.58;3.58;1.5;0.33;1.83;6.51;89.37;97.75;;;;;;RUMO - GSM - I;GSM - I;;BERÇO RUMO 2;83;9:00;83;10:15;83;16:00;87;9:25;87.0;12:00;87.0;13:30;45000;2.0
ComDragagem2035;6924;23.0;155.0;8.25;0;0;0;83;10:25;0.0;0.0;0.0;0.0;4.0;21.17;25.17;1.56;45.88;72.67;;;;;;AGEO_TERMINAIS;GL;;BERÇO IB OE;83;10:25;83;11:50;83;12:38;85;10:35;86.0;12:30;86.0;14:10;18000;2.0
ComDragagem2035;6926;23.0;215.0;9.75;0;0;0;83;10:26;7.0;57.17;15.5;79.67;0.0;0.08;0.08;2.85;13.38;16.33;;;;;;DPW - CGC;CGC;;BERÇO DPW 2;86;18:10;86;19:50;86;21:56;87;11:20;87.0;12:10;87.0;13:45;1000;3.0
ComDragagem2035;6927;23.0;215.0;9.75;0;0;0;83;9:25;5.33;43.17;11.42;59.92;0.0;0.58;0.58;1.84;13.38;15.83;;;;;;DPW - CGC;CGC;;BERÇO DPW 2;85;21:20;85;23:00;86;0:05;86;13:30;86.0;14:50;86.0;16:25;1000;3.0
ComDragagem2035;6928;23.0;325.0;11.75;0;0;0;83;10:26;36.42;64.17;0.67;101.25;0.0;5.08;5.08;1.91;21.93;28.92;;;;;;DPW - CGC;CGC;;BERÇO DPW 2;87;15:45;87;17:25;87;18:34;88;16:30;88.0;22:20;88.0;23:55;4000;3.0
ComDragagem2035;6929;23.0;185.0;9.75;0;0;0;83;10:26;4.5;0.0;45.5;50.0;1.17;2.58;3.75;1.97;16.8;22.58;;;;;;SANTOSBR;CGC;;BERÇO TECON 3;85;12:30;85;13:45;85;14:58;86;7:50;86.0;12:20;86.0;13:30;1000;3.0
ComDragagem2035;6930;23.0;275.0;10.25;0;0;0;83;6:19;4.5;36.58;7.75;48.83;0.0;0.67;0.67;3.48;15.61;19.75;;;;;;SANTOSBR;CGC;;BERÇO TECON 2;85;7:10;85;8:25;85;11:08;86;2:45;86.0;4:10;86.0;5:20;3000;3.0
ComDragagem2035;6931;23.0;275.0;10.75;0;0;0;83;10:26;5.75;55.67;6.83;68.25;0.0;0.33;0.33;5.72;15.61;21.67;;;;;;SANTOSBR;CGC;;BERÇO TECON 1/2;86;6:45;86;8:00;86;12:58;87;4:35;87.0;5:40;87.0;6:50;3000;3.0
ComDragagem2035;6933;23.0;195.0;8.75;0;0;1;83;8:26;4.67;49.08;6.33;60.08;1.25;0.5;1.75;3.31;20.97;26.08;;;;;;TEV;RORO;;BERÇO TEV;85;20:35;85;21:55;86;0:28;86;21:30;87.0;0:00;87.0;1:15;1500;3.0
ComDragagem2035;6936;23.0;195.0;9.75;0;0;0;84;11:31;0.33;4.83;0.0;5.17;0.0;0.17;0.17;2.86;16.8;19.83;;;;;;TECON10;CGC;;BERÇO TECON10 2;84;16:45;84;18:30;84;20:36;85;13:25;85.0;14:20;85.0;16:00;1000;3.0
ComDragagem2035;6937;23.0;255.0;11.25;0;0;0;84;11:31;2.42;10.08;9.5;22.0;1.67;4.25;5.92;4.16;15.61;25.75;;;;;;TECON10;CGC;;BERÇO TECON10 3;85;9:35;85;11:20;85;14:44;86;6:25;86.0;13:05;86.0;14:45;3000;3.0
ComDragagem2035;6942;23.0;125.0;7.25;0;0;0;84;11:31;3.83;34.0;8.83;46.67;0.0;2.25;2.25;2.99;12.93;18.17;;;;;;DPW - CGC;CGC;;BERÇO DPW 3;86;10:15;86;11:50;86;14:04;87;3:00;87.0;6:00;87.0;7:10;500;3.0
ComDragagem2035;6943;49.0;366.0;15.0;1;0;0;84;11:31;88.0;17.75;0.0;105.75;0.0;0.0;0.0;3.69;41.74;45.5;;;;;;DPW - CGC;CGC;;BERÇO DPW 2;88;21:20;88;23:05;89;2:01;90;19:50;;;;;12500;3.0
ComDragagem2035;6944;23.0;305.0;12.25;0;0;0;84;11:31;6.0;93.58;0.58;100.17;0.0;1.92;1.92;2.8;21.93;26.67;;;;;;DPW - CGC;CGC;;BERÇO DPW 1;88;15:45;88;17:05;88;19:08;89;17:05;89.0;19:45;89.0;21:20;4000;3.0
ComDragagem2035;6945;23.0;185.0;11.25;0;0;0;84;7:25;0.0;0.0;1.92;1.92;0.0;1.08;1.08;2.89;75.33;79.33;;;;;;HIDROVIAS;GSM - I;;BERÇO ARM 22/23;84;9:20;84;10:25;84;12:33;87;15:55;87.0;17:45;87.0;19:05;45000;2.0
ComDragagem2035;6946;23.0;265.0;11.25;0;0;0;84;12:34;4.42;57.42;2.67;64.5;0.0;0.33;0.33;4.48;15.61;20.42;;;;;;SANTOSBR;CGC;;BERÇO TECON 1/2;87;5:05;87;6:20;87;10:03;88;1:40;88.0;2:45;88.0;3:55;3000;3.0
ComDragagem2035;6950;23.0;175.0;0.0;0;0;0;84;12:31;6.42;58.92;9.0;74.33;0.0;0.25;0.25;14.9;29.94;45.08;;;;;;TRANSPETRO;GL;;BERÇO AL 01;87;14:55;87;16:50;88;6:59;89;12:55;89.0;13:55;89.0;15:25;35000;1.0
ComDragagem2035;6951;23.0;285.0;0.0;0;0;0;84;10:30;0.67;0.0;7.33;8.0;18.65;16.68;35.33;0.75;53.08;89.17;;;;;;TRSP;GL;;BERÇO TRSP;84;18:30;84;20:25;84;20:25;87;1:30;88.0;13:35;88.0;15:05;76500;1.0
ComDragagem2035;6953;23.0;215.0;10.25;0;0;0;85;16:42;1.75;11.83;0.0;13.58;3.33;20.08;23.42;2.71;16.8;43.0;;;;;;TECON10;CGC;;BERÇO TECON10 1;86;6:20;86;8:05;86;10:02;87;2:55;88.0;3:05;88.0;4:45;1000;3.0
ComDragagem2035;6954;23.0;215.0;10.25;0;0;0;85;16:42;0.0;3.17;0.0;3.17;1.67;4.92;6.58;2.88;16.8;26.33;;;;;;TECON10;CGC;;BERÇO TECON10 2;85;19:55;85;21:40;85;23:47;86;16:40;87.0;0:00;87.0;1:40;1000;3.0
ComDragagem2035;6955;23.0;275.0;11.75;0;0;0;85;16:42;0.0;0.42;0.0;0.42;0.0;1.08;1.08;2.46;15.61;19.17;;;;;;TECON10;CGC;;BERÇO TECON10 4;85;17:10;85;18:55;85;20:37;86;12:15;86.0;14:05;86.0;15:45;3000;3.0
ComDragagem2035;6956;23.0;225.0;0.0;0;0;0;85;17:43;0.0;0.0;1.08;1.08;1.17;12.83;14.0;3.63;51.12;68.75;;;;;;RUMO - GSA - E;GSA - E;;BERÇO RUMO 1;85;18:50;85;20:25;85;23:17;88;2:25;88.0;17:10;88.0;18:20;70000;1.0
ComDragagem2035;6965;23.0;205.0;10.75;0;0;0;85;17:45;6.33;64.75;16.42;87.5;0.0;0.0;0.0;4.2;13.38;17.58;;;;;;DPW - CGC;CGC;;BERÇO DPW 3;89;9:15;89;10:50;89;14:17;90;3:40;90.0;4:25;90.0;5:35;1000;3.0
ComDragagem2035;6966;23.0;215.0;10.25;0;0;0;85;15:40;3.17;31.17;8.25;42.58;0.0;0.33;0.33;2.58;13.38;16.33;;;;;;DPW - CGC;CGC;;BERÇO DPW 3;87;10:15;87;11:50;87;13:39;88;3:05;88.0;4:10;88.0;5:20;1000;3.0
ComDragagem2035;6967;23.0;265.0;11.75;0;0;0;85;16:44;5.33;91.83;0.58;97.75;1.08;0.92;2.0;3.16;17.86;23.08;;;;;;DPW - CGC;CGC;;BERÇO DPW 1;89;18:30;89;19:50;89;22:14;90;16:10;90.0;18:55;90.0;20:30;3000;3.0
ComDragagem2035;6969;23.0;255.0;11.75;0;0;0;85;15:40;4.75;46.0;13.42;64.17;0.0;2.5;2.5;1.94;17.86;22.33;;;;;;DPW - CGC;CGC;;BERÇO DPW 3;88;7:50;88;9:25;88;10:36;89;4:30;89.0;7:45;89.0;8:55;3000;3.0
ComDragagem2035;6973;23.0;225.0;14.25;0;0;0;85;15:41;4.17;100.17;0.75;105.08;0.0;0.0;0.0;6.29;111.09;117.42;;;;;;TERMAG;GSM - I;;BERÇO TERMAG;90;0:50;90;1:40;90;7:12;94;22:20;;;;;70000;2.0
ComDragagem2035;6974;23.0;195.0;9.25;0;0;1;85;12:38;2.67;32.75;1.67;37.08;0.0;0.42;0.42;2.39;20.97;23.83;;;;;;TEV;RORO;;BERÇO TEV;87;1:45;87;3:05;87;4:43;88;1:45;88.0;2:55;88.0;4:10;1500;3.0
ComDragagem2035;6975;23.0;225.0;0.0;0;0;0;85;14:42;1.17;30.83;0.0;32.0;0.0;4.08;4.08;2.25;39.92;46.25;;;;;;TGG;GSA - E;;BERÇO TGG;86;22:45;86;23:55;87;1:25;88;17:20;88.0;22:10;88.0;22:55;70000;1.0
ComDragagem2035;6976;23.0;245.0;0.0;0;0;0;85;14:42;4.67;76.67;0.42;81.75;0.0;0.0;0.0;2.62;97.87;100.5;;;;;;TGG;GSA - E;;BERÇO TGG;89;0:30;89;1:40;89;3:32;93;5:25;;;;;85000;1.0
ComDragagem2035;6977;23.0;185.0;0.0;0;0;0;85;15:37;7.67;70.5;8.25;86.42;1.08;0.42;1.5;4.02;29.94;35.5;;;;;;TRANSPETRO;GL;;BERÇO AL 02;89;6:05;89;8:00;89;11:16;90;17:15;90.0;19:30;90.0;21:00;35000;1.0
ComDragagem2035;6979;36.0;225.0;0.0;0;0;0;86;14:42;0.0;0.0;2.58;2.58;0.0;0.0;0.0;2.43;99.0;101.5;;;;;;ARAUCO;CGNC;;BERÇO ARAUCO 1;86;17:20;86;19:30;86;21:10;91;0:15;;;;;55000;1.0
ComDragagem2035;6980;23.0;255.0;12.25;0;0;0;86;17:47;0.0;0.08;0.0;0.08;3.33;16.67;20.0;5.23;15.61;40.83;;;;;;TECON10;CGC;;BERÇO TECON10 3;86;17:55;86;19:40;87;0:08;87;15:45;88.0;12:30;88.0;14:10;3000;3.0
ComDragagem2035;6981;23.0;155.0;9.75;0;0;0;86;16:47;0.0;0.0;0.75;0.75;1.67;8.33;10.0;1.16;45.88;57.08;;;;;;AGEO_TERMINAIS;GL;;BERÇO Ageo I;86;17:35;86;19:00;86;19:24;88;17:20;89.0;4:05;89.0;5:45;18000;2.0
ComDragagem2035;6990;23.0;185.0;9.75;0;0;0;86;19:52;0.0;0.0;0.25;0.25;1.0;7.5;8.5;3.28;31.91;43.75;;;;;;DOW;GL;;BERÇO DOW;86;20:10;86;20:55;86;23:26;88;7:25;88.0;16:40;88.0;17:40;35000;2.0
ComDragagem2035;6991;23.0;215.0;10.75;0;0;0;86;17:46;6.33;62.42;15.67;84.42;0.0;0.0;0.0;2.14;13.38;15.58;;;;;;DPW - CGC;CGC;;BERÇO DPW 3;90;6:15;90;7:50;90;9:13;90;22:40;;;;;1000;3.0
ComDragagem2035;6992;23.0;215.0;10.75;0;0;0;86;17:47;5.83;72.75;17.25;95.83;0.0;0.0;0.0;1.56;13.38;15.0;;;;;;DPW - CGC;CGC;;BERÇO DPW 1;90;17:40;90;19:00;90;19:48;91;9:15;;;;;1000;3.0
ComDragagem2035;6996;23.0;195.0;11.75;0;0;0;86;18:49;0.0;0.0;0.0;0.0;0.0;0.17;0.17;3.62;75.33;79.17;;;;;;HIDROVIAS;GSM - I;;BERÇO ARM 23;86;18:50;86;19:50;86;22:42;90;2:05;90.0;3:00;90.0;4:15;45000;2.0
ComDragagem2035;6997;23.0;175.0;10.75;0;0;0;86;18:49;1.08;22.25;1.0;24.33;0.92;0.5;1.42;9.29;59.83;70.58;;;;;;HIDROVIAS;GSM - I;;BERÇO ARM 22/23;87;19:10;87;20:15;88;4:47;90;16:40;90.0;18:50;90.0;20:10;35000;2.0
ComDragagem2035;6998;23.0;215.0;10.75;0;0;0;86;17:47;2.5;0.0;35.75;38.25;0.0;1.58;1.58;3.4;16.8;21.83;;;;;;SANTOSBR;CGC;;BERÇO TECON 1.2;88;8:05;88;9:20;88;11:59;89;4:50;89.0;7:10;89.0;8:20;1000;3.0
ComDragagem2035;6999;23.0;215.0;10.75;0;0;0;86;17:47;2.5;0.0;34.08;36.58;0.0;0.08;0.08;2.22;16.8;19.17;;;;;;SANTOSBR;CGC;;BERÇO TECON 1.1;88;6:25;88;7:40;88;9:08;89;2:00;89.0;2:50;89.0;4:00;1000;3.0
ComDragagem2035;7000;23.0;265.0;12.25;0;0;0;86;17:47;2.5;29.92;7.25;39.67;1.17;7.25;8.42;2.02;15.61;26.08;;;;;;SANTOSBR;CGC;;BERÇO TECON 2;88;9:30;88;10:45;88;12:01;89;3:40;89.0;12:50;89.0;14:00;3000;3.0
ComDragagem2035;7001;23.0;185.0;10.75;0;0;0;86;14:41;1.58;27.75;0.0;29.33;0.0;0.0;0.0;20.86;59.07;80.0;;;;;;STOLTHAVEN;GL;;BERÇO AL 03;87;20:05;87;21:40;88;17:46;91;4:55;;;;;35000;2.0
ComDragagem2035;7003;23.0;165.0;9.75;0;0;0;86;12:45;2.08;27.5;0.0;29.58;2.5;2.67;5.17;6.21;18.55;30.0;;;;;;TIPLAM - GL;GL;;BERÇO TIPLAM 1;87;18:20;87;20:25;88;1:52;88;20:30;89.0;2:25;89.0;4:55;18000;2.0
ComDragagem2035;7004;23.0;165.0;9.25;0;0;0;86;18:51;0.0;0.0;0.25;0.25;0.0;1.67;1.67;0.75;41.58;44.0;;;;;;VOPAK;GL;;BERÇO AL 04;86;19:10;86;20:45;86;20:45;88;14:20;88.0;16:45;88.0;18:35;18000;2.0
ComDragagem2035;7005;23.0;175.0;11.25;0;0;0;86;18:51;3.17;43.75;1.83;48.75;0.0;0.0;0.0;0.75;62.88;63.67;;;;;;VOPAK;GL;;BERÇO AL 04;88;19:40;88;21:15;88;21:15;91;12:10;;;;;35000;2.0
ComDragagem2035;7006;23.0;135.0;7.25;0;0;0;87;21:56;1.75;0.0;2.17;3.92;0.0;1.25;1.25;5.69;7.08;14.08;;;;;;TECON10;CGC;;BERÇO TECON10 1;88;1:55;88;3:40;88;8:36;88;15:45;88.0;17:45;88.0;19:25;500;3.0
ComDragagem2035;7007;23.0;215.0;11.25;0;0;0;87;21:56;1.75;0.0;1.25;3.0;0.0;0.25;0.25;5.5;16.8;22.58;;;;;;TECON10;CGC;;BERÇO TECON10 2;88;1:00;88;2:45;88;7:30;89;0:20;89.0;1:20;89.0;3:00;1000;3.0
ComDragagem2035;7008;49.0;366.0;15.0;1;0;0;87;21:56;1.92;0.0;0.33;2.25;4.08;1.58;5.67;2.77;38.88;47.33;;;;;;TECON10;CGC;;BERÇO TECON10 4;88;0:15;88;2:05;88;4:06;89;19:00;90.0;1:25;90.0;3:10;12500;3.0
ComDragagem2035;7009;23.0;275.0;14.25;0;0;0;87;23:29;0.5;12.25;3.25;16.0;0.0;0.33;0.33;3.68;15.61;19.67;;;;;;TECON10;CGC;;BERÇO TECON10 3;88;15:30;88;17:15;88;20:10;89;11:50;89.0;12:55;89.0;14:35;3000;3.0
ComDragagem2035;7010;23.0;295.0;14.75;0;0;0;87;23:29;2.25;19.08;3.42;24.75;0.0;7.58;7.58;2.99;21.3;31.92;;;;;;TECON10;CGC;;BERÇO TECON10 2;89;0:15;89;2:00;89;4:14;90;1:35;90.0;9:55;90.0;11:35;4000;3.0
ComDragagem2035;7011;23.0;225.0;0.0;0;0;0;87;23:41;0.25;20.0;0.0;20.25;0.0;0.0;0.0;5.63;51.12;56.75;;;;;;RUMO - GSA - E;GSA - E;;BERÇO RUMO 1;88;20:00;88;21:35;89;2:27;91;5:35;;;;;70000;1.0
ComDragagem2035;7012;36.0;225.0;0.0;0;0;0;87;21:35;0.0;0.0;0.08;0.08;0.0;0.0;0.0;1.15;99.66;100.83;;;;;;BRACELL;CGNC;;BERÇO ARM 35P2;87;21:40;87;22:55;87;23:19;92;3:00;;;;;55000;1.0
ComDragagem2035;7023;23.0;215.0;11.25;0;0;0;87;21:55;1.25;0.0;21.08;22.33;1.17;3.0;4.17;7.14;16.8;28.17;;;;;;SANTOSBR;CGC;;BERÇO TECON 3;88;20:15;88;21:30;89;3:53;89;20:45;90.0;1:40;90.0;2:50;1000;3.0
ComDragagem2035;7024;23.0;215.0;12.25;0;0;0;87;23:29;1.75;0.0;29.33;31.08;0.0;5.83;5.83;2.96;16.8;25.67;;;;;;SANTOSBR;CGC;;BERÇO TECON 1.2;89;6:35;89;7:50;89;10:02;90;2:55;90.0;9:30;90.0;10:40;1000;3.0
ComDragagem2035;7025;23.0;275.0;13.75;0;0;0;87;23:24;3.08;2.83;57.58;63.5;0.0;0.0;0.0;2.95;15.61;18.58;;;;;;SANTOSBR;CGC;;BERÇO TECON 2;90;14:55;90;16:10;90;18:22;91;10:00;;;;;3000;3.0
ComDragagem2035;7026;23.0;295.0;13.75;0;0;0;87;21:57;2.5;3.58;32.17;38.25;0.0;0.42;0.42;4.23;21.3;26.0;;;;;;SANTOSBR;CGC;;BERÇO TECON 2;89;12:15;89;13:30;89;16:58;90;14:20;90.0;15:30;90.0;16:40;4000;3.0
ComDragagem2035;7027;43.0;339.0;14.0;0;0;0;87;21:57;3.75;3.58;43.25;50.58;0.0;0.0;0.0;4.47;25.92;30.42;;;;;;SANTOSBR;CGC;;BERÇO TECON 3;90;0:35;90;1:50;90;5:33;91;7:30;;;;;6000;3.0
ComDragagem2035;7028;23.0;195.0;9.75;0;0;1;87;20:58;1.33;4.67;3.17;9.17;0.0;0.92;0.92;1.98;20.97;23.92;;;;;;TEV;RORO;;BERÇO TEV;88;6:10;88;7:30;88;8:43;89;5:45;89.0;7:25;89.0;8:40;1500;3.0
ComDragagem2035;7030;23.0;225.0;0.0;0;0;0;87;21:42;0.25;0.0;0.33;0.58;0.92;0.5;1.42;3.99;61.75;67.17;;;;;;TGRAO;GSA - E;;BERÇO OUT 3;87;22:20;87;23:40;88;2:54;90;16:40;90.0;18:50;90.0;19:45;70000;1.0
ComDragagem2035;7031;23.0;175.0;10.25;0;0;0;87;21:59;2.0;0.0;0.0;2.0;0.0;0.0;0.0;3.41;72.19;75.67;;;;;;TIPLAM - GSM - I;GSM - I;;BERÇO TIPLAM 4;88;0:00;88;2:05;88;4:44;91;5:00;;;;;35000;2.0
ComDragagem2035;7032;23.0;225.0;13.75;0;0;0;87;21:59;4.58;21.83;5.42;31.83;0.0;0.0;0.0;7.24;104.45;111.75;;;;;;TIPLAM - GSM - I;GSM - I;;BERÇO TIPLAM 1;89;5:50;89;8:25;89;14:54;93;23:25;;;;;70000;2.0
ComDragagem2035;7033;23.0;185.0;11.75;0;0;0;87;22:54;2.67;32.83;5.08;40.58;0.0;0.0;0.0;1.51;29.94;31.5;;;;;;TRANSPETRO;GL;;BERÇO AL 01;89;15:30;89;17:05;89;17:50;90;23:50;;;;;35000;2.0
ComDragagem2035;7034;23.0;295.0;0.0;0;0;0;87;12:59;1.92;30.17;0.0;32.08;0.0;0.0;0.0;0.75;53.08;53.83;;;;;;TRSP;GL;;BERÇO TRSP;88;21:05;88;23:00;88;23:00;91;4:05;;;;;76500;1.0
ComDragagem2035;7035;38.0;333.33;8.6;0;1;0;87;6:30;0.17;0.0;0.83;1.0;0.92;12.92;13.83;0.75;11.25;25.83;;;;;;CONCAIS;PASSAGEIROS;;BERÇO OUT 2;87;7:30;87;8:50;87;8:50;87;20:05;88.0;10:40;88.0;11:35;0;3.0
ComDragagem2035;7036;36.0;225.0;0.0;0;0;0;88;2:07;0.0;0.0;5.17;5.17;0.0;0.0;0.0;1.15;99.0;100.17;;;;;;ARAUCO;CGNC;;BERÇO ARAUCO 2;88;7:20;88;9:30;88;9:54;92;12:55;;;;;55000;1.0
ComDragagem2035;7037;23.0;135.0;6.75;0;0;0;88;1:03;3.5;37.42;14.25;55.17;0.0;0.0;0.0;2.41;7.08;9.5;;;;;;TECON10;CGC;;BERÇO TECON10 2;90;8:15;90;10:00;90;11:39;90;18:45;;;;;500;3.0
ComDragagem2035;7038;23.0;185.0;7.75;0;0;0;88;0:01;1.75;19.08;8.08;28.92;0.0;0.75;0.75;2.53;16.8;20.08;;;;;;TECON10;CGC;;BERÇO TECON10 1;89;5:00;89;6:45;89;8:31;90;1:20;90.0;2:50;90.0;4:30;1000;3.0
ComDragagem2035;7039;23.0;255.0;9.25;0;0;0;88;1:02;1.75;24.33;8.83;34.92;1.67;2.83;4.5;2.08;15.61;22.25;;;;;;TECON10;CGC;;BERÇO TECON10 3;89;12:00;89;13:45;89;15:04;90;6:45;90.0;12:00;90.0;13:40;3000;3.0
ComDragagem2035;7040;23.0;295.0;9.75;0;0;0;88;1:03;3.5;34.92;8.83;47.25;0.0;0.0;0.0;3.27;21.3;24.58;;;;;;TECON10;CGC;;BERÇO TECON10 4;90;0:20;90;2:05;90;4:36;91;1:55;;;;;4000;3.0
ComDragagem2035;7041;23.0;185.0;0.0;0;0;0;88;2:06;0.0;0.0;3.75;3.75;1.33;3.83;5.17;1.08;37.45;43.75;;;;;;ADONAI;GL;;BERÇO IB BC;88;5:55;88;7:40;88;7:59;89;21:30;90.0;3:25;90.0;4:45;35000;1.0
ComDragagem2035;7042;23.0;185.0;0.0;0;0;0;88;2:05;0.0;0.0;5.5;5.5;0.0;0.0;0.0;1.41;64.43;65.83;;;;;;AGEO_TERMINAIS;GL;;BERÇO IB SP;88;7:35;88;9:20;88;9:59;91;2:25;;;;;35000;1.0
ComDragagem2035;7050;23.0;225.0;0.0;0;0;0;88;3:08;1.08;35.75;0.0;36.83;0.0;0.0;0.0;0.87;54.03;54.92;;;;;;CUTRALE - GSA - E;GSA - E;;BERÇO CUTRALE;89;16:00;89;17:05;89;17:12;91;23:15;;;;;70000;1.0
ComDragagem2035;7051;36.0;225.0;0.0;0;0;0;88;1:05;0.0;0.0;0.17;0.17;0.0;0.0;0.0;3.57;64.0;67.58;;;;;;DPW - CGNC;CGNC;;BERÇO DPW 4;88;1:15;88;2:50;88;5:39;90;21:40;;;;;55000;1.0
ComDragagem2035;7054;23.0;225.0;8.25;0;0;0;88;2:06;2.0;46.92;3.42;52.33;0.0;0.0;0.0;1.06;49.28;50.33;;;;;;HIDROVIAS;GSM - I;;BERÇO ARM 23;90;6:30;90;7:30;90;7:48;92;9:05;;;;;70000;2.0
ComDragagem2035;7056;23.0;185.0;8.75;0;0;0;88;2:04;1.25;0.0;31.33;32.58;0.0;0.0;0.0;3.1;16.8;19.92;;;;;;SANTOSBR;CGC;;BERÇO TECON 1.1;89;10:40;89;11:55;89;14:16;90;7:05;90.0;7:50;90.0;9:00;1000;3.0
ComDragagem2035;7057;23.0;185.0;8.75;0;0;0;88;2:05;2.5;0.0;50.58;53.08;0.0;0.0;0.0;2.88;16.8;19.75;;;;;;SANTOSBR;CGC;;BERÇO TECON 1.1;90;7:10;90;8:25;90;10:32;91;3:25;;;;;1000;3.0
ComDragagem2035;7061;23.0;225.0;0.0;0;0;0;88;4:07;0.5;0.0;3.67;4.17;0.0;0.0;0.0;1.62;78.07;79.75;;;;;;TEG;GSA - E;;BERÇO TEG;88;8:20;88;9:30;88;10:22;91;16:30;;;;;70000;1.0
ComDragagem2035;7065;23.0;175.0;0.0;0;0;0;88;4:07;0.0;0.0;1.25;1.25;0.0;0.0;0.0;2.99;90.66;93.67;;;;;;USIMINAS;CGNC;;BERÇO USIMINAS 1;88;5:25;88;7:50;88;10:04;92;4:45;;;;;35000;1.0
ComDragagem2035;7066;23.0;215.0;8.75;0;0;0;89;4:09;1.75;17.83;6.25;25.83;0.0;0.0;0.0;3.37;16.8;20.17;;;;;;TECON10;CGC;;BERÇO TECON10 1;90;6:00;90;7:45;90;10:22;91;3:10;;;;;1000;3.0
ComDragagem2035;7067;23.0;295.0;11.25;0;0;0;89;5:12;1.75;24.42;6.92;33.08;0.0;0.0;0.0;2.68;21.3;24.0;;;;;;TECON10;CGC;;BERÇO TECON10 3;90;14:20;90;16:05;90;18:00;91;15:20;;;;;4000;3.0
ComDragagem2035;7068;23.0;155.0;0.0;0;0;0;89;5:12;0.0;0.0;1.08;1.08;0.0;0.0;0.0;1.34;45.88;47.25;;;;;;AGEO_TERMINAIS;GL;;BERÇO Ageo I;89;6:20;89;8:05;89;8:40;91;6:35;;;;;18000;1.0
ComDragagem2035;7069;23.0;175.0;0.0;0;0;0;89;7:18;0.0;0.0;7.33;7.33;0.0;0.0;0.0;1.06;64.43;65.5;;;;;;AGEO_TERMINAIS;GL;;BERÇO IB OE;89;14:40;89;16:25;89;16:43;92;9:10;;;;;35000;1.0
ComDragagem2035;7083;23.0;235.0;10.25;0;0;0;89;4:10;1.25;27.0;0.67;28.92;0.0;0.0;0.0;4.36;15.61;20.0;;;;;;SANTOSBR;CGC;;BERÇO TECON 1.2;90;9:05;90;10:20;90;13:56;91;5:35;;;;;3000;3.0
ComDragagem2035;7087;23.0;195.0;8.75;0;0;1;89;6:16;0.0;1.17;2.0;3.17;0.0;0.0;0.0;2.26;20.97;23.25;;;;;;TEV;RORO;;BERÇO TEV;89;9:30;89;10:50;89;12:20;90;9:20;90.0;10:05;90.0;11:20;1500;3.0
ComDragagem2035;7088;23.0;175.0;0.0;0;0;0;89;4:16;0.0;0.0;4.67;4.67;0.0;0.0;0.0;9.92;90.66;100.58;;;;;;USIMINAS;CGNC;;BERÇO USIMINAS 4;89;9:00;89;11:25;89;20:35;93;15:15;;;;;35000;1.0
ComDragagem2035;7090;19.0;87.9;6.0;0;0;0;89;10:00;0.0;0.0;0.0;0.0;0.0;0.0;0.0;0.83;35.67;36.5;;;;;;SAIPEM;CGNC;;BERÇO SAIPEM 1;89;10:00;89;10:55;89;10:59;90;22:40;90.0;23:25;90.0;23:55;0;1.0
ComDragagem2035;7091;22.0;105.9;6.5;0;0;0;89;10:30;0.0;0.0;0.42;0.42;0.0;0.67;0.67;0.87;5.58;7.17;;;;;;SAIPEM;CGNC;;BERÇO SAIPEM 2;89;10:55;89;11:50;89;11:57;89;17:35;89.0;19:00;89.0;19:30;0;1.0
ComDragagem2035;7094;23.0;225.0;14.25;0;0;0;90;5:22;0.0;0.0;0.25;0.25;0.0;0.0;0.0;3.15;111.09;114.25;;;;;;RUMO - GSM - I;GSM - I;;BERÇO RUMO 2;90;5:40;90;6:55;90;9:19;95;0:25;;;;;70000;2.0
ComDragagem2035;7095;23.0;185.0;0.0;0;0;0;90;8:21;0.0;0.0;3.67;3.67;0.0;0.0;0.0;1.71;64.43;66.17;;;;;;AGEO_TERMINAIS;GL;;BERÇO IB BC;90;12:05;90;13:50;90;14:47;93;7:15;;;;;35000;1.0
ComDragagem2035;7104;23.0;195.0;8.75;0;0;1;90;9:27;0.0;0.67;4.5;5.17;0.0;0.0;0.0;10.61;20.97;31.58;;;;;;TEV;RORO;;BERÇO TEV;90;14:40;90;16:00;91;1:51;91;22:50;;;;;1500;3.0
ComDragagem2035;7108;38.0;333.33;8.6;0;1;0;90;6:42;0.0;0.0;0.17;0.17;0.0;0.0;0.0;0.75;10.67;11.42;;;;;;CONCAIS;PASSAGEIROS;;BERÇO OUT 2;90;6:55;90;8:15;90;8:15;90;18:55;;;;;0;3.0
