SCENARIO_ID;ARRIVAL_ID;BEAM;LENGTH;DRAFT;IS_NEW_PANAMAX;IS_PASSENGER;IS_RORO;ARRIVAL_D;ARRIVAL_H;METOCEAN_QUEUE_TIME;BERTH_QUEUE_TIME;CHANNEL_QUEUE_TIME;TOTAL_QUEUE_TIME;TERMINAL;BERTH_ID;BERTH;IN_SEG1_ARR_D;IN_SEG1_ARR_H;IN_SEG1_DP_D;IN_SEG1_DP_H;IN_SEG2_ARR_D;IN_SEG2_ARR_H;IN_SEG2_DP_D;IN_SEG2_DP_H;IN_SEG3_ARR_D;IN_SEG3_ARR_H;IN_SEG3_DP_D;IN_SEG3_DP_H;IN_SEG4_ARR_D;IN_SEG4_ARR_H;IN_SEG4_DP_D;IN_SEG4_DP_H;IN_SEG5_ARR_D;IN_SEG5_ARR_H;IN_SEG5_DP_D;IN_SEG5_DP_H;IN_SEG6_ARR_D;IN_SEG6_ARR_H;IN_SEG6_DP_D;IN_SEG6_DP_H;IN_SEG7_ARR_D;IN_SEG7_ARR_H;IN_SEG7_DP_D;IN_SEG7_DP_H;IN_SEG8_ARR_D;IN_SEG8_ARR_H;IN_SEG8_DP_D;IN_SEG8_DP_H;IN_SEG9_ARR_D;IN_SEG9_ARR_H;IN_SEG9_DP_D;IN_SEG9_DP_H;IN_SEG10_ARR_D;IN_SEG10_ARR_H;IN_SEG10_DP_D;IN_SEG10_DP_H;IN_SEG11_ARR_D;IN_SEG11_ARR_H;IN_SEG11_DP_D;IN_SEG11_DP_H;IN_SEG12_ARR_D;IN_SEG12_ARR_H;IN_SEG12_DP_D;IN_SEG12_DP_H;IN_SEG13_ARR_D;IN_SEG13_ARR_H;IN_SEG13_DP_D;IN_SEG13_DP_H;IN_SEG14_ARR_D;IN_SEG14_ARR_H;IN_SEG14_DP_D;IN_SEG14_DP_H;IN_SEG15_ARR_D;IN_SEG15_ARR_H;IN_SEG15_DP_D;IN_SEG15_DP_H;IN_SEG16_ARR_D;IN_SEG16_ARR_H;IN_SEG16_DP_D;IN_SEG16_DP_H;IN_SEG17_ARR_D;IN_SEG17_ARR_H;IN_SEG17_DP_D;IN_SEG17_DP_H;BERTH_ARR_D;BERTH_ARR_H;OPERATION_START_D;OPERATION_START_H;OPERATION_END_D;OPERATION_END_H;BERTH_DP_D;BERTH_DP_H;OUT_SEG17_ARR_D;OUT_SEG17_ARR_H;OUT_SEG17_DP_D;OUT_SEG17_DP_H;OUT_SEG16_ARR_D;OUT_SEG16_ARR_H;OUT_SEG16_DP_D;OUT_SEG16_DP_H;OUT_SEG15_ARR_D;OUT_SEG15_ARR_H;OUT_SEG15_DP_D;OUT_SEG15_DP_H;OUT_SEG14_ARR_D;OUT_SEG14_ARR_H;OUT_SEG14_DP_D;OUT_SEG14_DP_H;OUT_SEG13_ARR_D;OUT_SEG13_ARR_H;OUT_SEG13_DP_D;OUT_SEG13_DP_H;OUT_SEG12_ARR_D;OUT_SEG12_ARR_H;OUT_SEG12_DP_D;OUT_SEG12_DP_H;OUT_SEG11_ARR_D;OUT_SEG11_ARR_H;OUT_SEG11_DP_D;OUT_SEG11_DP_H;OUT_SEG10_ARR_D;OUT_SEG10_ARR_H;OUT_SEG10_DP_D;OUT_SEG10_DP_H;OUT_SEG9_ARR_D;OUT_SEG9_ARR_H;OUT_SEG9_DP_D;OUT_SEG9_DP_H;OUT_SEG8_ARR_D;OUT_SEG8_ARR_H;OUT_SEG8_DP_D;OUT_SEG8_DP_H;OUT_SEG7_ARR_D;OUT_SEG7_ARR_H;OUT_SEG7_DP_D;OUT_SEG7_DP_H;OUT_SEG6_ARR_D;OUT_SEG6_ARR_H;OUT_SEG6_DP_D;OUT_SEG6_DP_H;OUT_SEG5_ARR_D;OUT_SEG5_ARR_H;OUT_SEG5_DP_D;OUT_SEG5_DP_H;OUT_SEG4_ARR_D;OUT_SEG4_ARR_H;OUT_SEG4_DP_D;OUT_SEG4_DP_H;OUT_SEG3_ARR_D;OUT_SEG3_ARR_H;OUT_SEG3_DP_D;OUT_SEG3_DP_H;OUT_SEG2_ARR_D;OUT_SEG2_ARR_H;OUT_SEG2_DP_D;OUT_SEG2_DP_H;OUT_SEG1_ARR_D;OUT_SEG1_ARR_H;OUT_SEG1_DP_D;OUT_SEG1_DP_H;NON_PRODUCTIVE_TIME_SPENT
S2025;3228;32.0;199.98;6.5;0;0;0;-20;22:30;0.0;0.0;0.0;0.0;ELEVACOES;12;BERÇO ARM 16/17;;;;;;;;;;;;;;;;;;;;;;;;;;;;;;;;;;;;;;;;;;;;;;;;;;;;;;;;;;;;;;;;;;;;;;;;;;;;;;;;;;;;;;;;;;;;;;;;;;;;;;;;;;;;;;;;;;;;;;;;;;;;;;;;;;;;;;;;;;;;;;;;;
S2025;3254;32.0;199.9;7.2;0;0;0;-18;09:30;0.0;0.0;0.0;0.0;COFCO;9;BERÇO ARM 12A;;;;;;;;;;;;;;;;;;;;;;;;;;;;;;;;;;;;;;;;;;;;;;;;;;;;;;;;;;;;;;;;;;;;;;;;;;;;;;;;;;;;;;;;;;;;;;;;;;;;;;;;;;;;;;;;;;;;;;;;;;;;;;;;;;;;;;;;;;;;;;;;;
S2025;3272;32.0;229.0;6.09;0;0;0;-17;11:30;0.0;0.0;0.0;0.0;COFCO;10;BERÇO ARM 13/14;;;;;;;;;;;;;;;;;;;;;;;;;;;;;;;;;;;;;;;;;;;;;;;;;;;;;;;;;;;;;;;;;;;;;;;;;;;;;;;;;;;;;;;;;;;;;;;;;;;;;;;;;;;;;;;;;;;;;;;;;;;;;;;;;;;;;;;;;;;;;;;;;
S2025;3328;30.0;180.0;6.46;0;0;0;-14;16:45;0.0;0.0;0.0;0.0;NST - CGNC;21;BERÇO ARM 31;;;;;;;;;;;;;;;;;;;;;;;;;;;;;;;;;;;;;;;;;;;;;;;;;;;;;;;;;;;;;;;;;;;;;;;;;;;;;;;;;;;;;;;;;;;;;;;;;;;;;;;;;;;;;;;;;;;;;;;;;;;;;;;;;;;;;;;;;;;;;;;;;
S2025;3337;32.0;229.0;7.39;0;0;0;-13;10:12;0.0;0.0;0.0;0.0;TGG;59;BERÇO TGG;;;;;;;;;;;;;;;;;;;;;;;;;;;;;;;;;;;;;;;;;;;;;;;;;;;;;;;;;;;;;;;;;;;;;;;;;;;;;;;;;;;;;;;;;;;;;;;;;;;;;;;;;;;;;;;;;;;;;;;;;;;;;;;;;;;;;;;;;;;;;;;;;
S2025;3380;30.0;179.9;9.86;0;0;0;-11;10:00;0.0;0.0;0.0;0.0;OUTROS_SABOO;36;BERÇO CS 01;;;;;;;;;;;;;;;;;;;;;;;;;;;;;;;;;;;;;;;;;;;;;;;;;;;;;;;;;;;;;;;;;;;;;;;;;;;;;;;;;;;;;;;;;;;;;;;;;;;;;;;;;;;;;;;;;;;;;;;;;;;;;;;;;;;;;;;;;;;;;;;;;
S2025;3406;32.0;224.99;7.1;0;0;0;-9;01:00;0.0;0.0;0.0;0.0;XXXIX;28;BERÇO ARM 37;;;;;;;;;;;;;;;;;;;;;;;;;;;;;;;;;;;;;;;;;;;;;;;;;;;;;;;;;;;;;;;;;;;;;;;;;;;;;;;;;;;;;;;;;;;;;;;;;;;;;;;;;;;;;;;;;;;;;;;;;;;;;;;;;;;;;;;;;;;;;;;;;
S2025;3415;38.0;228.87;7.79;0;0;0;-9;08:42;0.0;0.0;0.0;0.0;ADM;30;BERÇO ARM 39;;;;;;;;;;;;;;;;;;;;;;;;;;;;;;;;;;;;;;;;;;;;;;;;;;;;;;;;;;;;;;;;;;;;;;;;;;;;;;;;;;;;;;;;;;;;;;;;;;;;;;;;;;;;;;;;;;;;;;;;;;;;;;;;;;;;;;;;;;;;;;;;;
S2025;3422;32.0;199.99;7.05;0;0;0;-9;16:30;0.0;0.0;0.0;0.0;ELEVACOES;13;BERÇO ARM 19;;;;;;;;;;;;;;;;;;;;;;;;;;;;;;;;;;;;;;;;;;;;;;;;;;;;;;;;;;;;;;;;;;;;;;;;;;;;;;;;;;;;;;;;;;;;;;;;;;;;;;;;;;;;;;;;;;;;;;;;;;;;;;;;;;;;;;;;;;;;;;;;;
S2025;3444;32.0;199.97;7.8;0;0;1;-7;01:10;0.0;0.0;0.0;0.0;TEV;58;BERÇO TEV;;;;;;;;;;;;;;;;;;;;;;;;;;;;;;;;;;;;;;;;;;;;;;;;;;;;;;;;;;;;;;;;;;;;;;;;;;;1;07:35;;;;;;;;;;;;;;;;;;;;;;;;;;;;;;;;;;;;;;;;;1;07:35;1;07:45;1;07:45;1;07:50;1;07:50;1;07:55;1;07:55;1;08:00;1;08:00;1;08:05;1;08:05;1;08:10;1;08:10;1;08:30;
S2025;3477;32.0;196.0;11.42;0;0;0;-6;16:50;0.0;0.0;0.0;0.0;OUTROS_MACUCO;24;BERÇO ARM 33;;;;;;;;;;;;;;;;;;;;;;;;;;;;;;;;;;;;;;;;;;;;;;;;;;;;;;;;;;;;;;;;;;;;;;;;;;;;;;;;;;;;;;;;;;;;;;;;;;;;;;;;;;;;;;;;;;;;;;;;;;;;;;;;;;;;;;;;;;;;;;;;;
S2025;3495;32.0;183.1;11.15;0;0;0;-5;22:30;0.0;0.0;0.0;0.0;VOPAK;4;BERÇO AL 03;;;;;;;;;;;;;;;;;;;;;;;;;;;;;;;;;;;;;;;;;;;;;;;;;;;;;;;;;;;;;;;;;;;;;;;;;;;;;;;;;;;;;;;;;;;;;;;;;;;;;;;;;;;;;;;;;;;;;;;;;;;;;;;;;;;;;;;;;;;;;;;;;
S2025;3498;32.0;189.99;11.47;0;0;0;-4;07:30;0.0;0.0;0.0;0.0;OUTROS_MACUCO;23;BERÇO ARM 32;;;;;;;;;;;;;;;;;;;;;;;;;;;;;;;;;;;;;;;;;;;;;;;;;;;;;;;;;;;;;;;;;;;;;;;;;;;;;;;;;;;;;;;;;;;;;;;;;;;;;;;;;;;;;;;;;;;;;;;;;;;;;;;;;;;;;;;;;;;;;;;;;
S2025;3499;32.0;183.06;8.2;0;0;0;-4;08:30;0.0;0.0;0.0;0.0;TRANSPETRO;3;BERÇO AL 02;;;;;;;;;;;;;;;;;;;;;;;;;;;;;;;;;;;;;;;;;;;;;;;;;;;;;;;;;;;;;;;;;;;;;;;;;;;1;09:45;;;;;;;;;;;;;1;09:45;1;09:55;1;09:55;1;10:00;1;10:00;1;10:05;1;10:05;1;10:10;1;10:10;1;10:15;1;10:15;1;10:20;1;10:20;1;10:25;1;10:25;1;10:30;1;10:30;1;10:35;1;10:35;1;10:40;1;10:40;1;10:45;1;10:45;1;10:50;1;10:50;1;10:55;1;10:55;1;11:15;
S2025;3510;40.0;182.9;7.9;0;0;0;-3;02:00;0.0;0.0;0.0;0.0;TRANSPETRO;2;BERÇO AL 01;;;;;;;;;;;;;;;;;;;;;;;;;;;;;;;;;;;;;;;;;;;;;;;;;;;;;;;;;;;;;;;;;;;;;;;;;;;1;17:20;;;;;;;;;;;;;1;17:20;1;17:30;1;17:30;1;17:35;1;17:35;1;17:40;1;17:40;1;17:45;1;17:45;1;17:50;1;17:50;1;17:55;1;17:55;1;18:00;1;18:00;1;18:05;1;18:05;1;18:10;1;18:10;1;18:15;1;18:15;1;18:20;1;18:20;1;18:25;1;18:25;1;18:30;1;18:30;1;18:50;
S2025;3512;32.0;189.99;10.3;0;0;0;-3;09:54;0.0;0.0;0.0;0.0;TERMAG;57;BERÇO TERMAG;;;;;;;;;;;;;;;;;;;;;;;;;;;;;;;;;;;;;;;;;;;;;;;;;;;;;;;;;;;;;;;;;;;;;;;;;;;;;;;;;;;;;;;;;;;;;;;;;;;;;;;;;;;;;;;;;;;;;;;;;;;;;;;;;;;;;;;;;;;;;;;;;
S2025;3515;48.0;328.46;11.6;0;0;0;-3;14:54;0.0;0.0;0.0;0.0;BTP;33;BERÇO BTP 2;;;;;;;;;;;;;;;;;;;;;;;;;;;;;;;;;;;;;;;;;;;;;;;;;;;;;;;;;;;;;;;;;;;;;;;;;;;;;;;;;;;;;;;;;;;;;;;;;;;;;;;;;;;;;;;;;;;;;;;;;;;;;;;;;;;;;;;;;;;;;;;;;
S2025;3516;30.0;210.54;11.1;0;0;0;-3;16:00;0.0;0.0;0.0;0.0;SANTOSBR;53;BERÇO TECON 1.2;;;;;;;;;;;;;;;;;;;;;;;;;;;;;;;;;;;;;;;;;;;;;;;;;;;;;;;;;;;;;;;;;;;;;;;;;;;;;;;;;;;;;;;;;;;;;;;;;;;;;;;;;;;;;;;;;;;;;;;;;;;;;;;;;;;;;;;;;;;;;;;;;
S2025;3517;32.0;228.99;6.92;0;0;0;-3;17:00;0.0;0.0;0.0;0.0;TIPLAM - GSA - E;61;BERÇO TIPLAM 2;;;;;;;;;;;;;;;;;;;;;;;;;;;;;;;;;;;;;;;;;;;;;;;;;;;;;;;;;;;;;;;;;;;;;;;;;;;;;;;;;;;;;;;;;;;;;;;;;;;;;;;;;;;;;;;;;;;;;;;;;;;;;;;;;;;;;;;;;;;;;;;;;
S2025;3518;32.0;210.96;9.2;0;0;0;-3;17:30;0.0;0.0;0.0;0.0;BTP;34;BERÇO BTP 3;;;;;;;;;;;;;;;;;;;;;;;;;;;;;;;;;;;;;;;;;;;;;;;;;;;;;;;;;;;;;;;;;;;;;;;;;;;;;;;;;;;;;;;;;;;;;;;;;;;;;;;;;;;;;;;;;;;;;;;;;;;;;;;;;;;;;;;;;;;;;;;;;
S2025;3519;32.0;229.0;7.5;0;0;0;-3;18:14;0.0;0.0;0.0;0.0;CUTRALE - GSA - E;40;BERÇO CUTRALE;;;;;;;;;;;;;;;;;;;;;;;;;;;;;;;;;;;;;;;;;;;;;;;;;;;;;;;;;;;;;;;;;;;;;;;;;;;1;07:25;;;;;;;;;;;;;;;;;;;;;;;;;;;;;;;;;;;;;;;;;;;;;;;;;;;;;1;07:25;1;07:35;1;07:35;1;07:40;1;07:40;1;07:45;1;07:45;1;08:05;
S2025;3521;45.0;335.0;14.1;0;0;0;-2;04:30;0.0;0.0;0.0;0.0;SANTOSBR;54;BERÇO TECON 2;;;;;;;;;;;;;;;;;;;;;;;;;;;;;;;;;;;;;;;;;;;;;;;;;;;;;;;;;;;;;;;;;;;;;;;;;;;;;;;;;;;;;;;;;;;;;;;;;;;;;;;;;;;;;;;;;;;;;;;;;;;;;;;;;;;;;;;;;;;;;;;;;
S2025;3524;32.0;229.0;13.3;0;0;0;-2;10:00;0.0;0.0;0.0;0.0;TIPLAM - GSM - I;63;BERÇO TIPLAM 4;;;;;;;;;;;;;;;;;;;;;;;;;;;;;;;;;;;;;;;;;;;;;;;;;;;;;;;;;;;;;;;;;;;;;;;;;;;;;;;;;;;;;;;;;;;;;;;;;;;;;;;;;;;;;;;;;;;;;;;;;;;;;;;;;;;;;;;;;;;;;;;;;
S2025;3530;30.0;208.85;11.6;0;0;0;-2;16:30;0.0;0.0;0.0;0.0;SANTOSBR;55;BERÇO TECON 3;;;;;;;;;;;;;;;;;;;;;;;;;;;;;;;;;;;;;;;;;;;;;;;;;;;;;;;;;;;;;;;;;;;;;;;;;;;1;13:35;;;;;;;;;;;;;;;;;;;;;;;;;;;;;;;;;;;;;;;;;;;;;1;13:35;1;14:05;1;14:05;1;14:10;1;14:10;1;14:15;1;14:15;1;14:20;1;14:20;1;14:25;1;14:25;1;14:45;
S2025;3531;48.0;330.0;14.3;0;0;0;-2;17:00;0.0;0.0;0.0;0.0;BTP;32;BERÇO BTP 1;;;;;;;;;;;;;;;;;;;;;;;;;;;;;;;;;;;;;;;;;;;;;;;;;;;;;;;;;;;;;;;;;;;;;;;;;;;;;;;;;;;;;;;;;;;;;;;;;;;;;;;;;;;;;;;;;;;;;;;;;;;;;;;;;;;;;;;;;;;;;;;;;
S2025;3533;32.0;189.02;10.2;0;0;0;-2;20:00;0.0;0.0;0.0;0.0;AGEO_TERMINAIS;47;BERÇO IB SP;;;;;;;;;;;;;;;;;;;;;;;;;;;;;;;;;;;;;;;;;;;;;;;;;;;;;;;;;;;;;;;;;;;;;;;;;;;;;;;;;;;;;;;;;;;;;;;;;;;;;;;;;;;;;;;;;;;;;;;;;;;;;;;;;;;;;;;;;;;;;;;;;
S2025;3535;23.0;144.85;6.9;0;0;0;-1;04:48;0.0;0.0;0.0;0.0;ECOPORTO;39;BERÇO CS 04;;;;;;;;;;;;;;;;;;;;;;;;;;;;;;;;;;;;;;;;;;;;;;;;;;;;;;;;;;;;;;;;;;;;;;;;;;;1;16:25;;;;;;;;;;;;;;;;;;;;;1;16:25;1;16:35;1;16:35;1;16:40;1;16:40;1;16:45;1;16:45;1;16:50;1;16:50;1;16:55;1;16:55;1;17:00;1;17:00;1;17:05;1;17:05;1;17:10;1;17:10;1;17:15;1;17:15;1;17:20;1;17:20;1;17:25;1;17:25;1;17:45;
S2025;3539;33.0;189.8;5.8;0;0;0;-1;10:06;0.0;0.0;0.0;0.0;COPESUCAR;14;BERÇO ARM 20/21;;;;;;;;;;;;;;;;;;;;;;;;;;;;;;;;;;;;;;;;;;;;;;;;;;;;;;;;;;;;;;;;;;;;;;;;;;;1;15:55;;;;;;;;;;;;;;;;;;;;;;;;;;;;;;;;;;;;;1;15:55;1;16:05;1;16:05;1;16:10;1;16:10;1;16:15;1;16:15;1;16:20;1;16:20;1;16:25;1;16:25;1;16:30;1;16:30;1;16:35;1;16:35;1;16:55;
S2025;3541;32.0;199.9;9.0;0;0;0;-1;15:20;0.0;0.0;0.0;0.0;OUTROS_MACUCO;73;BERÇO ARM 35P1;;;;;;;;;;;;;;;;;;;;;;;;;;;;;;;;;;;;;;;;;;;;;;;;;;;;;;;;;;;;;;;;;;;;;;;;;;;;;;;;;;;;;;;;;;;;;;;;;;;;;;;;;;;;;;;;;;;;;;;;;;;;;;;;;;;;;;;;;;;;;;;;;
S2025;3544;32.0;229.0;8.59;0;0;0;-1;17:45;0.0;0.0;0.0;0.0;HIDROVIAS;16;BERÇO ARM 23;;;;;;;;;;;;;;;;;;;;;;;;;;;;;;;;;;;;;;;;;;;;;;;;;;;;;;;;;;;;;;;;;;;;;;;;;;;;;;;;;;;;;;;;;;;;;;;;;;;;;;;;;;;;;;;;;;;;;;;;;;;;;;;;;;;;;;;;;;;;;;;;;
S2025;3547;25.0;182.47;9.5;0;0;0;0;01:32;0.0;0.0;0.0;0.0;SANTOSBR;52;BERÇO TECON 1.1;;;;;;;;;;;;;;;;;;;;;;;;;;;;;;;;;;;;;;;;;;;;;;;;;;;;;;;;;;;;;;;;;;;;;;;;;;;;;;;;;;;;;;;;;;;;;;;;;;;;;;;;;;;;;;;;;;;;;;;;;;;;;;;;;;;;;;;;;;;;;;;;;
S2025;3552;32.0;225.0;7.15;0;0;0;0;07:46;0.0;0.0;0.0;0.0;TEAG;51;BERÇO TEAG;;;;;;;;;;;;;;;;;;;;;;;;;;;;;;;;;;;;;;;;;;;;;;;;;;;;;;;;;;;;;;;;;;;;;;;;;;;;;;;;;;;;;;;;;;;;;;;;;;;;;;;;;;;;;;;;;;;;;;;;;;;;;;;;;;;;;;;;;;;;;;;;;
S2025;3553;32.0;243.0;8.0;0;0;0;0;11:06;0.0;0.0;0.0;0.0;DPW - CGC;42;BERÇO DPW 1;;;;;;;;;;;;;;;;;;;;;;;;;;;;;;;;;;;;;;;;;;;;;;;;;;;;;;;;;;;;;;;;;;;;;;;;;;;1;20:35;;;;;;;;;;;;;;;;;;;;;;;;;1;20:35;1;21:05;1;21:05;1;21:10;1;21:10;1;21:15;1;21:15;1;21:20;1;21:20;1;21:25;1;21:25;1;21:30;1;21:30;1;21:35;1;21:35;1;21:40;1;21:40;1;21:45;1;21:45;1;21:50;1;21:50;1;22:10;
S2025;3554;28.0;179.99;8.7;0;0;0;0;12:00;0.0;0.0;0.0;0.0;STOLTHAVEN;5;BERÇO AL 04;;;;;;;;;;;;;;;;;;;;;;;;;;;;;;;;;;;;;;;;;;;;;;;;;;;;;;;;;;;;;;;;;;;;;;;;;;;;;;;;;;;;;;;;;;;;;;;;;;;;;;;;;;;;;;;;;;;;;;;;;;;;;;;;;;;;;;;;;;;;;;;;;
S2025;3558;32.0;201.8;7.9;0;0;0;0;16:00;0.0;0.0;0.0;0.0;BRACELL;27;BERÇO ARM 35P2;;;;;;;;;;;;;;;;;;;;;;;;;;;;;;;;;;;;;;;;;;;;;;;;;;;;;;;;;;;;;;;;;;;;;;;;;;;;;;;;;;;;;;;;;;;;;;;;;;;;;;;;;;;;;;;;;;;;;;;;;;;;;;;;;;;;;;;;;;;;;;;;;
S2025;3332;28.0;179.87;9.8;0;0;0;-13;00:48;335.17;0.0;18.92;354.08;TRANSPETRO;2;BERÇO AL 01;1;18:55;1;19:15;1;19:15;1;19:20;1;19:20;1;19:25;1;19:25;1;19:30;1;19:30;1;19:35;1;19:35;1;19:40;1;19:40;1;19:45;1;19:45;1;19:50;1;19:50;1;19:55;1;19:55;1;20:00;1;20:00;1;20:05;1;20:05;1;20:10;1;20:10;1;20:15;1;20:15;1;20:30;;;;;;;;;;;;;1;20:30;1;20:30;2;20:15;;;;;;;;;;;;;;;;;;;;;;;;;;;;;;;;;;;;;;;;;;;;;;;;;;;;;;;;;;;;;;;;;;;;;;;
S2025;3427;19.0;119.95;7.0;0;0;0;-8;05:55;210.08;0.0;12.0;222.08;TRANSPETRO;3;BERÇO AL 02;1;12:00;1;12:20;1;12:20;1;12:25;1;12:25;1;12:30;1;12:30;1;12:35;1;12:35;1;12:40;1;12:40;1;12:45;1;12:45;1;12:50;1;12:50;1;12:55;1;12:55;1;13:00;1;13:00;1;13:05;1;13:05;1;13:10;1;13:10;1;13:15;1;13:15;1;13:20;1;13:20;1;13:35;;;;;;;;;;;;;1;13:35;1;13:35;2;11:10;;;;;;;;;;;;;;;;;;;;;;;;;;;;;;;;;;;;;;;;;;;;;;;;;;;;;;;;;;;;;;;;;;;;;;;
S2025;3336;33.0;199.9;10.3;0;0;0;-13;08:00;328.0;0.0;0.0;328.0;TIPLAM - GSM - I;60;BERÇO TIPLAM 1;1;00:00;1;00:20;1;00:20;1;00:25;1;00:25;1;00:30;1;00:30;1;00:35;1;00:35;1;00:40;1;00:40;1;00:45;1;00:45;1;00:50;1;00:50;1;00:55;1;00:55;1;01:00;1;01:00;1;01:05;1;01:05;1;01:10;1;01:10;1;01:15;1;01:15;1;01:20;1;01:20;1;01:25;1;01:25;1;01:30;1;01:30;1;01:50;1;01:50;1;02:35;1;02:35;1;02:35;5;03:50;;;;;;;;;;;;;;;;;;;;;;;;;;;;;;;;;;;;;;;;;;;;;;;;;;;;;;;;;;;;;;;;;;;;;;;
S2025;3354;32.0;199.99;6.62;0;0;0;-12;05:54;306.08;0.0;17.0;323.08;COPESUCAR;14;BERÇO ARM 20/21;1;17:00;1;17:20;1;17:20;1;17:25;1;17:25;1;17:30;1;17:30;1;17:35;1;17:35;1;17:40;1;17:40;1;17:45;1;17:45;1;17:50;1;17:50;1;18:25;;;;;;;;;;;;;;;;;;;;;;;;;;;;;;;;;;;;;1;18:25;1;18:25;4;13:35;;;;;;;;;;;;;;;;;;;;;;;;;;;;;;;;;;;;;;;;;;;;;;;;;;;;;;;;;;;;;;;;;;;;;;;
S2025;3450;33.0;189.93;6.8;0;0;0;-7;08:00;184.0;0.0;2.17;186.17;TIPLAM - GSA - E;62;BERÇO TIPLAM 3;1;02:10;1;02:30;1;02:30;1;02:35;1;02:35;1;02:40;1;02:40;1;02:45;1;02:45;1;02:50;1;02:50;1;02:55;1;02:55;1;03:00;1;03:00;1;03:05;1;03:05;1;03:10;1;03:10;1;03:15;1;03:15;1;03:20;1;03:20;1;03:25;1;03:25;1;03:30;1;03:30;1;03:35;1;03:35;1;03:40;1;03:40;1;04:00;1;04:00;1;04:45;1;04:45;1;04:45;3;09:25;;;;;;;;;;;;;;;;;;;;;;;;;;;;;;;;;;;;;;;;;;;;;;;;;;;;;;;;;;;;;;;;;;;;;;;
S2025;3466;32.0;228.99;7.2;0;0;0;-6;03:30;165.0;0.0;1.92;166.92;TGRAO;71;BERÇO OUT 2;1;02:25;1;02:45;1;02:45;1;02:50;1;02:50;1;02:55;1;02:55;1;03:00;1;03:00;1;03:05;1;03:05;1;03:10;1;03:10;1;03:45;;;;;;;;;;;;;;;;;;;;;;;;;;;;;;;;;;;;;;;;;1;03:45;1;03:45;7;01:35;;;;;;;;;;;;;;;;;;;;;;;;;;;;;;;;;;;;;;;;;;;;;;;;;;;;;;;;;;;;;;;;;;;;;;;
S2025;3560;32.0;229.0;7.0;0;0;0;0;21:36;2.67;0.0;0.92;3.58;TGRAO;72;BERÇO OUT 3;1;01:15;1;01:35;1;01:35;1;01:40;1;01:40;1;01:45;1;01:45;1;01:50;1;01:50;1;01:55;1;01:55;1;02:00;1;02:00;1;02:35;;;;;;;;;;;;;;;;;;;;;;;;;;;;;;;;;;;;;;;;;1;02:35;1;02:35;5;12:15;;;;;;;;;;;;;;;;;;;;;;;;;;;;;;;;;;;;;;;;;;;;;;;;;;;;;;;;;;;;;;;;;;;;;;;
S2025;3475;40.0;299.95;9.4;0;0;0;-6;13:00;155.0;0.0;12.92;167.92;SANTOSBR;55;BERÇO TECON 3;1;12:55;1;13:15;1;13:15;1;13:20;1;13:20;1;13:25;1;13:25;1;13:30;1;13:30;1;13:35;1;13:35;1;13:50;;;;;;;;;;;;;;;;;;;;;;;;;;;;;;;;;;;;;;;;;;;;;1;13:50;1;13:50;2;20:40;;;;;;;;;;;;;;;;;;;;;;;;;;;;;;;;;;;;;;;;;;;;;;;;;;;;;;;;;;;;;;;;;;;;;;;
S2025;3523;28.0;179.9;10.5;0;0;0;-2;08:40;63.33;0.0;1.0;64.33;HIDROVIAS;15;BERÇO ARM 22/23;1;01:00;1;01:20;1;01:20;1;01:25;1;01:25;1;01:30;1;01:30;1;01:35;1;01:35;1;01:40;1;01:40;1;01:45;1;01:45;1;01:50;1;01:50;1;02:05;;;;;;;;;;;;;;;;;;;;;;;;;;;;;;;;;;;;;1;02:05;1;02:05;4;19:05;;;;;;;;;;;;;;;;;;;;;;;;;;;;;;;;;;;;;;;;;;;;;;;;;;;;;;;;;;;;;;;;;;;;;;;
S2025;3528;29.0;189.98;8.4;0;0;0;-2;14:40;57.33;0.0;0.25;57.58;OUTROS_SABOO;37;BERÇO CS 02;1;00:15;1;00:35;1;00:35;1;00:40;1;00:40;1;00:45;1;00:45;1;00:50;1;00:50;1;00:55;1;00:55;1;01:00;1;01:00;1;01:05;1;01:05;1;01:10;1;01:10;1;01:15;1;01:15;1;01:20;1;01:20;1;01:25;1;01:25;1;01:40;;;;;;;;;;;;;;;;;;;;;1;01:40;1;01:40;7;11:00;;;;;;;;;;;;;;;;;;;;;;;;;;;;;;;;;;;;;;;;;;;;;;;;;;;;;;;;;;;;;;;;;;;;;;;
S2025;3532;32.0;199.96;8.4;0;0;1;-2;17:30;54.5;0.0;8.58;63.08;TEV;58;BERÇO TEV;1;08:35;1;08:55;1;08:55;1;09:00;1;09:00;1;09:05;1;09:05;1;09:10;1;09:10;1;09:15;1;09:15;1;09:20;1;09:20;1;09:55;;;;;;;;;;;;;;;;;;;;;;;;;;;;;;;;;;;;;;;;;1;09:55;1;09:55;2;00:15;;;;;;;;;;;;;;;;;;;;;;;;;;;;;;;;;;;;;;;;;;;;;;;;;;;;;;;;;;;;;;;;;;;;;;;
S2025;3551;32.0;228.99;7.1;0;0;0;0;07:04;16.92;0.0;1.5;18.42;TES;29;BERÇO ARM 38;1;01:30;1;01:50;1;01:50;1;01:55;1;01:55;1;02:00;1;02:00;1;02:35;;;;;;;;;;;;;;;;;;;;;;;;;;;;;;;;;;;;;;;;;;;;;;;;;;;;;1;02:35;1;02:35;5;06:25;;;;;;;;;;;;;;;;;;;;;;;;;;;;;;;;;;;;;;;;;;;;;;;;;;;;;;;;;;;;;;;;;;;;;;;
S2025;3555;32.0;201.8;7.5;0;0;0;0;14:00;10.0;0.0;0.75;10.75;DPW - CGNC;45;BERÇO DPW 4;1;00:45;1;01:05;1;01:05;1;01:10;1;01:10;1;01:15;1;01:15;1;01:20;1;01:20;1;01:25;1;01:25;1;01:30;1;01:30;1;01:35;1;01:35;1;01:40;1;01:40;1;01:45;1;01:45;1;02:20;;;;;;;;;;;;;;;;;;;;;;;;;;;;;1;02:20;1;02:20;2;18:35;;;;;;;;;;;;;;;;;;;;;;;;;;;;;;;;;;;;;;;;;;;;;;;;;;;;;;;;;;;;;;;;;;;;;;;
S2025;3569;36.0;210.0;11.45;0;0;0;1;07:36;0.0;0.0;1.67;1.67;DPW - CGNC;44;BERÇO DPW 3;1;09:20;1;09:40;1;09:40;1;09:45;1;09:45;1;09:50;1;09:50;1;09:55;1;09:55;1;10:00;1;10:00;1;10:05;1;10:05;1;10:10;1;10:10;1;10:15;1;10:15;1;10:20;1;10:20;1;10:55;;;;;;;;;;;;;;;;;;;;;;;;;;;;;1;10:55;1;10:55;2;05:55;;;;;;;;;;;;;;;;;;;;;;;;;;;;;;;;;;;;;;;;;;;;;;;;;;;;;;;;;;;;;;;;;;;;;;;
S2025;3562;48.0;331.1;12.5;0;0;0;0;23:30;0.5;0.0;0.5;1.0;DPW - CGC;43;BERÇO DPW 2;1;00:30;1;00:50;1;00:50;1;00:55;1;00:55;1;01:00;1;01:00;1;01:05;1;01:05;1;01:10;1;01:10;1;01:15;1;01:15;1;01:20;1;01:20;1;01:25;1;01:25;1;01:30;1;01:30;1;01:35;1;01:35;1;02:10;;;;;;;;;;;;;;;;;;;;;;;;;1;02:10;1;02:10;3;05:45;;;;;;;;;;;;;;;;;;;;;;;;;;;;;;;;;;;;;;;;;;;;;;;;;;;;;;;;;;;;;;;;;;;;;;;
S2025;3572;37.0;227.97;11.5;0;0;0;1;09:15;0.0;0.0;10.42;10.42;DPW - CGC;42;BERÇO DPW 1;1;19:40;1;20:00;1;20:00;1;20:05;1;20:05;1;20:10;1;20:10;1;20:15;1;20:15;1;20:20;1;20:20;1;20:25;1;20:25;1;20:30;1;20:30;1;20:35;1;20:35;1;20:40;1;20:40;1;20:45;1;20:45;1;21:00;;;;;;;;;;;;;;;;;;;;;;;;;1;21:00;1;21:00;3;04:30;;;;;;;;;;;;;;;;;;;;;;;;;;;;;;;;;;;;;;;;;;;;;;;;;;;;;;;;;;;;;;;;;;;;;;;
S2025;3567;21.0;138.48;6.1;0;0;0;1;06:00;0.0;0.0;0.0;0.0;ECOPORTO;35;BERÇO CORTE;1;06:00;1;06:20;1;06:20;1;06:25;1;06:25;1;06:30;1;06:30;1;06:35;1;06:35;1;06:40;1;06:40;1;06:45;1;06:45;1;06:50;1;06:50;1;06:55;1;06:55;1;07:00;1;07:00;1;07:05;1;07:05;1;07:10;1;07:10;1;07:45;;;;;;;;;;;;;;;;;;;;;1;07:45;1;07:45;1;17:00;1;17:15;;;;;;;;;;;;;;;;;;;;;1;17:15;1;17:25;1;17:25;1;17:30;1;17:30;1;17:35;1;17:35;1;17:40;1;17:40;1;17:45;1;17:45;1;17:50;1;17:50;1;17:55;1;17:55;1;18:00;1;18:00;1;18:05;1;18:05;1;18:10;1;18:10;1;18:15;1;18:15;1;18:35;
S2025;3573;32.0;214.0;8.5;0;0;0;1;10:00;0.0;0.0;9.33;9.33;ECOPORTO;39;BERÇO CS 04;1;19:20;1;19:40;1;19:40;1;19:45;1;19:45;1;19:50;1;19:50;1;19:55;1;19:55;1;20:00;1;20:00;1;20:05;1;20:05;1;20:10;1;20:10;1;20:15;1;20:15;1;20:20;1;20:20;1;20:25;1;20:25;1;20:30;1;20:30;1;21:05;;;;;;;;;;;;;;;;;;;;;1;21:05;1;21:05;2;10:50;;;;;;;;;;;;;;;;;;;;;;;;;;;;;;;;;;;;;;;;;;;;;;;;;;;;;;;;;;;;;;;;;;;;;;;
S2025;3574;26.0;173.0;6.8;0;0;0;1;10:30;0.0;0.0;0.0;0.0;CITROSUCO;18;BERÇO ARM 29;1;10:30;1;10:50;1;10:50;1;10:55;1;10:55;1;11:00;1;11:00;1;11:05;1;11:05;1;11:10;1;11:10;1;11:15;1;11:15;1;11:50;;;;;;;;;;;;;;;;;;;;;;;;;;;;;;;;;;;;;;;;;1;11:50;1;11:50;3;01:45;;;;;;;;;;;;;;;;;;;;;;;;;;;;;;;;;;;;;;;;;;;;;;;;;;;;;;;;;;;;;;;;;;;;;;;
S2025;3575;32.0;199.94;7.1;0;0;0;1;11:28;0.0;0.0;0.75;0.75;TEG;56;BERÇO TEG;1;12:15;1;12:35;1;12:35;1;12:40;1;12:40;1;12:45;1;12:45;1;12:50;1;12:50;1;13:25;;;;;;;;;;;;;;;;;;;;;;;;;;;;;;;;;;;;;;;;;;;;;;;;;1;13:25;1;13:25;3;16:55;;;;;;;;;;;;;;;;;;;;;;;;;;;;;;;;;;;;;;;;;;;;;;;;;;;;;;;;;;;;;;;;;;;;;;;
S2025;3332;28.0;179.87;9.8;0;0;0;-13;00:48;335.17;0.0;18.92;354.08;TRANSPETRO;2;BERÇO AL 01;1;18:55;1;19:15;1;19:15;1;19:20;1;19:20;1;19:25;1;19:25;1;19:30;1;19:30;1;19:35;1;19:35;1;19:40;1;19:40;1;19:45;1;19:45;1;19:50;1;19:50;1;19:55;1;19:55;1;20:00;1;20:00;1;20:05;1;20:05;1;20:10;1;20:10;1;20:15;1;20:15;1;20:30;;;;;;;;;;;;;1;20:30;1;20:30;2;20:15;2;22:00;;;;;;;;;;;;;2;22:00;2;22:30;2;22:30;2;22:35;2;22:35;2;22:40;2;22:40;2;22:45;2;22:45;2;22:50;2;22:50;2;22:55;2;22:55;2;23:00;2;23:00;2;23:05;2;23:05;2;23:10;2;23:10;2;23:15;2;23:15;2;23:20;2;23:20;2;23:25;2;23:25;2;23:30;2;23:30;2;23:50;
S2025;3336;33.0;199.9;10.3;0;0;0;-13;08:00;328.0;0.0;0.0;328.0;TIPLAM - GSM - I;60;BERÇO TIPLAM 1;1;00:00;1;00:20;1;00:20;1;00:25;1;00:25;1;00:30;1;00:30;1;00:35;1;00:35;1;00:40;1;00:40;1;00:45;1;00:45;1;00:50;1;00:50;1;00:55;1;00:55;1;01:00;1;01:00;1;01:05;1;01:05;1;01:10;1;01:10;1;01:15;1;01:15;1;01:20;1;01:20;1;01:25;1;01:25;1;01:30;1;01:30;1;01:50;1;01:50;1;02:35;1;02:35;1;02:35;5;03:50;;;;;;;;;;;;;;;;;;;;;;;;;;;;;;;;;;;;;;;;;;;;;;;;;;;;;;;;;;;;;;;;;;;;;;;
S2025;3354;32.0;199.99;6.62;0;0;0;-12;05:54;306.08;0.0;17.0;323.08;COPESUCAR;14;BERÇO ARM 20/21;1;17:00;1;17:20;1;17:20;1;17:25;1;17:25;1;17:30;1;17:30;1;17:35;1;17:35;1;17:40;1;17:40;1;17:45;1;17:45;1;17:50;1;17:50;1;18:25;;;;;;;;;;;;;;;;;;;;;;;;;;;;;;;;;;;;;1;18:25;1;18:25;4;13:35;;;;;;;;;;;;;;;;;;;;;;;;;;;;;;;;;;;;;;;;;;;;;;;;;;;;;;;;;;;;;;;;;;;;;;;
S2025;3427;19.0;119.95;7.0;0;0;0;-8;05:55;210.08;0.0;12.0;222.08;TRANSPETRO;3;BERÇO AL 02;1;12:00;1;12:20;1;12:20;1;12:25;1;12:25;1;12:30;1;12:30;1;12:35;1;12:35;1;12:40;1;12:40;1;12:45;1;12:45;1;12:50;1;12:50;1;12:55;1;12:55;1;13:00;1;13:00;1;13:05;1;13:05;1;13:10;1;13:10;1;13:15;1;13:15;1;13:20;1;13:20;1;13:35;;;;;;;;;;;;;1;13:35;1;13:35;2;11:10;2;12:00;;;;;;;;;;;;;2;12:00;2;12:30;2;12:30;2;12:35;2;12:35;2;12:40;2;12:40;2;12:45;2;12:45;2;12:50;2;12:50;2;12:55;2;12:55;2;13:00;2;13:00;2;13:05;2;13:05;2;13:10;2;13:10;2;13:15;2;13:15;2;13:20;2;13:20;2;13:25;2;13:25;2;13:30;2;13:30;2;13:50;
S2025;3450;33.0;189.93;6.8;0;0;0;-7;08:00;184.0;0.0;2.17;186.17;TIPLAM - GSA - E;62;BERÇO TIPLAM 3;1;02:10;1;02:30;1;02:30;1;02:35;1;02:35;1;02:40;1;02:40;1;02:45;1;02:45;1;02:50;1;02:50;1;02:55;1;02:55;1;03:00;1;03:00;1;03:05;1;03:05;1;03:10;1;03:10;1;03:15;1;03:15;1;03:20;1;03:20;1;03:25;1;03:25;1;03:30;1;03:30;1;03:35;1;03:35;1;03:40;1;03:40;1;04:00;1;04:00;1;04:45;1;04:45;1;04:45;3;09:25;;;;;;;;;;;;;;;;;;;;;;;;;;;;;;;;;;;;;;;;;;;;;;;;;;;;;;;;;;;;;;;;;;;;;;;
S2025;3466;32.0;228.99;7.2;0;0;0;-6;03:30;165.0;0.0;1.92;166.92;TGRAO;71;BERÇO OUT 2;1;02:25;1;02:45;1;02:45;1;02:50;1;02:50;1;02:55;1;02:55;1;03:00;1;03:00;1;03:05;1;03:05;1;03:10;1;03:10;1;03:45;;;;;;;;;;;;;;;;;;;;;;;;;;;;;;;;;;;;;;;;;1;03:45;1;03:45;7;01:35;;;;;;;;;;;;;;;;;;;;;;;;;;;;;;;;;;;;;;;;;;;;;;;;;;;;;;;;;;;;;;;;;;;;;;;
S2025;3475;40.0;299.95;9.4;0;0;0;-6;13:00;155.0;0.0;12.92;167.92;SANTOSBR;55;BERÇO TECON 3;1;12:55;1;13:15;1;13:15;1;13:20;1;13:20;1;13:25;1;13:25;1;13:30;1;13:30;1;13:35;1;13:35;1;13:50;;;;;;;;;;;;;;;;;;;;;;;;;;;;;;;;;;;;;;;;;;;;;1;13:50;1;13:50;2;20:40;2;22:20;;;;;;;;;;;;;;;;;;;;;;;;;;;;;;;;;;;;;;;;;;;;;2;22:20;2;22:50;2;22:50;2;22:55;2;22:55;2;23:00;2;23:00;2;23:05;2;23:05;2;23:10;2;23:10;2;23:30;
S2025;3523;28.0;179.9;10.5;0;0;0;-2;08:40;63.33;0.0;1.0;64.33;HIDROVIAS;15;BERÇO ARM 22/23;1;01:00;1;01:20;1;01:20;1;01:25;1;01:25;1;01:30;1;01:30;1;01:35;1;01:35;1;01:40;1;01:40;1;01:45;1;01:45;1;01:50;1;01:50;1;02:05;;;;;;;;;;;;;;;;;;;;;;;;;;;;;;;;;;;;;1;02:05;1;02:05;4;19:05;;;;;;;;;;;;;;;;;;;;;;;;;;;;;;;;;;;;;;;;;;;;;;;;;;;;;;;;;;;;;;;;;;;;;;;
S2025;3528;29.0;189.98;8.4;0;0;0;-2;14:40;57.33;0.0;0.25;57.58;OUTROS_SABOO;37;BERÇO CS 02;1;00:15;1;00:35;1;00:35;1;00:40;1;00:40;1;00:45;1;00:45;1;00:50;1;00:50;1;00:55;1;00:55;1;01:00;1;01:00;1;01:05;1;01:05;1;01:10;1;01:10;1;01:15;1;01:15;1;01:20;1;01:20;1;01:25;1;01:25;1;01:40;;;;;;;;;;;;;;;;;;;;;1;01:40;1;01:40;7;11:00;;;;;;;;;;;;;;;;;;;;;;;;;;;;;;;;;;;;;;;;;;;;;;;;;;;;;;;;;;;;;;;;;;;;;;;
S2025;3532;32.0;199.96;8.4;0;0;1;-2;17:30;54.5;0.0;8.58;63.08;TEV;58;BERÇO TEV;1;08:35;1;08:55;1;08:55;1;09:00;1;09:00;1;09:05;1;09:05;1;09:10;1;09:10;1;09:15;1;09:15;1;09:20;1;09:20;1;09:55;;;;;;;;;;;;;;;;;;;;;;;;;;;;;;;;;;;;;;;;;1;09:55;1;09:55;2;00:15;2;02:10;;;;;;;;;;;;;;;;;;;;;;;;;;;;;;;;;;;;;;;;;2;02:10;2;02:20;2;02:20;2;02:25;2;02:25;2;02:30;2;02:30;2;02:35;2;02:35;2;02:40;2;02:40;2;02:45;2;02:45;2;03:05;
S2025;3551;32.0;228.99;7.1;0;0;0;0;07:04;16.92;0.0;1.5;18.42;TES;29;BERÇO ARM 38;1;01:30;1;01:50;1;01:50;1;01:55;1;01:55;1;02:00;1;02:00;1;02:35;;;;;;;;;;;;;;;;;;;;;;;;;;;;;;;;;;;;;;;;;;;;;;;;;;;;;1;02:35;1;02:35;5;06:25;;;;;;;;;;;;;;;;;;;;;;;;;;;;;;;;;;;;;;;;;;;;;;;;;;;;;;;;;;;;;;;;;;;;;;;
S2025;3555;32.0;201.8;7.5;0;0;0;0;14:00;10.0;0.0;0.75;10.75;DPW - CGNC;45;BERÇO DPW 4;1;00:45;1;01:05;1;01:05;1;01:10;1;01:10;1;01:15;1;01:15;1;01:20;1;01:20;1;01:25;1;01:25;1;01:30;1;01:30;1;01:35;1;01:35;1;01:40;1;01:40;1;01:45;1;01:45;1;02:20;;;;;;;;;;;;;;;;;;;;;;;;;;;;;1;02:20;1;02:20;2;18:35;2;18:35;;;;;;;;;;;;;;;;;;;;;;;;;;;;;2;18:35;2;18:45;2;18:45;2;18:50;2;18:50;2;18:55;2;18:55;2;19:00;2;19:00;2;19:05;2;19:05;2;19:10;2;19:10;2;19:15;2;19:15;2;19:20;2;19:20;2;19:25;2;19:25;2;19:45;
S2025;3560;32.0;229.0;7.0;0;0;0;0;21:36;2.67;0.0;0.92;3.58;TGRAO;72;BERÇO OUT 3;1;01:15;1;01:35;1;01:35;1;01:40;1;01:40;1;01:45;1;01:45;1;01:50;1;01:50;1;01:55;1;01:55;1;02:00;1;02:00;1;02:35;;;;;;;;;;;;;;;;;;;;;;;;;;;;;;;;;;;;;;;;;1;02:35;1;02:35;5;12:15;;;;;;;;;;;;;;;;;;;;;;;;;;;;;;;;;;;;;;;;;;;;;;;;;;;;;;;;;;;;;;;;;;;;;;;
S2025;3562;48.0;331.1;12.5;0;0;0;0;23:30;0.5;0.0;0.5;1.0;DPW - CGC;43;BERÇO DPW 2;1;00:30;1;00:50;1;00:50;1;00:55;1;00:55;1;01:00;1;01:00;1;01:05;1;01:05;1;01:10;1;01:10;1;01:15;1;01:15;1;01:20;1;01:20;1;01:25;1;01:25;1;01:30;1;01:30;1;01:35;1;01:35;1;02:10;;;;;;;;;;;;;;;;;;;;;;;;;1;02:10;1;02:10;3;05:45;;;;;;;;;;;;;;;;;;;;;;;;;;;;;;;;;;;;;;;;;;;;;;;;;;;;;;;;;;;;;;;;;;;;;;;
S2025;3569;36.0;210.0;11.45;0;0;0;1;07:36;0.0;0.0;1.67;1.67;DPW - CGNC;44;BERÇO DPW 3;1;09:20;1;09:40;1;09:40;1;09:45;1;09:45;1;09:50;1;09:50;1;09:55;1;09:55;1;10:00;1;10:00;1;10:05;1;10:05;1;10:10;1;10:10;1;10:15;1;10:15;1;10:20;1;10:20;1;10:55;;;;;;;;;;;;;;;;;;;;;;;;;;;;;1;10:55;1;10:55;2;05:55;;;;;;;;;;;;;;;;;;;;;;;;;;;;;;;;;;;;;;;;;;;;;;;;;;;;;;;;;;;;;;;;;;;;;;;
S2025;3572;37.0;227.97;11.5;0;0;0;1;09:15;0.0;0.0;10.42;10.42;DPW - CGC;42;BERÇO DPW 1;1;19:40;1;20:00;1;20:00;1;20:05;1;20:05;1;20:10;1;20:10;1;20:15;1;20:15;1;20:20;1;20:20;1;20:25;1;20:25;1;20:30;1;20:30;1;20:35;1;20:35;1;20:40;1;20:40;1;20:45;1;20:45;1;21:00;;;;;;;;;;;;;;;;;;;;;;;;;1;21:00;1;21:00;3;04:30;;;;;;;;;;;;;;;;;;;;;;;;;;;;;;;;;;;;;;;;;;;;;;;;;;;;;;;;;;;;;;;;;;;;;;;
S2025;3573;32.0;214.0;8.5;0;0;0;1;10:00;0.0;0.0;9.33;9.33;ECOPORTO;39;BERÇO CS 04;1;19:20;1;19:40;1;19:40;1;19:45;1;19:45;1;19:50;1;19:50;1;19:55;1;19:55;1;20:00;1;20:00;1;20:05;1;20:05;1;20:10;1;20:10;1;20:15;1;20:15;1;20:20;1;20:20;1;20:25;1;20:25;1;20:30;1;20:30;1;21:05;;;;;;;;;;;;;;;;;;;;;1;21:05;1;21:05;2;10:50;2;12:00;;;;;;;;;;;;;;;;;;;;;2;12:00;2;12:10;2;12:10;2;12:15;2;12:15;2;12:20;2;12:20;2;12:25;2;12:25;2;12:30;2;12:30;2;12:35;2;12:35;2;12:40;2;12:40;2;12:45;2;12:45;2;12:50;2;12:50;2;12:55;2;12:55;2;13:00;2;13:00;2;13:20;
S2025;3574;26.0;173.0;6.8;0;0;0;1;10:30;0.0;0.0;0.0;0.0;CITROSUCO;18;BERÇO ARM 29;1;10:30;1;10:50;1;10:50;1;10:55;1;10:55;1;11:00;1;11:00;1;11:05;1;11:05;1;11:10;1;11:10;1;11:15;1;11:15;1;11:50;;;;;;;;;;;;;;;;;;;;;;;;;;;;;;;;;;;;;;;;;1;11:50;1;11:50;3;01:45;;;;;;;;;;;;;;;;;;;;;;;;;;;;;;;;;;;;;;;;;;;;;;;;;;;;;;;;;;;;;;;;;;;;;;;
S2025;3575;32.0;199.94;7.1;0;0;0;1;11:28;0.0;0.0;0.75;0.75;TEG;56;BERÇO TEG;1;12:15;1;12:35;1;12:35;1;12:40;1;12:40;1;12:45;1;12:45;1;12:50;1;12:50;1;13:25;;;;;;;;;;;;;;;;;;;;;;;;;;;;;;;;;;;;;;;;;;;;;;;;;1;13:25;1;13:25;3;16:55;;;;;;;;;;;;;;;;;;;;;;;;;;;;;;;;;;;;;;;;;;;;;;;;;;;;;;;;;;;;;;;;;;;;;;;
S2025;3228;32.0;199.98;6.5;0;0;0;-20;22:30;0.0;0.0;0.0;0.0;ELEVACOES;12;BERÇO ARM 16/17;;;;;;;;;;;;;;;;;;;;;;;;;;;;;;;;;;;;;;;;;;;;;;;;;;;;;;;;;;;;;;;;;;;;;;;;;;;;;;;;;;;;;;;;;;;;;;;;;;;;;;;;;;;;;;;;;;;;;;;;;;;;;;;;;;;;;;;;;;;;;;;;;
S2025;3254;32.0;199.9;7.2;0;0;0;-18;09:30;0.0;0.0;0.0;0.0;COFCO;9;BERÇO ARM 12A;;;;;;;;;;;;;;;;;;;;;;;;;;;;;;;;;;;;;;;;;;;;;;;;;;;;;;;;;;;;;;;;;;;;;;;;;;;;;;;;;;;;;;;;;;;;;;;;;;;;;;;;;;;;;;;;;;;;;;;;;;;;;;;;;;;;;;;;;;;;;;;;;
S2025;3272;32.0;229.0;6.09;0;0;0;-17;11:30;0.0;0.0;0.0;0.0;COFCO;10;BERÇO ARM 13/14;;;;;;;;;;;;;;;;;;;;;;;;;;;;;;;;;;;;;;;;;;;;;;;;;;;;;;;;;;;;;;;;;;;;;;;;;;;;;;;;;;;;;;;;;;;;;;;;;;;;;;;;;;;;;;;;;;;;;;;;;;;;;;;;;;;;;;;;;;;;;;;;;
S2025;3328;30.0;180.0;6.46;0;0;0;-14;16:45;0.0;0.0;0.0;0.0;NST - CGNC;21;BERÇO ARM 31;;;;;;;;;;;;;;;;;;;;;;;;;;;;;;;;;;;;;;;;;;;;;;;;;;;;;;;;;;;;;;;;;;;;;;;;;;;;;;;;;;;;;;;;;;;;;;;;;;;;;;;;;;;;;;;;;;;;;;;;;;;;;;;;;;;;;;;;;;;;;;;;;
S2025;3337;32.0;229.0;7.39;0;0;0;-13;10:12;0.0;0.0;0.0;0.0;TGG;59;BERÇO TGG;;;;;;;;;;;;;;;;;;;;;;;;;;;;;;;;;;;;;;;;;;;;;;;;;;;;;;;;;;;;;;;;;;;;;;;;;;;2;07:30;;;;;;;;;;;;;;;;;;;;;;;;;;;;;;;;;;;;;;;;;;;;;;;;;2;07:30;2;07:40;2;07:40;2;07:45;2;07:45;2;07:50;2;07:50;2;07:55;2;07:55;2;08:15;
S2025;3380;30.0;179.9;9.86;0;0;0;-11;10:00;0.0;0.0;0.0;0.0;OUTROS_SABOO;36;BERÇO CS 01;;;;;;;;;;;;;;;;;;;;;;;;;;;;;;;;;;;;;;;;;;;;;;;;;;;;;;;;;;;;;;;;;;;;;;;;;;;;;;;;;;;;;;;;;;;;;;;;;;;;;;;;;;;;;;;;;;;;;;;;;;;;;;;;;;;;;;;;;;;;;;;;;
S2025;3406;32.0;224.99;7.1;0;0;0;-9;01:00;0.0;0.0;0.0;0.0;XXXIX;28;BERÇO ARM 37;;;;;;;;;;;;;;;;;;;;;;;;;;;;;;;;;;;;;;;;;;;;;;;;;;;;;;;;;;;;;;;;;;;;;;;;;;;2;07:10;;;;;;;;;;;;;;;;;;;;;;;;;;;;;;;;;;;;;;;;;;;;;;;;;;;;;2;07:10;2;07:20;2;07:20;2;07:25;2;07:25;2;07:30;2;07:30;2;07:50;
S2025;3415;38.0;228.87;7.79;0;0;0;-9;08:42;0.0;0.0;0.0;0.0;ADM;30;BERÇO ARM 39;;;;;;;;;;;;;;;;;;;;;;;;;;;;;;;;;;;;;;;;;;;;;;;;;;;;;;;;;;;;;;;;;;;;;;;;;;;;;;;;;;;;;;;;;;;;;;;;;;;;;;;;;;;;;;;;;;;;;;;;;;;;;;;;;;;;;;;;;;;;;;;;;
S2025;3422;32.0;199.99;7.05;0;0;0;-9;16:30;0.0;0.0;0.0;0.0;ELEVACOES;13;BERÇO ARM 19;;;;;;;;;;;;;;;;;;;;;;;;;;;;;;;;;;;;;;;;;;;;;;;;;;;;;;;;;;;;;;;;;;;;;;;;;;;;;;;;;;;;;;;;;;;;;;;;;;;;;;;;;;;;;;;;;;;;;;;;;;;;;;;;;;;;;;;;;;;;;;;;;
S2025;3477;32.0;196.0;11.42;0;0;0;-6;16:50;0.0;0.0;0.0;0.0;OUTROS_MACUCO;24;BERÇO ARM 33;;;;;;;;;;;;;;;;;;;;;;;;;;;;;;;;;;;;;;;;;;;;;;;;;;;;;;;;;;;;;;;;;;;;;;;;;;;;;;;;;;;;;;;;;;;;;;;;;;;;;;;;;;;;;;;;;;;;;;;;;;;;;;;;;;;;;;;;;;;;;;;;;
S2025;3495;32.0;183.1;11.15;0;0;0;-5;22:30;0.0;0.0;0.0;0.0;VOPAK;4;BERÇO AL 03;;;;;;;;;;;;;;;;;;;;;;;;;;;;;;;;;;;;;;;;;;;;;;;;;;;;;;;;;;;;;;;;;;;;;;;;;;;2;05:20;;;;;;;;;;;;;2;05:20;2;05:50;2;05:50;2;05:55;2;05:55;2;06:00;2;06:00;2;06:05;2;06:05;2;06:10;2;06:10;2;06:15;2;06:15;2;06:20;2;06:20;2;06:25;2;06:25;2;06:30;2;06:30;2;06:35;2;06:35;2;06:40;2;06:40;2;06:45;2;06:45;2;06:50;2;06:50;2;07:10;
S2025;3498;32.0;189.99;11.47;0;0;0;-4;07:30;0.0;0.0;0.0;0.0;OUTROS_MACUCO;23;BERÇO ARM 32;;;;;;;;;;;;;;;;;;;;;;;;;;;;;;;;;;;;;;;;;;;;;;;;;;;;;;;;;;;;;;;;;;;;;;;;;;;;;;;;;;;;;;;;;;;;;;;;;;;;;;;;;;;;;;;;;;;;;;;;;;;;;;;;;;;;;;;;;;;;;;;;;
S2025;3512;32.0;189.99;10.3;0;0;0;-3;09:54;0.0;0.0;0.0;0.0;TERMAG;57;BERÇO TERMAG;;;;;;;;;;;;;;;;;;;;;;;;;;;;;;;;;;;;;;;;;;;;;;;;;;;;;;;;;;;;;;;;;;;;;;;;;;;;;;;;;;;;;;;;;;;;;;;;;;;;;;;;;;;;;;;;;;;;;;;;;;;;;;;;;;;;;;;;;;;;;;;;;
S2025;3515;48.0;328.46;11.6;0;0;0;-3;14:54;0.0;0.0;0.0;0.0;BTP;33;BERÇO BTP 2;;;;;;;;;;;;;;;;;;;;;;;;;;;;;;;;;;;;;;;;;;;;;;;;;;;;;;;;;;;;;;;;;;;;;;;;;;;;;;;;;;;;;;;;;;;;;;;;;;;;;;;;;;;;;;;;;;;;;;;;;;;;;;;;;;;;;;;;;;;;;;;;;
S2025;3516;30.0;210.54;11.1;0;0;0;-3;16:00;0.0;0.0;0.0;0.0;SANTOSBR;53;BERÇO TECON 1.2;;;;;;;;;;;;;;;;;;;;;;;;;;;;;;;;;;;;;;;;;;;;;;;;;;;;;;;;;;;;;;;;;;;;;;;;;;;2;10:30;;;;;;;;;;;;;;;;;;;;;;;;;;;;;;;;;;;;;;;;;;;;;2;10:30;2;11:00;2;11:00;2;11:05;2;11:05;2;11:10;2;11:10;2;11:15;2;11:15;2;11:20;2;11:20;2;11:40;
S2025;3517;32.0;228.99;6.92;0;0;0;-3;17:00;0.0;0.0;0.0;0.0;TIPLAM - GSA - E;61;BERÇO TIPLAM 2;;;;;;;;;;;;;;;;;;;;;;;;;;;;;;;;;;;;;;;;;;;;;;;;;;;;;;;;;;;;;;;;;;;;;;;;;;;2;03:30;2;03:30;2;03:40;2;03:40;2;04:00;2;04:00;2;04:05;2;04:05;2;04:10;2;04:10;2;04:15;2;04:15;2;04:20;2;04:20;2;04:25;2;04:25;2;04:30;2;04:30;2;04:35;2;04:35;2;04:40;2;04:40;2;04:45;2;04:45;2;04:50;2;04:50;2;04:55;2;04:55;2;05:00;2;05:00;2;05:05;2;05:05;2;05:10;2;05:10;2;05:30;
S2025;3518;32.0;210.96;9.2;0;0;0;-3;17:30;0.0;0.0;0.0;0.0;BTP;34;BERÇO BTP 3;;;;;;;;;;;;;;;;;;;;;;;;;;;;;;;;;;;;;;;;;;;;;;;;;;;;;;;;;;;;;;;;;;;;;;;;;;;;;;;;;;;;;;;;;;;;;;;;;;;;;;;;;;;;;;;;;;;;;;;;;;;;;;;;;;;;;;;;;;;;;;;;;
S2025;3521;45.0;335.0;14.1;0;0;0;-2;04:30;0.0;0.0;0.0;0.0;SANTOSBR;54;BERÇO TECON 2;;;;;;;;;;;;;;;;;;;;;;;;;;;;;;;;;;;;;;;;;;;;;;;;;;;;;;;;;;;;;;;;;;;;;;;;;;;2;04:00;;;;;;;;;;;;;;;;;;;;;;;;;;;;;;;;;;;;;;;;;;;;;2;04:00;2;04:30;2;04:30;2;04:35;2;04:35;2;04:40;2;04:40;2;04:45;2;04:45;2;04:50;2;04:50;2;05:10;
S2025;3524;32.0;229.0;13.3;0;0;0;-2;10:00;0.0;0.0;0.0;0.0;TIPLAM - GSM - I;63;BERÇO TIPLAM 4;;;;;;;;;;;;;;;;;;;;;;;;;;;;;;;;;;;;;;;;;;;;;;;;;;;;;;;;;;;;;;;;;;;;;;;;;;;;;;;;;;;;;;;;;;;;;;;;;;;;;;;;;;;;;;;;;;;;;;;;;;;;;;;;;;;;;;;;;;;;;;;;;
S2025;3531;48.0;330.0;14.3;0;0;0;-2;17:00;0.0;0.0;0.0;0.0;BTP;32;BERÇO BTP 1;;;;;;;;;;;;;;;;;;;;;;;;;;;;;;;;;;;;;;;;;;;;;;;;;;;;;;;;;;;;;;;;;;;;;;;;;;;2;10:10;;;;;;;;;;;;;;;;;2;10:10;2;10:40;2;10:40;2;10:45;2;10:45;2;10:50;2;10:50;2;10:55;2;10:55;2;11:00;2;11:00;2;11:05;2;11:05;2;11:10;2;11:10;2;11:15;2;11:15;2;11:20;2;11:20;2;11:25;2;11:25;2;11:30;2;11:30;2;11:35;2;11:35;2;11:55;
S2025;3533;32.0;189.02;10.2;0;0;0;-2;20:00;0.0;0.0;0.0;0.0;AGEO_TERMINAIS;47;BERÇO IB SP;;;;;;;;;;;;;;;;;;;;;;;;;;;;;;;;;;;;;;;;;;;;;;;;;;;;;;;;;;;;;;;;;;;;;;;;;;;;;;;;;;;;;;;;;;;;;;;;;;;;;;;;;;;;;;;;;;;;;;;;;;;;;;;;;;;;;;;;;;;;;;;;;
S2025;3541;32.0;199.9;9.0;0;0;0;-1;15:20;0.0;0.0;0.0;0.0;OUTROS_MACUCO;73;BERÇO ARM 35P1;;;;;;;;;;;;;;;;;;;;;;;;;;;;;;;;;;;;;;;;;;;;;;;;;;;;;;;;;;;;;;;;;;;;;;;;;;;;;;;;;;;;;;;;;;;;;;;;;;;;;;;;;;;;;;;;;;;;;;;;;;;;;;;;;;;;;;;;;;;;;;;;;
S2025;3544;32.0;229.0;8.59;0;0;0;-1;17:45;0.0;0.0;0.0;0.0;HIDROVIAS;16;BERÇO ARM 23;;;;;;;;;;;;;;;;;;;;;;;;;;;;;;;;;;;;;;;;;;;;;;;;;;;;;;;;;;;;;;;;;;;;;;;;;;;;;;;;;;;;;;;;;;;;;;;;;;;;;;;;;;;;;;;;;;;;;;;;;;;;;;;;;;;;;;;;;;;;;;;;;
S2025;3547;25.0;182.47;9.5;0;0;0;0;01:32;0.0;0.0;0.0;0.0;SANTOSBR;52;BERÇO TECON 1.1;;;;;;;;;;;;;;;;;;;;;;;;;;;;;;;;;;;;;;;;;;;;;;;;;;;;;;;;;;;;;;;;;;;;;;;;;;;2;20:40;;;;;;;;;;;;;;;;;;;;;;;;;;;;;;;;;;;;;;;;;;;;;2;20:40;2;21:10;2;21:10;2;21:15;2;21:15;2;21:20;2;21:20;2;21:25;2;21:25;2;21:30;2;21:30;2;21:50;
S2025;3552;32.0;225.0;7.15;0;0;0;0;07:46;0.0;0.0;0.0;0.0;TEAG;51;BERÇO TEAG;;;;;;;;;;;;;;;;;;;;;;;;;;;;;;;;;;;;;;;;;;;;;;;;;;;;;;;;;;;;;;;;;;;;;;;;;;;;;;;;;;;;;;;;;;;;;;;;;;;;;;;;;;;;;;;;;;;;;;;;;;;;;;;;;;;;;;;;;;;;;;;;;
S2025;3554;28.0;179.99;8.7;0;0;0;0;12:00;0.0;0.0;0.0;0.0;STOLTHAVEN;5;BERÇO AL 04;;;;;;;;;;;;;;;;;;;;;;;;;;;;;;;;;;;;;;;;;;;;;;;;;;;;;;;;;;;;;;;;;;;;;;;;;;;;;;;;;;;;;;;;;;;;;;;;;;;;;;;;;;;;;;;;;;;;;;;;;;;;;;;;;;;;;;;;;;;;;;;;;
S2025;3558;32.0;201.8;7.9;0;0;0;0;16:00;0.0;0.0;0.0;0.0;BRACELL;27;BERÇO ARM 35P2;;;;;;;;;;;;;;;;;;;;;;;;;;;;;;;;;;;;;;;;;;;;;;;;;;;;;;;;;;;;;;;;;;;;;;;;;;;2;00:05;;;;;;;;;;;;;;;;;;;;;;;;;;;;;;;;;;;;;;;;;;;;;2;00:05;2;00:15;2;00:15;2;00:20;2;00:20;2;00:25;2;00:25;2;00:30;2;00:30;2;00:35;2;00:35;2;00:55;
S2025;3220;32.0;228.99;6.73;0;0;0;-20;15:00;499.0;0.0;22.58;521.58;XXXIX;28;BERÇO ARM 37;2;08:35;2;08:55;2;08:55;2;09:00;2;09:00;2;09:05;2;09:05;2;09:40;;;;;;;;;;;;;;;;;;;;;;;;;;;;;;;;;;;;;;;;;;;;;;;;;;;;;2;09:40;2;09:40;6;15:00;;;;;;;;;;;;;;;;;;;;;;;;;;;;;;;;;;;;;;;;;;;;;;;;;;;;;;;;;;;;;;;;;;;;;;;
S2025;3409;32.0;229.0;7.5;0;0;0;-9;05:00;236.17;0.0;32.58;268.75;TGG;59;BERÇO TGG;2;09:45;2;10:05;2;10:05;2;10:10;2;10:10;2;10:15;2;10:15;2;10:20;2;10:20;2;10:55;;;;;;;;;;;;;;;;;;;;;;;;;;;;;;;;;;;;;;;;;;;;;;;;;2;10:55;2;10:55;3;14:50;;;;;;;;;;;;;;;;;;;;;;;;;;;;;;;;;;;;;;;;;;;;;;;;;;;;;;;;;;;;;;;;;;;;;;;
S2025;3490;32.0;183.1;6.8;0;0;0;-5;12:00;133.92;15.5;20.5;169.92;TRANSPETRO;3;BERÇO AL 02;2;13:55;2;14:15;2;14:15;2;14:20;2;14:20;2;14:25;2;14:25;2;14:30;2;14:30;2;14:35;2;14:35;2;14:40;2;14:40;2;14:45;2;14:45;2;14:50;2;14:50;2;14:55;2;14:55;2;15:00;2;15:00;2;15:05;2;15:05;2;15:10;2;15:10;2;15:15;2;15:15;2;15:50;;;;;;;;;;;;;2;15:50;2;15:50;4;00:55;;;;;;;;;;;;;;;;;;;;;;;;;;;;;;;;;;;;;;;;;;;;;;;;;;;;;;;;;;;;;;;;;;;;;;;
S2025;3526;48.0;333.9;12.2;0;0;0;-2;13:00;59.92;0.0;26.5;86.42;SANTOSBR;54;BERÇO TECON 2;2;03:25;2;03:45;2;03:45;2;03:50;2;03:50;2;03:55;2;03:55;2;04:00;2;04:00;2;04:05;2;04:05;2;04:20;;;;;;;;;;;;;;;;;;;;;;;;;;;;;;;;;;;;;;;;;;;;;2;04:20;2;04:20;3;14:25;;;;;;;;;;;;;;;;;;;;;;;;;;;;;;;;;;;;;;;;;;;;;;;;;;;;;;;;;;;;;;;;;;;;;;;
S2025;3556;40.04;275.0;11.0;0;0;0;0;14:40;10.58;0.0;32.25;42.83;SANTOSBR;53;BERÇO TECON 1.2;2;09:30;2;09:50;2;09:50;2;09:55;2;09:55;2;10:00;2;10:00;2;10:05;2;10:05;2;10:10;2;10:10;2;10:45;;;;;;;;;;;;;;;;;;;;;;;;;;;;;;;;;;;;;;;;;;;;;2;10:45;2;10:45;3;09:25;;;;;;;;;;;;;;;;;;;;;;;;;;;;;;;;;;;;;;;;;;;;;;;;;;;;;;;;;;;;;;;;;;;;;;;
S2025;3561;32.0;231.0;10.6;0;0;0;0;23:00;1.92;0.0;43.17;45.08;SANTOSBR;52;BERÇO TECON 1.1;2;20:05;2;20:25;2;20:25;2;20:30;2;20:30;2;20:35;2;20:35;2;20:40;2;20:40;2;20:45;2;20:45;2;21:00;;;;;;;;;;;;;;;;;;;;;;;;;;;;;;;;;;;;;;;;;;;;;2;21:00;2;21:00;3;08:15;;;;;;;;;;;;;;;;;;;;;;;;;;;;;;;;;;;;;;;;;;;;;;;;;;;;;;;;;;;;;;;;;;;;;;;
S2025;3580;45.0;299.9;12.0;0;0;0;1;16:55;0.92;11.33;16.92;29.17;SANTOSBR;55;BERÇO TECON 3;2;22:05;2;22:25;2;22:25;2;22:30;2;22:30;2;22:35;2;22:35;2;22:40;2;22:40;2;22:45;2;22:45;2;23:00;;;;;;;;;;;;;;;;;;;;;;;;;;;;;;;;;;;;;;;;;;;;;2;23:00;2;23:00;4;00:10;;;;;;;;;;;;;;;;;;;;;;;;;;;;;;;;;;;;;;;;;;;;;;;;;;;;;;;;;;;;;;;;;;;;;;;
S2025;3527;32.2;182.9;7.8;0;0;0;-2;13:00;60.92;0.0;30.42;91.33;VOPAK;4;BERÇO AL 03;2;08:20;2;08:40;2;08:40;2;08:45;2;08:45;2;08:50;2;08:50;2;08:55;2;08:55;2;09:00;2;09:00;2;09:05;2;09:05;2;09:10;2;09:10;2;09:15;2;09:15;2;09:20;2;09:20;2;09:25;2;09:25;2;09:30;2;09:30;2;09:35;2;09:35;2;09:40;2;09:40;2;10:15;;;;;;;;;;;;;2;10:15;2;10:15;5;17:55;;;;;;;;;;;;;;;;;;;;;;;;;;;;;;;;;;;;;;;;;;;;;;;;;;;;;;;;;;;;;;;;;;;;;;;
S2025;3529;32.0;229.0;7.14;0;0;0;-2;15:48;58.75;0.0;27.0;85.75;TIPLAM - GSA - E;61;BERÇO TIPLAM 2;2;05:35;2;05:55;2;05:55;2;06:00;2;06:00;2;06:05;2;06:05;2;06:10;2;06:10;2;06:15;2;06:15;2;06:20;2;06:20;2;06:25;2;06:25;2;06:30;2;06:30;2;06:35;2;06:35;2;06:40;2;06:40;2;06:45;2;06:45;2;06:50;2;06:50;2;06:55;2;06:55;2;07:00;2;07:00;2;07:05;2;07:05;2;07:25;2;07:25;2;08:10;2;08:10;2;08:10;4;17:50;;;;;;;;;;;;;;;;;;;;;;;;;;;;;;;;;;;;;;;;;;;;;;;;;;;;;;;;;;;;;;;;;;;;;;;
S2025;3564;42.0;300.07;11.6;0;0;0;1;00:06;1.5;0.0;31.58;33.08;BTP;32;BERÇO BTP 1;2;09:15;2;09:35;2;09:35;2;09:40;2;09:40;2;09:45;2;09:45;2;09:50;2;09:50;2;09:55;2;09:55;2;10:00;2;10:00;2;10:05;2;10:05;2;10:10;2;10:10;2;10:15;2;10:15;2;10:20;2;10:20;2;10:25;2;10:25;2;10:30;2;10:30;2;10:45;;;;;;;;;;;;;;;;;2;10:45;2;10:45;3;10:50;;;;;;;;;;;;;;;;;;;;;;;;;;;;;;;;;;;;;;;;;;;;;;;;;;;;;;;;;;;;;;;;;;;;;;;
S2025;3570;36.0;225.0;8.7;0;0;0;1;08:06;1.25;0.0;15.58;16.83;BRACELL;27;BERÇO ARM 35P2;2;01:00;2;01:20;2;01:20;2;01:25;2;01:25;2;01:30;2;01:30;2;01:35;2;01:35;2;01:40;2;01:40;2;02:15;;;;;;;;;;;;;;;;;;;;;;;;;;;;;;;;;;;;;;;;;;;;;2;02:15;2;02:15;4;05:50;;;;;;;;;;;;;;;;;;;;;;;;;;;;;;;;;;;;;;;;;;;;;;;;;;;;;;;;;;;;;;;;;;;;;;;
S2025;3571;32.0;199.99;8.3;0;0;1;1;09:00;1.33;15.0;1.83;18.17;TEV;58;BERÇO TEV;2;03:10;2;03:30;2;03:30;2;03:35;2;03:35;2;03:40;2;03:40;2;03:45;2;03:45;2;03:50;2;03:50;2;03:55;2;03:55;2;04:30;;;;;;;;;;;;;;;;;;;;;;;;;;;;;;;;;;;;;;;;;2;04:30;2;04:30;2;17:20;2;17:20;;;;;;;;;;;;;;;;;;;;;;;;;;;;;;;;;;;;;;;;;2;17:20;2;17:30;2;17:30;2;17:35;2;17:35;2;17:40;2;17:40;2;17:45;2;17:45;2;17:50;2;17:50;2;17:55;2;17:55;2;18:15;
S2025;3582;32.0;183.1;9.05;0;0;0;2;03:45;0.0;0.0;2.67;2.67;AGEO_TERMINAIS;1;BERÇO Ageo I;2;06:25;2;06:45;2;06:45;2;06:50;2;06:50;2;06:55;2;06:55;2;07:00;2;07:00;2;07:05;2;07:05;2;07:10;2;07:10;2;07:15;2;07:15;2;07:20;2;07:20;2;07:25;2;07:25;2;07:30;2;07:30;2;07:35;2;07:35;2;07:50;;;;;;;;;;;;;;;;;;;;;2;07:50;2;07:50;3;17:00;;;;;;;;;;;;;;;;;;;;;;;;;;;;;;;;;;;;;;;;;;;;;;;;;;;;;;;;;;;;;;;;;;;;;;;
S2025;3592;32.0;199.98;9.62;0;0;0;2;15:54;0.0;3.92;0.0;3.92;DPW - CGNC;45;BERÇO DPW 4;2;19:50;2;20:10;2;20:10;2;20:15;2;20:15;2;20:20;2;20:20;2;20:25;2;20:25;2;20:30;2;20:30;2;20:35;2;20:35;2;20:40;2;20:40;2;20:45;2;20:45;2;20:50;2;20:50;2;21:25;;;;;;;;;;;;;;;;;;;;;;;;;;;;;2;21:25;2;21:25;4;08:55;;;;;;;;;;;;;;;;;;;;;;;;;;;;;;;;;;;;;;;;;;;;;;;;;;;;;;;;;;;;;;;;;;;;;;;
S2025;3597;32.0;199.9;8.75;0;0;0;2;20:24;0.0;0.0;0.67;0.67;OUTROS_SABOO;38;BERÇO CS 03;2;21:05;2;21:25;2;21:25;2;21:30;2;21:30;2;21:35;2;21:35;2;21:40;2;21:40;2;21:45;2;21:45;2;21:50;2;21:50;2;21:55;2;21:55;2;22:00;2;22:00;2;22:05;2;22:05;2;22:10;2;22:10;2;22:15;2;22:15;2;22:30;;;;;;;;;;;;;;;;;;;;;2;22:30;2;22:30;10;19:50;;;;;;;;;;;;;;;;;;;;;;;;;;;;;;;;;;;;;;;;;;;;;;;;;;;;;;;;;;;;;;;;;;;;;;;
S2025;3220;32.0;228.99;6.73;0;0;0;-20;15:00;499.0;0.0;22.58;521.58;XXXIX;28;BERÇO ARM 37;2;08:35;2;08:55;2;08:55;2;09:00;2;09:00;2;09:05;2;09:05;2;09:40;;;;;;;;;;;;;;;;;;;;;;;;;;;;;;;;;;;;;;;;;;;;;;;;;;;;;2;09:40;2;09:40;6;15:00;;;;;;;;;;;;;;;;;;;;;;;;;;;;;;;;;;;;;;;;;;;;;;;;;;;;;;;;;;;;;;;;;;;;;;;
S2025;3336;33.0;199.9;10.3;0;0;0;-13;08:00;328.0;0.0;0.0;328.0;TIPLAM - GSM - I;60;BERÇO TIPLAM 1;1;00:00;1;00:20;1;00:20;1;00:25;1;00:25;1;00:30;1;00:30;1;00:35;1;00:35;1;00:40;1;00:40;1;00:45;1;00:45;1;00:50;1;00:50;1;00:55;1;00:55;1;01:00;1;01:00;1;01:05;1;01:05;1;01:10;1;01:10;1;01:15;1;01:15;1;01:20;1;01:20;1;01:25;1;01:25;1;01:30;1;01:30;1;01:50;1;01:50;1;02:35;1;02:35;1;02:35;5;03:50;;;;;;;;;;;;;;;;;;;;;;;;;;;;;;;;;;;;;;;;;;;;;;;;;;;;;;;;;;;;;;;;;;;;;;;
S2025;3354;32.0;199.99;6.62;0;0;0;-12;05:54;306.08;0.0;17.0;323.08;COPESUCAR;14;BERÇO ARM 20/21;1;17:00;1;17:20;1;17:20;1;17:25;1;17:25;1;17:30;1;17:30;1;17:35;1;17:35;1;17:40;1;17:40;1;17:45;1;17:45;1;17:50;1;17:50;1;18:25;;;;;;;;;;;;;;;;;;;;;;;;;;;;;;;;;;;;;1;18:25;1;18:25;4;13:35;;;;;;;;;;;;;;;;;;;;;;;;;;;;;;;;;;;;;;;;;;;;;;;;;;;;;;;;;;;;;;;;;;;;;;;
S2025;3409;32.0;229.0;7.5;0;0;0;-9;05:00;236.17;0.0;32.58;268.75;TGG;59;BERÇO TGG;2;09:45;2;10:05;2;10:05;2;10:10;2;10:10;2;10:15;2;10:15;2;10:20;2;10:20;2;10:55;;;;;;;;;;;;;;;;;;;;;;;;;;;;;;;;;;;;;;;;;;;;;;;;;2;10:55;2;10:55;3;14:50;3;14:50;;;;;;;;;;;;;;;;;;;;;;;;;;;;;;;;;;;;;;;;;;;;;;;;;3;14:50;3;15:00;3;15:00;3;15:05;3;15:05;3;15:10;3;15:10;3;15:15;3;15:15;3;15:35;
S2025;3450;33.0;189.93;6.8;0;0;0;-7;08:00;184.0;0.0;2.17;186.17;TIPLAM - GSA - E;62;BERÇO TIPLAM 3;1;02:10;1;02:30;1;02:30;1;02:35;1;02:35;1;02:40;1;02:40;1;02:45;1;02:45;1;02:50;1;02:50;1;02:55;1;02:55;1;03:00;1;03:00;1;03:05;1;03:05;1;03:10;1;03:10;1;03:15;1;03:15;1;03:20;1;03:20;1;03:25;1;03:25;1;03:30;1;03:30;1;03:35;1;03:35;1;03:40;1;03:40;1;04:00;1;04:00;1;04:45;1;04:45;1;04:45;3;09:25;3;09:45;3;09:45;3;09:55;3;09:55;3;10:15;3;10:15;3;10:20;3;10:20;3;10:25;3;10:25;3;10:30;3;10:30;3;10:35;3;10:35;3;10:40;3;10:40;3;10:45;3;10:45;3;10:50;3;10:50;3;10:55;3;10:55;3;11:00;3;11:00;3;11:05;3;11:05;3;11:10;3;11:10;3;11:15;3;11:15;3;11:20;3;11:20;3;11:25;3;11:25;3;11:45;
S2025;3466;32.0;228.99;7.2;0;0;0;-6;03:30;165.0;0.0;1.92;166.92;TGRAO;71;BERÇO OUT 2;1;02:25;1;02:45;1;02:45;1;02:50;1;02:50;1;02:55;1;02:55;1;03:00;1;03:00;1;03:05;1;03:05;1;03:10;1;03:10;1;03:45;;;;;;;;;;;;;;;;;;;;;;;;;;;;;;;;;;;;;;;;;1;03:45;1;03:45;7;01:35;;;;;;;;;;;;;;;;;;;;;;;;;;;;;;;;;;;;;;;;;;;;;;;;;;;;;;;;;;;;;;;;;;;;;;;
S2025;3490;32.0;183.1;6.8;0;0;0;-5;12:00;133.92;15.5;20.5;169.92;TRANSPETRO;3;BERÇO AL 02;2;13:55;2;14:15;2;14:15;2;14:20;2;14:20;2;14:25;2;14:25;2;14:30;2;14:30;2;14:35;2;14:35;2;14:40;2;14:40;2;14:45;2;14:45;2;14:50;2;14:50;2;14:55;2;14:55;2;15:00;2;15:00;2;15:05;2;15:05;2;15:10;2;15:10;2;15:15;2;15:15;2;15:50;;;;;;;;;;;;;2;15:50;2;15:50;4;00:55;;;;;;;;;;;;;;;;;;;;;;;;;;;;;;;;;;;;;;;;;;;;;;;;;;;;;;;;;;;;;;;;;;;;;;;
S2025;3523;28.0;179.9;10.5;0;0;0;-2;08:40;63.33;0.0;1.0;64.33;HIDROVIAS;15;BERÇO ARM 22/23;1;01:00;1;01:20;1;01:20;1;01:25;1;01:25;1;01:30;1;01:30;1;01:35;1;01:35;1;01:40;1;01:40;1;01:45;1;01:45;1;01:50;1;01:50;1;02:05;;;;;;;;;;;;;;;;;;;;;;;;;;;;;;;;;;;;;1;02:05;1;02:05;4;19:05;;;;;;;;;;;;;;;;;;;;;;;;;;;;;;;;;;;;;;;;;;;;;;;;;;;;;;;;;;;;;;;;;;;;;;;
S2025;3526;48.0;333.9;12.2;0;0;0;-2;13:00;59.92;0.0;26.5;86.42;SANTOSBR;54;BERÇO TECON 2;2;03:25;2;03:45;2;03:45;2;03:50;2;03:50;2;03:55;2;03:55;2;04:00;2;04:00;2;04:05;2;04:05;2;04:20;;;;;;;;;;;;;;;;;;;;;;;;;;;;;;;;;;;;;;;;;;;;;2;04:20;2;04:20;3;14:25;;;;;;;;;;;;;;;;;;;;;;;;;;;;;;;;;;;;;;;;;;;;;;;;;;;;;;;;;;;;;;;;;;;;;;;
S2025;3527;32.2;182.9;7.8;0;0;0;-2;13:00;60.92;0.0;30.42;91.33;VOPAK;4;BERÇO AL 03;2;08:20;2;08:40;2;08:40;2;08:45;2;08:45;2;08:50;2;08:50;2;08:55;2;08:55;2;09:00;2;09:00;2;09:05;2;09:05;2;09:10;2;09:10;2;09:15;2;09:15;2;09:20;2;09:20;2;09:25;2;09:25;2;09:30;2;09:30;2;09:35;2;09:35;2;09:40;2;09:40;2;10:15;;;;;;;;;;;;;2;10:15;2;10:15;5;17:55;;;;;;;;;;;;;;;;;;;;;;;;;;;;;;;;;;;;;;;;;;;;;;;;;;;;;;;;;;;;;;;;;;;;;;;
S2025;3528;29.0;189.98;8.4;0;0;0;-2;14:40;57.33;0.0;0.25;57.58;OUTROS_SABOO;37;BERÇO CS 02;1;00:15;1;00:35;1;00:35;1;00:40;1;00:40;1;00:45;1;00:45;1;00:50;1;00:50;1;00:55;1;00:55;1;01:00;1;01:00;1;01:05;1;01:05;1;01:10;1;01:10;1;01:15;1;01:15;1;01:20;1;01:20;1;01:25;1;01:25;1;01:40;;;;;;;;;;;;;;;;;;;;;1;01:40;1;01:40;7;11:00;;;;;;;;;;;;;;;;;;;;;;;;;;;;;;;;;;;;;;;;;;;;;;;;;;;;;;;;;;;;;;;;;;;;;;;
S2025;3529;32.0;229.0;7.14;0;0;0;-2;15:48;58.75;0.0;27.0;85.75;TIPLAM - GSA - E;61;BERÇO TIPLAM 2;2;05:35;2;05:55;2;05:55;2;06:00;2;06:00;2;06:05;2;06:05;2;06:10;2;06:10;2;06:15;2;06:15;2;06:20;2;06:20;2;06:25;2;06:25;2;06:30;2;06:30;2;06:35;2;06:35;2;06:40;2;06:40;2;06:45;2;06:45;2;06:50;2;06:50;2;06:55;2;06:55;2;07:00;2;07:00;2;07:05;2;07:05;2;07:25;2;07:25;2;08:10;2;08:10;2;08:10;4;17:50;;;;;;;;;;;;;;;;;;;;;;;;;;;;;;;;;;;;;;;;;;;;;;;;;;;;;;;;;;;;;;;;;;;;;;;
S2025;3551;32.0;228.99;7.1;0;0;0;0;07:04;16.92;0.0;1.5;18.42;TES;29;BERÇO ARM 38;1;01:30;1;01:50;1;01:50;1;01:55;1;01:55;1;02:00;1;02:00;1;02:35;;;;;;;;;;;;;;;;;;;;;;;;;;;;;;;;;;;;;;;;;;;;;;;;;;;;;1;02:35;1;02:35;5;06:25;;;;;;;;;;;;;;;;;;;;;;;;;;;;;;;;;;;;;;;;;;;;;;;;;;;;;;;;;;;;;;;;;;;;;;;
S2025;3556;40.04;275.0;11.0;0;0;0;0;14:40;10.58;0.0;32.25;42.83;SANTOSBR;53;BERÇO TECON 1.2;2;09:30;2;09:50;2;09:50;2;09:55;2;09:55;2;10:00;2;10:00;2;10:05;2;10:05;2;10:10;2;10:10;2;10:45;;;;;;;;;;;;;;;;;;;;;;;;;;;;;;;;;;;;;;;;;;;;;2;10:45;2;10:45;3;09:25;3;09:25;;;;;;;;;;;;;;;;;;;;;;;;;;;;;;;;;;;;;;;;;;;;;3;09:25;3;09:35;3;09:35;3;09:40;3;09:40;3;09:45;3;09:45;3;09:50;3;09:50;3;09:55;3;09:55;3;10:15;
S2025;3560;32.0;229.0;7.0;0;0;0;0;21:36;2.67;0.0;0.92;3.58;TGRAO;72;BERÇO OUT 3;1;01:15;1;01:35;1;01:35;1;01:40;1;01:40;1;01:45;1;01:45;1;01:50;1;01:50;1;01:55;1;01:55;1;02:00;1;02:00;1;02:35;;;;;;;;;;;;;;;;;;;;;;;;;;;;;;;;;;;;;;;;;1;02:35;1;02:35;5;12:15;;;;;;;;;;;;;;;;;;;;;;;;;;;;;;;;;;;;;;;;;;;;;;;;;;;;;;;;;;;;;;;;;;;;;;;
S2025;3561;32.0;231.0;10.6;0;0;0;0;23:00;1.92;0.0;43.17;45.08;SANTOSBR;52;BERÇO TECON 1.1;2;20:05;2;20:25;2;20:25;2;20:30;2;20:30;2;20:35;2;20:35;2;20:40;2;20:40;2;20:45;2;20:45;2;21:00;;;;;;;;;;;;;;;;;;;;;;;;;;;;;;;;;;;;;;;;;;;;;2;21:00;2;21:00;3;08:15;3;09:45;;;;;;;;;;;;;;;;;;;;;;;;;;;;;;;;;;;;;;;;;;;;;3;09:45;3;10:15;3;10:15;3;10:20;3;10:20;3;10:25;3;10:25;3;10:30;3;10:30;3;10:35;3;10:35;3;10:55;
S2025;3562;48.0;331.1;12.5;0;0;0;0;23:30;0.5;0.0;0.5;1.0;DPW - CGC;43;BERÇO DPW 2;1;00:30;1;00:50;1;00:50;1;00:55;1;00:55;1;01:00;1;01:00;1;01:05;1;01:05;1;01:10;1;01:10;1;01:15;1;01:15;1;01:20;1;01:20;1;01:25;1;01:25;1;01:30;1;01:30;1;01:35;1;01:35;1;02:10;;;;;;;;;;;;;;;;;;;;;;;;;1;02:10;1;02:10;3;05:45;;;;;;;;;;;;;;;;;;;;;;;;;;;;;;;;;;;;;;;;;;;;;;;;;;;;;;;;;;;;;;;;;;;;;;;
S2025;3564;42.0;300.07;11.6;0;0;0;1;00:06;1.5;0.0;31.58;33.08;BTP;32;BERÇO BTP 1;2;09:15;2;09:35;2;09:35;2;09:40;2;09:40;2;09:45;2;09:45;2;09:50;2;09:50;2;09:55;2;09:55;2;10:00;2;10:00;2;10:05;2;10:05;2;10:10;2;10:10;2;10:15;2;10:15;2;10:20;2;10:20;2;10:25;2;10:25;2;10:30;2;10:30;2;10:45;;;;;;;;;;;;;;;;;2;10:45;2;10:45;3;10:50;3;12:00;;;;;;;;;;;;;;;;;3;12:00;3;12:30;3;12:30;3;12:35;3;12:35;3;12:40;3;12:40;3;12:45;3;12:45;3;12:50;3;12:50;3;12:55;3;12:55;3;13:00;3;13:00;3;13:05;3;13:05;3;13:10;3;13:10;3;13:15;3;13:15;3;13:20;3;13:20;3;13:25;3;13:25;3;13:45;
S2025;3569;36.0;210.0;11.45;0;0;0;1;07:36;0.0;0.0;1.67;1.67;DPW - CGNC;44;BERÇO DPW 3;1;09:20;1;09:40;1;09:40;1;09:45;1;09:45;1;09:50;1;09:50;1;09:55;1;09:55;1;10:00;1;10:00;1;10:05;1;10:05;1;10:10;1;10:10;1;10:15;1;10:15;1;10:20;1;10:20;1;10:55;;;;;;;;;;;;;;;;;;;;;;;;;;;;;1;10:55;1;10:55;2;05:55;;;;;;;;;;;;;;;;;;;;;;;;;;;;;;;;;;;;;;;;;;;;;;;;;;;;;;;;;;;;;;;;;;;;;;;
S2025;3570;36.0;225.0;8.7;0;0;0;1;08:06;1.25;0.0;15.58;16.83;BRACELL;27;BERÇO ARM 35P2;2;01:00;2;01:20;2;01:20;2;01:25;2;01:25;2;01:30;2;01:30;2;01:35;2;01:35;2;01:40;2;01:40;2;02:15;;;;;;;;;;;;;;;;;;;;;;;;;;;;;;;;;;;;;;;;;;;;;2;02:15;2;02:15;4;05:50;;;;;;;;;;;;;;;;;;;;;;;;;;;;;;;;;;;;;;;;;;;;;;;;;;;;;;;;;;;;;;;;;;;;;;;
S2025;3572;37.0;227.97;11.5;0;0;0;1;09:15;0.0;0.0;10.42;10.42;DPW - CGC;42;BERÇO DPW 1;1;19:40;1;20:00;1;20:00;1;20:05;1;20:05;1;20:10;1;20:10;1;20:15;1;20:15;1;20:20;1;20:20;1;20:25;1;20:25;1;20:30;1;20:30;1;20:35;1;20:35;1;20:40;1;20:40;1;20:45;1;20:45;1;21:00;;;;;;;;;;;;;;;;;;;;;;;;;1;21:00;1;21:00;3;04:30;3;04:30;;;;;;;;;;;;;;;;;;;;;;;;;3;04:30;3;05:00;3;05:00;3;05:05;3;05:05;3;05:10;3;05:10;3;05:15;3;05:15;3;05:20;3;05:20;3;05:25;3;05:25;3;05:30;3;05:30;3;05:35;3;05:35;3;05:40;3;05:40;3;05:45;3;05:45;3;06:05;
S2025;3574;26.0;173.0;6.8;0;0;0;1;10:30;0.0;0.0;0.0;0.0;CITROSUCO;18;BERÇO ARM 29;1;10:30;1;10:50;1;10:50;1;10:55;1;10:55;1;11:00;1;11:00;1;11:05;1;11:05;1;11:10;1;11:10;1;11:15;1;11:15;1;11:50;;;;;;;;;;;;;;;;;;;;;;;;;;;;;;;;;;;;;;;;;1;11:50;1;11:50;3;01:45;3;01:45;;;;;;;;;;;;;;;;;;;;;;;;;;;;;;;;;;;;;;;;;3;01:45;3;01:55;3;01:55;3;02:00;3;02:00;3;02:05;3;02:05;3;02:10;3;02:10;3;02:15;3;02:15;3;02:20;3;02:20;3;02:40;
S2025;3575;32.0;199.94;7.1;0;0;0;1;11:28;0.0;0.0;0.75;0.75;TEG;56;BERÇO TEG;1;12:15;1;12:35;1;12:35;1;12:40;1;12:40;1;12:45;1;12:45;1;12:50;1;12:50;1;13:25;;;;;;;;;;;;;;;;;;;;;;;;;;;;;;;;;;;;;;;;;;;;;;;;;1;13:25;1;13:25;3;16:55;;;;;;;;;;;;;;;;;;;;;;;;;;;;;;;;;;;;;;;;;;;;;;;;;;;;;;;;;;;;;;;;;;;;;;;
S2025;3580;45.0;299.9;12.0;0;0;0;1;16:55;0.92;11.33;16.92;29.17;SANTOSBR;55;BERÇO TECON 3;2;22:05;2;22:25;2;22:25;2;22:30;2;22:30;2;22:35;2;22:35;2;22:40;2;22:40;2;22:45;2;22:45;2;23:00;;;;;;;;;;;;;;;;;;;;;;;;;;;;;;;;;;;;;;;;;;;;;2;23:00;2;23:00;4;00:10;;;;;;;;;;;;;;;;;;;;;;;;;;;;;;;;;;;;;;;;;;;;;;;;;;;;;;;;;;;;;;;;;;;;;;;
S2025;3582;32.0;183.1;9.05;0;0;0;2;03:45;0.0;0.0;2.67;2.67;AGEO_TERMINAIS;1;BERÇO Ageo I;2;06:25;2;06:45;2;06:45;2;06:50;2;06:50;2;06:55;2;06:55;2;07:00;2;07:00;2;07:05;2;07:05;2;07:10;2;07:10;2;07:15;2;07:15;2;07:20;2;07:20;2;07:25;2;07:25;2;07:30;2;07:30;2;07:35;2;07:35;2;07:50;;;;;;;;;;;;;;;;;;;;;2;07:50;2;07:50;3;17:00;3;18:10;;;;;;;;;;;;;;;;;;;;;3;18:10;3;18:40;3;18:40;3;18:45;3;18:45;3;18:50;3;18:50;3;18:55;3;18:55;3;19:00;3;19:00;3;19:05;3;19:05;3;19:10;3;19:10;3;19:15;3;19:15;3;19:20;3;19:20;3;19:25;3;19:25;3;19:30;3;19:30;3;19:50;
S2025;3592;32.0;199.98;9.62;0;0;0;2;15:54;0.0;3.92;0.0;3.92;DPW - CGNC;45;BERÇO DPW 4;2;19:50;2;20:10;2;20:10;2;20:15;2;20:15;2;20:20;2;20:20;2;20:25;2;20:25;2;20:30;2;20:30;2;20:35;2;20:35;2;20:40;2;20:40;2;20:45;2;20:45;2;20:50;2;20:50;2;21:25;;;;;;;;;;;;;;;;;;;;;;;;;;;;;2;21:25;2;21:25;4;08:55;;;;;;;;;;;;;;;;;;;;;;;;;;;;;;;;;;;;;;;;;;;;;;;;;;;;;;;;;;;;;;;;;;;;;;;
S2025;3597;32.0;199.9;8.75;0;0;0;2;20:24;0.0;0.0;0.67;0.67;OUTROS_SABOO;38;BERÇO CS 03;2;21:05;2;21:25;2;21:25;2;21:30;2;21:30;2;21:35;2;21:35;2;21:40;2;21:40;2;21:45;2;21:45;2;21:50;2;21:50;2;21:55;2;21:55;2;22:00;2;22:00;2;22:05;2;22:05;2;22:10;2;22:10;2;22:15;2;22:15;2;22:30;;;;;;;;;;;;;;;;;;;;;2;22:30;2;22:30;10;19:50;;;;;;;;;;;;;;;;;;;;;;;;;;;;;;;;;;;;;;;;;;;;;;;;;;;;;;;;;;;;;;;;;;;;;;;
S2025;3228;32.0;199.98;6.5;0;0;0;-20;22:30;0.0;0.0;0.0;0.0;ELEVACOES;12;BERÇO ARM 16/17;;;;;;;;;;;;;;;;;;;;;;;;;;;;;;;;;;;;;;;;;;;;;;;;;;;;;;;;;;;;;;;;;;;;;;;;;;;;;;;;;;;;;;;;;;;;;;;;;;;;;;;;;;;;;;;;;;;;;;;;;;;;;;;;;;;;;;;;;;;;;;;;;
S2025;3254;32.0;199.9;7.2;0;0;0;-18;09:30;0.0;0.0;0.0;0.0;COFCO;9;BERÇO ARM 12A;;;;;;;;;;;;;;;;;;;;;;;;;;;;;;;;;;;;;;;;;;;;;;;;;;;;;;;;;;;;;;;;;;;;;;;;;;;3;02:05;;;;;;;;;;;;;;;;;;;;;;;;;;;;;;;;;3;02:05;3;02:15;3;02:15;3;02:20;3;02:20;3;02:25;3;02:25;3;02:30;3;02:30;3;02:35;3;02:35;3;02:40;3;02:40;3;02:45;3;02:45;3;02:50;3;02:50;3;03:10;
S2025;3272;32.0;229.0;6.09;0;0;0;-17;11:30;0.0;0.0;0.0;0.0;COFCO;10;BERÇO ARM 13/14;;;;;;;;;;;;;;;;;;;;;;;;;;;;;;;;;;;;;;;;;;;;;;;;;;;;;;;;;;;;;;;;;;;;;;;;;;;;;;;;;;;;;;;;;;;;;;;;;;;;;;;;;;;;;;;;;;;;;;;;;;;;;;;;;;;;;;;;;;;;;;;;;
S2025;3328;30.0;180.0;6.46;0;0;0;-14;16:45;0.0;0.0;0.0;0.0;NST - CGNC;21;BERÇO ARM 31;;;;;;;;;;;;;;;;;;;;;;;;;;;;;;;;;;;;;;;;;;;;;;;;;;;;;;;;;;;;;;;;;;;;;;;;;;;;;;;;;;;;;;;;;;;;;;;;;;;;;;;;;;;;;;;;;;;;;;;;;;;;;;;;;;;;;;;;;;;;;;;;;
S2025;3380;30.0;179.9;9.86;0;0;0;-11;10:00;0.0;0.0;0.0;0.0;OUTROS_SABOO;36;BERÇO CS 01;;;;;;;;;;;;;;;;;;;;;;;;;;;;;;;;;;;;;;;;;;;;;;;;;;;;;;;;;;;;;;;;;;;;;;;;;;;3;05:30;;;;;;;;;;;;;;;;;;;;;3;05:30;3;06:00;3;06:00;3;06:05;3;06:05;3;06:10;3;06:10;3;06:15;3;06:15;3;06:20;3;06:20;3;06:25;3;06:25;3;06:30;3;06:30;3;06:35;3;06:35;3;06:40;3;06:40;3;06:45;3;06:45;3;06:50;3;06:50;3;07:10;
S2025;3415;38.0;228.87;7.79;0;0;0;-9;08:42;0.0;0.0;0.0;0.0;ADM;30;BERÇO ARM 39;;;;;;;;;;;;;;;;;;;;;;;;;;;;;;;;;;;;;;;;;;;;;;;;;;;;;;;;;;;;;;;;;;;;;;;;;;;;;;;;;;;;;;;;;;;;;;;;;;;;;;;;;;;;;;;;;;;;;;;;;;;;;;;;;;;;;;;;;;;;;;;;;
S2025;3422;32.0;199.99;7.05;0;0;0;-9;16:30;0.0;0.0;0.0;0.0;ELEVACOES;13;BERÇO ARM 19;;;;;;;;;;;;;;;;;;;;;;;;;;;;;;;;;;;;;;;;;;;;;;;;;;;;;;;;;;;;;;;;;;;;;;;;;;;;;;;;;;;;;;;;;;;;;;;;;;;;;;;;;;;;;;;;;;;;;;;;;;;;;;;;;;;;;;;;;;;;;;;;;
S2025;3477;32.0;196.0;11.42;0;0;0;-6;16:50;0.0;0.0;0.0;0.0;OUTROS_MACUCO;24;BERÇO ARM 33;;;;;;;;;;;;;;;;;;;;;;;;;;;;;;;;;;;;;;;;;;;;;;;;;;;;;;;;;;;;;;;;;;;;;;;;;;;;;;;;;;;;;;;;;;;;;;;;;;;;;;;;;;;;;;;;;;;;;;;;;;;;;;;;;;;;;;;;;;;;;;;;;
S2025;3498;32.0;189.99;11.47;0;0;0;-4;07:30;0.0;0.0;0.0;0.0;OUTROS_MACUCO;23;BERÇO ARM 32;;;;;;;;;;;;;;;;;;;;;;;;;;;;;;;;;;;;;;;;;;;;;;;;;;;;;;;;;;;;;;;;;;;;;;;;;;;;;;;;;;;;;;;;;;;;;;;;;;;;;;;;;;;;;;;;;;;;;;;;;;;;;;;;;;;;;;;;;;;;;;;;;
S2025;3512;32.0;189.99;10.3;0;0;0;-3;09:54;0.0;0.0;0.0;0.0;TERMAG;57;BERÇO TERMAG;;;;;;;;;;;;;;;;;;;;;;;;;;;;;;;;;;;;;;;;;;;;;;;;;;;;;;;;;;;;;;;;;;;;;;;;;;;3;12:00;;;;;;;;;;;;;;;;;;;;;;;;;;;;;;;;;;;;;;;;;;;;;;;;;3;12:00;3;12:30;3;12:30;3;12:35;3;12:35;3;12:40;3;12:40;3;12:45;3;12:45;3;13:05;
S2025;3515;48.0;328.46;11.6;0;0;0;-3;14:54;0.0;0.0;0.0;0.0;BTP;33;BERÇO BTP 2;;;;;;;;;;;;;;;;;;;;;;;;;;;;;;;;;;;;;;;;;;;;;;;;;;;;;;;;;;;;;;;;;;;;;;;;;;;;;;;;;;;;;;;;;;;;;;;;;;;;;;;;;;;;;;;;;;;;;;;;;;;;;;;;;;;;;;;;;;;;;;;;;
S2025;3518;32.0;210.96;9.2;0;0;0;-3;17:30;0.0;0.0;0.0;0.0;BTP;34;BERÇO BTP 3;;;;;;;;;;;;;;;;;;;;;;;;;;;;;;;;;;;;;;;;;;;;;;;;;;;;;;;;;;;;;;;;;;;;;;;;;;;3;22:00;;;;;;;;;;;;;;;;;3;22:00;3;22:30;3;22:30;3;22:35;3;22:35;3;22:40;3;22:40;3;22:45;3;22:45;3;22:50;3;22:50;3;22:55;3;22:55;3;23:00;3;23:00;3;23:05;3;23:05;3;23:10;3;23:10;3;23:15;3;23:15;3;23:20;3;23:20;3;23:25;3;23:25;3;23:45;
S2025;3524;32.0;229.0;13.3;0;0;0;-2;10:00;0.0;0.0;0.0;0.0;TIPLAM - GSM - I;63;BERÇO TIPLAM 4;;;;;;;;;;;;;;;;;;;;;;;;;;;;;;;;;;;;;;;;;;;;;;;;;;;;;;;;;;;;;;;;;;;;;;;;;;;;;;;;;;;;;;;;;;;;;;;;;;;;;;;;;;;;;;;;;;;;;;;;;;;;;;;;;;;;;;;;;;;;;;;;;
S2025;3533;32.0;189.02;10.2;0;0;0;-2;20:00;0.0;0.0;0.0;0.0;AGEO_TERMINAIS;47;BERÇO IB SP;;;;;;;;;;;;;;;;;;;;;;;;;;;;;;;;;;;;;;;;;;;;;;;;;;;;;;;;;;;;;;;;;;;;;;;;;;;;;;;;;;;;;;;;;;;;;;;;;;;;;;;;;;;;;;;;;;;;;;;;;;;;;;;;;;;;;;;;;;;;;;;;;
S2025;3541;32.0;199.9;9.0;0;0;0;-1;15:20;0.0;0.0;0.0;0.0;OUTROS_MACUCO;73;BERÇO ARM 35P1;;;;;;;;;;;;;;;;;;;;;;;;;;;;;;;;;;;;;;;;;;;;;;;;;;;;;;;;;;;;;;;;;;;;;;;;;;;;;;;;;;;;;;;;;;;;;;;;;;;;;;;;;;;;;;;;;;;;;;;;;;;;;;;;;;;;;;;;;;;;;;;;;
S2025;3544;32.0;229.0;8.59;0;0;0;-1;17:45;0.0;0.0;0.0;0.0;HIDROVIAS;16;BERÇO ARM 23;;;;;;;;;;;;;;;;;;;;;;;;;;;;;;;;;;;;;;;;;;;;;;;;;;;;;;;;;;;;;;;;;;;;;;;;;;;3;12:05;;;;;;;;;;;;;;;;;;;;;;;;;;;;;;;;;;;;;;;;;3;12:05;3;12:35;3;12:35;3;12:40;3;12:40;3;12:45;3;12:45;3;12:50;3;12:50;3;12:55;3;12:55;3;13:00;3;13:00;3;13:20;
S2025;3552;32.0;225.0;7.15;0;0;0;0;07:46;0.0;0.0;0.0;0.0;TEAG;51;BERÇO TEAG;;;;;;;;;;;;;;;;;;;;;;;;;;;;;;;;;;;;;;;;;;;;;;;;;;;;;;;;;;;;;;;;;;;;;;;;;;;;;;;;;;;;;;;;;;;;;;;;;;;;;;;;;;;;;;;;;;;;;;;;;;;;;;;;;;;;;;;;;;;;;;;;;
S2025;3554;28.0;179.99;8.7;0;0;0;0;12:00;0.0;0.0;0.0;0.0;STOLTHAVEN;5;BERÇO AL 04;;;;;;;;;;;;;;;;;;;;;;;;;;;;;;;;;;;;;;;;;;;;;;;;;;;;;;;;;;;;;;;;;;;;;;;;;;;;;;;;;;;;;;;;;;;;;;;;;;;;;;;;;;;;;;;;;;;;;;;;;;;;;;;;;;;;;;;;;;;;;;;;;
S2025;3246;32.0;189.9;6.3;0;0;0;-19;16:00;467.0;0.0;48.5;515.5;COFCO;9;BERÇO ARM 12A;3;03:30;3;03:50;3;03:50;3;03:55;3;03:55;3;04:00;3;04:00;3;04:05;3;04:05;3;04:10;3;04:10;3;04:15;3;04:15;3;04:20;3;04:20;3;04:25;3;04:25;3;05:00;;;;;;;;;;;;;;;;;;;;;;;;;;;;;;;;;3;05:00;3;05:00;9;05:40;;;;;;;;;;;;;;;;;;;;;;;;;;;;;;;;;;;;;;;;;;;;;;;;;;;;;;;;;;;;;;;;;;;;;;;
S2025;3509;27.4;183.98;7.4;0;0;0;-4;21:54;101.92;23.67;20.5;146.08;TRANSPETRO;2;BERÇO AL 01;3;00:00;3;00:20;3;00:20;3;00:25;3;00:25;3;00:30;3;00:30;3;00:35;3;00:35;3;00:40;3;00:40;3;00:45;3;00:45;3;00:50;3;00:50;3;00:55;3;00:55;3;01:00;3;01:00;3;01:05;3;01:05;3;01:10;3;01:10;3;01:15;3;01:15;3;01:20;3;01:20;3;01:55;;;;;;;;;;;;;3;01:55;3;01:55;5;11:55;;;;;;;;;;;;;;;;;;;;;;;;;;;;;;;;;;;;;;;;;;;;;;;;;;;;;;;;;;;;;;;;;;;;;;;
S2025;3537;33.0;229.0;13.02;0;0;0;-1;06:00;43.67;0.0;60.17;103.83;TERMAG;57;BERÇO TERMAG;3;13:50;3;14:10;3;14:10;3;14:15;3;14:15;3;14:20;3;14:20;3;14:25;3;14:25;3;14:40;;;;;;;;;;;;;;;;;;;;;;;;;;;;;;;;;;;;;;;;;;;;;;;;;3;14:40;3;14:40;11;00:05;;;;;;;;;;;;;;;;;;;;;;;;;;;;;;;;;;;;;;;;;;;;;;;;;;;;;;;;;;;;;;;;;;;;;;;
S2025;3540;32.0;224.9;6.8;0;0;0;-1;14:36;38.5;23.08;35.42;97.0;TIPLAM - GSA - E;62;BERÇO TIPLAM 3;3;15:40;3;16:00;3;16:00;3;16:05;3;16:05;3;16:10;3;16:10;3;16:15;3;16:15;3;16:20;3;16:20;3;16:25;3;16:25;3;16:30;3;16:30;3;16:35;3;16:35;3;16:40;3;16:40;3;16:45;3;16:45;3;16:50;3;16:50;3;16:55;3;16:55;3;17:00;3;17:00;3;17:05;3;17:05;3;17:10;3;17:10;3;17:30;3;17:30;3;18:15;3;18:15;3;18:15;4;17:40;;;;;;;;;;;;;;;;;;;;;;;;;;;;;;;;;;;;;;;;;;;;;;;;;;;;;;;;;;;;;;;;;;;;;;;
S2025;3568;32.0;229.0;7.62;0;0;0;1;07:00;2.33;29.0;26.75;58.08;TGG;59;BERÇO TGG;3;17:05;3;17:25;3;17:25;3;17:30;3;17:30;3;17:35;3;17:35;3;17:40;3;17:40;3;18:15;;;;;;;;;;;;;;;;;;;;;;;;;;;;;;;;;;;;;;;;;;;;;;;;;3;18:15;3;18:15;5;03:30;;;;;;;;;;;;;;;;;;;;;;;;;;;;;;;;;;;;;;;;;;;;;;;;;;;;;;;;;;;;;;;;;;;;;;;
S2025;3577;40.0;284.71;10.9;0;0;0;1;13:37;2.67;27.58;7.33;37.58;DPW - CGC;42;BERÇO DPW 1;3;03:15;3;03:35;3;03:35;3;03:40;3;03:40;3;03:45;3;03:45;3;03:50;3;03:50;3;03:55;3;03:55;3;04:00;3;04:00;3;04:05;3;04:05;3;04:10;3;04:10;3;04:15;3;04:15;3;04:20;3;04:20;3;04:35;;;;;;;;;;;;;;;;;;;;;;;;;3;04:35;3;04:35;3;19:25;3;19:25;;;;;;;;;;;;;;;;;;;;;;;;;3;19:25;3;19:55;3;19:55;3;20:00;3;20:00;3;20:05;3;20:05;3;20:10;3;20:10;3;20:15;3;20:15;3;20:20;3;20:20;3;20:25;3;20:25;3;20:30;3;20:30;3;20:35;3;20:35;3;20:40;3;20:40;3;21:00;
S2025;3583;40.0;272.05;11.0;0;0;0;2;04:30;1.33;36.33;0.0;37.67;DPW - CGC;42;BERÇO DPW 1;3;18:10;3;18:30;3;18:30;3;18:35;3;18:35;3;18:40;3;18:40;3;18:45;3;18:45;3;18:50;3;18:50;3;18:55;3;18:55;3;19:00;3;19:00;3;19:05;3;19:05;3;19:10;3;19:10;3;19:15;3;19:15;3;19:30;;;;;;;;;;;;;;;;;;;;;;;;;3;19:30;3;19:30;4;13:20;;;;;;;;;;;;;;;;;;;;;;;;;;;;;;;;;;;;;;;;;;;;;;;;;;;;;;;;;;;;;;;;;;;;;;;
S2025;3581;48.0;299.95;10.3;0;0;0;2;03:18;5.0;0.0;32.5;37.5;BTP;32;BERÇO BTP 1;3;16:50;3;17:10;3;17:10;3;17:15;3;17:15;3;17:20;3;17:20;3;17:25;3;17:25;3;17:30;3;17:30;3;17:35;3;17:35;3;17:40;3;17:40;3;17:45;3;17:45;3;17:50;3;17:50;3;17:55;3;17:55;3;18:00;3;18:00;3;18:05;3;18:05;3;18:40;;;;;;;;;;;;;;;;;3;18:40;3;18:40;4;20:30;;;;;;;;;;;;;;;;;;;;;;;;;;;;;;;;;;;;;;;;;;;;;;;;;;;;;;;;;;;;;;;;;;;;;;;
S2025;3586;48.0;333.2;12.0;0;0;0;2;06:00;1.5;0.0;37.67;39.17;BTP;34;BERÇO BTP 3;3;21:10;3;21:30;3;21:30;3;21:35;3;21:35;3;21:40;3;21:40;3;21:45;3;21:45;3;21:50;3;21:50;3;21:55;3;21:55;3;22:00;3;22:00;3;22:05;3;22:05;3;22:10;3;22:10;3;22:15;3;22:15;3;22:20;3;22:20;3;22:25;3;22:25;3;22:40;;;;;;;;;;;;;;;;;3;22:40;3;22:40;4;20:55;;;;;;;;;;;;;;;;;;;;;;;;;;;;;;;;;;;;;;;;;;;;;;;;;;;;;;;;;;;;;;;;;;;;;;;
S2025;3594;48.0;299.9;13.5;0;0;0;2;16:00;0.92;15.83;0.0;16.75;SANTOSBR;53;BERÇO TECON 1.2;3;08:45;3;09:05;3;09:05;3;09:10;3;09:10;3;09:15;3;09:15;3;09:20;3;09:20;3;09:25;3;09:25;3;09:40;;;;;;;;;;;;;;;;;;;;;;;;;;;;;;;;;;;;;;;;;;;;;3;09:40;3;09:40;4;19:50;;;;;;;;;;;;;;;;;;;;;;;;;;;;;;;;;;;;;;;;;;;;;;;;;;;;;;;;;;;;;;;;;;;;;;;
S2025;3607;35.0;199.91;8.6;0;0;0;3;11:00;0.0;0.0;0.0;0.0;SANTOSBR;52;BERÇO TECON 1.1;3;11:00;3;11:20;3;11:20;3;11:25;3;11:25;3;11:30;3;11:30;3;11:35;3;11:35;3;11:40;3;11:40;3;11:55;;;;;;;;;;;;;;;;;;;;;;;;;;;;;;;;;;;;;;;;;;;;;3;11:55;3;11:55;4;15:05;;;;;;;;;;;;;;;;;;;;;;;;;;;;;;;;;;;;;;;;;;;;;;;;;;;;;;;;;;;;;;;;;;;;;;;
S2025;3599;32.0;199.98;8.6;0;0;1;3;06:00;0.0;0.0;1.25;1.25;TEV;58;BERÇO TEV;3;07:15;3;07:35;3;07:35;3;07:40;3;07:40;3;07:45;3;07:45;3;07:50;3;07:50;3;07:55;3;07:55;3;08:00;3;08:00;3;08:35;;;;;;;;;;;;;;;;;;;;;;;;;;;;;;;;;;;;;;;;;3;08:35;3;08:35;4;06:00;;;;;;;;;;;;;;;;;;;;;;;;;;;;;;;;;;;;;;;;;;;;;;;;;;;;;;;;;;;;;;;;;;;;;;;
S2025;3603;21.0;138.46;6.72;0;0;0;3;08:20;0.0;0.0;0.0;0.0;ECOPORTO;35;BERÇO CORTE;3;08:20;3;08:40;3;08:40;3;08:45;3;08:45;3;08:50;3;08:50;3;08:55;3;08:55;3;09:00;3;09:00;3;09:05;3;09:05;3;09:10;3;09:10;3;09:15;3;09:15;3;09:20;3;09:20;3;09:25;3;09:25;3;09:30;3;09:30;3;10:05;;;;;;;;;;;;;;;;;;;;;3;10:05;3;10:05;5;07:20;;;;;;;;;;;;;;;;;;;;;;;;;;;;;;;;;;;;;;;;;;;;;;;;;;;;;;;;;;;;;;;;;;;;;;;
S2025;3615;26.0;169.06;7.7;0;0;0;3;21:34;0.0;0.0;0.25;0.25;AGEO_TERMINAIS;1;BERÇO Ageo I;3;21:50;3;22:10;3;22:10;3;22:15;3;22:15;3;22:20;3;22:20;3;22:25;3;22:25;3;22:30;3;22:30;3;22:35;3;22:35;3;22:40;3;22:40;3;22:45;3;22:45;3;22:50;3;22:50;3;22:55;3;22:55;3;23:00;3;23:00;3;23:35;;;;;;;;;;;;;;;;;;;;;3;23:35;3;23:35;7;12:20;;;;;;;;;;;;;;;;;;;;;;;;;;;;;;;;;;;;;;;;;;;;;;;;;;;;;;;;;;;;;;;;;;;;;;;
S2025;3220;32.0;228.99;6.73;0;0;0;-20;15:00;499.0;0.0;22.58;521.58;XXXIX;28;BERÇO ARM 37;2;08:35;2;08:55;2;08:55;2;09:00;2;09:00;2;09:05;2;09:05;2;09:40;;;;;;;;;;;;;;;;;;;;;;;;;;;;;;;;;;;;;;;;;;;;;;;;;;;;;2;09:40;2;09:40;6;15:00;;;;;;;;;;;;;;;;;;;;;;;;;;;;;;;;;;;;;;;;;;;;;;;;;;;;;;;;;;;;;;;;;;;;;;;
S2025;3246;32.0;189.9;6.3;0;0;0;-19;16:00;467.0;0.0;48.5;515.5;COFCO;9;BERÇO ARM 12A;3;03:30;3;03:50;3;03:50;3;03:55;3;03:55;3;04:00;3;04:00;3;04:05;3;04:05;3;04:10;3;04:10;3;04:15;3;04:15;3;04:20;3;04:20;3;04:25;3;04:25;3;05:00;;;;;;;;;;;;;;;;;;;;;;;;;;;;;;;;;3;05:00;3;05:00;9;05:40;;;;;;;;;;;;;;;;;;;;;;;;;;;;;;;;;;;;;;;;;;;;;;;;;;;;;;;;;;;;;;;;;;;;;;;
S2025;3336;33.0;199.9;10.3;0;0;0;-13;08:00;328.0;0.0;0.0;328.0;TIPLAM - GSM - I;60;BERÇO TIPLAM 1;1;00:00;1;00:20;1;00:20;1;00:25;1;00:25;1;00:30;1;00:30;1;00:35;1;00:35;1;00:40;1;00:40;1;00:45;1;00:45;1;00:50;1;00:50;1;00:55;1;00:55;1;01:00;1;01:00;1;01:05;1;01:05;1;01:10;1;01:10;1;01:15;1;01:15;1;01:20;1;01:20;1;01:25;1;01:25;1;01:30;1;01:30;1;01:50;1;01:50;1;02:35;1;02:35;1;02:35;5;03:50;;;;;;;;;;;;;;;;;;;;;;;;;;;;;;;;;;;;;;;;;;;;;;;;;;;;;;;;;;;;;;;;;;;;;;;
S2025;3354;32.0;199.99;6.62;0;0;0;-12;05:54;306.08;0.0;17.0;323.08;COPESUCAR;14;BERÇO ARM 20/21;1;17:00;1;17:20;1;17:20;1;17:25;1;17:25;1;17:30;1;17:30;1;17:35;1;17:35;1;17:40;1;17:40;1;17:45;1;17:45;1;17:50;1;17:50;1;18:25;;;;;;;;;;;;;;;;;;;;;;;;;;;;;;;;;;;;;1;18:25;1;18:25;4;13:35;4;13:45;;;;;;;;;;;;;;;;;;;;;;;;;;;;;;;;;;;;;4;13:45;4;13:55;4;13:55;4;14:00;4;14:00;4;14:05;4;14:05;4;14:10;4;14:10;4;14:15;4;14:15;4;14:20;4;14:20;4;14:25;4;14:25;4;14:45;
S2025;3466;32.0;228.99;7.2;0;0;0;-6;03:30;165.0;0.0;1.92;166.92;TGRAO;71;BERÇO OUT 2;1;02:25;1;02:45;1;02:45;1;02:50;1;02:50;1;02:55;1;02:55;1;03:00;1;03:00;1;03:05;1;03:05;1;03:10;1;03:10;1;03:45;;;;;;;;;;;;;;;;;;;;;;;;;;;;;;;;;;;;;;;;;1;03:45;1;03:45;7;01:35;;;;;;;;;;;;;;;;;;;;;;;;;;;;;;;;;;;;;;;;;;;;;;;;;;;;;;;;;;;;;;;;;;;;;;;
S2025;3490;32.0;183.1;6.8;0;0;0;-5;12:00;133.92;15.5;20.5;169.92;TRANSPETRO;3;BERÇO AL 02;2;13:55;2;14:15;2;14:15;2;14:20;2;14:20;2;14:25;2;14:25;2;14:30;2;14:30;2;14:35;2;14:35;2;14:40;2;14:40;2;14:45;2;14:45;2;14:50;2;14:50;2;14:55;2;14:55;2;15:00;2;15:00;2;15:05;2;15:05;2;15:10;2;15:10;2;15:15;2;15:15;2;15:50;;;;;;;;;;;;;2;15:50;2;15:50;4;00:55;4;00:55;;;;;;;;;;;;;4;00:55;4;01:05;4;01:05;4;01:10;4;01:10;4;01:15;4;01:15;4;01:20;4;01:20;4;01:25;4;01:25;4;01:30;4;01:30;4;01:35;4;01:35;4;01:40;4;01:40;4;01:45;4;01:45;4;01:50;4;01:50;4;01:55;4;01:55;4;02:00;4;02:00;4;02:05;4;02:05;4;02:25;
S2025;3509;27.4;183.98;7.4;0;0;0;-4;21:54;101.92;23.67;20.5;146.08;TRANSPETRO;2;BERÇO AL 01;3;00:00;3;00:20;3;00:20;3;00:25;3;00:25;3;00:30;3;00:30;3;00:35;3;00:35;3;00:40;3;00:40;3;00:45;3;00:45;3;00:50;3;00:50;3;00:55;3;00:55;3;01:00;3;01:00;3;01:05;3;01:05;3;01:10;3;01:10;3;01:15;3;01:15;3;01:20;3;01:20;3;01:55;;;;;;;;;;;;;3;01:55;3;01:55;5;11:55;;;;;;;;;;;;;;;;;;;;;;;;;;;;;;;;;;;;;;;;;;;;;;;;;;;;;;;;;;;;;;;;;;;;;;;
S2025;3523;28.0;179.9;10.5;0;0;0;-2;08:40;63.33;0.0;1.0;64.33;HIDROVIAS;15;BERÇO ARM 22/23;1;01:00;1;01:20;1;01:20;1;01:25;1;01:25;1;01:30;1;01:30;1;01:35;1;01:35;1;01:40;1;01:40;1;01:45;1;01:45;1;01:50;1;01:50;1;02:05;;;;;;;;;;;;;;;;;;;;;;;;;;;;;;;;;;;;;1;02:05;1;02:05;4;19:05;;;;;;;;;;;;;;;;;;;;;;;;;;;;;;;;;;;;;;;;;;;;;;;;;;;;;;;;;;;;;;;;;;;;;;;
S2025;3526;48.0;333.9;12.2;0;0;0;-2;13:00;59.92;0.0;26.5;86.42;SANTOSBR;54;BERÇO TECON 2;2;03:25;2;03:45;2;03:45;2;03:50;2;03:50;2;03:55;2;03:55;2;04:00;2;04:00;2;04:05;2;04:05;2;04:20;;;;;;;;;;;;;;;;;;;;;;;;;;;;;;;;;;;;;;;;;;;;;2;04:20;2;04:20;3;14:25;4;12:00;;;;;;;;;;;;;;;;;;;;;;;;;;;;;;;;;;;;;;;;;;;;;4;12:00;4;12:30;4;12:30;4;12:35;4;12:35;4;12:40;4;12:40;4;12:45;4;12:45;4;12:50;4;12:50;4;13:10;
S2025;3527;32.2;182.9;7.8;0;0;0;-2;13:00;60.92;0.0;30.42;91.33;VOPAK;4;BERÇO AL 03;2;08:20;2;08:40;2;08:40;2;08:45;2;08:45;2;08:50;2;08:50;2;08:55;2;08:55;2;09:00;2;09:00;2;09:05;2;09:05;2;09:10;2;09:10;2;09:15;2;09:15;2;09:20;2;09:20;2;09:25;2;09:25;2;09:30;2;09:30;2;09:35;2;09:35;2;09:40;2;09:40;2;10:15;;;;;;;;;;;;;2;10:15;2;10:15;5;17:55;;;;;;;;;;;;;;;;;;;;;;;;;;;;;;;;;;;;;;;;;;;;;;;;;;;;;;;;;;;;;;;;;;;;;;;
S2025;3528;29.0;189.98;8.4;0;0;0;-2;14:40;57.33;0.0;0.25;57.58;OUTROS_SABOO;37;BERÇO CS 02;1;00:15;1;00:35;1;00:35;1;00:40;1;00:40;1;00:45;1;00:45;1;00:50;1;00:50;1;00:55;1;00:55;1;01:00;1;01:00;1;01:05;1;01:05;1;01:10;1;01:10;1;01:15;1;01:15;1;01:20;1;01:20;1;01:25;1;01:25;1;01:40;;;;;;;;;;;;;;;;;;;;;1;01:40;1;01:40;7;11:00;;;;;;;;;;;;;;;;;;;;;;;;;;;;;;;;;;;;;;;;;;;;;;;;;;;;;;;;;;;;;;;;;;;;;;;
S2025;3529;32.0;229.0;7.14;0;0;0;-2;15:48;58.75;0.0;27.0;85.75;TIPLAM - GSA - E;61;BERÇO TIPLAM 2;2;05:35;2;05:55;2;05:55;2;06:00;2;06:00;2;06:05;2;06:05;2;06:10;2;06:10;2;06:15;2;06:15;2;06:20;2;06:20;2;06:25;2;06:25;2;06:30;2;06:30;2;06:35;2;06:35;2;06:40;2;06:40;2;06:45;2;06:45;2;06:50;2;06:50;2;06:55;2;06:55;2;07:00;2;07:00;2;07:05;2;07:05;2;07:25;2;07:25;2;08:10;2;08:10;2;08:10;4;17:50;;;;;;;;;;;;;;;;;;;;;;;;;;;;;;;;;;;;;;;;;;;;;;;;;;;;;;;;;;;;;;;;;;;;;;;
S2025;3537;33.0;229.0;13.02;0;0;0;-1;06:00;43.67;0.0;60.17;103.83;TERMAG;57;BERÇO TERMAG;3;13:50;3;14:10;3;14:10;3;14:15;3;14:15;3;14:20;3;14:20;3;14:25;3;14:25;3;14:40;;;;;;;;;;;;;;;;;;;;;;;;;;;;;;;;;;;;;;;;;;;;;;;;;3;14:40;3;14:40;11;00:05;;;;;;;;;;;;;;;;;;;;;;;;;;;;;;;;;;;;;;;;;;;;;;;;;;;;;;;;;;;;;;;;;;;;;;;
S2025;3540;32.0;224.9;6.8;0;0;0;-1;14:36;38.5;23.08;35.42;97.0;TIPLAM - GSA - E;62;BERÇO TIPLAM 3;3;15:40;3;16:00;3;16:00;3;16:05;3;16:05;3;16:10;3;16:10;3;16:15;3;16:15;3;16:20;3;16:20;3;16:25;3;16:25;3;16:30;3;16:30;3;16:35;3;16:35;3;16:40;3;16:40;3;16:45;3;16:45;3;16:50;3;16:50;3;16:55;3;16:55;3;17:00;3;17:00;3;17:05;3;17:05;3;17:10;3;17:10;3;17:30;3;17:30;3;18:15;3;18:15;3;18:15;4;17:40;4;17:55;4;17:55;4;18:05;4;18:05;4;18:25;4;18:25;4;18:30;4;18:30;4;18:35;4;18:35;4;18:40;4;18:40;4;18:45;4;18:45;4;18:50;4;18:50;4;18:55;4;18:55;4;19:00;4;19:00;4;19:05;4;19:05;4;19:10;4;19:10;4;19:15;4;19:15;4;19:20;4;19:20;4;19:25;4;19:25;4;19:30;4;19:30;4;19:35;4;19:35;4;19:55;
S2025;3551;32.0;228.99;7.1;0;0;0;0;07:04;16.92;0.0;1.5;18.42;TES;29;BERÇO ARM 38;1;01:30;1;01:50;1;01:50;1;01:55;1;01:55;1;02:00;1;02:00;1;02:35;;;;;;;;;;;;;;;;;;;;;;;;;;;;;;;;;;;;;;;;;;;;;;;;;;;;;1;02:35;1;02:35;5;06:25;;;;;;;;;;;;;;;;;;;;;;;;;;;;;;;;;;;;;;;;;;;;;;;;;;;;;;;;;;;;;;;;;;;;;;;
S2025;3560;32.0;229.0;7.0;0;0;0;0;21:36;2.67;0.0;0.92;3.58;TGRAO;72;BERÇO OUT 3;1;01:15;1;01:35;1;01:35;1;01:40;1;01:40;1;01:45;1;01:45;1;01:50;1;01:50;1;01:55;1;01:55;1;02:00;1;02:00;1;02:35;;;;;;;;;;;;;;;;;;;;;;;;;;;;;;;;;;;;;;;;;1;02:35;1;02:35;5;12:15;;;;;;;;;;;;;;;;;;;;;;;;;;;;;;;;;;;;;;;;;;;;;;;;;;;;;;;;;;;;;;;;;;;;;;;
S2025;3562;48.0;331.1;12.5;0;0;0;0;23:30;0.5;0.0;0.5;1.0;DPW - CGC;43;BERÇO DPW 2;1;00:30;1;00:50;1;00:50;1;00:55;1;00:55;1;01:00;1;01:00;1;01:05;1;01:05;1;01:10;1;01:10;1;01:15;1;01:15;1;01:20;1;01:20;1;01:25;1;01:25;1;01:30;1;01:30;1;01:35;1;01:35;1;02:10;;;;;;;;;;;;;;;;;;;;;;;;;1;02:10;1;02:10;3;05:45;4;12:55;;;;;;;;;;;;;;;;;;;;;;;;;4;12:55;4;13:05;4;13:05;4;13:10;4;13:10;4;13:15;4;13:15;4;13:20;4;13:20;4;13:25;4;13:25;4;13:30;4;13:30;4;13:35;4;13:35;4;13:40;4;13:40;4;13:45;4;13:45;4;13:50;4;13:50;4;14:10;
S2025;3568;32.0;229.0;7.62;0;0;0;1;07:00;2.33;29.0;26.75;58.08;TGG;59;BERÇO TGG;3;17:05;3;17:25;3;17:25;3;17:30;3;17:30;3;17:35;3;17:35;3;17:40;3;17:40;3;18:15;;;;;;;;;;;;;;;;;;;;;;;;;;;;;;;;;;;;;;;;;;;;;;;;;3;18:15;3;18:15;5;03:30;;;;;;;;;;;;;;;;;;;;;;;;;;;;;;;;;;;;;;;;;;;;;;;;;;;;;;;;;;;;;;;;;;;;;;;
S2025;3569;36.0;210.0;11.45;0;0;0;1;07:36;0.0;0.0;1.67;1.67;DPW - CGNC;44;BERÇO DPW 3;1;09:20;1;09:40;1;09:40;1;09:45;1;09:45;1;09:50;1;09:50;1;09:55;1;09:55;1;10:00;1;10:00;1;10:05;1;10:05;1;10:10;1;10:10;1;10:15;1;10:15;1;10:20;1;10:20;1;10:55;;;;;;;;;;;;;;;;;;;;;;;;;;;;;1;10:55;1;10:55;2;05:55;4;12:45;;;;;;;;;;;;;;;;;;;;;;;;;;;;;4;12:45;4;12:55;4;12:55;4;13:00;4;13:00;4;13:05;4;13:05;4;13:10;4;13:10;4;13:15;4;13:15;4;13:20;4;13:20;4;13:25;4;13:25;4;13:30;4;13:30;4;13:35;4;13:35;4;13:55;
S2025;3570;36.0;225.0;8.7;0;0;0;1;08:06;1.25;0.0;15.58;16.83;BRACELL;27;BERÇO ARM 35P2;2;01:00;2;01:20;2;01:20;2;01:25;2;01:25;2;01:30;2;01:30;2;01:35;2;01:35;2;01:40;2;01:40;2;02:15;;;;;;;;;;;;;;;;;;;;;;;;;;;;;;;;;;;;;;;;;;;;;2;02:15;2;02:15;4;05:50;4;06:05;;;;;;;;;;;;;;;;;;;;;;;;;;;;;;;;;;;;;;;;;;;;;4;06:05;4;06:15;4;06:15;4;06:20;4;06:20;4;06:25;4;06:25;4;06:30;4;06:30;4;06:35;4;06:35;4;06:55;
S2025;3575;32.0;199.94;7.1;0;0;0;1;11:28;0.0;0.0;0.75;0.75;TEG;56;BERÇO TEG;1;12:15;1;12:35;1;12:35;1;12:40;1;12:40;1;12:45;1;12:45;1;12:50;1;12:50;1;13:25;;;;;;;;;;;;;;;;;;;;;;;;;;;;;;;;;;;;;;;;;;;;;;;;;1;13:25;1;13:25;3;16:55;4;09:40;;;;;;;;;;;;;;;;;;;;;;;;;;;;;;;;;;;;;;;;;;;;;;;;;4;09:40;4;09:50;4;09:50;4;09:55;4;09:55;4;10:00;4;10:00;4;10:05;4;10:05;4;10:25;
S2025;3580;45.0;299.9;12.0;0;0;0;1;16:55;0.92;11.33;16.92;29.17;SANTOSBR;55;BERÇO TECON 3;2;22:05;2;22:25;2;22:25;2;22:30;2;22:30;2;22:35;2;22:35;2;22:40;2;22:40;2;22:45;2;22:45;2;23:00;;;;;;;;;;;;;;;;;;;;;;;;;;;;;;;;;;;;;;;;;;;;;2;23:00;2;23:00;4;00:10;4;00:15;;;;;;;;;;;;;;;;;;;;;;;;;;;;;;;;;;;;;;;;;;;;;4;00:15;4;00:45;4;00:45;4;00:50;4;00:50;4;00:55;4;00:55;4;01:00;4;01:00;4;01:05;4;01:05;4;01:25;
S2025;3581;48.0;299.95;10.3;0;0;0;2;03:18;5.0;0.0;32.5;37.5;BTP;32;BERÇO BTP 1;3;16:50;3;17:10;3;17:10;3;17:15;3;17:15;3;17:20;3;17:20;3;17:25;3;17:25;3;17:30;3;17:30;3;17:35;3;17:35;3;17:40;3;17:40;3;17:45;3;17:45;3;17:50;3;17:50;3;17:55;3;17:55;3;18:00;3;18:00;3;18:05;3;18:05;3;18:40;;;;;;;;;;;;;;;;;3;18:40;3;18:40;4;20:30;;;;;;;;;;;;;;;;;;;;;;;;;;;;;;;;;;;;;;;;;;;;;;;;;;;;;;;;;;;;;;;;;;;;;;;
S2025;3583;40.0;272.05;11.0;0;0;0;2;04:30;1.33;36.33;0.0;37.67;DPW - CGC;42;BERÇO DPW 1;3;18:10;3;18:30;3;18:30;3;18:35;3;18:35;3;18:40;3;18:40;3;18:45;3;18:45;3;18:50;3;18:50;3;18:55;3;18:55;3;19:00;3;19:00;3;19:05;3;19:05;3;19:10;3;19:10;3;19:15;3;19:15;3;19:30;;;;;;;;;;;;;;;;;;;;;;;;;3;19:30;3;19:30;4;13:20;4;18:05;;;;;;;;;;;;;;;;;;;;;;;;;4;18:05;4;18:35;4;18:35;4;18:40;4;18:40;4;18:45;4;18:45;4;18:50;4;18:50;4;18:55;4;18:55;4;19:00;4;19:00;4;19:05;4;19:05;4;19:10;4;19:10;4;19:15;4;19:15;4;19:20;4;19:20;4;19:40;
S2025;3586;48.0;333.2;12.0;0;0;0;2;06:00;1.5;0.0;37.67;39.17;BTP;34;BERÇO BTP 3;3;21:10;3;21:30;3;21:30;3;21:35;3;21:35;3;21:40;3;21:40;3;21:45;3;21:45;3;21:50;3;21:50;3;21:55;3;21:55;3;22:00;3;22:00;3;22:05;3;22:05;3;22:10;3;22:10;3;22:15;3;22:15;3;22:20;3;22:20;3;22:25;3;22:25;3;22:40;;;;;;;;;;;;;;;;;3;22:40;3;22:40;4;20:55;4;21:30;;;;;;;;;;;;;;;;;4;21:30;4;22:00;4;22:00;4;22:05;4;22:05;4;22:10;4;22:10;4;22:15;4;22:15;4;22:20;4;22:20;4;22:25;4;22:25;4;22:30;4;22:30;4;22:35;4;22:35;4;22:40;4;22:40;4;22:45;4;22:45;4;22:50;4;22:50;4;22:55;4;22:55;4;23:15;
S2025;3592;32.0;199.98;9.62;0;0;0;2;15:54;0.0;3.92;0.0;3.92;DPW - CGNC;45;BERÇO DPW 4;2;19:50;2;20:10;2;20:10;2;20:15;2;20:15;2;20:20;2;20:20;2;20:25;2;20:25;2;20:30;2;20:30;2;20:35;2;20:35;2;20:40;2;20:40;2;20:45;2;20:45;2;20:50;2;20:50;2;21:25;;;;;;;;;;;;;;;;;;;;;;;;;;;;;2;21:25;2;21:25;4;08:55;4;18:15;;;;;;;;;;;;;;;;;;;;;;;;;;;;;4;18:15;4;18:25;4;18:25;4;18:30;4;18:30;4;18:35;4;18:35;4;18:40;4;18:40;4;18:45;4;18:45;4;18:50;4;18:50;4;18:55;4;18:55;4;19:00;4;19:00;4;19:05;4;19:05;4;19:25;
S2025;3594;48.0;299.9;13.5;0;0;0;2;16:00;0.92;15.83;0.0;16.75;SANTOSBR;53;BERÇO TECON 1.2;3;08:45;3;09:05;3;09:05;3;09:10;3;09:10;3;09:15;3;09:15;3;09:20;3;09:20;3;09:25;3;09:25;3;09:40;;;;;;;;;;;;;;;;;;;;;;;;;;;;;;;;;;;;;;;;;;;;;3;09:40;3;09:40;4;19:50;4;21:50;;;;;;;;;;;;;;;;;;;;;;;;;;;;;;;;;;;;;;;;;;;;;4;21:50;4;22:20;4;22:20;4;22:25;4;22:25;4;22:30;4;22:30;4;22:35;4;22:35;4;22:40;4;22:40;4;23:00;
S2025;3597;32.0;199.9;8.75;0;0;0;2;20:24;0.0;0.0;0.67;0.67;OUTROS_SABOO;38;BERÇO CS 03;2;21:05;2;21:25;2;21:25;2;21:30;2;21:30;2;21:35;2;21:35;2;21:40;2;21:40;2;21:45;2;21:45;2;21:50;2;21:50;2;21:55;2;21:55;2;22:00;2;22:00;2;22:05;2;22:05;2;22:10;2;22:10;2;22:15;2;22:15;2;22:30;;;;;;;;;;;;;;;;;;;;;2;22:30;2;22:30;10;19:50;;;;;;;;;;;;;;;;;;;;;;;;;;;;;;;;;;;;;;;;;;;;;;;;;;;;;;;;;;;;;;;;;;;;;;;
S2025;3599;32.0;199.98;8.6;0;0;1;3;06:00;0.0;0.0;1.25;1.25;TEV;58;BERÇO TEV;3;07:15;3;07:35;3;07:35;3;07:40;3;07:40;3;07:45;3;07:45;3;07:50;3;07:50;3;07:55;3;07:55;3;08:00;3;08:00;3;08:35;;;;;;;;;;;;;;;;;;;;;;;;;;;;;;;;;;;;;;;;;3;08:35;3;08:35;4;06:00;4;06:15;;;;;;;;;;;;;;;;;;;;;;;;;;;;;;;;;;;;;;;;;4;06:15;4;06:25;4;06:25;4;06:30;4;06:30;4;06:35;4;06:35;4;06:40;4;06:40;4;06:45;4;06:45;4;06:50;4;06:50;4;07:10;
S2025;3603;21.0;138.46;6.72;0;0;0;3;08:20;0.0;0.0;0.0;0.0;ECOPORTO;35;BERÇO CORTE;3;08:20;3;08:40;3;08:40;3;08:45;3;08:45;3;08:50;3;08:50;3;08:55;3;08:55;3;09:00;3;09:00;3;09:05;3;09:05;3;09:10;3;09:10;3;09:15;3;09:15;3;09:20;3;09:20;3;09:25;3;09:25;3;09:30;3;09:30;3;10:05;;;;;;;;;;;;;;;;;;;;;3;10:05;3;10:05;5;07:20;;;;;;;;;;;;;;;;;;;;;;;;;;;;;;;;;;;;;;;;;;;;;;;;;;;;;;;;;;;;;;;;;;;;;;;
S2025;3607;35.0;199.91;8.6;0;0;0;3;11:00;0.0;0.0;0.0;0.0;SANTOSBR;52;BERÇO TECON 1.1;3;11:00;3;11:20;3;11:20;3;11:25;3;11:25;3;11:30;3;11:30;3;11:35;3;11:35;3;11:40;3;11:40;3;11:55;;;;;;;;;;;;;;;;;;;;;;;;;;;;;;;;;;;;;;;;;;;;;3;11:55;3;11:55;4;15:05;4;18:00;;;;;;;;;;;;;;;;;;;;;;;;;;;;;;;;;;;;;;;;;;;;;4;18:00;4;18:30;4;18:30;4;18:35;4;18:35;4;18:40;4;18:40;4;18:45;4;18:45;4;18:50;4;18:50;4;19:10;
S2025;3615;26.0;169.06;7.7;0;0;0;3;21:34;0.0;0.0;0.25;0.25;AGEO_TERMINAIS;1;BERÇO Ageo I;3;21:50;3;22:10;3;22:10;3;22:15;3;22:15;3;22:20;3;22:20;3;22:25;3;22:25;3;22:30;3;22:30;3;22:35;3;22:35;3;22:40;3;22:40;3;22:45;3;22:45;3;22:50;3;22:50;3;22:55;3;22:55;3;23:00;3;23:00;3;23:35;;;;;;;;;;;;;;;;;;;;;3;23:35;3;23:35;7;12:20;;;;;;;;;;;;;;;;;;;;;;;;;;;;;;;;;;;;;;;;;;;;;;;;;;;;;;;;;;;;;;;;;;;;;;;
S2025;3228;32.0;199.98;6.5;0;0;0;-20;22:30;0.0;0.0;0.0;0.0;ELEVACOES;12;BERÇO ARM 16/17;;;;;;;;;;;;;;;;;;;;;;;;;;;;;;;;;;;;;;;;;;;;;;;;;;;;;;;;;;;;;;;;;;;;;;;;;;;;;;;;;;;;;;;;;;;;;;;;;;;;;;;;;;;;;;;;;;;;;;;;;;;;;;;;;;;;;;;;;;;;;;;;;
S2025;3272;32.0;229.0;6.09;0;0;0;-17;11:30;0.0;0.0;0.0;0.0;COFCO;10;BERÇO ARM 13/14;;;;;;;;;;;;;;;;;;;;;;;;;;;;;;;;;;;;;;;;;;;;;;;;;;;;;;;;;;;;;;;;;;;;;;;;;;;4;12:35;;;;;;;;;;;;;;;;;;;;;;;;;;;;;;;;;4;12:35;4;12:45;4;12:45;4;12:50;4;12:50;4;12:55;4;12:55;4;13:00;4;13:00;4;13:05;4;13:05;4;13:10;4;13:10;4;13:15;4;13:15;4;13:20;4;13:20;4;13:40;
S2025;3328;30.0;180.0;6.46;0;0;0;-14;16:45;0.0;0.0;0.0;0.0;NST - CGNC;21;BERÇO ARM 31;;;;;;;;;;;;;;;;;;;;;;;;;;;;;;;;;;;;;;;;;;;;;;;;;;;;;;;;;;;;;;;;;;;;;;;;;;;;;;;;;;;;;;;;;;;;;;;;;;;;;;;;;;;;;;;;;;;;;;;;;;;;;;;;;;;;;;;;;;;;;;;;;
S2025;3415;38.0;228.87;7.79;0;0;0;-9;08:42;0.0;0.0;0.0;0.0;ADM;30;BERÇO ARM 39;;;;;;;;;;;;;;;;;;;;;;;;;;;;;;;;;;;;;;;;;;;;;;;;;;;;;;;;;;;;;;;;;;;;;;;;;;;4;09:30;;;;;;;;;;;;;;;;;;;;;;;;;;;;;;;;;;;;;;;;;;;;;;;;;;;;;4;09:30;4;09:40;4;09:40;4;09:45;4;09:45;4;09:50;4;09:50;4;10:10;
S2025;3422;32.0;199.99;7.05;0;0;0;-9;16:30;0.0;0.0;0.0;0.0;ELEVACOES;13;BERÇO ARM 19;;;;;;;;;;;;;;;;;;;;;;;;;;;;;;;;;;;;;;;;;;;;;;;;;;;;;;;;;;;;;;;;;;;;;;;;;;;4;12:25;;;;;;;;;;;;;;;;;;;;;;;;;;;;;;;;;;;;;4;12:25;4;12:35;4;12:35;4;12:40;4;12:40;4;12:45;4;12:45;4;12:50;4;12:50;4;12:55;4;12:55;4;13:00;4;13:00;4;13:05;4;13:05;4;13:25;
S2025;3477;32.0;196.0;11.42;0;0;0;-6;16:50;0.0;0.0;0.0;0.0;OUTROS_MACUCO;24;BERÇO ARM 33;;;;;;;;;;;;;;;;;;;;;;;;;;;;;;;;;;;;;;;;;;;;;;;;;;;;;;;;;;;;;;;;;;;;;;;;;;;4;06:50;;;;;;;;;;;;;;;;;;;;;;;;;;;;;;;;;;;;;;;;;;;;;4;06:50;4;07:20;4;07:20;4;07:25;4;07:25;4;07:30;4;07:30;4;07:35;4;07:35;4;07:40;4;07:40;4;08:00;
S2025;3498;32.0;189.99;11.47;0;0;0;-4;07:30;0.0;0.0;0.0;0.0;OUTROS_MACUCO;23;BERÇO ARM 32;;;;;;;;;;;;;;;;;;;;;;;;;;;;;;;;;;;;;;;;;;;;;;;;;;;;;;;;;;;;;;;;;;;;;;;;;;;4;05:30;;;;;;;;;;;;;;;;;;;;;;;;;;;;;;;;;;;;;;;;;;;;;4;05:30;4;06:00;4;06:00;4;06:05;4;06:05;4;06:10;4;06:10;4;06:15;4;06:15;4;06:20;4;06:20;4;06:40;
S2025;3515;48.0;328.46;11.6;0;0;0;-3;14:54;0.0;0.0;0.0;0.0;BTP;33;BERÇO BTP 2;;;;;;;;;;;;;;;;;;;;;;;;;;;;;;;;;;;;;;;;;;;;;;;;;;;;;;;;;;;;;;;;;;;;;;;;;;;4;13:00;;;;;;;;;;;;;;;;;4;13:00;4;13:10;4;13:10;4;13:15;4;13:15;4;13:20;4;13:20;4;13:25;4;13:25;4;13:30;4;13:30;4;13:35;4;13:35;4;13:40;4;13:40;4;13:45;4;13:45;4;13:50;4;13:50;4;13:55;4;13:55;4;14:00;4;14:00;4;14:05;4;14:05;4;14:25;
S2025;3524;32.0;229.0;13.3;0;0;0;-2;10:00;0.0;0.0;0.0;0.0;TIPLAM - GSM - I;63;BERÇO TIPLAM 4;;;;;;;;;;;;;;;;;;;;;;;;;;;;;;;;;;;;;;;;;;;;;;;;;;;;;;;;;;;;;;;;;;;;;;;;;;;4;21:00;4;21:00;4;21:40;4;21:40;4;22:00;4;22:00;4;22:05;4;22:05;4;22:10;4;22:10;4;22:15;4;22:15;4;22:20;4;22:20;4;22:25;4;22:25;4;22:30;4;22:30;4;22:35;4;22:35;4;22:40;4;22:40;4;22:45;4;22:45;4;22:50;4;22:50;4;22:55;4;22:55;4;23:00;4;23:00;4;23:05;4;23:05;4;23:10;4;23:10;4;23:30;
S2025;3533;32.0;189.02;10.2;0;0;0;-2;20:00;0.0;0.0;0.0;0.0;AGEO_TERMINAIS;47;BERÇO IB SP;;;;;;;;;;;;;;;;;;;;;;;;;;;;;;;;;;;;;;;;;;;;;;;;;;;;;;;;;;;;;;;;;;;;;;;;;;;;;;;;;;;;;;;;;;;;;;;;;;;;;;;;;;;;;;;;;;;;;;;;;;;;;;;;;;;;;;;;;;;;;;;;;
S2025;3541;32.0;199.9;9.0;0;0;0;-1;15:20;0.0;0.0;0.0;0.0;OUTROS_MACUCO;73;BERÇO ARM 35P1;;;;;;;;;;;;;;;;;;;;;;;;;;;;;;;;;;;;;;;;;;;;;;;;;;;;;;;;;;;;;;;;;;;;;;;;;;;;;;;;;;;;;;;;;;;;;;;;;;;;;;;;;;;;;;;;;;;;;;;;;;;;;;;;;;;;;;;;;;;;;;;;;
S2025;3552;32.0;225.0;7.15;0;0;0;0;07:46;0.0;0.0;0.0;0.0;TEAG;51;BERÇO TEAG;;;;;;;;;;;;;;;;;;;;;;;;;;;;;;;;;;;;;;;;;;;;;;;;;;;;;;;;;;;;;;;;;;;;;;;;;;;;;;;;;;;;;;;;;;;;;;;;;;;;;;;;;;;;;;;;;;;;;;;;;;;;;;;;;;;;;;;;;;;;;;;;;
S2025;3554;28.0;179.99;8.7;0;0;0;0;12:00;0.0;0.0;0.0;0.0;STOLTHAVEN;5;BERÇO AL 04;;;;;;;;;;;;;;;;;;;;;;;;;;;;;;;;;;;;;;;;;;;;;;;;;;;;;;;;;;;;;;;;;;;;;;;;;;;4;22:20;;;;;;;;;;;;;4;22:20;4;22:30;4;22:30;4;22:35;4;22:35;4;22:40;4;22:40;4;22:45;4;22:45;4;22:50;4;22:50;4;22:55;4;22:55;4;23:00;4;23:00;4;23:05;4;23:05;4;23:10;4;23:10;4;23:15;4;23:15;4;23:20;4;23:20;4;23:25;4;23:25;4;23:30;4;23:30;4;23:50;
S2025;3269;32.0;228.99;8.18;0;0;0;-17;09:00;452.42;0.0;58.17;510.58;ELEVACOES;13;BERÇO ARM 19;4;15:35;4;15:55;4;15:55;4;16:00;4;16:00;4;16:05;4;16:05;4;16:10;4;16:10;4;16:15;4;16:15;4;16:20;4;16:20;4;16:25;4;16:25;4;17:00;;;;;;;;;;;;;;;;;;;;;;;;;;;;;;;;;;;;;4;17:00;4;17:00;6;20:25;;;;;;;;;;;;;;;;;;;;;;;;;;;;;;;;;;;;;;;;;;;;;;;;;;;;;;;;;;;;;;;;;;;;;;;
S2025;3303;33.0;225.0;7.3;0;0;0;-15;08:00;392.75;0.0;70.58;463.33;COFCO;10;BERÇO ARM 13/14;4;15:20;4;15:40;4;15:40;4;15:45;4;15:45;4;15:50;4;15:50;4;15:55;4;15:55;4;16:00;4;16:00;4;16:05;4;16:05;4;16:10;4;16:10;4;16:15;4;16:15;4;16:50;;;;;;;;;;;;;;;;;;;;;;;;;;;;;;;;;4;16:50;4;16:50;7;10:50;;;;;;;;;;;;;;;;;;;;;;;;;;;;;;;;;;;;;;;;;;;;;;;;;;;;;;;;;;;;;;;;;;;;;;;
S2025;3345;32.0;228.9;7.5;0;0;0;-13;17:18;351.83;0.0;49.58;401.42;ADM;30;BERÇO ARM 39;4;10:45;4;11:05;4;11:05;4;11:10;4;11:10;4;11:15;4;11:15;4;11:50;;;;;;;;;;;;;;;;;;;;;;;;;;;;;;;;;;;;;;;;;;;;;;;;;;;;;4;11:50;4;11:50;7;11:20;;;;;;;;;;;;;;;;;;;;;;;;;;;;;;;;;;;;;;;;;;;;;;;;;;;;;;;;;;;;;;;;;;;;;;;
S2025;3534;32.0;229.0;7.61;0;0;0;-2;23:30;78.25;44.92;14.08;137.25;COPESUCAR;14;BERÇO ARM 20/21;4;16:45;4;17:05;4;17:05;4;17:10;4;17:10;4;17:15;4;17:15;4;17:20;4;17:20;4;17:25;4;17:25;4;17:30;4;17:30;4;17:35;4;17:35;4;18:10;;;;;;;;;;;;;;;;;;;;;;;;;;;;;;;;;;;;;4;18:10;4;18:10;6;22:40;;;;;;;;;;;;;;;;;;;;;;;;;;;;;;;;;;;;;;;;;;;;;;;;;;;;;;;;;;;;;;;;;;;;;;;
S2025;3543;32.0;228.99;7.16;0;0;0;-1;16:45;39.0;46.25;38.0;123.25;TIPLAM - GSA - E;62;BERÇO TIPLAM 3;4;20:00;4;20:20;4;20:20;4;20:25;4;20:25;4;20:30;4;20:30;4;20:35;4;20:35;4;20:40;4;20:40;4;20:45;4;20:45;4;20:50;4;20:50;4;20:55;4;20:55;4;21:00;4;21:00;4;21:05;4;21:05;4;21:10;4;21:10;4;21:15;4;21:15;4;21:20;4;21:20;4;21:25;4;21:25;4;21:30;4;21:30;4;21:50;4;21:50;4;22:35;4;22:35;4;22:35;7;15:00;;;;;;;;;;;;;;;;;;;;;;;;;;;;;;;;;;;;;;;;;;;;;;;;;;;;;;;;;;;;;;;;;;;;;;;
S2025;3576;32.0;225.0;7.26;0;0;0;1;12:30;23.83;44.5;1.67;70.0;TEG;56;BERÇO TEG;4;10:30;4;10:50;4;10:50;4;10:55;4;10:55;4;11:00;4;11:00;4;11:05;4;11:05;4;11:40;;;;;;;;;;;;;;;;;;;;;;;;;;;;;;;;;;;;;;;;;;;;;;;;;4;11:40;4;11:40;7;22:55;;;;;;;;;;;;;;;;;;;;;;;;;;;;;;;;;;;;;;;;;;;;;;;;;;;;;;;;;;;;;;;;;;;;;;;
S2025;3584;40.0;299.95;13.0;0;0;0;2;04:42;2.5;34.58;6.17;43.25;SANTOSBR;55;BERÇO TECON 3;4;00:00;4;00:20;4;00:20;4;00:25;4;00:25;4;00:30;4;00:30;4;00:35;4;00:35;4;00:40;4;00:40;4;01:15;;;;;;;;;;;;;;;;;;;;;;;;;;;;;;;;;;;;;;;;;;;;;4;01:15;4;01:15;5;18:55;;;;;;;;;;;;;;;;;;;;;;;;;;;;;;;;;;;;;;;;;;;;;;;;;;;;;;;;;;;;;;;;;;;;;;;
S2025;3588;51.0;336.0;14.3;0;0;0;2;10:24;47.08;6.33;0.0;53.42;SANTOSBR;54;BERÇO TECON 2;4;15:50;4;16:10;4;16:10;4;16:15;4;16:15;4;16:20;4;16:20;4;16:25;4;16:25;4;16:30;4;16:30;4;16:45;;;;;;;;;;;;;;;;;;;;;;;;;;;;;;;;;;;;;;;;;;;;;4;16:45;4;16:45;5;18:00;;;;;;;;;;;;;;;;;;;;;;;;;;;;;;;;;;;;;;;;;;;;;;;;;;;;;;;;;;;;;;;;;;;;;;;
S2025;3608;32.0;294.03;8.9;0;0;0;3;12:00;0.92;31.17;0.92;33.0;SANTOSBR;53;BERÇO TECON 1.2;4;21:00;4;21:20;4;21:20;4;21:25;4;21:25;4;21:30;4;21:30;4;21:35;4;21:35;4;21:40;4;21:40;4;21:55;;;;;;;;;;;;;;;;;;;;;;;;;;;;;;;;;;;;;;;;;;;;;4;21:55;4;21:55;5;12:30;;;;;;;;;;;;;;;;;;;;;;;;;;;;;;;;;;;;;;;;;;;;;;;;;;;;;;;;;;;;;;;;;;;;;;;
S2025;3624;35.0;223.98;9.3;0;0;0;4;11:00;0.0;6.25;0.0;6.25;SANTOSBR;52;BERÇO TECON 1.1;4;17:15;4;17:35;4;17:35;4;17:40;4;17:40;4;17:45;4;17:45;4;17:50;4;17:50;4;17:55;4;17:55;4;18:10;;;;;;;;;;;;;;;;;;;;;;;;;;;;;;;;;;;;;;;;;;;;;4;18:10;4;18:10;6;02:35;;;;;;;;;;;;;;;;;;;;;;;;;;;;;;;;;;;;;;;;;;;;;;;;;;;;;;;;;;;;;;;;;;;;;;;
S2025;3587;28.0;174.38;8.5;0;0;0;2;10:00;3.83;34.92;1.75;40.5;STOLTHAVEN;3;BERÇO AL 02;4;02:30;4;02:50;4;02:50;4;02:55;4;02:55;4;03:00;4;03:00;4;03:05;4;03:05;4;03:10;4;03:10;4;03:15;4;03:15;4;03:20;4;03:20;4;03:25;4;03:25;4;03:30;4;03:30;4;03:35;4;03:35;4;03:40;4;03:40;4;03:45;4;03:45;4;03:50;4;03:50;4;04:25;;;;;;;;;;;;;4;04:25;4;04:25;6;01:10;;;;;;;;;;;;;;;;;;;;;;;;;;;;;;;;;;;;;;;;;;;;;;;;;;;;;;;;;;;;;;;;;;;;;;;
S2025;3591;48.0;330.0;12.05;0;0;0;2;13:24;4.08;0.0;46.75;50.83;BTP;33;BERÇO BTP 2;4;16:15;4;16:35;4;16:35;4;16:40;4;16:40;4;16:45;4;16:45;4;16:50;4;16:50;4;16:55;4;16:55;4;17:00;4;17:00;4;17:05;4;17:05;4;17:10;4;17:10;4;17:15;4;17:15;4;17:20;4;17:20;4;17:25;4;17:25;4;17:30;4;17:30;4;18:05;;;;;;;;;;;;;;;;;4;18:05;4;18:05;6;01:15;;;;;;;;;;;;;;;;;;;;;;;;;;;;;;;;;;;;;;;;;;;;;;;;;;;;;;;;;;;;;;;;;;;;;;;
S2025;3593;38.0;249.97;11.1;0;0;0;2;16:00;3.67;2.17;46.42;52.25;BTP;34;BERÇO BTP 3;4;20:15;4;20:35;4;20:35;4;20:40;4;20:40;4;20:45;4;20:45;4;20:50;4;20:50;4;20:55;4;20:55;4;21:00;4;21:00;4;21:05;4;21:05;4;21:10;4;21:10;4;21:15;4;21:15;4;21:20;4;21:20;4;21:25;4;21:25;4;21:30;4;21:30;4;22:05;;;;;;;;;;;;;;;;;4;22:05;4;22:05;5;12:05;;;;;;;;;;;;;;;;;;;;;;;;;;;;;;;;;;;;;;;;;;;;;;;;;;;;;;;;;;;;;;;;;;;;;;;
S2025;3595;32.0;199.98;7.12;0;0;0;2;17:12;2.5;0.0;36.33;38.83;FIBRIA;23;BERÇO ARM 32;4;08:05;4;08:25;4;08:25;4;08:30;4;08:30;4;08:35;4;08:35;4;08:40;4;08:40;4;08:45;4;08:45;4;09:20;;;;;;;;;;;;;;;;;;;;;;;;;;;;;;;;;;;;;;;;;;;;;4;09:20;4;09:20;7;05:50;;;;;;;;;;;;;;;;;;;;;;;;;;;;;;;;;;;;;;;;;;;;;;;;;;;;;;;;;;;;;;;;;;;;;;;
S2025;3601;32.0;189.99;6.88;0;0;0;3;07:30;1.58;31.42;0.0;33.0;DPW - CGNC;44;BERÇO DPW 3;4;16:30;4;16:50;4;16:50;4;16:55;4;16:55;4;17:00;4;17:00;4;17:05;4;17:05;4;17:10;4;17:10;4;17:15;4;17:15;4;17:20;4;17:20;4;17:25;4;17:25;4;17:30;4;17:30;4;18:05;;;;;;;;;;;;;;;;;;;;;;;;;;;;;4;18:05;4;18:05;8;07:20;;;;;;;;;;;;;;;;;;;;;;;;;;;;;;;;;;;;;;;;;;;;;;;;;;;;;;;;;;;;;;;;;;;;;;;
S2025;3605;45.0;299.9;14.2;0;0;0;3;10:55;1.33;32.25;0.0;33.58;DPW - CGC;42;BERÇO DPW 1;4;20:30;4;20:50;4;20:50;4;20:55;4;20:55;4;21:00;4;21:00;4;21:05;4;21:05;4;21:10;4;21:10;4;21:15;4;21:15;4;21:20;4;21:20;4;21:25;4;21:25;4;21:30;4;21:30;4;21:35;4;21:35;4;21:50;;;;;;;;;;;;;;;;;;;;;;;;;4;21:50;4;21:50;5;23:40;;;;;;;;;;;;;;;;;;;;;;;;;;;;;;;;;;;;;;;;;;;;;;;;;;;;;;;;;;;;;;;;;;;;;;;
S2025;3609;32.0;201.8;9.2;0;0;0;3;13:00;1.25;0.0;17.0;18.25;BRACELL;27;BERÇO ARM 35P2;4;07:15;4;07:35;4;07:35;4;07:40;4;07:40;4;07:45;4;07:45;4;07:50;4;07:50;4;07:55;4;07:55;4;08:30;;;;;;;;;;;;;;;;;;;;;;;;;;;;;;;;;;;;;;;;;;;;;4;08:30;4;08:30;8;08:00;;;;;;;;;;;;;;;;;;;;;;;;;;;;;;;;;;;;;;;;;;;;;;;;;;;;;;;;;;;;;;;;;;;;;;;
S2025;3617;32.0;183.1;7.85;0;0;0;4;01:00;0.0;0.0;0.67;0.67;DOW;41;BERÇO DOW;4;01:40;4;02:00;4;02:00;4;02:05;4;02:05;4;02:10;4;02:10;4;02:25;;;;;;;;;;;;;;;;;;;;;;;;;;;;;;;;;;;;;;;;;;;;;;;;;;;;;4;02:25;4;02:25;4;12:55;4;17:55;;;;;;;;;;;;;;;;;;;;;;;;;;;;;;;;;;;;;;;;;;;;;;;;;;;;;4;17:55;4;18:25;4;18:25;4;18:30;4;18:30;4;18:35;4;18:35;4;18:55;
S2025;3619;32.0;179.99;9.1;0;0;0;4;04:42;5.42;0.0;4.67;10.08;USIMINAS;67;BERÇO USIMINAS 3;4;14:50;4;15:10;4;15:10;4;15:15;4;15:15;4;15:20;4;15:20;4;15:25;4;15:25;4;15:30;4;15:30;4;15:35;4;15:35;4;15:40;4;15:40;4;15:45;4;15:45;4;15:50;4;15:50;4;15:55;4;15:55;4;16:00;4;16:00;4;16:05;4;16:05;4;16:10;4;16:10;4;16:15;4;16:15;4;16:20;4;16:20;4;16:40;4;16:40;4;16:55;4;16:55;4;16:55;9;06:35;;;;;;;;;;;;;;;;;;;;;;;;;;;;;;;;;;;;;;;;;;;;;;;;;;;;;;;;;;;;;;;;;;;;;;;
S2025;3622;19.0;87.9;5.0;0;0;0;4;10:25;0.0;0.0;0.58;0.58;SAIPEM;48;BERÇO SAIPEM 1;4;11:00;4;11:20;4;11:20;4;11:55;;;;;;;;;;;;;;;;;;;;;;;;;;;;;;;;;;;;;;;;;;;;;;;;;;;;;;;;;;;;;4;11:55;4;11:55;7;10:45;;;;;;;;;;;;;;;;;;;;;;;;;;;;;;;;;;;;;;;;;;;;;;;;;;;;;;;;;;;;;;;;;;;;;;;
S2025;3625;18.0;85.34;4.6;0;0;0;4;11:15;0.0;0.0;6.25;6.25;SAIPEM;49;BERÇO SAIPEM 2;4;17:30;4;17:50;4;17:50;4;18:25;;;;;;;;;;;;;;;;;;;;;;;;;;;;;;;;;;;;;;;;;;;;;;;;;;;;;;;;;;;;;4;18:25;4;18:25;7;00:55;;;;;;;;;;;;;;;;;;;;;;;;;;;;;;;;;;;;;;;;;;;;;;;;;;;;;;;;;;;;;;;;;;;;;;;
S2025;3623;32.0;189.99;10.55;0;0;0;4;10:30;0.0;0.0;10.25;10.25;OUTROS_MACUCO;18;BERÇO ARM 29;4;20:45;4;21:05;4;21:05;4;21:10;4;21:10;4;21:15;4;21:15;4;21:20;4;21:20;4;21:25;4;21:25;4;21:30;4;21:30;4;21:45;;;;;;;;;;;;;;;;;;;;;;;;;;;;;;;;;;;;;;;;;4;21:45;4;21:45;10;05:40;;;;;;;;;;;;;;;;;;;;;;;;;;;;;;;;;;;;;;;;;;;;;;;;;;;;;;;;;;;;;;;;;;;;;;;
S2025;3626;28.0;174.38;9.5;0;0;0;4;12:45;0.0;0.0;2.33;2.33;ADONAI;46;BERÇO IB BC;4;15:05;4;15:25;4;15:25;4;15:30;4;15:30;4;15:35;4;15:35;4;15:40;4;15:40;4;15:45;4;15:45;4;15:50;4;15:50;4;15:55;4;15:55;4;16:00;4;16:00;4;16:05;4;16:05;4;16:10;4;16:10;4;16:15;4;16:15;4;16:50;;;;;;;;;;;;;;;;;;;;;4;16:50;4;16:50;5;20:50;;;;;;;;;;;;;;;;;;;;;;;;;;;;;;;;;;;;;;;;;;;;;;;;;;;;;;;;;;;;;;;;;;;;;;;
S2025;3632;36.0;236.32;8.9;0;0;1;4;17:00;0.0;0.0;0.0;0.0;TEV;58;BERÇO TEV;4;17:00;4;17:20;4;17:20;4;17:25;4;17:25;4;17:30;4;17:30;4;17:35;4;17:35;4;17:40;4;17:40;4;17:45;4;17:45;4;18:20;;;;;;;;;;;;;;;;;;;;;;;;;;;;;;;;;;;;;;;;;4;18:20;4;18:20;5;02:05;;;;;;;;;;;;;;;;;;;;;;;;;;;;;;;;;;;;;;;;;;;;;;;;;;;;;;;;;;;;;;;;;;;;;;;
S2025;3635;32.0;189.99;6.19;0;0;0;4;18:35;0.0;0.0;2.67;2.67;CUTRALE - GSA - E;40;BERÇO CUTRALE;4;21:15;4;21:35;4;21:35;4;21:40;4;21:40;4;21:45;4;21:45;4;22:20;;;;;;;;;;;;;;;;;;;;;;;;;;;;;;;;;;;;;;;;;;;;;;;;;;;;;4;22:20;4;22:20;7;05:20;;;;;;;;;;;;;;;;;;;;;;;;;;;;;;;;;;;;;;;;;;;;;;;;;;;;;;;;;;;;;;;;;;;;;;;
S2025;3220;32.0;228.99;6.73;0;0;0;-20;15:00;499.0;0.0;22.58;521.58;XXXIX;28;BERÇO ARM 37;2;08:35;2;08:55;2;08:55;2;09:00;2;09:00;2;09:05;2;09:05;2;09:40;;;;;;;;;;;;;;;;;;;;;;;;;;;;;;;;;;;;;;;;;;;;;;;;;;;;;2;09:40;2;09:40;6;15:00;;;;;;;;;;;;;;;;;;;;;;;;;;;;;;;;;;;;;;;;;;;;;;;;;;;;;;;;;;;;;;;;;;;;;;;
S2025;3246;32.0;189.9;6.3;0;0;0;-19;16:00;467.0;0.0;48.5;515.5;COFCO;9;BERÇO ARM 12A;3;03:30;3;03:50;3;03:50;3;03:55;3;03:55;3;04:00;3;04:00;3;04:05;3;04:05;3;04:10;3;04:10;3;04:15;3;04:15;3;04:20;3;04:20;3;04:25;3;04:25;3;05:00;;;;;;;;;;;;;;;;;;;;;;;;;;;;;;;;;3;05:00;3;05:00;9;05:40;;;;;;;;;;;;;;;;;;;;;;;;;;;;;;;;;;;;;;;;;;;;;;;;;;;;;;;;;;;;;;;;;;;;;;;
S2025;3269;32.0;228.99;8.18;0;0;0;-17;09:00;452.42;0.0;58.17;510.58;ELEVACOES;13;BERÇO ARM 19;4;15:35;4;15:55;4;15:55;4;16:00;4;16:00;4;16:05;4;16:05;4;16:10;4;16:10;4;16:15;4;16:15;4;16:20;4;16:20;4;16:25;4;16:25;4;17:00;;;;;;;;;;;;;;;;;;;;;;;;;;;;;;;;;;;;;4;17:00;4;17:00;6;20:25;;;;;;;;;;;;;;;;;;;;;;;;;;;;;;;;;;;;;;;;;;;;;;;;;;;;;;;;;;;;;;;;;;;;;;;
S2025;3303;33.0;225.0;7.3;0;0;0;-15;08:00;392.75;0.0;70.58;463.33;COFCO;10;BERÇO ARM 13/14;4;15:20;4;15:40;4;15:40;4;15:45;4;15:45;4;15:50;4;15:50;4;15:55;4;15:55;4;16:00;4;16:00;4;16:05;4;16:05;4;16:10;4;16:10;4;16:15;4;16:15;4;16:50;;;;;;;;;;;;;;;;;;;;;;;;;;;;;;;;;4;16:50;4;16:50;7;10:50;;;;;;;;;;;;;;;;;;;;;;;;;;;;;;;;;;;;;;;;;;;;;;;;;;;;;;;;;;;;;;;;;;;;;;;
S2025;3336;33.0;199.9;10.3;0;0;0;-13;08:00;328.0;0.0;0.0;328.0;TIPLAM - GSM - I;60;BERÇO TIPLAM 1;1;00:00;1;00:20;1;00:20;1;00:25;1;00:25;1;00:30;1;00:30;1;00:35;1;00:35;1;00:40;1;00:40;1;00:45;1;00:45;1;00:50;1;00:50;1;00:55;1;00:55;1;01:00;1;01:00;1;01:05;1;01:05;1;01:10;1;01:10;1;01:15;1;01:15;1;01:20;1;01:20;1;01:25;1;01:25;1;01:30;1;01:30;1;01:50;1;01:50;1;02:35;1;02:35;1;02:35;5;03:50;5;06:30;5;06:30;5;06:40;5;06:40;5;07:00;5;07:00;5;07:05;5;07:05;5;07:10;5;07:10;5;07:15;5;07:15;5;07:20;5;07:20;5;07:25;5;07:25;5;07:30;5;07:30;5;07:35;5;07:35;5;07:40;5;07:40;5;07:45;5;07:45;5;07:50;5;07:50;5;07:55;5;07:55;5;08:00;5;08:00;5;08:05;5;08:05;5;08:10;5;08:10;5;08:30;
S2025;3345;32.0;228.9;7.5;0;0;0;-13;17:18;351.83;0.0;49.58;401.42;ADM;30;BERÇO ARM 39;4;10:45;4;11:05;4;11:05;4;11:10;4;11:10;4;11:15;4;11:15;4;11:50;;;;;;;;;;;;;;;;;;;;;;;;;;;;;;;;;;;;;;;;;;;;;;;;;;;;;4;11:50;4;11:50;7;11:20;;;;;;;;;;;;;;;;;;;;;;;;;;;;;;;;;;;;;;;;;;;;;;;;;;;;;;;;;;;;;;;;;;;;;;;
S2025;3466;32.0;228.99;7.2;0;0;0;-6;03:30;165.0;0.0;1.92;166.92;TGRAO;71;BERÇO OUT 2;1;02:25;1;02:45;1;02:45;1;02:50;1;02:50;1;02:55;1;02:55;1;03:00;1;03:00;1;03:05;1;03:05;1;03:10;1;03:10;1;03:45;;;;;;;;;;;;;;;;;;;;;;;;;;;;;;;;;;;;;;;;;1;03:45;1;03:45;7;01:35;;;;;;;;;;;;;;;;;;;;;;;;;;;;;;;;;;;;;;;;;;;;;;;;;;;;;;;;;;;;;;;;;;;;;;;
S2025;3509;27.4;183.98;7.4;0;0;0;-4;21:54;101.92;23.67;20.5;146.08;TRANSPETRO;2;BERÇO AL 01;3;00:00;3;00:20;3;00:20;3;00:25;3;00:25;3;00:30;3;00:30;3;00:35;3;00:35;3;00:40;3;00:40;3;00:45;3;00:45;3;00:50;3;00:50;3;00:55;3;00:55;3;01:00;3;01:00;3;01:05;3;01:05;3;01:10;3;01:10;3;01:15;3;01:15;3;01:20;3;01:20;3;01:55;;;;;;;;;;;;;3;01:55;3;01:55;5;11:55;5;12:05;;;;;;;;;;;;;5;12:05;5;12:15;5;12:15;5;12:20;5;12:20;5;12:25;5;12:25;5;12:30;5;12:30;5;12:35;5;12:35;5;12:40;5;12:40;5;12:45;5;12:45;5;12:50;5;12:50;5;12:55;5;12:55;5;13:00;5;13:00;5;13:05;5;13:05;5;13:10;5;13:10;5;13:15;5;13:15;5;13:35;
S2025;3523;28.0;179.9;10.5;0;0;0;-2;08:40;63.33;0.0;1.0;64.33;HIDROVIAS;15;BERÇO ARM 22/23;1;01:00;1;01:20;1;01:20;1;01:25;1;01:25;1;01:30;1;01:30;1;01:35;1;01:35;1;01:40;1;01:40;1;01:45;1;01:45;1;01:50;1;01:50;1;02:05;;;;;;;;;;;;;;;;;;;;;;;;;;;;;;;;;;;;;1;02:05;1;02:05;4;19:05;5;01:15;;;;;;;;;;;;;;;;;;;;;;;;;;;;;;;;;;;;;5;01:15;5;01:45;5;01:45;5;01:50;5;01:50;5;01:55;5;01:55;5;02:00;5;02:00;5;02:05;5;02:05;5;02:10;5;02:10;5;02:15;5;02:15;5;02:35;
S2025;3527;32.2;182.9;7.8;0;0;0;-2;13:00;60.92;0.0;30.42;91.33;VOPAK;4;BERÇO AL 03;2;08:20;2;08:40;2;08:40;2;08:45;2;08:45;2;08:50;2;08:50;2;08:55;2;08:55;2;09:00;2;09:00;2;09:05;2;09:05;2;09:10;2;09:10;2;09:15;2;09:15;2;09:20;2;09:20;2;09:25;2;09:25;2;09:30;2;09:30;2;09:35;2;09:35;2;09:40;2;09:40;2;10:15;;;;;;;;;;;;;2;10:15;2;10:15;5;17:55;5;20:10;;;;;;;;;;;;;5;20:10;5;20:20;5;20:20;5;20:25;5;20:25;5;20:30;5;20:30;5;20:35;5;20:35;5;20:40;5;20:40;5;20:45;5;20:45;5;20:50;5;20:50;5;20:55;5;20:55;5;21:00;5;21:00;5;21:05;5;21:05;5;21:10;5;21:10;5;21:15;5;21:15;5;21:20;5;21:20;5;21:40;
S2025;3528;29.0;189.98;8.4;0;0;0;-2;14:40;57.33;0.0;0.25;57.58;OUTROS_SABOO;37;BERÇO CS 02;1;00:15;1;00:35;1;00:35;1;00:40;1;00:40;1;00:45;1;00:45;1;00:50;1;00:50;1;00:55;1;00:55;1;01:00;1;01:00;1;01:05;1;01:05;1;01:10;1;01:10;1;01:15;1;01:15;1;01:20;1;01:20;1;01:25;1;01:25;1;01:40;;;;;;;;;;;;;;;;;;;;;1;01:40;1;01:40;7;11:00;;;;;;;;;;;;;;;;;;;;;;;;;;;;;;;;;;;;;;;;;;;;;;;;;;;;;;;;;;;;;;;;;;;;;;;
S2025;3529;32.0;229.0;7.14;0;0;0;-2;15:48;58.75;0.0;27.0;85.75;TIPLAM - GSA - E;61;BERÇO TIPLAM 2;2;05:35;2;05:55;2;05:55;2;06:00;2;06:00;2;06:05;2;06:05;2;06:10;2;06:10;2;06:15;2;06:15;2;06:20;2;06:20;2;06:25;2;06:25;2;06:30;2;06:30;2;06:35;2;06:35;2;06:40;2;06:40;2;06:45;2;06:45;2;06:50;2;06:50;2;06:55;2;06:55;2;07:00;2;07:00;2;07:05;2;07:05;2;07:25;2;07:25;2;08:10;2;08:10;2;08:10;4;17:50;5;01:25;5;01:25;5;01:35;5;01:35;5;01:55;5;01:55;5;02:00;5;02:00;5;02:05;5;02:05;5;02:10;5;02:10;5;02:15;5;02:15;5;02:20;5;02:20;5;02:25;5;02:25;5;02:30;5;02:30;5;02:35;5;02:35;5;02:40;5;02:40;5;02:45;5;02:45;5;02:50;5;02:50;5;02:55;5;02:55;5;03:00;5;03:00;5;03:05;5;03:05;5;03:25;
S2025;3534;32.0;229.0;7.61;0;0;0;-2;23:30;78.25;44.92;14.08;137.25;COPESUCAR;14;BERÇO ARM 20/21;4;16:45;4;17:05;4;17:05;4;17:10;4;17:10;4;17:15;4;17:15;4;17:20;4;17:20;4;17:25;4;17:25;4;17:30;4;17:30;4;17:35;4;17:35;4;18:10;;;;;;;;;;;;;;;;;;;;;;;;;;;;;;;;;;;;;4;18:10;4;18:10;6;22:40;;;;;;;;;;;;;;;;;;;;;;;;;;;;;;;;;;;;;;;;;;;;;;;;;;;;;;;;;;;;;;;;;;;;;;;
S2025;3537;33.0;229.0;13.02;0;0;0;-1;06:00;43.67;0.0;60.17;103.83;TERMAG;57;BERÇO TERMAG;3;13:50;3;14:10;3;14:10;3;14:15;3;14:15;3;14:20;3;14:20;3;14:25;3;14:25;3;14:40;;;;;;;;;;;;;;;;;;;;;;;;;;;;;;;;;;;;;;;;;;;;;;;;;3;14:40;3;14:40;11;00:05;;;;;;;;;;;;;;;;;;;;;;;;;;;;;;;;;;;;;;;;;;;;;;;;;;;;;;;;;;;;;;;;;;;;;;;
S2025;3543;32.0;228.99;7.16;0;0;0;-1;16:45;39.0;46.25;38.0;123.25;TIPLAM - GSA - E;62;BERÇO TIPLAM 3;4;20:00;4;20:20;4;20:20;4;20:25;4;20:25;4;20:30;4;20:30;4;20:35;4;20:35;4;20:40;4;20:40;4;20:45;4;20:45;4;20:50;4;20:50;4;20:55;4;20:55;4;21:00;4;21:00;4;21:05;4;21:05;4;21:10;4;21:10;4;21:15;4;21:15;4;21:20;4;21:20;4;21:25;4;21:25;4;21:30;4;21:30;4;21:50;4;21:50;4;22:35;4;22:35;4;22:35;7;15:00;;;;;;;;;;;;;;;;;;;;;;;;;;;;;;;;;;;;;;;;;;;;;;;;;;;;;;;;;;;;;;;;;;;;;;;
S2025;3551;32.0;228.99;7.1;0;0;0;0;07:04;16.92;0.0;1.5;18.42;TES;29;BERÇO ARM 38;1;01:30;1;01:50;1;01:50;1;01:55;1;01:55;1;02:00;1;02:00;1;02:35;;;;;;;;;;;;;;;;;;;;;;;;;;;;;;;;;;;;;;;;;;;;;;;;;;;;;1;02:35;1;02:35;5;06:25;5;09:30;;;;;;;;;;;;;;;;;;;;;;;;;;;;;;;;;;;;;;;;;;;;;;;;;;;;;5;09:30;5;09:40;5;09:40;5;09:45;5;09:45;5;09:50;5;09:50;5;10:10;
S2025;3560;32.0;229.0;7.0;0;0;0;0;21:36;2.67;0.0;0.92;3.58;TGRAO;72;BERÇO OUT 3;1;01:15;1;01:35;1;01:35;1;01:40;1;01:40;1;01:45;1;01:45;1;01:50;1;01:50;1;01:55;1;01:55;1;02:00;1;02:00;1;02:35;;;;;;;;;;;;;;;;;;;;;;;;;;;;;;;;;;;;;;;;;1;02:35;1;02:35;5;12:15;5;12:25;;;;;;;;;;;;;;;;;;;;;;;;;;;;;;;;;;;;;;;;;5;12:25;5;12:35;5;12:35;5;12:40;5;12:40;5;12:45;5;12:45;5;12:50;5;12:50;5;12:55;5;12:55;5;13:00;5;13:00;5;13:20;
S2025;3568;32.0;229.0;7.62;0;0;0;1;07:00;2.33;29.0;26.75;58.08;TGG;59;BERÇO TGG;3;17:05;3;17:25;3;17:25;3;17:30;3;17:30;3;17:35;3;17:35;3;17:40;3;17:40;3;18:15;;;;;;;;;;;;;;;;;;;;;;;;;;;;;;;;;;;;;;;;;;;;;;;;;3;18:15;3;18:15;5;03:30;5;03:30;;;;;;;;;;;;;;;;;;;;;;;;;;;;;;;;;;;;;;;;;;;;;;;;;5;03:30;5;03:40;5;03:40;5;03:45;5;03:45;5;03:50;5;03:50;5;03:55;5;03:55;5;04:15;
S2025;3576;32.0;225.0;7.26;0;0;0;1;12:30;23.83;44.5;1.67;70.0;TEG;56;BERÇO TEG;4;10:30;4;10:50;4;10:50;4;10:55;4;10:55;4;11:00;4;11:00;4;11:05;4;11:05;4;11:40;;;;;;;;;;;;;;;;;;;;;;;;;;;;;;;;;;;;;;;;;;;;;;;;;4;11:40;4;11:40;7;22:55;;;;;;;;;;;;;;;;;;;;;;;;;;;;;;;;;;;;;;;;;;;;;;;;;;;;;;;;;;;;;;;;;;;;;;;
S2025;3581;48.0;299.95;10.3;0;0;0;2;03:18;5.0;0.0;32.5;37.5;BTP;32;BERÇO BTP 1;3;16:50;3;17:10;3;17:10;3;17:15;3;17:15;3;17:20;3;17:20;3;17:25;3;17:25;3;17:30;3;17:30;3;17:35;3;17:35;3;17:40;3;17:40;3;17:45;3;17:45;3;17:50;3;17:50;3;17:55;3;17:55;3;18:00;3;18:00;3;18:05;3;18:05;3;18:40;;;;;;;;;;;;;;;;;3;18:40;3;18:40;4;20:30;5;01:25;;;;;;;;;;;;;;;;;5;01:25;5;01:35;5;01:35;5;01:40;5;01:40;5;01:45;5;01:45;5;01:50;5;01:50;5;01:55;5;01:55;5;02:00;5;02:00;5;02:05;5;02:05;5;02:10;5;02:10;5;02:15;5;02:15;5;02:20;5;02:20;5;02:25;5;02:25;5;02:30;5;02:30;5;02:50;
S2025;3584;40.0;299.95;13.0;0;0;0;2;04:42;2.5;34.58;6.17;43.25;SANTOSBR;55;BERÇO TECON 3;4;00:00;4;00:20;4;00:20;4;00:25;4;00:25;4;00:30;4;00:30;4;00:35;4;00:35;4;00:40;4;00:40;4;01:15;;;;;;;;;;;;;;;;;;;;;;;;;;;;;;;;;;;;;;;;;;;;;4;01:15;4;01:15;5;18:55;5;20:10;;;;;;;;;;;;;;;;;;;;;;;;;;;;;;;;;;;;;;;;;;;;;5;20:10;5;20:20;5;20:20;5;20:25;5;20:25;5;20:30;5;20:30;5;20:35;5;20:35;5;20:40;5;20:40;5;21:00;
S2025;3587;28.0;174.38;8.5;0;0;0;2;10:00;3.83;34.92;1.75;40.5;STOLTHAVEN;3;BERÇO AL 02;4;02:30;4;02:50;4;02:50;4;02:55;4;02:55;4;03:00;4;03:00;4;03:05;4;03:05;4;03:10;4;03:10;4;03:15;4;03:15;4;03:20;4;03:20;4;03:25;4;03:25;4;03:30;4;03:30;4;03:35;4;03:35;4;03:40;4;03:40;4;03:45;4;03:45;4;03:50;4;03:50;4;04:25;;;;;;;;;;;;;4;04:25;4;04:25;6;01:10;;;;;;;;;;;;;;;;;;;;;;;;;;;;;;;;;;;;;;;;;;;;;;;;;;;;;;;;;;;;;;;;;;;;;;;
S2025;3588;51.0;336.0;14.3;0;0;0;2;10:24;47.08;6.33;0.0;53.42;SANTOSBR;54;BERÇO TECON 2;4;15:50;4;16:10;4;16:10;4;16:15;4;16:15;4;16:20;4;16:20;4;16:25;4;16:25;4;16:30;4;16:30;4;16:45;;;;;;;;;;;;;;;;;;;;;;;;;;;;;;;;;;;;;;;;;;;;;4;16:45;4;16:45;5;18:00;;;;;;;;;;;;;;;;;;;;;;;;;;;;;;;;;;;;;;;;;;;;;;;;;;;;;;;;;;;;;;;;;;;;;;;
S2025;3591;48.0;330.0;12.05;0;0;0;2;13:24;4.08;0.0;46.75;50.83;BTP;33;BERÇO BTP 2;4;16:15;4;16:35;4;16:35;4;16:40;4;16:40;4;16:45;4;16:45;4;16:50;4;16:50;4;16:55;4;16:55;4;17:00;4;17:00;4;17:05;4;17:05;4;17:10;4;17:10;4;17:15;4;17:15;4;17:20;4;17:20;4;17:25;4;17:25;4;17:30;4;17:30;4;18:05;;;;;;;;;;;;;;;;;4;18:05;4;18:05;6;01:15;;;;;;;;;;;;;;;;;;;;;;;;;;;;;;;;;;;;;;;;;;;;;;;;;;;;;;;;;;;;;;;;;;;;;;;
S2025;3593;38.0;249.97;11.1;0;0;0;2;16:00;3.67;2.17;46.42;52.25;BTP;34;BERÇO BTP 3;4;20:15;4;20:35;4;20:35;4;20:40;4;20:40;4;20:45;4;20:45;4;20:50;4;20:50;4;20:55;4;20:55;4;21:00;4;21:00;4;21:05;4;21:05;4;21:10;4;21:10;4;21:15;4;21:15;4;21:20;4;21:20;4;21:25;4;21:25;4;21:30;4;21:30;4;22:05;;;;;;;;;;;;;;;;;4;22:05;4;22:05;5;12:05;5;15:30;;;;;;;;;;;;;;;;;5;15:30;5;15:40;5;15:40;5;15:45;5;15:45;5;15:50;5;15:50;5;15:55;5;15:55;5;16:00;5;16:00;5;16:05;5;16:05;5;16:10;5;16:10;5;16:15;5;16:15;5;16:20;5;16:20;5;16:25;5;16:25;5;16:30;5;16:30;5;16:35;5;16:35;5;16:55;
S2025;3595;32.0;199.98;7.12;0;0;0;2;17:12;2.5;0.0;36.33;38.83;FIBRIA;23;BERÇO ARM 32;4;08:05;4;08:25;4;08:25;4;08:30;4;08:30;4;08:35;4;08:35;4;08:40;4;08:40;4;08:45;4;08:45;4;09:20;;;;;;;;;;;;;;;;;;;;;;;;;;;;;;;;;;;;;;;;;;;;;4;09:20;4;09:20;7;05:50;;;;;;;;;;;;;;;;;;;;;;;;;;;;;;;;;;;;;;;;;;;;;;;;;;;;;;;;;;;;;;;;;;;;;;;
S2025;3597;32.0;199.9;8.75;0;0;0;2;20:24;0.0;0.0;0.67;0.67;OUTROS_SABOO;38;BERÇO CS 03;2;21:05;2;21:25;2;21:25;2;21:30;2;21:30;2;21:35;2;21:35;2;21:40;2;21:40;2;21:45;2;21:45;2;21:50;2;21:50;2;21:55;2;21:55;2;22:00;2;22:00;2;22:05;2;22:05;2;22:10;2;22:10;2;22:15;2;22:15;2;22:30;;;;;;;;;;;;;;;;;;;;;2;22:30;2;22:30;10;19:50;;;;;;;;;;;;;;;;;;;;;;;;;;;;;;;;;;;;;;;;;;;;;;;;;;;;;;;;;;;;;;;;;;;;;;;
S2025;3601;32.0;189.99;6.88;0;0;0;3;07:30;1.58;31.42;0.0;33.0;DPW - CGNC;44;BERÇO DPW 3;4;16:30;4;16:50;4;16:50;4;16:55;4;16:55;4;17:00;4;17:00;4;17:05;4;17:05;4;17:10;4;17:10;4;17:15;4;17:15;4;17:20;4;17:20;4;17:25;4;17:25;4;17:30;4;17:30;4;18:05;;;;;;;;;;;;;;;;;;;;;;;;;;;;;4;18:05;4;18:05;8;07:20;;;;;;;;;;;;;;;;;;;;;;;;;;;;;;;;;;;;;;;;;;;;;;;;;;;;;;;;;;;;;;;;;;;;;;;
S2025;3603;21.0;138.46;6.72;0;0;0;3;08:20;0.0;0.0;0.0;0.0;ECOPORTO;35;BERÇO CORTE;3;08:20;3;08:40;3;08:40;3;08:45;3;08:45;3;08:50;3;08:50;3;08:55;3;08:55;3;09:00;3;09:00;3;09:05;3;09:05;3;09:10;3;09:10;3;09:15;3;09:15;3;09:20;3;09:20;3;09:25;3;09:25;3;09:30;3;09:30;3;10:05;;;;;;;;;;;;;;;;;;;;;3;10:05;3;10:05;5;07:20;5;07:55;;;;;;;;;;;;;;;;;;;;;5;07:55;5;08:05;5;08:05;5;08:10;5;08:10;5;08:15;5;08:15;5;08:20;5;08:20;5;08:25;5;08:25;5;08:30;5;08:30;5;08:35;5;08:35;5;08:40;5;08:40;5;08:45;5;08:45;5;08:50;5;08:50;5;08:55;5;08:55;5;09:15;
S2025;3605;45.0;299.9;14.2;0;0;0;3;10:55;1.33;32.25;0.0;33.58;DPW - CGC;42;BERÇO DPW 1;4;20:30;4;20:50;4;20:50;4;20:55;4;20:55;4;21:00;4;21:00;4;21:05;4;21:05;4;21:10;4;21:10;4;21:15;4;21:15;4;21:20;4;21:20;4;21:25;4;21:25;4;21:30;4;21:30;4;21:35;4;21:35;4;21:50;;;;;;;;;;;;;;;;;;;;;;;;;4;21:50;4;21:50;5;23:40;;;;;;;;;;;;;;;;;;;;;;;;;;;;;;;;;;;;;;;;;;;;;;;;;;;;;;;;;;;;;;;;;;;;;;;
S2025;3608;32.0;294.03;8.9;0;0;0;3;12:00;0.92;31.17;0.92;33.0;SANTOSBR;53;BERÇO TECON 1.2;4;21:00;4;21:20;4;21:20;4;21:25;4;21:25;4;21:30;4;21:30;4;21:35;4;21:35;4;21:40;4;21:40;4;21:55;;;;;;;;;;;;;;;;;;;;;;;;;;;;;;;;;;;;;;;;;;;;;4;21:55;4;21:55;5;12:30;5;15:25;;;;;;;;;;;;;;;;;;;;;;;;;;;;;;;;;;;;;;;;;;;;;5;15:25;5;15:55;5;15:55;5;16:00;5;16:00;5;16:05;5;16:05;5;16:10;5;16:10;5;16:15;5;16:15;5;16:35;
S2025;3609;32.0;201.8;9.2;0;0;0;3;13:00;1.25;0.0;17.0;18.25;BRACELL;27;BERÇO ARM 35P2;4;07:15;4;07:35;4;07:35;4;07:40;4;07:40;4;07:45;4;07:45;4;07:50;4;07:50;4;07:55;4;07:55;4;08:30;;;;;;;;;;;;;;;;;;;;;;;;;;;;;;;;;;;;;;;;;;;;;4;08:30;4;08:30;8;08:00;;;;;;;;;;;;;;;;;;;;;;;;;;;;;;;;;;;;;;;;;;;;;;;;;;;;;;;;;;;;;;;;;;;;;;;
S2025;3615;26.0;169.06;7.7;0;0;0;3;21:34;0.0;0.0;0.25;0.25;AGEO_TERMINAIS;1;BERÇO Ageo I;3;21:50;3;22:10;3;22:10;3;22:15;3;22:15;3;22:20;3;22:20;3;22:25;3;22:25;3;22:30;3;22:30;3;22:35;3;22:35;3;22:40;3;22:40;3;22:45;3;22:45;3;22:50;3;22:50;3;22:55;3;22:55;3;23:00;3;23:00;3;23:35;;;;;;;;;;;;;;;;;;;;;3;23:35;3;23:35;7;12:20;;;;;;;;;;;;;;;;;;;;;;;;;;;;;;;;;;;;;;;;;;;;;;;;;;;;;;;;;;;;;;;;;;;;;;;
S2025;3619;32.0;179.99;9.1;0;0;0;4;04:42;5.42;0.0;4.67;10.08;USIMINAS;67;BERÇO USIMINAS 3;4;14:50;4;15:10;4;15:10;4;15:15;4;15:15;4;15:20;4;15:20;4;15:25;4;15:25;4;15:30;4;15:30;4;15:35;4;15:35;4;15:40;4;15:40;4;15:45;4;15:45;4;15:50;4;15:50;4;15:55;4;15:55;4;16:00;4;16:00;4;16:05;4;16:05;4;16:10;4;16:10;4;16:15;4;16:15;4;16:20;4;16:20;4;16:40;4;16:40;4;16:55;4;16:55;4;16:55;9;06:35;;;;;;;;;;;;;;;;;;;;;;;;;;;;;;;;;;;;;;;;;;;;;;;;;;;;;;;;;;;;;;;;;;;;;;;
S2025;3622;19.0;87.9;5.0;0;0;0;4;10:25;0.0;0.0;0.58;0.58;SAIPEM;48;BERÇO SAIPEM 1;4;11:00;4;11:20;4;11:20;4;11:55;;;;;;;;;;;;;;;;;;;;;;;;;;;;;;;;;;;;;;;;;;;;;;;;;;;;;;;;;;;;;4;11:55;4;11:55;7;10:45;;;;;;;;;;;;;;;;;;;;;;;;;;;;;;;;;;;;;;;;;;;;;;;;;;;;;;;;;;;;;;;;;;;;;;;
S2025;3623;32.0;189.99;10.55;0;0;0;4;10:30;0.0;0.0;10.25;10.25;OUTROS_MACUCO;18;BERÇO ARM 29;4;20:45;4;21:05;4;21:05;4;21:10;4;21:10;4;21:15;4;21:15;4;21:20;4;21:20;4;21:25;4;21:25;4;21:30;4;21:30;4;21:45;;;;;;;;;;;;;;;;;;;;;;;;;;;;;;;;;;;;;;;;;4;21:45;4;21:45;10;05:40;;;;;;;;;;;;;;;;;;;;;;;;;;;;;;;;;;;;;;;;;;;;;;;;;;;;;;;;;;;;;;;;;;;;;;;
S2025;3624;35.0;223.98;9.3;0;0;0;4;11:00;0.0;6.25;0.0;6.25;SANTOSBR;52;BERÇO TECON 1.1;4;17:15;4;17:35;4;17:35;4;17:40;4;17:40;4;17:45;4;17:45;4;17:50;4;17:50;4;17:55;4;17:55;4;18:10;;;;;;;;;;;;;;;;;;;;;;;;;;;;;;;;;;;;;;;;;;;;;4;18:10;4;18:10;6;02:35;;;;;;;;;;;;;;;;;;;;;;;;;;;;;;;;;;;;;;;;;;;;;;;;;;;;;;;;;;;;;;;;;;;;;;;
S2025;3625;18.0;85.34;4.6;0;0;0;4;11:15;0.0;0.0;6.25;6.25;SAIPEM;49;BERÇO SAIPEM 2;4;17:30;4;17:50;4;17:50;4;18:25;;;;;;;;;;;;;;;;;;;;;;;;;;;;;;;;;;;;;;;;;;;;;;;;;;;;;;;;;;;;;4;18:25;4;18:25;7;00:55;;;;;;;;;;;;;;;;;;;;;;;;;;;;;;;;;;;;;;;;;;;;;;;;;;;;;;;;;;;;;;;;;;;;;;;
S2025;3626;28.0;174.38;9.5;0;0;0;4;12:45;0.0;0.0;2.33;2.33;ADONAI;46;BERÇO IB BC;4;15:05;4;15:25;4;15:25;4;15:30;4;15:30;4;15:35;4;15:35;4;15:40;4;15:40;4;15:45;4;15:45;4;15:50;4;15:50;4;15:55;4;15:55;4;16:00;4;16:00;4;16:05;4;16:05;4;16:10;4;16:10;4;16:15;4;16:15;4;16:50;;;;;;;;;;;;;;;;;;;;;4;16:50;4;16:50;5;20:50;;;;;;;;;;;;;;;;;;;;;;;;;;;;;;;;;;;;;;;;;;;;;;;;;;;;;;;;;;;;;;;;;;;;;;;
S2025;3632;36.0;236.32;8.9;0;0;1;4;17:00;0.0;0.0;0.0;0.0;TEV;58;BERÇO TEV;4;17:00;4;17:20;4;17:20;4;17:25;4;17:25;4;17:30;4;17:30;4;17:35;4;17:35;4;17:40;4;17:40;4;17:45;4;17:45;4;18:20;;;;;;;;;;;;;;;;;;;;;;;;;;;;;;;;;;;;;;;;;4;18:20;4;18:20;5;02:05;5;02:15;;;;;;;;;;;;;;;;;;;;;;;;;;;;;;;;;;;;;;;;;5;02:15;5;02:25;5;02:25;5;02:30;5;02:30;5;02:35;5;02:35;5;02:40;5;02:40;5;02:45;5;02:45;5;02:50;5;02:50;5;03:10;
S2025;3635;32.0;189.99;6.19;0;0;0;4;18:35;0.0;0.0;2.67;2.67;CUTRALE - GSA - E;40;BERÇO CUTRALE;4;21:15;4;21:35;4;21:35;4;21:40;4;21:40;4;21:45;4;21:45;4;22:20;;;;;;;;;;;;;;;;;;;;;;;;;;;;;;;;;;;;;;;;;;;;;;;;;;;;;4;22:20;4;22:20;7;05:20;;;;;;;;;;;;;;;;;;;;;;;;;;;;;;;;;;;;;;;;;;;;;;;;;;;;;;;;;;;;;;;;;;;;;;;
S2025;3228;32.0;199.98;6.5;0;0;0;-20;22:30;0.0;0.0;0.0;0.0;ELEVACOES;12;BERÇO ARM 16/17;;;;;;;;;;;;;;;;;;;;;;;;;;;;;;;;;;;;;;;;;;;;;;;;;;;;;;;;;;;;;;;;;;;;;;;;;;;;;;;;;;;;;;;;;;;;;;;;;;;;;;;;;;;;;;;;;;;;;;;;;;;;;;;;;;;;;;;;;;;;;;;;;
S2025;3328;30.0;180.0;6.46;0;0;0;-14;16:45;0.0;0.0;0.0;0.0;NST - CGNC;21;BERÇO ARM 31;;;;;;;;;;;;;;;;;;;;;;;;;;;;;;;;;;;;;;;;;;;;;;;;;;;;;;;;;;;;;;;;;;;;;;;;;;;;;;;;;;;;;;;;;;;;;;;;;;;;;;;;;;;;;;;;;;;;;;;;;;;;;;;;;;;;;;;;;;;;;;;;;
S2025;3533;32.0;189.02;10.2;0;0;0;-2;20:00;0.0;0.0;0.0;0.0;AGEO_TERMINAIS;47;BERÇO IB SP;;;;;;;;;;;;;;;;;;;;;;;;;;;;;;;;;;;;;;;;;;;;;;;;;;;;;;;;;;;;;;;;;;;;;;;;;;;5;15:55;;;;;;;;;;;;;;;;;;;;;5;15:55;5;16:25;5;16:25;5;16:30;5;16:30;5;16:35;5;16:35;5;16:40;5;16:40;5;16:45;5;16:45;5;16:50;5;16:50;5;16:55;5;16:55;5;17:00;5;17:00;5;17:05;5;17:05;5;17:10;5;17:10;5;17:15;5;17:15;5;17:35;
S2025;3541;32.0;199.9;9.0;0;0;0;-1;15:20;0.0;0.0;0.0;0.0;OUTROS_MACUCO;73;BERÇO ARM 35P1;;;;;;;;;;;;;;;;;;;;;;;;;;;;;;;;;;;;;;;;;;;;;;;;;;;;;;;;;;;;;;;;;;;;;;;;;;;5;01:00;;;;;;;;;;;;;;;;;;;;;;;;;;;;;;;;;;;;;;;;;;;;;;;;;5;01:00;5;01:30;5;01:30;5;01:35;5;01:35;5;01:40;5;01:40;5;01:45;5;01:45;5;02:05;
S2025;3552;32.0;225.0;7.15;0;0;0;0;07:46;0.0;0.0;0.0;0.0;TEAG;51;BERÇO TEAG;;;;;;;;;;;;;;;;;;;;;;;;;;;;;;;;;;;;;;;;;;;;;;;;;;;;;;;;;;;;;;;;;;;;;;;;;;;5;12:00;;;;;;;;;;;;;;;;;;;;;;;;;;;;;;;;;;;;;;;;;;;;;;;;;5;12:00;5;12:10;5;12:10;5;12:15;5;12:15;5;12:20;5;12:20;5;12:25;5;12:25;5;12:45;
S2025;3491;32.0;199.99;6.9;0;0;0;-5;15:00;133.67;0.0;105.83;239.5;TEAG;51;BERÇO TEAG;5;14:30;5;14:50;5;14:50;5;14:55;5;14:55;5;15:00;5;15:00;5;15:05;5;15:05;5;15:40;;;;;;;;;;;;;;;;;;;;;;;;;;;;;;;;;;;;;;;;;;;;;;;;;5;15:40;5;15:40;7;20:35;;;;;;;;;;;;;;;;;;;;;;;;;;;;;;;;;;;;;;;;;;;;;;;;;;;;;;;;;;;;;;;;;;;;;;;
S2025;3565;32.0;228.91;7.0;0;0;0;1;01:35;36.33;0.0;72.33;108.67;TGRAO;72;BERÇO OUT 3;5;14:15;5;14:35;5;14:35;5;14:40;5;14:40;5;14:45;5;14:45;5;14:50;5;14:50;5;14:55;5;14:55;5;15:00;5;15:00;5;15:35;;;;;;;;;;;;;;;;;;;;;;;;;;;;;;;;;;;;;;;;;5;15:35;5;15:35;9;22:55;;;;;;;;;;;;;;;;;;;;;;;;;;;;;;;;;;;;;;;;;;;;;;;;;;;;;;;;;;;;;;;;;;;;;;;
S2025;3566;32.0;229.0;7.3;0;0;0;1;04:00;10.33;49.17;37.0;96.5;TIPLAM - GSA - E;61;BERÇO TIPLAM 2;5;04:30;5;04:50;5;04:50;5;04:55;5;04:55;5;05:00;5;05:00;5;05:05;5;05:05;5;05:10;5;05:10;5;05:15;5;05:15;5;05:20;5;05:20;5;05:25;5;05:25;5;05:30;5;05:30;5;05:35;5;05:35;5;05:40;5;05:40;5;05:45;5;05:45;5;05:50;5;05:50;5;05:55;5;05:55;5;06:00;5;06:00;5;06:20;5;06:20;5;07:05;5;07:05;5;07:05;10;00:25;;;;;;;;;;;;;;;;;;;;;;;;;;;;;;;;;;;;;;;;;;;;;;;;;;;;;;;;;;;;;;;;;;;;;;;
S2025;3579;32.0;228.99;7.4;0;0;0;1;15:48;35.0;54.75;0.92;90.67;TES;29;BERÇO ARM 38;5;10:30;5;10:50;5;10:50;5;10:55;5;10:55;5;11:00;5;11:00;5;11:35;;;;;;;;;;;;;;;;;;;;;;;;;;;;;;;;;;;;;;;;;;;;;;;;;;;;;5;11:35;5;11:35;10;10:55;;;;;;;;;;;;;;;;;;;;;;;;;;;;;;;;;;;;;;;;;;;;;;;;;;;;;;;;;;;;;;;;;;;;;;;
S2025;3589;40.0;182.9;9.2;0;0;0;2;10:24;5.75;64.33;5.25;75.33;TRANSPETRO;2;BERÇO AL 01;5;13:45;5;14:05;5;14:05;5;14:10;5;14:10;5;14:15;5;14:15;5;14:20;5;14:20;5;14:25;5;14:25;5;14:30;5;14:30;5;14:35;5;14:35;5;14:40;5;14:40;5;14:45;5;14:45;5;14:50;5;14:50;5;14:55;5;14:55;5;15:00;5;15:00;5;15:05;5;15:05;5;15:40;;;;;;;;;;;;;5;15:40;5;15:40;6;14:25;;;;;;;;;;;;;;;;;;;;;;;;;;;;;;;;;;;;;;;;;;;;;;;;;;;;;;;;;;;;;;;;;;;;;;;
S2025;3604;36.0;236.32;8.2;0;0;0;3;10:50;2.83;0.0;44.58;47.42;ECOPORTO;70;BERÇO VAL;5;10:15;5;10:35;5;10:35;5;10:40;5;10:40;5;10:45;5;10:45;5;10:50;5;10:50;5;10:55;5;10:55;5;11:00;5;11:00;5;11:05;5;11:05;5;11:10;5;11:10;5;11:15;5;11:15;5;11:20;5;11:20;5;11:25;5;11:25;5;11:40;;;;;;;;;;;;;;;;;;;;;5;11:40;5;11:40;6;14:10;;;;;;;;;;;;;;;;;;;;;;;;;;;;;;;;;;;;;;;;;;;;;;;;;;;;;;;;;;;;;;;;;;;;;;;
S2025;3606;32.0;228.99;7.05;0;0;0;3;11:00;2.33;38.25;1.33;41.92;TGG;59;BERÇO TGG;5;04:55;5;05:15;5;05:15;5;05:20;5;05:20;5;05:25;5;05:25;5;05:30;5;05:30;5;06:05;;;;;;;;;;;;;;;;;;;;;;;;;;;;;;;;;;;;;;;;;;;;;;;;;5;06:05;5;06:05;6;15:25;;;;;;;;;;;;;;;;;;;;;;;;;;;;;;;;;;;;;;;;;;;;;;;;;;;;;;;;;;;;;;;;;;;;;;;
S2025;3613;43.0;299.9;11.5;0;0;0;3;19:00;3.0;4.67;21.58;29.25;BTP;32;BERÇO BTP 1;5;00:15;5;00:35;5;00:35;5;00:40;5;00:40;5;00:45;5;00:45;5;00:50;5;00:50;5;00:55;5;00:55;5;01:00;5;01:00;5;01:05;5;01:05;5;01:10;5;01:10;5;01:15;5;01:15;5;01:20;5;01:20;5;01:25;5;01:25;5;01:30;5;01:30;5;01:45;;;;;;;;;;;;;;;;;5;01:45;5;01:45;6;06:25;;;;;;;;;;;;;;;;;;;;;;;;;;;;;;;;;;;;;;;;;;;;;;;;;;;;;;;;;;;;;;;;;;;;;;;
S2025;3616;45.0;299.9;12.4;0;0;0;4;00:30;6.67;15.17;15.67;37.5;BTP;34;BERÇO BTP 3;5;14:00;5;14:20;5;14:20;5;14:25;5;14:25;5;14:30;5;14:30;5;14:35;5;14:35;5;14:40;5;14:40;5;14:45;5;14:45;5;14:50;5;14:50;5;14:55;5;14:55;5;15:00;5;15:00;5;15:05;5;15:05;5;15:10;5;15:10;5;15:15;5;15:15;5;15:50;;;;;;;;;;;;;;;;;5;15:50;5;15:50;6;09:15;;;;;;;;;;;;;;;;;;;;;;;;;;;;;;;;;;;;;;;;;;;;;;;;;;;;;;;;;;;;;;;;;;;;;;;
S2025;3612;30.0;179.99;9.86;0;0;0;3;17:06;4.17;0.0;26.67;30.83;TIPLAM - GSM - I;63;BERÇO TIPLAM 4;5;00:00;5;00:20;5;00:20;5;00:25;5;00:25;5;00:30;5;00:30;5;00:35;5;00:35;5;00:40;5;00:40;5;00:45;5;00:45;5;00:50;5;00:50;5;00:55;5;00:55;5;01:00;5;01:00;5;01:05;5;01:05;5;01:10;5;01:10;5;01:15;5;01:15;5;01:20;5;01:20;5;01:25;5;01:25;5;01:30;5;01:30;5;01:50;5;01:50;5;02:05;5;02:05;5;02:05;9;15:20;;;;;;;;;;;;;;;;;;;;;;;;;;;;;;;;;;;;;;;;;;;;;;;;;;;;;;;;;;;;;;;;;;;;;;;
S2025;3648;32.0;228.99;13.48;0;0;0;5;15:06;1.25;0.0;1.25;2.5;TIPLAM - GSM - I;60;BERÇO TIPLAM 1;5;17:40;5;18:00;5;18:00;5;18:05;5;18:05;5;18:10;5;18:10;5;18:15;5;18:15;5;18:20;5;18:20;5;18:25;5;18:25;5;18:30;5;18:30;5;18:35;5;18:35;5;18:40;5;18:40;5;18:45;5;18:45;5;18:50;5;18:50;5;18:55;5;18:55;5;19:00;5;19:00;5;19:05;5;19:05;5;19:10;5;19:10;5;19:30;5;19:30;5;20:15;5;20:15;5;20:15;12;02:20;;;;;;;;;;;;;;;;;;;;;;;;;;;;;;;;;;;;;;;;;;;;;;;;;;;;;;;;;;;;;;;;;;;;;;;
S2025;3627;36.0;210.0;8.3;0;0;0;4;13:45;1.17;0.0;14.92;16.08;BRACELL;73;BERÇO ARM 35P1;5;05:50;5;06:10;5;06:10;5;06:15;5;06:15;5;06:20;5;06:20;5;06:25;5;06:25;5;07:00;;;;;;;;;;;;;;;;;;;;;;;;;;;;;;;;;;;;;;;;;;;;;;;;;5;07:00;5;07:00;8;23:05;;;;;;;;;;;;;;;;;;;;;;;;;;;;;;;;;;;;;;;;;;;;;;;;;;;;;;;;;;;;;;;;;;;;;;;
S2025;3634;32.0;194.87;8.75;0;0;0;4;18:26;5.92;22.25;0.0;28.17;SANTOSBR;55;BERÇO TECON 3;5;22:40;5;23:00;5;23:00;5;23:05;5;23:05;5;23:10;5;23:10;5;23:15;5;23:15;5;23:20;5;23:20;5;23:35;;;;;;;;;;;;;;;;;;;;;;;;;;;;;;;;;;;;;;;;;;;;;5;23:35;5;23:35;7;05:00;;;;;;;;;;;;;;;;;;;;;;;;;;;;;;;;;;;;;;;;;;;;;;;;;;;;;;;;;;;;;;;;;;;;;;;
S2025;3638;32.0;258.89;10.3;0;0;0;5;04:18;0.0;10.83;0.0;10.83;SANTOSBR;53;BERÇO TECON 1.2;5;15:10;5;15:30;5;15:30;5;15:35;5;15:35;5;15:40;5;15:40;5;15:45;5;15:45;5;15:50;5;15:50;5;16:05;;;;;;;;;;;;;;;;;;;;;;;;;;;;;;;;;;;;;;;;;;;;;5;16:05;5;16:05;6;08:30;;;;;;;;;;;;;;;;;;;;;;;;;;;;;;;;;;;;;;;;;;;;;;;;;;;;;;;;;;;;;;;;;;;;;;;
S2025;3637;40.0;299.95;10.7;0;0;0;4;23:54;0.08;0.08;5.5;5.67;DPW - CGC;43;BERÇO DPW 2;5;05:35;5;05:55;5;05:55;5;06:00;5;06:00;5;06:05;5;06:05;5;06:10;5;06:10;5;06:15;5;06:15;5;06:20;5;06:20;5;06:25;5;06:25;5;06:30;5;06:30;5;06:35;5;06:35;5;06:40;5;06:40;5;07:15;;;;;;;;;;;;;;;;;;;;;;;;;5;07:15;5;07:15;6;02:35;;;;;;;;;;;;;;;;;;;;;;;;;;;;;;;;;;;;;;;;;;;;;;;;;;;;;;;;;;;;;;;;;;;;;;;
S2025;3641;24.0;145.05;11.7;0;0;0;5;09:30;4.67;7.67;0.0;12.33;STOLTHAVEN;4;BERÇO AL 03;5;21:50;5;22:10;5;22:10;5;22:15;5;22:15;5;22:20;5;22:20;5;22:25;5;22:25;5;22:30;5;22:30;5;22:35;5;22:35;5;22:40;5;22:40;5;22:45;5;22:45;5;22:50;5;22:50;5;22:55;5;22:55;5;23:00;5;23:00;5;23:05;5;23:05;5;23:10;5;23:10;5;23:45;;;;;;;;;;;;;5;23:45;5;23:45;10;05:15;;;;;;;;;;;;;;;;;;;;;;;;;;;;;;;;;;;;;;;;;;;;;;;;;;;;;;;;;;;;;;;;;;;;;;;
S2025;3642;19.0;119.95;7.2;0;0;0;5;09:50;1.25;0.0;6.83;8.08;OUTROS_ALAMOA;5;BERÇO AL 04;5;17:55;5;18:15;5;18:15;5;18:20;5;18:20;5;18:25;5;18:25;5;18:30;5;18:30;5;18:35;5;18:35;5;18:40;5;18:40;5;18:45;5;18:45;5;18:50;5;18:50;5;18:55;5;18:55;5;19:00;5;19:00;5;19:05;5;19:05;5;19:10;5;19:10;5;19:15;5;19:15;5;19:50;;;;;;;;;;;;;5;19:50;5;19:50;7;03:00;;;;;;;;;;;;;;;;;;;;;;;;;;;;;;;;;;;;;;;;;;;;;;;;;;;;;;;;;;;;;;;;;;;;;;;
S2025;3643;17.0;75.2;4.1;0;0;0;5;10:20;0.0;0.0;0.42;0.42;SAIPEM;50;BERÇO SAIPEM 3;5;10:45;5;11:05;5;11:05;5;11:40;;;;;;;;;;;;;;;;;;;;;;;;;;;;;;;;;;;;;;;;;;;;;;;;;;;;;;;;;;;;;5;11:40;5;11:40;5;23:45;;;;;;;;;;;;;;;;;;;;;;;;;;;;;;;;;;;;;;;;;;;;;;;;;;;;;;;;;;;;;;;;;;;;;;;
S2025;3646;23.0;164.34;9.0;0;0;0;5;13:00;0.0;0.0;1.75;1.75;DOW;41;BERÇO DOW;5;14:45;5;15:05;5;15:05;5;15:10;5;15:10;5;15:15;5;15:15;5;15:30;;;;;;;;;;;;;;;;;;;;;;;;;;;;;;;;;;;;;;;;;;;;;;;;;;;;;5;15:30;5;15:30;7;11:25;;;;;;;;;;;;;;;;;;;;;;;;;;;;;;;;;;;;;;;;;;;;;;;;;;;;;;;;;;;;;;;;;;;;;;;
S2025;3220;32.0;228.99;6.73;0;0;0;-20;15:00;499.0;0.0;22.58;521.58;XXXIX;28;BERÇO ARM 37;2;08:35;2;08:55;2;08:55;2;09:00;2;09:00;2;09:05;2;09:05;2;09:40;;;;;;;;;;;;;;;;;;;;;;;;;;;;;;;;;;;;;;;;;;;;;;;;;;;;;2;09:40;2;09:40;6;15:00;6;15:00;;;;;;;;;;;;;;;;;;;;;;;;;;;;;;;;;;;;;;;;;;;;;;;;;;;;;6;15:00;6;15:10;6;15:10;6;15:15;6;15:15;6;15:20;6;15:20;6;15:40;
S2025;3246;32.0;189.9;6.3;0;0;0;-19;16:00;467.0;0.0;48.5;515.5;COFCO;9;BERÇO ARM 12A;3;03:30;3;03:50;3;03:50;3;03:55;3;03:55;3;04:00;3;04:00;3;04:05;3;04:05;3;04:10;3;04:10;3;04:15;3;04:15;3;04:20;3;04:20;3;04:25;3;04:25;3;05:00;;;;;;;;;;;;;;;;;;;;;;;;;;;;;;;;;3;05:00;3;05:00;9;05:40;;;;;;;;;;;;;;;;;;;;;;;;;;;;;;;;;;;;;;;;;;;;;;;;;;;;;;;;;;;;;;;;;;;;;;;
S2025;3269;32.0;228.99;8.18;0;0;0;-17;09:00;452.42;0.0;58.17;510.58;ELEVACOES;13;BERÇO ARM 19;4;15:35;4;15:55;4;15:55;4;16:00;4;16:00;4;16:05;4;16:05;4;16:10;4;16:10;4;16:15;4;16:15;4;16:20;4;16:20;4;16:25;4;16:25;4;17:00;;;;;;;;;;;;;;;;;;;;;;;;;;;;;;;;;;;;;4;17:00;4;17:00;6;20:25;;;;;;;;;;;;;;;;;;;;;;;;;;;;;;;;;;;;;;;;;;;;;;;;;;;;;;;;;;;;;;;;;;;;;;;
S2025;3303;33.0;225.0;7.3;0;0;0;-15;08:00;392.75;0.0;70.58;463.33;COFCO;10;BERÇO ARM 13/14;4;15:20;4;15:40;4;15:40;4;15:45;4;15:45;4;15:50;4;15:50;4;15:55;4;15:55;4;16:00;4;16:00;4;16:05;4;16:05;4;16:10;4;16:10;4;16:15;4;16:15;4;16:50;;;;;;;;;;;;;;;;;;;;;;;;;;;;;;;;;4;16:50;4;16:50;7;10:50;;;;;;;;;;;;;;;;;;;;;;;;;;;;;;;;;;;;;;;;;;;;;;;;;;;;;;;;;;;;;;;;;;;;;;;
S2025;3345;32.0;228.9;7.5;0;0;0;-13;17:18;351.83;0.0;49.58;401.42;ADM;30;BERÇO ARM 39;4;10:45;4;11:05;4;11:05;4;11:10;4;11:10;4;11:15;4;11:15;4;11:50;;;;;;;;;;;;;;;;;;;;;;;;;;;;;;;;;;;;;;;;;;;;;;;;;;;;;4;11:50;4;11:50;7;11:20;;;;;;;;;;;;;;;;;;;;;;;;;;;;;;;;;;;;;;;;;;;;;;;;;;;;;;;;;;;;;;;;;;;;;;;
S2025;3466;32.0;228.99;7.2;0;0;0;-6;03:30;165.0;0.0;1.92;166.92;TGRAO;71;BERÇO OUT 2;1;02:25;1;02:45;1;02:45;1;02:50;1;02:50;1;02:55;1;02:55;1;03:00;1;03:00;1;03:05;1;03:05;1;03:10;1;03:10;1;03:45;;;;;;;;;;;;;;;;;;;;;;;;;;;;;;;;;;;;;;;;;1;03:45;1;03:45;7;01:35;;;;;;;;;;;;;;;;;;;;;;;;;;;;;;;;;;;;;;;;;;;;;;;;;;;;;;;;;;;;;;;;;;;;;;;
S2025;3491;32.0;199.99;6.9;0;0;0;-5;15:00;133.67;0.0;105.83;239.5;TEAG;51;BERÇO TEAG;5;14:30;5;14:50;5;14:50;5;14:55;5;14:55;5;15:00;5;15:00;5;15:05;5;15:05;5;15:40;;;;;;;;;;;;;;;;;;;;;;;;;;;;;;;;;;;;;;;;;;;;;;;;;5;15:40;5;15:40;7;20:35;;;;;;;;;;;;;;;;;;;;;;;;;;;;;;;;;;;;;;;;;;;;;;;;;;;;;;;;;;;;;;;;;;;;;;;
S2025;3528;29.0;189.98;8.4;0;0;0;-2;14:40;57.33;0.0;0.25;57.58;OUTROS_SABOO;37;BERÇO CS 02;1;00:15;1;00:35;1;00:35;1;00:40;1;00:40;1;00:45;1;00:45;1;00:50;1;00:50;1;00:55;1;00:55;1;01:00;1;01:00;1;01:05;1;01:05;1;01:10;1;01:10;1;01:15;1;01:15;1;01:20;1;01:20;1;01:25;1;01:25;1;01:40;;;;;;;;;;;;;;;;;;;;;1;01:40;1;01:40;7;11:00;;;;;;;;;;;;;;;;;;;;;;;;;;;;;;;;;;;;;;;;;;;;;;;;;;;;;;;;;;;;;;;;;;;;;;;
S2025;3534;32.0;229.0;7.61;0;0;0;-2;23:30;78.25;44.92;14.08;137.25;COPESUCAR;14;BERÇO ARM 20/21;4;16:45;4;17:05;4;17:05;4;17:10;4;17:10;4;17:15;4;17:15;4;17:20;4;17:20;4;17:25;4;17:25;4;17:30;4;17:30;4;17:35;4;17:35;4;18:10;;;;;;;;;;;;;;;;;;;;;;;;;;;;;;;;;;;;;4;18:10;4;18:10;6;22:40;;;;;;;;;;;;;;;;;;;;;;;;;;;;;;;;;;;;;;;;;;;;;;;;;;;;;;;;;;;;;;;;;;;;;;;
S2025;3537;33.0;229.0;13.02;0;0;0;-1;06:00;43.67;0.0;60.17;103.83;TERMAG;57;BERÇO TERMAG;3;13:50;3;14:10;3;14:10;3;14:15;3;14:15;3;14:20;3;14:20;3;14:25;3;14:25;3;14:40;;;;;;;;;;;;;;;;;;;;;;;;;;;;;;;;;;;;;;;;;;;;;;;;;3;14:40;3;14:40;11;00:05;;;;;;;;;;;;;;;;;;;;;;;;;;;;;;;;;;;;;;;;;;;;;;;;;;;;;;;;;;;;;;;;;;;;;;;
S2025;3543;32.0;228.99;7.16;0;0;0;-1;16:45;39.0;46.25;38.0;123.25;TIPLAM - GSA - E;62;BERÇO TIPLAM 3;4;20:00;4;20:20;4;20:20;4;20:25;4;20:25;4;20:30;4;20:30;4;20:35;4;20:35;4;20:40;4;20:40;4;20:45;4;20:45;4;20:50;4;20:50;4;20:55;4;20:55;4;21:00;4;21:00;4;21:05;4;21:05;4;21:10;4;21:10;4;21:15;4;21:15;4;21:20;4;21:20;4;21:25;4;21:25;4;21:30;4;21:30;4;21:50;4;21:50;4;22:35;4;22:35;4;22:35;7;15:00;;;;;;;;;;;;;;;;;;;;;;;;;;;;;;;;;;;;;;;;;;;;;;;;;;;;;;;;;;;;;;;;;;;;;;;
S2025;3565;32.0;228.91;7.0;0;0;0;1;01:35;36.33;0.0;72.33;108.67;TGRAO;72;BERÇO OUT 3;5;14:15;5;14:35;5;14:35;5;14:40;5;14:40;5;14:45;5;14:45;5;14:50;5;14:50;5;14:55;5;14:55;5;15:00;5;15:00;5;15:35;;;;;;;;;;;;;;;;;;;;;;;;;;;;;;;;;;;;;;;;;5;15:35;5;15:35;9;22:55;;;;;;;;;;;;;;;;;;;;;;;;;;;;;;;;;;;;;;;;;;;;;;;;;;;;;;;;;;;;;;;;;;;;;;;
S2025;3566;32.0;229.0;7.3;0;0;0;1;04:00;10.33;49.17;37.0;96.5;TIPLAM - GSA - E;61;BERÇO TIPLAM 2;5;04:30;5;04:50;5;04:50;5;04:55;5;04:55;5;05:00;5;05:00;5;05:05;5;05:05;5;05:10;5;05:10;5;05:15;5;05:15;5;05:20;5;05:20;5;05:25;5;05:25;5;05:30;5;05:30;5;05:35;5;05:35;5;05:40;5;05:40;5;05:45;5;05:45;5;05:50;5;05:50;5;05:55;5;05:55;5;06:00;5;06:00;5;06:20;5;06:20;5;07:05;5;07:05;5;07:05;10;00:25;;;;;;;;;;;;;;;;;;;;;;;;;;;;;;;;;;;;;;;;;;;;;;;;;;;;;;;;;;;;;;;;;;;;;;;
S2025;3576;32.0;225.0;7.26;0;0;0;1;12:30;23.83;44.5;1.67;70.0;TEG;56;BERÇO TEG;4;10:30;4;10:50;4;10:50;4;10:55;4;10:55;4;11:00;4;11:00;4;11:05;4;11:05;4;11:40;;;;;;;;;;;;;;;;;;;;;;;;;;;;;;;;;;;;;;;;;;;;;;;;;4;11:40;4;11:40;7;22:55;;;;;;;;;;;;;;;;;;;;;;;;;;;;;;;;;;;;;;;;;;;;;;;;;;;;;;;;;;;;;;;;;;;;;;;
S2025;3579;32.0;228.99;7.4;0;0;0;1;15:48;35.0;54.75;0.92;90.67;TES;29;BERÇO ARM 38;5;10:30;5;10:50;5;10:50;5;10:55;5;10:55;5;11:00;5;11:00;5;11:35;;;;;;;;;;;;;;;;;;;;;;;;;;;;;;;;;;;;;;;;;;;;;;;;;;;;;5;11:35;5;11:35;10;10:55;;;;;;;;;;;;;;;;;;;;;;;;;;;;;;;;;;;;;;;;;;;;;;;;;;;;;;;;;;;;;;;;;;;;;;;
S2025;3587;28.0;174.38;8.5;0;0;0;2;10:00;3.83;34.92;1.75;40.5;STOLTHAVEN;3;BERÇO AL 02;4;02:30;4;02:50;4;02:50;4;02:55;4;02:55;4;03:00;4;03:00;4;03:05;4;03:05;4;03:10;4;03:10;4;03:15;4;03:15;4;03:20;4;03:20;4;03:25;4;03:25;4;03:30;4;03:30;4;03:35;4;03:35;4;03:40;4;03:40;4;03:45;4;03:45;4;03:50;4;03:50;4;04:25;;;;;;;;;;;;;4;04:25;4;04:25;6;01:10;6;02:20;;;;;;;;;;;;;6;02:20;6;02:30;6;02:30;6;02:35;6;02:35;6;02:40;6;02:40;6;02:45;6;02:45;6;02:50;6;02:50;6;02:55;6;02:55;6;03:00;6;03:00;6;03:05;6;03:05;6;03:10;6;03:10;6;03:15;6;03:15;6;03:20;6;03:20;6;03:25;6;03:25;6;03:30;6;03:30;6;03:50;
S2025;3588;51.0;336.0;14.3;0;0;0;2;10:24;47.08;6.33;0.0;53.42;SANTOSBR;54;BERÇO TECON 2;4;15:50;4;16:10;4;16:10;4;16:15;4;16:15;4;16:20;4;16:20;4;16:25;4;16:25;4;16:30;4;16:30;4;16:45;;;;;;;;;;;;;;;;;;;;;;;;;;;;;;;;;;;;;;;;;;;;;4;16:45;4;16:45;5;18:00;6;12:55;;;;;;;;;;;;;;;;;;;;;;;;;;;;;;;;;;;;;;;;;;;;;6;12:55;6;13:25;6;13:25;6;13:30;6;13:30;6;13:35;6;13:35;6;13:40;6;13:40;6;13:45;6;13:45;6;14:05;
S2025;3589;40.0;182.9;9.2;0;0;0;2;10:24;5.75;64.33;5.25;75.33;TRANSPETRO;2;BERÇO AL 01;5;13:45;5;14:05;5;14:05;5;14:10;5;14:10;5;14:15;5;14:15;5;14:20;5;14:20;5;14:25;5;14:25;5;14:30;5;14:30;5;14:35;5;14:35;5;14:40;5;14:40;5;14:45;5;14:45;5;14:50;5;14:50;5;14:55;5;14:55;5;15:00;5;15:00;5;15:05;5;15:05;5;15:40;;;;;;;;;;;;;5;15:40;5;15:40;6;14:25;6;14:30;;;;;;;;;;;;;6;14:30;6;14:40;6;14:40;6;14:45;6;14:45;6;14:50;6;14:50;6;14:55;6;14:55;6;15:00;6;15:00;6;15:05;6;15:05;6;15:10;6;15:10;6;15:15;6;15:15;6;15:20;6;15:20;6;15:25;6;15:25;6;15:30;6;15:30;6;15:35;6;15:35;6;15:40;6;15:40;6;16:00;
S2025;3591;48.0;330.0;12.05;0;0;0;2;13:24;4.08;0.0;46.75;50.83;BTP;33;BERÇO BTP 2;4;16:15;4;16:35;4;16:35;4;16:40;4;16:40;4;16:45;4;16:45;4;16:50;4;16:50;4;16:55;4;16:55;4;17:00;4;17:00;4;17:05;4;17:05;4;17:10;4;17:10;4;17:15;4;17:15;4;17:20;4;17:20;4;17:25;4;17:25;4;17:30;4;17:30;4;18:05;;;;;;;;;;;;;;;;;4;18:05;4;18:05;6;01:15;6;03:00;;;;;;;;;;;;;;;;;6;03:00;6;03:10;6;03:10;6;03:15;6;03:15;6;03:20;6;03:20;6;03:25;6;03:25;6;03:30;6;03:30;6;03:35;6;03:35;6;03:40;6;03:40;6;03:45;6;03:45;6;03:50;6;03:50;6;03:55;6;03:55;6;04:00;6;04:00;6;04:05;6;04:05;6;04:25;
S2025;3595;32.0;199.98;7.12;0;0;0;2;17:12;2.5;0.0;36.33;38.83;FIBRIA;23;BERÇO ARM 32;4;08:05;4;08:25;4;08:25;4;08:30;4;08:30;4;08:35;4;08:35;4;08:40;4;08:40;4;08:45;4;08:45;4;09:20;;;;;;;;;;;;;;;;;;;;;;;;;;;;;;;;;;;;;;;;;;;;;4;09:20;4;09:20;7;05:50;;;;;;;;;;;;;;;;;;;;;;;;;;;;;;;;;;;;;;;;;;;;;;;;;;;;;;;;;;;;;;;;;;;;;;;
S2025;3597;32.0;199.9;8.75;0;0;0;2;20:24;0.0;0.0;0.67;0.67;OUTROS_SABOO;38;BERÇO CS 03;2;21:05;2;21:25;2;21:25;2;21:30;2;21:30;2;21:35;2;21:35;2;21:40;2;21:40;2;21:45;2;21:45;2;21:50;2;21:50;2;21:55;2;21:55;2;22:00;2;22:00;2;22:05;2;22:05;2;22:10;2;22:10;2;22:15;2;22:15;2;22:30;;;;;;;;;;;;;;;;;;;;;2;22:30;2;22:30;10;19:50;;;;;;;;;;;;;;;;;;;;;;;;;;;;;;;;;;;;;;;;;;;;;;;;;;;;;;;;;;;;;;;;;;;;;;;
S2025;3601;32.0;189.99;6.88;0;0;0;3;07:30;1.58;31.42;0.0;33.0;DPW - CGNC;44;BERÇO DPW 3;4;16:30;4;16:50;4;16:50;4;16:55;4;16:55;4;17:00;4;17:00;4;17:05;4;17:05;4;17:10;4;17:10;4;17:15;4;17:15;4;17:20;4;17:20;4;17:25;4;17:25;4;17:30;4;17:30;4;18:05;;;;;;;;;;;;;;;;;;;;;;;;;;;;;4;18:05;4;18:05;8;07:20;;;;;;;;;;;;;;;;;;;;;;;;;;;;;;;;;;;;;;;;;;;;;;;;;;;;;;;;;;;;;;;;;;;;;;;
S2025;3604;36.0;236.32;8.2;0;0;0;3;10:50;2.83;0.0;44.58;47.42;ECOPORTO;70;BERÇO VAL;5;10:15;5;10:35;5;10:35;5;10:40;5;10:40;5;10:45;5;10:45;5;10:50;5;10:50;5;10:55;5;10:55;5;11:00;5;11:00;5;11:05;5;11:05;5;11:10;5;11:10;5;11:15;5;11:15;5;11:20;5;11:20;5;11:25;5;11:25;5;11:40;;;;;;;;;;;;;;;;;;;;;5;11:40;5;11:40;6;14:10;;;;;;;;;;;;;;;;;;;;;;;;;;;;;;;;;;;;;;;;;;;;;;;;;;;;;;;;;;;;;;;;;;;;;;;
S2025;3605;45.0;299.9;14.2;0;0;0;3;10:55;1.33;32.25;0.0;33.58;DPW - CGC;42;BERÇO DPW 1;4;20:30;4;20:50;4;20:50;4;20:55;4;20:55;4;21:00;4;21:00;4;21:05;4;21:05;4;21:10;4;21:10;4;21:15;4;21:15;4;21:20;4;21:20;4;21:25;4;21:25;4;21:30;4;21:30;4;21:35;4;21:35;4;21:50;;;;;;;;;;;;;;;;;;;;;;;;;4;21:50;4;21:50;5;23:40;6;01:45;;;;;;;;;;;;;;;;;;;;;;;;;6;01:45;6;02:15;6;02:15;6;02:20;6;02:20;6;02:25;6;02:25;6;02:30;6;02:30;6;02:35;6;02:35;6;02:40;6;02:40;6;02:45;6;02:45;6;02:50;6;02:50;6;02:55;6;02:55;6;03:00;6;03:00;6;03:20;
S2025;3606;32.0;228.99;7.05;0;0;0;3;11:00;2.33;38.25;1.33;41.92;TGG;59;BERÇO TGG;5;04:55;5;05:15;5;05:15;5;05:20;5;05:20;5;05:25;5;05:25;5;05:30;5;05:30;5;06:05;;;;;;;;;;;;;;;;;;;;;;;;;;;;;;;;;;;;;;;;;;;;;;;;;5;06:05;5;06:05;6;15:25;6;15:35;;;;;;;;;;;;;;;;;;;;;;;;;;;;;;;;;;;;;;;;;;;;;;;;;6;15:35;6;15:45;6;15:45;6;15:50;6;15:50;6;15:55;6;15:55;6;16:00;6;16:00;6;16:20;
S2025;3609;32.0;201.8;9.2;0;0;0;3;13:00;1.25;0.0;17.0;18.25;BRACELL;27;BERÇO ARM 35P2;4;07:15;4;07:35;4;07:35;4;07:40;4;07:40;4;07:45;4;07:45;4;07:50;4;07:50;4;07:55;4;07:55;4;08:30;;;;;;;;;;;;;;;;;;;;;;;;;;;;;;;;;;;;;;;;;;;;;4;08:30;4;08:30;8;08:00;;;;;;;;;;;;;;;;;;;;;;;;;;;;;;;;;;;;;;;;;;;;;;;;;;;;;;;;;;;;;;;;;;;;;;;
S2025;3612;30.0;179.99;9.86;0;0;0;3;17:06;4.17;0.0;26.67;30.83;TIPLAM - GSM - I;63;BERÇO TIPLAM 4;5;00:00;5;00:20;5;00:20;5;00:25;5;00:25;5;00:30;5;00:30;5;00:35;5;00:35;5;00:40;5;00:40;5;00:45;5;00:45;5;00:50;5;00:50;5;00:55;5;00:55;5;01:00;5;01:00;5;01:05;5;01:05;5;01:10;5;01:10;5;01:15;5;01:15;5;01:20;5;01:20;5;01:25;5;01:25;5;01:30;5;01:30;5;01:50;5;01:50;5;02:05;5;02:05;5;02:05;9;15:20;;;;;;;;;;;;;;;;;;;;;;;;;;;;;;;;;;;;;;;;;;;;;;;;;;;;;;;;;;;;;;;;;;;;;;;
S2025;3613;43.0;299.9;11.5;0;0;0;3;19:00;3.0;4.67;21.58;29.25;BTP;32;BERÇO BTP 1;5;00:15;5;00:35;5;00:35;5;00:40;5;00:40;5;00:45;5;00:45;5;00:50;5;00:50;5;00:55;5;00:55;5;01:00;5;01:00;5;01:05;5;01:05;5;01:10;5;01:10;5;01:15;5;01:15;5;01:20;5;01:20;5;01:25;5;01:25;5;01:30;5;01:30;5;01:45;;;;;;;;;;;;;;;;;5;01:45;5;01:45;6;06:25;6;06:25;;;;;;;;;;;;;;;;;6;06:25;6;06:55;6;06:55;6;07:00;6;07:00;6;07:05;6;07:05;6;07:10;6;07:10;6;07:15;6;07:15;6;07:20;6;07:20;6;07:25;6;07:25;6;07:30;6;07:30;6;07:35;6;07:35;6;07:40;6;07:40;6;07:45;6;07:45;6;07:50;6;07:50;6;08:10;
S2025;3615;26.0;169.06;7.7;0;0;0;3;21:34;0.0;0.0;0.25;0.25;AGEO_TERMINAIS;1;BERÇO Ageo I;3;21:50;3;22:10;3;22:10;3;22:15;3;22:15;3;22:20;3;22:20;3;22:25;3;22:25;3;22:30;3;22:30;3;22:35;3;22:35;3;22:40;3;22:40;3;22:45;3;22:45;3;22:50;3;22:50;3;22:55;3;22:55;3;23:00;3;23:00;3;23:35;;;;;;;;;;;;;;;;;;;;;3;23:35;3;23:35;7;12:20;;;;;;;;;;;;;;;;;;;;;;;;;;;;;;;;;;;;;;;;;;;;;;;;;;;;;;;;;;;;;;;;;;;;;;;
S2025;3616;45.0;299.9;12.4;0;0;0;4;00:30;6.67;15.17;15.67;37.5;BTP;34;BERÇO BTP 3;5;14:00;5;14:20;5;14:20;5;14:25;5;14:25;5;14:30;5;14:30;5;14:35;5;14:35;5;14:40;5;14:40;5;14:45;5;14:45;5;14:50;5;14:50;5;14:55;5;14:55;5;15:00;5;15:00;5;15:05;5;15:05;5;15:10;5;15:10;5;15:15;5;15:15;5;15:50;;;;;;;;;;;;;;;;;5;15:50;5;15:50;6;09:15;6;10:20;;;;;;;;;;;;;;;;;6;10:20;6;10:30;6;10:30;6;10:35;6;10:35;6;10:40;6;10:40;6;10:45;6;10:45;6;10:50;6;10:50;6;10:55;6;10:55;6;11:00;6;11:00;6;11:05;6;11:05;6;11:10;6;11:10;6;11:15;6;11:15;6;11:20;6;11:20;6;11:25;6;11:25;6;11:45;
S2025;3619;32.0;179.99;9.1;0;0;0;4;04:42;5.42;0.0;4.67;10.08;USIMINAS;67;BERÇO USIMINAS 3;4;14:50;4;15:10;4;15:10;4;15:15;4;15:15;4;15:20;4;15:20;4;15:25;4;15:25;4;15:30;4;15:30;4;15:35;4;15:35;4;15:40;4;15:40;4;15:45;4;15:45;4;15:50;4;15:50;4;15:55;4;15:55;4;16:00;4;16:00;4;16:05;4;16:05;4;16:10;4;16:10;4;16:15;4;16:15;4;16:20;4;16:20;4;16:40;4;16:40;4;16:55;4;16:55;4;16:55;9;06:35;;;;;;;;;;;;;;;;;;;;;;;;;;;;;;;;;;;;;;;;;;;;;;;;;;;;;;;;;;;;;;;;;;;;;;;
S2025;3622;19.0;87.9;5.0;0;0;0;4;10:25;0.0;0.0;0.58;0.58;SAIPEM;48;BERÇO SAIPEM 1;4;11:00;4;11:20;4;11:20;4;11:55;;;;;;;;;;;;;;;;;;;;;;;;;;;;;;;;;;;;;;;;;;;;;;;;;;;;;;;;;;;;;4;11:55;4;11:55;7;10:45;;;;;;;;;;;;;;;;;;;;;;;;;;;;;;;;;;;;;;;;;;;;;;;;;;;;;;;;;;;;;;;;;;;;;;;
S2025;3623;32.0;189.99;10.55;0;0;0;4;10:30;0.0;0.0;10.25;10.25;OUTROS_MACUCO;18;BERÇO ARM 29;4;20:45;4;21:05;4;21:05;4;21:10;4;21:10;4;21:15;4;21:15;4;21:20;4;21:20;4;21:25;4;21:25;4;21:30;4;21:30;4;21:45;;;;;;;;;;;;;;;;;;;;;;;;;;;;;;;;;;;;;;;;;4;21:45;4;21:45;10;05:40;;;;;;;;;;;;;;;;;;;;;;;;;;;;;;;;;;;;;;;;;;;;;;;;;;;;;;;;;;;;;;;;;;;;;;;
S2025;3624;35.0;223.98;9.3;0;0;0;4;11:00;0.0;6.25;0.0;6.25;SANTOSBR;52;BERÇO TECON 1.1;4;17:15;4;17:35;4;17:35;4;17:40;4;17:40;4;17:45;4;17:45;4;17:50;4;17:50;4;17:55;4;17:55;4;18:10;;;;;;;;;;;;;;;;;;;;;;;;;;;;;;;;;;;;;;;;;;;;;4;18:10;4;18:10;6;02:35;6;06:40;;;;;;;;;;;;;;;;;;;;;;;;;;;;;;;;;;;;;;;;;;;;;6;06:40;6;07:10;6;07:10;6;07:15;6;07:15;6;07:20;6;07:20;6;07:25;6;07:25;6;07:30;6;07:30;6;07:50;
S2025;3625;18.0;85.34;4.6;0;0;0;4;11:15;0.0;0.0;6.25;6.25;SAIPEM;49;BERÇO SAIPEM 2;4;17:30;4;17:50;4;17:50;4;18:25;;;;;;;;;;;;;;;;;;;;;;;;;;;;;;;;;;;;;;;;;;;;;;;;;;;;;;;;;;;;;4;18:25;4;18:25;7;00:55;;;;;;;;;;;;;;;;;;;;;;;;;;;;;;;;;;;;;;;;;;;;;;;;;;;;;;;;;;;;;;;;;;;;;;;
S2025;3626;28.0;174.38;9.5;0;0;0;4;12:45;0.0;0.0;2.33;2.33;ADONAI;46;BERÇO IB BC;4;15:05;4;15:25;4;15:25;4;15:30;4;15:30;4;15:35;4;15:35;4;15:40;4;15:40;4;15:45;4;15:45;4;15:50;4;15:50;4;15:55;4;15:55;4;16:00;4;16:00;4;16:05;4;16:05;4;16:10;4;16:10;4;16:15;4;16:15;4;16:50;;;;;;;;;;;;;;;;;;;;;4;16:50;4;16:50;5;20:50;6;02:15;;;;;;;;;;;;;;;;;;;;;6;02:15;6;02:25;6;02:25;6;02:30;6;02:30;6;02:35;6;02:35;6;02:40;6;02:40;6;02:45;6;02:45;6;02:50;6;02:50;6;02:55;6;02:55;6;03:00;6;03:00;6;03:05;6;03:05;6;03:10;6;03:10;6;03:15;6;03:15;6;03:35;
S2025;3627;36.0;210.0;8.3;0;0;0;4;13:45;1.17;0.0;14.92;16.08;BRACELL;73;BERÇO ARM 35P1;5;05:50;5;06:10;5;06:10;5;06:15;5;06:15;5;06:20;5;06:20;5;06:25;5;06:25;5;07:00;;;;;;;;;;;;;;;;;;;;;;;;;;;;;;;;;;;;;;;;;;;;;;;;;5;07:00;5;07:00;8;23:05;;;;;;;;;;;;;;;;;;;;;;;;;;;;;;;;;;;;;;;;;;;;;;;;;;;;;;;;;;;;;;;;;;;;;;;
S2025;3634;32.0;194.87;8.75;0;0;0;4;18:26;5.92;22.25;0.0;28.17;SANTOSBR;55;BERÇO TECON 3;5;22:40;5;23:00;5;23:00;5;23:05;5;23:05;5;23:10;5;23:10;5;23:15;5;23:15;5;23:20;5;23:20;5;23:35;;;;;;;;;;;;;;;;;;;;;;;;;;;;;;;;;;;;;;;;;;;;;5;23:35;5;23:35;7;05:00;;;;;;;;;;;;;;;;;;;;;;;;;;;;;;;;;;;;;;;;;;;;;;;;;;;;;;;;;;;;;;;;;;;;;;;
S2025;3635;32.0;189.99;6.19;0;0;0;4;18:35;0.0;0.0;2.67;2.67;CUTRALE - GSA - E;40;BERÇO CUTRALE;4;21:15;4;21:35;4;21:35;4;21:40;4;21:40;4;21:45;4;21:45;4;22:20;;;;;;;;;;;;;;;;;;;;;;;;;;;;;;;;;;;;;;;;;;;;;;;;;;;;;4;22:20;4;22:20;7;05:20;;;;;;;;;;;;;;;;;;;;;;;;;;;;;;;;;;;;;;;;;;;;;;;;;;;;;;;;;;;;;;;;;;;;;;;
S2025;3637;40.0;299.95;10.7;0;0;0;4;23:54;0.08;0.08;5.5;5.67;DPW - CGC;43;BERÇO DPW 2;5;05:35;5;05:55;5;05:55;5;06:00;5;06:00;5;06:05;5;06:05;5;06:10;5;06:10;5;06:15;5;06:15;5;06:20;5;06:20;5;06:25;5;06:25;5;06:30;5;06:30;5;06:35;5;06:35;5;06:40;5;06:40;5;07:15;;;;;;;;;;;;;;;;;;;;;;;;;5;07:15;5;07:15;6;02:35;6;02:55;;;;;;;;;;;;;;;;;;;;;;;;;6;02:55;6;03:05;6;03:05;6;03:10;6;03:10;6;03:15;6;03:15;6;03:20;6;03:20;6;03:25;6;03:25;6;03:30;6;03:30;6;03:35;6;03:35;6;03:40;6;03:40;6;03:45;6;03:45;6;03:50;6;03:50;6;04:10;
S2025;3638;32.0;258.89;10.3;0;0;0;5;04:18;0.0;10.83;0.0;10.83;SANTOSBR;53;BERÇO TECON 1.2;5;15:10;5;15:30;5;15:30;5;15:35;5;15:35;5;15:40;5;15:40;5;15:45;5;15:45;5;15:50;5;15:50;5;16:05;;;;;;;;;;;;;;;;;;;;;;;;;;;;;;;;;;;;;;;;;;;;;5;16:05;5;16:05;6;08:30;6;10:05;;;;;;;;;;;;;;;;;;;;;;;;;;;;;;;;;;;;;;;;;;;;;6;10:05;6;10:35;6;10:35;6;10:40;6;10:40;6;10:45;6;10:45;6;10:50;6;10:50;6;10:55;6;10:55;6;11:15;
S2025;3641;24.0;145.05;11.7;0;0;0;5;09:30;4.67;7.67;0.0;12.33;STOLTHAVEN;4;BERÇO AL 03;5;21:50;5;22:10;5;22:10;5;22:15;5;22:15;5;22:20;5;22:20;5;22:25;5;22:25;5;22:30;5;22:30;5;22:35;5;22:35;5;22:40;5;22:40;5;22:45;5;22:45;5;22:50;5;22:50;5;22:55;5;22:55;5;23:00;5;23:00;5;23:05;5;23:05;5;23:10;5;23:10;5;23:45;;;;;;;;;;;;;5;23:45;5;23:45;10;05:15;;;;;;;;;;;;;;;;;;;;;;;;;;;;;;;;;;;;;;;;;;;;;;;;;;;;;;;;;;;;;;;;;;;;;;;
S2025;3642;19.0;119.95;7.2;0;0;0;5;09:50;1.25;0.0;6.83;8.08;OUTROS_ALAMOA;5;BERÇO AL 04;5;17:55;5;18:15;5;18:15;5;18:20;5;18:20;5;18:25;5;18:25;5;18:30;5;18:30;5;18:35;5;18:35;5;18:40;5;18:40;5;18:45;5;18:45;5;18:50;5;18:50;5;18:55;5;18:55;5;19:00;5;19:00;5;19:05;5;19:05;5;19:10;5;19:10;5;19:15;5;19:15;5;19:50;;;;;;;;;;;;;5;19:50;5;19:50;7;03:00;;;;;;;;;;;;;;;;;;;;;;;;;;;;;;;;;;;;;;;;;;;;;;;;;;;;;;;;;;;;;;;;;;;;;;;
S2025;3643;17.0;75.2;4.1;0;0;0;5;10:20;0.0;0.0;0.42;0.42;SAIPEM;50;BERÇO SAIPEM 3;5;10:45;5;11:05;5;11:05;5;11:40;;;;;;;;;;;;;;;;;;;;;;;;;;;;;;;;;;;;;;;;;;;;;;;;;;;;;;;;;;;;;5;11:40;5;11:40;5;23:45;6;01:45;;;;;;;;;;;;;;;;;;;;;;;;;;;;;;;;;;;;;;;;;;;;;;;;;;;;;;;;;;;;;6;01:45;6;01:55;6;01:55;6;02:15;
S2025;3646;23.0;164.34;9.0;0;0;0;5;13:00;0.0;0.0;1.75;1.75;DOW;41;BERÇO DOW;5;14:45;5;15:05;5;15:05;5;15:10;5;15:10;5;15:15;5;15:15;5;15:30;;;;;;;;;;;;;;;;;;;;;;;;;;;;;;;;;;;;;;;;;;;;;;;;;;;;;5;15:30;5;15:30;7;11:25;;;;;;;;;;;;;;;;;;;;;;;;;;;;;;;;;;;;;;;;;;;;;;;;;;;;;;;;;;;;;;;;;;;;;;;
S2025;3648;32.0;228.99;13.48;0;0;0;5;15:06;1.25;0.0;1.25;2.5;TIPLAM - GSM - I;60;BERÇO TIPLAM 1;5;17:40;5;18:00;5;18:00;5;18:05;5;18:05;5;18:10;5;18:10;5;18:15;5;18:15;5;18:20;5;18:20;5;18:25;5;18:25;5;18:30;5;18:30;5;18:35;5;18:35;5;18:40;5;18:40;5;18:45;5;18:45;5;18:50;5;18:50;5;18:55;5;18:55;5;19:00;5;19:00;5;19:05;5;19:05;5;19:10;5;19:10;5;19:30;5;19:30;5;20:15;5;20:15;5;20:15;12;02:20;;;;;;;;;;;;;;;;;;;;;;;;;;;;;;;;;;;;;;;;;;;;;;;;;;;;;;;;;;;;;;;;;;;;;;;
S2025;3228;32.0;199.98;6.5;0;0;0;-20;22:30;0.0;0.0;0.0;0.0;ELEVACOES;12;BERÇO ARM 16/17;;;;;;;;;;;;;;;;;;;;;;;;;;;;;;;;;;;;;;;;;;;;;;;;;;;;;;;;;;;;;;;;;;;;;;;;;;;;;;;;;;;;;;;;;;;;;;;;;;;;;;;;;;;;;;;;;;;;;;;;;;;;;;;;;;;;;;;;;;;;;;;;;
S2025;3328;30.0;180.0;6.46;0;0;0;-14;16:45;0.0;0.0;0.0;0.0;NST - CGNC;21;BERÇO ARM 31;;;;;;;;;;;;;;;;;;;;;;;;;;;;;;;;;;;;;;;;;;;;;;;;;;;;;;;;;;;;;;;;;;;;;;;;;;;6;01:45;;;;;;;;;;;;;;;;;;;;;;;;;;;;;;;;;;;;;;;;;;;;;6;01:45;6;01:55;6;01:55;6;02:00;6;02:00;6;02:05;6;02:05;6;02:10;6;02:10;6;02:15;6;02:15;6;02:35;
S2025;3288;32.0;224.94;6.9;0;0;0;-16;10:00;410.33;91.92;32.58;534.83;XXXIX;28;BERÇO ARM 37;6;16:50;6;17:10;6;17:10;6;17:15;6;17:15;6;17:20;6;17:20;6;17:55;;;;;;;;;;;;;;;;;;;;;;;;;;;;;;;;;;;;;;;;;;;;;;;;;;;;;6;17:55;6;17:55;8;12:25;;;;;;;;;;;;;;;;;;;;;;;;;;;;;;;;;;;;;;;;;;;;;;;;;;;;;;;;;;;;;;;;;;;;;;;
S2025;3578;36.0;210.0;8.2;0;0;0;1;14:05;13.0;0.0;98.25;111.25;ELDORADO;21;BERÇO ARM 31;6;05:20;6;05:40;6;05:40;6;05:45;6;05:45;6;05:50;6;05:50;6;05:55;6;05:55;6;06:00;6;06:00;6;06:35;;;;;;;;;;;;;;;;;;;;;;;;;;;;;;;;;;;;;;;;;;;;;6;06:35;6;06:35;8;09:45;;;;;;;;;;;;;;;;;;;;;;;;;;;;;;;;;;;;;;;;;;;;;;;;;;;;;;;;;;;;;;;;;;;;;;;
S2025;3610;32.0;229.0;7.9;0;0;0;3;13:20;10.33;62.33;2.5;75.17;TGG;59;BERÇO TGG;6;16:30;6;16:50;6;16:50;6;16:55;6;16:55;6;17:00;6;17:00;6;17:05;6;17:05;6;17:40;;;;;;;;;;;;;;;;;;;;;;;;;;;;;;;;;;;;;;;;;;;;;;;;;6;17:40;6;17:40;8;05:15;;;;;;;;;;;;;;;;;;;;;;;;;;;;;;;;;;;;;;;;;;;;;;;;;;;;;;;;;;;;;;;;;;;;;;;
S2025;3611;9.0;210.54;9.1;0;0;0;3;16:30;11.92;22.67;26.0;60.58;BTP;32;BERÇO BTP 1;6;05:05;6;05:25;6;05:25;6;05:30;6;05:30;6;05:35;6;05:35;6;05:40;6;05:40;6;05:45;6;05:45;6;05:50;6;05:50;6;05:55;6;05:55;6;06:00;6;06:00;6;06:05;6;06:05;6;06:10;6;06:10;6;06:15;6;06:15;6;06:20;6;06:20;6;06:55;;;;;;;;;;;;;;;;;6;06:55;6;06:55;6;15:40;6;18:20;;;;;;;;;;;;;;;;;6;18:20;6;18:30;6;18:30;6;18:35;6;18:35;6;18:40;6;18:40;6;18:45;6;18:45;6;18:50;6;18:50;6;18:55;6;18:55;6;19:00;6;19:00;6;19:05;6;19:05;6;19:10;6;19:10;6;19:15;6;19:15;6;19:20;6;19:20;6;19:25;6;19:25;6;19:45;
S2025;3614;48.0;333.2;11.3;0;0;0;3;21:00;21.83;13.58;20.08;55.5;BTP;33;BERÇO BTP 2;6;04:30;6;04:50;6;04:50;6;04:55;6;04:55;6;05:00;6;05:00;6;05:05;6;05:05;6;05:10;6;05:10;6;05:15;6;05:15;6;05:20;6;05:20;6;05:25;6;05:25;6;05:30;6;05:30;6;05:35;6;05:35;6;05:40;6;05:40;6;05:45;6;05:45;6;06:00;;;;;;;;;;;;;;;;;6;06:00;6;06:00;7;08:25;;;;;;;;;;;;;;;;;;;;;;;;;;;;;;;;;;;;;;;;;;;;;;;;;;;;;;;;;;;;;;;;;;;;;;;
S2025;3618;46.0;260.0;10.8;0;0;0;4;03:02;20.25;15.08;18.17;53.5;BTP;34;BERÇO BTP 3;6;08:35;6;08:55;6;08:55;6;09:00;6;09:00;6;09:05;6;09:05;6;09:10;6;09:10;6;09:15;6;09:15;6;09:20;6;09:20;6;09:25;6;09:25;6;09:30;6;09:30;6;09:35;6;09:35;6;09:40;6;09:40;6;09:45;6;09:45;6;09:50;6;09:50;6;10:25;;;;;;;;;;;;;;;;;6;10:25;6;10:25;7;15:25;;;;;;;;;;;;;;;;;;;;;;;;;;;;;;;;;;;;;;;;;;;;;;;;;;;;;;;;;;;;;;;;;;;;;;;
S2025;3630;31.0;212.54;11.5;0;0;0;4;16:48;8.75;28.42;0.0;37.17;SANTOSBR;52;BERÇO TECON 1.1;6;06:00;6;06:20;6;06:20;6;06:25;6;06:25;6;06:30;6;06:30;6;06:35;6;06:35;6;06:40;6;06:40;6;06:55;;;;;;;;;;;;;;;;;;;;;;;;;;;;;;;;;;;;;;;;;;;;;6;06:55;6;06:55;6;18:10;6;18:20;;;;;;;;;;;;;;;;;;;;;;;;;;;;;;;;;;;;;;;;;;;;;6;18:20;6;18:50;6;18:50;6;18:55;6;18:55;6;19:00;6;19:00;6;19:05;6;19:05;6;19:10;6;19:10;6;19:30;
S2025;3650;46.0;339.62;14.2;0;0;0;5;21:24;15.25;0.0;0.0;15.25;SANTOSBR;54;BERÇO TECON 2;6;12:40;6;13:00;6;13:00;6;13:05;6;13:05;6;13:10;6;13:10;6;13:15;6;13:15;6;13:20;6;13:20;6;13:35;;;;;;;;;;;;;;;;;;;;;;;;;;;;;;;;;;;;;;;;;;;;;6;13:35;6;13:35;7;07:30;;;;;;;;;;;;;;;;;;;;;;;;;;;;;;;;;;;;;;;;;;;;;;;;;;;;;;;;;;;;;;;;;;;;;;;
S2025;3652;9.0;210.54;10.45;0;0;0;6;03:00;0.0;6.25;0.17;6.42;SANTOSBR;53;BERÇO TECON 1.2;6;09:25;6;09:45;6;09:45;6;09:50;6;09:50;6;09:55;6;09:55;6;10:00;6;10:00;6;10:05;6;10:05;6;10:20;;;;;;;;;;;;;;;;;;;;;;;;;;;;;;;;;;;;;;;;;;;;;6;10:20;6;10:20;7;09:55;;;;;;;;;;;;;;;;;;;;;;;;;;;;;;;;;;;;;;;;;;;;;;;;;;;;;;;;;;;;;;;;;;;;;;;
S2025;3653;32.0;228.62;10.2;0;0;0;6;04:55;0.0;12.5;0.33;12.83;SANTOSBR;52;BERÇO TECON 1.1;6;17:45;6;18:05;6;18:05;6;18:10;6;18:10;6;18:15;6;18:15;6;18:20;6;18:20;6;18:25;6;18:25;6;18:40;;;;;;;;;;;;;;;;;;;;;;;;;;;;;;;;;;;;;;;;;;;;;6;18:40;6;18:40;8;06:25;;;;;;;;;;;;;;;;;;;;;;;;;;;;;;;;;;;;;;;;;;;;;;;;;;;;;;;;;;;;;;;;;;;;;;;
S2025;3633;32.0;183.09;8.5;0;0;0;4;17:30;10.25;22.67;2.42;35.33;TRANSPETRO;3;BERÇO AL 02;6;04:50;6;05:10;6;05:10;6;05:15;6;05:15;6;05:20;6;05:20;6;05:25;6;05:25;6;05:30;6;05:30;6;05:35;6;05:35;6;05:40;6;05:40;6;05:45;6;05:45;6;05:50;6;05:50;6;05:55;6;05:55;6;06:00;6;06:00;6;06:05;6;06:05;6;06:10;6;06:10;6;06:45;;;;;;;;;;;;;6;06:45;6;06:45;7;05:40;;;;;;;;;;;;;;;;;;;;;;;;;;;;;;;;;;;;;;;;;;;;;;;;;;;;;;;;;;;;;;;;;;;;;;;
S2025;3639;37.0;256.07;10.1;0;0;0;5;07:00;8.08;10.5;7.58;26.17;DPW - CGC;42;BERÇO DPW 1;6;09:10;6;09:30;6;09:30;6;09:35;6;09:35;6;09:40;6;09:40;6;09:45;6;09:45;6;09:50;6;09:50;6;09:55;6;09:55;6;10:00;6;10:00;6;10:05;6;10:05;6;10:10;6;10:10;6;10:15;6;10:15;6;10:30;;;;;;;;;;;;;;;;;;;;;;;;;6;10:30;6;10:30;7;17:45;;;;;;;;;;;;;;;;;;;;;;;;;;;;;;;;;;;;;;;;;;;;;;;;;;;;;;;;;;;;;;;;;;;;;;;
S2025;3656;32.0;189.99;11.0;0;0;0;6;08:00;0.0;0.0;0.83;0.83;OUTROS_MACUCO;24;BERÇO ARM 33;6;08:50;6;09:10;6;09:10;6;09:15;6;09:15;6;09:20;6;09:20;6;09:25;6;09:25;6;09:30;6;09:30;6;09:45;;;;;;;;;;;;;;;;;;;;;;;;;;;;;;;;;;;;;;;;;;;;;6;09:45;6;09:45;10;13:20;;;;;;;;;;;;;;;;;;;;;;;;;;;;;;;;;;;;;;;;;;;;;;;;;;;;;;;;;;;;;;;;;;;;;;;
S2025;3657;27.0;188.32;7.6;0;0;0;6;08:00;0.0;0.0;0.25;0.25;ECOPORTO;35;BERÇO CORTE;6;08:15;6;08:35;6;08:35;6;08:40;6;08:40;6;08:45;6;08:45;6;08:50;6;08:50;6;08:55;6;08:55;6;09:00;6;09:00;6;09:05;6;09:05;6;09:10;6;09:10;6;09:15;6;09:15;6;09:20;6;09:20;6;09:25;6;09:25;6;09:40;;;;;;;;;;;;;;;;;;;;;6;09:40;6;09:40;15;06:40;;;;;;;;;;;;;;;;;;;;;;;;;;;;;;;;;;;;;;;;;;;;;;;;;;;;;;;;;;;;;;;;;;;;;;;
S2025;3662;32.0;225.0;11.2;0;0;0;6;13:42;0.0;0.0;0.42;0.42;DPW - CGNC;45;BERÇO DPW 4;6;14:10;6;14:30;6;14:30;6;14:35;6;14:35;6;14:40;6;14:40;6;14:45;6;14:45;6;14:50;6;14:50;6;14:55;6;14:55;6;15:00;6;15:00;6;15:05;6;15:05;6;15:10;6;15:10;6;15:45;;;;;;;;;;;;;;;;;;;;;;;;;;;;;6;15:45;6;15:45;9;06:45;;;;;;;;;;;;;;;;;;;;;;;;;;;;;;;;;;;;;;;;;;;;;;;;;;;;;;;;;;;;;;;;;;;;;;;
S2025;3663;32.0;232.39;8.2;0;0;1;6;14:00;0.0;0.0;3.5;3.5;TEV;58;BERÇO TEV;6;17:30;6;17:50;6;17:50;6;17:55;6;17:55;6;18:00;6;18:00;6;18:05;6;18:05;6;18:10;6;18:10;6;18:15;6;18:15;6;18:50;;;;;;;;;;;;;;;;;;;;;;;;;;;;;;;;;;;;;;;;;6;18:50;6;18:50;7;09:15;;;;;;;;;;;;;;;;;;;;;;;;;;;;;;;;;;;;;;;;;;;;;;;;;;;;;;;;;;;;;;;;;;;;;;;
S2025;3672;17.0;82.3;4.5;0;0;0;6;20:00;0.0;0.0;0.0;0.0;SAIPEM;50;BERÇO SAIPEM 3;6;20:00;6;20:20;6;20:20;6;20:55;;;;;;;;;;;;;;;;;;;;;;;;;;;;;;;;;;;;;;;;;;;;;;;;;;;;;;;;;;;;;6;20:55;6;20:55;8;21:30;;;;;;;;;;;;;;;;;;;;;;;;;;;;;;;;;;;;;;;;;;;;;;;;;;;;;;;;;;;;;;;;;;;;;;;
S2025;3246;32.0;189.9;6.3;0;0;0;-19;16:00;467.0;0.0;48.5;515.5;COFCO;9;BERÇO ARM 12A;3;03:30;3;03:50;3;03:50;3;03:55;3;03:55;3;04:00;3;04:00;3;04:05;3;04:05;3;04:10;3;04:10;3;04:15;3;04:15;3;04:20;3;04:20;3;04:25;3;04:25;3;05:00;;;;;;;;;;;;;;;;;;;;;;;;;;;;;;;;;3;05:00;3;05:00;9;05:40;;;;;;;;;;;;;;;;;;;;;;;;;;;;;;;;;;;;;;;;;;;;;;;;;;;;;;;;;;;;;;;;;;;;;;;
S2025;3269;32.0;228.99;8.18;0;0;0;-17;09:00;452.42;0.0;58.17;510.58;ELEVACOES;13;BERÇO ARM 19;4;15:35;4;15:55;4;15:55;4;16:00;4;16:00;4;16:05;4;16:05;4;16:10;4;16:10;4;16:15;4;16:15;4;16:20;4;16:20;4;16:25;4;16:25;4;17:00;;;;;;;;;;;;;;;;;;;;;;;;;;;;;;;;;;;;;4;17:00;4;17:00;6;20:25;7;00:00;;;;;;;;;;;;;;;;;;;;;;;;;;;;;;;;;;;;;7;00:00;7;00:10;7;00:10;7;00:15;7;00:15;7;00:20;7;00:20;7;00:25;7;00:25;7;00:30;7;00:30;7;00:35;7;00:35;7;00:40;7;00:40;7;01:00;
S2025;3288;32.0;224.94;6.9;0;0;0;-16;10:00;410.33;91.92;32.58;534.83;XXXIX;28;BERÇO ARM 37;6;16:50;6;17:10;6;17:10;6;17:15;6;17:15;6;17:20;6;17:20;6;17:55;;;;;;;;;;;;;;;;;;;;;;;;;;;;;;;;;;;;;;;;;;;;;;;;;;;;;6;17:55;6;17:55;8;12:25;;;;;;;;;;;;;;;;;;;;;;;;;;;;;;;;;;;;;;;;;;;;;;;;;;;;;;;;;;;;;;;;;;;;;;;
S2025;3303;33.0;225.0;7.3;0;0;0;-15;08:00;392.75;0.0;70.58;463.33;COFCO;10;BERÇO ARM 13/14;4;15:20;4;15:40;4;15:40;4;15:45;4;15:45;4;15:50;4;15:50;4;15:55;4;15:55;4;16:00;4;16:00;4;16:05;4;16:05;4;16:10;4;16:10;4;16:15;4;16:15;4;16:50;;;;;;;;;;;;;;;;;;;;;;;;;;;;;;;;;4;16:50;4;16:50;7;10:50;7;14:30;;;;;;;;;;;;;;;;;;;;;;;;;;;;;;;;;7;14:30;7;14:40;7;14:40;7;14:45;7;14:45;7;14:50;7;14:50;7;14:55;7;14:55;7;15:00;7;15:00;7;15:05;7;15:05;7;15:10;7;15:10;7;15:15;7;15:15;7;15:35;
S2025;3345;32.0;228.9;7.5;0;0;0;-13;17:18;351.83;0.0;49.58;401.42;ADM;30;BERÇO ARM 39;4;10:45;4;11:05;4;11:05;4;11:10;4;11:10;4;11:15;4;11:15;4;11:50;;;;;;;;;;;;;;;;;;;;;;;;;;;;;;;;;;;;;;;;;;;;;;;;;;;;;4;11:50;4;11:50;7;11:20;7;14:05;;;;;;;;;;;;;;;;;;;;;;;;;;;;;;;;;;;;;;;;;;;;;;;;;;;;;7;14:05;7;14:15;7;14:15;7;14:20;7;14:20;7;14:25;7;14:25;7;14:45;
S2025;3466;32.0;228.99;7.2;0;0;0;-6;03:30;165.0;0.0;1.92;166.92;TGRAO;71;BERÇO OUT 2;1;02:25;1;02:45;1;02:45;1;02:50;1;02:50;1;02:55;1;02:55;1;03:00;1;03:00;1;03:05;1;03:05;1;03:10;1;03:10;1;03:45;;;;;;;;;;;;;;;;;;;;;;;;;;;;;;;;;;;;;;;;;1;03:45;1;03:45;7;01:35;7;01:35;;;;;;;;;;;;;;;;;;;;;;;;;;;;;;;;;;;;;;;;;7;01:35;7;01:45;7;01:45;7;01:50;7;01:50;7;01:55;7;01:55;7;02:00;7;02:00;7;02:05;7;02:05;7;02:10;7;02:10;7;02:30;
S2025;3491;32.0;199.99;6.9;0;0;0;-5;15:00;133.67;0.0;105.83;239.5;TEAG;51;BERÇO TEAG;5;14:30;5;14:50;5;14:50;5;14:55;5;14:55;5;15:00;5;15:00;5;15:05;5;15:05;5;15:40;;;;;;;;;;;;;;;;;;;;;;;;;;;;;;;;;;;;;;;;;;;;;;;;;5;15:40;5;15:40;7;20:35;7;21:10;;;;;;;;;;;;;;;;;;;;;;;;;;;;;;;;;;;;;;;;;;;;;;;;;7;21:10;7;21:20;7;21:20;7;21:25;7;21:25;7;21:30;7;21:30;7;21:35;7;21:35;7;21:55;
S2025;3528;29.0;189.98;8.4;0;0;0;-2;14:40;57.33;0.0;0.25;57.58;OUTROS_SABOO;37;BERÇO CS 02;1;00:15;1;00:35;1;00:35;1;00:40;1;00:40;1;00:45;1;00:45;1;00:50;1;00:50;1;00:55;1;00:55;1;01:00;1;01:00;1;01:05;1;01:05;1;01:10;1;01:10;1;01:15;1;01:15;1;01:20;1;01:20;1;01:25;1;01:25;1;01:40;;;;;;;;;;;;;;;;;;;;;1;01:40;1;01:40;7;11:00;7;15:05;;;;;;;;;;;;;;;;;;;;;7;15:05;7;15:35;7;15:35;7;15:40;7;15:40;7;15:45;7;15:45;7;15:50;7;15:50;7;15:55;7;15:55;7;16:00;7;16:00;7;16:05;7;16:05;7;16:10;7;16:10;7;16:15;7;16:15;7;16:20;7;16:20;7;16:25;7;16:25;7;16:45;
S2025;3534;32.0;229.0;7.61;0;0;0;-2;23:30;78.25;44.92;14.08;137.25;COPESUCAR;14;BERÇO ARM 20/21;4;16:45;4;17:05;4;17:05;4;17:10;4;17:10;4;17:15;4;17:15;4;17:20;4;17:20;4;17:25;4;17:25;4;17:30;4;17:30;4;17:35;4;17:35;4;18:10;;;;;;;;;;;;;;;;;;;;;;;;;;;;;;;;;;;;;4;18:10;4;18:10;6;22:40;7;00:15;;;;;;;;;;;;;;;;;;;;;;;;;;;;;;;;;;;;;7;00:15;7;00:25;7;00:25;7;00:30;7;00:30;7;00:35;7;00:35;7;00:40;7;00:40;7;00:45;7;00:45;7;00:50;7;00:50;7;00:55;7;00:55;7;01:15;
S2025;3537;33.0;229.0;13.02;0;0;0;-1;06:00;43.67;0.0;60.17;103.83;TERMAG;57;BERÇO TERMAG;3;13:50;3;14:10;3;14:10;3;14:15;3;14:15;3;14:20;3;14:20;3;14:25;3;14:25;3;14:40;;;;;;;;;;;;;;;;;;;;;;;;;;;;;;;;;;;;;;;;;;;;;;;;;3;14:40;3;14:40;11;00:05;;;;;;;;;;;;;;;;;;;;;;;;;;;;;;;;;;;;;;;;;;;;;;;;;;;;;;;;;;;;;;;;;;;;;;;
S2025;3543;32.0;228.99;7.16;0;0;0;-1;16:45;39.0;46.25;38.0;123.25;TIPLAM - GSA - E;62;BERÇO TIPLAM 3;4;20:00;4;20:20;4;20:20;4;20:25;4;20:25;4;20:30;4;20:30;4;20:35;4;20:35;4;20:40;4;20:40;4;20:45;4;20:45;4;20:50;4;20:50;4;20:55;4;20:55;4;21:00;4;21:00;4;21:05;4;21:05;4;21:10;4;21:10;4;21:15;4;21:15;4;21:20;4;21:20;4;21:25;4;21:25;4;21:30;4;21:30;4;21:50;4;21:50;4;22:35;4;22:35;4;22:35;7;15:00;7;15:15;7;15:15;7;15:25;7;15:25;7;15:45;7;15:45;7;15:50;7;15:50;7;15:55;7;15:55;7;16:00;7;16:00;7;16:05;7;16:05;7;16:10;7;16:10;7;16:15;7;16:15;7;16:20;7;16:20;7;16:25;7;16:25;7;16:30;7;16:30;7;16:35;7;16:35;7;16:40;7;16:40;7;16:45;7;16:45;7;16:50;7;16:50;7;16:55;7;16:55;7;17:15;
S2025;3565;32.0;228.91;7.0;0;0;0;1;01:35;36.33;0.0;72.33;108.67;TGRAO;72;BERÇO OUT 3;5;14:15;5;14:35;5;14:35;5;14:40;5;14:40;5;14:45;5;14:45;5;14:50;5;14:50;5;14:55;5;14:55;5;15:00;5;15:00;5;15:35;;;;;;;;;;;;;;;;;;;;;;;;;;;;;;;;;;;;;;;;;5;15:35;5;15:35;9;22:55;;;;;;;;;;;;;;;;;;;;;;;;;;;;;;;;;;;;;;;;;;;;;;;;;;;;;;;;;;;;;;;;;;;;;;;
S2025;3566;32.0;229.0;7.3;0;0;0;1;04:00;10.33;49.17;37.0;96.5;TIPLAM - GSA - E;61;BERÇO TIPLAM 2;5;04:30;5;04:50;5;04:50;5;04:55;5;04:55;5;05:00;5;05:00;5;05:05;5;05:05;5;05:10;5;05:10;5;05:15;5;05:15;5;05:20;5;05:20;5;05:25;5;05:25;5;05:30;5;05:30;5;05:35;5;05:35;5;05:40;5;05:40;5;05:45;5;05:45;5;05:50;5;05:50;5;05:55;5;05:55;5;06:00;5;06:00;5;06:20;5;06:20;5;07:05;5;07:05;5;07:05;10;00:25;;;;;;;;;;;;;;;;;;;;;;;;;;;;;;;;;;;;;;;;;;;;;;;;;;;;;;;;;;;;;;;;;;;;;;;
S2025;3576;32.0;225.0;7.26;0;0;0;1;12:30;23.83;44.5;1.67;70.0;TEG;56;BERÇO TEG;4;10:30;4;10:50;4;10:50;4;10:55;4;10:55;4;11:00;4;11:00;4;11:05;4;11:05;4;11:40;;;;;;;;;;;;;;;;;;;;;;;;;;;;;;;;;;;;;;;;;;;;;;;;;4;11:40;4;11:40;7;22:55;;;;;;;;;;;;;;;;;;;;;;;;;;;;;;;;;;;;;;;;;;;;;;;;;;;;;;;;;;;;;;;;;;;;;;;
S2025;3578;36.0;210.0;8.2;0;0;0;1;14:05;13.0;0.0;98.25;111.25;ELDORADO;21;BERÇO ARM 31;6;05:20;6;05:40;6;05:40;6;05:45;6;05:45;6;05:50;6;05:50;6;05:55;6;05:55;6;06:00;6;06:00;6;06:35;;;;;;;;;;;;;;;;;;;;;;;;;;;;;;;;;;;;;;;;;;;;;6;06:35;6;06:35;8;09:45;;;;;;;;;;;;;;;;;;;;;;;;;;;;;;;;;;;;;;;;;;;;;;;;;;;;;;;;;;;;;;;;;;;;;;;
S2025;3579;32.0;228.99;7.4;0;0;0;1;15:48;35.0;54.75;0.92;90.67;TES;29;BERÇO ARM 38;5;10:30;5;10:50;5;10:50;5;10:55;5;10:55;5;11:00;5;11:00;5;11:35;;;;;;;;;;;;;;;;;;;;;;;;;;;;;;;;;;;;;;;;;;;;;;;;;;;;;5;11:35;5;11:35;10;10:55;;;;;;;;;;;;;;;;;;;;;;;;;;;;;;;;;;;;;;;;;;;;;;;;;;;;;;;;;;;;;;;;;;;;;;;
S2025;3595;32.0;199.98;7.12;0;0;0;2;17:12;2.5;0.0;36.33;38.83;FIBRIA;23;BERÇO ARM 32;4;08:05;4;08:25;4;08:25;4;08:30;4;08:30;4;08:35;4;08:35;4;08:40;4;08:40;4;08:45;4;08:45;4;09:20;;;;;;;;;;;;;;;;;;;;;;;;;;;;;;;;;;;;;;;;;;;;;4;09:20;4;09:20;7;05:50;7;06:30;;;;;;;;;;;;;;;;;;;;;;;;;;;;;;;;;;;;;;;;;;;;;7;06:30;7;06:40;7;06:40;7;06:45;7;06:45;7;06:50;7;06:50;7;06:55;7;06:55;7;07:00;7;07:00;7;07:20;
S2025;3597;32.0;199.9;8.75;0;0;0;2;20:24;0.0;0.0;0.67;0.67;OUTROS_SABOO;38;BERÇO CS 03;2;21:05;2;21:25;2;21:25;2;21:30;2;21:30;2;21:35;2;21:35;2;21:40;2;21:40;2;21:45;2;21:45;2;21:50;2;21:50;2;21:55;2;21:55;2;22:00;2;22:00;2;22:05;2;22:05;2;22:10;2;22:10;2;22:15;2;22:15;2;22:30;;;;;;;;;;;;;;;;;;;;;2;22:30;2;22:30;10;19:50;;;;;;;;;;;;;;;;;;;;;;;;;;;;;;;;;;;;;;;;;;;;;;;;;;;;;;;;;;;;;;;;;;;;;;;
S2025;3601;32.0;189.99;6.88;0;0;0;3;07:30;1.58;31.42;0.0;33.0;DPW - CGNC;44;BERÇO DPW 3;4;16:30;4;16:50;4;16:50;4;16:55;4;16:55;4;17:00;4;17:00;4;17:05;4;17:05;4;17:10;4;17:10;4;17:15;4;17:15;4;17:20;4;17:20;4;17:25;4;17:25;4;17:30;4;17:30;4;18:05;;;;;;;;;;;;;;;;;;;;;;;;;;;;;4;18:05;4;18:05;8;07:20;;;;;;;;;;;;;;;;;;;;;;;;;;;;;;;;;;;;;;;;;;;;;;;;;;;;;;;;;;;;;;;;;;;;;;;
S2025;3604;36.0;236.32;8.2;0;0;0;3;10:50;2.83;0.0;44.58;47.42;ECOPORTO;70;BERÇO VAL;5;10:15;5;10:35;5;10:35;5;10:40;5;10:40;5;10:45;5;10:45;5;10:50;5;10:50;5;10:55;5;10:55;5;11:00;5;11:00;5;11:05;5;11:05;5;11:10;5;11:10;5;11:15;5;11:15;5;11:20;5;11:20;5;11:25;5;11:25;5;11:40;;;;;;;;;;;;;;;;;;;;;5;11:40;5;11:40;6;14:10;;;;;;;;;;;;;;;;;;;;;;;;;;;;;;;;;;;;;;;;;;;;;;;;;;;;;;;;;;;;;;;;;;;;;;;
S2025;3609;32.0;201.8;9.2;0;0;0;3;13:00;1.25;0.0;17.0;18.25;BRACELL;27;BERÇO ARM 35P2;4;07:15;4;07:35;4;07:35;4;07:40;4;07:40;4;07:45;4;07:45;4;07:50;4;07:50;4;07:55;4;07:55;4;08:30;;;;;;;;;;;;;;;;;;;;;;;;;;;;;;;;;;;;;;;;;;;;;4;08:30;4;08:30;8;08:00;;;;;;;;;;;;;;;;;;;;;;;;;;;;;;;;;;;;;;;;;;;;;;;;;;;;;;;;;;;;;;;;;;;;;;;
S2025;3610;32.0;229.0;7.9;0;0;0;3;13:20;10.33;62.33;2.5;75.17;TGG;59;BERÇO TGG;6;16:30;6;16:50;6;16:50;6;16:55;6;16:55;6;17:00;6;17:00;6;17:05;6;17:05;6;17:40;;;;;;;;;;;;;;;;;;;;;;;;;;;;;;;;;;;;;;;;;;;;;;;;;6;17:40;6;17:40;8;05:15;;;;;;;;;;;;;;;;;;;;;;;;;;;;;;;;;;;;;;;;;;;;;;;;;;;;;;;;;;;;;;;;;;;;;;;
S2025;3612;30.0;179.99;9.86;0;0;0;3;17:06;4.17;0.0;26.67;30.83;TIPLAM - GSM - I;63;BERÇO TIPLAM 4;5;00:00;5;00:20;5;00:20;5;00:25;5;00:25;5;00:30;5;00:30;5;00:35;5;00:35;5;00:40;5;00:40;5;00:45;5;00:45;5;00:50;5;00:50;5;00:55;5;00:55;5;01:00;5;01:00;5;01:05;5;01:05;5;01:10;5;01:10;5;01:15;5;01:15;5;01:20;5;01:20;5;01:25;5;01:25;5;01:30;5;01:30;5;01:50;5;01:50;5;02:05;5;02:05;5;02:05;9;15:20;;;;;;;;;;;;;;;;;;;;;;;;;;;;;;;;;;;;;;;;;;;;;;;;;;;;;;;;;;;;;;;;;;;;;;;
S2025;3614;48.0;333.2;11.3;0;0;0;3;21:00;21.83;13.58;20.08;55.5;BTP;33;BERÇO BTP 2;6;04:30;6;04:50;6;04:50;6;04:55;6;04:55;6;05:00;6;05:00;6;05:05;6;05:05;6;05:10;6;05:10;6;05:15;6;05:15;6;05:20;6;05:20;6;05:25;6;05:25;6;05:30;6;05:30;6;05:35;6;05:35;6;05:40;6;05:40;6;05:45;6;05:45;6;06:00;;;;;;;;;;;;;;;;;6;06:00;6;06:00;7;08:25;7;14:20;;;;;;;;;;;;;;;;;7;14:20;7;14:50;7;14:50;7;14:55;7;14:55;7;15:00;7;15:00;7;15:05;7;15:05;7;15:10;7;15:10;7;15:15;7;15:15;7;15:20;7;15:20;7;15:25;7;15:25;7;15:30;7;15:30;7;15:35;7;15:35;7;15:40;7;15:40;7;15:45;7;15:45;7;16:05;
S2025;3615;26.0;169.06;7.7;0;0;0;3;21:34;0.0;0.0;0.25;0.25;AGEO_TERMINAIS;1;BERÇO Ageo I;3;21:50;3;22:10;3;22:10;3;22:15;3;22:15;3;22:20;3;22:20;3;22:25;3;22:25;3;22:30;3;22:30;3;22:35;3;22:35;3;22:40;3;22:40;3;22:45;3;22:45;3;22:50;3;22:50;3;22:55;3;22:55;3;23:00;3;23:00;3;23:35;;;;;;;;;;;;;;;;;;;;;3;23:35;3;23:35;7;12:20;7;14:30;;;;;;;;;;;;;;;;;;;;;7;14:30;7;14:40;7;14:40;7;14:45;7;14:45;7;14:50;7;14:50;7;14:55;7;14:55;7;15:00;7;15:00;7;15:05;7;15:05;7;15:10;7;15:10;7;15:15;7;15:15;7;15:20;7;15:20;7;15:25;7;15:25;7;15:30;7;15:30;7;15:50;
S2025;3618;46.0;260.0;10.8;0;0;0;4;03:02;20.25;15.08;18.17;53.5;BTP;34;BERÇO BTP 3;6;08:35;6;08:55;6;08:55;6;09:00;6;09:00;6;09:05;6;09:05;6;09:10;6;09:10;6;09:15;6;09:15;6;09:20;6;09:20;6;09:25;6;09:25;6;09:30;6;09:30;6;09:35;6;09:35;6;09:40;6;09:40;6;09:45;6;09:45;6;09:50;6;09:50;6;10:25;;;;;;;;;;;;;;;;;6;10:25;6;10:25;7;15:25;7;15:35;;;;;;;;;;;;;;;;;7;15:35;7;15:45;7;15:45;7;15:50;7;15:50;7;15:55;7;15:55;7;16:00;7;16:00;7;16:05;7;16:05;7;16:10;7;16:10;7;16:15;7;16:15;7;16:20;7;16:20;7;16:25;7;16:25;7;16:30;7;16:30;7;16:35;7;16:35;7;16:40;7;16:40;7;17:00;
S2025;3619;32.0;179.99;9.1;0;0;0;4;04:42;5.42;0.0;4.67;10.08;USIMINAS;67;BERÇO USIMINAS 3;4;14:50;4;15:10;4;15:10;4;15:15;4;15:15;4;15:20;4;15:20;4;15:25;4;15:25;4;15:30;4;15:30;4;15:35;4;15:35;4;15:40;4;15:40;4;15:45;4;15:45;4;15:50;4;15:50;4;15:55;4;15:55;4;16:00;4;16:00;4;16:05;4;16:05;4;16:10;4;16:10;4;16:15;4;16:15;4;16:20;4;16:20;4;16:40;4;16:40;4;16:55;4;16:55;4;16:55;9;06:35;;;;;;;;;;;;;;;;;;;;;;;;;;;;;;;;;;;;;;;;;;;;;;;;;;;;;;;;;;;;;;;;;;;;;;;
S2025;3622;19.0;87.9;5.0;0;0;0;4;10:25;0.0;0.0;0.58;0.58;SAIPEM;48;BERÇO SAIPEM 1;4;11:00;4;11:20;4;11:20;4;11:55;;;;;;;;;;;;;;;;;;;;;;;;;;;;;;;;;;;;;;;;;;;;;;;;;;;;;;;;;;;;;4;11:55;4;11:55;7;10:45;7;10:55;;;;;;;;;;;;;;;;;;;;;;;;;;;;;;;;;;;;;;;;;;;;;;;;;;;;;;;;;;;;;7;10:55;7;11:05;7;11:05;7;11:25;
S2025;3623;32.0;189.99;10.55;0;0;0;4;10:30;0.0;0.0;10.25;10.25;OUTROS_MACUCO;18;BERÇO ARM 29;4;20:45;4;21:05;4;21:05;4;21:10;4;21:10;4;21:15;4;21:15;4;21:20;4;21:20;4;21:25;4;21:25;4;21:30;4;21:30;4;21:45;;;;;;;;;;;;;;;;;;;;;;;;;;;;;;;;;;;;;;;;;4;21:45;4;21:45;10;05:40;;;;;;;;;;;;;;;;;;;;;;;;;;;;;;;;;;;;;;;;;;;;;;;;;;;;;;;;;;;;;;;;;;;;;;;
S2025;3625;18.0;85.34;4.6;0;0;0;4;11:15;0.0;0.0;6.25;6.25;SAIPEM;49;BERÇO SAIPEM 2;4;17:30;4;17:50;4;17:50;4;18:25;;;;;;;;;;;;;;;;;;;;;;;;;;;;;;;;;;;;;;;;;;;;;;;;;;;;;;;;;;;;;4;18:25;4;18:25;7;00:55;7;01:20;;;;;;;;;;;;;;;;;;;;;;;;;;;;;;;;;;;;;;;;;;;;;;;;;;;;;;;;;;;;;7;01:20;7;01:30;7;01:30;7;01:50;
S2025;3627;36.0;210.0;8.3;0;0;0;4;13:45;1.17;0.0;14.92;16.08;BRACELL;73;BERÇO ARM 35P1;5;05:50;5;06:10;5;06:10;5;06:15;5;06:15;5;06:20;5;06:20;5;06:25;5;06:25;5;07:00;;;;;;;;;;;;;;;;;;;;;;;;;;;;;;;;;;;;;;;;;;;;;;;;;5;07:00;5;07:00;8;23:05;;;;;;;;;;;;;;;;;;;;;;;;;;;;;;;;;;;;;;;;;;;;;;;;;;;;;;;;;;;;;;;;;;;;;;;
S2025;3633;32.0;183.09;8.5;0;0;0;4;17:30;10.25;22.67;2.42;35.33;TRANSPETRO;3;BERÇO AL 02;6;04:50;6;05:10;6;05:10;6;05:15;6;05:15;6;05:20;6;05:20;6;05:25;6;05:25;6;05:30;6;05:30;6;05:35;6;05:35;6;05:40;6;05:40;6;05:45;6;05:45;6;05:50;6;05:50;6;05:55;6;05:55;6;06:00;6;06:00;6;06:05;6;06:05;6;06:10;6;06:10;6;06:45;;;;;;;;;;;;;6;06:45;6;06:45;7;05:40;7;06:15;;;;;;;;;;;;;7;06:15;7;06:25;7;06:25;7;06:30;7;06:30;7;06:35;7;06:35;7;06:40;7;06:40;7;06:45;7;06:45;7;06:50;7;06:50;7;06:55;7;06:55;7;07:00;7;07:00;7;07:05;7;07:05;7;07:10;7;07:10;7;07:15;7;07:15;7;07:20;7;07:20;7;07:25;7;07:25;7;07:45;
S2025;3634;32.0;194.87;8.75;0;0;0;4;18:26;5.92;22.25;0.0;28.17;SANTOSBR;55;BERÇO TECON 3;5;22:40;5;23:00;5;23:00;5;23:05;5;23:05;5;23:10;5;23:10;5;23:15;5;23:15;5;23:20;5;23:20;5;23:35;;;;;;;;;;;;;;;;;;;;;;;;;;;;;;;;;;;;;;;;;;;;;5;23:35;5;23:35;7;05:00;7;05:55;;;;;;;;;;;;;;;;;;;;;;;;;;;;;;;;;;;;;;;;;;;;;7;05:55;7;06:25;7;06:25;7;06:30;7;06:30;7;06:35;7;06:35;7;06:40;7;06:40;7;06:45;7;06:45;7;07:05;
S2025;3635;32.0;189.99;6.19;0;0;0;4;18:35;0.0;0.0;2.67;2.67;CUTRALE - GSA - E;40;BERÇO CUTRALE;4;21:15;4;21:35;4;21:35;4;21:40;4;21:40;4;21:45;4;21:45;4;22:20;;;;;;;;;;;;;;;;;;;;;;;;;;;;;;;;;;;;;;;;;;;;;;;;;;;;;4;22:20;4;22:20;7;05:20;7;06:00;;;;;;;;;;;;;;;;;;;;;;;;;;;;;;;;;;;;;;;;;;;;;;;;;;;;;7;06:00;7;06:10;7;06:10;7;06:15;7;06:15;7;06:20;7;06:20;7;06:40;
S2025;3639;37.0;256.07;10.1;0;0;0;5;07:00;8.08;10.5;7.58;26.17;DPW - CGC;42;BERÇO DPW 1;6;09:10;6;09:30;6;09:30;6;09:35;6;09:35;6;09:40;6;09:40;6;09:45;6;09:45;6;09:50;6;09:50;6;09:55;6;09:55;6;10:00;6;10:00;6;10:05;6;10:05;6;10:10;6;10:10;6;10:15;6;10:15;6;10:30;;;;;;;;;;;;;;;;;;;;;;;;;6;10:30;6;10:30;7;17:45;7;21:00;;;;;;;;;;;;;;;;;;;;;;;;;7;21:00;7;21:30;7;21:30;7;21:35;7;21:35;7;21:40;7;21:40;7;21:45;7;21:45;7;21:50;7;21:50;7;21:55;7;21:55;7;22:00;7;22:00;7;22:05;7;22:05;7;22:10;7;22:10;7;22:15;7;22:15;7;22:35;
S2025;3641;24.0;145.05;11.7;0;0;0;5;09:30;4.67;7.67;0.0;12.33;STOLTHAVEN;4;BERÇO AL 03;5;21:50;5;22:10;5;22:10;5;22:15;5;22:15;5;22:20;5;22:20;5;22:25;5;22:25;5;22:30;5;22:30;5;22:35;5;22:35;5;22:40;5;22:40;5;22:45;5;22:45;5;22:50;5;22:50;5;22:55;5;22:55;5;23:00;5;23:00;5;23:05;5;23:05;5;23:10;5;23:10;5;23:45;;;;;;;;;;;;;5;23:45;5;23:45;10;05:15;;;;;;;;;;;;;;;;;;;;;;;;;;;;;;;;;;;;;;;;;;;;;;;;;;;;;;;;;;;;;;;;;;;;;;;
S2025;3642;19.0;119.95;7.2;0;0;0;5;09:50;1.25;0.0;6.83;8.08;OUTROS_ALAMOA;5;BERÇO AL 04;5;17:55;5;18:15;5;18:15;5;18:20;5;18:20;5;18:25;5;18:25;5;18:30;5;18:30;5;18:35;5;18:35;5;18:40;5;18:40;5;18:45;5;18:45;5;18:50;5;18:50;5;18:55;5;18:55;5;19:00;5;19:00;5;19:05;5;19:05;5;19:10;5;19:10;5;19:15;5;19:15;5;19:50;;;;;;;;;;;;;5;19:50;5;19:50;7;03:00;7;03:00;;;;;;;;;;;;;7;03:00;7;03:10;7;03:10;7;03:15;7;03:15;7;03:20;7;03:20;7;03:25;7;03:25;7;03:30;7;03:30;7;03:35;7;03:35;7;03:40;7;03:40;7;03:45;7;03:45;7;03:50;7;03:50;7;03:55;7;03:55;7;04:00;7;04:00;7;04:05;7;04:05;7;04:10;7;04:10;7;04:30;
S2025;3646;23.0;164.34;9.0;0;0;0;5;13:00;0.0;0.0;1.75;1.75;DOW;41;BERÇO DOW;5;14:45;5;15:05;5;15:05;5;15:10;5;15:10;5;15:15;5;15:15;5;15:30;;;;;;;;;;;;;;;;;;;;;;;;;;;;;;;;;;;;;;;;;;;;;;;;;;;;;5;15:30;5;15:30;7;11:25;7;14:20;;;;;;;;;;;;;;;;;;;;;;;;;;;;;;;;;;;;;;;;;;;;;;;;;;;;;7;14:20;7;14:50;7;14:50;7;14:55;7;14:55;7;15:00;7;15:00;7;15:20;
S2025;3648;32.0;228.99;13.48;0;0;0;5;15:06;1.25;0.0;1.25;2.5;TIPLAM - GSM - I;60;BERÇO TIPLAM 1;5;17:40;5;18:00;5;18:00;5;18:05;5;18:05;5;18:10;5;18:10;5;18:15;5;18:15;5;18:20;5;18:20;5;18:25;5;18:25;5;18:30;5;18:30;5;18:35;5;18:35;5;18:40;5;18:40;5;18:45;5;18:45;5;18:50;5;18:50;5;18:55;5;18:55;5;19:00;5;19:00;5;19:05;5;19:05;5;19:10;5;19:10;5;19:30;5;19:30;5;20:15;5;20:15;5;20:15;12;02:20;;;;;;;;;;;;;;;;;;;;;;;;;;;;;;;;;;;;;;;;;;;;;;;;;;;;;;;;;;;;;;;;;;;;;;;
S2025;3650;46.0;339.62;14.2;0;0;0;5;21:24;15.25;0.0;0.0;15.25;SANTOSBR;54;BERÇO TECON 2;6;12:40;6;13:00;6;13:00;6;13:05;6;13:05;6;13:10;6;13:10;6;13:15;6;13:15;6;13:20;6;13:20;6;13:35;;;;;;;;;;;;;;;;;;;;;;;;;;;;;;;;;;;;;;;;;;;;;6;13:35;6;13:35;7;07:30;7;09:40;;;;;;;;;;;;;;;;;;;;;;;;;;;;;;;;;;;;;;;;;;;;;7;09:40;7;10:10;7;10:10;7;10:15;7;10:15;7;10:20;7;10:20;7;10:25;7;10:25;7;10:30;7;10:30;7;10:50;
S2025;3652;9.0;210.54;10.45;0;0;0;6;03:00;0.0;6.25;0.17;6.42;SANTOSBR;53;BERÇO TECON 1.2;6;09:25;6;09:45;6;09:45;6;09:50;6;09:50;6;09:55;6;09:55;6;10:00;6;10:00;6;10:05;6;10:05;6;10:20;;;;;;;;;;;;;;;;;;;;;;;;;;;;;;;;;;;;;;;;;;;;;6;10:20;6;10:20;7;09:55;7;10:35;;;;;;;;;;;;;;;;;;;;;;;;;;;;;;;;;;;;;;;;;;;;;7;10:35;7;11:05;7;11:05;7;11:10;7;11:10;7;11:15;7;11:15;7;11:20;7;11:20;7;11:25;7;11:25;7;11:45;
S2025;3653;32.0;228.62;10.2;0;0;0;6;04:55;0.0;12.5;0.33;12.83;SANTOSBR;52;BERÇO TECON 1.1;6;17:45;6;18:05;6;18:05;6;18:10;6;18:10;6;18:15;6;18:15;6;18:20;6;18:20;6;18:25;6;18:25;6;18:40;;;;;;;;;;;;;;;;;;;;;;;;;;;;;;;;;;;;;;;;;;;;;6;18:40;6;18:40;8;06:25;;;;;;;;;;;;;;;;;;;;;;;;;;;;;;;;;;;;;;;;;;;;;;;;;;;;;;;;;;;;;;;;;;;;;;;
S2025;3656;32.0;189.99;11.0;0;0;0;6;08:00;0.0;0.0;0.83;0.83;OUTROS_MACUCO;24;BERÇO ARM 33;6;08:50;6;09:10;6;09:10;6;09:15;6;09:15;6;09:20;6;09:20;6;09:25;6;09:25;6;09:30;6;09:30;6;09:45;;;;;;;;;;;;;;;;;;;;;;;;;;;;;;;;;;;;;;;;;;;;;6;09:45;6;09:45;10;13:20;;;;;;;;;;;;;;;;;;;;;;;;;;;;;;;;;;;;;;;;;;;;;;;;;;;;;;;;;;;;;;;;;;;;;;;
S2025;3657;27.0;188.32;7.6;0;0;0;6;08:00;0.0;0.0;0.25;0.25;ECOPORTO;35;BERÇO CORTE;6;08:15;6;08:35;6;08:35;6;08:40;6;08:40;6;08:45;6;08:45;6;08:50;6;08:50;6;08:55;6;08:55;6;09:00;6;09:00;6;09:05;6;09:05;6;09:10;6;09:10;6;09:15;6;09:15;6;09:20;6;09:20;6;09:25;6;09:25;6;09:40;;;;;;;;;;;;;;;;;;;;;6;09:40;6;09:40;15;06:40;;;;;;;;;;;;;;;;;;;;;;;;;;;;;;;;;;;;;;;;;;;;;;;;;;;;;;;;;;;;;;;;;;;;;;;
S2025;3662;32.0;225.0;11.2;0;0;0;6;13:42;0.0;0.0;0.42;0.42;DPW - CGNC;45;BERÇO DPW 4;6;14:10;6;14:30;6;14:30;6;14:35;6;14:35;6;14:40;6;14:40;6;14:45;6;14:45;6;14:50;6;14:50;6;14:55;6;14:55;6;15:00;6;15:00;6;15:05;6;15:05;6;15:10;6;15:10;6;15:45;;;;;;;;;;;;;;;;;;;;;;;;;;;;;6;15:45;6;15:45;9;06:45;;;;;;;;;;;;;;;;;;;;;;;;;;;;;;;;;;;;;;;;;;;;;;;;;;;;;;;;;;;;;;;;;;;;;;;
S2025;3663;32.0;232.39;8.2;0;0;1;6;14:00;0.0;0.0;3.5;3.5;TEV;58;BERÇO TEV;6;17:30;6;17:50;6;17:50;6;17:55;6;17:55;6;18:00;6;18:00;6;18:05;6;18:05;6;18:10;6;18:10;6;18:15;6;18:15;6;18:50;;;;;;;;;;;;;;;;;;;;;;;;;;;;;;;;;;;;;;;;;6;18:50;6;18:50;7;09:15;7;10:10;;;;;;;;;;;;;;;;;;;;;;;;;;;;;;;;;;;;;;;;;7;10:10;7;10:20;7;10:20;7;10:25;7;10:25;7;10:30;7;10:30;7;10:35;7;10:35;7;10:40;7;10:40;7;10:45;7;10:45;7;11:05;
S2025;3672;17.0;82.3;4.5;0;0;0;6;20:00;0.0;0.0;0.0;0.0;SAIPEM;50;BERÇO SAIPEM 3;6;20:00;6;20:20;6;20:20;6;20:55;;;;;;;;;;;;;;;;;;;;;;;;;;;;;;;;;;;;;;;;;;;;;;;;;;;;;;;;;;;;;6;20:55;6;20:55;8;21:30;;;;;;;;;;;;;;;;;;;;;;;;;;;;;;;;;;;;;;;;;;;;;;;;;;;;;;;;;;;;;;;;;;;;;;;
S2025;3228;32.0;199.98;6.5;0;0;0;-20;22:30;0.0;0.0;0.0;0.0;ELEVACOES;12;BERÇO ARM 16/17;;;;;;;;;;;;;;;;;;;;;;;;;;;;;;;;;;;;;;;;;;;;;;;;;;;;;;;;;;;;;;;;;;;;;;;;;;;7;00:25;;;;;;;;;;;;;;;;;;;;;;;;;;;;;;;;;7;00:25;7;00:35;7;00:35;7;00:40;7;00:40;7;00:45;7;00:45;7;00:50;7;00:50;7;00:55;7;00:55;7;01:00;7;01:00;7;01:05;7;01:05;7;01:10;7;01:10;7;01:30;
S2025;3403;32.0;229.0;8.1;0;0;0;-10;22:18;295.92;0.0;92.33;388.25;ELEVACOES;12;BERÇO ARM 16/17;7;02:35;7;02:55;7;02:55;7;03:00;7;03:00;7;03:05;7;03:05;7;03:10;7;03:10;7;03:15;7;03:15;7;03:20;7;03:20;7;03:25;7;03:25;7;03:30;7;03:30;7;04:05;;;;;;;;;;;;;;;;;;;;;;;;;;;;;;;;;7;04:05;7;04:05;8;18:25;;;;;;;;;;;;;;;;;;;;;;;;;;;;;;;;;;;;;;;;;;;;;;;;;;;;;;;;;;;;;;;;;;;;;;;
S2025;3414;32.0;199.98;6.22;0;0;0;-9;08:06;267.08;0.0;111.58;378.67;ELEVACOES;13;BERÇO ARM 19;7;02:50;7;03:10;7;03:10;7;03:15;7;03:15;7;03:20;7;03:20;7;03:25;7;03:25;7;03:30;7;03:30;7;03:35;7;03:35;7;03:40;7;03:40;7;04:15;;;;;;;;;;;;;;;;;;;;;;;;;;;;;;;;;;;;;7;04:15;7;04:15;10;07:40;;;;;;;;;;;;;;;;;;;;;;;;;;;;;;;;;;;;;;;;;;;;;;;;;;;;;;;;;;;;;;;;;;;;;;;
S2025;3421;32.0;225.0;6.91;0;0;0;-9;16:30;263.0;50.42;71.92;385.33;COFCO;10;BERÇO ARM 13/14;7;17:50;7;18:10;7;18:10;7;18:15;7;18:15;7;18:20;7;18:20;7;18:25;7;18:25;7;18:30;7;18:30;7;18:35;7;18:35;7;18:40;7;18:40;7;18:45;7;18:45;7;19:20;;;;;;;;;;;;;;;;;;;;;;;;;;;;;;;;;7;19:20;7;19:20;10;12:05;;;;;;;;;;;;;;;;;;;;;;;;;;;;;;;;;;;;;;;;;;;;;;;;;;;;;;;;;;;;;;;;;;;;;;;
S2025;3461;37.0;209.99;10.71;0;0;0;-7;21:00;184.42;69.08;80.58;334.08;ADM;30;BERÇO ARM 39;7;19:05;7;19:25;7;19:25;7;19:30;7;19:30;7;19:35;7;19:35;7;20:10;;;;;;;;;;;;;;;;;;;;;;;;;;;;;;;;;;;;;;;;;;;;;;;;;;;;;7;20:10;7;20:10;8;17:05;;;;;;;;;;;;;;;;;;;;;;;;;;;;;;;;;;;;;;;;;;;;;;;;;;;;;;;;;;;;;;;;;;;;;;;
S2025;3542;30.0;169.37;5.6;0;0;0;-1;16:00;47.25;110.67;21.83;179.75;COPESUCAR;14;BERÇO ARM 20/21;7;03:45;7;04:05;7;04:05;7;04:10;7;04:10;7;04:15;7;04:15;7;04:20;7;04:20;7;04:25;7;04:25;7;04:30;7;04:30;7;04:35;7;04:35;7;05:10;;;;;;;;;;;;;;;;;;;;;;;;;;;;;;;;;;;;;7;05:10;7;05:10;7;18:45;7;18:50;;;;;;;;;;;;;;;;;;;;;;;;;;;;;;;;;;;;;7;18:50;7;19:00;7;19:00;7;19:05;7;19:05;7;19:10;7;19:10;7;19:15;7;19:15;7;19:20;7;19:20;7;19:25;7;19:25;7;19:30;7;19:30;7;19:50;
S2025;3585;32.0;228.9;8.2;0;0;0;2;05:00;53.17;78.42;3.58;135.17;COPESUCAR;14;BERÇO ARM 20/21;7;20:10;7;20:30;7;20:30;7;20:35;7;20:35;7;20:40;7;20:40;7;20:45;7;20:45;7;20:50;7;20:50;7;20:55;7;20:55;7;21:00;7;21:00;7;21:35;;;;;;;;;;;;;;;;;;;;;;;;;;;;;;;;;;;;;7;21:35;7;21:35;9;21:30;;;;;;;;;;;;;;;;;;;;;;;;;;;;;;;;;;;;;;;;;;;;;;;;;;;;;;;;;;;;;;;;;;;;;;;
S2025;3590;32.0;199.98;6.64;0;0;0;2;13:00;19.25;91.08;14.0;124.33;TIPLAM - GSA - E;62;BERÇO TIPLAM 3;7;17:20;7;17:40;7;17:40;7;17:45;7;17:45;7;17:50;7;17:50;7;17:55;7;17:55;7;18:00;7;18:00;7;18:05;7;18:05;7;18:10;7;18:10;7;18:15;7;18:15;7;18:20;7;18:20;7;18:25;7;18:25;7;18:30;7;18:30;7;18:35;7;18:35;7;18:40;7;18:40;7;18:45;7;18:45;7;18:50;7;18:50;7;19:10;7;19:10;7;19:55;7;19:55;7;19:55;10;17:45;;;;;;;;;;;;;;;;;;;;;;;;;;;;;;;;;;;;;;;;;;;;;;;;;;;;;;;;;;;;;;;;;;;;;;;
S2025;3621;32.0;189.99;6.9;0;0;0;4;08:06;10.75;0.0;58.17;68.92;TGRAO;71;BERÇO OUT 2;7;05:05;7;05:25;7;05:25;7;05:30;7;05:30;7;05:35;7;05:35;7;05:40;7;05:40;7;05:45;7;05:45;7;05:50;7;05:50;7;06:25;;;;;;;;;;;;;;;;;;;;;;;;;;;;;;;;;;;;;;;;;7;06:25;7;06:25;11;12:50;;;;;;;;;;;;;;;;;;;;;;;;;;;;;;;;;;;;;;;;;;;;;;;;;;;;;;;;;;;;;;;;;;;;;;;
S2025;3647;32.0;199.99;9.5;0;0;0;5;13:30;18.17;37.25;1.75;57.17;TEAG;51;BERÇO TEAG;7;22:40;7;23:00;7;23:00;7;23:05;7;23:05;7;23:10;7;23:10;7;23:15;7;23:15;7;23:50;;;;;;;;;;;;;;;;;;;;;;;;;;;;;;;;;;;;;;;;;;;;;;;;;7;23:50;7;23:50;10;17:25;;;;;;;;;;;;;;;;;;;;;;;;;;;;;;;;;;;;;;;;;;;;;;;;;;;;;;;;;;;;;;;;;;;;;;;
S2025;3651;49.0;299.93;9.9;0;0;0;5;22:00;18.5;12.67;0.17;31.33;SANTOSBR;55;BERÇO TECON 3;7;05:20;7;05:40;7;05:40;7;05:45;7;05:45;7;05:50;7;05:50;7;05:55;7;05:55;7;06:00;7;06:00;7;06:15;;;;;;;;;;;;;;;;;;;;;;;;;;;;;;;;;;;;;;;;;;;;;7;06:15;7;06:15;7;17:05;7;21:00;;;;;;;;;;;;;;;;;;;;;;;;;;;;;;;;;;;;;;;;;;;;;7;21:00;7;21:30;7;21:30;7;21:35;7;21:35;7;21:40;7;21:40;7;21:45;7;21:45;7;21:50;7;21:50;7;22:10;
S2025;3666;40.0;278.94;10.7;0;0;0;6;15:00;1.25;16.25;0.25;17.75;SANTOSBR;54;BERÇO TECON 2;7;08:45;7;09:05;7;09:05;7;09:10;7;09:10;7;09:15;7;09:15;7;09:20;7;09:20;7;09:25;7;09:25;7;10:00;;;;;;;;;;;;;;;;;;;;;;;;;;;;;;;;;;;;;;;;;;;;;7;10:00;7;10:00;8;20:10;;;;;;;;;;;;;;;;;;;;;;;;;;;;;;;;;;;;;;;;;;;;;;;;;;;;;;;;;;;;;;;;;;;;;;;
S2025;3676;25.0;182.47;8.1;0;0;0;6;23:00;1.0;10.17;3.25;14.42;SANTOSBR;53;BERÇO TECON 1.2;7;13:25;7;13:45;7;13:45;7;13:50;7;13:50;7;13:55;7;13:55;7;14:00;7;14:00;7;14:05;7;14:05;7;14:40;;;;;;;;;;;;;;;;;;;;;;;;;;;;;;;;;;;;;;;;;;;;;7;14:40;7;14:40;8;21:30;;;;;;;;;;;;;;;;;;;;;;;;;;;;;;;;;;;;;;;;;;;;;;;;;;;;;;;;;;;;;;;;;;;;;;;
S2025;3684;51.0;335.95;14.0;0;0;0;7;11:30;1.17;7.75;0.0;8.92;SANTOSBR;55;BERÇO TECON 3;7;20:25;7;20:45;7;20:45;7;20:50;7;20:50;7;20:55;7;20:55;7;21:00;7;21:00;7;21:05;7;21:05;7;21:20;;;;;;;;;;;;;;;;;;;;;;;;;;;;;;;;;;;;;;;;;;;;;7;21:20;7;21:20;8;22:50;;;;;;;;;;;;;;;;;;;;;;;;;;;;;;;;;;;;;;;;;;;;;;;;;;;;;;;;;;;;;;;;;;;;;;;
S2025;3655;48.0;330.0;14.5;0;0;0;6;05:30;29.83;0.67;0.92;31.42;BTP;33;BERÇO BTP 2;7;12:55;7;13:15;7;13:15;7;13:20;7;13:20;7;13:25;7;13:25;7;13:30;7;13:30;7;13:35;7;13:35;7;13:40;7;13:40;7;13:45;7;13:45;7;13:50;7;13:50;7;13:55;7;13:55;7;14:00;7;14:00;7;14:05;7;14:05;7;14:10;7;14:10;7;14:25;;;;;;;;;;;;;;;;;7;14:25;7;14:25;8;09:35;;;;;;;;;;;;;;;;;;;;;;;;;;;;;;;;;;;;;;;;;;;;;;;;;;;;;;;;;;;;;;;;;;;;;;;
S2025;3685;48.0;330.0;14.5;0;0;0;7;12:00;0.33;0.0;0.0;0.33;BTP;32;BERÇO BTP 1;7;12:20;7;12:40;7;12:40;7;12:45;7;12:45;7;12:50;7;12:50;7;12:55;7;12:55;7;13:00;7;13:00;7;13:05;7;13:05;7;13:10;7;13:10;7;13:15;7;13:15;7;13:20;7;13:20;7;13:25;7;13:25;7;13:30;7;13:30;7;13:35;7;13:35;7;13:50;;;;;;;;;;;;;;;;;7;13:50;7;13:50;8;12:25;;;;;;;;;;;;;;;;;;;;;;;;;;;;;;;;;;;;;;;;;;;;;;;;;;;;;;;;;;;;;;;;;;;;;;;
S2025;3664;32.0;225.0;7.28;0;0;0;6;14:00;1.25;15.33;1.25;17.83;FIBRIA;23;BERÇO ARM 32;7;07:50;7;08:10;7;08:10;7;08:15;7;08:15;7;08:20;7;08:20;7;08:25;7;08:25;7;08:30;7;08:30;7;09:05;;;;;;;;;;;;;;;;;;;;;;;;;;;;;;;;;;;;;;;;;;;;;7;09:05;7;09:05;10;09:00;;;;;;;;;;;;;;;;;;;;;;;;;;;;;;;;;;;;;;;;;;;;;;;;;;;;;;;;;;;;;;;;;;;;;;;
S2025;3667;32.0;183.0;10.8;0;0;0;6;15:00;1.58;10.5;1.5;13.58;VOPAK;5;BERÇO AL 04;7;04:35;7;04:55;7;04:55;7;05:00;7;05:00;7;05:05;7;05:05;7;05:10;7;05:10;7;05:15;7;05:15;7;05:20;7;05:20;7;05:25;7;05:25;7;05:30;7;05:30;7;05:35;7;05:35;7;05:40;7;05:40;7;05:45;7;05:45;7;05:50;7;05:50;7;05:55;7;05:55;7;06:10;;;;;;;;;;;;;7;06:10;7;06:10;9;22:35;;;;;;;;;;;;;;;;;;;;;;;;;;;;;;;;;;;;;;;;;;;;;;;;;;;;;;;;;;;;;;;;;;;;;;;
S2025;3673;18.0;76.0;6.0;0;0;0;6;21:00;0.92;3.5;1.67;6.08;SAIPEM;49;BERÇO SAIPEM 2;7;03:05;7;03:25;7;03:25;7;04:00;;;;;;;;;;;;;;;;;;;;;;;;;;;;;;;;;;;;;;;;;;;;;;;;;;;;;;;;;;;;;7;04:00;7;04:00;8;09:25;;;;;;;;;;;;;;;;;;;;;;;;;;;;;;;;;;;;;;;;;;;;;;;;;;;;;;;;;;;;;;;;;;;;;;;
S2025;3674;48.0;333.2;9.8;0;0;0;6;21:40;19.0;2.92;0.33;22.25;DPW - CGC;42;BERÇO DPW 1;7;19:55;7;20:15;7;20:15;7;20:20;7;20:20;7;20:25;7;20:25;7;20:30;7;20:30;7;20:35;7;20:35;7;20:40;7;20:40;7;20:45;7;20:45;7;20:50;7;20:50;7;20:55;7;20:55;7;21:00;7;21:00;7;21:15;;;;;;;;;;;;;;;;;;;;;;;;;7;21:15;7;21:15;9;04:25;;;;;;;;;;;;;;;;;;;;;;;;;;;;;;;;;;;;;;;;;;;;;;;;;;;;;;;;;;;;;;;;;;;;;;;
S2025;3678;37.0;255.0;11.3;0;0;0;7;01:00;0.0;0.0;3.83;3.83;DPW - CGC;43;BERÇO DPW 2;7;04:50;7;05:10;7;05:10;7;05:15;7;05:15;7;05:20;7;05:20;7;05:25;7;05:25;7;05:30;7;05:30;7;05:35;7;05:35;7;05:40;7;05:40;7;05:45;7;05:45;7;05:50;7;05:50;7;05:55;7;05:55;7;06:30;;;;;;;;;;;;;;;;;;;;;;;;;7;06:30;7;06:30;7;20:55;;;;;;;;;;;;;;;;;;;;;;;;;;;;;;;;;;;;;;;;;;;;;;;;;;;;;;;;;;;;;;;;;;;;;;;
S2025;3679;27.0;183.0;7.5;0;0;0;7;08:00;0.0;0.0;0.5;0.5;TRANSPETRO;2;BERÇO AL 01;7;08:30;7;08:50;7;08:50;7;08:55;7;08:55;7;09:00;7;09:00;7;09:05;7;09:05;7;09:10;7;09:10;7;09:15;7;09:15;7;09:20;7;09:20;7;09:25;7;09:25;7;09:30;7;09:30;7;09:35;7;09:35;7;09:40;7;09:40;7;09:45;7;09:45;7;09:50;7;09:50;7;10:25;;;;;;;;;;;;;7;10:25;7;10:25;9;09:05;;;;;;;;;;;;;;;;;;;;;;;;;;;;;;;;;;;;;;;;;;;;;;;;;;;;;;;;;;;;;;;;;;;;;;;
S2025;3682;30.0;199.2;8.64;0;0;0;7;10:00;0.0;0.0;2.0;2.0;OUTROS_SABOO;36;BERÇO CS 01;7;12:00;7;12:20;7;12:20;7;12:25;7;12:25;7;12:30;7;12:30;7;12:35;7;12:35;7;12:40;7;12:40;7;12:45;7;12:45;7;12:50;7;12:50;7;12:55;7;12:55;7;13:00;7;13:00;7;13:05;7;13:05;7;13:10;7;13:10;7;13:25;;;;;;;;;;;;;;;;;;;;;7;13:25;7;13:25;10;22:05;;;;;;;;;;;;;;;;;;;;;;;;;;;;;;;;;;;;;;;;;;;;;;;;;;;;;;;;;;;;;;;;;;;;;;;
S2025;3687;32.0;229.0;8.16;0;0;0;7;13:00;0.0;0.0;0.17;0.17;HIDROVIAS;15;BERÇO ARM 22/23;7;13:10;7;13:30;7;13:30;7;13:35;7;13:35;7;13:40;7;13:40;7;13:45;7;13:45;7;13:50;7;13:50;7;13:55;7;13:55;7;14:00;7;14:00;7;14:15;;;;;;;;;;;;;;;;;;;;;;;;;;;;;;;;;;;;;7;14:15;7;14:15;8;15:15;;;;;;;;;;;;;;;;;;;;;;;;;;;;;;;;;;;;;;;;;;;;;;;;;;;;;;;;;;;;;;;;;;;;;;;
S2025;3688;32.0;228.99;8.67;0;0;0;7;15:25;0.0;0.0;2.67;2.67;CUTRALE - GSA - E;40;BERÇO CUTRALE;7;18:05;7;18:25;7;18:25;7;18:30;7;18:30;7;18:35;7;18:35;7;19:10;;;;;;;;;;;;;;;;;;;;;;;;;;;;;;;;;;;;;;;;;;;;;;;;;;;;;7;19:10;7;19:10;8;15:50;;;;;;;;;;;;;;;;;;;;;;;;;;;;;;;;;;;;;;;;;;;;;;;;;;;;;;;;;;;;;;;;;;;;;;;
S2025;3689;24.0;144.09;9.3;0;0;0;7;16:30;0.0;0.0;1.08;1.08;AGEO_TERMINAIS;1;BERÇO Ageo I;7;17:35;7;17:55;7;17:55;7;18:00;7;18:00;7;18:05;7;18:05;7;18:10;7;18:10;7;18:15;7;18:15;7;18:20;7;18:20;7;18:25;7;18:25;7;18:30;7;18:30;7;18:35;7;18:35;7;18:40;7;18:40;7;18:45;7;18:45;7;19:00;;;;;;;;;;;;;;;;;;;;;7;19:00;7;19:00;10;03:20;;;;;;;;;;;;;;;;;;;;;;;;;;;;;;;;;;;;;;;;;;;;;;;;;;;;;;;;;;;;;;;;;;;;;;;
S2025;3246;32.0;189.9;6.3;0;0;0;-19;16:00;467.0;0.0;48.5;515.5;COFCO;9;BERÇO ARM 12A;3;03:30;3;03:50;3;03:50;3;03:55;3;03:55;3;04:00;3;04:00;3;04:05;3;04:05;3;04:10;3;04:10;3;04:15;3;04:15;3;04:20;3;04:20;3;04:25;3;04:25;3;05:00;;;;;;;;;;;;;;;;;;;;;;;;;;;;;;;;;3;05:00;3;05:00;9;05:40;;;;;;;;;;;;;;;;;;;;;;;;;;;;;;;;;;;;;;;;;;;;;;;;;;;;;;;;;;;;;;;;;;;;;;;
S2025;3288;32.0;224.94;6.9;0;0;0;-16;10:00;410.33;91.92;32.58;534.83;XXXIX;28;BERÇO ARM 37;6;16:50;6;17:10;6;17:10;6;17:15;6;17:15;6;17:20;6;17:20;6;17:55;;;;;;;;;;;;;;;;;;;;;;;;;;;;;;;;;;;;;;;;;;;;;;;;;;;;;6;17:55;6;17:55;8;12:25;8;12:50;;;;;;;;;;;;;;;;;;;;;;;;;;;;;;;;;;;;;;;;;;;;;;;;;;;;;8;12:50;8;13:00;8;13:00;8;13:05;8;13:05;8;13:10;8;13:10;8;13:30;
S2025;3403;32.0;229.0;8.1;0;0;0;-10;22:18;295.92;0.0;92.33;388.25;ELEVACOES;12;BERÇO ARM 16/17;7;02:35;7;02:55;7;02:55;7;03:00;7;03:00;7;03:05;7;03:05;7;03:10;7;03:10;7;03:15;7;03:15;7;03:20;7;03:20;7;03:25;7;03:25;7;03:30;7;03:30;7;04:05;;;;;;;;;;;;;;;;;;;;;;;;;;;;;;;;;7;04:05;7;04:05;8;18:25;;;;;;;;;;;;;;;;;;;;;;;;;;;;;;;;;;;;;;;;;;;;;;;;;;;;;;;;;;;;;;;;;;;;;;;
S2025;3414;32.0;199.98;6.22;0;0;0;-9;08:06;267.08;0.0;111.58;378.67;ELEVACOES;13;BERÇO ARM 19;7;02:50;7;03:10;7;03:10;7;03:15;7;03:15;7;03:20;7;03:20;7;03:25;7;03:25;7;03:30;7;03:30;7;03:35;7;03:35;7;03:40;7;03:40;7;04:15;;;;;;;;;;;;;;;;;;;;;;;;;;;;;;;;;;;;;7;04:15;7;04:15;10;07:40;;;;;;;;;;;;;;;;;;;;;;;;;;;;;;;;;;;;;;;;;;;;;;;;;;;;;;;;;;;;;;;;;;;;;;;
S2025;3421;32.0;225.0;6.91;0;0;0;-9;16:30;263.0;50.42;71.92;385.33;COFCO;10;BERÇO ARM 13/14;7;17:50;7;18:10;7;18:10;7;18:15;7;18:15;7;18:20;7;18:20;7;18:25;7;18:25;7;18:30;7;18:30;7;18:35;7;18:35;7;18:40;7;18:40;7;18:45;7;18:45;7;19:20;;;;;;;;;;;;;;;;;;;;;;;;;;;;;;;;;7;19:20;7;19:20;10;12:05;;;;;;;;;;;;;;;;;;;;;;;;;;;;;;;;;;;;;;;;;;;;;;;;;;;;;;;;;;;;;;;;;;;;;;;
S2025;3461;37.0;209.99;10.71;0;0;0;-7;21:00;184.42;69.08;80.58;334.08;ADM;30;BERÇO ARM 39;7;19:05;7;19:25;7;19:25;7;19:30;7;19:30;7;19:35;7;19:35;7;20:10;;;;;;;;;;;;;;;;;;;;;;;;;;;;;;;;;;;;;;;;;;;;;;;;;;;;;7;20:10;7;20:10;8;17:05;8;17:10;;;;;;;;;;;;;;;;;;;;;;;;;;;;;;;;;;;;;;;;;;;;;;;;;;;;;8;17:10;8;17:20;8;17:20;8;17:25;8;17:25;8;17:30;8;17:30;8;17:50;
S2025;3537;33.0;229.0;13.02;0;0;0;-1;06:00;43.67;0.0;60.17;103.83;TERMAG;57;BERÇO TERMAG;3;13:50;3;14:10;3;14:10;3;14:15;3;14:15;3;14:20;3;14:20;3;14:25;3;14:25;3;14:40;;;;;;;;;;;;;;;;;;;;;;;;;;;;;;;;;;;;;;;;;;;;;;;;;3;14:40;3;14:40;11;00:05;;;;;;;;;;;;;;;;;;;;;;;;;;;;;;;;;;;;;;;;;;;;;;;;;;;;;;;;;;;;;;;;;;;;;;;
S2025;3565;32.0;228.91;7.0;0;0;0;1;01:35;36.33;0.0;72.33;108.67;TGRAO;72;BERÇO OUT 3;5;14:15;5;14:35;5;14:35;5;14:40;5;14:40;5;14:45;5;14:45;5;14:50;5;14:50;5;14:55;5;14:55;5;15:00;5;15:00;5;15:35;;;;;;;;;;;;;;;;;;;;;;;;;;;;;;;;;;;;;;;;;5;15:35;5;15:35;9;22:55;;;;;;;;;;;;;;;;;;;;;;;;;;;;;;;;;;;;;;;;;;;;;;;;;;;;;;;;;;;;;;;;;;;;;;;
S2025;3566;32.0;229.0;7.3;0;0;0;1;04:00;10.33;49.17;37.0;96.5;TIPLAM - GSA - E;61;BERÇO TIPLAM 2;5;04:30;5;04:50;5;04:50;5;04:55;5;04:55;5;05:00;5;05:00;5;05:05;5;05:05;5;05:10;5;05:10;5;05:15;5;05:15;5;05:20;5;05:20;5;05:25;5;05:25;5;05:30;5;05:30;5;05:35;5;05:35;5;05:40;5;05:40;5;05:45;5;05:45;5;05:50;5;05:50;5;05:55;5;05:55;5;06:00;5;06:00;5;06:20;5;06:20;5;07:05;5;07:05;5;07:05;10;00:25;;;;;;;;;;;;;;;;;;;;;;;;;;;;;;;;;;;;;;;;;;;;;;;;;;;;;;;;;;;;;;;;;;;;;;;
S2025;3576;32.0;225.0;7.26;0;0;0;1;12:30;23.83;44.5;1.67;70.0;TEG;56;BERÇO TEG;4;10:30;4;10:50;4;10:50;4;10:55;4;10:55;4;11:00;4;11:00;4;11:05;4;11:05;4;11:40;;;;;;;;;;;;;;;;;;;;;;;;;;;;;;;;;;;;;;;;;;;;;;;;;4;11:40;4;11:40;7;22:55;8;00:00;;;;;;;;;;;;;;;;;;;;;;;;;;;;;;;;;;;;;;;;;;;;;;;;;8;00:00;8;00:10;8;00:10;8;00:15;8;00:15;8;00:20;8;00:20;8;00:25;8;00:25;8;00:45;
S2025;3578;36.0;210.0;8.2;0;0;0;1;14:05;13.0;0.0;98.25;111.25;ELDORADO;21;BERÇO ARM 31;6;05:20;6;05:40;6;05:40;6;05:45;6;05:45;6;05:50;6;05:50;6;05:55;6;05:55;6;06:00;6;06:00;6;06:35;;;;;;;;;;;;;;;;;;;;;;;;;;;;;;;;;;;;;;;;;;;;;6;06:35;6;06:35;8;09:45;8;10:55;;;;;;;;;;;;;;;;;;;;;;;;;;;;;;;;;;;;;;;;;;;;;8;10:55;8;11:05;8;11:05;8;11:10;8;11:10;8;11:15;8;11:15;8;11:20;8;11:20;8;11:25;8;11:25;8;11:45;
S2025;3579;32.0;228.99;7.4;0;0;0;1;15:48;35.0;54.75;0.92;90.67;TES;29;BERÇO ARM 38;5;10:30;5;10:50;5;10:50;5;10:55;5;10:55;5;11:00;5;11:00;5;11:35;;;;;;;;;;;;;;;;;;;;;;;;;;;;;;;;;;;;;;;;;;;;;;;;;;;;;5;11:35;5;11:35;10;10:55;;;;;;;;;;;;;;;;;;;;;;;;;;;;;;;;;;;;;;;;;;;;;;;;;;;;;;;;;;;;;;;;;;;;;;;
S2025;3585;32.0;228.9;8.2;0;0;0;2;05:00;53.17;78.42;3.58;135.17;COPESUCAR;14;BERÇO ARM 20/21;7;20:10;7;20:30;7;20:30;7;20:35;7;20:35;7;20:40;7;20:40;7;20:45;7;20:45;7;20:50;7;20:50;7;20:55;7;20:55;7;21:00;7;21:00;7;21:35;;;;;;;;;;;;;;;;;;;;;;;;;;;;;;;;;;;;;7;21:35;7;21:35;9;21:30;;;;;;;;;;;;;;;;;;;;;;;;;;;;;;;;;;;;;;;;;;;;;;;;;;;;;;;;;;;;;;;;;;;;;;;
S2025;3590;32.0;199.98;6.64;0;0;0;2;13:00;19.25;91.08;14.0;124.33;TIPLAM - GSA - E;62;BERÇO TIPLAM 3;7;17:20;7;17:40;7;17:40;7;17:45;7;17:45;7;17:50;7;17:50;7;17:55;7;17:55;7;18:00;7;18:00;7;18:05;7;18:05;7;18:10;7;18:10;7;18:15;7;18:15;7;18:20;7;18:20;7;18:25;7;18:25;7;18:30;7;18:30;7;18:35;7;18:35;7;18:40;7;18:40;7;18:45;7;18:45;7;18:50;7;18:50;7;19:10;7;19:10;7;19:55;7;19:55;7;19:55;10;17:45;;;;;;;;;;;;;;;;;;;;;;;;;;;;;;;;;;;;;;;;;;;;;;;;;;;;;;;;;;;;;;;;;;;;;;;
S2025;3597;32.0;199.9;8.75;0;0;0;2;20:24;0.0;0.0;0.67;0.67;OUTROS_SABOO;38;BERÇO CS 03;2;21:05;2;21:25;2;21:25;2;21:30;2;21:30;2;21:35;2;21:35;2;21:40;2;21:40;2;21:45;2;21:45;2;21:50;2;21:50;2;21:55;2;21:55;2;22:00;2;22:00;2;22:05;2;22:05;2;22:10;2;22:10;2;22:15;2;22:15;2;22:30;;;;;;;;;;;;;;;;;;;;;2;22:30;2;22:30;10;19:50;;;;;;;;;;;;;;;;;;;;;;;;;;;;;;;;;;;;;;;;;;;;;;;;;;;;;;;;;;;;;;;;;;;;;;;
S2025;3601;32.0;189.99;6.88;0;0;0;3;07:30;1.58;31.42;0.0;33.0;DPW - CGNC;44;BERÇO DPW 3;4;16:30;4;16:50;4;16:50;4;16:55;4;16:55;4;17:00;4;17:00;4;17:05;4;17:05;4;17:10;4;17:10;4;17:15;4;17:15;4;17:20;4;17:20;4;17:25;4;17:25;4;17:30;4;17:30;4;18:05;;;;;;;;;;;;;;;;;;;;;;;;;;;;;4;18:05;4;18:05;8;07:20;8;07:20;;;;;;;;;;;;;;;;;;;;;;;;;;;;;8;07:20;8;07:30;8;07:30;8;07:35;8;07:35;8;07:40;8;07:40;8;07:45;8;07:45;8;07:50;8;07:50;8;07:55;8;07:55;8;08:00;8;08:00;8;08:05;8;08:05;8;08:10;8;08:10;8;08:30;
S2025;3604;36.0;236.32;8.2;0;0;0;3;10:50;2.83;0.0;44.58;47.42;ECOPORTO;70;BERÇO VAL;5;10:15;5;10:35;5;10:35;5;10:40;5;10:40;5;10:45;5;10:45;5;10:50;5;10:50;5;10:55;5;10:55;5;11:00;5;11:00;5;11:05;5;11:05;5;11:10;5;11:10;5;11:15;5;11:15;5;11:20;5;11:20;5;11:25;5;11:25;5;11:40;;;;;;;;;;;;;;;;;;;;;5;11:40;5;11:40;6;14:10;;;;;;;;;;;;;;;;;;;;;;;;;;;;;;;;;;;;;;;;;;;;;;;;;;;;;;;;;;;;;;;;;;;;;;;
S2025;3609;32.0;201.8;9.2;0;0;0;3;13:00;1.25;0.0;17.0;18.25;BRACELL;27;BERÇO ARM 35P2;4;07:15;4;07:35;4;07:35;4;07:40;4;07:40;4;07:45;4;07:45;4;07:50;4;07:50;4;07:55;4;07:55;4;08:30;;;;;;;;;;;;;;;;;;;;;;;;;;;;;;;;;;;;;;;;;;;;;4;08:30;4;08:30;8;08:00;8;12:20;;;;;;;;;;;;;;;;;;;;;;;;;;;;;;;;;;;;;;;;;;;;;8;12:20;8;12:30;8;12:30;8;12:35;8;12:35;8;12:40;8;12:40;8;12:45;8;12:45;8;12:50;8;12:50;8;13:10;
S2025;3610;32.0;229.0;7.9;0;0;0;3;13:20;10.33;62.33;2.5;75.17;TGG;59;BERÇO TGG;6;16:30;6;16:50;6;16:50;6;16:55;6;16:55;6;17:00;6;17:00;6;17:05;6;17:05;6;17:40;;;;;;;;;;;;;;;;;;;;;;;;;;;;;;;;;;;;;;;;;;;;;;;;;6;17:40;6;17:40;8;05:15;8;12:10;;;;;;;;;;;;;;;;;;;;;;;;;;;;;;;;;;;;;;;;;;;;;;;;;8;12:10;8;12:20;8;12:20;8;12:25;8;12:25;8;12:30;8;12:30;8;12:35;8;12:35;8;12:55;
S2025;3612;30.0;179.99;9.86;0;0;0;3;17:06;4.17;0.0;26.67;30.83;TIPLAM - GSM - I;63;BERÇO TIPLAM 4;5;00:00;5;00:20;5;00:20;5;00:25;5;00:25;5;00:30;5;00:30;5;00:35;5;00:35;5;00:40;5;00:40;5;00:45;5;00:45;5;00:50;5;00:50;5;00:55;5;00:55;5;01:00;5;01:00;5;01:05;5;01:05;5;01:10;5;01:10;5;01:15;5;01:15;5;01:20;5;01:20;5;01:25;5;01:25;5;01:30;5;01:30;5;01:50;5;01:50;5;02:05;5;02:05;5;02:05;9;15:20;;;;;;;;;;;;;;;;;;;;;;;;;;;;;;;;;;;;;;;;;;;;;;;;;;;;;;;;;;;;;;;;;;;;;;;
S2025;3619;32.0;179.99;9.1;0;0;0;4;04:42;5.42;0.0;4.67;10.08;USIMINAS;67;BERÇO USIMINAS 3;4;14:50;4;15:10;4;15:10;4;15:15;4;15:15;4;15:20;4;15:20;4;15:25;4;15:25;4;15:30;4;15:30;4;15:35;4;15:35;4;15:40;4;15:40;4;15:45;4;15:45;4;15:50;4;15:50;4;15:55;4;15:55;4;16:00;4;16:00;4;16:05;4;16:05;4;16:10;4;16:10;4;16:15;4;16:15;4;16:20;4;16:20;4;16:40;4;16:40;4;16:55;4;16:55;4;16:55;9;06:35;;;;;;;;;;;;;;;;;;;;;;;;;;;;;;;;;;;;;;;;;;;;;;;;;;;;;;;;;;;;;;;;;;;;;;;
S2025;3621;32.0;189.99;6.9;0;0;0;4;08:06;10.75;0.0;58.17;68.92;TGRAO;71;BERÇO OUT 2;7;05:05;7;05:25;7;05:25;7;05:30;7;05:30;7;05:35;7;05:35;7;05:40;7;05:40;7;05:45;7;05:45;7;05:50;7;05:50;7;06:25;;;;;;;;;;;;;;;;;;;;;;;;;;;;;;;;;;;;;;;;;7;06:25;7;06:25;11;12:50;;;;;;;;;;;;;;;;;;;;;;;;;;;;;;;;;;;;;;;;;;;;;;;;;;;;;;;;;;;;;;;;;;;;;;;
S2025;3623;32.0;189.99;10.55;0;0;0;4;10:30;0.0;0.0;10.25;10.25;OUTROS_MACUCO;18;BERÇO ARM 29;4;20:45;4;21:05;4;21:05;4;21:10;4;21:10;4;21:15;4;21:15;4;21:20;4;21:20;4;21:25;4;21:25;4;21:30;4;21:30;4;21:45;;;;;;;;;;;;;;;;;;;;;;;;;;;;;;;;;;;;;;;;;4;21:45;4;21:45;10;05:40;;;;;;;;;;;;;;;;;;;;;;;;;;;;;;;;;;;;;;;;;;;;;;;;;;;;;;;;;;;;;;;;;;;;;;;
S2025;3627;36.0;210.0;8.3;0;0;0;4;13:45;1.17;0.0;14.92;16.08;BRACELL;73;BERÇO ARM 35P1;5;05:50;5;06:10;5;06:10;5;06:15;5;06:15;5;06:20;5;06:20;5;06:25;5;06:25;5;07:00;;;;;;;;;;;;;;;;;;;;;;;;;;;;;;;;;;;;;;;;;;;;;;;;;5;07:00;5;07:00;8;23:05;;;;;;;;;;;;;;;;;;;;;;;;;;;;;;;;;;;;;;;;;;;;;;;;;;;;;;;;;;;;;;;;;;;;;;;
S2025;3641;24.0;145.05;11.7;0;0;0;5;09:30;4.67;7.67;0.0;12.33;STOLTHAVEN;4;BERÇO AL 03;5;21:50;5;22:10;5;22:10;5;22:15;5;22:15;5;22:20;5;22:20;5;22:25;5;22:25;5;22:30;5;22:30;5;22:35;5;22:35;5;22:40;5;22:40;5;22:45;5;22:45;5;22:50;5;22:50;5;22:55;5;22:55;5;23:00;5;23:00;5;23:05;5;23:05;5;23:10;5;23:10;5;23:45;;;;;;;;;;;;;5;23:45;5;23:45;10;05:15;;;;;;;;;;;;;;;;;;;;;;;;;;;;;;;;;;;;;;;;;;;;;;;;;;;;;;;;;;;;;;;;;;;;;;;
S2025;3647;32.0;199.99;9.5;0;0;0;5;13:30;18.17;37.25;1.75;57.17;TEAG;51;BERÇO TEAG;7;22:40;7;23:00;7;23:00;7;23:05;7;23:05;7;23:10;7;23:10;7;23:15;7;23:15;7;23:50;;;;;;;;;;;;;;;;;;;;;;;;;;;;;;;;;;;;;;;;;;;;;;;;;7;23:50;7;23:50;10;17:25;;;;;;;;;;;;;;;;;;;;;;;;;;;;;;;;;;;;;;;;;;;;;;;;;;;;;;;;;;;;;;;;;;;;;;;
S2025;3648;32.0;228.99;13.48;0;0;0;5;15:06;1.25;0.0;1.25;2.5;TIPLAM - GSM - I;60;BERÇO TIPLAM 1;5;17:40;5;18:00;5;18:00;5;18:05;5;18:05;5;18:10;5;18:10;5;18:15;5;18:15;5;18:20;5;18:20;5;18:25;5;18:25;5;18:30;5;18:30;5;18:35;5;18:35;5;18:40;5;18:40;5;18:45;5;18:45;5;18:50;5;18:50;5;18:55;5;18:55;5;19:00;5;19:00;5;19:05;5;19:05;5;19:10;5;19:10;5;19:30;5;19:30;5;20:15;5;20:15;5;20:15;12;02:20;;;;;;;;;;;;;;;;;;;;;;;;;;;;;;;;;;;;;;;;;;;;;;;;;;;;;;;;;;;;;;;;;;;;;;;
S2025;3653;32.0;228.62;10.2;0;0;0;6;04:55;0.0;12.5;0.33;12.83;SANTOSBR;52;BERÇO TECON 1.1;6;17:45;6;18:05;6;18:05;6;18:10;6;18:10;6;18:15;6;18:15;6;18:20;6;18:20;6;18:25;6;18:25;6;18:40;;;;;;;;;;;;;;;;;;;;;;;;;;;;;;;;;;;;;;;;;;;;;6;18:40;6;18:40;8;06:25;8;06:25;;;;;;;;;;;;;;;;;;;;;;;;;;;;;;;;;;;;;;;;;;;;;8;06:25;8;06:55;8;06:55;8;07:00;8;07:00;8;07:05;8;07:05;8;07:10;8;07:10;8;07:15;8;07:15;8;07:35;
S2025;3655;48.0;330.0;14.5;0;0;0;6;05:30;29.83;0.67;0.92;31.42;BTP;33;BERÇO BTP 2;7;12:55;7;13:15;7;13:15;7;13:20;7;13:20;7;13:25;7;13:25;7;13:30;7;13:30;7;13:35;7;13:35;7;13:40;7;13:40;7;13:45;7;13:45;7;13:50;7;13:50;7;13:55;7;13:55;7;14:00;7;14:00;7;14:05;7;14:05;7;14:10;7;14:10;7;14:25;;;;;;;;;;;;;;;;;7;14:25;7;14:25;8;09:35;8;12:00;;;;;;;;;;;;;;;;;8;12:00;8;12:30;8;12:30;8;12:35;8;12:35;8;12:40;8;12:40;8;12:45;8;12:45;8;12:50;8;12:50;8;12:55;8;12:55;8;13:00;8;13:00;8;13:05;8;13:05;8;13:10;8;13:10;8;13:15;8;13:15;8;13:20;8;13:20;8;13:25;8;13:25;8;13:45;
S2025;3656;32.0;189.99;11.0;0;0;0;6;08:00;0.0;0.0;0.83;0.83;OUTROS_MACUCO;24;BERÇO ARM 33;6;08:50;6;09:10;6;09:10;6;09:15;6;09:15;6;09:20;6;09:20;6;09:25;6;09:25;6;09:30;6;09:30;6;09:45;;;;;;;;;;;;;;;;;;;;;;;;;;;;;;;;;;;;;;;;;;;;;6;09:45;6;09:45;10;13:20;;;;;;;;;;;;;;;;;;;;;;;;;;;;;;;;;;;;;;;;;;;;;;;;;;;;;;;;;;;;;;;;;;;;;;;
S2025;3657;27.0;188.32;7.6;0;0;0;6;08:00;0.0;0.0;0.25;0.25;ECOPORTO;35;BERÇO CORTE;6;08:15;6;08:35;6;08:35;6;08:40;6;08:40;6;08:45;6;08:45;6;08:50;6;08:50;6;08:55;6;08:55;6;09:00;6;09:00;6;09:05;6;09:05;6;09:10;6;09:10;6;09:15;6;09:15;6;09:20;6;09:20;6;09:25;6;09:25;6;09:40;;;;;;;;;;;;;;;;;;;;;6;09:40;6;09:40;15;06:40;;;;;;;;;;;;;;;;;;;;;;;;;;;;;;;;;;;;;;;;;;;;;;;;;;;;;;;;;;;;;;;;;;;;;;;
S2025;3662;32.0;225.0;11.2;0;0;0;6;13:42;0.0;0.0;0.42;0.42;DPW - CGNC;45;BERÇO DPW 4;6;14:10;6;14:30;6;14:30;6;14:35;6;14:35;6;14:40;6;14:40;6;14:45;6;14:45;6;14:50;6;14:50;6;14:55;6;14:55;6;15:00;6;15:00;6;15:05;6;15:05;6;15:10;6;15:10;6;15:45;;;;;;;;;;;;;;;;;;;;;;;;;;;;;6;15:45;6;15:45;9;06:45;;;;;;;;;;;;;;;;;;;;;;;;;;;;;;;;;;;;;;;;;;;;;;;;;;;;;;;;;;;;;;;;;;;;;;;
S2025;3664;32.0;225.0;7.28;0;0;0;6;14:00;1.25;15.33;1.25;17.83;FIBRIA;23;BERÇO ARM 32;7;07:50;7;08:10;7;08:10;7;08:15;7;08:15;7;08:20;7;08:20;7;08:25;7;08:25;7;08:30;7;08:30;7;09:05;;;;;;;;;;;;;;;;;;;;;;;;;;;;;;;;;;;;;;;;;;;;;7;09:05;7;09:05;10;09:00;;;;;;;;;;;;;;;;;;;;;;;;;;;;;;;;;;;;;;;;;;;;;;;;;;;;;;;;;;;;;;;;;;;;;;;
S2025;3666;40.0;278.94;10.7;0;0;0;6;15:00;1.25;16.25;0.25;17.75;SANTOSBR;54;BERÇO TECON 2;7;08:45;7;09:05;7;09:05;7;09:10;7;09:10;7;09:15;7;09:15;7;09:20;7;09:20;7;09:25;7;09:25;7;10:00;;;;;;;;;;;;;;;;;;;;;;;;;;;;;;;;;;;;;;;;;;;;;7;10:00;7;10:00;8;20:10;8;20:25;;;;;;;;;;;;;;;;;;;;;;;;;;;;;;;;;;;;;;;;;;;;;8;20:25;8;20:35;8;20:35;8;20:40;8;20:40;8;20:45;8;20:45;8;20:50;8;20:50;8;20:55;8;20:55;8;21:15;
S2025;3667;32.0;183.0;10.8;0;0;0;6;15:00;1.58;10.5;1.5;13.58;VOPAK;5;BERÇO AL 04;7;04:35;7;04:55;7;04:55;7;05:00;7;05:00;7;05:05;7;05:05;7;05:10;7;05:10;7;05:15;7;05:15;7;05:20;7;05:20;7;05:25;7;05:25;7;05:30;7;05:30;7;05:35;7;05:35;7;05:40;7;05:40;7;05:45;7;05:45;7;05:50;7;05:50;7;05:55;7;05:55;7;06:10;;;;;;;;;;;;;7;06:10;7;06:10;9;22:35;;;;;;;;;;;;;;;;;;;;;;;;;;;;;;;;;;;;;;;;;;;;;;;;;;;;;;;;;;;;;;;;;;;;;;;
S2025;3672;17.0;82.3;4.5;0;0;0;6;20:00;0.0;0.0;0.0;0.0;SAIPEM;50;BERÇO SAIPEM 3;6;20:00;6;20:20;6;20:20;6;20:55;;;;;;;;;;;;;;;;;;;;;;;;;;;;;;;;;;;;;;;;;;;;;;;;;;;;;;;;;;;;;6;20:55;6;20:55;8;21:30;8;23:15;;;;;;;;;;;;;;;;;;;;;;;;;;;;;;;;;;;;;;;;;;;;;;;;;;;;;;;;;;;;;8;23:15;8;23:25;8;23:25;8;23:45;
S2025;3673;18.0;76.0;6.0;0;0;0;6;21:00;0.92;3.5;1.67;6.08;SAIPEM;49;BERÇO SAIPEM 2;7;03:05;7;03:25;7;03:25;7;04:00;;;;;;;;;;;;;;;;;;;;;;;;;;;;;;;;;;;;;;;;;;;;;;;;;;;;;;;;;;;;;7;04:00;7;04:00;8;09:25;8;09:30;;;;;;;;;;;;;;;;;;;;;;;;;;;;;;;;;;;;;;;;;;;;;;;;;;;;;;;;;;;;;8;09:30;8;09:40;8;09:40;8;10:00;
S2025;3674;48.0;333.2;9.8;0;0;0;6;21:40;19.0;2.92;0.33;22.25;DPW - CGC;42;BERÇO DPW 1;7;19:55;7;20:15;7;20:15;7;20:20;7;20:20;7;20:25;7;20:25;7;20:30;7;20:30;7;20:35;7;20:35;7;20:40;7;20:40;7;20:45;7;20:45;7;20:50;7;20:50;7;20:55;7;20:55;7;21:00;7;21:00;7;21:15;;;;;;;;;;;;;;;;;;;;;;;;;7;21:15;7;21:15;9;04:25;;;;;;;;;;;;;;;;;;;;;;;;;;;;;;;;;;;;;;;;;;;;;;;;;;;;;;;;;;;;;;;;;;;;;;;
S2025;3676;25.0;182.47;8.1;0;0;0;6;23:00;1.0;10.17;3.25;14.42;SANTOSBR;53;BERÇO TECON 1.2;7;13:25;7;13:45;7;13:45;7;13:50;7;13:50;7;13:55;7;13:55;7;14:00;7;14:00;7;14:05;7;14:05;7;14:40;;;;;;;;;;;;;;;;;;;;;;;;;;;;;;;;;;;;;;;;;;;;;7;14:40;7;14:40;8;21:30;8;22:35;;;;;;;;;;;;;;;;;;;;;;;;;;;;;;;;;;;;;;;;;;;;;8;22:35;8;22:45;8;22:45;8;22:50;8;22:50;8;22:55;8;22:55;8;23:00;8;23:00;8;23:05;8;23:05;8;23:25;
S2025;3678;37.0;255.0;11.3;0;0;0;7;01:00;0.0;0.0;3.83;3.83;DPW - CGC;43;BERÇO DPW 2;7;04:50;7;05:10;7;05:10;7;05:15;7;05:15;7;05:20;7;05:20;7;05:25;7;05:25;7;05:30;7;05:30;7;05:35;7;05:35;7;05:40;7;05:40;7;05:45;7;05:45;7;05:50;7;05:50;7;05:55;7;05:55;7;06:30;;;;;;;;;;;;;;;;;;;;;;;;;7;06:30;7;06:30;7;20:55;8;02:10;;;;;;;;;;;;;;;;;;;;;;;;;8;02:10;8;02:20;8;02:20;8;02:25;8;02:25;8;02:30;8;02:30;8;02:35;8;02:35;8;02:40;8;02:40;8;02:45;8;02:45;8;02:50;8;02:50;8;02:55;8;02:55;8;03:00;8;03:00;8;03:05;8;03:05;8;03:25;
S2025;3679;27.0;183.0;7.5;0;0;0;7;08:00;0.0;0.0;0.5;0.5;TRANSPETRO;2;BERÇO AL 01;7;08:30;7;08:50;7;08:50;7;08:55;7;08:55;7;09:00;7;09:00;7;09:05;7;09:05;7;09:10;7;09:10;7;09:15;7;09:15;7;09:20;7;09:20;7;09:25;7;09:25;7;09:30;7;09:30;7;09:35;7;09:35;7;09:40;7;09:40;7;09:45;7;09:45;7;09:50;7;09:50;7;10:25;;;;;;;;;;;;;7;10:25;7;10:25;9;09:05;;;;;;;;;;;;;;;;;;;;;;;;;;;;;;;;;;;;;;;;;;;;;;;;;;;;;;;;;;;;;;;;;;;;;;;
S2025;3682;30.0;199.2;8.64;0;0;0;7;10:00;0.0;0.0;2.0;2.0;OUTROS_SABOO;36;BERÇO CS 01;7;12:00;7;12:20;7;12:20;7;12:25;7;12:25;7;12:30;7;12:30;7;12:35;7;12:35;7;12:40;7;12:40;7;12:45;7;12:45;7;12:50;7;12:50;7;12:55;7;12:55;7;13:00;7;13:00;7;13:05;7;13:05;7;13:10;7;13:10;7;13:25;;;;;;;;;;;;;;;;;;;;;7;13:25;7;13:25;10;22:05;;;;;;;;;;;;;;;;;;;;;;;;;;;;;;;;;;;;;;;;;;;;;;;;;;;;;;;;;;;;;;;;;;;;;;;
S2025;3684;51.0;335.95;14.0;0;0;0;7;11:30;1.17;7.75;0.0;8.92;SANTOSBR;55;BERÇO TECON 3;7;20:25;7;20:45;7;20:45;7;20:50;7;20:50;7;20:55;7;20:55;7;21:00;7;21:00;7;21:05;7;21:05;7;21:20;;;;;;;;;;;;;;;;;;;;;;;;;;;;;;;;;;;;;;;;;;;;;7;21:20;7;21:20;8;22:50;;;;;;;;;;;;;;;;;;;;;;;;;;;;;;;;;;;;;;;;;;;;;;;;;;;;;;;;;;;;;;;;;;;;;;;
S2025;3685;48.0;330.0;14.5;0;0;0;7;12:00;0.33;0.0;0.0;0.33;BTP;32;BERÇO BTP 1;7;12:20;7;12:40;7;12:40;7;12:45;7;12:45;7;12:50;7;12:50;7;12:55;7;12:55;7;13:00;7;13:00;7;13:05;7;13:05;7;13:10;7;13:10;7;13:15;7;13:15;7;13:20;7;13:20;7;13:25;7;13:25;7;13:30;7;13:30;7;13:35;7;13:35;7;13:50;;;;;;;;;;;;;;;;;7;13:50;7;13:50;8;12:25;8;19:50;;;;;;;;;;;;;;;;;8;19:50;8;20:20;8;20:20;8;20:25;8;20:25;8;20:30;8;20:30;8;20:35;8;20:35;8;20:40;8;20:40;8;20:45;8;20:45;8;20:50;8;20:50;8;20:55;8;20:55;8;21:00;8;21:00;8;21:05;8;21:05;8;21:10;8;21:10;8;21:15;8;21:15;8;21:35;
S2025;3687;32.0;229.0;8.16;0;0;0;7;13:00;0.0;0.0;0.17;0.17;HIDROVIAS;15;BERÇO ARM 22/23;7;13:10;7;13:30;7;13:30;7;13:35;7;13:35;7;13:40;7;13:40;7;13:45;7;13:45;7;13:50;7;13:50;7;13:55;7;13:55;7;14:00;7;14:00;7;14:15;;;;;;;;;;;;;;;;;;;;;;;;;;;;;;;;;;;;;7;14:15;7;14:15;8;15:15;8;15:55;;;;;;;;;;;;;;;;;;;;;;;;;;;;;;;;;;;;;8;15:55;8;16:25;8;16:25;8;16:30;8;16:30;8;16:35;8;16:35;8;16:40;8;16:40;8;16:45;8;16:45;8;16:50;8;16:50;8;16:55;8;16:55;8;17:15;
S2025;3688;32.0;228.99;8.67;0;0;0;7;15:25;0.0;0.0;2.67;2.67;CUTRALE - GSA - E;40;BERÇO CUTRALE;7;18:05;7;18:25;7;18:25;7;18:30;7;18:30;7;18:35;7;18:35;7;19:10;;;;;;;;;;;;;;;;;;;;;;;;;;;;;;;;;;;;;;;;;;;;;;;;;;;;;7;19:10;7;19:10;8;15:50;8;16:20;;;;;;;;;;;;;;;;;;;;;;;;;;;;;;;;;;;;;;;;;;;;;;;;;;;;;8;16:20;8;16:30;8;16:30;8;16:35;8;16:35;8;16:40;8;16:40;8;17:00;
S2025;3689;24.0;144.09;9.3;0;0;0;7;16:30;0.0;0.0;1.08;1.08;AGEO_TERMINAIS;1;BERÇO Ageo I;7;17:35;7;17:55;7;17:55;7;18:00;7;18:00;7;18:05;7;18:05;7;18:10;7;18:10;7;18:15;7;18:15;7;18:20;7;18:20;7;18:25;7;18:25;7;18:30;7;18:30;7;18:35;7;18:35;7;18:40;7;18:40;7;18:45;7;18:45;7;19:00;;;;;;;;;;;;;;;;;;;;;7;19:00;7;19:00;10;03:20;;;;;;;;;;;;;;;;;;;;;;;;;;;;;;;;;;;;;;;;;;;;;;;;;;;;;;;;;;;;;;;;;;;;;;;
S2025;3404;32.0;229.0;6.91;0;0;0;-9;00:30;313.58;85.5;23.08;422.17;XXXIX;28;BERÇO ARM 37;8;14:40;8;15:00;8;15:00;8;15:05;8;15:05;8;15:10;8;15:10;8;15:45;;;;;;;;;;;;;;;;;;;;;;;;;;;;;;;;;;;;;;;;;;;;;;;;;;;;;8;15:45;8;15:45;11;08:05;;;;;;;;;;;;;;;;;;;;;;;;;;;;;;;;;;;;;;;;;;;;;;;;;;;;;;;;;;;;;;;;;;;;;;;
S2025;3504;32.0;199.96;10.96;0;0;0;-4;11:48;122.67;90.83;80.58;294.08;ADM;30;BERÇO ARM 39;8;17:55;8;18:15;8;18:15;8;18:20;8;18:20;8;18:25;8;18:25;8;19:00;;;;;;;;;;;;;;;;;;;;;;;;;;;;;;;;;;;;;;;;;;;;;;;;;;;;;8;19:00;8;19:00;9;12:05;;;;;;;;;;;;;;;;;;;;;;;;;;;;;;;;;;;;;;;;;;;;;;;;;;;;;;;;;;;;;;;;;;;;;;;
S2025;3628;32.0;201.8;11.7;0;0;0;4;14:00;55.92;22.17;17.75;95.83;ELDORADO;21;BERÇO ARM 31;8;13:50;8;14:10;8;14:10;8;14:15;8;14:15;8;14:20;8;14:20;8;14:25;8;14:25;8;14:30;8;14:30;8;15:05;;;;;;;;;;;;;;;;;;;;;;;;;;;;;;;;;;;;;;;;;;;;;8;15:05;8;15:05;10;15:40;;;;;;;;;;;;;;;;;;;;;;;;;;;;;;;;;;;;;;;;;;;;;;;;;;;;;;;;;;;;;;;;;;;;;;;
S2025;3644;32.0;225.0;6.1;0;0;0;5;10:30;19.67;41.92;1.08;62.67;TEG;56;BERÇO TEG;8;01:10;8;01:30;8;01:30;8;01:35;8;01:35;8;01:40;8;01:40;8;01:45;8;01:45;8;02:20;;;;;;;;;;;;;;;;;;;;;;;;;;;;;;;;;;;;;;;;;;;;;;;;;8;02:20;8;02:20;11;03:45;;;;;;;;;;;;;;;;;;;;;;;;;;;;;;;;;;;;;;;;;;;;;;;;;;;;;;;;;;;;;;;;;;;;;;;
S2025;3645;36.0;229.0;7.65;0;0;0;5;12:00;10.33;64.08;0.0;74.42;TGG;59;BERÇO TGG;8;14:25;8;14:45;8;14:45;8;14:50;8;14:50;8;14:55;8;14:55;8;15:00;8;15:00;8;15:35;;;;;;;;;;;;;;;;;;;;;;;;;;;;;;;;;;;;;;;;;;;;;;;;;8;15:35;8;15:35;10;20:40;;;;;;;;;;;;;;;;;;;;;;;;;;;;;;;;;;;;;;;;;;;;;;;;;;;;;;;;;;;;;;;;;;;;;;;
S2025;3683;32.0;260.0;10.8;0;0;0;7;11:18;1.33;12.25;0.0;13.58;DPW - CGC;43;BERÇO DPW 2;8;00:55;8;01:15;8;01:15;8;01:20;8;01:20;8;01:25;8;01:25;8;01:30;8;01:30;8;01:35;8;01:35;8;01:40;8;01:40;8;01:45;8;01:45;8;01:50;8;01:50;8;01:55;8;01:55;8;02:00;8;02:00;8;02:15;;;;;;;;;;;;;;;;;;;;;;;;;8;02:15;8;02:15;9;00:05;;;;;;;;;;;;;;;;;;;;;;;;;;;;;;;;;;;;;;;;;;;;;;;;;;;;;;;;;;;;;;;;;;;;;;;
S2025;3690;40.0;293.18;13.2;0;0;0;7;17:00;0.92;25.92;0.0;26.83;SANTOSBR;54;BERÇO TECON 2;8;19:50;8;20:10;8;20:10;8;20:15;8;20:15;8;20:20;8;20:20;8;20:25;8;20:25;8;20:30;8;20:30;8;20:45;;;;;;;;;;;;;;;;;;;;;;;;;;;;;;;;;;;;;;;;;;;;;8;20:45;8;20:45;10;06:00;;;;;;;;;;;;;;;;;;;;;;;;;;;;;;;;;;;;;;;;;;;;;;;;;;;;;;;;;;;;;;;;;;;;;;;
S2025;3697;31.0;225.16;10.6;0;0;0;8;09:00;0.0;0.0;0.0;0.0;SANTOSBR;52;BERÇO TECON 1.1;8;09:00;8;09:20;8;09:20;8;09:25;8;09:25;8;09:30;8;09:30;8;09:35;8;09:35;8;09:40;8;09:40;8;09:55;;;;;;;;;;;;;;;;;;;;;;;;;;;;;;;;;;;;;;;;;;;;;8;09:55;8;09:55;8;22:00;;;;;;;;;;;;;;;;;;;;;;;;;;;;;;;;;;;;;;;;;;;;;;;;;;;;;;;;;;;;;;;;;;;;;;;
S2025;3691;32.0;199.99;11.7;0;0;0;7;21:00;0.92;13.33;4.08;18.33;OUTROS_MACUCO;27;BERÇO ARM 35P2;8;15:20;8;15:40;8;15:40;8;15:45;8;15:45;8;15:50;8;15:50;8;15:55;8;15:55;8;16:00;8;16:00;8;16:15;;;;;;;;;;;;;;;;;;;;;;;;;;;;;;;;;;;;;;;;;;;;;8;16:15;8;16:15;20;04:55;;;;;;;;;;;;;;;;;;;;;;;;;;;;;;;;;;;;;;;;;;;;;;;;;;;;;;;;;;;;;;;;;;;;;;;
S2025;3693;30.0;179.97;8.54;0;0;0;8;01:00;2.0;19.67;0.0;21.67;HIDROVIAS;15;BERÇO ARM 22/23;8;22:40;8;23:00;8;23:00;8;23:05;8;23:05;8;23:10;8;23:10;8;23:15;8;23:15;8;23:20;8;23:20;8;23:25;8;23:25;8;23:30;8;23:30;8;23:45;;;;;;;;;;;;;;;;;;;;;;;;;;;;;;;;;;;;;8;23:45;8;23:45;10;22:40;;;;;;;;;;;;;;;;;;;;;;;;;;;;;;;;;;;;;;;;;;;;;;;;;;;;;;;;;;;;;;;;;;;;;;;
S2025;3694;32.2;182.9;8.3;0;0;0;8;02:10;0.0;0.0;1.33;1.33;AGEO_TERMINAIS;77;BERÇO IB OE;8;03:30;8;03:50;8;03:50;8;03:55;8;03:55;8;04:00;8;04:00;8;04:05;8;04:05;8;04:10;8;04:10;8;04:15;8;04:15;8;04:20;8;04:20;8;04:25;8;04:25;8;04:30;8;04:30;8;04:35;8;04:35;8;04:40;8;04:40;8;05:15;;;;;;;;;;;;;;;;;;;;;8;05:15;8;05:15;11;13:10;;;;;;;;;;;;;;;;;;;;;;;;;;;;;;;;;;;;;;;;;;;;;;;;;;;;;;;;;;;;;;;;;;;;;;;
S2025;3700;27.0;158.98;7.1;0;0;0;8;12:36;0.0;0.0;3.0;3.0;AGEO_TERMINAIS;46;BERÇO IB BC;8;15:40;8;16:00;8;16:00;8;16:05;8;16:05;8;16:10;8;16:10;8;16:15;8;16:15;8;16:20;8;16:20;8;16:25;8;16:25;8;16:30;8;16:30;8;16:35;8;16:35;8;16:40;8;16:40;8;16:45;8;16:45;8;16:50;8;16:50;8;17:25;;;;;;;;;;;;;;;;;;;;;8;17:25;8;17:25;12;09:00;;;;;;;;;;;;;;;;;;;;;;;;;;;;;;;;;;;;;;;;;;;;;;;;;;;;;;;;;;;;;;;;;;;;;;;
S2025;3696;26.0;169.06;8.7;0;0;0;8;08:30;0.0;0.0;0.08;0.08;VOPAK;3;BERÇO AL 02;8;08:35;8;08:55;8;08:55;8;09:00;8;09:00;8;09:05;8;09:05;8;09:10;8;09:10;8;09:15;8;09:15;8;09:20;8;09:20;8;09:25;8;09:25;8;09:30;8;09:30;8;09:35;8;09:35;8;09:40;8;09:40;8;09:45;8;09:45;8;09:50;8;09:50;8;09:55;8;09:55;8;10:30;;;;;;;;;;;;;8;10:30;8;10:30;10;07:45;;;;;;;;;;;;;;;;;;;;;;;;;;;;;;;;;;;;;;;;;;;;;;;;;;;;;;;;;;;;;;;;;;;;;;;
S2025;3698;45.0;299.9;12.35;0;0;0;8;10:00;0.0;0.0;0.08;0.08;BTP;34;BERÇO BTP 3;8;10:05;8;10:25;8;10:25;8;10:30;8;10:30;8;10:35;8;10:35;8;10:40;8;10:40;8;10:45;8;10:45;8;10:50;8;10:50;8;10:55;8;10:55;8;11:00;8;11:00;8;11:05;8;11:05;8;11:10;8;11:10;8;11:15;8;11:15;8;11:20;8;11:20;8;11:55;;;;;;;;;;;;;;;;;8;11:55;8;11:55;9;00:10;;;;;;;;;;;;;;;;;;;;;;;;;;;;;;;;;;;;;;;;;;;;;;;;;;;;;;;;;;;;;;;;;;;;;;;
S2025;3703;48.0;299.0;8.5;0;0;0;8;16:00;0.0;2.58;0.0;2.58;BTP;32;BERÇO BTP 1;8;18:35;8;18:55;8;18:55;8;19:00;8;19:00;8;19:05;8;19:05;8;19:10;8;19:10;8;19:15;8;19:15;8;19:20;8;19:20;8;19:25;8;19:25;8;19:30;8;19:30;8;19:35;8;19:35;8;19:40;8;19:40;8;19:45;8;19:45;8;19:50;8;19:50;8;20:05;;;;;;;;;;;;;;;;;8;20:05;8;20:05;9;13:35;;;;;;;;;;;;;;;;;;;;;;;;;;;;;;;;;;;;;;;;;;;;;;;;;;;;;;;;;;;;;;;;;;;;;;;
S2025;3706;32.0;204.85;7.5;0;0;0;8;19:00;0.0;0.0;0.0;0.0;CUTRALE - GL;40;BERÇO CUTRALE;8;19:00;8;19:20;8;19:20;8;19:25;8;19:25;8;19:30;8;19:30;8;20:05;;;;;;;;;;;;;;;;;;;;;;;;;;;;;;;;;;;;;;;;;;;;;;;;;;;;;8;20:05;8;20:05;12;07:10;;;;;;;;;;;;;;;;;;;;;;;;;;;;;;;;;;;;;;;;;;;;;;;;;;;;;;;;;;;;;;;;;;;;;;;
S2025;3246;32.0;189.9;6.3;0;0;0;-19;16:00;467.0;0.0;48.5;515.5;COFCO;9;BERÇO ARM 12A;3;03:30;3;03:50;3;03:50;3;03:55;3;03:55;3;04:00;3;04:00;3;04:05;3;04:05;3;04:10;3;04:10;3;04:15;3;04:15;3;04:20;3;04:20;3;04:25;3;04:25;3;05:00;;;;;;;;;;;;;;;;;;;;;;;;;;;;;;;;;3;05:00;3;05:00;9;05:40;9;05:45;;;;;;;;;;;;;;;;;;;;;;;;;;;;;;;;;9;05:45;9;05:55;9;05:55;9;06:00;9;06:00;9;06:05;9;06:05;9;06:10;9;06:10;9;06:15;9;06:15;9;06:20;9;06:20;9;06:25;9;06:25;9;06:30;9;06:30;9;06:50;
S2025;3403;32.0;229.0;8.1;0;0;0;-10;22:18;295.92;0.0;92.33;388.25;ELEVACOES;12;BERÇO ARM 16/17;7;02:35;7;02:55;7;02:55;7;03:00;7;03:00;7;03:05;7;03:05;7;03:10;7;03:10;7;03:15;7;03:15;7;03:20;7;03:20;7;03:25;7;03:25;7;03:30;7;03:30;7;04:05;;;;;;;;;;;;;;;;;;;;;;;;;;;;;;;;;7;04:05;7;04:05;8;18:25;9;00:20;;;;;;;;;;;;;;;;;;;;;;;;;;;;;;;;;9;00:20;9;00:30;9;00:30;9;00:35;9;00:35;9;00:40;9;00:40;9;00:45;9;00:45;9;00:50;9;00:50;9;00:55;9;00:55;9;01:00;9;01:00;9;01:05;9;01:05;9;01:25;
S2025;3404;32.0;229.0;6.91;0;0;0;-9;00:30;313.58;85.5;23.08;422.17;XXXIX;28;BERÇO ARM 37;8;14:40;8;15:00;8;15:00;8;15:05;8;15:05;8;15:10;8;15:10;8;15:45;;;;;;;;;;;;;;;;;;;;;;;;;;;;;;;;;;;;;;;;;;;;;;;;;;;;;8;15:45;8;15:45;11;08:05;;;;;;;;;;;;;;;;;;;;;;;;;;;;;;;;;;;;;;;;;;;;;;;;;;;;;;;;;;;;;;;;;;;;;;;
S2025;3414;32.0;199.98;6.22;0;0;0;-9;08:06;267.08;0.0;111.58;378.67;ELEVACOES;13;BERÇO ARM 19;7;02:50;7;03:10;7;03:10;7;03:15;7;03:15;7;03:20;7;03:20;7;03:25;7;03:25;7;03:30;7;03:30;7;03:35;7;03:35;7;03:40;7;03:40;7;04:15;;;;;;;;;;;;;;;;;;;;;;;;;;;;;;;;;;;;;7;04:15;7;04:15;10;07:40;;;;;;;;;;;;;;;;;;;;;;;;;;;;;;;;;;;;;;;;;;;;;;;;;;;;;;;;;;;;;;;;;;;;;;;
S2025;3421;32.0;225.0;6.91;0;0;0;-9;16:30;263.0;50.42;71.92;385.33;COFCO;10;BERÇO ARM 13/14;7;17:50;7;18:10;7;18:10;7;18:15;7;18:15;7;18:20;7;18:20;7;18:25;7;18:25;7;18:30;7;18:30;7;18:35;7;18:35;7;18:40;7;18:40;7;18:45;7;18:45;7;19:20;;;;;;;;;;;;;;;;;;;;;;;;;;;;;;;;;7;19:20;7;19:20;10;12:05;;;;;;;;;;;;;;;;;;;;;;;;;;;;;;;;;;;;;;;;;;;;;;;;;;;;;;;;;;;;;;;;;;;;;;;
S2025;3504;32.0;199.96;10.96;0;0;0;-4;11:48;122.67;90.83;80.58;294.08;ADM;30;BERÇO ARM 39;8;17:55;8;18:15;8;18:15;8;18:20;8;18:20;8;18:25;8;18:25;8;19:00;;;;;;;;;;;;;;;;;;;;;;;;;;;;;;;;;;;;;;;;;;;;;;;;;;;;;8;19:00;8;19:00;9;12:05;9;12:05;;;;;;;;;;;;;;;;;;;;;;;;;;;;;;;;;;;;;;;;;;;;;;;;;;;;;9;12:05;9;12:15;9;12:15;9;12:20;9;12:20;9;12:25;9;12:25;9;12:45;
S2025;3537;33.0;229.0;13.02;0;0;0;-1;06:00;43.67;0.0;60.17;103.83;TERMAG;57;BERÇO TERMAG;3;13:50;3;14:10;3;14:10;3;14:15;3;14:15;3;14:20;3;14:20;3;14:25;3;14:25;3;14:40;;;;;;;;;;;;;;;;;;;;;;;;;;;;;;;;;;;;;;;;;;;;;;;;;3;14:40;3;14:40;11;00:05;;;;;;;;;;;;;;;;;;;;;;;;;;;;;;;;;;;;;;;;;;;;;;;;;;;;;;;;;;;;;;;;;;;;;;;
S2025;3565;32.0;228.91;7.0;0;0;0;1;01:35;36.33;0.0;72.33;108.67;TGRAO;72;BERÇO OUT 3;5;14:15;5;14:35;5;14:35;5;14:40;5;14:40;5;14:45;5;14:45;5;14:50;5;14:50;5;14:55;5;14:55;5;15:00;5;15:00;5;15:35;;;;;;;;;;;;;;;;;;;;;;;;;;;;;;;;;;;;;;;;;5;15:35;5;15:35;9;22:55;;;;;;;;;;;;;;;;;;;;;;;;;;;;;;;;;;;;;;;;;;;;;;;;;;;;;;;;;;;;;;;;;;;;;;;
S2025;3566;32.0;229.0;7.3;0;0;0;1;04:00;10.33;49.17;37.0;96.5;TIPLAM - GSA - E;61;BERÇO TIPLAM 2;5;04:30;5;04:50;5;04:50;5;04:55;5;04:55;5;05:00;5;05:00;5;05:05;5;05:05;5;05:10;5;05:10;5;05:15;5;05:15;5;05:20;5;05:20;5;05:25;5;05:25;5;05:30;5;05:30;5;05:35;5;05:35;5;05:40;5;05:40;5;05:45;5;05:45;5;05:50;5;05:50;5;05:55;5;05:55;5;06:00;5;06:00;5;06:20;5;06:20;5;07:05;5;07:05;5;07:05;10;00:25;;;;;;;;;;;;;;;;;;;;;;;;;;;;;;;;;;;;;;;;;;;;;;;;;;;;;;;;;;;;;;;;;;;;;;;
S2025;3579;32.0;228.99;7.4;0;0;0;1;15:48;35.0;54.75;0.92;90.67;TES;29;BERÇO ARM 38;5;10:30;5;10:50;5;10:50;5;10:55;5;10:55;5;11:00;5;11:00;5;11:35;;;;;;;;;;;;;;;;;;;;;;;;;;;;;;;;;;;;;;;;;;;;;;;;;;;;;5;11:35;5;11:35;10;10:55;;;;;;;;;;;;;;;;;;;;;;;;;;;;;;;;;;;;;;;;;;;;;;;;;;;;;;;;;;;;;;;;;;;;;;;
S2025;3585;32.0;228.9;8.2;0;0;0;2;05:00;53.17;78.42;3.58;135.17;COPESUCAR;14;BERÇO ARM 20/21;7;20:10;7;20:30;7;20:30;7;20:35;7;20:35;7;20:40;7;20:40;7;20:45;7;20:45;7;20:50;7;20:50;7;20:55;7;20:55;7;21:00;7;21:00;7;21:35;;;;;;;;;;;;;;;;;;;;;;;;;;;;;;;;;;;;;7;21:35;7;21:35;9;21:30;;;;;;;;;;;;;;;;;;;;;;;;;;;;;;;;;;;;;;;;;;;;;;;;;;;;;;;;;;;;;;;;;;;;;;;
S2025;3590;32.0;199.98;6.64;0;0;0;2;13:00;19.25;91.08;14.0;124.33;TIPLAM - GSA - E;62;BERÇO TIPLAM 3;7;17:20;7;17:40;7;17:40;7;17:45;7;17:45;7;17:50;7;17:50;7;17:55;7;17:55;7;18:00;7;18:00;7;18:05;7;18:05;7;18:10;7;18:10;7;18:15;7;18:15;7;18:20;7;18:20;7;18:25;7;18:25;7;18:30;7;18:30;7;18:35;7;18:35;7;18:40;7;18:40;7;18:45;7;18:45;7;18:50;7;18:50;7;19:10;7;19:10;7;19:55;7;19:55;7;19:55;10;17:45;;;;;;;;;;;;;;;;;;;;;;;;;;;;;;;;;;;;;;;;;;;;;;;;;;;;;;;;;;;;;;;;;;;;;;;
S2025;3597;32.0;199.9;8.75;0;0;0;2;20:24;0.0;0.0;0.67;0.67;OUTROS_SABOO;38;BERÇO CS 03;2;21:05;2;21:25;2;21:25;2;21:30;2;21:30;2;21:35;2;21:35;2;21:40;2;21:40;2;21:45;2;21:45;2;21:50;2;21:50;2;21:55;2;21:55;2;22:00;2;22:00;2;22:05;2;22:05;2;22:10;2;22:10;2;22:15;2;22:15;2;22:30;;;;;;;;;;;;;;;;;;;;;2;22:30;2;22:30;10;19:50;;;;;;;;;;;;;;;;;;;;;;;;;;;;;;;;;;;;;;;;;;;;;;;;;;;;;;;;;;;;;;;;;;;;;;;
S2025;3604;36.0;236.32;8.2;0;0;0;3;10:50;2.83;0.0;44.58;47.42;ECOPORTO;70;BERÇO VAL;5;10:15;5;10:35;5;10:35;5;10:40;5;10:40;5;10:45;5;10:45;5;10:50;5;10:50;5;10:55;5;10:55;5;11:00;5;11:00;5;11:05;5;11:05;5;11:10;5;11:10;5;11:15;5;11:15;5;11:20;5;11:20;5;11:25;5;11:25;5;11:40;;;;;;;;;;;;;;;;;;;;;5;11:40;5;11:40;6;14:10;;;;;;;;;;;;;;;;;;;;;;;;;;;;;;;;;;;;;;;;;;;;;;;;;;;;;;;;;;;;;;;;;;;;;;;
S2025;3612;30.0;179.99;9.86;0;0;0;3;17:06;4.17;0.0;26.67;30.83;TIPLAM - GSM - I;63;BERÇO TIPLAM 4;5;00:00;5;00:20;5;00:20;5;00:25;5;00:25;5;00:30;5;00:30;5;00:35;5;00:35;5;00:40;5;00:40;5;00:45;5;00:45;5;00:50;5;00:50;5;00:55;5;00:55;5;01:00;5;01:00;5;01:05;5;01:05;5;01:10;5;01:10;5;01:15;5;01:15;5;01:20;5;01:20;5;01:25;5;01:25;5;01:30;5;01:30;5;01:50;5;01:50;5;02:05;5;02:05;5;02:05;9;15:20;9;15:35;9;15:35;9;16:15;9;16:15;9;16:35;9;16:35;9;16:40;9;16:40;9;16:45;9;16:45;9;16:50;9;16:50;9;16:55;9;16:55;9;17:00;9;17:00;9;17:05;9;17:05;9;17:10;9;17:10;9;17:15;9;17:15;9;17:20;9;17:20;9;17:25;9;17:25;9;17:30;9;17:30;9;17:35;9;17:35;9;17:40;9;17:40;9;17:45;9;17:45;9;18:05;
S2025;3619;32.0;179.99;9.1;0;0;0;4;04:42;5.42;0.0;4.67;10.08;USIMINAS;67;BERÇO USIMINAS 3;4;14:50;4;15:10;4;15:10;4;15:15;4;15:15;4;15:20;4;15:20;4;15:25;4;15:25;4;15:30;4;15:30;4;15:35;4;15:35;4;15:40;4;15:40;4;15:45;4;15:45;4;15:50;4;15:50;4;15:55;4;15:55;4;16:00;4;16:00;4;16:05;4;16:05;4;16:10;4;16:10;4;16:15;4;16:15;4;16:20;4;16:20;4;16:40;4;16:40;4;16:55;4;16:55;4;16:55;9;06:35;9;08:35;9;08:35;9;09:05;9;09:05;9;09:25;9;09:25;9;09:30;9;09:30;9;09:35;9;09:35;9;09:40;9;09:40;9;09:45;9;09:45;9;09:50;9;09:50;9;09:55;9;09:55;9;10:00;9;10:00;9;10:05;9;10:05;9;10:10;9;10:10;9;10:15;9;10:15;9;10:20;9;10:20;9;10:25;9;10:25;9;10:30;9;10:30;9;10:35;9;10:35;9;10:55;
S2025;3621;32.0;189.99;6.9;0;0;0;4;08:06;10.75;0.0;58.17;68.92;TGRAO;71;BERÇO OUT 2;7;05:05;7;05:25;7;05:25;7;05:30;7;05:30;7;05:35;7;05:35;7;05:40;7;05:40;7;05:45;7;05:45;7;05:50;7;05:50;7;06:25;;;;;;;;;;;;;;;;;;;;;;;;;;;;;;;;;;;;;;;;;7;06:25;7;06:25;11;12:50;;;;;;;;;;;;;;;;;;;;;;;;;;;;;;;;;;;;;;;;;;;;;;;;;;;;;;;;;;;;;;;;;;;;;;;
S2025;3623;32.0;189.99;10.55;0;0;0;4;10:30;0.0;0.0;10.25;10.25;OUTROS_MACUCO;18;BERÇO ARM 29;4;20:45;4;21:05;4;21:05;4;21:10;4;21:10;4;21:15;4;21:15;4;21:20;4;21:20;4;21:25;4;21:25;4;21:30;4;21:30;4;21:45;;;;;;;;;;;;;;;;;;;;;;;;;;;;;;;;;;;;;;;;;4;21:45;4;21:45;10;05:40;;;;;;;;;;;;;;;;;;;;;;;;;;;;;;;;;;;;;;;;;;;;;;;;;;;;;;;;;;;;;;;;;;;;;;;
S2025;3627;36.0;210.0;8.3;0;0;0;4;13:45;1.17;0.0;14.92;16.08;BRACELL;73;BERÇO ARM 35P1;5;05:50;5;06:10;5;06:10;5;06:15;5;06:15;5;06:20;5;06:20;5;06:25;5;06:25;5;07:00;;;;;;;;;;;;;;;;;;;;;;;;;;;;;;;;;;;;;;;;;;;;;;;;;5;07:00;5;07:00;8;23:05;9;00:10;;;;;;;;;;;;;;;;;;;;;;;;;;;;;;;;;;;;;;;;;;;;;;;;;9;00:10;9;00:20;9;00:20;9;00:25;9;00:25;9;00:30;9;00:30;9;00:35;9;00:35;9;00:55;
S2025;3628;32.0;201.8;11.7;0;0;0;4;14:00;55.92;22.17;17.75;95.83;ELDORADO;21;BERÇO ARM 31;8;13:50;8;14:10;8;14:10;8;14:15;8;14:15;8;14:20;8;14:20;8;14:25;8;14:25;8;14:30;8;14:30;8;15:05;;;;;;;;;;;;;;;;;;;;;;;;;;;;;;;;;;;;;;;;;;;;;8;15:05;8;15:05;10;15:40;;;;;;;;;;;;;;;;;;;;;;;;;;;;;;;;;;;;;;;;;;;;;;;;;;;;;;;;;;;;;;;;;;;;;;;
S2025;3641;24.0;145.05;11.7;0;0;0;5;09:30;4.67;7.67;0.0;12.33;STOLTHAVEN;4;BERÇO AL 03;5;21:50;5;22:10;5;22:10;5;22:15;5;22:15;5;22:20;5;22:20;5;22:25;5;22:25;5;22:30;5;22:30;5;22:35;5;22:35;5;22:40;5;22:40;5;22:45;5;22:45;5;22:50;5;22:50;5;22:55;5;22:55;5;23:00;5;23:00;5;23:05;5;23:05;5;23:10;5;23:10;5;23:45;;;;;;;;;;;;;5;23:45;5;23:45;10;05:15;;;;;;;;;;;;;;;;;;;;;;;;;;;;;;;;;;;;;;;;;;;;;;;;;;;;;;;;;;;;;;;;;;;;;;;
S2025;3644;32.0;225.0;6.1;0;0;0;5;10:30;19.67;41.92;1.08;62.67;TEG;56;BERÇO TEG;8;01:10;8;01:30;8;01:30;8;01:35;8;01:35;8;01:40;8;01:40;8;01:45;8;01:45;8;02:20;;;;;;;;;;;;;;;;;;;;;;;;;;;;;;;;;;;;;;;;;;;;;;;;;8;02:20;8;02:20;11;03:45;;;;;;;;;;;;;;;;;;;;;;;;;;;;;;;;;;;;;;;;;;;;;;;;;;;;;;;;;;;;;;;;;;;;;;;
S2025;3645;36.0;229.0;7.65;0;0;0;5;12:00;10.33;64.08;0.0;74.42;TGG;59;BERÇO TGG;8;14:25;8;14:45;8;14:45;8;14:50;8;14:50;8;14:55;8;14:55;8;15:00;8;15:00;8;15:35;;;;;;;;;;;;;;;;;;;;;;;;;;;;;;;;;;;;;;;;;;;;;;;;;8;15:35;8;15:35;10;20:40;;;;;;;;;;;;;;;;;;;;;;;;;;;;;;;;;;;;;;;;;;;;;;;;;;;;;;;;;;;;;;;;;;;;;;;
S2025;3647;32.0;199.99;9.5;0;0;0;5;13:30;18.17;37.25;1.75;57.17;TEAG;51;BERÇO TEAG;7;22:40;7;23:00;7;23:00;7;23:05;7;23:05;7;23:10;7;23:10;7;23:15;7;23:15;7;23:50;;;;;;;;;;;;;;;;;;;;;;;;;;;;;;;;;;;;;;;;;;;;;;;;;7;23:50;7;23:50;10;17:25;;;;;;;;;;;;;;;;;;;;;;;;;;;;;;;;;;;;;;;;;;;;;;;;;;;;;;;;;;;;;;;;;;;;;;;
S2025;3648;32.0;228.99;13.48;0;0;0;5;15:06;1.25;0.0;1.25;2.5;TIPLAM - GSM - I;60;BERÇO TIPLAM 1;5;17:40;5;18:00;5;18:00;5;18:05;5;18:05;5;18:10;5;18:10;5;18:15;5;18:15;5;18:20;5;18:20;5;18:25;5;18:25;5;18:30;5;18:30;5;18:35;5;18:35;5;18:40;5;18:40;5;18:45;5;18:45;5;18:50;5;18:50;5;18:55;5;18:55;5;19:00;5;19:00;5;19:05;5;19:05;5;19:10;5;19:10;5;19:30;5;19:30;5;20:15;5;20:15;5;20:15;12;02:20;;;;;;;;;;;;;;;;;;;;;;;;;;;;;;;;;;;;;;;;;;;;;;;;;;;;;;;;;;;;;;;;;;;;;;;
S2025;3656;32.0;189.99;11.0;0;0;0;6;08:00;0.0;0.0;0.83;0.83;OUTROS_MACUCO;24;BERÇO ARM 33;6;08:50;6;09:10;6;09:10;6;09:15;6;09:15;6;09:20;6;09:20;6;09:25;6;09:25;6;09:30;6;09:30;6;09:45;;;;;;;;;;;;;;;;;;;;;;;;;;;;;;;;;;;;;;;;;;;;;6;09:45;6;09:45;10;13:20;;;;;;;;;;;;;;;;;;;;;;;;;;;;;;;;;;;;;;;;;;;;;;;;;;;;;;;;;;;;;;;;;;;;;;;
S2025;3657;27.0;188.32;7.6;0;0;0;6;08:00;0.0;0.0;0.25;0.25;ECOPORTO;35;BERÇO CORTE;6;08:15;6;08:35;6;08:35;6;08:40;6;08:40;6;08:45;6;08:45;6;08:50;6;08:50;6;08:55;6;08:55;6;09:00;6;09:00;6;09:05;6;09:05;6;09:10;6;09:10;6;09:15;6;09:15;6;09:20;6;09:20;6;09:25;6;09:25;6;09:40;;;;;;;;;;;;;;;;;;;;;6;09:40;6;09:40;15;06:40;;;;;;;;;;;;;;;;;;;;;;;;;;;;;;;;;;;;;;;;;;;;;;;;;;;;;;;;;;;;;;;;;;;;;;;
S2025;3662;32.0;225.0;11.2;0;0;0;6;13:42;0.0;0.0;0.42;0.42;DPW - CGNC;45;BERÇO DPW 4;6;14:10;6;14:30;6;14:30;6;14:35;6;14:35;6;14:40;6;14:40;6;14:45;6;14:45;6;14:50;6;14:50;6;14:55;6;14:55;6;15:00;6;15:00;6;15:05;6;15:05;6;15:10;6;15:10;6;15:45;;;;;;;;;;;;;;;;;;;;;;;;;;;;;6;15:45;6;15:45;9;06:45;9;12:00;;;;;;;;;;;;;;;;;;;;;;;;;;;;;9;12:00;9;12:10;9;12:10;9;12:15;9;12:15;9;12:20;9;12:20;9;12:25;9;12:25;9;12:30;9;12:30;9;12:35;9;12:35;9;12:40;9;12:40;9;12:45;9;12:45;9;12:50;9;12:50;9;13:10;
S2025;3664;32.0;225.0;7.28;0;0;0;6;14:00;1.25;15.33;1.25;17.83;FIBRIA;23;BERÇO ARM 32;7;07:50;7;08:10;7;08:10;7;08:15;7;08:15;7;08:20;7;08:20;7;08:25;7;08:25;7;08:30;7;08:30;7;09:05;;;;;;;;;;;;;;;;;;;;;;;;;;;;;;;;;;;;;;;;;;;;;7;09:05;7;09:05;10;09:00;;;;;;;;;;;;;;;;;;;;;;;;;;;;;;;;;;;;;;;;;;;;;;;;;;;;;;;;;;;;;;;;;;;;;;;
S2025;3667;32.0;183.0;10.8;0;0;0;6;15:00;1.58;10.5;1.5;13.58;VOPAK;5;BERÇO AL 04;7;04:35;7;04:55;7;04:55;7;05:00;7;05:00;7;05:05;7;05:05;7;05:10;7;05:10;7;05:15;7;05:15;7;05:20;7;05:20;7;05:25;7;05:25;7;05:30;7;05:30;7;05:35;7;05:35;7;05:40;7;05:40;7;05:45;7;05:45;7;05:50;7;05:50;7;05:55;7;05:55;7;06:10;;;;;;;;;;;;;7;06:10;7;06:10;9;22:35;;;;;;;;;;;;;;;;;;;;;;;;;;;;;;;;;;;;;;;;;;;;;;;;;;;;;;;;;;;;;;;;;;;;;;;
S2025;3674;48.0;333.2;9.8;0;0;0;6;21:40;19.0;2.92;0.33;22.25;DPW - CGC;42;BERÇO DPW 1;7;19:55;7;20:15;7;20:15;7;20:20;7;20:20;7;20:25;7;20:25;7;20:30;7;20:30;7;20:35;7;20:35;7;20:40;7;20:40;7;20:45;7;20:45;7;20:50;7;20:50;7;20:55;7;20:55;7;21:00;7;21:00;7;21:15;;;;;;;;;;;;;;;;;;;;;;;;;7;21:15;7;21:15;9;04:25;9;04:25;;;;;;;;;;;;;;;;;;;;;;;;;9;04:25;9;04:55;9;04:55;9;05:00;9;05:00;9;05:05;9;05:05;9;05:10;9;05:10;9;05:15;9;05:15;9;05:20;9;05:20;9;05:25;9;05:25;9;05:30;9;05:30;9;05:35;9;05:35;9;05:40;9;05:40;9;06:00;
S2025;3679;27.0;183.0;7.5;0;0;0;7;08:00;0.0;0.0;0.5;0.5;TRANSPETRO;2;BERÇO AL 01;7;08:30;7;08:50;7;08:50;7;08:55;7;08:55;7;09:00;7;09:00;7;09:05;7;09:05;7;09:10;7;09:10;7;09:15;7;09:15;7;09:20;7;09:20;7;09:25;7;09:25;7;09:30;7;09:30;7;09:35;7;09:35;7;09:40;7;09:40;7;09:45;7;09:45;7;09:50;7;09:50;7;10:25;;;;;;;;;;;;;7;10:25;7;10:25;9;09:05;9;09:10;;;;;;;;;;;;;9;09:10;9;09:20;9;09:20;9;09:25;9;09:25;9;09:30;9;09:30;9;09:35;9;09:35;9;09:40;9;09:40;9;09:45;9;09:45;9;09:50;9;09:50;9;09:55;9;09:55;9;10:00;9;10:00;9;10:05;9;10:05;9;10:10;9;10:10;9;10:15;9;10:15;9;10:20;9;10:20;9;10:40;
S2025;3682;30.0;199.2;8.64;0;0;0;7;10:00;0.0;0.0;2.0;2.0;OUTROS_SABOO;36;BERÇO CS 01;7;12:00;7;12:20;7;12:20;7;12:25;7;12:25;7;12:30;7;12:30;7;12:35;7;12:35;7;12:40;7;12:40;7;12:45;7;12:45;7;12:50;7;12:50;7;12:55;7;12:55;7;13:00;7;13:00;7;13:05;7;13:05;7;13:10;7;13:10;7;13:25;;;;;;;;;;;;;;;;;;;;;7;13:25;7;13:25;10;22:05;;;;;;;;;;;;;;;;;;;;;;;;;;;;;;;;;;;;;;;;;;;;;;;;;;;;;;;;;;;;;;;;;;;;;;;
S2025;3683;32.0;260.0;10.8;0;0;0;7;11:18;1.33;12.25;0.0;13.58;DPW - CGC;43;BERÇO DPW 2;8;00:55;8;01:15;8;01:15;8;01:20;8;01:20;8;01:25;8;01:25;8;01:30;8;01:30;8;01:35;8;01:35;8;01:40;8;01:40;8;01:45;8;01:45;8;01:50;8;01:50;8;01:55;8;01:55;8;02:00;8;02:00;8;02:15;;;;;;;;;;;;;;;;;;;;;;;;;8;02:15;8;02:15;9;00:05;9;00:05;;;;;;;;;;;;;;;;;;;;;;;;;9;00:05;9;00:35;9;00:35;9;00:40;9;00:40;9;00:45;9;00:45;9;00:50;9;00:50;9;00:55;9;00:55;9;01:00;9;01:00;9;01:05;9;01:05;9;01:10;9;01:10;9;01:15;9;01:15;9;01:20;9;01:20;9;01:40;
S2025;3684;51.0;335.95;14.0;0;0;0;7;11:30;1.17;7.75;0.0;8.92;SANTOSBR;55;BERÇO TECON 3;7;20:25;7;20:45;7;20:45;7;20:50;7;20:50;7;20:55;7;20:55;7;21:00;7;21:00;7;21:05;7;21:05;7;21:20;;;;;;;;;;;;;;;;;;;;;;;;;;;;;;;;;;;;;;;;;;;;;7;21:20;7;21:20;8;22:50;9;08:40;;;;;;;;;;;;;;;;;;;;;;;;;;;;;;;;;;;;;;;;;;;;;9;08:40;9;09:10;9;09:10;9;09:15;9;09:15;9;09:20;9;09:20;9;09:25;9;09:25;9;09:30;9;09:30;9;09:50;
S2025;3689;24.0;144.09;9.3;0;0;0;7;16:30;0.0;0.0;1.08;1.08;AGEO_TERMINAIS;1;BERÇO Ageo I;7;17:35;7;17:55;7;17:55;7;18:00;7;18:00;7;18:05;7;18:05;7;18:10;7;18:10;7;18:15;7;18:15;7;18:20;7;18:20;7;18:25;7;18:25;7;18:30;7;18:30;7;18:35;7;18:35;7;18:40;7;18:40;7;18:45;7;18:45;7;19:00;;;;;;;;;;;;;;;;;;;;;7;19:00;7;19:00;10;03:20;;;;;;;;;;;;;;;;;;;;;;;;;;;;;;;;;;;;;;;;;;;;;;;;;;;;;;;;;;;;;;;;;;;;;;;
S2025;3690;40.0;293.18;13.2;0;0;0;7;17:00;0.92;25.92;0.0;26.83;SANTOSBR;54;BERÇO TECON 2;8;19:50;8;20:10;8;20:10;8;20:15;8;20:15;8;20:20;8;20:20;8;20:25;8;20:25;8;20:30;8;20:30;8;20:45;;;;;;;;;;;;;;;;;;;;;;;;;;;;;;;;;;;;;;;;;;;;;8;20:45;8;20:45;10;06:00;;;;;;;;;;;;;;;;;;;;;;;;;;;;;;;;;;;;;;;;;;;;;;;;;;;;;;;;;;;;;;;;;;;;;;;
S2025;3691;32.0;199.99;11.7;0;0;0;7;21:00;0.92;13.33;4.08;18.33;OUTROS_MACUCO;27;BERÇO ARM 35P2;8;15:20;8;15:40;8;15:40;8;15:45;8;15:45;8;15:50;8;15:50;8;15:55;8;15:55;8;16:00;8;16:00;8;16:15;;;;;;;;;;;;;;;;;;;;;;;;;;;;;;;;;;;;;;;;;;;;;8;16:15;8;16:15;20;04:55;;;;;;;;;;;;;;;;;;;;;;;;;;;;;;;;;;;;;;;;;;;;;;;;;;;;;;;;;;;;;;;;;;;;;;;
S2025;3693;30.0;179.97;8.54;0;0;0;8;01:00;2.0;19.67;0.0;21.67;HIDROVIAS;15;BERÇO ARM 22/23;8;22:40;8;23:00;8;23:00;8;23:05;8;23:05;8;23:10;8;23:10;8;23:15;8;23:15;8;23:20;8;23:20;8;23:25;8;23:25;8;23:30;8;23:30;8;23:45;;;;;;;;;;;;;;;;;;;;;;;;;;;;;;;;;;;;;8;23:45;8;23:45;10;22:40;;;;;;;;;;;;;;;;;;;;;;;;;;;;;;;;;;;;;;;;;;;;;;;;;;;;;;;;;;;;;;;;;;;;;;;
S2025;3694;32.2;182.9;8.3;0;0;0;8;02:10;0.0;0.0;1.33;1.33;AGEO_TERMINAIS;77;BERÇO IB OE;8;03:30;8;03:50;8;03:50;8;03:55;8;03:55;8;04:00;8;04:00;8;04:05;8;04:05;8;04:10;8;04:10;8;04:15;8;04:15;8;04:20;8;04:20;8;04:25;8;04:25;8;04:30;8;04:30;8;04:35;8;04:35;8;04:40;8;04:40;8;05:15;;;;;;;;;;;;;;;;;;;;;8;05:15;8;05:15;11;13:10;;;;;;;;;;;;;;;;;;;;;;;;;;;;;;;;;;;;;;;;;;;;;;;;;;;;;;;;;;;;;;;;;;;;;;;
S2025;3696;26.0;169.06;8.7;0;0;0;8;08:30;0.0;0.0;0.08;0.08;VOPAK;3;BERÇO AL 02;8;08:35;8;08:55;8;08:55;8;09:00;8;09:00;8;09:05;8;09:05;8;09:10;8;09:10;8;09:15;8;09:15;8;09:20;8;09:20;8;09:25;8;09:25;8;09:30;8;09:30;8;09:35;8;09:35;8;09:40;8;09:40;8;09:45;8;09:45;8;09:50;8;09:50;8;09:55;8;09:55;8;10:30;;;;;;;;;;;;;8;10:30;8;10:30;10;07:45;;;;;;;;;;;;;;;;;;;;;;;;;;;;;;;;;;;;;;;;;;;;;;;;;;;;;;;;;;;;;;;;;;;;;;;
S2025;3697;31.0;225.16;10.6;0;0;0;8;09:00;0.0;0.0;0.0;0.0;SANTOSBR;52;BERÇO TECON 1.1;8;09:00;8;09:20;8;09:20;8;09:25;8;09:25;8;09:30;8;09:30;8;09:35;8;09:35;8;09:40;8;09:40;8;09:55;;;;;;;;;;;;;;;;;;;;;;;;;;;;;;;;;;;;;;;;;;;;;8;09:55;8;09:55;8;22:00;9;00:00;;;;;;;;;;;;;;;;;;;;;;;;;;;;;;;;;;;;;;;;;;;;;9;00:00;9;00:30;9;00:30;9;00:35;9;00:35;9;00:40;9;00:40;9;00:45;9;00:45;9;00:50;9;00:50;9;01:10;
S2025;3698;45.0;299.9;12.35;0;0;0;8;10:00;0.0;0.0;0.08;0.08;BTP;34;BERÇO BTP 3;8;10:05;8;10:25;8;10:25;8;10:30;8;10:30;8;10:35;8;10:35;8;10:40;8;10:40;8;10:45;8;10:45;8;10:50;8;10:50;8;10:55;8;10:55;8;11:00;8;11:00;8;11:05;8;11:05;8;11:10;8;11:10;8;11:15;8;11:15;8;11:20;8;11:20;8;11:55;;;;;;;;;;;;;;;;;8;11:55;8;11:55;9;00:10;9;00:30;;;;;;;;;;;;;;;;;9;00:30;9;00:40;9;00:40;9;00:45;9;00:45;9;00:50;9;00:50;9;00:55;9;00:55;9;01:00;9;01:00;9;01:05;9;01:05;9;01:10;9;01:10;9;01:15;9;01:15;9;01:20;9;01:20;9;01:25;9;01:25;9;01:30;9;01:30;9;01:35;9;01:35;9;01:55;
S2025;3700;27.0;158.98;7.1;0;0;0;8;12:36;0.0;0.0;3.0;3.0;AGEO_TERMINAIS;46;BERÇO IB BC;8;15:40;8;16:00;8;16:00;8;16:05;8;16:05;8;16:10;8;16:10;8;16:15;8;16:15;8;16:20;8;16:20;8;16:25;8;16:25;8;16:30;8;16:30;8;16:35;8;16:35;8;16:40;8;16:40;8;16:45;8;16:45;8;16:50;8;16:50;8;17:25;;;;;;;;;;;;;;;;;;;;;8;17:25;8;17:25;12;09:00;;;;;;;;;;;;;;;;;;;;;;;;;;;;;;;;;;;;;;;;;;;;;;;;;;;;;;;;;;;;;;;;;;;;;;;
S2025;3703;48.0;299.0;8.5;0;0;0;8;16:00;0.0;2.58;0.0;2.58;BTP;32;BERÇO BTP 1;8;18:35;8;18:55;8;18:55;8;19:00;8;19:00;8;19:05;8;19:05;8;19:10;8;19:10;8;19:15;8;19:15;8;19:20;8;19:20;8;19:25;8;19:25;8;19:30;8;19:30;8;19:35;8;19:35;8;19:40;8;19:40;8;19:45;8;19:45;8;19:50;8;19:50;8;20:05;;;;;;;;;;;;;;;;;8;20:05;8;20:05;9;13:35;9;17:20;;;;;;;;;;;;;;;;;9;17:20;9;17:50;9;17:50;9;17:55;9;17:55;9;18:00;9;18:00;9;18:05;9;18:05;9;18:10;9;18:10;9;18:15;9;18:15;9;18:20;9;18:20;9;18:25;9;18:25;9;18:30;9;18:30;9;18:35;9;18:35;9;18:40;9;18:40;9;18:45;9;18:45;9;19:05;
S2025;3706;32.0;204.85;7.5;0;0;0;8;19:00;0.0;0.0;0.0;0.0;CUTRALE - GL;40;BERÇO CUTRALE;8;19:00;8;19:20;8;19:20;8;19:25;8;19:25;8;19:30;8;19:30;8;20:05;;;;;;;;;;;;;;;;;;;;;;;;;;;;;;;;;;;;;;;;;;;;;;;;;;;;;8;20:05;8;20:05;12;07:10;;;;;;;;;;;;;;;;;;;;;;;;;;;;;;;;;;;;;;;;;;;;;;;;;;;;;;;;;;;;;;;;;;;;;;;
S2025;3416;32.0;190.0;6.5;0;0;0;-9;09:55;251.33;39.25;133.75;424.33;ELEVACOES;12;BERÇO ARM 16/17;9;02:15;9;02:35;9;02:35;9;02:40;9;02:40;9;02:45;9;02:45;9;02:50;9;02:50;9;02:55;9;02:55;9;03:00;9;03:00;9;03:05;9;03:05;9;03:10;9;03:10;9;03:45;;;;;;;;;;;;;;;;;;;;;;;;;;;;;;;;;9;03:45;9;03:45;10;20:35;;;;;;;;;;;;;;;;;;;;;;;;;;;;;;;;;;;;;;;;;;;;;;;;;;;;;;;;;;;;;;;;;;;;;;;
S2025;3468;32.0;229.0;7.05;0;0;0;-6;05:45;215.5;73.58;72.25;361.33;COFCO;9;BERÇO ARM 12A;9;07:05;9;07:25;9;07:25;9;07:30;9;07:30;9;07:35;9;07:35;9;07:40;9;07:40;9;07:45;9;07:45;9;07:50;9;07:50;9;07:55;9;07:55;9;08:00;9;08:00;9;08:35;;;;;;;;;;;;;;;;;;;;;;;;;;;;;;;;;9;08:35;9;08:35;12;16:40;;;;;;;;;;;;;;;;;;;;;;;;;;;;;;;;;;;;;;;;;;;;;;;;;;;;;;;;;;;;;;;;;;;;;;;
S2025;3559;32.0;228.99;6.78;0;0;0;0;19:30;93.58;67.08;49.92;210.58;ADM;30;BERÇO ARM 39;9;14:05;9;14:25;9;14:25;9;14:30;9;14:30;9;14:35;9;14:35;9;15:10;;;;;;;;;;;;;;;;;;;;;;;;;;;;;;;;;;;;;;;;;;;;;;;;;;;;;9;15:10;9;15:10;11;22:05;;;;;;;;;;;;;;;;;;;;;;;;;;;;;;;;;;;;;;;;;;;;;;;;;;;;;;;;;;;;;;;;;;;;;;;
S2025;3659;32.0;199.99;10.19;0;0;0;6;13:00;8.17;70.0;0.0;78.17;TIPLAM - GSM - I;63;BERÇO TIPLAM 4;9;19:10;9;19:30;9;19:30;9;19:35;9;19:35;9;19:40;9;19:40;9;19:45;9;19:45;9;19:50;9;19:50;9;19:55;9;19:55;9;20:00;9;20:00;9;20:05;9;20:05;9;20:10;9;20:10;9;20:15;9;20:15;9;20:20;9;20:20;9;20:25;9;20:25;9;20:30;9;20:30;9;20:35;9;20:35;9;20:40;9;20:40;9;21:00;9;21:00;9;21:15;9;21:15;9;21:15;14;23:20;;;;;;;;;;;;;;;;;;;;;;;;;;;;;;;;;;;;;;;;;;;;;;;;;;;;;;;;;;;;;;;;;;;;;;;
S2025;3692;32.0;294.13;11.2;0;0;0;8;00:48;4.0;19.92;1.25;25.17;DPW - CGC;43;BERÇO DPW 2;9;02:00;9;02:20;9;02:20;9;02:25;9;02:25;9;02:30;9;02:30;9;02:35;9;02:35;9;02:40;9;02:40;9;02:45;9;02:45;9;02:50;9;02:50;9;02:55;9;02:55;9;03:00;9;03:00;9;03:05;9;03:05;9;03:40;;;;;;;;;;;;;;;;;;;;;;;;;9;03:40;9;03:40;9;19:55;9;20:25;;;;;;;;;;;;;;;;;;;;;;;;;9;20:25;9;20:35;9;20:35;9;20:40;9;20:40;9;20:45;9;20:45;9;20:50;9;20:50;9;20:55;9;20:55;9;21:00;9;21:00;9;21:05;9;21:05;9;21:10;9;21:10;9;21:15;9;21:15;9;21:20;9;21:20;9;21:40;
S2025;3695;38.0;227.95;10.7;0;0;0;8;05:00;3.92;15.83;2.42;22.17;DPW - CGC;42;BERÇO DPW 1;9;03:10;9;03:30;9;03:30;9;03:35;9;03:35;9;03:40;9;03:40;9;03:45;9;03:45;9;03:50;9;03:50;9;03:55;9;03:55;9;04:00;9;04:00;9;04:05;9;04:05;9;04:10;9;04:10;9;04:15;9;04:15;9;04:30;;;;;;;;;;;;;;;;;;;;;;;;;9;04:30;9;04:30;10;06:30;;;;;;;;;;;;;;;;;;;;;;;;;;;;;;;;;;;;;;;;;;;;;;;;;;;;;;;;;;;;;;;;;;;;;;;
S2025;3707;40.0;272.05;9.6;0;0;0;8;21:52;2.92;15.67;2.92;21.5;DPW - CGC;43;BERÇO DPW 2;9;19:25;9;19:45;9;19:45;9;19:50;9;19:50;9;19:55;9;19:55;9;20:00;9;20:00;9;20:05;9;20:05;9;20:10;9;20:10;9;20:15;9;20:15;9;20:20;9;20:20;9;20:25;9;20:25;9;20:30;9;20:30;9;21:05;;;;;;;;;;;;;;;;;;;;;;;;;9;21:05;9;21:05;10;11:50;;;;;;;;;;;;;;;;;;;;;;;;;;;;;;;;;;;;;;;;;;;;;;;;;;;;;;;;;;;;;;;;;;;;;;;
S2025;3704;32.0;260.66;10.4;0;0;0;8;16:12;3.92;4.5;2.75;11.17;SANTOSBR;52;BERÇO TECON 1.1;9;03:25;9;03:45;9;03:45;9;03:50;9;03:50;9;03:55;9;03:55;9;04:00;9;04:00;9;04:05;9;04:05;9;04:40;;;;;;;;;;;;;;;;;;;;;;;;;;;;;;;;;;;;;;;;;;;;;9;04:40;9;04:40;9;15:30;9;15:35;;;;;;;;;;;;;;;;;;;;;;;;;;;;;;;;;;;;;;;;;;;;;9;15:35;9;15:45;9;15:45;9;15:50;9;15:50;9;15:55;9;15:55;9;16:00;9;16:00;9;16:05;9;16:05;9;16:25;
S2025;3705;48.0;300.0;11.4;0;0;0;8;17:25;7.42;3.0;0.25;10.67;SANTOSBR;53;BERÇO TECON 1.2;9;04:05;9;04:25;9;04:25;9;04:30;9;04:30;9;04:35;9;04:35;9;04:40;9;04:40;9;04:45;9;04:45;9;05:00;;;;;;;;;;;;;;;;;;;;;;;;;;;;;;;;;;;;;;;;;;;;;9;05:00;9;05:00;10;03:15;;;;;;;;;;;;;;;;;;;;;;;;;;;;;;;;;;;;;;;;;;;;;;;;;;;;;;;;;;;;;;;;;;;;;;;
S2025;3717;32.0;294.12;9.65;0;0;0;9;08:24;0.0;0.0;0.0;0.0;SANTOSBR;55;BERÇO TECON 3;9;08:25;9;08:45;9;08:45;9;08:50;9;08:50;9;08:55;9;08:55;9;09:00;9;09:00;9;09:05;9;09:05;9;09:20;;;;;;;;;;;;;;;;;;;;;;;;;;;;;;;;;;;;;;;;;;;;;9;09:20;9;09:20;9;15:30;9;17:35;;;;;;;;;;;;;;;;;;;;;;;;;;;;;;;;;;;;;;;;;;;;;9;17:35;9;18:05;9;18:05;9;18:10;9;18:10;9;18:15;9;18:15;9;18:20;9;18:20;9;18:25;9;18:25;9;18:45;
S2025;3724;32.0;293.97;9.4;0;0;0;9;20:30;0.17;1.08;0.0;1.25;SANTOSBR;55;BERÇO TECON 3;9;21:45;9;22:05;9;22:05;9;22:10;9;22:10;9;22:15;9;22:15;9;22:20;9;22:20;9;22:25;9;22:25;9;22:40;;;;;;;;;;;;;;;;;;;;;;;;;;;;;;;;;;;;;;;;;;;;;9;22:40;9;22:40;10;19:45;;;;;;;;;;;;;;;;;;;;;;;;;;;;;;;;;;;;;;;;;;;;;;;;;;;;;;;;;;;;;;;;;;;;;;;
S2025;3708;48.0;333.18;11.8;0;0;0;8;22:00;5.83;0.0;3.92;9.75;BTP;34;BERÇO BTP 3;9;07:45;9;08:05;9;08:05;9;08:10;9;08:10;9;08:15;9;08:15;9;08:20;9;08:20;9;08:25;9;08:25;9;08:30;9;08:30;9;08:35;9;08:35;9;08:40;9;08:40;9;08:45;9;08:45;9;08:50;9;08:50;9;08:55;9;08:55;9;09:00;9;09:00;9;09:15;;;;;;;;;;;;;;;;;9;09:15;9;09:15;10;06:50;;;;;;;;;;;;;;;;;;;;;;;;;;;;;;;;;;;;;;;;;;;;;;;;;;;;;;;;;;;;;;;;;;;;;;;
S2025;3709;48.0;330.0;11.9;0;0;0;8;22:18;4.33;0.0;0.25;4.58;BTP;33;BERÇO BTP 2;9;02:55;9;03:15;9;03:15;9;03:20;9;03:20;9;03:25;9;03:25;9;03:30;9;03:30;9;03:35;9;03:35;9;03:40;9;03:40;9;03:45;9;03:45;9;03:50;9;03:50;9;03:55;9;03:55;9;04:00;9;04:00;9;04:05;9;04:05;9;04:10;9;04:10;9;04:25;;;;;;;;;;;;;;;;;9;04:25;9;04:25;10;11:40;;;;;;;;;;;;;;;;;;;;;;;;;;;;;;;;;;;;;;;;;;;;;;;;;;;;;;;;;;;;;;;;;;;;;;;
S2025;3718;32.0;210.96;10.6;0;0;0;9;10:00;0.0;6.5;0.0;6.5;BTP;32;BERÇO BTP 1;9;16:30;9;16:50;9;16:50;9;16:55;9;16:55;9;17:00;9;17:00;9;17:05;9;17:05;9;17:10;9;17:10;9;17:15;9;17:15;9;17:20;9;17:20;9;17:25;9;17:25;9;17:30;9;17:30;9;17:35;9;17:35;9;17:40;9;17:40;9;17:45;9;17:45;9;18:00;;;;;;;;;;;;;;;;;9;18:00;9;18:00;10;18:25;;;;;;;;;;;;;;;;;;;;;;;;;;;;;;;;;;;;;;;;;;;;;;;;;;;;;;;;;;;;;;;;;;;;;;;
S2025;3712;18.0;85.34;5.5;0;0;0;9;00:50;0.25;0.0;3.25;3.5;SAIPEM;48;BERÇO SAIPEM 1;9;04:20;9;04:40;9;04:40;9;05:15;;;;;;;;;;;;;;;;;;;;;;;;;;;;;;;;;;;;;;;;;;;;;;;;;;;;;;;;;;;;;9;05:15;9;05:15;10;06:20;;;;;;;;;;;;;;;;;;;;;;;;;;;;;;;;;;;;;;;;;;;;;;;;;;;;;;;;;;;;;;;;;;;;;;;
S2025;3715;20.0;92.95;6.0;0;0;0;9;04:50;0.0;0.0;1.25;1.25;SAIPEM;49;BERÇO SAIPEM 2;9;06:05;9;06:25;9;06:25;9;07:00;;;;;;;;;;;;;;;;;;;;;;;;;;;;;;;;;;;;;;;;;;;;;;;;;;;;;;;;;;;;;9;07:00;9;07:00;10;07:35;;;;;;;;;;;;;;;;;;;;;;;;;;;;;;;;;;;;;;;;;;;;;;;;;;;;;;;;;;;;;;;;;;;;;;;
S2025;3720;30.0;179.99;6.9;0;0;0;9;13:00;0.0;0.0;0.25;0.25;NST - GL;20;BERÇO ARM 30;9;13:15;9;13:35;9;13:35;9;13:40;9;13:40;9;13:45;9;13:45;9;13:50;9;13:50;9;13:55;9;13:55;9;14:30;;;;;;;;;;;;;;;;;;;;;;;;;;;;;;;;;;;;;;;;;;;;;9;14:30;9;14:30;16;16:40;;;;;;;;;;;;;;;;;;;;;;;;;;;;;;;;;;;;;;;;;;;;;;;;;;;;;;;;;;;;;;;;;;;;;;;
S2025;3722;32.0;201.8;8.0;0;0;0;9;14:30;0.0;0.0;0.25;0.25;DPW - CGNC;44;BERÇO DPW 3;9;14:45;9;15:05;9;15:05;9;15:10;9;15:10;9;15:15;9;15:15;9;15:20;9;15:20;9;15:25;9;15:25;9;15:30;9;15:30;9;15:35;9;15:35;9;15:40;9;15:40;9;15:45;9;15:45;9;16:20;;;;;;;;;;;;;;;;;;;;;;;;;;;;;9;16:20;9;16:20;13;06:10;;;;;;;;;;;;;;;;;;;;;;;;;;;;;;;;;;;;;;;;;;;;;;;;;;;;;;;;;;;;;;;;;;;;;;;
S2025;3723;22.0;119.9;8.4;0;0;0;9;15:30;1.25;0.0;5.33;6.58;AGEO_TERMINAIS;47;BERÇO IB SP;9;22:05;9;22:25;9;22:25;9;22:30;9;22:30;9;22:35;9;22:35;9;22:40;9;22:40;9;22:45;9;22:45;9;22:50;9;22:50;9;22:55;9;22:55;9;23:00;9;23:00;9;23:05;9;23:05;9;23:10;9;23:10;9;23:15;9;23:15;9;23:50;;;;;;;;;;;;;;;;;;;;;9;23:50;9;23:50;12;21:45;;;;;;;;;;;;;;;;;;;;;;;;;;;;;;;;;;;;;;;;;;;;;;;;;;;;;;;;;;;;;;;;;;;;;;;
S2025;3728;32.0;199.0;8.4;0;0;1;9;22:00;0.0;0.0;0.5;0.5;TEV;58;BERÇO TEV;9;22:30;9;22:50;9;22:50;9;22:55;9;22:55;9;23:00;9;23:00;9;23:05;9;23:05;9;23:10;9;23:10;9;23:15;9;23:15;9;23:50;;;;;;;;;;;;;;;;;;;;;;;;;;;;;;;;;;;;;;;;;9;23:50;9;23:50;10;17:20;;;;;;;;;;;;;;;;;;;;;;;;;;;;;;;;;;;;;;;;;;;;;;;;;;;;;;;;;;;;;;;;;;;;;;;
S2025;3404;32.0;229.0;6.91;0;0;0;-9;00:30;313.58;85.5;23.08;422.17;XXXIX;28;BERÇO ARM 37;8;14:40;8;15:00;8;15:00;8;15:05;8;15:05;8;15:10;8;15:10;8;15:45;;;;;;;;;;;;;;;;;;;;;;;;;;;;;;;;;;;;;;;;;;;;;;;;;;;;;8;15:45;8;15:45;11;08:05;;;;;;;;;;;;;;;;;;;;;;;;;;;;;;;;;;;;;;;;;;;;;;;;;;;;;;;;;;;;;;;;;;;;;;;
S2025;3414;32.0;199.98;6.22;0;0;0;-9;08:06;267.08;0.0;111.58;378.67;ELEVACOES;13;BERÇO ARM 19;7;02:50;7;03:10;7;03:10;7;03:15;7;03:15;7;03:20;7;03:20;7;03:25;7;03:25;7;03:30;7;03:30;7;03:35;7;03:35;7;03:40;7;03:40;7;04:15;;;;;;;;;;;;;;;;;;;;;;;;;;;;;;;;;;;;;7;04:15;7;04:15;10;07:40;10;08:00;;;;;;;;;;;;;;;;;;;;;;;;;;;;;;;;;;;;;10;08:00;10;08:10;10;08:10;10;08:15;10;08:15;10;08:20;10;08:20;10;08:25;10;08:25;10;08:30;10;08:30;10;08:35;10;08:35;10;08:40;10;08:40;10;09:00;
S2025;3416;32.0;190.0;6.5;0;0;0;-9;09:55;251.33;39.25;133.75;424.33;ELEVACOES;12;BERÇO ARM 16/17;9;02:15;9;02:35;9;02:35;9;02:40;9;02:40;9;02:45;9;02:45;9;02:50;9;02:50;9;02:55;9;02:55;9;03:00;9;03:00;9;03:05;9;03:05;9;03:10;9;03:10;9;03:45;;;;;;;;;;;;;;;;;;;;;;;;;;;;;;;;;9;03:45;9;03:45;10;20:35;10;21:15;;;;;;;;;;;;;;;;;;;;;;;;;;;;;;;;;10;21:15;10;21:25;10;21:25;10;21:30;10;21:30;10;21:35;10;21:35;10;21:40;10;21:40;10;21:45;10;21:45;10;21:50;10;21:50;10;21:55;10;21:55;10;22:00;10;22:00;10;22:20;
S2025;3421;32.0;225.0;6.91;0;0;0;-9;16:30;263.0;50.42;71.92;385.33;COFCO;10;BERÇO ARM 13/14;7;17:50;7;18:10;7;18:10;7;18:15;7;18:15;7;18:20;7;18:20;7;18:25;7;18:25;7;18:30;7;18:30;7;18:35;7;18:35;7;18:40;7;18:40;7;18:45;7;18:45;7;19:20;;;;;;;;;;;;;;;;;;;;;;;;;;;;;;;;;7;19:20;7;19:20;10;12:05;10;13:10;;;;;;;;;;;;;;;;;;;;;;;;;;;;;;;;;10;13:10;10;13:20;10;13:20;10;13:25;10;13:25;10;13:30;10;13:30;10;13:35;10;13:35;10;13:40;10;13:40;10;13:45;10;13:45;10;13:50;10;13:50;10;13:55;10;13:55;10;14:15;
S2025;3468;32.0;229.0;7.05;0;0;0;-6;05:45;215.5;73.58;72.25;361.33;COFCO;9;BERÇO ARM 12A;9;07:05;9;07:25;9;07:25;9;07:30;9;07:30;9;07:35;9;07:35;9;07:40;9;07:40;9;07:45;9;07:45;9;07:50;9;07:50;9;07:55;9;07:55;9;08:00;9;08:00;9;08:35;;;;;;;;;;;;;;;;;;;;;;;;;;;;;;;;;9;08:35;9;08:35;12;16:40;;;;;;;;;;;;;;;;;;;;;;;;;;;;;;;;;;;;;;;;;;;;;;;;;;;;;;;;;;;;;;;;;;;;;;;
S2025;3537;33.0;229.0;13.02;0;0;0;-1;06:00;43.67;0.0;60.17;103.83;TERMAG;57;BERÇO TERMAG;3;13:50;3;14:10;3;14:10;3;14:15;3;14:15;3;14:20;3;14:20;3;14:25;3;14:25;3;14:40;;;;;;;;;;;;;;;;;;;;;;;;;;;;;;;;;;;;;;;;;;;;;;;;;3;14:40;3;14:40;11;00:05;;;;;;;;;;;;;;;;;;;;;;;;;;;;;;;;;;;;;;;;;;;;;;;;;;;;;;;;;;;;;;;;;;;;;;;
S2025;3559;32.0;228.99;6.78;0;0;0;0;19:30;93.58;67.08;49.92;210.58;ADM;30;BERÇO ARM 39;9;14:05;9;14:25;9;14:25;9;14:30;9;14:30;9;14:35;9;14:35;9;15:10;;;;;;;;;;;;;;;;;;;;;;;;;;;;;;;;;;;;;;;;;;;;;;;;;;;;;9;15:10;9;15:10;11;22:05;;;;;;;;;;;;;;;;;;;;;;;;;;;;;;;;;;;;;;;;;;;;;;;;;;;;;;;;;;;;;;;;;;;;;;;
S2025;3565;32.0;228.91;7.0;0;0;0;1;01:35;36.33;0.0;72.33;108.67;TGRAO;72;BERÇO OUT 3;5;14:15;5;14:35;5;14:35;5;14:40;5;14:40;5;14:45;5;14:45;5;14:50;5;14:50;5;14:55;5;14:55;5;15:00;5;15:00;5;15:35;;;;;;;;;;;;;;;;;;;;;;;;;;;;;;;;;;;;;;;;;5;15:35;5;15:35;9;22:55;10;00:00;;;;;;;;;;;;;;;;;;;;;;;;;;;;;;;;;;;;;;;;;10;00:00;10;00:10;10;00:10;10;00:15;10;00:15;10;00:20;10;00:20;10;00:25;10;00:25;10;00:30;10;00:30;10;00:35;10;00:35;10;00:55;
S2025;3566;32.0;229.0;7.3;0;0;0;1;04:00;10.33;49.17;37.0;96.5;TIPLAM - GSA - E;61;BERÇO TIPLAM 2;5;04:30;5;04:50;5;04:50;5;04:55;5;04:55;5;05:00;5;05:00;5;05:05;5;05:05;5;05:10;5;05:10;5;05:15;5;05:15;5;05:20;5;05:20;5;05:25;5;05:25;5;05:30;5;05:30;5;05:35;5;05:35;5;05:40;5;05:40;5;05:45;5;05:45;5;05:50;5;05:50;5;05:55;5;05:55;5;06:00;5;06:00;5;06:20;5;06:20;5;07:05;5;07:05;5;07:05;10;00:25;10;00:50;10;00:50;10;01:00;10;01:00;10;01:20;10;01:20;10;01:25;10;01:25;10;01:30;10;01:30;10;01:35;10;01:35;10;01:40;10;01:40;10;01:45;10;01:45;10;01:50;10;01:50;10;01:55;10;01:55;10;02:00;10;02:00;10;02:05;10;02:05;10;02:10;10;02:10;10;02:15;10;02:15;10;02:20;10;02:20;10;02:25;10;02:25;10;02:30;10;02:30;10;02:50;
S2025;3579;32.0;228.99;7.4;0;0;0;1;15:48;35.0;54.75;0.92;90.67;TES;29;BERÇO ARM 38;5;10:30;5;10:50;5;10:50;5;10:55;5;10:55;5;11:00;5;11:00;5;11:35;;;;;;;;;;;;;;;;;;;;;;;;;;;;;;;;;;;;;;;;;;;;;;;;;;;;;5;11:35;5;11:35;10;10:55;10;12:00;;;;;;;;;;;;;;;;;;;;;;;;;;;;;;;;;;;;;;;;;;;;;;;;;;;;;10;12:00;10;12:10;10;12:10;10;12:15;10;12:15;10;12:20;10;12:20;10;12:40;
S2025;3585;32.0;228.9;8.2;0;0;0;2;05:00;53.17;78.42;3.58;135.17;COPESUCAR;14;BERÇO ARM 20/21;7;20:10;7;20:30;7;20:30;7;20:35;7;20:35;7;20:40;7;20:40;7;20:45;7;20:45;7;20:50;7;20:50;7;20:55;7;20:55;7;21:00;7;21:00;7;21:35;;;;;;;;;;;;;;;;;;;;;;;;;;;;;;;;;;;;;7;21:35;7;21:35;9;21:30;10;00:10;;;;;;;;;;;;;;;;;;;;;;;;;;;;;;;;;;;;;10;00:10;10;00:20;10;00:20;10;00:25;10;00:25;10;00:30;10;00:30;10;00:35;10;00:35;10;00:40;10;00:40;10;00:45;10;00:45;10;00:50;10;00:50;10;01:10;
S2025;3590;32.0;199.98;6.64;0;0;0;2;13:00;19.25;91.08;14.0;124.33;TIPLAM - GSA - E;62;BERÇO TIPLAM 3;7;17:20;7;17:40;7;17:40;7;17:45;7;17:45;7;17:50;7;17:50;7;17:55;7;17:55;7;18:00;7;18:00;7;18:05;7;18:05;7;18:10;7;18:10;7;18:15;7;18:15;7;18:20;7;18:20;7;18:25;7;18:25;7;18:30;7;18:30;7;18:35;7;18:35;7;18:40;7;18:40;7;18:45;7;18:45;7;18:50;7;18:50;7;19:10;7;19:10;7;19:55;7;19:55;7;19:55;10;17:45;10;18:25;10;18:25;10;18:35;10;18:35;10;18:55;10;18:55;10;19:00;10;19:00;10;19:05;10;19:05;10;19:10;10;19:10;10;19:15;10;19:15;10;19:20;10;19:20;10;19:25;10;19:25;10;19:30;10;19:30;10;19:35;10;19:35;10;19:40;10;19:40;10;19:45;10;19:45;10;19:50;10;19:50;10;19:55;10;19:55;10;20:00;10;20:00;10;20:05;10;20:05;10;20:25;
S2025;3597;32.0;199.9;8.75;0;0;0;2;20:24;0.0;0.0;0.67;0.67;OUTROS_SABOO;38;BERÇO CS 03;2;21:05;2;21:25;2;21:25;2;21:30;2;21:30;2;21:35;2;21:35;2;21:40;2;21:40;2;21:45;2;21:45;2;21:50;2;21:50;2;21:55;2;21:55;2;22:00;2;22:00;2;22:05;2;22:05;2;22:10;2;22:10;2;22:15;2;22:15;2;22:30;;;;;;;;;;;;;;;;;;;;;2;22:30;2;22:30;10;19:50;;;;;;;;;;;;;;;;;;;;;;;;;;;;;;;;;;;;;;;;;;;;;;;;;;;;;;;;;;;;;;;;;;;;;;;
S2025;3604;36.0;236.32;8.2;0;0;0;3;10:50;2.83;0.0;44.58;47.42;ECOPORTO;70;BERÇO VAL;5;10:15;5;10:35;5;10:35;5;10:40;5;10:40;5;10:45;5;10:45;5;10:50;5;10:50;5;10:55;5;10:55;5;11:00;5;11:00;5;11:05;5;11:05;5;11:10;5;11:10;5;11:15;5;11:15;5;11:20;5;11:20;5;11:25;5;11:25;5;11:40;;;;;;;;;;;;;;;;;;;;;5;11:40;5;11:40;6;14:10;;;;;;;;;;;;;;;;;;;;;;;;;;;;;;;;;;;;;;;;;;;;;;;;;;;;;;;;;;;;;;;;;;;;;;;
S2025;3621;32.0;189.99;6.9;0;0;0;4;08:06;10.75;0.0;58.17;68.92;TGRAO;71;BERÇO OUT 2;7;05:05;7;05:25;7;05:25;7;05:30;7;05:30;7;05:35;7;05:35;7;05:40;7;05:40;7;05:45;7;05:45;7;05:50;7;05:50;7;06:25;;;;;;;;;;;;;;;;;;;;;;;;;;;;;;;;;;;;;;;;;7;06:25;7;06:25;11;12:50;;;;;;;;;;;;;;;;;;;;;;;;;;;;;;;;;;;;;;;;;;;;;;;;;;;;;;;;;;;;;;;;;;;;;;;
S2025;3623;32.0;189.99;10.55;0;0;0;4;10:30;0.0;0.0;10.25;10.25;OUTROS_MACUCO;18;BERÇO ARM 29;4;20:45;4;21:05;4;21:05;4;21:10;4;21:10;4;21:15;4;21:15;4;21:20;4;21:20;4;21:25;4;21:25;4;21:30;4;21:30;4;21:45;;;;;;;;;;;;;;;;;;;;;;;;;;;;;;;;;;;;;;;;;4;21:45;4;21:45;10;05:40;10;09:40;;;;;;;;;;;;;;;;;;;;;;;;;;;;;;;;;;;;;;;;;10;09:40;10;10:10;10;10:10;10;10:15;10;10:15;10;10:20;10;10:20;10;10:25;10;10:25;10;10:30;10;10:30;10;10:35;10;10:35;10;10:55;
S2025;3628;32.0;201.8;11.7;0;0;0;4;14:00;55.92;22.17;17.75;95.83;ELDORADO;21;BERÇO ARM 31;8;13:50;8;14:10;8;14:10;8;14:15;8;14:15;8;14:20;8;14:20;8;14:25;8;14:25;8;14:30;8;14:30;8;15:05;;;;;;;;;;;;;;;;;;;;;;;;;;;;;;;;;;;;;;;;;;;;;8;15:05;8;15:05;10;15:40;10;15:55;;;;;;;;;;;;;;;;;;;;;;;;;;;;;;;;;;;;;;;;;;;;;10;15:55;10;16:05;10;16:05;10;16:10;10;16:10;10;16:15;10;16:15;10;16:20;10;16:20;10;16:25;10;16:25;10;16:45;
S2025;3641;24.0;145.05;11.7;0;0;0;5;09:30;4.67;7.67;0.0;12.33;STOLTHAVEN;4;BERÇO AL 03;5;21:50;5;22:10;5;22:10;5;22:15;5;22:15;5;22:20;5;22:20;5;22:25;5;22:25;5;22:30;5;22:30;5;22:35;5;22:35;5;22:40;5;22:40;5;22:45;5;22:45;5;22:50;5;22:50;5;22:55;5;22:55;5;23:00;5;23:00;5;23:05;5;23:05;5;23:10;5;23:10;5;23:45;;;;;;;;;;;;;5;23:45;5;23:45;10;05:15;10;07:45;;;;;;;;;;;;;10;07:45;10;07:55;10;07:55;10;08:00;10;08:00;10;08:05;10;08:05;10;08:10;10;08:10;10;08:15;10;08:15;10;08:20;10;08:20;10;08:25;10;08:25;10;08:30;10;08:30;10;08:35;10;08:35;10;08:40;10;08:40;10;08:45;10;08:45;10;08:50;10;08:50;10;08:55;10;08:55;10;09:15;
S2025;3644;32.0;225.0;6.1;0;0;0;5;10:30;19.67;41.92;1.08;62.67;TEG;56;BERÇO TEG;8;01:10;8;01:30;8;01:30;8;01:35;8;01:35;8;01:40;8;01:40;8;01:45;8;01:45;8;02:20;;;;;;;;;;;;;;;;;;;;;;;;;;;;;;;;;;;;;;;;;;;;;;;;;8;02:20;8;02:20;11;03:45;;;;;;;;;;;;;;;;;;;;;;;;;;;;;;;;;;;;;;;;;;;;;;;;;;;;;;;;;;;;;;;;;;;;;;;
S2025;3645;36.0;229.0;7.65;0;0;0;5;12:00;10.33;64.08;0.0;74.42;TGG;59;BERÇO TGG;8;14:25;8;14:45;8;14:45;8;14:50;8;14:50;8;14:55;8;14:55;8;15:00;8;15:00;8;15:35;;;;;;;;;;;;;;;;;;;;;;;;;;;;;;;;;;;;;;;;;;;;;;;;;8;15:35;8;15:35;10;20:40;;;;;;;;;;;;;;;;;;;;;;;;;;;;;;;;;;;;;;;;;;;;;;;;;;;;;;;;;;;;;;;;;;;;;;;
S2025;3647;32.0;199.99;9.5;0;0;0;5;13:30;18.17;37.25;1.75;57.17;TEAG;51;BERÇO TEAG;7;22:40;7;23:00;7;23:00;7;23:05;7;23:05;7;23:10;7;23:10;7;23:15;7;23:15;7;23:50;;;;;;;;;;;;;;;;;;;;;;;;;;;;;;;;;;;;;;;;;;;;;;;;;7;23:50;7;23:50;10;17:25;10;18:00;;;;;;;;;;;;;;;;;;;;;;;;;;;;;;;;;;;;;;;;;;;;;;;;;10;18:00;10;18:10;10;18:10;10;18:15;10;18:15;10;18:20;10;18:20;10;18:25;10;18:25;10;18:45;
S2025;3648;32.0;228.99;13.48;0;0;0;5;15:06;1.25;0.0;1.25;2.5;TIPLAM - GSM - I;60;BERÇO TIPLAM 1;5;17:40;5;18:00;5;18:00;5;18:05;5;18:05;5;18:10;5;18:10;5;18:15;5;18:15;5;18:20;5;18:20;5;18:25;5;18:25;5;18:30;5;18:30;5;18:35;5;18:35;5;18:40;5;18:40;5;18:45;5;18:45;5;18:50;5;18:50;5;18:55;5;18:55;5;19:00;5;19:00;5;19:05;5;19:05;5;19:10;5;19:10;5;19:30;5;19:30;5;20:15;5;20:15;5;20:15;12;02:20;;;;;;;;;;;;;;;;;;;;;;;;;;;;;;;;;;;;;;;;;;;;;;;;;;;;;;;;;;;;;;;;;;;;;;;
S2025;3656;32.0;189.99;11.0;0;0;0;6;08:00;0.0;0.0;0.83;0.83;OUTROS_MACUCO;24;BERÇO ARM 33;6;08:50;6;09:10;6;09:10;6;09:15;6;09:15;6;09:20;6;09:20;6;09:25;6;09:25;6;09:30;6;09:30;6;09:45;;;;;;;;;;;;;;;;;;;;;;;;;;;;;;;;;;;;;;;;;;;;;6;09:45;6;09:45;10;13:20;10;15:20;;;;;;;;;;;;;;;;;;;;;;;;;;;;;;;;;;;;;;;;;;;;;10;15:20;10;15:50;10;15:50;10;15:55;10;15:55;10;16:00;10;16:00;10;16:05;10;16:05;10;16:10;10;16:10;10;16:30;
S2025;3657;27.0;188.32;7.6;0;0;0;6;08:00;0.0;0.0;0.25;0.25;ECOPORTO;35;BERÇO CORTE;6;08:15;6;08:35;6;08:35;6;08:40;6;08:40;6;08:45;6;08:45;6;08:50;6;08:50;6;08:55;6;08:55;6;09:00;6;09:00;6;09:05;6;09:05;6;09:10;6;09:10;6;09:15;6;09:15;6;09:20;6;09:20;6;09:25;6;09:25;6;09:40;;;;;;;;;;;;;;;;;;;;;6;09:40;6;09:40;15;06:40;;;;;;;;;;;;;;;;;;;;;;;;;;;;;;;;;;;;;;;;;;;;;;;;;;;;;;;;;;;;;;;;;;;;;;;
S2025;3659;32.0;199.99;10.19;0;0;0;6;13:00;8.17;70.0;0.0;78.17;TIPLAM - GSM - I;63;BERÇO TIPLAM 4;9;19:10;9;19:30;9;19:30;9;19:35;9;19:35;9;19:40;9;19:40;9;19:45;9;19:45;9;19:50;9;19:50;9;19:55;9;19:55;9;20:00;9;20:00;9;20:05;9;20:05;9;20:10;9;20:10;9;20:15;9;20:15;9;20:20;9;20:20;9;20:25;9;20:25;9;20:30;9;20:30;9;20:35;9;20:35;9;20:40;9;20:40;9;21:00;9;21:00;9;21:15;9;21:15;9;21:15;14;23:20;;;;;;;;;;;;;;;;;;;;;;;;;;;;;;;;;;;;;;;;;;;;;;;;;;;;;;;;;;;;;;;;;;;;;;;
S2025;3664;32.0;225.0;7.28;0;0;0;6;14:00;1.25;15.33;1.25;17.83;FIBRIA;23;BERÇO ARM 32;7;07:50;7;08:10;7;08:10;7;08:15;7;08:15;7;08:20;7;08:20;7;08:25;7;08:25;7;08:30;7;08:30;7;09:05;;;;;;;;;;;;;;;;;;;;;;;;;;;;;;;;;;;;;;;;;;;;;7;09:05;7;09:05;10;09:00;10;10:55;;;;;;;;;;;;;;;;;;;;;;;;;;;;;;;;;;;;;;;;;;;;;10;10:55;10;11:05;10;11:05;10;11:10;10;11:10;10;11:15;10;11:15;10;11:20;10;11:20;10;11:25;10;11:25;10;11:45;
S2025;3667;32.0;183.0;10.8;0;0;0;6;15:00;1.58;10.5;1.5;13.58;VOPAK;5;BERÇO AL 04;7;04:35;7;04:55;7;04:55;7;05:00;7;05:00;7;05:05;7;05:05;7;05:10;7;05:10;7;05:15;7;05:15;7;05:20;7;05:20;7;05:25;7;05:25;7;05:30;7;05:30;7;05:35;7;05:35;7;05:40;7;05:40;7;05:45;7;05:45;7;05:50;7;05:50;7;05:55;7;05:55;7;06:10;;;;;;;;;;;;;7;06:10;7;06:10;9;22:35;10;09:20;;;;;;;;;;;;;10;09:20;10;09:50;10;09:50;10;09:55;10;09:55;10;10:00;10;10:00;10;10:05;10;10:05;10;10:10;10;10:10;10;10:15;10;10:15;10;10:20;10;10:20;10;10:25;10;10:25;10;10:30;10;10:30;10;10:35;10;10:35;10;10:40;10;10:40;10;10:45;10;10:45;10;10:50;10;10:50;10;11:10;
S2025;3682;30.0;199.2;8.64;0;0;0;7;10:00;0.0;0.0;2.0;2.0;OUTROS_SABOO;36;BERÇO CS 01;7;12:00;7;12:20;7;12:20;7;12:25;7;12:25;7;12:30;7;12:30;7;12:35;7;12:35;7;12:40;7;12:40;7;12:45;7;12:45;7;12:50;7;12:50;7;12:55;7;12:55;7;13:00;7;13:00;7;13:05;7;13:05;7;13:10;7;13:10;7;13:25;;;;;;;;;;;;;;;;;;;;;7;13:25;7;13:25;10;22:05;;;;;;;;;;;;;;;;;;;;;;;;;;;;;;;;;;;;;;;;;;;;;;;;;;;;;;;;;;;;;;;;;;;;;;;
S2025;3689;24.0;144.09;9.3;0;0;0;7;16:30;0.0;0.0;1.08;1.08;AGEO_TERMINAIS;1;BERÇO Ageo I;7;17:35;7;17:55;7;17:55;7;18:00;7;18:00;7;18:05;7;18:05;7;18:10;7;18:10;7;18:15;7;18:15;7;18:20;7;18:20;7;18:25;7;18:25;7;18:30;7;18:30;7;18:35;7;18:35;7;18:40;7;18:40;7;18:45;7;18:45;7;19:00;;;;;;;;;;;;;;;;;;;;;7;19:00;7;19:00;10;03:20;10;03:20;;;;;;;;;;;;;;;;;;;;;10;03:20;10;03:50;10;03:50;10;03:55;10;03:55;10;04:00;10;04:00;10;04:05;10;04:05;10;04:10;10;04:10;10;04:15;10;04:15;10;04:20;10;04:20;10;04:25;10;04:25;10;04:30;10;04:30;10;04:35;10;04:35;10;04:40;10;04:40;10;05:00;
S2025;3690;40.0;293.18;13.2;0;0;0;7;17:00;0.92;25.92;0.0;26.83;SANTOSBR;54;BERÇO TECON 2;8;19:50;8;20:10;8;20:10;8;20:15;8;20:15;8;20:20;8;20:20;8;20:25;8;20:25;8;20:30;8;20:30;8;20:45;;;;;;;;;;;;;;;;;;;;;;;;;;;;;;;;;;;;;;;;;;;;;8;20:45;8;20:45;10;06:00;10;07:00;;;;;;;;;;;;;;;;;;;;;;;;;;;;;;;;;;;;;;;;;;;;;10;07:00;10;07:30;10;07:30;10;07:35;10;07:35;10;07:40;10;07:40;10;07:45;10;07:45;10;07:50;10;07:50;10;08:10;
S2025;3691;32.0;199.99;11.7;0;0;0;7;21:00;0.92;13.33;4.08;18.33;OUTROS_MACUCO;27;BERÇO ARM 35P2;8;15:20;8;15:40;8;15:40;8;15:45;8;15:45;8;15:50;8;15:50;8;15:55;8;15:55;8;16:00;8;16:00;8;16:15;;;;;;;;;;;;;;;;;;;;;;;;;;;;;;;;;;;;;;;;;;;;;8;16:15;8;16:15;20;04:55;;;;;;;;;;;;;;;;;;;;;;;;;;;;;;;;;;;;;;;;;;;;;;;;;;;;;;;;;;;;;;;;;;;;;;;
S2025;3693;30.0;179.97;8.54;0;0;0;8;01:00;2.0;19.67;0.0;21.67;HIDROVIAS;15;BERÇO ARM 22/23;8;22:40;8;23:00;8;23:00;8;23:05;8;23:05;8;23:10;8;23:10;8;23:15;8;23:15;8;23:20;8;23:20;8;23:25;8;23:25;8;23:30;8;23:30;8;23:45;;;;;;;;;;;;;;;;;;;;;;;;;;;;;;;;;;;;;8;23:45;8;23:45;10;22:40;;;;;;;;;;;;;;;;;;;;;;;;;;;;;;;;;;;;;;;;;;;;;;;;;;;;;;;;;;;;;;;;;;;;;;;
S2025;3694;32.2;182.9;8.3;0;0;0;8;02:10;0.0;0.0;1.33;1.33;AGEO_TERMINAIS;77;BERÇO IB OE;8;03:30;8;03:50;8;03:50;8;03:55;8;03:55;8;04:00;8;04:00;8;04:05;8;04:05;8;04:10;8;04:10;8;04:15;8;04:15;8;04:20;8;04:20;8;04:25;8;04:25;8;04:30;8;04:30;8;04:35;8;04:35;8;04:40;8;04:40;8;05:15;;;;;;;;;;;;;;;;;;;;;8;05:15;8;05:15;11;13:10;;;;;;;;;;;;;;;;;;;;;;;;;;;;;;;;;;;;;;;;;;;;;;;;;;;;;;;;;;;;;;;;;;;;;;;
S2025;3695;38.0;227.95;10.7;0;0;0;8;05:00;3.92;15.83;2.42;22.17;DPW - CGC;42;BERÇO DPW 1;9;03:10;9;03:30;9;03:30;9;03:35;9;03:35;9;03:40;9;03:40;9;03:45;9;03:45;9;03:50;9;03:50;9;03:55;9;03:55;9;04:00;9;04:00;9;04:05;9;04:05;9;04:10;9;04:10;9;04:15;9;04:15;9;04:30;;;;;;;;;;;;;;;;;;;;;;;;;9;04:30;9;04:30;10;06:30;10;06:50;;;;;;;;;;;;;;;;;;;;;;;;;10;06:50;10;07:20;10;07:20;10;07:25;10;07:25;10;07:30;10;07:30;10;07:35;10;07:35;10;07:40;10;07:40;10;07:45;10;07:45;10;07:50;10;07:50;10;07:55;10;07:55;10;08:00;10;08:00;10;08:05;10;08:05;10;08:25;
S2025;3696;26.0;169.06;8.7;0;0;0;8;08:30;0.0;0.0;0.08;0.08;VOPAK;3;BERÇO AL 02;8;08:35;8;08:55;8;08:55;8;09:00;8;09:00;8;09:05;8;09:05;8;09:10;8;09:10;8;09:15;8;09:15;8;09:20;8;09:20;8;09:25;8;09:25;8;09:30;8;09:30;8;09:35;8;09:35;8;09:40;8;09:40;8;09:45;8;09:45;8;09:50;8;09:50;8;09:55;8;09:55;8;10:30;;;;;;;;;;;;;8;10:30;8;10:30;10;07:45;10;09:55;;;;;;;;;;;;;10;09:55;10;10:05;10;10:05;10;10:10;10;10:10;10;10:15;10;10:15;10;10:20;10;10:20;10;10:25;10;10:25;10;10:30;10;10:30;10;10:35;10;10:35;10;10:40;10;10:40;10;10:45;10;10:45;10;10:50;10;10:50;10;10:55;10;10:55;10;11:00;10;11:00;10;11:05;10;11:05;10;11:25;
S2025;3700;27.0;158.98;7.1;0;0;0;8;12:36;0.0;0.0;3.0;3.0;AGEO_TERMINAIS;46;BERÇO IB BC;8;15:40;8;16:00;8;16:00;8;16:05;8;16:05;8;16:10;8;16:10;8;16:15;8;16:15;8;16:20;8;16:20;8;16:25;8;16:25;8;16:30;8;16:30;8;16:35;8;16:35;8;16:40;8;16:40;8;16:45;8;16:45;8;16:50;8;16:50;8;17:25;;;;;;;;;;;;;;;;;;;;;8;17:25;8;17:25;12;09:00;;;;;;;;;;;;;;;;;;;;;;;;;;;;;;;;;;;;;;;;;;;;;;;;;;;;;;;;;;;;;;;;;;;;;;;
S2025;3705;48.0;300.0;11.4;0;0;0;8;17:25;7.42;3.0;0.25;10.67;SANTOSBR;53;BERÇO TECON 1.2;9;04:05;9;04:25;9;04:25;9;04:30;9;04:30;9;04:35;9;04:35;9;04:40;9;04:40;9;04:45;9;04:45;9;05:00;;;;;;;;;;;;;;;;;;;;;;;;;;;;;;;;;;;;;;;;;;;;;9;05:00;9;05:00;10;03:15;10;06:25;;;;;;;;;;;;;;;;;;;;;;;;;;;;;;;;;;;;;;;;;;;;;10;06:25;10;06:55;10;06:55;10;07:00;10;07:00;10;07:05;10;07:05;10;07:10;10;07:10;10;07:15;10;07:15;10;07:35;
S2025;3706;32.0;204.85;7.5;0;0;0;8;19:00;0.0;0.0;0.0;0.0;CUTRALE - GL;40;BERÇO CUTRALE;8;19:00;8;19:20;8;19:20;8;19:25;8;19:25;8;19:30;8;19:30;8;20:05;;;;;;;;;;;;;;;;;;;;;;;;;;;;;;;;;;;;;;;;;;;;;;;;;;;;;8;20:05;8;20:05;12;07:10;;;;;;;;;;;;;;;;;;;;;;;;;;;;;;;;;;;;;;;;;;;;;;;;;;;;;;;;;;;;;;;;;;;;;;;
S2025;3707;40.0;272.05;9.6;0;0;0;8;21:52;2.92;15.67;2.92;21.5;DPW - CGC;43;BERÇO DPW 2;9;19:25;9;19:45;9;19:45;9;19:50;9;19:50;9;19:55;9;19:55;9;20:00;9;20:00;9;20:05;9;20:05;9;20:10;9;20:10;9;20:15;9;20:15;9;20:20;9;20:20;9;20:25;9;20:25;9;20:30;9;20:30;9;21:05;;;;;;;;;;;;;;;;;;;;;;;;;9;21:05;9;21:05;10;11:50;10;18:20;;;;;;;;;;;;;;;;;;;;;;;;;10;18:20;10;18:30;10;18:30;10;18:35;10;18:35;10;18:40;10;18:40;10;18:45;10;18:45;10;18:50;10;18:50;10;18:55;10;18:55;10;19:00;10;19:00;10;19:05;10;19:05;10;19:10;10;19:10;10;19:15;10;19:15;10;19:35;
S2025;3708;48.0;333.18;11.8;0;0;0;8;22:00;5.83;0.0;3.92;9.75;BTP;34;BERÇO BTP 3;9;07:45;9;08:05;9;08:05;9;08:10;9;08:10;9;08:15;9;08:15;9;08:20;9;08:20;9;08:25;9;08:25;9;08:30;9;08:30;9;08:35;9;08:35;9;08:40;9;08:40;9;08:45;9;08:45;9;08:50;9;08:50;9;08:55;9;08:55;9;09:00;9;09:00;9;09:15;;;;;;;;;;;;;;;;;9;09:15;9;09:15;10;06:50;10;06:55;;;;;;;;;;;;;;;;;10;06:55;10;07:25;10;07:25;10;07:30;10;07:30;10;07:35;10;07:35;10;07:40;10;07:40;10;07:45;10;07:45;10;07:50;10;07:50;10;07:55;10;07:55;10;08:00;10;08:00;10;08:05;10;08:05;10;08:10;10;08:10;10;08:15;10;08:15;10;08:20;10;08:20;10;08:40;
S2025;3709;48.0;330.0;11.9;0;0;0;8;22:18;4.33;0.0;0.25;4.58;BTP;33;BERÇO BTP 2;9;02:55;9;03:15;9;03:15;9;03:20;9;03:20;9;03:25;9;03:25;9;03:30;9;03:30;9;03:35;9;03:35;9;03:40;9;03:40;9;03:45;9;03:45;9;03:50;9;03:50;9;03:55;9;03:55;9;04:00;9;04:00;9;04:05;9;04:05;9;04:10;9;04:10;9;04:25;;;;;;;;;;;;;;;;;9;04:25;9;04:25;10;11:40;;;;;;;;;;;;;;;;;;;;;;;;;;;;;;;;;;;;;;;;;;;;;;;;;;;;;;;;;;;;;;;;;;;;;;;
S2025;3712;18.0;85.34;5.5;0;0;0;9;00:50;0.25;0.0;3.25;3.5;SAIPEM;48;BERÇO SAIPEM 1;9;04:20;9;04:40;9;04:40;9;05:15;;;;;;;;;;;;;;;;;;;;;;;;;;;;;;;;;;;;;;;;;;;;;;;;;;;;;;;;;;;;;9;05:15;9;05:15;10;06:20;10;06:20;;;;;;;;;;;;;;;;;;;;;;;;;;;;;;;;;;;;;;;;;;;;;;;;;;;;;;;;;;;;;10;06:20;10;06:30;10;06:30;10;06:50;
S2025;3715;20.0;92.95;6.0;0;0;0;9;04:50;0.0;0.0;1.25;1.25;SAIPEM;49;BERÇO SAIPEM 2;9;06:05;9;06:25;9;06:25;9;07:00;;;;;;;;;;;;;;;;;;;;;;;;;;;;;;;;;;;;;;;;;;;;;;;;;;;;;;;;;;;;;9;07:00;9;07:00;10;07:35;10;09:50;;;;;;;;;;;;;;;;;;;;;;;;;;;;;;;;;;;;;;;;;;;;;;;;;;;;;;;;;;;;;10;09:50;10;10:00;10;10:00;10;10:20;
S2025;3718;32.0;210.96;10.6;0;0;0;9;10:00;0.0;6.5;0.0;6.5;BTP;32;BERÇO BTP 1;9;16:30;9;16:50;9;16:50;9;16:55;9;16:55;9;17:00;9;17:00;9;17:05;9;17:05;9;17:10;9;17:10;9;17:15;9;17:15;9;17:20;9;17:20;9;17:25;9;17:25;9;17:30;9;17:30;9;17:35;9;17:35;9;17:40;9;17:40;9;17:45;9;17:45;9;18:00;;;;;;;;;;;;;;;;;9;18:00;9;18:00;10;18:25;10;18:25;;;;;;;;;;;;;;;;;10;18:25;10;18:55;10;18:55;10;19:00;10;19:00;10;19:05;10;19:05;10;19:10;10;19:10;10;19:15;10;19:15;10;19:20;10;19:20;10;19:25;10;19:25;10;19:30;10;19:30;10;19:35;10;19:35;10;19:40;10;19:40;10;19:45;10;19:45;10;19:50;10;19:50;10;20:10;
S2025;3720;30.0;179.99;6.9;0;0;0;9;13:00;0.0;0.0;0.25;0.25;NST - GL;20;BERÇO ARM 30;9;13:15;9;13:35;9;13:35;9;13:40;9;13:40;9;13:45;9;13:45;9;13:50;9;13:50;9;13:55;9;13:55;9;14:30;;;;;;;;;;;;;;;;;;;;;;;;;;;;;;;;;;;;;;;;;;;;;9;14:30;9;14:30;16;16:40;;;;;;;;;;;;;;;;;;;;;;;;;;;;;;;;;;;;;;;;;;;;;;;;;;;;;;;;;;;;;;;;;;;;;;;
S2025;3722;32.0;201.8;8.0;0;0;0;9;14:30;0.0;0.0;0.25;0.25;DPW - CGNC;44;BERÇO DPW 3;9;14:45;9;15:05;9;15:05;9;15:10;9;15:10;9;15:15;9;15:15;9;15:20;9;15:20;9;15:25;9;15:25;9;15:30;9;15:30;9;15:35;9;15:35;9;15:40;9;15:40;9;15:45;9;15:45;9;16:20;;;;;;;;;;;;;;;;;;;;;;;;;;;;;9;16:20;9;16:20;13;06:10;;;;;;;;;;;;;;;;;;;;;;;;;;;;;;;;;;;;;;;;;;;;;;;;;;;;;;;;;;;;;;;;;;;;;;;
S2025;3723;22.0;119.9;8.4;0;0;0;9;15:30;1.25;0.0;5.33;6.58;AGEO_TERMINAIS;47;BERÇO IB SP;9;22:05;9;22:25;9;22:25;9;22:30;9;22:30;9;22:35;9;22:35;9;22:40;9;22:40;9;22:45;9;22:45;9;22:50;9;22:50;9;22:55;9;22:55;9;23:00;9;23:00;9;23:05;9;23:05;9;23:10;9;23:10;9;23:15;9;23:15;9;23:50;;;;;;;;;;;;;;;;;;;;;9;23:50;9;23:50;12;21:45;;;;;;;;;;;;;;;;;;;;;;;;;;;;;;;;;;;;;;;;;;;;;;;;;;;;;;;;;;;;;;;;;;;;;;;
S2025;3724;32.0;293.97;9.4;0;0;0;9;20:30;0.17;1.08;0.0;1.25;SANTOSBR;55;BERÇO TECON 3;9;21:45;9;22:05;9;22:05;9;22:10;9;22:10;9;22:15;9;22:15;9;22:20;9;22:20;9;22:25;9;22:25;9;22:40;;;;;;;;;;;;;;;;;;;;;;;;;;;;;;;;;;;;;;;;;;;;;9;22:40;9;22:40;10;19:45;;;;;;;;;;;;;;;;;;;;;;;;;;;;;;;;;;;;;;;;;;;;;;;;;;;;;;;;;;;;;;;;;;;;;;;
S2025;3728;32.0;199.0;8.4;0;0;1;9;22:00;0.0;0.0;0.5;0.5;TEV;58;BERÇO TEV;9;22:30;9;22:50;9;22:50;9;22:55;9;22:55;9;23:00;9;23:00;9;23:05;9;23:05;9;23:10;9;23:10;9;23:15;9;23:15;9;23:50;;;;;;;;;;;;;;;;;;;;;;;;;;;;;;;;;;;;;;;;;9;23:50;9;23:50;10;17:20;10;18:25;;;;;;;;;;;;;;;;;;;;;;;;;;;;;;;;;;;;;;;;;10;18:25;10;18:35;10;18:35;10;18:40;10;18:40;10;18:45;10;18:45;10;18:50;10;18:50;10;18:55;10;18:55;10;19:00;10;19:00;10;19:20;
S2025;3446;33.0;229.0;7.83;0;0;0;-7;02:36;282.83;36.83;95.0;414.67;ELEVACOES;13;BERÇO ARM 19;10;09:20;10;09:40;10;09:40;10;09:45;10;09:45;10;09:50;10;09:50;10;09:55;10;09:55;10;10:00;10;10:00;10;10:05;10;10:05;10;10:10;10;10:10;10;10:45;;;;;;;;;;;;;;;;;;;;;;;;;;;;;;;;;;;;;10;10:45;10;10:45;15;16:10;;;;;;;;;;;;;;;;;;;;;;;;;;;;;;;;;;;;;;;;;;;;;;;;;;;;;;;;;;;;;;;;;;;;;;;
S2025;3464;32.0;225.0;7.16;0;0;0;-6;00:30;233.67;55.67;116.58;405.92;ELEVACOES;12;BERÇO ARM 16/17;10;22:25;10;22:45;10;22:45;10;22:50;10;22:50;10;22:55;10;22:55;10;23:00;10;23:00;10;23:05;10;23:05;10;23:10;10;23:10;10;23:15;10;23:15;10;23:20;10;23:20;10;23:55;;;;;;;;;;;;;;;;;;;;;;;;;;;;;;;;;10;23:55;10;23:55;13;02:10;;;;;;;;;;;;;;;;;;;;;;;;;;;;;;;;;;;;;;;;;;;;;;;;;;;;;;;;;;;;;;;;;;;;;;;
S2025;3596;38.0;229.0;6.9;0;0;0;2;17:30;29.67;131.75;16.17;177.58;TIPLAM - GSA - E;61;BERÇO TIPLAM 2;10;03:05;10;03:25;10;03:25;10;03:30;10;03:30;10;03:35;10;03:35;10;03:40;10;03:40;10;03:45;10;03:45;10;03:50;10;03:50;10;03:55;10;03:55;10;04:00;10;04:00;10;04:05;10;04:05;10;04:10;10;04:10;10;04:15;10;04:15;10;04:20;10;04:20;10;04:25;10;04:25;10;04:30;10;04:30;10;04:35;10;04:35;10;04:55;10;04:55;10;05:40;10;05:40;10;05:40;12;13:35;;;;;;;;;;;;;;;;;;;;;;;;;;;;;;;;;;;;;;;;;;;;;;;;;;;;;;;;;;;;;;;;;;;;;;;
S2025;3631;32.0;228.95;7.54;0;0;0;4;16:50;25.33;112.25;10.33;147.92;TIPLAM - GSA - E;62;BERÇO TIPLAM 3;10;20:45;10;21:05;10;21:05;10;21:10;10;21:10;10;21:15;10;21:15;10;21:20;10;21:20;10;21:25;10;21:25;10;21:30;10;21:30;10;21:35;10;21:35;10;21:40;10;21:40;10;21:45;10;21:45;10;21:50;10;21:50;10;21:55;10;21:55;10;22:00;10;22:00;10;22:05;10;22:05;10;22:10;10;22:10;10;22:15;10;22:15;10;22:35;10;22:35;10;23:20;10;23:20;10;23:20;15;04:30;;;;;;;;;;;;;;;;;;;;;;;;;;;;;;;;;;;;;;;;;;;;;;;;;;;;;;;;;;;;;;;;;;;;;;;
S2025;3598;32.0;224.95;11.6;0;0;0;3;03:15;56.5;93.92;28.83;179.25;COFCO;10;BERÇO ARM 13/14;10;14:30;10;14:50;10;14:50;10;14:55;10;14:55;10;15:00;10;15:00;10;15:05;10;15:05;10;15:10;10;15:10;10;15:15;10;15:15;10;15:20;10;15:20;10;15:25;10;15:25;10;16:00;;;;;;;;;;;;;;;;;;;;;;;;;;;;;;;;;10;16:00;10;16:00;15;10:50;;;;;;;;;;;;;;;;;;;;;;;;;;;;;;;;;;;;;;;;;;;;;;;;;;;;;;;;;;;;;;;;;;;;;;;
S2025;3620;32.0;225.0;7.45;0;0;0;4;07:00;43.58;89.92;4.75;138.25;COPESUCAR;14;BERÇO ARM 20/21;10;01:15;10;01:35;10;01:35;10;01:40;10;01:40;10;01:45;10;01:45;10;01:50;10;01:50;10;01:55;10;01:55;10;02:00;10;02:00;10;02:05;10;02:05;10;02:40;;;;;;;;;;;;;;;;;;;;;;;;;;;;;;;;;;;;;10;02:40;10;02:40;12;23:35;;;;;;;;;;;;;;;;;;;;;;;;;;;;;;;;;;;;;;;;;;;;;;;;;;;;;;;;;;;;;;;;;;;;;;;
S2025;3654;36.0;199.99;6.6;0;0;0;6;05:06;9.25;96.33;0.0;105.58;TES;29;BERÇO ARM 38;10;14:45;10;15:05;10;15:05;10;15:10;10;15:10;10;15:15;10;15:15;10;15:50;;;;;;;;;;;;;;;;;;;;;;;;;;;;;;;;;;;;;;;;;;;;;;;;;;;;;10;15:50;10;15:50;12;23:00;;;;;;;;;;;;;;;;;;;;;;;;;;;;;;;;;;;;;;;;;;;;;;;;;;;;;;;;;;;;;;;;;;;;;;;
S2025;3686;32.0;225.0;7.0;0;0;0;7;13:00;27.25;54.42;0.0;81.67;TEAG;51;BERÇO TEAG;10;22:40;10;23:00;10;23:00;10;23:05;10;23:05;10;23:10;10;23:10;10;23:15;10;23:15;10;23:50;;;;;;;;;;;;;;;;;;;;;;;;;;;;;;;;;;;;;;;;;;;;;;;;;10;23:50;10;23:50;13;08:50;;;;;;;;;;;;;;;;;;;;;;;;;;;;;;;;;;;;;;;;;;;;;;;;;;;;;;;;;;;;;;;;;;;;;;;
S2025;3702;32.0;229.0;7.2;0;0;0;8;14:02;20.33;13.25;3.75;37.33;TGRAO;72;BERÇO OUT 3;10;03:25;10;03:45;10;03:45;10;03:50;10;03:50;10;03:55;10;03:55;10;04:00;10;04:00;10;04:05;10;04:05;10;04:10;10;04:10;10;04:45;;;;;;;;;;;;;;;;;;;;;;;;;;;;;;;;;;;;;;;;;10;04:45;10;04:45;13;18:10;;;;;;;;;;;;;;;;;;;;;;;;;;;;;;;;;;;;;;;;;;;;;;;;;;;;;;;;;;;;;;;;;;;;;;;
S2025;3710;48.0;299.95;12.2;0;0;0;8;23:30;19.83;4.83;5.42;30.08;BTP;34;BERÇO BTP 3;10;05:35;10;05:55;10;05:55;10;06:00;10;06:00;10;06:05;10;06:05;10;06:10;10;06:10;10;06:15;10;06:15;10;06:20;10;06:20;10;06:25;10;06:25;10;06:30;10;06:30;10;06:35;10;06:35;10;06:40;10;06:40;10;06:45;10;06:45;10;06:50;10;06:50;10;07:05;;;;;;;;;;;;;;;;;10;07:05;10;07:05;12;01:25;;;;;;;;;;;;;;;;;;;;;;;;;;;;;;;;;;;;;;;;;;;;;;;;;;;;;;;;;;;;;;;;;;;;;;;
S2025;3721;38.0;227.95;10.2;0;0;0;9;13:10;3.92;23.67;0.08;27.67;BTP;32;BERÇO BTP 1;10;16:50;10;17:10;10;17:10;10;17:15;10;17:15;10;17:20;10;17:20;10;17:25;10;17:25;10;17:30;10;17:30;10;17:35;10;17:35;10;17:40;10;17:40;10;17:45;10;17:45;10;17:50;10;17:50;10;17:55;10;17:55;10;18:00;10;18:00;10;18:05;10;18:05;10;18:40;;;;;;;;;;;;;;;;;10;18:40;10;18:40;11;14:10;;;;;;;;;;;;;;;;;;;;;;;;;;;;;;;;;;;;;;;;;;;;;;;;;;;;;;;;;;;;;;;;;;;;;;;
S2025;3727;32.0;183.88;10.4;0;0;0;9;22:00;1.42;4.0;1.67;7.08;AGEO_TERMINAIS;1;BERÇO Ageo I;10;05:05;10;05:25;10;05:25;10;05:30;10;05:30;10;05:35;10;05:35;10;05:40;10;05:40;10;05:45;10;05:45;10;05:50;10;05:50;10;05:55;10;05:55;10;06:00;10;06:00;10;06:05;10;06:05;10;06:10;10;06:10;10;06:15;10;06:15;10;06:30;;;;;;;;;;;;;;;;;;;;;10;06:30;10;06:30;13;08:35;;;;;;;;;;;;;;;;;;;;;;;;;;;;;;;;;;;;;;;;;;;;;;;;;;;;;;;;;;;;;;;;;;;;;;;
S2025;3730;28.0;183.2;8.0;0;0;0;10;02:12;0.0;0.0;2.0;2.0;TRANSPETRO;2;BERÇO AL 01;10;04:15;10;04:35;10;04:35;10;04:40;10;04:40;10;04:45;10;04:45;10;04:50;10;04:50;10;04:55;10;04:55;10;05:00;10;05:00;10;05:05;10;05:05;10;05:10;10;05:10;10;05:15;10;05:15;10;05:20;10;05:20;10;05:25;10;05:25;10;05:30;10;05:30;10;05:35;10;05:35;10;06:10;;;;;;;;;;;;;10;06:10;10;06:10;11;01:25;;;;;;;;;;;;;;;;;;;;;;;;;;;;;;;;;;;;;;;;;;;;;;;;;;;;;;;;;;;;;;;;;;;;;;;
S2025;3732;31.0;199.2;11.7;0;0;0;10;04:26;5.17;7.58;0.0;12.75;ELDORADO;21;BERÇO ARM 31;10;17:15;10;17:35;10;17:35;10;17:40;10;17:40;10;17:45;10;17:45;10;17:50;10;17:50;10;17:55;10;17:55;10;18:30;;;;;;;;;;;;;;;;;;;;;;;;;;;;;;;;;;;;;;;;;;;;;10;18:30;10;18:30;12;06:15;;;;;;;;;;;;;;;;;;;;;;;;;;;;;;;;;;;;;;;;;;;;;;;;;;;;;;;;;;;;;;;;;;;;;;;
S2025;3733;32.0;183.0;10.0;0;0;0;10;10:00;2.33;0.0;0.42;2.75;DOW;41;BERÇO DOW;10;12:45;10;13:05;10;13:05;10;13:10;10;13:10;10;13:15;10;13:15;10;13:30;;;;;;;;;;;;;;;;;;;;;;;;;;;;;;;;;;;;;;;;;;;;;;;;;;;;;10;13:30;10;13:30;12;19:25;;;;;;;;;;;;;;;;;;;;;;;;;;;;;;;;;;;;;;;;;;;;;;;;;;;;;;;;;;;;;;;;;;;;;;;
S2025;3737;19.0;87.9;5.1;0;0;0;10;14:50;0.0;0.0;0.17;0.17;SAIPEM;48;BERÇO SAIPEM 1;10;15:00;10;15:20;10;15:20;10;15:55;;;;;;;;;;;;;;;;;;;;;;;;;;;;;;;;;;;;;;;;;;;;;;;;;;;;;;;;;;;;;10;15:55;10;15:55;13;00:00;;;;;;;;;;;;;;;;;;;;;;;;;;;;;;;;;;;;;;;;;;;;;;;;;;;;;;;;;;;;;;;;;;;;;;;
S2025;3404;32.0;229.0;6.91;0;0;0;-9;00:30;313.58;85.5;23.08;422.17;XXXIX;28;BERÇO ARM 37;8;14:40;8;15:00;8;15:00;8;15:05;8;15:05;8;15:10;8;15:10;8;15:45;;;;;;;;;;;;;;;;;;;;;;;;;;;;;;;;;;;;;;;;;;;;;;;;;;;;;8;15:45;8;15:45;11;08:05;11;14:20;;;;;;;;;;;;;;;;;;;;;;;;;;;;;;;;;;;;;;;;;;;;;;;;;;;;;11;14:20;11;14:30;11;14:30;11;14:35;11;14:35;11;14:40;11;14:40;11;15:00;
S2025;3446;33.0;229.0;7.83;0;0;0;-7;02:36;282.83;36.83;95.0;414.67;ELEVACOES;13;BERÇO ARM 19;10;09:20;10;09:40;10;09:40;10;09:45;10;09:45;10;09:50;10;09:50;10;09:55;10;09:55;10;10:00;10;10:00;10;10:05;10;10:05;10;10:10;10;10:10;10;10:45;;;;;;;;;;;;;;;;;;;;;;;;;;;;;;;;;;;;;10;10:45;10;10:45;15;16:10;;;;;;;;;;;;;;;;;;;;;;;;;;;;;;;;;;;;;;;;;;;;;;;;;;;;;;;;;;;;;;;;;;;;;;;
S2025;3464;32.0;225.0;7.16;0;0;0;-6;00:30;233.67;55.67;116.58;405.92;ELEVACOES;12;BERÇO ARM 16/17;10;22:25;10;22:45;10;22:45;10;22:50;10;22:50;10;22:55;10;22:55;10;23:00;10;23:00;10;23:05;10;23:05;10;23:10;10;23:10;10;23:15;10;23:15;10;23:20;10;23:20;10;23:55;;;;;;;;;;;;;;;;;;;;;;;;;;;;;;;;;10;23:55;10;23:55;13;02:10;;;;;;;;;;;;;;;;;;;;;;;;;;;;;;;;;;;;;;;;;;;;;;;;;;;;;;;;;;;;;;;;;;;;;;;
S2025;3468;32.0;229.0;7.05;0;0;0;-6;05:45;215.5;73.58;72.25;361.33;COFCO;9;BERÇO ARM 12A;9;07:05;9;07:25;9;07:25;9;07:30;9;07:30;9;07:35;9;07:35;9;07:40;9;07:40;9;07:45;9;07:45;9;07:50;9;07:50;9;07:55;9;07:55;9;08:00;9;08:00;9;08:35;;;;;;;;;;;;;;;;;;;;;;;;;;;;;;;;;9;08:35;9;08:35;12;16:40;;;;;;;;;;;;;;;;;;;;;;;;;;;;;;;;;;;;;;;;;;;;;;;;;;;;;;;;;;;;;;;;;;;;;;;
S2025;3537;33.0;229.0;13.02;0;0;0;-1;06:00;43.67;0.0;60.17;103.83;TERMAG;57;BERÇO TERMAG;3;13:50;3;14:10;3;14:10;3;14:15;3;14:15;3;14:20;3;14:20;3;14:25;3;14:25;3;14:40;;;;;;;;;;;;;;;;;;;;;;;;;;;;;;;;;;;;;;;;;;;;;;;;;3;14:40;3;14:40;11;00:05;11;03:15;;;;;;;;;;;;;;;;;;;;;;;;;;;;;;;;;;;;;;;;;;;;;;;;;11;03:15;11;03:45;11;03:45;11;03:50;11;03:50;11;03:55;11;03:55;11;04:00;11;04:00;11;04:20;
S2025;3559;32.0;228.99;6.78;0;0;0;0;19:30;93.58;67.08;49.92;210.58;ADM;30;BERÇO ARM 39;9;14:05;9;14:25;9;14:25;9;14:30;9;14:30;9;14:35;9;14:35;9;15:10;;;;;;;;;;;;;;;;;;;;;;;;;;;;;;;;;;;;;;;;;;;;;;;;;;;;;9;15:10;9;15:10;11;22:05;11;22:05;;;;;;;;;;;;;;;;;;;;;;;;;;;;;;;;;;;;;;;;;;;;;;;;;;;;;11;22:05;11;22:15;11;22:15;11;22:20;11;22:20;11;22:25;11;22:25;11;22:45;
S2025;3596;38.0;229.0;6.9;0;0;0;2;17:30;29.67;131.75;16.17;177.58;TIPLAM - GSA - E;61;BERÇO TIPLAM 2;10;03:05;10;03:25;10;03:25;10;03:30;10;03:30;10;03:35;10;03:35;10;03:40;10;03:40;10;03:45;10;03:45;10;03:50;10;03:50;10;03:55;10;03:55;10;04:00;10;04:00;10;04:05;10;04:05;10;04:10;10;04:10;10;04:15;10;04:15;10;04:20;10;04:20;10;04:25;10;04:25;10;04:30;10;04:30;10;04:35;10;04:35;10;04:55;10;04:55;10;05:40;10;05:40;10;05:40;12;13:35;;;;;;;;;;;;;;;;;;;;;;;;;;;;;;;;;;;;;;;;;;;;;;;;;;;;;;;;;;;;;;;;;;;;;;;
S2025;3597;32.0;199.9;8.75;0;0;0;2;20:24;0.0;0.0;0.67;0.67;OUTROS_SABOO;38;BERÇO CS 03;2;21:05;2;21:25;2;21:25;2;21:30;2;21:30;2;21:35;2;21:35;2;21:40;2;21:40;2;21:45;2;21:45;2;21:50;2;21:50;2;21:55;2;21:55;2;22:00;2;22:00;2;22:05;2;22:05;2;22:10;2;22:10;2;22:15;2;22:15;2;22:30;;;;;;;;;;;;;;;;;;;;;2;22:30;2;22:30;10;19:50;11;00:00;;;;;;;;;;;;;;;;;;;;;11;00:00;11;00:30;11;00:30;11;00:35;11;00:35;11;00:40;11;00:40;11;00:45;11;00:45;11;00:50;11;00:50;11;00:55;11;00:55;11;01:00;11;01:00;11;01:05;11;01:05;11;01:10;11;01:10;11;01:15;11;01:15;11;01:20;11;01:20;11;01:40;
S2025;3598;32.0;224.95;11.6;0;0;0;3;03:15;56.5;93.92;28.83;179.25;COFCO;10;BERÇO ARM 13/14;10;14:30;10;14:50;10;14:50;10;14:55;10;14:55;10;15:00;10;15:00;10;15:05;10;15:05;10;15:10;10;15:10;10;15:15;10;15:15;10;15:20;10;15:20;10;15:25;10;15:25;10;16:00;;;;;;;;;;;;;;;;;;;;;;;;;;;;;;;;;10;16:00;10;16:00;15;10:50;;;;;;;;;;;;;;;;;;;;;;;;;;;;;;;;;;;;;;;;;;;;;;;;;;;;;;;;;;;;;;;;;;;;;;;
S2025;3604;36.0;236.32;8.2;0;0;0;3;10:50;2.83;0.0;44.58;47.42;ECOPORTO;70;BERÇO VAL;5;10:15;5;10:35;5;10:35;5;10:40;5;10:40;5;10:45;5;10:45;5;10:50;5;10:50;5;10:55;5;10:55;5;11:00;5;11:00;5;11:05;5;11:05;5;11:10;5;11:10;5;11:15;5;11:15;5;11:20;5;11:20;5;11:25;5;11:25;5;11:40;;;;;;;;;;;;;;;;;;;;;5;11:40;5;11:40;6;14:10;;;;;;;;;;;;;;;;;;;;;;;;;;;;;;;;;;;;;;;;;;;;;;;;;;;;;;;;;;;;;;;;;;;;;;;
S2025;3620;32.0;225.0;7.45;0;0;0;4;07:00;43.58;89.92;4.75;138.25;COPESUCAR;14;BERÇO ARM 20/21;10;01:15;10;01:35;10;01:35;10;01:40;10;01:40;10;01:45;10;01:45;10;01:50;10;01:50;10;01:55;10;01:55;10;02:00;10;02:00;10;02:05;10;02:05;10;02:40;;;;;;;;;;;;;;;;;;;;;;;;;;;;;;;;;;;;;10;02:40;10;02:40;12;23:35;;;;;;;;;;;;;;;;;;;;;;;;;;;;;;;;;;;;;;;;;;;;;;;;;;;;;;;;;;;;;;;;;;;;;;;
S2025;3621;32.0;189.99;6.9;0;0;0;4;08:06;10.75;0.0;58.17;68.92;TGRAO;71;BERÇO OUT 2;7;05:05;7;05:25;7;05:25;7;05:30;7;05:30;7;05:35;7;05:35;7;05:40;7;05:40;7;05:45;7;05:45;7;05:50;7;05:50;7;06:25;;;;;;;;;;;;;;;;;;;;;;;;;;;;;;;;;;;;;;;;;7;06:25;7;06:25;11;12:50;11;13:30;;;;;;;;;;;;;;;;;;;;;;;;;;;;;;;;;;;;;;;;;11;13:30;11;13:40;11;13:40;11;13:45;11;13:45;11;13:50;11;13:50;11;13:55;11;13:55;11;14:00;11;14:00;11;14:05;11;14:05;11;14:25;
S2025;3631;32.0;228.95;7.54;0;0;0;4;16:50;25.33;112.25;10.33;147.92;TIPLAM - GSA - E;62;BERÇO TIPLAM 3;10;20:45;10;21:05;10;21:05;10;21:10;10;21:10;10;21:15;10;21:15;10;21:20;10;21:20;10;21:25;10;21:25;10;21:30;10;21:30;10;21:35;10;21:35;10;21:40;10;21:40;10;21:45;10;21:45;10;21:50;10;21:50;10;21:55;10;21:55;10;22:00;10;22:00;10;22:05;10;22:05;10;22:10;10;22:10;10;22:15;10;22:15;10;22:35;10;22:35;10;23:20;10;23:20;10;23:20;15;04:30;;;;;;;;;;;;;;;;;;;;;;;;;;;;;;;;;;;;;;;;;;;;;;;;;;;;;;;;;;;;;;;;;;;;;;;
S2025;3644;32.0;225.0;6.1;0;0;0;5;10:30;19.67;41.92;1.08;62.67;TEG;56;BERÇO TEG;8;01:10;8;01:30;8;01:30;8;01:35;8;01:35;8;01:40;8;01:40;8;01:45;8;01:45;8;02:20;;;;;;;;;;;;;;;;;;;;;;;;;;;;;;;;;;;;;;;;;;;;;;;;;8;02:20;8;02:20;11;03:45;11;06:40;;;;;;;;;;;;;;;;;;;;;;;;;;;;;;;;;;;;;;;;;;;;;;;;;11;06:40;11;06:50;11;06:50;11;06:55;11;06:55;11;07:00;11;07:00;11;07:05;11;07:05;11;07:25;
S2025;3645;36.0;229.0;7.65;0;0;0;5;12:00;10.33;64.08;0.0;74.42;TGG;59;BERÇO TGG;8;14:25;8;14:45;8;14:45;8;14:50;8;14:50;8;14:55;8;14:55;8;15:00;8;15:00;8;15:35;;;;;;;;;;;;;;;;;;;;;;;;;;;;;;;;;;;;;;;;;;;;;;;;;8;15:35;8;15:35;10;20:40;11;00:00;;;;;;;;;;;;;;;;;;;;;;;;;;;;;;;;;;;;;;;;;;;;;;;;;11;00:00;11;00:10;11;00:10;11;00:15;11;00:15;11;00:20;11;00:20;11;00:25;11;00:25;11;00:45;
S2025;3648;32.0;228.99;13.48;0;0;0;5;15:06;1.25;0.0;1.25;2.5;TIPLAM - GSM - I;60;BERÇO TIPLAM 1;5;17:40;5;18:00;5;18:00;5;18:05;5;18:05;5;18:10;5;18:10;5;18:15;5;18:15;5;18:20;5;18:20;5;18:25;5;18:25;5;18:30;5;18:30;5;18:35;5;18:35;5;18:40;5;18:40;5;18:45;5;18:45;5;18:50;5;18:50;5;18:55;5;18:55;5;19:00;5;19:00;5;19:05;5;19:05;5;19:10;5;19:10;5;19:30;5;19:30;5;20:15;5;20:15;5;20:15;12;02:20;;;;;;;;;;;;;;;;;;;;;;;;;;;;;;;;;;;;;;;;;;;;;;;;;;;;;;;;;;;;;;;;;;;;;;;
S2025;3654;36.0;199.99;6.6;0;0;0;6;05:06;9.25;96.33;0.0;105.58;TES;29;BERÇO ARM 38;10;14:45;10;15:05;10;15:05;10;15:10;10;15:10;10;15:15;10;15:15;10;15:50;;;;;;;;;;;;;;;;;;;;;;;;;;;;;;;;;;;;;;;;;;;;;;;;;;;;;10;15:50;10;15:50;12;23:00;;;;;;;;;;;;;;;;;;;;;;;;;;;;;;;;;;;;;;;;;;;;;;;;;;;;;;;;;;;;;;;;;;;;;;;
S2025;3657;27.0;188.32;7.6;0;0;0;6;08:00;0.0;0.0;0.25;0.25;ECOPORTO;35;BERÇO CORTE;6;08:15;6;08:35;6;08:35;6;08:40;6;08:40;6;08:45;6;08:45;6;08:50;6;08:50;6;08:55;6;08:55;6;09:00;6;09:00;6;09:05;6;09:05;6;09:10;6;09:10;6;09:15;6;09:15;6;09:20;6;09:20;6;09:25;6;09:25;6;09:40;;;;;;;;;;;;;;;;;;;;;6;09:40;6;09:40;15;06:40;;;;;;;;;;;;;;;;;;;;;;;;;;;;;;;;;;;;;;;;;;;;;;;;;;;;;;;;;;;;;;;;;;;;;;;
S2025;3659;32.0;199.99;10.19;0;0;0;6;13:00;8.17;70.0;0.0;78.17;TIPLAM - GSM - I;63;BERÇO TIPLAM 4;9;19:10;9;19:30;9;19:30;9;19:35;9;19:35;9;19:40;9;19:40;9;19:45;9;19:45;9;19:50;9;19:50;9;19:55;9;19:55;9;20:00;9;20:00;9;20:05;9;20:05;9;20:10;9;20:10;9;20:15;9;20:15;9;20:20;9;20:20;9;20:25;9;20:25;9;20:30;9;20:30;9;20:35;9;20:35;9;20:40;9;20:40;9;21:00;9;21:00;9;21:15;9;21:15;9;21:15;14;23:20;;;;;;;;;;;;;;;;;;;;;;;;;;;;;;;;;;;;;;;;;;;;;;;;;;;;;;;;;;;;;;;;;;;;;;;
S2025;3682;30.0;199.2;8.64;0;0;0;7;10:00;0.0;0.0;2.0;2.0;OUTROS_SABOO;36;BERÇO CS 01;7;12:00;7;12:20;7;12:20;7;12:25;7;12:25;7;12:30;7;12:30;7;12:35;7;12:35;7;12:40;7;12:40;7;12:45;7;12:45;7;12:50;7;12:50;7;12:55;7;12:55;7;13:00;7;13:00;7;13:05;7;13:05;7;13:10;7;13:10;7;13:25;;;;;;;;;;;;;;;;;;;;;7;13:25;7;13:25;10;22:05;11;01:45;;;;;;;;;;;;;;;;;;;;;11;01:45;11;02:15;11;02:15;11;02:20;11;02:20;11;02:25;11;02:25;11;02:30;11;02:30;11;02:35;11;02:35;11;02:40;11;02:40;11;02:45;11;02:45;11;02:50;11;02:50;11;02:55;11;02:55;11;03:00;11;03:00;11;03:05;11;03:05;11;03:25;
S2025;3686;32.0;225.0;7.0;0;0;0;7;13:00;27.25;54.42;0.0;81.67;TEAG;51;BERÇO TEAG;10;22:40;10;23:00;10;23:00;10;23:05;10;23:05;10;23:10;10;23:10;10;23:15;10;23:15;10;23:50;;;;;;;;;;;;;;;;;;;;;;;;;;;;;;;;;;;;;;;;;;;;;;;;;10;23:50;10;23:50;13;08:50;;;;;;;;;;;;;;;;;;;;;;;;;;;;;;;;;;;;;;;;;;;;;;;;;;;;;;;;;;;;;;;;;;;;;;;
S2025;3691;32.0;199.99;11.7;0;0;0;7;21:00;0.92;13.33;4.08;18.33;OUTROS_MACUCO;27;BERÇO ARM 35P2;8;15:20;8;15:40;8;15:40;8;15:45;8;15:45;8;15:50;8;15:50;8;15:55;8;15:55;8;16:00;8;16:00;8;16:15;;;;;;;;;;;;;;;;;;;;;;;;;;;;;;;;;;;;;;;;;;;;;8;16:15;8;16:15;20;04:55;;;;;;;;;;;;;;;;;;;;;;;;;;;;;;;;;;;;;;;;;;;;;;;;;;;;;;;;;;;;;;;;;;;;;;;
S2025;3693;30.0;179.97;8.54;0;0;0;8;01:00;2.0;19.67;0.0;21.67;HIDROVIAS;15;BERÇO ARM 22/23;8;22:40;8;23:00;8;23:00;8;23:05;8;23:05;8;23:10;8;23:10;8;23:15;8;23:15;8;23:20;8;23:20;8;23:25;8;23:25;8;23:30;8;23:30;8;23:45;;;;;;;;;;;;;;;;;;;;;;;;;;;;;;;;;;;;;8;23:45;8;23:45;10;22:40;11;00:05;;;;;;;;;;;;;;;;;;;;;;;;;;;;;;;;;;;;;11;00:05;11;00:35;11;00:35;11;00:40;11;00:40;11;00:45;11;00:45;11;00:50;11;00:50;11;00:55;11;00:55;11;01:00;11;01:00;11;01:05;11;01:05;11;01:25;
S2025;3694;32.2;182.9;8.3;0;0;0;8;02:10;0.0;0.0;1.33;1.33;AGEO_TERMINAIS;77;BERÇO IB OE;8;03:30;8;03:50;8;03:50;8;03:55;8;03:55;8;04:00;8;04:00;8;04:05;8;04:05;8;04:10;8;04:10;8;04:15;8;04:15;8;04:20;8;04:20;8;04:25;8;04:25;8;04:30;8;04:30;8;04:35;8;04:35;8;04:40;8;04:40;8;05:15;;;;;;;;;;;;;;;;;;;;;8;05:15;8;05:15;11;13:10;11;13:55;;;;;;;;;;;;;;;;;;;;;11;13:55;11;14:05;11;14:05;11;14:10;11;14:10;11;14:15;11;14:15;11;14:20;11;14:20;11;14:25;11;14:25;11;14:30;11;14:30;11;14:35;11;14:35;11;14:40;11;14:40;11;14:45;11;14:45;11;14:50;11;14:50;11;14:55;11;14:55;11;15:15;
S2025;3700;27.0;158.98;7.1;0;0;0;8;12:36;0.0;0.0;3.0;3.0;AGEO_TERMINAIS;46;BERÇO IB BC;8;15:40;8;16:00;8;16:00;8;16:05;8;16:05;8;16:10;8;16:10;8;16:15;8;16:15;8;16:20;8;16:20;8;16:25;8;16:25;8;16:30;8;16:30;8;16:35;8;16:35;8;16:40;8;16:40;8;16:45;8;16:45;8;16:50;8;16:50;8;17:25;;;;;;;;;;;;;;;;;;;;;8;17:25;8;17:25;12;09:00;;;;;;;;;;;;;;;;;;;;;;;;;;;;;;;;;;;;;;;;;;;;;;;;;;;;;;;;;;;;;;;;;;;;;;;
S2025;3702;32.0;229.0;7.2;0;0;0;8;14:02;20.33;13.25;3.75;37.33;TGRAO;72;BERÇO OUT 3;10;03:25;10;03:45;10;03:45;10;03:50;10;03:50;10;03:55;10;03:55;10;04:00;10;04:00;10;04:05;10;04:05;10;04:10;10;04:10;10;04:45;;;;;;;;;;;;;;;;;;;;;;;;;;;;;;;;;;;;;;;;;10;04:45;10;04:45;13;18:10;;;;;;;;;;;;;;;;;;;;;;;;;;;;;;;;;;;;;;;;;;;;;;;;;;;;;;;;;;;;;;;;;;;;;;;
S2025;3706;32.0;204.85;7.5;0;0;0;8;19:00;0.0;0.0;0.0;0.0;CUTRALE - GL;40;BERÇO CUTRALE;8;19:00;8;19:20;8;19:20;8;19:25;8;19:25;8;19:30;8;19:30;8;20:05;;;;;;;;;;;;;;;;;;;;;;;;;;;;;;;;;;;;;;;;;;;;;;;;;;;;;8;20:05;8;20:05;12;07:10;;;;;;;;;;;;;;;;;;;;;;;;;;;;;;;;;;;;;;;;;;;;;;;;;;;;;;;;;;;;;;;;;;;;;;;
S2025;3709;48.0;330.0;11.9;0;0;0;8;22:18;4.33;0.0;0.25;4.58;BTP;33;BERÇO BTP 2;9;02:55;9;03:15;9;03:15;9;03:20;9;03:20;9;03:25;9;03:25;9;03:30;9;03:30;9;03:35;9;03:35;9;03:40;9;03:40;9;03:45;9;03:45;9;03:50;9;03:50;9;03:55;9;03:55;9;04:00;9;04:00;9;04:05;9;04:05;9;04:10;9;04:10;9;04:25;;;;;;;;;;;;;;;;;9;04:25;9;04:25;10;11:40;11;06:40;;;;;;;;;;;;;;;;;11;06:40;11;07:10;11;07:10;11;07:15;11;07:15;11;07:20;11;07:20;11;07:25;11;07:25;11;07:30;11;07:30;11;07:35;11;07:35;11;07:40;11;07:40;11;07:45;11;07:45;11;07:50;11;07:50;11;07:55;11;07:55;11;08:00;11;08:00;11;08:05;11;08:05;11;08:25;
S2025;3710;48.0;299.95;12.2;0;0;0;8;23:30;19.83;4.83;5.42;30.08;BTP;34;BERÇO BTP 3;10;05:35;10;05:55;10;05:55;10;06:00;10;06:00;10;06:05;10;06:05;10;06:10;10;06:10;10;06:15;10;06:15;10;06:20;10;06:20;10;06:25;10;06:25;10;06:30;10;06:30;10;06:35;10;06:35;10;06:40;10;06:40;10;06:45;10;06:45;10;06:50;10;06:50;10;07:05;;;;;;;;;;;;;;;;;10;07:05;10;07:05;12;01:25;;;;;;;;;;;;;;;;;;;;;;;;;;;;;;;;;;;;;;;;;;;;;;;;;;;;;;;;;;;;;;;;;;;;;;;
S2025;3720;30.0;179.99;6.9;0;0;0;9;13:00;0.0;0.0;0.25;0.25;NST - GL;20;BERÇO ARM 30;9;13:15;9;13:35;9;13:35;9;13:40;9;13:40;9;13:45;9;13:45;9;13:50;9;13:50;9;13:55;9;13:55;9;14:30;;;;;;;;;;;;;;;;;;;;;;;;;;;;;;;;;;;;;;;;;;;;;9;14:30;9;14:30;16;16:40;;;;;;;;;;;;;;;;;;;;;;;;;;;;;;;;;;;;;;;;;;;;;;;;;;;;;;;;;;;;;;;;;;;;;;;
S2025;3721;38.0;227.95;10.2;0;0;0;9;13:10;3.92;23.67;0.08;27.67;BTP;32;BERÇO BTP 1;10;16:50;10;17:10;10;17:10;10;17:15;10;17:15;10;17:20;10;17:20;10;17:25;10;17:25;10;17:30;10;17:30;10;17:35;10;17:35;10;17:40;10;17:40;10;17:45;10;17:45;10;17:50;10;17:50;10;17:55;10;17:55;10;18:00;10;18:00;10;18:05;10;18:05;10;18:40;;;;;;;;;;;;;;;;;10;18:40;10;18:40;11;14:10;11;14:10;;;;;;;;;;;;;;;;;11;14:10;11;14:20;11;14:20;11;14:25;11;14:25;11;14:30;11;14:30;11;14:35;11;14:35;11;14:40;11;14:40;11;14:45;11;14:45;11;14:50;11;14:50;11;14:55;11;14:55;11;15:00;11;15:00;11;15:05;11;15:05;11;15:10;11;15:10;11;15:15;11;15:15;11;15:35;
S2025;3722;32.0;201.8;8.0;0;0;0;9;14:30;0.0;0.0;0.25;0.25;DPW - CGNC;44;BERÇO DPW 3;9;14:45;9;15:05;9;15:05;9;15:10;9;15:10;9;15:15;9;15:15;9;15:20;9;15:20;9;15:25;9;15:25;9;15:30;9;15:30;9;15:35;9;15:35;9;15:40;9;15:40;9;15:45;9;15:45;9;16:20;;;;;;;;;;;;;;;;;;;;;;;;;;;;;9;16:20;9;16:20;13;06:10;;;;;;;;;;;;;;;;;;;;;;;;;;;;;;;;;;;;;;;;;;;;;;;;;;;;;;;;;;;;;;;;;;;;;;;
S2025;3723;22.0;119.9;8.4;0;0;0;9;15:30;1.25;0.0;5.33;6.58;AGEO_TERMINAIS;47;BERÇO IB SP;9;22:05;9;22:25;9;22:25;9;22:30;9;22:30;9;22:35;9;22:35;9;22:40;9;22:40;9;22:45;9;22:45;9;22:50;9;22:50;9;22:55;9;22:55;9;23:00;9;23:00;9;23:05;9;23:05;9;23:10;9;23:10;9;23:15;9;23:15;9;23:50;;;;;;;;;;;;;;;;;;;;;9;23:50;9;23:50;12;21:45;;;;;;;;;;;;;;;;;;;;;;;;;;;;;;;;;;;;;;;;;;;;;;;;;;;;;;;;;;;;;;;;;;;;;;;
S2025;3724;32.0;293.97;9.4;0;0;0;9;20:30;0.17;1.08;0.0;1.25;SANTOSBR;55;BERÇO TECON 3;9;21:45;9;22:05;9;22:05;9;22:10;9;22:10;9;22:15;9;22:15;9;22:20;9;22:20;9;22:25;9;22:25;9;22:40;;;;;;;;;;;;;;;;;;;;;;;;;;;;;;;;;;;;;;;;;;;;;9;22:40;9;22:40;10;19:45;11;00:00;;;;;;;;;;;;;;;;;;;;;;;;;;;;;;;;;;;;;;;;;;;;;11;00:00;11;00:30;11;00:30;11;00:35;11;00:35;11;00:40;11;00:40;11;00:45;11;00:45;11;00:50;11;00:50;11;01:10;
S2025;3727;32.0;183.88;10.4;0;0;0;9;22:00;1.42;4.0;1.67;7.08;AGEO_TERMINAIS;1;BERÇO Ageo I;10;05:05;10;05:25;10;05:25;10;05:30;10;05:30;10;05:35;10;05:35;10;05:40;10;05:40;10;05:45;10;05:45;10;05:50;10;05:50;10;05:55;10;05:55;10;06:00;10;06:00;10;06:05;10;06:05;10;06:10;10;06:10;10;06:15;10;06:15;10;06:30;;;;;;;;;;;;;;;;;;;;;10;06:30;10;06:30;13;08:35;;;;;;;;;;;;;;;;;;;;;;;;;;;;;;;;;;;;;;;;;;;;;;;;;;;;;;;;;;;;;;;;;;;;;;;
S2025;3730;28.0;183.2;8.0;0;0;0;10;02:12;0.0;0.0;2.0;2.0;TRANSPETRO;2;BERÇO AL 01;10;04:15;10;04:35;10;04:35;10;04:40;10;04:40;10;04:45;10;04:45;10;04:50;10;04:50;10;04:55;10;04:55;10;05:00;10;05:00;10;05:05;10;05:05;10;05:10;10;05:10;10;05:15;10;05:15;10;05:20;10;05:20;10;05:25;10;05:25;10;05:30;10;05:30;10;05:35;10;05:35;10;06:10;;;;;;;;;;;;;10;06:10;10;06:10;11;01:25;11;02:10;;;;;;;;;;;;;11;02:10;11;02:20;11;02:20;11;02:25;11;02:25;11;02:30;11;02:30;11;02:35;11;02:35;11;02:40;11;02:40;11;02:45;11;02:45;11;02:50;11;02:50;11;02:55;11;02:55;11;03:00;11;03:00;11;03:05;11;03:05;11;03:10;11;03:10;11;03:15;11;03:15;11;03:20;11;03:20;11;03:40;
S2025;3732;31.0;199.2;11.7;0;0;0;10;04:26;5.17;7.58;0.0;12.75;ELDORADO;21;BERÇO ARM 31;10;17:15;10;17:35;10;17:35;10;17:40;10;17:40;10;17:45;10;17:45;10;17:50;10;17:50;10;17:55;10;17:55;10;18:30;;;;;;;;;;;;;;;;;;;;;;;;;;;;;;;;;;;;;;;;;;;;;10;18:30;10;18:30;12;06:15;;;;;;;;;;;;;;;;;;;;;;;;;;;;;;;;;;;;;;;;;;;;;;;;;;;;;;;;;;;;;;;;;;;;;;;
S2025;3733;32.0;183.0;10.0;0;0;0;10;10:00;2.33;0.0;0.42;2.75;DOW;41;BERÇO DOW;10;12:45;10;13:05;10;13:05;10;13:10;10;13:10;10;13:15;10;13:15;10;13:30;;;;;;;;;;;;;;;;;;;;;;;;;;;;;;;;;;;;;;;;;;;;;;;;;;;;;10;13:30;10;13:30;12;19:25;;;;;;;;;;;;;;;;;;;;;;;;;;;;;;;;;;;;;;;;;;;;;;;;;;;;;;;;;;;;;;;;;;;;;;;
S2025;3737;19.0;87.9;5.1;0;0;0;10;14:50;0.0;0.0;0.17;0.17;SAIPEM;48;BERÇO SAIPEM 1;10;15:00;10;15:20;10;15:20;10;15:55;;;;;;;;;;;;;;;;;;;;;;;;;;;;;;;;;;;;;;;;;;;;;;;;;;;;;;;;;;;;;10;15:55;10;15:55;13;00:00;;;;;;;;;;;;;;;;;;;;;;;;;;;;;;;;;;;;;;;;;;;;;;;;;;;;;;;;;;;;;;;;;;;;;;;
S2025;3557;36.0;227.2;7.54;0;0;0;0;14:42;130.17;112.83;23.0;266.0;XXXIX;28;BERÇO ARM 37;11;16:45;11;17:05;11;17:05;11;17:10;11;17:10;11;17:15;11;17:15;11;17:50;;;;;;;;;;;;;;;;;;;;;;;;;;;;;;;;;;;;;;;;;;;;;;;;;;;;;11;17:50;11;17:50;14;04:50;;;;;;;;;;;;;;;;;;;;;;;;;;;;;;;;;;;;;;;;;;;;;;;;;;;;;;;;;;;;;;;;;;;;;;;
S2025;3636;32.0;228.99;6.86;0;0;0;4;19:24;88.0;83.42;0.0;171.42;ADM;30;BERÇO ARM 39;11;22:50;11;23:10;11;23:10;11;23:15;11;23:15;11;23:20;11;23:20;11;23:55;;;;;;;;;;;;;;;;;;;;;;;;;;;;;;;;;;;;;;;;;;;;;;;;;;;;;11;23:55;11;23:55;15;05:30;;;;;;;;;;;;;;;;;;;;;;;;;;;;;;;;;;;;;;;;;;;;;;;;;;;;;;;;;;;;;;;;;;;;;;;
S2025;3649;32.0;229.0;11.08;0;0;0;5;18:45;16.58;108.75;8.42;133.75;TGG;59;BERÇO TGG;11;08:30;11;08:50;11;08:50;11;08:55;11;08:55;11;09:00;11;09:00;11;09:05;11;09:05;11;09:40;;;;;;;;;;;;;;;;;;;;;;;;;;;;;;;;;;;;;;;;;;;;;;;;;11;09:40;11;09:40;12;17:30;;;;;;;;;;;;;;;;;;;;;;;;;;;;;;;;;;;;;;;;;;;;;;;;;;;;;;;;;;;;;;;;;;;;;;;
S2025;3658;36.0;228.99;14.2;0;0;0;6;11:18;9.08;102.92;1.5;113.5;TERMAG;57;BERÇO TERMAG;11;04:50;11;05:10;11;05:10;11;05:15;11;05:15;11;05:20;11;05:20;11;05:25;11;05:25;11;05:40;;;;;;;;;;;;;;;;;;;;;;;;;;;;;;;;;;;;;;;;;;;;;;;;;11;05:40;11;05:40;16;00:35;;;;;;;;;;;;;;;;;;;;;;;;;;;;;;;;;;;;;;;;;;;;;;;;;;;;;;;;;;;;;;;;;;;;;;;
S2025;3675;32.0;229.0;7.25;0;0;0;6;21:48;51.17;54.17;2.08;107.42;TEG;56;BERÇO TEG;11;09:15;11;09:35;11;09:35;11;09:40;11;09:40;11;09:45;11;09:45;11;09:50;11;09:50;11;10:25;;;;;;;;;;;;;;;;;;;;;;;;;;;;;;;;;;;;;;;;;;;;;;;;;11;10:25;11;10:25;14;17:00;;;;;;;;;;;;;;;;;;;;;;;;;;;;;;;;;;;;;;;;;;;;;;;;;;;;;;;;;;;;;;;;;;;;;;;
S2025;3731;38.0;255.17;11.7;0;0;0;10;03:30;2.33;23.58;0.08;26.0;BTP;33;BERÇO BTP 2;11;05:30;11;05:50;11;05:50;11;05:55;11;05:55;11;06:00;11;06:00;11;06:05;11;06:05;11;06:10;11;06:10;11;06:15;11;06:15;11;06:20;11;06:20;11;06:25;11;06:25;11;06:30;11;06:30;11;06:35;11;06:35;11;06:40;11;06:40;11;06:45;11;06:45;11;07:00;;;;;;;;;;;;;;;;;11;07:00;11;07:00;11;21:50;;;;;;;;;;;;;;;;;;;;;;;;;;;;;;;;;;;;;;;;;;;;;;;;;;;;;;;;;;;;;;;;;;;;;;;
S2025;3735;48.0;299.95;12.0;0;0;0;10;13:45;12.67;9.92;0.08;22.67;BTP;32;BERÇO BTP 1;11;12:25;11;12:45;11;12:45;11;12:50;11;12:50;11;12:55;11;12:55;11;13:00;11;13:00;11;13:05;11;13:05;11;13:10;11;13:10;11;13:15;11;13:15;11;13:20;11;13:20;11;13:25;11;13:25;11;13:30;11;13:30;11;13:35;11;13:35;11;13:40;11;13:40;11;14:15;;;;;;;;;;;;;;;;;11;14:15;11;14:15;12;21:10;;;;;;;;;;;;;;;;;;;;;;;;;;;;;;;;;;;;;;;;;;;;;;;;;;;;;;;;;;;;;;;;;;;;;;;
S2025;3740;32.0;204.88;7.8;0;0;0;10;22:40;1.33;0.0;1.75;3.08;CITROSUCO;18;BERÇO ARM 29;11;01:45;11;02:05;11;02:05;11;02:10;11;02:10;11;02:15;11;02:15;11;02:20;11;02:20;11;02:25;11;02:25;11;02:30;11;02:30;11;03:05;;;;;;;;;;;;;;;;;;;;;;;;;;;;;;;;;;;;;;;;;11;03:05;11;03:05;14;03:55;;;;;;;;;;;;;;;;;;;;;;;;;;;;;;;;;;;;;;;;;;;;;;;;;;;;;;;;;;;;;;;;;;;;;;;
S2025;3742;32.0;183.24;10.9;0;0;0;11;00:01;0.0;0.0;5.17;5.17;STOLTHAVEN;3;BERÇO AL 02;11;05:15;11;05:35;11;05:35;11;05:40;11;05:40;11;05:45;11;05:45;11;05:50;11;05:50;11;05:55;11;05:55;11;06:00;11;06:00;11;06:05;11;06:05;11;06:10;11;06:10;11;06:15;11;06:15;11;06:20;11;06:20;11;06:25;11;06:25;11;06:30;11;06:30;11;06:35;11;06:35;11;06:50;;;;;;;;;;;;;11;06:50;11;06:50;14;17:15;;;;;;;;;;;;;;;;;;;;;;;;;;;;;;;;;;;;;;;;;;;;;;;;;;;;;;;;;;;;;;;;;;;;;;;
S2025;3744;21.0;139.95;7.7;0;0;0;11;01:40;0.0;14.17;0.0;14.17;AGEO_TERMINAIS;77;BERÇO IB OE;11;15:50;11;16:10;11;16:10;11;16:15;11;16:15;11;16:20;11;16:20;11;16:25;11;16:25;11;16:30;11;16:30;11;16:35;11;16:35;11;16:40;11;16:40;11;16:45;11;16:45;11;16:50;11;16:50;11;16:55;11;16:55;11;17:00;11;17:00;11;17:15;;;;;;;;;;;;;;;;;;;;;11;17:15;11;17:15;13;13:40;;;;;;;;;;;;;;;;;;;;;;;;;;;;;;;;;;;;;;;;;;;;;;;;;;;;;;;;;;;;;;;;;;;;;;;
S2025;3745;32.0;199.97;11.7;0;0;1;11;04:12;0.0;0.0;0.33;0.33;TEV;58;BERÇO TEV;11;04:35;11;04:55;11;04:55;11;05:00;11;05:00;11;05:05;11;05:05;11;05:10;11;05:10;11;05:15;11;05:15;11;05:20;11;05:20;11;05:55;;;;;;;;;;;;;;;;;;;;;;;;;;;;;;;;;;;;;;;;;11;05:55;11;05:55;12;10:35;;;;;;;;;;;;;;;;;;;;;;;;;;;;;;;;;;;;;;;;;;;;;;;;;;;;;;;;;;;;;;;;;;;;;;;
S2025;3746;43.0;334.0;14.2;0;0;0;11;05:54;0.0;0.0;0.0;0.0;SANTOSBR;53;BERÇO TECON 1.2;11;05:55;11;06:15;11;06:15;11;06:20;11;06:20;11;06:25;11;06:25;11;06:30;11;06:30;11;06:35;11;06:35;11;06:50;;;;;;;;;;;;;;;;;;;;;;;;;;;;;;;;;;;;;;;;;;;;;11;06:50;11;06:50;12;04:00;;;;;;;;;;;;;;;;;;;;;;;;;;;;;;;;;;;;;;;;;;;;;;;;;;;;;;;;;;;;;;;;;;;;;;;
S2025;3752;35.0;223.96;8.6;0;0;0;11;14:37;0.0;0.0;1.42;1.42;SANTOSBR;52;BERÇO TECON 1.1;11;16:05;11;16:25;11;16:25;11;16:30;11;16:30;11;16:35;11;16:35;11;16:40;11;16:40;11;16:45;11;16:45;11;17:00;;;;;;;;;;;;;;;;;;;;;;;;;;;;;;;;;;;;;;;;;;;;;11;17:00;11;17:00;12;08:30;;;;;;;;;;;;;;;;;;;;;;;;;;;;;;;;;;;;;;;;;;;;;;;;;;;;;;;;;;;;;;;;;;;;;;;
S2025;3755;30.0;208.85;10.8;0;0;0;11;16:25;0.0;0.0;0.0;0.0;SANTOSBR;55;BERÇO TECON 3;11;16:25;11;16:45;11;16:45;11;16:50;11;16:50;11;16:55;11;16:55;11;17:00;11;17:00;11;17:05;11;17:05;11;17:20;;;;;;;;;;;;;;;;;;;;;;;;;;;;;;;;;;;;;;;;;;;;;11;17:20;11;17:20;12;08:05;;;;;;;;;;;;;;;;;;;;;;;;;;;;;;;;;;;;;;;;;;;;;;;;;;;;;;;;;;;;;;;;;;;;;;;
S2025;3757;51.0;336.0;10.4;0;0;0;11;20:18;0.0;0.0;0.0;0.0;SANTOSBR;54;BERÇO TECON 2;11;20:20;11;20:40;11;20:40;11;20:45;11;20:45;11;20:50;11;20:50;11;20:55;11;20:55;11;21:00;11;21:00;11;21:15;;;;;;;;;;;;;;;;;;;;;;;;;;;;;;;;;;;;;;;;;;;;;11;21:15;11;21:15;13;20:35;;;;;;;;;;;;;;;;;;;;;;;;;;;;;;;;;;;;;;;;;;;;;;;;;;;;;;;;;;;;;;;;;;;;;;;
S2025;3747;28.0;189.99;10.64;0;0;0;11;08:48;4.83;0.0;0.0;4.83;OUTROS_SABOO;36;BERÇO CS 01;11;13:40;11;14:00;11;14:00;11;14:05;11;14:05;11;14:10;11;14:10;11;14:15;11;14:15;11;14:20;11;14:20;11;14:25;11;14:25;11;14:30;11;14:30;11;14:35;11;14:35;11;14:40;11;14:40;11;14:45;11;14:45;11;14:50;11;14:50;11;15:05;;;;;;;;;;;;;;;;;;;;;11;15:05;11;15:05;17;22:40;;;;;;;;;;;;;;;;;;;;;;;;;;;;;;;;;;;;;;;;;;;;;;;;;;;;;;;;;;;;;;;;;;;;;;;
S2025;3748;48.0;331.1;13.4;0;0;0;11;10:00;0.0;0.0;0.0;0.0;DPW - CGC;42;BERÇO DPW 1;11;10:00;11;10:20;11;10:20;11;10:25;11;10:25;11;10:30;11;10:30;11;10:35;11;10:35;11;10:40;11;10:40;11;10:45;11;10:45;11;10:50;11;10:50;11;10:55;11;10:55;11;11:00;11;11:00;11;11:05;11;11:05;11;11:20;;;;;;;;;;;;;;;;;;;;;;;;;11;11:20;11;11:20;12;05:25;;;;;;;;;;;;;;;;;;;;;;;;;;;;;;;;;;;;;;;;;;;;;;;;;;;;;;;;;;;;;;;;;;;;;;;
S2025;3750;32.0;294.12;10.9;0;0;0;11;12:00;0.0;0.0;0.0;0.0;DPW - CGC;43;BERÇO DPW 2;11;12:00;11;12:20;11;12:20;11;12:25;11;12:25;11;12:30;11;12:30;11;12:35;11;12:35;11;12:40;11;12:40;11;12:45;11;12:45;11;12:50;11;12:50;11;12:55;11;12:55;11;13:00;11;13:00;11;13:05;11;13:05;11;13:20;;;;;;;;;;;;;;;;;;;;;;;;;11;13:20;11;13:20;12;21:40;;;;;;;;;;;;;;;;;;;;;;;;;;;;;;;;;;;;;;;;;;;;;;;;;;;;;;;;;;;;;;;;;;;;;;;
S2025;3749;32.0;194.94;10.5;0;0;0;11;11:12;0.0;0.0;1.42;1.42;OUTROS_MACUCO;23;BERÇO ARM 32;11;12:40;11;13:00;11;13:00;11;13:05;11;13:05;11;13:10;11;13:10;11;13:15;11;13:15;11;13:20;11;13:20;11;13:35;;;;;;;;;;;;;;;;;;;;;;;;;;;;;;;;;;;;;;;;;;;;;11;13:35;11;13:35;14;23:20;;;;;;;;;;;;;;;;;;;;;;;;;;;;;;;;;;;;;;;;;;;;;;;;;;;;;;;;;;;;;;;;;;;;;;;
S2025;3756;32.0;182.88;7.0;0;0;0;11;20:00;0.0;0.0;0.0;0.0;TRANSPETRO;2;BERÇO AL 01;11;20:00;11;20:20;11;20:20;11;20:25;11;20:25;11;20:30;11;20:30;11;20:35;11;20:35;11;20:40;11;20:40;11;20:45;11;20:45;11;20:50;11;20:50;11;20:55;11;20:55;11;21:00;11;21:00;11;21:05;11;21:05;11;21:10;11;21:10;11;21:15;11;21:15;11;21:20;11;21:20;11;21:55;;;;;;;;;;;;;11;21:55;11;21:55;12;21:55;;;;;;;;;;;;;;;;;;;;;;;;;;;;;;;;;;;;;;;;;;;;;;;;;;;;;;;;;;;;;;;;;;;;;;;
S2025;3446;33.0;229.0;7.83;0;0;0;-7;02:36;282.83;36.83;95.0;414.67;ELEVACOES;13;BERÇO ARM 19;10;09:20;10;09:40;10;09:40;10;09:45;10;09:45;10;09:50;10;09:50;10;09:55;10;09:55;10;10:00;10;10:00;10;10:05;10;10:05;10;10:10;10;10:10;10;10:45;;;;;;;;;;;;;;;;;;;;;;;;;;;;;;;;;;;;;10;10:45;10;10:45;15;16:10;;;;;;;;;;;;;;;;;;;;;;;;;;;;;;;;;;;;;;;;;;;;;;;;;;;;;;;;;;;;;;;;;;;;;;;
S2025;3464;32.0;225.0;7.16;0;0;0;-6;00:30;233.67;55.67;116.58;405.92;ELEVACOES;12;BERÇO ARM 16/17;10;22:25;10;22:45;10;22:45;10;22:50;10;22:50;10;22:55;10;22:55;10;23:00;10;23:00;10;23:05;10;23:05;10;23:10;10;23:10;10;23:15;10;23:15;10;23:20;10;23:20;10;23:55;;;;;;;;;;;;;;;;;;;;;;;;;;;;;;;;;10;23:55;10;23:55;13;02:10;;;;;;;;;;;;;;;;;;;;;;;;;;;;;;;;;;;;;;;;;;;;;;;;;;;;;;;;;;;;;;;;;;;;;;;
S2025;3468;32.0;229.0;7.05;0;0;0;-6;05:45;215.5;73.58;72.25;361.33;COFCO;9;BERÇO ARM 12A;9;07:05;9;07:25;9;07:25;9;07:30;9;07:30;9;07:35;9;07:35;9;07:40;9;07:40;9;07:45;9;07:45;9;07:50;9;07:50;9;07:55;9;07:55;9;08:00;9;08:00;9;08:35;;;;;;;;;;;;;;;;;;;;;;;;;;;;;;;;;9;08:35;9;08:35;12;16:40;12;17:30;;;;;;;;;;;;;;;;;;;;;;;;;;;;;;;;;12;17:30;12;17:40;12;17:40;12;17:45;12;17:45;12;17:50;12;17:50;12;17:55;12;17:55;12;18:00;12;18:00;12;18:05;12;18:05;12;18:10;12;18:10;12;18:15;12;18:15;12;18:35;
S2025;3557;36.0;227.2;7.54;0;0;0;0;14:42;130.17;112.83;23.0;266.0;XXXIX;28;BERÇO ARM 37;11;16:45;11;17:05;11;17:05;11;17:10;11;17:10;11;17:15;11;17:15;11;17:50;;;;;;;;;;;;;;;;;;;;;;;;;;;;;;;;;;;;;;;;;;;;;;;;;;;;;11;17:50;11;17:50;14;04:50;;;;;;;;;;;;;;;;;;;;;;;;;;;;;;;;;;;;;;;;;;;;;;;;;;;;;;;;;;;;;;;;;;;;;;;
S2025;3596;38.0;229.0;6.9;0;0;0;2;17:30;29.67;131.75;16.17;177.58;TIPLAM - GSA - E;61;BERÇO TIPLAM 2;10;03:05;10;03:25;10;03:25;10;03:30;10;03:30;10;03:35;10;03:35;10;03:40;10;03:40;10;03:45;10;03:45;10;03:50;10;03:50;10;03:55;10;03:55;10;04:00;10;04:00;10;04:05;10;04:05;10;04:10;10;04:10;10;04:15;10;04:15;10;04:20;10;04:20;10;04:25;10;04:25;10;04:30;10;04:30;10;04:35;10;04:35;10;04:55;10;04:55;10;05:40;10;05:40;10;05:40;12;13:35;12;14:20;12;14:20;12;14:30;12;14:30;12;14:50;12;14:50;12;14:55;12;14:55;12;15:00;12;15:00;12;15:05;12;15:05;12;15:10;12;15:10;12;15:15;12;15:15;12;15:20;12;15:20;12;15:25;12;15:25;12;15:30;12;15:30;12;15:35;12;15:35;12;15:40;12;15:40;12;15:45;12;15:45;12;15:50;12;15:50;12;15:55;12;15:55;12;16:00;12;16:00;12;16:20;
S2025;3598;32.0;224.95;11.6;0;0;0;3;03:15;56.5;93.92;28.83;179.25;COFCO;10;BERÇO ARM 13/14;10;14:30;10;14:50;10;14:50;10;14:55;10;14:55;10;15:00;10;15:00;10;15:05;10;15:05;10;15:10;10;15:10;10;15:15;10;15:15;10;15:20;10;15:20;10;15:25;10;15:25;10;16:00;;;;;;;;;;;;;;;;;;;;;;;;;;;;;;;;;10;16:00;10;16:00;15;10:50;;;;;;;;;;;;;;;;;;;;;;;;;;;;;;;;;;;;;;;;;;;;;;;;;;;;;;;;;;;;;;;;;;;;;;;
S2025;3604;36.0;236.32;8.2;0;0;0;3;10:50;2.83;0.0;44.58;47.42;ECOPORTO;70;BERÇO VAL;5;10:15;5;10:35;5;10:35;5;10:40;5;10:40;5;10:45;5;10:45;5;10:50;5;10:50;5;10:55;5;10:55;5;11:00;5;11:00;5;11:05;5;11:05;5;11:10;5;11:10;5;11:15;5;11:15;5;11:20;5;11:20;5;11:25;5;11:25;5;11:40;;;;;;;;;;;;;;;;;;;;;5;11:40;5;11:40;6;14:10;;;;;;;;;;;;;;;;;;;;;;;;;;;;;;;;;;;;;;;;;;;;;;;;;;;;;;;;;;;;;;;;;;;;;;;
S2025;3620;32.0;225.0;7.45;0;0;0;4;07:00;43.58;89.92;4.75;138.25;COPESUCAR;14;BERÇO ARM 20/21;10;01:15;10;01:35;10;01:35;10;01:40;10;01:40;10;01:45;10;01:45;10;01:50;10;01:50;10;01:55;10;01:55;10;02:00;10;02:00;10;02:05;10;02:05;10;02:40;;;;;;;;;;;;;;;;;;;;;;;;;;;;;;;;;;;;;10;02:40;10;02:40;12;23:35;;;;;;;;;;;;;;;;;;;;;;;;;;;;;;;;;;;;;;;;;;;;;;;;;;;;;;;;;;;;;;;;;;;;;;;
S2025;3631;32.0;228.95;7.54;0;0;0;4;16:50;25.33;112.25;10.33;147.92;TIPLAM - GSA - E;62;BERÇO TIPLAM 3;10;20:45;10;21:05;10;21:05;10;21:10;10;21:10;10;21:15;10;21:15;10;21:20;10;21:20;10;21:25;10;21:25;10;21:30;10;21:30;10;21:35;10;21:35;10;21:40;10;21:40;10;21:45;10;21:45;10;21:50;10;21:50;10;21:55;10;21:55;10;22:00;10;22:00;10;22:05;10;22:05;10;22:10;10;22:10;10;22:15;10;22:15;10;22:35;10;22:35;10;23:20;10;23:20;10;23:20;15;04:30;;;;;;;;;;;;;;;;;;;;;;;;;;;;;;;;;;;;;;;;;;;;;;;;;;;;;;;;;;;;;;;;;;;;;;;
S2025;3636;32.0;228.99;6.86;0;0;0;4;19:24;88.0;83.42;0.0;171.42;ADM;30;BERÇO ARM 39;11;22:50;11;23:10;11;23:10;11;23:15;11;23:15;11;23:20;11;23:20;11;23:55;;;;;;;;;;;;;;;;;;;;;;;;;;;;;;;;;;;;;;;;;;;;;;;;;;;;;11;23:55;11;23:55;15;05:30;;;;;;;;;;;;;;;;;;;;;;;;;;;;;;;;;;;;;;;;;;;;;;;;;;;;;;;;;;;;;;;;;;;;;;;
S2025;3648;32.0;228.99;13.48;0;0;0;5;15:06;1.25;0.0;1.25;2.5;TIPLAM - GSM - I;60;BERÇO TIPLAM 1;5;17:40;5;18:00;5;18:00;5;18:05;5;18:05;5;18:10;5;18:10;5;18:15;5;18:15;5;18:20;5;18:20;5;18:25;5;18:25;5;18:30;5;18:30;5;18:35;5;18:35;5;18:40;5;18:40;5;18:45;5;18:45;5;18:50;5;18:50;5;18:55;5;18:55;5;19:00;5;19:00;5;19:05;5;19:05;5;19:10;5;19:10;5;19:30;5;19:30;5;20:15;5;20:15;5;20:15;12;02:20;12;02:20;12;02:20;12;02:30;12;02:30;12;02:50;12;02:50;12;02:55;12;02:55;12;03:00;12;03:00;12;03:05;12;03:05;12;03:10;12;03:10;12;03:15;12;03:15;12;03:20;12;03:20;12;03:25;12;03:25;12;03:30;12;03:30;12;03:35;12;03:35;12;03:40;12;03:40;12;03:45;12;03:45;12;03:50;12;03:50;12;03:55;12;03:55;12;04:00;12;04:00;12;04:20;
S2025;3649;32.0;229.0;11.08;0;0;0;5;18:45;16.58;108.75;8.42;133.75;TGG;59;BERÇO TGG;11;08:30;11;08:50;11;08:50;11;08:55;11;08:55;11;09:00;11;09:00;11;09:05;11;09:05;11;09:40;;;;;;;;;;;;;;;;;;;;;;;;;;;;;;;;;;;;;;;;;;;;;;;;;11;09:40;11;09:40;12;17:30;12;17:35;;;;;;;;;;;;;;;;;;;;;;;;;;;;;;;;;;;;;;;;;;;;;;;;;12;17:35;12;17:45;12;17:45;12;17:50;12;17:50;12;17:55;12;17:55;12;18:00;12;18:00;12;18:20;
S2025;3654;36.0;199.99;6.6;0;0;0;6;05:06;9.25;96.33;0.0;105.58;TES;29;BERÇO ARM 38;10;14:45;10;15:05;10;15:05;10;15:10;10;15:10;10;15:15;10;15:15;10;15:50;;;;;;;;;;;;;;;;;;;;;;;;;;;;;;;;;;;;;;;;;;;;;;;;;;;;;10;15:50;10;15:50;12;23:00;;;;;;;;;;;;;;;;;;;;;;;;;;;;;;;;;;;;;;;;;;;;;;;;;;;;;;;;;;;;;;;;;;;;;;;
S2025;3657;27.0;188.32;7.6;0;0;0;6;08:00;0.0;0.0;0.25;0.25;ECOPORTO;35;BERÇO CORTE;6;08:15;6;08:35;6;08:35;6;08:40;6;08:40;6;08:45;6;08:45;6;08:50;6;08:50;6;08:55;6;08:55;6;09:00;6;09:00;6;09:05;6;09:05;6;09:10;6;09:10;6;09:15;6;09:15;6;09:20;6;09:20;6;09:25;6;09:25;6;09:40;;;;;;;;;;;;;;;;;;;;;6;09:40;6;09:40;15;06:40;;;;;;;;;;;;;;;;;;;;;;;;;;;;;;;;;;;;;;;;;;;;;;;;;;;;;;;;;;;;;;;;;;;;;;;
S2025;3658;36.0;228.99;14.2;0;0;0;6;11:18;9.08;102.92;1.5;113.5;TERMAG;57;BERÇO TERMAG;11;04:50;11;05:10;11;05:10;11;05:15;11;05:15;11;05:20;11;05:20;11;05:25;11;05:25;11;05:40;;;;;;;;;;;;;;;;;;;;;;;;;;;;;;;;;;;;;;;;;;;;;;;;;11;05:40;11;05:40;16;00:35;;;;;;;;;;;;;;;;;;;;;;;;;;;;;;;;;;;;;;;;;;;;;;;;;;;;;;;;;;;;;;;;;;;;;;;
S2025;3659;32.0;199.99;10.19;0;0;0;6;13:00;8.17;70.0;0.0;78.17;TIPLAM - GSM - I;63;BERÇO TIPLAM 4;9;19:10;9;19:30;9;19:30;9;19:35;9;19:35;9;19:40;9;19:40;9;19:45;9;19:45;9;19:50;9;19:50;9;19:55;9;19:55;9;20:00;9;20:00;9;20:05;9;20:05;9;20:10;9;20:10;9;20:15;9;20:15;9;20:20;9;20:20;9;20:25;9;20:25;9;20:30;9;20:30;9;20:35;9;20:35;9;20:40;9;20:40;9;21:00;9;21:00;9;21:15;9;21:15;9;21:15;14;23:20;;;;;;;;;;;;;;;;;;;;;;;;;;;;;;;;;;;;;;;;;;;;;;;;;;;;;;;;;;;;;;;;;;;;;;;
S2025;3675;32.0;229.0;7.25;0;0;0;6;21:48;51.17;54.17;2.08;107.42;TEG;56;BERÇO TEG;11;09:15;11;09:35;11;09:35;11;09:40;11;09:40;11;09:45;11;09:45;11;09:50;11;09:50;11;10:25;;;;;;;;;;;;;;;;;;;;;;;;;;;;;;;;;;;;;;;;;;;;;;;;;11;10:25;11;10:25;14;17:00;;;;;;;;;;;;;;;;;;;;;;;;;;;;;;;;;;;;;;;;;;;;;;;;;;;;;;;;;;;;;;;;;;;;;;;
S2025;3686;32.0;225.0;7.0;0;0;0;7;13:00;27.25;54.42;0.0;81.67;TEAG;51;BERÇO TEAG;10;22:40;10;23:00;10;23:00;10;23:05;10;23:05;10;23:10;10;23:10;10;23:15;10;23:15;10;23:50;;;;;;;;;;;;;;;;;;;;;;;;;;;;;;;;;;;;;;;;;;;;;;;;;10;23:50;10;23:50;13;08:50;;;;;;;;;;;;;;;;;;;;;;;;;;;;;;;;;;;;;;;;;;;;;;;;;;;;;;;;;;;;;;;;;;;;;;;
S2025;3691;32.0;199.99;11.7;0;0;0;7;21:00;0.92;13.33;4.08;18.33;OUTROS_MACUCO;27;BERÇO ARM 35P2;8;15:20;8;15:40;8;15:40;8;15:45;8;15:45;8;15:50;8;15:50;8;15:55;8;15:55;8;16:00;8;16:00;8;16:15;;;;;;;;;;;;;;;;;;;;;;;;;;;;;;;;;;;;;;;;;;;;;8;16:15;8;16:15;20;04:55;;;;;;;;;;;;;;;;;;;;;;;;;;;;;;;;;;;;;;;;;;;;;;;;;;;;;;;;;;;;;;;;;;;;;;;
S2025;3700;27.0;158.98;7.1;0;0;0;8;12:36;0.0;0.0;3.0;3.0;AGEO_TERMINAIS;46;BERÇO IB BC;8;15:40;8;16:00;8;16:00;8;16:05;8;16:05;8;16:10;8;16:10;8;16:15;8;16:15;8;16:20;8;16:20;8;16:25;8;16:25;8;16:30;8;16:30;8;16:35;8;16:35;8;16:40;8;16:40;8;16:45;8;16:45;8;16:50;8;16:50;8;17:25;;;;;;;;;;;;;;;;;;;;;8;17:25;8;17:25;12;09:00;12;10:25;;;;;;;;;;;;;;;;;;;;;12;10:25;12;10:35;12;10:35;12;10:40;12;10:40;12;10:45;12;10:45;12;10:50;12;10:50;12;10:55;12;10:55;12;11:00;12;11:00;12;11:05;12;11:05;12;11:10;12;11:10;12;11:15;12;11:15;12;11:20;12;11:20;12;11:25;12;11:25;12;11:45;
S2025;3702;32.0;229.0;7.2;0;0;0;8;14:02;20.33;13.25;3.75;37.33;TGRAO;72;BERÇO OUT 3;10;03:25;10;03:45;10;03:45;10;03:50;10;03:50;10;03:55;10;03:55;10;04:00;10;04:00;10;04:05;10;04:05;10;04:10;10;04:10;10;04:45;;;;;;;;;;;;;;;;;;;;;;;;;;;;;;;;;;;;;;;;;10;04:45;10;04:45;13;18:10;;;;;;;;;;;;;;;;;;;;;;;;;;;;;;;;;;;;;;;;;;;;;;;;;;;;;;;;;;;;;;;;;;;;;;;
S2025;3706;32.0;204.85;7.5;0;0;0;8;19:00;0.0;0.0;0.0;0.0;CUTRALE - GL;40;BERÇO CUTRALE;8;19:00;8;19:20;8;19:20;8;19:25;8;19:25;8;19:30;8;19:30;8;20:05;;;;;;;;;;;;;;;;;;;;;;;;;;;;;;;;;;;;;;;;;;;;;;;;;;;;;8;20:05;8;20:05;12;07:10;12;09:25;;;;;;;;;;;;;;;;;;;;;;;;;;;;;;;;;;;;;;;;;;;;;;;;;;;;;12;09:25;12;09:35;12;09:35;12;09:40;12;09:40;12;09:45;12;09:45;12;10:05;
S2025;3710;48.0;299.95;12.2;0;0;0;8;23:30;19.83;4.83;5.42;30.08;BTP;34;BERÇO BTP 3;10;05:35;10;05:55;10;05:55;10;06:00;10;06:00;10;06:05;10;06:05;10;06:10;10;06:10;10;06:15;10;06:15;10;06:20;10;06:20;10;06:25;10;06:25;10;06:30;10;06:30;10;06:35;10;06:35;10;06:40;10;06:40;10;06:45;10;06:45;10;06:50;10;06:50;10;07:05;;;;;;;;;;;;;;;;;10;07:05;10;07:05;12;01:25;12;01:45;;;;;;;;;;;;;;;;;12;01:45;12;02:15;12;02:15;12;02:20;12;02:20;12;02:25;12;02:25;12;02:30;12;02:30;12;02:35;12;02:35;12;02:40;12;02:40;12;02:45;12;02:45;12;02:50;12;02:50;12;02:55;12;02:55;12;03:00;12;03:00;12;03:05;12;03:05;12;03:10;12;03:10;12;03:30;
S2025;3720;30.0;179.99;6.9;0;0;0;9;13:00;0.0;0.0;0.25;0.25;NST - GL;20;BERÇO ARM 30;9;13:15;9;13:35;9;13:35;9;13:40;9;13:40;9;13:45;9;13:45;9;13:50;9;13:50;9;13:55;9;13:55;9;14:30;;;;;;;;;;;;;;;;;;;;;;;;;;;;;;;;;;;;;;;;;;;;;9;14:30;9;14:30;16;16:40;;;;;;;;;;;;;;;;;;;;;;;;;;;;;;;;;;;;;;;;;;;;;;;;;;;;;;;;;;;;;;;;;;;;;;;
S2025;3722;32.0;201.8;8.0;0;0;0;9;14:30;0.0;0.0;0.25;0.25;DPW - CGNC;44;BERÇO DPW 3;9;14:45;9;15:05;9;15:05;9;15:10;9;15:10;9;15:15;9;15:15;9;15:20;9;15:20;9;15:25;9;15:25;9;15:30;9;15:30;9;15:35;9;15:35;9;15:40;9;15:40;9;15:45;9;15:45;9;16:20;;;;;;;;;;;;;;;;;;;;;;;;;;;;;9;16:20;9;16:20;13;06:10;;;;;;;;;;;;;;;;;;;;;;;;;;;;;;;;;;;;;;;;;;;;;;;;;;;;;;;;;;;;;;;;;;;;;;;
S2025;3723;22.0;119.9;8.4;0;0;0;9;15:30;1.25;0.0;5.33;6.58;AGEO_TERMINAIS;47;BERÇO IB SP;9;22:05;9;22:25;9;22:25;9;22:30;9;22:30;9;22:35;9;22:35;9;22:40;9;22:40;9;22:45;9;22:45;9;22:50;9;22:50;9;22:55;9;22:55;9;23:00;9;23:00;9;23:05;9;23:05;9;23:10;9;23:10;9;23:15;9;23:15;9;23:50;;;;;;;;;;;;;;;;;;;;;9;23:50;9;23:50;12;21:45;12;22:10;;;;;;;;;;;;;;;;;;;;;12;22:10;12;22:20;12;22:20;12;22:25;12;22:25;12;22:30;12;22:30;12;22:35;12;22:35;12;22:40;12;22:40;12;22:45;12;22:45;12;22:50;12;22:50;12;22:55;12;22:55;12;23:00;12;23:00;12;23:05;12;23:05;12;23:10;12;23:10;12;23:30;
S2025;3727;32.0;183.88;10.4;0;0;0;9;22:00;1.42;4.0;1.67;7.08;AGEO_TERMINAIS;1;BERÇO Ageo I;10;05:05;10;05:25;10;05:25;10;05:30;10;05:30;10;05:35;10;05:35;10;05:40;10;05:40;10;05:45;10;05:45;10;05:50;10;05:50;10;05:55;10;05:55;10;06:00;10;06:00;10;06:05;10;06:05;10;06:10;10;06:10;10;06:15;10;06:15;10;06:30;;;;;;;;;;;;;;;;;;;;;10;06:30;10;06:30;13;08:35;;;;;;;;;;;;;;;;;;;;;;;;;;;;;;;;;;;;;;;;;;;;;;;;;;;;;;;;;;;;;;;;;;;;;;;
S2025;3731;38.0;255.17;11.7;0;0;0;10;03:30;2.33;23.58;0.08;26.0;BTP;33;BERÇO BTP 2;11;05:30;11;05:50;11;05:50;11;05:55;11;05:55;11;06:00;11;06:00;11;06:05;11;06:05;11;06:10;11;06:10;11;06:15;11;06:15;11;06:20;11;06:20;11;06:25;11;06:25;11;06:30;11;06:30;11;06:35;11;06:35;11;06:40;11;06:40;11;06:45;11;06:45;11;07:00;;;;;;;;;;;;;;;;;11;07:00;11;07:00;11;21:50;12;02:20;;;;;;;;;;;;;;;;;12;02:20;12;02:50;12;02:50;12;02:55;12;02:55;12;03:00;12;03:00;12;03:05;12;03:05;12;03:10;12;03:10;12;03:15;12;03:15;12;03:20;12;03:20;12;03:25;12;03:25;12;03:30;12;03:30;12;03:35;12;03:35;12;03:40;12;03:40;12;03:45;12;03:45;12;04:05;
S2025;3732;31.0;199.2;11.7;0;0;0;10;04:26;5.17;7.58;0.0;12.75;ELDORADO;21;BERÇO ARM 31;10;17:15;10;17:35;10;17:35;10;17:40;10;17:40;10;17:45;10;17:45;10;17:50;10;17:50;10;17:55;10;17:55;10;18:30;;;;;;;;;;;;;;;;;;;;;;;;;;;;;;;;;;;;;;;;;;;;;10;18:30;10;18:30;12;06:15;12;06:25;;;;;;;;;;;;;;;;;;;;;;;;;;;;;;;;;;;;;;;;;;;;;12;06:25;12;06:35;12;06:35;12;06:40;12;06:40;12;06:45;12;06:45;12;06:50;12;06:50;12;06:55;12;06:55;12;07:15;
S2025;3733;32.0;183.0;10.0;0;0;0;10;10:00;2.33;0.0;0.42;2.75;DOW;41;BERÇO DOW;10;12:45;10;13:05;10;13:05;10;13:10;10;13:10;10;13:15;10;13:15;10;13:30;;;;;;;;;;;;;;;;;;;;;;;;;;;;;;;;;;;;;;;;;;;;;;;;;;;;;10;13:30;10;13:30;12;19:25;12;19:40;;;;;;;;;;;;;;;;;;;;;;;;;;;;;;;;;;;;;;;;;;;;;;;;;;;;;12;19:40;12;20:10;12;20:10;12;20:15;12;20:15;12;20:20;12;20:20;12;20:40;
S2025;3735;48.0;299.95;12.0;0;0;0;10;13:45;12.67;9.92;0.08;22.67;BTP;32;BERÇO BTP 1;11;12:25;11;12:45;11;12:45;11;12:50;11;12:50;11;12:55;11;12:55;11;13:00;11;13:00;11;13:05;11;13:05;11;13:10;11;13:10;11;13:15;11;13:15;11;13:20;11;13:20;11;13:25;11;13:25;11;13:30;11;13:30;11;13:35;11;13:35;11;13:40;11;13:40;11;14:15;;;;;;;;;;;;;;;;;11;14:15;11;14:15;12;21:10;;;;;;;;;;;;;;;;;;;;;;;;;;;;;;;;;;;;;;;;;;;;;;;;;;;;;;;;;;;;;;;;;;;;;;;
S2025;3737;19.0;87.9;5.1;0;0;0;10;14:50;0.0;0.0;0.17;0.17;SAIPEM;48;BERÇO SAIPEM 1;10;15:00;10;15:20;10;15:20;10;15:55;;;;;;;;;;;;;;;;;;;;;;;;;;;;;;;;;;;;;;;;;;;;;;;;;;;;;;;;;;;;;10;15:55;10;15:55;13;00:00;;;;;;;;;;;;;;;;;;;;;;;;;;;;;;;;;;;;;;;;;;;;;;;;;;;;;;;;;;;;;;;;;;;;;;;
S2025;3740;32.0;204.88;7.8;0;0;0;10;22:40;1.33;0.0;1.75;3.08;CITROSUCO;18;BERÇO ARM 29;11;01:45;11;02:05;11;02:05;11;02:10;11;02:10;11;02:15;11;02:15;11;02:20;11;02:20;11;02:25;11;02:25;11;02:30;11;02:30;11;03:05;;;;;;;;;;;;;;;;;;;;;;;;;;;;;;;;;;;;;;;;;11;03:05;11;03:05;14;03:55;;;;;;;;;;;;;;;;;;;;;;;;;;;;;;;;;;;;;;;;;;;;;;;;;;;;;;;;;;;;;;;;;;;;;;;
S2025;3742;32.0;183.24;10.9;0;0;0;11;00:01;0.0;0.0;5.17;5.17;STOLTHAVEN;3;BERÇO AL 02;11;05:15;11;05:35;11;05:35;11;05:40;11;05:40;11;05:45;11;05:45;11;05:50;11;05:50;11;05:55;11;05:55;11;06:00;11;06:00;11;06:05;11;06:05;11;06:10;11;06:10;11;06:15;11;06:15;11;06:20;11;06:20;11;06:25;11;06:25;11;06:30;11;06:30;11;06:35;11;06:35;11;06:50;;;;;;;;;;;;;11;06:50;11;06:50;14;17:15;;;;;;;;;;;;;;;;;;;;;;;;;;;;;;;;;;;;;;;;;;;;;;;;;;;;;;;;;;;;;;;;;;;;;;;
S2025;3744;21.0;139.95;7.7;0;0;0;11;01:40;0.0;14.17;0.0;14.17;AGEO_TERMINAIS;77;BERÇO IB OE;11;15:50;11;16:10;11;16:10;11;16:15;11;16:15;11;16:20;11;16:20;11;16:25;11;16:25;11;16:30;11;16:30;11;16:35;11;16:35;11;16:40;11;16:40;11;16:45;11;16:45;11;16:50;11;16:50;11;16:55;11;16:55;11;17:00;11;17:00;11;17:15;;;;;;;;;;;;;;;;;;;;;11;17:15;11;17:15;13;13:40;;;;;;;;;;;;;;;;;;;;;;;;;;;;;;;;;;;;;;;;;;;;;;;;;;;;;;;;;;;;;;;;;;;;;;;
S2025;3745;32.0;199.97;11.7;0;0;1;11;04:12;0.0;0.0;0.33;0.33;TEV;58;BERÇO TEV;11;04:35;11;04:55;11;04:55;11;05:00;11;05:00;11;05:05;11;05:05;11;05:10;11;05:10;11;05:15;11;05:15;11;05:20;11;05:20;11;05:55;;;;;;;;;;;;;;;;;;;;;;;;;;;;;;;;;;;;;;;;;11;05:55;11;05:55;12;10:35;12;10:35;;;;;;;;;;;;;;;;;;;;;;;;;;;;;;;;;;;;;;;;;12;10:35;12;10:45;12;10:45;12;10:50;12;10:50;12;10:55;12;10:55;12;11:00;12;11:00;12;11:05;12;11:05;12;11:10;12;11:10;12;11:30;
S2025;3746;43.0;334.0;14.2;0;0;0;11;05:54;0.0;0.0;0.0;0.0;SANTOSBR;53;BERÇO TECON 1.2;11;05:55;11;06:15;11;06:15;11;06:20;11;06:20;11;06:25;11;06:25;11;06:30;11;06:30;11;06:35;11;06:35;11;06:50;;;;;;;;;;;;;;;;;;;;;;;;;;;;;;;;;;;;;;;;;;;;;11;06:50;11;06:50;12;04:00;12;05:40;;;;;;;;;;;;;;;;;;;;;;;;;;;;;;;;;;;;;;;;;;;;;12;05:40;12;06:10;12;06:10;12;06:15;12;06:15;12;06:20;12;06:20;12;06:25;12;06:25;12;06:30;12;06:30;12;06:50;
S2025;3747;28.0;189.99;10.64;0;0;0;11;08:48;4.83;0.0;0.0;4.83;OUTROS_SABOO;36;BERÇO CS 01;11;13:40;11;14:00;11;14:00;11;14:05;11;14:05;11;14:10;11;14:10;11;14:15;11;14:15;11;14:20;11;14:20;11;14:25;11;14:25;11;14:30;11;14:30;11;14:35;11;14:35;11;14:40;11;14:40;11;14:45;11;14:45;11;14:50;11;14:50;11;15:05;;;;;;;;;;;;;;;;;;;;;11;15:05;11;15:05;17;22:40;;;;;;;;;;;;;;;;;;;;;;;;;;;;;;;;;;;;;;;;;;;;;;;;;;;;;;;;;;;;;;;;;;;;;;;
S2025;3748;48.0;331.1;13.4;0;0;0;11;10:00;0.0;0.0;0.0;0.0;DPW - CGC;42;BERÇO DPW 1;11;10:00;11;10:20;11;10:20;11;10:25;11;10:25;11;10:30;11;10:30;11;10:35;11;10:35;11;10:40;11;10:40;11;10:45;11;10:45;11;10:50;11;10:50;11;10:55;11;10:55;11;11:00;11;11:00;11;11:05;11;11:05;11;11:20;;;;;;;;;;;;;;;;;;;;;;;;;11;11:20;11;11:20;12;05:25;12;05:55;;;;;;;;;;;;;;;;;;;;;;;;;12;05:55;12;06:25;12;06:25;12;06:30;12;06:30;12;06:35;12;06:35;12;06:40;12;06:40;12;06:45;12;06:45;12;06:50;12;06:50;12;06:55;12;06:55;12;07:00;12;07:00;12;07:05;12;07:05;12;07:10;12;07:10;12;07:30;
S2025;3749;32.0;194.94;10.5;0;0;0;11;11:12;0.0;0.0;1.42;1.42;OUTROS_MACUCO;23;BERÇO ARM 32;11;12:40;11;13:00;11;13:00;11;13:05;11;13:05;11;13:10;11;13:10;11;13:15;11;13:15;11;13:20;11;13:20;11;13:35;;;;;;;;;;;;;;;;;;;;;;;;;;;;;;;;;;;;;;;;;;;;;11;13:35;11;13:35;14;23:20;;;;;;;;;;;;;;;;;;;;;;;;;;;;;;;;;;;;;;;;;;;;;;;;;;;;;;;;;;;;;;;;;;;;;;;
S2025;3750;32.0;294.12;10.9;0;0;0;11;12:00;0.0;0.0;0.0;0.0;DPW - CGC;43;BERÇO DPW 2;11;12:00;11;12:20;11;12:20;11;12:25;11;12:25;11;12:30;11;12:30;11;12:35;11;12:35;11;12:40;11;12:40;11;12:45;11;12:45;11;12:50;11;12:50;11;12:55;11;12:55;11;13:00;11;13:00;11;13:05;11;13:05;11;13:20;;;;;;;;;;;;;;;;;;;;;;;;;11;13:20;11;13:20;12;21:40;12;21:40;;;;;;;;;;;;;;;;;;;;;;;;;12;21:40;12;22:10;12;22:10;12;22:15;12;22:15;12;22:20;12;22:20;12;22:25;12;22:25;12;22:30;12;22:30;12;22:35;12;22:35;12;22:40;12;22:40;12;22:45;12;22:45;12;22:50;12;22:50;12;22:55;12;22:55;12;23:15;
S2025;3752;35.0;223.96;8.6;0;0;0;11;14:37;0.0;0.0;1.42;1.42;SANTOSBR;52;BERÇO TECON 1.1;11;16:05;11;16:25;11;16:25;11;16:30;11;16:30;11;16:35;11;16:35;11;16:40;11;16:40;11;16:45;11;16:45;11;17:00;;;;;;;;;;;;;;;;;;;;;;;;;;;;;;;;;;;;;;;;;;;;;11;17:00;11;17:00;12;08:30;12;12:25;;;;;;;;;;;;;;;;;;;;;;;;;;;;;;;;;;;;;;;;;;;;;12;12:25;12;12:55;12;12:55;12;13:00;12;13:00;12;13:05;12;13:05;12;13:10;12;13:10;12;13:15;12;13:15;12;13:35;
S2025;3755;30.0;208.85;10.8;0;0;0;11;16:25;0.0;0.0;0.0;0.0;SANTOSBR;55;BERÇO TECON 3;11;16:25;11;16:45;11;16:45;11;16:50;11;16:50;11;16:55;11;16:55;11;17:00;11;17:00;11;17:05;11;17:05;11;17:20;;;;;;;;;;;;;;;;;;;;;;;;;;;;;;;;;;;;;;;;;;;;;11;17:20;11;17:20;12;08:05;12;14:30;;;;;;;;;;;;;;;;;;;;;;;;;;;;;;;;;;;;;;;;;;;;;12;14:30;12;15:00;12;15:00;12;15:05;12;15:05;12;15:10;12;15:10;12;15:15;12;15:15;12;15:20;12;15:20;12;15:40;
S2025;3756;32.0;182.88;7.0;0;0;0;11;20:00;0.0;0.0;0.0;0.0;TRANSPETRO;2;BERÇO AL 01;11;20:00;11;20:20;11;20:20;11;20:25;11;20:25;11;20:30;11;20:30;11;20:35;11;20:35;11;20:40;11;20:40;11;20:45;11;20:45;11;20:50;11;20:50;11;20:55;11;20:55;11;21:00;11;21:00;11;21:05;11;21:05;11;21:10;11;21:10;11;21:15;11;21:15;11;21:20;11;21:20;11;21:55;;;;;;;;;;;;;11;21:55;11;21:55;12;21:55;12;22:15;;;;;;;;;;;;;12;22:15;12;22:25;12;22:25;12;22:30;12;22:30;12;22:35;12;22:35;12;22:40;12;22:40;12;22:45;12;22:45;12;22:50;12;22:50;12;22:55;12;22:55;12;23:00;12;23:00;12;23:05;12;23:05;12;23:10;12;23:10;12;23:15;12;23:15;12;23:20;12;23:20;12;23:25;12;23:25;12;23:45;
S2025;3757;51.0;336.0;10.4;0;0;0;11;20:18;0.0;0.0;0.0;0.0;SANTOSBR;54;BERÇO TECON 2;11;20:20;11;20:40;11;20:40;11;20:45;11;20:45;11;20:50;11;20:50;11;20:55;11;20:55;11;21:00;11;21:00;11;21:15;;;;;;;;;;;;;;;;;;;;;;;;;;;;;;;;;;;;;;;;;;;;;11;21:15;11;21:15;13;20:35;;;;;;;;;;;;;;;;;;;;;;;;;;;;;;;;;;;;;;;;;;;;;;;;;;;;;;;;;;;;;;;;;;;;;;;
S2025;3600;32.0;228.99;6.74;0;0;0;3;06:00;106.58;103.42;18.75;228.75;COFCO;9;BERÇO ARM 12A;12;18:45;12;19:05;12;19:05;12;19:10;12;19:10;12;19:15;12;19:15;12;19:20;12;19:20;12;19:25;12;19:25;12;19:30;12;19:30;12;19:35;12;19:35;12;19:40;12;19:40;12;20:15;;;;;;;;;;;;;;;;;;;;;;;;;;;;;;;;;12;20:15;12;20:15;17;20:55;;;;;;;;;;;;;;;;;;;;;;;;;;;;;;;;;;;;;;;;;;;;;;;;;;;;;;;;;;;;;;;;;;;;;;;
S2025;3660;32.0;229.0;11.28;0;0;0;6;13:30;16.5;125.67;4.75;146.92;TIPLAM - GSM - I;61;BERÇO TIPLAM 2;12;16:25;12;16:45;12;16:45;12;16:50;12;16:50;12;16:55;12;16:55;12;17:00;12;17:00;12;17:05;12;17:05;12;17:10;12;17:10;12;17:15;12;17:15;12;17:20;12;17:20;12;17:25;12;17:25;12;17:30;12;17:30;12;17:35;12;17:35;12;17:40;12;17:40;12;17:45;12;17:45;12;17:50;12;17:50;12;17:55;12;17:55;12;18:15;12;18:15;12;18:30;12;18:30;12;18:30;19;19:30;;;;;;;;;;;;;;;;;;;;;;;;;;;;;;;;;;;;;;;;;;;;;;;;;;;;;;;;;;;;;;;;;;;;;;;
S2025;3680;32.0;189.99;12.15;0;0;0;7;08:01;16.42;93.17;6.92;116.5;TIPLAM - GSM - I;60;BERÇO TIPLAM 1;12;04:35;12;04:55;12;04:55;12;05:00;12;05:00;12;05:05;12;05:05;12;05:10;12;05:10;12;05:15;12;05:15;12;05:20;12;05:20;12;05:25;12;05:25;12;05:30;12;05:30;12;05:35;12;05:35;12;05:40;12;05:40;12;05:45;12;05:45;12;05:50;12;05:50;12;05:55;12;05:55;12;06:00;12;06:00;12;06:05;12;06:05;12;06:25;12;06:25;12;07:10;12;07:10;12;07:10;19;20:30;;;;;;;;;;;;;;;;;;;;;;;;;;;;;;;;;;;;;;;;;;;;;;;;;;;;;;;;;;;;;;;;;;;;;;;
S2025;3699;32.0;228.94;7.3;0;0;0;8;11:48;9.5;84.08;9.58;103.17;TGG;59;BERÇO TGG;12;19:00;12;19:20;12;19:20;12;19:25;12;19:25;12;19:30;12;19:30;12;19:35;12;19:35;12;20:10;;;;;;;;;;;;;;;;;;;;;;;;;;;;;;;;;;;;;;;;;;;;;;;;;12;20:10;12;20:10;14;02:50;;;;;;;;;;;;;;;;;;;;;;;;;;;;;;;;;;;;;;;;;;;;;;;;;;;;;;;;;;;;;;;;;;;;;;;
S2025;3738;48.0;299.99;12.4;0;0;0;10;21:06;8.0;19.33;0.0;27.33;ECOPORTO;34;BERÇO BTP 3;12;00:30;12;00:50;12;00:50;12;00:55;12;00:55;12;01:00;12;01:00;12;01:05;12;01:05;12;01:10;12;01:10;12;01:15;12;01:15;12;01:20;12;01:20;12;01:25;12;01:25;12;01:30;12;01:30;12;01:35;12;01:35;12;01:40;12;01:40;12;01:45;12;01:45;12;02:00;;;;;;;;;;;;;;;;;12;02:00;12;02:00;13;06:35;;;;;;;;;;;;;;;;;;;;;;;;;;;;;;;;;;;;;;;;;;;;;;;;;;;;;;;;;;;;;;;;;;;;;;;
S2025;3763;32.0;213.88;8.9;0;0;0;12;06:00;0.0;0.0;2.5;2.5;ECOPORTO;39;BERÇO CS 04;12;08:30;12;08:50;12;08:50;12;08:55;12;08:55;12;09:00;12;09:00;12;09:05;12;09:05;12;09:10;12;09:10;12;09:15;12;09:15;12;09:20;12;09:20;12;09:25;12;09:25;12;09:30;12;09:30;12;09:35;12;09:35;12;09:40;12;09:40;12;10:15;;;;;;;;;;;;;;;;;;;;;12;10:15;12;10:15;14;07:45;;;;;;;;;;;;;;;;;;;;;;;;;;;;;;;;;;;;;;;;;;;;;;;;;;;;;;;;;;;;;;;;;;;;;;;
S2025;3751;35.0;185.97;7.6;0;0;0;11;14:30;1.33;13.0;0.0;14.33;DPW - CGC;42;BERÇO DPW 1;12;04:50;12;05:10;12;05:10;12;05:15;12;05:15;12;05:20;12;05:20;12;05:25;12;05:25;12;05:30;12;05:30;12;05:35;12;05:35;12;05:40;12;05:40;12;05:45;12;05:45;12;05:50;12;05:50;12;05:55;12;05:55;12;06:10;;;;;;;;;;;;;;;;;;;;;;;;;12;06:10;12;06:10;13;07:00;;;;;;;;;;;;;;;;;;;;;;;;;;;;;;;;;;;;;;;;;;;;;;;;;;;;;;;;;;;;;;;;;;;;;;;
S2025;3753;48.0;329.8;9.8;0;0;0;11;15:00;2.25;27.33;0.17;29.75;DPW - CGC;43;BERÇO DPW 2;12;20:45;12;21:05;12;21:05;12;21:10;12;21:10;12;21:15;12;21:15;12;21:20;12;21:20;12;21:25;12;21:25;12;21:30;12;21:30;12;21:35;12;21:35;12;21:40;12;21:40;12;21:45;12;21:45;12;21:50;12;21:50;12;22:05;;;;;;;;;;;;;;;;;;;;;;;;;12;22:05;12;22:05;14;09:50;;;;;;;;;;;;;;;;;;;;;;;;;;;;;;;;;;;;;;;;;;;;;;;;;;;;;;;;;;;;;;;;;;;;;;;
S2025;3758;33.0;189.99;11.0;0;0;0;11;22:00;1.08;0.0;0.92;2.0;HIDROVIAS;15;BERÇO ARM 22/23;12;00:00;12;00:20;12;00:20;12;00:25;12;00:25;12;00:30;12;00:30;12;00:35;12;00:35;12;00:40;12;00:40;12;00:45;12;00:45;12;00:50;12;00:50;12;01:05;;;;;;;;;;;;;;;;;;;;;;;;;;;;;;;;;;;;;12;01:05;12;01:05;13;15:25;;;;;;;;;;;;;;;;;;;;;;;;;;;;;;;;;;;;;;;;;;;;;;;;;;;;;;;;;;;;;;;;;;;;;;;
S2025;3760;32.0;179.95;7.12;0;0;0;11;22:30;1.25;6.75;2.83;10.83;ELDORADO;21;BERÇO ARM 31;12;09:20;12;09:40;12;09:40;12;09:45;12;09:45;12;09:50;12;09:50;12;09:55;12;09:55;12;10:00;12;10:00;12;10:35;;;;;;;;;;;;;;;;;;;;;;;;;;;;;;;;;;;;;;;;;;;;;12;10:35;12;10:35;14;12:10;;;;;;;;;;;;;;;;;;;;;;;;;;;;;;;;;;;;;;;;;;;;;;;;;;;;;;;;;;;;;;;;;;;;;;;
S2025;3761;30.0;197.2;7.8;0;0;0;11;22:42;1.25;5.08;0.0;6.33;SANTOSBR;53;BERÇO TECON 1.2;12;05:05;12;05:25;12;05:25;12;05:30;12;05:30;12;05:35;12;05:35;12;05:40;12;05:40;12;05:45;12;05:45;12;06:20;;;;;;;;;;;;;;;;;;;;;;;;;;;;;;;;;;;;;;;;;;;;;12;06:20;12;06:20;13;15:05;;;;;;;;;;;;;;;;;;;;;;;;;;;;;;;;;;;;;;;;;;;;;;;;;;;;;;;;;;;;;;;;;;;;;;;
S2025;3768;30.0;222.15;10.2;0;0;0;12;11:12;0.0;0.75;0.0;0.75;SANTOSBR;52;BERÇO TECON 1.1;12;12:00;12;12:20;12;12:20;12;12:25;12;12:25;12;12:30;12;12:30;12;12:35;12;12:35;12;12:40;12;12:40;12;12:55;;;;;;;;;;;;;;;;;;;;;;;;;;;;;;;;;;;;;;;;;;;;;12;12:55;12;12:55;13;07:15;;;;;;;;;;;;;;;;;;;;;;;;;;;;;;;;;;;;;;;;;;;;;;;;;;;;;;;;;;;;;;;;;;;;;;;
S2025;3770;43.0;270.9;10.3;0;0;0;12;13:30;0.0;0.17;0.0;0.17;SANTOSBR;55;BERÇO TECON 3;12;13:40;12;14:00;12;14:00;12;14:05;12;14:05;12;14:10;12;14:10;12;14:15;12;14:15;12;14:20;12;14:20;12;14:35;;;;;;;;;;;;;;;;;;;;;;;;;;;;;;;;;;;;;;;;;;;;;12;14:35;12;14:35;13;03:00;;;;;;;;;;;;;;;;;;;;;;;;;;;;;;;;;;;;;;;;;;;;;;;;;;;;;;;;;;;;;;;;;;;;;;;
S2025;3762;17.0;75.2;4.15;0;0;0;12;00:00;0.0;0.0;0.75;0.75;SAIPEM;49;BERÇO SAIPEM 2;12;00:45;12;01:05;12;01:05;12;01:40;;;;;;;;;;;;;;;;;;;;;;;;;;;;;;;;;;;;;;;;;;;;;;;;;;;;;;;;;;;;;12;01:40;12;01:40;13;13:55;;;;;;;;;;;;;;;;;;;;;;;;;;;;;;;;;;;;;;;;;;;;;;;;;;;;;;;;;;;;;;;;;;;;;;;
S2025;3775;18.0;85.34;4.6;0;0;0;12;20:00;0.0;0.0;1.0;1.0;SAIPEM;50;BERÇO SAIPEM 3;12;21:00;12;21:20;12;21:20;12;21:55;;;;;;;;;;;;;;;;;;;;;;;;;;;;;;;;;;;;;;;;;;;;;;;;;;;;;;;;;;;;;12;21:55;12;21:55;14;04:45;;;;;;;;;;;;;;;;;;;;;;;;;;;;;;;;;;;;;;;;;;;;;;;;;;;;;;;;;;;;;;;;;;;;;;;
S2025;3764;28.0;186.35;9.5;0;0;0;12;06:54;0.0;0.0;0.67;0.67;BTP;33;BERÇO BTP 2;12;07:35;12;07:55;12;07:55;12;08:00;12;08:00;12;08:05;12;08:05;12;08:10;12;08:10;12;08:15;12;08:15;12;08:20;12;08:20;12;08:25;12;08:25;12;08:30;12;08:30;12;08:35;12;08:35;12;08:40;12;08:40;12;08:45;12;08:45;12;08:50;12;08:50;12;09:25;;;;;;;;;;;;;;;;;12;09:25;12;09:25;13;01:25;;;;;;;;;;;;;;;;;;;;;;;;;;;;;;;;;;;;;;;;;;;;;;;;;;;;;;;;;;;;;;;;;;;;;;;
S2025;3766;24.0;146.5;9.5;0;0;0;12;08:15;0.0;0.0;0.0;0.0;ULTRACARGO;4;BERÇO AL 03;12;08:15;12;08:35;12;08:35;12;08:40;12;08:40;12;08:45;12;08:45;12;08:50;12;08:50;12;08:55;12;08:55;12;09:00;12;09:00;12;09:05;12;09:05;12;09:10;12;09:10;12;09:15;12;09:15;12;09:20;12;09:20;12;09:25;12;09:25;12;09:30;12;09:30;12;09:35;12;09:35;12;09:50;;;;;;;;;;;;;12;09:50;12;09:50;14;22:20;;;;;;;;;;;;;;;;;;;;;;;;;;;;;;;;;;;;;;;;;;;;;;;;;;;;;;;;;;;;;;;;;;;;;;;
S2025;3769;32.0;228.99;10.09;0;0;0;12;12:32;0.0;0.0;1.33;1.33;CUTRALE - GSA - E;40;BERÇO CUTRALE;12;13:55;12;14:15;12;14:15;12;14:20;12;14:20;12;14:25;12;14:25;12;15:00;;;;;;;;;;;;;;;;;;;;;;;;;;;;;;;;;;;;;;;;;;;;;;;;;;;;;12;15:00;12;15:00;14;02:25;;;;;;;;;;;;;;;;;;;;;;;;;;;;;;;;;;;;;;;;;;;;;;;;;;;;;;;;;;;;;;;;;;;;;;;
S2025;3773;32.0;183.06;9.7;0;0;0;12;16:20;0.0;0.0;0.5;0.5;AGEO_TERMINAIS;46;BERÇO IB BC;12;16:50;12;17:10;12;17:10;12;17:15;12;17:15;12;17:20;12;17:20;12;17:25;12;17:25;12;17:30;12;17:30;12;17:35;12;17:35;12;17:40;12;17:40;12;17:45;12;17:45;12;17:50;12;17:50;12;17:55;12;17:55;12;18:00;12;18:00;12;18:15;;;;;;;;;;;;;;;;;;;;;12;18:15;12;18:15;14;12:05;;;;;;;;;;;;;;;;;;;;;;;;;;;;;;;;;;;;;;;;;;;;;;;;;;;;;;;;;;;;;;;;;;;;;;;
S2025;3446;33.0;229.0;7.83;0;0;0;-7;02:36;282.83;36.83;95.0;414.67;ELEVACOES;13;BERÇO ARM 19;10;09:20;10;09:40;10;09:40;10;09:45;10;09:45;10;09:50;10;09:50;10;09:55;10;09:55;10;10:00;10;10:00;10;10:05;10;10:05;10;10:10;10;10:10;10;10:45;;;;;;;;;;;;;;;;;;;;;;;;;;;;;;;;;;;;;10;10:45;10;10:45;15;16:10;;;;;;;;;;;;;;;;;;;;;;;;;;;;;;;;;;;;;;;;;;;;;;;;;;;;;;;;;;;;;;;;;;;;;;;
S2025;3464;32.0;225.0;7.16;0;0;0;-6;00:30;233.67;55.67;116.58;405.92;ELEVACOES;12;BERÇO ARM 16/17;10;22:25;10;22:45;10;22:45;10;22:50;10;22:50;10;22:55;10;22:55;10;23:00;10;23:00;10;23:05;10;23:05;10;23:10;10;23:10;10;23:15;10;23:15;10;23:20;10;23:20;10;23:55;;;;;;;;;;;;;;;;;;;;;;;;;;;;;;;;;10;23:55;10;23:55;13;02:10;13;02:25;;;;;;;;;;;;;;;;;;;;;;;;;;;;;;;;;13;02:25;13;02:35;13;02:35;13;02:40;13;02:40;13;02:45;13;02:45;13;02:50;13;02:50;13;02:55;13;02:55;13;03:00;13;03:00;13;03:05;13;03:05;13;03:10;13;03:10;13;03:30;
S2025;3557;36.0;227.2;7.54;0;0;0;0;14:42;130.17;112.83;23.0;266.0;XXXIX;28;BERÇO ARM 37;11;16:45;11;17:05;11;17:05;11;17:10;11;17:10;11;17:15;11;17:15;11;17:50;;;;;;;;;;;;;;;;;;;;;;;;;;;;;;;;;;;;;;;;;;;;;;;;;;;;;11;17:50;11;17:50;14;04:50;;;;;;;;;;;;;;;;;;;;;;;;;;;;;;;;;;;;;;;;;;;;;;;;;;;;;;;;;;;;;;;;;;;;;;;
S2025;3598;32.0;224.95;11.6;0;0;0;3;03:15;56.5;93.92;28.83;179.25;COFCO;10;BERÇO ARM 13/14;10;14:30;10;14:50;10;14:50;10;14:55;10;14:55;10;15:00;10;15:00;10;15:05;10;15:05;10;15:10;10;15:10;10;15:15;10;15:15;10;15:20;10;15:20;10;15:25;10;15:25;10;16:00;;;;;;;;;;;;;;;;;;;;;;;;;;;;;;;;;10;16:00;10;16:00;15;10:50;;;;;;;;;;;;;;;;;;;;;;;;;;;;;;;;;;;;;;;;;;;;;;;;;;;;;;;;;;;;;;;;;;;;;;;
S2025;3600;32.0;228.99;6.74;0;0;0;3;06:00;106.58;103.42;18.75;228.75;COFCO;9;BERÇO ARM 12A;12;18:45;12;19:05;12;19:05;12;19:10;12;19:10;12;19:15;12;19:15;12;19:20;12;19:20;12;19:25;12;19:25;12;19:30;12;19:30;12;19:35;12;19:35;12;19:40;12;19:40;12;20:15;;;;;;;;;;;;;;;;;;;;;;;;;;;;;;;;;12;20:15;12;20:15;17;20:55;;;;;;;;;;;;;;;;;;;;;;;;;;;;;;;;;;;;;;;;;;;;;;;;;;;;;;;;;;;;;;;;;;;;;;;
S2025;3604;36.0;236.32;8.2;0;0;0;3;10:50;2.83;0.0;44.58;47.42;ECOPORTO;70;BERÇO VAL;5;10:15;5;10:35;5;10:35;5;10:40;5;10:40;5;10:45;5;10:45;5;10:50;5;10:50;5;10:55;5;10:55;5;11:00;5;11:00;5;11:05;5;11:05;5;11:10;5;11:10;5;11:15;5;11:15;5;11:20;5;11:20;5;11:25;5;11:25;5;11:40;;;;;;;;;;;;;;;;;;;;;5;11:40;5;11:40;6;14:10;;;;;;;;;;;;;;;;;;;;;;;;;;;;;;;;;;;;;;;;;;;;;;;;;;;;;;;;;;;;;;;;;;;;;;;
S2025;3620;32.0;225.0;7.45;0;0;0;4;07:00;43.58;89.92;4.75;138.25;COPESUCAR;14;BERÇO ARM 20/21;10;01:15;10;01:35;10;01:35;10;01:40;10;01:40;10;01:45;10;01:45;10;01:50;10;01:50;10;01:55;10;01:55;10;02:00;10;02:00;10;02:05;10;02:05;10;02:40;;;;;;;;;;;;;;;;;;;;;;;;;;;;;;;;;;;;;10;02:40;10;02:40;12;23:35;13;01:40;;;;;;;;;;;;;;;;;;;;;;;;;;;;;;;;;;;;;13;01:40;13;01:50;13;01:50;13;01:55;13;01:55;13;02:00;13;02:00;13;02:05;13;02:05;13;02:10;13;02:10;13;02:15;13;02:15;13;02:20;13;02:20;13;02:40;
S2025;3631;32.0;228.95;7.54;0;0;0;4;16:50;25.33;112.25;10.33;147.92;TIPLAM - GSA - E;62;BERÇO TIPLAM 3;10;20:45;10;21:05;10;21:05;10;21:10;10;21:10;10;21:15;10;21:15;10;21:20;10;21:20;10;21:25;10;21:25;10;21:30;10;21:30;10;21:35;10;21:35;10;21:40;10;21:40;10;21:45;10;21:45;10;21:50;10;21:50;10;21:55;10;21:55;10;22:00;10;22:00;10;22:05;10;22:05;10;22:10;10;22:10;10;22:15;10;22:15;10;22:35;10;22:35;10;23:20;10;23:20;10;23:20;15;04:30;;;;;;;;;;;;;;;;;;;;;;;;;;;;;;;;;;;;;;;;;;;;;;;;;;;;;;;;;;;;;;;;;;;;;;;
S2025;3636;32.0;228.99;6.86;0;0;0;4;19:24;88.0;83.42;0.0;171.42;ADM;30;BERÇO ARM 39;11;22:50;11;23:10;11;23:10;11;23:15;11;23:15;11;23:20;11;23:20;11;23:55;;;;;;;;;;;;;;;;;;;;;;;;;;;;;;;;;;;;;;;;;;;;;;;;;;;;;11;23:55;11;23:55;15;05:30;;;;;;;;;;;;;;;;;;;;;;;;;;;;;;;;;;;;;;;;;;;;;;;;;;;;;;;;;;;;;;;;;;;;;;;
S2025;3654;36.0;199.99;6.6;0;0;0;6;05:06;9.25;96.33;0.0;105.58;TES;29;BERÇO ARM 38;10;14:45;10;15:05;10;15:05;10;15:10;10;15:10;10;15:15;10;15:15;10;15:50;;;;;;;;;;;;;;;;;;;;;;;;;;;;;;;;;;;;;;;;;;;;;;;;;;;;;10;15:50;10;15:50;12;23:00;13;00:00;;;;;;;;;;;;;;;;;;;;;;;;;;;;;;;;;;;;;;;;;;;;;;;;;;;;;13;00:00;13;00:10;13;00:10;13;00:15;13;00:15;13;00:20;13;00:20;13;00:40;
S2025;3657;27.0;188.32;7.6;0;0;0;6;08:00;0.0;0.0;0.25;0.25;ECOPORTO;35;BERÇO CORTE;6;08:15;6;08:35;6;08:35;6;08:40;6;08:40;6;08:45;6;08:45;6;08:50;6;08:50;6;08:55;6;08:55;6;09:00;6;09:00;6;09:05;6;09:05;6;09:10;6;09:10;6;09:15;6;09:15;6;09:20;6;09:20;6;09:25;6;09:25;6;09:40;;;;;;;;;;;;;;;;;;;;;6;09:40;6;09:40;15;06:40;;;;;;;;;;;;;;;;;;;;;;;;;;;;;;;;;;;;;;;;;;;;;;;;;;;;;;;;;;;;;;;;;;;;;;;
S2025;3658;36.0;228.99;14.2;0;0;0;6;11:18;9.08;102.92;1.5;113.5;TERMAG;57;BERÇO TERMAG;11;04:50;11;05:10;11;05:10;11;05:15;11;05:15;11;05:20;11;05:20;11;05:25;11;05:25;11;05:40;;;;;;;;;;;;;;;;;;;;;;;;;;;;;;;;;;;;;;;;;;;;;;;;;11;05:40;11;05:40;16;00:35;;;;;;;;;;;;;;;;;;;;;;;;;;;;;;;;;;;;;;;;;;;;;;;;;;;;;;;;;;;;;;;;;;;;;;;
S2025;3659;32.0;199.99;10.19;0;0;0;6;13:00;8.17;70.0;0.0;78.17;TIPLAM - GSM - I;63;BERÇO TIPLAM 4;9;19:10;9;19:30;9;19:30;9;19:35;9;19:35;9;19:40;9;19:40;9;19:45;9;19:45;9;19:50;9;19:50;9;19:55;9;19:55;9;20:00;9;20:00;9;20:05;9;20:05;9;20:10;9;20:10;9;20:15;9;20:15;9;20:20;9;20:20;9;20:25;9;20:25;9;20:30;9;20:30;9;20:35;9;20:35;9;20:40;9;20:40;9;21:00;9;21:00;9;21:15;9;21:15;9;21:15;14;23:20;;;;;;;;;;;;;;;;;;;;;;;;;;;;;;;;;;;;;;;;;;;;;;;;;;;;;;;;;;;;;;;;;;;;;;;
S2025;3660;32.0;229.0;11.28;0;0;0;6;13:30;16.5;125.67;4.75;146.92;TIPLAM - GSM - I;61;BERÇO TIPLAM 2;12;16:25;12;16:45;12;16:45;12;16:50;12;16:50;12;16:55;12;16:55;12;17:00;12;17:00;12;17:05;12;17:05;12;17:10;12;17:10;12;17:15;12;17:15;12;17:20;12;17:20;12;17:25;12;17:25;12;17:30;12;17:30;12;17:35;12;17:35;12;17:40;12;17:40;12;17:45;12;17:45;12;17:50;12;17:50;12;17:55;12;17:55;12;18:15;12;18:15;12;18:30;12;18:30;12;18:30;19;19:30;;;;;;;;;;;;;;;;;;;;;;;;;;;;;;;;;;;;;;;;;;;;;;;;;;;;;;;;;;;;;;;;;;;;;;;
S2025;3675;32.0;229.0;7.25;0;0;0;6;21:48;51.17;54.17;2.08;107.42;TEG;56;BERÇO TEG;11;09:15;11;09:35;11;09:35;11;09:40;11;09:40;11;09:45;11;09:45;11;09:50;11;09:50;11;10:25;;;;;;;;;;;;;;;;;;;;;;;;;;;;;;;;;;;;;;;;;;;;;;;;;11;10:25;11;10:25;14;17:00;;;;;;;;;;;;;;;;;;;;;;;;;;;;;;;;;;;;;;;;;;;;;;;;;;;;;;;;;;;;;;;;;;;;;;;
S2025;3680;32.0;189.99;12.15;0;0;0;7;08:01;16.42;93.17;6.92;116.5;TIPLAM - GSM - I;60;BERÇO TIPLAM 1;12;04:35;12;04:55;12;04:55;12;05:00;12;05:00;12;05:05;12;05:05;12;05:10;12;05:10;12;05:15;12;05:15;12;05:20;12;05:20;12;05:25;12;05:25;12;05:30;12;05:30;12;05:35;12;05:35;12;05:40;12;05:40;12;05:45;12;05:45;12;05:50;12;05:50;12;05:55;12;05:55;12;06:00;12;06:00;12;06:05;12;06:05;12;06:25;12;06:25;12;07:10;12;07:10;12;07:10;19;20:30;;;;;;;;;;;;;;;;;;;;;;;;;;;;;;;;;;;;;;;;;;;;;;;;;;;;;;;;;;;;;;;;;;;;;;;
S2025;3686;32.0;225.0;7.0;0;0;0;7;13:00;27.25;54.42;0.0;81.67;TEAG;51;BERÇO TEAG;10;22:40;10;23:00;10;23:00;10;23:05;10;23:05;10;23:10;10;23:10;10;23:15;10;23:15;10;23:50;;;;;;;;;;;;;;;;;;;;;;;;;;;;;;;;;;;;;;;;;;;;;;;;;10;23:50;10;23:50;13;08:50;13;14:00;;;;;;;;;;;;;;;;;;;;;;;;;;;;;;;;;;;;;;;;;;;;;;;;;13;14:00;13;14:10;13;14:10;13;14:15;13;14:15;13;14:20;13;14:20;13;14:25;13;14:25;13;14:45;
S2025;3691;32.0;199.99;11.7;0;0;0;7;21:00;0.92;13.33;4.08;18.33;OUTROS_MACUCO;27;BERÇO ARM 35P2;8;15:20;8;15:40;8;15:40;8;15:45;8;15:45;8;15:50;8;15:50;8;15:55;8;15:55;8;16:00;8;16:00;8;16:15;;;;;;;;;;;;;;;;;;;;;;;;;;;;;;;;;;;;;;;;;;;;;8;16:15;8;16:15;20;04:55;;;;;;;;;;;;;;;;;;;;;;;;;;;;;;;;;;;;;;;;;;;;;;;;;;;;;;;;;;;;;;;;;;;;;;;
S2025;3699;32.0;228.94;7.3;0;0;0;8;11:48;9.5;84.08;9.58;103.17;TGG;59;BERÇO TGG;12;19:00;12;19:20;12;19:20;12;19:25;12;19:25;12;19:30;12;19:30;12;19:35;12;19:35;12;20:10;;;;;;;;;;;;;;;;;;;;;;;;;;;;;;;;;;;;;;;;;;;;;;;;;12;20:10;12;20:10;14;02:50;;;;;;;;;;;;;;;;;;;;;;;;;;;;;;;;;;;;;;;;;;;;;;;;;;;;;;;;;;;;;;;;;;;;;;;
S2025;3702;32.0;229.0;7.2;0;0;0;8;14:02;20.33;13.25;3.75;37.33;TGRAO;72;BERÇO OUT 3;10;03:25;10;03:45;10;03:45;10;03:50;10;03:50;10;03:55;10;03:55;10;04:00;10;04:00;10;04:05;10;04:05;10;04:10;10;04:10;10;04:45;;;;;;;;;;;;;;;;;;;;;;;;;;;;;;;;;;;;;;;;;10;04:45;10;04:45;13;18:10;13;20:45;;;;;;;;;;;;;;;;;;;;;;;;;;;;;;;;;;;;;;;;;13;20:45;13;20:55;13;20:55;13;21:00;13;21:00;13;21:05;13;21:05;13;21:10;13;21:10;13;21:15;13;21:15;13;21:20;13;21:20;13;21:40;
S2025;3720;30.0;179.99;6.9;0;0;0;9;13:00;0.0;0.0;0.25;0.25;NST - GL;20;BERÇO ARM 30;9;13:15;9;13:35;9;13:35;9;13:40;9;13:40;9;13:45;9;13:45;9;13:50;9;13:50;9;13:55;9;13:55;9;14:30;;;;;;;;;;;;;;;;;;;;;;;;;;;;;;;;;;;;;;;;;;;;;9;14:30;9;14:30;16;16:40;;;;;;;;;;;;;;;;;;;;;;;;;;;;;;;;;;;;;;;;;;;;;;;;;;;;;;;;;;;;;;;;;;;;;;;
S2025;3722;32.0;201.8;8.0;0;0;0;9;14:30;0.0;0.0;0.25;0.25;DPW - CGNC;44;BERÇO DPW 3;9;14:45;9;15:05;9;15:05;9;15:10;9;15:10;9;15:15;9;15:15;9;15:20;9;15:20;9;15:25;9;15:25;9;15:30;9;15:30;9;15:35;9;15:35;9;15:40;9;15:40;9;15:45;9;15:45;9;16:20;;;;;;;;;;;;;;;;;;;;;;;;;;;;;9;16:20;9;16:20;13;06:10;13;12:25;;;;;;;;;;;;;;;;;;;;;;;;;;;;;13;12:25;13;12:35;13;12:35;13;12:40;13;12:40;13;12:45;13;12:45;13;12:50;13;12:50;13;12:55;13;12:55;13;13:00;13;13:00;13;13:05;13;13:05;13;13:10;13;13:10;13;13:15;13;13:15;13;13:35;
S2025;3727;32.0;183.88;10.4;0;0;0;9;22:00;1.42;4.0;1.67;7.08;AGEO_TERMINAIS;1;BERÇO Ageo I;10;05:05;10;05:25;10;05:25;10;05:30;10;05:30;10;05:35;10;05:35;10;05:40;10;05:40;10;05:45;10;05:45;10;05:50;10;05:50;10;05:55;10;05:55;10;06:00;10;06:00;10;06:05;10;06:05;10;06:10;10;06:10;10;06:15;10;06:15;10;06:30;;;;;;;;;;;;;;;;;;;;;10;06:30;10;06:30;13;08:35;13;10:05;;;;;;;;;;;;;;;;;;;;;13;10:05;13;10:35;13;10:35;13;10:40;13;10:40;13;10:45;13;10:45;13;10:50;13;10:50;13;10:55;13;10:55;13;11:00;13;11:00;13;11:05;13;11:05;13;11:10;13;11:10;13;11:15;13;11:15;13;11:20;13;11:20;13;11:25;13;11:25;13;11:45;
S2025;3735;48.0;299.95;12.0;0;0;0;10;13:45;12.67;9.92;0.08;22.67;BTP;32;BERÇO BTP 1;11;12:25;11;12:45;11;12:45;11;12:50;11;12:50;11;12:55;11;12:55;11;13:00;11;13:00;11;13:05;11;13:05;11;13:10;11;13:10;11;13:15;11;13:15;11;13:20;11;13:20;11;13:25;11;13:25;11;13:30;11;13:30;11;13:35;11;13:35;11;13:40;11;13:40;11;14:15;;;;;;;;;;;;;;;;;11;14:15;11;14:15;12;21:10;13;01:45;;;;;;;;;;;;;;;;;13;01:45;13;01:55;13;01:55;13;02:00;13;02:00;13;02:05;13;02:05;13;02:10;13;02:10;13;02:15;13;02:15;13;02:20;13;02:20;13;02:25;13;02:25;13;02:30;13;02:30;13;02:35;13;02:35;13;02:40;13;02:40;13;02:45;13;02:45;13;02:50;13;02:50;13;03:10;
S2025;3737;19.0;87.9;5.1;0;0;0;10;14:50;0.0;0.0;0.17;0.17;SAIPEM;48;BERÇO SAIPEM 1;10;15:00;10;15:20;10;15:20;10;15:55;;;;;;;;;;;;;;;;;;;;;;;;;;;;;;;;;;;;;;;;;;;;;;;;;;;;;;;;;;;;;10;15:55;10;15:55;13;00:00;13;01:10;;;;;;;;;;;;;;;;;;;;;;;;;;;;;;;;;;;;;;;;;;;;;;;;;;;;;;;;;;;;;13;01:10;13;01:20;13;01:20;13;01:40;
S2025;3738;48.0;299.99;12.4;0;0;0;10;21:06;8.0;19.33;0.0;27.33;ECOPORTO;34;BERÇO BTP 3;12;00:30;12;00:50;12;00:50;12;00:55;12;00:55;12;01:00;12;01:00;12;01:05;12;01:05;12;01:10;12;01:10;12;01:15;12;01:15;12;01:20;12;01:20;12;01:25;12;01:25;12;01:30;12;01:30;12;01:35;12;01:35;12;01:40;12;01:40;12;01:45;12;01:45;12;02:00;;;;;;;;;;;;;;;;;12;02:00;12;02:00;13;06:35;13;07:10;;;;;;;;;;;;;;;;;13;07:10;13;07:40;13;07:40;13;07:45;13;07:45;13;07:50;13;07:50;13;07:55;13;07:55;13;08:00;13;08:00;13;08:05;13;08:05;13;08:10;13;08:10;13;08:15;13;08:15;13;08:20;13;08:20;13;08:25;13;08:25;13;08:30;13;08:30;13;08:35;13;08:35;13;08:55;
S2025;3740;32.0;204.88;7.8;0;0;0;10;22:40;1.33;0.0;1.75;3.08;CITROSUCO;18;BERÇO ARM 29;11;01:45;11;02:05;11;02:05;11;02:10;11;02:10;11;02:15;11;02:15;11;02:20;11;02:20;11;02:25;11;02:25;11;02:30;11;02:30;11;03:05;;;;;;;;;;;;;;;;;;;;;;;;;;;;;;;;;;;;;;;;;11;03:05;11;03:05;14;03:55;;;;;;;;;;;;;;;;;;;;;;;;;;;;;;;;;;;;;;;;;;;;;;;;;;;;;;;;;;;;;;;;;;;;;;;
S2025;3742;32.0;183.24;10.9;0;0;0;11;00:01;0.0;0.0;5.17;5.17;STOLTHAVEN;3;BERÇO AL 02;11;05:15;11;05:35;11;05:35;11;05:40;11;05:40;11;05:45;11;05:45;11;05:50;11;05:50;11;05:55;11;05:55;11;06:00;11;06:00;11;06:05;11;06:05;11;06:10;11;06:10;11;06:15;11;06:15;11;06:20;11;06:20;11;06:25;11;06:25;11;06:30;11;06:30;11;06:35;11;06:35;11;06:50;;;;;;;;;;;;;11;06:50;11;06:50;14;17:15;;;;;;;;;;;;;;;;;;;;;;;;;;;;;;;;;;;;;;;;;;;;;;;;;;;;;;;;;;;;;;;;;;;;;;;
S2025;3744;21.0;139.95;7.7;0;0;0;11;01:40;0.0;14.17;0.0;14.17;AGEO_TERMINAIS;77;BERÇO IB OE;11;15:50;11;16:10;11;16:10;11;16:15;11;16:15;11;16:20;11;16:20;11;16:25;11;16:25;11;16:30;11;16:30;11;16:35;11;16:35;11;16:40;11;16:40;11;16:45;11;16:45;11;16:50;11;16:50;11;16:55;11;16:55;11;17:00;11;17:00;11;17:15;;;;;;;;;;;;;;;;;;;;;11;17:15;11;17:15;13;13:40;13;19:40;;;;;;;;;;;;;;;;;;;;;13;19:40;13;20:10;13;20:10;13;20:15;13;20:15;13;20:20;13;20:20;13;20:25;13;20:25;13;20:30;13;20:30;13;20:35;13;20:35;13;20:40;13;20:40;13;20:45;13;20:45;13;20:50;13;20:50;13;20:55;13;20:55;13;21:00;13;21:00;13;21:20;
S2025;3747;28.0;189.99;10.64;0;0;0;11;08:48;4.83;0.0;0.0;4.83;OUTROS_SABOO;36;BERÇO CS 01;11;13:40;11;14:00;11;14:00;11;14:05;11;14:05;11;14:10;11;14:10;11;14:15;11;14:15;11;14:20;11;14:20;11;14:25;11;14:25;11;14:30;11;14:30;11;14:35;11;14:35;11;14:40;11;14:40;11;14:45;11;14:45;11;14:50;11;14:50;11;15:05;;;;;;;;;;;;;;;;;;;;;11;15:05;11;15:05;17;22:40;;;;;;;;;;;;;;;;;;;;;;;;;;;;;;;;;;;;;;;;;;;;;;;;;;;;;;;;;;;;;;;;;;;;;;;
S2025;3749;32.0;194.94;10.5;0;0;0;11;11:12;0.0;0.0;1.42;1.42;OUTROS_MACUCO;23;BERÇO ARM 32;11;12:40;11;13:00;11;13:00;11;13:05;11;13:05;11;13:10;11;13:10;11;13:15;11;13:15;11;13:20;11;13:20;11;13:35;;;;;;;;;;;;;;;;;;;;;;;;;;;;;;;;;;;;;;;;;;;;;11;13:35;11;13:35;14;23:20;;;;;;;;;;;;;;;;;;;;;;;;;;;;;;;;;;;;;;;;;;;;;;;;;;;;;;;;;;;;;;;;;;;;;;;
S2025;3751;35.0;185.97;7.6;0;0;0;11;14:30;1.33;13.0;0.0;14.33;DPW - CGC;42;BERÇO DPW 1;12;04:50;12;05:10;12;05:10;12;05:15;12;05:15;12;05:20;12;05:20;12;05:25;12;05:25;12;05:30;12;05:30;12;05:35;12;05:35;12;05:40;12;05:40;12;05:45;12;05:45;12;05:50;12;05:50;12;05:55;12;05:55;12;06:10;;;;;;;;;;;;;;;;;;;;;;;;;12;06:10;12;06:10;13;07:00;13;07:05;;;;;;;;;;;;;;;;;;;;;;;;;13;07:05;13;07:35;13;07:35;13;07:40;13;07:40;13;07:45;13;07:45;13;07:50;13;07:50;13;07:55;13;07:55;13;08:00;13;08:00;13;08:05;13;08:05;13;08:10;13;08:10;13;08:15;13;08:15;13;08:20;13;08:20;13;08:40;
S2025;3753;48.0;329.8;9.8;0;0;0;11;15:00;2.25;27.33;0.17;29.75;DPW - CGC;43;BERÇO DPW 2;12;20:45;12;21:05;12;21:05;12;21:10;12;21:10;12;21:15;12;21:15;12;21:20;12;21:20;12;21:25;12;21:25;12;21:30;12;21:30;12;21:35;12;21:35;12;21:40;12;21:40;12;21:45;12;21:45;12;21:50;12;21:50;12;22:05;;;;;;;;;;;;;;;;;;;;;;;;;12;22:05;12;22:05;14;09:50;;;;;;;;;;;;;;;;;;;;;;;;;;;;;;;;;;;;;;;;;;;;;;;;;;;;;;;;;;;;;;;;;;;;;;;
S2025;3757;51.0;336.0;10.4;0;0;0;11;20:18;0.0;0.0;0.0;0.0;SANTOSBR;54;BERÇO TECON 2;11;20:20;11;20:40;11;20:40;11;20:45;11;20:45;11;20:50;11;20:50;11;20:55;11;20:55;11;21:00;11;21:00;11;21:15;;;;;;;;;;;;;;;;;;;;;;;;;;;;;;;;;;;;;;;;;;;;;11;21:15;11;21:15;13;20:35;;;;;;;;;;;;;;;;;;;;;;;;;;;;;;;;;;;;;;;;;;;;;;;;;;;;;;;;;;;;;;;;;;;;;;;
S2025;3758;33.0;189.99;11.0;0;0;0;11;22:00;1.08;0.0;0.92;2.0;HIDROVIAS;15;BERÇO ARM 22/23;12;00:00;12;00:20;12;00:20;12;00:25;12;00:25;12;00:30;12;00:30;12;00:35;12;00:35;12;00:40;12;00:40;12;00:45;12;00:45;12;00:50;12;00:50;12;01:05;;;;;;;;;;;;;;;;;;;;;;;;;;;;;;;;;;;;;12;01:05;12;01:05;13;15:25;13;20:40;;;;;;;;;;;;;;;;;;;;;;;;;;;;;;;;;;;;;13;20:40;13;21:10;13;21:10;13;21:15;13;21:15;13;21:20;13;21:20;13;21:25;13;21:25;13;21:30;13;21:30;13;21:35;13;21:35;13;21:40;13;21:40;13;22:00;
S2025;3760;32.0;179.95;7.12;0;0;0;11;22:30;1.25;6.75;2.83;10.83;ELDORADO;21;BERÇO ARM 31;12;09:20;12;09:40;12;09:40;12;09:45;12;09:45;12;09:50;12;09:50;12;09:55;12;09:55;12;10:00;12;10:00;12;10:35;;;;;;;;;;;;;;;;;;;;;;;;;;;;;;;;;;;;;;;;;;;;;12;10:35;12;10:35;14;12:10;;;;;;;;;;;;;;;;;;;;;;;;;;;;;;;;;;;;;;;;;;;;;;;;;;;;;;;;;;;;;;;;;;;;;;;
S2025;3761;30.0;197.2;7.8;0;0;0;11;22:42;1.25;5.08;0.0;6.33;SANTOSBR;53;BERÇO TECON 1.2;12;05:05;12;05:25;12;05:25;12;05:30;12;05:30;12;05:35;12;05:35;12;05:40;12;05:40;12;05:45;12;05:45;12;06:20;;;;;;;;;;;;;;;;;;;;;;;;;;;;;;;;;;;;;;;;;;;;;12;06:20;12;06:20;13;15:05;13;15:50;;;;;;;;;;;;;;;;;;;;;;;;;;;;;;;;;;;;;;;;;;;;;13;15:50;13;16:00;13;16:00;13;16:05;13;16:05;13;16:10;13;16:10;13;16:15;13;16:15;13;16:20;13;16:20;13;16:40;
S2025;3762;17.0;75.2;4.15;0;0;0;12;00:00;0.0;0.0;0.75;0.75;SAIPEM;49;BERÇO SAIPEM 2;12;00:45;12;01:05;12;01:05;12;01:40;;;;;;;;;;;;;;;;;;;;;;;;;;;;;;;;;;;;;;;;;;;;;;;;;;;;;;;;;;;;;12;01:40;12;01:40;13;13:55;13;13:55;;;;;;;;;;;;;;;;;;;;;;;;;;;;;;;;;;;;;;;;;;;;;;;;;;;;;;;;;;;;;13;13:55;13;14:05;13;14:05;13;14:25;
S2025;3763;32.0;213.88;8.9;0;0;0;12;06:00;0.0;0.0;2.5;2.5;ECOPORTO;39;BERÇO CS 04;12;08:30;12;08:50;12;08:50;12;08:55;12;08:55;12;09:00;12;09:00;12;09:05;12;09:05;12;09:10;12;09:10;12;09:15;12;09:15;12;09:20;12;09:20;12;09:25;12;09:25;12;09:30;12;09:30;12;09:35;12;09:35;12;09:40;12;09:40;12;10:15;;;;;;;;;;;;;;;;;;;;;12;10:15;12;10:15;14;07:45;;;;;;;;;;;;;;;;;;;;;;;;;;;;;;;;;;;;;;;;;;;;;;;;;;;;;;;;;;;;;;;;;;;;;;;
S2025;3764;28.0;186.35;9.5;0;0;0;12;06:54;0.0;0.0;0.67;0.67;BTP;33;BERÇO BTP 2;12;07:35;12;07:55;12;07:55;12;08:00;12;08:00;12;08:05;12;08:05;12;08:10;12;08:10;12;08:15;12;08:15;12;08:20;12;08:20;12;08:25;12;08:25;12;08:30;12;08:30;12;08:35;12;08:35;12;08:40;12;08:40;12;08:45;12;08:45;12;08:50;12;08:50;12;09:25;;;;;;;;;;;;;;;;;12;09:25;12;09:25;13;01:25;13;01:30;;;;;;;;;;;;;;;;;13;01:30;13;01:40;13;01:40;13;01:45;13;01:45;13;01:50;13;01:50;13;01:55;13;01:55;13;02:00;13;02:00;13;02:05;13;02:05;13;02:10;13;02:10;13;02:15;13;02:15;13;02:20;13;02:20;13;02:25;13;02:25;13;02:30;13;02:30;13;02:35;13;02:35;13;02:55;
S2025;3766;24.0;146.5;9.5;0;0;0;12;08:15;0.0;0.0;0.0;0.0;ULTRACARGO;4;BERÇO AL 03;12;08:15;12;08:35;12;08:35;12;08:40;12;08:40;12;08:45;12;08:45;12;08:50;12;08:50;12;08:55;12;08:55;12;09:00;12;09:00;12;09:05;12;09:05;12;09:10;12;09:10;12;09:15;12;09:15;12;09:20;12;09:20;12;09:25;12;09:25;12;09:30;12;09:30;12;09:35;12;09:35;12;09:50;;;;;;;;;;;;;12;09:50;12;09:50;14;22:20;;;;;;;;;;;;;;;;;;;;;;;;;;;;;;;;;;;;;;;;;;;;;;;;;;;;;;;;;;;;;;;;;;;;;;;
S2025;3768;30.0;222.15;10.2;0;0;0;12;11:12;0.0;0.75;0.0;0.75;SANTOSBR;52;BERÇO TECON 1.1;12;12:00;12;12:20;12;12:20;12;12:25;12;12:25;12;12:30;12;12:30;12;12:35;12;12:35;12;12:40;12;12:40;12;12:55;;;;;;;;;;;;;;;;;;;;;;;;;;;;;;;;;;;;;;;;;;;;;12;12:55;12;12:55;13;07:15;13;07:15;;;;;;;;;;;;;;;;;;;;;;;;;;;;;;;;;;;;;;;;;;;;;13;07:15;13;07:45;13;07:45;13;07:50;13;07:50;13;07:55;13;07:55;13;08:00;13;08:00;13;08:05;13;08:05;13;08:25;
S2025;3769;32.0;228.99;10.09;0;0;0;12;12:32;0.0;0.0;1.33;1.33;CUTRALE - GSA - E;40;BERÇO CUTRALE;12;13:55;12;14:15;12;14:15;12;14:20;12;14:20;12;14:25;12;14:25;12;15:00;;;;;;;;;;;;;;;;;;;;;;;;;;;;;;;;;;;;;;;;;;;;;;;;;;;;;12;15:00;12;15:00;14;02:25;;;;;;;;;;;;;;;;;;;;;;;;;;;;;;;;;;;;;;;;;;;;;;;;;;;;;;;;;;;;;;;;;;;;;;;
S2025;3770;43.0;270.9;10.3;0;0;0;12;13:30;0.0;0.17;0.0;0.17;SANTOSBR;55;BERÇO TECON 3;12;13:40;12;14:00;12;14:00;12;14:05;12;14:05;12;14:10;12;14:10;12;14:15;12;14:15;12;14:20;12;14:20;12;14:35;;;;;;;;;;;;;;;;;;;;;;;;;;;;;;;;;;;;;;;;;;;;;12;14:35;12;14:35;13;03:00;13;06:40;;;;;;;;;;;;;;;;;;;;;;;;;;;;;;;;;;;;;;;;;;;;;13;06:40;13;07:10;13;07:10;13;07:15;13;07:15;13;07:20;13;07:20;13;07:25;13;07:25;13;07:30;13;07:30;13;07:50;
S2025;3773;32.0;183.06;9.7;0;0;0;12;16:20;0.0;0.0;0.5;0.5;AGEO_TERMINAIS;46;BERÇO IB BC;12;16:50;12;17:10;12;17:10;12;17:15;12;17:15;12;17:20;12;17:20;12;17:25;12;17:25;12;17:30;12;17:30;12;17:35;12;17:35;12;17:40;12;17:40;12;17:45;12;17:45;12;17:50;12;17:50;12;17:55;12;17:55;12;18:00;12;18:00;12;18:15;;;;;;;;;;;;;;;;;;;;;12;18:15;12;18:15;14;12:05;;;;;;;;;;;;;;;;;;;;;;;;;;;;;;;;;;;;;;;;;;;;;;;;;;;;;;;;;;;;;;;;;;;;;;;
S2025;3775;18.0;85.34;4.6;0;0;0;12;20:00;0.0;0.0;1.0;1.0;SAIPEM;50;BERÇO SAIPEM 3;12;21:00;12;21:20;12;21:20;12;21:55;;;;;;;;;;;;;;;;;;;;;;;;;;;;;;;;;;;;;;;;;;;;;;;;;;;;;;;;;;;;;12;21:55;12;21:55;14;04:45;;;;;;;;;;;;;;;;;;;;;;;;;;;;;;;;;;;;;;;;;;;;;;;;;;;;;;;;;;;;;;;;;;;;;;;
S2025;3513;32.0;189.99;6.77;0;0;0;-3;09:54;115.42;123.25;139.0;377.67;ELEVACOES;12;BERÇO ARM 16/17;13;03:35;13;03:55;13;03:55;13;04:00;13;04:00;13;04:05;13;04:05;13;04:10;13;04:10;13;04:15;13;04:15;13;04:20;13;04:20;13;04:25;13;04:25;13;04:30;13;04:30;13;05:05;;;;;;;;;;;;;;;;;;;;;;;;;;;;;;;;;13;05:05;13;05:05;15;06:00;;;;;;;;;;;;;;;;;;;;;;;;;;;;;;;;;;;;;;;;;;;;;;;;;;;;;;;;;;;;;;;;;;;;;;;
S2025;3665;37.0;209.99;10.94;0;0;0;6;15:00;12.5;140.58;0.83;153.92;TES;29;BERÇO ARM 38;13;00:55;13;01:15;13;01:15;13;01:20;13;01:20;13;01:25;13;01:25;13;02:00;;;;;;;;;;;;;;;;;;;;;;;;;;;;;;;;;;;;;;;;;;;;;;;;;;;;;13;02:00;13;02:00;13;18:45;13;18:45;;;;;;;;;;;;;;;;;;;;;;;;;;;;;;;;;;;;;;;;;;;;;;;;;;;;;13;18:45;13;18:55;13;18:55;13;19:00;13;19:00;13;19:05;13;19:05;13;19:25;
S2025;3736;36.0;227.2;9.85;0;0;0;10;14:00;43.08;33.58;0.92;77.58;TES;29;BERÇO ARM 38;13;19:35;13;19:55;13;19:55;13;20:00;13;20:00;13;20:05;13;20:05;13;20:40;;;;;;;;;;;;;;;;;;;;;;;;;;;;;;;;;;;;;;;;;;;;;;;;;;;;;13;20:40;13;20:40;14;16:35;;;;;;;;;;;;;;;;;;;;;;;;;;;;;;;;;;;;;;;;;;;;;;;;;;;;;;;;;;;;;;;;;;;;;;;
S2025;3714;32.0;179.95;7.46;0;0;0;9;04:15;6.75;100.92;0.0;107.67;TEAG;51;BERÇO TEAG;13;15:55;13;16:15;13;16:15;13;16:20;13;16:20;13;16:25;13;16:25;13;16:30;13;16:30;13;17:05;;;;;;;;;;;;;;;;;;;;;;;;;;;;;;;;;;;;;;;;;;;;;;;;;13;17:05;13;17:05;16;03:35;;;;;;;;;;;;;;;;;;;;;;;;;;;;;;;;;;;;;;;;;;;;;;;;;;;;;;;;;;;;;;;;;;;;;;;
S2025;3754;32.0;199.9;6.95;0;0;0;11;16:00;10.42;23.5;1.92;35.83;COPESUCAR;14;BERÇO ARM 20/21;13;03:50;13;04:10;13;04:10;13;04:15;13;04:15;13;04:20;13;04:20;13;04:25;13;04:25;13;04:30;13;04:30;13;04:35;13;04:35;13;04:40;13;04:40;13;05:15;;;;;;;;;;;;;;;;;;;;;;;;;;;;;;;;;;;;;13;05:15;13;05:15;15;11:40;;;;;;;;;;;;;;;;;;;;;;;;;;;;;;;;;;;;;;;;;;;;;;;;;;;;;;;;;;;;;;;;;;;;;;;
S2025;3765;48.0;299.91;11.8;0;0;0;12;08:06;1.5;14.67;4.5;20.67;BTP;33;BERÇO BTP 2;13;04:50;13;05:10;13;05:10;13;05:15;13;05:15;13;05:20;13;05:20;13;05:25;13;05:25;13;05:30;13;05:30;13;05:35;13;05:35;13;05:40;13;05:40;13;05:45;13;05:45;13;05:50;13;05:50;13;05:55;13;05:55;13;06:00;13;06:00;13;06:05;13;06:05;13;06:20;;;;;;;;;;;;;;;;;13;06:20;13;06:20;15;20:25;;;;;;;;;;;;;;;;;;;;;;;;;;;;;;;;;;;;;;;;;;;;;;;;;;;;;;;;;;;;;;;;;;;;;;;
S2025;3767;42.0;300.07;9.95;0;0;0;12;08:40;1.83;14.33;4.58;20.75;BTP;34;BERÇO BTP 3;13;05:25;13;05:45;13;05:45;13;05:50;13;05:50;13;05:55;13;05:55;13;06:00;13;06:00;13;06:05;13;06:05;13;06:10;13;06:10;13;06:15;13;06:15;13;06:20;13;06:20;13;06:25;13;06:25;13;06:30;13;06:30;13;06:35;13;06:35;13;06:40;13;06:40;13;07:15;;;;;;;;;;;;;;;;;13;07:15;13;07:15;14;04:40;;;;;;;;;;;;;;;;;;;;;;;;;;;;;;;;;;;;;;;;;;;;;;;;;;;;;;;;;;;;;;;;;;;;;;;
S2025;3776;48.0;335.98;13.6;0;0;0;12;20:30;1.5;3.58;2.92;8.0;BTP;32;BERÇO BTP 1;13;04:30;13;04:50;13;04:50;13;04:55;13;04:55;13;05:00;13;05:00;13;05:05;13;05:05;13;05:10;13;05:10;13;05:15;13;05:15;13;05:20;13;05:20;13;05:25;13;05:25;13;05:30;13;05:30;13;05:35;13;05:35;13;05:40;13;05:40;13;05:45;13;05:45;13;06:00;;;;;;;;;;;;;;;;;13;06:00;13;06:00;14;18:40;;;;;;;;;;;;;;;;;;;;;;;;;;;;;;;;;;;;;;;;;;;;;;;;;;;;;;;;;;;;;;;;;;;;;;;
S2025;3772;40.0;272.08;10.9;0;0;0;12;16:16;1.33;12.17;0.0;13.5;DPW - CGC;42;BERÇO DPW 1;13;05:50;13;06:10;13;06:10;13;06:15;13;06:15;13;06:20;13;06:20;13;06:25;13;06:25;13;06:30;13;06:30;13;06:35;13;06:35;13;06:40;13;06:40;13;06:45;13;06:45;13;06:50;13;06:50;13;06:55;13;06:55;13;07:10;;;;;;;;;;;;;;;;;;;;;;;;;13;07:10;13;07:10;14;10:10;;;;;;;;;;;;;;;;;;;;;;;;;;;;;;;;;;;;;;;;;;;;;;;;;;;;;;;;;;;;;;;;;;;;;;;
S2025;3774;30.0;218.45;11.0;0;0;0;12;19:30;0.92;10.33;2.5;13.75;SANTOSBR;52;BERÇO TECON 1.1;13;09:15;13;09:35;13;09:35;13;09:40;13;09:40;13;09:45;13;09:45;13;09:50;13;09:50;13;09:55;13;09:55;13;10:10;;;;;;;;;;;;;;;;;;;;;;;;;;;;;;;;;;;;;;;;;;;;;13;10:10;13;10:10;14;04:20;;;;;;;;;;;;;;;;;;;;;;;;;;;;;;;;;;;;;;;;;;;;;;;;;;;;;;;;;;;;;;;;;;;;;;;
S2025;3778;40.0;293.18;9.4;0;0;0;13;01:00;0.0;8.75;5.17;13.92;SANTOSBR;53;BERÇO TECON 1.2;13;14:55;13;15:15;13;15:15;13;15:20;13;15:20;13;15:25;13;15:25;13;15:30;13;15:30;13;15:35;13;15:35;13;16:10;;;;;;;;;;;;;;;;;;;;;;;;;;;;;;;;;;;;;;;;;;;;;13;16:10;13;16:10;14;16:40;;;;;;;;;;;;;;;;;;;;;;;;;;;;;;;;;;;;;;;;;;;;;;;;;;;;;;;;;;;;;;;;;;;;;;;
S2025;3779;34.0;185.97;9.2;0;0;0;13;05:00;0.0;1.75;4.25;6.0;SANTOSBR;55;BERÇO TECON 3;13;11:00;13;11:20;13;11:20;13;11:25;13;11:25;13;11:30;13;11:30;13;11:35;13;11:35;13;11:40;13;11:40;13;11:55;;;;;;;;;;;;;;;;;;;;;;;;;;;;;;;;;;;;;;;;;;;;;13;11:55;13;11:55;14;10:25;;;;;;;;;;;;;;;;;;;;;;;;;;;;;;;;;;;;;;;;;;;;;;;;;;;;;;;;;;;;;;;;;;;;;;;
S2025;3777;31.0;176.0;8.4;0;0;1;12;23:12;0.75;0.0;4.08;4.83;TEV;58;BERÇO TEV;13;04:05;13;04:25;13;04:25;13;04:30;13;04:30;13;04:35;13;04:35;13;04:40;13;04:40;13;04:45;13;04:45;13;04:50;13;04:50;13;05:05;;;;;;;;;;;;;;;;;;;;;;;;;;;;;;;;;;;;;;;;;13;05:05;13;05:05;13;16:00;13;16:35;;;;;;;;;;;;;;;;;;;;;;;;;;;;;;;;;;;;;;;;;13;16:35;13;17:05;13;17:05;13;17:10;13;17:10;13;17:15;13;17:15;13;17:20;13;17:20;13;17:25;13;17:25;13;17:30;13;17:30;13;17:50;
S2025;3787;37.0;199.98;8.3;0;0;1;13;11:24;0.0;6.5;0.0;6.5;TEV;58;BERÇO TEV;13;17:55;13;18:15;13;18:15;13;18:20;13;18:20;13;18:25;13;18:25;13;18:30;13;18:30;13;18:35;13;18:35;13;18:40;13;18:40;13;19:15;;;;;;;;;;;;;;;;;;;;;;;;;;;;;;;;;;;;;;;;;13;19:15;13;19:15;15;06:10;;;;;;;;;;;;;;;;;;;;;;;;;;;;;;;;;;;;;;;;;;;;;;;;;;;;;;;;;;;;;;;;;;;;;;;
S2025;3784;32.0;225.0;12.6;0;0;0;13;09:00;0.0;0.0;0.0;0.0;DPW - CGNC;45;BERÇO DPW 4;13;09:00;13;09:20;13;09:20;13;09:25;13;09:25;13;09:30;13;09:30;13;09:35;13;09:35;13;09:40;13;09:40;13;09:45;13;09:45;13;09:50;13;09:50;13;09:55;13;09:55;13;10:00;13;10:00;13;10:35;;;;;;;;;;;;;;;;;;;;;;;;;;;;;13;10:35;13;10:35;14;12:55;;;;;;;;;;;;;;;;;;;;;;;;;;;;;;;;;;;;;;;;;;;;;;;;;;;;;;;;;;;;;;;;;;;;;;;
S2025;3785;32.0;225.0;9.8;0;0;0;13;09:00;0.0;0.0;0.67;0.67;BRACELL;73;BERÇO ARM 35P1;13;09:40;13;10:00;13;10:00;13;10:05;13;10:05;13;10:10;13;10:10;13;10:15;13;10:15;13;10:50;;;;;;;;;;;;;;;;;;;;;;;;;;;;;;;;;;;;;;;;;;;;;;;;;13;10:50;13;10:50;14;12:30;;;;;;;;;;;;;;;;;;;;;;;;;;;;;;;;;;;;;;;;;;;;;;;;;;;;;;;;;;;;;;;;;;;;;;;
S2025;3788;32.0;183.1;8.1;0;0;0;13;11:35;0.0;0.0;0.42;0.42;AGEO_TERMINAIS;1;BERÇO Ageo I;13;12:00;13;12:20;13;12:20;13;12:25;13;12:25;13;12:30;13;12:30;13;12:35;13;12:35;13;12:40;13;12:40;13;12:45;13;12:45;13;12:50;13;12:50;13;12:55;13;12:55;13;13:00;13;13:00;13;13:05;13;13:05;13;13:10;13;13:10;13;13:25;;;;;;;;;;;;;;;;;;;;;13;13:25;13;13:25;15;10:20;;;;;;;;;;;;;;;;;;;;;;;;;;;;;;;;;;;;;;;;;;;;;;;;;;;;;;;;;;;;;;;;;;;;;;;
S2025;3446;33.0;229.0;7.83;0;0;0;-7;02:36;282.83;36.83;95.0;414.67;ELEVACOES;13;BERÇO ARM 19;10;09:20;10;09:40;10;09:40;10;09:45;10;09:45;10;09:50;10;09:50;10;09:55;10;09:55;10;10:00;10;10:00;10;10:05;10;10:05;10;10:10;10;10:10;10;10:45;;;;;;;;;;;;;;;;;;;;;;;;;;;;;;;;;;;;;10;10:45;10;10:45;15;16:10;;;;;;;;;;;;;;;;;;;;;;;;;;;;;;;;;;;;;;;;;;;;;;;;;;;;;;;;;;;;;;;;;;;;;;;
S2025;3513;32.0;189.99;6.77;0;0;0;-3;09:54;115.42;123.25;139.0;377.67;ELEVACOES;12;BERÇO ARM 16/17;13;03:35;13;03:55;13;03:55;13;04:00;13;04:00;13;04:05;13;04:05;13;04:10;13;04:10;13;04:15;13;04:15;13;04:20;13;04:20;13;04:25;13;04:25;13;04:30;13;04:30;13;05:05;;;;;;;;;;;;;;;;;;;;;;;;;;;;;;;;;13;05:05;13;05:05;15;06:00;;;;;;;;;;;;;;;;;;;;;;;;;;;;;;;;;;;;;;;;;;;;;;;;;;;;;;;;;;;;;;;;;;;;;;;
S2025;3557;36.0;227.2;7.54;0;0;0;0;14:42;130.17;112.83;23.0;266.0;XXXIX;28;BERÇO ARM 37;11;16:45;11;17:05;11;17:05;11;17:10;11;17:10;11;17:15;11;17:15;11;17:50;;;;;;;;;;;;;;;;;;;;;;;;;;;;;;;;;;;;;;;;;;;;;;;;;;;;;11;17:50;11;17:50;14;04:50;14;05:10;;;;;;;;;;;;;;;;;;;;;;;;;;;;;;;;;;;;;;;;;;;;;;;;;;;;;14;05:10;14;05:20;14;05:20;14;05:25;14;05:25;14;05:30;14;05:30;14;05:50;
S2025;3598;32.0;224.95;11.6;0;0;0;3;03:15;56.5;93.92;28.83;179.25;COFCO;10;BERÇO ARM 13/14;10;14:30;10;14:50;10;14:50;10;14:55;10;14:55;10;15:00;10;15:00;10;15:05;10;15:05;10;15:10;10;15:10;10;15:15;10;15:15;10;15:20;10;15:20;10;15:25;10;15:25;10;16:00;;;;;;;;;;;;;;;;;;;;;;;;;;;;;;;;;10;16:00;10;16:00;15;10:50;;;;;;;;;;;;;;;;;;;;;;;;;;;;;;;;;;;;;;;;;;;;;;;;;;;;;;;;;;;;;;;;;;;;;;;
S2025;3600;32.0;228.99;6.74;0;0;0;3;06:00;106.58;103.42;18.75;228.75;COFCO;9;BERÇO ARM 12A;12;18:45;12;19:05;12;19:05;12;19:10;12;19:10;12;19:15;12;19:15;12;19:20;12;19:20;12;19:25;12;19:25;12;19:30;12;19:30;12;19:35;12;19:35;12;19:40;12;19:40;12;20:15;;;;;;;;;;;;;;;;;;;;;;;;;;;;;;;;;12;20:15;12;20:15;17;20:55;;;;;;;;;;;;;;;;;;;;;;;;;;;;;;;;;;;;;;;;;;;;;;;;;;;;;;;;;;;;;;;;;;;;;;;
S2025;3604;36.0;236.32;8.2;0;0;0;3;10:50;2.83;0.0;44.58;47.42;ECOPORTO;70;BERÇO VAL;5;10:15;5;10:35;5;10:35;5;10:40;5;10:40;5;10:45;5;10:45;5;10:50;5;10:50;5;10:55;5;10:55;5;11:00;5;11:00;5;11:05;5;11:05;5;11:10;5;11:10;5;11:15;5;11:15;5;11:20;5;11:20;5;11:25;5;11:25;5;11:40;;;;;;;;;;;;;;;;;;;;;5;11:40;5;11:40;6;14:10;;;;;;;;;;;;;;;;;;;;;;;;;;;;;;;;;;;;;;;;;;;;;;;;;;;;;;;;;;;;;;;;;;;;;;;
S2025;3631;32.0;228.95;7.54;0;0;0;4;16:50;25.33;112.25;10.33;147.92;TIPLAM - GSA - E;62;BERÇO TIPLAM 3;10;20:45;10;21:05;10;21:05;10;21:10;10;21:10;10;21:15;10;21:15;10;21:20;10;21:20;10;21:25;10;21:25;10;21:30;10;21:30;10;21:35;10;21:35;10;21:40;10;21:40;10;21:45;10;21:45;10;21:50;10;21:50;10;21:55;10;21:55;10;22:00;10;22:00;10;22:05;10;22:05;10;22:10;10;22:10;10;22:15;10;22:15;10;22:35;10;22:35;10;23:20;10;23:20;10;23:20;15;04:30;;;;;;;;;;;;;;;;;;;;;;;;;;;;;;;;;;;;;;;;;;;;;;;;;;;;;;;;;;;;;;;;;;;;;;;
S2025;3636;32.0;228.99;6.86;0;0;0;4;19:24;88.0;83.42;0.0;171.42;ADM;30;BERÇO ARM 39;11;22:50;11;23:10;11;23:10;11;23:15;11;23:15;11;23:20;11;23:20;11;23:55;;;;;;;;;;;;;;;;;;;;;;;;;;;;;;;;;;;;;;;;;;;;;;;;;;;;;11;23:55;11;23:55;15;05:30;;;;;;;;;;;;;;;;;;;;;;;;;;;;;;;;;;;;;;;;;;;;;;;;;;;;;;;;;;;;;;;;;;;;;;;
S2025;3657;27.0;188.32;7.6;0;0;0;6;08:00;0.0;0.0;0.25;0.25;ECOPORTO;35;BERÇO CORTE;6;08:15;6;08:35;6;08:35;6;08:40;6;08:40;6;08:45;6;08:45;6;08:50;6;08:50;6;08:55;6;08:55;6;09:00;6;09:00;6;09:05;6;09:05;6;09:10;6;09:10;6;09:15;6;09:15;6;09:20;6;09:20;6;09:25;6;09:25;6;09:40;;;;;;;;;;;;;;;;;;;;;6;09:40;6;09:40;15;06:40;;;;;;;;;;;;;;;;;;;;;;;;;;;;;;;;;;;;;;;;;;;;;;;;;;;;;;;;;;;;;;;;;;;;;;;
S2025;3658;36.0;228.99;14.2;0;0;0;6;11:18;9.08;102.92;1.5;113.5;TERMAG;57;BERÇO TERMAG;11;04:50;11;05:10;11;05:10;11;05:15;11;05:15;11;05:20;11;05:20;11;05:25;11;05:25;11;05:40;;;;;;;;;;;;;;;;;;;;;;;;;;;;;;;;;;;;;;;;;;;;;;;;;11;05:40;11;05:40;16;00:35;;;;;;;;;;;;;;;;;;;;;;;;;;;;;;;;;;;;;;;;;;;;;;;;;;;;;;;;;;;;;;;;;;;;;;;
S2025;3659;32.0;199.99;10.19;0;0;0;6;13:00;8.17;70.0;0.0;78.17;TIPLAM - GSM - I;63;BERÇO TIPLAM 4;9;19:10;9;19:30;9;19:30;9;19:35;9;19:35;9;19:40;9;19:40;9;19:45;9;19:45;9;19:50;9;19:50;9;19:55;9;19:55;9;20:00;9;20:00;9;20:05;9;20:05;9;20:10;9;20:10;9;20:15;9;20:15;9;20:20;9;20:20;9;20:25;9;20:25;9;20:30;9;20:30;9;20:35;9;20:35;9;20:40;9;20:40;9;21:00;9;21:00;9;21:15;9;21:15;9;21:15;14;23:20;;;;;;;;;;;;;;;;;;;;;;;;;;;;;;;;;;;;;;;;;;;;;;;;;;;;;;;;;;;;;;;;;;;;;;;
S2025;3660;32.0;229.0;11.28;0;0;0;6;13:30;16.5;125.67;4.75;146.92;TIPLAM - GSM - I;61;BERÇO TIPLAM 2;12;16:25;12;16:45;12;16:45;12;16:50;12;16:50;12;16:55;12;16:55;12;17:00;12;17:00;12;17:05;12;17:05;12;17:10;12;17:10;12;17:15;12;17:15;12;17:20;12;17:20;12;17:25;12;17:25;12;17:30;12;17:30;12;17:35;12;17:35;12;17:40;12;17:40;12;17:45;12;17:45;12;17:50;12;17:50;12;17:55;12;17:55;12;18:15;12;18:15;12;18:30;12;18:30;12;18:30;19;19:30;;;;;;;;;;;;;;;;;;;;;;;;;;;;;;;;;;;;;;;;;;;;;;;;;;;;;;;;;;;;;;;;;;;;;;;
S2025;3675;32.0;229.0;7.25;0;0;0;6;21:48;51.17;54.17;2.08;107.42;TEG;56;BERÇO TEG;11;09:15;11;09:35;11;09:35;11;09:40;11;09:40;11;09:45;11;09:45;11;09:50;11;09:50;11;10:25;;;;;;;;;;;;;;;;;;;;;;;;;;;;;;;;;;;;;;;;;;;;;;;;;11;10:25;11;10:25;14;17:00;14;17:05;;;;;;;;;;;;;;;;;;;;;;;;;;;;;;;;;;;;;;;;;;;;;;;;;14;17:05;14;17:15;14;17:15;14;17:20;14;17:20;14;17:25;14;17:25;14;17:30;14;17:30;14;17:50;
S2025;3680;32.0;189.99;12.15;0;0;0;7;08:01;16.42;93.17;6.92;116.5;TIPLAM - GSM - I;60;BERÇO TIPLAM 1;12;04:35;12;04:55;12;04:55;12;05:00;12;05:00;12;05:05;12;05:05;12;05:10;12;05:10;12;05:15;12;05:15;12;05:20;12;05:20;12;05:25;12;05:25;12;05:30;12;05:30;12;05:35;12;05:35;12;05:40;12;05:40;12;05:45;12;05:45;12;05:50;12;05:50;12;05:55;12;05:55;12;06:00;12;06:00;12;06:05;12;06:05;12;06:25;12;06:25;12;07:10;12;07:10;12;07:10;19;20:30;;;;;;;;;;;;;;;;;;;;;;;;;;;;;;;;;;;;;;;;;;;;;;;;;;;;;;;;;;;;;;;;;;;;;;;
S2025;3691;32.0;199.99;11.7;0;0;0;7;21:00;0.92;13.33;4.08;18.33;OUTROS_MACUCO;27;BERÇO ARM 35P2;8;15:20;8;15:40;8;15:40;8;15:45;8;15:45;8;15:50;8;15:50;8;15:55;8;15:55;8;16:00;8;16:00;8;16:15;;;;;;;;;;;;;;;;;;;;;;;;;;;;;;;;;;;;;;;;;;;;;8;16:15;8;16:15;20;04:55;;;;;;;;;;;;;;;;;;;;;;;;;;;;;;;;;;;;;;;;;;;;;;;;;;;;;;;;;;;;;;;;;;;;;;;
S2025;3699;32.0;228.94;7.3;0;0;0;8;11:48;9.5;84.08;9.58;103.17;TGG;59;BERÇO TGG;12;19:00;12;19:20;12;19:20;12;19:25;12;19:25;12;19:30;12;19:30;12;19:35;12;19:35;12;20:10;;;;;;;;;;;;;;;;;;;;;;;;;;;;;;;;;;;;;;;;;;;;;;;;;12;20:10;12;20:10;14;02:50;14;04:15;;;;;;;;;;;;;;;;;;;;;;;;;;;;;;;;;;;;;;;;;;;;;;;;;14;04:15;14;04:25;14;04:25;14;04:30;14;04:30;14;04:35;14;04:35;14;04:40;14;04:40;14;05:00;
S2025;3714;32.0;179.95;7.46;0;0;0;9;04:15;6.75;100.92;0.0;107.67;TEAG;51;BERÇO TEAG;13;15:55;13;16:15;13;16:15;13;16:20;13;16:20;13;16:25;13;16:25;13;16:30;13;16:30;13;17:05;;;;;;;;;;;;;;;;;;;;;;;;;;;;;;;;;;;;;;;;;;;;;;;;;13;17:05;13;17:05;16;03:35;;;;;;;;;;;;;;;;;;;;;;;;;;;;;;;;;;;;;;;;;;;;;;;;;;;;;;;;;;;;;;;;;;;;;;;
S2025;3720;30.0;179.99;6.9;0;0;0;9;13:00;0.0;0.0;0.25;0.25;NST - GL;20;BERÇO ARM 30;9;13:15;9;13:35;9;13:35;9;13:40;9;13:40;9;13:45;9;13:45;9;13:50;9;13:50;9;13:55;9;13:55;9;14:30;;;;;;;;;;;;;;;;;;;;;;;;;;;;;;;;;;;;;;;;;;;;;9;14:30;9;14:30;16;16:40;;;;;;;;;;;;;;;;;;;;;;;;;;;;;;;;;;;;;;;;;;;;;;;;;;;;;;;;;;;;;;;;;;;;;;;
S2025;3736;36.0;227.2;9.85;0;0;0;10;14:00;43.08;33.58;0.92;77.58;TES;29;BERÇO ARM 38;13;19:35;13;19:55;13;19:55;13;20:00;13;20:00;13;20:05;13;20:05;13;20:40;;;;;;;;;;;;;;;;;;;;;;;;;;;;;;;;;;;;;;;;;;;;;;;;;;;;;13;20:40;13;20:40;14;16:35;14;16:35;;;;;;;;;;;;;;;;;;;;;;;;;;;;;;;;;;;;;;;;;;;;;;;;;;;;;14;16:35;14;16:45;14;16:45;14;16:50;14;16:50;14;16:55;14;16:55;14;17:15;
S2025;3740;32.0;204.88;7.8;0;0;0;10;22:40;1.33;0.0;1.75;3.08;CITROSUCO;18;BERÇO ARM 29;11;01:45;11;02:05;11;02:05;11;02:10;11;02:10;11;02:15;11;02:15;11;02:20;11;02:20;11;02:25;11;02:25;11;02:30;11;02:30;11;03:05;;;;;;;;;;;;;;;;;;;;;;;;;;;;;;;;;;;;;;;;;11;03:05;11;03:05;14;03:55;14;08:05;;;;;;;;;;;;;;;;;;;;;;;;;;;;;;;;;;;;;;;;;14;08:05;14;08:15;14;08:15;14;08:20;14;08:20;14;08:25;14;08:25;14;08:30;14;08:30;14;08:35;14;08:35;14;08:40;14;08:40;14;09:00;
S2025;3742;32.0;183.24;10.9;0;0;0;11;00:01;0.0;0.0;5.17;5.17;STOLTHAVEN;3;BERÇO AL 02;11;05:15;11;05:35;11;05:35;11;05:40;11;05:40;11;05:45;11;05:45;11;05:50;11;05:50;11;05:55;11;05:55;11;06:00;11;06:00;11;06:05;11;06:05;11;06:10;11;06:10;11;06:15;11;06:15;11;06:20;11;06:20;11;06:25;11;06:25;11;06:30;11;06:30;11;06:35;11;06:35;11;06:50;;;;;;;;;;;;;11;06:50;11;06:50;14;17:15;14;18:55;;;;;;;;;;;;;14;18:55;14;19:25;14;19:25;14;19:30;14;19:30;14;19:35;14;19:35;14;19:40;14;19:40;14;19:45;14;19:45;14;19:50;14;19:50;14;19:55;14;19:55;14;20:00;14;20:00;14;20:05;14;20:05;14;20:10;14;20:10;14;20:15;14;20:15;14;20:20;14;20:20;14;20:25;14;20:25;14;20:45;
S2025;3747;28.0;189.99;10.64;0;0;0;11;08:48;4.83;0.0;0.0;4.83;OUTROS_SABOO;36;BERÇO CS 01;11;13:40;11;14:00;11;14:00;11;14:05;11;14:05;11;14:10;11;14:10;11;14:15;11;14:15;11;14:20;11;14:20;11;14:25;11;14:25;11;14:30;11;14:30;11;14:35;11;14:35;11;14:40;11;14:40;11;14:45;11;14:45;11;14:50;11;14:50;11;15:05;;;;;;;;;;;;;;;;;;;;;11;15:05;11;15:05;17;22:40;;;;;;;;;;;;;;;;;;;;;;;;;;;;;;;;;;;;;;;;;;;;;;;;;;;;;;;;;;;;;;;;;;;;;;;
S2025;3749;32.0;194.94;10.5;0;0;0;11;11:12;0.0;0.0;1.42;1.42;OUTROS_MACUCO;23;BERÇO ARM 32;11;12:40;11;13:00;11;13:00;11;13:05;11;13:05;11;13:10;11;13:10;11;13:15;11;13:15;11;13:20;11;13:20;11;13:35;;;;;;;;;;;;;;;;;;;;;;;;;;;;;;;;;;;;;;;;;;;;;11;13:35;11;13:35;14;23:20;;;;;;;;;;;;;;;;;;;;;;;;;;;;;;;;;;;;;;;;;;;;;;;;;;;;;;;;;;;;;;;;;;;;;;;
S2025;3753;48.0;329.8;9.8;0;0;0;11;15:00;2.25;27.33;0.17;29.75;DPW - CGC;43;BERÇO DPW 2;12;20:45;12;21:05;12;21:05;12;21:10;12;21:10;12;21:15;12;21:15;12;21:20;12;21:20;12;21:25;12;21:25;12;21:30;12;21:30;12;21:35;12;21:35;12;21:40;12;21:40;12;21:45;12;21:45;12;21:50;12;21:50;12;22:05;;;;;;;;;;;;;;;;;;;;;;;;;12;22:05;12;22:05;14;09:50;14;14:20;;;;;;;;;;;;;;;;;;;;;;;;;14;14:20;14;14:50;14;14:50;14;14:55;14;14:55;14;15:00;14;15:00;14;15:05;14;15:05;14;15:10;14;15:10;14;15:15;14;15:15;14;15:20;14;15:20;14;15:25;14;15:25;14;15:30;14;15:30;14;15:35;14;15:35;14;15:55;
S2025;3754;32.0;199.9;6.95;0;0;0;11;16:00;10.42;23.5;1.92;35.83;COPESUCAR;14;BERÇO ARM 20/21;13;03:50;13;04:10;13;04:10;13;04:15;13;04:15;13;04:20;13;04:20;13;04:25;13;04:25;13;04:30;13;04:30;13;04:35;13;04:35;13;04:40;13;04:40;13;05:15;;;;;;;;;;;;;;;;;;;;;;;;;;;;;;;;;;;;;13;05:15;13;05:15;15;11:40;;;;;;;;;;;;;;;;;;;;;;;;;;;;;;;;;;;;;;;;;;;;;;;;;;;;;;;;;;;;;;;;;;;;;;;
S2025;3757;51.0;336.0;10.4;0;0;0;11;20:18;0.0;0.0;0.0;0.0;SANTOSBR;54;BERÇO TECON 2;11;20:20;11;20:40;11;20:40;11;20:45;11;20:45;11;20:50;11;20:50;11;20:55;11;20:55;11;21:00;11;21:00;11;21:15;;;;;;;;;;;;;;;;;;;;;;;;;;;;;;;;;;;;;;;;;;;;;11;21:15;11;21:15;13;20:35;;;;;;;;;;;;;;;;;;;;;;;;;;;;;;;;;;;;;;;;;;;;;;;;;;;;;;;;;;;;;;;;;;;;;;;
S2025;3760;32.0;179.95;7.12;0;0;0;11;22:30;1.25;6.75;2.83;10.83;ELDORADO;21;BERÇO ARM 31;12;09:20;12;09:40;12;09:40;12;09:45;12;09:45;12;09:50;12;09:50;12;09:55;12;09:55;12;10:00;12;10:00;12;10:35;;;;;;;;;;;;;;;;;;;;;;;;;;;;;;;;;;;;;;;;;;;;;12;10:35;12;10:35;14;12:10;14;12:10;;;;;;;;;;;;;;;;;;;;;;;;;;;;;;;;;;;;;;;;;;;;;14;12:10;14;12:20;14;12:20;14;12:25;14;12:25;14;12:30;14;12:30;14;12:35;14;12:35;14;12:40;14;12:40;14;13:00;
S2025;3763;32.0;213.88;8.9;0;0;0;12;06:00;0.0;0.0;2.5;2.5;ECOPORTO;39;BERÇO CS 04;12;08:30;12;08:50;12;08:50;12;08:55;12;08:55;12;09:00;12;09:00;12;09:05;12;09:05;12;09:10;12;09:10;12;09:15;12;09:15;12;09:20;12;09:20;12;09:25;12;09:25;12;09:30;12;09:30;12;09:35;12;09:35;12;09:40;12;09:40;12;10:15;;;;;;;;;;;;;;;;;;;;;12;10:15;12;10:15;14;07:45;14;12:55;;;;;;;;;;;;;;;;;;;;;14;12:55;14;13:05;14;13:05;14;13:10;14;13:10;14;13:15;14;13:15;14;13:20;14;13:20;14;13:25;14;13:25;14;13:30;14;13:30;14;13:35;14;13:35;14;13:40;14;13:40;14;13:45;14;13:45;14;13:50;14;13:50;14;13:55;14;13:55;14;14:15;
S2025;3765;48.0;299.91;11.8;0;0;0;12;08:06;1.5;14.67;4.5;20.67;BTP;33;BERÇO BTP 2;13;04:50;13;05:10;13;05:10;13;05:15;13;05:15;13;05:20;13;05:20;13;05:25;13;05:25;13;05:30;13;05:30;13;05:35;13;05:35;13;05:40;13;05:40;13;05:45;13;05:45;13;05:50;13;05:50;13;05:55;13;05:55;13;06:00;13;06:00;13;06:05;13;06:05;13;06:20;;;;;;;;;;;;;;;;;13;06:20;13;06:20;15;20:25;;;;;;;;;;;;;;;;;;;;;;;;;;;;;;;;;;;;;;;;;;;;;;;;;;;;;;;;;;;;;;;;;;;;;;;
S2025;3766;24.0;146.5;9.5;0;0;0;12;08:15;0.0;0.0;0.0;0.0;ULTRACARGO;4;BERÇO AL 03;12;08:15;12;08:35;12;08:35;12;08:40;12;08:40;12;08:45;12;08:45;12;08:50;12;08:50;12;08:55;12;08:55;12;09:00;12;09:00;12;09:05;12;09:05;12;09:10;12;09:10;12;09:15;12;09:15;12;09:20;12;09:20;12;09:25;12;09:25;12;09:30;12;09:30;12;09:35;12;09:35;12;09:50;;;;;;;;;;;;;12;09:50;12;09:50;14;22:20;;;;;;;;;;;;;;;;;;;;;;;;;;;;;;;;;;;;;;;;;;;;;;;;;;;;;;;;;;;;;;;;;;;;;;;
S2025;3767;42.0;300.07;9.95;0;0;0;12;08:40;1.83;14.33;4.58;20.75;BTP;34;BERÇO BTP 3;13;05:25;13;05:45;13;05:45;13;05:50;13;05:50;13;05:55;13;05:55;13;06:00;13;06:00;13;06:05;13;06:05;13;06:10;13;06:10;13;06:15;13;06:15;13;06:20;13;06:20;13;06:25;13;06:25;13;06:30;13;06:30;13;06:35;13;06:35;13;06:40;13;06:40;13;07:15;;;;;;;;;;;;;;;;;13;07:15;13;07:15;14;04:40;14;04:40;;;;;;;;;;;;;;;;;14;04:40;14;04:50;14;04:50;14;04:55;14;04:55;14;05:00;14;05:00;14;05:05;14;05:05;14;05:10;14;05:10;14;05:15;14;05:15;14;05:20;14;05:20;14;05:25;14;05:25;14;05:30;14;05:30;14;05:35;14;05:35;14;05:40;14;05:40;14;05:45;14;05:45;14;06:05;
S2025;3769;32.0;228.99;10.09;0;0;0;12;12:32;0.0;0.0;1.33;1.33;CUTRALE - GSA - E;40;BERÇO CUTRALE;12;13:55;12;14:15;12;14:15;12;14:20;12;14:20;12;14:25;12;14:25;12;15:00;;;;;;;;;;;;;;;;;;;;;;;;;;;;;;;;;;;;;;;;;;;;;;;;;;;;;12;15:00;12;15:00;14;02:25;14;02:25;;;;;;;;;;;;;;;;;;;;;;;;;;;;;;;;;;;;;;;;;;;;;;;;;;;;;14;02:25;14;02:35;14;02:35;14;02:40;14;02:40;14;02:45;14;02:45;14;03:05;
S2025;3772;40.0;272.08;10.9;0;0;0;12;16:16;1.33;12.17;0.0;13.5;DPW - CGC;42;BERÇO DPW 1;13;05:50;13;06:10;13;06:10;13;06:15;13;06:15;13;06:20;13;06:20;13;06:25;13;06:25;13;06:30;13;06:30;13;06:35;13;06:35;13;06:40;13;06:40;13;06:45;13;06:45;13;06:50;13;06:50;13;06:55;13;06:55;13;07:10;;;;;;;;;;;;;;;;;;;;;;;;;13;07:10;13;07:10;14;10:10;14;10:15;;;;;;;;;;;;;;;;;;;;;;;;;14;10:15;14;10:45;14;10:45;14;10:50;14;10:50;14;10:55;14;10:55;14;11:00;14;11:00;14;11:05;14;11:05;14;11:10;14;11:10;14;11:15;14;11:15;14;11:20;14;11:20;14;11:25;14;11:25;14;11:30;14;11:30;14;11:50;
S2025;3773;32.0;183.06;9.7;0;0;0;12;16:20;0.0;0.0;0.5;0.5;AGEO_TERMINAIS;46;BERÇO IB BC;12;16:50;12;17:10;12;17:10;12;17:15;12;17:15;12;17:20;12;17:20;12;17:25;12;17:25;12;17:30;12;17:30;12;17:35;12;17:35;12;17:40;12;17:40;12;17:45;12;17:45;12;17:50;12;17:50;12;17:55;12;17:55;12;18:00;12;18:00;12;18:15;;;;;;;;;;;;;;;;;;;;;12;18:15;12;18:15;14;12:05;14;12:20;;;;;;;;;;;;;;;;;;;;;14;12:20;14;12:50;14;12:50;14;12:55;14;12:55;14;13:00;14;13:00;14;13:05;14;13:05;14;13:10;14;13:10;14;13:15;14;13:15;14;13:20;14;13:20;14;13:25;14;13:25;14;13:30;14;13:30;14;13:35;14;13:35;14;13:40;14;13:40;14;14:00;
S2025;3774;30.0;218.45;11.0;0;0;0;12;19:30;0.92;10.33;2.5;13.75;SANTOSBR;52;BERÇO TECON 1.1;13;09:15;13;09:35;13;09:35;13;09:40;13;09:40;13;09:45;13;09:45;13;09:50;13;09:50;13;09:55;13;09:55;13;10:10;;;;;;;;;;;;;;;;;;;;;;;;;;;;;;;;;;;;;;;;;;;;;13;10:10;13;10:10;14;04:20;14;04:20;;;;;;;;;;;;;;;;;;;;;;;;;;;;;;;;;;;;;;;;;;;;;14;04:20;14;04:50;14;04:50;14;04:55;14;04:55;14;05:00;14;05:00;14;05:05;14;05:05;14;05:10;14;05:10;14;05:30;
S2025;3775;18.0;85.34;4.6;0;0;0;12;20:00;0.0;0.0;1.0;1.0;SAIPEM;50;BERÇO SAIPEM 3;12;21:00;12;21:20;12;21:20;12;21:55;;;;;;;;;;;;;;;;;;;;;;;;;;;;;;;;;;;;;;;;;;;;;;;;;;;;;;;;;;;;;12;21:55;12;21:55;14;04:45;14;06:40;;;;;;;;;;;;;;;;;;;;;;;;;;;;;;;;;;;;;;;;;;;;;;;;;;;;;;;;;;;;;14;06:40;14;06:50;14;06:50;14;07:10;
S2025;3776;48.0;335.98;13.6;0;0;0;12;20:30;1.5;3.58;2.92;8.0;BTP;32;BERÇO BTP 1;13;04:30;13;04:50;13;04:50;13;04:55;13;04:55;13;05:00;13;05:00;13;05:05;13;05:05;13;05:10;13;05:10;13;05:15;13;05:15;13;05:20;13;05:20;13;05:25;13;05:25;13;05:30;13;05:30;13;05:35;13;05:35;13;05:40;13;05:40;13;05:45;13;05:45;13;06:00;;;;;;;;;;;;;;;;;13;06:00;13;06:00;14;18:40;;;;;;;;;;;;;;;;;;;;;;;;;;;;;;;;;;;;;;;;;;;;;;;;;;;;;;;;;;;;;;;;;;;;;;;
S2025;3778;40.0;293.18;9.4;0;0;0;13;01:00;0.0;8.75;5.17;13.92;SANTOSBR;53;BERÇO TECON 1.2;13;14:55;13;15:15;13;15:15;13;15:20;13;15:20;13;15:25;13;15:25;13;15:30;13;15:30;13;15:35;13;15:35;13;16:10;;;;;;;;;;;;;;;;;;;;;;;;;;;;;;;;;;;;;;;;;;;;;13;16:10;13;16:10;14;16:40;14;16:40;;;;;;;;;;;;;;;;;;;;;;;;;;;;;;;;;;;;;;;;;;;;;14;16:40;14;16:50;14;16:50;14;16:55;14;16:55;14;17:00;14;17:00;14;17:05;14;17:05;14;17:10;14;17:10;14;17:30;
S2025;3779;34.0;185.97;9.2;0;0;0;13;05:00;0.0;1.75;4.25;6.0;SANTOSBR;55;BERÇO TECON 3;13;11:00;13;11:20;13;11:20;13;11:25;13;11:25;13;11:30;13;11:30;13;11:35;13;11:35;13;11:40;13;11:40;13;11:55;;;;;;;;;;;;;;;;;;;;;;;;;;;;;;;;;;;;;;;;;;;;;13;11:55;13;11:55;14;10:25;14;10:25;;;;;;;;;;;;;;;;;;;;;;;;;;;;;;;;;;;;;;;;;;;;;14;10:25;14;10:55;14;10:55;14;11:00;14;11:00;14;11:05;14;11:05;14;11:10;14;11:10;14;11:15;14;11:15;14;11:35;
S2025;3784;32.0;225.0;12.6;0;0;0;13;09:00;0.0;0.0;0.0;0.0;DPW - CGNC;45;BERÇO DPW 4;13;09:00;13;09:20;13;09:20;13;09:25;13;09:25;13;09:30;13;09:30;13;09:35;13;09:35;13;09:40;13;09:40;13;09:45;13;09:45;13;09:50;13;09:50;13;09:55;13;09:55;13;10:00;13;10:00;13;10:35;;;;;;;;;;;;;;;;;;;;;;;;;;;;;13;10:35;13;10:35;14;12:55;14;15:20;;;;;;;;;;;;;;;;;;;;;;;;;;;;;14;15:20;14;15:30;14;15:30;14;15:35;14;15:35;14;15:40;14;15:40;14;15:45;14;15:45;14;15:50;14;15:50;14;15:55;14;15:55;14;16:00;14;16:00;14;16:05;14;16:05;14;16:10;14;16:10;14;16:30;
S2025;3785;32.0;225.0;9.8;0;0;0;13;09:00;0.0;0.0;0.67;0.67;BRACELL;73;BERÇO ARM 35P1;13;09:40;13;10:00;13;10:00;13;10:05;13;10:05;13;10:10;13;10:10;13;10:15;13;10:15;13;10:50;;;;;;;;;;;;;;;;;;;;;;;;;;;;;;;;;;;;;;;;;;;;;;;;;13;10:50;13;10:50;14;12:30;14;13:50;;;;;;;;;;;;;;;;;;;;;;;;;;;;;;;;;;;;;;;;;;;;;;;;;14;13:50;14;14:00;14;14:00;14;14:05;14;14:05;14;14:10;14;14:10;14;14:15;14;14:15;14;14:35;
S2025;3787;37.0;199.98;8.3;0;0;1;13;11:24;0.0;6.5;0.0;6.5;TEV;58;BERÇO TEV;13;17:55;13;18:15;13;18:15;13;18:20;13;18:20;13;18:25;13;18:25;13;18:30;13;18:30;13;18:35;13;18:35;13;18:40;13;18:40;13;19:15;;;;;;;;;;;;;;;;;;;;;;;;;;;;;;;;;;;;;;;;;13;19:15;13;19:15;15;06:10;;;;;;;;;;;;;;;;;;;;;;;;;;;;;;;;;;;;;;;;;;;;;;;;;;;;;;;;;;;;;;;;;;;;;;;
S2025;3788;32.0;183.1;8.1;0;0;0;13;11:35;0.0;0.0;0.42;0.42;AGEO_TERMINAIS;1;BERÇO Ageo I;13;12:00;13;12:20;13;12:20;13;12:25;13;12:25;13;12:30;13;12:30;13;12:35;13;12:35;13;12:40;13;12:40;13;12:45;13;12:45;13;12:50;13;12:50;13;12:55;13;12:55;13;13:00;13;13:00;13;13:05;13;13:05;13;13:10;13;13:10;13;13:25;;;;;;;;;;;;;;;;;;;;;13;13:25;13;13:25;15;10:20;;;;;;;;;;;;;;;;;;;;;;;;;;;;;;;;;;;;;;;;;;;;;;;;;;;;;;;;;;;;;;;;;;;;;;;
S2025;3602;32.0;229.07;7.47;0;0;0;3;08:00;136.33;126.75;0.17;263.25;XXXIX;28;BERÇO ARM 37;14;07:15;14;07:35;14;07:35;14;07:40;14;07:40;14;07:45;14;07:45;14;08:20;;;;;;;;;;;;;;;;;;;;;;;;;;;;;;;;;;;;;;;;;;;;;;;;;;;;;14;08:20;14;08:20;16;07:40;;;;;;;;;;;;;;;;;;;;;;;;;;;;;;;;;;;;;;;;;;;;;;;;;;;;;;;;;;;;;;;;;;;;;;;
S2025;3741;32.0;224.9;7.0;0;0;0;10;23:30;21.17;67.42;1.83;90.42;TEG;56;BERÇO TEG;14;17:55;14;18:15;14;18:15;14;18:20;14;18:20;14;18:25;14;18:25;14;18:30;14;18:30;14;19:05;;;;;;;;;;;;;;;;;;;;;;;;;;;;;;;;;;;;;;;;;;;;;;;;;14;19:05;14;19:05;17;05:45;;;;;;;;;;;;;;;;;;;;;;;;;;;;;;;;;;;;;;;;;;;;;;;;;;;;;;;;;;;;;;;;;;;;;;;
S2025;3759;32.0;229.0;7.24;0;0;0;11;22:12;3.5;50.58;1.83;55.92;TGG;59;BERÇO TGG;14;06:10;14;06:30;14;06:30;14;06:35;14;06:35;14;06:40;14;06:40;14;06:45;14;06:45;14;07:20;;;;;;;;;;;;;;;;;;;;;;;;;;;;;;;;;;;;;;;;;;;;;;;;;14;07:20;14;07:20;15;20:05;;;;;;;;;;;;;;;;;;;;;;;;;;;;;;;;;;;;;;;;;;;;;;;;;;;;;;;;;;;;;;;;;;;;;;;
S2025;3792;25.0;182.47;9.4;0;0;0;13;23:20;0.67;3.5;0.0;4.17;SANTOSBR;52;BERÇO TECON 1.1;14;03:30;14;03:50;14;03:50;14;03:55;14;03:55;14;04:00;14;04:00;14;04:05;14;04:05;14;04:10;14;04:10;14;04:25;;;;;;;;;;;;;;;;;;;;;;;;;;;;;;;;;;;;;;;;;;;;;14;04:25;14;04:25;15;11:45;;;;;;;;;;;;;;;;;;;;;;;;;;;;;;;;;;;;;;;;;;;;;;;;;;;;;;;;;;;;;;;;;;;;;;;
S2025;3796;32.0;259.8;8.8;0;0;0;14;05:06;0.0;4.5;0.0;4.5;SANTOSBR;55;BERÇO TECON 3;14;09:40;14;10:00;14;10:00;14;10:05;14;10:05;14;10:10;14;10:10;14;10:15;14;10:15;14;10:20;14;10:20;14;10:35;;;;;;;;;;;;;;;;;;;;;;;;;;;;;;;;;;;;;;;;;;;;;14;10:35;14;10:35;15;02:50;;;;;;;;;;;;;;;;;;;;;;;;;;;;;;;;;;;;;;;;;;;;;;;;;;;;;;;;;;;;;;;;;;;;;;;
S2025;3806;35.0;185.96;9.6;0;0;0;14;16:00;0.0;2.75;0.0;2.75;SANTOSBR;53;BERÇO TECON 1.2;14;18:45;14;19:05;14;19:05;14;19:10;14;19:10;14;19:15;14;19:15;14;19:20;14;19:20;14;19:25;14;19:25;14;19:40;;;;;;;;;;;;;;;;;;;;;;;;;;;;;;;;;;;;;;;;;;;;;14;19:40;14;19:40;15;21:40;;;;;;;;;;;;;;;;;;;;;;;;;;;;;;;;;;;;;;;;;;;;;;;;;;;;;;;;;;;;;;;;;;;;;;;
S2025;3791;37.0;254.73;9.5;0;0;0;13;20:36;1.33;11.08;0.0;12.42;DPW - CGC;42;BERÇO DPW 1;14;09:05;14;09:25;14;09:25;14;09:30;14;09:30;14;09:35;14;09:35;14;09:40;14;09:40;14;09:45;14;09:45;14;09:50;14;09:50;14;09:55;14;09:55;14;10:00;14;10:00;14;10:05;14;10:05;14;10:10;14;10:10;14;10:25;;;;;;;;;;;;;;;;;;;;;;;;;14;10:25;14;10:25;15;06:25;;;;;;;;;;;;;;;;;;;;;;;;;;;;;;;;;;;;;;;;;;;;;;;;;;;;;;;;;;;;;;;;;;;;;;;
S2025;3794;32.0;182.68;9.2;0;0;0;14;03:00;0.0;0.0;0.17;0.17;AGEO_TERMINAIS;47;BERÇO IB SP;14;03:10;14;03:30;14;03:30;14;03:35;14;03:35;14;03:40;14;03:40;14;03:45;14;03:45;14;03:50;14;03:50;14;03:55;14;03:55;14;04:00;14;04:00;14;04:05;14;04:05;14;04:10;14;04:10;14;04:15;14;04:15;14;04:20;14;04:20;14;04:35;;;;;;;;;;;;;;;;;;;;;14;04:35;14;04:35;15;12:15;;;;;;;;;;;;;;;;;;;;;;;;;;;;;;;;;;;;;;;;;;;;;;;;;;;;;;;;;;;;;;;;;;;;;;;
S2025;3795;33.0;177.9;8.2;0;0;0;14;04:00;0.0;0.0;2.42;2.42;SAIPEM;48;BERÇO SAIPEM 1;14;06:25;14;06:45;14;06:45;14;07:20;;;;;;;;;;;;;;;;;;;;;;;;;;;;;;;;;;;;;;;;;;;;;;;;;;;;;;;;;;;;;14;07:20;14;07:20;16;23:45;;;;;;;;;;;;;;;;;;;;;;;;;;;;;;;;;;;;;;;;;;;;;;;;;;;;;;;;;;;;;;;;;;;;;;;
S2025;3797;36.0;209.99;9.6;0;0;0;14;05:54;0.0;0.0;2.33;2.33;ECOPORTO;34;BERÇO BTP 3;14;08:15;14;08:35;14;08:35;14;08:40;14;08:40;14;08:45;14;08:45;14;08:50;14;08:50;14;08:55;14;08:55;14;09:00;14;09:00;14;09:05;14;09:05;14;09:10;14;09:10;14;09:15;14;09:15;14;09:20;14;09:20;14;09:25;14;09:25;14;09:30;14;09:30;14;09:45;;;;;;;;;;;;;;;;;14;09:45;14;09:45;16;17:25;;;;;;;;;;;;;;;;;;;;;;;;;;;;;;;;;;;;;;;;;;;;;;;;;;;;;;;;;;;;;;;;;;;;;;;
S2025;3799;32.0;204.85;8.1;0;0;0;14;09:00;0.0;0.0;0.33;0.33;CITROSUCO;18;BERÇO ARM 29;14;09:20;14;09:40;14;09:40;14;09:45;14;09:45;14;09:50;14;09:50;14;09:55;14;09:55;14;10:00;14;10:00;14;10:05;14;10:05;14;10:40;;;;;;;;;;;;;;;;;;;;;;;;;;;;;;;;;;;;;;;;;14;10:40;14;10:40;17;02:10;;;;;;;;;;;;;;;;;;;;;;;;;;;;;;;;;;;;;;;;;;;;;;;;;;;;;;;;;;;;;;;;;;;;;;;
S2025;3802;32.0;189.99;10.64;0;0;0;14;11:45;0.0;0.0;0.5;0.5;CUTRALE - GSA - E;40;BERÇO CUTRALE;14;12:15;14;12:35;14;12:35;14;12:40;14;12:40;14;12:45;14;12:45;14;13:20;;;;;;;;;;;;;;;;;;;;;;;;;;;;;;;;;;;;;;;;;;;;;;;;;;;;;14;13:20;14;13:20;15;03:30;;;;;;;;;;;;;;;;;;;;;;;;;;;;;;;;;;;;;;;;;;;;;;;;;;;;;;;;;;;;;;;;;;;;;;;
S2025;3807;32.0;182.98;9.0;0;0;0;14;16:12;0.0;0.0;1.92;1.92;DOW;41;BERÇO DOW;14;18:10;14;18:30;14;18:30;14;18:35;14;18:35;14;18:40;14;18:40;14;18:55;;;;;;;;;;;;;;;;;;;;;;;;;;;;;;;;;;;;;;;;;;;;;;;;;;;;;14;18:55;14;18:55;16;04:15;;;;;;;;;;;;;;;;;;;;;;;;;;;;;;;;;;;;;;;;;;;;;;;;;;;;;;;;;;;;;;;;;;;;;;;
S2025;3808;32.0;182.98;9.8;0;0;0;14;17:00;0.0;0.0;3.0;3.0;VOPAK;5;BERÇO AL 04;14;20:00;14;20:20;14;20:20;14;20:25;14;20:25;14;20:30;14;20:30;14;20:35;14;20:35;14;20:40;14;20:40;14;20:45;14;20:45;14;20:50;14;20:50;14;20:55;14;20:55;14;21:00;14;21:00;14;21:05;14;21:05;14;21:10;14;21:10;14;21:15;14;21:15;14;21:20;14;21:20;14;21:35;;;;;;;;;;;;;14;21:35;14;21:35;17;07:25;;;;;;;;;;;;;;;;;;;;;;;;;;;;;;;;;;;;;;;;;;;;;;;;;;;;;;;;;;;;;;;;;;;;;;;
S2025;3809;32.0;199.98;7.05;0;0;0;14;17:18;0.0;0.0;1.83;1.83;DPW - CGNC;44;BERÇO DPW 3;14;19:10;14;19:30;14;19:30;14;19:35;14;19:35;14;19:40;14;19:40;14;19:45;14;19:45;14;19:50;14;19:50;14;19:55;14;19:55;14;20:00;14;20:00;14;20:05;14;20:05;14;20:10;14;20:10;14;20:45;;;;;;;;;;;;;;;;;;;;;;;;;;;;;14;20:45;14;20:45;17;06:35;;;;;;;;;;;;;;;;;;;;;;;;;;;;;;;;;;;;;;;;;;;;;;;;;;;;;;;;;;;;;;;;;;;;;;;
S2025;3446;33.0;229.0;7.83;0;0;0;-7;02:36;282.83;36.83;95.0;414.67;ELEVACOES;13;BERÇO ARM 19;10;09:20;10;09:40;10;09:40;10;09:45;10;09:45;10;09:50;10;09:50;10;09:55;10;09:55;10;10:00;10;10:00;10;10:05;10;10:05;10;10:10;10;10:10;10;10:45;;;;;;;;;;;;;;;;;;;;;;;;;;;;;;;;;;;;;10;10:45;10;10:45;15;16:10;15;16:45;;;;;;;;;;;;;;;;;;;;;;;;;;;;;;;;;;;;;15;16:45;15;16:55;15;16:55;15;17:00;15;17:00;15;17:05;15;17:05;15;17:10;15;17:10;15;17:15;15;17:15;15;17:20;15;17:20;15;17:25;15;17:25;15;17:45;
S2025;3513;32.0;189.99;6.77;0;0;0;-3;09:54;115.42;123.25;139.0;377.67;ELEVACOES;12;BERÇO ARM 16/17;13;03:35;13;03:55;13;03:55;13;04:00;13;04:00;13;04:05;13;04:05;13;04:10;13;04:10;13;04:15;13;04:15;13;04:20;13;04:20;13;04:25;13;04:25;13;04:30;13;04:30;13;05:05;;;;;;;;;;;;;;;;;;;;;;;;;;;;;;;;;13;05:05;13;05:05;15;06:00;15;06:15;;;;;;;;;;;;;;;;;;;;;;;;;;;;;;;;;15;06:15;15;06:25;15;06:25;15;06:30;15;06:30;15;06:35;15;06:35;15;06:40;15;06:40;15;06:45;15;06:45;15;06:50;15;06:50;15;06:55;15;06:55;15;07:00;15;07:00;15;07:20;
S2025;3598;32.0;224.95;11.6;0;0;0;3;03:15;56.5;93.92;28.83;179.25;COFCO;10;BERÇO ARM 13/14;10;14:30;10;14:50;10;14:50;10;14:55;10;14:55;10;15:00;10;15:00;10;15:05;10;15:05;10;15:10;10;15:10;10;15:15;10;15:15;10;15:20;10;15:20;10;15:25;10;15:25;10;16:00;;;;;;;;;;;;;;;;;;;;;;;;;;;;;;;;;10;16:00;10;16:00;15;10:50;15;12:10;;;;;;;;;;;;;;;;;;;;;;;;;;;;;;;;;15;12:10;15;12:20;15;12:20;15;12:25;15;12:25;15;12:30;15;12:30;15;12:35;15;12:35;15;12:40;15;12:40;15;12:45;15;12:45;15;12:50;15;12:50;15;12:55;15;12:55;15;13:15;
S2025;3600;32.0;228.99;6.74;0;0;0;3;06:00;106.58;103.42;18.75;228.75;COFCO;9;BERÇO ARM 12A;12;18:45;12;19:05;12;19:05;12;19:10;12;19:10;12;19:15;12;19:15;12;19:20;12;19:20;12;19:25;12;19:25;12;19:30;12;19:30;12;19:35;12;19:35;12;19:40;12;19:40;12;20:15;;;;;;;;;;;;;;;;;;;;;;;;;;;;;;;;;12;20:15;12;20:15;17;20:55;;;;;;;;;;;;;;;;;;;;;;;;;;;;;;;;;;;;;;;;;;;;;;;;;;;;;;;;;;;;;;;;;;;;;;;
S2025;3602;32.0;229.07;7.47;0;0;0;3;08:00;136.33;126.75;0.17;263.25;XXXIX;28;BERÇO ARM 37;14;07:15;14;07:35;14;07:35;14;07:40;14;07:40;14;07:45;14;07:45;14;08:20;;;;;;;;;;;;;;;;;;;;;;;;;;;;;;;;;;;;;;;;;;;;;;;;;;;;;14;08:20;14;08:20;16;07:40;;;;;;;;;;;;;;;;;;;;;;;;;;;;;;;;;;;;;;;;;;;;;;;;;;;;;;;;;;;;;;;;;;;;;;;
S2025;3604;36.0;236.32;8.2;0;0;0;3;10:50;2.83;0.0;44.58;47.42;ECOPORTO;70;BERÇO VAL;5;10:15;5;10:35;5;10:35;5;10:40;5;10:40;5;10:45;5;10:45;5;10:50;5;10:50;5;10:55;5;10:55;5;11:00;5;11:00;5;11:05;5;11:05;5;11:10;5;11:10;5;11:15;5;11:15;5;11:20;5;11:20;5;11:25;5;11:25;5;11:40;;;;;;;;;;;;;;;;;;;;;5;11:40;5;11:40;6;14:10;15;16:20;;;;;;;;;;;;;;;;;;;;;15;16:20;15;16:50;15;16:50;15;16:55;15;16:55;15;17:00;15;17:00;15;17:05;15;17:05;15;17:10;15;17:10;15;17:15;15;17:15;15;17:20;15;17:20;15;17:25;15;17:25;15;17:30;15;17:30;15;17:35;15;17:35;15;17:40;15;17:40;15;18:00;
S2025;3631;32.0;228.95;7.54;0;0;0;4;16:50;25.33;112.25;10.33;147.92;TIPLAM - GSA - E;62;BERÇO TIPLAM 3;10;20:45;10;21:05;10;21:05;10;21:10;10;21:10;10;21:15;10;21:15;10;21:20;10;21:20;10;21:25;10;21:25;10;21:30;10;21:30;10;21:35;10;21:35;10;21:40;10;21:40;10;21:45;10;21:45;10;21:50;10;21:50;10;21:55;10;21:55;10;22:00;10;22:00;10;22:05;10;22:05;10;22:10;10;22:10;10;22:15;10;22:15;10;22:35;10;22:35;10;23:20;10;23:20;10;23:20;15;04:30;15;04:40;15;04:40;15;04:50;15;04:50;15;05:10;15;05:10;15;05:15;15;05:15;15;05:20;15;05:20;15;05:25;15;05:25;15;05:30;15;05:30;15;05:35;15;05:35;15;05:40;15;05:40;15;05:45;15;05:45;15;05:50;15;05:50;15;05:55;15;05:55;15;06:00;15;06:00;15;06:05;15;06:05;15;06:10;15;06:10;15;06:15;15;06:15;15;06:20;15;06:20;15;06:40;
S2025;3636;32.0;228.99;6.86;0;0;0;4;19:24;88.0;83.42;0.0;171.42;ADM;30;BERÇO ARM 39;11;22:50;11;23:10;11;23:10;11;23:15;11;23:15;11;23:20;11;23:20;11;23:55;;;;;;;;;;;;;;;;;;;;;;;;;;;;;;;;;;;;;;;;;;;;;;;;;;;;;11;23:55;11;23:55;15;05:30;15;05:30;;;;;;;;;;;;;;;;;;;;;;;;;;;;;;;;;;;;;;;;;;;;;;;;;;;;;15;05:30;15;05:40;15;05:40;15;05:45;15;05:45;15;05:50;15;05:50;15;06:10;
S2025;3657;27.0;188.32;7.6;0;0;0;6;08:00;0.0;0.0;0.25;0.25;ECOPORTO;35;BERÇO CORTE;6;08:15;6;08:35;6;08:35;6;08:40;6;08:40;6;08:45;6;08:45;6;08:50;6;08:50;6;08:55;6;08:55;6;09:00;6;09:00;6;09:05;6;09:05;6;09:10;6;09:10;6;09:15;6;09:15;6;09:20;6;09:20;6;09:25;6;09:25;6;09:40;;;;;;;;;;;;;;;;;;;;;6;09:40;6;09:40;15;06:40;15;12:10;;;;;;;;;;;;;;;;;;;;;15;12:10;15;12:40;15;12:40;15;12:45;15;12:45;15;12:50;15;12:50;15;12:55;15;12:55;15;13:00;15;13:00;15;13:05;15;13:05;15;13:10;15;13:10;15;13:15;15;13:15;15;13:20;15;13:20;15;13:25;15;13:25;15;13:30;15;13:30;15;13:50;
S2025;3658;36.0;228.99;14.2;0;0;0;6;11:18;9.08;102.92;1.5;113.5;TERMAG;57;BERÇO TERMAG;11;04:50;11;05:10;11;05:10;11;05:15;11;05:15;11;05:20;11;05:20;11;05:25;11;05:25;11;05:40;;;;;;;;;;;;;;;;;;;;;;;;;;;;;;;;;;;;;;;;;;;;;;;;;11;05:40;11;05:40;16;00:35;;;;;;;;;;;;;;;;;;;;;;;;;;;;;;;;;;;;;;;;;;;;;;;;;;;;;;;;;;;;;;;;;;;;;;;
S2025;3659;32.0;199.99;10.19;0;0;0;6;13:00;8.17;70.0;0.0;78.17;TIPLAM - GSM - I;63;BERÇO TIPLAM 4;9;19:10;9;19:30;9;19:30;9;19:35;9;19:35;9;19:40;9;19:40;9;19:45;9;19:45;9;19:50;9;19:50;9;19:55;9;19:55;9;20:00;9;20:00;9;20:05;9;20:05;9;20:10;9;20:10;9;20:15;9;20:15;9;20:20;9;20:20;9;20:25;9;20:25;9;20:30;9;20:30;9;20:35;9;20:35;9;20:40;9;20:40;9;21:00;9;21:00;9;21:15;9;21:15;9;21:15;14;23:20;15;00:20;15;00:20;15;01:00;15;01:00;15;01:20;15;01:20;15;01:25;15;01:25;15;01:30;15;01:30;15;01:35;15;01:35;15;01:40;15;01:40;15;01:45;15;01:45;15;01:50;15;01:50;15;01:55;15;01:55;15;02:00;15;02:00;15;02:05;15;02:05;15;02:10;15;02:10;15;02:15;15;02:15;15;02:20;15;02:20;15;02:25;15;02:25;15;02:30;15;02:30;15;02:50;
S2025;3660;32.0;229.0;11.28;0;0;0;6;13:30;16.5;125.67;4.75;146.92;TIPLAM - GSM - I;61;BERÇO TIPLAM 2;12;16:25;12;16:45;12;16:45;12;16:50;12;16:50;12;16:55;12;16:55;12;17:00;12;17:00;12;17:05;12;17:05;12;17:10;12;17:10;12;17:15;12;17:15;12;17:20;12;17:20;12;17:25;12;17:25;12;17:30;12;17:30;12;17:35;12;17:35;12;17:40;12;17:40;12;17:45;12;17:45;12;17:50;12;17:50;12;17:55;12;17:55;12;18:15;12;18:15;12;18:30;12;18:30;12;18:30;19;19:30;;;;;;;;;;;;;;;;;;;;;;;;;;;;;;;;;;;;;;;;;;;;;;;;;;;;;;;;;;;;;;;;;;;;;;;
S2025;3680;32.0;189.99;12.15;0;0;0;7;08:01;16.42;93.17;6.92;116.5;TIPLAM - GSM - I;60;BERÇO TIPLAM 1;12;04:35;12;04:55;12;04:55;12;05:00;12;05:00;12;05:05;12;05:05;12;05:10;12;05:10;12;05:15;12;05:15;12;05:20;12;05:20;12;05:25;12;05:25;12;05:30;12;05:30;12;05:35;12;05:35;12;05:40;12;05:40;12;05:45;12;05:45;12;05:50;12;05:50;12;05:55;12;05:55;12;06:00;12;06:00;12;06:05;12;06:05;12;06:25;12;06:25;12;07:10;12;07:10;12;07:10;19;20:30;;;;;;;;;;;;;;;;;;;;;;;;;;;;;;;;;;;;;;;;;;;;;;;;;;;;;;;;;;;;;;;;;;;;;;;
S2025;3691;32.0;199.99;11.7;0;0;0;7;21:00;0.92;13.33;4.08;18.33;OUTROS_MACUCO;27;BERÇO ARM 35P2;8;15:20;8;15:40;8;15:40;8;15:45;8;15:45;8;15:50;8;15:50;8;15:55;8;15:55;8;16:00;8;16:00;8;16:15;;;;;;;;;;;;;;;;;;;;;;;;;;;;;;;;;;;;;;;;;;;;;8;16:15;8;16:15;20;04:55;;;;;;;;;;;;;;;;;;;;;;;;;;;;;;;;;;;;;;;;;;;;;;;;;;;;;;;;;;;;;;;;;;;;;;;
S2025;3714;32.0;179.95;7.46;0;0;0;9;04:15;6.75;100.92;0.0;107.67;TEAG;51;BERÇO TEAG;13;15:55;13;16:15;13;16:15;13;16:20;13;16:20;13;16:25;13;16:25;13;16:30;13;16:30;13;17:05;;;;;;;;;;;;;;;;;;;;;;;;;;;;;;;;;;;;;;;;;;;;;;;;;13;17:05;13;17:05;16;03:35;;;;;;;;;;;;;;;;;;;;;;;;;;;;;;;;;;;;;;;;;;;;;;;;;;;;;;;;;;;;;;;;;;;;;;;
S2025;3720;30.0;179.99;6.9;0;0;0;9;13:00;0.0;0.0;0.25;0.25;NST - GL;20;BERÇO ARM 30;9;13:15;9;13:35;9;13:35;9;13:40;9;13:40;9;13:45;9;13:45;9;13:50;9;13:50;9;13:55;9;13:55;9;14:30;;;;;;;;;;;;;;;;;;;;;;;;;;;;;;;;;;;;;;;;;;;;;9;14:30;9;14:30;16;16:40;;;;;;;;;;;;;;;;;;;;;;;;;;;;;;;;;;;;;;;;;;;;;;;;;;;;;;;;;;;;;;;;;;;;;;;
S2025;3741;32.0;224.9;7.0;0;0;0;10;23:30;21.17;67.42;1.83;90.42;TEG;56;BERÇO TEG;14;17:55;14;18:15;14;18:15;14;18:20;14;18:20;14;18:25;14;18:25;14;18:30;14;18:30;14;19:05;;;;;;;;;;;;;;;;;;;;;;;;;;;;;;;;;;;;;;;;;;;;;;;;;14;19:05;14;19:05;17;05:45;;;;;;;;;;;;;;;;;;;;;;;;;;;;;;;;;;;;;;;;;;;;;;;;;;;;;;;;;;;;;;;;;;;;;;;
S2025;3747;28.0;189.99;10.64;0;0;0;11;08:48;4.83;0.0;0.0;4.83;OUTROS_SABOO;36;BERÇO CS 01;11;13:40;11;14:00;11;14:00;11;14:05;11;14:05;11;14:10;11;14:10;11;14:15;11;14:15;11;14:20;11;14:20;11;14:25;11;14:25;11;14:30;11;14:30;11;14:35;11;14:35;11;14:40;11;14:40;11;14:45;11;14:45;11;14:50;11;14:50;11;15:05;;;;;;;;;;;;;;;;;;;;;11;15:05;11;15:05;17;22:40;;;;;;;;;;;;;;;;;;;;;;;;;;;;;;;;;;;;;;;;;;;;;;;;;;;;;;;;;;;;;;;;;;;;;;;
S2025;3749;32.0;194.94;10.5;0;0;0;11;11:12;0.0;0.0;1.42;1.42;OUTROS_MACUCO;23;BERÇO ARM 32;11;12:40;11;13:00;11;13:00;11;13:05;11;13:05;11;13:10;11;13:10;11;13:15;11;13:15;11;13:20;11;13:20;11;13:35;;;;;;;;;;;;;;;;;;;;;;;;;;;;;;;;;;;;;;;;;;;;;11;13:35;11;13:35;14;23:20;15;00:00;;;;;;;;;;;;;;;;;;;;;;;;;;;;;;;;;;;;;;;;;;;;;15;00:00;15;00:30;15;00:30;15;00:35;15;00:35;15;00:40;15;00:40;15;00:45;15;00:45;15;00:50;15;00:50;15;01:10;
S2025;3754;32.0;199.9;6.95;0;0;0;11;16:00;10.42;23.5;1.92;35.83;COPESUCAR;14;BERÇO ARM 20/21;13;03:50;13;04:10;13;04:10;13;04:15;13;04:15;13;04:20;13;04:20;13;04:25;13;04:25;13;04:30;13;04:30;13;04:35;13;04:35;13;04:40;13;04:40;13;05:15;;;;;;;;;;;;;;;;;;;;;;;;;;;;;;;;;;;;;13;05:15;13;05:15;15;11:40;15;12:00;;;;;;;;;;;;;;;;;;;;;;;;;;;;;;;;;;;;;15;12:00;15;12:10;15;12:10;15;12:15;15;12:15;15;12:20;15;12:20;15;12:25;15;12:25;15;12:30;15;12:30;15;12:35;15;12:35;15;12:40;15;12:40;15;13:00;
S2025;3757;51.0;336.0;10.4;0;0;0;11;20:18;0.0;0.0;0.0;0.0;SANTOSBR;54;BERÇO TECON 2;11;20:20;11;20:40;11;20:40;11;20:45;11;20:45;11;20:50;11;20:50;11;20:55;11;20:55;11;21:00;11;21:00;11;21:15;;;;;;;;;;;;;;;;;;;;;;;;;;;;;;;;;;;;;;;;;;;;;11;21:15;11;21:15;13;20:35;15;04:30;;;;;;;;;;;;;;;;;;;;;;;;;;;;;;;;;;;;;;;;;;;;;15;04:30;15;05:00;15;05:00;15;05:05;15;05:05;15;05:10;15;05:10;15;05:15;15;05:15;15;05:20;15;05:20;15;05:40;
S2025;3759;32.0;229.0;7.24;0;0;0;11;22:12;3.5;50.58;1.83;55.92;TGG;59;BERÇO TGG;14;06:10;14;06:30;14;06:30;14;06:35;14;06:35;14;06:40;14;06:40;14;06:45;14;06:45;14;07:20;;;;;;;;;;;;;;;;;;;;;;;;;;;;;;;;;;;;;;;;;;;;;;;;;14;07:20;14;07:20;15;20:05;15;20:05;;;;;;;;;;;;;;;;;;;;;;;;;;;;;;;;;;;;;;;;;;;;;;;;;15;20:05;15;20:15;15;20:15;15;20:20;15;20:20;15;20:25;15;20:25;15;20:30;15;20:30;15;20:50;
S2025;3765;48.0;299.91;11.8;0;0;0;12;08:06;1.5;14.67;4.5;20.67;BTP;33;BERÇO BTP 2;13;04:50;13;05:10;13;05:10;13;05:15;13;05:15;13;05:20;13;05:20;13;05:25;13;05:25;13;05:30;13;05:30;13;05:35;13;05:35;13;05:40;13;05:40;13;05:45;13;05:45;13;05:50;13;05:50;13;05:55;13;05:55;13;06:00;13;06:00;13;06:05;13;06:05;13;06:20;;;;;;;;;;;;;;;;;13;06:20;13;06:20;15;20:25;;;;;;;;;;;;;;;;;;;;;;;;;;;;;;;;;;;;;;;;;;;;;;;;;;;;;;;;;;;;;;;;;;;;;;;
S2025;3766;24.0;146.5;9.5;0;0;0;12;08:15;0.0;0.0;0.0;0.0;ULTRACARGO;4;BERÇO AL 03;12;08:15;12;08:35;12;08:35;12;08:40;12;08:40;12;08:45;12;08:45;12;08:50;12;08:50;12;08:55;12;08:55;12;09:00;12;09:00;12;09:05;12;09:05;12;09:10;12;09:10;12;09:15;12;09:15;12;09:20;12;09:20;12;09:25;12;09:25;12;09:30;12;09:30;12;09:35;12;09:35;12;09:50;;;;;;;;;;;;;12;09:50;12;09:50;14;22:20;15;00:10;;;;;;;;;;;;;15;00:10;15;00:40;15;00:40;15;00:45;15;00:45;15;00:50;15;00:50;15;00:55;15;00:55;15;01:00;15;01:00;15;01:05;15;01:05;15;01:10;15;01:10;15;01:15;15;01:15;15;01:20;15;01:20;15;01:25;15;01:25;15;01:30;15;01:30;15;01:35;15;01:35;15;01:40;15;01:40;15;02:00;
S2025;3776;48.0;335.98;13.6;0;0;0;12;20:30;1.5;3.58;2.92;8.0;BTP;32;BERÇO BTP 1;13;04:30;13;04:50;13;04:50;13;04:55;13;04:55;13;05:00;13;05:00;13;05:05;13;05:05;13;05:10;13;05:10;13;05:15;13;05:15;13;05:20;13;05:20;13;05:25;13;05:25;13;05:30;13;05:30;13;05:35;13;05:35;13;05:40;13;05:40;13;05:45;13;05:45;13;06:00;;;;;;;;;;;;;;;;;13;06:00;13;06:00;14;18:40;15;04:40;;;;;;;;;;;;;;;;;15;04:40;15;05:10;15;05:10;15;05:15;15;05:15;15;05:20;15;05:20;15;05:25;15;05:25;15;05:30;15;05:30;15;05:35;15;05:35;15;05:40;15;05:40;15;05:45;15;05:45;15;05:50;15;05:50;15;05:55;15;05:55;15;06:00;15;06:00;15;06:05;15;06:05;15;06:25;
S2025;3787;37.0;199.98;8.3;0;0;1;13;11:24;0.0;6.5;0.0;6.5;TEV;58;BERÇO TEV;13;17:55;13;18:15;13;18:15;13;18:20;13;18:20;13;18:25;13;18:25;13;18:30;13;18:30;13;18:35;13;18:35;13;18:40;13;18:40;13;19:15;;;;;;;;;;;;;;;;;;;;;;;;;;;;;;;;;;;;;;;;;13;19:15;13;19:15;15;06:10;15;06:10;;;;;;;;;;;;;;;;;;;;;;;;;;;;;;;;;;;;;;;;;15;06:10;15;06:20;15;06:20;15;06:25;15;06:25;15;06:30;15;06:30;15;06:35;15;06:35;15;06:40;15;06:40;15;06:45;15;06:45;15;07:05;
S2025;3788;32.0;183.1;8.1;0;0;0;13;11:35;0.0;0.0;0.42;0.42;AGEO_TERMINAIS;1;BERÇO Ageo I;13;12:00;13;12:20;13;12:20;13;12:25;13;12:25;13;12:30;13;12:30;13;12:35;13;12:35;13;12:40;13;12:40;13;12:45;13;12:45;13;12:50;13;12:50;13;12:55;13;12:55;13;13:00;13;13:00;13;13:05;13;13:05;13;13:10;13;13:10;13;13:25;;;;;;;;;;;;;;;;;;;;;13;13:25;13;13:25;15;10:20;15;15:45;;;;;;;;;;;;;;;;;;;;;15;15:45;15;16:15;15;16:15;15;16:20;15;16:20;15;16:25;15;16:25;15;16:30;15;16:30;15;16:35;15;16:35;15;16:40;15;16:40;15;16:45;15;16:45;15;16:50;15;16:50;15;16:55;15;16:55;15;17:00;15;17:00;15;17:05;15;17:05;15;17:25;
S2025;3791;37.0;254.73;9.5;0;0;0;13;20:36;1.33;11.08;0.0;12.42;DPW - CGC;42;BERÇO DPW 1;14;09:05;14;09:25;14;09:25;14;09:30;14;09:30;14;09:35;14;09:35;14;09:40;14;09:40;14;09:45;14;09:45;14;09:50;14;09:50;14;09:55;14;09:55;14;10:00;14;10:00;14;10:05;14;10:05;14;10:10;14;10:10;14;10:25;;;;;;;;;;;;;;;;;;;;;;;;;14;10:25;14;10:25;15;06:25;15;12:00;;;;;;;;;;;;;;;;;;;;;;;;;15;12:00;15;12:30;15;12:30;15;12:35;15;12:35;15;12:40;15;12:40;15;12:45;15;12:45;15;12:50;15;12:50;15;12:55;15;12:55;15;13:00;15;13:00;15;13:05;15;13:05;15;13:10;15;13:10;15;13:15;15;13:15;15;13:35;
S2025;3792;25.0;182.47;9.4;0;0;0;13;23:20;0.67;3.5;0.0;4.17;SANTOSBR;52;BERÇO TECON 1.1;14;03:30;14;03:50;14;03:50;14;03:55;14;03:55;14;04:00;14;04:00;14;04:05;14;04:05;14;04:10;14;04:10;14;04:25;;;;;;;;;;;;;;;;;;;;;;;;;;;;;;;;;;;;;;;;;;;;;14;04:25;14;04:25;15;11:45;15;13:20;;;;;;;;;;;;;;;;;;;;;;;;;;;;;;;;;;;;;;;;;;;;;15;13:20;15;13:50;15;13:50;15;13:55;15;13:55;15;14:00;15;14:00;15;14:05;15;14:05;15;14:10;15;14:10;15;14:30;
S2025;3794;32.0;182.68;9.2;0;0;0;14;03:00;0.0;0.0;0.17;0.17;AGEO_TERMINAIS;47;BERÇO IB SP;14;03:10;14;03:30;14;03:30;14;03:35;14;03:35;14;03:40;14;03:40;14;03:45;14;03:45;14;03:50;14;03:50;14;03:55;14;03:55;14;04:00;14;04:00;14;04:05;14;04:05;14;04:10;14;04:10;14;04:15;14;04:15;14;04:20;14;04:20;14;04:35;;;;;;;;;;;;;;;;;;;;;14;04:35;14;04:35;15;12:15;15;13:05;;;;;;;;;;;;;;;;;;;;;15;13:05;15;13:35;15;13:35;15;13:40;15;13:40;15;13:45;15;13:45;15;13:50;15;13:50;15;13:55;15;13:55;15;14:00;15;14:00;15;14:05;15;14:05;15;14:10;15;14:10;15;14:15;15;14:15;15;14:20;15;14:20;15;14:25;15;14:25;15;14:45;
S2025;3795;33.0;177.9;8.2;0;0;0;14;04:00;0.0;0.0;2.42;2.42;SAIPEM;48;BERÇO SAIPEM 1;14;06:25;14;06:45;14;06:45;14;07:20;;;;;;;;;;;;;;;;;;;;;;;;;;;;;;;;;;;;;;;;;;;;;;;;;;;;;;;;;;;;;14;07:20;14;07:20;16;23:45;;;;;;;;;;;;;;;;;;;;;;;;;;;;;;;;;;;;;;;;;;;;;;;;;;;;;;;;;;;;;;;;;;;;;;;
S2025;3796;32.0;259.8;8.8;0;0;0;14;05:06;0.0;4.5;0.0;4.5;SANTOSBR;55;BERÇO TECON 3;14;09:40;14;10:00;14;10:00;14;10:05;14;10:05;14;10:10;14;10:10;14;10:15;14;10:15;14;10:20;14;10:20;14;10:35;;;;;;;;;;;;;;;;;;;;;;;;;;;;;;;;;;;;;;;;;;;;;14;10:35;14;10:35;15;02:50;15;03:55;;;;;;;;;;;;;;;;;;;;;;;;;;;;;;;;;;;;;;;;;;;;;15;03:55;15;04:25;15;04:25;15;04:30;15;04:30;15;04:35;15;04:35;15;04:40;15;04:40;15;04:45;15;04:45;15;05:05;
S2025;3797;36.0;209.99;9.6;0;0;0;14;05:54;0.0;0.0;2.33;2.33;ECOPORTO;34;BERÇO BTP 3;14;08:15;14;08:35;14;08:35;14;08:40;14;08:40;14;08:45;14;08:45;14;08:50;14;08:50;14;08:55;14;08:55;14;09:00;14;09:00;14;09:05;14;09:05;14;09:10;14;09:10;14;09:15;14;09:15;14;09:20;14;09:20;14;09:25;14;09:25;14;09:30;14;09:30;14;09:45;;;;;;;;;;;;;;;;;14;09:45;14;09:45;16;17:25;;;;;;;;;;;;;;;;;;;;;;;;;;;;;;;;;;;;;;;;;;;;;;;;;;;;;;;;;;;;;;;;;;;;;;;
S2025;3799;32.0;204.85;8.1;0;0;0;14;09:00;0.0;0.0;0.33;0.33;CITROSUCO;18;BERÇO ARM 29;14;09:20;14;09:40;14;09:40;14;09:45;14;09:45;14;09:50;14;09:50;14;09:55;14;09:55;14;10:00;14;10:00;14;10:05;14;10:05;14;10:40;;;;;;;;;;;;;;;;;;;;;;;;;;;;;;;;;;;;;;;;;14;10:40;14;10:40;17;02:10;;;;;;;;;;;;;;;;;;;;;;;;;;;;;;;;;;;;;;;;;;;;;;;;;;;;;;;;;;;;;;;;;;;;;;;
S2025;3802;32.0;189.99;10.64;0;0;0;14;11:45;0.0;0.0;0.5;0.5;CUTRALE - GSA - E;40;BERÇO CUTRALE;14;12:15;14;12:35;14;12:35;14;12:40;14;12:40;14;12:45;14;12:45;14;13:20;;;;;;;;;;;;;;;;;;;;;;;;;;;;;;;;;;;;;;;;;;;;;;;;;;;;;14;13:20;14;13:20;15;03:30;15;03:35;;;;;;;;;;;;;;;;;;;;;;;;;;;;;;;;;;;;;;;;;;;;;;;;;;;;;15;03:35;15;03:45;15;03:45;15;03:50;15;03:50;15;03:55;15;03:55;15;04:15;
S2025;3806;35.0;185.96;9.6;0;0;0;14;16:00;0.0;2.75;0.0;2.75;SANTOSBR;53;BERÇO TECON 1.2;14;18:45;14;19:05;14;19:05;14;19:10;14;19:10;14;19:15;14;19:15;14;19:20;14;19:20;14;19:25;14;19:25;14;19:40;;;;;;;;;;;;;;;;;;;;;;;;;;;;;;;;;;;;;;;;;;;;;14;19:40;14;19:40;15;21:40;15;22:05;;;;;;;;;;;;;;;;;;;;;;;;;;;;;;;;;;;;;;;;;;;;;15;22:05;15;22:35;15;22:35;15;22:40;15;22:40;15;22:45;15;22:45;15;22:50;15;22:50;15;22:55;15;22:55;15;23:15;
S2025;3807;32.0;182.98;9.0;0;0;0;14;16:12;0.0;0.0;1.92;1.92;DOW;41;BERÇO DOW;14;18:10;14;18:30;14;18:30;14;18:35;14;18:35;14;18:40;14;18:40;14;18:55;;;;;;;;;;;;;;;;;;;;;;;;;;;;;;;;;;;;;;;;;;;;;;;;;;;;;14;18:55;14;18:55;16;04:15;;;;;;;;;;;;;;;;;;;;;;;;;;;;;;;;;;;;;;;;;;;;;;;;;;;;;;;;;;;;;;;;;;;;;;;
S2025;3808;32.0;182.98;9.8;0;0;0;14;17:00;0.0;0.0;3.0;3.0;VOPAK;5;BERÇO AL 04;14;20:00;14;20:20;14;20:20;14;20:25;14;20:25;14;20:30;14;20:30;14;20:35;14;20:35;14;20:40;14;20:40;14;20:45;14;20:45;14;20:50;14;20:50;14;20:55;14;20:55;14;21:00;14;21:00;14;21:05;14;21:05;14;21:10;14;21:10;14;21:15;14;21:15;14;21:20;14;21:20;14;21:35;;;;;;;;;;;;;14;21:35;14;21:35;17;07:25;;;;;;;;;;;;;;;;;;;;;;;;;;;;;;;;;;;;;;;;;;;;;;;;;;;;;;;;;;;;;;;;;;;;;;;
S2025;3809;32.0;199.98;7.05;0;0;0;14;17:18;0.0;0.0;1.83;1.83;DPW - CGNC;44;BERÇO DPW 3;14;19:10;14;19:30;14;19:30;14;19:35;14;19:35;14;19:40;14;19:40;14;19:45;14;19:45;14;19:50;14;19:50;14;19:55;14;19:55;14;20:00;14;20:00;14;20:05;14;20:05;14;20:10;14;20:10;14;20:45;;;;;;;;;;;;;;;;;;;;;;;;;;;;;14;20:45;14;20:45;17;06:35;;;;;;;;;;;;;;;;;;;;;;;;;;;;;;;;;;;;;;;;;;;;;;;;;;;;;;;;;;;;;;;;;;;;;;;
S2025;3525;0.0;229.0;7.93;0;0;0;-2;11:18;202.83;102.58;98.67;404.08;ELEVACOES;12;BERÇO ARM 16/17;15;07:25;15;07:45;15;07:45;15;07:50;15;07:50;15;07:55;15;07:55;15;08:00;15;08:00;15;08:05;15;08:05;15;08:10;15;08:10;15;08:15;15;08:15;15;08:20;15;08:20;15;08:55;;;;;;;;;;;;;;;;;;;;;;;;;;;;;;;;;15;08:55;15;08:55;17;02:25;;;;;;;;;;;;;;;;;;;;;;;;;;;;;;;;;;;;;;;;;;;;;;;;;;;;;;;;;;;;;;;;;;;;;;;
S2025;3546;32.0;199.9;8.56;0;0;0;-1;23:30;115.67;141.08;121.83;378.58;ELEVACOES;13;BERÇO ARM 19;15;18:05;15;18:25;15;18:25;15;18:30;15;18:30;15;18:35;15;18:35;15;18:40;15;18:40;15;18:45;15;18:45;15;18:50;15;18:50;15;18:55;15;18:55;15;19:30;;;;;;;;;;;;;;;;;;;;;;;;;;;;;;;;;;;;;15;19:30;15;19:30;17;10:40;;;;;;;;;;;;;;;;;;;;;;;;;;;;;;;;;;;;;;;;;;;;;;;;;;;;;;;;;;;;;;;;;;;;;;;
S2025;3668;32.0;225.0;7.2;0;0;0;6;15:50;26.75;173.42;9.25;209.42;TIPLAM - GSA - E;62;BERÇO TIPLAM 3;15;09:15;15;09:35;15;09:35;15;09:40;15;09:40;15;09:45;15;09:45;15;09:50;15;09:50;15;09:55;15;09:55;15;10:00;15;10:00;15;10:05;15;10:05;15;10:10;15;10:10;15;10:15;15;10:15;15;10:20;15;10:20;15;10:25;15;10:25;15;10:30;15;10:30;15;10:35;15;10:35;15;10:40;15;10:40;15;10:45;15;10:45;15;11:05;15;11:05;15;11:50;15;11:50;15;11:50;17;18:25;;;;;;;;;;;;;;;;;;;;;;;;;;;;;;;;;;;;;;;;;;;;;;;;;;;;;;;;;;;;;;;;;;;;;;;
S2025;3681;30.0;179.96;10.14;0;0;0;7;08:36;14.17;184.25;0.0;198.42;NITA;10;BERÇO ARM 13/14;15;15:05;15;15:25;15;15:25;15;15:30;15;15:30;15;15:35;15;15:35;15;15:40;15;15:40;15;15:45;15;15:45;15;15:50;15;15:50;15;15:55;15;15:55;15;16:00;15;16:00;15;16:15;;;;;;;;;;;;;;;;;;;;;;;;;;;;;;;;;15;16:15;15;16:15;25;00:45;;;;;;;;;;;;;;;;;;;;;;;;;;;;;;;;;;;;;;;;;;;;;;;;;;;;;;;;;;;;;;;;;;;;;;;
S2025;3725;32.0;199.98;10.22;0;0;0;9;21:00;13.33;100.58;12.0;125.92;TIPLAM - GSM - I;63;BERÇO TIPLAM 4;15;02:55;15;03:15;15;03:15;15;03:20;15;03:20;15;03:25;15;03:25;15;03:30;15;03:30;15;03:35;15;03:35;15;03:40;15;03:40;15;03:45;15;03:45;15;03:50;15;03:50;15;03:55;15;03:55;15;04:00;15;04:00;15;04:05;15;04:05;15;04:10;15;04:10;15;04:15;15;04:15;15;04:20;15;04:20;15;04:25;15;04:25;15;04:45;15;04:45;15;05:00;15;05:00;15;05:00;18;06:35;;;;;;;;;;;;;;;;;;;;;;;;;;;;;;;;;;;;;;;;;;;;;;;;;;;;;;;;;;;;;;;;;;;;;;;
S2025;3739;32.0;228.99;6.8;0;0;0;10;22:18;58.5;46.08;1.67;106.25;ADM;30;BERÇO ARM 39;15;08:35;15;08:55;15;08:55;15;09:00;15;09:00;15;09:05;15;09:05;15;09:40;;;;;;;;;;;;;;;;;;;;;;;;;;;;;;;;;;;;;;;;;;;;;;;;;;;;;15;09:40;15;09:40;17;23:40;;;;;;;;;;;;;;;;;;;;;;;;;;;;;;;;;;;;;;;;;;;;;;;;;;;;;;;;;;;;;;;;;;;;;;;
S2025;3780;48.0;299.18;9.95;0;0;0;13;05:24;40.33;7.67;2.67;50.67;BTP;32;BERÇO BTP 1;15;08:05;15;08:25;15;08:25;15;08:30;15;08:30;15;08:35;15;08:35;15;08:40;15;08:40;15;08:45;15;08:45;15;08:50;15;08:50;15;08:55;15;08:55;15;09:00;15;09:00;15;09:05;15;09:05;15;09:10;15;09:10;15;09:15;15;09:15;15;09:20;15;09:20;15;09:55;;;;;;;;;;;;;;;;;15;09:55;15;09:55;16;18:25;;;;;;;;;;;;;;;;;;;;;;;;;;;;;;;;;;;;;;;;;;;;;;;;;;;;;;;;;;;;;;;;;;;;;;;
S2025;3781;32.0;199.95;9.7;0;0;1;13;05:30;2.67;46.08;3.75;52.5;TEV;58;BERÇO TEV;15;10:00;15;10:20;15;10:20;15;10:25;15;10:25;15;10:30;15;10:30;15;10:35;15;10:35;15;10:40;15;10:40;15;10:45;15;10:45;15;11:20;;;;;;;;;;;;;;;;;;;;;;;;;;;;;;;;;;;;;;;;;15;11:20;15;11:20;15;22:50;15;22:50;;;;;;;;;;;;;;;;;;;;;;;;;;;;;;;;;;;;;;;;;15;22:50;15;23:00;15;23:00;15;23:05;15;23:05;15;23:10;15;23:10;15;23:15;15;23:15;15;23:20;15;23:20;15;23:25;15;23:25;15;23:45;
S2025;3782;51.0;335.0;11.9;0;0;0;13;05:45;37.67;5.08;7.17;49.92;SANTOSBR;54;BERÇO TECON 2;15;07:40;15;08:00;15;08:00;15;08:05;15;08:05;15;08:10;15;08:10;15;08:15;15;08:15;15;08:20;15;08:20;15;08:35;;;;;;;;;;;;;;;;;;;;;;;;;;;;;;;;;;;;;;;;;;;;;15;08:35;15;08:35;16;23:20;;;;;;;;;;;;;;;;;;;;;;;;;;;;;;;;;;;;;;;;;;;;;;;;;;;;;;;;;;;;;;;;;;;;;;;
S2025;3793;42.0;334.0;13.4;0;0;0;14;00:48;28.17;0.67;2.67;31.5;SANTOSBR;55;BERÇO TECON 3;15;08:20;15;08:40;15;08:40;15;08:45;15;08:45;15;08:50;15;08:50;15;08:55;15;08:55;15;09:00;15;09:00;15;09:15;;;;;;;;;;;;;;;;;;;;;;;;;;;;;;;;;;;;;;;;;;;;;15;09:15;15;09:15;16;04:10;;;;;;;;;;;;;;;;;;;;;;;;;;;;;;;;;;;;;;;;;;;;;;;;;;;;;;;;;;;;;;;;;;;;;;;
S2025;3812;48.0;299.9;12.3;0;0;0;14;23:12;11.25;8.67;2.67;22.58;SANTOSBR;53;BERÇO TECON 1.2;15;21:50;15;22:10;15;22:10;15;22:15;15;22:15;15;22:20;15;22:20;15;22:25;15;22:25;15;22:30;15;22:30;15;22:45;;;;;;;;;;;;;;;;;;;;;;;;;;;;;;;;;;;;;;;;;;;;;15;22:45;15;22:45;17;01:30;;;;;;;;;;;;;;;;;;;;;;;;;;;;;;;;;;;;;;;;;;;;;;;;;;;;;;;;;;;;;;;;;;;;;;;
S2025;3825;35.0;185.97;8.3;0;0;0;15;13:20;0.0;2.25;0.0;2.25;SANTOSBR;52;BERÇO TECON 1.1;15;15:35;15;15:55;15;15:55;15;16:00;15;16:00;15;16:05;15;16:05;15;16:10;15;16:10;15;16:15;15;16:15;15;16:30;;;;;;;;;;;;;;;;;;;;;;;;;;;;;;;;;;;;;;;;;;;;;15;16:30;15;16:30;16;06:40;;;;;;;;;;;;;;;;;;;;;;;;;;;;;;;;;;;;;;;;;;;;;;;;;;;;;;;;;;;;;;;;;;;;;;;
S2025;3786;32.0;199.98;6.86;0;0;0;13;10:00;2.83;50.5;0.0;53.33;COPESUCAR;14;BERÇO ARM 20/21;15;15:20;15;15:40;15;15:40;15;15:45;15;15:45;15;15:50;15;15:50;15;15:55;15;15:55;15;16:00;15;16:00;15;16:05;15;16:05;15;16:10;15;16:10;15;16:45;;;;;;;;;;;;;;;;;;;;;;;;;;;;;;;;;;;;;15;16:45;15;16:45;18;01:20;;;;;;;;;;;;;;;;;;;;;;;;;;;;;;;;;;;;;;;;;;;;;;;;;;;;;;;;;;;;;;;;;;;;;;;
S2025;3834;36.0;236.32;8.5;0;0;0;15;20:30;0.0;0.42;0.0;0.42;ECOPORTO;70;BERÇO VAL;15;20:55;15;21:15;15;21:15;15;21:20;15;21:20;15;21:25;15;21:25;15;21:30;15;21:30;15;21:35;15;21:35;15;21:40;15;21:40;15;21:45;15;21:45;15;21:50;15;21:50;15;21:55;15;21:55;15;22:00;15;22:00;15;22:05;15;22:05;15;22:20;;;;;;;;;;;;;;;;;;;;;15;22:20;15;22:20;17;14:30;;;;;;;;;;;;;;;;;;;;;;;;;;;;;;;;;;;;;;;;;;;;;;;;;;;;;;;;;;;;;;;;;;;;;;;
S2025;3814;32.0;225.0;11.7;0;0;0;15;00:10;1.67;0.0;8.42;10.08;ELDORADO;21;BERÇO ARM 31;15;10:15;15;10:35;15;10:35;15;10:40;15;10:40;15;10:45;15;10:45;15;10:50;15;10:50;15;10:55;15;10:55;15;11:30;;;;;;;;;;;;;;;;;;;;;;;;;;;;;;;;;;;;;;;;;;;;;15;11:30;15;11:30;16;14:30;;;;;;;;;;;;;;;;;;;;;;;;;;;;;;;;;;;;;;;;;;;;;;;;;;;;;;;;;;;;;;;;;;;;;;;
S2025;3815;40.0;182.9;7.0;0;0;0;15;01:00;0.0;0.0;0.25;0.25;TRANSPETRO;2;BERÇO AL 01;15;01:15;15;01:35;15;01:35;15;01:40;15;01:40;15;01:45;15;01:45;15;01:50;15;01:50;15;01:55;15;01:55;15;02:00;15;02:00;15;02:05;15;02:05;15;02:10;15;02:10;15;02:15;15;02:15;15;02:20;15;02:20;15;02:25;15;02:25;15;02:30;15;02:30;15;02:35;15;02:35;15;03:10;;;;;;;;;;;;;15;03:10;15;03:10;17;12:35;;;;;;;;;;;;;;;;;;;;;;;;;;;;;;;;;;;;;;;;;;;;;;;;;;;;;;;;;;;;;;;;;;;;;;;
S2025;3816;25.0;156.53;8.7;0;0;0;15;04:00;0.0;0.0;5.5;5.5;VOPAK;3;BERÇO AL 02;15;09:30;15;09:50;15;09:50;15;09:55;15;09:55;15;10:00;15;10:00;15;10:05;15;10:05;15;10:10;15;10:10;15;10:15;15;10:15;15;10:20;15;10:20;15;10:25;15;10:25;15;10:30;15;10:30;15;10:35;15;10:35;15;10:40;15;10:40;15;10:45;15;10:45;15;10:50;15;10:50;15;11:05;;;;;;;;;;;;;15;11:05;15;11:05;16;12:35;;;;;;;;;;;;;;;;;;;;;;;;;;;;;;;;;;;;;;;;;;;;;;;;;;;;;;;;;;;;;;;;;;;;;;;
S2025;3817;37.0;228.0;10.8;0;0;0;15;05:20;0.0;0.0;4.42;4.42;DPW - CGC;43;BERÇO DPW 2;15;09:45;15;10:05;15;10:05;15;10:10;15;10:10;15;10:15;15;10:15;15;10:20;15;10:20;15;10:25;15;10:25;15;10:30;15;10:30;15;10:35;15;10:35;15;10:40;15;10:40;15;10:45;15;10:45;15;10:50;15;10:50;15;11:05;;;;;;;;;;;;;;;;;;;;;;;;;15;11:05;15;11:05;16;08:45;;;;;;;;;;;;;;;;;;;;;;;;;;;;;;;;;;;;;;;;;;;;;;;;;;;;;;;;;;;;;;;;;;;;;;;
S2025;3823;40.0;306.0;11.55;0;0;0;15;09:48;2.5;2.5;0.0;5.0;DPW - CGC;42;BERÇO DPW 1;15;14:50;15;15:10;15;15:10;15;15:15;15;15:15;15;15:20;15;15:20;15;15:25;15;15:25;15;15:30;15;15:30;15;15:35;15;15:35;15;15:40;15;15:40;15;15:45;15;15:45;15;15:50;15;15:50;15;15:55;15;15:55;15;16:10;;;;;;;;;;;;;;;;;;;;;;;;;15;16:10;15;16:10;16;11:45;;;;;;;;;;;;;;;;;;;;;;;;;;;;;;;;;;;;;;;;;;;;;;;;;;;;;;;;;;;;;;;;;;;;;;;
S2025;3820;32.0;199.9;11.6;0;0;0;15;08:00;0.0;0.0;2.58;2.58;BRACELL;73;BERÇO ARM 35P1;15;10:35;15;10:55;15;10:55;15;11:00;15;11:00;15;11:05;15;11:05;15;11:10;15;11:10;15;11:45;;;;;;;;;;;;;;;;;;;;;;;;;;;;;;;;;;;;;;;;;;;;;;;;;15;11:45;15;11:45;18;15:10;;;;;;;;;;;;;;;;;;;;;;;;;;;;;;;;;;;;;;;;;;;;;;;;;;;;;;;;;;;;;;;;;;;;;;;
S2025;3821;26.0;170.0;7.2;0;0;0;15;09:00;0.0;0.0;1.83;1.83;CUTRALE - GL;40;BERÇO CUTRALE;15;10:50;15;11:10;15;11:10;15;11:15;15;11:15;15;11:20;15;11:20;15;11:55;;;;;;;;;;;;;;;;;;;;;;;;;;;;;;;;;;;;;;;;;;;;;;;;;;;;;15;11:55;15;11:55;18;23:35;;;;;;;;;;;;;;;;;;;;;;;;;;;;;;;;;;;;;;;;;;;;;;;;;;;;;;;;;;;;;;;;;;;;;;;
S2025;3824;32.3;224.9;6.79;0;0;0;15;10:05;0.0;11.08;0.0;11.08;TGG;59;BERÇO TGG;15;21:10;15;21:30;15;21:30;15;21:35;15;21:35;15;21:40;15;21:40;15;21:45;15;21:45;15;22:20;;;;;;;;;;;;;;;;;;;;;;;;;;;;;;;;;;;;;;;;;;;;;;;;;15;22:20;15;22:20;17;07:25;;;;;;;;;;;;;;;;;;;;;;;;;;;;;;;;;;;;;;;;;;;;;;;;;;;;;;;;;;;;;;;;;;;;;;;
S2025;3826;18.0;76.0;6.0;0;0;0;15;16:20;0.0;0.0;0.0;0.0;SAIPEM;49;BERÇO SAIPEM 2;15;16:20;15;16:40;15;16:40;15;17:15;;;;;;;;;;;;;;;;;;;;;;;;;;;;;;;;;;;;;;;;;;;;;;;;;;;;;;;;;;;;;15;17:15;15;17:15;16;16:35;;;;;;;;;;;;;;;;;;;;;;;;;;;;;;;;;;;;;;;;;;;;;;;;;;;;;;;;;;;;;;;;;;;;;;;
S2025;3525;0.0;229.0;7.93;0;0;0;-2;11:18;202.83;102.58;98.67;404.08;ELEVACOES;12;BERÇO ARM 16/17;15;07:25;15;07:45;15;07:45;15;07:50;15;07:50;15;07:55;15;07:55;15;08:00;15;08:00;15;08:05;15;08:05;15;08:10;15;08:10;15;08:15;15;08:15;15;08:20;15;08:20;15;08:55;;;;;;;;;;;;;;;;;;;;;;;;;;;;;;;;;15;08:55;15;08:55;17;02:25;;;;;;;;;;;;;;;;;;;;;;;;;;;;;;;;;;;;;;;;;;;;;;;;;;;;;;;;;;;;;;;;;;;;;;;
S2025;3546;32.0;199.9;8.56;0;0;0;-1;23:30;115.67;141.08;121.83;378.58;ELEVACOES;13;BERÇO ARM 19;15;18:05;15;18:25;15;18:25;15;18:30;15;18:30;15;18:35;15;18:35;15;18:40;15;18:40;15;18:45;15;18:45;15;18:50;15;18:50;15;18:55;15;18:55;15;19:30;;;;;;;;;;;;;;;;;;;;;;;;;;;;;;;;;;;;;15;19:30;15;19:30;17;10:40;;;;;;;;;;;;;;;;;;;;;;;;;;;;;;;;;;;;;;;;;;;;;;;;;;;;;;;;;;;;;;;;;;;;;;;
S2025;3600;32.0;228.99;6.74;0;0;0;3;06:00;106.58;103.42;18.75;228.75;COFCO;9;BERÇO ARM 12A;12;18:45;12;19:05;12;19:05;12;19:10;12;19:10;12;19:15;12;19:15;12;19:20;12;19:20;12;19:25;12;19:25;12;19:30;12;19:30;12;19:35;12;19:35;12;19:40;12;19:40;12;20:15;;;;;;;;;;;;;;;;;;;;;;;;;;;;;;;;;12;20:15;12;20:15;17;20:55;;;;;;;;;;;;;;;;;;;;;;;;;;;;;;;;;;;;;;;;;;;;;;;;;;;;;;;;;;;;;;;;;;;;;;;
S2025;3602;32.0;229.07;7.47;0;0;0;3;08:00;136.33;126.75;0.17;263.25;XXXIX;28;BERÇO ARM 37;14;07:15;14;07:35;14;07:35;14;07:40;14;07:40;14;07:45;14;07:45;14;08:20;;;;;;;;;;;;;;;;;;;;;;;;;;;;;;;;;;;;;;;;;;;;;;;;;;;;;14;08:20;14;08:20;16;07:40;16;07:40;;;;;;;;;;;;;;;;;;;;;;;;;;;;;;;;;;;;;;;;;;;;;;;;;;;;;16;07:40;16;07:50;16;07:50;16;07:55;16;07:55;16;08:00;16;08:00;16;08:20;
S2025;3658;36.0;228.99;14.2;0;0;0;6;11:18;9.08;102.92;1.5;113.5;TERMAG;57;BERÇO TERMAG;11;04:50;11;05:10;11;05:10;11;05:15;11;05:15;11;05:20;11;05:20;11;05:25;11;05:25;11;05:40;;;;;;;;;;;;;;;;;;;;;;;;;;;;;;;;;;;;;;;;;;;;;;;;;11;05:40;11;05:40;16;00:35;16;00:35;;;;;;;;;;;;;;;;;;;;;;;;;;;;;;;;;;;;;;;;;;;;;;;;;16;00:35;16;01:05;16;01:05;16;01:10;16;01:10;16;01:15;16;01:15;16;01:20;16;01:20;16;01:40;
S2025;3660;32.0;229.0;11.28;0;0;0;6;13:30;16.5;125.67;4.75;146.92;TIPLAM - GSM - I;61;BERÇO TIPLAM 2;12;16:25;12;16:45;12;16:45;12;16:50;12;16:50;12;16:55;12;16:55;12;17:00;12;17:00;12;17:05;12;17:05;12;17:10;12;17:10;12;17:15;12;17:15;12;17:20;12;17:20;12;17:25;12;17:25;12;17:30;12;17:30;12;17:35;12;17:35;12;17:40;12;17:40;12;17:45;12;17:45;12;17:50;12;17:50;12;17:55;12;17:55;12;18:15;12;18:15;12;18:30;12;18:30;12;18:30;19;19:30;;;;;;;;;;;;;;;;;;;;;;;;;;;;;;;;;;;;;;;;;;;;;;;;;;;;;;;;;;;;;;;;;;;;;;;
S2025;3668;32.0;225.0;7.2;0;0;0;6;15:50;26.75;173.42;9.25;209.42;TIPLAM - GSA - E;62;BERÇO TIPLAM 3;15;09:15;15;09:35;15;09:35;15;09:40;15;09:40;15;09:45;15;09:45;15;09:50;15;09:50;15;09:55;15;09:55;15;10:00;15;10:00;15;10:05;15;10:05;15;10:10;15;10:10;15;10:15;15;10:15;15;10:20;15;10:20;15;10:25;15;10:25;15;10:30;15;10:30;15;10:35;15;10:35;15;10:40;15;10:40;15;10:45;15;10:45;15;11:05;15;11:05;15;11:50;15;11:50;15;11:50;17;18:25;;;;;;;;;;;;;;;;;;;;;;;;;;;;;;;;;;;;;;;;;;;;;;;;;;;;;;;;;;;;;;;;;;;;;;;
S2025;3680;32.0;189.99;12.15;0;0;0;7;08:01;16.42;93.17;6.92;116.5;TIPLAM - GSM - I;60;BERÇO TIPLAM 1;12;04:35;12;04:55;12;04:55;12;05:00;12;05:00;12;05:05;12;05:05;12;05:10;12;05:10;12;05:15;12;05:15;12;05:20;12;05:20;12;05:25;12;05:25;12;05:30;12;05:30;12;05:35;12;05:35;12;05:40;12;05:40;12;05:45;12;05:45;12;05:50;12;05:50;12;05:55;12;05:55;12;06:00;12;06:00;12;06:05;12;06:05;12;06:25;12;06:25;12;07:10;12;07:10;12;07:10;19;20:30;;;;;;;;;;;;;;;;;;;;;;;;;;;;;;;;;;;;;;;;;;;;;;;;;;;;;;;;;;;;;;;;;;;;;;;
S2025;3681;30.0;179.96;10.14;0;0;0;7;08:36;14.17;184.25;0.0;198.42;NITA;10;BERÇO ARM 13/14;15;15:05;15;15:25;15;15:25;15;15:30;15;15:30;15;15:35;15;15:35;15;15:40;15;15:40;15;15:45;15;15:45;15;15:50;15;15:50;15;15:55;15;15:55;15;16:00;15;16:00;15;16:15;;;;;;;;;;;;;;;;;;;;;;;;;;;;;;;;;15;16:15;15;16:15;25;00:45;;;;;;;;;;;;;;;;;;;;;;;;;;;;;;;;;;;;;;;;;;;;;;;;;;;;;;;;;;;;;;;;;;;;;;;
S2025;3691;32.0;199.99;11.7;0;0;0;7;21:00;0.92;13.33;4.08;18.33;OUTROS_MACUCO;27;BERÇO ARM 35P2;8;15:20;8;15:40;8;15:40;8;15:45;8;15:45;8;15:50;8;15:50;8;15:55;8;15:55;8;16:00;8;16:00;8;16:15;;;;;;;;;;;;;;;;;;;;;;;;;;;;;;;;;;;;;;;;;;;;;8;16:15;8;16:15;20;04:55;;;;;;;;;;;;;;;;;;;;;;;;;;;;;;;;;;;;;;;;;;;;;;;;;;;;;;;;;;;;;;;;;;;;;;;
S2025;3714;32.0;179.95;7.46;0;0;0;9;04:15;6.75;100.92;0.0;107.67;TEAG;51;BERÇO TEAG;13;15:55;13;16:15;13;16:15;13;16:20;13;16:20;13;16:25;13;16:25;13;16:30;13;16:30;13;17:05;;;;;;;;;;;;;;;;;;;;;;;;;;;;;;;;;;;;;;;;;;;;;;;;;13;17:05;13;17:05;16;03:35;16;03:35;;;;;;;;;;;;;;;;;;;;;;;;;;;;;;;;;;;;;;;;;;;;;;;;;16;03:35;16;03:45;16;03:45;16;03:50;16;03:50;16;03:55;16;03:55;16;04:00;16;04:00;16;04:20;
S2025;3720;30.0;179.99;6.9;0;0;0;9;13:00;0.0;0.0;0.25;0.25;NST - GL;20;BERÇO ARM 30;9;13:15;9;13:35;9;13:35;9;13:40;9;13:40;9;13:45;9;13:45;9;13:50;9;13:50;9;13:55;9;13:55;9;14:30;;;;;;;;;;;;;;;;;;;;;;;;;;;;;;;;;;;;;;;;;;;;;9;14:30;9;14:30;16;16:40;16;18:25;;;;;;;;;;;;;;;;;;;;;;;;;;;;;;;;;;;;;;;;;;;;;16;18:25;16;18:35;16;18:35;16;18:40;16;18:40;16;18:45;16;18:45;16;18:50;16;18:50;16;18:55;16;18:55;16;19:15;
S2025;3725;32.0;199.98;10.22;0;0;0;9;21:00;13.33;100.58;12.0;125.92;TIPLAM - GSM - I;63;BERÇO TIPLAM 4;15;02:55;15;03:15;15;03:15;15;03:20;15;03:20;15;03:25;15;03:25;15;03:30;15;03:30;15;03:35;15;03:35;15;03:40;15;03:40;15;03:45;15;03:45;15;03:50;15;03:50;15;03:55;15;03:55;15;04:00;15;04:00;15;04:05;15;04:05;15;04:10;15;04:10;15;04:15;15;04:15;15;04:20;15;04:20;15;04:25;15;04:25;15;04:45;15;04:45;15;05:00;15;05:00;15;05:00;18;06:35;;;;;;;;;;;;;;;;;;;;;;;;;;;;;;;;;;;;;;;;;;;;;;;;;;;;;;;;;;;;;;;;;;;;;;;
S2025;3739;32.0;228.99;6.8;0;0;0;10;22:18;58.5;46.08;1.67;106.25;ADM;30;BERÇO ARM 39;15;08:35;15;08:55;15;08:55;15;09:00;15;09:00;15;09:05;15;09:05;15;09:40;;;;;;;;;;;;;;;;;;;;;;;;;;;;;;;;;;;;;;;;;;;;;;;;;;;;;15;09:40;15;09:40;17;23:40;;;;;;;;;;;;;;;;;;;;;;;;;;;;;;;;;;;;;;;;;;;;;;;;;;;;;;;;;;;;;;;;;;;;;;;
S2025;3741;32.0;224.9;7.0;0;0;0;10;23:30;21.17;67.42;1.83;90.42;TEG;56;BERÇO TEG;14;17:55;14;18:15;14;18:15;14;18:20;14;18:20;14;18:25;14;18:25;14;18:30;14;18:30;14;19:05;;;;;;;;;;;;;;;;;;;;;;;;;;;;;;;;;;;;;;;;;;;;;;;;;14;19:05;14;19:05;17;05:45;;;;;;;;;;;;;;;;;;;;;;;;;;;;;;;;;;;;;;;;;;;;;;;;;;;;;;;;;;;;;;;;;;;;;;;
S2025;3747;28.0;189.99;10.64;0;0;0;11;08:48;4.83;0.0;0.0;4.83;OUTROS_SABOO;36;BERÇO CS 01;11;13:40;11;14:00;11;14:00;11;14:05;11;14:05;11;14:10;11;14:10;11;14:15;11;14:15;11;14:20;11;14:20;11;14:25;11;14:25;11;14:30;11;14:30;11;14:35;11;14:35;11;14:40;11;14:40;11;14:45;11;14:45;11;14:50;11;14:50;11;15:05;;;;;;;;;;;;;;;;;;;;;11;15:05;11;15:05;17;22:40;;;;;;;;;;;;;;;;;;;;;;;;;;;;;;;;;;;;;;;;;;;;;;;;;;;;;;;;;;;;;;;;;;;;;;;
S2025;3765;48.0;299.91;11.8;0;0;0;12;08:06;1.5;14.67;4.5;20.67;BTP;33;BERÇO BTP 2;13;04:50;13;05:10;13;05:10;13;05:15;13;05:15;13;05:20;13;05:20;13;05:25;13;05:25;13;05:30;13;05:30;13;05:35;13;05:35;13;05:40;13;05:40;13;05:45;13;05:45;13;05:50;13;05:50;13;05:55;13;05:55;13;06:00;13;06:00;13;06:05;13;06:05;13;06:20;;;;;;;;;;;;;;;;;13;06:20;13;06:20;15;20:25;16;03:15;;;;;;;;;;;;;;;;;16;03:15;16;03:45;16;03:45;16;03:50;16;03:50;16;03:55;16;03:55;16;04:00;16;04:00;16;04:05;16;04:05;16;04:10;16;04:10;16;04:15;16;04:15;16;04:20;16;04:20;16;04:25;16;04:25;16;04:30;16;04:30;16;04:35;16;04:35;16;04:40;16;04:40;16;05:00;
S2025;3780;48.0;299.18;9.95;0;0;0;13;05:24;40.33;7.67;2.67;50.67;BTP;32;BERÇO BTP 1;15;08:05;15;08:25;15;08:25;15;08:30;15;08:30;15;08:35;15;08:35;15;08:40;15;08:40;15;08:45;15;08:45;15;08:50;15;08:50;15;08:55;15;08:55;15;09:00;15;09:00;15;09:05;15;09:05;15;09:10;15;09:10;15;09:15;15;09:15;15;09:20;15;09:20;15;09:55;;;;;;;;;;;;;;;;;15;09:55;15;09:55;16;18:25;16;18:30;;;;;;;;;;;;;;;;;16;18:30;16;18:40;16;18:40;16;18:45;16;18:45;16;18:50;16;18:50;16;18:55;16;18:55;16;19:00;16;19:00;16;19:05;16;19:05;16;19:10;16;19:10;16;19:15;16;19:15;16;19:20;16;19:20;16;19:25;16;19:25;16;19:30;16;19:30;16;19:35;16;19:35;16;19:55;
S2025;3782;51.0;335.0;11.9;0;0;0;13;05:45;37.67;5.08;7.17;49.92;SANTOSBR;54;BERÇO TECON 2;15;07:40;15;08:00;15;08:00;15;08:05;15;08:05;15;08:10;15;08:10;15;08:15;15;08:15;15;08:20;15;08:20;15;08:35;;;;;;;;;;;;;;;;;;;;;;;;;;;;;;;;;;;;;;;;;;;;;15;08:35;15;08:35;16;23:20;;;;;;;;;;;;;;;;;;;;;;;;;;;;;;;;;;;;;;;;;;;;;;;;;;;;;;;;;;;;;;;;;;;;;;;
S2025;3786;32.0;199.98;6.86;0;0;0;13;10:00;2.83;50.5;0.0;53.33;COPESUCAR;14;BERÇO ARM 20/21;15;15:20;15;15:40;15;15:40;15;15:45;15;15:45;15;15:50;15;15:50;15;15:55;15;15:55;15;16:00;15;16:00;15;16:05;15;16:05;15;16:10;15;16:10;15;16:45;;;;;;;;;;;;;;;;;;;;;;;;;;;;;;;;;;;;;15;16:45;15;16:45;18;01:20;;;;;;;;;;;;;;;;;;;;;;;;;;;;;;;;;;;;;;;;;;;;;;;;;;;;;;;;;;;;;;;;;;;;;;;
S2025;3793;42.0;334.0;13.4;0;0;0;14;00:48;28.17;0.67;2.67;31.5;SANTOSBR;55;BERÇO TECON 3;15;08:20;15;08:40;15;08:40;15;08:45;15;08:45;15;08:50;15;08:50;15;08:55;15;08:55;15;09:00;15;09:00;15;09:15;;;;;;;;;;;;;;;;;;;;;;;;;;;;;;;;;;;;;;;;;;;;;15;09:15;15;09:15;16;04:10;16;06:40;;;;;;;;;;;;;;;;;;;;;;;;;;;;;;;;;;;;;;;;;;;;;16;06:40;16;07:10;16;07:10;16;07:15;16;07:15;16;07:20;16;07:20;16;07:25;16;07:25;16;07:30;16;07:30;16;07:50;
S2025;3795;33.0;177.9;8.2;0;0;0;14;04:00;0.0;0.0;2.42;2.42;SAIPEM;48;BERÇO SAIPEM 1;14;06:25;14;06:45;14;06:45;14;07:20;;;;;;;;;;;;;;;;;;;;;;;;;;;;;;;;;;;;;;;;;;;;;;;;;;;;;;;;;;;;;14;07:20;14;07:20;16;23:45;;;;;;;;;;;;;;;;;;;;;;;;;;;;;;;;;;;;;;;;;;;;;;;;;;;;;;;;;;;;;;;;;;;;;;;
S2025;3797;36.0;209.99;9.6;0;0;0;14;05:54;0.0;0.0;2.33;2.33;ECOPORTO;34;BERÇO BTP 3;14;08:15;14;08:35;14;08:35;14;08:40;14;08:40;14;08:45;14;08:45;14;08:50;14;08:50;14;08:55;14;08:55;14;09:00;14;09:00;14;09:05;14;09:05;14;09:10;14;09:10;14;09:15;14;09:15;14;09:20;14;09:20;14;09:25;14;09:25;14;09:30;14;09:30;14;09:45;;;;;;;;;;;;;;;;;14;09:45;14;09:45;16;17:25;16;21:50;;;;;;;;;;;;;;;;;16;21:50;16;22:20;16;22:20;16;22:25;16;22:25;16;22:30;16;22:30;16;22:35;16;22:35;16;22:40;16;22:40;16;22:45;16;22:45;16;22:50;16;22:50;16;22:55;16;22:55;16;23:00;16;23:00;16;23:05;16;23:05;16;23:10;16;23:10;16;23:15;16;23:15;16;23:35;
S2025;3799;32.0;204.85;8.1;0;0;0;14;09:00;0.0;0.0;0.33;0.33;CITROSUCO;18;BERÇO ARM 29;14;09:20;14;09:40;14;09:40;14;09:45;14;09:45;14;09:50;14;09:50;14;09:55;14;09:55;14;10:00;14;10:00;14;10:05;14;10:05;14;10:40;;;;;;;;;;;;;;;;;;;;;;;;;;;;;;;;;;;;;;;;;14;10:40;14;10:40;17;02:10;;;;;;;;;;;;;;;;;;;;;;;;;;;;;;;;;;;;;;;;;;;;;;;;;;;;;;;;;;;;;;;;;;;;;;;
S2025;3807;32.0;182.98;9.0;0;0;0;14;16:12;0.0;0.0;1.92;1.92;DOW;41;BERÇO DOW;14;18:10;14;18:30;14;18:30;14;18:35;14;18:35;14;18:40;14;18:40;14;18:55;;;;;;;;;;;;;;;;;;;;;;;;;;;;;;;;;;;;;;;;;;;;;;;;;;;;;14;18:55;14;18:55;16;04:15;16;05:00;;;;;;;;;;;;;;;;;;;;;;;;;;;;;;;;;;;;;;;;;;;;;;;;;;;;;16;05:00;16;05:30;16;05:30;16;05:35;16;05:35;16;05:40;16;05:40;16;06:00;
S2025;3808;32.0;182.98;9.8;0;0;0;14;17:00;0.0;0.0;3.0;3.0;VOPAK;5;BERÇO AL 04;14;20:00;14;20:20;14;20:20;14;20:25;14;20:25;14;20:30;14;20:30;14;20:35;14;20:35;14;20:40;14;20:40;14;20:45;14;20:45;14;20:50;14;20:50;14;20:55;14;20:55;14;21:00;14;21:00;14;21:05;14;21:05;14;21:10;14;21:10;14;21:15;14;21:15;14;21:20;14;21:20;14;21:35;;;;;;;;;;;;;14;21:35;14;21:35;17;07:25;;;;;;;;;;;;;;;;;;;;;;;;;;;;;;;;;;;;;;;;;;;;;;;;;;;;;;;;;;;;;;;;;;;;;;;
S2025;3809;32.0;199.98;7.05;0;0;0;14;17:18;0.0;0.0;1.83;1.83;DPW - CGNC;44;BERÇO DPW 3;14;19:10;14;19:30;14;19:30;14;19:35;14;19:35;14;19:40;14;19:40;14;19:45;14;19:45;14;19:50;14;19:50;14;19:55;14;19:55;14;20:00;14;20:00;14;20:05;14;20:05;14;20:10;14;20:10;14;20:45;;;;;;;;;;;;;;;;;;;;;;;;;;;;;14;20:45;14;20:45;17;06:35;;;;;;;;;;;;;;;;;;;;;;;;;;;;;;;;;;;;;;;;;;;;;;;;;;;;;;;;;;;;;;;;;;;;;;;
S2025;3812;48.0;299.9;12.3;0;0;0;14;23:12;11.25;8.67;2.67;22.58;SANTOSBR;53;BERÇO TECON 1.2;15;21:50;15;22:10;15;22:10;15;22:15;15;22:15;15;22:20;15;22:20;15;22:25;15;22:25;15;22:30;15;22:30;15;22:45;;;;;;;;;;;;;;;;;;;;;;;;;;;;;;;;;;;;;;;;;;;;;15;22:45;15;22:45;17;01:30;;;;;;;;;;;;;;;;;;;;;;;;;;;;;;;;;;;;;;;;;;;;;;;;;;;;;;;;;;;;;;;;;;;;;;;
S2025;3814;32.0;225.0;11.7;0;0;0;15;00:10;1.67;0.0;8.42;10.08;ELDORADO;21;BERÇO ARM 31;15;10:15;15;10:35;15;10:35;15;10:40;15;10:40;15;10:45;15;10:45;15;10:50;15;10:50;15;10:55;15;10:55;15;11:30;;;;;;;;;;;;;;;;;;;;;;;;;;;;;;;;;;;;;;;;;;;;;15;11:30;15;11:30;16;14:30;16;14:30;;;;;;;;;;;;;;;;;;;;;;;;;;;;;;;;;;;;;;;;;;;;;16;14:30;16;14:40;16;14:40;16;14:45;16;14:45;16;14:50;16;14:50;16;14:55;16;14:55;16;15:00;16;15:00;16;15:20;
S2025;3815;40.0;182.9;7.0;0;0;0;15;01:00;0.0;0.0;0.25;0.25;TRANSPETRO;2;BERÇO AL 01;15;01:15;15;01:35;15;01:35;15;01:40;15;01:40;15;01:45;15;01:45;15;01:50;15;01:50;15;01:55;15;01:55;15;02:00;15;02:00;15;02:05;15;02:05;15;02:10;15;02:10;15;02:15;15;02:15;15;02:20;15;02:20;15;02:25;15;02:25;15;02:30;15;02:30;15;02:35;15;02:35;15;03:10;;;;;;;;;;;;;15;03:10;15;03:10;17;12:35;;;;;;;;;;;;;;;;;;;;;;;;;;;;;;;;;;;;;;;;;;;;;;;;;;;;;;;;;;;;;;;;;;;;;;;
S2025;3816;25.0;156.53;8.7;0;0;0;15;04:00;0.0;0.0;5.5;5.5;VOPAK;3;BERÇO AL 02;15;09:30;15;09:50;15;09:50;15;09:55;15;09:55;15;10:00;15;10:00;15;10:05;15;10:05;15;10:10;15;10:10;15;10:15;15;10:15;15;10:20;15;10:20;15;10:25;15;10:25;15;10:30;15;10:30;15;10:35;15;10:35;15;10:40;15;10:40;15;10:45;15;10:45;15;10:50;15;10:50;15;11:05;;;;;;;;;;;;;15;11:05;15;11:05;16;12:35;16;15:05;;;;;;;;;;;;;16;15:05;16;15:35;16;15:35;16;15:40;16;15:40;16;15:45;16;15:45;16;15:50;16;15:50;16;15:55;16;15:55;16;16:00;16;16:00;16;16:05;16;16:05;16;16:10;16;16:10;16;16:15;16;16:15;16;16:20;16;16:20;16;16:25;16;16:25;16;16:30;16;16:30;16;16:35;16;16:35;16;16:55;
S2025;3817;37.0;228.0;10.8;0;0;0;15;05:20;0.0;0.0;4.42;4.42;DPW - CGC;43;BERÇO DPW 2;15;09:45;15;10:05;15;10:05;15;10:10;15;10:10;15;10:15;15;10:15;15;10:20;15;10:20;15;10:25;15;10:25;15;10:30;15;10:30;15;10:35;15;10:35;15;10:40;15;10:40;15;10:45;15;10:45;15;10:50;15;10:50;15;11:05;;;;;;;;;;;;;;;;;;;;;;;;;15;11:05;15;11:05;16;08:45;16;09:50;;;;;;;;;;;;;;;;;;;;;;;;;16;09:50;16;10:20;16;10:20;16;10:25;16;10:25;16;10:30;16;10:30;16;10:35;16;10:35;16;10:40;16;10:40;16;10:45;16;10:45;16;10:50;16;10:50;16;10:55;16;10:55;16;11:00;16;11:00;16;11:05;16;11:05;16;11:25;
S2025;3820;32.0;199.9;11.6;0;0;0;15;08:00;0.0;0.0;2.58;2.58;BRACELL;73;BERÇO ARM 35P1;15;10:35;15;10:55;15;10:55;15;11:00;15;11:00;15;11:05;15;11:05;15;11:10;15;11:10;15;11:45;;;;;;;;;;;;;;;;;;;;;;;;;;;;;;;;;;;;;;;;;;;;;;;;;15;11:45;15;11:45;18;15:10;;;;;;;;;;;;;;;;;;;;;;;;;;;;;;;;;;;;;;;;;;;;;;;;;;;;;;;;;;;;;;;;;;;;;;;
S2025;3821;26.0;170.0;7.2;0;0;0;15;09:00;0.0;0.0;1.83;1.83;CUTRALE - GL;40;BERÇO CUTRALE;15;10:50;15;11:10;15;11:10;15;11:15;15;11:15;15;11:20;15;11:20;15;11:55;;;;;;;;;;;;;;;;;;;;;;;;;;;;;;;;;;;;;;;;;;;;;;;;;;;;;15;11:55;15;11:55;18;23:35;;;;;;;;;;;;;;;;;;;;;;;;;;;;;;;;;;;;;;;;;;;;;;;;;;;;;;;;;;;;;;;;;;;;;;;
S2025;3823;40.0;306.0;11.55;0;0;0;15;09:48;2.5;2.5;0.0;5.0;DPW - CGC;42;BERÇO DPW 1;15;14:50;15;15:10;15;15:10;15;15:15;15;15:15;15;15:20;15;15:20;15;15:25;15;15:25;15;15:30;15;15:30;15;15:35;15;15:35;15;15:40;15;15:40;15;15:45;15;15:45;15;15:50;15;15:50;15;15:55;15;15:55;15;16:10;;;;;;;;;;;;;;;;;;;;;;;;;15;16:10;15;16:10;16;11:45;16;14:20;;;;;;;;;;;;;;;;;;;;;;;;;16;14:20;16;14:50;16;14:50;16;14:55;16;14:55;16;15:00;16;15:00;16;15:05;16;15:05;16;15:10;16;15:10;16;15:15;16;15:15;16;15:20;16;15:20;16;15:25;16;15:25;16;15:30;16;15:30;16;15:35;16;15:35;16;15:55;
S2025;3824;32.3;224.9;6.79;0;0;0;15;10:05;0.0;11.08;0.0;11.08;TGG;59;BERÇO TGG;15;21:10;15;21:30;15;21:30;15;21:35;15;21:35;15;21:40;15;21:40;15;21:45;15;21:45;15;22:20;;;;;;;;;;;;;;;;;;;;;;;;;;;;;;;;;;;;;;;;;;;;;;;;;15;22:20;15;22:20;17;07:25;;;;;;;;;;;;;;;;;;;;;;;;;;;;;;;;;;;;;;;;;;;;;;;;;;;;;;;;;;;;;;;;;;;;;;;
S2025;3825;35.0;185.97;8.3;0;0;0;15;13:20;0.0;2.25;0.0;2.25;SANTOSBR;52;BERÇO TECON 1.1;15;15:35;15;15:55;15;15:55;15;16:00;15;16:00;15;16:05;15;16:05;15;16:10;15;16:10;15;16:15;15;16:15;15;16:30;;;;;;;;;;;;;;;;;;;;;;;;;;;;;;;;;;;;;;;;;;;;;15;16:30;15;16:30;16;06:40;16;10:00;;;;;;;;;;;;;;;;;;;;;;;;;;;;;;;;;;;;;;;;;;;;;16;10:00;16;10:30;16;10:30;16;10:35;16;10:35;16;10:40;16;10:40;16;10:45;16;10:45;16;10:50;16;10:50;16;11:10;
S2025;3826;18.0;76.0;6.0;0;0;0;15;16:20;0.0;0.0;0.0;0.0;SAIPEM;49;BERÇO SAIPEM 2;15;16:20;15;16:40;15;16:40;15;17:15;;;;;;;;;;;;;;;;;;;;;;;;;;;;;;;;;;;;;;;;;;;;;;;;;;;;;;;;;;;;;15;17:15;15;17:15;16;16:35;16;17:50;;;;;;;;;;;;;;;;;;;;;;;;;;;;;;;;;;;;;;;;;;;;;;;;;;;;;;;;;;;;;16;17:50;16;18:00;16;18:00;16;18:20;
S2025;3834;36.0;236.32;8.5;0;0;0;15;20:30;0.0;0.42;0.0;0.42;ECOPORTO;70;BERÇO VAL;15;20:55;15;21:15;15;21:15;15;21:20;15;21:20;15;21:25;15;21:25;15;21:30;15;21:30;15;21:35;15;21:35;15;21:40;15;21:40;15;21:45;15;21:45;15;21:50;15;21:50;15;21:55;15;21:55;15;22:00;15;22:00;15;22:05;15;22:05;15;22:20;;;;;;;;;;;;;;;;;;;;;15;22:20;15;22:20;17;14:30;;;;;;;;;;;;;;;;;;;;;;;;;;;;;;;;;;;;;;;;;;;;;;;;;;;;;;;;;;;;;;;;;;;;;;;
S2025;3640;37.0;210.0;8.14;0;0;0;5;08:00;23.75;236.92;3.83;264.5;XXXIX;28;BERÇO ARM 37;16;08:30;16;08:50;16;08:50;16;08:55;16;08:55;16;09:00;16;09:00;16;09:35;;;;;;;;;;;;;;;;;;;;;;;;;;;;;;;;;;;;;;;;;;;;;;;;;;;;;16;09:35;16;09:35;19;03:35;;;;;;;;;;;;;;;;;;;;;;;;;;;;;;;;;;;;;;;;;;;;;;;;;;;;;;;;;;;;;;;;;;;;;;;
S2025;3661;32.0;229.0;14.2;0;0;0;6;13:30;13.25;211.58;3.67;228.5;TERMAG;57;BERÇO TERMAG;16;02:00;16;02:20;16;02:20;16;02:25;16;02:25;16;02:30;16;02:30;16;02:35;16;02:35;16;02:50;;;;;;;;;;;;;;;;;;;;;;;;;;;;;;;;;;;;;;;;;;;;;;;;;16;02:50;16;02:50;19;13:45;;;;;;;;;;;;;;;;;;;;;;;;;;;;;;;;;;;;;;;;;;;;;;;;;;;;;;;;;;;;;;;;;;;;;;;
S2025;3798;27.0;169.37;9.88;0;0;0;14;08:32;1.83;58.0;0.0;59.83;BUNGE;20;BERÇO ARM 30;16;20:25;16;20:45;16;20:45;16;20:50;16;20:50;16;20:55;16;20:55;16;21:00;16;21:00;16;21:05;16;21:05;16;21:20;;;;;;;;;;;;;;;;;;;;;;;;;;;;;;;;;;;;;;;;;;;;;16;21:20;16;21:20;22;10:40;;;;;;;;;;;;;;;;;;;;;;;;;;;;;;;;;;;;;;;;;;;;;;;;;;;;;;;;;;;;;;;;;;;;;;;
S2025;3800;32.0;198.0;8.4;0;0;1;14;10:20;2.67;30.0;7.67;40.33;TEV;58;BERÇO TEV;16;02:40;16;03:00;16;03:00;16;03:05;16;03:05;16;03:10;16;03:10;16;03:15;16;03:15;16;03:20;16;03:20;16;03:25;16;03:25;16;04:00;;;;;;;;;;;;;;;;;;;;;;;;;;;;;;;;;;;;;;;;;16;04:00;16;04:00;16;16:45;16;18:35;;;;;;;;;;;;;;;;;;;;;;;;;;;;;;;;;;;;;;;;;16;18:35;16;18:45;16;18:45;16;18:50;16;18:50;16;18:55;16;18:55;16;19:00;16;19:00;16;19:05;16;19:05;16;19:10;16;19:10;16;19:30;
S2025;3801;45.0;299.9;9.7;0;0;0;14;11:30;3.0;30.75;5.17;38.92;BTP;33;BERÇO BTP 2;16;02:25;16;02:45;16;02:45;16;02:50;16;02:50;16;02:55;16;02:55;16;03:00;16;03:00;16;03:05;16;03:05;16;03:10;16;03:10;16;03:15;16;03:15;16;03:20;16;03:20;16;03:25;16;03:25;16;03:30;16;03:30;16;03:35;16;03:35;16;03:40;16;03:40;16;03:55;;;;;;;;;;;;;;;;;16;03:55;16;03:55;17;10:55;;;;;;;;;;;;;;;;;;;;;;;;;;;;;;;;;;;;;;;;;;;;;;;;;;;;;;;;;;;;;;;;;;;;;;;
S2025;3818;48.0;330.03;11.85;0;0;0;15;06:00;15.83;17.25;2.25;35.33;BTP;32;BERÇO BTP 1;16;17:20;16;17:40;16;17:40;16;17:45;16;17:45;16;17:50;16;17:50;16;17:55;16;17:55;16;18:00;16;18:00;16;18:05;16;18:05;16;18:10;16;18:10;16;18:15;16;18:15;16;18:20;16;18:20;16;18:25;16;18:25;16;18:30;16;18:30;16;18:35;16;18:35;16;19:10;;;;;;;;;;;;;;;;;16;19:10;16;19:10;17;17:45;;;;;;;;;;;;;;;;;;;;;;;;;;;;;;;;;;;;;;;;;;;;;;;;;;;;;;;;;;;;;;;;;;;;;;;
S2025;3804;48.0;330.0;14.0;0;0;0;14;13:24;15.92;34.5;5.17;55.58;ECOPORTO;34;BERÇO BTP 3;16;21:00;16;21:20;16;21:20;16;21:25;16;21:25;16;21:30;16;21:30;16;21:35;16;21:35;16;21:40;16;21:40;16;21:45;16;21:45;16;21:50;16;21:50;16;21:55;16;21:55;16;22:00;16;22:00;16;22:05;16;22:05;16;22:10;16;22:10;16;22:15;16;22:15;16;22:30;;;;;;;;;;;;;;;;;16;22:30;16;22:30;18;16:30;;;;;;;;;;;;;;;;;;;;;;;;;;;;;;;;;;;;;;;;;;;;;;;;;;;;;;;;;;;;;;;;;;;;;;;
S2025;3810;32.0;199.94;6.6;0;0;0;14;18:48;2.33;30.5;1.58;34.42;TEAG;51;BERÇO TEAG;16;05:15;16;05:35;16;05:35;16;05:40;16;05:40;16;05:45;16;05:45;16;05:50;16;05:50;16;06:25;;;;;;;;;;;;;;;;;;;;;;;;;;;;;;;;;;;;;;;;;;;;;;;;;16;06:25;16;06:25;18;11:00;;;;;;;;;;;;;;;;;;;;;;;;;;;;;;;;;;;;;;;;;;;;;;;;;;;;;;;;;;;;;;;;;;;;;;;
S2025;3827;32.0;259.8;10.5;0;0;0;15;17:00;0.92;15.25;0.25;16.42;SANTOSBR;52;BERÇO TECON 1.1;16;09:25;16;09:45;16;09:45;16;09:50;16;09:50;16;09:55;16;09:55;16;10:00;16;10:00;16;10:05;16;10:05;16;10:20;;;;;;;;;;;;;;;;;;;;;;;;;;;;;;;;;;;;;;;;;;;;;16;10:20;16;10:20;17;07:45;;;;;;;;;;;;;;;;;;;;;;;;;;;;;;;;;;;;;;;;;;;;;;;;;;;;;;;;;;;;;;;;;;;;;;;
S2025;3837;44.0;299.95;12.1;0;0;0;15;22:10;0.92;7.0;0.0;7.92;SANTOSBR;55;BERÇO TECON 3;16;06:05;16;06:25;16;06:25;16;06:30;16;06:30;16;06:35;16;06:35;16;06:40;16;06:40;16;06:45;16;06:45;16;07:00;;;;;;;;;;;;;;;;;;;;;;;;;;;;;;;;;;;;;;;;;;;;;16;07:00;16;07:00;17;02:20;;;;;;;;;;;;;;;;;;;;;;;;;;;;;;;;;;;;;;;;;;;;;;;;;;;;;;;;;;;;;;;;;;;;;;;
S2025;3829;28.0;183.2;8.4;0;0;0;15;18:00;1.92;21.08;0.0;23.0;TRANSPETRO;3;BERÇO AL 02;16;17:00;16;17:20;16;17:20;16;17:25;16;17:25;16;17:30;16;17:30;16;17:35;16;17:35;16;17:40;16;17:40;16;17:45;16;17:45;16;17:50;16;17:50;16;17:55;16;17:55;16;18:00;16;18:00;16;18:05;16;18:05;16;18:10;16;18:10;16;18:15;16;18:15;16;18:20;16;18:20;16;18:55;;;;;;;;;;;;;16;18:55;16;18:55;18;15:45;;;;;;;;;;;;;;;;;;;;;;;;;;;;;;;;;;;;;;;;;;;;;;;;;;;;;;;;;;;;;;;;;;;;;;;
S2025;3831;23.0;164.34;8.6;0;0;0;15;19:00;0.75;9.33;1.25;11.33;DOW;41;BERÇO DOW;16;06:20;16;06:40;16;06:40;16;06:45;16;06:45;16;06:50;16;06:50;16;07:05;;;;;;;;;;;;;;;;;;;;;;;;;;;;;;;;;;;;;;;;;;;;;;;;;;;;;16;07:05;16;07:05;16;15:15;16;18:00;;;;;;;;;;;;;;;;;;;;;;;;;;;;;;;;;;;;;;;;;;;;;;;;;;;;;16;18:00;16;18:30;16;18:30;16;18:35;16;18:35;16;18:40;16;18:40;16;19:00;
S2025;3836;43.0;270.9;12.0;0;0;0;15;21:00;1.33;10.83;0.0;12.17;DPW - CGC;43;BERÇO DPW 2;16;09:10;16;09:30;16;09:30;16;09:35;16;09:35;16;09:40;16;09:40;16;09:45;16;09:45;16;09:50;16;09:50;16;09:55;16;09:55;16;10:00;16;10:00;16;10:05;16;10:05;16;10:10;16;10:10;16;10:15;16;10:15;16;10:30;;;;;;;;;;;;;;;;;;;;;;;;;16;10:30;16;10:30;17;06:30;;;;;;;;;;;;;;;;;;;;;;;;;;;;;;;;;;;;;;;;;;;;;;;;;;;;;;;;;;;;;;;;;;;;;;;
S2025;3839;40.0;284.71;11.75;0;0;0;16;01:00;0.0;11.5;0.58;12.08;DPW - CGC;42;BERÇO DPW 1;16;13:05;16;13:25;16;13:25;16;13:30;16;13:30;16;13:35;16;13:35;16;13:40;16;13:40;16;13:45;16;13:45;16;13:50;16;13:50;16;13:55;16;13:55;16;14:00;16;14:00;16;14:05;16;14:05;16;14:10;16;14:10;16;14:25;;;;;;;;;;;;;;;;;;;;;;;;;16;14:25;16;14:25;17;06:45;;;;;;;;;;;;;;;;;;;;;;;;;;;;;;;;;;;;;;;;;;;;;;;;;;;;;;;;;;;;;;;;;;;;;;;
S2025;3838;24.0;141.0;8.9;0;0;0;16;00:30;0.0;0.0;1.25;1.25;AGEO_TERMINAIS;1;BERÇO Ageo I;16;01:45;16;02:05;16;02:05;16;02:10;16;02:10;16;02:15;16;02:15;16;02:20;16;02:20;16;02:25;16;02:25;16;02:30;16;02:30;16;02:35;16;02:35;16;02:40;16;02:40;16;02:45;16;02:45;16;02:50;16;02:50;16;02:55;16;02:55;16;03:10;;;;;;;;;;;;;;;;;;;;;16;03:10;16;03:10;17;14:25;;;;;;;;;;;;;;;;;;;;;;;;;;;;;;;;;;;;;;;;;;;;;;;;;;;;;;;;;;;;;;;;;;;;;;;
S2025;3848;32.0;179.99;12.0;0;0;0;16;12:00;0.0;0.0;0.0;0.0;AGEO_TERMINAIS;77;BERÇO IB OE;16;12:00;16;12:20;16;12:20;16;12:25;16;12:25;16;12:30;16;12:30;16;12:35;16;12:35;16;12:40;16;12:40;16;12:45;16;12:45;16;12:50;16;12:50;16;12:55;16;12:55;16;13:00;16;13:00;16;13:05;16;13:05;16;13:10;16;13:10;16;13:25;;;;;;;;;;;;;;;;;;;;;16;13:25;16;13:25;21;20:55;;;;;;;;;;;;;;;;;;;;;;;;;;;;;;;;;;;;;;;;;;;;;;;;;;;;;;;;;;;;;;;;;;;;;;;
S2025;3851;25.0;156.53;8.2;0;0;0;16;15:45;0.0;0.0;0.42;0.42;AGEO_TERMINAIS;46;BERÇO IB BC;16;16:10;16;16:30;16;16:30;16;16:35;16;16:35;16;16:40;16;16:40;16;16:45;16;16:45;16;16:50;16;16:50;16;16:55;16;16:55;16;17:00;16;17:00;16;17:05;16;17:05;16;17:10;16;17:10;16;17:15;16;17:15;16;17:20;16;17:20;16;17:35;;;;;;;;;;;;;;;;;;;;;16;17:35;16;17:35;19;04:25;;;;;;;;;;;;;;;;;;;;;;;;;;;;;;;;;;;;;;;;;;;;;;;;;;;;;;;;;;;;;;;;;;;;;;;
S2025;3853;25.0;160.0;6.2;0;0;0;16;19:27;0.0;0.0;0.67;0.67;STOLTHAVEN;4;BERÇO AL 03;16;20:10;16;20:30;16;20:30;16;20:35;16;20:35;16;20:40;16;20:40;16;20:45;16;20:45;16;20:50;16;20:50;16;20:55;16;20:55;16;21:00;16;21:00;16;21:05;16;21:05;16;21:10;16;21:10;16;21:15;16;21:15;16;21:20;16;21:20;16;21:25;16;21:25;16;21:30;16;21:30;16;21:45;;;;;;;;;;;;;16;21:45;16;21:45;17;07:40;;;;;;;;;;;;;;;;;;;;;;;;;;;;;;;;;;;;;;;;;;;;;;;;;;;;;;;;;;;;;;;;;;;;;;;
S2025;3525;0.0;229.0;7.93;0;0;0;-2;11:18;202.83;102.58;98.67;404.08;ELEVACOES;12;BERÇO ARM 16/17;15;07:25;15;07:45;15;07:45;15;07:50;15;07:50;15;07:55;15;07:55;15;08:00;15;08:00;15;08:05;15;08:05;15;08:10;15;08:10;15;08:15;15;08:15;15;08:20;15;08:20;15;08:55;;;;;;;;;;;;;;;;;;;;;;;;;;;;;;;;;15;08:55;15;08:55;17;02:25;17;12:55;;;;;;;;;;;;;;;;;;;;;;;;;;;;;;;;;17;12:55;17;13:05;17;13:05;17;13:10;17;13:10;17;13:15;17;13:15;17;13:20;17;13:20;17;13:25;17;13:25;17;13:30;17;13:30;17;13:35;17;13:35;17;13:40;17;13:40;17;14:00;
S2025;3546;32.0;199.9;8.56;0;0;0;-1;23:30;115.67;141.08;121.83;378.58;ELEVACOES;13;BERÇO ARM 19;15;18:05;15;18:25;15;18:25;15;18:30;15;18:30;15;18:35;15;18:35;15;18:40;15;18:40;15;18:45;15;18:45;15;18:50;15;18:50;15;18:55;15;18:55;15;19:30;;;;;;;;;;;;;;;;;;;;;;;;;;;;;;;;;;;;;15;19:30;15;19:30;17;10:40;17;14:20;;;;;;;;;;;;;;;;;;;;;;;;;;;;;;;;;;;;;17;14:20;17;14:30;17;14:30;17;14:35;17;14:35;17;14:40;17;14:40;17;14:45;17;14:45;17;14:50;17;14:50;17;14:55;17;14:55;17;15:00;17;15:00;17;15:20;
S2025;3600;32.0;228.99;6.74;0;0;0;3;06:00;106.58;103.42;18.75;228.75;COFCO;9;BERÇO ARM 12A;12;18:45;12;19:05;12;19:05;12;19:10;12;19:10;12;19:15;12;19:15;12;19:20;12;19:20;12;19:25;12;19:25;12;19:30;12;19:30;12;19:35;12;19:35;12;19:40;12;19:40;12;20:15;;;;;;;;;;;;;;;;;;;;;;;;;;;;;;;;;12;20:15;12;20:15;17;20:55;17;21:15;;;;;;;;;;;;;;;;;;;;;;;;;;;;;;;;;17;21:15;17;21:25;17;21:25;17;21:30;17;21:30;17;21:35;17;21:35;17;21:40;17;21:40;17;21:45;17;21:45;17;21:50;17;21:50;17;21:55;17;21:55;17;22:00;17;22:00;17;22:20;
S2025;3640;37.0;210.0;8.14;0;0;0;5;08:00;23.75;236.92;3.83;264.5;XXXIX;28;BERÇO ARM 37;16;08:30;16;08:50;16;08:50;16;08:55;16;08:55;16;09:00;16;09:00;16;09:35;;;;;;;;;;;;;;;;;;;;;;;;;;;;;;;;;;;;;;;;;;;;;;;;;;;;;16;09:35;16;09:35;19;03:35;;;;;;;;;;;;;;;;;;;;;;;;;;;;;;;;;;;;;;;;;;;;;;;;;;;;;;;;;;;;;;;;;;;;;;;
S2025;3660;32.0;229.0;11.28;0;0;0;6;13:30;16.5;125.67;4.75;146.92;TIPLAM - GSM - I;61;BERÇO TIPLAM 2;12;16:25;12;16:45;12;16:45;12;16:50;12;16:50;12;16:55;12;16:55;12;17:00;12;17:00;12;17:05;12;17:05;12;17:10;12;17:10;12;17:15;12;17:15;12;17:20;12;17:20;12;17:25;12;17:25;12;17:30;12;17:30;12;17:35;12;17:35;12;17:40;12;17:40;12;17:45;12;17:45;12;17:50;12;17:50;12;17:55;12;17:55;12;18:15;12;18:15;12;18:30;12;18:30;12;18:30;19;19:30;;;;;;;;;;;;;;;;;;;;;;;;;;;;;;;;;;;;;;;;;;;;;;;;;;;;;;;;;;;;;;;;;;;;;;;
S2025;3661;32.0;229.0;14.2;0;0;0;6;13:30;13.25;211.58;3.67;228.5;TERMAG;57;BERÇO TERMAG;16;02:00;16;02:20;16;02:20;16;02:25;16;02:25;16;02:30;16;02:30;16;02:35;16;02:35;16;02:50;;;;;;;;;;;;;;;;;;;;;;;;;;;;;;;;;;;;;;;;;;;;;;;;;16;02:50;16;02:50;19;13:45;;;;;;;;;;;;;;;;;;;;;;;;;;;;;;;;;;;;;;;;;;;;;;;;;;;;;;;;;;;;;;;;;;;;;;;
S2025;3668;32.0;225.0;7.2;0;0;0;6;15:50;26.75;173.42;9.25;209.42;TIPLAM - GSA - E;62;BERÇO TIPLAM 3;15;09:15;15;09:35;15;09:35;15;09:40;15;09:40;15;09:45;15;09:45;15;09:50;15;09:50;15;09:55;15;09:55;15;10:00;15;10:00;15;10:05;15;10:05;15;10:10;15;10:10;15;10:15;15;10:15;15;10:20;15;10:20;15;10:25;15;10:25;15;10:30;15;10:30;15;10:35;15;10:35;15;10:40;15;10:40;15;10:45;15;10:45;15;11:05;15;11:05;15;11:50;15;11:50;15;11:50;17;18:25;17;18:40;17;18:40;17;18:50;17;18:50;17;19:10;17;19:10;17;19:15;17;19:15;17;19:20;17;19:20;17;19:25;17;19:25;17;19:30;17;19:30;17;19:35;17;19:35;17;19:40;17;19:40;17;19:45;17;19:45;17;19:50;17;19:50;17;19:55;17;19:55;17;20:00;17;20:00;17;20:05;17;20:05;17;20:10;17;20:10;17;20:15;17;20:15;17;20:20;17;20:20;17;20:40;
S2025;3680;32.0;189.99;12.15;0;0;0;7;08:01;16.42;93.17;6.92;116.5;TIPLAM - GSM - I;60;BERÇO TIPLAM 1;12;04:35;12;04:55;12;04:55;12;05:00;12;05:00;12;05:05;12;05:05;12;05:10;12;05:10;12;05:15;12;05:15;12;05:20;12;05:20;12;05:25;12;05:25;12;05:30;12;05:30;12;05:35;12;05:35;12;05:40;12;05:40;12;05:45;12;05:45;12;05:50;12;05:50;12;05:55;12;05:55;12;06:00;12;06:00;12;06:05;12;06:05;12;06:25;12;06:25;12;07:10;12;07:10;12;07:10;19;20:30;;;;;;;;;;;;;;;;;;;;;;;;;;;;;;;;;;;;;;;;;;;;;;;;;;;;;;;;;;;;;;;;;;;;;;;
S2025;3681;30.0;179.96;10.14;0;0;0;7;08:36;14.17;184.25;0.0;198.42;NITA;10;BERÇO ARM 13/14;15;15:05;15;15:25;15;15:25;15;15:30;15;15:30;15;15:35;15;15:35;15;15:40;15;15:40;15;15:45;15;15:45;15;15:50;15;15:50;15;15:55;15;15:55;15;16:00;15;16:00;15;16:15;;;;;;;;;;;;;;;;;;;;;;;;;;;;;;;;;15;16:15;15;16:15;25;00:45;;;;;;;;;;;;;;;;;;;;;;;;;;;;;;;;;;;;;;;;;;;;;;;;;;;;;;;;;;;;;;;;;;;;;;;
S2025;3691;32.0;199.99;11.7;0;0;0;7;21:00;0.92;13.33;4.08;18.33;OUTROS_MACUCO;27;BERÇO ARM 35P2;8;15:20;8;15:40;8;15:40;8;15:45;8;15:45;8;15:50;8;15:50;8;15:55;8;15:55;8;16:00;8;16:00;8;16:15;;;;;;;;;;;;;;;;;;;;;;;;;;;;;;;;;;;;;;;;;;;;;8;16:15;8;16:15;20;04:55;;;;;;;;;;;;;;;;;;;;;;;;;;;;;;;;;;;;;;;;;;;;;;;;;;;;;;;;;;;;;;;;;;;;;;;
S2025;3725;32.0;199.98;10.22;0;0;0;9;21:00;13.33;100.58;12.0;125.92;TIPLAM - GSM - I;63;BERÇO TIPLAM 4;15;02:55;15;03:15;15;03:15;15;03:20;15;03:20;15;03:25;15;03:25;15;03:30;15;03:30;15;03:35;15;03:35;15;03:40;15;03:40;15;03:45;15;03:45;15;03:50;15;03:50;15;03:55;15;03:55;15;04:00;15;04:00;15;04:05;15;04:05;15;04:10;15;04:10;15;04:15;15;04:15;15;04:20;15;04:20;15;04:25;15;04:25;15;04:45;15;04:45;15;05:00;15;05:00;15;05:00;18;06:35;;;;;;;;;;;;;;;;;;;;;;;;;;;;;;;;;;;;;;;;;;;;;;;;;;;;;;;;;;;;;;;;;;;;;;;
S2025;3739;32.0;228.99;6.8;0;0;0;10;22:18;58.5;46.08;1.67;106.25;ADM;30;BERÇO ARM 39;15;08:35;15;08:55;15;08:55;15;09:00;15;09:00;15;09:05;15;09:05;15;09:40;;;;;;;;;;;;;;;;;;;;;;;;;;;;;;;;;;;;;;;;;;;;;;;;;;;;;15;09:40;15;09:40;17;23:40;;;;;;;;;;;;;;;;;;;;;;;;;;;;;;;;;;;;;;;;;;;;;;;;;;;;;;;;;;;;;;;;;;;;;;;
S2025;3741;32.0;224.9;7.0;0;0;0;10;23:30;21.17;67.42;1.83;90.42;TEG;56;BERÇO TEG;14;17:55;14;18:15;14;18:15;14;18:20;14;18:20;14;18:25;14;18:25;14;18:30;14;18:30;14;19:05;;;;;;;;;;;;;;;;;;;;;;;;;;;;;;;;;;;;;;;;;;;;;;;;;14;19:05;14;19:05;17;05:45;17;13:00;;;;;;;;;;;;;;;;;;;;;;;;;;;;;;;;;;;;;;;;;;;;;;;;;17;13:00;17;13:10;17;13:10;17;13:15;17;13:15;17;13:20;17;13:20;17;13:25;17;13:25;17;13:45;
S2025;3747;28.0;189.99;10.64;0;0;0;11;08:48;4.83;0.0;0.0;4.83;OUTROS_SABOO;36;BERÇO CS 01;11;13:40;11;14:00;11;14:00;11;14:05;11;14:05;11;14:10;11;14:10;11;14:15;11;14:15;11;14:20;11;14:20;11;14:25;11;14:25;11;14:30;11;14:30;11;14:35;11;14:35;11;14:40;11;14:40;11;14:45;11;14:45;11;14:50;11;14:50;11;15:05;;;;;;;;;;;;;;;;;;;;;11;15:05;11;15:05;17;22:40;;;;;;;;;;;;;;;;;;;;;;;;;;;;;;;;;;;;;;;;;;;;;;;;;;;;;;;;;;;;;;;;;;;;;;;
S2025;3782;51.0;335.0;11.9;0;0;0;13;05:45;37.67;5.08;7.17;49.92;SANTOSBR;54;BERÇO TECON 2;15;07:40;15;08:00;15;08:00;15;08:05;15;08:05;15;08:10;15;08:10;15;08:15;15;08:15;15;08:20;15;08:20;15;08:35;;;;;;;;;;;;;;;;;;;;;;;;;;;;;;;;;;;;;;;;;;;;;15;08:35;15;08:35;16;23:20;17;01:00;;;;;;;;;;;;;;;;;;;;;;;;;;;;;;;;;;;;;;;;;;;;;17;01:00;17;01:30;17;01:30;17;01:35;17;01:35;17;01:40;17;01:40;17;01:45;17;01:45;17;01:50;17;01:50;17;02:10;
S2025;3786;32.0;199.98;6.86;0;0;0;13;10:00;2.83;50.5;0.0;53.33;COPESUCAR;14;BERÇO ARM 20/21;15;15:20;15;15:40;15;15:40;15;15:45;15;15:45;15;15:50;15;15:50;15;15:55;15;15:55;15;16:00;15;16:00;15;16:05;15;16:05;15;16:10;15;16:10;15;16:45;;;;;;;;;;;;;;;;;;;;;;;;;;;;;;;;;;;;;15;16:45;15;16:45;18;01:20;;;;;;;;;;;;;;;;;;;;;;;;;;;;;;;;;;;;;;;;;;;;;;;;;;;;;;;;;;;;;;;;;;;;;;;
S2025;3795;33.0;177.9;8.2;0;0;0;14;04:00;0.0;0.0;2.42;2.42;SAIPEM;48;BERÇO SAIPEM 1;14;06:25;14;06:45;14;06:45;14;07:20;;;;;;;;;;;;;;;;;;;;;;;;;;;;;;;;;;;;;;;;;;;;;;;;;;;;;;;;;;;;;14;07:20;14;07:20;16;23:45;17;00:00;;;;;;;;;;;;;;;;;;;;;;;;;;;;;;;;;;;;;;;;;;;;;;;;;;;;;;;;;;;;;17;00:00;17;00:10;17;00:10;17;00:30;
S2025;3798;27.0;169.37;9.88;0;0;0;14;08:32;1.83;58.0;0.0;59.83;BUNGE;20;BERÇO ARM 30;16;20:25;16;20:45;16;20:45;16;20:50;16;20:50;16;20:55;16;20:55;16;21:00;16;21:00;16;21:05;16;21:05;16;21:20;;;;;;;;;;;;;;;;;;;;;;;;;;;;;;;;;;;;;;;;;;;;;16;21:20;16;21:20;22;10:40;;;;;;;;;;;;;;;;;;;;;;;;;;;;;;;;;;;;;;;;;;;;;;;;;;;;;;;;;;;;;;;;;;;;;;;
S2025;3799;32.0;204.85;8.1;0;0;0;14;09:00;0.0;0.0;0.33;0.33;CITROSUCO;18;BERÇO ARM 29;14;09:20;14;09:40;14;09:40;14;09:45;14;09:45;14;09:50;14;09:50;14;09:55;14;09:55;14;10:00;14;10:00;14;10:05;14;10:05;14;10:40;;;;;;;;;;;;;;;;;;;;;;;;;;;;;;;;;;;;;;;;;14;10:40;14;10:40;17;02:10;17;02:10;;;;;;;;;;;;;;;;;;;;;;;;;;;;;;;;;;;;;;;;;17;02:10;17;02:20;17;02:20;17;02:25;17;02:25;17;02:30;17;02:30;17;02:35;17;02:35;17;02:40;17;02:40;17;02:45;17;02:45;17;03:05;
S2025;3801;45.0;299.9;9.7;0;0;0;14;11:30;3.0;30.75;5.17;38.92;BTP;33;BERÇO BTP 2;16;02:25;16;02:45;16;02:45;16;02:50;16;02:50;16;02:55;16;02:55;16;03:00;16;03:00;16;03:05;16;03:05;16;03:10;16;03:10;16;03:15;16;03:15;16;03:20;16;03:20;16;03:25;16;03:25;16;03:30;16;03:30;16;03:35;16;03:35;16;03:40;16;03:40;16;03:55;;;;;;;;;;;;;;;;;16;03:55;16;03:55;17;10:55;17;12:30;;;;;;;;;;;;;;;;;17;12:30;17;13:00;17;13:00;17;13:05;17;13:05;17;13:10;17;13:10;17;13:15;17;13:15;17;13:20;17;13:20;17;13:25;17;13:25;17;13:30;17;13:30;17;13:35;17;13:35;17;13:40;17;13:40;17;13:45;17;13:45;17;13:50;17;13:50;17;13:55;17;13:55;17;14:15;
S2025;3804;48.0;330.0;14.0;0;0;0;14;13:24;15.92;34.5;5.17;55.58;ECOPORTO;34;BERÇO BTP 3;16;21:00;16;21:20;16;21:20;16;21:25;16;21:25;16;21:30;16;21:30;16;21:35;16;21:35;16;21:40;16;21:40;16;21:45;16;21:45;16;21:50;16;21:50;16;21:55;16;21:55;16;22:00;16;22:00;16;22:05;16;22:05;16;22:10;16;22:10;16;22:15;16;22:15;16;22:30;;;;;;;;;;;;;;;;;16;22:30;16;22:30;18;16:30;;;;;;;;;;;;;;;;;;;;;;;;;;;;;;;;;;;;;;;;;;;;;;;;;;;;;;;;;;;;;;;;;;;;;;;
S2025;3808;32.0;182.98;9.8;0;0;0;14;17:00;0.0;0.0;3.0;3.0;VOPAK;5;BERÇO AL 04;14;20:00;14;20:20;14;20:20;14;20:25;14;20:25;14;20:30;14;20:30;14;20:35;14;20:35;14;20:40;14;20:40;14;20:45;14;20:45;14;20:50;14;20:50;14;20:55;14;20:55;14;21:00;14;21:00;14;21:05;14;21:05;14;21:10;14;21:10;14;21:15;14;21:15;14;21:20;14;21:20;14;21:35;;;;;;;;;;;;;14;21:35;14;21:35;17;07:25;17;07:35;;;;;;;;;;;;;17;07:35;17;08:05;17;08:05;17;08:10;17;08:10;17;08:15;17;08:15;17;08:20;17;08:20;17;08:25;17;08:25;17;08:30;17;08:30;17;08:35;17;08:35;17;08:40;17;08:40;17;08:45;17;08:45;17;08:50;17;08:50;17;08:55;17;08:55;17;09:00;17;09:00;17;09:05;17;09:05;17;09:25;
S2025;3809;32.0;199.98;7.05;0;0;0;14;17:18;0.0;0.0;1.83;1.83;DPW - CGNC;44;BERÇO DPW 3;14;19:10;14;19:30;14;19:30;14;19:35;14;19:35;14;19:40;14;19:40;14;19:45;14;19:45;14;19:50;14;19:50;14;19:55;14;19:55;14;20:00;14;20:00;14;20:05;14;20:05;14;20:10;14;20:10;14;20:45;;;;;;;;;;;;;;;;;;;;;;;;;;;;;14;20:45;14;20:45;17;06:35;17;06:35;;;;;;;;;;;;;;;;;;;;;;;;;;;;;17;06:35;17;06:45;17;06:45;17;06:50;17;06:50;17;06:55;17;06:55;17;07:00;17;07:00;17;07:05;17;07:05;17;07:10;17;07:10;17;07:15;17;07:15;17;07:20;17;07:20;17;07:25;17;07:25;17;07:45;
S2025;3810;32.0;199.94;6.6;0;0;0;14;18:48;2.33;30.5;1.58;34.42;TEAG;51;BERÇO TEAG;16;05:15;16;05:35;16;05:35;16;05:40;16;05:40;16;05:45;16;05:45;16;05:50;16;05:50;16;06:25;;;;;;;;;;;;;;;;;;;;;;;;;;;;;;;;;;;;;;;;;;;;;;;;;16;06:25;16;06:25;18;11:00;;;;;;;;;;;;;;;;;;;;;;;;;;;;;;;;;;;;;;;;;;;;;;;;;;;;;;;;;;;;;;;;;;;;;;;
S2025;3812;48.0;299.9;12.3;0;0;0;14;23:12;11.25;8.67;2.67;22.58;SANTOSBR;53;BERÇO TECON 1.2;15;21:50;15;22:10;15;22:10;15;22:15;15;22:15;15;22:20;15;22:20;15;22:25;15;22:25;15;22:30;15;22:30;15;22:45;;;;;;;;;;;;;;;;;;;;;;;;;;;;;;;;;;;;;;;;;;;;;15;22:45;15;22:45;17;01:30;17;01:35;;;;;;;;;;;;;;;;;;;;;;;;;;;;;;;;;;;;;;;;;;;;;17;01:35;17;02:05;17;02:05;17;02:10;17;02:10;17;02:15;17;02:15;17;02:20;17;02:20;17;02:25;17;02:25;17;02:45;
S2025;3815;40.0;182.9;7.0;0;0;0;15;01:00;0.0;0.0;0.25;0.25;TRANSPETRO;2;BERÇO AL 01;15;01:15;15;01:35;15;01:35;15;01:40;15;01:40;15;01:45;15;01:45;15;01:50;15;01:50;15;01:55;15;01:55;15;02:00;15;02:00;15;02:05;15;02:05;15;02:10;15;02:10;15;02:15;15;02:15;15;02:20;15;02:20;15;02:25;15;02:25;15;02:30;15;02:30;15;02:35;15;02:35;15;03:10;;;;;;;;;;;;;15;03:10;15;03:10;17;12:35;17;13:00;;;;;;;;;;;;;17;13:00;17;13:10;17;13:10;17;13:15;17;13:15;17;13:20;17;13:20;17;13:25;17;13:25;17;13:30;17;13:30;17;13:35;17;13:35;17;13:40;17;13:40;17;13:45;17;13:45;17;13:50;17;13:50;17;13:55;17;13:55;17;14:00;17;14:00;17;14:05;17;14:05;17;14:10;17;14:10;17;14:30;
S2025;3818;48.0;330.03;11.85;0;0;0;15;06:00;15.83;17.25;2.25;35.33;BTP;32;BERÇO BTP 1;16;17:20;16;17:40;16;17:40;16;17:45;16;17:45;16;17:50;16;17:50;16;17:55;16;17:55;16;18:00;16;18:00;16;18:05;16;18:05;16;18:10;16;18:10;16;18:15;16;18:15;16;18:20;16;18:20;16;18:25;16;18:25;16;18:30;16;18:30;16;18:35;16;18:35;16;19:10;;;;;;;;;;;;;;;;;16;19:10;16;19:10;17;17:45;;;;;;;;;;;;;;;;;;;;;;;;;;;;;;;;;;;;;;;;;;;;;;;;;;;;;;;;;;;;;;;;;;;;;;;
S2025;3820;32.0;199.9;11.6;0;0;0;15;08:00;0.0;0.0;2.58;2.58;BRACELL;73;BERÇO ARM 35P1;15;10:35;15;10:55;15;10:55;15;11:00;15;11:00;15;11:05;15;11:05;15;11:10;15;11:10;15;11:45;;;;;;;;;;;;;;;;;;;;;;;;;;;;;;;;;;;;;;;;;;;;;;;;;15;11:45;15;11:45;18;15:10;;;;;;;;;;;;;;;;;;;;;;;;;;;;;;;;;;;;;;;;;;;;;;;;;;;;;;;;;;;;;;;;;;;;;;;
S2025;3821;26.0;170.0;7.2;0;0;0;15;09:00;0.0;0.0;1.83;1.83;CUTRALE - GL;40;BERÇO CUTRALE;15;10:50;15;11:10;15;11:10;15;11:15;15;11:15;15;11:20;15;11:20;15;11:55;;;;;;;;;;;;;;;;;;;;;;;;;;;;;;;;;;;;;;;;;;;;;;;;;;;;;15;11:55;15;11:55;18;23:35;;;;;;;;;;;;;;;;;;;;;;;;;;;;;;;;;;;;;;;;;;;;;;;;;;;;;;;;;;;;;;;;;;;;;;;
S2025;3824;32.3;224.9;6.79;0;0;0;15;10:05;0.0;11.08;0.0;11.08;TGG;59;BERÇO TGG;15;21:10;15;21:30;15;21:30;15;21:35;15;21:35;15;21:40;15;21:40;15;21:45;15;21:45;15;22:20;;;;;;;;;;;;;;;;;;;;;;;;;;;;;;;;;;;;;;;;;;;;;;;;;15;22:20;15;22:20;17;07:25;17;12:45;;;;;;;;;;;;;;;;;;;;;;;;;;;;;;;;;;;;;;;;;;;;;;;;;17;12:45;17;12:55;17;12:55;17;13:00;17;13:00;17;13:05;17;13:05;17;13:10;17;13:10;17;13:30;
S2025;3827;32.0;259.8;10.5;0;0;0;15;17:00;0.92;15.25;0.25;16.42;SANTOSBR;52;BERÇO TECON 1.1;16;09:25;16;09:45;16;09:45;16;09:50;16;09:50;16;09:55;16;09:55;16;10:00;16;10:00;16;10:05;16;10:05;16;10:20;;;;;;;;;;;;;;;;;;;;;;;;;;;;;;;;;;;;;;;;;;;;;16;10:20;16;10:20;17;07:45;17;07:45;;;;;;;;;;;;;;;;;;;;;;;;;;;;;;;;;;;;;;;;;;;;;17;07:45;17;08:15;17;08:15;17;08:20;17;08:20;17;08:25;17;08:25;17;08:30;17;08:30;17;08:35;17;08:35;17;08:55;
S2025;3829;28.0;183.2;8.4;0;0;0;15;18:00;1.92;21.08;0.0;23.0;TRANSPETRO;3;BERÇO AL 02;16;17:00;16;17:20;16;17:20;16;17:25;16;17:25;16;17:30;16;17:30;16;17:35;16;17:35;16;17:40;16;17:40;16;17:45;16;17:45;16;17:50;16;17:50;16;17:55;16;17:55;16;18:00;16;18:00;16;18:05;16;18:05;16;18:10;16;18:10;16;18:15;16;18:15;16;18:20;16;18:20;16;18:55;;;;;;;;;;;;;16;18:55;16;18:55;18;15:45;;;;;;;;;;;;;;;;;;;;;;;;;;;;;;;;;;;;;;;;;;;;;;;;;;;;;;;;;;;;;;;;;;;;;;;
S2025;3834;36.0;236.32;8.5;0;0;0;15;20:30;0.0;0.42;0.0;0.42;ECOPORTO;70;BERÇO VAL;15;20:55;15;21:15;15;21:15;15;21:20;15;21:20;15;21:25;15;21:25;15;21:30;15;21:30;15;21:35;15;21:35;15;21:40;15;21:40;15;21:45;15;21:45;15;21:50;15;21:50;15;21:55;15;21:55;15;22:00;15;22:00;15;22:05;15;22:05;15;22:20;;;;;;;;;;;;;;;;;;;;;15;22:20;15;22:20;17;14:30;;;;;;;;;;;;;;;;;;;;;;;;;;;;;;;;;;;;;;;;;;;;;;;;;;;;;;;;;;;;;;;;;;;;;;;
S2025;3836;43.0;270.9;12.0;0;0;0;15;21:00;1.33;10.83;0.0;12.17;DPW - CGC;43;BERÇO DPW 2;16;09:10;16;09:30;16;09:30;16;09:35;16;09:35;16;09:40;16;09:40;16;09:45;16;09:45;16;09:50;16;09:50;16;09:55;16;09:55;16;10:00;16;10:00;16;10:05;16;10:05;16;10:10;16;10:10;16;10:15;16;10:15;16;10:30;;;;;;;;;;;;;;;;;;;;;;;;;16;10:30;16;10:30;17;06:30;17;06:40;;;;;;;;;;;;;;;;;;;;;;;;;17;06:40;17;07:10;17;07:10;17;07:15;17;07:15;17;07:20;17;07:20;17;07:25;17;07:25;17;07:30;17;07:30;17;07:35;17;07:35;17;07:40;17;07:40;17;07:45;17;07:45;17;07:50;17;07:50;17;07:55;17;07:55;17;08:15;
S2025;3837;44.0;299.95;12.1;0;0;0;15;22:10;0.92;7.0;0.0;7.92;SANTOSBR;55;BERÇO TECON 3;16;06:05;16;06:25;16;06:25;16;06:30;16;06:30;16;06:35;16;06:35;16;06:40;16;06:40;16;06:45;16;06:45;16;07:00;;;;;;;;;;;;;;;;;;;;;;;;;;;;;;;;;;;;;;;;;;;;;16;07:00;16;07:00;17;02:20;17;02:35;;;;;;;;;;;;;;;;;;;;;;;;;;;;;;;;;;;;;;;;;;;;;17;02:35;17;03:05;17;03:05;17;03:10;17;03:10;17;03:15;17;03:15;17;03:20;17;03:20;17;03:25;17;03:25;17;03:45;
S2025;3838;24.0;141.0;8.9;0;0;0;16;00:30;0.0;0.0;1.25;1.25;AGEO_TERMINAIS;1;BERÇO Ageo I;16;01:45;16;02:05;16;02:05;16;02:10;16;02:10;16;02:15;16;02:15;16;02:20;16;02:20;16;02:25;16;02:25;16;02:30;16;02:30;16;02:35;16;02:35;16;02:40;16;02:40;16;02:45;16;02:45;16;02:50;16;02:50;16;02:55;16;02:55;16;03:10;;;;;;;;;;;;;;;;;;;;;16;03:10;16;03:10;17;14:25;17;19:50;;;;;;;;;;;;;;;;;;;;;17;19:50;17;20:20;17;20:20;17;20:25;17;20:25;17;20:30;17;20:30;17;20:35;17;20:35;17;20:40;17;20:40;17;20:45;17;20:45;17;20:50;17;20:50;17;20:55;17;20:55;17;21:00;17;21:00;17;21:05;17;21:05;17;21:10;17;21:10;17;21:30;
S2025;3839;40.0;284.71;11.75;0;0;0;16;01:00;0.0;11.5;0.58;12.08;DPW - CGC;42;BERÇO DPW 1;16;13:05;16;13:25;16;13:25;16;13:30;16;13:30;16;13:35;16;13:35;16;13:40;16;13:40;16;13:45;16;13:45;16;13:50;16;13:50;16;13:55;16;13:55;16;14:00;16;14:00;16;14:05;16;14:05;16;14:10;16;14:10;16;14:25;;;;;;;;;;;;;;;;;;;;;;;;;16;14:25;16;14:25;17;06:45;17;07:35;;;;;;;;;;;;;;;;;;;;;;;;;17;07:35;17;08:05;17;08:05;17;08:10;17;08:10;17;08:15;17;08:15;17;08:20;17;08:20;17;08:25;17;08:25;17;08:30;17;08:30;17;08:35;17;08:35;17;08:40;17;08:40;17;08:45;17;08:45;17;08:50;17;08:50;17;09:10;
S2025;3848;32.0;179.99;12.0;0;0;0;16;12:00;0.0;0.0;0.0;0.0;AGEO_TERMINAIS;77;BERÇO IB OE;16;12:00;16;12:20;16;12:20;16;12:25;16;12:25;16;12:30;16;12:30;16;12:35;16;12:35;16;12:40;16;12:40;16;12:45;16;12:45;16;12:50;16;12:50;16;12:55;16;12:55;16;13:00;16;13:00;16;13:05;16;13:05;16;13:10;16;13:10;16;13:25;;;;;;;;;;;;;;;;;;;;;16;13:25;16;13:25;21;20:55;;;;;;;;;;;;;;;;;;;;;;;;;;;;;;;;;;;;;;;;;;;;;;;;;;;;;;;;;;;;;;;;;;;;;;;
S2025;3851;25.0;156.53;8.2;0;0;0;16;15:45;0.0;0.0;0.42;0.42;AGEO_TERMINAIS;46;BERÇO IB BC;16;16:10;16;16:30;16;16:30;16;16:35;16;16:35;16;16:40;16;16:40;16;16:45;16;16:45;16;16:50;16;16:50;16;16:55;16;16:55;16;17:00;16;17:00;16;17:05;16;17:05;16;17:10;16;17:10;16;17:15;16;17:15;16;17:20;16;17:20;16;17:35;;;;;;;;;;;;;;;;;;;;;16;17:35;16;17:35;19;04:25;;;;;;;;;;;;;;;;;;;;;;;;;;;;;;;;;;;;;;;;;;;;;;;;;;;;;;;;;;;;;;;;;;;;;;;
S2025;3853;25.0;160.0;6.2;0;0;0;16;19:27;0.0;0.0;0.67;0.67;STOLTHAVEN;4;BERÇO AL 03;16;20:10;16;20:30;16;20:30;16;20:35;16;20:35;16;20:40;16;20:40;16;20:45;16;20:45;16;20:50;16;20:50;16;20:55;16;20:55;16;21:00;16;21:00;16;21:05;16;21:05;16;21:10;16;21:10;16;21:15;16;21:15;16;21:20;16;21:20;16;21:25;16;21:25;16;21:30;16;21:30;16;21:45;;;;;;;;;;;;;16;21:45;16;21:45;17;07:40;17;08:25;;;;;;;;;;;;;17;08:25;17;08:55;17;08:55;17;09:00;17;09:00;17;09:05;17;09:05;17;09:10;17;09:10;17;09:15;17;09:15;17;09:20;17;09:20;17;09:25;17;09:25;17;09:30;17;09:30;17;09:35;17;09:35;17;09:40;17;09:40;17;09:45;17;09:45;17;09:50;17;09:50;17;09:55;17;09:55;17;10:15;
S2025;3548;34.0;228.37;9.2;0;0;0;0;03:12;119.17;179.92;121.83;420.92;ELEVACOES;13;BERÇO ARM 19;17;16:10;17;16:30;17;16:30;17;16:35;17;16:35;17;16:40;17;16:40;17;16:45;17;16:45;17;16:50;17;16:50;17;16:55;17;16:55;17;17:00;17;17:00;17;17:35;;;;;;;;;;;;;;;;;;;;;;;;;;;;;;;;;;;;;17;17:35;17;17:35;19;04:35;;;;;;;;;;;;;;;;;;;;;;;;;;;;;;;;;;;;;;;;;;;;;;;;;;;;;;;;;;;;;;;;;;;;;;;
S2025;3549;32.0;189.99;6.24;0;0;0;0;06:00;117.5;177.67;121.42;416.58;ELEVACOES;12;BERÇO ARM 16/17;17;14:35;17;14:55;17;14:55;17;15:00;17;15:00;17;15:05;17;15:05;17;15:10;17;15:10;17;15:15;17;15:15;17;15:20;17;15:20;17;15:25;17;15:25;17;15:30;17;15:30;17;16:05;;;;;;;;;;;;;;;;;;;;;;;;;;;;;;;;;17;16:05;17;16:05;20;03:05;;;;;;;;;;;;;;;;;;;;;;;;;;;;;;;;;;;;;;;;;;;;;;;;;;;;;;;;;;;;;;;;;;;;;;;
S2025;3671;32.0;190.0;6.4;0;0;0;6;18:00;31.92;223.0;11.83;266.75;TIPLAM - GSA - E;62;BERÇO TIPLAM 3;17;20:45;17;21:05;17;21:05;17;21:10;17;21:10;17;21:15;17;21:15;17;21:20;17;21:20;17;21:25;17;21:25;17;21:30;17;21:30;17;21:35;17;21:35;17;21:40;17;21:40;17;21:45;17;21:45;17;21:50;17;21:50;17;21:55;17;21:55;17;22:00;17;22:00;17;22:05;17;22:05;17;22:10;17;22:10;17;22:15;17;22:15;17;22:35;17;22:35;17;23:20;17;23:20;17;23:20;19;19:45;;;;;;;;;;;;;;;;;;;;;;;;;;;;;;;;;;;;;;;;;;;;;;;;;;;;;;;;;;;;;;;;;;;;;;;
S2025;3726;32.0;199.98;6.68;0;0;0;9;21:00;12.83;180.58;0.0;193.42;COFCO;9;BERÇO ARM 12A;17;22:25;17;22:45;17;22:45;17;22:50;17;22:50;17;22:55;17;22:55;17;23:00;17;23:00;17;23:05;17;23:05;17;23:10;17;23:10;17;23:15;17;23:15;17;23:20;17;23:20;17;23:55;;;;;;;;;;;;;;;;;;;;;;;;;;;;;;;;;17;23:55;17;23:55;19;12:50;;;;;;;;;;;;;;;;;;;;;;;;;;;;;;;;;;;;;;;;;;;;;;;;;;;;;;;;;;;;;;;;;;;;;;;
S2025;3743;32.0;225.0;5.7;0;0;0;11;00:06;51.08;107.33;1.83;160.25;TEG;56;BERÇO TEG;17;16:25;17;16:45;17;16:45;17;16:50;17;16:50;17;16:55;17;16:55;17;17:00;17;17:00;17;17:35;;;;;;;;;;;;;;;;;;;;;;;;;;;;;;;;;;;;;;;;;;;;;;;;;17;17:35;17;17:35;21;18:10;;;;;;;;;;;;;;;;;;;;;;;;;;;;;;;;;;;;;;;;;;;;;;;;;;;;;;;;;;;;;;;;;;;;;;;
S2025;3833;45.0;299.9;11.8;0;0;0;15;20:00;3.0;40.33;0.58;43.92;BTP;33;BERÇO BTP 2;17;15:55;17;16:15;17;16:15;17;16:20;17;16:20;17;16:25;17;16:25;17;16:30;17;16:30;17;16:35;17;16:35;17;16:40;17;16:40;17;16:45;17;16:45;17;16:50;17;16:50;17;16:55;17;16:55;17;17:00;17;17:00;17;17:05;17;17:05;17;17:10;17;17:10;17;17:25;;;;;;;;;;;;;;;;;17;17:25;17;17:25;18;19:25;;;;;;;;;;;;;;;;;;;;;;;;;;;;;;;;;;;;;;;;;;;;;;;;;;;;;;;;;;;;;;;;;;;;;;;
S2025;3840;37.0;256.07;9.3;0;0;0;16;05:54;1.67;20.92;0.58;23.17;DPW - CGC;43;BERÇO DPW 2;17;05:05;17;05:25;17;05:25;17;05:30;17;05:30;17;05:35;17;05:35;17;05:40;17;05:40;17;05:45;17;05:45;17;05:50;17;05:50;17;05:55;17;05:55;17;06:00;17;06:00;17;06:05;17;06:05;17;06:10;17;06:10;17;06:45;;;;;;;;;;;;;;;;;;;;;;;;;17;06:45;17;06:45;18;01:15;;;;;;;;;;;;;;;;;;;;;;;;;;;;;;;;;;;;;;;;;;;;;;;;;;;;;;;;;;;;;;;;;;;;;;;
S2025;3846;33.0;209.75;10.4;0;0;0;16;11:00;1.33;19.33;2.92;23.58;DPW - CGC;42;BERÇO DPW 1;17;10:35;17;10:55;17;10:55;17;11:00;17;11:00;17;11:05;17;11:05;17;11:10;17;11:10;17;11:15;17;11:15;17;11:20;17;11:20;17;11:25;17;11:25;17;11:30;17;11:30;17;11:35;17;11:35;17;11:40;17;11:40;17;11:55;;;;;;;;;;;;;;;;;;;;;;;;;17;11:55;17;11:55;18;07:00;;;;;;;;;;;;;;;;;;;;;;;;;;;;;;;;;;;;;;;;;;;;;;;;;;;;;;;;;;;;;;;;;;;;;;;
S2025;3842;26.0;170.0;10.8;0;0;0;16;07:12;1.58;22.83;1.83;26.25;GRANEL;5;BERÇO AL 04;17;09:30;17;09:50;17;09:50;17;09:55;17;09:55;17;10:00;17;10:00;17;10:05;17;10:05;17;10:10;17;10:10;17;10:15;17;10:15;17;10:20;17;10:20;17;10:25;17;10:25;17;10:30;17;10:30;17;10:35;17;10:35;17;10:40;17;10:40;17;10:45;17;10:45;17;10:50;17;10:50;17;11:05;;;;;;;;;;;;;17;11:05;17;11:05;21;19:30;;;;;;;;;;;;;;;;;;;;;;;;;;;;;;;;;;;;;;;;;;;;;;;;;;;;;;;;;;;;;;;;;;;;;;;
S2025;3850;44.0;268.03;13.2;0;0;0;16;12:30;0.92;11.17;0.0;12.08;SANTOSBR;54;BERÇO TECON 2;17;00:35;17;00:55;17;00:55;17;01:00;17;01:00;17;01:05;17;01:05;17;01:10;17;01:10;17;01:15;17;01:15;17;01:30;;;;;;;;;;;;;;;;;;;;;;;;;;;;;;;;;;;;;;;;;;;;;17;01:30;17;01:30;19;15:15;;;;;;;;;;;;;;;;;;;;;;;;;;;;;;;;;;;;;;;;;;;;;;;;;;;;;;;;;;;;;;;;;;;;;;;
S2025;3867;37.0;228.0;10.0;0;0;0;17;15:00;0.0;0.0;7.67;7.67;SANTOSBR;52;BERÇO TECON 1.1;17;22:40;17;23:00;17;23:00;17;23:05;17;23:05;17;23:10;17;23:10;17;23:15;17;23:15;17;23:20;17;23:20;17;23:35;;;;;;;;;;;;;;;;;;;;;;;;;;;;;;;;;;;;;;;;;;;;;17;23:35;17;23:35;19;01:35;;;;;;;;;;;;;;;;;;;;;;;;;;;;;;;;;;;;;;;;;;;;;;;;;;;;;;;;;;;;;;;;;;;;;;;
S2025;3871;35.0;199.91;9.4;0;0;0;17;18:00;0.0;0.0;0.67;0.67;SANTOSBR;53;BERÇO TECON 1.2;17;18:40;17;19:00;17;19:00;17;19:05;17;19:05;17;19:10;17;19:10;17;19:15;17;19:15;17;19:20;17;19:20;17;19:35;;;;;;;;;;;;;;;;;;;;;;;;;;;;;;;;;;;;;;;;;;;;;17;19:35;17;19:35;19;15:10;;;;;;;;;;;;;;;;;;;;;;;;;;;;;;;;;;;;;;;;;;;;;;;;;;;;;;;;;;;;;;;;;;;;;;;
S2025;3855;36.0;228.99;8.41;0;0;0;17;06:00;0.0;0.0;0.0;0.0;TGRAO;71;BERÇO OUT 2;17;06:00;17;06:20;17;06:20;17;06:25;17;06:25;17;06:30;17;06:30;17;06:35;17;06:35;17;06:40;17;06:40;17;06:45;17;06:45;17;07:20;;;;;;;;;;;;;;;;;;;;;;;;;;;;;;;;;;;;;;;;;17;07:20;17;07:20;19;23:25;;;;;;;;;;;;;;;;;;;;;;;;;;;;;;;;;;;;;;;;;;;;;;;;;;;;;;;;;;;;;;;;;;;;;;;
S2025;3870;32.0;224.9;7.5;0;0;0;17;18:00;0.0;0.0;1.08;1.08;TGRAO;72;BERÇO OUT 3;17;19:05;17;19:25;17;19:25;17;19:30;17;19:30;17;19:35;17;19:35;17;19:40;17;19:40;17;19:45;17;19:45;17;19:50;17;19:50;17;20:25;;;;;;;;;;;;;;;;;;;;;;;;;;;;;;;;;;;;;;;;;17;20:25;17;20:25;21;20:30;;;;;;;;;;;;;;;;;;;;;;;;;;;;;;;;;;;;;;;;;;;;;;;;;;;;;;;;;;;;;;;;;;;;;;;
S2025;3857;27.4;183.98;7.4;0;0;0;17;08:30;0.0;6.92;0.0;6.92;TRANSPETRO;2;BERÇO AL 01;17;15:25;17;15:45;17;15:45;17;15:50;17;15:50;17;15:55;17;15:55;17;16:00;17;16:00;17;16:05;17;16:05;17;16:10;17;16:10;17;16:15;17;16:15;17;16:20;17;16:20;17;16:25;17;16:25;17;16:30;17;16:30;17;16:35;17;16:35;17;16:40;17;16:40;17;16:45;17;16:45;17;17:20;;;;;;;;;;;;;17;17:20;17;17:20;19;09:50;;;;;;;;;;;;;;;;;;;;;;;;;;;;;;;;;;;;;;;;;;;;;;;;;;;;;;;;;;;;;;;;;;;;;;;
S2025;3858;17.0;82.3;4.5;0;0;0;17;08:30;0.0;0.0;2.33;2.33;SAIPEM;48;BERÇO SAIPEM 1;17;10:50;17;11:10;17;11:10;17;11:45;;;;;;;;;;;;;;;;;;;;;;;;;;;;;;;;;;;;;;;;;;;;;;;;;;;;;;;;;;;;;17;11:45;17;11:45;18;15:20;;;;;;;;;;;;;;;;;;;;;;;;;;;;;;;;;;;;;;;;;;;;;;;;;;;;;;;;;;;;;;;;;;;;;;;
S2025;3866;18.0;85.34;4.2;0;0;0;17;14:20;0.0;0.0;2.33;2.33;SAIPEM;49;BERÇO SAIPEM 2;17;16:40;17;17:00;17;17:00;17;17:35;;;;;;;;;;;;;;;;;;;;;;;;;;;;;;;;;;;;;;;;;;;;;;;;;;;;;;;;;;;;;17;17:35;17;17:35;19;16:50;;;;;;;;;;;;;;;;;;;;;;;;;;;;;;;;;;;;;;;;;;;;;;;;;;;;;;;;;;;;;;;;;;;;;;;
S2025;3860;27.0;170.0;8.15;0;0;0;17;10:18;0.0;0.0;0.0;0.0;ULTRACARGO;4;BERÇO AL 03;17;10:20;17;10:40;17;10:40;17;10:45;17;10:45;17;10:50;17;10:50;17;10:55;17;10:55;17;11:00;17;11:00;17;11:05;17;11:05;17;11:10;17;11:10;17;11:15;17;11:15;17;11:20;17;11:20;17;11:25;17;11:25;17;11:30;17;11:30;17;11:35;17;11:35;17;11:40;17;11:40;17;11:55;;;;;;;;;;;;;17;11:55;17;11:55;19;12:50;;;;;;;;;;;;;;;;;;;;;;;;;;;;;;;;;;;;;;;;;;;;;;;;;;;;;;;;;;;;;;;;;;;;;;;
S2025;3862;32.0;199.98;8.9;0;0;1;17;12:00;0.0;0.0;0.0;0.0;TEV;58;BERÇO TEV;17;12:00;17;12:20;17;12:20;17;12:25;17;12:25;17;12:30;17;12:30;17;12:35;17;12:35;17;12:40;17;12:40;17;12:45;17;12:45;17;13:00;;;;;;;;;;;;;;;;;;;;;;;;;;;;;;;;;;;;;;;;;17;13:00;17;13:00;17;17:05;17;17:05;;;;;;;;;;;;;;;;;;;;;;;;;;;;;;;;;;;;;;;;;17;17:05;17;17:35;17;17:35;17;17:40;17;17:40;17;17:45;17;17:45;17;17:50;17;17:50;17;17:55;17;17:55;17;18:00;17;18:00;17;18:20;
S2025;3869;32.0;199.54;7.68;0;0;1;17;18:00;0.0;0.0;0.42;0.42;TEV;58;BERÇO TEV;17;18:25;17;18:45;17;18:45;17;18:50;17;18:50;17;18:55;17;18:55;17;19:00;17;19:00;17;19:05;17;19:05;17;19:10;17;19:10;17;19:45;;;;;;;;;;;;;;;;;;;;;;;;;;;;;;;;;;;;;;;;;17;19:45;17;19:45;18;19:20;;;;;;;;;;;;;;;;;;;;;;;;;;;;;;;;;;;;;;;;;;;;;;;;;;;;;;;;;;;;;;;;;;;;;;;
S2025;3548;34.0;228.37;9.2;0;0;0;0;03:12;119.17;179.92;121.83;420.92;ELEVACOES;13;BERÇO ARM 19;17;16:10;17;16:30;17;16:30;17;16:35;17;16:35;17;16:40;17;16:40;17;16:45;17;16:45;17;16:50;17;16:50;17;16:55;17;16:55;17;17:00;17;17:00;17;17:35;;;;;;;;;;;;;;;;;;;;;;;;;;;;;;;;;;;;;17;17:35;17;17:35;19;04:35;;;;;;;;;;;;;;;;;;;;;;;;;;;;;;;;;;;;;;;;;;;;;;;;;;;;;;;;;;;;;;;;;;;;;;;
S2025;3549;32.0;189.99;6.24;0;0;0;0;06:00;117.5;177.67;121.42;416.58;ELEVACOES;12;BERÇO ARM 16/17;17;14:35;17;14:55;17;14:55;17;15:00;17;15:00;17;15:05;17;15:05;17;15:10;17;15:10;17;15:15;17;15:15;17;15:20;17;15:20;17;15:25;17;15:25;17;15:30;17;15:30;17;16:05;;;;;;;;;;;;;;;;;;;;;;;;;;;;;;;;;17;16:05;17;16:05;20;03:05;;;;;;;;;;;;;;;;;;;;;;;;;;;;;;;;;;;;;;;;;;;;;;;;;;;;;;;;;;;;;;;;;;;;;;;
S2025;3640;37.0;210.0;8.14;0;0;0;5;08:00;23.75;236.92;3.83;264.5;XXXIX;28;BERÇO ARM 37;16;08:30;16;08:50;16;08:50;16;08:55;16;08:55;16;09:00;16;09:00;16;09:35;;;;;;;;;;;;;;;;;;;;;;;;;;;;;;;;;;;;;;;;;;;;;;;;;;;;;16;09:35;16;09:35;19;03:35;;;;;;;;;;;;;;;;;;;;;;;;;;;;;;;;;;;;;;;;;;;;;;;;;;;;;;;;;;;;;;;;;;;;;;;
S2025;3660;32.0;229.0;11.28;0;0;0;6;13:30;16.5;125.67;4.75;146.92;TIPLAM - GSM - I;61;BERÇO TIPLAM 2;12;16:25;12;16:45;12;16:45;12;16:50;12;16:50;12;16:55;12;16:55;12;17:00;12;17:00;12;17:05;12;17:05;12;17:10;12;17:10;12;17:15;12;17:15;12;17:20;12;17:20;12;17:25;12;17:25;12;17:30;12;17:30;12;17:35;12;17:35;12;17:40;12;17:40;12;17:45;12;17:45;12;17:50;12;17:50;12;17:55;12;17:55;12;18:15;12;18:15;12;18:30;12;18:30;12;18:30;19;19:30;;;;;;;;;;;;;;;;;;;;;;;;;;;;;;;;;;;;;;;;;;;;;;;;;;;;;;;;;;;;;;;;;;;;;;;
S2025;3661;32.0;229.0;14.2;0;0;0;6;13:30;13.25;211.58;3.67;228.5;TERMAG;57;BERÇO TERMAG;16;02:00;16;02:20;16;02:20;16;02:25;16;02:25;16;02:30;16;02:30;16;02:35;16;02:35;16;02:50;;;;;;;;;;;;;;;;;;;;;;;;;;;;;;;;;;;;;;;;;;;;;;;;;16;02:50;16;02:50;19;13:45;;;;;;;;;;;;;;;;;;;;;;;;;;;;;;;;;;;;;;;;;;;;;;;;;;;;;;;;;;;;;;;;;;;;;;;
S2025;3671;32.0;190.0;6.4;0;0;0;6;18:00;31.92;223.0;11.83;266.75;TIPLAM - GSA - E;62;BERÇO TIPLAM 3;17;20:45;17;21:05;17;21:05;17;21:10;17;21:10;17;21:15;17;21:15;17;21:20;17;21:20;17;21:25;17;21:25;17;21:30;17;21:30;17;21:35;17;21:35;17;21:40;17;21:40;17;21:45;17;21:45;17;21:50;17;21:50;17;21:55;17;21:55;17;22:00;17;22:00;17;22:05;17;22:05;17;22:10;17;22:10;17;22:15;17;22:15;17;22:35;17;22:35;17;23:20;17;23:20;17;23:20;19;19:45;;;;;;;;;;;;;;;;;;;;;;;;;;;;;;;;;;;;;;;;;;;;;;;;;;;;;;;;;;;;;;;;;;;;;;;
S2025;3680;32.0;189.99;12.15;0;0;0;7;08:01;16.42;93.17;6.92;116.5;TIPLAM - GSM - I;60;BERÇO TIPLAM 1;12;04:35;12;04:55;12;04:55;12;05:00;12;05:00;12;05:05;12;05:05;12;05:10;12;05:10;12;05:15;12;05:15;12;05:20;12;05:20;12;05:25;12;05:25;12;05:30;12;05:30;12;05:35;12;05:35;12;05:40;12;05:40;12;05:45;12;05:45;12;05:50;12;05:50;12;05:55;12;05:55;12;06:00;12;06:00;12;06:05;12;06:05;12;06:25;12;06:25;12;07:10;12;07:10;12;07:10;19;20:30;;;;;;;;;;;;;;;;;;;;;;;;;;;;;;;;;;;;;;;;;;;;;;;;;;;;;;;;;;;;;;;;;;;;;;;
S2025;3681;30.0;179.96;10.14;0;0;0;7;08:36;14.17;184.25;0.0;198.42;NITA;10;BERÇO ARM 13/14;15;15:05;15;15:25;15;15:25;15;15:30;15;15:30;15;15:35;15;15:35;15;15:40;15;15:40;15;15:45;15;15:45;15;15:50;15;15:50;15;15:55;15;15:55;15;16:00;15;16:00;15;16:15;;;;;;;;;;;;;;;;;;;;;;;;;;;;;;;;;15;16:15;15;16:15;25;00:45;;;;;;;;;;;;;;;;;;;;;;;;;;;;;;;;;;;;;;;;;;;;;;;;;;;;;;;;;;;;;;;;;;;;;;;
S2025;3691;32.0;199.99;11.7;0;0;0;7;21:00;0.92;13.33;4.08;18.33;OUTROS_MACUCO;27;BERÇO ARM 35P2;8;15:20;8;15:40;8;15:40;8;15:45;8;15:45;8;15:50;8;15:50;8;15:55;8;15:55;8;16:00;8;16:00;8;16:15;;;;;;;;;;;;;;;;;;;;;;;;;;;;;;;;;;;;;;;;;;;;;8;16:15;8;16:15;20;04:55;;;;;;;;;;;;;;;;;;;;;;;;;;;;;;;;;;;;;;;;;;;;;;;;;;;;;;;;;;;;;;;;;;;;;;;
S2025;3725;32.0;199.98;10.22;0;0;0;9;21:00;13.33;100.58;12.0;125.92;TIPLAM - GSM - I;63;BERÇO TIPLAM 4;15;02:55;15;03:15;15;03:15;15;03:20;15;03:20;15;03:25;15;03:25;15;03:30;15;03:30;15;03:35;15;03:35;15;03:40;15;03:40;15;03:45;15;03:45;15;03:50;15;03:50;15;03:55;15;03:55;15;04:00;15;04:00;15;04:05;15;04:05;15;04:10;15;04:10;15;04:15;15;04:15;15;04:20;15;04:20;15;04:25;15;04:25;15;04:45;15;04:45;15;05:00;15;05:00;15;05:00;18;06:35;18;06:35;18;06:35;18;07:15;18;07:15;18;07:35;18;07:35;18;07:40;18;07:40;18;07:45;18;07:45;18;07:50;18;07:50;18;07:55;18;07:55;18;08:00;18;08:00;18;08:05;18;08:05;18;08:10;18;08:10;18;08:15;18;08:15;18;08:20;18;08:20;18;08:25;18;08:25;18;08:30;18;08:30;18;08:35;18;08:35;18;08:40;18;08:40;18;08:45;18;08:45;18;09:05;
S2025;3726;32.0;199.98;6.68;0;0;0;9;21:00;12.83;180.58;0.0;193.42;COFCO;9;BERÇO ARM 12A;17;22:25;17;22:45;17;22:45;17;22:50;17;22:50;17;22:55;17;22:55;17;23:00;17;23:00;17;23:05;17;23:05;17;23:10;17;23:10;17;23:15;17;23:15;17;23:20;17;23:20;17;23:55;;;;;;;;;;;;;;;;;;;;;;;;;;;;;;;;;17;23:55;17;23:55;19;12:50;;;;;;;;;;;;;;;;;;;;;;;;;;;;;;;;;;;;;;;;;;;;;;;;;;;;;;;;;;;;;;;;;;;;;;;
S2025;3739;32.0;228.99;6.8;0;0;0;10;22:18;58.5;46.08;1.67;106.25;ADM;30;BERÇO ARM 39;15;08:35;15;08:55;15;08:55;15;09:00;15;09:00;15;09:05;15;09:05;15;09:40;;;;;;;;;;;;;;;;;;;;;;;;;;;;;;;;;;;;;;;;;;;;;;;;;;;;;15;09:40;15;09:40;17;23:40;18;00:00;;;;;;;;;;;;;;;;;;;;;;;;;;;;;;;;;;;;;;;;;;;;;;;;;;;;;18;00:00;18;00:10;18;00:10;18;00:15;18;00:15;18;00:20;18;00:20;18;00:40;
S2025;3743;32.0;225.0;5.7;0;0;0;11;00:06;51.08;107.33;1.83;160.25;TEG;56;BERÇO TEG;17;16:25;17;16:45;17;16:45;17;16:50;17;16:50;17;16:55;17;16:55;17;17:00;17;17:00;17;17:35;;;;;;;;;;;;;;;;;;;;;;;;;;;;;;;;;;;;;;;;;;;;;;;;;17;17:35;17;17:35;21;18:10;;;;;;;;;;;;;;;;;;;;;;;;;;;;;;;;;;;;;;;;;;;;;;;;;;;;;;;;;;;;;;;;;;;;;;;
S2025;3747;28.0;189.99;10.64;0;0;0;11;08:48;4.83;0.0;0.0;4.83;OUTROS_SABOO;36;BERÇO CS 01;11;13:40;11;14:00;11;14:00;11;14:05;11;14:05;11;14:10;11;14:10;11;14:15;11;14:15;11;14:20;11;14:20;11;14:25;11;14:25;11;14:30;11;14:30;11;14:35;11;14:35;11;14:40;11;14:40;11;14:45;11;14:45;11;14:50;11;14:50;11;15:05;;;;;;;;;;;;;;;;;;;;;11;15:05;11;15:05;17;22:40;18;03:40;;;;;;;;;;;;;;;;;;;;;18;03:40;18;04:10;18;04:10;18;04:15;18;04:15;18;04:20;18;04:20;18;04:25;18;04:25;18;04:30;18;04:30;18;04:35;18;04:35;18;04:40;18;04:40;18;04:45;18;04:45;18;04:50;18;04:50;18;04:55;18;04:55;18;05:00;18;05:00;18;05:20;
S2025;3786;32.0;199.98;6.86;0;0;0;13;10:00;2.83;50.5;0.0;53.33;COPESUCAR;14;BERÇO ARM 20/21;15;15:20;15;15:40;15;15:40;15;15:45;15;15:45;15;15:50;15;15:50;15;15:55;15;15:55;15;16:00;15;16:00;15;16:05;15;16:05;15;16:10;15;16:10;15;16:45;;;;;;;;;;;;;;;;;;;;;;;;;;;;;;;;;;;;;15;16:45;15;16:45;18;01:20;18;01:20;;;;;;;;;;;;;;;;;;;;;;;;;;;;;;;;;;;;;18;01:20;18;01:30;18;01:30;18;01:35;18;01:35;18;01:40;18;01:40;18;01:45;18;01:45;18;01:50;18;01:50;18;01:55;18;01:55;18;02:00;18;02:00;18;02:20;
S2025;3798;27.0;169.37;9.88;0;0;0;14;08:32;1.83;58.0;0.0;59.83;BUNGE;20;BERÇO ARM 30;16;20:25;16;20:45;16;20:45;16;20:50;16;20:50;16;20:55;16;20:55;16;21:00;16;21:00;16;21:05;16;21:05;16;21:20;;;;;;;;;;;;;;;;;;;;;;;;;;;;;;;;;;;;;;;;;;;;;16;21:20;16;21:20;22;10:40;;;;;;;;;;;;;;;;;;;;;;;;;;;;;;;;;;;;;;;;;;;;;;;;;;;;;;;;;;;;;;;;;;;;;;;
S2025;3804;48.0;330.0;14.0;0;0;0;14;13:24;15.92;34.5;5.17;55.58;ECOPORTO;34;BERÇO BTP 3;16;21:00;16;21:20;16;21:20;16;21:25;16;21:25;16;21:30;16;21:30;16;21:35;16;21:35;16;21:40;16;21:40;16;21:45;16;21:45;16;21:50;16;21:50;16;21:55;16;21:55;16;22:00;16;22:00;16;22:05;16;22:05;16;22:10;16;22:10;16;22:15;16;22:15;16;22:30;;;;;;;;;;;;;;;;;16;22:30;16;22:30;18;16:30;18;18:45;;;;;;;;;;;;;;;;;18;18:45;18;19:15;18;19:15;18;19:20;18;19:20;18;19:25;18;19:25;18;19:30;18;19:30;18;19:35;18;19:35;18;19:40;18;19:40;18;19:45;18;19:45;18;19:50;18;19:50;18;19:55;18;19:55;18;20:00;18;20:00;18;20:05;18;20:05;18;20:10;18;20:10;18;20:30;
S2025;3810;32.0;199.94;6.6;0;0;0;14;18:48;2.33;30.5;1.58;34.42;TEAG;51;BERÇO TEAG;16;05:15;16;05:35;16;05:35;16;05:40;16;05:40;16;05:45;16;05:45;16;05:50;16;05:50;16;06:25;;;;;;;;;;;;;;;;;;;;;;;;;;;;;;;;;;;;;;;;;;;;;;;;;16;06:25;16;06:25;18;11:00;18;12:00;;;;;;;;;;;;;;;;;;;;;;;;;;;;;;;;;;;;;;;;;;;;;;;;;18;12:00;18;12:10;18;12:10;18;12:15;18;12:15;18;12:20;18;12:20;18;12:25;18;12:25;18;12:45;
S2025;3818;48.0;330.03;11.85;0;0;0;15;06:00;15.83;17.25;2.25;35.33;BTP;32;BERÇO BTP 1;16;17:20;16;17:40;16;17:40;16;17:45;16;17:45;16;17:50;16;17:50;16;17:55;16;17:55;16;18:00;16;18:00;16;18:05;16;18:05;16;18:10;16;18:10;16;18:15;16;18:15;16;18:20;16;18:20;16;18:25;16;18:25;16;18:30;16;18:30;16;18:35;16;18:35;16;19:10;;;;;;;;;;;;;;;;;16;19:10;16;19:10;17;17:45;18;14:20;;;;;;;;;;;;;;;;;18;14:20;18;14:30;18;14:30;18;14:35;18;14:35;18;14:40;18;14:40;18;14:45;18;14:45;18;14:50;18;14:50;18;14:55;18;14:55;18;15:00;18;15:00;18;15:05;18;15:05;18;15:10;18;15:10;18;15:15;18;15:15;18;15:20;18;15:20;18;15:25;18;15:25;18;15:45;
S2025;3820;32.0;199.9;11.6;0;0;0;15;08:00;0.0;0.0;2.58;2.58;BRACELL;73;BERÇO ARM 35P1;15;10:35;15;10:55;15;10:55;15;11:00;15;11:00;15;11:05;15;11:05;15;11:10;15;11:10;15;11:45;;;;;;;;;;;;;;;;;;;;;;;;;;;;;;;;;;;;;;;;;;;;;;;;;15;11:45;15;11:45;18;15:10;18;15:20;;;;;;;;;;;;;;;;;;;;;;;;;;;;;;;;;;;;;;;;;;;;;;;;;18;15:20;18;15:30;18;15:30;18;15:35;18;15:35;18;15:40;18;15:40;18;15:45;18;15:45;18;16:05;
S2025;3821;26.0;170.0;7.2;0;0;0;15;09:00;0.0;0.0;1.83;1.83;CUTRALE - GL;40;BERÇO CUTRALE;15;10:50;15;11:10;15;11:10;15;11:15;15;11:15;15;11:20;15;11:20;15;11:55;;;;;;;;;;;;;;;;;;;;;;;;;;;;;;;;;;;;;;;;;;;;;;;;;;;;;15;11:55;15;11:55;18;23:35;;;;;;;;;;;;;;;;;;;;;;;;;;;;;;;;;;;;;;;;;;;;;;;;;;;;;;;;;;;;;;;;;;;;;;;
S2025;3829;28.0;183.2;8.4;0;0;0;15;18:00;1.92;21.08;0.0;23.0;TRANSPETRO;3;BERÇO AL 02;16;17:00;16;17:20;16;17:20;16;17:25;16;17:25;16;17:30;16;17:30;16;17:35;16;17:35;16;17:40;16;17:40;16;17:45;16;17:45;16;17:50;16;17:50;16;17:55;16;17:55;16;18:00;16;18:00;16;18:05;16;18:05;16;18:10;16;18:10;16;18:15;16;18:15;16;18:20;16;18:20;16;18:55;;;;;;;;;;;;;16;18:55;16;18:55;18;15:45;18;15:45;;;;;;;;;;;;;18;15:45;18;15:55;18;15:55;18;16:00;18;16:00;18;16:05;18;16:05;18;16:10;18;16:10;18;16:15;18;16:15;18;16:20;18;16:20;18;16:25;18;16:25;18;16:30;18;16:30;18;16:35;18;16:35;18;16:40;18;16:40;18;16:45;18;16:45;18;16:50;18;16:50;18;16:55;18;16:55;18;17:15;
S2025;3833;45.0;299.9;11.8;0;0;0;15;20:00;3.0;40.33;0.58;43.92;BTP;33;BERÇO BTP 2;17;15:55;17;16:15;17;16:15;17;16:20;17;16:20;17;16:25;17;16:25;17;16:30;17;16:30;17;16:35;17;16:35;17;16:40;17;16:40;17;16:45;17;16:45;17;16:50;17;16:50;17;16:55;17;16:55;17;17:00;17;17:00;17;17:05;17;17:05;17;17:10;17;17:10;17;17:25;;;;;;;;;;;;;;;;;17;17:25;17;17:25;18;19:25;18;22:10;;;;;;;;;;;;;;;;;18;22:10;18;22:40;18;22:40;18;22:45;18;22:45;18;22:50;18;22:50;18;22:55;18;22:55;18;23:00;18;23:00;18;23:05;18;23:05;18;23:10;18;23:10;18;23:15;18;23:15;18;23:20;18;23:20;18;23:25;18;23:25;18;23:30;18;23:30;18;23:35;18;23:35;18;23:55;
S2025;3834;36.0;236.32;8.5;0;0;0;15;20:30;0.0;0.42;0.0;0.42;ECOPORTO;70;BERÇO VAL;15;20:55;15;21:15;15;21:15;15;21:20;15;21:20;15;21:25;15;21:25;15;21:30;15;21:30;15;21:35;15;21:35;15;21:40;15;21:40;15;21:45;15;21:45;15;21:50;15;21:50;15;21:55;15;21:55;15;22:00;15;22:00;15;22:05;15;22:05;15;22:20;;;;;;;;;;;;;;;;;;;;;15;22:20;15;22:20;17;14:30;18;00:00;;;;;;;;;;;;;;;;;;;;;18;00:00;18;00:30;18;00:30;18;00:35;18;00:35;18;00:40;18;00:40;18;00:45;18;00:45;18;00:50;18;00:50;18;00:55;18;00:55;18;01:00;18;01:00;18;01:05;18;01:05;18;01:10;18;01:10;18;01:15;18;01:15;18;01:20;18;01:20;18;01:40;
S2025;3840;37.0;256.07;9.3;0;0;0;16;05:54;1.67;20.92;0.58;23.17;DPW - CGC;43;BERÇO DPW 2;17;05:05;17;05:25;17;05:25;17;05:30;17;05:30;17;05:35;17;05:35;17;05:40;17;05:40;17;05:45;17;05:45;17;05:50;17;05:50;17;05:55;17;05:55;17;06:00;17;06:00;17;06:05;17;06:05;17;06:10;17;06:10;17;06:45;;;;;;;;;;;;;;;;;;;;;;;;;17;06:45;17;06:45;18;01:15;18;01:20;;;;;;;;;;;;;;;;;;;;;;;;;18;01:20;18;01:30;18;01:30;18;01:35;18;01:35;18;01:40;18;01:40;18;01:45;18;01:45;18;01:50;18;01:50;18;01:55;18;01:55;18;02:00;18;02:00;18;02:05;18;02:05;18;02:10;18;02:10;18;02:15;18;02:15;18;02:35;
S2025;3842;26.0;170.0;10.8;0;0;0;16;07:12;1.58;22.83;1.83;26.25;GRANEL;5;BERÇO AL 04;17;09:30;17;09:50;17;09:50;17;09:55;17;09:55;17;10:00;17;10:00;17;10:05;17;10:05;17;10:10;17;10:10;17;10:15;17;10:15;17;10:20;17;10:20;17;10:25;17;10:25;17;10:30;17;10:30;17;10:35;17;10:35;17;10:40;17;10:40;17;10:45;17;10:45;17;10:50;17;10:50;17;11:05;;;;;;;;;;;;;17;11:05;17;11:05;21;19:30;;;;;;;;;;;;;;;;;;;;;;;;;;;;;;;;;;;;;;;;;;;;;;;;;;;;;;;;;;;;;;;;;;;;;;;
S2025;3846;33.0;209.75;10.4;0;0;0;16;11:00;1.33;19.33;2.92;23.58;DPW - CGC;42;BERÇO DPW 1;17;10:35;17;10:55;17;10:55;17;11:00;17;11:00;17;11:05;17;11:05;17;11:10;17;11:10;17;11:15;17;11:15;17;11:20;17;11:20;17;11:25;17;11:25;17;11:30;17;11:30;17;11:35;17;11:35;17;11:40;17;11:40;17;11:55;;;;;;;;;;;;;;;;;;;;;;;;;17;11:55;17;11:55;18;07:00;18;07:10;;;;;;;;;;;;;;;;;;;;;;;;;18;07:10;18;07:40;18;07:40;18;07:45;18;07:45;18;07:50;18;07:50;18;07:55;18;07:55;18;08:00;18;08:00;18;08:05;18;08:05;18;08:10;18;08:10;18;08:15;18;08:15;18;08:20;18;08:20;18;08:25;18;08:25;18;08:45;
S2025;3848;32.0;179.99;12.0;0;0;0;16;12:00;0.0;0.0;0.0;0.0;AGEO_TERMINAIS;77;BERÇO IB OE;16;12:00;16;12:20;16;12:20;16;12:25;16;12:25;16;12:30;16;12:30;16;12:35;16;12:35;16;12:40;16;12:40;16;12:45;16;12:45;16;12:50;16;12:50;16;12:55;16;12:55;16;13:00;16;13:00;16;13:05;16;13:05;16;13:10;16;13:10;16;13:25;;;;;;;;;;;;;;;;;;;;;16;13:25;16;13:25;21;20:55;;;;;;;;;;;;;;;;;;;;;;;;;;;;;;;;;;;;;;;;;;;;;;;;;;;;;;;;;;;;;;;;;;;;;;;
S2025;3850;44.0;268.03;13.2;0;0;0;16;12:30;0.92;11.17;0.0;12.08;SANTOSBR;54;BERÇO TECON 2;17;00:35;17;00:55;17;00:55;17;01:00;17;01:00;17;01:05;17;01:05;17;01:10;17;01:10;17;01:15;17;01:15;17;01:30;;;;;;;;;;;;;;;;;;;;;;;;;;;;;;;;;;;;;;;;;;;;;17;01:30;17;01:30;19;15:15;;;;;;;;;;;;;;;;;;;;;;;;;;;;;;;;;;;;;;;;;;;;;;;;;;;;;;;;;;;;;;;;;;;;;;;
S2025;3851;25.0;156.53;8.2;0;0;0;16;15:45;0.0;0.0;0.42;0.42;AGEO_TERMINAIS;46;BERÇO IB BC;16;16:10;16;16:30;16;16:30;16;16:35;16;16:35;16;16:40;16;16:40;16;16:45;16;16:45;16;16:50;16;16:50;16;16:55;16;16:55;16;17:00;16;17:00;16;17:05;16;17:05;16;17:10;16;17:10;16;17:15;16;17:15;16;17:20;16;17:20;16;17:35;;;;;;;;;;;;;;;;;;;;;16;17:35;16;17:35;19;04:25;;;;;;;;;;;;;;;;;;;;;;;;;;;;;;;;;;;;;;;;;;;;;;;;;;;;;;;;;;;;;;;;;;;;;;;
S2025;3855;36.0;228.99;8.41;0;0;0;17;06:00;0.0;0.0;0.0;0.0;TGRAO;71;BERÇO OUT 2;17;06:00;17;06:20;17;06:20;17;06:25;17;06:25;17;06:30;17;06:30;17;06:35;17;06:35;17;06:40;17;06:40;17;06:45;17;06:45;17;07:20;;;;;;;;;;;;;;;;;;;;;;;;;;;;;;;;;;;;;;;;;17;07:20;17;07:20;19;23:25;;;;;;;;;;;;;;;;;;;;;;;;;;;;;;;;;;;;;;;;;;;;;;;;;;;;;;;;;;;;;;;;;;;;;;;
S2025;3857;27.4;183.98;7.4;0;0;0;17;08:30;0.0;6.92;0.0;6.92;TRANSPETRO;2;BERÇO AL 01;17;15:25;17;15:45;17;15:45;17;15:50;17;15:50;17;15:55;17;15:55;17;16:00;17;16:00;17;16:05;17;16:05;17;16:10;17;16:10;17;16:15;17;16:15;17;16:20;17;16:20;17;16:25;17;16:25;17;16:30;17;16:30;17;16:35;17;16:35;17;16:40;17;16:40;17;16:45;17;16:45;17;17:20;;;;;;;;;;;;;17;17:20;17;17:20;19;09:50;;;;;;;;;;;;;;;;;;;;;;;;;;;;;;;;;;;;;;;;;;;;;;;;;;;;;;;;;;;;;;;;;;;;;;;
S2025;3858;17.0;82.3;4.5;0;0;0;17;08:30;0.0;0.0;2.33;2.33;SAIPEM;48;BERÇO SAIPEM 1;17;10:50;17;11:10;17;11:10;17;11:45;;;;;;;;;;;;;;;;;;;;;;;;;;;;;;;;;;;;;;;;;;;;;;;;;;;;;;;;;;;;;17;11:45;17;11:45;18;15:20;18;18:10;;;;;;;;;;;;;;;;;;;;;;;;;;;;;;;;;;;;;;;;;;;;;;;;;;;;;;;;;;;;;18;18:10;18;18:40;18;18:40;18;19:00;
S2025;3860;27.0;170.0;8.15;0;0;0;17;10:18;0.0;0.0;0.0;0.0;ULTRACARGO;4;BERÇO AL 03;17;10:20;17;10:40;17;10:40;17;10:45;17;10:45;17;10:50;17;10:50;17;10:55;17;10:55;17;11:00;17;11:00;17;11:05;17;11:05;17;11:10;17;11:10;17;11:15;17;11:15;17;11:20;17;11:20;17;11:25;17;11:25;17;11:30;17;11:30;17;11:35;17;11:35;17;11:40;17;11:40;17;11:55;;;;;;;;;;;;;17;11:55;17;11:55;19;12:50;;;;;;;;;;;;;;;;;;;;;;;;;;;;;;;;;;;;;;;;;;;;;;;;;;;;;;;;;;;;;;;;;;;;;;;
S2025;3866;18.0;85.34;4.2;0;0;0;17;14:20;0.0;0.0;2.33;2.33;SAIPEM;49;BERÇO SAIPEM 2;17;16:40;17;17:00;17;17:00;17;17:35;;;;;;;;;;;;;;;;;;;;;;;;;;;;;;;;;;;;;;;;;;;;;;;;;;;;;;;;;;;;;17;17:35;17;17:35;19;16:50;;;;;;;;;;;;;;;;;;;;;;;;;;;;;;;;;;;;;;;;;;;;;;;;;;;;;;;;;;;;;;;;;;;;;;;
S2025;3867;37.0;228.0;10.0;0;0;0;17;15:00;0.0;0.0;7.67;7.67;SANTOSBR;52;BERÇO TECON 1.1;17;22:40;17;23:00;17;23:00;17;23:05;17;23:05;17;23:10;17;23:10;17;23:15;17;23:15;17;23:20;17;23:20;17;23:35;;;;;;;;;;;;;;;;;;;;;;;;;;;;;;;;;;;;;;;;;;;;;17;23:35;17;23:35;19;01:35;;;;;;;;;;;;;;;;;;;;;;;;;;;;;;;;;;;;;;;;;;;;;;;;;;;;;;;;;;;;;;;;;;;;;;;
S2025;3869;32.0;199.54;7.68;0;0;1;17;18:00;0.0;0.0;0.42;0.42;TEV;58;BERÇO TEV;17;18:25;17;18:45;17;18:45;17;18:50;17;18:50;17;18:55;17;18:55;17;19:00;17;19:00;17;19:05;17;19:05;17;19:10;17;19:10;17;19:45;;;;;;;;;;;;;;;;;;;;;;;;;;;;;;;;;;;;;;;;;17;19:45;17;19:45;18;19:20;18;19:20;;;;;;;;;;;;;;;;;;;;;;;;;;;;;;;;;;;;;;;;;18;19:20;18;19:30;18;19:30;18;19:35;18;19:35;18;19:40;18;19:40;18;19:45;18;19:45;18;19:50;18;19:50;18;19:55;18;19:55;18;20:15;
S2025;3870;32.0;224.9;7.5;0;0;0;17;18:00;0.0;0.0;1.08;1.08;TGRAO;72;BERÇO OUT 3;17;19:05;17;19:25;17;19:25;17;19:30;17;19:30;17;19:35;17;19:35;17;19:40;17;19:40;17;19:45;17;19:45;17;19:50;17;19:50;17;20:25;;;;;;;;;;;;;;;;;;;;;;;;;;;;;;;;;;;;;;;;;17;20:25;17;20:25;21;20:30;;;;;;;;;;;;;;;;;;;;;;;;;;;;;;;;;;;;;;;;;;;;;;;;;;;;;;;;;;;;;;;;;;;;;;;
S2025;3871;35.0;199.91;9.4;0;0;0;17;18:00;0.0;0.0;0.67;0.67;SANTOSBR;53;BERÇO TECON 1.2;17;18:40;17;19:00;17;19:00;17;19:05;17;19:05;17;19:10;17;19:10;17;19:15;17;19:15;17;19:20;17;19:20;17;19:35;;;;;;;;;;;;;;;;;;;;;;;;;;;;;;;;;;;;;;;;;;;;;17;19:35;17;19:35;19;15:10;;;;;;;;;;;;;;;;;;;;;;;;;;;;;;;;;;;;;;;;;;;;;;;;;;;;;;;;;;;;;;;;;;;;;;;
S2025;3771;30.0;180.0;10.29;0;0;0;12;14:54;12.5;118.67;7.08;138.25;TIPLAM - GSM - I;63;BERÇO TIPLAM 4;18;09:10;18;09:30;18;09:30;18;09:35;18;09:35;18;09:40;18;09:40;18;09:45;18;09:45;18;09:50;18;09:50;18;09:55;18;09:55;18;10:00;18;10:00;18;10:05;18;10:05;18;10:10;18;10:10;18;10:15;18;10:15;18;10:20;18;10:20;18;10:25;18;10:25;18;10:30;18;10:30;18;10:35;18;10:35;18;10:40;18;10:40;18;11:00;18;11:00;18;11:15;18;11:15;18;11:15;21;01:40;;;;;;;;;;;;;;;;;;;;;;;;;;;;;;;;;;;;;;;;;;;;;;;;;;;;;;;;;;;;;;;;;;;;;;;
S2025;3803;33.0;224.88;7.14;0;0;0;14;12:00;27.17;55.67;4.75;87.58;ADM;30;BERÇO ARM 39;18;03:35;18;03:55;18;03:55;18;04:00;18;04:00;18;04:05;18;04:05;18;04:40;;;;;;;;;;;;;;;;;;;;;;;;;;;;;;;;;;;;;;;;;;;;;;;;;;;;;18;04:40;18;04:40;20;06:05;;;;;;;;;;;;;;;;;;;;;;;;;;;;;;;;;;;;;;;;;;;;;;;;;;;;;;;;;;;;;;;;;;;;;;;
S2025;3805;32.0;199.9;7.08;0;0;0;14;14:00;5.67;77.75;1.83;85.25;COPESUCAR;14;BERÇO ARM 20/21;18;03:15;18;03:35;18;03:35;18;03:40;18;03:40;18;03:45;18;03:45;18;03:50;18;03:50;18;03:55;18;03:55;18;04:00;18;04:00;18;04:05;18;04:05;18;04:40;;;;;;;;;;;;;;;;;;;;;;;;;;;;;;;;;;;;;18;04:40;18;04:40;19;10:15;;;;;;;;;;;;;;;;;;;;;;;;;;;;;;;;;;;;;;;;;;;;;;;;;;;;;;;;;;;;;;;;;;;;;;;
S2025;3822;32.0;189.99;6.2;0;0;0;15;09:30;3.5;69.42;2.75;75.67;TEAG;51;BERÇO TEAG;18;13:10;18;13:30;18;13:30;18;13:35;18;13:35;18;13:40;18;13:40;18;13:45;18;13:45;18;14:20;;;;;;;;;;;;;;;;;;;;;;;;;;;;;;;;;;;;;;;;;;;;;;;;;18;14:20;18;14:20;21;10:50;;;;;;;;;;;;;;;;;;;;;;;;;;;;;;;;;;;;;;;;;;;;;;;;;;;;;;;;;;;;;;;;;;;;;;;
S2025;3843;32.0;210.96;9.3;0;0;0;16;10:20;3.0;47.58;0.0;50.58;BTP;32;BERÇO BTP 1;18;12:55;18;13:15;18;13:15;18;13:20;18;13:20;18;13:25;18;13:25;18;13:30;18;13:30;18;13:35;18;13:35;18;13:40;18;13:40;18;13:45;18;13:45;18;13:50;18;13:50;18;13:55;18;13:55;18;14:00;18;14:00;18;14:05;18;14:05;18;14:10;18;14:10;18;14:25;;;;;;;;;;;;;;;;;18;14:25;18;14:25;19;17:40;;;;;;;;;;;;;;;;;;;;;;;;;;;;;;;;;;;;;;;;;;;;;;;;;;;;;;;;;;;;;;;;;;;;;;;
S2025;3849;37.0;228.0;10.5;0;0;0;16;12:20;3.0;53.42;0.0;56.42;BTP;33;BERÇO BTP 2;18;20:45;18;21:05;18;21:05;18;21:10;18;21:10;18;21:15;18;21:15;18;21:20;18;21:20;18;21:25;18;21:25;18;21:30;18;21:30;18;21:35;18;21:35;18;21:40;18;21:40;18;21:45;18;21:45;18;21:50;18;21:50;18;21:55;18;21:55;18;22:00;18;22:00;18;22:15;;;;;;;;;;;;;;;;;18;22:15;18;22:15;19;10:45;;;;;;;;;;;;;;;;;;;;;;;;;;;;;;;;;;;;;;;;;;;;;;;;;;;;;;;;;;;;;;;;;;;;;;;
S2025;3854;38.0;249.12;11.4;0;0;0;17;04:08;1.5;36.0;0.0;37.5;BTP;34;BERÇO BTP 3;18;17:40;18;18:00;18;18:00;18;18:05;18;18:05;18;18:10;18;18:10;18;18:15;18;18:15;18;18:20;18;18:20;18;18:25;18;18:25;18;18:30;18;18:30;18;18:35;18;18:35;18;18:40;18;18:40;18;18:45;18;18:45;18;18:50;18;18:50;18;18:55;18;18:55;18;19:10;;;;;;;;;;;;;;;;;18;19:10;18;19:10;19;08:00;;;;;;;;;;;;;;;;;;;;;;;;;;;;;;;;;;;;;;;;;;;;;;;;;;;;;;;;;;;;;;;;;;;;;;;
S2025;3845;33.0;201.8;7.3;0;0;0;16;10:36;2.33;51.5;0.0;53.83;BRACELL;73;BERÇO ARM 35P1;18;16:30;18;16:50;18;16:50;18;16:55;18;16:55;18;17:00;18;17:00;18;17:05;18;17:05;18;17:40;;;;;;;;;;;;;;;;;;;;;;;;;;;;;;;;;;;;;;;;;;;;;;;;;18;17:40;18;17:40;22;21:15;;;;;;;;;;;;;;;;;;;;;;;;;;;;;;;;;;;;;;;;;;;;;;;;;;;;;;;;;;;;;;;;;;;;;;;
S2025;3859;26.6;170.0;6.7;0;0;0;17;08:30;1.92;27.5;3.42;32.83;STOLTHAVEN;3;BERÇO AL 02;18;17:20;18;17:40;18;17:40;18;17:45;18;17:45;18;17:50;18;17:50;18;17:55;18;17:55;18;18:00;18;18:00;18;18:05;18;18:05;18;18:10;18;18:10;18;18:15;18;18:15;18;18:20;18;18:20;18;18:25;18;18:25;18;18:30;18;18:30;18;18:35;18;18:35;18;18:40;18;18:40;18;19:15;;;;;;;;;;;;;18;19:15;18;19:15;22;23:50;;;;;;;;;;;;;;;;;;;;;;;;;;;;;;;;;;;;;;;;;;;;;;;;;;;;;;;;;;;;;;;;;;;;;;;
S2025;3861;48.0;331.0;12.7;0;0;0;17;11:00;4.33;9.5;1.83;15.67;DPW - CGC;43;BERÇO DPW 2;18;02:40;18;03:00;18;03:00;18;03:05;18;03:05;18;03:10;18;03:10;18;03:15;18;03:15;18;03:20;18;03:20;18;03:25;18;03:25;18;03:30;18;03:30;18;03:35;18;03:35;18;03:40;18;03:40;18;03:45;18;03:45;18;04:00;;;;;;;;;;;;;;;;;;;;;;;;;18;04:00;18;04:00;18;22:05;18;22:05;;;;;;;;;;;;;;;;;;;;;;;;;18;22:05;18;22:35;18;22:35;18;22:40;18;22:40;18;22:45;18;22:45;18;22:50;18;22:50;18;22:55;18;22:55;18;23:00;18;23:00;18;23:05;18;23:05;18;23:10;18;23:10;18;23:15;18;23:15;18;23:20;18;23:20;18;23:40;
S2025;3868;40.0;284.71;12.4;0;0;0;17;17:30;1.33;8.5;2.58;12.42;DPW - CGC;42;BERÇO DPW 1;18;05:55;18;06:15;18;06:15;18;06:20;18;06:20;18;06:25;18;06:25;18;06:30;18;06:30;18;06:35;18;06:35;18;06:40;18;06:40;18;06:45;18;06:45;18;06:50;18;06:50;18;06:55;18;06:55;18;07:00;18;07:00;18;07:15;;;;;;;;;;;;;;;;;;;;;;;;;18;07:15;18;07:15;19;00:20;;;;;;;;;;;;;;;;;;;;;;;;;;;;;;;;;;;;;;;;;;;;;;;;;;;;;;;;;;;;;;;;;;;;;;;
S2025;3876;32.25;294.0;11.8;0;0;0;18;04:06;0.0;16.83;0.0;16.83;DPW - CGC;43;BERÇO DPW 2;18;21:00;18;21:20;18;21:20;18;21:25;18;21:25;18;21:30;18;21:30;18;21:35;18;21:35;18;21:40;18;21:40;18;21:45;18;21:45;18;21:50;18;21:50;18;21:55;18;21:55;18;22:00;18;22:00;18;22:05;18;22:05;18;22:20;;;;;;;;;;;;;;;;;;;;;;;;;18;22:20;18;22:20;19;21:50;;;;;;;;;;;;;;;;;;;;;;;;;;;;;;;;;;;;;;;;;;;;;;;;;;;;;;;;;;;;;;;;;;;;;;;
S2025;3874;36.0;236.32;8.4;0;0;1;18;00:36;0.0;20.58;0.0;20.58;TEV;58;BERÇO TEV;18;21:15;18;21:35;18;21:35;18;21:40;18;21:40;18;21:45;18;21:45;18;21:50;18;21:50;18;21:55;18;21:55;18;22:00;18;22:00;18;22:35;;;;;;;;;;;;;;;;;;;;;;;;;;;;;;;;;;;;;;;;;18;22:35;18;22:35;19;16:00;;;;;;;;;;;;;;;;;;;;;;;;;;;;;;;;;;;;;;;;;;;;;;;;;;;;;;;;;;;;;;;;;;;;;;;
S2025;3875;32.0;225.0;12.53;0;0;0;18;02:53;0.0;0.0;0.0;0.0;HIDROVIAS;15;BERÇO ARM 22/23;18;02:55;18;03:15;18;03:15;18;03:20;18;03:20;18;03:25;18;03:25;18;03:30;18;03:30;18;03:35;18;03:35;18;03:40;18;03:40;18;03:45;18;03:45;18;04:00;;;;;;;;;;;;;;;;;;;;;;;;;;;;;;;;;;;;;18;04:00;18;04:00;20;20:45;;;;;;;;;;;;;;;;;;;;;;;;;;;;;;;;;;;;;;;;;;;;;;;;;;;;;;;;;;;;;;;;;;;;;;;
S2025;3878;9.0;210.54;11.3;0;0;0;18;07:00;0.0;0.0;0.0;0.0;SANTOSBR;55;BERÇO TECON 3;18;07:00;18;07:20;18;07:20;18;07:25;18;07:25;18;07:30;18;07:30;18;07:35;18;07:35;18;07:40;18;07:40;18;07:55;;;;;;;;;;;;;;;;;;;;;;;;;;;;;;;;;;;;;;;;;;;;;18;07:55;18;07:55;19;00:50;;;;;;;;;;;;;;;;;;;;;;;;;;;;;;;;;;;;;;;;;;;;;;;;;;;;;;;;;;;;;;;;;;;;;;;
S2025;3879;32.0;225.0;11.2;0;0;0;18;08:18;0.0;0.0;1.08;1.08;DPW - CGNC;44;BERÇO DPW 3;18;09:25;18;09:45;18;09:45;18;09:50;18;09:50;18;09:55;18;09:55;18;10:00;18;10:00;18;10:05;18;10:05;18;10:10;18;10:10;18;10:15;18;10:15;18;10:20;18;10:20;18;10:25;18;10:25;18;11:00;;;;;;;;;;;;;;;;;;;;;;;;;;;;;18;11:00;18;11:00;19;12:10;;;;;;;;;;;;;;;;;;;;;;;;;;;;;;;;;;;;;;;;;;;;;;;;;;;;;;;;;;;;;;;;;;;;;;;
S2025;3880;19.0;87.9;5.1;0;0;0;18;09:50;0.0;0.0;0.42;0.42;SAIPEM;50;BERÇO SAIPEM 3;18;10:15;18;10:35;18;10:35;18;11:10;;;;;;;;;;;;;;;;;;;;;;;;;;;;;;;;;;;;;;;;;;;;;;;;;;;;;;;;;;;;;18;11:10;18;11:10;21;00:15;;;;;;;;;;;;;;;;;;;;;;;;;;;;;;;;;;;;;;;;;;;;;;;;;;;;;;;;;;;;;;;;;;;;;;;
S2025;3881;32.0;224.98;7.19;0;0;0;18;10:00;0.0;0.0;0.0;0.0;TGG;59;BERÇO TGG;18;10:00;18;10:20;18;10:20;18;10:25;18;10:25;18;10:30;18;10:30;18;10:35;18;10:35;18;11:10;;;;;;;;;;;;;;;;;;;;;;;;;;;;;;;;;;;;;;;;;;;;;;;;;18;11:10;18;11:10;19;20:40;;;;;;;;;;;;;;;;;;;;;;;;;;;;;;;;;;;;;;;;;;;;;;;;;;;;;;;;;;;;;;;;;;;;;;;
S2025;3883;36.0;209.99;9.25;0;0;0;18;11:10;0.0;0.0;0.83;0.83;OUTROS_SABOO;36;BERÇO CS 01;18;12:00;18;12:20;18;12:20;18;12:25;18;12:25;18;12:30;18;12:30;18;12:35;18;12:35;18;12:40;18;12:40;18;12:45;18;12:45;18;12:50;18;12:50;18;12:55;18;12:55;18;13:00;18;13:00;18;13:05;18;13:05;18;13:10;18;13:10;18;13:25;;;;;;;;;;;;;;;;;;;;;18;13:25;18;13:25;22;22:45;;;;;;;;;;;;;;;;;;;;;;;;;;;;;;;;;;;;;;;;;;;;;;;;;;;;;;;;;;;;;;;;;;;;;;;
S2025;3884;32.0;229.0;7.28;0;0;0;18;11:30;1.08;0.0;0.83;1.92;TES;29;BERÇO ARM 38;18;13:25;18;13:45;18;13:45;18;13:50;18;13:50;18;13:55;18;13:55;18;14:30;;;;;;;;;;;;;;;;;;;;;;;;;;;;;;;;;;;;;;;;;;;;;;;;;;;;;18;14:30;18;14:30;24;09:10;;;;;;;;;;;;;;;;;;;;;;;;;;;;;;;;;;;;;;;;;;;;;;;;;;;;;;;;;;;;;;;;;;;;;;;
S2025;3548;34.0;228.37;9.2;0;0;0;0;03:12;119.17;179.92;121.83;420.92;ELEVACOES;13;BERÇO ARM 19;17;16:10;17;16:30;17;16:30;17;16:35;17;16:35;17;16:40;17;16:40;17;16:45;17;16:45;17;16:50;17;16:50;17;16:55;17;16:55;17;17:00;17;17:00;17;17:35;;;;;;;;;;;;;;;;;;;;;;;;;;;;;;;;;;;;;17;17:35;17;17:35;19;04:35;19;05:50;;;;;;;;;;;;;;;;;;;;;;;;;;;;;;;;;;;;;19;05:50;19;06:00;19;06:00;19;06:05;19;06:05;19;06:10;19;06:10;19;06:15;19;06:15;19;06:20;19;06:20;19;06:25;19;06:25;19;06:30;19;06:30;19;06:50;
S2025;3549;32.0;189.99;6.24;0;0;0;0;06:00;117.5;177.67;121.42;416.58;ELEVACOES;12;BERÇO ARM 16/17;17;14:35;17;14:55;17;14:55;17;15:00;17;15:00;17;15:05;17;15:05;17;15:10;17;15:10;17;15:15;17;15:15;17;15:20;17;15:20;17;15:25;17;15:25;17;15:30;17;15:30;17;16:05;;;;;;;;;;;;;;;;;;;;;;;;;;;;;;;;;17;16:05;17;16:05;20;03:05;;;;;;;;;;;;;;;;;;;;;;;;;;;;;;;;;;;;;;;;;;;;;;;;;;;;;;;;;;;;;;;;;;;;;;;
S2025;3640;37.0;210.0;8.14;0;0;0;5;08:00;23.75;236.92;3.83;264.5;XXXIX;28;BERÇO ARM 37;16;08:30;16;08:50;16;08:50;16;08:55;16;08:55;16;09:00;16;09:00;16;09:35;;;;;;;;;;;;;;;;;;;;;;;;;;;;;;;;;;;;;;;;;;;;;;;;;;;;;16;09:35;16;09:35;19;03:35;19;03:40;;;;;;;;;;;;;;;;;;;;;;;;;;;;;;;;;;;;;;;;;;;;;;;;;;;;;19;03:40;19;03:50;19;03:50;19;03:55;19;03:55;19;04:00;19;04:00;19;04:20;
S2025;3660;32.0;229.0;11.28;0;0;0;6;13:30;16.5;125.67;4.75;146.92;TIPLAM - GSM - I;61;BERÇO TIPLAM 2;12;16:25;12;16:45;12;16:45;12;16:50;12;16:50;12;16:55;12;16:55;12;17:00;12;17:00;12;17:05;12;17:05;12;17:10;12;17:10;12;17:15;12;17:15;12;17:20;12;17:20;12;17:25;12;17:25;12;17:30;12;17:30;12;17:35;12;17:35;12;17:40;12;17:40;12;17:45;12;17:45;12;17:50;12;17:50;12;17:55;12;17:55;12;18:15;12;18:15;12;18:30;12;18:30;12;18:30;19;19:30;;;;;;;;;;;;;;;;;;;;;;;;;;;;;;;;;;;;;;;;;;;;;;;;;;;;;;;;;;;;;;;;;;;;;;;
S2025;3661;32.0;229.0;14.2;0;0;0;6;13:30;13.25;211.58;3.67;228.5;TERMAG;57;BERÇO TERMAG;16;02:00;16;02:20;16;02:20;16;02:25;16;02:25;16;02:30;16;02:30;16;02:35;16;02:35;16;02:50;;;;;;;;;;;;;;;;;;;;;;;;;;;;;;;;;;;;;;;;;;;;;;;;;16;02:50;16;02:50;19;13:45;19;14:20;;;;;;;;;;;;;;;;;;;;;;;;;;;;;;;;;;;;;;;;;;;;;;;;;19;14:20;19;14:50;19;14:50;19;14:55;19;14:55;19;15:00;19;15:00;19;15:05;19;15:05;19;15:25;
S2025;3671;32.0;190.0;6.4;0;0;0;6;18:00;31.92;223.0;11.83;266.75;TIPLAM - GSA - E;62;BERÇO TIPLAM 3;17;20:45;17;21:05;17;21:05;17;21:10;17;21:10;17;21:15;17;21:15;17;21:20;17;21:20;17;21:25;17;21:25;17;21:30;17;21:30;17;21:35;17;21:35;17;21:40;17;21:40;17;21:45;17;21:45;17;21:50;17;21:50;17;21:55;17;21:55;17;22:00;17;22:00;17;22:05;17;22:05;17;22:10;17;22:10;17;22:15;17;22:15;17;22:35;17;22:35;17;23:20;17;23:20;17;23:20;19;19:45;;;;;;;;;;;;;;;;;;;;;;;;;;;;;;;;;;;;;;;;;;;;;;;;;;;;;;;;;;;;;;;;;;;;;;;
S2025;3680;32.0;189.99;12.15;0;0;0;7;08:01;16.42;93.17;6.92;116.5;TIPLAM - GSM - I;60;BERÇO TIPLAM 1;12;04:35;12;04:55;12;04:55;12;05:00;12;05:00;12;05:05;12;05:05;12;05:10;12;05:10;12;05:15;12;05:15;12;05:20;12;05:20;12;05:25;12;05:25;12;05:30;12;05:30;12;05:35;12;05:35;12;05:40;12;05:40;12;05:45;12;05:45;12;05:50;12;05:50;12;05:55;12;05:55;12;06:00;12;06:00;12;06:05;12;06:05;12;06:25;12;06:25;12;07:10;12;07:10;12;07:10;19;20:30;;;;;;;;;;;;;;;;;;;;;;;;;;;;;;;;;;;;;;;;;;;;;;;;;;;;;;;;;;;;;;;;;;;;;;;
S2025;3681;30.0;179.96;10.14;0;0;0;7;08:36;14.17;184.25;0.0;198.42;NITA;10;BERÇO ARM 13/14;15;15:05;15;15:25;15;15:25;15;15:30;15;15:30;15;15:35;15;15:35;15;15:40;15;15:40;15;15:45;15;15:45;15;15:50;15;15:50;15;15:55;15;15:55;15;16:00;15;16:00;15;16:15;;;;;;;;;;;;;;;;;;;;;;;;;;;;;;;;;15;16:15;15;16:15;25;00:45;;;;;;;;;;;;;;;;;;;;;;;;;;;;;;;;;;;;;;;;;;;;;;;;;;;;;;;;;;;;;;;;;;;;;;;
S2025;3691;32.0;199.99;11.7;0;0;0;7;21:00;0.92;13.33;4.08;18.33;OUTROS_MACUCO;27;BERÇO ARM 35P2;8;15:20;8;15:40;8;15:40;8;15:45;8;15:45;8;15:50;8;15:50;8;15:55;8;15:55;8;16:00;8;16:00;8;16:15;;;;;;;;;;;;;;;;;;;;;;;;;;;;;;;;;;;;;;;;;;;;;8;16:15;8;16:15;20;04:55;;;;;;;;;;;;;;;;;;;;;;;;;;;;;;;;;;;;;;;;;;;;;;;;;;;;;;;;;;;;;;;;;;;;;;;
S2025;3726;32.0;199.98;6.68;0;0;0;9;21:00;12.83;180.58;0.0;193.42;COFCO;9;BERÇO ARM 12A;17;22:25;17;22:45;17;22:45;17;22:50;17;22:50;17;22:55;17;22:55;17;23:00;17;23:00;17;23:05;17;23:05;17;23:10;17;23:10;17;23:15;17;23:15;17;23:20;17;23:20;17;23:55;;;;;;;;;;;;;;;;;;;;;;;;;;;;;;;;;17;23:55;17;23:55;19;12:50;19;13:25;;;;;;;;;;;;;;;;;;;;;;;;;;;;;;;;;19;13:25;19;13:35;19;13:35;19;13:40;19;13:40;19;13:45;19;13:45;19;13:50;19;13:50;19;13:55;19;13:55;19;14:00;19;14:00;19;14:05;19;14:05;19;14:10;19;14:10;19;14:30;
S2025;3743;32.0;225.0;5.7;0;0;0;11;00:06;51.08;107.33;1.83;160.25;TEG;56;BERÇO TEG;17;16:25;17;16:45;17;16:45;17;16:50;17;16:50;17;16:55;17;16:55;17;17:00;17;17:00;17;17:35;;;;;;;;;;;;;;;;;;;;;;;;;;;;;;;;;;;;;;;;;;;;;;;;;17;17:35;17;17:35;21;18:10;;;;;;;;;;;;;;;;;;;;;;;;;;;;;;;;;;;;;;;;;;;;;;;;;;;;;;;;;;;;;;;;;;;;;;;
S2025;3771;30.0;180.0;10.29;0;0;0;12;14:54;12.5;118.67;7.08;138.25;TIPLAM - GSM - I;63;BERÇO TIPLAM 4;18;09:10;18;09:30;18;09:30;18;09:35;18;09:35;18;09:40;18;09:40;18;09:45;18;09:45;18;09:50;18;09:50;18;09:55;18;09:55;18;10:00;18;10:00;18;10:05;18;10:05;18;10:10;18;10:10;18;10:15;18;10:15;18;10:20;18;10:20;18;10:25;18;10:25;18;10:30;18;10:30;18;10:35;18;10:35;18;10:40;18;10:40;18;11:00;18;11:00;18;11:15;18;11:15;18;11:15;21;01:40;;;;;;;;;;;;;;;;;;;;;;;;;;;;;;;;;;;;;;;;;;;;;;;;;;;;;;;;;;;;;;;;;;;;;;;
S2025;3798;27.0;169.37;9.88;0;0;0;14;08:32;1.83;58.0;0.0;59.83;BUNGE;20;BERÇO ARM 30;16;20:25;16;20:45;16;20:45;16;20:50;16;20:50;16;20:55;16;20:55;16;21:00;16;21:00;16;21:05;16;21:05;16;21:20;;;;;;;;;;;;;;;;;;;;;;;;;;;;;;;;;;;;;;;;;;;;;16;21:20;16;21:20;22;10:40;;;;;;;;;;;;;;;;;;;;;;;;;;;;;;;;;;;;;;;;;;;;;;;;;;;;;;;;;;;;;;;;;;;;;;;
S2025;3803;33.0;224.88;7.14;0;0;0;14;12:00;27.17;55.67;4.75;87.58;ADM;30;BERÇO ARM 39;18;03:35;18;03:55;18;03:55;18;04:00;18;04:00;18;04:05;18;04:05;18;04:40;;;;;;;;;;;;;;;;;;;;;;;;;;;;;;;;;;;;;;;;;;;;;;;;;;;;;18;04:40;18;04:40;20;06:05;;;;;;;;;;;;;;;;;;;;;;;;;;;;;;;;;;;;;;;;;;;;;;;;;;;;;;;;;;;;;;;;;;;;;;;
S2025;3805;32.0;199.9;7.08;0;0;0;14;14:00;5.67;77.75;1.83;85.25;COPESUCAR;14;BERÇO ARM 20/21;18;03:15;18;03:35;18;03:35;18;03:40;18;03:40;18;03:45;18;03:45;18;03:50;18;03:50;18;03:55;18;03:55;18;04:00;18;04:00;18;04:05;18;04:05;18;04:40;;;;;;;;;;;;;;;;;;;;;;;;;;;;;;;;;;;;;18;04:40;18;04:40;19;10:15;19;12:00;;;;;;;;;;;;;;;;;;;;;;;;;;;;;;;;;;;;;19;12:00;19;12:10;19;12:10;19;12:15;19;12:15;19;12:20;19;12:20;19;12:25;19;12:25;19;12:30;19;12:30;19;12:35;19;12:35;19;12:40;19;12:40;19;13:00;
S2025;3821;26.0;170.0;7.2;0;0;0;15;09:00;0.0;0.0;1.83;1.83;CUTRALE - GL;40;BERÇO CUTRALE;15;10:50;15;11:10;15;11:10;15;11:15;15;11:15;15;11:20;15;11:20;15;11:55;;;;;;;;;;;;;;;;;;;;;;;;;;;;;;;;;;;;;;;;;;;;;;;;;;;;;15;11:55;15;11:55;18;23:35;19;01:15;;;;;;;;;;;;;;;;;;;;;;;;;;;;;;;;;;;;;;;;;;;;;;;;;;;;;19;01:15;19;01:25;19;01:25;19;01:30;19;01:30;19;01:35;19;01:35;19;01:55;
S2025;3822;32.0;189.99;6.2;0;0;0;15;09:30;3.5;69.42;2.75;75.67;TEAG;51;BERÇO TEAG;18;13:10;18;13:30;18;13:30;18;13:35;18;13:35;18;13:40;18;13:40;18;13:45;18;13:45;18;14:20;;;;;;;;;;;;;;;;;;;;;;;;;;;;;;;;;;;;;;;;;;;;;;;;;18;14:20;18;14:20;21;10:50;;;;;;;;;;;;;;;;;;;;;;;;;;;;;;;;;;;;;;;;;;;;;;;;;;;;;;;;;;;;;;;;;;;;;;;
S2025;3842;26.0;170.0;10.8;0;0;0;16;07:12;1.58;22.83;1.83;26.25;GRANEL;5;BERÇO AL 04;17;09:30;17;09:50;17;09:50;17;09:55;17;09:55;17;10:00;17;10:00;17;10:05;17;10:05;17;10:10;17;10:10;17;10:15;17;10:15;17;10:20;17;10:20;17;10:25;17;10:25;17;10:30;17;10:30;17;10:35;17;10:35;17;10:40;17;10:40;17;10:45;17;10:45;17;10:50;17;10:50;17;11:05;;;;;;;;;;;;;17;11:05;17;11:05;21;19:30;;;;;;;;;;;;;;;;;;;;;;;;;;;;;;;;;;;;;;;;;;;;;;;;;;;;;;;;;;;;;;;;;;;;;;;
S2025;3843;32.0;210.96;9.3;0;0;0;16;10:20;3.0;47.58;0.0;50.58;BTP;32;BERÇO BTP 1;18;12:55;18;13:15;18;13:15;18;13:20;18;13:20;18;13:25;18;13:25;18;13:30;18;13:30;18;13:35;18;13:35;18;13:40;18;13:40;18;13:45;18;13:45;18;13:50;18;13:50;18;13:55;18;13:55;18;14:00;18;14:00;18;14:05;18;14:05;18;14:10;18;14:10;18;14:25;;;;;;;;;;;;;;;;;18;14:25;18;14:25;19;17:40;19;17:55;;;;;;;;;;;;;;;;;19;17:55;19;18:25;19;18:25;19;18:30;19;18:30;19;18:35;19;18:35;19;18:40;19;18:40;19;18:45;19;18:45;19;18:50;19;18:50;19;18:55;19;18:55;19;19:00;19;19:00;19;19:05;19;19:05;19;19:10;19;19:10;19;19:15;19;19:15;19;19:20;19;19:20;19;19:40;
S2025;3845;33.0;201.8;7.3;0;0;0;16;10:36;2.33;51.5;0.0;53.83;BRACELL;73;BERÇO ARM 35P1;18;16:30;18;16:50;18;16:50;18;16:55;18;16:55;18;17:00;18;17:00;18;17:05;18;17:05;18;17:40;;;;;;;;;;;;;;;;;;;;;;;;;;;;;;;;;;;;;;;;;;;;;;;;;18;17:40;18;17:40;22;21:15;;;;;;;;;;;;;;;;;;;;;;;;;;;;;;;;;;;;;;;;;;;;;;;;;;;;;;;;;;;;;;;;;;;;;;;
S2025;3848;32.0;179.99;12.0;0;0;0;16;12:00;0.0;0.0;0.0;0.0;AGEO_TERMINAIS;77;BERÇO IB OE;16;12:00;16;12:20;16;12:20;16;12:25;16;12:25;16;12:30;16;12:30;16;12:35;16;12:35;16;12:40;16;12:40;16;12:45;16;12:45;16;12:50;16;12:50;16;12:55;16;12:55;16;13:00;16;13:00;16;13:05;16;13:05;16;13:10;16;13:10;16;13:25;;;;;;;;;;;;;;;;;;;;;16;13:25;16;13:25;21;20:55;;;;;;;;;;;;;;;;;;;;;;;;;;;;;;;;;;;;;;;;;;;;;;;;;;;;;;;;;;;;;;;;;;;;;;;
S2025;3849;37.0;228.0;10.5;0;0;0;16;12:20;3.0;53.42;0.0;56.42;BTP;33;BERÇO BTP 2;18;20:45;18;21:05;18;21:05;18;21:10;18;21:10;18;21:15;18;21:15;18;21:20;18;21:20;18;21:25;18;21:25;18;21:30;18;21:30;18;21:35;18;21:35;18;21:40;18;21:40;18;21:45;18;21:45;18;21:50;18;21:50;18;21:55;18;21:55;18;22:00;18;22:00;18;22:15;;;;;;;;;;;;;;;;;18;22:15;18;22:15;19;10:45;19;12:10;;;;;;;;;;;;;;;;;19;12:10;19;12:40;19;12:40;19;12:45;19;12:45;19;12:50;19;12:50;19;12:55;19;12:55;19;13:00;19;13:00;19;13:05;19;13:05;19;13:10;19;13:10;19;13:15;19;13:15;19;13:20;19;13:20;19;13:25;19;13:25;19;13:30;19;13:30;19;13:35;19;13:35;19;13:55;
S2025;3850;44.0;268.03;13.2;0;0;0;16;12:30;0.92;11.17;0.0;12.08;SANTOSBR;54;BERÇO TECON 2;17;00:35;17;00:55;17;00:55;17;01:00;17;01:00;17;01:05;17;01:05;17;01:10;17;01:10;17;01:15;17;01:15;17;01:30;;;;;;;;;;;;;;;;;;;;;;;;;;;;;;;;;;;;;;;;;;;;;17;01:30;17;01:30;19;15:15;19;18:00;;;;;;;;;;;;;;;;;;;;;;;;;;;;;;;;;;;;;;;;;;;;;19;18:00;19;18:30;19;18:30;19;18:35;19;18:35;19;18:40;19;18:40;19;18:45;19;18:45;19;18:50;19;18:50;19;19:10;
S2025;3851;25.0;156.53;8.2;0;0;0;16;15:45;0.0;0.0;0.42;0.42;AGEO_TERMINAIS;46;BERÇO IB BC;16;16:10;16;16:30;16;16:30;16;16:35;16;16:35;16;16:40;16;16:40;16;16:45;16;16:45;16;16:50;16;16:50;16;16:55;16;16:55;16;17:00;16;17:00;16;17:05;16;17:05;16;17:10;16;17:10;16;17:15;16;17:15;16;17:20;16;17:20;16;17:35;;;;;;;;;;;;;;;;;;;;;16;17:35;16;17:35;19;04:25;19;12:00;;;;;;;;;;;;;;;;;;;;;19;12:00;19;12:30;19;12:30;19;12:35;19;12:35;19;12:40;19;12:40;19;12:45;19;12:45;19;12:50;19;12:50;19;12:55;19;12:55;19;13:00;19;13:00;19;13:05;19;13:05;19;13:10;19;13:10;19;13:15;19;13:15;19;13:20;19;13:20;19;13:40;
S2025;3854;38.0;249.12;11.4;0;0;0;17;04:08;1.5;36.0;0.0;37.5;BTP;34;BERÇO BTP 3;18;17:40;18;18:00;18;18:00;18;18:05;18;18:05;18;18:10;18;18:10;18;18:15;18;18:15;18;18:20;18;18:20;18;18:25;18;18:25;18;18:30;18;18:30;18;18:35;18;18:35;18;18:40;18;18:40;18;18:45;18;18:45;18;18:50;18;18:50;18;18:55;18;18:55;18;19:10;;;;;;;;;;;;;;;;;18;19:10;18;19:10;19;08:00;19;10:00;;;;;;;;;;;;;;;;;19;10:00;19;10:30;19;10:30;19;10:35;19;10:35;19;10:40;19;10:40;19;10:45;19;10:45;19;10:50;19;10:50;19;10:55;19;10:55;19;11:00;19;11:00;19;11:05;19;11:05;19;11:10;19;11:10;19;11:15;19;11:15;19;11:20;19;11:20;19;11:25;19;11:25;19;11:45;
S2025;3855;36.0;228.99;8.41;0;0;0;17;06:00;0.0;0.0;0.0;0.0;TGRAO;71;BERÇO OUT 2;17;06:00;17;06:20;17;06:20;17;06:25;17;06:25;17;06:30;17;06:30;17;06:35;17;06:35;17;06:40;17;06:40;17;06:45;17;06:45;17;07:20;;;;;;;;;;;;;;;;;;;;;;;;;;;;;;;;;;;;;;;;;17;07:20;17;07:20;19;23:25;;;;;;;;;;;;;;;;;;;;;;;;;;;;;;;;;;;;;;;;;;;;;;;;;;;;;;;;;;;;;;;;;;;;;;;
S2025;3857;27.4;183.98;7.4;0;0;0;17;08:30;0.0;6.92;0.0;6.92;TRANSPETRO;2;BERÇO AL 01;17;15:25;17;15:45;17;15:45;17;15:50;17;15:50;17;15:55;17;15:55;17;16:00;17;16:00;17;16:05;17;16:05;17;16:10;17;16:10;17;16:15;17;16:15;17;16:20;17;16:20;17;16:25;17;16:25;17;16:30;17;16:30;17;16:35;17;16:35;17;16:40;17;16:40;17;16:45;17;16:45;17;17:20;;;;;;;;;;;;;17;17:20;17;17:20;19;09:50;19;12:40;;;;;;;;;;;;;19;12:40;19;12:50;19;12:50;19;12:55;19;12:55;19;13:00;19;13:00;19;13:05;19;13:05;19;13:10;19;13:10;19;13:15;19;13:15;19;13:20;19;13:20;19;13:25;19;13:25;19;13:30;19;13:30;19;13:35;19;13:35;19;13:40;19;13:40;19;13:45;19;13:45;19;13:50;19;13:50;19;14:10;
S2025;3859;26.6;170.0;6.7;0;0;0;17;08:30;1.92;27.5;3.42;32.83;STOLTHAVEN;3;BERÇO AL 02;18;17:20;18;17:40;18;17:40;18;17:45;18;17:45;18;17:50;18;17:50;18;17:55;18;17:55;18;18:00;18;18:00;18;18:05;18;18:05;18;18:10;18;18:10;18;18:15;18;18:15;18;18:20;18;18:20;18;18:25;18;18:25;18;18:30;18;18:30;18;18:35;18;18:35;18;18:40;18;18:40;18;19:15;;;;;;;;;;;;;18;19:15;18;19:15;22;23:50;;;;;;;;;;;;;;;;;;;;;;;;;;;;;;;;;;;;;;;;;;;;;;;;;;;;;;;;;;;;;;;;;;;;;;;
S2025;3860;27.0;170.0;8.15;0;0;0;17;10:18;0.0;0.0;0.0;0.0;ULTRACARGO;4;BERÇO AL 03;17;10:20;17;10:40;17;10:40;17;10:45;17;10:45;17;10:50;17;10:50;17;10:55;17;10:55;17;11:00;17;11:00;17;11:05;17;11:05;17;11:10;17;11:10;17;11:15;17;11:15;17;11:20;17;11:20;17;11:25;17;11:25;17;11:30;17;11:30;17;11:35;17;11:35;17;11:40;17;11:40;17;11:55;;;;;;;;;;;;;17;11:55;17;11:55;19;12:50;19;12:55;;;;;;;;;;;;;19;12:55;19;13:25;19;13:25;19;13:30;19;13:30;19;13:35;19;13:35;19;13:40;19;13:40;19;13:45;19;13:45;19;13:50;19;13:50;19;13:55;19;13:55;19;14:00;19;14:00;19;14:05;19;14:05;19;14:10;19;14:10;19;14:15;19;14:15;19;14:20;19;14:20;19;14:25;19;14:25;19;14:45;
S2025;3866;18.0;85.34;4.2;0;0;0;17;14:20;0.0;0.0;2.33;2.33;SAIPEM;49;BERÇO SAIPEM 2;17;16:40;17;17:00;17;17:00;17;17:35;;;;;;;;;;;;;;;;;;;;;;;;;;;;;;;;;;;;;;;;;;;;;;;;;;;;;;;;;;;;;17;17:35;17;17:35;19;16:50;19;17:40;;;;;;;;;;;;;;;;;;;;;;;;;;;;;;;;;;;;;;;;;;;;;;;;;;;;;;;;;;;;;19;17:40;19;17:50;19;17:50;19;18:10;
S2025;3867;37.0;228.0;10.0;0;0;0;17;15:00;0.0;0.0;7.67;7.67;SANTOSBR;52;BERÇO TECON 1.1;17;22:40;17;23:00;17;23:00;17;23:05;17;23:05;17;23:10;17;23:10;17;23:15;17;23:15;17;23:20;17;23:20;17;23:35;;;;;;;;;;;;;;;;;;;;;;;;;;;;;;;;;;;;;;;;;;;;;17;23:35;17;23:35;19;01:35;19;05:25;;;;;;;;;;;;;;;;;;;;;;;;;;;;;;;;;;;;;;;;;;;;;19;05:25;19;05:55;19;05:55;19;06:00;19;06:00;19;06:05;19;06:05;19;06:10;19;06:10;19;06:15;19;06:15;19;06:35;
S2025;3868;40.0;284.71;12.4;0;0;0;17;17:30;1.33;8.5;2.58;12.42;DPW - CGC;42;BERÇO DPW 1;18;05:55;18;06:15;18;06:15;18;06:20;18;06:20;18;06:25;18;06:25;18;06:30;18;06:30;18;06:35;18;06:35;18;06:40;18;06:40;18;06:45;18;06:45;18;06:50;18;06:50;18;06:55;18;06:55;18;07:00;18;07:00;18;07:15;;;;;;;;;;;;;;;;;;;;;;;;;18;07:15;18;07:15;19;00:20;19;01:15;;;;;;;;;;;;;;;;;;;;;;;;;19;01:15;19;01:45;19;01:45;19;01:50;19;01:50;19;01:55;19;01:55;19;02:00;19;02:00;19;02:05;19;02:05;19;02:10;19;02:10;19;02:15;19;02:15;19;02:20;19;02:20;19;02:25;19;02:25;19;02:30;19;02:30;19;02:50;
S2025;3870;32.0;224.9;7.5;0;0;0;17;18:00;0.0;0.0;1.08;1.08;TGRAO;72;BERÇO OUT 3;17;19:05;17;19:25;17;19:25;17;19:30;17;19:30;17;19:35;17;19:35;17;19:40;17;19:40;17;19:45;17;19:45;17;19:50;17;19:50;17;20:25;;;;;;;;;;;;;;;;;;;;;;;;;;;;;;;;;;;;;;;;;17;20:25;17;20:25;21;20:30;;;;;;;;;;;;;;;;;;;;;;;;;;;;;;;;;;;;;;;;;;;;;;;;;;;;;;;;;;;;;;;;;;;;;;;
S2025;3871;35.0;199.91;9.4;0;0;0;17;18:00;0.0;0.0;0.67;0.67;SANTOSBR;53;BERÇO TECON 1.2;17;18:40;17;19:00;17;19:00;17;19:05;17;19:05;17;19:10;17;19:10;17;19:15;17;19:15;17;19:20;17;19:20;17;19:35;;;;;;;;;;;;;;;;;;;;;;;;;;;;;;;;;;;;;;;;;;;;;17;19:35;17;19:35;19;15:10;19;20:10;;;;;;;;;;;;;;;;;;;;;;;;;;;;;;;;;;;;;;;;;;;;;19;20:10;19;20:40;19;20:40;19;20:45;19;20:45;19;20:50;19;20:50;19;20:55;19;20:55;19;21:00;19;21:00;19;21:20;
S2025;3874;36.0;236.32;8.4;0;0;1;18;00:36;0.0;20.58;0.0;20.58;TEV;58;BERÇO TEV;18;21:15;18;21:35;18;21:35;18;21:40;18;21:40;18;21:45;18;21:45;18;21:50;18;21:50;18;21:55;18;21:55;18;22:00;18;22:00;18;22:35;;;;;;;;;;;;;;;;;;;;;;;;;;;;;;;;;;;;;;;;;18;22:35;18;22:35;19;16:00;19;18:30;;;;;;;;;;;;;;;;;;;;;;;;;;;;;;;;;;;;;;;;;19;18:30;19;18:40;19;18:40;19;18:45;19;18:45;19;18:50;19;18:50;19;18:55;19;18:55;19;19:00;19;19:00;19;19:05;19;19:05;19;19:25;
S2025;3875;32.0;225.0;12.53;0;0;0;18;02:53;0.0;0.0;0.0;0.0;HIDROVIAS;15;BERÇO ARM 22/23;18;02:55;18;03:15;18;03:15;18;03:20;18;03:20;18;03:25;18;03:25;18;03:30;18;03:30;18;03:35;18;03:35;18;03:40;18;03:40;18;03:45;18;03:45;18;04:00;;;;;;;;;;;;;;;;;;;;;;;;;;;;;;;;;;;;;18;04:00;18;04:00;20;20:45;;;;;;;;;;;;;;;;;;;;;;;;;;;;;;;;;;;;;;;;;;;;;;;;;;;;;;;;;;;;;;;;;;;;;;;
S2025;3876;32.25;294.0;11.8;0;0;0;18;04:06;0.0;16.83;0.0;16.83;DPW - CGC;43;BERÇO DPW 2;18;21:00;18;21:20;18;21:20;18;21:25;18;21:25;18;21:30;18;21:30;18;21:35;18;21:35;18;21:40;18;21:40;18;21:45;18;21:45;18;21:50;18;21:50;18;21:55;18;21:55;18;22:00;18;22:00;18;22:05;18;22:05;18;22:20;;;;;;;;;;;;;;;;;;;;;;;;;18;22:20;18;22:20;19;21:50;19;22:20;;;;;;;;;;;;;;;;;;;;;;;;;19;22:20;19;22:50;19;22:50;19;22:55;19;22:55;19;23:00;19;23:00;19;23:05;19;23:05;19;23:10;19;23:10;19;23:15;19;23:15;19;23:20;19;23:20;19;23:25;19;23:25;19;23:30;19;23:30;19;23:35;19;23:35;19;23:55;
S2025;3878;9.0;210.54;11.3;0;0;0;18;07:00;0.0;0.0;0.0;0.0;SANTOSBR;55;BERÇO TECON 3;18;07:00;18;07:20;18;07:20;18;07:25;18;07:25;18;07:30;18;07:30;18;07:35;18;07:35;18;07:40;18;07:40;18;07:55;;;;;;;;;;;;;;;;;;;;;;;;;;;;;;;;;;;;;;;;;;;;;18;07:55;18;07:55;19;00:50;19;01:00;;;;;;;;;;;;;;;;;;;;;;;;;;;;;;;;;;;;;;;;;;;;;19;01:00;19;01:30;19;01:30;19;01:35;19;01:35;19;01:40;19;01:40;19;01:45;19;01:45;19;01:50;19;01:50;19;02:10;
S2025;3879;32.0;225.0;11.2;0;0;0;18;08:18;0.0;0.0;1.08;1.08;DPW - CGNC;44;BERÇO DPW 3;18;09:25;18;09:45;18;09:45;18;09:50;18;09:50;18;09:55;18;09:55;18;10:00;18;10:00;18;10:05;18;10:05;18;10:10;18;10:10;18;10:15;18;10:15;18;10:20;18;10:20;18;10:25;18;10:25;18;11:00;;;;;;;;;;;;;;;;;;;;;;;;;;;;;18;11:00;18;11:00;19;12:10;19;12:10;;;;;;;;;;;;;;;;;;;;;;;;;;;;;19;12:10;19;12:20;19;12:20;19;12:25;19;12:25;19;12:30;19;12:30;19;12:35;19;12:35;19;12:40;19;12:40;19;12:45;19;12:45;19;12:50;19;12:50;19;12:55;19;12:55;19;13:00;19;13:00;19;13:20;
S2025;3880;19.0;87.9;5.1;0;0;0;18;09:50;0.0;0.0;0.42;0.42;SAIPEM;50;BERÇO SAIPEM 3;18;10:15;18;10:35;18;10:35;18;11:10;;;;;;;;;;;;;;;;;;;;;;;;;;;;;;;;;;;;;;;;;;;;;;;;;;;;;;;;;;;;;18;11:10;18;11:10;21;00:15;;;;;;;;;;;;;;;;;;;;;;;;;;;;;;;;;;;;;;;;;;;;;;;;;;;;;;;;;;;;;;;;;;;;;;;
S2025;3881;32.0;224.98;7.19;0;0;0;18;10:00;0.0;0.0;0.0;0.0;TGG;59;BERÇO TGG;18;10:00;18;10:20;18;10:20;18;10:25;18;10:25;18;10:30;18;10:30;18;10:35;18;10:35;18;11:10;;;;;;;;;;;;;;;;;;;;;;;;;;;;;;;;;;;;;;;;;;;;;;;;;18;11:10;18;11:10;19;20:40;;;;;;;;;;;;;;;;;;;;;;;;;;;;;;;;;;;;;;;;;;;;;;;;;;;;;;;;;;;;;;;;;;;;;;;
S2025;3883;36.0;209.99;9.25;0;0;0;18;11:10;0.0;0.0;0.83;0.83;OUTROS_SABOO;36;BERÇO CS 01;18;12:00;18;12:20;18;12:20;18;12:25;18;12:25;18;12:30;18;12:30;18;12:35;18;12:35;18;12:40;18;12:40;18;12:45;18;12:45;18;12:50;18;12:50;18;12:55;18;12:55;18;13:00;18;13:00;18;13:05;18;13:05;18;13:10;18;13:10;18;13:25;;;;;;;;;;;;;;;;;;;;;18;13:25;18;13:25;22;22:45;;;;;;;;;;;;;;;;;;;;;;;;;;;;;;;;;;;;;;;;;;;;;;;;;;;;;;;;;;;;;;;;;;;;;;;
S2025;3884;32.0;229.0;7.28;0;0;0;18;11:30;1.08;0.0;0.83;1.92;TES;29;BERÇO ARM 38;18;13:25;18;13:45;18;13:45;18;13:50;18;13:50;18;13:55;18;13:55;18;14:30;;;;;;;;;;;;;;;;;;;;;;;;;;;;;;;;;;;;;;;;;;;;;;;;;;;;;18;14:30;18;14:30;24;09:10;;;;;;;;;;;;;;;;;;;;;;;;;;;;;;;;;;;;;;;;;;;;;;;;;;;;;;;;;;;;;;;;;;;;;;;
S2025;3563;32.0;224.98;7.5;0;0;0;1;00:01;105.25;210.83;122.75;438.83;ELEVACOES;13;BERÇO ARM 19;19;06:55;19;07:15;19;07:15;19;07:20;19;07:20;19;07:25;19;07:25;19;07:30;19;07:30;19;07:35;19;07:35;19;07:40;19;07:40;19;07:45;19;07:45;19;08:20;;;;;;;;;;;;;;;;;;;;;;;;;;;;;;;;;;;;;19;08:20;19;08:20;24;10:05;;;;;;;;;;;;;;;;;;;;;;;;;;;;;;;;;;;;;;;;;;;;;;;;;;;;;;;;;;;;;;;;;;;;;;;
S2025;3713;32.0;179.95;10.9;0;0;0;9;04:15;10.42;237.33;4.5;252.25;TERMAG;57;BERÇO TERMAG;19;16:30;19;16:50;19;16:50;19;16:55;19;16:55;19;17:00;19;17:00;19;17:05;19;17:05;19;17:20;;;;;;;;;;;;;;;;;;;;;;;;;;;;;;;;;;;;;;;;;;;;;;;;;19;17:20;19;17:20;22;05:25;;;;;;;;;;;;;;;;;;;;;;;;;;;;;;;;;;;;;;;;;;;;;;;;;;;;;;;;;;;;;;;;;;;;;;;
S2025;3819;35.0;228.42;9.1;0;0;0;15;06:30;16.08;90.58;0.0;106.67;COFCO;9;BERÇO ARM 12A;19;17:10;19;17:30;19;17:30;19;17:35;19;17:35;19;17:40;19;17:40;19;17:45;19;17:45;19;17:50;19;17:50;19;17:55;19;17:55;19;18:00;19;18:00;19;18:05;19;18:05;19;18:40;;;;;;;;;;;;;;;;;;;;;;;;;;;;;;;;;19;18:40;19;18:40;24;13:15;;;;;;;;;;;;;;;;;;;;;;;;;;;;;;;;;;;;;;;;;;;;;;;;;;;;;;;;;;;;;;;;;;;;;;;
S2025;3828;32.0;229.0;11.7;0;0;0;15;17:00;25.67;56.08;1.67;83.42;XXXIX;28;BERÇO ARM 37;19;04:25;19;04:45;19;04:45;19;04:50;19;04:50;19;04:55;19;04:55;19;05:30;;;;;;;;;;;;;;;;;;;;;;;;;;;;;;;;;;;;;;;;;;;;;;;;;;;;;19;05:30;19;05:30;21;01:20;;;;;;;;;;;;;;;;;;;;;;;;;;;;;;;;;;;;;;;;;;;;;;;;;;;;;;;;;;;;;;;;;;;;;;;
S2025;3841;32.0;228.94;7.19;0;0;0;16;06:00;21.25;58.42;2.58;82.25;COPESUCAR;14;BERÇO ARM 20/21;19;16:15;19;16:35;19;16:35;19;16:40;19;16:40;19;16:45;19;16:45;19;16:50;19;16:50;19;16:55;19;16:55;19;17:00;19;17:00;19;17:05;19;17:05;19;17:40;;;;;;;;;;;;;;;;;;;;;;;;;;;;;;;;;;;;;19;17:40;19;17:40;23;19:00;;;;;;;;;;;;;;;;;;;;;;;;;;;;;;;;;;;;;;;;;;;;;;;;;;;;;;;;;;;;;;;;;;;;;;;
S2025;3856;48.0;299.79;12.5;0;0;0;17;06:24;14.58;35.5;0.0;50.08;BTP;34;BERÇO BTP 3;19;08:30;19;08:50;19;08:50;19;08:55;19;08:55;19;09:00;19;09:00;19;09:05;19;09:05;19;09:10;19;09:10;19;09:15;19;09:15;19;09:20;19;09:20;19;09:25;19;09:25;19;09:30;19;09:30;19;09:35;19;09:35;19;09:40;19;09:40;19;09:45;19;09:45;19;10:20;;;;;;;;;;;;;;;;;19;10:20;19;10:20;20;07:20;;;;;;;;;;;;;;;;;;;;;;;;;;;;;;;;;;;;;;;;;;;;;;;;;;;;;;;;;;;;;;;;;;;;;;;
S2025;3865;48.0;300.0;12.0;0;0;0;17;13:30;13.42;36.67;0.17;50.25;BTP;33;BERÇO BTP 2;19;15:45;19;16:05;19;16:05;19;16:10;19;16:10;19;16:15;19;16:15;19;16:20;19;16:20;19;16:25;19;16:25;19;16:30;19;16:30;19;16:35;19;16:35;19;16:40;19;16:40;19;16:45;19;16:45;19;16:50;19;16:50;19;16:55;19;16:55;19;17:00;19;17:00;19;17:35;;;;;;;;;;;;;;;;;19;17:35;19;17:35;20;19:50;;;;;;;;;;;;;;;;;;;;;;;;;;;;;;;;;;;;;;;;;;;;;;;;;;;;;;;;;;;;;;;;;;;;;;;
S2025;3872;49.0;299.93;10.5;0;0;0;17;19:00;11.67;34.08;0.17;45.92;BTP;32;BERÇO BTP 1;19;16:55;19;17:15;19;17:15;19;17:20;19;17:20;19;17:25;19;17:25;19;17:30;19;17:30;19;17:35;19;17:35;19;17:40;19;17:40;19;17:45;19;17:45;19;17:50;19;17:50;19;17:55;19;17:55;19;18:00;19;18:00;19;18:05;19;18:05;19;18:10;19;18:10;19;18:45;;;;;;;;;;;;;;;;;19;18:45;19;18:45;20;20:20;;;;;;;;;;;;;;;;;;;;;;;;;;;;;;;;;;;;;;;;;;;;;;;;;;;;;;;;;;;;;;;;;;;;;;;
S2025;3877;32.0;199.97;8.15;0;0;1;18;05:00;1.33;39.33;0.0;40.67;TEV;58;BERÇO TEV;19;21:40;19;22:00;19;22:00;19;22:05;19;22:05;19;22:10;19;22:10;19;22:15;19;22:15;19;22:20;19;22:20;19;22:25;19;22:25;19;23:00;;;;;;;;;;;;;;;;;;;;;;;;;;;;;;;;;;;;;;;;;19;23:00;19;23:00;21;08:55;;;;;;;;;;;;;;;;;;;;;;;;;;;;;;;;;;;;;;;;;;;;;;;;;;;;;;;;;;;;;;;;;;;;;;;
S2025;3888;32.0;179.8;11.2;0;0;0;18;18:48;1.58;19.08;0.0;20.67;VOPAK;4;BERÇO AL 03;19;15:30;19;15:50;19;15:50;19;15:55;19;15:55;19;16:00;19;16:00;19;16:05;19;16:05;19;16:10;19;16:10;19;16:15;19;16:15;19;16:20;19;16:20;19;16:25;19;16:25;19;16:30;19;16:30;19;16:35;19;16:35;19;16:40;19;16:40;19;16:45;19;16:45;19;16:50;19;16:50;19;17:05;;;;;;;;;;;;;19;17:05;19;17:05;23;17:45;;;;;;;;;;;;;;;;;;;;;;;;;;;;;;;;;;;;;;;;;;;;;;;;;;;;;;;;;;;;;;;;;;;;;;;
S2025;3890;48.0;299.9;12.4;0;0;0;18;20:30;0.92;3.17;0.0;4.08;SANTOSBR;55;BERÇO TECON 3;19;00:35;19;00:55;19;00:55;19;01:00;19;01:00;19;01:05;19;01:05;19;01:10;19;01:10;19;01:15;19;01:15;19;01:30;;;;;;;;;;;;;;;;;;;;;;;;;;;;;;;;;;;;;;;;;;;;;19;01:30;19;01:30;20;03:30;;;;;;;;;;;;;;;;;;;;;;;;;;;;;;;;;;;;;;;;;;;;;;;;;;;;;;;;;;;;;;;;;;;;;;;
S2025;3891;35.0;224.0;9.2;0;0;0;18;22:40;0.92;5.08;0.42;6.42;SANTOSBR;52;BERÇO TECON 1.1;19;05:05;19;05:25;19;05:25;19;05:30;19;05:30;19;05:35;19;05:35;19;05:40;19;05:40;19;05:45;19;05:45;19;06:00;;;;;;;;;;;;;;;;;;;;;;;;;;;;;;;;;;;;;;;;;;;;;19;06:00;19;06:00;19;21:20;19;22:30;;;;;;;;;;;;;;;;;;;;;;;;;;;;;;;;;;;;;;;;;;;;;19;22:30;19;23:00;19;23:00;19;23:05;19;23:05;19;23:10;19;23:10;19;23:15;19;23:15;19;23:20;19;23:20;19;23:40;
S2025;3898;32.0;194.87;9.65;0;0;0;19;05:00;0.0;11.92;0.5;12.42;SANTOSBR;54;BERÇO TECON 2;19;17:25;19;17:45;19;17:45;19;17:50;19;17:50;19;17:55;19;17:55;19;18:00;19;18:00;19;18:05;19;18:05;19;18:20;;;;;;;;;;;;;;;;;;;;;;;;;;;;;;;;;;;;;;;;;;;;;19;18:20;19;18:20;20;17:45;;;;;;;;;;;;;;;;;;;;;;;;;;;;;;;;;;;;;;;;;;;;;;;;;;;;;;;;;;;;;;;;;;;;;;;
S2025;3908;31.0;212.54;12.3;0;0;0;19;15:00;0.0;6.92;0.0;6.92;SANTOSBR;52;BERÇO TECON 1.1;19;21:55;19;22:15;19;22:15;19;22:20;19;22:20;19;22:25;19;22:25;19;22:30;19;22:30;19;22:35;19;22:35;19;22:50;;;;;;;;;;;;;;;;;;;;;;;;;;;;;;;;;;;;;;;;;;;;;19;22:50;19;22:50;21;05:40;;;;;;;;;;;;;;;;;;;;;;;;;;;;;;;;;;;;;;;;;;;;;;;;;;;;;;;;;;;;;;;;;;;;;;;
S2025;3910;48.0;299.92;12.2;0;0;0;19;18:00;0.0;1.75;0.0;1.75;SANTOSBR;53;BERÇO TECON 1.2;19;19:45;19;20:05;19;20:05;19;20:10;19;20:10;19;20:15;19;20:15;19;20:20;19;20:20;19;20:25;19;20:25;19;20:40;;;;;;;;;;;;;;;;;;;;;;;;;;;;;;;;;;;;;;;;;;;;;19;20:40;19;20:40;20;23:45;;;;;;;;;;;;;;;;;;;;;;;;;;;;;;;;;;;;;;;;;;;;;;;;;;;;;;;;;;;;;;;;;;;;;;;
S2025;3892;32.0;213.88;8.9;0;0;0;19;00:00;0.0;0.0;0.0;0.0;ECOPORTO;70;BERÇO VAL;19;00:00;19;00:20;19;00:20;19;00:25;19;00:25;19;00:30;19;00:30;19;00:35;19;00:35;19;00:40;19;00:40;19;00:45;19;00:45;19;00:50;19;00:50;19;00:55;19;00:55;19;01:00;19;01:00;19;01:05;19;01:05;19;01:10;19;01:10;19;01:45;;;;;;;;;;;;;;;;;;;;;19;01:45;19;01:45;19;14:30;;;;;;;;;;;;;;;;;;;;;;;;;;;;;;;;;;;;;;;;;;;;;;;;;;;;;;;;;;;;;;;;;;;;;;;
S2025;3894;32.0;214.0;8.7;0;0;0;19;03:00;0.0;0.0;0.0;0.0;ECOPORTO;39;BERÇO CS 04;19;03:00;19;03:20;19;03:20;19;03:25;19;03:25;19;03:30;19;03:30;19;03:35;19;03:35;19;03:40;19;03:40;19;03:45;19;03:45;19;03:50;19;03:50;19;03:55;19;03:55;19;04:00;19;04:00;19;04:05;19;04:05;19;04:10;19;04:10;19;04:45;;;;;;;;;;;;;;;;;;;;;19;04:45;19;04:45;21;06:20;;;;;;;;;;;;;;;;;;;;;;;;;;;;;;;;;;;;;;;;;;;;;;;;;;;;;;;;;;;;;;;;;;;;;;;
S2025;3897;20.0;127.7;5.8;0;0;0;19;04:06;0.0;0.0;3.67;3.67;OUTROS_SABOO;37;BERÇO CS 02;19;07:50;19;08:10;19;08:10;19;08:15;19;08:15;19;08:20;19;08:20;19;08:25;19;08:25;19;08:30;19;08:30;19;08:35;19;08:35;19;08:40;19;08:40;19;08:45;19;08:45;19;08:50;19;08:50;19;08:55;19;08:55;19;09:00;19;09:00;19;09:35;;;;;;;;;;;;;;;;;;;;;19;09:35;19;09:35;20;14:55;;;;;;;;;;;;;;;;;;;;;;;;;;;;;;;;;;;;;;;;;;;;;;;;;;;;;;;;;;;;;;;;;;;;;;;
S2025;3899;30.0;179.97;6.38;0;0;0;19;05:50;0.0;0.0;1.33;1.33;CUTRALE - GSA - E;40;BERÇO CUTRALE;19;07:10;19;07:30;19;07:30;19;07:35;19;07:35;19;07:40;19;07:40;19;08:15;;;;;;;;;;;;;;;;;;;;;;;;;;;;;;;;;;;;;;;;;;;;;;;;;;;;;19;08:15;19;08:15;21;00:00;;;;;;;;;;;;;;;;;;;;;;;;;;;;;;;;;;;;;;;;;;;;;;;;;;;;;;;;;;;;;;;;;;;;;;;
S2025;3900;32.0;243.35;7.8;0;0;0;19;06:00;0.0;0.0;2.08;2.08;DPW - CGC;42;BERÇO DPW 1;19;08:05;19;08:25;19;08:25;19;08:30;19;08:30;19;08:35;19;08:35;19;08:40;19;08:40;19;08:45;19;08:45;19;08:50;19;08:50;19;08:55;19;08:55;19;09:00;19;09:00;19;09:05;19;09:05;19;09:10;19;09:10;19;09:25;;;;;;;;;;;;;;;;;;;;;;;;;19;09:25;19;09:25;20;06:20;;;;;;;;;;;;;;;;;;;;;;;;;;;;;;;;;;;;;;;;;;;;;;;;;;;;;;;;;;;;;;;;;;;;;;;
S2025;3911;40.0;272.02;10.2;0;0;0;19;18:30;0.0;2.92;0.0;2.92;DPW - CGC;43;BERÇO DPW 2;19;21:25;19;21:45;19;21:45;19;21:50;19;21:50;19;21:55;19;21:55;19;22:00;19;22:00;19;22:05;19;22:05;19;22:10;19;22:10;19;22:15;19;22:15;19;22:20;19;22:20;19;22:25;19;22:25;19;22:30;19;22:30;19;22:45;;;;;;;;;;;;;;;;;;;;;;;;;19;22:45;19;22:45;20;16:50;;;;;;;;;;;;;;;;;;;;;;;;;;;;;;;;;;;;;;;;;;;;;;;;;;;;;;;;;;;;;;;;;;;;;;;
S2025;3903;32.0;189.99;8.7;0;0;0;19;09:00;0.0;0.0;0.0;0.0;DPW - CGNC;45;BERÇO DPW 4;19;09:00;19;09:20;19;09:20;19;09:25;19;09:25;19;09:30;19;09:30;19;09:35;19;09:35;19;09:40;19;09:40;19;09:45;19;09:45;19;09:50;19;09:50;19;09:55;19;09:55;19;10:00;19;10:00;19;10:35;;;;;;;;;;;;;;;;;;;;;;;;;;;;;19;10:35;19;10:35;20;18:20;;;;;;;;;;;;;;;;;;;;;;;;;;;;;;;;;;;;;;;;;;;;;;;;;;;;;;;;;;;;;;;;;;;;;;;
S2025;3905;32.0;183.1;9.7;0;0;0;19;09:50;0.0;0.0;0.0;0.0;AGEO_TERMINAIS;47;BERÇO IB SP;19;09:50;19;10:10;19;10:10;19;10:15;19;10:15;19;10:20;19;10:20;19;10:25;19;10:25;19;10:30;19;10:30;19;10:35;19;10:35;19;10:40;19;10:40;19;10:45;19;10:45;19;10:50;19;10:50;19;10:55;19;10:55;19;11:00;19;11:00;19;11:15;;;;;;;;;;;;;;;;;;;;;19;11:15;19;11:15;20;19:35;;;;;;;;;;;;;;;;;;;;;;;;;;;;;;;;;;;;;;;;;;;;;;;;;;;;;;;;;;;;;;;;;;;;;;;
S2025;3906;28.0;182.9;9.7;0;0;0;19;10:06;0.0;0.0;0.0;0.0;AGEO_TERMINAIS;1;BERÇO Ageo I;19;10:10;19;10:30;19;10:30;19;10:35;19;10:35;19;10:40;19;10:40;19;10:45;19;10:45;19;10:50;19;10:50;19;10:55;19;10:55;19;11:00;19;11:00;19;11:05;19;11:05;19;11:10;19;11:10;19;11:15;19;11:15;19;11:20;19;11:20;19;11:55;;;;;;;;;;;;;;;;;;;;;19;11:55;19;11:55;20;10:45;;;;;;;;;;;;;;;;;;;;;;;;;;;;;;;;;;;;;;;;;;;;;;;;;;;;;;;;;;;;;;;;;;;;;;;
S2025;3907;26.6;170.0;9.2;0;0;0;19;10:30;0.0;4.08;1.42;5.5;AGEO_TERMINAIS;46;BERÇO IB BC;19;16:00;19;16:20;19;16:20;19;16:25;19;16:25;19;16:30;19;16:30;19;16:35;19;16:35;19;16:40;19;16:40;19;16:45;19;16:45;19;16:50;19;16:50;19;16:55;19;16:55;19;17:00;19;17:00;19;17:05;19;17:05;19;17:10;19;17:10;19;17:45;;;;;;;;;;;;;;;;;;;;;19;17:45;19;17:45;22;07:50;;;;;;;;;;;;;;;;;;;;;;;;;;;;;;;;;;;;;;;;;;;;;;;;;;;;;;;;;;;;;;;;;;;;;;;
S2025;3912;32.0;182.5;7.8;0;0;0;19;18:48;0.0;1.75;0.0;1.75;TRANSPETRO;2;BERÇO AL 01;19;20:35;19;20:55;19;20:55;19;21:00;19;21:00;19;21:05;19;21:05;19;21:10;19;21:10;19;21:15;19;21:15;19;21:20;19;21:20;19;21:25;19;21:25;19;21:30;19;21:30;19;21:35;19;21:35;19;21:40;19;21:40;19;21:45;19;21:45;19;21:50;19;21:50;19;21:55;19;21:55;19;22:30;;;;;;;;;;;;;19;22:30;19;22:30;21;12:25;;;;;;;;;;;;;;;;;;;;;;;;;;;;;;;;;;;;;;;;;;;;;;;;;;;;;;;;;;;;;;;;;;;;;;;
S2025;3549;32.0;189.99;6.24;0;0;0;0;06:00;117.5;177.67;121.42;416.58;ELEVACOES;12;BERÇO ARM 16/17;17;14:35;17;14:55;17;14:55;17;15:00;17;15:00;17;15:05;17;15:05;17;15:10;17;15:10;17;15:15;17;15:15;17;15:20;17;15:20;17;15:25;17;15:25;17;15:30;17;15:30;17;16:05;;;;;;;;;;;;;;;;;;;;;;;;;;;;;;;;;17;16:05;17;16:05;20;03:05;20;03:35;;;;;;;;;;;;;;;;;;;;;;;;;;;;;;;;;20;03:35;20;03:45;20;03:45;20;03:50;20;03:50;20;03:55;20;03:55;20;04:00;20;04:00;20;04:05;20;04:05;20;04:10;20;04:10;20;04:15;20;04:15;20;04:20;20;04:20;20;04:40;
S2025;3563;32.0;224.98;7.5;0;0;0;1;00:01;105.25;210.83;122.75;438.83;ELEVACOES;13;BERÇO ARM 19;19;06:55;19;07:15;19;07:15;19;07:20;19;07:20;19;07:25;19;07:25;19;07:30;19;07:30;19;07:35;19;07:35;19;07:40;19;07:40;19;07:45;19;07:45;19;08:20;;;;;;;;;;;;;;;;;;;;;;;;;;;;;;;;;;;;;19;08:20;19;08:20;24;10:05;;;;;;;;;;;;;;;;;;;;;;;;;;;;;;;;;;;;;;;;;;;;;;;;;;;;;;;;;;;;;;;;;;;;;;;
S2025;3660;32.0;229.0;11.28;0;0;0;6;13:30;16.5;125.67;4.75;146.92;TIPLAM - GSM - I;61;BERÇO TIPLAM 2;12;16:25;12;16:45;12;16:45;12;16:50;12;16:50;12;16:55;12;16:55;12;17:00;12;17:00;12;17:05;12;17:05;12;17:10;12;17:10;12;17:15;12;17:15;12;17:20;12;17:20;12;17:25;12;17:25;12;17:30;12;17:30;12;17:35;12;17:35;12;17:40;12;17:40;12;17:45;12;17:45;12;17:50;12;17:50;12;17:55;12;17:55;12;18:15;12;18:15;12;18:30;12;18:30;12;18:30;19;19:30;20;00:00;20;00:00;20;00:40;20;00:40;20;01:00;20;01:00;20;01:05;20;01:05;20;01:10;20;01:10;20;01:15;20;01:15;20;01:20;20;01:20;20;01:25;20;01:25;20;01:30;20;01:30;20;01:35;20;01:35;20;01:40;20;01:40;20;01:45;20;01:45;20;01:50;20;01:50;20;01:55;20;01:55;20;02:00;20;02:00;20;02:05;20;02:05;20;02:10;20;02:10;20;02:30;
S2025;3671;32.0;190.0;6.4;0;0;0;6;18:00;31.92;223.0;11.83;266.75;TIPLAM - GSA - E;62;BERÇO TIPLAM 3;17;20:45;17;21:05;17;21:05;17;21:10;17;21:10;17;21:15;17;21:15;17;21:20;17;21:20;17;21:25;17;21:25;17;21:30;17;21:30;17;21:35;17;21:35;17;21:40;17;21:40;17;21:45;17;21:45;17;21:50;17;21:50;17;21:55;17;21:55;17;22:00;17;22:00;17;22:05;17;22:05;17;22:10;17;22:10;17;22:15;17;22:15;17;22:35;17;22:35;17;23:20;17;23:20;17;23:20;19;19:45;20;01:00;20;01:00;20;01:10;20;01:10;20;01:30;20;01:30;20;01:35;20;01:35;20;01:40;20;01:40;20;01:45;20;01:45;20;01:50;20;01:50;20;01:55;20;01:55;20;02:00;20;02:00;20;02:05;20;02:05;20;02:10;20;02:10;20;02:15;20;02:15;20;02:20;20;02:20;20;02:25;20;02:25;20;02:30;20;02:30;20;02:35;20;02:35;20;02:40;20;02:40;20;03:00;
S2025;3680;32.0;189.99;12.15;0;0;0;7;08:01;16.42;93.17;6.92;116.5;TIPLAM - GSM - I;60;BERÇO TIPLAM 1;12;04:35;12;04:55;12;04:55;12;05:00;12;05:00;12;05:05;12;05:05;12;05:10;12;05:10;12;05:15;12;05:15;12;05:20;12;05:20;12;05:25;12;05:25;12;05:30;12;05:30;12;05:35;12;05:35;12;05:40;12;05:40;12;05:45;12;05:45;12;05:50;12;05:50;12;05:55;12;05:55;12;06:00;12;06:00;12;06:05;12;06:05;12;06:25;12;06:25;12;07:10;12;07:10;12;07:10;19;20:30;20;00:45;20;00:45;20;00:55;20;00:55;20;01:15;20;01:15;20;01:20;20;01:20;20;01:25;20;01:25;20;01:30;20;01:30;20;01:35;20;01:35;20;01:40;20;01:40;20;01:45;20;01:45;20;01:50;20;01:50;20;01:55;20;01:55;20;02:00;20;02:00;20;02:05;20;02:05;20;02:10;20;02:10;20;02:15;20;02:15;20;02:20;20;02:20;20;02:25;20;02:25;20;02:45;
S2025;3681;30.0;179.96;10.14;0;0;0;7;08:36;14.17;184.25;0.0;198.42;NITA;10;BERÇO ARM 13/14;15;15:05;15;15:25;15;15:25;15;15:30;15;15:30;15;15:35;15;15:35;15;15:40;15;15:40;15;15:45;15;15:45;15;15:50;15;15:50;15;15:55;15;15:55;15;16:00;15;16:00;15;16:15;;;;;;;;;;;;;;;;;;;;;;;;;;;;;;;;;15;16:15;15;16:15;25;00:45;;;;;;;;;;;;;;;;;;;;;;;;;;;;;;;;;;;;;;;;;;;;;;;;;;;;;;;;;;;;;;;;;;;;;;;
S2025;3691;32.0;199.99;11.7;0;0;0;7;21:00;0.92;13.33;4.08;18.33;OUTROS_MACUCO;27;BERÇO ARM 35P2;8;15:20;8;15:40;8;15:40;8;15:45;8;15:45;8;15:50;8;15:50;8;15:55;8;15:55;8;16:00;8;16:00;8;16:15;;;;;;;;;;;;;;;;;;;;;;;;;;;;;;;;;;;;;;;;;;;;;8;16:15;8;16:15;20;04:55;20;06:15;;;;;;;;;;;;;;;;;;;;;;;;;;;;;;;;;;;;;;;;;;;;;20;06:15;20;06:45;20;06:45;20;06:50;20;06:50;20;06:55;20;06:55;20;07:00;20;07:00;20;07:05;20;07:05;20;07:25;
S2025;3713;32.0;179.95;10.9;0;0;0;9;04:15;10.42;237.33;4.5;252.25;TERMAG;57;BERÇO TERMAG;19;16:30;19;16:50;19;16:50;19;16:55;19;16:55;19;17:00;19;17:00;19;17:05;19;17:05;19;17:20;;;;;;;;;;;;;;;;;;;;;;;;;;;;;;;;;;;;;;;;;;;;;;;;;19;17:20;19;17:20;22;05:25;;;;;;;;;;;;;;;;;;;;;;;;;;;;;;;;;;;;;;;;;;;;;;;;;;;;;;;;;;;;;;;;;;;;;;;
S2025;3743;32.0;225.0;5.7;0;0;0;11;00:06;51.08;107.33;1.83;160.25;TEG;56;BERÇO TEG;17;16:25;17;16:45;17;16:45;17;16:50;17;16:50;17;16:55;17;16:55;17;17:00;17;17:00;17;17:35;;;;;;;;;;;;;;;;;;;;;;;;;;;;;;;;;;;;;;;;;;;;;;;;;17;17:35;17;17:35;21;18:10;;;;;;;;;;;;;;;;;;;;;;;;;;;;;;;;;;;;;;;;;;;;;;;;;;;;;;;;;;;;;;;;;;;;;;;
S2025;3771;30.0;180.0;10.29;0;0;0;12;14:54;12.5;118.67;7.08;138.25;TIPLAM - GSM - I;63;BERÇO TIPLAM 4;18;09:10;18;09:30;18;09:30;18;09:35;18;09:35;18;09:40;18;09:40;18;09:45;18;09:45;18;09:50;18;09:50;18;09:55;18;09:55;18;10:00;18;10:00;18;10:05;18;10:05;18;10:10;18;10:10;18;10:15;18;10:15;18;10:20;18;10:20;18;10:25;18;10:25;18;10:30;18;10:30;18;10:35;18;10:35;18;10:40;18;10:40;18;11:00;18;11:00;18;11:15;18;11:15;18;11:15;21;01:40;;;;;;;;;;;;;;;;;;;;;;;;;;;;;;;;;;;;;;;;;;;;;;;;;;;;;;;;;;;;;;;;;;;;;;;
S2025;3798;27.0;169.37;9.88;0;0;0;14;08:32;1.83;58.0;0.0;59.83;BUNGE;20;BERÇO ARM 30;16;20:25;16;20:45;16;20:45;16;20:50;16;20:50;16;20:55;16;20:55;16;21:00;16;21:00;16;21:05;16;21:05;16;21:20;;;;;;;;;;;;;;;;;;;;;;;;;;;;;;;;;;;;;;;;;;;;;16;21:20;16;21:20;22;10:40;;;;;;;;;;;;;;;;;;;;;;;;;;;;;;;;;;;;;;;;;;;;;;;;;;;;;;;;;;;;;;;;;;;;;;;
S2025;3803;33.0;224.88;7.14;0;0;0;14;12:00;27.17;55.67;4.75;87.58;ADM;30;BERÇO ARM 39;18;03:35;18;03:55;18;03:55;18;04:00;18;04:00;18;04:05;18;04:05;18;04:40;;;;;;;;;;;;;;;;;;;;;;;;;;;;;;;;;;;;;;;;;;;;;;;;;;;;;18;04:40;18;04:40;20;06:05;20;13:00;;;;;;;;;;;;;;;;;;;;;;;;;;;;;;;;;;;;;;;;;;;;;;;;;;;;;20;13:00;20;13:10;20;13:10;20;13:15;20;13:15;20;13:20;20;13:20;20;13:40;
S2025;3819;35.0;228.42;9.1;0;0;0;15;06:30;16.08;90.58;0.0;106.67;COFCO;9;BERÇO ARM 12A;19;17:10;19;17:30;19;17:30;19;17:35;19;17:35;19;17:40;19;17:40;19;17:45;19;17:45;19;17:50;19;17:50;19;17:55;19;17:55;19;18:00;19;18:00;19;18:05;19;18:05;19;18:40;;;;;;;;;;;;;;;;;;;;;;;;;;;;;;;;;19;18:40;19;18:40;24;13:15;;;;;;;;;;;;;;;;;;;;;;;;;;;;;;;;;;;;;;;;;;;;;;;;;;;;;;;;;;;;;;;;;;;;;;;
S2025;3822;32.0;189.99;6.2;0;0;0;15;09:30;3.5;69.42;2.75;75.67;TEAG;51;BERÇO TEAG;18;13:10;18;13:30;18;13:30;18;13:35;18;13:35;18;13:40;18;13:40;18;13:45;18;13:45;18;14:20;;;;;;;;;;;;;;;;;;;;;;;;;;;;;;;;;;;;;;;;;;;;;;;;;18;14:20;18;14:20;21;10:50;;;;;;;;;;;;;;;;;;;;;;;;;;;;;;;;;;;;;;;;;;;;;;;;;;;;;;;;;;;;;;;;;;;;;;;
S2025;3828;32.0;229.0;11.7;0;0;0;15;17:00;25.67;56.08;1.67;83.42;XXXIX;28;BERÇO ARM 37;19;04:25;19;04:45;19;04:45;19;04:50;19;04:50;19;04:55;19;04:55;19;05:30;;;;;;;;;;;;;;;;;;;;;;;;;;;;;;;;;;;;;;;;;;;;;;;;;;;;;19;05:30;19;05:30;21;01:20;;;;;;;;;;;;;;;;;;;;;;;;;;;;;;;;;;;;;;;;;;;;;;;;;;;;;;;;;;;;;;;;;;;;;;;
S2025;3841;32.0;228.94;7.19;0;0;0;16;06:00;21.25;58.42;2.58;82.25;COPESUCAR;14;BERÇO ARM 20/21;19;16:15;19;16:35;19;16:35;19;16:40;19;16:40;19;16:45;19;16:45;19;16:50;19;16:50;19;16:55;19;16:55;19;17:00;19;17:00;19;17:05;19;17:05;19;17:40;;;;;;;;;;;;;;;;;;;;;;;;;;;;;;;;;;;;;19;17:40;19;17:40;23;19:00;;;;;;;;;;;;;;;;;;;;;;;;;;;;;;;;;;;;;;;;;;;;;;;;;;;;;;;;;;;;;;;;;;;;;;;
S2025;3842;26.0;170.0;10.8;0;0;0;16;07:12;1.58;22.83;1.83;26.25;GRANEL;5;BERÇO AL 04;17;09:30;17;09:50;17;09:50;17;09:55;17;09:55;17;10:00;17;10:00;17;10:05;17;10:05;17;10:10;17;10:10;17;10:15;17;10:15;17;10:20;17;10:20;17;10:25;17;10:25;17;10:30;17;10:30;17;10:35;17;10:35;17;10:40;17;10:40;17;10:45;17;10:45;17;10:50;17;10:50;17;11:05;;;;;;;;;;;;;17;11:05;17;11:05;21;19:30;;;;;;;;;;;;;;;;;;;;;;;;;;;;;;;;;;;;;;;;;;;;;;;;;;;;;;;;;;;;;;;;;;;;;;;
S2025;3845;33.0;201.8;7.3;0;0;0;16;10:36;2.33;51.5;0.0;53.83;BRACELL;73;BERÇO ARM 35P1;18;16:30;18;16:50;18;16:50;18;16:55;18;16:55;18;17:00;18;17:00;18;17:05;18;17:05;18;17:40;;;;;;;;;;;;;;;;;;;;;;;;;;;;;;;;;;;;;;;;;;;;;;;;;18;17:40;18;17:40;22;21:15;;;;;;;;;;;;;;;;;;;;;;;;;;;;;;;;;;;;;;;;;;;;;;;;;;;;;;;;;;;;;;;;;;;;;;;
S2025;3848;32.0;179.99;12.0;0;0;0;16;12:00;0.0;0.0;0.0;0.0;AGEO_TERMINAIS;77;BERÇO IB OE;16;12:00;16;12:20;16;12:20;16;12:25;16;12:25;16;12:30;16;12:30;16;12:35;16;12:35;16;12:40;16;12:40;16;12:45;16;12:45;16;12:50;16;12:50;16;12:55;16;12:55;16;13:00;16;13:00;16;13:05;16;13:05;16;13:10;16;13:10;16;13:25;;;;;;;;;;;;;;;;;;;;;16;13:25;16;13:25;21;20:55;;;;;;;;;;;;;;;;;;;;;;;;;;;;;;;;;;;;;;;;;;;;;;;;;;;;;;;;;;;;;;;;;;;;;;;
S2025;3855;36.0;228.99;8.41;0;0;0;17;06:00;0.0;0.0;0.0;0.0;TGRAO;71;BERÇO OUT 2;17;06:00;17;06:20;17;06:20;17;06:25;17;06:25;17;06:30;17;06:30;17;06:35;17;06:35;17;06:40;17;06:40;17;06:45;17;06:45;17;07:20;;;;;;;;;;;;;;;;;;;;;;;;;;;;;;;;;;;;;;;;;17;07:20;17;07:20;19;23:25;20;00:55;;;;;;;;;;;;;;;;;;;;;;;;;;;;;;;;;;;;;;;;;20;00:55;20;01:05;20;01:05;20;01:10;20;01:10;20;01:15;20;01:15;20;01:20;20;01:20;20;01:25;20;01:25;20;01:30;20;01:30;20;01:50;
S2025;3856;48.0;299.79;12.5;0;0;0;17;06:24;14.58;35.5;0.0;50.08;BTP;34;BERÇO BTP 3;19;08:30;19;08:50;19;08:50;19;08:55;19;08:55;19;09:00;19;09:00;19;09:05;19;09:05;19;09:10;19;09:10;19;09:15;19;09:15;19;09:20;19;09:20;19;09:25;19;09:25;19;09:30;19;09:30;19;09:35;19;09:35;19;09:40;19;09:40;19;09:45;19;09:45;19;10:20;;;;;;;;;;;;;;;;;19;10:20;19;10:20;20;07:20;20;13:30;;;;;;;;;;;;;;;;;20;13:30;20;13:40;20;13:40;20;13:45;20;13:45;20;13:50;20;13:50;20;13:55;20;13:55;20;14:00;20;14:00;20;14:05;20;14:05;20;14:10;20;14:10;20;14:15;20;14:15;20;14:20;20;14:20;20;14:25;20;14:25;20;14:30;20;14:30;20;14:35;20;14:35;20;14:55;
S2025;3859;26.6;170.0;6.7;0;0;0;17;08:30;1.92;27.5;3.42;32.83;STOLTHAVEN;3;BERÇO AL 02;18;17:20;18;17:40;18;17:40;18;17:45;18;17:45;18;17:50;18;17:50;18;17:55;18;17:55;18;18:00;18;18:00;18;18:05;18;18:05;18;18:10;18;18:10;18;18:15;18;18:15;18;18:20;18;18:20;18;18:25;18;18:25;18;18:30;18;18:30;18;18:35;18;18:35;18;18:40;18;18:40;18;19:15;;;;;;;;;;;;;18;19:15;18;19:15;22;23:50;;;;;;;;;;;;;;;;;;;;;;;;;;;;;;;;;;;;;;;;;;;;;;;;;;;;;;;;;;;;;;;;;;;;;;;
S2025;3865;48.0;300.0;12.0;0;0;0;17;13:30;13.42;36.67;0.17;50.25;BTP;33;BERÇO BTP 2;19;15:45;19;16:05;19;16:05;19;16:10;19;16:10;19;16:15;19;16:15;19;16:20;19;16:20;19;16:25;19;16:25;19;16:30;19;16:30;19;16:35;19;16:35;19;16:40;19;16:40;19;16:45;19;16:45;19;16:50;19;16:50;19;16:55;19;16:55;19;17:00;19;17:00;19;17:35;;;;;;;;;;;;;;;;;19;17:35;19;17:35;20;19:50;;;;;;;;;;;;;;;;;;;;;;;;;;;;;;;;;;;;;;;;;;;;;;;;;;;;;;;;;;;;;;;;;;;;;;;
S2025;3870;32.0;224.9;7.5;0;0;0;17;18:00;0.0;0.0;1.08;1.08;TGRAO;72;BERÇO OUT 3;17;19:05;17;19:25;17;19:25;17;19:30;17;19:30;17;19:35;17;19:35;17;19:40;17;19:40;17;19:45;17;19:45;17;19:50;17;19:50;17;20:25;;;;;;;;;;;;;;;;;;;;;;;;;;;;;;;;;;;;;;;;;17;20:25;17;20:25;21;20:30;;;;;;;;;;;;;;;;;;;;;;;;;;;;;;;;;;;;;;;;;;;;;;;;;;;;;;;;;;;;;;;;;;;;;;;
S2025;3872;49.0;299.93;10.5;0;0;0;17;19:00;11.67;34.08;0.17;45.92;BTP;32;BERÇO BTP 1;19;16:55;19;17:15;19;17:15;19;17:20;19;17:20;19;17:25;19;17:25;19;17:30;19;17:30;19;17:35;19;17:35;19;17:40;19;17:40;19;17:45;19;17:45;19;17:50;19;17:50;19;17:55;19;17:55;19;18:00;19;18:00;19;18:05;19;18:05;19;18:10;19;18:10;19;18:45;;;;;;;;;;;;;;;;;19;18:45;19;18:45;20;20:20;;;;;;;;;;;;;;;;;;;;;;;;;;;;;;;;;;;;;;;;;;;;;;;;;;;;;;;;;;;;;;;;;;;;;;;
S2025;3875;32.0;225.0;12.53;0;0;0;18;02:53;0.0;0.0;0.0;0.0;HIDROVIAS;15;BERÇO ARM 22/23;18;02:55;18;03:15;18;03:15;18;03:20;18;03:20;18;03:25;18;03:25;18;03:30;18;03:30;18;03:35;18;03:35;18;03:40;18;03:40;18;03:45;18;03:45;18;04:00;;;;;;;;;;;;;;;;;;;;;;;;;;;;;;;;;;;;;18;04:00;18;04:00;20;20:45;20;20:55;;;;;;;;;;;;;;;;;;;;;;;;;;;;;;;;;;;;;20;20:55;20;21:25;20;21:25;20;21:30;20;21:30;20;21:35;20;21:35;20;21:40;20;21:40;20;21:45;20;21:45;20;21:50;20;21:50;20;21:55;20;21:55;20;22:15;
S2025;3877;32.0;199.97;8.15;0;0;1;18;05:00;1.33;39.33;0.0;40.67;TEV;58;BERÇO TEV;19;21:40;19;22:00;19;22:00;19;22:05;19;22:05;19;22:10;19;22:10;19;22:15;19;22:15;19;22:20;19;22:20;19;22:25;19;22:25;19;23:00;;;;;;;;;;;;;;;;;;;;;;;;;;;;;;;;;;;;;;;;;19;23:00;19;23:00;21;08:55;;;;;;;;;;;;;;;;;;;;;;;;;;;;;;;;;;;;;;;;;;;;;;;;;;;;;;;;;;;;;;;;;;;;;;;
S2025;3880;19.0;87.9;5.1;0;0;0;18;09:50;0.0;0.0;0.42;0.42;SAIPEM;50;BERÇO SAIPEM 3;18;10:15;18;10:35;18;10:35;18;11:10;;;;;;;;;;;;;;;;;;;;;;;;;;;;;;;;;;;;;;;;;;;;;;;;;;;;;;;;;;;;;18;11:10;18;11:10;21;00:15;;;;;;;;;;;;;;;;;;;;;;;;;;;;;;;;;;;;;;;;;;;;;;;;;;;;;;;;;;;;;;;;;;;;;;;
S2025;3881;32.0;224.98;7.19;0;0;0;18;10:00;0.0;0.0;0.0;0.0;TGG;59;BERÇO TGG;18;10:00;18;10:20;18;10:20;18;10:25;18;10:25;18;10:30;18;10:30;18;10:35;18;10:35;18;11:10;;;;;;;;;;;;;;;;;;;;;;;;;;;;;;;;;;;;;;;;;;;;;;;;;18;11:10;18;11:10;19;20:40;20;00:50;;;;;;;;;;;;;;;;;;;;;;;;;;;;;;;;;;;;;;;;;;;;;;;;;20;00:50;20;01:00;20;01:00;20;01:05;20;01:05;20;01:10;20;01:10;20;01:15;20;01:15;20;01:35;
S2025;3883;36.0;209.99;9.25;0;0;0;18;11:10;0.0;0.0;0.83;0.83;OUTROS_SABOO;36;BERÇO CS 01;18;12:00;18;12:20;18;12:20;18;12:25;18;12:25;18;12:30;18;12:30;18;12:35;18;12:35;18;12:40;18;12:40;18;12:45;18;12:45;18;12:50;18;12:50;18;12:55;18;12:55;18;13:00;18;13:00;18;13:05;18;13:05;18;13:10;18;13:10;18;13:25;;;;;;;;;;;;;;;;;;;;;18;13:25;18;13:25;22;22:45;;;;;;;;;;;;;;;;;;;;;;;;;;;;;;;;;;;;;;;;;;;;;;;;;;;;;;;;;;;;;;;;;;;;;;;
S2025;3884;32.0;229.0;7.28;0;0;0;18;11:30;1.08;0.0;0.83;1.92;TES;29;BERÇO ARM 38;18;13:25;18;13:45;18;13:45;18;13:50;18;13:50;18;13:55;18;13:55;18;14:30;;;;;;;;;;;;;;;;;;;;;;;;;;;;;;;;;;;;;;;;;;;;;;;;;;;;;18;14:30;18;14:30;24;09:10;;;;;;;;;;;;;;;;;;;;;;;;;;;;;;;;;;;;;;;;;;;;;;;;;;;;;;;;;;;;;;;;;;;;;;;
S2025;3888;32.0;179.8;11.2;0;0;0;18;18:48;1.58;19.08;0.0;20.67;VOPAK;4;BERÇO AL 03;19;15:30;19;15:50;19;15:50;19;15:55;19;15:55;19;16:00;19;16:00;19;16:05;19;16:05;19;16:10;19;16:10;19;16:15;19;16:15;19;16:20;19;16:20;19;16:25;19;16:25;19;16:30;19;16:30;19;16:35;19;16:35;19;16:40;19;16:40;19;16:45;19;16:45;19;16:50;19;16:50;19;17:05;;;;;;;;;;;;;19;17:05;19;17:05;23;17:45;;;;;;;;;;;;;;;;;;;;;;;;;;;;;;;;;;;;;;;;;;;;;;;;;;;;;;;;;;;;;;;;;;;;;;;
S2025;3890;48.0;299.9;12.4;0;0;0;18;20:30;0.92;3.17;0.0;4.08;SANTOSBR;55;BERÇO TECON 3;19;00:35;19;00:55;19;00:55;19;01:00;19;01:00;19;01:05;19;01:05;19;01:10;19;01:10;19;01:15;19;01:15;19;01:30;;;;;;;;;;;;;;;;;;;;;;;;;;;;;;;;;;;;;;;;;;;;;19;01:30;19;01:30;20;03:30;20;05:40;;;;;;;;;;;;;;;;;;;;;;;;;;;;;;;;;;;;;;;;;;;;;20;05:40;20;06:10;20;06:10;20;06:15;20;06:15;20;06:20;20;06:20;20;06:25;20;06:25;20;06:30;20;06:30;20;06:50;
S2025;3892;32.0;213.88;8.9;0;0;0;19;00:00;0.0;0.0;0.0;0.0;ECOPORTO;70;BERÇO VAL;19;00:00;19;00:20;19;00:20;19;00:25;19;00:25;19;00:30;19;00:30;19;00:35;19;00:35;19;00:40;19;00:40;19;00:45;19;00:45;19;00:50;19;00:50;19;00:55;19;00:55;19;01:00;19;01:00;19;01:05;19;01:05;19;01:10;19;01:10;19;01:45;;;;;;;;;;;;;;;;;;;;;19;01:45;19;01:45;19;14:30;;;;;;;;;;;;;;;;;;;;;;;;;;;;;;;;;;;;;;;;;;;;;;;;;;;;;;;;;;;;;;;;;;;;;;;
S2025;3894;32.0;214.0;8.7;0;0;0;19;03:00;0.0;0.0;0.0;0.0;ECOPORTO;39;BERÇO CS 04;19;03:00;19;03:20;19;03:20;19;03:25;19;03:25;19;03:30;19;03:30;19;03:35;19;03:35;19;03:40;19;03:40;19;03:45;19;03:45;19;03:50;19;03:50;19;03:55;19;03:55;19;04:00;19;04:00;19;04:05;19;04:05;19;04:10;19;04:10;19;04:45;;;;;;;;;;;;;;;;;;;;;19;04:45;19;04:45;21;06:20;;;;;;;;;;;;;;;;;;;;;;;;;;;;;;;;;;;;;;;;;;;;;;;;;;;;;;;;;;;;;;;;;;;;;;;
S2025;3897;20.0;127.7;5.8;0;0;0;19;04:06;0.0;0.0;3.67;3.67;OUTROS_SABOO;37;BERÇO CS 02;19;07:50;19;08:10;19;08:10;19;08:15;19;08:15;19;08:20;19;08:20;19;08:25;19;08:25;19;08:30;19;08:30;19;08:35;19;08:35;19;08:40;19;08:40;19;08:45;19;08:45;19;08:50;19;08:50;19;08:55;19;08:55;19;09:00;19;09:00;19;09:35;;;;;;;;;;;;;;;;;;;;;19;09:35;19;09:35;20;14:55;20;17:20;;;;;;;;;;;;;;;;;;;;;20;17:20;20;17:30;20;17:30;20;17:35;20;17:35;20;17:40;20;17:40;20;17:45;20;17:45;20;17:50;20;17:50;20;17:55;20;17:55;20;18:00;20;18:00;20;18:05;20;18:05;20;18:10;20;18:10;20;18:15;20;18:15;20;18:20;20;18:20;20;18:40;
S2025;3898;32.0;194.87;9.65;0;0;0;19;05:00;0.0;11.92;0.5;12.42;SANTOSBR;54;BERÇO TECON 2;19;17:25;19;17:45;19;17:45;19;17:50;19;17:50;19;17:55;19;17:55;19;18:00;19;18:00;19;18:05;19;18:05;19;18:20;;;;;;;;;;;;;;;;;;;;;;;;;;;;;;;;;;;;;;;;;;;;;19;18:20;19;18:20;20;17:45;20;20:15;;;;;;;;;;;;;;;;;;;;;;;;;;;;;;;;;;;;;;;;;;;;;20;20:15;20;20:45;20;20:45;20;20:50;20;20:50;20;20:55;20;20:55;20;21:00;20;21:00;20;21:05;20;21:05;20;21:25;
S2025;3899;30.0;179.97;6.38;0;0;0;19;05:50;0.0;0.0;1.33;1.33;CUTRALE - GSA - E;40;BERÇO CUTRALE;19;07:10;19;07:30;19;07:30;19;07:35;19;07:35;19;07:40;19;07:40;19;08:15;;;;;;;;;;;;;;;;;;;;;;;;;;;;;;;;;;;;;;;;;;;;;;;;;;;;;19;08:15;19;08:15;21;00:00;;;;;;;;;;;;;;;;;;;;;;;;;;;;;;;;;;;;;;;;;;;;;;;;;;;;;;;;;;;;;;;;;;;;;;;
S2025;3900;32.0;243.35;7.8;0;0;0;19;06:00;0.0;0.0;2.08;2.08;DPW - CGC;42;BERÇO DPW 1;19;08:05;19;08:25;19;08:25;19;08:30;19;08:30;19;08:35;19;08:35;19;08:40;19;08:40;19;08:45;19;08:45;19;08:50;19;08:50;19;08:55;19;08:55;19;09:00;19;09:00;19;09:05;19;09:05;19;09:10;19;09:10;19;09:25;;;;;;;;;;;;;;;;;;;;;;;;;19;09:25;19;09:25;20;06:20;20;06:20;;;;;;;;;;;;;;;;;;;;;;;;;20;06:20;20;06:50;20;06:50;20;06:55;20;06:55;20;07:00;20;07:00;20;07:05;20;07:05;20;07:10;20;07:10;20;07:15;20;07:15;20;07:20;20;07:20;20;07:25;20;07:25;20;07:30;20;07:30;20;07:35;20;07:35;20;07:55;
S2025;3903;32.0;189.99;8.7;0;0;0;19;09:00;0.0;0.0;0.0;0.0;DPW - CGNC;45;BERÇO DPW 4;19;09:00;19;09:20;19;09:20;19;09:25;19;09:25;19;09:30;19;09:30;19;09:35;19;09:35;19;09:40;19;09:40;19;09:45;19;09:45;19;09:50;19;09:50;19;09:55;19;09:55;19;10:00;19;10:00;19;10:35;;;;;;;;;;;;;;;;;;;;;;;;;;;;;19;10:35;19;10:35;20;18:20;;;;;;;;;;;;;;;;;;;;;;;;;;;;;;;;;;;;;;;;;;;;;;;;;;;;;;;;;;;;;;;;;;;;;;;
S2025;3905;32.0;183.1;9.7;0;0;0;19;09:50;0.0;0.0;0.0;0.0;AGEO_TERMINAIS;47;BERÇO IB SP;19;09:50;19;10:10;19;10:10;19;10:15;19;10:15;19;10:20;19;10:20;19;10:25;19;10:25;19;10:30;19;10:30;19;10:35;19;10:35;19;10:40;19;10:40;19;10:45;19;10:45;19;10:50;19;10:50;19;10:55;19;10:55;19;11:00;19;11:00;19;11:15;;;;;;;;;;;;;;;;;;;;;19;11:15;19;11:15;20;19:35;;;;;;;;;;;;;;;;;;;;;;;;;;;;;;;;;;;;;;;;;;;;;;;;;;;;;;;;;;;;;;;;;;;;;;;
S2025;3906;28.0;182.9;9.7;0;0;0;19;10:06;0.0;0.0;0.0;0.0;AGEO_TERMINAIS;1;BERÇO Ageo I;19;10:10;19;10:30;19;10:30;19;10:35;19;10:35;19;10:40;19;10:40;19;10:45;19;10:45;19;10:50;19;10:50;19;10:55;19;10:55;19;11:00;19;11:00;19;11:05;19;11:05;19;11:10;19;11:10;19;11:15;19;11:15;19;11:20;19;11:20;19;11:55;;;;;;;;;;;;;;;;;;;;;19;11:55;19;11:55;20;10:45;20;12:35;;;;;;;;;;;;;;;;;;;;;20;12:35;20;12:45;20;12:45;20;12:50;20;12:50;20;12:55;20;12:55;20;13:00;20;13:00;20;13:05;20;13:05;20;13:10;20;13:10;20;13:15;20;13:15;20;13:20;20;13:20;20;13:25;20;13:25;20;13:30;20;13:30;20;13:35;20;13:35;20;13:55;
S2025;3907;26.6;170.0;9.2;0;0;0;19;10:30;0.0;4.08;1.42;5.5;AGEO_TERMINAIS;46;BERÇO IB BC;19;16:00;19;16:20;19;16:20;19;16:25;19;16:25;19;16:30;19;16:30;19;16:35;19;16:35;19;16:40;19;16:40;19;16:45;19;16:45;19;16:50;19;16:50;19;16:55;19;16:55;19;17:00;19;17:00;19;17:05;19;17:05;19;17:10;19;17:10;19;17:45;;;;;;;;;;;;;;;;;;;;;19;17:45;19;17:45;22;07:50;;;;;;;;;;;;;;;;;;;;;;;;;;;;;;;;;;;;;;;;;;;;;;;;;;;;;;;;;;;;;;;;;;;;;;;
S2025;3908;31.0;212.54;12.3;0;0;0;19;15:00;0.0;6.92;0.0;6.92;SANTOSBR;52;BERÇO TECON 1.1;19;21:55;19;22:15;19;22:15;19;22:20;19;22:20;19;22:25;19;22:25;19;22:30;19;22:30;19;22:35;19;22:35;19;22:50;;;;;;;;;;;;;;;;;;;;;;;;;;;;;;;;;;;;;;;;;;;;;19;22:50;19;22:50;21;05:40;;;;;;;;;;;;;;;;;;;;;;;;;;;;;;;;;;;;;;;;;;;;;;;;;;;;;;;;;;;;;;;;;;;;;;;
S2025;3910;48.0;299.92;12.2;0;0;0;19;18:00;0.0;1.75;0.0;1.75;SANTOSBR;53;BERÇO TECON 1.2;19;19:45;19;20:05;19;20:05;19;20:10;19;20:10;19;20:15;19;20:15;19;20:20;19;20:20;19;20:25;19;20:25;19;20:40;;;;;;;;;;;;;;;;;;;;;;;;;;;;;;;;;;;;;;;;;;;;;19;20:40;19;20:40;20;23:45;;;;;;;;;;;;;;;;;;;;;;;;;;;;;;;;;;;;;;;;;;;;;;;;;;;;;;;;;;;;;;;;;;;;;;;
S2025;3911;40.0;272.02;10.2;0;0;0;19;18:30;0.0;2.92;0.0;2.92;DPW - CGC;43;BERÇO DPW 2;19;21:25;19;21:45;19;21:45;19;21:50;19;21:50;19;21:55;19;21:55;19;22:00;19;22:00;19;22:05;19;22:05;19;22:10;19;22:10;19;22:15;19;22:15;19;22:20;19;22:20;19;22:25;19;22:25;19;22:30;19;22:30;19;22:45;;;;;;;;;;;;;;;;;;;;;;;;;19;22:45;19;22:45;20;16:50;20;16:50;;;;;;;;;;;;;;;;;;;;;;;;;20;16:50;20;17:20;20;17:20;20;17:25;20;17:25;20;17:30;20;17:30;20;17:35;20;17:35;20;17:40;20;17:40;20;17:45;20;17:45;20;17:50;20;17:50;20;17:55;20;17:55;20;18:00;20;18:00;20;18:05;20;18:05;20;18:25;
S2025;3912;32.0;182.5;7.8;0;0;0;19;18:48;0.0;1.75;0.0;1.75;TRANSPETRO;2;BERÇO AL 01;19;20:35;19;20:55;19;20:55;19;21:00;19;21:00;19;21:05;19;21:05;19;21:10;19;21:10;19;21:15;19;21:15;19;21:20;19;21:20;19;21:25;19;21:25;19;21:30;19;21:30;19;21:35;19;21:35;19;21:40;19;21:40;19;21:45;19;21:45;19;21:50;19;21:50;19;21:55;19;21:55;19;22:30;;;;;;;;;;;;;19;22:30;19;22:30;21;12:25;;;;;;;;;;;;;;;;;;;;;;;;;;;;;;;;;;;;;;;;;;;;;;;;;;;;;;;;;;;;;;;;;;;;;;;
S2025;3629;32.0;225.0;8.1;0;0;0;4;16:10;95.0;224.58;53.08;372.67;ELEVACOES;12;BERÇO ARM 16/17;20;04:50;20;05:10;20;05:10;20;05:15;20;05:15;20;05:20;20;05:20;20;05:25;20;05:25;20;05:30;20;05:30;20;05:35;20;05:35;20;05:40;20;05:40;20;05:45;20;05:45;20;06:20;;;;;;;;;;;;;;;;;;;;;;;;;;;;;;;;;20;06:20;20;06:20;21;22:00;;;;;;;;;;;;;;;;;;;;;;;;;;;;;;;;;;;;;;;;;;;;;;;;;;;;;;;;;;;;;;;;;;;;;;;
S2025;3701;32.0;229.0;7.3;0;0;0;8;13:15;34.5;228.5;19.75;282.75;TIPLAM - GSA - E;61;BERÇO TIPLAM 2;20;08:00;20;08:20;20;08:20;20;08:25;20;08:25;20;08:30;20;08:30;20;08:35;20;08:35;20;08:40;20;08:40;20;08:45;20;08:45;20;08:50;20;08:50;20;08:55;20;08:55;20;09:00;20;09:00;20;09:05;20;09:05;20;09:10;20;09:10;20;09:15;20;09:15;20;09:20;20;09:20;20;09:25;20;09:25;20;09:30;20;09:30;20;09:50;20;09:50;20;10:35;20;10:35;20;10:35;21;22:45;;;;;;;;;;;;;;;;;;;;;;;;;;;;;;;;;;;;;;;;;;;;;;;;;;;;;;;;;;;;;;;;;;;;;;;
S2025;3716;33.0;189.94;8.78;0;0;0;9;05:12;30.5;216.5;14.83;261.83;TIPLAM - GSA - E;62;BERÇO TIPLAM 3;20;03:05;20;03:25;20;03:25;20;03:30;20;03:30;20;03:35;20;03:35;20;03:40;20;03:40;20;03:45;20;03:45;20;03:50;20;03:50;20;03:55;20;03:55;20;04:00;20;04:00;20;04:05;20;04:05;20;04:10;20;04:10;20;04:15;20;04:15;20;04:20;20;04:20;20;04:25;20;04:25;20;04:30;20;04:30;20;04:35;20;04:35;20;04:55;20;04:55;20;05:40;20;05:40;20;05:40;21;02:50;;;;;;;;;;;;;;;;;;;;;;;;;;;;;;;;;;;;;;;;;;;;;;;;;;;;;;;;;;;;;;;;;;;;;;;
S2025;3719;28.0;179.87;8.5;0;0;0;9;12:30;25.0;222.58;7.83;255.42;TIPLAM - GL;60;BERÇO TIPLAM 1;20;03:55;20;04:15;20;04:15;20;04:20;20;04:20;20;04:25;20;04:25;20;04:30;20;04:30;20;04:35;20;04:35;20;04:40;20;04:40;20;04:45;20;04:45;20;04:50;20;04:50;20;04:55;20;04:55;20;05:00;20;05:00;20;05:05;20;05:05;20;05:10;20;05:10;20;05:15;20;05:15;20;05:20;20;05:20;20;05:25;20;05:25;20;05:45;20;05:45;20;06:00;20;06:00;20;06:00;21;05:45;;;;;;;;;;;;;;;;;;;;;;;;;;;;;;;;;;;;;;;;;;;;;;;;;;;;;;;;;;;;;;;;;;;;;;;
S2025;3863;32.0;229.0;7.5;0;0;0;17;13:00;40.67;31.58;2.0;74.25;ADM;30;BERÇO ARM 39;20;15:15;20;15:35;20;15:35;20;15:40;20;15:40;20;15:45;20;15:45;20;16:20;;;;;;;;;;;;;;;;;;;;;;;;;;;;;;;;;;;;;;;;;;;;;;;;;;;;;20;16:20;20;16:20;23;15:20;;;;;;;;;;;;;;;;;;;;;;;;;;;;;;;;;;;;;;;;;;;;;;;;;;;;;;;;;;;;;;;;;;;;;;;
S2025;3885;38.0;255.17;10.8;0;0;0;18;13:24;5.58;41.08;0.25;46.92;BTP;34;BERÇO BTP 3;20;12:20;20;12:40;20;12:40;20;12:45;20;12:45;20;12:50;20;12:50;20;12:55;20;12:55;20;13:00;20;13:00;20;13:05;20;13:05;20;13:10;20;13:10;20;13:15;20;13:15;20;13:20;20;13:20;20;13:25;20;13:25;20;13:30;20;13:30;20;13:35;20;13:35;20;14:10;;;;;;;;;;;;;;;;;20;14:10;20;14:10;21;06:40;;;;;;;;;;;;;;;;;;;;;;;;;;;;;;;;;;;;;;;;;;;;;;;;;;;;;;;;;;;;;;;;;;;;;;;
S2025;3909;32.0;229.0;7.68;0;0;0;19;15:30;1.17;8.25;7.58;17.0;TGG;59;BERÇO TGG;20;08:30;20;08:50;20;08:50;20;08:55;20;08:55;20;09:00;20;09:00;20;09:05;20;09:05;20;09:40;;;;;;;;;;;;;;;;;;;;;;;;;;;;;;;;;;;;;;;;;;;;;;;;;20;09:40;20;09:40;21;19:00;;;;;;;;;;;;;;;;;;;;;;;;;;;;;;;;;;;;;;;;;;;;;;;;;;;;;;;;;;;;;;;;;;;;;;;
S2025;3913;26.0;170.0;6.7;0;0;0;19;19:15;3.67;16.08;0.0;19.75;AGEO_TERMINAIS;1;BERÇO Ageo I;20;15:00;20;15:20;20;15:20;20;15:25;20;15:25;20;15:30;20;15:30;20;15:35;20;15:35;20;15:40;20;15:40;20;15:45;20;15:45;20;15:50;20;15:50;20;15:55;20;15:55;20;16:00;20;16:00;20;16:05;20;16:05;20;16:10;20;16:10;20;16:45;;;;;;;;;;;;;;;;;;;;;20;16:45;20;16:45;22;09:10;;;;;;;;;;;;;;;;;;;;;;;;;;;;;;;;;;;;;;;;;;;;;;;;;;;;;;;;;;;;;;;;;;;;;;;
S2025;3916;29.0;182.5;10.25;0;0;0;20;02:54;1.92;17.83;0.0;19.75;HIDROVIAS;15;BERÇO ARM 22/23;20;22:40;20;23:00;20;23:00;20;23:05;20;23:05;20;23:10;20;23:10;20;23:15;20;23:15;20;23:20;20;23:20;20;23:25;20;23:25;20;23:30;20;23:30;20;23:45;;;;;;;;;;;;;;;;;;;;;;;;;;;;;;;;;;;;;20;23:45;20;23:45;24;16:20;;;;;;;;;;;;;;;;;;;;;;;;;;;;;;;;;;;;;;;;;;;;;;;;;;;;;;;;;;;;;;;;;;;;;;;
S2025;3918;32.0;228.15;9.1;0;0;0;20;04:40;0.0;0.42;0.0;0.42;SANTOSBR;55;BERÇO TECON 3;20;05:05;20;05:25;20;05:25;20;05:30;20;05:30;20;05:35;20;05:35;20;05:40;20;05:40;20;05:45;20;05:45;20;06:00;;;;;;;;;;;;;;;;;;;;;;;;;;;;;;;;;;;;;;;;;;;;;20;06:00;20;06:00;20;23:05;;;;;;;;;;;;;;;;;;;;;;;;;;;;;;;;;;;;;;;;;;;;;;;;;;;;;;;;;;;;;;;;;;;;;;;
S2025;3929;48.0;330.0;10.2;0;0;0;20;19:42;0.0;0.0;0.0;0.0;SANTOSBR;54;BERÇO TECON 2;20;19:45;20;20:05;20;20:05;20;20:10;20;20:10;20;20:15;20;20:15;20;20:20;20;20:20;20;20:25;20;20:25;20;21:00;;;;;;;;;;;;;;;;;;;;;;;;;;;;;;;;;;;;;;;;;;;;;20;21:00;20;21:00;22;13:40;;;;;;;;;;;;;;;;;;;;;;;;;;;;;;;;;;;;;;;;;;;;;;;;;;;;;;;;;;;;;;;;;;;;;;;
S2025;3920;30.0;179.99;7.2;0;0;0;20;08:00;0.0;0.0;0.25;0.25;CITROSUCO;18;BERÇO ARM 29;20;08:15;20;08:35;20;08:35;20;08:40;20;08:40;20;08:45;20;08:45;20;08:50;20;08:50;20;08:55;20;08:55;20;09:00;20;09:00;20;09:35;;;;;;;;;;;;;;;;;;;;;;;;;;;;;;;;;;;;;;;;;20;09:35;20;09:35;23;11:25;;;;;;;;;;;;;;;;;;;;;;;;;;;;;;;;;;;;;;;;;;;;;;;;;;;;;;;;;;;;;;;;;;;;;;;
S2025;3923;31.0;199.2;10.05;0;0;0;20;09:40;0.0;0.0;0.0;0.0;DPW - CGNC;44;BERÇO DPW 3;20;09:40;20;10:00;20;10:00;20;10:05;20;10:05;20;10:10;20;10:10;20;10:15;20;10:15;20;10:20;20;10:20;20;10:25;20;10:25;20;10:30;20;10:30;20;10:35;20;10:35;20;10:40;20;10:40;20;11:15;;;;;;;;;;;;;;;;;;;;;;;;;;;;;20;11:15;20;11:15;21;11:30;;;;;;;;;;;;;;;;;;;;;;;;;;;;;;;;;;;;;;;;;;;;;;;;;;;;;;;;;;;;;;;;;;;;;;;
S2025;3926;48.0;333.2;12.4;0;0;0;20;18:00;0.0;0.0;1.42;1.42;DPW - CGC;43;BERÇO DPW 2;20;19:25;20;19:45;20;19:45;20;19:50;20;19:50;20;19:55;20;19:55;20;20:00;20;20:00;20;20:05;20;20:05;20;20:10;20;20:10;20;20:15;20;20:15;20;20:20;20;20:20;20;20:25;20;20:25;20;20:30;20;20:30;20;21:05;;;;;;;;;;;;;;;;;;;;;;;;;20;21:05;20;21:05;22;19:15;;;;;;;;;;;;;;;;;;;;;;;;;;;;;;;;;;;;;;;;;;;;;;;;;;;;;;;;;;;;;;;;;;;;;;;
S2025;3933;37.0;254.87;10.7;0;0;0;20;21:45;0.0;0.0;0.67;0.67;DPW - CGC;42;BERÇO DPW 1;20;22:25;20;22:45;20;22:45;20;22:50;20;22:50;20;22:55;20;22:55;20;23:00;20;23:00;20;23:05;20;23:05;20;23:10;20;23:10;20;23:15;20;23:15;20;23:20;20;23:20;20;23:25;20;23:25;20;23:30;20;23:30;20;23:45;;;;;;;;;;;;;;;;;;;;;;;;;20;23:45;20;23:45;21;20:50;;;;;;;;;;;;;;;;;;;;;;;;;;;;;;;;;;;;;;;;;;;;;;;;;;;;;;;;;;;;;;;;;;;;;;;
S2025;3930;32.0;183.1;9.2;0;0;0;20;20:00;0.0;0.0;0.0;0.0;DOW;41;BERÇO DOW;20;20:00;20;20:20;20;20:20;20;20:25;20;20:25;20;20:30;20;20:30;20;20:45;;;;;;;;;;;;;;;;;;;;;;;;;;;;;;;;;;;;;;;;;;;;;;;;;;;;;20;20:45;20;20:45;21;09:00;;;;;;;;;;;;;;;;;;;;;;;;;;;;;;;;;;;;;;;;;;;;;;;;;;;;;;;;;;;;;;;;;;;;;;;
S2025;3563;32.0;224.98;7.5;0;0;0;1;00:01;105.25;210.83;122.75;438.83;ELEVACOES;13;BERÇO ARM 19;19;06:55;19;07:15;19;07:15;19;07:20;19;07:20;19;07:25;19;07:25;19;07:30;19;07:30;19;07:35;19;07:35;19;07:40;19;07:40;19;07:45;19;07:45;19;08:20;;;;;;;;;;;;;;;;;;;;;;;;;;;;;;;;;;;;;19;08:20;19;08:20;24;10:05;;;;;;;;;;;;;;;;;;;;;;;;;;;;;;;;;;;;;;;;;;;;;;;;;;;;;;;;;;;;;;;;;;;;;;;
S2025;3629;32.0;225.0;8.1;0;0;0;4;16:10;95.0;224.58;53.08;372.67;ELEVACOES;12;BERÇO ARM 16/17;20;04:50;20;05:10;20;05:10;20;05:15;20;05:15;20;05:20;20;05:20;20;05:25;20;05:25;20;05:30;20;05:30;20;05:35;20;05:35;20;05:40;20;05:40;20;05:45;20;05:45;20;06:20;;;;;;;;;;;;;;;;;;;;;;;;;;;;;;;;;20;06:20;20;06:20;21;22:00;;;;;;;;;;;;;;;;;;;;;;;;;;;;;;;;;;;;;;;;;;;;;;;;;;;;;;;;;;;;;;;;;;;;;;;
S2025;3681;30.0;179.96;10.14;0;0;0;7;08:36;14.17;184.25;0.0;198.42;NITA;10;BERÇO ARM 13/14;15;15:05;15;15:25;15;15:25;15;15:30;15;15:30;15;15:35;15;15:35;15;15:40;15;15:40;15;15:45;15;15:45;15;15:50;15;15:50;15;15:55;15;15:55;15;16:00;15;16:00;15;16:15;;;;;;;;;;;;;;;;;;;;;;;;;;;;;;;;;15;16:15;15;16:15;25;00:45;;;;;;;;;;;;;;;;;;;;;;;;;;;;;;;;;;;;;;;;;;;;;;;;;;;;;;;;;;;;;;;;;;;;;;;
S2025;3701;32.0;229.0;7.3;0;0;0;8;13:15;34.5;228.5;19.75;282.75;TIPLAM - GSA - E;61;BERÇO TIPLAM 2;20;08:00;20;08:20;20;08:20;20;08:25;20;08:25;20;08:30;20;08:30;20;08:35;20;08:35;20;08:40;20;08:40;20;08:45;20;08:45;20;08:50;20;08:50;20;08:55;20;08:55;20;09:00;20;09:00;20;09:05;20;09:05;20;09:10;20;09:10;20;09:15;20;09:15;20;09:20;20;09:20;20;09:25;20;09:25;20;09:30;20;09:30;20;09:50;20;09:50;20;10:35;20;10:35;20;10:35;21;22:45;;;;;;;;;;;;;;;;;;;;;;;;;;;;;;;;;;;;;;;;;;;;;;;;;;;;;;;;;;;;;;;;;;;;;;;
S2025;3713;32.0;179.95;10.9;0;0;0;9;04:15;10.42;237.33;4.5;252.25;TERMAG;57;BERÇO TERMAG;19;16:30;19;16:50;19;16:50;19;16:55;19;16:55;19;17:00;19;17:00;19;17:05;19;17:05;19;17:20;;;;;;;;;;;;;;;;;;;;;;;;;;;;;;;;;;;;;;;;;;;;;;;;;19;17:20;19;17:20;22;05:25;;;;;;;;;;;;;;;;;;;;;;;;;;;;;;;;;;;;;;;;;;;;;;;;;;;;;;;;;;;;;;;;;;;;;;;
S2025;3716;33.0;189.94;8.78;0;0;0;9;05:12;30.5;216.5;14.83;261.83;TIPLAM - GSA - E;62;BERÇO TIPLAM 3;20;03:05;20;03:25;20;03:25;20;03:30;20;03:30;20;03:35;20;03:35;20;03:40;20;03:40;20;03:45;20;03:45;20;03:50;20;03:50;20;03:55;20;03:55;20;04:00;20;04:00;20;04:05;20;04:05;20;04:10;20;04:10;20;04:15;20;04:15;20;04:20;20;04:20;20;04:25;20;04:25;20;04:30;20;04:30;20;04:35;20;04:35;20;04:55;20;04:55;20;05:40;20;05:40;20;05:40;21;02:50;21;03:10;21;03:10;21;03:20;21;03:20;21;03:40;21;03:40;21;03:45;21;03:45;21;03:50;21;03:50;21;03:55;21;03:55;21;04:00;21;04:00;21;04:05;21;04:05;21;04:10;21;04:10;21;04:15;21;04:15;21;04:20;21;04:20;21;04:25;21;04:25;21;04:30;21;04:30;21;04:35;21;04:35;21;04:40;21;04:40;21;04:45;21;04:45;21;04:50;21;04:50;21;05:10;
S2025;3719;28.0;179.87;8.5;0;0;0;9;12:30;25.0;222.58;7.83;255.42;TIPLAM - GL;60;BERÇO TIPLAM 1;20;03:55;20;04:15;20;04:15;20;04:20;20;04:20;20;04:25;20;04:25;20;04:30;20;04:30;20;04:35;20;04:35;20;04:40;20;04:40;20;04:45;20;04:45;20;04:50;20;04:50;20;04:55;20;04:55;20;05:00;20;05:00;20;05:05;20;05:05;20;05:10;20;05:10;20;05:15;20;05:15;20;05:20;20;05:20;20;05:25;20;05:25;20;05:45;20;05:45;20;06:00;20;06:00;20;06:00;21;05:45;21;05:55;21;05:55;21;06:35;21;06:35;21;06:55;21;06:55;21;07:00;21;07:00;21;07:05;21;07:05;21;07:10;21;07:10;21;07:15;21;07:15;21;07:20;21;07:20;21;07:25;21;07:25;21;07:30;21;07:30;21;07:35;21;07:35;21;07:40;21;07:40;21;07:45;21;07:45;21;07:50;21;07:50;21;07:55;21;07:55;21;08:00;21;08:00;21;08:05;21;08:05;21;08:25;
S2025;3743;32.0;225.0;5.7;0;0;0;11;00:06;51.08;107.33;1.83;160.25;TEG;56;BERÇO TEG;17;16:25;17;16:45;17;16:45;17;16:50;17;16:50;17;16:55;17;16:55;17;17:00;17;17:00;17;17:35;;;;;;;;;;;;;;;;;;;;;;;;;;;;;;;;;;;;;;;;;;;;;;;;;17;17:35;17;17:35;21;18:10;21;18:10;;;;;;;;;;;;;;;;;;;;;;;;;;;;;;;;;;;;;;;;;;;;;;;;;21;18:10;21;18:20;21;18:20;21;18:25;21;18:25;21;18:30;21;18:30;21;18:35;21;18:35;21;18:55;
S2025;3771;30.0;180.0;10.29;0;0;0;12;14:54;12.5;118.67;7.08;138.25;TIPLAM - GSM - I;63;BERÇO TIPLAM 4;18;09:10;18;09:30;18;09:30;18;09:35;18;09:35;18;09:40;18;09:40;18;09:45;18;09:45;18;09:50;18;09:50;18;09:55;18;09:55;18;10:00;18;10:00;18;10:05;18;10:05;18;10:10;18;10:10;18;10:15;18;10:15;18;10:20;18;10:20;18;10:25;18;10:25;18;10:30;18;10:30;18;10:35;18;10:35;18;10:40;18;10:40;18;11:00;18;11:00;18;11:15;18;11:15;18;11:15;21;01:40;21;01:50;21;01:50;21;02:30;21;02:30;21;02:50;21;02:50;21;02:55;21;02:55;21;03:00;21;03:00;21;03:05;21;03:05;21;03:10;21;03:10;21;03:15;21;03:15;21;03:20;21;03:20;21;03:25;21;03:25;21;03:30;21;03:30;21;03:35;21;03:35;21;03:40;21;03:40;21;03:45;21;03:45;21;03:50;21;03:50;21;03:55;21;03:55;21;04:00;21;04:00;21;04:20;
S2025;3798;27.0;169.37;9.88;0;0;0;14;08:32;1.83;58.0;0.0;59.83;BUNGE;20;BERÇO ARM 30;16;20:25;16;20:45;16;20:45;16;20:50;16;20:50;16;20:55;16;20:55;16;21:00;16;21:00;16;21:05;16;21:05;16;21:20;;;;;;;;;;;;;;;;;;;;;;;;;;;;;;;;;;;;;;;;;;;;;16;21:20;16;21:20;22;10:40;;;;;;;;;;;;;;;;;;;;;;;;;;;;;;;;;;;;;;;;;;;;;;;;;;;;;;;;;;;;;;;;;;;;;;;
S2025;3819;35.0;228.42;9.1;0;0;0;15;06:30;16.08;90.58;0.0;106.67;COFCO;9;BERÇO ARM 12A;19;17:10;19;17:30;19;17:30;19;17:35;19;17:35;19;17:40;19;17:40;19;17:45;19;17:45;19;17:50;19;17:50;19;17:55;19;17:55;19;18:00;19;18:00;19;18:05;19;18:05;19;18:40;;;;;;;;;;;;;;;;;;;;;;;;;;;;;;;;;19;18:40;19;18:40;24;13:15;;;;;;;;;;;;;;;;;;;;;;;;;;;;;;;;;;;;;;;;;;;;;;;;;;;;;;;;;;;;;;;;;;;;;;;
S2025;3822;32.0;189.99;6.2;0;0;0;15;09:30;3.5;69.42;2.75;75.67;TEAG;51;BERÇO TEAG;18;13:10;18;13:30;18;13:30;18;13:35;18;13:35;18;13:40;18;13:40;18;13:45;18;13:45;18;14:20;;;;;;;;;;;;;;;;;;;;;;;;;;;;;;;;;;;;;;;;;;;;;;;;;18;14:20;18;14:20;21;10:50;21;13:05;;;;;;;;;;;;;;;;;;;;;;;;;;;;;;;;;;;;;;;;;;;;;;;;;21;13:05;21;13:15;21;13:15;21;13:20;21;13:20;21;13:25;21;13:25;21;13:30;21;13:30;21;13:50;
S2025;3828;32.0;229.0;11.7;0;0;0;15;17:00;25.67;56.08;1.67;83.42;XXXIX;28;BERÇO ARM 37;19;04:25;19;04:45;19;04:45;19;04:50;19;04:50;19;04:55;19;04:55;19;05:30;;;;;;;;;;;;;;;;;;;;;;;;;;;;;;;;;;;;;;;;;;;;;;;;;;;;;19;05:30;19;05:30;21;01:20;21;02:15;;;;;;;;;;;;;;;;;;;;;;;;;;;;;;;;;;;;;;;;;;;;;;;;;;;;;21;02:15;21;02:25;21;02:25;21;02:30;21;02:30;21;02:35;21;02:35;21;02:55;
S2025;3841;32.0;228.94;7.19;0;0;0;16;06:00;21.25;58.42;2.58;82.25;COPESUCAR;14;BERÇO ARM 20/21;19;16:15;19;16:35;19;16:35;19;16:40;19;16:40;19;16:45;19;16:45;19;16:50;19;16:50;19;16:55;19;16:55;19;17:00;19;17:00;19;17:05;19;17:05;19;17:40;;;;;;;;;;;;;;;;;;;;;;;;;;;;;;;;;;;;;19;17:40;19;17:40;23;19:00;;;;;;;;;;;;;;;;;;;;;;;;;;;;;;;;;;;;;;;;;;;;;;;;;;;;;;;;;;;;;;;;;;;;;;;
S2025;3842;26.0;170.0;10.8;0;0;0;16;07:12;1.58;22.83;1.83;26.25;GRANEL;5;BERÇO AL 04;17;09:30;17;09:50;17;09:50;17;09:55;17;09:55;17;10:00;17;10:00;17;10:05;17;10:05;17;10:10;17;10:10;17;10:15;17;10:15;17;10:20;17;10:20;17;10:25;17;10:25;17;10:30;17;10:30;17;10:35;17;10:35;17;10:40;17;10:40;17;10:45;17;10:45;17;10:50;17;10:50;17;11:05;;;;;;;;;;;;;17;11:05;17;11:05;21;19:30;;;;;;;;;;;;;;;;;;;;;;;;;;;;;;;;;;;;;;;;;;;;;;;;;;;;;;;;;;;;;;;;;;;;;;;
S2025;3845;33.0;201.8;7.3;0;0;0;16;10:36;2.33;51.5;0.0;53.83;BRACELL;73;BERÇO ARM 35P1;18;16:30;18;16:50;18;16:50;18;16:55;18;16:55;18;17:00;18;17:00;18;17:05;18;17:05;18;17:40;;;;;;;;;;;;;;;;;;;;;;;;;;;;;;;;;;;;;;;;;;;;;;;;;18;17:40;18;17:40;22;21:15;;;;;;;;;;;;;;;;;;;;;;;;;;;;;;;;;;;;;;;;;;;;;;;;;;;;;;;;;;;;;;;;;;;;;;;
S2025;3848;32.0;179.99;12.0;0;0;0;16;12:00;0.0;0.0;0.0;0.0;AGEO_TERMINAIS;77;BERÇO IB OE;16;12:00;16;12:20;16;12:20;16;12:25;16;12:25;16;12:30;16;12:30;16;12:35;16;12:35;16;12:40;16;12:40;16;12:45;16;12:45;16;12:50;16;12:50;16;12:55;16;12:55;16;13:00;16;13:00;16;13:05;16;13:05;16;13:10;16;13:10;16;13:25;;;;;;;;;;;;;;;;;;;;;16;13:25;16;13:25;21;20:55;;;;;;;;;;;;;;;;;;;;;;;;;;;;;;;;;;;;;;;;;;;;;;;;;;;;;;;;;;;;;;;;;;;;;;;
S2025;3859;26.6;170.0;6.7;0;0;0;17;08:30;1.92;27.5;3.42;32.83;STOLTHAVEN;3;BERÇO AL 02;18;17:20;18;17:40;18;17:40;18;17:45;18;17:45;18;17:50;18;17:50;18;17:55;18;17:55;18;18:00;18;18:00;18;18:05;18;18:05;18;18:10;18;18:10;18;18:15;18;18:15;18;18:20;18;18:20;18;18:25;18;18:25;18;18:30;18;18:30;18;18:35;18;18:35;18;18:40;18;18:40;18;19:15;;;;;;;;;;;;;18;19:15;18;19:15;22;23:50;;;;;;;;;;;;;;;;;;;;;;;;;;;;;;;;;;;;;;;;;;;;;;;;;;;;;;;;;;;;;;;;;;;;;;;
S2025;3863;32.0;229.0;7.5;0;0;0;17;13:00;40.67;31.58;2.0;74.25;ADM;30;BERÇO ARM 39;20;15:15;20;15:35;20;15:35;20;15:40;20;15:40;20;15:45;20;15:45;20;16:20;;;;;;;;;;;;;;;;;;;;;;;;;;;;;;;;;;;;;;;;;;;;;;;;;;;;;20;16:20;20;16:20;23;15:20;;;;;;;;;;;;;;;;;;;;;;;;;;;;;;;;;;;;;;;;;;;;;;;;;;;;;;;;;;;;;;;;;;;;;;;
S2025;3865;48.0;300.0;12.0;0;0;0;17;13:30;13.42;36.67;0.17;50.25;BTP;33;BERÇO BTP 2;19;15:45;19;16:05;19;16:05;19;16:10;19;16:10;19;16:15;19;16:15;19;16:20;19;16:20;19;16:25;19;16:25;19;16:30;19;16:30;19;16:35;19;16:35;19;16:40;19;16:40;19;16:45;19;16:45;19;16:50;19;16:50;19;16:55;19;16:55;19;17:00;19;17:00;19;17:35;;;;;;;;;;;;;;;;;19;17:35;19;17:35;20;19:50;21;01:10;;;;;;;;;;;;;;;;;21;01:10;21;01:20;21;01:20;21;01:25;21;01:25;21;01:30;21;01:30;21;01:35;21;01:35;21;01:40;21;01:40;21;01:45;21;01:45;21;01:50;21;01:50;21;01:55;21;01:55;21;02:00;21;02:00;21;02:05;21;02:05;21;02:10;21;02:10;21;02:15;21;02:15;21;02:35;
S2025;3870;32.0;224.9;7.5;0;0;0;17;18:00;0.0;0.0;1.08;1.08;TGRAO;72;BERÇO OUT 3;17;19:05;17;19:25;17;19:25;17;19:30;17;19:30;17;19:35;17;19:35;17;19:40;17;19:40;17;19:45;17;19:45;17;19:50;17;19:50;17;20:25;;;;;;;;;;;;;;;;;;;;;;;;;;;;;;;;;;;;;;;;;17;20:25;17;20:25;21;20:30;21;20:30;;;;;;;;;;;;;;;;;;;;;;;;;;;;;;;;;;;;;;;;;21;20:30;21;20:40;21;20:40;21;20:45;21;20:45;21;20:50;21;20:50;21;20:55;21;20:55;21;21:00;21;21:00;21;21:05;21;21:05;21;21:25;
S2025;3872;49.0;299.93;10.5;0;0;0;17;19:00;11.67;34.08;0.17;45.92;BTP;32;BERÇO BTP 1;19;16:55;19;17:15;19;17:15;19;17:20;19;17:20;19;17:25;19;17:25;19;17:30;19;17:30;19;17:35;19;17:35;19;17:40;19;17:40;19;17:45;19;17:45;19;17:50;19;17:50;19;17:55;19;17:55;19;18:00;19;18:00;19;18:05;19;18:05;19;18:10;19;18:10;19;18:45;;;;;;;;;;;;;;;;;19;18:45;19;18:45;20;20:20;21;02:05;;;;;;;;;;;;;;;;;21;02:05;21;02:15;21;02:15;21;02:20;21;02:20;21;02:25;21;02:25;21;02:30;21;02:30;21;02:35;21;02:35;21;02:40;21;02:40;21;02:45;21;02:45;21;02:50;21;02:50;21;02:55;21;02:55;21;03:00;21;03:00;21;03:05;21;03:05;21;03:10;21;03:10;21;03:30;
S2025;3877;32.0;199.97;8.15;0;0;1;18;05:00;1.33;39.33;0.0;40.67;TEV;58;BERÇO TEV;19;21:40;19;22:00;19;22:00;19;22:05;19;22:05;19;22:10;19;22:10;19;22:15;19;22:15;19;22:20;19;22:20;19;22:25;19;22:25;19;23:00;;;;;;;;;;;;;;;;;;;;;;;;;;;;;;;;;;;;;;;;;19;23:00;19;23:00;21;08:55;21;09:35;;;;;;;;;;;;;;;;;;;;;;;;;;;;;;;;;;;;;;;;;21;09:35;21;09:45;21;09:45;21;09:50;21;09:50;21;09:55;21;09:55;21;10:00;21;10:00;21;10:05;21;10:05;21;10:10;21;10:10;21;10:30;
S2025;3880;19.0;87.9;5.1;0;0;0;18;09:50;0.0;0.0;0.42;0.42;SAIPEM;50;BERÇO SAIPEM 3;18;10:15;18;10:35;18;10:35;18;11:10;;;;;;;;;;;;;;;;;;;;;;;;;;;;;;;;;;;;;;;;;;;;;;;;;;;;;;;;;;;;;18;11:10;18;11:10;21;00:15;21;00:30;;;;;;;;;;;;;;;;;;;;;;;;;;;;;;;;;;;;;;;;;;;;;;;;;;;;;;;;;;;;;21;00:30;21;00:40;21;00:40;21;01:00;
S2025;3883;36.0;209.99;9.25;0;0;0;18;11:10;0.0;0.0;0.83;0.83;OUTROS_SABOO;36;BERÇO CS 01;18;12:00;18;12:20;18;12:20;18;12:25;18;12:25;18;12:30;18;12:30;18;12:35;18;12:35;18;12:40;18;12:40;18;12:45;18;12:45;18;12:50;18;12:50;18;12:55;18;12:55;18;13:00;18;13:00;18;13:05;18;13:05;18;13:10;18;13:10;18;13:25;;;;;;;;;;;;;;;;;;;;;18;13:25;18;13:25;22;22:45;;;;;;;;;;;;;;;;;;;;;;;;;;;;;;;;;;;;;;;;;;;;;;;;;;;;;;;;;;;;;;;;;;;;;;;
S2025;3884;32.0;229.0;7.28;0;0;0;18;11:30;1.08;0.0;0.83;1.92;TES;29;BERÇO ARM 38;18;13:25;18;13:45;18;13:45;18;13:50;18;13:50;18;13:55;18;13:55;18;14:30;;;;;;;;;;;;;;;;;;;;;;;;;;;;;;;;;;;;;;;;;;;;;;;;;;;;;18;14:30;18;14:30;24;09:10;;;;;;;;;;;;;;;;;;;;;;;;;;;;;;;;;;;;;;;;;;;;;;;;;;;;;;;;;;;;;;;;;;;;;;;
S2025;3885;38.0;255.17;10.8;0;0;0;18;13:24;5.58;41.08;0.25;46.92;BTP;34;BERÇO BTP 3;20;12:20;20;12:40;20;12:40;20;12:45;20;12:45;20;12:50;20;12:50;20;12:55;20;12:55;20;13:00;20;13:00;20;13:05;20;13:05;20;13:10;20;13:10;20;13:15;20;13:15;20;13:20;20;13:20;20;13:25;20;13:25;20;13:30;20;13:30;20;13:35;20;13:35;20;14:10;;;;;;;;;;;;;;;;;20;14:10;20;14:10;21;06:40;21;06:45;;;;;;;;;;;;;;;;;21;06:45;21;06:55;21;06:55;21;07:00;21;07:00;21;07:05;21;07:05;21;07:10;21;07:10;21;07:15;21;07:15;21;07:20;21;07:20;21;07:25;21;07:25;21;07:30;21;07:30;21;07:35;21;07:35;21;07:40;21;07:40;21;07:45;21;07:45;21;07:50;21;07:50;21;08:10;
S2025;3888;32.0;179.8;11.2;0;0;0;18;18:48;1.58;19.08;0.0;20.67;VOPAK;4;BERÇO AL 03;19;15:30;19;15:50;19;15:50;19;15:55;19;15:55;19;16:00;19;16:00;19;16:05;19;16:05;19;16:10;19;16:10;19;16:15;19;16:15;19;16:20;19;16:20;19;16:25;19;16:25;19;16:30;19;16:30;19;16:35;19;16:35;19;16:40;19;16:40;19;16:45;19;16:45;19;16:50;19;16:50;19;17:05;;;;;;;;;;;;;19;17:05;19;17:05;23;17:45;;;;;;;;;;;;;;;;;;;;;;;;;;;;;;;;;;;;;;;;;;;;;;;;;;;;;;;;;;;;;;;;;;;;;;;
S2025;3892;32.0;213.88;8.9;0;0;0;19;00:00;0.0;0.0;0.0;0.0;ECOPORTO;70;BERÇO VAL;19;00:00;19;00:20;19;00:20;19;00:25;19;00:25;19;00:30;19;00:30;19;00:35;19;00:35;19;00:40;19;00:40;19;00:45;19;00:45;19;00:50;19;00:50;19;00:55;19;00:55;19;01:00;19;01:00;19;01:05;19;01:05;19;01:10;19;01:10;19;01:45;;;;;;;;;;;;;;;;;;;;;19;01:45;19;01:45;19;14:30;21;16:45;;;;;;;;;;;;;;;;;;;;;21;16:45;21;16:55;21;16:55;21;17:00;21;17:00;21;17:05;21;17:05;21;17:10;21;17:10;21;17:15;21;17:15;21;17:20;21;17:20;21;17:25;21;17:25;21;17:30;21;17:30;21;17:35;21;17:35;21;17:40;21;17:40;21;17:45;21;17:45;21;18:05;
S2025;3894;32.0;214.0;8.7;0;0;0;19;03:00;0.0;0.0;0.0;0.0;ECOPORTO;39;BERÇO CS 04;19;03:00;19;03:20;19;03:20;19;03:25;19;03:25;19;03:30;19;03:30;19;03:35;19;03:35;19;03:40;19;03:40;19;03:45;19;03:45;19;03:50;19;03:50;19;03:55;19;03:55;19;04:00;19;04:00;19;04:05;19;04:05;19;04:10;19;04:10;19;04:45;;;;;;;;;;;;;;;;;;;;;19;04:45;19;04:45;21;06:20;21;12:10;;;;;;;;;;;;;;;;;;;;;21;12:10;21;12:20;21;12:20;21;12:25;21;12:25;21;12:30;21;12:30;21;12:35;21;12:35;21;12:40;21;12:40;21;12:45;21;12:45;21;12:50;21;12:50;21;12:55;21;12:55;21;13:00;21;13:00;21;13:05;21;13:05;21;13:10;21;13:10;21;13:30;
S2025;3899;30.0;179.97;6.38;0;0;0;19;05:50;0.0;0.0;1.33;1.33;CUTRALE - GSA - E;40;BERÇO CUTRALE;19;07:10;19;07:30;19;07:30;19;07:35;19;07:35;19;07:40;19;07:40;19;08:15;;;;;;;;;;;;;;;;;;;;;;;;;;;;;;;;;;;;;;;;;;;;;;;;;;;;;19;08:15;19;08:15;21;00:00;21;00:55;;;;;;;;;;;;;;;;;;;;;;;;;;;;;;;;;;;;;;;;;;;;;;;;;;;;;21;00:55;21;01:05;21;01:05;21;01:10;21;01:10;21;01:15;21;01:15;21;01:35;
S2025;3903;32.0;189.99;8.7;0;0;0;19;09:00;0.0;0.0;0.0;0.0;DPW - CGNC;45;BERÇO DPW 4;19;09:00;19;09:20;19;09:20;19;09:25;19;09:25;19;09:30;19;09:30;19;09:35;19;09:35;19;09:40;19;09:40;19;09:45;19;09:45;19;09:50;19;09:50;19;09:55;19;09:55;19;10:00;19;10:00;19;10:35;;;;;;;;;;;;;;;;;;;;;;;;;;;;;19;10:35;19;10:35;20;18:20;21;01:10;;;;;;;;;;;;;;;;;;;;;;;;;;;;;21;01:10;21;01:20;21;01:20;21;01:25;21;01:25;21;01:30;21;01:30;21;01:35;21;01:35;21;01:40;21;01:40;21;01:45;21;01:45;21;01:50;21;01:50;21;01:55;21;01:55;21;02:00;21;02:00;21;02:20;
S2025;3905;32.0;183.1;9.7;0;0;0;19;09:50;0.0;0.0;0.0;0.0;AGEO_TERMINAIS;47;BERÇO IB SP;19;09:50;19;10:10;19;10:10;19;10:15;19;10:15;19;10:20;19;10:20;19;10:25;19;10:25;19;10:30;19;10:30;19;10:35;19;10:35;19;10:40;19;10:40;19;10:45;19;10:45;19;10:50;19;10:50;19;10:55;19;10:55;19;11:00;19;11:00;19;11:15;;;;;;;;;;;;;;;;;;;;;19;11:15;19;11:15;20;19:35;21;13:25;;;;;;;;;;;;;;;;;;;;;21;13:25;21;13:55;21;13:55;21;14:00;21;14:00;21;14:05;21;14:05;21;14:10;21;14:10;21;14:15;21;14:15;21;14:20;21;14:20;21;14:25;21;14:25;21;14:30;21;14:30;21;14:35;21;14:35;21;14:40;21;14:40;21;14:45;21;14:45;21;15:05;
S2025;3907;26.6;170.0;9.2;0;0;0;19;10:30;0.0;4.08;1.42;5.5;AGEO_TERMINAIS;46;BERÇO IB BC;19;16:00;19;16:20;19;16:20;19;16:25;19;16:25;19;16:30;19;16:30;19;16:35;19;16:35;19;16:40;19;16:40;19;16:45;19;16:45;19;16:50;19;16:50;19;16:55;19;16:55;19;17:00;19;17:00;19;17:05;19;17:05;19;17:10;19;17:10;19;17:45;;;;;;;;;;;;;;;;;;;;;19;17:45;19;17:45;22;07:50;;;;;;;;;;;;;;;;;;;;;;;;;;;;;;;;;;;;;;;;;;;;;;;;;;;;;;;;;;;;;;;;;;;;;;;
S2025;3908;31.0;212.54;12.3;0;0;0;19;15:00;0.0;6.92;0.0;6.92;SANTOSBR;52;BERÇO TECON 1.1;19;21:55;19;22:15;19;22:15;19;22:20;19;22:20;19;22:25;19;22:25;19;22:30;19;22:30;19;22:35;19;22:35;19;22:50;;;;;;;;;;;;;;;;;;;;;;;;;;;;;;;;;;;;;;;;;;;;;19;22:50;19;22:50;21;05:40;21;06:45;;;;;;;;;;;;;;;;;;;;;;;;;;;;;;;;;;;;;;;;;;;;;21;06:45;21;07:15;21;07:15;21;07:20;21;07:20;21;07:25;21;07:25;21;07:30;21;07:30;21;07:35;21;07:35;21;07:55;
S2025;3909;32.0;229.0;7.68;0;0;0;19;15:30;1.17;8.25;7.58;17.0;TGG;59;BERÇO TGG;20;08:30;20;08:50;20;08:50;20;08:55;20;08:55;20;09:00;20;09:00;20;09:05;20;09:05;20;09:40;;;;;;;;;;;;;;;;;;;;;;;;;;;;;;;;;;;;;;;;;;;;;;;;;20;09:40;20;09:40;21;19:00;;;;;;;;;;;;;;;;;;;;;;;;;;;;;;;;;;;;;;;;;;;;;;;;;;;;;;;;;;;;;;;;;;;;;;;
S2025;3910;48.0;299.92;12.2;0;0;0;19;18:00;0.0;1.75;0.0;1.75;SANTOSBR;53;BERÇO TECON 1.2;19;19:45;19;20:05;19;20:05;19;20:10;19;20:10;19;20:15;19;20:15;19;20:20;19;20:20;19;20:25;19;20:25;19;20:40;;;;;;;;;;;;;;;;;;;;;;;;;;;;;;;;;;;;;;;;;;;;;19;20:40;19;20:40;20;23:45;21;00:50;;;;;;;;;;;;;;;;;;;;;;;;;;;;;;;;;;;;;;;;;;;;;21;00:50;21;01:20;21;01:20;21;01:25;21;01:25;21;01:30;21;01:30;21;01:35;21;01:35;21;01:40;21;01:40;21;02:00;
S2025;3912;32.0;182.5;7.8;0;0;0;19;18:48;0.0;1.75;0.0;1.75;TRANSPETRO;2;BERÇO AL 01;19;20:35;19;20:55;19;20:55;19;21:00;19;21:00;19;21:05;19;21:05;19;21:10;19;21:10;19;21:15;19;21:15;19;21:20;19;21:20;19;21:25;19;21:25;19;21:30;19;21:30;19;21:35;19;21:35;19;21:40;19;21:40;19;21:45;19;21:45;19;21:50;19;21:50;19;21:55;19;21:55;19;22:30;;;;;;;;;;;;;19;22:30;19;22:30;21;12:25;21;12:35;;;;;;;;;;;;;21;12:35;21;12:45;21;12:45;21;12:50;21;12:50;21;12:55;21;12:55;21;13:00;21;13:00;21;13:05;21;13:05;21;13:10;21;13:10;21;13:15;21;13:15;21;13:20;21;13:20;21;13:25;21;13:25;21;13:30;21;13:30;21;13:35;21;13:35;21;13:40;21;13:40;21;13:45;21;13:45;21;14:05;
S2025;3913;26.0;170.0;6.7;0;0;0;19;19:15;3.67;16.08;0.0;19.75;AGEO_TERMINAIS;1;BERÇO Ageo I;20;15:00;20;15:20;20;15:20;20;15:25;20;15:25;20;15:30;20;15:30;20;15:35;20;15:35;20;15:40;20;15:40;20;15:45;20;15:45;20;15:50;20;15:50;20;15:55;20;15:55;20;16:00;20;16:00;20;16:05;20;16:05;20;16:10;20;16:10;20;16:45;;;;;;;;;;;;;;;;;;;;;20;16:45;20;16:45;22;09:10;;;;;;;;;;;;;;;;;;;;;;;;;;;;;;;;;;;;;;;;;;;;;;;;;;;;;;;;;;;;;;;;;;;;;;;
S2025;3916;29.0;182.5;10.25;0;0;0;20;02:54;1.92;17.83;0.0;19.75;HIDROVIAS;15;BERÇO ARM 22/23;20;22:40;20;23:00;20;23:00;20;23:05;20;23:05;20;23:10;20;23:10;20;23:15;20;23:15;20;23:20;20;23:20;20;23:25;20;23:25;20;23:30;20;23:30;20;23:45;;;;;;;;;;;;;;;;;;;;;;;;;;;;;;;;;;;;;20;23:45;20;23:45;24;16:20;;;;;;;;;;;;;;;;;;;;;;;;;;;;;;;;;;;;;;;;;;;;;;;;;;;;;;;;;;;;;;;;;;;;;;;
S2025;3918;32.0;228.15;9.1;0;0;0;20;04:40;0.0;0.42;0.0;0.42;SANTOSBR;55;BERÇO TECON 3;20;05:05;20;05:25;20;05:25;20;05:30;20;05:30;20;05:35;20;05:35;20;05:40;20;05:40;20;05:45;20;05:45;20;06:00;;;;;;;;;;;;;;;;;;;;;;;;;;;;;;;;;;;;;;;;;;;;;20;06:00;20;06:00;20;23:05;21;02:05;;;;;;;;;;;;;;;;;;;;;;;;;;;;;;;;;;;;;;;;;;;;;21;02:05;21;02:35;21;02:35;21;02:40;21;02:40;21;02:45;21;02:45;21;02:50;21;02:50;21;02:55;21;02:55;21;03:15;
S2025;3920;30.0;179.99;7.2;0;0;0;20;08:00;0.0;0.0;0.25;0.25;CITROSUCO;18;BERÇO ARM 29;20;08:15;20;08:35;20;08:35;20;08:40;20;08:40;20;08:45;20;08:45;20;08:50;20;08:50;20;08:55;20;08:55;20;09:00;20;09:00;20;09:35;;;;;;;;;;;;;;;;;;;;;;;;;;;;;;;;;;;;;;;;;20;09:35;20;09:35;23;11:25;;;;;;;;;;;;;;;;;;;;;;;;;;;;;;;;;;;;;;;;;;;;;;;;;;;;;;;;;;;;;;;;;;;;;;;
S2025;3923;31.0;199.2;10.05;0;0;0;20;09:40;0.0;0.0;0.0;0.0;DPW - CGNC;44;BERÇO DPW 3;20;09:40;20;10:00;20;10:00;20;10:05;20;10:05;20;10:10;20;10:10;20;10:15;20;10:15;20;10:20;20;10:20;20;10:25;20;10:25;20;10:30;20;10:30;20;10:35;20;10:35;20;10:40;20;10:40;20;11:15;;;;;;;;;;;;;;;;;;;;;;;;;;;;;20;11:15;20;11:15;21;11:30;21;12:05;;;;;;;;;;;;;;;;;;;;;;;;;;;;;21;12:05;21;12:15;21;12:15;21;12:20;21;12:20;21;12:25;21;12:25;21;12:30;21;12:30;21;12:35;21;12:35;21;12:40;21;12:40;21;12:45;21;12:45;21;12:50;21;12:50;21;12:55;21;12:55;21;13:15;
S2025;3926;48.0;333.2;12.4;0;0;0;20;18:00;0.0;0.0;1.42;1.42;DPW - CGC;43;BERÇO DPW 2;20;19:25;20;19:45;20;19:45;20;19:50;20;19:50;20;19:55;20;19:55;20;20:00;20;20:00;20;20:05;20;20:05;20;20:10;20;20:10;20;20:15;20;20:15;20;20:20;20;20:20;20;20:25;20;20:25;20;20:30;20;20:30;20;21:05;;;;;;;;;;;;;;;;;;;;;;;;;20;21:05;20;21:05;22;19:15;;;;;;;;;;;;;;;;;;;;;;;;;;;;;;;;;;;;;;;;;;;;;;;;;;;;;;;;;;;;;;;;;;;;;;;
S2025;3929;48.0;330.0;10.2;0;0;0;20;19:42;0.0;0.0;0.0;0.0;SANTOSBR;54;BERÇO TECON 2;20;19:45;20;20:05;20;20:05;20;20:10;20;20:10;20;20:15;20;20:15;20;20:20;20;20:20;20;20:25;20;20:25;20;21:00;;;;;;;;;;;;;;;;;;;;;;;;;;;;;;;;;;;;;;;;;;;;;20;21:00;20;21:00;22;13:40;;;;;;;;;;;;;;;;;;;;;;;;;;;;;;;;;;;;;;;;;;;;;;;;;;;;;;;;;;;;;;;;;;;;;;;
S2025;3930;32.0;183.1;9.2;0;0;0;20;20:00;0.0;0.0;0.0;0.0;DOW;41;BERÇO DOW;20;20:00;20;20:20;20;20:20;20;20:25;20;20:25;20;20:30;20;20:30;20;20:45;;;;;;;;;;;;;;;;;;;;;;;;;;;;;;;;;;;;;;;;;;;;;;;;;;;;;20;20:45;20;20:45;21;09:00;21;12:00;;;;;;;;;;;;;;;;;;;;;;;;;;;;;;;;;;;;;;;;;;;;;;;;;;;;;21;12:00;21;12:30;21;12:30;21;12:35;21;12:35;21;12:40;21;12:40;21;13:00;
S2025;3933;37.0;254.87;10.7;0;0;0;20;21:45;0.0;0.0;0.67;0.67;DPW - CGC;42;BERÇO DPW 1;20;22:25;20;22:45;20;22:45;20;22:50;20;22:50;20;22:55;20;22:55;20;23:00;20;23:00;20;23:05;20;23:05;20;23:10;20;23:10;20;23:15;20;23:15;20;23:20;20;23:20;20;23:25;20;23:25;20;23:30;20;23:30;20;23:45;;;;;;;;;;;;;;;;;;;;;;;;;20;23:45;20;23:45;21;20:50;;;;;;;;;;;;;;;;;;;;;;;;;;;;;;;;;;;;;;;;;;;;;;;;;;;;;;;;;;;;;;;;;;;;;;;
S2025;3711;32.0;225.0;7.45;0;0;0;8;23:50;35.75;233.5;24.17;293.42;TIPLAM - GSA - E;62;BERÇO TIPLAM 3;21;05:15;21;05:35;21;05:35;21;05:40;21;05:40;21;05:45;21;05:45;21;05:50;21;05:50;21;05:55;21;05:55;21;06:00;21;06:00;21;06:05;21;06:05;21;06:10;21;06:10;21;06:15;21;06:15;21;06:20;21;06:20;21;06:25;21;06:25;21;06:30;21;06:30;21;06:35;21;06:35;21;06:40;21;06:40;21;06:45;21;06:45;21;07:05;21;07:05;21;07:50;21;07:50;21;07:50;24;01:50;;;;;;;;;;;;;;;;;;;;;;;;;;;;;;;;;;;;;;;;;;;;;;;;;;;;;;;;;;;;;;;;;;;;;;;
S2025;3789;32.0;199.98;12.26;0;0;0;13;13:42;22.58;138.08;26.08;186.75;TIPLAM - GSM - I;60;BERÇO TIPLAM 1;21;08:30;21;08:50;21;08:50;21;08:55;21;08:55;21;09:00;21;09:00;21;09:05;21;09:05;21;09:10;21;09:10;21;09:15;21;09:15;21;09:20;21;09:20;21;09:25;21;09:25;21;09:30;21;09:30;21;09:35;21;09:35;21;09:40;21;09:40;21;09:45;21;09:45;21;09:50;21;09:50;21;09:55;21;09:55;21;10:00;21;10:00;21;10:20;21;10:20;21;11:05;21;11:05;21;11:05;23;04:45;;;;;;;;;;;;;;;;;;;;;;;;;;;;;;;;;;;;;;;;;;;;;;;;;;;;;;;;;;;;;;;;;;;;;;;
S2025;3886;32.0;199.9;11.15;0;0;0;18;14:06;8.17;41.25;12.83;62.25;TIPLAM - GSM - I;63;BERÇO TIPLAM 4;21;04:25;21;04:45;21;04:45;21;04:50;21;04:50;21;04:55;21;04:55;21;05:00;21;05:00;21;05:05;21;05:05;21;05:10;21;05:10;21;05:15;21;05:15;21;05:20;21;05:20;21;05:25;21;05:25;21;05:30;21;05:30;21;05:35;21;05:35;21;05:40;21;05:40;21;05:45;21;05:45;21;05:50;21;05:50;21;05:55;21;05:55;21;06:15;21;06:15;21;06:30;21;06:30;21;06:30;26;09:15;;;;;;;;;;;;;;;;;;;;;;;;;;;;;;;;;;;;;;;;;;;;;;;;;;;;;;;;;;;;;;;;;;;;;;;
S2025;3790;32.0;229.0;6.46;0;0;0;13;15:15;60.5;135.75;0.0;196.25;TEG;56;BERÇO TEG;21;19:30;21;19:50;21;19:50;21;19:55;21;19:55;21;20:00;21;20:00;21;20:05;21;20:05;21;20:40;;;;;;;;;;;;;;;;;;;;;;;;;;;;;;;;;;;;;;;;;;;;;;;;;21;20:40;21;20:40;28;00:00;;;;;;;;;;;;;;;;;;;;;;;;;;;;;;;;;;;;;;;;;;;;;;;;;;;;;;;;;;;;;;;;;;;;;;;
S2025;3830;32.0;190.0;6.85;0;0;0;15;18:30;8.42;115.83;7.25;131.5;XXXIX;28;BERÇO ARM 37;21;06:00;21;06:20;21;06:20;21;06:25;21;06:25;21;06:30;21;06:30;21;07:05;;;;;;;;;;;;;;;;;;;;;;;;;;;;;;;;;;;;;;;;;;;;;;;;;;;;;21;07:05;21;07:05;25;08:45;;;;;;;;;;;;;;;;;;;;;;;;;;;;;;;;;;;;;;;;;;;;;;;;;;;;;;;;;;;;;;;;;;;;;;;
S2025;3887;25.0;195.92;6.2;0;0;1;18;16:00;5.92;59.75;0.92;66.58;TEV;58;BERÇO TEV;21;10:35;21;10:55;21;10:55;21;11:00;21;11:00;21;11:05;21;11:05;21;11:10;21;11:10;21;11:15;21;11:15;21;11:20;21;11:20;21;11:55;;;;;;;;;;;;;;;;;;;;;;;;;;;;;;;;;;;;;;;;;21;11:55;21;11:55;21;19:35;21;20:50;;;;;;;;;;;;;;;;;;;;;;;;;;;;;;;;;;;;;;;;;21;20:50;21;21:00;21;21:00;21;21:05;21;21:05;21;21:10;21;21:10;21;21:15;21;21:15;21;21:20;21;21:20;21;21:25;21;21:25;21;21:45;
S2025;3924;32.0;199.91;8.3;0;0;1;20;13:15;1.33;29.0;2.25;32.58;TEV;58;BERÇO TEV;21;21:50;21;22:10;21;22:10;21;22:15;21;22:15;21;22:20;21;22:20;21;22:25;21;22:25;21;22:30;21;22:30;21;22:35;21;22:35;21;23:10;;;;;;;;;;;;;;;;;;;;;;;;;;;;;;;;;;;;;;;;;21;23:10;21;23:10;22;16:15;;;;;;;;;;;;;;;;;;;;;;;;;;;;;;;;;;;;;;;;;;;;;;;;;;;;;;;;;;;;;;;;;;;;;;;
S2025;3893;32.0;199.98;6.6;0;0;0;19;01:30;4.25;56.58;0.0;60.83;TEAG;51;BERÇO TEAG;21;14:20;21;14:40;21;14:40;21;14:45;21;14:45;21;14:50;21;14:50;21;14:55;21;14:55;21;15:30;;;;;;;;;;;;;;;;;;;;;;;;;;;;;;;;;;;;;;;;;;;;;;;;;21;15:30;21;15:30;26;22:15;;;;;;;;;;;;;;;;;;;;;;;;;;;;;;;;;;;;;;;;;;;;;;;;;;;;;;;;;;;;;;;;;;;;;;;
S2025;3895;40.09;299.9;9.8;0;0;0;19;03:30;4.92;41.33;3.75;50.0;BTP;34;BERÇO BTP 3;21;05:30;21;05:50;21;05:50;21;05:55;21;05:55;21;06:00;21;06:00;21;06:05;21;06:05;21;06:10;21;06:10;21;06:15;21;06:15;21;06:20;21;06:20;21;06:25;21;06:25;21;06:30;21;06:30;21;06:35;21;06:35;21;06:40;21;06:40;21;06:45;21;06:45;21;07:00;;;;;;;;;;;;;;;;;21;07:00;21;07:00;22;10:55;;;;;;;;;;;;;;;;;;;;;;;;;;;;;;;;;;;;;;;;;;;;;;;;;;;;;;;;;;;;;;;;;;;;;;;
S2025;3896;40.0;304.16;12.6;0;0;0;19;04:00;4.92;38.83;0.25;44.0;BTP;33;BERÇO BTP 2;21;00:00;21;00:20;21;00:20;21;00:25;21;00:25;21;00:30;21;00:30;21;00:35;21;00:35;21;00:40;21;00:40;21;00:45;21;00:45;21;00:50;21;00:50;21;00:55;21;00:55;21;01:00;21;01:00;21;01:05;21;01:05;21;01:10;21;01:10;21;01:15;21;01:15;21;01:30;;;;;;;;;;;;;;;;;21;01:30;21;01:30;21;16:40;21;16:40;;;;;;;;;;;;;;;;;21;16:40;21;17:10;21;17:10;21;17:15;21;17:15;21;17:20;21;17:20;21;17:25;21;17:25;21;17:30;21;17:30;21;17:35;21;17:35;21;17:40;21;17:40;21;17:45;21;17:45;21;17:50;21;17:50;21;17:55;21;17:55;21;18:00;21;18:00;21;18:05;21;18:05;21;18:25;
S2025;3921;28.0;172.0;7.4;0;0;0;20;08:00;3.75;14.17;1.67;19.58;BTP;32;BERÇO BTP 1;21;03:35;21;03:55;21;03:55;21;04:00;21;04:00;21;04:05;21;04:05;21;04:10;21;04:10;21;04:15;21;04:15;21;04:20;21;04:20;21;04:25;21;04:25;21;04:30;21;04:30;21;04:35;21;04:35;21;04:40;21;04:40;21;04:45;21;04:45;21;04:50;21;04:50;21;05:25;;;;;;;;;;;;;;;;;21;05:25;21;05:25;21;17:30;21;17:45;;;;;;;;;;;;;;;;;21;17:45;21;17:55;21;17:55;21;18:00;21;18:00;21;18:05;21;18:05;21;18:10;21;18:10;21;18:15;21;18:15;21;18:20;21;18:20;21;18:25;21;18:25;21;18:30;21;18:30;21;18:35;21;18:35;21;18:40;21;18:40;21;18:45;21;18:45;21;18:50;21;18:50;21;19:10;
S2025;3934;45.0;299.9;10.6;0;0;0;20;23:55;0.08;15.58;3.67;19.33;BTP;32;BERÇO BTP 1;21;19:15;21;19:35;21;19:35;21;19:40;21;19:40;21;19:45;21;19:45;21;19:50;21;19:50;21;19:55;21;19:55;21;20:00;21;20:00;21;20:05;21;20:05;21;20:10;21;20:10;21;20:15;21;20:15;21;20:20;21;20:20;21;20:25;21;20:25;21;20:30;21;20:30;21;20:45;;;;;;;;;;;;;;;;;21;20:45;21;20:45;22;22:55;;;;;;;;;;;;;;;;;;;;;;;;;;;;;;;;;;;;;;;;;;;;;;;;;;;;;;;;;;;;;;;;;;;;;;;
S2025;3935;48.0;299.85;12.5;0;0;0;21;03:06;4.17;6.58;1.5;12.25;BTP;33;BERÇO BTP 2;21;15:25;21;15:45;21;15:45;21;15:50;21;15:50;21;15:55;21;15:55;21;16:00;21;16:00;21;16:05;21;16:05;21;16:10;21;16:10;21;16:15;21;16:15;21;16:20;21;16:20;21;16:25;21;16:25;21;16:30;21;16:30;21;16:35;21;16:35;21;16:40;21;16:40;21;17:15;;;;;;;;;;;;;;;;;21;17:15;21;17:15;23;02:40;;;;;;;;;;;;;;;;;;;;;;;;;;;;;;;;;;;;;;;;;;;;;;;;;;;;;;;;;;;;;;;;;;;;;;;
S2025;3917;44.0;248.97;8.0;0;0;0;20;03:30;3.83;31.83;0.0;35.67;TRANSPETRO;2;BERÇO AL 01;21;15:10;21;15:30;21;15:30;21;15:35;21;15:35;21;15:40;21;15:40;21;15:45;21;15:45;21;15:50;21;15:50;21;15:55;21;15:55;21;16:00;21;16:00;21;16:05;21;16:05;21;16:10;21;16:10;21;16:15;21;16:15;21;16:20;21;16:20;21;16:25;21;16:25;21;16:30;21;16:30;21;17:05;;;;;;;;;;;;;21;17:05;21;17:05;24;14:00;;;;;;;;;;;;;;;;;;;;;;;;;;;;;;;;;;;;;;;;;;;;;;;;;;;;;;;;;;;;;;;;;;;;;;;
S2025;3931;25.0;182.47;8.7;0;0;0;20;20:40;1.25;2.33;0.0;3.58;SANTOSBR;53;BERÇO TECON 1.2;21;00:15;21;00:35;21;00:35;21;00:40;21;00:40;21;00:45;21;00:45;21;00:50;21;00:50;21;00:55;21;00:55;21;01:30;;;;;;;;;;;;;;;;;;;;;;;;;;;;;;;;;;;;;;;;;;;;;21;01:30;21;01:30;22;06:00;;;;;;;;;;;;;;;;;;;;;;;;;;;;;;;;;;;;;;;;;;;;;;;;;;;;;;;;;;;;;;;;;;;;;;;
S2025;3936;43.0;270.9;9.9;0;0;0;21;04:30;0.0;0.0;1.25;1.25;SANTOSBR;55;BERÇO TECON 3;21;05:45;21;06:05;21;06:05;21;06:10;21;06:10;21;06:15;21;06:15;21;06:20;21;06:20;21;06:25;21;06:25;21;06:40;;;;;;;;;;;;;;;;;;;;;;;;;;;;;;;;;;;;;;;;;;;;;21;06:40;21;06:40;21;21:00;21;22:40;;;;;;;;;;;;;;;;;;;;;;;;;;;;;;;;;;;;;;;;;;;;;21;22:40;21;23:10;21;23:10;21;23:15;21;23:15;21;23:20;21;23:20;21;23:25;21;23:25;21;23:30;21;23:30;21;23:50;
S2025;3940;44.0;332.58;12.6;0;0;0;21;09:15;1.33;11.5;0.0;12.83;SANTOSBR;55;BERÇO TECON 3;21;22:05;21;22:25;21;22:25;21;22:30;21;22:30;21;22:35;21;22:35;21;22:40;21;22:40;21;22:45;21;22:45;21;23:00;;;;;;;;;;;;;;;;;;;;;;;;;;;;;;;;;;;;;;;;;;;;;21;23:00;21;23:00;22;15:00;;;;;;;;;;;;;;;;;;;;;;;;;;;;;;;;;;;;;;;;;;;;;;;;;;;;;;;;;;;;;;;;;;;;;;;
S2025;3941;31.0;225.16;11.35;0;0;0;21;10:00;0.0;0.0;0.83;0.83;SANTOSBR;52;BERÇO TECON 1.1;21;10:50;21;11:10;21;11:10;21;11:15;21;11:15;21;11:20;21;11:20;21;11:25;21;11:25;21;11:30;21;11:30;21;11:45;;;;;;;;;;;;;;;;;;;;;;;;;;;;;;;;;;;;;;;;;;;;;21;11:45;21;11:45;22;01:30;;;;;;;;;;;;;;;;;;;;;;;;;;;;;;;;;;;;;;;;;;;;;;;;;;;;;;;;;;;;;;;;;;;;;;;
S2025;3938;17.0;75.2;5.9;0;0;0;21;07:30;0.0;0.0;1.5;1.5;SAIPEM;48;BERÇO SAIPEM 1;21;09:00;21;09:20;21;09:20;21;09:55;;;;;;;;;;;;;;;;;;;;;;;;;;;;;;;;;;;;;;;;;;;;;;;;;;;;;;;;;;;;;21;09:55;21;09:55;23;17:50;;;;;;;;;;;;;;;;;;;;;;;;;;;;;;;;;;;;;;;;;;;;;;;;;;;;;;;;;;;;;;;;;;;;;;;
S2025;3946;33.0;177.9;8.2;0;0;0;21;20:00;0.0;0.0;0.0;0.0;SAIPEM;49;BERÇO SAIPEM 2;21;20:00;21;20:20;21;20:20;21;20:55;;;;;;;;;;;;;;;;;;;;;;;;;;;;;;;;;;;;;;;;;;;;;;;;;;;;;;;;;;;;;21;20:55;21;20:55;23;10:40;;;;;;;;;;;;;;;;;;;;;;;;;;;;;;;;;;;;;;;;;;;;;;;;;;;;;;;;;;;;;;;;;;;;;;;
S2025;3939;32.0;225.0;6.95;0;0;0;21;07:40;0.0;0.0;1.08;1.08;CUTRALE - GSA - E;40;BERÇO CUTRALE;21;08:45;21;09:05;21;09:05;21;09:10;21;09:10;21;09:15;21;09:15;21;09:50;;;;;;;;;;;;;;;;;;;;;;;;;;;;;;;;;;;;;;;;;;;;;;;;;;;;;21;09:50;21;09:50;24;01:40;;;;;;;;;;;;;;;;;;;;;;;;;;;;;;;;;;;;;;;;;;;;;;;;;;;;;;;;;;;;;;;;;;;;;;;
S2025;3563;32.0;224.98;7.5;0;0;0;1;00:01;105.25;210.83;122.75;438.83;ELEVACOES;13;BERÇO ARM 19;19;06:55;19;07:15;19;07:15;19;07:20;19;07:20;19;07:25;19;07:25;19;07:30;19;07:30;19;07:35;19;07:35;19;07:40;19;07:40;19;07:45;19;07:45;19;08:20;;;;;;;;;;;;;;;;;;;;;;;;;;;;;;;;;;;;;19;08:20;19;08:20;24;10:05;;;;;;;;;;;;;;;;;;;;;;;;;;;;;;;;;;;;;;;;;;;;;;;;;;;;;;;;;;;;;;;;;;;;;;;
S2025;3629;32.0;225.0;8.1;0;0;0;4;16:10;95.0;224.58;53.08;372.67;ELEVACOES;12;BERÇO ARM 16/17;20;04:50;20;05:10;20;05:10;20;05:15;20;05:15;20;05:20;20;05:20;20;05:25;20;05:25;20;05:30;20;05:30;20;05:35;20;05:35;20;05:40;20;05:40;20;05:45;20;05:45;20;06:20;;;;;;;;;;;;;;;;;;;;;;;;;;;;;;;;;20;06:20;20;06:20;21;22:00;22;00:00;;;;;;;;;;;;;;;;;;;;;;;;;;;;;;;;;22;00:00;22;00:10;22;00:10;22;00:15;22;00:15;22;00:20;22;00:20;22;00:25;22;00:25;22;00:30;22;00:30;22;00:35;22;00:35;22;00:40;22;00:40;22;00:45;22;00:45;22;01:05;
S2025;3681;30.0;179.96;10.14;0;0;0;7;08:36;14.17;184.25;0.0;198.42;NITA;10;BERÇO ARM 13/14;15;15:05;15;15:25;15;15:25;15;15:30;15;15:30;15;15:35;15;15:35;15;15:40;15;15:40;15;15:45;15;15:45;15;15:50;15;15:50;15;15:55;15;15:55;15;16:00;15;16:00;15;16:15;;;;;;;;;;;;;;;;;;;;;;;;;;;;;;;;;15;16:15;15;16:15;25;00:45;;;;;;;;;;;;;;;;;;;;;;;;;;;;;;;;;;;;;;;;;;;;;;;;;;;;;;;;;;;;;;;;;;;;;;;
S2025;3701;32.0;229.0;7.3;0;0;0;8;13:15;34.5;228.5;19.75;282.75;TIPLAM - GSA - E;61;BERÇO TIPLAM 2;20;08:00;20;08:20;20;08:20;20;08:25;20;08:25;20;08:30;20;08:30;20;08:35;20;08:35;20;08:40;20;08:40;20;08:45;20;08:45;20;08:50;20;08:50;20;08:55;20;08:55;20;09:00;20;09:00;20;09:05;20;09:05;20;09:10;20;09:10;20;09:15;20;09:15;20;09:20;20;09:20;20;09:25;20;09:25;20;09:30;20;09:30;20;09:50;20;09:50;20;10:35;20;10:35;20;10:35;21;22:45;22;00:20;22;00:20;22;00:30;22;00:30;22;00:50;22;00:50;22;00:55;22;00:55;22;01:00;22;01:00;22;01:05;22;01:05;22;01:10;22;01:10;22;01:15;22;01:15;22;01:20;22;01:20;22;01:25;22;01:25;22;01:30;22;01:30;22;01:35;22;01:35;22;01:40;22;01:40;22;01:45;22;01:45;22;01:50;22;01:50;22;01:55;22;01:55;22;02:00;22;02:00;22;02:20;
S2025;3711;32.0;225.0;7.45;0;0;0;8;23:50;35.75;233.5;24.17;293.42;TIPLAM - GSA - E;62;BERÇO TIPLAM 3;21;05:15;21;05:35;21;05:35;21;05:40;21;05:40;21;05:45;21;05:45;21;05:50;21;05:50;21;05:55;21;05:55;21;06:00;21;06:00;21;06:05;21;06:05;21;06:10;21;06:10;21;06:15;21;06:15;21;06:20;21;06:20;21;06:25;21;06:25;21;06:30;21;06:30;21;06:35;21;06:35;21;06:40;21;06:40;21;06:45;21;06:45;21;07:05;21;07:05;21;07:50;21;07:50;21;07:50;24;01:50;;;;;;;;;;;;;;;;;;;;;;;;;;;;;;;;;;;;;;;;;;;;;;;;;;;;;;;;;;;;;;;;;;;;;;;
S2025;3713;32.0;179.95;10.9;0;0;0;9;04:15;10.42;237.33;4.5;252.25;TERMAG;57;BERÇO TERMAG;19;16:30;19;16:50;19;16:50;19;16:55;19;16:55;19;17:00;19;17:00;19;17:05;19;17:05;19;17:20;;;;;;;;;;;;;;;;;;;;;;;;;;;;;;;;;;;;;;;;;;;;;;;;;19;17:20;19;17:20;22;05:25;22;05:35;;;;;;;;;;;;;;;;;;;;;;;;;;;;;;;;;;;;;;;;;;;;;;;;;22;05:35;22;06:05;22;06:05;22;06:10;22;06:10;22;06:15;22;06:15;22;06:20;22;06:20;22;06:40;
S2025;3789;32.0;199.98;12.26;0;0;0;13;13:42;22.58;138.08;26.08;186.75;TIPLAM - GSM - I;60;BERÇO TIPLAM 1;21;08:30;21;08:50;21;08:50;21;08:55;21;08:55;21;09:00;21;09:00;21;09:05;21;09:05;21;09:10;21;09:10;21;09:15;21;09:15;21;09:20;21;09:20;21;09:25;21;09:25;21;09:30;21;09:30;21;09:35;21;09:35;21;09:40;21;09:40;21;09:45;21;09:45;21;09:50;21;09:50;21;09:55;21;09:55;21;10:00;21;10:00;21;10:20;21;10:20;21;11:05;21;11:05;21;11:05;23;04:45;;;;;;;;;;;;;;;;;;;;;;;;;;;;;;;;;;;;;;;;;;;;;;;;;;;;;;;;;;;;;;;;;;;;;;;
S2025;3790;32.0;229.0;6.46;0;0;0;13;15:15;60.5;135.75;0.0;196.25;TEG;56;BERÇO TEG;21;19:30;21;19:50;21;19:50;21;19:55;21;19:55;21;20:00;21;20:00;21;20:05;21;20:05;21;20:40;;;;;;;;;;;;;;;;;;;;;;;;;;;;;;;;;;;;;;;;;;;;;;;;;21;20:40;21;20:40;28;00:00;;;;;;;;;;;;;;;;;;;;;;;;;;;;;;;;;;;;;;;;;;;;;;;;;;;;;;;;;;;;;;;;;;;;;;;
S2025;3798;27.0;169.37;9.88;0;0;0;14;08:32;1.83;58.0;0.0;59.83;BUNGE;20;BERÇO ARM 30;16;20:25;16;20:45;16;20:45;16;20:50;16;20:50;16;20:55;16;20:55;16;21:00;16;21:00;16;21:05;16;21:05;16;21:20;;;;;;;;;;;;;;;;;;;;;;;;;;;;;;;;;;;;;;;;;;;;;16;21:20;16;21:20;22;10:40;22;12:55;;;;;;;;;;;;;;;;;;;;;;;;;;;;;;;;;;;;;;;;;;;;;22;12:55;22;13:25;22;13:25;22;13:30;22;13:30;22;13:35;22;13:35;22;13:40;22;13:40;22;13:45;22;13:45;22;14:05;
S2025;3819;35.0;228.42;9.1;0;0;0;15;06:30;16.08;90.58;0.0;106.67;COFCO;9;BERÇO ARM 12A;19;17:10;19;17:30;19;17:30;19;17:35;19;17:35;19;17:40;19;17:40;19;17:45;19;17:45;19;17:50;19;17:50;19;17:55;19;17:55;19;18:00;19;18:00;19;18:05;19;18:05;19;18:40;;;;;;;;;;;;;;;;;;;;;;;;;;;;;;;;;19;18:40;19;18:40;24;13:15;;;;;;;;;;;;;;;;;;;;;;;;;;;;;;;;;;;;;;;;;;;;;;;;;;;;;;;;;;;;;;;;;;;;;;;
S2025;3830;32.0;190.0;6.85;0;0;0;15;18:30;8.42;115.83;7.25;131.5;XXXIX;28;BERÇO ARM 37;21;06:00;21;06:20;21;06:20;21;06:25;21;06:25;21;06:30;21;06:30;21;07:05;;;;;;;;;;;;;;;;;;;;;;;;;;;;;;;;;;;;;;;;;;;;;;;;;;;;;21;07:05;21;07:05;25;08:45;;;;;;;;;;;;;;;;;;;;;;;;;;;;;;;;;;;;;;;;;;;;;;;;;;;;;;;;;;;;;;;;;;;;;;;
S2025;3841;32.0;228.94;7.19;0;0;0;16;06:00;21.25;58.42;2.58;82.25;COPESUCAR;14;BERÇO ARM 20/21;19;16:15;19;16:35;19;16:35;19;16:40;19;16:40;19;16:45;19;16:45;19;16:50;19;16:50;19;16:55;19;16:55;19;17:00;19;17:00;19;17:05;19;17:05;19;17:40;;;;;;;;;;;;;;;;;;;;;;;;;;;;;;;;;;;;;19;17:40;19;17:40;23;19:00;;;;;;;;;;;;;;;;;;;;;;;;;;;;;;;;;;;;;;;;;;;;;;;;;;;;;;;;;;;;;;;;;;;;;;;
S2025;3842;26.0;170.0;10.8;0;0;0;16;07:12;1.58;22.83;1.83;26.25;GRANEL;5;BERÇO AL 04;17;09:30;17;09:50;17;09:50;17;09:55;17;09:55;17;10:00;17;10:00;17;10:05;17;10:05;17;10:10;17;10:10;17;10:15;17;10:15;17;10:20;17;10:20;17;10:25;17;10:25;17;10:30;17;10:30;17;10:35;17;10:35;17;10:40;17;10:40;17;10:45;17;10:45;17;10:50;17;10:50;17;11:05;;;;;;;;;;;;;17;11:05;17;11:05;21;19:30;22;00:15;;;;;;;;;;;;;22;00:15;22;00:45;22;00:45;22;00:50;22;00:50;22;00:55;22;00:55;22;01:00;22;01:00;22;01:05;22;01:05;22;01:10;22;01:10;22;01:15;22;01:15;22;01:20;22;01:20;22;01:25;22;01:25;22;01:30;22;01:30;22;01:35;22;01:35;22;01:40;22;01:40;22;01:45;22;01:45;22;02:05;
S2025;3845;33.0;201.8;7.3;0;0;0;16;10:36;2.33;51.5;0.0;53.83;BRACELL;73;BERÇO ARM 35P1;18;16:30;18;16:50;18;16:50;18;16:55;18;16:55;18;17:00;18;17:00;18;17:05;18;17:05;18;17:40;;;;;;;;;;;;;;;;;;;;;;;;;;;;;;;;;;;;;;;;;;;;;;;;;18;17:40;18;17:40;22;21:15;22;22:30;;;;;;;;;;;;;;;;;;;;;;;;;;;;;;;;;;;;;;;;;;;;;;;;;22;22:30;22;22:40;22;22:40;22;22:45;22;22:45;22;22:50;22;22:50;22;22:55;22;22:55;22;23:15;
S2025;3848;32.0;179.99;12.0;0;0;0;16;12:00;0.0;0.0;0.0;0.0;AGEO_TERMINAIS;77;BERÇO IB OE;16;12:00;16;12:20;16;12:20;16;12:25;16;12:25;16;12:30;16;12:30;16;12:35;16;12:35;16;12:40;16;12:40;16;12:45;16;12:45;16;12:50;16;12:50;16;12:55;16;12:55;16;13:00;16;13:00;16;13:05;16;13:05;16;13:10;16;13:10;16;13:25;;;;;;;;;;;;;;;;;;;;;16;13:25;16;13:25;21;20:55;22;00:10;;;;;;;;;;;;;;;;;;;;;22;00:10;22;00:40;22;00:40;22;00:45;22;00:45;22;00:50;22;00:50;22;00:55;22;00:55;22;01:00;22;01:00;22;01:05;22;01:05;22;01:10;22;01:10;22;01:15;22;01:15;22;01:20;22;01:20;22;01:25;22;01:25;22;01:30;22;01:30;22;01:50;
S2025;3859;26.6;170.0;6.7;0;0;0;17;08:30;1.92;27.5;3.42;32.83;STOLTHAVEN;3;BERÇO AL 02;18;17:20;18;17:40;18;17:40;18;17:45;18;17:45;18;17:50;18;17:50;18;17:55;18;17:55;18;18:00;18;18:00;18;18:05;18;18:05;18;18:10;18;18:10;18;18:15;18;18:15;18;18:20;18;18:20;18;18:25;18;18:25;18;18:30;18;18:30;18;18:35;18;18:35;18;18:40;18;18:40;18;19:15;;;;;;;;;;;;;18;19:15;18;19:15;22;23:50;;;;;;;;;;;;;;;;;;;;;;;;;;;;;;;;;;;;;;;;;;;;;;;;;;;;;;;;;;;;;;;;;;;;;;;
S2025;3863;32.0;229.0;7.5;0;0;0;17;13:00;40.67;31.58;2.0;74.25;ADM;30;BERÇO ARM 39;20;15:15;20;15:35;20;15:35;20;15:40;20;15:40;20;15:45;20;15:45;20;16:20;;;;;;;;;;;;;;;;;;;;;;;;;;;;;;;;;;;;;;;;;;;;;;;;;;;;;20;16:20;20;16:20;23;15:20;;;;;;;;;;;;;;;;;;;;;;;;;;;;;;;;;;;;;;;;;;;;;;;;;;;;;;;;;;;;;;;;;;;;;;;
S2025;3883;36.0;209.99;9.25;0;0;0;18;11:10;0.0;0.0;0.83;0.83;OUTROS_SABOO;36;BERÇO CS 01;18;12:00;18;12:20;18;12:20;18;12:25;18;12:25;18;12:30;18;12:30;18;12:35;18;12:35;18;12:40;18;12:40;18;12:45;18;12:45;18;12:50;18;12:50;18;12:55;18;12:55;18;13:00;18;13:00;18;13:05;18;13:05;18;13:10;18;13:10;18;13:25;;;;;;;;;;;;;;;;;;;;;18;13:25;18;13:25;22;22:45;;;;;;;;;;;;;;;;;;;;;;;;;;;;;;;;;;;;;;;;;;;;;;;;;;;;;;;;;;;;;;;;;;;;;;;
S2025;3884;32.0;229.0;7.28;0;0;0;18;11:30;1.08;0.0;0.83;1.92;TES;29;BERÇO ARM 38;18;13:25;18;13:45;18;13:45;18;13:50;18;13:50;18;13:55;18;13:55;18;14:30;;;;;;;;;;;;;;;;;;;;;;;;;;;;;;;;;;;;;;;;;;;;;;;;;;;;;18;14:30;18;14:30;24;09:10;;;;;;;;;;;;;;;;;;;;;;;;;;;;;;;;;;;;;;;;;;;;;;;;;;;;;;;;;;;;;;;;;;;;;;;
S2025;3886;32.0;199.9;11.15;0;0;0;18;14:06;8.17;41.25;12.83;62.25;TIPLAM - GSM - I;63;BERÇO TIPLAM 4;21;04:25;21;04:45;21;04:45;21;04:50;21;04:50;21;04:55;21;04:55;21;05:00;21;05:00;21;05:05;21;05:05;21;05:10;21;05:10;21;05:15;21;05:15;21;05:20;21;05:20;21;05:25;21;05:25;21;05:30;21;05:30;21;05:35;21;05:35;21;05:40;21;05:40;21;05:45;21;05:45;21;05:50;21;05:50;21;05:55;21;05:55;21;06:15;21;06:15;21;06:30;21;06:30;21;06:30;26;09:15;;;;;;;;;;;;;;;;;;;;;;;;;;;;;;;;;;;;;;;;;;;;;;;;;;;;;;;;;;;;;;;;;;;;;;;
S2025;3888;32.0;179.8;11.2;0;0;0;18;18:48;1.58;19.08;0.0;20.67;VOPAK;4;BERÇO AL 03;19;15:30;19;15:50;19;15:50;19;15:55;19;15:55;19;16:00;19;16:00;19;16:05;19;16:05;19;16:10;19;16:10;19;16:15;19;16:15;19;16:20;19;16:20;19;16:25;19;16:25;19;16:30;19;16:30;19;16:35;19;16:35;19;16:40;19;16:40;19;16:45;19;16:45;19;16:50;19;16:50;19;17:05;;;;;;;;;;;;;19;17:05;19;17:05;23;17:45;;;;;;;;;;;;;;;;;;;;;;;;;;;;;;;;;;;;;;;;;;;;;;;;;;;;;;;;;;;;;;;;;;;;;;;
S2025;3893;32.0;199.98;6.6;0;0;0;19;01:30;4.25;56.58;0.0;60.83;TEAG;51;BERÇO TEAG;21;14:20;21;14:40;21;14:40;21;14:45;21;14:45;21;14:50;21;14:50;21;14:55;21;14:55;21;15:30;;;;;;;;;;;;;;;;;;;;;;;;;;;;;;;;;;;;;;;;;;;;;;;;;21;15:30;21;15:30;26;22:15;;;;;;;;;;;;;;;;;;;;;;;;;;;;;;;;;;;;;;;;;;;;;;;;;;;;;;;;;;;;;;;;;;;;;;;
S2025;3895;40.09;299.9;9.8;0;0;0;19;03:30;4.92;41.33;3.75;50.0;BTP;34;BERÇO BTP 3;21;05:30;21;05:50;21;05:50;21;05:55;21;05:55;21;06:00;21;06:00;21;06:05;21;06:05;21;06:10;21;06:10;21;06:15;21;06:15;21;06:20;21;06:20;21;06:25;21;06:25;21;06:30;21;06:30;21;06:35;21;06:35;21;06:40;21;06:40;21;06:45;21;06:45;21;07:00;;;;;;;;;;;;;;;;;21;07:00;21;07:00;22;10:55;22;13:00;;;;;;;;;;;;;;;;;22;13:00;22;13:30;22;13:30;22;13:35;22;13:35;22;13:40;22;13:40;22;13:45;22;13:45;22;13:50;22;13:50;22;13:55;22;13:55;22;14:00;22;14:00;22;14:05;22;14:05;22;14:10;22;14:10;22;14:15;22;14:15;22;14:20;22;14:20;22;14:25;22;14:25;22;14:45;
S2025;3907;26.6;170.0;9.2;0;0;0;19;10:30;0.0;4.08;1.42;5.5;AGEO_TERMINAIS;46;BERÇO IB BC;19;16:00;19;16:20;19;16:20;19;16:25;19;16:25;19;16:30;19;16:30;19;16:35;19;16:35;19;16:40;19;16:40;19;16:45;19;16:45;19;16:50;19;16:50;19;16:55;19;16:55;19;17:00;19;17:00;19;17:05;19;17:05;19;17:10;19;17:10;19;17:45;;;;;;;;;;;;;;;;;;;;;19;17:45;19;17:45;22;07:50;22;07:50;;;;;;;;;;;;;;;;;;;;;22;07:50;22;08:00;22;08:00;22;08:05;22;08:05;22;08:10;22;08:10;22;08:15;22;08:15;22;08:20;22;08:20;22;08:25;22;08:25;22;08:30;22;08:30;22;08:35;22;08:35;22;08:40;22;08:40;22;08:45;22;08:45;22;08:50;22;08:50;22;09:10;
S2025;3909;32.0;229.0;7.68;0;0;0;19;15:30;1.17;8.25;7.58;17.0;TGG;59;BERÇO TGG;20;08:30;20;08:50;20;08:50;20;08:55;20;08:55;20;09:00;20;09:00;20;09:05;20;09:05;20;09:40;;;;;;;;;;;;;;;;;;;;;;;;;;;;;;;;;;;;;;;;;;;;;;;;;20;09:40;20;09:40;21;19:00;22;00:00;;;;;;;;;;;;;;;;;;;;;;;;;;;;;;;;;;;;;;;;;;;;;;;;;22;00:00;22;00:10;22;00:10;22;00:15;22;00:15;22;00:20;22;00:20;22;00:25;22;00:25;22;00:45;
S2025;3913;26.0;170.0;6.7;0;0;0;19;19:15;3.67;16.08;0.0;19.75;AGEO_TERMINAIS;1;BERÇO Ageo I;20;15:00;20;15:20;20;15:20;20;15:25;20;15:25;20;15:30;20;15:30;20;15:35;20;15:35;20;15:40;20;15:40;20;15:45;20;15:45;20;15:50;20;15:50;20;15:55;20;15:55;20;16:00;20;16:00;20;16:05;20;16:05;20;16:10;20;16:10;20;16:45;;;;;;;;;;;;;;;;;;;;;20;16:45;20;16:45;22;09:10;22;10:25;;;;;;;;;;;;;;;;;;;;;22;10:25;22;10:35;22;10:35;22;10:40;22;10:40;22;10:45;22;10:45;22;10:50;22;10:50;22;10:55;22;10:55;22;11:00;22;11:00;22;11:05;22;11:05;22;11:10;22;11:10;22;11:15;22;11:15;22;11:20;22;11:20;22;11:25;22;11:25;22;11:45;
S2025;3916;29.0;182.5;10.25;0;0;0;20;02:54;1.92;17.83;0.0;19.75;HIDROVIAS;15;BERÇO ARM 22/23;20;22:40;20;23:00;20;23:00;20;23:05;20;23:05;20;23:10;20;23:10;20;23:15;20;23:15;20;23:20;20;23:20;20;23:25;20;23:25;20;23:30;20;23:30;20;23:45;;;;;;;;;;;;;;;;;;;;;;;;;;;;;;;;;;;;;20;23:45;20;23:45;24;16:20;;;;;;;;;;;;;;;;;;;;;;;;;;;;;;;;;;;;;;;;;;;;;;;;;;;;;;;;;;;;;;;;;;;;;;;
S2025;3917;44.0;248.97;8.0;0;0;0;20;03:30;3.83;31.83;0.0;35.67;TRANSPETRO;2;BERÇO AL 01;21;15:10;21;15:30;21;15:30;21;15:35;21;15:35;21;15:40;21;15:40;21;15:45;21;15:45;21;15:50;21;15:50;21;15:55;21;15:55;21;16:00;21;16:00;21;16:05;21;16:05;21;16:10;21;16:10;21;16:15;21;16:15;21;16:20;21;16:20;21;16:25;21;16:25;21;16:30;21;16:30;21;17:05;;;;;;;;;;;;;21;17:05;21;17:05;24;14:00;;;;;;;;;;;;;;;;;;;;;;;;;;;;;;;;;;;;;;;;;;;;;;;;;;;;;;;;;;;;;;;;;;;;;;;
S2025;3920;30.0;179.99;7.2;0;0;0;20;08:00;0.0;0.0;0.25;0.25;CITROSUCO;18;BERÇO ARM 29;20;08:15;20;08:35;20;08:35;20;08:40;20;08:40;20;08:45;20;08:45;20;08:50;20;08:50;20;08:55;20;08:55;20;09:00;20;09:00;20;09:35;;;;;;;;;;;;;;;;;;;;;;;;;;;;;;;;;;;;;;;;;20;09:35;20;09:35;23;11:25;;;;;;;;;;;;;;;;;;;;;;;;;;;;;;;;;;;;;;;;;;;;;;;;;;;;;;;;;;;;;;;;;;;;;;;
S2025;3924;32.0;199.91;8.3;0;0;1;20;13:15;1.33;29.0;2.25;32.58;TEV;58;BERÇO TEV;21;21:50;21;22:10;21;22:10;21;22:15;21;22:15;21;22:20;21;22:20;21;22:25;21;22:25;21;22:30;21;22:30;21;22:35;21;22:35;21;23:10;;;;;;;;;;;;;;;;;;;;;;;;;;;;;;;;;;;;;;;;;21;23:10;21;23:10;22;16:15;22;18:10;;;;;;;;;;;;;;;;;;;;;;;;;;;;;;;;;;;;;;;;;22;18:10;22;18:20;22;18:20;22;18:25;22;18:25;22;18:30;22;18:30;22;18:35;22;18:35;22;18:40;22;18:40;22;18:45;22;18:45;22;19:05;
S2025;3926;48.0;333.2;12.4;0;0;0;20;18:00;0.0;0.0;1.42;1.42;DPW - CGC;43;BERÇO DPW 2;20;19:25;20;19:45;20;19:45;20;19:50;20;19:50;20;19:55;20;19:55;20;20:00;20;20:00;20;20:05;20;20:05;20;20:10;20;20:10;20;20:15;20;20:15;20;20:20;20;20:20;20;20:25;20;20:25;20;20:30;20;20:30;20;21:05;;;;;;;;;;;;;;;;;;;;;;;;;20;21:05;20;21:05;22;19:15;;;;;;;;;;;;;;;;;;;;;;;;;;;;;;;;;;;;;;;;;;;;;;;;;;;;;;;;;;;;;;;;;;;;;;;
S2025;3929;48.0;330.0;10.2;0;0;0;20;19:42;0.0;0.0;0.0;0.0;SANTOSBR;54;BERÇO TECON 2;20;19:45;20;20:05;20;20:05;20;20:10;20;20:10;20;20:15;20;20:15;20;20:20;20;20:20;20;20:25;20;20:25;20;21:00;;;;;;;;;;;;;;;;;;;;;;;;;;;;;;;;;;;;;;;;;;;;;20;21:00;20;21:00;22;13:40;22;13:40;;;;;;;;;;;;;;;;;;;;;;;;;;;;;;;;;;;;;;;;;;;;;22;13:40;22;13:50;22;13:50;22;13:55;22;13:55;22;14:00;22;14:00;22;14:05;22;14:05;22;14:10;22;14:10;22;14:30;
S2025;3931;25.0;182.47;8.7;0;0;0;20;20:40;1.25;2.33;0.0;3.58;SANTOSBR;53;BERÇO TECON 1.2;21;00:15;21;00:35;21;00:35;21;00:40;21;00:40;21;00:45;21;00:45;21;00:50;21;00:50;21;00:55;21;00:55;21;01:30;;;;;;;;;;;;;;;;;;;;;;;;;;;;;;;;;;;;;;;;;;;;;21;01:30;21;01:30;22;06:00;22;06:05;;;;;;;;;;;;;;;;;;;;;;;;;;;;;;;;;;;;;;;;;;;;;22;06:05;22;06:15;22;06:15;22;06:20;22;06:20;22;06:25;22;06:25;22;06:30;22;06:30;22;06:35;22;06:35;22;06:55;
S2025;3933;37.0;254.87;10.7;0;0;0;20;21:45;0.0;0.0;0.67;0.67;DPW - CGC;42;BERÇO DPW 1;20;22:25;20;22:45;20;22:45;20;22:50;20;22:50;20;22:55;20;22:55;20;23:00;20;23:00;20;23:05;20;23:05;20;23:10;20;23:10;20;23:15;20;23:15;20;23:20;20;23:20;20;23:25;20;23:25;20;23:30;20;23:30;20;23:45;;;;;;;;;;;;;;;;;;;;;;;;;20;23:45;20;23:45;21;20:50;22;00:00;;;;;;;;;;;;;;;;;;;;;;;;;22;00:00;22;00:30;22;00:30;22;00:35;22;00:35;22;00:40;22;00:40;22;00:45;22;00:45;22;00:50;22;00:50;22;00:55;22;00:55;22;01:00;22;01:00;22;01:05;22;01:05;22;01:10;22;01:10;22;01:15;22;01:15;22;01:35;
S2025;3934;45.0;299.9;10.6;0;0;0;20;23:55;0.08;15.58;3.67;19.33;BTP;32;BERÇO BTP 1;21;19:15;21;19:35;21;19:35;21;19:40;21;19:40;21;19:45;21;19:45;21;19:50;21;19:50;21;19:55;21;19:55;21;20:00;21;20:00;21;20:05;21;20:05;21;20:10;21;20:10;21;20:15;21;20:15;21;20:20;21;20:20;21;20:25;21;20:25;21;20:30;21;20:30;21;20:45;;;;;;;;;;;;;;;;;21;20:45;21;20:45;22;22:55;;;;;;;;;;;;;;;;;;;;;;;;;;;;;;;;;;;;;;;;;;;;;;;;;;;;;;;;;;;;;;;;;;;;;;;
S2025;3935;48.0;299.85;12.5;0;0;0;21;03:06;4.17;6.58;1.5;12.25;BTP;33;BERÇO BTP 2;21;15:25;21;15:45;21;15:45;21;15:50;21;15:50;21;15:55;21;15:55;21;16:00;21;16:00;21;16:05;21;16:05;21;16:10;21;16:10;21;16:15;21;16:15;21;16:20;21;16:20;21;16:25;21;16:25;21;16:30;21;16:30;21;16:35;21;16:35;21;16:40;21;16:40;21;17:15;;;;;;;;;;;;;;;;;21;17:15;21;17:15;23;02:40;;;;;;;;;;;;;;;;;;;;;;;;;;;;;;;;;;;;;;;;;;;;;;;;;;;;;;;;;;;;;;;;;;;;;;;
S2025;3938;17.0;75.2;5.9;0;0;0;21;07:30;0.0;0.0;1.5;1.5;SAIPEM;48;BERÇO SAIPEM 1;21;09:00;21;09:20;21;09:20;21;09:55;;;;;;;;;;;;;;;;;;;;;;;;;;;;;;;;;;;;;;;;;;;;;;;;;;;;;;;;;;;;;21;09:55;21;09:55;23;17:50;;;;;;;;;;;;;;;;;;;;;;;;;;;;;;;;;;;;;;;;;;;;;;;;;;;;;;;;;;;;;;;;;;;;;;;
S2025;3939;32.0;225.0;6.95;0;0;0;21;07:40;0.0;0.0;1.08;1.08;CUTRALE - GSA - E;40;BERÇO CUTRALE;21;08:45;21;09:05;21;09:05;21;09:10;21;09:10;21;09:15;21;09:15;21;09:50;;;;;;;;;;;;;;;;;;;;;;;;;;;;;;;;;;;;;;;;;;;;;;;;;;;;;21;09:50;21;09:50;24;01:40;;;;;;;;;;;;;;;;;;;;;;;;;;;;;;;;;;;;;;;;;;;;;;;;;;;;;;;;;;;;;;;;;;;;;;;
S2025;3940;44.0;332.58;12.6;0;0;0;21;09:15;1.33;11.5;0.0;12.83;SANTOSBR;55;BERÇO TECON 3;21;22:05;21;22:25;21;22:25;21;22:30;21;22:30;21;22:35;21;22:35;21;22:40;21;22:40;21;22:45;21;22:45;21;23:00;;;;;;;;;;;;;;;;;;;;;;;;;;;;;;;;;;;;;;;;;;;;;21;23:00;21;23:00;22;15:00;22;16:00;;;;;;;;;;;;;;;;;;;;;;;;;;;;;;;;;;;;;;;;;;;;;22;16:00;22;16:30;22;16:30;22;16:35;22;16:35;22;16:40;22;16:40;22;16:45;22;16:45;22;16:50;22;16:50;22;17:10;
S2025;3941;31.0;225.16;11.35;0;0;0;21;10:00;0.0;0.0;0.83;0.83;SANTOSBR;52;BERÇO TECON 1.1;21;10:50;21;11:10;21;11:10;21;11:15;21;11:15;21;11:20;21;11:20;21;11:25;21;11:25;21;11:30;21;11:30;21;11:45;;;;;;;;;;;;;;;;;;;;;;;;;;;;;;;;;;;;;;;;;;;;;21;11:45;21;11:45;22;01:30;22;04:50;;;;;;;;;;;;;;;;;;;;;;;;;;;;;;;;;;;;;;;;;;;;;22;04:50;22;05:20;22;05:20;22;05:25;22;05:25;22;05:30;22;05:30;22;05:35;22;05:35;22;05:40;22;05:40;22;06:00;
S2025;3946;33.0;177.9;8.2;0;0;0;21;20:00;0.0;0.0;0.0;0.0;SAIPEM;49;BERÇO SAIPEM 2;21;20:00;21;20:20;21;20:20;21;20:55;;;;;;;;;;;;;;;;;;;;;;;;;;;;;;;;;;;;;;;;;;;;;;;;;;;;;;;;;;;;;21;20:55;21;20:55;23;10:40;;;;;;;;;;;;;;;;;;;;;;;;;;;;;;;;;;;;;;;;;;;;;;;;;;;;;;;;;;;;;;;;;;;;;;;
S2025;3669;32.0;224.94;6.6;0;0;0;6;16:20;91.67;258.33;20.33;370.33;ELEVACOES;12;BERÇO ARM 16/17;22;02:40;22;03:00;22;03:00;22;03:05;22;03:05;22;03:10;22;03:10;22;03:15;22;03:15;22;03:20;22;03:20;22;03:25;22;03:25;22;03:30;22;03:30;22;03:35;22;03:35;22;04:10;;;;;;;;;;;;;;;;;;;;;;;;;;;;;;;;;22;04:10;22;04:10;28;18:35;;;;;;;;;;;;;;;;;;;;;;;;;;;;;;;;;;;;;;;;;;;;;;;;;;;;;;;;;;;;;;;;;;;;;;;
S2025;3729;32.0;179.95;10.6;0;0;0;9;22:36;13.58;276.92;5.83;296.33;TERMAG;57;BERÇO TERMAG;22;07:00;22;07:20;22;07:20;22;07:25;22;07:25;22;07:30;22;07:30;22;07:35;22;07:35;22;07:50;;;;;;;;;;;;;;;;;;;;;;;;;;;;;;;;;;;;;;;;;;;;;;;;;22;07:50;22;07:50;25;02:25;;;;;;;;;;;;;;;;;;;;;;;;;;;;;;;;;;;;;;;;;;;;;;;;;;;;;;;;;;;;;;;;;;;;;;;
S2025;3813;30.04;180.0;6.9;0;0;0;15;00:01;20.0;126.33;24.0;170.33;TIPLAM - GSA - E;61;BERÇO TIPLAM 2;22;02:25;22;02:45;22;02:45;22;02:50;22;02:50;22;02:55;22;02:55;22;03:00;22;03:00;22;03:05;22;03:05;22;03:10;22;03:10;22;03:15;22;03:15;22;03:20;22;03:20;22;03:25;22;03:25;22;03:30;22;03:30;22;03:35;22;03:35;22;03:40;22;03:40;22;03:45;22;03:45;22;03:50;22;03:50;22;03:55;22;03:55;22;04:15;22;04:15;22;05:00;22;05:00;22;05:00;23;04:20;;;;;;;;;;;;;;;;;;;;;;;;;;;;;;;;;;;;;;;;;;;;;;;;;;;;;;;;;;;;;;;;;;;;;;;
S2025;3943;48.0;299.82;13.9;0;0;0;21;15:00;1.5;19.58;0.0;21.08;BTP;34;BERÇO BTP 3;22;12:05;22;12:25;22;12:25;22;12:30;22;12:30;22;12:35;22;12:35;22;12:40;22;12:40;22;12:45;22;12:45;22;12:50;22;12:50;22;12:55;22;12:55;22;13:00;22;13:00;22;13:05;22;13:05;22;13:10;22;13:10;22;13:15;22;13:15;22;13:20;22;13:20;22;13:35;;;;;;;;;;;;;;;;;22;13:35;22;13:35;24;00:20;;;;;;;;;;;;;;;;;;;;;;;;;;;;;;;;;;;;;;;;;;;;;;;;;;;;;;;;;;;;;;;;;;;;;;;
S2025;3952;37.0;227.92;10.2;0;0;0;22;04:00;0.0;0.0;0.0;0.0;DPW - CGC;42;BERÇO DPW 1;22;04:00;22;04:20;22;04:20;22;04:25;22;04:25;22;04:30;22;04:30;22;04:35;22;04:35;22;04:40;22;04:40;22;04:45;22;04:45;22;04:50;22;04:50;22;04:55;22;04:55;22;05:00;22;05:00;22;05:05;22;05:05;22;05:20;;;;;;;;;;;;;;;;;;;;;;;;;22;05:20;22;05:20;23;07:00;;;;;;;;;;;;;;;;;;;;;;;;;;;;;;;;;;;;;;;;;;;;;;;;;;;;;;;;;;;;;;;;;;;;;;;
S2025;3956;30.0;186.45;11.6;0;0;0;22;10:00;0.0;0.0;0.0;0.0;OUTROS_MACUCO;27;BERÇO ARM 35P2;22;10:00;22;10:20;22;10:20;22;10:25;22;10:25;22;10:30;22;10:30;22;10:35;22;10:35;22;10:40;22;10:40;22;10:55;;;;;;;;;;;;;;;;;;;;;;;;;;;;;;;;;;;;;;;;;;;;;22;10:55;22;10:55;41;01:15;;;;;;;;;;;;;;;;;;;;;;;;;;;;;;;;;;;;;;;;;;;;;;;;;;;;;;;;;;;;;;;;;;;;;;;
S2025;3958;30.0;179.97;10.9;0;0;0;22;10:30;0.0;4.5;0.0;4.5;BUNGE;20;BERÇO ARM 30;22;15:00;22;15:20;22;15:20;22;15:25;22;15:25;22;15:30;22;15:30;22;15:35;22;15:35;22;15:40;22;15:40;22;15:55;;;;;;;;;;;;;;;;;;;;;;;;;;;;;;;;;;;;;;;;;;;;;22;15:55;22;15:55;25;01:05;;;;;;;;;;;;;;;;;;;;;;;;;;;;;;;;;;;;;;;;;;;;;;;;;;;;;;;;;;;;;;;;;;;;;;;
S2025;3959;43.0;270.9;10.3;0;0;0;22;12:54;0.0;0.0;2.42;2.42;SANTOSBR;55;BERÇO TECON 3;22;15:20;22;15:40;22;15:40;22;15:45;22;15:45;22;15:50;22;15:50;22;15:55;22;15:55;22;16:00;22;16:00;22;16:35;;;;;;;;;;;;;;;;;;;;;;;;;;;;;;;;;;;;;;;;;;;;;22;16:35;22;16:35;24;01:00;;;;;;;;;;;;;;;;;;;;;;;;;;;;;;;;;;;;;;;;;;;;;;;;;;;;;;;;;;;;;;;;;;;;;;;
S2025;3961;32.0;243.35;9.7;0;0;0;22;17:00;0.0;0.0;0.33;0.33;SANTOSBR;52;BERÇO TECON 1.1;22;17:20;22;17:40;22;17:40;22;17:45;22;17:45;22;17:50;22;17:50;22;17:55;22;17:55;22;18:00;22;18:00;22;18:15;;;;;;;;;;;;;;;;;;;;;;;;;;;;;;;;;;;;;;;;;;;;;22;18:15;22;18:15;23;09:55;;;;;;;;;;;;;;;;;;;;;;;;;;;;;;;;;;;;;;;;;;;;;;;;;;;;;;;;;;;;;;;;;;;;;;;
S2025;3964;45.0;299.9;12.6;0;0;0;22;21:40;0.0;0.0;0.08;0.08;SANTOSBR;53;BERÇO TECON 1.2;22;21:45;22;22:05;22;22:05;22;22:10;22;22:10;22;22:15;22;22:15;22;22:20;22;22:20;22;22:25;22;22:25;22;22:40;;;;;;;;;;;;;;;;;;;;;;;;;;;;;;;;;;;;;;;;;;;;;22;22:40;22;22:40;24;08:45;;;;;;;;;;;;;;;;;;;;;;;;;;;;;;;;;;;;;;;;;;;;;;;;;;;;;;;;;;;;;;;;;;;;;;;
S2025;3563;32.0;224.98;7.5;0;0;0;1;00:01;105.25;210.83;122.75;438.83;ELEVACOES;13;BERÇO ARM 19;19;06:55;19;07:15;19;07:15;19;07:20;19;07:20;19;07:25;19;07:25;19;07:30;19;07:30;19;07:35;19;07:35;19;07:40;19;07:40;19;07:45;19;07:45;19;08:20;;;;;;;;;;;;;;;;;;;;;;;;;;;;;;;;;;;;;19;08:20;19;08:20;24;10:05;;;;;;;;;;;;;;;;;;;;;;;;;;;;;;;;;;;;;;;;;;;;;;;;;;;;;;;;;;;;;;;;;;;;;;;
S2025;3669;32.0;224.94;6.6;0;0;0;6;16:20;91.67;258.33;20.33;370.33;ELEVACOES;12;BERÇO ARM 16/17;22;02:40;22;03:00;22;03:00;22;03:05;22;03:05;22;03:10;22;03:10;22;03:15;22;03:15;22;03:20;22;03:20;22;03:25;22;03:25;22;03:30;22;03:30;22;03:35;22;03:35;22;04:10;;;;;;;;;;;;;;;;;;;;;;;;;;;;;;;;;22;04:10;22;04:10;28;18:35;;;;;;;;;;;;;;;;;;;;;;;;;;;;;;;;;;;;;;;;;;;;;;;;;;;;;;;;;;;;;;;;;;;;;;;
S2025;3681;30.0;179.96;10.14;0;0;0;7;08:36;14.17;184.25;0.0;198.42;NITA;10;BERÇO ARM 13/14;15;15:05;15;15:25;15;15:25;15;15:30;15;15:30;15;15:35;15;15:35;15;15:40;15;15:40;15;15:45;15;15:45;15;15:50;15;15:50;15;15:55;15;15:55;15;16:00;15;16:00;15;16:15;;;;;;;;;;;;;;;;;;;;;;;;;;;;;;;;;15;16:15;15;16:15;25;00:45;;;;;;;;;;;;;;;;;;;;;;;;;;;;;;;;;;;;;;;;;;;;;;;;;;;;;;;;;;;;;;;;;;;;;;;
S2025;3711;32.0;225.0;7.45;0;0;0;8;23:50;35.75;233.5;24.17;293.42;TIPLAM - GSA - E;62;BERÇO TIPLAM 3;21;05:15;21;05:35;21;05:35;21;05:40;21;05:40;21;05:45;21;05:45;21;05:50;21;05:50;21;05:55;21;05:55;21;06:00;21;06:00;21;06:05;21;06:05;21;06:10;21;06:10;21;06:15;21;06:15;21;06:20;21;06:20;21;06:25;21;06:25;21;06:30;21;06:30;21;06:35;21;06:35;21;06:40;21;06:40;21;06:45;21;06:45;21;07:05;21;07:05;21;07:50;21;07:50;21;07:50;24;01:50;;;;;;;;;;;;;;;;;;;;;;;;;;;;;;;;;;;;;;;;;;;;;;;;;;;;;;;;;;;;;;;;;;;;;;;
S2025;3729;32.0;179.95;10.6;0;0;0;9;22:36;13.58;276.92;5.83;296.33;TERMAG;57;BERÇO TERMAG;22;07:00;22;07:20;22;07:20;22;07:25;22;07:25;22;07:30;22;07:30;22;07:35;22;07:35;22;07:50;;;;;;;;;;;;;;;;;;;;;;;;;;;;;;;;;;;;;;;;;;;;;;;;;22;07:50;22;07:50;25;02:25;;;;;;;;;;;;;;;;;;;;;;;;;;;;;;;;;;;;;;;;;;;;;;;;;;;;;;;;;;;;;;;;;;;;;;;
S2025;3789;32.0;199.98;12.26;0;0;0;13;13:42;22.58;138.08;26.08;186.75;TIPLAM - GSM - I;60;BERÇO TIPLAM 1;21;08:30;21;08:50;21;08:50;21;08:55;21;08:55;21;09:00;21;09:00;21;09:05;21;09:05;21;09:10;21;09:10;21;09:15;21;09:15;21;09:20;21;09:20;21;09:25;21;09:25;21;09:30;21;09:30;21;09:35;21;09:35;21;09:40;21;09:40;21;09:45;21;09:45;21;09:50;21;09:50;21;09:55;21;09:55;21;10:00;21;10:00;21;10:20;21;10:20;21;11:05;21;11:05;21;11:05;23;04:45;23;07:40;23;07:40;23;07:50;23;07:50;23;08:10;23;08:10;23;08:15;23;08:15;23;08:20;23;08:20;23;08:25;23;08:25;23;08:30;23;08:30;23;08:35;23;08:35;23;08:40;23;08:40;23;08:45;23;08:45;23;08:50;23;08:50;23;08:55;23;08:55;23;09:00;23;09:00;23;09:05;23;09:05;23;09:10;23;09:10;23;09:15;23;09:15;23;09:20;23;09:20;23;09:40;
S2025;3790;32.0;229.0;6.46;0;0;0;13;15:15;60.5;135.75;0.0;196.25;TEG;56;BERÇO TEG;21;19:30;21;19:50;21;19:50;21;19:55;21;19:55;21;20:00;21;20:00;21;20:05;21;20:05;21;20:40;;;;;;;;;;;;;;;;;;;;;;;;;;;;;;;;;;;;;;;;;;;;;;;;;21;20:40;21;20:40;28;00:00;;;;;;;;;;;;;;;;;;;;;;;;;;;;;;;;;;;;;;;;;;;;;;;;;;;;;;;;;;;;;;;;;;;;;;;
S2025;3813;30.04;180.0;6.9;0;0;0;15;00:01;20.0;126.33;24.0;170.33;TIPLAM - GSA - E;61;BERÇO TIPLAM 2;22;02:25;22;02:45;22;02:45;22;02:50;22;02:50;22;02:55;22;02:55;22;03:00;22;03:00;22;03:05;22;03:05;22;03:10;22;03:10;22;03:15;22;03:15;22;03:20;22;03:20;22;03:25;22;03:25;22;03:30;22;03:30;22;03:35;22;03:35;22;03:40;22;03:40;22;03:45;22;03:45;22;03:50;22;03:50;22;03:55;22;03:55;22;04:15;22;04:15;22;05:00;22;05:00;22;05:00;23;04:20;23;04:20;23;04:20;23;04:30;23;04:30;23;04:50;23;04:50;23;04:55;23;04:55;23;05:00;23;05:00;23;05:05;23;05:05;23;05:10;23;05:10;23;05:15;23;05:15;23;05:20;23;05:20;23;05:25;23;05:25;23;05:30;23;05:30;23;05:35;23;05:35;23;05:40;23;05:40;23;05:45;23;05:45;23;05:50;23;05:50;23;05:55;23;05:55;23;06:00;23;06:00;23;06:20;
S2025;3819;35.0;228.42;9.1;0;0;0;15;06:30;16.08;90.58;0.0;106.67;COFCO;9;BERÇO ARM 12A;19;17:10;19;17:30;19;17:30;19;17:35;19;17:35;19;17:40;19;17:40;19;17:45;19;17:45;19;17:50;19;17:50;19;17:55;19;17:55;19;18:00;19;18:00;19;18:05;19;18:05;19;18:40;;;;;;;;;;;;;;;;;;;;;;;;;;;;;;;;;19;18:40;19;18:40;24;13:15;;;;;;;;;;;;;;;;;;;;;;;;;;;;;;;;;;;;;;;;;;;;;;;;;;;;;;;;;;;;;;;;;;;;;;;
S2025;3830;32.0;190.0;6.85;0;0;0;15;18:30;8.42;115.83;7.25;131.5;XXXIX;28;BERÇO ARM 37;21;06:00;21;06:20;21;06:20;21;06:25;21;06:25;21;06:30;21;06:30;21;07:05;;;;;;;;;;;;;;;;;;;;;;;;;;;;;;;;;;;;;;;;;;;;;;;;;;;;;21;07:05;21;07:05;25;08:45;;;;;;;;;;;;;;;;;;;;;;;;;;;;;;;;;;;;;;;;;;;;;;;;;;;;;;;;;;;;;;;;;;;;;;;
S2025;3841;32.0;228.94;7.19;0;0;0;16;06:00;21.25;58.42;2.58;82.25;COPESUCAR;14;BERÇO ARM 20/21;19;16:15;19;16:35;19;16:35;19;16:40;19;16:40;19;16:45;19;16:45;19;16:50;19;16:50;19;16:55;19;16:55;19;17:00;19;17:00;19;17:05;19;17:05;19;17:40;;;;;;;;;;;;;;;;;;;;;;;;;;;;;;;;;;;;;19;17:40;19;17:40;23;19:00;;;;;;;;;;;;;;;;;;;;;;;;;;;;;;;;;;;;;;;;;;;;;;;;;;;;;;;;;;;;;;;;;;;;;;;
S2025;3859;26.6;170.0;6.7;0;0;0;17;08:30;1.92;27.5;3.42;32.83;STOLTHAVEN;3;BERÇO AL 02;18;17:20;18;17:40;18;17:40;18;17:45;18;17:45;18;17:50;18;17:50;18;17:55;18;17:55;18;18:00;18;18:00;18;18:05;18;18:05;18;18:10;18;18:10;18;18:15;18;18:15;18;18:20;18;18:20;18;18:25;18;18:25;18;18:30;18;18:30;18;18:35;18;18:35;18;18:40;18;18:40;18;19:15;;;;;;;;;;;;;18;19:15;18;19:15;22;23:50;23;00:00;;;;;;;;;;;;;23;00:00;23;00:10;23;00:10;23;00:15;23;00:15;23;00:20;23;00:20;23;00:25;23;00:25;23;00:30;23;00:30;23;00:35;23;00:35;23;00:40;23;00:40;23;00:45;23;00:45;23;00:50;23;00:50;23;00:55;23;00:55;23;01:00;23;01:00;23;01:05;23;01:05;23;01:10;23;01:10;23;01:30;
S2025;3863;32.0;229.0;7.5;0;0;0;17;13:00;40.67;31.58;2.0;74.25;ADM;30;BERÇO ARM 39;20;15:15;20;15:35;20;15:35;20;15:40;20;15:40;20;15:45;20;15:45;20;16:20;;;;;;;;;;;;;;;;;;;;;;;;;;;;;;;;;;;;;;;;;;;;;;;;;;;;;20;16:20;20;16:20;23;15:20;23;15:20;;;;;;;;;;;;;;;;;;;;;;;;;;;;;;;;;;;;;;;;;;;;;;;;;;;;;23;15:20;23;15:30;23;15:30;23;15:35;23;15:35;23;15:40;23;15:40;23;16:00;
S2025;3883;36.0;209.99;9.25;0;0;0;18;11:10;0.0;0.0;0.83;0.83;OUTROS_SABOO;36;BERÇO CS 01;18;12:00;18;12:20;18;12:20;18;12:25;18;12:25;18;12:30;18;12:30;18;12:35;18;12:35;18;12:40;18;12:40;18;12:45;18;12:45;18;12:50;18;12:50;18;12:55;18;12:55;18;13:00;18;13:00;18;13:05;18;13:05;18;13:10;18;13:10;18;13:25;;;;;;;;;;;;;;;;;;;;;18;13:25;18;13:25;22;22:45;23;04:25;;;;;;;;;;;;;;;;;;;;;23;04:25;23;04:55;23;04:55;23;05:00;23;05:00;23;05:05;23;05:05;23;05:10;23;05:10;23;05:15;23;05:15;23;05:20;23;05:20;23;05:25;23;05:25;23;05:30;23;05:30;23;05:35;23;05:35;23;05:40;23;05:40;23;05:45;23;05:45;23;06:05;
S2025;3884;32.0;229.0;7.28;0;0;0;18;11:30;1.08;0.0;0.83;1.92;TES;29;BERÇO ARM 38;18;13:25;18;13:45;18;13:45;18;13:50;18;13:50;18;13:55;18;13:55;18;14:30;;;;;;;;;;;;;;;;;;;;;;;;;;;;;;;;;;;;;;;;;;;;;;;;;;;;;18;14:30;18;14:30;24;09:10;;;;;;;;;;;;;;;;;;;;;;;;;;;;;;;;;;;;;;;;;;;;;;;;;;;;;;;;;;;;;;;;;;;;;;;
S2025;3886;32.0;199.9;11.15;0;0;0;18;14:06;8.17;41.25;12.83;62.25;TIPLAM - GSM - I;63;BERÇO TIPLAM 4;21;04:25;21;04:45;21;04:45;21;04:50;21;04:50;21;04:55;21;04:55;21;05:00;21;05:00;21;05:05;21;05:05;21;05:10;21;05:10;21;05:15;21;05:15;21;05:20;21;05:20;21;05:25;21;05:25;21;05:30;21;05:30;21;05:35;21;05:35;21;05:40;21;05:40;21;05:45;21;05:45;21;05:50;21;05:50;21;05:55;21;05:55;21;06:15;21;06:15;21;06:30;21;06:30;21;06:30;26;09:15;;;;;;;;;;;;;;;;;;;;;;;;;;;;;;;;;;;;;;;;;;;;;;;;;;;;;;;;;;;;;;;;;;;;;;;
S2025;3888;32.0;179.8;11.2;0;0;0;18;18:48;1.58;19.08;0.0;20.67;VOPAK;4;BERÇO AL 03;19;15:30;19;15:50;19;15:50;19;15:55;19;15:55;19;16:00;19;16:00;19;16:05;19;16:05;19;16:10;19;16:10;19;16:15;19;16:15;19;16:20;19;16:20;19;16:25;19;16:25;19;16:30;19;16:30;19;16:35;19;16:35;19;16:40;19;16:40;19;16:45;19;16:45;19;16:50;19;16:50;19;17:05;;;;;;;;;;;;;19;17:05;19;17:05;23;17:45;23;18:25;;;;;;;;;;;;;23;18:25;23;18:55;23;18:55;23;19:00;23;19:00;23;19:05;23;19:05;23;19:10;23;19:10;23;19:15;23;19:15;23;19:20;23;19:20;23;19:25;23;19:25;23;19:30;23;19:30;23;19:35;23;19:35;23;19:40;23;19:40;23;19:45;23;19:45;23;19:50;23;19:50;23;19:55;23;19:55;23;20:15;
S2025;3893;32.0;199.98;6.6;0;0;0;19;01:30;4.25;56.58;0.0;60.83;TEAG;51;BERÇO TEAG;21;14:20;21;14:40;21;14:40;21;14:45;21;14:45;21;14:50;21;14:50;21;14:55;21;14:55;21;15:30;;;;;;;;;;;;;;;;;;;;;;;;;;;;;;;;;;;;;;;;;;;;;;;;;21;15:30;21;15:30;26;22:15;;;;;;;;;;;;;;;;;;;;;;;;;;;;;;;;;;;;;;;;;;;;;;;;;;;;;;;;;;;;;;;;;;;;;;;
S2025;3916;29.0;182.5;10.25;0;0;0;20;02:54;1.92;17.83;0.0;19.75;HIDROVIAS;15;BERÇO ARM 22/23;20;22:40;20;23:00;20;23:00;20;23:05;20;23:05;20;23:10;20;23:10;20;23:15;20;23:15;20;23:20;20;23:20;20;23:25;20;23:25;20;23:30;20;23:30;20;23:45;;;;;;;;;;;;;;;;;;;;;;;;;;;;;;;;;;;;;20;23:45;20;23:45;24;16:20;;;;;;;;;;;;;;;;;;;;;;;;;;;;;;;;;;;;;;;;;;;;;;;;;;;;;;;;;;;;;;;;;;;;;;;
S2025;3917;44.0;248.97;8.0;0;0;0;20;03:30;3.83;31.83;0.0;35.67;TRANSPETRO;2;BERÇO AL 01;21;15:10;21;15:30;21;15:30;21;15:35;21;15:35;21;15:40;21;15:40;21;15:45;21;15:45;21;15:50;21;15:50;21;15:55;21;15:55;21;16:00;21;16:00;21;16:05;21;16:05;21;16:10;21;16:10;21;16:15;21;16:15;21;16:20;21;16:20;21;16:25;21;16:25;21;16:30;21;16:30;21;17:05;;;;;;;;;;;;;21;17:05;21;17:05;24;14:00;;;;;;;;;;;;;;;;;;;;;;;;;;;;;;;;;;;;;;;;;;;;;;;;;;;;;;;;;;;;;;;;;;;;;;;
S2025;3920;30.0;179.99;7.2;0;0;0;20;08:00;0.0;0.0;0.25;0.25;CITROSUCO;18;BERÇO ARM 29;20;08:15;20;08:35;20;08:35;20;08:40;20;08:40;20;08:45;20;08:45;20;08:50;20;08:50;20;08:55;20;08:55;20;09:00;20;09:00;20;09:35;;;;;;;;;;;;;;;;;;;;;;;;;;;;;;;;;;;;;;;;;20;09:35;20;09:35;23;11:25;23;12:30;;;;;;;;;;;;;;;;;;;;;;;;;;;;;;;;;;;;;;;;;23;12:30;23;12:40;23;12:40;23;12:45;23;12:45;23;12:50;23;12:50;23;12:55;23;12:55;23;13:00;23;13:00;23;13:05;23;13:05;23;13:25;
S2025;3926;48.0;333.2;12.4;0;0;0;20;18:00;0.0;0.0;1.42;1.42;DPW - CGC;43;BERÇO DPW 2;20;19:25;20;19:45;20;19:45;20;19:50;20;19:50;20;19:55;20;19:55;20;20:00;20;20:00;20;20:05;20;20:05;20;20:10;20;20:10;20;20:15;20;20:15;20;20:20;20;20:20;20;20:25;20;20:25;20;20:30;20;20:30;20;21:05;;;;;;;;;;;;;;;;;;;;;;;;;20;21:05;20;21:05;22;19:15;23;00:00;;;;;;;;;;;;;;;;;;;;;;;;;23;00:00;23;00:10;23;00:10;23;00:15;23;00:15;23;00:20;23;00:20;23;00:25;23;00:25;23;00:30;23;00:30;23;00:35;23;00:35;23;00:40;23;00:40;23;00:45;23;00:45;23;00:50;23;00:50;23;00:55;23;00:55;23;01:15;
S2025;3934;45.0;299.9;10.6;0;0;0;20;23:55;0.08;15.58;3.67;19.33;BTP;32;BERÇO BTP 1;21;19:15;21;19:35;21;19:35;21;19:40;21;19:40;21;19:45;21;19:45;21;19:50;21;19:50;21;19:55;21;19:55;21;20:00;21;20:00;21;20:05;21;20:05;21;20:10;21;20:10;21;20:15;21;20:15;21;20:20;21;20:20;21;20:25;21;20:25;21;20:30;21;20:30;21;20:45;;;;;;;;;;;;;;;;;21;20:45;21;20:45;22;22:55;23;03:15;;;;;;;;;;;;;;;;;23;03:15;23;03:45;23;03:45;23;03:50;23;03:50;23;03:55;23;03:55;23;04:00;23;04:00;23;04:05;23;04:05;23;04:10;23;04:10;23;04:15;23;04:15;23;04:20;23;04:20;23;04:25;23;04:25;23;04:30;23;04:30;23;04:35;23;04:35;23;04:40;23;04:40;23;05:00;
S2025;3935;48.0;299.85;12.5;0;0;0;21;03:06;4.17;6.58;1.5;12.25;BTP;33;BERÇO BTP 2;21;15:25;21;15:45;21;15:45;21;15:50;21;15:50;21;15:55;21;15:55;21;16:00;21;16:00;21;16:05;21;16:05;21;16:10;21;16:10;21;16:15;21;16:15;21;16:20;21;16:20;21;16:25;21;16:25;21;16:30;21;16:30;21;16:35;21;16:35;21;16:40;21;16:40;21;17:15;;;;;;;;;;;;;;;;;21;17:15;21;17:15;23;02:40;23;04:00;;;;;;;;;;;;;;;;;23;04:00;23;04:10;23;04:10;23;04:15;23;04:15;23;04:20;23;04:20;23;04:25;23;04:25;23;04:30;23;04:30;23;04:35;23;04:35;23;04:40;23;04:40;23;04:45;23;04:45;23;04:50;23;04:50;23;04:55;23;04:55;23;05:00;23;05:00;23;05:05;23;05:05;23;05:25;
S2025;3938;17.0;75.2;5.9;0;0;0;21;07:30;0.0;0.0;1.5;1.5;SAIPEM;48;BERÇO SAIPEM 1;21;09:00;21;09:20;21;09:20;21;09:55;;;;;;;;;;;;;;;;;;;;;;;;;;;;;;;;;;;;;;;;;;;;;;;;;;;;;;;;;;;;;21;09:55;21;09:55;23;17:50;23;17:50;;;;;;;;;;;;;;;;;;;;;;;;;;;;;;;;;;;;;;;;;;;;;;;;;;;;;;;;;;;;;23;17:50;23;18:00;23;18:00;23;18:20;
S2025;3939;32.0;225.0;6.95;0;0;0;21;07:40;0.0;0.0;1.08;1.08;CUTRALE - GSA - E;40;BERÇO CUTRALE;21;08:45;21;09:05;21;09:05;21;09:10;21;09:10;21;09:15;21;09:15;21;09:50;;;;;;;;;;;;;;;;;;;;;;;;;;;;;;;;;;;;;;;;;;;;;;;;;;;;;21;09:50;21;09:50;24;01:40;;;;;;;;;;;;;;;;;;;;;;;;;;;;;;;;;;;;;;;;;;;;;;;;;;;;;;;;;;;;;;;;;;;;;;;
S2025;3943;48.0;299.82;13.9;0;0;0;21;15:00;1.5;19.58;0.0;21.08;BTP;34;BERÇO BTP 3;22;12:05;22;12:25;22;12:25;22;12:30;22;12:30;22;12:35;22;12:35;22;12:40;22;12:40;22;12:45;22;12:45;22;12:50;22;12:50;22;12:55;22;12:55;22;13:00;22;13:00;22;13:05;22;13:05;22;13:10;22;13:10;22;13:15;22;13:15;22;13:20;22;13:20;22;13:35;;;;;;;;;;;;;;;;;22;13:35;22;13:35;24;00:20;;;;;;;;;;;;;;;;;;;;;;;;;;;;;;;;;;;;;;;;;;;;;;;;;;;;;;;;;;;;;;;;;;;;;;;
S2025;3946;33.0;177.9;8.2;0;0;0;21;20:00;0.0;0.0;0.0;0.0;SAIPEM;49;BERÇO SAIPEM 2;21;20:00;21;20:20;21;20:20;21;20:55;;;;;;;;;;;;;;;;;;;;;;;;;;;;;;;;;;;;;;;;;;;;;;;;;;;;;;;;;;;;;21;20:55;21;20:55;23;10:40;23;10:40;;;;;;;;;;;;;;;;;;;;;;;;;;;;;;;;;;;;;;;;;;;;;;;;;;;;;;;;;;;;;23;10:40;23;10:50;23;10:50;23;11:10;
S2025;3952;37.0;227.92;10.2;0;0;0;22;04:00;0.0;0.0;0.0;0.0;DPW - CGC;42;BERÇO DPW 1;22;04:00;22;04:20;22;04:20;22;04:25;22;04:25;22;04:30;22;04:30;22;04:35;22;04:35;22;04:40;22;04:40;22;04:45;22;04:45;22;04:50;22;04:50;22;04:55;22;04:55;22;05:00;22;05:00;22;05:05;22;05:05;22;05:20;;;;;;;;;;;;;;;;;;;;;;;;;22;05:20;22;05:20;23;07:00;23;13:50;;;;;;;;;;;;;;;;;;;;;;;;;23;13:50;23;14:20;23;14:20;23;14:25;23;14:25;23;14:30;23;14:30;23;14:35;23;14:35;23;14:40;23;14:40;23;14:45;23;14:45;23;14:50;23;14:50;23;14:55;23;14:55;23;15:00;23;15:00;23;15:05;23;15:05;23;15:25;
S2025;3956;30.0;186.45;11.6;0;0;0;22;10:00;0.0;0.0;0.0;0.0;OUTROS_MACUCO;27;BERÇO ARM 35P2;22;10:00;22;10:20;22;10:20;22;10:25;22;10:25;22;10:30;22;10:30;22;10:35;22;10:35;22;10:40;22;10:40;22;10:55;;;;;;;;;;;;;;;;;;;;;;;;;;;;;;;;;;;;;;;;;;;;;22;10:55;22;10:55;41;01:15;;;;;;;;;;;;;;;;;;;;;;;;;;;;;;;;;;;;;;;;;;;;;;;;;;;;;;;;;;;;;;;;;;;;;;;
S2025;3958;30.0;179.97;10.9;0;0;0;22;10:30;0.0;4.5;0.0;4.5;BUNGE;20;BERÇO ARM 30;22;15:00;22;15:20;22;15:20;22;15:25;22;15:25;22;15:30;22;15:30;22;15:35;22;15:35;22;15:40;22;15:40;22;15:55;;;;;;;;;;;;;;;;;;;;;;;;;;;;;;;;;;;;;;;;;;;;;22;15:55;22;15:55;25;01:05;;;;;;;;;;;;;;;;;;;;;;;;;;;;;;;;;;;;;;;;;;;;;;;;;;;;;;;;;;;;;;;;;;;;;;;
S2025;3959;43.0;270.9;10.3;0;0;0;22;12:54;0.0;0.0;2.42;2.42;SANTOSBR;55;BERÇO TECON 3;22;15:20;22;15:40;22;15:40;22;15:45;22;15:45;22;15:50;22;15:50;22;15:55;22;15:55;22;16:00;22;16:00;22;16:35;;;;;;;;;;;;;;;;;;;;;;;;;;;;;;;;;;;;;;;;;;;;;22;16:35;22;16:35;24;01:00;;;;;;;;;;;;;;;;;;;;;;;;;;;;;;;;;;;;;;;;;;;;;;;;;;;;;;;;;;;;;;;;;;;;;;;
S2025;3961;32.0;243.35;9.7;0;0;0;22;17:00;0.0;0.0;0.33;0.33;SANTOSBR;52;BERÇO TECON 1.1;22;17:20;22;17:40;22;17:40;22;17:45;22;17:45;22;17:50;22;17:50;22;17:55;22;17:55;22;18:00;22;18:00;22;18:15;;;;;;;;;;;;;;;;;;;;;;;;;;;;;;;;;;;;;;;;;;;;;22;18:15;22;18:15;23;09:55;23;12:00;;;;;;;;;;;;;;;;;;;;;;;;;;;;;;;;;;;;;;;;;;;;;23;12:00;23;12:30;23;12:30;23;12:35;23;12:35;23;12:40;23;12:40;23;12:45;23;12:45;23;12:50;23;12:50;23;13:10;
S2025;3964;45.0;299.9;12.6;0;0;0;22;21:40;0.0;0.0;0.08;0.08;SANTOSBR;53;BERÇO TECON 1.2;22;21:45;22;22:05;22;22:05;22;22:10;22;22:10;22;22:15;22;22:15;22;22:20;22;22:20;22;22:25;22;22:25;22;22:40;;;;;;;;;;;;;;;;;;;;;;;;;;;;;;;;;;;;;;;;;;;;;22;22:40;22;22:40;24;08:45;;;;;;;;;;;;;;;;;;;;;;;;;;;;;;;;;;;;;;;;;;;;;;;;;;;;;;;;;;;;;;;;;;;;;;;
S2025;3835;30.0;179.97;5.71;0;0;0;15;20:45;22.58;133.58;21.83;178.0;TIPLAM - GSA - E;61;BERÇO TIPLAM 2;23;06:45;23;07:05;23;07:05;23;07:10;23;07:10;23;07:15;23;07:15;23;07:20;23;07:20;23;07:25;23;07:25;23;07:30;23;07:30;23;07:35;23;07:35;23;07:40;23;07:40;23;07:45;23;07:45;23;07:50;23;07:50;23;07:55;23;07:55;23;08:00;23;08:00;23;08:05;23;08:05;23;08:10;23;08:10;23;08:15;23;08:15;23;08:35;23;08:35;23;09:20;23;09:20;23;09:20;25;00:20;;;;;;;;;;;;;;;;;;;;;;;;;;;;;;;;;;;;;;;;;;;;;;;;;;;;;;;;;;;;;;;;;;;;;;;
S2025;3914;23.0;142.5;6.2;0;0;0;19;21:54;9.58;64.58;1.75;75.92;TRANSPETRO;3;BERÇO AL 02;23;01:50;23;02:10;23;02:10;23;02:15;23;02:15;23;02:20;23;02:20;23;02:25;23;02:25;23;02:30;23;02:30;23;02:35;23;02:35;23;02:40;23;02:40;23;02:45;23;02:45;23;02:50;23;02:50;23;02:55;23;02:55;23;03:00;23;03:00;23;03:05;23;03:05;23;03:10;23;03:10;23;03:45;;;;;;;;;;;;;23;03:45;23;03:45;24;10:55;;;;;;;;;;;;;;;;;;;;;;;;;;;;;;;;;;;;;;;;;;;;;;;;;;;;;;;;;;;;;;;;;;;;;;;
S2025;3928;30.0;185.06;8.3;0;0;0;20;19:24;4.75;64.5;3.67;72.92;VOPAK;4;BERÇO AL 03;23;20:20;23;20:40;23;20:40;23;20:45;23;20:45;23;20:50;23;20:50;23;20:55;23;20:55;23;21:00;23;21:00;23;21:05;23;21:05;23;21:10;23;21:10;23;21:15;23;21:15;23;21:20;23;21:20;23;21:25;23;21:25;23;21:30;23;21:30;23;21:35;23;21:35;23;21:40;23;21:40;23;21:55;;;;;;;;;;;;;23;21:55;23;21:55;26;03:35;;;;;;;;;;;;;;;;;;;;;;;;;;;;;;;;;;;;;;;;;;;;;;;;;;;;;;;;;;;;;;;;;;;;;;;
S2025;3951;37.0;227.92;10.7;0;0;0;22;04:00;1.5;22.0;2.92;26.42;BTP;33;BERÇO BTP 2;23;06:25;23;06:45;23;06:45;23;06:50;23;06:50;23;06:55;23;06:55;23;07:00;23;07:00;23;07:05;23;07:05;23;07:10;23;07:10;23;07:15;23;07:15;23;07:20;23;07:20;23;07:25;23;07:25;23;07:30;23;07:30;23;07:35;23;07:35;23;07:40;23;07:40;23;07:55;;;;;;;;;;;;;;;;;23;07:55;23;07:55;23;17:35;23;17:35;;;;;;;;;;;;;;;;;23;17:35;23;18:05;23;18:05;23;18:10;23;18:10;23;18:15;23;18:15;23;18:20;23;18:20;23;18:25;23;18:25;23;18:30;23;18:30;23;18:35;23;18:35;23;18:40;23;18:40;23;18:45;23;18:45;23;18:50;23;18:50;23;18:55;23;18:55;23;19:00;23;19:00;23;19:20;
S2025;3957;48.0;336.0;14.4;0;0;0;22;10:12;15.42;12.83;1.67;29.92;BTP;33;BERÇO BTP 2;23;16:10;23;16:30;23;16:30;23;16:35;23;16:35;23;16:40;23;16:40;23;16:45;23;16:45;23;16:50;23;16:50;23;16:55;23;16:55;23;17:00;23;17:00;23;17:05;23;17:05;23;17:10;23;17:10;23;17:15;23;17:15;23;17:20;23;17:20;23;17:25;23;17:25;23;17:40;;;;;;;;;;;;;;;;;23;17:40;23;17:40;24;20:30;;;;;;;;;;;;;;;;;;;;;;;;;;;;;;;;;;;;;;;;;;;;;;;;;;;;;;;;;;;;;;;;;;;;;;;
S2025;3962;43.0;318.24;10.0;0;0;0;22;18:00;1.5;6.92;0.0;8.42;BTP;32;BERÇO BTP 1;23;02:25;23;02:45;23;02:45;23;02:50;23;02:50;23;02:55;23;02:55;23;03:00;23;03:00;23;03:05;23;03:05;23;03:10;23;03:10;23;03:15;23;03:15;23;03:20;23;03:20;23;03:25;23;03:25;23;03:30;23;03:30;23;03:35;23;03:35;23;03:40;23;03:40;23;03:55;;;;;;;;;;;;;;;;;23;03:55;23;03:55;24;00:15;;;;;;;;;;;;;;;;;;;;;;;;;;;;;;;;;;;;;;;;;;;;;;;;;;;;;;;;;;;;;;;;;;;;;;;
S2025;3953;32.0;225.0;7.5;0;0;0;22;04:30;12.75;23.17;0.0;35.92;ADM;30;BERÇO ARM 39;23;16:25;23;16:45;23;16:45;23;16:50;23;16:50;23;16:55;23;16:55;23;17:30;;;;;;;;;;;;;;;;;;;;;;;;;;;;;;;;;;;;;;;;;;;;;;;;;;;;;23;17:30;23;17:30;26;03:05;;;;;;;;;;;;;;;;;;;;;;;;;;;;;;;;;;;;;;;;;;;;;;;;;;;;;;;;;;;;;;;;;;;;;;;
S2025;3954;28.0;179.87;8.9;0;0;0;22;08:00;2.08;21.67;2.0;25.75;TIPLAM - GL;60;BERÇO TIPLAM 1;23;09:45;23;10:05;23;10:05;23;10:10;23;10:10;23;10:15;23;10:15;23;10:20;23;10:20;23;10:25;23;10:25;23;10:30;23;10:30;23;10:35;23;10:35;23;10:40;23;10:40;23;10:45;23;10:45;23;10:50;23;10:50;23;10:55;23;10:55;23;11:00;23;11:00;23;11:05;23;11:05;23;11:10;23;11:10;23;11:15;23;11:15;23;11:35;23;11:35;23;11:50;23;11:50;23;11:50;25;12:00;;;;;;;;;;;;;;;;;;;;;;;;;;;;;;;;;;;;;;;;;;;;;;;;;;;;;;;;;;;;;;;;;;;;;;;
S2025;3965;25.0;156.53;7.65;0;0;0;22;23:00;1.0;0.0;2.08;3.08;AGEO_TERMINAIS;46;BERÇO IB BC;23;02:05;23;02:25;23;02:25;23;02:30;23;02:30;23;02:35;23;02:35;23;02:40;23;02:40;23;02:45;23;02:45;23;02:50;23;02:50;23;02:55;23;02:55;23;03:00;23;03:00;23;03:05;23;03:05;23;03:10;23;03:10;23;03:15;23;03:15;23;03:30;;;;;;;;;;;;;;;;;;;;;23;03:30;23;03:30;24;08:10;;;;;;;;;;;;;;;;;;;;;;;;;;;;;;;;;;;;;;;;;;;;;;;;;;;;;;;;;;;;;;;;;;;;;;;
S2025;3971;32.0;189.02;11.6;0;0;0;23;07:00;0.0;0.0;3.0;3.0;AGEO_TERMINAIS;1;BERÇO Ageo I;23;10:00;23;10:20;23;10:20;23;10:25;23;10:25;23;10:30;23;10:30;23;10:35;23;10:35;23;10:40;23;10:40;23;10:45;23;10:45;23;10:50;23;10:50;23;10:55;23;10:55;23;11:00;23;11:00;23;11:05;23;11:05;23;11:10;23;11:10;23;11:25;;;;;;;;;;;;;;;;;;;;;23;11:25;23;11:25;27;16:00;;;;;;;;;;;;;;;;;;;;;;;;;;;;;;;;;;;;;;;;;;;;;;;;;;;;;;;;;;;;;;;;;;;;;;;
S2025;3966;40.0;272.08;10.7;0;0;0;23;04:50;0.0;0.0;2.17;2.17;DPW - CGC;43;BERÇO DPW 2;23;07:00;23;07:20;23;07:20;23;07:25;23;07:25;23;07:30;23;07:30;23;07:35;23;07:35;23;07:40;23;07:40;23;07:45;23;07:45;23;07:50;23;07:50;23;07:55;23;07:55;23;08:00;23;08:00;23;08:05;23;08:05;23;08:20;;;;;;;;;;;;;;;;;;;;;;;;;23;08:20;23;08:20;24;15:55;;;;;;;;;;;;;;;;;;;;;;;;;;;;;;;;;;;;;;;;;;;;;;;;;;;;;;;;;;;;;;;;;;;;;;;
S2025;3972;32.0;263.23;12.7;0;0;0;23;07:00;0.0;0.0;0.25;0.25;SANTOSBR;54;BERÇO TECON 2;23;07:15;23;07:35;23;07:35;23;07:40;23;07:40;23;07:45;23;07:45;23;07:50;23;07:50;23;07:55;23;07:55;23;08:10;;;;;;;;;;;;;;;;;;;;;;;;;;;;;;;;;;;;;;;;;;;;;23;08:10;23;08:10;24;03:40;;;;;;;;;;;;;;;;;;;;;;;;;;;;;;;;;;;;;;;;;;;;;;;;;;;;;;;;;;;;;;;;;;;;;;;
S2025;3980;40.0;254.94;10.0;0;0;0;23;16:54;0.0;0.17;0.0;0.17;SANTOSBR;52;BERÇO TECON 1.1;23;17:05;23;17:25;23;17:25;23;17:30;23;17:30;23;17:35;23;17:35;23;17:40;23;17:40;23;17:45;23;17:45;23;18:00;;;;;;;;;;;;;;;;;;;;;;;;;;;;;;;;;;;;;;;;;;;;;23;18:00;23;18:00;24;15:15;;;;;;;;;;;;;;;;;;;;;;;;;;;;;;;;;;;;;;;;;;;;;;;;;;;;;;;;;;;;;;;;;;;;;;;
S2025;3975;38.0;240.0;7.1;0;0;0;23;12:00;0.0;0.0;1.5;1.5;TGG;59;BERÇO TGG;23;13:30;23;13:50;23;13:50;23;13:55;23;13:55;23;14:00;23;14:00;23;14:05;23;14:05;23;14:40;;;;;;;;;;;;;;;;;;;;;;;;;;;;;;;;;;;;;;;;;;;;;;;;;23;14:40;23;14:40;27;20:20;;;;;;;;;;;;;;;;;;;;;;;;;;;;;;;;;;;;;;;;;;;;;;;;;;;;;;;;;;;;;;;;;;;;;;;
S2025;3979;32.0;183.1;8.5;0;0;0;23;15:30;0.0;0.0;2.0;2.0;ADONAI;47;BERÇO IB SP;23;17:30;23;17:50;23;17:50;23;17:55;23;17:55;23;18:00;23;18:00;23;18:05;23;18:05;23;18:10;23;18:10;23;18:15;23;18:15;23;18:20;23;18:20;23;18:25;23;18:25;23;18:30;23;18:30;23;18:35;23;18:35;23;18:40;23;18:40;23;18:55;;;;;;;;;;;;;;;;;;;;;23;18:55;23;18:55;24;21:25;;;;;;;;;;;;;;;;;;;;;;;;;;;;;;;;;;;;;;;;;;;;;;;;;;;;;;;;;;;;;;;;;;;;;;;
