VESSEL_BEAM;VESSEL_LOA;VESSEL_DRAFT;VESSEL_EXIT_DRAFT;DIRECTION;ARRIVAL_HOUR;ARRIVAL_MINUTE;ARRIVAL_WEEKDAY;ARRIVAL_WEEKDAY_NUM;ARRIVAL_DAY;DANGEROUS_FLAG;PASSENGER_FLAG;RORO_FLAG;TONNAGE;SERVICE_DURATION;WAIT_FOR_SERVICE;WAIT_FOR_UNDOCK;ARRIVAL_MONTH;ARRIVAL_MONTH_NUM;TERMINAL;TERMINAL_ID;VESSEL_SIZE_CATEGORY;VESSEL_MARKET_CATEGORY;ARRIVAL_ID;DEMAND_SCENARIO
32.0;229.07;7.56;12.75;1.0;3;4;;2;1;False;False;False;;65.08;0;;;1;Autoridade - Ponta;6;;GSA - E;1;D016
34.0;201.9;7.99;13.1;1.0;6;0;;2;1;False;False;False;;68.63;1.2;;;1;TUP - DPW - CGNC;52;;CGNC;2;D016
40.0;272.08;10.6;9.2;2.0;6;30;;2;1;False;False;False;;18.98;1.55;;;1;Santos Brasil;32;;CGC;3;D016
23.0;164.34;7.8;6.8;2.0;8;0;;2;1;False;False;False;;24.25;2.08;;;1;TUP - Terminal Marítimo Dow;54;;GL;4;D016
43.0;270.93;11.3;9.7;2.0;9;18;;2;1;False;False;False;;30.08;2.53;;;1;TUP - DPW - CGC;51;;CGC;5;D016
33.0;209.75;11.0;9.2;2.0;11;24;;2;1;False;False;False;;15.43;1.62;;;1;Santos Brasil;32;;CGC;6;D016
42.0;334.07;12.0;10.8;2.0;15;53;;2;1;False;False;False;;15.17;2.7;;;1;Santos Brasil;32;;CGC;7;D016
25.0;182.47;8.2;9.5;2.0;16;45;;2;1;False;False;False;;19.93;1.03;;;1;Santos Brasil;32;;CGC;8;D016
18.0;85.34;4.2;5.5;1.0;18;5;;2;1;False;False;False;;70.42;0.08;;;1;TUP - Saipem;53;;CGNC;9;D016
40.0;299.99;9.8;9.2;2.0;19;30;;2;1;False;False;False;;37.42;2.17;;;1;TUP - DPW - CGC;51;;CGC;10;D016
40.0;304.16;11.0;11.3;2.0;20;18;;2;1;False;False;False;;8.4;2.25;;;1;BTP;9;;CGC;11;D016
18.0;116.9;4.8;4.52;1.0;20;20;;2;1;False;False;False;;20.68;0.35;;;1;Ageo Terminais ;2;;GL;12;D016
34.0;201.9;8.15;10.2;1.0;21;30;;2;1;False;False;False;;48.2;1.7;;;1;TUP - DPW - CGNC;52;;CGNC;13;D016
25.0;156.53;8.7;9.3;1.0;0;35;;3;2;False;False;False;;50.57;0;;;1;Outros - Píer da Alamoa;30;;GL;14;D016
32.0;189.99;12.74;6.2;2.0;3;18;;3;2;False;False;False;;113.5;21.55;;;1;Terminal Marítimo do Guarujá (Termag);43;;GSM - I;15;D016
32.0;189.99;5.6;9.63;1.0;3;18;;3;2;False;False;False;;34.0;4.45;;;1;Autoridade - Out;5;;GSA - E;16;D016
44.0;323.0;8.6;8.6;3.0;7;0;;3;2;False;True;False;;10.67;0;;;1;Concais;11;;PASSAGEIROS;17;D016
31.0;198.0;9.7;7.35;2.0;8;6;;3;2;False;False;False;;135.33;0;;;1;Outros - Cais do Saboó;28;;GL;18;D016
28.0;179.99;7.5;7.2;2.0;9;0;;3;2;False;False;False;;55.53;2.83;;;1;Outros - Cais do Outeirinhos;26;;GSM - I;19;D016
17.0;75.2;4.5;5.0;1.0;10;30;;3;2;False;False;False;;6.33;0.17;;;1;TUP - Saipem;53;;CGNC;20;D016
32.0;201.8;8.0;11.9;1.0;12;0;;3;2;False;False;False;;71.2;0;;;1;Outros - Cais do Macuco;25;;CGNC;21;D016
43.0;272.0;12.1;14.2;2.0;12;0;;3;2;False;False;False;;16.72;3.18;;;1;BTP;9;;CGC;22;D016
32.0;294.09;10.0;13.1;2.0;14;0;;3;2;False;False;False;;14.75;2.8;;;1;BTP;9;;CGC;23;D016
32.0;199.9;6.6;12.97;1.0;14;0;;3;2;False;False;False;;42.45;0.92;;;1;Autoridade - Out;5;;GSA - E;24;D016
45.0;299.9;11.8;10.7;2.0;15;23;;3;2;False;False;False;;16.8;2.52;;;1;BTP;9;;CGC;25;D016
22.0;189.99;6.7;11.62;1.0;15;30;;3;2;False;False;False;;28.5;2.25;;;1;Autoridade - Out;5;;GSA - E;26;D016
26.0;170.0;7.55;9.8;1.0;2;0;;4;3;False;False;False;;56.07;12.55;;;1;TUP - Cutrale - GL;49;;GL;27;D016
30.0;222.14;9.7;9.6;2.0;2;0;;4;3;False;False;False;;5.18;2.92;;;1;Santos Brasil;32;;CGC;28;D016
32.0;225.0;8.0;9.0;1.0;3;0;;4;3;False;False;False;;14.47;4.08;;;1;Autoridade - Macuco;4;;CGNC;29;D016
32.0;225.0;9.0;14.3;1.0;3;0;;4;3;False;False;False;;145.22;18.67;;;1;TUP - DPW - CGNC;52;;CGNC;30;D016
38.0;255.4;13.0;11.5;1.0;4;35;;4;3;False;False;False;;18.88;1.3;;;1;TUP - DPW - CGC;51;;CGC;31;D016
48.0;299.18;13.1;10.7;2.0;5;0;;4;3;False;False;False;;18.65;2.28;;;1;Santos Brasil;32;;CGC;32;D016
38.0;333.33;8.6;8.6;3.0;6;25;;4;3;False;True;False;;11.33;0;;;1;Concais;11;;PASSAGEIROS;33;D016
45.0;299.9;11.5;13.4;1.0;7;0;;4;3;False;False;False;;13.97;2.18;;;1;BTP;9;;CGC;34;D016
25.0;195.92;6.3;6.8;1.0;7;29;;4;3;False;False;True;;4.5;13.75;;;1;TEV;45;;CGNC;35;D016
18.0;116.26;4.9;6.3;1.0;10;18;;4;3;False;False;False;;8.28;22.98;;;1;Autoridade - Saboo;7;;CGC;36;D016
40.0;276.2;8.3;9.5;1.0;11;3;;4;3;False;False;False;;6.42;1.6;;;1;BTP;9;;CGC;37;D016
33.0;224.96;7.0;13.58;1.0;11;36;;4;3;False;False;False;;96.17;0;;;1;T-Grão;46;;GSA - E;38;D016
37.0;227.92;11.7;11.4;2.0;12;30;;4;3;False;False;False;;24.18;1.38;;;1;Santos Brasil;32;;CGC;39;D016
32.0;182.88;8.0;10.4;1.0;14;30;;4;3;False;False;False;;34.4;3.73;;;1;Transpetro;47;;GL;40;D016
24.0;145.0;9.5;9.6;2.0;16;0;;4;3;False;False;False;;46.75;0;;;1;Ageo Terminais ;2;;GL;41;D016
48.0;330.0;14.1;11.9;2.0;16;30;;4;3;False;False;False;;26.75;3.13;;;1;BTP;9;;CGC;42;D016
27.0;158.98;8.7;7.3;2.0;21;12;;4;3;False;False;False;;32.33;12.5;;;1;Ultracargo;59;;GL;43;D016
32.0;183.1;7.85;8.8;1.0;22;0;;4;3;False;False;False;;28.87;0;;;1;Outros - Píer da Alamoa;30;;GL;44;D016
32.0;263.23;12.0;11.7;1.0;23;0;;4;3;False;False;False;;15.12;1.2;;;1;TUP - DPW - CGC;51;;CGC;45;D016
51.0;335.0;12.5;10.5;2.0;23;30;;4;3;False;False;False;;29.88;2.73;;;1;Santos Brasil;32;;CGC;46;D016
24.0;145.53;9.7;8.85;2.0;3;0;;5;4;False;False;False;;25.0;0.42;;;1;Ageo Terminais ;2;;GL;47;D016
48.0;299.89;11.5;14.1;1.0;3;0;;5;4;False;False;False;;25.35;1.55;;;1;BTP;9;;CGC;48;D016
52.0;331.43;8.7;8.6;3.0;5;0;;5;4;False;True;False;;11.75;0;;;1;Concais;11;;PASSAGEIROS;49;D016
50.0;305.0;8.5;8.5;3.0;6;0;;5;4;False;True;False;;10.92;0;;;1;Concais;11;;PASSAGEIROS;50;D016
30.0;179.99;6.4;8.9;1.0;6;0;;5;4;False;False;False;;64.6;0.08;;;1;Eldorado (Rishis);14;;GL;51;D016
40.0;304.16;13.4;11.9;2.0;6;1;;5;4;False;False;False;;17.23;2.1;;;1;Santos Brasil;32;;CGC;52;D016
37.0;255.36;10.5;11.25;2.0;7;30;;5;4;False;False;False;;10.73;1.47;;;1;Santos Brasil;32;;CGC;53;D016
30.0;210.56;8.1;11.4;1.0;8;30;;5;4;False;False;False;;73.33;0.17;;;1;Outros - Cais do Macuco;25;;GL;54;D016
32.0;199.9;7.1;10.45;1.0;10;36;;5;4;False;False;False;;55.42;2.08;;;1;Outros - Cais do Macuco;25;;CGNC;55;D016
22.0;119.9;7.2;6.7;1.0;12;30;;5;4;False;False;False;;42.17;0.1;;;1;Ageo Terminais ;2;;GL;56;D016
32.0;229.0;14.2;7.17;2.0;15;0;;5;4;False;False;False;;139.47;3.0;;;1;Terminal Marítimo do Guarujá (Termag);43;;GSM - I;57;D016
32.0;262.08;8.15;11.2;2.0;18;30;;5;4;False;False;False;;12.95;1.32;;;1;Santos Brasil;32;;CGC;58;D016
40.0;299.95;10.9;12.5;1.0;20;0;;5;4;False;False;False;;16.18;1.23;;;1;TUP - DPW - CGC;51;;CGC;59;D016
40.0;293.2;10.8;10.7;2.0;23;30;;5;4;False;False;False;;16.88;2.62;;;1;BTP;9;;CGC;60;D016
37.0;227.92;11.4;10.6;2.0;1;55;;6;5;False;False;False;;4.23;1.72;;;1;BTP;9;;CGC;61;D016
48.0;333.2;10.15;13.4;2.0;6;0;;6;5;False;False;False;;32.05;1.68;;;1;Santos Brasil;32;;CGC;62;D016
44.0;323.0;8.6;8.6;3.0;6;0;;6;5;False;True;False;;11.08;0;;;1;Concais;11;;PASSAGEIROS;63;D016
44.0;289.59;8.3;8.35;3.0;6;30;;6;5;False;True;False;;10.67;0;;;1;Concais;11;;PASSAGEIROS;64;D016
45.0;299.9;13.85;11.85;2.0;12;0;;6;5;False;False;False;;24.27;2.32;;;1;Santos Brasil;32;;CGC;65;D016
24.0;145.0;9.6;8.45;2.0;16;35;;6;5;False;False;False;;26.95;0;;;1;Outros - Píer da Alamoa;30;;GL;66;D016
32.0;183.1;8.8;9.2;1.0;17;0;;6;5;False;False;False;;29.33;4.58;;;1;Adonai Química;1;;GL;67;D016
31.0;213.4;11.78;11.95;1.0;18;40;;6;5;False;False;False;;87.72;1.83;;;1;TUP - DPW - CGNC;52;;CGNC;68;D016
28.0;172.0;9.0;8.95;2.0;23;10;;6;5;False;False;False;;13.23;1.67;;;1;TUP - DPW - CGC;51;;CGC;69;D016
35.0;185.99;9.2;10.9;2.0;3;0;;0;6;False;False;False;;11.32;1.47;;;1;Santos Brasil;32;;CGC;70;D016
45.83;334.98;10.3;13.0;1.0;5;0;;0;6;False;False;False;;32.42;1.63;;;1;TUP - DPW - CGC;51;;CGC;71;D016
21.0;138.54;5.9;5.8;1.0;6;30;;0;6;False;False;False;;0.02;0.83;;;1;Autoridade - Saboo;7;;CGNC;72;D016
32.3;189.99;6.19;11.75;1.0;7;0;;0;6;False;False;False;;61.5;3.05;;;1;TUP - Tiplam - GSA - E;56;;GSA - E;73;D016
36.0;210.0;11.55;11.05;2.0;7;24;;0;6;False;False;False;;10.0;6.73;;;1;Autoridade - Saboo;7;;CGC;74;D016
17.0;75.2;4.15;5.0;1.0;8;10;;0;6;False;False;False;;5.0;0.17;;;1;TUP - Saipem;53;;CGNC;75;D016
32.0;204.35;11.6;12.65;1.0;8;30;;0;6;False;False;False;;38.58;3.48;;;1;TUP - DPW - CGNC;52;;CGNC;76;D016
23.0;142.4;7.0;6.1;2.0;9;30;;0;6;False;False;False;;27.7;0.43;;;1;Ageo Terminais ;2;;GL;77;D016
32.0;199.98;8.53;13.43;1.0;12;0;;0;6;False;False;False;;56.33;3.25;;;1;T-Grão;46;;GSA - E;78;D016
32.0;183.06;11.4;9.0;2.0;12;0;;0;6;False;False;False;;62.3;0.35;;;1;Ageo Terminais ;2;;GL;79;D016
30.0;182.9;11.3;9.8;2.0;12;0;;0;6;False;False;False;;58.97;0;;;1;Outros - Píer da Alamoa;30;;GL;80;D016
33.0;180.4;10.28;5.88;2.0;13;0;;0;6;False;False;False;;159.0;0.67;;;1;Bracell;8;;GSA - I;81;D016
26.0;157.4;6.1;8.7;1.0;13;30;;0;6;False;False;False;;33.28;4.78;;;1;TUP - Cutrale - GL;49;;GL;82;D016
32.0;263.23;10.1;11.5;1.0;13;30;;0;6;False;False;False;;9.47;1.08;;;1;TUP - DPW - CGC;51;;CGC;83;D016
18.0;116.82;5.0;7.4;1.0;14;30;;0;6;False;False;False;;31.75;0.45;;;1;Ageo Terminais ;2;;GL;84;D016
33.0;199.9;7.5;7.9;1.0;16;30;;0;6;False;False;False;;95.67;6.0;;;1;Autoridade - Saboo;7;;CGNC;85;D016
45.0;299.9;10.95;12.95;1.0;21;0;;0;6;False;False;False;;22.05;5.45;;;1;BTP;9;;CGC;86;D016
51.0;335.93;13.3;11.5;2.0;21;18;;0;6;False;False;False;;29.02;3.48;;;1;Santos Brasil;32;;CGC;87;D016
37.0;210.0;8.45;12.2;1.0;21;30;;0;6;False;False;False;;30.9;2.75;;;1;Autoridade - Ponta;6;;GSA - E;88;D016
48.0;299.95;11.0;9.9;2.0;21;54;;0;6;False;False;False;;21.53;1.68;;;1;Santos Brasil;32;;CGC;89;D016
28.0;179.99;8.0;10.8;1.0;22;48;;0;6;False;False;False;;72.92;0;;;1;Ageo Terminais ;2;;GL;90;D016
29.0;175.53;9.94;5.6;2.0;1;0;;1;7;False;False;False;;159.33;1.83;;;1;TUP - Tiplam - GSM - I;57;;GSM - I;91;D016
43.0;270.9;10.8;10.9;2.0;3;0;;1;7;False;False;False;;38.1;2.38;;;1;TUP - DPW - CGC;51;;CGC;92;D016
48.0;299.99;11.5;14.2;1.0;4;0;;1;7;False;False;False;;25.15;3.82;;;1;BTP;9;;CGC;93;D016
32.0;260.66;11.5;10.6;2.0;4;20;;1;7;False;False;False;;18.88;4.1;;;1;BTP;9;;CGC;94;D016
31.0;212.54;8.7;10.3;1.0;10;0;;1;7;False;False;False;;15.18;1.47;;;1;TUP - DPW - CGC;51;;CGC;95;D016
37.0;227.92;9.9;11.4;1.0;12;30;;1;7;False;False;False;;4.82;1.47;;;1;Santos Brasil;32;;CGC;96;D016
32.0;204.38;11.43;10.74;2.0;17;30;;1;7;False;False;False;;26.05;2.13;;;1;Autoridade - Saboo;7;;CGNC;97;D016
32.0;186.07;8.2;8.0;2.0;20;4;;1;7;False;False;False;;39.58;0;;;1;Ageo Terminais ;2;;GL;98;D016
22.0;189.99;11.62;12.27;1.0;20;30;;1;7;False;False;False;;36.78;1.57;;;1;Outros - Cais da Ponta da Praia;23;;GSA - E;99;D016
43.0;346.98;9.8;9.0;2.0;23;6;;1;7;False;False;False;;8.3;2.27;;;1;Santos Brasil;32;;CGC;100;D016
40.0;272.05;10.05;8.9;2.0;2;0;;2;8;False;False;False;;12.82;1.43;;;1;Santos Brasil;32;;CGC;101;D016
48.0;328.46;11.9;13.8;1.0;4;30;;2;8;False;False;False;;15.7;2.57;;;1;BTP;9;;CGC;102;D016
48.0;328.46;14.5;12.7;2.0;5;6;;2;8;False;False;False;;26.57;3.07;;;1;BTP;9;;CGNC;103;D016
9.0;210.54;8.3;9.55;1.0;5;10;;2;8;False;False;False;;23.07;3.55;;;1;TUP - DPW - CGC;51;;CGC;104;D016
32.0;213.88;8.5;8.3;2.0;7;30;;2;8;False;False;False;;16.2;0.32;;;1;BTP;9;;CGNC;105;D016
38.0;229.2;7.9;13.38;1.0;7;45;;2;8;False;False;False;;124.82;17.98;;;1;Outros - Cais do Paquetá;27;;GSA - E;106;D016
28.0;179.99;9.33;5.92;2.0;9;0;;2;8;False;False;False;;167.5;0;;;1;Outros - Cais do Saboó;28;;GSM - I;107;D016
32.0;231.0;11.5;12.0;2.0;10;0;;2;8;False;False;False;;18.82;1.82;;;1;Santos Brasil;32;;CGC;108;D016
32.0;189.99;6.25;11.62;1.0;10;6;;2;8;False;False;False;;31.58;6.17;;;1;Autoridade - Out;5;;GSA - E;109;D016
30.0;199.08;7.5;7.2;2.0;12;55;;2;8;False;False;False;;84.0;7.75;;;1;Outros - Cais do Outeirinhos;26;;GSM - I;110;D016
25.0;182.47;7.6;9.3;2.0;13;0;;2;8;False;False;False;;32.8;3.78;;;1;Santos Brasil;32;;CGC;111;D016
33.0;177.9;8.2;8.2;1.0;13;20;;2;8;False;False;False;;144.0;0.17;;;1;TUP - Saipem;53;;CGNC;112;D016
32.25;294.1;12.55;11.4;2.0;17;0;;2;8;False;False;False;;24.0;2.23;;;1;TUP - DPW - CGC;51;;CGC;113;D016
24.0;146.6;5.8;6.1;1.0;19;54;;2;8;False;False;False;;18.17;4.37;;;1;Stolthaven;33;;GL;114;D016
35.0;228.95;7.3;13.01;1.0;21;0;;2;8;False;False;False;;47.8;0;;;1;Autoridade - Ponta;6;;GSA - E;115;D016
45.86;334.8;13.9;11.8;2.0;23;36;;2;8;False;False;False;;33.55;1.65;;;1;TUP - DPW - CGC;51;;CGC;116;D016
48.0;329.86;12.4;14.5;2.0;0;1;;3;9;False;False;False;;34.12;2.4;;;1;BTP;9;;CGC;117;D016
40.0;284.71;10.1;12.9;1.0;4;12;;3;9;False;False;False;;16.05;3.68;;;1;TUP - DPW - CGC;51;;CGC;118;D016
21.0;134.75;7.9;5.3;2.0;4;23;;3;9;False;False;False;;49.8;0;;;1;Ageo Terminais ;2;;GL;119;D016
44.0;323.0;8.5;8.6;3.0;4;57;;3;9;False;True;False;;11.92;0;;;1;Concais;11;;PASSAGEIROS;120;D016
37.0;255.0;10.3;10.2;2.0;5;30;;3;9;False;False;False;;15.58;1.73;;;1;Santos Brasil;32;;CGC;121;D016
27.4;183.98;7.4;9.65;1.0;6;6;;3;9;False;False;False;;30.0;4.85;;;1;Transpetro;47;;GL;122;D016
32.23;183.05;8.8;11.15;1.0;7;45;;3;9;False;False;False;;27.9;4.57;;;1;Transpetro;47;;GL;123;D016
19.0;88.8;4.9;5.3;1.0;14;5;;3;9;False;False;False;;58.0;0.08;;;1;TUP - Saipem;53;;CGNC;124;D016
51.0;336.0;10.8;12.8;1.0;15;0;;3;9;False;False;False;;31.87;2.28;;;1;Santos Brasil;32;;CGC;125;D016
32.0;189.99;12.24;6.7;2.0;15;30;;3;9;False;False;False;;192.8;9.65;;;1;Terminal Marítimo do Guarujá (Termag);43;;GSM - I;126;D016
36.0;199.99;8.65;9.85;1.0;17;30;;3;9;False;False;False;;30.77;0.08;;;1;Outros - Libra Terminais;29;;CGNC;127;D016
46.0;334.8;10.1;12.8;1.0;19;12;;3;9;False;False;False;;30.35;0.78;;;1;TUP - DPW - CGC;51;;CGC;128;D016
45.0;299.9;10.1;12.8;2.0;20;54;;3;9;False;False;False;;15.57;1.85;;;1;BTP;9;;CGC;129;D016
48.0;299.99;11.3;9.7;2.0;0;45;;4;10;False;False;False;;14.42;2.08;;;1;BTP;9;;CGC;130;D016
32.0;225.0;9.25;14.05;1.0;1;10;;4;10;False;False;False;;56.7;4.12;;;1;TUP - DPW - CGNC;52;;CGNC;131;D016
32.0;258.89;9.0;8.5;2.0;1;42;;4;10;False;False;False;;1.42;1.37;;;1;Santos Brasil;32;;CGC;132;D016
32.0;199.9;7.6;13.19;1.0;3;12;;4;10;False;False;False;;94.95;3.57;;;1;Temrinal de Exportação de Açúcar do Guarujá (TEAG);37;;GSA - E;133;D016
28.0;186.36;9.0;9.4;1.0;6;0;;4;10;False;False;False;;12.02;1.32;;;1;Santos Brasil;32;;CGC;134;D016
38.0;333.33;8.6;8.6;3.0;6;25;;4;10;False;True;False;;11.42;0;;;1;Concais;11;;PASSAGEIROS;135;D016
32.31;189.99;9.18;6.7;2.0;7;0;;4;10;False;False;False;;125.75;2.88;;;1;TUP - Usiminas;58;;CGNC;136;D016
28.0;179.87;8.5;7.6;2.0;8;45;;4;10;False;False;False;;19.7;6.0;;;1;TUP - Tiplam - GL;55;;GL;137;D016
32.0;231.0;12.0;12.0;1.0;13;54;;4;10;False;False;False;;14.02;1.17;;;1;TUP - DPW - CGC;51;;CGC;138;D016
30.0;199.2;11.15;11.7;1.0;15;0;;4;10;False;False;False;;12.28;1.38;;;1;Outros - Cais do Macuco;25;;CGNC;139;D016
32.0;199.98;6.48;11.86;1.0;15;36;;4;10;False;False;False;;75.47;0;;;1;Autoridade - Ponta;6;;GSA - E;140;D016
32.0;190.0;11.71;12.08;1.0;17;0;;4;10;False;False;False;;4.25;0.83;;;1;T-Grão;46;;GSA - E;141;D016
38.0;230.0;10.92;13.91;1.0;1;10;;5;11;False;False;False;;30.22;2.25;;;1;Terminal ADM do Brasil;39;;GSA - E;142;D016
23.0;164.34;8.0;6.9;2.0;3;0;;5;11;False;False;False;;25.08;2.08;;;1;TUP - Terminal Marítimo Dow;54;;GL;143;D016
50.0;305.0;8.6;8.5;3.0;6;0;;5;11;False;True;False;;10.42;0;;;1;Concais;11;;PASSAGEIROS;144;D016
52.0;331.43;8.65;8.65;3.0;6;45;;5;11;False;True;False;;9.58;0;;;1;Concais;11;;PASSAGEIROS;145;D016
40.0;272.08;10.2;11.75;2.0;7;0;;5;11;False;False;False;;13.73;1.98;;;1;Santos Brasil;32;;CGC;146;D016
51.0;336.0;14.3;12.0;2.0;9;48;;5;11;False;False;False;;20.75;4.05;;;1;Santos Brasil;32;;CGNC;147;D016
40.0;306.0;12.0;13.7;1.0;12;30;;5;11;False;False;False;;19.23;1.17;;;1;TUP - DPW - CGC;51;;CGC;148;D016
36.0;199.99;9.85;10.9;1.0;14;15;;5;11;False;False;False;;23.87;1.88;;;1;Outros - Cais do Macuco;25;;CGNC;149;D016
32.06;179.89;8.0;6.5;2.0;14;30;;5;11;False;False;False;;56.17;6.07;;;1;TUP - Tiplam - GSM - I;57;;GSM - I;150;D016
28.0;183.2;8.5;8.8;1.0;16;0;;5;11;False;False;False;;20.8;4.1;;;1;Transpetro;47;;GL;151;D016
32.0;180.0;7.4;8.48;1.0;18;0;;5;11;False;False;False;;147.75;0.1;;;1;Outros - Libra Terminais;29;;CGNC;152;D016
37.0;228.41;7.42;12.75;1.0;18;24;;5;11;False;False;False;;68.5;4.38;;;1;Autoridade - Out;5;;GSA - E;153;D016
48.0;333.17;11.4;12.9;2.0;19;30;;5;11;False;False;False;;21.97;2.12;;;1;Santos Brasil;32;;CGC;154;D016
48.0;299.88;9.8;11.6;1.0;23;50;;5;11;False;False;False;;11.63;2.37;;;1;BTP;9;;CGC;155;D016
48.0;330.03;14.0;12.1;2.0;5;48;;6;12;False;False;False;;21.0;2.22;;;1;BTP;9;;CGC;156;D016
44.0;289.59;8.3;8.3;3.0;6;30;;6;12;False;True;False;;10.58;0;;;1;Concais;11;;PASSAGEIROS;157;D016
32.0;190.0;6.06;13.19;1.0;7;30;;6;12;False;False;False;;28.9;2.18;;;1;Outros - Cais da Ponta da Praia;23;;GSA - E;158;D016
44.0;323.0;8.65;8.65;3.0;7;30;;6;12;False;True;False;;9.5;0;;;1;Concais;11;;PASSAGEIROS;159;D016
30.0;218.45;7.6;11.3;2.0;9;0;;6;12;False;False;False;;18.27;1.3;;;1;Santos Brasil;32;;CGC;160;D016
32.0;229.0;6.8;13.45;1.0;11;0;;6;12;False;False;False;;55.08;4.83;;;1;T-Grão;46;;GSA - E;161;D016
45.0;299.9;14.5;12.0;2.0;13;0;;6;12;False;False;False;;17.77;5.55;;;1;Santos Brasil;32;;CGC;162;D016
43.0;270.9;10.5;9.4;2.0;15;48;;6;12;False;False;False;;33.13;1.47;;;1;TUP - DPW - CGC;51;;CGC;163;D016
27.0;170.7;9.81;5.9;2.0;17;0;;6;12;False;False;False;;123.58;4.33;;;1;Bracell;8;;GSA - I;164;D016
26.0;168.03;9.4;10.3;2.0;18;40;;6;12;False;False;False;;12.58;0.85;;;1;TUP - DPW - CGC;51;;CGC;165;D016
44.0;248.97;9.3;11.0;1.0;20;4;;6;12;False;False;False;;78.6;0.93;;;1;Transpetro;47;;GL;166;D016
32.0;199.98;11.7;6.81;2.0;20;13;;6;12;False;False;False;;222.0;11.87;;;1;Outros - Cais do Macuco;25;;GSM - I;167;D016
32.0;225.0;8.5;13.5;1.0;2;37;;0;13;False;False;False;;83.67;3.67;;;1;Outros - Cais do Macuco;25;;CGNC;168;D016
32.2;225.0;7.24;12.85;1.0;5;30;;0;13;False;False;False;;131.98;0.4;;;1;Temrinal de Exportação de Açúcar do Guarujá (TEAG);37;;GSA - E;169;D016
48.0;300.07;13.4;11.0;2.0;5;30;;0;13;False;False;False;;14.55;2.5;;;1;BTP;9;;CGC;170;D016
36.0;200.0;10.9;11.0;2.0;5;46;;0;13;False;False;False;;13.25;7.05;;;1;Santos Brasil;32;;CGC;171;D016
32.0;229.0;6.67;13.29;1.0;10;18;;0;13;False;False;False;;159.67;8.58;;;1;T-Grão;46;;GSA - E;172;D016
32.0;182.5;9.5;11.2;1.0;15;0;;0;13;False;False;False;;21.2;5.13;;;1;Transpetro;47;;GL;173;D016
32.0;179.95;6.65;10.62;1.0;17;0;;0;13;False;False;False;;156.27;0.25;;;1;Temrinal de Exportação de Açúcar do Guarujá (TEAG);37;;GSA - E;174;D016
30.0;222.14;10.1;11.0;2.0;19;0;;0;13;False;False;False;;6.5;5.18;;;1;Santos Brasil;32;;CGC;175;D016
43.0;254.95;8.1;12.69;1.0;20;42;;0;13;False;False;False;;111.5;2.92;;;1;Terminal ADM do Brasil;39;;GSA - E;176;D016
48.0;299.95;8.9;11.7;1.0;22;36;;0;13;False;False;False;;18.37;2.3;;;1;BTP;9;;CGC;177;D016
25.0;156.53;7.8;6.4;2.0;3;0;;1;14;False;False;False;;32.92;3.75;;;1;Ultracargo;59;;GL;178;D016
49.0;299.97;11.0;12.7;1.0;5;0;;1;14;False;False;False;;20.53;1.85;;;1;BTP;9;;CGC;179;D016
29.0;180.0;7.8;7.7;2.0;5;30;;1;14;False;False;False;;6.3;2.8;;;1;Transpetro;47;;GL;180;D016
42.0;334.07;10.7;14.0;2.0;7;0;;1;14;False;False;False;;21.12;2.62;;;1;BTP;9;;CGC;181;D016
48.0;333.2;11.7;9.85;2.0;8;0;;1;14;False;False;False;;20.52;1.87;;;1;Santos Brasil;32;;CGC;182;D016
48.0;328.46;10.7;13.5;1.0;8;42;;1;14;False;False;False;;27.77;3.92;;;1;BTP;9;;CGC;183;D016
30.0;208.85;10.3;9.8;1.0;9;54;;1;14;False;False;False;;11.73;1.52;;;1;TUP - DPW - CGC;51;;CGC;184;D016
32.0;189.99;7.62;6.61;2.0;14;11;;1;14;False;False;False;;46.5;4.32;;;1;Outros - Cais do Macuco;25;;GSM - I;185;D016
42.0;333.99;9.7;12.0;1.0;15;0;;1;14;False;False;False;;32.45;0.78;;;1;TUP - DPW - CGC;51;;CGC;186;D016
25.0;160.0;7.5;6.8;1.0;22;0;;1;14;False;False;False;;28.75;15.25;;;1;Ultracargo;59;;GL;187;D016
32.0;189.99;6.54;12.85;1.0;22;0;;1;14;False;False;False;;127.17;11.63;;;1;Terminal ADM do Brasil;39;;GSA - E;188;D016
32.0;228.99;6.6;13.83;1.0;23;12;;1;14;False;False;False;;83.17;2.92;;;1;Terminal de Granéis do Guarujá (TGG);40;;GSA - E;189;D016
40.0;275.0;13.3;11.8;2.0;3;43;;2;15;False;False;False;;11.35;3.13;;;1;Santos Brasil;32;;CGC;190;D016
32.0;228.62;8.3;8.3;2.0;5;0;;2;15;False;False;False;;13.95;1.28;;;1;TUP - DPW - CGC;51;;CGC;191;D016
48.0;299.9;11.3;11.7;1.0;6;12;;2;15;False;False;False;;19.23;2.78;;;1;BTP;9;;CGC;192;D016
44.0;323.0;8.6;8.6;3.0;6;30;;2;15;False;True;False;;15.08;0;;;1;Concais;11;;PASSAGEIROS;193;D016
40.04;275.0;12.0;11.8;2.0;7;24;;2;15;False;False;False;;22.48;1.63;;;1;TUP - DPW - CGC;51;;CGC;194;D016
19.0;88.8;5.0;;1.0;8;20;;2;15;False;False;False;;18.67;0.17;;;1;TUP - Saipem;53;;CGNC;195;D016
42.0;270.07;10.9;9.4;2.0;10;30;;2;15;False;False;False;;22.08;2.7;;;1;BTP;9;;CGC;196;D016
40.0;299.2;11.2;10.7;2.0;13;0;;2;15;False;False;False;;34.05;1.68;;;1;TUP - DPW - CGC;51;;CGC;197;D016
32.0;183.2;7.0;9.2;1.0;13;44;;2;15;False;False;False;;25.0;5.17;;;1;Transpetro;47;;GL;198;D016
32.0;183.1;10.0;9.8;2.0;16;0;;2;15;False;False;False;;17.87;2.2;;;1;TUP - Terminal Marítimo Dow;54;;CGNC;199;D016
35.0;185.97;8.35;9.45;2.0;17;0;;2;15;False;False;False;;6.68;7.37;;;1;Santos Brasil;32;;CGC;200;D016
25.0;182.47;7.5;9.8;2.0;17;0;;2;15;False;False;False;;8.37;1.75;;;1;Santos Brasil;32;;CGC;201;D016
37.0;255.4;12.9;11.65;1.0;18;0;;2;15;False;False;False;;16.92;2.12;;;1;TUP - DPW - CGC;51;;CGC;202;D016
32.0;228.99;7.16;13.21;1.0;19;30;;2;15;False;False;False;;114.93;0;;;1;Outros - Cais da Ponta da Praia;23;;GSA - E;203;D016
32.0;228.0;9.7;7.5;2.0;19;42;;2;15;False;False;False;;88.83;0;;;1;Outros - Píer da Alamoa;30;;GL;204;D016
37.0;254.73;10.8;10.6;2.0;23;50;;2;15;False;False;False;;7.05;1.5;;;1;Santos Brasil;32;;CGC;205;D016
32.0;229.0;8.98;14.2;1.0;0;1;;3;16;False;False;False;;53.5;2.25;;;1;T-Grão;46;;GSA - E;206;D016
27.0;169.37;5.33;9.08;1.0;0;1;;3;16;False;False;False;;109.65;8.1;;;1;TUP - Usiminas;58;;CGNC;207;D016
32.0;199.94;7.6;9.0;1.0;6;30;;3;16;False;False;True;;39.97;3.58;;;1;TEV;45;;RORO ;208;D016
18.0;85.34;5.0;4.6;1.0;9;5;;3;16;False;False;False;;72.08;0.08;;;1;TUP - Saipem;53;;CGNC;209;D016
32.0;183.06;9.5;11.6;1.0;10;0;;3;16;False;False;False;;54.5;2.97;;;1;Transpetro;47;;GL;210;D016
32.0;228.9;7.52;13.72;1.0;10;12;;3;16;False;False;False;;48.0;6.0;;;1;T-Grão;46;;GSA - E;211;D016
30.0;179.97;10.46;7.63;2.0;14;0;;3;16;False;False;False;;91.9;0;;;1;Outros - Cais do Saboó;28;;GL;212;D016
28.0;177.85;10.16;6.97;2.0;14;30;;3;16;False;False;False;;303.87;0;;;1;Outros - Cais do Paquetá;27;;GSA - I;213;D016
22.0;119.9;7.6;6.3;1.0;15;0;;3;16;False;False;False;;48.32;0;;;1;Ageo Terminais ;2;;GL;214;D016
32.0;199.9;6.4;11.9;1.0;17;45;;3;16;False;False;False;;81.9;0;;;1;Autoridade - Ponta;6;;GSA - E;215;D016
43.0;270.93;10.0;10.8;1.0;21;0;;3;16;False;False;False;;9.8;5.38;;;1;Santos Brasil;32;;CGC;216;D016
25.0;160.0;6.8;11.0;1.0;22;20;;3;16;False;False;False;;90.08;0;;;1;Ageo Terminais ;2;;GL;217;D016
17.0;82.3;4.4;5.0;3.0;22;40;;3;16;False;False;False;;18.17;0.17;;;1;TUP - Saipem;53;;CGNC;218;D016
32.0;183.1;9.8;9.5;2.0;22;52;;3;16;False;False;False;;60.35;0;;;1;Outros - Píer da Alamoa;30;;GL;219;D016
32.0;179.95;7.5;7.2;2.0;23;30;;3;16;False;False;False;;55.62;2.72;;;1;Outros - Cais do Outeirinhos;26;;GSM - I;220;D016
36.0;266.65;12.3;9.9;2.0;1;0;;4;17;False;False;False;;10.58;2.25;;;1;Santos Brasil;32;;CGC;221;D016
35.0;185.97;9.45;10.4;1.0;2;0;;4;17;False;False;False;;10.2;1.87;;;1;TUP - DPW - CGC;51;;CGC;222;D016
48.0;299.99;10.6;12.0;1.0;2;18;;4;17;False;False;False;;15.68;5.23;;;1;BTP;9;;CGC;223;D016
33.0;183.1;9.6;7.9;2.0;3;48;;4;17;False;False;False;;59.23;0;;;1;Ageo Terminais ;2;;GL;224;D016
30.0;222.15;10.0;9.45;2.0;4;0;;4;17;False;False;False;;4.65;1.47;;;1;Santos Brasil;32;;CGC;225;D016
28.0;172.0;7.7;7.3;2.0;5;0;;4;17;False;False;False;;11.82;7.72;;;1;Santos Brasil;32;;CGC;226;D016
32.0;199.9;8.12;11.1;1.0;5;5;;4;17;False;False;False;;41.0;0.08;;;1;Outros - Libra Terminais;29;;CGNC;227;D016
38.0;333.33;8.55;8.6;3.0;6;25;;4;17;False;True;False;;11.42;0;;;1;Concais;11;;PASSAGEIROS;228;D016
51.0;336.0;13.3;10.2;2.0;7;0;;4;17;False;False;False;;74.77;1.7;;;1;TUP - DPW - CGC;51;;CGC;229;D016
34.0;223.91;9.3;9.5;2.0;7;25;;4;17;False;False;False;;19.9;3.65;;;1;Santos Brasil;32;;CGC;230;D016
32.0;224.9;7.0;13.06;1.0;9;6;;4;17;False;False;False;;73.07;3.73;;;1;Terminal ADM do Brasil;39;;GSA - E;231;D016
51.0;336.0;14.4;11.8;2.0;9;52;;4;17;False;False;False;;20.15;1.7;;;1;Santos Brasil;32;;CGNC;232;D016
37.0;227.97;10.0;11.1;2.0;12;0;;4;17;False;False;False;;18.13;2.5;;;1;Santos Brasil;32;;CGC;233;D016
40.0;300.4;11.5;12.0;2.0;15;0;;4;17;False;False;False;;10.43;1.78;;;1;BTP;9;;CGC;234;D016
32.0;189.97;6.73;11.76;1.0;17;45;;4;17;False;False;False;;19.83;3.0;;;1;Autoridade - Out;5;;GSA - E;235;D016
43.0;270.93;10.9;12.8;1.0;19;1;;4;17;False;False;False;;20.1;1.37;;;1;TUP - DPW - CGC;51;;CGC;236;D016
17.0;82.3;5.0;4.5;1.0;21;20;;4;17;False;False;False;;88.5;0.08;;;1;TUP - Saipem;53;;CGNC;237;D016
32.0;183.0;8.0;9.5;1.0;23;10;;4;17;False;False;False;;20.0;12.17;;;1;Transpetro;47;;GL;238;D016
48.0;333.2;11.8;10.4;2.0;0;50;;5;18;False;False;False;;25.88;1.4;;;1;Santos Brasil;32;;CGC;239;D016
32.31;189.9;7.0;13.04;1.0;1;35;;5;18;False;False;False;;66.17;4.63;;;1;TUP - Tiplam - GSA - E;56;;GSA - E;240;D016
32.0;199.98;12.09;9.46;2.0;5;0;;5;18;False;False;False;;133.25;0;;;1;Outros - Cais do Macuco;25;;GL;241;D016
50.0;305.0;8.52;8.5;3.0;5;42;;5;18;False;True;False;;10.58;0;;;1;Concais;11;;PASSAGEIROS;242;D016
37.0;229.0;7.5;13.05;1.0;6;0;;5;18;False;False;False;;63.25;1.75;;;1;Terminal de Granéis do Guarujá (TGG);40;;GSA - E;243;D016
52.0;331.43;8.65;8.7;3.0;6;15;;5;18;False;True;False;;10.33;0;;;1;Concais;11;;PASSAGEIROS;244;D016
40.0;272.05;10.7;11.8;2.0;7;0;;5;18;False;False;False;;13.0;3.57;;;1;Santos Brasil;32;;CGC;245;D016
32.0;260.66;11.4;12.2;1.0;7;15;;5;18;False;False;False;;15.17;2.37;;;1;TUP - DPW - CGC;51;;CGC;246;D016
32.0;229.0;8.02;13.9;1.0;7;51;;5;18;False;False;False;;38.12;1.85;;;1;Autoridade - Out;5;;GSA - E;247;D016
51.0;335.93;10.0;13.0;1.0;8;30;;5;18;False;False;False;;21.63;1.8;;;1;Santos Brasil;32;;CGC;248;D016
24.0;199.98;9.4;8.32;2.0;11;18;;5;18;False;False;False;;56.35;4.7;;;1;TUP - Tiplam - GSM - I;57;;GSM - I;249;D016
45.0;299.9;10.75;13.35;2.0;14;0;;5;18;False;False;False;;48.78;1.78;;;1;Santos Brasil;32;;CGC;250;D016
18.0;116.9;4.6;4.5;1.0;14;6;;5;18;False;False;False;;20.58;0.5;;;1;Ageo Terminais ;2;;GL;251;D016
32.0;199.97;9.0;9.3;1.0;15;0;;5;18;False;False;True;;7.67;4.0;;;1;TEV;45;;RORO ;252;D016
40.0;272.02;13.2;10.5;2.0;16;20;;5;18;False;False;False;;26.63;2.88;;;1;BTP;9;;CGC;253;D016
32.0;199.0;8.8;9.4;1.0;17;30;;5;18;False;False;True;;7.5;5.62;;;1;TEV;45;;CGNC;254;D016
32.0;199.99;7.5;13.51;1.0;18;0;;5;18;False;False;False;;35.82;2.27;;;1;T-Grão;46;;GSA - E;255;D016
32.0;199.99;11.41;7.5;2.0;18;6;;5;18;False;False;False;;180.38;3.18;;;1;TUP - Tiplam - GSM - I;57;;GSM - I;256;D016
32.0;183.2;8.1;9.3;1.0;18;30;;5;18;False;False;False;;27.6;4.67;;;1;Transpetro;47;;GL;257;D016
48.0;330.0;11.6;14.2;2.0;1;48;;6;19;False;False;False;;29.75;3.05;;;1;BTP;9;;CGC;258;D016
32.0;188.0;6.4;11.35;1.0;2;23;;6;19;False;False;False;;27.42;3.75;;;1;Autoridade - Out;5;;GSA - E;259;D016
44.0;323.0;8.5;8.6;3.0;5;0;;6;19;False;True;False;;11.83;0;;;1;Concais;11;;PASSAGEIROS;260;D016
44.0;289.59;8.3;8.3;3.0;6;30;;6;19;False;True;False;;10.67;0;;;1;Concais;11;;PASSAGEIROS;261;D016
26.0;168.06;9.6;9.1;2.0;10;20;;6;19;False;False;False;;7.55;1.45;;;1;TUP - DPW - CGC;51;;CGC;262;D016
27.0;170.08;6.8;8.0;1.0;11;48;;6;19;False;False;False;;18.15;2.05;;;1;Santos Brasil;32;;CGC;263;D016
32.0;294.03;10.0;10.6;2.0;12;0;;6;19;False;False;False;;20.72;2.02;;;1;Santos Brasil;32;;CGC;264;D016
48.0;333.2;14.4;12.0;2.0;15;30;;6;19;False;False;False;;35.43;3.65;;;1;Santos Brasil;32;;CGC;265;D016
40.0;228.0;8.0;10.6;1.0;15;30;;6;19;False;False;False;;30.2;3.23;;;1;Transpetro;47;;GL;266;D016
32.0;189.99;12.8;6.43;2.0;15;36;;6;19;False;False;False;;81.25;8.67;;;1;Terminal Marítimo do Guarujá (Termag);43;;GSM - I;267;D016
33.0;183.1;7.9;7.5;2.0;16;10;;6;19;False;False;False;;41.53;0;;;1;Outros - Píer da Alamoa;30;;GL;268;D016
32.0;183.1;9.5;8.5;2.0;16;10;;6;19;False;False;False;;75.25;0.42;;;1;Adonai Química;1;;GL;269;D016
32.31;199.99;9.45;7.14;2.0;19;48;;6;19;False;False;False;;127.75;2.4;;;1;TUP - Tiplam - GSM - I;57;;GSM - I;270;D016
19.0;88.8;5.3;;1.0;21;10;;6;19;False;False;False;;17.83;0.17;;;1;TUP - Saipem;53;;CGNC;271;D016
29.0;179.86;9.2;7.65;2.0;22;30;;6;19;False;False;False;;18.6;5.1;;;1;TUP - Tiplam - GL;55;;GL;272;D016
43.0;332.85;10.1;13.0;2.0;3;0;;0;20;False;False;False;;39.75;3.1;;;1;BTP;9;;CGC;273;D016
32.0;228.99;8.65;7.32;2.0;4;45;;0;20;False;False;False;;40.08;3.17;;;1;Outros - Cais do Outeirinhos;26;;GSM - I;274;D016
16.0;127.03;5.8;6.3;1.0;6;0;;0;20;False;False;False;;74.65;11.9;;;1;Autoridade - Saboo;7;;GL;275;D016
40.0;293.2;10.5;13.65;2.0;6;12;;0;20;False;False;False;;14.03;2.43;;;1;BTP;9;;CGC;276;D016
33.0;189.94;4.9;8.52;1.0;7;0;;0;20;False;False;False;;83.58;2.33;;;1;T-Grão;46;;GSA - E;277;D016
31.0;212.54;10.9;11.2;2.0;7;15;;0;20;False;False;False;;14.72;2.27;;;1;TUP - DPW - CGC;51;;CGC;278;D016
33.0;189.94;8.52;11.94;1.0;7;20;;0;20;False;False;False;;28.0;3.25;;;1;TUP - Tiplam - GSA - E;56;;GSA - E;279;D016
40.0;272.05;9.5;7.9;2.0;8;0;;0;20;False;False;False;;17.85;1.82;;;1;Santos Brasil;32;;CGC;280;D016
48.0;299.18;9.6;12.9;1.0;8;42;;0;20;False;False;False;;19.22;2.07;;;1;BTP;9;;CGC;281;D016
32.0;213.88;8.2;9.2;1.0;14;0;;0;20;False;False;False;;33.9;6.62;;;1;BTP;9;;CGNC;282;D016
48.0;314.33;12.6;10.2;2.0;17;30;;0;20;False;False;False;;17.65;2.85;;;1;Santos Brasil;32;;CGC;283;D016
24.0;146.6;6.1;8.75;1.0;19;0;;0;20;False;False;False;;60.0;4.17;;;1;Adonai Química;1;;GL;284;D016
32.0;258.89;9.0;10.3;2.0;20;30;;0;20;False;False;False;;3.0;1.52;;;1;Santos Brasil;32;;CGC;285;D016
35.0;185.96;8.2;8.5;2.0;20;35;;0;20;False;False;False;;18.58;3.05;;;1;Santos Brasil;32;;CGC;286;D016
31.0;182.93;9.5;6.15;2.0;20;48;;0;20;False;False;False;;89.6;3.83;;;1;TUP - Tiplam - GSM - I;57;;GSM - I;287;D016
31.0;199.2;7.63;6.5;2.0;22;33;;0;20;False;False;False;;70.45;0;;;1;Outros - Cais do Saboó;28;;GSM - I;288;D016
51.0;335.0;10.5;12.5;1.0;2;0;;1;21;False;False;False;;33.97;5.05;;;1;BTP;9;;CGC;289;D016
23.0;164.34;7.8;6.9;2.0;3;0;;1;21;False;False;False;;27.25;2.33;;;1;TUP - Terminal Marítimo Dow;54;;GL;290;D016
30.0;199.2;9.67;6.98;2.0;5;0;;1;21;False;False;False;;119.33;0;;;1;Outros - Cais do Saboó;28;;GL;291;D016
32.0;223.88;7.2;7.2;3.0;5;30;;1;21;False;True;False;;11.5;0;;;1;Concais;11;;PASSAGEIROS;292;D016
32.0;239.3;7.6;7.6;3.0;6;30;;1;21;False;True;False;;11.5;0;;;1;Concais;11;;PASSAGEIROS;293;D016
40.0;182.9;9.65;8.2;2.0;6;30;;1;21;False;False;False;;66.9;0;;;1;Ageo Terminais ;2;;GL;294;D016
37.0;228.0;10.4;10.6;2.0;11;0;;1;21;False;False;False;;15.18;1.05;;;1;TUP - DPW - CGC;51;;CGC;295;D016
32.0;199.97;8.2;9.3;2.0;14;0;;1;21;False;False;True;;44.67;3.5;;;1;TEV;45;;CGNC;296;D016
33.0;199.9;10.3;5.0;2.0;15;54;;1;21;False;False;False;;132.0;3.63;;;1;TUP - Tiplam - GSM - I;57;;GSM - I;297;D016
48.0;330.0;14.5;12.4;2.0;16;30;;1;21;False;False;False;;17.0;2.57;;;1;BTP;9;;CGC;298;D016
32.0;225.0;7.7;13.26;1.0;18;0;;1;21;False;False;False;;61.58;5.08;;;1;T-Grão;46;;GSA - E;299;D016
32.2;182.9;10.2;11.4;1.0;20;56;;1;21;False;False;False;;48.07;0.52;;;1;Ageo Terminais ;2;;GL;300;D016
27.0;183.0;7.5;8.5;1.0;23;24;;1;21;False;False;False;;10.7;2.4;;;1;Transpetro;47;;GL;301;D016
30.0;210.54;8.8;11.0;1.0;5;3;;2;22;False;False;False;;19.15;2.75;;;1;TUP - DPW - CGC;51;;CGC;302;D016
30.0;179.99;7.0;9.0;1.0;6;30;;2;22;False;False;False;;58.05;0.03;;;1;Outros - Cais do Macuco;25;;GL;303;D016
35.0;223.98;8.61;8.6;2.0;12;0;;2;22;False;False;False;;6.73;1.67;;;1;Santos Brasil;32;;CGC;304;D016
33.0;189.94;6.53;6.0;2.0;12;0;;2;22;False;False;False;;134.17;0;;;1;Outros - Cais do Macuco;25;;GSM - I;305;D016
25.0;156.53;7.8;7.35;1.0;12;30;;2;22;False;False;False;;37.75;0.33;;;1;Ageo Terminais ;2;;GL;306;D016
25.0;182.47;8.0;9.2;2.0;13;0;;2;22;False;False;False;;19.42;1.45;;;1;Santos Brasil;32;;CGC;307;D016
32.0;199.98;6.26;13.5;1.0;13;18;;2;22;False;False;False;;32.83;2.5;;;1;T-Grão;46;;GSA - E;308;D016
37.0;215.4;7.0;7.0;1.0;17;15;;2;22;False;False;False;;47.5;0.92;;;1;Outros - Cais do Macuco;25;;CGNC;309;D016
48.0;300.0;10.8;9.4;2.0;17;30;;2;22;False;False;False;;12.13;3.77;;;1;Santos Brasil;32;;CGC;310;D016
51.0;336.0;10.2;13.0;1.0;18;12;;2;22;False;False;False;;41.23;1.92;;;1;Santos Brasil;32;;CGC;311;D016
32.25;294.1;12.55;11.65;2.0;19;0;;2;22;False;False;False;;26.45;1.47;;;1;TUP - DPW - CGC;51;;CGC;312;D016
32.0;225.0;6.98;13.19;1.0;0;24;;3;23;False;False;False;;181.8;16.68;;;1;Outros - Cais do Paquetá;27;;GSA - E;313;D016
40.0;278.94;11.0;10.75;2.0;0;36;;3;23;False;False;False;;22.98;1.55;;;1;TUP - DPW - CGC;51;;CGC;314;D016
40.0;304.16;9.8;12.7;1.0;0;48;;3;23;False;False;False;;14.97;2.53;;;1;BTP;9;;CGC;315;D016
37.0;254.87;10.25;9.75;2.0;2;0;;3;23;False;False;False;;8.33;2.87;;;1;Santos Brasil;32;;CGC;316;D016
42.0;346.98;13.8;13.9;2.0;6;0;;3;23;False;False;False;;15.77;2.83;;;1;Santos Brasil;32;;CGC;317;D016
21.0;139.95;6.9;5.6;2.0;7;15;;3;23;False;False;False;;26.05;0;;;1;Ageo Terminais ;2;;GL;318;D016
32.0;204.85;7.3;10.0;1.0;7;52;;3;23;False;False;False;;67.73;10.53;;;1;TUP - Cutrale - GL;49;;GL;319;D016
19.0;88.8;5.0;5.0;1.0;8;30;;3;23;False;False;False;;27.83;0.17;;;1;TUP - Saipem;53;;CGNC;320;D016
32.0;182.88;9.0;10.5;1.0;9;30;;3;23;False;False;False;;15.3;9.35;;;1;Transpetro;47;;GL;321;D016
30.0;179.9;9.8;6.8;2.0;15;0;;3;23;False;False;False;;97.05;4.78;;;1;TUP - Usiminas;58;;CGNC;322;D016
45.0;299.9;11.85;10.0;2.0;17;0;;3;23;False;False;False;;17.3;3.15;;;1;BTP;9;;CGC;323;D016
32.0;228.99;7.5;7.2;2.0;17;32;;3;23;False;False;False;;87.67;18.75;;;1;Outros - Cais do Outeirinhos;26;;GSM - I;324;D016
18.0;85.34;4.55;4.8;3.0;17;55;;3;23;False;False;False;;46.25;0.08;;;1;TUP - Saipem;53;;CGNC;325;D016
32.0;225.0;9.3;14.2;1.0;18;0;;3;23;False;False;False;;34.65;2.13;;;1;TUP - DPW - CGNC;52;;CGNC;326;D016
48.0;299.9;11.8;12.3;2.0;18;30;;3;23;False;False;False;;26.3;3.28;;;1;BTP;9;;CGC;327;D016
25.0;156.53;8.15;7.3;2.0;21;0;;3;23;False;False;False;;67.83;2.68;;;1;Ultracargo;59;;GL;328;D016
43.0;272.0;10.3;10.0;2.0;21;58;;3;23;False;False;False;;6.07;2.38;;;1;BTP;9;;CGC;329;D016
32.0;229.05;7.54;13.54;1.0;0;30;;4;24;False;False;False;;41.15;4.33;;;1;Terminal de Granéis do Guarujá (TGG);40;;GSA - E;330;D016
32.0;199.98;6.75;8.99;1.0;1;0;;4;24;False;False;False;;26.42;3.33;;;1;TUP - Tiplam - GSA - E;56;;GSA - E;331;D016
31.0;225.16;9.5;9.5;2.0;5;23;;4;24;False;False;False;;6.0;1.87;;;1;Santos Brasil;32;;CGC;332;D016
28.0;186.36;9.9;9.9;2.0;5;36;;4;24;False;False;False;;12.03;1.77;;;1;Santos Brasil;32;;CGC;333;D016
38.0;333.33;8.63;8.7;3.0;6;30;;4;24;False;True;False;;11.58;0;;;1;Concais;11;;PASSAGEIROS;334;D016
43.0;254.96;8.7;12.0;1.0;8;0;;4;24;False;False;False;;128.18;4.85;;;1;Terminal ADM do Brasil;39;;GSA - E;335;D016
32.0;229.0;7.21;12.22;1.0;8;0;;4;24;False;False;False;;130.75;2.83;;;1;Terminal de Granéis do Guarujá (TGG);40;;GSA - E;336;D016
32.0;183.06;6.5;8.0;2.0;9;0;;4;24;False;False;False;;28.58;13.83;;;1;Adonai Química;1;;GL;337;D016
40.0;272.02;11.0;12.2;2.0;9;0;;4;24;False;False;False;;17.27;1.48;;;1;BTP;9;;CGC;338;D016
32.3;196.0;6.59;13.02;1.0;9;5;;4;24;False;False;False;;127.58;0;;;1;Outros - Cais da Ponta da Praia;23;;GSA - E;339;D016
32.0;228.99;7.1;13.04;1.0;11;0;;4;24;False;False;False;;122.62;3.93;;;1;Terminal Exportador do Guarujá (TEG);42;;GSA - E;340;D016
32.0;259.8;11.0;9.8;2.0;16;0;;4;24;False;False;False;;8.95;1.53;;;1;TUP - DPW - CGC;51;;CGC;341;D016
38.0;227.95;11.7;11.4;2.0;19;50;;4;24;False;False;False;;17.97;1.62;;;1;Santos Brasil;32;;CGC;342;D016
48.0;333.2;11.5;9.5;2.0;20;0;;4;24;False;False;False;;21.1;1.8;;;1;Santos Brasil;32;;CGC;343;D016
37.0;215.4;7.0;10.92;1.0;20;20;;4;24;False;False;False;;310.63;1.42;;;1;Outros - Cais do Macuco;25;;CGNC;344;D016
25.0;172.2;9.8;9.2;2.0;20;24;;4;24;False;False;False;;12.62;2.48;;;1;TUP - DPW - CGC;51;;CGC;345;D016
31.0;224.94;7.5;13.03;1.0;21;36;;4;24;False;False;False;;38.78;3.83;;;1;T-Grão;46;;GSA - E;346;D016
32.0;229.0;7.05;13.37;1.0;22;48;;4;24;False;False;False;;104.27;0;;;1;T-Grão;46;;GSA - E;347;D016
45.86;334.8;11.5;13.3;1.0;23;48;;4;24;False;False;False;;20.27;0.93;;;1;TUP - DPW - CGC;51;;CGC;348;D016
32.0;183.34;7.8;11.0;1.0;2;12;;5;25;False;False;False;;19.0;5.75;;;1;Transpetro;47;;GL;349;D016
24.0;144.09;8.0;6.25;2.0;2;15;;5;25;False;False;False;;49.5;0.67;;;1;Ageo Terminais ;2;;GL;350;D016
50.0;305.0;8.5;8.5;3.0;5;42;;5;25;False;True;False;;10.67;0;;;1;Concais;11;;PASSAGEIROS;351;D016
52.0;331.43;8.7;8.7;3.0;6;18;;5;25;False;True;False;;10.33;0;;;1;Concais;11;;PASSAGEIROS;352;D016
40.0;272.05;9.3;11.8;1.0;10;0;;5;25;False;False;False;;18.52;5.75;;;1;Santos Brasil;32;;CGC;353;D016
48.0;330.0;14.5;12.0;2.0;10;48;;5;25;False;False;False;;31.87;1.87;;;1;TUP - DPW - CGC;51;;CGC;354;D016
17.0;82.3;4.5;4.7;1.0;11;35;;5;25;False;False;False;;122.08;0.08;;;1;TUP - Saipem;53;;CGNC;355;D016
36.0;236.32;9.0;7.95;1.0;12;32;;5;25;False;False;False;;4.77;0.95;;;1;BTP;9;;CGNC;356;D016
48.0;299.9;13.1;10.2;2.0;16;36;;5;25;False;False;False;;34.52;1.55;;;1;TUP - DPW - CGC;51;;CGC;357;D016
32.0;201.8;10.6;12.96;1.0;17;30;;5;25;False;False;False;;54.88;2.28;;;1;TUP - DPW - CGNC;52;;CGNC;358;D016
32.0;201.8;9.7;10.56;1.0;18;0;;5;25;False;False;False;;11.08;3.25;;;1;Outros - Cais do Macuco;25;;CGNC;359;D016
38.0;227.95;11.4;10.8;2.0;18;13;;5;25;False;False;False;;10.97;10.97;;;1;BTP;9;;CGC;360;D016
40.0;277.32;13.9;11.75;2.0;18;30;;5;25;False;False;False;;21.78;5.43;;;1;BTP;9;;CGC;361;D016
18.0;85.34;4.8;4.8;1.0;19;40;;5;25;False;False;False;;4.08;0.08;;;1;TUP - Saipem;53;;CGNC;362;D016
33.0;227.5;12.05;9.5;2.0;0;1;;6;26;False;False;False;;107.75;5.88;;;1;Ultracargo;59;;GL;363;D016
26.0;170.0;9.7;9.2;2.0;2;0;;6;26;False;False;False;;61.42;0;;;1;Stolthaven;33;;GL;364;D016
48.0;333.2;10.4;13.5;2.0;2;15;;6;26;False;False;False;;24.47;3.62;;;1;Santos Brasil;32;;CGC;365;D016
32.0;199.98;8.99;10.6;1.0;2;30;;6;26;False;False;False;;21.67;2.0;;;1;T-Grão;46;;GSA - E;366;D016
40.0;304.14;10.8;10.0;2.0;2;39;;6;26;False;False;False;;10.37;1.52;;;1;TUP - DPW - CGC;51;;CGC;367;D016
44.0;289.59;8.3;8.3;3.0;6;30;;6;26;False;True;False;;10.62;0;;;1;Concais;11;;PASSAGEIROS;368;D016
44.0;323.0;8.5;8.7;3.0;7;30;;6;26;False;True;False;;3.58;0;;;1;Concais;11;;PASSAGEIROS;369;D016
32.0;216.0;7.1;7.1;3.0;7;30;;6;26;False;True;False;;8.58;0;;;1;Concais;11;;PASSAGEIROS;370;D016
48.0;299.18;9.6;12.9;1.0;7;45;;6;26;False;False;False;;23.93;7.6;;;1;BTP;9;;CGC;371;D016
25.0;156.53;8.5;9.2;1.0;8;15;;6;26;False;False;False;;16.67;3.5;;;1;Ultracargo;59;;GL;372;D016
49.0;299.93;10.55;9.95;2.0;9;54;;6;26;False;False;False;;6.67;2.02;;;1;Santos Brasil;32;;CGC;373;D016
48.0;329.8;14.5;11.5;2.0;10;0;;6;26;False;False;False;;21.32;2.45;;;1;Santos Brasil;32;;CGNC;374;D016
32.0;293.97;9.9;10.8;2.0;14;54;;6;26;False;False;False;;9.73;1.8;;;1;Santos Brasil;32;;CGC;375;D016
32.0;199.98;6.79;9.8;1.0;17;0;;6;26;False;False;False;;61.67;3.55;;;1;TUP - Tiplam - GSA - E;56;;GSA - E;376;D016
30.0;218.45;8.65;8.95;2.0;18;0;;6;26;False;False;False;;19.13;1.97;;;1;Santos Brasil;32;;CGC;377;D016
32.0;201.8;10.56;10.6;1.0;18;35;;6;26;False;False;False;;28.87;12.58;;;1;Outros - Libra Terminais;29;;CGNC;378;D016
33.0;196.3;7.9;13.25;1.0;20;24;;6;26;False;False;False;;95.08;1.45;;;1;TUP - DPW - CGNC;52;;CGNC;379;D016
32.0;179.9;8.3;9.0;1.0;22;0;;6;26;False;False;True;;29.0;7.42;;;1;TEV;45;;CGNC;380;D016
32.0;229.0;7.3;9.2;1.0;0;45;;0;27;False;False;False;;37.57;7.13;;;1;TUP - Cutrale - GSA - E;50;;GSA - E;381;D016
51.0;336.0;9.4;11.2;3.0;6;52;;0;27;False;False;False;;39.7;2.75;;;1;TUP - DPW - CGC;51;;CGC;382;D016
30.0;222.15;8.9;10.5;2.0;10;12;;0;27;False;False;False;;7.32;1.42;;;1;Santos Brasil;32;;CGC;383;D016
32.0;183.1;8.0;9.5;1.0;10;18;;0;27;False;False;False;;25.1;4.28;;;1;Transpetro;47;;GL;384;D016
40.0;182.9;8.3;12.2;1.0;10;20;;0;27;False;False;False;;28.9;2.77;;;1;Transpetro;47;;GL;385;D016
32.0;183.06;8.25;11.4;1.0;15;30;;0;27;False;False;False;;22.1;3.4;;;1;Transpetro;47;;GL;386;D016
42.0;320.58;10.1;9.4;2.0;16;0;;0;27;False;False;False;;16.23;2.07;;;1;TUP - DPW - CGC;51;;CGC;387;D016
30.0;208.85;11.3;11.4;1.0;16;4;;0;27;False;False;False;;8.87;1.2;;;1;TUP - DPW - CGC;51;;CGC;388;D016
25.0;156.53;10.9;10.5;2.0;17;24;;0;27;False;False;False;;28.5;2.75;;;1;Outros - Píer da Alamoa;30;;GL;389;D016
32.0;190.0;6.3;12.0;1.0;17;58;;0;27;False;False;False;;90.0;0.33;;;1;Outros - Cais da Ponta da Praia;23;;GSA - E;390;D016
36.0;210.0;7.6;7.8;1.0;19;36;;0;27;False;False;False;;56.6;3.35;;;1;TUP - DPW - CGNC;52;;CGNC;391;D016
32.0;225.0;8.19;13.5;1.0;21;36;;0;27;False;False;False;;186.42;2.5;;;1;Outros - Cais do Macuco;25;;CGNC;392;D016
45.0;299.9;11.6;14.0;1.0;1;0;;1;28;False;False;False;;23.32;1.75;;;1;BTP;9;;CGC;393;D016
29.0;173.0;7.3;10.5;1.0;6;30;;1;28;False;False;False;;72.08;2.9;;;1;TUP - DPW - CGNC;52;;CGNC;394;D016
37.0;256.07;10.1;8.8;2.0;7;12;;1;28;False;False;False;;11.48;2.67;;;1;Santos Brasil;32;;CGC;395;D016
43.0;270.9;12.3;13.9;1.0;11;46;;1;28;False;False;False;;16.02;1.77;;;1;TUP - DPW - CGC;51;;CGC;396;D016
30.0;222.14;8.1;8.1;1.0;12;30;;1;28;False;False;False;;2.32;3.37;;;1;Santos Brasil;32;;CGC;397;D016
28.0;174.38;7.2;6.8;2.0;14;0;;1;28;False;False;False;;46.67;17.95;;;1;Stolthaven;33;;GL;398;D016
28.0;179.99;6.37;10.0;1.0;15;18;;1;28;False;False;False;;146.17;5.63;;;1;TUP - Tiplam - GSA - E;56;;GSA - E;399;D016
32.0;229.0;6.59;11.7;1.0;17;0;;1;28;False;False;False;;72.82;2.9;;;1;TUP - Tiplam - GSA - E;56;;GSA - E;400;D016
29.0;176.75;7.5;7.2;2.0;17;0;;1;28;False;False;False;;101.42;2.42;;;1;Outros - Cais do Outeirinhos;26;;GSM - I;401;D016
18.0;116.9;7.5;7.2;1.0;17;30;;1;28;False;False;False;;54.42;0;;;1;Ageo Terminais ;2;;GL;402;D016
26.0;170.0;9.2;8.45;2.0;20;40;;1;28;False;False;False;;37.83;0;;;1;Ageo Terminais ;2;;GL;403;D016
22.0;119.9;7.3;7.6;1.0;21;0;;1;28;False;False;False;;78.7;0.85;;;1;Ageo Terminais ;2;;GL;404;D016
48.0;330.0;14.25;12.05;2.0;0;30;;2;29;False;False;False;;25.2;1.9;;;1;BTP;9;;CGC;405;D016
48.0;299.92;13.95;11.6;2.0;1;15;;2;29;False;False;False;;32.08;3.97;;;1;BTP;9;;RORO ;406;D016
32.0;197.0;8.8;8.6;2.0;1;20;;2;29;False;False;False;;175.45;0;;;1;Outros - Cais do Saboó;28;;GSM - I;407;D016
32.0;225.0;7.25;13.12;1.0;2;5;;2;29;False;False;False;;66.4;1.87;;;1;Terminal Exportador do Guarujá (TEG);42;;GSA - E;408;D016
32.0;214.0;8.86;8.85;1.0;4;0;;2;29;False;False;False;;32.37;0.92;;;1;BTP;9;;CGNC;409;D016
30.0;179.99;6.9;9.1;1.0;4;18;;2;29;False;False;False;;64.67;0;;;1;Eldorado (Rishis);14;;GL;410;D016
32.0;194.87;8.9;11.2;1.0;6;0;;2;29;False;False;False;;25.98;1.47;;;1;TUP - DPW - CGC;51;;CGC;411;D016
26.0;170.0;7.35;9.45;1.0;8;2;;2;29;False;False;False;;34.58;10.15;;;1;TUP - Cutrale - GL;49;;GL;412;D016
48.0;337.0;12.0;13.9;1.0;8;30;;2;29;False;False;False;;19.85;3.2;;;1;BTP;9;;CGC;413;D016
24.0;146.5;9.7;8.6;2.0;9;6;;2;29;False;False;False;;34.67;0;;;1;Ageo Terminais ;2;;GL;414;D016
32.0;229.0;7.03;13.09;1.0;10;42;;2;29;False;False;False;;39.23;2.78;;;1;Terminal ADM do Brasil;39;;GSA - E;415;D016
37.0;255.0;10.5;10.3;2.0;12;30;;2;29;False;False;False;;9.63;1.78;;;1;Santos Brasil;32;;CGC;416;D016
32.0;179.95;9.23;7.25;2.0;14;45;;2;29;False;False;False;;258.92;0;;;1;Outros - Cais do Macuco;25;;GSM - I;417;D016
32.0;224.95;12.73;13.3;1.0;14;48;;2;29;False;False;False;;4.08;2.08;;;1;Terminal de Granéis do Guarujá (TGG);40;;GSA - E;418;D016
25.0;182.47;8.7;9.2;2.0;17;0;;2;29;False;False;False;;13.22;1.47;;;1;Santos Brasil;32;;CGC;419;D016
32.0;199.9;6.98;13.06;1.0;18;0;;2;29;False;False;False;;120.88;0.75;;;1;Temrinal de Exportação de Açúcar do Guarujá (TEAG);37;;GSA - E;420;D016
19.0;88.8;5.3;5.2;1.0;20;55;;2;29;False;False;False;;43.58;0.08;;;1;TUP - Saipem;53;;CGNC;421;D016
36.0;228.41;7.05;12.0;1.0;21;53;;2;29;False;False;False;;124.9;3.88;;;1;Autoridade - Ponta;6;;GSA - E;422;D016
51.0;335.9;13.3;10.9;2.0;0;30;;3;30;False;False;False;;16.23;2.6;;;1;Santos Brasil;32;;CGC;423;D016
21.0;134.75;7.1;5.8;2.0;3;40;;3;30;False;False;False;;46.08;0;;;1;Ageo Terminais ;2;;GL;424;D016
23.0;161.12;7.6;7.0;2.0;4;45;;3;30;False;False;False;;30.75;8.28;;;1;Outros - Píer da Alamoa;30;;GL;425;D016
32.0;186.07;11.7;11.1;2.0;5;0;;3;30;False;False;False;;49.08;0;;;1;Ageo Terminais ;2;;GL;426;D016
32.0;201.8;11.9;13.29;1.0;5;15;;3;30;False;False;False;;70.08;0;;;1;Outros - Libra Terminais;29;;CGNC;427;D016
32.0;199.9;10.2;7.22;2.0;6;24;;3;30;False;False;False;;57.12;4.58;;;1;Terminal Marítimo do Guarujá (Termag);43;;GSM - I;428;D016
32.0;204.88;7.4;10.0;1.0;9;24;;3;30;False;False;False;;71.5;0.1;;;1;Outros - Cais do Macuco;25;;GL;429;D016
32.0;201.8;9.6;12.9;1.0;14;6;;3;30;False;False;False;;50.82;1.17;;;1;TUP - DPW - CGNC;52;;CGNC;430;D016
32.0;199.98;9.8;13.7;1.0;14;17;;3;30;False;False;False;;95.22;7.15;;;1;Autoridade - Out;5;;GSA - E;431;D016
27.4;183.98;7.4;10.15;1.0;15;0;;3;30;False;False;False;;26.8;4.6;;;1;Transpetro;47;;GL;432;D016
32.0;257.38;7.9;10.4;2.0;16;0;;3;30;False;False;False;;11.15;1.6;;;1;Santos Brasil;32;;CGC;433;D016
29.0;180.0;9.6;7.8;2.0;19;6;;3;30;False;False;False;;30.0;9.07;;;1;Transpetro;47;;GL;434;D016
28.0;183.2;7.75;8.8;1.0;19;42;;3;30;False;False;False;;17.9;1.58;;;1;Transpetro;47;;GL;435;D016
40.0;299.95;10.7;10.3;2.0;21;0;;3;30;False;False;False;;24.48;2.0;;;1;BTP;9;;CGC;436;D016
32.0;259.8;9.1;9.2;2.0;1;30;;4;31;False;False;False;;4.53;1.73;;;1;Santos Brasil;32;;CGC;437;D016
48.0;299.9;11.1;9.9;2.0;2;0;;4;31;False;False;False;;16.7;1.88;;;1;BTP;9;;CGC;438;D016
32.0;239.3;7.4;7.4;3.0;5;30;;4;31;False;True;False;;11.33;0;;;1;Concais;11;;PASSAGEIROS;439;D016
38.0;333.33;8.55;8.7;3.0;6;30;;4;31;False;True;False;;11.25;0;;;1;Concais;11;;PASSAGEIROS;440;D016
37.0;228.0;12.0;11.0;2.0;9;0;;4;31;False;False;False;;16.48;1.57;;;1;Santos Brasil;32;;CGC;441;D016
43.0;334.07;14.2;12.6;2.0;10;24;;4;31;False;False;False;;23.22;3.02;;;1;Santos Brasil;32;;CGC;442;D016
32.0;183.09;12.5;10.0;2.0;10;30;;4;31;False;False;False;;41.42;0;;;1;Outros - Píer da Alamoa;30;;GL;443;D016
32.0;199.9;11.5;10.46;2.0;11;24;;4;31;False;False;False;;114.75;0;;;1;Outros - Libra Terminais;29;;GSM - I;444;D016
36.0;266.65;11.7;12.9;1.0;12;30;;4;31;False;False;False;;18.77;1.55;;;1;TUP - DPW - CGC;51;;CGC;445;D016
23.0;164.34;7.9;7.0;2.0;13;0;;4;31;False;False;False;;27.58;3.0;;;1;TUP - Terminal Marítimo Dow;54;;GL;446;D016
32.0;229.0;7.23;13.38;1.0;13;0;;4;31;False;False;False;;36.67;4.03;;;1;Terminal de Granéis do Guarujá (TGG);40;;GSA - E;447;D016
32.0;229.0;9.2;13.47;1.0;13;47;;4;31;False;False;False;;90.83;18.92;;;1;TUP - Cutrale - GSA - E;50;;GSA - E;448;D016
32.0;199.94;8.0;9.05;1.0;15;15;;4;31;False;False;True;;23.67;2.28;;;1;TEV;45;;CGNC;449;D016
32.31;229.0;7.3;13.06;1.0;16;0;;4;31;False;False;False;;83.13;3.48;;;1;TUP - Tiplam - GSA - E;56;;GSA - E;450;D016
32.0;182.5;7.5;8.0;1.0;16;0;;4;31;False;False;False;;20.0;1.17;;;1;Transpetro;47;;GL;451;D016
38.0;249.97;10.9;9.9;2.0;21;0;;4;31;False;False;False;;7.02;4.03;;;1;BTP;9;;CGC;452;D016
51.0;336.0;10.9;14.0;2.0;22;15;;4;31;False;False;False;;30.1;2.48;;;1;Santos Brasil;32;;CGC;453;D016
48.0;333.18;10.7;9.3;2.0;23;0;;4;31;False;False;False;;17.33;1.73;;;1;Santos Brasil;32;;CGC;454;D016
48.0;299.98;12.1;9.5;2.0;3;12;;5;1;False;False;False;;43.58;4.28;;;2;BTP;9;;CGC;455;D016
32.0;229.0;7.07;13.3;1.0;3;18;;5;1;False;False;False;;71.97;2.98;;;2;Terminal Exportador do Guarujá (TEG);42;;GSA - E;456;D016
48.0;330.0;11.6;13.5;1.0;5;10;;5;1;False;False;False;;22.8;2.1;;;2;BTP;9;;CGC;457;D016
50.0;305.0;8.5;8.5;3.0;5;45;;5;1;False;True;False;;10.5;0;;;2;Concais;11;;PASSAGEIROS;458;D016
52.0;331.43;8.5;8.5;3.0;6;18;;5;1;False;True;False;;10.25;0;;;2;Concais;11;;PASSAGEIROS;459;D016
32.0;183.06;8.6;9.4;1.0;10;30;;5;1;False;False;False;;45.7;0.8;;;2;Transpetro;47;;GL;460;D016
32.0;228.99;7.3;13.22;1.0;10;42;;5;1;False;False;False;;55.17;2.33;;;2;T-Grão;46;;GSA - E;461;D016
37.0;228.0;11.0;11.2;2.0;12;57;;5;1;False;False;False;;15.72;6.92;;;2;BTP;9;;CGC;462;D016
32.0;229.0;7.55;13.33;1.0;14;0;;5;1;False;False;False;;36.75;2.67;;;2;T-Grão;46;;GSA - E;463;D016
43.0;270.9;10.1;11.4;1.0;17;0;;5;1;False;False;False;;20.33;4.93;;;2;TUP - DPW - CGC;51;;CGC;464;D016
45.0;299.9;11.5;13.0;1.0;22;10;;5;1;False;False;False;;13.93;2.72;;;2;BTP;9;;CGC;465;D016
48.0;333.2;12.7;14.4;2.0;23;0;;5;1;False;False;False;;21.62;3.87;;;2;Santos Brasil;32;;CGC;466;D016
33.0;196.0;7.2;13.16;1.0;23;20;;5;1;False;False;False;;101.28;2.58;;;2;TUP - Tiplam - GSA - E;56;;GSA - E;467;D016
48.0;300.0;10.2;13.6;1.0;5;12;;6;2;False;False;False;;28.32;4.22;;;2;BTP;9;;CGC;468;D016
44.0;323.0;8.55;8.6;3.0;6;0;;6;2;False;True;False;;10.75;0;;;2;Concais;11;;PASSAGEIROS;469;D016
44.0;289.59;8.3;8.3;3.0;6;30;;6;2;False;True;False;;10.58;0;;;2;Concais;11;;PASSAGEIROS;470;D016
32.31;196.28;7.35;13.2;1.0;7;0;;6;2;False;False;False;;143.68;3.87;;;2;TUP - DPW - CGNC;52;;CGNC;471;D016
38.0;255.4;13.0;12.2;2.0;7;18;;6;2;False;False;False;;34.12;1.87;;;2;TUP - DPW - CGC;51;;CGC;472;D016
32.0;259.8;9.1;10.0;2.0;9;0;;6;2;False;False;False;;15.17;1.72;;;2;Santos Brasil;32;;CGC;473;D016
32.0;183.2;8.6;9.0;1.0;10;0;;6;2;False;False;False;;26.27;2.87;;;2;Transpetro;47;;GL;474;D016
40.0;277.32;11.2;12.1;2.0;10;30;;6;2;False;False;False;;15.78;2.87;;;2;BTP;9;;CGC;475;D016
32.0;263.23;11.1;9.6;2.0;10;30;;6;2;False;False;False;;9.77;1.77;;;2;TUP - DPW - CGC;51;;CGC;476;D016
46.0;299.9;14.0;11.6;2.0;11;0;;6;2;False;False;False;;30.1;4.12;;;2;Santos Brasil;32;;CGC;477;D016
32.0;199.99;7.13;11.75;1.0;13;0;;6;2;False;False;False;;46.53;1.85;;;2;Autoridade - Out;5;;GSA - E;478;D016
33.0;199.99;8.8;10.0;1.0;14;30;;6;2;False;False;True;;9.0;3.67;;;2;TEV;45;;CGNC;479;D016
20.0;139.03;7.4;7.7;2.0;15;0;;6;2;False;False;False;;6.0;14.83;;;2;BTP;9;;CGNC;480;D016
32.0;229.0;7.01;13.4;1.0;18;0;;6;2;False;False;False;;58.75;4.43;;;2;Outros - Cais do Paquetá;27;;GSA - E;481;D016
40.0;182.9;8.2;7.4;2.0;20;45;;6;2;False;False;False;;98.3;0;;;2;Ageo Terminais ;2;;GL;482;D016
23.0;161.12;7.0;10.1;1.0;21;9;;6;2;False;False;False;;80.3;0;;;2;Ageo Terminais ;2;;GL;483;D016
37.0;210.0;8.3;12.23;1.0;21;48;;6;2;False;False;False;;64.92;0;;;2;Autoridade - Ponta;6;;GSA - E;484;D016
51.0;335.95;12.9;11.0;2.0;22;18;;6;2;False;False;False;;18.88;3.18;;;2;Santos Brasil;32;;CGC;485;D016
48.0;299.9;10.5;10.4;2.0;23;45;;6;2;False;False;False;;4.2;1.6;;;2;Santos Brasil;32;;CGC;486;D016
48.0;330.03;13.05;11.05;2.0;0;1;;0;3;False;False;False;;20.05;1.92;;;2;Santos Brasil;32;;CGC;487;D016
37.0;228.0;10.3;12.0;1.0;2;45;;0;3;False;False;False;;16.02;1.52;;;2;TUP - DPW - CGC;51;;CGC;488;D016
25.0;146.19;8.3;8.25;2.0;4;25;;0;3;False;False;False;;25.22;0;;;2;Stolthaven;33;;GL;489;D016
32.0;229.0;7.6;13.74;1.0;5;36;;0;3;False;False;False;;79.0;4.25;;;2;Outros - Cais da Ponta da Praia;23;;GSA - E;490;D016
29.0;274.9;6.7;6.7;3.0;6;30;;0;3;False;True;False;;10.25;0;;;2;Concais;11;;PASSAGEIROS;491;D016
42.0;346.98;9.9;12.4;2.0;8;0;;0;3;False;False;False;;37.2;3.75;;;2;BTP;9;;CGC;492;D016
32.0;229.0;7.2;13.2;1.0;13;0;;0;3;False;False;False;;90.0;6.53;;;2;Outros - Cais do Paquetá;27;;GSA - E;493;D016
33.0;228.9;7.3;12.9;1.0;14;30;;0;3;False;False;False;;93.95;2.47;;;2;Outros - Cais da Ponta da Praia;23;;GSA - E;494;D016
28.0;172.03;8.6;9.0;2.0;17;30;;0;3;False;False;False;;14.1;1.0;;;2;TUP - DPW - CGC;51;;CGC;495;D016
48.0;330.03;12.5;14.3;1.0;18;0;;0;3;False;False;False;;29.4;1.92;;;2;BTP;9;;CGC;496;D016
48.0;299.9;13.1;10.58;2.0;20;12;;0;3;False;False;False;;12.52;1.85;;;2;Santos Brasil;32;;CGC;497;D016
48.0;333.2;12.5;13.5;1.0;23;32;;0;3;False;False;False;;49.27;2.05;;;2;BTP;9;;CGC;498;D016
32.0;225.0;7.29;13.35;1.0;0;1;;1;4;False;False;False;;65.88;2.58;;;2;TUP - Tiplam - GSA - E;56;;GSA - E;499;D016
32.0;183.09;10.0;9.8;2.0;0;5;;1;4;False;False;False;;79.9;0.97;;;2;Ageo Terminais ;2;;GL;500;D016
32.0;225.0;7.45;13.45;1.0;0;24;;1;4;False;False;False;;125.08;5.17;;;2;Outros - Cais do Macuco;25;;CGNC;501;D016
31.0;212.54;9.6;9.4;1.0;1;0;;1;4;False;False;False;;17.17;2.07;;;2;TUP - DPW - CGC;51;;CGC;502;D016
33.0;180.4;9.76;6.8;2.0;2;0;;1;4;False;False;False;;103.07;9.48;;;2;Bracell;8;;GSA - I;503;D016
28.0;179.9;7.2;6.4;2.0;3;40;;1;4;False;False;False;;59.0;2.5;;;2;Bracell;8;;GSA - I;504;D016
31.0;225.16;10.5;11.6;1.0;4;0;;1;4;False;False;False;;6.98;1.42;;;2;Santos Brasil;32;;CGC;505;D016
32.0;229.0;7.2;13.1;1.0;5;30;;1;4;False;False;False;;57.42;3.0;;;2;Autoridade - Out;5;;GSA - E;506;D016
32.0;229.0;7.64;13.52;1.0;7;42;;1;4;False;False;False;;46.75;3.0;;;2;T-Grão;46;;GSA - E;507;D016
19.0;88.8;5.1;5.0;1.0;8;30;;1;4;False;False;False;;40.67;0.08;;;2;TUP - Saipem;53;;CGNC;508;D016
32.0;229.0;7.5;13.29;1.0;15;30;;1;4;False;False;False;;98.07;2.57;;;2;Temrinal de Exportação de Açúcar do Guarujá (TEAG);37;;GSA - E;509;D016
24.0;144.09;8.0;6.3;2.0;17;15;;1;4;False;False;False;;46.0;0;;;2;Ageo Terminais ;2;;GL;510;D016
36.0;228.9;8.12;13.04;1.0;0;36;;2;5;False;False;False;;153.92;0;;;2;Outros - Cais da Ponta da Praia;23;;GSA - E;511;D016
32.0;199.9;8.3;8.5;1.0;1;0;;2;5;False;False;True;;18.0;5.0;;;2;TEV;45;;CGNC;512;D016
9.0;210.54;9.0;9.0;1.0;4;45;;2;5;False;False;False;;19.47;1.77;;;2;TUP - DPW - CGC;51;;CGC;513;D016
44.0;249.9;8.5;9.6;1.0;9;0;;2;5;False;False;False;;39.4;2.23;;;2;Transpetro;47;;GL;514;D016
38.0;249.97;10.1;10.7;1.0;10;46;;2;5;False;False;False;;11.68;2.07;;;2;BTP;9;;CGC;515;D016
32.28;229.0;7.75;9.27;1.0;11;12;;2;5;False;False;False;;14.25;0.8;;;2;TUP - Cutrale - GSA - E;50;;GSA - E;516;D016
25.0;182.47;8.3;9.2;2.0;13;0;;2;5;False;False;False;;11.75;1.4;;;2;Santos Brasil;32;;CGC;517;D016
48.0;328.46;11.4;13.2;1.0;13;36;;2;5;False;False;False;;14.28;1.45;;;2;BTP;9;;CGNC;518;D016
32.0;183.07;8.1;8.05;2.0;20;30;;2;5;False;False;False;;17.1;0.53;;;2;Ageo Terminais ;2;;GL;519;D016
43.0;272.0;12.6;14.4;2.0;20;54;;2;5;False;False;False;;13.8;2.62;;;2;BTP;9;;CGC;520;D016
40.0;300.4;11.5;12.0;2.0;22;24;;2;5;False;False;False;;33.23;5.22;;;2;TUP - DPW - CGC;51;;CGC;521;D016
36.0;210.0;9.5;10.8;1.0;23;30;;2;5;False;False;False;;23.05;5.97;;;2;TUP - DPW - CGNC;52;;CGNC;522;D016
33.0;201.8;8.1;11.0;1.0;0;29;;3;6;False;False;False;;44.17;9.5;;;2;Autoridade - Macuco;4;;CGNC;523;D016
33.0;201.8;11.0;13.3;1.0;0;30;;3;6;False;False;False;;53.43;1.07;;;2;TUP - DPW - CGNC;52;;CGNC;524;D016
37.0;254.73;10.1;9.9;2.0;1;0;;3;6;False;False;False;;14.47;2.3;;;2;Santos Brasil;32;;CGC;525;D016
32.0;229.0;6.9;13.35;1.0;2;36;;3;6;False;False;False;;212.25;8.75;;;2;TUP - Tiplam - GSA - E;56;;GSA - E;526;D016
37.0;256.07;9.8;12.2;2.0;3;0;;3;6;False;False;False;;10.7;5.2;;;2;Santos Brasil;32;;CGC;527;D016
32.0;180.0;8.1;8.3;1.0;4;50;;3;6;False;False;True;;29.5;1.17;;;2;TEV;45;;CGNC;528;D016
40.0;272.08;9.3;9.2;2.0;6;20;;3;6;False;False;False;;9.75;1.73;;;2;Santos Brasil;32;;CGC;529;D016
32.0;228.98;7.5;13.23;1.0;6;30;;3;6;False;False;False;;40.57;2.03;;;2;Terminal de Granéis do Guarujá (TGG);40;;GSA - E;530;D016
27.0;170.08;8.1;7.0;2.0;7;0;;3;6;False;False;False;;12.98;1.95;;;2;Santos Brasil;32;;CGC;531;D016
32.0;225.0;10.69;14.15;1.0;7;0;;3;6;False;False;False;;76.7;2.62;;;2;TUP - DPW - CGNC;52;;CGNC;532;D016
32.0;229.97;8.5;9.5;1.0;7;0;;3;6;False;False;True;;39.5;3.58;;;2;TEV;45;;CGNC;533;D016
29.0;274.9;6.7;6.7;3.0;7;30;;3;6;False;True;False;;9.42;0;;;2;Concais;11;;PASSAGEIROS;534;D016
33.0;189.9;7.1;10.05;1.0;8;0;;3;6;False;False;False;;65.98;4.75;;;2;TUP - Cutrale - GL;49;;GL;535;D016
25.0;145.0;8.7;6.3;2.0;9;0;;3;6;False;False;False;;55.33;3.67;;;2;Ultracargo;59;;GL;536;D016
32.0;189.9;6.4;12.0;1.0;9;55;;3;6;False;False;False;;27.25;2.67;;;2;T-Grão;46;;GSA - E;537;D016
32.0;225.0;10.7;10.69;2.0;11;36;;3;6;False;False;False;;3.82;3.43;;;2;BTP;9;;CGC;538;D016
28.0;182.9;10.0;8.6;2.0;13;30;;3;6;False;False;False;;30.83;8.83;;;2;Outros - Píer da Alamoa;30;;GL;539;D016
32.0;182.9;7.0;8.2;1.0;13;48;;3;6;False;False;False;;36.3;2.8;;;2;Transpetro;47;;GL;540;D016
32.0;294.1;12.0;11.55;2.0;15;16;;3;6;False;False;False;;14.92;1.48;;;2;TUP - DPW - CGC;51;;CGC;541;D016
27.0;183.0;7.5;8.6;1.0;15;18;;3;6;False;False;False;;27.0;0.8;;;2;Transpetro;47;;GL;542;D016
32.0;182.5;7.5;9.8;1.0;15;24;;3;6;False;False;False;;48.0;0.75;;;2;Transpetro;47;;GL;543;D016
40.0;304.14;11.6;13.6;1.0;17;0;;3;6;False;False;False;;13.48;1.42;;;2;TUP - DPW - CGC;51;;CGC;544;D016
48.0;330.0;13.6;11.9;2.0;17;48;;3;6;False;False;False;;39.52;2.23;;;2;TUP - DPW - CGC;51;;CGC;545;D016
32.0;199.9;6.74;13.6;1.0;19;48;;3;6;False;False;False;;35.0;2.25;;;2;T-Grão;46;;GSA - E;546;D016
32.0;228.94;6.8;13.19;1.0;20;42;;3;6;False;False;False;;69.7;0.3;;;2;Terminal Exportador do Guarujá (TEG);42;;GSA - E;547;D016
36.0;210.0;11.5;13.8;1.0;21;36;;3;6;False;False;False;;26.78;1.35;;;2;TUP - DPW - CGNC;52;;CGNC;548;D016
32.0;229.0;7.5;13.3;1.0;22;30;;3;6;False;False;False;;60.97;0.67;;;2;Terminal Exportador do Guarujá (TEG);42;;GSA - E;549;D016
32.0;228.99;7.4;13.7;1.0;22;45;;3;6;False;False;False;;54.08;0.17;;;2;Outros - Cais da Ponta da Praia;23;;GSA - E;550;D016
45.0;299.9;11.2;9.85;2.0;0;1;;4;7;False;False;False;;18.52;2.73;;;2;BTP;9;;CGC;551;D016
32.0;199.99;7.06;8.3;1.0;0;1;;4;7;False;False;False;;4.3;3.0;;;2;TUP - Tiplam - GSA - E;56;;GSA - E;552;D016
30.0;208.79;9.4;8.8;2.0;1;45;;4;7;False;False;False;;5.3;1.82;;;2;Santos Brasil;32;;CGC;553;D016
37.0;227.92;10.6;10.2;2.0;1;50;;4;7;False;False;False;;16.65;1.93;;;2;Santos Brasil;32;;CGC;554;D016
24.0;145.53;9.95;7.3;2.0;4;0;;4;7;False;False;False;;71.62;0.42;;;2;Ageo Terminais ;2;;GL;555;D016
48.0;299.9;10.8;14.1;1.0;4;0;;4;7;False;False;False;;26.92;3.08;;;2;BTP;9;;CGC;556;D016
32.0;228.99;7.25;13.4;1.0;4;0;;4;7;False;False;False;;43.92;2.03;;;2;Terminal de Granéis do Guarujá (TGG);40;;GSA - E;557;D016
38.0;333.33;8.6;8.7;3.0;6;30;;4;7;False;True;False;;11.5;0;;;2;Concais;11;;PASSAGEIROS;558;D016
32.0;199.92;7.5;7.2;2.0;7;8;;4;7;False;False;False;;161.0;7.17;;;2;Outros - Cais do Outeirinhos;26;;GSM - I;559;D016
32.0;199.98;7.5;7.2;2.0;8;25;;4;7;False;False;True;;7.0;6.17;;;2;TEV;45;;CGNC;560;D016
48.0;300.02;10.1;10.1;2.0;9;30;;4;7;False;False;False;;5.87;1.22;;;2;Santos Brasil;32;;CGC;561;D016
40.0;299.95;13.4;10.6;2.0;10;9;;4;7;False;False;False;;27.33;4.88;;;2;Outros - Cais da Santos Brasil;24;;CGNC;562;D016
25.0;146.19;8.3;6.6;2.0;12;30;;4;7;False;False;False;;38.08;0.25;;;2;Adonai Química;1;;GL;563;D016
32.0;183.1;9.6;9.1;2.0;14;0;;4;7;False;False;False;;107.67;0;;;2;Outros - Píer da Alamoa;30;;GL;564;D016
48.0;314.33;10.9;13.5;1.0;14;30;;4;7;False;False;False;;22.17;3.8;;;2;BTP;9;;CGC;565;D016
32.0;199.9;10.3;6.8;2.0;16;10;;4;7;False;False;False;;101.08;2.08;;;2;TUP - Tiplam - GSM - I;57;;GSM - I;566;D016
32.0;243.0;8.0;8.8;1.0;17;12;;4;7;False;False;False;;10.53;2.82;;;2;TUP - DPW - CGC;51;;CGC;567;D016
51.0;335.9;10.8;13.7;1.0;21;5;;4;7;False;False;False;;29.83;4.67;;;2;Santos Brasil;32;;CGC;568;D016
17.0;82.3;4.5;4.8;1.0;21;40;;4;7;False;False;False;;18.42;0.08;;;2;TUP - Saipem;53;;CGNC;569;D016
32.0;259.8;10.7;12.4;1.0;23;15;;4;7;False;False;False;;5.57;1.18;;;2;TUP - DPW - CGC;51;;CGC;570;D016
36.0;236.3;8.1;8.2;2.0;1;10;;5;8;False;False;False;;9.7;5.42;;;2;Autoridade - Saboo;7;;CGC;571;D016
48.0;333.2;11.5;9.8;2.0;3;55;;5;8;False;False;False;;18.8;1.67;;;2;Santos Brasil;32;;CGC;572;D016
50.0;305.0;8.7;8.6;3.0;5;10;;5;8;False;True;False;;10.5;0;;;2;Concais;11;;PASSAGEIROS;573;D016
52.0;331.43;8.5;8.7;3.0;5;55;;5;8;False;True;False;;10.08;0;;;2;Concais;11;;PASSAGEIROS;574;D016
32.0;225.0;7.5;11.89;1.0;8;30;;5;8;False;False;False;;44.58;0;;;2;T-Grão;46;;GSA - E;575;D016
32.0;229.0;7.35;13.24;1.0;9;50;;5;8;False;False;False;;56.65;3.17;;;2;Terminal ADM do Brasil;39;;GSA - E;576;D016
28.0;182.9;8.6;6.4;2.0;10;20;;5;8;False;False;False;;34.75;0.58;;;2;Ageo Terminais ;2;;GL;577;D016
28.0;186.36;9.8;9.3;2.0;11;0;;5;8;False;False;False;;12.33;3.47;;;2;Santos Brasil;32;;CGC;578;D016
32.0;226.8;9.5;10.2;1.0;13;0;;5;8;False;False;False;;9.58;0.08;;;2;Outros - Libra Terminais;29;;CGNC;579;D016
29.0;180.0;9.5;8.7;2.0;13;42;;5;8;False;False;False;;18.9;7.78;;;2;Transpetro;47;;GL;580;D016
35.0;223.96;8.6;8.7;2.0;14;0;;5;8;False;False;False;;16.3;1.68;;;2;Santos Brasil;32;;CGC;581;D016
37.0;227.92;10.2;11.0;2.0;14;14;;5;8;False;False;False;;5.55;1.6;;;2;BTP;9;;CGC;582;D016
21.0;99.95;7.4;7.6;1.0;15;52;;5;8;False;False;False;;1.13;24.37;;;2;Autoridade - Saboo;7;;CGC;583;D016
32.0;225.0;6.96;13.44;1.0;19;0;;5;8;False;False;False;;96.33;0;;;2;T-Grão;46;;GSA - E;584;D016
32.0;225.0;7.48;13.18;1.0;0;1;;6;9;False;False;False;;95.92;2.58;;;2;T-Grão;46;;GSA - E;585;D016
32.23;183.2;8.3;9.35;1.0;0;36;;6;9;False;False;False;;36.5;1.7;;;2;Transpetro;47;;GL;586;D016
27.0;176.5;6.6;8.55;1.0;0;55;;6;9;False;False;False;;38.55;6.43;;;2;TUP - Tiplam - GSM - I;57;;GSM - I;587;D016
33.0;209.75;11.1;9.7;2.0;1;0;;6;9;False;False;False;;29.0;1.25;;;2;Santos Brasil;32;;CGC;588;D016
30.0;218.45;9.0;8.7;2.0;5;45;;6;9;False;False;False;;10.38;1.2;;;2;Santos Brasil;32;;CGC;589;D016
44.0;289.59;8.3;8.3;3.0;6;30;;6;9;False;True;False;;11.42;0;;;2;Concais;11;;PASSAGEIROS;590;D016
36.0;200.0;10.4;11.3;2.0;6;30;;6;9;False;False;False;;15.5;3.25;;;2;Santos Brasil;32;;CGC;591;D016
48.0;333.2;12.0;14.5;2.0;7;0;;6;9;False;False;False;;28.8;1.82;;;2;Santos Brasil;32;;CGC;592;D016
44.0;323.0;8.6;8.7;3.0;7;0;;6;9;False;True;False;;9.83;0;;;2;Concais;11;;PASSAGEIROS;593;D016
48.0;330.0;13.9;11.9;2.0;7;0;;6;9;False;False;False;;21.07;3.97;;;2;BTP;9;;CGC;594;D016
43.0;254.96;9.0;12.65;1.0;7;30;;6;9;False;False;False;;55.58;3.33;;;2;Terminal ADM do Brasil;39;;GSA - E;595;D016
51.0;336.0;13.7;11.4;2.0;7;30;;6;9;False;False;False;;16.9;1.32;;;2;Santos Brasil;32;;CGC;596;D016
45.0;299.9;14.2;11.5;2.0;11;0;;6;9;False;False;False;;22.85;3.57;;;2;Santos Brasil;32;;CGC;597;D016
26.0;170.0;7.6;9.6;1.0;14;0;;6;9;False;False;False;;47.37;12.42;;;2;TUP - Cutrale - GL;49;;GL;598;D016
37.0;229.0;7.2;14.37;1.0;16;30;;6;9;False;False;False;;51.33;2.75;;;2;T-Grão;46;;GSA - E;599;D016
48.0;314.31;14.5;12.5;2.0;18;30;;6;9;False;False;False;;28.12;3.03;;;2;BTP;9;;RORO ;600;D016
40.0;305.6;11.5;9.6;2.0;20;18;;6;9;False;False;False;;14.07;1.75;;;2;TUP - DPW - CGC;51;;CGC;601;D016
32.0;199.97;8.3;9.5;1.0;21;0;;6;9;False;False;True;;33.5;1.25;;;2;TEV;45;;RORO ;602;D016
32.0;228.99;6.82;13.15;1.0;23;6;;6;9;False;False;False;;163.38;0.03;;;2;Temrinal de Exportação de Açúcar do Guarujá (TEAG);37;;GSA - E;603;D016
32.0;229.0;6.5;13.16;1.0;4;48;;0;10;False;False;False;;90.53;0;;;2;Terminal Exportador do Guarujá (TEG);42;;GSA - E;604;D016
32.0;199.97;8.3;9.1;1.0;5;0;;0;10;False;False;True;;27.0;1.83;;;2;TEV;45;;RORO ;605;D016
29.0;274.9;6.5;6.8;3.0;6;30;;0;10;False;True;False;;10.33;0;;;2;Concais;11;;PASSAGEIROS;606;D016
40.0;303.94;9.0;9.4;1.0;10;30;;0;10;False;False;False;;11.9;1.78;;;2;BTP;9;;CGC;607;D016
30.0;218.45;8.7;10.5;1.0;10;35;;0;10;False;False;False;;6.12;1.03;;;2;TUP - DPW - CGC;51;;CGC;608;D016
32.0;229.0;7.48;13.11;1.0;11;45;;0;10;False;False;False;;77.92;0;;;2;T-Grão;46;;GSA - E;609;D016
23.0;164.34;7.7;7.0;1.0;12;0;;0;10;False;False;False;;26.83;3.0;;;2;TUP - Terminal Marítimo Dow;54;;CGNC;610;D016
32.0;225.0;7.2;13.23;1.0;13;30;;0;10;False;False;False;;39.08;2.58;;;2;T-Grão;46;;GSA - E;611;D016
33.0;227.5;9.0;8.0;2.0;15;30;;0;10;False;False;False;;86.7;1.0;;;2;Ageo Terminais ;2;;GL;612;D016
36.0;236.3;8.2;8.5;1.0;17;0;;0;10;False;False;True;;11.5;1.83;;;2;TEV;45;;CGNC;613;D016
48.0;329.8;11.6;13.5;2.0;17;48;;0;10;False;False;False;;19.8;1.48;;;2;BTP;9;;CGC;614;D016
40.0;272.08;10.1;12.8;1.0;21;34;;0;10;False;False;False;;17.25;1.32;;;2;Santos Brasil;32;;CGC;615;D016
32.0;259.8;9.0;10.0;2.0;23;0;;0;10;False;False;False;;4.78;1.5;;;2;Santos Brasil;32;;CGC;616;D016
32.0;229.0;6.65;13.3;1.0;1;30;;1;11;False;False;False;;65.25;1.17;;;2;Terminal de Granéis do Guarujá (TGG);40;;GSA - E;617;D016
32.0;214.0;8.75;9.35;1.0;5;30;;1;11;False;False;False;;28.43;0.17;;;2;BTP;9;;CGNC;618;D016
19.0;88.8;5.0;5.0;1.0;7;56;;1;11;False;False;False;;29.25;0.08;;;2;TUP - Saipem;53;;CGNC;619;D016
35.0;224.0;8.7;9.5;2.0;8;25;;1;11;False;False;False;;11.5;1.5;;;2;Santos Brasil;32;;CGC;620;D016
32.0;229.0;11.7;13.67;1.0;9;38;;1;11;False;False;False;;10.42;2.0;;;2;Autoridade - Out;5;;GSA - E;621;D016
48.0;330.0;12.6;14.5;1.0;9;48;;1;11;False;False;False;;32.18;2.03;;;2;BTP;9;;CGC;622;D016
30.0;208.85;10.3;10.2;2.0;11;0;;1;11;False;False;False;;8.93;1.35;;;2;TUP - DPW - CGC;51;;CGC;623;D016
32.0;183.07;9.0;11.42;1.0;12;12;;1;11;False;False;False;;31.0;1.08;;;2;Transpetro;47;;GL;624;D016
27.0;170.7;10.02;8.1;2.0;13;55;;1;11;False;False;False;;72.0;3.92;;;2;Bracell;8;;GSA - I;625;D016
24.0;145.0;7.85;7.4;1.0;14;12;;1;11;False;False;False;;29.0;0.37;;;2;Ageo Terminais ;2;;GL;626;D016
48.0;299.9;11.4;12.8;1.0;14;30;;1;11;False;False;False;;27.57;1.7;;;2;TUP - DPW - CGC;51;;CGC;627;D016
27.0;170.0;8.15;8.2;2.0;16;0;;1;11;False;False;False;;31.33;6.33;;;2;Ultracargo;59;;GL;628;D016
0.0;229.0;6.75;13.39;1.0;21;0;;1;11;False;False;False;;41.75;2.87;;;2;Terminal de Granéis do Guarujá (TGG);40;;GSA - E;629;D016
36.0;199.99;8.12;10.45;1.0;23;30;;1;11;False;False;False;;78.9;2.37;;;2;TUP - DPW - CGNC;52;;CGNC;630;D016
32.0;243.0;8.7;10.7;2.0;23;30;;1;11;False;False;False;;8.63;1.62;;;2;Santos Brasil;32;;CGC;631;D016
27.0;188.34;8.0;7.3;2.0;1;35;;2;12;False;False;False;;130.37;8.33;;;2;Autoridade - Saboo;7;;CGNC;632;D016
22.0;119.9;8.3;6.2;1.0;2;30;;2;12;False;False;False;;66.83;0.67;;;2;Ageo Terminais ;2;;GL;633;D016
18.0;85.34;3.9;4.0;1.0;4;40;;2;12;False;False;False;;45.75;0.08;;;2;TUP - Saipem;53;;CGNC;634;D016
32.0;228.62;8.9;9.7;1.0;5;30;;2;12;False;False;False;;34.05;1.35;;;2;TUP - DPW - CGC;51;;CGC;635;D016
32.0;228.9;7.46;12.87;1.0;8;0;;2;12;False;False;False;;48.58;4.25;;;2;TUP - Tiplam - GSA - E;56;;GSA - E;636;D016
25.0;182.47;8.6;9.5;2.0;9;0;;2;12;False;False;False;;18.77;1.95;;;2;Santos Brasil;32;;CGC;637;D016
36.0;228.41;7.8;12.94;1.0;10;0;;2;12;False;False;False;;85.33;5.88;;;2;Outros - Cais do Paquetá;27;;GSA - E;638;D016
32.0;229.0;7.61;13.23;1.0;11;20;;2;12;False;False;False;;36.53;1.88;;;2;Terminal de Granéis do Guarujá (TGG);40;;GSA - E;639;D016
32.28;229.0;8.95;13.58;1.0;11;23;;2;12;False;False;False;;45.68;0.67;;;2;TUP - Cutrale - GSA - E;50;;GSA - E;640;D016
28.0;179.99;7.5;7.2;2.0;11;30;;2;12;False;False;False;;81.55;5.17;;;2;Outros - Cais do Outeirinhos;26;;GSM - I;641;D016
32.0;190.0;7.5;7.2;1.0;13;0;;2;12;False;False;False;;2.92;1.42;;;2;T-Grão;46;;GSA - E;642;D016
32.0;225.0;7.26;13.22;1.0;14;0;;2;12;False;False;False;;112.15;0.4;;;2;Temrinal de Exportação de Açúcar do Guarujá (TEAG);37;;GSA - E;643;D016
48.0;314.36;14.5;13.1;2.0;14;0;;2;12;False;False;False;;23.58;5.2;;;2;Santos Brasil;32;;CGC;644;D016
32.3;294.1;12.7;11.75;2.0;16;6;;2;12;False;False;False;;18.0;1.6;;;2;TUP - DPW - CGC;51;;CGC;645;D016
32.0;229.0;6.64;13.09;1.0;16;18;;2;12;False;False;False;;66.4;1.0;;;2;Terminal Exportador do Guarujá (TEG);42;;GSA - E;646;D016
48.0;330.0;10.7;12.5;1.0;21;18;;2;12;False;False;False;;24.73;2.3;;;2;TUP - DPW - CGC;51;;CGC;647;D016
48.0;333.95;14.1;12.6;2.0;22;54;;2;12;False;False;False;;23.03;1.92;;;2;TUP - DPW - CGC;51;;CGC;648;D016
32.0;199.9;11.2;12.4;1.0;1;30;;3;13;False;False;False;;16.17;0.08;;;2;Outros - Libra Terminais;29;;CGNC;649;D016
49.0;299.93;11.3;13.25;2.0;3;12;;3;13;False;False;False;;18.75;1.6;;;2;BTP;9;;CGC;650;D016
32.0;183.1;9.1;9.0;2.0;4;0;;3;13;False;False;False;;23.42;2.3;;;2;TUP - Terminal Marítimo Dow;54;;GL;651;D016
32.0;225.0;7.05;13.16;1.0;4;36;;3;13;False;False;False;;37.33;2.08;;;2;T-Grão;46;;GSA - E;652;D016
37.0;254.87;9.2;8.9;2.0;5;30;;3;13;False;False;False;;10.8;1.93;;;2;Santos Brasil;32;;CGC;653;D016
44.0;323.0;8.6;8.7;3.0;6;30;;3;13;False;True;False;;10.58;0;;;2;Concais;11;;PASSAGEIROS;654;D016
29.0;274.9;6.7;7.6;3.0;7;30;;3;13;False;True;False;;9.5;0;;;2;Concais;11;;PASSAGEIROS;655;D016
40.0;299.98;12.5;13.0;2.0;8;30;;3;13;False;False;False;;11.62;2.22;;;2;BTP;9;;CGC;656;D016
28.0;179.87;8.8;7.75;2.0;9;30;;3;13;False;False;False;;18.7;4.5;;;2;TUP - Tiplam - GL;55;;GL;657;D016
48.0;330.0;13.1;11.2;2.0;10;15;;3;13;False;False;False;;14.93;1.98;;;2;BTP;9;;CGC;658;D016
31.0;199.2;6.1;9.3;1.0;10;24;;3;13;False;False;False;;35.17;0.07;;;2;Outros - Libra Terminais;29;;CGNC;659;D016
32.0;182.5;11.2;10.0;2.0;11;0;;3;13;False;False;False;;151.5;0;;;2;Ageo Terminais ;2;;GL;660;D016
32.0;229.0;7.42;13.08;1.0;11;42;;3;13;False;False;False;;37.62;2.05;;;2;Terminal de Granéis do Guarujá (TGG);40;;GSA - E;661;D016
27.0;158.98;8.0;7.5;2.0;12;30;;3;13;False;False;False;;66.0;7.0;;;2;Stolthaven;33;;GL;662;D016
45.0;299.9;11.5;10.1;2.0;17;0;;3;13;False;False;False;;13.05;2.22;;;2;BTP;9;;CGC;663;D016
27.0;179.53;7.1;9.75;1.0;17;20;;3;13;False;False;False;;156.08;0;;;2;Outros - Píer da Alamoa;30;;GL;664;D016
32.0;199.9;12.4;13.12;1.0;21;5;;3;13;False;False;False;;13.88;0.58;;;2;Outros - Cais do Macuco;25;;CGNC;665;D016
37.0;255.36;9.8;9.3;2.0;23;0;;3;13;False;False;False;;14.55;1.87;;;2;Santos Brasil;32;;CGC;666;D016
25.0;156.53;7.3;6.45;2.0;2;30;;4;14;False;False;False;;39.5;0.35;;;2;Ageo Terminais ;2;;GL;667;D016
32.0;229.0;7.3;13.08;1.0;3;0;;4;14;False;False;False;;64.08;2.62;;;2;TUP - Tiplam - GSA - E;56;;GSA - E;668;D016
34.0;201.9;8.45;9.15;1.0;4;18;;4;14;False;False;False;;63.25;5.73;;;2;TUP - DPW - CGNC;52;;CGNC;669;D016
32.0;186.07;10.3;9.7;2.0;4;58;;4;14;False;False;False;;99.0;0.83;;;2;Ageo Terminais ;2;;GL;670;D016
45.0;299.9;10.4;13.4;1.0;5;30;;4;14;False;False;False;;19.38;1.4;;;2;BTP;9;;CGC;671;D016
37.0;227.97;11.65;10.5;2.0;6;0;;4;14;False;False;False;;24.27;1.82;;;2;Santos Brasil;32;;CGC;672;D016
38.0;333.33;8.7;8.6;3.0;6;30;;4;14;False;True;False;;11.42;0;;;2;Concais;11;;PASSAGEIROS;673;D016
22.0;139.0;6.65;6.6;1.0;7;0;;4;14;False;False;False;;18.5;9.6;;;2;Autoridade - Saboo;7;;CGNC;674;D016
48.0;299.9;9.7;9.1;2.0;8;12;;4;14;False;False;False;;21.15;1.43;;;2;TUP - DPW - CGC;51;;CGC;675;D016
32.0;229.0;9.4;12.75;1.0;8;45;;4;14;False;False;False;;28.95;2.08;;;2;Terminal ADM do Brasil;39;;GSA - E;676;D016
48.0;330.04;13.0;11.5;2.0;10;0;;4;14;False;False;False;;21.48;1.83;;;2;BTP;9;;CGC;677;D016
37.0;229.0;7.59;12.24;1.0;11;30;;4;14;False;False;False;;60.28;2.55;;;2;Terminal de Granéis do Guarujá (TGG);40;;GSA - E;678;D016
32.23;183.06;8.6;8.4;2.0;12;0;;4;14;False;False;False;;65.6;3.8;;;2;TUP - Terminal Marítimo Dow;54;;GL;679;D016
32.0;225.0;7.14;13.17;1.0;14;20;;4;14;False;False;False;;69.25;0;;;2;T-Grão;46;;GSA - E;680;D016
32.0;229.0;7.3;13.42;1.0;14;30;;4;14;False;False;False;;52.33;2.85;;;2;Autoridade - Out;5;;GSA - E;681;D016
40.0;304.15;9.25;9.0;2.0;14;40;;4;14;False;False;False;;9.2;3.15;;;2;BTP;9;;CGC;682;D016
32.0;229.0;7.4;13.21;1.0;15;0;;4;14;False;False;False;;54.68;0;;;2;Autoridade - Ponta;6;;GSA - E;683;D016
32.0;228.99;7.04;13.27;1.0;18;30;;4;14;False;False;False;;100.18;0.78;;;2;Terminal Exportador do Guarujá (TEG);42;;GSA - E;684;D016
42.0;244.6;9.0;9.9;1.0;18;36;;4;14;False;False;False;;58.8;1.75;;;2;Transpetro;47;;GL;685;D016
32.0;225.0;6.6;11.97;1.0;19;0;;4;14;False;False;False;;74.12;0.42;;;2;Autoridade - Ponta;6;;GSA - E;686;D016
25.0;156.53;10.5;8.9;2.0;23;20;;4;14;False;False;False;;45.0;0.02;;;2;Ultracargo;59;;GL;687;D016
32.0;229.0;7.31;13.26;1.0;23;30;;4;14;False;False;False;;36.65;4.02;;;2;Terminal ADM do Brasil;39;;GSA - E;688;D016
35.0;185.97;8.3;9.24;2.0;0;50;;5;15;False;False;False;;20.08;1.3;;;2;TUP - DPW - CGC;51;;CGC;689;D016
30.0;179.99;6.6;9.0;1.0;2;0;;5;15;False;False;False;;143.67;0.08;;;2;Eldorado (Rishis);14;;GL;690;D016
32.0;198.0;6.38;13.04;1.0;3;18;;5;15;False;False;False;;36.55;3.62;;;2;Outros - Cais da Ponta da Praia;23;;GSA - E;691;D016
48.0;299.9;9.4;11.9;1.0;3;42;;5;15;False;False;False;;20.52;4.38;;;2;BTP;9;;CGC;692;D016
51.0;335.95;10.0;13.1;1.0;4;50;;5;15;False;False;False;;33.15;2.12;;;2;Santos Brasil;32;;CGC;693;D016
32.0;263.23;11.0;12.7;1.0;5;0;;5;15;False;False;False;;12.65;1.87;;;2;TUP - DPW - CGC;51;;CGC;694;D016
50.0;305.0;8.7;8.5;3.0;5;1;;5;15;False;True;False;;10.75;0;;;2;Concais;11;;PASSAGEIROS;695;D016
40.0;272.02;9.8;11.0;2.0;5;50;;5;15;False;False;False;;23.32;1.52;;;2;Santos Brasil;32;;CGC;696;D016
52.0;331.43;8.1;8.7;3.0;6;18;;5;15;False;True;False;;9.58;0;;;2;Concais;11;;PASSAGEIROS;697;D016
32.0;229.0;7.59;12.21;1.0;8;0;;5;15;False;False;False;;109.87;3.08;;;2;Outros - Cais da Ponta da Praia;23;;GSA - E;698;D016
37.0;227.97;10.5;10.7;2.0;11;10;;5;15;False;False;False;;8.63;1.35;;;2;BTP;9;;CGC;699;D016
23.0;142.4;6.5;8.1;1.0;12;21;;5;15;False;False;False;;132.2;0.72;;;2;Ageo Terminais ;2;;GL;700;D016
28.0;183.2;7.4;9.2;1.0;15;30;;5;15;False;False;False;;22.3;2.8;;;2;Transpetro;47;;GL;701;D016
48.0;333.18;11.4;14.4;2.0;16;48;;5;15;False;False;False;;34.47;1.95;;;2;Santos Brasil;32;;CGC;702;D016
36.0;199.99;10.45;12.15;1.0;18;15;;5;15;False;False;False;;48.25;1.58;;;2;Outros - Libra Terminais;29;;CGNC;703;D016
40.0;280.54;11.8;11.1;2.0;18;30;;5;15;False;False;False;;9.98;2.57;;;2;BTP;9;;CGC;704;D016
32.0;199.9;7.4;12.9;1.0;19;42;;5;15;False;False;False;;25.62;2.47;;;2;Autoridade - Out;5;;GSA - E;705;D016
18.0;116.9;5.4;7.4;1.0;20;35;;5;15;False;False;False;;33.33;0;;;2;Ageo Terminais ;2;;GL;706;D016
32.31;229.0;7.07;13.35;1.0;0;1;;6;16;False;False;False;;63.42;3.93;;;2;TUP - Tiplam - GSA - E;56;;GSA - E;707;D016
32.0;229.0;7.7;13.59;1.0;0;24;;6;16;False;False;False;;36.25;1.58;;;2;Terminal de Granéis do Guarujá (TGG);40;;GSA - E;708;D016
32.0;183.1;9.0;7.5;1.0;2;30;;6;16;False;False;False;;47.5;0.25;;;2;Ageo Terminais ;2;;GL;709;D016
32.0;183.24;9.7;12.0;1.0;3;0;;6;16;False;False;False;;72.0;3.75;;;2;Stolthaven;33;;GL;710;D016
44.0;323.0;8.6;8.6;3.0;5;52;;6;16;False;True;False;;10.17;0;;;2;Concais;11;;PASSAGEIROS;711;D016
37.0;215.4;6.85;11.25;1.0;6;0;;6;16;False;False;False;;274.42;6.08;;;2;Outros - Cais do Macuco;25;;CGNC;712;D016
44.0;289.59;8.3;8.3;3.0;6;30;;6;16;False;True;False;;10.55;0;;;2;Concais;11;;PASSAGEIROS;713;D016
32.0;229.0;7.1;13.27;1.0;6;51;;6;16;False;False;False;;100.5;2.53;;;2;Terminal Exportador do Guarujá (TEG);42;;GSA - E;714;D016
32.0;199.9;10.7;7.3;2.0;8;30;;6;16;False;False;False;;245.45;0;;;2;Outros - Cais do Macuco;25;;GSM - I;715;D016
28.0;177.85;10.35;6.45;2.0;10;0;;6;16;False;False;False;;323.03;0.03;;;2;Outros - Cais do Paquetá;27;;GSA - I;716;D016
28.0;186.4;10.5;7.7;2.0;12;35;;6;16;False;False;False;;52.35;2.7;;;2;TUP - Tiplam - GSM - I;57;;GSM - I;717;D016
23.0;144.22;6.5;8.2;1.0;13;30;;6;16;False;False;False;;33.7;2.4;;;2;Transpetro;47;;GL;718;D016
32.0;229.0;6.84;13.44;1.0;14;15;;6;16;False;False;False;;53.83;3.47;;;2;Terminal ADM do Brasil;39;;GSA - E;719;D016
46.0;299.9;14.1;11.7;2.0;14;30;;6;16;False;False;False;;24.12;3.93;;;2;Santos Brasil;32;;CGC;720;D016
42.0;300.07;12.15;12.8;2.0;15;12;;6;16;False;False;False;;21.02;2.25;;;2;BTP;9;;CGC;721;D016
33.0;177.9;8.1;8.5;1.0;15;23;;6;16;False;False;False;;78.75;0.08;;;2;TUP - Saipem;53;;CGNC;722;D016
35.0;185.96;8.3;7.4;2.0;18;10;;6;16;False;False;False;;27.87;1.22;;;2;Santos Brasil;32;;CGC;723;D016
51.0;335.9;13.2;11.0;2.0;18;18;;6;16;False;False;False;;28.43;2.07;;;2;Santos Brasil;32;;CGC;724;D016
32.0;199.9;7.3;9.65;1.0;18;30;;6;16;False;False;False;;14.5;2.75;;;2;T-Grão;46;;GSA - E;725;D016
38.0;239.99;7.1;11.62;1.0;19;42;;6;16;False;False;False;;49.83;3.25;;;2;Autoridade - Out;5;;GSA - E;726;D016
32.0;183.2;8.5;8.4;1.0;21;0;;6;16;False;False;False;;31.3;4.83;;;2;Transpetro;47;;GL;727;D016
32.0;229.0;7.41;13.2;1.0;0;24;;0;17;False;False;False;;52.02;2.92;;;2;Autoridade - Out;5;;GSA - E;728;D016
32.0;199.98;9.2;9.05;2.0;2;12;;0;17;False;False;True;;6.0;2.42;;;2;TEV;45;;CGNC;729;D016
32.0;199.9;8.4;9.35;1.0;2;24;;0;17;False;False;True;;14.0;2.08;;;2;TEV;45;;CGNC;730;D016
33.0;199.9;8.8;9.1;1.0;2;42;;0;17;False;False;True;;9.07;3.75;;;2;TEV;45;;CGNC;731;D016
27.4;183.98;7.4;10.1;1.0;4;0;;0;17;False;False;False;;33.6;3.15;;;2;Transpetro;47;;GL;732;D016
32.0;199.95;8.1;8.65;1.0;4;0;;0;17;False;False;True;;28.35;2.58;;;2;TEV;45;;CGNC;733;D016
29.0;274.9;6.7;6.7;3.0;6;30;;0;17;False;True;False;;10.33;0;;;2;Concais;11;;PASSAGEIROS;734;D016
33.0;201.8;9.1;12.9;1.0;10;36;;0;17;False;False;False;;68.63;1.83;;;2;TUP - DPW - CGNC;52;;CGNC;735;D016
32.0;189.99;6.9;12.5;1.0;11;15;;0;17;False;False;False;;28.18;3.27;;;2;Terminal de Granéis do Guarujá (TGG);40;;GSA - E;736;D016
32.0;228.99;6.8;12.98;1.0;14;0;;0;17;False;False;False;;89.32;0;;;2;Autoridade - Ponta;6;;GSA - E;737;D016
31.0;184.75;9.52;8.02;2.0;15;0;;0;17;False;False;False;;136.53;0;;;2;Outros - Cais do Saboó;28;;GSM - I;738;D016
0.0;225.0;7.44;12.85;1.0;15;0;;0;17;False;False;False;;107.33;0;;;2;Autoridade - Ponta;6;;GSA - E;739;D016
30.0;208.79;10.0;11.3;2.0;15;36;;0;17;False;False;False;;8.37;1.35;;;2;Santos Brasil;32;;CGC;740;D016
24.0;144.09;7.4;6.2;2.0;16;0;;0;17;False;False;False;;38.58;0.68;;;2;Ageo Terminais ;2;;GL;741;D016
32.0;199.99;8.3;13.4;1.0;16;25;;0;17;False;False;False;;53.42;2.0;;;2;T-Grão;46;;GSA - E;742;D016
32.0;294.12;12.52;10.45;2.0;19;0;;0;17;False;False;False;;13.4;1.6;;;2;TUP - DPW - CGC;51;;CGC;743;D016
32.0;183.06;8.4;8.6;1.0;20;42;;0;17;False;False;False;;43.6;1.57;;;2;Transpetro;47;;GL;744;D016
32.0;229.0;7.03;13.44;1.0;21;6;;0;17;False;False;False;;55.38;2.95;;;2;Terminal ADM do Brasil;39;;GSA - E;745;D016
32.0;199.95;8.42;7.07;2.0;21;30;;0;17;False;False;False;;48.17;13.0;;;2;Outros - Cais do Outeirinhos;26;;GSM - I;746;D016
48.0;299.95;11.7;10.45;2.0;23;15;;0;17;False;False;False;;25.03;1.82;;;2;Santos Brasil;32;;CGC;747;D016
31.0;212.54;11.6;11.4;2.0;23;30;;0;17;False;False;False;;14.78;1.1;;;2;TUP - DPW - CGC;51;;CGC;748;D016
32.0;229.0;6.9;13.42;1.0;4;29;;1;18;False;False;False;;63.87;0.47;;;2;TUP - Cutrale - GSA - E;50;;GSA - E;749;D016
32.0;179.88;11.0;9.5;2.0;6;18;;1;18;False;False;False;;31.25;0;;;2;Ageo Terminais ;2;;GL;750;D016
32.0;229.0;7.5;13.4;1.0;9;0;;1;18;False;False;False;;73.08;5.75;;;2;Outros - Cais do Paquetá;27;;GSA - E;751;D016
32.0;180.0;7.9;8.9;1.0;10;54;;1;18;False;False;True;;24.0;3.83;;;2;TEV;45;;CGNC;752;D016
37.0;228.0;10.0;9.4;3.0;11;10;;1;18;False;False;False;;22.8;1.33;;;2;TUP - DPW - CGC;51;;CGC;753;D016
27.0;169.37;5.35;8.05;1.0;11;42;;1;18;False;False;False;;18.17;2.5;;;2;Autoridade - Out;5;;GSA - E;754;D016
36.0;236.3;8.4;9.0;1.0;12;40;;1;18;False;False;False;;57.52;6.45;;;2;Autoridade - Saboo;7;;CGC;755;D016
32.0;199.98;11.7;11.52;2.0;13;0;;1;18;False;False;False;;67.05;6.05;;;2;Outros - Cais do Macuco;25;;GSM - I;756;D016
18.0;119.9;5.1;5.2;1.0;15;0;;1;18;False;False;True;;4.0;8.62;;;2;TEV;45;;RORO ;757;D016
21.0;139.95;7.0;5.3;2.0;16;0;;1;18;False;False;False;;39.33;0.63;;;2;Ageo Terminais ;2;;GL;758;D016
42.0;320.58;12.6;14.5;1.0;18;0;;1;18;False;False;False;;47.68;1.73;;;2;TUP - DPW - CGC;51;;CGC;759;D016
40.0;272.08;10.35;9.0;2.0;22;22;;1;18;False;False;False;;16.72;1.93;;;2;Santos Brasil;32;;CGC;760;D016
25.0;159.2;9.0;8.9;2.0;23;0;;1;18;False;False;False;;8.75;1.88;;;2;TUP - Terminal Marítimo Dow;54;;GL;761;D016
32.0;199.9;8.55;11.62;1.0;0;1;;2;19;False;False;False;;51.42;3.87;;;2;TUP - Tiplam - GSA - E;56;;GSA - E;762;D016
33.0;229.0;7.2;13.58;1.0;0;6;;2;19;False;False;False;;83.33;0;;;2;T-Grão;46;;GSA - E;763;D016
32.0;225.0;7.0;11.4;1.0;0;18;;2;19;False;False;False;;44.4;2.9;;;2;TUP - DPW - CGNC;52;;CGNC;764;D016
40.0;299.8;10.0;10.6;1.0;0;40;;2;19;False;False;False;;13.85;2.87;;;2;BTP;9;;CGC;765;D016
32.0;229.0;6.7;13.35;1.0;1;18;;2;19;False;False;False;;84.6;5.98;;;2;TUP - Tiplam - GSA - E;56;;GSA - E;766;D016
32.0;225.0;12.85;7.3;2.0;3;25;;2;19;False;False;False;;108.8;3.38;;;2;Terminal Marítimo do Guarujá (Termag);43;;GSM - I;767;D016
30.0;210.54;9.4;9.6;1.0;3;30;;2;19;False;False;False;;20.37;2.13;;;2;TUP - DPW - CGC;51;;CGC;768;D016
32.0;225.0;9.7;12.06;1.0;4;0;;2;19;False;False;False;;41.92;2.08;;;2;Outros - Cais do Macuco;25;;CGNC;769;D016
40.0;304.16;11.4;9.8;2.0;5;0;;2;19;False;False;False;;11.0;11.53;;;2;BTP;9;;CGC;770;D016
48.0;299.9;10.6;11.5;1.0;7;0;;2;19;False;False;False;;17.8;1.45;;;2;TUP - DPW - CGC;51;;CGC;771;D016
19.0;127.67;7.0;5.7;2.0;11;30;;2;19;False;False;False;;21.37;7.08;;;2;TUP - DPW - CGC;51;;CGC;772;D016
27.0;188.34;7.3;7.55;1.0;11;40;;2;19;False;False;False;;40.38;4.7;;;2;Autoridade - Saboo;7;;CGNC;773;D016
32.0;213.88;8.7;8.8;2.0;12;0;;2;19;False;False;False;;13.9;0.97;;;2;BTP;9;;CGNC;774;D016
32.0;183.02;12.05;9.9;2.0;13;12;;2;19;False;False;False;;44.33;0;;;2;Outros - Píer da Alamoa;30;;GL;775;D016
46.0;299.9;12.5;13.4;1.0;17;0;;2;19;False;False;False;;24.33;3.27;;;2;BTP;9;;CGC;776;D016
48.0;299.98;11.3;13.9;1.0;17;0;;2;19;False;False;False;;17.5;1.85;;;2;BTP;9;;CGC;777;D016
25.0;182.47;8.9;9.9;2.0;17;0;;2;19;False;False;False;;29.38;1.73;;;2;Santos Brasil;32;;CGC;778;D016
19.0;88.8;5.0;5.3;1.0;17;47;;2;19;False;False;False;;48.17;0.08;;;2;TUP - Saipem;53;;CGNC;779;D016
25.0;159.2;8.9;8.8;2.0;20;10;;2;19;False;False;False;;16.33;0;;;2;Outros - Píer da Alamoa;30;;GL;780;D016
31.0;189.9;6.9;7.0;2.0;21;24;;2;19;False;False;False;;66.17;2.42;;;2;TUP - Tiplam - GSM - I;57;;GSM - I;781;D016
37.0;255.0;9.9;9.3;2.0;1;40;;3;20;False;False;False;;19.58;1.95;;;2;Santos Brasil;32;;CGC;782;D016
32.0;229.0;7.32;13.2;1.0;2;0;;3;20;False;False;False;;65.25;0;;;2;T-Grão;46;;GSA - E;783;D016
32.0;228.99;6.7;13.95;1.0;2;30;;3;20;False;False;False;;36.22;1.83;;;2;Terminal de Granéis do Guarujá (TGG);40;;GSA - E;784;D016
32.0;225.0;7.3;8.35;1.0;3;0;;3;20;False;False;False;;8.83;0.17;;;2;T-Grão;46;;GSA - E;785;D016
32.0;182.5;10.0;7.2;2.0;5;15;;3;20;False;False;False;;82.5;1.08;;;2;Ageo Terminais ;2;;GL;786;D016
24.0;199.98;8.65;7.5;2.0;6;0;;3;20;False;False;False;;68.92;0;;;2;Outros - Cais do Saboó;28;;GSM - I;787;D016
34.0;219.21;7.9;7.8;3.0;6;20;;3;20;False;True;False;;11.08;0;;;2;Concais;11;;PASSAGEIROS;788;D016
33.0;189.94;11.94;12.42;1.0;7;0;;3;20;False;False;False;;1.67;2.75;;;2;T-Grão;46;;GSA - E;789;D016
29.0;274.9;6.7;6.8;3.0;7;19;;3;20;False;True;False;;9.42;0;;;2;Concais;11;;PASSAGEIROS;790;D016
32.0;201.8;10.6;9.9;1.0;8;24;;3;20;False;False;False;;40.97;3.8;;;2;TUP - DPW - CGNC;52;;CGNC;791;D016
32.0;225.0;7.1;12.12;1.0;9;45;;3;20;False;False;False;;62.85;0;;;2;Autoridade - Ponta;6;;GSA - E;792;D016
32.0;228.94;7.44;12.79;1.0;10;36;;3;20;False;False;False;;90.52;4.07;;;2;Terminal Exportador do Guarujá (TEG);42;;GSA - E;793;D016
32.0;189.99;6.72;12.87;1.0;11;30;;3;20;False;False;False;;21.92;2.05;;;2;Autoridade - Out;5;;GSA - E;794;D016
32.0;189.9;6.13;10.68;1.0;12;0;;3;20;False;False;False;;29.38;2.45;;;2;Autoridade - Out;5;;GSA - E;795;D016
34.0;223.91;9.4;9.2;2.0;12;0;;3;20;False;False;False;;2.55;1.77;;;2;Santos Brasil;32;;CGC;796;D016
32.0;189.9;11.9;9.48;2.0;12;19;;3;20;False;False;False;;99.0;0;;;2;Outros - Libra Terminais;29;;GL;797;D016
32.0;201.8;8.52;7.7;2.0;13;0;;3;20;False;False;False;;114.52;2.55;;;2;Autoridade - Saboo;7;;CGNC;798;D016
48.0;330.0;12.15;14.4;1.0;14;0;;3;20;False;False;False;;24.2;2.82;;;2;BTP;9;;CGC;799;D016
24.0;146.5;9.5;9.4;2.0;15;34;;3;20;False;False;False;;23.17;0.22;;;2;Ageo Terminais ;2;;GL;800;D016
48.0;299.99;10.5;9.55;2.0;19;0;;3;20;False;False;False;;17.28;1.33;;;2;BTP;9;;GL;801;D016
51.0;336.0;10.2;13.4;2.0;22;0;;3;20;False;False;False;;32.28;1.68;;;2;Santos Brasil;32;;CGC;802;D016
32.0;189.99;12.17;6.45;2.0;22;12;;3;20;False;False;False;;84.72;2.45;;;2;Terminal Marítimo do Guarujá (Termag);43;;GSM - I;803;D016
40.0;228.0;8.0;11.5;1.0;23;30;;3;20;False;False;False;;52.6;3.83;;;2;Transpetro;47;;GL;804;D016
30.0;222.14;9.1;8.6;2.0;23;36;;3;20;False;False;False;;4.7;1.75;;;2;Santos Brasil;32;;CGC;805;D016
32.0;229.0;7.39;13.2;1.0;0;1;;4;21;False;False;False;;82.67;2.17;;;2;TUP - Tiplam - GSA - E;56;;GSA - E;806;D016
45.0;299.9;11.5;13.7;1.0;0;44;;4;21;False;False;False;;16.88;4.28;;;2;BTP;9;;CGC;807;D016
29.0;175.53;8.52;6.09;2.0;3;36;;4;21;False;False;False;;109.67;0;;;2;Outros - Cais do Saboó;28;;GSM - I;808;D016
25.0;159.2;8.8;7.9;2.0;5;0;;4;21;False;False;False;;27.33;0.25;;;2;Ageo Terminais ;2;;GL;809;D016
32.0;182.5;7.0;7.0;2.0;5;29;;4;21;False;False;False;;13.25;13.67;;;2;Adonai Química;1;;GL;810;D016
27.0;179.53;9.75;10.8;1.0;5;43;;4;21;False;False;False;;42.0;6.65;;;2;Stolthaven;33;;GL;811;D016
28.0;186.36;9.6;8.9;2.0;6;6;;4;21;False;False;False;;14.0;1.45;;;2;Santos Brasil;32;;CGC;812;D016
38.0;333.33;8.59;8.6;3.0;6;30;;4;21;False;True;False;;11.33;0;;;2;Concais;11;;PASSAGEIROS;813;D016
17.0;82.3;5.0;5.3;1.0;9;5;;4;21;False;False;False;;36.58;0.08;;;2;TUP - Saipem;53;;CGNC;814;D016
32.31;228.99;9.06;13.32;1.0;9;32;;4;21;False;False;False;;53.68;1.25;;;2;TUP - Cutrale - GSA - E;50;;GSA - E;815;D016
38.0;227.95;11.05;11.2;2.0;9;40;;4;21;False;False;False;;27.13;2.0;;;2;Santos Brasil;32;;CGC;816;D016
32.0;183.06;8.0;9.7;1.0;9;42;;4;21;False;False;False;;30.3;3.57;;;2;Transpetro;47;;GL;817;D016
50.0;158.5;6.1;7.6;1.0;11;35;;4;21;False;False;False;;60.0;3.75;;;2;Eldorado (Rishis);14;;GSA - E;818;D016
27.0;170.7;8.1;5.73;2.0;12;30;;4;21;False;False;False;;60.37;1.47;;;2;Bracell;8;;GSA - I;819;D016
32.0;225.0;12.1;13.49;1.0;13;30;;4;21;False;False;False;;20.08;1.67;;;2;Outros - Libra Terminais;29;;CGNC;820;D016
48.0;299.92;10.05;13.15;1.0;14;0;;4;21;False;False;False;;22.87;2.35;;;2;BTP;9;;CGC;821;D016
28.0;171.93;7.5;7.2;2.0;15;0;;4;21;False;False;False;;59.78;7.75;;;2;Outros - Cais do Outeirinhos;26;;GSM - I;822;D016
32.0;225.0;7.5;7.2;1.0;20;10;;4;21;False;False;False;;84.0;0.08;;;2;Outros - Cais do Macuco;25;;CGNC;823;D016
48.0;330.0;10.6;12.9;2.0;21;48;;4;21;False;False;False;;21.7;5.23;;;2;TUP - DPW - CGC;51;;CGC;824;D016
48.0;330.0;14.0;13.1;2.0;23;26;;4;21;False;False;False;;17.62;2.95;;;2;TUP - DPW - CGC;51;;CGC;825;D016
48.0;300.02;11.3;13.1;2.0;23;30;;4;21;False;False;False;;15.83;1.8;;;2;BTP;9;;CGC;826;D016
48.0;333.2;12.35;10.4;2.0;0;10;;5;22;False;False;False;;29.8;1.62;;;2;Santos Brasil;32;;CGC;827;D016
30.0;180.0;7.3;6.45;2.0;1;0;;5;22;False;False;False;;78.5;0;;;2;Outros - Cais do Saboó;28;;GSM - I;828;D016
32.0;228.9;7.88;13.1;1.0;3;30;;5;22;False;False;False;;47.8;1.75;;;2;Autoridade - Out;5;;GSA - E;829;D016
50.0;305.0;8.7;8.7;3.0;5;45;;5;22;False;True;False;;10.58;0;;;2;Concais;11;;PASSAGEIROS;830;D016
40.0;305.6;12.0;13.0;1.0;6;6;;5;22;False;False;False;;8.48;1.78;;;2;TUP - DPW - CGC;51;;CGC;831;D016
52.0;331.43;8.55;8.6;3.0;6;18;;5;22;False;True;False;;10.0;0;;;2;Concais;11;;PASSAGEIROS;832;D016
25.0;161.5;6.1;8.7;1.0;8;0;;5;22;False;False;False;;73.9;4.35;;;2;Autoridade - Saboo;7;;CGC;833;D016
27.0;184.06;7.3;7.8;1.0;8;30;;5;22;False;False;False;;105.42;0;;;2;Adonai Química;1;;GL;834;D016
28.0;182.9;6.5;7.0;1.0;10;40;;5;22;False;False;False;;34.0;0;;;2;Outros - Píer da Alamoa;30;;GL;835;D016
37.0;255.36;9.6;11.75;2.0;11;0;;5;22;False;False;False;;17.92;1.53;;;2;Santos Brasil;32;;CGC;836;D016
27.0;165.17;8.7;6.1;2.0;11;30;;5;22;False;False;False;;22.75;4.38;;;2;TUP - Terminal Marítimo Dow;54;;GL;837;D016
32.0;183.1;8.0;6.5;1.0;11;48;;5;22;False;False;False;;10.1;2.47;;;2;Transpetro;47;;GL;838;D016
48.0;333.2;11.9;14.45;2.0;14;0;;5;22;False;False;False;;43.57;1.73;;;2;Santos Brasil;32;;CGC;839;D016
32.0;183.06;12.0;8.4;2.0;15;18;;5;22;False;False;False;;232.85;0;;;2;Ageo Terminais ;2;;GL;840;D016
24.0;189.98;8.3;6.6;2.0;17;50;;5;22;False;False;False;;67.85;0;;;2;Outros - Cais do Macuco;25;;GSM - I;841;D016
28.0;179.44;6.9;10.5;1.0;19;38;;5;22;False;False;False;;98.75;0.05;;;2;Outros - Libra Terminais;29;;CGNC;842;D016
32.0;228.99;6.72;12.45;1.0;21;54;;5;22;False;False;False;;60.43;2.48;;;2;Terminal ADM do Brasil;39;;GSA - E;843;D016
40.0;299.95;9.0;9.5;3.0;22;42;;5;22;False;False;False;;38.27;1.3;;;2;TUP - DPW - CGC;51;;CGC;844;D016
28.0;186.4;8.25;6.48;2.0;0;48;;6;23;False;False;False;;107.0;0;;;2;Outros - Cais do Saboó;28;;GSM - I;845;D016
28.0;186.4;6.62;9.9;1.0;0;48;;6;23;False;False;False;;17.88;0;;;2;Autoridade - Out;5;;GSA - E;846;D016
38.0;227.95;11.2;11.4;2.0;1;0;;6;23;False;False;False;;12.98;1.6;;;2;BTP;9;;CGC;847;D016
21.0;138.03;8.16;7.9;2.0;1;0;;6;23;False;False;False;;4.48;2.87;;;2;TUP - DPW - CGC;51;;CGC;848;D016
48.0;300.0;13.45;10.55;2.0;1;38;;6;23;False;False;False;;35.07;1.78;;;2;Santos Brasil;32;;CGC;849;D016
32.0;199.9;6.7;11.76;1.0;2;36;;6;23;False;False;False;;53.62;2.77;;;2;Outros - Cais da Ponta da Praia;23;;GSA - E;850;D016
40.0;280.54;11.3;13.45;1.0;3;48;;6;23;False;False;False;;14.18;2.53;;;2;BTP;9;;CGC;851;D016
44.0;323.0;8.48;8.6;3.0;6;0;;6;23;False;True;False;;10.33;0;;;2;Concais;11;;PASSAGEIROS;852;D016
44.0;289.59;8.3;8.3;3.0;6;30;;6;23;False;True;False;;11.0;0;;;2;Concais;11;;PASSAGEIROS;853;D016
36.0;236.3;9.0;9.0;1.0;7;40;;6;23;False;False;True;;5.08;1.08;;;2;TEV;45;;CGNC;854;D016
32.0;262.08;9.9;11.27;2.0;8;42;;6;23;False;False;False;;10.0;1.6;;;2;Santos Brasil;32;;CGC;855;D016
25.0;146.19;6.0;5.7;2.0;9;0;;6;23;False;False;False;;18.0;4.25;;;2;Stolthaven;33;;GL;856;D016
32.0;199.97;8.45;9.1;1.0;10;6;;6;23;False;False;True;;14.0;0.7;;;2;TEV;45;;CGNC;857;D016
43.0;299.9;13.5;11.1;2.0;10;30;;6;23;False;False;False;;18.88;4.48;;;2;Santos Brasil;32;;CGC;858;D016
30.0;210.56;8.2;11.4;1.0;10;55;;6;23;False;False;False;;90.3;0.02;;;2;NST - GL;20;;GL;859;D016
32.0;199.98;6.43;13.57;1.0;14;36;;6;23;False;False;False;;46.92;1.88;;;2;Autoridade - Out;5;;GSA - E;860;D016
40.0;293.18;10.35;9.0;2.0;15;30;;6;23;False;False;False;;22.32;3.28;;;2;TUP - DPW - CGC;51;;CGC;861;D016
30.0;218.45;8.5;7.0;2.0;15;31;;6;23;False;False;False;;9.05;4.83;;;2;Santos Brasil;32;;CGC;862;D016
48.0;330.03;13.7;12.0;2.0;23;0;;6;23;False;False;False;;15.55;2.4;;;2;Santos Brasil;32;;CGC;863;D016
48.0;330.08;14.3;13.0;2.0;0;36;;0;24;False;False;False;;25.82;2.45;;;2;BTP;9;;CGC;864;D016
33.0;228.99;6.4;13.4;1.0;1;0;;0;24;False;False;False;;37.33;0.83;;;2;T-Grão;46;;GSA - E;865;D016
32.0;199.98;6.46;12.13;1.0;3;43;;0;24;False;False;False;;41.67;2.42;;;2;TUP - Cutrale - GSA - E;50;;GSA - E;866;D016
28.0;184.89;7.2;11.1;1.0;6;0;;0;24;False;False;False;;118.0;0.57;;;2;Ageo Terminais ;2;;GL;867;D016
28.0;195.82;5.8;5.8;3.0;6;0;;0;24;False;True;False;;35.83;0;;;2;Concais;11;;PASSAGEIROS;868;D016
29.0;274.9;6.7;6.4;3.0;6;30;;0;24;False;True;False;;10.42;0;;;2;Concais;11;;PASSAGEIROS;869;D016
32.0;228.9;7.64;12.46;1.0;8;0;;0;24;False;False;False;;93.6;0.37;;;2;Temrinal de Exportação de Açúcar do Guarujá (TEAG);37;;GSA - E;870;D016
18.0;85.34;3.8;5.0;1.0;8;5;;0;24;False;False;False;;30.58;0.08;;;2;TUP - Saipem;53;;CGNC;871;D016
32.0;263.23;12.3;10.2;2.0;9;0;;0;24;False;False;False;;17.6;3.52;;;2;TUP - DPW - CGC;51;;CGC;872;D016
28.0;175.1;8.4;7.3;2.0;10;0;;0;24;False;False;False;;17.82;8.45;;;2;Santos Brasil;32;;CGC;873;D016
32.0;199.9;9.01;12.81;1.0;12;18;;0;24;False;False;False;;39.82;2.32;;;2;TUP - DPW - CGNC;52;;CGNC;874;D016
27.0;170.08;7.0;7.9;1.0;12;20;;0;24;False;False;False;;2.93;12.8;;;2;Santos Brasil;32;;CGC;875;D016
32.0;199.98;6.24;12.7;1.0;14;12;;0;24;False;False;False;;37.83;2.58;;;2;Outros - Cais da Ponta da Praia;23;;GSA - E;876;D016
40.0;254.94;10.5;11.2;2.0;17;0;;0;24;False;False;False;;51.33;2.78;;;2;TUP - DPW - CGC;51;;CGC;877;D016
30.0;208.85;11.4;11.6;1.0;19;55;;0;24;False;False;False;;10.13;1.38;;;2;TUP - DPW - CGC;51;;CGC;878;D016
32.0;231.0;10.4;12.0;2.0;21;48;;0;24;False;False;False;;10.43;1.62;;;2;Santos Brasil;32;;CGC;879;D016
40.0;182.9;7.4;8.5;1.0;22;12;;0;24;False;False;False;;9.5;4.52;;;2;Transpetro;47;;GL;880;D016
32.0;224.98;7.37;13.24;1.0;22;54;;0;24;False;False;False;;73.32;0.65;;;2;Terminal Exportador do Guarujá (TEG);42;;GSA - E;881;D016
45.0;299.9;11.7;14.0;1.0;1;0;;1;25;False;False;False;;21.87;2.1;;;2;BTP;9;;CGC;882;D016
32.0;228.15;11.2;9.4;2.0;4;18;;1;25;False;False;False;;9.72;3.77;;;2;Santos Brasil;32;;CGC;883;D016
34.0;223.91;9.2;9.0;2.0;5;0;;1;25;False;False;False;;15.7;2.15;;;2;Santos Brasil;32;;CGC;884;D016
32.0;189.99;6.18;11.6;1.0;6;54;;1;25;False;False;False;;55.67;1.83;;;2;T-Grão;46;;GSA - E;885;D016
48.0;330.03;10.8;13.4;1.0;8;0;;1;25;False;False;False;;24.33;2.42;;;2;BTP;9;;CGC;886;D016
32.0;199.97;8.25;9.2;1.0;9;0;;1;25;False;False;True;;35.13;0.92;;;2;TEV;45;;RORO ;887;D016
30.0;218.45;9.5;10.6;1.0;12;0;;1;25;False;False;False;;9.97;1.47;;;2;TUP - DPW - CGC;51;;CGC;888;D016
32.0;225.0;12.5;14.1;1.0;13;12;;1;25;False;False;False;;20.85;1.85;;;2;TUP - DPW - CGNC;52;;CGNC;889;D016
48.0;330.0;10.1;11.4;1.0;14;0;;1;25;False;False;False;;21.05;1.52;;;2;BTP;9;;CGC;890;D016
32.0;183.0;9.6;8.4;2.0;14;0;;1;25;False;False;False;;75.53;0;;;2;Outros - Píer da Alamoa;30;;GL;891;D016
40.0;280.54;13.7;9.3;2.0;17;0;;1;25;False;False;False;;23.82;6.93;;;2;BTP;9;;CGC;892;D016
28.0;172.0;8.3;9.35;2.0;18;30;;1;25;False;False;False;;15.98;6.1;;;2;TUP - DPW - CGC;51;;CGC;893;D016
28.0;195.82;5.8;5.6;3.0;19;5;;1;25;False;True;False;;32.0;0;;;2;Concais;11;;PASSAGEIROS;894;D016
37.0;210.0;7.5;12.3;1.0;21;12;;1;25;False;False;False;;55.48;0;;;2;Autoridade - Ponta;6;;GSA - E;895;D016
25.0;156.53;6.5;10.1;1.0;23;0;;1;25;False;False;False;;96.2;0.55;;;2;Ageo Terminais ;2;;GL;896;D016
40.0;272.05;10.3;9.15;2.0;3;0;;2;26;False;False;False;;23.55;3.7;;;2;Santos Brasil;32;;CGC;897;D016
32.0;194.87;9.2;10.2;1.0;3;45;;2;26;False;False;False;;17.1;1.47;;;2;TUP - DPW - CGC;51;;CGC;898;D016
32.0;199.9;10.3;7.32;2.0;6;30;;2;26;False;False;False;;78.42;57.08;;;2;TUP - Tiplam - GSM - I;57;;GSM - I;899;D016
32.0;228.99;6.75;12.6;1.0;7;42;;2;26;False;False;False;;50.92;0;;;2;Autoridade - Ponta;6;;GSA - E;900;D016
33.0;182.82;10.0;7.5;2.0;8;0;;2;26;False;False;False;;116.87;0;;;2;Ageo Terminais ;2;;GL;901;D016
32.0;201.8;9.9;10.0;1.0;10;43;;2;26;False;False;False;;15.05;1.57;;;2;Outros - Cais do Macuco;25;;CGNC;902;D016
30.0;180.4;10.18;5.89;2.0;10;45;;2;26;False;False;False;;164.45;3.17;;;2;Bracell;8;;GSA - I;903;D016
22.0;119.9;7.4;6.75;1.0;12;30;;2;26;False;False;False;;40.48;0;;;2;Ageo Terminais ;2;;GL;904;D016
48.46;324.0;14.2;12.4;2.0;13;0;;2;26;False;False;False;;40.35;2.4;;;2;TUP - DPW - CGC;51;;CGC;905;D016
32.0;225.0;7.1;13.26;1.0;14;5;;2;26;False;False;False;;56.67;0.83;;;2;TUP - Cutrale - GSA - E;50;;GSA - E;906;D016
32.0;229.0;6.95;14.2;1.0;15;0;;2;26;False;False;False;;94.42;3.08;;;2;T-Grão;46;;GSA - E;907;D016
32.0;225.0;7.15;13.0;1.0;16;0;;2;26;False;False;False;;32.53;3.22;;;2;Terminal ADM do Brasil;39;;GSA - E;908;D016
25.0;182.47;8.8;9.6;2.0;18;0;;2;26;False;False;False;;16.37;1.12;;;2;Santos Brasil;32;;CGC;909;D016
30.0;180.98;10.2;8.5;2.0;19;30;;2;26;False;False;False;;65.83;4.25;;;2;Bracell;8;;GSA - I;910;D016
37.0;254.73;9.5;9.2;2.0;20;30;;2;26;False;False;False;;12.07;2.03;;;2;Santos Brasil;32;;CGC;911;D016
32.0;199.9;7.3;7.0;2.0;21;41;;2;26;False;False;False;;8.83;0.12;;;2;Outros - Cais do Saboó;28;;GSM - I;912;D016
27.0;183.0;7.5;8.6;1.0;22;48;;2;26;False;False;False;;12.6;2.83;;;2;Transpetro;47;;GL;913;D016
32.0;179.88;9.5;8.2;2.0;0;0;;3;27;False;False;False;;37.78;0;;;2;Outros - Píer da Alamoa;30;;GL;914;D016
32.0;229.0;7.65;13.28;1.0;0;30;;3;27;False;False;False;;65.32;0.03;;;2;Terminal Exportador do Guarujá (TEG);42;;GSA - E;915;D016
32.0;228.99;6.92;13.3;1.0;0;54;;3;27;False;False;False;;113.18;5.25;;;2;Outros - Cais da Ponta da Praia;23;;GSA - E;916;D016
48.0;328.46;11.9;10.7;2.0;2;24;;3;27;False;False;False;;14.83;2.53;;;2;BTP;9;;CGC;917;D016
25.0;146.19;5.7;7.2;1.0;3;10;;3;27;False;False;False;;24.5;0.23;;;2;Ageo Terminais ;2;;GL;918;D016
48.0;299.99;10.75;9.5;2.0;3;24;;3;27;False;False;False;;14.88;2.68;;;2;Santos Brasil;32;;CGNC;919;D016
32.0;250.0;7.5;7.5;3.0;4;50;;3;27;False;True;False;;40.5;0;;;2;Concais;11;;PASSAGEIROS;920;D016
48.0;299.98;11.7;12.9;1.0;4;54;;3;27;False;False;False;;12.65;8.2;;;2;BTP;9;;CGC;921;D016
44.0;289.59;8.3;8.3;3.0;6;30;;3;27;False;True;False;;10.83;0;;;2;Concais;11;;PASSAGEIROS;922;D016
29.0;274.9;6.7;6.8;3.0;7;30;;3;27;False;True;False;;9.67;0;;;2;Concais;11;;PASSAGEIROS;923;D016
17.0;82.3;4.6;5.0;1.0;8;30;;3;27;False;False;False;;6.17;0.08;;;2;TUP - Saipem;53;;CGNC;924;D016
24.0;141.0;9.0;9.3;2.0;10;0;;3;27;False;False;False;;12.33;0;;;2;Outros - Píer da Alamoa;30;;GL;925;D016
32.0;229.0;7.5;12.84;1.0;10;0;;3;27;False;False;False;;62.85;0.73;;;2;Terminal Exportador do Guarujá (TEG);42;;GSA - E;926;D016
38.0;249.12;10.0;13.0;1.0;10;32;;3;27;False;False;False;;15.62;4.58;;;2;BTP;9;;CGNC;927;D016
20.0;119.75;6.2;6.8;1.0;12;0;;3;27;False;False;False;;37.35;2.0;;;2;Autoridade - Saboo;7;;CGNC;928;D016
32.0;204.36;12.35;12.9;1.0;12;30;;3;27;False;False;False;;9.37;2.73;;;2;TUP - DPW - CGNC;52;;CGNC;929;D016
33.0;225.0;7.2;13.45;1.0;12;42;;3;27;False;False;False;;45.67;2.42;;;2;T-Grão;46;;GSA - E;930;D016
32.0;228.99;7.1;13.6;1.0;13;18;;3;27;False;False;False;;34.33;2.13;;;2;Terminal de Granéis do Guarujá (TGG);40;;GSA - E;931;D016
32.0;229.0;7.4;13.18;1.0;14;0;;3;27;False;False;False;;29.88;7.97;;;2;Terminal ADM do Brasil;39;;GSA - E;932;D016
33.0;199.9;7.8;12.3;1.0;17;18;;3;27;False;False;False;;87.98;13.2;;;2;TUP - DPW - CGNC;52;;CGNC;933;D016
28.0;179.44;10.5;10.4;1.0;21;15;;3;27;False;False;False;;25.05;10.88;;;2;Autoridade - Saboo;7;;CGC;934;D016
32.0;201.8;10.0;13.3;1.0;21;45;;3;27;False;False;False;;40.0;0.08;;;2;Outros - Libra Terminais;29;;CGNC;935;D016
32.0;199.95;8.8;9.3;1.0;22;30;;3;27;False;False;True;;14.0;1.4;;;2;TEV;45;;CGNC;936;D016
44.0;299.95;11.9;9.6;2.0;23;3;;3;27;False;False;False;;17.13;6.53;;;2;BTP;9;;CGC;937;D016
48.43;333.95;14.0;12.3;2.0;23;54;;3;27;False;False;False;;25.83;1.65;;;2;TUP - DPW - CGC;51;;CGC;938;D016
35.0;185.99;8.3;8.55;2.0;1;40;;4;28;False;False;False;;9.13;1.45;;;2;Santos Brasil;32;;CGC;939;D016
19.0;88.8;5.1;5.0;1.0;2;40;;4;28;False;False;False;;18.75;0.17;;;2;TUP - Saipem;53;;CGNC;940;D016
30.0;222.14;9.6;9.4;2.0;6;0;;4;28;False;False;False;;6.15;1.67;;;2;Santos Brasil;32;;CGC;941;D016
38.0;333.33;8.7;8.7;3.0;6;30;;4;28;False;True;False;;11.08;0;;;2;Concais;11;;PASSAGEIROS;942;D016
37.0;228.0;11.2;10.6;2.0;7;0;;4;28;False;False;False;;15.95;1.82;;;2;Santos Brasil;32;;CGC;943;D016
32.0;199.98;11.52;6.67;2.0;7;30;;4;28;False;False;False;;185.92;6.1;;;2;Outros - Cais do Macuco;25;;GSM - I;944;D016
35.0;199.91;7.7;9.7;1.0;10;5;;4;28;False;False;False;;17.13;2.4;;;2;Santos Brasil;32;;CGC;945;D016
35.0;223.98;9.0;9.0;2.0;10;35;;4;28;False;False;False;;13.93;2.5;;;2;Santos Brasil;32;;CGC;946;D016
32.0;229.0;7.3;13.54;1.0;10;48;;4;28;False;False;False;;38.6;2.65;;;2;Terminal de Granéis do Guarujá (TGG);40;;GSA - E;947;D016
32.0;225.0;7.58;10.4;1.0;12;0;;4;28;False;False;False;;69.07;4.92;;;2;Autoridade - Macuco;4;;CGNC;948;D016
32.0;229.0;7.14;13.22;1.0;13;0;;4;28;False;False;False;;117.23;3.73;;;2;Temrinal de Exportação de Açúcar do Guarujá (TEAG);37;;GSA - E;949;D016
32.0;199.97;8.25;9.1;1.0;13;30;;4;28;False;False;True;;27.0;0.5;;;2;TEV;45;;CGNC;950;D016
32.0;229.0;7.13;13.03;1.0;14;0;;4;28;False;False;False;;47.93;5.05;;;2;Terminal ADM do Brasil;39;;GSA - E;951;D016
32.0;229.0;7.8;13.26;1.0;14;0;;4;28;False;False;False;;97.03;3.6;;;2;Outros - Cais do Paquetá;27;;GSA - E;952;D016
32.0;183.0;8.4;9.3;1.0;20;12;;4;28;False;False;False;;16.2;4.6;;;2;Transpetro;47;;GL;953;D016
38.0;239.99;11.62;13.9;1.0;21;0;;4;28;False;False;False;;10.5;1.82;;;2;Autoridade - Out;5;;GSA - E;954;D016
51.0;335.9;10.1;12.7;1.0;21;30;;4;28;False;False;False;;21.47;4.35;;;2;Santos Brasil;32;;CGC;955;D016
32.0;189.99;6.98;9.48;1.0;21;36;;4;28;False;False;False;;47.25;0.53;;;2;Autoridade - Ponta;6;;GSA - E;956;D016
32.0;199.9;6.5;11.3;1.0;21;45;;4;28;False;False;False;;23.17;2.25;;;2;Autoridade - Out;5;;GSA - E;957;D016
32.31;229.0;7.41;13.31;1.0;0;6;;5;1;False;False;False;;82.58;5.82;;;3;TUP - Tiplam - GSA - E;56;;GSA - E;958;D016
27.0;184.06;7.7;10.2;1.0;1;30;;5;1;False;False;False;;120.0;3.92;;;3;Outros - Píer da Alamoa;30;;GL;959;D016
48.0;333.17;11.2;9.3;2.0;2;31;;5;1;False;False;False;;24.05;2.03;;;3;Santos Brasil;32;;CGC;960;D016
32.0;199.97;8.7;9.2;1.0;3;45;;5;1;False;False;True;;7.33;0.87;;;3;TEV;45;;CGNC;961;D016
50.0;305.0;8.7;8.5;3.0;5;45;;5;1;False;True;False;;10.5;0;;;3;Concais;11;;PASSAGEIROS;962;D016
52.0;331.43;8.55;8.55;3.0;6;18;;5;1;False;True;False;;10.25;0;;;3;Concais;11;;PASSAGEIROS;963;D016
32.0;229.0;7.17;13.22;1.0;7;0;;5;1;False;False;False;;39.68;1.3;;;3;Terminal de Granéis do Guarujá (TGG);40;;GSA - E;964;D016
30.0;179.9;6.8;6.7;1.0;7;0;;5;1;False;False;False;;45.52;4.9;;;3;TUP - Usiminas;58;;CGNC;965;D016
32.0;228.9;7.4;13.29;1.0;7;9;;5;1;False;False;False;;130.42;2.55;;;3;TUP - Tiplam - GSA - E;56;;GSA - E;966;D016
40.0;272.08;11.95;13.4;2.0;8;0;;5;1;False;False;False;;14.05;2.87;;;3;Santos Brasil;32;;CGC;967;D016
24.0;169.98;9.6;6.4;2.0;9;6;;5;1;False;False;False;;17.3;3.0;;;3;TUP - Tiplam - GL;55;;GL;968;D016
32.0;201.8;7.7;10.18;2.0;12;30;;5;1;False;False;False;;41.4;8.17;;;3;BTP;9;;CGNC;969;D016
21.0;138.03;6.15;6.0;1.0;12;30;;5;1;False;False;False;;8.52;10.77;;;3;Autoridade - Saboo;7;;CGC;970;D016
32.31;229.0;7.2;13.66;1.0;13;0;;5;1;False;False;False;;112.83;5.3;;;3;TUP - Cutrale - GSA - E;50;;GSA - E;971;D016
25.0;156.53;7.55;7.8;1.0;14;0;;5;1;False;False;False;;43.67;0;;;3;Ageo Terminais ;2;;GL;972;D016
37.0;228.0;10.6;11.1;2.0;15;35;;5;1;False;False;False;;4.78;3.35;;;3;BTP;9;;CGC;973;D016
25.0;159.2;6.6;7.6;1.0;19;54;;5;1;False;False;False;;43.42;0;;;3;Outros - Píer da Alamoa;30;;GL;974;D016
44.0;248.97;8.3;8.7;1.0;22;42;;5;1;False;False;False;;48.45;1.75;;;3;Transpetro;47;;GL;975;D016
29.83;179.97;10.24;5.78;2.0;23;48;;5;1;False;False;False;;57.5;2.85;;;3;TUP - Tiplam - GSM - I;57;;GSM - I;976;D016
48.0;299.18;11.2;14.2;1.0;4;0;;6;2;False;False;False;;32.1;3.05;;;3;BTP;9;;CGC;977;D016
36.0;226.0;12.0;10.4;2.0;4;3;;6;2;False;False;False;;68.5;10.8;;;3;Transpetro;47;;GL;978;D016
48.0;333.95;10.8;13.3;1.0;4;30;;6;2;False;False;False;;31.05;2.0;;;3;TUP - DPW - CGC;51;;CGC;979;D016
44.0;323.0;8.7;8.7;3.0;6;0;;6;2;False;True;False;;10.75;0;;;3;Concais;11;;PASSAGEIROS;980;D016
44.0;289.59;8.3;8.3;3.0;6;30;;6;2;False;True;False;;10.75;0;;;3;Concais;11;;PASSAGEIROS;981;D016
30.0;180.98;8.5;6.66;2.0;10;15;;6;2;False;False;False;;213.87;0.5;;;3;Outros - Cais do Paquetá;27;;GSA - I;982;D016
32.0;228.99;7.1;13.08;1.0;10;30;;6;2;False;False;False;;59.0;0;;;3;Autoridade - Ponta;6;;GSA - E;983;D016
46.0;299.9;14.1;11.8;2.0;11;0;;6;2;False;False;False;;24.35;3.37;;;3;Santos Brasil;32;;CGC;984;D016
32.0;229.0;7.19;13.09;1.0;11;30;;6;2;False;False;False;;74.58;0;;;3;T-Grão;46;;GSA - E;985;D016
48.0;299.99;9.7;13.0;1.0;16;0;;6;2;False;False;False;;25.13;2.32;;;3;Santos Brasil;32;;CGC;986;D016
24.0;144.09;7.6;6.5;2.0;16;50;;6;2;False;False;False;;59.38;0;;;3;Ageo Terminais ;2;;GL;987;D016
31.0;182.87;9.6;6.0;2.0;17;0;;6;2;False;False;False;;78.05;0;;;3;Outros - Cais do Saboó;28;;GL;988;D016
36.0;200.0;9.7;11.7;2.0;18;0;;6;2;False;False;False;;21.25;11.02;;;3;Santos Brasil;32;;CGC;989;D016
32.0;229.0;7.89;13.0;1.0;18;36;;6;2;False;False;False;;27.67;3.48;;;3;Terminal ADM do Brasil;39;;GSA - E;990;D016
32.0;199.98;12.05;7.3;2.0;19;30;;6;2;False;False;False;;58.15;3.73;;;3;Terminal Marítimo do Guarujá (Termag);43;;GSM - I;991;D016
28.0;183.2;8.0;8.8;1.0;20;36;;6;2;False;False;False;;18.1;3.53;;;3;Transpetro;47;;GL;992;D016
50.0;158.5;7.9;9.28;1.0;22;0;;6;2;False;False;False;;88.63;8.25;;;3;Eldorado (Rishis);14;;GSA - E;993;D016
27.0;172.07;9.5;9.2;2.0;2;42;;0;3;False;False;False;;8.67;1.18;;;3;TUP - DPW - CGC;51;;CGC;994;D016
36.0;199.99;8.0;8.8;1.0;2;42;;0;3;False;False;False;;51.75;0;;;3;Outros - Cais do Macuco;25;;CGNC;995;D016
34.0;201.9;7.94;13.1;1.0;8;30;;0;3;False;False;False;;92.87;1.37;;;3;TUP - DPW - CGNC;52;;CGNC;996;D016
32.0;224.98;7.1;13.24;1.0;14;15;;0;3;False;False;False;;34.08;2.75;;;3;T-Grão;46;;GSA - E;997;D016
17.0;82.3;4.5;4.7;1.0;14;20;;0;3;False;False;False;;21.83;0.17;;;3;TUP - Saipem;53;;CGNC;998;D016
46.0;260.0;13.25;11.3;2.0;14;30;;0;3;False;False;False;;12.13;2.1;;;3;Santos Brasil;32;;CGC;999;D016
32.0;201.8;10.18;13.2;1.0;15;11;;0;3;False;False;False;;105.13;7.3;;;3;TUP - DPW - CGNC;52;;CGNC;1000;D016
48.0;299.0;8.3;8.0;2.0;15;36;;0;3;False;False;False;;9.57;2.27;;;3;BTP;9;;CGC;1001;D016
32.0;189.99;6.33;11.56;1.0;16;42;;0;3;False;False;False;;57.63;3.48;;;3;Autoridade - Out;5;;GSA - E;1002;D016
46.0;299.9;11.6;13.8;1.0;22;0;;0;3;False;False;False;;15.63;4.05;;;3;BTP;9;;CGC;1003;D016
32.0;199.99;7.1;10.0;1.0;22;40;;0;3;False;False;False;;32.75;3.42;;;3;T-Grão;46;;GSA - E;1004;D016
37.0;228.0;10.8;12.0;1.0;23;0;;0;3;False;False;False;;9.72;1.02;;;3;TUP - DPW - CGC;51;;CGC;1005;D016
30.0;222.14;10.5;10.4;1.0;23;30;;0;3;False;False;False;;5.73;1.18;;;3;Santos Brasil;32;;CGC;1006;D016
32.0;263.23;11.8;10.2;2.0;0;6;;1;4;False;False;False;;15.97;1.67;;;3;TUP - DPW - CGC;51;;CGC;1007;D016
32.0;225.0;6.4;13.63;1.0;0;12;;1;4;False;False;False;;29.0;3.0;;;3;Terminal ADM do Brasil;39;;GSA - E;1008;D016
30.0;179.9;6.7;7.96;1.0;5;10;;1;4;False;False;False;;142.38;24.97;;;3;Autoridade - Saboo;7;;CGNC;1009;D016
29.0;274.9;6.7;6.7;3.0;6;30;;1;4;False;True;False;;10.33;0;;;3;Concais;11;;PASSAGEIROS;1010;D016
32.0;183.0;10.5;10.0;2.0;7;36;;1;4;False;False;False;;25.12;0;;;3;Outros - Píer da Alamoa;30;;GL;1011;D016
31.0;212.54;10.0;9.1;1.0;10;0;;1;4;False;False;False;;10.37;1.08;;;3;TUP - DPW - CGC;51;;CGC;1012;D016
27.0;165.17;8.6;7.0;2.0;13;0;;1;4;False;False;False;;23.0;3.07;;;3;TUP - Terminal Marítimo Dow;54;;GL;1013;D016
18.0;116.9;5.03;6.6;1.0;13;30;;1;4;False;False;False;;23.55;0;;;3;Ageo Terminais ;2;;GL;1014;D016
48.0;300.0;11.75;14.2;1.0;21;0;;1;4;False;False;False;;19.33;3.25;;;3;BTP;9;;CGC;1015;D016
40.0;228.0;8.0;11.7;1.0;23;58;;1;4;False;False;False;;47.7;1.25;;;3;Transpetro;47;;GL;1016;D016
32.0;189.99;9.5;8.58;2.0;1;6;;2;5;False;False;False;;102.0;16.08;;;3;Bracell;8;;GSA - I;1017;D016
32.0;199.98;8.3;7.73;2.0;1;24;;2;5;False;False;False;;19.75;9.03;;;3;TUP - Tiplam - GSM - I;57;;GSM - I;1018;D016
40.0;272.05;9.6;8.6;2.0;1;43;;2;5;False;False;False;;18.55;1.42;;;3;Santos Brasil;32;;CGC;1019;D016
40.0;299.95;11.5;10.4;2.0;2;40;;2;5;False;False;False;;15.18;3.62;;;3;BTP;9;;CGC;1020;D016
48.0;299.95;9.6;9.0;2.0;2;50;;2;5;False;False;False;;9.45;1.58;;;3;Santos Brasil;32;;CGC;1021;D016
48.0;330.0;12.55;14.4;1.0;3;18;;2;5;False;False;False;;22.87;1.85;;;3;BTP;9;;CGC;1022;D016
9.0;210.54;9.7;9.0;1.0;4;20;;2;5;False;False;False;;25.05;1.05;;;3;TUP - DPW - CGC;51;;CGC;1023;D016
32.0;199.99;7.24;10.7;1.0;5;36;;2;5;False;False;False;;58.93;2.25;;;3;TUP - DPW - CGNC;52;;CGNC;1024;D016
15.0;118.55;5.0;4.8;2.0;5;55;;2;5;False;False;False;;3.25;2.28;;;3;Autoridade - Saboo;7;;CGC;1025;D016
27.0;188.32;7.2;7.3;2.0;6;0;;2;5;False;False;True;;77.68;0.08;;;3;TEV;45;;GSM - I;1026;D016
32.0;224.9;7.11;13.22;1.0;6;0;;2;5;False;False;False;;109.25;3.9;;;3;Temrinal de Exportação de Açúcar do Guarujá (TEAG);37;;GSA - E;1027;D016
32.0;228.99;7.0;13.0;1.0;7;12;;2;5;False;False;False;;67.42;2.07;;;3;Autoridade - Out;5;;GSA - E;1028;D016
37.0;210.0;8.16;12.09;1.0;7;24;;2;5;False;False;False;;41.37;0.07;;;3;Autoridade - Ponta;6;;GSA - E;1029;D016
32.0;228.99;7.05;13.45;1.0;9;18;;2;5;False;False;False;;38.77;2.33;;;3;Terminal de Granéis do Guarujá (TGG);40;;GSA - E;1030;D016
32.0;199.99;10.0;13.45;1.0;12;10;;2;5;False;False;False;;20.0;0.58;;;3;T-Grão;46;;GSA - E;1031;D016
51.0;336.0;13.7;11.6;2.0;13;0;;2;5;False;False;False;;17.12;1.95;;;3;Santos Brasil;32;;CGNC;1032;D016
25.0;149.93;7.5;7.2;2.0;13;0;;2;5;False;False;False;;16.7;0.58;;;3;Ageo Terminais ;2;;GL;1033;D016
30.0;222.2;7.35;10.5;1.0;14;20;;2;5;False;False;False;;11.73;8.27;;;3;BTP;9;;CGC;1034;D016
35.0;185.97;9.8;10.0;1.0;16;42;;2;5;False;False;False;;23.35;1.52;;;3;TUP - DPW - CGC;51;;CGC;1035;D016
25.0;182.47;9.0;9.3;2.0;17;0;;2;5;False;False;False;;20.42;1.98;;;3;Santos Brasil;32;;CGC;1036;D016
35.0;185.97;8.7;9.8;2.0;17;0;;2;5;False;False;False;;11.25;12.9;;;3;Santos Brasil;32;;CGC;1037;D016
30.0;175.53;7.5;7.2;2.0;17;0;;2;5;False;False;False;;24.42;1.92;;;3;Outros - Cais do Outeirinhos;26;;GSM - I;1038;D016
40.06;303.83;7.5;7.2;2.0;19;0;;2;5;False;False;False;;34.08;1.52;;;3;TUP - DPW - CGC;51;;CGC;1039;D016
48.0;299.95;11.3;12.95;1.0;19;0;;2;5;False;False;False;;15.93;2.03;;;3;BTP;9;;CGC;1040;D016
32.0;228.15;8.9;11.6;2.0;20;12;;2;5;False;False;False;;8.67;11.37;;;3;BTP;9;;CGC;1041;D016
32.0;229.0;7.45;13.56;1.0;20;24;;2;5;False;False;False;;60.83;0;;;3;T-Grão;46;;GSA - E;1042;D016
32.0;199.98;6.61;11.6;1.0;21;0;;2;5;False;False;False;;36.53;2.8;;;3;Autoridade - Out;5;;GSA - E;1043;D016
21.0;139.95;7.8;4.95;1.0;21;30;;2;5;False;False;False;;46.07;0;;;3;Outros - Cais da Ilha Barnabé;22;;GL;1044;D016
32.0;232.39;8.8;9.2;1.0;21;36;;2;5;False;False;True;;35.0;1.5;;;3;TEV;45;;CGNC;1045;D016
40.0;299.99;9.5;10.8;2.0;0;24;;3;6;False;False;False;;43.52;2.9;;;3;TUP - DPW - CGC;51;;CGC;1046;D016
32.0;199.9;9.68;13.25;1.0;4;48;;3;6;False;False;False;;31.92;12.97;;;3;TUP - Tiplam - GSA - E;56;;GSA - E;1047;D016
37.0;254.87;9.2;9.2;2.0;5;0;;3;6;False;False;False;;11.65;1.33;;;3;Santos Brasil;32;;CGC;1048;D016
32.0;199.99;6.9;7.02;1.0;5;0;;3;6;False;False;False;;52.67;5.37;;;3;TUP - Tiplam - GSA - E;56;;GSA - E;1049;D016
32.0;199.9;6.84;9.78;1.0;5;18;;3;6;False;False;False;;26.83;2.17;;;3;Autoridade - Out;5;;GSA - E;1050;D016
44.0;289.59;8.3;8.3;3.0;6;30;;3;6;False;True;False;;11.5;0;;;3;Concais;11;;PASSAGEIROS;1051;D016
40.0;304.16;12.6;14.5;1.0;6;50;;3;6;False;False;False;;14.92;13.48;;;3;BTP;9;;CGC;1052;D016
32.0;204.85;8.1;10.4;1.0;7;30;;3;6;False;False;False;;82.75;0.02;;;3;Outros - Cais do Macuco;25;;GL;1053;D016
32.0;229.0;6.93;7.87;1.0;7;54;;3;6;False;False;False;;43.13;3.93;;;3;TUP - Tiplam - GSA - E;56;;GSA - E;1054;D016
32.0;199.0;8.9;10.1;1.0;9;45;;3;6;False;False;True;;22.0;2.52;;;3;TEV;45;;CGNC;1055;D016
48.0;299.89;11.6;10.8;2.0;10;0;;3;6;False;False;False;;16.28;2.37;;;3;BTP;9;;CGC;1056;D016
24.0;141.0;9.3;9.5;2.0;10;0;;3;6;False;False;False;;6.92;6.75;;;3;Adonai Química;1;;GL;1057;D016
40.0;276.2;12.0;8.3;2.0;10;54;;3;6;False;False;False;;13.23;2.63;;;3;BTP;9;;CGC;1058;D016
32.0;228.99;6.95;13.09;1.0;13;20;;3;6;False;False;False;;38.45;3.12;;;3;Terminal ADM do Brasil;39;;GSA - E;1059;D016
17.0;82.3;4.5;5.0;1.0;13;20;;3;6;False;False;False;;31.17;0.17;;;3;TUP - Saipem;53;;CGNC;1060;D016
40.0;293.18;12.4;12.0;2.0;13;30;;3;6;False;False;False;;13.33;1.72;;;3;Santos Brasil;32;;CGC;1061;D016
48.0;314.36;9.7;10.65;1.0;14;30;;3;6;False;False;False;;15.0;2.28;;;3;BTP;9;;CGC;1062;D016
33.0;182.82;7.5;7.8;2.0;14;42;;3;6;False;False;False;;11.08;0;;;3;Outros - Píer da Alamoa;30;;GL;1063;D016
43.0;255.28;6.64;13.44;1.0;15;15;;3;6;False;False;False;;73.98;3.1;;;3;Outros - Cais da Ponta da Praia;23;;GSA - E;1064;D016
45.0;299.9;12.75;10.85;2.0;15;30;;3;6;False;False;False;;12.48;1.82;;;3;BTP;9;;CGC;1065;D016
32.0;179.88;11.8;9.0;2.0;15;30;;3;6;False;False;False;;43.17;6.58;;;3;Stolthaven;33;;GL;1066;D016
44.0;299.95;10.1;12.5;1.0;15;52;;3;6;False;False;False;;12.6;2.53;;;3;BTP;9;;CGC;1067;D016
28.0;179.99;5.95;10.21;1.0;22;20;;3;6;False;False;False;;21.25;1.92;;;3;Autoridade - Out;5;;GSA - E;1068;D016
32.0;225.0;7.02;13.18;1.0;23;0;;3;6;False;False;False;;49.25;2.58;;;3;T-Grão;46;;GSA - E;1069;D016
30.0;222.14;9.0;8.5;2.0;5;20;;4;7;False;False;False;;8.93;1.68;;;3;Santos Brasil;32;;CGC;1070;D016
38.0;333.33;8.7;8.7;3.0;6;18;;4;7;False;True;False;;11.42;0;;;3;Concais;11;;PASSAGEIROS;1071;D016
29.0;274.9;6.7;8.6;3.0;7;2;;4;7;False;True;False;;8.58;0;;;3;Concais;11;;PASSAGEIROS;1072;D016
51.0;335.9;14.4;12.3;2.0;7;8;;4;7;False;False;False;;16.83;1.73;;;3;Santos Brasil;32;;CGC;1073;D016
27.4;183.98;7.5;10.0;1.0;7;12;;4;7;False;False;False;;33.7;1.3;;;3;Transpetro;47;;GL;1074;D016
28.0;186.36;9.9;8.6;2.0;7;25;;4;7;False;False;False;;9.57;1.23;;;3;Santos Brasil;32;;CGC;1075;D016
18.0;85.34;4.5;4.5;1.0;9;0;;4;7;False;False;False;;14.33;0.17;;;3;TUP - Saipem;53;;CGNC;1076;D016
32.0;189.02;11.4;9.0;2.0;10;30;;4;7;False;False;False;;51.8;0;;;3;Ageo Terminais ;2;;GL;1077;D016
37.0;227.92;11.0;10.9;2.0;11;48;;4;7;False;False;False;;15.52;3.75;;;3;Santos Brasil;32;;CGC;1078;D016
32.0;229.0;7.5;13.35;1.0;13;42;;4;7;False;False;False;;75.45;1.33;;;3;TUP - Tiplam - GSA - E;56;;GSA - E;1079;D016
32.0;263.23;10.5;12.8;2.0;15;30;;4;7;False;False;False;;11.7;1.1;;;3;TUP - DPW - CGC;51;;CGC;1080;D016
48.0;314.31;9.4;10.0;2.0;17;0;;4;7;False;False;False;;15.97;7.35;;;3;BTP;9;;CGC;1081;D016
32.0;225.0;7.22;12.98;1.0;17;0;;4;7;False;False;False;;42.08;2.6;;;3;Terminal de Granéis do Guarujá (TGG);40;;GSA - E;1082;D016
32.3;228.99;6.8;13.01;1.0;0;1;;5;8;False;False;False;;50.55;4.58;;;3;TUP - Tiplam - GSA - E;56;;GSA - E;1083;D016
32.0;225.0;6.68;13.14;1.0;0;36;;5;8;False;False;False;;79.17;3.58;;;3;T-Grão;46;;GSA - E;1084;D016
32.0;229.0;7.25;13.27;1.0;4;0;;5;8;False;False;False;;83.9;1.25;;;3;Outros - Cais do Paquetá;27;;GSA - E;1085;D016
32.0;213.88;8.6;9.1;1.0;4;1;;5;8;False;False;False;;17.45;2.97;;;3;BTP;9;;CGNC;1086;D016
45.0;299.9;11.75;9.7;2.0;5;20;;5;8;False;False;False;;14.12;3.38;;;3;Santos Brasil;32;;CGC;1087;D016
50.0;305.0;8.6;8.6;3.0;5;30;;5;8;False;True;False;;11.67;0;;;3;Concais;11;;PASSAGEIROS;1088;D016
52.0;331.43;8.6;8.6;3.0;6;32;;5;8;False;True;False;;10.58;0;;;3;Concais;11;;PASSAGEIROS;1089;D016
32.0;228.99;7.4;13.35;1.0;7;6;;5;8;False;False;False;;107.57;13.23;;;3;Outros - Cais do Paquetá;27;;GSA - E;1090;D016
32.0;224.99;7.1;13.23;1.0;8;0;;5;8;False;False;False;;25.67;1.7;;;3;TUP - Tiplam - GSA - E;56;;GSA - E;1091;D016
32.0;204.85;7.2;9.9;1.0;8;0;;5;8;False;False;False;;59.27;12.55;;;3;TUP - Cutrale - GSA - E;50;;GSA - E;1092;D016
25.0;149.93;7.2;6.9;2.0;9;2;;5;8;False;False;False;;12.0;9.33;;;3;Stolthaven;33;;GL;1093;D016
37.0;227.92;10.9;10.9;2.0;14;22;;5;8;False;False;False;;5.97;8.8;;;3;BTP;9;;CGC;1094;D016
19.0;88.8;5.1;6.6;1.0;14;45;;5;8;False;False;False;;33.33;0.08;;;3;TUP - Saipem;53;;CGNC;1095;D016
40.0;272.05;10.3;12.7;2.0;21;30;;5;8;False;False;False;;14.15;2.65;;;3;Santos Brasil;32;;CGC;1096;D016
29.0;184.94;7.4;9.75;1.0;22;8;;5;8;False;False;False;;101.52;0;;;3;Ageo Terminais ;2;;GL;1097;D016
32.0;199.97;8.1;8.9;1.0;22;18;;5;8;False;False;True;;26.0;2.33;;;3;TEV;45;;RORO ;1098;D016
28.0;178.3;10.0;8.5;2.0;22;20;;5;8;False;False;False;;26.0;0;;;3;Ageo Terminais ;2;;GL;1099;D016
31.0;189.9;7.0;9.5;1.0;0;0;;6;9;False;False;False;;86.33;2.08;;;3;TUP - DPW - CGNC;52;;CGNC;1100;D016
48.0;329.77;14.4;12.25;2.0;2;30;;6;9;False;False;False;;18.1;3.37;;;3;BTP;9;;CGC;1101;D016
32.0;183.1;7.8;9.35;1.0;3;24;;6;9;False;False;False;;31.07;1.5;;;3;Transpetro;47;;GL;1102;D016
32.0;228.96;7.3;13.08;1.0;4;5;;6;9;False;False;False;;137.88;0.7;;;3;Temrinal de Exportação de Açúcar do Guarujá (TEAG);37;;GSA - E;1103;D016
48.0;333.2;11.1;14.3;2.0;5;15;;6;9;False;False;False;;35.55;1.73;;;3;Santos Brasil;32;;CGC;1104;D016
44.0;323.0;8.6;8.7;3.0;6;0;;6;9;False;True;False;;11.08;0;;;3;Concais;11;;PASSAGEIROS;1105;D016
48.0;330.0;10.9;12.8;1.0;6;6;;6;9;False;False;False;;26.65;2.5;;;3;TUP - DPW - CGC;51;;CGC;1106;D016
44.0;289.59;8.3;8.3;3.0;6;30;;6;9;False;True;False;;10.75;0;;;3;Concais;11;;PASSAGEIROS;1107;D016
32.0;223.88;7.2;7.2;3.0;6;45;;6;9;False;True;False;;11.08;0;;;3;Concais;11;;PASSAGEIROS;1108;D016
32.0;225.0;6.81;13.02;1.0;8;0;;6;9;False;False;False;;29.25;2.55;;;3;Terminal ADM do Brasil;39;;GSA - E;1109;D016
40.0;304.16;10.0;10.6;2.0;9;0;;6;9;False;False;False;;8.17;2.92;;;3;BTP;9;;CGC;1110;D016
30.05;179.99;10.3;6.1;2.0;9;10;;6;9;False;False;False;;63.0;2.08;;;3;TUP - Tiplam - GSM - I;57;;GSM - I;1111;D016
32.0;294.03;10.2;11.3;2.0;10;20;;6;9;False;False;False;;13.43;6.63;;;3;Santos Brasil;32;;CGC;1112;D016
45.0;299.9;13.6;11.5;2.0;11;0;;6;9;False;False;False;;21.65;3.08;;;3;Santos Brasil;32;;CGC;1113;D016
40.0;293.18;12.0;14.2;1.0;13;30;;6;9;False;False;False;;16.13;1.28;;;3;TUP - DPW - CGC;51;;CGC;1114;D016
32.0;229.0;7.05;13.0;1.0;14;42;;6;9;False;False;False;;55.2;2.95;;;3;Outros - Cais da Ponta da Praia;23;;GSA - E;1115;D016
36.0;199.99;6.8;10.83;1.0;15;40;;6;9;False;False;False;;78.7;0;;;3;Terminal Exportador do Guarujá (TEG);42;;GSA - E;1116;D016
40.0;306.0;11.6;10.0;2.0;16;30;;6;9;False;False;False;;31.28;1.78;;;3;TUP - DPW - CGC;51;;CGC;1117;D016
32.0;199.99;7.75;12.88;1.0;17;42;;6;9;False;False;False;;82.45;0.78;;;3;Terminal Exportador do Guarujá (TEG);42;;GSA - E;1118;D016
32.0;228.99;6.17;11.6;1.0;18;30;;6;9;False;False;False;;77.42;1.17;;;3;T-Grão;46;;GSA - E;1119;D016
32.0;229.0;7.27;12.97;1.0;19;0;;6;9;False;False;False;;88.07;0.75;;;3;Outros - Cais da Ponta da Praia;23;;GSA - E;1120;D016
32.0;225.0;7.5;12.25;1.0;0;0;;0;10;False;False;False;;38.08;3.87;;;3;T-Grão;46;;GSA - E;1121;D016
32.31;225.0;7.7;12.59;1.0;0;1;;0;10;False;False;False;;70.63;1.6;;;3;TUP - Tiplam - GSA - E;56;;GSA - E;1122;D016
48.0;299.99;10.2;12.85;1.0;0;24;;0;10;False;False;False;;14.57;2.1;;;3;BTP;9;;CGC;1123;D016
32.0;186.07;8.7;10.35;2.0;1;0;;0;10;False;False;False;;29.42;0.5;;;3;Ageo Terminais ;2;;GL;1124;D016
32.0;225.0;6.5;13.1;1.0;4;15;;0;10;False;False;False;;65.83;0;;;3;T-Grão;46;;GSA - E;1125;D016
32.0;293.8;7.9;8.0;3.0;5;23;;0;10;False;True;False;;11.42;0;;;3;Concais;11;;PASSAGEIROS;1126;D016
28.0;181.72;7.7;7.6;2.0;6;26;;0;10;False;False;False;;7.33;4.1;;;3;Santos Brasil;32;;CGC;1127;D016
29.0;274.9;6.7;6.7;3.0;6;30;;0;10;False;True;False;;10.58;0;;;3;Concais;11;;PASSAGEIROS;1128;D016
33.0;196.22;9.2;6.87;2.0;9;0;;0;10;False;False;False;;129.83;0;;;3;Outros - Cais do Saboó;28;;GL;1129;D016
37.0;215.4;8.4;12.97;1.0;10;48;;0;10;False;False;False;;55.65;0;;;3;Autoridade - Ponta;6;;GSA - E;1130;D016
17.0;82.3;4.5;4.5;1.0;11;20;;0;10;False;False;False;;32.17;0.17;;;3;TUP - Saipem;53;;CGNC;1131;D016
32.0;224.9;7.0;13.23;1.0;11;48;;0;10;False;False;False;;39.22;2.3;;;3;Terminal de Granéis do Guarujá (TGG);40;;GSA - E;1132;D016
30.0;199.08;7.5;7.2;2.0;19;40;;0;10;False;False;False;;141.23;2.43;;;3;Outros - Cais do Outeirinhos;26;;GSM - I;1133;D016
36.0;236.32;7.5;7.2;2.0;21;18;;0;10;False;False;False;;20.5;3.88;;;3;Outros - Cais da Ecoporto;21;;CGC;1134;D016
30.0;218.45;10.3;10.9;1.0;21;45;;0;10;False;False;False;;11.03;1.5;;;3;TUP - DPW - CGC;51;;CGC;1135;D016
36.0;229.9;9.7;12.03;1.0;23;0;;0;10;False;False;False;;22.03;2.3;;;3;Terminal ADM do Brasil;39;;GSA - E;1136;D016
35.0;185.99;8.55;9.3;2.0;23;0;;0;10;False;False;False;;8.57;1.12;;;3;Santos Brasil;32;;CGC;1137;D016
32.0;229.0;7.13;13.09;1.0;23;18;;0;10;False;False;False;;99.05;0.02;;;3;Outros - Cais da Ponta da Praia;23;;GSA - E;1138;D016
32.0;199.9;6.35;13.23;1.0;0;6;;1;11;False;False;False;;47.12;1.62;;;3;Autoridade - Out;5;;GSA - E;1139;D016
43.0;299.9;12.5;14.1;1.0;2;41;;1;11;False;False;False;;17.33;2.9;;;3;BTP;9;;CGC;1140;D016
32.29;199.98;10.3;5.8;2.0;4;0;;1;11;False;False;False;;61.58;2.33;;;3;TUP - Tiplam - GSM - I;57;;GSM - I;1141;D016
32.0;260.66;11.9;10.7;2.0;4;12;;1;11;False;False;False;;27.58;1.88;;;3;TUP - DPW - CGC;51;;CGC;1142;D016
30.0;179.9;9.8;6.8;2.0;7;49;;1;11;False;False;False;;94.58;3.67;;;3;TUP - Usiminas;58;;CGNC;1143;D016
32.3;225.0;7.4;12.91;1.0;11;0;;1;11;False;False;False;;55.43;1.45;;;3;TUP - Tiplam - GSA - E;56;;GSA - E;1144;D016
30.0;208.85;10.6;9.5;1.0;12;0;;1;11;False;False;False;;9.65;1.87;;;3;TUP - DPW - CGC;51;;CGC;1145;D016
48.0;299.18;9.2;8.6;2.0;12;0;;1;11;False;False;False;;6.33;1.7;;;3;Santos Brasil;32;;CGNC;1146;D016
32.0;225.0;7.25;13.15;1.0;18;24;;1;11;False;False;False;;38.83;3.4;;;3;Terminal ADM do Brasil;39;;GSA - E;1147;D016
32.0;179.88;9.0;8.45;2.0;19;30;;1;11;False;False;False;;22.0;0;;;3;Ageo Terminais ;2;;GL;1148;D016
32.0;225.0;12.25;13.1;1.0;19;55;;1;11;False;False;False;;14.75;0;;;3;T-Grão;46;;GSA - E;1149;D016
26.0;170.0;7.55;9.65;1.0;20;0;;1;11;False;False;False;;32.42;12.47;;;3;TUP - Cutrale - GL;49;;GL;1150;D016
30.0;185.06;7.1;9.8;1.0;20;23;;1;11;False;False;False;;107.08;0;;;3;Outros - Píer da Alamoa;30;;GL;1151;D016
32.0;183.06;8.2;7.8;2.0;20;30;;1;11;False;False;False;;23.75;3.25;;;3;TUP - Terminal Marítimo Dow;54;;GL;1152;D016
32.0;183.06;10.6;8.2;2.0;22;0;;1;11;False;False;False;;49.0;0;;;3;Outros - Píer da Alamoa;30;;GL;1153;D016
37.0;256.07;11.1;9.1;2.0;0;30;;2;12;False;False;False;;11.62;1.87;;;3;Santos Brasil;32;;CGC;1154;D016
32.0;228.62;9.2;10.0;1.0;4;40;;2;12;False;False;False;;23.87;1.87;;;3;TUP - DPW - CGC;51;;CGC;1155;D016
46.0;260.0;12.8;11.4;2.0;6;0;;2;12;False;False;False;;20.03;2.57;;;3;BTP;9;;RORO ;1156;D016
44.0;289.59;8.3;8.3;3.0;6;30;;2;12;False;True;False;;9.58;0;;;3;Concais;11;;PASSAGEIROS;1157;D016
40.0;182.9;7.4;9.9;1.0;12;36;;2;12;False;False;False;;39.2;1.5;;;3;Transpetro;47;;GL;1158;D016
28.0;183.2;8.0;8.9;1.0;12;42;;2;12;False;False;False;;21.8;2.23;;;3;Transpetro;47;;GL;1159;D016
18.0;85.34;4.3;4.3;1.0;13;20;;2;12;False;False;False;;12.17;0.17;;;3;TUP - Saipem;53;;CGNC;1160;D016
32.0;294.12;12.9;12.1;2.0;16;18;;2;12;False;False;False;;28.12;1.13;;;3;TUP - DPW - CGC;51;;CGC;1161;D016
25.0;182.47;8.4;9.2;2.0;17;0;;2;12;False;False;False;;11.5;1.62;;;3;Santos Brasil;32;;CGC;1162;D016
37.0;255.0;10.2;8.8;2.0;21;0;;2;12;False;False;False;;7.28;1.35;;;3;Santos Brasil;32;;CGC;1163;D016
32.0;257.38;8.3;10.3;2.0;21;12;;2;12;False;False;False;;7.68;5.0;;;3;Santos Brasil;32;;CGC;1164;D016
15.0;100.71;4.8;4.2;2.0;21;20;;2;12;False;False;False;;3.22;4.72;;;3;Autoridade - Saboo;7;;CGC;1165;D016
51.0;336.0;10.1;13.1;1.0;2;0;;3;13;False;False;False;;42.28;2.2;;;3;Santos Brasil;32;;CGC;1166;D016
40.0;276.2;11.7;14.1;1.0;4;24;;3;13;False;False;False;;10.57;1.68;;;3;BTP;9;;CGC;1167;D016
29.0;184.94;9.75;10.8;1.0;4;39;;3;13;False;False;False;;71.3;0;;;3;Outros - Píer da Alamoa;30;;GL;1168;D016
28.0;172.04;8.3;6.9;2.0;5;30;;3;13;False;False;False;;13.52;3.22;;;3;Santos Brasil;32;;CGC;1169;D016
0.0;182.9;7.5;7.5;2.0;6;0;;3;13;False;False;False;;30.4;0.6;;;3;Ageo Terminais ;2;;GL;1170;D016
36.0;236.32;8.6;8.5;1.0;6;12;;3;13;False;False;True;;8.13;3.3;;;3;TEV;45;;CGNC;1171;D016
30.07;179.9;10.3;6.68;2.0;7;0;;3;13;False;False;False;;50.63;4.72;;;3;TUP - Tiplam - GSM - I;57;;GSM - I;1172;D016
32.0;182.5;7.0;10.7;1.0;7;30;;3;13;False;False;False;;42.2;2.53;;;3;Transpetro;47;;GL;1173;D016
32.0;225.0;7.37;13.4;1.0;8;15;;3;13;False;False;False;;123.33;2.75;;;3;Outros - Cais do Macuco;25;;CGNC;1174;D016
30.0;180.0;6.9;10.1;1.0;11;42;;3;13;False;False;False;;18.58;2.17;;;3;T-Grão;46;;GSA - E;1175;D016
30.0;180.0;9.1;6.81;2.0;11;42;;3;13;False;False;False;;92.25;0;;;3;Outros - Cais do Saboó;28;;GSM - I;1176;D016
32.0;187.8;10.3;6.45;2.0;12;6;;3;13;False;False;False;;91.32;3.98;;;3;TUP - Tiplam - GSM - I;57;;GSM - I;1177;D016
32.0;225.0;8.13;13.34;1.0;12;36;;3;13;False;False;False;;57.63;1.8;;;3;Autoridade - Out;5;;GSA - E;1178;D016
25.0;156.53;9.0;8.7;2.0;13;0;;3;13;False;False;False;;14.4;0.55;;;3;Ageo Terminais ;2;;GL;1179;D016
27.0;165.17;8.4;7.8;2.0;14;0;;3;13;False;False;False;;36.53;2.4;;;3;TUP - Terminal Marítimo Dow;54;;GL;1180;D016
19.0;88.8;5.3;5.0;1.0;15;30;;3;13;False;False;False;;23.5;0.17;;;3;TUP - Saipem;53;;CGNC;1181;D016
32.0;225.0;9.7;13.5;1.0;18;12;;3;13;False;False;False;;62.75;3.83;;;3;Outros - Cais do Macuco;25;;CGNC;1182;D016
48.0;330.04;12.35;14.5;2.0;19;30;;3;13;False;False;False;;25.25;2.0;;;3;BTP;9;;CGC;1183;D016
32.0;228.99;7.29;13.33;1.0;21;18;;3;13;False;False;False;;63.1;0.68;;;3;TUP - Cutrale - GSA - E;50;;GSA - E;1184;D016
48.0;299.9;12.0;10.3;2.0;0;25;;4;14;False;False;False;;17.38;1.83;;;3;BTP;9;;CGC;1185;D016
32.0;199.95;7.9;8.5;1.0;0;40;;4;14;False;False;True;;29.0;0;;;3;TEV;45;;CGNC;1186;D016
48.0;299.88;10.8;9.4;2.0;1;55;;4;14;False;False;False;;10.78;3.0;;;3;Santos Brasil;32;;RORO ;1187;D016
32.0;225.0;8.4;13.9;1.0;2;54;;4;14;False;False;False;;136.63;2.33;;;3;Autoridade - Out;5;;GSA - E;1188;D016
45.0;299.9;11.85;13.9;1.0;3;35;;4;14;False;False;False;;15.73;2.62;;;3;BTP;9;;CGC;1189;D016
38.0;333.33;8.65;8.7;3.0;5;43;;4;14;False;True;False;;11.67;0;;;3;Concais;11;;PASSAGEIROS;1190;D016
29.0;274.9;6.7;6.7;3.0;6;30;;4;14;False;True;False;;9.33;0;;;3;Concais;11;;PASSAGEIROS;1191;D016
17.0;118.02;4.8;6.4;1.0;6;50;;4;14;False;False;False;;76.42;0;;;3;Ageo Terminais ;2;;GL;1192;D016
37.0;227.97;10.8;10.9;2.0;7;0;;4;14;False;False;False;;27.23;2.0;;;3;Santos Brasil;32;;CGC;1193;D016
32.0;229.0;6.77;13.24;1.0;7;30;;4;14;False;False;False;;102.98;0.5;;;3;Terminal Exportador do Guarujá (TEG);42;;GSA - E;1194;D016
32.0;257.38;10.2;10.7;2.0;10;36;;4;14;False;False;False;;15.85;1.78;;;3;TUP - DPW - CGC;51;;CGC;1195;D016
27.0;183.0;7.5;8.6;1.0;11;18;;4;14;False;False;False;;17.1;1.8;;;3;Transpetro;47;;GL;1196;D016
28.0;172.0;8.2;7.2;2.0;11;30;;4;14;False;False;False;;14.32;1.3;;;3;Santos Brasil;32;;CGC;1197;D016
32.23;179.99;11.8;9.0;2.0;13;42;;4;14;False;False;False;;73.42;0;;;3;Outros - Píer da Alamoa;30;;GL;1198;D016
35.0;223.96;8.5;7.0;2.0;14;47;;4;14;False;False;False;;7.57;2.08;;;3;Santos Brasil;32;;CGC;1199;D016
27.4;183.98;7.5;9.75;1.0;16;30;;4;14;False;False;False;;39.6;1.73;;;3;Transpetro;47;;GL;1200;D016
32.0;229.0;7.15;13.51;1.0;21;50;;4;14;False;False;False;;122.5;0;;;3;T-Grão;46;;GSA - E;1201;D016
32.0;226.8;9.75;10.3;1.0;22;18;;4;14;False;False;False;;16.08;0.08;;;3;Outros - Libra Terminais;29;;CGNC;1202;D016
32.0;229.0;7.02;13.4;1.0;0;45;;5;15;False;False;False;;37.03;2.72;;;3;Terminal de Granéis do Guarujá (TGG);40;;GSA - E;1203;D016
32.0;228.99;7.24;13.62;1.0;2;18;;5;15;False;False;False;;39.7;2.83;;;3;Terminal ADM do Brasil;39;;GSA - E;1204;D016
48.0;330.03;10.0;11.1;1.0;2;58;;5;15;False;False;False;;9.03;20.87;;;3;BTP;9;;CGC;1205;D016
48.0;333.2;11.55;10.0;2.0;3;0;;5;15;False;False;False;;25.23;1.58;;;3;Santos Brasil;32;;CGNC;1206;D016
50.0;305.0;8.5;8.5;3.0;5;30;;5;15;False;True;False;;10.58;0;;;3;Concais;11;;PASSAGEIROS;1207;D016
52.0;331.43;8.65;8.65;3.0;6;18;;5;15;False;True;False;;10.5;0;;;3;Concais;11;;PASSAGEIROS;1208;D016
40.0;272.05;10.7;12.9;2.0;6;47;;5;15;False;False;False;;18.08;1.47;;;3;Santos Brasil;32;;CGC;1209;D016
32.0;225.0;7.2;12.95;1.0;7;48;;5;15;False;False;False;;45.58;9.57;;;3;TUP - Tiplam - GSA - E;56;;GSA - E;1210;D016
38.0;229.93;8.25;13.05;1.0;8;0;;5;15;False;False;False;;119.12;4.65;;;3;Outros - Cais do Paquetá;27;;GSA - E;1211;D016
28.0;177.85;8.9;6.44;2.0;8;40;;5;15;False;False;False;;353.18;0;;;3;Bracell;8;;GSA - I;1212;D016
25.0;156.53;8.7;6.9;1.0;11;8;;5;15;False;False;False;;41.83;5.08;;;3;Ultracargo;59;;GL;1213;D016
40.04;275.0;9.7;10.2;2.0;13;42;;5;15;False;False;False;;33.17;1.52;;;3;TUP - DPW - CGC;51;;CGC;1214;D016
46.0;299.9;10.8;14.5;2.0;14;5;;5;15;False;False;False;;30.27;1.38;;;3;Santos Brasil;32;;CGC;1215;D016
28.0;179.87;8.8;7.8;2.0;15;18;;5;15;False;False;False;;17.4;2.8;;;3;TUP - Tiplam - GL;55;;GL;1216;D016
32.0;189.99;7.0;12.54;1.0;15;50;;5;15;False;False;False;;38.5;1.72;;;3;TUP - Tiplam - GSA - E;56;;GSA - E;1217;D016
32.0;199.98;10.47;7.39;2.0;17;0;;5;15;False;False;False;;59.47;2.77;;;3;Terminal Marítimo do Guarujá (Termag);43;;GSM - I;1218;D016
32.0;189.99;8.1;6.89;2.0;19;30;;5;15;False;False;False;;81.57;28.58;;;3;Bracell;8;;GSA - I;1219;D016
32.0;228.99;7.3;13.26;1.0;21;0;;5;15;False;False;False;;27.52;3.05;;;3;Terminal ADM do Brasil;39;;GSA - E;1220;D016
32.0;204.37;11.6;12.7;1.0;0;30;;6;16;False;False;False;;9.58;1.3;;;3;TUP - DPW - CGNC;52;;CGNC;1221;D016
48.0;330.0;14.4;12.3;2.0;1;30;;6;16;False;False;False;;23.6;1.83;;;3;BTP;9;;CGC;1222;D016
32.0;204.37;9.7;11.6;1.0;1;42;;6;16;False;False;False;;27.12;5.27;;;3;Autoridade - Macuco;4;;CGNC;1223;D016
21.0;134.75;7.15;5.7;2.0;2;0;;6;16;False;False;False;;46.45;0.52;;;3;Ageo Terminais ;2;;GL;1224;D016
44.0;289.59;8.3;8.3;3.0;5;45;;6;16;False;True;False;;12.83;0;;;3;Concais;11;;PASSAGEIROS;1225;D016
44.0;323.0;8.4;8.8;3.0;6;30;;6;16;False;True;False;;10.75;0;;;3;Concais;11;;PASSAGEIROS;1226;D016
32.0;228.99;11.6;13.9;1.0;8;5;;6;16;False;False;False;;16.88;0.83;;;3;Autoridade - Out;5;;GSA - E;1227;D016
30.0;179.99;7.41;8.0;1.0;9;36;;6;16;False;False;False;;66.72;0.07;;;3;Outros - Cais do Macuco;25;;GL;1228;D016
32.0;229.0;7.87;14.17;1.0;11;30;;6;16;False;False;False;;44.5;3.08;;;3;T-Grão;46;;GSA - E;1229;D016
48.0;328.46;12.3;13.8;1.0;12;0;;6;16;False;False;False;;21.92;1.98;;;3;BTP;9;;CGC;1230;D016
32.0;170.0;7.0;7.0;2.0;13;12;;6;16;False;False;False;;24.0;2.82;;;3;Stolthaven;33;;GL;1231;D016
32.0;228.99;7.61;8.57;1.0;14;0;;6;16;False;False;False;;16.93;4.82;;;3;Autoridade - Out;5;;GSA - E;1232;D016
48.0;299.95;9.3;12.2;1.0;16;0;;6;16;False;False;False;;26.82;2.12;;;3;BTP;9;;CGC;1233;D016
48.0;299.0;10.0;12.6;1.0;16;30;;6;16;False;False;False;;26.15;2.22;;;3;BTP;9;;CGC;1234;D016
32.0;229.0;6.97;13.24;1.0;17;30;;6;16;False;False;False;;38.58;1.25;;;3;Terminal de Granéis do Guarujá (TGG);40;;GSA - E;1235;D016
32.0;293.97;10.1;10.8;2.0;18;30;;6;16;False;False;False;;14.72;1.6;;;3;Santos Brasil;32;;CGC;1236;D016
40.0;284.71;10.2;9.4;2.0;19;0;;6;16;False;False;False;;11.12;1.4;;;3;TUP - DPW - CGC;51;;CGC;1237;D016
32.0;229.0;7.4;13.34;1.0;22;30;;6;16;False;False;False;;49.37;3.75;;;3;Autoridade - Out;5;;GSA - E;1238;D016
32.0;228.9;9.0;13.34;1.0;22;33;;6;16;False;False;False;;52.82;1.5;;;3;TUP - Cutrale - GSA - E;50;;GSA - E;1239;D016
22.0;119.9;8.3;6.8;1.0;23;30;;6;16;False;False;False;;68.92;0.47;;;3;Ageo Terminais ;2;;GL;1240;D016
32.0;179.9;8.7;8.8;2.0;0;10;;0;17;False;False;True;;6.0;5.4;;;3;TEV;45;;CGNC;1241;D016
32.0;225.0;6.9;13.14;1.0;0;30;;0;17;False;False;False;;33.05;2.42;;;3;Terminal ADM do Brasil;39;;GSA - E;1242;D016
29.0;274.9;6.7;6.6;3.0;6;30;;0;17;False;True;False;;10.42;0;;;3;Concais;11;;PASSAGEIROS;1243;D016
32.0;229.0;7.46;13.09;1.0;7;0;;0;17;False;False;False;;69.18;2.63;;;3;Terminal Exportador do Guarujá (TEG);42;;GSA - E;1244;D016
28.0;172.03;9.1;9.6;1.0;8;18;;0;17;False;False;False;;5.28;1.4;;;3;TUP - DPW - CGC;51;;CGC;1245;D016
32.0;183.0;9.7;8.4;2.0;8;48;;0;17;False;False;False;;50.2;2.9;;;3;TUP - Terminal Marítimo Dow;54;;GL;1246;D016
17.0;82.3;4.5;4.6;1.0;9;20;;0;17;False;False;False;;85.17;0.17;;;3;TUP - Saipem;53;;CGNC;1247;D016
32.0;229.0;7.29;12.3;1.0;11;36;;0;17;False;False;False;;61.53;2.83;;;3;Autoridade - Ponta;6;;GSA - E;1248;D016
32.0;199.97;8.3;9.2;1.0;12;30;;0;17;False;False;True;;29.83;0.58;;;3;TEV;45;;RORO ;1249;D016
30.0;222.14;9.2;10.5;1.0;13;0;;0;17;False;False;False;;6.77;1.03;;;3;Santos Brasil;32;;CGC;1250;D016
32.0;229.0;7.3;13.26;1.0;15;0;;0;17;False;False;False;;165.08;0.57;;;3;Temrinal de Exportação de Açúcar do Guarujá (TEAG);37;;GSA - E;1251;D016
32.0;225.0;7.15;14.12;1.0;19;12;;0;17;False;False;False;;37.37;2.28;;;3;Terminal ADM do Brasil;39;;GSA - E;1252;D016
31.0;212.54;10.0;10.7;1.0;20;0;;0;17;False;False;False;;6.42;2.0;;;3;TUP - DPW - CGC;51;;CGC;1253;D016
32.0;182.5;11.75;8.2;2.0;20;18;;0;17;False;False;False;;77.5;0.5;;;3;Ageo Terminais ;2;;GL;1254;D016
37.0;249.12;10.8;12.3;1.0;20;45;;0;17;False;False;False;;7.02;2.92;;;3;BTP;9;;CGC;1255;D016
48.0;333.17;10.9;13.7;1.0;22;24;;0;17;False;False;False;;18.5;3.03;;;3;BTP;9;;CGC;1256;D016
33.0;196.22;6.87;9.9;1.0;0;1;;1;18;False;False;False;;76.13;4.45;;;3;TUP - DPW - CGNC;52;;CGNC;1257;D016
35.0;224.0;8.3;9.3;2.0;6;0;;1;18;False;False;False;;13.65;1.67;;;3;Santos Brasil;32;;CGC;1258;D016
25.0;195.92;6.2;6.5;1.0;7;0;;1;18;False;False;False;;0.23;2.68;;;3;Autoridade - Saboo;7;;CGC;1259;D016
40.0;182.9;7.0;9.8;1.0;9;12;;1;18;False;False;False;;42.2;3.03;;;3;Transpetro;47;;GL;1260;D016
37.0;228.0;10.3;10.0;1.0;11;0;;1;18;False;False;False;;16.43;1.43;;;3;TUP - DPW - CGC;51;;CGC;1261;D016
30.57;199.2;7.82;6.4;2.0;11;0;;1;18;False;False;False;;67.13;3.75;;;3;TUP - DPW - CGNC;52;;CGNC;1262;D016
28.0;199.7;10.4;10.4;1.0;13;30;;1;18;False;False;False;;0.02;7.93;;;3;Autoridade - Saboo;7;;CGNC;1263;D016
32.0;229.0;7.84;13.22;1.0;14;24;;1;18;False;False;False;;77.57;2.52;;;3;Terminal de Granéis do Guarujá (TGG);40;;GSA - E;1264;D016
29.0;180.0;9.5;7.8;2.0;16;30;;1;18;False;False;False;;33.5;14.2;;;3;Transpetro;47;;GL;1265;D016
27.0;179.53;7.8;8.75;1.0;19;30;;1;18;False;False;False;;58.67;0;;;3;Adonai Química;1;;GL;1266;D016
32.0;213.88;8.5;8.6;1.0;23;58;;1;18;False;False;False;;10.63;2.53;;;3;BTP;9;;CGNC;1267;D016
48.0;299.18;9.7;9.0;2.0;0;15;;2;19;False;False;False;;4.97;1.68;;;3;Santos Brasil;32;;CGC;1268;D016
28.0;179.02;6.42;10.1;1.0;1;0;;2;19;False;False;False;;22.87;1.72;;;3;Autoridade - Out;5;;GSA - E;1269;D016
15.0;100.71;4.2;6.2;1.0;1;0;;2;19;False;False;False;;37.08;8.2;;;3;Outros - Cais do Macuco;25;;CGNC;1270;D016
48.0;330.08;12.2;14.5;2.0;1;50;;2;19;False;False;False;;24.35;2.0;;;3;BTP;9;;CGC;1271;D016
48.43;333.95;10.9;13.5;1.0;2;20;;2;19;False;False;False;;39.72;1.03;;;3;TUP - DPW - CGC;51;;CGC;1272;D016
30.0;210.54;8.6;9.1;1.0;3;30;;2;19;False;False;False;;17.5;1.72;;;3;TUP - DPW - CGC;51;;CGC;1273;D016
32.0;294.13;8.8;8.0;2.0;5;0;;2;19;False;False;False;;9.07;2.22;;;3;TUP - DPW - CGC;51;;CGC;1274;D016
43.0;318.24;9.65;8.9;2.0;5;10;;2;19;False;False;False;;5.67;1.72;;;3;Santos Brasil;32;;CGC;1275;D016
32.0;263.23;10.3;12.2;1.0;6;42;;2;19;False;False;False;;27.55;1.1;;;3;TUP - DPW - CGC;51;;CGC;1276;D016
28.0;179.99;9.51;8.7;2.0;9;20;;2;19;False;False;False;;28.75;1.0;;;3;Outros - Cais do Saboó;28;;GSM - I;1277;D016
32.0;243.0;8.7;9.5;2.0;12;0;;2;19;False;False;False;;6.97;6.07;;;3;Santos Brasil;32;;CGC;1278;D016
30.04;176.99;10.1;6.61;2.0;12;50;;2;19;False;False;False;;184.45;5.83;;;3;TUP - Tiplam - GSM - I;57;;GSM - I;1279;D016
36.0;229.9;7.2;12.63;1.0;13;0;;2;19;False;False;False;;55.93;0;;;3;Autoridade - Ponta;6;;GSA - E;1280;D016
48.0;335.98;11.2;10.0;2.0;15;45;;2;19;False;False;False;;13.78;3.87;;;3;BTP;9;;CGC;1281;D016
25.0;182.47;7.9;9.6;1.0;17;0;;2;19;False;False;False;;15.67;1.73;;;3;Santos Brasil;32;;CGC;1282;D016
32.0;294.1;12.5;11.2;2.0;17;0;;2;19;False;False;False;;35.23;1.65;;;3;TUP - DPW - CGC;51;;CGC;1283;D016
32.0;228.99;8.8;13.41;1.0;17;7;;2;19;False;False;False;;51.97;4.5;;;3;TUP - Cutrale - GSA - E;50;;GSA - E;1284;D016
25.0;195.92;6.5;6.4;1.0;17;47;;2;19;False;False;True;;6.0;12.5;;;3;TEV;45;;CGNC;1285;D016
37.0;254.73;9.4;9.2;2.0;20;12;;2;19;False;False;False;;7.97;1.53;;;3;Santos Brasil;32;;CGC;1286;D016
28.0;189.99;10.2;6.72;2.0;21;45;;2;19;False;False;False;;111.37;11.0;;;3;Bracell;8;;GSA - I;1287;D016
32.0;225.0;7.4;7.58;1.0;22;45;;2;19;False;False;False;;42.0;0.08;;;3;Outros - Libra Terminais;29;;CGNC;1288;D016
32.0;225.0;9.1;14.4;1.0;0;0;;3;20;False;False;False;;47.17;3.22;;;3;TUP - DPW - CGNC;52;;CGNC;1289;D016
51.0;335.95;13.9;11.5;2.0;4;0;;3;20;False;False;False;;13.37;2.38;;;3;Santos Brasil;32;;CGC;1290;D016
44.0;323.0;8.4;8.6;3.0;4;50;;3;20;False;True;False;;12.0;0;;;3;Concais;11;;PASSAGEIROS;1291;D016
44.0;289.59;8.3;8.3;3.0;5;51;;3;20;False;True;False;;19.17;0;;;3;Concais;11;;PASSAGEIROS;1292;D016
29.0;175.53;9.6;7.19;2.0;6;30;;3;20;False;False;False;;87.25;0;;;3;Outros - Cais do Saboó;28;;GSM - I;1293;D016
32.0;229.0;7.1;13.03;1.0;8;0;;3;20;False;False;False;;70.25;0.03;;;3;Terminal Exportador do Guarujá (TEG);42;;GSA - E;1294;D016
18.0;85.34;4.5;5.0;1.0;12;15;;3;20;False;False;False;;29.67;0.08;;;3;TUP - Saipem;53;;CGNC;1295;D016
32.0;229.0;7.0;13.11;1.0;14;0;;3;20;False;False;False;;74.5;0;;;3;T-Grão;46;;GSA - E;1296;D016
32.0;228.99;7.22;13.16;1.0;15;8;;3;20;False;False;False;;57.83;4.67;;;3;T-Grão;46;;GSA - E;1297;D016
45.0;299.9;10.9;9.4;2.0;15;52;;3;20;False;False;False;;17.02;2.68;;;3;BTP;9;;CGC;1298;D016
32.0;225.0;11.9;13.0;1.0;16;30;;3;20;False;False;False;;19.25;0;;;3;T-Grão;46;;GSA - E;1299;D016
32.0;229.0;7.22;13.34;1.0;18;15;;3;20;False;False;False;;76.17;0;;;3;T-Grão;46;;GSA - E;1300;D016
48.0;299.9;11.8;14.5;1.0;18;21;;3;20;False;False;False;;26.6;1.78;;;3;BTP;9;;CGC;1301;D016
32.0;225.0;6.6;13.04;1.0;20;48;;3;20;False;False;False;;95.08;3.35;;;3;Temrinal de Exportação de Açúcar do Guarujá (TEAG);37;;GSA - E;1302;D016
32.0;199.93;10.3;6.92;2.0;21;12;;3;20;False;False;False;;430.5;0.08;;;3;Outros - Cais do Macuco;25;;GSM - I;1303;D016
32.0;199.93;6.4;11.87;1.0;21;30;;3;20;False;False;False;;46.83;0;;;3;Autoridade - Ponta;6;;GSA - E;1304;D016
32.0;183.1;9.9;9.15;2.0;22;0;;3;20;False;False;False;;20.67;2.63;;;3;TUP - Terminal Marítimo Dow;54;;GL;1305;D016
32.0;225.0;6.91;11.1;1.0;22;30;;3;20;False;False;False;;35.73;1.42;;;3;Outros - Cais da Ponta da Praia;23;;GSA - E;1306;D016
20.0;119.8;5.75;5.9;1.0;22;45;;3;20;False;False;False;;14.38;37.54;;;3;Autoridade - Saboo;7;;CGNC;1307;D016
32.0;229.0;7.76;13.36;1.0;1;0;;4;21;False;False;False;;51.07;0;;;3;Outros - Cais da Ponta da Praia;23;;GSA - E;1308;D016
30.0;222.15;8.5;8.25;2.0;2;0;;4;21;False;False;False;;2.77;1.1;;;3;Santos Brasil;32;;CGC;1309;D016
32.0;228.99;6.85;13.15;1.0;2;36;;4;21;False;False;False;;84.18;0.2;;;3;Terminal Exportador do Guarujá (TEG);42;;GSA - E;1310;D016
15.0;100.71;6.2;7.2;1.0;3;16;;4;21;False;False;False;;6.77;10.5;;;3;Autoridade - Saboo;7;;CGC;1311;D016
48.0;333.96;14.1;11.7;3.0;4;6;;4;21;False;False;False;;33.98;1.58;;;3;TUP - DPW - CGC;51;;CGC;1312;D016
38.0;333.33;8.6;8.6;3.0;5;50;;4;21;False;True;False;;11.67;0;;;3;Concais;11;;PASSAGEIROS;1313;D016
28.0;186.36;10.0;9.6;2.0;6;0;;4;21;False;False;False;;9.38;1.23;;;3;Santos Brasil;32;;CGC;1314;D016
29.0;274.9;6.7;6.7;3.0;6;30;;4;21;False;True;False;;9.42;0;;;3;Concais;11;;PASSAGEIROS;1315;D016
32.0;228.99;6.9;12.99;1.0;7;12;;4;21;False;False;False;;54.4;3.48;;;3;Terminal Exportador do Guarujá (TEG);42;;GSA - E;1316;D016
27.0;179.53;8.75;10.85;1.0;7;50;;4;21;False;False;False;;58.5;0;;;3;Outros - Píer da Alamoa;30;;GL;1317;D016
46.0;260.0;11.95;13.4;1.0;11;0;;4;21;False;False;False;;13.52;3.08;;;3;BTP;9;;CGC;1318;D016
32.0;243.0;9.5;9.5;2.0;11;0;;4;21;False;False;False;;6.05;2.97;;;3;TUP - DPW - CGC;51;;CGC;1319;D016
38.0;227.95;11.1;10.4;2.0;11;0;;4;21;False;False;False;;18.5;1.87;;;3;Santos Brasil;32;;CGC;1320;D016
32.0;190.0;7.3;7.03;2.0;11;0;;4;21;False;False;False;;51.88;5.42;;;3;TUP - Tiplam - GSM - I;57;;GSM - I;1321;D016
28.25;179.99;8.3;6.3;1.0;11;15;;4;21;False;False;False;;74.2;5.9;;;3;TUP - Usiminas;58;;CGNC;1322;D016
32.0;190.0;8.2;7.0;2.0;12;0;;4;21;False;False;False;;50.13;2.92;;;3;Outros - Cais do Outeirinhos;26;;GSM - I;1323;D016
32.0;228.99;7.2;13.31;1.0;12;18;;4;21;False;False;False;;47.33;2.5;;;3;T-Grão;46;;GSA - E;1324;D016
48.0;329.86;14.1;12.0;2.0;16;12;;4;21;False;False;False;;19.78;2.7;;;3;BTP;9;;CGC;1325;D016
32.0;226.8;10.3;12.46;1.0;23;0;;4;21;False;False;False;;24.62;2.13;;;3;Outros - Cais do Macuco;25;;CGNC;1326;D016
48.0;333.2;12.6;10.5;2.0;23;15;;4;21;False;False;False;;18.32;1.85;;;3;Santos Brasil;32;;CGNC;1327;D016
21.0;99.99;7.7;8.0;2.0;0;1;;5;22;False;False;False;;0.02;6.3;;;3;Autoridade - Saboo;7;;CGNC;1328;D016
33.0;228.99;6.45;13.17;1.0;1;35;;5;22;False;False;False;;79.38;1.85;;;3;Autoridade - Out;5;;GSA - E;1329;D016
32.0;183.1;9.15;9.0;2.0;2;10;;5;22;False;False;False;;57.62;0;;;3;Ageo Terminais ;2;;GL;1330;D016
32.0;183.0;12.4;9.7;2.0;3;20;;5;22;False;False;False;;53.17;0;;;3;Outros - Píer da Alamoa;30;;GL;1331;D016
32.0;211.0;8.1;8.1;1.0;4;36;;5;22;False;False;True;;10.18;13.82;;;3;TEV;45;;CGNC;1332;D016
50.0;305.0;8.6;8.6;3.0;5;45;;5;22;False;True;False;;10.58;0;;;3;Concais;11;;PASSAGEIROS;1333;D016
52.0;331.43;8.6;8.7;3.0;6;18;;5;22;False;True;False;;10.42;0;;;3;Concais;11;;PASSAGEIROS;1334;D016
37.0;256.07;11.7;13.1;2.0;6;40;;5;22;False;False;False;;17.35;1.53;;;3;Santos Brasil;32;;CGC;1335;D016
32.0;199.95;8.27;8.65;1.0;7;50;;5;22;False;False;True;;13.83;1.5;;;3;TEV;45;;CGNC;1336;D016
32.0;229.0;7.0;13.2;1.0;7;55;;5;22;False;False;False;;77.9;0.55;;;3;Terminal Exportador do Guarujá (TEG);42;;GSA - E;1337;D016
33.0;189.9;7.05;10.5;1.0;9;0;;5;22;False;False;False;;73.85;4.33;;;3;TUP - Cutrale - GL;49;;GL;1338;D016
51.0;335.9;11.1;14.2;2.0;9;54;;5;22;False;False;False;;27.05;2.18;;;3;Santos Brasil;32;;CGC;1339;D016
45.0;299.9;11.4;13.9;2.0;10;50;;5;22;False;False;False;;30.33;2.62;;;3;Santos Brasil;32;;CGC;1340;D016
33.0;229.0;7.7;13.21;1.0;11;18;;5;22;False;False;False;;71.5;0;;;3;T-Grão;46;;GSA - E;1341;D016
27.0;165.17;7.8;7.3;2.0;12;0;;5;22;False;False;False;;24.63;1.95;;;3;TUP - Terminal Marítimo Dow;54;;GL;1342;D016
27.0;170.08;7.1;9.0;1.0;21;0;;5;22;False;False;False;;18.4;3.55;;;3;Santos Brasil;32;;CGC;1343;D016
23.0;144.22;6.5;8.2;1.0;23;30;;5;22;False;False;False;;32.7;1.4;;;3;Transpetro;47;;GL;1344;D016
44.0;289.59;8.3;8.3;3.0;5;45;;6;23;False;True;False;;11.33;0;;;3;Concais;11;;PASSAGEIROS;1345;D016
32.0;189.99;6.35;11.4;1.0;6;0;;6;23;False;False;False;;75.57;2.27;;;3;Autoridade - Out;5;;GSA - E;1346;D016
32.0;224.99;7.26;13.05;1.0;6;6;;6;23;False;False;False;;33.17;2.38;;;3;Terminal ADM do Brasil;39;;GSA - E;1347;D016
35.0;228.9;7.85;12.45;1.0;6;24;;6;23;False;False;False;;67.98;2.48;;;3;Terminal ADM do Brasil;39;;GSA - E;1348;D016
40.0;306.0;12.2;14.5;1.0;6;30;;6;23;False;False;False;;16.68;1.52;;;3;TUP - DPW - CGC;51;;CGC;1349;D016
32.0;229.13;7.12;13.12;1.0;8;40;;6;23;False;False;False;;94.15;0.55;;;3;Temrinal de Exportação de Açúcar do Guarujá (TEAG);37;;GSA - E;1350;D016
32.0;225.0;7.58;13.5;1.0;8;45;;6;23;False;False;False;;139.3;0.45;;;3;Outros - Cais do Macuco;25;;CGNC;1351;D016
32.0;183.21;10.3;11.2;1.0;9;0;;6;23;False;False;False;;68.17;0;;;3;Outros - Píer da Alamoa;30;;GL;1352;D016
32.0;229.0;7.37;13.12;1.0;10;0;;6;23;False;False;False;;23.98;2.58;;;3;Terminal ADM do Brasil;39;;GSA - E;1353;D016
45.0;299.9;12.5;10.15;2.0;11;0;;6;23;False;False;False;;18.9;3.45;;;3;Santos Brasil;32;;CGC;1354;D016
33.0;199.99;8.6;9.8;1.0;11;30;;6;23;False;False;True;;17.0;0.78;;;3;TEV;45;;CGNC;1355;D016
43.0;255.28;7.9;13.4;1.0;11;45;;6;23;False;False;False;;100.48;3.35;;;3;Outros - Cais da Ponta da Praia;23;;GSA - E;1356;D016
32.0;228.99;7.5;13.4;1.0;12;0;;6;23;False;False;False;;61.78;8.95;;;3;Outros - Cais do Paquetá;27;;GSA - E;1357;D016
27.0;170.7;9.9;6.5;2.0;16;0;;6;23;False;False;False;;88.53;21.17;;;3;Bracell;8;;GSA - I;1358;D016
32.0;225.0;8.95;13.17;1.0;17;0;;6;23;False;False;False;;67.0;2.42;;;3;T-Grão;46;;GSA - E;1359;D016
35.0;185.96;8.5;8.4;2.0;17;30;;6;23;False;False;False;;13.58;1.85;;;3;Santos Brasil;32;;CGC;1360;D016
30.0;180.0;6.1;9.5;1.0;18;45;;6;23;False;False;False;;24.0;1.72;;;3;Autoridade - Out;5;;GSA - E;1361;D016
32.0;199.98;9.2;9.19;2.0;19;16;;6;23;False;False;True;;5.0;0.15;;;3;TEV;45;;CGNC;1362;D016
28.0;198.0;7.0;7.4;2.0;20;6;;6;23;False;False;False;;6.2;9.65;;;3;Santos Brasil;32;;CGC;1363;D016
32.0;183.34;8.7;10.7;1.0;20;33;;6;23;False;False;False;;43.4;2.17;;;3;Transpetro;47;;GL;1364;D016
28.0;177.85;9.8;6.64;2.0;2;18;;0;24;False;False;False;;58.42;0;;;3;Outros - Cais do Saboó;28;;GL;1365;D016
32.0;259.8;10.6;11.1;2.0;5;10;;0;24;False;False;False;;15.72;2.18;;;3;Santos Brasil;32;;CGC;1366;D016
48.0;299.18;9.9;12.7;1.0;5;30;;0;24;False;False;False;;20.33;2.23;;;3;BTP;9;;CGC;1367;D016
44.0;323.0;8.4;8.7;3.0;6;0;;0;24;False;True;False;;10.33;0;;;3;Concais;11;;PASSAGEIROS;1368;D016
29.0;274.9;6.7;6.7;3.0;6;26;;0;24;False;True;False;;10.42;0;;;3;Concais;11;;PASSAGEIROS;1369;D016
26.0;168.03;10.4;10.2;2.0;8;20;;0;24;False;False;False;;20.07;1.85;;;3;TUP - DPW - CGC;51;;CGC;1370;D016
26.0;158.83;9.4;8.4;2.0;9;0;;0;24;False;False;False;;61.42;0;;;3;Ageo Terminais ;2;;GL;1371;D016
28.0;179.87;9.8;7.25;2.0;9;15;;0;24;False;False;False;;37.7;9.47;;;3;Transpetro;47;;GL;1372;D016
34.0;223.91;8.35;8.8;2.0;10;40;;0;24;False;False;False;;10.0;3.47;;;3;Santos Brasil;32;;CGC;1373;D016
43.0;333.57;13.6;11.55;2.0;11;18;;0;24;False;False;False;;12.57;2.25;;;3;Santos Brasil;32;;CGC;1374;D016
32.0;258.89;10.2;10.3;2.0;11;30;;0;24;False;False;False;;6.23;3.48;;;3;Santos Brasil;32;;CGC;1375;D016
33.0;177.9;8.1;9.0;1.0;11;40;;0;24;False;False;False;;72.83;0.17;;;3;TUP - Saipem;53;;CGNC;1376;D016
32.0;228.91;6.85;13.8;1.0;12;15;;0;24;False;False;False;;34.22;6.08;;;3;Terminal de Granéis do Guarujá (TGG);40;;GSA - E;1377;D016
32.0;183.1;9.0;7.4;2.0;12;40;;0;24;False;False;False;;91.77;0;;;3;Outros - Píer da Alamoa;30;;GL;1378;D016
32.0;228.28;6.31;8.32;1.0;15;30;;0;24;False;False;False;;26.67;0;;;3;Autoridade - Ponta;6;;GSA - E;1379;D016
32.0;199.95;8.7;9.2;1.0;16;58;;0;24;False;False;True;;18.67;1.0;;;3;TEV;45;;CGNC;1380;D016
30.0;208.85;10.4;11.6;1.0;19;30;;0;24;False;False;False;;6.17;1.08;;;3;TUP - DPW - CGC;51;;CGC;1381;D016
32.0;189.02;8.5;8.6;2.0;21;15;;0;24;False;False;False;;91.2;0.8;;;3;Ageo Terminais ;2;;GL;1382;D016
17.0;82.3;4.5;4.5;1.0;22;20;;0;24;False;False;False;;13.17;0.17;;;3;TUP - Saipem;53;;CGNC;1383;D016
32.0;199.98;6.4;12.07;1.0;0;8;;1;25;False;False;False;;49.33;0;;;3;T-Grão;46;;GSA - E;1384;D016
43.0;270.9;12.15;13.35;2.0;4;30;;1;25;False;False;False;;39.62;2.08;;;3;TUP - DPW - CGC;51;;CGC;1385;D016
45.0;299.9;12.0;14.35;1.0;5;0;;1;25;False;False;False;;26.1;1.62;;;3;BTP;9;;CGC;1386;D016
36.0;227.2;7.35;12.5;1.0;7;24;;1;25;False;False;False;;110.67;0;;;3;Autoridade - Ponta;6;;GSA - E;1387;D016
32.0;197.0;10.2;6.27;2.0;9;18;;1;25;False;False;False;;178.42;1.55;;;3;TUP - Tiplam - GSM - I;57;;GSM - I;1388;D016
32.0;189.02;12.4;8.2;2.0;11;0;;1;25;False;False;False;;76.33;0;;;3;Outros - Píer da Alamoa;30;;GL;1389;D016
30.0;218.45;9.6;9.3;1.0;11;0;;1;25;False;False;False;;15.82;1.67;;;3;TUP - DPW - CGC;51;;CGC;1390;D016
32.0;228.9;7.2;12.9;1.0;11;24;;1;25;False;False;False;;157.52;0.92;;;3;Outros - Cais da Ponta da Praia;23;;GSA - E;1391;D016
27.0;183.0;7.5;8.6;1.0;13;0;;1;25;False;False;False;;19.2;1.07;;;3;Transpetro;47;;GL;1392;D016
32.0;186.0;10.7;9.9;2.0;14;30;;1;25;False;False;False;;53.47;0;;;3;Ageo Terminais ;2;;GL;1393;D016
40.0;272.08;10.8;8.7;2.0;15;0;;1;25;False;False;False;;28.23;1.52;;;3;Santos Brasil;32;;CGC;1394;D016
26.0;170.0;7.2;9.65;1.0;19;0;;1;25;False;False;False;;51.28;2.92;;;3;TUP - Cutrale - GL;49;;GL;1395;D016
25.0;160.0;6.5;9.7;1.0;20;4;;1;25;False;False;False;;90.17;0.42;;;3;Ageo Terminais ;2;;GL;1396;D016
32.0;229.0;6.26;13.3;1.0;20;15;;1;25;False;False;False;;52.5;3.65;;;3;T-Grão;46;;GSA - E;1397;D016
48.0;328.46;14.2;12.6;2.0;21;55;;1;25;False;False;False;;21.92;3.85;;;3;BTP;9;;CGC;1398;D016
31.0;198.5;7.25;10.9;1.0;22;30;;1;25;False;False;False;;37.23;0.08;;;3;Outros - Libra Terminais;29;;CGNC;1399;D016
48.0;299.91;9.3;9.0;2.0;23;45;;1;25;False;False;False;;9.17;2.13;;;3;Santos Brasil;32;;CGC;1400;D016
32.0;229.0;8.2;13.26;1.0;0;1;;2;26;False;False;False;;121.08;2.67;;;3;T-Grão;46;;GSA - E;1401;D016
18.0;85.34;4.5;4.85;1.0;0;20;;2;26;False;False;False;;23.67;0.25;;;3;TUP - Saipem;53;;CGNC;1402;D016
43.0;270.9;11.4;9.75;1.0;1;45;;2;26;False;False;False;;21.95;1.38;;;3;TUP - DPW - CGC;51;;CGC;1403;D016
32.0;199.99;7.02;13.28;1.0;3;15;;2;26;False;False;False;;21.65;3.6;;;3;Autoridade - Out;5;;GSA - E;1404;D016
30.0;222.2;8.2;10.4;1.0;4;30;;2;26;False;False;False;;19.25;2.38;;;3;BTP;9;;CGC;1405;D016
32.0;194.87;8.8;9.2;1.0;5;15;;2;26;False;False;False;;17.45;1.53;;;3;TUP - DPW - CGC;51;;CGC;1406;D016
32.0;229.0;7.39;13.45;1.0;5;50;;2;26;False;False;False;;34.25;1.78;;;3;Terminal de Granéis do Guarujá (TGG);40;;GSA - E;1407;D016
44.0;289.59;8.3;8.3;3.0;6;30;;2;26;False;True;False;;10.67;0;;;3;Concais;11;;PASSAGEIROS;1408;D016
19.0;88.9;5.8;4.5;1.0;8;40;;2;26;False;False;False;;47.33;0.17;;;3;TUP - Saipem;53;;CGNC;1409;D016
32.0;228.0;10.67;5.8;2.0;10;49;;2;26;False;False;False;;111.53;0;;;3;Outros - Píer da Alamoa;30;;GL;1410;D016
46.0;339.6;13.5;12.45;2.0;12;0;;2;26;False;False;False;;45.37;3.08;;;3;TUP - DPW - CGC;51;;CGC;1411;D016
35.0;185.97;10.3;10.42;1.0;12;12;;2;26;False;False;False;;6.25;1.05;;;3;TUP - DPW - CGC;51;;CGC;1412;D016
35.0;185.97;8.5;10.3;2.0;12;12;;2;26;False;False;False;;10.68;4.47;;;3;Santos Brasil;32;;CGC;1413;D016
24.0;144.03;6.3;6.3;2.0;14;0;;2;26;False;False;False;;66.17;10.75;;;3;Ultracargo;59;;GL;1414;D016
28.0;179.93;10.05;7.79;2.0;17;0;;2;26;False;False;False;;64.0;0;;;3;Outros - Cais do Saboó;28;;GSM - I;1415;D016
32.0;229.0;7.7;13.28;1.0;17;42;;2;26;False;False;False;;49.5;3.43;;;3;T-Grão;46;;GSA - E;1416;D016
25.0;182.47;8.8;9.0;2.0;18;0;;2;26;False;False;False;;15.0;3.45;;;3;Santos Brasil;32;;CGC;1417;D016
37.0;254.87;9.0;9.9;2.0;22;30;;2;26;False;False;False;;8.63;1.58;;;3;Santos Brasil;32;;CGC;1418;D016
40.0;182.9;7.4;9.0;1.0;23;40;;2;26;False;False;False;;19.3;4.2;;;3;Transpetro;47;;GL;1419;D016
32.0;183.06;7.5;7.5;2.0;1;6;;3;27;False;False;False;;12.17;15.0;;;3;Adonai Química;1;;GL;1420;D016
44.0;323.0;8.4;8.7;3.0;3;0;;3;27;False;True;False;;13.17;0;;;3;Concais;11;;PASSAGEIROS;1421;D016
32.0;179.9;7.9;9.2;1.0;3;36;;3;27;False;False;True;;27.5;3.8;;;3;TEV;45;;CGNC;1422;D016
28.0;172.04;7.5;6.8;2.0;5;0;;3;27;False;False;False;;9.43;1.28;;;3;Santos Brasil;32;;CGC;1423;D016
36.0;266.65;12.6;10.0;2.0;5;35;;3;27;False;False;False;;21.57;1.48;;;3;TUP - DPW - CGC;51;;CGC;1424;D016
24.0;144.09;7.4;6.3;2.0;8;0;;3;27;False;False;False;;35.82;0.6;;;3;Ageo Terminais ;2;;GL;1425;D016
32.0;184.94;10.25;7.5;2.0;10;12;;3;27;False;False;False;;54.08;4.33;;;3;Ultracargo;59;;GL;1426;D016
40.0;272.02;10.6;9.45;2.0;13;55;;3;27;False;False;False;;14.53;1.85;;;3;Santos Brasil;32;;CGC;1427;D016
32.0;228.19;12.2;8.0;2.0;14;0;;3;27;False;False;False;;87.27;0;;;3;Adonai Química;1;;GL;1428;D016
32.0;199.94;12.2;8.0;1.0;15;30;;3;27;False;False;True;;26.0;3.13;;;3;TEV;45;;RORO ;1429;D016
25.0;141.0;8.8;7.8;2.0;17;0;;3;27;False;False;False;;18.4;0;;;3;Ageo Terminais ;2;;GL;1430;D016
32.0;229.0;7.4;13.4;1.0;17;0;;3;27;False;False;False;;60.22;5.42;;;3;Outros - Cais do Paquetá;27;;GSA - E;1431;D016
46.0;260.0;11.9;12.8;1.0;21;0;;3;27;False;False;False;;12.58;2.1;;;3;BTP;9;;CGC;1432;D016
45.0;299.9;11.8;14.1;1.0;23;0;;3;27;False;False;False;;14.48;1.75;;;3;BTP;9;;CGC;1433;D016
32.0;225.0;7.3;13.09;1.0;0;1;;4;28;False;False;False;;102.35;3.0;;;3;TUP - Tiplam - GSA - E;56;;GSA - E;1434;D016
46.0;334.8;13.65;11.35;2.0;0;18;;4;28;False;False;False;;24.07;1.6;;;3;TUP - DPW - CGC;51;;CGC;1435;D016
31.0;225.16;10.9;9.85;2.0;1;40;;4;28;False;False;False;;9.05;1.45;;;3;Santos Brasil;32;;CGC;1436;D016
28.0;172.0;8.1;8.1;2.0;5;50;;4;28;False;False;False;;16.8;3.78;;;3;Santos Brasil;32;;CGC;1437;D016
38.0;333.33;8.66;8.7;3.0;6;0;;4;28;False;True;False;;11.92;0;;;3;Concais;11;;PASSAGEIROS;1438;D016
30.0;179.92;9.22;6.8;2.0;6;0;;4;28;False;False;False;;121.42;0;;;3;Outros - Cais do Saboó;28;;GSM - I;1439;D016
37.0;228.0;10.2;11.0;2.0;6;0;;4;28;False;False;False;;18.43;1.37;;;3;Santos Brasil;32;;CGC;1440;D016
27.0;165.13;6.8;7.2;2.0;6;0;;4;28;False;False;False;;9.62;0;;;3;Outros - Píer da Alamoa;30;;GL;1441;D016
29.0;274.9;6.7;6.7;3.0;6;23;;4;28;False;True;False;;10.67;0;;;3;Concais;11;;PASSAGEIROS;1442;D016
32.0;229.0;11.0;13.73;1.0;8;0;;4;28;False;False;False;;24.42;3.08;;;3;T-Grão;46;;GSA - E;1443;D016
21.0;134.75;7.8;6.1;2.0;10;45;;4;28;False;False;False;;47.03;0;;;3;Ageo Terminais ;2;;GL;1444;D016
32.0;199.9;6.56;8.5;1.0;12;0;;4;28;False;False;False;;48.07;1.3;;;3;TUP - DPW - CGNC;52;;CGNC;1445;D016
28.0;179.87;9.3;7.85;2.0;12;24;;4;28;False;False;False;;17.2;3.3;;;3;TUP - Tiplam - GL;55;;GL;1446;D016
32.31;229.0;7.2;13.2;1.0;13;13;;4;28;False;False;False;;81.7;0.53;;;3;TUP - Cutrale - GSA - E;50;;GSA - E;1447;D016
32.0;199.97;9.25;9.45;1.0;13;36;;4;28;False;False;True;;30.0;2.83;;;3;TEV;45;;CGNC;1448;D016
31.14;198.0;7.42;12.4;1.0;13;48;;4;28;False;False;False;;49.02;1.8;;;3;TUP - DPW - CGNC;52;;CGNC;1449;D016
40.0;284.71;10.0;12.8;1.0;14;42;;4;28;False;False;False;;23.15;1.43;;;3;TUP - DPW - CGC;51;;CGC;1450;D016
32.0;190.0;11.7;7.7;2.0;20;0;;4;28;False;False;False;;137.75;0.42;;;3;Outros - Cais do Macuco;25;;GSM - I;1451;D016
28.0;183.2;8.0;8.9;1.0;21;18;;4;28;False;False;False;;18.6;2.55;;;3;Transpetro;47;;GL;1452;D016
32.0;182.5;8.2;8.2;2.0;21;20;;4;28;False;False;False;;29.05;3.92;;;3;Outros - Píer da Alamoa;30;;GL;1453;D016
48.0;299.89;12.4;12.6;1.0;0;1;;5;29;False;False;False;;13.27;2.15;;;3;BTP;9;;CGC;1454;D016
48.0;333.2;11.1;9.6;2.0;0;30;;5;29;False;False;False;;21.22;2.08;;;3;Santos Brasil;32;;CGC;1455;D016
32.0;260.66;11.5;12.7;3.0;1;0;;5;29;False;False;False;;17.63;1.38;;;3;TUP - DPW - CGC;51;;CGC;1456;D016
17.0;82.3;4.5;4.3;1.0;2;30;;5;29;False;False;False;;12.0;0.17;;;3;TUP - Saipem;53;;CGNC;1457;D016
32.0;183.06;7.5;11.4;1.0;3;18;;5;29;False;False;False;;39.7;3.47;;;3;Transpetro;47;;GL;1458;D016
51.0;336.0;14.1;11.4;2.0;3;45;;5;29;False;False;False;;20.57;2.8;;;3;Santos Brasil;32;;CGC;1459;D016
48.0;337.0;10.45;9.85;2.0;5;40;;5;29;False;False;False;;15.28;1.22;;;3;BTP;9;;CGC;1460;D016
50.0;305.0;8.6;8.5;3.0;5;42;;5;29;False;True;False;;10.67;0;;;3;Concais;11;;PASSAGEIROS;1461;D016
32.0;214.0;8.5;8.4;1.0;8;18;;5;29;False;False;False;;12.0;2.02;;;3;BTP;9;;CGNC;1462;D016
52.0;331.43;8.6;8.7;3.0;8;30;;5;29;False;True;False;;9.17;0;;;3;Concais;11;;PASSAGEIROS;1463;D016
32.0;199.9;7.14;13.3;1.0;9;0;;5;29;False;False;False;;33.32;2.02;;;3;Terminal de Granéis do Guarujá (TGG);40;;GSA - E;1464;D016
32.0;201.8;11.16;13.3;1.0;9;0;;5;29;False;False;False;;48.45;1.22;;;3;TUP - DPW - CGNC;52;;CGNC;1465;D016
48.0;299.18;10.3;12.5;2.0;10;30;;5;29;False;False;False;;25.05;2.53;;;3;BTP;9;;CGC;1466;D016
45.0;299.9;11.6;10.8;2.0;12;0;;5;29;False;False;False;;13.17;1.83;;;3;BTP;9;;CGC;1467;D016
40.0;272.08;9.8;14.0;1.0;13;45;;5;29;False;False;False;;23.77;5.35;;;3;Santos Brasil;32;;CGC;1468;D016
24.0;141.0;8.8;9.75;1.0;13;48;;5;29;False;False;False;;44.9;0.52;;;3;Ageo Terminais ;2;;GL;1469;D016
48.0;333.2;10.25;13.9;2.0;14;30;;5;29;False;False;False;;26.87;2.33;;;3;Santos Brasil;32;;CGC;1470;D016
31.0;198.0;11.58;10.2;2.0;17;48;;5;29;False;False;False;;19.95;3.83;;;3;BTP;9;;CGC;1471;D016
32.0;201.8;7.9;11.16;1.0;20;30;;5;29;False;False;False;;75.65;3.93;;;3;Autoridade - Macuco;4;;CGNC;1472;D016
32.0;199.99;10.2;12.09;1.0;20;36;;5;29;False;False;False;;56.73;0;;;3;Autoridade - Ponta;6;;GSA - E;1473;D016
26.0;158.83;8.4;8.4;2.0;21;0;;5;29;False;False;False;;50.92;0;;;3;Stolthaven;33;;GL;1474;D016
37.0;228.0;10.6;10.65;2.0;2;50;;6;30;False;False;False;;5.93;1.7;;;3;BTP;9;;CGC;1475;D016
51.0;335.95;11.0;14.5;1.0;5;18;;6;30;False;False;False;;36.93;5.0;;;3;Santos Brasil;32;;CGC;1476;D016
29.0;176.5;5.88;10.6;1.0;7;15;;6;30;False;False;False;;41.83;0.83;;;3;T-Grão;46;;GSA - E;1477;D016
36.0;200.0;9.9;11.7;2.0;8;0;;6;30;False;False;False;;13.78;1.42;;;3;Santos Brasil;32;;CGC;1478;D016
32.0;199.92;7.1;11.6;1.0;8;30;;6;30;False;False;False;;44.83;4.65;;;3;TUP - DPW - CGNC;52;;CGNC;1479;D016
49.0;299.97;13.0;10.7;2.0;11;0;;6;30;False;False;False;;22.57;2.48;;;3;Santos Brasil;32;;CGC;1480;D016
24.0;143.02;6.4;6.4;1.0;13;15;;6;30;False;False;False;;15.07;9.15;;;3;TUP - Terminal Marítimo Dow;54;;CGNC;1481;D016
35.0;199.91;8.5;8.9;2.0;14;0;;6;30;False;False;False;;15.52;1.73;;;3;Santos Brasil;32;;CGC;1482;D016
25.0;160.0;9.7;10.9;1.0;15;40;;6;30;False;False;False;;43.83;11.5;;;3;Ultracargo;59;;GL;1483;D016
27.0;165.17;7.6;6.9;2.0;15;54;;6;30;False;False;False;;22.3;3.53;;;3;TUP - Terminal Marítimo Dow;54;;GL;1484;D016
48.0;299.88;11.1;13.95;1.0;16;20;;6;30;False;False;False;;23.78;3.15;;;3;BTP;9;;CGC;1485;D016
32.0;229.0;7.3;13.07;1.0;19;0;;6;30;False;False;False;;107.97;0.53;;;3;Temrinal de Exportação de Açúcar do Guarujá (TEAG);37;;GSA - E;1486;D016
27.0;170.0;7.65;8.1;2.0;19;30;;6;30;False;False;False;;38.83;5.25;;;3;Ultracargo;59;;GL;1487;D016
48.0;328.46;14.5;13.1;2.0;20;0;;6;30;False;False;False;;16.52;5.28;;;3;Santos Brasil;32;;CGC;1488;D016
32.0;229.0;6.73;13.4;1.0;21;0;;6;30;False;False;False;;135.07;4.63;;;3;Outros - Cais do Paquetá;27;;GSA - E;1489;D016
31.0;198.0;11.6;12.4;1.0;1;48;;0;31;False;False;False;;13.13;1.82;;;3;TUP - DPW - CGNC;52;;CGNC;1490;D016
32.0;182.98;7.2;10.8;1.0;2;0;;0;31;False;False;False;;31.4;0.85;;;3;Transpetro;47;;GL;1491;D016
32.0;239.3;7.4;7.4;3.0;6;30;;0;31;False;True;False;;11.25;0;;;3;Concais;11;;PASSAGEIROS;1492;D016
37.0;228.0;10.0;12.0;1.0;7;10;;0;31;False;False;False;;23.92;1.12;;;3;TUP - DPW - CGC;51;;CGC;1493;D016
32.0;182.5;8.1;10.4;1.0;7;30;;0;31;False;False;False;;41.2;7.72;;;3;Transpetro;47;;GL;1494;D016
32.0;259.8;11.25;9.2;2.0;8;30;;0;31;False;False;False;;17.0;1.68;;;3;TUP - DPW - CGC;51;;CGC;1495;D016
35.0;223.98;8.45;8.9;2.0;11;15;;0;31;False;False;False;;11.93;3.05;;;3;Santos Brasil;32;;CGC;1496;D016
43.0;334.11;9.8;11.3;2.0;16;0;;0;31;False;False;False;;19.72;8.63;;;3;BTP;9;;CGC;1497;D016
21.0;139.95;7.0;6.85;1.0;16;45;;0;31;False;False;False;;53.72;0.83;;;3;Ageo Terminais ;2;;GL;1498;D016
30.0;222.15;8.95;10.05;2.0;17;0;;0;31;False;False;False;;7.03;1.77;;;3;Santos Brasil;32;;CGC;1499;D016
32.0;225.0;7.0;13.36;1.0;23;50;;0;31;False;False;False;;30.0;1.58;;;3;Terminal de Granéis do Guarujá (TGG);40;;GSA - E;1500;D016
32.0;229.0;7.0;13.1;1.0;0;1;;1;1;False;False;False;;43.78;3.83;;;4;TUP - Tiplam - GSA - E;56;;GSA - E;1501;D016
40.0;277.32;12.45;11.2;2.0;5;36;;1;1;False;False;False;;12.07;1.77;;;4;BTP;9;;CGC;1502;D016
36.0;228.99;8.66;13.11;1.0;9;47;;1;1;False;False;False;;72.02;0.83;;;4;TUP - Cutrale - GSA - E;50;;GSA - E;1503;D016
33.0;227.83;12.7;8.2;2.0;10;6;;1;1;False;False;False;;147.0;0;;;4;Outros - Píer da Alamoa;30;;GL;1504;D016
48.0;328.46;12.1;11.0;2.0;10;36;;1;1;False;False;False;;11.03;4.18;;;4;BTP;9;;CGC;1505;D016
31.0;212.54;8.9;9.6;1.0;11;20;;1;1;False;False;False;;10.98;1.4;;;4;TUP - DPW - CGC;51;;CGC;1506;D016
32.0;201.8;10.85;12.9;1.0;17;40;;1;1;False;False;False;;33.0;0;;;4;Outros - Cais do Macuco;25;;CGNC;1507;D016
48.0;329.77;12.7;14.5;1.0;19;48;;1;1;False;False;False;;27.08;5.17;;;4;BTP;9;;CGC;1508;D016
49.0;299.93;9.5;8.8;2.0;23;28;;1;1;False;False;False;;7.5;2.0;;;4;Santos Brasil;32;;CGC;1509;D016
32.0;231.0;9.8;10.0;2.0;0;0;;2;2;False;False;False;;4.95;1.28;;;4;Santos Brasil;32;;CGC;1510;D016
32.0;199.97;8.6;9.2;1.0;4;0;;2;2;False;False;True;;13.02;1.62;;;4;TEV;45;;CGNC;1511;D016
9.0;210.54;8.9;8.8;2.0;4;38;;2;2;False;False;False;;14.8;2.95;;;4;Santos Brasil;32;;CGC;1512;D016
33.0;182.82;9.2;10.4;1.0;5;0;;2;2;False;False;False;;59.88;0;;;4;Outros - Píer da Alamoa;30;;GL;1513;D016
25.0;141.0;7.8;10.35;2.0;5;0;;2;2;False;False;False;;9.17;3.87;;;4;Outros - Píer da Alamoa;30;;GL;1514;D016
24.0;143.02;6.4;6.5;2.0;5;30;;2;2;False;False;False;;14.58;8.33;;;4;Adonai Química;1;;GL;1515;D016
32.0;231.0;10.0;10.8;1.0;7;15;;2;2;False;False;False;;12.22;1.6;;;4;TUP - DPW - CGC;51;;CGC;1516;D016
28.0;179.87;9.1;7.4;2.0;8;24;;2;2;False;False;False;;20.75;2.55;;;4;TUP - Tiplam - GL;55;;GL;1517;D016
32.0;225.0;7.36;13.09;1.0;10;0;;2;2;False;False;False;;133.17;0.63;;;4;Temrinal de Exportação de Açúcar do Guarujá (TEAG);37;;GSA - E;1518;D016
25.0;182.47;9.0;9.6;2.0;12;0;;2;2;False;False;False;;17.43;3.97;;;4;Santos Brasil;32;;CGC;1519;D016
40.0;300.4;12.6;14.1;2.0;18;30;;2;2;False;False;False;;39.7;9.93;;;4;BTP;9;;CGC;1520;D016
32.0;229.0;7.6;13.21;1.0;22;18;;2;2;False;False;False;;114.37;3.38;;;4;TUP - Tiplam - GSA - E;56;;GSA - E;1521;D016
29.0;177.85;6.5;8.58;1.0;22;30;;2;2;False;False;False;;39.87;4.97;;;4;Eldorado (Rishis);14;;GSA - E;1522;D016
32.0;229.0;8.35;13.23;1.0;1;18;;3;3;False;False;False;;80.17;3.2;;;4;Terminal ADM do Brasil;39;;GSA - E;1523;D016
48.0;335.98;11.7;14.2;1.0;3;48;;3;3;False;False;False;;34.18;2.02;;;4;BTP;9;;CGC;1524;D016
36.0;199.99;7.48;8.15;1.0;4;10;;3;3;False;False;False;;129.98;0;;;4;Outros - Libra Terminais;29;;CGNC;1525;D016
32.0;183.1;10.4;8.1;2.0;4;20;;3;3;False;False;False;;63.67;0;;;4;Ageo Terminais ;2;;GL;1526;D016
37.0;255.0;10.0;10.0;2.0;4;55;;3;3;False;False;False;;7.53;5.17;;;4;Santos Brasil;32;;CGC;1527;D016
32.0;199.9;8.1;8.9;1.0;5;0;;3;3;False;False;True;;14.0;1.37;;;4;TEV;45;;CGNC;1528;D016
32.0;225.0;7.79;12.53;1.0;5;45;;3;3;False;False;False;;35.85;0.18;;;4;Terminal ADM do Brasil;39;;GSA - E;1529;D016
44.0;323.0;8.5;8.7;3.0;6;30;;3;3;False;True;False;;9.67;0;;;4;Concais;11;;PASSAGEIROS;1530;D016
32.0;224.94;6.5;13.85;1.0;10;40;;3;3;False;False;False;;37.58;1.92;;;4;Autoridade - Out;5;;GSA - E;1531;D016
32.0;229.0;7.2;12.33;1.0;11;6;;3;3;False;False;False;;70.27;5.75;;;4;Terminal ADM do Brasil;39;;GSA - E;1532;D016
32.0;229.0;7.5;13.21;1.0;14;0;;3;3;False;False;False;;33.17;2.08;;;4;Terminal de Granéis do Guarujá (TGG);40;;GSA - E;1533;D016
27.0;170.7;5.71;5.57;1.0;15;30;;3;3;False;False;False;;24.78;5.03;;;4;TUP - Usiminas;58;;CGNC;1534;D016
32.0;229.07;7.5;13.03;1.0;16;0;;3;3;False;False;False;;44.55;3.03;;;4;TUP - Tiplam - GSA - E;56;;GSA - E;1535;D016
27.4;183.98;7.4;9.4;1.0;17;0;;3;3;False;False;False;;30.3;0.7;;;4;Transpetro;47;;GL;1536;D016
32.0;199.9;6.0;12.15;1.0;18;40;;3;3;False;False;False;;62.53;3.03;;;4;Outros - Cais do Paquetá;27;;GSA - E;1537;D016
32.0;199.9;7.66;12.77;1.0;22;43;;3;3;False;False;False;;60.0;0;;;4;Outros - Cais da Ponta da Praia;23;;GSA - E;1538;D016
38.0;255.4;13.0;11.95;2.0;23;0;;3;3;False;False;False;;28.02;1.47;;;4;TUP - DPW - CGC;51;;CGC;1539;D016
45.0;299.9;12.0;14.3;1.0;23;30;;3;3;False;False;False;;39.8;6.02;;;4;BTP;9;;CGC;1540;D016
18.0;85.34;5.0;5.0;1.0;1;5;;4;4;False;False;False;;163.42;0.17;;;4;TUP - Saipem;53;;CGNC;1541;D016
51.0;335.93;13.3;10.7;2.0;4;0;;4;4;False;False;False;;14.77;2.8;;;4;Santos Brasil;32;;CGC;1542;D016
37.0;227.92;10.7;11.0;2.0;7;0;;4;4;False;False;False;;20.03;2.23;;;4;Santos Brasil;32;;CGC;1543;D016
24.0;143.02;6.5;7.5;2.0;7;40;;4;4;False;False;False;;12.0;22.68;;;4;Stolthaven;33;;GL;1544;D016
36.0;210.0;8.48;13.29;1.0;9;0;;4;4;False;False;False;;103.37;0.83;;;4;Outros - Cais do Macuco;25;;CGNC;1545;D016
18.0;116.9;5.1;7.2;1.0;11;3;;4;4;False;False;False;;39.1;0.27;;;4;Ageo Terminais ;2;;GL;1546;D016
32.0;183.21;9.9;7.5;2.0;11;24;;4;4;False;False;False;;85.3;0.62;;;4;Ageo Terminais ;2;;GL;1547;D016
27.0;184.0;11.3;8.7;2.0;11;45;;4;4;False;False;False;;41.47;0;;;4;Ageo Terminais ;2;;GL;1548;D016
33.0;228.99;7.3;13.44;1.0;15;50;;4;4;False;False;False;;69.25;0.83;;;4;Terminal Exportador do Guarujá (TEG);42;;GSA - E;1549;D016
32.0;210.96;8.7;8.1;2.0;18;0;;4;4;False;False;False;;16.25;2.48;;;4;BTP;9;;CGC;1550;D016
48.0;333.18;11.3;9.9;2.0;20;30;;4;4;False;False;False;;22.6;3.22;;;4;BTP;9;;CGC;1551;D016
51.0;335.0;14.3;11.2;2.0;22;0;;4;4;False;False;False;;18.78;2.58;;;4;Santos Brasil;32;;CGC;1552;D016
48.0;330.0;12.3;14.5;1.0;0;20;;5;5;False;False;False;;38.77;2.08;;;4;BTP;9;;CGC;1553;D016
50.0;305.0;8.6;8.6;3.0;5;45;;5;5;False;True;False;;8.92;0;;;4;Concais;11;;PASSAGEIROS;1554;D016
52.0;331.43;8.45;8.7;3.0;6;0;;5;5;False;True;False;;10.75;0;;;4;Concais;11;;PASSAGEIROS;1555;D016
27.0;170.08;7.1;6.7;2.0;8;36;;5;5;False;False;False;;6.97;1.42;;;4;Santos Brasil;32;;CGC;1556;D016
32.0;225.0;7.06;13.14;1.0;9;0;;5;5;False;False;False;;29.7;2.52;;;4;Terminal ADM do Brasil;39;;GSA - E;1557;D016
35.0;223.96;8.1;9.2;2.0;9;20;;5;5;False;False;False;;5.82;2.23;;;4;Santos Brasil;32;;CGC;1558;D016
32.0;228.99;8.47;13.8;1.0;9;47;;5;5;False;False;False;;76.98;1.55;;;4;TUP - Cutrale - GSA - E;50;;GSA - E;1559;D016
30.0;180.0;9.84;6.0;2.0;10;30;;5;5;False;False;False;;54.1;11.58;;;4;Bracell;8;;GSA - I;1560;D016
48.0;299.91;11.0;13.6;1.0;17;30;;5;5;False;False;False;;28.22;2.6;;;4;BTP;9;;CGC;1561;D016
30.0;179.97;8.83;6.68;2.0;19;34;;5;5;False;False;False;;73.0;0;;;4;Outros - Cais do Saboó;28;;GL;1562;D016
32.0;294.13;11.2;12.6;1.0;21;0;;5;5;False;False;False;;11.3;1.15;;;4;TUP - DPW - CGC;51;;CGC;1563;D016
45.0;299.9;11.25;14.3;2.0;22;30;;5;5;False;False;False;;31.25;2.23;;;4;BTP;9;;CGC;1564;D016
27.0;165.13;7.1;9.85;1.0;0;0;;6;6;False;False;False;;59.5;0.25;;;4;Ageo Terminais ;2;;GL;1565;D016
44.0;323.0;8.5;7.6;3.0;5;0;;6;6;False;True;False;;10.83;0;;;4;Concais;11;;PASSAGEIROS;1566;D016
32.0;182.8;9.8;7.6;2.0;5;12;;6;6;False;False;False;;46.42;0;;;4;Ageo Terminais ;2;;GL;1567;D016
45.0;299.9;13.8;11.5;2.0;6;0;;6;6;False;False;False;;22.03;1.7;;;4;TUP - DPW - CGC;51;;CGC;1568;D016
48.0;330.0;14.25;11.85;2.0;6;18;;6;6;False;False;False;;24.65;2.88;;;4;BTP;9;;CGC;1569;D016
38.0;229.11;7.93;13.84;1.0;12;30;;6;6;False;False;False;;80.0;0;;;4;T-Grão;46;;GSA - E;1570;D016
28.0;179.9;7.5;7.2;2.0;12;30;;6;6;False;False;False;;93.42;3.58;;;4;Outros - Cais do Outeirinhos;26;;GSM - I;1571;D016
40.0;304.14;10.8;9.6;2.0;15;0;;6;6;False;False;False;;25.7;1.23;;;4;TUP - DPW - CGC;51;;CGC;1572;D016
37.0;227.92;11.0;10.6;2.0;20;0;;6;6;False;False;False;;7.33;1.88;;;4;BTP;9;;CGC;1573;D016
31.0;225.16;9.8;10.3;2.0;21;18;;6;6;False;False;False;;6.7;1.05;;;4;Santos Brasil;32;;CGC;1574;D016
32.0;213.88;8.8;9.8;1.0;21;20;;6;6;False;False;False;;36.67;9.4;;;4;BTP;9;;CGNC;1575;D016
32.0;199.94;9.1;6.58;2.0;21;30;;6;6;False;False;False;;169.63;2.97;;;4;TUP - Tiplam - GSM - I;57;;GSM - I;1576;D016
32.0;229.0;7.37;13.15;1.0;21;54;;6;6;False;False;False;;50.58;4.03;;;4;TUP - Tiplam - GSA - E;56;;GSA - E;1577;D016
33.0;229.0;10.05;13.4;1.0;0;24;;0;7;False;False;False;;88.43;3.0;;;4;Outros - Cais do Paquetá;27;;GSA - E;1578;D016
48.0;333.96;11.0;13.5;1.0;7;12;;0;7;False;False;False;;38.6;1.48;;;4;TUP - DPW - CGC;51;;CGC;1579;D016
40.0;272.02;9.7;12.9;2.0;7;13;;0;7;False;False;False;;21.3;3.3;;;4;BTP;9;;CGC;1580;D016
32.0;225.0;7.14;13.85;1.0;10;0;;0;7;False;False;False;;65.8;1.6;;;4;Autoridade - Out;5;;GSA - E;1581;D016
30.0;210.56;8.2;11.4;1.0;10;0;;0;7;False;False;False;;115.4;0.57;;;4;NST - GL;20;;GL;1582;D016
32.0;232.39;9.0;9.3;1.0;13;30;;0;7;False;False;True;;11.0;4.08;;;4;TEV;45;;CGNC;1583;D016
25.0;156.53;9.1;8.9;2.0;15;0;;0;7;False;False;False;;10.9;0.63;;;4;Ageo Terminais ;2;;GL;1584;D016
36.0;210.0;7.75;13.75;1.0;15;0;;0;7;False;False;False;;85.87;0.92;;;4;TUP - DPW - CGNC;52;;CGNC;1585;D016
30.0;218.45;10.7;11.3;2.0;16;30;;0;7;False;False;False;;7.43;1.87;;;4;Santos Brasil;32;;CGC;1586;D016
36.0;210.0;7.75;9.9;1.0;17;30;;0;7;False;False;False;;41.68;1.17;;;4;Autoridade - Macuco;4;;CGNC;1587;D016
32.0;228.99;8.57;14.2;1.0;19;30;;0;7;False;False;False;;33.92;3.58;;;4;T-Grão;46;;GSA - E;1588;D016
32.0;179.9;7.8;12.4;1.0;22;0;;0;7;False;False;False;;40.8;1.13;;;4;Transpetro;47;;GL;1589;D016
40.0;182.9;7.4;11.5;1.0;23;30;;0;7;False;False;False;;38.9;2.1;;;4;Transpetro;47;;GL;1590;D016
38.0;229.0;7.0;11.85;1.0;0;1;;1;8;False;False;False;;45.4;0;;;4;Autoridade - Ponta;6;;GSA - E;1591;D016
37.0;255.36;10.2;8.9;2.0;4;30;;1;8;False;False;False;;33.87;2.3;;;4;TUP - DPW - CGC;51;;CGC;1592;D016
43.0;324.85;12.7;10.3;2.0;5;0;;1;8;False;False;False;;11.57;1.7;;;4;Santos Brasil;32;;CGNC;1593;D016
32.0;229.0;7.92;14.03;1.0;7;0;;1;8;False;False;False;;63.5;6.5;;;4;T-Grão;46;;GSA - E;1594;D016
30.0;208.85;10.1;9.0;2.0;11;0;;1;8;False;False;False;;12.77;1.45;;;4;Santos Brasil;32;;CGC;1595;D016
48.0;300.0;12.0;9.8;2.0;13;0;;1;8;False;False;False;;15.77;1.87;;;4;Santos Brasil;32;;CGC;1596;D016
32.0;190.0;7.7;6.4;2.0;14;0;;1;8;False;False;False;;138.72;6.65;;;4;Outros - Cais do Macuco;25;;GSM - I;1597;D016
32.0;229.0;7.5;13.8;1.0;16;54;;1;8;False;False;False;;78.18;2.3;;;4;Terminal ADM do Brasil;39;;GSA - E;1598;D016
31.0;199.2;9.7;10.77;1.0;17;1;;1;8;False;False;False;;17.75;0;;;4;Outros - Libra Terminais;29;;CGNC;1599;D016
36.0;199.99;8.15;9.4;1.0;17;45;;1;8;False;False;False;;41.32;0.75;;;4;Outros - Cais do Macuco;25;;CGNC;1600;D016
48.0;333.2;12.1;13.75;1.0;21;0;;1;8;False;False;False;;36.52;1.58;;;4;TUP - DPW - CGC;51;;CGC;1601;D016
51.0;336.0;10.8;14.3;2.0;22;0;;1;8;False;False;False;;29.43;2.52;;;4;Santos Brasil;32;;CGC;1602;D016
32.0;229.0;8.69;13.41;1.0;1;18;;2;9;False;False;False;;60.68;0.9;;;4;TUP - Cutrale - GSA - E;50;;GSA - E;1603;D016
32.0;228.99;7.0;13.57;1.0;2;30;;2;9;False;False;False;;106.33;0;;;4;T-Grão;46;;GSA - E;1604;D016
32.0;228.62;9.5;9.1;2.0;4;50;;2;9;False;False;False;;22.12;2.1;;;4;Santos Brasil;32;;CGC;1605;D016
44.0;323.0;8.4;8.7;3.0;5;0;;2;9;False;True;False;;10.58;0;;;4;Concais;11;;PASSAGEIROS;1606;D016
16.0;132.2;4.9;5.2;1.0;5;15;;2;9;False;False;False;;10.33;4.0;;;4;Autoridade - Saboo;7;;CGNC;1607;D016
50.0;305.0;8.6;8.6;3.0;6;0;;2;9;False;True;False;;10.08;0;;;4;Concais;11;;PASSAGEIROS;1608;D016
48.0;299.9;10.27;9.5;2.0;6;0;;2;9;False;False;False;;4.48;1.3;;;4;Santos Brasil;32;;CGC;1609;D016
28.0;172.04;7.5;6.8;2.0;9;36;;2;9;False;False;False;;7.4;2.17;;;4;BTP;9;;CGC;1610;D016
32.0;229.0;7.3;13.1;1.0;10;30;;2;9;False;False;False;;48.48;3.58;;;4;Terminal ADM do Brasil;39;;GSA - E;1611;D016
43.0;318.24;12.1;13.45;1.0;11;0;;2;9;False;False;False;;14.13;3.28;;;4;BTP;9;;CGC;1612;D016
48.0;329.86;12.0;14.5;2.0;11;42;;2;9;False;False;False;;49.9;1.82;;;4;BTP;9;;CGC;1613;D016
40.0;182.9;7.3;8.3;1.0;12;0;;2;9;False;False;False;;31.4;2.9;;;4;Transpetro;47;;GL;1614;D016
28.56;189.99;6.6;10.61;1.0;13;0;;2;9;False;False;False;;16.07;2.47;;;4;Autoridade - Out;5;;GSA - E;1615;D016
37.0;254.73;9.6;9.1;2.0;16;50;;2;9;False;False;False;;10.17;1.33;;;4;TUP - DPW - CGC;51;;CGC;1616;D016
30.0;179.99;7.0;8.1;1.0;17;0;;2;9;False;False;False;;69.25;0.08;;;4;Eldorado (Rishis);14;;GL;1617;D016
32.25;294.1;12.3;11.2;2.0;18;0;;2;9;False;False;False;;24.98;1.87;;;4;TUP - DPW - CGC;51;;CGC;1618;D016
25.0;182.47;9.0;8.6;1.0;18;0;;2;9;False;False;False;;15.1;1.95;;;4;Santos Brasil;32;;CGC;1619;D016
32.0;183.1;8.1;8.0;2.0;20;45;;2;9;False;False;False;;24.67;2.75;;;4;Outros - Píer da Alamoa;30;;GL;1620;D016
32.0;182.5;7.8;9.4;1.0;22;48;;2;9;False;False;False;;36.0;2.33;;;4;Transpetro;47;;GL;1621;D016
32.0;199.99;6.9;13.0;1.0;23;0;;2;9;False;False;False;;46.58;8.63;;;4;Terminal ADM do Brasil;39;;GSA - E;1622;D016
40.0;277.32;11.4;13.2;1.0;23;6;;2;9;False;False;False;;13.4;1.88;;;4;BTP;9;;CGC;1623;D016
36.0;209.99;9.2;13.65;1.0;23;30;;2;9;False;False;False;;55.35;3.0;;;4;TUP - DPW - CGNC;52;;CGNC;1624;D016
32.0;224.9;7.1;12.18;1.0;23;45;;2;9;False;False;False;;111.83;0;;;4;Autoridade - Ponta;6;;GSA - E;1625;D016
32.0;225.0;10.5;14.2;1.0;0;1;;3;10;False;False;False;;62.43;7.8;;;4;TUP - DPW - CGNC;52;;CGNC;1626;D016
32.0;199.98;8.4;9.3;1.0;2;13;;3;10;False;False;True;;9.0;3.5;;;4;TEV;45;;CGNC;1627;D016
32.0;225.0;8.7;9.6;1.0;2;54;;3;10;False;False;False;;9.58;0.08;;;4;Outros - Libra Terminais;29;;CGNC;1628;D016
32.0;229.0;7.12;13.4;1.0;3;2;;3;10;False;False;False;;32.98;3.75;;;4;Terminal de Granéis do Guarujá (TGG);40;;GSA - E;1629;D016
48.0;337.0;12.2;14.1;1.0;3;6;;3;10;False;False;False;;13.88;1.63;;;4;BTP;9;;CGC;1630;D016
32.0;199.9;8.6;12.26;1.0;6;30;;3;10;False;False;False;;27.17;3.5;;;4;Autoridade - Out;5;;GSA - E;1631;D016
32.0;199.97;8.4;8.8;2.0;7;8;;3;10;False;False;True;;5.1;2.47;;;4;TEV;45;;CGNC;1632;D016
32.0;199.98;6.59;13.04;1.0;7;24;;3;10;False;False;False;;27.33;1.75;;;4;Terminal de Granéis do Guarujá (TGG);40;;GSA - E;1633;D016
27.0;184.0;8.6;7.8;2.0;7;30;;3;10;False;False;False;;34.67;0;;;4;Ageo Terminais ;2;;GL;1634;D016
36.0;266.65;11.6;12.4;1.0;8;10;;3;10;False;False;False;;12.75;1.07;;;4;TUP - DPW - CGC;51;;CGC;1635;D016
32.0;189.99;11.15;9.75;2.0;10;0;;3;10;False;False;False;;285.67;0;;;4;Outros - Cais do Macuco;25;;GSM - I;1636;D016
36.0;199.99;9.4;10.7;1.0;12;29;;3;10;False;False;False;;46.1;1.32;;;4;TUP - DPW - CGNC;52;;CGNC;1637;D016
32.0;189.99;10.91;9.68;2.0;12;30;;3;10;False;False;False;;30.43;3.42;;;4;TUP - Tiplam - GSM - I;57;;GSM - I;1638;D016
32.0;189.99;7.5;7.2;2.0;12;30;;3;10;False;False;False;;11.92;2.08;;;4;Outros - Cais do Outeirinhos;26;;GSM - I;1639;D016
32.0;197.0;9.43;12.78;1.0;15;50;;3;10;False;False;False;;26.17;5.47;;;4;TUP - Tiplam - GSA - E;56;;GSA - E;1640;D016
32.0;183.2;11.25;8.5;2.0;16;30;;3;10;False;False;False;;117.13;0;;;4;Ageo Terminais ;2;;GL;1641;D016
48.0;299.98;11.3;8.4;2.0;20;50;;3;10;False;False;False;;10.27;2.42;;;4;BTP;9;;CGC;1642;D016
24.0;145.0;9.7;6.1;2.0;21;32;;3;10;False;False;False;;69.17;5.25;;;4;Ultracargo;59;;GL;1643;D016
32.31;229.0;7.2;13.0;1.0;21;42;;3;10;False;False;False;;43.92;3.68;;;4;TUP - Tiplam - GSA - E;56;;GSA - E;1644;D016
32.0;261.09;9.7;9.7;2.0;22;50;;3;10;False;False;False;;8.85;1.83;;;4;Santos Brasil;32;;CGC;1645;D016
43.0;333.57;10.8;13.0;1.0;0;24;;4;11;False;False;False;;22.45;3.45;;;4;BTP;9;;CGC;1646;D016
32.0;179.95;10.65;6.92;2.0;1;36;;4;11;False;False;False;;80.8;3.73;;;4;Terminal Marítimo do Guarujá (Termag);43;;GSM - I;1647;D016
51.0;336.0;13.9;12.8;2.0;4;1;;4;11;False;False;False;;22.23;3.97;;;4;Santos Brasil;32;;CGC;1648;D016
38.0;249.97;11.6;10.8;2.0;5;0;;4;11;False;False;False;;20.28;1.5;;;4;TUP - DPW - CGC;51;;CGC;1649;D016
25.0;156.53;8.9;8.1;2.0;6;30;;4;11;False;False;False;;26.67;5.17;;;4;Outros - Píer da Alamoa;30;;GL;1650;D016
32.0;183.06;7.5;9.7;1.0;7;30;;4;11;False;False;False;;31.1;2.4;;;4;Transpetro;47;;GL;1651;D016
51.0;335.93;10.5;13.9;1.0;8;0;;4;11;False;False;False;;36.03;7.65;;;4;Santos Brasil;32;;CGC;1652;D016
32.0;186.07;9.5;8.65;2.0;11;30;;4;11;False;False;False;;25.48;0;;;4;Ageo Terminais ;2;;GL;1653;D016
37.0;227.97;10.69;9.7;1.0;12;0;;4;11;False;False;False;;25.4;1.52;;;4;TUP - DPW - CGC;51;;CGC;1654;D016
48.0;330.0;14.1;12.1;2.0;12;0;;4;11;False;False;False;;27.18;2.62;;;4;BTP;9;;RORO ;1655;D016
37.0;227.97;10.7;10.69;2.0;12;0;;4;11;False;False;False;;7.08;3.23;;;4;BTP;9;;CGC;1656;D016
36.0;210.0;10.6;9.8;2.0;12;30;;4;11;False;False;False;;1.17;3.62;;;4;Outros - Cais da Ecoporto;21;;CGC;1657;D016
40.0;272.08;10.4;8.8;2.0;14;54;;4;11;False;False;False;;30.58;1.7;;;4;TUP - DPW - CGC;51;;CGC;1658;D016
19.0;88.9;5.6;6.0;1.0;19;30;;4;11;False;False;False;;30.25;0.17;;;4;TUP - Saipem;53;;CGNC;1659;D016
32.0;228.99;6.6;5.0;1.0;22;55;;4;11;False;False;False;;74.03;1.15;;;4;TUP - Cutrale - GSA - E;50;;GSA - E;1660;D016
40.0;270.4;12.4;12.8;2.0;2;42;;5;12;False;False;False;;7.9;1.6;;;4;BTP;9;;CGC;1661;D016
44.0;323.0;8.42;8.3;3.0;4;0;;5;12;False;True;False;;12.25;0;;;4;Concais;11;;PASSAGEIROS;1662;D016
32.0;229.01;7.2;12.99;1.0;5;0;;5;12;False;False;False;;44.88;2.97;;;4;Terminal ADM do Brasil;39;;GSA - E;1663;D016
32.0;259.8;10.4;11.9;1.0;8;54;;5;12;False;False;False;;17.95;2.1;;;4;TUP - DPW - CGC;51;;CGC;1664;D016
32.31;229.0;7.6;13.1;1.0;9;30;;5;12;False;False;False;;91.52;3.53;;;4;TUP - Tiplam - GSA - E;56;;GSA - E;1665;D016
48.0;333.2;11.3;9.75;2.0;9;30;;5;12;False;False;False;;21.13;2.97;;;4;BTP;9;;CGNC;1666;D016
32.0;263.23;11.6;10.4;2.0;9;45;;5;12;False;False;False;;10.18;1.38;;;4;TUP - DPW - CGC;51;;CGC;1667;D016
32.0;180.0;8.4;8.6;2.0;10;37;;5;12;False;False;True;;15.0;1.67;;;4;TEV;45;;CGNC;1668;D016
32.0;229.0;7.5;13.36;1.0;11;48;;5;12;False;False;False;;65.42;0;;;4;T-Grão;46;;GSA - E;1669;D016
27.0;169.37;9.83;4.84;2.0;12;0;;5;12;False;False;False;;209.5;0;;;4;Outros - Cais do Saboó;28;;GSM - I;1670;D016
42.0;346.98;11.0;11.2;2.0;13;0;;5;12;False;False;False;;15.83;3.18;;;4;BTP;9;;CGC;1671;D016
32.0;199.94;7.3;8.8;1.0;15;0;;5;12;False;False;True;;46.32;0.93;;;4;TEV;45;;RORO ;1672;D016
32.0;179.8;11.7;7.8;2.0;16;0;;5;12;False;False;False;;88.17;0;;;4;Outros - Píer da Alamoa;30;;GL;1673;D016
33.0;229.0;7.76;13.2;1.0;16;18;;5;12;False;False;False;;105.05;4.82;;;4;Outros - Cais do Paquetá;27;;GSA - E;1674;D016
32.0;210.96;8.5;8.4;2.0;19;45;;5;12;False;False;False;;23.02;1.97;;;4;BTP;9;;CGC;1675;D016
40.0;278.94;12.7;13.2;1.0;21;0;;5;12;False;False;False;;32.15;2.62;;;4;Santos Brasil;32;;CGC;1676;D016
32.0;262.08;10.03;11.2;2.0;0;40;;6;13;False;False;False;;16.95;17.98;;;4;Santos Brasil;32;;CGC;1677;D016
32.0;228.19;8.0;8.0;2.0;0;45;;6;13;False;False;False;;48.6;7.17;;;4;Ultracargo;59;;GL;1678;D016
25.0;156.53;8.45;6.45;2.0;1;55;;6;13;False;False;False;;96.92;0;;;4;Ageo Terminais ;2;;GL;1679;D016
32.0;199.99;8.18;8.37;1.0;3;0;;6;13;False;False;True;;7.5;0.75;;;4;TEV;45;;CGNC;1680;D016
50.0;305.0;8.6;8.6;3.0;5;45;;6;13;False;True;False;;12.0;0;;;4;Concais;11;;PASSAGEIROS;1681;D016
30.0;180.0;7.38;5.5;2.0;7;30;;6;13;False;False;False;;84.95;0.42;;;4;Bracell;8;;GSA - I;1682;D016
35.0;185.97;8.0;9.4;2.0;8;15;;6;13;False;False;False;;11.1;5.88;;;4;Santos Brasil;32;;CGC;1683;D016
32.0;225.0;7.3;13.5;1.0;8;39;;6;13;False;False;False;;148.67;2.5;;;4;Outros - Cais do Macuco;25;;CGNC;1684;D016
32.0;229.0;7.15;13.4;1.0;9;0;;6;13;False;False;False;;73.45;4.13;;;4;Outros - Cais do Paquetá;27;;GSA - E;1685;D016
32.0;214.0;8.6;9.4;1.0;9;20;;6;13;False;False;False;;32.28;9.47;;;4;BTP;9;;CGNC;1686;D016
48.0;333.2;11.7;14.5;2.0;9;20;;6;13;False;False;False;;23.25;2.62;;;4;BTP;9;;CGC;1687;D016
45.0;299.9;14.4;12.2;2.0;11;0;;6;13;False;False;False;;31.52;2.57;;;4;TUP - DPW - CGC;51;;CGC;1688;D016
27.0;183.0;7.5;8.6;1.0;11;30;;6;13;False;False;False;;17.2;1.47;;;4;Transpetro;47;;GL;1689;D016
33.0;201.8;8.5;7.8;2.0;13;0;;6;13;False;False;False;;62.93;9.35;;;4;Autoridade - Saboo;7;;CGNC;1690;D016
33.0;201.8;7.8;10.0;1.0;13;0;;6;13;False;False;False;;47.35;7.83;;;4;Autoridade - Macuco;4;;CGNC;1691;D016
27.0;165.17;8.3;7.0;2.0;15;30;;6;13;False;False;False;;24.97;3.87;;;4;TUP - Terminal Marítimo Dow;54;;GL;1692;D016
48.0;330.03;13.25;10.8;2.0;16;18;;6;13;False;False;False;;23.6;2.17;;;4;BTP;9;;CGC;1693;D016
30.04;181.0;6.3;9.8;1.0;17;10;;6;13;False;False;False;;57.33;7.08;;;4;T-Grão;46;;GSA - E;1694;D016
32.31;189.99;6.9;12.83;1.0;22;0;;6;13;False;False;False;;30.75;2.33;;;4;T-Grão;46;;GSA - E;1695;D016
35.0;224.0;8.7;8.5;2.0;4;30;;0;14;False;False;False;;9.5;2.8;;;4;Santos Brasil;32;;CGC;1696;D016
33.0;201.8;7.7;12.8;1.0;7;0;;0;14;False;False;False;;49.17;0.08;;;4;Outros - Libra Terminais;29;;CGNC;1697;D016
36.0;236.32;8.4;8.3;2.0;7;30;;0;14;False;False;False;;22.87;1.75;;;4;Autoridade - Saboo;7;;CGNC;1698;D016
35.0;185.97;9.4;10.1;2.0;7;54;;0;14;False;False;False;;19.22;1.42;;;4;TUP - DPW - CGC;51;;CGC;1699;D016
30.04;180.4;9.85;5.75;2.0;12;48;;0;14;False;False;False;;45.62;1.85;;;4;TUP - Tiplam - GSM - I;57;;GSM - I;1700;D016
27.77;166.43;8.3;6.28;2.0;13;0;;0;14;False;False;False;;100.68;17.1;;;4;Autoridade - Saboo;7;;CGNC;1701;D016
28.0;172.0;8.0;8.0;2.0;18;10;;0;14;False;False;False;;12.75;1.93;;;4;BTP;9;;CGC;1702;D016
32.0;259.8;10.1;9.6;2.0;23;0;;0;14;False;False;False;;7.68;1.47;;;4;Santos Brasil;32;;CGC;1703;D016
31.0;212.54;11.3;11.9;2.0;0;10;;1;15;False;False;False;;6.22;1.25;;;4;Santos Brasil;32;;CGC;1704;D016
32.0;229.0;6.6;12.2;1.0;0;29;;1;15;False;False;False;;30.42;1.92;;;4;Terminal de Granéis do Guarujá (TGG);40;;GSA - E;1705;D016
37.0;255.36;8.95;10.35;1.0;2;46;;1;15;False;False;False;;30.1;4.18;;;4;BTP;9;;CGC;1706;D016
28.0;179.44;7.3;9.6;1.0;4;30;;1;15;False;False;False;;138.83;0.82;;;4;Outros - Cais do Macuco;25;;CGNC;1707;D016
44.0;323.0;8.35;8.7;3.0;5;0;;1;15;False;True;False;;10.83;0;;;4;Concais;11;;PASSAGEIROS;1708;D016
32.31;199.92;10.3;6.71;2.0;6;0;;1;15;False;False;False;;208.33;1.67;;;4;TUP - Tiplam - GSM - I;57;;GSM - I;1709;D016
49.0;299.97;11.0;13.6;1.0;6;0;;1;15;False;False;False;;36.4;3.98;;;4;TUP - DPW - CGC;51;;CGC;1710;D016
28.0;179.87;9.65;7.6;2.0;9;42;;1;15;False;False;False;;66.4;10.82;;;4;Transpetro;47;;GL;1711;D016
32.0;204.85;7.6;10.0;1.0;10;0;;1;15;False;False;False;;57.47;11.63;;;4;TUP - Cutrale - GL;49;;GL;1712;D016
37.0;228.0;9.9;10.4;2.0;11;0;;1;15;False;False;False;;16.62;1.83;;;4;Santos Brasil;32;;CGC;1713;D016
32.0;228.19;12.7;8.0;2.0;12;29;;1;15;False;False;False;;165.93;0;;;4;Outros - Píer da Alamoa;30;;GL;1714;D016
49.0;299.93;10.9;13.6;1.0;12;30;;1;15;False;False;False;;126.37;2.73;;;4;BTP;9;;CGC;1715;D016
32.28;228.9;7.45;13.04;1.0;13;54;;1;15;False;False;False;;65.27;8.4;;;4;TUP - Tiplam - GSA - E;56;;GSA - E;1716;D016
32.0;229.0;7.7;13.36;1.0;15;30;;1;15;False;False;False;;34.1;1.82;;;4;Terminal de Granéis do Guarujá (TGG);40;;GSA - E;1717;D016
31.0;199.2;7.3;10.2;1.0;15;30;;1;15;False;False;False;;38.45;0.12;;;4;Outros - Libra Terminais;29;;CGNC;1718;D016
40.0;272.05;10.0;9.3;1.0;22;30;;1;15;False;False;False;;32.35;2.02;;;4;TUP - DPW - CGC;51;;CGC;1719;D016
32.0;243.35;8.6;9.5;2.0;23;48;;1;15;False;False;False;;10.13;1.57;;;4;Santos Brasil;32;;CGC;1720;D016
32.0;229.0;8.4;13.9;1.0;1;15;;2;16;False;False;False;;45.37;3.68;;;4;Autoridade - Out;5;;GSA - E;1721;D016
48.0;299.98;10.1;9.2;2.0;2;0;;2;16;False;False;False;;9.67;11.12;;;4;Santos Brasil;32;;CGNC;1722;D016
32.0;228.28;8.32;13.2;1.0;3;10;;2;16;False;False;False;;51.63;0.5;;;4;Terminal Exportador do Guarujá (TEG);42;;GSA - E;1723;D016
32.0;224.9;7.2;12.7;1.0;5;0;;2;16;False;False;False;;84.75;1.75;;;4;Temrinal de Exportação de Açúcar do Guarujá (TEAG);37;;GSA - E;1724;D016
30.0;210.54;9.7;9.6;2.0;5;0;;2;16;False;False;False;;15.4;1.95;;;4;Santos Brasil;32;;CGC;1725;D016
32.0;225.0;13.34;14.2;1.0;5;30;;2;16;False;False;False;;7.17;1.83;;;4;T-Grão;46;;GSA - E;1726;D016
33.0;229.0;7.05;13.65;1.0;7;0;;2;16;False;False;False;;95.87;3.17;;;4;Autoridade - Out;5;;GSA - E;1727;D016
32.0;229.0;7.27;12.88;1.0;7;0;;2;16;False;False;False;;86.47;0;;;4;Autoridade - Ponta;6;;GSA - E;1728;D016
36.0;236.32;8.3;8.7;1.0;7;33;;2;16;False;False;True;;10.0;0.63;;;4;TEV;45;;CGNC;1729;D016
28.43;179.87;9.25;7.45;2.0;8;12;;2;16;False;False;False;;20.4;3.3;;;4;TUP - Tiplam - GL;55;;GL;1730;D016
48.0;300.0;12.2;14.4;2.0;9;30;;2;16;False;False;False;;21.18;2.32;;;4;BTP;9;;CGC;1731;D016
40.0;293.2;10.6;9.1;2.0;9;30;;2;16;False;False;False;;15.45;2.08;;;4;Santos Brasil;32;;CGC;1732;D016
32.0;229.0;8.9;13.11;1.0;9;45;;2;16;False;False;False;;47.1;2.75;;;4;T-Grão;46;;GSA - E;1733;D016
46.0;334.8;10.4;13.5;1.0;14;18;;2;16;False;False;False;;30.13;6.1;;;4;Santos Brasil;32;;CGC;1734;D016
32.0;229.0;7.4;13.39;1.0;15;6;;2;16;False;False;False;;87.17;0;;;4;T-Grão;46;;GSA - E;1735;D016
18.0;116.82;5.1;6.0;1.0;15;30;;2;16;False;False;False;;25.97;0;;;4;Ageo Terminais ;2;;GL;1736;D016
32.0;229.07;7.7;13.2;1.0;16;30;;2;16;False;False;False;;49.95;0;;;4;Autoridade - Ponta;6;;GSA - E;1737;D016
43.0;270.9;11.2;14.4;1.0;17;0;;2;16;False;False;False;;33.1;1.43;;;4;TUP - DPW - CGC;51;;CGC;1738;D016
33.0;201.8;10.0;13.7;1.0;17;10;;2;16;False;False;False;;67.48;6.68;;;4;TUP - DPW - CGNC;52;;CGNC;1739;D016
32.0;193.07;8.1;12.92;1.0;20;18;;2;16;False;False;False;;36.08;10.55;;;4;TUP - Tiplam - GSA - E;56;;GSA - E;1740;D016
38.0;249.97;11.55;13.65;2.0;20;35;;2;16;False;False;False;;13.35;1.7;;;4;BTP;9;;CGC;1741;D016
32.0;193.07;6.47;8.7;1.0;21;12;;2;16;False;False;False;;14.25;3.0;;;4;T-Grão;46;;GSA - E;1742;D016
18.0;85.34;4.8;4.95;1.0;21;20;;2;16;False;False;False;;39.0;0.17;;;4;TUP - Saipem;53;;CGNC;1743;D016
32.0;197.0;6.3;9.43;1.0;1;30;;3;17;False;False;False;;19.67;3.5;;;4;T-Grão;46;;GSA - E;1744;D016
25.0;182.47;9.2;9.1;2.0;3;0;;3;17;False;False;False;;22.7;2.27;;;4;Santos Brasil;32;;CGC;1745;D016
50.0;305.0;8.5;8.5;3.0;5;30;;3;17;False;True;False;;15.67;0;;;4;Concais;11;;PASSAGEIROS;1746;D016
36.0;210.0;9.8;9.2;2.0;6;0;;3;17;False;False;False;;103.5;0.1;;;4;Outros - Cais do Saboó;28;;CGNC;1747;D016
21.0;134.75;6.8;5.5;2.0;6;0;;3;17;False;False;False;;37.17;0;;;4;Ageo Terminais ;2;;GL;1748;D016
22.0;119.9;7.3;7.39;1.0;7;30;;3;17;False;False;False;;45.07;0;;;4;Ageo Terminais ;2;;GL;1749;D016
25.0;156.53;6.45;6.15;1.0;8;45;;3;17;False;False;False;;27.08;0;;;4;Outros - Píer da Alamoa;30;;GL;1750;D016
48.0;328.46;12.5;14.3;1.0;10;0;;3;17;False;False;False;;23.62;2.23;;;4;BTP;9;;CGC;1751;D016
24.0;145.0;6.1;6.2;1.0;14;0;;3;17;False;False;False;;48.53;0;;;4;Outros - Píer da Alamoa;30;;GL;1752;D016
32.0;199.9;7.3;12.8;1.0;16;30;;3;17;False;False;False;;55.37;0.12;;;4;Terminal Exportador do Guarujá (TEG);42;;GSA - E;1753;D016
43.0;270.9;11.2;9.5;2.0;17;0;;3;17;False;False;False;;8.4;8.9;;;4;Santos Brasil;32;;CGC;1754;D016
24.23;146.19;9.4;6.2;2.0;17;15;;3;17;False;False;False;;76.43;3.83;;;4;Adonai Química;1;;GL;1755;D016
33.0;201.8;8.3;13.4;1.0;22;24;;3;17;False;False;False;;94.25;2.02;;;4;TUP - DPW - CGNC;52;;CGNC;1756;D016
32.31;229.07;7.77;13.26;1.0;0;1;;4;18;False;False;False;;33.42;3.0;;;4;Terminal ADM do Brasil;39;;GSA - E;1757;D016
32.0;199.95;9.1;9.2;1.0;0;58;;4;18;False;False;True;;19.5;5.2;;;4;TEV;45;;CGNC;1758;D016
45.83;334.98;13.4;11.5;2.0;1;30;;4;18;False;False;False;;22.43;1.9;;;4;Santos Brasil;32;;CGC;1759;D016
44.0;323.0;8.5;8.6;3.0;5;0;;4;18;False;True;False;;11.83;0;;;4;Concais;11;;PASSAGEIROS;1760;D016
44.0;299.95;11.5;12.7;2.0;5;35;;4;18;False;False;False;;20.97;1.43;;;4;BTP;9;;CGC;1761;D016
40.0;303.83;13.3;11.7;2.0;7;0;;4;18;False;False;False;;28.67;2.43;;;4;TUP - DPW - CGC;51;;CGC;1762;D016
32.0;199.98;8.8;8.7;2.0;7;42;;4;18;False;False;True;;2.0;2.62;;;4;TEV;45;;CGNC;1763;D016
27.0;170.08;7.4;6.7;1.0;7;45;;4;18;False;False;False;;5.33;1.45;;;4;Santos Brasil;32;;CGC;1764;D016
40.0;228.0;8.0;11.7;1.0;8;30;;4;18;False;False;False;;34.6;1.18;;;4;Transpetro;47;;GL;1765;D016
32.0;213.88;8.6;8.4;1.0;10;0;;4;18;False;False;False;;10.02;1.45;;;4;BTP;9;;CGNC;1766;D016
32.0;225.0;7.7;13.5;1.0;10;0;;4;18;False;False;False;;132.55;1.78;;;4;Outros - Cais do Macuco;25;;CGNC;1767;D016
38.0;227.95;11.7;11.5;1.0;10;0;;4;18;False;False;False;;28.18;1.83;;;4;TUP - DPW - CGC;51;;CGC;1768;D016
37.0;229.0;7.7;13.05;1.0;12;0;;4;18;False;False;False;;74.92;0;;;4;T-Grão;46;;GSA - E;1769;D016
32.0;199.98;7.01;12.95;1.0;12;0;;4;18;False;False;False;;86.0;3.42;;;4;T-Grão;46;;GSA - E;1770;D016
26.0;170.0;7.24;9.65;1.0;12;0;;4;18;False;False;False;;39.1;11.47;;;4;TUP - Cutrale - GL;49;;GL;1771;D016
30.0;179.96;7.62;6.64;2.0;14;0;;4;18;False;False;False;;64.42;0;;;4;Outros - Cais do Macuco;25;;GSM - I;1772;D016
29.0;173.0;6.5;7.7;1.0;17;0;;4;18;False;False;False;;29.32;4.65;;;4;TUP - DPW - CGNC;52;;CGNC;1773;D016
32.0;183.06;8.5;9.3;1.0;17;0;;4;18;False;False;False;;52.8;0.82;;;4;Transpetro;47;;GL;1774;D016
45.0;299.9;10.0;10.2;2.0;19;40;;4;18;False;False;False;;18.25;4.33;;;4;Santos Brasil;32;;CGC;1775;D016
32.0;229.0;7.5;13.09;1.0;20;42;;4;18;False;False;False;;27.38;2.58;;;4;Terminal ADM do Brasil;39;;GSA - E;1776;D016
32.31;228.99;7.1;13.25;1.0;23;36;;4;18;False;False;False;;42.62;0;;;4;Outros - Cais da Ponta da Praia;23;;GSA - E;1777;D016
32.0;229.0;7.2;12.36;1.0;23;42;;4;18;False;False;False;;85.1;3.35;;;4;Terminal ADM do Brasil;39;;GSA - E;1778;D016
51.0;336.0;10.7;14.4;1.0;1;45;;5;19;False;False;False;;35.28;1.78;;;4;Santos Brasil;32;;CGNC;1779;D016
32.0;228.99;6.3;13.43;1.0;7;50;;5;19;False;False;False;;62.58;1.47;;;4;Terminal de Granéis do Guarujá (TGG);40;;GSA - E;1780;D016
32.0;228.99;7.32;13.21;1.0;9;48;;5;19;False;False;False;;125.58;3.32;;;4;Temrinal de Exportação de Açúcar do Guarujá (TEAG);37;;GSA - E;1781;D016
48.0;333.18;11.15;14.4;2.0;12;45;;5;19;False;False;False;;24.38;2.1;;;4;BTP;9;;CGC;1782;D016
40.0;304.16;11.4;10.0;2.0;14;15;;5;19;False;False;False;;9.37;6.23;;;4;Santos Brasil;32;;CGC;1783;D016
32.23;183.05;11.4;8.0;2.0;16;30;;5;19;False;False;False;;91.97;0.87;;;4;Ageo Terminais ;2;;GL;1784;D016
33.0;177.9;8.3;8.3;1.0;16;50;;5;19;False;False;False;;121.33;0.33;;;4;TUP - Saipem;53;;CGNC;1785;D016
33.0;224.89;7.88;12.57;1.0;17;0;;5;19;False;False;False;;63.83;3.42;;;4;T-Grão;46;;GSA - E;1786;D016
48.0;299.9;10.1;12.2;1.0;18;18;;5;19;False;False;False;;15.97;3.5;;;4;BTP;9;;CGC;1787;D016
48.0;328.46;11.4;14.4;1.0;20;18;;5;19;False;False;False;;43.8;3.0;;;4;BTP;9;;CGC;1788;D016
32.31;228.98;7.65;13.11;1.0;20;24;;5;19;False;False;False;;30.42;1.72;;;4;Terminal de Granéis do Guarujá (TGG);40;;GSA - E;1789;D016
40.0;272.08;11.1;13.7;1.0;21;6;;5;19;False;False;False;;26.68;4.2;;;4;BTP;9;;CGC;1790;D016
32.0;183.1;9.75;9.7;2.0;22;12;;5;19;False;False;False;;17.92;3.25;;;4;TUP - Terminal Marítimo Dow;54;;GL;1791;D016
32.0;183.09;7.0;9.5;1.0;23;0;;5;19;False;False;False;;44.0;1.6;;;4;Transpetro;47;;GL;1792;D016
32.0;210.96;8.6;8.7;2.0;0;30;;6;20;False;False;False;;17.68;1.77;;;4;BTP;9;;CGC;1793;D016
40.0;304.14;11.6;13.9;1.0;2;36;;6;20;False;False;False;;8.42;1.37;;;4;TUP - DPW - CGC;51;;CGC;1794;D016
50.0;305.0;8.6;8.6;3.0;6;0;;6;20;False;True;False;;12.17;0;;;4;Concais;11;;PASSAGEIROS;1795;D016
40.0;299.97;13.4;12.0;2.0;6;30;;6;20;False;False;False;;23.78;2.33;;;4;Santos Brasil;32;;CGC;1796;D016
32.0;229.0;7.2;13.11;1.0;9;24;;6;20;False;False;False;;62.33;0;;;4;T-Grão;46;;GSA - E;1797;D016
42.0;320.58;11.6;10.1;2.0;10;12;;6;20;False;False;False;;28.08;1.85;;;4;TUP - DPW - CGC;51;;CGC;1798;D016
32.0;228.19;10.0;7.7;2.0;11;0;;6;20;False;False;False;;120.17;7.67;;;4;Ultracargo;59;;GL;1799;D016
35.0;185.96;8.1;8.6;2.0;15;30;;6;20;False;False;False;;23.95;2.62;;;4;Santos Brasil;32;;CGC;1800;D016
21.0;134.75;5.5;7.3;1.0;15;45;;6;20;False;False;False;;49.7;0;;;4;Outros - Píer da Alamoa;30;;GL;1801;D016
48.0;333.2;14.4;12.2;2.0;16;30;;6;20;False;False;False;;28.98;2.93;;;4;TUP - DPW - CGC;51;;CGC;1802;D016
30.0;179.97;10.57;5.53;2.0;17;30;;6;20;False;False;False;;117.42;0;;;4;Outros - Cais do Saboó;28;;GL;1803;D016
32.0;294.0;11.0;9.6;2.0;20;0;;6;20;False;False;False;;12.97;1.72;;;4;TUP - DPW - CGC;51;;CGC;1804;D016
26.0;170.0;9.7;9.3;2.0;21;0;;6;20;False;False;False;;48.17;0;;;4;Ageo Terminais ;2;;GL;1805;D016
36.0;200.0;9.8;11.6;2.0;21;15;;6;20;False;False;False;;23.47;3.2;;;4;Santos Brasil;32;;CGC;1806;D016
32.0;229.0;7.64;13.26;1.0;22;0;;6;20;False;False;False;;74.92;0;;;4;T-Grão;46;;GSA - E;1807;D016
32.0;199.94;7.04;12.52;1.0;23;0;;6;20;False;False;False;;176.82;2.4;;;4;Outros - Cais da Ponta da Praia;23;;GSA - E;1808;D016
32.0;204.36;11.3;12.82;1.0;23;30;;6;20;False;False;False;;26.88;1.9;;;4;TUP - DPW - CGNC;52;;CGNC;1809;D016
32.0;229.0;7.3;13.45;1.0;0;30;;0;21;False;False;False;;61.07;1.5;;;4;Terminal de Granéis do Guarujá (TGG);40;;GSA - E;1810;D016
34.0;223.91;9.0;8.4;2.0;9;0;;0;21;False;False;False;;7.65;2.18;;;4;Santos Brasil;32;;CGC;1811;D016
32.0;183.1;9.7;8.0;2.0;12;0;;0;21;False;False;False;;92.08;0;;;4;Outros - Píer da Alamoa;30;;GL;1812;D016
32.0;225.0;9.4;10.5;1.0;12;0;;0;21;False;False;False;;20.27;5.75;;;4;Outros - Cais do Macuco;25;;CGNC;1813;D016
32.0;229.07;7.45;13.31;1.0;12;12;;0;21;False;False;False;;45.42;3.0;;;4;T-Grão;46;;GSA - E;1814;D016
51.0;335.0;12.0;14.5;1.0;12;48;;0;21;False;False;False;;25.53;2.47;;;4;Santos Brasil;32;;CGC;1815;D016
19.0;88.9;5.6;5.9;1.0;13;5;;0;21;False;False;False;;60.42;0.17;;;4;TUP - Saipem;53;;CGNC;1816;D016
26.6;170.0;9.1;6.7;2.0;13;6;;0;21;False;False;False;;38.67;2.75;;;4;Ultracargo;59;;GL;1817;D016
23.0;164.34;6.5;6.6;2.0;14;0;;0;21;False;False;False;;16.25;2.48;;;4;TUP - Terminal Marítimo Dow;54;;GL;1818;D016
35.0;228.41;8.7;12.79;1.0;16;0;;0;21;False;False;False;;25.47;1.95;;;4;Autoridade - Out;5;;GSA - E;1819;D016
48.0;333.2;9.9;11.1;1.0;16;6;;0;21;False;False;False;;32.4;2.2;;;4;TUP - DPW - CGC;51;;CGC;1820;D016
31.0;199.2;11.2;11.9;1.0;16;30;;0;21;False;False;False;;6.32;2.38;;;4;TUP - DPW - CGNC;52;;CGNC;1821;D016
40.0;304.16;12.6;13.4;2.0;19;0;;0;21;False;False;False;;18.77;2.32;;;4;BTP;9;;CGC;1822;D016
27.4;183.98;7.4;9.47;1.0;19;48;;0;21;False;False;False;;29.6;1.1;;;4;Transpetro;47;;GL;1823;D016
32.0;183.0;9.5;8.5;2.0;22;30;;0;21;False;False;False;;26.6;2.2;;;4;TUP - Terminal Marítimo Dow;54;;GL;1824;D016
40.0;303.83;11.7;11.9;1.0;22;48;;0;21;False;False;False;;14.62;2.22;;;4;TUP - DPW - CGC;51;;CGC;1825;D016
51.0;336.0;13.2;10.8;2.0;4;36;;1;22;False;False;False;;15.15;10.93;;;4;Santos Brasil;32;;CGC;1826;D016
32.0;260.05;11.44;9.7;2.0;5;37;;1;22;False;False;False;;7.0;2.42;;;4;Santos Brasil;32;;CGC;1827;D016
32.0;224.95;7.43;12.61;1.0;6;30;;1;22;False;False;False;;45.75;2.75;;;4;T-Grão;46;;GSA - E;1828;D016
30.0;218.45;9.5;9.6;2.0;7;0;;1;22;False;False;False;;13.37;2.5;;;4;Santos Brasil;32;;CGC;1829;D016
30.0;208.85;11.6;11.3;2.0;8;0;;1;22;False;False;False;;7.12;1.83;;;4;Santos Brasil;32;;CGC;1830;D016
32.0;229.0;7.78;13.06;1.0;9;30;;1;22;False;False;False;;107.1;6.33;;;4;Outros - Cais do Paquetá;27;;GSA - E;1831;D016
24.23;145.26;6.2;8.2;1.0;9;45;;1;22;False;False;False;;83.75;0;;;4;Adonai Química;1;;GL;1832;D016
32.0;225.0;7.5;13.05;1.0;10;35;;1;22;False;False;False;;62.25;1.92;;;4;TUP - Tiplam - GSA - E;56;;GSA - E;1833;D016
33.0;201.8;12.8;13.0;1.0;11;15;;1;22;False;False;False;;25.72;0.05;;;4;Outros - Cais do Macuco;25;;CGNC;1834;D016
42.0;300.07;11.8;12.9;2.0;11;18;;1;22;False;False;False;;28.17;2.28;;;4;BTP;9;;CGC;1835;D016
32.0;182.88;7.0;10.2;1.0;13;0;;1;22;False;False;False;;48.0;1.42;;;4;Transpetro;47;;GL;1836;D016
48.0;299.89;13.7;12.0;2.0;14;54;;1;22;False;False;False;;15.72;2.18;;;4;BTP;9;;CGC;1837;D016
32.3;199.97;7.45;13.16;1.0;18;12;;1;22;False;False;False;;82.75;0.78;;;4;Temrinal de Exportação de Açúcar do Guarujá (TEAG);37;;GSA - E;1838;D016
24.0;145.0;7.5;7.2;2.0;19;28;;1;22;False;False;False;;56.62;4.67;;;4;Outros - Cais do Outeirinhos;26;;GSM - I;1839;D016
26.0;170.0;7.5;7.2;2.0;22;20;;1;22;False;False;False;;46.25;0;;;4;Outros - Píer da Alamoa;30;;GL;1840;D016
28.0;172.04;7.7;6.8;2.0;23;0;;1;22;False;False;False;;15.9;2.25;;;4;BTP;9;;CGC;1841;D016
40.0;272.05;10.0;8.9;2.0;23;30;;1;22;False;False;False;;18.22;1.02;;;4;TUP - DPW - CGC;51;;CGC;1842;D016
48.0;299.18;10.7;9.8;2.0;23;38;;1;22;False;False;False;;9.45;1.77;;;4;Santos Brasil;32;;CGC;1843;D016
32.3;229.0;6.96;13.21;1.0;23;42;;1;22;False;False;False;;40.67;2.8;;;4;Terminal ADM do Brasil;39;;GSA - E;1844;D016
32.31;229.0;7.32;13.28;1.0;1;8;;2;23;False;False;False;;81.5;2.42;;;4;T-Grão;46;;GSA - E;1845;D016
43.0;270.9;11.5;13.7;2.0;1;12;;2;23;False;False;False;;25.27;7.23;;;4;Santos Brasil;32;;CGNC;1846;D016
28.0;179.9;10.4;5.68;2.0;1;53;;2;23;False;False;False;;148.67;7.08;;;4;Bracell;8;;GSA - I;1847;D016
32.0;194.87;9.5;9.95;2.0;5;0;;2;23;False;False;False;;16.08;2.35;;;4;Santos Brasil;32;;CGC;1848;D016
32.0;225.0;9.3;13.9;1.0;6;48;;2;23;False;False;False;;46.18;2.78;;;4;TUP - DPW - CGNC;52;;CGNC;1849;D016
32.0;179.9;7.3;9.1;1.0;8;24;;2;23;False;False;False;;21.5;1.25;;;4;Transpetro;47;;GL;1850;D016
48.0;299.98;11.7;13.4;1.0;8;48;;2;23;False;False;False;;15.18;2.1;;;4;BTP;9;;CGC;1851;D016
28.0;179.02;6.3;6.13;2.0;12;0;;2;23;False;False;False;;82.67;0;;;4;Outros - Cais do Macuco;25;;GSM - I;1852;D016
32.0;201.8;9.58;10.6;1.0;12;36;;2;23;False;False;False;;59.08;2.08;;;4;Outros - Libra Terminais;29;;CGNC;1853;D016
28.0;175.1;8.5;8.0;1.0;13;0;;2;23;False;False;False;;14.48;2.55;;;4;BTP;9;;CGC;1854;D016
24.0;189.98;10.45;7.67;2.0;13;0;;2;23;False;False;False;;150.0;0;;;4;Outros - Cais do Saboó;28;;GSM - I;1855;D016
26.0;158.83;7.1;10.85;1.0;13;30;;2;23;False;False;False;;76.53;0.42;;;4;Ageo Terminais ;2;;GL;1856;D016
30.08;179.9;10.02;6.61;2.0;14;0;;2;23;False;False;False;;281.15;0.57;;;4;Bracell;8;;GSA - I;1857;D016
30.0;179.93;9.5;7.63;2.0;15;0;;2;23;False;False;False;;60.83;0.92;;;4;Outros - Cais do Saboó;28;;GL;1858;D016
32.0;189.99;8.71;6.44;2.0;16;54;;2;23;False;False;False;;133.83;3.5;;;4;TUP - Usiminas;58;;CGNC;1859;D016
32.0;229.0;7.3;13.1;1.0;17;18;;2;23;False;False;False;;43.25;3.02;;;4;TUP - Tiplam - GSA - E;56;;GSA - E;1860;D016
38.0;255.4;13.18;11.8;2.0;17;36;;2;23;False;False;False;;27.17;1.82;;;4;TUP - DPW - CGC;51;;CGC;1861;D016
32.0;183.2;11.4;9.2;2.0;17;48;;2;23;False;False;False;;118.75;0;;;4;Outros - Píer da Alamoa;30;;GL;1862;D016
33.0;229.0;8.7;13.53;1.0;18;0;;2;23;False;False;False;;81.43;3.02;;;4;TUP - Cutrale - GSA - E;50;;GSA - E;1863;D016
32.0;199.9;10.77;11.5;1.0;19;18;;2;23;False;False;False;;83.1;2.67;;;4;TUP - DPW - CGNC;52;;CGNC;1864;D016
37.0;255.0;9.7;9.6;2.0;20;36;;2;23;False;False;False;;7.25;2.15;;;4;TUP - DPW - CGC;51;;CGC;1865;D016
32.0;189.94;8.11;6.54;2.0;21;1;;2;23;False;False;False;;102.63;31.52;;;4;TUP - Tiplam - GSM - I;57;;GSM - I;1866;D016
25.0;182.47;8.8;9.0;1.0;23;30;;2;23;False;False;False;;26.13;2.78;;;4;Santos Brasil;32;;CGC;1867;D016
37.0;210.0;7.73;12.05;1.0;3;0;;3;24;False;False;False;;46.53;0;;;4;Autoridade - Ponta;6;;GSA - E;1868;D016
32.0;180.0;7.9;8.7;1.0;7;0;;3;24;False;False;True;;30.0;3.83;;;4;TEV;45;;CGNC;1869;D016
33.0;189.94;8.95;6.83;2.0;9;0;;3;24;False;False;False;;116.5;9.0;;;4;Bracell;8;;GSA - I;1870;D016
18.0;85.34;4.6;4.9;1.0;9;5;;3;24;False;False;False;;40.5;0.08;;;4;TUP - Saipem;53;;CGNC;1871;D016
27.7;174.38;8.1;6.5;2.0;9;36;;3;24;False;False;False;;27.25;0;;;4;Outros - Píer da Alamoa;30;;GL;1872;D016
36.0;236.3;8.3;8.3;1.0;10;30;;3;24;False;False;False;;37.87;1.77;;;4;Autoridade - Saboo;7;;CGC;1873;D016
45.0;299.9;10.95;13.75;1.0;10;54;;3;24;False;False;False;;19.63;2.17;;;4;BTP;9;;CGC;1874;D016
30.0;222.14;9.2;8.7;2.0;12;0;;3;24;False;False;False;;11.98;3.52;;;4;Santos Brasil;32;;CGC;1875;D016
32.0;228.97;7.2;13.16;1.0;13;0;;3;24;False;False;False;;84.63;3.28;;;4;TUP - Tiplam - GSA - E;56;;GSA - E;1876;D016
18.0;116.82;5.2;5.9;1.0;15;15;;3;24;False;False;False;;21.95;0.5;;;4;Ageo Terminais ;2;;GL;1877;D016
32.3;229.0;7.49;13.13;1.0;16;0;;3;24;False;False;False;;58.03;2.67;;;4;TUP - Tiplam - GSA - E;56;;GSA - E;1878;D016
32.0;199.99;8.33;9.12;1.0;17;50;;3;24;False;False;True;;41.0;1.08;;;4;TEV;45;;CGNC;1879;D016
32.0;228.99;7.3;13.36;1.0;23;24;;3;24;False;False;False;;55.87;1.83;;;4;Autoridade - Out;5;;GSA - E;1880;D016
32.0;229.0;7.0;13.28;1.0;0;1;;4;25;False;False;False;;88.67;3.13;;;4;Terminal ADM do Brasil;39;;GSA - E;1881;D016
32.0;183.06;7.15;7.5;2.0;0;6;;4;25;False;False;False;;15.25;14.42;;;4;Adonai Química;1;;GL;1882;D016
48.0;299.9;13.15;11.3;2.0;0;24;;4;25;False;False;False;;15.97;1.72;;;4;Santos Brasil;32;;CGC;1883;D016
33.0;201.8;11.1;12.6;1.0;1;18;;4;25;False;False;False;;34.82;0.08;;;4;Outros - Cais do Macuco;25;;CGNC;1884;D016
32.0;199.0;8.8;10.0;1.0;1;30;;4;25;False;False;True;;17.0;1.2;;;4;TEV;45;;CGNC;1885;D016
40.0;182.9;7.5;12.2;1.0;2;18;;4;25;False;False;False;;56.9;1.25;;;4;Transpetro;47;;GL;1886;D016
32.0;183.0;12.2;9.4;2.0;6;0;;4;25;False;False;False;;58.8;0.9;;;4;Ageo Terminais ;2;;GL;1887;D016
32.31;228.99;12.2;9.4;1.0;6;42;;4;25;False;False;False;;32.17;1.5;;;4;Terminal de Granéis do Guarujá (TGG);40;;GSA - E;1888;D016
38.0;229.2;8.0;14.1;1.0;8;0;;4;25;False;False;False;;50.58;0.92;;;4;T-Grão;46;;GSA - E;1889;D016
24.0;145.0;8.8;8.9;2.0;8;0;;4;25;False;False;False;;15.92;7.38;;;4;Adonai Química;1;;GL;1890;D016
15.87;132.2;4.2;4.4;1.0;8;0;;4;25;False;False;False;;0.02;5.5;;;4;Autoridade - Saboo;7;;CGNC;1891;D016
37.0;228.0;10.4;10.4;1.0;8;47;;4;25;False;False;False;;22.48;1.4;;;4;TUP - DPW - CGC;51;;CGC;1892;D016
32.0;201.8;7.5;13.3;1.0;10;6;;4;25;False;False;False;;117.68;2.42;;;4;Outros - Cais do Macuco;25;;CGNC;1893;D016
32.0;228.99;7.5;7.2;2.0;11;24;;4;25;False;False;False;;45.33;6.28;;;4;Outros - Cais do Outeirinhos;26;;GSM - I;1894;D016
32.0;228.99;10.18;7.15;2.0;11;24;;4;25;False;False;False;;79.32;3.47;;;4;TUP - Tiplam - GSM - I;57;;GSM - I;1895;D016
21.0;139.95;7.5;7.2;2.0;18;46;;4;25;False;False;False;;47.25;1.42;;;4;Ageo Terminais ;2;;GL;1896;D016
32.0;228.99;9.55;12.84;1.0;19;12;;4;25;False;False;False;;14.83;2.82;;;4;Terminal ADM do Brasil;39;;GSA - E;1897;D016
32.0;263.23;11.0;11.9;1.0;23;0;;4;25;False;False;False;;8.02;1.95;;;4;TUP - DPW - CGC;51;;CGC;1898;D016
32.0;183.1;9.7;7.85;1.0;0;1;;5;26;False;False;False;;40.83;0.42;;;4;Ageo Terminais ;2;;GL;1899;D016
37.0;228.0;10.0;10.4;1.0;2;26;;5;26;False;False;False;;13.67;1.7;;;4;BTP;9;;CGNC;1900;D016
48.0;330.0;14.3;12.0;2.0;2;32;;5;26;False;False;False;;11.15;2.23;;;4;Santos Brasil;32;;CGC;1901;D016
48.0;299.9;13.4;11.1;2.0;6;30;;5;26;False;False;False;;22.2;1.85;;;4;Outros - Cais da Santos Brasil;24;;CGC;1902;D016
48.0;333.2;12.6;11.05;2.0;12;0;;5;26;False;False;False;;20.03;2.08;;;4;BTP;9;;CGC;1903;D016
32.0;199.97;8.5;9.3;1.0;13;24;;5;26;False;False;True;;18.4;0.95;;;4;TEV;45;;RORO ;1904;D016
30.0;179.97;9.1;6.35;2.0;13;30;;5;26;False;False;False;;150.25;0;;;4;Outros - Cais do Macuco;25;;GSM - I;1905;D016
32.31;199.95;7.0;12.91;1.0;14;12;;5;26;False;False;False;;58.22;0;;;4;Autoridade - Ponta;6;;GSA - E;1906;D016
45.0;299.9;11.6;14.1;2.0;14;30;;5;26;False;False;False;;24.88;1.58;;;4;BTP;9;;CGC;1907;D016
40.0;272.05;12.0;13.5;2.0;19;35;;5;26;False;False;False;;12.23;2.45;;;4;BTP;9;;CGC;1908;D016
32.0;294.03;10.1;12.2;2.0;22;45;;5;26;False;False;False;;16.08;11.13;;;4;Santos Brasil;32;;CGC;1909;D016
32.0;199.98;9.4;13.32;1.0;0;1;;6;27;False;False;False;;23.25;4.77;;;4;TUP - Tiplam - GSA - E;56;;GSA - E;1910;D016
32.0;199.98;6.05;9.4;1.0;0;1;;6;27;False;False;False;;17.83;3.92;;;4;T-Grão;46;;GSA - E;1911;D016
42.0;322.97;12.6;14.5;2.0;3;24;;6;27;False;False;False;;17.8;2.23;;;4;BTP;9;;CGC;1912;D016
32.0;183.06;7.3;10.4;1.0;4;30;;6;27;False;False;False;;19.2;1.05;;;4;Transpetro;47;;GL;1913;D016
48.43;333.95;14.3;11.45;2.0;6;42;;6;27;False;False;False;;21.43;1.6;;;4;TUP - DPW - CGC;51;;CGC;1914;D016
32.0;189.97;6.33;12.03;1.0;7;0;;6;27;False;False;False;;51.4;0;;;4;Autoridade - Out;5;;GSA - E;1915;D016
32.0;183.0;8.5;8.5;2.0;8;30;;6;27;False;False;False;;34.92;0;;;4;Outros - Píer da Alamoa;30;;GL;1916;D016
35.0;223.98;8.8;8.5;2.0;11;17;;6;27;False;False;False;;7.82;7.17;;;4;Santos Brasil;32;;CGC;1917;D016
36.0;209.99;8.2;10.0;1.0;12;0;;6;27;False;False;False;;23.92;4.17;;;4;Autoridade - Macuco;4;;CGNC;1918;D016
32.0;229.0;7.37;7.88;1.0;15;42;;6;27;False;False;False;;20.25;3.1;;;4;TUP - Tiplam - GSA - E;56;;GSA - E;1919;D016
37.0;228.0;10.1;11.0;2.0;16;0;;6;27;False;False;False;;19.93;8.05;;;4;Santos Brasil;32;;CGC;1920;D016
40.0;305.6;11.4;10.0;2.0;18;0;;6;27;False;False;False;;15.45;2.3;;;4;TUP - DPW - CGC;51;;CGC;1921;D016
48.0;330.0;12.6;14.5;1.0;18;30;;6;27;False;False;False;;34.28;2.4;;;4;BTP;9;;CGC;1922;D016
35.0;199.91;9.1;8.6;2.0;19;0;;6;27;False;False;False;;11.85;1.28;;;4;Santos Brasil;32;;CGC;1923;D016
32.0;228.99;7.3;13.53;1.0;19;48;;6;27;False;False;False;;75.12;0.87;;;4;TUP - Cutrale - GSA - E;50;;GSA - E;1924;D016
32.31;199.9;7.73;12.85;1.0;22;30;;6;27;False;False;False;;75.83;2.4;;;4;TUP - Tiplam - GSA - E;56;;GSA - E;1925;D016
26.0;170.0;7.6;8.2;1.0;22;52;;6;27;False;False;False;;48.5;0.58;;;4;Ageo Terminais ;2;;GL;1926;D016
32.0;198.0;7.5;7.2;2.0;2;12;;0;28;False;False;False;;45.93;3.0;;;4;Outros - Cais do Outeirinhos;26;;GSM - I;1927;D016
43.0;324.85;7.5;7.2;1.0;3;1;;0;28;False;False;False;;20.4;1.65;;;4;BTP;9;;CGC;1928;D016
32.0;183.0;10.4;9.9;2.0;4;54;;0;28;False;False;False;;34.67;0;;;4;Ageo Terminais ;2;;GL;1929;D016
9.0;210.54;8.1;7.9;2.0;5;0;;0;28;False;False;False;;9.68;2.5;;;4;Santos Brasil;32;;CGC;1930;D016
25.0;156.53;10.0;9.1;2.0;5;18;;0;28;False;False;False;;79.67;0;;;4;Adonai Química;1;;GL;1931;D016
36.0;236.3;8.3;8.4;1.0;6;13;;0;28;False;False;True;;8.67;0.95;;;4;TEV;45;;CGNC;1932;D016
48.0;299.98;10.9;13.1;1.0;6;20;;0;28;False;False;False;;19.68;2.62;;;4;BTP;9;;CGC;1933;D016
38.0;255.17;10.2;13.0;2.0;7;30;;0;28;False;False;False;;17.83;1.92;;;4;BTP;9;;CGC;1934;D016
43.0;254.95;8.8;13.0;1.0;7;30;;0;28;False;False;False;;104.18;0;;;4;Outros - Cais da Ponta da Praia;23;;GSA - E;1935;D016
32.0;229.0;7.56;13.33;1.0;10;0;;0;28;False;False;False;;35.08;1.58;;;4;Terminal de Granéis do Guarujá (TGG);40;;GSA - E;1936;D016
36.0;209.99;10.0;13.5;1.0;10;30;;0;28;False;False;False;;101.22;1.78;;;4;TUP - DPW - CGNC;52;;CGNC;1937;D016
32.25;208.78;8.25;12.1;1.0;12;0;;0;28;False;False;False;;38.18;1.88;;;4;TUP - DPW - CGNC;52;;CGNC;1938;D016
48.0;330.0;14.4;12.2;2.0;12;0;;0;28;False;False;False;;18.93;1.52;;;4;BTP;9;;CGC;1939;D016
32.0;199.86;7.2;12.83;1.0;13;0;;0;28;False;False;False;;59.5;0.5;;;4;Terminal Exportador do Guarujá (TEG);42;;GSA - E;1940;D016
32.0;261.09;9.5;10.0;2.0;16;0;;0;28;False;False;False;;4.77;6.02;;;4;Santos Brasil;32;;CGC;1941;D016
32.23;183.05;8.0;8.0;2.0;17;45;;0;28;False;False;False;;46.33;0;;;4;Ageo Terminais ;2;;GL;1942;D016
30.0;179.97;9.7;6.2;2.0;20;0;;0;28;False;False;False;;102.52;4.47;;;4;TUP - Usiminas;58;;CGNC;1943;D016
32.0;229.0;9.1;13.26;1.0;22;0;;0;28;False;False;False;;62.42;2.58;;;4;T-Grão;46;;GSA - E;1944;D016
28.0;172.0;8.0;7.8;2.0;22;12;;0;28;False;False;False;;7.35;3.53;;;4;BTP;9;;CGC;1945;D016
45.0;299.9;12.7;14.4;3.0;23;0;;0;28;False;False;False;;31.97;2.05;;;4;TUP - DPW - CGC;51;;CGC;1946;D016
27.0;172.07;7.8;7.8;2.0;0;18;;1;29;False;False;False;;15.33;3.68;;;4;Outros - Cais da Ecoporto;21;;CGC;1947;D016
30.0;179.9;9.85;7.2;2.0;0;30;;1;29;False;False;False;;119.67;2.77;;;4;TUP - Tiplam - GSM - I;57;;GSM - I;1948;D016
32.0;199.97;8.3;9.4;1.0;1;30;;1;29;False;False;True;;32.0;0.92;;;4;TEV;45;;CGNC;1949;D016
51.0;335.9;13.3;11.1;2.0;6;0;;1;29;False;False;False;;15.08;1.85;;;4;Santos Brasil;32;;CGC;1950;D016
24.23;145.26;8.2;10.1;1.0;6;15;;1;29;False;False;False;;44.92;0;;;4;Stolthaven;33;;GL;1951;D016
32.0;228.99;7.1;13.22;1.0;7;0;;1;29;False;False;False;;32.03;2.6;;;4;Terminal ADM do Brasil;39;;GSA - E;1952;D016
32.0;199.98;8.0;8.7;1.0;7;30;;1;29;False;False;True;;7.0;0.67;;;4;TEV;45;;CGNC;1953;D016
32.0;199.9;7.0;7.6;1.0;8;0;;1;29;False;False;False;;11.75;3.25;;;4;TUP - Tiplam - GSA - E;56;;GSA - E;1954;D016
32.0;229.0;6.95;12.93;1.0;9;18;;1;29;False;False;False;;54.47;0;;;4;Autoridade - Ponta;6;;GSA - E;1955;D016
24.0;144.09;7.55;6.3;2.0;9;18;;1;29;False;False;False;;40.7;0.72;;;4;Ageo Terminais ;2;;GL;1956;D016
32.37;189.9;7.17;12.89;1.0;10;12;;1;29;False;False;False;;38.53;3.0;;;4;Terminal Exportador do Guarujá (TEG);42;;GSA - E;1957;D016
31.0;212.54;10.7;10.6;2.0;10;50;;1;29;False;False;False;;22.53;1.42;;;4;Santos Brasil;32;;CGC;1958;D016
28.0;181.72;7.7;7.3;2.0;13;35;;1;29;False;False;False;;11.42;2.13;;;4;Santos Brasil;32;;CGC;1959;D016
32.0;181.54;7.5;9.1;1.0;16;48;;1;29;False;False;False;;26.6;2.45;;;4;Transpetro;47;;GL;1960;D016
27.0;183.0;7.5;8.6;1.0;18;0;;1;29;False;False;False;;27.2;2.1;;;4;Transpetro;47;;GL;1961;D016
32.0;225.0;7.0;13.22;1.0;18;35;;1;29;False;False;False;;95.83;0;;;4;T-Grão;46;;GSA - E;1962;D016
37.0;256.07;11.2;9.3;2.0;21;30;;1;29;False;False;False;;28.0;3.23;;;4;TUP - DPW - CGC;51;;CGC;1963;D016
32.0;189.94;6.54;12.52;1.0;23;0;;1;29;False;False;False;;53.33;0;;;4;Outros - Cais da Ponta da Praia;23;;GSA - E;1964;D016
32.06;179.98;10.2;8.75;2.0;23;0;;1;29;False;False;False;;60.67;0;;;4;Outros - Cais do Saboó;28;;GSM - I;1965;D016
48.0;299.96;10.1;9.7;2.0;23;0;;1;29;False;False;False;;5.8;2.53;;;4;Santos Brasil;32;;CGC;1966;D016
30.0;180.0;5.94;9.76;1.0;0;1;;2;30;False;False;False;;57.72;0;;;4;Autoridade - Out;5;;GSA - E;1967;D016
32.0;182.68;11.6;7.7;2.0;5;36;;2;30;False;False;False;;90.3;0.78;;;4;Ageo Terminais ;2;;GL;1968;D016
32.0;201.8;9.25;13.4;1.0;5;36;;2;30;False;False;False;;38.17;0;;;4;Outros - Cais do Macuco;25;;CGNC;1969;D016
32.0;189.99;6.44;11.4;1.0;8;26;;2;30;False;False;False;;29.0;3.17;;;4;T-Grão;46;;GSA - E;1970;D016
32.0;199.94;8.1;9.5;1.0;9;54;;2;30;False;False;True;;17.67;1.68;;;4;TEV;45;;RORO ;1971;D016
43.0;299.9;9.8;9.8;2.0;10;0;;2;30;False;False;False;;17.82;2.28;;;4;BTP;9;;CGC;1972;D016
32.0;213.88;8.4;9.4;1.0;10;0;;2;30;False;False;False;;31.42;5.75;;;4;BTP;9;;CGNC;1973;D016
30.04;179.9;9.9;7.0;2.0;11;30;;2;30;False;False;False;;103.28;1.87;;;4;TUP - Tiplam - GSM - I;57;;GSM - I;1974;D016
20.0;119.8;5.7;6.3;1.0;14;6;;2;30;False;False;False;;3.93;2.5;;;4;Autoridade - Saboo;7;;CGC;1975;D016
32.31;225.0;7.2;12.9;1.0;15;45;;2;30;False;False;False;;31.25;1.33;;;4;Terminal de Granéis do Guarujá (TGG);40;;GSA - E;1976;D016
32.0;199.92;8.45;6.73;2.0;17;12;;2;30;False;False;False;;50.72;2.32;;;4;TUP - Tiplam - GSM - I;57;;GSM - I;1977;D016
35.0;228.42;9.0;10.82;1.0;17;30;;2;30;False;False;False;;58.9;1.92;;;4;TUP - Tiplam - GSA - E;56;;GSA - E;1978;D016
32.0;199.92;7.5;7.2;2.0;18;0;;2;30;False;False;False;;59.02;2.07;;;4;Outros - Cais do Outeirinhos;26;;GSM - I;1979;D016
32.31;229.0;7.5;7.2;1.0;18;18;;2;30;False;False;False;;53.42;3.38;;;4;TUP - Tiplam - GSA - E;56;;GSA - E;1980;D016
29.43;178.41;9.07;7.13;2.0;18;28;;2;30;False;False;False;;77.75;3.27;;;4;TUP - Tiplam - GSM - I;57;;GSM - I;1981;D016
24.0;189.98;7.67;7.15;2.0;18;30;;2;30;False;False;False;;18.75;2.5;;;4;Outros - Cais do Outeirinhos;26;;GSM - I;1982;D016
37.0;254.73;9.5;8.9;2.0;22;54;;2;30;False;False;False;;11.17;2.4;;;4;TUP - DPW - CGC;51;;CGC;1983;D016
23.0;161.12;8.3;7.3;2.0;23;24;;2;30;False;False;False;;36.7;0;;;4;Ageo Terminais ;2;;GL;1984;D016
33.0;225.0;7.08;12.98;1.0;23;30;;2;30;False;False;False;;39.55;3.02;;;4;Terminal de Granéis do Guarujá (TGG);40;;GSA - E;1985;D016
25.0;182.47;9.1;7.7;1.0;0;30;;3;1;False;False;False;;10.4;1.8;;;5;Santos Brasil;32;;CGC;1986;D016
48.0;299.98;11.5;8.5;2.0;1;12;;3;1;False;False;False;;25.32;2.15;;;5;BTP;9;;CGC;1987;D016
32.0;243.0;10.0;11.3;2.0;2;30;;3;1;False;False;False;;16.62;13.67;;;5;Santos Brasil;32;;CGC;1988;D016
35.0;228.95;7.39;13.9;1.0;7;0;;3;1;False;False;False;;54.67;3.33;;;5;T-Grão;46;;GSA - E;1989;D016
32.0;225.0;7.3;8.61;1.0;8;0;;3;1;False;False;False;;35.82;17.75;;;5;TUP - Tiplam - GSA - E;56;;GSA - E;1990;D016
30.0;179.9;9.6;6.7;2.0;8;30;;3;1;False;False;False;;94.17;0;;;5;Outros - Cais do Saboó;28;;GSM - I;1991;D016
27.0;179.53;7.7;9.3;1.0;9;0;;3;1;False;False;False;;94.67;0;;;5;Outros - Píer da Alamoa;30;;GL;1992;D016
44.0;332.58;12.4;10.8;2.0;9;0;;3;1;False;False;False;;12.72;2.12;;;5;Santos Brasil;32;;CGNC;1993;D016
23.0;164.34;7.3;6.7;2.0;11;0;;3;1;False;False;False;;16.5;3.33;;;5;TUP - Terminal Marítimo Dow;54;;GL;1994;D016
32.0;229.0;7.3;13.33;1.0;14;30;;3;1;False;False;False;;72.33;3.43;;;5;Outros - Cais do Paquetá;27;;GSA - E;1995;D016
32.0;224.9;7.0;9.52;1.0;16;0;;3;1;False;False;False;;48.75;8.28;;;5;TUP - Tiplam - GSA - E;56;;GSA - E;1996;D016
32.0;263.23;11.7;9.9;2.0;16;24;;3;1;False;False;False;;15.78;6.18;;;5;TUP - DPW - CGC;51;;CGC;1997;D016
32.0;201.8;10.65;12.82;1.0;18;20;;3;1;False;False;False;;28.43;0.67;;;5;Outros - Cais do Macuco;25;;CGNC;1998;D016
40.0;276.2;12.3;11.4;2.0;20;0;;3;1;False;False;False;;20.08;1.2;;;5;TUP - DPW - CGC;51;;CGC;1999;D016
32.0;229.0;7.45;13.45;1.0;20;12;;3;1;False;False;False;;65.03;5.3;;;5;Autoridade - Out;5;;GSA - E;2000;D016
48.0;299.9;11.9;14.0;1.0;23;54;;3;1;False;False;False;;18.07;1.6;;;5;BTP;9;;CGC;2001;D016
37.0;227.92;11.1;10.9;1.0;6;30;;4;2;False;False;False;;34.02;1.7;;;5;TUP - DPW - CGC;51;;CGC;2002;D016
30.0;179.97;10.29;9.38;2.0;11;0;;4;2;False;False;False;;266.83;0;;;5;Outros - Cais do Macuco;25;;GSM - I;2003;D016
32.0;243.0;11.3;11.1;1.0;13;12;;4;2;False;False;False;;8.77;2.78;;;5;TUP - DPW - CGC;51;;CGC;2004;D016
30.0;199.08;7.5;7.2;2.0;14;10;;4;2;False;False;False;;184.95;10.92;;;5;Outros - Cais do Outeirinhos;26;;GSM - I;2005;D016
40.0;304.16;9.7;12.0;1.0;14;10;;4;2;False;False;False;;21.98;3.07;;;5;BTP;9;;CGC;2006;D016
38.0;249.12;7.5;7.2;1.0;17;35;;4;2;False;False;False;;17.28;1.27;;;5;BTP;9;;CGC;2007;D016
45.0;299.9;12.6;10.9;2.0;18;0;;4;2;False;False;False;;12.12;2.73;;;5;Santos Brasil;32;;CGNC;2008;D016
32.0;179.95;7.0;9.9;1.0;18;0;;4;2;False;False;False;;26.75;2.58;;;5;T-Grão;46;;GSA - E;2009;D016
32.0;294.0;9.9;10.3;1.0;1;0;;5;3;False;False;False;;8.57;1.6;;;5;TUP - DPW - CGC;51;;CGC;2010;D016
32.0;210.96;9.6;8.7;2.0;3;0;;5;3;False;False;False;;17.18;3.38;;;5;BTP;9;;CGC;2011;D016
32.29;199.9;6.32;6.11;2.0;4;12;;5;3;False;False;False;;33.77;19.77;;;5;TUP - Tiplam - GSM - I;57;;GSM - I;2012;D016
32.29;199.9;7.46;6.32;2.0;4;12;;5;3;False;False;False;;13.83;2.03;;;5;Outros - Cais do Outeirinhos;26;;GSM - I;2013;D016
51.0;336.0;13.0;11.1;2.0;6;0;;5;3;False;False;False;;18.78;2.18;;;5;Santos Brasil;32;;CGC;2014;D016
46.0;299.9;13.3;10.7;2.0;6;0;;5;3;False;False;False;;23.55;1.32;;;5;BTP;9;;CGC;2015;D016
22.0;119.9;8.6;8.5;1.0;9;0;;5;3;False;False;False;;79.27;0;;;5;Ageo Terminais ;2;;GL;2016;D016
32.23;183.0;11.2;7.7;2.0;9;12;;5;3;False;False;False;;98.8;1.17;;;5;Ageo Terminais ;2;;GL;2017;D016
42.0;320.58;10.9;14.0;3.0;9;42;;5;3;False;False;False;;21.13;1.58;;;5;TUP - DPW - CGC;51;;CGC;2018;D016
40.0;272.05;9.7;12.8;2.0;11;30;;5;3;False;False;False;;14.25;1.68;;;5;BTP;9;;CGC;2019;D016
32.0;229.07;7.28;12.57;1.0;13;45;;5;3;False;False;False;;70.75;0;;;5;Outros - Cais da Ponta da Praia;23;;GSA - E;2020;D016
32.0;229.0;7.2;13.19;1.0;14;0;;5;3;False;False;False;;57.92;0;;;5;T-Grão;46;;GSA - E;2021;D016
32.3;225.0;6.75;12.72;1.0;14;30;;5;3;False;False;False;;68.8;0;;;5;Autoridade - Ponta;6;;GSA - E;2022;D016
32.0;229.0;9.3;13.82;1.0;15;30;;5;3;False;False;False;;29.08;2.8;;;5;Autoridade - Out;5;;GSA - E;2023;D016
30.05;180.0;6.04;9.91;1.0;16;15;;5;3;False;False;False;;86.58;2.93;;;5;TUP - Tiplam - GSA - E;56;;GSA - E;2024;D016
37.0;227.92;10.9;10.8;2.0;22;38;;5;3;False;False;False;;7.23;2.07;;;5;BTP;9;;CGC;2025;D016
36.0;229.0;7.8;9.0;1.0;0;24;;6;4;False;False;False;;68.08;15.25;;;5;Outros - Cais do Paquetá;27;;GSA - E;2026;D016
48.0;299.9;12.5;10.5;2.0;2;40;;6;4;False;False;False;;9.95;1.38;;;5;Santos Brasil;32;;CGC;2027;D016
51.0;336.0;11.2;14.5;2.0;4;20;;6;4;False;False;False;;63.15;2.08;;;5;Santos Brasil;32;;CGC;2028;D016
28.0;172.03;8.8;7.8;2.0;5;19;;6;4;False;False;False;;15.65;4.6;;;5;Santos Brasil;32;;CGC;2029;D016
18.0;85.34;4.4;5.5;1.0;6;50;;6;4;False;False;False;;42.67;0.08;;;5;TUP - Saipem;53;;CGNC;2030;D016
32.0;293.97;9.6;11.7;2.0;7;0;;6;4;False;False;False;;22.32;1.68;;;5;Santos Brasil;32;;CGC;2031;D016
32.0;199.9;6.83;11.1;1.0;8;48;;6;4;False;False;False;;82.18;2.88;;;5;TUP - DPW - CGNC;52;;CGNC;2032;D016
25.0;195.92;6.3;7.5;1.0;9;30;;6;4;False;False;True;;6.0;16.92;;;5;TEV;45;;RORO ;2033;D016
45.0;299.9;14.1;12.3;2.0;12;0;;6;4;False;False;False;;26.12;2.67;;;5;TUP - DPW - CGC;51;;CGC;2034;D016
33.0;189.9;7.0;9.5;1.0;14;0;;6;4;False;False;False;;67.88;3.65;;;5;TUP - Cutrale - GL;49;;GL;2035;D016
32.0;224.9;12.7;13.1;1.0;16;30;;6;4;False;False;False;;13.85;1.95;;;5;Temrinal de Exportação de Açúcar do Guarujá (TEAG);37;;GSA - E;2036;D016
48.0;299.18;10.0;10.7;1.0;18;30;;6;4;False;False;False;;10.98;1.8;;;5;BTP;9;;CGC;2037;D016
48.0;330.0;14.2;12.0;2.0;19;0;;6;4;False;False;False;;24.62;2.43;;;5;BTP;9;;RORO ;2038;D016
48.0;330.0;12.0;14.1;1.0;20;30;;6;4;False;False;False;;32.43;2.5;;;5;BTP;9;;CGC;2039;D016
43.0;272.0;12.4;14.2;1.0;20;42;;6;4;False;False;False;;13.7;2.15;;;5;BTP;9;;CGC;2040;D016
48.0;299.95;11.3;10.3;2.0;0;10;;0;5;False;False;False;;18.4;2.8;;;5;Santos Brasil;32;;RORO ;2041;D016
29.0;177.13;6.2;8.3;1.0;0;30;;0;5;False;False;False;;15.5;2.67;;;5;TUP - Tiplam - GSA - E;56;;GSA - E;2042;D016
32.23;183.06;10.5;9.7;2.0;5;0;;0;5;False;False;False;;27.83;0;;;5;Outros - Píer da Alamoa;30;;GL;2043;D016
30.0;222.14;9.5;11.1;2.0;5;12;;0;5;False;False;False;;5.95;3.42;;;5;Santos Brasil;32;;CGC;2044;D016
32.0;204.85;8.0;10.1;1.0;7;0;;0;5;False;False;False;;99.4;0.1;;;5;NST - GL;20;;GL;2045;D016
27.0;170.08;8.1;6.5;2.0;7;54;;0;5;False;False;False;;10.58;4.37;;;5;Santos Brasil;32;;CGC;2046;D016
30.0;179.99;6.95;8.5;1.0;8;20;;0;5;False;False;False;;172.17;0.08;;;5;Eldorado (Rishis);14;;GL;2047;D016
27.0;158.42;8.7;9.3;2.0;12;30;;0;5;False;False;False;;19.5;0.8;;;5;Ageo Terminais ;2;;GL;2048;D016
32.0;199.98;10.3;6.5;2.0;14;45;;0;5;False;False;False;;82.67;24.67;;;5;TUP - Tiplam - GSM - I;57;;GSM - I;2049;D016
32.0;228.99;7.1;13.2;1.0;16;42;;0;5;False;False;False;;56.45;0.25;;;5;Outros - Cais da Ponta da Praia;23;;GSA - E;2050;D016
30.0;218.45;10.8;11.3;2.0;18;45;;0;5;False;False;False;;7.15;5.67;;;5;Santos Brasil;32;;CGC;2051;D016
48.0;333.2;11.1;13.13;1.0;19;55;;0;5;False;False;False;;25.05;1.58;;;5;TUP - DPW - CGC;51;;CGC;2052;D016
32.23;183.06;9.7;9.3;2.0;21;6;;0;5;False;False;False;;47.83;3.17;;;5;TUP - Terminal Marítimo Dow;54;;GL;2053;D016
45.83;334.98;11.35;13.25;2.0;21;42;;0;5;False;False;False;;21.88;1.38;;;5;Santos Brasil;32;;CGC;2054;D016
32.0;232.39;9.0;9.5;1.0;22;30;;0;5;False;False;True;;27.5;7.68;;;5;TEV;45;;CGNC;2055;D016
38.0;255.4;13.55;11.3;1.0;23;30;;0;5;False;False;False;;29.05;2.08;;;5;TUP - DPW - CGC;51;;CGC;2056;D016
48.0;300.0;10.9;10.2;2.0;10;30;;1;6;False;False;False;;7.6;1.85;;;5;Santos Brasil;32;;CGC;2057;D016
32.0;228.94;7.5;11.27;1.0;10;36;;1;6;False;False;False;;78.03;17.15;;;5;TUP - Tiplam - GSA - E;56;;GSA - E;2058;D016
30.0;208.85;11.2;9.5;2.0;11;0;;1;6;False;False;False;;15.1;2.13;;;5;Santos Brasil;32;;CGC;2059;D016
31.0;198.5;7.88;10.15;1.0;13;0;;1;6;False;False;False;;21.92;0.08;;;5;Outros - Libra Terminais;29;;CGNC;2060;D016
40.0;272.08;9.6;9.2;3.0;19;30;;1;6;False;False;False;;26.48;1.45;;;5;TUP - DPW - CGC;51;;CGC;2061;D016
32.0;229.0;7.88;14.2;1.0;20;0;;1;6;False;False;False;;22.25;2.83;;;5;T-Grão;46;;GSA - E;2062;D016
32.31;199.9;6.7;13.4;1.0;21;30;;1;6;False;False;False;;79.58;2.83;;;5;T-Grão;46;;GSA - E;2063;D016
27.0;179.53;9.3;9.95;1.0;1;10;;2;7;False;False;False;;18.75;3.75;;;5;Adonai Química;1;;GL;2064;D016
32.0;224.9;7.5;10.97;1.0;2;24;;2;7;False;False;False;;63.33;29.4;;;5;TUP - Tiplam - GSA - E;56;;GSA - E;2065;D016
25.0;156.53;9.1;8.1;2.0;4;15;;2;7;False;False;False;;48.6;0;;;5;Outros - Píer da Alamoa;30;;GL;2066;D016
21.0;134.75;8.2;5.85;2.0;4;45;;2;7;False;False;False;;72.75;0;;;5;Ageo Terminais ;2;;GL;2067;D016
35.0;185.97;8.4;9.2;1.0;6;30;;2;7;False;False;False;;5.82;2.02;;;5;TUP - DPW - CGC;51;;CGC;2068;D016
32.0;228.62;8.5;9.6;2.0;6;40;;2;7;False;False;False;;16.35;2.27;;;5;Santos Brasil;32;;CGC;2069;D016
25.0;156.53;8.2;9.0;1.0;8;30;;2;7;False;False;False;;36.2;0.63;;;5;Ageo Terminais ;2;;GL;2070;D016
37.0;199.98;8.4;9.3;1.0;9;36;;2;7;False;False;True;;35.0;3.17;;;5;TEV;45;;CGNC;2071;D016
37.0;215.4;7.2;10.58;1.0;9;45;;2;7;False;False;False;;211.3;3.53;;;5;Outros - Cais do Macuco;25;;CGNC;2072;D016
31.0;190.18;10.5;12.8;1.0;10;30;;2;7;False;False;False;;51.4;2.0;;;5;TUP - DPW - CGNC;52;;CGNC;2073;D016
30.05;180.0;10.59;7.06;2.0;10;30;;2;7;False;False;False;;198.83;0;;;5;Outros - Cais do Macuco;25;;GSM - I;2074;D016
32.0;229.0;7.1;13.15;1.0;15;0;;2;7;False;False;False;;53.92;0;;;5;T-Grão;46;;GSA - E;2075;D016
17.0;82.3;4.5;4.5;1.0;16;50;;2;7;False;False;False;;20.5;0.17;;;5;TUP - Saipem;53;;CGNC;2076;D016
32.0;228.99;7.16;13.38;1.0;17;0;;2;7;False;False;False;;63.98;1.93;;;5;TUP - Tiplam - GSA - E;56;;GSA - E;2077;D016
19.0;88.9;6.1;6.4;1.0;17;20;;2;7;False;False;False;;49.17;0.17;;;5;TUP - Saipem;53;;CGNC;2078;D016
32.0;199.99;6.8;13.33;1.0;18;0;;2;7;False;False;False;;119.12;2.63;;;5;Temrinal de Exportação de Açúcar do Guarujá (TEAG);37;;GSA - E;2079;D016
33.0;201.8;10.1;13.1;1.0;20;0;;2;7;False;False;False;;31.42;0;;;5;Outros - Libra Terminais;29;;CGNC;2080;D016
26.0;170.0;7.2;9.8;1.0;21;0;;2;7;False;False;False;;37.03;65.05;;;5;TUP - Cutrale - GL;49;;GL;2081;D016
30.0;179.97;9.35;8.2;2.0;21;16;;2;7;False;False;False;;76.53;0.38;;;5;Bracell;8;;GSA - I;2082;D016
32.0;228.99;6.5;13.3;1.0;21;30;;2;7;False;False;False;;146.97;0;;;5;Autoridade - Ponta;6;;GSA - E;2083;D016
25.0;182.47;8.7;7.1;1.0;21;30;;2;7;False;False;False;;19.53;3.8;;;5;Santos Brasil;32;;CGC;2084;D016
36.0;225.0;8.0;9.9;1.0;21;30;;2;7;False;False;False;;45.57;3.93;;;5;Outros - Cais do Paquetá;27;;GSA - E;2085;D016
40.0;293.18;12.1;11.1;2.0;23;18;;2;7;False;False;False;;17.75;2.93;;;5;BTP;9;;CGC;2086;D016
32.0;199.9;7.9;13.28;1.0;0;12;;3;8;False;False;False;;30.77;3.08;;;5;T-Grão;46;;GSA - E;2087;D016
32.0;199.98;6.72;13.23;1.0;2;30;;3;8;False;False;False;;37.83;4.42;;;5;T-Grão;46;;GSA - E;2088;D016
32.0;229.0;7.2;13.48;1.0;4;23;;3;8;False;False;False;;84.5;0;;;5;Outros - Cais da Ponta da Praia;23;;GSA - E;2089;D016
32.0;199.99;13.1;11.93;2.0;4;30;;3;8;False;False;False;;138.6;0;;;5;Outros - Cais do Macuco;25;;GSM - I;2090;D016
37.0;254.87;9.1;9.1;1.0;4;30;;3;8;False;False;False;;10.52;2.02;;;5;TUP - DPW - CGC;51;;CGC;2091;D016
32.0;179.95;10.36;7.83;2.0;5;0;;3;8;False;False;False;;280.78;0.08;;;5;Outros - Cais do Macuco;25;;GSM - I;2092;D016
30.0;222.14;10.0;9.1;2.0;7;0;;3;8;False;False;False;;15.03;4.08;;;5;Santos Brasil;32;;CGC;2093;D016
28.0;172.04;7.9;6.8;2.0;7;0;;3;8;False;False;False;;8.38;1.73;;;5;BTP;9;;CGC;2094;D016
33.0;224.96;7.0;13.0;1.0;7;0;;3;8;False;False;False;;32.83;5.02;;;5;Terminal ADM do Brasil;39;;GSA - E;2095;D016
35.0;228.42;10.82;13.91;1.0;10;0;;3;8;False;False;False;;31.37;3.13;;;5;T-Grão;46;;GSA - E;2096;D016
51.0;335.95;14.0;11.6;2.0;10;14;;3;8;False;False;False;;22.6;2.38;;;5;Santos Brasil;32;;CGC;2097;D016
40.0;299.2;9.9;11.5;2.0;11;48;;3;8;False;False;False;;24.0;1.77;;;5;Santos Brasil;32;;CGC;2098;D016
21.02;151.67;7.8;7.6;1.0;12;55;;3;8;False;False;False;;20.47;23.61;;;5;Autoridade - Saboo;7;;CGNC;2099;D016
32.0;225.0;10.27;14.21;2.0;16;0;;3;8;False;False;False;;0.37;2.37;;;5;TUP - DPW - CGC;51;;CGC;2100;D016
32.0;229.0;7.52;13.4;1.0;16;0;;3;8;False;False;False;;41.67;3.33;;;5;T-Grão;46;;GSA - E;2101;D016
43.0;346.98;10.0;11.7;2.0;16;15;;3;8;False;False;False;;33.07;2.35;;;5;BTP;9;;CGC;2102;D016
48.0;330.03;9.9;13.4;1.0;18;12;;3;8;False;False;False;;49.82;1.98;;;5;BTP;9;;CGC;2103;D016
32.0;199.9;7.5;13.51;1.0;20;0;;3;8;False;False;False;;40.88;2.9;;;5;TUP - Tiplam - GSA - E;56;;GSA - E;2104;D016
27.0;158.42;9.3;8.8;2.0;20;30;;3;8;False;False;False;;20.0;7.17;;;5;Stolthaven;33;;GL;2105;D016
32.0;225.0;7.44;10.27;1.0;21;7;;3;8;False;False;False;;34.53;3.6;;;5;Autoridade - Macuco;4;;CGNC;2106;D016
45.0;299.9;11.8;14.0;1.0;22;0;;3;8;False;False;False;;15.55;1.92;;;5;BTP;9;;CGC;2107;D016
43.0;332.85;10.3;9.9;2.0;2;12;;4;9;False;False;False;;15.97;1.9;;;5;BTP;9;;CGC;2108;D016
37.0;249.12;10.5;10.0;2.0;2;50;;4;9;False;False;False;;12.03;2.05;;;5;TUP - DPW - CGC;51;;CGC;2109;D016
48.0;299.9;9.95;12.25;1.0;3;18;;4;9;False;False;False;;29.82;2.77;;;5;Santos Brasil;32;;CGC;2110;D016
32.31;225.0;8.9;12.84;1.0;4;6;;4;9;False;False;False;;79.08;3.5;;;5;T-Grão;46;;GSA - E;2111;D016
32.0;226.8;9.65;12.0;1.0;5;0;;4;9;False;False;False;;31.35;2.33;;;5;Outros - Cais do Macuco;25;;CGNC;2112;D016
36.0;229.0;9.0;12.5;1.0;9;0;;4;9;False;False;False;;73.6;1.9;;;5;Outros - Cais do Paquetá;27;;GSA - E;2113;D016
37.0;227.97;12.1;10.3;1.0;9;0;;4;9;False;False;False;;27.42;1.42;;;5;TUP - DPW - CGC;51;;CGC;2114;D016
32.0;210.96;8.6;8.5;2.0;9;40;;4;9;False;False;False;;32.42;3.2;;;5;BTP;9;;CGC;2115;D016
35.0;185.97;9.2;9.77;2.0;10;34;;4;9;False;False;False;;11.45;2.55;;;5;Santos Brasil;32;;CGC;2116;D016
25.0;156.53;9.0;10.2;1.0;10;45;;4;9;False;False;False;;19.33;4.17;;;5;Ultracargo;59;;GL;2117;D016
32.0;228.99;6.81;13.32;1.0;12;12;;4;9;False;False;False;;48.05;2.45;;;5;TUP - Tiplam - GSA - E;56;;GSA - E;2118;D016
36.0;236.3;8.2;8.1;2.0;14;0;;4;9;False;False;False;;39.57;3.97;;;5;BTP;9;;RORO ;2119;D016
32.3;225.0;6.8;12.15;1.0;16;0;;4;9;False;False;False;;69.58;0;;;5;Autoridade - Ponta;6;;GSA - E;2120;D016
45.0;299.9;11.8;10.2;2.0;21;0;;4;9;False;False;False;;19.0;2.1;;;5;Outros - Cais da Santos Brasil;24;;CGC;2121;D016
45.0;299.9;12.9;10.2;2.0;2;40;;5;10;False;False;False;;22.92;2.03;;;5;BTP;9;;CGC;2122;D016
21.0;134.75;5.85;6.9;1.0;6;42;;5;10;False;False;False;;26.33;0;;;5;Outros - Píer da Alamoa;30;;GL;2123;D016
32.0;199.9;7.2;11.73;1.0;9;24;;5;10;False;False;False;;24.0;2.58;;;5;T-Grão;46;;GSA - E;2124;D016
32.0;229.0;7.66;13.22;1.0;9;36;;5;10;False;False;False;;42.57;4.25;;;5;T-Grão;46;;GSA - E;2125;D016
33.0;201.8;13.1;13.45;1.0;10;15;;5;10;False;False;False;;39.33;2.25;;;5;Outros - Cais do Macuco;25;;CGNC;2126;D016
27.0;170.0;7.2;6.9;2.0;11;0;;5;10;False;False;False;;53.17;10.08;;;5;Ultracargo;59;;GL;2127;D016
40.0;299.95;10.2;9.6;2.0;11;40;;5;10;False;False;False;;15.57;1.77;;;5;TUP - DPW - CGC;51;;CGC;2128;D016
32.0;183.02;10.0;8.3;2.0;12;0;;5;10;False;False;False;;89.7;0.62;;;5;Ageo Terminais ;2;;GL;2129;D016
25.0;156.53;10.2;9.8;1.0;12;50;;5;10;False;False;False;;47.63;0.7;;;5;Ageo Terminais ;2;;GL;2130;D016
28.0;177.85;10.7;6.32;2.0;13;0;;5;10;False;False;False;;159.72;0;;;5;Outros - Cais do Saboó;28;;GSM - I;2131;D016
18.0;85.34;4.5;4.5;1.0;13;0;;5;10;False;False;False;;22.17;0.17;;;5;TUP - Saipem;53;;CGNC;2132;D016
48.0;333.2;11.2;12.4;2.0;13;15;;5;10;False;False;False;;20.8;1.42;;;5;BTP;9;;CGC;2133;D016
32.0;228.99;7.14;13.11;1.0;13;24;;5;10;False;False;False;;54.25;0;;;5;Terminal Exportador do Guarujá (TEG);42;;GSA - E;2134;D016
32.0;189.99;6.03;11.75;1.0;15;0;;5;10;False;False;False;;24.5;2.33;;;5;Autoridade - Out;5;;GSA - E;2135;D016
32.31;199.9;7.0;11.19;1.0;15;30;;5;10;False;False;False;;86.13;0.05;;;5;Temrinal de Exportação de Açúcar do Guarujá (TEAG);37;;GSA - E;2136;D016
21.0;139.95;7.15;5.4;2.0;23;40;;5;10;False;False;False;;39.93;0;;;5;Ageo Terminais ;2;;GL;2137;D016
32.3;294.1;10.3;9.5;2.0;1;0;;6;11;False;False;False;;26.05;1.43;;;5;TUP - DPW - CGC;51;;CGC;2138;D016
51.0;335.9;10.1;12.4;1.0;2;0;;6;11;False;False;False;;27.68;1.83;;;5;Santos Brasil;32;;CGC;2139;D016
35.0;223.96;8.3;9.7;2.0;6;40;;6;11;False;False;False;;13.27;1.83;;;5;Santos Brasil;32;;CGC;2140;D016
23.0;164.34;7.6;6.8;1.0;9;0;;6;11;False;False;False;;29.42;2.5;;;5;TUP - Terminal Marítimo Dow;54;;CGNC;2141;D016
32.0;229.0;6.95;13.2;1.0;9;24;;6;11;False;False;False;;38.67;1.88;;;5;Terminal de Granéis do Guarujá (TGG);40;;GSA - E;2142;D016
40.0;276.2;11.5;13.7;1.0;11;18;;6;11;False;False;False;;16.83;2.3;;;5;BTP;9;;CGC;2143;D016
32.0;204.35;9.1;12.72;1.0;11;30;;6;11;False;False;False;;49.97;2.98;;;5;TUP - DPW - CGNC;52;;CGNC;2144;D016
32.0;228.9;7.55;13.3;1.0;15;0;;6;11;False;False;False;;77.67;0.77;;;5;Terminal Exportador do Guarujá (TEG);42;;GSA - E;2145;D016
35.0;224.0;9.55;8.2;2.0;15;20;;6;11;False;False;False;;19.95;3.28;;;5;Santos Brasil;32;;CGC;2146;D016
40.0;305.6;10.6;12.4;2.0;16;0;;6;11;False;False;False;;17.85;1.68;;;5;TUP - DPW - CGC;51;;CGC;2147;D016
32.0;229.0;6.55;13.4;1.0;16;30;;6;11;False;False;False;;36.58;2.53;;;5;Terminal de Granéis do Guarujá (TGG);40;;GSA - E;2148;D016
37.0;256.07;9.4;12.8;2.0;17;0;;6;11;False;False;False;;21.02;2.22;;;5;BTP;9;;CGC;2149;D016
32.0;199.98;10.51;7.86;2.0;19;6;;6;11;False;False;False;;139.57;0;;;5;Outros - Cais do Macuco;25;;GSM - I;2150;D016
36.0;236.3;8.1;8.3;1.0;19;12;;6;11;False;False;True;;5.67;11.33;;;5;TEV;45;;CGNC;2151;D016
32.0;228.99;6.8;13.85;1.0;22;30;;6;11;False;False;False;;55.63;2.45;;;5;Autoridade - Out;5;;GSA - E;2152;D016
32.0;259.8;9.9;11.4;2.0;0;45;;0;12;False;False;False;;14.05;2.47;;;5;Santos Brasil;32;;CGC;2153;D016
51.0;336.0;10.3;12.8;2.0;2;0;;0;12;False;False;False;;32.9;2.08;;;5;Santos Brasil;32;;CGC;2154;D016
25.0;156.53;7.6;6.5;2.0;6;0;;0;12;False;False;False;;18.0;2.75;;;5;Stolthaven;33;;GL;2155;D016
24.0;185.11;10.64;6.0;2.0;7;10;;0;12;False;False;False;;78.72;4.03;;;5;TUP - Tiplam - GSM - I;57;;GSM - I;2156;D016
40.0;299.95;12.0;13.5;2.0;10;0;;0;12;False;False;False;;19.95;2.02;;;5;BTP;9;;CGC;2157;D016
32.0;201.8;8.0;7.8;2.0;11;36;;0;12;False;False;False;;36.83;5.42;;;5;Autoridade - Saboo;7;;CGNC;2158;D016
32.0;229.0;9.2;13.03;1.0;14;14;;0;12;False;False;False;;56.15;3.6;;;5;TUP - Cutrale - GSA - E;50;;GSA - E;2159;D016
33.0;199.99;8.5;9.9;1.0;15;0;;0;12;False;False;True;;17.5;1.17;;;5;TEV;45;;CGNC;2160;D016
25.0;156.53;9.4;8.05;2.0;20;52;;0;12;False;False;False;;28.75;0;;;5;Ageo Terminais ;2;;GL;2161;D016
19.0;88.9;6.0;6.0;1.0;23;0;;0;12;False;False;False;;19.42;0.17;;;5;TUP - Saipem;53;;CGNC;2162;D016
30.0;222.14;8.1;10.0;1.0;0;24;;1;13;False;False;False;;11.92;1.65;;;5;Santos Brasil;32;;CGC;2163;D016
48.43;333.95;11.6;13.3;1.0;1;0;;1;13;False;False;False;;20.3;1.42;;;5;TUP - DPW - CGC;51;;CGC;2164;D016
43.0;335.07;14.3;12.6;2.0;1;48;;1;13;False;False;False;;16.63;4.12;;;5;Santos Brasil;32;;CGC;2165;D016
32.0;229.0;6.87;13.24;1.0;2;30;;1;13;False;False;False;;59.75;0;;;5;T-Grão;46;;GSA - E;2166;D016
32.31;188.58;11.11;7.62;2.0;2;35;;1;13;False;False;False;;75.45;3.63;;;5;Terminal Marítimo do Guarujá (Termag);43;;GSM - I;2167;D016
31.0;212.54;11.3;11.6;2.0;3;0;;1;13;False;False;False;;5.62;1.53;;;5;Santos Brasil;32;;CGC;2168;D016
48.0;328.46;11.5;10.4;2.0;3;30;;1;13;False;False;False;;11.52;2.3;;;5;BTP;9;;CGC;2169;D016
32.0;225.0;10.65;12.6;1.0;4;36;;1;13;False;False;False;;20.7;5.62;;;5;Outros - Libra Terminais;29;;CGNC;2170;D016
25.0;156.53;6.5;6.6;1.0;7;0;;1;13;False;False;False;;52.53;0.3;;;5;Ageo Terminais ;2;;GL;2171;D016
9.0;210.54;10.6;10.0;2.0;8;0;;1;13;False;False;False;;16.72;2.32;;;5;Santos Brasil;32;;CGC;2172;D016
17.0;82.3;4.6;5.4;1.0;8;25;;1;13;False;False;False;;31.75;0.17;;;5;TUP - Saipem;53;;CGNC;2173;D016
48.0;299.96;10.15;13.7;1.0;9;0;;1;13;False;False;False;;22.78;1.85;;;5;BTP;9;;CGC;2174;D016
32.0;229.0;7.3;13.28;1.0;16;0;;1;13;False;False;False;;85.08;0;;;5;T-Grão;46;;GSA - E;2175;D016
29.0;179.97;6.11;10.06;1.0;17;0;;1;13;False;False;False;;30.58;13.5;;;5;T-Grão;46;;GSA - E;2176;D016
25.0;156.53;6.5;6.5;1.0;20;40;;1;13;False;False;False;;39.98;0;;;5;Ageo Terminais ;2;;GL;2177;D016
32.0;263.23;12.1;10.5;3.0;21;0;;1;13;False;False;False;;12.42;1.48;;;5;TUP - DPW - CGC;51;;CGC;2178;D016
48.0;299.18;9.7;8.9;2.0;21;6;;1;13;False;False;False;;12.7;1.77;;;5;Santos Brasil;32;;CGC;2179;D016
32.0;228.99;7.0;13.9;1.0;21;6;;1;13;False;False;False;;30.02;1.98;;;5;Terminal ADM do Brasil;39;;GSA - E;2180;D016
32.0;199.9;7.4;12.94;1.0;21;10;;1;13;False;False;False;;32.33;3.15;;;5;Terminal ADM do Brasil;39;;GSA - E;2181;D016
48.0;330.0;10.2;11.9;1.0;23;0;;1;13;False;False;False;;32.07;1.67;;;5;Santos Brasil;32;;CGC;2182;D016
28.0;172.0;7.3;7.4;2.0;23;12;;1;13;False;False;False;;6.05;5.12;;;5;BTP;9;;CGC;2183;D016
32.0;226.8;12.0;12.1;1.0;2;50;;2;14;False;False;False;;8.5;6.5;;;5;Outros - Libra Terminais;29;;CGNC;2184;D016
36.0;227.2;11.05;13.32;1.0;3;36;;2;14;False;False;False;;19.48;2.15;;;5;Terminal ADM do Brasil;39;;GSA - E;2185;D016
33.0;201.8;7.8;12.9;1.0;4;0;;2;14;False;False;False;;133.17;1.92;;;5;Outros - Cais do Macuco;25;;CGNC;2186;D016
32.0;228.15;9.4;10.3;2.0;4;0;;2;14;False;False;False;;36.53;2.45;;;5;Santos Brasil;32;;CGC;2187;D016
40.0;254.94;13.2;12.8;2.0;4;0;;2;14;False;False;False;;23.02;1.95;;;5;Santos Brasil;32;;CGNC;2188;D016
48.0;299.97;9.8;9.8;2.0;5;0;;2;14;False;False;False;;9.05;2.25;;;5;BTP;9;;RORO ;2189;D016
32.0;179.9;8.4;8.8;1.0;5;0;;2;14;False;False;True;;12.0;0.75;;;5;TEV;45;;RORO ;2190;D016
32.0;199.98;11.5;10.2;2.0;7;0;;2;14;False;False;False;;88.18;0;;;5;Outros - Cais do Macuco;25;;GSM - I;2191;D016
32.0;199.9;6.75;12.81;1.0;7;0;;2;14;False;False;False;;193.42;0.53;;;5;Terminal Exportador do Guarujá (TEG);42;;GSA - E;2192;D016
48.0;330.0;14.3;12.5;2.0;9;18;;2;14;False;False;False;;26.62;1.53;;;5;BTP;9;;RORO ;2193;D016
32.0;224.9;9.52;14.05;1.0;13;30;;2;14;False;False;False;;17.97;3.08;;;5;T-Grão;46;;GSA - E;2194;D016
32.0;231.0;10.4;10.9;1.0;14;0;;2;14;False;False;False;;7.57;1.02;;;5;TUP - DPW - CGC;51;;CGC;2195;D016
32.0;199.98;10.3;6.75;2.0;15;12;;2;14;False;False;False;;133.92;1.88;;;5;TUP - Tiplam - GSM - I;57;;GSM - I;2196;D016
24.0;144.09;7.5;6.5;2.0;21;49;;2;14;False;False;False;;47.92;0;;;5;Ageo Terminais ;2;;GL;2197;D016
25.0;182.47;9.1;8.0;2.0;22;3;;2;14;False;False;False;;26.08;3.05;;;5;Santos Brasil;32;;CGC;2198;D016
37.0;255.0;9.4;9.5;2.0;3;0;;3;15;False;False;False;;8.85;1.5;;;5;TUP - DPW - CGC;51;;CGC;2199;D016
48.0;299.98;12.25;14.0;1.0;5;0;;3;15;False;False;False;;14.23;2.73;;;5;BTP;9;;CGC;2200;D016
32.0;199.99;6.77;13.96;1.0;5;12;;3;15;False;False;False;;29.83;2.67;;;5;T-Grão;46;;GSA - E;2201;D016
32.0;229.0;7.0;13.4;1.0;5;42;;3;15;False;False;False;;35.0;2.73;;;5;Terminal de Granéis do Guarujá (TGG);40;;GSA - E;2202;D016
32.0;199.9;10.2;7.4;2.0;7;15;;3;15;False;False;False;;84.58;4.13;;;5;TUP - Tiplam - GSM - I;57;;GSM - I;2203;D016
32.0;204.36;7.45;12.5;1.0;8;0;;3;15;False;False;False;;75.8;3.48;;;5;TUP - DPW - CGNC;52;;CGNC;2204;D016
43.0;299.9;11.8;13.7;2.0;9;0;;3;15;False;False;False;;20.03;2.67;;;5;BTP;9;;CGC;2205;D016
30.0;182.93;9.4;6.6;2.0;10;0;;3;15;False;False;False;;131.6;2.92;;;5;Bracell;8;;GSA - I;2206;D016
18.0;85.34;4.5;4.6;1.0;11;10;;3;15;False;False;False;;24.67;0.17;;;5;TUP - Saipem;53;;CGNC;2207;D016
36.0;225.0;9.9;11.55;1.0;12;20;;3;15;False;False;False;;31.83;4.5;;;5;Outros - Cais do Paquetá;27;;GSA - E;2208;D016
40.0;300.4;9.8;9.6;3.0;12;30;;3;15;False;False;False;;4.85;3.55;;;5;Santos Brasil;32;;CGC;2209;D016
48.0;299.9;12.5;10.5;2.0;15;30;;3;15;False;False;False;;17.07;2.43;;;5;Santos Brasil;32;;CGC;2210;D016
32.0;229.0;7.5;11.91;1.0;16;0;;3;15;False;False;False;;48.98;3.42;;;5;Terminal ADM do Brasil;39;;GSA - E;2211;D016
25.0;156.53;6.6;7.2;1.0;17;15;;3;15;False;False;False;;17.5;15.92;;;5;Ultracargo;59;;GL;2212;D016
32.0;229.0;7.6;8.3;1.0;18;48;;3;15;False;False;False;;9.13;5.7;;;5;Outros - Cais do Paquetá;27;;GSA - E;2213;D016
36.0;199.99;7.08;12.5;1.0;20;25;;3;15;False;False;False;;112.75;2.12;;;5;Outros - Cais da Ponta da Praia;23;;GSA - E;2214;D016
32.0;201.8;8.5;9.95;1.0;21;30;;3;15;False;False;False;;51.07;1.57;;;5;TUP - DPW - CGNC;52;;CGNC;2215;D016
32.0;229.0;7.6;12.92;1.0;22;48;;3;15;False;False;False;;56.65;3.38;;;5;Terminal ADM do Brasil;39;;GSA - E;2216;D016
32.0;224.9;7.2;13.42;1.0;23;24;;3;15;False;False;False;;115.75;0.98;;;5;Outros - Cais do Paquetá;27;;GSA - E;2217;D016
48.0;299.9;13.0;11.3;2.0;0;0;;4;16;False;False;False;;16.93;1.85;;;5;TUP - DPW - CGC;51;;CGC;2218;D016
32.0;228.99;8.5;13.23;1.0;5;36;;4;16;False;False;False;;54.43;1.73;;;5;TUP - Cutrale - GSA - E;50;;GSA - E;2219;D016
30.0;210.54;8.8;9.6;2.0;5;40;;4;16;False;False;False;;22.93;2.22;;;5;Santos Brasil;32;;CGNC;2220;D016
38.0;227.95;11.2;9.5;1.0;6;0;;4;16;False;False;False;;20.72;1.1;;;5;TUP - DPW - CGC;51;;CGC;2221;D016
45.0;299.9;12.1;14.1;2.0;7;0;;4;16;False;False;False;;12.33;1.43;;;5;BTP;9;;CGC;2222;D016
48.0;299.0;9.0;8.5;2.0;7;30;;4;16;False;False;False;;22.72;2.6;;;5;BTP;9;;CGC;2223;D016
32.29;199.9;6.8;12.53;1.0;8;30;;4;16;False;False;False;;48.45;2.17;;;5;Terminal Exportador do Guarujá (TEG);42;;GSA - E;2224;D016
32.0;229.0;7.08;12.6;1.0;10;0;;4;16;False;False;False;;79.53;0;;;5;Autoridade - Ponta;6;;GSA - E;2225;D016
32.0;210.96;8.5;8.3;2.0;13;30;;4;16;False;False;False;;12.15;2.08;;;5;BTP;9;;CGC;2226;D016
32.0;225.0;7.05;13.04;1.0;15;0;;4;16;False;False;False;;90.58;2.5;;;5;Autoridade - Out;5;;GSA - E;2227;D016
25.0;156.53;8.8;6.0;2.0;15;30;;4;16;False;False;False;;43.58;5.67;;;5;Ultracargo;59;;GL;2228;D016
44.0;248.97;8.5;10.0;1.0;16;26;;4;16;False;False;False;;40.9;5.3;;;5;Transpetro;47;;GL;2229;D016
28.0;179.28;10.7;9.41;2.0;17;0;;4;16;False;False;False;;43.22;0;;;5;Outros - Cais do Saboó;28;;GSM - I;2230;D016
32.0;231.0;10.9;11.9;2.0;18;0;;4;16;False;False;False;;17.58;2.37;;;5;Santos Brasil;32;;CGC;2231;D016
32.0;189.99;10.7;9.41;1.0;19;0;;4;16;False;False;False;;28.17;5.48;;;5;TUP - Tiplam - GSA - E;56;;GSA - E;2232;D016
44.0;332.58;9.5;10.5;1.0;19;24;;4;16;False;False;False;;16.78;1.92;;;5;BTP;9;;CGC;2233;D016
32.0;229.1;6.9;12.71;1.0;20;6;;4;16;False;False;False;;56.27;0;;;5;Autoridade - Ponta;6;;GSA - E;2234;D016
32.0;263.23;11.1;11.9;1.0;5;0;;5;17;False;False;False;;7.52;1.23;;;5;TUP - DPW - CGC;51;;CGC;2235;D016
48.0;333.2;12.1;10.35;2.0;6;0;;5;17;False;False;False;;20.38;2.08;;;5;BTP;9;;CGC;2236;D016
32.0;199.97;8.5;9.2;1.0;6;0;;5;17;False;False;True;;19.75;1.05;;;5;TEV;45;;CGNC;2237;D016
27.0;165.17;7.45;7.2;2.0;9;30;;5;17;False;False;False;;23.67;0;;;5;Outros - Píer da Alamoa;30;;GL;2238;D016
30.0;179.97;7.5;7.2;2.0;10;0;;5;17;False;False;False;;19.07;2.58;;;5;Outros - Cais do Outeirinhos;26;;GSM - I;2239;D016
38.0;227.95;9.5;11.5;2.0;11;38;;5;17;False;False;False;;10.1;1.52;;;5;BTP;9;;CGC;2240;D016
27.0;158.93;7.5;7.2;2.0;12;30;;5;17;False;False;False;;30.75;0.42;;;5;Ageo Terminais ;2;;GL;2241;D016
36.0;225.0;11.55;13.13;1.0;13;16;;5;17;False;False;False;;33.42;2.08;;;5;Outros - Cais do Paquetá;27;;GSA - E;2242;D016
32.0;229.0;8.3;10.6;1.0;13;25;;5;17;False;False;False;;50.52;1.32;;;5;Outros - Cais do Paquetá;27;;GSA - E;2243;D016
40.0;293.87;12.5;10.25;2.0;18;30;;5;17;False;False;False;;15.18;1.78;;;5;Santos Brasil;32;;RORO ;2244;D016
46.0;299.9;12.3;14.5;2.0;20;0;;5;17;False;False;False;;26.45;1.43;;;5;BTP;9;;CGC;2245;D016
32.31;199.99;8.4;8.7;1.0;20;25;;5;17;False;False;True;;19.17;2.13;;;5;TEV;45;;CGNC;2246;D016
32.0;229.0;7.08;13.6;1.0;21;48;;5;17;False;False;False;;32.5;1.92;;;5;Terminal de Granéis do Guarujá (TGG);40;;GSA - E;2247;D016
40.0;293.18;11.6;14.0;1.0;22;0;;5;17;False;False;False;;12.0;1.1;;;5;TUP - DPW - CGC;51;;CGC;2248;D016
36.0;200.0;11.0;12.4;2.0;22;0;;5;17;False;False;False;;10.92;1.95;;;5;Santos Brasil;32;;CGC;2249;D016
40.0;272.08;11.7;13.9;2.0;0;29;;6;18;False;False;False;;20.63;10.47;;;5;BTP;9;;CGC;2250;D016
32.0;186.0;8.1;7.1;2.0;0;38;;6;18;False;False;False;;34.75;0.48;;;5;Ageo Terminais ;2;;GL;2251;D016
32.0;199.9;7.58;13.59;1.0;1;0;;6;18;False;False;False;;31.5;2.5;;;5;T-Grão;46;;GSA - E;2252;D016
32.0;199.98;6.72;9.48;1.0;6;12;;6;18;False;False;False;;37.43;1.9;;;5;Outros - Cais da Ponta da Praia;23;;GSA - E;2253;D016
40.0;272.02;9.9;9.5;2.0;8;0;;6;18;False;False;False;;13.03;5.38;;;5;TUP - DPW - CGC;51;;CGC;2254;D016
17.0;82.3;4.5;4.5;1.0;8;0;;6;18;False;False;False;;2.33;0.08;;;5;TUP - Saipem;53;;CGNC;2255;D016
32.0;201.8;9.95;11.45;1.0;9;12;;6;18;False;False;False;;29.58;0;;;5;Outros - Libra Terminais;29;;CGNC;2256;D016
33.0;189.8;6.1;11.92;1.0;10;45;;6;18;False;False;False;;33.58;16.12;;;5;TUP - Tiplam - GSA - E;56;;GSA - E;2257;D016
32.0;229.0;7.85;13.37;1.0;12;0;;6;18;False;False;False;;28.5;2.1;;;5;Terminal ADM do Brasil;39;;GSA - E;2258;D016
28.0;177.13;8.69;8.84;1.0;13;24;;6;18;False;False;False;;35.72;3.12;;;5;TUP - Usiminas;58;;CGNC;2259;D016
29.0;175.53;9.63;7.9;2.0;13;41;;6;18;False;False;False;;121.67;0;;;5;Outros - Cais do Macuco;25;;GSM - I;2260;D016
48.0;300.0;13.5;11.1;2.0;16;0;;6;18;False;False;False;;19.57;1.68;;;5;Santos Brasil;32;;CGC;2261;D016
30.0;181.0;10.08;6.45;2.0;16;0;;6;18;False;False;False;;93.18;0;;;5;Outros - Cais do Saboó;28;;GL;2262;D016
40.0;306.0;11.4;9.87;2.0;17;0;;6;18;False;False;False;;12.42;2.65;;;5;TUP - DPW - CGC;51;;CGC;2263;D016
48.0;300.0;10.5;13.5;2.0;17;0;;6;18;False;False;False;;25.98;2.43;;;5;BTP;9;;CGC;2264;D016
30.0;210.56;8.2;11.45;1.0;17;0;;6;18;False;False;False;;85.0;0.17;;;5;Outros - Cais do Macuco;25;;GL;2265;D016
32.0;229.0;7.1;12.98;1.0;19;0;;6;18;False;False;False;;51.87;2.13;;;5;Autoridade - Out;5;;GSA - E;2266;D016
35.0;185.96;8.3;8.4;2.0;19;0;;6;18;False;False;False;;18.82;3.32;;;5;Santos Brasil;32;;CGC;2267;D016
36.0;210.0;8.0;7.8;2.0;19;54;;6;18;False;False;True;;70.73;0.17;;;5;TEV;45;;CGNC;2268;D016
32.0;225.0;9.0;14.28;1.0;23;0;;6;18;False;False;False;;140.38;1.75;;;5;TUP - DPW - CGNC;52;;CGNC;2269;D016
32.0;225.0;8.5;9.0;1.0;23;5;;6;18;False;False;False;;27.88;7.1;;;5;Autoridade - Macuco;4;;CGNC;2270;D016
51.0;335.9;13.4;11.6;2.0;0;18;;0;19;False;False;False;;24.3;2.92;;;5;Santos Brasil;32;;CGC;2271;D016
32.0;225.0;8.61;13.97;1.0;3;40;;0;19;False;False;False;;36.0;1.67;;;5;T-Grão;46;;GSA - E;2272;D016
32.0;228.99;8.88;13.44;1.0;3;50;;0;19;False;False;False;;87.9;2.22;;;5;TUP - Cutrale - GSA - E;50;;GSA - E;2273;D016
48.0;299.9;10.4;11.9;1.0;6;24;;0;19;False;False;False;;27.53;4.55;;;5;Santos Brasil;32;;CGC;2274;D016
32.0;229.0;7.5;13.34;1.0;8;0;;0;19;False;False;False;;71.83;8.87;;;5;Outros - Cais do Paquetá;27;;GSA - E;2275;D016
27.0;158.93;6.3;7.7;1.0;9;30;;0;19;False;False;False;;82.0;0.63;;;5;Ageo Terminais ;2;;GL;2276;D016
48.0;330.0;14.4;12.2;2.0;10;0;;0;19;False;False;False;;19.03;2.25;;;5;BTP;9;;CGC;2277;D016
32.0;260.66;11.5;10.2;2.0;11;0;;0;19;False;False;False;;8.67;3.0;;;5;TUP - DPW - CGC;51;;CGC;2278;D016
33.0;229.0;7.35;12.92;1.0;12;12;;0;19;False;False;False;;43.88;2.82;;;5;Terminal ADM do Brasil;39;;GSA - E;2279;D016
34.0;223.91;10.2;11.4;2.0;14;0;;0;19;False;False;False;;9.4;1.72;;;5;Santos Brasil;32;;CGC;2280;D016
45.0;299.9;12.6;14.0;1.0;15;10;;0;19;False;False;False;;19.98;7.75;;;5;TUP - DPW - CGC;51;;CGC;2281;D016
30.0;208.85;11.4;11.6;2.0;17;0;;0;19;False;False;False;;13.35;1.78;;;5;Santos Brasil;32;;CGC;2282;D016
32.0;229.0;10.6;13.29;1.0;18;10;;0;19;False;False;False;;32.72;2.02;;;5;Outros - Cais do Paquetá;27;;GSA - E;2283;D016
30.0;179.97;8.57;8.58;2.0;0;1;;1;20;False;False;False;;174.68;0.25;;;5;Bracell;8;;GSA - I;2284;D016
48.0;299.95;12.6;10.2;2.0;1;12;;1;20;False;False;False;;20.47;2.02;;;5;BTP;9;;CGC;2285;D016
32.0;243.35;8.2;8.9;2.0;2;0;;1;20;False;False;False;;8.8;1.78;;;5;TUP - DPW - CGC;51;;CGC;2286;D016
32.0;228.19;9.0;10.95;2.0;3;12;;1;20;False;False;False;;7.43;1.62;;;5;Santos Brasil;32;;CGC;2287;D016
32.0;183.0;10.9;9.9;2.0;4;48;;1;20;False;False;False;;128.5;0;;;5;Ageo Terminais ;2;;GL;2288;D016
32.0;199.98;10.15;7.13;2.0;5;0;;1;20;False;False;False;;125.0;1.23;;;5;Outros - Cais do Macuco;25;;GSM - I;2289;D016
32.0;199.9;8.4;7.0;2.0;7;48;;1;20;False;False;False;;59.33;2.2;;;5;TUP - Tiplam - GSM - I;57;;GSM - I;2290;D016
18.0;85.34;4.7;4.8;1.0;8;20;;1;20;False;False;False;;35.75;0.17;;;5;TUP - Saipem;53;;CGNC;2291;D016
33.0;190.0;6.4;12.76;1.0;8;30;;1;20;False;False;False;;27.33;2.17;;;5;Autoridade - Out;5;;GSA - E;2292;D016
32.31;199.9;11.19;12.63;1.0;10;35;;1;20;False;False;False;;23.03;0;;;5;Terminal Exportador do Guarujá (TEG);42;;GSA - E;2293;D016
30.0;218.45;10.6;9.8;2.0;11;0;;1;20;False;False;False;;10.07;2.53;;;5;Santos Brasil;32;;CGC;2294;D016
32.0;229.0;7.4;13.38;1.0;14;30;;1;20;False;False;False;;35.67;4.42;;;5;Terminal de Granéis do Guarujá (TGG);40;;GSA - E;2295;D016
32.0;201.8;8.8;12.5;1.0;15;0;;1;20;False;False;False;;52.32;1.35;;;5;Outros - Cais do Macuco;25;;CGNC;2296;D016
22.0;139.17;7.4;6.9;2.0;15;11;;1;20;False;False;False;;6.97;6.97;;;5;Santos Brasil;32;;CGC;2297;D016
40.0;300.4;11.4;12.9;2.0;16;18;;1;20;False;False;False;;17.57;2.17;;;5;Santos Brasil;32;;CGC;2298;D016
32.0;189.99;6.7;9.1;1.0;17;18;;1;20;False;False;False;;18.92;5.42;;;5;T-Grão;46;;GSA - E;2299;D016
32.0;228.0;12.7;11.6;2.0;17;30;;1;20;False;False;False;;79.08;0;;;5;Ultracargo;59;;GL;2300;D016
18.0;116.26;5.4;5.4;1.0;19;55;;1;20;False;False;False;;14.4;5.0;;;5;Autoridade - Saboo;7;;CGNC;2301;D016
30.0;179.99;6.7;8.1;1.0;21;48;;1;20;False;False;False;;155.33;0;;;5;Eldorado (Rishis);14;;GL;2302;D016
48.0;330.0;12.9;14.5;1.0;22;30;;1;20;False;False;False;;44.65;2.08;;;5;BTP;9;;CGC;2303;D016
24.0;146.5;7.05;6.9;2.0;22;33;;1;20;False;False;False;;7.58;5.67;;;5;Adonai Química;1;;GL;2304;D016
32.0;189.99;9.5;11.45;1.0;0;1;;2;21;False;False;False;;15.6;1.2;;;5;TUP - Tiplam - GSA - E;56;;GSA - E;2305;D016
32.0;199.98;8.0;8.9;1.0;1;42;;2;21;False;False;True;;19.5;4.28;;;5;TEV;45;;CGNC;2306;D016
32.0;224.9;10.97;14.06;1.0;2;21;;2;21;False;False;False;;12.08;2.5;;;5;T-Grão;46;;GSA - E;2307;D016
40.0;228.0;7.5;9.7;1.0;3;0;;2;21;False;False;False;;19.12;2.18;;;5;Transpetro;47;;GL;2308;D016
48.0;299.18;10.2;9.7;2.0;3;44;;2;21;False;False;False;;11.52;2.57;;;5;Santos Brasil;32;;CGC;2309;D016
32.0;229.0;7.25;13.39;1.0;4;6;;2;21;False;False;False;;89.08;0;;;5;T-Grão;46;;GSA - E;2310;D016
32.0;204.35;9.29;12.65;1.0;4;30;;2;21;False;False;False;;59.6;2.38;;;5;TUP - DPW - CGNC;52;;CGNC;2311;D016
32.0;194.87;9.2;10.5;2.0;5;45;;2;21;False;False;False;;19.35;2.0;;;5;Santos Brasil;32;;CGC;2312;D016
32.0;225.0;6.8;12.57;1.0;7;30;;2;21;False;False;False;;43.08;3.42;;;5;TUP - Tiplam - GSA - E;56;;GSA - E;2313;D016
46.0;299.9;14.3;10.15;2.0;11;0;;2;21;False;False;False;;34.77;1.8;;;5;TUP - DPW - CGC;51;;CGC;2314;D016
48.0;299.95;11.7;13.35;1.0;11;30;;2;21;False;False;False;;19.27;1.72;;;5;BTP;9;;CGC;2315;D016
32.0;199.97;8.3;8.9;1.0;13;45;;2;21;False;False;True;;20.08;0.52;;;5;TEV;45;;CGNC;2316;D016
37.0;254.73;9.5;9.2;1.0;16;0;;2;21;False;False;False;;19.57;1.48;;;5;TUP - DPW - CGC;51;;CGC;2317;D016
32.0;193.0;7.2;12.89;1.0;17;0;;2;21;False;False;False;;46.5;3.33;;;5;TUP - Tiplam - GSA - E;56;;GSA - E;2318;D016
32.0;199.97;8.2;9.25;1.0;18;0;;2;21;False;False;True;;39.5;0.17;;;5;TEV;45;;RORO ;2319;D016
25.0;182.47;9.4;9.9;2.0;19;0;;2;21;False;False;False;;26.23;1.68;;;5;Santos Brasil;32;;CGC;2320;D016
32.0;229.0;7.23;13.4;1.0;19;0;;2;21;False;False;False;;108.3;0.42;;;5;Outros - Cais do Paquetá;27;;GSA - E;2321;D016
48.0;330.0;14.1;12.2;2.0;19;48;;2;21;False;False;False;;21.68;2.42;;;5;Santos Brasil;32;;CGC;2322;D016
32.25;294.0;10.55;11.65;1.0;20;42;;2;21;False;False;False;;5.57;2.22;;;5;BTP;9;;CGC;2323;D016
22.0;119.9;7.2;7.51;1.0;21;10;;2;21;False;False;False;;33.33;0.83;;;5;Ageo Terminais ;2;;GL;2324;D016
32.0;199.98;6.35;13.44;1.0;21;54;;2;21;False;False;False;;49.58;3.85;;;5;TUP - Tiplam - GSA - E;56;;GSA - E;2325;D016
51.0;335.95;10.3;13.0;2.0;22;42;;2;21;False;False;False;;32.2;2.13;;;5;Santos Brasil;32;;CGC;2326;D016
28.0;179.87;9.6;8.0;2.0;3;10;;3;22;False;False;False;;38.2;9.07;;;5;Transpetro;47;;GL;2327;D016
27.0;172.07;7.8;8.1;2.0;3;20;;3;22;False;False;False;;18.87;3.63;;;5;Autoridade - Saboo;7;;CGC;2328;D016
35.0;228.41;12.79;14.2;1.0;4;0;;3;22;False;False;False;;37.48;2.33;;;5;T-Grão;46;;GSA - E;2329;D016
30.0;182.93;6.6;8.82;1.0;4;0;;3;22;False;False;False;;116.75;35.0;;;5;TUP - Usiminas;58;;CGNC;2330;D016
30.0;179.97;10.5;6.03;2.0;4;11;;3;22;False;False;False;;184.15;5.67;;;5;Bracell;8;;GSA - I;2331;D016
32.0;189.99;6.8;11.99;1.0;6;48;;3;22;False;False;False;;37.58;3.5;;;5;TUP - Tiplam - GSA - E;56;;GSA - E;2332;D016
40.0;304.16;12.4;14.5;2.0;9;0;;3;22;False;False;False;;16.95;1.93;;;5;BTP;9;;CGC;2333;D016
23.0;164.34;8.9;7.4;2.0;9;30;;3;22;False;False;False;;23.25;3.0;;;5;TUP - Terminal Marítimo Dow;54;;GL;2334;D016
32.0;182.5;11.0;8.0;2.0;11;50;;3;22;False;False;False;;49.2;22.55;;;5;Stolthaven;33;;GL;2335;D016
30.0;222.15;8.3;9.7;2.0;12;0;;3;22;False;False;False;;7.62;1.85;;;5;Santos Brasil;32;;CGC;2336;D016
30.0;179.97;6.55;10.4;1.0;15;12;;3;22;False;False;False;;54.08;2.67;;;5;T-Grão;46;;GSA - E;2337;D016
24.0;169.98;9.6;6.0;2.0;16;0;;3;22;False;False;False;;19.8;2.9;;;5;TUP - Tiplam - GL;55;;GL;2338;D016
32.0;229.0;7.0;12.87;1.0;16;42;;3;22;False;False;False;;62.18;2.6;;;5;Outros - Cais da Ponta da Praia;23;;GSA - E;2339;D016
28.0;175.1;9.1;7.8;2.0;17;0;;3;22;False;False;False;;16.22;1.88;;;5;BTP;9;;CGC;2340;D016
32.0;189.99;6.69;11.95;1.0;18;30;;3;22;False;False;False;;19.33;2.92;;;5;Autoridade - Out;5;;GSA - E;2341;D016
32.0;182.88;7.2;10.0;1.0;19;0;;3;22;False;False;False;;31.17;3.7;;;5;Transpetro;47;;GL;2342;D016
32.0;199.98;6.6;10.65;1.0;20;30;;3;22;False;False;False;;51.03;2.57;;;5;TUP - DPW - CGNC;52;;CGNC;2343;D016
33.0;229.0;7.45;13.31;1.0;21;0;;3;22;False;False;False;;30.25;1.67;;;5;Terminal de Granéis do Guarujá (TGG);40;;GSA - E;2344;D016
32.0;228.9;7.54;13.29;1.0;0;40;;4;23;False;False;False;;45.42;0;;;5;T-Grão;46;;GSA - E;2345;D016
32.0;183.21;9.0;7.2;2.0;4;52;;4;23;False;False;False;;72.22;0;;;5;Outros - Píer da Alamoa;30;;GL;2346;D016
48.0;333.95;14.25;14.4;2.0;6;0;;4;23;False;False;False;;24.55;1.82;;;5;Santos Brasil;32;;CGC;2347;D016
30.0;199.2;8.6;11.0;1.0;7;0;;4;23;False;False;False;;26.45;4.97;;;5;Outros - Libra Terminais;29;;CGNC;2348;D016
26.0;170.17;6.65;7.9;1.0;8;0;;4;23;False;False;False;;112.53;0;;;5;Ageo Terminais ;2;;GL;2349;D016
32.0;186.07;9.25;8.95;2.0;11;5;;4;23;False;False;False;;21.75;0.83;;;5;Ageo Terminais ;2;;GL;2350;D016
32.0;199.98;9.95;7.0;2.0;11;55;;4;23;False;False;False;;109.2;0;;;5;Outros - Cais do Saboó;28;;GL;2351;D016
36.0;210.0;11.0;13.45;1.0;12;15;;4;23;False;False;False;;34.12;1.03;;;5;TUP - DPW - CGNC;52;;CGNC;2352;D016
40.0;293.18;13.6;10.8;2.0;13;0;;4;23;False;False;False;;42.23;2.45;;;5;Santos Brasil;32;;CGC;2353;D016
40.0;277.32;12.0;11.1;2.0;13;30;;4;23;False;False;False;;11.63;1.58;;;5;TUP - DPW - CGC;51;;CGC;2354;D016
36.0;210.0;8.0;11.0;1.0;13;30;;4;23;False;False;False;;35.5;5.17;;;5;Autoridade - Macuco;4;;CGNC;2355;D016
32.0;199.95;6.66;13.6;1.0;13;48;;4;23;False;False;False;;32.42;3.0;;;5;T-Grão;46;;GSA - E;2356;D016
40.0;303.83;13.6;12.35;2.0;14;15;;4;23;False;False;False;;34.15;2.02;;;5;TUP - DPW - CGC;51;;CGC;2357;D016
32.25;189.99;11.03;8.38;2.0;17;6;;4;23;False;False;False;;114.07;0.47;;;5;TUP - Tiplam - GSM - I;57;;GSM - I;2358;D016
32.0;225.0;9.0;13.45;1.0;18;0;;4;23;False;False;False;;64.67;0;;;5;Outros - Cais do Macuco;25;;CGNC;2359;D016
44.0;299.95;10.7;9.6;2.0;18;30;;4;23;False;False;False;;17.1;3.18;;;5;Santos Brasil;32;;CGC;2360;D016
32.0;229.0;7.8;13.04;1.0;20;48;;4;23;False;False;False;;58.58;0;;;5;T-Grão;46;;GSA - E;2361;D016
32.0;210.96;8.9;8.3;2.0;23;15;;4;23;False;False;False;;22.58;1.37;;;5;BTP;9;;CGC;2362;D016
32.0;229.0;6.9;13.04;1.0;23;50;;4;23;False;False;False;;61.22;0;;;5;Autoridade - Ponta;6;;GSA - E;2363;D016
37.0;199.98;8.6;9.1;1.0;0;36;;5;24;False;False;True;;25.47;0.7;;;5;TEV;45;;CGNC;2364;D016
27.0;183.0;8.3;8.3;1.0;3;28;;5;24;False;False;False;;7.7;12.5;;;5;Transpetro;47;;GL;2365;D016
37.0;228.0;9.2;8.8;2.0;6;0;;5;24;False;False;False;;6.28;1.67;;;5;BTP;9;;CGC;2366;D016
32.0;263.23;10.8;11.8;1.0;6;0;;5;24;False;False;False;;16.78;1.12;;;5;TUP - DPW - CGC;51;;CGC;2367;D016
45.0;299.9;12.1;12.1;2.0;6;0;;5;24;False;False;False;;19.55;1.25;;;5;BTP;9;;CGC;2368;D016
33.0;199.83;7.55;13.3;1.0;7;24;;5;24;False;False;False;;17.53;2.52;;;5;TUP - Tiplam - GSA - E;56;;GSA - E;2369;D016
32.0;204.85;7.6;10.1;1.0;8;0;;5;24;False;False;False;;66.92;5.13;;;5;TUP - Cutrale - GL;49;;GL;2370;D016
38.0;229.2;8.03;13.5;1.0;8;0;;5;24;False;False;False;;71.25;0;;;5;T-Grão;46;;GSA - E;2371;D016
33.0;199.83;7.25;7.62;1.0;8;0;;5;24;False;False;False;;32.33;2.33;;;5;T-Grão;46;;GSA - E;2372;D016
40.0;272.02;10.1;12.9;2.0;12;0;;5;24;False;False;False;;29.43;1.65;;;5;BTP;9;;CGC;2373;D016
32.0;211.0;7.7;8.0;1.0;12;0;;5;24;False;False;False;;12.92;1.52;;;5;Autoridade - Saboo;7;;CGC;2374;D016
32.0;199.98;9.6;8.8;2.0;14;50;;5;24;False;False;True;;12.5;1.1;;;5;TEV;45;;CGNC;2375;D016
45.0;299.9;11.65;13.8;2.0;14;50;;5;24;False;False;False;;15.13;2.02;;;5;BTP;9;;CGC;2376;D016
32.0;199.98;6.5;13.3;1.0;17;12;;5;24;False;False;False;;31.25;2.18;;;5;Terminal ADM do Brasil;39;;GSA - E;2377;D016
32.0;199.9;6.42;11.68;1.0;17;24;;5;24;False;False;False;;26.08;6.42;;;5;Autoridade - Out;5;;GSA - E;2378;D016
40.0;299.95;12.3;13.2;2.0;18;0;;5;24;False;False;False;;10.3;2.33;;;5;TUP - DPW - CGC;51;;CGC;2379;D016
32.0;229.0;6.9;12.96;1.0;21;0;;5;24;False;False;False;;33.75;2.33;;;5;T-Grão;46;;GSA - E;2380;D016
32.0;199.9;8.7;9.4;1.0;0;16;;6;25;False;False;True;;18.0;2.5;;;5;TEV;45;;CGNC;2381;D016
36.0;228.96;8.95;13.76;1.0;6;0;;6;25;False;False;False;;47.55;5.25;;;5;Autoridade - Out;5;;GSA - E;2382;D016
32.0;229.0;7.3;13.07;1.0;7;30;;6;25;False;False;False;;40.75;2.92;;;5;T-Grão;46;;GSA - E;2383;D016
43.0;272.26;12.8;11.8;2.0;9;0;;6;25;False;False;False;;19.73;2.38;;;5;Santos Brasil;32;;CGC;2384;D016
43.0;299.9;14.0;12.7;2.0;9;30;;6;25;False;False;False;;30.73;2.35;;;5;TUP - DPW - CGC;51;;CGC;2385;D016
32.0;229.0;6.96;13.45;1.0;13;0;;6;25;False;False;False;;78.67;0;;;5;T-Grão;46;;GSA - E;2386;D016
32.0;225.0;7.25;14.1;1.0;15;0;;6;25;False;False;False;;88.75;6.92;;;5;T-Grão;46;;GSA - E;2387;D016
40.0;284.71;10.8;9.4;2.0;15;0;;6;25;False;False;False;;14.43;2.4;;;5;TUP - DPW - CGC;51;;CGC;2388;D016
32.0;182.5;8.0;7.0;2.0;16;38;;6;25;False;False;False;;23.58;0.75;;;5;Ageo Terminais ;2;;GL;2389;D016
32.0;183.0;9.9;8.0;2.0;16;45;;6;25;False;False;False;;30.75;0;;;5;Outros - Píer da Alamoa;30;;GL;2390;D016
32.0;199.98;8.7;13.2;1.0;17;0;;6;25;False;False;False;;73.5;1.22;;;5;TUP - DPW - CGNC;52;;CGNC;2391;D016
35.0;199.91;9.2;8.95;2.0;17;0;;6;25;False;False;False;;29.53;2.08;;;5;Santos Brasil;32;;CGC;2392;D016
32.0;199.98;7.0;8.7;1.0;17;0;;6;25;False;False;False;;33.17;4.22;;;5;Autoridade - Macuco;4;;CGNC;2393;D016
32.0;228.92;7.52;8.25;1.0;17;30;;6;25;False;False;False;;28.62;2.6;;;5;TUP - Tiplam - GSA - E;56;;GSA - E;2394;D016
48.0;299.18;9.5;14.25;1.0;18;0;;6;25;False;False;False;;36.78;3.37;;;5;BTP;9;;CGC;2395;D016
27.0;179.53;9.4;8.5;2.0;18;0;;6;25;False;False;False;;45.42;0.4;;;5;Ageo Terminais ;2;;GL;2396;D016
36.0;225.0;7.9;13.65;1.0;18;52;;6;25;False;False;False;;122.82;5.6;;;5;TUP - DPW - CGNC;52;;CGNC;2397;D016
21.0;139.95;6.1;5.85;2.0;19;10;;6;25;False;False;False;;51.07;0;;;5;Ageo Terminais ;2;;GL;2398;D016
32.0;228.94;11.27;14.15;1.0;21;0;;6;25;False;False;False;;12.75;1.25;;;5;T-Grão;46;;GSA - E;2399;D016
36.0;227.2;7.65;13.75;1.0;21;30;;6;25;False;False;False;;45.67;2.83;;;5;T-Grão;46;;GSA - E;2400;D016
32.0;213.88;8.5;8.2;2.0;21;57;;6;25;False;False;False;;7.03;8.07;;;5;BTP;9;;CGNC;2401;D016
48.0;333.95;14.4;12.6;2.0;1;43;;0;26;False;False;False;;10.48;1.25;;;5;Santos Brasil;32;;CGC;2402;D016
32.0;183.2;6.8;7.2;2.0;2;42;;0;26;False;False;False;;13.5;19.58;;;5;Adonai Química;1;;GL;2403;D016
48.0;314.31;13.7;12.4;2.0;5;4;;0;26;False;False;False;;29.22;2.23;;;5;BTP;9;;CGC;2404;D016
40.0;300.4;11.9;12.0;2.0;8;0;;0;26;False;False;False;;19.72;2.28;;;5;BTP;9;;CGC;2405;D016
33.0;189.99;6.8;12.3;1.0;8;30;;0;26;False;False;False;;46.8;3.12;;;5;Terminal ADM do Brasil;39;;GSA - E;2406;D016
32.0;183.1;10.0;10.0;2.0;9;36;;0;26;False;False;False;;19.08;2.63;;;5;TUP - Terminal Marítimo Dow;54;;CGNC;2407;D016
29.0;177.85;8.46;9.4;1.0;9;59;;0;26;False;False;False;;58.92;0;;;5;Outros - Libra Terminais;29;;CGNC;2408;D016
27.0;158.93;7.7;10.2;1.0;11;5;;0;26;False;False;False;;66.58;12.25;;;5;Ultracargo;59;;GL;2409;D016
9.0;210.54;10.75;11.4;2.0;11;28;;0;26;False;False;False;;10.4;1.22;;;5;Santos Brasil;32;;CGC;2410;D016
23.0;149.95;6.8;6.8;1.0;17;36;;0;26;False;False;False;;3.85;3.97;;;5;Autoridade - Saboo;7;;CGNC;2411;D016
28.0;183.2;8.0;8.7;1.0;18;12;;0;26;False;False;False;;12.7;2.93;;;5;Transpetro;47;;GL;2412;D016
32.0;294.12;10.3;9.5;2.0;18;18;;0;26;False;False;False;;21.8;1.9;;;5;TUP - DPW - CGC;51;;CGC;2413;D016
28.0;172.04;7.3;6.9;2.0;19;45;;0;26;False;False;False;;6.57;1.67;;;5;BTP;9;;CGC;2414;D016
36.0;210.0;7.8;7.8;2.0;20;15;;0;26;False;False;True;;2.02;17.5;;;5;TEV;45;;CGNC;2415;D016
37.0;228.0;9.1;11.2;1.0;21;0;;0;26;False;False;False;;24.55;1.6;;;5;TUP - DPW - CGC;51;;CGC;2416;D016
28.0;172.0;8.5;8.0;1.0;0;6;;1;27;False;False;False;;12.18;10.68;;;5;BTP;9;;CGC;2417;D016
48.0;330.0;12.3;14.4;1.0;4;0;;1;27;False;False;False;;26.18;2.33;;;5;BTP;9;;CGC;2418;D016
32.0;258.89;10.7;10.7;2.0;5;12;;1;27;False;False;False;;12.63;2.13;;;5;Santos Brasil;32;;CGC;2419;D016
48.0;299.9;10.2;11.4;1.0;6;0;;1;27;False;False;False;;26.48;3.85;;;5;TUP - DPW - CGC;51;;CGC;2420;D016
51.0;336.0;13.2;11.1;2.0;7;0;;1;27;False;False;False;;19.9;1.93;;;5;Santos Brasil;32;;CGC;2421;D016
32.0;183.09;8.4;8.8;1.0;10;0;;1;27;False;False;False;;29.7;2.35;;;5;Transpetro;47;;GL;2422;D016
32.0;229.0;7.81;13.08;1.0;11;0;;1;27;False;False;False;;31.17;1.3;;;5;Terminal de Granéis do Guarujá (TGG);40;;GSA - E;2423;D016
32.0;201.8;9.7;12.7;1.0;11;50;;1;27;False;False;False;;90.35;1.92;;;5;TUP - DPW - CGNC;52;;CGNC;2424;D016
32.0;183.1;10.0;10.2;2.0;12;5;;1;27;False;False;False;;29.67;0;;;5;Stolthaven;33;;GL;2425;D016
32.0;182.5;11.47;9.0;2.0;15;30;;1;27;False;False;False;;129.8;0.87;;;5;Ageo Terminais ;2;;GL;2426;D016
31.0;212.54;10.6;10.3;2.0;17;0;;1;27;False;False;False;;22.47;1.72;;;5;Santos Brasil;32;;CGC;2427;D016
32.0;228.99;6.68;13.13;1.0;18;0;;1;27;False;False;False;;59.28;0;;;5;Autoridade - Ponta;6;;GSA - E;2428;D016
40.0;272.08;10.55;9.3;2.0;19;0;;1;27;False;False;False;;36.43;1.32;;;5;TUP - DPW - CGC;51;;CGC;2429;D016
27.0;179.53;6.5;7.4;1.0;22;30;;1;27;False;False;False;;75.0;0;;;5;Adonai Química;1;;GL;2430;D016
32.0;229.0;7.3;13.33;1.0;23;30;;1;27;False;False;False;;105.92;9.08;;;5;Outros - Cais do Paquetá;27;;GSA - E;2431;D016
32.0;229.0;7.3;13.29;1.0;0;7;;2;28;False;False;False;;35.77;2.75;;;5;Terminal de Granéis do Guarujá (TGG);40;;GSA - E;2432;D016
30.0;179.97;8.58;10.6;1.0;0;10;;2;28;False;False;False;;29.67;2.42;;;5;T-Grão;46;;GSA - E;2433;D016
32.0;225.0;5.5;13.75;1.0;0;24;;2;28;False;False;False;;71.5;1.97;;;5;Autoridade - Out;5;;GSA - E;2434;D016
48.0;299.91;10.45;9.6;2.0;2;59;;2;28;False;False;False;;13.32;4.83;;;5;Santos Brasil;32;;CGC;2435;D016
37.0;228.0;9.7;9.8;2.0;5;20;;2;28;False;False;False;;23.13;3.23;;;5;Santos Brasil;32;;CGC;2436;D016
36.0;210.0;8.5;10.5;1.0;8;0;;2;28;False;False;False;;39.0;2.08;;;5;Outros - Cais do Macuco;25;;CGNC;2437;D016
26.0;170.0;7.05;9.5;1.0;8;0;;2;28;False;False;False;;41.72;5.3;;;5;TUP - Cutrale - GL;49;;GL;2438;D016
32.0;189.99;6.67;10.91;1.0;8;30;;2;28;False;False;False;;20.58;2.08;;;5;T-Grão;46;;GSA - E;2439;D016
40.0;299.99;12.1;12.6;2.0;9;12;;2;28;False;False;False;;27.53;2.73;;;5;Santos Brasil;32;;CGC;2440;D016
32.0;189.99;12.2;9.45;2.0;12;30;;2;28;False;False;False;;62.03;0;;;5;Outros - Cais do Macuco;25;;GSM - I;2441;D016
30.0;163.46;7.8;7.8;1.0;13;40;;2;28;False;False;False;;41.83;0.17;;;5;TUP - Saipem;53;;CGNC;2442;D016
32.0;294.13;10.7;9.7;2.0;13;42;;2;28;False;False;False;;9.32;1.78;;;5;TUP - DPW - CGC;51;;CGC;2443;D016
32.0;229.0;7.31;13.24;1.0;14;0;;2;28;False;False;False;;120.67;0;;;5;T-Grão;46;;GSA - E;2444;D016
32.0;229.0;7.3;13.65;1.0;14;30;;2;28;False;False;False;;96.17;2.67;;;5;T-Grão;46;;GSA - E;2445;D016
35.0;185.97;8.9;8.9;2.0;17;0;;2;28;False;False;False;;13.95;1.32;;;5;TUP - DPW - CGC;51;;CGC;2446;D016
51.0;336.0;13.8;10.7;2.0;18;0;;2;28;False;False;False;;22.7;4.8;;;5;Santos Brasil;32;;CGC;2447;D016
40.0;228.0;9.7;11.9;1.0;19;30;;2;28;False;False;False;;53.2;2.7;;;5;Transpetro;47;;GL;2448;D016
48.0;300.0;10.8;14.2;1.0;20;10;;2;28;False;False;False;;12.48;1.73;;;5;BTP;9;;CGC;2449;D016
25.0;182.47;9.4;9.3;1.0;22;25;;2;28;False;False;False;;22.53;1.87;;;5;Santos Brasil;32;;CGC;2450;D016
32.0;211.0;8.0;8.45;1.0;1;7;;3;29;False;False;True;;10.9;1.0;;;5;TEV;45;;CGNC;2451;D016
37.0;254.87;9.2;9.2;2.0;4;0;;3;29;False;False;False;;10.78;2.35;;;5;TUP - DPW - CGC;51;;CGC;2452;D016
32.0;229.0;7.4;13.41;1.0;12;12;;3;29;False;False;False;;64.73;3.0;;;5;Terminal ADM do Brasil;39;;GSA - E;2453;D016
29.0;180.0;8.3;7.8;2.0;14;18;;3;29;False;False;False;;44.5;7.58;;;5;Transpetro;47;;GL;2454;D016
19.0;88.9;5.5;5.9;1.0;16;45;;3;29;False;False;False;;44.67;0.17;;;5;TUP - Saipem;53;;CGNC;2455;D016
32.0;183.06;12.0;9.0;2.0;16;48;;3;29;False;False;False;;66.08;7.67;;;5;Ultracargo;59;;GL;2456;D016
32.0;225.0;7.29;13.39;1.0;16;50;;3;29;False;False;False;;42.58;2.77;;;5;TUP - Tiplam - GSA - E;56;;GSA - E;2457;D016
24.0;144.09;9.7;6.2;2.0;23;10;;3;29;False;False;False;;56.67;0;;;5;Ageo Terminais ;2;;GL;2458;D016
48.0;328.46;11.7;14.1;2.0;0;10;;4;30;False;False;False;;14.83;1.63;;;5;BTP;9;;CGC;2459;D016
28.0;186.4;6.0;10.0;1.0;0;31;;4;30;False;False;False;;19.83;2.5;;;5;T-Grão;46;;GSA - E;2460;D016
32.0;228.9;10.58;13.26;1.0;0;50;;4;30;False;False;False;;9.5;3.25;;;5;Terminal de Granéis do Guarujá (TGG);40;;GSA - E;2461;D016
32.0;243.35;9.0;11.2;2.0;1;50;;4;30;False;False;False;;11.1;2.37;;;5;Santos Brasil;32;;CGC;2462;D016
25.0;156.53;7.3;6.6;2.0;5;54;;4;30;False;False;False;;21.5;3.75;;;5;Stolthaven;33;;GL;2463;D016
32.0;225.0;7.8;13.4;1.0;6;6;;4;30;False;False;False;;56.33;1.67;;;5;Outros - Cais da Ponta da Praia;23;;GSA - E;2464;D016
32.0;199.9;7.27;12.75;1.0;6;30;;4;30;False;False;False;;33.25;2.75;;;5;T-Grão;46;;GSA - E;2465;D016
32.0;183.1;10.2;8.1;2.0;9;17;;4;30;False;False;False;;92.75;0.58;;;5;Ageo Terminais ;2;;GL;2466;D016
32.0;179.9;8.1;9.2;1.0;12;36;;4;30;False;False;True;;25.0;2.25;;;5;TEV;45;;CGNC;2467;D016
44.0;268.03;13.8;10.5;2.0;13;30;;4;30;False;False;False;;50.22;1.93;;;5;Santos Brasil;32;;CGC;2468;D016
40.0;277.32;11.4;13.4;1.0;14;24;;4;30;False;False;False;;20.22;1.6;;;5;BTP;9;;CGC;2469;D016
32.0;228.99;6.78;13.53;1.0;15;0;;4;30;False;False;False;;58.83;0.93;;;5;TUP - Cutrale - GSA - E;50;;GSA - E;2470;D016
45.0;299.9;11.6;10.1;2.0;19;0;;4;30;False;False;False;;23.13;2.62;;;5;Santos Brasil;32;;CGNC;2471;D016
44.0;299.95;10.4;12.6;2.0;19;5;;4;30;False;False;False;;11.97;1.3;;;5;BTP;9;;CGC;2472;D016
43.0;335.07;11.2;12.5;1.0;20;0;;4;30;False;False;False;;16.23;3.48;;;5;BTP;9;;CGC;2473;D016
32.0;229.0;7.6;8.7;1.0;20;15;;4;30;False;False;False;;41.17;3.67;;;5;Outros - Cais do Paquetá;27;;GSA - E;2474;D016
37.0;227.92;10.0;10.3;1.0;22;15;;4;30;False;False;False;;19.33;1.8;;;5;TUP - DPW - CGC;51;;CGC;2475;D016
37.0;255.36;9.65;12.3;2.0;22;48;;4;30;False;False;False;;14.63;6.15;;;5;BTP;9;;CGC;2476;D016
48.0;333.2;11.3;11.3;2.0;2;28;;5;31;False;False;False;;11.7;1.57;;;5;BTP;9;;CGC;2477;D016
36.0;228.9;7.85;12.5;1.0;8;0;;5;31;False;False;False;;72.4;2.98;;;5;Terminal ADM do Brasil;39;;GSA - E;2478;D016
40.0;306.0;9.9;12.5;1.0;11;18;;5;31;False;False;False;;16.85;1.58;;;5;TUP - DPW - CGC;51;;CGC;2479;D016
32.0;225.0;7.2;12.1;1.0;12;0;;5;31;False;False;False;;47.57;3.38;;;5;Terminal Exportador do Guarujá (TEG);42;;GSA - E;2480;D016
32.0;225.0;7.5;7.2;2.0;12;0;;5;31;False;False;False;;93.8;3.5;;;5;Outros - Cais do Outeirinhos;26;;GSM - I;2481;D016
36.0;210.0;10.5;12.4;1.0;13;0;;5;31;False;False;False;;22.58;42.09;;;5;Outros - Libra Terminais;29;;CGNC;2482;D016
21.0;139.95;7.5;7.2;1.0;13;0;;5;31;False;False;False;;30.9;0;;;5;Outros - Píer da Alamoa;30;;GL;2483;D016
32.0;224.98;7.23;13.0;1.0;13;6;;5;31;False;False;False;;33.75;1.43;;;5;Terminal de Granéis do Guarujá (TGG);40;;GSA - E;2484;D016
32.0;229.0;7.52;13.16;1.0;13;7;;5;31;False;False;False;;40.53;2.53;;;5;Terminal ADM do Brasil;39;;GSA - E;2485;D016
30.0;210.54;9.7;8.1;2.0;13;19;;5;31;False;False;False;;21.4;1.92;;;5;Santos Brasil;32;;CGC;2486;D016
27.4;183.98;7.4;10.27;1.0;13;24;;5;31;False;False;False;;30.6;1.63;;;5;Transpetro;47;;GL;2487;D016
32.0;210.96;9.1;8.1;2.0;15;0;;5;31;False;False;False;;16.22;2.87;;;5;BTP;9;;CGC;2488;D016
32.0;199.94;7.4;8.6;1.0;15;30;;5;31;False;False;True;;33.0;2.77;;;5;TEV;45;;RORO ;2489;D016
32.0;183.06;9.0;7.3;2.0;19;42;;5;31;False;False;False;;44.0;2.73;;;5;TUP - Terminal Marítimo Dow;54;;GL;2490;D016
32.0;262.08;10.04;12.39;2.0;21;0;;5;31;False;False;False;;17.7;1.78;;;5;Santos Brasil;32;;CGC;2491;D016
43.0;318.24;9.5;9.4;2.0;22;12;;5;31;False;False;False;;14.4;2.38;;;5;BTP;9;;CGC;2492;D016
35.0;223.98;9.6;9.1;2.0;22;15;;5;31;False;False;False;;23.55;4.47;;;5;Santos Brasil;32;;CGC;2493;D016
37.0;215.4;6.85;11.6;1.0;22;40;;5;31;False;False;False;;203.07;2.77;;;5;Outros - Cais do Macuco;25;;CGNC;2494;D016
32.0;224.98;10.4;8.0;2.0;23;0;;5;31;False;False;False;;163.25;2.17;;;5;TUP - Tiplam - GSM - I;57;;GSM - I;2495;D016
32.0;224.98;14.01;10.2;2.0;0;1;;6;1;False;False;False;;56.28;2.6;;;6;Terminal Marítimo do Guarujá (Termag);43;;GSM - I;2496;D016
48.0;299.18;9.8;14.3;1.0;1;36;;6;1;False;False;False;;34.75;3.88;;;6;BTP;9;;CGC;2497;D016
32.0;199.97;8.3;9.0;1.0;1;56;;6;1;False;False;True;;24.0;3.5;;;6;TEV;45;;CGNC;2498;D016
32.0;229.0;12.96;13.32;1.0;4;0;;6;1;False;False;False;;6.75;1.75;;;6;T-Grão;46;;GSA - E;2499;D016
32.0;229.0;7.3;13.18;1.0;6;40;;6;1;False;False;False;;41.42;1.63;;;6;Terminal de Granéis do Guarujá (TGG);40;;GSA - E;2500;D016
33.0;229.0;7.2;13.29;1.0;7;0;;6;1;False;False;False;;80.75;1.0;;;6;Terminal Exportador do Guarujá (TEG);42;;GSA - E;2501;D016
48.0;333.2;11.3;14.15;2.0;10;0;;6;1;False;False;False;;24.85;3.35;;;6;BTP;9;;CGC;2502;D016
23.0;164.34;8.9;6.9;2.0;14;0;;6;1;False;False;False;;26.42;2.58;;;6;TUP - Terminal Marítimo Dow;54;;GL;2503;D016
30.0;218.45;8.5;9.7;2.0;15;20;;6;1;False;False;False;;21.75;1.85;;;6;Santos Brasil;32;;CGC;2504;D016
21.0;134.75;8.2;6.85;2.0;15;40;;6;1;False;False;False;;43.17;0.45;;;6;Ageo Terminais ;2;;GL;2505;D016
33.0;201.8;7.5;9.7;1.0;21;24;;6;1;False;False;False;;20.87;11.13;;;6;Autoridade - Macuco;4;;CGNC;2506;D016
33.0;201.8;9.7;13.0;1.0;21;24;;6;1;False;False;False;;68.73;4.75;;;6;TUP - DPW - CGNC;52;;CGNC;2507;D016
32.0;229.0;8.7;13.14;1.0;22;50;;6;1;False;False;False;;44.13;1.33;;;6;Autoridade - Ponta;6;;GSA - E;2508;D016
28.0;198.0;7.3;7.3;1.0;0;42;;0;2;False;False;False;;4.18;2.0;;;6;TUP - DPW - CGC;51;;CGC;2509;D016
32.0;229.0;7.6;13.39;1.0;0;42;;0;2;False;False;False;;47.25;1.83;;;6;Terminal de Granéis do Guarujá (TGG);40;;GSA - E;2510;D016
32.0;199.9;7.0;13.28;1.0;1;50;;0;2;False;False;False;;89.33;3.67;;;6;TUP - Tiplam - GSA - E;56;;GSA - E;2511;D016
48.0;333.17;14.3;11.6;2.0;2;30;;0;2;False;False;False;;18.67;2.1;;;6;TUP - DPW - CGC;51;;CGC;2512;D016
48.0;299.0;11.3;13.1;1.0;6;0;;0;2;False;False;False;;20.77;2.13;;;6;BTP;9;;CGC;2513;D016
27.0;179.53;7.4;9.5;1.0;10;30;;0;2;False;False;False;;49.33;0;;;6;Outros - Píer da Alamoa;30;;GL;2514;D016
32.0;199.98;6.6;11.7;1.0;11;18;;0;2;False;False;False;;25.67;1.92;;;6;T-Grão;46;;GSA - E;2515;D016
43.0;254.0;7.5;7.81;1.0;12;0;;0;2;False;False;False;;34.88;0;;;6;Autoridade - Ponta;6;;GSA - E;2516;D016
48.0;330.08;14.25;12.1;2.0;12;13;;0;2;False;False;False;;30.13;2.48;;;6;BTP;9;;CGC;2517;D016
32.25;294.0;11.5;10.0;2.0;12;30;;0;2;False;False;False;;22.12;1.97;;;6;Santos Brasil;32;;CGC;2518;D016
32.0;228.99;8.16;13.32;1.0;13;40;;0;2;False;False;False;;54.07;1.28;;;6;TUP - Cutrale - GSA - E;50;;GSA - E;2519;D016
33.0;229.0;13.41;13.45;1.0;14;0;;0;2;False;False;False;;1.67;1.13;;;6;Terminal de Granéis do Guarujá (TGG);40;;GSA - E;2520;D016
30.0;180.0;9.7;7.02;2.0;14;48;;0;2;False;False;False;;60.43;2.4;;;6;TUP - Tiplam - GSM - I;57;;GSM - I;2521;D016
27.0;158.98;8.3;8.2;2.0;16;30;;0;2;False;False;False;;25.62;0;;;6;Ageo Terminais ;2;;GL;2522;D016
26.0;177.0;8.69;6.49;2.0;21;35;;0;2;False;False;False;;240.58;0.08;;;6;Outros - Cais do Macuco;25;;GSM - I;2523;D016
30.0;222.15;9.7;11.0;2.0;22;42;;0;2;False;False;False;;5.5;1.82;;;6;Santos Brasil;32;;CGC;2524;D016
48.0;299.9;10.9;12.3;2.0;23;0;;0;2;False;False;False;;15.5;2.12;;;6;Santos Brasil;32;;CGC;2525;D016
25.0;169.06;6.6;10.1;1.0;1;42;;1;3;False;False;False;;84.5;0.25;;;6;Ageo Terminais ;2;;GL;2526;D016
32.0;229.0;13.29;13.51;1.0;2;30;;1;3;False;False;False;;2.08;0.92;;;6;Terminal de Granéis do Guarujá (TGG);40;;GSA - E;2527;D016
32.0;260.66;11.5;11.9;1.0;3;0;;1;3;False;False;False;;8.02;1.1;;;6;TUP - DPW - CGC;51;;CGC;2528;D016
25.0;156.53;6.6;6.8;1.0;5;30;;1;3;False;False;False;;34.6;1.07;;;6;Ageo Terminais ;2;;GL;2529;D016
32.0;228.99;6.53;12.63;1.0;10;0;;1;3;False;False;False;;22.92;3.75;;;6;Autoridade - Out;5;;GSA - E;2530;D016
49.0;299.93;9.5;8.75;2.0;10;0;;1;3;False;False;False;;13.38;2.75;;;6;Santos Brasil;32;;CGC;2531;D016
32.0;229.0;7.6;13.47;1.0;12;0;;1;3;False;False;False;;57.25;12.25;;;6;Terminal de Granéis do Guarujá (TGG);40;;GSA - E;2532;D016
32.0;228.99;7.22;13.28;1.0;12;30;;1;3;False;False;False;;79.0;0;;;6;Autoridade - Out;5;;GSA - E;2533;D016
32.0;214.0;8.1;8.2;2.0;14;40;;1;3;False;False;True;;1.38;3.07;;;6;TEV;45;;CGNC;2534;D016
32.0;225.0;7.1;13.09;1.0;15;0;;1;3;False;False;False;;56.65;3.93;;;6;Terminal Exportador do Guarujá (TEG);42;;GSA - E;2535;D016
40.04;275.0;11.0;11.5;1.0;15;45;;1;3;False;False;False;;18.5;1.62;;;6;Outros - Cais da Santos Brasil;24;;CGNC;2536;D016
30.0;199.2;9.4;11.75;1.0;16;18;;1;3;False;False;False;;25.0;3.98;;;6;TUP - DPW - CGNC;52;;CGNC;2537;D016
30.0;208.85;9.4;10.0;2.0;17;0;;1;3;False;False;False;;16.98;1.85;;;6;Santos Brasil;32;;CGC;2538;D016
40.0;272.05;10.2;9.3;2.0;19;0;;1;3;False;False;False;;14.8;1.3;;;6;TUP - DPW - CGC;51;;CGC;2539;D016
36.0;236.32;7.9;8.2;2.0;20;40;;1;3;False;False;False;;8.83;1.62;;;6;Autoridade - Saboo;7;;CGNC;2540;D016
32.0;183.06;9.0;8.5;2.0;23;10;;1;3;False;False;False;;48.47;0;;;6;Ageo Terminais ;2;;GL;2541;D016
32.0;183.31;7.1;10.4;1.0;0;28;;2;4;False;False;False;;44.4;2.07;;;6;Transpetro;47;;GL;2542;D016
46.0;299.9;12.48;13.95;1.0;1;30;;2;4;False;False;False;;24.73;2.12;;;6;TUP - DPW - CGC;51;;CGC;2543;D016
26.0;170.17;7.9;11.2;1.0;1;45;;2;4;False;False;False;;58.83;0;;;6;Outros - Píer da Alamoa;30;;GL;2544;D016
32.0;229.0;7.89;12.6;1.0;2;6;;2;4;False;False;False;;78.4;2.43;;;6;Outros - Cais da Ponta da Praia;23;;GSA - E;2545;D016
32.0;226.8;9.3;11.3;1.0;4;42;;2;4;False;False;False;;12.0;2.92;;;6;Outros - Libra Terminais;29;;CGNC;2546;D016
32.0;229.0;7.35;13.53;1.0;4;45;;2;4;False;False;False;;48.38;5.67;;;6;Terminal ADM do Brasil;39;;GSA - E;2547;D016
22.0;119.9;8.0;7.3;1.0;6;0;;2;4;False;False;False;;70.78;0;;;6;Ageo Terminais ;2;;GL;2548;D016
30.0;180.0;6.86;9.88;1.0;9;35;;2;4;False;False;False;;69.27;0.33;;;6;Temrinal de Exportação de Açúcar do Guarujá (TEAG);37;;GSA - E;2549;D016
32.0;229.97;8.7;9.2;1.0;11;0;;2;4;False;False;True;;35.5;1.8;;;6;TEV;45;;CGNC;2550;D016
28.0;175.1;9.1;8.7;1.0;12;45;;2;4;False;False;False;;10.18;2.82;;;6;BTP;9;;CGC;2551;D016
25.0;145.0;8.3;9.0;2.0;13;30;;2;4;False;False;False;;57.58;8.58;;;6;Ultracargo;59;;GL;2552;D016
32.0;183.06;7.3;7.4;2.0;15;0;;2;4;False;False;False;;18.75;0;;;6;Outros - Píer da Alamoa;30;;GL;2553;D016
32.0;257.38;8.4;8.3;2.0;15;30;;2;4;False;False;False;;8.32;1.33;;;6;TUP - DPW - CGC;51;;CGC;2554;D016
32.0;294.12;12.9;11.75;2.0;17;0;;2;4;False;False;False;;16.97;2.25;;;6;TUP - DPW - CGC;51;;CGC;2555;D016
19.0;88.9;5.8;4.7;1.0;18;35;;2;4;False;False;False;;51.5;0.08;;;6;TUP - Saipem;53;;CGNC;2556;D016
25.0;182.47;8.5;10.0;2.0;19;0;;2;4;False;False;False;;21.32;1.83;;;6;Santos Brasil;32;;CGC;2557;D016
45.0;339.62;13.5;12.75;2.0;19;6;;2;4;False;False;False;;38.7;3.0;;;6;TUP - DPW - CGC;51;;CGC;2558;D016
48.0;299.82;13.35;11.9;2.0;20;0;;2;4;False;False;False;;30.13;2.43;;;6;Santos Brasil;32;;CGC;2559;D016
32.0;199.92;6.6;9.05;1.0;0;1;;3;5;False;False;False;;24.32;0.17;;;6;Autoridade - Ponta;6;;GSA - E;2560;D016
32.0;183.09;8.0;9.5;1.0;0;40;;3;5;False;False;False;;30.9;5.3;;;6;Transpetro;47;;GL;2561;D016
32.0;204.36;9.42;9.7;1.0;0;42;;3;5;False;False;False;;14.78;5.0;;;6;Autoridade - Macuco;4;;CGNC;2562;D016
48.0;330.0;13.8;11.5;2.0;2;6;;3;5;False;False;False;;29.17;1.25;;;6;Santos Brasil;32;;CGC;2563;D016
37.0;255.0;9.8;9.5;2.0;2;30;;3;5;False;False;False;;11.43;1.68;;;6;TUP - DPW - CGC;51;;CGC;2564;D016
32.0;294.12;9.9;9.4;2.0;4;25;;3;5;False;False;False;;33.63;1.3;;;6;TUP - DPW - CGC;51;;CGC;2565;D016
28.0;177.85;9.78;7.0;2.0;5;0;;3;5;False;False;False;;109.6;5.2;;;6;TUP - Usiminas;58;;CGNC;2566;D016
48.0;330.0;11.8;14.0;2.0;6;30;;3;5;False;False;False;;34.18;2.47;;;6;BTP;9;;CGC;2567;D016
40.0;293.87;11.3;12.4;1.0;7;30;;3;5;False;False;False;;10.47;2.92;;;6;BTP;9;;CGC;2568;D016
32.0;228.0;11.7;8.5;2.0;8;42;;3;5;False;False;False;;82.08;5.42;;;6;Adonai Química;1;;GL;2569;D016
33.0;228.9;9.01;9.88;1.0;9;3;;3;5;False;False;False;;21.02;1.33;;;6;TUP - Cutrale - GSA - E;50;;GSA - E;2570;D016
32.0;229.0;7.6;12.29;1.0;10;0;;3;5;False;False;False;;43.27;3.02;;;6;TUP - Tiplam - GSA - E;56;;GSA - E;2571;D016
34.0;201.9;8.4;13.2;1.0;13;12;;3;5;False;False;False;;127.07;1.78;;;6;TUP - DPW - CGNC;52;;CGNC;2572;D016
28.0;179.87;9.75;9.3;2.0;13;15;;3;5;False;False;False;;16.0;3.27;;;6;Transpetro;47;;GL;2573;D016
35.0;223.96;8.8;8.8;2.0;15;40;;3;5;False;False;False;;15.27;2.6;;;6;Santos Brasil;32;;CGC;2574;D016
27.0;158.98;8.2;7.0;2.0;16;16;;3;5;False;False;False;;44.22;0;;;6;Stolthaven;33;;GL;2575;D016
32.0;182.5;9.0;7.3;2.0;19;0;;3;5;False;False;False;;32.83;0;;;6;Ageo Terminais ;2;;GL;2576;D016
36.0;236.32;8.2;8.2;1.0;21;45;;3;5;False;False;True;;9.83;1.5;;;6;TEV;45;;CGNC;2577;D016
32.0;228.16;9.7;8.6;2.0;22;0;;3;5;False;False;False;;76.17;0;;;6;Outros - Píer da Alamoa;30;;GL;2578;D016
32.0;228.99;7.16;13.6;1.0;22;0;;3;5;False;False;False;;44.25;7.97;;;6;TUP - Tiplam - GSA - E;56;;GSA - E;2579;D016
48.0;299.97;11.5;13.3;1.0;22;40;;3;5;False;False;False;;11.92;2.48;;;6;BTP;9;;CGC;2580;D016
27.0;172.07;9.0;8.6;2.0;1;7;;4;6;False;False;False;;14.22;5.65;;;6;Outros - Cais da Ecoporto;21;;CGC;2581;D016
48.0;335.98;13.9;12.0;2.0;2;0;;4;6;False;False;False;;19.22;3.53;;;6;BTP;9;;CGC;2582;D016
51.0;335.9;10.1;13.3;1.0;3;42;;4;6;False;False;False;;29.63;1.98;;;6;Santos Brasil;32;;CGC;2583;D016
32.0;199.9;6.65;13.1;1.0;4;0;;4;6;False;False;False;;51.83;6.08;;;6;TUP - Tiplam - GSA - E;56;;GSA - E;2584;D016
32.0;228.0;10.6;7.6;2.0;4;0;;4;6;False;False;False;;100.75;0;;;6;Outros - Píer da Alamoa;30;;GL;2585;D016
48.0;333.95;14.1;11.9;2.0;6;0;;4;6;False;False;False;;29.48;1.82;;;6;Santos Brasil;32;;CGC;2586;D016
32.0;257.38;8.3;9.9;1.0;7;45;;4;6;False;False;False;;7.8;2.38;;;6;Santos Brasil;32;;CGC;2587;D016
32.0;226.8;11.3;11.0;1.0;9;10;;4;6;False;False;False;;21.5;3.25;;;6;Outros - Cais do Macuco;25;;CGNC;2588;D016
36.0;266.65;12.2;10.6;2.0;10;0;;4;6;False;False;False;;15.93;2.48;;;6;Santos Brasil;32;;CGC;2589;D016
26.0;145.26;10.05;6.7;2.0;10;30;;4;6;False;False;False;;48.67;4.0;;;6;Adonai Química;1;;GL;2590;D016
45.0;299.9;10.6;12.65;2.0;11;0;;4;6;False;False;False;;13.63;1.27;;;6;BTP;9;;CGC;2591;D016
37.0;227.97;10.2;11.2;1.0;12;0;;4;6;False;False;False;;25.42;2.23;;;6;TUP - DPW - CGC;51;;CGC;2592;D016
32.0;183.06;7.1;11.0;1.0;12;24;;4;6;False;False;False;;38.5;8.2;;;6;Transpetro;47;;GL;2593;D016
48.0;299.9;12.2;9.9;2.0;13;0;;4;6;False;False;False;;22.27;1.72;;;6;Santos Brasil;32;;CGNC;2594;D016
32.0;190.0;6.2;11.51;1.0;15;0;;4;6;False;False;False;;22.83;2.17;;;6;T-Grão;46;;GSA - E;2595;D016
40.09;299.9;10.6;9.4;2.0;15;0;;4;6;False;False;False;;23.35;2.15;;;6;BTP;9;;CGC;2596;D016
30.0;179.97;6.0;10.05;1.0;17;0;;4;6;False;False;False;;82.0;17.33;;;6;TUP - Tiplam - GSA - E;56;;GSA - E;2597;D016
32.0;201.8;9.6;11.32;1.0;17;15;;4;6;False;False;False;;29.25;22.83;;;6;TUP - DPW - CGNC;52;;CGNC;2598;D016
32.0;201.8;9.1;8.5;1.0;17;15;;4;6;False;False;False;;10.33;1.75;;;6;Outros - Cais do Macuco;25;;CGNC;2599;D016
34.0;185.97;9.65;7.55;2.0;17;54;;4;6;False;False;False;;13.63;2.72;;;6;Santos Brasil;32;;CGC;2600;D016
32.0;199.9;11.7;6.73;2.0;0;30;;5;7;False;False;False;;273.7;0;;;6;Outros - Cais do Macuco;25;;GSM - I;2601;D016
30.0;180.0;6.08;10.01;1.0;3;0;;5;7;False;False;False;;23.5;2.92;;;6;T-Grão;46;;GSA - E;2602;D016
32.0;213.88;8.7;9.5;1.0;4;0;;5;7;False;False;False;;41.98;3.27;;;6;BTP;9;;CGNC;2603;D016
32.0;189.99;12.65;8.47;2.0;5;30;;5;7;False;False;False;;131.25;3.37;;;6;Terminal Marítimo do Guarujá (Termag);43;;GSM - I;2604;D016
32.0;189.99;8.47;6.19;2.0;5;30;;5;7;False;False;False;;41.65;2.62;;;6;TUP - Tiplam - GSM - I;57;;GSM - I;2605;D016
30.0;189.99;9.13;6.16;2.0;5;30;;5;7;False;False;False;;225.75;2.67;;;6;Outros - Cais do Saboó;28;;GSM - I;2606;D016
48.0;333.18;10.7;9.85;2.0;6;0;;5;7;False;False;False;;10.42;1.73;;;6;BTP;9;;CGC;2607;D016
44.0;268.03;12.7;12.1;2.0;6;30;;5;7;False;False;False;;69.9;2.05;;;6;Santos Brasil;32;;CGC;2608;D016
35.0;228.95;6.98;9.95;1.0;8;42;;5;7;False;False;False;;43.13;12.13;;;6;Outros - Cais do Paquetá;27;;GSA - E;2609;D016
32.0;225.0;7.33;13.1;1.0;8;45;;5;7;False;False;False;;159.62;4.97;;;6;Outros - Cais do Paquetá;27;;GSA - E;2610;D016
32.0;182.68;8.9;9.9;1.0;11;0;;5;7;False;False;False;;42.58;0;;;6;Adonai Química;1;;GL;2611;D016
32.0;229.0;6.9;13.39;1.0;12;12;;5;7;False;False;False;;104.8;0;;;6;Autoridade - Ponta;6;;GSA - E;2612;D016
27.0;183.0;7.5;8.6;1.0;12;30;;5;7;False;False;False;;15.6;1.17;;;6;Transpetro;47;;GL;2613;D016
43.0;270.9;10.45;9.7;2.0;14;0;;5;7;False;False;False;;12.18;2.15;;;6;TUP - DPW - CGC;51;;CGC;2614;D016
26.0;170.0;9.7;8.8;2.0;18;0;;5;7;False;False;False;;26.82;0;;;6;Ageo Terminais ;2;;GL;2615;D016
45.0;299.9;11.7;14.0;2.0;18;0;;5;7;False;False;False;;15.68;1.55;;;6;BTP;9;;CGC;2616;D016
30.0;210.54;8.0;9.8;1.0;18;44;;5;7;False;False;False;;16.22;1.95;;;6;Santos Brasil;32;;CGC;2617;D016
40.0;272.08;11.6;13.2;2.0;21;30;;5;7;False;False;False;;12.37;1.52;;;6;BTP;9;;CGC;2618;D016
27.0;169.37;7.5;7.2;2.0;22;0;;5;7;False;False;False;;89.28;2.2;;;6;Outros - Cais do Outeirinhos;26;;GSM - I;2619;D016
37.0;227.97;11.2;11.35;2.0;23;30;;5;7;False;False;False;;7.65;2.0;;;6;BTP;9;;CGC;2620;D016
28.0;179.87;9.0;7.5;2.0;0;0;;6;8;False;False;False;;18.8;3.9;;;6;TUP - Tiplam - GL;55;;GL;2621;D016
36.0;200.0;7.5;7.2;2.0;0;24;;6;8;False;False;False;;20.82;1.92;;;6;Santos Brasil;32;;CGC;2622;D016
32.0;224.95;6.39;12.05;1.0;6;42;;6;8;False;False;False;;76.05;7.58;;;6;Outros - Cais da Ponta da Praia;23;;GSA - E;2623;D016
32.0;225.0;9.82;10.85;1.0;7;0;;6;8;False;False;False;;66.0;2.92;;;6;Outros - Cais do Macuco;25;;CGNC;2624;D016
40.0;284.71;11.9;13.15;1.0;8;0;;6;8;False;False;False;;10.88;2.57;;;6;TUP - DPW - CGC;51;;CGC;2625;D016
32.0;229.0;7.02;13.34;1.0;8;0;;6;8;False;False;False;;32.9;3.22;;;6;Terminal ADM do Brasil;39;;GSA - E;2626;D016
30.0;183.0;8.6;5.95;2.0;8;0;;6;8;False;False;False;;159.67;1.75;;;6;Bracell;8;;GSA - I;2627;D016
25.0;149.9;8.0;6.2;1.0;9;48;;6;8;False;False;False;;66.53;11.63;;;6;Ultracargo;59;;GL;2628;D016
40.0;228.0;7.2;11.9;1.0;10;10;;6;8;False;False;False;;81.43;1.58;;;6;Transpetro;47;;GL;2629;D016
32.0;189.02;12.2;8.0;2.0;10;30;;6;8;False;False;False;;115.17;0;;;6;Ageo Terminais ;2;;GL;2630;D016
45.0;299.9;13.5;12.2;2.0;10;50;;6;8;False;False;False;;23.0;2.7;;;6;TUP - DPW - CGC;51;;CGC;2631;D016
33.0;189.94;5.83;13.44;1.0;12;45;;6;8;False;False;False;;37.15;2.27;;;6;TUP - Tiplam - GSA - E;56;;GSA - E;2632;D016
32.0;229.0;12.2;8.0;1.0;17;0;;6;8;False;False;False;;54.75;3.08;;;6;T-Grão;46;;GSA - E;2633;D016
48.0;299.91;11.15;14.45;1.0;23;36;;6;8;False;False;False;;26.68;2.12;;;6;BTP;9;;CGC;2634;D016
27.0;158.98;6.8;8.0;1.0;23;54;;6;8;False;False;False;;35.7;0.72;;;6;Ageo Terminais ;2;;GL;2635;D016
30.0;179.9;6.2;8.06;1.0;4;24;;0;9;False;False;False;;137.35;41.23;;;6;TUP - Usiminas;58;;CGNC;2636;D016
51.0;336.0;10.0;12.1;1.0;5;0;;0;9;False;False;False;;29.05;1.75;;;6;Santos Brasil;32;;CGC;2637;D016
32.0;199.9;10.3;7.16;2.0;8;42;;0;9;False;False;False;;75.08;2.53;;;6;TUP - Tiplam - GSM - I;57;;GSM - I;2638;D016
24.0;141.0;6.05;6.4;1.0;9;0;;0;9;False;False;False;;15.83;9.95;;;6;TUP - Terminal Marítimo Dow;54;;CGNC;2639;D016
24.0;141.0;7.9;6.25;2.0;10;0;;0;9;False;False;False;;40.08;0;;;6;Outros - Píer da Alamoa;30;;GL;2640;D016
26.0;161.48;7.4;7.7;1.0;11;0;;0;9;False;False;False;;2.23;19.2;;;6;Autoridade - Saboo;7;;CGC;2641;D016
32.0;229.0;6.93;14.12;1.0;14;54;;0;9;False;False;False;;35.08;2.58;;;6;T-Grão;46;;GSA - E;2642;D016
32.0;199.9;7.4;13.26;1.0;17;0;;0;9;False;False;False;;37.58;2.5;;;6;Autoridade - Out;5;;GSA - E;2643;D016
32.0;228.9;7.2;13.18;1.0;17;42;;0;9;False;False;False;;100.13;0.85;;;6;Terminal Exportador do Guarujá (TEG);42;;GSA - E;2644;D016
32.0;228.99;7.14;13.0;1.0;18;30;;0;9;False;False;False;;42.8;0;;;6;Autoridade - Ponta;6;;GSA - E;2645;D016
35.0;199.91;8.2;9.0;2.0;19;30;;0;9;False;False;False;;13.62;1.33;;;6;Santos Brasil;32;;CGC;2646;D016
51.0;335.9;14.1;11.6;2.0;20;23;;0;9;False;False;False;;31.6;2.43;;;6;Santos Brasil;32;;CGC;2647;D016
28.0;172.0;8.4;8.0;2.0;22;30;;0;9;False;False;False;;8.97;3.55;;;6;BTP;9;;CGC;2648;D016
48.0;329.77;14.4;12.7;2.0;0;40;;1;10;False;False;False;;22.5;1.63;;;6;BTP;9;;CGC;2649;D016
43.0;299.9;12.6;13.9;1.0;4;0;;1;10;False;False;False;;17.72;1.38;;;6;TUP - DPW - CGC;51;;CGC;2650;D016
33.0;228.9;9.88;13.27;1.0;4;55;;1;10;False;False;False;;67.28;4.13;;;6;TUP - Cutrale - GSA - E;50;;GSA - E;2651;D016
38.0;249.97;12.0;12.5;2.0;4;59;;1;10;False;False;False;;15.98;1.17;;;6;BTP;9;;CGC;2652;D016
32.0;225.0;7.0;13.2;1.0;6;0;;1;10;False;False;False;;54.92;0;;;6;T-Grão;46;;GSA - E;2653;D016
31.0;225.16;11.2;12.2;2.0;7;0;;1;10;False;False;False;;14.07;5.65;;;6;Santos Brasil;32;;CGC;2654;D016
31.0;212.54;12.4;12.0;2.0;8;18;;1;10;False;False;False;;12.9;3.87;;;6;Santos Brasil;32;;CGC;2655;D016
32.0;183.0;8.9;8.2;2.0;11;0;;1;10;False;False;False;;25.17;2.72;;;6;TUP - Terminal Marítimo Dow;54;;GL;2656;D016
32.0;183.0;10.6;8.9;2.0;12;0;;1;10;False;False;False;;65.33;0;;;6;Outros - Píer da Alamoa;30;;GL;2657;D016
30.0;180.0;10.07;5.74;2.0;12;0;;1;10;False;False;False;;386.02;0;;;6;Nita;18;;GSA - I;2658;D016
40.0;278.94;10.3;11.7;2.0;13;0;;1;10;False;False;False;;15.67;2.05;;;6;Santos Brasil;32;;CGC;2659;D016
32.0;229.07;7.56;12.73;1.0;13;30;;1;10;False;False;False;;50.55;0;;;6;Autoridade - Ponta;6;;GSA - E;2660;D016
32.0;225.0;8.05;13.9;1.0;15;0;;1;10;False;False;False;;36.58;2.17;;;6;Autoridade - Out;5;;GSA - E;2661;D016
9.0;210.54;9.5;9.6;2.0;15;0;;1;10;False;False;False;;12.38;2.93;;;6;Santos Brasil;32;;CGC;2662;D016
32.0;228.9;7.56;13.55;1.0;15;30;;1;10;False;False;False;;110.82;2.92;;;6;Outros - Cais do Paquetá;27;;GSA - E;2663;D016
32.0;228.99;6.93;13.62;1.0;18;0;;1;10;False;False;False;;39.08;3.92;;;6;T-Grão;46;;GSA - E;2664;D016
40.0;272.05;10.7;9.1;2.0;18;45;;1;10;False;False;False;;15.08;1.6;;;6;TUP - DPW - CGC;51;;CGC;2665;D016
26.0;170.0;8.8;8.8;2.0;19;30;;1;10;False;False;False;;14.0;0;;;6;Outros - Píer da Alamoa;30;;GL;2666;D016
48.0;299.9;9.8;9.3;2.0;19;42;;1;10;False;False;False;;10.07;3.8;;;6;Santos Brasil;32;;CGC;2667;D016
33.0;177.9;8.0;8.1;1.0;20;30;;1;10;False;False;False;;61.33;0.17;;;6;TUP - Saipem;53;;CGNC;2668;D016
32.0;259.8;11.2;9.0;2.0;22;42;;1;10;False;False;False;;11.4;1.58;;;6;Santos Brasil;32;;CGNC;2669;D016
36.0;210.0;8.5;13.7;1.0;2;6;;2;11;False;False;False;;79.28;1.05;;;6;TUP - DPW - CGNC;52;;CGNC;2670;D016
36.0;210.0;7.1;8.5;1.0;3;24;;2;11;False;False;False;;21.85;6.0;;;6;Autoridade - Macuco;4;;CGNC;2671;D016
32.0;228.15;9.5;10.9;2.0;4;18;;2;11;False;False;False;;26.77;3.43;;;6;Santos Brasil;32;;CGC;2672;D016
48.0;330.0;12.7;14.45;1.0;7;0;;2;11;False;False;False;;25.92;1.78;;;6;BTP;9;;CGC;2673;D016
32.0;225.0;7.09;13.19;1.0;9;18;;2;11;False;False;False;;60.25;1.72;;;6;Autoridade - Out;5;;GSA - E;2674;D016
28.0;183.2;8.0;8.7;1.0;10;0;;2;11;False;False;False;;20.37;0.93;;;6;Transpetro;47;;GL;2675;D016
32.0;180.0;8.5;9.0;2.0;10;15;;2;11;False;False;True;;15.0;0.55;;;6;TEV;45;;CGNC;2676;D016
28.0;179.87;8.4;7.7;1.0;10;30;;2;11;False;False;False;;16.3;7.97;;;6;Transpetro;47;;GL;2677;D016
32.0;243.0;9.0;9.7;2.0;11;12;;2;11;False;False;False;;8.13;2.35;;;6;TUP - DPW - CGC;51;;CGC;2678;D016
40.0;182.9;7.4;8.8;1.0;13;0;;2;11;False;False;False;;17.3;3.03;;;6;Transpetro;47;;GL;2679;D016
32.0;229.0;7.21;12.83;1.0;13;40;;2;11;False;False;False;;89.93;3.12;;;6;Outros - Cais da Ponta da Praia;23;;GSA - E;2680;D016
17.0;75.2;4.0;5.5;1.0;14;10;;2;11;False;False;False;;42.33;0.17;;;6;TUP - Saipem;53;;CGNC;2681;D016
24.0;144.09;7.5;6.3;2.0;16;0;;2;11;False;False;False;;29.33;0.83;;;6;Ageo Terminais ;2;;GL;2682;D016
32.0;182.68;9.9;11.1;1.0;16;5;;2;11;False;False;False;;80.08;0;;;6;Outros - Píer da Alamoa;30;;GL;2683;D016
28.0;178.7;9.6;6.43;2.0;17;0;;2;11;False;False;False;;138.9;0;;;6;Outros - Cais do Macuco;25;;GSM - I;2684;D016
19.0;88.9;6.0;6.0;1.0;18;10;;2;11;False;False;False;;68.83;0.17;;;6;TUP - Saipem;53;;CGNC;2685;D016
32.0;228.99;7.13;13.41;1.0;19;0;;2;11;False;False;False;;30.6;1.33;;;6;Terminal de Granéis do Guarujá (TGG);40;;GSA - E;2686;D016
25.0;182.47;9.5;9.3;2.0;21;0;;2;11;False;False;False;;23.97;2.3;;;6;Santos Brasil;32;;CGC;2687;D016
37.0;254.73;10.8;9.3;2.0;21;6;;2;11;False;False;False;;12.67;1.93;;;6;TUP - DPW - CGC;51;;CGC;2688;D016
31.0;198.5;8.8;11.2;1.0;21;30;;2;11;False;False;False;;49.33;9.17;;;6;Outros - Libra Terminais;29;;CGNC;2689;D016
29.0;176.83;7.5;7.2;2.0;23;50;;2;11;False;False;False;;45.33;3.83;;;6;Outros - Cais do Outeirinhos;26;;GSM - I;2690;D016
48.0;299.95;12.0;13.6;2.0;2;0;;3;12;False;False;False;;12.42;2.07;;;6;BTP;9;;CGC;2691;D016
25.0;149.9;6.2;7.8;1.0;2;30;;3;12;False;False;False;;45.3;0.62;;;6;Ageo Terminais ;2;;GL;2692;D016
32.0;229.0;7.5;7.2;1.0;3;30;;3;12;False;False;False;;157.9;0;;;6;Copersucar;12;;GSA - E;2693;D016
43.0;272.0;11.3;9.9;2.0;8;0;;3;12;False;False;False;;22.98;2.85;;;6;BTP;9;;CGC;2694;D016
51.0;336.0;10.1;12.3;2.0;10;54;;3;12;False;False;False;;37.63;4.23;;;6;Santos Brasil;32;;CGC;2695;D016
30.0;181.0;5.55;8.72;1.0;11;26;;3;12;False;False;False;;16.17;1.57;;;6;TUP - Tiplam - GSA - E;56;;GSA - E;2696;D016
35.0;224.0;10.0;9.9;2.0;15;45;;3;12;False;False;False;;19.93;2.28;;;6;Santos Brasil;32;;CGC;2697;D016
29.0;180.0;9.8;7.3;2.0;16;4;;3;12;False;False;False;;22.2;9.0;;;6;Transpetro;47;;GL;2698;D016
43.0;270.9;10.8;7.85;2.0;17;0;;3;12;False;False;False;;10.87;2.52;;;6;Santos Brasil;32;;CGC;2699;D016
32.0;228.62;9.7;10.8;2.0;19;35;;3;12;False;False;False;;29.62;2.47;;;6;Santos Brasil;32;;CGC;2700;D016
32.0;229.0;7.45;13.5;1.0;23;12;;3;12;False;False;False;;30.23;2.18;;;6;Terminal ADM do Brasil;39;;GSA - E;2701;D016
43.0;272.26;11.5;14.3;1.0;0;15;;4;13;False;False;False;;20.48;2.9;;;6;BTP;9;;CGC;2702;D016
38.0;255.17;11.54;8.5;2.0;2;30;;4;13;False;False;False;;20.7;1.6;;;6;TUP - DPW - CGC;51;;CGC;2703;D016
32.0;229.0;7.23;13.25;1.0;3;0;;4;13;False;False;False;;32.33;3.47;;;6;TUP - Tiplam - GSA - E;56;;GSA - E;2704;D016
32.0;228.99;14.2;7.8;2.0;3;6;;4;13;False;False;False;;110.87;2.47;;;6;Terminal Marítimo do Guarujá (Termag);43;;GSM - I;2705;D016
40.0;304.14;10.8;9.3;1.0;5;0;;4;13;False;False;False;;11.38;1.32;;;6;TUP - DPW - CGC;51;;CGC;2706;D016
32.0;225.0;7.5;7.2;2.0;5;12;;4;13;False;False;False;;32.35;2.33;;;6;Outros - Cais do Outeirinhos;26;;GSM - I;2707;D016
32.0;225.0;7.1;13.04;1.0;5;36;;4;13;False;False;False;;47.75;4.42;;;6;TUP - Tiplam - GSA - E;56;;GSA - E;2708;D016
32.0;294.13;10.5;12.95;1.0;7;0;;4;13;False;False;False;;11.85;1.4;;;6;TUP - DPW - CGC;51;;CGC;2709;D016
32.0;228.92;7.5;7.2;1.0;7;30;;4;13;False;False;False;;27.08;2.08;;;6;T-Grão;46;;GSA - E;2710;D016
22.0;139.17;6.9;6.9;1.0;8;45;;4;13;False;False;False;;7.2;7.75;;;6;Santos Brasil;32;;CGC;2711;D016
32.0;199.98;8.4;9.0;1.0;9;0;;4;13;False;False;True;;27.5;0.68;;;6;TEV;45;;CGNC;2712;D016
37.0;228.41;7.8;13.56;1.0;9;50;;4;13;False;False;False;;57.92;1.75;;;6;T-Grão;46;;GSA - E;2713;D016
36.0;229.9;7.56;12.38;1.0;10;42;;4;13;False;False;False;;82.33;6.13;;;6;Terminal 12A (COFCO);38;;GSA - E;2714;D016
18.0;85.34;5.0;5.5;1.0;11;50;;4;13;False;False;False;;184.17;0.17;;;6;TUP - Saipem;53;;CGNC;2715;D016
38.0;227.95;11.0;10.7;1.0;12;0;;4;13;False;False;False;;22.92;1.25;;;6;TUP - DPW - CGC;51;;CGC;2716;D016
32.0;229.0;7.41;10.93;1.0;13;25;;4;13;False;False;False;;35.75;0.87;;;6;TUP - Cutrale - GSA - E;50;;GSA - E;2717;D016
23.0;164.34;8.4;6.8;2.0;13;30;;4;13;False;False;False;;22.58;3.17;;;6;TUP - Terminal Marítimo Dow;54;;GL;2718;D016
32.0;225.0;9.3;14.2;1.0;14;0;;4;13;False;False;False;;41.97;2.28;;;6;TUP - DPW - CGNC;52;;CGNC;2719;D016
48.0;299.9;11.8;14.4;1.0;16;30;;4;13;False;False;False;;24.35;4.65;;;6;BTP;9;;CGC;2720;D016
45.0;299.9;11.7;9.6;2.0;18;45;;4;13;False;False;False;;17.25;2.05;;;6;Santos Brasil;32;;CGNC;2721;D016
48.0;299.89;9.6;9.2;2.0;19;0;;4;13;False;False;False;;9.42;1.88;;;6;BTP;9;;CGC;2722;D016
28.0;179.99;10.16;7.46;2.0;19;0;;4;13;False;False;False;;155.58;0;;;6;Outros - Cais do Macuco;25;;GSM - I;2723;D016
32.0;228.99;7.69;13.52;1.0;20;30;;4;13;False;False;False;;42.67;2.83;;;6;T-Grão;46;;GSA - E;2724;D016
32.0;199.87;6.81;12.75;1.0;22;30;;4;13;False;False;False;;222.27;2.72;;;6;Outros - Cais da Ponta da Praia;23;;GSA - E;2725;D016
0.0;229.0;6.3;13.11;1.0;1;50;;5;14;False;False;False;;48.0;3.08;;;6;T-Grão;46;;GSA - E;2726;D016
45.0;299.9;12.65;11.2;2.0;4;0;;5;14;False;False;False;;22.32;1.67;;;6;BTP;9;;CGC;2727;D016
32.0;183.09;8.2;9.1;1.0;7;0;;5;14;False;False;False;;24.0;3.92;;;6;Transpetro;47;;GL;2728;D016
32.0;229.0;7.3;13.45;1.0;8;0;;5;14;False;False;False;;31.97;2.25;;;6;Terminal ADM do Brasil;39;;GSA - E;2729;D016
48.0;314.36;11.8;10.1;2.0;12;0;;5;14;False;False;False;;18.52;2.45;;;6;TUP - DPW - CGC;51;;CGC;2730;D016
32.0;228.99;7.03;13.23;1.0;12;30;;5;14;False;False;False;;66.83;2.97;;;6;T-Grão;46;;GSA - E;2731;D016
32.0;199.94;7.7;8.3;1.0;13;30;;5;14;False;False;True;;45.83;0.7;;;6;TEV;45;;RORO ;2732;D016
32.0;183.31;10.4;7.61;2.0;14;0;;5;14;False;False;False;;148.9;1.9;;;6;Ageo Terminais ;2;;GL;2733;D016
40.0;272.05;10.6;13.5;2.0;14;25;;5;14;False;False;False;;16.6;1.27;;;6;BTP;9;;CGC;2734;D016
32.0;228.0;8.5;7.6;2.0;15;0;;5;14;False;False;False;;48.0;5.08;;;6;Ultracargo;59;;GL;2735;D016
32.0;229.0;6.9;13.5;1.0;15;30;;5;14;False;False;False;;32.57;3.03;;;6;Terminal de Granéis do Guarujá (TGG);40;;GSA - E;2736;D016
32.0;225.0;7.2;12.58;1.0;15;48;;5;14;False;False;False;;43.4;0;;;6;Autoridade - Ponta;6;;GSA - E;2737;D016
38.0;227.95;10.7;10.8;2.0;17;15;;5;14;False;False;False;;10.8;1.43;;;6;BTP;9;;CGC;2738;D016
27.0;184.06;9.2;8.3;2.0;18;45;;5;14;False;False;False;;56.67;0;;;6;Outros - Píer da Alamoa;30;;GL;2739;D016
32.0;243.0;9.7;10.3;2.0;19;15;;5;14;False;False;False;;11.98;1.95;;;6;Santos Brasil;32;;CGC;2740;D016
32.0;225.0;7.26;11.83;1.0;20;30;;5;14;False;False;False;;82.75;0;;;6;Terminal Exportador do Guarujá (TEG);42;;GSA - E;2741;D016
42.0;300.07;11.95;12.1;2.0;23;0;;5;14;False;False;False;;17.7;1.6;;;6;BTP;9;;CGC;2742;D016
48.0;299.88;14.5;13.0;2.0;2;48;;6;15;False;False;False;;27.68;3.73;;;6;Santos Brasil;32;;CGC;2743;D016
48.0;333.2;10.4;13.4;2.0;5;0;;6;15;False;False;False;;15.18;1.45;;;6;BTP;9;;CGC;2744;D016
32.0;199.98;8.7;11.7;1.0;5;0;;6;15;False;False;False;;37.9;7.33;;;6;TUP - DPW - CGNC;52;;CGNC;2745;D016
32.0;294.03;10.3;12.1;2.0;5;12;;6;15;False;False;False;;20.58;1.73;;;6;Santos Brasil;32;;CGC;2746;D016
32.0;226.8;7.5;7.45;2.0;7;30;;6;15;False;False;False;;18.0;6.1;;;6;Autoridade - Saboo;7;;CGNC;2747;D016
32.0;225.0;6.4;13.11;1.0;10;0;;6;15;False;False;False;;57.42;0;;;6;T-Grão;46;;GSA - E;2748;D016
32.0;263.23;11.8;10.0;2.0;12;30;;6;15;False;False;False;;10.15;1.8;;;6;Santos Brasil;32;;CGC;2749;D016
32.0;183.34;8.0;10.3;1.0;15;24;;6;15;False;False;False;;62.1;1.07;;;6;Transpetro;47;;GL;2750;D016
26.0;170.0;7.1;9.7;1.0;17;0;;6;15;False;False;False;;42.68;11.55;;;6;TUP - Cutrale - GL;49;;GL;2751;D016
48.0;330.0;11.9;12.7;2.0;18;0;;6;15;False;False;False;;27.85;1.93;;;6;Santos Brasil;32;;CGC;2752;D016
35.0;185.96;8.4;8.3;2.0;20;30;;6;15;False;False;False;;17.77;3.98;;;6;Santos Brasil;32;;CGC;2753;D016
32.0;189.99;6.5;9.65;1.0;20;54;;6;15;False;False;False;;19.42;1.88;;;6;TUP - Tiplam - GSA - E;56;;GSA - E;2754;D016
32.0;294.1;10.5;10.9;2.0;23;45;;6;15;False;False;False;;27.87;1.15;;;6;TUP - DPW - CGC;51;;CGC;2755;D016
24.0;145.0;9.72;8.1;2.0;1;0;;0;16;False;False;False;;47.0;0.42;;;6;Ageo Terminais ;2;;GL;2756;D016
33.0;199.9;7.78;9.1;1.0;8;18;;0;16;False;False;True;;28.5;1.53;;;6;TEV;45;;CGNC;2757;D016
32.0;199.9;7.0;13.55;1.0;9;6;;0;16;False;False;False;;32.35;1.98;;;6;Autoridade - Out;5;;GSA - E;2758;D016
28.0;177.0;6.42;9.01;1.0;10;29;;0;16;False;False;False;;82.9;4.25;;;6;NST - CGNC;19;;GSA - E;2759;D016
28.0;177.0;9.5;6.42;2.0;10;29;;0;16;False;False;False;;100.37;2.17;;;6;Bracell;8;;GSA - I;2760;D016
31.0;199.2;8.96;9.79;1.0;11;40;;0;16;False;False;False;;13.25;3.78;;;6;Outros - Libra Terminais;29;;CGNC;2761;D016
35.0;228.95;7.45;12.67;1.0;12;30;;0;16;False;False;False;;56.68;2.68;;;6;Terminal ADM do Brasil;39;;GSA - E;2762;D016
43.0;254.0;7.81;12.79;1.0;15;0;;0;16;False;False;False;;63.08;4.5;;;6;Outros - Cais da Ponta da Praia;23;;GSA - E;2763;D016
32.0;199.54;7.9;8.4;1.0;17;30;;0;16;False;False;True;;10.08;1.42;;;6;TEV;45;;CGNC;2764;D016
24.0;149.03;9.6;9.1;2.0;19;0;;0;16;False;False;False;;32.33;0;;;6;Adonai Química;1;;GL;2765;D016
32.0;229.0;12.29;13.98;1.0;20;30;;0;16;False;False;False;;24.72;2.7;;;6;Outros - Cais do Paquetá;27;;GSA - E;2766;D016
30.0;208.85;10.9;11.5;2.0;23;0;;0;16;False;False;False;;13.67;2.6;;;6;Santos Brasil;32;;CGC;2767;D016
48.0;330.0;14.45;12.2;2.0;23;37;;0;16;False;False;False;;20.72;1.53;;;6;BTP;9;;RORO ;2768;D016
33.0;224.86;7.5;7.2;2.0;1;30;;1;17;False;False;False;;33.0;7.22;;;6;Outros - Cais do Outeirinhos;26;;GSM - I;2769;D016
32.0;214.0;8.8;9.0;1.0;6;58;;1;17;False;False;False;;31.7;3.97;;;6;BTP;9;;CGNC;2770;D016
32.0;229.0;7.51;13.25;1.0;7;30;;1;17;False;False;False;;65.95;3.62;;;6;Terminal Exportador de Santos (TES);41;;GSA - E;2771;D016
32.0;229.0;7.5;7.2;1.0;8;0;;1;17;False;False;False;;50.58;2.67;;;6;TUP - Tiplam - GSA - E;56;;GSA - E;2772;D016
32.0;189.99;8.9;12.8;1.0;8;0;;1;17;False;False;False;;37.33;1.38;;;6;T-Grão;46;;GSA - E;2773;D016
49.0;299.93;9.55;14.5;1.0;9;0;;1;17;False;False;False;;27.98;1.78;;;6;BTP;9;;CGC;2774;D016
37.0;256.07;11.0;9.2;3.0;9;30;;1;17;False;False;False;;28.93;1.98;;;6;TUP - DPW - CGC;51;;CGC;2775;D016
32.0;229.0;7.15;13.18;1.0;9;30;;1;17;False;False;False;;78.92;0;;;6;T-Grão;46;;GSA - E;2776;D016
38.0;230.0;7.46;13.36;1.0;13;0;;1;17;False;False;False;;73.25;0;;;6;T-Grão;46;;GSA - E;2777;D016
33.0;189.99;10.3;6.29;2.0;14;0;;1;17;False;False;False;;43.5;3.5;;;6;Terminal Marítimo do Guarujá (Termag);43;;GSM - I;2778;D016
32.0;225.0;10.85;12.9;1.0;14;0;;1;17;False;False;False;;24.83;3.83;;;6;Outros - Libra Terminais;29;;CGNC;2779;D016
32.0;228.99;7.0;13.62;1.0;16;0;;1;17;False;False;False;;33.67;3.03;;;6;Terminal de Granéis do Guarujá (TGG);40;;GSA - E;2780;D016
32.0;194.87;10.0;9.8;2.0;16;0;;1;17;False;False;False;;34.45;6.13;;;6;Santos Brasil;32;;CGC;2781;D016
32.0;228.99;12.7;14.2;1.0;17;30;;1;17;False;False;False;;9.42;2.67;;;6;T-Grão;46;;GSA - E;2782;D016
40.0;304.16;9.9;9.3;2.0;19;0;;1;17;False;False;False;;12.07;2.12;;;6;BTP;9;;CGC;2783;D016
36.0;236.32;8.2;9.0;1.0;20;48;;1;17;False;False;True;;16.5;1.4;;;6;TEV;45;;CGNC;2784;D016
30.0;218.45;10.9;9.9;2.0;21;30;;1;17;False;False;False;;21.45;1.32;;;6;Santos Brasil;32;;CGC;2785;D016
22.0;119.9;7.2;6.75;1.0;1;46;;2;18;False;False;False;;32.92;0;;;6;Ageo Terminais ;2;;GL;2786;D016
32.0;199.9;8.7;8.94;2.0;2;36;;2;18;False;False;False;;22.63;2.03;;;6;TUP - Tiplam - GSM - I;57;;GSM - I;2787;D016
43.0;270.9;9.8;11.8;1.0;3;0;;2;18;False;False;False;;13.82;2.1;;;6;Santos Brasil;32;;CGC;2788;D016
29.0;189.99;10.2;6.99;2.0;3;20;;2;18;False;False;False;;353.42;0;;;6;Outros - Cais do Saboó;28;;GSM - I;2789;D016
48.0;337.0;13.7;10.8;2.0;3;45;;2;18;False;False;False;;18.8;3.82;;;6;BTP;9;;CGC;2790;D016
48.0;299.98;9.8;9.2;2.0;5;0;;2;18;False;False;False;;14.53;1.47;;;6;Santos Brasil;32;;CGC;2791;D016
32.0;229.0;10.93;13.56;1.0;5;25;;2;18;False;False;False;;20.75;0.22;;;6;TUP - Cutrale - GSA - E;50;;GSA - E;2792;D016
24.0;149.03;9.1;8.8;2.0;5;30;;2;18;False;False;False;;12.03;0;;;6;Outros - Píer da Alamoa;30;;GL;2793;D016
34.0;185.97;7.6;10.1;1.0;5;35;;2;18;False;False;False;;14.9;2.07;;;6;Santos Brasil;32;;CGC;2794;D016
30.0;199.2;7.92;6.9;2.0;8;0;;2;18;False;False;False;;60.25;0;;;6;Outros - Cais do Saboó;28;;GL;2795;D016
28.0;186.35;8.6;8.7;1.0;9;6;;2;18;False;False;False;;5.17;1.67;;;6;BTP;9;;CGC;2796;D016
28.0;179.99;5.97;10.2;1.0;9;30;;2;18;False;False;False;;20.78;3.2;;;6;Autoridade - Out;5;;GSA - E;2797;D016
32.0;225.0;7.98;14.24;1.0;9;48;;2;18;False;False;False;;148.12;5.83;;;6;TUP - DPW - CGNC;52;;CGNC;2798;D016
32.0;189.99;6.19;9.03;1.0;10;0;;2;18;False;False;False;;11.33;1.78;;;6;T-Grão;46;;GSA - E;2799;D016
32.0;228.99;6.57;13.29;1.0;10;18;;2;18;False;False;False;;94.5;4.03;;;6;TUP - Tiplam - GSA - E;56;;GSA - E;2800;D016
32.0;225.0;7.1;7.98;1.0;12;0;;2;18;False;False;False;;39.78;5.0;;;6;Autoridade - Macuco;4;;CGNC;2801;D016
30.0;179.99;9.3;7.6;2.0;12;48;;2;18;False;False;False;;33.12;2.47;;;6;TUP - Tiplam - GSM - I;57;;GSM - I;2802;D016
48.0;333.17;12.2;14.3;1.0;13;0;;2;18;False;False;False;;33.42;2.27;;;6;TUP - DPW - CGC;51;;CGC;2803;D016
32.0;179.95;7.5;7.2;2.0;15;0;;2;18;False;False;False;;56.35;2.28;;;6;Outros - Cais do Outeirinhos;26;;GSM - I;2804;D016
25.0;182.47;9.7;9.4;2.0;16;0;;2;18;False;False;False;;30.5;2.7;;;6;Santos Brasil;32;;CGC;2805;D016
37.0;254.87;9.4;9.0;1.0;18;30;;2;18;False;False;False;;16.3;1.82;;;6;TUP - DPW - CGC;51;;CGC;2806;D016
32.0;224.95;7.5;7.2;1.0;19;0;;2;18;False;False;False;;29.22;2.88;;;6;Outros - Cais do Paquetá;27;;GSA - E;2807;D016
27.0;169.37;9.8;6.47;2.0;22;0;;2;18;False;False;False;;139.9;0;;;6;Outros - Cais do Saboó;28;;GSM - I;2808;D016
36.0;199.99;7.35;11.8;1.0;4;56;;3;19;False;False;False;;32.3;3.23;;;6;TUP - Tiplam - GSA - E;56;;GSA - E;2809;D016
43.0;318.24;12.7;13.45;2.0;5;30;;3;19;False;False;False;;11.23;1.53;;;6;BTP;9;;CGC;2810;D016
48.0;314.31;12.0;14.5;1.0;9;0;;3;19;False;False;False;;61.8;2.73;;;6;BTP;9;;CGC;2811;D016
32.0;261.09;9.1;8.6;2.0;9;10;;3;19;False;False;False;;10.95;2.13;;;6;Santos Brasil;32;;CGC;2812;D016
26.0;173.0;6.8;9.0;1.0;10;0;;3;19;False;False;False;;101.32;0.02;;;6;Outros - Cais do Macuco;25;;GL;2813;D016
32.0;199.9;11.3;6.43;2.0;13;30;;3;19;False;False;False;;169.25;0;;;6;Outros - Cais do Macuco;25;;GSM - I;2814;D016
32.0;229.0;7.77;13.0;1.0;13;36;;3;19;False;False;False;;70.47;2.53;;;6;Terminal ADM do Brasil;39;;GSA - E;2815;D016
26.0;157.4;5.0;8.63;1.0;14;0;;3;19;False;False;False;;53.22;10.22;;;6;TUP - Cutrale - GL;49;;GL;2816;D016
33.0;201.8;7.8;7.8;1.0;15;15;;3;19;False;False;False;;27.52;6.25;;;6;Autoridade - Macuco;4;;CGNC;2817;D016
33.0;201.8;7.8;13.4;1.0;15;15;;3;19;False;False;False;;49.18;0.8;;;6;TUP - DPW - CGNC;52;;CGNC;2818;D016
32.0;199.99;7.0;13.35;1.0;16;30;;3;19;False;False;False;;218.23;4.97;;;6;Temrinal de Exportação de Açúcar do Guarujá (TEAG);37;;GSA - E;2819;D016
43.0;270.9;10.8;9.3;2.0;17;0;;3;19;False;False;False;;16.28;1.87;;;6;Santos Brasil;32;;CGC;2820;D016
32.0;183.09;8.0;9.5;1.0;18;50;;3;19;False;False;False;;30.3;3.45;;;6;Transpetro;47;;GL;2821;D016
32.0;189.99;8.2;11.5;1.0;19;0;;3;19;False;False;False;;24.42;5.02;;;6;TUP - Tiplam - GSA - E;56;;GSA - E;2822;D016
32.0;228.99;7.1;13.23;1.0;19;0;;3;19;False;False;False;;142.27;0.08;;;6;Terminal Exportador do Guarujá (TEG);42;;GSA - E;2823;D016
32.0;199.92;9.05;13.02;1.0;19;0;;3;19;False;False;False;;37.13;5.25;;;6;Autoridade - Ponta;6;;GSA - E;2824;D016
32.0;189.99;6.52;8.2;1.0;19;0;;3;19;False;False;False;;11.5;2.73;;;6;T-Grão;46;;GSA - E;2825;D016
51.0;335.95;13.7;12.8;2.0;20;20;;3;19;False;False;False;;20.43;2.42;;;6;Santos Brasil;32;;CGC;2826;D016
32.0;199.98;7.0;13.45;1.0;20;30;;3;19;False;False;False;;121.8;0.45;;;6;Temrinal de Exportação de Açúcar do Guarujá (TEAG);37;;GSA - E;2827;D016
32.0;198.0;6.7;12.66;1.0;20;48;;3;19;False;False;False;;101.45;0.55;;;6;Terminal Exportador do Guarujá (TEG);42;;GSA - E;2828;D016
38.0;249.12;12.5;8.7;2.0;2;0;;4;20;False;False;False;;18.17;1.45;;;6;BTP;9;;CGC;2829;D016
46.0;339.6;13.85;12.55;2.0;3;36;;4;20;False;False;False;;33.42;2.58;;;6;TUP - DPW - CGC;51;;CGC;2830;D016
37.0;228.0;8.9;11.0;2.0;6;0;;4;20;False;False;False;;40.02;2.25;;;6;TUP - DPW - CGC;51;;CGC;2831;D016
32.0;186.0;10.0;10.0;2.0;7;30;;4;20;False;False;False;;38.25;0;;;6;Ageo Terminais ;2;;GL;2832;D016
32.2;225.0;7.2;13.05;1.0;9;0;;4;20;False;False;False;;27.53;1.75;;;6;Terminal de Granéis do Guarujá (TGG);40;;GSA - E;2833;D016
45.0;299.9;12.1;13.8;1.0;9;15;;4;20;False;False;False;;18.92;1.82;;;6;BTP;9;;CGC;2834;D016
26.0;158.83;9.85;9.0;2.0;10;30;;4;20;False;False;False;;73.43;0;;;6;Ageo Terminais ;2;;GL;2835;D016
32.0;229.0;7.75;13.41;1.0;11;0;;4;20;False;False;False;;133.82;3.1;;;6;Terminal 12A (COFCO);38;;GSA - E;2836;D016
36.0;236.32;9.0;9.0;1.0;11;15;;4;20;False;False;False;;4.62;1.98;;;6;Autoridade - Saboo;7;;CGC;2837;D016
32.0;199.0;8.3;10.1;1.0;11;30;;4;20;False;False;True;;20.0;0.42;;;6;TEV;45;;CGNC;2838;D016
32.0;224.98;7.27;13.24;1.0;16;0;;4;20;False;False;False;;57.68;2.67;;;6;Terminal ADM do Brasil;39;;GSA - E;2839;D016
25.0;146.19;6.0;9.4;1.0;16;30;;4;20;False;False;False;;76.67;0;;;6;Outros - Píer da Alamoa;30;;GL;2840;D016
30.0;183.0;5.95;9.94;1.0;17;30;;4;20;False;False;False;;55.4;5.57;;;6;TUP - Tiplam - GSA - E;56;;GSA - E;2841;D016
40.09;299.9;11.3;12.8;2.0;18;0;;4;20;False;False;False;;15.67;1.55;;;6;BTP;9;;CGC;2842;D016
32.0;179.85;7.6;7.6;2.0;20;15;;4;20;False;False;False;;32.13;2.07;;;6;TUP - Tiplam - GSM - I;57;;GSM - I;2843;D016
28.0;179.99;7.46;6.7;2.0;21;0;;4;20;False;False;False;;54.95;0;;;6;Outros - Cais do Macuco;25;;GSM - I;2844;D016
32.0;170.0;6.5;9.2;1.0;21;28;;4;20;False;False;False;;74.58;0;;;6;Outros - Píer da Alamoa;30;;GL;2845;D016
28.0;178.7;6.0;9.1;1.0;22;0;;4;20;False;False;False;;41.25;2.73;;;6;T-Grão;46;;GSA - E;2846;D016
28.0;179.87;9.8;7.8;2.0;23;12;;4;20;False;False;False;;20.1;34.1;;;6;Transpetro;47;;GL;2847;D016
32.0;229.0;6.76;13.0;1.0;0;6;;5;21;False;False;False;;149.45;3.0;;;6;Terminal Exportador de Santos (TES);41;;GSA - E;2848;D016
32.0;189.99;7.2;11.4;1.0;0;6;;5;21;False;False;False;;72.9;0.98;;;6;Temrinal de Exportação de Açúcar do Guarujá (TEAG);37;;GSA - E;2849;D016
30.0;179.97;10.0;6.95;2.0;0;12;;5;21;False;False;False;;163.28;7.67;;;6;Moinho Santista (Bunge);17;;GSA - I;2850;D016
45.0;299.9;13.6;11.4;2.0;3;0;;5;21;False;False;False;;23.02;3.22;;;6;Santos Brasil;32;;CGC;2851;D016
35.0;228.95;9.96;13.62;1.0;3;0;;5;21;False;False;False;;21.42;1.58;;;6;T-Grão;46;;GSA - E;2852;D016
32.0;225.0;9.74;7.2;2.0;3;30;;5;21;False;False;False;;76.7;5.27;;;6;Terminal Marítimo do Guarujá (Termag);43;;GSM - I;2853;D016
32.0;229.0;9.18;13.48;1.0;5;48;;5;21;False;False;False;;138.5;2.67;;;6;Elevações Portuárias;15;;GSA - E;2854;D016
48.0;333.95;13.3;11.3;2.0;5;58;;5;21;False;False;False;;27.13;1.28;;;6;Santos Brasil;32;;CGC;2855;D016
40.0;272.05;10.8;12.7;1.0;9;0;;5;21;False;False;False;;14.4;0.72;;;6;BTP;9;;CGC;2856;D016
49.0;215.08;10.1;10.75;1.0;9;35;;5;21;False;False;False;;326.33;0.25;;;6;TUP - Saipem;53;;CGNC;2857;D016
32.0;229.0;7.1;13.57;1.0;10;9;;5;21;False;False;False;;157.33;0;;;6;T-Grão;46;;GSA - E;2858;D016
32.0;229.0;7.1;13.45;1.0;11;24;;5;21;False;False;False;;147.57;13.1;;;6;TUP - Tiplam - GSA - E;56;;GSA - E;2859;D016
43.0;335.0;14.0;12.0;2.0;11;30;;5;21;False;False;False;;87.8;3.6;;;6;Santos Brasil;32;;CGC;2860;D016
48.0;299.88;14.3;12.6;2.0;12;0;;5;21;False;False;False;;24.33;3.78;;;6;Santos Brasil;32;;CGC;2861;D016
35.0;185.97;7.41;8.51;2.0;12;50;;5;21;False;False;False;;12.65;1.6;;;6;TUP - DPW - CGC;51;;CGC;2862;D016
28.0;179.9;5.9;10.28;1.0;15;20;;5;21;False;False;False;;20.17;2.92;;;6;Elevações Portuárias;15;;GSA - E;2863;D016
28.0;179.87;8.65;7.2;2.0;18;0;;5;21;False;False;False;;41.1;3.8;;;6;TUP - Tiplam - GL;55;;GL;2864;D016
51.0;335.9;11.0;13.9;1.0;20;50;;5;21;False;False;False;;27.62;1.95;;;6;Santos Brasil;32;;CGC;2865;D016
32.0;293.97;8.8;10.7;2.0;22;18;;5;21;False;False;False;;21.12;1.88;;;6;Santos Brasil;32;;CGC;2866;D016
48.0;333.18;11.65;14.25;2.0;23;0;;5;21;False;False;False;;21.8;1.38;;;6;BTP;9;;CGC;2867;D016
32.0;189.99;9.65;12.87;1.0;0;17;;6;22;False;False;False;;53.78;9.45;;;6;Outros - Cais do Paquetá;27;;GSA - E;2868;D016
32.0;199.99;6.82;13.05;1.0;0;48;;6;22;False;False;False;;71.83;0;;;6;T-Grão;46;;GSA - E;2869;D016
48.0;333.2;13.9;11.4;2.0;2;0;;6;22;False;False;False;;28.17;2.48;;;6;TUP - DPW - CGC;51;;CGC;2870;D016
38.0;255.17;10.4;12.4;1.0;2;0;;6;22;False;False;False;;9.9;1.45;;;6;BTP;9;;CGC;2871;D016
28.0;177.4;9.65;7.0;2.0;4;30;;6;22;False;False;False;;104.92;0;;;6;Outros - Cais do Saboó;28;;GL;2872;D016
37.0;228.41;7.35;12.7;1.0;4;45;;6;22;False;False;False;;37.0;2.33;;;6;Terminal de Granéis do Guarujá (TGG);40;;GSA - E;2873;D016
32.0;228.99;6.85;14.15;1.0;6;30;;6;22;False;False;False;;37.0;2.25;;;6;Elevações Portuárias;15;;GSA - E;2874;D016
32.0;225.0;9.4;13.5;1.0;10;6;;6;22;False;False;False;;160.2;0;;;6;Bracell;8;;CGNC;2875;D016
21.0;139.95;7.7;6.0;2.0;11;30;;6;22;False;False;False;;64.73;0.73;;;6;Ageo Terminais ;2;;GL;2876;D016
32.0;199.9;6.4;13.27;1.0;12;0;;6;22;False;False;False;;53.28;2.15;;;6;Autoridade - Out;5;;GSA - E;2877;D016
33.0;189.9;7.2;9.2;1.0;12;0;;6;22;False;False;False;;86.47;12.5;;;6;TUP - Cutrale - GL;49;;GL;2878;D016
34.0;223.91;9.1;8.3;2.0;13;30;;6;22;False;False;False;;13.28;1.98;;;6;Santos Brasil;32;;CGC;2879;D016
31.0;179.8;10.05;6.67;2.0;13;30;;6;22;False;False;False;;38.32;6.45;;;6;Terminal Marítimo do Guarujá (Termag);43;;GSM - I;2880;D016
32.0;229.0;9.94;12.6;1.0;13;30;;6;22;False;False;False;;18.53;1.93;;;6;Terminal ADM do Brasil;39;;GSA - E;2881;D016
30.0;179.99;7.0;9.4;1.0;16;0;;6;22;False;False;False;;223.5;0;;;6;NST - GL;20;;GL;2882;D016
32.0;213.88;8.3;8.2;2.0;16;0;;6;22;False;False;False;;9.33;7.63;;;6;BTP;9;;CGNC;2883;D016
35.0;199.91;8.9;8.6;2.0;19;0;;6;22;False;False;False;;38.52;4.08;;;6;Santos Brasil;32;;CGC;2884;D016
32.0;294.0;9.8;8.3;2.0;19;0;;6;22;False;False;False;;13.12;4.07;;;6;Santos Brasil;32;;CGC;2885;D016
32.0;196.0;12.5;7.09;2.0;20;50;;6;22;False;False;False;;196.33;3.08;;;6;Terminal Marítimo do Guarujá (Termag);43;;GSM - I;2886;D016
27.0;183.0;7.5;8.6;1.0;22;30;;6;22;False;False;False;;15.8;1.7;;;6;Transpetro;47;;GL;2887;D016
31.0;198.0;7.3;7.35;2.0;0;12;;0;23;False;False;False;;19.05;1.47;;;6;TUP - DPW - CGC;51;;CGC;2888;D016
32.0;228.99;6.6;13.4;1.0;0;18;;0;23;False;False;False;;33.28;1.33;;;6;Terminal de Granéis do Guarujá (TGG);40;;GSA - E;2889;D016
32.0;225.0;7.42;13.26;1.0;5;0;;0;23;False;False;False;;70.8;0;;;6;Autoridade - Ponta;6;;GSA - E;2890;D016
46.0;339.6;12.7;12.7;2.0;5;48;;0;23;False;False;False;;7.47;2.72;;;6;TUP - DPW - CGC;51;;CGC;2891;D016
19.0;88.9;5.5;6.5;1.0;7;20;;0;23;False;False;False;;7.67;0.17;;;6;TUP - Saipem;53;;CGNC;2892;D016
23.0;164.34;8.8;6.9;2.0;7;30;;0;23;False;False;False;;44.25;3.58;;;6;TUP - Terminal Marítimo Dow;54;;GL;2893;D016
37.0;229.0;7.9;13.86;1.0;9;30;;0;23;False;False;False;;138.5;3.0;;;6;Elevações Portuárias;15;;GSA - E;2894;D016
9.0;210.54;10.9;11.1;2.0;10;30;;0;23;False;False;False;;6.97;5.02;;;6;Santos Brasil;32;;CGC;2895;D016
48.0;333.95;11.1;12.7;2.0;10;54;;0;23;False;False;False;;41.65;2.45;;;6;Santos Brasil;32;;CGC;2896;D016
27.0;170.0;7.45;6.6;2.0;11;18;;0;23;False;False;False;;35.08;4.75;;;6;Ultracargo;59;;GL;2897;D016
30.0;210.54;9.5;9.8;2.0;16;53;;0;23;False;False;False;;27.07;1.85;;;6;Santos Brasil;32;;CGC;2898;D016
32.0;228.99;13.5;6.91;2.0;17;42;;0;23;False;False;False;;257.03;18.28;;;6;TUP - Tiplam - GSM - I;57;;GSM - I;2899;D016
32.0;183.31;7.3;9.1;1.0;18;54;;0;23;False;False;False;;31.0;2.17;;;6;Transpetro;47;;GL;2900;D016
48.0;330.0;10.7;12.6;1.0;19;0;;0;23;False;False;False;;34.93;1.93;;;6;Santos Brasil;32;;CGC;2901;D016
32.0;226.8;8.8;12.6;1.0;19;16;;0;23;False;False;False;;80.03;2.05;;;6;Outros - Cais do Macuco;25;;CGNC;2902;D016
32.0;199.9;7.5;7.2;2.0;19;30;;0;23;False;False;False;;15.2;10.83;;;6;Outros - Cais do Outeirinhos;26;;GSM - I;2903;D016
28.0;172.0;8.55;8.15;2.0;23;0;;0;23;False;False;False;;7.15;2.22;;;6;BTP;9;;CGC;2904;D016
45.0;299.9;12.7;14.05;1.0;0;15;;1;24;False;False;False;;29.75;1.67;;;6;TUP - DPW - CGC;51;;CGC;2905;D016
33.0;201.8;8.2;13.4;1.0;0;30;;1;24;False;False;False;;114.73;5.35;;;6;TUP - DPW - CGNC;52;;CGNC;2906;D016
32.0;259.8;7.5;7.2;2.0;2;0;;1;24;False;False;False;;14.47;1.67;;;6;Santos Brasil;32;;CGC;2907;D016
48.0;329.86;14.4;12.35;2.0;2;21;;1;24;False;False;False;;23.02;1.93;;;6;BTP;9;;CGC;2908;D016
32.0;183.1;10.0;8.3;2.0;2;42;;1;24;False;False;False;;74.58;0;;;6;Ageo Terminais ;2;;GL;2909;D016
48.0;299.98;11.5;8.9;2.0;5;0;;1;24;False;False;False;;30.78;4.8;;;6;BTP;9;;CGC;2910;D016
32.0;170.0;9.2;9.0;1.0;5;0;;1;24;False;False;False;;21.0;0.58;;;6;Ageo Terminais ;2;;GL;2911;D016
26.0;158.83;9.25;9.2;2.0;7;30;;1;24;False;False;False;;52.18;0;;;6;Stolthaven;33;;GL;2912;D016
32.31;229.0;7.4;14.2;1.0;8;0;;1;24;False;False;False;;35.58;2.25;;;6;Elevações Portuárias;15;;GSA - E;2913;D016
48.0;299.9;10.1;13.9;1.0;8;0;;1;24;False;False;False;;20.6;5.1;;;6;BTP;9;;CGC;2914;D016
18.0;119.9;5.0;6.0;1.0;9;0;;1;24;False;False;True;;5.0;2.83;;;6;TEV;45;;RORO ;2915;D016
32.0;182.94;10.54;7.46;2.0;9;36;;1;24;False;False;False;;213.22;0;;;6;Outros - Cais do Saboó;28;;GL;2916;D016
27.4;183.98;7.4;10.52;1.0;9;42;;1;24;False;False;False;;42.0;3.6;;;6;Transpetro;47;;GL;2917;D016
32.0;199.94;7.4;11.4;1.0;12;15;;1;24;False;False;False;;55.68;0;;;6;Copersucar;12;;GSA - E;2918;D016
24.0;158.15;5.59;8.95;1.0;14;24;;1;24;False;False;False;;104.08;5.67;;;6;TUP - Usiminas;58;;CGNC;2919;D016
40.0;272.08;9.9;9.6;2.0;19;0;;1;24;False;False;False;;17.12;0.9;;;6;TUP - DPW - CGC;51;;CGC;2920;D016
32.0;183.3;11.1;8.0;2.0;22;23;;1;24;False;False;False;;214.0;0.8;;;6;Ageo Terminais ;2;;GL;2921;D016
31.0;212.54;9.4;9.4;2.0;23;0;;1;24;False;False;False;;19.78;1.67;;;6;Santos Brasil;32;;CGC;2922;D016
43.0;270.9;9.9;12.3;1.0;23;36;;1;24;False;False;False;;18.25;1.47;;;6;Santos Brasil;32;;CGC;2923;D016
32.0;225.0;7.75;13.18;1.0;0;18;;2;25;False;False;False;;63.08;0;;;6;T-Grão;46;;GSA - E;2924;D016
32.0;183.09;8.5;9.1;1.0;2;35;;2;25;False;False;False;;40.77;1.08;;;6;Transpetro;47;;GL;2925;D016
37.0;228.0;9.5;11.1;2.0;3;50;;2;25;False;False;False;;33.47;4.73;;;6;Santos Brasil;32;;CGC;2926;D016
27.0;169.37;6.44;6.68;2.0;5;24;;2;25;False;False;False;;93.32;7.17;;;6;Outros - Cais do Outeirinhos;26;;GSM - I;2927;D016
31.0;176.0;7.4;8.4;1.0;6;0;;2;25;False;False;True;;21.0;1.1;;;6;TEV;45;;CGNC;2928;D016
21.0;99.95;8.8;9.4;1.0;6;30;;2;25;False;False;False;;0.98;14.8;;;6;Autoridade - Saboo;7;;CGC;2929;D016
32.0;199.85;10.84;8.8;2.0;6;31;;2;25;False;False;False;;107.55;0;;;6;Outros - Cais do Macuco;25;;GSM - I;2930;D016
43.0;270.9;12.25;14.45;1.0;8;48;;2;25;False;False;False;;18.17;1.05;;;6;TUP - DPW - CGC;51;;CGC;2931;D016
44.0;249.99;9.0;11.0;1.0;12;35;;2;25;False;False;False;;24.3;2.42;;;6;Transpetro;47;;GL;2932;D016
32.0;229.0;6.8;13.05;1.0;15;0;;2;25;False;False;False;;100.13;0.53;;;6;Terminal Exportador do Guarujá (TEG);42;;GSA - E;2933;D016
43.0;272.0;10.6;9.95;2.0;16;45;;2;25;False;False;False;;18.0;1.98;;;6;BTP;9;;CGC;2934;D016
48.0;299.18;9.8;9.0;2.0;18;30;;2;25;False;False;False;;8.47;2.18;;;6;BTP;9;;CGC;2935;D016
32.0;231.0;10.2;11.8;2.0;20;30;;2;25;False;False;False;;18.68;1.87;;;6;TUP - DPW - CGC;51;;CGC;2936;D016
25.0;182.47;8.1;8.8;2.0;0;1;;3;26;False;False;False;;24.25;1.8;;;6;Santos Brasil;32;;CGC;2937;D016
48.0;335.98;11.8;13.0;1.0;0;30;;3;26;False;False;False;;21.52;1.5;;;6;BTP;9;;CGC;2938;D016
37.0;255.0;10.5;10.5;2.0;1;0;;3;26;False;False;False;;15.58;2.0;;;6;TUP - DPW - CGC;51;;CGC;2939;D016
32.0;204.36;11.8;12.35;1.0;3;0;;3;26;False;False;False;;7.32;1.87;;;6;TUP - DPW - CGNC;52;;CGNC;2940;D016
32.0;228.99;7.36;13.56;1.0;4;0;;3;26;False;False;False;;59.68;1.07;;;6;Terminal de Granéis do Guarujá (TGG);40;;GSA - E;2941;D016
48.0;330.08;12.1;14.3;1.0;4;36;;3;26;False;False;False;;24.0;2.5;;;6;BTP;9;;CGC;2942;D016
18.0;122.46;6.4;5.9;2.0;7;30;;3;26;False;False;False;;0.02;5.7;;;6;Autoridade - Saboo;7;;CGNC;2943;D016
35.0;185.97;9.0;9.8;2.0;8;10;;3;26;False;False;False;;15.23;4.78;;;6;Santos Brasil;32;;CGC;2944;D016
32.0;189.04;8.6;8.0;2.0;9;30;;3;26;False;False;False;;137.6;0.73;;;6;Ageo Terminais ;2;;GL;2945;D016
27.0;165.17;7.0;7.0;1.0;9;48;;3;26;False;False;False;;14.08;11.67;;;6;TUP - Terminal Marítimo Dow;54;;CGNC;2946;D016
27.0;165.17;8.7;7.0;2.0;10;0;;3;26;False;False;False;;38.8;0.27;;;6;Ageo Terminais ;2;;GL;2947;D016
30.0;179.99;7.1;8.5;1.0;11;30;;3;26;False;False;False;;101.53;0.1;;;6;Outros - Cais do Macuco;25;;GL;2948;D016
40.0;276.2;12.5;11.0;2.0;12;30;;3;26;False;False;False;;14.4;1.7;;;6;TUP - DPW - CGC;51;;CGC;2949;D016
33.0;182.84;8.0;8.2;1.0;13;20;;3;26;False;False;False;;84.7;0;;;6;Ageo Terminais ;2;;GL;2950;D016
40.0;254.94;10.1;10.0;2.0;15;30;;3;26;False;False;False;;17.52;2.15;;;6;Santos Brasil;32;;CGC;2951;D016
48.0;299.95;12.9;11.7;2.0;19;0;;3;26;False;False;False;;31.0;3.6;;;6;Santos Brasil;32;;CGC;2952;D016
29.0;179.97;6.35;10.06;1.0;20;48;;3;26;False;False;False;;20.9;13.8;;;6;TUP - Tiplam - GSA - E;56;;GSA - E;2953;D016
32.0;189.99;6.91;12.11;1.0;23;28;;3;26;False;False;False;;68.2;1.88;;;6;TUP - Cutrale - GSA - E;50;;GSA - E;2954;D016
27.0;177.46;7.2;7.7;2.0;23;59;;3;26;False;False;False;;18.83;5.77;;;6;Outros - Cais da Ecoporto;21;;CGC;2955;D016
48.0;333.96;14.35;11.9;2.0;1;0;;4;27;False;False;False;;29.12;2.8;;;6;Santos Brasil;32;;CGC;2956;D016
32.0;229.0;8.1;13.71;1.0;4;45;;4;27;False;False;False;;97.67;0.28;;;6;TUP - Tiplam - GSA - E;56;;GSA - E;2957;D016
32.0;183.1;8.3;8.3;2.0;6;25;;4;27;False;False;False;;87.33;0;;;6;Vopak;60;;GL;2958;D016
32.0;225.0;11.25;14.35;1.0;6;30;;4;27;False;False;False;;50.7;1.37;;;6;TUP - DPW - CGNC;52;;CGNC;2959;D016
32.0;225.0;10.15;11.25;1.0;7;17;;4;27;False;False;False;;18.52;1.98;;;6;Autoridade - Macuco;4;;CGNC;2960;D016
32.0;225.0;6.8;13.24;1.0;8;24;;4;27;False;False;False;;32.2;2.83;;;6;Terminal ADM do Brasil;39;;GSA - E;2961;D016
28.0;179.99;6.64;9.6;1.0;8;30;;4;27;False;False;False;;22.17;1.73;;;6;Elevações Portuárias;15;;GSA - E;2962;D016
37.0;227.92;10.8;9.8;2.0;9;30;;4;27;False;False;False;;21.15;1.58;;;6;TUP - DPW - CGC;51;;CGC;2963;D016
19.0;88.9;5.5;5.5;1.0;9;30;;4;27;False;False;False;;53.0;0.08;;;6;TUP - Saipem;53;;CGNC;2964;D016
32.0;228.9;7.6;13.36;1.0;10;30;;4;27;False;False;False;;65.42;0;;;6;T-Grão;46;;GSA - E;2965;D016
30.0;179.9;10.16;7.18;2.0;12;24;;4;27;False;False;False;;48.75;2.73;;;6;Terminal Marítimo do Guarujá (Termag);43;;GSM - I;2966;D016
42.0;320.58;10.6;9.8;2.0;13;0;;4;27;False;False;False;;11.6;2.1;;;6;TUP - DPW - CGC;51;;CGC;2967;D016
48.0;300.0;9.9;8.8;2.0;16;15;;4;27;False;False;False;;12.43;1.58;;;6;Santos Brasil;32;;CGC;2968;D016
32.0;199.97;8.55;9.55;1.0;16;30;;4;27;False;False;True;;38.0;4.58;;;6;TEV;45;;CGNC;2969;D016
32.0;183.06;8.0;9.6;1.0;17;0;;4;27;False;False;False;;25.2;1.5;;;6;Transpetro;47;;GL;2970;D016
45.0;299.9;12.9;14.15;2.0;17;30;;4;27;False;False;False;;13.87;1.55;;;6;BTP;9;;CGC;2971;D016
32.0;229.0;8.62;13.08;1.0;18;42;;4;27;False;False;False;;56.83;2.75;;;6;Elevações Portuárias;15;;GSA - E;2972;D016
48.0;333.2;11.5;10.4;2.0;20;10;;4;27;False;False;False;;14.53;3.12;;;6;BTP;9;;CGC;2973;D016
23.0;147.24;6.6;6.0;1.0;23;59;;4;27;False;False;False;;9.72;1.47;;;6;Ecoporto;13;;CGNC;2974;D016
32.0;199.9;7.34;13.59;1.0;0;36;;5;28;False;False;False;;76.6;25.58;;;6;Terminal 12A (COFCO);38;;GSA - E;2975;D016
32.0;189.75;7.3;9.5;1.0;0;54;;5;28;False;False;False;;90.18;46.45;;;6;TUP - DPW - CGNC;52;;CGNC;2976;D016
28.0;183.2;8.0;8.8;1.0;1;6;;5;28;False;False;False;;18.0;2.4;;;6;Transpetro;47;;GL;2977;D016
32.0;199.98;8.4;8.5;2.0;4;0;;5;28;False;False;True;;3.0;3.13;;;6;TEV;45;;CGNC;2978;D016
32.0;228.9;7.37;12.6;1.0;5;30;;5;28;False;False;False;;148.02;1.77;;;6;Terminal ADM do Brasil;39;;GSA - E;2979;D016
43.0;299.95;12.3;10.1;2.0;5;52;;5;28;False;False;False;;57.38;1.68;;;6;Santos Brasil;32;;CGC;2980;D016
29.0;177.13;6.0;9.92;1.0;6;30;;5;28;False;False;False;;16.25;2.18;;;6;Elevações Portuárias;15;;GSA - E;2981;D016
32.0;183.15;7.85;8.0;2.0;7;30;;5;28;False;False;False;;45.92;0;;;6;Ageo Terminais ;2;;GL;2982;D016
37.0;256.07;10.2;13.0;2.0;8;0;;5;28;False;False;False;;13.3;1.38;;;6;BTP;9;;CGC;2983;D016
32.0;225.0;8.7;6.61;2.0;9;48;;5;28;False;False;False;;58.27;2.08;;;6;TUP - Tiplam - GSM - I;57;;GSM - I;2984;D016
32.0;182.93;6.4;11.4;1.0;10;30;;5;28;False;False;False;;125.78;2.93;;;6;TUP - Tiplam - GSA - E;56;;GSA - E;2985;D016
32.0;210.96;10.2;10.5;2.0;10;30;;5;28;False;False;False;;26.33;1.93;;;6;BTP;9;;CGC;2986;D016
38.0;249.12;10.3;13.8;1.0;13;30;;5;28;False;False;False;;13.85;2.35;;;6;BTP;9;;CGC;2987;D016
32.0;229.0;7.6;13.59;1.0;14;0;;5;28;False;False;False;;30.0;3.65;;;6;Terminal ADM do Brasil;39;;GSA - E;2988;D016
32.0;225.0;7.6;13.3;1.0;15;20;;5;28;False;False;False;;121.47;0;;;6;Bracell;8;;CGNC;2989;D016
33.0;189.99;6.26;11.26;1.0;16;0;;5;28;False;False;False;;48.25;3.0;;;6;Terminal Exportador de Santos (TES);41;;GSA - E;2990;D016
28.0;177.13;6.24;6.51;1.0;16;24;;5;28;False;False;False;;151.58;7.65;;;6;TUP - Usiminas;58;;CGNC;2991;D016
32.0;229.02;6.4;13.35;1.0;17;36;;5;28;False;False;False;;55.8;11.45;;;6;TUP - Tiplam - GSA - E;56;;GSA - E;2992;D016
35.0;223.98;8.5;8.7;2.0;18;20;;5;28;False;False;False;;17.15;1.93;;;6;Santos Brasil;32;;CGC;2993;D016
32.0;199.98;9.5;9.3;2.0;18;42;;5;28;False;False;True;;1.5;2.97;;;6;TEV;45;;CGNC;2994;D016
32.0;199.95;9.1;9.5;1.0;19;30;;5;28;False;False;True;;13.5;1.67;;;6;TEV;45;;CGNC;2995;D016
36.0;228.95;7.11;10.15;1.0;23;54;;5;28;False;False;False;;35.08;0;;;6;Terminal XXXIX;44;;GSA - E;2996;D016
32.0;260.05;11.1;10.0;2.0;1;42;;6;29;False;False;False;;12.52;3.18;;;6;Santos Brasil;32;;CGC;2997;D016
46.0;299.9;14.35;12.9;1.0;3;0;;6;29;False;False;False;;23.87;3.42;;;6;TUP - DPW - CGC;51;;CGC;2998;D016
32.0;229.0;7.5;12.71;1.0;4;45;;6;29;False;False;False;;138.25;0;;;6;Terminal XXXIX;44;;GSA - E;2999;D016
45.0;299.9;12.0;14.2;1.0;5;0;;6;29;False;False;False;;19.03;1.88;;;6;BTP;9;;CGC;3000;D016
35.0;269.8;11.51;10.3;2.0;5;12;;6;29;False;False;False;;23.95;2.17;;;6;TUP - DPW - CGC;51;;CGC;3001;D016
32.0;199.94;7.4;8.7;1.0;5;36;;6;29;False;False;True;;45.0;2.73;;;6;TEV;45;;RORO ;3002;D016
30.0;179.97;9.77;6.8;2.0;7;30;;6;29;False;False;False;;57.23;2.07;;;6;TUP - Tiplam - GSM - I;57;;GSM - I;3003;D016
33.0;199.99;8.8;10.0;1.0;10;0;;6;29;False;False;True;;20.0;2.5;;;6;TEV;45;;CGNC;3004;D016
32.0;228.99;6.92;13.55;1.0;10;0;;6;29;False;False;False;;112.73;4.98;;;6;Terminal de Granéis do Guarujá (TGG);40;;GSA - E;3005;D016
48.0;299.82;11.9;12.9;1.0;11;0;;6;29;False;False;False;;19.98;15.45;;;6;BTP;9;;CGC;3006;D016
18.0;85.34;5.0;4.9;1.0;17;0;;6;29;False;False;False;;38.75;0.17;;;6;TUP - Saipem;53;;CGNC;3007;D016
32.0;228.99;8.74;13.26;1.0;17;30;;6;29;False;False;False;;44.5;3.08;;;6;Elevações Portuárias;15;;GSA - E;3008;D016
32.0;259.8;10.65;11.4;2.0;19;30;;6;29;False;False;False;;10.65;1.52;;;6;Santos Brasil;32;;CGC;3009;D016
48.0;299.98;8.7;13.0;1.0;20;0;;6;29;False;False;False;;22.43;1.52;;;6;BTP;9;;CGC;3010;D016
42.0;322.97;10.65;9.7;2.0;20;42;;6;29;False;False;False;;25.4;2.42;;;6;BTP;9;;CGC;3011;D016
30.0;218.45;10.65;10.15;2.0;21;20;;6;29;False;False;False;;17.15;1.62;;;6;Santos Brasil;32;;CGC;3012;D016
30.0;218.45;9.8;9.3;2.0;22;27;;6;29;False;False;False;;20.57;2.97;;;6;Santos Brasil;32;;CGC;3013;D016
48.0;299.89;10.3;12.6;2.0;0;30;;0;30;False;False;False;;17.22;2.43;;;6;BTP;9;;CGC;3014;D016
36.0;227.2;9.78;13.48;1.0;3;0;;0;30;False;False;False;;17.12;1.75;;;6;Copersucar;12;;GSA - E;3015;D016
48.0;333.95;10.6;13.0;1.0;4;0;;0;30;False;False;False;;37.57;1.83;;;6;Santos Brasil;32;;CGC;3016;D016
32.0;229.0;8.8;8.85;1.0;4;12;;0;30;False;False;False;;0.08;5.17;;;6;TUP - Cutrale - GSA - E;50;;GSA - E;3017;D016
32.0;199.96;9.4;6.6;2.0;5;30;;0;30;False;False;False;;82.08;1.58;;;6;Hidrovias do Brasil;16;;GSM - I;3018;D016
30.0;199.08;11.0;6.65;2.0;5;40;;0;30;False;False;False;;129.68;4.58;;;6;Hidrovias do Brasil;16;;GSM - I;3019;D016
32.0;182.8;9.1;8.0;2.0;11;0;;0;30;False;False;False;;180.6;0.3;;;6;Ageo Terminais ;2;;GL;3020;D016
32.0;228.9;7.5;12.75;1.0;11;45;;0;30;False;False;False;;50.57;0;;;6;Terminal XXXIX;44;;GSA - E;3021;D016
32.0;228.99;6.55;13.54;1.0;11;52;;0;30;False;False;False;;35.0;1.87;;;6;Terminal de Granéis do Guarujá (TGG);40;;GSA - E;3022;D016
28.0;175.1;7.0;8.9;2.0;14;45;;0;30;False;False;False;;20.07;8.95;;;6;TUP - DPW - CGC;51;;CGC;3023;D016
32.0;199.98;8.39;13.0;1.0;15;30;;0;30;False;False;False;;22.83;0.92;;;6;Elevações Portuárias;15;;GSA - E;3024;D016
32.0;204.85;7.45;10.12;1.0;16;0;;0;30;False;False;False;;91.32;13.8;;;6;TUP - Cutrale - GL;49;;GL;3025;D016
28.0;186.35;10.1;9.8;1.0;0;6;;1;1;False;False;False;;11.63;1.23;;;7;BTP;9;;CGC;3026;D016
18.0;145.63;7.4;7.3;1.0;1;0;;1;1;False;False;False;;5.97;7.85;;;7;Ecoporto;13;;CGC;3027;D016
48.0;299.18;12.0;10.1;2.0;1;40;;1;1;False;False;False;;28.37;4.08;;;7;BTP;9;;GL;3028;D016
26.0;170.0;6.45;8.15;1.0;2;30;;1;1;False;False;False;;66.08;3.67;;;7;Adonai Química;1;;GL;3029;D016
51.0;335.95;10.8;13.7;2.0;3;18;;1;1;False;False;False;;47.55;2.27;;;7;Santos Brasil;32;;CGC;3030;D016
29.0;179.99;8.7;6.25;2.0;7;0;;1;1;False;False;False;;173.17;0;;;7;Outros - Cais do Macuco;25;;GSM - I;3031;D016
35.0;228.95;7.22;13.13;1.0;7;12;;1;1;False;False;False;;45.33;2.85;;;7;TUP - Tiplam - GSA - E;56;;GSA - E;3032;D016
32.0;229.0;6.82;12.9;1.0;8;42;;1;1;False;False;False;;56.22;1.82;;;7;Copersucar;12;;GSA - E;3033;D016
32.0;261.09;11.6;12.6;1.0;11;20;;1;1;False;False;False;;13.93;1.55;;;7;Santos Brasil;32;;CGC;3034;D016
48.0;299.96;10.3;9.7;2.0;12;0;;1;1;False;False;False;;15.12;1.95;;;7;BTP;9;;CGC;3035;D016
32.0;228.99;7.03;13.86;1.0;13;0;;1;1;False;False;False;;43.95;0;;;7;Terminal XXXIX;44;;GSA - E;3036;D016
30.0;208.85;10.0;10.0;2.0;13;30;;1;1;False;False;False;;16.73;2.2;;;7;Santos Brasil;32;;CGC;3037;D016
17.0;82.3;4.5;4.5;1.0;14;45;;1;1;False;False;False;;18.33;0.08;;;7;TUP - Saipem;53;;CGNC;3038;D016
40.0;254.94;10.5;11.3;1.0;15;18;;1;1;False;False;False;;21.52;2.38;;;7;Santos Brasil;32;;CGC;3039;D016
32.0;229.0;7.25;13.22;1.0;16;0;;1;1;False;False;False;;60.75;0;;;7;T-Grão;46;;GSA - E;3040;D016
40.0;272.02;10.35;8.7;2.0;17;12;;1;1;False;False;False;;18.88;1.8;;;7;TUP - DPW - CGC;51;;CGC;3041;D016
40.0;304.16;12.0;13.7;1.0;18;0;;1;1;False;False;False;;25.22;1.8;;;7;BTP;9;;CGC;3042;D016
32.0;199.98;6.47;13.06;1.0;20;0;;1;1;False;False;False;;33.88;2.52;;;7;Terminal ADM do Brasil;39;;GSA - E;3043;D016
19.0;87.9;5.1;4.5;1.0;11;0;;2;2;False;False;False;;78.0;0.17;;;7;TUP - Saipem;53;;CGNC;3044;D016
32.0;182.94;9.55;6.39;2.0;11;0;;2;2;False;False;False;;197.17;0;;;7;Outros - Cais do Macuco;25;;GSM - I;3045;D016
32.0;225.0;7.3;13.08;1.0;13;0;;2;2;False;False;False;;100.58;3.05;;;7;Terminal Exportador de Santos (TES);41;;GSA - E;3046;D016
32.0;183.09;8.9;8.0;2.0;15;0;;2;2;False;False;False;;74.95;22.0;;;7;Ultracargo;59;;GL;3047;D016
32.0;179.88;10.8;7.7;2.0;15;0;;2;2;False;False;False;;114.83;0;;;7;Ageo Terminais ;2;;GL;3048;D016
32.0;199.9;7.5;12.78;1.0;16;45;;2;2;False;False;False;;38.95;3.15;;;7;Terminal ADM do Brasil;39;;GSA - E;3049;D016
32.0;183.2;7.95;7.8;2.0;17;30;;2;2;False;False;False;;31.03;0;;;7;Ageo Terminais ;2;;GL;3050;D016
25.0;182.47;8.8;9.9;2.0;18;50;;2;2;False;False;False;;34.67;6.87;;;7;Santos Brasil;32;;CGC;3051;D016
37.0;229.5;7.86;10.5;1.0;20;0;;2;2;False;False;False;;29.17;2.13;;;7;TUP - Tiplam - GSA - E;56;;GSA - E;3052;D016
32.0;229.0;7.27;7.71;1.0;21;24;;2;2;False;False;False;;11.2;3.75;;;7;Terminal 12A (COFCO);38;;GSA - E;3053;D016
51.0;336.0;14.5;12.4;2.0;22;24;;2;2;False;False;False;;26.28;1.65;;;7;Santos Brasil;32;;CGC;3054;D016
32.0;243.35;8.5;8.9;2.0;23;18;;2;2;False;False;False;;4.48;1.43;;;7;TUP - DPW - CGC;51;;CGC;3055;D016
37.0;254.73;9.9;10.0;1.0;1;0;;3;3;False;False;False;;14.83;2.72;;;7;TUP - DPW - CGC;51;;CGC;3056;D016
32.0;229.0;7.17;11.46;1.0;2;12;;3;3;False;False;False;;35.48;2.13;;;7;Copersucar;12;;GSA - E;3057;D016
30.0;222.14;8.9;8.7;2.0;5;18;;3;3;False;False;False;;7.98;2.42;;;7;Santos Brasil;32;;CGC;3058;D016
32.0;199.97;8.2;8.7;1.0;12;20;;3;3;False;False;True;;32.0;0.33;;;7;TEV;45;;RORO ;3059;D016
32.0;201.8;9.64;9.8;1.0;13;30;;3;3;False;False;False;;24.53;2.48;;;7;Bracell;8;;CGNC;3060;D016
32.0;229.0;7.3;13.33;1.0;14;18;;3;3;False;False;False;;65.42;0;;;7;T-Grão;46;;GSA - E;3061;D016
32.0;193.07;7.3;12.9;1.0;16;0;;3;3;False;False;False;;45.5;2.7;;;7;Elevações Portuárias;15;;GSA - E;3062;D016
32.0;224.98;7.21;13.52;1.0;16;54;;3;3;False;False;False;;52.52;2.68;;;7;Copersucar;12;;GSA - E;3063;D016
28.0;189.98;6.0;9.95;1.0;18;50;;3;3;False;False;False;;23.25;1.87;;;7;Elevações Portuárias;15;;GSA - E;3064;D016
40.0;299.2;9.3;8.9;2.0;19;0;;3;3;False;False;False;;17.03;2.4;;;7;Santos Brasil;32;;CGC;3065;D016
32.0;199.9;12.65;11.3;2.0;22;18;;3;3;False;False;False;;109.5;0;;;7;Outros - Cais do Macuco;25;;GSM - I;3066;D016
32.0;225.0;9.35;9.1;1.0;22;30;;3;3;False;False;False;;14.57;9.27;;;7;Eldorado (Rishis);14;;CGNC;3067;D016
38.0;255.4;10.94;10.1;2.0;23;42;;3;3;False;False;False;;20.93;2.05;;;7;TUP - DPW - CGC;51;;CGC;3068;D016
25.0;156.53;6.7;6.8;2.0;2;24;;4;4;False;False;False;;24.0;5.83;;;7;Stolthaven;33;;GL;3069;D016
37.0;249.12;12.65;10.55;1.0;3;0;;4;4;False;False;False;;16.55;2.0;;;7;TUP - DPW - CGC;51;;CGC;3070;D016
32.0;294.0;8.9;12.2;1.0;3;30;;4;4;False;False;False;;13.58;1.33;;;7;Santos Brasil;32;;CGC;3071;D016
40.0;305.6;10.6;9.5;2.0;4;0;;4;4;False;False;False;;20.28;3.28;;;7;TUP - DPW - CGC;51;;CGC;3072;D016
32.0;179.88;10.6;9.0;2.0;4;13;;4;4;False;False;False;;93.38;0;;;7;Ageo Terminais ;2;;GL;3073;D016
33.0;182.84;8.2;9.8;1.0;4;15;;4;4;False;False;False;;109.5;0.33;;;7;Ageo Terminais ;2;;GL;3074;D016
48.0;299.18;10.5;13.7;2.0;5;0;;4;4;False;False;False;;26.02;1.65;;;7;BTP;9;;CGC;3075;D016
22.0;119.9;8.2;8.5;1.0;5;0;;4;4;False;False;False;;47.0;0.6;;;7;Ageo Terminais ;2;;GL;3076;D016
51.0;335.93;13.4;11.0;2.0;5;28;;4;4;False;False;False;;24.35;5.5;;;7;Santos Brasil;32;;CGC;3077;D016
32.0;189.99;6.88;12.58;1.0;6;48;;4;4;False;False;False;;47.92;6.53;;;7;TUP - Tiplam - GSA - E;56;;GSA - E;3078;D016
48.0;300.0;11.0;14.4;1.0;10;0;;4;4;False;False;False;;26.5;1.97;;;7;BTP;9;;CGC;3079;D016
26.0;158.83;6.75;10.4;1.0;10;36;;4;4;False;False;False;;73.55;0;;;7;Ageo Terminais ;2;;GL;3080;D016
26.0;170.0;10.05;10.2;2.0;13;0;;4;4;False;False;False;;8.0;2.92;;;7;Granel Química;61;;GL;3081;D016
36.0;228.41;7.26;13.03;1.0;14;30;;4;4;False;False;False;;36.43;1.57;;;7;Terminal de Granéis do Guarujá (TGG);40;;GSA - E;3082;D016
32.0;183.1;8.3;8.1;2.0;16;0;;4;4;False;False;False;;5.75;1.5;;;7;TUP - Terminal Marítimo Dow;54;;CGNC;3083;D016
32.0;228.94;7.23;13.18;1.0;18;30;;4;4;False;False;False;;59.5;3.3;;;7;TUP - Tiplam - GSA - E;56;;GSA - E;3084;D016
48.0;329.77;12.0;14.5;1.0;19;12;;4;4;False;False;False;;26.33;2.0;;;7;BTP;9;;CGC;3085;D016
28.0;179.87;9.9;9.2;2.0;19;30;;4;4;False;False;False;;21.4;8.8;;;7;Transpetro;47;;GL;3086;D016
32.0;194.87;8.7;9.25;2.0;19;45;;4;4;False;False;False;;22.43;1.55;;;7;Santos Brasil;32;;CGC;3087;D016
30.0;182.93;9.43;5.9;2.0;19;54;;4;4;False;False;False;;92.83;23.47;;;7;TUP - Usiminas;58;;CGNC;3088;D016
32.0;243.35;8.9;10.5;2.0;21;0;;4;4;False;False;False;;9.2;2.05;;;7;Santos Brasil;32;;CGC;3089;D016
44.0;299.95;12.3;10.3;2.0;21;10;;4;4;False;False;False;;18.15;2.0;;;7;Santos Brasil;32;;CGNC;3090;D016
40.0;182.9;7.4;9.6;1.0;22;10;;4;4;False;False;False;;28.4;1.18;;;7;Transpetro;47;;GL;3091;D016
46.0;299.9;12.2;10.7;2.0;1;30;;5;5;False;False;False;;13.08;2.22;;;7;BTP;9;;CGC;3092;D016
32.0;225.0;11.55;14.42;1.0;2;54;;5;5;False;False;False;;42.65;1.97;;;7;TUP - DPW - CGNC;52;;CGNC;3093;D016
40.0;276.2;12.0;13.4;2.0;4;48;;5;5;False;False;False;;18.52;2.25;;;7;BTP;9;;CGC;3094;D016
32.0;199.98;7.9;13.6;1.0;6;0;;5;5;False;False;False;;40.92;2.42;;;7;TUP - Tiplam - GSA - E;56;;GSA - E;3095;D016
37.0;227.97;11.4;11.2;1.0;6;0;;5;5;False;False;False;;21.4;1.3;;;7;TUP - DPW - CGC;51;;CGC;3096;D016
48.0;333.9;14.3;12.9;2.0;7;0;;5;5;False;False;False;;27.73;2.27;;;7;Santos Brasil;32;;CGC;3097;D016
32.0;183.06;8.0;8.0;2.0;7;6;;5;5;False;False;False;;11.58;14.0;;;7;Adonai Química;1;;GL;3098;D016
32.0;199.98;6.8;7.97;1.0;7;12;;5;5;False;False;False;;9.33;3.93;;;7;Terminal 12A (COFCO);38;;GSA - E;3099;D016
32.0;229.0;7.5;12.5;1.0;8;30;;5;5;False;False;False;;65.58;3.13;;;7;Terminal ADM do Brasil;39;;GSA - E;3100;D016
32.0;225.0;11.96;13.13;1.0;9;0;;5;5;False;False;False;;9.57;1.78;;;7;Terminal Exportador do Guarujá (TEG);42;;GSA - E;3101;D016
37.0;199.98;8.5;8.7;1.0;9;36;;5;5;False;False;True;;8.0;1.45;;;7;TEV;45;;RORO ;3102;D016
32.0;199.98;9.0;9.2;1.0;10;0;;5;5;False;False;True;;24.5;1.13;;;7;TEV;45;;CGNC;3103;D016
32.0;229.0;8.8;13.4;1.0;10;18;;5;5;False;False;False;;55.0;0.15;;;7;TUP - Cutrale - GSA - E;50;;GSA - E;3104;D016
32.0;210.96;9.9;8.6;2.0;12;15;;5;5;False;False;False;;24.05;1.5;;;7;BTP;9;;CGC;3105;D016
40.0;272.08;10.4;13.15;1.0;13;30;;5;5;False;False;False;;16.77;1.6;;;7;BTP;9;;CGC;3106;D016
32.0;213.88;8.4;9.0;1.0;14;42;;5;5;False;False;False;;27.57;7.43;;;7;Ecoporto;13;;CGNC;3107;D016
32.0;225.0;7.13;9.11;1.0;15;24;;5;5;False;False;False;;35.32;6.77;;;7;Terminal 12A (COFCO);38;;GSA - E;3108;D016
32.0;183.31;11.9;7.8;2.0;15;42;;5;5;False;False;False;;63.93;0;;;7;Vopak;60;;GL;3109;D016
33.0;228.9;7.35;13.05;1.0;20;12;;5;5;False;False;False;;85.87;0.48;;;7;Terminal Exportador do Guarujá (TEG);42;;GSA - E;3110;D016
30.0;180.0;9.96;6.61;2.0;3;0;;6;6;False;False;False;;266.98;0.23;;;7;Nita;18;;GSA - I;3111;D016
32.0;199.9;7.0;13.49;1.0;3;0;;6;6;False;False;False;;42.5;3.5;;;7;TUP - Tiplam - GSA - E;56;;GSA - E;3112;D016
30.0;179.97;9.5;5.9;2.0;3;10;;6;6;False;False;False;;38.05;2.17;;;7;Hidrovias do Brasil;16;;GSM - I;3113;D016
27.0;169.37;6.66;5.29;2.0;3;45;;6;6;False;False;False;;53.75;0.5;;;7;Outros - Cais do Saboó;28;;GSM - I;3114;D016
32.0;225.0;11.83;13.25;1.0;4;15;;6;6;False;False;False;;7.72;1.75;;;7;Terminal Exportador do Guarujá (TEG);42;;GSA - E;3115;D016
40.0;304.14;12.3;14.0;2.0;6;24;;6;6;False;False;False;;28.62;1.47;;;7;TUP - DPW - CGC;51;;CGC;3116;D016
32.0;204.36;7.45;8.2;1.0;8;0;;6;6;False;False;False;;26.8;3.47;;;7;Suzano (T-32);35;;CGNC;3117;D016
18.0;76.0;5.1;5.6;1.0;8;5;;6;6;False;False;False;;30.5;0.08;;;7;TUP - Saipem;53;;CGNC;3118;D016
36.0;200.0;8.4;10.3;2.0;9;0;;6;6;False;False;False;;24.97;2.12;;;7;Santos Brasil;32;;CGC;3119;D016
30.0;183.0;10.5;7.11;2.0;9;0;;6;6;False;False;False;;125.25;0;;;7;Outros - Cais do Macuco;25;;GSM - I;3120;D016
32.0;204.85;8.4;10.3;1.0;9;42;;6;6;False;False;False;;93.92;0.03;;;7;Citrosuco;10;;GL;3121;D016
32.0;183.06;7.6;7.2;1.0;9;48;;6;6;False;False;False;;43.25;0;;;7;Adonai Química;1;;GL;3122;D016
32.0;229.0;13.18;13.12;1.0;10;0;;6;6;False;False;False;;2.17;0;;;7;T-Grão;46;;GSA - E;3123;D016
48.0;333.2;13.95;11.6;2.0;10;30;;6;6;False;False;False;;36.25;2.18;;;7;TUP - DPW - CGC;51;;CGC;3124;D016
32.0;201.8;11.7;9.8;1.0;12;17;;6;6;False;False;False;;40.88;0.42;;;7;Eldorado (Rishis);14;;CGNC;3125;D016
28.0;181.72;6.7;7.2;2.0;14;42;;6;6;False;False;False;;19.3;13.57;;;7;TUP - DPW - CGC;51;;CGC;3126;D016
30.0;180.0;8.07;5.86;2.0;16;0;;6;6;False;False;False;;155.5;0;;;7;Outros - Cais do Macuco;25;;GSM - I;3127;D016
30.0;180.0;6.0;10.05;1.0;16;0;;6;6;False;False;False;;29.65;3.78;;;7;Temrinal de Exportação de Açúcar do Guarujá (TEAG);37;;GSA - E;3128;D016
35.0;199.91;8.15;9.4;2.0;17;0;;6;6;False;False;False;;27.53;2.65;;;7;Santos Brasil;32;;CGC;3129;D016
30.0;199.2;7.7;11.5;1.0;17;0;;6;6;False;False;False;;37.25;2.33;;;7;Eldorado (Rishis);14;;CGNC;3130;D016
48.0;337.0;11.7;9.8;1.0;19;0;;6;6;False;False;False;;15.22;2.02;;;7;BTP;9;;CGC;3131;D016
32.0;263.23;11.7;10.7;2.0;20;0;;6;6;False;False;False;;13.95;1.53;;;7;Santos Brasil;32;;CGC;3132;D016
32.0;212.5;10.49;8.4;2.0;21;42;;6;6;False;False;False;;157.67;0;;;7;Outros - Cais do Saboó;28;;GSM - I;3133;D016
33.0;201.8;7.4;7.4;2.0;1;0;;0;7;False;False;False;;94.75;9.4;;;7;Ecoporto;13;;CGNC;3134;D016
48.0;328.46;14.5;11.7;2.0;5;45;;0;7;False;False;False;;37.17;1.85;;;7;BTP;9;;CGC;3135;D016
21.0;138.45;7.2;7.5;1.0;6;30;;0;7;False;False;False;;16.38;12.72;;;7;Ecoporto;13;;CGNC;3136;D016
28.0;179.87;9.2;7.5;2.0;9;0;;0;7;False;False;False;;21.0;3.4;;;7;TUP - Tiplam - GL;55;;GL;3137;D016
32.0;189.99;6.26;10.25;1.0;9;0;;0;7;False;False;False;;18.33;1.55;;;7;Copersucar;12;;GSA - E;3138;D016
32.0;199.98;8.02;12.9;1.0;11;12;;0;7;False;False;False;;36.5;2.75;;;7;Elevações Portuárias;15;;GSA - E;3139;D016
48.0;330.0;14.5;12.2;2.0;11;30;;0;7;False;False;False;;19.48;1.68;;;7;BTP;9;;CGC;3140;D016
24.0;149.93;6.5;6.45;1.0;12;30;;0;7;False;False;False;;36.75;0;;;7;Ageo Terminais ;2;;GL;3141;D016
32.0;199.98;6.73;13.75;1.0;13;54;;0;7;False;False;False;;34.53;2.17;;;7;Elevações Portuárias;15;;GSA - E;3142;D016
32.0;199.98;6.9;8.52;1.0;14;0;;0;7;False;False;False;;22.93;5.18;;;7;Terminal 12A (COFCO);38;;GSA - E;3143;D016
32.0;196.0;6.74;11.7;1.0;14;10;;0;7;False;False;False;;44.47;0;;;7;Terminal XXXIX;44;;GSA - E;3144;D016
28.0;172.0;7.0;7.0;2.0;16;48;;0;7;False;False;False;;2.68;1.03;;;7;BTP;9;;CGC;3145;D016
26.0;170.0;8.15;9.8;1.0;1;15;;1;8;False;False;False;;42.0;4.75;;;7;Stolthaven;33;;GL;3146;D016
30.0;210.54;9.3;10.2;2.0;1;30;;1;8;False;False;False;;27.35;4.98;;;7;Santos Brasil;32;;CGC;3147;D016
30.0;222.14;9.6;11.1;1.0;1;48;;1;8;False;False;False;;15.23;2.2;;;7;Santos Brasil;32;;CGC;3148;D016
46.0;260.0;14.3;12.9;2.0;2;35;;1;8;False;False;False;;13.82;4.52;;;7;Santos Brasil;32;;RORO ;3149;D016
32.0;225.0;6.3;14.1;1.0;3;50;;1;8;False;False;False;;50.63;2.17;;;7;TUP - Tiplam - GSA - E;56;;GSA - E;3150;D016
48.0;333.95;10.9;13.4;2.0;3;54;;1;8;False;False;False;;29.98;1.87;;;7;Santos Brasil;32;;CGC;3151;D016
31.0;212.54;11.5;12.1;2.0;4;0;;1;8;False;False;False;;6.92;2.68;;;7;Santos Brasil;32;;CGC;3152;D016
43.0;272.0;12.6;14.3;2.0;5;0;;1;8;False;False;False;;21.6;1.53;;;7;BTP;9;;CGC;3153;D016
32.0;189.99;9.02;10.92;1.0;6;15;;1;8;False;False;False;;29.88;1.75;;;7;Temrinal de Exportação de Açúcar do Guarujá (TEAG);37;;GSA - E;3154;D016
33.0;177.9;8.0;7.8;1.0;7;50;;1;8;False;False;False;;53.67;0.17;;;7;TUP - Saipem;53;;CGNC;3155;D016
28.0;179.44;9.1;11.2;1.0;8;0;;1;8;False;False;False;;55.13;0.07;;;7;Eldorado (Rishis);14;;CGNC;3156;D016
48.0;333.2;12.6;14.2;1.0;11;0;;1;8;False;False;False;;40.8;1.48;;;7;TUP - DPW - CGC;51;;CGC;3157;D016
32.0;225.0;7.29;13.14;1.0;13;0;;1;8;False;False;False;;59.5;2.62;;;7;Copersucar;12;;GSA - E;3158;D016
32.0;228.9;7.5;13.04;1.0;13;48;;1;8;False;False;False;;47.33;2.58;;;7;Terminal ADM do Brasil;39;;GSA - E;3159;D016
32.0;228.99;9.0;13.9;1.0;15;42;;1;8;False;False;False;;21.98;2.37;;;7;TUP - Tiplam - GSA - E;56;;GSA - E;3160;D016
32.0;228.99;6.8;9.0;1.0;15;42;;1;8;False;False;False;;44.62;0.37;;;7;Temrinal de Exportação de Açúcar do Guarujá (TEAG);37;;GSA - E;3161;D016
36.0;236.32;8.15;8.2;1.0;16;24;;1;8;False;False;True;;12.17;1.67;;;7;TEV;45;;CGNC;3162;D016
37.0;255.36;9.8;9.1;1.0;17;30;;1;8;False;False;False;;32.53;1.65;;;7;TUP - DPW - CGC;51;;CGC;3163;D016
27.0;165.17;8.2;7.0;2.0;20;30;;1;8;False;False;False;;4.4;2.9;;;7;TUP - Terminal Marítimo Dow;54;;GL;3164;D016
48.0;299.96;9.4;13.0;1.0;21;0;;1;8;False;False;False;;26.58;1.68;;;7;BTP;9;;CGC;3165;D016
48.0;299.98;11.3;9.2;2.0;22;0;;1;8;False;False;False;;16.83;3.05;;;7;BTP;9;;CGC;3166;D016
9.0;210.54;10.0;10.0;2.0;23;50;;1;8;False;False;False;;17.03;2.43;;;7;Santos Brasil;32;;CGC;3167;D016
32.0;229.0;7.2;13.32;1.0;1;5;;2;9;False;False;False;;56.05;1.27;;;7;TUP - Cutrale - GSA - E;50;;GSA - E;3168;D016
32.0;228.15;9.5;10.4;2.0;5;0;;2;9;False;False;False;;26.87;2.57;;;7;Santos Brasil;32;;CGC;3169;D016
32.0;199.99;6.81;8.5;1.0;5;24;;2;9;False;False;False;;28.27;3.58;;;7;TUP - DPW - CGNC;52;;CGNC;3170;D016
32.0;225.0;11.15;11.05;2.0;8;0;;2;9;False;False;False;;19.05;2.92;;;7;Ecoporto;13;;CGNC;3171;D016
32.0;229.0;7.1;12.9;1.0;8;12;;2;9;False;False;False;;51.28;0;;;7;Terminal XXXIX;44;;GSA - E;3172;D016
32.0;182.8;8.0;7.7;2.0;10;0;;2;9;False;False;False;;8.77;3.08;;;7;Granel Química;61;;GL;3173;D016
40.0;299.2;8.6;12.1;1.0;10;0;;2;9;False;False;False;;19.03;1.78;;;7;Santos Brasil;32;;CGC;3174;D016
32.0;182.96;9.4;8.7;2.0;10;0;;2;9;False;False;False;;24.1;3.2;;;7;TUP - Terminal Marítimo Dow;54;;GL;3175;D016
48.0;300.0;10.5;9.2;2.0;11;0;;2;9;False;False;False;;17.62;3.17;;;7;Santos Brasil;32;;CGC;3176;D016
36.0;236.32;8.2;8.8;2.0;11;7;;2;9;False;False;False;;9.97;1.88;;;7;Ecoporto;13;;RORO;3177;D016
30.0;182.0;6.7;9.94;1.0;12;0;;2;9;False;False;False;;32.1;7.27;;;7;Terminal 12A (COFCO);38;;GSA - E;3178;D016
32.0;229.0;7.41;14.01;1.0;15;0;;2;9;False;False;False;;40.62;3.3;;;7;Terminal de Granéis do Guarujá (TGG);40;;GSA - E;3179;D016
32.0;229.0;7.09;12.75;1.0;16;0;;2;9;False;False;False;;51.63;2.92;;;7;Terminal ADM do Brasil;39;;GSA - E;3180;D016
37.0;210.0;7.6;12.1;1.0;16;0;;2;9;False;False;False;;45.05;0;;;7;Terminal XXXIX;44;;GSA - E;3181;D016
46.0;339.6;13.7;12.7;1.0;18;0;;2;9;False;False;False;;32.08;2.03;;;7;TUP - DPW - CGC;51;;CGC;3182;D016
25.0;182.47;8.9;9.5;2.0;19;54;;2;9;False;False;False;;32.45;2.72;;;7;Santos Brasil;32;;CGC;3183;D016
27.0;183.0;7.5;8.6;1.0;20;30;;2;9;False;False;False;;12.6;3.17;;;7;Transpetro;47;;GL;3184;D016
32.0;200.0;6.7;11.6;1.0;21;6;;2;9;False;False;False;;21.4;1.97;;;7;Copersucar;12;;GSA - E;3185;D016
37.0;254.87;9.6;9.4;1.0;22;42;;2;9;False;False;False;;17.7;1.82;;;7;TUP - DPW - CGC;51;;CGC;3186;D016
32.0;183.06;8.0;10.0;1.0;1;0;;3;10;False;False;False;;18.8;5.67;;;7;Transpetro;47;;GL;3187;D016
30.0;185.06;7.1;7.0;1.0;2;0;;3;10;False;False;False;;46.25;0;;;7;Ageo Terminais ;2;;GL;3188;D016
32.0;229.0;7.25;11.08;1.0;3;0;;3;10;False;False;False;;36.2;3.6;;;7;Temrinal de Exportação de Açúcar do Guarujá (TEAG);37;;GSA - E;3189;D016
43.0;272.26;14.2;11.5;2.0;3;0;;3;10;False;False;False;;16.33;7.22;;;7;BTP;9;;CGC;3190;D016
30.0;180.0;6.75;10.11;1.0;6;0;;3;10;False;False;False;;22.5;3.58;;;7;TUP - Tiplam - GSA - E;56;;GSA - E;3191;D016
32.0;228.19;8.8;8.4;2.0;7;0;;3;10;False;False;False;;8.13;1.87;;;7;Santos Brasil;32;;CGC;3192;D016
51.0;336.0;14.3;12.8;2.0;8;0;;3;10;False;False;False;;38.05;1.33;;;7;Santos Brasil;32;;CGC;3193;D016
18.0;85.34;4.8;5.0;1.0;8;0;;3;10;False;False;False;;24.83;0.17;;;7;TUP - Saipem;53;;CGNC;3194;D016
32.0;183.2;7.8;7.0;2.0;8;30;;3;10;False;False;False;;45.93;0;;;7;Vopak;60;;GL;3195;D016
35.0;185.97;8.05;9.3;2.0;10;40;;3;10;False;False;False;;18.15;1.62;;;7;TUP - DPW - CGC;51;;CGC;3196;D016
32.0;228.99;7.32;13.44;1.0;10;42;;3;10;False;False;False;;36.33;1.82;;;7;Terminal de Granéis do Guarujá (TGG);40;;GSA - E;3197;D016
32.0;229.0;7.2;14.2;1.0;11;42;;3;10;False;False;False;;30.55;3.03;;;7;Terminal de Granéis do Guarujá (TGG);40;;GSA - E;3198;D016
24.0;144.09;8.6;6.0;2.0;13;0;;3;10;False;False;False;;60.17;0;;;7;Ageo Terminais ;2;;GL;3199;D016
30.0;179.9;9.68;6.4;2.0;15;0;;3;10;False;False;False;;105.78;5.07;;;7;TUP - Usiminas;58;;CGNC;3200;D016
32.0;229.0;7.3;13.34;1.0;16;0;;3;10;False;False;False;;33.08;2.55;;;7;Terminal de Granéis do Guarujá (TGG);40;;GSA - E;3201;D016
18.0;76.0;6.0;5.85;1.0;16;10;;3;10;False;False;False;;40.17;0.17;;;7;TUP - Saipem;53;;CGNC;3202;D016
32.0;225.0;6.8;13.29;1.0;17;0;;3;10;False;False;False;;60.7;3.18;;;7;Terminal ADM do Brasil;39;;GSA - E;3203;D016
51.0;336.0;9.9;13.7;2.0;17;0;;3;10;False;False;False;;50.97;2.05;;;7;Santos Brasil;32;;CGC;3204;D016
32.0;225.0;9.5;11.55;1.0;19;30;;3;10;False;False;False;;16.92;4.83;;;7;Suzano (T-32);35;;CGNC;3205;D016
27.4;183.98;7.4;9.95;1.0;19;30;;3;10;False;False;False;;36.1;1.3;;;7;Transpetro;47;;GL;3206;D016
32.0;189.99;12.08;8.36;2.0;19;45;;3;10;False;False;False;;81.57;3.95;;;7;Terminal Marítimo do Guarujá (Termag);43;;GSM - I;3207;D016
32.0;225.0;12.51;13.09;1.0;20;0;;3;10;False;False;False;;7.52;2.28;;;7;Terminal Exportador do Guarujá (TEG);42;;GSA - E;3208;D016
32.0;229.0;7.28;13.29;1.0;20;0;;3;10;False;False;False;;93.17;0;;;7;T-Grão;46;;GSA - E;3209;D016
30.0;180.0;9.91;8.99;2.0;20;30;;3;10;False;False;False;;66.0;8.83;;;7;Moinho Santista (Bunge);17;;GSA - I;3210;D016
32.0;199.99;7.0;12.64;1.0;2;0;;4;11;False;False;False;;56.53;2.2;;;7;Terminal Exportador de Santos (TES);41;;GSA - E;3211;D016
32.0;229.0;9.25;13.7;1.0;5;54;;4;11;False;False;False;;53.83;3.45;;;7;Elevações Portuárias;15;;GSA - E;3212;D016
38.0;227.95;11.0;10.8;2.0;7;0;;4;11;False;False;False;;10.93;1.6;;;7;BTP;9;;CGC;3213;D016
25.0;184.1;8.6;9.9;2.0;9;30;;4;11;False;False;False;;29.18;6.57;;;7;Ecoporto;13;;CGC;3214;D016
44.0;299.95;12.3;13.75;1.0;10;45;;4;11;False;False;False;;8.9;1.17;;;7;BTP;9;;CGC;3215;D016
28.0;179.9;10.95;6.3;2.0;11;0;;4;11;False;False;False;;135.25;0;;;7;Outros - Cais do Macuco;25;;GSM - I;3216;D016
32.0;260.05;9.5;11.4;2.0;11;0;;4;11;False;False;False;;12.25;2.07;;;7;Santos Brasil;32;;CGC;3217;D016
32.0;229.0;7.3;13.42;1.0;11;0;;4;11;False;False;False;;94.18;2.48;;;7;Copersucar;12;;GSA - E;3218;D016
32.0;199.9;7.1;13.3;1.0;14;0;;4;11;False;False;False;;80.85;1.42;;;7;Terminal 12A (COFCO);38;;GSA - E;3219;D016
32.0;228.99;6.73;12.52;1.0;15;0;;4;11;False;False;False;;100.58;0;;;7;Terminal XXXIX;44;;GSA - E;3220;D016
19.0;87.9;5.1;6.0;1.0;15;30;;4;11;False;False;False;;114.17;0.17;;;7;TUP - Saipem;53;;CGNC;3221;D016
48.0;330.0;11.55;14.15;1.0;17;30;;4;11;False;False;False;;27.32;1.67;;;7;BTP;9;;CGC;3222;D016
26.0;170.0;7.25;9.8;1.0;18;0;;4;11;False;False;False;;46.28;5.03;;;7;TUP - Cutrale - GL;49;;GL;3223;D016
24.0;185.11;6.14;8.26;1.0;18;25;;4;11;False;False;False;;23.53;4.18;;;7;Temrinal de Exportação de Açúcar do Guarujá (TEAG);37;;GSA - E;3224;D016
45.0;299.9;12.0;10.0;2.0;18;45;;4;11;False;False;False;;23.63;2.38;;;7;Santos Brasil;32;;CGNC;3225;D016
32.0;199.98;6.72;12.46;1.0;21;52;;4;11;False;False;False;;37.83;2.08;;;7;Terminal XXXIX;44;;GSA - E;3226;D016
37.0;229.5;10.51;14.12;1.0;22;0;;4;11;False;False;False;;18.83;1.92;;;7;Elevações Portuárias;15;;GSA - E;3227;D016
32.0;199.98;6.5;13.43;1.0;22;30;;4;11;False;False;False;;306.67;2.45;;;7;Elevações Portuárias;15;;GSA - E;3228;D016
32.0;199.99;11.6;8.5;2.0;1;0;;5;12;False;False;False;;125.8;5.6;;;7;TUP - Tiplam - GSM - I;57;;GSM - I;3229;D016
32.0;228.9;7.28;13.31;1.0;1;48;;5;12;False;False;False;;88.08;0;;;7;T-Grão;46;;GSA - E;3230;D016
48.0;299.98;9.5;11.7;1.0;2;30;;5;12;False;False;False;;15.53;1.95;;;7;BTP;9;;CGC;3231;D016
38.0;227.95;10.8;10.7;1.0;4;0;;5;12;False;False;False;;17.37;2.95;;;7;TUP - DPW - CGC;51;;CGC;3232;D016
40.0;299.97;12.8;7.8;2.0;4;30;;5;12;False;False;False;;22.48;2.05;;;7;Santos Brasil;32;;CGC;3233;D016
45.0;299.9;11.85;10.05;2.0;5;40;;5;12;False;False;False;;22.65;22.52;;;7;BTP;9;;CGC;3234;D016
37.0;249.12;11.8;14.3;1.0;6;0;;5;12;False;False;False;;16.9;1.78;;;7;BTP;9;;CGC;3235;D016
25.0;182.14;9.0;7.5;2.0;6;48;;5;12;False;False;False;;42.33;0;;;7;Vopak;60;;GL;3236;D016
32.0;228.99;7.3;13.44;1.0;8;5;;5;12;False;False;False;;47.17;2.32;;;7;Terminal de Granéis do Guarujá (TGG);40;;GSA - E;3237;D016
40.0;300.4;12.3;10.6;2.0;8;30;;5;12;False;False;False;;26.35;1.7;;;7;BTP;9;;CGC;3238;D016
33.0;189.99;11.45;10.15;2.0;9;40;;5;12;False;False;False;;35.27;3.07;;;7;Hidrovias do Brasil;16;;GSM - I;3239;D016
32.0;224.95;6.5;11.59;1.0;9;42;;5;12;False;False;False;;32.58;3.47;;;7;Elevações Portuárias;15;;GSA - E;3240;D016
32.0;210.96;9.0;8.8;2.0;10;0;;5;12;False;False;False;;14.78;2.08;;;7;BTP;9;;CGC;3241;D016
19.0;88.9;5.5;5.2;1.0;10;15;;5;12;False;False;False;;74.67;0.08;;;7;TUP - Saipem;53;;CGNC;3242;D016
44.0;248.97;8.4;9.5;1.0;11;45;;5;12;False;False;False;;35.0;1.42;;;7;Transpetro;47;;GL;3243;D016
40.0;293.18;10.7;10.3;2.0;12;30;;5;12;False;False;False;;8.03;2.22;;;7;TUP - DPW - CGC;51;;CGC;3244;D016
32.0;199.94;7.35;8.4;1.0;13;48;;5;12;False;False;True;;30.0;8.75;;;7;TEV;45;;RORO ;3245;D016
32.0;189.9;6.3;10.9;1.0;16;0;;5;12;False;False;False;;128.63;15.27;;;7;Terminal 12A (COFCO);38;;GSA - E;3246;D016
32.0;199.9;7.2;13.27;1.0;19;5;;5;12;False;False;False;;60.92;0.05;;;7;Terminal Exportador do Guarujá (TEG);42;;GSA - E;3247;D016
32.0;199.98;6.69;11.6;1.0;19;18;;5;12;False;False;False;;108.77;0.32;;;7;Temrinal de Exportação de Açúcar do Guarujá (TEAG);37;;GSA - E;3248;D016
32.0;224.98;7.9;12.51;1.0;19;30;;5;12;False;False;False;;49.58;3.17;;;7;Terminal Exportador de Santos (TES);41;;GSA - E;3249;D016
32.0;225.0;13.39;13.52;1.0;20;10;;5;12;False;False;False;;8.98;0;;;7;Terminal XXXIX;44;;GSA - E;3250;D016
35.0;223.96;8.05;9.2;1.0;23;30;;5;12;False;False;False;;8.05;1.62;;;7;Santos Brasil;32;;CGC;3251;D016
28.0;183.2;8.0;8.9;1.0;0;24;;6;13;False;False;False;;22.27;1.03;;;7;Transpetro;47;;GL;3252;D016
32.0;183.06;7.2;9.6;1.0;0;30;;6;13;False;False;False;;148.58;0;;;7;Vopak;60;;GL;3253;D016
32.0;199.9;7.2;12.27;1.0;9;30;;6;13;False;False;False;;203.07;20.6;;;7;Terminal 12A (COFCO);38;;GSA - E;3254;D016
46.0;299.9;11.6;11.9;1.0;10;0;;6;13;False;False;False;;40.87;2.23;;;7;BTP;9;;CGC;3255;D016
48.0;331.1;13.7;11.1;2.0;11;0;;6;13;False;False;False;;18.68;2.68;;;7;TUP - DPW - CGC;51;;CGC;3256;D016
36.0;226.0;11.2;9.5;2.0;11;42;;6;13;False;False;False;;55.5;21.2;;;7;Transpetro;47;;GL;3257;D016
42.0;320.58;11.9;13.8;1.0;16;30;;6;13;False;False;False;;17.93;2.77;;;7;TUP - DPW - CGC;51;;CGC;3258;D016
35.0;185.96;9.5;10.7;2.0;23;0;;6;13;False;False;False;;28.05;1.33;;;7;Santos Brasil;32;;CGC;3259;D016
32.0;199.98;8.9;8.6;1.0;2;42;;0;14;False;False;True;;23.0;2.53;;;7;TEV;45;;CGNC;3260;D016
32.0;199.95;7.9;8.5;1.0;2;45;;0;14;False;False;True;;22.28;1.48;;;7;TEV;45;;CGNC;3261;D016
32.0;228.99;7.0;13.35;1.0;3;0;;0;14;False;False;False;;51.98;0.92;;;7;TUP - Cutrale - GSA - E;50;;GSA - E;3262;D016
32.0;199.85;8.87;12.3;1.0;4;6;;0;14;False;False;False;;48.33;2.45;;;7;TUP - Tiplam - GSA - E;56;;GSA - E;3263;D016
33.0;189.99;10.15;7.62;2.0;4;55;;0;14;False;False;False;;98.67;0.33;;;7;Outros - Cais do Saboó;28;;GSM - I;3264;D016
30.0;179.99;6.5;8.7;1.0;6;0;;0;14;False;False;False;;137.25;0.08;;;7;NST - GL;20;;GL;3265;D016
30.0;199.2;8.1;9.36;1.0;6;0;;0;14;False;False;False;;14.32;17.32;;;7;Eldorado (Rishis);14;;CGNC;3266;D016
21.0;138.54;6.6;6.5;2.0;6;0;;0;14;False;False;False;;2.23;9.13;;;7;Ecoporto;13;;CGNC;3267;D016
30.0;185.06;7.0;9.5;1.0;8;45;;0;14;False;False;False;;76.0;0;;;7;Stolthaven;33;;GL;3268;D016
32.0;228.99;8.18;13.5;1.0;9;0;;0;14;False;False;False;;47.25;3.38;;;7;Elevações Portuárias;15;;GSA - E;3269;D016
33.0;201.8;7.6;13.2;1.0;10;30;;0;14;False;False;False;;92.12;0;;;7;Bracell;8;;CGNC;3270;D016
48.0;299.88;12.2;14.5;1.0;11;24;;0;14;False;False;False;;37.37;1.87;;;7;BTP;9;;CGC;3271;D016
32.0;229.0;6.09;13.69;1.0;11;30;;0;14;False;False;False;;67.52;4.43;;;7;Terminal 12A (COFCO);38;;GSA - E;3272;D016
33.0;199.9;9.63;13.54;1.0;11;36;;0;14;False;False;False;;34.63;3.65;;;7;TUP - Tiplam - GSA - E;56;;GSA - E;3273;D016
33.0;199.9;7.26;9.59;1.0;11;58;;0;14;False;False;False;;74.82;0.38;;;7;Temrinal de Exportação de Açúcar do Guarujá (TEAG);37;;GSA - E;3274;D016
43.0;272.0;12.5;13.7;1.0;12;20;;0;14;False;False;False;;20.15;2.3;;;7;BTP;9;;CGC;3275;D016
35.0;266.65;10.7;10.2;2.0;13;36;;0;14;False;False;False;;16.28;1.62;;;7;TUP - DPW - CGC;51;;CGC;3276;D016
32.0;183.09;8.0;8.4;1.0;16;6;;0;14;False;False;False;;16.3;3.65;;;7;Transpetro;47;;GL;3277;D016
18.0;80.5;6.4;6.5;1.0;16;20;;0;14;False;False;False;;10.33;0.17;;;7;TUP - Saipem;53;;CGNC;3278;D016
32.0;224.94;7.07;12.9;1.0;17;0;;0;14;False;False;False;;43.23;0;;;7;Terminal XXXIX;44;;GSA - E;3279;D016
30.0;208.85;11.0;11.6;2.0;19;35;;0;14;False;False;False;;15.37;2.02;;;7;Santos Brasil;32;;CGC;3280;D016
32.0;194.87;9.0;9.6;2.0;1;26;;1;15;False;False;False;;19.15;1.43;;;7;Santos Brasil;32;;CGC;3281;D016
48.0;330.0;14.4;12.5;2.0;5;0;;1;15;False;False;False;;36.75;2.25;;;7;BTP;9;;RORO ;3282;D016
32.0;229.0;7.33;13.37;1.0;7;15;;1;15;False;False;False;;105.78;0;;;7;T-Grão;46;;GSA - E;3283;D016
32.0;229.0;7.4;14.19;1.0;7;30;;1;15;False;False;False;;30.75;2.1;;;7;Elevações Portuárias;15;;GSA - E;3284;D016
48.0;333.2;12.2;14.3;2.0;7;55;;1;15;False;False;False;;40.8;2.62;;;7;TUP - DPW - CGC;51;;CGC;3285;D016
32.0;225.0;7.0;13.69;1.0;8;30;;1;15;False;False;False;;27.25;3.02;;;7;Terminal de Granéis do Guarujá (TGG);40;;GSA - E;3286;D016
28.0;175.1;7.2;9.3;1.0;9;6;;1;15;False;False;False;;30.83;4.95;;;7;TUP - DPW - CGC;51;;CGC;3287;D016
32.0;224.94;6.9;12.54;1.0;10;0;;1;15;False;False;False;;41.7;0;;;7;Terminal XXXIX;44;;GSA - E;3288;D016
32.0;224.98;7.1;13.4;1.0;13;30;;1;15;False;False;False;;44.08;2.25;;;7;Elevações Portuárias;15;;GSA - E;3289;D016
33.0;261.03;10.8;11.8;2.0;15;0;;1;15;False;False;False;;15.37;2.08;;;7;Santos Brasil;32;;CGC;3290;D016
48.0;299.18;10.5;9.9;2.0;15;42;;1;15;False;False;False;;14.2;2.53;;;7;Santos Brasil;32;;CGC;3291;D016
30.0;218.45;10.8;9.6;2.0;16;30;;1;15;False;False;False;;10.35;1.38;;;7;Santos Brasil;32;;CGC;3292;D016
40.0;272.08;10.1;9.2;2.0;19;0;;1;15;False;False;False;;21.43;1.57;;;7;TUP - DPW - CGC;51;;CGC;3293;D016
24.0;149.93;7.0;7.8;1.0;19;30;;1;15;False;False;False;;26.75;4.58;;;7;Ultracargo;59;;GL;3294;D016
17.0;82.3;4.5;6.0;1.0;21;5;;1;15;False;False;False;;22.0;0.08;;;7;TUP - Saipem;53;;CGNC;3295;D016
40.0;300.4;11.9;14.1;2.0;2;18;;2;16;False;False;False;;23.82;2.42;;;7;Santos Brasil;32;;CGC;3296;D016
32.0;228.99;7.34;11.0;1.0;2;30;;2;16;False;False;False;;16.75;2.25;;;7;Elevações Portuárias;15;;GSA - E;3297;D016
32.0;182.5;12.2;7.1;2.0;3;5;;2;16;False;False;False;;136.5;0;;;7;Ageo Terminais ;2;;GL;3298;D016
24.0;144.09;9.8;10.1;2.0;4;0;;2;16;False;False;False;;8.08;9.0;;;7;Adonai Química;1;;GL;3299;D016
34.0;185.97;9.6;10.0;2.0;5;0;;2;16;False;False;False;;20.2;2.45;;;7;Santos Brasil;32;;CGC;3300;D016
24.0;144.03;9.5;9.4;2.0;7;0;;2;16;False;False;False;;24.25;0;;;7;Adonai Química;1;;GL;3301;D016
32.0;199.95;8.33;8.66;1.0;8;0;;2;16;False;False;True;;12.0;5.92;;;7;TEV;45;;CGNC;3302;D016
33.0;225.0;7.3;13.65;1.0;8;0;;2;16;False;False;False;;61.2;4.02;;;7;Terminal 12A (COFCO);38;;GSA - E;3303;D016
17.0;75.2;5.4;4.6;1.0;9;5;;2;16;False;False;False;;35.0;0.08;;;7;TUP - Saipem;53;;CGNC;3304;D016
28.0;186.35;12.2;7.1;1.0;10;48;;2;16;False;False;False;;13.18;1.0;;;7;BTP;9;;CGC;3305;D016
23.0;149.8;6.8;7.85;1.0;15;0;;2;16;False;False;False;;39.4;3.42;;;7;Transpetro;47;;GL;3306;D016
32.0;225.0;9.07;13.45;1.0;18;0;;2;16;False;False;False;;89.33;3.25;;;7;Bracell;8;;CGNC;3307;D016
33.0;201.8;8.24;13.2;1.0;19;0;;2;16;False;False;False;;100.03;0.93;;;7;TUP - DPW - CGNC;52;;CGNC;3308;D016
32.0;229.0;7.12;13.9;1.0;19;0;;2;16;False;False;False;;37.33;2.12;;;7;Copersucar;12;;GSA - E;3309;D016
51.0;335.0;14.5;11.2;2.0;20;0;;2;16;False;False;False;;18.2;2.03;;;7;BTP;9;;CGC;3310;D016
32.0;225.0;7.5;7.45;2.0;23;27;;2;16;False;False;False;;42.07;12.0;;;7;Ecoporto;13;;CGNC;3311;D016
32.0;229.0;11.43;14.2;1.0;23;30;;2;16;False;False;False;;13.58;19.73;;;7;Elevações Portuárias;15;;GSA - E;3312;D016
40.0;299.95;10.6;9.8;2.0;23;48;;2;16;False;False;False;;16.08;1.93;;;7;TUP - DPW - CGC;51;;CGC;3313;D016
37.0;255.0;10.7;10.0;1.0;0;30;;3;17;False;False;False;;26.2;2.77;;;7;TUP - DPW - CGC;51;;CGC;3314;D016
25.0;182.47;9.2;9.5;1.0;0;40;;3;17;False;False;False;;33.42;1.73;;;7;Santos Brasil;32;;CGC;3315;D016
48.0;333.96;11.6;13.9;2.0;2;36;;3;17;False;False;False;;26.22;2.05;;;7;Santos Brasil;32;;CGC;3316;D016
48.0;299.95;12.2;11.0;2.0;4;12;;3;17;False;False;False;;15.48;1.92;;;7;BTP;9;;CGC;3317;D016
32.0;258.89;10.1;8.8;2.0;7;0;;3;17;False;False;False;;16.38;2.13;;;7;Santos Brasil;32;;CGC;3318;D016
27.0;170.7;9.7;5.7;2.0;8;15;;3;17;False;False;False;;197.25;0;;;7;Outros - Cais do Saboó;28;;GSM - I;3319;D016
32.0;225.0;6.61;13.46;1.0;8;30;;3;17;False;False;False;;62.0;2.27;;;7;TUP - Tiplam - GSA - E;56;;GSA - E;3320;D016
32.0;199.9;7.12;8.46;1.0;10;0;;3;17;False;False;False;;26.58;5.83;;;7;Suzano (T-32);35;;CGNC;3321;D016
29.0;179.86;7.9;7.5;2.0;11;30;;3;17;False;False;False;;18.0;5.27;;;7;TUP - Tiplam - GL;55;;GL;3322;D016
21.0;139.95;6.2;7.8;1.0;12;0;;3;17;False;False;False;;44.83;0;;;7;Vopak;60;;GL;3323;D016
48.0;329.86;12.85;14.4;1.0;13;0;;3;17;False;False;False;;33.05;1.62;;;7;BTP;9;;CGC;3324;D016
32.0;229.0;14.05;12.76;2.0;13;30;;3;17;False;False;False;;28.13;3.23;;;7;Terminal Marítimo do Guarujá (Termag);43;;GSM - I;3325;D016
28.0;179.9;9.94;7.68;2.0;14;36;;3;17;False;False;False;;146.58;0.67;;;7;Outros - Cais do Macuco;25;;GSM - I;3326;D016
28.0;186.35;9.8;8.0;1.0;16;6;;3;17;False;False;False;;7.13;2.18;;;7;TUP - DPW - CGC;51;;CGC;3327;D016
30.0;180.0;6.46;10.23;1.0;16;45;;3;17;False;False;False;;293.53;12.82;;;7;NST - CGNC;19;;GSA - E;3328;D016
32.0;257.38;9.3;10.1;1.0;18;0;;3;17;False;False;False;;11.13;1.62;;;7;TUP - DPW - CGC;51;;CGC;3329;D016
26.0;170.0;8.5;10.5;1.0;18;0;;3;17;False;False;False;;47.42;0;;;7;Ageo Terminais ;2;;GL;3330;D016
27.0;165.17;9.1;7.1;2.0;20;0;;3;17;False;False;False;;31.67;2.87;;;7;TUP - Terminal Marítimo Dow;54;;GL;3331;D016
28.0;179.87;9.8;9.6;2.0;0;48;;4;18;False;False;False;;16.5;6.43;;;7;Transpetro;47;;GL;3332;D016
32.0;199.92;7.08;12.69;1.0;3;0;;4;18;False;False;False;;62.82;4.97;;;7;TUP - DPW - CGNC;52;;CGNC;3333;D016
32.0;263.23;8.6;10.4;1.0;4;54;;4;18;False;False;False;;9.95;1.53;;;7;Santos Brasil;32;;CGC;3334;D016
32.0;199.9;10.3;8.58;2.0;5;6;;4;18;False;False;False;;65.58;0;;;7;Outros - Cais do Macuco;25;;GSM - I;3335;D016
33.0;199.9;10.3;7.5;2.0;8;0;;4;18;False;False;False;;93.93;2.57;;;7;TUP - Tiplam - GSM - I;57;;GSM - I;3336;D016
32.0;229.0;7.39;13.39;1.0;10;12;;4;18;False;False;False;;33.18;3.52;;;7;Terminal de Granéis do Guarujá (TGG);40;;GSA - E;3337;D016
45.0;299.9;11.2;14.0;1.0;11;0;;4;18;False;False;False;;16.2;5.17;;;7;BTP;9;;CGC;3338;D016
36.0;228.41;7.39;13.58;1.0;11;0;;4;18;False;False;False;;33.0;2.25;;;7;Terminal de Granéis do Guarujá (TGG);40;;GSA - E;3339;D016
37.0;228.0;9.8;10.3;2.0;11;50;;4;18;False;False;False;;19.98;1.37;;;7;TUP - DPW - CGC;51;;CGC;3340;D016
32.0;189.99;6.6;13.08;1.0;14;42;;4;18;False;False;False;;70.25;4.28;;;7;TUP - Tiplam - GSA - E;56;;GSA - E;3341;D016
32.0;199.98;8.52;12.12;1.0;15;0;;4;18;False;False;False;;24.33;3.0;;;7;Elevações Portuárias;15;;GSA - E;3342;D016
32.0;229.0;6.95;13.15;1.0;15;0;;4;18;False;False;False;;65.52;2.27;;;7;TUP - Tiplam - GSA - E;56;;GSA - E;3343;D016
48.0;299.9;12.1;11.0;2.0;17;0;;4;18;False;False;False;;27.67;2.12;;;7;Santos Brasil;32;;CGC;3344;D016
32.0;228.9;7.5;13.0;1.0;17;18;;4;18;False;False;False;;67.9;2.83;;;7;Terminal ADM do Brasil;39;;GSA - E;3345;D016
32.0;199.9;9.3;6.65;2.0;20;51;;4;18;False;False;False;;114.92;0;;;7;Outros - Cais do Saboó;28;;GL;3346;D016
32.0;210.96;8.7;8.7;2.0;21;0;;4;18;False;False;False;;15.13;1.9;;;7;BTP;9;;CGC;3347;D016
35.0;185.97;9.3;10.4;2.0;21;15;;4;18;False;False;False;;17.25;1.62;;;7;Santos Brasil;32;;CGC;3348;D016
32.0;189.99;6.4;10.47;1.0;22;54;;4;18;False;False;False;;18.75;2.53;;;7;Elevações Portuárias;15;;GSA - E;3349;D016
32.0;229.0;7.38;13.15;1.0;1;24;;5;19;False;False;False;;75.87;0.5;;;7;Terminal Exportador do Guarujá (TEG);42;;GSA - E;3350;D016
32.0;201.8;7.2;11.15;1.0;2;6;;5;19;False;False;False;;54.18;2.08;;;7;TUP - DPW - CGNC;52;;CGNC;3351;D016
48.0;333.2;12.15;11.4;2.0;3;57;;5;19;False;False;False;;31.75;1.85;;;7;BTP;9;;CGC;3352;D016
33.0;189.94;10.4;6.5;2.0;4;22;;5;19;False;False;False;;161.83;0;;;7;Outros - Cais do Macuco;25;;GSM - I;3353;D016
32.0;199.99;6.62;12.05;1.0;5;54;;5;19;False;False;False;;64.02;2.4;;;7;Copersucar;12;;GSA - E;3354;D016
24.0;199.98;6.5;6.6;2.0;8;0;;5;19;False;False;False;;51.17;0;;;7;Outros - Cais do Macuco;25;;GSM - I;3355;D016
18.0;85.34;4.6;5.0;1.0;9;40;;5;19;False;False;False;;29.83;0.17;;;7;TUP - Saipem;53;;CGNC;3356;D016
23.0;155.25;8.5;6.9;2.0;10;0;;5;19;False;False;False;;115.0;0;;;7;Outros - Cais do Outeirinhos;26;;GSM - I;3357;D016
40.0;300.4;11.6;13.8;1.0;11;6;;5;19;False;False;False;;18.68;2.17;;;7;BTP;9;;CGC;3358;D016
30.0;222.2;7.5;7.6;1.0;11;10;;5;19;False;False;False;;9.03;1.1;;;7;TUP - DPW - CGC;51;;CGC;3359;D016
48.0;300.0;10.6;14.0;1.0;12;12;;5;19;False;False;False;;26.05;2.33;;;7;BTP;9;;CGC;3360;D016
51.0;336.0;9.9;13.1;1.0;12;24;;5;19;False;False;False;;23.27;2.03;;;7;Santos Brasil;32;;CGC;3361;D016
23.0;164.34;8.9;7.2;2.0;14;0;;5;19;False;False;False;;36.78;11.72;;;7;Granel Química;61;;GL;3362;D016
35.0;224.0;10.85;10.8;2.0;14;0;;5;19;False;False;False;;25.3;1.97;;;7;Santos Brasil;32;;CGC;3363;D016
38.0;229.0;7.1;13.09;1.0;14;30;;5;19;False;False;False;;56.5;4.42;;;7;Terminal Exportador de Santos (TES);41;;GSA - E;3364;D016
32.0;263.23;10.2;9.4;2.0;15;0;;5;19;False;False;False;;9.62;1.6;;;7;Santos Brasil;32;;CGC;3365;D016
30.0;185.06;9.5;10.6;1.0;15;30;;5;19;False;False;False;;66.0;2.25;;;7;Stolthaven;33;;GL;3366;D016
24.0;144.03;9.4;9.0;2.0;16;0;;5;19;False;False;False;;50.23;0;;;7;Vopak;60;;GL;3367;D016
36.0;228.95;10.26;12.49;1.0;16;0;;5;19;False;False;False;;43.12;1.75;;;7;Terminal Exportador de Santos (TES);41;;GSA - E;3368;D016
40.0;182.9;7.0;10.65;1.0;16;0;;5;19;False;False;False;;20.9;3.3;;;7;Transpetro;47;;GL;3369;D016
37.0;228.0;10.3;11.1;1.0;19;47;;5;19;False;False;False;;8.63;1.58;;;7;BTP;9;;CGC;3370;D016
46.0;299.9;12.1;14.1;2.0;20;0;;5;19;False;False;False;;14.58;1.5;;;7;BTP;9;;CGC;3371;D016
37.0;255.36;9.8;12.4;1.0;1;0;;6;20;False;False;False;;35.0;1.85;;;7;TUP - DPW - CGC;51;;CGC;3372;D016
32.0;228.99;14.2;11.5;2.0;1;31;;6;20;False;False;False;;87.67;2.27;;;7;Terminal Marítimo do Guarujá (Termag);43;;GSM - I;3373;D016
36.0;236.3;8.0;8.2;1.0;2;34;;6;20;False;False;True;;13.67;3.95;;;7;TEV;45;;CGNC;3374;D016
40.0;277.32;12.75;12.75;2.0;3;36;;6;20;False;False;False;;14.38;1.7;;;7;BTP;9;;CGC;3375;D016
32.0;199.99;8.9;9.0;2.0;5;18;;6;20;False;False;True;;2.0;2.22;;;7;TEV;45;;CGNC;3376;D016
29.0;176.5;6.2;10.85;1.0;7;15;;6;20;False;False;False;;85.95;2.52;;;7;Temrinal de Exportação de Açúcar do Guarujá (TEAG);37;;GSA - E;3377;D016
40.0;305.6;12.0;14.1;1.0;8;0;;6;20;False;False;False;;14.63;1.43;;;7;TUP - DPW - CGC;51;;CGC;3378;D016
32.0;186.07;8.8;8.5;2.0;9;0;;6;20;False;False;False;;27.2;0;;;7;Ageo Terminais ;2;;GL;3379;D016
30.0;179.9;9.86;7.16;2.0;10;0;;6;20;False;False;False;;222.42;0;;;7;Outros - Cais do Saboó;28;;GSM - I;3380;D016
35.0;228.95;8.0;12.88;1.0;13;0;;6;20;False;False;False;;44.33;0.05;;;7;Terminal XXXIX;44;;GSA - E;3381;D016
32.0;225.0;9.11;13.84;1.0;13;15;;6;20;False;False;False;;15.33;6.33;;;7;Elevações Portuárias;15;;GSA - E;3382;D016
30.0;180.0;8.99;6.81;2.0;13;45;;6;20;False;False;False;;68.55;1.28;;;7;Moinho Santista (Bunge);17;;GSA - I;3383;D016
16.0;118.14;4.6;4.75;1.0;17;0;;6;20;False;False;False;;60.67;7.42;;;7;Ecoporto;13;;CGNC;3384;D016
37.0;209.99;7.61;11.9;1.0;19;15;;6;20;False;False;False;;68.85;2.08;;;7;Terminal ADM do Brasil;39;;GSA - E;3385;D016
32.0;225.0;6.55;13.29;1.0;20;40;;6;20;False;False;False;;54.97;3.18;;;7;Terminal Exportador do Guarujá (TEG);42;;GSA - E;3386;D016
36.0;236.3;8.2;9.8;1.0;23;50;;6;20;False;False;False;;19.87;8.17;;;7;Ecoporto;13;;CGC;3387;D016
30.0;180.0;6.12;10.75;1.0;0;1;;0;21;False;False;False;;35.17;2.83;;;7;TUP - Tiplam - GSA - E;56;;GSA - E;3388;D016
35.0;199.91;9.6;9.0;2.0;5;0;;0;21;False;False;False;;18.98;2.02;;;7;Santos Brasil;32;;CGC;3389;D016
32.0;183.06;9.6;8.8;2.0;5;0;;0;21;False;False;False;;39.7;2.8;;;7;TUP - Terminal Marítimo Dow;54;;GL;3390;D016
30.0;179.9;9.46;6.84;2.0;5;48;;0;21;False;False;False;;43.05;2.67;;;7;Terminal Marítimo do Guarujá (Termag);43;;GSM - I;3391;D016
32.0;262.08;10.98;12.51;2.0;6;12;;0;21;False;False;False;;28.05;2.0;;;7;Santos Brasil;32;;CGC;3392;D016
42.0;322.97;12.0;13.7;2.0;6;24;;0;21;False;False;False;;17.1;4.5;;;7;BTP;9;;CGC;3393;D016
32.0;199.9;7.47;11.6;1.0;6;30;;0;21;False;False;False;;43.5;2.12;;;7;Copersucar;12;;GSA - E;3394;D016
32.0;294.12;10.9;11.1;2.0;7;0;;0;21;False;False;False;;22.77;1.52;;;7;TUP - DPW - CGC;51;;CGC;3395;D016
32.0;229.07;7.3;12.56;1.0;8;30;;0;21;False;False;False;;90.92;2.42;;;7;Terminal Exportador de Santos (TES);41;;GSA - E;3396;D016
19.0;87.9;5.0;4.9;1.0;10;0;;0;21;False;False;False;;26.42;0.17;;;7;TUP - Saipem;53;;CGNC;3397;D016
43.0;272.25;13.1;12.3;2.0;10;55;;0;21;False;False;False;;33.87;1.97;;;7;Santos Brasil;32;;CGC;3398;D016
48.0;299.85;14.5;13.5;2.0;11;10;;0;21;False;False;False;;16.23;2.53;;;7;Santos Brasil;32;;RORO ;3399;D016
24.0;199.98;6.6;6.65;2.0;13;15;;0;21;False;False;False;;48.92;5.33;;;7;Outros - Cais do Macuco;25;;GSM - I;3400;D016
25.0;146.5;8.8;9.0;2.0;15;0;;0;21;False;False;False;;34.67;0;;;7;Stolthaven;33;;GL;3401;D016
48.0;333.2;9.4;12.2;1.0;21;38;;0;21;False;False;False;;36.38;1.5;;;7;TUP - DPW - CGC;51;;CGC;3402;D016
32.0;229.0;8.1;13.53;1.0;22;18;;0;21;False;False;False;;33.67;3.92;;;7;Elevações Portuárias;15;;GSA - E;3403;D016
32.0;229.0;6.91;13.43;1.0;0;30;;1;22;False;False;False;;63.57;0;;;7;Terminal XXXIX;44;;GSA - E;3404;D016
27.0;169.37;10.18;5.47;2.0;0;35;;1;22;False;False;False;;92.0;10.75;;;7;Moinho Santista (Bunge);17;;GSA - I;3405;D016
32.0;224.99;7.1;12.18;1.0;1;0;;1;22;False;False;False;;45.82;0;;;7;Terminal XXXIX;44;;GSA - E;3406;D016
26.0;170.0;10.2;9.5;1.0;1;15;;1;22;False;False;False;;58.83;0;;;7;Ultracargo;59;;GL;3407;D016
48.0;299.79;11.2;10.3;2.0;1;50;;1;22;False;False;False;;18.85;2.08;;;7;BTP;9;;CGC;3408;D016
32.0;229.0;7.5;11.08;1.0;5;0;;1;22;False;False;False;;24.83;2.33;;;7;Terminal de Granéis do Guarujá (TGG);40;;GSA - E;3409;D016
32.0;228.15;8.0;12.0;1.0;6;30;;1;22;False;False;False;;21.8;2.08;;;7;Santos Brasil;32;;CGC;3410;D016
28.0;182.9;7.4;8.0;1.0;6;30;;1;22;False;False;False;;75.42;0;;;7;Ageo Terminais ;2;;GL;3411;D016
32.0;179.95;9.3;9.1;2.0;6;48;;1;22;False;False;False;;151.0;0;;;7;Outros - Cais do Macuco;25;;GSM - I;3412;D016
32.0;228.19;9.3;10.0;2.0;7;50;;1;22;False;False;False;;15.12;1.97;;;7;Santos Brasil;32;;CGC;3413;D016
32.0;199.98;6.22;13.42;1.0;8;6;;1;22;False;False;False;;71.75;2.92;;;7;Elevações Portuárias;15;;GSA - E;3414;D016
38.0;228.87;7.79;13.8;1.0;8;42;;1;22;False;False;False;;45.77;2.72;;;7;Terminal ADM do Brasil;39;;GSA - E;3415;D016
32.0;190.0;6.5;11.45;1.0;9;55;;1;22;False;False;False;;36.33;3.75;;;7;Elevações Portuárias;15;;GSA - E;3416;D016
36.0;210.0;9.35;13.8;1.0;12;0;;1;22;False;False;False;;47.43;2.03;;;7;TUP - DPW - CGNC;52;;CGNC;3417;D016
32.0;213.88;8.6;8.6;2.0;15;0;;1;22;False;False;False;;12.0;2.22;;;7;Ecoporto;13;;CGNC;3418;D016
31.0;183.0;10.02;6.71;2.0;15;30;;1;22;False;False;False;;154.83;0;;;7;Outros - Cais do Macuco;25;;GSM - I;3419;D016
28.0;174.38;7.6;8.5;1.0;16;0;;1;22;False;False;False;;80.17;3.17;;;7;Adonai Química;1;;GL;3420;D016
32.0;225.0;6.91;13.55;1.0;16;30;;1;22;False;False;False;;58.68;5.28;;;7;Terminal 12A (COFCO);38;;GSA - E;3421;D016
32.0;199.99;7.05;13.29;1.0;16;30;;1;22;False;False;False;;55.92;4.82;;;7;Elevações Portuárias;15;;GSA - E;3422;D016
48.0;299.18;11.1;10.8;2.0;23;12;;1;22;False;False;False;;22.93;2.68;;;7;Santos Brasil;32;;CGC;3423;D016
31.0;212.54;11.1;8.9;2.0;0;30;;2;23;False;False;False;;13.82;1.6;;;7;Santos Brasil;32;;CGC;3424;D016
40.0;272.05;9.9;9.05;1.0;1;0;;2;23;False;False;False;;15.72;1.75;;;7;TUP - DPW - CGC;51;;CGC;3425;D016
32.0;199.9;11.7;9.0;2.0;2;10;;2;23;False;False;False;;99.72;0;;;7;Outros - Cais do Macuco;25;;GSM - I;3426;D016
19.0;119.95;7.0;6.15;2.0;5;55;;2;23;False;False;False;;13.17;7.62;;;7;Transpetro;47;;GL;3427;D016
32.0;228.99;12.56;11.8;2.0;7;30;;2;23;False;False;False;;53.33;2.25;;;7;Hidrovias do Brasil;16;;GSM - I;3428;D016
26.0;170.0;7.2;9.7;1.0;8;0;;2;23;False;False;False;;45.13;5.2;;;7;TUP - Cutrale - GL;49;;GL;3429;D016
32.0;228.99;11.0;13.0;1.0;8;30;;2;23;False;False;False;;32.33;0;;;7;Terminal XXXIX;44;;GSA - E;3430;D016
48.0;330.03;14.2;12.5;2.0;9;0;;2;23;False;False;False;;25.73;2.25;;;7;BTP;9;;CGC;3431;D016
19.0;88.9;5.5;5.0;1.0;9;25;;2;23;False;False;False;;30.0;0.08;;;7;TUP - Saipem;53;;CGNC;3432;D016
27.0;183.0;7.5;8.6;1.0;10;0;;2;23;False;False;False;;15.4;5.22;;;7;Transpetro;47;;GL;3433;D016
18.0;76.0;5.5;5.8;1.0;10;0;;2;23;False;False;False;;36.17;0.17;;;7;TUP - Saipem;53;;CGNC;3434;D016
36.0;210.0;8.0;8.36;2.0;10;0;;2;23;False;False;False;;84.33;6.48;;;7;Ecoporto;13;;CGNC;3435;D016
38.0;255.4;13.4;13.0;2.0;11;36;;2;23;False;False;False;;15.9;1.93;;;7;TUP - DPW - CGC;51;;CGC;3436;D016
18.0;116.26;6.5;6.56;1.0;12;25;;2;23;False;False;False;;13.97;6.72;;;7;Ecoporto;13;;CGC;3437;D016
32.0;229.0;13.73;8.59;2.0;14;30;;2;23;False;False;False;;78.88;8.1;;;7;TUP - Tiplam - GSM - I;57;;GSM - I;3438;D016
32.0;179.9;8.0;9.2;1.0;15;0;;2;23;False;False;True;;21.0;3.08;;;7;TEV;45;;CGNC;3439;D016
33.0;229.0;6.87;13.6;1.0;16;0;;2;23;False;False;False;;34.33;2.75;;;7;Terminal de Granéis do Guarujá (TGG);40;;GSA - E;3440;D016
37.0;199.98;8.6;9.45;1.0;17;6;;2;23;False;False;True;;22.5;1.42;;;7;TEV;45;;RORO ;3441;D016
25.0;182.47;9.5;8.9;2.0;22;0;;2;23;False;False;False;;20.73;8.05;;;7;Santos Brasil;32;;CGC;3442;D016
48.0;299.18;11.0;13.9;1.0;23;0;;2;23;False;False;False;;22.18;1.98;;;7;BTP;9;;CGC;3443;D016
32.0;199.97;7.8;8.9;1.0;1;10;;3;24;False;False;True;;32.1;0.83;;;7;TEV;45;;RORO ;3444;D016
32.0;228.99;14.2;9.47;2.0;2;24;;3;24;False;False;False;;87.6;9.0;;;7;Terminal Marítimo do Guarujá (Termag);43;;GSM - I;3445;D016
33.0;229.0;7.83;14.0;1.0;2;36;;3;24;False;False;False;;120.17;4.45;;;7;Elevações Portuárias;15;;GSA - E;3446;D016
37.0;254.73;10.8;9.0;2.0;3;50;;3;24;False;False;False;;8.45;2.15;;;7;TUP - DPW - CGC;51;;CGC;3447;D016
48.0;333.2;13.7;11.5;2.0;6;0;;3;24;False;False;False;;16.53;2.1;;;7;TUP - DPW - CGC;51;;CGC;3448;D016
24.0;144.09;9.2;6.4;2.0;7;20;;3;24;False;False;False;;54.17;0.5;;;7;Ageo Terminais ;2;;GL;3449;D016
33.0;189.93;6.8;12.59;1.0;8;0;;3;24;False;False;False;;49.07;2.85;;;7;TUP - Tiplam - GSA - E;56;;GSA - E;3450;D016
30.0;210.56;8.2;11.4;1.0;9;0;;3;24;False;False;False;;123.08;0.07;;;7;Citrosuco;10;;GL;3451;D016
48.0;299.98;12.05;13.95;2.0;10;48;;3;24;False;False;False;;15.55;2.28;;;7;BTP;9;;CGC;3452;D016
40.0;304.16;9.9;9.3;2.0;11;0;;3;24;False;False;False;;21.2;6.0;;;7;BTP;9;;CGC;3453;D016
40.0;285.0;9.3;12.6;1.0;11;30;;3;24;False;False;False;;19.8;2.75;;;7;BTP;9;;CGC;3454;D016
32.0;229.02;6.81;13.8;1.0;11;36;;3;24;False;False;False;;30.08;2.0;;;7;Terminal de Granéis do Guarujá (TGG);40;;GSA - E;3455;D016
40.04;275.0;9.5;9.0;2.0;17;0;;3;24;False;False;False;;7.58;1.63;;;7;Santos Brasil;32;;CGC;3456;D016
32.0;226.8;9.67;13.32;1.0;18;0;;3;24;False;False;False;;56.72;0;;;7;Bracell;8;;CGNC;3457;D016
40.0;306.0;10.9;9.85;2.0;18;54;;3;24;False;False;False;;17.92;2.48;;;7;TUP - DPW - CGC;51;;CGC;3458;D016
51.0;335.9;13.5;11.7;2.0;19;0;;3;24;False;False;False;;22.97;1.98;;;7;Santos Brasil;32;;CGC;3459;D016
32.0;229.0;10.15;13.09;1.0;19;48;;3;24;False;False;False;;33.52;2.07;;;7;Terminal ADM do Brasil;39;;GSA - E;3460;D016
37.0;209.99;10.71;11.93;1.0;21;0;;3;24;False;False;False;;17.33;2.77;;;7;Terminal ADM do Brasil;39;;GSA - E;3461;D016
32.0;183.06;8.8;7.0;2.0;23;45;;3;24;False;False;False;;46.92;0;;;7;Vopak;60;;GL;3462;D016
32.0;199.97;8.2;9.1;1.0;0;10;;4;25;False;False;True;;23.0;0.92;;;7;TEV;45;;RORO ;3463;D016
32.0;225.0;7.16;14.0;1.0;0;30;;4;25;False;False;False;;47.0;2.48;;;7;Elevações Portuárias;15;;GSA - E;3464;D016
17.0;82.3;4.5;4.4;1.0;1;30;;4;25;False;False;False;;37.17;0.17;;;7;TUP - Saipem;53;;CGNC;3465;D016
32.0;228.99;7.2;13.5;1.0;3;30;;4;25;False;False;False;;141.08;0;;;7;T-Grão;46;;GSA - E;3466;D016
32.0;260.66;11.9;10.6;2.0;5;36;;4;25;False;False;False;;7.58;2.35;;;7;Santos Brasil;32;;CGC;3467;D016
32.0;229.0;7.05;10.92;1.0;5;45;;4;25;False;False;False;;75.45;3.83;;;7;Terminal 12A (COFCO);38;;GSA - E;3468;D016
45.0;299.9;12.1;11.4;2.0;6;48;;4;25;False;False;False;;38.67;1.87;;;7;BTP;9;;CGC;3469;D016
48.0;299.88;12.2;13.9;1.0;8;0;;4;25;False;False;False;;38.7;3.02;;;7;BTP;9;;CGC;3470;D016
32.0;199.94;7.8;9.0;1.0;8;48;;4;25;False;False;True;;20.92;1.1;;;7;TEV;45;;CGNC;3471;D016
33.0;177.9;8.1;8.2;1.0;9;50;;4;25;False;False;False;;52.08;0.17;;;7;TUP - Saipem;53;;CGNC;3472;D016
37.0;227.92;11.5;10.7;1.0;11;0;;4;25;False;False;False;;19.8;1.92;;;7;TUP - DPW - CGC;51;;CGC;3473;D016
48.0;299.9;11.7;14.4;1.0;11;30;;4;25;False;False;False;;21.78;2.67;;;7;BTP;9;;CGC;3474;D016
40.0;299.95;9.4;9.35;2.0;13;0;;4;25;False;False;False;;27.08;2.98;;;7;Santos Brasil;32;;CGC;3475;D016
27.0;168.0;8.0;8.4;2.0;13;30;;4;25;False;False;False;;20.22;5.42;;;7;Ecoporto;13;;CGC;3476;D016
32.0;196.0;11.42;9.42;2.0;16;50;;4;25;False;False;False;;92.42;0;;;7;Outros - Cais do Macuco;25;;GSM - I;3477;D016
40.0;299.99;10.8;12.5;2.0;18;0;;4;25;False;False;False;;27.22;1.7;;;7;Santos Brasil;32;;CGC;3478;D016
45.0;299.9;12.8;10.3;2.0;20;0;;4;25;False;False;False;;22.97;3.02;;;7;Santos Brasil;32;;CGC;3479;D016
32.0;257.38;9.9;11.6;2.0;0;0;;5;26;False;False;False;;8.35;1.72;;;7;Santos Brasil;32;;CGC;3480;D016
32.0;228.99;11.5;7.4;2.0;0;30;;5;26;False;False;False;;70.6;2.42;;;7;Hidrovias do Brasil;16;;GSM - I;3481;D016
40.0;272.08;11.0;13.4;1.0;5;0;;5;26;False;False;False;;14.95;3.33;;;7;TUP - DPW - CGC;51;;CGC;3482;D016
40.0;277.32;11.9;14.25;1.0;5;18;;5;26;False;False;False;;13.57;1.67;;;7;BTP;9;;CGNC;3483;D016
28.0;179.99;10.16;6.03;2.0;7;0;;5;26;False;False;False;;126.12;0;;;7;Outros - Cais do Saboó;28;;GSM - I;3484;D016
24.0;144.09;8.6;9.0;1.0;7;0;;5;26;False;False;False;;32.65;0;;;7;Ageo Terminais ;2;;GL;3485;D016
24.0;147.83;9.5;8.4;2.0;7;30;;5;26;False;False;False;;39.0;12.33;;;7;Ultracargo;59;;GL;3486;D016
22.0;119.9;8.4;7.1;1.0;9;0;;5;26;False;False;False;;75.78;0;;;7;Ageo Terminais ;2;;GL;3487;D016
26.0;157.4;5.82;8.72;1.0;9;0;;5;26;False;False;False;;40.58;6.58;;;7;TUP - Cutrale - GL;49;;GL;3488;D016
43.0;299.9;12.3;11.1;2.0;12;0;;5;26;False;False;False;;64.9;2.7;;;7;Santos Brasil;32;;CGC;3489;D016
32.0;183.1;6.8;7.0;1.0;12;0;;5;26;False;False;False;;30.5;1.8;;;7;Transpetro;47;;GL;3490;D016
32.0;199.99;6.9;9.9;1.0;15;0;;5;26;False;False;False;;52.12;0;;;7;Temrinal de Exportação de Açúcar do Guarujá (TEAG);37;;GSA - E;3491;D016
28.0;179.99;8.0;8.9;1.0;15;39;;5;26;False;False;False;;39.85;0.4;;;7;Ageo Terminais ;2;;GL;3492;D016
37.0;227.92;10.7;11.25;1.0;17;43;;5;26;False;False;False;;16.82;1.8;;;7;BTP;9;;CGC;3493;D016
48.0;329.8;14.3;11.58;2.0;21;48;;5;26;False;False;False;;34.9;2.1;;;7;TUP - DPW - CGC;51;;CGC;3494;D016
32.0;183.1;11.15;9.05;2.0;22;30;;5;26;False;False;False;;109.67;0;;;7;Vopak;60;;GL;3495;D016
28.0;198.0;7.0;7.0;1.0;23;0;;5;26;False;False;False;;6.27;3.37;;;7;TUP - DPW - CGC;51;;CGC;3496;D016
38.0;249.97;11.1;10.1;2.0;4;5;;6;27;False;False;False;;12.0;1.23;;;7;BTP;9;;CGC;3497;D016
32.0;189.99;11.47;10.5;2.0;7;30;;6;27;False;False;False;;96.17;0;;;7;Outros - Cais do Macuco;25;;GSM - I;3498;D016
32.0;183.06;8.2;10.25;1.0;8;30;;6;27;False;False;False;;34.5;1.0;;;7;Transpetro;47;;GL;3499;D016
32.0;294.12;11.15;11.15;2.0;9;0;;6;27;False;False;False;;11.27;1.37;;;7;TUP - DPW - CGC;51;;CGC;3500;D016
28.0;183.2;8.0;8.4;1.0;10;0;;6;27;False;False;False;;8.9;9.23;;;7;Transpetro;47;;GL;3501;D016
20.0;92.95;5.5;6.0;1.0;10;50;;6;27;False;False;False;;52.67;0.17;;;7;TUP - Saipem;53;;CGNC;3502;D016
32.0;225.0;8.0;14.2;1.0;11;30;;6;27;False;False;False;;80.78;3.05;;;7;TUP - DPW - CGNC;52;;CGNC;3503;D016
32.0;199.96;10.96;12.2;1.0;11;48;;6;27;False;False;False;;14.93;1.4;;;7;Terminal ADM do Brasil;39;;GSA - E;3504;D016
32.0;179.9;8.5;7.8;2.0;11;54;;6;27;False;False;False;;41.58;6.15;;;7;Ultracargo;59;;GL;3505;D016
27.0;165.17;8.9;7.5;2.0;14;0;;6;27;False;False;False;;26.92;2.58;;;7;TUP - Terminal Marítimo Dow;54;;GL;3506;D016
30.0;218.45;8.5;10.5;2.0;17;0;;6;27;False;False;False;;19.93;2.2;;;7;Santos Brasil;32;;CGC;3507;D016
40.0;293.18;11.2;13.3;1.0;17;0;;6;27;False;False;False;;21.83;1.57;;;7;TUP - DPW - CGC;51;;CGC;3508;D016
27.4;183.98;7.4;9.52;1.0;21;54;;6;27;False;False;False;;55.0;2.2;;;7;Transpetro;47;;GL;3509;D016
40.0;182.9;7.9;12.4;1.0;2;0;;0;28;False;False;False;;41.0;1.03;;;7;Transpetro;47;;GL;3510;D016
48.0;299.18;8.7;13.6;1.0;7;0;;0;28;False;False;False;;27.77;2.18;;;7;BTP;9;;CGC;3511;D016
32.0;189.99;10.3;7.0;2.0;9;54;;0;28;False;False;False;;54.43;2.48;;;7;Terminal Marítimo do Guarujá (Termag);43;;GSM - I;3512;D016
32.0;189.99;6.77;12.35;1.0;9;54;;0;28;False;False;False;;45.67;2.5;;;7;Elevações Portuárias;15;;GSA - E;3513;D016
34.0;223.91;8.9;11.11;2.0;10;42;;0;28;False;False;False;;23.97;1.97;;;7;Santos Brasil;32;;CGC;3514;D016
48.0;328.46;11.6;14.2;1.0;14;54;;0;28;False;False;False;;19.62;1.87;;;7;BTP;9;;CGC;3515;D016
30.0;210.54;11.1;9.8;2.0;16;0;;0;28;False;False;False;;25.82;2.58;;;7;Santos Brasil;32;;CGC;3516;D016
32.0;228.99;6.92;12.33;1.0;17;0;;0;28;False;False;False;;49.05;2.35;;;7;TUP - Tiplam - GSA - E;56;;GSA - E;3517;D016
32.0;210.96;9.2;8.6;2.0;17;30;;0;28;False;False;False;;31.48;5.25;;;7;BTP;9;;CGC;3518;D016
32.0;229.0;7.5;13.35;1.0;18;14;;0;28;False;False;False;;76.5;0.83;;;7;TUP - Cutrale - GSA - E;50;;GSA - E;3519;D016
40.0;293.87;9.9;8.9;2.0;22;0;;0;28;False;False;False;;10.47;1.7;;;7;BTP;9;;CGC;3520;D016
45.0;335.0;14.1;12.4;2.0;4;30;;1;29;False;False;False;;19.47;2.3;;;7;Santos Brasil;32;;CGC;3521;D016
29.83;179.97;7.08;7.87;1.0;8;24;;1;29;False;False;False;;7.13;7.12;;;7;TUP - Usiminas;58;;CGNC;3522;D016
28.0;179.9;10.5;5.95;2.0;8;40;;1;29;False;False;False;;84.58;3.67;;;7;Hidrovias do Brasil;16;;GSM - I;3523;D016
32.0;229.0;13.3;8.16;2.0;10;0;;1;29;False;False;False;;102.17;1.7;;;7;TUP - Tiplam - GSM - I;57;;GSM - I;3524;D016
0.0;229.0;7.93;13.53;1.0;11;18;;1;29;False;False;False;;37.25;3.5;;;7;Elevações Portuárias;15;;GSA - E;3525;D016
48.0;333.9;12.2;13.9;2.0;13;0;;1;29;False;False;False;;31.18;2.15;;;7;Santos Brasil;32;;CGC;3526;D016
32.2;182.9;7.8;8.3;1.0;13;0;;1;29;False;False;False;;78.88;0;;;7;Vopak;60;;GL;3527;D016
29.0;189.98;8.4;6.95;2.0;14;40;;1;29;False;False;False;;152.58;0;;;7;Outros - Cais do Saboó;28;;GSM - I;3528;D016
32.0;229.0;7.14;13.23;1.0;15;48;;1;29;False;False;False;;53.05;3.82;;;7;TUP - Tiplam - GSA - E;56;;GSA - E;3529;D016
30.0;208.85;11.6;10.6;2.0;16;30;;1;29;False;False;False;;15.15;1.72;;;7;Santos Brasil;32;;CGC;3530;D016
48.0;330.0;14.3;12.35;2.0;17;0;;1;29;False;False;False;;29.78;2.43;;;7;BTP;9;;CGC;3531;D016
32.0;199.96;8.4;8.8;1.0;17;30;;1;29;False;False;True;;12.0;1.57;;;7;TEV;45;;CGNC;3532;D016
32.0;189.02;10.2;8.0;2.0;20;0;;1;29;False;False;False;;95.15;0;;;7;Ageo Terminais ;2;;GL;3533;D016
32.0;229.0;7.61;13.9;1.0;23;30;;1;29;False;False;False;;49.17;2.58;;;7;Copersucar;12;;GSA - E;3534;D016
23.0;144.85;6.9;7.0;1.0;4;48;;2;30;False;False;False;;4.52;5.17;;;7;Ecoporto;13;;CGNC;3535;D016
37.0;228.0;10.2;10.1;2.0;5;30;;2;30;False;False;False;;12.02;1.98;;;7;Santos Brasil;32;;CGC;3536;D016
33.0;229.0;13.02;9.45;2.0;6;0;;2;30;False;False;False;;169.37;7.23;;;7;Terminal Marítimo do Guarujá (Termag);43;;GSM - I;3537;D016
28.0;186.35;10.2;9.2;1.0;10;0;;2;30;False;False;False;;14.83;1.38;;;7;BTP;9;;CGC;3538;D016
33.0;189.8;5.8;11.4;1.0;10;6;;2;30;False;False;False;;21.17;5.0;;;7;Copersucar;12;;GSA - E;3539;D016
32.0;224.9;6.8;8.53;1.0;14;36;;2;30;False;False;False;;19.58;3.07;;;7;TUP - Tiplam - GSA - E;56;;GSA - E;3540;D016
32.0;199.9;9.0;6.64;2.0;15;20;;2;30;False;False;False;;116.58;3.28;;;7;Outros - Cais do Macuco;25;;GSM - I;3541;D016
30.0;169.37;5.6;8.3;1.0;16;0;;2;30;False;False;False;;10.72;2.1;;;7;Copersucar;12;;GSA - E;3542;D016
32.0;228.99;7.16;13.57;1.0;16;45;;2;30;False;False;False;;61.67;1.93;;;7;TUP - Tiplam - GSA - E;56;;GSA - E;3543;D016
32.0;229.0;8.59;7.2;2.0;17;45;;2;30;False;False;False;;81.75;0.25;;;7;Hidrovias do Brasil;16;;GSM - I;3544;D016
18.0;85.34;4.6;6.0;1.0;19;10;;2;30;False;False;False;;26.33;0.17;;;7;TUP - Saipem;53;;CGNC;3545;D016
32.0;199.9;8.56;13.52;1.0;23;30;;2;30;False;False;False;;35.58;2.78;;;7;Elevações Portuárias;15;;GSA - E;3546;D016
25.0;182.47;9.5;8.2;2.0;1;32;;3;31;False;False;False;;36.1;6.58;;;7;Santos Brasil;32;;CGC;3547;D016
34.0;228.37;9.2;9.2;1.0;3;12;;3;31;False;False;False;;31.9;2.35;;;7;Elevações Portuárias;15;;GSA - E;3548;D016
32.0;189.99;6.24;13.0;1.0;6;0;;3;31;False;False;False;;55.58;2.67;;;7;Elevações Portuárias;15;;GSA - E;3549;D016
37.0;254.87;10.3;9.9;3.0;6;0;;3;31;False;False;False;;11.13;1.35;;;7;TUP - DPW - CGC;51;;CGC;3550;D016
32.0;228.99;7.1;13.54;1.0;7;4;;3;31;False;False;False;;96.42;2.63;;;7;Terminal Exportador de Santos (TES);41;;GSA - E;3551;D016
32.0;225.0;7.15;13.46;1.0;7;46;;3;31;False;False;False;;99.25;0.78;;;7;Temrinal de Exportação de Açúcar do Guarujá (TEAG);37;;GSA - E;3552;D016
32.0;243.0;8.0;8.2;2.0;11;6;;3;31;False;False;False;;13.25;2.23;;;7;TUP - DPW - CGC;51;;CGC;3553;D016
28.0;179.99;8.7;11.0;1.0;12;0;;3;31;False;False;False;;78.42;3.67;;;7;Stolthaven;33;;GL;3554;D016
32.0;201.8;7.5;9.48;1.0;14;0;;3;31;False;False;False;;38.57;0.9;;;7;TUP - DPW - CGNC;52;;CGNC;3555;D016
40.04;275.0;11.0;12.5;1.0;14;40;;3;31;False;False;False;;20.58;1.3;;;7;Santos Brasil;32;;CGNC;3556;D016
36.0;227.2;7.54;12.5;1.0;14;42;;3;31;False;False;False;;58.25;0;;;7;Terminal XXXIX;44;;GSA - E;3557;D016
32.0;201.8;7.9;8.03;1.0;16;0;;3;31;False;False;False;;24.92;0;;;7;Bracell;8;;CGNC;3558;D016
32.0;228.99;6.78;13.25;1.0;19;30;;3;31;False;False;False;;50.8;3.3;;;7;Terminal ADM do Brasil;39;;GSA - E;3559;D016
32.0;229.0;7.0;13.4;1.0;21;36;;3;31;False;False;False;;104.92;0;;;7;T-Grão;46;;GSA - E;3560;D016
32.0;231.0;10.6;12.1;2.0;23;0;;3;31;False;False;False;;8.93;1.52;;;7;Santos Brasil;32;;CGC;3561;D016
48.0;331.1;12.5;14.2;1.0;23;30;;3;31;False;False;False;;48.78;2.02;;;7;TUP - DPW - CGC;51;;CGC;3562;D016
32.0;224.98;7.5;13.79;1.0;0;1;;4;1;False;False;False;;112.0;9.0;;;8;Elevações Portuárias;15;;GSA - E;3563;D016
42.0;300.07;11.6;9.2;2.0;0;6;;4;1;False;False;False;;19.7;3.57;;;8;BTP;9;;CGC;3564;D016
32.0;228.91;7.0;13.43;1.0;1;35;;4;1;False;False;False;;102.58;0;;;8;T-Grão;46;;GSA - E;3565;D016
32.0;229.0;7.3;13.67;1.0;4;0;;4;1;False;False;False;;109.08;3.45;;;8;TUP - Tiplam - GSA - E;56;;GSA - E;3566;D016
21.0;138.48;6.1;6.0;1.0;6;0;;4;1;False;False;False;;3.85;4.62;;;8;Ecoporto;13;;CGNC;3567;D016
32.0;229.0;7.62;13.22;1.0;7;0;;4;1;False;False;False;;30.33;2.17;;;8;Terminal de Granéis do Guarujá (TGG);40;;GSA - E;3568;D016
36.0;210.0;11.45;13.9;1.0;7;36;;4;1;False;False;False;;16.62;1.57;;;8;TUP - DPW - CGNC;52;;CGNC;3569;D016
36.0;225.0;8.7;13.1;1.0;8;6;;4;1;False;False;False;;45.73;5.08;;;8;Bracell;8;;CGNC;3570;D016
32.0;199.99;8.3;9.05;1.0;9;0;;4;1;False;False;True;;10.5;1.58;;;8;TEV;45;;CGNC;3571;D016
37.0;227.97;11.5;11.1;1.0;9;15;;4;1;False;False;False;;28.57;2.18;;;8;TUP - DPW - CGC;51;;CGC;3572;D016
32.0;214.0;8.5;8.6;1.0;10;0;;4;1;False;False;False;;11.2;1.73;;;8;Ecoporto;13;;CGNC;3573;D016
26.0;173.0;6.8;8.6;1.0;10;30;;4;1;False;False;False;;37.02;0.1;;;8;Citrosuco;10;;GL;3574;D016
32.0;199.94;7.1;13.2;1.0;11;28;;4;1;False;False;False;;50.27;0.47;;;8;Terminal Exportador do Guarujá (TEG);42;;GSA - E;3575;D016
32.0;225.0;7.26;12.68;1.0;12;30;;4;1;False;False;False;;82.35;0.15;;;8;Terminal Exportador do Guarujá (TEG);42;;GSA - E;3576;D016
40.0;284.71;10.9;10.05;1.0;13;37;;4;1;False;False;False;;12.15;1.88;;;8;TUP - DPW - CGC;51;;CGC;3577;D016
36.0;210.0;8.2;8.3;1.0;14;5;;4;1;False;False;False;;45.92;4.5;;;8;Eldorado (Rishis);14;;CGNC;3578;D016
32.0;228.99;7.4;12.94;1.0;15;48;;4;1;False;False;False;;103.45;15.13;;;8;Terminal Exportador de Santos (TES);41;;GSA - E;3579;D016
45.0;299.9;12.0;10.15;2.0;16;55;;4;1;False;False;False;;20.5;3.92;;;8;Santos Brasil;32;;CGNC;3580;D016
48.0;299.95;10.3;13.5;1.0;3;18;;5;2;False;False;False;;22.75;2.28;;;8;BTP;9;;CGC;3581;D016
32.0;183.1;9.05;7.85;2.0;3;45;;5;2;False;False;False;;32.08;0.33;;;8;Ageo Terminais ;2;;GL;3582;D016
40.0;272.05;11.0;11.4;2.0;4;30;;5;2;False;False;False;;15.98;1.05;;;8;TUP - DPW - CGC;51;;CGC;3583;D016
40.0;299.95;13.0;12.1;1.0;4;42;;5;2;False;False;False;;38.65;2.22;;;8;Santos Brasil;32;;CGNC;3584;D016
32.0;228.9;8.2;13.9;1.0;5;0;;5;2;False;False;False;;44.83;2.33;;;8;Copersucar;12;;GSA - E;3585;D016
48.0;333.2;12.0;10.3;2.0;6;0;;5;2;False;False;False;;19.93;1.5;;;8;BTP;9;;CGC;3586;D016
28.0;174.38;8.5;9.5;1.0;10;0;;5;2;False;False;False;;39.0;4.95;;;8;Stolthaven;33;;GL;3587;D016
51.0;336.0;14.3;11.9;2.0;10;24;;5;2;False;False;False;;20.98;3.48;;;8;Santos Brasil;32;;CGC;3588;D016
40.0;182.9;9.2;12.2;1.0;10;24;;5;2;False;False;False;;20.7;1.25;;;8;Transpetro;47;;GL;3589;D016
32.0;199.98;6.64;13.46;1.0;13;0;;5;2;False;False;False;;67.08;1.95;;;8;TUP - Tiplam - GSA - E;56;;GSA - E;3590;D016
48.0;330.0;12.05;13.8;1.0;13;24;;5;2;False;False;False;;28.45;1.97;;;8;BTP;9;;CGC;3591;D016
32.0;199.98;9.62;13.28;1.0;15;54;;5;2;False;False;False;;33.67;1.08;;;8;TUP - DPW - CGNC;52;;CGNC;3592;D016
38.0;249.97;11.1;14.0;1.0;16;0;;5;2;False;False;False;;12.22;0.97;;;8;BTP;9;;CGC;3593;D016
48.0;299.9;13.5;11.8;2.0;16;0;;5;2;False;False;False;;31.82;1.55;;;8;Santos Brasil;32;;CGC;3594;D016
32.0;199.98;7.12;9.62;1.0;17;12;;5;2;False;False;False;;66.08;1.67;;;8;Suzano (T-32);35;;CGNC;3595;D016
38.0;229.0;6.9;13.61;1.0;17;30;;5;2;False;False;False;;52.57;2.6;;;8;TUP - Tiplam - GSA - E;56;;GSA - E;3596;D016
32.0;199.9;8.75;8.2;2.0;20;24;;5;2;False;False;False;;188.58;0;;;8;Outros - Cais do Saboó;28;;GSM - I;3597;D016
32.0;224.95;11.6;13.97;1.0;3;15;;6;3;False;False;False;;111.38;2.67;;;8;Terminal 12A (COFCO);38;;GSA - E;3598;D016
32.0;199.98;8.6;9.8;1.0;6;0;;6;3;False;False;True;;16.0;4.63;;;8;TEV;45;;CGNC;3599;D016
32.0;228.99;6.74;13.38;1.0;6;0;;6;3;False;False;False;;115.5;4.4;;;8;Terminal 12A (COFCO);38;;GSA - E;3600;D016
32.0;189.99;6.88;11.65;1.0;7;30;;6;3;False;False;False;;81.45;2.98;;;8;TUP - DPW - CGNC;52;;CGNC;3601;D016
32.0;229.07;7.47;12.85;1.0;8;0;;6;3;False;False;False;;46.53;0;;;8;Terminal XXXIX;44;;GSA - E;3602;D016
21.0;138.46;6.72;7.02;1.0;8;20;;6;3;False;False;False;;19.85;24.58;;;8;Ecoporto;13;;CGNC;3603;D016
36.0;236.32;8.2;8.9;2.0;10;50;;6;3;False;False;False;;24.48;1.23;;;8;Ecoporto;13;;CGC;3604;D016
45.0;299.9;14.2;11.9;2.0;10;55;;6;3;False;False;False;;23.07;2.0;;;8;TUP - DPW - CGC;51;;CGC;3605;D016
32.0;228.99;7.05;14.23;1.0;11;0;;6;3;False;False;False;;30.25;2.33;;;8;Terminal de Granéis do Guarujá (TGG);40;;GSA - E;3606;D016
35.0;199.91;8.6;8.7;2.0;11;0;;6;3;False;False;False;;23.38;2.97;;;8;Santos Brasil;32;;CGC;3607;D016
32.0;294.03;8.9;11.7;2.0;12;0;;6;3;False;False;False;;11.77;2.05;;;8;Santos Brasil;32;;CGC;3608;D016
32.0;201.8;9.2;13.24;1.0;13;0;;6;3;False;False;False;;93.85;0.83;;;8;Bracell;8;;CGNC;3609;D016
32.0;229.0;7.9;13.43;1.0;13;20;;6;3;False;False;False;;32.08;2.68;;;8;Terminal de Granéis do Guarujá (TGG);40;;GSA - E;3610;D016
9.0;210.54;9.1;10.48;1.0;16;30;;6;3;False;False;False;;5.87;2.1;;;8;BTP;9;;CGC;3611;D016
30.0;179.99;9.86;6.58;2.0;17;6;;6;3;False;False;False;;106.07;2.37;;;8;TUP - Tiplam - GSM - I;57;;GSM - I;3612;D016
43.0;299.9;11.5;11.5;2.0;19;0;;6;3;False;False;False;;26.05;1.87;;;8;BTP;9;;CGC;3613;D016
48.0;333.2;11.3;14.35;2.0;21;0;;6;3;False;False;False;;24.08;1.52;;;8;BTP;9;;CGC;3614;D016
26.0;169.06;7.7;8.7;1.0;21;34;;6;3;False;False;False;;84.0;0;;;8;Ageo Terminais ;2;;GL;3615;D016
45.0;299.9;12.4;14.1;1.0;0;30;;0;4;False;False;False;;14.98;1.62;;;8;BTP;9;;CGC;3616;D016
32.0;183.1;7.85;7.7;2.0;1;0;;0;4;False;False;False;;7.92;1.83;;;8;TUP - Terminal Marítimo Dow;54;;CGNC;3617;D016
46.0;260.0;10.8;14.3;1.0;3;2;;0;4;False;False;False;;25.52;2.7;;;8;BTP;9;;CGC;3618;D016
32.0;179.99;9.1;6.2;2.0;4;42;;0;4;False;False;False;;104.3;4.55;;;8;TUP - Usiminas;58;;CGNC;3619;D016
32.0;225.0;7.45;13.9;1.0;7;0;;0;4;False;False;False;;63.25;4.92;;;8;Copersucar;12;;GSA - E;3620;D016
32.0;189.99;6.9;12.11;1.0;8;6;;0;4;False;False;False;;101.62;0;;;8;T-Grão;46;;GSA - E;3621;D016
19.0;87.9;5.0;5.5;1.0;10;25;;0;4;False;False;False;;70.0;0.08;;;8;TUP - Saipem;53;;CGNC;3622;D016
32.0;189.99;10.55;9.56;2.0;10;30;;0;4;False;False;False;;125.25;1.92;;;8;Outros - Cais do Macuco;25;;GSM - I;3623;D016
35.0;223.98;9.3;9.3;2.0;11;0;;0;4;False;False;False;;24.1;7.53;;;8;Santos Brasil;32;;CGC;3624;D016
18.0;85.34;4.6;6.0;1.0;11;15;;0;4;False;False;False;;53.67;0.08;;;8;TUP - Saipem;53;;CGNC;3625;D016
28.0;174.38;9.5;9.7;1.0;12;45;;0;4;False;False;False;;24.17;3.07;;;8;Adonai Química;1;;GL;3626;D016
36.0;210.0;8.3;13.25;1.0;13;45;;0;4;False;False;False;;85.83;1.47;;;8;Bracell;8;;CGNC;3627;D016
32.0;201.8;11.7;9.48;1.0;14;0;;0;4;False;False;False;;43.47;4.37;;;8;Eldorado (Rishis);14;;CGNC;3628;D016
32.0;225.0;8.1;13.64;1.0;16;10;;0;4;False;False;False;;34.78;4.08;;;8;Elevações Portuárias;15;;GSA - E;3629;D016
31.0;212.54;11.5;12.3;2.0;16;48;;0;4;False;False;False;;8.63;1.8;;;8;Santos Brasil;32;;CGC;3630;D016
32.0;228.95;7.54;13.32;1.0;16;50;;0;4;False;False;False;;90.55;9.87;;;8;TUP - Tiplam - GSA - E;56;;GSA - E;3631;D016
36.0;236.32;8.9;8.8;1.0;17;0;;0;4;False;False;True;;5.33;1.67;;;8;TEV;45;;CGNC;3632;D016
32.0;183.09;8.5;8.8;1.0;17;30;;0;4;False;False;False;;19.0;3.12;;;8;Transpetro;47;;GL;3633;D016
32.0;194.87;8.75;9.8;2.0;18;26;;0;4;False;False;False;;26.43;2.2;;;8;Santos Brasil;32;;CGC;3634;D016
32.0;189.99;6.19;10.64;1.0;18;35;;0;4;False;False;False;;52.97;1.22;;;8;TUP - Cutrale - GSA - E;50;;GSA - E;3635;D016
32.0;228.99;6.86;13.76;1.0;19;24;;0;4;False;False;False;;72.92;3.85;;;8;Terminal ADM do Brasil;39;;GSA - E;3636;D016
40.0;299.95;10.7;12.3;1.0;23;54;;0;4;False;False;False;;16.92;1.6;;;8;TUP - DPW - CGC;51;;CGC;3637;D016
32.0;258.89;10.3;11.4;2.0;4;18;;1;5;False;False;False;;13.85;1.77;;;8;Santos Brasil;32;;CGC;3638;D016
37.0;256.07;10.1;9.5;2.0;7;0;;1;5;False;False;False;;25.0;5.43;;;8;TUP - DPW - CGC;51;;CGC;3639;D016
37.0;210.0;8.14;12.0;1.0;8;0;;1;5;False;False;False;;65.2;0;;;8;Terminal XXXIX;44;;GSA - E;3640;D016
24.0;145.05;11.7;9.48;1.0;9;30;;1;5;False;False;False;;100.75;0;;;8;Stolthaven;33;;GL;3641;D016
19.0;119.95;7.2;6.0;1.0;9;50;;1;5;False;False;False;;16.1;14.3;;;8;Outros - Píer da Alamoa;30;;GL;3642;D016
17.0;75.2;4.1;5.5;1.0;10;20;;1;5;False;False;False;;11.17;0.17;;;8;TUP - Saipem;53;;CGNC;3643;D016
32.0;225.0;6.1;13.3;1.0;10;30;;1;5;False;False;False;;72.67;0;;;8;Terminal Exportador do Guarujá (TEG);42;;GSA - E;3644;D016
36.0;229.0;7.65;13.52;1.0;12;0;;1;5;False;False;False;;49.7;2.58;;;8;Terminal de Granéis do Guarujá (TGG);40;;GSA - E;3645;D016
23.0;164.34;9.0;6.8;2.0;13;0;;1;5;False;False;False;;40.08;3.08;;;8;TUP - Terminal Marítimo Dow;54;;GL;3646;D016
32.0;199.99;9.5;13.49;1.0;13;30;;1;5;False;False;False;;61.83;2.95;;;8;Temrinal de Exportação de Açúcar do Guarujá (TEAG);37;;GSA - E;3647;D016
32.0;228.99;13.48;7.06;2.0;15;6;;1;5;False;False;False;;147.57;1.73;;;8;TUP - Tiplam - GSM - I;57;;GSM - I;3648;D016
32.0;229.0;11.08;13.27;1.0;18;45;;1;5;False;False;False;;28.67;2.37;;;8;Terminal de Granéis do Guarujá (TGG);40;;GSA - E;3649;D016
46.0;339.62;14.2;11.6;2.0;21;24;;1;5;False;False;False;;14.58;2.58;;;8;Santos Brasil;32;;CGC;3650;D016
49.0;299.93;9.9;9.4;2.0;22;0;;1;5;False;False;False;;6.27;3.82;;;8;Santos Brasil;32;;CGC;3651;D016
9.0;210.54;10.45;9.5;2.0;3;0;;2;6;False;False;False;;18.88;3.95;;;8;Santos Brasil;32;;CGC;3652;D016
32.0;228.62;10.2;10.5;2.0;4;55;;2;6;False;False;False;;29.67;5.33;;;8;Santos Brasil;32;;CGC;3653;D016
36.0;199.99;6.6;11.72;1.0;5;6;;2;6;False;False;False;;51.82;2.58;;;8;Terminal Exportador de Santos (TES);41;;GSA - E;3654;D016
48.0;330.0;14.5;11.9;2.0;5;30;;2;6;False;False;False;;15.73;2.65;;;8;BTP;9;;CGC;3655;D016
32.0;189.99;11.0;8.7;2.0;8;0;;2;6;False;False;False;;98.32;0.52;;;8;Outros - Cais do Macuco;25;;GSM - I;3656;D016
27.0;188.32;7.6;7.8;2.0;8;0;;2;6;False;False;False;;197.57;14.68;;;8;Ecoporto;13;;GSM - I;3657;D016
36.0;228.99;14.2;8.89;2.0;11;18;;2;6;False;False;False;;110.73;3.42;;;8;Terminal Marítimo do Guarujá (Termag);43;;GSM - I;3658;D016
32.0;199.99;10.19;6.98;2.0;13;0;;2;6;False;False;False;;119.12;2.15;;;8;TUP - Tiplam - GSM - I;57;;GSM - I;3659;D016
32.0;229.0;11.28;7.4;2.0;13;30;;2;6;False;False;False;;165.48;2.7;;;8;TUP - Tiplam - GSM - I;57;;GSM - I;3660;D016
32.0;229.0;14.2;11.28;2.0;13;30;;2;6;False;False;False;;78.83;3.33;;;8;Terminal Marítimo do Guarujá (Termag);43;;GSM - I;3661;D016
32.0;225.0;11.2;14.36;1.0;13;42;;2;6;False;False;False;;59.3;2.88;;;8;TUP - DPW - CGNC;52;;CGNC;3662;D016
32.0;232.39;8.2;9.0;1.0;14;0;;2;6;False;False;True;;11.0;2.67;;;8;TEV;45;;CGNC;3663;D016
32.0;225.0;7.28;11.2;1.0;14;0;;2;6;False;False;False;;64.87;6.25;;;8;Suzano (T-32);35;;CGNC;3664;D016
37.0;209.99;10.94;12.15;1.0;15;0;;2;6;False;False;False;;14.07;1.9;;;8;Terminal Exportador de Santos (TES);41;;GSA - E;3665;D016
40.0;278.94;10.7;12.6;1.0;15;0;;2;6;False;False;False;;30.85;2.53;;;8;Santos Brasil;32;;CGNC;3666;D016
32.0;183.0;10.8;10.0;2.0;15;0;;2;6;False;False;False;;63.65;0;;;8;Vopak;60;;GL;3667;D016
32.0;225.0;7.2;10.81;1.0;15;50;;2;6;False;False;False;;49.08;4.72;;;8;TUP - Tiplam - GSA - E;56;;GSA - E;3668;D016
32.0;224.94;6.6;14.2;1.0;16;20;;2;6;False;False;False;;154.42;3.25;;;8;Elevações Portuárias;15;;GSA - E;3669;D016
30.05;180.0;6.24;10.04;1.0;17;30;;2;6;False;False;False;;29.58;2.88;;;8;Elevações Portuárias;15;;GSA - E;3670;D016
32.0;190.0;6.4;12.07;1.0;18;0;;2;6;False;False;False;;40.17;3.5;;;8;TUP - Tiplam - GSA - E;56;;GSA - E;3671;D016
17.0;82.3;4.5;4.4;1.0;20;0;;2;6;False;False;False;;47.67;0.17;;;8;TUP - Saipem;53;;CGNC;3672;D016
18.0;76.0;6.0;6.0;1.0;21;0;;2;6;False;False;False;;28.5;0.17;;;8;TUP - Saipem;53;;CGNC;3673;D016
48.0;333.2;9.8;12.4;1.0;21;40;;2;6;False;False;False;;28.45;1.9;;;8;TUP - DPW - CGC;51;;CGC;3674;D016
32.0;229.0;7.25;12.13;1.0;21;48;;2;6;False;False;False;;77.0;0.77;;;8;Terminal Exportador do Guarujá (TEG);42;;GSA - E;3675;D016
25.0;182.47;8.1;9.0;1.0;23;0;;2;6;False;False;False;;26.63;3.4;;;8;Santos Brasil;32;;CGC;3676;D016
32.0;229.0;11.05;13.9;1.0;0;0;;3;7;False;False;False;;18.17;2.17;;;8;Elevações Portuárias;15;;GSA - E;3677;D016
37.0;255.0;11.3;11.1;1.0;1;0;;3;7;False;False;False;;11.85;1.8;;;8;TUP - DPW - CGC;51;;CGC;3678;D016
27.0;183.0;7.5;9.6;1.0;8;0;;3;7;False;False;False;;44.3;1.58;;;8;Transpetro;47;;GL;3679;D016
32.0;189.99;12.15;8.2;2.0;8;1;;3;7;False;False;False;;165.68;14.85;;;8;TUP - Tiplam - GSM - I;57;;GSM - I;3680;D016
30.0;179.96;10.14;9.6;2.0;8;36;;3;7;False;False;False;;223.73;0;;;8;Nita;18;;GSA - I;3681;D016
30.0;199.2;8.64;8.15;2.0;10;0;;3;7;False;False;False;;79.92;0;;;8;Outros - Cais do Saboó;28;;GL;3682;D016
32.0;260.0;10.8;11.0;2.0;11;18;;3;7;False;False;False;;19.37;1.67;;;8;TUP - DPW - CGC;51;;CGC;3683;D016
51.0;335.95;14.0;12.2;2.0;11;30;;3;7;False;False;False;;22.38;2.33;;;8;Santos Brasil;32;;CGNC;3684;D016
48.0;330.0;14.5;12.3;2.0;12;0;;3;7;False;False;False;;19.63;2.15;;;8;BTP;9;;CGC;3685;D016
32.0;225.0;7.0;13.46;1.0;13;0;;3;7;False;False;False;;52.2;4.0;;;8;Temrinal de Exportação de Açúcar do Guarujá (TEAG);37;;GSA - E;3686;D016
32.0;229.0;8.16;7.56;2.0;13;0;;3;7;False;False;False;;20.97;3.23;;;8;Hidrovias do Brasil;16;;GSM - I;3687;D016
32.0;228.99;8.67;10.3;1.0;15;25;;3;7;False;False;False;;19.65;0.22;;;8;TUP - Cutrale - GSA - E;50;;GSA - E;3688;D016
24.0;144.09;9.3;6.4;2.0;16;30;;3;7;False;False;False;;55.58;0;;;8;Ageo Terminais ;2;;GL;3689;D016
40.0;293.18;13.2;9.0;2.0;17;0;;3;7;False;False;False;;29.88;2.6;;;8;Santos Brasil;32;;CGC;3690;D016
32.0;199.99;11.7;6.71;2.0;21;0;;3;7;False;False;False;;275.92;0;;;8;Outros - Cais do Macuco;25;;GSM - I;3691;D016
32.0;294.13;11.2;10.5;1.0;0;48;;4;8;False;False;False;;12.35;3.08;;;8;TUP - DPW - CGC;51;;CGC;3692;D016
30.0;179.97;8.54;6.38;2.0;1;0;;4;8;False;False;False;;38.3;7.83;;;8;Hidrovias do Brasil;16;;GSM - I;3693;D016
32.2;182.9;8.3;10.7;1.0;2;10;;4;8;False;False;False;;78.42;0.75;;;8;Ageo Terminais ;2;;GL;3694;D016
38.0;227.95;10.7;10.2;1.0;5;0;;4;8;False;False;False;;23.72;1.53;;;8;TUP - DPW - CGC;51;;CGC;3695;D016
26.0;169.06;8.7;9.5;1.0;8;30;;4;8;False;False;False;;44.5;0;;;8;Vopak;60;;GL;3696;D016
31.0;225.16;10.6;10.6;2.0;9;0;;4;8;False;False;False;;7.93;3.4;;;8;Santos Brasil;32;;CGC;3697;D016
45.0;299.9;12.35;13.7;1.0;10;0;;4;8;False;False;False;;9.27;2.23;;;8;BTP;9;;CGC;3698;D016
32.0;228.94;7.3;13.36;1.0;11;48;;4;8;False;False;False;;28.03;1.88;;;8;Terminal de Granéis do Guarujá (TGG);40;;GSA - E;3699;D016
27.0;158.98;7.1;9.8;1.0;12;36;;4;8;False;False;False;;86.2;0.62;;;8;Ageo Terminais ;2;;GL;3700;D016
32.0;229.0;7.3;11.88;1.0;13;15;;4;8;False;False;False;;31.45;3.97;;;8;TUP - Tiplam - GSA - E;56;;GSA - E;3701;D016
32.0;229.0;7.2;13.2;1.0;14;2;;4;8;False;False;False;;84.67;0;;;8;T-Grão;46;;GSA - E;3702;D016
48.0;299.0;8.5;8.1;2.0;16;0;;4;8;False;False;False;;14.32;2.38;;;8;BTP;9;;CGC;3703;D016
32.0;260.66;10.4;11.8;1.0;16;12;;4;8;False;False;False;;8.42;1.63;;;8;Santos Brasil;32;;CGC;3704;D016
48.0;300.0;11.4;10.0;2.0;17;25;;4;8;False;False;False;;19.78;1.65;;;8;Santos Brasil;32;;CGC;3705;D016
32.0;204.85;7.5;10.28;1.0;19;0;;4;8;False;False;False;;75.97;6.33;;;8;TUP - Cutrale - GL;49;;GL;3706;D016
40.0;272.05;9.6;11.2;1.0;21;52;;4;8;False;False;False;;12.7;1.25;;;8;TUP - DPW - CGC;51;;CGC;3707;D016
48.0;333.18;11.8;10.2;2.0;22;0;;4;8;False;False;False;;19.18;1.65;;;8;BTP;9;;CGC;3708;D016
48.0;330.0;11.9;13.9;2.0;22;18;;4;8;False;False;False;;28.3;2.2;;;8;BTP;9;;CGC;3709;D016
48.0;299.95;12.2;9.8;2.0;23;30;;4;8;False;False;False;;39.58;2.0;;;8;BTP;9;;CGC;3710;D016
32.0;225.0;7.45;12.75;1.0;23;50;;4;8;False;False;False;;60.58;4.6;;;8;TUP - Tiplam - GSA - E;56;;GSA - E;3711;D016
18.0;85.34;5.5;4.57;1.0;0;50;;5;9;False;False;False;;23.67;0.67;;;8;TUP - Saipem;53;;CGNC;3712;D016
32.0;179.95;10.9;7.46;2.0;4;15;;5;9;False;False;False;;49.6;9.72;;;8;Terminal Marítimo do Guarujá (Termag);43;;GSM - I;3713;D016
32.0;179.95;7.46;10.31;1.0;4;15;;5;9;False;False;False;;54.48;3.23;;;8;Temrinal de Exportação de Açúcar do Guarujá (TEAG);37;;GSA - E;3714;D016
20.0;92.95;6.0;5.6;1.0;4;50;;5;9;False;False;False;;23.67;0.17;;;8;TUP - Saipem;53;;CGNC;3715;D016
33.0;189.94;8.78;12.35;1.0;5;12;;5;9;False;False;False;;18.25;2.17;;;8;TUP - Tiplam - GSA - E;56;;GSA - E;3716;D016
32.0;294.12;9.65;9.25;2.0;8;24;;5;9;False;False;False;;2.93;2.45;;;8;Santos Brasil;32;;CGC;3717;D016
32.0;210.96;10.6;8.5;2.0;10;0;;5;9;False;False;False;;21.77;1.87;;;8;BTP;9;;CGC;3718;D016
28.0;179.87;8.5;7.47;2.0;12;30;;5;9;False;False;False;;19.3;3.7;;;8;TUP - Tiplam - GL;55;;GL;3719;D016
30.0;179.99;6.9;9.55;1.0;13;0;;5;9;False;False;False;;169.37;0;;;8;NST - GL;20;;GL;3720;D016
38.0;227.95;10.2;10.2;1.0;13;10;;5;9;False;False;False;;17.03;1.67;;;8;BTP;9;;CGC;3721;D016
32.0;201.8;8.0;13.25;1.0;14;30;;5;9;False;False;False;;82.02;3.02;;;8;TUP - DPW - CGNC;52;;CGNC;3722;D016
22.0;119.9;8.4;7.5;1.0;15;30;;5;9;False;False;False;;68.33;0.82;;;8;Ageo Terminais ;2;;GL;3723;D016
32.0;293.97;9.4;11.8;2.0;20;30;;5;9;False;False;False;;18.8;1.48;;;8;Santos Brasil;32;;CGC;3724;D016
32.0;199.98;10.22;6.68;2.0;21;0;;5;9;False;False;False;;71.05;1.73;;;8;TUP - Tiplam - GSM - I;57;;GSM - I;3725;D016
32.0;199.98;6.68;9.2;1.0;21;0;;5;9;False;False;False;;28.85;7.28;;;8;Terminal 12A (COFCO);38;;GSA - E;3726;D016
32.0;183.88;10.4;7.5;2.0;22;0;;5;9;False;False;False;;73.3;0;;;8;Ageo Terminais ;2;;GL;3727;D016
32.0;199.0;8.4;9.8;1.0;22;0;;5;9;False;False;True;;9.0;7.7;;;8;TEV;45;;CGNC;3728;D016
32.0;179.95;10.6;6.0;2.0;22;36;;5;9;False;False;False;;62.03;3.77;;;8;Terminal Marítimo do Guarujá (Termag);43;;GSM - I;3729;D016
28.0;183.2;8.0;8.4;1.0;2;12;;6;10;False;False;False;;16.0;2.47;;;8;Transpetro;47;;GL;3730;D016
38.0;255.17;11.7;10.3;2.0;3;30;;6;10;False;False;False;;12.43;1.65;;;8;BTP;9;;CGC;3731;D016
31.0;199.2;11.7;10.5;1.0;4;26;;6;10;False;False;False;;9.25;25.75;;;8;Eldorado (Rishis);14;;CGNC;3732;D016
32.0;183.0;10.0;9.0;2.0;10;0;;6;10;False;False;False;;49.75;3.37;;;8;TUP - Terminal Marítimo Dow;54;;GL;3733;D016
28.0;179.9;6.1;9.85;1.0;10;0;;6;10;False;False;False;;70.0;3.12;;;8;Elevações Portuárias;15;;GSA - E;3734;D016
48.0;299.95;12.0;14.15;1.0;13;45;;6;10;False;False;False;;27.32;2.8;;;8;BTP;9;;CGC;3735;D016
36.0;227.2;9.85;12.94;1.0;14;0;;6;10;False;False;False;;17.22;1.92;;;8;Terminal Exportador de Santos (TES);41;;GSA - E;3736;D016
19.0;87.9;5.1;5.1;1.0;14;50;;6;10;False;False;False;;55.17;0.17;;;8;TUP - Saipem;53;;CGNC;3737;D016
48.0;299.99;12.4;9.8;2.0;21;6;;6;10;False;False;False;;25.98;1.83;;;8;Ecoporto;13;;RORO;3738;D016
32.0;228.99;6.8;13.18;1.0;22;18;;6;10;False;False;False;;57.87;3.32;;;8;Terminal ADM do Brasil;39;;GSA - E;3739;D016
32.0;204.88;7.8;10.4;1.0;22;40;;6;10;False;False;False;;71.93;0.12;;;8;Citrosuco;10;;GL;3740;D016
32.0;224.9;7.0;13.3;1.0;23;30;;6;10;False;False;False;;57.85;0;;;8;Terminal Exportador do Guarujá (TEG);42;;GSA - E;3741;D016
32.0;183.24;10.9;8.0;2.0;0;1;;0;11;False;False;False;;81.67;0;;;8;Stolthaven;33;;GL;3742;D016
32.0;225.0;5.7;12.7;1.0;0;6;;0;11;False;False;False;;93.48;2.35;;;8;Terminal Exportador do Guarujá (TEG);42;;GSA - E;3743;D016
21.0;139.95;7.7;5.8;2.0;1;40;;0;11;False;False;False;;43.62;0;;;8;Ageo Terminais ;2;;GL;3744;D016
32.0;199.97;11.7;10.5;1.0;4;12;;0;11;False;False;True;;25.5;2.42;;;8;TEV;45;;CGNC;3745;D016
43.0;334.0;14.2;11.8;2.0;5;54;;0;11;False;False;False;;17.28;3.13;;;8;Santos Brasil;32;;CGC;3746;D016
28.0;189.99;10.64;6.2;2.0;8;48;;0;11;False;False;False;;150.83;0;;;8;Outros - Cais do Saboó;28;;GSM - I;3747;D016
48.0;331.1;13.4;11.35;2.0;10;0;;0;11;False;False;False;;16.0;1.32;;;8;TUP - DPW - CGC;51;;CGC;3748;D016
32.0;194.94;10.5;9.05;2.0;11;12;;0;11;False;False;False;;81.0;0;;;8;Outros - Cais do Macuco;25;;GSM - I;3749;D016
32.0;294.12;10.9;10.8;2.0;12;0;;0;11;False;False;False;;24.47;7.08;;;8;TUP - DPW - CGC;51;;CGC;3750;D016
35.0;185.97;7.6;8.3;2.0;14;30;;0;11;False;False;False;;22.55;1.52;;;8;TUP - DPW - CGC;51;;CGC;3751;D016
35.0;223.96;8.6;8.8;2.0;14;37;;0;11;False;False;False;;12.58;2.1;;;8;Santos Brasil;32;;CGC;3752;D016
48.0;329.8;9.8;11.4;2.0;15;0;;0;11;False;False;False;;33.18;1.82;;;8;TUP - DPW - CGC;51;;CGC;3753;D016
32.0;199.9;6.95;13.1;1.0;16;0;;0;11;False;False;False;;50.77;2.9;;;8;Copersucar;12;;GSA - E;3754;D016
30.0;208.85;10.8;11.6;2.0;16;25;;0;11;False;False;False;;12.53;1.45;;;8;Santos Brasil;32;;CGC;3755;D016
32.0;182.88;7.0;9.5;1.0;20;0;;0;11;False;False;False;;22.08;1.12;;;8;Transpetro;47;;GL;3756;D016
51.0;336.0;10.4;14.45;2.0;20;18;;0;11;False;False;False;;44.6;1.92;;;8;Santos Brasil;32;;CGC;3757;D016
33.0;189.99;11.0;9.17;2.0;22;0;;0;11;False;False;False;;34.5;3.02;;;8;Hidrovias do Brasil;16;;GSM - I;3758;D016
32.0;229.0;7.24;13.35;1.0;22;12;;0;11;False;False;False;;33.7;2.27;;;8;Terminal de Granéis do Guarujá (TGG);40;;GSA - E;3759;D016
32.0;179.95;7.12;8.25;1.0;22;30;;0;11;False;False;False;;48.65;0.13;;;8;Eldorado (Rishis);14;;CGNC;3760;D016
30.0;197.2;7.8;9.63;1.0;22;42;;0;11;False;False;False;;25.47;6.53;;;8;Santos Brasil;32;;CGC;3761;D016
17.0;75.2;4.15;5.8;1.0;0;0;;1;12;False;False;False;;35.42;0.08;;;8;TUP - Saipem;53;;CGNC;3762;D016
32.0;213.88;8.9;9.7;1.0;6;0;;1;12;False;False;False;;43.52;1.17;;;8;Ecoporto;13;;CGNC;3763;D016
28.0;186.35;9.5;9.1;1.0;6;54;;1;12;False;False;False;;13.78;1.43;;;8;BTP;9;;CGC;3764;D016
48.0;299.91;11.8;14.2;2.0;8;6;;1;12;False;False;False;;59.22;2.12;;;8;BTP;9;;CGC;3765;D016
24.0;146.5;9.5;6.3;2.0;8;15;;1;12;False;False;False;;54.92;4.83;;;8;Ultracargo;59;;GL;3766;D016
42.0;300.07;9.95;11.4;1.0;8;40;;1;12;False;False;False;;18.9;1.73;;;8;BTP;9;;CGC;3767;D016
30.0;222.15;10.2;11.0;2.0;11;12;;1;12;False;False;False;;10.5;7.05;;;8;Santos Brasil;32;;CGC;3768;D016
32.0;228.99;10.09;13.47;1.0;12;32;;1;12;False;False;False;;33.28;1.33;;;8;TUP - Cutrale - GSA - E;50;;GSA - E;3769;D016
43.0;270.9;10.3;9.2;2.0;13;30;;1;12;False;False;False;;9.75;1.9;;;8;Santos Brasil;32;;CGC;3770;D016
30.0;180.0;10.29;5.8;2.0;14;54;;1;12;False;False;False;;59.8;1.87;;;8;TUP - Tiplam - GSM - I;57;;GSM - I;3771;D016
40.0;272.08;10.9;9.4;2.0;16;16;;1;12;False;False;False;;23.9;2.32;;;8;TUP - DPW - CGC;51;;CGC;3772;D016
32.0;183.06;9.7;8.7;2.0;16;20;;1;12;False;False;False;;41.02;0;;;8;Ageo Terminais ;2;;GL;3773;D016
30.0;218.45;11.0;11.0;2.0;19;30;;1;12;False;False;False;;14.18;3.22;;;8;Santos Brasil;32;;CGC;3774;D016
18.0;85.34;4.6;4.5;1.0;20;0;;1;12;False;False;False;;30.0;0.08;;;8;TUP - Saipem;53;;CGNC;3775;D016
48.0;335.98;13.6;9.09;2.0;20;30;;1;12;False;False;False;;32.97;2.93;;;8;BTP;9;;CGC;3776;D016
31.0;176.0;8.4;8.6;2.0;23;12;;1;12;False;False;True;;9.0;1.17;;;8;TEV;45;;CGNC;3777;D016
40.0;293.18;9.4;12.0;1.0;1;0;;2;13;False;False;False;;20.1;3.65;;;8;Santos Brasil;32;;CGC;3778;D016
34.0;185.97;9.2;10.1;2.0;5;0;;2;13;False;False;False;;18.23;3.52;;;8;Santos Brasil;32;;CGC;3779;D016
48.0;299.18;9.95;14.2;1.0;5;24;;2;13;False;False;False;;30.05;1.68;;;8;BTP;9;;CGC;3780;D016
32.0;199.95;9.7;9.8;1.0;5;30;;2;13;False;False;True;;6.0;4.7;;;8;TEV;45;;RORO ;3781;D016
51.0;335.0;11.9;13.4;2.0;5;45;;2;13;False;False;False;;34.05;3.9;;;8;Santos Brasil;32;;CGC;3782;D016
32.0;189.96;6.18;12.8;1.0;8;6;;2;13;False;False;False;;42.58;4.17;;;8;Elevações Portuárias;15;;GSA - E;3783;D016
32.0;225.0;12.6;14.1;1.0;9;0;;2;13;False;False;False;;23.63;1.93;;;8;TUP - DPW - CGNC;52;;CGNC;3784;D016
32.0;225.0;9.8;11.2;1.0;9;0;;2;13;False;False;False;;20.48;4.42;;;8;Bracell;8;;CGNC;3785;D016
32.0;199.98;6.86;12.9;1.0;10;0;;2;13;False;False;False;;54.25;1.58;;;8;Copersucar;12;;GSA - E;3786;D016
37.0;199.98;8.3;9.4;1.0;11;24;;2;13;False;False;True;;30.0;4.12;;;8;TEV;45;;CGNC;3787;D016
32.0;183.1;8.1;7.1;2.0;11;35;;2;13;False;False;False;;44.17;0;;;8;Ageo Terminais ;2;;GL;3788;D016
32.0;199.98;12.26;8.67;2.0;13;42;;2;13;False;False;False;;38.13;2.78;;;8;TUP - Tiplam - GSM - I;57;;GSM - I;3789;D016
32.0;229.0;6.46;13.29;1.0;15;15;;2;13;False;False;False;;145.82;0.75;;;8;Terminal Exportador do Guarujá (TEG);42;;GSA - E;3790;D016
37.0;254.73;9.5;9.1;1.0;20;36;;2;13;False;False;False;;18.18;1.05;;;8;TUP - DPW - CGC;51;;CGC;3791;D016
25.0;182.47;9.4;8.4;2.0;23;20;;2;13;False;False;False;;24.7;5.88;;;8;Santos Brasil;32;;CGC;3792;D016
42.0;334.0;13.4;11.3;2.0;0;48;;3;14;False;False;False;;15.32;2.78;;;8;Santos Brasil;32;;CGC;3793;D016
32.0;182.68;9.2;7.5;2.0;3;0;;3;14;False;False;False;;30.6;0.28;;;8;Ageo Terminais ;2;;GL;3794;D016
33.0;177.9;8.2;8.1;1.0;4;0;;3;14;False;False;False;;63.58;0.08;;;8;TUP - Saipem;53;;CGNC;3795;D016
32.0;259.8;8.8;8.2;2.0;5;6;;3;14;False;False;False;;11.97;3.53;;;8;Santos Brasil;32;;CGC;3796;D016
36.0;209.99;9.6;9.25;2.0;5;54;;3;14;False;False;False;;46.22;8.63;;;8;Ecoporto;13;;CGNC;3797;D016
27.0;169.37;9.88;5.79;2.0;8;32;;3;14;False;False;False;;129.83;2.75;;;8;Moinho Santista (Bunge);17;;GSA - I;3798;D016
32.0;204.85;8.1;10.5;1.0;9;0;;3;14;False;False;False;;62.58;0.1;;;8;Citrosuco;10;;GL;3799;D016
32.0;198.0;8.4;8.5;1.0;10;20;;3;14;False;False;True;;10.47;1.47;;;8;TEV;45;;CGNC;3800;D016
45.0;299.9;9.7;14.15;2.0;11;30;;3;14;False;False;False;;28.9;1.3;;;8;BTP;9;;CGC;3801;D016
32.0;189.99;10.64;12.07;1.0;11;45;;3;14;False;False;False;;13.28;0.08;;;8;TUP - Cutrale - GSA - E;50;;GSA - E;3802;D016
33.0;224.88;7.14;13.9;1.0;12;0;;3;14;False;False;False;;46.27;2.35;;;8;Terminal ADM do Brasil;39;;GSA - E;3803;D016
48.0;330.0;14.0;12.2;2.0;13;24;;3;14;False;False;False;;36.75;4.48;;;8;Ecoporto;13;;RORO ;3804;D016
32.0;199.9;7.08;11.63;1.0;14;0;;3;14;False;False;False;;26.67;2.13;;;8;Copersucar;12;;GSA - E;3805;D016
35.0;185.96;9.6;9.9;2.0;16;0;;3;14;False;False;False;;24.05;1.17;;;8;Santos Brasil;32;;CGC;3806;D016
32.0;182.98;9.0;8.0;2.0;16;12;;3;14;False;False;False;;29.95;2.58;;;8;TUP - Terminal Marítimo Dow;54;;GL;3807;D016
32.0;182.98;9.8;9.0;2.0;17;0;;3;14;False;False;False;;57.08;0;;;8;Vopak;60;;GL;3808;D016
32.0;199.98;7.05;11.0;1.0;17;18;;3;14;False;False;False;;54.6;2.43;;;8;TUP - DPW - CGNC;52;;CGNC;3809;D016
32.0;199.94;6.6;12.86;1.0;18;48;;3;14;False;False;False;;50.88;0.88;;;8;Temrinal de Exportação de Açúcar do Guarujá (TEAG);37;;GSA - E;3810;D016
32.0;228.99;6.75;13.27;1.0;22;21;;3;14;False;False;False;;78.53;0.3;;;8;Terminal Exportador do Guarujá (TEG);42;;GSA - E;3811;D016
48.0;299.9;12.3;10.8;2.0;23;12;;3;14;False;False;False;;24.0;2.0;;;8;Santos Brasil;32;;CGC;3812;D016
30.04;180.0;6.9;10.44;1.0;0;1;;4;15;False;False;False;;19.58;2.97;;;8;TUP - Tiplam - GSA - E;56;;GSA - E;3813;D016
32.0;225.0;11.7;11.2;1.0;0;10;;4;15;False;False;False;;19.75;6.5;;;8;Eldorado (Rishis);14;;CGNC;3814;D016
40.0;182.9;7.0;9.8;1.0;1;0;;4;15;False;False;False;;55.4;1.27;;;8;Transpetro;47;;GL;3815;D016
25.0;156.53;8.7;8.2;2.0;4;0;;4;15;False;False;False;;24.75;0;;;8;Vopak;60;;GL;3816;D016
37.0;228.0;10.8;10.5;2.0;5;20;;4;15;False;False;False;;19.55;1.35;;;8;TUP - DPW - CGC;51;;CGC;3817;D016
48.0;330.03;11.85;14.1;1.0;6;0;;4;15;False;False;False;;20.05;1.78;;;8;BTP;9;;CGC;3818;D016
35.0;228.42;9.1;10.58;1.0;6;30;;4;15;False;False;False;;106.88;6.92;;;8;Terminal 12A (COFCO);38;;GSA - E;3819;D016
32.0;199.9;11.6;13.3;1.0;8;0;;4;15;False;False;False;;71.0;3.67;;;8;Bracell;8;;CGNC;3820;D016
26.0;170.0;7.2;9.7;1.0;9;0;;4;15;False;False;False;;70.87;11.98;;;8;TUP - Cutrale - GL;49;;GL;3821;D016
32.0;189.99;6.2;12.9;1.0;9;30;;4;15;False;False;False;;66.15;1.58;;;8;Temrinal de Exportação de Açúcar do Guarujá (TEAG);37;;GSA - E;3822;D016
40.0;306.0;11.55;13.2;2.0;9;48;;4;15;False;False;False;;17.5;1.33;;;8;TUP - DPW - CGC;51;;CGC;3823;D016
32.3;224.9;6.79;13.69;1.0;10;5;;4;15;False;False;False;;29.92;2.42;;;8;Terminal de Granéis do Guarujá (TGG);40;;GSA - E;3824;D016
35.0;185.97;8.3;9.5;2.0;13;20;;4;15;False;False;False;;10.88;2.53;;;8;Santos Brasil;32;;CGC;3825;D016
18.0;76.0;6.0;5.5;1.0;16;20;;4;15;False;False;False;;22.5;0.08;;;8;TUP - Saipem;53;;CGNC;3826;D016
32.0;259.8;10.5;11.5;2.0;17;0;;4;15;False;False;False;;18.77;1.87;;;8;Santos Brasil;32;;CGC;3827;D016
32.0;229.0;11.7;11.2;1.0;17;0;;4;15;False;False;False;;43.02;0;;;8;Terminal XXXIX;44;;GSA - E;3828;D016
28.0;183.2;8.4;8.8;1.0;18;0;;4;15;False;False;False;;40.4;3.67;;;8;Transpetro;47;;GL;3829;D016
32.0;190.0;6.85;12.32;1.0;18;30;;4;15;False;False;False;;96.9;0;;;8;Terminal XXXIX;44;;GSA - E;3830;D016
23.0;164.34;8.6;6.7;2.0;19;0;;4;15;False;False;False;;4.42;3.0;;;8;TUP - Terminal Marítimo Dow;54;;GL;3831;D016
32.0;224.9;8.54;14.17;1.0;19;0;;4;15;False;False;False;;34.33;2.17;;;8;Elevações Portuárias;15;;GSA - E;3832;D016
45.0;299.9;11.8;10.0;2.0;20;0;;4;15;False;False;False;;17.83;7.4;;;8;BTP;9;;CGC;3833;D016
36.0;236.32;8.5;8.4;2.0;20;30;;4;15;False;False;False;;36.87;2.55;;;8;Ecoporto;13;;CGNC;3834;D016
30.0;179.97;5.71;9.65;1.0;20;45;;4;15;False;False;False;;34.75;3.45;;;8;TUP - Tiplam - GSA - E;56;;GSA - E;3835;D016
43.0;270.9;12.0;10.2;2.0;21;0;;4;15;False;False;False;;16.47;2.78;;;8;TUP - DPW - CGC;51;;CGC;3836;D016
44.0;299.95;12.1;10.4;2.0;22;10;;4;15;False;False;False;;17.02;1.57;;;8;Santos Brasil;32;;CGC;3837;D016
24.0;141.0;8.9;7.7;2.0;0;30;;5;16;False;False;False;;34.43;0;;;8;Ageo Terminais ;2;;GL;3838;D016
40.0;284.71;11.75;13.3;1.0;1;0;;5;16;False;False;False;;13.9;1.62;;;8;TUP - DPW - CGC;51;;CGC;3839;D016
37.0;256.07;9.3;11.2;1.0;5;54;;5;16;False;False;False;;16.12;1.58;;;8;TUP - DPW - CGC;51;;CGC;3840;D016
32.0;228.94;7.19;13.79;1.0;6;0;;5;16;False;False;False;;95.42;1.17;;;8;Copersucar;12;;GSA - E;3841;D016
26.0;170.0;10.8;8.0;2.0;7;12;;5;16;False;False;False;;103.67;0;;;8;Granel Química;61;;GL;3842;D016
32.0;210.96;9.3;10.0;2.0;10;20;;5;16;False;False;False;;23.72;2.78;;;8;BTP;9;;CGC;3843;D016
32.0;228.99;6.5;12.24;1.0;10;30;;5;16;False;False;False;;43.9;0;;;8;Terminal XXXIX;44;;GSA - E;3844;D016
33.0;201.8;7.3;13.2;1.0;10;36;;5;16;False;False;False;;98.0;0.83;;;8;Bracell;8;;CGNC;3845;D016
33.0;209.75;10.4;10.5;2.0;11;0;;5;16;False;False;False;;17.48;0.85;;;8;TUP - DPW - CGC;51;;CGC;3846;D016
0.0;225.0;8.2;13.68;1.0;11;30;;5;16;False;False;False;;94.92;6.92;;;8;Elevações Portuárias;15;;GSA - E;3847;D016
32.0;179.99;12.0;8.2;2.0;12;0;;5;16;False;False;False;;126.13;0.57;;;8;Ageo Terminais ;2;;GL;3848;D016
37.0;228.0;10.5;10.6;2.0;12;20;;5;16;False;False;False;;10.22;1.48;;;8;BTP;9;;CGC;3849;D016
44.0;268.03;13.2;13.0;2.0;12;30;;5;16;False;False;False;;56.88;4.12;;;8;Santos Brasil;32;;CGC;3850;D016
25.0;156.53;8.2;6.1;2.0;15;45;;5;16;False;False;False;;58.07;0;;;8;Ageo Terminais ;2;;GL;3851;D016
32.0;189.97;6.89;12.7;1.0;16;30;;5;16;False;False;False;;37.17;1.87;;;8;Copersucar;12;;GSA - E;3852;D016
25.0;160.0;6.2;9.1;2.0;19;27;;5;16;False;False;False;;4.17;5.0;;;8;Stolthaven;33;;GL;3853;D016
38.0;249.12;11.4;10.0;2.0;4;8;;6;17;False;False;False;;10.25;1.78;;;8;BTP;9;;CGC;3854;D016
36.0;228.99;8.41;13.89;1.0;6;0;;6;17;False;False;False;;63.33;0;;;8;T-Grão;46;;GSA - E;3855;D016
48.0;299.79;12.5;13.8;1.0;6;24;;6;17;False;False;False;;18.5;1.7;;;8;BTP;9;;CGNC;3856;D016
27.4;183.98;7.4;7.6;1.0;8;30;;6;17;False;False;False;;37.4;2.33;;;8;Transpetro;47;;GL;3857;D016
17.0;82.3;4.5;4.4;3.0;8;30;;6;17;False;False;False;;26.67;0.17;;;8;TUP - Saipem;53;;CGNC;3858;D016
26.6;170.0;6.7;9.2;1.0;8;30;;6;17;False;False;False;;99.83;0;;;8;Stolthaven;33;;GL;3859;D016
27.0;170.0;8.15;7.5;2.0;10;18;;6;17;False;False;False;;44.0;4.17;;;8;Ultracargo;59;;GL;3860;D016
48.0;331.0;12.7;11.2;2.0;11;0;;6;17;False;False;False;;15.58;1.73;;;8;TUP - DPW - CGC;51;;CGC;3861;D016
32.0;199.98;8.9;8.65;2.0;12;0;;6;17;False;False;True;;2.5;0.77;;;8;TEV;45;;CGNC;3862;D016
32.0;229.0;7.5;13.1;1.0;13;0;;6;17;False;False;False;;63.37;6.83;;;8;Terminal ADM do Brasil;39;;GSA - E;3863;D016
33.0;225.0;7.2;13.2;1.0;13;15;;6;17;False;False;False;;73.68;0.92;;;8;Terminal Exportador do Guarujá (TEG);42;;GSA - E;3864;D016
48.0;300.0;12.0;14.5;1.0;13;30;;6;17;False;False;False;;23.7;1.77;;;8;BTP;9;;CGC;3865;D016
18.0;85.34;4.2;4.4;1.0;14;20;;6;17;False;False;False;;46.33;0.17;;;8;TUP - Saipem;53;;CGNC;3866;D016
37.0;228.0;10.0;10.9;2.0;15;0;;6;17;False;False;False;;23.13;2.05;;;8;Santos Brasil;32;;CGC;3867;D016
40.0;284.71;12.4;11.3;2.0;17;30;;6;17;False;False;False;;12.68;3.6;;;8;TUP - DPW - CGC;51;;CGC;3868;D016
32.0;199.54;7.68;8.36;1.0;18;0;;6;17;False;False;True;;21.0;1.83;;;8;TEV;45;;CGNC;3869;D016
32.0;224.9;7.5;13.05;1.0;18;0;;6;17;False;False;False;;95.33;0;;;8;T-Grão;46;;GSA - E;3870;D016
35.0;199.91;9.4;9.2;2.0;18;0;;6;17;False;False;False;;36.67;6.15;;;8;Santos Brasil;32;;CGC;3871;D016
49.0;299.93;10.5;14.5;1.0;19;0;;6;17;False;False;False;;22.4;2.37;;;8;BTP;9;;CGC;3872;D016
23.0;189.98;6.7;8.35;1.0;22;39;;6;17;False;False;False;;11.83;4.08;;;8;Copersucar;12;;GSA - E;3873;D016
36.0;236.32;8.4;8.7;1.0;0;36;;0;18;False;False;True;;10.5;6.17;;;8;TEV;45;;CGNC;3874;D016
32.0;225.0;12.53;9.33;2.0;2;53;;0;18;False;False;False;;48.75;15.22;;;8;Hidrovias do Brasil;16;;GSM - I;3875;D016
32.25;294.0;11.8;11.5;2.0;4;6;;0;18;False;False;False;;20.82;1.93;;;8;TUP - DPW - CGC;51;;CGC;3876;D016
32.0;199.97;8.15;9.2;1.0;5;0;;0;18;False;False;True;;33.0;0.17;;;8;TEV;45;;RORO ;3877;D016
9.0;210.54;11.3;11.3;2.0;7;0;;0;18;False;False;False;;11.58;4.52;;;8;Santos Brasil;32;;CGC;3878;D016
32.0;225.0;11.2;14.25;1.0;8;18;;0;18;False;False;False;;22.62;1.8;;;8;TUP - DPW - CGNC;52;;CGNC;3879;D016
19.0;87.9;5.1;4.9;1.0;9;50;;0;18;False;False;False;;60.17;0.17;;;8;TUP - Saipem;53;;CGNC;3880;D016
32.0;224.98;7.19;13.97;1.0;10;0;;0;18;False;False;False;;29.43;3.28;;;8;Terminal de Granéis do Guarujá (TGG);40;;GSA - E;3881;D016
32.0;229.0;7.5;11.59;1.0;11;0;;0;18;False;False;False;;46.25;0;;;8;Terminal XXXIX;44;;GSA - E;3882;D016
36.0;209.99;9.25;7.5;2.0;11;10;;0;18;False;False;False;;104.38;0.2;;;8;Outros - Cais do Saboó;28;;GL;3883;D016
32.0;229.0;7.28;13.28;1.0;11;30;;0;18;False;False;False;;132.38;5.47;;;8;Terminal Exportador de Santos (TES);41;;GSA - E;3884;D016
38.0;255.17;10.8;12.9;1.0;13;24;;0;18;False;False;False;;14.13;1.62;;;8;BTP;9;;CGC;3885;D016
32.0;199.9;11.15;7.67;2.0;14;6;;0;18;False;False;False;;116.15;5.85;;;8;TUP - Tiplam - GSM - I;57;;GSM - I;3886;D016
25.0;195.92;6.2;6.45;1.0;16;0;;0;18;False;False;True;;6.0;0.92;;;8;TEV;45;;RORO ;3887;D016
32.0;179.8;11.2;7.8;2.0;18;48;;0;18;False;False;False;;95.9;0;;;8;Vopak;60;;GL;3888;D016
32.0;199.99;7.0;12.93;1.0;20;12;;0;18;False;False;False;;53.13;3.47;;;8;TUP - Tiplam - GSA - E;56;;GSA - E;3889;D016
48.0;299.9;12.4;10.8;2.0;20;30;;0;18;False;False;False;;23.72;1.48;;;8;Santos Brasil;32;;CGC;3890;D016
35.0;224.0;9.2;8.9;2.0;22;40;;0;18;False;False;False;;12.58;1.98;;;8;Santos Brasil;32;;CGC;3891;D016
32.0;213.88;8.9;8.9;1.0;0;0;;1;19;False;False;False;;10.92;1.08;;;8;Ecoporto;13;;CGNC;3892;D016
32.0;199.98;6.6;12.7;1.0;1;30;;1;19;False;False;False;;124.22;1.73;;;8;Temrinal de Exportação de Açúcar do Guarujá (TEAG);37;;GSA - E;3893;D016
32.0;214.0;8.7;9.6;1.0;3;0;;1;19;False;False;False;;46.17;2.67;;;8;Ecoporto;13;;CGNC;3894;D016
40.09;299.9;9.8;9.9;2.0;3;30;;1;19;False;False;False;;23.68;3.47;;;8;BTP;9;;CGC;3895;D016
40.0;304.16;12.6;14.4;2.0;4;0;;1;19;False;False;False;;12.25;2.12;;;8;BTP;9;;CGC;3896;D016
20.0;127.7;5.8;6.2;1.0;4;6;;1;19;False;False;False;;28.32;0.2;;;8;Outros - Cais do Saboó;28;;CGNC;3897;D016
32.0;194.87;9.65;9.85;2.0;5;0;;1;19;False;False;False;;21.05;1.55;;;8;Santos Brasil;32;;CGC;3898;D016
30.0;179.97;6.38;9.9;1.0;5;50;;1;19;False;False;False;;36.57;2.42;;;8;TUP - Cutrale - GSA - E;50;;GSA - E;3899;D016
32.0;243.35;7.8;9.7;2.0;6;0;;1;19;False;False;False;;18.5;1.63;;;8;TUP - DPW - CGC;51;;CGC;3900;D016
32.0;229.0;10.92;13.92;1.0;6;50;;1;19;False;False;False;;47.17;5.47;;;8;Elevações Portuárias;15;;GSA - E;3901;D016
32.0;199.99;9.9;13.07;1.0;7;30;;1;19;False;False;False;;26.82;3.63;;;8;Terminal 12A (COFCO);38;;GSA - E;3902;D016
32.0;189.99;8.7;10.6;1.0;9;0;;1;19;False;False;False;;28.27;2.68;;;8;TUP - DPW - CGNC;52;;CGNC;3903;D016
32.0;189.99;7.06;10.31;1.0;9;30;;1;19;False;False;False;;21.33;3.25;;;8;Copersucar;12;;GSA - E;3904;D016
32.0;183.1;9.7;9.2;2.0;9;50;;1;19;False;False;False;;31.58;0;;;8;Ageo Terminais ;2;;GL;3905;D016
28.0;182.9;9.7;10.0;1.0;10;6;;1;19;False;False;False;;22.08;0;;;8;Ageo Terminais ;2;;GL;3906;D016
26.6;170.0;9.2;9.6;1.0;10;30;;1;19;False;False;False;;61.33;0;;;8;Ageo Terminais ;2;;GL;3907;D016
31.0;212.54;12.3;10.7;2.0;15;0;;1;19;False;False;False;;28.02;2.05;;;8;Santos Brasil;32;;CGC;3908;D016
32.0;229.0;7.68;13.48;1.0;15;30;;1;19;False;False;False;;30.22;2.37;;;8;Terminal de Granéis do Guarujá (TGG);40;;GSA - E;3909;D016
48.0;299.92;12.2;10.1;2.0;18;0;;1;19;False;False;False;;23.58;2.72;;;8;Santos Brasil;32;;CGC;3910;D016
40.0;272.02;10.2;8.75;2.0;18;30;;1;19;False;False;False;;15.83;1.45;;;8;TUP - DPW - CGC;51;;CGC;3911;D016
32.0;182.5;7.8;9.0;1.0;18;48;;1;19;False;False;False;;31.5;5.67;;;8;Transpetro;47;;GL;3912;D016
26.0;170.0;6.7;6.2;1.0;19;15;;1;19;False;False;False;;39.67;0;;;8;Ageo Terminais ;2;;GL;3913;D016
23.0;142.5;6.2;8.2;1.0;21;54;;1;19;False;False;False;;24.9;5.47;;;8;Transpetro;47;;GL;3914;D016
32.0;199.98;6.71;13.59;1.0;0;5;;2;20;False;False;False;;28.17;2.65;;;8;Elevações Portuárias;15;;GSA - E;3915;D016
29.0;182.5;10.25;7.1;2.0;2;54;;2;20;False;False;False;;82.22;5.58;;;8;Hidrovias do Brasil;16;;GSM - I;3916;D016
44.0;248.97;8.0;10.0;1.0;3;30;;2;20;False;False;False;;65.83;2.33;;;8;Transpetro;47;;GL;3917;D016
32.0;228.15;9.1;11.1;2.0;4;40;;2;20;False;False;False;;14.0;2.33;;;8;Santos Brasil;32;;CGC;3918;D016
37.0;210.0;7.65;12.0;1.0;7;0;;2;20;False;False;False;;43.9;0;;;8;Terminal XXXIX;44;;GSA - E;3919;D016
30.0;179.99;7.2;8.5;1.0;8;0;;2;20;False;False;False;;72.92;0.12;;;8;Citrosuco;10;;GL;3920;D016
28.0;172.0;7.4;7.6;1.0;8;0;;2;20;False;False;False;;9.27;2.03;;;8;BTP;9;;CGC;3921;D016
24.0;155.0;8.3;6.5;2.0;9;18;;2;20;False;False;False;;37.4;12.35;;;8;Transpetro;47;;GL;3922;D016
31.0;199.2;10.05;12.2;1.0;9;40;;2;20;False;False;False;;21.43;2.02;;;8;TUP - DPW - CGNC;52;;CGNC;3923;D016
32.0;199.91;8.3;8.8;1.0;13;15;;2;20;False;False;True;;15.0;1.27;;;8;TEV;45;;CGNC;3924;D016
32.0;199.99;7.0;13.62;1.0;13;30;;2;20;False;False;False;;67.88;2.28;;;8;TUP - Tiplam - GSA - E;56;;GSA - E;3925;D016
48.0;333.2;12.4;14.2;1.0;18;0;;2;20;False;False;False;;34.88;10.53;;;8;TUP - DPW - CGC;51;;CGC;3926;D016
32.0;228.99;7.21;13.58;1.0;18;0;;2;20;False;False;False;;80.33;3.08;;;8;Elevações Portuárias;15;;GSA - E;3927;D016
30.0;185.06;8.3;7.3;2.0;19;24;;2;20;False;False;False;;52.87;0;;;8;Vopak;60;;GL;3928;D016
48.0;330.0;10.2;14.4;1.0;19;42;;2;20;False;False;False;;37.75;2.1;;;8;Santos Brasil;32;;CGC;3929;D016
32.0;183.1;9.2;8.8;2.0;20;0;;2;20;False;False;False;;9.58;1.92;;;8;TUP - Terminal Marítimo Dow;54;;CGNC;3930;D016
25.0;182.47;8.7;9.3;1.0;20;40;;2;20;False;False;False;;25.57;2.13;;;8;Santos Brasil;32;;CGC;3931;D016
32.0;196.0;6.75;11.38;1.0;21;0;;2;20;False;False;False;;58.15;3.25;;;8;TUP - Tiplam - GSA - E;56;;GSA - E;3932;D016
37.0;254.87;10.7;10.0;1.0;21;45;;2;20;False;False;False;;18.67;1.67;;;8;TUP - DPW - CGC;51;;CGC;3933;D016
45.0;299.9;10.6;13.8;2.0;23;55;;2;20;False;False;False;;23.77;1.62;;;8;BTP;9;;CGC;3934;D016
48.0;299.85;12.5;14.4;1.0;3;6;;3;21;False;False;False;;30.27;2.37;;;8;BTP;9;;CGC;3935;D016
43.0;270.9;9.9;9.2;2.0;4;30;;3;21;False;False;False;;11.28;2.25;;;8;Santos Brasil;32;;CGC;3936;D016
31.0;199.98;10.2;8.55;2.0;6;0;;3;21;False;False;False;;80.43;4.5;;;8;TUP - Tiplam - GSM - I;57;;GSM - I;3937;D016
17.0;75.2;5.9;4.6;1.0;7;30;;3;21;False;False;False;;55.0;0.17;;;8;TUP - Saipem;53;;CGNC;3938;D016
32.0;225.0;6.95;12.95;1.0;7;40;;3;21;False;False;False;;61.9;1.13;;;8;TUP - Cutrale - GSA - E;50;;GSA - E;3939;D016
44.0;332.58;12.6;10.9;2.0;9;15;;3;21;False;False;False;;12.87;2.38;;;8;Santos Brasil;32;;RORO ;3940;D016
31.0;225.16;11.35;12.75;2.0;10;0;;3;21;False;False;False;;11.55;1.43;;;8;Santos Brasil;32;;CGC;3941;D016
32.0;182.88;7.0;10.5;1.0;15;0;;3;21;False;False;False;;26.5;1.5;;;8;Transpetro;47;;GL;3942;D016
48.0;299.82;13.9;11.5;2.0;15;0;;3;21;False;False;False;;31.42;2.57;;;8;BTP;9;;CGC;3943;D016
32.0;229.0;11.9;14.07;1.0;18;30;;3;21;False;False;False;;21.68;5.17;;;8;Terminal 12A (COFCO);38;;GSA - E;3944;D016
32.0;228.99;9.13;13.85;1.0;20;0;;3;21;False;False;False;;43.23;3.17;;;8;Elevações Portuárias;15;;GSA - E;3945;D016
33.0;177.9;8.2;8.1;1.0;20;0;;3;21;False;False;False;;36.83;0.17;;;8;TUP - Saipem;53;;CGNC;3946;D016
32.0;199.99;6.71;11.3;1.0;23;30;;3;21;False;False;False;;55.7;0.48;;;8;Temrinal de Exportação de Açúcar do Guarujá (TEAG);37;;GSA - E;3947;D016
32.0;228.9;14.07;11.38;2.0;23;50;;3;21;False;False;False;;41.7;8.73;;;8;Hidrovias do Brasil;16;;GSM - I;3948;D016
32.0;190.0;6.15;10.07;1.0;0;1;;4;22;False;False;False;;51.52;8.83;;;8;TUP - Tiplam - GSA - E;56;;GSA - E;3949;D016
28.0;179.87;8.2;7.8;2.0;3;0;;4;22;False;False;False;;20.3;12.07;;;8;Transpetro;47;;GL;3950;D016
37.0;227.92;10.7;10.2;2.0;4;0;;4;22;False;False;False;;6.5;2.42;;;8;BTP;9;;CGC;3951;D016
37.0;227.92;10.2;11.15;1.0;4;0;;4;22;False;False;False;;23.55;1.35;;;8;TUP - DPW - CGC;51;;CGC;3952;D016
32.0;225.0;7.5;13.66;1.0;4;30;;4;22;False;False;False;;54.6;2.18;;;8;Terminal ADM do Brasil;39;;GSA - E;3953;D016
28.0;179.87;8.9;7.1;2.0;8;0;;4;22;False;False;False;;21.3;26.1;;;8;TUP - Tiplam - GL;55;;GL;3954;D016
30.0;186.45;5.7;11.68;1.0;10;0;;4;22;False;False;False;;54.65;5.8;;;8;Terminal 12A (COFCO);38;;GSA - E;3955;D016
30.0;186.45;11.6;5.7;2.0;10;0;;4;22;False;False;False;;445.58;0;;;8;Outros - Cais do Macuco;25;;GSM - I;3956;D016
48.0;336.0;14.4;12.8;2.0;10;12;;4;22;False;False;False;;22.3;3.78;;;8;BTP;9;;CGC;3957;D016
30.0;179.97;10.9;9.11;2.0;10;30;;4;22;False;False;False;;54.5;1.88;;;8;Moinho Santista (Bunge);17;;GSA - I;3958;D016
43.0;270.9;10.3;13.3;1.0;12;54;;4;22;False;False;False;;29.87;1.75;;;8;Santos Brasil;32;;CGC;3959;D016
32.0;228.95;7.31;12.54;1.0;15;20;;4;22;False;False;False;;132.62;1.78;;;8;Terminal ADM do Brasil;39;;GSA - E;3960;D016
32.0;243.35;9.7;10.9;2.0;17;0;;4;22;False;False;False;;13.37;1.55;;;8;Santos Brasil;32;;CGC;3961;D016
43.0;318.24;10.0;9.6;2.0;18;0;;4;22;False;False;False;;17.75;1.77;;;8;BTP;9;;CGC;3962;D016
32.0;189.99;10.25;9.8;2.0;18;0;;4;22;False;False;False;;20.75;2.8;;;8;TUP - Tiplam - GSM - I;57;;GSM - I;3963;D016
45.0;299.9;12.6;11.2;2.0;21;40;;4;22;False;False;False;;30.87;2.4;;;8;Santos Brasil;32;;CGC;3964;D016
25.0;156.53;7.65;7.4;2.0;23;0;;4;22;False;False;False;;27.5;0.42;;;8;Ageo Terminais ;2;;GL;3965;D016
40.0;272.08;10.7;12.0;2.0;4;50;;5;23;False;False;False;;28.97;1.87;;;8;TUP - DPW - CGC;51;;CGC;3966;D016
32.0;228.99;14.2;7.8;2.0;6;0;;5;23;False;False;False;;141.63;5.42;;;8;Terminal Marítimo do Guarujá (Termag);43;;GSM - I;3967;D016
32.0;228.99;7.8;7.12;2.0;6;0;;5;23;False;False;False;;93.5;6.7;;;8;TUP - Tiplam - GSM - I;57;;GSM - I;3968;D016
33.0;189.99;6.7;11.45;1.0;6;30;;5;23;False;False;False;;55.5;2.5;;;8;Elevações Portuárias;15;;GSA - E;3969;D016
40.0;276.2;12.3;11.1;2.0;7;0;;5;23;False;False;False;;15.28;2.12;;;8;BTP;9;;CGC;3970;D016
32.0;189.02;11.6;8.0;2.0;7;0;;5;23;False;False;False;;98.9;0.9;;;8;Ageo Terminais ;2;;GL;3971;D016
32.0;263.23;12.7;10.4;2.0;7;0;;5;23;False;False;False;;13.38;5.35;;;8;Santos Brasil;32;;CGC;3972;D016
32.0;228.9;7.2;12.58;1.0;10;0;;5;23;False;False;False;;56.35;2.52;;;8;Terminal Exportador de Santos (TES);41;;GSA - E;3973;D016
32.0;225.0;7.39;12.15;1.0;11;0;;5;23;False;False;False;;45.47;0;;;8;Terminal XXXIX;44;;GSA - E;3974;D016
38.0;240.0;7.1;11.9;1.0;12;0;;5;23;False;False;False;;97.87;2.98;;;8;Terminal de Granéis do Guarujá (TGG);40;;GSA - E;3975;D016
49.0;299.87;13.2;9.0;2.0;12;0;;5;23;False;False;False;;42.83;1.73;;;8;Santos Brasil;32;;CGC;3976;D016
38.0;249.12;10.2;11.4;2.0;13;0;;5;23;False;False;False;;19.92;1.58;;;8;BTP;9;;CGC;3977;D016
27.0;169.37;5.15;10.02;1.0;14;6;;5;23;False;False;False;;36.58;3.42;;;8;Elevações Portuárias;15;;GSA - E;3978;D016
32.0;183.1;8.5;8.2;2.0;15;30;;5;23;False;False;False;;11.33;14.42;;;8;Adonai Química;1;;GL;3979;D016
40.0;254.94;10.0;9.8;2.0;16;54;;5;23;False;False;False;;18.98;1.45;;;8;Santos Brasil;32;;CGC;3980;D016
32.0;229.0;7.25;13.4;1.0;18;24;;5;23;False;False;False;;57.5;4.0;;;8;Elevações Portuárias;15;;GSA - E;3981;D016
28.0;189.99;6.03;8.98;1.0;0;1;;6;24;False;False;False;;150.52;33.37;;;8;TUP - Usiminas;58;;CGNC;3982;D016
30.0;199.2;10.2;6.33;2.0;6;42;;6;24;False;False;False;;66.12;3.07;;;8;TUP - Tiplam - GSM - I;57;;GSM - I;3983;D016
30.0;179.9;6.81;10.67;1.0;7;0;;6;24;False;False;False;;42.72;3.1;;;8;Temrinal de Exportação de Açúcar do Guarujá (TEAG);37;;GSA - E;3984;D016
48.0;314.33;14.5;11.7;2.0;8;17;;6;24;False;False;False;;16.57;2.43;;;8;TUP - DPW - CGC;51;;CGC;3985;D016
43.0;299.9;13.1;11.5;3.0;9;0;;6;24;False;False;False;;25.0;2.25;;;8;TUP - DPW - CGC;51;;CGC;3986;D016
36.0;200.0;10.6;11.4;2.0;14;30;;6;24;False;False;False;;14.85;1.98;;;8;Santos Brasil;32;;CGC;3987;D016
18.0;85.34;4.3;4.0;1.0;20;50;;6;24;False;False;False;;4.83;0.08;;;8;TUP - Saipem;53;;CGNC;3988;D016
32.0;229.0;7.2;8.9;1.0;21;0;;6;24;False;False;False;;48.25;6.55;;;8;TUP - Cutrale - GSA - E;50;;GSA - E;3989;D016
30.0;218.45;9.4;9.5;2.0;1;15;;0;25;False;False;False;;19.97;1.35;;;8;Santos Brasil;32;;CGC;3990;D016
32.0;225.0;9.7;13.5;1.0;1;58;;0;25;False;False;False;;75.0;4.55;;;8;Bracell;8;;CGNC;3991;D016
24.0;146.5;6.4;9.5;1.0;3;24;;0;25;False;False;False;;63.33;0;;;8;Vopak;60;;GL;3992;D016
31.0;176.0;8.1;8.2;1.0;6;0;;0;25;False;False;True;;23.0;3.65;;;8;TEV;45;;CGNC;3993;D016
48.0;330.0;12.5;14.48;1.0;8;0;;0;25;False;False;False;;24.47;2.4;;;8;BTP;9;;CGC;3994;D016
32.0;294.13;12.35;13.6;1.0;8;18;;0;25;False;False;False;;16.05;2.03;;;8;TUP - DPW - CGC;51;;CGC;3995;D016
32.0;229.0;13.3;8.84;2.0;9;0;;0;25;False;False;False;;61.12;4.63;;;8;Terminal Marítimo do Guarujá (Termag);43;;GSM - I;3996;D016
36.0;228.9;7.8;14.1;1.0;9;42;;0;25;False;False;False;;61.08;2.83;;;8;Elevações Portuárias;15;;GSA - E;3997;D016
18.0;76.0;5.0;5.2;3.0;10;0;;0;25;False;False;False;;11.17;0.08;;;8;TUP - Saipem;53;;CGNC;3998;D016
28.0;183.2;8.0;8.8;1.0;14;15;;0;25;False;False;False;;25.22;1.13;;;8;Transpetro;47;;GL;3999;D016
23.0;164.34;8.5;6.8;2.0;16;30;;0;25;False;False;False;;24.42;4.33;;;8;TUP - Terminal Marítimo Dow;54;;GL;4000;D016
32.0;259.8;9.6;11.4;1.0;17;18;;0;25;False;False;False;;10.55;1.7;;;8;Santos Brasil;32;;CGC;4001;D016
32.0;183.1;8.8;8.2;2.0;18;15;;0;25;False;False;False;;73.08;0;;;8;Vopak;60;;GL;4002;D016
34.0;201.9;7.81;13.02;1.0;18;42;;0;25;False;False;False;;71.97;3.0;;;8;TUP - DPW - CGNC;52;;CGNC;4003;D016
28.0;182.9;10.0;10.0;2.0;20;0;;0;25;False;False;False;;18.25;0;;;8;Stolthaven;33;;GL;4004;D016
26.0;170.17;7.4;9.5;1.0;20;8;;0;25;False;False;False;;64.03;0;;;8;Ageo Terminais ;2;;GL;4005;D016
37.0;199.98;8.2;8.9;1.0;20;18;;0;25;False;False;True;;33.0;1.23;;;8;TEV;45;;CGNC;4006;D016
30.0;183.0;9.85;9.22;2.0;20;36;;0;25;False;False;False;;64.0;1.5;;;8;Nita;18;;GSA - I;4007;D016
35.0;224.0;10.45;11.0;2.0;20;37;;0;25;False;False;False;;15.68;3.73;;;8;Santos Brasil;32;;CGC;4008;D016
33.0;197.0;9.7;7.16;2.0;21;8;;0;25;False;False;False;;325.25;0;;;8;Outros - Cais do Saboó;28;;GSM - I;4009;D016
32.0;183.21;7.8;9.15;1.0;1;0;;1;26;False;False;False;;27.1;1.82;;;8;Transpetro;47;;GL;4010;D016
32.0;199.99;10.3;9.8;2.0;1;54;;1;26;False;False;False;;16.13;10.0;;;8;TUP - Tiplam - GSM - I;57;;GSM - I;4011;D016
48.0;331.1;10.8;13.5;1.0;4;0;;1;26;False;False;False;;40.47;2.0;;;8;TUP - DPW - CGC;51;;CGC;4012;D016
48.0;337.0;13.15;10.1;2.0;4;18;;1;26;False;False;False;;20.83;2.9;;;8;BTP;9;;CGC;4013;D016
32.0;199.98;6.87;13.17;1.0;5;15;;1;26;False;False;False;;62.5;3.08;;;8;Copersucar;12;;GSA - E;4014;D016
48.0;299.95;11.5;14.0;1.0;5;48;;1;26;False;False;False;;21.72;2.53;;;8;BTP;9;;CGC;4015;D016
32.0;199.9;10.37;12.79;1.0;6;12;;1;26;False;False;False;;18.22;0;;;8;Terminal XXXIX;44;;GSA - E;4016;D016
19.0;87.9;5.2;5.0;1.0;8;50;;1;26;False;False;False;;12.17;0.17;;;8;TUP - Saipem;53;;CGNC;4017;D016
24.0;145.0;9.4;8.9;2.0;10;0;;1;26;False;False;False;;59.0;0;;;8;Adonai Química;1;;GL;4018;D016
30.0;208.85;10.8;10.3;2.0;11;0;;1;26;False;False;False;;19.97;7.03;;;8;Santos Brasil;32;;CGC;4019;D016
32.0;189.02;12.2;8.0;2.0;12;0;;1;26;False;False;False;;144.0;0;;;8;Ageo Terminais ;2;;GL;4020;D016
32.0;225.0;7.1;13.59;1.0;13;15;;1;26;False;False;False;;42.35;5.75;;;8;Terminal 12A (COFCO);38;;GSA - E;4021;D016
30.0;180.0;9.4;6.3;2.0;14;30;;1;26;False;False;False;;326.05;0;;;8;Outros - Cais do Macuco;25;;GSM - I;4022;D016
33.0;199.99;9.3;10.2;1.0;15;30;;1;26;False;False;True;;22.5;0.6;;;8;TEV;45;;CGNC;4023;D016
30.0;218.45;10.0;11.3;2.0;16;30;;1;26;False;False;False;;11.07;3.15;;;8;Santos Brasil;32;;CGC;4024;D016
32.0;228.99;7.5;13.68;1.0;19;40;;1;26;False;False;False;;43.5;2.08;;;8;Terminal de Granéis do Guarujá (TGG);40;;GSA - E;4025;D016
40.0;182.9;7.0;8.7;1.0;0;18;;2;27;False;False;False;;38.5;0;;;8;Transpetro;47;;GL;4026;D016
37.0;255.36;10.6;8.8;3.0;0;54;;2;27;False;False;False;;10.02;2.4;;;8;TUP - DPW - CGC;51;;CGC;4027;D016
28.0;186.35;8.5;9.8;1.0;2;30;;2;27;False;False;False;;8.58;1.82;;;8;BTP;9;;CGC;4028;D016
32.0;199.9;12.5;7.73;2.0;2;54;;2;27;False;False;False;;212.33;0;;;8;Outros - Cais do Macuco;25;;GSM - I;4029;D016
37.0;228.0;9.4;11.0;2.0;4;20;;2;27;False;False;False;;17.13;1.37;;;8;Santos Brasil;32;;CGC;4030;D016
32.0;204.33;7.5;12.65;1.0;4;48;;2;27;False;False;False;;89.0;2.33;;;8;TUP - DPW - CGNC;52;;CGNC;4031;D016
30.0;179.99;6.8;9.8;1.0;5;0;;2;27;False;False;False;;69.25;0.42;;;8;NST - GL;20;;GL;4032;D016
32.23;183.2;7.9;10.9;1.0;5;36;;2;27;False;False;False;;47.0;1.37;;;8;Transpetro;47;;GL;4033;D016
30.0;197.2;9.6;7.8;2.0;5;36;;2;27;False;False;False;;30.68;7.1;;;8;Santos Brasil;32;;CGC;4034;D016
30.0;199.2;7.2;11.85;1.0;8;0;;2;27;False;False;False;;69.38;3.2;;;8;TUP - DPW - CGNC;52;;CGNC;4035;D016
32.0;183.34;7.6;10.5;1.0;8;30;;2;27;False;False;False;;67.2;1.68;;;8;Transpetro;47;;GL;4036;D016
48.0;299.99;10.1;14.5;1.0;9;35;;2;27;False;False;False;;30.83;1.78;;;8;BTP;9;;CGC;4037;D016
38.0;229.11;8.08;14.0;1.0;10;0;;2;27;False;False;False;;38.07;3.6;;;8;Terminal ADM do Brasil;39;;GSA - E;4038;D016
44.0;248.97;11.0;11.0;1.0;10;0;;2;27;False;False;False;;24.2;2.77;;;8;Transpetro;47;;GL;4039;D016
33.0;224.96;7.0;13.76;1.0;10;30;;2;27;False;False;False;;97.0;0;;;8;T-Grão;46;;GSA - E;4040;D016
40.0;293.87;13.0;14.15;1.0;11;30;;2;27;False;False;False;;16.62;2.17;;;8;BTP;9;;CGC;4041;D016
29.43;175.53;9.8;5.8;2.0;14;30;;2;27;False;False;False;;286.25;0;;;8;Outros - Cais do Macuco;25;;GSM - I;4042;D016
48.0;299.9;11.9;14.5;2.0;16;0;;2;27;False;False;False;;32.22;4.38;;;8;BTP;9;;CGC;4043;D016
25.0;182.47;9.8;8.6;2.0;20;0;;2;27;False;False;False;;22.72;1.68;;;8;Santos Brasil;32;;CGC;4044;D016
38.0;255.4;13.1;12.37;2.0;20;30;;2;27;False;False;False;;13.63;1.27;;;8;TUP - DPW - CGC;51;;CGC;4045;D016
36.0;210.0;7.3;7.4;2.0;22;0;;2;27;False;False;False;;48.83;8.37;;;8;Ecoporto;13;;CGNC;4046;D016
0.0;225.0;6.88;10.4;1.0;1;30;;3;28;False;False;False;;37.75;0;;;8;T-Grão;46;;GSA - E;4047;D016
51.0;335.9;13.2;11.2;2.0;2;6;;3;28;False;False;False;;18.62;2.38;;;8;Santos Brasil;32;;CGC;4048;D016
32.0;183.1;7.9;6.1;2.0;3;36;;3;28;False;False;False;;36.17;13.42;;;8;Granel Química;61;;GL;4049;D016
37.0;255.0;11.5;10.0;2.0;4;42;;3;28;False;False;False;;13.38;2.28;;;8;TUP - DPW - CGC;51;;CGC;4050;D016
32.0;261.09;8.7;8.5;2.0;6;25;;3;28;False;False;False;;9.3;2.62;;;8;Santos Brasil;32;;CGC;4051;D016
26.6;170.0;9.6;8.5;1.0;6;30;;3;28;False;False;False;;37.92;0;;;8;Vopak;60;;GL;4052;D016
27.0;183.0;7.0;8.6;1.0;7;0;;3;28;False;False;False;;17.4;0.9;;;8;Transpetro;47;;GL;4053;D016
32.0;199.98;8.25;6.7;2.0;8;24;;3;28;False;False;False;;53.23;5.02;;;8;TUP - Tiplam - GSM - I;57;;GSM - I;4054;D016
32.0;225.0;8.3;10.7;1.0;8;30;;3;28;False;False;False;;20.1;1.65;;;8;Eldorado (Rishis);14;;CGNC;4055;D016
32.0;189.99;10.4;9.51;2.0;9;0;;3;28;False;False;False;;42.0;3.0;;;8;Hidrovias do Brasil;16;;GSM - I;4056;D016
32.0;183.06;11.85;8.4;2.0;11;0;;3;28;False;False;False;;97.25;0;;;8;Ageo Terminais ;2;;GL;4057;D016
31.0;198.0;7.1;12.34;1.0;11;50;;3;28;False;False;False;;75.73;2.1;;;8;TUP - DPW - CGNC;52;;CGNC;4058;D016
42.0;334.0;10.7;14.2;2.0;12;48;;3;28;False;False;False;;34.65;2.0;;;8;Santos Brasil;32;;CGC;4059;D016
32.0;199.9;11.4;9.45;2.0;14;6;;3;28;False;False;False;;22.58;2.88;;;8;TUP - Tiplam - GSM - I;57;;GSM - I;4060;D016
34.0;228.37;9.2;13.5;1.0;18;0;;3;28;False;False;False;;71.5;1.92;;;8;Elevações Portuárias;15;;GSA - E;4061;D016
32.0;199.9;6.95;13.25;1.0;0;1;;4;29;False;False;False;;37.2;5.4;;;8;TUP - Tiplam - GSA - E;56;;GSA - E;4062;D016
32.0;229.0;6.78;13.46;1.0;0;6;;4;29;False;False;False;;93.88;10.83;;;8;Terminal 12A (COFCO);38;;GSA - E;4063;D016
43.0;270.9;10.3;13.6;1.0;0;30;;4;29;False;False;False;;24.12;3.17;;;8;Santos Brasil;32;;CGC;4064;D016
28.0;179.95;6.49;10.05;1.0;1;0;;4;29;False;False;False;;17.92;2.17;;;8;Elevações Portuárias;15;;GSA - E;4065;D016
28.0;179.95;7.0;6.49;2.0;1;0;;4;29;False;False;False;;164.92;0.08;;;8;Outros - Cais do Macuco;25;;GSM - I;4066;D016
48.0;333.18;11.05;14.4;2.0;2;0;;4;29;False;False;False;;43.25;1.53;;;8;BTP;9;;CGC;4067;D016
32.0;199.8;8.6;9.85;1.0;4;6;;4;29;False;False;False;;8.97;3.78;;;8;Bracell;8;;CGNC;4068;D016
35.0;185.97;9.3;9.5;1.0;5;0;;4;29;False;False;False;;11.28;1.2;;;8;TUP - DPW - CGC;51;;CGC;4069;D016
35.0;185.97;9.2;9.3;2.0;5;0;;4;29;False;False;False;;8.55;1.02;;;8;Santos Brasil;32;;CGC;4070;D016
48.0;330.0;13.8;12.0;2.0;6;18;;4;29;False;False;False;;19.63;1.57;;;8;Santos Brasil;32;;CGC;4071;D016
24.0;144.09;8.4;6.1;2.0;8;0;;4;29;False;False;False;;37.83;0;;;8;Ageo Terminais ;2;;GL;4072;D016
37.0;227.97;11.3;10.9;1.0;9;0;;4;29;False;False;False;;24.6;1.62;;;8;TUP - DPW - CGC;51;;CGC;4073;D016
33.0;186.0;8.1;8.5;2.0;10;0;;4;29;False;False;False;;36.75;0;;;8;Ageo Terminais ;2;;GL;4074;D016
33.0;186.0;8.5;7.8;1.0;10;0;;4;29;False;False;False;;36.83;0;;;8;Vopak;60;;GL;4075;D016
40.0;304.14;12.0;10.2;2.0;10;0;;4;29;False;False;False;;26.18;1.35;;;8;TUP - DPW - CGC;51;;CGC;4076;D016
32.0;228.99;6.8;12.64;1.0;14;0;;4;29;False;False;False;;92.85;5.08;;;8;Copersucar;12;;GSA - E;4077;D016
32.0;229.0;7.35;8.49;1.0;14;24;;4;29;False;False;False;;19.73;2.72;;;8;Temrinal de Exportação de Açúcar do Guarujá (TEAG);37;;GSA - E;4078;D016
27.0;158.98;9.5;8.5;2.0;15;12;;4;29;False;False;False;;36.17;0;;;8;Adonai Química;1;;GL;4079;D016
40.0;182.9;7.4;9.0;1.0;16;24;;4;29;False;False;False;;34.2;2.13;;;8;Transpetro;47;;GL;4080;D016
32.0;225.0;7.0;13.02;1.0;16;42;;4;29;False;False;False;;34.5;4.35;;;8;Terminal Exportador de Santos (TES);41;;GSA - E;4081;D016
48.0;299.9;13.4;10.3;2.0;17;0;;4;29;False;False;False;;35.57;1.93;;;8;Santos Brasil;32;;CGC;4082;D016
32.0;199.98;8.0;9.2;1.0;17;30;;4;29;False;False;True;;15.5;1.48;;;8;TEV;45;;CGNC;4083;D016
32.0;183.06;12.7;7.4;2.0;17;30;;4;29;False;False;False;;52.42;0;;;8;Stolthaven;33;;GL;4084;D016
32.0;229.0;7.3;13.97;1.0;21;30;;4;29;False;False;False;;49.0;4.67;;;8;Terminal Exportador de Santos (TES);41;;GSA - E;4085;D016
43.0;334.11;13.6;11.2;2.0;21;36;;4;29;False;False;False;;18.23;2.02;;;8;Santos Brasil;32;;CGC;4086;D016
35.0;228.95;7.5;13.75;1.0;23;42;;4;29;False;False;False;;116.18;0;;;8;T-Grão;46;;GSA - E;4087;D016
32.0;199.8;9.85;10.7;1.0;1;28;;5;30;False;False;False;;16.92;1.13;;;8;Eldorado (Rishis);14;;CGNC;4088;D016
26.0;170.0;6.2;11.5;1.0;1;30;;5;30;False;False;False;;67.5;8.75;;;8;Stolthaven;33;;GL;4089;D016
32.0;225.0;10.7;13.45;1.0;1;30;;5;30;False;False;False;;40.42;5.08;;;8;Bracell;8;;CGNC;4090;D016
24.0;145.0;7.7;7.5;2.0;3;6;;5;30;False;False;False;;15.0;10.33;;;8;Stolthaven;33;;GL;4091;D016
45.0;299.9;12.0;13.5;1.0;4;8;;5;30;False;False;False;;14.75;1.83;;;8;BTP;9;;CGC;4092;D016
32.0;229.0;8.9;13.28;1.0;4;38;;5;30;False;False;False;;32.88;1.73;;;8;TUP - Cutrale - GSA - E;50;;GSA - E;4093;D016
46.0;299.9;11.9;9.9;2.0;4;50;;5;30;False;False;False;;18.28;1.92;;;8;BTP;9;;CGC;4094;D016
40.0;254.94;12.9;7.4;2.0;5;0;;5;30;False;False;False;;42.15;1.63;;;8;Santos Brasil;32;;CGC;4095;D016
30.0;163.46;8.1;7.5;1.0;10;40;;5;30;False;False;False;;48.5;0.17;;;8;TUP - Saipem;53;;CGNC;4096;D016
32.0;199.98;9.0;13.25;1.0;12;0;;5;30;False;False;False;;18.57;2.67;;;8;TUP - Tiplam - GSA - E;56;;GSA - E;4097;D016
32.25;225.0;7.24;13.38;1.0;13;0;;5;30;False;False;False;;42.43;2.82;;;8;Terminal 12A (COFCO);38;;GSA - E;4098;D016
32.0;210.96;10.6;9.3;2.0;14;25;;5;30;False;False;False;;19.63;1.65;;;8;BTP;9;;CGC;4099;D016
32.0;201.8;7.3;13.28;1.0;17;18;;5;30;False;False;False;;95.75;3.83;;;8;Bracell;8;;CGNC;4100;D016
40.0;272.02;9.9;10.8;2.0;19;0;;5;30;False;False;False;;12.42;1.18;;;8;TUP - DPW - CGC;51;;CGC;4101;D016
48.0;330.0;12.3;14.5;1.0;1;36;;6;31;False;False;False;;30.82;6.13;;;8;BTP;9;;CGC;4102;D016
25.0;156.53;7.4;6.7;2.0;2;30;;6;31;False;False;False;;30.25;2.67;;;8;Granel Química;61;;GL;4103;D016
32.0;199.98;10.44;8.26;2.0;2;59;;6;31;False;False;False;;90.02;0;;;8;Outros - Cais do Saboó;28;;GSM - I;4104;D016
37.0;249.12;11.9;9.8;2.0;4;0;;6;31;False;False;False;;17.05;1.77;;;8;BTP;9;;CGC;4105;D016
22.0;119.9;7.7;7.8;1.0;5;50;;6;31;False;False;False;;66.17;0.6;;;8;Ageo Terminais ;2;;GL;4106;D016
36.0;199.99;6.93;8.9;1.0;6;30;;6;31;False;False;False;;70.03;0.42;;;8;Temrinal de Exportação de Açúcar do Guarujá (TEAG);37;;GSA - E;4107;D016
32.0;228.99;7.24;12.48;1.0;7;0;;6;31;False;False;False;;46.28;0;;;8;Terminal XXXIX;44;;GSA - E;4108;D016
32.0;179.95;10.2;6.67;2.0;7;45;;6;31;False;False;False;;168.9;4.05;;;8;Moinho Santista (Bunge);17;;GSA - I;4109;D016
32.0;179.95;6.5;9.87;1.0;7;45;;6;31;False;False;False;;39.92;10.62;;;8;Elevações Portuárias;15;;GSA - E;4110;D016
33.0;189.99;6.8;12.64;1.0;9;0;;6;31;False;False;False;;49.67;6.83;;;8;Elevações Portuárias;15;;GSA - E;4111;D016
32.0;228.99;7.05;13.28;1.0;10;42;;6;31;False;False;False;;34.9;1.82;;;8;Terminal de Granéis do Guarujá (TGG);40;;GSA - E;4112;D016
32.0;229.0;6.84;13.24;1.0;11;0;;6;31;False;False;False;;32.88;5.2;;;8;Terminal de Granéis do Guarujá (TGG);40;;GSA - E;4113;D016
48.0;299.92;10.6;13.8;1.0;12;30;;6;31;False;False;False;;33.27;2.22;;;8;BTP;9;;CGC;4114;D016
32.0;229.0;7.75;13.5;1.0;12;54;;6;31;False;False;False;;56.45;0;;;8;Terminal XXXIX;44;;GSA - E;4115;D016
25.0;156.53;6.8;7.5;1.0;13;18;;6;31;False;False;False;;34.6;0.98;;;8;Ageo Terminais ;2;;GL;4116;D016
35.0;199.91;8.3;8.2;2.0;15;0;;6;31;False;False;False;;30.83;10.65;;;8;Santos Brasil;32;;CGC;4117;D016
32.0;260.05;11.9;10.9;2.0;16;12;;6;31;False;False;False;;7.25;1.9;;;8;Santos Brasil;32;;CGC;4118;D016
37.0;227.97;10.9;11.0;2.0;17;0;;6;31;False;False;False;;3.6;1.25;;;8;BTP;9;;CGC;4119;D016
32.0;229.0;13.47;13.27;1.0;17;30;;6;31;False;False;False;;3.77;2.02;;;8;Terminal de Granéis do Guarujá (TGG);40;;GSA - E;4120;D016
32.0;294.12;11.45;11.45;2.0;18;0;;6;31;False;False;False;;24.73;2.28;;;8;TUP - DPW - CGC;51;;CGC;4121;D016
36.0;209.99;9.3;13.75;1.0;19;0;;6;31;False;False;False;;32.17;1.3;;;8;TUP - DPW - CGNC;52;;CGNC;4122;D016
32.0;194.87;9.3;9.1;2.0;21;34;;6;31;False;False;False;;23.5;1.3;;;8;Santos Brasil;32;;CGC;4123;D016
37.0;215.4;9.97;12.8;1.0;21;42;;6;31;False;False;False;;26.73;2.63;;;8;Terminal ADM do Brasil;39;;GSA - E;4124;D016
26.0;170.0;7.15;9.75;1.0;1;0;;0;1;False;False;False;;62.05;10.17;;;9;TUP - Cutrale - GL;49;;GL;4125;D016
32.0;229.0;7.27;13.85;1.0;4;12;;0;1;False;False;False;;36.03;2.02;;;9;Copersucar;12;;GSA - E;4126;D016
32.0;228.99;7.15;13.48;1.0;8;0;;0;1;False;False;False;;94.82;2.67;;;9;Terminal ADM do Brasil;39;;GSA - E;4127;D016
32.0;225.0;10.81;14.2;1.0;8;30;;0;1;False;False;False;;18.92;2.8;;;9;Elevações Portuárias;15;;GSA - E;4128;D016
43.0;270.9;12.2;14.5;3.0;9;30;;0;1;False;False;False;;12.95;1.07;;;9;TUP - DPW - CGC;51;;CGC;4129;D016
32.0;294.12;11.45;13.1;2.0;10;28;;0;1;False;False;False;;14.02;2.85;;;9;Santos Brasil;32;;CGC;4130;D016
28.0;179.87;8.5;7.7;2.0;11;48;;0;1;False;False;False;;15.87;2.83;;;9;TUP - Tiplam - GL;55;;GL;4131;D016
35.0;223.98;9.25;9.9;2.0;14;0;;0;1;False;False;False;;15.38;1.42;;;9;Santos Brasil;32;;CGC;4132;D016
32.0;182.68;7.9;9.0;1.0;14;18;;0;1;False;False;False;;73.13;3.92;;;9;Adonai Química;1;;GL;4133;D016
32.0;229.0;7.07;14.08;1.0;15;30;;0;1;False;False;False;;122.23;3.33;;;9;Terminal 12A (COFCO);38;;GSA - E;4134;D016
32.0;199.9;6.91;11.74;1.0;17;30;;0;1;False;False;False;;37.6;2.13;;;9;Copersucar;12;;GSA - E;4135;D016
32.0;225.0;7.03;13.32;1.0;20;6;;0;1;False;False;False;;36.68;0.58;;;9;Terminal 12A (COFCO);38;;GSA - E;4136;D016
31.0;212.54;11.3;12.0;2.0;23;54;;0;1;False;False;False;;13.87;1.63;;;9;Santos Brasil;32;;CGC;4137;D016
45.0;299.9;11.5;14.1;2.0;1;24;;1;2;False;False;False;;41.1;1.22;;;9;BTP;9;;CGC;4138;D016
33.0;188.8;9.6;11.5;1.0;2;30;;1;2;False;False;False;;7.57;1.58;;;9;TUP - DPW - CGC;51;;CGC;4139;D016
28.0;174.7;5.6;10.48;1.0;2;40;;1;2;False;False;False;;69.25;1.92;;;9;TUP - Tiplam - GSA - E;56;;GSA - E;4140;D016
29.0;189.96;7.8;6.78;2.0;8;0;;1;2;False;False;False;;85.92;0;;;9;Outros - Cais do Macuco;25;;GSM - I;4141;D016
24.0;155.0;8.3;6.4;2.0;8;30;;1;2;False;False;False;;21.8;34.52;;;9;Transpetro;47;;GL;4142;D016
32.0;229.0;8.49;14.1;1.0;10;18;;1;2;False;False;False;;72.58;37.55;;;9;TUP - Tiplam - GSA - E;56;;GSA - E;4143;D016
48.0;299.9;11.6;13.9;2.0;11;24;;1;2;False;False;False;;24.17;1.65;;;9;Santos Brasil;32;;CGC;4144;D016
32.0;189.99;8.26;6.48;2.0;15;30;;1;2;False;False;False;;300.63;0;;;9;Outros - Cais do Saboó;28;;GSM - I;4145;D016
48.0;333.17;13.7;12.3;2.0;16;0;;1;2;False;False;False;;23.73;1.35;;;9;TUP - DPW - CGC;51;;CGC;4146;D016
40.0;276.2;10.66;11.8;2.0;16;30;;1;2;False;False;False;;15.33;1.95;;;9;BTP;9;;CGC;4147;D016
9.0;210.54;10.1;9.1;2.0;17;0;;1;2;False;False;False;;16.28;1.42;;;9;Santos Brasil;32;;CGC;4148;D016
32.0;179.16;7.7;8.5;1.0;17;0;;1;2;False;False;True;;24.0;0.7;;;9;TEV;45;;CGNC;4149;D016
48.0;314.31;14.3;12.8;2.0;17;48;;1;2;False;False;False;;25.67;2.23;;;9;BTP;9;;CGC;4150;D016
48.0;299.96;11.4;10.5;2.0;18;30;;1;2;False;False;False;;18.53;3.1;;;9;Santos Brasil;32;;CGNC;4151;D016
30.0;210.54;8.5;10.0;2.0;23;10;;1;2;False;False;False;;29.97;1.88;;;9;Santos Brasil;32;;CGC;4152;D016
22.0;105.9;6.3;6.2;1.0;23;40;;1;2;False;False;False;;17.67;0.08;;;9;TUP - Saipem;53;;CGNC;4153;D016
45.0;335.0;10.4;12.5;1.0;23;48;;1;2;False;False;False;;23.6;2.38;;;9;BTP;9;;CGC;4154;D016
51.0;336.0;14.4;12.7;2.0;5;0;;2;3;False;False;False;;32.78;2.23;;;9;Santos Brasil;32;;CGC;4155;D016
24.0;145.0;8.9;8.0;2.0;6;0;;2;3;False;False;False;;18.15;0;;;9;Vopak;60;;GL;4156;D016
27.0;158.9;8.2;6.3;2.0;7;0;;2;3;False;False;False;;35.38;0;;;9;Ageo Terminais ;2;;GL;4157;D016
36.0;229.9;7.4;13.28;1.0;9;30;;2;3;False;False;False;;149.35;2.33;;;9;Terminal Exportador de Santos (TES);41;;GSA - E;4158;D016
33.0;177.9;8.0;7.8;1.0;10;30;;2;3;False;False;False;;197.42;0.08;;;9;TUP - Saipem;53;;CGNC;4159;D016
40.0;272.08;9.9;6.45;2.0;10;30;;2;3;False;False;False;;16.02;1.6;;;9;TUP - DPW - CGC;51;;CGC;4160;D016
28.0;172.0;8.6;8.1;1.0;11;0;;2;3;False;False;False;;10.32;1.63;;;9;BTP;9;;CGC;4161;D016
32.0;228.99;7.26;13.46;1.0;12;0;;2;3;False;False;False;;107.17;0;;;9;T-Grão;46;;GSA - E;4162;D016
32.0;257.38;10.3;10.8;2.0;13;36;;2;3;False;False;False;;18.73;1.23;;;9;TUP - DPW - CGC;51;;CGC;4163;D016
32.0;229.0;7.3;12.72;1.0;15;30;;2;3;False;False;False;;61.17;1.87;;;9;Terminal Exportador de Santos (TES);41;;GSA - E;4164;D016
37.0;254.73;9.6;9.4;1.0;17;36;;2;3;False;False;False;;11.33;1.73;;;9;TUP - DPW - CGC;51;;CGC;4165;D016
32.0;199.97;7.8;8.6;1.0;20;12;;2;3;False;False;True;;26.5;1.07;;;9;TEV;45;;RORO ;4166;D016
18.0;85.34;4.3;4.1;1.0;20;50;;2;3;False;False;False;;28.83;0.08;;;9;TUP - Saipem;53;;CGNC;4167;D016
25.0;182.47;8.8;8.7;2.0;21;30;;2;3;False;False;False;;32.47;2.62;;;9;Santos Brasil;32;;CGC;4168;D016
32.0;228.99;6.9;12.3;1.0;21;54;;2;3;False;False;False;;77.38;2.9;;;9;Terminal de Granéis do Guarujá (TGG);40;;GSA - E;4169;D016
30.0;179.96;9.71;6.35;2.0;22;30;;2;3;False;False;False;;153.47;0;;;9;Nita;18;;GSA - I;4170;D016
48.0;331.0;12.3;14.5;1.0;22;30;;2;3;False;False;False;;30.58;1.78;;;9;TUP - DPW - CGC;51;;CGC;4171;D016
32.0;199.98;6.6;13.23;1.0;23;48;;2;3;False;False;False;;41.0;2.7;;;9;TUP - Tiplam - GSA - E;56;;GSA - E;4172;D016
33.0;261.03;8.5;8.5;2.0;5;12;;3;4;False;False;False;;6.4;1.03;;;9;Santos Brasil;32;;CGC;4173;D016
48.0;299.9;8.8;14.23;1.0;6;38;;3;4;False;False;False;;53.65;13.93;;;9;Santos Brasil;32;;CGC;4174;D016
32.0;229.0;9.06;7.14;2.0;7;54;;3;4;False;False;False;;158.27;3.32;;;9;TUP - Tiplam - GSM - I;57;;GSM - I;4175;D016
32.0;229.0;14.2;9.06;2.0;8;0;;3;4;False;False;False;;60.25;2.42;;;9;Terminal Marítimo do Guarujá (Termag);43;;GSM - I;4176;D016
32.0;229.0;7.18;13.18;1.0;8;0;;3;4;False;False;False;;57.47;1.38;;;9;Terminal de Granéis do Guarujá (TGG);40;;GSA - E;4177;D016
26.0;157.4;6.2;9.08;1.0;13;0;;3;4;False;False;False;;70.77;4.55;;;9;TUP - Cutrale - GL;49;;GL;4178;D016
30.0;222.14;11.5;11.3;2.0;15;12;;3;4;False;False;False;;9.25;2.02;;;9;TUP - DPW - CGC;51;;CGC;4179;D016
32.0;228.99;7.06;13.01;1.0;17;30;;3;4;False;False;False;;48.23;0;;;9;Terminal XXXIX;44;;GSA - E;4180;D016
35.0;228.42;10.58;14.2;1.0;23;0;;3;4;False;False;False;;83.67;2.5;;;9;Elevações Portuárias;15;;GSA - E;4181;D016
46.0;299.9;12.4;10.5;2.0;0;0;;4;5;False;False;False;;21.6;1.92;;;9;BTP;9;;CGC;4182;D016
32.0;225.0;7.1;13.56;1.0;0;1;;4;5;False;False;False;;66.38;2.38;;;9;Terminal ADM do Brasil;39;;GSA - E;4183;D016
28.0;186.4;10.13;6.31;2.0;1;30;;4;5;False;False;False;;129.55;0;;;9;Outros - Cais do Saboó;28;;GSM - I;4184;D016
49.0;299.87;12.6;14.45;1.0;4;0;;4;5;False;False;False;;25.33;2.1;;;9;BTP;9;;CGC;4185;D016
25.0;146.5;9.7;7.7;2.0;5;30;;4;5;False;False;False;;49.58;0;;;9;Ageo Terminais ;2;;GL;4186;D016
32.0;182.5;10.6;9.2;2.0;8;45;;4;5;False;False;False;;43.67;0;;;9;Vopak;60;;GL;4187;D016
38.0;227.95;10.45;10.6;1.0;11;30;;4;5;False;False;False;;21.12;1.33;;;9;TUP - DPW - CGC;51;;CGC;4188;D016
27.0;158.98;8.5;8.5;2.0;12;0;;4;5;False;False;False;;26.17;0;;;9;Vopak;60;;GL;4189;D016
40.0;254.94;10.3;12.6;1.0;12;0;;4;5;False;False;False;;17.82;1.25;;;9;Santos Brasil;32;;CGC;4190;D016
23.0;164.34;9.0;6.85;2.0;13;30;;4;5;False;False;False;;26.33;3.0;;;9;TUP - Terminal Marítimo Dow;54;;GL;4191;D016
32.0;228.99;12.24;13.2;1.0;19;30;;4;5;False;False;False;;53.67;0;;;9;Terminal XXXIX;44;;GSA - E;4192;D016
45.0;299.9;11.4;10.8;2.0;22;30;;4;5;False;False;False;;9.52;1.45;;;9;Santos Brasil;32;;CGC;4193;D016
32.0;225.0;7.1;13.03;1.0;23;10;;4;5;False;False;False;;129.63;1.3;;;9;Terminal ADM do Brasil;39;;GSA - E;4194;D016
32.0;229.0;7.46;14.1;1.0;0;6;;5;6;False;False;False;;69.58;5.2;;;9;TUP - Tiplam - GSA - E;56;;GSA - E;4195;D016
40.0;299.99;10.6;14.2;2.0;1;0;;5;6;False;False;False;;23.42;3.07;;;9;BTP;9;;CGC;4196;D016
42.0;320.58;11.4;9.8;2.0;3;6;;5;6;False;False;False;;24.77;3.48;;;9;TUP - DPW - CGC;51;;CGC;4197;D016
32.0;182.9;7.3;9.5;1.0;3;30;;5;6;False;False;False;;38.3;2.25;;;9;Transpetro;47;;GL;4198;D016
32.0;199.98;11.1;7.99;2.0;3;58;;5;6;False;False;False;;53.83;48.42;;;9;Hidrovias do Brasil;16;;GSM - I;4199;D016
32.0;213.88;8.8;8.9;1.0;4;0;;5;6;False;False;False;;19.17;1.47;;;9;Ecoporto;13;;CGNC;4200;D016
32.0;199.9;7.16;13.14;1.0;4;24;;5;6;False;False;False;;38.25;4.0;;;9;Terminal de Granéis do Guarujá (TGG);40;;GSA - E;4201;D016
37.0;255.36;10.6;11.9;2.0;6;0;;5;6;False;False;False;;27.82;3.6;;;9;TUP - DPW - CGC;51;;CGC;4202;D016
37.0;249.12;12.1;14.2;1.0;6;49;;5;6;False;False;False;;14.68;1.62;;;9;BTP;9;;CGC;4203;D016
32.0;228.99;7.67;10.95;1.0;7;18;;5;6;False;False;False;;35.85;4.82;;;9;Terminal Exportador do Guarujá (TEG);42;;GSA - E;4204;D016
40.12;293.19;13.8;13.6;2.0;8;36;;5;6;False;False;False;;78.82;2.17;;;9;Santos Brasil;32;;CGC;4205;D016
32.0;229.0;7.5;13.44;1.0;11;36;;5;6;False;False;False;;38.62;1.98;;;9;Terminal de Granéis do Guarujá (TGG);40;;GSA - E;4206;D016
30.0;179.9;6.73;7.5;1.0;15;0;;5;6;False;False;False;;53.0;4.75;;;9;NST - CGNC;19;;GSA - E;4207;D016
32.0;183.06;12.45;7.3;2.0;16;0;;5;6;False;False;False;;86.83;6.33;;;9;Ultracargo;59;;GL;4208;D016
32.0;199.9;9.73;13.02;1.0;22;30;;5;6;False;False;False;;48.1;8.17;;;9;TUP - DPW - CGNC;52;;CGNC;4209;D016
38.0;227.95;10.6;11.1;1.0;22;30;;5;6;False;False;False;;8.27;1.43;;;9;BTP;9;;CGC;4210;D016
32.0;229.0;7.4;13.44;1.0;0;12;;6;7;False;False;False;;91.0;5.73;;;9;TUP - Tiplam - GSA - E;56;;GSA - E;4211;D016
43.0;299.9;11.8;14.35;2.0;4;55;;6;7;False;False;False;;19.48;1.77;;;9;BTP;9;;CGC;4212;D016
32.0;262.08;9.8;10.88;2.0;5;30;;6;7;False;False;False;;16.28;2.35;;;9;Santos Brasil;32;;CGC;4213;D016
45.0;299.9;13.65;12.2;1.0;12;55;;6;7;False;False;False;;10.83;2.43;;;9;TUP - DPW - CGC;51;;CGC;4214;D016
48.0;333.95;13.5;12.1;2.0;13;0;;6;7;False;False;False;;31.57;1.75;;;9;Santos Brasil;32;;CGC;4215;D016
24.0;144.09;6.0;7.8;1.0;14;0;;6;7;False;False;False;;61.83;0;;;9;Ageo Terminais ;2;;GL;4216;D016
32.0;257.38;10.6;10.9;2.0;14;30;;6;7;False;False;False;;5.32;1.48;;;9;Santos Brasil;32;;CGC;4217;D016
32.0;294.1;11.75;12.25;2.0;15;18;;6;7;False;False;False;;16.03;1.08;;;9;TUP - DPW - CGC;51;;CGC;4218;D016
32.0;263.23;11.3;9.6;2.0;17;0;;6;7;False;False;False;;8.73;1.52;;;9;Santos Brasil;32;;CGC;4219;D016
24.0;144.09;7.3;6.3;2.0;18;15;;6;7;False;False;False;;21.75;0;;;9;Ageo Terminais ;2;;GL;4220;D016
35.0;185.96;8.5;9.0;2.0;21;25;;6;7;False;False;False;;40.67;2.33;;;9;Santos Brasil;32;;CGC;4221;D016
30.0;180.0;10.12;8.72;2.0;23;0;;6;7;False;False;False;;69.67;0;;;9;Outros - Cais do Macuco;25;;GSM - I;4222;D016
32.31;229.0;8.81;11.65;1.0;0;15;;0;8;False;False;False;;8.55;3.95;;;9;TUP - Cutrale - GSA - E;50;;GSA - E;4223;D016
32.0;199.97;8.6;9.5;1.0;1;0;;0;8;False;False;True;;9.5;2.75;;;9;TEV;45;;CGNC;4224;D016
32.0;201.8;8.2;9.1;1.0;3;5;;0;8;False;False;False;;28.7;0;;;9;Bracell;8;;CGNC;4225;D016
32.0;263.23;10.5;12.3;1.0;4;40;;0;8;False;False;False;;11.08;1.87;;;9;Santos Brasil;32;;CGC;4226;D016
18.0;85.34;4.1;4.1;3.0;7;50;;0;8;False;False;False;;5.83;0.08;;;9;TUP - Saipem;53;;CGNC;4227;D016
30.0;179.97;10.11;6.43;2.0;9;6;;0;8;False;False;False;;196.33;3.42;;;9;Moinho Santista (Bunge);17;;GSA - I;4228;D016
38.0;229.2;7.9;13.74;1.0;9;25;;0;8;False;False;False;;50.17;3.67;;;9;Terminal ADM do Brasil;39;;GSA - E;4229;D016
32.0;182.5;11.1;8.3;2.0;11;30;;0;8;False;False;False;;96.42;6.92;;;9;Ultracargo;59;;GL;4230;D016
48.0;299.18;12.3;13.8;2.0;13;30;;0;8;False;False;False;;40.17;2.18;;;9;BTP;9;;CGC;4231;D016
48.0;335.98;13.0;14.0;2.0;14;12;;0;8;False;False;False;;14.37;3.63;;;9;BTP;9;;CGC;4232;D016
32.0;189.93;6.35;12.91;1.0;17;0;;0;8;False;False;False;;49.07;4.15;;;9;Terminal Exportador do Guarujá (TEG);42;;GSA - E;4233;D016
32.0;189.99;6.4;12.86;1.0;17;0;;0;8;False;False;False;;67.52;3.93;;;9;Terminal 12A (COFCO);38;;GSA - E;4234;D016
30.0;180.0;6.5;8.5;1.0;18;18;;0;8;False;False;False;;141.33;12.92;;;9;TUP - Usiminas;58;;CGNC;4235;D016
40.09;299.9;12.7;13.7;1.0;19;15;;0;8;False;False;False;;13.9;2.25;;;9;BTP;9;;CGC;4236;D016
32.0;189.99;9.52;7.23;2.0;19;45;;0;8;False;False;False;;169.17;0;;;9;Outros - Cais do Saboó;28;;GSM - I;4237;D016
32.0;190.0;9.58;12.63;1.0;20;15;;0;8;False;False;False;;12.17;1.3;;;9;Elevações Portuárias;15;;GSA - E;4238;D016
32.0;199.9;6.9;10.6;1.0;20;42;;0;8;False;False;False;;47.73;1.8;;;9;TUP - DPW - CGNC;52;;CGNC;4239;D016
32.0;261.09;7.2;12.9;1.0;22;15;;0;8;False;False;False;;12.5;2.03;;;9;Santos Brasil;32;;CGC;4240;D016
30.0;208.85;11.5;11.6;2.0;22;20;;0;8;False;False;False;;13.02;1.77;;;9;Santos Brasil;32;;CGC;4241;D016
51.0;364.0;10.5;12.5;1.0;23;0;;0;8;False;False;False;;21.73;3.45;;;9;BTP;9;;CGC;4242;D016
30.0;180.0;6.1;10.25;1.0;23;30;;0;8;False;False;False;;23.42;11.08;;;9;TUP - Tiplam - GSA - E;56;;GSA - E;4243;D016
48.0;299.98;12.5;9.9;2.0;1;30;;1;9;False;False;False;;25.3;4.75;;;9;BTP;9;;CGC;4244;D016
30.0;179.9;10.36;7.25;2.0;1;36;;1;9;False;False;False;;135.83;2.68;;;9;TUP - Tiplam - GSM - I;57;;GSM - I;4245;D016
32.0;189.99;8.7;7.38;2.0;2;42;;1;9;False;False;False;;82.08;2.68;;;9;TUP - Tiplam - GSM - I;57;;GSM - I;4246;D016
48.0;300.0;11.8;11.9;2.0;5;48;;1;9;False;False;False;;29.23;2.0;;;9;Santos Brasil;32;;CGC;4247;D016
37.0;215.4;6.42;10.86;1.0;6;0;;1;9;False;False;False;;178.83;6.75;;;9;Bracell;8;;CGNC;4248;D016
27.0;183.18;7.2;11.7;1.0;6;18;;1;9;False;False;False;;27.07;2.57;;;9;Transpetro;47;;GL;4249;D016
21.0;139.95;6.6;7.7;1.0;7;30;;1;9;False;False;False;;29.17;0;;;9;Vopak;60;;GL;4250;D016
48.0;299.9;10.5;13.7;2.0;9;18;;1;9;False;False;False;;31.8;1.5;;;9;Santos Brasil;32;;CGC;4251;D016
48.0;330.08;13.8;12.6;2.0;9;30;;1;9;False;False;False;;30.57;2.03;;;9;BTP;9;;CGC;4252;D016
33.0;186.0;7.8;11.5;1.0;10;0;;1;9;False;False;False;;99.75;0.67;;;9;Ageo Terminais ;2;;GL;4253;D016
32.0;201.8;11.7;9.1;1.0;10;5;;1;9;False;False;False;;24.0;2.5;;;9;Eldorado (Rishis);14;;CGNC;4254;D016
33.0;201.8;11.72;13.18;1.0;12;0;;1;9;False;False;False;;24.38;2.02;;;9;TUP - DPW - CGNC;52;;CGNC;4255;D016
33.0;201.8;11.7;7.9;1.0;12;0;;1;9;False;False;False;;67.42;6.42;;;9;Suzano (T-32);35;;CGNC;4256;D016
34.0;223.91;8.0;7.0;2.0;12;45;;1;9;False;False;False;;5.27;1.32;;;9;TUP - DPW - CGC;51;;CGC;4257;D016
30.0;210.56;8.2;11.4;1.0;13;0;;1;9;False;False;False;;86.83;0.15;;;9;Citrosuco;10;;GL;4258;D016
32.0;225.0;7.26;13.54;1.0;15;0;;1;9;False;False;False;;54.93;3.57;;;9;Terminal 12A (COFCO);38;;GSA - E;4259;D016
32.0;229.0;6.75;13.51;1.0;17;0;;1;9;False;False;False;;71.4;2.43;;;9;Terminal ADM do Brasil;39;;GSA - E;4260;D016
40.0;272.05;9.95;9.4;2.0;17;0;;1;9;False;False;False;;15.63;1.95;;;9;TUP - DPW - CGC;51;;CGC;4261;D016
33.0;189.9;7.18;9.8;1.0;21;0;;1;9;False;False;False;;128.38;14.07;;;9;TUP - Cutrale - GL;49;;GL;4262;D016
40.0;300.4;11.9;12.4;2.0;22;0;;1;9;False;False;False;;36.62;3.62;;;9;Santos Brasil;32;;CGC;4263;D016
32.0;198.0;6.34;13.05;1.0;1;30;;2;10;False;False;False;;24.92;1.88;;;9;Copersucar;12;;GSA - E;4264;D016
28.0;186.35;9.7;9.7;2.0;5;0;;2;10;False;False;False;;11.85;1.48;;;9;BTP;9;;CGC;4265;D016
34.0;185.97;8.7;10.6;2.0;5;0;;2;10;False;False;False;;21.02;1.97;;;9;Santos Brasil;32;;CGC;4266;D016
45.0;339.62;13.5;12.4;2.0;8;0;;2;10;False;False;False;;14.83;1.17;;;9;TUP - DPW - CGC;51;;CGC;4267;D016
33.0;229.0;7.7;13.41;1.0;8;10;;2;10;False;False;False;;38.9;2.75;;;9;Terminal Exportador de Santos (TES);41;;GSA - E;4268;D016
32.0;179.88;11.25;7.45;2.0;12;30;;2;10;False;False;False;;139.78;0;;;9;Ageo Terminais ;2;;GL;4269;D016
32.0;201.8;12.3;12.1;1.0;13;0;;2;10;False;False;False;;15.32;2.53;;;9;TUP - DPW - CGNC;52;;CGNC;4270;D016
32.0;229.0;8.3;13.5;1.0;13;48;;2;10;False;False;False;;105.08;0;;;9;T-Grão;46;;GSA - E;4271;D016
37.0;254.87;11.0;9.1;1.0;19;20;;2;10;False;False;False;;14.87;2.7;;;9;TUP - DPW - CGC;51;;CGC;4272;D016
32.0;210.96;8.2;8.2;2.0;19;40;;2;10;False;False;False;;11.53;1.42;;;9;BTP;9;;CGC;4273;D016
25.0;156.53;7.8;7.7;1.0;20;0;;2;10;False;False;False;;35.33;6.0;;;9;Ultracargo;59;;GL;4274;D016
25.0;182.47;9.2;8.0;2.0;22;20;;2;10;False;False;False;;36.47;1.37;;;9;Santos Brasil;32;;CGC;4275;D016
32.0;183.1;8.2;9.1;1.0;0;1;;3;11;False;False;False;;24.8;0.08;;;9;Transpetro;47;;GL;4276;D016
32.0;229.0;11.7;9.1;1.0;0;42;;3;11;False;False;False;;144.18;5.5;;;9;Terminal Exportador de Santos (TES);41;;GSA - E;4277;D016
27.4;183.98;11.7;7.9;1.0;0;45;;3;11;False;False;False;;45.4;5.72;;;9;Transpetro;47;;GL;4278;D016
32.0;294.08;11.7;10.5;2.0;8;0;;3;11;False;False;False;;18.52;4.47;;;9;BTP;9;;CGC;4279;D016
51.0;336.0;13.4;11.3;2.0;8;30;;3;11;False;False;False;;27.1;1.8;;;9;Santos Brasil;32;;CGC;4280;D016
32.0;225.0;7.26;13.58;1.0;10;12;;3;11;False;False;False;;85.5;3.5;;;9;Elevações Portuárias;15;;GSA - E;4281;D016
43.0;334.0;11.85;13.45;2.0;12;54;;3;11;False;False;False;;13.52;7.17;;;9;BTP;9;;CGC;4282;D016
31.0;182.93;9.45;8.19;2.0;16;0;;3;11;False;False;False;;169.98;15.72;;;9;TUP - Usiminas;58;;CGNC;4283;D016
32.0;228.99;6.58;13.35;1.0;16;30;;3;11;False;False;False;;69.25;0;;;9;Terminal XXXIX;44;;GSA - E;4284;D016
36.0;225.0;8.02;13.5;1.0;16;48;;3;11;False;False;False;;89.55;4.75;;;9;TUP - DPW - CGNC;52;;CGNC;4285;D016
32.0;182.68;9.0;10.9;1.0;22;30;;3;11;False;False;False;;42.0;1.33;;;9;Stolthaven;33;;GL;4286;D016
37.0;228.0;11.5;11.35;1.0;4;0;;4;12;False;False;False;;27.45;1.9;;;9;TUP - DPW - CGC;51;;CGC;4287;D016
32.0;228.99;10.19;13.29;1.0;5;5;;4;12;False;False;False;;62.88;0.52;;;9;Terminal Exportador do Guarujá (TEG);42;;GSA - E;4288;D016
32.0;229.0;8.41;13.9;1.0;5;50;;4;12;False;False;False;;43.02;1.55;;;9;Copersucar;12;;GSA - E;4289;D016
32.0;199.98;11.49;6.46;2.0;6;30;;4;12;False;False;False;;217.53;2.92;;;9;TUP - Tiplam - GSM - I;57;;GSM - I;4290;D016
37.0;229.0;7.2;10.06;1.0;8;30;;4;12;False;False;False;;33.77;4.68;;;9;Temrinal de Exportação de Açúcar do Guarujá (TEAG);37;;GSA - E;4291;D016
36.0;199.99;6.7;8.21;1.0;8;30;;4;12;False;False;False;;18.03;2.97;;;9;Temrinal de Exportação de Açúcar do Guarujá (TEAG);37;;GSA - E;4292;D016
48.0;330.0;13.5;12.2;2.0;10;0;;4;12;False;False;False;;15.9;1.78;;;9;Santos Brasil;32;;CGC;4293;D016
30.0;179.9;6.75;7.4;1.0;10;0;;4;12;False;False;False;;127.55;38.83;;;9;NST - CGNC;19;;GSA - E;4294;D016
32.0;213.88;9.0;8.9;1.0;12;0;;4;12;False;False;False;;6.25;1.0;;;9;Ecoporto;13;;CGNC;4295;D016
45.0;299.9;12.4;13.8;2.0;13;0;;4;12;False;False;False;;15.02;1.3;;;9;BTP;9;;CGC;4296;D016
45.0;299.9;12.25;10.8;2.0;15;49;;4;12;False;False;False;;11.68;2.48;;;9;Santos Brasil;32;;CGC;4297;D016
32.0;199.98;6.45;13.45;1.0;16;6;;4;12;False;False;False;;56.0;2.92;;;9;Copersucar;12;;GSA - E;4298;D016
32.0;260.05;8.8;11.2;1.0;17;30;;4;12;False;False;False;;10.5;2.13;;;9;Santos Brasil;32;;CGC;4299;D016
45.0;335.0;14.15;11.8;2.0;21;12;;4;12;False;False;False;;21.13;2.53;;;9;Santos Brasil;32;;CGC;4300;D016
40.0;303.83;13.5;12.6;2.0;23;0;;4;12;False;False;False;;30.33;1.52;;;9;TUP - DPW - CGC;51;;CGC;4301;D016
45.0;299.9;12.1;9.95;2.0;23;0;;4;12;False;False;False;;18.83;1.78;;;9;BTP;9;;CGC;4302;D016
48.0;330.0;12.4;14.5;1.0;23;30;;4;12;False;False;False;;23.15;2.35;;;9;BTP;9;;CGC;4303;D016
32.0;189.79;8.0;11.7;1.0;1;0;;5;13;False;False;False;;69.67;2.08;;;9;Suzano (T-32);35;;CGNC;4304;D016
40.0;254.95;11.8;9.6;2.0;5;42;;5;13;False;False;False;;36.82;2.03;;;9;Santos Brasil;32;;CGC;4305;D016
32.0;229.0;6.82;13.7;1.0;5;54;;5;13;False;False;False;;31.22;2.28;;;9;Terminal de Granéis do Guarujá (TGG);40;;GSA - E;4306;D016
32.0;204.88;8.2;10.2;1.0;8;15;;5;13;False;False;False;;60.3;0.28;;;9;Citrosuco;10;;GL;4307;D016
40.0;182.9;7.0;7.65;1.0;9;24;;5;13;False;False;False;;32.1;2.75;;;9;Transpetro;47;;GL;4308;D016
40.0;277.32;14.4;12.15;2.0;10;0;;5;13;False;False;False;;24.35;2.6;;;9;BTP;9;;CGC;4309;D016
40.0;293.18;12.3;10.6;2.0;10;42;;5;13;False;False;False;;16.52;2.13;;;9;TUP - DPW - CGC;51;;CGC;4310;D016
32.0;225.0;9.4;11.1;1.0;12;42;;5;13;False;False;False;;24.08;9.92;;;9;Eldorado (Rishis);14;;CGNC;4311;D016
40.0;300.4;12.9;10.7;2.0;14;0;;5;13;False;False;False;;18.33;2.32;;;9;BTP;9;;CGC;4312;D016
37.0;228.0;11.35;11.35;2.0;14;14;;5;13;False;False;False;;12.48;1.57;;;9;BTP;9;;CGC;4313;D016
32.0;189.99;6.53;7.18;1.0;16;0;;5;13;False;False;False;;32.02;4.43;;;9;Temrinal de Exportação de Açúcar do Guarujá (TEAG);37;;GSA - E;4314;D016
40.0;254.94;12.3;14.45;3.0;16;48;;5;13;False;False;False;;25.68;1.78;;;9;TUP - DPW - CGC;51;;CGC;4315;D016
32.0;232.37;8.9;8.7;2.0;1;0;;6;14;False;False;True;;4.5;4.33;;;9;TEV;45;;CGNC;4316;D016
32.0;189.99;11.8;6.02;2.0;2;0;;6;14;False;False;False;;324.35;0;;;9;Outros - Cais do Macuco;25;;GSM - I;4317;D016
32.0;199.9;7.06;7.72;2.0;4;0;;6;14;False;False;False;;150.83;0;;;9;Outros - Cais do Macuco;25;;GSM - I;4318;D016
46.0;299.9;11.4;14.2;1.0;6;0;;6;14;False;False;False;;19.57;1.42;;;9;BTP;9;;CGC;4319;D016
32.0;225.0;8.3;13.49;1.0;8;12;;6;14;False;False;False;;41.58;3.0;;;9;Elevações Portuárias;15;;GSA - E;4320;D016
36.0;200.0;9.8;11.8;2.0;12;0;;6;14;False;False;False;;52.45;6.35;;;9;Santos Brasil;32;;CGC;4321;D016
40.0;304.14;12.3;14.1;2.0;12;0;;6;14;False;False;False;;14.92;1.47;;;9;TUP - DPW - CGC;51;;CGC;4322;D016
32.0;228.99;7.5;13.76;1.0;13;30;;6;14;False;False;False;;41.58;3.62;;;9;Terminal de Granéis do Guarujá (TGG);40;;GSA - E;4323;D016
32.0;182.5;8.0;8.7;1.0;14;0;;6;14;False;False;False;;21.7;3.37;;;9;Transpetro;47;;GL;4324;D016
25.0;146.5;7.85;7.6;2.0;14;0;;6;14;False;False;False;;12.42;9.75;;;9;Adonai Química;1;;GL;4325;D016
36.0;210.0;8.7;9.0;2.0;16;0;;6;14;False;False;False;;43.0;33.82;;;9;Ecoporto;13;;CGNC;4326;D016
36.0;210.0;9.0;11.3;1.0;16;0;;6;14;False;False;False;;29.52;0.58;;;9;Eldorado (Rishis);14;;CGNC;4327;D016
32.0;229.0;14.2;6.52;2.0;17;0;;6;14;False;False;False;;121.13;4.67;;;9;Terminal Marítimo do Guarujá (Termag);43;;GSM - I;4328;D016
35.0;269.8;10.6;11.3;2.0;17;30;;6;14;False;False;False;;20.2;2.02;;;9;TUP - DPW - CGC;51;;CGC;4329;D016
32.0;199.99;7.23;13.28;1.0;17;30;;6;14;False;False;False;;65.0;0.82;;;9;Terminal Exportador do Guarujá (TEG);42;;GSA - E;4330;D016
32.0;229.0;7.1;13.3;1.0;21;36;;6;14;False;False;False;;71.68;0.33;;;9;Terminal Exportador do Guarujá (TEG);42;;GSA - E;4331;D016
32.0;183.1;6.9;10.5;1.0;23;15;;6;14;False;False;False;;51.4;1.88;;;9;Transpetro;47;;GL;4332;D016
48.0;333.17;10.6;13.9;1.0;0;30;;0;15;False;False;False;;45.17;1.45;;;9;TUP - DPW - CGC;51;;CGC;4333;D016
22.0;119.9;8.1;6.6;1.0;1;53;;0;15;False;False;False;;58.07;0;;;9;Ageo Terminais ;2;;GL;4334;D016
35.0;199.91;8.6;9.7;2.0;3;32;;0;15;False;False;False;;31.67;1.72;;;9;Santos Brasil;32;;CGC;4335;D016
32.0;190.0;12.5;6.94;2.0;3;50;;0;15;False;False;False;;95.75;2.98;;;9;Terminal Marítimo do Guarujá (Termag);43;;GSM - I;4336;D016
32.0;199.97;8.2;9.15;1.0;5;0;;0;15;False;False;True;;24.0;0.5;;;9;TEV;45;;RORO ;4337;D016
35.0;223.96;8.4;9.5;2.0;5;30;;0;15;False;False;False;;19.7;2.9;;;9;Santos Brasil;32;;CGC;4338;D016
30.0;210.54;9.0;8.5;2.0;7;55;;0;15;False;False;False;;23.8;2.98;;;9;Santos Brasil;32;;CGC;4339;D016
32.0;199.9;7.38;12.95;1.0;9;45;;0;15;False;False;False;;45.1;0;;;9;T-Grão;46;;GSA - E;4340;D016
48.0;330.0;11.1;14.4;2.0;11;0;;0;15;False;False;False;;34.8;1.88;;;9;Santos Brasil;32;;CGC;4341;D016
27.0;183.0;7.5;8.6;1.0;16;0;;0;15;False;False;False;;20.4;12.83;;;9;Transpetro;47;;GL;4342;D016
24.0;144.09;7.9;9.4;1.0;16;30;;0;15;False;False;False;;50.75;22.75;;;9;Ultracargo;59;;GL;4343;D016
32.0;183.06;9.9;9.6;2.0;17;36;;0;15;False;False;False;;19.4;3.4;;;9;TUP - Terminal Marítimo Dow;54;;GL;4344;D016
35.0;228.42;9.0;13.3;1.0;22;0;;0;15;False;False;False;;42.62;3.5;;;9;Terminal Exportador de Santos (TES);41;;GSA - E;4345;D016
32.0;228.99;7.03;12.58;1.0;0;36;;1;16;False;False;False;;55.93;0;;;9;Terminal XXXIX;44;;GSA - E;4346;D016
40.0;182.99;7.0;9.4;1.0;0;54;;1;16;False;False;False;;73.3;4.32;;;9;Transpetro;47;;GL;4347;D016
9.0;210.54;11.4;11.2;2.0;1;0;;1;16;False;False;False;;18.3;1.5;;;9;Santos Brasil;32;;CGC;4348;D016
33.0;261.03;10.3;11.8;2.0;1;0;;1;16;False;False;False;;7.85;1.22;;;9;Santos Brasil;32;;CGC;4349;D016
32.31;229.0;11.24;13.3;1.0;1;40;;1;16;False;False;False;;30.7;0.38;;;9;TUP - Cutrale - GSA - E;50;;GSA - E;4350;D016
32.0;189.99;10.65;6.7;2.0;5;20;;1;16;False;False;False;;288.92;0;;;9;Outros - Cais do Saboó;28;;GSM - I;4351;D016
32.0;170.0;8.6;10.1;1.0;6;20;;1;16;False;False;False;;42.83;0;;;9;Ageo Terminais ;2;;GL;4352;D016
28.0;172.0;7.7;8.1;1.0;6;30;;1;16;False;False;False;;11.75;1.43;;;9;BTP;9;;CGC;4353;D016
32.0;199.98;8.0;9.4;1.0;8;18;;1;16;False;False;True;;17.0;4.67;;;9;TEV;45;;CGNC;4354;D016
48.0;299.18;12.1;10.6;2.0;8;18;;1;16;False;False;False;;24.0;2.05;;;9;BTP;9;;CGC;4355;D016
32.0;229.0;7.0;13.9;1.0;9;0;;1;16;False;False;False;;68.33;3.83;;;9;Copersucar;12;;GSA - E;4356;D016
26.0;176.2;6.56;8.49;1.0;10;30;;1;16;False;False;False;;27.6;12.4;;;9;TUP - Tiplam - GSA - E;56;;GSA - E;4357;D016
32.0;228.99;7.12;13.85;1.0;13;36;;1;16;False;False;False;;59.42;1.75;;;9;Copersucar;12;;GSA - E;4358;D016
32.0;183.2;8.0;10.6;1.0;14;12;;1;16;False;False;False;;37.0;1.08;;;9;Transpetro;47;;GL;4359;D016
32.0;228.99;11.0;13.2;1.0;14;30;;1;16;False;False;False;;23.63;0;;;9;Terminal XXXIX;44;;GSA - E;4360;D016
31.0;212.54;10.8;10.3;2.0;15;0;;1;16;False;False;False;;18.93;1.95;;;9;Santos Brasil;32;;CGC;4361;D016
28.0;174.38;7.4;7.8;1.0;16;0;;1;16;False;False;False;;47.22;0;;;9;Ageo Terminais ;2;;GL;4362;D016
32.0;199.98;6.5;8.99;1.0;16;30;;1;16;False;False;False;;37.47;25.78;;;9;Terminal 12A (COFCO);38;;GSA - E;4363;D016
40.0;272.05;9.6;8.9;2.0;17;0;;1;16;False;False;False;;8.57;1.53;;;9;TUP - DPW - CGC;51;;CGC;4364;D016
23.0;164.34;8.6;6.4;2.0;19;30;;1;16;False;False;False;;24.5;3.75;;;9;TUP - Terminal Marítimo Dow;54;;GL;4365;D016
48.0;299.96;10.2;13.75;1.0;21;0;;1;16;False;False;False;;13.47;2.25;;;9;BTP;9;;CGC;4366;D016
48.0;328.46;13.4;11.5;2.0;22;13;;1;16;False;False;False;;22.8;2.22;;;9;BTP;9;;CGNC;4367;D016
32.0;228.99;14.2;7.1;2.0;0;36;;2;17;False;False;False;;170.87;2.22;;;9;Terminal Marítimo do Guarujá (Termag);43;;GSM - I;4368;D016
27.0;158.42;9.8;10.3;1.0;1;48;;2;17;False;False;False;;36.7;0.7;;;9;Ageo Terminais ;2;;GL;4369;D016
36.0;200.0;11.8;11.8;1.0;2;0;;2;17;False;False;False;;15.1;2.32;;;9;Santos Brasil;32;;CGC;4370;D016
32.0;189.99;6.25;9.0;1.0;2;48;;2;17;False;False;False;;25.07;0;;;9;Temrinal de Exportação de Açúcar do Guarujá (TEAG);37;;GSA - E;4371;D016
32.0;228.15;9.0;9.1;2.0;4;54;;2;17;False;False;False;;19.88;2.63;;;9;Santos Brasil;32;;CGC;4372;D016
32.0;199.99;10.09;12.62;1.0;7;0;;2;17;False;False;False;;26.65;1.65;;;9;TUP - DPW - CGNC;52;;CGNC;4373;D016
48.0;299.82;11.5;14.0;1.0;11;0;;2;17;False;False;False;;24.2;2.0;;;9;BTP;9;;CGC;4374;D016
32.0;199.97;8.75;9.5;1.0;11;12;;2;17;False;False;True;;21.7;1.1;;;9;TEV;45;;CGNC;4375;D016
40.0;299.99;10.9;12.0;2.0;12;0;;2;17;False;False;False;;29.38;2.48;;;9;Santos Brasil;32;;CGC;4376;D016
32.0;199.99;7.4;13.37;1.0;12;50;;2;17;False;False;False;;47.42;3.58;;;9;TUP - Tiplam - GSA - E;56;;GSA - E;4377;D016
35.0;228.42;9.8;13.93;1.0;13;30;;2;17;False;False;False;;32.02;5.08;;;9;TUP - Tiplam - GSA - E;56;;GSA - E;4378;D016
28.0;179.87;9.8;7.6;2.0;19;0;;2;17;False;False;False;;24.8;8.77;;;9;Transpetro;47;;GL;4379;D016
32.0;229.0;7.58;12.69;1.0;19;30;;2;17;False;False;False;;84.48;0;;;9;Terminal XXXIX;44;;GSA - E;4380;D016
32.0;199.9;9.85;12.9;1.0;19;36;;2;17;False;False;False;;32.45;1.15;;;9;TUP - DPW - CGNC;52;;CGNC;4381;D016
32.0;199.9;7.34;9.85;1.0;21;0;;2;17;False;False;False;;37.8;2.83;;;9;Suzano (T-32);35;;CGNC;4382;D016
32.0;228.9;7.34;13.4;1.0;21;45;;2;17;False;False;False;;60.92;0.82;;;9;TUP - Cutrale - GSA - E;50;;GSA - E;4383;D016
28.0;183.2;8.0;9.0;1.0;23;6;;2;17;False;False;False;;16.3;5.42;;;9;Transpetro;47;;GL;4384;D016
25.0;182.47;9.3;9.5;2.0;23;55;;2;17;False;False;False;;22.33;1.45;;;9;Santos Brasil;32;;CGC;4385;D016
30.0;179.97;10.5;6.25;2.0;2;0;;3;18;False;False;False;;77.28;0;;;9;Outros - Cais do Saboó;28;;GL;4386;D016
32.0;199.97;7.7;9.45;1.0;3;0;;3;18;False;False;True;;23.5;0.3;;;9;TEV;45;;RORO ;4387;D016
37.0;255.0;11.2;9.8;2.0;3;30;;3;18;False;False;False;;16.82;5.12;;;9;TUP - DPW - CGC;51;;CGC;4388;D016
32.0;229.0;7.65;13.29;1.0;6;18;;3;18;False;False;False;;96.3;2.8;;;9;TUP - Tiplam - GSA - E;56;;GSA - E;4389;D016
24.0;144.09;6.2;6.2;1.0;7;15;;3;18;False;False;False;;8.33;3.0;;;9;TUP - Terminal Marítimo Dow;54;;CGNC;4390;D016
24.0;144.09;7.7;6.2;2.0;7;45;;3;18;False;False;False;;27.5;0.42;;;9;Ageo Terminais ;2;;GL;4391;D016
32.0;201.8;8.6;8.3;2.0;8;0;;3;18;False;False;False;;2.6;20.07;;;9;Ecoporto;13;;CGNC;4392;D016
51.0;335.9;13.1;10.5;2.0;8;45;;3;18;False;False;False;;17.03;2.0;;;9;Santos Brasil;32;;CGC;4393;D016
32.0;225.0;11.1;13.45;1.0;11;10;;3;18;False;False;False;;44.0;0.93;;;9;Bracell;8;;CGNC;4394;D016
48.0;329.77;14.1;12.25;2.0;11;30;;3;18;False;False;False;;26.15;6.62;;;9;BTP;9;;RORO ;4395;D016
32.0;183.06;9.5;8.3;2.0;11;40;;3;18;False;False;False;;63.17;0;;;9;Vopak;60;;GL;4396;D016
32.0;189.9;12.41;11.98;2.0;11;50;;3;18;False;False;False;;111.33;0;;;9;Outros - Cais do Macuco;25;;GSM - I;4397;D016
17.0;75.2;4.8;4.2;3.0;13;0;;3;18;False;False;False;;24.0;0.08;;;9;TUP - Saipem;53;;CGC;4398;D016
32.0;199.9;7.0;13.1;1.0;13;0;;3;18;False;False;False;;65.92;2.08;;;9;Copersucar;12;;GSA - E;4399;D016
30.0;180.0;8.72;6.85;2.0;17;10;;3;18;False;False;False;;85.0;0.33;;;9;Outros - Cais do Macuco;25;;GSM - I;4400;D016
32.0;189.99;6.4;8.46;1.0;19;0;;3;18;False;False;False;;36.0;2.7;;;9;TUP - Tiplam - GSA - E;56;;GSA - E;4401;D016
29.0;183.0;6.1;6.1;1.0;19;45;;3;18;False;False;False;;91.75;0.07;;;9;Eldorado (Rishis);14;;CGNC;4402;D016
32.0;201.8;8.3;7.57;2.0;20;0;;3;18;False;False;False;;112.38;2.45;;;9;TUP - DPW - CGNC;52;;CGNC;4403;D016
30.0;199.08;11.17;6.55;2.0;21;25;;3;18;False;False;False;;124.12;3.47;;;9;Hidrovias do Brasil;16;;GSM - I;4404;D016
48.0;336.0;12.15;14.4;2.0;4;6;;4;19;False;False;False;;23.95;2.27;;;9;BTP;9;;CGC;4405;D016
45.0;299.9;12.6;14.4;2.0;5;0;;4;19;False;False;False;;14.68;4.62;;;9;BTP;9;;CGC;4406;D016
32.0;228.6;12.5;8.2;2.0;5;36;;4;19;False;False;False;;124.33;0;;;9;Vopak;60;;GL;4407;D016
37.0;227.92;11.9;11.9;1.0;7;0;;4;19;False;False;False;;26.65;1.75;;;9;TUP - DPW - CGC;51;;CGC;4408;D016
32.0;224.95;6.88;13.9;1.0;7;24;;4;19;False;False;False;;35.08;1.32;;;9;Copersucar;12;;GSA - E;4409;D016
32.0;170.0;10.1;8.1;2.0;7;30;;4;19;False;False;False;;106.0;16.17;;;9;Ultracargo;59;;GL;4410;D016
29.0;179.86;8.1;7.25;2.0;8;30;;4;19;False;False;False;;16.8;2.8;;;9;TUP - Tiplam - GL;55;;GL;4411;D016
32.0;225.0;7.65;12.64;1.0;11;30;;4;19;False;False;False;;90.37;6.97;;;9;Terminal Exportador de Santos (TES);41;;GSA - E;4412;D016
36.0;199.99;8.9;11.57;1.0;12;15;;4;19;False;False;False;;12.25;2.08;;;9;Elevações Portuárias;15;;GSA - E;4413;D016
32.0;229.02;6.8;11.8;1.0;13;0;;4;19;False;False;False;;49.42;0;;;9;Terminal XXXIX;44;;GSA - E;4414;D016
40.0;300.4;10.4;12.2;1.0;15;0;;4;19;False;False;False;;20.68;2.15;;;9;BTP;9;;CGC;4415;D016
30.0;179.99;6.45;9.69;1.0;15;48;;4;19;False;False;False;;71.3;27.53;;;9;Terminal 12A (COFCO);38;;GSA - E;4416;D016
30.0;179.99;9.0;6.8;2.0;15;48;;4;19;False;False;False;;329.17;0;;;9;Outros - Cais do Macuco;25;;GSM - I;4417;D016
32.0;199.95;6.87;13.62;1.0;16;30;;4;19;False;False;False;;73.52;2.47;;;9;Terminal ADM do Brasil;39;;GSA - E;4418;D016
32.0;199.93;7.5;11.81;1.0;16;30;;4;19;False;False;False;;72.38;8.55;;;9;Terminal 12A (COFCO);38;;GSA - E;4419;D016
48.0;300.0;10.8;9.5;2.0;17;0;;4;19;False;False;False;;19.92;1.62;;;9;Santos Brasil;32;;CGC;4420;D016
32.0;199.9;7.5;13.41;1.0;18;0;;4;19;False;False;False;;40.25;1.92;;;9;Elevações Portuárias;15;;GSA - E;4421;D016
48.0;333.95;13.7;11.5;2.0;20;40;;4;19;False;False;False;;22.23;1.9;;;9;Santos Brasil;32;;CGC;4422;D016
32.0;199.99;7.1;13.55;1.0;0;1;;5;20;False;False;False;;31.0;2.05;;;9;Elevações Portuárias;15;;GSA - E;4423;D016
32.0;199.99;8.17;8.1;1.0;0;1;;5;20;False;False;True;;15.5;4.33;;;9;TEV;45;;CGNC;4424;D016
36.0;236.32;8.6;7.7;2.0;2;15;;5;20;False;False;False;;2.78;0.72;;;9;Ecoporto;13;;RORO ;4425;D016
37.0;228.0;11.6;8.4;2.0;3;47;;5;20;False;False;False;;24.48;12.87;;;9;BTP;9;;CGC;4426;D016
32.0;229.0;7.65;12.37;1.0;4;12;;5;20;False;False;False;;79.58;0.47;;;9;Terminal Exportador do Guarujá (TEG);42;;GSA - E;4427;D016
48.0;333.2;10.2;9.6;2.0;4;40;;5;20;False;False;False;;16.15;1.8;;;9;BTP;9;;CGC;4428;D016
26.0;173.0;6.7;9.0;1.0;7;0;;5;20;False;False;False;;42.17;0.1;;;9;Citrosuco;10;;GL;4429;D016
48.0;330.03;13.5;11.9;2.0;7;18;;5;20;False;False;False;;13.22;2.9;;;9;Santos Brasil;32;;CGC;4430;D016
26.0;158.83;7.9;8.1;1.0;8;0;;5;20;False;False;False;;28.58;0;;;9;Ageo Terminais ;2;;GL;4431;D016
40.0;299.99;9.7;9.5;2.0;11;0;;5;20;False;False;False;;18.55;2.73;;;9;BTP;9;;CGC;4432;D016
40.0;272.05;9.3;11.3;2.0;12;45;;5;20;False;False;False;;23.38;2.03;;;9;TUP - DPW - CGC;51;;CGC;4433;D016
30.0;183.0;9.22;6.39;2.0;13;30;;5;20;False;False;False;;232.25;0.3;;;9;Nita;18;;GSA - I;4434;D016
42.0;270.06;12.7;10.5;2.0;13;30;;5;20;False;False;False;;20.72;1.75;;;9;TUP - DPW - CGC;51;;CGC;4435;D016
36.0;210.0;11.3;12.35;1.0;14;30;;5;20;False;False;False;;21.75;3.58;;;9;Bracell;8;;CGNC;4436;D016
38.0;249.97;12.1;10.5;2.0;16;30;;5;20;False;False;False;;14.12;1.77;;;9;BTP;9;;CGC;4437;D016
32.0;189.99;7.38;6.25;2.0;18;0;;5;20;False;False;False;;275.17;0;;;9;Outros - Cais do Macuco;25;;GSM - I;4438;D016
48.0;314.33;11.1;13.6;1.0;18;0;;5;20;False;False;False;;17.92;1.67;;;9;BTP;9;;CGC;4439;D016
36.0;236.32;7.7;8.87;1.0;20;40;;5;20;False;False;True;;5.68;1.25;;;9;TEV;45;;CGNC;4440;D016
33.0;201.8;8.1;9.7;1.0;23;20;;5;20;False;False;False;;30.8;1.67;;;9;TUP - DPW - CGNC;52;;CGNC;4441;D016
46.0;339.62;12.2;14.5;1.0;4;0;;6;21;False;False;False;;20.92;3.37;;;9;BTP;9;;CGC;4442;D016
32.0;199.97;8.18;8.63;1.0;4;0;;6;21;False;False;True;;18.0;0;;;9;TEV;45;;RORO ;4443;D016
32.0;225.0;6.94;13.57;1.0;6;0;;6;21;False;False;False;;59.08;0;;;9;Terminal XXXIX;44;;GSA - E;4444;D016
42.0;320.58;11.8;14.4;2.0;7;0;;6;21;False;False;False;;24.07;1.9;;;9;TUP - DPW - CGC;51;;CGC;4445;D016
46.0;299.9;11.3;14.2;2.0;7;8;;6;21;False;False;False;;22.27;1.7;;;9;BTP;9;;CGC;4446;D016
32.0;204.85;7.25;10.2;1.0;8;0;;6;21;False;False;False;;90.32;11.12;;;9;TUP - Cutrale - GL;49;;GL;4447;D016
28.0;174.38;7.8;10.3;1.0;8;15;;6;21;False;False;False;;69.83;2.77;;;9;Stolthaven;33;;GL;4448;D016
36.0;224.94;9.07;13.88;1.0;8;30;;6;21;False;False;False;;39.25;3.25;;;9;Elevações Portuárias;15;;GSA - E;4449;D016
48.0;333.2;13.0;11.7;2.0;9;50;;6;21;False;False;False;;19.47;1.85;;;9;TUP - DPW - CGC;51;;CGC;4450;D016
38.0;255.4;10.2;10.8;2.0;15;6;;6;21;False;False;False;;15.57;1.22;;;9;TUP - DPW - CGC;51;;CGC;4451;D016
32.0;229.0;7.0;13.31;1.0;16;0;;6;21;False;False;False;;57.08;4.67;;;9;Copersucar;12;;GSA - E;4452;D016
42.0;300.04;12.2;11.4;1.0;17;0;;6;21;False;False;False;;43.53;0.35;;;9;Santos Brasil;32;;CGNC;4453;D016
30.0;199.2;8.0;11.4;1.0;17;0;;6;21;False;False;False;;28.68;3.92;;;9;Eldorado (Rishis);14;;CGNC;4454;D016
30.0;181.0;9.1;6.35;2.0;17;24;;6;21;False;False;False;;62.58;2.05;;;9;Hidrovias do Brasil;16;;GSM - I;4455;D016
32.0;263.23;11.7;10.0;2.0;19;0;;6;21;False;False;False;;13.5;1.43;;;9;Santos Brasil;32;;CGC;4456;D016
43.0;272.0;12.0;13.5;2.0;20;6;;6;21;False;False;False;;14.37;1.92;;;9;BTP;9;;CGC;4457;D016
32.0;199.98;8.5;8.5;1.0;23;0;;6;21;False;False;True;;12.5;3.92;;;9;TEV;45;;CGNC;4458;D016
32.0;294.03;10.3;11.5;2.0;0;30;;0;22;False;False;False;;22.25;2.02;;;9;Santos Brasil;32;;CGC;4459;D016
32.0;199.98;10.3;6.6;2.0;0;50;;0;22;False;False;False;;86.87;8.88;;;9;TUP - Tiplam - GSM - I;57;;GSM - I;4460;D016
35.0;224.0;8.5;9.45;2.0;2;40;;0;22;False;False;False;;18.08;2.72;;;9;Santos Brasil;32;;CGC;4461;D016
32.0;199.99;8.41;8.93;1.0;3;15;;0;22;False;False;True;;13.87;5.43;;;9;TEV;45;;CGNC;4462;D016
28.0;179.95;10.05;9.97;1.0;3;45;;0;22;False;False;False;;25.47;8.25;;;9;Elevações Portuárias;15;;GSA - E;4463;D016
32.0;229.0;7.25;13.3;1.0;6;18;;0;22;False;False;False;;73.1;3.05;;;9;Terminal Exportador do Guarujá (TEG);42;;GSA - E;4464;D016
29.0;177.8;6.77;9.62;1.0;6;30;;0;22;False;False;False;;148.12;6.25;;;9;NST - CGNC;19;;GSA - E;4465;D016
32.0;229.0;7.8;12.36;1.0;7;30;;0;22;False;False;False;;69.78;0;;;9;Terminal XXXIX;44;;GSA - E;4466;D016
32.0;183.31;7.5;12.4;1.0;7;45;;0;22;False;False;False;;97.7;1.17;;;9;Transpetro;47;;GL;4467;D016
38.0;229.2;7.01;14.07;1.0;10;0;;0;22;False;False;False;;126.08;4.12;;;9;Elevações Portuárias;15;;GSA - E;4468;D016
33.0;177.9;7.9;8.0;1.0;10;20;;0;22;False;False;False;;122.83;0.17;;;9;TUP - Saipem;53;;CGNC;4469;D016
27.4;183.98;7.44;9.8;1.0;10;24;;0;22;False;False;False;;32.9;0.98;;;9;Transpetro;47;;GL;4470;D016
48.0;330.0;14.45;12.4;2.0;12;0;;0;22;False;False;False;;25.65;2.43;;;9;BTP;9;;CGC;4471;D016
32.0;183.0;11.4;7.6;2.0;12;48;;0;22;False;False;False;;110.8;0.33;;;9;Ageo Terminais ;2;;GL;4472;D016
32.0;182.98;8.8;11.0;1.0;13;40;;0;22;False;False;False;;82.33;0;;;9;Vopak;60;;GL;4473;D016
30.0;179.97;5.98;10.46;1.0;14;46;;0;22;False;False;False;;85.08;18.15;;;9;TUP - Tiplam - GSA - E;56;;GSA - E;4474;D016
36.0;229.0;6.84;13.68;1.0;15;0;;0;22;False;False;False;;63.75;3.55;;;9;Terminal de Granéis do Guarujá (TGG);40;;GSA - E;4475;D016
32.0;199.99;12.38;7.17;2.0;17;0;;0;22;False;False;False;;132.5;2.07;;;9;Hidrovias do Brasil;16;;GSM - I;4476;D016
30.0;218.45;11.65;11.6;2.0;17;30;;0;22;False;False;False;;16.07;3.78;;;9;Santos Brasil;32;;CGC;4477;D016
48.0;299.98;11.3;9.0;2.0;22;36;;0;22;False;False;False;;20.58;2.03;;;9;BTP;9;;CGC;4478;D016
32.0;204.85;8.3;10.4;1.0;6;0;;1;23;False;False;False;;96.28;0.03;;;9;Citrosuco;10;;GL;4479;D016
32.0;199.9;6.8;7.05;1.0;6;0;;1;23;False;False;False;;238.1;0.65;;;9;Temrinal de Exportação de Açúcar do Guarujá (TEAG);37;;GSA - E;4480;D016
37.0;256.07;10.5;9.3;2.0;8;12;;1;23;False;False;False;;21.13;2.7;;;9;TUP - DPW - CGC;51;;CGC;4481;D016
37.0;215.4;7.28;10.98;1.0;10;0;;1;23;False;False;False;;229.2;3.75;;;9;Bracell;8;;CGNC;4482;D016
32.0;199.98;13.3;8.38;2.0;10;0;;1;23;False;False;False;;131.67;5.25;;;9;TUP - Tiplam - GSM - I;57;;GSM - I;4483;D016
32.0;229.0;7.6;13.11;1.0;14;15;;1;23;False;False;False;;48.68;2.32;;;9;Terminal Exportador de Santos (TES);41;;GSA - E;4484;D016
30.0;208.85;10.0;10.6;2.0;16;0;;1;23;False;False;False;;18.97;1.47;;;9;Santos Brasil;32;;CGC;4485;D016
32.0;198.0;7.75;8.5;1.0;16;15;;1;23;False;False;True;;16.0;3.0;;;9;TEV;45;;CGNC;4486;D016
48.0;337.0;12.1;14.05;1.0;19;0;;1;23;False;False;False;;17.45;2.7;;;9;BTP;9;;CGC;4487;D016
30.0;180.0;6.23;9.83;1.0;20;18;;1;23;False;False;False;;52.55;0.75;;;9;Temrinal de Exportação de Açúcar do Guarujá (TEAG);37;;GSA - E;4488;D016
26.0;170.0;10.3;7.6;2.0;22;56;;1;23;False;False;False;;65.15;0;;;9;Ageo Terminais ;2;;GL;4489;D016
32.0;228.99;9.0;7.11;2.0;0;18;;2;24;False;False;False;;77.45;10.52;;;9;TUP - Tiplam - GSM - I;57;;GSM - I;4490;D016
32.0;228.99;14.2;9.0;2.0;1;0;;2;24;False;False;False;;87.08;2.38;;;9;Terminal Marítimo do Guarujá (Termag);43;;GSM - I;4491;D016
37.0;228.0;9.0;9.8;2.0;3;1;;2;24;False;False;False;;25.6;3.58;;;9;Santos Brasil;32;;CGC;4492;D016
48.0;333.95;11.4;13.4;2.0;3;55;;2;24;False;False;False;;36.95;4.53;;;9;Santos Brasil;32;;CGC;4493;D016
46.0;260.0;12.4;11.7;2.0;4;59;;2;24;False;False;False;;12.25;3.15;;;9;Santos Brasil;32;;CGC;4494;D016
46.0;339.6;14.0;12.45;2.0;8;42;;2;24;False;False;False;;26.35;3.48;;;9;TUP - DPW - CGC;51;;CGC;4495;D016
20.0;92.95;5.6;5.5;1.0;9;20;;2;24;False;False;False;;94.0;0.17;;;9;TUP - Saipem;53;;CGNC;4496;D016
28.0;186.35;9.5;10.0;1.0;10;30;;2;24;False;False;False;;8.75;1.65;;;9;BTP;9;;CGC;4497;D016
32.0;225.0;7.38;14.2;1.0;11;0;;2;24;False;False;False;;103.3;4.15;;;9;TUP - DPW - CGNC;52;;CGNC;4498;D016
40.04;275.0;12.6;13.7;1.0;13;30;;2;24;False;False;False;;33.0;1.92;;;9;Santos Brasil;32;;CGNC;4499;D016
32.0;189.99;7.18;12.5;1.0;14;30;;2;24;False;False;False;;56.08;1.03;;;9;Elevações Portuárias;15;;GSA - E;4500;D016
44.0;332.58;11.7;14.32;1.0;15;0;;2;24;False;False;False;;38.42;3.58;;;9;BTP;9;;CGC;4501;D016
19.0;87.9;5.1;5.5;1.0;15;20;;2;24;False;False;False;;65.17;0.17;;;9;TUP - Saipem;53;;CGNC;4502;D016
25.0;182.47;10.0;10.0;1.0;17;0;;2;24;False;False;False;;15.0;3.37;;;9;Santos Brasil;32;;CGC;4503;D016
32.0;199.99;12.1;7.01;2.0;17;48;;2;24;False;False;False;;247.48;2.8;;;9;TUP - Tiplam - GSM - I;57;;GSM - I;4504;D016
25.0;156.53;7.9;7.85;2.0;20;0;;2;24;False;False;False;;16.5;0;;;9;Ageo Terminais ;2;;GL;4505;D016
32.0;183.06;8.9;8.5;2.0;20;6;;2;24;False;False;False;;75.5;0;;;9;Stolthaven;33;;GL;4506;D016
37.0;254.73;9.6;10.0;1.0;22;9;;2;24;False;False;False;;22.12;1.85;;;9;TUP - DPW - CGC;51;;CGC;4507;D016
32.0;199.98;6.66;13.36;1.0;23;50;;2;24;False;False;False;;16.82;1.68;;;9;TUP - Tiplam - GSA - E;56;;GSA - E;4508;D016
28.0;179.95;9.67;7.63;2.0;0;24;;3;25;False;False;False;;29.58;8.83;;;9;TUP - Tiplam - GSM - I;57;;GSM - I;4509;D016
40.0;304.16;9.0;13.95;2.0;1;6;;3;25;False;False;False;;29.07;1.97;;;9;BTP;9;;CGC;4510;D016
32.0;199.0;8.3;9.45;1.0;6;13;;3;25;False;False;True;;14.5;1.7;;;9;TEV;45;;CGNC;4511;D016
28.0;181.72;7.9;8.1;1.0;6;56;;3;25;False;False;False;;8.32;0.85;;;9;TUP - DPW - CGC;51;;CGC;4512;D016
22.0;125.8;6.4;6.3;1.0;9;56;;3;25;False;False;False;;0.5;3.27;;;9;Ecoporto;13;;CGC;4513;D016
32.0;243.0;9.4;9.6;2.0;12;0;;3;25;False;False;False;;4.05;1.62;;;9;TUP - DPW - CGC;51;;CGC;4514;D016
28.0;168.06;7.95;8.4;1.0;15;0;;3;25;False;False;True;;11.0;4.22;;;9;TEV;45;;RORO ;4515;D016
26.0;170.0;7.25;9.8;1.0;16;0;;3;25;False;False;False;;52.68;12.23;;;9;TUP - Cutrale - GL;49;;GL;4516;D016
32.0;189.99;11.32;9.3;2.0;18;30;;3;25;False;False;False;;220.8;0;;;9;Outros - Cais do Macuco;25;;GSM - I;4517;D016
40.0;299.95;10.8;9.85;2.0;18;42;;3;25;False;False;False;;24.97;1.7;;;9;TUP - DPW - CGC;51;;CGC;4518;D016
32.0;183.1;10.0;9.95;2.0;22;55;;3;25;False;False;False;;33.65;0;;;9;Ageo Terminais ;2;;GL;4519;D016
40.0;277.32;11.1;12.8;1.0;3;0;;4;26;False;False;False;;13.05;1.37;;;9;BTP;9;;CGC;4520;D016
40.0;285.0;9.1;9.1;2.0;5;0;;4;26;False;False;False;;9.33;2.38;;;9;BTP;9;;CGC;4521;D016
32.0;199.97;8.25;9.05;1.0;6;36;;4;26;False;False;True;;14.32;4.05;;;9;TEV;45;;CGNC;4522;D016
37.0;227.97;11.1;9.2;1.0;7;0;;4;26;False;False;False;;13.57;1.43;;;9;TUP - DPW - CGC;51;;CGC;4523;D016
37.0;228.41;7.43;14.07;1.0;8;0;;4;26;False;False;False;;46.25;3.0;;;9;Elevações Portuárias;15;;GSA - E;4524;D016
0.0;225.0;10.4;13.44;1.0;11;30;;4;26;False;False;False;;26.17;0;;;9;T-Grão;46;;GSA - E;4525;D016
51.0;335.95;14.0;11.7;2.0;11;40;;4;26;False;False;False;;18.72;0.58;;;9;Santos Brasil;32;;CGC;4526;D016
28.0;186.4;8.05;6.37;2.0;12;0;;4;26;False;False;False;;135.45;0;;;9;Outros - Cais do Saboó;28;;GSM - I;4527;D016
32.0;243.0;9.6;10.9;2.0;12;30;;4;26;False;False;False;;15.63;1.7;;;9;Santos Brasil;32;;CGC;4528;D016
28.0;184.96;7.7;9.0;1.0;13;35;;4;26;False;False;False;;123.37;0;;;9;Ageo Terminais ;2;;GL;4529;D016
30.0;179.9;10.0;6.8;2.0;14;24;;4;26;False;False;False;;285.42;0;;;9;Outros - Cais do Saboó;28;;GSM - I;4530;D016
48.0;299.92;10.0;13.7;2.0;15;0;;4;26;False;False;False;;26.83;2.27;;;9;BTP;9;;CGC;4531;D016
32.0;227.8;12.2;8.6;2.0;17;12;;4;26;False;False;False;;178.0;2.92;;;9;Ageo Terminais ;2;;GL;4532;D016
28.0;179.87;8.4;7.0;2.0;17;30;;4;26;False;False;False;;15.9;4.4;;;9;TUP - Tiplam - GL;55;;GL;4533;D016
48.0;333.95;13.4;11.8;2.0;23;42;;4;26;False;False;False;;18.85;1.73;;;9;Santos Brasil;32;;CGC;4534;D016
44.0;299.95;12.0;10.9;2.0;2;34;;5;27;False;False;False;;22.8;2.08;;;9;Santos Brasil;32;;CGC;4535;D016
37.0;227.97;9.2;11.0;2.0;3;50;;5;27;False;False;False;;20.45;2.85;;;9;BTP;9;;CGC;4536;D016
48.0;300.0;10.3;13.6;1.0;4;30;;5;27;False;False;False;;30.3;1.78;;;9;BTP;9;;CGC;4537;D016
45.0;299.9;12.45;10.1;2.0;5;0;;5;27;False;False;False;;16.58;1.93;;;9;BTP;9;;CGC;4538;D016
40.0;299.97;12.4;13.4;2.0;6;0;;5;27;False;False;False;;20.75;2.57;;;9;Santos Brasil;32;;CGC;4539;D016
37.0;229.0;10.06;13.94;1.0;6;0;;5;27;False;False;False;;32.17;3.52;;;9;Elevações Portuárias;15;;GSA - E;4540;D016
27.0;165.2;7.8;7.7;2.0;8;0;;5;27;False;False;False;;19.42;2.12;;;9;TUP - Terminal Marítimo Dow;54;;GL;4541;D016
43.0;334.11;12.7;14.15;1.0;10;30;;5;27;False;False;False;;13.63;2.28;;;9;BTP;9;;CGC;4542;D016
40.0;272.05;11.8;12.85;2.0;10;48;;5;27;False;False;False;;19.48;1.32;;;9;TUP - DPW - CGC;51;;CGC;4543;D016
32.0;183.0;9.5;9.7;2.0;11;0;;5;27;False;False;False;;16.0;0.25;;;9;Ageo Terminais ;2;;GL;4544;D016
32.0;235.0;7.06;13.68;1.0;11;30;;5;27;False;False;False;;22.58;2.9;;;9;TUP - Tiplam - GSA - E;56;;GSA - E;4545;D016
32.0;183.06;10.8;9.0;2.0;12;30;;5;27;False;False;False;;65.0;0;;;9;Vopak;60;;GL;4546;D016
32.0;213.88;8.5;8.5;1.0;14;0;;5;27;False;False;False;;9.83;1.42;;;9;Ecoporto;13;;CGNC;4547;D016
30.0;189.99;6.65;10.76;1.0;14;24;;5;27;False;False;False;;41.07;2.58;;;9;Elevações Portuárias;15;;GSA - E;4548;D016
32.31;229.0;7.3;13.29;1.0;15;0;;5;27;False;False;False;;79.73;0.68;;;9;Terminal Exportador do Guarujá (TEG);42;;GSA - E;4549;D016
30.0;199.2;9.9;7.86;2.0;19;0;;5;27;False;False;False;;107.67;0;;;9;Outros - Cais do Macuco;25;;GSM - I;4550;D016
32.0;228.95;13.1;12.24;2.0;0;6;;6;28;False;False;False;;32.0;0.83;;;9;Hidrovias do Brasil;16;;GSM - I;4551;D016
32.0;229.0;7.22;12.61;1.0;2;4;;6;28;False;False;False;;56.3;2.73;;;9;Terminal ADM do Brasil;39;;GSA - E;4552;D016
32.0;199.94;11.7;8.06;2.0;3;20;;6;28;False;False;False;;54.12;2.92;;;9;Hidrovias do Brasil;16;;GSM - I;4553;D016
48.0;333.2;12.4;11.0;2.0;4;33;;6;28;False;False;False;;14.18;1.68;;;9;TUP - DPW - CGC;51;;CGC;4554;D016
29.0;189.99;10.6;8.25;2.0;4;45;;6;28;False;False;False;;233.58;0;;;9;Outros - Cais do Macuco;25;;GSM - I;4555;D016
45.0;299.9;11.0;14.2;2.0;8;15;;6;28;False;False;False;;20.37;1.82;;;9;BTP;9;;CGC;4556;D016
40.0;280.54;10.2;10.3;2.0;9;0;;6;28;False;False;False;;7.15;2.38;;;9;BTP;9;;CGC;4557;D016
40.0;293.18;12.2;8.6;1.0;9;0;;6;28;False;False;False;;15.62;1.35;;;9;TUP - DPW - CGC;51;;CGC;4558;D016
27.0;159.98;9.0;7.0;2.0;9;30;;6;28;False;False;False;;92.35;0;;;9;Ageo Terminais ;2;;GL;4559;D016
32.3;229.1;7.17;12.08;1.0;12;30;;6;28;False;False;False;;73.55;2.03;;;9;Temrinal de Exportação de Açúcar do Guarujá (TEAG);37;;GSA - E;4560;D016
30.0;197.2;9.7;8.9;2.0;13;6;;6;28;False;False;False;;32.52;1.93;;;9;Santos Brasil;32;;CGC;4561;D016
40.0;299.97;13.4;14.2;2.0;13;45;;6;28;False;False;False;;39.48;0.25;;;9;Santos Brasil;32;;CGC;4562;D016
32.0;229.0;7.6;13.19;1.0;14;54;;6;28;False;False;False;;42.0;2.25;;;9;Terminal Exportador de Santos (TES);41;;GSA - E;4563;D016
27.0;169.26;5.75;9.9;1.0;15;0;;6;28;False;False;False;;16.67;2.97;;;9;TUP - Tiplam - GSA - E;56;;GSA - E;4564;D016
35.0;199.91;8.3;8.4;2.0;15;0;;6;28;False;False;False;;23.7;1.78;;;9;Santos Brasil;32;;CGC;4565;D016
32.0;260.66;11.0;9.9;2.0;17;0;;6;28;False;False;False;;15.28;2.1;;;9;Santos Brasil;32;;CGC;4566;D016
26.0;170.0;7.6;8.0;2.0;17;30;;6;28;False;False;False;;11.75;0;;;9;Vopak;60;;GL;4567;D016
32.0;183.1;10.0;9.8;2.0;18;0;;6;28;False;False;False;;12.75;2.63;;;9;TUP - Terminal Marítimo Dow;54;;CGNC;4568;D016
32.0;186.07;8.45;8.0;2.0;19;30;;6;28;False;False;False;;56.33;0.5;;;9;Ageo Terminais ;2;;GL;4569;D016
32.0;229.0;9.23;13.32;1.0;20;12;;6;28;False;False;False;;48.95;1.03;;;9;TUP - Cutrale - GSA - E;50;;GSA - E;4570;D016
32.0;224.98;7.27;13.63;1.0;20;30;;6;28;False;False;False;;37.58;2.52;;;9;Terminal de Granéis do Guarujá (TGG);40;;GSA - E;4571;D016
32.0;294.12;11.35;12.65;2.0;21;50;;6;28;False;False;False;;15.7;1.27;;;9;TUP - DPW - CGC;51;;CGC;4572;D016
32.0;293.97;9.4;10.7;2.0;22;30;;6;28;False;False;False;;20.6;2.02;;;9;Santos Brasil;32;;CGC;4573;D016
32.0;229.0;7.23;13.3;1.0;23;0;;6;28;False;False;False;;210.32;0.4;;;9;Terminal Exportador do Guarujá (TEG);42;;GSA - E;4574;D016
48.0;299.98;12.2;13.9;2.0;0;6;;0;29;False;False;False;;13.22;2.12;;;9;BTP;9;;CGC;4575;D016
32.0;183.02;8.5;8.6;2.0;4;24;;0;29;False;False;False;;36.67;1.03;;;9;TUP - Terminal Marítimo Dow;54;;GL;4576;D016
32.0;183.02;10.35;8.5;2.0;4;48;;0;29;False;False;False;;39.83;0;;;9;Vopak;60;;GL;4577;D016
30.0;180.0;6.19;7.32;1.0;5;0;;0;29;False;False;False;;14.22;3.58;;;9;TUP - Tiplam - GSA - E;56;;GSA - E;4578;D016
35.0;224.0;10.05;11.35;1.0;5;45;;0;29;False;False;False;;9.95;1.88;;;9;Santos Brasil;32;;CGC;4579;D016
30.0;179.99;7.0;9.3;1.0;5;45;;0;29;False;False;False;;118.08;0.12;;;9;NST - GL;20;;GL;4580;D016
30.0;180.0;10.22;10.26;2.0;6;0;;0;29;False;False;False;;85.75;0.42;;;9;Outros - Cais do Saboó;28;;GSM - I;4581;D016
24.0;144.09;7.8;6.2;2.0;6;0;;0;29;False;False;False;;41.58;0;;;9;Ageo Terminais ;2;;GL;4582;D016
30.0;222.2;10.9;11.7;2.0;6;30;;0;29;False;False;False;;14.97;1.72;;;9;TUP - DPW - CGC;51;;CGC;4583;D016
27.0;199.8;11.1;11.1;1.0;8;0;;0;29;False;False;False;;14.02;5.13;;;9;Ecoporto;13;;RORO ;4584;D016
21.0;138.07;6.55;6.7;1.0;10;10;;0;29;False;False;False;;54.02;8.25;;;9;Ecoporto;13;;CGNC;4585;D016
38.0;229.93;7.6;13.34;1.0;12;30;;0;29;False;False;False;;57.97;2.32;;;9;Terminal ADM do Brasil;39;;GSA - E;4586;D016
25.0;156.53;7.85;7.35;2.0;13;0;;0;29;False;False;False;;25.5;3.25;;;9;Granel Química;61;;GL;4587;D016
32.0;199.99;7.21;13.53;1.0;14;0;;0;29;False;False;False;;25.42;1.67;;;9;Copersucar;12;;GSA - E;4588;D016
27.0;183.0;7.5;8.6;1.0;15;30;;0;29;False;False;False;;80.7;1.05;;;9;Transpetro;47;;GL;4589;D016
32.0;199.99;10.65;8.49;2.0;15;48;;0;29;False;False;False;;86.22;0;;;9;Outros - Cais do Saboó;28;;GSM - I;4590;D016
22.0;119.9;8.15;6.7;1.0;15;50;;0;29;False;False;False;;51.77;0;;;9;Ageo Terminais ;2;;GL;4591;D016
28.0;172.0;7.2;7.3;2.0;18;0;;0;29;False;False;False;;9.5;1.67;;;9;BTP;9;;CGC;4592;D016
32.0;199.98;9.0;13.43;1.0;18;30;;0;29;False;False;False;;31.33;2.33;;;9;Elevações Portuárias;15;;GSA - E;4593;D016
30.0;210.54;8.25;8.7;2.0;20;54;;0;29;False;False;False;;16.1;1.95;;;9;Santos Brasil;32;;CGC;4594;D016
31.0;212.54;10.5;12.2;2.0;23;0;;0;29;False;False;False;;18.15;1.58;;;9;Santos Brasil;32;;CGC;4595;D016
48.0;329.86;13.9;11.85;2.0;1;0;;1;30;False;False;False;;24.48;1.75;;;9;BTP;9;;RORO ;4596;D016
36.0;210.0;7.1;7.0;2.0;1;36;;1;30;False;False;False;;78.37;7.13;;;9;Ecoporto;13;;CGNC;4597;D016
32.0;228.99;7.27;13.34;1.0;5;24;;1;30;False;False;False;;35.53;1.3;;;9;Terminal de Granéis do Guarujá (TGG);40;;GSA - E;4598;D016
48.0;314.36;14.2;11.4;2.0;5;30;;1;30;False;False;False;;30.28;2.9;;;9;Santos Brasil;32;;RORO ;4599;D016
37.0;210.0;7.2;12.03;1.0;6;24;;1;30;False;False;False;;132.73;0;;;9;Terminal XXXIX;44;;GSA - E;4600;D016
48.0;299.95;11.2;9.3;2.0;9;0;;1;30;False;False;False;;27.58;2.05;;;9;BTP;9;;CGC;4601;D016
32.0;229.0;7.58;13.4;1.0;10;30;;1;30;False;False;False;;57.35;3.53;;;9;Terminal 12A (COFCO);38;;GSA - E;4602;D016
32.0;179.9;8.3;8.4;1.0;11;0;;1;30;False;False;True;;11.5;1.5;;;9;TEV;45;;CGNC;4603;D016
32.0;294.08;10.5;11.8;1.0;11;24;;1;30;False;False;False;;20.27;2.55;;;9;BTP;9;;CGC;4604;D016
42.0;300.07;11.8;8.4;2.0;13;0;;1;30;False;False;False;;29.98;1.97;;;9;BTP;9;;CGC;4605;D016
36.0;199.99;8.1;12.65;1.0;14;0;;1;30;False;False;False;;21.75;2.08;;;9;Elevações Portuárias;15;;GSA - E;4606;D016
32.0;229.0;7.1;13.3;1.0;14;12;;1;30;False;False;False;;52.5;2.55;;;9;Terminal Exportador de Santos (TES);41;;GSA - E;4607;D016
32.0;235.0;7.6;12.6;1.0;15;36;;1;30;False;False;False;;52.6;0;;;9;Terminal XXXIX;44;;GSA - E;4608;D016
48.0;299.18;10.6;12.5;1.0;15;43;;1;30;False;False;False;;12.9;2.48;;;9;BTP;9;;CGC;4609;D016
48.0;299.91;11.65;10.25;2.0;16;6;;1;30;False;False;False;;13.95;2.72;;;9;Santos Brasil;32;;CGC;4610;D016
32.0;228.99;7.37;14.01;1.0;16;55;;1;30;False;False;False;;57.42;0;;;9;T-Grão;46;;GSA - E;4611;D016
9.0;210.54;10.1;9.6;2.0;18;0;;1;30;False;False;False;;11.38;1.65;;;9;Santos Brasil;32;;CGC;4612;D016
36.0;209.99;7.05;13.75;1.0;22;0;;1;30;False;False;False;;74.62;2.78;;;9;TUP - DPW - CGNC;52;;CGNC;4613;D016
22.0;105.9;6.6;6.3;1.0;22;40;;1;30;False;False;False;;91.17;0.17;;;9;TUP - Saipem;53;;CGNC;4614;D016
32.0;199.9;12.2;6.62;2.0;23;30;;1;30;False;False;False;;155.2;2.17;;;9;TUP - Tiplam - GSM - I;57;;GSM - I;4615;D016
32.0;199.9;12.05;12.36;2.0;0;45;;2;1;False;False;False;;16.05;5.22;;;10;Terminal Marítimo do Guarujá (Termag);43;;GSM - I;4616;D016
32.0;201.8;8.0;13.3;1.0;3;30;;2;1;False;False;False;;151.42;0.17;;;10;Bracell;8;;CGNC;4617;D016
32.0;228.62;8.4;10.1;2.0;5;25;;2;1;False;False;False;;11.73;2.55;;;10;Santos Brasil;32;;CGC;4618;D016
45.0;249.99;9.0;10.3;1.0;6;0;;2;1;False;False;False;;56.0;1.58;;;10;Transpetro;47;;GL;4619;D016
27.0;158.98;9.5;6.0;2.0;7;0;;2;1;False;False;False;;52.12;0;;;10;Ageo Terminais ;2;;GL;4620;D016
32.0;224.94;7.3;8.66;1.0;7;55;;2;1;False;False;False;;39.98;5.3;;;10;Terminal 12A (COFCO);38;;GSA - E;4621;D016
32.0;183.1;9.8;9.1;2.0;8;0;;2;1;False;False;False;;71.0;0;;;10;Vopak;60;;GL;4622;D016
32.0;199.99;7.3;11.94;1.0;8;0;;2;1;False;False;False;;23.97;1.43;;;10;TUP - Cutrale - GSA - E;50;;GSA - E;4623;D016
48.0;300.0;12.35;14.25;1.0;10;54;;2;1;False;False;False;;32.82;4.28;;;10;BTP;9;;CGC;4624;D016
32.0;213.88;9.6;9.8;1.0;13;30;;2;1;False;False;False;;23.03;1.42;;;10;Ecoporto;13;;CGNC;4625;D016
40.0;293.18;9.4;9.4;2.0;14;0;;2;1;False;False;False;;8.68;2.07;;;10;Santos Brasil;32;;CGC;4626;D016
32.0;189.99;7.5;11.76;1.0;20;0;;2;1;False;False;False;;16.25;2.7;;;10;Elevações Portuárias;15;;GSA - E;4627;D016
51.0;335.9;11.0;14.2;1.0;20;54;;2;1;False;False;False;;35.12;2.22;;;10;Santos Brasil;32;;CGC;4628;D016
23.0;143.17;9.25;9.8;1.0;22;7;;2;1;False;False;False;;20.47;5.15;;;10;Ecoporto;13;;CGC;4629;D016
25.0;182.47;9.9;8.4;2.0;23;0;;2;1;False;False;False;;27.53;1.7;;;10;Santos Brasil;32;;CGC;4630;D016
40.0;278.94;11.6;13.7;2.0;0;3;;3;2;False;False;False;;35.53;1.85;;;10;Santos Brasil;32;;CGC;4631;D016
35.0;185.97;9.5;10.7;1.0;2;0;;3;2;False;False;False;;15.0;1.05;;;10;TUP - DPW - CGC;51;;CGC;4632;D016
51.0;336.0;14.1;11.3;2.0;3;0;;3;2;False;False;False;;16.9;1.75;;;10;Santos Brasil;32;;CGC;4633;D016
32.0;258.89;9.3;9.0;2.0;6;0;;3;2;False;False;False;;6.58;1.58;;;10;Santos Brasil;32;;CGC;4634;D016
32.0;225.0;7.0;13.37;1.0;7;0;;3;2;False;False;False;;118.83;3.45;;;10;Elevações Portuárias;15;;GSA - E;4635;D016
36.0;199.99;7.0;12.86;1.0;8;0;;3;2;False;False;False;;38.58;2.83;;;10;Elevações Portuárias;15;;GSA - E;4636;D016
28.0;186.4;9.8;8.1;2.0;8;0;;3;2;False;False;False;;189.75;0;;;10;Outros - Cais do Macuco;25;;GSM - I;4637;D016
32.0;183.1;7.4;8.0;2.0;9;0;;3;2;False;False;False;;14.17;38.0;;;10;Adonai Química;1;;GL;4638;D016
32.0;183.2;7.8;9.6;1.0;9;30;;3;2;False;False;False;;26.4;4.6;;;10;Transpetro;47;;GL;4639;D016
32.0;199.99;11.1;9.2;2.0;14;0;;3;2;False;False;False;;214.58;0;;;10;Outros - Cais do Macuco;25;;GSM - I;4640;D016
37.0;254.87;9.4;9.4;1.0;17;30;;3;2;False;False;False;;13.85;1.9;;;10;TUP - DPW - CGC;51;;CGC;4641;D016
28.0;183.2;8.0;8.9;1.0;18;0;;3;2;False;False;False;;20.1;1.55;;;10;Transpetro;47;;GL;4642;D016
32.0;229.0;7.5;12.81;1.0;1;18;;4;3;False;False;False;;52.22;0;;;10;Terminal XXXIX;44;;GSA - E;4643;D016
38.0;249.97;10.6;12.9;1.0;1;30;;4;3;False;False;False;;15.2;2.93;;;10;BTP;9;;CGC;4644;D016
32.0;229.0;7.26;14.22;1.0;2;10;;4;3;False;False;False;;190.5;6.13;;;10;Terminal 12A (COFCO);38;;GSA - E;4645;D016
44.0;299.95;12.6;13.8;2.0;3;27;;4;3;False;False;False;;11.15;1.88;;;10;BTP;9;;CGC;4646;D016
38.0;227.95;10.3;9.6;1.0;5;0;;4;3;False;False;False;;14.28;2.6;;;10;TUP - DPW - CGC;51;;CGC;4647;D016
40.0;182.9;7.4;9.0;1.0;5;54;;4;3;False;False;False;;36.3;0.93;;;10;Transpetro;47;;GL;4648;D016
37.0;228.41;8.4;13.9;1.0;9;0;;4;3;False;False;False;;38.47;1.67;;;10;Copersucar;12;;GSA - E;4649;D016
32.0;263.23;9.9;12.3;1.0;11;24;;4;3;False;False;False;;10.6;1.43;;;10;Santos Brasil;32;;CGC;4650;D016
32.0;224.98;7.15;13.81;1.0;11;45;;4;3;False;False;False;;44.42;3.28;;;10;Terminal de Granéis do Guarujá (TGG);40;;GSA - E;4651;D016
36.0;210.0;9.3;8.5;2.0;13;30;;4;3;False;False;False;;80.52;6.67;;;10;Ecoporto;13;;CGNC;4652;D016
46.0;260.0;9.3;13.7;1.0;14;0;;4;3;False;False;False;;24.45;4.2;;;10;BTP;9;;CGC;4653;D016
27.0;170.0;8.3;7.15;2.0;15;0;;4;3;False;False;False;;44.75;3.75;;;10;Ultracargo;59;;GL;4654;D016
45.0;299.9;12.6;10.9;2.0;17;0;;4;3;False;False;False;;18.42;2.02;;;10;Santos Brasil;32;;CGC;4655;D016
32.0;199.97;9.24;9.3;1.0;18;30;;4;3;False;False;True;;2.5;4.25;;;10;TEV;45;;CGNC;4656;D016
14.0;59.25;4.0;3.8;1.0;20;0;;4;3;False;False;False;;5.67;0.08;;;10;TUP - Saipem;53;;CGNC;4657;D016
32.0;199.99;7.08;13.24;1.0;21;41;;4;3;False;False;False;;44.37;5.3;;;10;TUP - Tiplam - GSA - E;56;;GSA - E;4658;D016
42.0;300.07;9.5;10.5;2.0;21;42;;4;3;False;False;False;;13.87;2.02;;;10;BTP;9;;CGC;4659;D016
32.0;225.0;6.5;13.56;1.0;21;45;;4;3;False;False;False;;89.4;4.35;;;10;Terminal ADM do Brasil;39;;GSA - E;4660;D016
32.0;228.99;6.56;13.23;1.0;22;12;;4;3;False;False;False;;69.05;2.32;;;10;Terminal ADM do Brasil;39;;GSA - E;4661;D016
48.0;333.96;14.0;14.0;2.0;0;12;;5;4;False;False;False;;9.4;2.22;;;10;Santos Brasil;32;;CGC;4662;D016
45.0;299.9;12.1;10.7;2.0;1;45;;5;4;False;False;False;;16.73;1.77;;;10;BTP;9;;CGC;4663;D016
32.31;193.07;6.24;12.9;1.0;2;24;;5;4;False;False;False;;97.92;0.45;;;10;Temrinal de Exportação de Açúcar do Guarujá (TEAG);37;;GSA - E;4664;D016
37.0;256.07;9.5;11.1;3.0;4;0;;5;4;False;False;False;;16.97;1.5;;;10;TUP - DPW - CGC;51;;CGC;4665;D016
43.0;272.25;13.1;14.1;2.0;5;34;;5;4;False;False;False;;81.95;1.63;;;10;Santos Brasil;32;;CGC;4666;D016
36.0;225.0;8.1;9.2;1.0;5;45;;5;4;False;False;False;;46.2;4.38;;;10;Suzano (T-32);35;;CGNC;4667;D016
36.0;225.0;9.2;13.8;1.0;5;48;;5;4;False;False;False;;117.92;2.08;;;10;TUP - DPW - CGNC;52;;CGNC;4668;D016
32.0;229.0;7.2;13.85;1.0;6;30;;5;4;False;False;False;;111.2;1.92;;;10;Copersucar;12;;GSA - E;4669;D016
32.0;224.94;8.66;13.72;1.0;13;30;;5;4;False;False;False;;19.0;2.58;;;10;Elevações Portuárias;15;;GSA - E;4670;D016
40.0;306.0;10.4;9.5;1.0;14;0;;5;4;False;False;False;;12.25;1.98;;;10;TUP - DPW - CGC;51;;CGC;4671;D016
30.0;179.99;6.8;6.45;2.0;14;5;;5;4;False;False;False;;3.42;3.83;;;10;Outros - Cais do Saboó;28;;GSM - I;4672;D016
27.4;183.98;7.75;9.7;1.0;15;0;;5;4;False;False;False;;31.7;1.13;;;10;Transpetro;47;;GL;4673;D016
32.0;259.8;11.0;10.0;2.0;17;0;;5;4;False;False;False;;16.52;1.53;;;10;Santos Brasil;32;;CGC;4674;D016
38.0;227.95;9.9;11.2;2.0;21;30;;5;4;False;False;False;;16.73;1.83;;;10;BTP;9;;CGC;4675;D016
32.0;225.0;6.32;13.4;1.0;0;30;;6;5;False;False;False;;61.75;0;;;10;T-Grão;46;;GSA - E;4676;D016
32.0;224.94;6.75;13.25;1.0;0;30;;6;5;False;False;False;;115.72;3.83;;;10;Terminal ADM do Brasil;39;;GSA - E;4677;D016
48.0;314.31;11.1;14.4;1.0;4;0;;6;5;False;False;False;;31.6;2.32;;;10;BTP;9;;CGC;4678;D016
32.0;228.9;7.58;13.3;1.0;5;0;;6;5;False;False;False;;148.23;0.75;;;10;Terminal Exportador do Guarujá (TEG);42;;GSA - E;4679;D016
32.0;229.0;7.13;12.18;1.0;5;0;;6;5;False;False;False;;130.8;2.97;;;10;Terminal ADM do Brasil;39;;GSA - E;4680;D016
48.0;333.2;11.2;14.4;1.0;5;45;;6;5;False;False;False;;21.37;1.83;;;10;BTP;9;;CGC;4681;D016
29.43;175.53;9.82;6.0;2.0;7;0;;6;5;False;False;False;;234.75;0;;;10;Outros - Cais do Macuco;25;;GSM - I;4682;D016
27.0;165.17;7.3;6.9;2.0;7;45;;6;5;False;False;False;;26.75;0;;;10;Ageo Terminais ;2;;GL;4683;D016
33.0;229.0;7.3;13.2;1.0;10;0;;6;5;False;False;False;;61.67;2.05;;;10;TUP - Tiplam - GSA - E;56;;GSA - E;4684;D016
35.0;223.98;9.1;9.2;2.0;10;35;;6;5;False;False;False;;17.3;3.53;;;10;Santos Brasil;32;;CGC;4685;D016
32.0;199.98;6.95;12.82;1.0;12;0;;6;5;False;False;False;;86.42;38.3;;;10;Terminal Exportador de Santos (TES);41;;GSA - E;4686;D016
32.0;229.0;8.21;13.4;1.0;12;12;;6;5;False;False;False;;76.33;2.42;;;10;Elevações Portuárias;15;;GSA - E;4687;D016
32.0;228.99;6.85;13.93;1.0;14;0;;6;5;False;False;False;;31.58;2.53;;;10;Terminal de Granéis do Guarujá (TGG);40;;GSA - E;4688;D016
32.0;183.06;9.0;8.0;2.0;14;40;;6;5;False;False;False;;44.42;3.08;;;10;Adonai Química;1;;GL;4689;D016
32.0;225.0;8.35;13.45;1.0;15;0;;6;5;False;False;False;;37.67;3.25;;;10;Elevações Portuárias;15;;GSA - E;4690;D016
35.0;266.65;10.55;10.8;1.0;16;18;;6;5;False;False;False;;25.77;2.35;;;10;TUP - DPW - CGC;51;;CGC;4691;D016
32.0;199.99;9.55;7.85;2.0;16;30;;6;5;False;False;False;;85.87;3.7;;;10;TUP - Tiplam - GSM - I;57;;GSM - I;4692;D016
30.0;180.0;6.2;9.87;1.0;17;18;;6;5;False;False;False;;45.55;2.55;;;10;Elevações Portuárias;15;;GSA - E;4693;D016
37.0;228.0;9.6;11.0;2.0;20;12;;6;5;False;False;False;;22.77;1.38;;;10;Santos Brasil;32;;CGC;4694;D016
42.0;270.06;11.6;14.3;1.0;20;54;;6;5;False;False;False;;24.75;1.33;;;10;TUP - DPW - CGC;51;;CGC;4695;D016
48.0;333.2;14.4;11.8;2.0;23;0;;6;5;False;False;False;;20.88;2.02;;;10;TUP - DPW - CGC;51;;CGC;4696;D016
35.0;185.96;8.0;9.4;2.0;0;10;;0;6;False;False;False;;38.13;1.53;;;10;Santos Brasil;32;;CGC;4697;D016
32.0;229.0;7.3;13.5;1.0;0;41;;0;6;False;False;False;;117.02;14.0;;;10;TUP - Tiplam - GSA - E;56;;GSA - E;4698;D016
32.29;199.98;11.7;6.62;2.0;0;42;;0;6;False;False;False;;217.67;0;;;10;Outros - Cais do Macuco;25;;GSM - I;4699;D016
48.0;333.96;14.0;11.9;2.0;3;30;;0;6;False;False;False;;17.12;2.7;;;10;Santos Brasil;32;;CGC;4700;D016
32.0;189.99;6.1;12.33;1.0;6;45;;0;6;False;False;False;;121.67;3.33;;;10;Terminal 12A (COFCO);38;;GSA - E;4701;D016
33.0;199.9;11.7;10.94;1.0;6;52;;0;6;False;False;False;;20.63;2.12;;;10;Eldorado (Rishis);14;;CGNC;4702;D016
32.29;199.98;6.74;11.56;1.0;7;25;;0;6;False;False;False;;51.03;2.05;;;10;Temrinal de Exportação de Açúcar do Guarujá (TEAG);37;;GSA - E;4703;D016
32.0;229.0;7.03;13.56;1.0;9;30;;0;6;False;False;False;;45.53;3.42;;;10;Terminal 12A (COFCO);38;;GSA - E;4704;D016
32.0;214.0;8.4;8.8;2.0;11;0;;0;6;False;False;False;;10.1;3.37;;;10;Ecoporto;13;;CGNC;4705;D016
23.0;148.39;6.7;6.7;2.0;11;23;;0;6;False;False;False;;2.6;4.53;;;10;TUP - DPW - CGC;51;;RORO ;4706;D016
32.0;199.97;8.05;8.4;1.0;11;40;;0;6;False;False;True;;8.58;6.97;;;10;TEV;45;;CGNC;4707;D016
32.0;188.64;12.35;8.2;2.0;14;24;;0;6;False;False;False;;65.5;9.67;;;10;Hidrovias do Brasil;16;;GSM - I;4708;D016
30.0;208.85;11.6;11.7;2.0;14;55;;0;6;False;False;False;;16.93;2.65;;;10;Santos Brasil;32;;CGC;4709;D016
32.0;189.99;6.6;12.75;1.0;15;0;;0;6;False;False;False;;105.7;5.6;;;10;TUP - Tiplam - GSA - E;56;;GSA - E;4710;D016
32.0;225.0;7.4;10.3;1.0;15;0;;0;6;False;False;False;;111.75;0;;;10;T-Grão;46;;GSA - E;4711;D016
32.0;229.0;7.53;13.37;1.0;15;0;;0;6;False;False;False;;41.52;2.98;;;10;Terminal Exportador de Santos (TES);41;;GSA - E;4712;D016
32.0;199.97;8.1;9.1;1.0;15;30;;0;6;False;False;True;;24.0;2.67;;;10;TEV;45;;RORO ;4713;D016
27.0;179.53;9.0;7.3;2.0;17;0;;0;6;False;False;False;;38.17;0;;;10;Vopak;60;;GL;4714;D016
27.0;165.2;8.2;7.7;2.0;22;30;;0;6;False;False;False;;28.78;3.42;;;10;TUP - Terminal Marítimo Dow;54;;GL;4715;D016
30.0;222.15;10.5;11.75;2.0;22;45;;0;6;False;False;False;;16.0;1.93;;;10;Santos Brasil;32;;CGC;4716;D016
36.0;236.3;8.3;8.4;2.0;0;40;;1;7;False;False;False;;34.75;2.13;;;10;Ecoporto;13;;CGNC;4717;D016
32.0;199.98;7.25;9.65;1.0;2;45;;1;7;False;False;False;;17.28;3.13;;;10;TUP - Tiplam - GSA - E;56;;GSA - E;4718;D016
32.0;225.0;6.33;13.19;1.0;5;6;;1;7;False;False;False;;56.72;1.62;;;10;Copersucar;12;;GSA - E;4719;D016
48.0;333.95;11.4;13.9;2.0;7;0;;1;7;False;False;False;;27.72;1.63;;;10;Santos Brasil;32;;CGC;4720;D016
49.0;299.93;11.6;10.6;2.0;7;30;;1;7;False;False;False;;15.13;2.38;;;10;Santos Brasil;32;;CGC;4721;D016
26.0;170.0;7.1;8.5;1.0;8;0;;1;7;False;False;False;;38.02;11.03;;;10;TUP - Cutrale - GL;49;;GL;4722;D016
32.0;228.99;7.25;13.59;1.0;10;0;;1;7;False;False;False;;63.78;25.59;;;10;Terminal de Granéis do Guarujá (TGG);40;;GSA - E;4723;D016
28.0;179.87;10.1;9.4;1.0;11;36;;1;7;False;False;False;;26.9;10.18;;;10;Transpetro;47;;GL;4724;D016
32.0;229.0;9.12;13.48;1.0;15;0;;1;7;False;False;False;;91.75;2.75;;;10;Elevações Portuárias;15;;GSA - E;4725;D016
30.0;218.45;9.5;8.0;2.0;16;0;;1;7;False;False;False;;19.22;1.68;;;10;Santos Brasil;32;;CGC;4726;D016
31.0;190.0;11.2;12.3;1.0;16;30;;1;7;False;False;False;;21.57;17.62;;;10;TUP - DPW - CGNC;52;;CGNC;4727;D016
40.0;299.99;11.4;12.7;2.0;16;30;;1;7;False;False;False;;13.5;1.48;;;10;BTP;9;;CGC;4728;D016
48.0;299.88;10.6;14.0;2.0;17;57;;1;7;False;False;False;;20.37;8.77;;;10;BTP;9;;CGC;4729;D016
31.0;182.94;11.7;10.94;2.0;18;12;;1;7;False;False;False;;76.25;1.8;;;10;TUP - Tiplam - GSM - I;57;;GSM - I;4730;D016
34.0;185.97;9.8;9.0;2.0;5;0;;2;8;False;False;False;;24.67;2.13;;;10;Santos Brasil;32;;CGC;4731;D016
40.0;293.18;11.3;13.6;1.0;8;0;;2;8;False;False;False;;33.57;1.97;;;10;Santos Brasil;32;;CGC;4732;D016
46.0;339.6;12.1;12.3;1.0;9;24;;2;8;False;False;False;;15.93;1.48;;;10;TUP - DPW - CGC;51;;CGC;4733;D016
30.04;179.99;10.0;5.8;2.0;9;30;;2;8;False;False;False;;257.33;0;;;10;Outros - Cais do Saboó;28;;GSM - I;4734;D016
30.0;210.54;9.25;8.6;2.0;10;30;;2;8;False;False;False;;17.9;2.92;;;10;Santos Brasil;32;;CGC;4735;D016
28.0;186.35;9.4;9.8;2.0;12;30;;2;8;False;False;False;;10.57;1.3;;;10;BTP;9;;CGC;4736;D016
34.0;201.9;8.19;13.2;1.0;13;42;;2;8;False;False;False;;93.87;1.27;;;10;TUP - DPW - CGNC;52;;CGNC;4737;D016
27.0;158.98;6.0;9.0;2.0;19;57;;2;8;False;False;False;;65.82;0;;;10;Vopak;60;;GL;4738;D016
32.0;183.0;7.5;9.7;1.0;20;54;;2;8;False;False;False;;73.8;2.4;;;10;Transpetro;47;;GL;4739;D016
18.0;119.9;4.4;7.5;1.0;21;30;;2;8;False;False;True;;6.0;2.25;;;10;TEV;45;;RORO ;4740;D016
32.31;228.98;7.6;14.2;1.0;22;0;;2;8;False;False;False;;89.9;5.73;;;10;Terminal 12A (COFCO);38;;GSA - E;4741;D016
37.0;255.0;11.2;11.0;2.0;22;0;;2;8;False;False;False;;14.2;1.98;;;10;TUP - DPW - CGC;51;;CGC;4742;D016
25.0;182.47;10.0;8.0;2.0;22;15;;2;8;False;False;False;;24.12;2.35;;;10;Santos Brasil;32;;CGC;4743;D016
46.0;335.0;14.0;10.7;2.0;23;30;;2;8;False;False;False;;21.18;2.63;;;10;BTP;9;;CGC;4744;D016
28.0;179.99;7.6;6.27;2.0;2;12;;3;9;False;False;False;;19.73;1.7;;;10;TUP - Tiplam - GSM - I;57;;GSM - I;4745;D016
32.0;243.35;9.8;11.3;1.0;3;12;;3;9;False;False;False;;20.12;1.7;;;10;TUP - DPW - CGC;51;;CGC;4746;D016
37.0;228.41;14.2;7.31;2.0;5;24;;3;9;False;False;False;;134.72;5.3;;;10;Terminal Marítimo do Guarujá (Termag);43;;GSM - I;4747;D016
28.55;189.99;9.82;6.58;2.0;8;0;;3;9;False;False;False;;58.42;4.67;;;10;TUP - Tiplam - GSM - I;57;;GSM - I;4748;D016
32.0;228.99;7.34;13.4;1.0;8;0;;3;9;False;False;False;;33.68;1.43;;;10;Terminal de Granéis do Guarujá (TGG);40;;GSA - E;4749;D016
51.0;335.93;14.0;11.9;2.0;11;24;;3;9;False;False;False;;22.47;2.2;;;10;Santos Brasil;32;;CGC;4750;D016
36.0;236.3;8.4;8.06;1.0;12;23;;3;9;False;False;True;;4.33;0.93;;;10;TEV;45;;RORO ;4751;D016
28.0;184.96;9.0;11.15;1.0;16;0;;3;9;False;False;False;;54.42;4.58;;;10;Ultracargo;59;;GL;4752;D016
32.0;183.06;12.2;8.7;2.0;16;30;;3;9;False;False;False;;57.48;0;;;10;Ageo Terminais ;2;;GL;4753;D016
40.0;284.71;11.0;9.4;2.0;17;54;;3;9;False;False;False;;21.57;1.72;;;10;TUP - DPW - CGC;51;;CGC;4754;D016
48.0;330.08;12.15;14.4;1.0;18;0;;3;9;False;False;False;;45.33;2.32;;;10;BTP;9;;CGC;4755;D016
32.0;183.0;8.65;8.2;2.0;19;29;;3;9;False;False;False;;30.08;0.25;;;10;Ageo Terminais ;2;;GL;4756;D016
32.0;260.66;8.8;12.1;1.0;23;18;;3;9;False;False;False;;19.73;3.37;;;10;Santos Brasil;32;;CGC;4757;D016
48.0;299.79;10.7;9.5;2.0;4;0;;4;10;False;False;False;;13.33;1.78;;;10;BTP;9;;CGC;4758;D016
32.3;189.9;10.59;9.5;2.0;8;0;;4;10;False;False;False;;156.85;0;;;10;Outros - Cais do Macuco;25;;GSM - I;4759;D016
45.0;299.9;12.35;14.2;2.0;12;30;;4;10;False;False;False;;11.7;1.67;;;10;BTP;9;;CGC;4760;D016
30.0;181.1;6.38;10.07;1.0;13;30;;4;10;False;False;False;;18.47;1.25;;;10;Copersucar;12;;GSA - E;4761;D016
32.0;199.98;6.8;13.3;1.0;13;30;;4;10;False;False;False;;55.08;0.42;;;10;Terminal Exportador do Guarujá (TEG);42;;GSA - E;4762;D016
49.0;299.87;12.5;11.8;2.0;14;0;;4;10;False;False;False;;10.95;1.43;;;10;Santos Brasil;32;;CGC;4763;D016
32.0;190.0;13.0;13.0;2.0;20;25;;4;10;False;False;False;;9.1;0.58;;;10;Hidrovias do Brasil;16;;GSM - I;4764;D016
45.0;335.0;12.1;13.6;1.0;22;54;;4;10;False;False;False;;22.0;2.65;;;10;BTP;9;;CGC;4765;D016
32.0;199.99;7.15;13.4;1.0;23;36;;4;10;False;False;False;;85.73;0.42;;;10;Temrinal de Exportação de Açúcar do Guarujá (TEAG);37;;GSA - E;4766;D016
28.0;179.9;10.15;5.59;2.0;0;27;;5;11;False;False;False;;125.3;9.37;;;10;Moinho Santista (Bunge);17;;GSA - I;4767;D016
32.0;228.99;7.25;13.15;1.0;1;0;;5;11;False;False;False;;88.33;0;;;10;Terminal XXXIX;44;;GSA - E;4768;D016
32.31;199.9;7.5;12.89;1.0;5;0;;5;11;False;False;False;;44.17;2.97;;;10;TUP - Tiplam - GSA - E;56;;GSA - E;4769;D016
48.0;333.18;11.45;10.0;2.0;5;0;;5;11;False;False;False;;16.73;2.43;;;10;BTP;9;;CGC;4770;D016
40.0;254.95;10.4;12.9;2.0;8;0;;5;11;False;False;False;;12.52;2.55;;;10;TUP - DPW - CGC;51;;CGC;4771;D016
32.0;182.5;7.5;8.9;1.0;8;0;;5;11;False;False;False;;28.4;1.5;;;10;Transpetro;47;;GL;4772;D016
38.0;255.17;11.4;12.0;2.0;9;24;;5;11;False;False;False;;17.68;1.52;;;10;BTP;9;;CGC;4773;D016
43.0;299.9;12.8;13.45;2.0;11;36;;5;11;False;False;False;;82.52;2.08;;;10;Santos Brasil;32;;CGC;4774;D016
32.0;199.9;7.05;13.0;1.0;12;28;;5;11;False;False;False;;18.75;1.8;;;10;Elevações Portuárias;15;;GSA - E;4775;D016
32.0;201.8;13.25;13.3;1.0;14;15;;5;11;False;False;False;;20.02;0.43;;;10;Bracell;8;;CGNC;4776;D016
24.0;144.09;7.05;6.6;2.0;14;20;;5;11;False;False;False;;9.5;1.42;;;10;TUP - Terminal Marítimo Dow;54;;GL;4777;D016
37.0;249.12;12.1;11.9;2.0;14;30;;5;11;False;False;False;;22.77;2.87;;;10;BTP;9;;CGC;4778;D016
24.0;144.09;8.0;7.05;2.0;14;35;;5;11;False;False;False;;32.25;0;;;10;Ageo Terminais ;2;;GL;4779;D016
32.0;199.99;7.17;13.52;1.0;18;0;;5;11;False;False;False;;67.17;2.1;;;10;TUP - Tiplam - GSA - E;56;;GSA - E;4780;D016
32.0;189.93;12.2;8.7;1.0;18;30;;5;11;False;False;False;;18.92;3.47;;;10;TUP - Tiplam - GSA - E;56;;GSA - E;4781;D016
32.0;201.8;10.8;13.45;1.0;18;54;;5;11;False;False;False;;30.9;0.65;;;10;TUP - DPW - CGNC;52;;CGNC;4782;D016
32.0;201.8;9.47;11.3;1.0;18;54;;5;11;False;False;False;;10.88;0;;;10;Bracell;8;;CGNC;4783;D016
48.0;333.9;13.6;11.7;2.0;20;9;;5;11;False;False;False;;20.15;1.1;;;10;Santos Brasil;32;;CGC;4784;D016
27.0;168.0;9.5;8.6;2.0;20;37;;5;11;False;False;False;;18.5;4.3;;;10;Ecoporto;13;;CGC;4785;D016
46.0;335.0;12.9;10.4;2.0;20;40;;5;11;False;False;False;;19.05;2.75;;;10;TUP - DPW - CGC;51;;CGC;4786;D016
32.0;225.0;9.41;8.91;2.0;21;39;;5;11;False;False;False;;8.6;10.1;;;10;Ecoporto;13;;RORO ;4787;D016
32.0;225.0;7.3;13.45;1.0;1;18;;6;12;False;False;False;;100.67;5.17;;;10;Bracell;8;;CGNC;4788;D016
40.0;299.95;10.9;11.55;1.0;3;0;;6;12;False;False;False;;19.6;1.98;;;10;TUP - DPW - CGC;51;;CGC;4789;D016
36.0;200.0;9.2;10.4;2.0;4;42;;6;12;False;False;False;;12.52;1.43;;;10;Santos Brasil;32;;CGC;4790;D016
40.0;182.9;7.5;9.5;1.0;5;24;;6;12;False;False;False;;38.8;2.45;;;10;Transpetro;47;;GL;4791;D016
32.0;199.95;8.59;8.64;1.0;6;0;;6;12;False;False;True;;10.0;5.77;;;10;TEV;45;;CGNC;4792;D016
48.0;328.46;14.4;12.6;2.0;6;12;;6;12;False;False;False;;30.43;1.68;;;10;BTP;9;;RORO ;4793;D016
48.0;331.1;13.3;11.2;1.0;6;54;;6;12;False;False;False;;20.67;1.65;;;10;TUP - DPW - CGC;51;;CGC;4794;D016
28.0;198.0;8.1;7.8;1.0;8;12;;6;12;False;False;False;;12.6;3.78;;;10;TUP - DPW - CGC;51;;CGC;4795;D016
51.0;336.0;10.1;14.4;1.0;9;30;;6;12;False;False;False;;42.42;5.15;;;10;Santos Brasil;32;;CGC;4796;D016
32.0;199.9;7.37;13.2;1.0;10;18;;6;12;False;False;False;;32.67;3.0;;;10;Elevações Portuárias;15;;GSA - E;4797;D016
32.31;228.9;8.0;11.57;1.0;11;50;;6;12;False;False;False;;110.27;8.25;;;10;Terminal Exportador de Santos (TES);41;;GSA - E;4798;D016
36.0;266.65;10.0;9.1;2.0;14;0;;6;12;False;False;False;;12.65;1.67;;;10;Santos Brasil;32;;CGC;4799;D016
32.0;229.07;7.3;13.39;1.0;14;10;;6;12;False;False;False;;73.52;4.43;;;10;Terminal de Granéis do Guarujá (TGG);40;;GSA - E;4800;D016
45.0;299.9;11.85;14.2;1.0;17;0;;6;12;False;False;False;;30.07;7.43;;;10;BTP;9;;CGC;4801;D016
37.0;255.0;10.8;11.35;1.0;18;0;;6;12;False;False;False;;13.17;1.65;;;10;TUP - DPW - CGC;51;;CGC;4802;D016
35.05;228.9;12.41;7.4;2.0;19;6;;6;12;False;False;False;;147.6;4.6;;;10;Terminal Marítimo do Guarujá (Termag);43;;GSM - I;4803;D016
32.0;199.98;9.65;13.51;1.0;22;52;;6;12;False;False;False;;73.1;5.47;;;10;Terminal 12A (COFCO);38;;GSA - E;4804;D016
48.0;299.91;11.7;14.3;1.0;23;54;;6;12;False;False;False;;19.63;1.63;;;10;BTP;9;;CGC;4805;D016
35.0;199.91;9.0;7.5;2.0;0;53;;0;13;False;False;False;;24.52;1.63;;;10;Santos Brasil;32;;CGC;4806;D016
32.0;201.8;11.3;10.8;1.0;5;35;;0;13;False;False;False;;8.47;1.42;;;10;Eldorado (Rishis);14;;CGNC;4807;D016
32.0;229.0;7.11;13.29;1.0;6;36;;0;13;False;False;False;;154.42;3.45;;;10;TUP - Tiplam - GSA - E;56;;GSA - E;4808;D016
32.0;189.99;9.1;12.89;1.0;8;45;;0;13;False;False;False;;33.45;3.72;;;10;Elevações Portuárias;15;;GSA - E;4809;D016
48.0;329.77;12.6;14.5;1.0;9;15;;0;13;False;False;False;;26.17;2.32;;;10;BTP;9;;CGC;4810;D016
32.0;199.98;6.32;13.45;1.0;10;0;;0;13;False;False;False;;87.58;1.63;;;10;TUP - Tiplam - GSA - E;56;;GSA - E;4811;D016
35.0;223.98;10.5;11.05;1.0;10;30;;0;13;False;False;False;;6.03;1.97;;;10;Santos Brasil;32;;CGC;4812;D016
32.3;228.99;6.84;13.7;1.0;14;0;;0;13;False;False;False;;82.78;1.55;;;10;Copersucar;12;;GSA - E;4813;D016
48.0;328.46;12.5;14.4;1.0;15;0;;0;13;False;False;False;;28.02;1.42;;;10;BTP;9;;CGC;4814;D016
27.0;183.0;7.5;8.6;1.0;16;30;;0;13;False;False;False;;86.1;1.15;;;10;Transpetro;47;;GL;4815;D016
16.0;132.2;7.0;6.7;2.0;17;0;;0;13;False;False;False;;69.18;14.15;;;10;TUP - Usiminas;58;;CGNC;4816;D016
32.0;229.0;7.0;13.3;1.0;20;55;;0;13;False;False;False;;141.72;1.33;;;10;Terminal Exportador do Guarujá (TEG);42;;GSA - E;4817;D016
32.3;199.99;6.57;12.48;1.0;23;30;;0;13;False;False;False;;29.42;3.5;;;10;Elevações Portuárias;15;;GSA - E;4818;D016
32.0;225.0;7.2;13.5;1.0;0;12;;1;14;False;False;False;;53.3;4.62;;;10;Terminal 12A (COFCO);38;;GSA - E;4819;D016
9.0;210.54;10.0;11.0;2.0;2;37;;1;14;False;False;False;;14.73;2.2;;;10;Santos Brasil;32;;CGC;4820;D016
30.0;179.9;10.3;9.48;2.0;3;42;;1;14;False;False;False;;61.73;6.72;;;10;TUP - Tiplam - GSM - I;57;;GSM - I;4821;D016
48.0;299.95;13.8;11.8;2.0;4;0;;1;14;False;False;False;;31.38;3.82;;;10;Santos Brasil;32;;CGC;4822;D016
48.0;333.95;11.7;14.5;1.0;4;48;;1;14;False;False;False;;27.62;1.32;;;10;Santos Brasil;32;;CGC;4823;D016
33.0;201.8;7.7;13.1;1.0;6;0;;1;14;False;False;False;;93.25;5.47;;;10;TUP - DPW - CGNC;52;;CGNC;4824;D016
30.0;197.2;9.7;10.0;2.0;6;4;;1;14;False;False;False;;32.08;6.47;;;10;Santos Brasil;32;;CGC;4825;D016
32.0;258.89;10.4;12.2;2.0;6;24;;1;14;False;False;False;;14.08;1.62;;;10;Santos Brasil;32;;CGC;4826;D016
40.0;254.94;10.6;9.2;2.0;7;0;;1;14;False;False;False;;17.78;1.98;;;10;TUP - DPW - CGC;51;;CGC;4827;D016
28.0;180.15;8.6;7.2;2.0;11;30;;1;14;False;False;False;;34.25;0;;;10;Ageo Terminais ;2;;GL;4828;D016
30.0;179.99;7.3;8.7;1.0;13;18;;1;14;False;False;False;;84.0;0.35;;;10;Citrosuco;10;;GL;4829;D016
22.0;105.9;6.8;6.9;1.0;14;40;;1;14;False;False;False;;28.0;0.07;;;10;TUP - Saipem;53;;CGNC;4830;D016
28.0;172.0;7.8;7.6;1.0;14;42;;1;14;False;False;False;;17.03;1.42;;;10;BTP;9;;CGC;4831;D016
48.0;299.9;11.1;10.0;2.0;15;52;;1;14;False;False;False;;15.3;1.57;;;10;Santos Brasil;32;;CGC;4832;D016
30.0;179.9;6.35;9.42;1.0;16;0;;1;14;False;False;False;;105.88;6.7;;;10;NST - CGNC;19;;GSA - E;4833;D016
31.0;212.54;10.9;11.2;2.0;17;0;;1;14;False;False;False;;18.72;1.72;;;10;Santos Brasil;32;;CGC;4834;D016
32.0;229.0;7.33;14.0;1.0;18;0;;1;14;False;False;False;;64.52;3.42;;;10;Terminal de Granéis do Guarujá (TGG);40;;GSA - E;4835;D016
28.0;168.06;8.0;8.3;1.0;2;32;;2;15;False;False;True;;8.67;3.42;;;10;TEV;45;;RORO ;4836;D016
48.0;333.2;12.4;13.2;1.0;3;0;;2;15;False;False;False;;15.78;2.92;;;10;TUP - DPW - CGC;51;;CGC;4837;D016
24.0;189.98;10.6;8.6;2.0;5;0;;2;15;False;False;False;;17.28;3.67;;;10;Hidrovias do Brasil;16;;GSM - I;4838;D016
26.04;162.5;8.6;8.0;2.0;6;0;;2;15;False;False;False;;89.33;0;;;10;Outros - Cais do Macuco;25;;GSM - I;4839;D016
32.0;229.0;8.99;13.27;1.0;6;6;;2;15;False;False;False;;110.45;1.08;;;10;TUP - Cutrale - GSA - E;50;;GSA - E;4840;D016
32.0;228.15;10.3;10.1;2.0;6;18;;2;15;False;False;False;;33.73;2.57;;;10;Santos Brasil;32;;CGC;4841;D016
43.0;270.9;10.5;12.4;2.0;6;54;;2;15;False;False;False;;29.67;1.28;;;10;Santos Brasil;32;;CGC;4842;D016
46.0;339.6;13.6;13.5;1.0;7;0;;2;15;False;False;False;;23.58;1.8;;;10;TUP - DPW - CGC;51;;CGC;4843;D016
36.0;227.2;7.7;13.75;1.0;8;0;;2;15;False;False;False;;43.5;1.67;;;10;Elevações Portuárias;15;;GSA - E;4844;D016
34.0;201.9;8.4;11.6;1.0;9;0;;2;15;False;False;False;;69.93;1.45;;;10;TUP - DPW - CGNC;52;;CGNC;4845;D016
34.0;201.9;7.6;8.4;1.0;9;0;;2;15;False;False;False;;20.97;4.08;;;10;Suzano (T-32);35;;CGNC;4846;D016
32.0;225.0;8.91;7.03;2.0;14;0;;2;15;False;False;False;;233.87;0.3;;;10;Outros - Cais do Saboó;28;;GL;4847;D016
37.0;254.73;10.0;9.0;2.0;17;0;;2;15;False;False;False;;22.22;0.68;;;10;TUP - DPW - CGC;51;;CGC;4848;D016
32.0;190.0;13.0;8.23;2.0;17;3;;2;15;False;False;False;;121.25;11.88;;;10;Terminal Marítimo do Guarujá (Termag);43;;GSM - I;4849;D016
32.0;199.9;7.32;13.41;1.0;18;0;;2;15;False;False;False;;47.25;2.47;;;10;Terminal de Granéis do Guarujá (TGG);40;;GSA - E;4850;D016
25.0;182.47;8.5;7.9;1.0;22;15;;2;15;False;False;False;;21.12;1.52;;;10;Santos Brasil;32;;CGC;4851;D016
31.0;199.2;9.2;6.8;2.0;23;30;;2;15;False;False;False;;70.92;0.17;;;10;Outros - Cais do Saboó;28;;GL;4852;D016
32.0;225.0;11.7;11.2;1.0;0;36;;3;16;False;False;False;;23.1;4.92;;;10;Eldorado (Rishis);14;;CGNC;4853;D016
30.0;199.08;9.36;6.22;2.0;9;0;;3;16;False;False;False;;483.55;0;;;10;Nita;18;;GSA - I;4854;D016
51.0;336.0;13.4;11.1;2.0;11;0;;3;16;False;False;False;;23.52;1.72;;;10;Santos Brasil;32;;CGC;4855;D016
32.0;259.8;9.1;9.0;2.0;12;0;;3;16;False;False;False;;13.68;1.87;;;10;Santos Brasil;32;;CGC;4856;D016
32.0;229.0;7.3;13.21;1.0;12;30;;3;16;False;False;False;;54.23;10.38;;;10;Terminal 12A (COFCO);38;;GSA - E;4857;D016
30.0;179.9;6.3;10.81;1.0;13;6;;3;16;False;False;False;;28.23;2.9;;;10;TUP - Tiplam - GSA - E;56;;GSA - E;4858;D016
42.0;346.98;11.2;10.9;2.0;14;0;;3;16;False;False;False;;18.88;1.93;;;10;BTP;9;;CGC;4859;D016
32.0;179.95;7.0;9.75;1.0;14;12;;3;16;False;False;False;;28.33;2.65;;;10;Temrinal de Exportação de Açúcar do Guarujá (TEAG);37;;GSA - E;4860;D016
32.0;199.99;7.3;12.53;1.0;15;0;;3;16;False;False;False;;48.73;2.05;;;10;Elevações Portuárias;15;;GSA - E;4861;D016
37.0;215.0;8.4;12.82;1.0;15;30;;3;16;False;False;False;;61.43;0;;;10;Terminal XXXIX;44;;GSA - E;4862;D016
32.29;227.9;8.1;9.3;1.0;15;30;;3;16;False;False;True;;2.25;5.5;;;10;TEV;45;;CGNC;4863;D016
32.0;228.99;14.2;7.92;2.0;15;42;;3;16;False;False;False;;187.77;5.93;;;10;Terminal Marítimo do Guarujá (Termag);43;;GSM - I;4864;D016
32.0;228.99;7.92;7.28;2.0;15;42;;3;16;False;False;False;;92.42;2.18;;;10;TUP - Tiplam - GSM - I;57;;GSM - I;4865;D016
32.0;228.99;7.28;13.31;1.0;15;42;;3;16;False;False;False;;131.43;0.55;;;10;Terminal Exportador do Guarujá (TEG);42;;GSA - E;4866;D016
33.0;188.8;10.4;11.5;2.0;15;54;;3;16;False;False;False;;11.5;1.9;;;10;TUP - DPW - CGC;51;;CGC;4867;D016
29.0;189.99;8.25;6.52;2.0;16;55;;3;16;False;False;False;;166.83;0.08;;;10;Outros - Cais do Macuco;25;;GSM - I;4868;D016
32.0;199.98;6.67;11.4;1.0;17;42;;3;16;False;False;False;;143.57;3.55;;;10;Temrinal de Exportação de Açúcar do Guarujá (TEAG);37;;GSA - E;4869;D016
48.0;299.98;11.4;12.3;1.0;18;30;;3;16;False;False;False;;10.6;1.82;;;10;BTP;9;;CGC;4870;D016
28.0;186.4;8.18;7.1;2.0;19;30;;3;16;False;False;False;;76.52;0;;;10;Outros - Cais do Macuco;25;;GSM - I;4871;D016
32.3;229.1;12.08;14.15;1.0;19;30;;3;16;False;False;False;;18.8;5.53;;;10;Terminal 12A (COFCO);38;;GSA - E;4872;D016
27.4;183.98;7.4;9.8;1.0;20;12;;3;16;False;False;False;;40.9;1.17;;;10;Transpetro;47;;GL;4873;D016
32.31;189.99;11.2;9.27;2.0;20;36;;3;16;False;False;False;;101.83;5.62;;;10;Hidrovias do Brasil;16;;GSM - I;4874;D016
22.0;119.9;7.6;7.5;1.0;23;0;;3;16;False;False;False;;52.92;0;;;10;Ageo Terminais ;2;;GL;4875;D016
28.0;183.2;8.0;8.0;1.0;0;30;;4;17;False;False;False;;12.4;2.32;;;10;Transpetro;47;;GL;4876;D016
27.43;184.0;7.3;9.6;1.0;2;18;;4;17;False;False;False;;100.58;0;;;10;Vopak;60;;GL;4877;D016
40.0;285.0;10.6;12.0;1.0;5;0;;4;17;False;False;False;;8.67;1.6;;;10;BTP;9;;CGC;4878;D016
32.0;213.88;8.8;9.6;1.0;5;45;;4;17;False;False;False;;30.0;2.5;;;10;Ecoporto;13;;CGNC;4879;D016
48.0;333.2;10.2;12.1;1.0;6;30;;4;17;False;False;False;;24.15;1.53;;;10;TUP - DPW - CGC;51;;CGC;4880;D016
32.0;213.88;8.55;8.6;1.0;6;30;;4;17;False;False;False;;7.62;1.13;;;10;Ecoporto;13;;CGNC;4881;D016
45.0;299.9;11.0;9.5;2.0;11;0;;4;17;False;False;False;;10.82;1.83;;;10;BTP;9;;CGC;4882;D016
32.0;228.99;7.36;14.2;1.0;11;18;;4;17;False;False;False;;53.5;4.93;;;10;Elevações Portuárias;15;;GSA - E;4883;D016
35.0;185.97;11.7;11.2;3.0;12;12;;4;17;False;False;False;;18.82;1.85;;;10;TUP - DPW - CGC;51;;CGC;4884;D016
24.0;145.53;10.2;9.7;2.0;12;40;;4;17;False;False;False;;22.98;0;;;10;Adonai Química;1;;GL;4885;D016
27.0;165.2;7.8;7.7;2.0;12;42;;4;17;False;False;False;;20.07;5.3;;;10;TUP - Terminal Marítimo Dow;54;;GL;4886;D016
32.0;259.8;9.0;10.5;2.0;15;0;;4;17;False;False;False;;7.02;1.25;;;10;Santos Brasil;32;;CGC;4887;D016
30.0;180.0;10.26;7.08;2.0;15;0;;4;17;False;False;False;;202.03;0;;;10;Outros - Cais do Saboó;28;;GSM - I;4888;D016
30.07;179.9;7.3;6.8;2.0;15;48;;4;17;False;False;False;;23.43;2.88;;;10;TUP - Tiplam - GSM - I;57;;GSM - I;4889;D016
34.0;201.9;10.06;13.35;1.0;19;0;;4;17;False;False;False;;35.75;2.48;;;10;TUP - DPW - CGNC;52;;CGNC;4890;D016
51.0;335.93;10.3;13.0;1.0;19;12;;4;17;False;False;False;;28.03;4.38;;;10;Santos Brasil;32;;CGC;4891;D016
34.0;201.9;8.05;10.06;1.0;20;0;;4;17;False;False;False;;55.83;2.17;;;10;Suzano (T-32);35;;CGNC;4892;D016
45.0;299.9;11.5;9.3;2.0;1;0;;5;18;False;False;False;;21.52;1.88;;;10;BTP;9;;CGC;4893;D016
32.25;294.1;10.4;10.1;2.0;2;30;;5;18;False;False;False;;7.58;2.33;;;10;BTP;9;;CGC;4894;D016
40.0;182.9;7.0;8.9;1.0;3;6;;5;18;False;False;False;;37.1;1.2;;;10;Transpetro;47;;GL;4895;D016
48.0;299.99;13.45;11.5;2.0;4;0;;5;18;False;False;False;;54.32;2.0;;;10;Santos Brasil;32;;CGC;4896;D016
28.0;178.7;10.2;6.45;2.0;4;35;;5;18;False;False;False;;70.07;3.33;;;10;Hidrovias do Brasil;16;;GSM - I;4897;D016
32.23;183.31;11.0;8.5;2.0;7;0;;5;18;False;False;False;;52.5;14.42;;;10;Ultracargo;59;;GL;4898;D016
32.31;229.0;7.0;13.48;1.0;9;42;;5;18;False;False;False;;73.5;0;;;10;T-Grão;46;;GSA - E;4899;D016
49.0;299.87;11.7;13.5;1.0;11;0;;5;18;False;False;False;;26.25;6.55;;;10;BTP;9;;CGC;4900;D016
40.0;254.94;9.9;11.8;1.0;11;6;;5;18;False;False;False;;11.27;1.4;;;10;TUP - DPW - CGC;51;;CGC;4901;D016
32.0;228.99;7.2;12.65;1.0;14;30;;5;18;False;False;False;;65.33;0.63;;;10;Terminal Exportador do Guarujá (TEG);42;;GSA - E;4902;D016
32.0;228.99;7.29;12.81;1.0;14;30;;5;18;False;False;False;;79.3;2.28;;;10;Terminal Exportador de Santos (TES);41;;GSA - E;4903;D016
32.0;183.09;7.9;8.0;1.0;15;30;;5;18;False;False;False;;25.5;0.83;;;10;Transpetro;47;;GL;4904;D016
32.0;294.13;11.1;10.6;2.0;17;0;;5;18;False;False;False;;10.8;1.3;;;10;TUP - DPW - CGC;51;;CGC;4905;D016
32.0;183.1;9.6;8.8;2.0;17;0;;5;18;False;False;False;;57.72;0;;;10;Vopak;60;;GL;4906;D016
32.0;199.9;7.23;13.41;1.0;17;30;;5;18;False;False;False;;33.87;3.55;;;10;Terminal Exportador de Santos (TES);41;;GSA - E;4907;D016
32.0;228.99;7.35;14.25;1.0;20;42;;5;18;False;False;False;;66.07;1.82;;;10;Terminal de Granéis do Guarujá (TGG);40;;GSA - E;4908;D016
40.0;182.9;7.6;7.8;1.0;20;42;;5;18;False;False;False;;33.3;3.0;;;10;Transpetro;47;;GL;4909;D016
37.0;249.12;11.3;13.5;1.0;21;30;;5;18;False;False;False;;7.28;1.15;;;10;BTP;9;;CGC;4910;D016
40.0;276.2;11.5;11.6;2.0;0;30;;6;19;False;False;False;;20.28;1.83;;;10;BTP;9;;CGC;4911;D016
32.0;229.0;7.35;13.23;1.0;8;30;;6;19;False;False;False;;55.43;2.5;;;10;Terminal de Granéis do Guarujá (TGG);40;;GSA - E;4912;D016
32.0;199.97;8.23;8.68;1.0;9;0;;6;19;False;False;True;;8.35;0.98;;;10;TEV;45;;RORO ;4913;D016
48.23;299.96;13.0;10.8;2.0;9;30;;6;19;False;False;False;;15.37;2.15;;;10;Santos Brasil;32;;CGC;4914;D016
32.0;189.93;9.14;11.6;1.0;12;0;;6;19;False;False;False;;24.25;1.25;;;10;Elevações Portuárias;15;;GSA - E;4915;D016
32.0;225.0;10.3;13.78;1.0;13;0;;6;19;False;False;False;;27.0;4.75;;;10;T-Grão;46;;GSA - E;4916;D016
32.0;199.9;10.3;7.35;2.0;13;0;;6;19;False;False;False;;71.75;2.62;;;10;TUP - Tiplam - GSM - I;57;;GSM - I;4917;D016
32.0;228.99;11.1;13.02;1.0;14;0;;6;19;False;False;False;;17.07;0.83;;;10;Terminal XXXIX;44;;GSA - E;4918;D016
32.0;199.99;7.1;13.36;1.0;16;36;;6;19;False;False;False;;33.08;3.0;;;10;Elevações Portuárias;15;;GSA - E;4919;D016
26.0;170.0;9.55;9.85;1.0;17;0;;6;19;False;False;False;;21.0;0.42;;;10;Ageo Terminais ;2;;GL;4920;D016
30.0;218.45;8.6;8.6;2.0;19;0;;6;19;False;False;False;;24.0;1.77;;;10;Santos Brasil;32;;CGC;4921;D016
48.3;335.93;14.3;12.4;2.0;19;12;;6;19;False;False;False;;17.95;3.08;;;10;BTP;9;;CGC;4922;D016
24.0;155.0;8.4;6.5;2.0;20;6;;6;19;False;False;False;;15.1;8.75;;;10;Transpetro;47;;GL;4923;D016
35.0;228.4;9.2;10.4;1.0;22;24;;6;19;False;False;False;;43.23;4.37;;;10;Temrinal de Exportação de Açúcar do Guarujá (TEAG);37;;GSA - E;4924;D016
26.0;170.0;9.5;10.8;1.0;22;28;;6;19;False;False;False;;39.67;0;;;10;Ageo Terminais ;2;;GL;4925;D016
30.04;179.9;10.3;6.3;2.0;22;30;;6;19;False;False;False;;95.75;1.75;;;10;TUP - Tiplam - GSM - I;57;;GSM - I;4926;D016
30.0;179.97;7.2;7.0;2.0;1;0;;0;20;False;False;False;;54.17;0;;;10;Outros - Cais do Macuco;25;;GSM - I;4927;D016
32.0;229.0;7.59;13.58;1.0;1;25;;0;20;False;False;False;;52.42;0;;;10;Terminal XXXIX;44;;GSA - E;4928;D016
30.0;179.99;6.5;8.9;1.0;6;0;;0;20;False;False;False;;191.25;0.12;;;10;NST - GL;20;;GL;4929;D016
31.0;198.0;8.89;11.25;1.0;6;12;;0;20;False;False;False;;42.28;5.17;;;10;TUP - DPW - CGNC;52;;CGNC;4930;D016
36.0;210.0;8.0;11.3;1.0;8;0;;0;20;False;False;False;;80.93;2.0;;;10;TUP - DPW - CGNC;52;;CGNC;4931;D016
28.0;179.87;9.0;7.55;2.0;10;12;;0;20;False;False;False;;19.1;3.2;;;10;TUP - Tiplam - GL;55;;GL;4932;D016
30.0;182.88;7.8;9.0;1.0;11;12;;0;20;False;False;False;;60.0;2.25;;;10;Transpetro;47;;GL;4933;D016
26.0;157.4;5.92;8.35;1.0;14;0;;0;20;False;False;False;;38.92;4.78;;;10;TUP - Cutrale - GL;49;;GL;4934;D016
32.28;199.9;8.6;8.4;2.0;15;21;;0;20;False;False;True;;2.92;4.38;;;10;TEV;45;;CGNC;4935;D016
32.0;225.0;5.97;13.73;1.0;20;50;;0;20;False;False;False;;52.63;4.82;;;10;Terminal 12A (COFCO);38;;GSA - E;4936;D016
30.07;179.99;9.6;7.95;2.0;21;48;;0;20;False;False;False;;119.58;0;;;10;Outros - Cais do Macuco;25;;GSM - I;4937;D016
48.0;333.2;13.8;12.0;2.0;22;0;;0;20;False;False;False;;24.03;1.65;;;10;TUP - DPW - CGC;51;;CGC;4938;D016
45.0;299.9;10.9;14.3;1.0;22;48;;0;20;False;False;False;;23.12;1.77;;;10;BTP;9;;CGC;4939;D016
32.0;214.0;8.8;9.4;1.0;23;0;;0;20;False;False;False;;68.95;1.33;;;10;Ecoporto;13;;CGNC;4940;D016
30.0;218.45;10.4;11.0;2.0;23;18;;0;20;False;False;False;;22.08;1.63;;;10;Santos Brasil;32;;CGC;4941;D016
30.0;179.9;10.7;9.7;2.0;1;18;;1;21;False;False;False;;115.5;0;;;10;Outros - Cais do Macuco;25;;GSM - I;4942;D016
37.0;227.92;10.7;10.0;2.0;3;0;;1;21;False;False;False;;14.67;3.27;;;10;TUP - DPW - CGC;51;;CGC;4943;D016
48.0;299.87;11.0;9.7;2.0;5;0;;1;21;False;False;False;;23.38;2.23;;;10;BTP;9;;CGC;4944;D016
32.0;183.1;8.8;7.45;2.0;10;10;;1;21;False;False;False;;43.83;0.5;;;10;Ageo Terminais ;2;;GL;4945;D016
48.0;333.96;10.2;14.4;2.0;12;0;;1;21;False;False;False;;38.38;1.72;;;10;Santos Brasil;32;;CGC;4946;D016
35.0;223.96;8.8;9.0;2.0;12;35;;1;21;False;False;False;;21.12;1.55;;;10;Santos Brasil;32;;CGC;4947;D016
48.0;299.92;12.3;10.4;2.0;12;54;;1;21;False;False;False;;19.75;1.93;;;10;Santos Brasil;32;;CGC;4948;D016
30.0;179.97;6.51;9.3;1.0;14;18;;1;21;False;False;False;;284.67;10.25;;;10;TUP - Usiminas;58;;CGNC;4949;D016
32.29;229.0;6.76;13.37;1.0;14;48;;1;21;False;False;False;;106.5;2.38;;;10;TUP - Tiplam - GSA - E;56;;GSA - E;4950;D016
24.0;145.53;9.8;9.2;2.0;15;0;;1;21;False;False;False;;44.6;0;;;10;Vopak;60;;GL;4951;D016
32.0;224.99;7.0;12.4;1.0;16;0;;1;21;False;False;False;;100.73;0;;;10;Terminal XXXIX;44;;GSA - E;4952;D016
32.0;199.97;8.3;9.2;1.0;16;1;;1;21;False;False;True;;35.92;4.08;;;10;TEV;45;;RORO ;4953;D016
40.0;306.0;11.8;14.1;1.0;16;30;;1;21;False;False;False;;21.07;3.23;;;10;TUP - DPW - CGC;51;;CGC;4954;D016
26.64;170.17;7.0;7.8;1.0;17;54;;1;21;False;False;False;;111.08;0;;;10;Stolthaven;33;;GL;4955;D016
30.0;208.85;10.4;11.0;2.0;18;0;;1;21;False;False;False;;19.7;2.48;;;10;Santos Brasil;32;;CGC;4956;D016
26.0;170.0;10.8;10.3;1.0;19;10;;1;21;False;False;False;;56.3;5.03;;;10;Ultracargo;59;;GL;4957;D016
32.0;183.06;11.8;8.0;2.0;19;45;;1;21;False;False;False;;59.55;0;;;10;Vopak;60;;GL;4958;D016
32.0;229.0;7.6;13.5;1.0;20;24;;1;21;False;False;False;;66.58;3.1;;;10;Terminal 12A (COFCO);38;;GSA - E;4959;D016
40.0;254.94;10.5;9.95;2.0;20;50;;1;21;False;False;False;;14.9;1.22;;;10;TUP - DPW - CGC;51;;CGC;4960;D016
48.0;333.2;10.7;13.3;1.0;20;56;;1;21;False;False;False;;34.1;1.25;;;10;TUP - DPW - CGC;51;;CGC;4961;D016
29.0;179.97;6.4;10.84;1.0;21;0;;1;21;False;False;False;;16.42;1.5;;;10;Copersucar;12;;GSA - E;4962;D016
32.0;229.0;8.05;13.24;1.0;22;36;;1;21;False;False;False;;81.2;2.42;;;10;TUP - Tiplam - GSA - E;56;;GSA - E;4963;D016
32.23;183.31;8.7;8.0;2.0;23;30;;1;21;False;False;False;;66.17;0;;;10;Stolthaven;33;;GL;4964;D016
40.0;280.54;11.5;12.8;2.0;2;17;;2;22;False;False;False;;8.55;1.47;;;10;BTP;9;;CGC;4965;D016
32.0;225.0;7.25;13.24;1.0;2;40;;2;22;False;False;False;;97.32;5.77;;;10;Terminal 12A (COFCO);38;;GSA - E;4966;D016
28.0;186.4;7.1;6.42;2.0;2;45;;2;22;False;False;False;;86.5;0;;;10;Outros - Cais do Macuco;25;;GSM - I;4967;D016
33.0;199.99;8.9;10.2;1.0;6;0;;2;22;False;False;True;;26.67;1.58;;;10;TEV;45;;CGNC;4968;D016
32.0;204.88;7.8;10.2;1.0;8;0;;2;22;False;False;False;;61.9;0.22;;;10;Citrosuco;10;;GL;4969;D016
32.0;199.99;8.1;8.3;1.0;10;9;;2;22;False;False;True;;8.68;1.4;;;10;TEV;45;;CGNC;4970;D016
30.0;210.54;9.7;8.0;2.0;11;17;;2;22;False;False;False;;29.68;2.68;;;10;Santos Brasil;32;;CGC;4971;D016
37.0;228.0;9.5;9.7;2.0;11;30;;2;22;False;False;False;;26.3;1.52;;;10;Santos Brasil;32;;CGC;4972;D016
43.0;270.9;12.1;12.9;2.0;13;24;;2;22;False;False;False;;41.8;1.8;;;10;Santos Brasil;32;;CGC;4973;D016
49.0;299.93;11.8;13.8;1.0;14;4;;2;22;False;False;False;;23.2;4.4;;;10;BTP;9;;CGC;4974;D016
48.0;299.95;12.35;13.5;1.0;17;0;;2;22;False;False;False;;20.38;2.0;;;10;BTP;9;;CGC;4975;D016
32.3;229.0;7.28;13.5;1.0;23;54;;2;22;False;False;False;;44.17;5.15;;;10;Terminal de Granéis do Guarujá (TGG);40;;GSA - E;4976;D016
32.0;189.99;6.07;12.84;1.0;0;1;;3;23;False;False;False;;76.42;2.92;;;10;Elevações Portuárias;15;;GSA - E;4977;D016
32.0;225.0;7.0;7.45;1.0;0;18;;3;23;False;False;False;;20.25;2.08;;;10;TUP - Tiplam - GSA - E;56;;GSA - E;4978;D016
43.0;334.07;13.7;10.7;2.0;2;53;;3;23;False;False;False;;17.75;3.88;;;10;BTP;9;;RORO ;4979;D016
32.0;199.99;7.85;7.5;2.0;3;30;;3;23;False;False;False;;12.0;2.58;;;10;Outros - Cais do Macuco;25;;GSM - I;4980;D016
25.0;182.47;8.5;8.4;1.0;3;52;;3;23;False;False;False;;28.97;1.17;;;10;Santos Brasil;32;;CGC;4981;D016
28.0;186.35;10.3;10.1;1.0;6;0;;3;23;False;False;False;;14.18;1.55;;;10;BTP;9;;CGC;4982;D016
32.0;229.0;7.5;14.2;1.0;8;30;;3;23;False;False;False;;66.92;2.5;;;10;Elevações Portuárias;15;;GSA - E;4983;D016
48.0;330.03;12.3;14.5;1.0;9;0;;3;23;False;False;False;;24.67;2.08;;;10;BTP;9;;CGC;4984;D016
32.0;257.38;10.1;10.8;1.0;12;24;;3;23;False;False;False;;18.12;1.87;;;10;TUP - DPW - CGC;51;;CGC;4985;D016
28.0;191.45;9.6;9.4;1.0;15;0;;3;23;False;False;False;;15.63;1.63;;;10;Ecoporto;13;;CGC;4986;D016
32.31;189.94;6.99;9.48;1.0;15;40;;3;23;False;False;False;;23.42;2.67;;;10;Elevações Portuárias;15;;GSA - E;4987;D016
32.0;228.9;7.11;13.35;1.0;18;54;;3;23;False;False;False;;40.75;3.87;;;10;Terminal de Granéis do Guarujá (TGG);40;;GSA - E;4988;D016
32.0;199.99;7.5;7.62;2.0;20;40;;3;23;False;False;False;;81.83;3.75;;;10;Outros - Cais do Macuco;25;;GSM - I;4989;D016
32.0;225.0;7.3;13.55;1.0;21;10;;3;23;False;False;False;;55.33;1.67;;;10;Terminal de Granéis do Guarujá (TGG);40;;GSA - E;4990;D016
48.0;330.0;10.95;14.5;1.0;23;24;;3;23;False;False;False;;35.63;3.23;;;10;BTP;9;;CGC;4991;D016
36.0;225.0;7.9;8.5;1.0;0;44;;4;24;False;False;False;;35.67;0;;;10;Bracell;8;;CGNC;4992;D016
24.0;144.09;7.85;7.6;2.0;1;0;;4;24;False;False;False;;11.58;1.83;;;10;TUP - Terminal Marítimo Dow;54;;GL;4993;D016
32.23;182.5;12.15;7.5;2.0;5;0;;4;24;False;False;False;;94.88;0;;;10;Vopak;60;;GL;4994;D016
32.3;294.13;12.0;12.9;2.0;8;43;;4;24;False;False;False;;11.93;2.43;;;10;BTP;9;;CGC;4995;D016
36.0;266.65;9.0;10.4;1.0;10;0;;4;24;False;False;False;;13.02;2.18;;;10;Santos Brasil;32;;CGC;4996;D016
32.0;228.19;9.9;8.0;2.0;10;0;;4;24;False;False;False;;134.25;0;;;10;Ageo Terminais ;2;;GL;4997;D016
37.0;227.97;10.6;10.3;1.0;11;30;;4;24;False;False;False;;11.82;2.15;;;10;TUP - DPW - CGC;51;;CGC;4998;D016
32.0;228.5;9.8;8.1;2.0;11;30;;4;24;False;False;False;;92.0;11.17;;;10;Ultracargo;59;;GL;4999;D016
32.0;199.95;9.0;9.4;1.0;12;12;;4;24;False;False;True;;9.25;1.42;;;10;TEV;45;;CGNC;5000;D016
32.3;189.99;6.5;11.86;1.0;13;0;;4;24;False;False;False;;47.3;1.62;;;10;Copersucar;12;;GSA - E;5001;D016
32.31;199.9;7.6;13.3;1.0;14;42;;4;24;False;False;False;;23.85;2.47;;;10;Terminal de Granéis do Guarujá (TGG);40;;GSA - E;5002;D016
32.0;183.06;11.9;8.8;2.0;17;30;;4;24;False;False;False;;75.0;5.08;;;10;Ultracargo;59;;GL;5003;D016
45.0;299.9;13.0;11.6;2.0;17;35;;4;24;False;False;False;;14.98;1.63;;;10;Santos Brasil;32;;CGC;5004;D016
45.0;299.9;11.8;12.8;1.0;19;0;;4;24;False;False;False;;14.83;1.9;;;10;BTP;9;;CGC;5005;D016
24.0;144.09;7.6;6.35;2.0;19;41;;4;24;False;False;False;;40.03;0.47;;;10;Ageo Terminais ;2;;GL;5006;D016
28.0;168.06;7.8;8.3;1.0;20;0;;4;24;False;False;True;;9.67;5.92;;;10;TEV;45;;RORO ;5007;D016
32.29;199.9;6.52;13.1;1.0;23;42;;4;24;False;False;False;;33.08;4.68;;;10;Elevações Portuárias;15;;GSA - E;5008;D016
32.0;229.0;7.9;14.1;1.0;2;48;;5;25;False;False;False;;51.33;3.5;;;10;Elevações Portuárias;15;;GSA - E;5009;D016
25.0;141.0;9.75;9.9;2.0;4;36;;5;25;False;False;False;;3.67;5.92;;;10;Adonai Química;1;;GL;5010;D016
43.0;299.9;10.6;10.6;2.0;5;0;;5;25;False;False;False;;17.38;1.75;;;10;BTP;9;;CGC;5011;D016
43.0;270.9;10.9;10.1;2.0;6;30;;5;25;False;False;False;;16.02;2.8;;;10;TUP - DPW - CGC;51;;CGC;5012;D016
32.0;229.0;9.07;13.05;1.0;7;0;;5;25;False;False;False;;93.0;7.9;;;10;TUP - Tiplam - GSA - E;56;;GSA - E;5013;D016
40.0;276.2;11.3;13.0;1.0;9;0;;5;25;False;False;False;;14.68;1.97;;;10;BTP;9;;CGC;5014;D016
32.0;228.95;7.4;13.42;1.0;9;24;;5;25;False;False;False;;82.22;3.62;;;10;Terminal Exportador de Santos (TES);41;;GSA - E;5015;D016
32.0;199.99;6.96;13.82;1.0;9;30;;5;25;False;False;False;;134.08;3.62;;;10;Elevações Portuárias;15;;GSA - E;5016;D016
40.0;299.95;13.1;14.3;2.0;10;0;;5;25;False;False;False;;66.7;1.65;;;10;Santos Brasil;32;;CGC;5017;D016
32.0;262.08;9.54;10.55;2.0;10;30;;5;25;False;False;False;;10.98;1.1;;;10;TUP - DPW - CGC;51;;CGC;5018;D016
31.0;176.0;8.0;8.4;1.0;12;0;;5;25;False;False;True;;18.0;4.1;;;10;TEV;45;;CGNC;5019;D016
32.0;183.06;7.7;9.5;1.0;14;0;;5;25;False;False;False;;31.3;2.53;;;10;Transpetro;47;;GL;5020;D016
36.0;225.0;8.5;8.0;2.0;15;35;;5;25;False;False;False;;72.93;10.5;;;10;Ecoporto;13;;CGNC;5021;D016
30.0;210.56;8.2;11.3;1.0;16;0;;5;25;False;False;False;;93.5;0.53;;;10;Citrosuco;10;;GL;5022;D016
36.05;228.96;7.9;11.62;1.0;16;0;;5;25;False;False;False;;49.33;1.55;;;10;TUP - Tiplam - GSA - E;56;;GSA - E;5023;D016
32.0;225.0;9.16;13.47;1.0;16;0;;5;25;False;False;False;;81.38;0.33;;;10;Bracell;8;;CGNC;5024;D016
32.31;228.9;7.3;13.86;1.0;18;12;;5;25;False;False;False;;123.63;4.15;;;10;Terminal 12A (COFCO);38;;GSA - E;5025;D016
32.0;189.99;8.9;7.04;2.0;18;50;;5;25;False;False;False;;76.22;2.75;;;10;Hidrovias do Brasil;16;;GSM - I;5026;D016
32.0;225.0;7.15;13.3;1.0;19;54;;5;25;False;False;False;;84.47;0;;;10;Terminal Exportador do Guarujá (TEG);42;;GSA - E;5027;D016
30.0;189.99;6.4;10.25;1.0;0;30;;6;26;False;False;False;;109.65;6.53;;;10;Terminal 12A (COFCO);38;;GSA - E;5028;D016
37.0;249.12;10.6;9.8;2.0;1;0;;6;26;False;False;False;;12.55;1.32;;;10;BTP;9;;CGC;5029;D016
45.83;334.98;14.0;12.1;2.0;3;14;;6;26;False;False;False;;19.03;3.13;;;10;Santos Brasil;32;;CGC;5030;D016
36.0;225.0;8.5;12.95;1.0;5;0;;6;26;False;False;False;;112.25;4.33;;;10;Bracell;8;;CGNC;5031;D016
32.0;199.98;8.0;;1.0;5;0;;6;26;False;False;True;;11.5;5.6;;;10;TEV;45;;CGNC;5032;D016
38.0;333.33;8.6;8.6;3.0;6;30;;6;26;False;True;False;;11.25;0;;;10;Concais;11;;PASSAGEIROS;5033;D016
37.0;227.97;10.2;11.0;2.0;9;30;;6;26;False;False;False;;17.57;1.4;;;10;BTP;9;;CGC;5034;D016
48.47;299.9;13.85;12.2;2.0;9;30;;6;26;False;False;False;;14.8;2.18;;;10;TUP - DPW - CGC;51;;CGC;5035;D016
33.0;189.9;7.25;9.65;1.0;10;0;;6;26;False;False;False;;61.93;5.68;;;10;TUP - Cutrale - GL;49;;GL;5036;D016
48.0;333.18;9.7;13.85;2.0;10;45;;6;26;False;False;False;;37.02;1.92;;;10;BTP;9;;CGC;5037;D016
37.0;254.87;10.1;9.2;1.0;11;15;;6;26;False;False;False;;16.08;1.6;;;10;TUP - DPW - CGC;51;;CGC;5038;D016
32.0;228.99;7.57;12.92;1.0;11;48;;6;26;False;False;False;;116.18;2.78;;;10;Terminal ADM do Brasil;39;;GSA - E;5039;D016
35.0;199.91;8.7;7.8;2.0;12;0;;6;26;False;False;False;;25.22;1.73;;;10;Santos Brasil;32;;CGC;5040;D016
32.0;294.12;10.45;9.35;2.0;12;54;;6;26;False;False;False;;21.0;3.08;;;10;Santos Brasil;32;;CGC;5041;D016
30.0;179.97;9.64;6.4;2.0;14;0;;6;26;False;False;False;;54.8;4.37;;;10;TUP - Tiplam - GSM - I;57;;GSM - I;5042;D016
35.0;224.0;8.5;8.8;2.0;16;28;;6;26;False;False;False;;17.17;2.22;;;10;Santos Brasil;32;;CGC;5043;D016
37.0;228.41;7.49;13.9;1.0;18;0;;6;26;False;False;False;;80.85;1.57;;;10;Copersucar;12;;GSA - E;5044;D016
48.0;299.9;10.1;13.4;1.0;22;0;;6;26;False;False;False;;19.1;1.43;;;10;BTP;9;;CGC;5045;D016
48.43;365.74;11.8;14.1;2.0;23;0;;6;26;False;False;False;;39.7;3.72;;;10;BTP;9;;CGC;5046;D016
32.29;199.9;12.26;8.0;2.0;23;48;;6;26;False;False;False;;76.0;0.67;;;10;Hidrovias do Brasil;16;;GSM - I;5047;D016
37.0;255.36;11.0;10.6;2.0;23;48;;6;26;False;False;False;;24.87;2.2;;;10;Santos Brasil;32;;CGC;5048;D016
51.0;335.0;13.7;11.4;2.0;1;6;;0;27;False;False;False;;23.78;2.47;;;10;TUP - DPW - CGC;51;;CGC;5049;D016
32.0;182.9;10.1;9.2;2.0;4;24;;0;27;False;False;False;;44.17;0;;;10;Vopak;60;;GL;5050;D016
32.0;294.12;11.8;13.0;2.0;6;30;;0;27;False;False;False;;25.63;1.17;;;10;TUP - DPW - CGC;51;;CGC;5051;D016
30.0;199.9;7.1;13.04;1.0;6;50;;0;27;False;False;False;;64.08;3.33;;;10;Elevações Portuárias;15;;GSA - E;5052;D016
28.0;177.13;7.2;8.2;1.0;7;0;;0;27;False;False;False;;73.0;0;;;10;Eldorado (Rishis);14;;CGNC;5053;D016
32.0;225.0;7.0;10.31;1.0;9;30;;0;27;False;False;False;;46.03;11.77;;;10;Terminal 12A (COFCO);38;;GSA - E;5054;D016
32.31;189.99;10.8;6.5;2.0;12;0;;0;27;False;False;False;;234.0;8.5;;;10;Moinho Santista (Bunge);17;;GSA - I;5055;D016
28.0;179.87;9.9;9.8;2.0;12;0;;0;27;False;False;False;;19.9;7.8;;;10;Transpetro;47;;GL;5056;D016
32.0;225.0;7.6;14.02;1.0;14;0;;0;27;False;False;False;;115.88;8.1;;;10;Terminal 12A (COFCO);38;;GSA - E;5057;D016
30.05;180.0;9.5;6.15;2.0;14;20;;0;27;False;False;False;;172.08;0;;;10;Outros - Cais do Saboó;28;;GL;5058;D016
31.0;212.54;10.7;11.8;2.0;14;30;;0;27;False;False;False;;7.93;2.03;;;10;Santos Brasil;32;;CGC;5059;D016
28.0;177.85;6.6;11.33;1.0;14;30;;0;27;False;False;False;;30.78;3.0;;;10;Copersucar;12;;GSA - E;5060;D016
32.0;183.06;9.9;8.0;2.0;14;42;;0;27;False;False;False;;38.2;0;;;10;Ageo Terminais ;2;;GL;5061;D016
32.0;235.0;7.45;13.5;1.0;15;0;;0;27;False;False;False;;58.25;3.0;;;10;Elevações Portuárias;15;;GSA - E;5062;D016
48.0;333.9;11.0;14.4;1.0;19;50;;0;27;False;False;False;;33.73;1.53;;;10;Santos Brasil;32;;CGC;5063;D016
32.0;199.97;7.83;8.9;1.0;21;0;;0;27;False;False;True;;27.67;5.13;;;10;TEV;45;;CGNC;5064;D016
36.0;199.99;6.52;13.03;1.0;1;30;;1;28;False;False;False;;104.67;0.53;;;10;Temrinal de Exportação de Açúcar do Guarujá (TEAG);37;;GSA - E;5065;D016
36.0;225.0;8.5;11.0;1.0;1;54;;1;28;False;False;False;;70.8;3.58;;;10;Suzano (T-32);35;;CGNC;5066;D016
36.0;225.0;11.0;13.58;1.0;1;54;;1;28;False;False;False;;44.15;1.17;;;10;TUP - DPW - CGNC;52;;CGNC;5067;D016
32.31;199.9;9.7;10.2;2.0;2;18;;1;28;False;False;False;;53.83;0;;;10;Outros - Cais do Macuco;25;;GSM - I;5068;D016
40.0;293.87;10.31;10.0;2.0;6;0;;1;28;False;False;False;;35.68;2.13;;;10;BTP;9;;CGC;5069;D016
32.0;194.87;7.7;8.9;1.0;6;24;;1;28;False;False;False;;16.05;3.43;;;10;Santos Brasil;32;;CGC;5070;D016
28.0;172.0;8.0;7.4;1.0;9;0;;1;28;False;False;False;;13.42;4.82;;;10;BTP;9;;CGC;5071;D016
48.0;299.88;13.6;11.4;2.0;9;3;;1;28;False;False;False;;20.43;2.25;;;10;BTP;9;;CGC;5072;D016
32.0;259.8;10.8;12.0;2.0;10;0;;1;28;False;False;False;;9.9;1.6;;;10;Santos Brasil;32;;CGC;5073;D016
19.0;87.9;6.0;;1.0;10;0;;1;28;False;False;False;;35.67;0.08;;;10;TUP - Saipem;53;;CGNC;5074;D016
22.0;105.9;6.5;6.9;1.0;10;30;;1;28;False;False;False;;5.58;0.12;;;10;TUP - Saipem;53;;CGNC;5075;D016
51.0;336.0;13.8;11.1;2.0;10;40;;1;28;False;False;False;;19.57;2.37;;;10;Santos Brasil;32;;CGC;5076;D016
34.0;201.9;8.3;13.0;1.0;11;24;;1;28;False;False;False;;56.92;1.7;;;10;TUP - DPW - CGNC;52;;CGNC;5077;D016
48.33;330.0;14.47;12.5;2.0;13;0;;1;28;False;False;False;;17.0;1.67;;;10;BTP;9;;CGC;5078;D016
9.0;210.54;9.9;9.6;2.0;16;45;;1;28;False;False;False;;23.72;1.62;;;10;Santos Brasil;32;;CGC;5079;D016
32.0;228.99;7.42;12.65;1.0;17;0;;1;28;False;False;False;;60.45;0;;;10;Terminal XXXIX;44;;GSA - E;5080;D016
32.3;181.99;11.6;7.3;2.0;17;30;;1;28;False;False;False;;117.92;0;;;10;Vopak;60;;GL;5081;D016
32.3;190.0;6.85;8.39;1.0;18;30;;1;28;False;False;False;;23.43;6.4;;;10;TUP - Tiplam - GSA - E;56;;GSA - E;5082;D016
27.0;165.2;8.0;7.7;2.0;19;0;;1;28;False;False;False;;1.0;3.83;;;10;TUP - Terminal Marítimo Dow;54;;GL;5083;D016
40.0;272.05;9.5;9.3;2.0;19;5;;1;28;False;False;False;;11.92;1.48;;;10;TUP - DPW - CGC;51;;CGC;5084;D016
32.0;228.99;7.42;12.56;1.0;19;42;;1;28;False;False;False;;87.62;3.08;;;10;Terminal Exportador de Santos (TES);41;;GSA - E;5085;D016
48.0;299.88;9.5;14.4;2.0;20;0;;1;28;False;False;False;;32.78;3.58;;;10;BTP;9;;CGC;5086;D016
32.0;228.62;9.8;10.6;2.0;4;0;;2;29;False;False;False;;27.48;1.6;;;10;Santos Brasil;32;;CGC;5087;D016
38.0;333.33;8.6;8.6;3.0;6;42;;2;29;False;True;False;;10.67;0;;;10;Concais;11;;PASSAGEIROS;5088;D016
48.0;330.04;11.3;10.1;2.0;6;48;;2;29;False;False;False;;15.63;2.17;;;10;Santos Brasil;32;;CGC;5089;D016
26.64;170.17;7.8;11.2;1.0;8;20;;2;29;False;False;False;;60.83;0.58;;;10;Ageo Terminais ;2;;GL;5090;D016
40.0;303.83;13.8;13.75;2.0;12;0;;2;29;False;False;False;;18.33;2.7;;;10;TUP - DPW - CGC;51;;CGC;5091;D016
32.29;189.9;6.58;11.34;1.0;12;30;;2;29;False;False;False;;45.5;3.0;;;10;Copersucar;12;;GSA - E;5092;D016
27.0;158.98;9.8;9.0;2.0;13;0;;2;29;False;False;False;;18.92;3.67;;;10;Ultracargo;59;;GL;5093;D016
36.0;225.0;8.1;13.3;1.0;13;42;;2;29;False;False;False;;171.5;0.33;;;10;Bracell;8;;CGNC;5094;D016
28.0;179.99;10.05;5.9;2.0;14;45;;2;29;False;False;False;;139.33;0;;;10;Outros - Cais do Saboó;28;;GSM - I;5095;D016
32.31;228.99;10.45;12.59;1.0;14;50;;2;29;False;False;False;;31.8;2.08;;;10;Terminal ADM do Brasil;39;;GSA - E;5096;D016
32.0;179.99;9.6;7.48;2.0;15;48;;2;29;False;False;False;;98.33;0;;;10;Outros - Cais do Macuco;25;;GSM - I;5097;D016
48.0;314.36;12.5;14.5;2.0;16;0;;2;29;False;False;False;;22.2;1.55;;;10;BTP;9;;CGC;5098;D016
22.0;119.9;7.3;6.8;1.0;16;30;;2;29;False;False;False;;32.67;0;;;10;Ageo Terminais ;2;;GL;5099;D016
24.23;145.0;6.5;6.5;2.0;17;42;;2;29;False;False;False;;14.08;7.0;;;10;Adonai Química;1;;GL;5100;D016
32.0;228.9;7.3;13.36;1.0;18;0;;2;29;False;False;False;;77.62;3.05;;;10;Terminal Exportador do Guarujá (TEG);42;;GSA - E;5101;D016
32.07;179.95;10.33;6.45;2.0;19;24;;2;29;False;False;False;;171.9;0;;;10;Outros - Cais do Saboó;28;;GL;5102;D016
30.0;189.99;10.2;8.62;2.0;19;30;;2;29;False;False;False;;24.58;1.75;;;10;TUP - Tiplam - GSM - I;57;;GSM - I;5103;D016
32.0;228.9;7.42;8.34;1.0;20;36;;2;29;False;False;False;;86.67;0;;;10;Terminal XXXIX;44;;GSA - E;5104;D016
33.0;201.8;8.25;9.48;1.0;21;16;;2;29;False;False;False;;36.75;20.75;;;10;Eldorado (Rishis);14;;CGNC;5105;D016
25.0;182.47;8.9;8.7;1.0;22;0;;2;29;False;False;False;;24.67;2.0;;;10;Santos Brasil;32;;CGC;5106;D016
37.0;255.0;10.75;10.6;1.0;22;30;;2;29;False;False;False;;20.83;2.4;;;10;TUP - DPW - CGC;51;;CGC;5107;D016
32.0;228.99;7.15;14.2;1.0;4;30;;3;30;False;False;False;;37.83;2.25;;;10;Elevações Portuárias;15;;GSA - E;5108;D016
32.0;261.09;8.3;8.2;2.0;5;20;;3;30;False;False;False;;5.93;1.92;;;10;Santos Brasil;32;;CGC;5109;D016
24.0;147.83;7.0;6.6;2.0;6;0;;3;30;False;False;False;;31.75;4.2;;;10;Ultracargo;59;;GL;5110;D016
48.0;329.86;11.8;14.5;2.0;7;0;;3;30;False;False;False;;23.65;1.87;;;10;BTP;9;;CGC;5111;D016
30.0;176.82;9.7;5.62;2.0;7;0;;3;30;False;False;False;;68.17;7.08;;;10;Hidrovias do Brasil;16;;GSM - I;5112;D016
32.0;228.95;7.75;12.62;1.0;7;0;;3;30;False;False;False;;49.13;2.25;;;10;Terminal Exportador de Santos (TES);41;;GSA - E;5113;D016
32.0;199.97;9.2;9.3;1.0;7;6;;3;30;False;False;True;;5.3;0.9;;;10;TEV;45;;RORO ;5114;D016
27.0;183.0;7.5;8.6;1.0;8;0;;3;30;False;False;False;;40.5;2.83;;;10;Transpetro;47;;GL;5115;D016
46.0;335.0;10.0;12.8;1.0;11;24;;3;30;False;False;False;;18.9;2.62;;;10;BTP;9;;CGC;5116;D016
18.0;119.9;5.0;6.5;1.0;12;0;;3;30;False;False;True;;2.0;3.15;;;10;TEV;45;;RORO ;5117;D016
32.0;182.9;7.3;11.0;1.0;13;30;;3;30;False;False;False;;50.8;4.28;;;10;Transpetro;47;;GL;5118;D016
30.0;222.2;9.8;11.4;2.0;14;30;;3;30;False;False;False;;8.73;5.6;;;10;TUP - DPW - CGC;51;;CGC;5119;D016
32.0;183.1;8.0;10.0;1.0;16;30;;3;30;False;False;False;;30.4;2.67;;;10;Transpetro;47;;GL;5120;D016
40.0;254.94;10.4;12.4;2.0;19;42;;3;30;False;False;False;;22.15;2.28;;;10;Santos Brasil;32;;CGC;5121;D016
32.0;228.99;7.41;13.39;1.0;20;12;;3;30;False;False;False;;50.93;3.75;;;10;Terminal 12A (COFCO);38;;GSA - E;5122;D016
32.29;199.9;9.93;6.37;2.0;21;0;;3;30;False;False;False;;147.08;2.65;;;10;TUP - Tiplam - GSM - I;57;;GSM - I;5123;D016
51.0;335.9;13.3;11.0;2.0;21;54;;3;30;False;False;False;;24.13;6.72;;;10;Santos Brasil;32;;CGC;5124;D016
27.0;158.93;8.5;6.9;2.0;1;27;;4;31;False;False;False;;40.08;0;;;10;Ageo Terminais ;2;;GL;5125;D016
28.56;189.99;9.85;7.85;2.0;2;55;;4;31;False;False;False;;168.58;0;;;10;Outros - Cais do Macuco;25;;GSM - I;5126;D016
32.0;189.99;8.75;12.0;1.0;5;36;;4;31;False;False;False;;49.47;2.87;;;10;TUP - DPW - CGNC;52;;CGNC;5127;D016
32.0;229.0;7.1;13.45;1.0;6;0;;4;31;False;False;False;;53.75;2.63;;;10;Copersucar;12;;GSA - E;5128;D016
38.0;227.95;10.8;10.2;1.0;7;0;;4;31;False;False;False;;17.55;1.43;;;10;TUP - DPW - CGC;51;;CGC;5129;D016
25.0;141.0;9.8;9.8;2.0;8;0;;4;31;False;False;False;;68.83;3.92;;;10;Ultracargo;59;;GL;5130;D016
45.0;335.0;12.2;10.0;2.0;10;48;;4;31;False;False;False;;19.92;2.35;;;10;BTP;9;;CGC;5131;D016
32.0;199.9;11.14;8.11;2.0;12;0;;4;31;False;False;False;;203.58;0.75;;;10;Hidrovias do Brasil;16;;GSM - I;5132;D016
48.0;300.0;12.7;11.3;2.0;16;0;;4;31;False;False;False;;20.75;1.78;;;10;Santos Brasil;32;;CGNC;5133;D016
48.0;330.03;13.4;12.0;2.0;17;0;;4;31;False;False;False;;29.37;2.45;;;10;BTP;9;;CGC;5134;D016
32.0;183.1;8.6;7.55;2.0;20;0;;4;31;False;False;False;;45.67;0;;;10;Adonai Química;1;;GL;5135;D016
45.0;299.9;12.5;14.5;2.0;20;50;;4;31;False;False;False;;12.25;1.57;;;10;BTP;9;;CGC;5136;D016
43.0;254.93;8.36;12.7;1.0;4;0;;5;1;False;False;False;;114.5;7.47;;;11;Terminal Exportador de Santos (TES);41;;GSA - E;5137;D016
38.0;333.33;8.6;8.6;3.0;6;40;;5;1;False;True;False;;10.67;0;;;11;Concais;11;;PASSAGEIROS;5138;D016
32.0;225.0;7.52;12.09;1.0;8;0;;5;1;False;False;False;;46.98;0;;;11;Terminal XXXIX;44;;GSA - E;5139;D016
32.0;229.0;8.62;12.0;1.0;8;50;;5;1;False;False;False;;53.4;1.93;;;11;TUP - Cutrale - GSA - E;50;;GSA - E;5140;D016
44.0;268.03;13.7;13.6;2.0;8;52;;5;1;False;False;False;;19.32;2.25;;;11;Santos Brasil;32;;CGC;5141;D016
36.0;200.0;10.3;11.2;1.0;9;30;;5;1;False;False;False;;11.82;1.53;;;11;TUP - DPW - CGC;51;;CGC;5142;D016
20.0;92.95;5.6;5.5;1.0;9;55;;5;1;False;False;False;;11.17;0.17;;;11;TUP - Saipem;53;;CGNC;5143;D016
51.0;335.0;14.4;12.2;2.0;10;0;;5;1;False;False;False;;20.87;2.25;;;11;Santos Brasil;32;;CGC;5144;D016
23.8;199.8;6.9;7.98;1.0;10;45;;5;1;False;False;False;;20.58;12.08;;;11;TUP - Tiplam - GSA - E;56;;GSA - E;5145;D016
28.0;180.15;8.25;9.6;1.0;12;45;;5;1;False;False;False;;71.33;8.73;;;11;Granel Química;61;;GL;5146;D016
32.3;189.9;9.5;7.4;2.0;14;8;;5;1;False;False;False;;108.25;0;;;11;Outros - Cais do Macuco;25;;GSM - I;5147;D016
37.0;249.12;12.0;13.9;1.0;14;12;;5;1;False;False;False;;12.15;4.78;;;11;BTP;9;;CGC;5148;D016
40.0;274.67;10.55;10.0;2.0;16;0;;5;1;False;False;False;;10.97;2.4;;;11;TUP - DPW - CGC;51;;CGC;5149;D016
32.0;229.0;7.5;13.64;1.0;22;40;;5;1;False;False;False;;91.08;0;;;11;T-Grão;46;;GSA - E;5150;D016
36.0;236.32;7.95;8.1;1.0;23;0;;5;1;False;False;False;;20.2;0.17;;;11;Ecoporto;13;;CGNC;5151;D016
32.0;199.99;7.8;7.9;2.0;2;12;;6;2;False;False;False;;89.0;4.63;;;11;TUP - Tiplam - GSM - I;57;;GSM - I;5152;D016
48.0;299.92;11.2;14.5;1.0;2;50;;6;2;False;False;False;;36.55;7.75;;;11;BTP;9;;CGC;5153;D016
27.45;161.37;6.25;8.2;1.0;3;0;;6;2;False;False;False;;41.45;5.38;;;11;Ecoporto;13;;CGC;5154;D016
35.0;224.0;8.65;9.55;1.0;6;36;;6;2;False;False;False;;6.47;1.53;;;11;Santos Brasil;32;;CGC;5155;D016
48.0;329.8;14.4;12.1;2.0;7;0;;6;2;False;False;False;;22.98;1.63;;;11;TUP - DPW - CGC;51;;CGC;5156;D016
32.0;199.9;10.5;8.08;2.0;7;0;;6;2;False;False;False;;71.67;0;;;11;Outros - Cais do Macuco;25;;GSM - I;5157;D016
32.0;199.9;8.1;7.73;2.0;7;10;;6;2;False;False;False;;8.1;15.43;;;11;TUP - Tiplam - GSM - I;57;;GSM - I;5158;D016
36.0;210.0;9.35;9.1;2.0;9;0;;6;2;False;False;False;;31.52;6.42;;;11;Ecoporto;13;;CGNC;5159;D016
49.0;215.08;9.8;6.0;1.0;10;10;;6;2;False;False;False;;168.17;0.17;;;11;TUP - Saipem;53;;CGNC;5160;D016
44.0;268.03;13.6;13.8;2.0;12;31;;6;2;False;False;False;;39.02;0.82;;;11;Santos Brasil;32;;CGC;5161;D016
40.0;254.94;9.55;11.1;2.0;13;0;;6;2;False;False;False;;22.98;4.2;;;11;Santos Brasil;32;;CGC;5162;D016
28.0;186.4;11.19;6.08;2.0;14;30;;6;2;False;False;False;;252.92;0;;;11;Outros - Cais do Macuco;25;;GSM - I;5163;D016
16.0;118.14;7.35;5.0;2.0;17;0;;6;2;False;False;False;;78.5;0;;;11;Outros - Cais do Saboó;28;;GSM - I;5164;D016
32.0;204.35;10.8;11.8;1.0;17;24;;6;2;False;False;False;;11.63;0.88;;;11;TUP - DPW - CGNC;52;;CGNC;5165;D016
32.0;182.5;7.8;10.3;1.0;18;0;;6;2;False;False;False;;25.6;4.1;;;11;Transpetro;47;;GL;5166;D016
37.0;255.0;13.0;13.9;2.0;22;50;;6;2;False;False;False;;11.32;1.9;;;11;TUP - DPW - CGC;51;;CGC;5167;D016
32.0;260.0;11.2;11.5;2.0;23;0;;6;2;False;False;False;;17.15;1.55;;;11;TUP - DPW - CGC;51;;CGC;5168;D016
29.83;179.97;5.75;9.85;1.0;1;12;;0;3;False;False;False;;55.0;2.7;;;11;Copersucar;12;;GSA - E;5169;D016
28.0;179.87;9.7;7.8;2.0;2;0;;0;3;False;False;False;;31.1;6.5;;;11;Transpetro;47;;GL;5170;D016
32.31;229.0;7.52;13.4;1.0;5;30;;0;3;False;False;False;;88.7;2.58;;;11;Terminal ADM do Brasil;39;;GSA - E;5171;D016
38.0;229.0;6.9;13.58;1.0;5;48;;0;3;False;False;False;;36.25;2.05;;;11;Copersucar;12;;GSA - E;5172;D016
32.0;199.99;7.09;13.6;1.0;6;36;;0;3;False;False;False;;54.67;0;;;11;T-Grão;46;;GSA - E;5173;D016
32.0;229.0;9.61;13.86;1.0;6;40;;0;3;False;False;False;;45.1;1.72;;;11;Copersucar;12;;GSA - E;5174;D016
36.0;236.32;8.1;8.5;1.0;8;25;;0;3;False;False;True;;7.43;0.82;;;11;TEV;45;;CGNC;5175;D016
32.28;199.9;7.9;8.8;1.0;12;12;;0;3;False;False;True;;8.33;0.55;;;11;TEV;45;;CGNC;5176;D016
30.0;208.85;10.0;11.2;2.0;13;0;;0;3;False;False;False;;16.1;2.83;;;11;Santos Brasil;32;;CGC;5177;D016
33.0;201.8;9.48;11.95;1.0;19;0;;0;3;False;False;False;;36.18;0.02;;;11;Bracell;8;;CGNC;5178;D016
32.0;225.0;9.4;14.2;1.0;20;12;;0;3;False;False;False;;52.92;1.95;;;11;TUP - DPW - CGNC;52;;CGNC;5179;D016
32.0;199.9;7.25;13.3;1.0;21;42;;0;3;False;False;False;;37.08;4.92;;;11;Elevações Portuárias;15;;GSA - E;5180;D016
27.43;184.0;9.6;9.8;1.0;0;0;;1;4;False;False;False;;66.33;0;;;11;Ageo Terminais ;2;;GL;5181;D016
32.0;224.98;7.16;12.05;1.0;0;30;;1;4;False;False;False;;108.58;0.08;;;11;Terminal XXXIX;44;;GSA - E;5182;D016
30.0;222.14;10.8;11.1;2.0;1;57;;1;4;False;False;False;;10.63;2.82;;;11;Santos Brasil;32;;CGC;5183;D016
48.0;331.1;12.2;14.45;2.0;2;0;;1;4;False;False;False;;35.48;1.98;;;11;TUP - DPW - CGC;51;;CGC;5184;D016
38.0;333.33;8.65;8.6;3.0;6;42;;1;4;False;True;False;;10.5;0;;;11;Concais;11;;PASSAGEIROS;5185;D016
32.0;201.8;10.5;11.8;1.0;7;0;;1;4;False;False;False;;79.78;1.05;;;11;TUP - DPW - CGNC;52;;CGNC;5186;D016
46.0;299.9;11.8;9.9;2.0;7;0;;1;4;False;False;False;;25.38;2.3;;;11;BTP;9;;CGC;5187;D016
26.0;170.0;10.36;9.97;1.0;8;0;;1;4;False;False;False;;57.43;9.93;;;11;TUP - Cutrale - GSA - E;50;;GSA - E;5188;D016
32.0;201.8;7.4;8.65;1.0;8;0;;1;4;False;False;False;;8.42;5.17;;;11;Eldorado (Rishis);14;;CGNC;5189;D016
48.0;335.98;12.1;10.8;2.0;9;0;;1;4;False;False;False;;18.68;5.47;;;11;BTP;9;;CGC;5190;D016
32.0;213.88;8.6;9.7;1.0;11;30;;1;4;False;False;False;;26.4;1.72;;;11;Ecoporto;13;;CGNC;5191;D016
30.0;197.2;10.0;9.1;2.0;12;30;;1;4;False;False;False;;14.98;6.18;;;11;Santos Brasil;32;;CGC;5192;D016
42.0;346.98;10.1;13.9;2.0;14;0;;1;4;False;False;False;;22.32;6.67;;;11;BTP;9;;CGC;5193;D016
30.0;218.45;10.2;10.3;2.0;15;30;;1;4;False;False;False;;11.23;1.25;;;11;Santos Brasil;32;;CGC;5194;D016
40.0;272.05;9.6;8.5;2.0;16;25;;1;4;False;False;False;;14.07;2.65;;;11;TUP - DPW - CGC;51;;CGC;5195;D016
30.0;179.97;7.0;6.1;2.0;20;30;;1;4;False;False;False;;23.5;0;;;11;Outros - Cais do Macuco;25;;GSM - I;5196;D016
30.0;179.9;9.6;9.58;2.0;21;0;;1;4;False;False;False;;37.33;3.17;;;11;Outros - Cais do Macuco;25;;GSM - I;5197;D016
24.0;144.09;8.2;6.4;2.0;22;0;;1;4;False;False;False;;43.67;0;;;11;Ageo Terminais ;2;;GL;5198;D016
27.4;183.98;7.4;10.1;1.0;22;30;;1;4;False;False;False;;32.6;3.63;;;11;Transpetro;47;;GL;5199;D016
40.0;182.9;8.5;10.2;1.0;23;24;;1;4;False;False;False;;17.9;2.23;;;11;Transpetro;47;;GL;5200;D016
30.03;180.0;10.1;8.1;2.0;1;12;;2;5;False;False;False;;193.52;3.98;;;11;Moinho Santista (Bunge);17;;GSA - I;5201;D016
42.0;346.98;12.1;14.2;1.0;2;36;;2;5;False;False;False;;19.53;1.83;;;11;BTP;9;;CGC;5202;D016
32.0;228.9;10.4;13.41;1.0;5;30;;2;5;False;False;False;;39.17;0;;;11;Terminal Exportador do Guarujá (TEG);42;;GSA - E;5203;D016
40.0;300.4;12.0;12.6;2.0;6;0;;2;5;False;False;False;;34.65;2.08;;;11;Santos Brasil;32;;CGC;5204;D016
28.0;179.87;8.9;7.3;2.0;8;48;;2;5;False;False;False;;20.4;2.7;;;11;TUP - Tiplam - GL;55;;GL;5205;D016
32.0;189.99;6.2;8.96;1.0;10;48;;2;5;False;False;False;;65.42;0;;;11;T-Grão;46;;GSA - E;5206;D016
48.0;299.96;12.1;11.8;2.0;15;30;;2;5;False;False;False;;21.1;1.67;;;11;Santos Brasil;32;;CGC;5207;D016
19.0;87.9;5.0;5.55;1.0;15;40;;2;5;False;False;False;;69.83;0.25;;;11;TUP - Saipem;53;;CGNC;5208;D016
37.0;254.73;10.0;8.9;1.0;17;0;;2;5;False;False;False;;15.05;2.48;;;11;TUP - DPW - CGC;51;;CGC;5209;D016
48.0;299.95;11.5;14.15;1.0;18;13;;2;5;False;False;False;;25.62;2.57;;;11;BTP;9;;CGC;5210;D016
32.0;182.9;9.2;9.0;2.0;20;0;;2;5;False;False;False;;23.6;5.4;;;11;TUP - Terminal Marítimo Dow;54;;GL;5211;D016
32.24;199.95;9.1;9.28;1.0;20;45;;2;5;False;False;True;;7.63;1.28;;;11;TEV;45;;CGNC;5212;D016
30.0;199.2;7.04;8.45;1.0;21;0;;2;5;False;False;False;;11.3;9.4;;;11;Eldorado (Rishis);14;;CGNC;5213;D016
32.0;199.98;10.3;6.59;2.0;21;36;;2;5;False;False;False;;96.6;1.73;;;11;TUP - Tiplam - GSM - I;57;;GSM - I;5214;D016
25.0;182.47;8.2;8.1;2.0;22;0;;2;5;False;False;False;;14.97;1.95;;;11;Santos Brasil;32;;CGC;5215;D016
36.0;210.0;10.0;13.7;1.0;0;30;;3;6;False;False;False;;58.52;2.98;;;11;TUP - DPW - CGNC;52;;CGNC;5216;D016
30.0;179.97;6.1;10.1;1.0;1;0;;3;6;False;False;False;;43.93;1.73;;;11;Temrinal de Exportação de Açúcar do Guarujá (TEAG);37;;GSA - E;5217;D016
45.0;299.9;11.65;14.4;2.0;3;28;;3;6;False;False;False;;18.63;1.6;;;11;BTP;9;;CGC;5218;D016
36.05;228.96;11.56;13.45;1.0;4;30;;3;6;False;False;False;;35.83;2.75;;;11;Elevações Portuárias;15;;GSA - E;5219;D016
24.0;189.98;9.3;6.55;2.0;5;0;;3;6;False;False;False;;152.33;0;;;11;Outros - Cais do Macuco;25;;GSM - I;5220;D016
32.28;199.98;10.26;6.95;2.0;8;0;;3;6;False;False;False;;140.47;2.17;;;11;TUP - Tiplam - GSM - I;57;;GSM - I;5221;D016
48.0;299.87;11.25;13.2;1.0;8;0;;3;6;False;False;False;;14.57;2.03;;;11;BTP;9;;CGC;5222;D016
32.0;243.0;10.3;11.35;1.0;10;36;;3;6;False;False;False;;21.28;2.22;;;11;TUP - DPW - CGC;51;;CGC;5223;D016
32.0;229.0;6.71;13.15;1.0;11;48;;3;6;False;False;False;;55.18;0;;;11;Terminal XXXIX;44;;GSA - E;5224;D016
28.0;179.99;9.0;8.0;2.0;16;0;;3;6;False;False;False;;43.0;0;;;11;Ageo Terminais ;2;;GL;5225;D016
32.31;199.9;10.2;7.5;2.0;18;0;;3;6;False;False;False;;194.08;0.25;;;11;Outros - Cais do Macuco;25;;GSM - I;5226;D016
32.25;294.1;11.5;12.7;2.0;23;30;;3;6;False;False;False;;6.82;2.05;;;11;BTP;9;;CGC;5227;D016
32.0;186.07;8.4;8.2;2.0;0;29;;4;7;False;False;False;;28.5;0.83;;;11;Ageo Terminais ;2;;GL;5228;D016
28.36;189.94;6.4;10.07;1.0;0;30;;4;7;False;False;False;;52.5;3.33;;;11;TUP - Tiplam - GSA - E;56;;GSA - E;5229;D016
32.0;199.98;6.8;11.05;1.0;1;6;;4;7;False;False;False;;31.42;2.83;;;11;Terminal Exportador de Santos (TES);41;;GSA - E;5230;D016
38.0;229.0;7.15;13.51;1.0;3;0;;4;7;False;False;False;;69.78;1.83;;;11;Copersucar;12;;GSA - E;5231;D016
48.0;299.9;13.2;11.0;2.0;3;30;;4;7;False;False;False;;21.95;1.68;;;11;Santos Brasil;32;;CGC;5232;D016
51.0;336.0;11.2;14.0;2.0;5;14;;4;7;False;False;False;;40.98;1.98;;;11;Santos Brasil;32;;CGC;5233;D016
38.0;333.33;8.6;8.6;3.0;6;48;;4;7;False;True;False;;10.42;0;;;11;Concais;11;;PASSAGEIROS;5234;D016
46.0;299.9;12.5;11.3;2.0;7;30;;4;7;False;False;False;;24.95;2.0;;;11;BTP;9;;CGC;5235;D016
27.0;165.2;8.0;7.5;2.0;9;0;;4;7;False;False;False;;24.83;2.93;;;11;TUP - Terminal Marítimo Dow;54;;GL;5236;D016
30.05;180.0;6.15;10.0;1.0;10;30;;4;7;False;False;False;;18.88;2.7;;;11;TUP - Tiplam - GSA - E;56;;GSA - E;5237;D016
48.0;300.0;12.7;14.2;2.0;12;0;;4;7;False;False;False;;23.28;2.28;;;11;BTP;9;;CGC;5238;D016
32.23;183.15;11.6;10.6;2.0;13;30;;4;7;False;False;False;;81.75;0;;;11;Ageo Terminais ;2;;GL;5239;D016
37.0;209.99;7.6;8.65;1.0;13;35;;4;7;False;False;False;;49.4;3.0;;;11;Terminal ADM do Brasil;39;;GSA - E;5240;D016
40.0;304.14;11.1;9.8;2.0;13;42;;4;7;False;False;False;;12.2;1.57;;;11;TUP - DPW - CGC;51;;CGC;5241;D016
32.0;204.85;7.4;10.3;1.0;15;0;;4;7;False;False;False;;65.83;11.27;;;11;TUP - Cutrale - GSA - E;50;;GSA - E;5242;D016
32.3;225.0;7.3;13.19;1.0;16;0;;4;7;False;False;False;;69.68;2.65;;;11;TUP - Tiplam - GSA - E;56;;GSA - E;5243;D016
44.0;299.95;12.4;10.2;2.0;16;0;;4;7;False;False;False;;26.67;1.58;;;11;Santos Brasil;32;;CGC;5244;D016
32.0;225.0;9.5;14.22;1.0;17;0;;4;7;False;False;False;;44.92;2.52;;;11;TUP - DPW - CGNC;52;;CGNC;5245;D016
32.0;225.0;8.5;9.0;1.0;17;0;;4;7;False;False;False;;4.78;13.4;;;11;Eldorado (Rishis);14;;CGNC;5246;D016
32.0;204.85;8.0;10.5;1.0;18;0;;4;7;False;False;False;;90.25;0.45;;;11;Citrosuco;10;;GL;5247;D016
32.31;189.99;6.33;12.5;1.0;18;0;;4;7;False;False;False;;33.75;2.95;;;11;TUP - Tiplam - GSA - E;56;;GSA - E;5248;D016
32.0;228.99;8.4;14.12;1.0;18;45;;4;7;False;False;False;;56.6;6.58;;;11;Terminal 12A (COFCO);38;;GSA - E;5249;D016
30.07;179.99;7.95;8.2;2.0;20;15;;4;7;False;False;False;;36.0;4.33;;;11;Outros - Cais do Macuco;25;;GSM - I;5250;D016
32.31;196.0;8.79;6.8;2.0;22;0;;4;7;False;False;False;;128.72;2.78;;;11;Hidrovias do Brasil;16;;GSM - I;5251;D016
25.0;156.53;7.1;6.7;2.0;0;54;;5;8;False;False;False;;24.0;5.08;;;11;Stolthaven;33;;GL;5252;D016
32.0;189.99;6.84;11.65;1.0;2;40;;5;8;False;False;False;;49.75;26.58;;;11;Elevações Portuárias;15;;GSA - E;5253;D016
32.0;182.88;9.5;10.85;1.0;6;0;;5;8;False;False;False;;11.0;3.47;;;11;Transpetro;47;;GL;5254;D016
32.0;183.06;8.7;11.2;1.0;7;48;;5;8;False;False;False;;20.0;1.05;;;11;Transpetro;47;;GL;5255;D016
40.0;300.4;10.3;10.8;2.0;8;0;;5;8;False;False;False;;10.1;1.67;;;11;BTP;9;;CGC;5256;D016
42.87;334.0;14.2;11.3;2.0;10;0;;5;8;False;False;False;;47.43;2.73;;;11;Santos Brasil;32;;CGC;5257;D016
32.0;183.06;8.8;8.0;2.0;11;40;;5;8;False;False;False;;61.6;0.6;;;11;Ageo Terminais ;2;;GL;5258;D016
36.0;210.0;10.2;9.9;2.0;11;45;;5;8;False;False;False;;40.47;6.8;;;11;Ecoporto;13;;CGNC;5259;D016
36.0;229.0;7.69;13.24;1.0;12;0;;5;8;False;False;False;;68.25;2.17;;;11;Terminal de Granéis do Guarujá (TGG);40;;GSA - E;5260;D016
32.0;183.1;7.55;7.0;2.0;13;0;;5;8;False;False;False;;33.42;0;;;11;Vopak;60;;GL;5261;D016
32.0;189.99;8.0;7.42;2.0;17;30;;5;8;False;False;False;;97.42;0;;;11;Outros - Cais do Saboó;28;;GSM - I;5262;D016
40.0;272.05;9.9;12.2;2.0;18;30;;5;8;False;False;False;;17.73;1.87;;;11;TUP - DPW - CGC;51;;CGC;5263;D016
40.0;277.32;12.6;11.6;2.0;23;0;;5;8;False;False;False;;11.48;1.92;;;11;BTP;9;;CGC;5264;D016
48.0;333.2;12.9;10.4;2.0;8;0;;6;9;False;False;False;;27.22;1.73;;;11;TUP - DPW - CGC;51;;CGC;5265;D016
32.0;199.92;7.1;10.57;1.0;8;6;;6;9;False;False;False;;51.68;2.57;;;11;TUP - DPW - CGNC;52;;CGNC;5266;D016
20.0;92.95;5.6;6.0;3.0;10;30;;6;9;False;False;False;;49.33;0.17;;;11;TUP - Saipem;53;;CGNC;5267;D016
32.0;188.64;6.65;12.95;1.0;10;30;;6;9;False;False;False;;149.95;0.63;;;11;Terminal Exportador do Guarujá (TEG);42;;GSA - E;5268;D016
35.0;199.91;9.1;8.6;2.0;13;0;;6;9;False;False;False;;29.5;1.43;;;11;Santos Brasil;32;;CGC;5269;D016
32.0;294.13;10.5;12.3;1.0;21;0;;6;9;False;False;False;;15.67;3.15;;;11;Santos Brasil;32;;CGC;5270;D016
32.0;189.99;6.5;12.58;1.0;0;6;;0;10;False;False;False;;37.67;2.37;;;11;TUP - Tiplam - GSA - E;56;;GSA - E;5271;D016
32.3;228.99;7.11;13.3;1.0;2;0;;0;10;False;False;False;;76.83;9.92;;;11;Elevações Portuárias;15;;GSA - E;5272;D016
51.0;335.94;14.0;12.1;2.0;2;0;;0;10;False;False;False;;19.78;3.05;;;11;BTP;9;;CGC;5273;D016
43.0;270.9;11.43;14.1;1.0;2;45;;0;10;False;False;False;;17.73;2.05;;;11;TUP - DPW - CGC;51;;CGC;5274;D016
38.0;333.33;8.6;8.6;3.0;6;20;;0;10;False;True;False;;10.42;0;;;11;Concais;11;;PASSAGEIROS;5275;D016
19.0;119.95;7.1;6.0;2.0;7;0;;0;10;False;False;False;;33.0;14.23;;;11;Transpetro;47;;GL;5276;D016
32.0;189.9;6.3;11.37;1.0;7;0;;0;10;False;False;False;;77.77;0.65;;;11;Temrinal de Exportação de Açúcar do Guarujá (TEAG);37;;GSA - E;5277;D016
32.2;225.0;9.04;13.9;1.0;7;0;;0;10;False;False;False;;40.58;1.73;;;11;Copersucar;12;;GSA - E;5278;D016
43.0;299.9;12.2;13.6;2.0;8;0;;0;10;False;False;False;;22.08;2.25;;;11;BTP;9;;CGC;5279;D016
32.31;189.94;9.48;12.79;1.0;8;30;;0;10;False;False;False;;37.28;0.17;;;11;Temrinal de Exportação de Açúcar do Guarujá (TEAG);37;;GSA - E;5280;D016
27.43;184.0;9.8;10.5;1.0;8;30;;0;10;False;False;False;;37.97;0;;;11;Vopak;60;;GL;5281;D016
28.0;179.99;6.3;10.26;1.0;9;0;;0;10;False;False;False;;46.35;0.33;;;11;Terminal 12A (COFCO);38;;GSA - E;5282;D016
32.3;232.37;8.5;8.2;2.0;12;10;;0;10;False;False;True;;1.0;4.9;;;11;TEV;45;;RORO ;5283;D016
32.0;228.99;7.1;13.89;1.0;13;10;;0;10;False;False;False;;28.8;4.3;;;11;Terminal de Granéis do Guarujá (TGG);40;;GSA - E;5284;D016
27.0;183.0;7.5;8.6;1.0;13;25;;0;10;False;False;False;;17.8;3.67;;;11;Transpetro;47;;GL;5285;D016
32.0;199.97;8.4;8.6;1.0;15;30;;0;10;False;False;True;;4.35;0.95;;;11;TEV;45;;CGNC;5286;D016
32.0;294.12;10.7;11.0;2.0;17;30;;0;10;False;False;False;;21.65;1.45;;;11;TUP - DPW - CGC;51;;CGC;5287;D016
32.28;199.41;7.2;7.8;1.0;18;0;;0;10;False;False;True;;10.5;3.08;;;11;TEV;45;;CGNC;5288;D016
26.0;173.0;6.8;9.0;1.0;18;30;;0;10;False;False;False;;86.85;0.17;;;11;Citrosuco;10;;GL;5289;D016
21.0;134.75;5.8;6.2;1.0;19;15;;0;10;False;False;False;;21.5;7.88;;;11;Ultracargo;59;;GL;5290;D016
32.0;201.8;8.65;10.5;1.0;20;20;;0;10;False;False;False;;21.15;4.35;;;11;Suzano (T-32);35;;CGNC;5291;D016
32.0;225.0;10.31;13.78;1.0;21;0;;0;10;False;False;False;;14.67;2.25;;;11;Elevações Portuárias;15;;GSA - E;5292;D016
37.0;215.4;7.01;12.81;1.0;21;30;;0;10;False;False;False;;45.43;0;;;11;Terminal XXXIX;44;;GSA - E;5293;D016
36.0;210.0;8.7;12.6;1.0;21;36;;0;10;False;False;False;;99.33;7.17;;;11;Bracell;8;;CGNC;5294;D016
48.0;333.2;10.7;13.7;2.0;0;43;;1;11;False;False;False;;27.63;1.88;;;11;TUP - DPW - CGC;51;;CGC;5295;D016
32.0;229.0;11.12;13.4;1.0;1;5;;1;11;False;False;False;;21.57;0.43;;;11;TUP - Cutrale - GSA - E;50;;GSA - E;5296;D016
9.0;210.54;10.7;10.5;2.0;1;30;;1;11;False;False;False;;14.93;1.12;;;11;Santos Brasil;32;;CGC;5297;D016
31.0;182.93;9.56;9.0;2.0;1;50;;1;11;False;False;False;;72.07;28.85;;;11;TUP - Usiminas;58;;GSM - E;5298;D016
43.0;334.0;9.9;9.3;2.0;2;18;;1;11;False;False;False;;14.03;2.55;;;11;BTP;9;;CGC;5299;D016
32.3;190.0;7.5;12.35;1.0;4;45;;1;11;False;False;False;;27.5;3.17;;;11;Elevações Portuárias;15;;GSA - E;5300;D016
32.0;199.95;7.0;13.63;1.0;14;30;;1;11;False;False;False;;49.42;2.57;;;11;Elevações Portuárias;15;;GSA - E;5301;D016
37.0;256.07;9.6;9.1;2.0;14;30;;1;11;False;False;False;;15.43;1.2;;;11;TUP - DPW - CGC;51;;CGC;5302;D016
45.83;334.98;11.0;13.9;1.0;15;30;;1;11;False;False;False;;26.38;2.28;;;11;Santos Brasil;32;;CGC;5303;D016
28.0;172.0;7.6;7.9;1.0;15;30;;1;11;False;False;False;;25.45;1.75;;;11;BTP;9;;CGC;5304;D016
32.3;225.0;7.5;13.3;1.0;16;0;;1;11;False;False;False;;59.73;0.53;;;11;Terminal Exportador do Guarujá (TEG);42;;GSA - E;5305;D016
31.0;212.54;10.8;10.4;2.0;18;0;;1;11;False;False;False;;26.33;1.58;;;11;Santos Brasil;32;;CGC;5306;D016
32.0;183.06;10.3;8.5;2.0;18;18;;1;11;False;False;False;;44.08;0;;;11;Vopak;60;;GL;5307;D016
35.0;228.4;10.4;13.9;1.0;21;30;;1;11;False;False;False;;18.58;2.17;;;11;Elevações Portuárias;15;;GSA - E;5308;D016
45.72;336.67;11.0;9.75;2.0;22;0;;1;11;False;False;False;;13.85;0.47;;;11;BTP;9;;CGC;5309;D016
32.0;190.0;8.24;6.58;2.0;22;0;;1;11;False;False;False;;39.48;18.88;;;11;Terminal Marítimo do Guarujá (Termag);43;;GSM - I;5310;D016
44.0;248.97;8.0;11.0;1.0;22;36;;1;11;False;False;False;;54.1;1.47;;;11;Transpetro;47;;GL;5311;D016
32.0;225.0;7.2;13.25;1.0;23;6;;1;11;False;False;False;;32.33;2.67;;;11;Terminal de Granéis do Guarujá (TGG);40;;GSA - E;5312;D016
48.0;328.46;12.6;14.5;2.0;1;54;;2;12;False;False;False;;35.83;2.37;;;11;BTP;9;;CGC;5313;D016
32.0;228.15;10.2;10.8;2.0;5;0;;2;12;False;False;False;;27.33;2.05;;;11;Santos Brasil;32;;CGC;5314;D016
48.0;314.33;12.8;12.0;2.0;6;0;;2;12;False;False;False;;21.05;1.85;;;11;Santos Brasil;32;;CGNC;5315;D016
32.0;228.99;6.9;13.66;1.0;6;0;;2;12;False;False;False;;51.13;0.42;;;11;Terminal Exportador de Santos (TES);41;;GSA - E;5316;D016
32.23;183.15;10.6;8.7;2.0;7;30;;2;12;False;False;False;;56.4;3.73;;;11;Ultracargo;59;;GL;5317;D016
32.0;228.99;8.48;13.38;1.0;9;20;;2;12;False;False;False;;52.72;0.7;;;11;TUP - Cutrale - GSA - E;50;;GSA - E;5318;D016
30.0;179.9;10.0;8.31;2.0;12;40;;2;12;False;False;False;;149.33;0.17;;;11;Outros - Cais do Saboó;28;;GSM - I;5319;D016
25.0;182.47;7.2;8.4;1.0;13;0;;2;12;False;False;False;;17.75;1.5;;;11;Santos Brasil;32;;CGC;5320;D016
46.0;274.0;13.6;12.7;2.0;13;0;;2;12;False;False;False;;16.23;1.33;;;11;TUP - DPW - CGC;51;;CGC;5321;D016
32.0;194.87;10.15;8.2;2.0;14;0;;2;12;False;False;False;;17.85;1.9;;;11;Santos Brasil;32;;CGC;5322;D016
32.0;225.0;6.8;13.76;1.0;16;30;;2;12;False;False;False;;102.75;2.25;;;11;Elevações Portuárias;15;;GSA - E;5323;D016
32.0;228.99;7.11;13.68;1.0;16;30;;2;12;False;False;False;;86.33;5.3;;;11;TUP - Tiplam - GSA - E;56;;GSA - E;5324;D016
25.0;146.5;9.6;9.2;2.0;19;6;;2;12;False;False;False;;32.83;0;;;11;Vopak;60;;GL;5325;D016
32.0;225.0;9.0;9.5;1.0;21;45;;2;12;False;False;False;;17.55;2.42;;;11;Bracell;8;;CGNC;5326;D016
37.0;254.87;11.1;9.5;2.0;0;10;;3;13;False;False;False;;17.47;1.5;;;11;TUP - DPW - CGC;51;;CGC;5327;D016
32.31;228.99;7.23;14.08;1.0;4;54;;3;13;False;False;False;;125.63;4.88;;;11;Terminal 12A (COFCO);38;;GSA - E;5328;D016
32.0;225.0;7.5;13.77;1.0;7;0;;3;13;False;False;False;;104.08;1.42;;;11;Copersucar;12;;GSA - E;5329;D016
33.0;261.03;8.9;8.7;2.0;7;30;;3;13;False;False;False;;7.58;1.58;;;11;Santos Brasil;32;;CGC;5330;D016
19.0;87.9;5.3;5.4;1.0;8;10;;3;13;False;False;False;;33.67;0.08;;;11;TUP - Saipem;53;;CGNC;5331;D016
51.0;336.0;13.2;11.1;2.0;11;0;;3;13;False;False;False;;20.3;1.88;;;11;Santos Brasil;32;;CGC;5332;D016
22.0;119.9;6.95;6.4;1.0;13;0;;3;13;False;False;False;;64.42;0;;;11;Ageo Terminais ;2;;GL;5333;D016
51.0;335.0;11.0;14.4;1.0;14;6;;3;13;False;False;False;;34.87;2.07;;;11;Santos Brasil;32;;CGC;5334;D016
40.04;275.0;9.7;8.7;2.0;15;2;;3;13;False;False;False;;6.12;1.67;;;11;Santos Brasil;32;;CGC;5335;D016
30.04;179.97;5.9;9.52;1.0;15;30;;3;13;False;False;False;;101.43;2.42;;;11;Terminal ADM do Brasil;39;;GSA - E;5336;D016
32.0;228.99;7.72;7.49;2.0;17;48;;3;13;False;False;False;;36.78;2.37;;;11;TUP - Tiplam - GSM - I;57;;GSM - I;5337;D016
32.0;228.99;14.19;7.73;2.0;17;48;;3;13;False;False;False;;159.97;4.37;;;11;Terminal Marítimo do Guarujá (Termag);43;;GSM - I;5338;D016
48.0;330.04;10.7;14.2;1.0;19;40;;3;13;False;False;False;;22.87;2.25;;;11;BTP;9;;CGC;5339;D016
32.0;261.09;11.2;12.5;2.0;21;0;;3;13;False;False;False;;13.98;1.27;;;11;Santos Brasil;32;;CGC;5340;D016
40.0;299.99;10.5;12.2;2.0;22;0;;3;13;False;False;False;;42.7;1.58;;;11;Santos Brasil;32;;CGC;5341;D016
35.0;223.98;9.0;10.7;1.0;22;15;;3;13;False;False;False;;22.08;1.62;;;11;TUP - DPW - CGC;51;;CGC;5342;D016
28.0;182.9;10.3;8.6;2.0;22;50;;3;13;False;False;False;;77.98;0;;;11;Ageo Terminais ;2;;GL;5343;D016
46.0;335.0;13.6;10.8;2.0;0;1;;4;14;False;False;False;;24.57;6.8;;;11;BTP;9;;RORO ;5344;D016
38.0;333.33;8.6;8.6;3.0;6;42;;4;14;False;True;False;;36.5;0;;;11;Concais;11;;PASSAGEIROS;5345;D016
37.0;227.92;10.9;11.2;1.0;8;53;;4;14;False;False;False;;22.45;1.73;;;11;TUP - DPW - CGC;51;;CGC;5346;D016
36.0;210.0;8.2;7.2;2.0;10;0;;4;14;False;False;False;;24.0;2.17;;;11;Suzano (T-32);35;;GL;5347;D016
30.03;179.99;8.77;10.63;1.0;12;30;;4;14;False;False;False;;40.27;2.4;;;11;TUP - Tiplam - GSA - E;56;;GSA - E;5348;D016
48.47;299.9;10.6;12.4;1.0;13;6;;4;14;False;False;False;;46.48;1.68;;;11;TUP - DPW - CGC;51;;CGC;5349;D016
45.0;299.9;12.5;10.0;2.0;14;40;;4;14;False;False;False;;25.88;1.78;;;11;Santos Brasil;32;;CGNC;5350;D016
36.0;225.0;8.5;8.1;2.0;16;41;;4;14;False;False;False;;74.43;9.38;;;11;Ecoporto;13;;CGNC;5351;D016
32.0;201.8;9.2;13.16;1.0;19;24;;4;14;False;False;False;;62.77;5.87;;;11;TUP - DPW - CGNC;52;;CGNC;5352;D016
32.0;201.8;8.6;9.2;1.0;19;24;;4;14;False;False;False;;33.63;4.77;;;11;Suzano (T-32);35;;CGNC;5353;D016
32.0;183.06;7.5;8.0;1.0;21;0;;4;14;False;False;False;;68.6;1.33;;;11;Transpetro;47;;GL;5354;D016
51.0;335.9;9.4;14.0;1.0;21;30;;4;14;False;False;False;;45.18;1.63;;;11;Santos Brasil;32;;CGC;5355;D016
32.0;199.98;9.3;13.2;1.0;22;36;;4;14;False;False;False;;101.97;3.12;;;11;TUP - DPW - CGNC;52;;CGNC;5356;D016
27.4;183.98;7.5;10.0;1.0;0;6;;5;15;False;False;False;;29.6;4.35;;;11;Transpetro;47;;GL;5357;D016
42.0;320.58;9.7;9.2;2.0;2;24;;5;15;False;False;False;;18.48;1.93;;;11;TUP - DPW - CGC;51;;CGC;5358;D016
45.0;299.9;13.0;10.6;2.0;5;0;;5;15;False;False;False;;44.18;2.12;;;11;BTP;9;;CGC;5359;D016
32.0;229.0;7.3;12.85;1.0;6;25;;5;15;False;False;False;;117.65;1.3;;;11;Terminal Exportador de Santos (TES);41;;GSA - E;5360;D016
26.0;170.0;6.2;7.15;1.0;8;0;;5;15;False;False;False;;28.22;0.7;;;11;Ageo Terminais ;2;;GL;5361;D016
28.0;179.99;9.1;5.61;2.0;11;0;;5;15;False;False;False;;356.9;0;;;11;Nita;18;;GSA - I;5362;D016
24.0;149.93;6.2;5.9;2.0;11;12;;5;15;False;False;False;;31.17;0;;;11;Vopak;60;;GL;5363;D016
48.23;299.92;10.3;12.8;2.0;11;42;;5;15;False;False;False;;25.08;2.27;;;11;BTP;9;;CGC;5364;D016
37.0;227.92;11.2;11.1;2.0;12;42;;5;15;False;False;False;;16.47;1.9;;;11;BTP;9;;CGC;5365;D016
40.0;277.32;10.2;12.4;2.0;13;30;;5;15;False;False;False;;24.22;1.57;;;11;BTP;9;;CGC;5366;D016
30.0;179.99;7.0;9.1;1.0;14;30;;5;15;False;False;False;;182.25;0.02;;;11;NST - GL;20;;GL;5367;D016
32.25;208.78;8.45;12.35;1.0;17;18;;5;15;False;False;False;;49.78;1.85;;;11;TUP - DPW - CGNC;52;;CGNC;5368;D016
48.0;299.9;13.4;11.7;2.0;21;47;;5;15;False;False;False;;20.77;1.67;;;11;Santos Brasil;32;;CGC;5369;D016
37.0;209.99;8.65;11.98;1.0;23;0;;5;15;False;False;False;;48.3;0.17;;;11;Terminal de Granéis do Guarujá (TGG);40;;GSA - E;5370;D016
32.0;189.99;8.96;12.76;1.0;23;30;;5;15;False;False;False;;32.53;0;;;11;T-Grão;46;;GSA - E;5371;D016
32.0;229.0;8.1;13.9;1.0;1;30;;6;16;False;False;False;;35.77;3.53;;;11;Copersucar;12;;GSA - E;5372;D016
30.07;179.99;8.2;7.53;2.0;2;30;;6;16;False;False;False;;39.5;0;;;11;Outros - Cais do Macuco;25;;GSM - I;5373;D016
38.0;249.97;11.2;10.0;2.0;3;12;;6;16;False;False;False;;15.25;1.35;;;11;BTP;9;;CGC;5374;D016
23.0;143.15;6.35;6.6;2.0;4;18;;6;16;False;False;False;;16.22;8.87;;;11;Ecoporto;13;;CGNC;5375;D016
30.03;180.0;6.6;9.46;1.0;4;24;;6;16;False;False;False;;84.57;175.43;;;11;TUP - Usiminas;58;;CGNC;5376;D016
32.0;199.9;7.1;12.9;1.0;7;20;;6;16;False;False;False;;87.97;0.88;;;11;Temrinal de Exportação de Açúcar do Guarujá (TEAG);37;;GSA - E;5377;D016
32.0;213.88;8.9;8.8;1.0;7;30;;6;16;False;False;False;;12.42;0.33;;;11;Ecoporto;13;;CGNC;5378;D016
32.0;260.05;12.45;10.3;2.0;10;48;;6;16;False;False;False;;15.22;2.23;;;11;Santos Brasil;32;;CGC;5379;D016
48.0;331.1;13.9;11.7;2.0;11;0;;6;16;False;False;False;;21.33;1.45;;;11;TUP - DPW - CGC;51;;CGC;5380;D016
37.0;209.99;10.7;11.95;1.0;12;0;;6;16;False;False;False;;25.2;2.08;;;11;Terminal ADM do Brasil;39;;GSA - E;5381;D016
40.0;293.87;11.5;12.6;2.0;12;0;;6;16;False;False;False;;12.73;4.77;;;11;BTP;9;;CGC;5382;D016
32.29;199.9;8.7;8.8;2.0;12;0;;6;16;False;False;True;;2.25;2.58;;;11;TEV;45;;CGNC;5383;D016
46.0;335.0;13.8;11.7;2.0;14;0;;6;16;False;False;False;;24.45;4.65;;;11;Santos Brasil;32;;CGC;5384;D016
32.0;199.9;6.2;13.5;1.0;15;48;;6;16;False;False;False;;29.58;2.42;;;11;Elevações Portuárias;15;;GSA - E;5385;D016
37.0;229.5;9.09;12.27;1.0;16;40;;6;16;False;False;False;;63.75;4.92;;;11;TUP - Tiplam - GSA - E;56;;GSA - E;5386;D016
30.0;218.45;9.1;8.6;2.0;16;46;;6;16;False;False;False;;13.68;2.02;;;11;Santos Brasil;32;;CGC;5387;D016
32.23;183.06;9.1;11.4;1.0;17;0;;6;16;False;False;False;;23.5;3.25;;;11;Transpetro;47;;GL;5388;D016
33.0;229.0;7.7;12.34;1.0;19;32;;6;16;False;False;False;;86.27;3.3;;;11;Terminal ADM do Brasil;39;;GSA - E;5389;D016
32.0;293.97;11.0;10.6;2.0;21;0;;6;16;False;False;False;;19.9;1.77;;;11;Santos Brasil;32;;CGC;5390;D016
51.0;335.95;13.6;11.1;2.0;22;0;;6;16;False;False;False;;21.82;2.35;;;11;Santos Brasil;32;;CGC;5391;D016
48.23;299.96;12.7;14.4;1.0;1;0;;0;17;False;False;False;;45.57;4.8;;;11;BTP;9;;CGC;5392;D016
27.0;165.2;8.3;7.7;2.0;3;0;;0;17;False;False;False;;29.25;2.73;;;11;TUP - Terminal Marítimo Dow;54;;GL;5393;D016
32.0;183.06;8.5;8.0;2.0;5;0;;0;17;False;False;False;;25.75;3.63;;;11;TUP - Terminal Marítimo Dow;54;;GL;5394;D016
28.0;182.9;8.6;8.1;2.0;6;0;;0;17;False;False;False;;57.42;0;;;11;Granel Química;61;;GL;5395;D016
32.0;228.9;7.97;12.9;1.0;7;0;;0;17;False;False;False;;98.05;0.67;;;11;Terminal Exportador do Guarujá (TEG);42;;GSA - E;5396;D016
43.0;272.0;10.4;10.3;2.0;9;30;;0;17;False;False;False;;10.92;2.3;;;11;BTP;9;;CGC;5397;D016
29.83;179.97;10.77;6.56;2.0;9;42;;0;17;False;False;False;;104.47;2.33;;;11;Hidrovias do Brasil;16;;GSM - I;5398;D016
48.0;337.0;14.45;12.6;2.0;10;0;;0;17;False;False;False;;25.15;11.3;;;11;BTP;9;;CGC;5399;D016
26.0;170.0;7.5;9.7;1.0;11;0;;0;17;False;False;False;;42.52;13.62;;;11;TUP - Cutrale - GL;49;;GL;5400;D016
32.31;228.99;7.42;13.68;1.0;11;20;;0;17;False;False;False;;67.5;2.9;;;11;TUP - Tiplam - GSA - E;56;;GSA - E;5401;D016
32.0;199.0;7.9;10.6;1.0;12;30;;0;17;False;False;True;;26.0;3.08;;;11;TEV;45;;CGNC;5402;D016
32.0;225.0;7.27;13.53;1.0;13;0;;0;17;False;False;False;;80.67;0;;;11;T-Grão;46;;GSA - E;5403;D016
40.0;272.05;10.6;12.1;1.0;17;0;;0;17;False;False;False;;26.43;1.33;;;11;TUP - DPW - CGC;51;;CGC;5404;D016
32.0;294.12;12.7;13.2;2.0;19;0;;0;17;False;False;False;;20.32;1.17;;;11;TUP - DPW - CGC;51;;CGC;5405;D016
48.0;329.8;10.4;12.3;2.0;23;0;;0;17;False;False;False;;39.0;2.07;;;11;TUP - DPW - CGC;51;;CGC;5406;D016
30.0;218.45;10.4;11.05;2.0;23;30;;0;17;False;False;False;;15.53;3.27;;;11;Santos Brasil;32;;CGC;5407;D016
24.0;144.09;8.1;6.3;2.0;1;57;;1;18;False;False;False;;44.5;0;;;11;Ageo Terminais ;2;;GL;5408;D016
48.0;337.0;11.4;10.0;2.0;2;46;;1;18;False;False;False;;17.12;2.15;;;11;BTP;9;;CGC;5409;D016
38.0;333.33;8.65;8.6;3.0;6;45;;1;18;False;True;False;;10.83;0;;;11;Concais;11;;PASSAGEIROS;5410;D016
40.0;274.67;12.25;14.4;1.0;8;54;;1;18;False;False;False;;17.82;1.27;;;11;TUP - DPW - CGC;51;;CGC;5411;D016
18.35;145.63;5.4;5.6;1.0;8;56;;1;18;False;False;False;;43.68;0.6;;;11;Ecoporto;13;;CGNC;5412;D016
32.0;224.9;6.9;12.48;1.0;13;0;;1;18;False;False;False;;56.75;3.95;;;11;Terminal Exportador de Santos (TES);41;;GSA - E;5413;D016
32.0;229.0;7.25;13.65;1.0;13;30;;1;18;False;False;False;;73.33;0;;;11;T-Grão;46;;GSA - E;5414;D016
32.0;294.12;12.0;13.7;1.0;16;30;;1;18;False;False;False;;7.2;2.05;;;11;Santos Brasil;32;;CGC;5415;D016
48.0;299.18;11.1;10.6;2.0;16;54;;1;18;False;False;False;;14.45;4.65;;;11;Santos Brasil;32;;CGC;5416;D016
30.0;208.85;11.1;10.9;2.0;17;30;;1;18;False;False;False;;20.25;2.42;;;11;Santos Brasil;32;;CGC;5417;D016
40.0;254.95;9.9;9.6;1.0;22;36;;1;18;False;False;False;;14.0;0.83;;;11;TUP - DPW - CGC;51;;CGC;5418;D016
37.0;199.98;8.4;9.2;2.0;0;6;;2;19;False;False;True;;21.68;1.15;;;11;TEV;45;;CGNC;5419;D016
40.04;275.0;11.0;12.8;1.0;1;6;;2;19;False;False;False;;25.78;1.78;;;11;Santos Brasil;32;;CGC;5420;D016
37.0;228.0;10.5;9.8;2.0;5;23;;2;19;False;False;False;;29.62;2.02;;;11;Santos Brasil;32;;CGC;5421;D016
46.0;299.9;10.3;14.45;2.0;8;0;;2;19;False;False;False;;25.28;2.35;;;11;BTP;9;;CGC;5422;D016
36.0;210.0;7.8;7.2;2.0;8;0;;2;19;False;False;False;;17.02;6.92;;;11;Ecoporto;13;;CGNC;5423;D016
40.0;182.9;7.5;12.4;1.0;15;0;;2;19;False;False;False;;38.2;2.55;;;11;Transpetro;47;;GL;5424;D016
48.0;299.96;11.8;14.35;1.0;16;42;;2;19;False;False;False;;24.92;2.55;;;11;BTP;9;;CGC;5425;D016
27.0;169.3;9.7;5.67;2.0;19;12;;2;19;False;False;False;;54.5;1.37;;;11;TUP - Tiplam - GSM - I;57;;GSM - I;5426;D016
25.0;182.47;7.8;7.8;2.0;22;30;;2;19;False;False;False;;13.82;1.77;;;11;Santos Brasil;32;;CGC;5427;D016
37.0;255.0;10.7;10.15;1.0;23;0;;2;19;False;False;False;;15.63;1.7;;;11;TUP - DPW - CGC;51;;CGC;5428;D016
32.29;199.98;11.66;6.51;2.0;23;12;;2;19;False;False;False;;140.22;6.33;;;11;Terminal Marítimo do Guarujá (Termag);43;;GSM - I;5429;D016
32.0;228.9;7.41;12.65;1.0;23;30;;2;19;False;False;False;;30.6;0;;;11;Terminal XXXIX;44;;GSA - E;5430;D016
32.0;225.0;8.67;12.98;1.0;0;22;;3;20;False;False;False;;162.93;0.5;;;11;TUP - Cutrale - GL;49;;GL;5431;D016
48.3;335.93;12.6;14.5;2.0;6;0;;3;20;False;False;False;;26.32;1.42;;;11;BTP;9;;CGC;5432;D016
25.0;155.0;9.3;8.0;2.0;6;50;;3;20;False;False;False;;24.65;0;;;11;Adonai Química;1;;GL;5433;D016
32.0;189.99;6.9;6.84;2.0;7;45;;3;20;False;False;False;;33.5;4.25;;;11;Hidrovias do Brasil;16;;GSM - I;5434;D016
32.29;199.9;6.69;13.13;1.0;11;45;;3;20;False;False;False;;41.12;2.68;;;11;Elevações Portuárias;15;;GSA - E;5435;D016
31.0;182.93;9.29;8.78;2.0;12;24;;3;20;False;False;False;;128.42;0;;;11;Outros - Cais do Macuco;25;;GSM - I;5436;D016
32.0;183.15;7.5;7.7;2.0;15;0;;3;20;False;False;False;;18.42;13.27;;;11;Adonai Química;1;;GL;5437;D016
32.0;225.0;6.3;13.86;1.0;17;0;;3;20;False;False;False;;80.55;4.25;;;11;Terminal ADM do Brasil;39;;GSA - E;5438;D016
40.0;278.94;9.6;9.2;2.0;20;57;;3;20;False;False;False;;14.73;2.75;;;11;Santos Brasil;32;;CGC;5439;D016
48.0;299.9;12.6;10.0;2.0;23;42;;3;20;False;False;False;;16.38;1.9;;;11;Santos Brasil;32;;CGC;5440;D016
32.29;199.94;8.2;9.0;1.0;3;1;;4;21;False;False;True;;16.5;3.0;;;11;TEV;45;;CGNC;5441;D016
37.0;227.97;11.0;10.7;1.0;4;30;;4;21;False;False;False;;29.75;1.73;;;11;TUP - DPW - CGC;51;;CGC;5442;D016
32.0;224.9;7.3;11.13;1.0;5;48;;4;21;False;False;False;;85.08;0;;;11;Terminal XXXIX;44;;GSA - E;5443;D016
38.0;333.33;8.6;8.6;3.0;6;45;;4;21;False;True;False;;12.33;0;;;11;Concais;11;;PASSAGEIROS;5444;D016
32.0;199.9;11.48;8.0;2.0;7;15;;4;21;False;False;False;;85.17;26.2;;;11;TUP - Tiplam - GSM - I;57;;GSM - I;5445;D016
32.0;229.0;6.75;13.27;1.0;8;30;;4;21;False;False;False;;62.3;4.32;;;11;Terminal de Granéis do Guarujá (TGG);40;;GSA - E;5446;D016
32.0;229.0;7.5;11.61;1.0;9;48;;4;21;False;False;False;;29.88;3.78;;;11;TUP - Tiplam - GSA - E;56;;GSA - E;5447;D016
36.0;236.32;8.4;8.9;2.0;10;30;;4;21;False;False;False;;18.02;0.08;;;11;Ecoporto;13;;RORO ;5448;D016
45.0;299.9;12.2;13.9;2.0;10;57;;4;21;False;False;False;;24.23;1.63;;;11;BTP;9;;CGC;5449;D016
34.0;223.91;6.6;11.2;1.0;14;20;;4;21;False;False;False;;23.52;1.57;;;11;TUP - DPW - CGC;51;;CGC;5450;D016
49.0;299.87;12.1;10.0;2.0;15;0;;4;21;False;False;False;;20.52;2.33;;;11;Santos Brasil;32;;CGC;5451;D016
45.0;335.0;11.5;13.3;1.0;20;30;;4;21;False;False;False;;18.57;1.7;;;11;BTP;9;;CGNC;5452;D016
19.0;87.9;5.8;5.7;1.0;22;10;;4;21;False;False;False;;21.17;0.17;;;11;TUP - Saipem;53;;CGNC;5453;D016
25.0;155.0;8.0;7.3;2.0;0;10;;5;22;False;False;False;;36.0;12.17;;;11;Stolthaven;33;;GL;5454;D016
32.0;190.0;6.62;10.6;1.0;0;54;;5;22;False;False;False;;119.4;3.43;;;11;Temrinal de Exportação de Açúcar do Guarujá (TEAG);37;;GSA - E;5455;D016
48.0;333.2;10.6;10.15;2.0;1;10;;5;22;False;False;False;;12.98;2.88;;;11;BTP;9;;CGNC;5456;D016
40.12;293.19;14.0;14.0;2.0;5;0;;5;22;False;False;False;;71.13;3.32;;;11;Santos Brasil;32;;CGC;5457;D016
32.0;229.0;7.37;7.63;2.0;5;18;;5;22;False;False;False;;36.33;7.28;;;11;TUP - Tiplam - GSM - I;57;;GSM - I;5458;D016
32.0;229.0;7.8;13.68;1.0;5;45;;5;22;False;False;False;;32.18;2.33;;;11;Terminal de Granéis do Guarujá (TGG);40;;GSA - E;5459;D016
30.0;210.54;9.6;8.0;2.0;8;30;;5;22;False;False;False;;16.6;1.72;;;11;Santos Brasil;32;;CGC;5460;D016
36.0;236.32;8.9;8.4;1.0;10;10;;5;22;False;False;True;;4.57;2.63;;;11;TEV;45;;CGNC;5461;D016
32.0;179.99;6.35;11.2;1.0;10;48;;5;22;False;False;False;;89.48;0.47;;;11;Temrinal de Exportação de Açúcar do Guarujá (TEAG);37;;GSA - E;5462;D016
32.33;199.9;11.7;9.75;2.0;10;50;;5;22;False;False;False;;130.0;0;;;11;Outros - Cais do Macuco;25;;GSM - I;5463;D016
37.0;256.07;10.6;12.7;1.0;11;30;;5;22;False;False;False;;16.4;1.1;;;11;TUP - DPW - CGC;51;;CGC;5464;D016
32.0;225.0;11.7;9.93;1.0;12;0;;5;22;False;False;False;;67.08;6.25;;;11;Eldorado (Rishis);14;;CGNC;5465;D016
42.0;346.98;10.3;12.5;2.0;12;20;;5;22;False;False;False;;22.12;2.95;;;11;BTP;9;;CGC;5466;D016
40.0;293.18;10.1;9.0;2.0;12;54;;5;22;False;False;False;;11.32;1.83;;;11;TUP - DPW - CGC;51;;CGC;5467;D016
32.0;228.99;7.2;13.92;1.0;13;42;;5;22;False;False;False;;46.83;2.05;;;11;Elevações Portuárias;15;;GSA - E;5468;D016
46.0;299.9;11.6;14.2;2.0;15;0;;5;22;False;False;False;;25.33;1.82;;;11;BTP;9;;CGC;5469;D016
38.0;249.97;11.2;13.7;1.0;16;0;;5;22;False;False;False;;7.25;1.2;;;11;BTP;9;;CGC;5470;D016
31.0;199.2;8.1;10.7;1.0;18;0;;5;22;False;False;False;;26.63;4.27;;;11;Eldorado (Rishis);14;;CGNC;5471;D016
27.0;158.93;6.4;6.2;2.0;23;1;;5;22;False;False;False;;24.25;0;;;11;Ageo Terminais ;2;;GL;5472;D016
24.23;147.83;5.9;9.5;1.0;23;28;;5;22;False;False;False;;92.67;0;;;11;Ageo Terminais ;2;;GL;5473;D016
48.0;335.98;11.7;13.9;1.0;2;35;;6;23;False;False;False;;20.6;9.68;;;11;BTP;9;;CGC;5474;D016
32.0;229.0;11.61;14.2;1.0;6;10;;6;23;False;False;False;;56.38;24.17;;;11;Terminal 12A (COFCO);38;;GSA - E;5475;D016
32.0;229.0;7.1;9.46;1.0;6;15;;6;23;False;False;False;;31.63;0.47;;;11;Temrinal de Exportação de Açúcar do Guarujá (TEAG);37;;GSA - E;5476;D016
44.0;289.65;8.3;8.3;3.0;6;30;;6;23;False;True;False;;10.37;0;;;11;Concais;11;;PASSAGEIROS;5477;D016
32.0;199.98;9.55;9.02;2.0;8;12;;6;23;False;False;False;;54.7;0;;;11;Outros - Cais do Macuco;25;;GSM - I;5478;D016
48.0;331.0;13.5;11.5;2.0;12;0;;6;23;False;False;False;;17.97;1.52;;;11;TUP - DPW - CGC;51;;CGC;5479;D016
40.0;304.14;12.0;13.3;1.0;12;30;;6;23;False;False;False;;15.17;1.97;;;11;TUP - DPW - CGC;51;;CGC;5480;D016
32.0;183.14;11.1;8.0;2.0;14;0;;6;23;False;False;False;;73.83;0;;;11;Stolthaven;33;;GL;5481;D016
32.0;294.08;9.5;9.6;2.0;15;30;;6;23;False;False;False;;10.28;11.73;;;11;BTP;9;;CGC;5482;D016
32.0;225.0;8.35;13.4;1.0;16;0;;6;23;False;False;False;;86.5;0;;;11;Bracell;8;;CGNC;5483;D016
35.0;199.91;9.3;9.0;2.0;16;30;;6;23;False;False;False;;30.78;2.48;;;11;Santos Brasil;32;;CGC;5484;D016
8.0;138.87;6.15;6.5;1.0;18;30;;6;23;False;False;False;;15.6;13.05;;;11;Ecoporto;13;;CGNC;5485;D016
25.0;156.53;7.4;7.7;1.0;18;45;;6;23;False;False;False;;32.58;2.92;;;11;Ultracargo;59;;GL;5486;D016
27.0;169.37;6.18;8.21;1.0;20;30;;6;23;False;False;False;;84.65;26.87;;;11;TUP - Usiminas;58;;CGNC;5487;D016
37.0;228.0;9.45;10.2;2.0;22;50;;6;23;False;False;False;;26.17;2.5;;;11;Santos Brasil;32;;CGC;5488;D016
32.0;263.23;11.6;10.1;2.0;0;10;;0;24;False;False;False;;14.87;4.52;;;11;Santos Brasil;32;;CGC;5489;D016
43.0;334.07;11.2;14.5;1.0;4;0;;0;24;False;False;False;;19.65;9.45;;;11;BTP;9;;CGC;5490;D016
38.0;333.33;8.6;8.6;3.0;6;12;;0;24;False;True;False;;11.33;0;;;11;Concais;11;;PASSAGEIROS;5491;D016
42.0;300.07;9.9;10.8;2.0;6;12;;0;24;False;False;False;;15.48;1.5;;;11;BTP;9;;CGC;5492;D016
32.0;199.97;8.1;8.9;1.0;8;0;;0;24;False;False;True;;20.5;4.62;;;11;TEV;45;;CGNC;5493;D016
45.0;336.7;14.5;12.3;2.0;10;30;;0;24;False;False;False;;15.15;2.57;;;11;Santos Brasil;32;;CGC;5494;D016
51.0;335.0;10.9;14.5;1.0;15;0;;0;24;False;False;False;;41.23;2.07;;;11;Santos Brasil;32;;CGC;5495;D016
31.0;212.54;12.0;11.3;2.0;18;0;;0;24;False;False;False;;8.57;1.93;;;11;Santos Brasil;32;;CGC;5496;D016
48.0;333.2;9.8;11.6;2.0;22;30;;0;24;False;False;False;;32.85;1.62;;;11;TUP - DPW - CGC;51;;CGC;5497;D016
28.85;179.88;6.5;9.71;1.0;22;42;;0;24;False;False;False;;34.65;3.3;;;11;Terminal ADM do Brasil;39;;GSA - E;5498;D016
32.3;232.37;8.2;9.6;1.0;22;48;;0;24;False;False;True;;20.5;1.47;;;11;TEV;45;;CGNC;5499;D016
30.05;180.0;6.2;10.3;1.0;0;15;;1;25;False;False;False;;17.17;1.83;;;11;Elevações Portuárias;15;;GSA - E;5500;D016
40.0;182.9;7.4;12.1;1.0;1;18;;1;25;False;False;False;;99.7;2.9;;;11;Transpetro;47;;GL;5501;D016
48.0;299.98;9.6;8.8;2.0;1;50;;1;25;False;False;False;;22.13;5.72;;;11;BTP;9;;CGC;5502;D016
33.0;261.03;11.7;9.93;2.0;5;24;;1;25;False;False;False;;6.97;1.8;;;11;Santos Brasil;32;;CGC;5503;D016
32.0;274.9;6.85;6.8;3.0;5;45;;1;25;False;True;False;;10.17;0;;;11;Concais;11;;PASSAGEIROS;5504;D016
32.31;188.0;6.6;12.46;1.0;8;30;;1;25;False;False;False;;26.63;3.0;;;11;Elevações Portuárias;15;;GSA - E;5505;D016
28.0;172.0;8.0;8.4;2.0;11;48;;1;25;False;False;False;;14.68;11.3;;;11;BTP;9;;CGC;5506;D016
35.0;223.96;8.35;9.3;2.0;15;0;;1;25;False;False;False;;10.48;1.12;;;11;TUP - DPW - CGC;51;;CGC;5507;D016
40.0;254.94;10.1;9.3;1.0;16;0;;1;25;False;False;False;;16.97;2.17;;;11;TUP - DPW - CGC;51;;CGC;5508;D016
32.0;229.0;7.5;13.66;1.0;16;45;;1;25;False;False;False;;44.88;3.38;;;11;Terminal 12A (COFCO);38;;GSA - E;5509;D016
9.0;210.54;10.8;10.6;2.0;17;0;;1;25;False;False;False;;17.57;1.38;;;11;Santos Brasil;32;;CGC;5510;D016
32.0;183.1;10.0;11.8;1.0;19;30;;1;25;False;False;False;;32.9;2.6;;;11;Transpetro;47;;GL;5511;D016
48.0;299.98;12.6;11.7;2.0;21;18;;1;25;False;False;False;;24.57;1.45;;;11;Santos Brasil;32;;CGC;5512;D016
48.33;330.0;11.5;14.5;2.0;1;6;;2;26;False;False;False;;44.27;4.6;;;11;BTP;9;;CGC;5513;D016
32.0;228.62;9.8;10.0;2.0;4;35;;2;26;False;False;False;;19.85;1.93;;;11;Santos Brasil;32;;CGC;5514;D016
36.0;225.0;8.3;13.7;2.0;7;30;;2;26;False;False;False;;2.35;2.03;;;11;TUP - DPW - CGC;51;;CGC;5515;D016
40.0;278.94;10.5;13.1;1.0;11;0;;2;26;False;False;False;;14.47;1.57;;;11;Santos Brasil;32;;CGC;5516;D016
30.0;222.2;8.8;11.6;2.0;11;40;;2;26;False;False;False;;14.88;1.12;;;11;TUP - DPW - CGC;51;;CGC;5517;D016
24.0;145.53;9.9;8.4;2.0;14;20;;2;26;False;False;False;;29.08;0;;;11;Ageo Terminais ;2;;GL;5518;D016
28.0;179.87;9.7;9.5;2.0;16;48;;2;26;False;False;False;;19.6;8.75;;;11;Transpetro;47;;GL;5519;D016
46.0;274.0;11.25;13.1;1.0;20;24;;2;26;False;False;False;;14.93;1.68;;;11;TUP - DPW - CGC;51;;CGC;5520;D016
37.0;254.73;9.1;10.1;2.0;23;48;;2;26;False;False;False;;10.37;1.78;;;11;TUP - DPW - CGC;51;;CGC;5521;D016
51.0;335.9;13.3;11.5;2.0;0;30;;3;27;False;False;False;;15.22;2.35;;;11;Santos Brasil;32;;CGC;5522;D016
20.17;119.82;6.2;5.9;1.0;0;42;;3;27;False;False;False;;0.7;10.37;;;11;Ecoporto;13;;CGC;5523;D016
22.0;119.9;8.1;6.3;1.0;3;0;;3;27;False;False;False;;43.33;0;;;11;Ageo Terminais ;2;;GL;5524;D016
32.0;229.0;13.63;13.85;1.0;3;30;;3;27;False;False;False;;6.5;0;;;11;T-Grão;46;;GSA - E;5525;D016
30.0;179.9;8.31;6.83;2.0;3;30;;3;27;False;False;False;;25.53;2.5;;;11;Hidrovias do Brasil;16;;GSM - I;5526;D016
25.0;182.47;8.0;9.1;1.0;3;40;;3;27;False;False;False;;31.17;2.55;;;11;Santos Brasil;32;;CGC;5527;D016
32.0;204.36;11.65;12.6;1.0;5;30;;3;27;False;False;False;;17.4;1.73;;;11;TUP - DPW - CGNC;52;;CGNC;5528;D016
28.0;168.06;7.9;8.12;1.0;5;30;;3;27;False;False;True;;9.88;0.62;;;11;TEV;45;;RORO ;5529;D016
32.0;229.0;7.25;13.28;1.0;5;48;;3;27;False;False;False;;59.05;1.62;;;11;Copersucar;12;;GSA - E;5530;D016
32.0;182.98;7.3;8.3;1.0;5;54;;3;27;False;False;False;;13.8;1.25;;;11;Transpetro;47;;GL;5531;D016
44.0;289.65;8.3;8.3;3.0;6;30;;3;27;False;True;False;;10.38;0;;;11;Concais;11;;PASSAGEIROS;5532;D016
51.0;335.95;9.8;14.1;2.0;8;0;;3;27;False;False;False;;36.85;10.37;;;11;Santos Brasil;32;;CGC;5533;D016
32.0;194.87;9.65;9.3;2.0;11;0;;3;27;False;False;False;;23.63;2.07;;;11;Santos Brasil;32;;CGC;5534;D016
32.0;199.99;11.05;7.92;2.0;16;0;;3;27;False;False;False;;99.25;2.42;;;11;Hidrovias do Brasil;16;;GSM - I;5535;D016
25.0;166.15;7.9;7.2;2.0;18;22;;3;27;False;False;False;;9.35;1.85;;;11;TUP - DPW - CGC;51;;CGC;5536;D016
30.0;180.34;9.9;6.2;2.0;21;54;;3;27;False;False;False;;139.17;0;;;11;Outros - Cais do Saboó;28;;GSM - I;5537;D016
32.0;224.9;11.0;13.2;1.0;0;30;;4;28;False;False;False;;23.4;5.75;;;11;Terminal XXXIX;44;;GSA - E;5538;D016
21.0;134.75;7.2;6.0;2.0;3;33;;4;28;False;False;False;;26.17;0;;;11;Ageo Terminais ;2;;GL;5539;D016
27.0;165.2;9.2;8.6;2.0;4;0;;4;28;False;False;False;;26.75;3.58;;;11;TUP - Terminal Marítimo Dow;54;;GL;5540;D016
38.0;333.33;8.6;8.6;3.0;5;0;;4;28;False;True;False;;12.25;0;;;11;Concais;11;;PASSAGEIROS;5541;D016
32.0;274.9;6.75;6.8;3.0;5;45;;4;28;False;True;False;;9.33;0;;;11;Concais;11;;PASSAGEIROS;5542;D016
32.31;225.0;7.29;13.7;1.0;6;0;;4;28;False;False;False;;82.33;3.87;;;11;Terminal de Granéis do Guarujá (TGG);40;;GSA - E;5543;D016
50.0;305.0;8.5;8.6;3.0;6;12;;4;28;False;True;False;;10.53;0;;;11;Concais;11;;PASSAGEIROS;5544;D016
40.0;299.99;10.6;14.5;2.0;6;18;;4;28;False;False;False;;28.48;5.25;;;11;BTP;9;;CGC;5545;D016
38.0;227.95;11.7;11.0;1.0;7;0;;4;28;False;False;False;;20.67;1.47;;;11;TUP - DPW - CGC;51;;CGC;5546;D016
32.0;183.1;9.7;8.3;2.0;8;0;;4;28;False;False;False;;89.08;0;;;11;Vopak;60;;GL;5547;D016
26.0;157.4;6.0;9.45;1.0;8;0;;4;28;False;False;False;;67.63;4.42;;;11;TUP - Cutrale - GL;49;;GL;5548;D016
32.0;179.9;8.3;8.9;1.0;9;0;;4;28;False;False;True;;15.17;1.55;;;11;TEV;45;;CGNC;5549;D016
32.0;229.0;9.46;14.2;1.0;10;45;;4;28;False;False;False;;23.5;0.83;;;11;Elevações Portuárias;15;;GSA - E;5550;D016
32.0;260.05;9.5;10.9;1.0;11;12;;4;28;False;False;False;;11.12;2.05;;;11;Santos Brasil;32;;CGC;5551;D016
49.0;299.87;12.1;14.2;1.0;12;30;;4;28;False;False;False;;32.5;4.13;;;11;BTP;9;;CGC;5552;D016
48.0;299.88;12.4;14.45;1.0;13;0;;4;28;False;False;False;;28.63;1.8;;;11;BTP;9;;CGC;5553;D016
21.0;138.07;6.86;6.8;1.0;18;24;;4;28;False;False;False;;6.43;24.12;;;11;Ecoporto;13;;CGC;5554;D016
44.0;323.0;8.3;8.6;3.0;19;30;;4;28;False;True;False;;21.0;0;;;11;Concais;11;;PASSAGEIROS;5555;D016
45.0;299.9;12.9;11.7;2.0;22;50;;4;28;False;False;False;;9.12;3.3;;;11;Santos Brasil;32;;CGNC;5556;D016
45.0;299.9;12.4;10.6;2.0;1;31;;5;29;False;False;False;;23.17;9.73;;;11;BTP;9;;CGC;5557;D016
32.0;189.99;11.98;9.18;2.0;7;30;;5;29;False;False;False;;92.67;0;;;11;Outros - Cais do Macuco;25;;GSM - I;5558;D016
42.0;270.06;11.1;10.0;2.0;9;48;;5;29;False;False;False;;9.53;1.07;;;11;TUP - DPW - CGC;51;;CGC;5559;D016
43.28;332.0;10.0;13.5;2.0;11;40;;5;29;False;False;False;;47.65;2.9;;;11;BTP;9;;CGC;5560;D016
43.0;299.9;12.9;12.9;2.0;11;50;;5;29;False;False;False;;3.1;2.12;;;11;Santos Brasil;32;;CGC;5561;D016
32.0;225.0;7.0;14.2;1.0;12;0;;5;29;False;False;False;;46.75;2.58;;;11;Elevações Portuárias;15;;GSA - E;5562;D016
38.0;255.17;10.0;9.8;2.0;12;6;;5;29;False;False;False;;12.65;1.42;;;11;BTP;9;;CGC;5563;D016
40.0;254.95;9.9;11.8;3.0;13;0;;5;29;False;False;False;;16.97;0.85;;;11;TUP - DPW - CGC;51;;CGC;5564;D016
26.0;169.37;5.42;9.8;1.0;14;48;;5;29;False;False;False;;36.42;4.57;;;11;TUP - Tiplam - GSA - E;56;;GSA - E;5565;D016
28.0;180.15;6.5;6.6;1.0;16;0;;5;29;False;False;False;;66.0;10.67;;;11;Stolthaven;33;;GL;5566;D016
19.0;87.9;5.2;5.4;1.0;16;50;;5;29;False;False;False;;48.33;0.08;;;11;TUP - Saipem;53;;CGNC;5567;D016
48.0;330.0;14.4;12.3;2.0;17;0;;5;29;False;False;False;;27.32;2.13;;;11;Santos Brasil;32;;CGC;5568;D016
32.0;213.88;8.4;8.3;2.0;17;0;;5;29;False;False;False;;9.72;3.92;;;11;Ecoporto;13;;CGNC;5569;D016
27.0;165.2;8.6;7.5;2.0;18;37;;5;29;False;False;False;;22.58;0;;;11;Ageo Terminais ;2;;GL;5570;D016
37.0;199.98;8.7;9.3;1.0;21;30;;5;29;False;False;True;;22.0;8.5;;;11;TEV;45;;CGNC;5571;D016
45.0;299.9;12.3;13.7;2.0;5;27;;6;30;False;False;False;;16.7;3.48;;;11;BTP;9;;CGC;5572;D016
44.0;289.65;8.3;8.3;3.0;6;30;;6;30;False;True;False;;10.17;0;;;11;Concais;11;;PASSAGEIROS;5573;D016
36.0;200.0;9.0;10.4;2.0;10;0;;6;30;False;False;False;;16.08;4.52;;;11;Santos Brasil;32;;CGC;5574;D016
32.0;229.0;10.6;14.28;1.0;11;30;;6;30;False;False;False;;40.17;3.08;;;11;Terminal 12A (COFCO);38;;GSA - E;5575;D016
43.0;299.9;12.9;13.1;2.0;13;0;;6;30;False;False;False;;66.02;0.93;;;11;Santos Brasil;32;;CGC;5576;D016
32.0;260.66;11.5;9.4;2.0;17;0;;6;30;False;False;False;;14.23;2.7;;;11;Santos Brasil;32;;CGC;5577;D016
32.31;199.97;7.5;13.05;1.0;20;0;;6;30;False;False;False;;48.33;4.3;;;11;Terminal 12A (COFCO);38;;GSA - E;5578;D016
35.0;185.96;8.2;8.8;2.0;21;0;;6;30;False;False;False;;16.0;3.87;;;11;Santos Brasil;32;;CGC;5579;D016
32.0;225.0;7.6;9.0;1.0;1;24;;0;1;False;False;False;;42.88;3.87;;;12;Suzano (T-32);35;;CGNC;5580;D016
32.0;274.9;6.7;8.7;3.0;5;45;;0;1;False;True;False;;10.42;0;;;12;Concais;11;;PASSAGEIROS;5581;D016
50.0;305.0;8.5;8.6;3.0;6;0;;0;1;False;True;False;;10.1;0;;;12;Concais;11;;PASSAGEIROS;5582;D016
38.0;333.33;8.6;8.6;3.0;6;42;;0;1;False;True;False;;11.08;0;;;12;Concais;11;;PASSAGEIROS;5583;D016
32.0;294.1;11.85;12.1;2.0;6;54;;0;1;False;False;False;;14.18;1.28;;;12;TUP - DPW - CGC;51;;CGC;5584;D016
32.0;225.0;9.2;14.15;1.0;7;0;;0;1;False;False;False;;41.32;3.75;;;12;TUP - DPW - CGNC;52;;CGNC;5585;D016
48.0;330.0;14.45;12.5;2.0;11;0;;0;1;False;False;False;;44.35;2.7;;;12;BTP;9;;CGC;5586;D016
30.0;208.85;11.1;11.4;2.0;1;0;;1;2;False;False;False;;17.32;6.7;;;12;Santos Brasil;32;;CGC;5587;D016
48.0;299.87;14.2;11.0;2.0;4;0;;1;2;False;False;False;;17.37;2.5;;;12;Santos Brasil;32;;CGC;5588;D016
32.0;183.1;8.3;8.75;2.0;4;35;;1;2;False;False;False;;15.33;0.5;;;12;Ageo Terminais ;2;;GL;5589;D016
33.0;261.03;12.0;12.3;1.0;11;0;;1;2;False;False;False;;7.65;4.55;;;12;Santos Brasil;32;;CGC;5590;D016
48.0;331.1;12.9;14.5;1.0;12;30;;1;2;False;False;False;;27.82;2.3;;;12;TUP - DPW - CGC;51;;CGC;5591;D016
32.0;262.08;9.3;8.0;2.0;22;42;;1;2;False;False;False;;16.23;2.95;;;12;TUP - DPW - CGC;51;;CGC;5592;D016
