SCENARIO_ID;ARRIVAL_ID;ROUTE_ID;START_TIME;END_TIME;FORWARD
S012;1;0;-12775;-12775;1
S012;1;1;2965;2985;1
S012;1;2;2985;2990;1
S012;1;3;2990;2995;1
S012;1;19;2995;3025;1
S012;1;19;6930;6940;0
S012;1;3;6940;6945;0
S012;1;2;6945;6950;0
S012;1;1;6950;6970;0
S012;6;0;-12275;-12275;1
S012;6;1;50;70;1
S012;6;2;70;75;1
S012;6;3;75;80;1
S012;6;4;80;85;1
S012;6;5;85;90;1
S012;6;35;90;100;1
S012;6;35;1125;1155;0
S012;6;5;1155;1160;0
S012;6;4;1160;1165;0
S012;6;3;1165;1170;0
S012;6;2;1170;1175;0
S012;6;1;1175;1195;0
S012;16;0;-11320;-11320;1
S012;16;1;11525;11545;1
S012;16;2;11545;11550;1
S012;16;3;11550;11555;1
S012;16;4;11555;11560;1
S012;16;25;11560;11570;1
S012;16;25;19685;19715;0
S012;16;4;19715;19720;0
S012;16;3;19720;19725;0
S012;16;2;19725;19730;0
S012;16;1;19730;19750;0
S012;19;0;-10980;-10980;1
S012;19;1;16170;16190;1
S012;19;2;16190;16195;1
S012;19;3;16195;16200;1
S012;19;4;16200;16205;1
S012;19;5;16205;16210;1
S012;19;6;16210;16215;1
S012;19;42;16215;16225;1
S012;19;42;19730;19760;0
S012;19;6;19760;19765;0
S012;19;5;19765;19770;0
S012;19;4;19770;19775;0
S012;19;3;19775;19780;0
S012;19;2;19780;19785;0
S012;19;1;19785;19805;0
S012;29;0;-9900;-9900;1
S012;29;1;30;50;1
S012;29;2;50;55;1
S012;29;3;55;60;1
S012;29;4;60;65;1
S012;29;5;65;70;1
S012;29;6;70;75;1
S012;29;7;75;80;1
S012;29;8;80;85;1
S012;29;9;85;90;1
S012;29;51;90;120;1
S012;29;51;10455;10465;0
S012;29;9;10465;10470;0
S012;29;8;10470;10475;0
S012;29;7;10475;10480;0
S012;29;6;10480;10485;0
S012;29;5;10485;10490;0
S012;29;4;10490;10495;0
S012;29;3;10495;10500;0
S012;29;2;10500;10505;0
S012;29;1;10505;10525;0
S012;73;0;-5340;-5340;1
S012;73;1;0;20;1
S012;73;2;20;25;1
S012;73;3;25;30;1
S012;73;4;30;35;1
S012;73;5;35;40;1
S012;73;6;40;45;1
S012;73;7;45;50;1
S012;73;8;50;55;1
S012;73;9;55;60;1
S012;73;10;60;65;1
S012;73;11;65;70;1
S012;73;12;70;75;1
S012;73;13;75;80;1
S012;73;14;80;85;1
S012;73;15;85;90;1
S012;73;16;90;105;1
S012;73;74;105;145;1
S012;73;74;4030;4040;0
S012;73;16;4040;4055;0
S012;73;15;4055;4060;0
S012;73;14;4060;4065;0
S012;73;13;4065;4070;0
S012;73;12;4070;4075;0
S012;73;11;4075;4080;0
S012;73;10;4080;4085;0
S012;73;9;4085;4090;0
S012;73;8;4090;4095;0
S012;73;7;4095;4100;0
S012;73;6;4100;4105;0
S012;73;5;4105;4110;0
S012;73;4;4110;4115;0
S012;73;3;4115;4120;0
S012;73;2;4120;4125;0
S012;73;1;4125;4145;0
S012;81;0;-4980;-4980;1
S012;81;1;15;35;1
S012;81;2;35;40;1
S012;81;3;40;45;1
S012;81;4;45;50;1
S012;81;22;50;60;1
S012;81;22;9640;9670;0
S012;81;4;9670;9675;0
S012;81;3;9675;9680;0
S012;81;2;9680;9685;0
S012;81;1;9685;9705;0
S012;83;0;-4950;-4950;1
S012;83;1;1955;1975;1
S012;83;2;1975;1980;1
S012;83;3;1980;1985;1
S012;83;4;1985;1990;1
S012;83;5;1990;1995;1
S012;83;6;1995;2000;1
S012;83;7;2000;2005;1
S012;83;8;2005;2010;1
S012;83;9;2010;2015;1
S012;83;10;2015;2020;1
S012;83;53;2020;2030;1
S012;83;53;2665;2695;0
S012;83;10;2695;2700;0
S012;83;9;2700;2705;0
S012;83;8;2705;2710;0
S012;83;7;2710;2715;0
S012;83;6;2715;2720;0
S012;83;5;2720;2725;0
S012;83;4;2725;2730;0
S012;83;3;2730;2735;0
S012;83;2;2735;2740;0
S012;83;1;2740;2760;0
S012;85;0;-4770;-4770;1
S012;85;1;255;275;1
S012;85;2;275;280;1
S012;85;3;280;285;1
S012;85;4;285;290;1
S012;85;5;290;295;1
S012;85;6;295;300;1
S012;85;7;300;305;1
S012;85;8;305;310;1
S012;85;9;310;315;1
S012;85;10;315;320;1
S012;85;11;320;325;1
S012;85;59;325;355;1
S012;85;59;6475;6485;0
S012;85;11;6485;6490;0
S012;85;10;6490;6495;0
S012;85;9;6495;6500;0
S012;85;8;6500;6505;0
S012;85;7;6505;6510;0
S012;85;6;6510;6515;0
S012;85;5;6515;6520;0
S012;85;4;6520;6525;0
S012;85;3;6525;6530;0
S012;85;2;6530;6535;0
S012;85;1;6535;6555;0
S012;90;0;-4390;-4390;1
S012;90;1;1025;1045;1
S012;90;2;1045;1050;1
S012;90;3;1050;1055;1
S012;90;4;1055;1060;1
S012;90;5;1060;1065;1
S012;90;6;1065;1070;1
S012;90;7;1070;1075;1
S012;90;8;1075;1080;1
S012;90;9;1080;1085;1
S012;90;10;1085;1090;1
S012;90;11;1090;1095;1
S012;90;62;1095;1125;1
S012;90;62;5500;5510;0
S012;90;11;5510;5515;0
S012;90;10;5515;5520;0
S012;90;9;5520;5525;0
S012;90;8;5525;5530;0
S012;90;7;5530;5535;0
S012;90;6;5535;5540;0
S012;90;5;5540;5545;0
S012;90;4;5545;5550;0
S012;90;3;5550;5555;0
S012;90;2;5555;5560;0
S012;90;1;5560;5580;0
S012;91;0;-4260;-4260;1
S012;91;1;7200;7220;1
S012;91;2;7220;7225;1
S012;91;3;7225;7230;1
S012;91;4;7230;7235;1
S012;91;5;7235;7240;1
S012;91;6;7240;7245;1
S012;91;7;7245;7250;1
S012;91;8;7250;7255;1
S012;91;9;7255;7260;1
S012;91;10;7260;7265;1
S012;91;11;7265;7270;1
S012;91;12;7270;7275;1
S012;91;13;7275;7280;1
S012;91;14;7280;7285;1
S012;91;15;7285;7290;1
S012;91;16;7290;7305;1
S012;91;74;7305;7315;1
S012;91;74;17000;17040;0
S012;91;16;17040;17055;0
S012;91;15;17055;17060;0
S012;91;14;17060;17065;0
S012;91;13;17065;17070;0
S012;91;12;17070;17075;0
S012;91;11;17075;17080;0
S012;91;10;17080;17085;0
S012;91;9;17085;17090;0
S012;91;8;17090;17095;0
S012;91;7;17095;17100;0
S012;91;6;17100;17105;0
S012;91;5;17105;17110;0
S012;91;4;17110;17115;0
S012;91;3;17115;17120;0
S012;91;2;17120;17125;0
S012;91;1;17125;17145;0
S012;96;0;-3570;-3570;1
S012;96;1;465;485;1
S012;96;2;485;490;1
S012;96;3;490;495;1
S012;96;4;495;500;1
S012;96;5;500;505;1
S012;96;33;505;535;1
S012;96;33;920;930;0
S012;96;5;930;935;0
S012;96;4;935;940;0
S012;96;3;940;945;0
S012;96;2;945;950;0
S012;96;1;950;970;0
S012;100;0;-2930;-2930;1
S012;100;1;670;695;1
S012;100;2;695;700;1
S012;100;3;700;705;1
S012;100;4;705;710;1
S012;100;5;710;715;1
S012;100;34;715;725;1
S012;100;34;1360;1390;0
S012;100;5;1390;1395;0
S012;100;4;1395;1400;0
S012;100;3;1400;1405;0
S012;100;2;1405;1410;0
S012;100;1;1410;1435;0
S012;103;0;-2570;-2570;1
S012;103;1;25;45;1
S012;103;2;45;50;1
S012;103;3;50;55;1
S012;103;4;55;60;1
S012;103;5;60;65;1
S012;103;6;65;70;1
S012;103;7;70;75;1
S012;103;8;75;80;1
S012;103;9;80;85;1
S012;103;10;85;90;1
S012;103;11;90;95;1
S012;103;12;95;100;1
S012;103;66;100;110;1
S012;103;66;2020;2050;0
S012;103;12;2050;2055;0
S012;103;11;2055;2060;0
S012;103;10;2060;2065;0
S012;103;9;2065;2070;0
S012;103;8;2070;2075;0
S012;103;7;2075;2080;0
S012;103;6;2080;2085;0
S012;103;5;2085;2090;0
S012;103;4;2090;2095;0
S012;103;3;2095;2100;0
S012;103;2;2100;2105;0
S012;103;1;2105;2125;0
S012;107;0;-2340;-2340;1
S012;107;1;10;30;1
S012;107;2;30;35;1
S012;107;3;35;40;1
S012;107;4;40;45;1
S012;107;5;45;50;1
S012;107;6;50;55;1
S012;107;7;55;60;1
S012;107;8;60;65;1
S012;107;9;65;70;1
S012;107;10;70;75;1
S012;107;11;75;80;1
S012;107;57;80;90;1
S012;107;57;10800;10830;0
S012;107;11;10830;10835;0
S012;107;10;10835;10840;0
S012;107;9;10840;10845;0
S012;107;8;10845;10850;0
S012;107;7;10850;10855;0
S012;107;6;10855;10860;0
S012;107;5;10860;10865;0
S012;107;4;10865;10870;0
S012;107;3;10870;10875;0
S012;107;2;10875;10880;0
S012;107;1;10880;10900;0
S012;109;0;-2270;-2270;1
S012;109;1;2225;2245;1
S012;109;2;2245;2250;1
S012;109;3;2250;2255;1
S012;109;4;2255;2260;1
S012;109;5;2260;2265;1
S012;109;6;2265;2270;1
S012;109;7;2270;2275;1
S012;109;45;2275;2305;1
S012;109;45;4570;4580;0
S012;109;7;4580;4585;0
S012;109;6;4585;4590;0
S012;109;5;4590;4595;0
S012;109;4;4595;4600;0
S012;109;3;4600;4605;0
S012;109;2;4605;4610;0
S012;109;1;4610;4630;0
S012;110;0;-2105;-2105;1
S012;110;1;4330;4350;1
S012;110;2;4350;4355;1
S012;110;3;4355;4360;1
S012;110;4;4360;4365;1
S012;110;5;4365;4370;1
S012;110;6;4370;4375;1
S012;110;42;4375;4385;1
S012;110;42;9970;10000;0
S012;110;6;10000;10005;0
S012;110;5;10005;10010;0
S012;110;4;10010;10015;0
S012;110;3;10015;10020;0
S012;110;2;10020;10025;0
S012;110;1;10025;10045;0
S012;114;0;-1685;-1685;1
S012;114;1;8495;8515;1
S012;114;2;8515;8520;1
S012;114;3;8520;8525;1
S012;114;4;8525;8530;1
S012;114;5;8530;8535;1
S012;114;6;8535;8540;1
S012;114;7;8540;8545;1
S012;114;8;8545;8550;1
S012;114;9;8550;8555;1
S012;114;10;8555;8560;1
S012;114;11;8560;8565;1
S012;114;12;8565;8570;1
S012;114;13;8570;8575;1
S012;114;68;8575;8605;1
S012;114;68;9965;9975;0
S012;114;13;9975;9980;0
S012;114;12;9980;9985;0
S012;114;11;9985;9990;0
S012;114;10;9990;9995;0
S012;114;9;9995;10000;0
S012;114;8;10000;10005;0
S012;114;7;10005;10010;0
S012;114;6;10010;10015;0
S012;114;5;10015;10020;0
S012;114;4;10020;10025;0
S012;114;3;10025;10030;0
S012;114;2;10030;10035;0
S012;114;1;10035;10055;0
S012;115;0;-1620;-1620;1
S012;115;1;12990;13010;1
S012;115;2;13010;13015;1
S012;115;3;13015;13020;1
S012;115;19;13020;13050;1
S012;115;19;15925;15935;0
S012;115;3;15935;15940;0
S012;115;2;15940;15945;0
S012;115;1;15945;15965;0
S012;116;0;-1460;-1460;1
S012;116;1;665;685;1
S012;116;2;685;690;1
S012;116;3;690;695;1
S012;116;4;695;700;1
S012;116;5;700;705;1
S012;116;6;705;710;1
S012;116;7;710;715;1
S012;116;8;715;720;1
S012;116;9;720;725;1
S012;116;10;725;730;1
S012;116;52;730;740;1
S012;116;52;2855;2885;0
S012;116;10;2885;2890;0
S012;116;9;2890;2895;0
S012;116;8;2895;2900;0
S012;116;7;2900;2905;0
S012;116;6;2905;2910;0
S012;116;5;2910;2915;0
S012;116;4;2915;2920;0
S012;116;3;2920;2925;0
S012;116;2;2925;2930;0
S012;116;1;2930;2950;0
S012;118;0;-1185;-1185;1
S012;118;1;9170;9190;1
S012;118;2;9190;9195;1
S012;118;3;9195;9200;1
S012;118;4;9200;9205;1
S012;118;5;9205;9210;1
S012;118;6;9210;9215;1
S012;118;7;9215;9220;1
S012;118;8;9220;9225;1
S012;118;9;9225;9230;1
S012;118;10;9230;9235;1
S012;118;52;9235;9265;1
S012;118;52;10455;10465;0
S012;118;10;10465;10470;0
S012;118;9;10470;10475;0
S012;118;8;10475;10480;0
S012;118;7;10480;10485;0
S012;118;6;10485;10490;0
S012;118;5;10490;10495;0
S012;118;4;10495;10500;0
S012;118;3;10500;10505;0
S012;118;2;10505;10510;0
S012;118;1;10510;10530;0
S012;122;0;-1070;-1070;1
S012;122;1;10045;10065;1
S012;122;2;10065;10070;1
S012;122;3;10070;10075;1
S012;122;4;10075;10080;1
S012;122;5;10080;10085;1
S012;122;6;10085;10090;1
S012;122;7;10090;10095;1
S012;122;8;10095;10100;1
S012;122;9;10100;10105;1
S012;122;10;10105;10110;1
S012;122;11;10110;10115;1
S012;122;12;10115;10120;1
S012;122;13;10120;10125;1
S012;122;69;10125;10155;1
S012;122;69;12250;12260;0
S012;122;13;12260;12265;0
S012;122;12;12265;12270;0
S012;122;11;12270;12275;0
S012;122;10;12275;12280;0
S012;122;9;12280;12285;0
S012;122;8;12285;12290;0
S012;122;7;12290;12295;0
S012;122;6;12295;12300;0
S012;122;5;12300;12305;0
S012;122;4;12305;12310;0
S012;122;3;12310;12315;0
S012;122;2;12315;12320;0
S012;122;1;12320;12340;0
S012;125;0;-540;-540;1
S012;125;1;855;875;1
S012;125;2;875;880;1
S012;125;3;880;885;1
S012;125;4;885;890;1
S012;125;5;890;895;1
S012;125;33;895;925;1
S012;125;33;3030;3040;0
S012;125;5;3040;3045;0
S012;125;4;3045;3050;0
S012;125;3;3050;3055;0
S012;125;2;3055;3060;0
S012;125;1;3060;3080;0
S012;126;0;-510;-510;1
S012;126;1;20165;20185;1
S012;126;2;20185;20190;1
S012;126;3;20190;20195;1
S012;126;4;20195;20200;1
S012;126;25;20200;20210;1
S012;128;0;-285;-285;1
S012;128;1;2960;2980;1
S012;128;2;2980;2985;1
S012;128;3;2985;2990;1
S012;128;4;2990;2995;1
S012;128;5;2995;3000;1
S012;128;6;3000;3005;1
S012;128;7;3005;3010;1
S012;128;8;3010;3015;1
S012;128;9;3015;3020;1
S012;128;10;3020;3025;1
S012;128;52;3025;3055;1
S012;128;52;5165;5175;0
S012;128;10;5175;5180;0
S012;128;9;5180;5185;0
S012;128;8;5185;5190;0
S012;128;7;5190;5195;0
S012;128;6;5195;5200;0
S012;128;5;5200;5205;0
S012;128;4;5205;5210;0
S012;128;3;5210;5215;0
S012;128;2;5215;5220;0
S012;128;1;5220;5240;0
S012;129;0;-185;-185;1
S012;129;1;5;25;1
S012;129;2;25;30;1
S012;129;3;30;35;1
S012;129;4;35;40;1
S012;129;5;40;45;1
S012;129;6;45;50;1
S012;129;7;50;55;1
S012;129;8;55;60;1
S012;129;9;60;65;1
S012;129;10;65;70;1
S012;129;11;70;75;1
S012;129;12;75;80;1
S012;129;64;80;90;1
S012;129;64;1145;1175;0
S012;129;12;1175;1180;0
S012;129;11;1180;1185;0
S012;129;10;1185;1190;0
S012;129;9;1190;1195;0
S012;129;8;1195;1200;0
S012;129;7;1200;1205;0
S012;129;6;1205;1210;0
S012;129;5;1210;1215;0
S012;129;4;1215;1220;0
S012;129;3;1220;1225;0
S012;129;2;1225;1230;0
S012;129;1;1230;1250;0
S012;130;0;45;45;1
S012;130;1;1065;1085;1
S012;130;2;1085;1090;1
S012;130;3;1090;1095;1
S012;130;4;1095;1100;1
S012;130;5;1100;1105;1
S012;130;6;1105;1110;1
S012;130;7;1110;1115;1
S012;130;8;1115;1120;1
S012;130;9;1120;1125;1
S012;130;10;1125;1130;1
S012;130;11;1130;1135;1
S012;130;12;1135;1140;1
S012;130;64;1140;1150;1
S012;130;64;2350;2380;0
S012;130;12;2380;2385;0
S012;130;11;2385;2390;0
S012;130;10;2390;2395;0
S012;130;9;2395;2400;0
S012;130;8;2400;2405;0
S012;130;7;2405;2410;0
S012;130;6;2410;2415;0
S012;130;5;2415;2420;0
S012;130;4;2420;2425;0
S012;130;3;2425;2430;0
S012;130;2;2430;2435;0
S012;130;1;2435;2455;0
S012;131;0;70;70;1
S012;131;1;1070;1090;1
S012;131;2;1090;1095;1
S012;131;3;1095;1100;1
S012;131;4;1100;1105;1
S012;131;5;1105;1110;1
S012;131;6;1110;1115;1
S012;131;7;1115;1120;1
S012;131;8;1120;1125;1
S012;131;9;1125;1130;1
S012;131;50;1130;1160;1
S012;131;50;5020;5030;0
S012;131;9;5030;5035;0
S012;131;8;5035;5040;0
S012;131;7;5040;5045;0
S012;131;6;5045;5050;0
S012;131;5;5050;5055;0
S012;131;4;5055;5060;0
S012;131;3;5060;5065;0
S012;131;2;5065;5070;0
S012;131;1;5070;5090;0
S012;132;0;105;105;1
S012;132;1;1080;1100;1
S012;132;2;1100;1105;1
S012;132;3;1105;1110;1
S012;132;4;1110;1115;1
S012;132;5;1115;1120;1
S012;132;35;1120;1130;1
S012;132;35;1300;1330;0
S012;132;5;1330;1335;0
S012;132;4;1335;1340;0
S012;132;3;1340;1345;0
S012;132;2;1345;1350;0
S012;132;1;1350;1370;0
S012;133;0;195;195;1
S012;133;1;215;235;1
S012;133;2;235;240;1
S012;133;3;240;245;1
S012;133;4;245;250;1
S012;133;24;250;280;1
S012;133;24;6520;6530;0
S012;133;4;6530;6535;0
S012;133;3;6535;6540;0
S012;133;2;6540;6545;0
S012;133;1;6545;6565;0
S012;134;0;360;360;1
S012;134;1;390;410;1
S012;134;2;410;415;1
S012;134;3;415;420;1
S012;134;4;420;425;1
S012;134;5;425;430;1
S012;134;36;430;460;1
S012;134;36;1260;1270;0
S012;134;5;1270;1275;0
S012;134;4;1275;1280;0
S012;134;3;1280;1285;0
S012;134;2;1285;1290;0
S012;134;1;1290;1310;0
S012;135;0;385;385;1
S012;135;1;385;405;1
S012;135;2;405;410;1
S012;135;3;410;415;1
S012;135;4;415;420;1
S012;135;5;420;425;1
S012;135;6;425;430;1
S012;135;38;430;460;1
S012;135;38;1145;1155;0
S012;135;6;1155;1160;0
S012;135;5;1160;1165;0
S012;135;4;1165;1170;0
S012;135;3;1170;1175;0
S012;135;2;1175;1180;0
S012;135;1;1180;1200;0
S012;136;0;420;420;1
S012;136;1;1470;1490;1
S012;136;2;1490;1495;1
S012;136;3;1495;1500;1
S012;136;4;1500;1505;1
S012;136;5;1505;1510;1
S012;136;6;1510;1515;1
S012;136;7;1515;1520;1
S012;136;8;1520;1525;1
S012;136;9;1525;1530;1
S012;136;10;1530;1535;1
S012;136;11;1535;1540;1
S012;136;12;1540;1545;1
S012;136;13;1545;1550;1
S012;136;14;1550;1555;1
S012;136;15;1555;1560;1
S012;136;16;1560;1575;1
S012;136;78;1575;1585;1
S012;136;78;9305;9335;0
S012;136;16;9335;9350;0
S012;136;15;9350;9355;0
S012;136;14;9355;9360;0
S012;136;13;9360;9365;0
S012;136;12;9365;9370;0
S012;136;11;9370;9375;0
S012;136;10;9375;9380;0
S012;136;9;9380;9385;0
S012;136;8;9385;9390;0
S012;136;7;9390;9395;0
S012;136;6;9395;9400;0
S012;136;5;9400;9405;0
S012;136;4;9405;9410;0
S012;136;3;9410;9415;0
S012;136;2;9415;9420;0
S012;136;1;9420;9440;0
S012;137;0;525;525;1
S012;137;1;4320;4340;1
S012;137;2;4340;4345;1
S012;137;3;4345;4350;1
S012;137;4;4350;4355;1
S012;137;5;4355;4360;1
S012;137;6;4360;4365;1
S012;137;7;4365;4370;1
S012;137;8;4370;4375;1
S012;137;9;4375;4380;1
S012;137;10;4380;4385;1
S012;137;11;4385;4390;1
S012;137;12;4390;4395;1
S012;137;13;4395;4400;1
S012;137;14;4400;4405;1
S012;137;15;4405;4410;1
S012;137;16;4410;4425;1
S012;137;75;4425;4435;1
S012;137;75;6215;6255;0
S012;137;16;6255;6270;0
S012;137;15;6270;6275;0
S012;137;14;6275;6280;0
S012;137;13;6280;6285;0
S012;137;12;6285;6290;0
S012;137;11;6290;6295;0
S012;137;10;6295;6300;0
S012;137;9;6300;6305;0
S012;137;8;6305;6310;0
S012;137;7;6310;6315;0
S012;137;6;6315;6320;0
S012;137;5;6320;6325;0
S012;137;4;6325;6330;0
S012;137;3;6330;6335;0
S012;137;2;6335;6340;0
S012;137;1;6340;6360;0
S012;138;0;835;835;1
S012;138;1;2595;2615;1
S012;138;2;2615;2620;1
S012;138;3;2620;2625;1
S012;138;4;2625;2630;1
S012;138;5;2630;2635;1
S012;138;6;2635;2640;1
S012;138;7;2640;2645;1
S012;138;8;2645;2650;1
S012;138;9;2650;2655;1
S012;138;10;2655;2660;1
S012;138;53;2660;2670;1
S012;138;53;3595;3625;0
S012;138;10;3625;3630;0
S012;138;9;3630;3635;0
S012;138;8;3635;3640;0
S012;138;7;3640;3645;0
S012;138;6;3645;3650;0
S012;138;5;3650;3655;0
S012;138;4;3655;3660;0
S012;138;3;3660;3665;0
S012;138;2;3665;3670;0
S012;138;1;3670;3690;0
S012;139;0;900;900;1
S012;139;1;1035;1055;1
S012;139;2;1055;1060;1
S012;139;3;1060;1065;1
S012;139;4;1065;1070;1
S012;139;5;1070;1075;1
S012;139;27;1075;1105;1
S012;139;27;2010;2020;0
S012;139;5;2020;2025;0
S012;139;4;2025;2030;0
S012;139;3;2030;2035;0
S012;139;2;2035;2040;0
S012;139;1;2040;2060;0
S012;140;0;940;940;1
S012;140;1;7210;7230;1
S012;140;2;7230;7235;1
S012;140;3;7235;7240;1
S012;140;19;7240;7270;1
S012;140;19;11800;11810;0
S012;140;3;11810;11815;0
S012;140;2;11815;11820;0
S012;140;1;11820;11840;0
S012;141;0;1020;1020;1
S012;141;1;1030;1050;1
S012;141;2;1050;1055;1
S012;141;3;1055;1060;1
S012;141;4;1060;1065;1
S012;141;5;1065;1070;1
S012;141;6;1070;1075;1
S012;141;39;1075;1105;1
S012;141;39;1410;1420;0
S012;141;6;1420;1425;0
S012;141;5;1425;1430;0
S012;141;4;1430;1435;0
S012;141;3;1435;1440;0
S012;141;2;1440;1445;0
S012;141;1;1445;1465;0
S012;142;0;1510;1510;1
S012;142;1;1530;1550;1
S012;142;2;1550;1555;1
S012;142;3;1555;1560;1
S012;142;17;1560;1590;1
S012;142;17;3570;3580;0
S012;142;3;3580;3585;0
S012;142;2;3585;3590;0
S012;142;1;3590;3610;0
S012;143;0;1620;1620;1
S012;143;1;1635;1655;1
S012;143;2;1655;1660;1
S012;143;3;1660;1665;1
S012;143;21;1665;1675;1
S012;143;21;3315;3345;0
S012;143;3;3345;3350;0
S012;143;2;3350;3355;0
S012;143;1;3355;3375;0
S012;144;0;1800;1800;1
S012;144;1;1800;1820;1
S012;144;2;1820;1825;1
S012;144;3;1825;1830;1
S012;144;4;1830;1835;1
S012;144;5;1835;1840;1
S012;144;31;1840;1870;1
S012;144;31;2515;2545;0
S012;144;5;2545;2550;0
S012;144;4;2550;2555;0
S012;144;3;2555;2560;0
S012;144;2;2560;2565;0
S012;144;1;2565;2585;0
S012;145;0;1845;1845;1
S012;145;1;1845;1865;1
S012;145;2;1865;1870;1
S012;145;3;1870;1875;1
S012;145;4;1875;1880;1
S012;145;5;1880;1885;1
S012;145;6;1885;1890;1
S012;145;38;1890;1920;1
S012;145;38;2500;2510;0
S012;145;6;2510;2515;0
S012;145;5;2515;2520;0
S012;145;4;2520;2525;0
S012;145;3;2525;2530;0
S012;145;2;2530;2535;0
S012;145;1;2535;2555;0
S012;146;0;1860;1860;1
S012;146;1;1870;1890;1
S012;146;2;1890;1895;1
S012;146;3;1895;1900;1
S012;146;4;1900;1905;1
S012;146;5;1905;1910;1
S012;146;34;1910;1920;1
S012;146;34;2865;2895;0
S012;146;5;2895;2900;0
S012;146;4;2900;2905;0
S012;146;3;2905;2910;0
S012;146;2;2910;2915;0
S012;146;1;2915;2935;0
S012;147;0;2030;2030;1
S012;147;1;2995;3015;1
S012;147;2;3015;3020;1
S012;147;3;3020;3025;1
S012;147;4;3025;3030;1
S012;147;5;3030;3035;1
S012;147;34;3035;3045;1
S012;147;34;4535;4565;0
S012;147;5;4565;4570;0
S012;147;4;4570;4575;0
S012;147;3;4575;4580;0
S012;147;2;4580;4585;0
S012;147;1;4585;4605;0
S012;148;0;2190;2190;1
S012;148;1;5105;5125;1
S012;148;2;5125;5130;1
S012;148;3;5130;5135;1
S012;148;4;5135;5140;1
S012;148;5;5140;5145;1
S012;148;6;5145;5150;1
S012;148;7;5150;5155;1
S012;148;8;5155;5160;1
S012;148;9;5160;5165;1
S012;148;10;5165;5170;1
S012;148;52;5170;5200;1
S012;148;52;6520;6530;0
S012;148;10;6530;6535;0
S012;148;9;6535;6540;0
S012;148;8;6540;6545;0
S012;148;7;6545;6550;0
S012;148;6;6550;6555;0
S012;148;5;6555;6560;0
S012;148;4;6560;6565;0
S012;148;3;6565;6570;0
S012;148;2;6570;6575;0
S012;148;1;6575;6595;0
S012;149;0;2295;2295;1
S012;149;1;2335;2355;1
S012;149;2;2355;2360;1
S012;149;3;2360;2365;1
S012;149;4;2365;2370;1
S012;149;5;2370;2375;1
S012;149;27;2375;2405;1
S012;149;27;3960;3970;0
S012;149;5;3970;3975;0
S012;149;4;3975;3980;0
S012;149;3;3980;3985;0
S012;149;2;3985;3990;0
S012;149;1;3990;4010;0
S012;151;0;2400;2400;1
S012;151;1;12980;13000;1
S012;151;2;13000;13005;1
S012;151;3;13005;13010;1
S012;151;4;13010;13015;1
S012;151;5;13015;13020;1
S012;151;6;13020;13025;1
S012;151;7;13025;13030;1
S012;151;8;13030;13035;1
S012;151;9;13035;13040;1
S012;151;10;13040;13045;1
S012;151;11;13045;13050;1
S012;151;12;13050;13055;1
S012;151;13;13055;13060;1
S012;151;69;13060;13090;1
S012;151;69;14595;14605;0
S012;151;13;14605;14610;0
S012;151;12;14610;14615;0
S012;151;11;14615;14620;0
S012;151;10;14620;14625;0
S012;151;9;14625;14630;0
S012;151;8;14630;14635;0
S012;151;7;14635;14640;0
S012;151;6;14640;14645;0
S012;151;5;14645;14650;0
S012;151;4;14650;14655;0
S012;151;3;14655;14660;0
S012;151;2;14660;14665;0
S012;151;1;14665;14685;0
S012;152;0;2520;2520;1
S012;152;1;12985;13005;1
S012;152;2;13005;13010;1
S012;152;3;13010;13015;1
S012;152;4;13015;13020;1
S012;152;5;13020;13025;1
S012;152;28;13025;13055;1
S012;152;28;22035;22045;0
S012;152;5;22045;22050;0
S012;152;4;22050;22055;0
S012;152;3;22055;22060;0
S012;152;2;22060;22065;0
S012;152;1;22065;22085;0
S012;153;0;2545;2545;1
S012;153;1;5760;5780;1
S012;153;2;5780;5785;1
S012;153;3;5785;5790;1
S012;153;4;5790;5795;1
S012;153;5;5795;5800;1
S012;153;6;5800;5805;1
S012;153;7;5805;5810;1
S012;153;45;5810;5840;1
S012;153;45;10280;10290;0
S012;153;7;10290;10295;0
S012;153;6;10295;10300;0
S012;153;5;10300;10305;0
S012;153;4;10305;10310;0
S012;153;3;10310;10315;0
S012;153;2;10315;10320;0
S012;153;1;10320;10340;0
S012;154;0;2610;2610;1
S012;154;1;2610;2630;1
S012;154;2;2630;2635;1
S012;154;3;2635;2640;1
S012;154;4;2640;2645;1
S012;154;5;2645;2650;1
S012;154;35;2650;2660;1
S012;154;35;5120;5150;0
S012;154;5;5150;5155;0
S012;154;4;5155;5160;0
S012;154;3;5160;5165;0
S012;154;2;5165;5170;0
S012;154;1;5170;5190;0
S012;155;0;2870;2870;1
S012;155;1;2955;2975;1
S012;155;2;2975;2980;1
S012;155;3;2980;2985;1
S012;155;4;2985;2990;1
S012;155;5;2990;2995;1
S012;155;6;2995;3000;1
S012;155;7;3000;3005;1
S012;155;8;3005;3010;1
S012;155;9;3010;3015;1
S012;155;10;3015;3020;1
S012;155;11;3020;3025;1
S012;155;12;3025;3030;1
S012;155;66;3030;3060;1
S012;155;66;5240;5250;0
S012;155;12;5250;5255;0
S012;155;11;5255;5260;0
S012;155;10;5260;5265;0
S012;155;9;5265;5270;0
S012;155;8;5270;5275;0
S012;155;7;5275;5280;0
S012;155;6;5280;5285;0
S012;155;5;5285;5290;0
S012;155;4;5290;5295;0
S012;155;3;5295;5300;0
S012;155;2;5300;5305;0
S012;155;1;5305;5325;0
S012;156;0;3230;3230;1
S012;156;1;3230;3250;1
S012;156;2;3250;3255;1
S012;156;3;3255;3260;1
S012;156;4;3260;3265;1
S012;156;5;3265;3270;1
S012;156;6;3270;3275;1
S012;156;7;3275;3280;1
S012;156;8;3280;3285;1
S012;156;9;3285;3290;1
S012;156;10;3290;3295;1
S012;156;11;3295;3300;1
S012;156;12;3300;3305;1
S012;156;65;3305;3315;1
S012;156;65;4715;4745;0
S012;156;12;4745;4750;0
S012;156;11;4750;4755;0
S012;156;10;4755;4760;0
S012;156;9;4760;4765;0
S012;156;8;4765;4770;0
S012;156;7;4770;4775;0
S012;156;6;4775;4780;0
S012;156;5;4780;4785;0
S012;156;4;4785;4790;0
S012;156;3;4790;4795;0
S012;156;2;4795;4800;0
S012;156;1;4800;4820;0
S012;157;0;3270;3270;1
S012;157;1;3270;3290;1
S012;157;2;3290;3295;1
S012;157;3;3295;3300;1
S012;157;4;3300;3305;1
S012;157;5;3305;3310;1
S012;157;6;3310;3315;1
S012;157;81;3315;3345;1
S012;157;81;3985;4015;0
S012;157;6;4015;4020;0
S012;157;5;4020;4025;0
S012;157;4;4025;4030;0
S012;157;3;4030;4035;0
S012;157;2;4035;4040;0
S012;157;1;4040;4060;0
S012;158;0;3330;3330;1
S012;158;1;4335;4355;1
S012;158;2;4355;4360;1
S012;158;3;4360;4365;1
S012;158;18;4365;4395;1
S012;158;18;6330;6340;0
S012;158;3;6340;6345;0
S012;158;2;6345;6350;0
S012;158;1;6350;6370;0
S012;159;0;3330;3330;1
S012;159;1;3380;3400;1
S012;159;2;3400;3405;1
S012;159;3;3405;3410;1
S012;159;4;3410;3415;1
S012;159;5;3415;3420;1
S012;159;31;3420;3450;1
S012;159;31;4025;4055;0
S012;159;5;4055;4060;0
S012;159;4;4060;4065;0
S012;159;3;4065;4070;0
S012;159;2;4070;4075;0
S012;159;1;4075;4095;0
S012;160;0;3420;3420;1
S012;160;1;3420;3440;1
S012;160;2;3440;3445;1
S012;160;3;3445;3450;1
S012;160;4;3450;3455;1
S012;160;5;3455;3460;1
S012;160;36;3460;3470;1
S012;160;36;4645;4675;0
S012;160;5;4675;4680;0
S012;160;4;4680;4685;0
S012;160;3;4685;4690;0
S012;160;2;4690;4695;0
S012;160;1;4695;4715;0
S012;161;0;3540;3540;1
S012;161;1;10065;10085;1
S012;161;2;10085;10090;1
S012;161;3;10090;10095;1
S012;161;4;10095;10100;1
S012;161;5;10100;10105;1
S012;161;6;10105;10110;1
S012;161;40;10110;10140;1
S012;161;40;13735;13745;0
S012;161;6;13745;13750;0
S012;161;5;13750;13755;0
S012;161;4;13755;13760;0
S012;161;3;13760;13765;0
S012;161;2;13765;13770;0
S012;161;1;13770;13790;0
S012;162;0;3660;3660;1
S012;162;1;3695;3715;1
S012;162;2;3715;3720;1
S012;162;3;3720;3725;1
S012;162;4;3725;3730;1
S012;162;5;3730;3735;1
S012;162;33;3735;3745;1
S012;162;33;5150;5180;0
S012;162;5;5180;5185;0
S012;162;4;5185;5190;0
S012;162;3;5190;5195;0
S012;162;2;5195;5200;0
S012;162;1;5200;5220;0
S012;163;0;3830;3830;1
S012;163;1;3830;3850;1
S012;163;2;3850;3855;1
S012;163;3;3855;3860;1
S012;163;4;3860;3865;1
S012;163;5;3865;3870;1
S012;163;6;3870;3875;1
S012;163;7;3875;3880;1
S012;163;8;3880;3885;1
S012;163;9;3885;3890;1
S012;163;10;3890;3895;1
S012;163;53;3895;3905;1
S012;163;53;5985;6015;0
S012;163;10;6015;6020;0
S012;163;9;6020;6025;0
S012;163;8;6025;6030;0
S012;163;7;6030;6035;0
S012;163;6;6035;6040;0
S012;163;5;6040;6045;0
S012;163;4;6045;6050;0
S012;163;3;6050;6055;0
S012;163;2;6055;6060;0
S012;163;1;6060;6080;0
S012;164;0;3900;3900;1
S012;164;1;9710;9730;1
S012;164;2;9730;9735;1
S012;164;3;9735;9740;1
S012;164;4;9740;9745;1
S012;164;22;9745;9755;1
S012;164;22;17430;17460;0
S012;164;4;17460;17465;0
S012;164;3;17465;17470;0
S012;164;2;17470;17475;0
S012;164;1;17475;17495;0
S012;165;0;4000;4000;1
S012;165;1;5915;5935;1
S012;165;2;5935;5940;1
S012;165;3;5940;5945;1
S012;165;4;5945;5950;1
S012;165;5;5950;5955;1
S012;165;6;5955;5960;1
S012;165;7;5960;5965;1
S012;165;8;5965;5970;1
S012;165;9;5970;5975;1
S012;165;10;5975;5980;1
S012;165;53;5980;5990;1
S012;165;53;6800;6830;0
S012;165;10;6830;6835;0
S012;165;9;6835;6840;0
S012;165;8;6840;6845;0
S012;165;7;6845;6850;0
S012;165;6;6850;6855;0
S012;165;5;6855;6860;0
S012;165;4;6860;6865;0
S012;165;3;6865;6870;0
S012;165;2;6870;6875;0
S012;165;1;6875;6895;0
S012;166;0;4085;4085;1
S012;166;1;4150;4170;1
S012;166;2;4170;4175;1
S012;166;3;4175;4180;1
S012;166;4;4180;4185;1
S012;166;5;4185;4190;1
S012;166;6;4190;4195;1
S012;166;7;4195;4200;1
S012;166;8;4200;4205;1
S012;166;9;4205;4210;1
S012;166;10;4210;4215;1
S012;166;11;4215;4220;1
S012;166;12;4220;4225;1
S012;166;13;4225;4230;1
S012;166;70;4230;4260;1
S012;166;70;9070;9080;0
S012;166;13;9080;9085;0
S012;166;12;9085;9090;0
S012;166;11;9090;9095;0
S012;166;10;9095;9100;0
S012;166;9;9100;9105;0
S012;166;8;9105;9110;0
S012;166;7;9110;9115;0
S012;166;6;9115;9120;0
S012;166;5;9120;9125;0
S012;166;4;9125;9130;0
S012;166;3;9130;9135;0
S012;166;2;9135;9140;0
S012;166;1;9140;9160;0
S012;167;0;4095;4095;1
S012;167;1;4155;4175;1
S012;167;2;4175;4180;1
S012;167;3;4180;4185;1
S012;167;4;4185;4190;1
S012;167;5;4190;4195;1
S012;167;27;4195;4205;1
S012;167;27;18240;18270;0
S012;167;5;18270;18275;0
S012;167;4;18275;18280;0
S012;167;3;18280;18285;0
S012;167;2;18285;18290;0
S012;167;1;18290;18310;0
S012;168;0;4480;4480;1
S012;168;1;17505;17525;1
S012;168;2;17525;17530;1
S012;168;3;17530;17535;1
S012;168;4;17535;17540;1
S012;168;22;17540;17570;1
S012;168;22;22990;23000;0
S012;168;4;23000;23005;0
S012;168;3;23005;23010;0
S012;168;2;23010;23015;0
S012;168;1;23015;23035;0
S012;169;0;4650;4650;1
S012;169;1;5100;5120;1
S012;169;2;5120;5125;1
S012;169;3;5125;5130;1
S012;169;4;5130;5135;1
S012;169;5;5135;5140;1
S012;169;6;5140;5145;1
S012;169;7;5145;5150;1
S012;169;8;5150;5155;1
S012;169;9;5155;5160;1
S012;169;10;5160;5165;1
S012;169;11;5165;5170;1
S012;169;12;5170;5175;1
S012;169;65;5175;5185;1
S012;169;65;6250;6280;0
S012;169;12;6280;6285;0
S012;169;11;6285;6290;0
S012;169;10;6290;6295;0
S012;169;9;6295;6300;0
S012;169;8;6300;6305;0
S012;169;7;6305;6310;0
S012;169;6;6310;6315;0
S012;169;5;6315;6320;0
S012;169;4;6320;6325;0
S012;169;3;6325;6330;0
S012;169;2;6330;6335;0
S012;169;1;6335;6355;0
S012;170;0;4650;4650;1
S012;170;1;7205;7225;1
S012;170;2;7225;7230;1
S012;170;3;7230;7235;1
S012;170;4;7235;7240;1
S012;170;24;7240;7270;1
S012;170;24;15340;15350;0
S012;170;4;15350;15355;0
S012;170;3;15355;15360;0
S012;170;2;15360;15365;0
S012;170;1;15365;15385;0
S012;171;0;4670;4670;1
S012;171;1;4720;4740;1
S012;171;2;4740;4745;1
S012;171;3;4745;4750;1
S012;171;4;4750;4755;1
S012;171;5;4755;4760;1
S012;171;34;4760;4770;1
S012;171;34;5990;6020;0
S012;171;5;6020;6025;0
S012;171;4;6025;6030;0
S012;171;3;6030;6035;0
S012;171;2;6035;6040;0
S012;171;1;6040;6060;0
S012;172;0;4940;4940;1
S012;172;1;25950;25970;1
S012;172;2;25970;25975;1
S012;172;3;25975;25980;1
S012;172;4;25980;25985;1
S012;172;5;25985;25990;1
S012;172;6;25990;25995;1
S012;172;39;25995;26025;1
S012;173;0;5220;5220;1
S012;173;1;9165;9185;1
S012;173;2;9185;9190;1
S012;173;3;9190;9195;1
S012;173;4;9195;9200;1
S012;173;5;9200;9205;1
S012;173;6;9205;9210;1
S012;173;7;9210;9215;1
S012;173;8;9215;9220;1
S012;173;9;9220;9225;1
S012;173;10;9225;9230;1
S012;173;11;9230;9235;1
S012;173;12;9235;9240;1
S012;173;13;9240;9245;1
S012;173;70;9245;9275;1
S012;173;70;10855;10865;0
S012;173;13;10865;10870;0
S012;173;12;10870;10875;0
S012;173;11;10875;10880;0
S012;173;10;10880;10885;0
S012;173;9;10885;10890;0
S012;173;8;10890;10895;0
S012;173;7;10895;10900;0
S012;173;6;10900;10905;0
S012;173;5;10905;10910;0
S012;173;4;10910;10915;0
S012;173;3;10915;10920;0
S012;173;2;10920;10925;0
S012;173;1;10925;10945;0
S012;174;0;5340;5340;1
S012;174;1;15850;15870;1
S012;174;2;15870;15875;1
S012;174;3;15875;15880;1
S012;174;4;15880;15885;1
S012;174;24;15885;15915;1
S012;174;24;25315;25325;0
S012;174;4;25325;25330;0
S012;174;3;25330;25335;0
S012;174;2;25335;25340;0
S012;174;1;25340;25360;0
S012;175;0;5460;5460;1
S012;175;1;5460;5480;1
S012;175;2;5480;5485;1
S012;175;3;5485;5490;1
S012;175;4;5490;5495;1
S012;175;5;5495;5500;1
S012;175;33;5500;5510;1
S012;175;33;6320;6350;0
S012;175;5;6350;6355;0
S012;175;4;6355;6360;0
S012;175;3;6360;6365;0
S012;175;2;6365;6370;0
S012;175;1;6370;6390;0
S012;176;0;5565;5565;1
S012;176;1;15530;15550;1
S012;176;2;15550;15555;1
S012;176;3;15555;15560;1
S012;176;17;15560;15590;1
S012;176;17;22455;22465;0
S012;176;3;22465;22470;0
S012;176;2;22470;22475;0
S012;176;1;22475;22495;0
S012;177;0;5680;5680;1
S012;177;1;7540;7560;1
S012;177;2;7560;7565;1
S012;177;3;7565;7570;1
S012;177;4;7570;7575;1
S012;177;5;7575;7580;1
S012;177;6;7580;7585;1
S012;177;7;7585;7590;1
S012;177;8;7590;7595;1
S012;177;9;7595;7600;1
S012;177;10;7600;7605;1
S012;177;11;7605;7610;1
S012;177;12;7610;7615;1
S012;177;64;7615;7645;1
S012;177;64;8885;8895;0
S012;177;12;8895;8900;0
S012;177;11;8900;8905;0
S012;177;10;8905;8910;0
S012;177;9;8910;8915;0
S012;177;8;8915;8920;0
S012;177;7;8920;8925;0
S012;177;6;8925;8930;0
S012;177;5;8930;8935;0
S012;177;4;8935;8940;0
S012;177;3;8940;8945;0
S012;177;2;8945;8950;0
S012;177;1;8950;8970;0
S012;178;0;5940;5940;1
S012;178;1;5940;5960;1
S012;178;2;5960;5965;1
S012;178;3;5965;5970;1
S012;178;4;5970;5975;1
S012;178;5;5975;5980;1
S012;178;6;5980;5985;1
S012;178;7;5985;5990;1
S012;178;8;5990;5995;1
S012;178;9;5995;6000;1
S012;178;10;6000;6005;1
S012;178;11;6005;6010;1
S012;178;12;6010;6015;1
S012;178;13;6015;6020;1
S012;178;68;6020;6030;1
S012;178;68;8365;8395;0
S012;178;13;8395;8400;0
S012;178;12;8400;8405;0
S012;178;11;8405;8410;0
S012;178;10;8410;8415;0
S012;178;9;8415;8420;0
S012;178;8;8420;8425;0
S012;178;7;8425;8430;0
S012;178;6;8430;8435;0
S012;178;5;8435;8440;0
S012;178;4;8440;8445;0
S012;178;3;8445;8450;0
S012;178;2;8450;8455;0
S012;178;1;8455;8475;0
S012;179;0;6060;6060;1
S012;179;1;6095;6115;1
S012;179;2;6115;6120;1
S012;179;3;6120;6125;1
S012;179;4;6125;6130;1
S012;179;5;6130;6135;1
S012;179;6;6135;6140;1
S012;179;7;6140;6145;1
S012;179;8;6145;6150;1
S012;179;9;6150;6155;1
S012;179;10;6155;6160;1
S012;179;11;6160;6165;1
S012;179;12;6165;6170;1
S012;179;64;6170;6200;1
S012;179;64;7640;7650;0
S012;179;12;7650;7655;0
S012;179;11;7655;7660;0
S012;179;10;7660;7665;0
S012;179;9;7665;7670;0
S012;179;8;7670;7675;0
S012;179;7;7675;7680;0
S012;179;6;7680;7685;0
S012;179;5;7685;7690;0
S012;179;4;7690;7695;0
S012;179;3;7695;7700;0
S012;179;2;7700;7705;0
S012;179;1;7705;7725;0
S012;180;0;6090;6090;1
S012;180;1;6090;6110;1
S012;180;2;6110;6115;1
S012;180;3;6115;6120;1
S012;180;4;6120;6125;1
S012;180;5;6125;6130;1
S012;180;6;6130;6135;1
S012;180;7;6135;6140;1
S012;180;8;6140;6145;1
S012;180;9;6145;6150;1
S012;180;10;6150;6155;1
S012;180;11;6155;6160;1
S012;180;12;6160;6165;1
S012;180;13;6165;6170;1
S012;180;69;6170;6180;1
S012;180;69;6735;6765;0
S012;180;13;6765;6770;0
S012;180;12;6770;6775;0
S012;180;11;6775;6780;0
S012;180;10;6780;6785;0
S012;180;9;6785;6790;0
S012;180;8;6790;6795;0
S012;180;7;6795;6800;0
S012;180;6;6800;6805;0
S012;180;5;6805;6810;0
S012;180;4;6810;6815;0
S012;180;3;6815;6820;0
S012;180;2;6820;6825;0
S012;180;1;6825;6845;0
S012;181;0;6180;6180;1
S012;181;1;6180;6200;1
S012;181;2;6200;6205;1
S012;181;3;6205;6210;1
S012;181;4;6210;6215;1
S012;181;5;6215;6220;1
S012;181;6;6220;6225;1
S012;181;7;6225;6230;1
S012;181;8;6230;6235;1
S012;181;9;6235;6240;1
S012;181;10;6240;6245;1
S012;181;11;6245;6250;1
S012;181;12;6250;6255;1
S012;181;65;6255;6265;1
S012;181;65;8000;8030;0
S012;181;12;8030;8035;0
S012;181;11;8035;8040;0
S012;181;10;8040;8045;0
S012;181;9;8045;8050;0
S012;181;8;8050;8055;0
S012;181;7;8055;8060;0
S012;181;6;8060;8065;0
S012;181;5;8065;8070;0
S012;181;4;8070;8075;0
S012;181;3;8075;8080;0
S012;181;2;8080;8085;0
S012;181;1;8085;8105;0
S012;182;0;6240;6240;1
S012;182;1;6255;6275;1
S012;182;2;6275;6280;1
S012;182;3;6280;6285;1
S012;182;4;6285;6290;1
S012;182;5;6290;6295;1
S012;182;35;6295;6305;1
S012;182;35;7650;7680;0
S012;182;5;7680;7685;0
S012;182;4;7685;7690;0
S012;182;3;7690;7695;0
S012;182;2;7695;7700;0
S012;182;1;7700;7720;0
S012;183;0;6285;6285;1
S012;183;1;6395;6415;1
S012;183;2;6415;6420;1
S012;183;3;6420;6425;1
S012;183;4;6425;6430;1
S012;183;5;6430;6435;1
S012;183;6;6435;6440;1
S012;183;7;6440;6445;1
S012;183;8;6445;6450;1
S012;183;9;6450;6455;1
S012;183;10;6455;6460;1
S012;183;11;6460;6465;1
S012;183;12;6465;6470;1
S012;183;66;6470;6500;1
S012;183;66;8405;8415;0
S012;183;12;8415;8420;0
S012;183;11;8420;8425;0
S012;183;10;8425;8430;0
S012;183;9;8430;8435;0
S012;183;8;8435;8440;0
S012;183;7;8440;8445;0
S012;183;6;8445;8450;0
S012;183;5;8450;8455;0
S012;183;4;8455;8460;0
S012;183;3;8460;8465;0
S012;183;2;8465;8470;0
S012;183;1;8470;8490;0
S012;184;0;6355;6355;1
S012;184;1;6440;6460;1
S012;184;2;6460;6465;1
S012;184;3;6465;6470;1
S012;184;4;6470;6475;1
S012;184;5;6475;6480;1
S012;184;6;6480;6485;1
S012;184;7;6485;6490;1
S012;184;8;6490;6495;1
S012;184;9;6495;6500;1
S012;184;10;6500;6505;1
S012;184;52;6505;6535;1
S012;184;52;7330;7340;0
S012;184;10;7340;7345;0
S012;184;9;7345;7350;0
S012;184;8;7350;7355;0
S012;184;7;7355;7360;0
S012;184;6;7360;7365;0
S012;184;5;7365;7370;0
S012;184;4;7370;7375;0
S012;184;3;7375;7380;0
S012;184;2;7380;7385;0
S012;184;1;7385;7405;0
S012;185;0;6615;6615;1
S012;185;1;6630;6650;1
S012;185;2;6650;6655;1
S012;185;3;6655;6660;1
S012;185;4;6660;6665;1
S012;185;5;6665;6670;1
S012;185;31;6670;6680;1
S012;185;31;9730;9760;0
S012;185;5;9760;9765;0
S012;185;4;9765;9770;0
S012;185;3;9770;9775;0
S012;185;2;9775;9780;0
S012;185;1;9780;9800;0
S012;186;0;6660;6660;1
S012;186;1;11625;11645;1
S012;186;2;11645;11650;1
S012;186;3;11650;11655;1
S012;186;4;11655;11660;1
S012;186;5;11660;11665;1
S012;186;6;11665;11670;1
S012;186;7;11670;11675;1
S012;186;8;11675;11680;1
S012;186;9;11680;11685;1
S012;186;10;11685;11690;1
S012;186;53;11690;11700;1
S012;186;53;13700;13730;0
S012;186;10;13730;13735;0
S012;186;9;13735;13740;0
S012;186;8;13740;13745;0
S012;186;7;13745;13750;0
S012;186;6;13750;13755;0
S012;186;5;13755;13760;0
S012;186;4;13760;13765;0
S012;186;3;13765;13770;0
S012;186;2;13770;13775;0
S012;186;1;13775;13795;0
S012;187;0;7080;7080;1
S012;187;1;7085;7105;1
S012;187;2;7105;7110;1
S012;187;3;7110;7115;1
S012;187;17;7115;7145;1
S012;187;17;15475;15485;0
S012;187;3;15485;15490;0
S012;187;2;15490;15495;0
S012;187;1;15495;15515;0
S012;188;0;7080;7080;1
S012;188;1;7080;7100;1
S012;188;2;7100;7105;1
S012;188;3;7105;7110;1
S012;188;4;7110;7115;1
S012;188;5;7115;7120;1
S012;188;6;7120;7125;1
S012;188;7;7125;7130;1
S012;188;8;7130;7135;1
S012;188;9;7135;7140;1
S012;188;10;7140;7145;1
S012;188;11;7145;7150;1
S012;188;12;7150;7155;1
S012;188;13;7155;7160;1
S012;188;69;7160;7190;1
S012;188;69;9830;9840;0
S012;188;13;9840;9845;0
S012;188;12;9845;9850;0
S012;188;11;9850;9855;0
S012;188;10;9855;9860;0
S012;188;9;9860;9865;0
S012;188;8;9865;9870;0
S012;188;7;9870;9875;0
S012;188;6;9875;9880;0
S012;188;5;9880;9885;0
S012;188;4;9885;9890;0
S012;188;3;9890;9895;0
S012;188;2;9895;9900;0
S012;188;1;9900;9920;0
S012;189;0;7155;7155;1
S012;189;1;7240;7260;1
S012;189;2;7260;7265;1
S012;189;3;7265;7270;1
S012;189;4;7270;7275;1
S012;189;26;7275;7305;1
S012;189;26;12470;12480;0
S012;189;4;12480;12485;0
S012;189;3;12485;12490;0
S012;189;2;12490;12495;0
S012;189;1;12495;12515;0
S012;190;0;7425;7425;1
S012;190;1;7425;7445;1
S012;190;2;7445;7450;1
S012;190;3;7450;7455;1
S012;190;4;7455;7460;1
S012;190;5;7460;7465;1
S012;190;33;7465;7475;1
S012;190;33;8380;8410;0
S012;190;5;8410;8415;0
S012;190;4;8415;8420;0
S012;190;3;8420;8425;0
S012;190;2;8425;8430;0
S012;190;1;8430;8450;0
S012;191;0;7500;7500;1
S012;191;1;7500;7520;1
S012;191;2;7520;7525;1
S012;191;3;7525;7530;1
S012;191;4;7530;7535;1
S012;191;5;7535;7540;1
S012;191;6;7540;7545;1
S012;191;7;7545;7550;1
S012;191;8;7550;7555;1
S012;191;9;7555;7560;1
S012;191;10;7560;7565;1
S012;191;53;7565;7575;1
S012;191;53;8545;8575;0
S012;191;10;8575;8580;0
S012;191;9;8580;8585;0
S012;191;8;8585;8590;0
S012;191;7;8590;8595;0
S012;191;6;8595;8600;0
S012;191;5;8600;8605;0
S012;191;4;8605;8610;0
S012;191;3;8610;8615;0
S012;191;2;8615;8620;0
S012;191;1;8620;8640;0
S012;192;0;7575;7575;1
S012;192;1;8500;8520;1
S012;192;2;8520;8525;1
S012;192;3;8525;8530;1
S012;192;4;8530;8535;1
S012;192;5;8535;8540;1
S012;192;6;8540;8545;1
S012;192;7;8545;8550;1
S012;192;8;8550;8555;1
S012;192;9;8555;8560;1
S012;192;10;8560;8565;1
S012;192;11;8565;8570;1
S012;192;12;8570;8575;1
S012;192;65;8575;8605;1
S012;192;65;9995;10005;0
S012;192;12;10005;10010;0
S012;192;11;10010;10015;0
S012;192;10;10015;10020;0
S012;192;9;10020;10025;0
S012;192;8;10025;10030;0
S012;192;7;10030;10035;0
S012;192;6;10035;10040;0
S012;192;5;10040;10045;0
S012;192;4;10045;10050;0
S012;192;3;10050;10055;0
S012;192;2;10055;10060;0
S012;192;1;10060;10080;0
S012;193;0;7590;7590;1
S012;193;1;7590;7610;1
S012;193;2;7610;7615;1
S012;193;3;7615;7620;1
S012;193;4;7620;7625;1
S012;193;5;7625;7630;1
S012;193;6;7630;7635;1
S012;193;39;7635;7665;1
S012;193;39;8570;8580;0
S012;193;6;8580;8585;0
S012;193;5;8585;8590;0
S012;193;4;8590;8595;0
S012;193;3;8595;8600;0
S012;193;2;8600;8605;0
S012;193;1;8605;8625;0
S012;194;0;7645;7645;1
S012;194;1;7730;7750;1
S012;194;2;7750;7755;1
S012;194;3;7755;7760;1
S012;194;4;7760;7765;1
S012;194;5;7765;7770;1
S012;194;6;7770;7775;1
S012;194;7;7775;7780;1
S012;194;8;7780;7785;1
S012;194;9;7785;7790;1
S012;194;10;7790;7795;1
S012;194;52;7795;7805;1
S012;194;52;9255;9285;0
S012;194;10;9285;9290;0
S012;194;9;9290;9295;0
S012;194;8;9295;9300;0
S012;194;7;9300;9305;0
S012;194;6;9305;9310;0
S012;194;5;9310;9315;0
S012;194;4;9315;9320;0
S012;194;3;9320;9325;0
S012;194;2;9325;9330;0
S012;194;1;9330;9350;0
S012;195;0;7700;7700;1
S012;195;1;7735;7755;1
S012;195;83;7755;7785;1
S012;195;83;8915;8925;0
S012;195;1;8925;8945;0
S012;196;0;7830;7830;1
S012;196;1;11610;11630;1
S012;196;2;11630;11635;1
S012;196;3;11635;11640;1
S012;196;4;11640;11645;1
S012;196;5;11645;11650;1
S012;196;6;11650;11655;1
S012;196;7;11655;11660;1
S012;196;8;11660;11665;1
S012;196;9;11665;11670;1
S012;196;10;11670;11675;1
S012;196;11;11675;11680;1
S012;196;12;11680;11685;1
S012;196;65;11685;11695;1
S012;196;65;13280;13310;0
S012;196;12;13310;13315;0
S012;196;11;13315;13320;0
S012;196;10;13320;13325;0
S012;196;9;13325;13330;0
S012;196;8;13330;13335;0
S012;196;7;13335;13340;0
S012;196;6;13340;13345;0
S012;196;5;13345;13350;0
S012;196;4;13350;13355;0
S012;196;3;13355;13360;0
S012;196;2;13360;13365;0
S012;196;1;13365;13385;0
S012;197;0;7980;7980;1
S012;197;1;17245;17265;1
S012;197;2;17265;17270;1
S012;197;3;17270;17275;1
S012;197;4;17275;17280;1
S012;197;5;17280;17285;1
S012;197;6;17285;17290;1
S012;197;7;17290;17295;1
S012;197;8;17295;17300;1
S012;197;9;17300;17305;1
S012;197;10;17305;17310;1
S012;197;52;17310;17320;1
S012;197;52;19505;19535;0
S012;197;10;19535;19540;0
S012;197;9;19540;19545;0
S012;197;8;19545;19550;0
S012;197;7;19550;19555;0
S012;197;6;19555;19560;0
S012;197;5;19560;19565;0
S012;197;4;19565;19570;0
S012;197;3;19570;19575;0
S012;197;2;19575;19580;0
S012;197;1;19580;19600;0
S012;198;0;8025;8025;1
S012;198;1;15840;15860;1
S012;198;2;15860;15865;1
S012;198;3;15865;15870;1
S012;198;4;15870;15875;1
S012;198;5;15875;15880;1
S012;198;6;15880;15885;1
S012;198;7;15885;15890;1
S012;198;8;15890;15895;1
S012;198;9;15895;15900;1
S012;198;10;15900;15905;1
S012;198;11;15905;15910;1
S012;198;12;15910;15915;1
S012;198;13;15915;15920;1
S012;198;70;15920;15950;1
S012;198;70;17760;17770;0
S012;198;13;17770;17775;0
S012;198;12;17775;17780;0
S012;198;11;17780;17785;0
S012;198;10;17785;17790;0
S012;198;9;17790;17795;0
S012;198;8;17795;17800;0
S012;198;7;17800;17805;0
S012;198;6;17805;17810;0
S012;198;5;17810;17815;0
S012;198;4;17815;17820;0
S012;198;3;17820;17825;0
S012;198;2;17825;17830;0
S012;198;1;17830;17850;0
S012;199;0;8160;8160;1
S012;199;1;8790;8810;1
S012;199;2;8810;8815;1
S012;199;3;8815;8820;1
S012;199;21;8820;8830;1
S012;199;21;10260;10290;0
S012;199;3;10290;10295;0
S012;199;2;10295;10300;0
S012;199;1;10300;10320;0
S012;200;0;8220;8220;1
S012;200;1;8365;8385;1
S012;200;2;8385;8390;1
S012;200;3;8390;8395;1
S012;200;4;8395;8400;1
S012;200;5;8400;8405;1
S012;200;33;8405;8415;1
S012;200;33;9270;9300;0
S012;200;5;9300;9305;0
S012;200;4;9305;9310;0
S012;200;3;9310;9315;0
S012;200;2;9315;9320;0
S012;200;1;9320;9340;0
S012;201;0;8220;8220;1
S012;201;1;8510;8530;1
S012;201;2;8530;8535;1
S012;201;3;8535;8540;1
S012;201;4;8540;8545;1
S012;201;5;8545;8550;1
S012;201;35;8550;8560;1
S012;201;35;9240;9270;0
S012;201;5;9270;9275;0
S012;201;4;9275;9280;0
S012;201;3;9280;9285;0
S012;201;2;9285;9290;0
S012;201;1;9290;9310;0
S012;202;0;8280;8280;1
S012;202;1;8505;8525;1
S012;202;2;8525;8530;1
S012;202;3;8530;8535;1
S012;202;4;8535;8540;1
S012;202;5;8540;8545;1
S012;202;6;8545;8550;1
S012;202;7;8550;8555;1
S012;202;8;8555;8560;1
S012;202;9;8560;8565;1
S012;202;10;8565;8570;1
S012;202;53;8570;8580;1
S012;202;53;9725;9755;0
S012;202;10;9755;9760;0
S012;202;9;9760;9765;0
S012;202;8;9765;9770;0
S012;202;7;9770;9775;0
S012;202;6;9775;9780;0
S012;202;5;9780;9785;0
S012;202;4;9785;9790;0
S012;202;3;9790;9795;0
S012;202;2;9795;9800;0
S012;202;1;9800;9820;0
S012;203;0;8370;8370;1
S012;203;1;8515;8535;1
S012;203;2;8535;8540;1
S012;203;3;8540;8545;1
S012;203;18;8545;8575;1
S012;203;18;15485;15495;0
S012;203;3;15495;15500;0
S012;203;2;15500;15505;0
S012;203;1;15505;15525;0
S012;204;0;8385;8385;1
S012;204;1;18720;18740;1
S012;204;2;18740;18745;1
S012;204;3;18745;18750;1
S012;204;4;18750;18755;1
S012;204;5;18755;18760;1
S012;204;6;18760;18765;1
S012;204;7;18765;18770;1
S012;204;8;18770;18775;1
S012;204;9;18775;18780;1
S012;204;10;18780;18785;1
S012;204;11;18785;18790;1
S012;204;12;18790;18795;1
S012;204;13;18795;18800;1
S012;204;69;18800;18810;1
S012;204;69;24165;24195;0
S012;204;13;24195;24200;0
S012;204;12;24200;24205;0
S012;204;11;24205;24210;0
S012;204;10;24210;24215;0
S012;204;9;24215;24220;0
S012;204;8;24220;24225;0
S012;204;7;24225;24230;0
S012;204;6;24230;24235;0
S012;204;5;24235;24240;0
S012;204;4;24240;24245;0
S012;204;3;24245;24250;0
S012;204;2;24250;24255;0
S012;204;1;24255;24275;0
S012;205;0;8630;8630;1
S012;205;1;8640;8660;1
S012;205;2;8660;8665;1
S012;205;3;8665;8670;1
S012;205;4;8670;8675;1
S012;205;5;8675;8680;1
S012;205;34;8680;8690;1
S012;205;34;9210;9240;0
S012;205;5;9240;9245;0
S012;205;4;9245;9250;0
S012;205;3;9250;9255;0
S012;205;2;9255;9260;0
S012;205;1;9260;9280;0
S012;206;0;8645;8645;1
S012;206;1;8650;8670;1
S012;206;2;8670;8675;1
S012;206;3;8675;8680;1
S012;206;4;8680;8685;1
S012;206;5;8685;8690;1
S012;206;6;8690;8695;1
S012;206;7;8695;8700;1
S012;206;8;8700;8705;1
S012;206;9;8705;8710;1
S012;206;10;8710;8715;1
S012;206;11;8715;8720;1
S012;206;12;8720;8725;1
S012;206;13;8725;8730;1
S012;206;14;8730;8735;1
S012;206;15;8735;8740;1
S012;206;16;8740;8755;1
S012;206;79;8755;8785;1
S012;206;79;16860;16870;0
S012;206;16;16870;16885;0
S012;206;15;16885;16890;0
S012;206;14;16890;16895;0
S012;206;13;16895;16900;0
S012;206;12;16900;16905;0
S012;206;11;16905;16910;0
S012;206;10;16910;16915;0
S012;206;9;16915;16920;0
S012;206;8;16920;16925;0
S012;206;7;16925;16930;0
S012;206;6;16930;16935;0
S012;206;5;16935;16940;0
S012;206;4;16940;16945;0
S012;206;3;16945;16950;0
S012;206;2;16950;16955;0
S012;206;1;16955;16975;0
S012;207;0;8645;8645;1
S012;207;1;8660;8680;1
S012;207;2;8680;8685;1
S012;207;3;8685;8690;1
S012;207;4;8690;8695;1
S012;207;5;8695;8700;1
S012;207;6;8700;8705;1
S012;207;39;8705;8735;1
S012;207;39;12500;12510;0
S012;207;6;12510;12515;0
S012;207;5;12515;12520;0
S012;207;4;12520;12525;0
S012;207;3;12525;12530;0
S012;207;2;12530;12535;0
S012;207;1;12535;12555;0
S012;208;0;9030;9030;1
S012;208;1;9030;9050;1
S012;208;2;9050;9055;1
S012;208;3;9055;9060;1
S012;208;4;9060;9065;1
S012;208;5;9065;9070;1
S012;208;6;9070;9075;1
S012;208;43;9075;9105;1
S012;208;43;11730;11740;0
S012;208;6;11740;11745;0
S012;208;5;11745;11750;0
S012;208;4;11750;11755;0
S012;208;3;11755;11760;0
S012;208;2;11760;11765;0
S012;208;1;11765;11785;0
S012;209;0;9185;9185;1
S012;209;1;9185;9205;1
S012;209;83;9205;9235;1
S012;209;83;13565;13575;0
S012;209;1;13575;13595;0
S012;210;0;9240;9240;1
S012;210;1;24490;24510;1
S012;210;2;24510;24515;1
S012;210;3;24515;24520;1
S012;210;4;24520;24525;1
S012;210;5;24525;24530;1
S012;210;6;24530;24535;1
S012;210;7;24535;24540;1
S012;210;8;24540;24545;1
S012;210;9;24545;24550;1
S012;210;10;24550;24555;1
S012;210;11;24555;24560;1
S012;210;12;24560;24565;1
S012;210;13;24565;24570;1
S012;210;70;24570;24600;1
S012;210;70;28050;28060;0
S012;210;13;28060;28065;0
S012;210;12;28065;28070;0
S012;210;11;28070;28075;0
S012;210;10;28075;28080;0
S012;210;9;28080;28085;0
S012;210;8;28085;28090;0
S012;210;7;28090;28095;0
S012;210;6;28095;28100;0
S012;210;5;28100;28105;0
S012;210;4;28105;28110;0
S012;210;3;28110;28115;0
S012;210;2;28115;28120;0
S012;210;1;28120;28140;0
S012;212;0;9480;9480;1
S012;212;1;9480;9500;1
S012;212;2;9500;9505;1
S012;212;3;9505;9510;1
S012;212;4;9510;9515;1
S012;212;5;9515;9520;1
S012;212;6;9520;9525;1
S012;212;7;9525;9530;1
S012;212;8;9530;9535;1
S012;212;9;9535;9540;1
S012;212;10;9540;9545;1
S012;212;11;9545;9550;1
S012;212;56;9550;9560;1
S012;212;56;15075;15105;0
S012;212;11;15105;15110;0
S012;212;10;15110;15115;0
S012;212;9;15115;15120;0
S012;212;8;15120;15125;0
S012;212;7;15125;15130;0
S012;212;6;15130;15135;0
S012;212;5;15135;15140;0
S012;212;4;15140;15145;0
S012;212;3;15145;15150;0
S012;212;2;15150;15155;0
S012;212;1;15155;15175;0
S012;213;0;9510;9510;1
S012;213;1;9510;9530;1
S012;213;2;9530;9535;1
S012;213;3;9535;9540;1
S012;213;4;9540;9545;1
S012;213;5;9545;9550;1
S012;213;6;9550;9555;1
S012;213;7;9555;9560;1
S012;213;8;9560;9565;1
S012;213;48;9565;9575;1
S012;213;48;27810;27840;0
S012;213;8;27840;27845;0
S012;213;7;27845;27850;0
S012;213;6;27850;27855;0
S012;213;5;27855;27860;0
S012;213;4;27860;27865;0
S012;213;3;27865;27870;0
S012;213;2;27870;27875;0
S012;213;1;27875;27895;0
S012;214;0;9540;9540;1
S012;214;1;9540;9560;1
S012;214;2;9560;9565;1
S012;214;3;9565;9570;1
S012;214;4;9570;9575;1
S012;214;5;9575;9580;1
S012;214;6;9580;9585;1
S012;214;7;9585;9590;1
S012;214;8;9590;9595;1
S012;214;9;9595;9600;1
S012;214;10;9600;9605;1
S012;214;11;9605;9610;1
S012;214;62;9610;9640;1
S012;214;62;12555;12565;0
S012;214;11;12565;12570;0
S012;214;10;12570;12575;0
S012;214;9;12575;12580;0
S012;214;8;12580;12585;0
S012;214;7;12585;12590;0
S012;214;6;12590;12595;0
S012;214;5;12595;12600;0
S012;214;4;12600;12605;0
S012;214;3;12605;12610;0
S012;214;2;12610;12615;0
S012;214;1;12615;12635;0
S012;215;0;9705;9705;1
S012;215;1;15980;16000;1
S012;215;2;16000;16005;1
S012;215;3;16005;16010;1
S012;215;19;16010;16040;1
S012;215;19;20960;20970;0
S012;215;3;20970;20975;0
S012;215;2;20975;20980;0
S012;215;1;20980;21000;0
S012;216;0;9900;9900;1
S012;216;1;9925;9945;1
S012;216;2;9945;9950;1
S012;216;3;9950;9955;1
S012;216;4;9955;9960;1
S012;216;5;9960;9965;1
S012;216;34;9965;9995;1
S012;216;34;11000;11010;0
S012;216;5;11010;11015;0
S012;216;4;11015;11020;0
S012;216;3;11020;11025;0
S012;216;2;11025;11030;0
S012;216;1;11030;11050;0
S012;217;0;9980;9980;1
S012;217;1;10055;10075;1
S012;217;2;10075;10080;1
S012;217;3;10080;10085;1
S012;217;4;10085;10090;1
S012;217;5;10090;10095;1
S012;217;6;10095;10100;1
S012;217;7;10100;10105;1
S012;217;8;10105;10110;1
S012;217;9;10110;10115;1
S012;217;10;10115;10120;1
S012;217;11;10120;10125;1
S012;217;88;10125;10155;1
S012;217;88;15585;15595;0
S012;217;11;15595;15600;0
S012;217;10;15600;15605;0
S012;217;9;15605;15610;0
S012;217;8;15610;15615;0
S012;217;7;15615;15620;0
S012;217;6;15620;15625;0
S012;217;5;15625;15630;0
S012;217;4;15630;15635;0
S012;217;3;15635;15640;0
S012;217;2;15640;15645;0
S012;217;1;15645;15665;0
S012;218;0;10000;10000;1
S012;218;1;10000;10020;1
S012;218;84;10035;10050;1
S012;218;84;11165;11195;0
S012;218;1;11195;11215;0
S012;219;0;10015;10015;1
S012;219;1;10035;10055;1
S012;219;2;10055;10060;1
S012;219;3;10060;10065;1
S012;219;4;10065;10070;1
S012;219;5;10070;10075;1
S012;219;6;10075;10080;1
S012;219;7;10080;10085;1
S012;219;8;10085;10090;1
S012;219;9;10090;10095;1
S012;219;10;10095;10100;1
S012;219;11;10100;10105;1
S012;219;12;10105;10110;1
S012;219;13;10110;10115;1
S012;219;67;10115;10125;1
S012;219;67;13750;13780;0
S012;219;13;13780;13785;0
S012;219;12;13785;13790;0
S012;219;11;13790;13795;0
S012;219;10;13795;13800;0
S012;219;9;13800;13805;0
S012;219;8;13805;13810;0
S012;219;7;13810;13815;0
S012;219;6;13815;13820;0
S012;219;5;13820;13825;0
S012;219;4;13825;13830;0
S012;219;3;13830;13835;0
S012;219;2;13835;13840;0
S012;219;1;13840;13860;0
S012;220;0;10050;10050;1
S012;220;1;20175;20195;1
S012;220;2;20195;20200;1
S012;220;3;20200;20205;1
S012;220;4;20205;20210;1
S012;220;5;20210;20215;1
S012;220;6;20215;20220;1
S012;220;42;20220;20230;1
S012;220;42;23925;23955;0
S012;220;6;23955;23960;0
S012;220;5;23960;23965;0
S012;220;4;23965;23970;0
S012;220;3;23970;23975;0
S012;220;2;23975;23980;0
S012;220;1;23980;24000;0
S012;221;0;10140;10140;1
S012;221;1;10140;10160;1
S012;221;2;10160;10165;1
S012;221;3;10165;10170;1
S012;221;4;10170;10175;1
S012;221;5;10175;10180;1
S012;221;35;10180;10190;1
S012;221;35;10970;11000;0
S012;221;5;11000;11005;0
S012;221;4;11005;11010;0
S012;221;3;11010;11015;0
S012;221;2;11015;11020;0
S012;221;1;11020;11040;0
S012;222;0;10200;10200;1
S012;222;1;10200;10220;1
S012;222;2;10220;10225;1
S012;222;3;10225;10230;1
S012;222;4;10230;10235;1
S012;222;5;10235;10240;1
S012;222;6;10240;10245;1
S012;222;7;10245;10250;1
S012;222;8;10250;10255;1
S012;222;9;10255;10260;1
S012;222;10;10260;10265;1
S012;222;53;10265;10275;1
S012;222;53;11010;11040;0
S012;222;10;11040;11045;0
S012;222;9;11045;11050;0
S012;222;8;11050;11055;0
S012;222;7;11055;11060;0
S012;222;6;11060;11065;0
S012;222;5;11065;11070;0
S012;222;4;11070;11075;0
S012;222;3;11075;11080;0
S012;222;2;11080;11085;0
S012;222;1;11085;11105;0
S012;223;0;10220;10220;1
S012;223;1;10220;10240;1
S012;223;2;10240;10245;1
S012;223;3;10245;10250;1
S012;223;4;10250;10255;1
S012;223;5;10255;10260;1
S012;223;6;10260;10265;1
S012;223;7;10265;10270;1
S012;223;8;10270;10275;1
S012;223;9;10275;10280;1
S012;223;10;10280;10285;1
S012;223;11;10285;10290;1
S012;223;12;10290;10295;1
S012;223;65;10295;10325;1
S012;223;65;11690;11700;0
S012;223;12;11700;11705;0
S012;223;11;11705;11710;0
S012;223;10;11710;11715;0
S012;223;9;11715;11720;0
S012;223;8;11720;11725;0
S012;223;7;11725;11730;0
S012;223;6;11730;11735;0
S012;223;5;11735;11740;0
S012;223;4;11740;11745;0
S012;223;3;11745;11750;0
S012;223;2;11750;11755;0
S012;223;1;11755;11775;0
S012;224;0;10310;10310;1
S012;224;1;10345;10365;1
S012;224;2;10365;10370;1
S012;224;3;10370;10375;1
S012;224;4;10375;10380;1
S012;224;5;10380;10385;1
S012;224;6;10385;10390;1
S012;224;7;10390;10395;1
S012;224;8;10395;10400;1
S012;224;9;10400;10405;1
S012;224;10;10405;10410;1
S012;224;11;10410;10415;1
S012;224;61;10415;10425;1
S012;224;61;13980;14010;0
S012;224;11;14010;14015;0
S012;224;10;14015;14020;0
S012;224;9;14020;14025;0
S012;224;8;14025;14030;0
S012;224;7;14030;14035;0
S012;224;6;14035;14040;0
S012;224;5;14040;14045;0
S012;224;4;14045;14050;0
S012;224;3;14050;14055;0
S012;224;2;14055;14060;0
S012;224;1;14060;14080;0
S012;225;0;10320;10320;1
S012;225;1;10350;10370;1
S012;225;2;10370;10375;1
S012;225;3;10375;10380;1
S012;225;4;10380;10385;1
S012;225;5;10385;10390;1
S012;225;33;10390;10400;1
S012;225;33;10815;10845;0
S012;225;5;10845;10850;0
S012;225;4;10850;10855;0
S012;225;3;10855;10860;0
S012;225;2;10860;10865;0
S012;225;1;10865;10885;0
S012;226;0;10380;10380;1
S012;226;1;10380;10400;1
S012;226;2;10400;10405;1
S012;226;3;10405;10410;1
S012;226;4;10410;10415;1
S012;226;5;10415;10420;1
S012;226;36;10420;10430;1
S012;226;36;11690;11720;0
S012;226;5;11720;11725;0
S012;226;4;11725;11730;0
S012;226;3;11730;11735;0
S012;226;2;11735;11740;0
S012;226;1;11740;11760;0
S012;227;0;10385;10385;1
S012;227;1;10390;10410;1
S012;227;2;10410;10415;1
S012;227;3;10415;10420;1
S012;227;4;10420;10425;1
S012;227;5;10425;10430;1
S012;227;28;10430;10460;1
S012;227;28;12925;12935;0
S012;227;5;12935;12940;0
S012;227;4;12940;12945;0
S012;227;3;12945;12950;0
S012;227;2;12950;12955;0
S012;227;1;12955;12975;0
S012;228;0;10465;10465;1
S012;228;1;10535;10555;1
S012;228;2;10555;10560;1
S012;228;3;10560;10565;1
S012;228;4;10565;10570;1
S012;228;5;10570;10575;1
S012;228;31;10575;10605;1
S012;228;31;11370;11400;0
S012;228;5;11400;11405;0
S012;228;4;11405;11410;0
S012;228;3;11410;11415;0
S012;228;2;11415;11420;0
S012;228;1;11420;11440;0
S012;229;0;10500;10500;1
S012;229;1;10600;10620;1
S012;229;2;10620;10625;1
S012;229;3;10625;10630;1
S012;229;4;10630;10635;1
S012;229;5;10635;10640;1
S012;229;6;10640;10645;1
S012;229;7;10645;10650;1
S012;229;8;10650;10655;1
S012;229;9;10655;10660;1
S012;229;10;10660;10665;1
S012;229;52;10665;10675;1
S012;229;52;15265;15295;0
S012;229;10;15295;15300;0
S012;229;9;15300;15305;0
S012;229;8;15305;15310;0
S012;229;7;15310;15315;0
S012;229;6;15315;15320;0
S012;229;5;15320;15325;0
S012;229;4;15325;15330;0
S012;229;3;15330;15335;0
S012;229;2;15335;15340;0
S012;229;1;15340;15360;0
S012;230;0;10525;10525;1
S012;230;1;16145;16165;1
S012;230;2;16165;16170;1
S012;230;3;16170;16175;1
S012;230;4;16175;16180;1
S012;230;5;16180;16185;1
S012;230;36;16185;16195;1
S012;230;36;17770;17800;0
S012;230;5;17800;17805;0
S012;230;4;17805;17810;0
S012;230;3;17810;17815;0
S012;230;2;17815;17820;0
S012;230;1;17820;17840;0
S012;232;0;10675;10675;1
S012;232;1;10955;10975;1
S012;232;2;10975;10980;1
S012;232;3;10980;10985;1
S012;232;4;10985;10990;1
S012;232;5;10990;10995;1
S012;232;34;10995;11005;1
S012;232;34;12320;12350;0
S012;232;5;12350;12355;0
S012;232;4;12355;12360;0
S012;232;3;12360;12365;0
S012;232;2;12365;12370;0
S012;232;1;12370;12390;0
S012;233;0;10800;10800;1
S012;233;1;10800;10820;1
S012;233;2;10820;10825;1
S012;233;3;10825;10830;1
S012;233;4;10830;10835;1
S012;233;5;10835;10840;1
S012;233;33;10840;10850;1
S012;233;33;12090;12120;0
S012;233;5;12120;12125;0
S012;233;4;12125;12130;0
S012;233;3;12130;12135;0
S012;233;2;12135;12140;0
S012;233;1;12140;12160;0
S012;234;0;10980;10980;1
S012;234;1;11110;11130;1
S012;234;2;11130;11135;1
S012;234;3;11135;11140;1
S012;234;4;11140;11145;1
S012;234;5;11145;11150;1
S012;234;6;11150;11155;1
S012;234;7;11155;11160;1
S012;234;8;11160;11165;1
S012;234;9;11165;11170;1
S012;234;10;11170;11175;1
S012;234;11;11175;11180;1
S012;234;12;11180;11185;1
S012;234;66;11185;11195;1
S012;234;66;11930;11960;0
S012;234;12;11960;11965;0
S012;234;11;11965;11970;0
S012;234;10;11970;11975;0
S012;234;9;11975;11980;0
S012;234;8;11980;11985;0
S012;234;7;11985;11990;0
S012;234;6;11990;11995;0
S012;234;5;11995;12000;0
S012;234;4;12000;12005;0
S012;234;3;12005;12010;0
S012;234;2;12010;12015;0
S012;234;1;12015;12035;0
S012;235;0;11145;11145;1
S012;235;1;18125;18145;1
S012;235;2;18145;18150;1
S012;235;3;18150;18155;1
S012;235;4;18155;18160;1
S012;235;5;18160;18165;1
S012;235;6;18165;18170;1
S012;235;7;18170;18175;1
S012;235;45;18175;18205;1
S012;235;45;19580;19590;0
S012;235;7;19590;19595;0
S012;235;6;19595;19600;0
S012;235;5;19600;19605;0
S012;235;4;19605;19610;0
S012;235;3;19610;19615;0
S012;235;2;19615;19620;0
S012;235;1;19620;19640;0
S012;236;0;11225;11225;1
S012;236;1;19455;19475;1
S012;236;2;19475;19480;1
S012;236;3;19480;19485;1
S012;236;4;19485;19490;1
S012;236;5;19490;19495;1
S012;236;6;19495;19500;1
S012;236;7;19500;19505;1
S012;236;8;19505;19510;1
S012;236;9;19510;19515;1
S012;236;10;19515;19520;1
S012;236;52;19520;19550;1
S012;236;52;20940;20950;0
S012;236;10;20950;20955;0
S012;236;9;20955;20960;0
S012;236;8;20960;20965;0
S012;236;7;20965;20970;0
S012;236;6;20970;20975;0
S012;236;5;20975;20980;0
S012;236;4;20980;20985;0
S012;236;3;20985;20990;0
S012;236;2;20990;20995;0
S012;236;1;20995;21015;0
S012;237;0;11360;11360;1
S012;237;1;11360;11380;1
S012;237;84;11380;11410;1
S012;237;84;16725;16735;0
S012;237;1;16735;16755;0
S012;238;0;11470;11470;1
S012;238;1;11520;11540;1
S012;238;2;11540;11545;1
S012;238;3;11545;11550;1
S012;238;4;11550;11555;1
S012;238;5;11555;11560;1
S012;238;6;11560;11565;1
S012;238;7;11565;11570;1
S012;238;8;11570;11575;1
S012;238;9;11575;11580;1
S012;238;10;11580;11585;1
S012;238;11;11585;11590;1
S012;238;12;11590;11595;1
S012;238;13;11595;11600;1
S012;238;70;11600;11630;1
S012;238;70;13560;13570;0
S012;238;13;13570;13575;0
S012;238;12;13575;13580;0
S012;238;11;13580;13585;0
S012;238;10;13585;13590;0
S012;238;9;13590;13595;0
S012;238;8;13595;13600;0
S012;238;7;13600;13605;0
S012;238;6;13605;13610;0
S012;238;5;13610;13615;0
S012;238;4;13615;13620;0
S012;238;3;13620;13625;0
S012;238;2;13625;13630;0
S012;238;1;13630;13650;0
S012;239;0;11570;11570;1
S012;239;1;11635;11655;1
S012;239;2;11655;11660;1
S012;239;3;11660;11665;1
S012;239;4;11665;11670;1
S012;239;5;11670;11675;1
S012;239;35;11675;11685;1
S012;239;35;13350;13380;0
S012;239;5;13380;13385;0
S012;239;4;13385;13390;0
S012;239;3;13390;13395;0
S012;239;2;13395;13400;0
S012;239;1;13400;13420;0
S012;240;0;11615;11615;1
S012;240;1;11620;11640;1
S012;240;2;11640;11645;1
S012;240;3;11645;11650;1
S012;240;4;11650;11655;1
S012;240;5;11655;11660;1
S012;240;6;11660;11665;1
S012;240;7;11665;11670;1
S012;240;8;11670;11675;1
S012;240;9;11675;11680;1
S012;240;10;11680;11685;1
S012;240;11;11685;11690;1
S012;240;12;11690;11695;1
S012;240;13;11695;11700;1
S012;240;14;11700;11705;1
S012;240;15;11705;11710;1
S012;240;16;11710;11725;1
S012;240;73;11725;11765;1
S012;240;73;16015;16025;0
S012;240;16;16025;16040;0
S012;240;15;16040;16045;0
S012;240;14;16045;16050;0
S012;240;13;16050;16055;0
S012;240;12;16055;16060;0
S012;240;11;16060;16065;0
S012;240;10;16065;16070;0
S012;240;9;16070;16075;0
S012;240;8;16075;16080;0
S012;240;7;16080;16085;0
S012;240;6;16085;16090;0
S012;240;5;16090;16095;0
S012;240;4;16095;16100;0
S012;240;3;16100;16105;0
S012;240;2;16105;16110;0
S012;240;1;16110;16130;0
S012;241;0;11820;11820;1
S012;241;1;18315;18335;1
S012;241;2;18335;18340;1
S012;241;3;18340;18345;1
S012;241;4;18345;18350;1
S012;241;5;18350;18355;1
S012;241;27;18355;18365;1
S012;241;27;26415;26445;0
S012;241;5;26445;26450;0
S012;241;4;26450;26455;0
S012;241;3;26455;26460;0
S012;241;2;26460;26465;0
S012;241;1;26465;26485;0
S012;242;0;11865;11865;1
S012;242;1;11865;11885;1
S012;242;2;11885;11890;1
S012;242;3;11890;11895;1
S012;242;4;11895;11900;1
S012;242;5;11900;11905;1
S012;242;6;11905;11910;1
S012;242;38;11910;11940;1
S012;242;38;12575;12585;0
S012;242;6;12585;12590;0
S012;242;5;12590;12595;0
S012;242;4;12595;12600;0
S012;242;3;12600;12605;0
S012;242;2;12605;12610;0
S012;242;1;12610;12630;0
S012;243;0;11880;11880;1
S012;243;1;12675;12695;1
S012;243;2;12695;12700;1
S012;243;3;12700;12705;1
S012;243;4;12705;12710;1
S012;243;26;12710;12740;1
S012;243;26;16640;16650;0
S012;243;4;16650;16655;0
S012;243;3;16655;16660;0
S012;243;2;16660;16665;0
S012;243;1;16665;16685;0
S012;244;0;11895;11895;1
S012;244;1;11895;11915;1
S012;244;2;11915;11920;1
S012;244;3;11920;11925;1
S012;244;4;11925;11930;1
S012;244;5;11930;11935;1
S012;244;31;11935;11965;1
S012;244;31;12595;12625;0
S012;244;5;12625;12630;0
S012;244;4;12630;12635;0
S012;244;3;12635;12640;0
S012;244;2;12640;12645;0
S012;244;1;12645;12665;0
S012;245;0;11940;11940;1
S012;245;1;12045;12065;1
S012;245;2;12065;12070;1
S012;245;3;12070;12075;1
S012;245;4;12075;12080;1
S012;245;5;12080;12085;1
S012;245;33;12085;12095;1
S012;245;33;13090;13120;0
S012;245;5;13120;13125;0
S012;245;4;13125;13130;0
S012;245;3;13130;13135;0
S012;245;2;13135;13140;0
S012;245;1;13140;13160;0
S012;246;0;11955;11955;1
S012;246;1;13655;13675;1
S012;246;2;13675;13680;1
S012;246;3;13680;13685;1
S012;246;4;13685;13690;1
S012;246;5;13690;13695;1
S012;246;6;13695;13700;1
S012;246;7;13700;13705;1
S012;246;8;13705;13710;1
S012;246;9;13710;13715;1
S012;246;10;13715;13720;1
S012;246;53;13720;13730;1
S012;246;53;14785;14815;0
S012;246;10;14815;14820;0
S012;246;9;14820;14825;0
S012;246;8;14825;14830;0
S012;246;7;14830;14835;0
S012;246;6;14835;14840;0
S012;246;5;14840;14845;0
S012;246;4;14845;14850;0
S012;246;3;14850;14855;0
S012;246;2;14855;14860;0
S012;246;1;14860;14880;0
S012;247;0;11995;11995;1
S012;247;1;15410;15430;1
S012;247;2;15430;15435;1
S012;247;3;15435;15440;1
S012;247;4;15440;15445;1
S012;247;5;15445;15450;1
S012;247;6;15450;15455;1
S012;247;7;15455;15460;1
S012;247;45;15460;15490;1
S012;247;45;17890;17900;0
S012;247;7;17900;17905;0
S012;247;6;17905;17910;0
S012;247;5;17910;17915;0
S012;247;4;17915;17920;0
S012;247;3;17920;17925;0
S012;247;2;17925;17930;0
S012;247;1;17930;17950;0
S012;248;0;12030;12030;1
S012;248;1;13025;13045;1
S012;248;2;13045;13050;1
S012;248;3;13050;13055;1
S012;248;4;13055;13060;1
S012;248;5;13060;13065;1
S012;248;33;13065;13095;1
S012;248;33;14505;14515;0
S012;248;5;14515;14520;0
S012;248;4;14520;14525;0
S012;248;3;14525;14530;0
S012;248;2;14530;14535;0
S012;248;1;14535;14555;0
S012;249;0;12200;12200;1
S012;249;1;18730;18750;1
S012;249;2;18750;18755;1
S012;249;3;18755;18760;1
S012;249;4;18760;18765;1
S012;249;5;18765;18770;1
S012;249;6;18770;18775;1
S012;249;7;18775;18780;1
S012;249;8;18780;18785;1
S012;249;9;18785;18790;1
S012;249;10;18790;18795;1
S012;249;11;18795;18800;1
S012;249;12;18800;18805;1
S012;249;13;18805;18810;1
S012;249;14;18810;18815;1
S012;249;15;18815;18820;1
S012;249;16;18820;18835;1
S012;249;75;18835;18845;1
S012;249;75;22510;22550;0
S012;249;16;22550;22565;0
S012;249;15;22565;22570;0
S012;249;14;22570;22575;0
S012;249;13;22575;22580;0
S012;249;12;22580;22585;0
S012;249;11;22585;22590;0
S012;249;10;22590;22595;0
S012;249;9;22595;22600;0
S012;249;8;22600;22605;0
S012;249;7;22605;22610;0
S012;249;6;22610;22615;0
S012;249;5;22615;22620;0
S012;249;4;22620;22625;0
S012;249;3;22625;22630;0
S012;249;2;22630;22635;0
S012;249;1;22635;22655;0
S012;250;0;12360;12360;1
S012;250;1;12900;12920;1
S012;250;2;12920;12925;1
S012;250;3;12925;12930;1
S012;250;4;12930;12935;1
S012;250;5;12935;12940;1
S012;250;34;12940;12950;1
S012;250;34;16010;16040;0
S012;250;5;16040;16045;0
S012;250;4;16045;16050;0
S012;250;3;16050;16055;0
S012;250;2;16055;16060;0
S012;250;1;16060;16080;0
S012;251;0;12370;12370;1
S012;251;1;12400;12420;1
S012;251;2;12420;12425;1
S012;251;3;12425;12430;1
S012;251;4;12430;12435;1
S012;251;5;12435;12440;1
S012;251;6;12440;12445;1
S012;251;7;12445;12450;1
S012;251;8;12450;12455;1
S012;251;9;12455;12460;1
S012;251;10;12460;12465;1
S012;251;11;12465;12470;1
S012;251;60;12470;12500;1
S012;251;60;13765;13775;0
S012;251;11;13775;13780;0
S012;251;10;13780;13785;0
S012;251;9;13785;13790;0
S012;251;8;13790;13795;0
S012;251;7;13795;13800;0
S012;251;6;13800;13805;0
S012;251;5;13805;13810;0
S012;251;4;13810;13815;0
S012;251;3;13815;13820;0
S012;251;2;13820;13825;0
S012;251;1;13825;13845;0
S012;252;0;12420;12420;1
S012;252;1;12420;12440;1
S012;252;2;12440;12445;1
S012;252;3;12445;12450;1
S012;252;4;12450;12455;1
S012;252;5;12455;12460;1
S012;252;6;12460;12465;1
S012;252;43;12465;12495;1
S012;252;43;13195;13205;0
S012;252;6;13205;13210;0
S012;252;5;13210;13215;0
S012;252;4;13215;13220;0
S012;252;3;13220;13225;0
S012;252;2;13225;13230;0
S012;252;1;13230;13250;0
S012;253;0;12500;12500;1
S012;253;1;12670;12690;1
S012;253;2;12690;12695;1
S012;253;3;12695;12700;1
S012;253;4;12700;12705;1
S012;253;5;12705;12710;1
S012;253;6;12710;12715;1
S012;253;7;12715;12720;1
S012;253;8;12720;12725;1
S012;253;9;12725;12730;1
S012;253;10;12730;12735;1
S012;253;11;12735;12740;1
S012;253;12;12740;12745;1
S012;253;64;12745;12755;1
S012;253;64;14535;14565;0
S012;253;12;14565;14570;0
S012;253;11;14570;14575;0
S012;253;10;14575;14580;0
S012;253;9;14580;14585;0
S012;253;8;14585;14590;0
S012;253;7;14590;14595;0
S012;253;6;14595;14600;0
S012;253;5;14600;14605;0
S012;253;4;14605;14610;0
S012;253;3;14610;14615;0
S012;253;2;14615;14620;0
S012;253;1;14620;14640;0
S012;254;0;12570;12570;1
S012;254;1;13255;13275;1
S012;254;2;13275;13280;1
S012;254;3;13280;13285;1
S012;254;4;13285;13290;1
S012;254;5;13290;13295;1
S012;254;6;13295;13300;1
S012;254;43;13300;13330;1
S012;254;43;14120;14130;0
S012;254;6;14130;14135;0
S012;254;5;14135;14140;0
S012;254;4;14140;14145;0
S012;254;3;14145;14150;0
S012;254;2;14150;14155;0
S012;254;1;14155;14175;0
S012;257;0;12630;12630;1
S012;257;1;15880;15900;1
S012;257;2;15900;15905;1
S012;257;3;15905;15910;1
S012;257;4;15910;15915;1
S012;257;5;15915;15920;1
S012;257;6;15920;15925;1
S012;257;7;15925;15930;1
S012;257;8;15930;15935;1
S012;257;9;15935;15940;1
S012;257;10;15940;15945;1
S012;257;11;15945;15950;1
S012;257;12;15950;15955;1
S012;257;13;15955;15960;1
S012;257;69;15960;15990;1
S012;257;69;17930;17940;0
S012;257;13;17940;17945;0
S012;257;12;17945;17950;0
S012;257;11;17950;17955;0
S012;257;10;17955;17960;0
S012;257;9;17960;17965;0
S012;257;8;17965;17970;0
S012;257;7;17970;17975;0
S012;257;6;17975;17980;0
S012;257;5;17980;17985;0
S012;257;4;17985;17990;0
S012;257;3;17990;17995;0
S012;257;2;17995;18000;0
S012;257;1;18000;18020;0
S012;258;0;13070;13070;1
S012;258;1;20420;20440;1
S012;258;2;20440;20445;1
S012;258;3;20445;20450;1
S012;258;4;20450;20455;1
S012;258;5;20455;20460;1
S012;258;6;20460;20465;1
S012;258;7;20465;20470;1
S012;258;8;20470;20475;1
S012;258;9;20475;20480;1
S012;258;10;20480;20485;1
S012;258;11;20485;20490;1
S012;258;12;20490;20495;1
S012;258;66;20495;20505;1
S012;258;66;22475;22505;0
S012;258;12;22505;22510;0
S012;258;11;22510;22515;0
S012;258;10;22515;22520;0
S012;258;9;22520;22525;0
S012;258;8;22525;22530;0
S012;258;7;22530;22535;0
S012;258;6;22535;22540;0
S012;258;5;22540;22545;0
S012;258;4;22545;22550;0
S012;258;3;22550;22555;0
S012;258;2;22555;22560;0
S012;258;1;22560;22580;0
S012;259;0;13105;13105;1
S012;259;1;13290;13310;1
S012;259;2;13310;13315;1
S012;259;3;13315;13320;1
S012;259;4;13320;13325;1
S012;259;5;13325;13330;1
S012;259;6;13330;13335;1
S012;259;7;13335;13340;1
S012;259;45;13340;13370;1
S012;259;45;15265;15275;0
S012;259;7;15275;15280;0
S012;259;6;15280;15285;0
S012;259;5;15285;15290;0
S012;259;4;15290;15295;0
S012;259;3;15295;15300;0
S012;259;2;15300;15305;0
S012;259;1;15305;15325;0
S012;260;0;13260;13260;1
S012;260;1;13260;13280;1
S012;260;2;13280;13285;1
S012;260;3;13285;13290;1
S012;260;4;13290;13295;1
S012;260;5;13295;13300;1
S012;260;31;13300;13330;1
S012;260;31;14040;14070;0
S012;260;5;14070;14075;0
S012;260;4;14075;14080;0
S012;260;3;14080;14085;0
S012;260;2;14085;14090;0
S012;260;1;14090;14110;0
S012;261;0;13350;13350;1
S012;261;1;13435;13455;1
S012;261;2;13455;13460;1
S012;261;3;13460;13465;1
S012;261;4;13465;13470;1
S012;261;5;13470;13475;1
S012;261;6;13475;13480;1
S012;261;81;13480;13510;1
S012;261;81;14155;14185;0
S012;261;6;14185;14190;0
S012;261;5;14190;14195;0
S012;261;4;14195;14200;0
S012;261;3;14200;14205;0
S012;261;2;14205;14210;0
S012;261;1;14210;14230;0
S012;262;0;13580;13580;1
S012;262;1;14715;14735;1
S012;262;2;14735;14740;1
S012;262;3;14740;14745;1
S012;262;4;14745;14750;1
S012;262;5;14750;14755;1
S012;262;6;14755;14760;1
S012;262;7;14760;14765;1
S012;262;8;14765;14770;1
S012;262;9;14770;14775;1
S012;262;10;14775;14780;1
S012;262;53;14780;14790;1
S012;262;53;15410;15440;0
S012;262;10;15440;15445;0
S012;262;9;15445;15450;0
S012;262;8;15450;15455;0
S012;262;7;15455;15460;0
S012;262;6;15460;15465;0
S012;262;5;15465;15470;0
S012;262;4;15470;15475;0
S012;262;3;15475;15480;0
S012;262;2;15480;15485;0
S012;262;1;15485;15505;0
S012;263;0;13670;13670;1
S012;263;1;16235;16255;1
S012;263;2;16255;16260;1
S012;263;3;16260;16265;1
S012;263;4;16265;16270;1
S012;263;5;16270;16275;1
S012;263;35;16275;16305;1
S012;263;35;17565;17575;0
S012;263;5;17575;17580;0
S012;263;4;17580;17585;0
S012;263;3;17585;17590;0
S012;263;2;17590;17595;0
S012;263;1;17595;17615;0
S012;264;0;13680;13680;1
S012;264;1;14460;14480;1
S012;264;2;14480;14485;1
S012;264;3;14485;14490;1
S012;264;4;14490;14495;1
S012;264;5;14495;14500;1
S012;264;33;14500;14510;1
S012;264;33;15900;15930;0
S012;264;5;15930;15935;0
S012;264;4;15935;15940;0
S012;264;3;15940;15945;0
S012;264;2;15945;15950;0
S012;264;1;15950;15970;0
S012;266;0;13890;13890;1
S012;266;1;13890;13910;1
S012;266;2;13910;13915;1
S012;266;3;13915;13920;1
S012;266;4;13920;13925;1
S012;266;5;13925;13930;1
S012;266;35;13930;13940;1
S012;266;35;16285;16315;0
S012;266;5;16315;16320;0
S012;266;4;16320;16325;0
S012;266;3;16325;16330;0
S012;266;2;16330;16335;0
S012;266;1;16335;16355;0
S012;268;0;13930;13930;1
S012;268;1;13965;13985;1
S012;268;2;13985;13990;1
S012;268;3;13990;13995;1
S012;268;4;13995;14000;1
S012;268;5;14000;14005;1
S012;268;6;14005;14010;1
S012;268;7;14010;14015;1
S012;268;8;14015;14020;1
S012;268;9;14020;14025;1
S012;268;10;14025;14030;1
S012;268;11;14030;14035;1
S012;268;12;14035;14040;1
S012;268;13;14040;14045;1
S012;268;67;14045;14055;1
S012;268;67;16550;16580;0
S012;268;13;16580;16585;0
S012;268;12;16585;16590;0
S012;268;11;16590;16595;0
S012;268;10;16595;16600;0
S012;268;9;16600;16605;0
S012;268;8;16605;16610;0
S012;268;7;16610;16615;0
S012;268;6;16615;16620;0
S012;268;5;16620;16625;0
S012;268;4;16625;16630;0
S012;268;3;16630;16635;0
S012;268;2;16635;16640;0
S012;268;1;16640;16660;0
S012;269;0;13930;13930;1
S012;269;1;13985;14005;1
S012;269;2;14005;14010;1
S012;269;3;14010;14015;1
S012;269;4;14015;14020;1
S012;269;5;14020;14025;1
S012;269;6;14025;14030;1
S012;269;7;14030;14035;1
S012;269;8;14035;14040;1
S012;269;9;14040;14045;1
S012;269;10;14045;14050;1
S012;269;11;14050;14055;1
S012;269;60;14055;14065;1
S012;269;60;18605;18635;0
S012;269;11;18635;18640;0
S012;269;10;18640;18645;0
S012;269;9;18645;18650;0
S012;269;8;18650;18655;0
S012;269;7;18655;18660;0
S012;269;6;18660;18665;0
S012;269;5;18665;18670;0
S012;269;4;18670;18675;0
S012;269;3;18675;18680;0
S012;269;2;18680;18685;0
S012;269;1;18685;18705;0
S012;271;0;14230;14230;1
S012;271;1;14235;14255;1
S012;271;85;14255;14285;1
S012;271;85;15365;15375;0
S012;271;1;15375;15395;0
S012;272;0;14310;14310;1
S012;272;1;25930;25950;1
S012;272;2;25950;25955;1
S012;272;3;25955;25960;1
S012;272;4;25960;25965;1
S012;272;5;25965;25970;1
S012;272;6;25970;25975;1
S012;272;7;25975;25980;1
S012;272;8;25980;25985;1
S012;272;9;25985;25990;1
S012;272;10;25990;25995;1
S012;272;11;25995;26000;1
S012;272;12;26000;26005;1
S012;272;13;26005;26010;1
S012;272;14;26010;26015;1
S012;272;15;26015;26020;1
S012;272;16;26020;26035;1
S012;272;75;26035;26045;1
S012;272;75;27470;27510;0
S012;272;16;27510;27525;0
S012;272;15;27525;27530;0
S012;272;14;27530;27535;0
S012;272;13;27535;27540;0
S012;272;12;27540;27545;0
S012;272;11;27545;27550;0
S012;272;10;27550;27555;0
S012;272;9;27555;27560;0
S012;272;8;27560;27565;0
S012;272;7;27565;27570;0
S012;272;6;27570;27575;0
S012;272;5;27575;27580;0
S012;272;4;27580;27585;0
S012;272;3;27585;27590;0
S012;272;2;27590;27595;0
S012;272;1;27595;27615;0
S012;273;0;14580;14580;1
S012;273;1;14690;14710;1
S012;273;2;14710;14715;1
S012;273;3;14715;14720;1
S012;273;4;14720;14725;1
S012;273;5;14725;14730;1
S012;273;6;14730;14735;1
S012;273;7;14735;14740;1
S012;273;8;14740;14745;1
S012;273;9;14745;14750;1
S012;273;10;14750;14755;1
S012;273;11;14755;14760;1
S012;273;12;14760;14765;1
S012;273;66;14765;14775;1
S012;273;66;17350;17380;0
S012;273;12;17380;17385;0
S012;273;11;17385;17390;0
S012;273;10;17390;17395;0
S012;273;9;17395;17400;0
S012;273;8;17400;17405;0
S012;273;7;17405;17410;0
S012;273;6;17410;17415;0
S012;273;5;17415;17420;0
S012;273;4;17420;17425;0
S012;273;3;17425;17430;0
S012;273;2;17430;17435;0
S012;273;1;17435;17455;0
S012;274;0;14685;14685;1
S012;274;1;14695;14715;1
S012;274;2;14715;14720;1
S012;274;3;14720;14725;1
S012;274;4;14725;14730;1
S012;274;5;14730;14735;1
S012;274;6;14735;14740;1
S012;274;41;14740;14750;1
S012;274;41;17350;17380;0
S012;274;6;17380;17385;0
S012;274;5;17385;17390;0
S012;274;4;17390;17395;0
S012;274;3;17395;17400;0
S012;274;2;17400;17405;0
S012;274;1;17405;17425;0
S012;275;0;14760;14760;1
S012;275;1;14765;14785;1
S012;275;2;14785;14790;1
S012;275;3;14790;14795;1
S012;275;4;14795;14800;1
S012;275;5;14800;14805;1
S012;275;6;14805;14810;1
S012;275;7;14810;14815;1
S012;275;8;14815;14820;1
S012;275;9;14820;14825;1
S012;275;10;14825;14830;1
S012;275;11;14830;14835;1
S012;275;55;14835;14865;1
S012;275;55;20060;20070;0
S012;275;11;20070;20075;0
S012;275;10;20075;20080;0
S012;275;9;20080;20085;0
S012;275;8;20085;20090;0
S012;275;7;20090;20095;0
S012;275;6;20095;20100;0
S012;275;5;20100;20105;0
S012;275;4;20105;20110;0
S012;275;3;20110;20115;0
S012;275;2;20115;20120;0
S012;275;1;20120;20140;0
S012;276;0;14775;14775;1
S012;276;1;17230;17250;1
S012;276;2;17250;17255;1
S012;276;3;17255;17260;1
S012;276;4;17260;17265;1
S012;276;5;17265;17270;1
S012;276;6;17270;17275;1
S012;276;7;17275;17280;1
S012;276;8;17280;17285;1
S012;276;9;17285;17290;1
S012;276;10;17290;17295;1
S012;276;11;17295;17300;1
S012;276;12;17300;17305;1
S012;276;65;17305;17315;1
S012;276;65;18360;18390;0
S012;276;12;18390;18395;0
S012;276;11;18395;18400;0
S012;276;10;18400;18405;0
S012;276;9;18405;18410;0
S012;276;8;18410;18415;0
S012;276;7;18415;18420;0
S012;276;6;18420;18425;0
S012;276;5;18425;18430;0
S012;276;4;18430;18435;0
S012;276;3;18435;18440;0
S012;276;2;18440;18445;0
S012;276;1;18445;18465;0
S012;278;0;14835;14835;1
S012;278;1;15205;15225;1
S012;278;2;15225;15230;1
S012;278;3;15230;15235;1
S012;278;4;15235;15240;1
S012;278;5;15240;15245;1
S012;278;6;15245;15250;1
S012;278;7;15250;15255;1
S012;278;8;15255;15260;1
S012;278;9;15260;15265;1
S012;278;10;15265;15270;1
S012;278;52;15270;15280;1
S012;278;52;16300;16330;0
S012;278;10;16330;16335;0
S012;278;9;16335;16340;0
S012;278;8;16340;16345;0
S012;278;7;16345;16350;0
S012;278;6;16350;16355;0
S012;278;5;16355;16360;0
S012;278;4;16360;16365;0
S012;278;3;16365;16370;0
S012;278;2;16370;16375;0
S012;278;1;16375;16395;0
S012;280;0;14880;14880;1
S012;280;1;15975;15995;1
S012;280;2;15995;16000;1
S012;280;3;16000;16005;1
S012;280;4;16005;16010;1
S012;280;5;16010;16015;1
S012;280;34;16015;16025;1
S012;280;34;17205;17235;0
S012;280;5;17235;17240;0
S012;280;4;17240;17245;0
S012;280;3;17245;17250;0
S012;280;2;17250;17255;0
S012;280;1;17255;17275;0
S012;281;0;14925;14925;1
S012;281;1;15845;15865;1
S012;281;2;15865;15870;1
S012;281;3;15870;15875;1
S012;281;4;15875;15880;1
S012;281;5;15880;15885;1
S012;281;6;15885;15890;1
S012;281;7;15890;15895;1
S012;281;8;15895;15900;1
S012;281;9;15900;15905;1
S012;281;10;15905;15910;1
S012;281;11;15910;15915;1
S012;281;12;15915;15920;1
S012;281;65;15920;15950;1
S012;281;65;17310;17320;0
S012;281;12;17320;17325;0
S012;281;11;17325;17330;0
S012;281;10;17330;17335;0
S012;281;9;17335;17340;0
S012;281;8;17340;17345;0
S012;281;7;17345;17350;0
S012;281;6;17350;17355;0
S012;281;5;17355;17360;0
S012;281;4;17360;17365;0
S012;281;3;17365;17370;0
S012;281;2;17370;17375;0
S012;281;1;17375;17395;0
S012;282;0;15240;15240;1
S012;282;1;23735;23755;1
S012;282;2;23755;23760;1
S012;282;3;23760;23765;1
S012;282;4;23765;23770;1
S012;282;5;23770;23775;1
S012;282;6;23775;23780;1
S012;282;7;23780;23785;1
S012;282;8;23785;23790;1
S012;282;9;23790;23795;1
S012;282;10;23795;23800;1
S012;282;11;23800;23805;1
S012;282;12;23805;23810;1
S012;282;65;23810;23840;1
S012;282;65;26370;26380;0
S012;282;12;26380;26385;0
S012;282;11;26385;26390;0
S012;282;10;26390;26395;0
S012;282;9;26395;26400;0
S012;282;8;26400;26405;0
S012;282;7;26405;26410;0
S012;282;6;26410;26415;0
S012;282;5;26415;26420;0
S012;282;4;26420;26425;0
S012;282;3;26425;26430;0
S012;282;2;26430;26435;0
S012;282;1;26435;26455;0
S012;283;0;15450;15450;1
S012;283;1;15885;15905;1
S012;283;2;15905;15910;1
S012;283;3;15910;15915;1
S012;283;4;15915;15920;1
S012;283;5;15920;15925;1
S012;283;33;15925;15935;1
S012;283;33;17165;17195;0
S012;283;5;17195;17200;0
S012;283;4;17200;17205;0
S012;283;3;17205;17210;0
S012;283;2;17210;17215;0
S012;283;1;17215;17235;0
S012;284;0;15540;15540;1
S012;284;1;15560;15580;1
S012;284;2;15580;15585;1
S012;284;3;15585;15590;1
S012;284;4;15590;15595;1
S012;284;5;15595;15600;1
S012;284;6;15600;15605;1
S012;284;7;15605;15610;1
S012;284;8;15610;15615;1
S012;284;9;15615;15620;1
S012;284;10;15620;15625;1
S012;284;11;15625;15630;1
S012;284;61;15630;15660;1
S012;284;61;19575;19585;0
S012;284;11;19585;19590;0
S012;284;10;19590;19595;0
S012;284;9;19595;19600;0
S012;284;8;19600;19605;0
S012;284;7;19605;19610;0
S012;284;6;19610;19615;0
S012;284;5;19615;19620;0
S012;284;4;19620;19625;0
S012;284;3;19625;19630;0
S012;284;2;19630;19635;0
S012;284;1;19635;19655;0
S012;285;0;15630;15630;1
S012;285;1;15670;15690;1
S012;285;2;15690;15695;1
S012;285;3;15695;15700;1
S012;285;4;15700;15705;1
S012;285;5;15705;15710;1
S012;285;36;15710;15720;1
S012;285;36;16040;16070;0
S012;285;5;16070;16075;0
S012;285;4;16075;16080;0
S012;285;3;16080;16085;0
S012;285;2;16085;16090;0
S012;285;1;16090;16110;0
S012;286;0;15635;15635;1
S012;286;1;17250;17270;1
S012;286;2;17270;17275;1
S012;286;3;17275;17280;1
S012;286;4;17280;17285;1
S012;286;5;17285;17290;1
S012;286;33;17290;17300;1
S012;286;33;18600;18630;0
S012;286;5;18630;18635;0
S012;286;4;18635;18640;0
S012;286;3;18640;18645;0
S012;286;2;18645;18650;0
S012;286;1;18650;18670;0
S012;288;0;15755;15755;1
S012;288;1;15755;15775;1
S012;288;2;15775;15780;1
S012;288;3;15780;15785;1
S012;288;4;15785;15790;1
S012;288;5;15790;15795;1
S012;288;6;15795;15800;1
S012;288;7;15800;15805;1
S012;288;8;15805;15810;1
S012;288;9;15810;15815;1
S012;288;10;15815;15820;1
S012;288;11;15820;15825;1
S012;288;57;15825;15835;1
S012;288;57;20310;20340;0
S012;288;11;20340;20345;0
S012;288;10;20345;20350;0
S012;288;9;20350;20355;0
S012;288;8;20355;20360;0
S012;288;7;20360;20365;0
S012;288;6;20365;20370;0
S012;288;5;20370;20375;0
S012;288;4;20375;20380;0
S012;288;3;20380;20385;0
S012;288;2;20385;20390;0
S012;288;1;20390;20410;0
S012;289;0;15960;15960;1
S012;289;1;16135;16155;1
S012;289;2;16155;16160;1
S012;289;3;16160;16165;1
S012;289;4;16165;16170;1
S012;289;5;16170;16175;1
S012;289;6;16175;16180;1
S012;289;7;16180;16185;1
S012;289;8;16185;16190;1
S012;289;9;16190;16195;1
S012;289;10;16195;16200;1
S012;289;11;16200;16205;1
S012;289;12;16205;16210;1
S012;289;64;16210;16240;1
S012;289;64;18590;18600;0
S012;289;12;18600;18605;0
S012;289;11;18605;18610;0
S012;289;10;18610;18615;0
S012;289;9;18615;18620;0
S012;289;8;18620;18625;0
S012;289;7;18625;18630;0
S012;289;6;18630;18635;0
S012;289;5;18635;18640;0
S012;289;4;18640;18645;0
S012;289;3;18645;18650;0
S012;289;2;18650;18655;0
S012;289;1;18655;18675;0
S012;290;0;16020;16020;1
S012;290;1;16150;16170;1
S012;290;2;16170;16175;1
S012;290;3;16175;16180;1
S012;290;21;16180;16190;1
S012;290;21;18045;18075;0
S012;290;3;18075;18080;0
S012;290;2;18080;18085;0
S012;290;1;18085;18105;0
S012;291;0;16140;16140;1
S012;291;1;16140;16160;1
S012;291;2;16160;16165;1
S012;291;3;16165;16170;1
S012;291;4;16170;16175;1
S012;291;5;16175;16180;1
S012;291;6;16180;16185;1
S012;291;7;16185;16190;1
S012;291;8;16190;16195;1
S012;291;9;16195;16200;1
S012;291;10;16200;16205;1
S012;291;11;16205;16210;1
S012;291;56;16210;16220;1
S012;291;56;23550;23580;0
S012;291;11;23580;23585;0
S012;291;10;23585;23590;0
S012;291;9;23590;23595;0
S012;291;8;23595;23600;0
S012;291;7;23600;23605;0
S012;291;6;23605;23610;0
S012;291;5;23610;23615;0
S012;291;4;23615;23620;0
S012;291;3;23620;23625;0
S012;291;2;23625;23630;0
S012;291;1;23630;23650;0
S012;292;0;16170;16170;1
S012;292;1;16175;16195;1
S012;292;2;16195;16200;1
S012;292;3;16200;16205;1
S012;292;4;16205;16210;1
S012;292;5;16210;16215;1
S012;292;31;16215;16245;1
S012;292;31;16935;16965;0
S012;292;5;16965;16970;0
S012;292;4;16970;16975;0
S012;292;3;16975;16980;0
S012;292;2;16980;16985;0
S012;292;1;16985;17005;0
S012;293;0;16230;16230;1
S012;293;1;23070;23090;1
S012;293;2;23090;23095;1
S012;293;3;23095;23100;1
S012;293;4;23100;23105;1
S012;293;5;23105;23110;1
S012;293;6;23110;23115;1
S012;293;7;23115;23120;1
S012;293;8;23120;23125;1
S012;293;9;23125;23130;1
S012;293;10;23130;23135;1
S012;293;11;23135;23140;1
S012;293;60;23140;23150;1
S012;293;60;27215;27245;0
S012;293;11;27245;27250;0
S012;293;10;27250;27255;0
S012;293;9;27255;27260;0
S012;293;8;27260;27265;0
S012;293;7;27265;27270;0
S012;293;6;27270;27275;0
S012;293;5;27275;27280;0
S012;293;4;27280;27285;0
S012;293;3;27285;27290;0
S012;293;2;27290;27295;0
S012;293;1;27295;27315;0
S012;294;0;16230;16230;1
S012;294;1;16230;16250;1
S012;294;2;16250;16255;1
S012;294;3;16255;16260;1
S012;294;4;16260;16265;1
S012;294;5;16265;16270;1
S012;294;6;16270;16275;1
S012;294;38;16275;16305;1
S012;294;38;16995;17005;0
S012;294;6;17005;17010;0
S012;294;5;17010;17015;0
S012;294;4;17015;17020;0
S012;294;3;17020;17025;0
S012;294;2;17025;17030;0
S012;294;1;17030;17050;0
S012;295;0;16500;16500;1
S012;295;1;16500;16520;1
S012;295;2;16520;16525;1
S012;295;3;16525;16530;1
S012;295;4;16530;16535;1
S012;295;5;16535;16540;1
S012;295;6;16540;16545;1
S012;295;7;16545;16550;1
S012;295;8;16550;16555;1
S012;295;9;16555;16560;1
S012;295;10;16560;16565;1
S012;295;53;16565;16575;1
S012;295;53;17550;17580;0
S012;295;10;17580;17585;0
S012;295;9;17585;17590;0
S012;295;8;17590;17595;0
S012;295;7;17595;17600;0
S012;295;6;17600;17605;0
S012;295;5;17605;17610;0
S012;295;4;17610;17615;0
S012;295;3;17615;17620;0
S012;295;2;17620;17625;0
S012;295;1;17625;17645;0
S012;296;0;16680;16680;1
S012;296;1;17235;17255;1
S012;296;2;17255;17260;1
S012;296;3;17260;17265;1
S012;296;4;17265;17270;1
S012;296;5;17270;17275;1
S012;296;6;17275;17280;1
S012;296;43;17280;17290;1
S012;296;43;20275;20305;0
S012;296;6;20305;20310;0
S012;296;5;20310;20315;0
S012;296;4;20315;20320;0
S012;296;3;20320;20325;0
S012;296;2;20325;20330;0
S012;296;1;20330;20350;0
S012;298;0;16830;16830;1
S012;298;1;19140;19160;1
S012;298;2;19160;19165;1
S012;298;3;19165;19170;1
S012;298;4;19170;19175;1
S012;298;5;19175;19180;1
S012;298;6;19180;19185;1
S012;298;7;19185;19190;1
S012;298;8;19190;19195;1
S012;298;9;19195;19200;1
S012;298;10;19200;19205;1
S012;298;11;19205;19210;1
S012;298;12;19210;19215;1
S012;298;66;19215;19225;1
S012;298;66;20500;20530;0
S012;298;12;20530;20535;0
S012;298;11;20535;20540;0
S012;298;10;20540;20545;0
S012;298;9;20545;20550;0
S012;298;8;20550;20555;0
S012;298;7;20555;20560;0
S012;298;6;20560;20565;0
S012;298;5;20565;20570;0
S012;298;4;20570;20575;0
S012;298;3;20575;20580;0
S012;298;2;20580;20585;0
S012;298;1;20585;20605;0
S012;300;0;17100;17100;1
S012;300;1;17100;17120;1
S012;300;2;17120;17125;1
S012;300;3;17125;17130;1
S012;300;4;17130;17135;1
S012;300;5;17135;17140;1
S012;300;6;17140;17145;1
S012;300;7;17145;17150;1
S012;300;8;17150;17155;1
S012;300;9;17155;17160;1
S012;300;10;17160;17165;1
S012;300;11;17165;17170;1
S012;300;88;17170;17200;1
S012;300;88;20300;20310;0
S012;300;11;20310;20315;0
S012;300;10;20315;20320;0
S012;300;9;20320;20325;0
S012;300;8;20325;20330;0
S012;300;7;20330;20335;0
S012;300;6;20335;20340;0
S012;300;5;20340;20345;0
S012;300;4;20345;20350;0
S012;300;3;20350;20355;0
S012;300;2;20355;20360;0
S012;300;1;20360;20380;0
S012;301;0;17245;17245;1
S012;301;1;18740;18760;1
S012;301;2;18760;18765;1
S012;301;3;18765;18770;1
S012;301;4;18770;18775;1
S012;301;5;18775;18780;1
S012;301;6;18780;18785;1
S012;301;7;18785;18790;1
S012;301;8;18790;18795;1
S012;301;9;18795;18800;1
S012;301;10;18800;18805;1
S012;301;11;18805;18810;1
S012;301;12;18810;18815;1
S012;301;13;18815;18820;1
S012;301;70;18820;18850;1
S012;301;70;19935;19945;0
S012;301;13;19945;19950;0
S012;301;12;19950;19955;0
S012;301;11;19955;19960;0
S012;301;10;19960;19965;0
S012;301;9;19965;19970;0
S012;301;8;19970;19975;0
S012;301;7;19975;19980;0
S012;301;6;19980;19985;0
S012;301;5;19985;19990;0
S012;301;4;19990;19995;0
S012;301;3;19995;20000;0
S012;301;2;20000;20005;0
S012;301;1;20005;20025;0
S012;302;0;17585;17585;1
S012;302;1;20195;20215;1
S012;302;2;20215;20220;1
S012;302;3;20220;20225;1
S012;302;4;20225;20230;1
S012;302;5;20230;20235;1
S012;302;6;20235;20240;1
S012;302;7;20240;20245;1
S012;302;8;20245;20250;1
S012;302;9;20250;20255;1
S012;302;10;20255;20260;1
S012;302;53;20260;20270;1
S012;302;53;21630;21660;0
S012;302;10;21660;21665;0
S012;302;9;21665;21670;0
S012;302;8;21670;21675;0
S012;302;7;21675;21680;0
S012;302;6;21680;21685;0
S012;302;5;21685;21690;0
S012;302;4;21690;21695;0
S012;302;3;21695;21700;0
S012;302;2;21700;21705;0
S012;302;1;21705;21725;0
S012;303;0;17670;17670;1
S012;303;1;17695;17715;1
S012;303;2;17715;17720;1
S012;303;3;17720;17725;1
S012;303;4;17725;17730;1
S012;303;5;17730;17735;1
S012;303;30;17735;17765;1
S012;303;30;21250;21260;0
S012;303;5;21260;21265;0
S012;303;4;21265;21270;0
S012;303;3;21270;21275;0
S012;303;2;21275;21280;0
S012;303;1;21280;21300;0
S012;304;0;18000;18000;1
S012;304;1;25180;25200;1
S012;304;2;25200;25205;1
S012;304;3;25205;25210;1
S012;304;4;25210;25215;1
S012;304;5;25215;25220;1
S012;304;33;25220;25230;1
S012;304;33;25820;25850;0
S012;304;5;25850;25855;0
S012;304;4;25855;25860;0
S012;304;3;25860;25865;0
S012;304;2;25865;25870;0
S012;304;1;25870;25890;0
S012;305;0;18000;18000;1
S012;305;1;18115;18135;1
S012;305;2;18135;18140;1
S012;305;3;18140;18145;1
S012;305;4;18145;18150;1
S012;305;5;18150;18155;1
S012;305;29;18155;18165;1
S012;305;29;26215;26245;0
S012;305;5;26245;26250;0
S012;305;4;26250;26255;0
S012;305;3;26255;26260;0
S012;305;2;26260;26265;0
S012;305;1;26265;26285;0
S012;306;0;18030;18030;1
S012;306;1;18110;18130;1
S012;306;2;18130;18135;1
S012;306;3;18135;18140;1
S012;306;4;18140;18145;1
S012;306;5;18145;18150;1
S012;306;6;18150;18155;1
S012;306;7;18155;18160;1
S012;306;8;18160;18165;1
S012;306;9;18165;18170;1
S012;306;10;18170;18175;1
S012;306;11;18175;18180;1
S012;306;62;18180;18210;1
S012;306;62;20520;20530;0
S012;306;11;20530;20535;0
S012;306;10;20535;20540;0
S012;306;9;20540;20545;0
S012;306;8;20545;20550;0
S012;306;7;20550;20555;0
S012;306;6;20555;20560;0
S012;306;5;20560;20565;0
S012;306;4;20565;20570;0
S012;306;3;20570;20575;0
S012;306;2;20575;20580;0
S012;306;1;20580;20600;0
S012;307;0;18060;18060;1
S012;307;1;18060;18080;1
S012;307;2;18080;18085;1
S012;307;3;18085;18090;1
S012;307;4;18090;18095;1
S012;307;5;18095;18100;1
S012;307;34;18100;18110;1
S012;307;34;19375;19405;0
S012;307;5;19405;19410;0
S012;307;4;19410;19415;0
S012;307;3;19415;19420;0
S012;307;2;19420;19425;0
S012;307;1;19425;19445;0
S012;308;0;18080;18080;1
S012;308;1;18135;18155;1
S012;308;2;18155;18160;1
S012;308;3;18160;18165;1
S012;308;4;18165;18170;1
S012;308;5;18170;18175;1
S012;308;6;18175;18180;1
S012;308;40;18180;18210;1
S012;308;40;20340;20350;0
S012;308;6;20350;20355;0
S012;308;5;20355;20360;0
S012;308;4;20360;20365;0
S012;308;3;20365;20370;0
S012;308;2;20370;20375;0
S012;308;1;20375;20395;0
S012;309;0;18315;18315;1
S012;309;1;18340;18360;1
S012;309;2;18360;18365;1
S012;309;3;18365;18370;1
S012;309;4;18370;18375;1
S012;309;5;18375;18380;1
S012;309;31;18380;18410;1
S012;309;31;21460;21470;0
S012;309;5;21470;21475;0
S012;309;4;21475;21480;0
S012;309;3;21480;21485;0
S012;309;2;21485;21490;0
S012;309;1;21490;21510;0
S012;310;0;18330;18330;1
S012;310;1;18330;18350;1
S012;310;2;18350;18355;1
S012;310;3;18355;18360;1
S012;310;4;18360;18365;1
S012;310;5;18365;18370;1
S012;310;35;18370;18380;1
S012;310;35;19345;19375;0
S012;310;5;19375;19380;0
S012;310;4;19380;19385;0
S012;310;3;19385;19390;0
S012;310;2;19390;19395;0
S012;310;1;19395;19415;0
S012;311;0;18375;18375;1
S012;311;1;18745;18765;1
S012;311;2;18765;18770;1
S012;311;3;18770;18775;1
S012;311;4;18775;18780;1
S012;311;5;18780;18785;1
S012;311;33;18785;18815;1
S012;311;33;21425;21435;0
S012;311;5;21435;21440;0
S012;311;4;21440;21445;0
S012;311;3;21445;21450;0
S012;311;2;21450;21455;0
S012;311;1;21455;21475;0
S012;312;0;18420;18420;1
S012;312;1;18470;18490;1
S012;312;2;18490;18495;1
S012;312;3;18495;18500;1
S012;312;4;18500;18505;1
S012;312;5;18505;18510;1
S012;312;6;18510;18515;1
S012;312;7;18515;18520;1
S012;312;8;18520;18525;1
S012;312;9;18525;18530;1
S012;312;10;18530;18535;1
S012;312;53;18535;18545;1
S012;312;53;20260;20290;0
S012;312;10;20290;20295;0
S012;312;9;20295;20300;0
S012;312;8;20300;20305;0
S012;312;7;20305;20310;0
S012;312;6;20310;20315;0
S012;312;5;20315;20320;0
S012;312;4;20320;20325;0
S012;312;3;20325;20330;0
S012;312;2;20330;20335;0
S012;312;1;20335;20355;0
S012;313;0;18745;18745;1
S012;313;1;25940;25960;1
S012;313;2;25960;25965;1
S012;313;3;25965;25970;1
S012;313;4;25970;25975;1
S012;313;5;25975;25980;1
S012;313;6;25980;25985;1
S012;313;7;25985;25990;1
S012;313;8;25990;25995;1
S012;313;49;25995;26025;1
S012;314;0;18760;18760;1
S012;314;1;24070;24090;1
S012;314;2;24090;24095;1
S012;314;3;24095;24100;1
S012;314;4;24100;24105;1
S012;314;5;24105;24110;1
S012;314;6;24110;24115;1
S012;314;7;24115;24120;1
S012;314;8;24120;24125;1
S012;314;9;24125;24130;1
S012;314;10;24130;24135;1
S012;314;52;24135;24145;1
S012;314;52;25620;25650;0
S012;314;10;25650;25655;0
S012;314;9;25655;25660;0
S012;314;8;25660;25665;0
S012;314;7;25665;25670;0
S012;314;6;25670;25675;0
S012;314;5;25675;25680;0
S012;314;4;25680;25685;0
S012;314;3;25685;25690;0
S012;314;2;25690;25695;0
S012;314;1;25695;25715;0
S012;315;0;18770;18770;1
S012;315;1;21585;21605;1
S012;315;2;21605;21610;1
S012;315;3;21610;21615;1
S012;315;4;21615;21620;1
S012;315;5;21620;21625;1
S012;315;6;21625;21630;1
S012;315;7;21630;21635;1
S012;315;8;21635;21640;1
S012;315;9;21640;21645;1
S012;315;10;21645;21650;1
S012;315;11;21650;21655;1
S012;315;12;21655;21660;1
S012;315;64;21660;21690;1
S012;315;64;22820;22830;0
S012;315;12;22830;22835;0
S012;315;11;22835;22840;0
S012;315;10;22840;22845;0
S012;315;9;22845;22850;0
S012;315;8;22850;22855;0
S012;315;7;22855;22860;0
S012;315;6;22860;22865;0
S012;315;5;22865;22870;0
S012;315;4;22870;22875;0
S012;315;3;22875;22880;0
S012;315;2;22880;22885;0
S012;315;1;22885;22905;0
S012;316;0;18840;18840;1
S012;316;1;18840;18860;1
S012;316;2;18860;18865;1
S012;316;3;18865;18870;1
S012;316;4;18870;18875;1
S012;316;5;18875;18880;1
S012;316;36;18880;18890;1
S012;316;36;19565;19595;0
S012;316;5;19595;19600;0
S012;316;4;19600;19605;0
S012;316;3;19605;19610;0
S012;316;2;19610;19615;0
S012;316;1;19615;19635;0
S012;317;0;19080;19080;1
S012;317;1;19325;19350;1
S012;317;2;19350;19355;1
S012;317;3;19355;19360;1
S012;317;4;19360;19365;1
S012;317;5;19365;19370;1
S012;317;34;19370;19380;1
S012;317;34;20915;20945;0
S012;317;5;20945;20950;0
S012;317;4;20950;20955;0
S012;317;3;20955;20960;0
S012;317;2;20960;20965;0
S012;317;1;20965;20990;0
S012;318;0;19155;19155;1
S012;318;1;19155;19175;1
S012;318;2;19175;19180;1
S012;318;3;19180;19185;1
S012;318;4;19185;19190;1
S012;318;5;19190;19195;1
S012;318;6;19195;19200;1
S012;318;7;19200;19205;1
S012;318;8;19205;19210;1
S012;318;9;19210;19215;1
S012;318;10;19215;19220;1
S012;318;11;19220;19225;1
S012;318;60;19225;19235;1
S012;318;60;20825;20855;0
S012;318;11;20855;20860;0
S012;318;10;20860;20865;0
S012;318;9;20865;20870;0
S012;318;8;20870;20875;0
S012;318;7;20875;20880;0
S012;318;6;20880;20885;0
S012;318;5;20885;20890;0
S012;318;4;20890;20895;0
S012;318;3;20895;20900;0
S012;318;2;20900;20905;0
S012;318;1;20905;20925;0
S012;319;0;19195;19195;1
S012;319;1;19195;19215;1
S012;319;2;19215;19220;1
S012;319;3;19220;19225;1
S012;319;20;19225;19255;1
S012;319;20;23955;23965;0
S012;319;3;23965;23970;0
S012;319;2;23970;23975;0
S012;319;1;23975;23995;0
S012;320;0;19230;19230;1
S012;320;1;19230;19250;1
S012;320;84;19250;19280;1
S012;320;84;20980;20990;0
S012;320;1;20990;21010;0
S012;321;0;19290;19290;1
S012;321;1;20160;20180;1
S012;321;2;20180;20185;1
S012;321;3;20185;20190;1
S012;321;4;20190;20195;1
S012;321;5;20195;20200;1
S012;321;6;20200;20205;1
S012;321;7;20205;20210;1
S012;321;8;20210;20215;1
S012;321;9;20215;20220;1
S012;321;10;20220;20225;1
S012;321;11;20225;20230;1
S012;321;12;20230;20235;1
S012;321;13;20235;20240;1
S012;321;70;20240;20270;1
S012;321;70;21750;21760;0
S012;321;13;21760;21765;0
S012;321;12;21765;21770;0
S012;321;11;21770;21775;0
S012;321;10;21775;21780;0
S012;321;9;21780;21785;0
S012;321;8;21785;21790;0
S012;321;7;21790;21795;0
S012;321;6;21795;21800;0
S012;321;5;21800;21805;0
S012;321;4;21805;21810;0
S012;321;3;21810;21815;0
S012;321;2;21815;21820;0
S012;321;1;21820;21840;0
S012;322;0;19620;19620;1
S012;322;1;20880;20900;1
S012;322;2;20900;20905;1
S012;322;3;20905;20910;1
S012;322;4;20910;20915;1
S012;322;5;20915;20920;1
S012;322;6;20920;20925;1
S012;322;7;20925;20930;1
S012;322;8;20930;20935;1
S012;322;9;20935;20940;1
S012;322;10;20940;20945;1
S012;322;11;20945;20950;1
S012;322;12;20950;20955;1
S012;322;13;20955;20960;1
S012;322;14;20960;20965;1
S012;322;15;20965;20970;1
S012;322;16;20970;20985;1
S012;322;78;20985;20995;1
S012;322;78;27115;27145;0
S012;322;16;27145;27160;0
S012;322;15;27160;27165;0
S012;322;14;27165;27170;0
S012;322;13;27170;27175;0
S012;322;12;27175;27180;0
S012;322;11;27180;27185;0
S012;322;10;27185;27190;0
S012;322;9;27190;27195;0
S012;322;8;27195;27200;0
S012;322;7;27200;27205;0
S012;322;6;27205;27210;0
S012;322;5;27210;27215;0
S012;322;4;27215;27220;0
S012;322;3;27220;27225;0
S012;322;2;27225;27230;0
S012;322;1;27230;27250;0
S012;323;0;19740;19740;1
S012;323;1;19810;19830;1
S012;323;2;19830;19835;1
S012;323;3;19835;19840;1
S012;323;4;19840;19845;1
S012;323;5;19845;19850;1
S012;323;6;19850;19855;1
S012;323;7;19855;19860;1
S012;323;8;19860;19865;1
S012;323;9;19865;19870;1
S012;323;10;19870;19875;1
S012;323;11;19875;19880;1
S012;323;12;19880;19885;1
S012;323;64;19885;19895;1
S012;323;64;21200;21230;0
S012;323;12;21230;21235;0
S012;323;11;21235;21240;0
S012;323;10;21240;21245;0
S012;323;9;21245;21250;0
S012;323;8;21250;21255;0
S012;323;7;21255;21260;0
S012;323;6;21260;21265;0
S012;323;5;21265;21270;0
S012;323;4;21270;21275;0
S012;323;3;21275;21280;0
S012;323;2;21280;21285;0
S012;323;1;21285;21305;0
S012;325;0;19795;19795;1
S012;325;1;19820;19840;1
S012;325;83;19840;19870;1
S012;325;83;22650;22680;0
S012;325;1;22680;22700;0
S012;326;0;19800;19800;1
S012;326;1;19815;19835;1
S012;326;2;19835;19840;1
S012;326;3;19840;19845;1
S012;326;4;19845;19850;1
S012;326;5;19850;19855;1
S012;326;6;19855;19860;1
S012;326;7;19860;19865;1
S012;326;8;19865;19870;1
S012;326;9;19870;19875;1
S012;326;51;19875;19905;1
S012;326;51;22450;22460;0
S012;326;9;22460;22465;0
S012;326;8;22465;22470;0
S012;326;7;22470;22475;0
S012;326;6;22475;22480;0
S012;326;5;22480;22485;0
S012;326;4;22485;22490;0
S012;326;3;22490;22495;0
S012;326;2;22495;22500;0
S012;326;1;22500;22520;0
S012;327;0;19830;19830;1
S012;327;1;21940;21960;1
S012;327;2;21960;21965;1
S012;327;3;21965;21970;1
S012;327;4;21970;21975;1
S012;327;5;21975;21980;1
S012;327;6;21980;21985;1
S012;327;7;21985;21990;1
S012;327;8;21990;21995;1
S012;327;9;21995;22000;1
S012;327;10;22000;22005;1
S012;327;11;22005;22010;1
S012;327;12;22010;22015;1
S012;327;65;22015;22025;1
S012;327;65;23835;23865;0
S012;327;12;23865;23870;0
S012;327;11;23870;23875;0
S012;327;10;23875;23880;0
S012;327;9;23880;23885;0
S012;327;8;23885;23890;0
S012;327;7;23890;23895;0
S012;327;6;23895;23900;0
S012;327;5;23900;23905;0
S012;327;4;23905;23910;0
S012;327;3;23910;23915;0
S012;327;2;23915;23920;0
S012;327;1;23920;23940;0
S012;328;0;19980;19980;1
S012;328;1;19980;20000;1
S012;328;2;20000;20005;1
S012;328;3;20005;20010;1
S012;328;4;20010;20015;1
S012;328;5;20015;20020;1
S012;328;6;20020;20025;1
S012;328;7;20025;20030;1
S012;328;8;20030;20035;1
S012;328;9;20035;20040;1
S012;328;10;20040;20045;1
S012;328;11;20045;20050;1
S012;328;12;20050;20055;1
S012;328;13;20055;20060;1
S012;328;68;20060;20070;1
S012;328;68;24305;24335;0
S012;328;13;24335;24340;0
S012;328;12;24340;24345;0
S012;328;11;24345;24350;0
S012;328;10;24350;24355;0
S012;328;9;24355;24360;0
S012;328;8;24360;24365;0
S012;328;7;24365;24370;0
S012;328;6;24370;24375;0
S012;328;5;24375;24380;0
S012;328;4;24380;24385;0
S012;328;3;24385;24390;0
S012;328;2;24390;24395;0
S012;328;1;24395;24415;0
S012;329;0;20040;20040;1
S012;329;1;20040;20060;1
S012;329;2;20060;20065;1
S012;329;3;20065;20070;1
S012;329;4;20070;20075;1
S012;329;5;20075;20080;1
S012;329;6;20080;20085;1
S012;329;7;20085;20090;1
S012;329;8;20090;20095;1
S012;329;9;20095;20100;1
S012;329;10;20100;20105;1
S012;329;11;20105;20110;1
S012;329;12;20110;20115;1
S012;329;65;20115;20125;1
S012;329;65;20765;20795;0
S012;329;12;20795;20800;0
S012;329;11;20800;20805;0
S012;329;10;20805;20810;0
S012;329;9;20810;20815;0
S012;329;8;20815;20820;0
S012;329;7;20820;20825;0
S012;329;6;20825;20830;0
S012;329;5;20830;20835;0
S012;329;4;20835;20840;0
S012;329;3;20840;20845;0
S012;329;2;20845;20850;0
S012;329;1;20850;20870;0
S012;331;0;20220;20220;1
S012;331;1;20220;20240;1
S012;331;2;20240;20245;1
S012;331;3;20245;20250;1
S012;331;4;20250;20255;1
S012;331;5;20255;20260;1
S012;331;6;20260;20265;1
S012;331;7;20265;20270;1
S012;331;8;20270;20275;1
S012;331;9;20275;20280;1
S012;331;10;20280;20285;1
S012;331;11;20285;20290;1
S012;331;12;20290;20295;1
S012;331;13;20295;20300;1
S012;331;14;20300;20305;1
S012;331;15;20305;20310;1
S012;331;16;20310;20325;1
S012;331;74;20325;20365;1
S012;331;74;22150;22160;0
S012;331;16;22160;22175;0
S012;331;15;22175;22180;0
S012;331;14;22180;22185;0
S012;331;13;22185;22190;0
S012;331;12;22190;22195;0
S012;331;11;22195;22200;0
S012;331;10;22200;22205;0
S012;331;9;22205;22210;0
S012;331;8;22210;22215;0
S012;331;7;22215;22220;0
S012;331;6;22220;22225;0
S012;331;5;22225;22230;0
S012;331;4;22230;22235;0
S012;331;3;22235;22240;0
S012;331;2;22240;22245;0
S012;331;1;22245;22265;0
S012;332;0;20485;20485;1
S012;332;1;20485;20505;1
S012;332;2;20505;20510;1
S012;332;3;20510;20515;1
S012;332;4;20515;20520;1
S012;332;5;20520;20525;1
S012;332;36;20525;20535;1
S012;332;36;21010;21040;0
S012;332;5;21040;21045;0
S012;332;4;21045;21050;0
S012;332;3;21050;21055;0
S012;332;2;21055;21060;0
S012;332;1;21060;21080;0
S012;333;0;20500;20500;1
S012;333;1;20500;20520;1
S012;333;2;20520;20525;1
S012;333;3;20525;20530;1
S012;333;4;20530;20535;1
S012;333;5;20535;20540;1
S012;333;35;20540;20550;1
S012;333;35;21395;21425;0
S012;333;5;21425;21430;0
S012;333;4;21430;21435;0
S012;333;3;21435;21440;0
S012;333;2;21440;21445;0
S012;333;1;21445;21465;0
S012;334;0;20550;20550;1
S012;334;1;20610;20630;1
S012;334;2;20630;20635;1
S012;334;3;20635;20640;1
S012;334;4;20640;20645;1
S012;334;5;20645;20650;1
S012;334;6;20650;20655;1
S012;334;38;20655;20685;1
S012;334;38;21445;21455;0
S012;334;6;21455;21460;0
S012;334;5;21460;21465;0
S012;334;4;21465;21470;0
S012;334;3;21470;21475;0
S012;334;2;21475;21480;0
S012;334;1;21480;21500;0
S012;335;0;20640;20640;1
S012;335;1;20640;20660;1
S012;335;2;20660;20665;1
S012;335;3;20665;20670;1
S012;335;4;20670;20675;1
S012;335;26;20675;20705;1
S012;335;26;28730;28740;0
S012;335;4;28740;28745;0
S012;335;3;28745;28750;0
S012;335;2;28750;28755;0
S012;335;1;28755;28775;0
S012;336;0;20640;20640;1
S012;336;1;27375;27395;1
S012;336;2;27395;27400;1
S012;336;3;27400;27405;1
S012;336;17;27405;27435;1
S012;337;0;20700;20700;1
S012;337;1;20700;20720;1
S012;337;2;20720;20725;1
S012;337;3;20725;20730;1
S012;337;4;20730;20735;1
S012;337;5;20735;20740;1
S012;337;6;20740;20745;1
S012;337;7;20745;20750;1
S012;337;8;20750;20755;1
S012;337;9;20755;20760;1
S012;337;10;20760;20765;1
S012;337;11;20765;20770;1
S012;337;12;20770;20775;1
S012;337;65;20775;20785;1
S012;337;65;22020;22050;0
S012;337;12;22050;22055;0
S012;337;11;22055;22060;0
S012;337;10;22060;22065;0
S012;337;9;22065;22070;0
S012;337;8;22070;22075;0
S012;337;7;22075;22080;0
S012;337;6;22080;22085;0
S012;337;5;22085;22090;0
S012;337;4;22090;22095;0
S012;337;3;22095;22100;0
S012;337;2;22100;22105;0
S012;337;1;22105;22125;0
S012;338;0;20700;20700;1
S012;338;1;20710;20730;1
S012;338;2;20730;20735;1
S012;338;3;20735;20740;1
S012;338;4;20740;20745;1
S012;338;5;20745;20750;1
S012;338;6;20750;20755;1
S012;338;7;20755;20760;1
S012;338;8;20760;20765;1
S012;338;9;20765;20770;1
S012;338;10;20770;20775;1
S012;338;11;20775;20780;1
S012;338;61;20780;20790;1
S012;338;61;23335;23365;0
S012;338;11;23365;23370;0
S012;338;10;23370;23375;0
S012;338;9;23375;23380;0
S012;338;8;23380;23385;0
S012;338;7;23385;23390;0
S012;338;6;23390;23395;0
S012;338;5;23395;23400;0
S012;338;4;23400;23405;0
S012;338;3;23405;23410;0
S012;338;2;23410;23415;0
S012;338;1;23415;23435;0
S012;340;0;20820;20820;1
S012;340;1;28800;28820;1
S012;340;2;28820;28825;1
S012;340;3;28825;28830;1
S012;340;4;28830;28835;1
S012;340;23;28835;28865;1
S012;341;0;21120;21120;1
S012;341;1;21145;21165;1
S012;341;2;21165;21170;1
S012;341;3;21170;21175;1
S012;341;4;21175;21180;1
S012;341;5;21180;21185;1
S012;341;6;21185;21190;1
S012;341;7;21190;21195;1
S012;341;8;21195;21200;1
S012;341;9;21200;21205;1
S012;341;10;21205;21210;1
S012;341;52;21210;21220;1
S012;341;52;22020;22050;0
S012;341;10;22050;22055;0
S012;341;9;22055;22060;0
S012;341;8;22060;22065;0
S012;341;7;22065;22070;0
S012;341;6;22070;22075;0
S012;341;5;22075;22080;0
S012;341;4;22080;22085;0
S012;341;3;22085;22090;0
S012;341;2;22090;22095;0
S012;341;1;22095;22115;0
S012;342;0;21350;21350;1
S012;342;1;21350;21370;1
S012;342;2;21370;21375;1
S012;342;3;21375;21380;1
S012;342;4;21380;21385;1
S012;342;5;21385;21390;1
S012;342;35;21390;21400;1
S012;342;35;22575;22605;0
S012;342;5;22605;22610;0
S012;342;4;22610;22615;0
S012;342;3;22615;22620;0
S012;342;2;22620;22625;0
S012;342;1;22625;22645;0
S012;343;0;21360;21360;1
S012;343;1;21360;21380;1
S012;343;2;21380;21385;1
S012;343;3;21385;21390;1
S012;343;4;21390;21395;1
S012;343;5;21395;21400;1
S012;343;34;21400;21410;1
S012;343;34;22830;22860;0
S012;343;5;22860;22865;0
S012;343;4;22865;22870;0
S012;343;3;22870;22875;0
S012;343;2;22875;22880;0
S012;343;1;22880;22900;0
S012;344;0;21380;21380;1
S012;344;1;21380;21400;1
S012;344;2;21400;21405;1
S012;344;3;21405;21410;1
S012;344;4;21410;21415;1
S012;344;5;21415;21420;1
S012;344;30;21420;21450;1
S012;348;0;21590;21590;1
S012;348;1;21590;21610;1
S012;348;2;21610;21615;1
S012;348;3;21615;21620;1
S012;348;4;21620;21625;1
S012;348;5;21625;21630;1
S012;348;6;21630;21635;1
S012;348;7;21635;21640;1
S012;348;8;21640;21645;1
S012;348;9;21645;21650;1
S012;348;10;21650;21655;1
S012;348;53;21655;21665;1
S012;348;53;22945;22975;0
S012;348;10;22975;22980;0
S012;348;9;22980;22985;0
S012;348;8;22985;22990;0
S012;348;7;22990;22995;0
S012;348;6;22995;23000;0
S012;348;5;23000;23005;0
S012;348;4;23005;23010;0
S012;348;3;23010;23015;0
S012;348;2;23015;23020;0
S012;348;1;23020;23040;0
S012;350;0;21735;21735;1
S012;350;1;21735;21755;1
S012;350;2;21755;21760;1
S012;350;3;21760;21765;1
S012;350;4;21765;21770;1
S012;350;5;21770;21775;1
S012;350;6;21775;21780;1
S012;350;7;21780;21785;1
S012;350;8;21785;21790;1
S012;350;9;21790;21795;1
S012;350;10;21795;21800;1
S012;350;11;21800;21805;1
S012;350;62;21805;21815;1
S012;350;62;24825;24855;0
S012;350;11;24855;24860;0
S012;350;10;24860;24865;0
S012;350;9;24865;24870;0
S012;350;8;24870;24875;0
S012;350;7;24875;24880;0
S012;350;6;24880;24885;0
S012;350;5;24885;24890;0
S012;350;4;24890;24895;0
S012;350;3;24895;24900;0
S012;350;2;24900;24905;0
S012;350;1;24905;24925;0
S012;351;0;21945;21945;1
S012;351;1;21950;21970;1
S012;351;2;21970;21975;1
S012;351;3;21975;21980;1
S012;351;4;21980;21985;1
S012;351;5;21985;21990;1
S012;351;6;21990;21995;1
S012;351;38;21995;22025;1
S012;351;38;22805;22815;0
S012;351;6;22815;22820;0
S012;351;5;22820;22825;0
S012;351;4;22825;22830;0
S012;351;3;22830;22835;0
S012;351;2;22835;22840;0
S012;351;1;22840;22860;0
S012;352;0;21980;21980;1
S012;352;1;21980;22000;1
S012;352;2;22000;22005;1
S012;352;3;22005;22010;1
S012;352;4;22010;22015;1
S012;352;5;22015;22020;1
S012;352;6;22020;22025;1
S012;352;39;22025;22055;1
S012;352;39;22815;22825;0
S012;352;6;22825;22830;0
S012;352;5;22830;22835;0
S012;352;4;22835;22840;0
S012;352;3;22840;22845;0
S012;352;2;22845;22850;0
S012;352;1;22850;22870;0
S012;353;0;22200;22200;1
S012;353;1;22285;22305;1
S012;353;2;22305;22310;1
S012;353;3;22310;22315;1
S012;353;4;22315;22320;1
S012;353;5;22320;22325;1
S012;353;33;22325;22355;1
S012;353;33;23835;23845;0
S012;353;5;23845;23850;0
S012;353;4;23850;23855;0
S012;353;3;23855;23860;0
S012;353;2;23860;23865;0
S012;353;1;23865;23885;0
S012;354;0;22250;22250;1
S012;354;1;23060;23080;1
S012;354;2;23080;23085;1
S012;354;3;23085;23090;1
S012;354;4;23090;23095;1
S012;354;5;23095;23100;1
S012;354;6;23100;23105;1
S012;354;7;23105;23110;1
S012;354;8;23110;23115;1
S012;354;9;23115;23120;1
S012;354;10;23120;23125;1
S012;354;53;23125;23135;1
S012;354;53;25205;25235;0
S012;354;10;25235;25240;0
S012;354;9;25240;25245;0
S012;354;8;25245;25250;0
S012;354;7;25250;25255;0
S012;354;6;25255;25260;0
S012;354;5;25260;25265;0
S012;354;4;25265;25270;0
S012;354;3;25270;25275;0
S012;354;2;25275;25280;0
S012;354;1;25280;25300;0
S012;355;0;22295;22295;1
S012;355;1;22295;22315;1
S012;355;84;22315;22345;1
S012;355;84;29675;29685;0
S012;355;1;29685;29705;0
S012;356;0;22355;22355;1
S012;356;1;22375;22395;1
S012;356;2;22395;22400;1
S012;356;3;22400;22405;1
S012;356;4;22405;22410;1
S012;356;5;22410;22415;1
S012;356;6;22415;22420;1
S012;356;7;22420;22425;1
S012;356;8;22425;22430;1
S012;356;9;22430;22435;1
S012;356;10;22435;22440;1
S012;356;11;22440;22445;1
S012;356;12;22445;22450;1
S012;356;66;22450;22480;1
S012;356;66;22830;22840;0
S012;356;12;22840;22845;0
S012;356;11;22845;22850;0
S012;356;10;22850;22855;0
S012;356;9;22855;22860;0
S012;356;8;22860;22865;0
S012;356;7;22865;22870;0
S012;356;6;22870;22875;0
S012;356;5;22875;22880;0
S012;356;4;22880;22885;0
S012;356;3;22885;22890;0
S012;356;2;22890;22895;0
S012;356;1;22895;22915;0
S012;357;0;22600;22600;1
S012;357;1;27365;27385;1
S012;357;2;27385;27390;1
S012;357;3;27390;27395;1
S012;357;4;27395;27400;1
S012;357;5;27400;27405;1
S012;357;6;27405;27410;1
S012;357;7;27410;27415;1
S012;357;8;27415;27420;1
S012;357;9;27420;27425;1
S012;357;10;27425;27430;1
S012;357;52;27430;27440;1
S012;357;52;29635;29665;0
S012;357;10;29665;29670;0
S012;357;9;29670;29675;0
S012;357;8;29675;29680;0
S012;357;7;29680;29685;0
S012;357;6;29685;29690;0
S012;357;5;29690;29695;0
S012;357;4;29695;29700;0
S012;357;3;29700;29705;0
S012;357;2;29705;29710;0
S012;357;1;29710;29730;0
S012;358;0;22650;22650;1
S012;358;1;29560;29580;1
S012;358;2;29580;29585;1
S012;358;3;29585;29590;1
S012;358;4;29590;29595;1
S012;358;5;29595;29600;1
S012;358;6;29600;29605;1
S012;358;7;29605;29610;1
S012;358;8;29610;29615;1
S012;358;9;29615;29620;1
S012;358;50;29620;29650;1
S012;359;0;22680;22680;1
S012;359;1;22705;22725;1
S012;359;2;22725;22730;1
S012;359;3;22730;22735;1
S012;359;4;22735;22740;1
S012;359;5;22740;22745;1
S012;359;31;22745;22775;1
S012;359;31;23635;23645;0
S012;359;5;23645;23650;0
S012;359;4;23650;23655;0
S012;359;3;23655;23660;0
S012;359;2;23660;23665;0
S012;359;1;23665;23685;0
S012;360;0;22695;22695;1
S012;360;1;22750;22770;1
S012;360;2;22770;22775;1
S012;360;3;22775;22780;1
S012;360;4;22780;22785;1
S012;360;5;22785;22790;1
S012;360;6;22790;22795;1
S012;360;7;22795;22800;1
S012;360;8;22800;22805;1
S012;360;9;22805;22810;1
S012;360;10;22810;22815;1
S012;360;11;22815;22820;1
S012;360;12;22820;22825;1
S012;360;66;22825;22835;1
S012;360;66;24155;24185;0
S012;360;12;24185;24190;0
S012;360;11;24190;24195;0
S012;360;10;24195;24200;0
S012;360;9;24200;24205;0
S012;360;8;24205;24210;0
S012;360;7;24210;24215;0
S012;360;6;24215;24220;0
S012;360;5;24220;24225;0
S012;360;4;24225;24230;0
S012;360;3;24230;24235;0
S012;360;2;24235;24240;0
S012;360;1;24240;24260;0
S012;361;0;22710;22710;1
S012;361;1;22740;22760;1
S012;361;2;22760;22765;1
S012;361;3;22765;22770;1
S012;361;4;22770;22775;1
S012;361;5;22775;22780;1
S012;361;6;22780;22785;1
S012;361;7;22785;22790;1
S012;361;8;22790;22795;1
S012;361;9;22795;22800;1
S012;361;10;22800;22805;1
S012;361;11;22805;22810;1
S012;361;12;22810;22815;1
S012;361;64;22815;22825;1
S012;361;64;24540;24570;0
S012;361;12;24570;24575;0
S012;361;11;24575;24580;0
S012;361;10;24580;24585;0
S012;361;9;24585;24590;0
S012;361;8;24590;24595;0
S012;361;7;24595;24600;0
S012;361;6;24600;24605;0
S012;361;5;24605;24610;0
S012;361;4;24610;24615;0
S012;361;3;24615;24620;0
S012;361;2;24620;24625;0
S012;361;1;24625;24645;0
S012;362;0;22780;22780;1
S012;362;1;22780;22800;1
S012;362;85;22800;22830;1
S012;362;85;23090;23100;0
S012;362;1;23100;23120;0
S012;364;0;23160;23160;1
S012;364;1;24310;24330;1
S012;364;2;24330;24335;1
S012;364;3;24335;24340;1
S012;364;4;24340;24345;1
S012;364;5;24345;24350;1
S012;364;6;24350;24355;1
S012;364;7;24355;24360;1
S012;364;8;24360;24365;1
S012;364;9;24365;24370;1
S012;364;10;24370;24375;1
S012;364;11;24375;24380;1
S012;364;12;24380;24385;1
S012;364;13;24385;24390;1
S012;364;69;24390;24400;1
S012;364;69;28260;28290;0
S012;364;13;28290;28295;0
S012;364;12;28295;28300;0
S012;364;11;28300;28305;0
S012;364;10;28305;28310;0
S012;364;9;28310;28315;0
S012;364;8;28315;28320;0
S012;364;7;28320;28325;0
S012;364;6;28325;28330;0
S012;364;5;28330;28335;0
S012;364;4;28335;28340;0
S012;364;3;28340;28345;0
S012;364;2;28345;28350;0
S012;364;1;28350;28370;0
S012;365;0;23175;23175;1
S012;365;1;23175;23195;1
S012;365;2;23195;23200;1
S012;365;3;23200;23205;1
S012;365;4;23205;23210;1
S012;365;5;23210;23215;1
S012;365;34;23215;23225;1
S012;365;34;24920;24950;0
S012;365;5;24950;24955;0
S012;365;4;24955;24960;0
S012;365;3;24960;24965;0
S012;365;2;24965;24970;0
S012;365;1;24970;24990;0
S012;366;0;23190;23190;1
S012;366;1;23205;23225;1
S012;366;2;23225;23230;1
S012;366;3;23230;23235;1
S012;366;4;23235;23240;1
S012;366;5;23240;23245;1
S012;366;6;23245;23250;1
S012;366;7;23250;23255;1
S012;366;46;23255;23285;1
S012;366;46;24705;24715;0
S012;366;7;24715;24720;0
S012;366;6;24720;24725;0
S012;366;5;24725;24730;0
S012;366;4;24730;24735;0
S012;366;3;24735;24740;0
S012;366;2;24740;24745;0
S012;366;1;24745;24765;0
S012;367;0;23200;23200;1
S012;367;1;23200;23220;1
S012;367;2;23220;23225;1
S012;367;3;23225;23230;1
S012;367;4;23230;23235;1
S012;367;5;23235;23240;1
S012;367;6;23240;23245;1
S012;367;7;23245;23250;1
S012;367;8;23250;23255;1
S012;367;9;23255;23260;1
S012;367;10;23260;23265;1
S012;367;52;23265;23275;1
S012;367;52;24130;24160;0
S012;367;10;24160;24165;0
S012;367;9;24165;24170;0
S012;367;8;24170;24175;0
S012;367;7;24175;24180;0
S012;367;6;24180;24185;0
S012;367;5;24185;24190;0
S012;367;4;24190;24195;0
S012;367;3;24195;24200;0
S012;367;2;24200;24205;0
S012;367;1;24205;24225;0
S012;368;0;23430;23430;1
S012;368;1;23440;23460;1
S012;368;2;23460;23465;1
S012;368;3;23465;23470;1
S012;368;4;23470;23475;1
S012;368;5;23475;23480;1
S012;368;6;23480;23485;1
S012;368;41;23485;23515;1
S012;368;41;24180;24210;0
S012;368;6;24210;24215;0
S012;368;5;24215;24220;0
S012;368;4;24220;24225;0
S012;368;3;24225;24230;0
S012;368;2;24230;24235;0
S012;368;1;24235;24255;0
S012;369;0;23490;23490;1
S012;369;1;23490;23510;1
S012;369;2;23510;23515;1
S012;369;3;23515;23520;1
S012;369;4;23520;23525;1
S012;369;5;23525;23530;1
S012;369;6;23530;23535;1
S012;369;38;23535;23565;1
S012;369;38;23880;23890;0
S012;369;6;23890;23895;0
S012;369;5;23895;23900;0
S012;369;4;23900;23905;0
S012;369;3;23905;23910;0
S012;369;2;23910;23915;0
S012;369;1;23915;23935;0
S012;370;0;23490;23490;1
S012;370;1;23520;23540;1
S012;370;2;23540;23545;1
S012;370;3;23545;23550;1
S012;370;4;23550;23555;1
S012;370;5;23555;23560;1
S012;370;6;23560;23565;1
S012;370;40;23565;23595;1
S012;370;40;24145;24175;0
S012;370;6;24175;24180;0
S012;370;5;24180;24185;0
S012;370;4;24185;24190;0
S012;370;3;24190;24195;0
S012;370;2;24195;24200;0
S012;370;1;24200;24220;0
S012;371;0;23505;23505;1
S012;371;1;24065;24085;1
S012;371;2;24085;24090;1
S012;371;3;24090;24095;1
S012;371;4;24095;24100;1
S012;371;5;24100;24105;1
S012;371;6;24105;24110;1
S012;371;7;24110;24115;1
S012;371;8;24115;24120;1
S012;371;9;24120;24125;1
S012;371;10;24125;24130;1
S012;371;11;24130;24135;1
S012;371;12;24135;24140;1
S012;371;66;24140;24170;1
S012;371;66;26065;26075;0
S012;371;12;26075;26080;0
S012;371;11;26080;26085;0
S012;371;10;26085;26090;0
S012;371;9;26090;26095;0
S012;371;8;26095;26100;0
S012;371;7;26100;26105;0
S012;371;6;26105;26110;0
S012;371;5;26110;26115;0
S012;371;4;26115;26120;0
S012;371;3;26120;26125;0
S012;371;2;26125;26130;0
S012;371;1;26130;26150;0
S012;372;0;23535;23535;1
S012;372;1;23550;23570;1
S012;372;2;23570;23575;1
S012;372;3;23575;23580;1
S012;372;4;23580;23585;1
S012;372;5;23585;23590;1
S012;372;6;23590;23595;1
S012;372;7;23595;23600;1
S012;372;8;23600;23605;1
S012;372;9;23605;23610;1
S012;372;10;23610;23615;1
S012;372;11;23615;23620;1
S012;372;12;23620;23625;1
S012;372;13;23625;23630;1
S012;372;67;23630;23660;1
S012;372;67;24870;24880;0
S012;372;13;24880;24885;0
S012;372;12;24885;24890;0
S012;372;11;24890;24895;0
S012;372;10;24895;24900;0
S012;372;9;24900;24905;0
S012;372;8;24905;24910;0
S012;372;7;24910;24915;0
S012;372;6;24915;24920;0
S012;372;5;24920;24925;0
S012;372;4;24925;24930;0
S012;372;3;24930;24935;0
S012;372;2;24935;24940;0
S012;372;1;24940;24960;0
S012;373;0;23635;23635;1
S012;373;1;25920;25940;1
S012;373;2;25940;25945;1
S012;373;3;25945;25950;1
S012;373;4;25950;25955;1
S012;373;5;25955;25960;1
S012;373;33;25960;25970;1
S012;373;33;26495;26525;0
S012;373;5;26525;26530;0
S012;373;4;26530;26535;0
S012;373;3;26535;26540;0
S012;373;2;26540;26545;0
S012;373;1;26545;26565;0
S012;374;0;23640;23640;1
S012;374;1;23760;23780;1
S012;374;2;23780;23785;1
S012;374;3;23785;23790;1
S012;374;4;23790;23795;1
S012;374;5;23795;23800;1
S012;374;35;23800;23810;1
S012;374;35;25260;25290;0
S012;374;5;25290;25295;0
S012;374;4;25295;25300;0
S012;374;3;25300;25305;0
S012;374;2;25305;25310;0
S012;374;1;25310;25330;0
S012;375;0;23765;23765;1
S012;375;1;23800;23820;1
S012;375;2;23820;23825;1
S012;375;3;23825;23830;1
S012;375;4;23830;23835;1
S012;375;5;23835;23840;1
S012;375;6;23840;23845;1
S012;375;39;23845;23875;1
S012;375;39;24215;24225;0
S012;375;6;24225;24230;0
S012;375;5;24230;24235;0
S012;375;4;24235;24240;0
S012;375;3;24240;24245;0
S012;375;2;24245;24250;0
S012;375;1;24250;24270;0
S012;376;0;23935;23935;1
S012;376;1;24480;24500;1
S012;376;2;24500;24505;1
S012;376;3;24505;24510;1
S012;376;4;24510;24515;1
S012;376;5;24515;24520;1
S012;376;33;24520;24530;1
S012;376;33;25225;25255;0
S012;376;5;25255;25260;0
S012;376;4;25260;25265;0
S012;376;3;25265;25270;0
S012;376;2;25270;25275;0
S012;376;1;25275;25295;0
S012;377;0;24060;24060;1
S012;377;1;24060;24080;1
S012;377;2;24080;24085;1
S012;377;3;24085;24090;1
S012;377;4;24090;24095;1
S012;377;5;24095;24100;1
S012;377;6;24100;24105;1
S012;377;7;24105;24110;1
S012;377;8;24110;24115;1
S012;377;9;24115;24120;1
S012;377;10;24120;24125;1
S012;377;11;24125;24130;1
S012;377;12;24130;24135;1
S012;377;13;24135;24140;1
S012;377;14;24140;24145;1
S012;377;15;24145;24150;1
S012;377;16;24150;24165;1
S012;377;74;24165;24205;1
S012;377;74;28685;28695;0
S012;377;16;28695;28710;0
S012;377;15;28710;28715;0
S012;377;14;28715;28720;0
S012;377;13;28720;28725;0
S012;377;12;28725;28730;0
S012;377;11;28730;28735;0
S012;377;10;28735;28740;0
S012;377;9;28740;28745;0
S012;377;8;28745;28750;0
S012;377;7;28750;28755;0
S012;377;6;28755;28760;0
S012;377;5;28760;28765;0
S012;377;4;28765;28770;0
S012;377;3;28770;28775;0
S012;377;2;28775;28780;0
S012;377;1;28780;28800;0
S012;378;0;24120;24120;1
S012;378;1;24120;24140;1
S012;378;2;24140;24145;1
S012;378;3;24145;24150;1
S012;378;4;24150;24155;1
S012;378;5;24155;24160;1
S012;378;36;24160;24170;1
S012;378;36;25590;25620;0
S012;378;5;25620;25625;0
S012;378;4;25625;25630;0
S012;378;3;25630;25635;0
S012;378;2;25635;25640;0
S012;378;1;25640;25660;0
S012;379;0;24155;24155;1
S012;379;1;24280;24300;1
S012;379;2;24300;24305;1
S012;379;3;24305;24310;1
S012;379;4;24310;24315;1
S012;379;5;24315;24320;1
S012;379;28;24320;24350;1
S012;379;28;26840;26850;0
S012;379;5;26850;26855;0
S012;379;4;26855;26860;0
S012;379;3;26860;26865;0
S012;379;2;26865;26870;0
S012;379;1;26870;26890;0
S012;380;0;24265;24265;1
S012;380;1;24320;24340;1
S012;380;2;24340;24345;1
S012;380;3;24345;24350;1
S012;380;4;24350;24355;1
S012;380;5;24355;24360;1
S012;380;6;24360;24365;1
S012;380;7;24365;24370;1
S012;380;8;24370;24375;1
S012;380;9;24375;24380;1
S012;380;51;24380;24410;1
S012;381;0;24360;24360;1
S012;381;1;24495;24515;1
S012;381;2;24515;24520;1
S012;381;3;24520;24525;1
S012;381;4;24525;24530;1
S012;381;5;24530;24535;1
S012;381;6;24535;24540;1
S012;381;43;24540;24570;1
S012;381;43;26760;26770;0
S012;381;6;26770;26775;0
S012;381;5;26775;26780;0
S012;381;4;26780;26785;0
S012;381;3;26785;26790;0
S012;381;2;26790;26795;0
S012;381;1;26795;26815;0
S012;382;0;24525;24525;1
S012;382;1;24525;24545;1
S012;382;2;24545;24550;1
S012;382;3;24550;24555;1
S012;382;20;24555;24585;1
S012;382;20;27310;27320;0
S012;382;3;27320;27325;0
S012;382;2;27325;27330;0
S012;382;1;27330;27350;0
S012;383;0;24895;24895;1
S012;383;1;29550;29570;1
S012;383;2;29570;29575;1
S012;383;3;29575;29580;1
S012;383;4;29580;29585;1
S012;383;5;29585;29590;1
S012;383;6;29590;29595;1
S012;383;7;29595;29600;1
S012;383;8;29600;29605;1
S012;383;9;29605;29610;1
S012;383;10;29610;29615;1
S012;383;52;29615;29645;1
S012;384;0;25095;25095;1
S012;384;1;25095;25115;1
S012;384;2;25115;25120;1
S012;384;3;25120;25125;1
S012;384;4;25125;25130;1
S012;384;5;25130;25135;1
S012;384;34;25135;25145;1
S012;384;34;25675;25705;0
S012;384;5;25705;25710;0
S012;384;4;25710;25715;0
S012;384;3;25715;25720;0
S012;384;2;25720;25725;0
S012;384;1;25725;25745;0
S012;386;0;25100;25100;1
S012;386;1;28145;28165;1
S012;386;2;28165;28170;1
S012;386;3;28170;28175;1
S012;386;4;28175;28180;1
S012;386;5;28180;28185;1
S012;386;6;28185;28190;1
S012;386;7;28190;28195;1
S012;386;8;28195;28200;1
S012;386;9;28200;28205;1
S012;386;10;28205;28210;1
S012;386;11;28210;28215;1
S012;386;12;28215;28220;1
S012;386;13;28220;28225;1
S012;386;70;28225;28255;1
S012;387;0;25410;25410;1
S012;387;1;28400;28420;1
S012;387;2;28420;28425;1
S012;387;3;28425;28430;1
S012;387;4;28430;28435;1
S012;387;5;28435;28440;1
S012;387;6;28440;28445;1
S012;387;7;28445;28450;1
S012;387;8;28450;28455;1
S012;387;9;28455;28460;1
S012;387;10;28460;28465;1
S012;387;11;28465;28470;1
S012;387;12;28470;28475;1
S012;387;13;28475;28480;1
S012;387;69;28480;28510;1
S012;387;69;30040;30050;0
S012;387;13;30050;30055;0
S012;387;12;30055;30060;0
S012;387;11;30060;30065;0
S012;387;10;30065;30070;0
S012;387;9;30070;30075;0
S012;387;8;30075;30080;0
S012;387;7;30080;30085;0
S012;387;6;30085;30090;0
S012;387;5;30090;30095;0
S012;387;4;30095;30100;0
S012;387;3;30100;30105;0
S012;387;2;30105;30110;0
S012;387;1;30110;30130;0
S012;389;0;25445;25445;1
S012;389;1;25455;25475;1
S012;389;2;25475;25480;1
S012;389;3;25480;25485;1
S012;389;4;25485;25490;1
S012;389;5;25490;25495;1
S012;389;6;25495;25500;1
S012;389;7;25500;25505;1
S012;389;8;25505;25510;1
S012;389;9;25510;25515;1
S012;389;10;25515;25520;1
S012;389;53;25520;25530;1
S012;389;53;26135;26165;0
S012;389;10;26165;26170;0
S012;389;9;26170;26175;0
S012;389;8;26175;26180;0
S012;389;7;26180;26185;0
S012;389;6;26185;26190;0
S012;389;5;26190;26195;0
S012;389;4;26195;26200;0
S012;389;3;26200;26205;0
S012;389;2;26205;26210;0
S012;389;1;26210;26230;0
S012;390;0;25525;25525;1
S012;390;1;25525;25545;1
S012;390;2;25545;25550;1
S012;390;3;25550;25555;1
S012;390;4;25555;25560;1
S012;390;5;25560;25565;1
S012;390;6;25565;25570;1
S012;390;7;25570;25575;1
S012;390;8;25575;25580;1
S012;390;9;25580;25585;1
S012;390;10;25585;25590;1
S012;390;11;25590;25595;1
S012;390;12;25595;25600;1
S012;390;13;25600;25605;1
S012;390;68;25605;25615;1
S012;390;68;27495;27525;0
S012;390;13;27525;27530;0
S012;390;12;27530;27535;0
S012;390;11;27535;27540;0
S012;390;10;27540;27545;0
S012;390;9;27545;27550;0
S012;390;8;27550;27555;0
S012;390;7;27555;27560;0
S012;390;6;27560;27565;0
S012;390;5;27565;27570;0
S012;390;4;27570;27575;0
S012;390;3;27575;27580;0
S012;390;2;27580;27585;0
S012;390;1;27585;27605;0
S012;391;0;25560;25560;1
S012;391;1;25560;25580;1
S012;391;2;25580;25585;1
S012;391;3;25585;25590;1
S012;391;18;25590;25620;1
S012;392;0;25660;25660;1
S012;392;1;25750;25770;1
S012;392;2;25770;25775;1
S012;392;3;25775;25780;1
S012;392;4;25780;25785;1
S012;392;5;25785;25790;1
S012;392;6;25790;25795;1
S012;392;7;25795;25800;1
S012;392;8;25800;25805;1
S012;392;9;25805;25810;1
S012;392;50;25810;25840;1
S012;392;50;29450;29460;0
S012;392;9;29460;29465;0
S012;392;8;29465;29470;0
S012;392;7;29470;29475;0
S012;392;6;29475;29480;0
S012;392;5;29480;29485;0
S012;392;4;29485;29490;0
S012;392;3;29490;29495;0
S012;392;2;29495;29500;0
S012;392;1;29500;29520;0
S012;393;0;25780;25780;1
S012;393;1;25780;25800;1
S012;393;2;25800;25805;1
S012;393;3;25805;25810;1
S012;393;4;25810;25815;1
S012;393;22;25815;25845;1
S012;394;0;25980;25980;1
S012;394;1;25980;26000;1
S012;394;2;26000;26005;1
S012;394;3;26005;26010;1
S012;394;4;26010;26015;1
S012;394;5;26015;26020;1
S012;394;6;26020;26025;1
S012;394;7;26025;26030;1
S012;394;8;26030;26035;1
S012;394;9;26035;26040;1
S012;394;10;26040;26045;1
S012;394;11;26045;26050;1
S012;394;12;26050;26055;1
S012;394;66;26055;26085;1
S012;394;66;27590;27600;0
S012;394;12;27600;27605;0
S012;394;11;27605;27610;0
S012;394;10;27610;27615;0
S012;394;9;27615;27620;0
S012;394;8;27620;27625;0
S012;394;7;27625;27630;0
S012;394;6;27630;27635;0
S012;394;5;27635;27640;0
S012;394;4;27640;27645;0
S012;394;3;27645;27650;0
S012;394;2;27650;27655;0
S012;394;1;27655;27675;0
S012;396;0;26355;26355;1
S012;396;1;26355;26375;1
S012;396;2;26375;26380;1
S012;396;3;26380;26385;1
S012;396;4;26385;26390;1
S012;396;5;26390;26395;1
S012;396;35;26395;26405;1
S012;396;35;27285;27315;0
S012;396;5;27315;27320;0
S012;396;4;27320;27325;0
S012;396;3;27325;27330;0
S012;396;2;27330;27335;0
S012;396;1;27335;27355;0
S012;397;0;26630;26630;1
S012;397;1;29380;29400;1
S012;397;2;29400;29405;1
S012;397;3;29405;29410;1
S012;397;4;29410;29415;1
S012;397;5;29415;29420;1
S012;397;6;29420;29425;1
S012;397;7;29425;29430;1
S012;397;8;29430;29435;1
S012;397;9;29435;29440;1
S012;397;10;29440;29445;1
S012;397;53;29445;29455;1
S012;398;0;26670;26670;1
S012;398;1;27370;27390;1
S012;398;2;27390;27395;1
S012;398;3;27395;27400;1
S012;398;4;27400;27405;1
S012;398;5;27405;27410;1
S012;398;33;27410;27440;1
S012;398;33;27785;27795;0
S012;398;5;27795;27800;0
S012;398;4;27800;27805;0
S012;398;3;27805;27810;0
S012;398;2;27810;27815;0
S012;398;1;27815;27835;0
S012;399;0;26760;26760;1
S012;399;1;27680;27700;1
S012;399;2;27700;27705;1
S012;399;3;27705;27710;1
S012;399;4;27710;27715;1
S012;399;5;27715;27720;1
S012;399;6;27720;27725;1
S012;399;7;27725;27730;1
S012;399;8;27730;27735;1
S012;399;9;27735;27740;1
S012;399;10;27740;27745;1
S012;399;11;27745;27750;1
S012;399;12;27750;27755;1
S012;399;13;27755;27760;1
S012;399;68;27760;27770;1
S012;400;0;26840;26840;1
S012;400;1;27360;27380;1
S012;400;2;27380;27385;1
S012;400;3;27385;27390;1
S012;400;4;27390;27395;1
S012;400;5;27395;27400;1
S012;400;6;27400;27405;1
S012;400;7;27405;27410;1
S012;400;8;27410;27415;1
S012;400;9;27415;27420;1
S012;400;10;27420;27425;1
S012;400;11;27425;27430;1
S012;400;12;27430;27435;1
S012;400;13;27435;27440;1
S012;400;14;27440;27445;1
S012;400;15;27445;27450;1
S012;400;16;27450;27465;1
S012;400;73;27465;27505;1
S012;403;0;26970;26970;1
S012;403;1;26970;26990;1
S012;403;2;26990;26995;1
S012;403;3;26995;27000;1
S012;403;4;27000;27005;1
S012;403;5;27005;27010;1
S012;403;6;27010;27015;1
S012;403;7;27015;27020;1
S012;403;8;27020;27025;1
S012;403;9;27025;27030;1
S012;403;10;27030;27035;1
S012;403;11;27035;27040;1
S012;403;61;27040;27070;1
S012;404;0;27160;27160;1
S012;404;1;27270;27290;1
S012;404;2;27290;27295;1
S012;404;3;27295;27300;1
S012;404;4;27300;27305;1
S012;404;5;27305;27310;1
S012;404;6;27310;27315;1
S012;404;7;27315;27320;1
S012;404;8;27320;27325;1
S012;404;9;27325;27330;1
S012;404;10;27330;27335;1
S012;404;11;27335;27340;1
S012;404;62;27340;27350;1
S012;404;62;29635;29665;0
S012;404;11;29665;29670;0
S012;404;10;29670;29675;0
S012;404;9;29675;29680;0
S012;404;8;29680;29685;0
S012;404;7;29685;29690;0
S012;404;6;29690;29695;0
S012;404;5;29695;29700;0
S012;404;4;29700;29705;0
S012;404;3;29705;29710;0
S012;404;2;29710;29715;0
S012;404;1;29715;29735;0
S012;405;0;27180;27180;1
S012;405;1;27205;27225;1
S012;405;2;27225;27230;1
S012;405;3;27230;27235;1
S012;405;4;27235;27240;1
S012;405;5;27240;27245;1
S012;405;6;27245;27250;1
S012;405;7;27250;27255;1
S012;405;8;27255;27260;1
S012;405;9;27260;27265;1
S012;405;10;27265;27270;1
S012;405;11;27270;27275;1
S012;405;88;27275;27305;1
S012;406;0;27390;27390;1
S012;406;1;27405;27425;1
S012;406;2;27425;27430;1
S012;406;3;27430;27435;1
S012;406;4;27435;27440;1
S012;406;5;27440;27445;1
S012;406;6;27445;27450;1
S012;406;7;27450;27455;1
S012;406;8;27455;27460;1
S012;406;9;27460;27465;1
S012;406;10;27465;27470;1
S012;406;11;27470;27475;1
S012;406;12;27475;27480;1
S012;406;65;27480;27490;1
S012;406;65;29120;29150;0
S012;406;12;29150;29155;0
S012;406;11;29155;29160;0
S012;406;10;29160;29165;0
S012;406;9;29165;29170;0
S012;406;8;29170;29175;0
S012;406;7;29175;29180;0
S012;406;6;29180;29185;0
S012;406;5;29185;29190;0
S012;406;4;29190;29195;0
S012;406;3;29195;29200;0
S012;406;2;29200;29205;0
S012;406;1;29205;29225;0
S012;407;0;27435;27435;1
S012;407;1;27435;27455;1
S012;407;2;27455;27460;1
S012;407;3;27460;27465;1
S012;407;4;27465;27470;1
S012;407;5;27470;27475;1
S012;407;6;27475;27480;1
S012;407;7;27480;27485;1
S012;407;8;27485;27490;1
S012;407;9;27490;27495;1
S012;407;10;27495;27500;1
S012;407;11;27500;27505;1
S012;407;12;27505;27510;1
S012;407;64;27510;27520;1
S012;407;64;29795;29825;0
S012;407;12;29825;29830;0
S012;407;11;29830;29835;0
S012;407;10;29835;29840;0
S012;407;9;29840;29845;0
S012;407;8;29845;29850;0
S012;407;7;29850;29855;0
S012;407;6;29855;29860;0
S012;407;5;29860;29865;0
S012;407;4;29865;29870;0
S012;407;3;29870;29875;0
S012;407;2;29875;29880;0
S012;407;1;29880;29900;0
S012;408;0;27440;27440;1
S012;408;1;27440;27460;1
S012;408;2;27460;27465;1
S012;408;3;27465;27470;1
S012;408;4;27470;27475;1
S012;408;5;27475;27480;1
S012;408;6;27480;27485;1
S012;408;7;27485;27490;1
S012;408;8;27490;27495;1
S012;408;9;27495;27500;1
S012;408;10;27500;27505;1
S012;408;11;27505;27510;1
S012;408;56;27510;27520;1
S012;410;0;27600;27600;1
S012;410;1;27690;27710;1
S012;410;2;27710;27715;1
S012;410;3;27715;27720;1
S012;410;4;27720;27725;1
S012;410;5;27725;27730;1
S012;410;6;27730;27735;1
S012;410;7;27735;27740;1
S012;410;8;27740;27745;1
S012;410;9;27745;27750;1
S012;410;10;27750;27755;1
S012;410;11;27755;27760;1
S012;410;12;27760;27765;1
S012;410;66;27765;27795;1
S012;410;66;29825;29835;0
S012;410;12;29835;29840;0
S012;410;11;29840;29845;0
S012;410;10;29845;29850;0
S012;410;9;29850;29855;0
S012;410;8;29855;29860;0
S012;410;7;29860;29865;0
S012;410;6;29865;29870;0
S012;410;5;29870;29875;0
S012;410;4;29875;29880;0
S012;410;3;29880;29885;0
S012;410;2;29885;29890;0
S012;410;1;29890;29910;0
S012;411;0;27620;27620;1
S012;411;1;27695;27715;1
S012;411;2;27715;27720;1
S012;411;3;27720;27725;1
S012;411;4;27725;27730;1
S012;411;5;27730;27735;1
S012;411;31;27735;27765;1
S012;412;0;27720;27720;1
S012;412;1;27725;27745;1
S012;412;2;27745;27750;1
S012;412;3;27750;27755;1
S012;412;4;27755;27760;1
S012;412;5;27760;27765;1
S012;412;6;27765;27770;1
S012;412;7;27770;27775;1
S012;412;8;27775;27780;1
S012;412;9;27780;27785;1
S012;412;10;27785;27790;1
S012;412;53;27790;27800;1
S012;412;53;29450;29480;0
S012;412;10;29480;29485;0
S012;412;9;29485;29490;0
S012;412;8;29490;29495;0
S012;412;7;29495;29500;0
S012;412;6;29500;29505;0
S012;412;5;29505;29510;0
S012;412;4;29510;29515;0
S012;412;3;29515;29520;0
S012;412;2;29520;29525;0
S012;412;1;29525;29545;0
S012;413;0;27845;27845;1
S012;413;1;27850;27870;1
S012;413;2;27870;27875;1
S012;413;3;27875;27880;1
S012;413;20;27880;27910;1
S012;414;0;27870;27870;1
S012;414;1;29020;29040;1
S012;414;2;29040;29045;1
S012;414;3;29045;29050;1
S012;414;4;29050;29055;1
S012;414;5;29055;29060;1
S012;414;6;29060;29065;1
S012;414;7;29065;29070;1
S012;414;8;29070;29075;1
S012;414;9;29075;29080;1
S012;414;10;29080;29085;1
S012;414;11;29085;29090;1
S012;414;12;29090;29095;1
S012;414;65;29095;29125;1
S012;415;0;27910;27910;1
S012;415;1;27910;27930;1
S012;415;2;27930;27935;1
S012;415;3;27935;27940;1
S012;415;4;27940;27945;1
S012;415;5;27945;27950;1
S012;415;6;27950;27955;1
S012;415;7;27955;27960;1
S012;415;8;27960;27965;1
S012;415;9;27965;27970;1
S012;415;10;27970;27975;1
S012;415;11;27975;27980;1
S012;415;60;27980;27990;1
S012;415;60;30070;30100;0
S012;415;11;30100;30105;0
S012;415;10;30105;30110;0
S012;415;9;30110;30115;0
S012;415;8;30115;30120;0
S012;415;7;30120;30125;0
S012;415;6;30125;30130;0
S012;415;5;30130;30135;0
S012;415;4;30135;30140;0
S012;415;3;30140;30145;0
S012;415;2;30145;30150;0
S012;415;1;30150;30170;0
S012;417;0;28110;28110;1
S012;417;1;28155;28175;1
S012;417;2;28175;28180;1
S012;417;3;28180;28185;1
S012;417;4;28185;28190;1
S012;417;5;28190;28195;1
S012;417;36;28195;28205;1
S012;417;36;28890;28920;0
S012;417;5;28920;28925;0
S012;417;4;28925;28930;0
S012;417;3;28930;28935;0
S012;417;2;28935;28940;0
S012;417;1;28940;28960;0
S012;418;0;28245;28245;1
S012;418;1;28245;28265;1
S012;418;2;28265;28270;1
S012;418;3;28270;28275;1
S012;418;4;28275;28280;1
S012;418;5;28280;28285;1
S012;418;29;28285;28295;1
S012;420;0;28380;28380;1
S012;420;1;28380;28400;1
S012;420;2;28400;28405;1
S012;420;3;28405;28410;1
S012;420;4;28410;28415;1
S012;420;5;28415;28420;1
S012;420;34;28420;28430;1
S012;420;34;29395;29425;0
S012;420;5;29425;29430;0
S012;420;4;29430;29435;0
S012;420;3;29435;29440;0
S012;420;2;29440;29445;0
S012;420;1;29445;29465;0
S012;422;0;28615;28615;1
S012;422;1;28615;28635;1
S012;422;83;28635;28665;1
S012;423;0;28675;28675;1
S012;423;1;28675;28695;1
S012;423;2;28695;28700;1
S012;423;3;28700;28705;1
S012;423;19;28705;28735;1
S012;424;0;28830;28830;1
S012;424;1;28830;28850;1
S012;424;2;28850;28855;1
S012;424;3;28855;28860;1
S012;424;4;28860;28865;1
S012;424;5;28865;28870;1
S012;424;33;28870;28880;1
S012;424;33;30010;30040;0
S012;424;5;30040;30045;0
S012;424;4;30045;30050;0
S012;424;3;30050;30055;0
S012;424;2;30055;30060;0
S012;424;1;30060;30080;0
S012;425;0;29020;29020;1
S012;425;1;29740;29760;1
S012;425;2;29760;29765;1
S012;425;3;29765;29770;1
S012;425;4;29770;29775;1
S012;425;5;29775;29780;1
S012;425;6;29780;29785;1
S012;425;7;29785;29790;1
S012;425;8;29790;29795;1
S012;425;9;29795;29800;1
S012;425;10;29800;29805;1
S012;425;11;29805;29810;1
S012;425;62;29810;29820;1
S012;426;0;29085;29085;1
S012;426;1;29230;29250;1
S012;426;2;29250;29255;1
S012;426;3;29255;29260;1
S012;426;4;29260;29265;1
S012;426;5;29265;29270;1
S012;426;6;29270;29275;1
S012;426;7;29275;29280;1
S012;426;8;29280;29285;1
S012;426;9;29285;29290;1
S012;426;10;29290;29295;1
S012;426;11;29295;29300;1
S012;426;12;29300;29305;1
S012;426;13;29305;29310;1
S012;426;67;29310;29320;1
S012;428;0;29115;29115;1
S012;428;1;29235;29255;1
S012;428;2;29255;29260;1
S012;428;3;29260;29265;1
S012;428;4;29265;29270;1
S012;428;5;29270;29275;1
S012;428;28;29275;29305;1
S012;432;0;29660;29660;1
S012;432;1;29750;29770;1
S012;432;2;29770;29775;1
S012;432;3;29775;29780;1
S012;432;4;29780;29785;1
S012;432;5;29785;29790;1
S012;432;6;29790;29795;1
S012;432;7;29795;29800;1
S012;432;45;29800;29830;1
S012;434;0;29760;29760;1
S012;434;1;29760;29780;1
S012;434;2;29780;29785;1
S012;434;3;29785;29790;1
S012;434;4;29790;29795;1
S012;434;5;29795;29800;1
S012;434;34;29800;29810;1
S012;24;0;-10680;-10680;1
S012;24;1;;;1
S012;24;2;;;1
S012;24;3;;;1
S012;24;4;;;1
S012;24;5;;;1
S012;24;6;;;1
S012;24;7;;;1
S012;24;45;;;1
S012;24;45;2140;2150;0
S012;24;7;2150;2155;0
S012;24;6;2155;2160;0
S012;24;5;2160;2165;0
S012;24;4;2165;2170;0
S012;24;3;2170;2175;0
S012;24;2;2175;2180;0
S012;24;1;2180;2200;0
S012;30;0;-9900;-9900;1
S012;30;1;;;1
S012;30;2;;;1
S012;30;3;;;1
S012;30;4;;;1
S012;30;5;;;1
S012;30;30;;;1
S012;30;30;1160;1170;0
S012;30;5;1170;1175;0
S012;30;4;1175;1180;0
S012;30;3;1180;1185;0
S012;30;2;1185;1190;0
S012;30;1;1190;1210;0
S012;38;0;-9380;-9380;1
S012;38;1;;;1
S012;38;2;;;1
S012;38;3;;;1
S012;38;4;;;1
S012;38;5;;;1
S012;38;6;;;1
S012;38;40;;;1
S012;38;40;740;750;0
S012;38;6;750;755;0
S012;38;5;755;760;0
S012;38;4;760;765;0
S012;38;3;765;770;0
S012;38;2;770;775;0
S012;38;1;775;795;0
S012;76;0;-5250;-5250;1
S012;76;1;;;1
S012;76;2;;;1
S012;76;3;;;1
S012;76;4;;;1
S012;76;5;;;1
S012;76;6;;;1
S012;76;7;;;1
S012;76;8;;;1
S012;76;9;;;1
S012;76;50;;;1
S012;76;50;920;930;0
S012;76;9;930;935;0
S012;76;8;935;940;0
S012;76;7;940;945;0
S012;76;6;945;950;0
S012;76;5;950;955;0
S012;76;4;955;960;0
S012;76;3;960;965;0
S012;76;2;965;970;0
S012;76;1;970;990;0
S012;77;0;-5190;-5190;1
S012;77;1;;;1
S012;77;2;;;1
S012;77;3;;;1
S012;77;4;;;1
S012;77;5;;;1
S012;77;6;;;1
S012;77;7;;;1
S012;77;8;;;1
S012;77;9;;;1
S012;77;10;;;1
S012;77;11;;;1
S012;77;88;;;1
S012;77;88;1950;1980;0
S012;77;11;1980;1985;0
S012;77;10;1985;1990;0
S012;77;9;1990;1995;0
S012;77;8;1995;2000;0
S012;77;7;2000;2005;0
S012;77;6;2005;2010;0
S012;77;5;2010;2015;0
S012;77;4;2015;2020;0
S012;77;3;2020;2025;0
S012;77;2;2025;2030;0
S012;77;1;2030;2050;0
S012;80;0;-5040;-5040;1
S012;80;1;;;1
S012;80;2;;;1
S012;80;3;;;1
S012;80;4;;;1
S012;80;5;;;1
S012;80;6;;;1
S012;80;7;;;1
S012;80;8;;;1
S012;80;9;;;1
S012;80;10;;;1
S012;80;11;;;1
S012;80;62;;;1
S012;80;62;920;950;0
S012;80;11;950;955;0
S012;80;10;955;960;0
S012;80;9;960;965;0
S012;80;8;965;970;0
S012;80;7;970;975;0
S012;80;6;975;980;0
S012;80;5;980;985;0
S012;80;4;985;990;0
S012;80;3;990;995;0
S012;80;2;995;1000;0
S012;80;1;1000;1020;0
S012;87;0;-4480;-4480;1
S012;87;1;;;1
S012;87;2;;;1
S012;87;3;;;1
S012;87;4;;;1
S012;87;5;;;1
S012;87;33;;;1
S012;87;33;530;560;0
S012;87;5;560;565;0
S012;87;4;565;570;0
S012;87;3;570;575;0
S012;87;2;575;580;0
S012;87;1;580;600;0
S012;92;0;-4140;-4140;1
S012;92;1;;;1
S012;92;2;;;1
S012;92;3;;;1
S012;92;4;;;1
S012;92;5;;;1
S012;92;6;;;1
S012;92;7;;;1
S012;92;8;;;1
S012;92;9;;;1
S012;92;10;;;1
S012;92;53;;;1
S012;92;53;2025;2055;0
S012;92;10;2055;2060;0
S012;92;9;2060;2065;0
S012;92;8;2065;2070;0
S012;92;7;2070;2075;0
S012;92;6;2075;2080;0
S012;92;5;2080;2085;0
S012;92;4;2085;2090;0
S012;92;3;2090;2095;0
S012;92;2;2095;2100;0
S012;92;1;2100;2120;0
S012;98;0;-3115;-3115;1
S012;98;1;;;1
S012;98;2;;;1
S012;98;3;;;1
S012;98;4;;;1
S012;98;5;;;1
S012;98;6;;;1
S012;98;7;;;1
S012;98;8;;;1
S012;98;9;;;1
S012;98;10;;;1
S012;98;11;;;1
S012;98;61;;;1
S012;98;61;1145;1175;0
S012;98;11;1175;1180;0
S012;98;10;1180;1185;0
S012;98;9;1185;1190;0
S012;98;8;1190;1195;0
S012;98;7;1195;1200;0
S012;98;6;1200;1205;0
S012;98;5;1205;1210;0
S012;98;4;1210;1215;0
S012;98;3;1215;1220;0
S012;98;2;1220;1225;0
S012;98;1;1225;1245;0
S012;105;0;-2430;-2430;1
S012;105;1;;;1
S012;105;2;;;1
S012;105;3;;;1
S012;105;4;;;1
S012;105;5;;;1
S012;105;6;;;1
S012;105;7;;;1
S012;105;8;;;1
S012;105;9;;;1
S012;105;10;;;1
S012;105;11;;;1
S012;105;54;;;1
S012;105;54;250;280;0
S012;105;11;280;285;0
S012;105;10;285;290;0
S012;105;9;290;295;0
S012;105;8;295;300;0
S012;105;7;300;305;0
S012;105;6;305;310;0
S012;105;5;310;315;0
S012;105;4;315;320;0
S012;105;3;320;325;0
S012;105;2;325;330;0
S012;105;1;330;350;0
S012;106;0;-2415;-2415;1
S012;106;1;;;1
S012;106;2;;;1
S012;106;3;;;1
S012;106;4;;;1
S012;106;5;;;1
S012;106;6;;;1
S012;106;7;;;1
S012;106;8;;;1
S012;106;49;;;1
S012;106;49;6685;6695;0
S012;106;8;6695;6700;0
S012;106;7;6700;6705;0
S012;106;6;6705;6710;0
S012;106;5;6710;6715;0
S012;106;4;6715;6720;0
S012;106;3;6720;6725;0
S012;106;2;6725;6730;0
S012;106;1;6730;6750;0
S012;108;0;-2280;-2280;1
S012;108;1;;;1
S012;108;2;;;1
S012;108;3;;;1
S012;108;4;;;1
S012;108;5;;;1
S012;108;34;;;1
S012;108;34;720;750;0
S012;108;5;750;755;0
S012;108;4;755;760;0
S012;108;3;760;765;0
S012;108;2;765;770;0
S012;108;1;770;790;0
S012;111;0;-2100;-2100;1
S012;111;1;;;1
S012;111;2;;;1
S012;111;3;;;1
S012;111;4;;;1
S012;111;5;;;1
S012;111;36;;;1
S012;111;36;310;340;0
S012;111;5;340;345;0
S012;111;4;345;350;0
S012;111;3;350;355;0
S012;111;2;355;360;0
S012;111;1;360;380;0
S012;112;0;-2080;-2080;1
S012;112;1;;;1
S012;112;83;;;1
S012;112;83;6595;6605;0
S012;112;1;6605;6625;0
S012;113;0;-1860;-1860;1
S012;113;1;;;1
S012;113;2;;;1
S012;113;3;;;1
S012;113;4;;;1
S012;113;5;;;1
S012;113;6;;;1
S012;113;7;;;1
S012;113;8;;;1
S012;113;9;;;1
S012;113;10;;;1
S012;113;52;;;1
S012;113;52;735;765;0
S012;113;10;765;770;0
S012;113;9;770;775;0
S012;113;8;775;780;0
S012;113;7;780;785;0
S012;113;6;785;790;0
S012;113;5;790;795;0
S012;113;4;795;800;0
S012;113;3;800;805;0
S012;113;2;805;810;0
S012;113;1;810;830;0
S012;117;0;-1435;-1435;1
S012;117;1;;;1
S012;117;2;;;1
S012;117;3;;;1
S012;117;4;;;1
S012;117;5;;;1
S012;117;6;;;1
S012;117;7;;;1
S012;117;8;;;1
S012;117;9;;;1
S012;117;10;;;1
S012;117;11;;;1
S012;117;12;;;1
S012;117;65;;;1
S012;117;65;1525;1555;0
S012;117;12;1555;1560;0
S012;117;11;1560;1565;0
S012;117;10;1565;1570;0
S012;117;9;1570;1575;0
S012;117;8;1575;1580;0
S012;117;7;1580;1585;0
S012;117;6;1585;1590;0
S012;117;5;1590;1595;0
S012;117;4;1595;1600;0
S012;117;3;1600;1605;0
S012;117;2;1605;1610;0
S012;117;1;1610;1630;0
S012;119;0;-1175;-1175;1
S012;119;1;;;1
S012;119;2;;;1
S012;119;3;;;1
S012;119;4;;;1
S012;119;5;;;1
S012;119;6;;;1
S012;119;7;;;1
S012;119;8;;;1
S012;119;9;;;1
S012;119;10;;;1
S012;119;11;;;1
S012;119;60;;;1
S012;119;60;2280;2310;0
S012;119;11;2310;2315;0
S012;119;10;2315;2320;0
S012;119;9;2320;2325;0
S012;119;8;2325;2330;0
S012;119;7;2330;2335;0
S012;119;6;2335;2340;0
S012;119;5;2340;2345;0
S012;119;4;2345;2350;0
S012;119;3;2350;2355;0
S012;119;2;2355;2360;0
S012;119;1;2360;2380;0
S012;121;0;-1110;-1110;1
S012;121;1;;;1
S012;121;2;;;1
S012;121;3;;;1
S012;121;4;;;1
S012;121;5;;;1
S012;121;35;;;1
S012;121;35;95;125;0
S012;121;5;125;130;0
S012;121;4;130;135;0
S012;121;3;135;140;0
S012;121;2;140;145;0
S012;121;1;145;165;0
S012;123;0;-975;-975;1
S012;123;1;;;1
S012;123;2;;;1
S012;123;3;;;1
S012;123;4;;;1
S012;123;5;;;1
S012;123;6;;;1
S012;123;7;;;1
S012;123;8;;;1
S012;123;9;;;1
S012;123;10;;;1
S012;123;11;;;1
S012;123;12;;;1
S012;123;13;;;1
S012;123;70;;;1
S012;123;70;2745;2755;0
S012;123;13;2755;2760;0
S012;123;12;2760;2765;0
S012;123;11;2765;2770;0
S012;123;10;2770;2775;0
S012;123;9;2775;2780;0
S012;123;8;2780;2785;0
S012;123;7;2785;2790;0
S012;123;6;2790;2795;0
S012;123;5;2795;2800;0
S012;123;4;2800;2805;0
S012;123;3;2805;2810;0
S012;123;2;2810;2815;0
S012;123;1;2815;2835;0
S012;124;0;-595;-595;1
S012;124;1;;;1
S012;124;84;;;1
S012;124;84;2915;2925;0
S012;124;1;2925;2945;0
S012;127;0;-390;-390;1
S012;127;1;;;1
S012;127;2;;;1
S012;127;3;;;1
S012;127;4;;;1
S012;127;5;;;1
S012;127;28;;;1
S012;127;28;2415;2425;0
S012;127;5;2425;2430;0
S012;127;4;2430;2435;0
S012;127;3;2435;2440;0
S012;127;2;2440;2445;0
S012;127;1;2445;2465;0
