SCENARIO_ID;ARRIVAL_ID;LOA;BEAM;DRAFT;TERMINAL_ID;TERMINAL_MARKET_CATEGORY;BERTH;CATEGORY;DETAILED_CATEGORY;PROCESS_TIME
ComDragagem2030;3797;225.0;23.0;0.0;9;GSA - E;BERÇO ARM 39;CARGO;N/A;3290
ComDragagem2030;3798;185.0;23.0;10.25;11;GL;BERÇO Ageo I;CARGO;N/A;3935
ComDragagem2030;3799;215.0;23.0;9.25;13;CGC;BERÇO BTP 1;CARGO;N/A;925
ComDragagem2030;3800;295.0;23.0;13.25;13;CGC;BERÇO BTP 2;CARGO;N/A;1395
ComDragagem2030;3801;295.0;23.0;13.25;13;CGC;BERÇO BTP 3;CARGO;N/A;1445
ComDragagem2030;3802;205.0;23.0;0.0;15;GL;BERÇO ARM 29;CARGO;N/A;4680
ComDragagem2030;3803;225.0;23.0;0.0;16;GSA - E;BERÇO ARM 13/14;CARGO;N/A;4410
ComDragagem2030;3804;195.0;23.0;0.0;17;GSA - E;BERÇO ARM 20/21;CARGO;N/A;2545
ComDragagem2030;3805;225.0;23.0;0.0;17;GSA - E;BERÇO ARM 20/21;CARGO;N/A;3740
ComDragagem2030;3806;215.0;23.0;10.25;21;CGC;BERÇO DPW 1;CARGO;N/A;1065
ComDragagem2030;3807;265.0;23.0;11.75;21;CGC;BERÇO DPW 2;CARGO;N/A;1265
ComDragagem2030;3808;255.0;23.0;11.75;21;CGC;BERÇO DPW 3;CARGO;N/A;1220
ComDragagem2030;3809;165.0;23.0;0.0;24;GSA - E;BERÇO ARM 16/17;CARGO;N/A;1850
ComDragagem2030;3810;235.0;23.0;0.0;24;GSA - E;BERÇO ARM 19;CARGO;N/A;3410
ComDragagem2030;3811;195.0;23.0;11.25;27;GSM - I;BERÇO ARM 22/23;CARGO;N/A;4890
ComDragagem2030;3812;185.0;23.0;10.75;31;CGC;BERÇO TECON 1.1;CARGO;N/A;1135
ComDragagem2030;3813;265.0;23.0;11.75;31;CGC;BERÇO TECON 2;CARGO;N/A;1075
ComDragagem2030;3814;155.0;23.0;8.25;32;GL;BERÇO AL 02;CARGO;N/A;1985
ComDragagem2030;3815;185.0;23.0;10.25;32;GL;BERÇO AL 03;CARGO;N/A;3905
ComDragagem2030;3816;250.0;38.0;0.0;34;GSA - E;BERÇO TEG;CARGO;N/A;6815
ComDragagem2030;3817;195.0;23.0;9.25;37;RORO;BERÇO TEV;CARGO;RO-RO;1445
ComDragagem2030;3818;225.0;23.0;0.0;39;GSA - E;BERÇO OUT 2;CARGO;N/A;3900
ComDragagem2030;3819;225.0;23.0;0.0;41;GSA - E;BERÇO TIPLAM 2;CARGO;N/A;4030
ComDragagem2030;3820;245.0;23.0;0.0;43;GL;BERÇO AL 01;CARGO;N/A;3415
ComDragagem2030;3821;185.0;23.0;0.0;43;GL;BERÇO AL 02;CARGO;N/A;1905
ComDragagem2030;3822;185.0;23.0;0.0;43;GL;BERÇO AL 01;CARGO;N/A;2300
ComDragagem2030;3823;185.0;23.0;10.75;47;GL;BERÇO AL 03;CARGO;N/A;3820
ComDragagem2030;3824;225.0;36.0;0.0;12;CGNC;BERÇO ARM 35P1;CARGO;N/A;6475
ComDragagem2030;3825;225.0;36.0;0.0;12;CGNC;BERÇO ARM 35P2;CARGO;N/A;6030
ComDragagem2030;3826;295.0;23.0;14.25;13;CGC;BERÇO BTP 1;CARGO;N/A;1600
ComDragagem2030;3827;325.0;23.0;13.75;13;CGC;BERÇO BTP 2;CARGO;N/A;1380
ComDragagem2030;3828;225.0;23.0;0.0;16;GSA - E;BERÇO ARM 12A;CARGO;N/A;4420
ComDragagem2030;3829;225.0;23.0;0.0;16;GSA - E;BERÇO ARM 13/14;CARGO;N/A;4480
ComDragagem2030;3830;195.0;23.0;0.0;17;GSA - E;BERÇO ARM 20/21;CARGO;N/A;2490
ComDragagem2030;3831;215.0;23.0;10.75;21;CGC;BERÇO DPW 1;CARGO;N/A;910
ComDragagem2030;3832;265.0;23.0;12.25;21;CGC;BERÇO DPW 2;CARGO;N/A;1225
ComDragagem2030;3833;225.0;36.0;0.0;22;CGNC;BERÇO DPW 4;CARGO;N/A;4015
ComDragagem2030;3834;175.0;23.0;0.0;24;GSA - E;BERÇO ARM 16/17;CARGO;N/A;1835
ComDragagem2030;3835;225.0;23.0;0.0;24;GSA - E;BERÇO ARM 19;CARGO;N/A;3415
ComDragagem2030;3836;185.0;23.0;12.25;27;GSM - I;BERÇO ARM 23;CARGO;N/A;5365
ComDragagem2030;3837;215.0;23.0;10.75;31;CGC;BERÇO TECON 1.1;CARGO;N/A;1170
ComDragagem2030;3838;265.0;23.0;12.75;31;CGC;BERÇO TECON 2;CARGO;N/A;1180
ComDragagem2030;3839;225.0;23.0;0.0;33;GSA - E;BERÇO TEAG;CARGO;N/A;5630
ComDragagem2030;3840;225.0;23.0;0.0;36;GSA - E;BERÇO ARM 38;CARGO;N/A;6915
ComDragagem2030;3841;225.0;23.0;0.0;36;GSA - E;BERÇO ARM 38;CARGO;N/A;7275
ComDragagem2030;3842;225.0;23.0;0.0;39;GSA - E;BERÇO OUT 3;CARGO;N/A;3875
ComDragagem2030;3843;250.0;38.0;0.0;41;GSA - E;BERÇO TIPLAM 2;CARGO;N/A;4530
ComDragagem2030;3844;185.0;23.0;0.0;43;GL;BERÇO AL 01;CARGO;N/A;2055
ComDragagem2030;3845;185.0;23.0;10.75;47;GL;BERÇO AL 02;CARGO;N/A;3820
ComDragagem2030;3846;225.0;23.0;0.0;48;GSA - E;BERÇO ARM 37;CARGO;N/A;3380
ComDragagem2030;3847;225.0;23.0;0.0;9;GSA - E;BERÇO ARM 39;CARGO;N/A;3240
ComDragagem2030;3848;135.0;23.0;7.75;13;CGC;BERÇO BTP 3;CARGO;N/A;1510
ComDragagem2030;3849;135.0;23.0;7.75;13;CGC;BERÇO BTP 2;CARGO;N/A;1470
ComDragagem2030;3850;245.0;23.0;14.25;13;CGC;BERÇO BTP 3;CARGO;N/A;1090
ComDragagem2030;3851;295.0;23.0;14.25;13;CGC;BERÇO BTP 1;CARGO;N/A;1385
ComDragagem2030;3852;215.0;23.0;0.0;15;GL;BERÇO ARM 29;CARGO;N/A;4695
ComDragagem2030;3853;225.0;23.0;0.0;17;GSA - E;BERÇO ARM 20/21;CARGO;N/A;3710
ComDragagem2030;3854;215.0;23.0;11.25;21;CGC;BERÇO DPW 3;CARGO;N/A;1030
ComDragagem2030;3855;275.0;23.0;12.75;21;CGC;BERÇO DPW 2;CARGO;N/A;1190
ComDragagem2030;3856;265.0;23.0;12.75;21;CGC;BERÇO DPW 1;CARGO;N/A;1205
ComDragagem2030;3857;225.0;36.0;0.0;23;CGNC;BERÇO ARM 31;CARGO;N/A;2330
ComDragagem2030;3858;195.0;23.0;13.25;27;GSM - I;BERÇO ARM 22/23;CARGO;N/A;4735
ComDragagem2030;3859;225.0;23.0;14.25;27;GSM - I;BERÇO ARM 23;CARGO;N/A;3055
ComDragagem2030;3860;215.0;23.0;11.25;31;CGC;BERÇO TECON 1.1;CARGO;N/A;1165
ComDragagem2030;3861;275.0;23.0;12.75;31;CGC;BERÇO TECON 3;CARGO;N/A;1055
ComDragagem2030;3862;295.0;23.0;13.75;31;CGC;BERÇO TECON 3;CARGO;N/A;1450
ComDragagem2030;3863;295.0;23.0;13.75;31;CGC;BERÇO TECON 2;CARGO;N/A;1500
ComDragagem2030;3864;255.0;23.0;0.0;36;GSA - E;BERÇO ARM 38;CARGO;N/A;9275
ComDragagem2030;3865;225.0;23.0;0.0;41;GSA - E;BERÇO TIPLAM 3;CARGO;N/A;3995
ComDragagem2030;3866;165.0;23.0;9.75;47;GL;BERÇO AL 04;CARGO;N/A;2540
ComDragagem2030;3867;225.0;36.0;0.0;1;CGNC;BERÇO ARAUCO 1;CARGO;N/A;6065
ComDragagem2030;3868;175.0;23.0;0.0;2;GL;BERÇO AL 02;CARGO;N/A;3945
ComDragagem2030;3869;215.0;23.0;8.25;13;CGC;BERÇO BTP 2;CARGO;N/A;950
ComDragagem2030;3870;165.0;23.0;9.75;14;GSA - I;BERÇO ARM 30;CARGO;N/A;8790
ComDragagem2030;3871;225.0;23.0;0.0;16;GSA - E;BERÇO ARM 12A;CARGO;N/A;4335
ComDragagem2030;3872;225.0;23.0;0.0;16;GSA - E;BERÇO ARM 13/14;CARGO;N/A;4410
ComDragagem2030;3873;185.0;23.0;0.0;17;GSA - E;BERÇO ARM 20/21;CARGO;N/A;2605
ComDragagem2030;3874;225.0;23.0;0.0;17;GSA - E;BERÇO ARM 20/21;CARGO;N/A;3735
ComDragagem2030;3875;185.0;23.0;7.25;21;CGC;BERÇO DPW 3;CARGO;N/A;980
ComDragagem2030;3876;245.0;23.0;8.25;21;CGC;BERÇO DPW 1;CARGO;N/A;1185
ComDragagem2030;3877;295.0;23.0;8.75;21;CGC;BERÇO DPW 2;CARGO;N/A;1485
ComDragagem2030;3878;225.0;23.0;0.0;24;GSA - E;BERÇO ARM 16/17;CARGO;N/A;3345
ComDragagem2030;3879;225.0;23.0;0.0;24;GSA - E;BERÇO ARM 16/17;CARGO;N/A;3445
ComDragagem2030;3880;205.0;32.2;0.0;24;GSA - E;BERÇO ARM 19;CARGO;N/A;2680
ComDragagem2030;3881;175.0;23.0;8.25;27;GSM - I;BERÇO ARM 22/23;CARGO;N/A;3890
ComDragagem2030;3882;225.0;36.0;0.0;29;CGNC;BERÇO ARM 31;CARGO;N/A;13370
ComDragagem2030;3883;185.0;23.0;8.75;31;CGC;BERÇO TECON 1.2;CARGO;N/A;1340
ComDragagem2030;3884;255.0;23.0;9.75;31;CGC;BERÇO TECON 3;CARGO;N/A;1145
ComDragagem2030;3885;255.0;23.0;9.75;31;CGC;BERÇO TECON 2;CARGO;N/A;1075
ComDragagem2030;3886;339.0;43.0;14.0;31;CGC;BERÇO TECON 2;CARGO;N/A;1710
ComDragagem2030;3887;175.0;23.0;9.25;35;GSM - I;BERÇO TERMAG;CARGO;N/A;3260
ComDragagem2030;3888;195.0;23.0;7.75;37;RORO;BERÇO TEV;CARGO;RO-RO;1510
ComDragagem2030;3889;225.0;23.0;0.0;38;GSA - E;BERÇO TGG;CARGO;N/A;2575
ComDragagem2030;3890;225.0;23.0;0.0;41;GSA - E;BERÇO TIPLAM 3;CARGO;N/A;4030
ComDragagem2030;3891;185.0;23.0;0.0;43;GL;BERÇO AL 02;CARGO;N/A;1880
ComDragagem2030;3892;185.0;23.0;0.0;43;GL;BERÇO AL 01;CARGO;N/A;1930
ComDragagem2030;3893;155.0;23.0;0.0;47;GL;BERÇO AL 04;CARGO;N/A;2540
ComDragagem2030;3894;185.0;23.0;0.0;47;GL;BERÇO AL 03;CARGO;N/A;3820
ComDragagem2030;3895;87.9;19.0;5.0;8;CGNC;BERÇO SAIPEM 1;CARGO;N/A;4250
ComDragagem2030;3896;85.34;18.0;4.6;8;CGNC;BERÇO SAIPEM 2;CARGO;N/A;3270
ComDragagem2030;3897;225.0;23.0;0.0;9;GSA - E;BERÇO ARM 39;CARGO;N/A;3235
ComDragagem2030;3898;225.0;36.0;0.0;12;CGNC;BERÇO ARM 35P2;CARGO;N/A;6340
ComDragagem2030;3899;215.0;23.0;8.75;13;CGC;BERÇO BTP 1;CARGO;N/A;1095
ComDragagem2030;3900;245.0;23.0;10.75;13;CGC;BERÇO BTP 2;CARGO;N/A;990
ComDragagem2030;3901;165.0;23.0;10.25;14;GSA - I;BERÇO ARM 30;CARGO;N/A;8655
ComDragagem2030;3902;225.0;23.0;0.0;16;GSA - E;BERÇO ARM 12A;CARGO;N/A;4530
ComDragagem2030;3903;185.0;23.0;0.0;17;GSA - E;BERÇO ARM 20/21;CARGO;N/A;2550
ComDragagem2030;3904;225.0;23.0;0.0;17;GSA - E;BERÇO ARM 20/21;CARGO;N/A;3730
ComDragagem2030;3905;225.0;23.0;0.0;19;GSA - E;BERÇO CUTRALE;CARGO;N/A;3380
ComDragagem2030;3906;195.0;23.0;9.25;21;CGC;BERÇO DPW 1;CARGO;N/A;1020
ComDragagem2030;3907;325.0;23.0;10.75;21;CGC;BERÇO DPW 2;CARGO;N/A;1465
ComDragagem2030;3908;225.0;36.0;0.0;23;CGNC;BERÇO ARM 31;CARGO;N/A;2455
ComDragagem2030;3909;225.0;23.0;0.0;24;GSA - E;BERÇO ARM 19;CARGO;N/A;3410
ComDragagem2030;3910;225.0;23.0;0.0;24;GSA - E;BERÇO ARM 16/17;CARGO;N/A;3490
ComDragagem2030;3911;135.0;23.0;6.75;31;CGC;BERÇO TECON 1.1;CARGO;N/A;700
ComDragagem2030;3912;185.0;23.0;9.25;31;CGC;BERÇO TECON 1.2;CARGO;N/A;1265
ComDragagem2030;3913;255.0;23.0;10.25;31;CGC;BERÇO TECON 1/2;CARGO;N/A;1235
ComDragagem2030;3914;295.0;23.0;10.75;31;CGC;BERÇO TECON 2;CARGO;N/A;1415
ComDragagem2030;3915;339.0;43.0;14.0;31;CGC;BERÇO TECON 3;CARGO;N/A;1750
ComDragagem2030;3916;225.0;23.0;0.0;36;GSA - E;BERÇO ARM 38;CARGO;N/A;6770
ComDragagem2030;3917;225.0;23.0;0.0;38;GSA - E;BERÇO TGG;CARGO;N/A;2605
ComDragagem2030;3918;225.0;23.0;0.0;41;GSA - E;BERÇO TIPLAM 2;CARGO;N/A;4385
ComDragagem2030;3919;225.0;23.0;0.0;41;GSA - E;BERÇO TIPLAM 3;CARGO;N/A;4580
ComDragagem2030;3920;175.0;23.0;8.25;42;GSM - I;BERÇO TIPLAM 1;CARGO;N/A;4625
ComDragagem2030;3921;175.0;23.0;0.0;45;GL;BERÇO AL 04;CARGO;N/A;3545
ComDragagem2030;3922;225.0;23.0;0.0;48;GSA - E;BERÇO ARM 37;CARGO;N/A;3370
ComDragagem2030;3923;225.0;23.0;0.0;48;GSA - E;BERÇO ARM 37;CARGO;N/A;3450
ComDragagem2030;3924;75.2;17.0;4.1;8;CGNC;BERÇO SAIPEM 3;CARGO;N/A;725
ComDragagem2030;3925;225.0;36.0;0.0;1;CGNC;BERÇO ARAUCO 2;CARGO;N/A;6605
ComDragagem2030;3926;225.0;23.0;0.0;9;GSA - E;BERÇO ARM 39;CARGO;N/A;3410
ComDragagem2030;3927;175.0;23.0;0.0;11;GL;BERÇO Ageo I;CARGO;N/A;3970
ComDragagem2030;3928;225.0;36.0;0.0;12;CGNC;BERÇO ARM 35P2;CARGO;N/A;6050
ComDragagem2030;3929;225.0;36.0;0.0;12;CGNC;BERÇO ARM 35P1;CARGO;N/A;6115
ComDragagem2030;3930;275.0;23.0;11.75;13;CGC;BERÇO BTP 3;CARGO;N/A;1150
ComDragagem2030;3931;205.0;23.0;0.0;15;GL;BERÇO ARM 29;CARGO;N/A;4715
ComDragagem2030;3932;225.0;23.0;0.0;16;GSA - E;BERÇO ARM 13/14;CARGO;N/A;4530
ComDragagem2030;3933;225.0;23.0;0.0;16;GSA - E;BERÇO ARM 12A;CARGO;N/A;4645
ComDragagem2030;3934;225.0;23.0;0.0;17;GSA - E;BERÇO ARM 20/21;CARGO;N/A;3770
ComDragagem2030;3935;125.0;23.0;7.25;21;CGC;BERÇO DPW 3;CARGO;N/A;1080
ComDragagem2030;3936;215.0;23.0;9.75;21;CGC;BERÇO DPW 3;CARGO;N/A;1005
ComDragagem2030;3937;185.0;23.0;9.75;21;CGC;BERÇO DPW 3;CARGO;N/A;955
ComDragagem2030;3938;275.0;23.0;10.75;21;CGC;BERÇO DPW 2;CARGO;N/A;1230
ComDragagem2030;3939;235.0;23.0;10.75;21;CGC;BERÇO DPW 1;CARGO;N/A;1195
ComDragagem2030;3940;325.0;23.0;11.25;21;CGC;BERÇO DPW 1;CARGO;N/A;1500
ComDragagem2030;3941;339.0;43.0;14.0;21;CGC;BERÇO DPW 2;CARGO;N/A;1810
ComDragagem2030;3942;225.0;36.0;0.0;23;CGNC;BERÇO ARM 31;CARGO;N/A;2855
ComDragagem2030;3943;225.0;23.0;0.0;24;GSA - E;BERÇO ARM 19;CARGO;N/A;3355
ComDragagem2030;3944;225.0;23.0;11.75;27;GSM - I;BERÇO ARM 23;CARGO;N/A;3090
ComDragagem2030;3945;275.0;23.0;10.75;31;CGC;BERÇO TECON 1/2;CARGO;N/A;1190
ComDragagem2030;3946;250.0;38.0;0.0;33;GSA - E;BERÇO TEAG;CARGO;N/A;6935
ComDragagem2030;3947;225.0;23.0;0.0;36;GSA - E;BERÇO ARM 38;CARGO;N/A;6820
ComDragagem2030;3948;255.0;23.0;0.0;36;GSA - E;BERÇO ARM 38;CARGO;N/A;9590
ComDragagem2030;3949;195.0;23.0;8.75;37;RORO;BERÇO TEV;CARGO;RO-RO;1360
ComDragagem2030;3950;235.0;23.0;8.75;37;RORO;BERÇO TEV;CARGO;RO-RO;1480
ComDragagem2030;3951;225.0;23.0;0.0;38;GSA - E;BERÇO TGG;CARGO;N/A;2570
ComDragagem2030;3952;225.0;23.0;0.0;41;GSA - E;BERÇO TIPLAM 2;CARGO;N/A;3950
ComDragagem2030;3953;175.0;23.0;9.25;42;GSM - I;BERÇO TIPLAM 4;CARGO;N/A;4540
ComDragagem2030;3954;185.0;23.0;0.0;43;GL;BERÇO AL 01;CARGO;N/A;1915
ComDragagem2030;3955;82.3;17.0;4.5;8;CGNC;BERÇO SAIPEM 3;CARGO;N/A;2915
ComDragagem2030;3956;76.0;18.0;6.0;8;CGNC;BERÇO SAIPEM 2;CARGO;N/A;1765
ComDragagem2030;3957;165.0;23.0;8.75;11;GL;BERÇO IB BC;CARGO;N/A;2835
ComDragagem2030;3958;185.0;23.0;9.75;11;GL;BERÇO IB SP;CARGO;N/A;3950
ComDragagem2030;3959;215.0;23.0;9.25;13;CGC;BERÇO BTP 3;CARGO;N/A;930
ComDragagem2030;3960;366.0;49.0;15.0;13;CGC;BERÇO BTP 3;CARGO;N/A;1950
ComDragagem2030;3961;295.0;23.0;12.75;13;CGC;BERÇO BTP 2;CARGO;N/A;1460
ComDragagem2030;3962;295.0;23.0;12.75;13;CGC;BERÇO BTP 1;CARGO;N/A;1535
ComDragagem2030;3963;175.0;23.0;10.25;14;GSA - I;BERÇO ARM 30;CARGO;N/A;8630
ComDragagem2030;3964;225.0;23.0;0.0;16;GSA - E;BERÇO ARM 13/14;CARGO;N/A;4350
ComDragagem2030;3965;225.0;23.0;0.0;17;GSA - E;BERÇO ARM 20/21;CARGO;N/A;3675
ComDragagem2030;3966;185.0;23.0;10.25;21;CGC;BERÇO DPW 1;CARGO;N/A;965
ComDragagem2030;3967;245.0;23.0;11.25;21;CGC;BERÇO DPW 3;CARGO;N/A;1235
ComDragagem2030;3968;255.0;23.0;11.25;21;CGC;BERÇO DPW 3;CARGO;N/A;1230
ComDragagem2030;3969;225.0;36.0;0.0;23;CGNC;BERÇO ARM 31;CARGO;N/A;2260
ComDragagem2030;3970;165.0;23.0;0.0;24;GSA - E;BERÇO ARM 16/17;CARGO;N/A;1765
ComDragagem2030;3971;205.0;32.2;0.0;24;GSA - E;BERÇO ARM 19;CARGO;N/A;2565
ComDragagem2030;3972;195.0;23.0;9.75;31;CGC;BERÇO TECON 2;CARGO;N/A;1195
ComDragagem2030;3973;265.0;23.0;11.25;31;CGC;BERÇO TECON 1/2;CARGO;N/A;1145
ComDragagem2030;3974;295.0;23.0;12.75;31;CGC;BERÇO TECON 3;CARGO;N/A;1475
ComDragagem2030;3975;175.0;23.0;10.25;32;GL;BERÇO AL 03;CARGO;N/A;3895
ComDragagem2030;3976;225.0;23.0;0.0;33;GSA - E;BERÇO TEAG;CARGO;N/A;5435
ComDragagem2030;3977;225.0;23.0;14.25;35;GSM - I;BERÇO TERMAG;CARGO;N/A;6915
ComDragagem2030;3978;225.0;23.0;0.0;36;GSA - E;BERÇO ARM 38;CARGO;N/A;7240
ComDragagem2030;3979;195.0;23.0;9.25;37;RORO;BERÇO TEV;CARGO;RO-RO;1605
ComDragagem2030;3980;225.0;23.0;0.0;38;GSA - E;BERÇO TGG;CARGO;N/A;2595
ComDragagem2030;3981;225.0;23.0;0.0;41;GSA - E;BERÇO TIPLAM 3;CARGO;N/A;3875
ComDragagem2030;3982;225.0;23.0;0.0;41;GSA - E;BERÇO TIPLAM 2;CARGO;N/A;3995
ComDragagem2030;3983;195.0;23.0;10.25;42;GSM - I;BERÇO TIPLAM 1;CARGO;N/A;5295
ComDragagem2030;3984;175.0;23.0;0.0;43;GL;BERÇO AL 01;CARGO;N/A;1955
ComDragagem2030;3985;225.0;23.0;0.0;48;GSA - E;BERÇO ARM 37;CARGO;N/A;3510
ComDragagem2030;3986;135.0;23.0;7.75;13;CGC;BERÇO BTP 2;CARGO;N/A;1495
ComDragagem2030;3987;185.0;23.0;9.75;13;CGC;BERÇO BTP 1;CARGO;N/A;990
ComDragagem2030;3988;366.0;49.0;15.0;13;CGC;BERÇO BTP 3;CARGO;N/A;1950
ComDragagem2030;3989;339.0;43.0;14.0;13;CGC;BERÇO BTP 2;CARGO;N/A;1640
ComDragagem2030;3990;225.0;23.0;0.0;16;GSA - E;BERÇO ARM 13/14;CARGO;N/A;4540
ComDragagem2030;3991;225.0;23.0;0.0;16;GSA - E;BERÇO ARM 12A;CARGO;N/A;4840
ComDragagem2030;3992;195.0;23.0;0.0;17;GSA - E;BERÇO ARM 20/21;CARGO;N/A;2525
ComDragagem2030;3993;225.0;23.0;0.0;17;GSA - E;BERÇO ARM 20/21;CARGO;N/A;3710
ComDragagem2030;3994;205.0;23.0;10.75;21;CGC;BERÇO DPW 1;CARGO;N/A;1020
ComDragagem2030;3995;265.0;23.0;11.75;21;CGC;BERÇO DPW 2;CARGO;N/A;1250
ComDragagem2030;3996;275.0;23.0;11.25;21;CGC;BERÇO DPW 1;CARGO;N/A;1230
ComDragagem2030;3997;185.0;23.0;0.0;24;GSA - E;BERÇO ARM 16/17;CARGO;N/A;2455
ComDragagem2030;3998;225.0;23.0;0.0;24;GSA - E;BERÇO ARM 19;CARGO;N/A;3520
ComDragagem2030;3999;135.0;23.0;7.25;31;CGC;BERÇO TECON 2;CARGO;N/A;620
ComDragagem2030;4000;235.0;23.0;12.25;31;CGC;BERÇO TECON 1/2;CARGO;N/A;1130
ComDragagem2030;4001;305.0;23.0;12.75;31;CGC;BERÇO TECON 3;CARGO;N/A;1410
ComDragagem2030;4002;339.0;43.0;14.0;31;CGC;BERÇO TECON 2;CARGO;N/A;1720
ComDragagem2030;4003;225.0;23.0;0.0;34;GSA - E;BERÇO TEG;CARGO;N/A;4735
ComDragagem2030;4004;225.0;23.0;14.25;35;GSM - I;BERÇO TERMAG;CARGO;N/A;7020
ComDragagem2030;4005;195.0;23.0;9.25;37;RORO;BERÇO TEV;CARGO;RO-RO;1365
ComDragagem2030;4006;245.0;23.0;0.0;38;GSA - E;BERÇO TGG;CARGO;N/A;6055
ComDragagem2030;4007;225.0;23.0;0.0;41;GSA - E;BERÇO TIPLAM 3;CARGO;N/A;3900
ComDragagem2030;4008;225.0;23.0;0.0;41;GSA - E;BERÇO TIPLAM 2;CARGO;N/A;3895
ComDragagem2030;4009;245.0;23.0;0.0;43;GL;BERÇO AL 01;CARGO;N/A;3020
ComDragagem2030;4010;165.0;23.0;9.25;47;GL;BERÇO AL 04;CARGO;N/A;2540
ComDragagem2030;4011;185.0;23.0;10.75;47;GL;BERÇO AL 02;CARGO;N/A;3820
ComDragagem2030;4012;225.0;23.0;0.0;48;GSA - E;BERÇO ARM 37;CARGO;N/A;3370
ComDragagem2030;4013;225.0;36.0;0.0;1;CGNC;BERÇO ARAUCO 1;CARGO;N/A;6060
ComDragagem2030;4014;185.0;23.0;10.25;13;CGC;BERÇO BTP 2;CARGO;N/A;1005
ComDragagem2030;4015;215.0;23.0;9.75;13;CGC;BERÇO BTP 1;CARGO;N/A;1015
ComDragagem2030;4016;175.0;23.0;10.25;14;GSA - I;BERÇO ARM 30;CARGO;N/A;8415
ComDragagem2030;4017;225.0;23.0;0.0;16;GSA - E;BERÇO ARM 13/14;CARGO;N/A;4350
ComDragagem2030;4018;225.0;23.0;0.0;16;GSA - E;BERÇO ARM 12A;CARGO;N/A;5355
ComDragagem2030;4019;225.0;23.0;0.0;17;GSA - E;BERÇO ARM 20/21;CARGO;N/A;3675
ComDragagem2030;4020;215.0;23.0;10.75;21;CGC;BERÇO DPW 3;CARGO;N/A;920
ComDragagem2030;4021;275.0;23.0;12.25;21;CGC;BERÇO DPW 2;CARGO;N/A;1270
ComDragagem2030;4022;225.0;36.0;0.0;22;CGNC;BERÇO DPW 4;CARGO;N/A;4130
ComDragagem2030;4023;225.0;23.0;0.0;24;GSA - E;BERÇO ARM 16/17;CARGO;N/A;3400
ComDragagem2030;4024;205.0;32.2;0.0;24;GSA - E;BERÇO ARM 16/17;CARGO;N/A;2785
ComDragagem2030;4025;205.0;32.2;0.0;24;GSA - E;BERÇO ARM 19;CARGO;N/A;2530
ComDragagem2030;4026;215.0;23.0;11.25;31;CGC;BERÇO TECON 1.1;CARGO;N/A;1230
ComDragagem2030;4027;265.0;23.0;12.25;31;CGC;BERÇO TECON 2;CARGO;N/A;1080
ComDragagem2030;4028;339.0;43.0;14.0;31;CGC;BERÇO TECON 3;CARGO;N/A;1705
ComDragagem2030;4029;225.0;23.0;0.0;34;GSA - E;BERÇO TEG;CARGO;N/A;4740
ComDragagem2030;4030;255.0;23.0;0.0;36;GSA - E;BERÇO ARM 38;CARGO;N/A;9270
ComDragagem2030;4031;195.0;23.0;9.25;37;RORO;BERÇO TEV;CARGO;RO-RO;1345
ComDragagem2030;4032;225.0;23.0;0.0;41;GSA - E;BERÇO TIPLAM 3;CARGO;N/A;4200
ComDragagem2030;4033;195.0;23.0;10.25;42;GSM - I;BERÇO TIPLAM 4;CARGO;N/A;5365
ComDragagem2030;4034;225.0;23.0;0.0;48;GSA - E;BERÇO ARM 37;CARGO;N/A;3355
ComDragagem2030;4035;85.34;18.0;5.5;8;CGNC;BERÇO SAIPEM 2;CARGO;N/A;1505
ComDragagem2030;4036;92.95;20.0;6.0;8;CGNC;BERÇO SAIPEM 1;CARGO;N/A;1475
ComDragagem2030;4037;225.0;36.0;0.0;1;CGNC;BERÇO ARAUCO 3;CARGO;N/A;6085
ComDragagem2030;4038;185.0;23.0;12.25;11;GL;BERÇO IB SP;CARGO;N/A;3945
ComDragagem2030;4039;205.0;23.0;10.25;13;CGC;BERÇO BTP 1;CARGO;N/A;1005
ComDragagem2030;4040;275.0;23.0;14.25;13;CGC;BERÇO BTP 3;CARGO;N/A;980
ComDragagem2030;4041;175.0;23.0;10.75;14;GSA - I;BERÇO ARM 30;CARGO;N/A;8465
ComDragagem2030;4042;225.0;23.0;0.0;16;GSA - E;BERÇO ARM 12A;CARGO;N/A;5325
ComDragagem2030;4043;225.0;23.0;0.0;16;GSA - E;BERÇO ARM 13/14;CARGO;N/A;4595
ComDragagem2030;4044;215.0;23.0;11.25;21;CGC;BERÇO DPW 3;CARGO;N/A;975
ComDragagem2030;4045;215.0;23.0;11.25;21;CGC;BERÇO DPW 1;CARGO;N/A;940
ComDragagem2030;4046;295.0;23.0;14.25;21;CGC;BERÇO DPW 1;CARGO;N/A;1445
ComDragagem2030;4047;225.0;23.0;0.0;24;GSA - E;BERÇO ARM 19;CARGO;N/A;3430
ComDragagem2030;4048;195.0;23.0;12.25;27;GSM - I;BERÇO ARM 23;CARGO;N/A;4625
ComDragagem2030;4049;215.0;23.0;0.0;30;GL;BERÇO ARM 29;CARGO;N/A;8330
ComDragagem2030;4050;205.0;23.0;11.75;31;CGC;BERÇO TECON 1.2;CARGO;N/A;1140
ComDragagem2030;4051;275.0;23.0;13.25;31;CGC;BERÇO TECON 3;CARGO;N/A;1105
ComDragagem2030;4052;305.0;23.0;14.25;31;CGC;BERÇO TECON 2;CARGO;N/A;1480
ComDragagem2030;4053;225.0;23.0;0.0;33;GSA - E;BERÇO TEAG;CARGO;N/A;5420
ComDragagem2030;4054;225.0;23.0;0.0;34;GSA - E;BERÇO TEG;CARGO;N/A;4865
ComDragagem2030;4055;225.0;23.0;0.0;39;GSA - E;BERÇO OUT 2;CARGO;N/A;4105
ComDragagem2030;4056;185.0;23.0;11.25;43;GL;BERÇO AL 02;CARGO;N/A;2020
ComDragagem2030;4057;225.0;23.0;0.0;48;GSA - E;BERÇO ARM 37;CARGO;N/A;3465
ComDragagem2030;4058;87.9;19.0;5.1;8;CGNC;BERÇO SAIPEM 1;CARGO;N/A;3365
ComDragagem2030;4059;225.0;36.0;0.0;1;CGNC;BERÇO ARAUCO 2;CARGO;N/A;6110
ComDragagem2030;4060;155.0;23.0;0.0;11;GL;BERÇO Ageo I;CARGO;N/A;2835
ComDragagem2030;4061;185.0;23.0;8.75;13;CGC;BERÇO BTP 1;CARGO;N/A;1005
ComDragagem2030;4062;165.0;23.0;9.75;14;GSA - I;BERÇO ARM 30;CARGO;N/A;8965
ComDragagem2030;4063;225.0;23.0;0.0;16;GSA - E;BERÇO ARM 13/14;CARGO;N/A;4675
ComDragagem2030;4064;185.0;23.0;0.0;17;GSA - E;BERÇO ARM 20/21;CARGO;N/A;2510
ComDragagem2030;4065;185.0;23.0;0.0;17;GSA - E;BERÇO ARM 20/21;CARGO;N/A;2590
ComDragagem2030;4066;225.0;23.0;0.0;17;GSA - E;BERÇO ARM 20/21;CARGO;N/A;3745
ComDragagem2030;4067;205.0;23.0;0.0;17;GSA - E;BERÇO ARM 20/21;CARGO;N/A;1435
ComDragagem2030;4068;255.0;23.0;9.25;21;CGC;BERÇO DPW 3;CARGO;N/A;1295
ComDragagem2030;4069;225.0;36.0;0.0;23;CGNC;BERÇO ARM 31;CARGO;N/A;2780
ComDragagem2030;4070;225.0;23.0;0.0;24;GSA - E;BERÇO ARM 16/17;CARGO;N/A;3340
ComDragagem2030;4071;225.0;23.0;0.0;24;GSA - E;BERÇO ARM 16/17;CARGO;N/A;3575
ComDragagem2030;4072;155.0;23.0;7.25;26;GL;BERÇO IB BC;CARGO;N/A;2585
ComDragagem2030;4073;225.0;23.0;8.25;27;GSM - I;BERÇO ARM 22/23;CARGO;N/A;3915
ComDragagem2030;4074;225.0;36.0;0.0;29;CGNC;BERÇO ARM 31;CARGO;N/A;12355
ComDragagem2030;4075;185.0;23.0;7.75;31;CGC;BERÇO TECON 1.1;CARGO;N/A;1205
ComDragagem2030;4076;255.0;23.0;9.75;31;CGC;BERÇO TECON 3;CARGO;N/A;1130
ComDragagem2030;4077;265.0;23.0;8.75;31;CGC;BERÇO TECON 2;CARGO;N/A;1220
ComDragagem2030;4078;225.0;23.0;0.0;33;GSA - E;BERÇO TEAG;CARGO;N/A;5430
ComDragagem2030;4079;225.0;23.0;12.25;35;GSM - I;BERÇO TERMAG;CARGO;N/A;7335
ComDragagem2030;4080;225.0;23.0;0.0;38;GSA - E;BERÇO TGG;CARGO;N/A;2545
ComDragagem2030;4081;225.0;23.0;0.0;41;GSA - E;BERÇO TIPLAM 2;CARGO;N/A;3855
ComDragagem2030;4082;225.0;23.0;0.0;41;GSA - E;BERÇO TIPLAM 3;CARGO;N/A;3905
ComDragagem2030;4083;185.0;23.0;0.0;43;GL;BERÇO AL 01;CARGO;N/A;2045
ComDragagem2030;4084;285.0;23.0;0.0;44;GL;BERÇO TRSP;CARGO;DANGEROUS;3230
ComDragagem2030;4085;155.0;23.0;0.0;47;GL;BERÇO AL 04;CARGO;N/A;2540
ComDragagem2030;4086;225.0;23.0;0.0;48;GSA - E;BERÇO ARM 37;CARGO;N/A;3395
ComDragagem2030;4087;225.0;36.0;0.0;1;CGNC;BERÇO ARAUCO 1;CARGO;N/A;7135
ComDragagem2030;4088;185.0;23.0;0.0;11;GL;BERÇO IB OE;CARGO;N/A;3940
ComDragagem2030;4089;215.0;23.0;8.75;13;CGC;BERÇO BTP 2;CARGO;N/A;1135
ComDragagem2030;4090;305.0;23.0;11.25;13;CGC;BERÇO BTP 1;CARGO;N/A;1475
ComDragagem2030;4091;339.0;43.0;14.0;13;CGC;BERÇO BTP 2;CARGO;N/A;1670
ComDragagem2030;4092;225.0;23.0;0.0;16;GSA - E;BERÇO ARM 12A;CARGO;N/A;4420
ComDragagem2030;4093;225.0;23.0;0.0;16;GSA - E;BERÇO ARM 12A;CARGO;N/A;5145
ComDragagem2030;4094;185.0;23.0;0.0;17;GSA - E;BERÇO ARM 20/21;CARGO;N/A;2470
ComDragagem2030;4095;225.0;23.0;0.0;17;GSA - E;BERÇO ARM 20/21;CARGO;N/A;3830
ComDragagem2030;4096;185.0;23.0;9.25;20;GL;BERÇO DOW;CARGO;N/A;2130
ComDragagem2030;4097;275.0;23.0;10.25;21;CGC;BERÇO DPW 2;CARGO;N/A;1225
ComDragagem2030;4098;225.0;36.0;0.0;22;CGNC;BERÇO DPW 4;CARGO;N/A;3960
ComDragagem2030;4099;175.0;23.0;0.0;24;GSA - E;BERÇO ARM 19;CARGO;N/A;1745
ComDragagem2030;4100;205.0;32.2;0.0;24;GSA - E;BERÇO ARM 19;CARGO;N/A;2605
ComDragagem2030;4101;185.0;23.0;9.25;31;CGC;BERÇO TECON 1.2;CARGO;N/A;1130
ComDragagem2030;4102;195.0;23.0;9.25;31;CGC;BERÇO TECON 1.1;CARGO;N/A;1130
ComDragagem2030;4103;235.0;23.0;10.25;31;CGC;BERÇO TECON 1.2;CARGO;N/A;1090
ComDragagem2030;4104;255.0;23.0;10.25;31;CGC;BERÇO TECON 3;CARGO;N/A;1075
ComDragagem2030;4105;339.0;43.0;14.0;31;CGC;BERÇO TECON 2;CARGO;N/A;1880
ComDragagem2030;4106;185.0;23.0;8.75;37;RORO;BERÇO TEV;CARGO;RO-RO;1395
ComDragagem2030;4107;225.0;23.0;0.0;38;GSA - E;BERÇO TGG;CARGO;N/A;2705
ComDragagem2030;4108;225.0;23.0;0.0;38;GSA - E;BERÇO TGG;CARGO;N/A;2785
ComDragagem2030;4109;225.0;23.0;0.0;41;GSA - E;BERÇO TIPLAM 2;CARGO;N/A;4100
ComDragagem2030;4110;195.0;23.0;8.25;42;GSM - I;BERÇO TIPLAM 1;CARGO;N/A;5755
ComDragagem2030;4111;155.0;23.0;0.0;45;GL;BERÇO AL 04;CARGO;N/A;3260
ComDragagem2030;4112;185.0;23.0;0.0;47;GL;BERÇO AL 03;CARGO;N/A;3820
ComDragagem2030;4113;225.0;23.0;0.0;48;GSA - E;BERÇO ARM 37;CARGO;N/A;3360
ComDragagem2030;4114;75.2;17.0;4.15;8;CGNC;BERÇO SAIPEM 2;CARGO;N/A;2175
ComDragagem2030;4115;85.34;18.0;4.6;8;CGNC;BERÇO SAIPEM 3;CARGO;N/A;1850
ComDragagem2030;4116;225.0;36.0;0.0;1;CGNC;BERÇO ARAUCO 3;CARGO;N/A;6810
ComDragagem2030;4117;155.0;23.0;0.0;11;GL;BERÇO Ageo I;CARGO;N/A;2835
ComDragagem2030;4118;185.0;23.0;9.25;11;GL;BERÇO IB BC;CARGO;N/A;3945
ComDragagem2030;4119;225.0;36.0;0.0;12;CGNC;BERÇO ARM 35P1;CARGO;N/A;6050
ComDragagem2030;4120;215.0;23.0;8.75;13;CGC;BERÇO BTP 3;CARGO;N/A;1205
ComDragagem2030;4121;295.0;23.0;11.75;13;CGC;BERÇO BTP 1;CARGO;N/A;1375
ComDragagem2030;4122;205.0;23.0;0.0;15;GL;BERÇO ARM 29;CARGO;N/A;4685
ComDragagem2030;4123;225.0;23.0;0.0;16;GSA - E;BERÇO ARM 13/14;CARGO;N/A;5115
ComDragagem2030;4125;165.0;23.0;8.25;20;GL;BERÇO DOW;CARGO;N/A;930
ComDragagem2030;4126;215.0;23.0;9.75;21;CGC;BERÇO DPW 1;CARGO;N/A;945
ComDragagem2030;4127;215.0;23.0;9.75;21;CGC;BERÇO DPW 1;CARGO;N/A;905
ComDragagem2030;4128;275.0;23.0;10.75;21;CGC;BERÇO DPW 2;CARGO;N/A;1270
ComDragagem2030;4129;275.0;23.0;10.75;21;CGC;BERÇO DPW 1;CARGO;N/A;1255
ComDragagem2030;4130;325.0;23.0;11.75;21;CGC;BERÇO DPW 2;CARGO;N/A;1480
ComDragagem2030;4131;339.0;43.0;14.0;21;CGC;BERÇO DPW 1;CARGO;N/A;1830
ComDragagem2030;4132;225.0;36.0;0.0;22;CGNC;BERÇO DPW 3;CARGO;N/A;3960
ComDragagem2030;4133;225.0;23.0;0.0;24;GSA - E;BERÇO ARM 16/17;CARGO;N/A;3300
ComDragagem2030;4134;185.0;23.0;10.25;27;GSM - I;BERÇO ARM 22/23;CARGO;N/A;4650
ComDragagem2030;4135;185.0;23.0;9.75;31;CGC;BERÇO TECON 1.1;CARGO;N/A;1210
ComDragagem2030;4136;225.0;23.0;0.0;33;GSA - E;BERÇO TEAG;CARGO;N/A;5425
ComDragagem2030;4137;225.0;23.0;0.0;34;GSA - E;BERÇO TEG;CARGO;N/A;4755
ComDragagem2030;4138;225.0;23.0;0.0;36;GSA - E;BERÇO ARM 38;CARGO;N/A;7565
ComDragagem2030;4139;255.0;23.0;0.0;36;GSA - E;BERÇO ARM 38;CARGO;N/A;9195
ComDragagem2030;4140;195.0;23.0;8.75;37;RORO;BERÇO TEV;CARGO;RO-RO;1365
ComDragagem2030;4141;225.0;23.0;0.0;38;GSA - E;BERÇO TGG;CARGO;N/A;2580
ComDragagem2030;4142;225.0;23.0;0.0;41;GSA - E;BERÇO TIPLAM 2;CARGO;N/A;3815
ComDragagem2030;4143;225.0;23.0;0.0;41;GSA - E;BERÇO TIPLAM 3;CARGO;N/A;4020
ComDragagem2030;4144;185.0;23.0;0.0;43;GL;BERÇO AL 01;CARGO;N/A;1925
ComDragagem2030;4145;225.0;23.0;0.0;48;GSA - E;BERÇO ARM 37;CARGO;N/A;3420
ComDragagem2030;4146;225.0;36.0;0.0;1;CGNC;BERÇO ARAUCO 2;CARGO;N/A;5990
ComDragagem2030;4147;155.0;23.0;8.75;11;GL;BERÇO IB SP;CARGO;N/A;2835
ComDragagem2030;4148;135.0;23.0;7.75;13;CGC;BERÇO BTP 1;CARGO;N/A;1535
ComDragagem2030;4149;215.0;23.0;9.25;13;CGC;BERÇO BTP 3;CARGO;N/A;1200
ComDragagem2030;4150;245.0;23.0;12.75;13;CGC;BERÇO BTP 1;CARGO;N/A;1115
ComDragagem2030;4151;295.0;23.0;12.75;13;CGC;BERÇO BTP 2;CARGO;N/A;1350
ComDragagem2030;4152;185.0;23.0;9.75;14;GSA - I;BERÇO ARM 30;CARGO;N/A;8115
ComDragagem2030;4153;225.0;23.0;0.0;16;GSA - E;BERÇO ARM 12A;CARGO;N/A;4875
ComDragagem2030;4154;155.0;23.0;0.0;18;GL;BERÇO CUTRALE;CARGO;N/A;3465
ComDragagem2030;4155;185.0;23.0;10.25;21;CGC;BERÇO DPW 2;CARGO;N/A;975
ComDragagem2030;4156;185.0;23.0;10.25;21;CGC;BERÇO DPW 2;CARGO;N/A;940
ComDragagem2030;4157;265.0;23.0;11.25;21;CGC;BERÇO DPW 2;CARGO;N/A;1220
ComDragagem2030;4158;225.0;36.0;0.0;22;CGNC;BERÇO DPW 4;CARGO;N/A;4165
ComDragagem2030;4159;175.0;23.0;0.0;24;GSA - E;BERÇO ARM 19;CARGO;N/A;1795
ComDragagem2030;4160;205.0;32.2;0.0;24;GSA - E;BERÇO ARM 19;CARGO;N/A;2580
ComDragagem2030;4161;215.0;23.0;9.75;31;CGC;BERÇO TECON 1.2;CARGO;N/A;1175
ComDragagem2030;4162;265.0;23.0;11.25;31;CGC;BERÇO TECON 1/2;CARGO;N/A;1290
ComDragagem2030;4163;295.0;23.0;12.25;31;CGC;BERÇO TECON 3;CARGO;N/A;1490
ComDragagem2030;4164;155.0;23.0;8.25;32;GL;BERÇO AL 03;CARGO;N/A;2585
ComDragagem2030;4165;225.0;23.0;0.0;33;GSA - E;BERÇO TEAG;CARGO;N/A;5415
ComDragagem2030;4166;175.0;23.0;10.25;35;GSM - I;BERÇO TERMAG;CARGO;N/A;3765
ComDragagem2030;4167;225.0;23.0;0.0;36;GSA - E;BERÇO ARM 38;CARGO;N/A;7370
ComDragagem2030;4168;225.0;23.0;0.0;36;GSA - E;BERÇO ARM 38;CARGO;N/A;6770
ComDragagem2030;4169;195.0;23.0;8.75;37;RORO;BERÇO TEV;CARGO;RO-RO;1835
ComDragagem2030;4170;165.0;23.0;9.75;40;GL;BERÇO TIPLAM 1;CARGO;N/A;1385
ComDragagem2030;4171;225.0;23.0;0.0;41;GSA - E;BERÇO TIPLAM 3;CARGO;N/A;3840
ComDragagem2030;4172;225.0;23.0;10.25;42;GSM - I;BERÇO TIPLAM 4;CARGO;N/A;7180
ComDragagem2030;4173;225.0;23.0;10.25;42;GSM - I;BERÇO TIPLAM 1;CARGO;N/A;6785
ComDragagem2030;4174;225.0;23.0;0.0;48;GSA - E;BERÇO ARM 37;CARGO;N/A;3755
ComDragagem2030;4175;177.9;33.0;8.2;8;CGNC;BERÇO SAIPEM 1;CARGO;N/A;3865
ComDragagem2030;4176;225.0;23.0;0.0;9;GSA - E;BERÇO ARM 39;CARGO;N/A;3260
ComDragagem2030;4177;155.0;23.0;9.25;11;GL;BERÇO Ageo I;CARGO;N/A;2845
ComDragagem2030;4178;185.0;23.0;9.75;13;CGC;BERÇO BTP 2;CARGO;N/A;965
ComDragagem2030;4179;275.0;23.0;12.75;13;CGC;BERÇO BTP 2;CARGO;N/A;1135
ComDragagem2030;4180;305.0;23.0;12.75;13;CGC;BERÇO BTP 3;CARGO;N/A;1415
ComDragagem2030;4181;185.0;23.0;10.25;14;GSA - I;BERÇO ARM 30;CARGO;N/A;8005
ComDragagem2030;4182;225.0;23.0;0.0;16;GSA - E;BERÇO ARM 13/14;CARGO;N/A;4435
ComDragagem2030;4183;195.0;23.0;0.0;17;GSA - E;BERÇO ARM 20/21;CARGO;N/A;2515
ComDragagem2030;4184;225.0;23.0;0.0;17;GSA - E;BERÇO ARM 20/21;CARGO;N/A;3690
ComDragagem2030;4185;135.0;23.0;8.25;21;CGC;BERÇO DPW 3;CARGO;N/A;930
ComDragagem2030;4186;366.0;49.0;15.0;21;CGC;BERÇO DPW 2;CARGO;N/A;2660
ComDragagem2030;4187;305.0;23.0;13.25;21;CGC;BERÇO DPW 1;CARGO;N/A;1470
ComDragagem2030;4188;339.0;43.0;14.0;21;CGC;BERÇO DPW 1;CARGO;N/A;1865
ComDragagem2030;4189;225.0;23.0;0.0;24;GSA - E;BERÇO ARM 16/17;CARGO;N/A;3730
ComDragagem2030;4190;205.0;32.2;0.0;24;GSA - E;BERÇO ARM 19;CARGO;N/A;2600
ComDragagem2030;4191;185.0;23.0;10.25;31;CGC;BERÇO TECON 2;CARGO;N/A;1145
ComDragagem2030;4192;275.0;23.0;11.75;31;CGC;BERÇO TECON 1/2;CARGO;N/A;1130
ComDragagem2030;4193;305.0;23.0;12.75;31;CGC;BERÇO TECON 3;CARGO;N/A;1515
ComDragagem2030;4194;225.0;23.0;0.0;34;GSA - E;BERÇO TEG;CARGO;N/A;5270
ComDragagem2030;4195;225.0;23.0;0.0;36;GSA - E;BERÇO ARM 38;CARGO;N/A;6905
ComDragagem2030;4196;195.0;23.0;9.25;37;RORO;BERÇO TEV;CARGO;RO-RO;1335
ComDragagem2030;4197;225.0;23.0;0.0;38;GSA - E;BERÇO TGG;CARGO;N/A;2580
ComDragagem2030;4198;225.0;23.0;0.0;41;GSA - E;BERÇO TIPLAM 2;CARGO;N/A;4055
ComDragagem2030;4199;225.0;23.0;0.0;41;GSA - E;BERÇO TIPLAM 3;CARGO;N/A;4125
ComDragagem2030;4200;185.0;23.0;0.0;43;GL;BERÇO AL 02;CARGO;N/A;2050
ComDragagem2030;4201;185.0;23.0;0.0;43;GL;BERÇO AL 01;CARGO;N/A;2020
ComDragagem2030;4202;185.0;23.0;10.75;47;GL;BERÇO AL 02;CARGO;N/A;3820
ComDragagem2030;4203;76.0;18.0;6.0;8;CGNC;BERÇO SAIPEM 2;CARGO;N/A;1400
ComDragagem2030;4204;225.0;36.0;0.0;1;CGNC;BERÇO ARAUCO 1;CARGO;N/A;6205
ComDragagem2030;4205;225.0;36.0;0.0;12;CGNC;BERÇO ARM 35P2;CARGO;N/A;6100
ComDragagem2030;4206;185.0;23.0;10.25;13;CGC;BERÇO BTP 1;CARGO;N/A;1045
ComDragagem2030;4207;295.0;23.0;14.25;13;CGC;BERÇO BTP 2;CARGO;N/A;1360
ComDragagem2030;4208;295.0;23.0;14.25;13;CGC;BERÇO BTP 3;CARGO;N/A;1475
ComDragagem2030;4209;225.0;23.0;0.0;16;GSA - E;BERÇO ARM 13/14;CARGO;N/A;4530
ComDragagem2030;4210;225.0;23.0;0.0;16;GSA - E;BERÇO ARM 12A;CARGO;N/A;4555
ComDragagem2030;4211;225.0;23.0;0.0;19;GSA - E;BERÇO CUTRALE;CARGO;N/A;3345
ComDragagem2030;4212;195.0;23.0;11.25;21;CGC;BERÇO DPW 3;CARGO;N/A;970
ComDragagem2030;4213;265.0;23.0;12.25;21;CGC;BERÇO DPW 1;CARGO;N/A;1245
ComDragagem2030;4214;255.0;23.0;12.75;21;CGC;BERÇO DPW 3;CARGO;N/A;1250
ComDragagem2030;4215;195.0;23.0;0.0;24;GSA - E;BERÇO ARM 16/17;CARGO;N/A;2375
ComDragagem2030;4216;225.0;23.0;0.0;24;GSA - E;BERÇO ARM 19;CARGO;N/A;3315
ComDragagem2030;4217;175.0;23.0;10.75;27;GSM - I;BERÇO ARM 23;CARGO;N/A;3655
ComDragagem2030;4218;215.0;23.0;10.75;31;CGC;BERÇO TECON 1/2;CARGO;N/A;1215
ComDragagem2030;4219;295.0;23.0;13.25;31;CGC;BERÇO TECON 2;CARGO;N/A;1415
ComDragagem2030;4220;225.0;23.0;0.0;33;GSA - E;BERÇO TEAG;CARGO;N/A;5390
ComDragagem2030;4221;225.0;23.0;0.0;36;GSA - E;BERÇO ARM 38;CARGO;N/A;6975
ComDragagem2030;4222;255.0;23.0;0.0;36;GSA - E;BERÇO ARM 38;CARGO;N/A;9500
ComDragagem2030;4223;225.0;23.0;0.0;38;GSA - E;BERÇO TGG;CARGO;N/A;2545
ComDragagem2030;4224;225.0;23.0;0.0;41;GSA - E;BERÇO TIPLAM 2;CARGO;N/A;3975
ComDragagem2030;4225;175.0;23.0;10.25;42;GSM - I;BERÇO TIPLAM 4;CARGO;N/A;4595
ComDragagem2030;4226;295.0;23.0;0.0;44;GL;BERÇO TRSP;CARGO;DANGEROUS;3230
ComDragagem2030;4227;225.0;36.0;0.0;1;CGNC;BERÇO ARAUCO 3;CARGO;N/A;6130
ComDragagem2030;4228;225.0;36.0;0.0;1;CGNC;BERÇO ARAUCO 2;CARGO;N/A;6210
ComDragagem2030;4229;135.0;23.0;7.75;13;CGC;BERÇO BTP 3;CARGO;N/A;1350
ComDragagem2030;4230;195.0;23.0;11.75;13;CGC;BERÇO BTP 1;CARGO;N/A;1025
ComDragagem2030;4231;305.0;23.0;14.75;13;CGC;BERÇO BTP 2;CARGO;N/A;1465
ComDragagem2030;4232;339.0;43.0;14.0;13;CGC;BERÇO BTP 3;CARGO;N/A;1525
ComDragagem2030;4233;225.0;23.0;0.0;16;GSA - E;BERÇO ARM 12A;CARGO;N/A;4305
ComDragagem2030;4234;225.0;23.0;0.0;16;GSA - E;BERÇO ARM 13/14;CARGO;N/A;4430
ComDragagem2030;4235;225.0;23.0;0.0;18;GL;BERÇO CUTRALE;CARGO;N/A;10330
ComDragagem2030;4236;275.0;23.0;14.25;21;CGC;BERÇO DPW 2;CARGO;N/A;1180
ComDragagem2030;4237;305.0;23.0;14.25;21;CGC;BERÇO DPW 1;CARGO;N/A;1450
ComDragagem2030;4238;225.0;23.0;0.0;24;GSA - E;BERÇO ARM 16/17;CARGO;N/A;3360
ComDragagem2030;4239;225.0;23.0;14.25;27;GSM - I;BERÇO ARM 22/23;CARGO;N/A;3925
ComDragagem2030;4240;215.0;23.0;12.25;31;CGC;BERÇO TECON 1.1;CARGO;N/A;1230
ComDragagem2030;4241;215.0;23.0;12.25;31;CGC;BERÇO TECON 3;CARGO;N/A;1280
ComDragagem2030;4242;275.0;23.0;12.75;31;CGC;BERÇO TECON 2;CARGO;N/A;1190
ComDragagem2030;4243;275.0;23.0;14.25;31;CGC;BERÇO TECON 3;CARGO;N/A;1345
ComDragagem2030;4244;225.0;23.0;0.0;33;GSA - E;BERÇO TEAG;CARGO;N/A;5600
ComDragagem2030;4245;225.0;23.0;0.0;34;GSA - E;BERÇO TEG;CARGO;N/A;4785
ComDragagem2030;4246;235.0;23.0;0.0;41;GSA - E;BERÇO TIPLAM 2;CARGO;N/A;3905
ComDragagem2030;4247;195.0;23.0;11.25;42;GSM - I;BERÇO TIPLAM 4;CARGO;N/A;5410
ComDragagem2030;4248;82.3;17.0;4.5;8;CGNC;BERÇO SAIPEM 1;CARGO;N/A;1655
ComDragagem2030;4249;85.34;18.0;4.2;8;CGNC;BERÇO SAIPEM 2;CARGO;N/A;2835
ComDragagem2030;4250;225.0;36.0;0.0;1;CGNC;BERÇO ARAUCO 1;CARGO;N/A;6385
ComDragagem2030;4251;185.0;23.0;0.0;11;GL;BERÇO Ageo I;CARGO;N/A;3945
ComDragagem2030;4252;295.0;23.0;9.75;13;CGC;BERÇO BTP 1;CARGO;N/A;1420
ComDragagem2030;4253;175.0;23.0;0.0;15;GL;BERÇO ARM 29;CARGO;N/A;4680
ComDragagem2030;4254;225.0;23.0;0.0;16;GSA - E;BERÇO ARM 12A;CARGO;N/A;4620
ComDragagem2030;4255;185.0;23.0;0.0;17;GSA - E;BERÇO ARM 20/21;CARGO;N/A;2645
ComDragagem2030;4256;165.0;23.0;0.0;17;GSA - E;BERÇO ARM 20/21;CARGO;N/A;1700
ComDragagem2030;4257;225.0;23.0;0.0;17;GSA - E;BERÇO ARM 20/21;CARGO;N/A;3715
ComDragagem2030;4258;185.0;23.0;7.25;21;CGC;BERÇO DPW 3;CARGO;N/A;995
ComDragagem2030;4259;255.0;23.0;9.75;21;CGC;BERÇO DPW 3;CARGO;N/A;1190
ComDragagem2030;4260;185.0;23.0;0.0;24;GSA - E;BERÇO ARM 19;CARGO;N/A;2560
ComDragagem2030;4261;225.0;23.0;0.0;24;GSA - E;BERÇO ARM 16/17;CARGO;N/A;3415
ComDragagem2030;4262;205.0;32.2;0.0;24;GSA - E;BERÇO ARM 19;CARGO;N/A;2550
ComDragagem2030;4263;185.0;23.0;8.25;26;GL;BERÇO IB BC;CARGO;N/A;3140
ComDragagem2030;4264;185.0;23.0;9.25;28;GSA - I;BERÇO ARM 13/14;CARGO;N/A;17770
ComDragagem2030;4265;195.0;23.0;8.75;31;CGC;BERÇO TECON 1.1;CARGO;N/A;1255
ComDragagem2030;4266;185.0;23.0;8.75;31;CGC;BERÇO TECON 1.2;CARGO;N/A;1110
ComDragagem2030;4267;265.0;23.0;8.25;31;CGC;BERÇO TECON 2;CARGO;N/A;1160
ComDragagem2030;4268;295.0;23.0;10.75;31;CGC;BERÇO TECON 3;CARGO;N/A;1445
ComDragagem2030;4269;225.0;23.0;0.0;34;GSA - E;BERÇO TEG;CARGO;N/A;4800
ComDragagem2030;4270;225.0;23.0;0.0;36;GSA - E;BERÇO ARM 38;CARGO;N/A;6885
ComDragagem2030;4271;225.0;23.0;0.0;38;GSA - E;BERÇO TGG;CARGO;N/A;2605
ComDragagem2030;4272;225.0;23.0;0.0;41;GSA - E;BERÇO TIPLAM 3;CARGO;N/A;3910
ComDragagem2030;4273;225.0;23.0;0.0;41;GSA - E;BERÇO TIPLAM 3;CARGO;N/A;3955
ComDragagem2030;4274;185.0;23.0;0.0;43;GL;BERÇO AL 01;CARGO;N/A;2080
ComDragagem2030;4275;285.0;23.0;0.0;44;GL;BERÇO TRSP;CARGO;DANGEROUS;3230
ComDragagem2030;4276;175.0;23.0;0.0;47;GL;BERÇO AL 03;CARGO;N/A;3820
ComDragagem2030;4277;225.0;23.0;0.0;48;GSA - E;BERÇO ARM 37;CARGO;N/A;3480
ComDragagem2030;4278;87.9;19.0;5.1;8;CGNC;BERÇO SAIPEM 3;CARGO;N/A;3665
ComDragagem2030;4279;225.0;23.0;0.0;9;GSA - E;BERÇO ARM 39;CARGO;N/A;3270
ComDragagem2030;4280;135.0;23.0;7.75;13;CGC;BERÇO BTP 3;CARGO;N/A;1460
ComDragagem2030;4281;215.0;23.0;8.75;13;CGC;BERÇO BTP 2;CARGO;N/A;1080
ComDragagem2030;4282;295.0;23.0;10.75;13;CGC;BERÇO BTP 1;CARGO;N/A;1570
ComDragagem2030;4283;225.0;23.0;0.0;16;GSA - E;BERÇO ARM 12A;CARGO;N/A;5030
ComDragagem2030;4284;225.0;23.0;0.0;16;GSA - E;BERÇO ARM 12A;CARGO;N/A;4400
ComDragagem2030;4285;185.0;23.0;0.0;17;GSA - E;BERÇO ARM 20/21;CARGO;N/A;2525
ComDragagem2030;4286;185.0;23.0;0.0;17;GSA - E;BERÇO ARM 20/21;CARGO;N/A;2510
ComDragagem2030;4287;225.0;23.0;0.0;17;GSA - E;BERÇO ARM 20/21;CARGO;N/A;3645
ComDragagem2030;4288;165.0;23.0;8.25;20;GL;BERÇO DOW;CARGO;N/A;955
ComDragagem2030;4289;275.0;23.0;10.25;21;CGC;BERÇO DPW 2;CARGO;N/A;1230
ComDragagem2030;4290;195.0;23.0;0.0;24;GSA - E;BERÇO ARM 16/17;CARGO;N/A;2510
ComDragagem2030;4291;175.0;23.0;0.0;24;GSA - E;BERÇO ARM 16/17;CARGO;N/A;1840
ComDragagem2030;4292;225.0;23.0;0.0;24;GSA - E;BERÇO ARM 19;CARGO;N/A;3385
ComDragagem2030;4293;185.0;23.0;9.25;31;CGC;BERÇO TECON 1.2;CARGO;N/A;1165
ComDragagem2030;4294;195.0;23.0;9.25;31;CGC;BERÇO TECON 1.1;CARGO;N/A;1185
ComDragagem2030;4295;265.0;23.0;10.25;31;CGC;BERÇO TECON 3;CARGO;N/A;1155
ComDragagem2030;4296;295.0;23.0;11.25;31;CGC;BERÇO TECON 2;CARGO;N/A;1395
ComDragagem2030;4297;225.0;23.0;0.0;33;GSA - E;BERÇO TEAG;CARGO;N/A;5375
ComDragagem2030;4298;195.0;23.0;8.75;37;RORO;BERÇO TEV;CARGO;RO-RO;1350
ComDragagem2030;4299;225.0;23.0;0.0;38;GSA - E;BERÇO TGG;CARGO;N/A;2590
ComDragagem2030;4300;225.0;23.0;0.0;41;GSA - E;BERÇO TIPLAM 2;CARGO;N/A;4375
ComDragagem2030;4301;225.0;23.0;0.0;41;GSA - E;BERÇO TIPLAM 3;CARGO;N/A;4080
ComDragagem2030;4302;225.0;23.0;7.75;42;GSM - I;BERÇO TIPLAM 1;CARGO;N/A;6580
ComDragagem2030;4303;175.0;23.0;0.0;46;CGNC;BERÇO USIMINAS 2;CARGO;N/A;6085
ComDragagem2030;4304;215.0;23.0;0.0;48;GSA - E;BERÇO ARM 37;CARGO;N/A;3360
ComDragagem2030;4305;225.0;23.0;0.0;48;GSA - E;BERÇO ARM 37;CARGO;N/A;3420
ComDragagem2030;4306;225.0;36.0;0.0;1;CGNC;BERÇO ARAUCO 3;CARGO;N/A;6045
ComDragagem2030;4307;225.0;23.0;0.0;9;GSA - E;BERÇO ARM 39;CARGO;N/A;3315
ComDragagem2030;4308;175.0;23.0;0.0;11;GL;BERÇO IB SP;CARGO;N/A;3935
ComDragagem2030;4309;225.0;36.0;0.0;12;CGNC;BERÇO ARM 35P1;CARGO;N/A;6090
ComDragagem2030;4310;135.0;23.0;7.75;13;CGC;BERÇO BTP 2;CARGO;N/A;1510
ComDragagem2030;4311;295.0;23.0;11.75;13;CGC;BERÇO BTP 1;CARGO;N/A;1375
ComDragagem2030;4312;205.0;23.0;0.0;15;GL;BERÇO ARM 29;CARGO;N/A;4685
ComDragagem2030;4313;225.0;23.0;0.0;16;GSA - E;BERÇO ARM 12A;CARGO;N/A;4780
ComDragagem2030;4315;185.0;23.0;9.25;20;GL;BERÇO DOW;CARGO;N/A;2125
ComDragagem2030;4316;215.0;23.0;9.75;21;CGC;BERÇO DPW 2;CARGO;N/A;985
ComDragagem2030;4317;215.0;23.0;9.75;21;CGC;BERÇO DPW 1;CARGO;N/A;1005
ComDragagem2030;4318;265.0;23.0;10.75;21;CGC;BERÇO DPW 1;CARGO;N/A;1205
ComDragagem2030;4319;255.0;23.0;10.75;21;CGC;BERÇO DPW 3;CARGO;N/A;1205
ComDragagem2030;4320;295.0;23.0;12.25;21;CGC;BERÇO DPW 1;CARGO;N/A;1455
ComDragagem2030;4321;339.0;43.0;14.0;21;CGC;BERÇO DPW 2;CARGO;N/A;1760
ComDragagem2030;4322;225.0;36.0;0.0;22;CGNC;BERÇO DPW 4;CARGO;N/A;3950
ComDragagem2030;4323;225.0;36.0;0.0;23;CGNC;BERÇO ARM 31;CARGO;N/A;3345
ComDragagem2030;4324;185.0;23.0;10.75;27;GSM - I;BERÇO ARM 23;CARGO;N/A;4940
ComDragagem2030;4325;185.0;23.0;9.75;31;CGC;BERÇO TECON 1.2;CARGO;N/A;1255
ComDragagem2030;4326;255.0;23.0;10.75;31;CGC;BERÇO TECON 2;CARGO;N/A;1110
ComDragagem2030;4327;225.0;23.0;0.0;34;GSA - E;BERÇO TEG;CARGO;N/A;4780
ComDragagem2030;4330;195.0;23.0;8.75;37;RORO;BERÇO TEV;CARGO;RO-RO;1535
ComDragagem2030;4331;215.0;23.0;8.25;37;RORO;BERÇO TEV;CARGO;RO-RO;1510
ComDragagem2030;4332;225.0;23.0;0.0;41;GSA - E;BERÇO TIPLAM 2;CARGO;N/A;4025
ComDragagem2030;4333;225.0;23.0;0.0;41;GSA - E;BERÇO TIPLAM 3;CARGO;N/A;3955
ComDragagem2030;4334;225.0;23.0;7.75;42;GSM - I;BERÇO TIPLAM 4;CARGO;N/A;6585
ComDragagem2030;4335;295.0;23.0;0.0;44;GL;BERÇO TRSP;CARGO;DANGEROUS;3230
ComDragagem2030;4336;225.0;36.0;0.0;1;CGNC;BERÇO ARAUCO 2;CARGO;N/A;6060
ComDragagem2030;4337;185.0;23.0;9.75;11;GL;BERÇO Ageo I;CARGO;N/A;3940
ComDragagem2030;4338;135.0;23.0;7.75;13;CGC;BERÇO BTP 2;CARGO;N/A;1355
ComDragagem2030;4339;215.0;23.0;9.25;13;CGC;BERÇO BTP 3;CARGO;N/A;1045
ComDragagem2030;4340;285.0;23.0;12.25;13;CGC;BERÇO BTP 1;CARGO;N/A;1115
ComDragagem2030;4341;295.0;23.0;12.75;13;CGC;BERÇO BTP 3;CARGO;N/A;1400
ComDragagem2030;4342;175.0;23.0;10.25;14;GSA - I;BERÇO ARM 30;CARGO;N/A;8240
ComDragagem2030;4343;225.0;23.0;0.0;16;GSA - E;BERÇO ARM 13/14;CARGO;N/A;4305
ComDragagem2030;4344;185.0;23.0;0.0;17;GSA - E;BERÇO ARM 20/21;CARGO;N/A;2605
ComDragagem2030;4345;225.0;23.0;0.0;18;GL;BERÇO CUTRALE;CARGO;N/A;10840
ComDragagem2030;4346;185.0;23.0;10.25;21;CGC;BERÇO DPW 3;CARGO;N/A;975
ComDragagem2030;4347;255.0;23.0;11.25;21;CGC;BERÇO DPW 3;CARGO;N/A;1285
ComDragagem2030;4348;305.0;23.0;12.25;21;CGC;BERÇO DPW 1;CARGO;N/A;1450
ComDragagem2030;4349;195.0;23.0;0.0;24;GSA - E;BERÇO ARM 16/17;CARGO;N/A;2595
ComDragagem2030;4350;225.0;23.0;0.0;24;GSA - E;BERÇO ARM 19;CARGO;N/A;3315
ComDragagem2030;4351;215.0;23.0;9.75;31;CGC;BERÇO TECON 1.1;CARGO;N/A;1200
ComDragagem2030;4352;265.0;23.0;11.25;31;CGC;BERÇO TECON 2;CARGO;N/A;1090
ComDragagem2030;4353;295.0;23.0;12.25;31;CGC;BERÇO TECON 3;CARGO;N/A;1490
ComDragagem2030;4354;339.0;43.0;14.0;31;CGC;BERÇO TECON 1/2;CARGO;N/A;1685
ComDragagem2030;4355;225.0;23.0;0.0;34;GSA - E;BERÇO TEG;CARGO;N/A;4750
ComDragagem2030;4356;185.0;23.0;12.25;35;GSM - I;BERÇO TERMAG;CARGO;N/A;5815
ComDragagem2030;4358;175.0;23.0;9.25;37;RORO;BERÇO TEV;CARGO;RO-RO;1485
ComDragagem2030;4359;195.0;23.0;9.25;37;RORO;BERÇO TEV;CARGO;RO-RO;1340
ComDragagem2030;4360;225.0;23.0;0.0;41;GSA - E;BERÇO TIPLAM 3;CARGO;N/A;4190
ComDragagem2030;4361;225.0;23.0;0.0;41;GSA - E;BERÇO TIPLAM 2;CARGO;N/A;3980
ComDragagem2030;4362;195.0;23.0;10.25;42;GSM - I;BERÇO TIPLAM 1;CARGO;N/A;5335
ComDragagem2030;4363;175.0;23.0;0.0;43;GL;BERÇO AL 01;CARGO;N/A;2165
ComDragagem2030;4364;175.0;23.0;0.0;46;CGNC;BERÇO USIMINAS 1;CARGO;N/A;6160
ComDragagem2030;4365;75.2;17.0;5.9;8;CGNC;BERÇO SAIPEM 1;CARGO;N/A;3355
ComDragagem2030;4366;177.9;33.0;8.2;8;CGNC;BERÇO SAIPEM 2;CARGO;N/A;2265
ComDragagem2030;4367;185.0;23.0;9.25;10;GL;BERÇO IB BC;CARGO;N/A;2420
ComDragagem2030;4368;215.0;23.0;9.25;13;CGC;BERÇO BTP 2;CARGO;N/A;1320
ComDragagem2030;4369;245.0;23.0;13.25;13;CGC;BERÇO BTP 2;CARGO;N/A;1005
ComDragagem2030;4370;315.0;23.0;13.25;13;CGC;BERÇO BTP 1;CARGO;N/A;1375
ComDragagem2030;4371;175.0;23.0;10.25;14;GSA - I;BERÇO ARM 30;CARGO;N/A;8480
ComDragagem2030;4372;225.0;23.0;0.0;16;GSA - E;BERÇO ARM 12A;CARGO;N/A;4350
ComDragagem2030;4373;195.0;23.0;0.0;17;GSA - E;BERÇO ARM 20/21;CARGO;N/A;2730
ComDragagem2030;4374;225.0;23.0;0.0;19;GSA - E;BERÇO CUTRALE;CARGO;N/A;3420
ComDragagem2030;4375;205.0;23.0;10.75;21;CGC;BERÇO DPW 3;CARGO;N/A;970
ComDragagem2030;4376;265.0;23.0;11.75;21;CGC;BERÇO DPW 2;CARGO;N/A;1190
ComDragagem2030;4377;305.0;23.0;13.25;21;CGC;BERÇO DPW 1;CARGO;N/A;1470
ComDragagem2030;4378;225.0;36.0;0.0;23;CGNC;BERÇO ARM 31;CARGO;N/A;2625
ComDragagem2030;4379;225.0;23.0;0.0;24;GSA - E;BERÇO ARM 16/17;CARGO;N/A;3455
ComDragagem2030;4380;205.0;32.2;0.0;24;GSA - E;BERÇO ARM 19;CARGO;N/A;2785
ComDragagem2030;4381;185.0;23.0;10.75;31;CGC;BERÇO TECON 2;CARGO;N/A;1155
ComDragagem2030;4382;275.0;23.0;11.75;31;CGC;BERÇO TECON 3;CARGO;N/A;1355
ComDragagem2030;4383;295.0;23.0;12.75;31;CGC;BERÇO TECON 1/2;CARGO;N/A;1480
ComDragagem2030;4384;175.0;23.0;10.75;32;GL;BERÇO AL 02;CARGO;N/A;3840
ComDragagem2030;4385;195.0;23.0;12.25;35;GSM - I;BERÇO TERMAG;CARGO;N/A;6205
ComDragagem2030;4386;195.0;23.0;9.25;37;RORO;BERÇO TEV;CARGO;RO-RO;1495
ComDragagem2030;4387;235.0;23.0;9.25;37;RORO;BERÇO TEV;CARGO;RO-RO;1290
ComDragagem2030;4388;225.0;23.0;0.0;41;GSA - E;BERÇO TIPLAM 2;CARGO;N/A;3930
ComDragagem2030;4389;245.0;23.0;0.0;43;GL;BERÇO AL 01;CARGO;N/A;3060
ComDragagem2030;4390;185.0;23.0;0.0;43;GL;BERÇO AL 02;CARGO;N/A;1920
ComDragagem2030;4391;225.0;23.0;12.75;47;GL;BERÇO AL 03;CARGO;N/A;7505
ComDragagem2030;4392;185.0;23.0;10.75;47;GL;BERÇO AL 02;CARGO;N/A;3820
ComDragagem2030;4393;225.0;23.0;0.0;48;GSA - E;BERÇO ARM 37;CARGO;N/A;3365
ComDragagem2030;4394;155.0;23.0;9.75;11;GL;BERÇO IB SP;CARGO;N/A;2825
ComDragagem2030;4395;205.0;23.0;10.25;13;CGC;BERÇO BTP 3;CARGO;N/A;1175
ComDragagem2030;4396;185.0;23.0;10.25;13;CGC;BERÇO BTP 2;CARGO;N/A;1190
ComDragagem2030;4397;295.0;23.0;13.75;13;CGC;BERÇO BTP 3;CARGO;N/A;1375
ComDragagem2030;4398;205.0;23.0;0.0;15;GL;BERÇO ARM 29;CARGO;N/A;4695
ComDragagem2030;4399;225.0;23.0;0.0;16;GSA - E;BERÇO ARM 12A;CARGO;N/A;4355
ComDragagem2030;4400;225.0;23.0;0.0;17;GSA - E;BERÇO ARM 20/21;CARGO;N/A;3725
ComDragagem2030;4401;250.0;38.0;0.0;19;GSA - E;BERÇO CUTRALE;CARGO;N/A;4700
ComDragagem2030;4402;215.0;23.0;10.75;21;CGC;BERÇO DPW 2;CARGO;N/A;1075
ComDragagem2030;4403;225.0;36.0;0.0;23;CGNC;BERÇO ARM 31;CARGO;N/A;2965
ComDragagem2030;4404;175.0;23.0;0.0;24;GSA - E;BERÇO ARM 16/17;CARGO;N/A;1830
ComDragagem2030;4405;225.0;23.0;0.0;24;GSA - E;BERÇO ARM 19;CARGO;N/A;3350
ComDragagem2030;4406;225.0;23.0;13.25;27;GSM - I;BERÇO ARM 22/23;CARGO;N/A;3055
ComDragagem2030;4407;205.0;23.0;0.0;30;GL;BERÇO ARM 29;CARGO;N/A;8330
ComDragagem2030;4408;265.0;23.0;12.25;31;CGC;BERÇO TECON 2;CARGO;N/A;1320
ComDragagem2030;4409;185.0;23.0;10.75;32;GL;BERÇO AL 03;CARGO;N/A;3990
ComDragagem2030;4412;225.0;23.0;0.0;38;GSA - E;BERÇO TGG;CARGO;N/A;2515
ComDragagem2030;4413;225.0;23.0;0.0;41;GSA - E;BERÇO TIPLAM 3;CARGO;N/A;3945
ComDragagem2030;4414;185.0;23.0;0.0;43;GL;BERÇO AL 01;CARGO;N/A;1925
ComDragagem2030;4415;225.0;23.0;0.0;48;GSA - E;BERÇO ARM 37;CARGO;N/A;3420
ComDragagem2030;4416;165.0;23.0;11.25;11;GL;BERÇO Ageo I;CARGO;N/A;2870
ComDragagem2030;4417;185.0;23.0;12.25;11;GL;BERÇO IB BC;CARGO;N/A;3945
ComDragagem2030;4418;215.0;23.0;10.75;13;CGC;BERÇO BTP 1;CARGO;N/A;1015
ComDragagem2030;4419;275.0;23.0;14.25;13;CGC;BERÇO BTP 2;CARGO;N/A;1135
ComDragagem2030;4420;339.0;43.0;14.0;13;CGC;BERÇO BTP 3;CARGO;N/A;1555
ComDragagem2030;4421;225.0;23.0;0.0;16;GSA - E;BERÇO ARM 12A;CARGO;N/A;5050
ComDragagem2030;4422;225.0;23.0;0.0;16;GSA - E;BERÇO ARM 12A;CARGO;N/A;4340
ComDragagem2030;4423;205.0;23.0;11.75;21;CGC;BERÇO DPW 3;CARGO;N/A;920
ComDragagem2030;4424;205.0;23.0;11.25;21;CGC;BERÇO DPW 3;CARGO;N/A;985
ComDragagem2030;4425;275.0;23.0;12.75;21;CGC;BERÇO DPW 1;CARGO;N/A;1300
ComDragagem2030;4426;325.0;23.0;14.25;21;CGC;BERÇO DPW 2;CARGO;N/A;1500
ComDragagem2030;4427;225.0;23.0;0.0;24;GSA - E;BERÇO ARM 16/17;CARGO;N/A;3425
ComDragagem2030;4428;135.0;23.0;7.25;31;CGC;BERÇO TECON 1.1;CARGO;N/A;555
ComDragagem2030;4429;215.0;23.0;12.25;31;CGC;BERÇO TECON 1.1;CARGO;N/A;1170
ComDragagem2030;4430;366.0;49.0;15.0;31;CGC;BERÇO TECON 3;CARGO;N/A;2490
ComDragagem2030;4431;275.0;23.0;13.75;31;CGC;BERÇO TECON 2;CARGO;N/A;1205
ComDragagem2030;4432;339.0;43.0;14.0;31;CGC;BERÇO TECON 3;CARGO;N/A;1715
ComDragagem2030;4434;195.0;23.0;10.25;37;RORO;BERÇO TEV;CARGO;RO-RO;1440
ComDragagem2030;4435;225.0;23.0;0.0;41;GSA - E;BERÇO TIPLAM 3;CARGO;N/A;3860
ComDragagem2030;4436;185.0;23.0;11.75;47;GL;BERÇO AL 02;CARGO;N/A;3820
ComDragagem2030;4437;85.34;18.0;4.3;8;CGNC;BERÇO SAIPEM 1;CARGO;N/A;340
ComDragagem2030;4438;225.0;36.0;0.0;1;CGNC;BERÇO ARAUCO 1;CARGO;N/A;6095
ComDragagem2030;4439;155.0;23.0;0.0;2;GL;BERÇO AL 01;CARGO;N/A;3425
ComDragagem2030;4440;225.0;36.0;0.0;12;CGNC;BERÇO ARM 35P1;CARGO;N/A;6190
ComDragagem2030;4441;305.0;23.0;9.75;13;CGC;BERÇO BTP 1;CARGO;N/A;1390
ComDragagem2030;4442;225.0;23.0;0.0;16;GSA - E;BERÇO ARM 13/14;CARGO;N/A;4345
ComDragagem2030;4443;225.0;23.0;0.0;16;GSA - E;BERÇO ARM 13/14;CARGO;N/A;4695
ComDragagem2030;4444;185.0;23.0;0.0;17;GSA - E;BERÇO ARM 20/21;CARGO;N/A;2510
ComDragagem2030;4445;225.0;23.0;0.0;17;GSA - E;BERÇO ARM 20/21;CARGO;N/A;3725
ComDragagem2030;4446;225.0;23.0;0.0;17;GSA - E;BERÇO ARM 20/21;CARGO;N/A;3670
ComDragagem2030;4447;245.0;23.0;8.75;21;CGC;BERÇO DPW 3;CARGO;N/A;1200
ComDragagem2030;4448;295.0;23.0;9.75;21;CGC;BERÇO DPW 1;CARGO;N/A;1475
ComDragagem2030;4449;175.0;23.0;0.0;24;GSA - E;BERÇO ARM 19;CARGO;N/A;1845
ComDragagem2030;4450;225.0;23.0;0.0;24;GSA - E;BERÇO ARM 16/17;CARGO;N/A;3365
ComDragagem2030;4451;205.0;32.2;0.0;24;GSA - E;BERÇO ARM 19;CARGO;N/A;2750
ComDragagem2030;4452;185.0;23.0;8.75;27;GSM - I;BERÇO ARM 23;CARGO;N/A;4595
ComDragagem2030;4453;175.0;23.0;9.25;28;GSA - I;BERÇO ARM 13/14;CARGO;N/A;13490
ComDragagem2030;4454;175.0;23.0;0.0;30;GL;BERÇO ARM 29;CARGO;N/A;8355
ComDragagem2030;4455;185.0;23.0;8.75;31;CGC;BERÇO TECON 1.2;CARGO;N/A;1170
ComDragagem2030;4456;255.0;23.0;9.25;31;CGC;BERÇO TECON 2;CARGO;N/A;1125
ComDragagem2030;4457;295.0;23.0;10.25;31;CGC;BERÇO TECON 1/2;CARGO;N/A;1605
ComDragagem2030;4458;185.0;23.0;10.25;35;GSM - I;BERÇO TERMAG;CARGO;N/A;6345
ComDragagem2030;4459;195.0;23.0;8.25;37;RORO;BERÇO TEV;CARGO;RO-RO;1485
ComDragagem2030;4460;225.0;23.0;0.0;38;GSA - E;BERÇO TGG;CARGO;N/A;2710
ComDragagem2030;4461;225.0;23.0;0.0;41;GSA - E;BERÇO TIPLAM 2;CARGO;N/A;4085
ComDragagem2030;4462;225.0;23.0;7.75;42;GSM - I;BERÇO TIPLAM 1;CARGO;N/A;6460
ComDragagem2030;4463;185.0;23.0;0.0;43;GL;BERÇO AL 01;CARGO;N/A;2035
ComDragagem2030;4464;135.0;23.0;0.0;46;CGNC;BERÇO USIMINAS 2;CARGO;N/A;5565
ComDragagem2030;4465;185.0;23.0;0.0;47;GL;BERÇO AL 03;CARGO;N/A;3820
ComDragagem2030;4466;225.0;23.0;0.0;48;GSA - E;BERÇO ARM 37;CARGO;N/A;3375
ComDragagem2030;4467;76.0;18.0;5.0;8;CGNC;BERÇO SAIPEM 1;CARGO;N/A;720
ComDragagem2030;4468;225.0;36.0;0.0;1;CGNC;BERÇO ARAUCO 2;CARGO;N/A;6055
ComDragagem2030;4469;165.0;23.0;0.0;11;GL;BERÇO IB SP;CARGO;N/A;2840
ComDragagem2030;4470;135.0;23.0;7.75;13;CGC;BERÇO BTP 2;CARGO;N/A;1485
ComDragagem2030;4471;245.0;23.0;11.25;13;CGC;BERÇO BTP 1;CARGO;N/A;1005
ComDragagem2030;4472;295.0;23.0;10.75;13;CGC;BERÇO BTP 3;CARGO;N/A;1395
ComDragagem2030;4473;175.0;23.0;0.0;15;GL;BERÇO ARM 29;CARGO;N/A;4710
ComDragagem2030;4474;225.0;23.0;0.0;16;GSA - E;BERÇO ARM 12A;CARGO;N/A;4510
ComDragagem2030;4475;185.0;23.0;0.0;17;GSA - E;BERÇO ARM 20/21;CARGO;N/A;2515
ComDragagem2030;4476;225.0;23.0;0.0;17;GSA - E;BERÇO ARM 20/21;CARGO;N/A;3675
ComDragagem2030;4477;225.0;23.0;0.0;17;GSA - E;BERÇO ARM 20/21;CARGO;N/A;3660
ComDragagem2030;4478;255.0;23.0;10.25;21;CGC;BERÇO DPW 3;CARGO;N/A;1310
ComDragagem2030;4479;225.0;36.0;0.0;22;CGNC;BERÇO DPW 4;CARGO;N/A;4180
ComDragagem2030;4480;185.0;23.0;0.0;24;GSA - E;BERÇO ARM 19;CARGO;N/A;2525
ComDragagem2030;4481;225.0;23.0;0.0;24;GSA - E;BERÇO ARM 19;CARGO;N/A;3410
ComDragagem2030;4482;205.0;32.2;0.0;24;GSA - E;BERÇO ARM 16/17;CARGO;N/A;2500
ComDragagem2030;4483;225.0;36.0;0.0;29;CGNC;BERÇO ARM 31;CARGO;N/A;13030
ComDragagem2030;4484;366.0;49.0;15.0;31;CGC;BERÇO TECON 2;CARGO;N/A;2605
ComDragagem2030;4485;255.0;23.0;10.25;31;CGC;BERÇO TECON 3;CARGO;N/A;1085
ComDragagem2030;4486;295.0;23.0;11.75;31;CGC;BERÇO TECON 1/2;CARGO;N/A;1425
ComDragagem2030;4487;339.0;43.0;14.0;31;CGC;BERÇO TECON 2;CARGO;N/A;1745
ComDragagem2030;4488;235.0;23.0;8.25;37;RORO;BERÇO TEV;CARGO;RO-RO;1320
ComDragagem2030;4489;225.0;23.0;0.0;38;GSA - E;BERÇO TGG;CARGO;N/A;2545
ComDragagem2030;4490;225.0;23.0;0.0;41;GSA - E;BERÇO TIPLAM 3;CARGO;N/A;4210
ComDragagem2030;4491;225.0;23.0;0.0;41;GSA - E;BERÇO TIPLAM 2;CARGO;N/A;3920
ComDragagem2030;4492;185.0;23.0;0.0;43;GL;BERÇO AL 01;CARGO;N/A;1940
ComDragagem2030;4493;175.0;23.0;0.0;46;CGNC;BERÇO USIMINAS 1;CARGO;N/A;8305
ComDragagem2030;4494;225.0;23.0;0.0;48;GSA - E;BERÇO ARM 37;CARGO;N/A;3390
ComDragagem2030;4495;250.0;38.0;0.0;48;GSA - E;BERÇO ARM 37;CARGO;N/A;5550
ComDragagem2030;4496;87.9;19.0;5.2;8;CGNC;BERÇO SAIPEM 1;CARGO;N/A;785
ComDragagem2030;4497;225.0;23.0;0.0;9;GSA - E;BERÇO ARM 39;CARGO;N/A;3390
ComDragagem2030;4498;155.0;23.0;0.0;11;GL;BERÇO Ageo I;CARGO;N/A;2825
ComDragagem2030;4499;225.0;36.0;0.0;12;CGNC;BERÇO ARM 35P2;CARGO;N/A;6090
ComDragagem2030;4500;225.0;36.0;0.0;12;CGNC;BERÇO ARM 35P1;CARGO;N/A;6050
ComDragagem2030;4501;215.0;23.0;8.75;13;CGC;BERÇO BTP 2;CARGO;N/A;1260
ComDragagem2030;4502;295.0;23.0;11.75;13;CGC;BERÇO BTP 1;CARGO;N/A;1385
ComDragagem2030;4503;225.0;23.0;0.0;16;GSA - E;BERÇO ARM 13/14;CARGO;N/A;5030
ComDragagem2030;4504;225.0;23.0;0.0;16;GSA - E;BERÇO ARM 12A;CARGO;N/A;4305
ComDragagem2030;4505;195.0;23.0;0.0;17;GSA - E;BERÇO ARM 20/21;CARGO;N/A;2750
ComDragagem2030;4506;225.0;23.0;0.0;19;GSA - E;BERÇO CUTRALE;CARGO;N/A;3445
ComDragagem2030;4507;125.0;23.0;7.25;21;CGC;BERÇO DPW 2;CARGO;N/A;905
ComDragagem2030;4508;215.0;23.0;9.25;21;CGC;BERÇO DPW 1;CARGO;N/A;985
ComDragagem2030;4509;366.0;49.0;15.0;21;CGC;BERÇO DPW 1;CARGO;N/A;2675
ComDragagem2030;4510;275.0;23.0;10.25;21;CGC;BERÇO DPW 1;CARGO;N/A;1220
ComDragagem2030;4511;295.0;23.0;12.25;21;CGC;BERÇO DPW 2;CARGO;N/A;1450
ComDragagem2030;4512;295.0;23.0;12.25;21;CGC;BERÇO DPW 2;CARGO;N/A;1480
ComDragagem2030;4513;225.0;36.0;0.0;22;CGNC;BERÇO DPW 3;CARGO;N/A;3985
ComDragagem2030;4514;225.0;23.0;0.0;24;GSA - E;BERÇO ARM 16/17;CARGO;N/A;3395
ComDragagem2030;4515;175.0;23.0;9.75;27;GSM - I;BERÇO ARM 22/23;CARGO;N/A;3775
ComDragagem2030;4516;255.0;23.0;10.75;31;CGC;BERÇO TECON 3;CARGO;N/A;1055
ComDragagem2030;4517;225.0;23.0;0.0;33;GSA - E;BERÇO TEAG;CARGO;N/A;5420
ComDragagem2030;4520;195.0;23.0;8.75;37;RORO;BERÇO TEV;CARGO;RO-RO;1675
ComDragagem2030;4521;195.0;23.0;8.75;37;RORO;BERÇO TEV;CARGO;RO-RO;1370
ComDragagem2030;4522;225.0;23.0;0.0;38;GSA - E;BERÇO TGG;CARGO;N/A;2505
ComDragagem2030;4523;225.0;23.0;0.0;41;GSA - E;BERÇO TIPLAM 3;CARGO;N/A;4415
ComDragagem2030;4524;185.0;23.0;9.75;42;GSM - I;BERÇO TIPLAM 4;CARGO;N/A;5250
ComDragagem2030;4525;185.0;23.0;0.0;43;GL;BERÇO AL 02;CARGO;N/A;1885
ComDragagem2030;4526;215.0;23.0;0.0;48;GSA - E;BERÇO ARM 37;CARGO;N/A;3360
ComDragagem2030;4527;155.0;23.0;8.75;11;GL;BERÇO IB SP;CARGO;N/A;2815
ComDragagem2030;4528;185.0;23.0;9.75;11;GL;BERÇO IB BC;CARGO;N/A;3940
ComDragagem2030;4529;215.0;23.0;9.25;13;CGC;BERÇO BTP 3;CARGO;N/A;950
ComDragagem2030;4530;275.0;23.0;12.75;13;CGC;BERÇO BTP 3;CARGO;N/A;1065
ComDragagem2030;4531;295.0;23.0;12.75;13;CGC;BERÇO BTP 2;CARGO;N/A;1545
ComDragagem2030;4532;339.0;43.0;14.0;13;CGC;BERÇO BTP 1;CARGO;N/A;1590
ComDragagem2030;4533;225.0;23.0;0.0;16;GSA - E;BERÇO ARM 13/14;CARGO;N/A;5495
ComDragagem2030;4534;225.0;23.0;0.0;16;GSA - E;BERÇO ARM 12A;CARGO;N/A;4590
ComDragagem2030;4535;175.0;23.0;0.0;18;GL;BERÇO CUTRALE;CARGO;N/A;3875
ComDragagem2030;4536;185.0;23.0;10.25;21;CGC;BERÇO DPW 3;CARGO;N/A;975
ComDragagem2030;4537;255.0;23.0;11.25;21;CGC;BERÇO DPW 1;CARGO;N/A;1295
ComDragagem2030;4538;305.0;23.0;12.25;21;CGC;BERÇO DPW 2;CARGO;N/A;1470
ComDragagem2030;4539;185.0;23.0;0.0;24;GSA - E;BERÇO ARM 19;CARGO;N/A;2415
ComDragagem2030;4540;225.0;23.0;0.0;24;GSA - E;BERÇO ARM 16/17;CARGO;N/A;3495
ComDragagem2030;4541;195.0;23.0;9.75;31;CGC;BERÇO TECON 1.2;CARGO;N/A;1205
ComDragagem2030;4542;255.0;23.0;11.25;31;CGC;BERÇO TECON 3;CARGO;N/A;1055
ComDragagem2030;4543;265.0;23.0;11.25;31;CGC;BERÇO TECON 1/2;CARGO;N/A;1090
ComDragagem2030;4544;339.0;43.0;14.0;31;CGC;BERÇO TECON 2;CARGO;N/A;1705
ComDragagem2030;4545;225.0;23.0;0.0;33;GSA - E;BERÇO TEAG;CARGO;N/A;5415
ComDragagem2030;4546;185.0;23.0;12.25;35;GSM - I;BERÇO TERMAG;CARGO;N/A;5960
ComDragagem2030;4547;225.0;23.0;14.25;35;GSM - I;BERÇO TERMAG;CARGO;N/A;7035
ComDragagem2030;4549;175.0;23.0;9.25;37;RORO;BERÇO TEV;CARGO;RO-RO;1425
ComDragagem2030;4550;225.0;23.0;0.0;38;GSA - E;BERÇO TGG;CARGO;N/A;2545
ComDragagem2030;4551;225.0;23.0;0.0;41;GSA - E;BERÇO TIPLAM 2;CARGO;N/A;3955
ComDragagem2030;4552;225.0;23.0;0.0;41;GSA - E;BERÇO TIPLAM 3;CARGO;N/A;3835
ComDragagem2030;4553;185.0;23.0;0.0;43;GL;BERÇO AL 01;CARGO;N/A;3105
ComDragagem2030;4554;285.0;23.0;0.0;44;GL;BERÇO TRSP;CARGO;DANGEROUS;3230
ComDragagem2030;4555;155.0;23.0;10.25;10;GL;BERÇO IB OE;CARGO;N/A;2325
ComDragagem2030;4556;135.0;23.0;7.75;13;CGC;BERÇO BTP 1;CARGO;N/A;1415
ComDragagem2030;4557;215.0;23.0;9.25;13;CGC;BERÇO BTP 2;CARGO;N/A;975
ComDragagem2030;4558;295.0;23.0;13.25;13;CGC;BERÇO BTP 3;CARGO;N/A;1510
ComDragagem2030;4559;339.0;43.0;14.0;13;CGC;BERÇO BTP 2;CARGO;N/A;1620
ComDragagem2030;4560;225.0;23.0;0.0;16;GSA - E;BERÇO ARM 12A;CARGO;N/A;4550
ComDragagem2030;4561;225.0;23.0;0.0;16;GSA - E;BERÇO ARM 13/14;CARGO;N/A;4450
ComDragagem2030;4562;225.0;23.0;0.0;17;GSA - E;BERÇO ARM 20/21;CARGO;N/A;3750
ComDragagem2030;4563;205.0;23.0;10.75;21;CGC;BERÇO DPW 3;CARGO;N/A;920
ComDragagem2030;4564;205.0;23.0;10.25;21;CGC;BERÇO DPW 2;CARGO;N/A;980
ComDragagem2030;4565;265.0;23.0;11.75;21;CGC;BERÇO DPW 1;CARGO;N/A;1175
ComDragagem2030;4566;225.0;36.0;0.0;23;CGNC;BERÇO ARM 31;CARGO;N/A;2330
ComDragagem2030;4567;225.0;23.0;0.0;24;GSA - E;BERÇO ARM 19;CARGO;N/A;3395
ComDragagem2030;4568;205.0;32.2;0.0;24;GSA - E;BERÇO ARM 16/17;CARGO;N/A;2695
ComDragagem2030;4569;215.0;23.0;10.25;31;CGC;BERÇO TECON 1.1;CARGO;N/A;1130
ComDragagem2030;4570;265.0;23.0;11.75;31;CGC;BERÇO TECON 3;CARGO;N/A;1075
ComDragagem2030;4571;339.0;43.0;14.0;31;CGC;BERÇO TECON 3;CARGO;N/A;1700
ComDragagem2030;4572;155.0;23.0;8.25;32;GL;BERÇO AL 03;CARGO;N/A;2225
ComDragagem2030;4573;225.0;23.0;0.0;34;GSA - E;BERÇO TEG;CARGO;N/A;4835
ComDragagem2030;4575;225.0;23.0;0.0;38;GSA - E;BERÇO TGG;CARGO;N/A;2590
ComDragagem2030;4576;165.0;23.0;9.75;40;GL;BERÇO TIPLAM 1;CARGO;N/A;1695
ComDragagem2030;4577;155.0;23.0;0.0;43;GL;BERÇO AL 02;CARGO;N/A;1825
ComDragagem2030;4578;185.0;23.0;0.0;43;GL;BERÇO AL 01;CARGO;N/A;2095
ComDragagem2030;4579;165.0;23.0;9.25;47;GL;BERÇO AL 04;CARGO;N/A;2540
ComDragagem2030;4580;225.0;23.0;0.0;48;GSA - E;BERÇO ARM 37;CARGO;N/A;3425
ComDragagem2030;4581;225.0;23.0;0.0;48;GSA - E;BERÇO ARM 37;CARGO;N/A;3400
ComDragagem2030;4582;225.0;36.0;0.0;1;CGNC;BERÇO ARAUCO 3;CARGO;N/A;6105
ComDragagem2030;4583;175.0;23.0;10.75;11;GL;BERÇO Ageo I;CARGO;N/A;3955
ComDragagem2030;4584;185.0;23.0;10.25;13;CGC;BERÇO BTP 1;CARGO;N/A;995
ComDragagem2030;4585;295.0;23.0;14.25;13;CGC;BERÇO BTP 3;CARGO;N/A;1415
ComDragagem2030;4586;295.0;23.0;14.25;13;CGC;BERÇO BTP 1;CARGO;N/A;1390
ComDragagem2030;4587;225.0;23.0;0.0;16;GSA - E;BERÇO ARM 13/14;CARGO;N/A;5090
ComDragagem2030;4588;225.0;23.0;0.0;16;GSA - E;BERÇO ARM 12A;CARGO;N/A;4510
ComDragagem2030;4589;195.0;23.0;0.0;17;GSA - E;BERÇO ARM 20/21;CARGO;N/A;2535
ComDragagem2030;4590;225.0;23.0;0.0;19;GSA - E;BERÇO CUTRALE;CARGO;N/A;3640
ComDragagem2030;4591;275.0;23.0;12.25;21;CGC;BERÇO DPW 2;CARGO;N/A;1225
ComDragagem2030;4592;305.0;23.0;13.75;21;CGC;BERÇO DPW 2;CARGO;N/A;1530
ComDragagem2030;4593;225.0;23.0;0.0;24;GSA - E;BERÇO ARM 19;CARGO;N/A;3340
ComDragagem2030;4594;225.0;23.0;0.0;24;GSA - E;BERÇO ARM 16/17;CARGO;N/A;3455
ComDragagem2030;4595;185.0;23.0;12.25;27;GSM - I;BERÇO ARM 22/23;CARGO;N/A;4695
ComDragagem2030;4596;175.0;23.0;0.0;30;GL;BERÇO ARM 29;CARGO;N/A;8325
ComDragagem2030;4597;295.0;23.0;13.25;31;CGC;BERÇO TECON 2;CARGO;N/A;1405
ComDragagem2030;4598;155.0;23.0;8.25;32;GL;BERÇO AL 02;CARGO;N/A;2160
ComDragagem2030;4601;195.0;23.0;9.25;37;RORO;BERÇO TEV;CARGO;RO-RO;1820
ComDragagem2030;4602;225.0;23.0;0.0;41;GSA - E;BERÇO TIPLAM 3;CARGO;N/A;3945
ComDragagem2030;4603;225.0;23.0;13.25;42;GSM - I;BERÇO TIPLAM 4;CARGO;N/A;6725
ComDragagem2030;4604;185.0;23.0;0.0;43;GL;BERÇO AL 01;CARGO;N/A;2090
ComDragagem2030;4605;163.46;30.0;8.1;8;CGNC;BERÇO SAIPEM 1;CARGO;N/A;2965
ComDragagem2030;4606;225.0;36.0;0.0;1;CGNC;BERÇO ARAUCO 1;CARGO;N/A;6270
ComDragagem2030;4607;155.0;23.0;10.75;11;GL;BERÇO IB BC;CARGO;N/A;2820
ComDragagem2030;4608;366.0;49.0;15.0;13;CGC;BERÇO BTP 3;CARGO;N/A;1965
ComDragagem2030;4609;295.0;23.0;14.25;13;CGC;BERÇO BTP 2;CARGO;N/A;1485
ComDragagem2030;4610;185.0;23.0;10.75;14;GSA - I;BERÇO ARM 30;CARGO;N/A;8575
ComDragagem2030;4612;225.0;23.0;0.0;16;GSA - E;BERÇO ARM 12A;CARGO;N/A;4275
ComDragagem2030;4613;185.0;23.0;11.75;21;CGC;BERÇO DPW 3;CARGO;N/A;970
ComDragagem2030;4614;255.0;23.0;13.25;21;CGC;BERÇO DPW 3;CARGO;N/A;1270
ComDragagem2030;4615;265.0;23.0;12.75;21;CGC;BERÇO DPW 1;CARGO;N/A;1215
ComDragagem2030;4616;225.0;23.0;0.0;24;GSA - E;BERÇO ARM 16/17;CARGO;N/A;3460
ComDragagem2030;4617;205.0;32.2;0.0;24;GSA - E;BERÇO ARM 16/17;CARGO;N/A;2530
ComDragagem2030;4618;215.0;23.0;0.0;30;GL;BERÇO ARM 29;CARGO;N/A;8400
ComDragagem2030;4619;215.0;23.0;11.25;31;CGC;BERÇO TECON 1.2;CARGO;N/A;1225
ComDragagem2030;4620;275.0;23.0;13.75;31;CGC;BERÇO TECON 3;CARGO;N/A;1130
ComDragagem2030;4621;275.0;23.0;14.25;31;CGC;BERÇO TECON 1/2;CARGO;N/A;1125
ComDragagem2030;4622;339.0;43.0;14.0;31;CGC;BERÇO TECON 2;CARGO;N/A;1760
ComDragagem2030;4623;225.0;23.0;0.0;33;GSA - E;BERÇO TEAG;CARGO;N/A;5385
ComDragagem2030;4624;225.0;23.0;0.0;38;GSA - E;BERÇO TGG;CARGO;N/A;2685
ComDragagem2030;4625;225.0;23.0;13.75;42;GSM - I;BERÇO TIPLAM 1;CARGO;N/A;6410
ComDragagem2030;4626;225.0;23.0;0.0;48;GSA - E;BERÇO ARM 37;CARGO;N/A;3860
ComDragagem2030;4630;185.0;23.0;8.25;21;CGC;BERÇO DPW 3;CARGO;N/A;1045
ComDragagem2030;4631;255.0;23.0;9.75;21;CGC;BERÇO DPW 3;CARGO;N/A;1215
ComDragagem2030;4632;255.0;23.0;9.75;21;CGC;BERÇO DPW 2;CARGO;N/A;1170
ComDragagem2030;4633;295.0;23.0;9.75;21;CGC;BERÇO DPW 1;CARGO;N/A;1490
ComDragagem2030;4634;175.0;23.0;0.0;24;GSA - E;BERÇO ARM 19;CARGO;N/A;1885
ComDragagem2030;4635;205.0;32.2;0.0;24;GSA - E;BERÇO ARM 19;CARGO;N/A;2545
ComDragagem2030;4636;225.0;36.0;0.0;29;CGNC;BERÇO ARM 31;CARGO;N/A;13295
ComDragagem2030;4637;135.0;23.0;6.75;31;CGC;BERÇO TECON 1.2;CARGO;N/A;575
ComDragagem2030;4638;185.0;23.0;8.75;31;CGC;BERÇO TECON 1.1;CARGO;N/A;1140
ComDragagem2030;4639;255.0;23.0;9.75;31;CGC;BERÇO TECON 2;CARGO;N/A;1095
ComDragagem2030;4640;315.0;23.0;9.75;31;CGC;BERÇO TECON 3;CARGO;N/A;1430
ComDragagem2030;4641;225.0;23.0;12.25;35;GSM - I;BERÇO TERMAG;CARGO;N/A;7255
ComDragagem2030;4642;195.0;23.0;8.25;37;RORO;BERÇO TEV;CARGO;RO-RO;1370
ComDragagem2030;4643;235.0;23.0;8.25;37;RORO;BERÇO TEV;CARGO;RO-RO;1355
ComDragagem2030;4644;165.0;23.0;9.75;40;GL;BERÇO TIPLAM 1;CARGO;N/A;1385
ComDragagem2030;4645;225.0;23.0;0.0;41;GSA - E;BERÇO TIPLAM 2;CARGO;N/A;4130
ComDragagem2030;4646;285.0;23.0;0.0;44;GL;BERÇO TRSP;CARGO;DANGEROUS;3230
ComDragagem2030;4647;185.0;23.0;0.0;47;GL;BERÇO AL 03;CARGO;N/A;3820
ComDragagem2030;4648;155.0;23.0;0.0;11;GL;BERÇO IB SP;CARGO;N/A;2840
ComDragagem2030;4649;175.0;23.0;0.0;11;GL;BERÇO IB OE;CARGO;N/A;3940
ComDragagem2030;4650;275.0;23.0;10.75;13;CGC;BERÇO BTP 1;CARGO;N/A;1055
ComDragagem2030;4651;175.0;23.0;0.0;15;GL;BERÇO ARM 29;CARGO;N/A;4710
ComDragagem2030;4652;225.0;23.0;0.0;19;GSA - E;BERÇO CUTRALE;CARGO;N/A;3440
ComDragagem2030;4653;255.0;23.0;9.75;21;CGC;BERÇO DPW 1;CARGO;N/A;1180
ComDragagem2030;4654;225.0;23.0;0.0;24;GSA - E;BERÇO ARM 19;CARGO;N/A;3340
ComDragagem2030;4655;135.0;23.0;6.75;31;CGC;BERÇO TECON 1.1;CARGO;N/A;585
ComDragagem2030;4656;255.0;23.0;10.25;31;CGC;BERÇO TECON 1/2;CARGO;N/A;1030
ComDragagem2030;4658;155.0;23.0;0.0;47;GL;BERÇO AL 04;CARGO;N/A;2540
ComDragagem2030;4659;215.0;23.0;0.0;48;GSA - E;BERÇO ARM 37;CARGO;N/A;3520
ComDragagem2030;4660;105.9;22.0;6.3;8;CGNC;BERÇO SAIPEM 1;CARGO;N/A;1110
ComDragagem2030;4661;185.0;23.0;0.0;11;GL;BERÇO Ageo I;CARGO;N/A;3955
ComDragagem2030;4662;175.0;23.0;0.0;15;GL;BERÇO ARM 29;CARGO;N/A;4690
ComDragagem2030;4666;255.0;23.0;10.75;21;CGC;BERÇO DPW 2;CARGO;N/A;1385
ComDragagem2030;4667;275.0;23.0;10.75;21;CGC;BERÇO DPW 1;CARGO;N/A;1225
ComDragagem2030;4668;225.0;36.0;0.0;23;CGNC;BERÇO ARM 31;CARGO;N/A;2260
ComDragagem2030;4669;215.0;23.0;9.25;31;CGC;BERÇO TECON 3;CARGO;N/A;1385
ComDragagem2030;4670;275.0;23.0;10.25;31;CGC;BERÇO TECON 1/2;CARGO;N/A;1190
ComDragagem2030;4671;275.0;23.0;10.75;31;CGC;BERÇO TECON 2;CARGO;N/A;1105
ComDragagem2030;4672;295.0;23.0;11.75;31;CGC;BERÇO TECON 2;CARGO;N/A;1425
ComDragagem2030;4673;339.0;43.0;14.0;31;CGC;BERÇO TECON 3;CARGO;N/A;1655
ComDragagem2030;4674;195.0;23.0;8.75;37;RORO;BERÇO TEV;CARGO;RO-RO;1445
ComDragagem2030;4675;225.0;23.0;0.0;41;GSA - E;BERÇO TIPLAM 2;CARGO;N/A;4500
ComDragagem2030;4676;185.0;23.0;0.0;43;GL;BERÇO AL 02;CARGO;N/A;2555
ComDragagem2030;4677;185.0;23.0;9.75;47;GL;BERÇO AL 03;CARGO;N/A;3820
ComDragagem2030;4678;177.9;33.0;8.0;8;CGNC;BERÇO SAIPEM 2;CARGO;N/A;11895
ComDragagem2030;4679;85.34;18.0;4.3;8;CGNC;BERÇO SAIPEM 3;CARGO;N/A;1780
ComDragagem2030;4680;225.0;36.0;0.0;1;CGNC;BERÇO ARAUCO 2;CARGO;N/A;6760
ComDragagem2030;4681;135.0;23.0;7.75;13;CGC;BERÇO BTP 3;CARGO;N/A;1495
ComDragagem2030;4682;215.0;23.0;9.25;13;CGC;BERÇO BTP 1;CARGO;N/A;1055
ComDragagem2030;4683;215.0;23.0;8.75;13;CGC;BERÇO BTP 1;CARGO;N/A;1205
ComDragagem2030;4684;245.0;23.0;12.75;13;CGC;BERÇO BTP 2;CARGO;N/A;1045
ComDragagem2030;4685;305.0;23.0;12.25;13;CGC;BERÇO BTP 2;CARGO;N/A;1470
ComDragagem2030;4686;295.0;23.0;12.75;13;CGC;BERÇO BTP 1;CARGO;N/A;1505
ComDragagem2030;4687;339.0;43.0;14.0;13;CGC;BERÇO BTP 3;CARGO;N/A;1575
ComDragagem2030;4689;225.0;23.0;0.0;19;GSA - E;BERÇO CUTRALE;CARGO;N/A;3430
ComDragagem2030;4690;125.0;23.0;7.25;21;CGC;BERÇO DPW 3;CARGO;N/A;895
ComDragagem2030;4691;366.0;49.0;15.0;21;CGC;BERÇO DPW 2;CARGO;N/A;2645
ComDragagem2030;4692;285.0;23.0;10.75;21;CGC;BERÇO DPW 1;CARGO;N/A;1275
ComDragagem2030;4693;295.0;23.0;12.75;21;CGC;BERÇO DPW 2;CARGO;N/A;1505
ComDragagem2030;4694;339.0;43.0;14.0;21;CGC;BERÇO DPW 1;CARGO;N/A;1845
ComDragagem2030;4695;185.0;23.0;10.75;27;GSM - I;BERÇO ARM 22/23;CARGO;N/A;4775
ComDragagem2030;4697;215.0;23.0;9.75;31;CGC;BERÇO TECON 1.1;CARGO;N/A;1175
ComDragagem2030;4698;265.0;23.0;11.25;31;CGC;BERÇO TECON 3;CARGO;N/A;1220
ComDragagem2030;4699;225.0;23.0;0.0;33;GSA - E;BERÇO TEAG;CARGO;N/A;5435
ComDragagem2030;4701;225.0;23.0;0.0;41;GSA - E;BERÇO TIPLAM 3;CARGO;N/A;3870
ComDragagem2030;4702;175.0;23.0;0.0;43;GL;BERÇO AL 01;CARGO;N/A;2180
ComDragagem2030;4703;225.0;23.0;0.0;48;GSA - E;BERÇO ARM 37;CARGO;N/A;3365
ComDragagem2030;4704;175.0;23.0;10.75;2;GL;BERÇO AL 02;CARGO;N/A;3525
ComDragagem2030;4705;225.0;23.0;0.0;9;GSA - E;BERÇO ARM 39;CARGO;N/A;3220
ComDragagem2030;4706;135.0;23.0;7.75;13;CGC;BERÇO BTP 2;CARGO;N/A;1420
ComDragagem2030;4707;185.0;23.0;9.75;13;CGC;BERÇO BTP 2;CARGO;N/A;950
ComDragagem2030;4708;295.0;23.0;13.75;13;CGC;BERÇO BTP 3;CARGO;N/A;1360
ComDragagem2030;4709;205.0;23.0;0.0;15;GL;BERÇO ARM 29;CARGO;N/A;4690
ComDragagem2030;4712;265.0;23.0;11.75;21;CGC;BERÇO DPW 1;CARGO;N/A;1195
ComDragagem2030;4713;225.0;36.0;0.0;22;CGNC;BERÇO DPW 4;CARGO;N/A;4315
ComDragagem2030;4714;215.0;23.0;10.75;31;CGC;BERÇO TECON 1.2;CARGO;N/A;1130
ComDragagem2030;4715;255.0;23.0;12.25;31;CGC;BERÇO TECON 2;CARGO;N/A;1125
ComDragagem2030;4716;225.0;23.0;0.0;33;GSA - E;BERÇO TEAG;CARGO;N/A;5425
ComDragagem2030;4717;225.0;23.0;0.0;33;GSA - E;BERÇO TEAG;CARGO;N/A;5380
ComDragagem2030;4718;195.0;23.0;9.25;37;RORO;BERÇO TEV;CARGO;RO-RO;1335
ComDragagem2030;4719;225.0;23.0;0.0;41;GSA - E;BERÇO TIPLAM 2;CARGO;N/A;3985
ComDragagem2030;4720;225.0;23.0;11.25;42;GSM - I;BERÇO TIPLAM 4;CARGO;N/A;6570
ComDragagem2030;4721;185.0;23.0;0.0;43;GL;BERÇO AL 01;CARGO;N/A;1950
ComDragagem2030;4722;175.0;23.0;9.75;46;CGNC;BERÇO USIMINAS 1;CARGO;N/A;8080
ComDragagem2030;4723;155.0;23.0;9.75;2;GL;BERÇO AL 01;CARGO;N/A;3075
ComDragagem2030;4724;225.0;36.0;0.0;12;CGNC;BERÇO ARM 35P1;CARGO;N/A;6065
ComDragagem2030;4725;185.0;23.0;10.25;13;CGC;BERÇO BTP 1;CARGO;N/A;995
ComDragagem2030;4726;275.0;23.0;13.75;13;CGC;BERÇO BTP 2;CARGO;N/A;995
ComDragagem2030;4727;245.0;23.0;13.75;13;CGC;BERÇO BTP 3;CARGO;N/A;1035
ComDragagem2030;4728;339.0;43.0;14.0;13;CGC;BERÇO BTP 3;CARGO;N/A;1820
ComDragagem2030;4729;339.0;43.0;14.0;13;CGC;BERÇO BTP 1;CARGO;N/A;1595
ComDragagem2030;4732;215.0;23.0;10.75;21;CGC;BERÇO DPW 3;CARGO;N/A;970
ComDragagem2030;4733;205.0;23.0;11.25;21;CGC;BERÇO DPW 3;CARGO;N/A;895
ComDragagem2030;4734;305.0;23.0;13.75;21;CGC;BERÇO DPW 1;CARGO;N/A;1460
ComDragagem2030;4735;225.0;36.0;0.0;23;CGNC;BERÇO ARM 31;CARGO;N/A;2600
ComDragagem2030;4736;205.0;23.0;0.0;30;GL;BERÇO ARM 29;CARGO;N/A;8330
ComDragagem2030;4737;265.0;23.0;12.25;31;CGC;BERÇO TECON 1/2;CARGO;N/A;1185
ComDragagem2030;4738;339.0;43.0;14.0;31;CGC;BERÇO TECON 2;CARGO;N/A;1695
ComDragagem2030;4739;225.0;23.0;0.0;33;GSA - E;BERÇO TEAG;CARGO;N/A;5410
ComDragagem2030;4741;195.0;23.0;9.25;37;RORO;BERÇO TEV;CARGO;RO-RO;1525
ComDragagem2030;4742;235.0;23.0;9.25;37;RORO;BERÇO TEV;CARGO;RO-RO;1365
ComDragagem2030;4743;175.0;23.0;10.25;42;GSM - I;BERÇO TIPLAM 1;CARGO;N/A;4560
ComDragagem2030;4744;185.0;23.0;0.0;43;GL;BERÇO AL 02;CARGO;N/A;2025
ComDragagem2030;4745;225.0;36.0;0.0;1;CGNC;BERÇO ARAUCO 1;CARGO;N/A;6005
ComDragagem2030;4746;135.0;23.0;7.75;13;CGC;BERÇO BTP 1;CARGO;N/A;1485
ComDragagem2030;4747;215.0;23.0;10.25;13;CGC;BERÇO BTP 2;CARGO;N/A;1015
ComDragagem2030;4748;295.0;23.0;14.25;13;CGC;BERÇO BTP 2;CARGO;N/A;1385
ComDragagem2030;4749;339.0;43.0;14.0;13;CGC;BERÇO BTP 1;CARGO;N/A;1675
ComDragagem2030;4753;275.0;23.0;13.75;21;CGC;BERÇO DPW 2;CARGO;N/A;1305
ComDragagem2030;4754;205.0;32.2;0.0;24;GSA - E;BERÇO ARM 16/17;CARGO;N/A;2495
ComDragagem2030;4755;275.0;23.0;13.25;31;CGC;BERÇO TECON 2;CARGO;N/A;1105
ComDragagem2030;4756;275.0;23.0;12.75;31;CGC;BERÇO TECON 3;CARGO;N/A;1065
ComDragagem2030;4757;225.0;23.0;0.0;34;GSA - E;BERÇO TEG;CARGO;N/A;4915
ComDragagem2030;4758;195.0;23.0;9.75;37;RORO;BERÇO TEV;CARGO;RO-RO;1450
ComDragagem2030;4759;225.0;23.0;0.0;39;GSA - E;BERÇO OUT 2;CARGO;N/A;4065
ComDragagem2030;4760;165.0;23.0;10.75;45;GL;BERÇO AL 04;CARGO;N/A;3470
ComDragagem2030;4761;225.0;23.0;0.0;48;GSA - E;BERÇO ARM 37;CARGO;N/A;3390
ComDragagem2030;4764;225.0;23.0;0.0;18;GL;BERÇO CUTRALE;CARGO;N/A;10100
ComDragagem2030;4765;195.0;23.0;7.25;21;CGC;BERÇO DPW 3;CARGO;N/A;1025
ComDragagem2030;4766;255.0;23.0;9.25;21;CGC;BERÇO DPW 3;CARGO;N/A;1315
ComDragagem2030;4767;255.0;23.0;9.75;21;CGC;BERÇO DPW 3;CARGO;N/A;1250
ComDragagem2030;4768;339.0;43.0;14.0;21;CGC;BERÇO DPW 1;CARGO;N/A;1845
ComDragagem2030;4769;225.0;23.0;0.0;24;GSA - E;BERÇO ARM 19;CARGO;N/A;3460
ComDragagem2030;4770;225.0;23.0;0.0;24;GSA - E;BERÇO ARM 16/17;CARGO;N/A;3640
ComDragagem2030;4771;225.0;23.0;8.75;27;GSM - I;BERÇO ARM 23;CARGO;N/A;3160
ComDragagem2030;4772;185.0;23.0;8.75;31;CGC;BERÇO TECON 1.1;CARGO;N/A;1170
ComDragagem2030;4773;366.0;49.0;15.0;31;CGC;BERÇO TECON 3;CARGO;N/A;2525
ComDragagem2030;4774;265.0;23.0;8.75;31;CGC;BERÇO TECON 3;CARGO;N/A;1275
ComDragagem2030;4775;339.0;43.0;14.0;31;CGC;BERÇO TECON 2;CARGO;N/A;1865
ComDragagem2030;4776;225.0;23.0;12.25;35;GSM - I;BERÇO TERMAG;CARGO;N/A;6810
ComDragagem2030;4777;195.0;23.0;8.25;37;RORO;BERÇO TEV;CARGO;RO-RO;1515
ComDragagem2030;4778;175.0;23.0;8.75;37;RORO;BERÇO TEV;CARGO;RO-RO;1345
ComDragagem2030;4779;225.0;23.0;0.0;41;GSA - E;BERÇO TIPLAM 3;CARGO;N/A;4240
ComDragagem2030;4780;250.0;38.0;0.0;41;GSA - E;BERÇO TIPLAM 2;CARGO;N/A;4770
ComDragagem2030;4781;155.0;23.0;0.0;47;GL;BERÇO AL 04;CARGO;N/A;2540
ComDragagem2030;4782;85.34;18.0;4.1;8;CGNC;BERÇO SAIPEM 1;CARGO;N/A;400
ComDragagem2030;4783;225.0;23.0;0.0;9;GSA - E;BERÇO ARM 39;CARGO;N/A;3190
ComDragagem2030;4784;185.0;23.0;0.0;11;GL;BERÇO Ageo I;CARGO;N/A;3955
ComDragagem2030;4785;215.0;23.0;8.75;13;CGC;BERÇO BTP 2;CARGO;N/A;950
ComDragagem2030;4786;185.0;23.0;8.75;14;GSA - I;BERÇO ARM 30;CARGO;N/A;8430
ComDragagem2030;4788;195.0;23.0;8.25;21;CGC;BERÇO DPW 3;CARGO;N/A;945
ComDragagem2030;4789;295.0;23.0;10.75;21;CGC;BERÇO DPW 2;CARGO;N/A;1465
ComDragagem2030;4790;185.0;23.0;9.25;31;CGC;BERÇO TECON 2;CARGO;N/A;1215
ComDragagem2030;4791;366.0;49.0;15.0;31;CGC;BERÇO TECON 1/2;CARGO;N/A;2480
ComDragagem2030;4792;339.0;43.0;14.0;31;CGC;BERÇO TECON 1/2;CARGO;N/A;1685
ComDragagem2030;4793;225.0;23.0;0.0;41;GSA - E;BERÇO TIPLAM 3;CARGO;N/A;4070
ComDragagem2030;4794;225.0;23.0;0.0;48;GSA - E;BERÇO ARM 37;CARGO;N/A;3460
ComDragagem2030;4795;215.0;23.0;0.0;48;GSA - E;BERÇO ARM 37;CARGO;N/A;3365
ComDragagem2030;4796;225.0;23.0;0.0;9;GSA - E;BERÇO ARM 39;CARGO;N/A;3240
ComDragagem2030;4797;295.0;23.0;12.25;13;CGC;BERÇO BTP 3;CARGO;N/A;1430
ComDragagem2030;4800;215.0;23.0;9.75;21;CGC;BERÇO DPW 2;CARGO;N/A;975
ComDragagem2030;4801;215.0;23.0;9.75;21;CGC;BERÇO DPW 3;CARGO;N/A;1055
ComDragagem2030;4802;275.0;23.0;10.75;21;CGC;BERÇO DPW 2;CARGO;N/A;1180
ComDragagem2030;4803;305.0;23.0;11.75;21;CGC;BERÇO DPW 1;CARGO;N/A;1445
ComDragagem2030;4804;225.0;23.0;0.0;24;GSA - E;BERÇO ARM 19;CARGO;N/A;3465
ComDragagem2030;4805;185.0;23.0;9.75;31;CGC;BERÇO TECON 3;CARGO;N/A;1235
ComDragagem2030;4806;275.0;23.0;10.75;31;CGC;BERÇO TECON 2;CARGO;N/A;1170
ComDragagem2030;4807;295.0;23.0;11.75;31;CGC;BERÇO TECON 1/2;CARGO;N/A;1400
ComDragagem2030;4808;339.0;43.0;14.0;31;CGC;BERÇO TECON 2;CARGO;N/A;1700
ComDragagem2030;4809;225.0;23.0;0.0;33;GSA - E;BERÇO TEAG;CARGO;N/A;5375
ComDragagem2030;4810;195.0;23.0;8.75;37;RORO;BERÇO TEV;CARGO;RO-RO;1330
ComDragagem2030;4811;225.0;23.0;9.25;42;GSM - I;BERÇO TIPLAM 2;CARGO;N/A;6740
ComDragagem2030;4812;295.0;23.0;0.0;44;GL;BERÇO TRSP;CARGO;DANGEROUS;3230
ComDragagem2030;4813;225.0;23.0;0.0;48;GSA - E;BERÇO ARM 37;CARGO;N/A;3440
ComDragagem2030;4814;185.0;23.0;8.25;10;GL;BERÇO IB BC;CARGO;N/A;2505
ComDragagem2030;4815;135.0;23.0;7.75;13;CGC;BERÇO BTP 1;CARGO;N/A;1435
ComDragagem2030;4816;215.0;23.0;9.25;13;CGC;BERÇO BTP 2;CARGO;N/A;1085
ComDragagem2030;4817;215.0;23.0;9.25;13;CGC;BERÇO BTP 1;CARGO;N/A;970
ComDragagem2030;4818;366.0;49.0;15.0;13;CGC;BERÇO BTP 3;CARGO;N/A;2080
ComDragagem2030;4819;295.0;23.0;12.75;13;CGC;BERÇO BTP 3;CARGO;N/A;1545
ComDragagem2030;4820;295.0;23.0;12.75;13;CGC;BERÇO BTP 2;CARGO;N/A;1395
ComDragagem2030;4821;305.0;23.0;12.25;13;CGC;BERÇO BTP 2;CARGO;N/A;1435
ComDragagem2030;4823;175.0;23.0;0.0;18;GL;BERÇO CUTRALE;CARGO;N/A;3725
ComDragagem2030;4824;185.0;23.0;10.25;21;CGC;BERÇO DPW 3;CARGO;N/A;950
ComDragagem2030;4825;185.0;23.0;10.25;21;CGC;BERÇO DPW 3;CARGO;N/A;950
ComDragagem2030;4826;255.0;23.0;11.25;21;CGC;BERÇO DPW 1;CARGO;N/A;1300
ComDragagem2030;4827;295.0;23.0;12.75;21;CGC;BERÇO DPW 1;CARGO;N/A;1455
ComDragagem2030;4828;225.0;36.0;0.0;22;CGNC;BERÇO DPW 4;CARGO;N/A;4245
ComDragagem2030;4829;225.0;23.0;0.0;24;GSA - E;BERÇO ARM 16/17;CARGO;N/A;3650
ComDragagem2030;4830;225.0;23.0;11.75;27;GSM - I;BERÇO ARM 23;CARGO;N/A;3165
ComDragagem2030;4831;225.0;36.0;0.0;29;CGNC;BERÇO ARM 31;CARGO;N/A;13075
ComDragagem2030;4832;265.0;23.0;11.25;31;CGC;BERÇO TECON 3;CARGO;N/A;1185
ComDragagem2030;4833;225.0;23.0;0.0;34;GSA - E;BERÇO TEG;CARGO;N/A;4750
ComDragagem2030;4834;225.0;23.0;0.0;34;GSA - E;BERÇO TEG;CARGO;N/A;4840
ComDragagem2030;4835;225.0;23.0;0.0;38;GSA - E;BERÇO TGG;CARGO;N/A;2850
ComDragagem2030;4836;225.0;23.0;0.0;41;GSA - E;BERÇO TIPLAM 2;CARGO;N/A;3905
ComDragagem2030;4837;155.0;23.0;0.0;46;CGNC;BERÇO USIMINAS 2;CARGO;N/A;5790
ComDragagem2030;4838;225.0;23.0;10.25;2;GL;BERÇO AL 02;CARGO;N/A;5605
ComDragagem2030;4839;155.0;23.0;9.25;11;GL;BERÇO Ageo I;CARGO;N/A;2810
ComDragagem2030;4840;185.0;23.0;9.75;13;CGC;BERÇO BTP 1;CARGO;N/A;1040
ComDragagem2030;4841;185.0;23.0;9.75;13;CGC;BERÇO BTP 2;CARGO;N/A;1055
ComDragagem2030;4842;275.0;23.0;13.25;13;CGC;BERÇO BTP 3;CARGO;N/A;1130
ComDragagem2030;4843;295.0;23.0;13.75;13;CGC;BERÇO BTP 2;CARGO;N/A;1425
ComDragagem2030;4846;275.0;23.0;11.25;21;CGC;BERÇO DPW 2;CARGO;N/A;1240
ComDragagem2030;4847;265.0;23.0;11.75;21;CGC;BERÇO DPW 1;CARGO;N/A;1225
ComDragagem2030;4848;185.0;23.0;10.25;31;CGC;BERÇO TECON 2;CARGO;N/A;1155
ComDragagem2030;4849;255.0;23.0;11.75;31;CGC;BERÇO TECON 3;CARGO;N/A;1210
ComDragagem2030;4850;339.0;43.0;14.0;31;CGC;BERÇO TECON 3;CARGO;N/A;1985
ComDragagem2030;4853;225.0;23.0;0.0;41;GSA - E;BERÇO TIPLAM 3;CARGO;N/A;4040
ComDragagem2030;4854;155.0;23.0;0.0;43;GL;BERÇO AL 01;CARGO;N/A;1855
ComDragagem2030;4855;185.0;23.0;0.0;43;GL;BERÇO AL 01;CARGO;N/A;2055
ComDragagem2030;4856;295.0;23.0;0.0;44;GL;BERÇO TRSP;CARGO;DANGEROUS;3230
ComDragagem2030;4857;135.0;23.0;7.75;13;CGC;BERÇO BTP 1;CARGO;N/A;1375
ComDragagem2030;4858;205.0;23.0;10.25;13;CGC;BERÇO BTP 2;CARGO;N/A;1070
ComDragagem2030;4859;215.0;23.0;9.75;13;CGC;BERÇO BTP 1;CARGO;N/A;1055
ComDragagem2030;4860;325.0;23.0;13.75;13;CGC;BERÇO BTP 1;CARGO;N/A;1400
ComDragagem2030;4861;295.0;23.0;14.25;13;CGC;BERÇO BTP 3;CARGO;N/A;1495
ComDragagem2030;4862;215.0;23.0;0.0;15;GL;BERÇO ARM 29;CARGO;N/A;4690
ComDragagem2030;4865;165.0;23.0;8.75;20;GL;BERÇO DOW;CARGO;N/A;890
ComDragagem2030;4866;275.0;23.0;12.25;21;CGC;BERÇO DPW 2;CARGO;N/A;1190
ComDragagem2030;4867;225.0;36.0;0.0;22;CGNC;BERÇO DPW 4;CARGO;N/A;5195
ComDragagem2030;4868;225.0;23.0;0.0;24;GSA - E;BERÇO ARM 19;CARGO;N/A;3515
ComDragagem2030;4869;185.0;23.0;12.25;27;GSM - I;BERÇO ARM 23;CARGO;N/A;4815
ComDragagem2030;4870;265.0;23.0;12.25;31;CGC;BERÇO TECON 2;CARGO;N/A;1140
ComDragagem2030;4871;295.0;23.0;13.25;31;CGC;BERÇO TECON 1/2;CARGO;N/A;1525
ComDragagem2030;4872;175.0;23.0;11.25;32;GL;BERÇO AL 03;CARGO;N/A;3830
ComDragagem2030;4874;195.0;23.0;9.25;37;RORO;BERÇO TEV;CARGO;RO-RO;1525
ComDragagem2030;4875;225.0;23.0;9.25;37;RORO;BERÇO TEV;CARGO;RO-RO;1385
ComDragagem2030;4876;225.0;23.0;0.0;41;GSA - E;BERÇO TIPLAM 2;CARGO;N/A;3985
ComDragagem2030;4877;185.0;23.0;0.0;43;GL;BERÇO AL 01;CARGO;N/A;2075
ComDragagem2030;4878;225.0;23.0;0.0;48;GSA - E;BERÇO ARM 37;CARGO;N/A;3355
ComDragagem2030;4879;225.0;36.0;0.0;1;CGNC;BERÇO ARAUCO 1;CARGO;N/A;6090
ComDragagem2030;4880;225.0;23.0;0.0;9;GSA - E;BERÇO ARM 39;CARGO;N/A;3255
ComDragagem2030;4881;215.0;23.0;10.75;13;CGC;BERÇO BTP 1;CARGO;N/A;1165
ComDragagem2030;4882;295.0;23.0;14.25;13;CGC;BERÇO BTP 2;CARGO;N/A;1345
ComDragagem2030;4883;295.0;23.0;14.25;13;CGC;BERÇO BTP 3;CARGO;N/A;1505
ComDragagem2030;4886;205.0;23.0;11.75;21;CGC;BERÇO DPW 1;CARGO;N/A;965
ComDragagem2030;4887;195.0;23.0;0.0;24;GSA - E;BERÇO ARM 16/17;CARGO;N/A;2470
ComDragagem2030;4888;225.0;23.0;0.0;24;GSA - E;BERÇO ARM 19;CARGO;N/A;3480
ComDragagem2030;4889;205.0;23.0;11.75;31;CGC;BERÇO TECON 1.2;CARGO;N/A;1285
ComDragagem2030;4890;275.0;23.0;14.25;31;CGC;BERÇO TECON 3;CARGO;N/A;1125
ComDragagem2030;4891;339.0;43.0;14.0;31;CGC;BERÇO TECON 2;CARGO;N/A;1775
ComDragagem2030;4893;225.0;23.0;0.0;41;GSA - E;BERÇO TIPLAM 3;CARGO;N/A;4085
ComDragagem2030;4894;225.0;23.0;12.75;45;GL;BERÇO AL 03;CARGO;N/A;5060
ComDragagem2030;4895;185.0;23.0;12.25;45;GL;BERÇO AL 02;CARGO;N/A;4370
ComDragagem2030;4896;155.0;23.0;0.0;2;GL;BERÇO AL 02;CARGO;N/A;2790
ComDragagem2030;4899;145.0;23.0;6.75;21;CGC;BERÇO DPW 2;CARGO;N/A;1005
ComDragagem2030;4900;195.0;23.0;7.25;21;CGC;BERÇO DPW 1;CARGO;N/A;990
ComDragagem2030;4901;255.0;23.0;9.75;21;CGC;BERÇO DPW 3;CARGO;N/A;1295
ComDragagem2030;4902;295.0;23.0;10.25;21;CGC;BERÇO DPW 2;CARGO;N/A;1520
ComDragagem2030;4903;225.0;36.0;0.0;22;CGNC;BERÇO DPW 3;CARGO;N/A;3940
ComDragagem2030;4904;225.0;23.0;0.0;24;GSA - E;BERÇO ARM 16/17;CARGO;N/A;3405
ComDragagem2030;4905;205.0;32.2;0.0;24;GSA - E;BERÇO ARM 19;CARGO;N/A;2465
ComDragagem2030;4906;175.0;23.0;0.0;30;GL;BERÇO ARM 30;CARGO;N/A;8430
ComDragagem2030;4907;185.0;23.0;8.75;31;CGC;BERÇO TECON 1.1;CARGO;N/A;1205
ComDragagem2030;4908;215.0;23.0;8.75;31;CGC;BERÇO TECON 3;CARGO;N/A;1225
ComDragagem2030;4909;265.0;23.0;9.25;31;CGC;BERÇO TECON 2;CARGO;N/A;1080
ComDragagem2030;4910;185.0;23.0;10.25;35;GSM - I;BERÇO TERMAG;CARGO;N/A;5700
ComDragagem2030;4912;195.0;23.0;8.25;37;RORO;BERÇO TEV;CARGO;RO-RO;1405
ComDragagem2030;4913;175.0;23.0;8.75;37;RORO;BERÇO TEV;CARGO;RO-RO;1355
ComDragagem2030;4914;225.0;23.0;0.0;41;GSA - E;BERÇO TIPLAM 2;CARGO;N/A;4235
ComDragagem2030;4915;185.0;23.0;0.0;43;GL;BERÇO AL 01;CARGO;N/A;2015
ComDragagem2030;4916;135.0;23.0;0.0;46;CGNC;BERÇO USIMINAS 1;CARGO;N/A;6900
ComDragagem2030;4917;155.0;23.0;0.0;11;GL;BERÇO Ageo I;CARGO;N/A;2840
ComDragagem2030;4918;185.0;23.0;0.0;11;GL;BERÇO IB BC;CARGO;N/A;3935
ComDragagem2030;4919;215.0;23.0;8.75;13;CGC;BERÇO BTP 1;CARGO;N/A;1255
ComDragagem2030;4920;165.0;23.0;10.25;14;GSA - I;BERÇO ARM 30;CARGO;N/A;8700
ComDragagem2030;4922;185.0;23.0;9.25;21;CGC;BERÇO DPW 3;CARGO;N/A;955
ComDragagem2030;4923;305.0;23.0;10.75;21;CGC;BERÇO DPW 1;CARGO;N/A;1425
ComDragagem2030;4924;225.0;23.0;0.0;24;GSA - E;BERÇO ARM 16/17;CARGO;N/A;3570
ComDragagem2030;4925;275.0;23.0;9.75;31;CGC;BERÇO TECON 2;CARGO;N/A;1055
ComDragagem2030;4927;185.0;23.0;0.0;43;GL;BERÇO AL 01;CARGO;N/A;2115
ComDragagem2030;4928;215.0;23.0;0.0;48;GSA - E;BERÇO ARM 37;CARGO;N/A;3375
ComDragagem2030;4929;225.0;36.0;0.0;1;CGNC;BERÇO ARAUCO 2;CARGO;N/A;6060
ComDragagem2030;4930;295.0;23.0;11.75;13;CGC;BERÇO BTP 2;CARGO;N/A;1450
ComDragagem2030;4931;205.0;23.0;0.0;15;GL;BERÇO ARM 29;CARGO;N/A;4685
ComDragagem2030;4933;125.0;23.0;7.25;21;CGC;BERÇO DPW 2;CARGO;N/A;915
ComDragagem2030;4934;255.0;23.0;10.75;21;CGC;BERÇO DPW 1;CARGO;N/A;1175
ComDragagem2030;4935;235.0;23.0;10.75;21;CGC;BERÇO DPW 3;CARGO;N/A;1235
ComDragagem2030;4936;295.0;23.0;11.75;21;CGC;BERÇO DPW 2;CARGO;N/A;1500
ComDragagem2030;4937;175.0;23.0;0.0;30;GL;BERÇO ARM 29;CARGO;N/A;8345
ComDragagem2030;4938;205.0;23.0;9.25;31;CGC;BERÇO TECON 1.1;CARGO;N/A;1100
ComDragagem2030;4939;275.0;23.0;10.25;31;CGC;BERÇO TECON 1/2;CARGO;N/A;1050
ComDragagem2030;4940;295.0;23.0;11.75;31;CGC;BERÇO TECON 2;CARGO;N/A;1425
ComDragagem2030;4941;339.0;43.0;14.0;31;CGC;BERÇO TECON 3;CARGO;N/A;1750
ComDragagem2030;4942;225.0;23.0;0.0;33;GSA - E;BERÇO TEAG;CARGO;N/A;5555
ComDragagem2030;4943;195.0;23.0;8.75;37;RORO;BERÇO TEV;CARGO;RO-RO;1325
ComDragagem2030;4944;245.0;23.0;0.0;43;GL;BERÇO AL 01;CARGO;N/A;3035
ComDragagem2030;4945;185.0;23.0;0.0;43;GL;BERÇO AL 02;CARGO;N/A;2050
ComDragagem2030;4946;215.0;23.0;0.0;48;GSA - E;BERÇO ARM 37;CARGO;N/A;3655
ComDragagem2030;4947;135.0;23.0;7.75;13;CGC;BERÇO BTP 1;CARGO;N/A;1350
ComDragagem2030;4948;215.0;23.0;9.25;13;CGC;BERÇO BTP 3;CARGO;N/A;1245
ComDragagem2030;4949;215.0;23.0;9.25;13;CGC;BERÇO BTP 3;CARGO;N/A;1090
ComDragagem2030;4950;245.0;23.0;12.75;13;CGC;BERÇO BTP 1;CARGO;N/A;1080
ComDragagem2030;4951;295.0;23.0;12.75;13;CGC;BERÇO BTP 2;CARGO;N/A;1455
ComDragagem2030;4952;295.0;23.0;12.75;13;CGC;BERÇO BTP 3;CARGO;N/A;1350
ComDragagem2030;4953;305.0;23.0;12.25;13;CGC;BERÇO BTP 2;CARGO;N/A;1445
ComDragagem2030;4955;165.0;23.0;8.25;20;GL;BERÇO DOW;CARGO;N/A;905
ComDragagem2030;4956;185.0;23.0;10.25;21;CGC;BERÇO DPW 3;CARGO;N/A;1045
ComDragagem2030;4957;255.0;23.0;11.25;21;CGC;BERÇO DPW 3;CARGO;N/A;1160
ComDragagem2030;4958;255.0;23.0;11.25;21;CGC;BERÇO DPW 1;CARGO;N/A;1260
ComDragagem2030;4959;305.0;23.0;12.25;21;CGC;BERÇO DPW 1;CARGO;N/A;1570
ComDragagem2030;4960;339.0;43.0;14.0;21;CGC;BERÇO DPW 2;CARGO;N/A;1855
ComDragagem2030;4961;225.0;23.0;0.0;24;GSA - E;BERÇO ARM 19;CARGO;N/A;3475
ComDragagem2030;4962;175.0;23.0;9.75;27;GSM - I;BERÇO ARM 22/23;CARGO;N/A;3650
ComDragagem2030;4963;215.0;23.0;9.75;31;CGC;BERÇO TECON 1.2;CARGO;N/A;1190
ComDragagem2030;4964;265.0;23.0;11.25;31;CGC;BERÇO TECON 2;CARGO;N/A;1080
ComDragagem2030;4965;295.0;23.0;12.25;31;CGC;BERÇO TECON 3;CARGO;N/A;1400
ComDragagem2030;4967;195.0;23.0;9.25;37;RORO;BERÇO TEV;CARGO;RO-RO;1490
ComDragagem2030;4968;155.0;23.0;8.75;45;GL;BERÇO AL 04;CARGO;N/A;2825
ComDragagem2030;4969;175.0;23.0;0.0;46;CGNC;BERÇO USIMINAS 2;CARGO;N/A;5880
ComDragagem2030;4970;75.2;17.0;4.8;8;CGNC;BERÇO SAIPEM 1;CARGO;N/A;1490
ComDragagem2030;4971;155.0;23.0;9.25;2;GL;BERÇO AL 02;CARGO;N/A;2905
ComDragagem2030;4972;225.0;23.0;0.0;9;GSA - E;BERÇO ARM 39;CARGO;N/A;3255
ComDragagem2030;4973;185.0;23.0;10.25;11;GL;BERÇO Ageo I;CARGO;N/A;3950
ComDragagem2030;4974;275.0;23.0;13.25;13;CGC;BERÇO BTP 3;CARGO;N/A;975
ComDragagem2030;4975;305.0;23.0;13.25;13;CGC;BERÇO BTP 1;CARGO;N/A;1365
ComDragagem2030;4976;205.0;23.0;0.0;15;GL;BERÇO ARM 29;CARGO;N/A;4685
ComDragagem2030;4979;205.0;23.0;10.25;21;CGC;BERÇO DPW 3;CARGO;N/A;985
ComDragagem2030;4980;225.0;36.0;0.0;23;CGNC;BERÇO ARM 31;CARGO;N/A;2810
ComDragagem2030;4981;185.0;23.0;10.75;31;CGC;BERÇO TECON 1.1;CARGO;N/A;1170
ComDragagem2030;4982;235.0;23.0;12.25;31;CGC;BERÇO TECON 1.2;CARGO;N/A;1060
ComDragagem2030;4983;305.0;23.0;12.75;31;CGC;BERÇO TECON 2;CARGO;N/A;1430
ComDragagem2030;4986;225.0;23.0;0.0;41;GSA - E;BERÇO TIPLAM 3;CARGO;N/A;4070
ComDragagem2030;4987;195.0;23.0;10.25;42;GSM - I;BERÇO TIPLAM 4;CARGO;N/A;5495
ComDragagem2030;4988;185.0;23.0;0.0;43;GL;BERÇO AL 01;CARGO;N/A;1945
ComDragagem2030;4989;185.0;23.0;10.25;47;GL;BERÇO AL 03;CARGO;N/A;3820
ComDragagem2030;4990;225.0;36.0;0.0;1;CGNC;BERÇO ARAUCO 1;CARGO;N/A;6750
ComDragagem2030;4991;135.0;23.0;7.75;13;CGC;BERÇO BTP 1;CARGO;N/A;1375
ComDragagem2030;4992;185.0;23.0;10.25;13;CGC;BERÇO BTP 2;CARGO;N/A;1080
ComDragagem2030;4993;205.0;23.0;10.25;13;CGC;BERÇO BTP 3;CARGO;N/A;965
ComDragagem2030;4994;295.0;23.0;14.25;13;CGC;BERÇO BTP 3;CARGO;N/A;1450
ComDragagem2030;4995;295.0;23.0;13.75;13;CGC;BERÇO BTP 2;CARGO;N/A;1535
ComDragagem2030;4999;225.0;23.0;0.0;19;GSA - E;BERÇO CUTRALE;CARGO;N/A;3365
ComDragagem2030;5000;255.0;23.0;12.75;21;CGC;BERÇO DPW 2;CARGO;N/A;1240
ComDragagem2030;5001;225.0;36.0;0.0;23;CGNC;BERÇO ARM 31;CARGO;N/A;2355
ComDragagem2030;5002;205.0;32.2;0.0;24;GSA - E;BERÇO ARM 16/17;CARGO;N/A;2565
ComDragagem2030;5003;185.0;23.0;12.25;27;GSM - I;BERÇO ARM 23;CARGO;N/A;4670
ComDragagem2030;5004;215.0;23.0;10.75;31;CGC;BERÇO TECON 1.1;CARGO;N/A;1260
ComDragagem2030;5005;255.0;23.0;12.25;31;CGC;BERÇO TECON 2;CARGO;N/A;1200
ComDragagem2030;5006;339.0;43.0;14.0;31;CGC;BERÇO TECON 3;CARGO;N/A;1805
ComDragagem2030;5009;225.0;23.0;0.0;38;GSA - E;BERÇO TGG;CARGO;N/A;2525
ComDragagem2030;5010;225.0;23.0;13.25;42;GSM - I;BERÇO TIPLAM 1;CARGO;N/A;6985
ComDragagem2030;5011;185.0;23.0;11.25;47;GL;BERÇO AL 03;CARGO;N/A;3820
ComDragagem2030;5012;135.0;23.0;7.75;13;CGC;BERÇO BTP 2;CARGO;N/A;1415
ComDragagem2030;5013;215.0;23.0;10.25;13;CGC;BERÇO BTP 1;CARGO;N/A;1125
ComDragagem2030;5014;245.0;23.0;14.25;13;CGC;BERÇO BTP 1;CARGO;N/A;1110
ComDragagem2030;5015;215.0;23.0;0.0;15;GL;BERÇO ARM 29;CARGO;N/A;4690
ComDragagem2030;5018;205.0;23.0;11.75;21;CGC;BERÇO DPW 1;CARGO;N/A;990
ComDragagem2030;5019;175.0;23.0;0.0;24;GSA - E;BERÇO ARM 16/17;CARGO;N/A;1790
ComDragagem2030;5020;225.0;23.0;0.0;24;GSA - E;BERÇO ARM 19;CARGO;N/A;3520
ComDragagem2030;5021;205.0;23.0;11.75;31;CGC;BERÇO TECON 1.2;CARGO;N/A;1250
ComDragagem2030;5022;275.0;23.0;13.25;31;CGC;BERÇO TECON 2;CARGO;N/A;1090
ComDragagem2030;5023;250.0;38.0;0.0;33;GSA - E;BERÇO TEAG;CARGO;N/A;6965
ComDragagem2030;5024;195.0;23.0;9.75;37;RORO;BERÇO TEV;CARGO;RO-RO;1430
ComDragagem2030;5025;165.0;23.0;9.75;40;GL;BERÇO TIPLAM 1;CARGO;N/A;1375
ComDragagem2030;5026;185.0;23.0;12.25;43;GL;BERÇO AL 02;CARGO;N/A;2240
ComDragagem2030;5027;225.0;23.0;0.0;48;GSA - E;BERÇO ARM 37;CARGO;N/A;3400
ComDragagem2030;5028;175.0;23.0;0.0;2;GL;BERÇO AL 02;CARGO;N/A;3980
ComDragagem2030;5031;185.0;23.0;8.25;21;CGC;BERÇO DPW 3;CARGO;N/A;915
ComDragagem2030;5032;185.0;23.0;8.25;21;CGC;BERÇO DPW 1;CARGO;N/A;925
ComDragagem2030;5033;245.0;23.0;8.75;21;CGC;BERÇO DPW 3;CARGO;N/A;1290
ComDragagem2030;5034;295.0;23.0;9.75;21;CGC;BERÇO DPW 2;CARGO;N/A;1565
ComDragagem2030;5035;225.0;36.0;0.0;23;CGNC;BERÇO ARM 31/32;CARGO;N/A;2330
ComDragagem2030;5036;225.0;23.0;0.0;24;GSA - E;BERÇO ARM 19;CARGO;N/A;3345
ComDragagem2030;5037;205.0;32.2;0.0;24;GSA - E;BERÇO ARM 16/17;CARGO;N/A;2500
ComDragagem2030;5038;175.0;23.0;0.0;30;GL;BERÇO ARM 30;CARGO;N/A;8355
ComDragagem2030;5039;195.0;23.0;8.75;31;CGC;BERÇO TECON 1.1;CARGO;N/A;1135
ComDragagem2030;5040;265.0;23.0;9.25;31;CGC;BERÇO TECON 3;CARGO;N/A;1195
ComDragagem2030;5041;265.0;23.0;9.75;31;CGC;BERÇO TECON 1/2;CARGO;N/A;1140
ComDragagem2030;5042;185.0;23.0;10.25;35;GSM - I;BERÇO TERMAG;CARGO;N/A;5680
ComDragagem2030;5044;195.0;23.0;8.25;37;RORO;BERÇO TEV;CARGO;RO-RO;1440
ComDragagem2030;5045;225.0;23.0;0.0;38;GSA - E;BERÇO TGG;CARGO;N/A;2670
ComDragagem2030;5046;225.0;23.0;0.0;41;GSA - E;BERÇO TIPLAM 2;CARGO;N/A;4085
ComDragagem2030;5047;185.0;23.0;0.0;43;GL;BERÇO AL 01;CARGO;N/A;2275
ComDragagem2030;5048;155.0;23.0;0.0;47;GL;BERÇO AL 04;CARGO;N/A;2540
ComDragagem2030;5049;177.9;33.0;7.9;8;CGNC;BERÇO SAIPEM 1;CARGO;N/A;7425
ComDragagem2030;5050;155.0;23.0;0.0;11;GL;BERÇO IB SP;CARGO;N/A;2855
ComDragagem2030;5051;185.0;23.0;0.0;11;GL;BERÇO Ageo I;CARGO;N/A;3980
ComDragagem2030;5052;305.0;23.0;10.75;13;CGC;BERÇO BTP 1;CARGO;N/A;1425
ComDragagem2030;5055;255.0;23.0;10.25;21;CGC;BERÇO DPW 1;CARGO;N/A;1245
ComDragagem2030;5056;185.0;23.0;0.0;24;GSA - E;BERÇO ARM 16/17;CARGO;N/A;2400
ComDragagem2030;5057;205.0;32.2;0.0;24;GSA - E;BERÇO ARM 19;CARGO;N/A;2565
ComDragagem2030;5058;295.0;23.0;10.75;31;CGC;BERÇO TECON 2;CARGO;N/A;1495
ComDragagem2030;5059;225.0;23.0;0.0;38;GSA - E;BERÇO TGG;CARGO;N/A;2645
ComDragagem2030;5060;225.0;23.0;0.0;47;GL;BERÇO AL 03;CARGO;N/A;7505
ComDragagem2030;5061;225.0;23.0;0.0;48;GSA - E;BERÇO ARM 37;CARGO;N/A;3515
ComDragagem2030;5062;155.0;23.0;0.0;11;GL;BERÇO IB BC;CARGO;N/A;2830
ComDragagem2030;5066;215.0;23.0;9.75;21;CGC;BERÇO DPW 2;CARGO;N/A;1000
ComDragagem2030;5067;215.0;23.0;9.75;21;CGC;BERÇO DPW 3;CARGO;N/A;975
ComDragagem2030;5068;255.0;23.0;10.75;21;CGC;BERÇO DPW 2;CARGO;N/A;1215
ComDragagem2030;5069;339.0;43.0;14.0;21;CGC;BERÇO DPW 1;CARGO;N/A;1860
ComDragagem2030;5070;225.0;36.0;0.0;23;CGNC;BERÇO ARM 31;CARGO;N/A;2315
ComDragagem2030;5071;215.0;23.0;9.25;31;CGC;BERÇO TECON 1.2;CARGO;N/A;1115
ComDragagem2030;5072;275.0;23.0;10.25;31;CGC;BERÇO TECON 3;CARGO;N/A;1115
ComDragagem2030;5073;295.0;23.0;12.25;31;CGC;BERÇO TECON 1/2;CARGO;N/A;1390
ComDragagem2030;5074;339.0;43.0;14.0;31;CGC;BERÇO TECON 2;CARGO;N/A;1690
ComDragagem2030;5075;225.0;23.0;0.0;34;GSA - E;BERÇO TEG;CARGO;N/A;4740
ComDragagem2030;5076;225.0;23.0;0.0;38;GSA - E;BERÇO TGG;CARGO;N/A;2610
ComDragagem2030;5077;185.0;23.0;10.25;42;GSM - I;BERÇO TIPLAM 4;CARGO;N/A;5610
ComDragagem2030;5078;155.0;23.0;9.25;47;GL;BERÇO AL 04;CARGO;N/A;2540
ComDragagem2030;5080;92.95;20.0;5.6;8;CGNC;BERÇO SAIPEM 2;CARGO;N/A;5695
ComDragagem2030;5081;87.9;19.0;5.1;8;CGNC;BERÇO SAIPEM 3;CARGO;N/A;3965
ComDragagem2030;5082;225.0;36.0;0.0;12;CGNC;BERÇO ARM 35P2;CARGO;N/A;6320
ComDragagem2030;5083;215.0;23.0;9.25;13;CGC;BERÇO BTP 3;CARGO;N/A;1250
ComDragagem2030;5084;215.0;23.0;9.25;13;CGC;BERÇO BTP 1;CARGO;N/A;1060
ComDragagem2030;5085;215.0;23.0;9.25;13;CGC;BERÇO BTP 2;CARGO;N/A;990
ComDragagem2030;5086;275.0;23.0;12.25;13;CGC;BERÇO BTP 3;CARGO;N/A;1010
ComDragagem2030;5087;295.0;23.0;12.75;13;CGC;BERÇO BTP 3;CARGO;N/A;1630
ComDragagem2030;5088;339.0;43.0;14.0;13;CGC;BERÇO BTP 2;CARGO;N/A;1575
ComDragagem2030;5090;225.0;23.0;0.0;18;GL;BERÇO CUTRALE;CARGO;N/A;10335
ComDragagem2030;5091;185.0;23.0;10.25;21;CGC;BERÇO DPW 3;CARGO;N/A;930
ComDragagem2030;5092;185.0;23.0;10.25;21;CGC;BERÇO DPW 3;CARGO;N/A;980
ComDragagem2030;5093;245.0;23.0;11.25;21;CGC;BERÇO DPW 2;CARGO;N/A;1210
ComDragagem2030;5094;305.0;23.0;12.25;21;CGC;BERÇO DPW 1;CARGO;N/A;1545
ComDragagem2030;5095;225.0;36.0;0.0;22;CGNC;BERÇO DPW 4;CARGO;N/A;4540
ComDragagem2030;5096;225.0;36.0;0.0;22;CGNC;BERÇO DPW 4;CARGO;N/A;4045
ComDragagem2030;5098;225.0;36.0;0.0;29;CGNC;BERÇO ARM 31;CARGO;N/A;12155
ComDragagem2030;5099;215.0;23.0;9.75;31;CGC;BERÇO TECON 1.2;CARGO;N/A;1140
ComDragagem2030;5100;305.0;23.0;12.25;31;CGC;BERÇO TECON 3;CARGO;N/A;1500
ComDragagem2030;5101;225.0;23.0;0.0;34;GSA - E;BERÇO TEG;CARGO;N/A;4820
ComDragagem2030;5102;195.0;23.0;9.25;37;RORO;BERÇO TEV;CARGO;RO-RO;1450
ComDragagem2030;5103;225.0;23.0;0.0;41;GSA - E;BERÇO TIPLAM 3;CARGO;N/A;4090
ComDragagem2030;5104;175.0;23.0;10.25;45;GL;BERÇO AL 04;CARGO;N/A;3485
ComDragagem2030;5105;225.0;23.0;0.0;9;GSA - E;BERÇO ARM 39;CARGO;N/A;3395
ComDragagem2030;5106;135.0;23.0;7.75;13;CGC;BERÇO BTP 3;CARGO;N/A;1435
ComDragagem2030;5107;185.0;23.0;9.75;13;CGC;BERÇO BTP 1;CARGO;N/A;1100
ComDragagem2030;5108;295.0;23.0;13.75;13;CGC;BERÇO BTP 2;CARGO;N/A;1395
ComDragagem2030;5109;339.0;43.0;14.0;13;CGC;BERÇO BTP 1;CARGO;N/A;1560
ComDragagem2030;5112;205.0;23.0;10.75;21;CGC;BERÇO DPW 2;CARGO;N/A;925
ComDragagem2030;5113;225.0;36.0;0.0;22;CGNC;BERÇO DPW 3;CARGO;N/A;4305
ComDragagem2030;5114;205.0;23.0;10.75;31;CGC;BERÇO TECON 1.1;CARGO;N/A;1215
ComDragagem2030;5115;235.0;23.0;12.25;31;CGC;BERÇO TECON 3;CARGO;N/A;1080
ComDragagem2030;5116;325.0;23.0;12.75;31;CGC;BERÇO TECON 3;CARGO;N/A;1465
ComDragagem2030;5117;225.0;23.0;0.0;34;GSA - E;BERÇO TEG;CARGO;N/A;4885
ComDragagem2030;5118;225.0;23.0;0.0;38;GSA - E;BERÇO TGG;CARGO;N/A;2555
ComDragagem2030;5119;165.0;23.0;9.75;40;GL;BERÇO TIPLAM 1;CARGO;N/A;1430
ComDragagem2030;5120;225.0;23.0;0.0;41;GSA - E;BERÇO TIPLAM 2;CARGO;N/A;4370
ComDragagem2030;5121;245.0;23.0;0.0;43;GL;BERÇO AL 01;CARGO;N/A;2995
ComDragagem2030;5122;285.0;23.0;0.0;44;GL;BERÇO TRSP;CARGO;DANGEROUS;3230
ComDragagem2030;5124;225.0;36.0;0.0;1;CGNC;BERÇO ARAUCO 1;CARGO;N/A;6445
ComDragagem2030;5125;225.0;36.0;0.0;12;CGNC;BERÇO ARM 35P1;CARGO;N/A;6035
ComDragagem2030;5126;215.0;23.0;9.75;13;CGC;BERÇO BTP 2;CARGO;N/A;1085
ComDragagem2030;5127;366.0;49.0;15.0;13;CGC;BERÇO BTP 3;CARGO;N/A;2070
ComDragagem2030;5128;295.0;23.0;14.25;13;CGC;BERÇO BTP 1;CARGO;N/A;1380
ComDragagem2030;5129;295.0;23.0;13.75;13;CGC;BERÇO BTP 3;CARGO;N/A;1355
ComDragagem2030;5133;185.0;23.0;9.75;20;GL;BERÇO DOW;CARGO;N/A;2180
ComDragagem2030;5134;215.0;23.0;10.75;21;CGC;BERÇO DPW 2;CARGO;N/A;955
ComDragagem2030;5135;265.0;23.0;12.25;21;CGC;BERÇO DPW 1;CARGO;N/A;1250
ComDragagem2030;5136;225.0;36.0;0.0;23;CGNC;BERÇO ARM 31;CARGO;N/A;2855
ComDragagem2030;5137;215.0;23.0;10.75;31;CGC;BERÇO TECON 2;CARGO;N/A;1285
ComDragagem2030;5138;215.0;23.0;10.75;31;CGC;BERÇO TECON 1.2;CARGO;N/A;1120
ComDragagem2030;5139;295.0;23.0;13.25;31;CGC;BERÇO TECON 2;CARGO;N/A;1475
ComDragagem2030;5140;155.0;23.0;8.25;32;GL;BERÇO AL 02;CARGO;N/A;2215
ComDragagem2030;5141;225.0;23.0;0.0;34;GSA - E;BERÇO TEG;CARGO;N/A;4750
ComDragagem2030;5143;225.0;23.0;0.0;41;GSA - E;BERÇO TIPLAM 3;CARGO;N/A;3915
ComDragagem2030;5144;185.0;23.0;11.25;42;GSM - I;BERÇO TIPLAM 4;CARGO;N/A;5290
ComDragagem2030;5145;175.0;23.0;11.25;47;GL;BERÇO AL 04;CARGO;N/A;3820
ComDragagem2030;5147;225.0;36.0;0.0;1;CGNC;BERÇO ARAUCO 2;CARGO;N/A;6615
ComDragagem2030;5148;135.0;23.0;7.75;13;CGC;BERÇO BTP 2;CARGO;N/A;1780
ComDragagem2030;5149;275.0;23.0;14.25;13;CGC;BERÇO BTP 3;CARGO;N/A;1025
ComDragagem2030;5150;245.0;23.0;14.25;13;CGC;BERÇO BTP 2;CARGO;N/A;1160
ComDragagem2030;5155;275.0;23.0;13.75;21;CGC;BERÇO DPW 2;CARGO;N/A;1280
ComDragagem2030;5156;205.0;23.0;11.75;31;CGC;BERÇO TECON 1.1;CARGO;N/A;1240
ComDragagem2030;5157;275.0;23.0;12.75;31;CGC;BERÇO TECON 3;CARGO;N/A;1115
ComDragagem2030;5158;295.0;23.0;14.25;31;CGC;BERÇO TECON 2;CARGO;N/A;1415
ComDragagem2030;5159;225.0;23.0;0.0;33;GSA - E;BERÇO TEAG;CARGO;N/A;5485
ComDragagem2030;5161;185.0;23.0;12.25;43;GL;BERÇO AL 01;CARGO;N/A;1985
ComDragagem2030;5162;155.0;23.0;10.75;45;GL;BERÇO AL 04;CARGO;N/A;3060
ComDragagem2030;5164;175.0;23.0;0.0;11;GL;BERÇO Ageo I;CARGO;N/A;3935
ComDragagem2030;5167;195.0;23.0;7.25;21;CGC;BERÇO DPW 2;CARGO;N/A;970
ComDragagem2030;5168;185.0;23.0;8.25;21;CGC;BERÇO DPW 1;CARGO;N/A;910
ComDragagem2030;5169;245.0;23.0;8.75;21;CGC;BERÇO DPW 1;CARGO;N/A;1185
ComDragagem2030;5170;305.0;23.0;10.25;21;CGC;BERÇO DPW 2;CARGO;N/A;1455
ComDragagem2030;5171;185.0;23.0;0.0;24;GSA - E;BERÇO ARM 16/17;CARGO;N/A;2605
ComDragagem2030;5172;225.0;23.0;0.0;24;GSA - E;BERÇO ARM 19;CARGO;N/A;3425
ComDragagem2030;5173;185.0;23.0;9.25;27;GSM - I;BERÇO ARM 23;CARGO;N/A;4660
ComDragagem2030;5175;185.0;23.0;8.25;31;CGC;BERÇO TECON 1.2;CARGO;N/A;1175
ComDragagem2030;5176;255.0;23.0;9.25;31;CGC;BERÇO TECON 1/2;CARGO;N/A;1040
ComDragagem2030;5177;255.0;23.0;9.75;31;CGC;BERÇO TECON 3;CARGO;N/A;1055
ComDragagem2030;5178;175.0;23.0;9.25;35;GSM - I;BERÇO TERMAG;CARGO;N/A;3155
ComDragagem2030;5179;185.0;23.0;8.75;37;RORO;BERÇO TEV;CARGO;RO-RO;1410
ComDragagem2030;5180;195.0;23.0;6.75;37;RORO;BERÇO TEV;CARGO;RO-RO;1325
ComDragagem2030;5181;225.0;23.0;0.0;38;GSA - E;BERÇO TGG;CARGO;N/A;2540
ComDragagem2030;5183;175.0;23.0;0.0;43;GL;BERÇO AL 01;CARGO;N/A;1855
ComDragagem2030;5184;175.0;23.0;0.0;47;GL;BERÇO AL 03;CARGO;N/A;3820
ComDragagem2030;5185;225.0;23.0;0.0;9;GSA - E;BERÇO ARM 39;CARGO;N/A;3290
ComDragagem2030;5186;165.0;23.0;0.0;11;GL;BERÇO IB BC;CARGO;N/A;2830
ComDragagem2030;5187;225.0;36.0;0.0;12;CGNC;BERÇO ARM 35P2;CARGO;N/A;6060
ComDragagem2030;5188;295.0;23.0;11.25;13;CGC;BERÇO BTP 2;CARGO;N/A;1350
ComDragagem2030;5190;225.0;23.0;0.0;19;GSA - E;BERÇO CUTRALE;CARGO;N/A;3405
ComDragagem2030;5191;275.0;23.0;10.25;21;CGC;BERÇO DPW 1;CARGO;N/A;1200
ComDragagem2030;5193;185.0;23.0;9.25;31;CGC;BERÇO TECON 2;CARGO;N/A;1220
ComDragagem2030;5194;295.0;23.0;11.25;31;CGC;BERÇO TECON 3;CARGO;N/A;1410
ComDragagem2030;5195;225.0;23.0;0.0;38;GSA - E;BERÇO TGG;CARGO;N/A;2725
ComDragagem2030;5196;185.0;23.0;0.0;47;GL;BERÇO AL 02;CARGO;N/A;3820
ComDragagem2030;5198;105.9;22.0;6.6;8;CGNC;BERÇO SAIPEM 1;CARGO;N/A;5525
ComDragagem2030;5199;155.0;23.0;8.25;11;GL;BERÇO IB SP;CARGO;N/A;2840
ComDragagem2030;5200;215.0;23.0;8.75;13;CGC;BERÇO BTP 1;CARGO;N/A;975
ComDragagem2030;5202;265.0;23.0;10.75;21;CGC;BERÇO DPW 2;CARGO;N/A;1220
ComDragagem2030;5203;325.0;23.0;11.75;21;CGC;BERÇO DPW 1;CARGO;N/A;1505
ComDragagem2030;5204;185.0;23.0;9.75;31;CGC;BERÇO TECON 1/2;CARGO;N/A;1195
ComDragagem2030;5205;255.0;23.0;10.75;31;CGC;BERÇO TECON 2;CARGO;N/A;1145
ComDragagem2030;5206;339.0;43.0;14.0;31;CGC;BERÇO TECON 3;CARGO;N/A;1825
ComDragagem2030;5207;225.0;23.0;0.0;34;GSA - E;BERÇO TEG;CARGO;N/A;4845
ComDragagem2030;5210;185.0;23.0;9.25;47;GL;BERÇO AL 03;CARGO;N/A;3820
ComDragagem2030;5211;175.0;23.0;10.25;11;GL;BERÇO Ageo I;CARGO;N/A;3950
ComDragagem2030;5212;305.0;23.0;12.25;13;CGC;BERÇO BTP 1;CARGO;N/A;1320
ComDragagem2030;5215;185.0;23.0;10.25;21;CGC;BERÇO DPW 3;CARGO;N/A;970
ComDragagem2030;5216;255.0;23.0;11.25;21;CGC;BERÇO DPW 2;CARGO;N/A;1175
ComDragagem2030;5217;225.0;36.0;0.0;22;CGNC;BERÇO DPW 4;CARGO;N/A;3915
ComDragagem2030;5218;195.0;23.0;9.75;31;CGC;BERÇO TECON 1.1;CARGO;N/A;1205
ComDragagem2030;5219;295.0;23.0;12.25;31;CGC;BERÇO TECON 2;CARGO;N/A;1505
ComDragagem2030;5223;185.0;23.0;0.0;43;GL;BERÇO AL 01;CARGO;N/A;2005
ComDragagem2030;5224;285.0;23.0;0.0;44;GL;BERÇO TRSP;CARGO;DANGEROUS;3230
ComDragagem2030;5225;165.0;23.0;9.25;46;CGNC;BERÇO USIMINAS 1;CARGO;N/A;6425
ComDragagem2030;5226;225.0;23.0;0.0;9;GSA - E;BERÇO ARM 39;CARGO;N/A;3275
ComDragagem2030;5227;215.0;23.0;9.25;13;CGC;BERÇO BTP 3;CARGO;N/A;965
ComDragagem2030;5228;275.0;23.0;13.25;13;CGC;BERÇO BTP 1;CARGO;N/A;1175
ComDragagem2030;5229;295.0;23.0;13.25;13;CGC;BERÇO BTP 2;CARGO;N/A;1350
ComDragagem2030;5233;125.0;23.0;7.25;21;CGC;BERÇO DPW 3;CARGO;N/A;1000
ComDragagem2030;5234;205.0;23.0;10.75;21;CGC;BERÇO DPW 1;CARGO;N/A;950
ComDragagem2030;5235;366.0;49.0;15.0;21;CGC;BERÇO DPW 2;CARGO;N/A;2665
ComDragagem2030;5236;265.0;23.0;11.75;21;CGC;BERÇO DPW 1;CARGO;N/A;1320
ComDragagem2030;5237;255.0;23.0;11.75;21;CGC;BERÇO DPW 3;CARGO;N/A;1170
ComDragagem2030;5238;305.0;23.0;13.25;21;CGC;BERÇO DPW 1;CARGO;N/A;1445
ComDragagem2030;5241;235.0;23.0;12.25;31;CGC;BERÇO TECON 1.2;CARGO;N/A;1080
ComDragagem2030;5242;195.0;23.0;9.25;37;RORO;BERÇO TEV;CARGO;RO-RO;1365
ComDragagem2030;5243;195.0;23.0;9.25;37;RORO;BERÇO TEV;CARGO;RO-RO;1345
ComDragagem2030;5244;225.0;23.0;9.25;37;RORO;BERÇO TEV;CARGO;RO-RO;1385
ComDragagem2030;5245;225.0;23.0;0.0;43;GL;BERÇO AL 01;CARGO;N/A;3015
ComDragagem2030;5246;175.0;23.0;10.75;45;GL;BERÇO AL 04;CARGO;N/A;3960
ComDragagem2030;5247;59.25;14.0;4.0;8;CGNC;BERÇO SAIPEM 2;CARGO;N/A;390
ComDragagem2030;5248;185.0;23.0;10.75;11;GL;BERÇO IB BC;CARGO;N/A;3970
ComDragagem2030;5249;135.0;23.0;7.75;13;CGC;BERÇO BTP 3;CARGO;N/A;1510
ComDragagem2030;5250;185.0;23.0;10.25;13;CGC;BERÇO BTP 1;CARGO;N/A;945
ComDragagem2030;5251;366.0;49.0;15.0;13;CGC;BERÇO BTP 3;CARGO;N/A;2235
ComDragagem2030;5252;275.0;23.0;13.75;13;CGC;BERÇO BTP 2;CARGO;N/A;1025
ComDragagem2030;5253;295.0;23.0;14.25;13;CGC;BERÇO BTP 2;CARGO;N/A;1470
ComDragagem2030;5256;135.0;23.0;8.25;21;CGC;BERÇO DPW 3;CARGO;N/A;960
ComDragagem2030;5257;215.0;23.0;10.75;21;CGC;BERÇO DPW 3;CARGO;N/A;1045
ComDragagem2030;5258;215.0;23.0;10.75;21;CGC;BERÇO DPW 3;CARGO;N/A;945
ComDragagem2030;5259;255.0;23.0;12.25;21;CGC;BERÇO DPW 1;CARGO;N/A;1210
ComDragagem2030;5260;295.0;23.0;13.75;21;CGC;BERÇO DPW 2;CARGO;N/A;1430
ComDragagem2030;5263;225.0;36.0;0.0;29;CGNC;BERÇO ARM 31;CARGO;N/A;12510
ComDragagem2030;5265;265.0;23.0;12.75;31;CGC;BERÇO TECON 2;CARGO;N/A;1120
ComDragagem2030;5266;225.0;23.0;0.0;33;GSA - E;BERÇO TEAG;CARGO;N/A;5460
ComDragagem2030;5269;185.0;23.0;11.25;47;GL;BERÇO AL 02;CARGO;N/A;3820
ComDragagem2030;5270;185.0;23.0;11.75;47;GL;BERÇO AL 03;CARGO;N/A;3820
ComDragagem2030;5271;225.0;36.0;0.0;1;CGNC;BERÇO ARAUCO 1;CARGO;N/A;6125
ComDragagem2030;5272;225.0;36.0;0.0;12;CGNC;BERÇO ARM 35P1;CARGO;N/A;6120
ComDragagem2030;5273;135.0;23.0;7.75;13;CGC;BERÇO BTP 1;CARGO;N/A;1525
ComDragagem2030;5274;366.0;49.0;15.0;13;CGC;BERÇO BTP 3;CARGO;N/A;1995
ComDragagem2030;5275;295.0;23.0;14.25;13;CGC;BERÇO BTP 1;CARGO;N/A;1625
ComDragagem2030;5277;215.0;23.0;11.25;21;CGC;BERÇO DPW 3;CARGO;N/A;920
ComDragagem2030;5278;215.0;23.0;11.25;21;CGC;BERÇO DPW 1;CARGO;N/A;1125
ComDragagem2030;5279;225.0;36.0;0.0;22;CGNC;BERÇO DPW 4;CARGO;N/A;3985
ComDragagem2030;5280;195.0;23.0;12.25;27;GSM - I;BERÇO ARM 22/23;CARGO;N/A;4690
ComDragagem2030;5281;205.0;23.0;11.75;31;CGC;BERÇO TECON 1.1;CARGO;N/A;1115
ComDragagem2030;5282;215.0;23.0;11.25;31;CGC;BERÇO TECON 1.2;CARGO;N/A;1250
ComDragagem2030;5283;275.0;23.0;13.25;31;CGC;BERÇO TECON 2;CARGO;N/A;1125
ComDragagem2030;5284;275.0;23.0;12.75;31;CGC;BERÇO TECON 3;CARGO;N/A;1170
ComDragagem2030;5285;295.0;23.0;13.75;31;CGC;BERÇO TECON 2;CARGO;N/A;1405
ComDragagem2030;5286;339.0;43.0;14.0;31;CGC;BERÇO TECON 2;CARGO;N/A;1735
ComDragagem2030;5287;339.0;43.0;14.0;31;CGC;BERÇO TECON 3;CARGO;N/A;1710
ComDragagem2030;5289;195.0;23.0;10.25;37;RORO;BERÇO TEV;CARGO;RO-RO;1345
ComDragagem2030;5290;225.0;23.0;0.0;39;GSA - E;BERÇO OUT 2;CARGO;N/A;4055
ComDragagem2030;5291;195.0;23.0;11.25;42;GSM - I;BERÇO TIPLAM 4;CARGO;N/A;5235
ComDragagem2030;5292;175.0;23.0;10.25;42;GSM - I;BERÇO TIPLAM 1;CARGO;N/A;4580
ComDragagem2030;5293;175.0;23.0;12.25;43;GL;BERÇO AL 02;CARGO;N/A;1930
ComDragagem2030;5294;185.0;23.0;11.75;43;GL;BERÇO AL 01;CARGO;N/A;1975
ComDragagem2030;5295;225.0;36.0;0.0;1;CGNC;BERÇO ARAUCO 2;CARGO;N/A;6250
ComDragagem2030;5296;185.0;23.0;0.0;10;GL;BERÇO IB SP;CARGO;N/A;2335
ComDragagem2030;5297;185.0;23.0;0.0;11;GL;BERÇO Ageo I;CARGO;N/A;3930
ComDragagem2030;5298;135.0;23.0;7.75;13;CGC;BERÇO BTP 2;CARGO;N/A;1460
ComDragagem2030;5299;255.0;23.0;10.25;13;CGC;BERÇO BTP 1;CARGO;N/A;1140
ComDragagem2030;5300;295.0;23.0;10.75;13;CGC;BERÇO BTP 2;CARGO;N/A;1375
ComDragagem2030;5305;245.0;23.0;9.75;21;CGC;BERÇO DPW 2;CARGO;N/A;1185
ComDragagem2030;5308;185.0;23.0;8.75;27;GSM - I;BERÇO ARM 23;CARGO;N/A;4745
ComDragagem2030;5310;185.0;23.0;8.25;31;CGC;BERÇO TECON 1.1;CARGO;N/A;1120
ComDragagem2030;5311;185.0;23.0;8.25;31;CGC;BERÇO TECON 1.2;CARGO;N/A;1150
ComDragagem2030;5312;275.0;23.0;9.25;31;CGC;BERÇO TECON 3;CARGO;N/A;1060
ComDragagem2030;5313;265.0;23.0;8.75;31;CGC;BERÇO TECON 3;CARGO;N/A;1085
ComDragagem2030;5314;315.0;23.0;9.75;31;CGC;BERÇO TECON 1/2;CARGO;N/A;1485
ComDragagem2030;5315;339.0;43.0;14.0;31;CGC;BERÇO TECON 3;CARGO;N/A;1685
ComDragagem2030;5316;225.0;23.0;0.0;34;GSA - E;BERÇO TEG;CARGO;N/A;4795
ComDragagem2030;5319;185.0;23.0;0.0;43;GL;BERÇO AL 01;CARGO;N/A;1910
ComDragagem2030;5320;175.0;23.0;0.0;46;CGNC;BERÇO USIMINAS 2;CARGO;N/A;6005
ComDragagem2030;5321;225.0;23.0;0.0;9;GSA - E;BERÇO ARM 39;CARGO;N/A;3375
ComDragagem2030;5322;185.0;23.0;0.0;11;GL;BERÇO IB OE;CARGO;N/A;3965
ComDragagem2030;5323;215.0;23.0;8.75;13;CGC;BERÇO BTP 1;CARGO;N/A;1115
ComDragagem2030;5326;225.0;23.0;0.0;18;GL;BERÇO CUTRALE;CARGO;N/A;10000
ComDragagem2030;5327;225.0;23.0;0.0;19;GSA - E;BERÇO CUTRALE;CARGO;N/A;3320
ComDragagem2030;5328;275.0;23.0;9.75;21;CGC;BERÇO DPW 2;CARGO;N/A;1265
ComDragagem2030;5329;295.0;23.0;10.75;21;CGC;BERÇO DPW 1;CARGO;N/A;1485
ComDragagem2030;5333;185.0;23.0;9.25;31;CGC;BERÇO TECON 1.2;CARGO;N/A;1115
ComDragagem2030;5334;255.0;23.0;10.25;31;CGC;BERÇO TECON 1/2;CARGO;N/A;1080
ComDragagem2030;5335;339.0;43.0;14.0;31;CGC;BERÇO TECON 2;CARGO;N/A;1695
ComDragagem2030;5337;225.0;23.0;0.0;38;GSA - E;BERÇO TGG;CARGO;N/A;2640
ComDragagem2030;5338;175.0;23.0;0.0;46;CGNC;BERÇO USIMINAS 3;CARGO;N/A;5670
ComDragagem2030;5340;175.0;23.0;8.75;2;GL;BERÇO AL 01;CARGO;N/A;3775
ComDragagem2030;5341;185.0;23.0;0.0;11;GL;BERÇO IB BC;CARGO;N/A;3940
ComDragagem2030;5342;295.0;23.0;11.75;13;CGC;BERÇO BTP 2;CARGO;N/A;1435
ComDragagem2030;5343;215.0;23.0;9.75;21;CGC;BERÇO DPW 3;CARGO;N/A;940
ComDragagem2030;5344;265.0;23.0;10.75;21;CGC;BERÇO DPW 2;CARGO;N/A;1270
ComDragagem2030;5345;215.0;23.0;9.25;31;CGC;BERÇO TECON 3;CARGO;N/A;1145
ComDragagem2030;5346;275.0;23.0;10.25;31;CGC;BERÇO TECON 2;CARGO;N/A;1195
ComDragagem2030;5347;295.0;23.0;11.75;31;CGC;BERÇO TECON 3;CARGO;N/A;1435
ComDragagem2030;5348;225.0;23.0;0.0;34;GSA - E;BERÇO TEG;CARGO;N/A;4950
ComDragagem2030;5349;195.0;23.0;8.75;37;RORO;BERÇO TEV;CARGO;RO-RO;1425
ComDragagem2030;5351;185.0;23.0;0.0;43;GL;BERÇO AL 02;CARGO;N/A;1935
ComDragagem2030;5352;135.0;23.0;7.75;13;CGC;BERÇO BTP 3;CARGO;N/A;1520
ComDragagem2030;5353;215.0;23.0;9.25;13;CGC;BERÇO BTP 2;CARGO;N/A;1055
ComDragagem2030;5354;339.0;43.0;14.0;13;CGC;BERÇO BTP 1;CARGO;N/A;1625
ComDragagem2030;5356;165.0;23.0;8.25;20;GL;BERÇO DOW;CARGO;N/A;1070
ComDragagem2030;5357;185.0;23.0;10.25;21;CGC;BERÇO DPW 3;CARGO;N/A;1005
ComDragagem2030;5358;339.0;43.0;14.0;21;CGC;BERÇO DPW 1;CARGO;N/A;1795
ComDragagem2030;5359;185.0;23.0;11.25;27;GSM - I;BERÇO ARM 22/23;CARGO;N/A;5305
ComDragagem2030;5360;235.0;23.0;11.75;31;CGC;BERÇO TECON 1.2;CARGO;N/A;1160
ComDragagem2030;5361;225.0;23.0;0.0;34;GSA - E;BERÇO TEG;CARGO;N/A;4880
ComDragagem2030;5362;225.0;23.0;0.0;38;GSA - E;BERÇO TGG;CARGO;N/A;2635
ComDragagem2030;5364;175.0;23.0;0.0;43;GL;BERÇO AL 02;CARGO;N/A;1965
ComDragagem2030;5365;285.0;23.0;0.0;44;GL;BERÇO TRSP;CARGO;DANGEROUS;3230
ComDragagem2030;5367;225.0;23.0;0.0;9;GSA - E;BERÇO ARM 39;CARGO;N/A;3295
ComDragagem2030;5368;185.0;23.0;9.75;13;CGC;BERÇO BTP 3;CARGO;N/A;1000
ComDragagem2030;5369;185.0;23.0;9.75;13;CGC;BERÇO BTP 3;CARGO;N/A;965
ComDragagem2030;5370;295.0;23.0;13.25;13;CGC;BERÇO BTP 2;CARGO;N/A;1375
ComDragagem2030;5371;339.0;43.0;14.0;13;CGC;BERÇO BTP 2;CARGO;N/A;1665
ComDragagem2030;5375;215.0;23.0;10.25;21;CGC;BERÇO DPW 3;CARGO;N/A;1035
ComDragagem2030;5376;215.0;23.0;10.25;21;CGC;BERÇO DPW 3;CARGO;N/A;1010
ComDragagem2030;5377;255.0;23.0;11.75;21;CGC;BERÇO DPW 3;CARGO;N/A;1330
ComDragagem2030;5378;255.0;23.0;11.75;21;CGC;BERÇO DPW 1;CARGO;N/A;1235
ComDragagem2030;5379;339.0;43.0;14.0;21;CGC;BERÇO DPW 2;CARGO;N/A;1800
ComDragagem2030;5381;195.0;23.0;10.75;31;CGC;BERÇO TECON 1.1;CARGO;N/A;1120
ComDragagem2030;5382;225.0;23.0;0.0;34;GSA - E;BERÇO TEG;CARGO;N/A;4845
ComDragagem2030;5383;195.0;23.0;9.25;37;RORO;BERÇO TEV;CARGO;RO-RO;1690
ComDragagem2030;5384;195.0;23.0;9.25;37;RORO;BERÇO TEV;CARGO;RO-RO;1620
ComDragagem2030;5388;225.0;23.0;0.0;9;GSA - E;BERÇO ARM 39;CARGO;N/A;3160
ComDragagem2030;5389;215.0;23.0;9.75;13;CGC;BERÇO BTP 1;CARGO;N/A;1145
ComDragagem2030;5390;185.0;23.0;10.25;13;CGC;BERÇO BTP 3;CARGO;N/A;1065
ComDragagem2030;5391;275.0;23.0;13.75;13;CGC;BERÇO BTP 1;CARGO;N/A;1020
ComDragagem2030;5392;295.0;23.0;14.25;13;CGC;BERÇO BTP 3;CARGO;N/A;1530
ComDragagem2030;5393;295.0;23.0;14.25;13;CGC;BERÇO BTP 1;CARGO;N/A;1435
ComDragagem2030;5396;165.0;23.0;8.75;20;GL;BERÇO DOW;CARGO;N/A;925
ComDragagem2030;5397;195.0;23.0;11.25;21;CGC;BERÇO DPW 1;CARGO;N/A;1005
ComDragagem2030;5398;215.0;23.0;10.75;21;CGC;BERÇO DPW 1;CARGO;N/A;980
ComDragagem2030;5399;235.0;23.0;12.25;21;CGC;BERÇO DPW 2;CARGO;N/A;1275
ComDragagem2030;5400;265.0;23.0;12.25;21;CGC;BERÇO DPW 2;CARGO;N/A;1235
ComDragagem2030;5401;339.0;43.0;14.0;21;CGC;BERÇO DPW 1;CARGO;N/A;1850
ComDragagem2030;5403;225.0;23.0;13.25;27;GSM - I;BERÇO ARM 23;CARGO;N/A;3450
ComDragagem2030;5404;215.0;23.0;10.75;31;CGC;BERÇO TECON 2;CARGO;N/A;1150
ComDragagem2030;5405;265.0;23.0;12.25;31;CGC;BERÇO TECON 1/2;CARGO;N/A;1075
ComDragagem2030;5408;195.0;23.0;9.25;37;RORO;BERÇO TEV;CARGO;RO-RO;1420
ComDragagem2030;5409;165.0;23.0;9.25;47;GL;BERÇO AL 04;CARGO;N/A;2540
ComDragagem2030;5410;225.0;36.0;0.0;1;CGNC;BERÇO ARAUCO 1;CARGO;N/A;6470
ComDragagem2030;5411;185.0;23.0;11.75;11;GL;BERÇO IB BC;CARGO;N/A;3965
ComDragagem2030;5412;215.0;23.0;10.25;13;CGC;BERÇO BTP 1;CARGO;N/A;1045
ComDragagem2030;5413;245.0;23.0;14.25;13;CGC;BERÇO BTP 2;CARGO;N/A;1040
ComDragagem2030;5414;305.0;23.0;14.25;13;CGC;BERÇO BTP 3;CARGO;N/A;1445
ComDragagem2030;5417;285.0;23.0;12.75;21;CGC;BERÇO DPW 2;CARGO;N/A;1240
ComDragagem2030;5418;295.0;23.0;14.25;21;CGC;BERÇO DPW 1;CARGO;N/A;1470
ComDragagem2030;5419;175.0;23.0;10.75;27;GSM - I;BERÇO ARM 22/23;CARGO;N/A;3685
ComDragagem2030;5421;205.0;23.0;12.25;31;CGC;BERÇO TECON 1.1;CARGO;N/A;1195
ComDragagem2030;5422;255.0;23.0;13.25;31;CGC;BERÇO TECON 3;CARGO;N/A;1130
ComDragagem2030;5423;275.0;23.0;12.75;31;CGC;BERÇO TECON 2;CARGO;N/A;1110
ComDragagem2030;5424;295.0;23.0;14.25;31;CGC;BERÇO TECON 3;CARGO;N/A;1395
ComDragagem2030;5425;295.0;23.0;13.75;31;CGC;BERÇO TECON 2;CARGO;N/A;1645
ComDragagem2030;5426;225.0;23.0;0.0;34;GSA - E;BERÇO TEG;CARGO;N/A;4925
ComDragagem2030;5428;225.0;23.0;0.0;38;GSA - E;BERÇO TGG;CARGO;N/A;2525
ComDragagem2030;5430;185.0;23.0;12.25;42;GSM - I;BERÇO TIPLAM 1;CARGO;N/A;5450
ComDragagem2030;5431;225.0;23.0;13.75;42;GSM - I;BERÇO TIPLAM 4;CARGO;N/A;6490
ComDragagem2030;5432;225.0;23.0;11.75;43;GL;BERÇO AL 01;CARGO;N/A;3040
ComDragagem2030;5433;185.0;23.0;11.25;43;GL;BERÇO AL 02;CARGO;N/A;2260
ComDragagem2030;5434;225.0;36.0;0.0;1;CGNC;BERÇO ARAUCO 2;CARGO;N/A;6185
ComDragagem2030;5435;155.0;23.0;0.0;11;GL;BERÇO Ageo I;CARGO;N/A;2820
ComDragagem2030;5436;225.0;36.0;0.0;12;CGNC;BERÇO ARM 35P2;CARGO;N/A;6200
ComDragagem2030;5437;185.0;23.0;8.75;13;CGC;BERÇO BTP 3;CARGO;N/A;1045
ComDragagem2030;5438;245.0;23.0;10.75;13;CGC;BERÇO BTP 1;CARGO;N/A;1075
ComDragagem2030;5439;305.0;23.0;9.25;13;CGC;BERÇO BTP 2;CARGO;N/A;1425
ComDragagem2030;5444;295.0;23.0;10.25;21;CGC;BERÇO DPW 2;CARGO;N/A;1410
ComDragagem2030;5447;185.0;23.0;9.25;27;GSM - I;BERÇO ARM 23;CARGO;N/A;4725
ComDragagem2030;5449;215.0;23.0;8.75;31;CGC;BERÇO TECON 1.1;CARGO;N/A;1450
ComDragagem2030;5450;185.0;23.0;8.25;31;CGC;BERÇO TECON 1.2;CARGO;N/A;1185
ComDragagem2030;5451;265.0;23.0;9.75;31;CGC;BERÇO TECON 3;CARGO;N/A;1180
ComDragagem2030;5452;245.0;23.0;9.75;31;CGC;BERÇO TECON 1.2;CARGO;N/A;1050
ComDragagem2030;5453;315.0;23.0;9.75;31;CGC;BERÇO TECON 2;CARGO;N/A;1475
ComDragagem2030;5454;339.0;43.0;14.0;31;CGC;BERÇO TECON 3;CARGO;N/A;1695
ComDragagem2030;5455;195.0;23.0;8.25;35;GSM - I;BERÇO TERMAG;CARGO;N/A;5640
ComDragagem2030;5456;175.0;23.0;8.75;37;RORO;BERÇO TEV;CARGO;RO-RO;1350
ComDragagem2030;5458;285.0;23.0;0.0;44;GL;BERÇO TRSP;CARGO;DANGEROUS;3230
ComDragagem2030;5459;185.0;23.0;0.0;47;GL;BERÇO AL 03;CARGO;N/A;3820
ComDragagem2030;5460;225.0;36.0;0.0;1;CGNC;BERÇO ARAUCO 3;CARGO;N/A;5990
ComDragagem2030;5461;225.0;36.0;0.0;12;CGNC;BERÇO ARM 35P1;CARGO;N/A;6480
ComDragagem2030;5462;215.0;23.0;8.75;13;CGC;BERÇO BTP 2;CARGO;N/A;975
ComDragagem2030;5466;175.0;23.0;0.0;18;GL;BERÇO CUTRALE;CARGO;N/A;3890
ComDragagem2030;5467;275.0;23.0;10.25;21;CGC;BERÇO DPW 1;CARGO;N/A;1190
ComDragagem2030;5468;325.0;23.0;10.75;21;CGC;BERÇO DPW 2;CARGO;N/A;1480
ComDragagem2030;5472;185.0;23.0;9.25;31;CGC;BERÇO TECON 1.1;CARGO;N/A;1275
ComDragagem2030;5473;235.0;23.0;10.25;31;CGC;BERÇO TECON 1.2;CARGO;N/A;1135
ComDragagem2030;5474;295.0;23.0;10.75;31;CGC;BERÇO TECON 2;CARGO;N/A;1450
ComDragagem2030;5476;195.0;23.0;8.75;37;RORO;BERÇO TEV;CARGO;RO-RO;1480
ComDragagem2030;5477;225.0;23.0;0.0;38;GSA - E;BERÇO TGG;CARGO;N/A;2615
ComDragagem2030;5479;105.9;22.0;6.8;8;CGNC;BERÇO SAIPEM 1;CARGO;N/A;1730
ComDragagem2030;5480;165.0;23.0;7.75;2;GL;BERÇO AL 02;CARGO;N/A;3215
ComDragagem2030;5481;155.0;23.0;0.0;11;GL;BERÇO IB SP;CARGO;N/A;2840
ComDragagem2030;5483;215.0;23.0;9.25;21;CGC;BERÇO DPW 3;CARGO;N/A;915
ComDragagem2030;5484;275.0;23.0;10.25;21;CGC;BERÇO DPW 1;CARGO;N/A;1170
ComDragagem2030;5485;225.0;36.0;0.0;22;CGNC;BERÇO DPW 3;CARGO;N/A;4065
ComDragagem2030;5486;275.0;23.0;10.25;31;CGC;BERÇO TECON 1/2;CARGO;N/A;1220
ComDragagem2030;5487;295.0;23.0;11.75;31;CGC;BERÇO TECON 2;CARGO;N/A;1455
ComDragagem2030;5492;275.0;23.0;12.25;13;CGC;BERÇO BTP 1;CARGO;N/A;1055
ComDragagem2030;5495;125.0;23.0;7.25;21;CGC;BERÇO DPW 3;CARGO;N/A;955
ComDragagem2030;5496;255.0;23.0;11.25;21;CGC;BERÇO DPW 1;CARGO;N/A;1195
ComDragagem2030;5497;295.0;23.0;12.75;21;CGC;BERÇO DPW 2;CARGO;N/A;1645
ComDragagem2030;5499;255.0;23.0;11.25;31;CGC;BERÇO TECON 1/2;CARGO;N/A;1200
ComDragagem2030;5501;225.0;23.0;0.0;39;GSA - E;BERÇO OUT 2;CARGO;N/A;3935
ComDragagem2030;5503;175.0;23.0;0.0;43;GL;BERÇO AL 01;CARGO;N/A;2005
ComDragagem2030;5504;185.0;23.0;0.0;43;GL;BERÇO AL 02;CARGO;N/A;2080
ComDragagem2030;5506;185.0;23.0;9.75;13;CGC;BERÇO BTP 2;CARGO;N/A;1075
ComDragagem2030;5507;285.0;23.0;12.75;13;CGC;BERÇO BTP 1;CARGO;N/A;1005
ComDragagem2030;5508;305.0;23.0;12.75;13;CGC;BERÇO BTP 3;CARGO;N/A;1480
ComDragagem2030;5513;205.0;23.0;10.75;21;CGC;BERÇO DPW 3;CARGO;N/A;1070
ComDragagem2030;5514;275.0;23.0;11.25;21;CGC;BERÇO DPW 1;CARGO;N/A;1190
ComDragagem2030;5515;265.0;23.0;11.75;21;CGC;BERÇO DPW 1;CARGO;N/A;1280
ComDragagem2030;5516;275.0;23.0;11.25;21;CGC;BERÇO DPW 2;CARGO;N/A;1220
ComDragagem2030;5517;225.0;36.0;0.0;22;CGNC;BERÇO DPW 4;CARGO;N/A;4085
ComDragagem2030;5520;255.0;23.0;12.25;31;CGC;BERÇO TECON 2;CARGO;N/A;1125
ComDragagem2030;5522;235.0;23.0;8.75;37;RORO;BERÇO TEV;CARGO;RO-RO;1270
ComDragagem2030;5524;225.0;23.0;11.25;42;GSM - I;BERÇO TIPLAM 4;CARGO;N/A;6390
ComDragagem2030;5525;185.0;23.0;0.0;43;GL;BERÇO AL 01;CARGO;N/A;2120
ComDragagem2030;5526;225.0;36.0;0.0;1;CGNC;BERÇO ARAUCO 2;CARGO;N/A;6275
ComDragagem2030;5527;225.0;36.0;0.0;1;CGNC;BERÇO ARAUCO 1;CARGO;N/A;6000
ComDragagem2030;5528;135.0;23.0;7.75;13;CGC;BERÇO BTP 2;CARGO;N/A;1540
ComDragagem2030;5529;205.0;23.0;10.25;13;CGC;BERÇO BTP 1;CARGO;N/A;1080
ComDragagem2030;5530;275.0;23.0;13.75;13;CGC;BERÇO BTP 1;CARGO;N/A;1010
ComDragagem2030;5531;295.0;23.0;14.25;13;CGC;BERÇO BTP 3;CARGO;N/A;1395
ComDragagem2030;5532;295.0;23.0;14.25;13;CGC;BERÇO BTP 2;CARGO;N/A;1505
ComDragagem2030;5535;225.0;23.0;0.0;19;GSA - E;BERÇO CUTRALE;CARGO;N/A;4365
ComDragagem2030;5536;215.0;23.0;10.75;21;CGC;BERÇO DPW 3;CARGO;N/A;905
ComDragagem2030;5537;235.0;23.0;12.25;21;CGC;BERÇO DPW 3;CARGO;N/A;1220
ComDragagem2030;5538;245.0;23.0;12.75;21;CGC;BERÇO DPW 3;CARGO;N/A;1220
ComDragagem2030;5539;305.0;23.0;13.75;21;CGC;BERÇO DPW 1;CARGO;N/A;1420
ComDragagem2030;5540;295.0;23.0;13.75;21;CGC;BERÇO DPW 2;CARGO;N/A;1450
ComDragagem2030;5541;225.0;36.0;0.0;25;CGNC;BERÇO ARM 32;CARGO;N/A;3245
ComDragagem2030;5542;175.0;23.0;10.75;27;GSM - I;BERÇO ARM 22/23;CARGO;N/A;3785
ComDragagem2030;5543;205.0;23.0;11.25;31;CGC;BERÇO TECON 1.1;CARGO;N/A;1170
ComDragagem2030;5544;265.0;23.0;12.25;31;CGC;BERÇO TECON 2;CARGO;N/A;1100
ComDragagem2030;5545;155.0;23.0;8.25;32;GL;BERÇO AL 03;CARGO;N/A;2780
ComDragagem2030;5546;225.0;23.0;14.25;35;GSM - I;BERÇO TERMAG;CARGO;N/A;7005
ComDragagem2030;5547;165.0;23.0;9.75;47;GL;BERÇO AL 04;CARGO;N/A;2540
ComDragagem2030;5548;175.0;23.0;11.25;47;GL;BERÇO AL 04;CARGO;N/A;3820
ComDragagem2030;5549;175.0;23.0;11.25;47;GL;BERÇO AL 03;CARGO;N/A;3820
ComDragagem2030;5550;225.0;23.0;0.0;9;GSA - E;BERÇO ARM 39;CARGO;N/A;3265
ComDragagem2030;5551;165.0;23.0;10.25;11;GL;BERÇO Ageo I;CARGO;N/A;2825
ComDragagem2030;5552;215.0;23.0;10.75;13;CGC;BERÇO BTP 1;CARGO;N/A;1000
ComDragagem2030;5553;295.0;23.0;14.25;13;CGC;BERÇO BTP 3;CARGO;N/A;1490
ComDragagem2030;5554;295.0;23.0;14.25;13;CGC;BERÇO BTP 2;CARGO;N/A;1375
ComDragagem2030;5556;205.0;23.0;11.75;21;CGC;BERÇO DPW 1;CARGO;N/A;1025
ComDragagem2030;5557;275.0;23.0;14.25;21;CGC;BERÇO DPW 2;CARGO;N/A;1240
ComDragagem2030;5559;225.0;23.0;14.25;27;GSM - I;BERÇO ARM 23;CARGO;N/A;3650
ComDragagem2030;5560;135.0;23.0;7.25;31;CGC;BERÇO TECON 1.2;CARGO;N/A;580
ComDragagem2030;5561;205.0;23.0;11.75;31;CGC;BERÇO TECON 2;CARGO;N/A;1205
ComDragagem2030;5562;366.0;49.0;15.0;31;CGC;BERÇO TECON 2;CARGO;N/A;2515
ComDragagem2030;5563;275.0;23.0;13.75;31;CGC;BERÇO TECON 1/2;CARGO;N/A;1140
ComDragagem2030;5564;295.0;23.0;13.75;31;CGC;BERÇO TECON 3;CARGO;N/A;1445
ComDragagem2030;5565;339.0;43.0;14.0;31;CGC;BERÇO TECON 3;CARGO;N/A;1715
ComDragagem2030;5568;225.0;23.0;0.0;38;GSA - E;BERÇO TGG;CARGO;N/A;2590
ComDragagem2030;5569;225.0;23.0;0.0;38;GSA - E;BERÇO TGG;CARGO;N/A;2600
ComDragagem2030;5570;195.0;23.0;11.75;42;GSM - I;BERÇO TIPLAM 1;CARGO;N/A;5365
ComDragagem2030;5571;225.0;23.0;13.75;42;GSM - I;BERÇO TIPLAM 4;CARGO;N/A;6500
ComDragagem2030;5572;185.0;23.0;11.25;43;GL;BERÇO AL 02;CARGO;N/A;1870
ComDragagem2030;5573;225.0;36.0;0.0;1;CGNC;BERÇO ARAUCO 3;CARGO;N/A;6080
ComDragagem2030;5574;155.0;23.0;0.0;11;GL;BERÇO IB BC;CARGO;N/A;2830
ComDragagem2030;5575;135.0;23.0;7.75;13;CGC;BERÇO BTP 3;CARGO;N/A;1415
ComDragagem2030;5576;215.0;23.0;8.75;13;CGC;BERÇO BTP 1;CARGO;N/A;1075
ComDragagem2030;5577;235.0;23.0;8.25;13;CGC;BERÇO BTP 1;CARGO;N/A;1015
ComDragagem2030;5578;339.0;43.0;14.0;13;CGC;BERÇO BTP 2;CARGO;N/A;1735
ComDragagem2030;5583;225.0;36.0;0.0;22;CGNC;BERÇO DPW 4;CARGO;N/A;4220
ComDragagem2030;5586;225.0;23.0;8.25;27;GSM - I;BERÇO ARM 22/23;CARGO;N/A;3030
ComDragagem2030;5588;185.0;23.0;8.75;31;CGC;BERÇO TECON 3;CARGO;N/A;1305
ComDragagem2030;5589;366.0;49.0;15.0;31;CGC;BERÇO TECON 2;CARGO;N/A;2470
ComDragagem2030;5590;265.0;23.0;9.25;31;CGC;BERÇO TECON 3;CARGO;N/A;1070
ComDragagem2030;5591;295.0;23.0;9.25;31;CGC;BERÇO TECON 1/2;CARGO;N/A;1515
ComDragagem2030;5592;295.0;23.0;9.75;31;CGC;BERÇO TECON 1/2;CARGO;N/A;1390
ComDragagem2030;5593;155.0;23.0;0.0;32;GL;BERÇO AL 02;CARGO;N/A;2385
ComDragagem2030;5594;175.0;23.0;9.25;35;GSM - I;BERÇO TERMAG;CARGO;N/A;3500
ComDragagem2030;5595;195.0;23.0;8.25;37;RORO;BERÇO TEV;CARGO;RO-RO;1455
ComDragagem2030;5596;185.0;23.0;0.0;43;GL;BERÇO AL 01;CARGO;N/A;1935
ComDragagem2030;5597;285.0;23.0;0.0;44;GL;BERÇO TRSP;CARGO;DANGEROUS;3230
ComDragagem2030;5599;225.0;23.0;0.0;9;GSA - E;BERÇO ARM 39;CARGO;N/A;3210
ComDragagem2030;5600;155.0;23.0;0.0;11;GL;BERÇO IB SP;CARGO;N/A;2815
ComDragagem2030;5601;295.0;23.0;11.75;13;CGC;BERÇO BTP 3;CARGO;N/A;1380
ComDragagem2030;5605;195.0;23.0;9.25;21;CGC;BERÇO DPW 3;CARGO;N/A;945
ComDragagem2030;5606;275.0;23.0;9.75;21;CGC;BERÇO DPW 2;CARGO;N/A;1265
ComDragagem2030;5607;225.0;36.0;0.0;22;CGNC;BERÇO DPW 4;CARGO;N/A;4075
ComDragagem2030;5611;185.0;23.0;9.25;31;CGC;BERÇO TECON 1.2;CARGO;N/A;1150
ComDragagem2030;5612;255.0;23.0;10.25;31;CGC;BERÇO TECON 3;CARGO;N/A;1045
ComDragagem2030;5615;195.0;23.0;8.75;37;RORO;BERÇO TEV;CARGO;RO-RO;1370
ComDragagem2030;5616;175.0;23.0;0.0;46;CGNC;BERÇO USIMINAS 1;CARGO;N/A;6530
ComDragagem2030;5618;215.0;23.0;8.75;13;CGC;BERÇO BTP 1;CARGO;N/A;1040
ComDragagem2030;5619;305.0;23.0;11.75;13;CGC;BERÇO BTP 3;CARGO;N/A;1460
ComDragagem2030;5621;275.0;23.0;10.75;21;CGC;BERÇO DPW 1;CARGO;N/A;1305
ComDragagem2030;5622;195.0;23.0;9.25;31;CGC;BERÇO TECON 1.1;CARGO;N/A;1340
ComDragagem2030;5623;185.0;23.0;9.75;31;CGC;BERÇO TECON 1.2;CARGO;N/A;1120
ComDragagem2030;5624;275.0;23.0;10.75;31;CGC;BERÇO TECON 2;CARGO;N/A;1135
ComDragagem2030;5626;195.0;23.0;8.75;37;RORO;BERÇO TEV;CARGO;RO-RO;1415
ComDragagem2030;5628;185.0;23.0;0.0;43;GL;BERÇO AL 01;CARGO;N/A;2195
ComDragagem2030;5630;215.0;23.0;9.25;13;CGC;BERÇO BTP 1;CARGO;N/A;1070
ComDragagem2030;5631;305.0;23.0;12.25;13;CGC;BERÇO BTP 2;CARGO;N/A;1430
ComDragagem2030;5633;185.0;23.0;10.25;21;CGC;BERÇO DPW 1;CARGO;N/A;945
ComDragagem2030;5634;185.0;23.0;10.25;21;CGC;BERÇO DPW 3;CARGO;N/A;945
ComDragagem2030;5635;305.0;23.0;12.25;21;CGC;BERÇO DPW 2;CARGO;N/A;1470
ComDragagem2030;5637;265.0;23.0;11.25;31;CGC;BERÇO TECON 3;CARGO;N/A;1045
ComDragagem2030;5639;225.0;23.0;0.0;38;GSA - E;BERÇO TGG;CARGO;N/A;2630
ComDragagem2030;5641;175.0;23.0;0.0;43;GL;BERÇO AL 01;CARGO;N/A;1870
ComDragagem2030;5642;175.0;23.0;0.0;43;GL;BERÇO AL 02;CARGO;N/A;1925
ComDragagem2030;5643;155.0;23.0;8.75;45;GL;BERÇO AL 03;CARGO;N/A;2855
ComDragagem2030;5644;135.0;23.0;7.75;13;CGC;BERÇO BTP 2;CARGO;N/A;1465
ComDragagem2030;5645;185.0;23.0;9.75;13;CGC;BERÇO BTP 1;CARGO;N/A;1195
ComDragagem2030;5646;295.0;23.0;13.25;13;CGC;BERÇO BTP 3;CARGO;N/A;1430
ComDragagem2030;5650;195.0;23.0;10.25;21;CGC;BERÇO DPW 3;CARGO;N/A;1015
ComDragagem2030;5651;205.0;23.0;10.75;21;CGC;BERÇO DPW 3;CARGO;N/A;1015
ComDragagem2030;5652;215.0;23.0;10.25;21;CGC;BERÇO DPW 1;CARGO;N/A;970
ComDragagem2030;5653;265.0;23.0;11.75;21;CGC;BERÇO DPW 2;CARGO;N/A;1275
ComDragagem2030;5654;255.0;23.0;11.75;21;CGC;BERÇO DPW 2;CARGO;N/A;1170
ComDragagem2030;5655;295.0;23.0;13.75;21;CGC;BERÇO DPW 1;CARGO;N/A;1465
ComDragagem2030;5657;215.0;23.0;10.75;31;CGC;BERÇO TECON 1.1;CARGO;N/A;1210
ComDragagem2030;5658;225.0;23.0;14.25;35;GSM - I;BERÇO TERMAG;CARGO;N/A;7110
ComDragagem2030;5660;235.0;23.0;8.75;37;RORO;BERÇO TEV;CARGO;RO-RO;1375
ComDragagem2030;5661;225.0;23.0;0.0;38;GSA - E;BERÇO TGG;CARGO;N/A;2560
ComDragagem2030;5662;175.0;23.0;0.0;43;GL;BERÇO AL 02;CARGO;N/A;2030
ComDragagem2030;5663;155.0;23.0;9.25;45;GL;BERÇO AL 04;CARGO;N/A;2945
ComDragagem2030;5664;155.0;23.0;9.75;11;GL;BERÇO Ageo I;CARGO;N/A;2810
ComDragagem2030;5665;135.0;23.0;7.75;13;CGC;BERÇO BTP 3;CARGO;N/A;1760
ComDragagem2030;5666;185.0;23.0;10.25;13;CGC;BERÇO BTP 2;CARGO;N/A;950
ComDragagem2030;5667;275.0;23.0;13.25;13;CGC;BERÇO BTP 3;CARGO;N/A;1095
ComDragagem2030;5668;295.0;23.0;13.75;13;CGC;BERÇO BTP 1;CARGO;N/A;1405
ComDragagem2030;5669;339.0;43.0;14.0;13;CGC;BERÇO BTP 1;CARGO;N/A;1630
ComDragagem2030;5672;185.0;23.0;9.75;20;GL;BERÇO DOW;CARGO;N/A;2145
ComDragagem2030;5673;215.0;23.0;10.75;21;CGC;BERÇO DPW 3;CARGO;N/A;905
ComDragagem2030;5675;255.0;23.0;12.25;21;CGC;BERÇO DPW 3;CARGO;N/A;1265
ComDragagem2030;5676;295.0;23.0;13.75;21;CGC;BERÇO DPW 2;CARGO;N/A;1565
ComDragagem2030;5677;339.0;43.0;14.0;21;CGC;BERÇO DPW 1;CARGO;N/A;1835
ComDragagem2030;5679;195.0;23.0;11.75;27;GSM - I;BERÇO ARM 22/23;CARGO;N/A;4975
ComDragagem2030;5680;215.0;23.0;10.75;31;CGC;BERÇO TECON 1.2;CARGO;N/A;1170
ComDragagem2030;5681;265.0;23.0;12.25;31;CGC;BERÇO TECON 3;CARGO;N/A;1190
ComDragagem2030;5682;185.0;23.0;10.75;32;GL;BERÇO AL 03;CARGO;N/A;4010
ComDragagem2030;5684;165.0;23.0;9.75;40;GL;BERÇO TIPLAM 1;CARGO;N/A;1450
ComDragagem2030;5685;165.0;23.0;9.75;47;GL;BERÇO AL 04;CARGO;N/A;2540
ComDragagem2030;5686;225.0;36.0;0.0;12;CGNC;BERÇO ARM 35P1;CARGO;N/A;6060
ComDragagem2030;5687;225.0;36.0;0.0;12;CGNC;BERÇO ARM 35P2;CARGO;N/A;6110
ComDragagem2030;5688;215.0;23.0;10.75;13;CGC;BERÇO BTP 3;CARGO;N/A;955
ComDragagem2030;5689;339.0;43.0;14.0;13;CGC;BERÇO BTP 2;CARGO;N/A;1575
ComDragagem2030;5696;215.0;23.0;11.25;31;CGC;BERÇO TECON 1.1;CARGO;N/A;1185
ComDragagem2030;5697;215.0;23.0;12.25;31;CGC;BERÇO TECON 1.1;CARGO;N/A;1180
ComDragagem2030;5698;275.0;23.0;13.75;31;CGC;BERÇO TECON 2;CARGO;N/A;1135
ComDragagem2030;5699;295.0;23.0;13.75;31;CGC;BERÇO TECON 2;CARGO;N/A;1445
ComDragagem2030;5700;339.0;43.0;14.0;31;CGC;BERÇO TECON 3;CARGO;N/A;1735
ComDragagem2030;5702;195.0;23.0;9.75;37;RORO;BERÇO TEV;CARGO;RO-RO;1505
ComDragagem2030;5703;225.0;23.0;0.0;38;GSA - E;BERÇO TGG;CARGO;N/A;2670
ComDragagem2030;5704;225.0;23.0;0.0;39;GSA - E;BERÇO OUT 2;CARGO;N/A;4110
ComDragagem2030;5706;175.0;23.0;10.25;42;GSM - I;BERÇO TIPLAM 1;CARGO;N/A;4435
ComDragagem2030;5707;225.0;23.0;13.75;42;GSM - I;BERÇO TIPLAM 4;CARGO;N/A;7395
ComDragagem2030;5708;295.0;23.0;0.0;44;GL;BERÇO TRSP;CARGO;DANGEROUS;3230
ComDragagem2030;5709;333.33;38.0;8.6;6;PASSAGEIROS;BERÇO OUT 2;PASSENGER;N/A;720
ComDragagem2030;5710;225.0;36.0;0.0;1;CGNC;BERÇO ARAUCO 1;CARGO;N/A;6085
ComDragagem2030;5711;155.0;23.0;0.0;2;GL;BERÇO AL 01;CARGO;N/A;3655
ComDragagem2030;5712;185.0;23.0;0.0;11;GL;BERÇO IB SP;CARGO;N/A;3935
ComDragagem2030;5714;215.0;23.0;8.25;13;CGC;BERÇO BTP 1;CARGO;N/A;1005
ComDragagem2030;5715;305.0;23.0;9.75;13;CGC;BERÇO BTP 2;CARGO;N/A;1380
ComDragagem2030;5721;225.0;36.0;0.0;22;CGNC;BERÇO DPW 4;CARGO;N/A;3990
ComDragagem2030;5723;185.0;23.0;7.75;26;GL;BERÇO IB BC;CARGO;N/A;3515
ComDragagem2030;5725;135.0;23.0;6.75;31;CGC;BERÇO TECON 1.2;CARGO;N/A;715
ComDragagem2030;5726;185.0;23.0;8.75;31;CGC;BERÇO TECON 1.2;CARGO;N/A;1160
ComDragagem2030;5727;255.0;23.0;9.25;31;CGC;BERÇO TECON 3;CARGO;N/A;1095
ComDragagem2030;5728;255.0;23.0;9.25;31;CGC;BERÇO TECON 2;CARGO;N/A;1155
ComDragagem2030;5730;339.0;43.0;14.0;31;CGC;BERÇO TECON 1/2;CARGO;N/A;1750
ComDragagem2030;5731;175.0;23.0;0.0;32;GL;BERÇO AL 03;CARGO;N/A;3940
ComDragagem2030;5733;225.0;23.0;0.0;38;GSA - E;BERÇO TGG;CARGO;N/A;2660
ComDragagem2030;5734;185.0;23.0;0.0;43;GL;BERÇO AL 02;CARGO;N/A;1930
ComDragagem2030;5735;155.0;23.0;0.0;45;GL;BERÇO AL 04;CARGO;N/A;2990
ComDragagem2030;5736;155.0;23.0;0.0;11;GL;BERÇO IB OE;CARGO;N/A;2825
ComDragagem2030;5737;175.0;23.0;0.0;11;GL;BERÇO Ageo I;CARGO;N/A;3940
ComDragagem2030;5751;195.0;23.0;8.75;37;RORO;BERÇO TEV;CARGO;RO-RO;1335
ComDragagem2030;5755;87.9;19.0;6.0;8;CGNC;BERÇO SAIPEM 1;CARGO;N/A;2190
ComDragagem2030;5756;105.9;22.0;6.5;8;CGNC;BERÇO SAIPEM 2;CARGO;N/A;390
ComDragagem2030;5757;225.0;23.0;0.0;9;GSA - E;BERÇO ARM 39;CARGO;N/A;3300
ComDragagem2030;5766;195.0;23.0;8.75;37;RORO;BERÇO TEV;CARGO;RO-RO;1545
ComDragagem2030;5768;185.0;23.0;9.75;47;GL;BERÇO AL 02;CARGO;N/A;3820
ComDragagem2030;5769;333.33;38.0;8.6;6;PASSAGEIROS;BERÇO OUT 1;PASSENGER;N/A;685
