SCENARIO_ID;ARRIVAL_ID;ROUTE_ID;START_TIME;END_TIME;FORWARD
S20254;1;0;-12775;-12775;1
S20254;1;1;2915;2935;1
S20254;1;2;2935;2940;1
S20254;1;3;2940;2945;1
S20254;1;19;2945;2980;1
S20254;1;19;6930;6940;0
S20254;1;3;6940;6945;0
S20254;1;2;6945;6950;0
S20254;1;1;6950;6970;0
S20254;6;0;-12275;-12275;1
S20254;6;1;880;900;1
S20254;6;2;900;905;1
S20254;6;3;905;910;1
S20254;6;4;910;915;1
S20254;6;5;915;920;1
S20254;6;36;920;935;1
S20254;6;36;2045;2075;0
S20254;6;5;2075;2080;0
S20254;6;4;2080;2085;0
S20254;6;3;2085;2090;0
S20254;6;2;2090;2095;0
S20254;6;1;2095;2115;0
S20254;15;0;-11320;-11320;1
S20254;15;1;11535;11555;1
S20254;15;2;11555;11560;1
S20254;15;3;11560;11565;1
S20254;15;4;11565;11570;1
S20254;15;25;11570;11585;1
S20254;15;25;19845;19875;0
S20254;15;4;19875;19880;0
S20254;15;3;19880;19885;0
S20254;15;2;19885;19890;0
S20254;15;1;19890;19910;0
S20254;16;0;-11320;-11320;1
S20254;16;1;40390;40410;1
S20254;16;2;40410;40415;1
S20254;16;3;40415;40420;1
S20254;16;4;40420;40425;1
S20254;16;5;40425;40430;1
S20254;16;6;40430;40435;1
S20254;16;7;40435;40440;1
S20254;16;45;40440;40475;1
S20254;16;45;42855;42865;0
S20254;16;7;42865;42870;0
S20254;16;6;42870;42875;0
S20254;16;5;42875;42880;0
S20254;16;4;42880;42885;0
S20254;16;3;42885;42890;0
S20254;16;2;42890;42895;0
S20254;16;1;42895;42915;0
S20254;19;0;-10980;-10980;1
S20254;19;1;16305;16325;1
S20254;19;2;16325;16330;1
S20254;19;3;16330;16335;1
S20254;19;4;16335;16340;1
S20254;19;5;16340;16345;1
S20254;19;6;16345;16350;1
S20254;19;42;16350;16365;1
S20254;19;42;19960;19990;0
S20254;19;6;19990;19995;0
S20254;19;5;19995;20000;0
S20254;19;4;20000;20005;0
S20254;19;3;20005;20010;0
S20254;19;2;20010;20015;0
S20254;19;1;20015;20035;0
S20254;30;0;-9900;-9900;1
S20254;30;1;80;100;1
S20254;30;2;100;105;1
S20254;30;3;105;110;1
S20254;30;4;110;115;1
S20254;30;5;115;120;1
S20254;30;6;120;125;1
S20254;30;7;125;130;1
S20254;30;8;130;135;1
S20254;30;9;135;140;1
S20254;30;51;140;175;1
S20254;30;51;10495;10505;0
S20254;30;9;10505;10510;0
S20254;30;8;10510;10515;0
S20254;30;7;10515;10520;0
S20254;30;6;10520;10525;0
S20254;30;5;10525;10530;0
S20254;30;4;10530;10535;0
S20254;30;3;10535;10540;0
S20254;30;2;10540;10545;0
S20254;30;1;10545;10565;0
S20254;57;0;-7740;-7740;1
S20254;57;1;38910;38930;1
S20254;57;2;38930;38935;1
S20254;57;3;38935;38940;1
S20254;57;4;38940;38945;1
S20254;57;25;38945;38960;1
S20254;57;25;48040;48070;0
S20254;57;4;48070;48075;0
S20254;57;3;48075;48080;0
S20254;57;2;48080;48085;0
S20254;57;1;48085;48105;0
S20254;73;0;-5340;-5340;1
S20254;73;1;0;20;1
S20254;73;2;20;25;1
S20254;73;3;25;30;1
S20254;73;4;30;35;1
S20254;73;5;35;40;1
S20254;73;6;40;45;1
S20254;73;7;45;50;1
S20254;73;8;50;55;1
S20254;73;9;55;60;1
S20254;73;10;60;65;1
S20254;73;11;65;70;1
S20254;73;12;70;75;1
S20254;73;13;75;80;1
S20254;73;14;80;85;1
S20254;73;15;85;90;1
S20254;73;16;90;105;1
S20254;73;73;105;150;1
S20254;73;73;4070;4080;0
S20254;73;16;4080;4095;0
S20254;73;15;4095;4100;0
S20254;73;14;4100;4105;0
S20254;73;13;4105;4110;0
S20254;73;12;4110;4115;0
S20254;73;11;4115;4120;0
S20254;73;10;4120;4125;0
S20254;73;9;4125;4130;0
S20254;73;8;4130;4135;0
S20254;73;7;4135;4140;0
S20254;73;6;4140;4145;0
S20254;73;5;4145;4150;0
S20254;73;4;4150;4155;0
S20254;73;3;4155;4160;0
S20254;73;2;4160;4165;0
S20254;73;1;4165;4185;0
S20254;81;0;-4980;-4980;1
S20254;81;1;30;50;1
S20254;81;2;50;55;1
S20254;81;3;55;60;1
S20254;81;4;60;65;1
S20254;81;5;65;70;1
S20254;81;27;70;85;1
S20254;81;27;9710;9740;0
S20254;81;5;9740;9745;0
S20254;81;4;9745;9750;0
S20254;81;3;9750;9755;0
S20254;81;2;9755;9760;0
S20254;81;1;9760;9780;0
S20254;83;0;-4950;-4950;1
S20254;83;1;1995;2015;1
S20254;83;2;2015;2020;1
S20254;83;3;2020;2025;1
S20254;83;4;2025;2030;1
S20254;83;5;2030;2035;1
S20254;83;6;2035;2040;1
S20254;83;7;2040;2045;1
S20254;83;8;2045;2050;1
S20254;83;9;2050;2055;1
S20254;83;10;2055;2060;1
S20254;83;53;2060;2075;1
S20254;83;53;2755;2785;0
S20254;83;10;2785;2790;0
S20254;83;9;2790;2795;0
S20254;83;8;2795;2800;0
S20254;83;7;2800;2805;0
S20254;83;6;2805;2810;0
S20254;83;5;2810;2815;0
S20254;83;4;2815;2820;0
S20254;83;3;2820;2825;0
S20254;83;2;2825;2830;0
S20254;83;1;2830;2850;0
S20254;85;0;-4770;-4770;1
S20254;85;1;555;575;1
S20254;85;2;575;580;1
S20254;85;3;580;585;1
S20254;85;4;585;590;1
S20254;85;5;590;595;1
S20254;85;6;595;600;1
S20254;85;7;600;605;1
S20254;85;8;605;610;1
S20254;85;9;610;615;1
S20254;85;10;615;620;1
S20254;85;11;620;625;1
S20254;85;59;625;660;1
S20254;85;59;6805;6815;0
S20254;85;11;6815;6820;0
S20254;85;10;6820;6825;0
S20254;85;9;6825;6830;0
S20254;85;8;6830;6835;0
S20254;85;7;6835;6840;0
S20254;85;6;6840;6845;0
S20254;85;5;6845;6850;0
S20254;85;4;6850;6855;0
S20254;85;3;6855;6860;0
S20254;85;2;6860;6865;0
S20254;85;1;6865;6885;0
S20254;90;0;-4390;-4390;1
S20254;90;1;1070;1090;1
S20254;90;2;1090;1095;1
S20254;90;3;1095;1100;1
S20254;90;4;1100;1105;1
S20254;90;5;1105;1110;1
S20254;90;6;1110;1115;1
S20254;90;7;1115;1120;1
S20254;90;8;1120;1125;1
S20254;90;9;1125;1130;1
S20254;90;10;1130;1135;1
S20254;90;11;1135;1140;1
S20254;90;62;1140;1175;1
S20254;90;62;5595;5605;0
S20254;90;11;5605;5610;0
S20254;90;10;5610;5615;0
S20254;90;9;5615;5620;0
S20254;90;8;5620;5625;0
S20254;90;7;5625;5630;0
S20254;90;6;5630;5635;0
S20254;90;5;5635;5640;0
S20254;90;4;5640;5645;0
S20254;90;3;5645;5650;0
S20254;90;2;5650;5655;0
S20254;90;1;5655;5675;0
S20254;91;0;-4260;-4260;1
S20254;91;1;7200;7220;1
S20254;91;2;7220;7225;1
S20254;91;3;7225;7230;1
S20254;91;4;7230;7235;1
S20254;91;5;7235;7240;1
S20254;91;6;7240;7245;1
S20254;91;7;7245;7250;1
S20254;91;8;7250;7255;1
S20254;91;9;7255;7260;1
S20254;91;10;7260;7265;1
S20254;91;11;7265;7270;1
S20254;91;12;7270;7275;1
S20254;91;13;7275;7280;1
S20254;91;14;7280;7285;1
S20254;91;15;7285;7290;1
S20254;91;16;7290;7305;1
S20254;91;72;7305;7320;1
S20254;91;72;17060;17100;0
S20254;91;16;17100;17115;0
S20254;91;15;17115;17120;0
S20254;91;14;17120;17125;0
S20254;91;13;17125;17130;0
S20254;91;12;17130;17135;0
S20254;91;11;17135;17140;0
S20254;91;10;17140;17145;0
S20254;91;9;17145;17150;0
S20254;91;8;17150;17155;0
S20254;91;7;17155;17160;0
S20254;91;6;17160;17165;0
S20254;91;5;17165;17170;0
S20254;91;4;17170;17175;0
S20254;91;3;17175;17180;0
S20254;91;2;17180;17185;0
S20254;91;1;17185;17205;0
S20254;96;0;-3570;-3570;1
S20254;96;1;270;290;1
S20254;96;2;290;295;1
S20254;96;3;295;300;1
S20254;96;4;300;305;1
S20254;96;5;305;310;1
S20254;96;36;310;345;1
S20254;96;36;810;820;0
S20254;96;5;820;825;0
S20254;96;4;825;830;0
S20254;96;3;830;835;0
S20254;96;2;835;840;0
S20254;96;1;840;860;0
S20254;100;0;-2930;-2930;1
S20254;100;1;745;770;1
S20254;100;2;770;775;1
S20254;100;3;775;780;1
S20254;100;4;780;785;1
S20254;100;5;785;790;1
S20254;100;34;790;805;1
S20254;100;34;1625;1655;0
S20254;100;5;1655;1660;0
S20254;100;4;1660;1665;0
S20254;100;3;1665;1670;0
S20254;100;2;1670;1675;0
S20254;100;1;1675;1700;0
S20254;103;0;-2570;-2570;1
S20254;103;1;15;35;1
S20254;103;2;35;40;1
S20254;103;3;40;45;1
S20254;103;4;45;50;1
S20254;103;5;50;55;1
S20254;103;6;55;60;1
S20254;103;7;60;65;1
S20254;103;8;65;70;1
S20254;103;9;70;75;1
S20254;103;10;75;80;1
S20254;103;11;80;85;1
S20254;103;12;85;90;1
S20254;103;66;90;105;1
S20254;103;66;2230;2260;0
S20254;103;12;2260;2265;0
S20254;103;11;2265;2270;0
S20254;103;10;2270;2275;0
S20254;103;9;2275;2280;0
S20254;103;8;2280;2285;0
S20254;103;7;2285;2290;0
S20254;103;6;2290;2295;0
S20254;103;5;2295;2300;0
S20254;103;4;2300;2305;0
S20254;103;3;2305;2310;0
S20254;103;2;2310;2315;0
S20254;103;1;2315;2335;0
S20254;107;0;-2340;-2340;1
S20254;107;1;65;85;1
S20254;107;2;85;90;1
S20254;107;3;90;95;1
S20254;107;4;95;100;1
S20254;107;5;100;105;1
S20254;107;6;105;110;1
S20254;107;7;110;115;1
S20254;107;8;115;120;1
S20254;107;9;120;125;1
S20254;107;10;125;130;1
S20254;107;11;130;135;1
S20254;107;56;135;150;1
S20254;107;56;10385;10415;0
S20254;107;11;10415;10420;0
S20254;107;10;10420;10425;0
S20254;107;9;10425;10430;0
S20254;107;8;10430;10435;0
S20254;107;7;10435;10440;0
S20254;107;6;10440;10445;0
S20254;107;5;10445;10450;0
S20254;107;4;10450;10455;0
S20254;107;3;10455;10460;0
S20254;107;2;10460;10465;0
S20254;107;1;10465;10485;0
S20254;109;0;-2270;-2270;1
S20254;109;1;2190;2210;1
S20254;109;2;2210;2215;1
S20254;109;3;2215;2220;1
S20254;109;4;2220;2225;1
S20254;109;5;2225;2230;1
S20254;109;6;2230;2235;1
S20254;109;7;2235;2240;1
S20254;109;45;2240;2275;1
S20254;109;45;4585;4595;0
S20254;109;7;4595;4600;0
S20254;109;6;4600;4605;0
S20254;109;5;4605;4610;0
S20254;109;4;4610;4615;0
S20254;109;3;4615;4620;0
S20254;109;2;4620;4625;0
S20254;109;1;4625;4645;0
S20254;110;0;-2105;-2105;1
S20254;110;1;4335;4355;1
S20254;110;2;4355;4360;1
S20254;110;3;4360;4365;1
S20254;110;4;4365;4370;1
S20254;110;5;4370;4375;1
S20254;110;6;4375;4380;1
S20254;110;42;4380;4395;1
S20254;110;42;9950;9980;0
S20254;110;6;9980;9985;0
S20254;110;5;9985;9990;0
S20254;110;4;9990;9995;0
S20254;110;3;9995;10000;0
S20254;110;2;10000;10005;0
S20254;110;1;10005;10025;0
S20254;114;0;-1685;-1685;1
S20254;114;1;8410;8430;1
S20254;114;2;8430;8435;1
S20254;114;3;8435;8440;1
S20254;114;4;8440;8445;1
S20254;114;5;8445;8450;1
S20254;114;6;8450;8455;1
S20254;114;7;8455;8460;1
S20254;114;8;8460;8465;1
S20254;114;9;8465;8470;1
S20254;114;10;8470;8475;1
S20254;114;11;8475;8480;1
S20254;114;12;8480;8485;1
S20254;114;13;8485;8490;1
S20254;114;68;8490;8525;1
S20254;114;68;9965;9975;0
S20254;114;13;9975;9980;0
S20254;114;12;9980;9985;0
S20254;114;11;9985;9990;0
S20254;114;10;9990;9995;0
S20254;114;9;9995;10000;0
S20254;114;8;10000;10005;0
S20254;114;7;10005;10010;0
S20254;114;6;10010;10015;0
S20254;114;5;10015;10020;0
S20254;114;4;10020;10025;0
S20254;114;3;10025;10030;0
S20254;114;2;10030;10035;0
S20254;114;1;10035;10055;0
S20254;115;0;-1620;-1620;1
S20254;115;1;12960;12980;1
S20254;115;2;12980;12985;1
S20254;115;3;12985;12990;1
S20254;115;19;12990;13025;1
S20254;115;19;15940;15950;0
S20254;115;3;15950;15955;0
S20254;115;2;15955;15960;0
S20254;115;1;15960;15980;0
S20254;116;0;-1460;-1460;1
S20254;116;1;710;730;1
S20254;116;2;730;735;1
S20254;116;3;735;740;1
S20254;116;4;740;745;1
S20254;116;5;745;750;1
S20254;116;6;750;755;1
S20254;116;7;755;760;1
S20254;116;8;760;765;1
S20254;116;9;765;770;1
S20254;116;10;770;775;1
S20254;116;52;775;790;1
S20254;116;52;2950;2980;0
S20254;116;10;2980;2985;0
S20254;116;9;2985;2990;0
S20254;116;8;2990;2995;0
S20254;116;7;2995;3000;0
S20254;116;6;3000;3005;0
S20254;116;5;3005;3010;0
S20254;116;4;3010;3015;0
S20254;116;3;3015;3020;0
S20254;116;2;3020;3025;0
S20254;116;1;3025;3045;0
S20254;118;0;-1185;-1185;1
S20254;118;1;9195;9215;1
S20254;118;2;9215;9220;1
S20254;118;3;9220;9225;1
S20254;118;4;9225;9230;1
S20254;118;5;9230;9235;1
S20254;118;6;9235;9240;1
S20254;118;7;9240;9245;1
S20254;118;8;9245;9250;1
S20254;118;9;9250;9255;1
S20254;118;10;9255;9260;1
S20254;118;53;9260;9275;1
S20254;118;53;10630;10660;0
S20254;118;10;10660;10665;0
S20254;118;9;10665;10670;0
S20254;118;8;10670;10675;0
S20254;118;7;10675;10680;0
S20254;118;6;10680;10685;0
S20254;118;5;10685;10690;0
S20254;118;4;10690;10695;0
S20254;118;3;10695;10700;0
S20254;118;2;10700;10705;0
S20254;118;1;10705;10725;0
S20254;122;0;-1070;-1070;1
S20254;122;1;10085;10105;1
S20254;122;2;10105;10110;1
S20254;122;3;10110;10115;1
S20254;122;4;10115;10120;1
S20254;122;5;10120;10125;1
S20254;122;6;10125;10130;1
S20254;122;7;10130;10135;1
S20254;122;8;10135;10140;1
S20254;122;9;10140;10145;1
S20254;122;10;10145;10150;1
S20254;122;11;10150;10155;1
S20254;122;12;10155;10160;1
S20254;122;13;10160;10165;1
S20254;122;70;10165;10200;1
S20254;122;70;12660;12670;0
S20254;122;13;12670;12675;0
S20254;122;12;12675;12680;0
S20254;122;11;12680;12685;0
S20254;122;10;12685;12690;0
S20254;122;9;12690;12695;0
S20254;122;8;12695;12700;0
S20254;122;7;12700;12705;0
S20254;122;6;12705;12710;0
S20254;122;5;12710;12715;0
S20254;122;4;12715;12720;0
S20254;122;3;12720;12725;0
S20254;122;2;12725;12730;0
S20254;122;1;12730;12750;0
S20254;125;0;-540;-540;1
S20254;125;1;570;590;1
S20254;125;2;590;595;1
S20254;125;3;595;600;1
S20254;125;4;600;605;1
S20254;125;5;605;610;1
S20254;125;33;610;645;1
S20254;125;33;2740;2750;0
S20254;125;5;2750;2755;0
S20254;125;4;2755;2760;0
S20254;125;3;2760;2765;0
S20254;125;2;2765;2770;0
S20254;125;1;2770;2790;0
S20254;126;0;-510;-510;1
S20254;126;1;20160;20180;1
S20254;126;2;20180;20185;1
S20254;126;3;20185;20190;1
S20254;126;4;20190;20195;1
S20254;126;25;20195;20210;1
S20254;126;25;32415;32445;0
S20254;126;4;32445;32450;0
S20254;126;3;32450;32455;0
S20254;126;2;32455;32460;0
S20254;126;1;32460;32480;0
S20254;128;0;-285;-285;1
S20254;128;1;2855;2875;1
S20254;128;2;2875;2880;1
S20254;128;3;2880;2885;1
S20254;128;4;2885;2890;1
S20254;128;5;2890;2895;1
S20254;128;6;2895;2900;1
S20254;128;7;2900;2905;1
S20254;128;8;2905;2910;1
S20254;128;9;2910;2915;1
S20254;128;10;2915;2920;1
S20254;128;52;2920;2955;1
S20254;128;52;5100;5110;0
S20254;128;10;5110;5115;0
S20254;128;9;5115;5120;0
S20254;128;8;5120;5125;0
S20254;128;7;5125;5130;0
S20254;128;6;5130;5135;0
S20254;128;5;5135;5140;0
S20254;128;4;5140;5145;0
S20254;128;3;5145;5150;0
S20254;128;2;5150;5155;0
S20254;128;1;5155;5175;0
S20254;129;0;-185;-185;1
S20254;129;1;1125;1145;1
S20254;129;2;1145;1150;1
S20254;129;3;1150;1155;1
S20254;129;4;1155;1160;1
S20254;129;5;1160;1165;1
S20254;129;6;1165;1170;1
S20254;129;7;1170;1175;1
S20254;129;8;1175;1180;1
S20254;129;9;1180;1185;1
S20254;129;10;1185;1190;1
S20254;129;11;1190;1195;1
S20254;129;12;1195;1200;1
S20254;129;64;1200;1215;1
S20254;129;64;2320;2350;0
S20254;129;12;2350;2355;0
S20254;129;11;2355;2360;0
S20254;129;10;2360;2365;0
S20254;129;9;2365;2370;0
S20254;129;8;2370;2375;0
S20254;129;7;2375;2380;0
S20254;129;6;2380;2385;0
S20254;129;5;2385;2390;0
S20254;129;4;2390;2395;0
S20254;129;3;2395;2400;0
S20254;129;2;2400;2405;0
S20254;129;1;2405;2425;0
S20254;130;0;45;45;1
S20254;130;1;50;70;1
S20254;130;2;70;75;1
S20254;130;3;75;80;1
S20254;130;4;80;85;1
S20254;130;5;85;90;1
S20254;130;6;90;95;1
S20254;130;7;95;100;1
S20254;130;8;100;105;1
S20254;130;9;105;110;1
S20254;130;10;110;115;1
S20254;130;11;115;120;1
S20254;130;12;120;125;1
S20254;130;64;125;140;1
S20254;130;64;1175;1205;0
S20254;130;12;1205;1210;0
S20254;130;11;1210;1215;0
S20254;130;10;1215;1220;0
S20254;130;9;1220;1225;0
S20254;130;8;1225;1230;0
S20254;130;7;1230;1235;0
S20254;130;6;1235;1240;0
S20254;130;5;1240;1245;0
S20254;130;4;1245;1250;0
S20254;130;3;1250;1255;0
S20254;130;2;1255;1260;0
S20254;130;1;1260;1280;0
S20254;131;0;70;70;1
S20254;131;1;1085;1105;1
S20254;131;2;1105;1110;1
S20254;131;3;1110;1115;1
S20254;131;4;1115;1120;1
S20254;131;5;1120;1125;1
S20254;131;6;1125;1130;1
S20254;131;7;1130;1135;1
S20254;131;8;1135;1140;1
S20254;131;9;1140;1145;1
S20254;131;50;1145;1180;1
S20254;131;50;5010;5020;0
S20254;131;9;5020;5025;0
S20254;131;8;5025;5030;0
S20254;131;7;5030;5035;0
S20254;131;6;5035;5040;0
S20254;131;5;5040;5045;0
S20254;131;4;5045;5050;0
S20254;131;3;5050;5055;0
S20254;131;2;5055;5060;0
S20254;131;1;5060;5080;0
S20254;132;0;105;105;1
S20254;132;1;105;125;1
S20254;132;2;125;130;1
S20254;132;3;130;135;1
S20254;132;4;135;140;1
S20254;132;5;140;145;1
S20254;132;35;145;160;1
S20254;132;35;480;510;0
S20254;132;5;510;515;0
S20254;132;4;515;520;0
S20254;132;3;520;525;0
S20254;132;2;525;530;0
S20254;132;1;530;550;0
S20254;133;0;195;195;1
S20254;133;1;215;235;1
S20254;133;2;235;240;1
S20254;133;3;240;245;1
S20254;133;4;245;250;1
S20254;133;24;250;285;1
S20254;133;24;6510;6520;0
S20254;133;4;6520;6525;0
S20254;133;3;6525;6530;0
S20254;133;2;6530;6535;0
S20254;133;1;6535;6555;0
S20254;134;0;360;360;1
S20254;134;1;445;465;1
S20254;134;2;465;470;1
S20254;134;3;470;475;1
S20254;134;4;475;480;1
S20254;134;5;480;485;1
S20254;134;35;485;520;1
S20254;134;35;1365;1375;0
S20254;134;5;1375;1380;0
S20254;134;4;1380;1385;0
S20254;134;3;1385;1390;0
S20254;134;2;1390;1395;0
S20254;134;1;1395;1415;0
S20254;135;0;385;385;1
S20254;135;1;430;450;1
S20254;135;2;450;455;1
S20254;135;3;455;460;1
S20254;135;4;460;465;1
S20254;135;5;465;470;1
S20254;135;6;470;475;1
S20254;135;38;475;510;1
S20254;135;38;1245;1255;0
S20254;135;6;1255;1260;0
S20254;135;5;1260;1265;0
S20254;135;4;1265;1270;0
S20254;135;3;1270;1275;0
S20254;135;2;1275;1280;0
S20254;135;1;1280;1300;0
S20254;136;0;420;420;1
S20254;136;1;1440;1460;1
S20254;136;2;1460;1465;1
S20254;136;3;1465;1470;1
S20254;136;4;1470;1475;1
S20254;136;5;1475;1480;1
S20254;136;6;1480;1485;1
S20254;136;7;1485;1490;1
S20254;136;8;1490;1495;1
S20254;136;9;1495;1500;1
S20254;136;10;1500;1505;1
S20254;136;11;1505;1510;1
S20254;136;12;1510;1515;1
S20254;136;13;1515;1520;1
S20254;136;14;1520;1525;1
S20254;136;15;1525;1530;1
S20254;136;16;1530;1545;1
S20254;136;78;1545;1560;1
S20254;136;78;9340;9370;0
S20254;136;16;9370;9385;0
S20254;136;15;9385;9390;0
S20254;136;14;9390;9395;0
S20254;136;13;9395;9400;0
S20254;136;12;9400;9405;0
S20254;136;11;9405;9410;0
S20254;136;10;9410;9415;0
S20254;136;9;9415;9420;0
S20254;136;8;9420;9425;0
S20254;136;7;9425;9430;0
S20254;136;6;9430;9435;0
S20254;136;5;9435;9440;0
S20254;136;4;9440;9445;0
S20254;136;3;9445;9450;0
S20254;136;2;9450;9455;0
S20254;136;1;9455;9475;0
S20254;137;0;525;525;1
S20254;137;1;4320;4340;1
S20254;137;2;4340;4345;1
S20254;137;3;4345;4350;1
S20254;137;4;4350;4355;1
S20254;137;5;4355;4360;1
S20254;137;6;4360;4365;1
S20254;137;7;4365;4370;1
S20254;137;8;4370;4375;1
S20254;137;9;4375;4380;1
S20254;137;10;4380;4385;1
S20254;137;11;4385;4390;1
S20254;137;12;4390;4395;1
S20254;137;13;4395;4400;1
S20254;137;14;4400;4405;1
S20254;137;15;4405;4410;1
S20254;137;16;4410;4425;1
S20254;137;75;4425;4440;1
S20254;137;75;6390;6430;0
S20254;137;16;6430;6445;0
S20254;137;15;6445;6450;0
S20254;137;14;6450;6455;0
S20254;137;13;6455;6460;0
S20254;137;12;6460;6465;0
S20254;137;11;6465;6470;0
S20254;137;10;6470;6475;0
S20254;137;9;6475;6480;0
S20254;137;8;6480;6485;0
S20254;137;7;6485;6490;0
S20254;137;6;6490;6495;0
S20254;137;5;6495;6500;0
S20254;137;4;6500;6505;0
S20254;137;3;6505;6510;0
S20254;137;2;6510;6515;0
S20254;137;1;6515;6535;0
S20254;138;0;835;835;1
S20254;138;1;2680;2700;1
S20254;138;2;2700;2705;1
S20254;138;3;2705;2710;1
S20254;138;4;2710;2715;1
S20254;138;5;2715;2720;1
S20254;138;6;2720;2725;1
S20254;138;7;2725;2730;1
S20254;138;8;2730;2735;1
S20254;138;9;2735;2740;1
S20254;138;10;2740;2745;1
S20254;138;53;2745;2760;1
S20254;138;53;3720;3750;0
S20254;138;10;3750;3755;0
S20254;138;9;3755;3760;0
S20254;138;8;3760;3765;0
S20254;138;7;3765;3770;0
S20254;138;6;3770;3775;0
S20254;138;5;3775;3780;0
S20254;138;4;3780;3785;0
S20254;138;3;3785;3790;0
S20254;138;2;3790;3795;0
S20254;138;1;3795;3815;0
S20254;139;0;900;900;1
S20254;139;1;900;920;1
S20254;139;2;920;925;1
S20254;139;3;925;930;1
S20254;139;4;930;935;1
S20254;139;22;935;970;1
S20254;139;22;1930;1940;0
S20254;139;4;1940;1945;0
S20254;139;3;1945;1950;0
S20254;139;2;1950;1955;0
S20254;139;1;1955;1975;0
S20254;140;0;940;940;1
S20254;140;1;7245;7265;1
S20254;140;2;7265;7270;1
S20254;140;3;7270;7275;1
S20254;140;19;7275;7310;1
S20254;140;19;11935;11945;0
S20254;140;3;11945;11950;0
S20254;140;2;11950;11955;0
S20254;140;1;11955;11975;0
S20254;141;0;1020;1020;1
S20254;141;1;1140;1160;1
S20254;141;2;1160;1165;1
S20254;141;3;1165;1170;1
S20254;141;4;1170;1175;1
S20254;141;5;1175;1180;1
S20254;141;6;1180;1185;1
S20254;141;40;1185;1220;1
S20254;141;40;1575;1585;0
S20254;141;6;1585;1590;0
S20254;141;5;1590;1595;0
S20254;141;4;1595;1600;0
S20254;141;3;1600;1605;0
S20254;141;2;1605;1610;0
S20254;141;1;1610;1630;0
S20254;142;0;1510;1510;1
S20254;142;1;1525;1545;1
S20254;142;2;1545;1550;1
S20254;142;3;1550;1555;1
S20254;142;17;1555;1590;1
S20254;142;17;3585;3595;0
S20254;142;3;3595;3600;0
S20254;142;2;3600;3605;0
S20254;142;1;3605;3625;0
S20254;143;0;1620;1620;1
S20254;143;1;1705;1725;1
S20254;143;2;1725;1730;1
S20254;143;3;1730;1735;1
S20254;143;21;1735;1750;1
S20254;143;21;3460;3490;0
S20254;143;3;3490;3495;0
S20254;143;2;3495;3500;0
S20254;143;1;3500;3520;0
S20254;144;0;1800;1800;1
S20254;144;1;1800;1820;1
S20254;144;2;1820;1825;1
S20254;144;3;1825;1830;1
S20254;144;4;1830;1835;1
S20254;144;5;1835;1840;1
S20254;144;6;1840;1845;1
S20254;144;81;1845;1880;1
S20254;144;81;2560;2590;0
S20254;144;6;2590;2595;0
S20254;144;5;2595;2600;0
S20254;144;4;2600;2605;0
S20254;144;3;2605;2610;0
S20254;144;2;2610;2615;0
S20254;144;1;2615;2635;0
S20254;145;0;1845;1845;1
S20254;145;1;1845;1865;1
S20254;145;2;1865;1870;1
S20254;145;3;1870;1875;1
S20254;145;4;1875;1880;1
S20254;145;5;1880;1885;1
S20254;145;31;1885;1920;1
S20254;145;31;2540;2570;0
S20254;145;5;2570;2575;0
S20254;145;4;2575;2580;0
S20254;145;3;2580;2585;0
S20254;145;2;2585;2590;0
S20254;145;1;2590;2610;0
S20254;146;0;1860;1860;1
S20254;146;1;1885;1905;1
S20254;146;2;1905;1910;1
S20254;146;3;1910;1915;1
S20254;146;4;1915;1920;1
S20254;146;5;1920;1925;1
S20254;146;34;1925;1940;1
S20254;146;34;2950;2980;0
S20254;146;5;2980;2985;0
S20254;146;4;2985;2990;0
S20254;146;3;2990;2995;0
S20254;146;2;2995;3000;0
S20254;146;1;3000;3020;0
S20254;147;0;2030;2030;1
S20254;147;1;2900;2920;1
S20254;147;2;2920;2925;1
S20254;147;3;2925;2930;1
S20254;147;4;2930;2935;1
S20254;147;5;2935;2940;1
S20254;147;34;2940;2955;1
S20254;147;34;4490;4520;0
S20254;147;5;4520;4525;0
S20254;147;4;4525;4530;0
S20254;147;3;4530;4535;0
S20254;147;2;4535;4540;0
S20254;147;1;4540;4560;0
S20254;148;0;2190;2190;1
S20254;148;1;5300;5320;1
S20254;148;2;5320;5325;1
S20254;148;3;5325;5330;1
S20254;148;4;5330;5335;1
S20254;148;5;5335;5340;1
S20254;148;6;5340;5345;1
S20254;148;7;5345;5350;1
S20254;148;8;5350;5355;1
S20254;148;9;5355;5360;1
S20254;148;10;5360;5365;1
S20254;148;52;5365;5400;1
S20254;148;52;6670;6680;0
S20254;148;10;6680;6685;0
S20254;148;9;6685;6690;0
S20254;148;8;6690;6695;0
S20254;148;7;6695;6700;0
S20254;148;6;6700;6705;0
S20254;148;5;6705;6710;0
S20254;148;4;6710;6715;0
S20254;148;3;6715;6720;0
S20254;148;2;6720;6725;0
S20254;148;1;6725;6745;0
S20254;149;0;2295;2295;1
S20254;149;1;2430;2450;1
S20254;149;2;2450;2455;1
S20254;149;3;2455;2460;1
S20254;149;4;2460;2465;1
S20254;149;22;2465;2500;1
S20254;149;22;4165;4175;0
S20254;149;4;4175;4180;0
S20254;149;3;4180;4185;0
S20254;149;2;4185;4190;0
S20254;149;1;4190;4210;0
S20254;150;0;2310;2310;1
S20254;150;1;64855;64875;1
S20254;150;2;64875;64880;1
S20254;150;3;64880;64885;1
S20254;150;4;64885;64890;1
S20254;150;5;64890;64895;1
S20254;150;6;64895;64900;1
S20254;150;7;64900;64905;1
S20254;150;8;64905;64910;1
S20254;150;9;64910;64915;1
S20254;150;10;64915;64920;1
S20254;150;11;64920;64925;1
S20254;150;12;64925;64930;1
S20254;150;13;64930;64935;1
S20254;150;14;64935;64940;1
S20254;150;15;64940;64945;1
S20254;150;16;64945;64960;1
S20254;150;75;64960;64975;1
S20254;150;75;68965;69005;0
S20254;150;16;69005;69020;0
S20254;150;15;69020;69025;0
S20254;150;14;69025;69030;0
S20254;150;13;69030;69035;0
S20254;150;12;69035;69040;0
S20254;150;11;69040;69045;0
S20254;150;10;69045;69050;0
S20254;150;9;69050;69055;0
S20254;150;8;69055;69060;0
S20254;150;7;69060;69065;0
S20254;150;6;69065;69070;0
S20254;150;5;69070;69075;0
S20254;150;4;69075;69080;0
S20254;150;3;69080;69085;0
S20254;150;2;69085;69090;0
S20254;150;1;69090;69110;0
S20254;151;0;2400;2400;1
S20254;151;1;13950;13970;1
S20254;151;2;13970;13975;1
S20254;151;3;13975;13980;1
S20254;151;4;13980;13985;1
S20254;151;5;13985;13990;1
S20254;151;6;13990;13995;1
S20254;151;7;13995;14000;1
S20254;151;8;14000;14005;1
S20254;151;9;14005;14010;1
S20254;151;10;14010;14015;1
S20254;151;11;14015;14020;1
S20254;151;12;14020;14025;1
S20254;151;13;14025;14030;1
S20254;151;69;14030;14065;1
S20254;151;69;15735;15745;0
S20254;151;13;15745;15750;0
S20254;151;12;15750;15755;0
S20254;151;11;15755;15760;0
S20254;151;10;15760;15765;0
S20254;151;9;15765;15770;0
S20254;151;8;15770;15775;0
S20254;151;7;15775;15780;0
S20254;151;6;15780;15785;0
S20254;151;5;15785;15790;0
S20254;151;4;15790;15795;0
S20254;151;3;15795;15800;0
S20254;151;2;15800;15805;0
S20254;151;1;15805;15825;0
S20254;152;0;2520;2520;1
S20254;152;1;13080;13100;1
S20254;152;2;13100;13105;1
S20254;152;3;13105;13110;1
S20254;152;4;13110;13115;1
S20254;152;5;13115;13120;1
S20254;152;28;13120;13155;1
S20254;152;28;22075;22085;0
S20254;152;5;22085;22090;0
S20254;152;4;22090;22095;0
S20254;152;3;22095;22100;0
S20254;152;2;22100;22105;0
S20254;152;1;22105;22125;0
S20254;153;0;2545;2545;1
S20254;153;1;5760;5780;1
S20254;153;2;5780;5785;1
S20254;153;3;5785;5790;1
S20254;153;4;5790;5795;1
S20254;153;5;5795;5800;1
S20254;153;6;5800;5805;1
S20254;153;7;5805;5810;1
S20254;153;45;5810;5845;1
S20254;153;45;10525;10535;0
S20254;153;7;10535;10540;0
S20254;153;6;10540;10545;0
S20254;153;5;10545;10550;0
S20254;153;4;10550;10555;0
S20254;153;3;10555;10560;0
S20254;153;2;10560;10565;0
S20254;153;1;10565;10585;0
S20254;154;0;2610;2610;1
S20254;154;1;2640;2660;1
S20254;154;2;2660;2665;1
S20254;154;3;2665;2670;1
S20254;154;4;2670;2675;1
S20254;154;5;2675;2680;1
S20254;154;35;2680;2695;1
S20254;154;35;5170;5200;0
S20254;154;5;5200;5205;0
S20254;154;4;5205;5210;0
S20254;154;3;5210;5215;0
S20254;154;2;5215;5220;0
S20254;154;1;5220;5240;0
S20254;155;0;2870;2870;1
S20254;155;1;3070;3090;1
S20254;155;2;3090;3095;1
S20254;155;3;3095;3100;1
S20254;155;4;3100;3105;1
S20254;155;5;3105;3110;1
S20254;155;6;3110;3115;1
S20254;155;7;3115;3120;1
S20254;155;8;3120;3125;1
S20254;155;9;3125;3130;1
S20254;155;10;3130;3135;1
S20254;155;11;3135;3140;1
S20254;155;12;3140;3145;1
S20254;155;64;3145;3180;1
S20254;155;64;5110;5120;0
S20254;155;12;5120;5125;0
S20254;155;11;5125;5130;0
S20254;155;10;5130;5135;0
S20254;155;9;5135;5140;0
S20254;155;8;5140;5145;0
S20254;155;7;5145;5150;0
S20254;155;6;5150;5155;0
S20254;155;5;5155;5160;0
S20254;155;4;5160;5165;0
S20254;155;3;5165;5170;0
S20254;155;2;5170;5175;0
S20254;155;1;5175;5195;0
S20254;156;0;3230;3230;1
S20254;156;1;3230;3250;1
S20254;156;2;3250;3255;1
S20254;156;3;3255;3260;1
S20254;156;4;3260;3265;1
S20254;156;5;3265;3270;1
S20254;156;6;3270;3275;1
S20254;156;7;3275;3280;1
S20254;156;8;3280;3285;1
S20254;156;9;3285;3290;1
S20254;156;10;3290;3295;1
S20254;156;11;3295;3300;1
S20254;156;12;3300;3305;1
S20254;156;66;3305;3320;1
S20254;156;66;4760;4790;0
S20254;156;12;4790;4795;0
S20254;156;11;4795;4800;0
S20254;156;10;4800;4805;0
S20254;156;9;4805;4810;0
S20254;156;8;4810;4815;0
S20254;156;7;4815;4820;0
S20254;156;6;4820;4825;0
S20254;156;5;4825;4830;0
S20254;156;4;4830;4835;0
S20254;156;3;4835;4840;0
S20254;156;2;4840;4845;0
S20254;156;1;4845;4865;0
S20254;157;0;3270;3270;1
S20254;157;1;3270;3290;1
S20254;157;2;3290;3295;1
S20254;157;3;3295;3300;1
S20254;157;4;3300;3305;1
S20254;157;5;3305;3310;1
S20254;157;31;3310;3345;1
S20254;157;31;4160;4190;0
S20254;157;5;4190;4195;0
S20254;157;4;4195;4200;0
S20254;157;3;4200;4205;0
S20254;157;2;4205;4210;0
S20254;157;1;4210;4230;0
S20254;158;0;3330;3330;1
S20254;158;1;4350;4370;1
S20254;158;2;4370;4375;1
S20254;158;3;4375;4380;1
S20254;158;18;4380;4415;1
S20254;158;18;6400;6410;0
S20254;158;3;6410;6415;0
S20254;158;2;6415;6420;0
S20254;158;1;6420;6440;0
S20254;159;0;3330;3330;1
S20254;159;1;3330;3350;1
S20254;159;2;3350;3355;1
S20254;159;3;3355;3360;1
S20254;159;4;3360;3365;1
S20254;159;5;3365;3370;1
S20254;159;6;3370;3375;1
S20254;159;39;3375;3410;1
S20254;159;39;5100;5110;0
S20254;159;6;5110;5115;0
S20254;159;5;5115;5120;0
S20254;159;4;5120;5125;0
S20254;159;3;5125;5130;0
S20254;159;2;5130;5135;0
S20254;159;1;5135;5155;0
S20254;160;0;3420;3420;1
S20254;160;1;3420;3440;1
S20254;160;2;3440;3445;1
S20254;160;3;3445;3450;1
S20254;160;4;3450;3455;1
S20254;160;5;3455;3460;1
S20254;160;36;3460;3475;1
S20254;160;36;4695;4725;0
S20254;160;5;4725;4730;0
S20254;160;4;4730;4735;0
S20254;160;3;4735;4740;0
S20254;160;2;4740;4745;0
S20254;160;1;4745;4765;0
S20254;161;0;3540;3540;1
S20254;161;1;10130;10150;1
S20254;161;2;10150;10155;1
S20254;161;3;10155;10160;1
S20254;161;4;10160;10165;1
S20254;161;5;10165;10170;1
S20254;161;6;10170;10175;1
S20254;161;39;10175;10210;1
S20254;161;39;13850;13860;0
S20254;161;6;13860;13865;0
S20254;161;5;13865;13870;0
S20254;161;4;13870;13875;0
S20254;161;3;13875;13880;0
S20254;161;2;13880;13885;0
S20254;161;1;13885;13905;0
S20254;162;0;3660;3660;1
S20254;162;1;3660;3680;1
S20254;162;2;3680;3685;1
S20254;162;3;3685;3690;1
S20254;162;4;3690;3695;1
S20254;162;5;3695;3700;1
S20254;162;33;3700;3715;1
S20254;162;33;5205;5235;0
S20254;162;5;5235;5240;0
S20254;162;4;5240;5245;0
S20254;162;3;5245;5250;0
S20254;162;2;5250;5255;0
S20254;162;1;5255;5275;0
S20254;163;0;3830;3830;1
S20254;163;1;3830;3850;1
S20254;163;2;3850;3855;1
S20254;163;3;3855;3860;1
S20254;163;4;3860;3865;1
S20254;163;5;3865;3870;1
S20254;163;6;3870;3875;1
S20254;163;7;3875;3880;1
S20254;163;8;3880;3885;1
S20254;163;9;3885;3890;1
S20254;163;10;3890;3895;1
S20254;163;53;3895;3910;1
S20254;163;53;6135;6165;0
S20254;163;10;6165;6170;0
S20254;163;9;6170;6175;0
S20254;163;8;6175;6180;0
S20254;163;7;6180;6185;0
S20254;163;6;6185;6190;0
S20254;163;5;6190;6195;0
S20254;163;4;6195;6200;0
S20254;163;3;6200;6205;0
S20254;163;2;6205;6210;0
S20254;163;1;6210;6230;0
S20254;164;0;3900;3900;1
S20254;164;1;9790;9810;1
S20254;164;2;9810;9815;1
S20254;164;3;9815;9820;1
S20254;164;4;9820;9825;1
S20254;164;5;9825;9830;1
S20254;164;27;9830;9845;1
S20254;164;27;17565;17595;0
S20254;164;5;17595;17600;0
S20254;164;4;17600;17605;0
S20254;164;3;17605;17610;0
S20254;164;2;17610;17615;0
S20254;164;1;17615;17635;0
S20254;165;0;4000;4000;1
S20254;165;1;6085;6105;1
S20254;165;2;6105;6110;1
S20254;165;3;6110;6115;1
S20254;165;4;6115;6120;1
S20254;165;5;6120;6125;1
S20254;165;6;6125;6130;1
S20254;165;7;6130;6135;1
S20254;165;8;6135;6140;1
S20254;165;9;6140;6145;1
S20254;165;10;6145;6150;1
S20254;165;53;6150;6165;1
S20254;165;53;7030;7060;0
S20254;165;10;7060;7065;0
S20254;165;9;7065;7070;0
S20254;165;8;7070;7075;0
S20254;165;7;7075;7080;0
S20254;165;6;7080;7085;0
S20254;165;5;7085;7090;0
S20254;165;4;7090;7095;0
S20254;165;3;7095;7100;0
S20254;165;2;7100;7105;0
S20254;165;1;7105;7125;0
S20254;166;0;4085;4085;1
S20254;166;1;4085;4105;1
S20254;166;2;4105;4110;1
S20254;166;3;4110;4115;1
S20254;166;4;4115;4120;1
S20254;166;5;4120;4125;1
S20254;166;6;4125;4130;1
S20254;166;7;4130;4135;1
S20254;166;8;4135;4140;1
S20254;166;9;4140;4145;1
S20254;166;10;4145;4150;1
S20254;166;11;4150;4155;1
S20254;166;12;4155;4160;1
S20254;166;13;4160;4165;1
S20254;166;70;4165;4200;1
S20254;166;70;9275;9285;0
S20254;166;13;9285;9290;0
S20254;166;12;9290;9295;0
S20254;166;11;9295;9300;0
S20254;166;10;9300;9305;0
S20254;166;9;9305;9310;0
S20254;166;8;9310;9315;0
S20254;166;7;9315;9320;0
S20254;166;6;9320;9325;0
S20254;166;5;9325;9330;0
S20254;166;4;9330;9335;0
S20254;166;3;9335;9340;0
S20254;166;2;9340;9345;0
S20254;166;1;9345;9365;0
S20254;167;0;4095;4095;1
S20254;167;1;4235;4255;1
S20254;167;2;4255;4260;1
S20254;167;3;4260;4265;1
S20254;167;4;4265;4270;1
S20254;167;22;4270;4285;1
S20254;167;22;18545;18575;0
S20254;167;4;18575;18580;0
S20254;167;3;18580;18585;0
S20254;167;2;18585;18590;0
S20254;167;1;18590;18610;0
S20254;168;0;4480;4480;1
S20254;168;1;17820;17840;1
S20254;168;2;17840;17845;1
S20254;168;3;17845;17850;1
S20254;168;4;17850;17855;1
S20254;168;5;17855;17860;1
S20254;168;27;17860;17895;1
S20254;168;27;23180;23190;0
S20254;168;5;23190;23195;0
S20254;168;4;23195;23200;0
S20254;168;3;23200;23205;0
S20254;168;2;23205;23210;0
S20254;168;1;23210;23230;0
S20254;169;0;4650;4650;1
S20254;169;1;7315;7335;1
S20254;169;2;7335;7340;1
S20254;169;3;7340;7345;1
S20254;169;4;7345;7350;1
S20254;169;24;7350;7385;1
S20254;169;24;15430;15440;0
S20254;169;4;15440;15445;0
S20254;169;3;15445;15450;0
S20254;169;2;15450;15455;0
S20254;169;1;15455;15475;0
S20254;170;0;4650;4650;1
S20254;170;1;5800;5820;1
S20254;170;2;5820;5825;1
S20254;170;3;5825;5830;1
S20254;170;4;5830;5835;1
S20254;170;5;5835;5840;1
S20254;170;6;5840;5845;1
S20254;170;7;5845;5850;1
S20254;170;8;5850;5855;1
S20254;170;9;5855;5860;1
S20254;170;10;5860;5865;1
S20254;170;11;5865;5870;1
S20254;170;12;5870;5875;1
S20254;170;64;5875;5890;1
S20254;170;64;6965;6995;0
S20254;170;12;6995;7000;0
S20254;170;11;7000;7005;0
S20254;170;10;7005;7010;0
S20254;170;9;7010;7015;0
S20254;170;8;7015;7020;0
S20254;170;7;7020;7025;0
S20254;170;6;7025;7030;0
S20254;170;5;7030;7035;0
S20254;170;4;7035;7040;0
S20254;170;3;7040;7045;0
S20254;170;2;7045;7050;0
S20254;170;1;7050;7070;0
S20254;171;0;4670;4670;1
S20254;171;1;4670;4690;1
S20254;171;2;4690;4695;1
S20254;171;3;4695;4700;1
S20254;171;4;4700;4705;1
S20254;171;5;4705;4710;1
S20254;171;36;4710;4725;1
S20254;171;36;6135;6165;0
S20254;171;5;6165;6170;0
S20254;171;4;6170;6175;0
S20254;171;3;6175;6180;0
S20254;171;2;6180;6185;0
S20254;171;1;6185;6205;0
S20254;172;0;4940;4940;1
S20254;172;1;26025;26045;1
S20254;172;2;26045;26050;1
S20254;172;3;26050;26055;1
S20254;172;4;26055;26060;1
S20254;172;5;26060;26065;1
S20254;172;6;26065;26070;1
S20254;172;39;26070;26105;1
S20254;172;39;36705;36715;0
S20254;172;6;36715;36720;0
S20254;172;5;36720;36725;0
S20254;172;4;36725;36730;0
S20254;172;3;36730;36735;0
S20254;172;2;36735;36740;0
S20254;172;1;36740;36760;0
S20254;173;0;5220;5220;1
S20254;173;1;7215;7235;1
S20254;173;2;7235;7240;1
S20254;173;3;7240;7245;1
S20254;173;4;7245;7250;1
S20254;173;5;7250;7255;1
S20254;173;6;7255;7260;1
S20254;173;7;7260;7265;1
S20254;173;8;7265;7270;1
S20254;173;9;7270;7275;1
S20254;173;10;7275;7280;1
S20254;173;11;7280;7285;1
S20254;173;12;7285;7290;1
S20254;173;13;7290;7295;1
S20254;173;69;7295;7330;1
S20254;173;69;9090;9100;0
S20254;173;13;9100;9105;0
S20254;173;12;9105;9110;0
S20254;173;11;9110;9115;0
S20254;173;10;9115;9120;0
S20254;173;9;9120;9125;0
S20254;173;8;9125;9130;0
S20254;173;7;9130;9135;0
S20254;173;6;9135;9140;0
S20254;173;5;9140;9145;0
S20254;173;4;9145;9150;0
S20254;173;3;9150;9155;0
S20254;173;2;9155;9160;0
S20254;173;1;9160;9180;0
S20254;174;0;5340;5340;1
S20254;174;1;15900;15920;1
S20254;174;2;15920;15925;1
S20254;174;3;15925;15930;1
S20254;174;4;15930;15935;1
S20254;174;24;15935;15970;1
S20254;174;24;25410;25420;0
S20254;174;4;25420;25425;0
S20254;174;3;25425;25430;0
S20254;174;2;25430;25435;0
S20254;174;1;25435;25455;0
S20254;175;0;5460;5460;1
S20254;175;1;5460;5480;1
S20254;175;2;5480;5485;1
S20254;175;3;5485;5490;1
S20254;175;4;5490;5495;1
S20254;175;5;5495;5500;1
S20254;175;35;5500;5515;1
S20254;175;35;6265;6295;0
S20254;175;5;6295;6300;0
S20254;175;4;6300;6305;0
S20254;175;3;6305;6310;0
S20254;175;2;6310;6315;0
S20254;175;1;6315;6335;0
S20254;176;0;5565;5565;1
S20254;176;1;15675;15695;1
S20254;176;2;15695;15700;1
S20254;176;3;15700;15705;1
S20254;176;17;15705;15740;1
S20254;176;17;22650;22660;0
S20254;176;3;22660;22665;0
S20254;176;2;22665;22670;0
S20254;176;1;22670;22690;0
S20254;177;0;5680;5680;1
S20254;177;1;7475;7495;1
S20254;177;2;7495;7500;1
S20254;177;3;7500;7505;1
S20254;177;4;7505;7510;1
S20254;177;5;7510;7515;1
S20254;177;6;7515;7520;1
S20254;177;7;7520;7525;1
S20254;177;8;7525;7530;1
S20254;177;9;7530;7535;1
S20254;177;10;7535;7540;1
S20254;177;11;7540;7545;1
S20254;177;12;7545;7550;1
S20254;177;66;7550;7585;1
S20254;177;66;8870;8880;0
S20254;177;12;8880;8885;0
S20254;177;11;8885;8890;0
S20254;177;10;8890;8895;0
S20254;177;9;8895;8900;0
S20254;177;8;8900;8905;0
S20254;177;7;8905;8910;0
S20254;177;6;8910;8915;0
S20254;177;5;8915;8920;0
S20254;177;4;8920;8925;0
S20254;177;3;8925;8930;0
S20254;177;2;8930;8935;0
S20254;177;1;8935;8955;0
S20254;178;0;5940;5940;1
S20254;178;1;5940;5960;1
S20254;178;2;5960;5965;1
S20254;178;3;5965;5970;1
S20254;178;4;5970;5975;1
S20254;178;5;5975;5980;1
S20254;178;6;5980;5985;1
S20254;178;7;5985;5990;1
S20254;178;8;5990;5995;1
S20254;178;9;5995;6000;1
S20254;178;10;6000;6005;1
S20254;178;11;6005;6010;1
S20254;178;12;6010;6015;1
S20254;178;13;6015;6020;1
S20254;178;68;6020;6035;1
S20254;178;68;8280;8310;0
S20254;178;13;8310;8315;0
S20254;178;12;8315;8320;0
S20254;178;11;8320;8325;0
S20254;178;10;8325;8330;0
S20254;178;9;8330;8335;0
S20254;178;8;8335;8340;0
S20254;178;7;8340;8345;0
S20254;178;6;8345;8350;0
S20254;178;5;8350;8355;0
S20254;178;4;8355;8360;0
S20254;178;3;8360;8365;0
S20254;178;2;8365;8370;0
S20254;178;1;8370;8390;0
S20254;179;0;6060;6060;1
S20254;179;1;6060;6080;1
S20254;179;2;6080;6085;1
S20254;179;3;6085;6090;1
S20254;179;4;6090;6095;1
S20254;179;5;6095;6100;1
S20254;179;6;6100;6105;1
S20254;179;7;6105;6110;1
S20254;179;8;6110;6115;1
S20254;179;9;6115;6120;1
S20254;179;10;6120;6125;1
S20254;179;11;6125;6130;1
S20254;179;12;6130;6135;1
S20254;179;66;6135;6170;1
S20254;179;66;7570;7580;0
S20254;179;12;7580;7585;0
S20254;179;11;7585;7590;0
S20254;179;10;7590;7595;0
S20254;179;9;7595;7600;0
S20254;179;8;7600;7605;0
S20254;179;7;7605;7610;0
S20254;179;6;7610;7615;0
S20254;179;5;7615;7620;0
S20254;179;4;7620;7625;0
S20254;179;3;7625;7630;0
S20254;179;2;7630;7635;0
S20254;179;1;7635;7655;0
S20254;180;0;6090;6090;1
S20254;180;1;6345;6365;1
S20254;180;2;6365;6370;1
S20254;180;3;6370;6375;1
S20254;180;4;6375;6380;1
S20254;180;5;6380;6385;1
S20254;180;6;6385;6390;1
S20254;180;7;6390;6395;1
S20254;180;8;6395;6400;1
S20254;180;9;6400;6405;1
S20254;180;10;6405;6410;1
S20254;180;11;6410;6415;1
S20254;180;12;6415;6420;1
S20254;180;13;6420;6425;1
S20254;180;69;6425;6440;1
S20254;180;69;7065;7095;0
S20254;180;13;7095;7100;0
S20254;180;12;7100;7105;0
S20254;180;11;7105;7110;0
S20254;180;10;7110;7115;0
S20254;180;9;7115;7120;0
S20254;180;8;7120;7125;0
S20254;180;7;7125;7130;0
S20254;180;6;7130;7135;0
S20254;180;5;7135;7140;0
S20254;180;4;7140;7145;0
S20254;180;3;7145;7150;0
S20254;180;2;7150;7155;0
S20254;180;1;7155;7175;0
S20254;181;0;6180;6180;1
S20254;181;1;6360;6380;1
S20254;181;2;6380;6385;1
S20254;181;3;6385;6390;1
S20254;181;4;6390;6395;1
S20254;181;5;6395;6400;1
S20254;181;6;6400;6405;1
S20254;181;7;6405;6410;1
S20254;181;8;6410;6415;1
S20254;181;9;6415;6420;1
S20254;181;10;6420;6425;1
S20254;181;11;6425;6430;1
S20254;181;12;6430;6435;1
S20254;181;65;6435;6450;1
S20254;181;65;8000;8030;0
S20254;181;12;8030;8035;0
S20254;181;11;8035;8040;0
S20254;181;10;8040;8045;0
S20254;181;9;8045;8050;0
S20254;181;8;8050;8055;0
S20254;181;7;8055;8060;0
S20254;181;6;8060;8065;0
S20254;181;5;8065;8070;0
S20254;181;4;8070;8075;0
S20254;181;3;8075;8080;0
S20254;181;2;8080;8085;0
S20254;181;1;8085;8105;0
S20254;182;0;6240;6240;1
S20254;182;1;6240;6260;1
S20254;182;2;6260;6265;1
S20254;182;3;6265;6270;1
S20254;182;4;6270;6275;1
S20254;182;5;6275;6280;1
S20254;182;35;6280;6295;1
S20254;182;35;7745;7775;0
S20254;182;5;7775;7780;0
S20254;182;4;7780;7785;0
S20254;182;3;7785;7790;0
S20254;182;2;7790;7795;0
S20254;182;1;7795;7815;0
S20254;183;0;6285;6285;1
S20254;183;1;6890;6910;1
S20254;183;2;6910;6915;1
S20254;183;3;6915;6920;1
S20254;183;4;6920;6925;1
S20254;183;5;6925;6930;1
S20254;183;6;6930;6935;1
S20254;183;7;6935;6940;1
S20254;183;8;6940;6945;1
S20254;183;9;6945;6950;1
S20254;183;10;6950;6955;1
S20254;183;11;6955;6960;1
S20254;183;12;6960;6965;1
S20254;183;64;6965;7000;1
S20254;183;64;8950;8960;0
S20254;183;12;8960;8965;0
S20254;183;11;8965;8970;0
S20254;183;10;8970;8975;0
S20254;183;9;8975;8980;0
S20254;183;8;8980;8985;0
S20254;183;7;8985;8990;0
S20254;183;6;8990;8995;0
S20254;183;5;8995;9000;0
S20254;183;4;9000;9005;0
S20254;183;3;9005;9010;0
S20254;183;2;9010;9015;0
S20254;183;1;9015;9035;0
S20254;184;0;6355;6355;1
S20254;184;1;6575;6595;1
S20254;184;2;6595;6600;1
S20254;184;3;6600;6605;1
S20254;184;4;6605;6610;1
S20254;184;5;6610;6615;1
S20254;184;6;6615;6620;1
S20254;184;7;6620;6625;1
S20254;184;8;6625;6630;1
S20254;184;9;6630;6635;1
S20254;184;10;6635;6640;1
S20254;184;52;6640;6675;1
S20254;184;52;7560;7570;0
S20254;184;10;7570;7575;0
S20254;184;9;7575;7580;0
S20254;184;8;7580;7585;0
S20254;184;7;7585;7590;0
S20254;184;6;7590;7595;0
S20254;184;5;7595;7600;0
S20254;184;4;7600;7605;0
S20254;184;3;7605;7610;0
S20254;184;2;7610;7615;0
S20254;184;1;7615;7635;0
S20254;185;0;6615;6615;1
S20254;185;1;6615;6635;1
S20254;185;2;6635;6640;1
S20254;185;3;6640;6645;1
S20254;185;4;6645;6650;1
S20254;185;5;6650;6655;1
S20254;185;31;6655;6670;1
S20254;185;31;9765;9795;0
S20254;185;5;9795;9800;0
S20254;185;4;9800;9805;0
S20254;185;3;9805;9810;0
S20254;185;2;9810;9815;0
S20254;185;1;9815;9835;0
S20254;186;0;6660;6660;1
S20254;186;1;11630;11650;1
S20254;186;2;11650;11655;1
S20254;186;3;11655;11660;1
S20254;186;4;11660;11665;1
S20254;186;5;11665;11670;1
S20254;186;6;11670;11675;1
S20254;186;7;11675;11680;1
S20254;186;8;11680;11685;1
S20254;186;9;11685;11690;1
S20254;186;10;11690;11695;1
S20254;186;52;11695;11730;1
S20254;186;52;13770;13780;0
S20254;186;10;13780;13785;0
S20254;186;9;13785;13790;0
S20254;186;8;13790;13795;0
S20254;186;7;13795;13800;0
S20254;186;6;13800;13805;0
S20254;186;5;13805;13810;0
S20254;186;4;13810;13815;0
S20254;186;3;13815;13820;0
S20254;186;2;13820;13825;0
S20254;186;1;13825;13845;0
S20254;187;0;7080;7080;1
S20254;187;1;7080;7100;1
S20254;187;2;7100;7105;1
S20254;187;3;7105;7110;1
S20254;187;4;7110;7115;1
S20254;187;5;7115;7120;1
S20254;187;6;7120;7125;1
S20254;187;7;7125;7130;1
S20254;187;8;7130;7135;1
S20254;187;9;7135;7140;1
S20254;187;10;7140;7145;1
S20254;187;11;7145;7150;1
S20254;187;12;7150;7155;1
S20254;187;13;7155;7160;1
S20254;187;67;7160;7195;1
S20254;187;67;9950;9960;0
S20254;187;13;9960;9965;0
S20254;187;12;9965;9970;0
S20254;187;11;9970;9975;0
S20254;187;10;9975;9980;0
S20254;187;9;9980;9985;0
S20254;187;8;9985;9990;0
S20254;187;7;9990;9995;0
S20254;187;6;9995;10000;0
S20254;187;5;10000;10005;0
S20254;187;4;10005;10010;0
S20254;187;3;10010;10015;0
S20254;187;2;10015;10020;0
S20254;187;1;10020;10040;0
S20254;188;0;7080;7080;1
S20254;188;1;7130;7150;1
S20254;188;2;7150;7155;1
S20254;188;3;7155;7160;1
S20254;188;17;7160;7195;1
S20254;188;17;15580;15590;0
S20254;188;3;15590;15595;0
S20254;188;2;15595;15600;0
S20254;188;1;15600;15620;0
S20254;189;0;7155;7155;1
S20254;189;1;7230;7250;1
S20254;189;2;7250;7255;1
S20254;189;3;7255;7260;1
S20254;189;4;7260;7265;1
S20254;189;26;7265;7300;1
S20254;189;26;12530;12540;0
S20254;189;4;12540;12545;0
S20254;189;3;12545;12550;0
S20254;189;2;12550;12555;0
S20254;189;1;12555;12575;0
S20254;190;0;7425;7425;1
S20254;190;1;7425;7445;1
S20254;190;2;7445;7450;1
S20254;190;3;7450;7455;1
S20254;190;4;7455;7460;1
S20254;190;5;7460;7465;1
S20254;190;33;7465;7480;1
S20254;190;33;8505;8535;0
S20254;190;5;8535;8540;0
S20254;190;4;8540;8545;0
S20254;190;3;8545;8550;0
S20254;190;2;8550;8555;0
S20254;190;1;8555;8575;0
S20254;191;0;7500;7500;1
S20254;191;1;7500;7520;1
S20254;191;2;7520;7525;1
S20254;191;3;7525;7530;1
S20254;191;4;7530;7535;1
S20254;191;5;7535;7540;1
S20254;191;6;7540;7545;1
S20254;191;7;7545;7550;1
S20254;191;8;7550;7555;1
S20254;191;9;7555;7560;1
S20254;191;10;7560;7565;1
S20254;191;52;7565;7580;1
S20254;191;52;8540;8570;0
S20254;191;10;8570;8575;0
S20254;191;9;8575;8580;0
S20254;191;8;8580;8585;0
S20254;191;7;8585;8590;0
S20254;191;6;8590;8595;0
S20254;191;5;8595;8600;0
S20254;191;4;8600;8605;0
S20254;191;3;8605;8610;0
S20254;191;2;8610;8615;0
S20254;191;1;8615;8635;0
S20254;192;0;7575;7575;1
S20254;192;1;7895;7915;1
S20254;192;2;7915;7920;1
S20254;192;3;7920;7925;1
S20254;192;4;7925;7930;1
S20254;192;5;7930;7935;1
S20254;192;6;7935;7940;1
S20254;192;7;7940;7945;1
S20254;192;8;7945;7950;1
S20254;192;9;7950;7955;1
S20254;192;10;7955;7960;1
S20254;192;11;7960;7965;1
S20254;192;12;7965;7970;1
S20254;192;65;7970;8005;1
S20254;192;65;9375;9385;0
S20254;192;12;9385;9390;0
S20254;192;11;9390;9395;0
S20254;192;10;9395;9400;0
S20254;192;9;9400;9405;0
S20254;192;8;9405;9410;0
S20254;192;7;9410;9415;0
S20254;192;6;9415;9420;0
S20254;192;5;9420;9425;0
S20254;192;4;9425;9430;0
S20254;192;3;9430;9435;0
S20254;192;2;9435;9440;0
S20254;192;1;9440;9460;0
S20254;193;0;7590;7590;1
S20254;193;1;7695;7715;1
S20254;193;2;7715;7720;1
S20254;193;3;7720;7725;1
S20254;193;4;7725;7730;1
S20254;193;5;7730;7735;1
S20254;193;6;7735;7740;1
S20254;193;38;7740;7775;1
S20254;193;38;8725;8735;0
S20254;193;6;8735;8740;0
S20254;193;5;8740;8745;0
S20254;193;4;8745;8750;0
S20254;193;3;8750;8755;0
S20254;193;2;8755;8760;0
S20254;193;1;8760;8780;0
S20254;194;0;7645;7645;1
S20254;194;1;7680;7700;1
S20254;194;2;7700;7705;1
S20254;194;3;7705;7710;1
S20254;194;4;7710;7715;1
S20254;194;5;7715;7720;1
S20254;194;6;7720;7725;1
S20254;194;7;7725;7730;1
S20254;194;8;7730;7735;1
S20254;194;9;7735;7740;1
S20254;194;10;7740;7745;1
S20254;194;53;7745;7760;1
S20254;194;53;9255;9285;0
S20254;194;10;9285;9290;0
S20254;194;9;9290;9295;0
S20254;194;8;9295;9300;0
S20254;194;7;9300;9305;0
S20254;194;6;9305;9310;0
S20254;194;5;9310;9315;0
S20254;194;4;9315;9320;0
S20254;194;3;9320;9325;0
S20254;194;2;9325;9330;0
S20254;194;1;9330;9350;0
S20254;195;0;7700;7700;1
S20254;195;1;7710;7730;1
S20254;195;83;7730;7765;1
S20254;195;83;8945;8955;0
S20254;195;1;8955;8975;0
S20254;196;0;7830;7830;1
S20254;196;1;11520;11540;1
S20254;196;2;11540;11545;1
S20254;196;3;11545;11550;1
S20254;196;4;11550;11555;1
S20254;196;5;11555;11560;1
S20254;196;6;11560;11565;1
S20254;196;7;11565;11570;1
S20254;196;8;11570;11575;1
S20254;196;9;11575;11580;1
S20254;196;10;11580;11585;1
S20254;196;11;11585;11590;1
S20254;196;12;11590;11595;1
S20254;196;64;11595;11610;1
S20254;196;64;13145;13175;0
S20254;196;12;13175;13180;0
S20254;196;11;13180;13185;0
S20254;196;10;13185;13190;0
S20254;196;9;13190;13195;0
S20254;196;8;13195;13200;0
S20254;196;7;13200;13205;0
S20254;196;6;13205;13210;0
S20254;196;5;13210;13215;0
S20254;196;4;13215;13220;0
S20254;196;3;13220;13225;0
S20254;196;2;13225;13230;0
S20254;196;1;13230;13250;0
S20254;197;0;7980;7980;1
S20254;197;1;17345;17365;1
S20254;197;2;17365;17370;1
S20254;197;3;17370;17375;1
S20254;197;4;17375;17380;1
S20254;197;5;17380;17385;1
S20254;197;6;17385;17390;1
S20254;197;7;17390;17395;1
S20254;197;8;17395;17400;1
S20254;197;9;17400;17405;1
S20254;197;10;17405;17410;1
S20254;197;52;17410;17425;1
S20254;197;52;19615;19645;0
S20254;197;10;19645;19650;0
S20254;197;9;19650;19655;0
S20254;197;8;19655;19660;0
S20254;197;7;19660;19665;0
S20254;197;6;19665;19670;0
S20254;197;5;19670;19675;0
S20254;197;4;19675;19680;0
S20254;197;3;19680;19685;0
S20254;197;2;19685;19690;0
S20254;197;1;19690;19710;0
S20254;198;0;8025;8025;1
S20254;198;1;15840;15860;1
S20254;198;2;15860;15865;1
S20254;198;3;15865;15870;1
S20254;198;4;15870;15875;1
S20254;198;5;15875;15880;1
S20254;198;6;15880;15885;1
S20254;198;7;15885;15890;1
S20254;198;8;15890;15895;1
S20254;198;9;15895;15900;1
S20254;198;10;15900;15905;1
S20254;198;11;15905;15910;1
S20254;198;12;15910;15915;1
S20254;198;13;15915;15920;1
S20254;198;69;15920;15955;1
S20254;198;69;18145;18155;0
S20254;198;13;18155;18160;0
S20254;198;12;18160;18165;0
S20254;198;11;18165;18170;0
S20254;198;10;18170;18175;0
S20254;198;9;18175;18180;0
S20254;198;8;18180;18185;0
S20254;198;7;18185;18190;0
S20254;198;6;18190;18195;0
S20254;198;5;18195;18200;0
S20254;198;4;18200;18205;0
S20254;198;3;18205;18210;0
S20254;198;2;18210;18215;0
S20254;198;1;18215;18235;0
S20254;199;0;8160;8160;1
S20254;199;1;8160;8180;1
S20254;199;2;8180;8185;1
S20254;199;3;8185;8190;1
S20254;199;21;8190;8205;1
S20254;199;21;9550;9580;0
S20254;199;3;9580;9585;0
S20254;199;2;9585;9590;0
S20254;199;1;9590;9610;0
S20254;200;0;8220;8220;1
S20254;200;1;8240;8260;1
S20254;200;2;8260;8265;1
S20254;200;3;8265;8270;1
S20254;200;4;8270;8275;1
S20254;200;5;8275;8280;1
S20254;200;35;8280;8295;1
S20254;200;35;9245;9275;0
S20254;200;5;9275;9280;0
S20254;200;4;9280;9285;0
S20254;200;3;9285;9290;0
S20254;200;2;9290;9295;0
S20254;200;1;9295;9315;0
S20254;201;0;8220;8220;1
S20254;201;1;8220;8240;1
S20254;201;2;8240;8245;1
S20254;201;3;8245;8250;1
S20254;201;4;8250;8255;1
S20254;201;5;8255;8260;1
S20254;201;34;8260;8275;1
S20254;201;34;8930;8960;0
S20254;201;5;8960;8965;0
S20254;201;4;8965;8970;0
S20254;201;3;8970;8975;0
S20254;201;2;8975;8980;0
S20254;201;1;8980;9000;0
S20254;202;0;8280;8280;1
S20254;202;1;8455;8475;1
S20254;202;2;8475;8480;1
S20254;202;3;8480;8485;1
S20254;202;4;8485;8490;1
S20254;202;5;8490;8495;1
S20254;202;6;8495;8500;1
S20254;202;7;8500;8505;1
S20254;202;8;8505;8510;1
S20254;202;9;8510;8515;1
S20254;202;10;8515;8520;1
S20254;202;52;8520;8555;1
S20254;202;52;9820;9830;0
S20254;202;10;9830;9835;0
S20254;202;9;9835;9840;0
S20254;202;8;9840;9845;0
S20254;202;7;9845;9850;0
S20254;202;6;9850;9855;0
S20254;202;5;9855;9860;0
S20254;202;4;9860;9865;0
S20254;202;3;9865;9870;0
S20254;202;2;9870;9875;0
S20254;202;1;9875;9895;0
S20254;203;0;8370;8370;1
S20254;203;1;8470;8490;1
S20254;203;2;8490;8495;1
S20254;203;3;8495;8500;1
S20254;203;18;8500;8535;1
S20254;203;18;15480;15490;0
S20254;203;3;15490;15495;0
S20254;203;2;15495;15500;0
S20254;203;1;15500;15520;0
S20254;204;0;8385;8385;1
S20254;204;1;18695;18715;1
S20254;204;2;18715;18720;1
S20254;204;3;18720;18725;1
S20254;204;4;18725;18730;1
S20254;204;5;18730;18735;1
S20254;204;6;18735;18740;1
S20254;204;7;18740;18745;1
S20254;204;8;18745;18750;1
S20254;204;9;18750;18755;1
S20254;204;10;18755;18760;1
S20254;204;11;18760;18765;1
S20254;204;12;18765;18770;1
S20254;204;13;18770;18775;1
S20254;204;69;18775;18790;1
S20254;204;69;24180;24210;0
S20254;204;13;24210;24215;0
S20254;204;12;24215;24220;0
S20254;204;11;24220;24225;0
S20254;204;10;24225;24230;0
S20254;204;9;24230;24235;0
S20254;204;8;24235;24240;0
S20254;204;7;24240;24245;0
S20254;204;6;24245;24250;0
S20254;204;5;24250;24255;0
S20254;204;4;24255;24260;0
S20254;204;3;24260;24265;0
S20254;204;2;24265;24270;0
S20254;204;1;24270;24290;0
S20254;205;0;8630;8630;1
S20254;205;1;8675;8695;1
S20254;205;2;8695;8700;1
S20254;205;3;8700;8705;1
S20254;205;4;8705;8710;1
S20254;205;5;8710;8715;1
S20254;205;36;8715;8730;1
S20254;205;36;9335;9365;0
S20254;205;5;9365;9370;0
S20254;205;4;9370;9375;0
S20254;205;3;9375;9380;0
S20254;205;2;9380;9385;0
S20254;205;1;9385;9405;0
S20254;206;0;8645;8645;1
S20254;206;1;8660;8680;1
S20254;206;2;8680;8685;1
S20254;206;3;8685;8690;1
S20254;206;4;8690;8695;1
S20254;206;5;8695;8700;1
S20254;206;6;8700;8705;1
S20254;206;7;8705;8710;1
S20254;206;8;8710;8715;1
S20254;206;47;8715;8750;1
S20254;206;47;12490;12500;0
S20254;206;8;12500;12505;0
S20254;206;7;12505;12510;0
S20254;206;6;12510;12515;0
S20254;206;5;12515;12520;0
S20254;206;4;12520;12525;0
S20254;206;3;12525;12530;0
S20254;206;2;12530;12535;0
S20254;206;1;12535;12555;0
S20254;207;0;8645;8645;1
S20254;207;1;8645;8665;1
S20254;207;2;8665;8670;1
S20254;207;3;8670;8675;1
S20254;207;4;8675;8680;1
S20254;207;5;8680;8685;1
S20254;207;6;8685;8690;1
S20254;207;7;8690;8695;1
S20254;207;8;8695;8700;1
S20254;207;9;8700;8705;1
S20254;207;10;8705;8710;1
S20254;207;11;8710;8715;1
S20254;207;12;8715;8720;1
S20254;207;13;8720;8725;1
S20254;207;14;8725;8730;1
S20254;207;15;8730;8735;1
S20254;207;16;8735;8750;1
S20254;207;79;8750;8785;1
S20254;207;79;16285;16295;0
S20254;207;16;16295;16310;0
S20254;207;15;16310;16315;0
S20254;207;14;16315;16320;0
S20254;207;13;16320;16325;0
S20254;207;12;16325;16330;0
S20254;207;11;16330;16335;0
S20254;207;10;16335;16340;0
S20254;207;9;16340;16345;0
S20254;207;8;16345;16350;0
S20254;207;7;16350;16355;0
S20254;207;6;16355;16360;0
S20254;207;5;16360;16365;0
S20254;207;4;16365;16370;0
S20254;207;3;16370;16375;0
S20254;207;2;16375;16380;0
S20254;207;1;16380;16400;0
S20254;208;0;9030;9030;1
S20254;208;1;9045;9065;1
S20254;208;2;9065;9070;1
S20254;208;3;9070;9075;1
S20254;208;4;9075;9080;1
S20254;208;5;9080;9085;1
S20254;208;6;9085;9090;1
S20254;208;43;9090;9125;1
S20254;208;43;12000;12010;0
S20254;208;6;12010;12015;0
S20254;208;5;12015;12020;0
S20254;208;4;12020;12025;0
S20254;208;3;12025;12030;0
S20254;208;2;12030;12035;0
S20254;208;1;12035;12055;0
S20254;209;0;9185;9185;1
S20254;209;1;9210;9230;1
S20254;209;83;9230;9265;1
S20254;209;83;13705;13715;0
S20254;209;1;13715;13735;0
S20254;210;0;9240;9240;1
S20254;210;1;24505;24525;1
S20254;210;2;24525;24530;1
S20254;210;3;24530;24535;1
S20254;210;4;24535;24540;1
S20254;210;5;24540;24545;1
S20254;210;6;24545;24550;1
S20254;210;7;24550;24555;1
S20254;210;8;24555;24560;1
S20254;210;9;24560;24565;1
S20254;210;10;24565;24570;1
S20254;210;11;24570;24575;1
S20254;210;12;24575;24580;1
S20254;210;13;24580;24585;1
S20254;210;70;24585;24620;1
S20254;210;70;28145;28155;0
S20254;210;13;28155;28160;0
S20254;210;12;28160;28165;0
S20254;210;11;28165;28170;0
S20254;210;10;28170;28175;0
S20254;210;9;28175;28180;0
S20254;210;8;28180;28185;0
S20254;210;7;28185;28190;0
S20254;210;6;28190;28195;0
S20254;210;5;28195;28200;0
S20254;210;4;28200;28205;0
S20254;210;3;28205;28210;0
S20254;210;2;28210;28215;0
S20254;210;1;28215;28235;0
S20254;211;0;9255;9255;1
S20254;211;1;41775;41795;1
S20254;211;2;41795;41800;1
S20254;211;3;41800;41805;1
S20254;211;4;41805;41810;1
S20254;211;5;41810;41815;1
S20254;211;6;41815;41820;1
S20254;211;40;41820;41855;1
S20254;211;40;45575;45585;0
S20254;211;6;45585;45590;0
S20254;211;5;45590;45595;0
S20254;211;4;45595;45600;0
S20254;211;3;45600;45605;0
S20254;211;2;45605;45610;0
S20254;211;1;45610;45630;0
S20254;212;0;9480;9480;1
S20254;212;1;9480;9500;1
S20254;212;2;9500;9505;1
S20254;212;3;9505;9510;1
S20254;212;4;9510;9515;1
S20254;212;5;9515;9520;1
S20254;212;6;9520;9525;1
S20254;212;7;9525;9530;1
S20254;212;8;9530;9535;1
S20254;212;9;9535;9540;1
S20254;212;10;9540;9545;1
S20254;212;11;9545;9550;1
S20254;212;57;9550;9565;1
S20254;212;57;15130;15160;0
S20254;212;11;15160;15165;0
S20254;212;10;15165;15170;0
S20254;212;9;15170;15175;0
S20254;212;8;15175;15180;0
S20254;212;7;15180;15185;0
S20254;212;6;15185;15190;0
S20254;212;5;15190;15195;0
S20254;212;4;15195;15200;0
S20254;212;3;15200;15205;0
S20254;212;2;15205;15210;0
S20254;212;1;15210;15230;0
S20254;213;0;9510;9510;1
S20254;213;1;9510;9530;1
S20254;213;2;9530;9535;1
S20254;213;3;9535;9540;1
S20254;213;4;9540;9545;1
S20254;213;5;9545;9550;1
S20254;213;6;9550;9555;1
S20254;213;7;9555;9560;1
S20254;213;8;9560;9565;1
S20254;213;48;9565;9580;1
S20254;213;48;27865;27895;0
S20254;213;8;27895;27900;0
S20254;213;7;27900;27905;0
S20254;213;6;27905;27910;0
S20254;213;5;27910;27915;0
S20254;213;4;27915;27920;0
S20254;213;3;27920;27925;0
S20254;213;2;27925;27930;0
S20254;213;1;27930;27950;0
S20254;214;0;9540;9540;1
S20254;214;1;9565;9585;1
S20254;214;2;9585;9590;1
S20254;214;3;9590;9595;1
S20254;214;4;9595;9600;1
S20254;214;5;9600;9605;1
S20254;214;6;9605;9610;1
S20254;214;7;9610;9615;1
S20254;214;8;9615;9620;1
S20254;214;9;9620;9625;1
S20254;214;10;9625;9630;1
S20254;214;11;9630;9635;1
S20254;214;62;9635;9670;1
S20254;214;62;12855;12865;0
S20254;214;11;12865;12870;0
S20254;214;10;12870;12875;0
S20254;214;9;12875;12880;0
S20254;214;8;12880;12885;0
S20254;214;7;12885;12890;0
S20254;214;6;12890;12895;0
S20254;214;5;12895;12900;0
S20254;214;4;12900;12905;0
S20254;214;3;12905;12910;0
S20254;214;2;12910;12915;0
S20254;214;1;12915;12935;0
S20254;215;0;9705;9705;1
S20254;215;1;16250;16270;1
S20254;215;2;16270;16275;1
S20254;215;3;16275;16280;1
S20254;215;19;16280;16315;1
S20254;215;19;21275;21285;0
S20254;215;3;21285;21290;0
S20254;215;2;21290;21295;0
S20254;215;1;21295;21315;0
S20254;216;0;9900;9900;1
S20254;216;1;9900;9920;1
S20254;216;2;9920;9925;1
S20254;216;3;9925;9930;1
S20254;216;4;9930;9935;1
S20254;216;5;9935;9940;1
S20254;216;34;9940;9975;1
S20254;216;34;11030;11040;0
S20254;216;5;11040;11045;0
S20254;216;4;11045;11050;0
S20254;216;3;11050;11055;0
S20254;216;2;11055;11060;0
S20254;216;1;11060;11080;0
S20254;217;0;9980;9980;1
S20254;217;1;10100;10120;1
S20254;217;2;10120;10125;1
S20254;217;3;10125;10130;1
S20254;217;4;10130;10135;1
S20254;217;5;10135;10140;1
S20254;217;6;10140;10145;1
S20254;217;7;10145;10150;1
S20254;217;8;10150;10155;1
S20254;217;9;10155;10160;1
S20254;217;10;10160;10165;1
S20254;217;11;10165;10170;1
S20254;217;88;10170;10205;1
S20254;217;88;15730;15740;0
S20254;217;11;15740;15745;0
S20254;217;10;15745;15750;0
S20254;217;9;15750;15755;0
S20254;217;8;15755;15760;0
S20254;217;7;15760;15765;0
S20254;217;6;15765;15770;0
S20254;217;5;15770;15775;0
S20254;217;4;15775;15780;0
S20254;217;3;15780;15785;0
S20254;217;2;15785;15790;0
S20254;217;1;15790;15810;0
S20254;218;0;10000;10000;1
S20254;218;1;10215;10235;1
S20254;218;85;10235;10270;1
S20254;218;85;11415;11445;0
S20254;218;1;11445;11465;0
S20254;219;0;10015;10015;1
S20254;219;1;10055;10075;1
S20254;219;2;10075;10080;1
S20254;219;3;10080;10085;1
S20254;219;4;10085;10090;1
S20254;219;5;10090;10095;1
S20254;219;6;10095;10100;1
S20254;219;7;10100;10105;1
S20254;219;8;10105;10110;1
S20254;219;9;10110;10115;1
S20254;219;10;10115;10120;1
S20254;219;11;10120;10125;1
S20254;219;12;10125;10130;1
S20254;219;13;10130;10135;1
S20254;219;69;10135;10150;1
S20254;219;69;13830;13860;0
S20254;219;13;13860;13865;0
S20254;219;12;13865;13870;0
S20254;219;11;13870;13875;0
S20254;219;10;13875;13880;0
S20254;219;9;13880;13885;0
S20254;219;8;13885;13890;0
S20254;219;7;13890;13895;0
S20254;219;6;13895;13900;0
S20254;219;5;13900;13905;0
S20254;219;4;13905;13910;0
S20254;219;3;13910;13915;0
S20254;219;2;13915;13920;0
S20254;219;1;13920;13940;0
S20254;220;0;10050;10050;1
S20254;220;1;20145;20165;1
S20254;220;2;20165;20170;1
S20254;220;3;20170;20175;1
S20254;220;4;20175;20180;1
S20254;220;5;20180;20185;1
S20254;220;6;20185;20190;1
S20254;220;41;20190;20205;1
S20254;220;41;23770;23800;0
S20254;220;6;23800;23805;0
S20254;220;5;23805;23810;0
S20254;220;4;23810;23815;0
S20254;220;3;23815;23820;0
S20254;220;2;23820;23825;0
S20254;220;1;23825;23845;0
S20254;221;0;10140;10140;1
S20254;221;1;10155;10175;1
S20254;221;2;10175;10180;1
S20254;221;3;10180;10185;1
S20254;221;4;10185;10190;1
S20254;221;5;10190;10195;1
S20254;221;35;10195;10210;1
S20254;221;35;11055;11085;0
S20254;221;5;11085;11090;0
S20254;221;4;11090;11095;0
S20254;221;3;11095;11100;0
S20254;221;2;11100;11105;0
S20254;221;1;11105;11125;0
S20254;222;0;10200;10200;1
S20254;222;1;10200;10220;1
S20254;222;2;10220;10225;1
S20254;222;3;10225;10230;1
S20254;222;4;10230;10235;1
S20254;222;5;10235;10240;1
S20254;222;6;10240;10245;1
S20254;222;7;10245;10250;1
S20254;222;8;10250;10255;1
S20254;222;9;10255;10260;1
S20254;222;10;10260;10265;1
S20254;222;52;10265;10300;1
S20254;222;52;11070;11080;0
S20254;222;10;11080;11085;0
S20254;222;9;11085;11090;0
S20254;222;8;11090;11095;0
S20254;222;7;11095;11100;0
S20254;222;6;11100;11105;0
S20254;222;5;11105;11110;0
S20254;222;4;11110;11115;0
S20254;222;3;11115;11120;0
S20254;222;2;11120;11125;0
S20254;222;1;11125;11145;0
S20254;223;0;10220;10220;1
S20254;223;1;10255;10275;1
S20254;223;2;10275;10280;1
S20254;223;3;10280;10285;1
S20254;223;4;10285;10290;1
S20254;223;5;10290;10295;1
S20254;223;6;10295;10300;1
S20254;223;7;10300;10305;1
S20254;223;8;10305;10310;1
S20254;223;9;10310;10315;1
S20254;223;10;10315;10320;1
S20254;223;11;10320;10325;1
S20254;223;12;10325;10330;1
S20254;223;65;10330;10365;1
S20254;223;65;11950;11960;0
S20254;223;12;11960;11965;0
S20254;223;11;11965;11970;0
S20254;223;10;11970;11975;0
S20254;223;9;11975;11980;0
S20254;223;8;11980;11985;0
S20254;223;7;11985;11990;0
S20254;223;6;11990;11995;0
S20254;223;5;11995;12000;0
S20254;223;4;12000;12005;0
S20254;223;3;12005;12010;0
S20254;223;2;12010;12015;0
S20254;223;1;12015;12035;0
S20254;224;0;10310;10310;1
S20254;224;1;10730;10750;1
S20254;224;2;10750;10755;1
S20254;224;3;10755;10760;1
S20254;224;4;10760;10765;1
S20254;224;5;10765;10770;1
S20254;224;6;10770;10775;1
S20254;224;7;10775;10780;1
S20254;224;8;10780;10785;1
S20254;224;9;10785;10790;1
S20254;224;10;10790;10795;1
S20254;224;11;10795;10800;1
S20254;224;60;10800;10815;1
S20254;224;60;14415;14445;0
S20254;224;11;14445;14450;0
S20254;224;10;14450;14455;0
S20254;224;9;14455;14460;0
S20254;224;8;14460;14465;0
S20254;224;7;14465;14470;0
S20254;224;6;14470;14475;0
S20254;224;5;14475;14480;0
S20254;224;4;14480;14485;0
S20254;224;3;14485;14490;0
S20254;224;2;14490;14495;0
S20254;224;1;14495;14515;0
S20254;225;0;10320;10320;1
S20254;225;1;10330;10350;1
S20254;225;2;10350;10355;1
S20254;225;3;10355;10360;1
S20254;225;4;10360;10365;1
S20254;225;5;10365;10370;1
S20254;225;36;10370;10385;1
S20254;225;36;10800;10830;0
S20254;225;5;10830;10835;0
S20254;225;4;10835;10840;0
S20254;225;3;10840;10845;0
S20254;225;2;10845;10850;0
S20254;225;1;10850;10870;0
S20254;226;0;10380;10380;1
S20254;226;1;10380;10400;1
S20254;226;2;10400;10405;1
S20254;226;3;10405;10410;1
S20254;226;4;10410;10415;1
S20254;226;5;10415;10420;1
S20254;226;33;10420;10435;1
S20254;226;33;11705;11735;0
S20254;226;5;11735;11740;0
S20254;226;4;11740;11745;0
S20254;226;3;11745;11750;0
S20254;226;2;11750;11755;0
S20254;226;1;11755;11775;0
S20254;227;0;10385;10385;1
S20254;227;1;10440;10460;1
S20254;227;2;10460;10465;1
S20254;227;3;10465;10470;1
S20254;227;4;10470;10475;1
S20254;227;5;10475;10480;1
S20254;227;28;10480;10515;1
S20254;227;28;13025;13035;0
S20254;227;5;13035;13040;0
S20254;227;4;13040;13045;0
S20254;227;3;13045;13050;0
S20254;227;2;13050;13055;0
S20254;227;1;13055;13075;0
S20254;228;0;10465;10465;1
S20254;228;1;10600;10620;1
S20254;228;2;10620;10625;1
S20254;228;3;10625;10630;1
S20254;228;4;10630;10635;1
S20254;228;5;10635;10640;1
S20254;228;31;10640;10675;1
S20254;228;31;11410;11440;0
S20254;228;5;11440;11445;0
S20254;228;4;11445;11450;0
S20254;228;3;11450;11455;0
S20254;228;2;11455;11460;0
S20254;228;1;11460;11480;0
S20254;229;0;10500;10500;1
S20254;229;1;10745;10765;1
S20254;229;2;10765;10770;1
S20254;229;3;10770;10775;1
S20254;229;4;10775;10780;1
S20254;229;5;10780;10785;1
S20254;229;6;10785;10790;1
S20254;229;7;10790;10795;1
S20254;229;8;10795;10800;1
S20254;229;9;10800;10805;1
S20254;229;10;10805;10810;1
S20254;229;53;10810;10825;1
S20254;229;53;15460;15490;0
S20254;229;10;15490;15495;0
S20254;229;9;15495;15500;0
S20254;229;8;15500;15505;0
S20254;229;7;15505;15510;0
S20254;229;6;15510;15515;0
S20254;229;5;15515;15520;0
S20254;229;4;15520;15525;0
S20254;229;3;15525;15530;0
S20254;229;2;15530;15535;0
S20254;229;1;15535;15555;0
S20254;230;0;10525;10525;1
S20254;230;1;16210;16230;1
S20254;230;2;16230;16235;1
S20254;230;3;16235;16240;1
S20254;230;4;16240;16245;1
S20254;230;5;16245;16250;1
S20254;230;36;16250;16265;1
S20254;230;36;17730;17760;0
S20254;230;5;17760;17765;0
S20254;230;4;17765;17770;0
S20254;230;3;17770;17775;0
S20254;230;2;17775;17780;0
S20254;230;1;17780;17800;0
S20254;231;0;10630;10630;1
S20254;231;1;36015;36035;1
S20254;231;2;36035;36040;1
S20254;231;3;36040;36045;1
S20254;231;17;36045;36080;1
S20254;231;17;40790;40800;0
S20254;231;3;40800;40805;0
S20254;231;2;40805;40810;0
S20254;231;1;40810;40830;0
S20254;232;0;10675;10675;1
S20254;232;1;10995;11015;1
S20254;232;2;11015;11020;1
S20254;232;3;11020;11025;1
S20254;232;4;11025;11030;1
S20254;232;5;11030;11035;1
S20254;232;34;11035;11050;1
S20254;232;34;12470;12500;0
S20254;232;5;12500;12505;0
S20254;232;4;12505;12510;0
S20254;232;3;12510;12515;0
S20254;232;2;12515;12520;0
S20254;232;1;12520;12540;0
S20254;233;0;10800;10800;1
S20254;233;1;10875;10895;1
S20254;233;2;10895;10900;1
S20254;233;3;10900;10905;1
S20254;233;4;10905;10910;1
S20254;233;5;10910;10915;1
S20254;233;36;10915;10930;1
S20254;233;36;12215;12245;0
S20254;233;5;12245;12250;0
S20254;233;4;12250;12255;0
S20254;233;3;12255;12260;0
S20254;233;2;12260;12265;0
S20254;233;1;12265;12285;0
S20254;234;0;10980;10980;1
S20254;234;1;10980;11000;1
S20254;234;2;11000;11005;1
S20254;234;3;11005;11010;1
S20254;234;4;11010;11015;1
S20254;234;5;11015;11020;1
S20254;234;6;11020;11025;1
S20254;234;7;11025;11030;1
S20254;234;8;11030;11035;1
S20254;234;9;11035;11040;1
S20254;234;10;11040;11045;1
S20254;234;11;11045;11050;1
S20254;234;12;11050;11055;1
S20254;234;66;11055;11070;1
S20254;234;66;11915;11945;0
S20254;234;12;11945;11950;0
S20254;234;11;11950;11955;0
S20254;234;10;11955;11960;0
S20254;234;9;11960;11965;0
S20254;234;8;11965;11970;0
S20254;234;7;11970;11975;0
S20254;234;6;11975;11980;0
S20254;234;5;11980;11985;0
S20254;234;4;11985;11990;0
S20254;234;3;11990;11995;0
S20254;234;2;11995;12000;0
S20254;234;1;12000;12020;0
S20254;235;0;11145;11145;1
S20254;235;1;18500;18520;1
S20254;235;2;18520;18525;1
S20254;235;3;18525;18530;1
S20254;235;4;18530;18535;1
S20254;235;5;18535;18540;1
S20254;235;6;18540;18545;1
S20254;235;7;18545;18550;1
S20254;235;45;18550;18585;1
S20254;235;45;20030;20040;0
S20254;235;7;20040;20045;0
S20254;235;6;20045;20050;0
S20254;235;5;20050;20055;0
S20254;235;4;20055;20060;0
S20254;235;3;20060;20065;0
S20254;235;2;20065;20070;0
S20254;235;1;20070;20090;0
S20254;236;0;11225;11225;1
S20254;236;1;19540;19560;1
S20254;236;2;19560;19565;1
S20254;236;3;19565;19570;1
S20254;236;4;19570;19575;1
S20254;236;5;19575;19580;1
S20254;236;6;19580;19585;1
S20254;236;7;19585;19590;1
S20254;236;8;19590;19595;1
S20254;236;9;19595;19600;1
S20254;236;10;19600;19605;1
S20254;236;52;19605;19640;1
S20254;236;52;20980;20990;0
S20254;236;10;20990;20995;0
S20254;236;9;20995;21000;0
S20254;236;8;21000;21005;0
S20254;236;7;21005;21010;0
S20254;236;6;21010;21015;0
S20254;236;5;21015;21020;0
S20254;236;4;21020;21025;0
S20254;236;3;21025;21030;0
S20254;236;2;21030;21035;0
S20254;236;1;21035;21055;0
S20254;237;0;11360;11360;1
S20254;237;1;11360;11380;1
S20254;237;84;11380;11415;1
S20254;237;84;16775;16785;0
S20254;237;1;16785;16805;0
S20254;238;0;11470;11470;1
S20254;238;1;12760;12780;1
S20254;238;2;12780;12785;1
S20254;238;3;12785;12790;1
S20254;238;4;12790;12795;1
S20254;238;5;12795;12800;1
S20254;238;6;12800;12805;1
S20254;238;7;12805;12810;1
S20254;238;8;12810;12815;1
S20254;238;9;12815;12820;1
S20254;238;10;12820;12825;1
S20254;238;11;12825;12830;1
S20254;238;12;12830;12835;1
S20254;238;13;12835;12840;1
S20254;238;70;12840;12875;1
S20254;238;70;14890;14900;0
S20254;238;13;14900;14905;0
S20254;238;12;14905;14910;0
S20254;238;11;14910;14915;0
S20254;238;10;14915;14920;0
S20254;238;9;14920;14925;0
S20254;238;8;14925;14930;0
S20254;238;7;14930;14935;0
S20254;238;6;14935;14940;0
S20254;238;5;14940;14945;0
S20254;238;4;14945;14950;0
S20254;238;3;14950;14955;0
S20254;238;2;14955;14960;0
S20254;238;1;14960;14980;0
S20254;239;0;11570;11570;1
S20254;239;1;11780;11800;1
S20254;239;2;11800;11805;1
S20254;239;3;11805;11810;1
S20254;239;4;11810;11815;1
S20254;239;5;11815;11820;1
S20254;239;35;11820;11835;1
S20254;239;35;13520;13550;0
S20254;239;5;13550;13555;0
S20254;239;4;13555;13560;0
S20254;239;3;13560;13565;0
S20254;239;2;13565;13570;0
S20254;239;1;13570;13590;0
S20254;240;0;11615;11615;1
S20254;240;1;11615;11635;1
S20254;240;2;11635;11640;1
S20254;240;3;11640;11645;1
S20254;240;4;11645;11650;1
S20254;240;5;11650;11655;1
S20254;240;6;11655;11660;1
S20254;240;7;11660;11665;1
S20254;240;8;11665;11670;1
S20254;240;9;11670;11675;1
S20254;240;10;11675;11680;1
S20254;240;11;11680;11685;1
S20254;240;12;11685;11690;1
S20254;240;13;11690;11695;1
S20254;240;14;11695;11700;1
S20254;240;15;11700;11705;1
S20254;240;16;11705;11720;1
S20254;240;74;11720;11765;1
S20254;240;74;16395;16405;0
S20254;240;16;16405;16420;0
S20254;240;15;16420;16425;0
S20254;240;14;16425;16430;0
S20254;240;13;16430;16435;0
S20254;240;12;16435;16440;0
S20254;240;11;16440;16445;0
S20254;240;10;16445;16450;0
S20254;240;9;16450;16455;0
S20254;240;8;16455;16460;0
S20254;240;7;16460;16465;0
S20254;240;6;16465;16470;0
S20254;240;5;16470;16475;0
S20254;240;4;16475;16480;0
S20254;240;3;16480;16485;0
S20254;240;2;16485;16490;0
S20254;240;1;16490;16510;0
S20254;241;0;11820;11820;1
S20254;241;1;18665;18685;1
S20254;241;2;18685;18690;1
S20254;241;3;18690;18695;1
S20254;241;4;18695;18700;1
S20254;241;22;18700;18715;1
S20254;241;22;26760;26790;0
S20254;241;4;26790;26795;0
S20254;241;3;26795;26800;0
S20254;241;2;26800;26805;0
S20254;241;1;26805;26825;0
S20254;242;0;11865;11865;1
S20254;242;1;11880;11900;1
S20254;242;2;11900;11905;1
S20254;242;3;11905;11910;1
S20254;242;4;11910;11915;1
S20254;242;5;11915;11920;1
S20254;242;6;11920;11925;1
S20254;242;38;11925;11960;1
S20254;242;38;12640;12650;0
S20254;242;6;12650;12655;0
S20254;242;5;12655;12660;0
S20254;242;4;12660;12665;0
S20254;242;3;12665;12670;0
S20254;242;2;12670;12675;0
S20254;242;1;12675;12695;0
S20254;243;0;11880;11880;1
S20254;243;1;12580;12600;1
S20254;243;2;12600;12605;1
S20254;243;3;12605;12610;1
S20254;243;4;12610;12615;1
S20254;243;26;12615;12650;1
S20254;243;26;16600;16610;0
S20254;243;4;16610;16615;0
S20254;243;3;16615;16620;0
S20254;243;2;16620;16625;0
S20254;243;1;16625;16645;0
S20254;244;0;11895;11895;1
S20254;244;1;11895;11915;1
S20254;244;2;11915;11920;1
S20254;244;3;11920;11925;1
S20254;244;4;11925;11930;1
S20254;244;5;11930;11935;1
S20254;244;31;11935;11970;1
S20254;244;31;12665;12695;0
S20254;244;5;12695;12700;0
S20254;244;4;12700;12705;0
S20254;244;3;12705;12710;0
S20254;244;2;12710;12715;0
S20254;244;1;12715;12735;0
S20254;245;0;11940;11940;1
S20254;245;1;13470;13490;1
S20254;245;2;13490;13495;1
S20254;245;3;13495;13500;1
S20254;245;4;13500;13505;1
S20254;245;5;13505;13510;1
S20254;245;35;13510;13525;1
S20254;245;35;14630;14660;0
S20254;245;5;14660;14665;0
S20254;245;4;14665;14670;0
S20254;245;3;14670;14675;0
S20254;245;2;14675;14680;0
S20254;245;1;14680;14700;0
S20254;246;0;11955;11955;1
S20254;246;1;13675;13695;1
S20254;246;2;13695;13700;1
S20254;246;3;13700;13705;1
S20254;246;4;13705;13710;1
S20254;246;5;13710;13715;1
S20254;246;6;13715;13720;1
S20254;246;7;13720;13725;1
S20254;246;8;13725;13730;1
S20254;246;9;13730;13735;1
S20254;246;10;13735;13740;1
S20254;246;52;13740;13775;1
S20254;246;52;14875;14885;0
S20254;246;10;14885;14890;0
S20254;246;9;14890;14895;0
S20254;246;8;14895;14900;0
S20254;246;7;14900;14905;0
S20254;246;6;14905;14910;0
S20254;246;5;14910;14915;0
S20254;246;4;14915;14920;0
S20254;246;3;14920;14925;0
S20254;246;2;14925;14930;0
S20254;246;1;14930;14950;0
S20254;247;0;11995;11995;1
S20254;247;1;15885;15905;1
S20254;247;2;15905;15910;1
S20254;247;3;15910;15915;1
S20254;247;4;15915;15920;1
S20254;247;5;15920;15925;1
S20254;247;6;15925;15930;1
S20254;247;7;15930;15935;1
S20254;247;45;15935;15970;1
S20254;247;45;18415;18425;0
S20254;247;7;18425;18430;0
S20254;247;6;18430;18435;0
S20254;247;5;18435;18440;0
S20254;247;4;18440;18445;0
S20254;247;3;18445;18450;0
S20254;247;2;18450;18455;0
S20254;247;1;18455;18475;0
S20254;248;0;12030;12030;1
S20254;248;1;12080;12100;1
S20254;248;2;12100;12105;1
S20254;248;3;12105;12110;1
S20254;248;4;12110;12115;1
S20254;248;5;12115;12120;1
S20254;248;33;12120;12155;1
S20254;248;33;13610;13620;0
S20254;248;5;13620;13625;0
S20254;248;4;13625;13630;0
S20254;248;3;13630;13635;0
S20254;248;2;13635;13640;0
S20254;248;1;13640;13660;0
S20254;249;0;12200;12200;1
S20254;249;1;18795;18815;1
S20254;249;2;18815;18820;1
S20254;249;3;18820;18825;1
S20254;249;4;18825;18830;1
S20254;249;5;18830;18835;1
S20254;249;6;18835;18840;1
S20254;249;7;18840;18845;1
S20254;249;8;18845;18850;1
S20254;249;9;18850;18855;1
S20254;249;10;18855;18860;1
S20254;249;11;18860;18865;1
S20254;249;12;18865;18870;1
S20254;249;13;18870;18875;1
S20254;249;14;18875;18880;1
S20254;249;15;18880;18885;1
S20254;249;16;18885;18900;1
S20254;249;75;18900;18915;1
S20254;249;75;22840;22880;0
S20254;249;16;22880;22895;0
S20254;249;15;22895;22900;0
S20254;249;14;22900;22905;0
S20254;249;13;22905;22910;0
S20254;249;12;22910;22915;0
S20254;249;11;22915;22920;0
S20254;249;10;22920;22925;0
S20254;249;9;22925;22930;0
S20254;249;8;22930;22935;0
S20254;249;7;22935;22940;0
S20254;249;6;22940;22945;0
S20254;249;5;22945;22950;0
S20254;249;4;22950;22955;0
S20254;249;3;22955;22960;0
S20254;249;2;22960;22965;0
S20254;249;1;22965;22985;0
S20254;250;0;12360;12360;1
S20254;250;1;12435;12455;1
S20254;250;2;12455;12460;1
S20254;250;3;12460;12465;1
S20254;250;4;12465;12470;1
S20254;250;5;12470;12475;1
S20254;250;34;12475;12490;1
S20254;250;34;15710;15740;0
S20254;250;5;15740;15745;0
S20254;250;4;15745;15750;0
S20254;250;3;15750;15755;0
S20254;250;2;15755;15760;0
S20254;250;1;15760;15780;0
S20254;251;0;12370;12370;1
S20254;251;1;12370;12390;1
S20254;251;2;12390;12395;1
S20254;251;3;12395;12400;1
S20254;251;4;12400;12405;1
S20254;251;5;12405;12410;1
S20254;251;6;12410;12415;1
S20254;251;7;12415;12420;1
S20254;251;8;12420;12425;1
S20254;251;9;12425;12430;1
S20254;251;10;12430;12435;1
S20254;251;11;12435;12440;1
S20254;251;61;12440;12475;1
S20254;251;61;13785;13795;0
S20254;251;11;13795;13800;0
S20254;251;10;13800;13805;0
S20254;251;9;13805;13810;0
S20254;251;8;13810;13815;0
S20254;251;7;13815;13820;0
S20254;251;6;13820;13825;0
S20254;251;5;13825;13830;0
S20254;251;4;13830;13835;0
S20254;251;3;13835;13840;0
S20254;251;2;13840;13845;0
S20254;251;1;13845;13865;0
S20254;252;0;12420;12420;1
S20254;252;1;12420;12440;1
S20254;252;2;12440;12445;1
S20254;252;3;12445;12450;1
S20254;252;4;12450;12455;1
S20254;252;5;12455;12460;1
S20254;252;6;12460;12465;1
S20254;252;43;12465;12500;1
S20254;252;43;13345;13355;0
S20254;252;6;13355;13360;0
S20254;252;5;13360;13365;0
S20254;252;4;13365;13370;0
S20254;252;3;13370;13375;0
S20254;252;2;13375;13380;0
S20254;252;1;13380;13400;0
S20254;253;0;12500;12500;1
S20254;253;1;12775;12795;1
S20254;253;2;12795;12800;1
S20254;253;3;12800;12805;1
S20254;253;4;12805;12810;1
S20254;253;5;12810;12815;1
S20254;253;6;12815;12820;1
S20254;253;7;12820;12825;1
S20254;253;8;12825;12830;1
S20254;253;9;12830;12835;1
S20254;253;10;12835;12840;1
S20254;253;11;12840;12845;1
S20254;253;12;12845;12850;1
S20254;253;66;12850;12865;1
S20254;253;66;14860;14890;0
S20254;253;12;14890;14895;0
S20254;253;11;14895;14900;0
S20254;253;10;14900;14905;0
S20254;253;9;14905;14910;0
S20254;253;8;14910;14915;0
S20254;253;7;14915;14920;0
S20254;253;6;14920;14925;0
S20254;253;5;14925;14930;0
S20254;253;4;14930;14935;0
S20254;253;3;14935;14940;0
S20254;253;2;14940;14945;0
S20254;253;1;14945;14965;0
S20254;254;0;12570;12570;1
S20254;254;1;13405;13425;1
S20254;254;2;13425;13430;1
S20254;254;3;13430;13435;1
S20254;254;4;13435;13440;1
S20254;254;5;13440;13445;1
S20254;254;6;13445;13450;1
S20254;254;43;13450;13485;1
S20254;254;43;14320;14330;0
S20254;254;6;14330;14335;0
S20254;254;5;14335;14340;0
S20254;254;4;14340;14345;0
S20254;254;3;14345;14350;0
S20254;254;2;14350;14355;0
S20254;254;1;14355;14375;0
S20254;255;0;12600;12600;1
S20254;255;1;60990;61010;1
S20254;255;2;61010;61015;1
S20254;255;3;61015;61020;1
S20254;255;4;61020;61025;1
S20254;255;5;61025;61030;1
S20254;255;6;61030;61035;1
S20254;255;40;61035;61070;1
S20254;255;40;63555;63565;0
S20254;255;6;63565;63570;0
S20254;255;5;63570;63575;0
S20254;255;4;63575;63580;0
S20254;255;3;63580;63585;0
S20254;255;2;63585;63590;0
S20254;255;1;63590;63610;0
S20254;256;0;12610;12610;1
S20254;256;1;44615;44635;1
S20254;256;2;44635;44640;1
S20254;256;3;44640;44645;1
S20254;256;4;44645;44650;1
S20254;256;5;44650;44655;1
S20254;256;6;44655;44660;1
S20254;256;7;44660;44665;1
S20254;256;8;44665;44670;1
S20254;256;9;44670;44675;1
S20254;256;10;44675;44680;1
S20254;256;11;44680;44685;1
S20254;256;12;44685;44690;1
S20254;256;13;44690;44695;1
S20254;256;14;44695;44700;1
S20254;256;15;44700;44705;1
S20254;256;16;44705;44720;1
S20254;256;75;44720;44765;1
S20254;256;75;55900;55910;0
S20254;256;16;55910;55925;0
S20254;256;15;55925;55930;0
S20254;256;14;55930;55935;0
S20254;256;13;55935;55940;0
S20254;256;12;55940;55945;0
S20254;256;11;55945;55950;0
S20254;256;10;55950;55955;0
S20254;256;9;55955;55960;0
S20254;256;8;55960;55965;0
S20254;256;7;55965;55970;0
S20254;256;6;55970;55975;0
S20254;256;5;55975;55980;0
S20254;256;4;55980;55985;0
S20254;256;3;55985;55990;0
S20254;256;2;55990;55995;0
S20254;256;1;55995;56015;0
S20254;257;0;12630;12630;1
S20254;257;1;15985;16005;1
S20254;257;2;16005;16010;1
S20254;257;3;16010;16015;1
S20254;257;4;16015;16020;1
S20254;257;5;16020;16025;1
S20254;257;6;16025;16030;1
S20254;257;7;16030;16035;1
S20254;257;8;16035;16040;1
S20254;257;9;16040;16045;1
S20254;257;10;16045;16050;1
S20254;257;11;16050;16055;1
S20254;257;12;16055;16060;1
S20254;257;13;16060;16065;1
S20254;257;70;16065;16100;1
S20254;257;70;18095;18105;0
S20254;257;13;18105;18110;0
S20254;257;12;18110;18115;0
S20254;257;11;18115;18120;0
S20254;257;10;18120;18125;0
S20254;257;9;18125;18130;0
S20254;257;8;18130;18135;0
S20254;257;7;18135;18140;0
S20254;257;6;18140;18145;0
S20254;257;5;18145;18150;0
S20254;257;4;18150;18155;0
S20254;257;3;18155;18160;0
S20254;257;2;18160;18165;0
S20254;257;1;18165;18185;0
S20254;258;0;13070;13070;1
S20254;258;1;20480;20500;1
S20254;258;2;20500;20505;1
S20254;258;3;20505;20510;1
S20254;258;4;20510;20515;1
S20254;258;5;20515;20520;1
S20254;258;6;20520;20525;1
S20254;258;7;20525;20530;1
S20254;258;8;20530;20535;1
S20254;258;9;20535;20540;1
S20254;258;10;20540;20545;1
S20254;258;11;20545;20550;1
S20254;258;12;20550;20555;1
S20254;258;66;20555;20570;1
S20254;258;66;23180;23210;0
S20254;258;12;23210;23215;0
S20254;258;11;23215;23220;0
S20254;258;10;23220;23225;0
S20254;258;9;23225;23230;0
S20254;258;8;23230;23235;0
S20254;258;7;23235;23240;0
S20254;258;6;23240;23245;0
S20254;258;5;23245;23250;0
S20254;258;4;23250;23255;0
S20254;258;3;23255;23260;0
S20254;258;2;23260;23265;0
S20254;258;1;23265;23285;0
S20254;259;0;13105;13105;1
S20254;259;1;13120;13140;1
S20254;259;2;13140;13145;1
S20254;259;3;13145;13150;1
S20254;259;4;13150;13155;1
S20254;259;5;13155;13160;1
S20254;259;6;13160;13165;1
S20254;259;7;13165;13170;1
S20254;259;45;13170;13205;1
S20254;259;45;15120;15130;0
S20254;259;7;15130;15135;0
S20254;259;6;15135;15140;0
S20254;259;5;15140;15145;0
S20254;259;4;15145;15150;0
S20254;259;3;15150;15155;0
S20254;259;2;15155;15160;0
S20254;259;1;15160;15180;0
S20254;260;0;13260;13260;1
S20254;260;1;13260;13280;1
S20254;260;2;13280;13285;1
S20254;260;3;13285;13290;1
S20254;260;4;13290;13295;1
S20254;260;5;13295;13300;1
S20254;260;6;13300;13305;1
S20254;260;38;13305;13340;1
S20254;260;38;14095;14105;0
S20254;260;6;14105;14110;0
S20254;260;5;14110;14115;0
S20254;260;4;14115;14120;0
S20254;260;3;14120;14125;0
S20254;260;2;14125;14130;0
S20254;260;1;14130;14150;0
S20254;261;0;13350;13350;1
S20254;261;1;13420;13440;1
S20254;261;2;13440;13445;1
S20254;261;3;13445;13450;1
S20254;261;4;13450;13455;1
S20254;261;5;13455;13460;1
S20254;261;31;13460;13495;1
S20254;261;31;14180;14210;0
S20254;261;5;14210;14215;0
S20254;261;4;14215;14220;0
S20254;261;3;14220;14225;0
S20254;261;2;14225;14230;0
S20254;261;1;14230;14250;0
S20254;262;0;13580;13580;1
S20254;262;1;14800;14820;1
S20254;262;2;14820;14825;1
S20254;262;3;14825;14830;1
S20254;262;4;14830;14835;1
S20254;262;5;14835;14840;1
S20254;262;6;14840;14845;1
S20254;262;7;14845;14850;1
S20254;262;8;14850;14855;1
S20254;262;9;14855;14860;1
S20254;262;10;14860;14865;1
S20254;262;52;14865;14880;1
S20254;262;52;15700;15730;0
S20254;262;10;15730;15735;0
S20254;262;9;15735;15740;0
S20254;262;8;15740;15745;0
S20254;262;7;15745;15750;0
S20254;262;6;15750;15755;0
S20254;262;5;15755;15760;0
S20254;262;4;15760;15765;0
S20254;262;3;15765;15770;0
S20254;262;2;15770;15775;0
S20254;262;1;15775;15795;0
S20254;263;0;13670;13670;1
S20254;263;1;16355;16375;1
S20254;263;2;16375;16380;1
S20254;263;3;16380;16385;1
S20254;263;4;16385;16390;1
S20254;263;5;16390;16395;1
S20254;263;33;16395;16430;1
S20254;263;33;17715;17725;0
S20254;263;5;17725;17730;0
S20254;263;4;17730;17735;0
S20254;263;3;17735;17740;0
S20254;263;2;17740;17745;0
S20254;263;1;17745;17765;0
S20254;264;0;13680;13680;1
S20254;264;1;14595;14615;1
S20254;264;2;14615;14620;1
S20254;264;3;14620;14625;1
S20254;264;4;14625;14630;1
S20254;264;5;14630;14635;1
S20254;264;35;14635;14650;1
S20254;264;35;16060;16090;0
S20254;264;5;16090;16095;0
S20254;264;4;16095;16100;0
S20254;264;3;16100;16105;0
S20254;264;2;16105;16110;0
S20254;264;1;16110;16130;0
S20254;265;0;13890;13890;1
S20254;265;1;13980;14000;1
S20254;265;2;14000;14005;1
S20254;265;3;14005;14010;1
S20254;265;4;14010;14015;1
S20254;265;5;14015;14020;1
S20254;265;33;14020;14035;1
S20254;265;33;16425;16455;0
S20254;265;5;16455;16460;0
S20254;265;4;16460;16465;0
S20254;265;3;16465;16470;0
S20254;265;2;16470;16475;0
S20254;265;1;16475;16495;0
S20254;266;0;13890;13890;1
S20254;266;1;28810;28830;1
S20254;266;2;28830;28835;1
S20254;266;3;28835;28840;1
S20254;266;4;28840;28845;1
S20254;266;5;28845;28850;1
S20254;266;6;28850;28855;1
S20254;266;7;28855;28860;1
S20254;266;8;28860;28865;1
S20254;266;9;28865;28870;1
S20254;266;10;28870;28875;1
S20254;266;11;28875;28880;1
S20254;266;12;28880;28885;1
S20254;266;13;28885;28890;1
S20254;266;70;28890;28925;1
S20254;266;70;31075;31085;0
S20254;266;13;31085;31090;0
S20254;266;12;31090;31095;0
S20254;266;11;31095;31100;0
S20254;266;10;31100;31105;0
S20254;266;9;31105;31110;0
S20254;266;8;31110;31115;0
S20254;266;7;31115;31120;0
S20254;266;6;31120;31125;0
S20254;266;5;31125;31130;0
S20254;266;4;31130;31135;0
S20254;266;3;31135;31140;0
S20254;266;2;31140;31145;0
S20254;266;1;31145;31165;0
S20254;267;0;13900;13900;1
S20254;267;1;48960;48980;1
S20254;267;2;48980;48985;1
S20254;267;3;48985;48990;1
S20254;267;4;48990;48995;1
S20254;267;25;48995;49010;1
S20254;267;25;54555;54585;0
S20254;267;4;54585;54590;0
S20254;267;3;54590;54595;0
S20254;267;2;54595;54600;0
S20254;267;1;54600;54620;0
S20254;268;0;13930;13930;1
S20254;268;1;14000;14020;1
S20254;268;2;14020;14025;1
S20254;268;3;14025;14030;1
S20254;268;4;14030;14035;1
S20254;268;5;14035;14040;1
S20254;268;6;14040;14045;1
S20254;268;7;14045;14050;1
S20254;268;8;14050;14055;1
S20254;268;9;14055;14060;1
S20254;268;10;14060;14065;1
S20254;268;11;14065;14070;1
S20254;268;12;14070;14075;1
S20254;268;13;14075;14080;1
S20254;268;68;14080;14095;1
S20254;268;68;16635;16665;0
S20254;268;13;16665;16670;0
S20254;268;12;16670;16675;0
S20254;268;11;16675;16680;0
S20254;268;10;16680;16685;0
S20254;268;9;16685;16690;0
S20254;268;8;16690;16695;0
S20254;268;7;16695;16700;0
S20254;268;6;16700;16705;0
S20254;268;5;16705;16710;0
S20254;268;4;16710;16715;0
S20254;268;3;16715;16720;0
S20254;268;2;16720;16725;0
S20254;268;1;16725;16745;0
S20254;269;0;13930;13930;1
S20254;269;1;13965;13985;1
S20254;269;2;13985;13990;1
S20254;269;3;13990;13995;1
S20254;269;4;13995;14000;1
S20254;269;5;14000;14005;1
S20254;269;6;14005;14010;1
S20254;269;7;14010;14015;1
S20254;269;8;14015;14020;1
S20254;269;9;14020;14025;1
S20254;269;10;14025;14030;1
S20254;269;11;14030;14035;1
S20254;269;61;14035;14050;1
S20254;269;61;18690;18720;0
S20254;269;11;18720;18725;0
S20254;269;10;18725;18730;0
S20254;269;9;18730;18735;0
S20254;269;8;18735;18740;0
S20254;269;7;18740;18745;0
S20254;269;6;18745;18750;0
S20254;269;5;18750;18755;0
S20254;269;4;18755;18760;0
S20254;269;3;18760;18765;0
S20254;269;2;18765;18770;0
S20254;269;1;18770;18790;0
S20254;270;0;14150;14150;1
S20254;270;1;56205;56225;1
S20254;270;2;56225;56230;1
S20254;270;3;56230;56235;1
S20254;270;4;56235;56240;1
S20254;270;5;56240;56245;1
S20254;270;6;56245;56250;1
S20254;270;7;56250;56255;1
S20254;270;8;56255;56260;1
S20254;270;9;56260;56265;1
S20254;270;10;56265;56270;1
S20254;270;11;56270;56275;1
S20254;270;12;56275;56280;1
S20254;270;13;56280;56285;1
S20254;270;14;56285;56290;1
S20254;270;15;56290;56295;1
S20254;270;16;56295;56310;1
S20254;270;72;56310;56325;1
S20254;270;72;64190;64230;0
S20254;270;16;64230;64245;0
S20254;270;15;64245;64250;0
S20254;270;14;64250;64255;0
S20254;270;13;64255;64260;0
S20254;270;12;64260;64265;0
S20254;270;11;64265;64270;0
S20254;270;10;64270;64275;0
S20254;270;9;64275;64280;0
S20254;270;8;64280;64285;0
S20254;270;7;64285;64290;0
S20254;270;6;64290;64295;0
S20254;270;5;64295;64300;0
S20254;270;4;64300;64305;0
S20254;270;3;64305;64310;0
S20254;270;2;64310;64315;0
S20254;270;1;64315;64335;0
S20254;271;0;14230;14230;1
S20254;271;1;14255;14275;1
S20254;271;83;14275;14310;1
S20254;271;83;15465;15475;0
S20254;271;1;15475;15495;0
S20254;272;0;14310;14310;1
S20254;272;1;25960;25980;1
S20254;272;2;25980;25985;1
S20254;272;3;25985;25990;1
S20254;272;4;25990;25995;1
S20254;272;5;25995;26000;1
S20254;272;6;26000;26005;1
S20254;272;7;26005;26010;1
S20254;272;8;26010;26015;1
S20254;272;9;26015;26020;1
S20254;272;10;26020;26025;1
S20254;272;11;26025;26030;1
S20254;272;12;26030;26035;1
S20254;272;13;26035;26040;1
S20254;272;14;26040;26045;1
S20254;272;15;26045;26050;1
S20254;272;16;26050;26065;1
S20254;272;75;26065;26080;1
S20254;272;75;27550;27590;0
S20254;272;16;27590;27605;0
S20254;272;15;27605;27610;0
S20254;272;14;27610;27615;0
S20254;272;13;27615;27620;0
S20254;272;12;27620;27625;0
S20254;272;11;27625;27630;0
S20254;272;10;27630;27635;0
S20254;272;9;27635;27640;0
S20254;272;8;27640;27645;0
S20254;272;7;27645;27650;0
S20254;272;6;27650;27655;0
S20254;272;5;27655;27660;0
S20254;272;4;27660;27665;0
S20254;272;3;27665;27670;0
S20254;272;2;27670;27675;0
S20254;272;1;27675;27695;0
S20254;273;0;14580;14580;1
S20254;273;1;14580;14600;1
S20254;273;2;14600;14605;1
S20254;273;3;14605;14610;1
S20254;273;4;14610;14615;1
S20254;273;5;14615;14620;1
S20254;273;6;14620;14625;1
S20254;273;7;14625;14630;1
S20254;273;8;14630;14635;1
S20254;273;9;14635;14640;1
S20254;273;10;14640;14645;1
S20254;273;11;14645;14650;1
S20254;273;12;14650;14655;1
S20254;273;65;14655;14670;1
S20254;273;65;17395;17425;0
S20254;273;12;17425;17430;0
S20254;273;11;17430;17435;0
S20254;273;10;17435;17440;0
S20254;273;9;17440;17445;0
S20254;273;8;17445;17450;0
S20254;273;7;17450;17455;0
S20254;273;6;17455;17460;0
S20254;273;5;17460;17465;0
S20254;273;4;17465;17470;0
S20254;273;3;17470;17475;0
S20254;273;2;17475;17480;0
S20254;273;1;17480;17500;0
S20254;274;0;14685;14685;1
S20254;274;1;14705;14725;1
S20254;274;2;14725;14730;1
S20254;274;3;14730;14735;1
S20254;274;4;14735;14740;1
S20254;274;5;14740;14745;1
S20254;274;6;14745;14750;1
S20254;274;41;14750;14765;1
S20254;274;41;17405;17435;0
S20254;274;6;17435;17440;0
S20254;274;5;17440;17445;0
S20254;274;4;17445;17450;0
S20254;274;3;17450;17455;0
S20254;274;2;17455;17460;0
S20254;274;1;17460;17480;0
S20254;275;0;14760;14760;1
S20254;275;1;14760;14780;1
S20254;275;2;14780;14785;1
S20254;275;3;14785;14790;1
S20254;275;4;14790;14795;1
S20254;275;5;14795;14800;1
S20254;275;6;14800;14805;1
S20254;275;7;14805;14810;1
S20254;275;8;14810;14815;1
S20254;275;9;14815;14820;1
S20254;275;10;14820;14825;1
S20254;275;11;14825;14830;1
S20254;275;55;14830;14865;1
S20254;275;55;20230;20240;0
S20254;275;11;20240;20245;0
S20254;275;10;20245;20250;0
S20254;275;9;20250;20255;0
S20254;275;8;20255;20260;0
S20254;275;7;20260;20265;0
S20254;275;6;20265;20270;0
S20254;275;5;20270;20275;0
S20254;275;4;20275;20280;0
S20254;275;3;20280;20285;0
S20254;275;2;20285;20290;0
S20254;275;1;20290;20310;0
S20254;276;0;14775;14775;1
S20254;276;1;17315;17335;1
S20254;276;2;17335;17340;1
S20254;276;3;17340;17345;1
S20254;276;4;17345;17350;1
S20254;276;5;17350;17355;1
S20254;276;6;17355;17360;1
S20254;276;7;17360;17365;1
S20254;276;8;17365;17370;1
S20254;276;9;17370;17375;1
S20254;276;10;17375;17380;1
S20254;276;11;17380;17385;1
S20254;276;12;17385;17390;1
S20254;276;65;17390;17405;1
S20254;276;65;18540;18570;0
S20254;276;12;18570;18575;0
S20254;276;11;18575;18580;0
S20254;276;10;18580;18585;0
S20254;276;9;18585;18590;0
S20254;276;8;18590;18595;0
S20254;276;7;18595;18600;0
S20254;276;6;18600;18605;0
S20254;276;5;18605;18610;0
S20254;276;4;18610;18615;0
S20254;276;3;18615;18620;0
S20254;276;2;18620;18625;0
S20254;276;1;18625;18645;0
S20254;277;0;14820;14820;1
S20254;277;1;30255;30275;1
S20254;277;2;30275;30280;1
S20254;277;3;30280;30285;1
S20254;277;4;30285;30290;1
S20254;277;5;30290;30295;1
S20254;277;6;30295;30300;1
S20254;277;40;30300;30335;1
S20254;277;40;35535;35545;0
S20254;277;6;35545;35550;0
S20254;277;5;35550;35555;0
S20254;277;4;35555;35560;0
S20254;277;3;35560;35565;0
S20254;277;2;35565;35570;0
S20254;277;1;35570;35590;0
S20254;278;0;14835;14835;1
S20254;278;1;15385;15405;1
S20254;278;2;15405;15410;1
S20254;278;3;15410;15415;1
S20254;278;4;15415;15420;1
S20254;278;5;15420;15425;1
S20254;278;6;15425;15430;1
S20254;278;7;15430;15435;1
S20254;278;8;15435;15440;1
S20254;278;9;15440;15445;1
S20254;278;10;15445;15450;1
S20254;278;53;15450;15465;1
S20254;278;53;16530;16560;0
S20254;278;10;16560;16565;0
S20254;278;9;16565;16570;0
S20254;278;8;16570;16575;0
S20254;278;7;16575;16580;0
S20254;278;6;16580;16585;0
S20254;278;5;16585;16590;0
S20254;278;4;16590;16595;0
S20254;278;3;16595;16600;0
S20254;278;2;16600;16605;0
S20254;278;1;16605;16625;0
S20254;279;0;14840;14840;1
S20254;279;1;37440;37460;1
S20254;279;2;37460;37465;1
S20254;279;3;37465;37470;1
S20254;279;4;37470;37475;1
S20254;279;5;37475;37480;1
S20254;279;6;37480;37485;1
S20254;279;7;37485;37490;1
S20254;279;8;37490;37495;1
S20254;279;9;37495;37500;1
S20254;279;10;37500;37505;1
S20254;279;11;37505;37510;1
S20254;279;12;37510;37515;1
S20254;279;13;37515;37520;1
S20254;279;14;37520;37525;1
S20254;279;15;37525;37530;1
S20254;279;16;37530;37545;1
S20254;279;74;37545;37590;1
S20254;279;74;39510;39520;0
S20254;279;16;39520;39535;0
S20254;279;15;39535;39540;0
S20254;279;14;39540;39545;0
S20254;279;13;39545;39550;0
S20254;279;12;39550;39555;0
S20254;279;11;39555;39560;0
S20254;279;10;39560;39565;0
S20254;279;9;39565;39570;0
S20254;279;8;39570;39575;0
S20254;279;7;39575;39580;0
S20254;279;6;39580;39585;0
S20254;279;5;39585;39590;0
S20254;279;4;39590;39595;0
S20254;279;3;39595;39600;0
S20254;279;2;39600;39605;0
S20254;279;1;39605;39625;0
S20254;280;0;14880;14880;1
S20254;280;1;16020;16040;1
S20254;280;2;16040;16045;1
S20254;280;3;16045;16050;1
S20254;280;4;16050;16055;1
S20254;280;5;16055;16060;1
S20254;280;35;16060;16075;1
S20254;280;35;17395;17425;0
S20254;280;5;17425;17430;0
S20254;280;4;17430;17435;0
S20254;280;3;17435;17440;0
S20254;280;2;17440;17445;0
S20254;280;1;17445;17465;0
S20254;281;0;14925;14925;1
S20254;281;1;15855;15875;1
S20254;281;2;15875;15880;1
S20254;281;3;15880;15885;1
S20254;281;4;15885;15890;1
S20254;281;5;15890;15895;1
S20254;281;6;15895;15900;1
S20254;281;7;15900;15905;1
S20254;281;8;15905;15910;1
S20254;281;9;15910;15915;1
S20254;281;10;15915;15920;1
S20254;281;11;15920;15925;1
S20254;281;12;15925;15930;1
S20254;281;64;15930;15965;1
S20254;281;64;17430;17440;0
S20254;281;12;17440;17445;0
S20254;281;11;17445;17450;0
S20254;281;10;17450;17455;0
S20254;281;9;17455;17460;0
S20254;281;8;17460;17465;0
S20254;281;7;17465;17470;0
S20254;281;6;17470;17475;0
S20254;281;5;17475;17480;0
S20254;281;4;17480;17485;0
S20254;281;3;17485;17490;0
S20254;281;2;17490;17495;0
S20254;281;1;17495;17515;0
S20254;282;0;15240;15240;1
S20254;282;1;23065;23085;1
S20254;282;2;23085;23090;1
S20254;282;3;23090;23095;1
S20254;282;4;23095;23100;1
S20254;282;5;23100;23105;1
S20254;282;6;23105;23110;1
S20254;282;7;23110;23115;1
S20254;282;8;23115;23120;1
S20254;282;9;23120;23125;1
S20254;282;10;23125;23130;1
S20254;282;11;23130;23135;1
S20254;282;12;23135;23140;1
S20254;282;65;23140;23175;1
S20254;282;65;25780;25790;0
S20254;282;12;25790;25795;0
S20254;282;11;25795;25800;0
S20254;282;10;25800;25805;0
S20254;282;9;25805;25810;0
S20254;282;8;25810;25815;0
S20254;282;7;25815;25820;0
S20254;282;6;25820;25825;0
S20254;282;5;25825;25830;0
S20254;282;4;25830;25835;0
S20254;282;3;25835;25840;0
S20254;282;2;25840;25845;0
S20254;282;1;25845;25865;0
S20254;283;0;15450;15450;1
S20254;283;1;15660;15680;1
S20254;283;2;15680;15685;1
S20254;283;3;15685;15690;1
S20254;283;4;15690;15695;1
S20254;283;5;15695;15700;1
S20254;283;34;15700;15715;1
S20254;283;34;16990;17020;0
S20254;283;5;17020;17025;0
S20254;283;4;17025;17030;0
S20254;283;3;17030;17035;0
S20254;283;2;17035;17040;0
S20254;283;1;17040;17060;0
S20254;284;0;15540;15540;1
S20254;284;1;15575;15595;1
S20254;284;2;15595;15600;1
S20254;284;3;15600;15605;1
S20254;284;4;15605;15610;1
S20254;284;5;15610;15615;1
S20254;284;6;15615;15620;1
S20254;284;7;15620;15625;1
S20254;284;8;15625;15630;1
S20254;284;9;15630;15635;1
S20254;284;10;15635;15640;1
S20254;284;11;15640;15645;1
S20254;284;60;15645;15680;1
S20254;284;60;19575;19585;0
S20254;284;11;19585;19590;0
S20254;284;10;19590;19595;0
S20254;284;9;19595;19600;0
S20254;284;8;19600;19605;0
S20254;284;7;19605;19610;0
S20254;284;6;19610;19615;0
S20254;284;5;19615;19620;0
S20254;284;4;19620;19625;0
S20254;284;3;19625;19630;0
S20254;284;2;19630;19635;0
S20254;284;1;19635;19655;0
S20254;285;0;15630;15630;1
S20254;285;1;15630;15650;1
S20254;285;2;15650;15655;1
S20254;285;3;15655;15660;1
S20254;285;4;15660;15665;1
S20254;285;5;15665;15670;1
S20254;285;36;15670;15685;1
S20254;285;36;16120;16150;0
S20254;285;5;16150;16155;0
S20254;285;4;16155;16160;0
S20254;285;3;16160;16165;0
S20254;285;2;16165;16170;0
S20254;285;1;16170;16190;0
S20254;286;0;15635;15635;1
S20254;286;1;17295;17315;1
S20254;286;2;17315;17320;1
S20254;286;3;17320;17325;1
S20254;286;4;17325;17330;1
S20254;286;5;17330;17335;1
S20254;286;34;17335;17350;1
S20254;286;34;18845;18875;0
S20254;286;5;18875;18880;0
S20254;286;4;18880;18885;0
S20254;286;3;18885;18890;0
S20254;286;2;18890;18895;0
S20254;286;1;18895;18915;0
S20254;287;0;15650;15650;1
S20254;287;1;34560;34580;1
S20254;287;2;34580;34585;1
S20254;287;3;34585;34590;1
S20254;287;4;34590;34595;1
S20254;287;5;34595;34600;1
S20254;287;6;34600;34605;1
S20254;287;7;34605;34610;1
S20254;287;8;34610;34615;1
S20254;287;9;34615;34620;1
S20254;287;10;34620;34625;1
S20254;287;11;34625;34630;1
S20254;287;12;34630;34635;1
S20254;287;13;34635;34640;1
S20254;287;14;34640;34645;1
S20254;287;15;34645;34650;1
S20254;287;16;34650;34665;1
S20254;287;75;34665;34680;1
S20254;287;75;40445;40485;0
S20254;287;16;40485;40500;0
S20254;287;15;40500;40505;0
S20254;287;14;40505;40510;0
S20254;287;13;40510;40515;0
S20254;287;12;40515;40520;0
S20254;287;11;40520;40525;0
S20254;287;10;40525;40530;0
S20254;287;9;40530;40535;0
S20254;287;8;40535;40540;0
S20254;287;7;40540;40545;0
S20254;287;6;40545;40550;0
S20254;287;5;40550;40555;0
S20254;287;4;40555;40560;0
S20254;287;3;40560;40565;0
S20254;287;2;40565;40570;0
S20254;287;1;40570;40590;0
S20254;288;0;15755;15755;1
S20254;288;1;15870;15890;1
S20254;288;2;15890;15895;1
S20254;288;3;15895;15900;1
S20254;288;4;15900;15905;1
S20254;288;5;15905;15910;1
S20254;288;6;15910;15915;1
S20254;288;7;15915;15920;1
S20254;288;8;15920;15925;1
S20254;288;9;15925;15930;1
S20254;288;10;15930;15935;1
S20254;288;11;15935;15940;1
S20254;288;57;15940;15955;1
S20254;288;57;20300;20330;0
S20254;288;11;20330;20335;0
S20254;288;10;20335;20340;0
S20254;288;9;20340;20345;0
S20254;288;8;20345;20350;0
S20254;288;7;20350;20355;0
S20254;288;6;20355;20360;0
S20254;288;5;20360;20365;0
S20254;288;4;20365;20370;0
S20254;288;3;20370;20375;0
S20254;288;2;20375;20380;0
S20254;288;1;20380;20400;0
S20254;289;0;15960;15960;1
S20254;289;1;16000;16020;1
S20254;289;2;16020;16025;1
S20254;289;3;16025;16030;1
S20254;289;4;16030;16035;1
S20254;289;5;16035;16040;1
S20254;289;6;16040;16045;1
S20254;289;7;16045;16050;1
S20254;289;8;16050;16055;1
S20254;289;9;16055;16060;1
S20254;289;10;16060;16065;1
S20254;289;11;16065;16070;1
S20254;289;12;16070;16075;1
S20254;289;66;16075;16110;1
S20254;289;66;18575;18585;0
S20254;289;12;18585;18590;0
S20254;289;11;18590;18595;0
S20254;289;10;18595;18600;0
S20254;289;9;18600;18605;0
S20254;289;8;18605;18610;0
S20254;289;7;18610;18615;0
S20254;289;6;18615;18620;0
S20254;289;5;18620;18625;0
S20254;289;4;18625;18630;0
S20254;289;3;18630;18635;0
S20254;289;2;18635;18640;0
S20254;289;1;18640;18660;0
S20254;290;0;16020;16020;1
S20254;290;1;16035;16055;1
S20254;290;2;16055;16060;1
S20254;290;3;16060;16065;1
S20254;290;21;16065;16080;1
S20254;290;21;17900;17930;0
S20254;290;3;17930;17935;0
S20254;290;2;17935;17940;0
S20254;290;1;17940;17960;0
S20254;291;0;16140;16140;1
S20254;291;1;16290;16310;1
S20254;291;2;16310;16315;1
S20254;291;3;16315;16320;1
S20254;291;4;16320;16325;1
S20254;291;5;16325;16330;1
S20254;291;6;16330;16335;1
S20254;291;7;16335;16340;1
S20254;291;8;16340;16345;1
S20254;291;9;16345;16350;1
S20254;291;10;16350;16355;1
S20254;291;11;16355;16360;1
S20254;291;56;16360;16375;1
S20254;291;56;23600;23630;0
S20254;291;11;23630;23635;0
S20254;291;10;23635;23640;0
S20254;291;9;23640;23645;0
S20254;291;8;23645;23650;0
S20254;291;7;23650;23655;0
S20254;291;6;23655;23660;0
S20254;291;5;23660;23665;0
S20254;291;4;23665;23670;0
S20254;291;3;23670;23675;0
S20254;291;2;23675;23680;0
S20254;291;1;23680;23700;0
S20254;292;0;16170;16170;1
S20254;292;1;16195;16215;1
S20254;292;2;16215;16220;1
S20254;292;3;16220;16225;1
S20254;292;4;16225;16230;1
S20254;292;5;16230;16235;1
S20254;292;6;16235;16240;1
S20254;292;38;16240;16275;1
S20254;292;38;17020;17030;0
S20254;292;6;17030;17035;0
S20254;292;5;17035;17040;0
S20254;292;4;17040;17045;0
S20254;292;3;17045;17050;0
S20254;292;2;17050;17055;0
S20254;292;1;17055;17075;0
S20254;293;0;16230;16230;1
S20254;293;1;16235;16255;1
S20254;293;2;16255;16260;1
S20254;293;3;16260;16265;1
S20254;293;4;16265;16270;1
S20254;293;5;16270;16275;1
S20254;293;6;16275;16280;1
S20254;293;39;16280;16315;1
S20254;293;39;17050;17060;0
S20254;293;6;17060;17065;0
S20254;293;5;17065;17070;0
S20254;293;4;17070;17075;0
S20254;293;3;17075;17080;0
S20254;293;2;17080;17085;0
S20254;293;1;17085;17105;0
S20254;294;0;16230;16230;1
S20254;294;1;23035;23055;1
S20254;294;2;23055;23060;1
S20254;294;3;23060;23065;1
S20254;294;4;23065;23070;1
S20254;294;5;23070;23075;1
S20254;294;6;23075;23080;1
S20254;294;7;23080;23085;1
S20254;294;8;23085;23090;1
S20254;294;9;23090;23095;1
S20254;294;10;23095;23100;1
S20254;294;11;23100;23105;1
S20254;294;61;23105;23120;1
S20254;294;61;27180;27210;0
S20254;294;11;27210;27215;0
S20254;294;10;27215;27220;0
S20254;294;9;27220;27225;0
S20254;294;8;27225;27230;0
S20254;294;7;27230;27235;0
S20254;294;6;27235;27240;0
S20254;294;5;27240;27245;0
S20254;294;4;27245;27250;0
S20254;294;3;27250;27255;0
S20254;294;2;27255;27260;0
S20254;294;1;27260;27280;0
S20254;295;0;16500;16500;1
S20254;295;1;16515;16535;1
S20254;295;2;16535;16540;1
S20254;295;3;16540;16545;1
S20254;295;4;16545;16550;1
S20254;295;5;16550;16555;1
S20254;295;6;16555;16560;1
S20254;295;7;16560;16565;1
S20254;295;8;16565;16570;1
S20254;295;9;16570;16575;1
S20254;295;10;16575;16580;1
S20254;295;53;16580;16595;1
S20254;295;53;17650;17680;0
S20254;295;10;17680;17685;0
S20254;295;9;17685;17690;0
S20254;295;8;17690;17695;0
S20254;295;7;17695;17700;0
S20254;295;6;17700;17705;0
S20254;295;5;17705;17710;0
S20254;295;4;17710;17715;0
S20254;295;3;17715;17720;0
S20254;295;2;17720;17725;0
S20254;295;1;17725;17745;0
S20254;296;0;16680;16680;1
S20254;296;1;17280;17300;1
S20254;296;2;17300;17305;1
S20254;296;3;17305;17310;1
S20254;296;4;17310;17315;1
S20254;296;5;17315;17320;1
S20254;296;6;17320;17325;1
S20254;296;43;17325;17340;1
S20254;296;43;20290;20320;0
S20254;296;6;20320;20325;0
S20254;296;5;20325;20330;0
S20254;296;4;20330;20335;0
S20254;296;3;20335;20340;0
S20254;296;2;20340;20345;0
S20254;296;1;20345;20365;0
S20254;297;0;16795;16795;1
S20254;297;1;41830;41850;1
S20254;297;2;41850;41855;1
S20254;297;3;41855;41860;1
S20254;297;4;41860;41865;1
S20254;297;5;41865;41870;1
S20254;297;6;41870;41875;1
S20254;297;7;41875;41880;1
S20254;297;8;41880;41885;1
S20254;297;9;41885;41890;1
S20254;297;10;41890;41895;1
S20254;297;11;41895;41900;1
S20254;297;12;41900;41905;1
S20254;297;13;41905;41910;1
S20254;297;14;41910;41915;1
S20254;297;15;41915;41920;1
S20254;297;16;41920;41935;1
S20254;297;72;41935;41950;1
S20254;297;72;50185;50225;0
S20254;297;16;50225;50240;0
S20254;297;15;50240;50245;0
S20254;297;14;50245;50250;0
S20254;297;13;50250;50255;0
S20254;297;12;50255;50260;0
S20254;297;11;50260;50265;0
S20254;297;10;50265;50270;0
S20254;297;9;50270;50275;0
S20254;297;8;50275;50280;0
S20254;297;7;50280;50285;0
S20254;297;6;50285;50290;0
S20254;297;5;50290;50295;0
S20254;297;4;50295;50300;0
S20254;297;3;50300;50305;0
S20254;297;2;50305;50310;0
S20254;297;1;50310;50330;0
S20254;298;0;16830;16830;1
S20254;298;1;18920;18940;1
S20254;298;2;18940;18945;1
S20254;298;3;18945;18950;1
S20254;298;4;18950;18955;1
S20254;298;5;18955;18960;1
S20254;298;6;18960;18965;1
S20254;298;7;18965;18970;1
S20254;298;8;18970;18975;1
S20254;298;9;18975;18980;1
S20254;298;10;18980;18985;1
S20254;298;11;18985;18990;1
S20254;298;12;18990;18995;1
S20254;298;66;18995;19010;1
S20254;298;66;20310;20340;0
S20254;298;12;20340;20345;0
S20254;298;11;20345;20350;0
S20254;298;10;20350;20355;0
S20254;298;9;20355;20360;0
S20254;298;8;20360;20365;0
S20254;298;7;20365;20370;0
S20254;298;6;20370;20375;0
S20254;298;5;20375;20380;0
S20254;298;4;20380;20385;0
S20254;298;3;20385;20390;0
S20254;298;2;20390;20395;0
S20254;298;1;20395;20415;0
S20254;299;0;16920;16920;1
S20254;299;1;47550;47570;1
S20254;299;2;47570;47575;1
S20254;299;3;47575;47580;1
S20254;299;4;47580;47585;1
S20254;299;5;47585;47590;1
S20254;299;6;47590;47595;1
S20254;299;7;47595;47600;1
S20254;299;8;47600;47605;1
S20254;299;47;47605;47640;1
S20254;299;47;51940;51950;0
S20254;299;8;51950;51955;0
S20254;299;7;51955;51960;0
S20254;299;6;51960;51965;0
S20254;299;5;51965;51970;0
S20254;299;4;51970;51975;0
S20254;299;3;51975;51980;0
S20254;299;2;51980;51985;0
S20254;299;1;51985;52005;0
S20254;300;0;17100;17100;1
S20254;300;1;17110;17130;1
S20254;300;2;17130;17135;1
S20254;300;3;17135;17140;1
S20254;300;4;17140;17145;1
S20254;300;5;17145;17150;1
S20254;300;6;17150;17155;1
S20254;300;7;17155;17160;1
S20254;300;8;17160;17165;1
S20254;300;9;17165;17170;1
S20254;300;10;17170;17175;1
S20254;300;11;17175;17180;1
S20254;300;62;17180;17215;1
S20254;300;62;20245;20255;0
S20254;300;11;20255;20260;0
S20254;300;10;20260;20265;0
S20254;300;9;20265;20270;0
S20254;300;8;20270;20275;0
S20254;300;7;20275;20280;0
S20254;300;6;20280;20285;0
S20254;300;5;20285;20290;0
S20254;300;4;20290;20295;0
S20254;300;3;20295;20300;0
S20254;300;2;20300;20305;0
S20254;300;1;20305;20325;0
S20254;301;0;17245;17245;1
S20254;301;1;18745;18765;1
S20254;301;2;18765;18770;1
S20254;301;3;18770;18775;1
S20254;301;4;18775;18780;1
S20254;301;5;18780;18785;1
S20254;301;6;18785;18790;1
S20254;301;7;18790;18795;1
S20254;301;8;18795;18800;1
S20254;301;9;18800;18805;1
S20254;301;10;18805;18810;1
S20254;301;11;18810;18815;1
S20254;301;12;18815;18820;1
S20254;301;13;18820;18825;1
S20254;301;70;18825;18860;1
S20254;301;70;19885;19895;0
S20254;301;13;19895;19900;0
S20254;301;12;19900;19905;0
S20254;301;11;19905;19910;0
S20254;301;10;19910;19915;0
S20254;301;9;19915;19920;0
S20254;301;8;19920;19925;0
S20254;301;7;19925;19930;0
S20254;301;6;19930;19935;0
S20254;301;5;19935;19940;0
S20254;301;4;19940;19945;0
S20254;301;3;19945;19950;0
S20254;301;2;19950;19955;0
S20254;301;1;19955;19975;0
S20254;302;0;17585;17585;1
S20254;302;1;20215;20235;1
S20254;302;2;20235;20240;1
S20254;302;3;20240;20245;1
S20254;302;4;20245;20250;1
S20254;302;5;20250;20255;1
S20254;302;6;20255;20260;1
S20254;302;7;20260;20265;1
S20254;302;8;20265;20270;1
S20254;302;9;20270;20275;1
S20254;302;10;20275;20280;1
S20254;302;53;20280;20295;1
S20254;302;53;21675;21705;0
S20254;302;10;21705;21710;0
S20254;302;9;21710;21715;0
S20254;302;8;21715;21720;0
S20254;302;7;21720;21725;0
S20254;302;6;21725;21730;0
S20254;302;5;21730;21735;0
S20254;302;4;21735;21740;0
S20254;302;3;21740;21745;0
S20254;302;2;21745;21750;0
S20254;302;1;21750;21770;0
S20254;303;0;17670;17670;1
S20254;303;1;17805;17825;1
S20254;303;2;17825;17830;1
S20254;303;3;17830;17835;1
S20254;303;4;17835;17840;1
S20254;303;5;17840;17845;1
S20254;303;6;17845;17850;1
S20254;303;37;17850;17885;1
S20254;303;37;21460;21470;0
S20254;303;6;21470;21475;0
S20254;303;5;21475;21480;0
S20254;303;4;21480;21485;0
S20254;303;3;21485;21490;0
S20254;303;2;21490;21495;0
S20254;303;1;21495;21515;0
S20254;304;0;18000;18000;1
S20254;304;1;24480;24500;1
S20254;304;2;24500;24505;1
S20254;304;3;24505;24510;1
S20254;304;4;24510;24515;1
S20254;304;5;24515;24520;1
S20254;304;36;24520;24535;1
S20254;304;36;25120;25150;0
S20254;304;5;25150;25155;0
S20254;304;4;25155;25160;0
S20254;304;3;25160;25165;0
S20254;304;2;25165;25170;0
S20254;304;1;25170;25190;0
S20254;305;0;18000;18000;1
S20254;305;1;18000;18020;1
S20254;305;2;18020;18025;1
S20254;305;3;18025;18030;1
S20254;305;4;18030;18035;1
S20254;305;5;18035;18040;1
S20254;305;30;18040;18055;1
S20254;305;30;26150;26180;0
S20254;305;5;26180;26185;0
S20254;305;4;26185;26190;0
S20254;305;3;26190;26195;0
S20254;305;2;26195;26200;0
S20254;305;1;26200;26220;0
S20254;306;0;18030;18030;1
S20254;306;1;18190;18210;1
S20254;306;2;18210;18215;1
S20254;306;3;18215;18220;1
S20254;306;4;18220;18225;1
S20254;306;5;18225;18230;1
S20254;306;6;18230;18235;1
S20254;306;7;18235;18240;1
S20254;306;8;18240;18245;1
S20254;306;9;18245;18250;1
S20254;306;10;18250;18255;1
S20254;306;11;18255;18260;1
S20254;306;88;18260;18295;1
S20254;306;88;20720;20730;0
S20254;306;11;20730;20735;0
S20254;306;10;20735;20740;0
S20254;306;9;20740;20745;0
S20254;306;8;20745;20750;0
S20254;306;7;20750;20755;0
S20254;306;6;20755;20760;0
S20254;306;5;20760;20765;0
S20254;306;4;20765;20770;0
S20254;306;3;20770;20775;0
S20254;306;2;20775;20780;0
S20254;306;1;20780;20800;0
S20254;307;0;18060;18060;1
S20254;307;1;18065;18085;1
S20254;307;2;18085;18090;1
S20254;307;3;18090;18095;1
S20254;307;4;18095;18100;1
S20254;307;5;18100;18105;1
S20254;307;36;18105;18120;1
S20254;307;36;19455;19485;0
S20254;307;5;19485;19490;0
S20254;307;4;19490;19495;0
S20254;307;3;19495;19500;0
S20254;307;2;19500;19505;0
S20254;307;1;19505;19525;0
S20254;308;0;18080;18080;1
S20254;308;1;18085;18105;1
S20254;308;2;18105;18110;1
S20254;308;3;18110;18115;1
S20254;308;4;18115;18120;1
S20254;308;5;18120;18125;1
S20254;308;6;18125;18130;1
S20254;308;39;18130;18165;1
S20254;308;39;20420;20430;0
S20254;308;6;20430;20435;0
S20254;308;5;20435;20440;0
S20254;308;4;20440;20445;0
S20254;308;3;20445;20450;0
S20254;308;2;20450;20455;0
S20254;308;1;20455;20475;0
S20254;309;0;18315;18315;1
S20254;309;1;18315;18335;1
S20254;309;2;18335;18340;1
S20254;309;3;18340;18345;1
S20254;309;4;18345;18350;1
S20254;309;5;18350;18355;1
S20254;309;31;18355;18390;1
S20254;309;31;21450;21460;0
S20254;309;5;21460;21465;0
S20254;309;4;21465;21470;0
S20254;309;3;21470;21475;0
S20254;309;2;21475;21480;0
S20254;309;1;21480;21500;0
S20254;310;0;18330;18330;1
S20254;310;1;18365;18385;1
S20254;310;2;18385;18390;1
S20254;310;3;18390;18395;1
S20254;310;4;18395;18400;1
S20254;310;5;18400;18405;1
S20254;310;33;18405;18420;1
S20254;310;33;19420;19450;0
S20254;310;5;19450;19455;0
S20254;310;4;19455;19460;0
S20254;310;3;19460;19465;0
S20254;310;2;19465;19470;0
S20254;310;1;19470;19490;0
S20254;311;0;18375;18375;1
S20254;311;1;19350;19370;1
S20254;311;2;19370;19375;1
S20254;311;3;19375;19380;1
S20254;311;4;19380;19385;1
S20254;311;5;19385;19390;1
S20254;311;33;19390;19425;1
S20254;311;33;22060;22070;0
S20254;311;5;22070;22075;0
S20254;311;4;22075;22080;0
S20254;311;3;22080;22085;0
S20254;311;2;22085;22090;0
S20254;311;1;22090;22110;0
S20254;312;0;18420;18420;1
S20254;312;1;18480;18500;1
S20254;312;2;18500;18505;1
S20254;312;3;18505;18510;1
S20254;312;4;18510;18515;1
S20254;312;5;18515;18520;1
S20254;312;6;18520;18525;1
S20254;312;7;18525;18530;1
S20254;312;8;18530;18535;1
S20254;312;9;18535;18540;1
S20254;312;10;18540;18545;1
S20254;312;53;18545;18560;1
S20254;312;53;20290;20320;0
S20254;312;10;20320;20325;0
S20254;312;9;20325;20330;0
S20254;312;8;20330;20335;0
S20254;312;7;20335;20340;0
S20254;312;6;20340;20345;0
S20254;312;5;20345;20350;0
S20254;312;4;20350;20355;0
S20254;312;3;20355;20360;0
S20254;312;2;20360;20365;0
S20254;312;1;20365;20385;0
S20254;313;0;18745;18745;1
S20254;313;1;26005;26025;1
S20254;313;2;26025;26030;1
S20254;313;3;26030;26035;1
S20254;313;4;26035;26040;1
S20254;313;5;26040;26045;1
S20254;313;6;26045;26050;1
S20254;313;7;26050;26055;1
S20254;313;8;26055;26060;1
S20254;313;49;26060;26095;1
S20254;313;49;38050;38060;0
S20254;313;8;38060;38065;0
S20254;313;7;38065;38070;0
S20254;313;6;38070;38075;0
S20254;313;5;38075;38080;0
S20254;313;4;38080;38085;0
S20254;313;3;38085;38090;0
S20254;313;2;38090;38095;0
S20254;313;1;38095;38115;0
S20254;314;0;18760;18760;1
S20254;314;1;24105;24125;1
S20254;314;2;24125;24130;1
S20254;314;3;24130;24135;1
S20254;314;4;24135;24140;1
S20254;314;5;24140;24145;1
S20254;314;6;24145;24150;1
S20254;314;7;24150;24155;1
S20254;314;8;24155;24160;1
S20254;314;9;24160;24165;1
S20254;314;10;24165;24170;1
S20254;314;52;24170;24185;1
S20254;314;52;25735;25765;0
S20254;314;10;25765;25770;0
S20254;314;9;25770;25775;0
S20254;314;8;25775;25780;0
S20254;314;7;25780;25785;0
S20254;314;6;25785;25790;0
S20254;314;5;25790;25795;0
S20254;314;4;25795;25800;0
S20254;314;3;25800;25805;0
S20254;314;2;25805;25810;0
S20254;314;1;25810;25830;0
S20254;315;0;18770;18770;1
S20254;315;1;21600;21620;1
S20254;315;2;21620;21625;1
S20254;315;3;21625;21630;1
S20254;315;4;21630;21635;1
S20254;315;5;21635;21640;1
S20254;315;6;21640;21645;1
S20254;315;7;21645;21650;1
S20254;315;8;21650;21655;1
S20254;315;9;21655;21660;1
S20254;315;10;21660;21665;1
S20254;315;11;21665;21670;1
S20254;315;12;21670;21675;1
S20254;315;65;21675;21710;1
S20254;315;65;22885;22895;0
S20254;315;12;22895;22900;0
S20254;315;11;22900;22905;0
S20254;315;10;22905;22910;0
S20254;315;9;22910;22915;0
S20254;315;8;22915;22920;0
S20254;315;7;22920;22925;0
S20254;315;6;22925;22930;0
S20254;315;5;22930;22935;0
S20254;315;4;22935;22940;0
S20254;315;3;22940;22945;0
S20254;315;2;22945;22950;0
S20254;315;1;22950;22970;0
S20254;316;0;18840;18840;1
S20254;316;1;18935;18955;1
S20254;316;2;18955;18960;1
S20254;316;3;18960;18965;1
S20254;316;4;18965;18970;1
S20254;316;5;18970;18975;1
S20254;316;35;18975;18990;1
S20254;316;35;19855;19885;0
S20254;316;5;19885;19890;0
S20254;316;4;19890;19895;0
S20254;316;3;19895;19900;0
S20254;316;2;19900;19905;0
S20254;316;1;19905;19925;0
S20254;317;0;19080;19080;1
S20254;317;1;19080;19105;1
S20254;317;2;19105;19110;1
S20254;317;3;19110;19115;1
S20254;317;4;19115;19120;1
S20254;317;5;19120;19125;1
S20254;317;34;19125;19140;1
S20254;317;34;20920;20950;0
S20254;317;5;20950;20955;0
S20254;317;4;20955;20960;0
S20254;317;3;20960;20965;0
S20254;317;2;20965;20970;0
S20254;317;1;20970;20995;0
S20254;318;0;19155;19155;1
S20254;318;1;19155;19175;1
S20254;318;2;19175;19180;1
S20254;318;3;19180;19185;1
S20254;318;4;19185;19190;1
S20254;318;5;19190;19195;1
S20254;318;6;19195;19200;1
S20254;318;7;19200;19205;1
S20254;318;8;19205;19210;1
S20254;318;9;19210;19215;1
S20254;318;10;19215;19220;1
S20254;318;11;19220;19225;1
S20254;318;61;19225;19240;1
S20254;318;61;20970;21000;0
S20254;318;11;21000;21005;0
S20254;318;10;21005;21010;0
S20254;318;9;21010;21015;0
S20254;318;8;21015;21020;0
S20254;318;7;21020;21025;0
S20254;318;6;21025;21030;0
S20254;318;5;21030;21035;0
S20254;318;4;21035;21040;0
S20254;318;3;21040;21045;0
S20254;318;2;21045;21050;0
S20254;318;1;21050;21070;0
S20254;319;0;19195;19195;1
S20254;319;1;19195;19215;1
S20254;319;2;19215;19220;1
S20254;319;3;19220;19225;1
S20254;319;20;19225;19260;1
S20254;319;20;24005;24015;0
S20254;319;3;24015;24020;0
S20254;319;2;24020;24025;0
S20254;319;1;24025;24045;0
S20254;320;0;19230;19230;1
S20254;320;1;19230;19250;1
S20254;320;83;19250;19285;1
S20254;320;83;21010;21020;0
S20254;320;1;21020;21040;0
S20254;321;0;19290;19290;1
S20254;321;1;20130;20150;1
S20254;321;2;20150;20155;1
S20254;321;3;20155;20160;1
S20254;321;4;20160;20165;1
S20254;321;5;20165;20170;1
S20254;321;6;20170;20175;1
S20254;321;7;20175;20180;1
S20254;321;8;20180;20185;1
S20254;321;9;20185;20190;1
S20254;321;10;20190;20195;1
S20254;321;11;20195;20200;1
S20254;321;12;20200;20205;1
S20254;321;13;20205;20210;1
S20254;321;70;20210;20245;1
S20254;321;70;21780;21790;0
S20254;321;13;21790;21795;0
S20254;321;12;21795;21800;0
S20254;321;11;21800;21805;0
S20254;321;10;21805;21810;0
S20254;321;9;21810;21815;0
S20254;321;8;21815;21820;0
S20254;321;7;21820;21825;0
S20254;321;6;21825;21830;0
S20254;321;5;21830;21835;0
S20254;321;4;21835;21840;0
S20254;321;3;21840;21845;0
S20254;321;2;21845;21850;0
S20254;321;1;21850;21870;0
S20254;322;0;19620;19620;1
S20254;322;1;20870;20890;1
S20254;322;2;20890;20895;1
S20254;322;3;20895;20900;1
S20254;322;4;20900;20905;1
S20254;322;5;20905;20910;1
S20254;322;6;20910;20915;1
S20254;322;7;20915;20920;1
S20254;322;8;20920;20925;1
S20254;322;9;20925;20930;1
S20254;322;10;20930;20935;1
S20254;322;11;20935;20940;1
S20254;322;12;20940;20945;1
S20254;322;13;20945;20950;1
S20254;322;14;20950;20955;1
S20254;322;15;20955;20960;1
S20254;322;16;20960;20975;1
S20254;322;78;20975;20990;1
S20254;322;78;27210;27240;0
S20254;322;16;27240;27255;0
S20254;322;15;27255;27260;0
S20254;322;14;27260;27265;0
S20254;322;13;27265;27270;0
S20254;322;12;27270;27275;0
S20254;322;11;27275;27280;0
S20254;322;10;27280;27285;0
S20254;322;9;27285;27290;0
S20254;322;8;27290;27295;0
S20254;322;7;27295;27300;0
S20254;322;6;27300;27305;0
S20254;322;5;27305;27310;0
S20254;322;4;27310;27315;0
S20254;322;3;27315;27320;0
S20254;322;2;27320;27325;0
S20254;322;1;27325;27345;0
S20254;323;0;19740;19740;1
S20254;323;1;19765;19785;1
S20254;323;2;19785;19790;1
S20254;323;3;19790;19795;1
S20254;323;4;19795;19800;1
S20254;323;5;19800;19805;1
S20254;323;6;19805;19810;1
S20254;323;7;19810;19815;1
S20254;323;8;19815;19820;1
S20254;323;9;19820;19825;1
S20254;323;10;19825;19830;1
S20254;323;11;19830;19835;1
S20254;323;12;19835;19840;1
S20254;323;65;19840;19855;1
S20254;323;65;21170;21200;0
S20254;323;12;21200;21205;0
S20254;323;11;21205;21210;0
S20254;323;10;21210;21215;0
S20254;323;9;21215;21220;0
S20254;323;8;21220;21225;0
S20254;323;7;21225;21230;0
S20254;323;6;21230;21235;0
S20254;323;5;21235;21240;0
S20254;323;4;21240;21245;0
S20254;323;3;21245;21250;0
S20254;323;2;21250;21255;0
S20254;323;1;21255;21275;0
S20254;324;0;19775;19775;1
S20254;324;1;31810;31830;1
S20254;324;2;31830;31835;1
S20254;324;3;31835;31840;1
S20254;324;4;31840;31845;1
S20254;324;5;31845;31850;1
S20254;324;6;31850;31855;1
S20254;324;42;31855;31870;1
S20254;324;42;38300;38330;0
S20254;324;6;38330;38335;0
S20254;324;5;38335;38340;0
S20254;324;4;38340;38345;0
S20254;324;3;38345;38350;0
S20254;324;2;38350;38355;0
S20254;324;1;38355;38375;0
S20254;325;0;19795;19795;1
S20254;325;1;19815;19835;1
S20254;325;85;19835;19870;1
S20254;325;85;22705;22735;0
S20254;325;1;22735;22755;0
S20254;326;0;19800;19800;1
S20254;326;1;19800;19820;1
S20254;326;2;19820;19825;1
S20254;326;3;19825;19830;1
S20254;326;4;19830;19835;1
S20254;326;5;19835;19840;1
S20254;326;6;19840;19845;1
S20254;326;7;19845;19850;1
S20254;326;8;19850;19855;1
S20254;326;9;19855;19860;1
S20254;326;51;19860;19895;1
S20254;326;51;22290;22300;0
S20254;326;9;22300;22305;0
S20254;326;8;22305;22310;0
S20254;326;7;22310;22315;0
S20254;326;6;22315;22320;0
S20254;326;5;22320;22325;0
S20254;326;4;22325;22330;0
S20254;326;3;22330;22335;0
S20254;326;2;22335;22340;0
S20254;326;1;22340;22360;0
S20254;327;0;19830;19830;1
S20254;327;1;22790;22810;1
S20254;327;2;22810;22815;1
S20254;327;3;22815;22820;1
S20254;327;4;22820;22825;1
S20254;327;5;22825;22830;1
S20254;327;6;22830;22835;1
S20254;327;7;22835;22840;1
S20254;327;8;22840;22845;1
S20254;327;9;22845;22850;1
S20254;327;10;22850;22855;1
S20254;327;11;22855;22860;1
S20254;327;12;22860;22865;1
S20254;327;64;22865;22880;1
S20254;327;64;24700;24730;0
S20254;327;12;24730;24735;0
S20254;327;11;24735;24740;0
S20254;327;10;24740;24745;0
S20254;327;9;24745;24750;0
S20254;327;8;24750;24755;0
S20254;327;7;24755;24760;0
S20254;327;6;24760;24765;0
S20254;327;5;24765;24770;0
S20254;327;4;24770;24775;0
S20254;327;3;24775;24780;0
S20254;327;2;24780;24785;0
S20254;327;1;24785;24805;0
S20254;328;0;19980;19980;1
S20254;328;1;19990;20010;1
S20254;328;2;20010;20015;1
S20254;328;3;20015;20020;1
S20254;328;4;20020;20025;1
S20254;328;5;20025;20030;1
S20254;328;6;20030;20035;1
S20254;328;7;20035;20040;1
S20254;328;8;20040;20045;1
S20254;328;9;20045;20050;1
S20254;328;10;20050;20055;1
S20254;328;11;20055;20060;1
S20254;328;12;20060;20065;1
S20254;328;13;20065;20070;1
S20254;328;67;20070;20085;1
S20254;328;67;24365;24395;0
S20254;328;13;24395;24400;0
S20254;328;12;24400;24405;0
S20254;328;11;24405;24410;0
S20254;328;10;24410;24415;0
S20254;328;9;24415;24420;0
S20254;328;8;24420;24425;0
S20254;328;7;24425;24430;0
S20254;328;6;24430;24435;0
S20254;328;5;24435;24440;0
S20254;328;4;24440;24445;0
S20254;328;3;24445;24450;0
S20254;328;2;24450;24455;0
S20254;328;1;24455;24475;0
S20254;329;0;20040;20040;1
S20254;329;1;20105;20125;1
S20254;329;2;20125;20130;1
S20254;329;3;20130;20135;1
S20254;329;4;20135;20140;1
S20254;329;5;20140;20145;1
S20254;329;6;20145;20150;1
S20254;329;7;20150;20155;1
S20254;329;8;20155;20160;1
S20254;329;9;20160;20165;1
S20254;329;10;20165;20170;1
S20254;329;11;20170;20175;1
S20254;329;12;20175;20180;1
S20254;329;64;20180;20195;1
S20254;329;64;20760;20790;0
S20254;329;12;20790;20795;0
S20254;329;11;20795;20800;0
S20254;329;10;20800;20805;0
S20254;329;9;20805;20810;0
S20254;329;8;20810;20815;0
S20254;329;7;20815;20820;0
S20254;329;6;20820;20825;0
S20254;329;5;20825;20830;0
S20254;329;4;20830;20835;0
S20254;329;3;20835;20840;0
S20254;329;2;20840;20845;0
S20254;329;1;20845;20865;0
S20254;330;0;20190;20190;1
S20254;330;1;43220;43240;1
S20254;330;2;43240;43245;1
S20254;330;3;43245;43250;1
S20254;330;4;43250;43255;1
S20254;330;26;43255;43290;1
S20254;330;26;46330;46340;0
S20254;330;4;46340;46345;0
S20254;330;3;46345;46350;0
S20254;330;2;46350;46355;0
S20254;330;1;46355;46375;0
S20254;331;0;20220;20220;1
S20254;331;1;20430;20450;1
S20254;331;2;20450;20455;1
S20254;331;3;20455;20460;1
S20254;331;4;20460;20465;1
S20254;331;5;20465;20470;1
S20254;331;6;20470;20475;1
S20254;331;7;20475;20480;1
S20254;331;8;20480;20485;1
S20254;331;9;20485;20490;1
S20254;331;10;20490;20495;1
S20254;331;11;20495;20500;1
S20254;331;12;20500;20505;1
S20254;331;13;20505;20510;1
S20254;331;14;20510;20515;1
S20254;331;15;20515;20520;1
S20254;331;16;20520;20535;1
S20254;331;74;20535;20580;1
S20254;331;74;22445;22455;0
S20254;331;16;22455;22470;0
S20254;331;15;22470;22475;0
S20254;331;14;22475;22480;0
S20254;331;13;22480;22485;0
S20254;331;12;22485;22490;0
S20254;331;11;22490;22495;0
S20254;331;10;22495;22500;0
S20254;331;9;22500;22505;0
S20254;331;8;22505;22510;0
S20254;331;7;22510;22515;0
S20254;331;6;22515;22520;0
S20254;331;5;22520;22525;0
S20254;331;4;22525;22530;0
S20254;331;3;22530;22535;0
S20254;331;2;22535;22540;0
S20254;331;1;22540;22560;0
S20254;332;0;20485;20485;1
S20254;332;1;20520;20540;1
S20254;332;2;20540;20545;1
S20254;332;3;20545;20550;1
S20254;332;4;20550;20555;1
S20254;332;5;20555;20560;1
S20254;332;35;20560;20575;1
S20254;332;35;21170;21200;0
S20254;332;5;21200;21205;0
S20254;332;4;21205;21210;0
S20254;332;3;21210;21215;0
S20254;332;2;21215;21220;0
S20254;332;1;21220;21240;0
S20254;333;0;20500;20500;1
S20254;333;1;20500;20520;1
S20254;333;2;20520;20525;1
S20254;333;3;20525;20530;1
S20254;333;4;20530;20535;1
S20254;333;5;20535;20540;1
S20254;333;36;20540;20555;1
S20254;333;36;21665;21695;0
S20254;333;5;21695;21700;0
S20254;333;4;21700;21705;0
S20254;333;3;21705;21710;0
S20254;333;2;21710;21715;0
S20254;333;1;21715;21735;0
S20254;334;0;20550;20550;1
S20254;334;1;20550;20570;1
S20254;334;2;20570;20575;1
S20254;334;3;20575;20580;1
S20254;334;4;20580;20585;1
S20254;334;5;20585;20590;1
S20254;334;6;20590;20595;1
S20254;334;39;20595;20630;1
S20254;334;39;21425;21435;0
S20254;334;6;21435;21440;0
S20254;334;5;21440;21445;0
S20254;334;4;21445;21450;0
S20254;334;3;21450;21455;0
S20254;334;2;21455;21460;0
S20254;334;1;21460;21480;0
S20254;335;0;20640;20640;1
S20254;335;1;27560;27580;1
S20254;335;2;27580;27585;1
S20254;335;3;27585;27590;1
S20254;335;17;27590;27625;1
S20254;335;17;35655;35665;0
S20254;335;3;35665;35670;0
S20254;335;2;35670;35675;0
S20254;335;1;35675;35695;0
S20254;336;0;20640;20640;1
S20254;336;1;20640;20660;1
S20254;336;2;20660;20665;1
S20254;336;3;20665;20670;1
S20254;336;4;20670;20675;1
S20254;336;26;20675;20710;1
S20254;336;26;28900;28910;0
S20254;336;4;28910;28915;0
S20254;336;3;28915;28920;0
S20254;336;2;28920;28925;0
S20254;336;1;28925;28945;0
S20254;337;0;20700;20700;1
S20254;337;1;20755;20775;1
S20254;337;2;20775;20780;1
S20254;337;3;20780;20785;1
S20254;337;4;20785;20790;1
S20254;337;5;20790;20795;1
S20254;337;6;20795;20800;1
S20254;337;7;20800;20805;1
S20254;337;8;20805;20810;1
S20254;337;9;20810;20815;1
S20254;337;10;20815;20820;1
S20254;337;11;20820;20825;1
S20254;337;60;20825;20840;1
S20254;337;60;23565;23595;0
S20254;337;11;23595;23600;0
S20254;337;10;23600;23605;0
S20254;337;9;23605;23610;0
S20254;337;8;23610;23615;0
S20254;337;7;23615;23620;0
S20254;337;6;23620;23625;0
S20254;337;5;23625;23630;0
S20254;337;4;23630;23635;0
S20254;337;3;23635;23640;0
S20254;337;2;23640;23645;0
S20254;337;1;23645;23665;0
S20254;338;0;20700;20700;1
S20254;338;1;20705;20725;1
S20254;338;2;20725;20730;1
S20254;338;3;20730;20735;1
S20254;338;4;20735;20740;1
S20254;338;5;20740;20745;1
S20254;338;6;20745;20750;1
S20254;338;7;20750;20755;1
S20254;338;8;20755;20760;1
S20254;338;9;20760;20765;1
S20254;338;10;20765;20770;1
S20254;338;11;20770;20775;1
S20254;338;12;20775;20780;1
S20254;338;64;20780;20795;1
S20254;338;64;22050;22080;0
S20254;338;12;22080;22085;0
S20254;338;11;22085;22090;0
S20254;338;10;22090;22095;0
S20254;338;9;22095;22100;0
S20254;338;8;22100;22105;0
S20254;338;7;22105;22110;0
S20254;338;6;22110;22115;0
S20254;338;5;22115;22120;0
S20254;338;4;22120;22125;0
S20254;338;3;22125;22130;0
S20254;338;2;22130;22135;0
S20254;338;1;22135;22155;0
S20254;339;0;20705;20705;1
S20254;339;1;31230;31250;1
S20254;339;2;31250;31255;1
S20254;339;3;31255;31260;1
S20254;339;18;31260;31295;1
S20254;339;18;38995;39005;0
S20254;339;3;39005;39010;0
S20254;339;2;39010;39015;0
S20254;339;1;39015;39035;0
S20254;340;0;20820;20820;1
S20254;340;1;28770;28790;1
S20254;340;2;28790;28795;1
S20254;340;3;28795;28800;1
S20254;340;4;28800;28805;1
S20254;340;23;28805;28840;1
S20254;340;23;36480;36490;0
S20254;340;4;36490;36495;0
S20254;340;3;36495;36500;0
S20254;340;2;36500;36505;0
S20254;340;1;36505;36525;0
S20254;341;0;21120;21120;1
S20254;341;1;21120;21140;1
S20254;341;2;21140;21145;1
S20254;341;3;21145;21150;1
S20254;341;4;21150;21155;1
S20254;341;5;21155;21160;1
S20254;341;6;21160;21165;1
S20254;341;7;21165;21170;1
S20254;341;8;21170;21175;1
S20254;341;9;21175;21180;1
S20254;341;10;21180;21185;1
S20254;341;52;21185;21200;1
S20254;341;52;22045;22075;0
S20254;341;10;22075;22080;0
S20254;341;9;22080;22085;0
S20254;341;8;22085;22090;0
S20254;341;7;22090;22095;0
S20254;341;6;22095;22100;0
S20254;341;5;22100;22105;0
S20254;341;4;22105;22110;0
S20254;341;3;22110;22115;0
S20254;341;2;22115;22120;0
S20254;341;1;22120;22140;0
S20254;342;0;21350;21350;1
S20254;342;1;21355;21375;1
S20254;342;2;21375;21380;1
S20254;342;3;21380;21385;1
S20254;342;4;21385;21390;1
S20254;342;5;21390;21395;1
S20254;342;35;21395;21410;1
S20254;342;35;22635;22665;0
S20254;342;5;22665;22670;0
S20254;342;4;22670;22675;0
S20254;342;3;22675;22680;0
S20254;342;2;22680;22685;0
S20254;342;1;22685;22705;0
S20254;343;0;21360;21360;1
S20254;343;1;21375;21395;1
S20254;343;2;21395;21400;1
S20254;343;3;21400;21405;1
S20254;343;4;21405;21410;1
S20254;343;5;21410;21415;1
S20254;343;34;21415;21430;1
S20254;343;34;22955;22985;0
S20254;343;5;22985;22990;0
S20254;343;4;22990;22995;0
S20254;343;3;22995;23000;0
S20254;343;2;23000;23005;0
S20254;343;1;23005;23025;0
S20254;344;0;21380;21380;1
S20254;344;1;21520;21540;1
S20254;344;2;21540;21545;1
S20254;344;3;21545;21550;1
S20254;344;4;21550;21555;1
S20254;344;5;21555;21560;1
S20254;344;31;21560;21595;1
S20254;344;31;40485;40495;0
S20254;344;5;40495;40500;0
S20254;344;4;40500;40505;0
S20254;344;3;40505;40510;0
S20254;344;2;40510;40515;0
S20254;344;1;40515;40535;0
S20254;345;0;21385;21385;1
S20254;345;1;43835;43855;1
S20254;345;2;43855;43860;1
S20254;345;3;43860;43865;1
S20254;345;4;43865;43870;1
S20254;345;5;43870;43875;1
S20254;345;6;43875;43880;1
S20254;345;7;43880;43885;1
S20254;345;8;43885;43890;1
S20254;345;9;43890;43895;1
S20254;345;10;43895;43900;1
S20254;345;52;43900;43915;1
S20254;345;52;45110;45140;0
S20254;345;10;45140;45145;0
S20254;345;9;45145;45150;0
S20254;345;8;45150;45155;0
S20254;345;7;45155;45160;0
S20254;345;6;45160;45165;0
S20254;345;5;45165;45170;0
S20254;345;4;45170;45175;0
S20254;345;3;45175;45180;0
S20254;345;2;45180;45185;0
S20254;345;1;45185;45205;0
S20254;346;0;21460;21460;1
S20254;346;1;36000;36020;1
S20254;346;2;36020;36025;1
S20254;346;3;36025;36030;1
S20254;346;4;36030;36035;1
S20254;346;5;36035;36040;1
S20254;346;6;36040;36045;1
S20254;346;40;36045;36080;1
S20254;346;40;38685;38695;0
S20254;346;6;38695;38700;0
S20254;346;5;38700;38705;0
S20254;346;4;38705;38710;0
S20254;346;3;38710;38715;0
S20254;346;2;38715;38720;0
S20254;346;1;38720;38740;0
S20254;347;0;21530;21530;1
S20254;347;1;44770;44790;1
S20254;347;2;44790;44795;1
S20254;347;3;44795;44800;1
S20254;347;4;44800;44805;1
S20254;347;5;44805;44810;1
S20254;347;6;44810;44815;1
S20254;347;39;44815;44850;1
S20254;347;39;51255;51265;0
S20254;347;6;51265;51270;0
S20254;347;5;51270;51275;0
S20254;347;4;51275;51280;0
S20254;347;3;51280;51285;0
S20254;347;2;51285;51290;0
S20254;347;1;51290;51310;0
S20254;348;0;21590;21590;1
S20254;348;1;21615;21635;1
S20254;348;2;21635;21640;1
S20254;348;3;21640;21645;1
S20254;348;4;21645;21650;1
S20254;348;5;21650;21655;1
S20254;348;6;21655;21660;1
S20254;348;7;21660;21665;1
S20254;348;8;21665;21670;1
S20254;348;9;21670;21675;1
S20254;348;10;21675;21680;1
S20254;348;53;21680;21695;1
S20254;348;53;23150;23180;0
S20254;348;10;23180;23185;0
S20254;348;9;23185;23190;0
S20254;348;8;23190;23195;0
S20254;348;7;23195;23200;0
S20254;348;6;23200;23205;0
S20254;348;5;23205;23210;0
S20254;348;4;23210;23215;0
S20254;348;3;23215;23220;0
S20254;348;2;23220;23225;0
S20254;348;1;23225;23245;0
S20254;349;0;21735;21735;1
S20254;349;1;32055;32075;1
S20254;349;2;32075;32080;1
S20254;349;3;32080;32085;1
S20254;349;4;32085;32090;1
S20254;349;5;32090;32095;1
S20254;349;6;32095;32100;1
S20254;349;7;32100;32105;1
S20254;349;8;32105;32110;1
S20254;349;9;32110;32115;1
S20254;349;10;32115;32120;1
S20254;349;11;32120;32125;1
S20254;349;12;32125;32130;1
S20254;349;13;32130;32135;1
S20254;349;69;32135;32170;1
S20254;349;69;33730;33740;0
S20254;349;13;33740;33745;0
S20254;349;12;33745;33750;0
S20254;349;11;33750;33755;0
S20254;349;10;33755;33760;0
S20254;349;9;33760;33765;0
S20254;349;8;33765;33770;0
S20254;349;7;33770;33775;0
S20254;349;6;33775;33780;0
S20254;349;5;33780;33785;0
S20254;349;4;33785;33790;0
S20254;349;3;33790;33795;0
S20254;349;2;33795;33800;0
S20254;349;1;33800;33820;0
S20254;350;0;21735;21735;1
S20254;350;1;21775;21795;1
S20254;350;2;21795;21800;1
S20254;350;3;21800;21805;1
S20254;350;4;21805;21810;1
S20254;350;5;21810;21815;1
S20254;350;6;21815;21820;1
S20254;350;7;21820;21825;1
S20254;350;8;21825;21830;1
S20254;350;9;21830;21835;1
S20254;350;10;21835;21840;1
S20254;350;11;21840;21845;1
S20254;350;62;21845;21860;1
S20254;350;62;24915;24945;0
S20254;350;11;24945;24950;0
S20254;350;10;24950;24955;0
S20254;350;9;24955;24960;0
S20254;350;8;24960;24965;0
S20254;350;7;24965;24970;0
S20254;350;6;24970;24975;0
S20254;350;5;24975;24980;0
S20254;350;4;24980;24985;0
S20254;350;3;24985;24990;0
S20254;350;2;24990;24995;0
S20254;350;1;24995;25015;0
S20254;351;0;21945;21945;1
S20254;351;1;21960;21980;1
S20254;351;2;21980;21985;1
S20254;351;3;21985;21990;1
S20254;351;4;21990;21995;1
S20254;351;5;21995;22000;1
S20254;351;6;22000;22005;1
S20254;351;38;22005;22040;1
S20254;351;38;22845;22855;0
S20254;351;6;22855;22860;0
S20254;351;5;22860;22865;0
S20254;351;4;22865;22870;0
S20254;351;3;22870;22875;0
S20254;351;2;22875;22880;0
S20254;351;1;22880;22900;0
S20254;352;0;21980;21980;1
S20254;352;1;22000;22020;1
S20254;352;2;22020;22025;1
S20254;352;3;22025;22030;1
S20254;352;4;22030;22035;1
S20254;352;5;22035;22040;1
S20254;352;6;22040;22045;1
S20254;352;39;22045;22080;1
S20254;352;39;22860;22870;0
S20254;352;6;22870;22875;0
S20254;352;5;22875;22880;0
S20254;352;4;22880;22885;0
S20254;352;3;22885;22890;0
S20254;352;2;22890;22895;0
S20254;352;1;22895;22915;0
S20254;353;0;22200;22200;1
S20254;353;1;22200;22220;1
S20254;353;2;22220;22225;1
S20254;353;3;22225;22230;1
S20254;353;4;22230;22235;1
S20254;353;5;22235;22240;1
S20254;353;33;22240;22275;1
S20254;353;33;23780;23790;0
S20254;353;5;23790;23795;0
S20254;353;4;23795;23800;0
S20254;353;3;23800;23805;0
S20254;353;2;23805;23810;0
S20254;353;1;23810;23830;0
S20254;354;0;22250;22250;1
S20254;354;1;23080;23100;1
S20254;354;2;23100;23105;1
S20254;354;3;23105;23110;1
S20254;354;4;23110;23115;1
S20254;354;5;23115;23120;1
S20254;354;6;23120;23125;1
S20254;354;7;23125;23130;1
S20254;354;8;23130;23135;1
S20254;354;9;23135;23140;1
S20254;354;10;23140;23145;1
S20254;354;53;23145;23160;1
S20254;354;53;25250;25280;0
S20254;354;10;25280;25285;0
S20254;354;9;25285;25290;0
S20254;354;8;25290;25295;0
S20254;354;7;25295;25300;0
S20254;354;6;25300;25305;0
S20254;354;5;25305;25310;0
S20254;354;4;25310;25315;0
S20254;354;3;25315;25320;0
S20254;354;2;25320;25325;0
S20254;354;1;25325;25345;0
S20254;355;0;22295;22295;1
S20254;355;1;22380;22400;1
S20254;355;83;22400;22435;1
S20254;355;83;29810;29820;0
S20254;355;1;29820;29840;0
S20254;356;0;22355;22355;1
S20254;356;1;22365;22385;1
S20254;356;2;22385;22390;1
S20254;356;3;22390;22395;1
S20254;356;4;22395;22400;1
S20254;356;5;22400;22405;1
S20254;356;6;22405;22410;1
S20254;356;7;22410;22415;1
S20254;356;8;22415;22420;1
S20254;356;9;22420;22425;1
S20254;356;10;22425;22430;1
S20254;356;11;22430;22435;1
S20254;356;12;22435;22440;1
S20254;356;64;22440;22475;1
S20254;356;64;22870;22880;0
S20254;356;12;22880;22885;0
S20254;356;11;22885;22890;0
S20254;356;10;22890;22895;0
S20254;356;9;22895;22900;0
S20254;356;8;22900;22905;0
S20254;356;7;22905;22910;0
S20254;356;6;22910;22915;0
S20254;356;5;22915;22920;0
S20254;356;4;22920;22925;0
S20254;356;3;22925;22930;0
S20254;356;2;22930;22935;0
S20254;356;1;22935;22955;0
S20254;357;0;22600;22600;1
S20254;357;1;27365;27385;1
S20254;357;2;27385;27390;1
S20254;357;3;27390;27395;1
S20254;357;4;27395;27400;1
S20254;357;5;27400;27405;1
S20254;357;6;27405;27410;1
S20254;357;7;27410;27415;1
S20254;357;8;27415;27420;1
S20254;357;9;27420;27425;1
S20254;357;10;27425;27430;1
S20254;357;52;27430;27445;1
S20254;357;52;29655;29685;0
S20254;357;10;29685;29690;0
S20254;357;9;29690;29695;0
S20254;357;8;29695;29700;0
S20254;357;7;29700;29705;0
S20254;357;6;29705;29710;0
S20254;357;5;29710;29715;0
S20254;357;4;29715;29720;0
S20254;357;3;29720;29725;0
S20254;357;2;29725;29730;0
S20254;357;1;29730;29750;0
S20254;358;0;22650;22650;1
S20254;358;1;29475;29495;1
S20254;358;2;29495;29500;1
S20254;358;3;29500;29505;1
S20254;358;4;29505;29510;1
S20254;358;5;29510;29515;1
S20254;358;6;29515;29520;1
S20254;358;7;29520;29525;1
S20254;358;8;29525;29530;1
S20254;358;9;29530;29535;1
S20254;358;50;29535;29570;1
S20254;358;50;33150;33160;0
S20254;358;9;33160;33165;0
S20254;358;8;33165;33170;0
S20254;358;7;33170;33175;0
S20254;358;6;33175;33180;0
S20254;358;5;33180;33185;0
S20254;358;4;33185;33190;0
S20254;358;3;33190;33195;0
S20254;358;2;33195;33200;0
S20254;358;1;33200;33220;0
S20254;359;0;22680;22680;1
S20254;359;1;22710;22730;1
S20254;359;2;22730;22735;1
S20254;359;3;22735;22740;1
S20254;359;4;22740;22745;1
S20254;359;5;22745;22750;1
S20254;359;6;22750;22755;1
S20254;359;37;22755;22790;1
S20254;359;37;23805;23815;0
S20254;359;6;23815;23820;0
S20254;359;5;23820;23825;0
S20254;359;4;23825;23830;0
S20254;359;3;23830;23835;0
S20254;359;2;23835;23840;0
S20254;359;1;23840;23860;0
S20254;360;0;22695;22695;1
S20254;360;1;25035;25055;1
S20254;360;2;25055;25060;1
S20254;360;3;25060;25065;1
S20254;360;4;25065;25070;1
S20254;360;5;25070;25075;1
S20254;360;6;25075;25080;1
S20254;360;7;25080;25085;1
S20254;360;8;25085;25090;1
S20254;360;9;25090;25095;1
S20254;360;10;25095;25100;1
S20254;360;11;25100;25105;1
S20254;360;12;25105;25110;1
S20254;360;66;25110;25125;1
S20254;360;66;26490;26520;0
S20254;360;12;26520;26525;0
S20254;360;11;26525;26530;0
S20254;360;10;26530;26535;0
S20254;360;9;26535;26540;0
S20254;360;8;26540;26545;0
S20254;360;7;26545;26550;0
S20254;360;6;26550;26555;0
S20254;360;5;26555;26560;0
S20254;360;4;26560;26565;0
S20254;360;3;26565;26570;0
S20254;360;2;26570;26575;0
S20254;360;1;26575;26595;0
S20254;361;0;22710;22710;1
S20254;361;1;23305;23325;1
S20254;361;2;23325;23330;1
S20254;361;3;23330;23335;1
S20254;361;4;23335;23340;1
S20254;361;5;23340;23345;1
S20254;361;6;23345;23350;1
S20254;361;7;23350;23355;1
S20254;361;8;23355;23360;1
S20254;361;9;23360;23365;1
S20254;361;10;23365;23370;1
S20254;361;11;23370;23375;1
S20254;361;12;23375;23380;1
S20254;361;66;23380;23395;1
S20254;361;66;25105;25135;0
S20254;361;12;25135;25140;0
S20254;361;11;25140;25145;0
S20254;361;10;25145;25150;0
S20254;361;9;25150;25155;0
S20254;361;8;25155;25160;0
S20254;361;7;25160;25165;0
S20254;361;6;25165;25170;0
S20254;361;5;25170;25175;0
S20254;361;4;25175;25180;0
S20254;361;3;25180;25185;0
S20254;361;2;25185;25190;0
S20254;361;1;25190;25210;0
S20254;362;0;22780;22780;1
S20254;362;1;22805;22825;1
S20254;362;85;22825;22860;1
S20254;362;85;23155;23165;0
S20254;362;1;23165;23185;0
S20254;363;0;23045;23045;1
S20254;363;1;34575;34595;1
S20254;363;2;34595;34600;1
S20254;363;3;34600;34605;1
S20254;363;4;34605;34610;1
S20254;363;5;34610;34615;1
S20254;363;6;34615;34620;1
S20254;363;7;34620;34625;1
S20254;363;8;34625;34630;1
S20254;363;9;34630;34635;1
S20254;363;10;34635;34640;1
S20254;363;11;34640;34645;1
S20254;363;12;34645;34650;1
S20254;363;13;34650;34655;1
S20254;363;69;34655;34670;1
S20254;363;69;41535;41565;0
S20254;363;13;41565;41570;0
S20254;363;12;41570;41575;0
S20254;363;11;41575;41580;0
S20254;363;10;41580;41585;0
S20254;363;9;41585;41590;0
S20254;363;8;41590;41595;0
S20254;363;7;41595;41600;0
S20254;363;6;41600;41605;0
S20254;363;5;41605;41610;0
S20254;363;4;41610;41615;0
S20254;363;3;41615;41620;0
S20254;363;2;41620;41625;0
S20254;363;1;41625;41645;0
S20254;364;0;23160;23160;1
S20254;364;1;23290;23310;1
S20254;364;2;23310;23315;1
S20254;364;3;23315;23320;1
S20254;364;4;23320;23325;1
S20254;364;5;23325;23330;1
S20254;364;6;23330;23335;1
S20254;364;7;23335;23340;1
S20254;364;8;23340;23345;1
S20254;364;9;23345;23350;1
S20254;364;10;23350;23355;1
S20254;364;11;23355;23360;1
S20254;364;12;23360;23365;1
S20254;364;13;23365;23370;1
S20254;364;68;23370;23385;1
S20254;364;68;27115;27145;0
S20254;364;13;27145;27150;0
S20254;364;12;27150;27155;0
S20254;364;11;27155;27160;0
S20254;364;10;27160;27165;0
S20254;364;9;27165;27170;0
S20254;364;8;27170;27175;0
S20254;364;7;27175;27180;0
S20254;364;6;27180;27185;0
S20254;364;5;27185;27190;0
S20254;364;4;27190;27195;0
S20254;364;3;27195;27200;0
S20254;364;2;27200;27205;0
S20254;364;1;27205;27225;0
S20254;365;0;23175;23175;1
S20254;365;1;23350;23370;1
S20254;365;2;23370;23375;1
S20254;365;3;23375;23380;1
S20254;365;4;23380;23385;1
S20254;365;5;23385;23390;1
S20254;365;34;23390;23405;1
S20254;365;34;25185;25215;0
S20254;365;5;25215;25220;0
S20254;365;4;25220;25225;0
S20254;365;3;25225;25230;0
S20254;365;2;25230;25235;0
S20254;365;1;25235;25255;0
S20254;366;0;23190;23190;1
S20254;366;1;23335;23355;1
S20254;366;2;23355;23360;1
S20254;366;3;23360;23365;1
S20254;366;4;23365;23370;1
S20254;366;5;23370;23375;1
S20254;366;6;23375;23380;1
S20254;366;7;23380;23385;1
S20254;366;46;23385;23420;1
S20254;366;46;24885;24895;0
S20254;366;7;24895;24900;0
S20254;366;6;24900;24905;0
S20254;366;5;24905;24910;0
S20254;366;4;24910;24915;0
S20254;366;3;24915;24920;0
S20254;366;2;24920;24925;0
S20254;366;1;24925;24945;0
S20254;367;0;23200;23200;1
S20254;367;1;23320;23340;1
S20254;367;2;23340;23345;1
S20254;367;3;23345;23350;1
S20254;367;4;23350;23355;1
S20254;367;5;23355;23360;1
S20254;367;6;23360;23365;1
S20254;367;7;23365;23370;1
S20254;367;8;23370;23375;1
S20254;367;9;23375;23380;1
S20254;367;10;23380;23385;1
S20254;367;52;23385;23400;1
S20254;367;52;24180;24210;0
S20254;367;10;24210;24215;0
S20254;367;9;24215;24220;0
S20254;367;8;24220;24225;0
S20254;367;7;24225;24230;0
S20254;367;6;24230;24235;0
S20254;367;5;24235;24240;0
S20254;367;4;24240;24245;0
S20254;367;3;24245;24250;0
S20254;367;2;24250;24255;0
S20254;367;1;24255;24275;0
S20254;368;0;23430;23430;1
S20254;368;1;23430;23450;1
S20254;368;2;23450;23455;1
S20254;368;3;23455;23460;1
S20254;368;4;23460;23465;1
S20254;368;5;23465;23470;1
S20254;368;6;23470;23475;1
S20254;368;39;23475;23510;1
S20254;368;39;24205;24215;0
S20254;368;6;24215;24220;0
S20254;368;5;24220;24225;0
S20254;368;4;24225;24230;0
S20254;368;3;24230;24235;0
S20254;368;2;24235;24240;0
S20254;368;1;24240;24260;0
S20254;369;0;23490;23490;1
S20254;369;1;23530;23550;1
S20254;369;2;23550;23555;1
S20254;369;3;23555;23560;1
S20254;369;4;23560;23565;1
S20254;369;5;23565;23570;1
S20254;369;6;23570;23575;1
S20254;369;38;23575;23610;1
S20254;369;38;23870;23880;0
S20254;369;6;23880;23885;0
S20254;369;5;23885;23890;0
S20254;369;4;23890;23895;0
S20254;369;3;23895;23900;0
S20254;369;2;23900;23905;0
S20254;369;1;23905;23925;0
S20254;370;0;23490;23490;1
S20254;370;1;23490;23510;1
S20254;370;2;23510;23515;1
S20254;370;3;23515;23520;1
S20254;370;4;23520;23525;1
S20254;370;5;23525;23530;1
S20254;370;6;23530;23535;1
S20254;370;40;23535;23570;1
S20254;370;40;24165;24195;0
S20254;370;6;24195;24200;0
S20254;370;5;24200;24205;0
S20254;370;4;24205;24210;0
S20254;370;3;24210;24215;0
S20254;370;2;24215;24220;0
S20254;370;1;24220;24240;0
S20254;371;0;23505;23505;1
S20254;371;1;24595;24615;1
S20254;371;2;24615;24620;1
S20254;371;3;24620;24625;1
S20254;371;4;24625;24630;1
S20254;371;5;24630;24635;1
S20254;371;6;24635;24640;1
S20254;371;7;24640;24645;1
S20254;371;8;24645;24650;1
S20254;371;9;24650;24655;1
S20254;371;10;24655;24660;1
S20254;371;11;24660;24665;1
S20254;371;12;24665;24670;1
S20254;371;64;24670;24705;1
S20254;371;64;26645;26655;0
S20254;371;12;26655;26660;0
S20254;371;11;26660;26665;0
S20254;371;10;26665;26670;0
S20254;371;9;26670;26675;0
S20254;371;8;26675;26680;0
S20254;371;7;26680;26685;0
S20254;371;6;26685;26690;0
S20254;371;5;26690;26695;0
S20254;371;4;26695;26700;0
S20254;371;3;26700;26705;0
S20254;371;2;26705;26710;0
S20254;371;1;26710;26730;0
S20254;372;0;23535;23535;1
S20254;372;1;24360;24380;1
S20254;372;2;24380;24385;1
S20254;372;3;24385;24390;1
S20254;372;4;24390;24395;1
S20254;372;5;24395;24400;1
S20254;372;6;24400;24405;1
S20254;372;7;24405;24410;1
S20254;372;8;24410;24415;1
S20254;372;9;24415;24420;1
S20254;372;10;24420;24425;1
S20254;372;11;24425;24430;1
S20254;372;12;24430;24435;1
S20254;372;13;24435;24440;1
S20254;372;69;24440;24475;1
S20254;372;69;25755;25765;0
S20254;372;13;25765;25770;0
S20254;372;12;25770;25775;0
S20254;372;11;25775;25780;0
S20254;372;10;25780;25785;0
S20254;372;9;25785;25790;0
S20254;372;8;25790;25795;0
S20254;372;7;25795;25800;0
S20254;372;6;25800;25805;0
S20254;372;5;25805;25810;0
S20254;372;4;25810;25815;0
S20254;372;3;25815;25820;0
S20254;372;2;25820;25825;0
S20254;372;1;25825;25845;0
S20254;373;0;23635;23635;1
S20254;373;1;25940;25960;1
S20254;373;2;25960;25965;1
S20254;373;3;25965;25970;1
S20254;373;4;25970;25975;1
S20254;373;5;25975;25980;1
S20254;373;34;25980;25995;1
S20254;373;34;26565;26595;0
S20254;373;5;26595;26600;0
S20254;373;4;26600;26605;0
S20254;373;3;26605;26610;0
S20254;373;2;26610;26615;0
S20254;373;1;26615;26635;0
S20254;374;0;23640;23640;1
S20254;374;1;23730;23750;1
S20254;374;2;23750;23755;1
S20254;374;3;23755;23760;1
S20254;374;4;23760;23765;1
S20254;374;5;23765;23770;1
S20254;374;33;23770;23785;1
S20254;374;33;25260;25290;0
S20254;374;5;25290;25295;0
S20254;374;4;25295;25300;0
S20254;374;3;25300;25305;0
S20254;374;2;25305;25310;0
S20254;374;1;25310;25330;0
S20254;375;0;23935;23935;1
S20254;375;1;25920;25940;1
S20254;375;2;25940;25945;1
S20254;375;3;25945;25950;1
S20254;375;4;25950;25955;1
S20254;375;5;25955;25960;1
S20254;375;35;25960;25975;1
S20254;375;35;26715;26745;0
S20254;375;5;26745;26750;0
S20254;375;4;26750;26755;0
S20254;375;3;26755;26760;0
S20254;375;2;26760;26765;0
S20254;375;1;26765;26785;0
S20254;376;0;24060;24060;1
S20254;376;1;24060;24080;1
S20254;376;2;24080;24085;1
S20254;376;3;24085;24090;1
S20254;376;4;24090;24095;1
S20254;376;5;24095;24100;1
S20254;376;6;24100;24105;1
S20254;376;7;24105;24110;1
S20254;376;8;24110;24115;1
S20254;376;9;24115;24120;1
S20254;376;10;24120;24125;1
S20254;376;11;24125;24130;1
S20254;376;12;24130;24135;1
S20254;376;13;24135;24140;1
S20254;376;14;24140;24145;1
S20254;376;15;24145;24150;1
S20254;376;16;24150;24165;1
S20254;376;74;24165;24210;1
S20254;376;74;28170;28180;0
S20254;376;16;28180;28195;0
S20254;376;15;28195;28200;0
S20254;376;14;28200;28205;0
S20254;376;13;28205;28210;0
S20254;376;12;28210;28215;0
S20254;376;11;28215;28220;0
S20254;376;10;28220;28225;0
S20254;376;9;28225;28230;0
S20254;376;8;28230;28235;0
S20254;376;7;28235;28240;0
S20254;376;6;28240;28245;0
S20254;376;5;28245;28250;0
S20254;376;4;28250;28255;0
S20254;376;3;28255;28260;0
S20254;376;2;28260;28265;0
S20254;376;1;28265;28285;0
S20254;377;0;24120;24120;1
S20254;377;1;24130;24150;1
S20254;377;2;24150;24155;1
S20254;377;3;24155;24160;1
S20254;377;4;24160;24165;1
S20254;377;5;24165;24170;1
S20254;377;35;24170;24185;1
S20254;377;35;25845;25875;0
S20254;377;5;25875;25880;0
S20254;377;4;25880;25885;0
S20254;377;3;25885;25890;0
S20254;377;2;25890;25895;0
S20254;377;1;25895;25915;0
S20254;378;0;24155;24155;1
S20254;378;1;24310;24330;1
S20254;378;2;24330;24335;1
S20254;378;3;24335;24340;1
S20254;378;4;24340;24345;1
S20254;378;5;24345;24350;1
S20254;378;28;24350;24385;1
S20254;378;28;26935;26945;0
S20254;378;5;26945;26950;0
S20254;378;4;26950;26955;0
S20254;378;3;26955;26960;0
S20254;378;2;26960;26965;0
S20254;378;1;26965;26985;0
S20254;379;0;24265;24265;1
S20254;379;1;24295;24315;1
S20254;379;2;24315;24320;1
S20254;379;3;24320;24325;1
S20254;379;4;24325;24330;1
S20254;379;5;24330;24335;1
S20254;379;6;24335;24340;1
S20254;379;7;24340;24345;1
S20254;379;8;24345;24350;1
S20254;379;9;24350;24355;1
S20254;379;51;24355;24390;1
S20254;379;51;30230;30240;0
S20254;379;9;30240;30245;0
S20254;379;8;30245;30250;0
S20254;379;7;30250;30255;0
S20254;379;6;30255;30260;0
S20254;379;5;30260;30265;0
S20254;379;4;30265;30270;0
S20254;379;3;30270;30275;0
S20254;379;2;30275;30280;0
S20254;379;1;30280;30300;0
S20254;380;0;24360;24360;1
S20254;380;1;24520;24540;1
S20254;380;2;24540;24545;1
S20254;380;3;24545;24550;1
S20254;380;4;24550;24555;1
S20254;380;5;24555;24560;1
S20254;380;6;24560;24565;1
S20254;380;43;24565;24600;1
S20254;380;43;26830;26840;0
S20254;380;6;26840;26845;0
S20254;380;5;26845;26850;0
S20254;380;4;26850;26855;0
S20254;380;3;26855;26860;0
S20254;380;2;26860;26865;0
S20254;380;1;26865;26885;0
S20254;381;0;24525;24525;1
S20254;381;1;24535;24555;1
S20254;381;2;24555;24560;1
S20254;381;3;24560;24565;1
S20254;381;20;24565;24600;1
S20254;381;20;27490;27500;0
S20254;381;3;27500;27505;0
S20254;381;2;27505;27510;0
S20254;381;1;27510;27530;0
S20254;382;0;24895;24895;1
S20254;382;1;30040;30060;1
S20254;382;2;30060;30065;1
S20254;382;3;30065;30070;1
S20254;382;4;30070;30075;1
S20254;382;5;30075;30080;1
S20254;382;6;30080;30085;1
S20254;382;7;30085;30090;1
S20254;382;8;30090;30095;1
S20254;382;9;30095;30100;1
S20254;382;10;30100;30105;1
S20254;382;53;30105;30120;1
S20254;382;53;32795;32825;0
S20254;382;10;32825;32830;0
S20254;382;9;32830;32835;0
S20254;382;8;32835;32840;0
S20254;382;7;32840;32845;0
S20254;382;6;32845;32850;0
S20254;382;5;32850;32855;0
S20254;382;4;32855;32860;0
S20254;382;3;32860;32865;0
S20254;382;2;32865;32870;0
S20254;382;1;32870;32890;0
S20254;383;0;25095;25095;1
S20254;383;1;25095;25115;1
S20254;383;2;25115;25120;1
S20254;383;3;25120;25125;1
S20254;383;4;25125;25130;1
S20254;383;5;25130;25135;1
S20254;383;36;25135;25150;1
S20254;383;36;25720;25750;0
S20254;383;5;25750;25755;0
S20254;383;4;25755;25760;0
S20254;383;3;25760;25765;0
S20254;383;2;25765;25770;0
S20254;383;1;25770;25790;0
S20254;384;0;25100;25100;1
S20254;384;1;30025;30045;1
S20254;384;2;30045;30050;1
S20254;384;3;30050;30055;1
S20254;384;4;30055;30060;1
S20254;384;5;30060;30065;1
S20254;384;6;30065;30070;1
S20254;384;7;30070;30075;1
S20254;384;8;30075;30080;1
S20254;384;9;30080;30085;1
S20254;384;10;30085;30090;1
S20254;384;11;30090;30095;1
S20254;384;12;30095;30100;1
S20254;384;13;30100;30105;1
S20254;384;69;30105;30140;1
S20254;384;69;31960;31970;0
S20254;384;13;31970;31975;0
S20254;384;12;31975;31980;0
S20254;384;11;31980;31985;0
S20254;384;10;31985;31990;0
S20254;384;9;31990;31995;0
S20254;384;8;31995;32000;0
S20254;384;7;32000;32005;0
S20254;384;6;32005;32010;0
S20254;384;5;32010;32015;0
S20254;384;4;32015;32020;0
S20254;384;3;32020;32025;0
S20254;384;2;32025;32030;0
S20254;384;1;32030;32050;0
S20254;385;0;25100;25100;1
S20254;385;1;25975;25995;1
S20254;385;2;25995;26000;1
S20254;385;3;26000;26005;1
S20254;385;4;26005;26010;1
S20254;385;5;26010;26015;1
S20254;385;6;26015;26020;1
S20254;385;7;26020;26025;1
S20254;385;8;26025;26030;1
S20254;385;9;26030;26035;1
S20254;385;10;26035;26040;1
S20254;385;11;26040;26045;1
S20254;385;12;26045;26050;1
S20254;385;13;26050;26055;1
S20254;385;69;26055;26090;1
S20254;385;69;28130;28140;0
S20254;385;13;28140;28145;0
S20254;385;12;28145;28150;0
S20254;385;11;28150;28155;0
S20254;385;10;28155;28160;0
S20254;385;9;28160;28165;0
S20254;385;8;28165;28170;0
S20254;385;7;28170;28175;0
S20254;385;6;28175;28180;0
S20254;385;5;28180;28185;0
S20254;385;4;28185;28190;0
S20254;385;3;28190;28195;0
S20254;385;2;28195;28200;0
S20254;385;1;28200;28220;0
S20254;386;0;25410;25410;1
S20254;386;1;28240;28260;1
S20254;386;2;28260;28265;1
S20254;386;3;28265;28270;1
S20254;386;4;28270;28275;1
S20254;386;5;28275;28280;1
S20254;386;6;28280;28285;1
S20254;386;7;28285;28290;1
S20254;386;8;28290;28295;1
S20254;386;9;28295;28300;1
S20254;386;10;28300;28305;1
S20254;386;11;28305;28310;1
S20254;386;12;28310;28315;1
S20254;386;13;28315;28320;1
S20254;386;69;28320;28355;1
S20254;386;69;29930;29940;0
S20254;386;13;29940;29945;0
S20254;386;12;29945;29950;0
S20254;386;11;29950;29955;0
S20254;386;10;29955;29960;0
S20254;386;9;29960;29965;0
S20254;386;8;29965;29970;0
S20254;386;7;29970;29975;0
S20254;386;6;29975;29980;0
S20254;386;5;29980;29985;0
S20254;386;4;29985;29990;0
S20254;386;3;29990;29995;0
S20254;386;2;29995;30000;0
S20254;386;1;30000;30020;0
S20254;387;0;25440;25440;1
S20254;387;1;33045;33065;1
S20254;387;2;33065;33070;1
S20254;387;3;33070;33075;1
S20254;387;4;33075;33080;1
S20254;387;5;33080;33085;1
S20254;387;6;33085;33090;1
S20254;387;7;33090;33095;1
S20254;387;8;33095;33100;1
S20254;387;9;33100;33105;1
S20254;387;10;33105;33110;1
S20254;387;52;33110;33125;1
S20254;387;52;34270;34300;0
S20254;387;10;34300;34305;0
S20254;387;9;34305;34310;0
S20254;387;8;34310;34315;0
S20254;387;7;34315;34320;0
S20254;387;6;34320;34325;0
S20254;387;5;34325;34330;0
S20254;387;4;34330;34335;0
S20254;387;3;34335;34340;0
S20254;387;2;34340;34345;0
S20254;387;1;34345;34365;0
S20254;388;0;25445;25445;1
S20254;388;1;25460;25480;1
S20254;388;2;25480;25485;1
S20254;388;3;25485;25490;1
S20254;388;4;25490;25495;1
S20254;388;5;25495;25500;1
S20254;388;6;25500;25505;1
S20254;388;7;25505;25510;1
S20254;388;8;25510;25515;1
S20254;388;9;25515;25520;1
S20254;388;10;25520;25525;1
S20254;388;53;25525;25540;1
S20254;388;53;26190;26220;0
S20254;388;10;26220;26225;0
S20254;388;9;26225;26230;0
S20254;388;8;26230;26235;0
S20254;388;7;26235;26240;0
S20254;388;6;26240;26245;0
S20254;388;5;26245;26250;0
S20254;388;4;26250;26255;0
S20254;388;3;26255;26260;0
S20254;388;2;26260;26265;0
S20254;388;1;26265;26285;0
S20254;389;0;25525;25525;1
S20254;389;1;25540;25560;1
S20254;389;2;25560;25565;1
S20254;389;3;25565;25570;1
S20254;389;4;25570;25575;1
S20254;389;5;25575;25580;1
S20254;389;6;25580;25585;1
S20254;389;7;25585;25590;1
S20254;389;8;25590;25595;1
S20254;389;9;25595;25600;1
S20254;389;10;25600;25605;1
S20254;389;11;25605;25610;1
S20254;389;12;25610;25615;1
S20254;389;13;25615;25620;1
S20254;389;67;25620;25635;1
S20254;389;67;27555;27585;0
S20254;389;13;27585;27590;0
S20254;389;12;27590;27595;0
S20254;389;11;27595;27600;0
S20254;389;10;27600;27605;0
S20254;389;9;27605;27610;0
S20254;389;8;27610;27615;0
S20254;389;7;27615;27620;0
S20254;389;6;27620;27625;0
S20254;389;5;27625;27630;0
S20254;389;4;27630;27635;0
S20254;389;3;27635;27640;0
S20254;389;2;27640;27645;0
S20254;389;1;27645;27665;0
S20254;390;0;25560;25560;1
S20254;390;1;25560;25580;1
S20254;390;2;25580;25585;1
S20254;390;3;25585;25590;1
S20254;390;18;25590;25625;1
S20254;390;18;31105;31115;0
S20254;390;3;31115;31120;0
S20254;390;2;31120;31125;0
S20254;390;1;31125;31145;0
S20254;391;0;25660;25660;1
S20254;391;1;25660;25680;1
S20254;391;2;25680;25685;1
S20254;391;3;25685;25690;1
S20254;391;4;25690;25695;1
S20254;391;5;25695;25700;1
S20254;391;6;25700;25705;1
S20254;391;7;25705;25710;1
S20254;391;8;25710;25715;1
S20254;391;9;25715;25720;1
S20254;391;50;25720;25755;1
S20254;391;50;29400;29410;0
S20254;391;9;29410;29415;0
S20254;391;8;29415;29420;0
S20254;391;7;29420;29425;0
S20254;391;6;29425;29430;0
S20254;391;5;29430;29435;0
S20254;391;4;29435;29440;0
S20254;391;3;29440;29445;0
S20254;391;2;29445;29450;0
S20254;391;1;29450;29470;0
S20254;392;0;25780;25780;1
S20254;392;1;26040;26060;1
S20254;392;2;26060;26065;1
S20254;392;3;26065;26070;1
S20254;392;4;26070;26075;1
S20254;392;5;26075;26080;1
S20254;392;27;26080;26115;1
S20254;392;27;37830;37840;0
S20254;392;5;37840;37845;0
S20254;392;4;37845;37850;0
S20254;392;3;37850;37855;0
S20254;392;2;37855;37860;0
S20254;392;1;37860;37880;0
S20254;393;0;25980;25980;1
S20254;393;1;25990;26010;1
S20254;393;2;26010;26015;1
S20254;393;3;26015;26020;1
S20254;393;4;26020;26025;1
S20254;393;5;26025;26030;1
S20254;393;6;26030;26035;1
S20254;393;7;26035;26040;1
S20254;393;8;26040;26045;1
S20254;393;9;26045;26050;1
S20254;393;10;26050;26055;1
S20254;393;11;26055;26060;1
S20254;393;12;26060;26065;1
S20254;393;65;26065;26100;1
S20254;393;65;27650;27660;0
S20254;393;12;27660;27665;0
S20254;393;11;27665;27670;0
S20254;393;10;27670;27675;0
S20254;393;9;27675;27680;0
S20254;393;8;27680;27685;0
S20254;393;7;27685;27690;0
S20254;393;6;27690;27695;0
S20254;393;5;27695;27700;0
S20254;393;4;27700;27705;0
S20254;393;3;27705;27710;0
S20254;393;2;27710;27715;0
S20254;393;1;27715;27735;0
S20254;394;0;26310;26310;1
S20254;394;1;30305;30325;1
S20254;394;2;30325;30330;1
S20254;394;3;30330;30335;1
S20254;394;4;30335;30340;1
S20254;394;5;30340;30345;1
S20254;394;6;30345;30350;1
S20254;394;7;30350;30355;1
S20254;394;8;30355;30360;1
S20254;394;9;30360;30365;1
S20254;394;51;30365;30400;1
S20254;394;51;35140;35150;0
S20254;394;9;35150;35155;0
S20254;394;8;35155;35160;0
S20254;394;7;35160;35165;0
S20254;394;6;35165;35170;0
S20254;394;5;35170;35175;0
S20254;394;4;35175;35180;0
S20254;394;3;35180;35185;0
S20254;394;2;35185;35190;0
S20254;394;1;35190;35210;0
S20254;395;0;26355;26355;1
S20254;395;1;26355;26375;1
S20254;395;2;26375;26380;1
S20254;395;3;26380;26385;1
S20254;395;4;26385;26390;1
S20254;395;5;26390;26395;1
S20254;395;36;26395;26410;1
S20254;395;36;27485;27515;0
S20254;395;5;27515;27520;0
S20254;395;4;27520;27525;0
S20254;395;3;27525;27530;0
S20254;395;2;27530;27535;0
S20254;395;1;27535;27555;0
S20254;396;0;26630;26630;1
S20254;396;1;29570;29590;1
S20254;396;2;29590;29595;1
S20254;396;3;29595;29600;1
S20254;396;4;29600;29605;1
S20254;396;5;29605;29610;1
S20254;396;6;29610;29615;1
S20254;396;7;29615;29620;1
S20254;396;8;29620;29625;1
S20254;396;9;29625;29630;1
S20254;396;10;29630;29635;1
S20254;396;52;29635;29670;1
S20254;396;52;31050;31060;0
S20254;396;10;31060;31065;0
S20254;396;9;31065;31070;0
S20254;396;8;31070;31075;0
S20254;396;7;31075;31080;0
S20254;396;6;31080;31085;0
S20254;396;5;31085;31090;0
S20254;396;4;31090;31095;0
S20254;396;3;31095;31100;0
S20254;396;2;31100;31105;0
S20254;396;1;31105;31125;0
S20254;397;0;26670;26670;1
S20254;397;1;27450;27470;1
S20254;397;2;27470;27475;1
S20254;397;3;27475;27480;1
S20254;397;4;27480;27485;1
S20254;397;5;27485;27490;1
S20254;397;36;27490;27525;1
S20254;397;36;27920;27930;0
S20254;397;5;27930;27935;0
S20254;397;4;27935;27940;0
S20254;397;3;27940;27945;0
S20254;397;2;27945;27950;0
S20254;397;1;27950;27970;0
S20254;398;0;26760;26760;1
S20254;398;1;27235;27255;1
S20254;398;2;27255;27260;1
S20254;398;3;27260;27265;1
S20254;398;4;27265;27270;1
S20254;398;5;27270;27275;1
S20254;398;6;27275;27280;1
S20254;398;7;27280;27285;1
S20254;398;8;27285;27290;1
S20254;398;9;27290;27295;1
S20254;398;10;27295;27300;1
S20254;398;11;27300;27305;1
S20254;398;12;27305;27310;1
S20254;398;13;27310;27315;1
S20254;398;68;27315;27330;1
S20254;398;68;31270;31300;0
S20254;398;13;31300;31305;0
S20254;398;12;31305;31310;0
S20254;398;11;31310;31315;0
S20254;398;10;31315;31320;0
S20254;398;9;31320;31325;0
S20254;398;8;31325;31330;0
S20254;398;7;31330;31335;0
S20254;398;6;31335;31340;0
S20254;398;5;31340;31345;0
S20254;398;4;31345;31350;0
S20254;398;3;31350;31355;0
S20254;398;2;31355;31360;0
S20254;398;1;31360;31380;0
S20254;399;0;26840;26840;1
S20254;399;1;27390;27410;1
S20254;399;2;27410;27415;1
S20254;399;3;27415;27420;1
S20254;399;4;27420;27425;1
S20254;399;5;27425;27430;1
S20254;399;6;27430;27435;1
S20254;399;7;27435;27440;1
S20254;399;8;27440;27445;1
S20254;399;9;27445;27450;1
S20254;399;10;27450;27455;1
S20254;399;11;27455;27460;1
S20254;399;12;27460;27465;1
S20254;399;13;27465;27470;1
S20254;399;14;27470;27475;1
S20254;399;15;27475;27480;1
S20254;399;16;27480;27495;1
S20254;399;73;27495;27540;1
S20254;399;73;36705;36715;0
S20254;399;16;36715;36730;0
S20254;399;15;36730;36735;0
S20254;399;14;36735;36740;0
S20254;399;13;36740;36745;0
S20254;399;12;36745;36750;0
S20254;399;11;36750;36755;0
S20254;399;10;36755;36760;0
S20254;399;9;36760;36765;0
S20254;399;8;36765;36770;0
S20254;399;7;36770;36775;0
S20254;399;6;36775;36780;0
S20254;399;5;36780;36785;0
S20254;399;4;36785;36790;0
S20254;399;3;36790;36795;0
S20254;399;2;36795;36800;0
S20254;399;1;36800;36820;0
S20254;400;0;26940;26940;1
S20254;400;1;40360;40380;1
S20254;400;2;40380;40385;1
S20254;400;3;40385;40390;1
S20254;400;4;40390;40395;1
S20254;400;5;40395;40400;1
S20254;400;6;40400;40405;1
S20254;400;7;40405;40410;1
S20254;400;8;40410;40415;1
S20254;400;9;40415;40420;1
S20254;400;10;40420;40425;1
S20254;400;11;40425;40430;1
S20254;400;12;40430;40435;1
S20254;400;13;40435;40440;1
S20254;400;14;40440;40445;1
S20254;400;15;40445;40450;1
S20254;400;16;40450;40465;1
S20254;400;74;40465;40510;1
S20254;400;74;45105;45115;0
S20254;400;16;45115;45130;0
S20254;400;15;45130;45135;0
S20254;400;14;45135;45140;0
S20254;400;13;45140;45145;0
S20254;400;12;45145;45150;0
S20254;400;11;45150;45155;0
S20254;400;10;45155;45160;0
S20254;400;9;45160;45165;0
S20254;400;8;45165;45170;0
S20254;400;7;45170;45175;0
S20254;400;6;45175;45180;0
S20254;400;5;45180;45185;0
S20254;400;4;45185;45190;0
S20254;400;3;45190;45195;0
S20254;400;2;45195;45200;0
S20254;400;1;45200;45220;0
S20254;401;0;26940;26940;1
S20254;401;1;26940;26960;1
S20254;401;2;26960;26965;1
S20254;401;3;26965;26970;1
S20254;401;4;26970;26975;1
S20254;401;5;26975;26980;1
S20254;401;6;26980;26985;1
S20254;401;41;26985;27000;1
S20254;401;41;33430;33460;0
S20254;401;6;33460;33465;0
S20254;401;5;33465;33470;0
S20254;401;4;33470;33475;0
S20254;401;3;33475;33480;0
S20254;401;2;33480;33485;0
S20254;401;1;33485;33505;0
S20254;402;0;26970;26970;1
S20254;402;1;26990;27010;1
S20254;402;2;27010;27015;1
S20254;402;3;27015;27020;1
S20254;402;4;27020;27025;1
S20254;402;5;27025;27030;1
S20254;402;6;27030;27035;1
S20254;402;7;27035;27040;1
S20254;402;8;27040;27045;1
S20254;402;9;27045;27050;1
S20254;402;10;27050;27055;1
S20254;402;11;27055;27060;1
S20254;402;60;27060;27095;1
S20254;402;60;30450;30460;0
S20254;402;11;30460;30465;0
S20254;402;10;30465;30470;0
S20254;402;9;30470;30475;0
S20254;402;8;30475;30480;0
S20254;402;7;30480;30485;0
S20254;402;6;30485;30490;0
S20254;402;5;30490;30495;0
S20254;402;4;30495;30500;0
S20254;402;3;30500;30505;0
S20254;402;2;30505;30510;0
S20254;402;1;30510;30530;0
S20254;403;0;27160;27160;1
S20254;403;1;27180;27200;1
S20254;403;2;27200;27205;1
S20254;403;3;27205;27210;1
S20254;403;4;27210;27215;1
S20254;403;5;27215;27220;1
S20254;403;6;27220;27225;1
S20254;403;7;27225;27230;1
S20254;403;8;27230;27235;1
S20254;403;9;27235;27240;1
S20254;403;10;27240;27245;1
S20254;403;11;27245;27250;1
S20254;403;62;27250;27265;1
S20254;403;62;29775;29805;0
S20254;403;11;29805;29810;0
S20254;403;10;29810;29815;0
S20254;403;9;29815;29820;0
S20254;403;8;29820;29825;0
S20254;403;7;29825;29830;0
S20254;403;6;29830;29835;0
S20254;403;5;29835;29840;0
S20254;403;4;29840;29845;0
S20254;403;3;29845;29850;0
S20254;403;2;29850;29855;0
S20254;403;1;29855;29875;0
S20254;404;0;27180;27180;1
S20254;404;1;27350;27370;1
S20254;404;2;27370;27375;1
S20254;404;3;27375;27380;1
S20254;404;4;27380;27385;1
S20254;404;5;27385;27390;1
S20254;404;6;27390;27395;1
S20254;404;7;27395;27400;1
S20254;404;8;27400;27405;1
S20254;404;9;27405;27410;1
S20254;404;10;27410;27415;1
S20254;404;11;27415;27420;1
S20254;404;88;27420;27455;1
S20254;404;88;32275;32285;0
S20254;404;11;32285;32290;0
S20254;404;10;32290;32295;0
S20254;404;9;32295;32300;0
S20254;404;8;32300;32305;0
S20254;404;7;32305;32310;0
S20254;404;6;32310;32315;0
S20254;404;5;32315;32320;0
S20254;404;4;32320;32325;0
S20254;404;3;32325;32330;0
S20254;404;2;32330;32335;0
S20254;404;1;32335;32355;0
S20254;405;0;27390;27390;1
S20254;405;1;27405;27425;1
S20254;405;2;27425;27430;1
S20254;405;3;27430;27435;1
S20254;405;4;27435;27440;1
S20254;405;5;27440;27445;1
S20254;405;6;27445;27450;1
S20254;405;7;27450;27455;1
S20254;405;8;27455;27460;1
S20254;405;9;27460;27465;1
S20254;405;10;27465;27470;1
S20254;405;11;27470;27475;1
S20254;405;12;27475;27480;1
S20254;405;64;27480;27495;1
S20254;405;64;29170;29200;0
S20254;405;12;29200;29205;0
S20254;405;11;29205;29210;0
S20254;405;10;29210;29215;0
S20254;405;9;29215;29220;0
S20254;405;8;29220;29225;0
S20254;405;7;29225;29230;0
S20254;405;6;29230;29235;0
S20254;405;5;29235;29240;0
S20254;405;4;29240;29245;0
S20254;405;3;29245;29250;0
S20254;405;2;29250;29255;0
S20254;405;1;29255;29275;0
S20254;406;0;27435;27435;1
S20254;406;1;27435;27455;1
S20254;406;2;27455;27460;1
S20254;406;3;27460;27465;1
S20254;406;4;27465;27470;1
S20254;406;5;27470;27475;1
S20254;406;6;27475;27480;1
S20254;406;7;27480;27485;1
S20254;406;8;27485;27490;1
S20254;406;9;27490;27495;1
S20254;406;10;27495;27500;1
S20254;406;11;27500;27505;1
S20254;406;12;27505;27510;1
S20254;406;66;27510;27525;1
S20254;406;66;30125;30155;0
S20254;406;12;30155;30160;0
S20254;406;11;30160;30165;0
S20254;406;10;30165;30170;0
S20254;406;9;30170;30175;0
S20254;406;8;30175;30180;0
S20254;406;7;30180;30185;0
S20254;406;6;30185;30190;0
S20254;406;5;30190;30195;0
S20254;406;4;30195;30200;0
S20254;406;3;30200;30205;0
S20254;406;2;30205;30210;0
S20254;406;1;30210;30230;0
S20254;407;0;27440;27440;1
S20254;407;1;27755;27775;1
S20254;407;2;27775;27780;1
S20254;407;3;27780;27785;1
S20254;407;4;27785;27790;1
S20254;407;5;27790;27795;1
S20254;407;6;27795;27800;1
S20254;407;7;27800;27805;1
S20254;407;8;27805;27810;1
S20254;407;9;27810;27815;1
S20254;407;10;27815;27820;1
S20254;407;11;27820;27825;1
S20254;407;56;27825;27840;1
S20254;407;56;38495;38525;0
S20254;407;11;38525;38530;0
S20254;407;10;38530;38535;0
S20254;407;9;38535;38540;0
S20254;407;8;38540;38545;0
S20254;407;7;38545;38550;0
S20254;407;6;38550;38555;0
S20254;407;5;38555;38560;0
S20254;407;4;38560;38565;0
S20254;407;3;38565;38570;0
S20254;407;2;38570;38575;0
S20254;407;1;38575;38595;0
S20254;408;0;27485;27485;1
S20254;408;1;41790;41810;1
S20254;408;2;41810;41815;1
S20254;408;3;41815;41820;1
S20254;408;4;41820;41825;1
S20254;408;23;41825;41860;1
S20254;408;23;46125;46135;0
S20254;408;4;46135;46140;0
S20254;408;3;46140;46145;0
S20254;408;2;46145;46150;0
S20254;408;1;46150;46170;0
S20254;409;0;27600;27600;1
S20254;409;1;27740;27760;1
S20254;409;2;27760;27765;1
S20254;409;3;27765;27770;1
S20254;409;4;27770;27775;1
S20254;409;5;27775;27780;1
S20254;409;6;27780;27785;1
S20254;409;7;27785;27790;1
S20254;409;8;27790;27795;1
S20254;409;9;27795;27800;1
S20254;409;10;27800;27805;1
S20254;409;11;27805;27810;1
S20254;409;12;27810;27815;1
S20254;409;65;27815;27850;1
S20254;409;65;30110;30120;0
S20254;409;12;30120;30125;0
S20254;409;11;30125;30130;0
S20254;409;10;30130;30135;0
S20254;409;9;30135;30140;0
S20254;409;8;30140;30145;0
S20254;409;7;30145;30150;0
S20254;409;6;30150;30155;0
S20254;409;5;30155;30160;0
S20254;409;4;30160;30165;0
S20254;409;3;30165;30170;0
S20254;409;2;30170;30175;0
S20254;409;1;30175;30195;0
S20254;410;0;27620;27620;1
S20254;410;1;40615;40635;1
S20254;410;2;40635;40640;1
S20254;410;3;40640;40645;1
S20254;410;4;40645;40650;1
S20254;410;5;40650;40655;1
S20254;410;31;40655;40690;1
S20254;410;31;44820;44830;0
S20254;410;5;44830;44835;0
S20254;410;4;44835;44840;0
S20254;410;3;44840;44845;0
S20254;410;2;44845;44850;0
S20254;410;1;44850;44870;0
S20254;411;0;27720;27720;1
S20254;411;1;27770;27790;1
S20254;411;2;27790;27795;1
S20254;411;3;27795;27800;1
S20254;411;4;27800;27805;1
S20254;411;5;27805;27810;1
S20254;411;6;27810;27815;1
S20254;411;7;27815;27820;1
S20254;411;8;27820;27825;1
S20254;411;9;27825;27830;1
S20254;411;10;27830;27835;1
S20254;411;53;27835;27850;1
S20254;411;53;29820;29850;0
S20254;411;10;29850;29855;0
S20254;411;9;29855;29860;0
S20254;411;8;29860;29865;0
S20254;411;7;29865;29870;0
S20254;411;6;29870;29875;0
S20254;411;5;29875;29880;0
S20254;411;4;29880;29885;0
S20254;411;3;29885;29890;0
S20254;411;2;29890;29895;0
S20254;411;1;29895;29915;0
S20254;412;0;27845;27845;1
S20254;412;1;27845;27865;1
S20254;412;2;27865;27870;1
S20254;412;3;27870;27875;1
S20254;412;20;27875;27910;1
S20254;412;20;30640;30650;0
S20254;412;3;30650;30655;0
S20254;412;2;30655;30660;0
S20254;412;1;30660;30680;0
S20254;413;0;27870;27870;1
S20254;413;1;29100;29120;1
S20254;413;2;29120;29125;1
S20254;413;3;29125;29130;1
S20254;413;4;29130;29135;1
S20254;413;5;29135;29140;1
S20254;413;6;29140;29145;1
S20254;413;7;29145;29150;1
S20254;413;8;29150;29155;1
S20254;413;9;29155;29160;1
S20254;413;10;29160;29165;1
S20254;413;11;29165;29170;1
S20254;413;12;29170;29175;1
S20254;413;64;29175;29210;1
S20254;413;64;30640;30650;0
S20254;413;12;30650;30655;0
S20254;413;11;30655;30660;0
S20254;413;10;30660;30665;0
S20254;413;9;30665;30670;0
S20254;413;8;30670;30675;0
S20254;413;7;30675;30680;0
S20254;413;6;30680;30685;0
S20254;413;5;30685;30690;0
S20254;413;4;30690;30695;0
S20254;413;3;30695;30700;0
S20254;413;2;30700;30705;0
S20254;413;1;30705;30725;0
S20254;414;0;27910;27910;1
S20254;414;1;27975;27995;1
S20254;414;2;27995;28000;1
S20254;414;3;28000;28005;1
S20254;414;4;28005;28010;1
S20254;414;5;28010;28015;1
S20254;414;6;28015;28020;1
S20254;414;7;28020;28025;1
S20254;414;8;28025;28030;1
S20254;414;9;28030;28035;1
S20254;414;10;28035;28040;1
S20254;414;11;28040;28045;1
S20254;414;61;28045;28060;1
S20254;414;61;30465;30495;0
S20254;414;11;30495;30500;0
S20254;414;10;30500;30505;0
S20254;414;9;30505;30510;0
S20254;414;8;30510;30515;0
S20254;414;7;30515;30520;0
S20254;414;6;30520;30525;0
S20254;414;5;30525;30530;0
S20254;414;4;30530;30535;0
S20254;414;3;30535;30540;0
S20254;414;2;30540;30545;0
S20254;414;1;30545;30565;0
S20254;415;0;28005;28005;1
S20254;415;1;47355;47375;1
S20254;415;2;47375;47380;1
S20254;415;3;47380;47385;1
S20254;415;17;47385;47420;1
S20254;415;17;49990;50000;0
S20254;415;3;50000;50005;0
S20254;415;2;50005;50010;0
S20254;415;1;50010;50030;0
S20254;416;0;28110;28110;1
S20254;416;1;28115;28135;1
S20254;416;2;28135;28140;1
S20254;416;3;28140;28145;1
S20254;416;4;28145;28150;1
S20254;416;5;28150;28155;1
S20254;416;35;28155;28170;1
S20254;416;35;28915;28945;0
S20254;416;5;28945;28950;0
S20254;416;4;28950;28955;0
S20254;416;3;28955;28960;0
S20254;416;2;28960;28965;0
S20254;416;1;28965;28985;0
S20254;417;0;28245;28245;1
S20254;417;1;28290;28310;1
S20254;417;2;28310;28315;1
S20254;417;3;28315;28320;1
S20254;417;4;28320;28325;1
S20254;417;22;28325;28340;1
S20254;417;22;43950;43980;0
S20254;417;4;43980;43985;0
S20254;417;3;43985;43990;0
S20254;417;2;43990;43995;0
S20254;417;1;43995;44015;0
S20254;418;0;28250;28250;1
S20254;418;1;34610;34630;1
S20254;418;2;34630;34635;1
S20254;418;3;34635;34640;1
S20254;418;4;34640;34645;1
S20254;418;26;34645;34680;1
S20254;418;26;35125;35135;0
S20254;418;4;35135;35140;0
S20254;418;3;35140;35145;0
S20254;418;2;35145;35150;0
S20254;418;1;35150;35170;0
S20254;419;0;28380;28380;1
S20254;419;1;28380;28400;1
S20254;419;2;28400;28405;1
S20254;419;3;28405;28410;1
S20254;419;4;28410;28415;1
S20254;419;5;28415;28420;1
S20254;419;33;28420;28435;1
S20254;419;33;29365;29395;0
S20254;419;5;29395;29400;0
S20254;419;4;29400;29405;0
S20254;419;3;29405;29410;0
S20254;419;2;29410;29415;0
S20254;419;1;29415;29435;0
S20254;420;0;28440;28440;1
S20254;420;1;38990;39010;1
S20254;420;2;39010;39015;1
S20254;420;3;39015;39020;1
S20254;420;4;39020;39025;1
S20254;420;24;39025;39060;1
S20254;420;24;46780;46790;0
S20254;420;4;46790;46795;0
S20254;420;3;46795;46800;0
S20254;420;2;46800;46805;0
S20254;420;1;46805;46825;0
S20254;421;0;28615;28615;1
S20254;421;1;28615;28635;1
S20254;421;84;28635;28670;1
S20254;421;84;31335;31345;0
S20254;421;1;31345;31365;0
S20254;422;0;28675;28675;1
S20254;422;1;28675;28695;1
S20254;422;2;28695;28700;1
S20254;422;3;28700;28705;1
S20254;422;19;28705;28740;1
S20254;422;19;36525;36535;0
S20254;422;3;36535;36540;0
S20254;422;2;36540;36545;0
S20254;422;1;36545;36565;0
S20254;423;0;28830;28830;1
S20254;423;1;28855;28875;1
S20254;423;2;28875;28880;1
S20254;423;3;28880;28885;1
S20254;423;4;28885;28890;1
S20254;423;5;28890;28895;1
S20254;423;34;28895;28910;1
S20254;423;34;30090;30120;0
S20254;423;5;30120;30125;0
S20254;423;4;30125;30130;0
S20254;423;3;30130;30135;0
S20254;423;2;30135;30140;0
S20254;423;1;30140;30160;0
S20254;424;0;29020;29020;1
S20254;424;1;29925;29945;1
S20254;424;2;29945;29950;1
S20254;424;3;29950;29955;1
S20254;424;4;29955;29960;1
S20254;424;5;29960;29965;1
S20254;424;6;29965;29970;1
S20254;424;7;29970;29975;1
S20254;424;8;29975;29980;1
S20254;424;9;29980;29985;1
S20254;424;10;29985;29990;1
S20254;424;11;29990;29995;1
S20254;424;62;29995;30010;1
S20254;424;62;32830;32860;0
S20254;424;11;32860;32865;0
S20254;424;10;32865;32870;0
S20254;424;9;32870;32875;0
S20254;424;8;32875;32880;0
S20254;424;7;32880;32885;0
S20254;424;6;32885;32890;0
S20254;424;5;32890;32895;0
S20254;424;4;32895;32900;0
S20254;424;3;32900;32905;0
S20254;424;2;32905;32910;0
S20254;424;1;32910;32930;0
S20254;425;0;29085;29085;1
S20254;425;1;29085;29105;1
S20254;425;2;29105;29110;1
S20254;425;3;29110;29115;1
S20254;425;4;29115;29120;1
S20254;425;5;29120;29125;1
S20254;425;6;29125;29130;1
S20254;425;7;29130;29135;1
S20254;425;8;29135;29140;1
S20254;425;9;29140;29145;1
S20254;425;10;29145;29150;1
S20254;425;11;29150;29155;1
S20254;425;12;29155;29160;1
S20254;425;13;29160;29165;1
S20254;425;67;29165;29180;1
S20254;425;67;31695;31725;0
S20254;425;13;31725;31730;0
S20254;425;12;31730;31735;0
S20254;425;11;31735;31740;0
S20254;425;10;31740;31745;0
S20254;425;9;31745;31750;0
S20254;425;8;31750;31755;0
S20254;425;7;31755;31760;0
S20254;425;6;31760;31765;0
S20254;425;5;31765;31770;0
S20254;425;4;31770;31775;0
S20254;425;3;31775;31780;0
S20254;425;2;31780;31785;0
S20254;425;1;31785;31805;0
S20254;426;0;29100;29100;1
S20254;426;1;32370;32390;1
S20254;426;2;32390;32395;1
S20254;426;3;32395;32400;1
S20254;426;4;32400;32405;1
S20254;426;5;32405;32410;1
S20254;426;6;32410;32415;1
S20254;426;7;32415;32420;1
S20254;426;8;32420;32425;1
S20254;426;9;32425;32430;1
S20254;426;10;32430;32435;1
S20254;426;11;32435;32440;1
S20254;426;88;32440;32455;1
S20254;426;88;35445;35475;0
S20254;426;11;35475;35480;0
S20254;426;10;35480;35485;0
S20254;426;9;35485;35490;0
S20254;426;8;35490;35495;0
S20254;426;7;35495;35500;0
S20254;426;6;35500;35505;0
S20254;426;5;35505;35510;0
S20254;426;4;35510;35515;0
S20254;426;3;35515;35520;0
S20254;426;2;35520;35525;0
S20254;426;1;35525;35545;0
S20254;427;0;29115;29115;1
S20254;427;1;29115;29135;1
S20254;427;2;29135;29140;1
S20254;427;3;29140;29145;1
S20254;427;4;29145;29150;1
S20254;427;5;29150;29155;1
S20254;427;28;29155;29190;1
S20254;427;28;33440;33450;0
S20254;427;5;33450;33455;0
S20254;427;4;33455;33460;0
S20254;427;3;33460;33465;0
S20254;427;2;33465;33470;0
S20254;427;1;33470;33490;0
S20254;428;0;29185;29185;1
S20254;428;1;33095;33115;1
S20254;428;2;33115;33120;1
S20254;428;3;33120;33125;1
S20254;428;4;33125;33130;1
S20254;428;25;33130;33145;1
S20254;428;25;36895;36925;0
S20254;428;4;36925;36930;0
S20254;428;3;36930;36935;0
S20254;428;2;36935;36940;0
S20254;428;1;36940;36960;0
S20254;429;0;29365;29365;1
S20254;429;1;33080;33100;1
S20254;429;2;33100;33105;1
S20254;429;3;33105;33110;1
S20254;429;4;33110;33115;1
S20254;429;5;33115;33120;1
S20254;429;6;33120;33125;1
S20254;429;37;33125;33160;1
S20254;429;37;37505;37515;0
S20254;429;6;37515;37520;0
S20254;429;5;37520;37525;0
S20254;429;4;37525;37530;0
S20254;429;3;37530;37535;0
S20254;429;2;37535;37540;0
S20254;429;1;37540;37560;0
S20254;430;0;29650;29650;1
S20254;430;1;33225;33245;1
S20254;430;2;33245;33250;1
S20254;430;3;33250;33255;1
S20254;430;4;33255;33260;1
S20254;430;5;33260;33265;1
S20254;430;6;33265;33270;1
S20254;430;7;33270;33275;1
S20254;430;8;33275;33280;1
S20254;430;9;33280;33285;1
S20254;430;50;33285;33320;1
S20254;430;50;36705;36715;0
S20254;430;9;36715;36720;0
S20254;430;8;36720;36725;0
S20254;430;7;36725;36730;0
S20254;430;6;36730;36735;0
S20254;430;5;36735;36740;0
S20254;430;4;36740;36745;0
S20254;430;3;36745;36750;0
S20254;430;2;36750;36755;0
S20254;430;1;36755;36775;0
S20254;431;0;29660;29660;1
S20254;431;1;29780;29800;1
S20254;431;2;29800;29805;1
S20254;431;3;29805;29810;1
S20254;431;4;29810;29815;1
S20254;431;5;29815;29820;1
S20254;431;6;29820;29825;1
S20254;431;7;29825;29830;1
S20254;431;45;29830;29865;1
S20254;431;45;36240;36250;0
S20254;431;7;36250;36255;0
S20254;431;6;36255;36260;0
S20254;431;5;36260;36265;0
S20254;431;4;36265;36270;0
S20254;431;3;36270;36275;0
S20254;431;2;36275;36280;0
S20254;431;1;36280;36300;0
S20254;432;0;29700;29700;1
S20254;432;1;34595;34615;1
S20254;432;2;34615;34620;1
S20254;432;3;34620;34625;1
S20254;432;4;34625;34630;1
S20254;432;5;34630;34635;1
S20254;432;6;34635;34640;1
S20254;432;7;34640;34645;1
S20254;432;8;34645;34650;1
S20254;432;9;34650;34655;1
S20254;432;10;34655;34660;1
S20254;432;11;34660;34665;1
S20254;432;12;34665;34670;1
S20254;432;13;34670;34675;1
S20254;432;70;34675;34710;1
S20254;432;70;36785;36795;0
S20254;432;13;36795;36800;0
S20254;432;12;36800;36805;0
S20254;432;11;36805;36810;0
S20254;432;10;36810;36815;0
S20254;432;9;36815;36820;0
S20254;432;8;36820;36825;0
S20254;432;7;36825;36830;0
S20254;432;6;36830;36835;0
S20254;432;5;36835;36840;0
S20254;432;4;36840;36845;0
S20254;432;3;36845;36850;0
S20254;432;2;36850;36855;0
S20254;432;1;36855;36875;0
S20254;433;0;29760;29760;1
S20254;433;1;29760;29780;1
S20254;433;2;29780;29785;1
S20254;433;3;29785;29790;1
S20254;433;4;29790;29795;1
S20254;433;5;29795;29800;1
S20254;433;36;29800;29815;1
S20254;433;36;30625;30655;0
S20254;433;5;30655;30660;0
S20254;433;4;30660;30665;0
S20254;433;3;30665;30670;0
S20254;433;2;30670;30675;0
S20254;433;1;30675;30695;0
S20254;434;0;29950;29950;1
S20254;434;1;31595;31615;1
S20254;434;2;31615;31620;1
S20254;434;3;31620;31625;1
S20254;434;4;31625;31630;1
S20254;434;5;31630;31635;1
S20254;434;6;31635;31640;1
S20254;434;7;31640;31645;1
S20254;434;8;31645;31650;1
S20254;434;9;31650;31655;1
S20254;434;10;31655;31660;1
S20254;434;11;31660;31665;1
S20254;434;12;31665;31670;1
S20254;434;13;31670;31675;1
S20254;434;70;31675;31690;1
S20254;434;70;34185;34215;0
S20254;434;13;34215;34220;0
S20254;434;12;34220;34225;0
S20254;434;11;34225;34230;0
S20254;434;10;34230;34235;0
S20254;434;9;34235;34240;0
S20254;434;8;34240;34245;0
S20254;434;7;34245;34250;0
S20254;434;6;34250;34255;0
S20254;434;5;34255;34260;0
S20254;434;4;34260;34265;0
S20254;434;3;34265;34270;0
S20254;434;2;34270;34275;0
S20254;434;1;34275;34295;0
S20254;435;0;29985;29985;1
S20254;435;1;43520;43540;1
S20254;435;2;43540;43545;1
S20254;435;3;43545;43550;1
S20254;435;4;43550;43555;1
S20254;435;5;43555;43560;1
S20254;435;6;43560;43565;1
S20254;435;7;43565;43570;1
S20254;435;8;43570;43575;1
S20254;435;9;43575;43580;1
S20254;435;10;43580;43585;1
S20254;435;11;43585;43590;1
S20254;435;12;43590;43595;1
S20254;435;13;43595;43600;1
S20254;435;70;43600;43635;1
S20254;435;70;44850;44860;0
S20254;435;13;44860;44865;0
S20254;435;12;44865;44870;0
S20254;435;11;44870;44875;0
S20254;435;10;44875;44880;0
S20254;435;9;44880;44885;0
S20254;435;8;44885;44890;0
S20254;435;7;44890;44895;0
S20254;435;6;44895;44900;0
S20254;435;5;44900;44905;0
S20254;435;4;44905;44910;0
S20254;435;3;44910;44915;0
S20254;435;2;44915;44920;0
S20254;435;1;44920;44940;0
S20254;436;0;30060;30060;1
S20254;436;1;30350;30370;1
S20254;436;2;30370;30375;1
S20254;436;3;30375;30380;1
S20254;436;4;30380;30385;1
S20254;436;5;30385;30390;1
S20254;436;6;30390;30395;1
S20254;436;7;30395;30400;1
S20254;436;8;30400;30405;1
S20254;436;9;30405;30410;1
S20254;436;10;30410;30415;1
S20254;436;11;30415;30420;1
S20254;436;12;30420;30425;1
S20254;436;65;30425;30440;1
S20254;436;65;32140;32170;0
S20254;436;12;32170;32175;0
S20254;436;11;32175;32180;0
S20254;436;10;32180;32185;0
S20254;436;9;32185;32190;0
S20254;436;8;32190;32195;0
S20254;436;7;32195;32200;0
S20254;436;6;32200;32205;0
S20254;436;5;32205;32210;0
S20254;436;4;32210;32215;0
S20254;436;3;32215;32220;0
S20254;436;2;32220;32225;0
S20254;436;1;32225;32245;0
S20254;437;0;30330;30330;1
S20254;437;1;30330;30350;1
S20254;437;2;30350;30355;1
S20254;437;3;30355;30360;1
S20254;437;4;30360;30365;1
S20254;437;5;30365;30370;1
S20254;437;33;30370;30385;1
S20254;437;33;30810;30840;0
S20254;437;5;30840;30845;0
S20254;437;4;30845;30850;0
S20254;437;3;30850;30855;0
S20254;437;2;30855;30860;0
S20254;437;1;30860;30880;0
S20254;438;0;30360;30360;1
S20254;438;1;30370;30390;1
S20254;438;2;30390;30395;1
S20254;438;3;30395;30400;1
S20254;438;4;30400;30405;1
S20254;438;5;30405;30410;1
S20254;438;6;30410;30415;1
S20254;438;7;30415;30420;1
S20254;438;8;30420;30425;1
S20254;438;9;30425;30430;1
S20254;438;10;30430;30435;1
S20254;438;11;30435;30440;1
S20254;438;12;30440;30445;1
S20254;438;66;30445;30460;1
S20254;438;66;31680;31710;0
S20254;438;12;31710;31715;0
S20254;438;11;31715;31720;0
S20254;438;10;31720;31725;0
S20254;438;9;31725;31730;0
S20254;438;8;31730;31735;0
S20254;438;7;31735;31740;0
S20254;438;6;31740;31745;0
S20254;438;5;31745;31750;0
S20254;438;4;31750;31755;0
S20254;438;3;31755;31760;0
S20254;438;2;31760;31765;0
S20254;438;1;31765;31785;0
S20254;439;0;30570;30570;1
S20254;439;1;30570;30590;1
S20254;439;2;30590;30595;1
S20254;439;3;30595;30600;1
S20254;439;4;30600;30605;1
S20254;439;5;30605;30610;1
S20254;439;6;30610;30615;1
S20254;439;38;30615;30650;1
S20254;439;38;31375;31385;0
S20254;439;6;31385;31390;0
S20254;439;5;31390;31395;0
S20254;439;4;31395;31400;0
S20254;439;3;31400;31405;0
S20254;439;2;31405;31410;0
S20254;439;1;31410;31430;0
S20254;440;0;30630;30630;1
S20254;440;1;31545;31565;1
S20254;440;2;31565;31570;1
S20254;440;3;31570;31575;1
S20254;440;4;31575;31580;1
S20254;440;5;31580;31585;1
S20254;440;6;31585;31590;1
S20254;440;38;31590;31625;1
S20254;440;38;32470;32480;0
S20254;440;6;32480;32485;0
S20254;440;5;32485;32490;0
S20254;440;4;32490;32495;0
S20254;440;3;32495;32500;0
S20254;440;2;32500;32505;0
S20254;440;1;32505;32525;0
S20254;441;0;30780;30780;1
S20254;441;1;30780;30800;1
S20254;441;2;30800;30805;1
S20254;441;3;30805;30810;1
S20254;441;4;30810;30815;1
S20254;441;5;30815;30820;1
S20254;441;33;30820;30835;1
S20254;441;33;31965;31995;0
S20254;441;5;31995;32000;0
S20254;441;4;32000;32005;0
S20254;441;3;32005;32010;0
S20254;441;2;32010;32015;0
S20254;441;1;32015;32035;0
S20254;442;0;30865;30865;1
S20254;442;1;33115;33135;1
S20254;442;2;33135;33140;1
S20254;442;3;33140;33145;1
S20254;442;4;33145;33150;1
S20254;442;5;33150;33155;1
S20254;442;35;33155;33170;1
S20254;442;35;34865;34895;0
S20254;442;5;34895;34900;0
S20254;442;4;34900;34905;0
S20254;442;3;34905;34910;0
S20254;442;2;34910;34915;0
S20254;442;1;34915;34935;0
S20254;443;0;30870;30870;1
S20254;443;1;31435;31455;1
S20254;443;2;31455;31460;1
S20254;443;3;31460;31465;1
S20254;443;4;31465;31470;1
S20254;443;5;31470;31475;1
S20254;443;6;31475;31480;1
S20254;443;7;31480;31485;1
S20254;443;8;31485;31490;1
S20254;443;9;31490;31495;1
S20254;443;10;31495;31500;1
S20254;443;11;31500;31505;1
S20254;443;12;31505;31510;1
S20254;443;13;31510;31515;1
S20254;443;68;31515;31530;1
S20254;443;68;34085;34115;0
S20254;443;13;34115;34120;0
S20254;443;12;34120;34125;0
S20254;443;11;34125;34130;0
S20254;443;10;34130;34135;0
S20254;443;9;34135;34140;0
S20254;443;8;34140;34145;0
S20254;443;7;34145;34150;0
S20254;443;6;34150;34155;0
S20254;443;5;34155;34160;0
S20254;443;4;34160;34165;0
S20254;443;3;34165;34170;0
S20254;443;2;34170;34175;0
S20254;443;1;34175;34195;0
S20254;444;0;30925;30925;1
S20254;444;1;33525;33545;1
S20254;444;2;33545;33550;1
S20254;444;3;33550;33555;1
S20254;444;4;33555;33560;1
S20254;444;5;33560;33565;1
S20254;444;28;33565;33580;1
S20254;444;28;41020;41050;0
S20254;444;5;41050;41055;0
S20254;444;4;41055;41060;0
S20254;444;3;41060;41065;0
S20254;444;2;41065;41070;0
S20254;444;1;41070;41090;0
S20254;445;0;30990;30990;1
S20254;445;1;30990;31010;1
S20254;445;2;31010;31015;1
S20254;445;3;31015;31020;1
S20254;445;4;31020;31025;1
S20254;445;5;31025;31030;1
S20254;445;6;31030;31035;1
S20254;445;7;31035;31040;1
S20254;445;8;31040;31045;1
S20254;445;9;31045;31050;1
S20254;445;10;31050;31055;1
S20254;445;52;31055;31090;1
S20254;445;52;32660;32670;0
S20254;445;10;32670;32675;0
S20254;445;9;32675;32680;0
S20254;445;8;32680;32685;0
S20254;445;7;32685;32690;0
S20254;445;6;32690;32695;0
S20254;445;5;32695;32700;0
S20254;445;4;32700;32705;0
S20254;445;3;32705;32710;0
S20254;445;2;32710;32715;0
S20254;445;1;32715;32735;0
S20254;446;0;31020;31020;1
S20254;446;1;31020;31040;1
S20254;446;2;31040;31045;1
S20254;446;3;31045;31050;1
S20254;446;21;31050;31065;1
S20254;446;21;32945;32975;0
S20254;446;3;32975;32980;0
S20254;446;2;32980;32985;0
S20254;446;1;32985;33005;0
S20254;447;0;31020;31020;1
S20254;447;1;35265;35285;1
S20254;447;2;35285;35290;1
S20254;447;3;35290;35295;1
S20254;447;4;35295;35300;1
S20254;447;26;35300;35335;1
S20254;447;26;37930;37940;0
S20254;447;4;37940;37945;0
S20254;447;3;37945;37950;0
S20254;447;2;37950;37955;0
S20254;447;1;37955;37975;0
S20254;448;0;31070;31070;1
S20254;448;1;31190;31210;1
S20254;448;2;31210;31215;1
S20254;448;3;31215;31220;1
S20254;448;20;31220;31255;1
S20254;448;20;37995;38005;0
S20254;448;3;38005;38010;0
S20254;448;2;38010;38015;0
S20254;448;1;38015;38035;0
S20254;449;0;31155;31155;1
S20254;449;1;31175;31195;1
S20254;449;2;31195;31200;1
S20254;449;3;31200;31205;1
S20254;449;4;31205;31210;1
S20254;449;5;31210;31215;1
S20254;449;6;31215;31220;1
S20254;449;43;31220;31255;1
S20254;449;43;32860;32870;0
S20254;449;6;32870;32875;0
S20254;449;5;32875;32880;0
S20254;449;4;32880;32885;0
S20254;449;3;32885;32890;0
S20254;449;2;32890;32895;0
S20254;449;1;32895;32915;0
S20254;450;0;31200;31200;1
S20254;450;1;54720;54740;1
S20254;450;2;54740;54745;1
S20254;450;3;54745;54750;1
S20254;450;4;54750;54755;1
S20254;450;5;54755;54760;1
S20254;450;6;54760;54765;1
S20254;450;7;54765;54770;1
S20254;450;8;54770;54775;1
S20254;450;9;54775;54780;1
S20254;450;10;54780;54785;1
S20254;450;11;54785;54790;1
S20254;450;12;54790;54795;1
S20254;450;13;54795;54800;1
S20254;450;14;54800;54805;1
S20254;450;15;54805;54810;1
S20254;450;16;54810;54825;1
S20254;450;74;54825;54870;1
S20254;450;74;60160;60170;0
S20254;450;16;60170;60185;0
S20254;450;15;60185;60190;0
S20254;450;14;60190;60195;0
S20254;450;13;60195;60200;0
S20254;450;12;60200;60205;0
S20254;450;11;60205;60210;0
S20254;450;10;60210;60215;0
S20254;450;9;60215;60220;0
S20254;450;8;60220;60225;0
S20254;450;7;60225;60230;0
S20254;450;6;60230;60235;0
S20254;450;5;60235;60240;0
S20254;450;4;60240;60245;0
S20254;450;3;60245;60250;0
S20254;450;2;60250;60255;0
S20254;450;1;60255;60275;0
S20254;451;0;31200;31200;1
S20254;451;1;50560;50580;1
S20254;451;2;50580;50585;1
S20254;451;3;50585;50590;1
S20254;451;4;50590;50595;1
S20254;451;5;50595;50600;1
S20254;451;6;50600;50605;1
S20254;451;7;50605;50610;1
S20254;451;8;50610;50615;1
S20254;451;9;50615;50620;1
S20254;451;10;50620;50625;1
S20254;451;11;50625;50630;1
S20254;451;12;50630;50635;1
S20254;451;13;50635;50640;1
S20254;451;69;50640;50675;1
S20254;451;69;52005;52015;0
S20254;451;13;52015;52020;0
S20254;451;12;52020;52025;0
S20254;451;11;52025;52030;0
S20254;451;10;52030;52035;0
S20254;451;9;52035;52040;0
S20254;451;8;52040;52045;0
S20254;451;7;52045;52050;0
S20254;451;6;52050;52055;0
S20254;451;5;52055;52060;0
S20254;451;4;52060;52065;0
S20254;451;3;52065;52070;0
S20254;451;2;52070;52075;0
S20254;451;1;52075;52095;0
S20254;452;0;31500;31500;1
S20254;452;1;31500;31520;1
S20254;452;2;31520;31525;1
S20254;452;3;31525;31530;1
S20254;452;4;31530;31535;1
S20254;452;5;31535;31540;1
S20254;452;6;31540;31545;1
S20254;452;7;31545;31550;1
S20254;452;8;31550;31555;1
S20254;452;9;31555;31560;1
S20254;452;10;31560;31565;1
S20254;452;11;31565;31570;1
S20254;452;12;31570;31575;1
S20254;452;64;31575;31590;1
S20254;452;64;32645;32675;0
S20254;452;12;32675;32680;0
S20254;452;11;32680;32685;0
S20254;452;10;32685;32690;0
S20254;452;9;32690;32695;0
S20254;452;8;32695;32700;0
S20254;452;7;32700;32705;0
S20254;452;6;32705;32710;0
S20254;452;5;32710;32715;0
S20254;452;4;32715;32720;0
S20254;452;3;32720;32725;0
S20254;452;2;32725;32730;0
S20254;452;1;32730;32750;0
S20254;453;0;31575;31575;1
S20254;453;1;31575;31595;1
S20254;453;2;31595;31600;1
S20254;453;3;31600;31605;1
S20254;453;4;31605;31610;1
S20254;453;5;31610;31615;1
S20254;453;34;31615;31630;1
S20254;453;34;34050;34080;0
S20254;453;5;34080;34085;0
S20254;453;4;34085;34090;0
S20254;453;3;34090;34095;0
S20254;453;2;34095;34100;0
S20254;453;1;34100;34120;0
S20254;454;0;31620;31620;1
S20254;454;1;31620;31640;1
S20254;454;2;31640;31645;1
S20254;454;3;31645;31650;1
S20254;454;4;31650;31655;1
S20254;454;5;31655;31660;1
S20254;454;35;31660;31675;1
S20254;454;35;33130;33160;0
S20254;454;5;33160;33165;0
S20254;454;4;33165;33170;0
S20254;454;3;33170;33175;0
S20254;454;2;33175;33180;0
S20254;454;1;33180;33200;0
S20254;455;0;31875;31875;1
S20254;455;1;31875;31895;1
S20254;455;2;31895;31900;1
S20254;455;3;31900;31905;1
S20254;455;4;31905;31910;1
S20254;455;5;31910;31915;1
S20254;455;6;31915;31920;1
S20254;455;7;31920;31925;1
S20254;455;8;31925;31930;1
S20254;455;9;31930;31935;1
S20254;455;10;31935;31940;1
S20254;455;11;31940;31945;1
S20254;455;12;31945;31950;1
S20254;455;66;31950;31965;1
S20254;455;66;35315;35345;0
S20254;455;12;35345;35350;0
S20254;455;11;35350;35355;0
S20254;455;10;35355;35360;0
S20254;455;9;35360;35365;0
S20254;455;8;35365;35370;0
S20254;455;7;35370;35375;0
S20254;455;6;35375;35380;0
S20254;455;5;35380;35385;0
S20254;455;4;35385;35390;0
S20254;455;3;35390;35395;0
S20254;455;2;35395;35400;0
S20254;455;1;35400;35420;0
S20254;456;0;31880;31880;1
S20254;456;1;36570;36590;1
S20254;456;2;36590;36595;1
S20254;456;3;36595;36600;1
S20254;456;4;36600;36605;1
S20254;456;23;36605;36640;1
S20254;456;23;41190;41200;0
S20254;456;4;41200;41205;0
S20254;456;3;41205;41210;0
S20254;456;2;41210;41215;0
S20254;456;1;41215;41235;0
S20254;457;0;31990;31990;1
S20254;457;1;32070;32090;1
S20254;457;2;32090;32095;1
S20254;457;3;32095;32100;1
S20254;457;4;32100;32105;1
S20254;457;5;32105;32110;1
S20254;457;6;32110;32115;1
S20254;457;7;32115;32120;1
S20254;457;8;32120;32125;1
S20254;457;9;32125;32130;1
S20254;457;10;32130;32135;1
S20254;457;11;32135;32140;1
S20254;457;12;32140;32145;1
S20254;457;65;32145;32180;1
S20254;457;65;33720;33730;0
S20254;457;12;33730;33735;0
S20254;457;11;33735;33740;0
S20254;457;10;33740;33745;0
S20254;457;9;33745;33750;0
S20254;457;8;33750;33755;0
S20254;457;7;33755;33760;0
S20254;457;6;33760;33765;0
S20254;457;5;33765;33770;0
S20254;457;4;33770;33775;0
S20254;457;3;33775;33780;0
S20254;457;2;33780;33785;0
S20254;457;1;33785;33805;0
S20254;458;0;32025;32025;1
S20254;458;1;32530;32550;1
S20254;458;2;32550;32555;1
S20254;458;3;32555;32560;1
S20254;458;4;32560;32565;1
S20254;458;5;32565;32570;1
S20254;458;6;32570;32575;1
S20254;458;38;32575;32610;1
S20254;458;38;33285;33295;0
S20254;458;6;33295;33300;0
S20254;458;5;33300;33305;0
S20254;458;4;33305;33310;0
S20254;458;3;33310;33315;0
S20254;458;2;33315;33320;0
S20254;458;1;33320;33340;0
S20254;459;0;32060;32060;1
S20254;459;1;33345;33365;1
S20254;459;2;33365;33370;1
S20254;459;3;33370;33375;1
S20254;459;4;33375;33380;1
S20254;459;5;33380;33385;1
S20254;459;6;33385;33390;1
S20254;459;38;33390;33425;1
S20254;459;38;34085;34095;0
S20254;459;6;34095;34100;0
S20254;459;5;34100;34105;0
S20254;459;4;34105;34110;0
S20254;459;3;34110;34115;0
S20254;459;2;34115;34120;0
S20254;459;1;34120;34140;0
S20254;460;0;32310;32310;1
S20254;460;1;52130;52150;1
S20254;460;2;52150;52155;1
S20254;460;3;52155;52160;1
S20254;460;4;52160;52165;1
S20254;460;5;52165;52170;1
S20254;460;6;52170;52175;1
S20254;460;7;52175;52180;1
S20254;460;8;52180;52185;1
S20254;460;9;52185;52190;1
S20254;460;10;52190;52195;1
S20254;460;11;52195;52200;1
S20254;460;12;52200;52205;1
S20254;460;13;52205;52210;1
S20254;460;69;52210;52245;1
S20254;460;69;55155;55165;0
S20254;460;13;55165;55170;0
S20254;460;12;55170;55175;0
S20254;460;11;55175;55180;0
S20254;460;10;55180;55185;0
S20254;460;9;55185;55190;0
S20254;460;8;55190;55195;0
S20254;460;7;55195;55200;0
S20254;460;6;55200;55205;0
S20254;460;5;55205;55210;0
S20254;460;4;55210;55215;0
S20254;460;3;55215;55220;0
S20254;460;2;55220;55225;0
S20254;460;1;55225;55245;0
S20254;461;0;32325;32325;1
S20254;461;1;53295;53315;1
S20254;461;2;53315;53320;1
S20254;461;3;53320;53325;1
S20254;461;4;53325;53330;1
S20254;461;5;53330;53335;1
S20254;461;6;53335;53340;1
S20254;461;40;53340;53375;1
S20254;461;40;56870;56880;0
S20254;461;6;56880;56885;0
S20254;461;5;56885;56890;0
S20254;461;4;56890;56895;0
S20254;461;3;56895;56900;0
S20254;461;2;56900;56905;0
S20254;461;1;56905;56925;0
S20254;462;0;32460;32460;1
S20254;462;1;32580;32600;1
S20254;462;2;32600;32605;1
S20254;462;3;32605;32610;1
S20254;462;4;32610;32615;1
S20254;462;5;32615;32620;1
S20254;462;6;32620;32625;1
S20254;462;7;32625;32630;1
S20254;462;8;32630;32635;1
S20254;462;9;32635;32640;1
S20254;462;10;32640;32645;1
S20254;462;11;32645;32650;1
S20254;462;12;32650;32655;1
S20254;462;64;32655;32670;1
S20254;462;64;34075;34105;0
S20254;462;12;34105;34110;0
S20254;462;11;34110;34115;0
S20254;462;10;34115;34120;0
S20254;462;9;34120;34125;0
S20254;462;8;34125;34130;0
S20254;462;7;34130;34135;0
S20254;462;6;34135;34140;0
S20254;462;5;34140;34145;0
S20254;462;4;34145;34150;0
S20254;462;3;34150;34155;0
S20254;462;2;34155;34160;0
S20254;462;1;34160;34180;0
S20254;463;0;32520;32520;1
S20254;463;1;70670;70690;1
S20254;463;2;70690;70695;1
S20254;463;3;70695;70700;1
S20254;463;4;70700;70705;1
S20254;463;5;70705;70710;1
S20254;463;6;70710;70715;1
S20254;463;40;70715;70750;1
S20254;463;40;73160;73170;0
S20254;463;6;73170;73175;0
S20254;463;5;73175;73180;0
S20254;463;4;73180;73185;0
S20254;463;3;73185;73190;0
S20254;463;2;73190;73195;0
S20254;463;1;73195;73215;0
S20254;464;0;32700;32700;1
S20254;464;1;32755;32775;1
S20254;464;2;32775;32780;1
S20254;464;3;32780;32785;1
S20254;464;4;32785;32790;1
S20254;464;5;32790;32795;1
S20254;464;6;32795;32800;1
S20254;464;7;32800;32805;1
S20254;464;8;32805;32810;1
S20254;464;9;32810;32815;1
S20254;464;10;32815;32820;1
S20254;464;53;32820;32835;1
S20254;464;53;34450;34480;0
S20254;464;10;34480;34485;0
S20254;464;9;34485;34490;0
S20254;464;8;34490;34495;0
S20254;464;7;34495;34500;0
S20254;464;6;34500;34505;0
S20254;464;5;34505;34510;0
S20254;464;4;34510;34515;0
S20254;464;3;34515;34520;0
S20254;464;2;34520;34525;0
S20254;464;1;34525;34545;0
S20254;465;0;33010;33010;1
S20254;465;1;33985;34005;1
S20254;465;2;34005;34010;1
S20254;465;3;34010;34015;1
S20254;465;4;34015;34020;1
S20254;465;5;34020;34025;1
S20254;465;6;34025;34030;1
S20254;465;7;34030;34035;1
S20254;465;8;34035;34040;1
S20254;465;9;34040;34045;1
S20254;465;10;34045;34050;1
S20254;465;11;34050;34055;1
S20254;465;12;34055;34060;1
S20254;465;64;34060;34095;1
S20254;465;64;35140;35150;0
S20254;465;12;35150;35155;0
S20254;465;11;35155;35160;0
S20254;465;10;35160;35165;0
S20254;465;9;35165;35170;0
S20254;465;8;35170;35175;0
S20254;465;7;35175;35180;0
S20254;465;6;35180;35185;0
S20254;465;5;35185;35190;0
S20254;465;4;35190;35195;0
S20254;465;3;35195;35200;0
S20254;465;2;35200;35205;0
S20254;465;1;35205;35225;0
S20254;466;0;33060;33060;1
S20254;466;1;33060;33080;1
S20254;466;2;33080;33085;1
S20254;466;3;33085;33090;1
S20254;466;4;33090;33095;1
S20254;466;5;33095;33100;1
S20254;466;33;33100;33115;1
S20254;466;33;34760;34790;0
S20254;466;5;34790;34795;0
S20254;466;4;34795;34800;0
S20254;466;3;34800;34805;0
S20254;466;2;34805;34810;0
S20254;466;1;34810;34830;0
S20254;467;0;33080;33080;1
S20254;467;1;45230;45250;1
S20254;467;2;45250;45255;1
S20254;467;3;45255;45260;1
S20254;467;4;45260;45265;1
S20254;467;5;45265;45270;1
S20254;467;6;45270;45275;1
S20254;467;7;45275;45280;1
S20254;467;8;45280;45285;1
S20254;467;9;45285;45290;1
S20254;467;10;45290;45295;1
S20254;467;11;45295;45300;1
S20254;467;12;45300;45305;1
S20254;467;13;45305;45310;1
S20254;467;14;45310;45315;1
S20254;467;15;45315;45320;1
S20254;467;16;45320;45335;1
S20254;467;74;45335;45380;1
S20254;467;74;51660;51670;0
S20254;467;16;51670;51685;0
S20254;467;15;51685;51690;0
S20254;467;14;51690;51695;0
S20254;467;13;51695;51700;0
S20254;467;12;51700;51705;0
S20254;467;11;51705;51710;0
S20254;467;10;51710;51715;0
S20254;467;9;51715;51720;0
S20254;467;8;51720;51725;0
S20254;467;7;51725;51730;0
S20254;467;6;51730;51735;0
S20254;467;5;51735;51740;0
S20254;467;4;51740;51745;0
S20254;467;3;51745;51750;0
S20254;467;2;51750;51755;0
S20254;467;1;51755;51775;0
S20254;468;0;33435;33435;1
S20254;468;1;33615;33635;1
S20254;468;2;33635;33640;1
S20254;468;3;33640;33645;1
S20254;468;4;33645;33650;1
S20254;468;5;33650;33655;1
S20254;468;6;33655;33660;1
S20254;468;7;33660;33665;1
S20254;468;8;33665;33670;1
S20254;468;9;33670;33675;1
S20254;468;10;33675;33680;1
S20254;468;11;33680;33685;1
S20254;468;12;33685;33690;1
S20254;468;65;33690;33725;1
S20254;468;65;35815;35825;0
S20254;468;12;35825;35830;0
S20254;468;11;35830;35835;0
S20254;468;10;35835;35840;0
S20254;468;9;35840;35845;0
S20254;468;8;35845;35850;0
S20254;468;7;35850;35855;0
S20254;468;6;35855;35860;0
S20254;468;5;35860;35865;0
S20254;468;4;35865;35870;0
S20254;468;3;35870;35875;0
S20254;468;2;35875;35880;0
S20254;468;1;35880;35900;0
S20254;469;0;33480;33480;1
S20254;469;1;34370;34390;1
S20254;469;2;34390;34395;1
S20254;469;3;34395;34400;1
S20254;469;4;34400;34405;1
S20254;469;5;34405;34410;1
S20254;469;6;34410;34415;1
S20254;469;38;34415;34450;1
S20254;469;38;35140;35150;0
S20254;469;6;35150;35155;0
S20254;469;5;35155;35160;0
S20254;469;4;35160;35165;0
S20254;469;3;35165;35170;0
S20254;469;2;35170;35175;0
S20254;469;1;35175;35195;0
S20254;470;0;33510;33510;1
S20254;470;1;33510;33530;1
S20254;470;2;33530;33535;1
S20254;470;3;33535;33540;1
S20254;470;4;33540;33545;1
S20254;470;5;33545;33550;1
S20254;470;6;33550;33555;1
S20254;470;41;33555;33590;1
S20254;470;41;34270;34300;0
S20254;470;6;34300;34305;0
S20254;470;5;34305;34310;0
S20254;470;4;34310;34315;0
S20254;470;3;34315;34320;0
S20254;470;2;34320;34325;0
S20254;470;1;34325;34345;0
S20254;471;0;33540;33540;1
S20254;471;1;35245;35265;1
S20254;471;2;35265;35270;1
S20254;471;3;35270;35275;1
S20254;471;4;35275;35280;1
S20254;471;5;35280;35285;1
S20254;471;6;35285;35290;1
S20254;471;7;35290;35295;1
S20254;471;8;35295;35300;1
S20254;471;9;35300;35305;1
S20254;471;51;35305;35340;1
S20254;471;51;44240;44250;0
S20254;471;9;44250;44255;0
S20254;471;8;44255;44260;0
S20254;471;7;44260;44265;0
S20254;471;6;44265;44270;0
S20254;471;5;44270;44275;0
S20254;471;4;44275;44280;0
S20254;471;3;44280;44285;0
S20254;471;2;44285;44290;0
S20254;471;1;44290;44310;0
S20254;472;0;33560;33560;1
S20254;472;1;34410;34430;1
S20254;472;2;34430;34435;1
S20254;472;3;34435;34440;1
S20254;472;4;34440;34445;1
S20254;472;5;34445;34450;1
S20254;472;6;34450;34455;1
S20254;472;7;34455;34460;1
S20254;472;8;34460;34465;1
S20254;472;9;34465;34470;1
S20254;472;10;34470;34475;1
S20254;472;53;34475;34490;1
S20254;472;53;36695;36725;0
S20254;472;10;36725;36730;0
S20254;472;9;36730;36735;0
S20254;472;8;36735;36740;0
S20254;472;7;36740;36745;0
S20254;472;6;36745;36750;0
S20254;472;5;36750;36755;0
S20254;472;4;36755;36760;0
S20254;472;3;36760;36765;0
S20254;472;2;36765;36770;0
S20254;472;1;36770;36790;0
S20254;473;0;33660;33660;1
S20254;473;1;33660;33680;1
S20254;473;2;33680;33685;1
S20254;473;3;33685;33690;1
S20254;473;4;33690;33695;1
S20254;473;5;33695;33700;1
S20254;473;36;33700;33715;1
S20254;473;36;35390;35420;0
S20254;473;5;35420;35425;0
S20254;473;4;35425;35430;0
S20254;473;3;35430;35435;0
S20254;473;2;35435;35440;0
S20254;473;1;35440;35460;0
S20254;474;0;33720;33720;1
S20254;474;1;44945;44965;1
S20254;474;2;44965;44970;1
S20254;474;3;44970;44975;1
S20254;474;4;44975;44980;1
S20254;474;5;44980;44985;1
S20254;474;6;44985;44990;1
S20254;474;7;44990;44995;1
S20254;474;8;44995;45000;1
S20254;474;9;45000;45005;1
S20254;474;10;45005;45010;1
S20254;474;11;45010;45015;1
S20254;474;12;45015;45020;1
S20254;474;13;45020;45025;1
S20254;474;70;45025;45060;1
S20254;474;70;46855;46865;0
S20254;474;13;46865;46870;0
S20254;474;12;46870;46875;0
S20254;474;11;46875;46880;0
S20254;474;10;46880;46885;0
S20254;474;9;46885;46890;0
S20254;474;8;46890;46895;0
S20254;474;7;46895;46900;0
S20254;474;6;46900;46905;0
S20254;474;5;46905;46910;0
S20254;474;4;46910;46915;0
S20254;474;3;46915;46920;0
S20254;474;2;46920;46925;0
S20254;474;1;46925;46945;0
S20254;475;0;33750;33750;1
S20254;475;1;35230;35250;1
S20254;475;2;35250;35255;1
S20254;475;3;35255;35260;1
S20254;475;4;35260;35265;1
S20254;475;5;35265;35270;1
S20254;475;6;35270;35275;1
S20254;475;7;35275;35280;1
S20254;475;8;35280;35285;1
S20254;475;9;35285;35290;1
S20254;475;10;35290;35295;1
S20254;475;11;35295;35300;1
S20254;475;12;35300;35305;1
S20254;475;66;35305;35320;1
S20254;475;66;36755;36785;0
S20254;475;12;36785;36790;0
S20254;475;11;36790;36795;0
S20254;475;10;36795;36800;0
S20254;475;9;36800;36805;0
S20254;475;8;36805;36810;0
S20254;475;7;36810;36815;0
S20254;475;6;36815;36820;0
S20254;475;5;36820;36825;0
S20254;475;4;36825;36830;0
S20254;475;3;36830;36835;0
S20254;475;2;36835;36840;0
S20254;475;1;36840;36860;0
S20254;476;0;33750;33750;1
S20254;476;1;34200;34220;1
S20254;476;2;34220;34225;1
S20254;476;3;34225;34230;1
S20254;476;4;34230;34235;1
S20254;476;5;34235;34240;1
S20254;476;6;34240;34245;1
S20254;476;7;34245;34250;1
S20254;476;8;34250;34255;1
S20254;476;9;34255;34260;1
S20254;476;10;34260;34265;1
S20254;476;52;34265;34280;1
S20254;476;52;35055;35085;0
S20254;476;10;35085;35090;0
S20254;476;9;35090;35095;0
S20254;476;8;35095;35100;0
S20254;476;7;35100;35105;0
S20254;476;6;35105;35110;0
S20254;476;5;35110;35115;0
S20254;476;4;35115;35120;0
S20254;476;3;35120;35125;0
S20254;476;2;35125;35130;0
S20254;476;1;35130;35150;0
S20254;477;0;33780;33780;1
S20254;477;1;34015;34035;1
S20254;477;2;34035;34040;1
S20254;477;3;34040;34045;1
S20254;477;4;34045;34050;1
S20254;477;5;34050;34055;1
S20254;477;34;34055;34070;1
S20254;477;34;36210;36240;0
S20254;477;5;36240;36245;0
S20254;477;4;36245;36250;0
S20254;477;3;36250;36255;0
S20254;477;2;36255;36260;0
S20254;477;1;36260;36280;0
S20254;478;0;33900;33900;1
S20254;478;1;36315;36335;1
S20254;478;2;36335;36340;1
S20254;478;3;36340;36345;1
S20254;478;4;36345;36350;1
S20254;478;5;36350;36355;1
S20254;478;6;36355;36360;1
S20254;478;7;36360;36365;1
S20254;478;45;36365;36400;1
S20254;478;45;39415;39425;0
S20254;478;7;39425;39430;0
S20254;478;6;39430;39435;0
S20254;478;5;39435;39440;0
S20254;478;4;39440;39445;0
S20254;478;3;39445;39450;0
S20254;478;2;39450;39455;0
S20254;478;1;39455;39475;0
S20254;479;0;33990;33990;1
S20254;479;1;34000;34020;1
S20254;479;2;34020;34025;1
S20254;479;3;34025;34030;1
S20254;479;4;34030;34035;1
S20254;479;5;34035;34040;1
S20254;479;6;34040;34045;1
S20254;479;43;34045;34080;1
S20254;479;43;34905;34915;0
S20254;479;6;34915;34920;0
S20254;479;5;34920;34925;0
S20254;479;4;34925;34930;0
S20254;479;3;34930;34935;0
S20254;479;2;34935;34940;0
S20254;479;1;34940;34960;0
S20254;480;0;34020;34020;1
S20254;480;1;35055;35075;1
S20254;480;2;35075;35080;1
S20254;480;3;35080;35085;1
S20254;480;4;35085;35090;1
S20254;480;5;35090;35095;1
S20254;480;6;35095;35100;1
S20254;480;7;35100;35105;1
S20254;480;8;35105;35110;1
S20254;480;9;35110;35115;1
S20254;480;10;35115;35120;1
S20254;480;11;35120;35125;1
S20254;480;12;35125;35130;1
S20254;480;64;35130;35145;1
S20254;480;64;36440;36470;0
S20254;480;12;36470;36475;0
S20254;480;11;36475;36480;0
S20254;480;10;36480;36485;0
S20254;480;9;36485;36490;0
S20254;480;8;36490;36495;0
S20254;480;7;36495;36500;0
S20254;480;6;36500;36505;0
S20254;480;5;36505;36510;0
S20254;480;4;36510;36515;0
S20254;480;3;36515;36520;0
S20254;480;2;36520;36525;0
S20254;480;1;36525;36545;0
S20254;481;0;34200;34200;1
S20254;481;1;48945;48965;1
S20254;481;2;48965;48970;1
S20254;481;3;48970;48975;1
S20254;481;4;48975;48980;1
S20254;481;5;48980;48985;1
S20254;481;6;48985;48990;1
S20254;481;7;48990;48995;1
S20254;481;8;48995;49000;1
S20254;481;48;49000;49035;1
S20254;481;48;52890;52900;0
S20254;481;8;52900;52905;0
S20254;481;7;52905;52910;0
S20254;481;6;52910;52915;0
S20254;481;5;52915;52920;0
S20254;481;4;52920;52925;0
S20254;481;3;52925;52930;0
S20254;481;2;52930;52935;0
S20254;481;1;52935;52955;0
S20254;482;0;34365;34365;1
S20254;482;1;34430;34450;1
S20254;482;2;34450;34455;1
S20254;482;3;34455;34460;1
S20254;482;4;34460;34465;1
S20254;482;5;34465;34470;1
S20254;482;6;34470;34475;1
S20254;482;7;34475;34480;1
S20254;482;8;34480;34485;1
S20254;482;9;34485;34490;1
S20254;482;10;34490;34495;1
S20254;482;11;34495;34500;1
S20254;482;62;34500;34515;1
S20254;482;62;40460;40490;0
S20254;482;11;40490;40495;0
S20254;482;10;40495;40500;0
S20254;482;9;40500;40505;0
S20254;482;8;40505;40510;0
S20254;482;7;40510;40515;0
S20254;482;6;40515;40520;0
S20254;482;5;40520;40525;0
S20254;482;4;40525;40530;0
S20254;482;3;40530;40535;0
S20254;482;2;40535;40540;0
S20254;482;1;40540;40560;0
S20254;483;0;34390;34390;1
S20254;483;1;34450;34470;1
S20254;483;2;34470;34475;1
S20254;483;3;34475;34480;1
S20254;483;4;34480;34485;1
S20254;483;5;34485;34490;1
S20254;483;6;34490;34495;1
S20254;483;7;34495;34500;1
S20254;483;8;34500;34505;1
S20254;483;9;34505;34510;1
S20254;483;10;34510;34515;1
S20254;483;11;34515;34520;1
S20254;483;61;34520;34555;1
S20254;483;61;40170;40180;0
S20254;483;11;40180;40185;0
S20254;483;10;40185;40190;0
S20254;483;9;40190;40195;0
S20254;483;8;40195;40200;0
S20254;483;7;40200;40205;0
S20254;483;6;40205;40210;0
S20254;483;5;40210;40215;0
S20254;483;4;40215;40220;0
S20254;483;3;40220;40225;0
S20254;483;2;40225;40230;0
S20254;483;1;40230;40250;0
S20254;484;0;34430;34430;1
S20254;484;1;36650;36670;1
S20254;484;2;36670;36675;1
S20254;484;3;36675;36680;1
S20254;484;19;36680;36715;1
S20254;484;19;40655;40665;0
S20254;484;3;40665;40670;0
S20254;484;2;40670;40675;0
S20254;484;1;40675;40695;0
S20254;485;0;34460;34460;1
S20254;485;1;34710;34730;1
S20254;485;2;34730;34735;1
S20254;485;3;34735;34740;1
S20254;485;4;34740;34745;1
S20254;485;5;34745;34750;1
S20254;485;33;34750;34765;1
S20254;485;33;36140;36170;0
S20254;485;5;36170;36175;0
S20254;485;4;36175;36180;0
S20254;485;3;36180;36185;0
S20254;485;2;36185;36190;0
S20254;485;1;36190;36210;0
S20254;486;0;34545;34545;1
S20254;486;1;34850;34870;1
S20254;486;2;34870;34875;1
S20254;486;3;34875;34880;1
S20254;486;4;34880;34885;1
S20254;486;5;34885;34890;1
S20254;486;35;34890;34905;1
S20254;486;35;35310;35340;0
S20254;486;5;35340;35345;0
S20254;486;4;35345;35350;0
S20254;486;3;35350;35355;0
S20254;486;2;35355;35360;0
S20254;486;1;35360;35380;0
S20254;487;0;34565;34565;1
S20254;487;1;36105;36125;1
S20254;487;2;36125;36130;1
S20254;487;3;36130;36135;1
S20254;487;4;36135;36140;1
S20254;487;5;36140;36145;1
S20254;487;33;36145;36160;1
S20254;487;33;37530;37560;0
S20254;487;5;37560;37565;0
S20254;487;4;37565;37570;0
S20254;487;3;37570;37575;0
S20254;487;2;37575;37580;0
S20254;487;1;37580;37600;0
S20254;488;0;34725;34725;1
S20254;488;1;34965;34985;1
S20254;488;2;34985;34990;1
S20254;488;3;34990;34995;1
S20254;488;4;34995;35000;1
S20254;488;5;35000;35005;1
S20254;488;6;35005;35010;1
S20254;488;7;35010;35015;1
S20254;488;8;35015;35020;1
S20254;488;9;35020;35025;1
S20254;488;10;35025;35030;1
S20254;488;52;35030;35065;1
S20254;488;52;36165;36175;0
S20254;488;10;36175;36180;0
S20254;488;9;36180;36185;0
S20254;488;8;36185;36190;0
S20254;488;7;36190;36195;0
S20254;488;6;36195;36200;0
S20254;488;5;36200;36205;0
S20254;488;4;36205;36210;0
S20254;488;3;36210;36215;0
S20254;488;2;36215;36220;0
S20254;488;1;36220;36240;0
S20254;489;0;34825;34825;1
S20254;489;1;35035;35055;1
S20254;489;2;35055;35060;1
S20254;489;3;35060;35065;1
S20254;489;4;35065;35070;1
S20254;489;5;35070;35075;1
S20254;489;6;35075;35080;1
S20254;489;7;35080;35085;1
S20254;489;8;35085;35090;1
S20254;489;9;35090;35095;1
S20254;489;10;35095;35100;1
S20254;489;11;35100;35105;1
S20254;489;12;35105;35110;1
S20254;489;13;35110;35115;1
S20254;489;68;35115;35130;1
S20254;489;68;36695;36725;0
S20254;489;13;36725;36730;0
S20254;489;12;36730;36735;0
S20254;489;11;36735;36740;0
S20254;489;10;36740;36745;0
S20254;489;9;36745;36750;0
S20254;489;8;36750;36755;0
S20254;489;7;36755;36760;0
S20254;489;6;36760;36765;0
S20254;489;5;36765;36770;0
S20254;489;4;36770;36775;0
S20254;489;3;36775;36780;0
S20254;489;2;36780;36785;0
S20254;489;1;36785;36805;0
S20254;490;0;34900;34900;1
S20254;490;1;58545;58565;1
S20254;490;2;58565;58570;1
S20254;490;3;58570;58575;1
S20254;490;18;58575;58610;1
S20254;490;18;64065;64075;0
S20254;490;3;64075;64080;0
S20254;490;2;64080;64085;0
S20254;490;1;64085;64105;0
S20254;491;0;34950;34950;1
S20254;491;1;34985;35005;1
S20254;491;2;35005;35010;1
S20254;491;3;35010;35015;1
S20254;491;4;35015;35020;1
S20254;491;5;35020;35025;1
S20254;491;6;35025;35030;1
S20254;491;41;35030;35065;1
S20254;491;41;35810;35840;0
S20254;491;6;35840;35845;0
S20254;491;5;35845;35850;0
S20254;491;4;35850;35855;0
S20254;491;3;35855;35860;0
S20254;491;2;35860;35865;0
S20254;491;1;35865;35885;0
S20254;492;0;35040;35040;1
S20254;492;1;35725;35750;1
S20254;492;2;35750;35755;1
S20254;492;3;35755;35760;1
S20254;492;4;35760;35765;1
S20254;492;5;35765;35770;1
S20254;492;6;35770;35775;1
S20254;492;7;35775;35780;1
S20254;492;8;35780;35785;1
S20254;492;9;35785;35790;1
S20254;492;10;35790;35795;1
S20254;492;11;35795;35800;1
S20254;492;12;35800;35805;1
S20254;492;65;35805;35820;1
S20254;492;65;38435;38465;0
S20254;492;12;38465;38470;0
S20254;492;11;38470;38475;0
S20254;492;10;38475;38480;0
S20254;492;9;38480;38485;0
S20254;492;8;38485;38490;0
S20254;492;7;38490;38495;0
S20254;492;6;38495;38500;0
S20254;492;5;38500;38505;0
S20254;492;4;38505;38510;0
S20254;492;3;38510;38515;0
S20254;492;2;38515;38520;0
S20254;492;1;38520;38545;0
S20254;493;0;35340;35340;1
S20254;493;1;38895;38915;1
S20254;493;2;38915;38920;1
S20254;493;3;38920;38925;1
S20254;493;4;38925;38930;1
S20254;493;5;38930;38935;1
S20254;493;6;38935;38940;1
S20254;493;7;38940;38945;1
S20254;493;8;38945;38950;1
S20254;493;49;38950;38985;1
S20254;493;49;45325;45335;0
S20254;493;8;45335;45340;0
S20254;493;7;45340;45345;0
S20254;493;6;45345;45350;0
S20254;493;5;45350;45355;0
S20254;493;4;45355;45360;0
S20254;493;3;45360;45365;0
S20254;493;2;45365;45370;0
S20254;493;1;45370;45390;0
S20254;494;0;35430;35430;1
S20254;494;1;39075;39095;1
S20254;494;2;39095;39100;1
S20254;494;3;39100;39105;1
S20254;494;18;39105;39140;1
S20254;494;18;44985;44995;0
S20254;494;3;44995;45000;0
S20254;494;2;45000;45005;0
S20254;494;1;45005;45025;0
S20254;495;0;35610;35610;1
S20254;495;1;36090;36110;1
S20254;495;2;36110;36115;1
S20254;495;3;36115;36120;1
S20254;495;4;36120;36125;1
S20254;495;5;36125;36130;1
S20254;495;6;36130;36135;1
S20254;495;7;36135;36140;1
S20254;495;8;36140;36145;1
S20254;495;9;36145;36150;1
S20254;495;10;36150;36155;1
S20254;495;52;36155;36170;1
S20254;495;52;37125;37155;0
S20254;495;10;37155;37160;0
S20254;495;9;37160;37165;0
S20254;495;8;37165;37170;0
S20254;495;7;37170;37175;0
S20254;495;6;37175;37180;0
S20254;495;5;37180;37185;0
S20254;495;4;37185;37190;0
S20254;495;3;37190;37195;0
S20254;495;2;37195;37200;0
S20254;495;1;37200;37220;0
S20254;496;0;35640;35640;1
S20254;496;1;40320;40340;1
S20254;496;2;40340;40345;1
S20254;496;3;40345;40350;1
S20254;496;4;40350;40355;1
S20254;496;5;40355;40360;1
S20254;496;6;40360;40365;1
S20254;496;7;40365;40370;1
S20254;496;8;40370;40375;1
S20254;496;9;40375;40380;1
S20254;496;10;40380;40385;1
S20254;496;11;40385;40390;1
S20254;496;12;40390;40395;1
S20254;496;65;40395;40430;1
S20254;496;65;42355;42365;0
S20254;496;12;42365;42370;0
S20254;496;11;42370;42375;0
S20254;496;10;42375;42380;0
S20254;496;9;42380;42385;0
S20254;496;8;42385;42390;0
S20254;496;7;42390;42395;0
S20254;496;6;42395;42400;0
S20254;496;5;42400;42405;0
S20254;496;4;42405;42410;0
S20254;496;3;42410;42415;0
S20254;496;2;42415;42420;0
S20254;496;1;42420;42440;0
S20254;497;0;35775;35775;1
S20254;497;1;35780;35800;1
S20254;497;2;35800;35805;1
S20254;497;3;35805;35810;1
S20254;497;4;35810;35815;1
S20254;497;5;35815;35820;1
S20254;497;35;35820;35835;1
S20254;497;35;36845;36875;0
S20254;497;5;36875;36880;0
S20254;497;4;36880;36885;0
S20254;497;3;36885;36890;0
S20254;497;2;36890;36895;0
S20254;497;1;36895;36915;0
S20254;498;0;35975;35975;1
S20254;498;1;36355;36375;1
S20254;498;2;36375;36380;1
S20254;498;3;36380;36385;1
S20254;498;4;36385;36390;1
S20254;498;5;36390;36395;1
S20254;498;6;36395;36400;1
S20254;498;7;36400;36405;1
S20254;498;8;36405;36410;1
S20254;498;9;36410;36415;1
S20254;498;10;36415;36420;1
S20254;498;11;36420;36425;1
S20254;498;12;36425;36430;1
S20254;498;64;36430;36465;1
S20254;498;64;39590;39600;0
S20254;498;12;39600;39605;0
S20254;498;11;39605;39610;0
S20254;498;10;39610;39615;0
S20254;498;9;39615;39620;0
S20254;498;8;39620;39625;0
S20254;498;7;39625;39630;0
S20254;498;6;39630;39635;0
S20254;498;5;39635;39640;0
S20254;498;4;39640;39645;0
S20254;498;3;39645;39650;0
S20254;498;2;39650;39655;0
S20254;498;1;39655;39675;0
S20254;499;0;36005;36005;1
S20254;499;1;71775;71795;1
S20254;499;2;71795;71800;1
S20254;499;3;71800;71805;1
S20254;499;4;71805;71810;1
S20254;499;5;71810;71815;1
S20254;499;6;71815;71820;1
S20254;499;7;71820;71825;1
S20254;499;8;71825;71830;1
S20254;499;9;71830;71835;1
S20254;499;10;71835;71840;1
S20254;499;11;71840;71845;1
S20254;499;12;71845;71850;1
S20254;499;13;71850;71855;1
S20254;499;14;71855;71860;1
S20254;499;15;71860;71865;1
S20254;499;16;71865;71880;1
S20254;499;73;71880;71925;1
S20254;499;73;76080;76090;0
S20254;499;16;76090;76105;0
S20254;499;15;76105;76110;0
S20254;499;14;76110;76115;0
S20254;499;13;76115;76120;0
S20254;499;12;76120;76125;0
S20254;499;11;76125;76130;0
S20254;499;10;76130;76135;0
S20254;499;9;76135;76140;0
S20254;499;8;76140;76145;0
S20254;499;7;76145;76150;0
S20254;499;6;76150;76155;0
S20254;499;5;76155;76160;0
S20254;499;4;76160;76165;0
S20254;499;3;76165;76170;0
S20254;499;2;76170;76175;0
S20254;499;1;76175;76195;0
S20254;500;0;36005;36005;1
S20254;500;1;36055;36075;1
S20254;500;2;36075;36080;1
S20254;500;3;36080;36085;1
S20254;500;4;36085;36090;1
S20254;500;5;36090;36095;1
S20254;500;6;36095;36100;1
S20254;500;7;36100;36105;1
S20254;500;8;36105;36110;1
S20254;500;9;36110;36115;1
S20254;500;10;36115;36120;1
S20254;500;11;36120;36125;1
S20254;500;88;36125;36140;1
S20254;500;88;41040;41070;0
S20254;500;11;41070;41075;0
S20254;500;10;41075;41080;0
S20254;500;9;41080;41085;0
S20254;500;8;41085;41090;0
S20254;500;7;41090;41095;0
S20254;500;6;41095;41100;0
S20254;500;5;41100;41105;0
S20254;500;4;41105;41110;0
S20254;500;3;41110;41115;0
S20254;500;2;41115;41120;0
S20254;500;1;41120;41140;0
S20254;501;0;36025;36025;1
S20254;501;1;37885;37905;1
S20254;501;2;37905;37910;1
S20254;501;3;37910;37915;1
S20254;501;4;37915;37920;1
S20254;501;5;37920;37925;1
S20254;501;27;37925;37960;1
S20254;501;27;46150;46160;0
S20254;501;5;46160;46165;0
S20254;501;4;46165;46170;0
S20254;501;3;46170;46175;0
S20254;501;2;46175;46180;0
S20254;501;1;46180;46200;0
S20254;502;0;36060;36060;1
S20254;502;1;36635;36655;1
S20254;502;2;36655;36660;1
S20254;502;3;36660;36665;1
S20254;502;4;36665;36670;1
S20254;502;5;36670;36675;1
S20254;502;6;36675;36680;1
S20254;502;7;36680;36685;1
S20254;502;8;36685;36690;1
S20254;502;9;36690;36695;1
S20254;502;10;36695;36700;1
S20254;502;53;36700;36715;1
S20254;502;53;37920;37950;0
S20254;502;10;37950;37955;0
S20254;502;9;37955;37960;0
S20254;502;8;37960;37965;0
S20254;502;7;37965;37970;0
S20254;502;6;37970;37975;0
S20254;502;5;37975;37980;0
S20254;502;4;37980;37985;0
S20254;502;3;37985;37990;0
S20254;502;2;37990;37995;0
S20254;502;1;37995;38015;0
S20254;503;0;36120;36120;1
S20254;503;1;44050;44070;1
S20254;503;2;44070;44075;1
S20254;503;3;44075;44080;1
S20254;503;4;44080;44085;1
S20254;503;22;44085;44100;1
S20254;503;22;51030;51060;0
S20254;503;4;51060;51065;0
S20254;503;3;51065;51070;0
S20254;503;2;51070;51075;0
S20254;503;1;51075;51095;0
S20254;504;0;36220;36220;1
S20254;504;1;46220;46240;1
S20254;504;2;46240;46245;1
S20254;504;3;46245;46250;1
S20254;504;4;46250;46255;1
S20254;504;5;46255;46260;1
S20254;504;27;46260;46275;1
S20254;504;27;50030;50060;0
S20254;504;5;50060;50065;0
S20254;504;4;50065;50070;0
S20254;504;3;50070;50075;0
S20254;504;2;50075;50080;0
S20254;504;1;50080;50100;0
S20254;505;0;36240;36240;1
S20254;505;1;36410;36430;1
S20254;505;2;36430;36435;1
S20254;505;3;36435;36440;1
S20254;505;4;36440;36445;1
S20254;505;5;36445;36450;1
S20254;505;34;36450;36485;1
S20254;505;34;37035;37045;0
S20254;505;5;37045;37050;0
S20254;505;4;37050;37055;0
S20254;505;3;37055;37060;0
S20254;505;2;37060;37065;0
S20254;505;1;37065;37085;0
S20254;506;0;36330;36330;1
S20254;506;1;49125;49145;1
S20254;506;2;49145;49150;1
S20254;506;3;49150;49155;1
S20254;506;4;49155;49160;1
S20254;506;5;49160;49165;1
S20254;506;6;49165;49170;1
S20254;506;7;49170;49175;1
S20254;506;45;49175;49210;1
S20254;506;45;52880;52890;0
S20254;506;7;52890;52895;0
S20254;506;6;52895;52900;0
S20254;506;5;52900;52905;0
S20254;506;4;52905;52910;0
S20254;506;3;52910;52915;0
S20254;506;2;52915;52920;0
S20254;506;1;52920;52940;0
S20254;507;0;36465;36465;1
S20254;507;1;57640;57660;1
S20254;507;2;57660;57665;1
S20254;507;3;57665;57670;1
S20254;507;4;57670;57675;1
S20254;507;5;57675;57680;1
S20254;507;6;57680;57685;1
S20254;507;7;57685;57690;1
S20254;507;8;57690;57695;1
S20254;507;47;57695;57730;1
S20254;507;47;61690;61700;0
S20254;507;8;61700;61705;0
S20254;507;7;61705;61710;0
S20254;507;6;61710;61715;0
S20254;507;5;61715;61720;0
S20254;507;4;61720;61725;0
S20254;507;3;61725;61730;0
S20254;507;2;61730;61735;0
S20254;507;1;61735;61755;0
S20254;508;0;36510;36510;1
S20254;508;1;36585;36605;1
S20254;508;83;36605;36640;1
S20254;508;83;39130;39140;0
S20254;508;1;39140;39160;0
S20254;509;0;36930;36930;1
S20254;509;1;70565;70585;1
S20254;509;2;70585;70590;1
S20254;509;3;70590;70595;1
S20254;509;4;70595;70600;1
S20254;509;24;70600;70635;1
S20254;509;24;77230;77240;0
S20254;509;4;77240;77245;0
S20254;509;3;77245;77250;0
S20254;509;2;77250;77255;0
S20254;509;1;77255;77275;0
S20254;510;0;37035;37035;1
S20254;510;1;40080;40100;1
S20254;510;2;40100;40105;1
S20254;510;3;40105;40110;1
S20254;510;4;40110;40115;1
S20254;510;5;40115;40120;1
S20254;510;6;40120;40125;1
S20254;510;7;40125;40130;1
S20254;510;8;40130;40135;1
S20254;510;9;40135;40140;1
S20254;510;10;40140;40145;1
S20254;510;11;40145;40150;1
S20254;510;60;40150;40165;1
S20254;510;60;42995;43025;0
S20254;510;11;43025;43030;0
S20254;510;10;43030;43035;0
S20254;510;9;43035;43040;0
S20254;510;8;43040;43045;0
S20254;510;7;43045;43050;0
S20254;510;6;43050;43055;0
S20254;510;5;43055;43060;0
S20254;510;4;43060;43065;0
S20254;510;3;43065;43070;0
S20254;510;2;43070;43075;0
S20254;510;1;43075;43095;0
S20254;511;0;37480;37480;1
S20254;511;1;45045;45065;1
S20254;511;2;45065;45070;1
S20254;511;3;45070;45075;1
S20254;511;18;45075;45110;1
S20254;511;18;54410;54420;0
S20254;511;3;54420;54425;0
S20254;511;2;54425;54430;0
S20254;511;1;54430;54450;0
S20254;512;0;37500;37500;1
S20254;512;1;44035;44055;1
S20254;512;2;44055;44060;1
S20254;512;3;44060;44065;1
S20254;512;4;44065;44070;1
S20254;512;5;44070;44075;1
S20254;512;6;44075;44080;1
S20254;512;43;44080;44115;1
S20254;512;43;45790;45800;0
S20254;512;6;45800;45805;0
S20254;512;5;45805;45810;0
S20254;512;4;45810;45815;0
S20254;512;3;45815;45820;0
S20254;512;2;45820;45825;0
S20254;512;1;45825;45845;0
S20254;513;0;37725;37725;1
S20254;513;1;37725;37745;1
S20254;513;2;37745;37750;1
S20254;513;3;37750;37755;1
S20254;513;4;37755;37760;1
S20254;513;5;37760;37765;1
S20254;513;6;37765;37770;1
S20254;513;7;37770;37775;1
S20254;513;8;37775;37780;1
S20254;513;9;37780;37785;1
S20254;513;10;37785;37790;1
S20254;513;52;37790;37825;1
S20254;513;52;39160;39170;0
S20254;513;10;39170;39175;0
S20254;513;9;39175;39180;0
S20254;513;8;39180;39185;0
S20254;513;7;39185;39190;0
S20254;513;6;39190;39195;0
S20254;513;5;39195;39200;0
S20254;513;4;39200;39205;0
S20254;513;3;39205;39210;0
S20254;513;2;39210;39215;0
S20254;513;1;39215;39235;0
S20254;514;0;37980;37980;1
S20254;514;1;38120;38140;1
S20254;514;2;38140;38145;1
S20254;514;3;38145;38150;1
S20254;514;4;38150;38155;1
S20254;514;5;38155;38160;1
S20254;514;6;38160;38165;1
S20254;514;7;38165;38170;1
S20254;514;8;38170;38175;1
S20254;514;9;38175;38180;1
S20254;514;10;38180;38185;1
S20254;514;11;38185;38190;1
S20254;514;12;38190;38195;1
S20254;514;13;38195;38200;1
S20254;514;70;38200;38235;1
S20254;514;70;40780;40790;0
S20254;514;13;40790;40795;0
S20254;514;12;40795;40800;0
S20254;514;11;40800;40805;0
S20254;514;10;40805;40810;0
S20254;514;9;40810;40815;0
S20254;514;8;40815;40820;0
S20254;514;7;40820;40825;0
S20254;514;6;40825;40830;0
S20254;514;5;40830;40835;0
S20254;514;4;40835;40840;0
S20254;514;3;40840;40845;0
S20254;514;2;40845;40850;0
S20254;514;1;40850;40870;0
S20254;515;0;38090;38090;1
S20254;515;1;41760;41780;1
S20254;515;2;41780;41785;1
S20254;515;3;41785;41790;1
S20254;515;4;41790;41795;1
S20254;515;5;41795;41800;1
S20254;515;6;41800;41805;1
S20254;515;7;41805;41810;1
S20254;515;8;41810;41815;1
S20254;515;9;41815;41820;1
S20254;515;10;41820;41825;1
S20254;515;11;41825;41830;1
S20254;515;12;41830;41835;1
S20254;515;64;41835;41870;1
S20254;515;64;42740;42750;0
S20254;515;12;42750;42755;0
S20254;515;11;42755;42760;0
S20254;515;10;42760;42765;0
S20254;515;9;42765;42770;0
S20254;515;8;42770;42775;0
S20254;515;7;42775;42780;0
S20254;515;6;42780;42785;0
S20254;515;5;42785;42790;0
S20254;515;4;42790;42795;0
S20254;515;3;42795;42800;0
S20254;515;2;42800;42805;0
S20254;515;1;42805;42825;0
S20254;516;0;38115;38115;1
S20254;516;1;38155;38175;1
S20254;516;2;38175;38180;1
S20254;516;3;38180;38185;1
S20254;516;20;38185;38220;1
S20254;516;20;39170;39180;0
S20254;516;3;39180;39185;0
S20254;516;2;39185;39190;0
S20254;516;1;39190;39210;0
S20254;517;0;38220;38220;1
S20254;517;1;38220;38240;1
S20254;517;2;38240;38245;1
S20254;517;3;38245;38250;1
S20254;517;4;38250;38255;1
S20254;517;5;38255;38260;1
S20254;517;36;38260;38275;1
S20254;517;36;39110;39140;0
S20254;517;5;39140;39145;0
S20254;517;4;39145;39150;0
S20254;517;3;39150;39155;0
S20254;517;2;39155;39160;0
S20254;517;1;39160;39180;0
S20254;518;0;38260;38260;1
S20254;518;1;38380;38400;1
S20254;518;2;38400;38405;1
S20254;518;3;38405;38410;1
S20254;518;4;38410;38415;1
S20254;518;5;38415;38420;1
S20254;518;6;38420;38425;1
S20254;518;7;38425;38430;1
S20254;518;8;38430;38435;1
S20254;518;9;38435;38440;1
S20254;518;10;38440;38445;1
S20254;518;11;38445;38450;1
S20254;518;12;38450;38455;1
S20254;518;65;38455;38490;1
S20254;518;65;39480;39490;0
S20254;518;12;39490;39495;0
S20254;518;11;39495;39500;0
S20254;518;10;39500;39505;0
S20254;518;9;39505;39510;0
S20254;518;8;39510;39515;0
S20254;518;7;39515;39520;0
S20254;518;6;39520;39525;0
S20254;518;5;39525;39530;0
S20254;518;4;39530;39535;0
S20254;518;3;39535;39540;0
S20254;518;2;39540;39545;0
S20254;518;1;39545;39565;0
S20254;519;0;38670;38670;1
S20254;519;1;40335;40355;1
S20254;519;2;40355;40360;1
S20254;519;3;40360;40365;1
S20254;519;4;40365;40370;1
S20254;519;5;40370;40375;1
S20254;519;6;40375;40380;1
S20254;519;7;40380;40385;1
S20254;519;8;40385;40390;1
S20254;519;9;40390;40395;1
S20254;519;10;40395;40400;1
S20254;519;11;40400;40405;1
S20254;519;61;40405;40420;1
S20254;519;61;41525;41555;0
S20254;519;11;41555;41560;0
S20254;519;10;41560;41565;0
S20254;519;9;41565;41570;0
S20254;519;8;41570;41575;0
S20254;519;7;41575;41580;0
S20254;519;6;41580;41585;0
S20254;519;5;41585;41590;0
S20254;519;4;41590;41595;0
S20254;519;3;41595;41600;0
S20254;519;2;41600;41605;0
S20254;519;1;41605;41625;0
S20254;520;0;38695;38695;1
S20254;520;1;38880;38900;1
S20254;520;2;38900;38905;1
S20254;520;3;38905;38910;1
S20254;520;4;38910;38915;1
S20254;520;5;38915;38920;1
S20254;520;6;38920;38925;1
S20254;520;7;38925;38930;1
S20254;520;8;38930;38935;1
S20254;520;9;38935;38940;1
S20254;520;10;38940;38945;1
S20254;520;11;38945;38950;1
S20254;520;12;38950;38955;1
S20254;520;66;38955;38970;1
S20254;520;66;40210;40240;0
S20254;520;12;40240;40245;0
S20254;520;11;40245;40250;0
S20254;520;10;40250;40255;0
S20254;520;9;40255;40260;0
S20254;520;8;40260;40265;0
S20254;520;7;40265;40270;0
S20254;520;6;40270;40275;0
S20254;520;5;40275;40280;0
S20254;520;4;40280;40285;0
S20254;520;3;40285;40290;0
S20254;520;2;40290;40295;0
S20254;520;1;40295;40315;0
S20254;521;0;38785;38785;1
S20254;521;1;38785;38805;1
S20254;521;2;38805;38810;1
S20254;521;3;38810;38815;1
S20254;521;4;38815;38820;1
S20254;521;5;38820;38825;1
S20254;521;6;38825;38830;1
S20254;521;7;38830;38835;1
S20254;521;8;38835;38840;1
S20254;521;9;38840;38845;1
S20254;521;10;38845;38850;1
S20254;521;53;38850;38865;1
S20254;521;53;41395;41425;0
S20254;521;10;41425;41430;0
S20254;521;9;41430;41435;0
S20254;521;8;41435;41440;0
S20254;521;7;41440;41445;0
S20254;521;6;41445;41450;0
S20254;521;5;41450;41455;0
S20254;521;4;41455;41460;0
S20254;521;3;41460;41465;0
S20254;521;2;41465;41470;0
S20254;521;1;41470;41490;0
S20254;522;0;38850;38850;1
S20254;522;1;38935;38955;1
S20254;522;2;38955;38960;1
S20254;522;3;38960;38965;1
S20254;522;4;38965;38970;1
S20254;522;5;38970;38975;1
S20254;522;6;38975;38980;1
S20254;522;7;38980;38985;1
S20254;522;8;38985;38990;1
S20254;522;9;38990;38995;1
S20254;522;50;38995;39030;1
S20254;522;50;40820;40830;0
S20254;522;9;40830;40835;0
S20254;522;8;40835;40840;0
S20254;522;7;40840;40845;0
S20254;522;6;40845;40850;0
S20254;522;5;40850;40855;0
S20254;522;4;40855;40860;0
S20254;522;3;40860;40865;0
S20254;522;2;40865;40870;0
S20254;522;1;40870;40890;0
S20254;523;0;38910;38910;1
S20254;523;1;41860;41880;1
S20254;523;2;41880;41885;1
S20254;523;3;41885;41890;1
S20254;523;4;41890;41895;1
S20254;523;5;41895;41900;1
S20254;523;30;41900;41935;1
S20254;523;30;45325;45335;0
S20254;523;5;45335;45340;0
S20254;523;4;45340;45345;0
S20254;523;3;45345;45350;0
S20254;523;2;45350;45355;0
S20254;523;1;45355;45375;0
S20254;524;0;38910;38910;1
S20254;524;1;46400;46420;1
S20254;524;2;46420;46425;1
S20254;524;3;46425;46430;1
S20254;524;4;46430;46435;1
S20254;524;5;46435;46440;1
S20254;524;6;46440;46445;1
S20254;524;7;46445;46450;1
S20254;524;8;46450;46455;1
S20254;524;9;46455;46460;1
S20254;524;50;46460;46495;1
S20254;524;50;49810;49820;0
S20254;524;9;49820;49825;0
S20254;524;8;49825;49830;0
S20254;524;7;49830;49835;0
S20254;524;6;49835;49840;0
S20254;524;5;49840;49845;0
S20254;524;4;49845;49850;0
S20254;524;3;49850;49855;0
S20254;524;2;49855;49860;0
S20254;524;1;49860;49880;0
S20254;525;0;38940;38940;1
S20254;525;1;38950;38970;1
S20254;525;2;38970;38975;1
S20254;525;3;38975;38980;1
S20254;525;4;38980;38985;1
S20254;525;5;38985;38990;1
S20254;525;33;38990;39005;1
S20254;525;33;40130;40160;0
S20254;525;5;40160;40165;0
S20254;525;4;40165;40170;0
S20254;525;3;40170;40175;0
S20254;525;2;40175;40180;0
S20254;525;1;40180;40200;0
S20254;526;0;39040;39040;1
S20254;526;1;39040;39060;1
S20254;526;2;39060;39065;1
S20254;526;3;39065;39070;1
S20254;526;4;39070;39075;1
S20254;526;5;39075;39080;1
S20254;526;6;39080;39085;1
S20254;526;7;39085;39090;1
S20254;526;8;39090;39095;1
S20254;526;9;39095;39100;1
S20254;526;10;39100;39105;1
S20254;526;11;39105;39110;1
S20254;526;12;39110;39115;1
S20254;526;13;39115;39120;1
S20254;526;14;39120;39125;1
S20254;526;15;39125;39130;1
S20254;526;16;39130;39145;1
S20254;526;73;39145;39190;1
S20254;526;73;52720;52730;0
S20254;526;16;52730;52745;0
S20254;526;15;52745;52750;0
S20254;526;14;52750;52755;0
S20254;526;13;52755;52760;0
S20254;526;12;52760;52765;0
S20254;526;11;52765;52770;0
S20254;526;10;52770;52775;0
S20254;526;9;52775;52780;0
S20254;526;8;52780;52785;0
S20254;526;7;52785;52790;0
S20254;526;6;52790;52795;0
S20254;526;5;52795;52800;0
S20254;526;4;52800;52805;0
S20254;526;3;52805;52810;0
S20254;526;2;52810;52815;0
S20254;526;1;52815;52835;0
S20254;527;0;39060;39060;1
S20254;527;1;39060;39080;1
S20254;527;2;39080;39085;1
S20254;527;3;39085;39090;1
S20254;527;4;39090;39095;1
S20254;527;5;39095;39100;1
S20254;527;36;39100;39115;1
S20254;527;36;40165;40195;0
S20254;527;5;40195;40200;0
S20254;527;4;40200;40205;0
S20254;527;3;40205;40210;0
S20254;527;2;40210;40215;0
S20254;527;1;40215;40235;0
S20254;528;0;39170;39170;1
S20254;528;1;39240;39260;1
S20254;528;2;39260;39265;1
S20254;528;3;39265;39270;1
S20254;528;4;39270;39275;1
S20254;528;5;39275;39280;1
S20254;528;6;39280;39285;1
S20254;528;43;39285;39320;1
S20254;528;43;41205;41215;0
S20254;528;6;41215;41220;0
S20254;528;5;41220;41225;0
S20254;528;4;41225;41230;0
S20254;528;3;41230;41235;0
S20254;528;2;41235;41240;0
S20254;528;1;41240;41260;0
S20254;529;0;39260;39260;1
S20254;529;1;39355;39375;1
S20254;529;2;39375;39380;1
S20254;529;3;39380;39385;1
S20254;529;4;39385;39390;1
S20254;529;5;39390;39395;1
S20254;529;34;39395;39410;1
S20254;529;34;40220;40250;0
S20254;529;5;40250;40255;0
S20254;529;4;40255;40260;0
S20254;529;3;40260;40265;0
S20254;529;2;40265;40270;0
S20254;529;1;40270;40290;0
S20254;530;0;39270;39270;1
S20254;530;1;39270;39290;1
S20254;530;2;39290;39295;1
S20254;530;3;39295;39300;1
S20254;530;4;39300;39305;1
S20254;530;26;39305;39340;1
S20254;530;26;41945;41955;0
S20254;530;4;41955;41960;0
S20254;530;3;41960;41965;0
S20254;530;2;41965;41970;0
S20254;530;1;41970;41990;0
S20254;531;0;39300;39300;1
S20254;531;1;39310;39330;1
S20254;531;2;39330;39335;1
S20254;531;3;39335;39340;1
S20254;531;4;39340;39345;1
S20254;531;5;39345;39350;1
S20254;531;35;39350;39365;1
S20254;531;35;40440;40470;0
S20254;531;5;40470;40475;0
S20254;531;4;40475;40480;0
S20254;531;3;40480;40485;0
S20254;531;2;40485;40490;0
S20254;531;1;40490;40510;0
S20254;532;0;39300;39300;1
S20254;532;1;40910;40930;1
S20254;532;2;40930;40935;1
S20254;532;3;40935;40940;1
S20254;532;4;40940;40945;1
S20254;532;5;40945;40950;1
S20254;532;6;40950;40955;1
S20254;532;7;40955;40960;1
S20254;532;8;40960;40965;1
S20254;532;9;40965;40970;1
S20254;532;50;40970;41005;1
S20254;532;50;46320;46330;0
S20254;532;9;46330;46335;0
S20254;532;8;46335;46340;0
S20254;532;7;46340;46345;0
S20254;532;6;46345;46350;0
S20254;532;5;46350;46355;0
S20254;532;4;46355;46360;0
S20254;532;3;46360;46365;0
S20254;532;2;46365;46370;0
S20254;532;1;46370;46390;0
S20254;533;0;39300;39300;1
S20254;533;1;41265;41285;1
S20254;533;2;41285;41290;1
S20254;533;3;41290;41295;1
S20254;533;4;41295;41300;1
S20254;533;5;41300;41305;1
S20254;533;6;41305;41310;1
S20254;533;43;41310;41345;1
S20254;533;43;43975;43985;0
S20254;533;6;43985;43990;0
S20254;533;5;43990;43995;0
S20254;533;4;43995;44000;0
S20254;533;3;44000;44005;0
S20254;533;2;44005;44010;0
S20254;533;1;44010;44030;0
S20254;534;0;39330;39330;1
S20254;534;1;39330;39350;1
S20254;534;2;39350;39355;1
S20254;534;3;39355;39360;1
S20254;534;4;39360;39365;1
S20254;534;5;39365;39370;1
S20254;534;6;39370;39375;1
S20254;534;38;39375;39410;1
S20254;534;38;40020;40030;0
S20254;534;6;40030;40035;0
S20254;534;5;40035;40040;0
S20254;534;4;40040;40045;0
S20254;534;3;40045;40050;0
S20254;534;2;40050;40055;0
S20254;534;1;40055;40075;0
S20254;535;0;39360;39360;1
S20254;535;1;39370;39390;1
S20254;535;2;39390;39395;1
S20254;535;3;39395;39400;1
S20254;535;20;39400;39435;1
S20254;535;20;43900;43910;0
S20254;535;3;43910;43915;0
S20254;535;2;43915;43920;0
S20254;535;1;43920;43940;0
S20254;536;0;39420;39420;1
S20254;536;1;39700;39720;1
S20254;536;2;39720;39725;1
S20254;536;3;39725;39730;1
S20254;536;4;39730;39735;1
S20254;536;5;39735;39740;1
S20254;536;6;39740;39745;1
S20254;536;7;39745;39750;1
S20254;536;8;39750;39755;1
S20254;536;9;39755;39760;1
S20254;536;10;39760;39765;1
S20254;536;11;39765;39770;1
S20254;536;12;39770;39775;1
S20254;536;13;39775;39780;1
S20254;536;67;39780;39795;1
S20254;536;67;43380;43410;0
S20254;536;13;43410;43415;0
S20254;536;12;43415;43420;0
S20254;536;11;43420;43425;0
S20254;536;10;43425;43430;0
S20254;536;9;43430;43435;0
S20254;536;8;43435;43440;0
S20254;536;7;43440;43445;0
S20254;536;6;43445;43450;0
S20254;536;5;43450;43455;0
S20254;536;4;43455;43460;0
S20254;536;3;43460;43465;0
S20254;536;2;43465;43470;0
S20254;536;1;43470;43490;0
S20254;537;0;39475;39475;1
S20254;537;1;43205;43225;1
S20254;537;2;43225;43230;1
S20254;537;3;43230;43235;1
S20254;537;4;43235;43240;1
S20254;537;5;43240;43245;1
S20254;537;6;43245;43250;1
S20254;537;7;43250;43255;1
S20254;537;46;43255;43290;1
S20254;537;46;45130;45140;0
S20254;537;7;45140;45145;0
S20254;537;6;45145;45150;0
S20254;537;5;45150;45155;0
S20254;537;4;45155;45160;0
S20254;537;3;45160;45165;0
S20254;537;2;45165;45170;0
S20254;537;1;45170;45190;0
S20254;538;0;39580;39580;1
S20254;538;1;39680;39700;1
S20254;538;2;39700;39705;1
S20254;538;3;39705;39710;1
S20254;538;4;39710;39715;1
S20254;538;5;39715;39720;1
S20254;538;6;39720;39725;1
S20254;538;7;39725;39730;1
S20254;538;8;39730;39735;1
S20254;538;9;39735;39740;1
S20254;538;10;39740;39745;1
S20254;538;11;39745;39750;1
S20254;538;12;39750;39755;1
S20254;538;64;39755;39770;1
S20254;538;64;40470;40500;0
S20254;538;12;40500;40505;0
S20254;538;11;40505;40510;0
S20254;538;10;40510;40515;0
S20254;538;9;40515;40520;0
S20254;538;8;40520;40525;0
S20254;538;7;40525;40530;0
S20254;538;6;40530;40535;0
S20254;538;5;40535;40540;0
S20254;538;4;40540;40545;0
S20254;538;3;40545;40550;0
S20254;538;2;40550;40555;0
S20254;538;1;40555;40575;0
S20254;539;0;39690;39690;1
S20254;539;1;39720;39740;1
S20254;539;2;39740;39745;1
S20254;539;3;39745;39750;1
S20254;539;4;39750;39755;1
S20254;539;5;39755;39760;1
S20254;539;6;39760;39765;1
S20254;539;7;39765;39770;1
S20254;539;8;39770;39775;1
S20254;539;9;39775;39780;1
S20254;539;10;39780;39785;1
S20254;539;11;39785;39790;1
S20254;539;12;39790;39795;1
S20254;539;13;39795;39800;1
S20254;539;68;39800;39815;1
S20254;539;68;42240;42270;0
S20254;539;13;42270;42275;0
S20254;539;12;42275;42280;0
S20254;539;11;42280;42285;0
S20254;539;10;42285;42290;0
S20254;539;9;42290;42295;0
S20254;539;8;42295;42300;0
S20254;539;7;42300;42305;0
S20254;539;6;42305;42310;0
S20254;539;5;42310;42315;0
S20254;539;4;42315;42320;0
S20254;539;3;42320;42325;0
S20254;539;2;42325;42330;0
S20254;539;1;42330;42350;0
S20254;540;0;39710;39710;1
S20254;540;1;40895;40915;1
S20254;540;2;40915;40920;1
S20254;540;3;40920;40925;1
S20254;540;4;40925;40930;1
S20254;540;5;40930;40935;1
S20254;540;6;40935;40940;1
S20254;540;7;40940;40945;1
S20254;540;8;40945;40950;1
S20254;540;9;40950;40955;1
S20254;540;10;40955;40960;1
S20254;540;11;40960;40965;1
S20254;540;12;40965;40970;1
S20254;540;13;40970;40975;1
S20254;540;70;40975;41010;1
S20254;540;70;43415;43425;0
S20254;540;13;43425;43430;0
S20254;540;12;43430;43435;0
S20254;540;11;43435;43440;0
S20254;540;10;43440;43445;0
S20254;540;9;43445;43450;0
S20254;540;8;43450;43455;0
S20254;540;7;43455;43460;0
S20254;540;6;43460;43465;0
S20254;540;5;43465;43470;0
S20254;540;4;43470;43475;0
S20254;540;3;43475;43480;0
S20254;540;2;43480;43485;0
S20254;540;1;43485;43505;0
S20254;541;0;39800;39800;1
S20254;541;1;42940;42960;1
S20254;541;2;42960;42965;1
S20254;541;3;42965;42970;1
S20254;541;4;42970;42975;1
S20254;541;5;42975;42980;1
S20254;541;6;42980;42985;1
S20254;541;7;42985;42990;1
S20254;541;8;42990;42995;1
S20254;541;9;42995;43000;1
S20254;541;10;43000;43005;1
S20254;541;53;43005;43020;1
S20254;541;53;44075;44105;0
S20254;541;10;44105;44110;0
S20254;541;9;44110;44115;0
S20254;541;8;44115;44120;0
S20254;541;7;44120;44125;0
S20254;541;6;44125;44130;0
S20254;541;5;44130;44135;0
S20254;541;4;44135;44140;0
S20254;541;3;44140;44145;0
S20254;541;2;44145;44150;0
S20254;541;1;44150;44170;0
S20254;542;0;39800;39800;1
S20254;542;1;55260;55280;1
S20254;542;2;55280;55285;1
S20254;542;3;55285;55290;1
S20254;542;4;55290;55295;1
S20254;542;5;55295;55300;1
S20254;542;6;55300;55305;1
S20254;542;7;55305;55310;1
S20254;542;8;55310;55315;1
S20254;542;9;55315;55320;1
S20254;542;10;55320;55325;1
S20254;542;11;55325;55330;1
S20254;542;12;55330;55335;1
S20254;542;13;55335;55340;1
S20254;542;69;55340;55375;1
S20254;542;69;57090;57100;0
S20254;542;13;57100;57105;0
S20254;542;12;57105;57110;0
S20254;542;11;57110;57115;0
S20254;542;10;57115;57120;0
S20254;542;9;57120;57125;0
S20254;542;8;57125;57130;0
S20254;542;7;57130;57135;0
S20254;542;6;57135;57140;0
S20254;542;5;57140;57145;0
S20254;542;4;57145;57150;0
S20254;542;3;57150;57155;0
S20254;542;2;57155;57160;0
S20254;542;1;57160;57180;0
S20254;543;0;39805;39805;1
S20254;543;1;49665;49685;1
S20254;543;2;49685;49690;1
S20254;543;3;49690;49695;1
S20254;543;4;49695;49700;1
S20254;543;5;49700;49705;1
S20254;543;6;49705;49710;1
S20254;543;7;49710;49715;1
S20254;543;8;49715;49720;1
S20254;543;9;49720;49725;1
S20254;543;10;49725;49730;1
S20254;543;11;49730;49735;1
S20254;543;12;49735;49740;1
S20254;543;13;49740;49745;1
S20254;543;70;49745;49780;1
S20254;543;70;52805;52815;0
S20254;543;13;52815;52820;0
S20254;543;12;52820;52825;0
S20254;543;11;52825;52830;0
S20254;543;10;52830;52835;0
S20254;543;9;52835;52840;0
S20254;543;8;52840;52845;0
S20254;543;7;52845;52850;0
S20254;543;6;52850;52855;0
S20254;543;5;52855;52860;0
S20254;543;4;52860;52865;0
S20254;543;3;52865;52870;0
S20254;543;2;52870;52875;0
S20254;543;1;52875;52895;0
S20254;544;0;39900;39900;1
S20254;544;1;42640;42660;1
S20254;544;2;42660;42665;1
S20254;544;3;42665;42670;1
S20254;544;4;42670;42675;1
S20254;544;5;42675;42680;1
S20254;544;6;42680;42685;1
S20254;544;7;42685;42690;1
S20254;544;8;42690;42695;1
S20254;544;9;42695;42700;1
S20254;544;10;42700;42705;1
S20254;544;52;42705;42740;1
S20254;544;52;43900;43910;0
S20254;544;10;43910;43915;0
S20254;544;9;43915;43920;0
S20254;544;8;43920;43925;0
S20254;544;7;43925;43930;0
S20254;544;6;43930;43935;0
S20254;544;5;43935;43940;0
S20254;544;4;43940;43945;0
S20254;544;3;43945;43950;0
S20254;544;2;43950;43955;0
S20254;544;1;43955;43975;0
S20254;545;0;39950;39950;1
S20254;545;1;39950;39970;1
S20254;545;2;39970;39975;1
S20254;545;3;39975;39980;1
S20254;545;4;39980;39985;1
S20254;545;5;39985;39990;1
S20254;545;6;39990;39995;1
S20254;545;7;39995;40000;1
S20254;545;8;40000;40005;1
S20254;545;9;40005;40010;1
S20254;545;10;40010;40015;1
S20254;545;52;40015;40030;1
S20254;545;52;42700;42730;0
S20254;545;10;42730;42735;0
S20254;545;9;42735;42740;0
S20254;545;8;42740;42745;0
S20254;545;7;42745;42750;0
S20254;545;6;42750;42755;0
S20254;545;5;42755;42760;0
S20254;545;4;42760;42765;0
S20254;545;3;42765;42770;0
S20254;545;2;42770;42775;0
S20254;545;1;42775;42795;0
S20254;546;0;40070;40070;1
S20254;546;1;50415;50435;1
S20254;546;2;50435;50440;1
S20254;546;3;50440;50445;1
S20254;546;4;50445;50450;1
S20254;546;5;50450;50455;1
S20254;546;6;50455;50460;1
S20254;546;7;50460;50465;1
S20254;546;46;50465;50500;1
S20254;546;46;52855;52865;0
S20254;546;7;52865;52870;0
S20254;546;6;52870;52875;0
S20254;546;5;52875;52880;0
S20254;546;4;52880;52885;0
S20254;546;3;52885;52890;0
S20254;546;2;52890;52895;0
S20254;546;1;52895;52915;0
S20254;547;0;40125;40125;1
S20254;547;1;46255;46275;1
S20254;547;2;46275;46280;1
S20254;547;3;46280;46285;1
S20254;547;4;46285;46290;1
S20254;547;23;46290;46325;1
S20254;547;23;50620;50630;0
S20254;547;4;50630;50635;0
S20254;547;3;50635;50640;0
S20254;547;2;50640;50645;0
S20254;547;1;50645;50665;0
S20254;548;0;40180;40180;1
S20254;548;1;44540;44560;1
S20254;548;2;44560;44565;1
S20254;548;3;44565;44570;1
S20254;548;4;44570;44575;1
S20254;548;5;44575;44580;1
S20254;548;6;44580;44585;1
S20254;548;7;44585;44590;1
S20254;548;8;44590;44595;1
S20254;548;9;44595;44600;1
S20254;548;51;44600;44635;1
S20254;548;51;46375;46385;0
S20254;548;9;46385;46390;0
S20254;548;8;46390;46395;0
S20254;548;7;46395;46400;0
S20254;548;6;46400;46405;0
S20254;548;5;46405;46410;0
S20254;548;4;46410;46415;0
S20254;548;3;46415;46420;0
S20254;548;2;46420;46425;0
S20254;548;1;46425;46445;0
S20254;549;0;40230;40230;1
S20254;549;1;76665;76685;1
S20254;549;2;76685;76690;1
S20254;549;3;76690;76695;1
S20254;549;4;76695;76700;1
S20254;549;23;76700;76735;1
S20254;549;23;82060;82070;0
S20254;549;4;82070;82075;0
S20254;549;3;82075;82080;0
S20254;549;2;82080;82085;0
S20254;549;1;82085;82105;0
S20254;550;0;40245;40245;1
S20254;550;1;54915;54935;1
S20254;550;2;54935;54940;1
S20254;550;3;54940;54945;1
S20254;550;18;54945;54980;1
S20254;550;18;58470;58480;0
S20254;550;3;58480;58485;0
S20254;550;2;58485;58490;0
S20254;550;1;58490;58510;0
S20254;551;0;40325;40325;1
S20254;551;1;40375;40395;1
S20254;551;2;40395;40400;1
S20254;551;3;40400;40405;1
S20254;551;4;40405;40410;1
S20254;551;5;40410;40415;1
S20254;551;6;40415;40420;1
S20254;551;7;40420;40425;1
S20254;551;8;40425;40430;1
S20254;551;9;40430;40435;1
S20254;551;10;40435;40440;1
S20254;551;11;40440;40445;1
S20254;551;12;40445;40450;1
S20254;551;66;40450;40465;1
S20254;551;66;42300;42330;0
S20254;551;12;42330;42335;0
S20254;551;11;42335;42340;0
S20254;551;10;42340;42345;0
S20254;551;9;42345;42350;0
S20254;551;8;42350;42355;0
S20254;551;7;42355;42360;0
S20254;551;6;42360;42365;0
S20254;551;5;42365;42370;0
S20254;551;4;42370;42375;0
S20254;551;3;42375;42380;0
S20254;551;2;42380;42385;0
S20254;551;1;42385;42405;0
S20254;552;0;40325;40325;1
S20254;552;1;51840;51860;1
S20254;552;2;51860;51865;1
S20254;552;3;51865;51870;1
S20254;552;4;51870;51875;1
S20254;552;5;51875;51880;1
S20254;552;6;51880;51885;1
S20254;552;7;51885;51890;1
S20254;552;8;51890;51895;1
S20254;552;9;51895;51900;1
S20254;552;10;51900;51905;1
S20254;552;11;51905;51910;1
S20254;552;12;51910;51915;1
S20254;552;13;51915;51920;1
S20254;552;14;51920;51925;1
S20254;552;15;51925;51930;1
S20254;552;16;51930;51945;1
S20254;552;74;51945;51990;1
S20254;552;74;52475;52485;0
S20254;552;16;52485;52500;0
S20254;552;15;52500;52505;0
S20254;552;14;52505;52510;0
S20254;552;13;52510;52515;0
S20254;552;12;52515;52520;0
S20254;552;11;52520;52525;0
S20254;552;10;52525;52530;0
S20254;552;9;52530;52535;0
S20254;552;8;52535;52540;0
S20254;552;7;52540;52545;0
S20254;552;6;52545;52550;0
S20254;552;5;52550;52555;0
S20254;552;4;52555;52560;0
S20254;552;3;52560;52565;0
S20254;552;2;52565;52570;0
S20254;552;1;52570;52590;0
S20254;553;0;40425;40425;1
S20254;553;1;40425;40445;1
S20254;553;2;40445;40450;1
S20254;553;3;40450;40455;1
S20254;553;4;40455;40460;1
S20254;553;5;40460;40465;1
S20254;553;35;40465;40480;1
S20254;553;35;40985;41015;0
S20254;553;5;41015;41020;0
S20254;553;4;41020;41025;0
S20254;553;3;41025;41030;0
S20254;553;2;41030;41035;0
S20254;553;1;41035;41055;0
S20254;554;0;40430;40430;1
S20254;554;1;41280;41300;1
S20254;554;2;41300;41305;1
S20254;554;3;41305;41310;1
S20254;554;4;41310;41315;1
S20254;554;5;41315;41320;1
S20254;554;36;41320;41335;1
S20254;554;36;42495;42525;0
S20254;554;5;42525;42530;0
S20254;554;4;42530;42535;0
S20254;554;3;42535;42540;0
S20254;554;2;42540;42545;0
S20254;554;1;42545;42565;0
S20254;555;0;40560;40560;1
S20254;555;1;40595;40615;1
S20254;555;2;40615;40620;1
S20254;555;3;40620;40625;1
S20254;555;4;40625;40630;1
S20254;555;5;40630;40635;1
S20254;555;6;40635;40640;1
S20254;555;7;40640;40645;1
S20254;555;8;40645;40650;1
S20254;555;9;40650;40655;1
S20254;555;10;40655;40660;1
S20254;555;11;40660;40665;1
S20254;555;62;40665;40680;1
S20254;555;62;45065;45095;0
S20254;555;11;45095;45100;0
S20254;555;10;45100;45105;0
S20254;555;9;45105;45110;0
S20254;555;8;45110;45115;0
S20254;555;7;45115;45120;0
S20254;555;6;45120;45125;0
S20254;555;5;45125;45130;0
S20254;555;4;45130;45135;0
S20254;555;3;45135;45140;0
S20254;555;2;45140;45145;0
S20254;555;1;45145;45165;0
S20254;556;0;40560;40560;1
S20254;556;1;43190;43210;1
S20254;556;2;43210;43215;1
S20254;556;3;43215;43220;1
S20254;556;4;43220;43225;1
S20254;556;5;43225;43230;1
S20254;556;6;43230;43235;1
S20254;556;7;43235;43240;1
S20254;556;8;43240;43245;1
S20254;556;9;43245;43250;1
S20254;556;10;43250;43255;1
S20254;556;11;43255;43260;1
S20254;556;12;43260;43265;1
S20254;556;65;43265;43300;1
S20254;556;65;45415;45425;0
S20254;556;12;45425;45430;0
S20254;556;11;45430;45435;0
S20254;556;10;45435;45440;0
S20254;556;9;45440;45445;0
S20254;556;8;45445;45450;0
S20254;556;7;45450;45455;0
S20254;556;6;45455;45460;0
S20254;556;5;45460;45465;0
S20254;556;4;45465;45470;0
S20254;556;3;45470;45475;0
S20254;556;2;45475;45480;0
S20254;556;1;45480;45500;0
S20254;557;0;40560;40560;1
S20254;557;1;47965;47985;1
S20254;557;2;47985;47990;1
S20254;557;3;47990;47995;1
S20254;557;4;47995;48000;1
S20254;557;26;48000;48035;1
S20254;557;26;50895;50905;0
S20254;557;4;50905;50910;0
S20254;557;3;50910;50915;0
S20254;557;2;50915;50920;0
S20254;557;1;50920;50940;0
S20254;558;0;40710;40710;1
S20254;558;1;40710;40730;1
S20254;558;2;40730;40735;1
S20254;558;3;40735;40740;1
S20254;558;4;40740;40745;1
S20254;558;5;40745;40750;1
S20254;558;6;40750;40755;1
S20254;558;38;40755;40790;1
S20254;558;38;41525;41535;0
S20254;558;6;41535;41540;0
S20254;558;5;41540;41545;0
S20254;558;4;41545;41550;0
S20254;558;3;41550;41555;0
S20254;558;2;41555;41560;0
S20254;558;1;41560;41580;0
S20254;559;0;40750;40750;1
S20254;559;1;40750;40770;1
S20254;559;2;40770;40775;1
S20254;559;3;40775;40780;1
S20254;559;4;40780;40785;1
S20254;559;5;40785;40790;1
S20254;559;6;40790;40795;1
S20254;559;41;40795;40810;1
S20254;559;41;51220;51250;0
S20254;559;6;51250;51255;0
S20254;559;5;51255;51260;0
S20254;559;4;51260;51265;0
S20254;559;3;51265;51270;0
S20254;559;2;51270;51275;0
S20254;559;1;51275;51295;0
S20254;560;0;40825;40825;1
S20254;560;1;50140;50160;1
S20254;560;2;50160;50165;1
S20254;560;3;50165;50170;1
S20254;560;4;50170;50175;1
S20254;560;5;50175;50180;1
S20254;560;6;50180;50185;1
S20254;560;43;50185;50200;1
S20254;560;43;51035;51065;0
S20254;560;6;51065;51070;0
S20254;560;5;51070;51075;0
S20254;560;4;51075;51080;0
S20254;560;3;51080;51085;0
S20254;560;2;51085;51090;0
S20254;560;1;51090;51110;0
S20254;561;0;40890;40890;1
S20254;561;1;40925;40945;1
S20254;561;2;40945;40950;1
S20254;561;3;40950;40955;1
S20254;561;4;40955;40960;1
S20254;561;5;40960;40965;1
S20254;561;34;40965;40980;1
S20254;561;34;41460;41490;0
S20254;561;5;41490;41495;0
S20254;561;4;41495;41500;0
S20254;561;3;41500;41505;0
S20254;561;2;41505;41510;0
S20254;561;1;41510;41530;0
S20254;562;0;40930;40930;1
S20254;562;1;46675;46695;1
S20254;562;2;46695;46700;1
S20254;562;3;46700;46705;1
S20254;562;4;46705;46710;1
S20254;562;5;46710;46715;1
S20254;562;33;46715;46730;1
S20254;562;33;48710;48740;0
S20254;562;5;48740;48745;0
S20254;562;4;48745;48750;0
S20254;562;3;48750;48755;0
S20254;562;2;48755;48760;0
S20254;562;1;48760;48780;0
S20254;563;0;41070;41070;1
S20254;563;1;41145;41165;1
S20254;563;2;41165;41170;1
S20254;563;3;41170;41175;1
S20254;563;4;41175;41180;1
S20254;563;5;41180;41185;1
S20254;563;6;41185;41190;1
S20254;563;7;41190;41195;1
S20254;563;8;41195;41200;1
S20254;563;9;41200;41205;1
S20254;563;10;41205;41210;1
S20254;563;11;41210;41215;1
S20254;563;88;41215;41230;1
S20254;563;88;43680;43710;0
S20254;563;11;43710;43715;0
S20254;563;10;43715;43720;0
S20254;563;9;43720;43725;0
S20254;563;8;43725;43730;0
S20254;563;7;43730;43735;0
S20254;563;6;43735;43740;0
S20254;563;5;43740;43745;0
S20254;563;4;43745;43750;0
S20254;563;3;43750;43755;0
S20254;563;2;43755;43760;0
S20254;563;1;43760;43780;0
S20254;564;0;41160;41160;1
S20254;564;1;41650;41670;1
S20254;564;2;41670;41675;1
S20254;564;3;41675;41680;1
S20254;564;4;41680;41685;1
S20254;564;5;41685;41690;1
S20254;564;6;41690;41695;1
S20254;564;7;41695;41700;1
S20254;564;8;41700;41705;1
S20254;564;9;41705;41710;1
S20254;564;10;41710;41715;1
S20254;564;11;41715;41720;1
S20254;564;12;41720;41725;1
S20254;564;13;41725;41730;1
S20254;564;69;41730;41745;1
S20254;564;69;48265;48295;0
S20254;564;13;48295;48300;0
S20254;564;12;48300;48305;0
S20254;564;11;48305;48310;0
S20254;564;10;48310;48315;0
S20254;564;9;48315;48320;0
S20254;564;8;48320;48325;0
S20254;564;7;48325;48330;0
S20254;564;6;48330;48335;0
S20254;564;5;48335;48340;0
S20254;564;4;48340;48345;0
S20254;564;3;48345;48350;0
S20254;564;2;48350;48355;0
S20254;564;1;48355;48375;0
S20254;565;0;41190;41190;1
S20254;565;1;46040;46060;1
S20254;565;2;46060;46065;1
S20254;565;3;46065;46070;1
S20254;565;4;46070;46075;1
S20254;565;5;46075;46080;1
S20254;565;6;46080;46085;1
S20254;565;7;46085;46090;1
S20254;565;8;46090;46095;1
S20254;565;9;46095;46100;1
S20254;565;10;46100;46105;1
S20254;565;11;46105;46110;1
S20254;565;12;46110;46115;1
S20254;565;66;46115;46150;1
S20254;565;66;47780;47790;0
S20254;565;12;47790;47795;0
S20254;565;11;47795;47800;0
S20254;565;10;47800;47805;0
S20254;565;9;47805;47810;0
S20254;565;8;47810;47815;0
S20254;565;7;47815;47820;0
S20254;565;6;47820;47825;0
S20254;565;5;47825;47830;0
S20254;565;4;47830;47835;0
S20254;565;3;47835;47840;0
S20254;565;2;47840;47845;0
S20254;565;1;47845;47865;0
S20254;566;0;41290;41290;1
S20254;566;1;57900;57920;1
S20254;566;2;57920;57925;1
S20254;566;3;57925;57930;1
S20254;566;4;57930;57935;1
S20254;566;5;57935;57940;1
S20254;566;6;57940;57945;1
S20254;566;7;57945;57950;1
S20254;566;8;57950;57955;1
S20254;566;9;57955;57960;1
S20254;566;10;57960;57965;1
S20254;566;11;57965;57970;1
S20254;566;12;57970;57975;1
S20254;566;13;57975;57980;1
S20254;566;14;57980;57985;1
S20254;566;15;57985;57990;1
S20254;566;16;57990;58005;1
S20254;566;75;58005;58050;1
S20254;566;75;64285;64295;0
S20254;566;16;64295;64310;0
S20254;566;15;64310;64315;0
S20254;566;14;64315;64320;0
S20254;566;13;64320;64325;0
S20254;566;12;64325;64330;0
S20254;566;11;64330;64335;0
S20254;566;10;64335;64340;0
S20254;566;9;64340;64345;0
S20254;566;8;64345;64350;0
S20254;566;7;64350;64355;0
S20254;566;6;64355;64360;0
S20254;566;5;64360;64365;0
S20254;566;4;64365;64370;0
S20254;566;3;64370;64375;0
S20254;566;2;64375;64380;0
S20254;566;1;64380;64400;0
S20254;567;0;41355;41355;1
S20254;567;1;41355;41375;1
S20254;567;2;41375;41380;1
S20254;567;3;41380;41385;1
S20254;567;4;41385;41390;1
S20254;567;5;41390;41395;1
S20254;567;6;41395;41400;1
S20254;567;7;41400;41405;1
S20254;567;8;41405;41410;1
S20254;567;9;41410;41415;1
S20254;567;10;41415;41420;1
S20254;567;53;41420;41435;1
S20254;567;53;42295;42325;0
S20254;567;10;42325;42330;0
S20254;567;9;42330;42335;0
S20254;567;8;42335;42340;0
S20254;567;7;42340;42345;0
S20254;567;6;42345;42350;0
S20254;567;5;42350;42355;0
S20254;567;4;42355;42360;0
S20254;567;3;42360;42365;0
S20254;567;2;42365;42370;0
S20254;567;1;42370;42390;0
S20254;568;0;41585;41585;1
S20254;568;1;41665;41685;1
S20254;568;2;41685;41690;1
S20254;568;3;41690;41695;1
S20254;568;4;41695;41700;1
S20254;568;5;41700;41705;1
S20254;568;33;41705;41740;1
S20254;568;33;43905;43915;0
S20254;568;5;43915;43920;0
S20254;568;4;43920;43925;0
S20254;568;3;43925;43930;0
S20254;568;2;43930;43935;0
S20254;568;1;43935;43955;0
S20254;569;0;41620;41620;1
S20254;569;1;41680;41700;1
S20254;569;83;41700;41735;1
S20254;569;83;42905;42915;0
S20254;569;1;42915;42935;0
S20254;570;0;41715;41715;1
S20254;570;1;42240;42260;1
S20254;570;2;42260;42265;1
S20254;570;3;42265;42270;1
S20254;570;4;42270;42275;1
S20254;570;5;42275;42280;1
S20254;570;6;42280;42285;1
S20254;570;7;42285;42290;1
S20254;570;8;42290;42295;1
S20254;570;9;42295;42300;1
S20254;570;10;42300;42305;1
S20254;570;53;42305;42320;1
S20254;570;53;42770;42800;0
S20254;570;10;42800;42805;0
S20254;570;9;42805;42810;0
S20254;570;8;42810;42815;0
S20254;570;7;42815;42820;0
S20254;570;6;42820;42825;0
S20254;570;5;42825;42830;0
S20254;570;4;42830;42835;0
S20254;570;3;42835;42840;0
S20254;570;2;42840;42845;0
S20254;570;1;42845;42865;0
S20254;571;0;41830;41830;1
S20254;571;1;41845;41865;1
S20254;571;2;41865;41870;1
S20254;571;3;41870;41875;1
S20254;571;4;41875;41880;1
S20254;571;5;41880;41885;1
S20254;571;6;41885;41890;1
S20254;571;7;41890;41895;1
S20254;571;8;41895;41900;1
S20254;571;9;41900;41905;1
S20254;571;10;41905;41910;1
S20254;571;11;41910;41915;1
S20254;571;54;41915;41930;1
S20254;571;54;43030;43060;0
S20254;571;11;43060;43065;0
S20254;571;10;43065;43070;0
S20254;571;9;43070;43075;0
S20254;571;8;43075;43080;0
S20254;571;7;43080;43085;0
S20254;571;6;43085;43090;0
S20254;571;5;43090;43095;0
S20254;571;4;43095;43100;0
S20254;571;3;43100;43105;0
S20254;571;2;43105;43110;0
S20254;571;1;43110;43130;0
S20254;572;0;41995;41995;1
S20254;572;1;41995;42015;1
S20254;572;2;42015;42020;1
S20254;572;3;42020;42025;1
S20254;572;4;42025;42030;1
S20254;572;5;42030;42035;1
S20254;572;34;42035;42050;1
S20254;572;34;43325;43355;0
S20254;572;5;43355;43360;0
S20254;572;4;43360;43365;0
S20254;572;3;43365;43370;0
S20254;572;2;43370;43375;0
S20254;572;1;43375;43395;0
S20254;573;0;42070;42070;1
S20254;573;1;42070;42090;1
S20254;573;2;42090;42095;1
S20254;573;3;42095;42100;1
S20254;573;4;42100;42105;1
S20254;573;5;42105;42110;1
S20254;573;6;42110;42115;1
S20254;573;39;42115;42150;1
S20254;573;39;42830;42840;0
S20254;573;6;42840;42845;0
S20254;573;5;42845;42850;0
S20254;573;4;42850;42855;0
S20254;573;3;42855;42860;0
S20254;573;2;42860;42865;0
S20254;573;1;42865;42885;0
S20254;574;0;42115;42115;1
S20254;574;1;42115;42135;1
S20254;574;2;42135;42140;1
S20254;574;3;42140;42145;1
S20254;574;4;42145;42150;1
S20254;574;5;42150;42155;1
S20254;574;6;42155;42160;1
S20254;574;38;42160;42195;1
S20254;574;38;42845;42855;0
S20254;574;6;42855;42860;0
S20254;574;5;42860;42865;0
S20254;574;4;42865;42870;0
S20254;574;3;42870;42875;0
S20254;574;2;42875;42880;0
S20254;574;1;42880;42900;0
S20254;575;0;42270;42270;1
S20254;575;1;90700;90720;1
S20254;575;2;90720;90725;1
S20254;575;3;90725;90730;1
S20254;575;4;90730;90735;1
S20254;575;5;90735;90740;1
S20254;575;6;90740;90745;1
S20254;575;40;90745;90780;1
S20254;575;40;93500;93510;0
S20254;575;6;93510;93515;0
S20254;575;5;93515;93520;0
S20254;575;4;93520;93525;0
S20254;575;3;93525;93530;0
S20254;575;2;93530;93535;0
S20254;575;1;93535;93555;0
S20254;576;0;42350;42350;1
S20254;576;1;50155;50175;1
S20254;576;2;50175;50180;1
S20254;576;3;50180;50185;1
S20254;576;17;50185;50220;1
S20254;576;17;53870;53880;0
S20254;576;3;53880;53885;0
S20254;576;2;53885;53890;0
S20254;576;1;53890;53910;0
S20254;577;0;42380;42380;1
S20254;577;1;42445;42465;1
S20254;577;2;42465;42470;1
S20254;577;3;42470;42475;1
S20254;577;4;42475;42480;1
S20254;577;5;42480;42485;1
S20254;577;6;42485;42490;1
S20254;577;7;42490;42495;1
S20254;577;8;42495;42500;1
S20254;577;9;42500;42505;1
S20254;577;10;42505;42510;1
S20254;577;11;42510;42515;1
S20254;577;61;42515;42530;1
S20254;577;61;44890;44920;0
S20254;577;11;44920;44925;0
S20254;577;10;44925;44930;0
S20254;577;9;44930;44935;0
S20254;577;8;44935;44940;0
S20254;577;7;44940;44945;0
S20254;577;6;44945;44950;0
S20254;577;5;44950;44955;0
S20254;577;4;44955;44960;0
S20254;577;3;44960;44965;0
S20254;577;2;44965;44970;0
S20254;577;1;44970;44990;0
S20254;578;0;42420;42420;1
S20254;578;1;42460;42480;1
S20254;578;2;42480;42485;1
S20254;578;3;42485;42490;1
S20254;578;4;42490;42495;1
S20254;578;5;42495;42500;1
S20254;578;36;42500;42515;1
S20254;578;36;43695;43725;0
S20254;578;5;43725;43730;0
S20254;578;4;43730;43735;0
S20254;578;3;43735;43740;0
S20254;578;2;43740;43745;0
S20254;578;1;43745;43765;0
S20254;579;0;42540;42540;1
S20254;579;1;42570;42590;1
S20254;579;2;42590;42595;1
S20254;579;3;42595;42600;1
S20254;579;4;42600;42605;1
S20254;579;5;42605;42610;1
S20254;579;28;42610;42645;1
S20254;579;28;43285;43295;0
S20254;579;5;43295;43300;0
S20254;579;4;43300;43305;0
S20254;579;3;43305;43310;0
S20254;579;2;43310;43315;0
S20254;579;1;43315;43335;0
S20254;580;0;42585;42585;1
S20254;580;1;59000;59020;1
S20254;580;2;59020;59025;1
S20254;580;3;59025;59030;1
S20254;580;4;59030;59035;1
S20254;580;5;59035;59040;1
S20254;580;6;59040;59045;1
S20254;580;7;59045;59050;1
S20254;580;8;59050;59055;1
S20254;580;9;59055;59060;1
S20254;580;10;59060;59065;1
S20254;580;11;59065;59070;1
S20254;580;12;59070;59075;1
S20254;580;13;59075;59080;1
S20254;580;70;59080;59095;1
S20254;580;70;60745;60775;0
S20254;580;13;60775;60780;0
S20254;580;12;60780;60785;0
S20254;580;11;60785;60790;0
S20254;580;10;60790;60795;0
S20254;580;9;60795;60800;0
S20254;580;8;60800;60805;0
S20254;580;7;60805;60810;0
S20254;580;6;60810;60815;0
S20254;580;5;60815;60820;0
S20254;580;4;60820;60825;0
S20254;580;3;60825;60830;0
S20254;580;2;60830;60835;0
S20254;580;1;60835;60855;0
S20254;581;0;42600;42600;1
S20254;581;1;44645;44665;1
S20254;581;2;44665;44670;1
S20254;581;3;44670;44675;1
S20254;581;4;44675;44680;1
S20254;581;5;44680;44685;1
S20254;581;36;44685;44700;1
S20254;581;36;45930;45960;0
S20254;581;5;45960;45965;0
S20254;581;4;45965;45970;0
S20254;581;3;45970;45975;0
S20254;581;2;45975;45980;0
S20254;581;1;45980;46000;0
S20254;582;0;42615;42615;1
S20254;582;1;42625;42645;1
S20254;582;2;42645;42650;1
S20254;582;3;42650;42655;1
S20254;582;4;42655;42660;1
S20254;582;5;42660;42665;1
S20254;582;6;42665;42670;1
S20254;582;7;42670;42675;1
S20254;582;8;42675;42680;1
S20254;582;9;42680;42685;1
S20254;582;10;42685;42690;1
S20254;582;11;42690;42695;1
S20254;582;12;42695;42700;1
S20254;582;65;42700;42715;1
S20254;582;65;43245;43275;0
S20254;582;12;43275;43280;0
S20254;582;11;43280;43285;0
S20254;582;10;43285;43290;0
S20254;582;9;43290;43295;0
S20254;582;8;43295;43300;0
S20254;582;7;43300;43305;0
S20254;582;6;43305;43310;0
S20254;582;5;43310;43315;0
S20254;582;4;43315;43320;0
S20254;582;3;43320;43325;0
S20254;582;2;43325;43330;0
S20254;582;1;43330;43350;0
S20254;583;0;42715;42715;1
S20254;583;1;44755;44775;1
S20254;583;2;44775;44780;1
S20254;583;3;44780;44785;1
S20254;583;4;44785;44790;1
S20254;583;5;44790;44795;1
S20254;583;6;44795;44800;1
S20254;583;7;44800;44805;1
S20254;583;8;44805;44810;1
S20254;583;9;44810;44815;1
S20254;583;10;44815;44820;1
S20254;583;11;44820;44825;1
S20254;583;55;44825;44860;1
S20254;583;55;46435;46445;0
S20254;583;11;46445;46450;0
S20254;583;10;46450;46455;0
S20254;583;9;46455;46460;0
S20254;583;8;46460;46465;0
S20254;583;7;46465;46470;0
S20254;583;6;46470;46475;0
S20254;583;5;46475;46480;0
S20254;583;4;46480;46485;0
S20254;583;3;46485;46490;0
S20254;583;2;46490;46495;0
S20254;583;1;46495;46515;0
S20254;584;0;42900;42900;1
S20254;584;1;54735;54755;1
S20254;584;2;54755;54760;1
S20254;584;3;54760;54765;1
S20254;584;4;54765;54770;1
S20254;584;5;54770;54775;1
S20254;584;6;54775;54780;1
S20254;584;39;54780;54815;1
S20254;584;39;60695;60705;0
S20254;584;6;60705;60710;0
S20254;584;5;60710;60715;0
S20254;584;4;60715;60720;0
S20254;584;3;60720;60725;0
S20254;584;2;60725;60730;0
S20254;584;1;60730;60750;0
S20254;585;0;43205;43205;1
S20254;585;1;87830;87850;1
S20254;585;2;87850;87855;1
S20254;585;3;87855;87860;1
S20254;585;4;87860;87865;1
S20254;585;5;87865;87870;1
S20254;585;6;87870;87875;1
S20254;585;7;87875;87880;1
S20254;585;8;87880;87885;1
S20254;585;47;87885;87920;1
S20254;585;47;94110;94120;0
S20254;585;8;94120;94125;0
S20254;585;7;94125;94130;0
S20254;585;6;94130;94135;0
S20254;585;5;94135;94140;0
S20254;585;4;94140;94145;0
S20254;585;3;94145;94150;0
S20254;585;2;94150;94155;0
S20254;585;1;94155;94175;0
S20254;586;0;43240;43240;1
S20254;586;1;47010;47030;1
S20254;586;2;47030;47035;1
S20254;586;3;47035;47040;1
S20254;586;4;47040;47045;1
S20254;586;5;47045;47050;1
S20254;586;6;47050;47055;1
S20254;586;7;47055;47060;1
S20254;586;8;47060;47065;1
S20254;586;9;47065;47070;1
S20254;586;10;47070;47075;1
S20254;586;11;47075;47080;1
S20254;586;12;47080;47085;1
S20254;586;13;47085;47090;1
S20254;586;70;47090;47125;1
S20254;586;70;49570;49580;0
S20254;586;13;49580;49585;0
S20254;586;12;49585;49590;0
S20254;586;11;49590;49595;0
S20254;586;10;49595;49600;0
S20254;586;9;49600;49605;0
S20254;586;8;49605;49610;0
S20254;586;7;49610;49615;0
S20254;586;6;49615;49620;0
S20254;586;5;49620;49625;0
S20254;586;4;49625;49630;0
S20254;586;3;49630;49635;0
S20254;586;2;49635;49640;0
S20254;586;1;49640;49660;0
S20254;587;0;43255;43255;1
S20254;587;1;50455;50475;1
S20254;587;2;50475;50480;1
S20254;587;3;50480;50485;1
S20254;587;4;50485;50490;1
S20254;587;5;50490;50495;1
S20254;587;6;50495;50500;1
S20254;587;7;50500;50505;1
S20254;587;8;50505;50510;1
S20254;587;9;50510;50515;1
S20254;587;10;50515;50520;1
S20254;587;11;50520;50525;1
S20254;587;12;50525;50530;1
S20254;587;13;50530;50535;1
S20254;587;14;50535;50540;1
S20254;587;15;50540;50545;1
S20254;587;16;50545;50560;1
S20254;587;72;50560;50605;1
S20254;587;72;53435;53445;0
S20254;587;16;53445;53460;0
S20254;587;15;53460;53465;0
S20254;587;14;53465;53470;0
S20254;587;13;53470;53475;0
S20254;587;12;53475;53480;0
S20254;587;11;53480;53485;0
S20254;587;10;53485;53490;0
S20254;587;9;53490;53495;0
S20254;587;8;53495;53500;0
S20254;587;7;53500;53505;0
S20254;587;6;53505;53510;0
S20254;587;5;53510;53515;0
S20254;587;4;53515;53520;0
S20254;587;3;53520;53525;0
S20254;587;2;53525;53530;0
S20254;587;1;53530;53550;0
S20254;588;0;43260;43260;1
S20254;588;1;44825;44845;1
S20254;588;2;44845;44850;1
S20254;588;3;44850;44855;1
S20254;588;4;44855;44860;1
S20254;588;5;44860;44865;1
S20254;588;35;44865;44880;1
S20254;588;35;46810;46840;0
S20254;588;5;46840;46845;0
S20254;588;4;46845;46850;0
S20254;588;3;46850;46855;0
S20254;588;2;46855;46860;0
S20254;588;1;46860;46880;0
S20254;589;0;43545;43545;1
S20254;589;1;43645;43665;1
S20254;589;2;43665;43670;1
S20254;589;3;43670;43675;1
S20254;589;4;43675;43680;1
S20254;589;5;43680;43685;1
S20254;589;36;43685;43700;1
S20254;589;36;44680;44710;0
S20254;589;5;44710;44715;0
S20254;589;4;44715;44720;0
S20254;589;3;44720;44725;0
S20254;589;2;44725;44730;0
S20254;589;1;44730;44750;0
S20254;590;0;43590;43590;1
S20254;590;1;43590;43610;1
S20254;590;2;43610;43615;1
S20254;590;3;43615;43620;1
S20254;590;4;43620;43625;1
S20254;590;5;43625;43630;1
S20254;590;6;43630;43635;1
S20254;590;38;43635;43670;1
S20254;590;38;44480;44490;0
S20254;590;6;44490;44495;0
S20254;590;5;44495;44500;0
S20254;590;4;44500;44505;0
S20254;590;3;44505;44510;0
S20254;590;2;44510;44515;0
S20254;590;1;44515;44535;0
S20254;591;0;43590;43590;1
S20254;591;1;43605;43625;1
S20254;591;2;43625;43630;1
S20254;591;3;43630;43635;1
S20254;591;4;43635;43640;1
S20254;591;5;43640;43645;1
S20254;591;35;43645;43660;1
S20254;591;35;44840;44870;0
S20254;591;5;44870;44875;0
S20254;591;4;44875;44880;0
S20254;591;3;44880;44885;0
S20254;591;2;44885;44890;0
S20254;591;1;44890;44910;0
S20254;592;0;43620;43620;1
S20254;592;1;43785;43805;1
S20254;592;2;43805;43810;1
S20254;592;3;43810;43815;1
S20254;592;4;43815;43820;1
S20254;592;5;43820;43825;1
S20254;592;34;43825;43840;1
S20254;592;34;46115;46145;0
S20254;592;5;46145;46150;0
S20254;592;4;46150;46155;0
S20254;592;3;46155;46160;0
S20254;592;2;46160;46165;0
S20254;592;1;46165;46185;0
S20254;593;0;43620;43620;1
S20254;593;1;43630;43650;1
S20254;593;2;43650;43655;1
S20254;593;3;43655;43660;1
S20254;593;4;43660;43665;1
S20254;593;5;43665;43670;1
S20254;593;6;43670;43675;1
S20254;593;39;43675;43710;1
S20254;593;39;44345;44355;0
S20254;593;6;44355;44360;0
S20254;593;5;44360;44365;0
S20254;593;4;44365;44370;0
S20254;593;3;44370;44375;0
S20254;593;2;44375;44380;0
S20254;593;1;44380;44400;0
S20254;594;0;43620;43620;1
S20254;594;1;43805;43825;1
S20254;594;2;43825;43830;1
S20254;594;3;43830;43835;1
S20254;594;4;43835;43840;1
S20254;594;5;43840;43845;1
S20254;594;6;43845;43850;1
S20254;594;7;43850;43855;1
S20254;594;8;43855;43860;1
S20254;594;9;43860;43865;1
S20254;594;10;43865;43870;1
S20254;594;11;43870;43875;1
S20254;594;12;43875;43880;1
S20254;594;66;43880;43895;1
S20254;594;66;46110;46140;0
S20254;594;12;46140;46145;0
S20254;594;11;46145;46150;0
S20254;594;10;46150;46155;0
S20254;594;9;46155;46160;0
S20254;594;8;46160;46165;0
S20254;594;7;46165;46170;0
S20254;594;6;46170;46175;0
S20254;594;5;46175;46180;0
S20254;594;4;46180;46185;0
S20254;594;3;46185;46190;0
S20254;594;2;46190;46195;0
S20254;594;1;46195;46215;0
S20254;595;0;43650;43650;1
S20254;595;1;43660;43680;1
S20254;595;2;43680;43685;1
S20254;595;3;43685;43690;1
S20254;595;17;43690;43725;1
S20254;595;17;47310;47320;0
S20254;595;3;47320;47325;0
S20254;595;2;47325;47330;0
S20254;595;1;47330;47350;0
S20254;596;0;43650;43650;1
S20254;596;1;45515;45535;1
S20254;596;2;45535;45540;1
S20254;596;3;45540;45545;1
S20254;596;4;45545;45550;1
S20254;596;5;45550;45555;1
S20254;596;33;45555;45570;1
S20254;596;33;46710;46740;0
S20254;596;5;46740;46745;0
S20254;596;4;46745;46750;0
S20254;596;3;46750;46755;0
S20254;596;2;46755;46760;0
S20254;596;1;46760;46780;0
S20254;597;0;43860;43860;1
S20254;597;1;43860;43880;1
S20254;597;2;43880;43885;1
S20254;597;3;43885;43890;1
S20254;597;4;43890;43895;1
S20254;597;5;43895;43900;1
S20254;597;33;43900;43915;1
S20254;597;33;45545;45575;0
S20254;597;5;45575;45580;0
S20254;597;4;45580;45585;0
S20254;597;3;45585;45590;0
S20254;597;2;45590;45595;0
S20254;597;1;45595;45615;0
S20254;598;0;44040;44040;1
S20254;598;1;44065;44085;1
S20254;598;2;44085;44090;1
S20254;598;3;44090;44095;1
S20254;598;20;44095;44130;1
S20254;598;20;47800;47810;0
S20254;598;3;47810;47815;0
S20254;598;2;47815;47820;0
S20254;598;1;47820;47840;0
S20254;599;0;44190;44190;1
S20254;599;1;47685;47705;1
S20254;599;2;47705;47710;1
S20254;599;3;47710;47715;1
S20254;599;4;47715;47720;1
S20254;599;5;47720;47725;1
S20254;599;6;47725;47730;1
S20254;599;40;47730;47765;1
S20254;599;40;51270;51280;0
S20254;599;6;51280;51285;0
S20254;599;5;51285;51290;0
S20254;599;4;51290;51295;0
S20254;599;3;51295;51300;0
S20254;599;2;51300;51305;0
S20254;599;1;51305;51325;0
S20254;600;0;44310;44310;1
S20254;600;1;44630;44650;1
S20254;600;2;44650;44655;1
S20254;600;3;44655;44660;1
S20254;600;4;44660;44665;1
S20254;600;5;44665;44670;1
S20254;600;6;44670;44675;1
S20254;600;7;44675;44680;1
S20254;600;8;44680;44685;1
S20254;600;9;44685;44690;1
S20254;600;10;44690;44695;1
S20254;600;11;44695;44700;1
S20254;600;12;44700;44705;1
S20254;600;64;44705;44720;1
S20254;600;64;46700;46730;0
S20254;600;12;46730;46735;0
S20254;600;11;46735;46740;0
S20254;600;10;46740;46745;0
S20254;600;9;46745;46750;0
S20254;600;8;46750;46755;0
S20254;600;7;46755;46760;0
S20254;600;6;46760;46765;0
S20254;600;5;46765;46770;0
S20254;600;4;46770;46775;0
S20254;600;3;46775;46780;0
S20254;600;2;46780;46785;0
S20254;600;1;46785;46805;0
S20254;601;0;44420;44420;1
S20254;601;1;44425;44445;1
S20254;601;2;44445;44450;1
S20254;601;3;44450;44455;1
S20254;601;4;44455;44460;1
S20254;601;5;44460;44465;1
S20254;601;6;44465;44470;1
S20254;601;7;44470;44475;1
S20254;601;8;44475;44480;1
S20254;601;9;44480;44485;1
S20254;601;10;44485;44490;1
S20254;601;53;44490;44505;1
S20254;601;53;45550;45580;0
S20254;601;10;45580;45585;0
S20254;601;9;45585;45590;0
S20254;601;8;45590;45595;0
S20254;601;7;45595;45600;0
S20254;601;6;45600;45605;0
S20254;601;5;45605;45610;0
S20254;601;4;45610;45615;0
S20254;601;3;45615;45620;0
S20254;601;2;45620;45625;0
S20254;601;1;45625;45645;0
S20254;602;0;44460;44460;1
S20254;602;1;45880;45900;1
S20254;602;2;45900;45905;1
S20254;602;3;45905;45910;1
S20254;602;4;45910;45915;1
S20254;602;5;45915;45920;1
S20254;602;6;45920;45925;1
S20254;602;43;45925;45960;1
S20254;602;43;48090;48100;0
S20254;602;6;48100;48105;0
S20254;602;5;48105;48110;0
S20254;602;4;48110;48115;0
S20254;602;3;48115;48120;0
S20254;602;2;48120;48125;0
S20254;602;1;48125;48145;0
S20254;603;0;44590;44590;1
S20254;603;1;47565;47585;1
S20254;603;2;47585;47590;1
S20254;603;3;47590;47595;1
S20254;603;4;47595;47600;1
S20254;603;24;47600;47635;1
S20254;603;24;57780;57790;0
S20254;603;4;57790;57795;0
S20254;603;3;57795;57800;0
S20254;603;2;57800;57805;0
S20254;603;1;57805;57825;0
S20254;604;0;44930;44930;1
S20254;604;1;60095;60115;1
S20254;604;2;60115;60120;1
S20254;604;3;60120;60125;1
S20254;604;4;60125;60130;1
S20254;604;23;60130;60165;1
S20254;604;23;65660;65670;0
S20254;604;4;65670;65675;0
S20254;604;3;65675;65680;0
S20254;604;2;65680;65685;0
S20254;604;1;65685;65705;0
S20254;605;0;44940;44940;1
S20254;605;1;48150;48170;1
S20254;605;2;48170;48175;1
S20254;605;3;48175;48180;1
S20254;605;4;48180;48185;1
S20254;605;5;48185;48190;1
S20254;605;6;48190;48195;1
S20254;605;43;48195;48230;1
S20254;605;43;50005;50015;0
S20254;605;6;50015;50020;0
S20254;605;5;50020;50025;0
S20254;605;4;50025;50030;0
S20254;605;3;50030;50035;0
S20254;605;2;50035;50040;0
S20254;605;1;50040;50060;0
S20254;606;0;45030;45030;1
S20254;606;1;45030;45050;1
S20254;606;2;45050;45055;1
S20254;606;3;45055;45060;1
S20254;606;4;45060;45065;1
S20254;606;5;45065;45070;1
S20254;606;6;45070;45075;1
S20254;606;38;45075;45110;1
S20254;606;38;45775;45785;0
S20254;606;6;45785;45790;0
S20254;606;5;45790;45795;0
S20254;606;4;45795;45800;0
S20254;606;3;45800;45805;0
S20254;606;2;45805;45810;0
S20254;606;1;45810;45830;0
S20254;607;0;45270;45270;1
S20254;607;1;47520;47540;1
S20254;607;2;47540;47545;1
S20254;607;3;47545;47550;1
S20254;607;4;47550;47555;1
S20254;607;5;47555;47560;1
S20254;607;6;47560;47565;1
S20254;607;7;47565;47570;1
S20254;607;8;47570;47575;1
S20254;607;9;47575;47580;1
S20254;607;10;47580;47585;1
S20254;607;11;47585;47590;1
S20254;607;12;47590;47595;1
S20254;607;65;47595;47630;1
S20254;607;65;48500;48510;0
S20254;607;12;48510;48515;0
S20254;607;11;48515;48520;0
S20254;607;10;48520;48525;0
S20254;607;9;48525;48530;0
S20254;607;8;48530;48535;0
S20254;607;7;48535;48540;0
S20254;607;6;48540;48545;0
S20254;607;5;48545;48550;0
S20254;607;4;48550;48555;0
S20254;607;3;48555;48560;0
S20254;607;2;48560;48565;0
S20254;607;1;48565;48585;0
S20254;608;0;45275;45275;1
S20254;608;1;45275;45295;1
S20254;608;2;45295;45300;1
S20254;608;3;45300;45305;1
S20254;608;4;45305;45310;1
S20254;608;5;45310;45315;1
S20254;608;6;45315;45320;1
S20254;608;7;45320;45325;1
S20254;608;8;45325;45330;1
S20254;608;9;45330;45335;1
S20254;608;10;45335;45340;1
S20254;608;52;45340;45375;1
S20254;608;52;45940;45950;0
S20254;608;10;45950;45955;0
S20254;608;9;45955;45960;0
S20254;608;8;45960;45965;0
S20254;608;7;45965;45970;0
S20254;608;6;45970;45975;0
S20254;608;5;45975;45980;0
S20254;608;4;45980;45985;0
S20254;608;3;45985;45990;0
S20254;608;2;45990;45995;0
S20254;608;1;45995;46015;0
S20254;609;0;45345;45345;1
S20254;609;1;60975;60995;1
S20254;609;2;60995;61000;1
S20254;609;3;61000;61005;1
S20254;609;4;61005;61010;1
S20254;609;5;61010;61015;1
S20254;609;6;61015;61020;1
S20254;609;7;61020;61025;1
S20254;609;46;61025;61060;1
S20254;609;46;66250;66260;0
S20254;609;7;66260;66265;0
S20254;609;6;66265;66270;0
S20254;609;5;66270;66275;0
S20254;609;4;66275;66280;0
S20254;609;3;66280;66285;0
S20254;609;2;66285;66290;0
S20254;609;1;66290;66310;0
S20254;610;0;45360;45360;1
S20254;610;1;45395;45415;1
S20254;610;2;45415;45420;1
S20254;610;3;45420;45425;1
S20254;610;21;45425;45460;1
S20254;610;21;47295;47305;0
S20254;610;3;47305;47310;0
S20254;610;2;47310;47315;0
S20254;610;1;47315;47335;0
S20254;611;0;45450;45450;1
S20254;611;1;66175;66195;1
S20254;611;2;66195;66200;1
S20254;611;3;66200;66205;1
S20254;611;4;66205;66210;1
S20254;611;5;66210;66215;1
S20254;611;6;66215;66220;1
S20254;611;40;66220;66255;1
S20254;611;40;68830;68840;0
S20254;611;6;68840;68845;0
S20254;611;5;68845;68850;0
S20254;611;4;68850;68855;0
S20254;611;3;68855;68860;0
S20254;611;2;68860;68865;0
S20254;611;1;68865;68885;0
S20254;612;0;45570;45570;1
S20254;612;1;45650;45670;1
S20254;612;2;45670;45675;1
S20254;612;3;45675;45680;1
S20254;612;4;45680;45685;1
S20254;612;5;45685;45690;1
S20254;612;6;45690;45695;1
S20254;612;7;45695;45700;1
S20254;612;8;45700;45705;1
S20254;612;9;45705;45710;1
S20254;612;10;45710;45715;1
S20254;612;11;45715;45720;1
S20254;612;62;45720;45735;1
S20254;612;62;51240;51270;0
S20254;612;11;51270;51275;0
S20254;612;10;51275;51280;0
S20254;612;9;51280;51285;0
S20254;612;8;51285;51290;0
S20254;612;7;51290;51295;0
S20254;612;6;51295;51300;0
S20254;612;5;51300;51305;0
S20254;612;4;51305;51310;0
S20254;612;3;51310;51315;0
S20254;612;2;51315;51320;0
S20254;612;1;51320;51340;0
S20254;613;0;45660;45660;1
S20254;613;1;51115;51135;1
S20254;613;2;51135;51140;1
S20254;613;3;51140;51145;1
S20254;613;4;51145;51150;1
S20254;613;5;51150;51155;1
S20254;613;6;51155;51160;1
S20254;613;43;51160;51195;1
S20254;613;43;52345;52355;0
S20254;613;6;52355;52360;0
S20254;613;5;52360;52365;0
S20254;613;4;52365;52370;0
S20254;613;3;52370;52375;0
S20254;613;2;52375;52380;0
S20254;613;1;52380;52400;0
S20254;614;0;45710;45710;1
S20254;614;1;45710;45730;1
S20254;614;2;45730;45735;1
S20254;614;3;45735;45740;1
S20254;614;4;45740;45745;1
S20254;614;5;45745;45750;1
S20254;614;6;45750;45755;1
S20254;614;7;45755;45760;1
S20254;614;8;45760;45765;1
S20254;614;9;45765;45770;1
S20254;614;10;45770;45775;1
S20254;614;11;45775;45780;1
S20254;614;12;45780;45785;1
S20254;614;65;45785;45800;1
S20254;614;65;47145;47175;0
S20254;614;12;47175;47180;0
S20254;614;11;47180;47185;0
S20254;614;10;47185;47190;0
S20254;614;9;47190;47195;0
S20254;614;8;47195;47200;0
S20254;614;7;47200;47205;0
S20254;614;6;47205;47210;0
S20254;614;5;47210;47215;0
S20254;614;4;47215;47220;0
S20254;614;3;47220;47225;0
S20254;614;2;47225;47230;0
S20254;614;1;47230;47250;0
S20254;615;0;45935;45935;1
S20254;615;1;46070;46090;1
S20254;615;2;46090;46095;1
S20254;615;3;46095;46100;1
S20254;615;4;46100;46105;1
S20254;615;5;46105;46110;1
S20254;615;34;46110;46145;1
S20254;615;34;47410;47420;0
S20254;615;5;47420;47425;0
S20254;615;4;47425;47430;0
S20254;615;3;47430;47435;0
S20254;615;2;47435;47440;0
S20254;615;1;47440;47460;0
S20254;616;0;46020;46020;1
S20254;616;1;46020;46040;1
S20254;616;2;46040;46045;1
S20254;616;3;46045;46050;1
S20254;616;4;46050;46055;1
S20254;616;5;46055;46060;1
S20254;616;36;46060;46075;1
S20254;616;36;46935;46965;0
S20254;616;5;46965;46970;0
S20254;616;4;46970;46975;0
S20254;616;3;46975;46980;0
S20254;616;2;46980;46985;0
S20254;616;1;46985;47005;0
S20254;617;0;46170;46170;1
S20254;617;1;51180;51200;1
S20254;617;2;51200;51205;1
S20254;617;3;51205;51210;1
S20254;617;4;51210;51215;1
S20254;617;26;51215;51250;1
S20254;617;26;55405;55415;0
S20254;617;4;55415;55420;0
S20254;617;3;55420;55425;0
S20254;617;2;55425;55430;0
S20254;617;1;55430;55450;0
S20254;618;0;46410;46410;1
S20254;618;1;46600;46620;1
S20254;618;2;46620;46625;1
S20254;618;3;46625;46630;1
S20254;618;4;46630;46635;1
S20254;618;5;46635;46640;1
S20254;618;6;46640;46645;1
S20254;618;7;46645;46650;1
S20254;618;8;46650;46655;1
S20254;618;9;46655;46660;1
S20254;618;10;46660;46665;1
S20254;618;11;46665;46670;1
S20254;618;12;46670;46675;1
S20254;618;64;46675;46710;1
S20254;618;64;48475;48485;0
S20254;618;12;48485;48490;0
S20254;618;11;48490;48495;0
S20254;618;10;48495;48500;0
S20254;618;9;48500;48505;0
S20254;618;8;48505;48510;0
S20254;618;7;48510;48515;0
S20254;618;6;48515;48520;0
S20254;618;5;48520;48525;0
S20254;618;4;48525;48530;0
S20254;618;3;48530;48535;0
S20254;618;2;48535;48540;0
S20254;618;1;48540;48560;0
S20254;619;0;46560;46560;1
S20254;619;1;46560;46580;1
S20254;619;83;46580;46615;1
S20254;619;83;48455;48465;0
S20254;619;1;48465;48485;0
S20254;620;0;46585;46585;1
S20254;620;1;56175;56195;1
S20254;620;2;56195;56200;1
S20254;620;3;56200;56205;1
S20254;620;4;56205;56210;1
S20254;620;5;56210;56215;1
S20254;620;34;56215;56230;1
S20254;620;34;57055;57085;0
S20254;620;5;57085;57090;0
S20254;620;4;57090;57095;0
S20254;620;3;57095;57100;0
S20254;620;2;57100;57105;0
S20254;620;1;57105;57125;0
S20254;621;0;46660;46660;1
S20254;621;1;46660;46680;1
S20254;621;2;46680;46685;1
S20254;621;3;46685;46690;1
S20254;621;4;46690;46695;1
S20254;621;5;46695;46700;1
S20254;621;6;46700;46705;1
S20254;621;7;46705;46710;1
S20254;621;45;46710;46745;1
S20254;621;45;47825;47835;0
S20254;621;7;47835;47840;0
S20254;621;6;47840;47845;0
S20254;621;5;47845;47850;0
S20254;621;4;47850;47855;0
S20254;621;3;47855;47860;0
S20254;621;2;47860;47865;0
S20254;621;1;47865;47885;0
S20254;622;0;46670;46670;1
S20254;622;1;48910;48930;1
S20254;622;2;48930;48935;1
S20254;622;3;48935;48940;1
S20254;622;4;48940;48945;1
S20254;622;5;48945;48950;1
S20254;622;6;48950;48955;1
S20254;622;7;48955;48960;1
S20254;622;8;48960;48965;1
S20254;622;9;48965;48970;1
S20254;622;10;48970;48975;1
S20254;622;11;48975;48980;1
S20254;622;12;48980;48985;1
S20254;622;64;48985;49020;1
S20254;622;64;51955;51965;0
S20254;622;12;51965;51970;0
S20254;622;11;51970;51975;0
S20254;622;10;51975;51980;0
S20254;622;9;51980;51985;0
S20254;622;8;51985;51990;0
S20254;622;7;51990;51995;0
S20254;622;6;51995;52000;0
S20254;622;5;52000;52005;0
S20254;622;4;52005;52010;0
S20254;622;3;52010;52015;0
S20254;622;2;52015;52020;0
S20254;622;1;52020;52040;0
S20254;623;0;46740;46740;1
S20254;623;1;46835;46855;1
S20254;623;2;46855;46860;1
S20254;623;3;46860;46865;1
S20254;623;4;46865;46870;1
S20254;623;5;46870;46875;1
S20254;623;6;46875;46880;1
S20254;623;7;46880;46885;1
S20254;623;8;46885;46890;1
S20254;623;9;46890;46895;1
S20254;623;10;46895;46900;1
S20254;623;52;46900;46915;1
S20254;623;52;47810;47840;0
S20254;623;10;47840;47845;0
S20254;623;9;47845;47850;0
S20254;623;8;47850;47855;0
S20254;623;7;47855;47860;0
S20254;623;6;47860;47865;0
S20254;623;5;47865;47870;0
S20254;623;4;47870;47875;0
S20254;623;3;47875;47880;0
S20254;623;2;47880;47885;0
S20254;623;1;47885;47905;0
S20254;624;0;46815;46815;1
S20254;624;1;48380;48400;1
S20254;624;2;48400;48405;1
S20254;624;3;48405;48410;1
S20254;624;4;48410;48415;1
S20254;624;5;48415;48420;1
S20254;624;6;48420;48425;1
S20254;624;7;48425;48430;1
S20254;624;8;48430;48435;1
S20254;624;9;48435;48440;1
S20254;624;10;48440;48445;1
S20254;624;11;48445;48450;1
S20254;624;12;48450;48455;1
S20254;624;13;48455;48460;1
S20254;624;69;48460;48495;1
S20254;624;69;50465;50475;0
S20254;624;13;50475;50480;0
S20254;624;12;50480;50485;0
S20254;624;11;50485;50490;0
S20254;624;10;50490;50495;0
S20254;624;9;50495;50500;0
S20254;624;8;50500;50505;0
S20254;624;7;50505;50510;0
S20254;624;6;50510;50515;0
S20254;624;5;50515;50520;0
S20254;624;4;50520;50525;0
S20254;624;3;50525;50530;0
S20254;624;2;50530;50535;0
S20254;624;1;50535;50555;0
S20254;625;0;46915;46915;1
S20254;625;1;50105;50125;1
S20254;625;2;50125;50130;1
S20254;625;3;50130;50135;1
S20254;625;4;50135;50140;1
S20254;625;5;50140;50145;1
S20254;625;27;50145;50160;1
S20254;625;27;54950;54980;0
S20254;625;5;54980;54985;0
S20254;625;4;54985;54990;0
S20254;625;3;54990;54995;0
S20254;625;2;54995;55000;0
S20254;625;1;55000;55020;0
S20254;626;0;46935;46935;1
S20254;626;1;47065;47085;1
S20254;626;2;47085;47090;1
S20254;626;3;47090;47095;1
S20254;626;4;47095;47100;1
S20254;626;5;47100;47105;1
S20254;626;6;47105;47110;1
S20254;626;7;47110;47115;1
S20254;626;8;47115;47120;1
S20254;626;9;47120;47125;1
S20254;626;10;47125;47130;1
S20254;626;11;47130;47135;1
S20254;626;60;47135;47170;1
S20254;626;60;49040;49050;0
S20254;626;11;49050;49055;0
S20254;626;10;49055;49060;0
S20254;626;9;49060;49065;0
S20254;626;8;49065;49070;0
S20254;626;7;49070;49075;0
S20254;626;6;49075;49080;0
S20254;626;5;49080;49085;0
S20254;626;4;49085;49090;0
S20254;626;3;49090;49095;0
S20254;626;2;49095;49100;0
S20254;626;1;49100;49120;0
S20254;627;0;46950;46950;1
S20254;627;1;47025;47045;1
S20254;627;2;47045;47050;1
S20254;627;3;47050;47055;1
S20254;627;4;47055;47060;1
S20254;627;5;47060;47065;1
S20254;627;6;47065;47070;1
S20254;627;7;47070;47075;1
S20254;627;8;47075;47080;1
S20254;627;9;47080;47085;1
S20254;627;10;47085;47090;1
S20254;627;53;47090;47105;1
S20254;627;53;49005;49035;0
S20254;627;10;49035;49040;0
S20254;627;9;49040;49045;0
S20254;627;8;49045;49050;0
S20254;627;7;49050;49055;0
S20254;627;6;49055;49060;0
S20254;627;5;49060;49065;0
S20254;627;4;49065;49070;0
S20254;627;3;49070;49075;0
S20254;627;2;49075;49080;0
S20254;627;1;49080;49100;0
S20254;628;0;47040;47040;1
S20254;628;1;47050;47070;1
S20254;628;2;47070;47075;1
S20254;628;3;47075;47080;1
S20254;628;4;47080;47085;1
S20254;628;5;47085;47090;1
S20254;628;6;47090;47095;1
S20254;628;7;47095;47100;1
S20254;628;8;47100;47105;1
S20254;628;9;47105;47110;1
S20254;628;10;47110;47115;1
S20254;628;11;47115;47120;1
S20254;628;12;47120;47125;1
S20254;628;13;47125;47130;1
S20254;628;68;47130;47145;1
S20254;628;68;49535;49565;0
S20254;628;13;49565;49570;0
S20254;628;12;49570;49575;0
S20254;628;11;49575;49580;0
S20254;628;10;49580;49585;0
S20254;628;9;49585;49590;0
S20254;628;8;49590;49595;0
S20254;628;7;49595;49600;0
S20254;628;6;49600;49605;0
S20254;628;5;49605;49610;0
S20254;628;4;49610;49615;0
S20254;628;3;49615;49620;0
S20254;628;2;49620;49625;0
S20254;628;1;49625;49645;0
S20254;629;0;47340;47340;1
S20254;629;1;56295;56315;1
S20254;629;2;56315;56320;1
S20254;629;3;56320;56325;1
S20254;629;4;56325;56330;1
S20254;629;26;56330;56365;1
S20254;629;26;59090;59100;0
S20254;629;4;59100;59105;0
S20254;629;3;59105;59110;0
S20254;629;2;59110;59115;0
S20254;629;1;59115;59135;0
S20254;630;0;47490;47490;1
S20254;630;1;47630;47650;1
S20254;630;2;47650;47655;1
S20254;630;3;47655;47660;1
S20254;630;4;47660;47665;1
S20254;630;5;47665;47670;1
S20254;630;6;47670;47675;1
S20254;630;7;47675;47680;1
S20254;630;8;47680;47685;1
S20254;630;9;47685;47690;1
S20254;630;51;47690;47725;1
S20254;630;51;52700;52710;0
S20254;630;9;52710;52715;0
S20254;630;8;52715;52720;0
S20254;630;7;52720;52725;0
S20254;630;6;52725;52730;0
S20254;630;5;52730;52735;0
S20254;630;4;52735;52740;0
S20254;630;3;52740;52745;0
S20254;630;2;52745;52750;0
S20254;630;1;52750;52770;0
S20254;631;0;47490;47490;1
S20254;631;1;47760;47780;1
S20254;631;2;47780;47785;1
S20254;631;3;47785;47790;1
S20254;631;4;47790;47795;1
S20254;631;5;47795;47800;1
S20254;631;35;47800;47815;1
S20254;631;35;48475;48505;0
S20254;631;5;48505;48510;0
S20254;631;4;48510;48515;0
S20254;631;3;48515;48520;0
S20254;631;2;48520;48525;0
S20254;631;1;48525;48545;0
S20254;632;0;47615;47615;1
S20254;632;1;47615;47635;1
S20254;632;2;47635;47640;1
S20254;632;3;47640;47645;1
S20254;632;4;47645;47650;1
S20254;632;5;47650;47655;1
S20254;632;6;47655;47660;1
S20254;632;7;47660;47665;1
S20254;632;8;47665;47670;1
S20254;632;9;47670;47675;1
S20254;632;10;47675;47680;1
S20254;632;11;47680;47685;1
S20254;632;55;47685;47700;1
S20254;632;55;56475;56505;0
S20254;632;11;56505;56510;0
S20254;632;10;56510;56515;0
S20254;632;9;56515;56520;0
S20254;632;8;56520;56525;0
S20254;632;7;56525;56530;0
S20254;632;6;56530;56535;0
S20254;632;5;56535;56540;0
S20254;632;4;56540;56545;0
S20254;632;3;56545;56550;0
S20254;632;2;56550;56555;0
S20254;632;1;56555;56575;0
S20254;633;0;47670;47670;1
S20254;633;1;47670;47690;1
S20254;633;2;47690;47695;1
S20254;633;3;47695;47700;1
S20254;633;4;47700;47705;1
S20254;633;5;47705;47710;1
S20254;633;6;47710;47715;1
S20254;633;7;47715;47720;1
S20254;633;8;47720;47725;1
S20254;633;9;47725;47730;1
S20254;633;10;47730;47735;1
S20254;633;11;47735;47740;1
S20254;633;61;47740;47775;1
S20254;633;61;52095;52105;0
S20254;633;11;52105;52110;0
S20254;633;10;52110;52115;0
S20254;633;9;52115;52120;0
S20254;633;8;52120;52125;0
S20254;633;7;52125;52130;0
S20254;633;6;52130;52135;0
S20254;633;5;52135;52140;0
S20254;633;4;52140;52145;0
S20254;633;3;52145;52150;0
S20254;633;2;52150;52155;0
S20254;633;1;52155;52175;0
S20254;634;0;47800;47800;1
S20254;634;1;47925;47945;1
S20254;634;84;47945;47980;1
S20254;634;84;50865;50875;0
S20254;634;1;50875;50895;0
S20254;635;0;47850;47850;1
S20254;635;1;47910;47930;1
S20254;635;2;47930;47935;1
S20254;635;3;47935;47940;1
S20254;635;4;47940;47945;1
S20254;635;5;47945;47950;1
S20254;635;6;47950;47955;1
S20254;635;7;47955;47960;1
S20254;635;8;47960;47965;1
S20254;635;9;47965;47970;1
S20254;635;10;47970;47975;1
S20254;635;52;47975;48010;1
S20254;635;52;50235;50245;0
S20254;635;10;50245;50250;0
S20254;635;9;50250;50255;0
S20254;635;8;50255;50260;0
S20254;635;7;50260;50265;0
S20254;635;6;50265;50270;0
S20254;635;5;50270;50275;0
S20254;635;4;50275;50280;0
S20254;635;3;50280;50285;0
S20254;635;2;50285;50290;0
S20254;635;1;50290;50310;0
S20254;636;0;48000;48000;1
S20254;636;1;60530;60550;1
S20254;636;2;60550;60555;1
S20254;636;3;60555;60560;1
S20254;636;4;60560;60565;1
S20254;636;5;60565;60570;1
S20254;636;6;60570;60575;1
S20254;636;7;60575;60580;1
S20254;636;8;60580;60585;1
S20254;636;9;60585;60590;1
S20254;636;10;60590;60595;1
S20254;636;11;60595;60600;1
S20254;636;12;60600;60605;1
S20254;636;13;60605;60610;1
S20254;636;14;60610;60615;1
S20254;636;15;60615;60620;1
S20254;636;16;60620;60635;1
S20254;636;73;60635;60680;1
S20254;636;73;63895;63905;0
S20254;636;16;63905;63920;0
S20254;636;15;63920;63925;0
S20254;636;14;63925;63930;0
S20254;636;13;63930;63935;0
S20254;636;12;63935;63940;0
S20254;636;11;63940;63945;0
S20254;636;10;63945;63950;0
S20254;636;9;63950;63955;0
S20254;636;8;63955;63960;0
S20254;636;7;63960;63965;0
S20254;636;6;63965;63970;0
S20254;636;5;63970;63975;0
S20254;636;4;63975;63980;0
S20254;636;3;63980;63985;0
S20254;636;2;63985;63990;0
S20254;636;1;63990;64010;0
S20254;637;0;48060;48060;1
S20254;637;1;48165;48185;1
S20254;637;2;48185;48190;1
S20254;637;3;48190;48195;1
S20254;637;4;48195;48200;1
S20254;637;5;48200;48205;1
S20254;637;34;48205;48220;1
S20254;637;34;49520;49550;0
S20254;637;5;49550;49555;0
S20254;637;4;49555;49560;0
S20254;637;3;49560;49565;0
S20254;637;2;49565;49570;0
S20254;637;1;49570;49590;0
S20254;638;0;48120;48120;1
S20254;638;1;56265;56285;1
S20254;638;2;56285;56290;1
S20254;638;3;56290;56295;1
S20254;638;4;56295;56300;1
S20254;638;5;56300;56305;1
S20254;638;6;56305;56310;1
S20254;638;7;56310;56315;1
S20254;638;8;56315;56320;1
S20254;638;49;56320;56355;1
S20254;638;49;62135;62145;0
S20254;638;8;62145;62150;0
S20254;638;7;62150;62155;0
S20254;638;6;62155;62160;0
S20254;638;5;62160;62165;0
S20254;638;4;62165;62170;0
S20254;638;3;62170;62175;0
S20254;638;2;62175;62180;0
S20254;638;1;62180;62200;0
S20254;639;0;48200;48200;1
S20254;639;1;60575;60595;1
S20254;639;2;60595;60600;1
S20254;639;3;60600;60605;1
S20254;639;4;60605;60610;1
S20254;639;26;60610;60645;1
S20254;639;26;62995;63005;0
S20254;639;4;63005;63010;0
S20254;639;3;63010;63015;0
S20254;639;2;63015;63020;0
S20254;639;1;63020;63040;0
S20254;640;0;48205;48205;1
S20254;640;1;48205;48225;1
S20254;640;2;48225;48230;1
S20254;640;3;48230;48235;1
S20254;640;20;48235;48270;1
S20254;640;20;51320;51330;0
S20254;640;3;51330;51335;0
S20254;640;2;51335;51340;0
S20254;640;1;51340;51360;0
S20254;641;0;48210;48210;1
S20254;641;1;51890;51910;1
S20254;641;2;51910;51915;1
S20254;641;3;51915;51920;1
S20254;641;4;51920;51925;1
S20254;641;5;51925;51930;1
S20254;641;6;51930;51935;1
S20254;641;41;51935;51950;1
S20254;641;41;57305;57335;0
S20254;641;6;57335;57340;0
S20254;641;5;57340;57345;0
S20254;641;4;57345;57350;0
S20254;641;3;57350;57355;0
S20254;641;2;57355;57360;0
S20254;641;1;57360;57380;0
S20254;642;0;48300;48300;1
S20254;642;1;48330;48350;1
S20254;642;2;48350;48355;1
S20254;642;3;48355;48360;1
S20254;642;4;48360;48365;1
S20254;642;5;48365;48370;1
S20254;642;6;48370;48375;1
S20254;642;7;48375;48380;1
S20254;642;46;48380;48415;1
S20254;642;46;48735;48745;0
S20254;642;7;48745;48750;0
S20254;642;6;48750;48755;0
S20254;642;5;48755;48760;0
S20254;642;4;48760;48765;0
S20254;642;3;48765;48770;0
S20254;642;2;48770;48775;0
S20254;642;1;48775;48795;0
S20254;643;0;48360;48360;1
S20254;643;1;58740;58760;1
S20254;643;2;58760;58765;1
S20254;643;3;58765;58770;1
S20254;643;4;58770;58775;1
S20254;643;24;58775;58810;1
S20254;643;24;65610;65620;0
S20254;643;4;65620;65625;0
S20254;643;3;65625;65630;0
S20254;643;2;65630;65635;0
S20254;643;1;65635;65655;0
S20254;644;0;48360;48360;1
S20254;644;1;48425;48445;1
S20254;644;2;48445;48450;1
S20254;644;3;48450;48455;1
S20254;644;4;48455;48460;1
S20254;644;5;48460;48465;1
S20254;644;35;48465;48480;1
S20254;644;35;50300;50330;0
S20254;644;5;50330;50335;0
S20254;644;4;50335;50340;0
S20254;644;3;50340;50345;0
S20254;644;2;50345;50350;0
S20254;644;1;50350;50370;0
S20254;645;0;48490;48490;1
S20254;645;1;48930;48950;1
S20254;645;2;48950;48955;1
S20254;645;3;48955;48960;1
S20254;645;4;48960;48965;1
S20254;645;5;48965;48970;1
S20254;645;6;48970;48975;1
S20254;645;7;48975;48980;1
S20254;645;8;48980;48985;1
S20254;645;9;48985;48990;1
S20254;645;10;48990;48995;1
S20254;645;53;48995;49010;1
S20254;645;53;50290;50320;0
S20254;645;10;50320;50325;0
S20254;645;9;50325;50330;0
S20254;645;8;50330;50335;0
S20254;645;7;50335;50340;0
S20254;645;6;50340;50345;0
S20254;645;5;50345;50350;0
S20254;645;4;50350;50355;0
S20254;645;3;50355;50360;0
S20254;645;2;50360;50365;0
S20254;645;1;50365;50385;0
S20254;646;0;48500;48500;1
S20254;646;1;65815;65835;1
S20254;646;2;65835;65840;1
S20254;646;3;65840;65845;1
S20254;646;4;65845;65850;1
S20254;646;23;65850;65885;1
S20254;646;23;69985;69995;0
S20254;646;4;69995;70000;0
S20254;646;3;70000;70005;0
S20254;646;2;70005;70010;0
S20254;646;1;70010;70030;0
S20254;647;0;48800;48800;1
S20254;647;1;50945;50965;1
S20254;647;2;50965;50970;1
S20254;647;3;50970;50975;1
S20254;647;4;50975;50980;1
S20254;647;5;50980;50985;1
S20254;647;6;50985;50990;1
S20254;647;7;50990;50995;1
S20254;647;8;50995;51000;1
S20254;647;9;51000;51005;1
S20254;647;10;51005;51010;1
S20254;647;53;51010;51025;1
S20254;647;53;52710;52740;0
S20254;647;10;52740;52745;0
S20254;647;9;52745;52750;0
S20254;647;8;52750;52755;0
S20254;647;7;52755;52760;0
S20254;647;6;52760;52765;0
S20254;647;5;52765;52770;0
S20254;647;4;52770;52775;0
S20254;647;3;52775;52780;0
S20254;647;2;52780;52785;0
S20254;647;1;52785;52805;0
S20254;648;0;48895;48895;1
S20254;648;1;50400;50420;1
S20254;648;2;50420;50425;1
S20254;648;3;50425;50430;1
S20254;648;4;50430;50435;1
S20254;648;5;50435;50440;1
S20254;648;6;50440;50445;1
S20254;648;7;50445;50450;1
S20254;648;8;50450;50455;1
S20254;648;9;50455;50460;1
S20254;648;10;50460;50465;1
S20254;648;52;50465;50480;1
S20254;648;52;52420;52450;0
S20254;648;10;52450;52455;0
S20254;648;9;52455;52460;0
S20254;648;8;52460;52465;0
S20254;648;7;52465;52470;0
S20254;648;6;52470;52475;0
S20254;648;5;52475;52480;0
S20254;648;4;52480;52485;0
S20254;648;3;52485;52490;0
S20254;648;2;52490;52495;0
S20254;648;1;52495;52515;0
S20254;649;0;49050;49050;1
S20254;649;1;52050;52070;1
S20254;649;2;52070;52075;1
S20254;649;3;52075;52080;1
S20254;649;4;52080;52085;1
S20254;649;5;52085;52090;1
S20254;649;28;52090;52125;1
S20254;649;28;53145;53155;0
S20254;649;5;53155;53160;0
S20254;649;4;53160;53165;0
S20254;649;3;53165;53170;0
S20254;649;2;53170;53175;0
S20254;649;1;53175;53195;0
S20254;650;0;49155;49155;1
S20254;650;1;49165;49185;1
S20254;650;2;49185;49190;1
S20254;650;3;49190;49195;1
S20254;650;4;49195;49200;1
S20254;650;5;49200;49205;1
S20254;650;6;49205;49210;1
S20254;650;7;49210;49215;1
S20254;650;8;49215;49220;1
S20254;650;9;49220;49225;1
S20254;650;10;49225;49230;1
S20254;650;11;49230;49235;1
S20254;650;12;49235;49240;1
S20254;650;66;49240;49255;1
S20254;650;66;50645;50675;0
S20254;650;12;50675;50680;0
S20254;650;11;50680;50685;0
S20254;650;10;50685;50690;0
S20254;650;9;50690;50695;0
S20254;650;8;50695;50700;0
S20254;650;7;50700;50705;0
S20254;650;6;50705;50710;0
S20254;650;5;50710;50715;0
S20254;650;4;50715;50720;0
S20254;650;3;50720;50725;0
S20254;650;2;50725;50730;0
S20254;650;1;50730;50750;0
S20254;651;0;49200;49200;1
S20254;651;1;49200;49220;1
S20254;651;2;49220;49225;1
S20254;651;3;49225;49230;1
S20254;651;21;49230;49245;1
S20254;651;21;51000;51030;0
S20254;651;3;51030;51035;0
S20254;651;2;51035;51040;0
S20254;651;1;51040;51060;0
S20254;652;0;49240;49240;1
S20254;652;1;62030;62050;1
S20254;652;2;62050;62055;1
S20254;652;3;62055;62060;1
S20254;652;4;62060;62065;1
S20254;652;5;62065;62070;1
S20254;652;6;62070;62075;1
S20254;652;7;62075;62080;1
S20254;652;8;62080;62085;1
S20254;652;47;62085;62120;1
S20254;652;47;64630;64640;0
S20254;652;8;64640;64645;0
S20254;652;7;64645;64650;0
S20254;652;6;64650;64655;0
S20254;652;5;64655;64660;0
S20254;652;4;64660;64665;0
S20254;652;3;64665;64670;0
S20254;652;2;64670;64675;0
S20254;652;1;64675;64695;0
S20254;653;0;49290;49290;1
S20254;653;1;49290;49310;1
S20254;653;2;49310;49315;1
S20254;653;3;49315;49320;1
S20254;653;4;49320;49325;1
S20254;653;5;49325;49330;1
S20254;653;36;49330;49345;1
S20254;653;36;50225;50255;0
S20254;653;5;50255;50260;0
S20254;653;4;50260;50265;0
S20254;653;3;50265;50270;0
S20254;653;2;50270;50275;0
S20254;653;1;50275;50295;0
S20254;654;0;49350;49350;1
S20254;654;1;49350;49370;1
S20254;654;2;49370;49375;1
S20254;654;3;49375;49380;1
S20254;654;4;49380;49385;1
S20254;654;5;49385;49390;1
S20254;654;6;49390;49395;1
S20254;654;38;49395;49430;1
S20254;654;38;50640;50650;0
S20254;654;6;50650;50655;0
S20254;654;5;50655;50660;0
S20254;654;4;50660;50665;0
S20254;654;3;50665;50670;0
S20254;654;2;50670;50675;0
S20254;654;1;50675;50695;0
S20254;655;0;49410;49410;1
S20254;655;1;49410;49430;1
S20254;655;2;49430;49435;1
S20254;655;3;49435;49440;1
S20254;655;4;49440;49445;1
S20254;655;5;49445;49450;1
S20254;655;31;49450;49485;1
S20254;655;31;50190;50220;0
S20254;655;5;50220;50225;0
S20254;655;4;50225;50230;0
S20254;655;3;50230;50235;0
S20254;655;2;50235;50240;0
S20254;655;1;50240;50260;0
S20254;656;0;49470;49470;1
S20254;656;1;49470;49490;1
S20254;656;2;49490;49495;1
S20254;656;3;49495;49500;1
S20254;656;4;49500;49505;1
S20254;656;5;49505;49510;1
S20254;656;6;49510;49515;1
S20254;656;7;49515;49520;1
S20254;656;8;49520;49525;1
S20254;656;9;49525;49530;1
S20254;656;10;49530;49535;1
S20254;656;11;49535;49540;1
S20254;656;12;49540;49545;1
S20254;656;65;49545;49560;1
S20254;656;65;50680;50710;0
S20254;656;12;50710;50715;0
S20254;656;11;50715;50720;0
S20254;656;10;50720;50725;0
S20254;656;9;50725;50730;0
S20254;656;8;50730;50735;0
S20254;656;7;50735;50740;0
S20254;656;6;50740;50745;0
S20254;656;5;50745;50750;0
S20254;656;4;50750;50755;0
S20254;656;3;50755;50760;0
S20254;656;2;50760;50765;0
S20254;656;1;50765;50785;0
S20254;657;0;49530;49530;1
S20254;657;1;56030;56050;1
S20254;657;2;56050;56055;1
S20254;657;3;56055;56060;1
S20254;657;4;56060;56065;1
S20254;657;5;56065;56070;1
S20254;657;6;56070;56075;1
S20254;657;7;56075;56080;1
S20254;657;8;56080;56085;1
S20254;657;9;56085;56090;1
S20254;657;10;56090;56095;1
S20254;657;11;56095;56100;1
S20254;657;12;56100;56105;1
S20254;657;13;56105;56110;1
S20254;657;14;56110;56115;1
S20254;657;15;56115;56120;1
S20254;657;16;56120;56135;1
S20254;657;75;56135;56150;1
S20254;657;75;57660;57700;0
S20254;657;16;57700;57715;0
S20254;657;15;57715;57720;0
S20254;657;14;57720;57725;0
S20254;657;13;57725;57730;0
S20254;657;12;57730;57735;0
S20254;657;11;57735;57740;0
S20254;657;10;57740;57745;0
S20254;657;9;57745;57750;0
S20254;657;8;57750;57755;0
S20254;657;7;57755;57760;0
S20254;657;6;57760;57765;0
S20254;657;5;57765;57770;0
S20254;657;4;57770;57775;0
S20254;657;3;57775;57780;0
S20254;657;2;57780;57785;0
S20254;657;1;57785;57805;0
S20254;658;0;49575;49575;1
S20254;658;1;51545;51565;1
S20254;658;2;51565;51570;1
S20254;658;3;51570;51575;1
S20254;658;4;51575;51580;1
S20254;658;5;51580;51585;1
S20254;658;6;51585;51590;1
S20254;658;7;51590;51595;1
S20254;658;8;51595;51600;1
S20254;658;9;51600;51605;1
S20254;658;10;51605;51610;1
S20254;658;11;51610;51615;1
S20254;658;12;51615;51620;1
S20254;658;66;51620;51635;1
S20254;658;66;52715;52745;0
S20254;658;12;52745;52750;0
S20254;658;11;52750;52755;0
S20254;658;10;52755;52760;0
S20254;658;9;52760;52765;0
S20254;658;8;52765;52770;0
S20254;658;7;52770;52775;0
S20254;658;6;52775;52780;0
S20254;658;5;52780;52785;0
S20254;658;4;52785;52790;0
S20254;658;3;52790;52795;0
S20254;658;2;52795;52800;0
S20254;658;1;52800;52820;0
S20254;659;0;49585;49585;1
S20254;659;1;49740;49760;1
S20254;659;2;49760;49765;1
S20254;659;3;49765;49770;1
S20254;659;4;49770;49775;1
S20254;659;5;49775;49780;1
S20254;659;28;49780;49815;1
S20254;659;28;51975;51985;0
S20254;659;5;51985;51990;0
S20254;659;4;51990;51995;0
S20254;659;3;51995;52000;0
S20254;659;2;52000;52005;0
S20254;659;1;52005;52025;0
S20254;660;0;49620;49620;1
S20254;660;1;49725;49745;1
S20254;660;2;49745;49750;1
S20254;660;3;49750;49755;1
S20254;660;4;49755;49760;1
S20254;660;5;49760;49765;1
S20254;660;6;49765;49770;1
S20254;660;7;49770;49775;1
S20254;660;8;49775;49780;1
S20254;660;9;49780;49785;1
S20254;660;10;49785;49790;1
S20254;660;11;49790;49795;1
S20254;660;88;49795;49810;1
S20254;660;88;59010;59040;0
S20254;660;11;59040;59045;0
S20254;660;10;59045;59050;0
S20254;660;9;59050;59055;0
S20254;660;8;59055;59060;0
S20254;660;7;59060;59065;0
S20254;660;6;59065;59070;0
S20254;660;5;59070;59075;0
S20254;660;4;59075;59080;0
S20254;660;3;59080;59085;0
S20254;660;2;59085;59090;0
S20254;660;1;59090;59110;0
S20254;661;0;49665;49665;1
S20254;661;1;71080;71100;1
S20254;661;2;71100;71105;1
S20254;661;3;71105;71110;1
S20254;661;4;71110;71115;1
S20254;661;26;71115;71150;1
S20254;661;26;73660;73670;0
S20254;661;4;73670;73675;0
S20254;661;3;73675;73680;0
S20254;661;2;73680;73685;0
S20254;661;1;73685;73705;0
S20254;662;0;49710;49710;1
S20254;662;1;49710;49730;1
S20254;662;2;49730;49735;1
S20254;662;3;49735;49740;1
S20254;662;4;49740;49745;1
S20254;662;5;49745;49750;1
S20254;662;6;49750;49755;1
S20254;662;7;49755;49760;1
S20254;662;8;49760;49765;1
S20254;662;9;49765;49770;1
S20254;662;10;49770;49775;1
S20254;662;11;49775;49780;1
S20254;662;12;49780;49785;1
S20254;662;13;49785;49790;1
S20254;662;68;49790;49805;1
S20254;662;68;54230;54260;0
S20254;662;13;54260;54265;0
S20254;662;12;54265;54270;0
S20254;662;11;54270;54275;0
S20254;662;10;54275;54280;0
S20254;662;9;54280;54285;0
S20254;662;8;54285;54290;0
S20254;662;7;54290;54295;0
S20254;662;6;54295;54300;0
S20254;662;5;54300;54305;0
S20254;662;4;54305;54310;0
S20254;662;3;54310;54315;0
S20254;662;2;54315;54320;0
S20254;662;1;54320;54340;0
S20254;663;0;49980;49980;1
S20254;663;1;50575;50595;1
S20254;663;2;50595;50600;1
S20254;663;3;50600;50605;1
S20254;663;4;50605;50610;1
S20254;663;5;50610;50615;1
S20254;663;6;50615;50620;1
S20254;663;7;50620;50625;1
S20254;663;8;50625;50630;1
S20254;663;9;50630;50635;1
S20254;663;10;50635;50640;1
S20254;663;11;50640;50645;1
S20254;663;12;50645;50650;1
S20254;663;66;50650;50665;1
S20254;663;66;51630;51660;0
S20254;663;12;51660;51665;0
S20254;663;11;51665;51670;0
S20254;663;10;51670;51675;0
S20254;663;9;51675;51680;0
S20254;663;8;51680;51685;0
S20254;663;7;51685;51690;0
S20254;663;6;51690;51695;0
S20254;663;5;51695;51700;0
S20254;663;4;51700;51705;0
S20254;663;3;51705;51710;0
S20254;663;2;51710;51715;0
S20254;663;1;51715;51735;0
S20254;664;0;50000;50000;1
S20254;664;1;50125;50145;1
S20254;664;2;50145;50150;1
S20254;664;3;50150;50155;1
S20254;664;4;50155;50160;1
S20254;664;5;50160;50165;1
S20254;664;6;50165;50170;1
S20254;664;7;50170;50175;1
S20254;664;8;50175;50180;1
S20254;664;9;50180;50185;1
S20254;664;10;50185;50190;1
S20254;664;11;50190;50195;1
S20254;664;12;50195;50200;1
S20254;664;13;50200;50205;1
S20254;664;67;50205;50240;1
S20254;664;67;59650;59660;0
S20254;664;13;59660;59665;0
S20254;664;12;59665;59670;0
S20254;664;11;59670;59675;0
S20254;664;10;59675;59680;0
S20254;664;9;59680;59685;0
S20254;664;8;59685;59690;0
S20254;664;7;59690;59695;0
S20254;664;6;59695;59700;0
S20254;664;5;59700;59705;0
S20254;664;4;59705;59710;0
S20254;664;3;59710;59715;0
S20254;664;2;59715;59720;0
S20254;664;1;59720;59740;0
S20254;665;0;50225;50225;1
S20254;665;1;51140;51160;1
S20254;665;2;51160;51165;1
S20254;665;3;51165;51170;1
S20254;665;4;51170;51175;1
S20254;665;22;51175;51210;1
S20254;665;22;52325;52335;0
S20254;665;4;52335;52340;0
S20254;665;3;52340;52345;0
S20254;665;2;52345;52350;0
S20254;665;1;52350;52370;0
S20254;666;0;50340;50340;1
S20254;666;1;50430;50450;1
S20254;666;2;50450;50455;1
S20254;666;3;50455;50460;1
S20254;666;4;50460;50465;1
S20254;666;5;50465;50470;1
S20254;666;35;50470;50485;1
S20254;666;35;51595;51625;0
S20254;666;5;51625;51630;0
S20254;666;4;51630;51635;0
S20254;666;3;51635;51640;0
S20254;666;2;51640;51645;0
S20254;666;1;51645;51665;0
S20254;667;0;50550;50550;1
S20254;667;1;55320;55340;1
S20254;667;2;55340;55345;1
S20254;667;3;55345;55350;1
S20254;667;4;55350;55355;1
S20254;667;5;55355;55360;1
S20254;667;6;55360;55365;1
S20254;667;7;55365;55370;1
S20254;667;8;55370;55375;1
S20254;667;9;55375;55380;1
S20254;667;10;55380;55385;1
S20254;667;11;55385;55390;1
S20254;667;61;55390;55405;1
S20254;667;61;57910;57940;0
S20254;667;11;57940;57945;0
S20254;667;10;57945;57950;0
S20254;667;9;57950;57955;0
S20254;667;8;57955;57960;0
S20254;667;7;57960;57965;0
S20254;667;6;57965;57970;0
S20254;667;5;57970;57975;0
S20254;667;4;57975;57980;0
S20254;667;3;57980;57985;0
S20254;667;2;57985;57990;0
S20254;667;1;57990;58010;0
S20254;668;0;50580;50580;1
S20254;668;1;76270;76290;1
S20254;668;2;76290;76295;1
S20254;668;3;76295;76300;1
S20254;668;4;76300;76305;1
S20254;668;5;76305;76310;1
S20254;668;6;76310;76315;1
S20254;668;7;76315;76320;1
S20254;668;8;76320;76325;1
S20254;668;9;76325;76330;1
S20254;668;10;76330;76335;1
S20254;668;11;76335;76340;1
S20254;668;12;76340;76345;1
S20254;668;13;76345;76350;1
S20254;668;14;76350;76355;1
S20254;668;15;76355;76360;1
S20254;668;16;76360;76375;1
S20254;668;73;76375;76420;1
S20254;668;73;80470;80480;0
S20254;668;16;80480;80495;0
S20254;668;15;80495;80500;0
S20254;668;14;80500;80505;0
S20254;668;13;80505;80510;0
S20254;668;12;80510;80515;0
S20254;668;11;80515;80520;0
S20254;668;10;80520;80525;0
S20254;668;9;80525;80530;0
S20254;668;8;80530;80535;0
S20254;668;7;80535;80540;0
S20254;668;6;80540;80545;0
S20254;668;5;80545;80550;0
S20254;668;4;80550;80555;0
S20254;668;3;80555;80560;0
S20254;668;2;80560;80565;0
S20254;668;1;80565;80585;0
S20254;669;0;50660;50660;1
S20254;669;1;53455;53475;1
S20254;669;2;53475;53480;1
S20254;669;3;53480;53485;1
S20254;669;4;53485;53490;1
S20254;669;5;53490;53495;1
S20254;669;6;53495;53500;1
S20254;669;7;53500;53505;1
S20254;669;8;53505;53510;1
S20254;669;9;53510;53515;1
S20254;669;51;53515;53550;1
S20254;669;51;57770;57780;0
S20254;669;9;57780;57785;0
S20254;669;8;57785;57790;0
S20254;669;7;57790;57795;0
S20254;669;6;57795;57800;0
S20254;669;5;57800;57805;0
S20254;669;4;57805;57810;0
S20254;669;3;57810;57815;0
S20254;669;2;57815;57820;0
S20254;669;1;57820;57840;0
S20254;670;0;50700;50700;1
S20254;670;1;50810;50830;1
S20254;670;2;50830;50835;1
S20254;670;3;50835;50840;1
S20254;670;4;50840;50845;1
S20254;670;5;50845;50850;1
S20254;670;6;50850;50855;1
S20254;670;7;50855;50860;1
S20254;670;8;50860;50865;1
S20254;670;9;50865;50870;1
S20254;670;10;50870;50875;1
S20254;670;11;50875;50880;1
S20254;670;60;50880;50895;1
S20254;670;60;56930;56960;0
S20254;670;11;56960;56965;0
S20254;670;10;56965;56970;0
S20254;670;9;56970;56975;0
S20254;670;8;56975;56980;0
S20254;670;7;56980;56985;0
S20254;670;6;56985;56990;0
S20254;670;5;56990;56995;0
S20254;670;4;56995;57000;0
S20254;670;3;57000;57005;0
S20254;670;2;57005;57010;0
S20254;670;1;57010;57030;0
S20254;671;0;50730;50730;1
S20254;671;1;51875;51895;1
S20254;671;2;51895;51900;1
S20254;671;3;51900;51905;1
S20254;671;4;51905;51910;1
S20254;671;5;51910;51915;1
S20254;671;6;51915;51920;1
S20254;671;7;51920;51925;1
S20254;671;8;51925;51930;1
S20254;671;9;51930;51935;1
S20254;671;10;51935;51940;1
S20254;671;11;51940;51945;1
S20254;671;12;51945;51950;1
S20254;671;64;51950;51985;1
S20254;671;64;53350;53360;0
S20254;671;12;53360;53365;0
S20254;671;11;53365;53370;0
S20254;671;10;53370;53375;0
S20254;671;9;53375;53380;0
S20254;671;8;53380;53385;0
S20254;671;7;53385;53390;0
S20254;671;6;53390;53395;0
S20254;671;5;53395;53400;0
S20254;671;4;53400;53405;0
S20254;671;3;53405;53410;0
S20254;671;2;53410;53415;0
S20254;671;1;53415;53435;0
S20254;672;0;50760;50760;1
S20254;672;1;50790;50810;1
S20254;672;2;50810;50815;1
S20254;672;3;50815;50820;1
S20254;672;4;50820;50825;1
S20254;672;5;50825;50830;1
S20254;672;36;50830;50845;1
S20254;672;36;52485;52515;0
S20254;672;5;52515;52520;0
S20254;672;4;52520;52525;0
S20254;672;3;52525;52530;0
S20254;672;2;52530;52535;0
S20254;672;1;52535;52555;0
S20254;673;0;50790;50790;1
S20254;673;1;50960;50980;1
S20254;673;2;50980;50985;1
S20254;673;3;50985;50990;1
S20254;673;4;50990;50995;1
S20254;673;5;50995;51000;1
S20254;673;31;51000;51035;1
S20254;673;31;51765;51795;0
S20254;673;5;51795;51800;0
S20254;673;4;51800;51805;0
S20254;673;3;51805;51810;0
S20254;673;2;51810;51815;0
S20254;673;1;51815;51835;0
S20254;674;0;50820;50820;1
S20254;674;1;50850;50870;1
S20254;674;2;50870;50875;1
S20254;674;3;50875;50880;1
S20254;674;4;50880;50885;1
S20254;674;5;50885;50890;1
S20254;674;6;50890;50895;1
S20254;674;7;50895;50900;1
S20254;674;8;50900;50905;1
S20254;674;9;50905;50910;1
S20254;674;10;50910;50915;1
S20254;674;11;50915;50920;1
S20254;674;59;50920;50955;1
S20254;674;59;52780;52790;0
S20254;674;11;52790;52795;0
S20254;674;10;52795;52800;0
S20254;674;9;52800;52805;0
S20254;674;8;52805;52810;0
S20254;674;7;52810;52815;0
S20254;674;6;52815;52820;0
S20254;674;5;52820;52825;0
S20254;674;4;52825;52830;0
S20254;674;3;52830;52835;0
S20254;674;2;52835;52840;0
S20254;674;1;52840;52860;0
S20254;675;0;50895;50895;1
S20254;675;1;52595;52615;1
S20254;675;2;52615;52620;1
S20254;675;3;52620;52625;1
S20254;675;4;52625;52630;1
S20254;675;5;52630;52635;1
S20254;675;6;52635;52640;1
S20254;675;7;52640;52645;1
S20254;675;8;52645;52650;1
S20254;675;9;52650;52655;1
S20254;675;10;52655;52660;1
S20254;675;52;52660;52675;1
S20254;675;52;54560;54590;0
S20254;675;10;54590;54595;0
S20254;675;9;54595;54600;0
S20254;675;8;54600;54605;0
S20254;675;7;54605;54610;0
S20254;675;6;54610;54615;0
S20254;675;5;54615;54620;0
S20254;675;4;54620;54625;0
S20254;675;3;54625;54630;0
S20254;675;2;54630;54635;0
S20254;675;1;54635;54655;0
S20254;676;0;50925;50925;1
S20254;676;1;53945;53965;1
S20254;676;2;53965;53970;1
S20254;676;3;53970;53975;1
S20254;676;17;53975;54010;1
S20254;676;17;55920;55930;0
S20254;676;3;55930;55935;0
S20254;676;2;55935;55940;0
S20254;676;1;55940;55960;0
S20254;677;0;51000;51000;1
S20254;677;1;52630;52650;1
S20254;677;2;52650;52655;1
S20254;677;3;52655;52660;1
S20254;677;4;52660;52665;1
S20254;677;5;52665;52670;1
S20254;677;6;52670;52675;1
S20254;677;7;52675;52680;1
S20254;677;8;52680;52685;1
S20254;677;9;52685;52690;1
S20254;677;10;52690;52695;1
S20254;677;11;52695;52700;1
S20254;677;12;52700;52705;1
S20254;677;66;52705;52720;1
S20254;677;66;54565;54595;0
S20254;677;12;54595;54600;0
S20254;677;11;54600;54605;0
S20254;677;10;54605;54610;0
S20254;677;9;54610;54615;0
S20254;677;8;54615;54620;0
S20254;677;7;54620;54625;0
S20254;677;6;54625;54630;0
S20254;677;5;54630;54635;0
S20254;677;4;54635;54640;0
S20254;677;3;54640;54645;0
S20254;677;2;54645;54650;0
S20254;677;1;54650;54670;0
S20254;678;0;51090;51090;1
S20254;678;1;66350;66370;1
S20254;678;2;66370;66375;1
S20254;678;3;66375;66380;1
S20254;678;4;66380;66385;1
S20254;678;26;66385;66420;1
S20254;678;26;70235;70245;0
S20254;678;4;70245;70250;0
S20254;678;3;70250;70255;0
S20254;678;2;70255;70260;0
S20254;678;1;70260;70280;0
S20254;679;0;51120;51120;1
S20254;679;1;51160;51180;1
S20254;679;2;51180;51185;1
S20254;679;3;51185;51190;1
S20254;679;21;51190;51205;1
S20254;679;21;55430;55460;0
S20254;679;3;55460;55465;0
S20254;679;2;55465;55470;0
S20254;679;1;55470;55490;0
S20254;680;0;51260;51260;1
S20254;680;1;74880;74900;1
S20254;680;2;74900;74905;1
S20254;680;3;74905;74910;1
S20254;680;4;74910;74915;1
S20254;680;5;74915;74920;1
S20254;680;6;74920;74925;1
S20254;680;40;74925;74960;1
S20254;680;40;79295;79305;0
S20254;680;6;79305;79310;0
S20254;680;5;79310;79315;0
S20254;680;4;79315;79320;0
S20254;680;3;79320;79325;0
S20254;680;2;79325;79330;0
S20254;680;1;79330;79350;0
S20254;681;0;51270;51270;1
S20254;681;1;75215;75235;1
S20254;681;2;75235;75240;1
S20254;681;3;75240;75245;1
S20254;681;4;75245;75250;1
S20254;681;5;75250;75255;1
S20254;681;6;75255;75260;1
S20254;681;7;75260;75265;1
S20254;681;45;75265;75300;1
S20254;681;45;82060;82070;0
S20254;681;7;82070;82075;0
S20254;681;6;82075;82080;0
S20254;681;5;82080;82085;0
S20254;681;4;82085;82090;0
S20254;681;3;82090;82095;0
S20254;681;2;82095;82100;0
S20254;681;1;82100;82120;0
S20254;682;0;51280;51280;1
S20254;682;1;51855;51875;1
S20254;682;2;51875;51880;1
S20254;682;3;51880;51885;1
S20254;682;4;51885;51890;1
S20254;682;5;51890;51895;1
S20254;682;6;51895;51900;1
S20254;682;7;51900;51905;1
S20254;682;8;51905;51910;1
S20254;682;9;51910;51915;1
S20254;682;10;51915;51920;1
S20254;682;11;51920;51925;1
S20254;682;12;51925;51930;1
S20254;682;65;51930;51945;1
S20254;682;65;52775;52805;0
S20254;682;12;52805;52810;0
S20254;682;11;52810;52815;0
S20254;682;10;52815;52820;0
S20254;682;9;52820;52825;0
S20254;682;8;52825;52830;0
S20254;682;7;52830;52835;0
S20254;682;6;52835;52840;0
S20254;682;5;52840;52845;0
S20254;682;4;52845;52850;0
S20254;682;3;52850;52855;0
S20254;682;2;52855;52860;0
S20254;682;1;52860;52880;0
S20254;683;0;51300;51300;1
S20254;683;1;51380;51400;1
S20254;683;2;51400;51405;1
S20254;683;3;51405;51410;1
S20254;683;19;51410;51445;1
S20254;683;19;54775;54785;0
S20254;683;3;54785;54790;0
S20254;683;2;54790;54795;0
S20254;683;1;54795;54815;0
S20254;684;0;51510;51510;1
S20254;684;1;70035;70055;1
S20254;684;2;70055;70060;1
S20254;684;3;70060;70065;1
S20254;684;4;70065;70070;1
S20254;684;23;70070;70105;1
S20254;684;23;76490;76500;0
S20254;684;4;76500;76505;0
S20254;684;3;76505;76510;0
S20254;684;2;76510;76515;0
S20254;684;1;76515;76535;0
S20254;685;0;51520;51520;1
S20254;685;1;53010;53030;1
S20254;685;2;53030;53035;1
S20254;685;3;53035;53040;1
S20254;685;4;53040;53045;1
S20254;685;5;53045;53050;1
S20254;685;6;53050;53055;1
S20254;685;7;53055;53060;1
S20254;685;8;53060;53065;1
S20254;685;9;53065;53070;1
S20254;685;10;53070;53075;1
S20254;685;11;53075;53080;1
S20254;685;12;53080;53085;1
S20254;685;13;53085;53090;1
S20254;685;70;53090;53125;1
S20254;685;70;56805;56815;0
S20254;685;13;56815;56820;0
S20254;685;12;56820;56825;0
S20254;685;11;56825;56830;0
S20254;685;10;56830;56835;0
S20254;685;9;56835;56840;0
S20254;685;8;56840;56845;0
S20254;685;7;56845;56850;0
S20254;685;6;56850;56855;0
S20254;685;5;56855;56860;0
S20254;685;4;56860;56865;0
S20254;685;3;56865;56870;0
S20254;685;2;56870;56875;0
S20254;685;1;56875;56895;0
S20254;686;0;51540;51540;1
S20254;686;1;54820;54840;1
S20254;686;2;54840;54845;1
S20254;686;3;54845;54850;1
S20254;686;19;54850;54885;1
S20254;686;19;59520;59530;0
S20254;686;3;59530;59535;0
S20254;686;2;59535;59540;0
S20254;686;1;59540;59560;0
S20254;687;0;51800;51800;1
S20254;687;1;54345;54365;1
S20254;687;2;54365;54370;1
S20254;687;3;54370;54375;1
S20254;687;4;54375;54380;1
S20254;687;5;54380;54385;1
S20254;687;6;54385;54390;1
S20254;687;7;54390;54395;1
S20254;687;8;54395;54400;1
S20254;687;9;54400;54405;1
S20254;687;10;54405;54410;1
S20254;687;11;54410;54415;1
S20254;687;12;54415;54420;1
S20254;687;13;54420;54425;1
S20254;687;68;54425;54440;1
S20254;687;68;57305;57335;0
S20254;687;13;57335;57340;0
S20254;687;12;57340;57345;0
S20254;687;11;57345;57350;0
S20254;687;10;57350;57355;0
S20254;687;9;57355;57360;0
S20254;687;8;57360;57365;0
S20254;687;7;57365;57370;0
S20254;687;6;57370;57375;0
S20254;687;5;57375;57380;0
S20254;687;4;57380;57385;0
S20254;687;3;57385;57390;0
S20254;687;2;57390;57395;0
S20254;687;1;57395;57415;0
S20254;688;0;51810;51810;1
S20254;688;1;56330;56350;1
S20254;688;2;56350;56355;1
S20254;688;3;56355;56360;1
S20254;688;17;56360;56395;1
S20254;688;17;58885;58895;0
S20254;688;3;58895;58900;0
S20254;688;2;58900;58905;0
S20254;688;1;58905;58925;0
S20254;689;0;51890;51890;1
S20254;689;1;52655;52675;1
S20254;689;2;52675;52680;1
S20254;689;3;52680;52685;1
S20254;689;4;52685;52690;1
S20254;689;5;52690;52695;1
S20254;689;6;52695;52700;1
S20254;689;7;52700;52705;1
S20254;689;8;52705;52710;1
S20254;689;9;52710;52715;1
S20254;689;10;52715;52720;1
S20254;689;53;52720;52735;1
S20254;689;53;54065;54095;0
S20254;689;10;54095;54100;0
S20254;689;9;54100;54105;0
S20254;689;8;54105;54110;0
S20254;689;7;54110;54115;0
S20254;689;6;54115;54120;0
S20254;689;5;54120;54125;0
S20254;689;4;54125;54130;0
S20254;689;3;54130;54135;0
S20254;689;2;54135;54140;0
S20254;689;1;54140;54160;0
S20254;690;0;51960;51960;1
S20254;690;1;52275;52295;1
S20254;690;2;52295;52300;1
S20254;690;3;52300;52305;1
S20254;690;4;52305;52310;1
S20254;690;5;52310;52315;1
S20254;690;31;52315;52350;1
S20254;690;31;61075;61085;0
S20254;690;5;61085;61090;0
S20254;690;4;61090;61095;0
S20254;690;3;61095;61100;0
S20254;690;2;61100;61105;0
S20254;690;1;61105;61125;0
S20254;691;0;52040;52040;1
S20254;691;1;79205;79225;1
S20254;691;2;79225;79230;1
S20254;691;3;79230;79235;1
S20254;691;18;79235;79270;1
S20254;691;18;81725;81735;0
S20254;691;3;81735;81740;0
S20254;691;2;81740;81745;0
S20254;691;1;81745;81765;0
S20254;692;0;52065;52065;1
S20254;692;1;53730;53750;1
S20254;692;2;53750;53755;1
S20254;692;3;53755;53760;1
S20254;692;4;53760;53765;1
S20254;692;5;53765;53770;1
S20254;692;6;53770;53775;1
S20254;692;7;53775;53780;1
S20254;692;8;53780;53785;1
S20254;692;9;53785;53790;1
S20254;692;10;53790;53795;1
S20254;692;11;53795;53800;1
S20254;692;12;53800;53805;1
S20254;692;65;53805;53840;1
S20254;692;65;55440;55450;0
S20254;692;12;55450;55455;0
S20254;692;11;55455;55460;0
S20254;692;10;55460;55465;0
S20254;692;9;55465;55470;0
S20254;692;8;55470;55475;0
S20254;692;7;55475;55480;0
S20254;692;6;55480;55485;0
S20254;692;5;55485;55490;0
S20254;692;4;55490;55495;0
S20254;692;3;55495;55500;0
S20254;692;2;55500;55505;0
S20254;692;1;55505;55525;0
S20254;693;0;52130;52130;1
S20254;693;1;52235;52255;1
S20254;693;2;52255;52260;1
S20254;693;3;52260;52265;1
S20254;693;4;52265;52270;1
S20254;693;5;52270;52275;1
S20254;693;34;52275;52310;1
S20254;693;34;54585;54595;0
S20254;693;5;54595;54600;0
S20254;693;4;54600;54605;0
S20254;693;3;54605;54610;0
S20254;693;2;54610;54615;0
S20254;693;1;54615;54635;0
S20254;694;0;52140;52140;1
S20254;694;1;53990;54010;1
S20254;694;2;54010;54015;1
S20254;694;3;54015;54020;1
S20254;694;4;54020;54025;1
S20254;694;5;54025;54030;1
S20254;694;6;54030;54035;1
S20254;694;7;54035;54040;1
S20254;694;8;54040;54045;1
S20254;694;9;54045;54050;1
S20254;694;10;54050;54055;1
S20254;694;53;54055;54070;1
S20254;694;53;54990;55020;0
S20254;694;10;55020;55025;0
S20254;694;9;55025;55030;0
S20254;694;8;55030;55035;0
S20254;694;7;55035;55040;0
S20254;694;6;55040;55045;0
S20254;694;5;55045;55050;0
S20254;694;4;55050;55055;0
S20254;694;3;55055;55060;0
S20254;694;2;55060;55065;0
S20254;694;1;55065;55085;0
S20254;695;0;52145;52145;1
S20254;695;1;52180;52200;1
S20254;695;2;52200;52205;1
S20254;695;3;52205;52210;1
S20254;695;4;52210;52215;1
S20254;695;5;52215;52220;1
S20254;695;6;52220;52225;1
S20254;695;39;52225;52260;1
S20254;695;39;52950;52960;0
S20254;695;6;52960;52965;0
S20254;695;5;52965;52970;0
S20254;695;4;52970;52975;0
S20254;695;3;52975;52980;0
S20254;695;2;52980;52985;0
S20254;695;1;52985;53005;0
S20254;696;0;52190;52190;1
S20254;696;1;52195;52215;1
S20254;696;2;52215;52220;1
S20254;696;3;52220;52225;1
S20254;696;4;52225;52230;1
S20254;696;5;52230;52235;1
S20254;696;35;52235;52250;1
S20254;696;35;53790;53820;0
S20254;696;5;53820;53825;0
S20254;696;4;53825;53830;0
S20254;696;3;53830;53835;0
S20254;696;2;53835;53840;0
S20254;696;1;53840;53860;0
S20254;697;0;52220;52220;1
S20254;697;1;52220;52240;1
S20254;697;2;52240;52245;1
S20254;697;3;52245;52250;1
S20254;697;4;52250;52255;1
S20254;697;5;52255;52260;1
S20254;697;6;52260;52265;1
S20254;697;38;52265;52300;1
S20254;697;38;52920;52930;0
S20254;697;6;52930;52935;0
S20254;697;5;52935;52940;0
S20254;697;4;52940;52945;0
S20254;697;3;52945;52950;0
S20254;697;2;52950;52955;0
S20254;697;1;52955;52975;0
S20254;698;0;52320;52320;1
S20254;698;1;68375;68395;1
S20254;698;2;68395;68400;1
S20254;698;3;68400;68405;1
S20254;698;18;68405;68440;1
S20254;698;18;75320;75330;0
S20254;698;3;75330;75335;0
S20254;698;2;75335;75340;0
S20254;698;1;75340;75360;0
S20254;699;0;52510;52510;1
S20254;699;1;53045;53065;1
S20254;699;2;53065;53070;1
S20254;699;3;53070;53075;1
S20254;699;4;53075;53080;1
S20254;699;5;53080;53085;1
S20254;699;6;53085;53090;1
S20254;699;7;53090;53095;1
S20254;699;8;53095;53100;1
S20254;699;9;53100;53105;1
S20254;699;10;53105;53110;1
S20254;699;11;53110;53115;1
S20254;699;12;53115;53120;1
S20254;699;65;53120;53135;1
S20254;699;65;53780;53810;0
S20254;699;12;53810;53815;0
S20254;699;11;53815;53820;0
S20254;699;10;53820;53825;0
S20254;699;9;53825;53830;0
S20254;699;8;53830;53835;0
S20254;699;7;53835;53840;0
S20254;699;6;53840;53845;0
S20254;699;5;53845;53850;0
S20254;699;4;53850;53855;0
S20254;699;3;53855;53860;0
S20254;699;2;53860;53865;0
S20254;699;1;53865;53885;0
S20254;700;0;52585;52585;1
S20254;700;1;64885;64905;1
S20254;700;2;64905;64910;1
S20254;700;3;64910;64915;1
S20254;700;4;64915;64920;1
S20254;700;5;64920;64925;1
S20254;700;6;64925;64930;1
S20254;700;7;64930;64935;1
S20254;700;8;64935;64940;1
S20254;700;9;64940;64945;1
S20254;700;10;64945;64950;1
S20254;700;11;64950;64955;1
S20254;700;62;64955;64990;1
S20254;700;62;73115;73125;0
S20254;700;11;73125;73130;0
S20254;700;10;73130;73135;0
S20254;700;9;73135;73140;0
S20254;700;8;73140;73145;0
S20254;700;7;73145;73150;0
S20254;700;6;73150;73155;0
S20254;700;5;73155;73160;0
S20254;700;4;73160;73165;0
S20254;700;3;73165;73170;0
S20254;700;2;73170;73175;0
S20254;700;1;73175;73195;0
S20254;701;0;52770;52770;1
S20254;701;1;57135;57155;1
S20254;701;2;57155;57160;1
S20254;701;3;57160;57165;1
S20254;701;4;57165;57170;1
S20254;701;5;57170;57175;1
S20254;701;6;57175;57180;1
S20254;701;7;57180;57185;1
S20254;701;8;57185;57190;1
S20254;701;9;57190;57195;1
S20254;701;10;57195;57200;1
S20254;701;11;57200;57205;1
S20254;701;12;57205;57210;1
S20254;701;13;57210;57215;1
S20254;701;70;57215;57250;1
S20254;701;70;58815;58825;0
S20254;701;13;58825;58830;0
S20254;701;12;58830;58835;0
S20254;701;11;58835;58840;0
S20254;701;10;58840;58845;0
S20254;701;9;58845;58850;0
S20254;701;8;58850;58855;0
S20254;701;7;58855;58860;0
S20254;701;6;58860;58865;0
S20254;701;5;58865;58870;0
S20254;701;4;58870;58875;0
S20254;701;3;58875;58880;0
S20254;701;2;58880;58885;0
S20254;701;1;58885;58905;0
S20254;702;0;52850;52850;1
S20254;702;1;53310;53330;1
S20254;702;2;53330;53335;1
S20254;702;3;53335;53340;1
S20254;702;4;53340;53345;1
S20254;702;5;53345;53350;1
S20254;702;33;53350;53365;1
S20254;702;33;55765;55795;0
S20254;702;5;55795;55800;0
S20254;702;4;55800;55805;0
S20254;702;3;55805;55810;0
S20254;702;2;55810;55815;0
S20254;702;1;55815;55835;0
S20254;703;0;52935;52935;1
S20254;703;1;53200;53220;1
S20254;703;2;53220;53225;1
S20254;703;3;53225;53230;1
S20254;703;4;53230;53235;1
S20254;703;5;53235;53240;1
S20254;703;28;53240;53275;1
S20254;703;28;56505;56515;0
S20254;703;5;56515;56520;0
S20254;703;4;56520;56525;0
S20254;703;3;56525;56530;0
S20254;703;2;56530;56535;0
S20254;703;1;56535;56555;0
S20254;704;0;52950;52950;1
S20254;704;1;53280;53300;1
S20254;704;2;53300;53305;1
S20254;704;3;53305;53310;1
S20254;704;4;53310;53315;1
S20254;704;5;53315;53320;1
S20254;704;6;53320;53325;1
S20254;704;7;53325;53330;1
S20254;704;8;53330;53335;1
S20254;704;9;53335;53340;1
S20254;704;10;53340;53345;1
S20254;704;11;53345;53350;1
S20254;704;12;53350;53355;1
S20254;704;64;53355;53370;1
S20254;704;64;54180;54210;0
S20254;704;12;54210;54215;0
S20254;704;11;54215;54220;0
S20254;704;10;54220;54225;0
S20254;704;9;54225;54230;0
S20254;704;8;54230;54235;0
S20254;704;7;54235;54240;0
S20254;704;6;54240;54245;0
S20254;704;5;54245;54250;0
S20254;704;4;54250;54255;0
S20254;704;3;54255;54260;0
S20254;704;2;54260;54265;0
S20254;704;1;54265;54285;0
S20254;705;0;53025;53025;1
S20254;705;1;57915;57935;1
S20254;705;2;57935;57940;1
S20254;705;3;57940;57945;1
S20254;705;4;57945;57950;1
S20254;705;5;57950;57955;1
S20254;705;6;57955;57960;1
S20254;705;7;57960;57965;1
S20254;705;45;57965;58000;1
S20254;705;45;59805;59815;0
S20254;705;7;59815;59820;0
S20254;705;6;59820;59825;0
S20254;705;5;59825;59830;0
S20254;705;4;59830;59835;0
S20254;705;3;59835;59840;0
S20254;705;2;59840;59845;0
S20254;705;1;59845;59865;0
S20254;706;0;53075;53075;1
S20254;706;1;53075;53095;1
S20254;706;2;53095;53100;1
S20254;706;3;53100;53105;1
S20254;706;4;53105;53110;1
S20254;706;5;53110;53115;1
S20254;706;6;53115;53120;1
S20254;706;7;53120;53125;1
S20254;706;8;53125;53130;1
S20254;706;9;53130;53135;1
S20254;706;10;53135;53140;1
S20254;706;11;53140;53145;1
S20254;706;61;53145;53180;1
S20254;706;61;55225;55235;0
S20254;706;11;55235;55240;0
S20254;706;10;55240;55245;0
S20254;706;9;55245;55250;0
S20254;706;8;55250;55255;0
S20254;706;7;55255;55260;0
S20254;706;6;55260;55265;0
S20254;706;5;55265;55270;0
S20254;706;4;55270;55275;0
S20254;706;3;55275;55280;0
S20254;706;2;55280;55285;0
S20254;706;1;55285;55305;0
S20254;707;0;53285;53285;1
S20254;707;1;64800;64820;1
S20254;707;2;64820;64825;1
S20254;707;3;64825;64830;1
S20254;707;4;64830;64835;1
S20254;707;5;64835;64840;1
S20254;707;6;64840;64845;1
S20254;707;7;64845;64850;1
S20254;707;8;64850;64855;1
S20254;707;9;64855;64860;1
S20254;707;10;64860;64865;1
S20254;707;11;64865;64870;1
S20254;707;12;64870;64875;1
S20254;707;13;64875;64880;1
S20254;707;14;64880;64885;1
S20254;707;15;64885;64890;1
S20254;707;16;64890;64905;1
S20254;707;74;64905;64950;1
S20254;707;74;69245;69255;0
S20254;707;16;69255;69270;0
S20254;707;15;69270;69275;0
S20254;707;14;69275;69280;0
S20254;707;13;69280;69285;0
S20254;707;12;69285;69290;0
S20254;707;11;69290;69295;0
S20254;707;10;69295;69300;0
S20254;707;9;69300;69305;0
S20254;707;8;69305;69310;0
S20254;707;7;69310;69315;0
S20254;707;6;69315;69320;0
S20254;707;5;69320;69325;0
S20254;707;4;69325;69330;0
S20254;707;3;69330;69335;0
S20254;707;2;69335;69340;0
S20254;707;1;69340;69360;0
S20254;708;0;53305;53305;1
S20254;708;1;63445;63465;1
S20254;708;2;63465;63470;1
S20254;708;3;63470;63475;1
S20254;708;4;63475;63480;1
S20254;708;26;63480;63515;1
S20254;708;26;66235;66245;0
S20254;708;4;66245;66250;0
S20254;708;3;66250;66255;0
S20254;708;2;66255;66260;0
S20254;708;1;66260;66280;0
S20254;709;0;53430;53430;1
S20254;709;1;53440;53460;1
S20254;709;2;53460;53465;1
S20254;709;3;53465;53470;1
S20254;709;4;53470;53475;1
S20254;709;5;53475;53480;1
S20254;709;6;53480;53485;1
S20254;709;7;53485;53490;1
S20254;709;8;53490;53495;1
S20254;709;9;53495;53500;1
S20254;709;10;53500;53505;1
S20254;709;11;53505;53510;1
S20254;709;62;53510;53545;1
S20254;709;62;56510;56520;0
S20254;709;11;56520;56525;0
S20254;709;10;56525;56530;0
S20254;709;9;56530;56535;0
S20254;709;8;56535;56540;0
S20254;709;7;56540;56545;0
S20254;709;6;56545;56550;0
S20254;709;5;56550;56555;0
S20254;709;4;56555;56560;0
S20254;709;3;56560;56565;0
S20254;709;2;56565;56570;0
S20254;709;1;56570;56590;0
S20254;710;0;53460;53460;1
S20254;710;1;60280;60300;1
S20254;710;2;60300;60305;1
S20254;710;3;60305;60310;1
S20254;710;4;60310;60315;1
S20254;710;5;60315;60320;1
S20254;710;6;60320;60325;1
S20254;710;7;60325;60330;1
S20254;710;8;60330;60335;1
S20254;710;9;60335;60340;1
S20254;710;10;60340;60345;1
S20254;710;11;60345;60350;1
S20254;710;12;60350;60355;1
S20254;710;13;60355;60360;1
S20254;710;68;60360;60395;1
S20254;710;68;64985;64995;0
S20254;710;13;64995;65000;0
S20254;710;12;65000;65005;0
S20254;710;11;65005;65010;0
S20254;710;10;65010;65015;0
S20254;710;9;65015;65020;0
S20254;710;8;65020;65025;0
S20254;710;7;65025;65030;0
S20254;710;6;65030;65035;0
S20254;710;5;65035;65040;0
S20254;710;4;65040;65045;0
S20254;710;3;65045;65050;0
S20254;710;2;65050;65055;0
S20254;710;1;65055;65075;0
S20254;711;0;53635;53635;1
S20254;711;1;53635;53655;1
S20254;711;2;53655;53660;1
S20254;711;3;53660;53665;1
S20254;711;4;53665;53670;1
S20254;711;5;53670;53675;1
S20254;711;6;53675;53680;1
S20254;711;38;53680;53715;1
S20254;711;38;54420;54430;0
S20254;711;6;54430;54435;0
S20254;711;5;54435;54440;0
S20254;711;4;54440;54445;0
S20254;711;3;54445;54450;0
S20254;711;2;54450;54455;0
S20254;711;1;54455;54475;0
S20254;712;0;53640;53640;1
S20254;712;1;53690;53710;1
S20254;712;2;53710;53715;1
S20254;712;3;53715;53720;1
S20254;712;4;53720;53725;1
S20254;712;22;53725;53760;1
S20254;712;22;70730;70740;0
S20254;712;4;70740;70745;0
S20254;712;3;70745;70750;0
S20254;712;2;70750;70755;0
S20254;712;1;70755;70775;0
S20254;713;0;53670;53670;1
S20254;713;1;53675;53695;1
S20254;713;2;53695;53700;1
S20254;713;3;53700;53705;1
S20254;713;4;53705;53710;1
S20254;713;5;53710;53715;1
S20254;713;6;53715;53720;1
S20254;713;39;53720;53755;1
S20254;713;39;54440;54450;0
S20254;713;6;54450;54455;0
S20254;713;5;54455;54460;0
S20254;713;4;54460;54465;0
S20254;713;3;54465;54470;0
S20254;713;2;54470;54475;0
S20254;713;1;54475;54495;0
S20254;714;0;53695;53695;1
S20254;714;1;53745;53765;1
S20254;714;2;53765;53770;1
S20254;714;3;53770;53775;1
S20254;714;4;53775;53780;1
S20254;714;23;53780;53815;1
S20254;714;23;60045;60055;0
S20254;714;4;60055;60060;0
S20254;714;3;60060;60065;0
S20254;714;2;60065;60070;0
S20254;714;1;60070;60090;0
S20254;715;0;53790;53790;1
S20254;715;1;53930;53950;1
S20254;715;2;53950;53955;1
S20254;715;3;53955;53960;1
S20254;715;4;53960;53965;1
S20254;715;5;53965;53970;1
S20254;715;29;53970;53985;1
S20254;715;29;68760;68790;0
S20254;715;5;68790;68795;0
S20254;715;4;68795;68800;0
S20254;715;3;68800;68805;0
S20254;715;2;68805;68810;0
S20254;715;1;68810;68830;0
S20254;716;0;53880;53880;1
S20254;716;1;53915;53935;1
S20254;716;2;53935;53940;1
S20254;716;3;53940;53945;1
S20254;716;4;53945;53950;1
S20254;716;5;53950;53955;1
S20254;716;6;53955;53960;1
S20254;716;7;53960;53965;1
S20254;716;8;53965;53970;1
S20254;716;48;53970;53985;1
S20254;716;48;73415;73445;0
S20254;716;8;73445;73450;0
S20254;716;7;73450;73455;0
S20254;716;6;73455;73460;0
S20254;716;5;73460;73465;0
S20254;716;4;73465;73470;0
S20254;716;3;73470;73475;0
S20254;716;2;73475;73480;0
S20254;716;1;73480;73500;0
S20254;717;0;54035;54035;1
S20254;717;1;69150;69170;1
S20254;717;2;69170;69175;1
S20254;717;3;69175;69180;1
S20254;717;4;69180;69185;1
S20254;717;5;69185;69190;1
S20254;717;6;69190;69195;1
S20254;717;7;69195;69200;1
S20254;717;8;69200;69205;1
S20254;717;9;69205;69210;1
S20254;717;10;69210;69215;1
S20254;717;11;69215;69220;1
S20254;717;12;69220;69225;1
S20254;717;13;69225;69230;1
S20254;717;14;69230;69235;1
S20254;717;15;69235;69240;1
S20254;717;16;69240;69255;1
S20254;717;75;69255;69300;1
S20254;717;75;72650;72660;0
S20254;717;16;72660;72675;0
S20254;717;15;72675;72680;0
S20254;717;14;72680;72685;0
S20254;717;13;72685;72690;0
S20254;717;12;72690;72695;0
S20254;717;11;72695;72700;0
S20254;717;10;72700;72705;0
S20254;717;9;72705;72710;0
S20254;717;8;72710;72715;0
S20254;717;7;72715;72720;0
S20254;717;6;72720;72725;0
S20254;717;5;72725;72730;0
S20254;717;4;72730;72735;0
S20254;717;3;72735;72740;0
S20254;717;2;72740;72745;0
S20254;717;1;72745;72765;0
S20254;718;0;54090;54090;1
S20254;718;1;85170;85190;1
S20254;718;2;85190;85195;1
S20254;718;3;85195;85200;1
S20254;718;4;85200;85205;1
S20254;718;5;85205;85210;1
S20254;718;6;85210;85215;1
S20254;718;7;85215;85220;1
S20254;718;8;85220;85225;1
S20254;718;9;85225;85230;1
S20254;718;10;85230;85235;1
S20254;718;11;85235;85240;1
S20254;718;12;85240;85245;1
S20254;718;13;85245;85250;1
S20254;718;69;85250;85285;1
S20254;718;69;87520;87530;0
S20254;718;13;87530;87535;0
S20254;718;12;87535;87540;0
S20254;718;11;87540;87545;0
S20254;718;10;87545;87550;0
S20254;718;9;87550;87555;0
S20254;718;8;87555;87560;0
S20254;718;7;87560;87565;0
S20254;718;6;87565;87570;0
S20254;718;5;87570;87575;0
S20254;718;4;87575;87580;0
S20254;718;3;87580;87585;0
S20254;718;2;87585;87590;0
S20254;718;1;87590;87610;0
S20254;719;0;54135;54135;1
S20254;719;1;58960;58980;1
S20254;719;2;58980;58985;1
S20254;719;3;58985;58990;1
S20254;719;17;58990;59025;1
S20254;719;17;62665;62675;0
S20254;719;3;62675;62680;0
S20254;719;2;62680;62685;0
S20254;719;1;62685;62705;0
S20254;720;0;54150;54150;1
S20254;720;1;54170;54190;1
S20254;720;2;54190;54195;1
S20254;720;3;54195;54200;1
S20254;720;4;54200;54205;1
S20254;720;5;54205;54210;1
S20254;720;35;54210;54225;1
S20254;720;35;56080;56110;0
S20254;720;5;56110;56115;0
S20254;720;4;56115;56120;0
S20254;720;3;56120;56125;0
S20254;720;2;56125;56130;0
S20254;720;1;56130;56150;0
S20254;721;0;54195;54195;1
S20254;721;1;56220;56240;1
S20254;721;2;56240;56245;1
S20254;721;3;56245;56250;1
S20254;721;4;56250;56255;1
S20254;721;5;56255;56260;1
S20254;721;6;56260;56265;1
S20254;721;7;56265;56270;1
S20254;721;8;56270;56275;1
S20254;721;9;56275;56280;1
S20254;721;10;56280;56285;1
S20254;721;11;56285;56290;1
S20254;721;12;56290;56295;1
S20254;721;66;56295;56310;1
S20254;721;66;57765;57795;0
S20254;721;12;57795;57800;0
S20254;721;11;57800;57805;0
S20254;721;10;57805;57810;0
S20254;721;9;57810;57815;0
S20254;721;8;57815;57820;0
S20254;721;7;57820;57825;0
S20254;721;6;57825;57830;0
S20254;721;5;57830;57835;0
S20254;721;4;57835;57840;0
S20254;721;3;57840;57845;0
S20254;721;2;57845;57850;0
S20254;721;1;57850;57870;0
S20254;722;0;54205;54205;1
S20254;722;1;54290;54310;1
S20254;722;83;54310;54345;1
S20254;722;83;59125;59135;0
S20254;722;1;59135;59155;0
S20254;723;0;54370;54370;1
S20254;723;1;54370;54390;1
S20254;723;2;54390;54395;1
S20254;723;3;54395;54400;1
S20254;723;4;54400;54405;1
S20254;723;5;54405;54410;1
S20254;723;36;54410;54425;1
S20254;723;36;56465;56495;0
S20254;723;5;56495;56500;0
S20254;723;4;56500;56505;0
S20254;723;3;56505;56510;0
S20254;723;2;56510;56515;0
S20254;723;1;56515;56535;0
S20254;724;0;54380;54380;1
S20254;724;1;56280;56300;1
S20254;724;2;56300;56305;1
S20254;724;3;56305;56310;1
S20254;724;4;56310;56315;1
S20254;724;5;56315;56320;1
S20254;724;33;56320;56335;1
S20254;724;33;58210;58240;0
S20254;724;5;58240;58245;0
S20254;724;4;58245;58250;0
S20254;724;3;58250;58255;0
S20254;724;2;58255;58260;0
S20254;724;1;58260;58280;0
S20254;725;0;54390;54390;1
S20254;725;1;57485;57505;1
S20254;725;2;57505;57510;1
S20254;725;3;57510;57515;1
S20254;725;4;57515;57520;1
S20254;725;5;57520;57525;1
S20254;725;6;57525;57530;1
S20254;725;40;57530;57565;1
S20254;725;40;58645;58655;0
S20254;725;6;58655;58660;0
S20254;725;5;58660;58665;0
S20254;725;4;58665;58670;0
S20254;725;3;58670;58675;0
S20254;725;2;58675;58680;0
S20254;725;1;58680;58700;0
S20254;726;0;54465;54465;1
S20254;726;1;54510;54530;1
S20254;726;2;54530;54535;1
S20254;726;3;54535;54540;1
S20254;726;4;54540;54545;1
S20254;726;5;54545;54550;1
S20254;726;6;54550;54555;1
S20254;726;7;54555;54560;1
S20254;726;45;54560;54595;1
S20254;726;45;57830;57840;0
S20254;726;7;57840;57845;0
S20254;726;6;57845;57850;0
S20254;726;5;57850;57855;0
S20254;726;4;57855;57860;0
S20254;726;3;57860;57865;0
S20254;726;2;57865;57870;0
S20254;726;1;57870;57890;0
S20254;727;0;54540;54540;1
S20254;727;1;63360;63380;1
S20254;727;2;63380;63385;1
S20254;727;3;63385;63390;1
S20254;727;4;63390;63395;1
S20254;727;5;63395;63400;1
S20254;727;6;63400;63405;1
S20254;727;7;63405;63410;1
S20254;727;8;63410;63415;1
S20254;727;9;63415;63420;1
S20254;727;10;63420;63425;1
S20254;727;11;63425;63430;1
S20254;727;12;63430;63435;1
S20254;727;13;63435;63440;1
S20254;727;70;63440;63475;1
S20254;727;70;65690;65700;0
S20254;727;13;65700;65705;0
S20254;727;12;65705;65710;0
S20254;727;11;65710;65715;0
S20254;727;10;65715;65720;0
S20254;727;9;65720;65725;0
S20254;727;8;65725;65730;0
S20254;727;7;65730;65735;0
S20254;727;6;65735;65740;0
S20254;727;5;65740;65745;0
S20254;727;4;65745;65750;0
S20254;727;3;65750;65755;0
S20254;727;2;65755;65760;0
S20254;727;1;65760;65780;0
S20254;728;0;54745;54745;1
S20254;728;1;64405;64425;1
S20254;728;2;64425;64430;1
S20254;728;3;64430;64435;1
S20254;728;4;64435;64440;1
S20254;728;5;64440;64445;1
S20254;728;6;64445;64450;1
S20254;728;7;64450;64455;1
S20254;728;45;64455;64490;1
S20254;728;45;67925;67935;0
S20254;728;7;67935;67940;0
S20254;728;6;67940;67945;0
S20254;728;5;67945;67950;0
S20254;728;4;67950;67955;0
S20254;728;3;67955;67960;0
S20254;728;2;67960;67965;0
S20254;728;1;67965;67985;0
S20254;729;0;54855;54855;1
S20254;729;1;54870;54890;1
S20254;729;2;54890;54895;1
S20254;729;3;54895;54900;1
S20254;729;4;54900;54905;1
S20254;729;5;54905;54910;1
S20254;729;6;54910;54915;1
S20254;729;43;54915;54930;1
S20254;729;43;55490;55520;0
S20254;729;6;55520;55525;0
S20254;729;5;55525;55530;0
S20254;729;4;55530;55535;0
S20254;729;3;55535;55540;0
S20254;729;2;55540;55545;0
S20254;729;1;55545;55565;0
S20254;730;0;54865;54865;1
S20254;730;1;57655;57675;1
S20254;730;2;57675;57680;1
S20254;730;3;57680;57685;1
S20254;730;4;57685;57690;1
S20254;730;5;57690;57695;1
S20254;730;6;57695;57700;1
S20254;730;43;57700;57735;1
S20254;730;43;58830;58840;0
S20254;730;6;58840;58845;0
S20254;730;5;58845;58850;0
S20254;730;4;58850;58855;0
S20254;730;3;58855;58860;0
S20254;730;2;58860;58865;0
S20254;730;1;58865;58885;0
S20254;731;0;54885;54885;1
S20254;731;1;58945;58965;1
S20254;731;2;58965;58970;1
S20254;731;3;58970;58975;1
S20254;731;4;58975;58980;1
S20254;731;5;58980;58985;1
S20254;731;6;58985;58990;1
S20254;731;43;58990;59025;1
S20254;731;43;59860;59870;0
S20254;731;6;59870;59875;0
S20254;731;5;59875;59880;0
S20254;731;4;59880;59885;0
S20254;731;3;59885;59890;0
S20254;731;2;59890;59895;0
S20254;731;1;59895;59915;0
S20254;732;0;54960;54960;1
S20254;732;1;60860;60880;1
S20254;732;2;60880;60885;1
S20254;732;3;60885;60890;1
S20254;732;4;60890;60895;1
S20254;732;5;60895;60900;1
S20254;732;6;60900;60905;1
S20254;732;7;60905;60910;1
S20254;732;8;60910;60915;1
S20254;732;9;60915;60920;1
S20254;732;10;60920;60925;1
S20254;732;11;60925;60930;1
S20254;732;12;60930;60935;1
S20254;732;13;60935;60940;1
S20254;732;70;60940;60975;1
S20254;732;70;63230;63240;0
S20254;732;13;63240;63245;0
S20254;732;12;63245;63250;0
S20254;732;11;63250;63255;0
S20254;732;10;63255;63260;0
S20254;732;9;63260;63265;0
S20254;732;8;63265;63270;0
S20254;732;7;63270;63275;0
S20254;732;6;63275;63280;0
S20254;732;5;63280;63285;0
S20254;732;4;63285;63290;0
S20254;732;3;63290;63295;0
S20254;732;2;63295;63300;0
S20254;732;1;63300;63320;0
S20254;733;0;54960;54960;1
S20254;733;1;55570;55590;1
S20254;733;2;55590;55595;1
S20254;733;3;55595;55600;1
S20254;733;4;55600;55605;1
S20254;733;5;55605;55610;1
S20254;733;6;55610;55615;1
S20254;733;43;55615;55650;1
S20254;733;43;57580;57590;0
S20254;733;6;57590;57595;0
S20254;733;5;57595;57600;0
S20254;733;4;57600;57605;0
S20254;733;3;57605;57610;0
S20254;733;2;57610;57615;0
S20254;733;1;57615;57635;0
S20254;734;0;55110;55110;1
S20254;734;1;55110;55130;1
S20254;734;2;55130;55135;1
S20254;734;3;55135;55140;1
S20254;734;4;55140;55145;1
S20254;734;5;55145;55150;1
S20254;734;6;55150;55155;1
S20254;734;38;55155;55190;1
S20254;734;38;55920;55930;0
S20254;734;6;55930;55935;0
S20254;734;5;55935;55940;0
S20254;734;4;55940;55945;0
S20254;734;3;55945;55950;0
S20254;734;2;55950;55955;0
S20254;734;1;55955;55975;0
S20254;735;0;55360;55360;1
S20254;735;1;55360;55380;1
S20254;735;2;55380;55385;1
S20254;735;3;55385;55390;1
S20254;735;4;55390;55395;1
S20254;735;5;55395;55400;1
S20254;735;6;55400;55405;1
S20254;735;7;55405;55410;1
S20254;735;8;55410;55415;1
S20254;735;9;55415;55420;1
S20254;735;50;55420;55455;1
S20254;735;50;59810;59820;0
S20254;735;9;59820;59825;0
S20254;735;8;59825;59830;0
S20254;735;7;59830;59835;0
S20254;735;6;59835;59840;0
S20254;735;5;59840;59845;0
S20254;735;4;59845;59850;0
S20254;735;3;59850;59855;0
S20254;735;2;59855;59860;0
S20254;735;1;59860;59880;0
S20254;736;0;55395;55395;1
S20254;736;1;74015;74035;1
S20254;736;2;74035;74040;1
S20254;736;3;74040;74045;1
S20254;736;4;74045;74050;1
S20254;736;26;74050;74085;1
S20254;736;26;76030;76040;0
S20254;736;4;76040;76045;0
S20254;736;3;76045;76050;0
S20254;736;2;76050;76055;0
S20254;736;1;76055;76075;0
S20254;737;0;55560;55560;1
S20254;737;1;76230;76250;1
S20254;737;2;76250;76255;1
S20254;737;3;76255;76260;1
S20254;737;19;76260;76295;1
S20254;737;19;81705;81715;0
S20254;737;3;81715;81720;0
S20254;737;2;81720;81725;0
S20254;737;1;81725;81745;0
S20254;738;0;55620;55620;1
S20254;738;1;55630;55650;1
S20254;738;2;55650;55655;1
S20254;738;3;55655;55660;1
S20254;738;4;55660;55665;1
S20254;738;5;55665;55670;1
S20254;738;6;55670;55675;1
S20254;738;7;55675;55680;1
S20254;738;8;55680;55685;1
S20254;738;9;55685;55690;1
S20254;738;10;55690;55695;1
S20254;738;11;55695;55700;1
S20254;738;56;55700;55715;1
S20254;738;56;63955;63985;0
S20254;738;11;63985;63990;0
S20254;738;10;63990;63995;0
S20254;738;9;63995;64000;0
S20254;738;8;64000;64005;0
S20254;738;7;64005;64010;0
S20254;738;6;64010;64015;0
S20254;738;5;64015;64020;0
S20254;738;4;64020;64025;0
S20254;738;3;64025;64030;0
S20254;738;2;64030;64035;0
S20254;738;1;64035;64055;0
S20254;739;0;55620;55620;1
S20254;739;1;69195;69215;1
S20254;739;2;69215;69220;1
S20254;739;3;69220;69225;1
S20254;739;19;69225;69260;1
S20254;739;19;75750;75760;0
S20254;739;3;75760;75765;0
S20254;739;2;75765;75770;0
S20254;739;1;75770;75790;0
S20254;740;0;55660;55660;1
S20254;740;1;56610;56630;1
S20254;740;2;56630;56635;1
S20254;740;3;56635;56640;1
S20254;740;4;56640;56645;1
S20254;740;5;56645;56650;1
S20254;740;36;56650;56665;1
S20254;740;36;57295;57325;0
S20254;740;5;57325;57330;0
S20254;740;4;57330;57335;0
S20254;740;3;57335;57340;0
S20254;740;2;57340;57345;0
S20254;740;1;57345;57365;0
S20254;741;0;55680;55680;1
S20254;741;1;56595;56615;1
S20254;741;2;56615;56620;1
S20254;741;3;56620;56625;1
S20254;741;4;56625;56630;1
S20254;741;5;56630;56635;1
S20254;741;6;56635;56640;1
S20254;741;7;56640;56645;1
S20254;741;8;56645;56650;1
S20254;741;9;56650;56655;1
S20254;741;10;56655;56660;1
S20254;741;11;56660;56665;1
S20254;741;62;56665;56680;1
S20254;741;62;59085;59115;0
S20254;741;11;59115;59120;0
S20254;741;10;59120;59125;0
S20254;741;9;59125;59130;0
S20254;741;8;59130;59135;0
S20254;741;7;59135;59140;0
S20254;741;6;59140;59145;0
S20254;741;5;59145;59150;0
S20254;741;4;59150;59155;0
S20254;741;3;59155;59160;0
S20254;741;2;59160;59165;0
S20254;741;1;59165;59185;0
S20254;742;0;55705;55705;1
S20254;742;1;55715;55735;1
S20254;742;2;55735;55740;1
S20254;742;3;55740;55745;1
S20254;742;4;55745;55750;1
S20254;742;5;55750;55755;1
S20254;742;6;55755;55760;1
S20254;742;7;55760;55765;1
S20254;742;46;55765;55800;1
S20254;742;46;59170;59180;0
S20254;742;7;59180;59185;0
S20254;742;6;59185;59190;0
S20254;742;5;59190;59195;0
S20254;742;4;59195;59200;0
S20254;742;3;59200;59205;0
S20254;742;2;59205;59210;0
S20254;742;1;59210;59230;0
S20254;743;0;55860;55860;1
S20254;743;1;55860;55880;1
S20254;743;2;55880;55885;1
S20254;743;3;55885;55890;1
S20254;743;4;55890;55895;1
S20254;743;5;55895;55900;1
S20254;743;6;55900;55905;1
S20254;743;7;55905;55910;1
S20254;743;8;55910;55915;1
S20254;743;9;55915;55920;1
S20254;743;10;55920;55925;1
S20254;743;53;55925;55940;1
S20254;743;53;56975;57005;0
S20254;743;10;57005;57010;0
S20254;743;9;57010;57015;0
S20254;743;8;57015;57020;0
S20254;743;7;57020;57025;0
S20254;743;6;57025;57030;0
S20254;743;5;57030;57035;0
S20254;743;4;57035;57040;0
S20254;743;3;57040;57045;0
S20254;743;2;57045;57050;0
S20254;743;1;57050;57070;0
S20254;744;0;55965;55965;1
S20254;744;1;57185;57205;1
S20254;744;2;57205;57210;1
S20254;744;3;57210;57215;1
S20254;744;4;57215;57220;1
S20254;744;5;57220;57225;1
S20254;744;6;57225;57230;1
S20254;744;7;57230;57235;1
S20254;744;8;57235;57240;1
S20254;744;9;57240;57245;1
S20254;744;10;57245;57250;1
S20254;744;11;57250;57255;1
S20254;744;12;57255;57260;1
S20254;744;13;57260;57265;1
S20254;744;69;57265;57300;1
S20254;744;69;60135;60145;0
S20254;744;13;60145;60150;0
S20254;744;12;60150;60155;0
S20254;744;11;60155;60160;0
S20254;744;10;60160;60165;0
S20254;744;9;60165;60170;0
S20254;744;8;60170;60175;0
S20254;744;7;60175;60180;0
S20254;744;6;60180;60185;0
S20254;744;5;60185;60190;0
S20254;744;4;60190;60195;0
S20254;744;3;60195;60200;0
S20254;744;2;60200;60205;0
S20254;744;1;60205;60225;0
S20254;745;0;55990;55990;1
S20254;745;1;63390;63410;1
S20254;745;2;63410;63415;1
S20254;745;3;63415;63420;1
S20254;745;17;63420;63455;1
S20254;745;17;67000;67010;0
S20254;745;3;67010;67015;0
S20254;745;2;67015;67020;0
S20254;745;1;67020;67040;0
S20254;746;0;56010;56010;1
S20254;746;1;57710;57730;1
S20254;746;2;57730;57735;1
S20254;746;3;57735;57740;1
S20254;746;4;57740;57745;1
S20254;746;5;57745;57750;1
S20254;746;6;57750;57755;1
S20254;746;41;57755;57770;1
S20254;746;41;61485;61515;0
S20254;746;6;61515;61520;0
S20254;746;5;61520;61525;0
S20254;746;4;61525;61530;0
S20254;746;3;61530;61535;0
S20254;746;2;61535;61540;0
S20254;746;1;61540;61560;0
S20254;747;0;56115;56115;1
S20254;747;1;56235;56255;1
S20254;747;2;56255;56260;1
S20254;747;3;56260;56265;1
S20254;747;4;56265;56270;1
S20254;747;5;56270;56275;1
S20254;747;35;56275;56290;1
S20254;747;35;57980;58010;0
S20254;747;5;58010;58015;0
S20254;747;4;58015;58020;0
S20254;747;3;58020;58025;0
S20254;747;2;58025;58030;0
S20254;747;1;58030;58050;0
S20254;748;0;56130;56130;1
S20254;748;1;56155;56175;1
S20254;748;2;56175;56180;1
S20254;748;3;56180;56185;1
S20254;748;4;56185;56190;1
S20254;748;5;56190;56195;1
S20254;748;6;56195;56200;1
S20254;748;7;56200;56205;1
S20254;748;8;56205;56210;1
S20254;748;9;56210;56215;1
S20254;748;10;56215;56220;1
S20254;748;52;56220;56235;1
S20254;748;52;57300;57330;0
S20254;748;10;57330;57335;0
S20254;748;9;57335;57340;0
S20254;748;8;57340;57345;0
S20254;748;7;57345;57350;0
S20254;748;6;57350;57355;0
S20254;748;5;57355;57360;0
S20254;748;4;57360;57365;0
S20254;748;3;57365;57370;0
S20254;748;2;57370;57375;0
S20254;748;1;57375;57395;0
S20254;749;0;56430;56430;1
S20254;749;1;56430;56450;1
S20254;749;2;56450;56455;1
S20254;749;3;56455;56460;1
S20254;749;20;56460;56495;1
S20254;749;20;60410;60420;0
S20254;749;3;60420;60425;0
S20254;749;2;60425;60430;0
S20254;749;1;60430;60450;0
S20254;750;0;56540;56540;1
S20254;750;1;60480;60500;1
S20254;750;2;60500;60505;1
S20254;750;3;60505;60510;1
S20254;750;4;60510;60515;1
S20254;750;5;60515;60520;1
S20254;750;6;60520;60525;1
S20254;750;7;60525;60530;1
S20254;750;8;60530;60535;1
S20254;750;9;60535;60540;1
S20254;750;10;60540;60545;1
S20254;750;11;60545;60550;1
S20254;750;88;60550;60565;1
S20254;750;88;62710;62740;0
S20254;750;11;62740;62745;0
S20254;750;10;62745;62750;0
S20254;750;9;62750;62755;0
S20254;750;8;62755;62760;0
S20254;750;7;62760;62765;0
S20254;750;6;62765;62770;0
S20254;750;5;62770;62775;0
S20254;750;4;62775;62780;0
S20254;750;3;62780;62785;0
S20254;750;2;62785;62790;0
S20254;750;1;62790;62810;0
S20254;751;0;56700;56700;1
S20254;751;1;64815;64835;1
S20254;751;2;64835;64840;1
S20254;751;3;64840;64845;1
S20254;751;4;64845;64850;1
S20254;751;5;64850;64855;1
S20254;751;6;64855;64860;1
S20254;751;7;64860;64865;1
S20254;751;8;64865;64870;1
S20254;751;49;64870;64905;1
S20254;751;49;69720;69730;0
S20254;751;8;69730;69735;0
S20254;751;7;69735;69740;0
S20254;751;6;69740;69745;0
S20254;751;5;69745;69750;0
S20254;751;4;69750;69755;0
S20254;751;3;69755;69760;0
S20254;751;2;69760;69765;0
S20254;751;1;69765;69785;0
S20254;752;0;56815;56815;1
S20254;752;1;59950;59970;1
S20254;752;2;59970;59975;1
S20254;752;3;59975;59980;1
S20254;752;4;59980;59985;1
S20254;752;5;59985;59990;1
S20254;752;6;59990;59995;1
S20254;752;43;59995;60030;1
S20254;752;43;61775;61785;0
S20254;752;6;61785;61790;0
S20254;752;5;61790;61795;0
S20254;752;4;61795;61800;0
S20254;752;3;61800;61805;0
S20254;752;2;61805;61810;0
S20254;752;1;61810;61830;0
S20254;753;0;56830;56830;1
S20254;753;1;56930;56950;1
S20254;753;2;56950;56955;1
S20254;753;3;56955;56960;1
S20254;753;4;56960;56965;1
S20254;753;5;56965;56970;1
S20254;753;6;56970;56975;1
S20254;753;7;56975;56980;1
S20254;753;8;56980;56985;1
S20254;753;9;56985;56990;1
S20254;753;10;56990;56995;1
S20254;753;53;56995;57010;1
S20254;753;53;58560;58590;0
S20254;753;10;58590;58595;0
S20254;753;9;58595;58600;0
S20254;753;8;58600;58605;0
S20254;753;7;58605;58610;0
S20254;753;6;58610;58615;0
S20254;753;5;58615;58620;0
S20254;753;4;58620;58625;0
S20254;753;3;58625;58630;0
S20254;753;2;58630;58635;0
S20254;753;1;58635;58655;0
S20254;754;0;56865;56865;1
S20254;754;1;60560;60580;1
S20254;754;2;60580;60585;1
S20254;754;3;60585;60590;1
S20254;754;4;60590;60595;1
S20254;754;5;60595;60600;1
S20254;754;6;60600;60605;1
S20254;754;7;60605;60610;1
S20254;754;45;60610;60645;1
S20254;754;45;62125;62135;0
S20254;754;7;62135;62140;0
S20254;754;6;62140;62145;0
S20254;754;5;62145;62150;0
S20254;754;4;62150;62155;0
S20254;754;3;62155;62160;0
S20254;754;2;62160;62165;0
S20254;754;1;62165;62185;0
S20254;755;0;56920;56920;1
S20254;755;1;57525;57545;1
S20254;755;2;57545;57550;1
S20254;755;3;57550;57555;1
S20254;755;4;57555;57560;1
S20254;755;5;57560;57565;1
S20254;755;6;57565;57570;1
S20254;755;7;57570;57575;1
S20254;755;8;57575;57580;1
S20254;755;9;57580;57585;1
S20254;755;10;57585;57590;1
S20254;755;11;57590;57595;1
S20254;755;54;57595;57630;1
S20254;755;54;61515;61525;0
S20254;755;11;61525;61530;0
S20254;755;10;61530;61535;0
S20254;755;9;61535;61540;0
S20254;755;8;61540;61545;0
S20254;755;7;61545;61550;0
S20254;755;6;61550;61555;0
S20254;755;5;61555;61560;0
S20254;755;4;61560;61565;0
S20254;755;3;61565;61570;0
S20254;755;2;61570;61575;0
S20254;755;1;61575;61595;0
S20254;756;0;56940;56940;1
S20254;756;1;57200;57220;1
S20254;756;2;57220;57225;1
S20254;756;3;57225;57230;1
S20254;756;4;57230;57235;1
S20254;756;5;57235;57240;1
S20254;756;27;57240;57255;1
S20254;756;27;61725;61755;0
S20254;756;5;61755;61760;0
S20254;756;4;61760;61765;0
S20254;756;3;61765;61770;0
S20254;756;2;61770;61775;0
S20254;756;1;61775;61795;0
S20254;757;0;57060;57060;1
S20254;757;1;61925;61945;1
S20254;757;2;61945;61950;1
S20254;757;3;61950;61955;1
S20254;757;4;61955;61960;1
S20254;757;5;61960;61965;1
S20254;757;6;61965;61970;1
S20254;757;43;61970;62005;1
S20254;757;43;62810;62820;0
S20254;757;6;62820;62825;0
S20254;757;5;62825;62830;0
S20254;757;4;62830;62835;0
S20254;757;3;62835;62840;0
S20254;757;2;62840;62845;0
S20254;757;1;62845;62865;0
S20254;758;0;57120;57120;1
S20254;758;1;57695;57715;1
S20254;758;2;57715;57720;1
S20254;758;3;57720;57725;1
S20254;758;4;57725;57730;1
S20254;758;5;57730;57735;1
S20254;758;6;57735;57740;1
S20254;758;7;57740;57745;1
S20254;758;8;57745;57750;1
S20254;758;9;57750;57755;1
S20254;758;10;57755;57760;1
S20254;758;11;57760;57765;1
S20254;758;60;57765;57780;1
S20254;758;60;60225;60255;0
S20254;758;11;60255;60260;0
S20254;758;10;60260;60265;0
S20254;758;9;60265;60270;0
S20254;758;8;60270;60275;0
S20254;758;7;60275;60280;0
S20254;758;6;60280;60285;0
S20254;758;5;60285;60290;0
S20254;758;4;60290;60295;0
S20254;758;3;60295;60300;0
S20254;758;2;60300;60305;0
S20254;758;1;60305;60325;0
S20254;759;0;57240;57240;1
S20254;759;1;57240;57260;1
S20254;759;2;57260;57265;1
S20254;759;3;57265;57270;1
S20254;759;4;57270;57275;1
S20254;759;5;57275;57280;1
S20254;759;6;57280;57285;1
S20254;759;7;57285;57290;1
S20254;759;8;57290;57295;1
S20254;759;9;57295;57300;1
S20254;759;10;57300;57305;1
S20254;759;52;57305;57340;1
S20254;759;52;60355;60365;0
S20254;759;10;60365;60370;0
S20254;759;9;60370;60375;0
S20254;759;8;60375;60380;0
S20254;759;7;60380;60385;0
S20254;759;6;60385;60390;0
S20254;759;5;60390;60395;0
S20254;759;4;60395;60400;0
S20254;759;3;60400;60405;0
S20254;759;2;60405;60410;0
S20254;759;1;60410;60430;0
S20254;760;0;57505;57505;1
S20254;760;1;57505;57525;1
S20254;760;2;57525;57530;1
S20254;760;3;57530;57535;1
S20254;760;4;57535;57540;1
S20254;760;5;57540;57545;1
S20254;760;34;57545;57560;1
S20254;760;34;58800;58830;0
S20254;760;5;58830;58835;0
S20254;760;4;58835;58840;0
S20254;760;3;58840;58845;0
S20254;760;2;58845;58850;0
S20254;760;1;58850;58870;0
S20254;761;0;57540;57540;1
S20254;761;1;57540;57560;1
S20254;761;2;57560;57565;1
S20254;761;3;57565;57570;1
S20254;761;21;57570;57585;1
S20254;761;21;58375;58405;0
S20254;761;3;58405;58410;0
S20254;761;2;58410;58415;0
S20254;761;1;58415;58435;0
S20254;762;0;57605;57605;1
S20254;762;1;81620;81640;1
S20254;762;2;81640;81645;1
S20254;762;3;81645;81650;1
S20254;762;4;81650;81655;1
S20254;762;5;81655;81660;1
S20254;762;6;81660;81665;1
S20254;762;7;81665;81670;1
S20254;762;8;81670;81675;1
S20254;762;9;81675;81680;1
S20254;762;10;81680;81685;1
S20254;762;11;81685;81690;1
S20254;762;12;81690;81695;1
S20254;762;13;81695;81700;1
S20254;762;14;81700;81705;1
S20254;762;15;81705;81710;1
S20254;762;16;81710;81725;1
S20254;762;74;81725;81770;1
S20254;762;74;85150;85160;0
S20254;762;16;85160;85175;0
S20254;762;15;85175;85180;0
S20254;762;14;85180;85185;0
S20254;762;13;85185;85190;0
S20254;762;12;85190;85195;0
S20254;762;11;85195;85200;0
S20254;762;10;85200;85205;0
S20254;762;9;85205;85210;0
S20254;762;8;85210;85215;0
S20254;762;7;85215;85220;0
S20254;762;6;85220;85225;0
S20254;762;5;85225;85230;0
S20254;762;4;85230;85235;0
S20254;762;3;85235;85240;0
S20254;762;2;85240;85245;0
S20254;762;1;85245;85265;0
S20254;763;0;57610;57610;1
S20254;763;1;66745;66765;1
S20254;763;2;66765;66770;1
S20254;763;3;66770;66775;1
S20254;763;4;66775;66780;1
S20254;763;5;66780;66785;1
S20254;763;6;66785;66790;1
S20254;763;7;66790;66795;1
S20254;763;8;66795;66800;1
S20254;763;47;66800;66835;1
S20254;763;47;72200;72210;0
S20254;763;8;72210;72215;0
S20254;763;7;72215;72220;0
S20254;763;6;72220;72225;0
S20254;763;5;72225;72230;0
S20254;763;4;72230;72235;0
S20254;763;3;72235;72240;0
S20254;763;2;72240;72245;0
S20254;763;1;72245;72265;0
S20254;764;0;57620;57620;1
S20254;764;1;58145;58165;1
S20254;764;2;58165;58170;1
S20254;764;3;58170;58175;1
S20254;764;4;58175;58180;1
S20254;764;5;58180;58185;1
S20254;764;6;58185;58190;1
S20254;764;7;58190;58195;1
S20254;764;8;58195;58200;1
S20254;764;9;58200;58205;1
S20254;764;51;58205;58240;1
S20254;764;51;61180;61190;0
S20254;764;9;61190;61195;0
S20254;764;8;61195;61200;0
S20254;764;7;61200;61205;0
S20254;764;6;61205;61210;0
S20254;764;5;61210;61215;0
S20254;764;4;61215;61220;0
S20254;764;3;61220;61225;0
S20254;764;2;61225;61230;0
S20254;764;1;61230;61250;0
S20254;765;0;57640;57640;1
S20254;765;1;59405;59425;1
S20254;765;2;59425;59430;1
S20254;765;3;59430;59435;1
S20254;765;4;59435;59440;1
S20254;765;5;59440;59445;1
S20254;765;6;59445;59450;1
S20254;765;7;59450;59455;1
S20254;765;8;59455;59460;1
S20254;765;9;59460;59465;1
S20254;765;10;59465;59470;1
S20254;765;11;59470;59475;1
S20254;765;12;59475;59480;1
S20254;765;66;59480;59515;1
S20254;765;66;60630;60640;0
S20254;765;12;60640;60645;0
S20254;765;11;60645;60650;0
S20254;765;10;60650;60655;0
S20254;765;9;60655;60660;0
S20254;765;8;60660;60665;0
S20254;765;7;60665;60670;0
S20254;765;6;60670;60675;0
S20254;765;5;60675;60680;0
S20254;765;4;60680;60685;0
S20254;765;3;60685;60690;0
S20254;765;2;60690;60695;0
S20254;765;1;60695;60715;0
S20254;766;0;57680;57680;1
S20254;766;1;89895;89915;1
S20254;766;2;89915;89920;1
S20254;766;3;89920;89925;1
S20254;766;4;89925;89930;1
S20254;766;5;89930;89935;1
S20254;766;6;89935;89940;1
S20254;766;7;89940;89945;1
S20254;766;8;89945;89950;1
S20254;766;9;89950;89955;1
S20254;766;10;89955;89960;1
S20254;766;11;89960;89965;1
S20254;766;12;89965;89970;1
S20254;766;13;89970;89975;1
S20254;766;14;89975;89980;1
S20254;766;15;89980;89985;1
S20254;766;16;89985;90000;1
S20254;766;73;90000;90045;1
S20254;766;73;95875;95885;0
S20254;766;16;95885;95900;0
S20254;766;15;95900;95905;0
S20254;766;14;95905;95910;0
S20254;766;13;95910;95915;0
S20254;766;12;95915;95920;0
S20254;766;11;95920;95925;0
S20254;766;10;95925;95930;0
S20254;766;9;95930;95935;0
S20254;766;8;95935;95940;0
S20254;766;7;95940;95945;0
S20254;766;6;95945;95950;0
S20254;766;5;95950;95955;0
S20254;766;4;95955;95960;0
S20254;766;3;95960;95965;0
S20254;766;2;95965;95970;0
S20254;766;1;95970;95990;0
S20254;767;0;57805;57805;1
S20254;767;1;58175;58195;1
S20254;767;2;58195;58200;1
S20254;767;3;58200;58205;1
S20254;767;4;58205;58210;1
S20254;767;25;58210;58225;1
S20254;767;25;65260;65290;0
S20254;767;4;65290;65295;0
S20254;767;3;65295;65300;0
S20254;767;2;65300;65305;0
S20254;767;1;65305;65325;0
S20254;768;0;57810;57810;1
S20254;768;1;60960;60980;1
S20254;768;2;60980;60985;1
S20254;768;3;60985;60990;1
S20254;768;4;60990;60995;1
S20254;768;5;60995;61000;1
S20254;768;6;61000;61005;1
S20254;768;7;61005;61010;1
S20254;768;8;61010;61015;1
S20254;768;9;61015;61020;1
S20254;768;10;61020;61025;1
S20254;768;52;61025;61060;1
S20254;768;52;62455;62465;0
S20254;768;10;62465;62470;0
S20254;768;9;62470;62475;0
S20254;768;8;62475;62480;0
S20254;768;7;62480;62485;0
S20254;768;6;62485;62490;0
S20254;768;5;62490;62495;0
S20254;768;4;62495;62500;0
S20254;768;3;62500;62505;0
S20254;768;2;62505;62510;0
S20254;768;1;62510;62530;0
S20254;769;0;57840;57840;1
S20254;769;1;62060;62080;1
S20254;769;2;62080;62085;1
S20254;769;3;62085;62090;1
S20254;769;4;62090;62095;1
S20254;769;5;62095;62100;1
S20254;769;27;62100;62135;1
S20254;769;27;64970;64980;0
S20254;769;5;64980;64985;0
S20254;769;4;64985;64990;0
S20254;769;3;64990;64995;0
S20254;769;2;64995;65000;0
S20254;769;1;65000;65020;0
S20254;770;0;57900;57900;1
S20254;770;1;58295;58315;1
S20254;770;2;58315;58320;1
S20254;770;3;58320;58325;1
S20254;770;4;58325;58330;1
S20254;770;5;58330;58335;1
S20254;770;6;58335;58340;1
S20254;770;7;58340;58345;1
S20254;770;8;58345;58350;1
S20254;770;9;58350;58355;1
S20254;770;10;58355;58360;1
S20254;770;11;58360;58365;1
S20254;770;12;58365;58370;1
S20254;770;64;58370;58385;1
S20254;770;64;59790;59820;0
S20254;770;12;59820;59825;0
S20254;770;11;59825;59830;0
S20254;770;10;59830;59835;0
S20254;770;9;59835;59840;0
S20254;770;8;59840;59845;0
S20254;770;7;59845;59850;0
S20254;770;6;59850;59855;0
S20254;770;5;59855;59860;0
S20254;770;4;59860;59865;0
S20254;770;3;59865;59870;0
S20254;770;2;59870;59875;0
S20254;770;1;59875;59895;0
S20254;771;0;58020;58020;1
S20254;771;1;60495;60515;1
S20254;771;2;60515;60520;1
S20254;771;3;60520;60525;1
S20254;771;4;60525;60530;1
S20254;771;5;60530;60535;1
S20254;771;6;60535;60540;1
S20254;771;7;60540;60545;1
S20254;771;8;60545;60550;1
S20254;771;9;60550;60555;1
S20254;771;10;60555;60560;1
S20254;771;53;60560;60575;1
S20254;771;53;61775;61805;0
S20254;771;10;61805;61810;0
S20254;771;9;61810;61815;0
S20254;771;8;61815;61820;0
S20254;771;7;61820;61825;0
S20254;771;6;61825;61830;0
S20254;771;5;61830;61835;0
S20254;771;4;61835;61840;0
S20254;771;3;61840;61845;0
S20254;771;2;61845;61850;0
S20254;771;1;61850;61870;0
S20254;772;0;58290;58290;1
S20254;772;1;58520;58540;1
S20254;772;2;58540;58545;1
S20254;772;3;58545;58550;1
S20254;772;4;58550;58555;1
S20254;772;5;58555;58560;1
S20254;772;6;58560;58565;1
S20254;772;7;58565;58570;1
S20254;772;8;58570;58575;1
S20254;772;9;58575;58580;1
S20254;772;10;58580;58585;1
S20254;772;53;58585;58600;1
S20254;772;53;60370;60400;0
S20254;772;10;60400;60405;0
S20254;772;9;60405;60410;0
S20254;772;8;60410;60415;0
S20254;772;7;60415;60420;0
S20254;772;6;60420;60425;0
S20254;772;5;60425;60430;0
S20254;772;4;60430;60435;0
S20254;772;3;60435;60440;0
S20254;772;2;60440;60445;0
S20254;772;1;60445;60465;0
S20254;773;0;58300;58300;1
S20254;773;1;58335;58355;1
S20254;773;2;58355;58360;1
S20254;773;3;58360;58365;1
S20254;773;4;58365;58370;1
S20254;773;5;58370;58375;1
S20254;773;6;58375;58380;1
S20254;773;7;58380;58385;1
S20254;773;8;58385;58390;1
S20254;773;9;58390;58395;1
S20254;773;10;58395;58400;1
S20254;773;11;58400;58405;1
S20254;773;59;58405;58440;1
S20254;773;59;61190;61200;0
S20254;773;11;61200;61205;0
S20254;773;10;61205;61210;0
S20254;773;9;61210;61215;0
S20254;773;8;61215;61220;0
S20254;773;7;61220;61225;0
S20254;773;6;61225;61230;0
S20254;773;5;61230;61235;0
S20254;773;4;61235;61240;0
S20254;773;3;61240;61245;0
S20254;773;2;61245;61250;0
S20254;773;1;61250;61270;0
S20254;774;0;58320;58320;1
S20254;774;1;58320;58340;1
S20254;774;2;58340;58345;1
S20254;774;3;58345;58350;1
S20254;774;4;58350;58355;1
S20254;774;5;58355;58360;1
S20254;774;6;58360;58365;1
S20254;774;7;58365;58370;1
S20254;774;8;58370;58375;1
S20254;774;9;58375;58380;1
S20254;774;10;58380;58385;1
S20254;774;11;58385;58390;1
S20254;774;12;58390;58395;1
S20254;774;66;58395;58410;1
S20254;774;66;59510;59540;0
S20254;774;12;59540;59545;0
S20254;774;11;59545;59550;0
S20254;774;10;59550;59555;0
S20254;774;9;59555;59560;0
S20254;774;8;59560;59565;0
S20254;774;7;59565;59570;0
S20254;774;6;59570;59575;0
S20254;774;5;59575;59580;0
S20254;774;4;59580;59585;0
S20254;774;3;59585;59590;0
S20254;774;2;59590;59595;0
S20254;774;1;59595;59615;0
S20254;775;0;58395;58395;1
S20254;775;1;64150;64170;1
S20254;775;2;64170;64175;1
S20254;775;3;64175;64180;1
S20254;775;4;64180;64185;1
S20254;775;5;64185;64190;1
S20254;775;6;64190;64195;1
S20254;775;7;64195;64200;1
S20254;775;8;64200;64205;1
S20254;775;9;64205;64210;1
S20254;775;10;64210;64215;1
S20254;775;11;64215;64220;1
S20254;775;12;64220;64225;1
S20254;775;13;64225;64230;1
S20254;775;69;64230;64245;1
S20254;775;69;66950;66980;0
S20254;775;13;66980;66985;0
S20254;775;12;66985;66990;0
S20254;775;11;66990;66995;0
S20254;775;10;66995;67000;0
S20254;775;9;67000;67005;0
S20254;775;8;67005;67010;0
S20254;775;7;67010;67015;0
S20254;775;6;67015;67020;0
S20254;775;5;67020;67025;0
S20254;775;4;67025;67030;0
S20254;775;3;67030;67035;0
S20254;775;2;67035;67040;0
S20254;775;1;67040;67060;0
S20254;776;0;58620;58620;1
S20254;776;1;58710;58730;1
S20254;776;2;58730;58735;1
S20254;776;3;58735;58740;1
S20254;776;4;58740;58745;1
S20254;776;5;58745;58750;1
S20254;776;6;58750;58755;1
S20254;776;7;58755;58760;1
S20254;776;8;58760;58765;1
S20254;776;9;58765;58770;1
S20254;776;10;58770;58775;1
S20254;776;11;58775;58780;1
S20254;776;12;58780;58785;1
S20254;776;65;58785;58820;1
S20254;776;65;60645;60655;0
S20254;776;12;60655;60660;0
S20254;776;11;60660;60665;0
S20254;776;10;60665;60670;0
S20254;776;9;60670;60675;0
S20254;776;8;60675;60680;0
S20254;776;7;60680;60685;0
S20254;776;6;60685;60690;0
S20254;776;5;60690;60695;0
S20254;776;4;60695;60700;0
S20254;776;3;60700;60705;0
S20254;776;2;60705;60710;0
S20254;776;1;60710;60730;0
S20254;777;0;58620;58620;1
S20254;777;1;60930;60950;1
S20254;777;2;60950;60955;1
S20254;777;3;60955;60960;1
S20254;777;4;60960;60965;1
S20254;777;5;60965;60970;1
S20254;777;6;60970;60975;1
S20254;777;7;60975;60980;1
S20254;777;8;60980;60985;1
S20254;777;9;60985;60990;1
S20254;777;10;60990;60995;1
S20254;777;11;60995;61000;1
S20254;777;12;61000;61005;1
S20254;777;65;61005;61040;1
S20254;777;65;62650;62660;0
S20254;777;12;62660;62665;0
S20254;777;11;62665;62670;0
S20254;777;10;62670;62675;0
S20254;777;9;62675;62680;0
S20254;777;8;62680;62685;0
S20254;777;7;62685;62690;0
S20254;777;6;62690;62695;0
S20254;777;5;62695;62700;0
S20254;777;4;62700;62705;0
S20254;777;3;62705;62710;0
S20254;777;2;62710;62715;0
S20254;777;1;62715;62735;0
S20254;778;0;58620;58620;1
S20254;778;1;58725;58745;1
S20254;778;2;58745;58750;1
S20254;778;3;58750;58755;1
S20254;778;4;58755;58760;1
S20254;778;5;58760;58765;1
S20254;778;33;58765;58780;1
S20254;778;33;60730;60760;0
S20254;778;5;60760;60765;0
S20254;778;4;60765;60770;0
S20254;778;3;60770;60775;0
S20254;778;2;60775;60780;0
S20254;778;1;60780;60800;0
S20254;779;0;58670;58670;1
S20254;779;1;58755;58775;1
S20254;779;85;58775;58810;1
S20254;779;85;61750;61760;0
S20254;779;1;61760;61780;0
S20254;780;0;58810;58810;1
S20254;780;1;58930;58950;1
S20254;780;2;58950;58955;1
S20254;780;3;58955;58960;1
S20254;780;4;58960;58965;1
S20254;780;5;58965;58970;1
S20254;780;6;58970;58975;1
S20254;780;7;58975;58980;1
S20254;780;8;58980;58985;1
S20254;780;9;58985;58990;1
S20254;780;10;58990;58995;1
S20254;780;11;58995;59000;1
S20254;780;12;59000;59005;1
S20254;780;13;59005;59010;1
S20254;780;68;59010;59025;1
S20254;780;68;60150;60180;0
S20254;780;13;60180;60185;0
S20254;780;12;60185;60190;0
S20254;780;11;60190;60195;0
S20254;780;10;60195;60200;0
S20254;780;9;60200;60205;0
S20254;780;8;60205;60210;0
S20254;780;7;60210;60215;0
S20254;780;6;60215;60220;0
S20254;780;5;60220;60225;0
S20254;780;4;60225;60230;0
S20254;780;3;60230;60235;0
S20254;780;2;60235;60240;0
S20254;780;1;60240;60260;0
S20254;781;0;58885;58885;1
S20254;781;1;72085;72105;1
S20254;781;2;72105;72110;1
S20254;781;3;72110;72115;1
S20254;781;4;72115;72120;1
S20254;781;5;72120;72125;1
S20254;781;6;72125;72130;1
S20254;781;7;72130;72135;1
S20254;781;8;72135;72140;1
S20254;781;9;72140;72145;1
S20254;781;10;72145;72150;1
S20254;781;11;72150;72155;1
S20254;781;12;72155;72160;1
S20254;781;13;72160;72165;1
S20254;781;14;72165;72170;1
S20254;781;15;72170;72175;1
S20254;781;16;72175;72190;1
S20254;781;74;72190;72205;1
S20254;781;74;76365;76405;0
S20254;781;16;76405;76420;0
S20254;781;15;76420;76425;0
S20254;781;14;76425;76430;0
S20254;781;13;76430;76435;0
S20254;781;12;76435;76440;0
S20254;781;11;76440;76445;0
S20254;781;10;76445;76450;0
S20254;781;9;76450;76455;0
S20254;781;8;76455;76460;0
S20254;781;7;76460;76465;0
S20254;781;6;76465;76470;0
S20254;781;5;76470;76475;0
S20254;781;4;76475;76480;0
S20254;781;3;76480;76485;0
S20254;781;2;76485;76490;0
S20254;781;1;76490;76510;0
S20254;782;0;59140;59140;1
S20254;782;1;59235;59255;1
S20254;782;2;59255;59260;1
S20254;782;3;59260;59265;1
S20254;782;4;59265;59270;1
S20254;782;5;59270;59275;1
S20254;782;36;59275;59290;1
S20254;782;36;60630;60660;0
S20254;782;5;60660;60665;0
S20254;782;4;60665;60670;0
S20254;782;3;60670;60675;0
S20254;782;2;60675;60680;0
S20254;782;1;60680;60700;0
S20254;783;0;59160;59160;1
S20254;783;1;80205;80225;1
S20254;783;2;80225;80230;1
S20254;783;3;80230;80235;1
S20254;783;4;80235;80240;1
S20254;783;5;80240;80245;1
S20254;783;6;80245;80250;1
S20254;783;7;80250;80255;1
S20254;783;46;80255;80290;1
S20254;783;46;84290;84300;0
S20254;783;7;84300;84305;0
S20254;783;6;84305;84310;0
S20254;783;5;84310;84315;0
S20254;783;4;84315;84320;0
S20254;783;3;84320;84325;0
S20254;783;2;84325;84330;0
S20254;783;1;84330;84350;0
S20254;784;0;59190;59190;1
S20254;784;1;76215;76235;1
S20254;784;2;76235;76240;1
S20254;784;3;76240;76245;1
S20254;784;4;76245;76250;1
S20254;784;26;76250;76285;1
S20254;784;26;80080;80090;0
S20254;784;4;80090;80095;0
S20254;784;3;80095;80100;0
S20254;784;2;80100;80105;0
S20254;784;1;80105;80125;0
S20254;785;0;59220;59220;1
S20254;785;1;79850;79870;1
S20254;785;2;79870;79875;1
S20254;785;3;79875;79880;1
S20254;785;4;79880;79885;1
S20254;785;5;79885;79890;1
S20254;785;6;79890;79895;1
S20254;785;40;79895;79930;1
S20254;785;40;80515;80525;0
S20254;785;6;80525;80530;0
S20254;785;5;80530;80535;0
S20254;785;4;80535;80540;0
S20254;785;3;80540;80545;0
S20254;785;2;80545;80550;0
S20254;785;1;80550;80570;0
S20254;786;0;59355;59355;1
S20254;786;1;59355;59375;1
S20254;786;2;59375;59380;1
S20254;786;3;59380;59385;1
S20254;786;4;59385;59390;1
S20254;786;5;59390;59395;1
S20254;786;6;59395;59400;1
S20254;786;7;59400;59405;1
S20254;786;8;59405;59410;1
S20254;786;9;59410;59415;1
S20254;786;10;59415;59420;1
S20254;786;11;59420;59425;1
S20254;786;62;59425;59440;1
S20254;786;62;64520;64550;0
S20254;786;11;64550;64555;0
S20254;786;10;64555;64560;0
S20254;786;9;64560;64565;0
S20254;786;8;64565;64570;0
S20254;786;7;64570;64575;0
S20254;786;6;64575;64580;0
S20254;786;5;64580;64585;0
S20254;786;4;64585;64590;0
S20254;786;3;64590;64595;0
S20254;786;2;64595;64600;0
S20254;786;1;64600;64620;0
S20254;787;0;59400;59400;1
S20254;787;1;61910;61930;1
S20254;787;2;61930;61935;1
S20254;787;3;61935;61940;1
S20254;787;4;61940;61945;1
S20254;787;5;61945;61950;1
S20254;787;6;61950;61955;1
S20254;787;7;61955;61960;1
S20254;787;8;61960;61965;1
S20254;787;9;61965;61970;1
S20254;787;10;61970;61975;1
S20254;787;11;61975;61980;1
S20254;787;58;61980;61995;1
S20254;787;58;66225;66255;0
S20254;787;11;66255;66260;0
S20254;787;10;66260;66265;0
S20254;787;9;66265;66270;0
S20254;787;8;66270;66275;0
S20254;787;7;66275;66280;0
S20254;787;6;66280;66285;0
S20254;787;5;66285;66290;0
S20254;787;4;66290;66295;0
S20254;787;3;66295;66300;0
S20254;787;2;66300;66305;0
S20254;787;1;66305;66325;0
S20254;788;0;59420;59420;1
S20254;788;1;59420;59440;1
S20254;788;2;59440;59445;1
S20254;788;3;59445;59450;1
S20254;788;4;59450;59455;1
S20254;788;5;59455;59460;1
S20254;788;6;59460;59465;1
S20254;788;40;59465;59500;1
S20254;788;40;60335;60365;0
S20254;788;6;60365;60370;0
S20254;788;5;60370;60375;0
S20254;788;4;60375;60380;0
S20254;788;3;60380;60385;0
S20254;788;2;60385;60390;0
S20254;788;1;60390;60410;0
S20254;789;0;59460;59460;1
S20254;789;1;59460;59480;1
S20254;789;2;59480;59485;1
S20254;789;3;59485;59490;1
S20254;789;4;59490;59495;1
S20254;789;5;59495;59500;1
S20254;789;6;59500;59505;1
S20254;789;7;59505;59510;1
S20254;789;46;59510;59545;1
S20254;789;46;59870;59880;0
S20254;789;7;59880;59885;0
S20254;789;6;59885;59890;0
S20254;789;5;59890;59895;0
S20254;789;4;59895;59900;0
S20254;789;3;59900;59905;0
S20254;789;2;59905;59910;0
S20254;789;1;59910;59930;0
S20254;790;0;59480;59480;1
S20254;790;1;59480;59500;1
S20254;790;2;59500;59505;1
S20254;790;3;59505;59510;1
S20254;790;4;59510;59515;1
S20254;790;5;59515;59520;1
S20254;790;6;59520;59525;1
S20254;790;38;59525;59560;1
S20254;790;38;60190;60200;0
S20254;790;6;60200;60205;0
S20254;790;5;60205;60210;0
S20254;790;4;60210;60215;0
S20254;790;3;60215;60220;0
S20254;790;2;60220;60225;0
S20254;790;1;60225;60245;0
S20254;791;0;59545;59545;1
S20254;791;1;63615;63635;1
S20254;791;2;63635;63640;1
S20254;791;3;63640;63645;1
S20254;791;4;63645;63650;1
S20254;791;5;63650;63655;1
S20254;791;6;63655;63660;1
S20254;791;7;63660;63665;1
S20254;791;8;63665;63670;1
S20254;791;9;63670;63675;1
S20254;791;50;63675;63710;1
S20254;791;50;66465;66475;0
S20254;791;9;66475;66480;0
S20254;791;8;66480;66485;0
S20254;791;7;66485;66490;0
S20254;791;6;66490;66495;0
S20254;791;5;66495;66500;0
S20254;791;4;66500;66505;0
S20254;791;3;66505;66510;0
S20254;791;2;66510;66515;0
S20254;791;1;66515;66535;0
S20254;792;0;59625;59625;1
S20254;792;1;63460;63480;1
S20254;792;2;63480;63485;1
S20254;792;3;63485;63490;1
S20254;792;19;63490;63525;1
S20254;792;19;67425;67435;0
S20254;792;3;67435;67440;0
S20254;792;2;67440;67445;0
S20254;792;1;67445;67465;0
S20254;793;0;59680;59680;1
S20254;793;1;114300;114320;1
S20254;793;2;114320;114325;1
S20254;793;3;114325;114330;1
S20254;793;4;114330;114335;1
S20254;793;23;114335;114370;1
S20254;793;23;120095;120105;0
S20254;793;4;120105;120110;0
S20254;793;3;120110;120115;0
S20254;793;2;120115;120120;0
S20254;793;1;120120;120140;0
S20254;794;0;59730;59730;1
S20254;794;1;68085;68105;1
S20254;794;2;68105;68110;1
S20254;794;3;68110;68115;1
S20254;794;4;68115;68120;1
S20254;794;5;68120;68125;1
S20254;794;6;68125;68130;1
S20254;794;7;68130;68135;1
S20254;794;45;68135;68170;1
S20254;794;45;69710;69720;0
S20254;794;7;69720;69725;0
S20254;794;6;69725;69730;0
S20254;794;5;69730;69735;0
S20254;794;4;69735;69740;0
S20254;794;3;69740;69745;0
S20254;794;2;69745;69750;0
S20254;794;1;69750;69770;0
S20254;795;0;59760;59760;1
S20254;795;1;62255;62275;1
S20254;795;2;62275;62280;1
S20254;795;3;62280;62285;1
S20254;795;4;62285;62290;1
S20254;795;5;62290;62295;1
S20254;795;6;62295;62300;1
S20254;795;7;62300;62305;1
S20254;795;45;62305;62340;1
S20254;795;45;64295;64305;0
S20254;795;7;64305;64310;0
S20254;795;6;64310;64315;0
S20254;795;5;64315;64320;0
S20254;795;4;64320;64325;0
S20254;795;3;64325;64330;0
S20254;795;2;64330;64335;0
S20254;795;1;64335;64355;0
S20254;796;0;59760;59760;1
S20254;796;1;59760;59780;1
S20254;796;2;59780;59785;1
S20254;796;3;59785;59790;1
S20254;796;4;59790;59795;1
S20254;796;5;59795;59800;1
S20254;796;35;59800;59815;1
S20254;796;35;60140;60170;0
S20254;796;5;60170;60175;0
S20254;796;4;60175;60180;0
S20254;796;3;60180;60185;0
S20254;796;2;60185;60190;0
S20254;796;1;60190;60210;0
S20254;797;0;59780;59780;1
S20254;797;1;70620;70640;1
S20254;797;2;70640;70645;1
S20254;797;3;70645;70650;1
S20254;797;4;70650;70655;1
S20254;797;5;70655;70660;1
S20254;797;28;70660;70675;1
S20254;797;28;76770;76800;0
S20254;797;5;76800;76805;0
S20254;797;4;76805;76810;0
S20254;797;3;76810;76815;0
S20254;797;2;76815;76820;0
S20254;797;1;76820;76840;0
S20254;798;0;59820;59820;1
S20254;798;1;62015;62035;1
S20254;798;2;62035;62040;1
S20254;798;3;62040;62045;1
S20254;798;4;62045;62050;1
S20254;798;5;62050;62055;1
S20254;798;6;62055;62060;1
S20254;798;7;62060;62065;1
S20254;798;8;62065;62070;1
S20254;798;9;62070;62075;1
S20254;798;10;62075;62080;1
S20254;798;11;62080;62085;1
S20254;798;59;62085;62100;1
S20254;798;59;69245;69275;0
S20254;798;11;69275;69280;0
S20254;798;10;69280;69285;0
S20254;798;9;69285;69290;0
S20254;798;8;69290;69295;0
S20254;798;7;69295;69300;0
S20254;798;6;69300;69305;0
S20254;798;5;69305;69310;0
S20254;798;4;69310;69315;0
S20254;798;3;69315;69320;0
S20254;798;2;69320;69325;0
S20254;798;1;69325;69345;0
S20254;799;0;59880;59880;1
S20254;799;1;59935;59955;1
S20254;799;2;59955;59960;1
S20254;799;3;59960;59965;1
S20254;799;4;59965;59970;1
S20254;799;5;59970;59975;1
S20254;799;6;59975;59980;1
S20254;799;7;59980;59985;1
S20254;799;8;59985;59990;1
S20254;799;9;59990;59995;1
S20254;799;10;59995;60000;1
S20254;799;11;60000;60005;1
S20254;799;12;60005;60010;1
S20254;799;64;60010;60045;1
S20254;799;64;61725;61735;0
S20254;799;12;61735;61740;0
S20254;799;11;61740;61745;0
S20254;799;10;61745;61750;0
S20254;799;9;61750;61755;0
S20254;799;8;61755;61760;0
S20254;799;7;61760;61765;0
S20254;799;6;61765;61770;0
S20254;799;5;61770;61775;0
S20254;799;4;61775;61780;0
S20254;799;3;61780;61785;0
S20254;799;2;61785;61790;0
S20254;799;1;61790;61810;0
S20254;800;0;59975;59975;1
S20254;800;1;62905;62925;1
S20254;800;2;62925;62930;1
S20254;800;3;62930;62935;1
S20254;800;4;62935;62940;1
S20254;800;5;62940;62945;1
S20254;800;6;62945;62950;1
S20254;800;7;62950;62955;1
S20254;800;8;62955;62960;1
S20254;800;9;62960;62965;1
S20254;800;10;62965;62970;1
S20254;800;11;62970;62975;1
S20254;800;88;62975;62990;1
S20254;800;88;64485;64515;0
S20254;800;11;64515;64520;0
S20254;800;10;64520;64525;0
S20254;800;9;64525;64530;0
S20254;800;8;64530;64535;0
S20254;800;7;64535;64540;0
S20254;800;6;64540;64545;0
S20254;800;5;64545;64550;0
S20254;800;4;64550;64555;0
S20254;800;3;64555;64560;0
S20254;800;2;64560;64565;0
S20254;800;1;64565;64585;0
S20254;801;0;60180;60180;1
S20254;801;1;60545;60565;1
S20254;801;2;60565;60570;1
S20254;801;3;60570;60575;1
S20254;801;4;60575;60580;1
S20254;801;5;60580;60585;1
S20254;801;6;60585;60590;1
S20254;801;7;60590;60595;1
S20254;801;8;60595;60600;1
S20254;801;9;60600;60605;1
S20254;801;10;60605;60610;1
S20254;801;11;60610;60615;1
S20254;801;12;60615;60620;1
S20254;801;66;60620;60635;1
S20254;801;66;61800;61830;0
S20254;801;12;61830;61835;0
S20254;801;11;61835;61840;0
S20254;801;10;61840;61845;0
S20254;801;9;61845;61850;0
S20254;801;8;61850;61855;0
S20254;801;7;61855;61860;0
S20254;801;6;61860;61865;0
S20254;801;5;61865;61870;0
S20254;801;4;61870;61875;0
S20254;801;3;61875;61880;0
S20254;801;2;61880;61885;0
S20254;801;1;61885;61905;0
S20254;802;0;60360;60360;1
S20254;802;1;61005;61025;1
S20254;802;2;61025;61030;1
S20254;802;3;61030;61035;1
S20254;802;4;61035;61040;1
S20254;802;5;61040;61045;1
S20254;802;34;61045;61060;1
S20254;802;34;63195;63225;0
S20254;802;5;63225;63230;0
S20254;802;4;63230;63235;0
S20254;802;3;63235;63240;0
S20254;802;2;63240;63245;0
S20254;802;1;63245;63265;0
S20254;803;0;60375;60375;1
S20254;803;1;65335;65355;1
S20254;803;2;65355;65360;1
S20254;803;3;65360;65365;1
S20254;803;4;65365;65370;1
S20254;803;25;65370;65385;1
S20254;803;25;70820;70850;0
S20254;803;4;70850;70855;0
S20254;803;3;70855;70860;0
S20254;803;2;70860;70865;0
S20254;803;1;70865;70885;0
S20254;804;0;60450;60450;1
S20254;804;1;65790;65810;1
S20254;804;2;65810;65815;1
S20254;804;3;65815;65820;1
S20254;804;4;65820;65825;1
S20254;804;5;65825;65830;1
S20254;804;6;65830;65835;1
S20254;804;7;65835;65840;1
S20254;804;8;65840;65845;1
S20254;804;9;65845;65850;1
S20254;804;10;65850;65855;1
S20254;804;11;65855;65860;1
S20254;804;12;65860;65865;1
S20254;804;13;65865;65870;1
S20254;804;70;65870;65905;1
S20254;804;70;69340;69350;0
S20254;804;13;69350;69355;0
S20254;804;12;69355;69360;0
S20254;804;11;69360;69365;0
S20254;804;10;69365;69370;0
S20254;804;9;69370;69375;0
S20254;804;8;69375;69380;0
S20254;804;7;69380;69385;0
S20254;804;6;69385;69390;0
S20254;804;5;69390;69395;0
S20254;804;4;69395;69400;0
S20254;804;3;69400;69405;0
S20254;804;2;69405;69410;0
S20254;804;1;69410;69430;0
S20254;805;0;60460;60460;1
S20254;805;1;60510;60530;1
S20254;805;2;60530;60535;1
S20254;805;3;60535;60540;1
S20254;805;4;60540;60545;1
S20254;805;5;60545;60550;1
S20254;805;34;60550;60565;1
S20254;805;34;61040;61070;0
S20254;805;5;61070;61075;0
S20254;805;4;61075;61080;0
S20254;805;3;61080;61085;0
S20254;805;2;61085;61090;0
S20254;805;1;61090;61110;0
S20254;806;0;60485;60485;1
S20254;806;1;93800;93820;1
S20254;806;2;93820;93825;1
S20254;806;3;93825;93830;1
S20254;806;4;93830;93835;1
S20254;806;5;93835;93840;1
S20254;806;6;93840;93845;1
S20254;806;7;93845;93850;1
S20254;806;8;93850;93855;1
S20254;806;9;93855;93860;1
S20254;806;10;93860;93865;1
S20254;806;11;93865;93870;1
S20254;806;12;93870;93875;1
S20254;806;13;93875;93880;1
S20254;806;14;93880;93885;1
S20254;806;15;93885;93890;1
S20254;806;16;93890;93905;1
S20254;806;74;93905;93950;1
S20254;806;74;99085;99095;0
S20254;806;16;99095;99110;0
S20254;806;15;99110;99115;0
S20254;806;14;99115;99120;0
S20254;806;13;99120;99125;0
S20254;806;12;99125;99130;0
S20254;806;11;99130;99135;0
S20254;806;10;99135;99140;0
S20254;806;9;99140;99145;0
S20254;806;8;99145;99150;0
S20254;806;7;99150;99155;0
S20254;806;6;99155;99160;0
S20254;806;5;99160;99165;0
S20254;806;4;99165;99170;0
S20254;806;3;99170;99175;0
S20254;806;2;99175;99180;0
S20254;806;1;99180;99200;0
S20254;807;0;60525;60525;1
S20254;807;1;62550;62570;1
S20254;807;2;62570;62575;1
S20254;807;3;62575;62580;1
S20254;807;4;62580;62585;1
S20254;807;5;62585;62590;1
S20254;807;6;62590;62595;1
S20254;807;7;62595;62600;1
S20254;807;8;62600;62605;1
S20254;807;9;62605;62610;1
S20254;807;10;62610;62615;1
S20254;807;11;62615;62620;1
S20254;807;12;62620;62625;1
S20254;807;65;62625;62660;1
S20254;807;65;64235;64245;0
S20254;807;12;64245;64250;0
S20254;807;11;64250;64255;0
S20254;807;10;64255;64260;0
S20254;807;9;64260;64265;0
S20254;807;8;64265;64270;0
S20254;807;7;64270;64275;0
S20254;807;6;64275;64280;0
S20254;807;5;64280;64285;0
S20254;807;4;64285;64290;0
S20254;807;3;64290;64295;0
S20254;807;2;64295;64300;0
S20254;807;1;64300;64320;0
S20254;808;0;60700;60700;1
S20254;808;1;60755;60775;1
S20254;808;2;60775;60780;1
S20254;808;3;60780;60785;1
S20254;808;4;60785;60790;1
S20254;808;5;60790;60795;1
S20254;808;6;60795;60800;1
S20254;808;7;60800;60805;1
S20254;808;8;60805;60810;1
S20254;808;9;60810;60815;1
S20254;808;10;60815;60820;1
S20254;808;11;60820;60825;1
S20254;808;57;60825;60840;1
S20254;808;57;67465;67495;0
S20254;808;11;67495;67500;0
S20254;808;10;67500;67505;0
S20254;808;9;67505;67510;0
S20254;808;8;67510;67515;0
S20254;808;7;67515;67520;0
S20254;808;6;67520;67525;0
S20254;808;5;67525;67530;0
S20254;808;4;67530;67535;0
S20254;808;3;67535;67540;0
S20254;808;2;67540;67545;0
S20254;808;1;67545;67565;0
S20254;809;0;60780;60780;1
S20254;809;1;60945;60965;1
S20254;809;2;60965;60970;1
S20254;809;3;60970;60975;1
S20254;809;4;60975;60980;1
S20254;809;5;60980;60985;1
S20254;809;6;60985;60990;1
S20254;809;7;60990;60995;1
S20254;809;8;60995;61000;1
S20254;809;9;61000;61005;1
S20254;809;10;61005;61010;1
S20254;809;11;61010;61015;1
S20254;809;60;61015;61030;1
S20254;809;60;62745;62775;0
S20254;809;11;62775;62780;0
S20254;809;10;62780;62785;0
S20254;809;9;62785;62790;0
S20254;809;8;62790;62795;0
S20254;809;7;62795;62800;0
S20254;809;6;62800;62805;0
S20254;809;5;62805;62810;0
S20254;809;4;62810;62815;0
S20254;809;3;62815;62820;0
S20254;809;2;62820;62825;0
S20254;809;1;62825;62845;0
S20254;810;0;60810;60810;1
S20254;810;1;60810;60830;1
S20254;810;2;60830;60835;1
S20254;810;3;60835;60840;1
S20254;810;4;60840;60845;1
S20254;810;5;60845;60850;1
S20254;810;6;60850;60855;1
S20254;810;7;60855;60860;1
S20254;810;8;60860;60865;1
S20254;810;9;60865;60870;1
S20254;810;10;60870;60875;1
S20254;810;11;60875;60880;1
S20254;810;61;60880;60895;1
S20254;810;61;62675;62705;0
S20254;810;11;62705;62710;0
S20254;810;10;62710;62715;0
S20254;810;9;62715;62720;0
S20254;810;8;62720;62725;0
S20254;810;7;62725;62730;0
S20254;810;6;62730;62735;0
S20254;810;5;62735;62740;0
S20254;810;4;62740;62745;0
S20254;810;3;62745;62750;0
S20254;810;2;62750;62755;0
S20254;810;1;62755;62775;0
S20254;811;0;60825;60825;1
S20254;811;1;60915;60935;1
S20254;811;2;60935;60940;1
S20254;811;3;60940;60945;1
S20254;811;4;60945;60950;1
S20254;811;5;60950;60955;1
S20254;811;6;60955;60960;1
S20254;811;7;60960;60965;1
S20254;811;8;60965;60970;1
S20254;811;9;60970;60975;1
S20254;811;10;60975;60980;1
S20254;811;11;60980;60985;1
S20254;811;12;60985;60990;1
S20254;811;13;60990;60995;1
S20254;811;69;60995;61030;1
S20254;811;69;63995;64005;0
S20254;811;13;64005;64010;0
S20254;811;12;64010;64015;0
S20254;811;11;64015;64020;0
S20254;811;10;64020;64025;0
S20254;811;9;64025;64030;0
S20254;811;8;64030;64035;0
S20254;811;7;64035;64040;0
S20254;811;6;64040;64045;0
S20254;811;5;64045;64050;0
S20254;811;4;64050;64055;0
S20254;811;3;64055;64060;0
S20254;811;2;64060;64065;0
S20254;811;1;64065;64085;0
S20254;812;0;60850;60850;1
S20254;812;1;60890;60910;1
S20254;812;2;60910;60915;1
S20254;812;3;60915;60920;1
S20254;812;4;60920;60925;1
S20254;812;5;60925;60930;1
S20254;812;35;60930;60945;1
S20254;812;35;62170;62200;0
S20254;812;5;62200;62205;0
S20254;812;4;62205;62210;0
S20254;812;3;62210;62215;0
S20254;812;2;62215;62220;0
S20254;812;1;62220;62240;0
S20254;813;0;60870;60870;1
S20254;813;1;60875;60895;1
S20254;813;2;60895;60900;1
S20254;813;3;60900;60905;1
S20254;813;4;60905;60910;1
S20254;813;5;60910;60915;1
S20254;813;6;60915;60920;1
S20254;813;39;60920;60955;1
S20254;813;39;61680;61690;0
S20254;813;6;61690;61695;0
S20254;813;5;61695;61700;0
S20254;813;4;61700;61705;0
S20254;813;3;61705;61710;0
S20254;813;2;61710;61715;0
S20254;813;1;61715;61735;0
S20254;814;0;61025;61025;1
S20254;814;1;61025;61045;1
S20254;814;83;61045;61080;1
S20254;814;83;63325;63335;0
S20254;814;1;63335;63355;0
S20254;815;0;61055;61055;1
S20254;815;1;61145;61165;1
S20254;815;2;61165;61170;1
S20254;815;3;61170;61175;1
S20254;815;20;61175;61210;1
S20254;815;20;64620;64630;0
S20254;815;3;64630;64635;0
S20254;815;2;64635;64640;0
S20254;815;1;64640;64660;0
S20254;816;0;61060;61060;1
S20254;816;1;61130;61150;1
S20254;816;2;61150;61155;1
S20254;816;3;61155;61160;1
S20254;816;4;61160;61165;1
S20254;816;5;61165;61170;1
S20254;816;36;61170;61185;1
S20254;816;36;62985;63015;0
S20254;816;5;63015;63020;0
S20254;816;4;63020;63025;0
S20254;816;3;63025;63030;0
S20254;816;2;63030;63035;0
S20254;816;1;63035;63055;0
S20254;817;0;61065;61065;1
S20254;817;1;68190;68210;1
S20254;817;2;68210;68215;1
S20254;817;3;68215;68220;1
S20254;817;4;68220;68225;1
S20254;817;5;68225;68230;1
S20254;817;6;68230;68235;1
S20254;817;7;68235;68240;1
S20254;817;8;68240;68245;1
S20254;817;9;68245;68250;1
S20254;817;10;68250;68255;1
S20254;817;11;68255;68260;1
S20254;817;12;68260;68265;1
S20254;817;13;68265;68270;1
S20254;817;69;68270;68305;1
S20254;817;69;70440;70450;0
S20254;817;13;70450;70455;0
S20254;817;12;70455;70460;0
S20254;817;11;70460;70465;0
S20254;817;10;70465;70470;0
S20254;817;9;70470;70475;0
S20254;817;8;70475;70480;0
S20254;817;7;70480;70485;0
S20254;817;6;70485;70490;0
S20254;817;5;70490;70495;0
S20254;817;4;70495;70500;0
S20254;817;3;70500;70505;0
S20254;817;2;70505;70510;0
S20254;817;1;70510;70530;0
S20254;818;0;61175;61175;1
S20254;818;1;67215;67235;1
S20254;818;2;67235;67240;1
S20254;818;3;67240;67245;1
S20254;818;4;67245;67250;1
S20254;818;5;67250;67255;1
S20254;818;31;67255;67290;1
S20254;818;31;71280;71290;0
S20254;818;5;71290;71295;0
S20254;818;4;71295;71300;0
S20254;818;3;71300;71305;0
S20254;818;2;71305;71310;0
S20254;818;1;71310;71330;0
S20254;819;0;61230;61230;1
S20254;819;1;65080;65100;1
S20254;819;2;65100;65105;1
S20254;819;3;65105;65110;1
S20254;819;4;65110;65115;1
S20254;819;5;65115;65120;1
S20254;819;27;65120;65135;1
S20254;819;27;68970;69000;0
S20254;819;5;69000;69005;0
S20254;819;4;69005;69010;0
S20254;819;3;69010;69015;0
S20254;819;2;69015;69020;0
S20254;819;1;69020;69040;0
S20254;820;0;61290;61290;1
S20254;820;1;61290;61310;1
S20254;820;2;61310;61315;1
S20254;820;3;61315;61320;1
S20254;820;4;61320;61325;1
S20254;820;5;61325;61330;1
S20254;820;28;61330;61365;1
S20254;820;28;62745;62755;0
S20254;820;5;62755;62760;0
S20254;820;4;62760;62765;0
S20254;820;3;62765;62770;0
S20254;820;2;62770;62775;0
S20254;820;1;62775;62795;0
S20254;821;0;61320;61320;1
S20254;821;1;61620;61640;1
S20254;821;2;61640;61645;1
S20254;821;3;61645;61650;1
S20254;821;4;61650;61655;1
S20254;821;5;61655;61660;1
S20254;821;6;61660;61665;1
S20254;821;7;61665;61670;1
S20254;821;8;61670;61675;1
S20254;821;9;61675;61680;1
S20254;821;10;61680;61685;1
S20254;821;11;61685;61690;1
S20254;821;12;61690;61695;1
S20254;821;64;61695;61730;1
S20254;821;64;63500;63510;0
S20254;821;12;63510;63515;0
S20254;821;11;63515;63520;0
S20254;821;10;63520;63525;0
S20254;821;9;63525;63530;0
S20254;821;8;63530;63535;0
S20254;821;7;63535;63540;0
S20254;821;6;63540;63545;0
S20254;821;5;63545;63550;0
S20254;821;4;63550;63555;0
S20254;821;3;63555;63560;0
S20254;821;2;63560;63565;0
S20254;821;1;63565;63585;0
S20254;822;0;61380;61380;1
S20254;822;1;62045;62065;1
S20254;822;2;62065;62070;1
S20254;822;3;62070;62075;1
S20254;822;4;62075;62080;1
S20254;822;5;62080;62085;1
S20254;822;6;62085;62090;1
S20254;822;42;62090;62105;1
S20254;822;42;66400;66430;0
S20254;822;6;66430;66435;0
S20254;822;5;66435;66440;0
S20254;822;4;66440;66445;0
S20254;822;3;66445;66450;0
S20254;822;2;66450;66455;0
S20254;822;1;66455;66475;0
S20254;823;0;61690;61690;1
S20254;823;1;61960;61980;1
S20254;823;2;61980;61985;1
S20254;823;3;61985;61990;1
S20254;823;4;61990;61995;1
S20254;823;5;61995;62000;1
S20254;823;31;62000;62035;1
S20254;823;31;67125;67135;0
S20254;823;5;67135;67140;0
S20254;823;4;67140;67145;0
S20254;823;3;67145;67150;0
S20254;823;2;67150;67155;0
S20254;823;1;67155;67175;0
S20254;824;0;61790;61790;1
S20254;824;1;62380;62400;1
S20254;824;2;62400;62405;1
S20254;824;3;62405;62410;1
S20254;824;4;62410;62415;1
S20254;824;5;62415;62420;1
S20254;824;6;62420;62425;1
S20254;824;7;62425;62430;1
S20254;824;8;62430;62435;1
S20254;824;9;62435;62440;1
S20254;824;10;62440;62445;1
S20254;824;52;62445;62460;1
S20254;824;52;64615;64645;0
S20254;824;10;64645;64650;0
S20254;824;9;64650;64655;0
S20254;824;8;64655;64660;0
S20254;824;7;64660;64665;0
S20254;824;6;64665;64670;0
S20254;824;5;64670;64675;0
S20254;824;4;64675;64680;0
S20254;824;3;64680;64685;0
S20254;824;2;64685;64690;0
S20254;824;1;64690;64710;0
S20254;825;0;61890;61890;1
S20254;825;1;64130;64150;1
S20254;825;2;64150;64155;1
S20254;825;3;64155;64160;1
S20254;825;4;64160;64165;1
S20254;825;5;64165;64170;1
S20254;825;6;64170;64175;1
S20254;825;7;64175;64180;1
S20254;825;8;64180;64185;1
S20254;825;9;64185;64190;1
S20254;825;10;64190;64195;1
S20254;825;53;64195;64210;1
S20254;825;53;65490;65520;0
S20254;825;10;65520;65525;0
S20254;825;9;65525;65530;0
S20254;825;8;65530;65535;0
S20254;825;7;65535;65540;0
S20254;825;6;65540;65545;0
S20254;825;5;65545;65550;0
S20254;825;4;65550;65555;0
S20254;825;3;65555;65560;0
S20254;825;2;65560;65565;0
S20254;825;1;65565;65585;0
S20254;826;0;61890;61890;1
S20254;826;1;62000;62020;1
S20254;826;2;62020;62025;1
S20254;826;3;62025;62030;1
S20254;826;4;62030;62035;1
S20254;826;5;62035;62040;1
S20254;826;6;62040;62045;1
S20254;826;7;62045;62050;1
S20254;826;8;62050;62055;1
S20254;826;9;62055;62060;1
S20254;826;10;62060;62065;1
S20254;826;11;62065;62070;1
S20254;826;12;62070;62075;1
S20254;826;66;62075;62090;1
S20254;826;66;63200;63230;0
S20254;826;12;63230;63235;0
S20254;826;11;63235;63240;0
S20254;826;10;63240;63245;0
S20254;826;9;63245;63250;0
S20254;826;8;63250;63255;0
S20254;826;7;63255;63260;0
S20254;826;6;63260;63265;0
S20254;826;5;63265;63270;0
S20254;826;4;63270;63275;0
S20254;826;3;63275;63280;0
S20254;826;2;63280;63285;0
S20254;826;1;63285;63305;0
S20254;827;0;61930;61930;1
S20254;827;1;61940;61960;1
S20254;827;2;61960;61965;1
S20254;827;3;61965;61970;1
S20254;827;4;61970;61975;1
S20254;827;5;61975;61980;1
S20254;827;33;61980;61995;1
S20254;827;33;64610;64640;0
S20254;827;5;64640;64645;0
S20254;827;4;64645;64650;0
S20254;827;3;64650;64655;0
S20254;827;2;64655;64660;0
S20254;827;1;64660;64680;0
S20254;828;0;61980;61980;1
S20254;828;1;67745;67765;1
S20254;828;2;67765;67770;1
S20254;828;3;67770;67775;1
S20254;828;4;67775;67780;1
S20254;828;5;67780;67785;1
S20254;828;6;67785;67790;1
S20254;828;7;67790;67795;1
S20254;828;8;67795;67800;1
S20254;828;9;67800;67805;1
S20254;828;10;67805;67810;1
S20254;828;11;67810;67815;1
S20254;828;56;67815;67830;1
S20254;828;56;72585;72615;0
S20254;828;11;72615;72620;0
S20254;828;10;72620;72625;0
S20254;828;9;72625;72630;0
S20254;828;8;72630;72635;0
S20254;828;7;72635;72640;0
S20254;828;6;72640;72645;0
S20254;828;5;72645;72650;0
S20254;828;4;72650;72655;0
S20254;828;3;72655;72660;0
S20254;828;2;72660;72665;0
S20254;828;1;72665;72685;0
S20254;829;0;62130;62130;1
S20254;829;1;100330;100350;1
S20254;829;2;100350;100355;1
S20254;829;3;100355;100360;1
S20254;829;4;100360;100365;1
S20254;829;5;100365;100370;1
S20254;829;6;100370;100375;1
S20254;829;7;100375;100380;1
S20254;829;45;100380;100415;1
S20254;829;45;103705;103715;0
S20254;829;7;103715;103720;0
S20254;829;6;103720;103725;0
S20254;829;5;103725;103730;0
S20254;829;4;103730;103735;0
S20254;829;3;103735;103740;0
S20254;829;2;103740;103745;0
S20254;829;1;103745;103765;0
S20254;830;0;62265;62265;1
S20254;830;1;62275;62295;1
S20254;830;2;62295;62300;1
S20254;830;3;62300;62305;1
S20254;830;4;62305;62310;1
S20254;830;5;62310;62315;1
S20254;830;6;62315;62320;1
S20254;830;39;62320;62355;1
S20254;830;39;63035;63045;0
S20254;830;6;63045;63050;0
S20254;830;5;63050;63055;0
S20254;830;4;63055;63060;0
S20254;830;3;63060;63065;0
S20254;830;2;63065;63070;0
S20254;830;1;63070;63090;0
S20254;831;0;62290;62290;1
S20254;831;1;62355;62375;1
S20254;831;2;62375;62380;1
S20254;831;3;62380;62385;1
S20254;831;4;62385;62390;1
S20254;831;5;62390;62395;1
S20254;831;6;62395;62400;1
S20254;831;7;62400;62405;1
S20254;831;8;62405;62410;1
S20254;831;9;62410;62415;1
S20254;831;10;62415;62420;1
S20254;831;53;62420;62435;1
S20254;831;53;63470;63500;0
S20254;831;10;63500;63505;0
S20254;831;9;63505;63510;0
S20254;831;8;63510;63515;0
S20254;831;7;63515;63520;0
S20254;831;6;63520;63525;0
S20254;831;5;63525;63530;0
S20254;831;4;63530;63535;0
S20254;831;3;63535;63540;0
S20254;831;2;63540;63545;0
S20254;831;1;63545;63565;0
S20254;832;0;62300;62300;1
S20254;832;1;62315;62335;1
S20254;832;2;62335;62340;1
S20254;832;3;62340;62345;1
S20254;832;4;62345;62350;1
S20254;832;5;62350;62355;1
S20254;832;6;62355;62360;1
S20254;832;38;62360;62395;1
S20254;832;38;63050;63060;0
S20254;832;6;63060;63065;0
S20254;832;5;63065;63070;0
S20254;832;4;63070;63075;0
S20254;832;3;63075;63080;0
S20254;832;2;63080;63085;0
S20254;832;1;63085;63105;0
S20254;833;0;62400;62400;1
S20254;833;1;63375;63395;1
S20254;833;2;63395;63400;1
S20254;833;3;63400;63405;1
S20254;833;4;63405;63410;1
S20254;833;5;63410;63415;1
S20254;833;6;63415;63420;1
S20254;833;7;63420;63425;1
S20254;833;8;63425;63430;1
S20254;833;9;63430;63435;1
S20254;833;10;63435;63440;1
S20254;833;11;63440;63445;1
S20254;833;55;63445;63480;1
S20254;833;55;68220;68230;0
S20254;833;11;68230;68235;0
S20254;833;10;68235;68240;0
S20254;833;9;68240;68245;0
S20254;833;8;68245;68250;0
S20254;833;7;68250;68255;0
S20254;833;6;68255;68260;0
S20254;833;5;68260;68265;0
S20254;833;4;68265;68270;0
S20254;833;3;68270;68275;0
S20254;833;2;68275;68280;0
S20254;833;1;68280;68300;0
S20254;834;0;62430;62430;1
S20254;834;1;62925;62945;1
S20254;834;2;62945;62950;1
S20254;834;3;62950;62955;1
S20254;834;4;62955;62960;1
S20254;834;5;62960;62965;1
S20254;834;6;62965;62970;1
S20254;834;7;62970;62975;1
S20254;834;8;62975;62980;1
S20254;834;9;62980;62985;1
S20254;834;10;62985;62990;1
S20254;834;11;62990;62995;1
S20254;834;61;62995;63030;1
S20254;834;61;69440;69450;0
S20254;834;11;69450;69455;0
S20254;834;10;69455;69460;0
S20254;834;9;69460;69465;0
S20254;834;8;69465;69470;0
S20254;834;7;69470;69475;0
S20254;834;6;69475;69480;0
S20254;834;5;69480;69485;0
S20254;834;4;69485;69490;0
S20254;834;3;69490;69495;0
S20254;834;2;69495;69500;0
S20254;834;1;69500;69520;0
S20254;835;0;62560;62560;1
S20254;835;1;62890;62910;1
S20254;835;2;62910;62915;1
S20254;835;3;62915;62920;1
S20254;835;4;62920;62925;1
S20254;835;5;62925;62930;1
S20254;835;6;62930;62935;1
S20254;835;7;62935;62940;1
S20254;835;8;62940;62945;1
S20254;835;9;62945;62950;1
S20254;835;10;62950;62955;1
S20254;835;11;62955;62960;1
S20254;835;12;62960;62965;1
S20254;835;13;62965;62970;1
S20254;835;67;62970;63005;1
S20254;835;67;65525;65535;0
S20254;835;13;65535;65540;0
S20254;835;12;65540;65545;0
S20254;835;11;65545;65550;0
S20254;835;10;65550;65555;0
S20254;835;9;65555;65560;0
S20254;835;8;65560;65565;0
S20254;835;7;65565;65570;0
S20254;835;6;65570;65575;0
S20254;835;5;65575;65580;0
S20254;835;4;65580;65585;0
S20254;835;3;65585;65590;0
S20254;835;2;65590;65595;0
S20254;835;1;65595;65615;0
S20254;836;0;62580;62580;1
S20254;836;1;62580;62600;1
S20254;836;2;62600;62605;1
S20254;836;3;62605;62610;1
S20254;836;4;62610;62615;1
S20254;836;5;62615;62620;1
S20254;836;35;62620;62635;1
S20254;836;35;63900;63930;0
S20254;836;5;63930;63935;0
S20254;836;4;63935;63940;0
S20254;836;3;63940;63945;0
S20254;836;2;63945;63950;0
S20254;836;1;63950;63970;0
S20254;837;0;62610;62610;1
S20254;837;1;62610;62630;1
S20254;837;2;62630;62635;1
S20254;837;3;62635;62640;1
S20254;837;21;62640;62655;1
S20254;837;21;64490;64520;0
S20254;837;3;64520;64525;0
S20254;837;2;64525;64530;0
S20254;837;1;64530;64550;0
S20254;838;0;62630;62630;1
S20254;838;1;67180;67200;1
S20254;838;2;67200;67205;1
S20254;838;3;67205;67210;1
S20254;838;4;67210;67215;1
S20254;838;5;67215;67220;1
S20254;838;6;67220;67225;1
S20254;838;7;67225;67230;1
S20254;838;8;67230;67235;1
S20254;838;9;67235;67240;1
S20254;838;10;67240;67245;1
S20254;838;11;67245;67250;1
S20254;838;12;67250;67255;1
S20254;838;13;67255;67260;1
S20254;838;69;67260;67295;1
S20254;838;69;68095;68105;0
S20254;838;13;68105;68110;0
S20254;838;12;68110;68115;0
S20254;838;11;68115;68120;0
S20254;838;10;68120;68125;0
S20254;838;9;68125;68130;0
S20254;838;8;68130;68135;0
S20254;838;7;68135;68140;0
S20254;838;6;68140;68145;0
S20254;838;5;68145;68150;0
S20254;838;4;68150;68155;0
S20254;838;3;68155;68160;0
S20254;838;2;68160;68165;0
S20254;838;1;68165;68185;0
S20254;839;0;62760;62760;1
S20254;839;1;63180;63200;1
S20254;839;2;63200;63205;1
S20254;839;3;63205;63210;1
S20254;839;4;63210;63215;1
S20254;839;5;63215;63220;1
S20254;839;34;63220;63235;1
S20254;839;34;66225;66255;0
S20254;839;5;66255;66260;0
S20254;839;4;66260;66265;0
S20254;839;3;66265;66270;0
S20254;839;2;66270;66275;0
S20254;839;1;66275;66295;0
S20254;840;0;62840;62840;1
S20254;840;1;76645;76665;1
S20254;840;2;76665;76670;1
S20254;840;3;76670;76675;1
S20254;840;4;76675;76680;1
S20254;840;5;76680;76685;1
S20254;840;6;76685;76690;1
S20254;840;7;76690;76695;1
S20254;840;8;76695;76700;1
S20254;840;9;76700;76705;1
S20254;840;10;76705;76710;1
S20254;840;11;76710;76715;1
S20254;840;62;76715;76730;1
S20254;840;62;91150;91180;0
S20254;840;11;91180;91185;0
S20254;840;10;91185;91190;0
S20254;840;9;91190;91195;0
S20254;840;8;91195;91200;0
S20254;840;7;91200;91205;0
S20254;840;6;91205;91210;0
S20254;840;5;91210;91215;0
S20254;840;4;91215;91220;0
S20254;840;3;91220;91225;0
S20254;840;2;91225;91230;0
S20254;840;1;91230;91250;0
S20254;841;0;62990;62990;1
S20254;841;1;71195;71215;1
S20254;841;2;71215;71220;1
S20254;841;3;71220;71225;1
S20254;841;4;71225;71230;1
S20254;841;5;71230;71235;1
S20254;841;6;71235;71240;1
S20254;841;37;71240;71255;1
S20254;841;37;75405;75435;0
S20254;841;6;75435;75440;0
S20254;841;5;75440;75445;0
S20254;841;4;75445;75450;0
S20254;841;3;75450;75455;0
S20254;841;2;75455;75460;0
S20254;841;1;75460;75480;0
S20254;842;0;63100;63100;1
S20254;842;1;63110;63130;1
S20254;842;2;63130;63135;1
S20254;842;3;63135;63140;1
S20254;842;4;63140;63145;1
S20254;842;5;63145;63150;1
S20254;842;28;63150;63185;1
S20254;842;28;69250;69260;0
S20254;842;5;69260;69265;0
S20254;842;4;69265;69270;0
S20254;842;3;69270;69275;0
S20254;842;2;69275;69280;0
S20254;842;1;69280;69300;0
S20254;843;0;63235;63235;1
S20254;843;1;70965;70985;1
S20254;843;2;70985;70990;1
S20254;843;3;70990;70995;1
S20254;843;17;70995;71030;1
S20254;843;17;74975;74985;0
S20254;843;3;74985;74990;0
S20254;843;2;74990;74995;0
S20254;843;1;74995;75015;0
S20254;844;0;63285;63285;1
S20254;844;1;72810;72830;1
S20254;844;2;72830;72835;1
S20254;844;3;72835;72840;1
S20254;844;4;72840;72845;1
S20254;844;5;72845;72850;1
S20254;844;6;72850;72855;1
S20254;844;7;72855;72860;1
S20254;844;8;72860;72865;1
S20254;844;9;72865;72870;1
S20254;844;10;72870;72875;1
S20254;844;52;72875;72910;1
S20254;844;52;75340;75370;0
S20254;844;10;75370;75375;0
S20254;844;9;75375;75380;0
S20254;844;8;75380;75385;0
S20254;844;7;75385;75390;0
S20254;844;6;75390;75395;0
S20254;844;5;75395;75400;0
S20254;844;4;75400;75405;0
S20254;844;3;75405;75410;0
S20254;844;2;75410;75415;0
S20254;844;1;75415;75435;0
S20254;845;0;63410;63410;1
S20254;845;1;72115;72135;1
S20254;845;2;72135;72140;1
S20254;845;3;72140;72145;1
S20254;845;4;72145;72150;1
S20254;845;5;72150;72155;1
S20254;845;6;72155;72160;1
S20254;845;7;72160;72165;1
S20254;845;8;72165;72170;1
S20254;845;9;72170;72175;1
S20254;845;10;72175;72180;1
S20254;845;11;72180;72185;1
S20254;845;58;72185;72200;1
S20254;845;58;78685;78715;0
S20254;845;11;78715;78720;0
S20254;845;10;78720;78725;0
S20254;845;9;78725;78730;0
S20254;845;8;78730;78735;0
S20254;845;7;78735;78740;0
S20254;845;6;78740;78745;0
S20254;845;5;78745;78750;0
S20254;845;4;78750;78755;0
S20254;845;3;78755;78760;0
S20254;845;2;78760;78765;0
S20254;845;1;78765;78785;0
S20254;846;0;63410;63410;1
S20254;846;1;103785;103805;1
S20254;846;2;103805;103810;1
S20254;846;3;103810;103815;1
S20254;846;4;103815;103820;1
S20254;846;5;103820;103825;1
S20254;846;6;103825;103830;1
S20254;846;7;103830;103835;1
S20254;846;45;103835;103870;1
S20254;846;45;105015;105025;0
S20254;846;7;105025;105030;0
S20254;846;6;105030;105035;0
S20254;846;5;105035;105040;0
S20254;846;4;105040;105045;0
S20254;846;3;105045;105050;0
S20254;846;2;105050;105055;0
S20254;846;1;105055;105075;0
S20254;847;0;63420;63420;1
S20254;847;1;63660;63680;1
S20254;847;2;63680;63685;1
S20254;847;3;63685;63690;1
S20254;847;4;63690;63695;1
S20254;847;5;63695;63700;1
S20254;847;6;63700;63705;1
S20254;847;7;63705;63710;1
S20254;847;8;63710;63715;1
S20254;847;9;63715;63720;1
S20254;847;10;63720;63725;1
S20254;847;11;63725;63730;1
S20254;847;12;63730;63735;1
S20254;847;66;63735;63750;1
S20254;847;66;64685;64715;0
S20254;847;12;64715;64720;0
S20254;847;11;64720;64725;0
S20254;847;10;64725;64730;0
S20254;847;9;64730;64735;0
S20254;847;8;64735;64740;0
S20254;847;7;64740;64745;0
S20254;847;6;64745;64750;0
S20254;847;5;64750;64755;0
S20254;847;4;64755;64760;0
S20254;847;3;64760;64765;0
S20254;847;2;64765;64770;0
S20254;847;1;64770;64790;0
S20254;848;0;63420;63420;1
S20254;848;1;63430;63450;1
S20254;848;2;63450;63455;1
S20254;848;3;63455;63460;1
S20254;848;4;63460;63465;1
S20254;848;5;63465;63470;1
S20254;848;6;63470;63475;1
S20254;848;7;63475;63480;1
S20254;848;8;63480;63485;1
S20254;848;9;63485;63490;1
S20254;848;10;63490;63495;1
S20254;848;53;63495;63510;1
S20254;848;53;64030;64060;0
S20254;848;10;64060;64065;0
S20254;848;9;64065;64070;0
S20254;848;8;64070;64075;0
S20254;848;7;64075;64080;0
S20254;848;6;64080;64085;0
S20254;848;5;64085;64090;0
S20254;848;4;64090;64095;0
S20254;848;3;64095;64100;0
S20254;848;2;64100;64105;0
S20254;848;1;64105;64125;0
S20254;849;0;63460;63460;1
S20254;849;1;65970;65990;1
S20254;849;2;65990;65995;1
S20254;849;3;65995;66000;1
S20254;849;4;66000;66005;1
S20254;849;5;66005;66010;1
S20254;849;33;66010;66025;1
S20254;849;33;68285;68315;0
S20254;849;5;68315;68320;0
S20254;849;4;68320;68325;0
S20254;849;3;68325;68330;0
S20254;849;2;68330;68335;0
S20254;849;1;68335;68355;0
S20254;850;0;63520;63520;1
S20254;850;1;75485;75505;1
S20254;850;2;75505;75510;1
S20254;850;3;75510;75515;1
S20254;850;18;75515;75550;1
S20254;850;18;78990;79000;0
S20254;850;3;79000;79005;0
S20254;850;2;79005;79010;0
S20254;850;1;79010;79030;0
S20254;851;0;63590;63590;1
S20254;851;1;63680;63700;1
S20254;851;2;63700;63705;1
S20254;851;3;63705;63710;1
S20254;851;4;63710;63715;1
S20254;851;5;63715;63720;1
S20254;851;6;63720;63725;1
S20254;851;7;63725;63730;1
S20254;851;8;63730;63735;1
S20254;851;9;63735;63740;1
S20254;851;10;63740;63745;1
S20254;851;11;63745;63750;1
S20254;851;12;63750;63755;1
S20254;851;64;63755;63790;1
S20254;851;64;65515;65525;0
S20254;851;12;65525;65530;0
S20254;851;11;65530;65535;0
S20254;851;10;65535;65540;0
S20254;851;9;65540;65545;0
S20254;851;8;65545;65550;0
S20254;851;7;65550;65555;0
S20254;851;6;65555;65560;0
S20254;851;5;65560;65565;0
S20254;851;4;65565;65570;0
S20254;851;3;65570;65575;0
S20254;851;2;65575;65580;0
S20254;851;1;65580;65600;0
S20254;852;0;63720;63720;1
S20254;852;1;63720;63740;1
S20254;852;2;63740;63745;1
S20254;852;3;63745;63750;1
S20254;852;4;63750;63755;1
S20254;852;5;63755;63760;1
S20254;852;6;63760;63765;1
S20254;852;39;63765;63800;1
S20254;852;39;64585;64595;0
S20254;852;6;64595;64600;0
S20254;852;5;64600;64605;0
S20254;852;4;64605;64610;0
S20254;852;3;64610;64615;0
S20254;852;2;64615;64620;0
S20254;852;1;64620;64640;0
S20254;853;0;63750;63750;1
S20254;853;1;63760;63780;1
S20254;853;2;63780;63785;1
S20254;853;3;63785;63790;1
S20254;853;4;63790;63795;1
S20254;853;5;63795;63800;1
S20254;853;6;63800;63805;1
S20254;853;38;63805;63840;1
S20254;853;38;64550;64560;0
S20254;853;6;64560;64565;0
S20254;853;5;64565;64570;0
S20254;853;4;64570;64575;0
S20254;853;3;64575;64580;0
S20254;853;2;64580;64585;0
S20254;853;1;64585;64605;0
S20254;854;0;63820;63820;1
S20254;854;1;63820;63840;1
S20254;854;2;63840;63845;1
S20254;854;3;63845;63850;1
S20254;854;4;63850;63855;1
S20254;854;5;63855;63860;1
S20254;854;6;63860;63865;1
S20254;854;43;63865;63900;1
S20254;854;43;64320;64330;0
S20254;854;6;64330;64335;0
S20254;854;5;64335;64340;0
S20254;854;4;64340;64345;0
S20254;854;3;64345;64350;0
S20254;854;2;64350;64355;0
S20254;854;1;64355;64375;0
S20254;855;0;63885;63885;1
S20254;855;1;63885;63905;1
S20254;855;2;63905;63910;1
S20254;855;3;63910;63915;1
S20254;855;4;63915;63920;1
S20254;855;5;63920;63925;1
S20254;855;35;63925;63940;1
S20254;855;35;64685;64715;0
S20254;855;5;64715;64720;0
S20254;855;4;64720;64725;0
S20254;855;3;64725;64730;0
S20254;855;2;64730;64735;0
S20254;855;1;64735;64755;0
S20254;856;0;63900;63900;1
S20254;856;1;65100;65120;1
S20254;856;2;65120;65125;1
S20254;856;3;65125;65130;1
S20254;856;4;65130;65135;1
S20254;856;5;65135;65140;1
S20254;856;6;65140;65145;1
S20254;856;7;65145;65150;1
S20254;856;8;65150;65155;1
S20254;856;9;65155;65160;1
S20254;856;10;65160;65165;1
S20254;856;11;65165;65170;1
S20254;856;12;65170;65175;1
S20254;856;13;65175;65180;1
S20254;856;68;65180;65195;1
S20254;856;68;66585;66615;0
S20254;856;13;66615;66620;0
S20254;856;12;66620;66625;0
S20254;856;11;66625;66630;0
S20254;856;10;66630;66635;0
S20254;856;9;66635;66640;0
S20254;856;8;66640;66645;0
S20254;856;7;66645;66650;0
S20254;856;6;66650;66655;0
S20254;856;5;66655;66660;0
S20254;856;4;66660;66665;0
S20254;856;3;66665;66670;0
S20254;856;2;66670;66675;0
S20254;856;1;66675;66695;0
S20254;857;0;63970;63970;1
S20254;857;1;64450;64470;1
S20254;857;2;64470;64475;1
S20254;857;3;64475;64480;1
S20254;857;4;64480;64485;1
S20254;857;5;64485;64490;1
S20254;857;6;64490;64495;1
S20254;857;43;64495;64530;1
S20254;857;43;65510;65520;0
S20254;857;6;65520;65525;0
S20254;857;5;65525;65530;0
S20254;857;4;65530;65535;0
S20254;857;3;65535;65540;0
S20254;857;2;65540;65545;0
S20254;857;1;65545;65565;0
S20254;858;0;63990;63990;1
S20254;858;1;64900;64920;1
S20254;858;2;64920;64925;1
S20254;858;3;64925;64930;1
S20254;858;4;64930;64935;1
S20254;858;5;64935;64940;1
S20254;858;35;64940;64955;1
S20254;858;35;66670;66700;0
S20254;858;5;66700;66705;0
S20254;858;4;66705;66710;0
S20254;858;3;66710;66715;0
S20254;858;2;66715;66720;0
S20254;858;1;66720;66740;0
S20254;859;0;64015;64015;1
S20254;859;1;64165;64185;1
S20254;859;2;64185;64190;1
S20254;859;3;64190;64195;1
S20254;859;4;64195;64200;1
S20254;859;5;64200;64205;1
S20254;859;32;64205;64240;1
S20254;859;32;69705;69715;0
S20254;859;5;69715;69720;0
S20254;859;4;69720;69725;0
S20254;859;3;69725;69730;0
S20254;859;2;69730;69735;0
S20254;859;1;69735;69755;0
S20254;860;0;64240;64240;1
S20254;860;1;70655;70675;1
S20254;860;2;70675;70680;1
S20254;860;3;70680;70685;1
S20254;860;4;70685;70690;1
S20254;860;5;70690;70695;1
S20254;860;6;70695;70700;1
S20254;860;7;70700;70705;1
S20254;860;45;70705;70740;1
S20254;860;45;73715;73725;0
S20254;860;7;73725;73730;0
S20254;860;6;73730;73735;0
S20254;860;5;73735;73740;0
S20254;860;4;73740;73745;0
S20254;860;3;73745;73750;0
S20254;860;2;73750;73755;0
S20254;860;1;73755;73775;0
S20254;861;0;64290;64290;1
S20254;861;1;64920;64940;1
S20254;861;2;64940;64945;1
S20254;861;3;64945;64950;1
S20254;861;4;64950;64955;1
S20254;861;5;64955;64960;1
S20254;861;6;64960;64965;1
S20254;861;7;64965;64970;1
S20254;861;8;64970;64975;1
S20254;861;9;64975;64980;1
S20254;861;10;64980;64985;1
S20254;861;52;64985;65000;1
S20254;861;52;66585;66615;0
S20254;861;10;66615;66620;0
S20254;861;9;66620;66625;0
S20254;861;8;66625;66630;0
S20254;861;7;66630;66635;0
S20254;861;6;66635;66640;0
S20254;861;5;66640;66645;0
S20254;861;4;66645;66650;0
S20254;861;3;66650;66655;0
S20254;861;2;66655;66660;0
S20254;861;1;66660;66680;0
S20254;862;0;64295;64295;1
S20254;862;1;64425;64445;1
S20254;862;2;64445;64450;1
S20254;862;3;64450;64455;1
S20254;862;4;64455;64460;1
S20254;862;5;64460;64465;1
S20254;862;36;64465;64480;1
S20254;862;36;65480;65510;0
S20254;862;5;65510;65515;0
S20254;862;4;65515;65520;0
S20254;862;3;65520;65525;0
S20254;862;2;65525;65530;0
S20254;862;1;65530;65550;0
S20254;863;0;64740;64740;1
S20254;863;1;64830;64850;1
S20254;863;2;64850;64855;1
S20254;863;3;64855;64860;1
S20254;863;4;64860;64865;1
S20254;863;5;64865;64870;1
S20254;863;33;64870;64885;1
S20254;863;33;66010;66040;0
S20254;863;5;66040;66045;0
S20254;863;4;66045;66050;0
S20254;863;3;66050;66055;0
S20254;863;2;66055;66060;0
S20254;863;1;66060;66080;0
S20254;864;0;64840;64840;1
S20254;864;1;64870;64890;1
S20254;864;2;64890;64895;1
S20254;864;3;64895;64900;1
S20254;864;4;64900;64905;1
S20254;864;5;64905;64910;1
S20254;864;6;64910;64915;1
S20254;864;7;64915;64920;1
S20254;864;8;64920;64925;1
S20254;864;9;64925;64930;1
S20254;864;10;64930;64935;1
S20254;864;11;64935;64940;1
S20254;864;12;64940;64945;1
S20254;864;66;64945;64960;1
S20254;864;66;66900;66930;0
S20254;864;12;66930;66935;0
S20254;864;11;66935;66940;0
S20254;864;10;66940;66945;0
S20254;864;9;66945;66950;0
S20254;864;8;66950;66955;0
S20254;864;7;66955;66960;0
S20254;864;6;66960;66965;0
S20254;864;5;66965;66970;0
S20254;864;4;66970;66975;0
S20254;864;3;66975;66980;0
S20254;864;2;66980;66985;0
S20254;864;1;66985;67005;0
S20254;865;0;64860;64860;1
S20254;865;1;76285;76305;1
S20254;865;2;76305;76310;1
S20254;865;3;76310;76315;1
S20254;865;4;76315;76320;1
S20254;865;5;76320;76325;1
S20254;865;6;76325;76330;1
S20254;865;7;76330;76335;1
S20254;865;46;76335;76370;1
S20254;865;46;80080;80090;0
S20254;865;7;80090;80095;0
S20254;865;6;80095;80100;0
S20254;865;5;80100;80105;0
S20254;865;4;80105;80110;0
S20254;865;3;80110;80115;0
S20254;865;2;80115;80120;0
S20254;865;1;80120;80140;0
S20254;866;0;65025;65025;1
S20254;866;1;65030;65050;1
S20254;866;2;65050;65055;1
S20254;866;3;65055;65060;1
S20254;866;20;65060;65095;1
S20254;866;20;67920;67930;0
S20254;866;3;67930;67935;0
S20254;866;2;67935;67940;0
S20254;866;1;67940;67960;0
S20254;867;0;65160;65160;1
S20254;867;1;65160;65180;1
S20254;867;2;65180;65185;1
S20254;867;3;65185;65190;1
S20254;867;4;65190;65195;1
S20254;867;5;65195;65200;1
S20254;867;6;65200;65205;1
S20254;867;7;65205;65210;1
S20254;867;8;65210;65215;1
S20254;867;9;65215;65220;1
S20254;867;10;65220;65225;1
S20254;867;11;65225;65230;1
S20254;867;88;65230;65265;1
S20254;867;88;72455;72465;0
S20254;867;11;72465;72470;0
S20254;867;10;72470;72475;0
S20254;867;9;72475;72480;0
S20254;867;8;72480;72485;0
S20254;867;7;72485;72490;0
S20254;867;6;72490;72495;0
S20254;867;5;72495;72500;0
S20254;867;4;72500;72505;0
S20254;867;3;72505;72510;0
S20254;867;2;72510;72515;0
S20254;867;1;72515;72535;0
S20254;868;0;65160;65160;1
S20254;868;1;65175;65195;1
S20254;868;2;65195;65200;1
S20254;868;3;65200;65205;1
S20254;868;4;65205;65210;1
S20254;868;5;65210;65215;1
S20254;868;6;65215;65220;1
S20254;868;39;65220;65255;1
S20254;868;39;67485;67495;0
S20254;868;6;67495;67500;0
S20254;868;5;67500;67505;0
S20254;868;4;67505;67510;0
S20254;868;3;67510;67515;0
S20254;868;2;67515;67520;0
S20254;868;1;67520;67540;0
S20254;869;0;65190;65190;1
S20254;869;1;65215;65235;1
S20254;869;2;65235;65240;1
S20254;869;3;65240;65245;1
S20254;869;4;65245;65250;1
S20254;869;5;65250;65255;1
S20254;869;6;65255;65260;1
S20254;869;81;65260;65295;1
S20254;869;81;66020;66050;0
S20254;869;6;66050;66055;0
S20254;869;5;66055;66060;0
S20254;869;4;66060;66065;0
S20254;869;3;66065;66070;0
S20254;869;2;66070;66075;0
S20254;869;1;66075;66095;0
S20254;870;0;65280;65280;1
S20254;870;1;77805;77825;1
S20254;870;2;77825;77830;1
S20254;870;3;77830;77835;1
S20254;870;4;77835;77840;1
S20254;870;24;77840;77875;1
S20254;870;24;83645;83655;0
S20254;870;4;83655;83660;0
S20254;870;3;83660;83665;0
S20254;870;2;83665;83670;0
S20254;870;1;83670;83690;0
S20254;871;0;65285;65285;1
S20254;871;1;65350;65370;1
S20254;871;84;65370;65405;1
S20254;871;84;67290;67300;0
S20254;871;1;67300;67320;0
S20254;872;0;65340;65340;1
S20254;872;1;65430;65450;1
S20254;872;2;65450;65455;1
S20254;872;3;65455;65460;1
S20254;872;4;65460;65465;1
S20254;872;5;65465;65470;1
S20254;872;6;65470;65475;1
S20254;872;7;65475;65480;1
S20254;872;8;65480;65485;1
S20254;872;9;65485;65490;1
S20254;872;10;65490;65495;1
S20254;872;53;65495;65510;1
S20254;872;53;66825;66855;0
S20254;872;10;66855;66860;0
S20254;872;9;66860;66865;0
S20254;872;8;66865;66870;0
S20254;872;7;66870;66875;0
S20254;872;6;66875;66880;0
S20254;872;5;66880;66885;0
S20254;872;4;66885;66890;0
S20254;872;3;66890;66895;0
S20254;872;2;66895;66900;0
S20254;872;1;66900;66920;0
S20254;873;0;65400;65400;1
S20254;873;1;65445;65465;1
S20254;873;2;65465;65470;1
S20254;873;3;65470;65475;1
S20254;873;4;65475;65480;1
S20254;873;5;65480;65485;1
S20254;873;36;65485;65500;1
S20254;873;36;67300;67330;0
S20254;873;5;67330;67335;0
S20254;873;4;67335;67340;0
S20254;873;3;67340;67345;0
S20254;873;2;67345;67350;0
S20254;873;1;67350;67370;0
S20254;874;0;65540;65540;1
S20254;874;1;67880;67900;1
S20254;874;2;67900;67905;1
S20254;874;3;67905;67910;1
S20254;874;4;67910;67915;1
S20254;874;5;67915;67920;1
S20254;874;6;67920;67925;1
S20254;874;7;67925;67930;1
S20254;874;8;67930;67935;1
S20254;874;9;67935;67940;1
S20254;874;50;67940;67975;1
S20254;874;50;70735;70745;0
S20254;874;9;70745;70750;0
S20254;874;8;70750;70755;0
S20254;874;7;70755;70760;0
S20254;874;6;70760;70765;0
S20254;874;5;70765;70770;0
S20254;874;4;70770;70775;0
S20254;874;3;70775;70780;0
S20254;874;2;70780;70785;0
S20254;874;1;70785;70805;0
S20254;875;0;65540;65540;1
S20254;875;1;67820;67840;1
S20254;875;2;67840;67845;1
S20254;875;3;67845;67850;1
S20254;875;4;67850;67855;1
S20254;875;5;67855;67860;1
S20254;875;34;67860;67895;1
S20254;875;34;68945;68955;0
S20254;875;5;68955;68960;0
S20254;875;4;68960;68965;0
S20254;875;3;68965;68970;0
S20254;875;2;68970;68975;0
S20254;875;1;68975;68995;0
S20254;876;0;65655;65655;1
S20254;876;1;65735;65755;1
S20254;876;2;65755;65760;1
S20254;876;3;65760;65765;1
S20254;876;18;65765;65800;1
S20254;876;18;68280;68290;0
S20254;876;3;68290;68295;0
S20254;876;2;68295;68300;0
S20254;876;1;68300;68320;0
S20254;877;0;65820;65820;1
S20254;877;1;67780;67800;1
S20254;877;2;67800;67805;1
S20254;877;3;67805;67810;1
S20254;877;4;67810;67815;1
S20254;877;5;67815;67820;1
S20254;877;6;67820;67825;1
S20254;877;7;67825;67830;1
S20254;877;8;67830;67835;1
S20254;877;9;67835;67840;1
S20254;877;10;67840;67845;1
S20254;877;52;67845;67860;1
S20254;877;52;71195;71225;0
S20254;877;10;71225;71230;0
S20254;877;9;71230;71235;0
S20254;877;8;71235;71240;0
S20254;877;7;71240;71245;0
S20254;877;6;71245;71250;0
S20254;877;5;71250;71255;0
S20254;877;4;71255;71260;0
S20254;877;3;71260;71265;0
S20254;877;2;71265;71270;0
S20254;877;1;71270;71290;0
S20254;878;0;65995;65995;1
S20254;878;1;66490;66510;1
S20254;878;2;66510;66515;1
S20254;878;3;66515;66520;1
S20254;878;4;66520;66525;1
S20254;878;5;66525;66530;1
S20254;878;6;66530;66535;1
S20254;878;7;66535;66540;1
S20254;878;8;66540;66545;1
S20254;878;9;66545;66550;1
S20254;878;10;66550;66555;1
S20254;878;52;66555;66590;1
S20254;878;52;67445;67455;0
S20254;878;10;67455;67460;0
S20254;878;9;67460;67465;0
S20254;878;8;67465;67470;0
S20254;878;7;67470;67475;0
S20254;878;6;67475;67480;0
S20254;878;5;67480;67485;0
S20254;878;4;67485;67490;0
S20254;878;3;67490;67495;0
S20254;878;2;67495;67500;0
S20254;878;1;67500;67520;0
S20254;879;0;66110;66110;1
S20254;879;1;66190;66210;1
S20254;879;2;66210;66215;1
S20254;879;3;66215;66220;1
S20254;879;4;66220;66225;1
S20254;879;5;66225;66230;1
S20254;879;34;66230;66245;1
S20254;879;34;67030;67060;0
S20254;879;5;67060;67065;0
S20254;879;4;67065;67070;0
S20254;879;3;67070;67075;0
S20254;879;2;67075;67080;0
S20254;879;1;67080;67100;0
S20254;880;0;66135;66135;1
S20254;880;1;69610;69630;1
S20254;880;2;69630;69635;1
S20254;880;3;69635;69640;1
S20254;880;4;69640;69645;1
S20254;880;5;69645;69650;1
S20254;880;6;69650;69655;1
S20254;880;7;69655;69660;1
S20254;880;8;69660;69665;1
S20254;880;9;69665;69670;1
S20254;880;10;69670;69675;1
S20254;880;11;69675;69680;1
S20254;880;12;69680;69685;1
S20254;880;13;69685;69690;1
S20254;880;70;69690;69725;1
S20254;880;70;70735;70745;0
S20254;880;13;70745;70750;0
S20254;880;12;70750;70755;0
S20254;880;11;70755;70760;0
S20254;880;10;70760;70765;0
S20254;880;9;70765;70770;0
S20254;880;8;70770;70775;0
S20254;880;7;70775;70780;0
S20254;880;6;70780;70785;0
S20254;880;5;70785;70790;0
S20254;880;4;70790;70795;0
S20254;880;3;70795;70800;0
S20254;880;2;70800;70805;0
S20254;880;1;70805;70825;0
S20254;881;0;66175;66175;1
S20254;881;1;82275;82295;1
S20254;881;2;82295;82300;1
S20254;881;3;82300;82305;1
S20254;881;4;82305;82310;1
S20254;881;23;82310;82345;1
S20254;881;23;87090;87100;0
S20254;881;4;87100;87105;0
S20254;881;3;87105;87110;0
S20254;881;2;87110;87115;0
S20254;881;1;87115;87135;0
S20254;882;0;66300;66300;1
S20254;882;1;66335;66355;1
S20254;882;2;66355;66360;1
S20254;882;3;66360;66365;1
S20254;882;4;66365;66370;1
S20254;882;5;66370;66375;1
S20254;882;6;66375;66380;1
S20254;882;7;66380;66385;1
S20254;882;8;66385;66390;1
S20254;882;9;66390;66395;1
S20254;882;10;66395;66400;1
S20254;882;11;66400;66405;1
S20254;882;12;66405;66410;1
S20254;882;65;66410;66445;1
S20254;882;65;67960;67970;0
S20254;882;12;67970;67975;0
S20254;882;11;67975;67980;0
S20254;882;10;67980;67985;0
S20254;882;9;67985;67990;0
S20254;882;8;67990;67995;0
S20254;882;7;67995;68000;0
S20254;882;6;68000;68005;0
S20254;882;5;68005;68010;0
S20254;882;4;68010;68015;0
S20254;882;3;68015;68020;0
S20254;882;2;68020;68025;0
S20254;882;1;68025;68045;0
S20254;883;0;66500;66500;1
S20254;883;1;67725;67745;1
S20254;883;2;67745;67750;1
S20254;883;3;67750;67755;1
S20254;883;4;67755;67760;1
S20254;883;5;67760;67765;1
S20254;883;35;67765;67780;1
S20254;883;35;69010;69040;0
S20254;883;5;69040;69045;0
S20254;883;4;69045;69050;0
S20254;883;3;69050;69055;0
S20254;883;2;69055;69060;0
S20254;883;1;69060;69080;0
S20254;884;0;66540;66540;1
S20254;884;1;67255;67275;1
S20254;884;2;67275;67280;1
S20254;884;3;67280;67285;1
S20254;884;4;67285;67290;1
S20254;884;5;67290;67295;1
S20254;884;36;67295;67310;1
S20254;884;36;68800;68830;0
S20254;884;5;68830;68835;0
S20254;884;4;68835;68840;0
S20254;884;3;68840;68845;0
S20254;884;2;68845;68850;0
S20254;884;1;68850;68870;0
S20254;885;0;66655;66655;1
S20254;885;1;77940;77960;1
S20254;885;2;77960;77965;1
S20254;885;3;77965;77970;1
S20254;885;4;77970;77975;1
S20254;885;5;77975;77980;1
S20254;885;6;77980;77985;1
S20254;885;7;77985;77990;1
S20254;885;8;77990;77995;1
S20254;885;47;77995;78030;1
S20254;885;47;81535;81545;0
S20254;885;8;81545;81550;0
S20254;885;7;81550;81555;0
S20254;885;6;81555;81560;0
S20254;885;5;81560;81565;0
S20254;885;4;81565;81570;0
S20254;885;3;81570;81575;0
S20254;885;2;81575;81580;0
S20254;885;1;81580;81600;0
S20254;886;0;66720;66720;1
S20254;886;1;67200;67220;1
S20254;886;2;67220;67225;1
S20254;886;3;67225;67230;1
S20254;886;4;67230;67235;1
S20254;886;5;67235;67240;1
S20254;886;6;67240;67245;1
S20254;886;7;67245;67250;1
S20254;886;8;67250;67255;1
S20254;886;9;67255;67260;1
S20254;886;10;67260;67265;1
S20254;886;11;67265;67270;1
S20254;886;12;67270;67275;1
S20254;886;64;67275;67310;1
S20254;886;64;69010;69020;0
S20254;886;12;69020;69025;0
S20254;886;11;69025;69030;0
S20254;886;10;69030;69035;0
S20254;886;9;69035;69040;0
S20254;886;8;69040;69045;0
S20254;886;7;69045;69050;0
S20254;886;6;69050;69055;0
S20254;886;5;69055;69060;0
S20254;886;4;69060;69065;0
S20254;886;3;69065;69070;0
S20254;886;2;69070;69075;0
S20254;886;1;69075;69095;0
S20254;887;0;66780;66780;1
S20254;887;1;66780;66800;1
S20254;887;2;66800;66805;1
S20254;887;3;66805;66810;1
S20254;887;4;66810;66815;1
S20254;887;5;66815;66820;1
S20254;887;6;66820;66825;1
S20254;887;43;66825;66860;1
S20254;887;43;69260;69270;0
S20254;887;6;69270;69275;0
S20254;887;5;69275;69280;0
S20254;887;4;69280;69285;0
S20254;887;3;69285;69290;0
S20254;887;2;69290;69295;0
S20254;887;1;69295;69315;0
S20254;888;0;66960;66960;1
S20254;888;1;67710;67730;1
S20254;888;2;67730;67735;1
S20254;888;3;67735;67740;1
S20254;888;4;67740;67745;1
S20254;888;5;67745;67750;1
S20254;888;6;67750;67755;1
S20254;888;7;67755;67760;1
S20254;888;8;67760;67765;1
S20254;888;9;67765;67770;1
S20254;888;10;67770;67775;1
S20254;888;53;67775;67790;1
S20254;888;53;68535;68565;0
S20254;888;10;68565;68570;0
S20254;888;9;68570;68575;0
S20254;888;8;68575;68580;0
S20254;888;7;68580;68585;0
S20254;888;6;68585;68590;0
S20254;888;5;68590;68595;0
S20254;888;4;68595;68600;0
S20254;888;3;68600;68605;0
S20254;888;2;68605;68610;0
S20254;888;1;68610;68630;0
S20254;889;0;67035;67035;1
S20254;889;1;67800;67820;1
S20254;889;2;67820;67825;1
S20254;889;3;67825;67830;1
S20254;889;4;67830;67835;1
S20254;889;5;67835;67840;1
S20254;889;6;67840;67845;1
S20254;889;7;67845;67850;1
S20254;889;8;67850;67855;1
S20254;889;9;67855;67860;1
S20254;889;51;67860;67895;1
S20254;889;51;69310;69320;0
S20254;889;9;69320;69325;0
S20254;889;8;69325;69330;0
S20254;889;7;69330;69335;0
S20254;889;6;69335;69340;0
S20254;889;5;69340;69345;0
S20254;889;4;69345;69350;0
S20254;889;3;69350;69355;0
S20254;889;2;69355;69360;0
S20254;889;1;69360;69380;0
S20254;890;0;67080;67080;1
S20254;890;1;67860;67880;1
S20254;890;2;67880;67885;1
S20254;890;3;67885;67890;1
S20254;890;4;67890;67895;1
S20254;890;5;67895;67900;1
S20254;890;6;67900;67905;1
S20254;890;7;67905;67910;1
S20254;890;8;67910;67915;1
S20254;890;9;67915;67920;1
S20254;890;10;67920;67925;1
S20254;890;11;67925;67930;1
S20254;890;12;67930;67935;1
S20254;890;65;67935;67970;1
S20254;890;65;69370;69380;0
S20254;890;12;69380;69385;0
S20254;890;11;69385;69390;0
S20254;890;10;69390;69395;0
S20254;890;9;69395;69400;0
S20254;890;8;69400;69405;0
S20254;890;7;69405;69410;0
S20254;890;6;69410;69415;0
S20254;890;5;69415;69420;0
S20254;890;4;69420;69425;0
S20254;890;3;69425;69430;0
S20254;890;2;69430;69435;0
S20254;890;1;69435;69455;0
S20254;891;0;67080;67080;1
S20254;891;1;67680;67700;1
S20254;891;2;67700;67705;1
S20254;891;3;67705;67710;1
S20254;891;4;67710;67715;1
S20254;891;5;67715;67720;1
S20254;891;6;67720;67725;1
S20254;891;7;67725;67730;1
S20254;891;8;67730;67735;1
S20254;891;9;67735;67740;1
S20254;891;10;67740;67745;1
S20254;891;11;67745;67750;1
S20254;891;12;67750;67755;1
S20254;891;13;67755;67760;1
S20254;891;67;67760;67775;1
S20254;891;67;72375;72405;0
S20254;891;13;72405;72410;0
S20254;891;12;72410;72415;0
S20254;891;11;72415;72420;0
S20254;891;10;72420;72425;0
S20254;891;9;72425;72430;0
S20254;891;8;72430;72435;0
S20254;891;7;72435;72440;0
S20254;891;6;72440;72445;0
S20254;891;5;72445;72450;0
S20254;891;4;72450;72455;0
S20254;891;3;72455;72460;0
S20254;891;2;72460;72465;0
S20254;891;1;72465;72485;0
S20254;892;0;67260;67260;1
S20254;892;1;67695;67715;1
S20254;892;2;67715;67720;1
S20254;892;3;67720;67725;1
S20254;892;4;67725;67730;1
S20254;892;5;67730;67735;1
S20254;892;6;67735;67740;1
S20254;892;7;67740;67745;1
S20254;892;8;67745;67750;1
S20254;892;9;67750;67755;1
S20254;892;10;67755;67760;1
S20254;892;11;67760;67765;1
S20254;892;12;67765;67770;1
S20254;892;66;67770;67785;1
S20254;892;66;69720;69750;0
S20254;892;12;69750;69755;0
S20254;892;11;69755;69760;0
S20254;892;10;69760;69765;0
S20254;892;9;69765;69770;0
S20254;892;8;69770;69775;0
S20254;892;7;69775;69780;0
S20254;892;6;69780;69785;0
S20254;892;5;69785;69790;0
S20254;892;4;69790;69795;0
S20254;892;3;69795;69800;0
S20254;892;2;69800;69805;0
S20254;892;1;69805;69825;0
S20254;893;0;67350;67350;1
S20254;893;1;71710;71730;1
S20254;893;2;71730;71735;1
S20254;893;3;71735;71740;1
S20254;893;4;71740;71745;1
S20254;893;5;71745;71750;1
S20254;893;6;71750;71755;1
S20254;893;7;71755;71760;1
S20254;893;8;71760;71765;1
S20254;893;9;71765;71770;1
S20254;893;10;71770;71775;1
S20254;893;53;71775;71790;1
S20254;893;53;73170;73200;0
S20254;893;10;73200;73205;0
S20254;893;9;73205;73210;0
S20254;893;8;73210;73215;0
S20254;893;7;73215;73220;0
S20254;893;6;73220;73225;0
S20254;893;5;73225;73230;0
S20254;893;4;73230;73235;0
S20254;893;3;73235;73240;0
S20254;893;2;73240;73245;0
S20254;893;1;73245;73265;0
S20254;894;0;67385;67385;1
S20254;894;1;67385;67405;1
S20254;894;2;67405;67410;1
S20254;894;3;67410;67415;1
S20254;894;4;67415;67420;1
S20254;894;5;67420;67425;1
S20254;894;6;67425;67430;1
S20254;894;41;67430;67465;1
S20254;894;41;69430;69460;0
S20254;894;6;69460;69465;0
S20254;894;5;69465;69470;0
S20254;894;4;69470;69475;0
S20254;894;3;69475;69480;0
S20254;894;2;69480;69485;0
S20254;894;1;69485;69505;0
S20254;895;0;67515;67515;1
S20254;895;1;85585;85605;1
S20254;895;2;85605;85610;1
S20254;895;3;85610;85615;1
S20254;895;19;85615;85650;1
S20254;895;19;89025;89035;0
S20254;895;3;89035;89040;0
S20254;895;2;89040;89045;0
S20254;895;1;89045;89065;0
S20254;896;0;67620;67620;1
S20254;896;1;67765;67785;1
S20254;896;2;67785;67790;1
S20254;896;3;67790;67795;1
S20254;896;4;67795;67800;1
S20254;896;5;67800;67805;1
S20254;896;6;67805;67810;1
S20254;896;7;67810;67815;1
S20254;896;8;67815;67820;1
S20254;896;9;67820;67825;1
S20254;896;10;67825;67830;1
S20254;896;11;67830;67835;1
S20254;896;60;67835;67870;1
S20254;896;60;74290;74300;0
S20254;896;11;74300;74305;0
S20254;896;10;74305;74310;0
S20254;896;9;74310;74315;0
S20254;896;8;74315;74320;0
S20254;896;7;74320;74325;0
S20254;896;6;74325;74330;0
S20254;896;5;74330;74335;0
S20254;896;4;74335;74340;0
S20254;896;3;74340;74345;0
S20254;896;2;74345;74350;0
S20254;896;1;74350;74370;0
S20254;897;0;67860;67860;1
S20254;897;1;68650;68670;1
S20254;897;2;68670;68675;1
S20254;897;3;68675;68680;1
S20254;897;4;68680;68685;1
S20254;897;5;68685;68690;1
S20254;897;33;68690;68705;1
S20254;897;33;70445;70475;0
S20254;897;5;70475;70480;0
S20254;897;4;70480;70485;0
S20254;897;3;70485;70490;0
S20254;897;2;70490;70495;0
S20254;897;1;70495;70515;0
S20254;898;0;67905;67905;1
S20254;898;1;73220;73240;1
S20254;898;2;73240;73245;1
S20254;898;3;73245;73250;1
S20254;898;4;73250;73255;1
S20254;898;5;73255;73260;1
S20254;898;6;73260;73265;1
S20254;898;7;73265;73270;1
S20254;898;8;73270;73275;1
S20254;898;9;73275;73280;1
S20254;898;10;73280;73285;1
S20254;898;53;73285;73300;1
S20254;898;53;74470;74500;0
S20254;898;10;74500;74505;0
S20254;898;9;74505;74510;0
S20254;898;8;74510;74515;0
S20254;898;7;74515;74520;0
S20254;898;6;74520;74525;0
S20254;898;5;74525;74530;0
S20254;898;4;74530;74535;0
S20254;898;3;74535;74540;0
S20254;898;2;74540;74545;0
S20254;898;1;74545;74565;0
S20254;899;0;68070;68070;1
S20254;899;1;68070;68090;1
S20254;899;2;68090;68095;1
S20254;899;3;68095;68100;1
S20254;899;4;68100;68105;1
S20254;899;5;68105;68110;1
S20254;899;6;68110;68115;1
S20254;899;7;68115;68120;1
S20254;899;8;68120;68125;1
S20254;899;9;68125;68130;1
S20254;899;10;68130;68135;1
S20254;899;11;68135;68140;1
S20254;899;12;68140;68145;1
S20254;899;13;68145;68150;1
S20254;899;14;68150;68155;1
S20254;899;15;68155;68160;1
S20254;899;16;68160;68175;1
S20254;899;72;68175;68190;1
S20254;899;72;76420;76460;0
S20254;899;16;76460;76475;0
S20254;899;15;76475;76480;0
S20254;899;14;76480;76485;0
S20254;899;13;76485;76490;0
S20254;899;12;76490;76495;0
S20254;899;11;76495;76500;0
S20254;899;10;76500;76505;0
S20254;899;9;76505;76510;0
S20254;899;8;76510;76515;0
S20254;899;7;76515;76520;0
S20254;899;6;76520;76525;0
S20254;899;5;76525;76530;0
S20254;899;4;76530;76535;0
S20254;899;3;76535;76540;0
S20254;899;2;76540;76545;0
S20254;899;1;76545;76565;0
S20254;900;0;68145;68145;1
S20254;900;1;82375;82395;1
S20254;900;2;82395;82400;1
S20254;900;3;82400;82405;1
S20254;900;19;82405;82440;1
S20254;900;19;85540;85550;0
S20254;900;3;85550;85555;0
S20254;900;2;85555;85560;0
S20254;900;1;85560;85580;0
S20254;901;0;68160;68160;1
S20254;901;1;71360;71380;1
S20254;901;2;71380;71385;1
S20254;901;3;71385;71390;1
S20254;901;4;71390;71395;1
S20254;901;5;71395;71400;1
S20254;901;6;71400;71405;1
S20254;901;7;71405;71410;1
S20254;901;8;71410;71415;1
S20254;901;9;71415;71420;1
S20254;901;10;71420;71425;1
S20254;901;11;71425;71430;1
S20254;901;61;71430;71445;1
S20254;901;61;78505;78535;0
S20254;901;11;78535;78540;0
S20254;901;10;78540;78545;0
S20254;901;9;78545;78550;0
S20254;901;8;78550;78555;0
S20254;901;7;78555;78560;0
S20254;901;6;78560;78565;0
S20254;901;5;78565;78570;0
S20254;901;4;78570;78575;0
S20254;901;3;78575;78580;0
S20254;901;2;78580;78585;0
S20254;901;1;78585;78605;0
S20254;902;0;68325;68325;1
S20254;902;1;68360;68380;1
S20254;902;2;68380;68385;1
S20254;902;3;68385;68390;1
S20254;902;4;68390;68395;1
S20254;902;5;68395;68400;1
S20254;902;30;68400;68435;1
S20254;902;30;69690;69700;0
S20254;902;5;69700;69705;0
S20254;902;4;69705;69710;0
S20254;902;3;69710;69715;0
S20254;902;2;69715;69720;0
S20254;902;1;69720;69740;0
S20254;903;0;68325;68325;1
S20254;903;1;73575;73595;1
S20254;903;2;73595;73600;1
S20254;903;3;73600;73605;1
S20254;903;4;73605;73610;1
S20254;903;5;73610;73615;1
S20254;903;27;73615;73630;1
S20254;903;27;83735;83765;0
S20254;903;5;83765;83770;0
S20254;903;4;83770;83775;0
S20254;903;3;83775;83780;0
S20254;903;2;83780;83785;0
S20254;903;1;83785;83805;0
S20254;904;0;68430;68430;1
S20254;904;1;73860;73880;1
S20254;904;2;73880;73885;1
S20254;904;3;73885;73890;1
S20254;904;4;73890;73895;1
S20254;904;5;73895;73900;1
S20254;904;6;73900;73905;1
S20254;904;7;73905;73910;1
S20254;904;8;73910;73915;1
S20254;904;9;73915;73920;1
S20254;904;10;73920;73925;1
S20254;904;11;73925;73930;1
S20254;904;88;73930;73965;1
S20254;904;88;76470;76480;0
S20254;904;11;76480;76485;0
S20254;904;10;76485;76490;0
S20254;904;9;76490;76495;0
S20254;904;8;76495;76500;0
S20254;904;7;76500;76505;0
S20254;904;6;76505;76510;0
S20254;904;5;76510;76515;0
S20254;904;4;76515;76520;0
S20254;904;3;76520;76525;0
S20254;904;2;76525;76530;0
S20254;904;1;76530;76550;0
S20254;905;0;68460;68460;1
S20254;905;1;68460;68480;1
S20254;905;2;68480;68485;1
S20254;905;3;68485;68490;1
S20254;905;4;68490;68495;1
S20254;905;5;68495;68500;1
S20254;905;6;68500;68505;1
S20254;905;7;68505;68510;1
S20254;905;8;68510;68515;1
S20254;905;9;68515;68520;1
S20254;905;10;68520;68525;1
S20254;905;53;68525;68540;1
S20254;905;53;71450;71480;0
S20254;905;10;71480;71485;0
S20254;905;9;71485;71490;0
S20254;905;8;71490;71495;0
S20254;905;7;71495;71500;0
S20254;905;6;71500;71505;0
S20254;905;5;71505;71510;0
S20254;905;4;71510;71515;0
S20254;905;3;71515;71520;0
S20254;905;2;71520;71525;0
S20254;905;1;71525;71545;0
S20254;906;0;68525;68525;1
S20254;906;1;68525;68545;1
S20254;906;2;68545;68550;1
S20254;906;3;68550;68555;1
S20254;906;20;68555;68590;1
S20254;906;20;72195;72205;0
S20254;906;3;72205;72210;0
S20254;906;2;72210;72215;0
S20254;906;1;72215;72235;0
S20254;907;0;68580;68580;1
S20254;907;1;68890;68910;1
S20254;907;2;68910;68915;1
S20254;907;3;68915;68920;1
S20254;907;4;68920;68925;1
S20254;907;5;68925;68930;1
S20254;907;6;68930;68935;1
S20254;907;39;68935;68970;1
S20254;907;39;75130;75140;0
S20254;907;6;75140;75145;0
S20254;907;5;75145;75150;0
S20254;907;4;75150;75155;0
S20254;907;3;75155;75160;0
S20254;907;2;75160;75165;0
S20254;907;1;75165;75185;0
S20254;908;0;68640;68640;1
S20254;908;1;68665;68685;1
S20254;908;2;68685;68690;1
S20254;908;3;68690;68695;1
S20254;908;17;68695;68730;1
S20254;908;17;70920;70930;0
S20254;908;3;70930;70935;0
S20254;908;2;70935;70940;0
S20254;908;1;70940;70960;0
S20254;909;0;68760;68760;1
S20254;909;1;69130;69150;1
S20254;909;2;69150;69155;1
S20254;909;3;69155;69160;1
S20254;909;4;69160;69165;1
S20254;909;5;69165;69170;1
S20254;909;36;69170;69185;1
S20254;909;36;70300;70330;0
S20254;909;5;70330;70335;0
S20254;909;4;70335;70340;0
S20254;909;3;70340;70345;0
S20254;909;2;70345;70350;0
S20254;909;1;70350;70370;0
S20254;910;0;68850;68850;1
S20254;910;1;69180;69200;1
S20254;910;2;69200;69205;1
S20254;910;3;69205;69210;1
S20254;910;4;69210;69215;1
S20254;910;5;69215;69220;1
S20254;910;27;69220;69235;1
S20254;910;27;73485;73515;0
S20254;910;5;73515;73520;0
S20254;910;4;73520;73525;0
S20254;910;3;73525;73530;0
S20254;910;2;73530;73535;0
S20254;910;1;73535;73555;0
S20254;911;0;68910;68910;1
S20254;911;1;68910;68930;1
S20254;911;2;68930;68935;1
S20254;911;3;68935;68940;1
S20254;911;4;68940;68945;1
S20254;911;5;68945;68950;1
S20254;911;34;68950;68965;1
S20254;911;34;69940;69970;0
S20254;911;5;69970;69975;0
S20254;911;4;69975;69980;0
S20254;911;3;69980;69985;0
S20254;911;2;69985;69990;0
S20254;911;1;69990;70010;0
S20254;912;0;68985;68985;1
S20254;912;1;69115;69135;1
S20254;912;2;69135;69140;1
S20254;912;3;69140;69145;1
S20254;912;4;69145;69150;1
S20254;912;5;69150;69155;1
S20254;912;6;69155;69160;1
S20254;912;7;69160;69165;1
S20254;912;8;69165;69170;1
S20254;912;9;69170;69175;1
S20254;912;10;69175;69180;1
S20254;912;11;69180;69185;1
S20254;912;58;69185;69200;1
S20254;912;58;69785;69815;0
S20254;912;11;69815;69820;0
S20254;912;10;69820;69825;0
S20254;912;9;69825;69830;0
S20254;912;8;69830;69835;0
S20254;912;7;69835;69840;0
S20254;912;6;69840;69845;0
S20254;912;5;69845;69850;0
S20254;912;4;69850;69855;0
S20254;912;3;69855;69860;0
S20254;912;2;69860;69865;0
S20254;912;1;69865;69885;0
S20254;913;0;69050;69050;1
S20254;913;1;79790;79810;1
S20254;913;2;79810;79815;1
S20254;913;3;79815;79820;1
S20254;913;4;79820;79825;1
S20254;913;5;79825;79830;1
S20254;913;6;79830;79835;1
S20254;913;7;79835;79840;1
S20254;913;8;79840;79845;1
S20254;913;9;79845;79850;1
S20254;913;10;79850;79855;1
S20254;913;11;79855;79860;1
S20254;913;12;79860;79865;1
S20254;913;13;79865;79870;1
S20254;913;69;79870;79905;1
S20254;913;69;80880;80890;0
S20254;913;13;80890;80895;0
S20254;913;12;80895;80900;0
S20254;913;11;80900;80905;0
S20254;913;10;80905;80910;0
S20254;913;9;80910;80915;0
S20254;913;8;80915;80920;0
S20254;913;7;80920;80925;0
S20254;913;6;80925;80930;0
S20254;913;5;80930;80935;0
S20254;913;4;80935;80940;0
S20254;913;3;80940;80945;0
S20254;913;2;80945;80950;0
S20254;913;1;80950;80970;0
S20254;914;0;69120;69120;1
S20254;914;1;69165;69185;1
S20254;914;2;69185;69190;1
S20254;914;3;69190;69195;1
S20254;914;4;69195;69200;1
S20254;914;5;69200;69205;1
S20254;914;6;69205;69210;1
S20254;914;7;69210;69215;1
S20254;914;8;69215;69220;1
S20254;914;9;69220;69225;1
S20254;914;10;69225;69230;1
S20254;914;11;69230;69235;1
S20254;914;12;69235;69240;1
S20254;914;13;69240;69245;1
S20254;914;68;69245;69260;1
S20254;914;68;71575;71605;0
S20254;914;13;71605;71610;0
S20254;914;12;71610;71615;0
S20254;914;11;71615;71620;0
S20254;914;10;71620;71625;0
S20254;914;9;71625;71630;0
S20254;914;8;71630;71635;0
S20254;914;7;71635;71640;0
S20254;914;6;71640;71645;0
S20254;914;5;71645;71650;0
S20254;914;4;71650;71655;0
S20254;914;3;71655;71660;0
S20254;914;2;71660;71665;0
S20254;914;1;71665;71685;0
S20254;915;0;69150;69150;1
S20254;915;1;101700;101720;1
S20254;915;2;101720;101725;1
S20254;915;3;101725;101730;1
S20254;915;4;101730;101735;1
S20254;915;23;101735;101770;1
S20254;915;23;105835;105845;0
S20254;915;4;105845;105850;0
S20254;915;3;105850;105855;0
S20254;915;2;105855;105860;0
S20254;915;1;105860;105880;0
S20254;916;0;69175;69175;1
S20254;916;1;82290;82310;1
S20254;916;2;82310;82315;1
S20254;916;3;82315;82320;1
S20254;916;18;82320;82355;1
S20254;916;18;89710;89720;0
S20254;916;3;89720;89725;0
S20254;916;2;89725;89730;0
S20254;916;1;89730;89750;0
S20254;917;0;69265;69265;1
S20254;917;1;69625;69645;1
S20254;917;2;69645;69650;1
S20254;917;3;69650;69655;1
S20254;917;4;69655;69660;1
S20254;917;5;69660;69665;1
S20254;917;6;69665;69670;1
S20254;917;7;69670;69675;1
S20254;917;8;69675;69680;1
S20254;917;9;69680;69685;1
S20254;917;10;69685;69690;1
S20254;917;11;69690;69695;1
S20254;917;12;69695;69700;1
S20254;917;64;69700;69715;1
S20254;917;64;70805;70835;0
S20254;917;12;70835;70840;0
S20254;917;11;70840;70845;0
S20254;917;10;70845;70850;0
S20254;917;9;70850;70855;0
S20254;917;8;70855;70860;0
S20254;917;7;70860;70865;0
S20254;917;6;70865;70870;0
S20254;917;5;70870;70875;0
S20254;917;4;70875;70880;0
S20254;917;3;70880;70885;0
S20254;917;2;70885;70890;0
S20254;917;1;70890;70910;0
S20254;918;0;69310;69310;1
S20254;918;1;69640;69660;1
S20254;918;2;69660;69665;1
S20254;918;3;69665;69670;1
S20254;918;4;69670;69675;1
S20254;918;5;69675;69680;1
S20254;918;6;69680;69685;1
S20254;918;7;69685;69690;1
S20254;918;8;69690;69695;1
S20254;918;9;69695;69700;1
S20254;918;10;69700;69705;1
S20254;918;11;69705;69710;1
S20254;918;61;69710;69745;1
S20254;918;61;71275;71285;0
S20254;918;11;71285;71290;0
S20254;918;10;71290;71295;0
S20254;918;9;71295;71300;0
S20254;918;8;71300;71305;0
S20254;918;7;71305;71310;0
S20254;918;6;71310;71315;0
S20254;918;5;71315;71320;0
S20254;918;4;71320;71325;0
S20254;918;3;71325;71330;0
S20254;918;2;71330;71335;0
S20254;918;1;71335;71355;0
S20254;919;0;69325;69325;1
S20254;919;1;69540;69560;1
S20254;919;2;69560;69565;1
S20254;919;3;69565;69570;1
S20254;919;4;69570;69575;1
S20254;919;5;69575;69580;1
S20254;919;35;69580;69595;1
S20254;919;35;70720;70750;0
S20254;919;5;70750;70755;0
S20254;919;4;70755;70760;0
S20254;919;3;70760;70765;0
S20254;919;2;70765;70770;0
S20254;919;1;70770;70790;0
S20254;920;0;69410;69410;1
S20254;920;1;70395;70415;1
S20254;920;2;70415;70420;1
S20254;920;3;70420;70425;1
S20254;920;4;70425;70430;1
S20254;920;5;70430;70435;1
S20254;920;6;70435;70440;1
S20254;920;38;70440;70475;1
S20254;920;38;72965;72975;0
S20254;920;6;72975;72980;0
S20254;920;5;72980;72985;0
S20254;920;4;72985;72990;0
S20254;920;3;72990;72995;0
S20254;920;2;72995;73000;0
S20254;920;1;73000;73020;0
S20254;921;0;69415;69415;1
S20254;921;1;71905;71925;1
S20254;921;2;71925;71930;1
S20254;921;3;71930;71935;1
S20254;921;4;71935;71940;1
S20254;921;5;71940;71945;1
S20254;921;6;71945;71950;1
S20254;921;7;71950;71955;1
S20254;921;8;71955;71960;1
S20254;921;9;71960;71965;1
S20254;921;10;71965;71970;1
S20254;921;11;71970;71975;1
S20254;921;12;71975;71980;1
S20254;921;66;71980;72015;1
S20254;921;66;73320;73330;0
S20254;921;12;73330;73335;0
S20254;921;11;73335;73340;0
S20254;921;10;73340;73345;0
S20254;921;9;73345;73350;0
S20254;921;8;73350;73355;0
S20254;921;7;73355;73360;0
S20254;921;6;73360;73365;0
S20254;921;5;73365;73370;0
S20254;921;4;73370;73375;0
S20254;921;3;73375;73380;0
S20254;921;2;73380;73385;0
S20254;921;1;73385;73405;0
S20254;922;0;69510;69510;1
S20254;922;1;69525;69545;1
S20254;922;2;69545;69550;1
S20254;922;3;69550;69555;1
S20254;922;4;69555;69560;1
S20254;922;5;69560;69565;1
S20254;922;6;69565;69570;1
S20254;922;41;69570;69605;1
S20254;922;41;70315;70345;0
S20254;922;6;70345;70350;0
S20254;922;5;70350;70355;0
S20254;922;4;70355;70360;0
S20254;922;3;70360;70365;0
S20254;922;2;70365;70370;0
S20254;922;1;70370;70390;0
S20254;923;0;69570;69570;1
S20254;923;1;69570;69590;1
S20254;923;2;69590;69595;1
S20254;923;3;69595;69600;1
S20254;923;4;69600;69605;1
S20254;923;5;69605;69610;1
S20254;923;6;69610;69615;1
S20254;923;38;69615;69650;1
S20254;923;38;70275;70285;0
S20254;923;6;70285;70290;0
S20254;923;5;70290;70295;0
S20254;923;4;70295;70300;0
S20254;923;3;70300;70305;0
S20254;923;2;70305;70310;0
S20254;923;1;70310;70330;0
S20254;924;0;69630;69630;1
S20254;924;1;69655;69675;1
S20254;924;83;69675;69710;1
S20254;924;83;70130;70140;0
S20254;924;1;70140;70160;0
S20254;925;0;69720;69720;1
S20254;925;1;72030;72050;1
S20254;925;2;72050;72055;1
S20254;925;3;72055;72060;1
S20254;925;4;72060;72065;1
S20254;925;5;72065;72070;1
S20254;925;6;72070;72075;1
S20254;925;7;72075;72080;1
S20254;925;8;72080;72085;1
S20254;925;9;72085;72090;1
S20254;925;10;72090;72095;1
S20254;925;11;72095;72100;1
S20254;925;12;72100;72105;1
S20254;925;13;72105;72110;1
S20254;925;68;72110;72125;1
S20254;925;68;72940;72970;0
S20254;925;13;72970;72975;0
S20254;925;12;72975;72980;0
S20254;925;11;72980;72985;0
S20254;925;10;72985;72990;0
S20254;925;9;72990;72995;0
S20254;925;8;72995;73000;0
S20254;925;7;73000;73005;0
S20254;925;6;73005;73010;0
S20254;925;5;73010;73015;0
S20254;925;4;73015;73020;0
S20254;925;3;73020;73025;0
S20254;925;2;73025;73030;0
S20254;925;1;73030;73050;0
S20254;926;0;69720;69720;1
S20254;926;1;92455;92475;1
S20254;926;2;92475;92480;1
S20254;926;3;92480;92485;1
S20254;926;4;92485;92490;1
S20254;926;23;92490;92525;1
S20254;926;23;96385;96395;0
S20254;926;4;96395;96400;0
S20254;926;3;96400;96405;0
S20254;926;2;96405;96410;0
S20254;926;1;96410;96430;0
S20254;927;0;69755;69755;1
S20254;927;1;71960;71980;1
S20254;927;2;71980;71985;1
S20254;927;3;71985;71990;1
S20254;927;4;71990;71995;1
S20254;927;5;71995;72000;1
S20254;927;6;72000;72005;1
S20254;927;7;72005;72010;1
S20254;927;8;72010;72015;1
S20254;927;9;72015;72020;1
S20254;927;10;72020;72025;1
S20254;927;11;72025;72030;1
S20254;927;12;72030;72035;1
S20254;927;64;72035;72070;1
S20254;927;64;73335;73345;0
S20254;927;12;73345;73350;0
S20254;927;11;73350;73355;0
S20254;927;10;73355;73360;0
S20254;927;9;73360;73365;0
S20254;927;8;73365;73370;0
S20254;927;7;73370;73375;0
S20254;927;6;73375;73380;0
S20254;927;5;73380;73385;0
S20254;927;4;73385;73390;0
S20254;927;3;73390;73395;0
S20254;927;2;73395;73400;0
S20254;927;1;73400;73420;0
S20254;928;0;69840;69840;1
S20254;928;1;69840;69860;1
S20254;928;2;69860;69865;1
S20254;928;3;69865;69870;1
S20254;928;4;69870;69875;1
S20254;928;5;69875;69880;1
S20254;928;6;69880;69885;1
S20254;928;7;69885;69890;1
S20254;928;8;69890;69895;1
S20254;928;9;69895;69900;1
S20254;928;10;69900;69905;1
S20254;928;11;69905;69910;1
S20254;928;59;69910;69945;1
S20254;928;59;72470;72480;0
S20254;928;11;72480;72485;0
S20254;928;10;72485;72490;0
S20254;928;9;72490;72495;0
S20254;928;8;72495;72500;0
S20254;928;7;72500;72505;0
S20254;928;6;72505;72510;0
S20254;928;5;72510;72515;0
S20254;928;4;72515;72520;0
S20254;928;3;72520;72525;0
S20254;928;2;72525;72530;0
S20254;928;1;72530;72550;0
S20254;929;0;69870;69870;1
S20254;929;1;69890;69910;1
S20254;929;2;69910;69915;1
S20254;929;3;69915;69920;1
S20254;929;4;69920;69925;1
S20254;929;5;69925;69930;1
S20254;929;6;69930;69935;1
S20254;929;7;69935;69940;1
S20254;929;8;69940;69945;1
S20254;929;9;69945;69950;1
S20254;929;51;69950;69985;1
S20254;929;51;70775;70785;0
S20254;929;9;70785;70790;0
S20254;929;8;70790;70795;0
S20254;929;7;70795;70800;0
S20254;929;6;70800;70805;0
S20254;929;5;70805;70810;0
S20254;929;4;70810;70815;0
S20254;929;3;70815;70820;0
S20254;929;2;70820;70825;0
S20254;929;1;70825;70845;0
S20254;930;0;69885;69885;1
S20254;930;1;106630;106650;1
S20254;930;2;106650;106655;1
S20254;930;3;106655;106660;1
S20254;930;4;106660;106665;1
S20254;930;5;106665;106670;1
S20254;930;6;106670;106675;1
S20254;930;7;106675;106680;1
S20254;930;46;106680;106715;1
S20254;930;46;109750;109760;0
S20254;930;7;109760;109765;0
S20254;930;6;109765;109770;0
S20254;930;5;109770;109775;0
S20254;930;4;109775;109780;0
S20254;930;3;109780;109785;0
S20254;930;2;109785;109790;0
S20254;930;1;109790;109810;0
S20254;931;0;69920;69920;1
S20254;931;1;80160;80180;1
S20254;931;2;80180;80185;1
S20254;931;3;80185;80190;1
S20254;931;4;80190;80195;1
S20254;931;26;80195;80230;1
S20254;931;26;83470;83480;0
S20254;931;4;83480;83485;0
S20254;931;3;83485;83490;0
S20254;931;2;83490;83495;0
S20254;931;1;83495;83515;0
S20254;932;0;69960;69960;1
S20254;932;1;77825;77845;1
S20254;932;2;77845;77850;1
S20254;932;3;77850;77855;1
S20254;932;17;77855;77890;1
S20254;932;17;80245;80255;0
S20254;932;3;80255;80260;0
S20254;932;2;80260;80265;0
S20254;932;1;80265;80285;0
S20254;933;0;70160;70160;1
S20254;933;1;71920;71940;1
S20254;933;2;71940;71945;1
S20254;933;3;71945;71950;1
S20254;933;4;71950;71955;1
S20254;933;5;71955;71960;1
S20254;933;6;71960;71965;1
S20254;933;7;71965;71970;1
S20254;933;8;71970;71975;1
S20254;933;9;71975;71980;1
S20254;933;51;71980;72015;1
S20254;933;51;78135;78145;0
S20254;933;9;78145;78150;0
S20254;933;8;78150;78155;0
S20254;933;7;78155;78160;0
S20254;933;6;78160;78165;0
S20254;933;5;78165;78170;0
S20254;933;4;78170;78175;0
S20254;933;3;78175;78180;0
S20254;933;2;78180;78185;0
S20254;933;1;78185;78205;0
S20254;934;0;70395;70395;1
S20254;934;1;70640;70660;1
S20254;934;2;70660;70665;1
S20254;934;3;70665;70670;1
S20254;934;4;70670;70675;1
S20254;934;5;70675;70680;1
S20254;934;6;70680;70685;1
S20254;934;7;70685;70690;1
S20254;934;8;70690;70695;1
S20254;934;9;70695;70700;1
S20254;934;10;70700;70705;1
S20254;934;11;70705;70710;1
S20254;934;55;70710;70745;1
S20254;934;55;72955;72965;0
S20254;934;11;72965;72970;0
S20254;934;10;72970;72975;0
S20254;934;9;72975;72980;0
S20254;934;8;72980;72985;0
S20254;934;7;72985;72990;0
S20254;934;6;72990;72995;0
S20254;934;5;72995;73000;0
S20254;934;4;73000;73005;0
S20254;934;3;73005;73010;0
S20254;934;2;73010;73015;0
S20254;934;1;73015;73035;0
S20254;935;0;70425;70425;1
S20254;935;1;76865;76885;1
S20254;935;2;76885;76890;1
S20254;935;3;76890;76895;1
S20254;935;4;76895;76900;1
S20254;935;5;76900;76905;1
S20254;935;28;76905;76940;1
S20254;935;28;79390;79400;0
S20254;935;5;79400;79405;0
S20254;935;4;79405;79410;0
S20254;935;3;79410;79415;0
S20254;935;2;79415;79420;0
S20254;935;1;79420;79440;0
S20254;936;0;70470;70470;1
S20254;936;1;70550;70570;1
S20254;936;2;70570;70575;1
S20254;936;3;70575;70580;1
S20254;936;4;70580;70585;1
S20254;936;5;70585;70590;1
S20254;936;6;70590;70595;1
S20254;936;43;70595;70630;1
S20254;936;43;71600;71610;0
S20254;936;6;71610;71615;0
S20254;936;5;71615;71620;0
S20254;936;4;71620;71625;0
S20254;936;3;71625;71630;0
S20254;936;2;71630;71635;0
S20254;936;1;71635;71655;0
S20254;937;0;70505;70505;1
S20254;937;1;70605;70625;1
S20254;937;2;70625;70630;1
S20254;937;3;70630;70635;1
S20254;937;4;70635;70640;1
S20254;937;5;70640;70645;1
S20254;937;6;70645;70650;1
S20254;937;7;70650;70655;1
S20254;937;8;70655;70660;1
S20254;937;9;70660;70665;1
S20254;937;10;70665;70670;1
S20254;937;11;70670;70675;1
S20254;937;12;70675;70680;1
S20254;937;65;70680;70695;1
S20254;937;65;72185;72215;0
S20254;937;12;72215;72220;0
S20254;937;11;72220;72225;0
S20254;937;10;72225;72230;0
S20254;937;9;72230;72235;0
S20254;937;8;72235;72240;0
S20254;937;7;72240;72245;0
S20254;937;6;72245;72250;0
S20254;937;5;72250;72255;0
S20254;937;4;72255;72260;0
S20254;937;3;72260;72265;0
S20254;937;2;72265;72270;0
S20254;937;1;72270;72290;0
S20254;938;0;70555;70555;1
S20254;938;1;71130;71150;1
S20254;938;2;71150;71155;1
S20254;938;3;71155;71160;1
S20254;938;4;71160;71165;1
S20254;938;5;71165;71170;1
S20254;938;6;71170;71175;1
S20254;938;7;71175;71180;1
S20254;938;8;71180;71185;1
S20254;938;9;71185;71190;1
S20254;938;10;71190;71195;1
S20254;938;52;71195;71210;1
S20254;938;52;72905;72935;0
S20254;938;10;72935;72940;0
S20254;938;9;72940;72945;0
S20254;938;8;72945;72950;0
S20254;938;7;72950;72955;0
S20254;938;6;72955;72960;0
S20254;938;5;72960;72965;0
S20254;938;4;72965;72970;0
S20254;938;3;72970;72975;0
S20254;938;2;72975;72980;0
S20254;938;1;72980;73000;0
S20254;939;0;70660;70660;1
S20254;939;1;70685;70705;1
S20254;939;2;70705;70710;1
S20254;939;3;70710;70715;1
S20254;939;4;70715;70720;1
S20254;939;5;70720;70725;1
S20254;939;35;70725;70740;1
S20254;939;35;71420;71450;0
S20254;939;5;71450;71455;0
S20254;939;4;71455;71460;0
S20254;939;3;71460;71465;0
S20254;939;2;71465;71470;0
S20254;939;1;71470;71490;0
S20254;940;0;70720;70720;1
S20254;940;1;71990;72010;1
S20254;940;83;72010;72045;1
S20254;940;83;73255;73265;0
S20254;940;1;73265;73285;0
S20254;941;0;70920;70920;1
S20254;941;1;71940;71960;1
S20254;941;2;71960;71965;1
S20254;941;3;71965;71970;1
S20254;941;4;71970;71975;1
S20254;941;5;71975;71980;1
S20254;941;36;71980;71995;1
S20254;941;36;72895;72925;0
S20254;941;5;72925;72930;0
S20254;941;4;72930;72935;0
S20254;941;3;72935;72940;0
S20254;941;2;72940;72945;0
S20254;941;1;72945;72965;0
S20254;942;0;70950;70950;1
S20254;942;1;71975;71995;1
S20254;942;2;71995;72000;1
S20254;942;3;72000;72005;1
S20254;942;4;72005;72010;1
S20254;942;5;72010;72015;1
S20254;942;31;72015;72050;1
S20254;942;31;72860;72890;0
S20254;942;5;72890;72895;0
S20254;942;4;72895;72900;0
S20254;942;3;72900;72905;0
S20254;942;2;72905;72910;0
S20254;942;1;72910;72930;0
S20254;943;0;70980;70980;1
S20254;943;1;71005;71025;1
S20254;943;2;71025;71030;1
S20254;943;3;71030;71035;1
S20254;943;4;71035;71040;1
S20254;943;5;71040;71045;1
S20254;943;33;71045;71060;1
S20254;943;33;72180;72210;0
S20254;943;5;72210;72215;0
S20254;943;4;72215;72220;0
S20254;943;3;72220;72225;0
S20254;943;2;72225;72230;0
S20254;943;1;72230;72250;0
S20254;944;0;71010;71010;1
S20254;944;1;71020;71040;1
S20254;944;2;71040;71045;1
S20254;944;3;71045;71050;1
S20254;944;4;71050;71055;1
S20254;944;22;71055;71070;1
S20254;944;22;82645;82675;0
S20254;944;4;82675;82680;0
S20254;944;3;82680;82685;0
S20254;944;2;82685;82690;0
S20254;944;1;82690;82710;0
S20254;945;0;71165;71165;1
S20254;945;1;72045;72065;1
S20254;945;2;72065;72070;1
S20254;945;3;72070;72075;1
S20254;945;4;72075;72080;1
S20254;945;5;72080;72085;1
S20254;945;35;72085;72120;1
S20254;945;35;73340;73350;0
S20254;945;5;73350;73355;0
S20254;945;4;73355;73360;0
S20254;945;3;73360;73365;0
S20254;945;2;73365;73370;0
S20254;945;1;73370;73390;0
S20254;946;0;71195;71195;1
S20254;946;1;74895;74915;1
S20254;946;2;74915;74920;1
S20254;946;3;74920;74925;1
S20254;946;4;74925;74930;1
S20254;946;5;74930;74935;1
S20254;946;34;74935;74950;1
S20254;946;34;75985;76015;0
S20254;946;5;76015;76020;0
S20254;946;4;76020;76025;0
S20254;946;3;76025;76030;0
S20254;946;2;76030;76035;0
S20254;946;1;76035;76055;0
S20254;947;0;71210;71210;1
S20254;947;1;83570;83590;1
S20254;947;2;83590;83595;1
S20254;947;3;83595;83600;1
S20254;947;4;83600;83605;1
S20254;947;26;83605;83640;1
S20254;947;26;86310;86320;0
S20254;947;4;86320;86325;0
S20254;947;3;86325;86330;0
S20254;947;2;86330;86335;0
S20254;947;1;86335;86355;0
S20254;948;0;71280;71280;1
S20254;948;1;74000;74020;1
S20254;948;2;74020;74025;1
S20254;948;3;74025;74030;1
S20254;948;4;74030;74035;1
S20254;948;5;74035;74040;1
S20254;948;30;74040;74075;1
S20254;948;30;78585;78595;0
S20254;948;5;78595;78600;0
S20254;948;4;78600;78605;0
S20254;948;3;78605;78610;0
S20254;948;2;78610;78615;0
S20254;948;1;78615;78635;0
S20254;949;0;71340;71340;1
S20254;949;1;83825;83845;1
S20254;949;2;83845;83850;1
S20254;949;3;83850;83855;1
S20254;949;4;83855;83860;1
S20254;949;24;83860;83895;1
S20254;949;24;91485;91495;0
S20254;949;4;91495;91500;0
S20254;949;3;91500;91505;0
S20254;949;2;91505;91510;0
S20254;949;1;91510;91530;0
S20254;950;0;71370;71370;1
S20254;950;1;71730;71750;1
S20254;950;2;71750;71755;1
S20254;950;3;71755;71760;1
S20254;950;4;71760;71765;1
S20254;950;5;71765;71770;1
S20254;950;6;71770;71775;1
S20254;950;43;71775;71810;1
S20254;950;43;73515;73525;0
S20254;950;6;73525;73530;0
S20254;950;5;73530;73535;0
S20254;950;4;73535;73540;0
S20254;950;3;73540;73545;0
S20254;950;2;73545;73550;0
S20254;950;1;73550;73570;0
S20254;951;0;71400;71400;1
S20254;951;1;83585;83605;1
S20254;951;2;83605;83610;1
S20254;951;3;83610;83615;1
S20254;951;17;83615;83650;1
S20254;951;17;86880;86890;0
S20254;951;3;86890;86895;0
S20254;951;2;86895;86900;0
S20254;951;1;86900;86920;0
S20254;952;0;71400;71400;1
S20254;952;1;72130;72150;1
S20254;952;2;72150;72155;1
S20254;952;3;72155;72160;1
S20254;952;4;72160;72165;1
S20254;952;5;72165;72170;1
S20254;952;6;72170;72175;1
S20254;952;7;72175;72180;1
S20254;952;8;72180;72185;1
S20254;952;49;72185;72220;1
S20254;952;49;78340;78350;0
S20254;952;8;78350;78355;0
S20254;952;7;78355;78360;0
S20254;952;6;78360;78365;0
S20254;952;5;78365;78370;0
S20254;952;4;78370;78375;0
S20254;952;3;78375;78380;0
S20254;952;2;78380;78385;0
S20254;952;1;78385;78405;0
S20254;953;0;71775;71775;1
S20254;953;1;71890;71910;1
S20254;953;2;71910;71915;1
S20254;953;3;71915;71920;1
S20254;953;4;71920;71925;1
S20254;953;5;71925;71930;1
S20254;953;6;71930;71935;1
S20254;953;7;71935;71940;1
S20254;953;8;71940;71945;1
S20254;953;9;71945;71950;1
S20254;953;10;71950;71955;1
S20254;953;11;71955;71960;1
S20254;953;12;71960;71965;1
S20254;953;13;71965;71970;1
S20254;953;70;71970;72005;1
S20254;953;70;73345;73355;0
S20254;953;13;73355;73360;0
S20254;953;12;73360;73365;0
S20254;953;11;73365;73370;0
S20254;953;10;73370;73375;0
S20254;953;9;73375;73380;0
S20254;953;8;73380;73385;0
S20254;953;7;73385;73390;0
S20254;953;6;73390;73395;0
S20254;953;5;73395;73400;0
S20254;953;4;73400;73405;0
S20254;953;3;73405;73410;0
S20254;953;2;73410;73415;0
S20254;953;1;73415;73435;0
S20254;954;0;71820;71820;1
S20254;954;1;73785;73805;1
S20254;954;2;73805;73810;1
S20254;954;3;73810;73815;1
S20254;954;4;73815;73820;1
S20254;954;5;73820;73825;1
S20254;954;6;73825;73830;1
S20254;954;7;73830;73835;1
S20254;954;45;73835;73870;1
S20254;954;45;75140;75150;0
S20254;954;7;75150;75155;0
S20254;954;6;75155;75160;0
S20254;954;5;75160;75165;0
S20254;954;4;75165;75170;0
S20254;954;3;75170;75175;0
S20254;954;2;75175;75180;0
S20254;954;1;75180;75200;0
S20254;955;0;71850;71850;1
S20254;955;1;71850;71870;1
S20254;955;2;71870;71875;1
S20254;955;3;71875;71880;1
S20254;955;4;71880;71885;1
S20254;955;5;71885;71890;1
S20254;955;34;71890;71925;1
S20254;955;34;73670;73680;0
S20254;955;5;73680;73685;0
S20254;955;4;73685;73690;0
S20254;955;3;73690;73695;0
S20254;955;2;73695;73700;0
S20254;955;1;73700;73720;0
S20254;956;0;71860;71860;1
S20254;956;1;89310;89330;1
S20254;956;2;89330;89335;1
S20254;956;3;89335;89340;1
S20254;956;19;89340;89375;1
S20254;956;19;92365;92375;0
S20254;956;3;92375;92380;0
S20254;956;2;92380;92385;0
S20254;956;1;92385;92405;0
S20254;957;0;71865;71865;1
S20254;957;1;82195;82215;1
S20254;957;2;82215;82220;1
S20254;957;3;82220;82225;1
S20254;957;4;82225;82230;1
S20254;957;5;82230;82235;1
S20254;957;6;82235;82240;1
S20254;957;7;82240;82245;1
S20254;957;45;82245;82280;1
S20254;957;45;84010;84020;0
S20254;957;7;84020;84025;0
S20254;957;6;84025;84030;0
S20254;957;5;84030;84035;0
S20254;957;4;84035;84040;0
S20254;957;3;84040;84045;0
S20254;957;2;84045;84050;0
S20254;957;1;84050;84070;0
S20254;958;0;72010;72010;1
S20254;958;1;80680;80700;1
S20254;958;2;80700;80705;1
S20254;958;3;80705;80710;1
S20254;958;4;80710;80715;1
S20254;958;5;80715;80720;1
S20254;958;6;80720;80725;1
S20254;958;7;80725;80730;1
S20254;958;8;80730;80735;1
S20254;958;9;80735;80740;1
S20254;958;10;80740;80745;1
S20254;958;11;80745;80750;1
S20254;958;12;80750;80755;1
S20254;958;13;80755;80760;1
S20254;958;14;80760;80765;1
S20254;958;15;80765;80770;1
S20254;958;16;80770;80785;1
S20254;958;73;80785;80830;1
S20254;958;73;86520;86530;0
S20254;958;16;86530;86545;0
S20254;958;15;86545;86550;0
S20254;958;14;86550;86555;0
S20254;958;13;86555;86560;0
S20254;958;12;86560;86565;0
S20254;958;11;86565;86570;0
S20254;958;10;86570;86575;0
S20254;958;9;86575;86580;0
S20254;958;8;86580;86585;0
S20254;958;7;86585;86590;0
S20254;958;6;86590;86595;0
S20254;958;5;86595;86600;0
S20254;958;4;86600;86605;0
S20254;958;3;86605;86610;0
S20254;958;2;86610;86615;0
S20254;958;1;86615;86635;0
S20254;959;0;72090;72090;1
S20254;959;1;72100;72120;1
S20254;959;2;72120;72125;1
S20254;959;3;72125;72130;1
S20254;959;4;72130;72135;1
S20254;959;5;72135;72140;1
S20254;959;6;72140;72145;1
S20254;959;7;72145;72150;1
S20254;959;8;72150;72155;1
S20254;959;9;72155;72160;1
S20254;959;10;72160;72165;1
S20254;959;11;72165;72170;1
S20254;959;12;72170;72175;1
S20254;959;13;72175;72180;1
S20254;959;69;72180;72215;1
S20254;959;69;79695;79705;0
S20254;959;13;79705;79710;0
S20254;959;12;79710;79715;0
S20254;959;11;79715;79720;0
S20254;959;10;79720;79725;0
S20254;959;9;79725;79730;0
S20254;959;8;79730;79735;0
S20254;959;7;79735;79740;0
S20254;959;6;79740;79745;0
S20254;959;5;79745;79750;0
S20254;959;4;79750;79755;0
S20254;959;3;79755;79760;0
S20254;959;2;79760;79765;0
S20254;959;1;79765;79785;0
S20254;960;0;72155;72155;1
S20254;960;1;72155;72175;1
S20254;960;2;72175;72180;1
S20254;960;3;72180;72185;1
S20254;960;4;72185;72190;1
S20254;960;5;72190;72195;1
S20254;960;33;72195;72210;1
S20254;960;33;74145;74175;0
S20254;960;5;74175;74180;0
S20254;960;4;74180;74185;0
S20254;960;3;74185;74190;0
S20254;960;2;74190;74195;0
S20254;960;1;74195;74215;0
S20254;961;0;72225;72225;1
S20254;961;1;73615;73635;1
S20254;961;2;73635;73640;1
S20254;961;3;73640;73645;1
S20254;961;4;73645;73650;1
S20254;961;5;73650;73655;1
S20254;961;6;73655;73660;1
S20254;961;43;73660;73695;1
S20254;961;43;74235;74245;0
S20254;961;6;74245;74250;0
S20254;961;5;74250;74255;0
S20254;961;4;74255;74260;0
S20254;961;3;74260;74265;0
S20254;961;2;74265;74270;0
S20254;961;1;74270;74290;0
S20254;962;0;72345;72345;1
S20254;962;1;72350;72370;1
S20254;962;2;72370;72375;1
S20254;962;3;72375;72380;1
S20254;962;4;72380;72385;1
S20254;962;5;72385;72390;1
S20254;962;6;72390;72395;1
S20254;962;81;72395;72430;1
S20254;962;81;73105;73135;0
S20254;962;6;73135;73140;0
S20254;962;5;73140;73145;0
S20254;962;4;73145;73150;0
S20254;962;3;73150;73155;0
S20254;962;2;73155;73160;0
S20254;962;1;73160;73180;0
S20254;963;0;72380;72380;1
S20254;963;1;73055;73075;1
S20254;963;2;73075;73080;1
S20254;963;3;73080;73085;1
S20254;963;4;73085;73090;1
S20254;963;5;73090;73095;1
S20254;963;31;73095;73130;1
S20254;963;31;73925;73955;0
S20254;963;5;73955;73960;0
S20254;963;4;73960;73965;0
S20254;963;3;73965;73970;0
S20254;963;2;73970;73975;0
S20254;963;1;73975;73995;0
S20254;964;0;72420;72420;1
S20254;964;1;86505;86525;1
S20254;964;2;86525;86530;1
S20254;964;3;86530;86535;1
S20254;964;4;86535;86540;1
S20254;964;26;86540;86575;1
S20254;964;26;89180;89190;0
S20254;964;4;89190;89195;0
S20254;964;3;89195;89200;0
S20254;964;2;89200;89205;0
S20254;964;1;89205;89225;0
S20254;965;0;72420;72420;1
S20254;965;1;72440;72460;1
S20254;965;2;72460;72465;1
S20254;965;3;72465;72470;1
S20254;965;4;72470;72475;1
S20254;965;5;72475;72480;1
S20254;965;6;72480;72485;1
S20254;965;7;72485;72490;1
S20254;965;8;72490;72495;1
S20254;965;9;72495;72500;1
S20254;965;10;72500;72505;1
S20254;965;11;72505;72510;1
S20254;965;12;72510;72515;1
S20254;965;13;72515;72520;1
S20254;965;14;72520;72525;1
S20254;965;15;72525;72530;1
S20254;965;16;72530;72545;1
S20254;965;78;72545;72580;1
S20254;965;78;75650;75660;0
S20254;965;16;75660;75675;0
S20254;965;15;75675;75680;0
S20254;965;14;75680;75685;0
S20254;965;13;75685;75690;0
S20254;965;12;75690;75695;0
S20254;965;11;75695;75700;0
S20254;965;10;75700;75705;0
S20254;965;9;75705;75710;0
S20254;965;8;75710;75715;0
S20254;965;7;75715;75720;0
S20254;965;6;75720;75725;0
S20254;965;5;75725;75730;0
S20254;965;4;75730;75735;0
S20254;965;3;75735;75740;0
S20254;965;2;75740;75745;0
S20254;965;1;75745;75765;0
S20254;966;0;72430;72430;1
S20254;966;1;85270;85290;1
S20254;966;2;85290;85295;1
S20254;966;3;85295;85300;1
S20254;966;4;85300;85305;1
S20254;966;5;85305;85310;1
S20254;966;6;85310;85315;1
S20254;966;7;85315;85320;1
S20254;966;8;85320;85325;1
S20254;966;9;85325;85330;1
S20254;966;10;85330;85335;1
S20254;966;11;85335;85340;1
S20254;966;12;85340;85345;1
S20254;966;13;85345;85350;1
S20254;966;14;85350;85355;1
S20254;966;15;85355;85360;1
S20254;966;16;85360;85375;1
S20254;966;74;85375;85420;1
S20254;966;74;93680;93690;0
S20254;966;16;93690;93705;0
S20254;966;15;93705;93710;0
S20254;966;14;93710;93715;0
S20254;966;13;93715;93720;0
S20254;966;12;93720;93725;0
S20254;966;11;93725;93730;0
S20254;966;10;93730;93735;0
S20254;966;9;93735;93740;0
S20254;966;8;93740;93745;0
S20254;966;7;93745;93750;0
S20254;966;6;93750;93755;0
S20254;966;5;93755;93760;0
S20254;966;4;93760;93765;0
S20254;966;3;93765;93770;0
S20254;966;2;93770;93775;0
S20254;966;1;93775;93795;0
S20254;967;0;72480;72480;1
S20254;967;1;73290;73310;1
S20254;967;2;73310;73315;1
S20254;967;3;73315;73320;1
S20254;967;4;73320;73325;1
S20254;967;5;73325;73330;1
S20254;967;35;73330;73345;1
S20254;967;35;74465;74495;0
S20254;967;5;74495;74500;0
S20254;967;4;74500;74505;0
S20254;967;3;74505;74510;0
S20254;967;2;74510;74515;0
S20254;967;1;74515;74535;0
S20254;968;0;72550;72550;1
S20254;968;1;74920;74940;1
S20254;968;2;74940;74945;1
S20254;968;3;74945;74950;1
S20254;968;4;74950;74955;1
S20254;968;5;74955;74960;1
S20254;968;6;74960;74965;1
S20254;968;7;74965;74970;1
S20254;968;8;74970;74975;1
S20254;968;9;74975;74980;1
S20254;968;10;74980;74985;1
S20254;968;11;74985;74990;1
S20254;968;12;74990;74995;1
S20254;968;13;74995;75000;1
S20254;968;14;75000;75005;1
S20254;968;15;75005;75010;1
S20254;968;16;75010;75025;1
S20254;968;75;75025;75040;1
S20254;968;75;76305;76345;0
S20254;968;16;76345;76360;0
S20254;968;15;76360;76365;0
S20254;968;14;76365;76370;0
S20254;968;13;76370;76375;0
S20254;968;12;76375;76380;0
S20254;968;11;76380;76385;0
S20254;968;10;76385;76390;0
S20254;968;9;76390;76395;0
S20254;968;8;76395;76400;0
S20254;968;7;76400;76405;0
S20254;968;6;76405;76410;0
S20254;968;5;76410;76415;0
S20254;968;4;76415;76420;0
S20254;968;3;76420;76425;0
S20254;968;2;76425;76430;0
S20254;968;1;76430;76450;0
S20254;969;0;72750;72750;1
S20254;969;1;72770;72790;1
S20254;969;2;72790;72795;1
S20254;969;3;72795;72800;1
S20254;969;4;72800;72805;1
S20254;969;5;72805;72810;1
S20254;969;6;72810;72815;1
S20254;969;7;72815;72820;1
S20254;969;8;72820;72825;1
S20254;969;9;72825;72830;1
S20254;969;10;72830;72835;1
S20254;969;11;72835;72840;1
S20254;969;12;72840;72845;1
S20254;969;65;72845;72860;1
S20254;969;65;75885;75915;0
S20254;969;12;75915;75920;0
S20254;969;11;75920;75925;0
S20254;969;10;75925;75930;0
S20254;969;9;75930;75935;0
S20254;969;8;75935;75940;0
S20254;969;7;75940;75945;0
S20254;969;6;75945;75950;0
S20254;969;5;75950;75955;0
S20254;969;4;75955;75960;0
S20254;969;3;75960;75965;0
S20254;969;2;75965;75970;0
S20254;969;1;75970;75990;0
S20254;970;0;72750;72750;1
S20254;970;1;72785;72805;1
S20254;970;2;72805;72810;1
S20254;970;3;72810;72815;1
S20254;970;4;72815;72820;1
S20254;970;5;72820;72825;1
S20254;970;6;72825;72830;1
S20254;970;7;72830;72835;1
S20254;970;8;72835;72840;1
S20254;970;9;72840;72845;1
S20254;970;10;72845;72850;1
S20254;970;11;72850;72855;1
S20254;970;59;72855;72890;1
S20254;970;59;74160;74170;0
S20254;970;11;74170;74175;0
S20254;970;10;74175;74180;0
S20254;970;9;74180;74185;0
S20254;970;8;74185;74190;0
S20254;970;7;74190;74195;0
S20254;970;6;74195;74200;0
S20254;970;5;74200;74205;0
S20254;970;4;74205;74210;0
S20254;970;3;74210;74215;0
S20254;970;2;74215;74220;0
S20254;970;1;74220;74240;0
S20254;971;0;72780;72780;1
S20254;971;1;72825;72845;1
S20254;971;2;72845;72850;1
S20254;971;3;72850;72855;1
S20254;971;20;72855;72890;1
S20254;971;20;80070;80080;0
S20254;971;3;80080;80085;0
S20254;971;2;80085;80090;0
S20254;971;1;80090;80110;0
S20254;972;0;72840;72840;1
S20254;972;1;73730;73750;1
S20254;972;2;73750;73755;1
S20254;972;3;73755;73760;1
S20254;972;4;73760;73765;1
S20254;972;5;73765;73770;1
S20254;972;6;73770;73775;1
S20254;972;7;73775;73780;1
S20254;972;8;73780;73785;1
S20254;972;9;73785;73790;1
S20254;972;10;73790;73795;1
S20254;972;11;73795;73800;1
S20254;972;62;73800;73835;1
S20254;972;62;76505;76515;0
S20254;972;11;76515;76520;0
S20254;972;10;76520;76525;0
S20254;972;9;76525;76530;0
S20254;972;8;76530;76535;0
S20254;972;7;76535;76540;0
S20254;972;6;76540;76545;0
S20254;972;5;76545;76550;0
S20254;972;4;76550;76555;0
S20254;972;3;76555;76560;0
S20254;972;2;76560;76565;0
S20254;972;1;76565;76585;0
S20254;973;0;72935;72935;1
S20254;973;1;73595;73615;1
S20254;973;2;73615;73620;1
S20254;973;3;73620;73625;1
S20254;973;4;73625;73630;1
S20254;973;5;73630;73635;1
S20254;973;6;73635;73640;1
S20254;973;7;73640;73645;1
S20254;973;8;73645;73650;1
S20254;973;9;73650;73655;1
S20254;973;10;73655;73660;1
S20254;973;11;73660;73665;1
S20254;973;12;73665;73670;1
S20254;973;66;73670;73685;1
S20254;973;66;74220;74250;0
S20254;973;12;74250;74255;0
S20254;973;11;74255;74260;0
S20254;973;10;74260;74265;0
S20254;973;9;74265;74270;0
S20254;973;8;74270;74275;0
S20254;973;7;74275;74280;0
S20254;973;6;74280;74285;0
S20254;973;5;74285;74290;0
S20254;973;4;74290;74295;0
S20254;973;3;74295;74300;0
S20254;973;2;74300;74305;0
S20254;973;1;74305;74325;0
S20254;974;0;73195;73195;1
S20254;974;1;74865;74885;1
S20254;974;2;74885;74890;1
S20254;974;3;74890;74895;1
S20254;974;4;74895;74900;1
S20254;974;5;74900;74905;1
S20254;974;6;74905;74910;1
S20254;974;7;74910;74915;1
S20254;974;8;74915;74920;1
S20254;974;9;74920;74925;1
S20254;974;10;74925;74930;1
S20254;974;11;74930;74935;1
S20254;974;12;74935;74940;1
S20254;974;13;74940;74945;1
S20254;974;68;74945;74980;1
S20254;974;68;77630;77640;0
S20254;974;13;77640;77645;0
S20254;974;12;77645;77650;0
S20254;974;11;77650;77655;0
S20254;974;10;77655;77660;0
S20254;974;9;77660;77665;0
S20254;974;8;77665;77670;0
S20254;974;7;77670;77675;0
S20254;974;6;77675;77680;0
S20254;974;5;77680;77685;0
S20254;974;4;77685;77690;0
S20254;974;3;77690;77695;0
S20254;974;2;77695;77700;0
S20254;974;1;77700;77720;0
S20254;975;0;73365;73365;1
S20254;975;1;83810;83830;1
S20254;975;2;83830;83835;1
S20254;975;3;83835;83840;1
S20254;975;4;83840;83845;1
S20254;975;5;83845;83850;1
S20254;975;6;83850;83855;1
S20254;975;7;83855;83860;1
S20254;975;8;83860;83865;1
S20254;975;9;83865;83870;1
S20254;975;10;83870;83875;1
S20254;975;11;83875;83880;1
S20254;975;12;83880;83885;1
S20254;975;13;83885;83890;1
S20254;975;70;83890;83925;1
S20254;975;70;87025;87035;0
S20254;975;13;87035;87040;0
S20254;975;12;87040;87045;0
S20254;975;11;87045;87050;0
S20254;975;10;87050;87055;0
S20254;975;9;87055;87060;0
S20254;975;8;87060;87065;0
S20254;975;7;87065;87070;0
S20254;975;6;87070;87075;0
S20254;975;5;87075;87080;0
S20254;975;4;87080;87085;0
S20254;975;3;87085;87090;0
S20254;975;2;87090;87095;0
S20254;975;1;87095;87115;0
S20254;976;0;73430;73430;1
S20254;976;1;77605;77625;1
S20254;976;2;77625;77630;1
S20254;976;3;77630;77635;1
S20254;976;4;77635;77640;1
S20254;976;5;77640;77645;1
S20254;976;6;77645;77650;1
S20254;976;7;77650;77655;1
S20254;976;8;77655;77660;1
S20254;976;9;77660;77665;1
S20254;976;10;77665;77670;1
S20254;976;11;77670;77675;1
S20254;976;12;77675;77680;1
S20254;976;13;77680;77685;1
S20254;976;14;77685;77690;1
S20254;976;15;77690;77695;1
S20254;976;16;77695;77710;1
S20254;976;74;77710;77725;1
S20254;976;74;81395;81435;0
S20254;976;16;81435;81450;0
S20254;976;15;81450;81455;0
S20254;976;14;81455;81460;0
S20254;976;13;81460;81465;0
S20254;976;12;81465;81470;0
S20254;976;11;81470;81475;0
S20254;976;10;81475;81480;0
S20254;976;9;81480;81485;0
S20254;976;8;81485;81490;0
S20254;976;7;81490;81495;0
S20254;976;6;81495;81500;0
S20254;976;5;81500;81505;0
S20254;976;4;81505;81510;0
S20254;976;3;81510;81515;0
S20254;976;2;81515;81520;0
S20254;976;1;81520;81540;0
S20254;977;0;73680;73680;1
S20254;977;1;74080;74100;1
S20254;977;2;74100;74105;1
S20254;977;3;74105;74110;1
S20254;977;4;74110;74115;1
S20254;977;5;74115;74120;1
S20254;977;6;74120;74125;1
S20254;977;7;74125;74130;1
S20254;977;8;74130;74135;1
S20254;977;9;74135;74140;1
S20254;977;10;74140;74145;1
S20254;977;11;74145;74150;1
S20254;977;12;74150;74155;1
S20254;977;64;74155;74190;1
S20254;977;64;76515;76525;0
S20254;977;12;76525;76530;0
S20254;977;11;76530;76535;0
S20254;977;10;76535;76540;0
S20254;977;9;76540;76545;0
S20254;977;8;76545;76550;0
S20254;977;7;76550;76555;0
S20254;977;6;76555;76560;0
S20254;977;5;76560;76565;0
S20254;977;4;76565;76570;0
S20254;977;3;76570;76575;0
S20254;977;2;76575;76580;0
S20254;977;1;76580;76600;0
S20254;978;0;73685;73685;1
S20254;978;1;73845;73865;1
S20254;978;2;73865;73870;1
S20254;978;3;73870;73875;1
S20254;978;4;73875;73880;1
S20254;978;5;73880;73885;1
S20254;978;6;73885;73890;1
S20254;978;7;73890;73895;1
S20254;978;8;73895;73900;1
S20254;978;9;73900;73905;1
S20254;978;10;73905;73910;1
S20254;978;11;73910;73915;1
S20254;978;12;73915;73920;1
S20254;978;13;73920;73925;1
S20254;978;70;73925;73940;1
S20254;978;70;78815;78845;0
S20254;978;13;78845;78850;0
S20254;978;12;78850;78855;0
S20254;978;11;78855;78860;0
S20254;978;10;78860;78865;0
S20254;978;9;78865;78870;0
S20254;978;8;78870;78875;0
S20254;978;7;78875;78880;0
S20254;978;6;78880;78885;0
S20254;978;5;78885;78890;0
S20254;978;4;78890;78895;0
S20254;978;3;78895;78900;0
S20254;978;2;78900;78905;0
S20254;978;1;78905;78925;0
S20254;979;0;73710;73710;1
S20254;979;1;74400;74420;1
S20254;979;2;74420;74425;1
S20254;979;3;74425;74430;1
S20254;979;4;74430;74435;1
S20254;979;5;74435;74440;1
S20254;979;6;74440;74445;1
S20254;979;7;74445;74450;1
S20254;979;8;74450;74455;1
S20254;979;9;74455;74460;1
S20254;979;10;74460;74465;1
S20254;979;53;74465;74480;1
S20254;979;53;76545;76575;0
S20254;979;10;76575;76580;0
S20254;979;9;76580;76585;0
S20254;979;8;76585;76590;0
S20254;979;7;76590;76595;0
S20254;979;6;76595;76600;0
S20254;979;5;76600;76605;0
S20254;979;4;76605;76610;0
S20254;979;3;76610;76615;0
S20254;979;2;76615;76620;0
S20254;979;1;76620;76640;0
S20254;980;0;73800;73800;1
S20254;980;1;73800;73820;1
S20254;980;2;73820;73825;1
S20254;980;3;73825;73830;1
S20254;980;4;73830;73835;1
S20254;980;5;73835;73840;1
S20254;980;6;73840;73845;1
S20254;980;38;73845;73880;1
S20254;980;38;74580;74590;0
S20254;980;6;74590;74595;0
S20254;980;5;74595;74600;0
S20254;980;4;74600;74605;0
S20254;980;3;74605;74610;0
S20254;980;2;74610;74615;0
S20254;980;1;74615;74635;0
S20254;981;0;73830;73830;1
S20254;981;1;73875;73895;1
S20254;981;2;73895;73900;1
S20254;981;3;73900;73905;1
S20254;981;4;73905;73910;1
S20254;981;5;73910;73915;1
S20254;981;6;73915;73920;1
S20254;981;41;73920;73955;1
S20254;981;41;74645;74675;0
S20254;981;6;74675;74680;0
S20254;981;5;74680;74685;0
S20254;981;4;74685;74690;0
S20254;981;3;74690;74695;0
S20254;981;2;74695;74700;0
S20254;981;1;74700;74720;0
S20254;982;0;74055;74055;1
S20254;982;1;74060;74080;1
S20254;982;2;74080;74085;1
S20254;982;3;74085;74090;1
S20254;982;4;74090;74095;1
S20254;982;5;74095;74100;1
S20254;982;6;74100;74105;1
S20254;982;7;74105;74110;1
S20254;982;8;74110;74115;1
S20254;982;48;74115;74130;1
S20254;982;48;87085;87115;0
S20254;982;8;87115;87120;0
S20254;982;7;87120;87125;0
S20254;982;6;87125;87130;0
S20254;982;5;87130;87135;0
S20254;982;4;87135;87140;0
S20254;982;3;87140;87145;0
S20254;982;2;87145;87150;0
S20254;982;1;87150;87170;0
S20254;983;0;74070;74070;1
S20254;983;1;96565;96585;1
S20254;983;2;96585;96590;1
S20254;983;3;96590;96595;1
S20254;983;19;96595;96630;1
S20254;983;19;100215;100225;0
S20254;983;3;100225;100230;0
S20254;983;2;100230;100235;0
S20254;983;1;100235;100255;0
S20254;984;0;74100;74100;1
S20254;984;1;74100;74120;1
S20254;984;2;74120;74125;1
S20254;984;3;74125;74130;1
S20254;984;4;74130;74135;1
S20254;984;5;74135;74140;1
S20254;984;33;74140;74155;1
S20254;984;33;75885;75915;0
S20254;984;5;75915;75920;0
S20254;984;4;75920;75925;0
S20254;984;3;75925;75930;0
S20254;984;2;75930;75935;0
S20254;984;1;75935;75955;0
S20254;985;0;74130;74130;1
S20254;985;1;84945;84965;1
S20254;985;2;84965;84970;1
S20254;985;3;84970;84975;1
S20254;985;4;84975;84980;1
S20254;985;5;84980;84985;1
S20254;985;6;84985;84990;1
S20254;985;7;84990;84995;1
S20254;985;46;84995;85030;1
S20254;985;46;89960;89970;0
S20254;985;7;89970;89975;0
S20254;985;6;89975;89980;0
S20254;985;5;89980;89985;0
S20254;985;4;89985;89990;0
S20254;985;3;89990;89995;0
S20254;985;2;89995;90000;0
S20254;985;1;90000;90020;0
S20254;986;0;74400;74400;1
S20254;986;1;74935;74955;1
S20254;986;2;74955;74960;1
S20254;986;3;74960;74965;1
S20254;986;4;74965;74970;1
S20254;986;5;74970;74975;1
S20254;986;35;74975;75010;1
S20254;986;35;77005;77015;0
S20254;986;5;77015;77020;0
S20254;986;4;77020;77025;0
S20254;986;3;77025;77030;0
S20254;986;2;77030;77035;0
S20254;986;1;77035;77055;0
S20254;987;0;74450;74450;1
S20254;987;1;78225;78245;1
S20254;987;2;78245;78250;1
S20254;987;3;78250;78255;1
S20254;987;4;78255;78260;1
S20254;987;5;78260;78265;1
S20254;987;6;78265;78270;1
S20254;987;7;78270;78275;1
S20254;987;8;78275;78280;1
S20254;987;9;78280;78285;1
S20254;987;10;78285;78290;1
S20254;987;11;78290;78295;1
S20254;987;60;78295;78310;1
S20254;987;60;81950;81980;0
S20254;987;11;81980;81985;0
S20254;987;10;81985;81990;0
S20254;987;9;81990;81995;0
S20254;987;8;81995;82000;0
S20254;987;7;82000;82005;0
S20254;987;6;82005;82010;0
S20254;987;5;82010;82015;0
S20254;987;4;82015;82020;0
S20254;987;3;82020;82025;0
S20254;987;2;82025;82030;0
S20254;987;1;82030;82050;0
S20254;988;0;74460;74460;1
S20254;988;1;74725;74745;1
S20254;988;2;74745;74750;1
S20254;988;3;74750;74755;1
S20254;988;4;74755;74760;1
S20254;988;5;74760;74765;1
S20254;988;6;74765;74770;1
S20254;988;7;74770;74775;1
S20254;988;8;74775;74780;1
S20254;988;9;74780;74785;1
S20254;988;10;74785;74790;1
S20254;988;11;74790;74795;1
S20254;988;56;74795;74810;1
S20254;988;56;79650;79680;0
S20254;988;11;79680;79685;0
S20254;988;10;79685;79690;0
S20254;988;9;79690;79695;0
S20254;988;8;79695;79700;0
S20254;988;7;79700;79705;0
S20254;988;6;79705;79710;0
S20254;988;5;79710;79715;0
S20254;988;4;79715;79720;0
S20254;988;3;79720;79725;0
S20254;988;2;79725;79730;0
S20254;988;1;79730;79750;0
S20254;989;0;74520;74520;1
S20254;989;1;74740;74760;1
S20254;989;2;74760;74765;1
S20254;989;3;74765;74770;1
S20254;989;4;74770;74775;1
S20254;989;5;74775;74780;1
S20254;989;36;74780;74795;1
S20254;989;36;76840;76870;0
S20254;989;5;76870;76875;0
S20254;989;4;76875;76880;0
S20254;989;3;76880;76885;0
S20254;989;2;76885;76890;0
S20254;989;1;76890;76910;0
S20254;990;0;74560;74560;1
S20254;990;1;75075;75095;1
S20254;990;2;75095;75100;1
S20254;990;3;75100;75105;1
S20254;990;17;75105;75140;1
S20254;990;17;77055;77065;0
S20254;990;3;77065;77070;0
S20254;990;2;77070;77075;0
S20254;990;1;77075;77095;0
S20254;991;0;74610;74610;1
S20254;991;1;74755;74775;1
S20254;991;2;74775;74780;1
S20254;991;3;74780;74785;1
S20254;991;4;74785;74790;1
S20254;991;25;74790;74805;1
S20254;991;25;78625;78655;0
S20254;991;4;78655;78660;0
S20254;991;3;78660;78665;0
S20254;991;2;78665;78670;0
S20254;991;1;78670;78690;0
S20254;992;0;74680;74680;1
S20254;992;1;82180;82200;1
S20254;992;2;82200;82205;1
S20254;992;3;82205;82210;1
S20254;992;4;82210;82215;1
S20254;992;5;82215;82220;1
S20254;992;6;82220;82225;1
S20254;992;7;82225;82230;1
S20254;992;8;82230;82235;1
S20254;992;9;82235;82240;1
S20254;992;10;82240;82245;1
S20254;992;11;82245;82250;1
S20254;992;12;82250;82255;1
S20254;992;13;82255;82260;1
S20254;992;70;82260;82295;1
S20254;992;70;83645;83655;0
S20254;992;13;83655;83660;0
S20254;992;12;83660;83665;0
S20254;992;11;83665;83670;0
S20254;992;10;83670;83675;0
S20254;992;9;83675;83680;0
S20254;992;8;83680;83685;0
S20254;992;7;83685;83690;0
S20254;992;6;83690;83695;0
S20254;992;5;83695;83700;0
S20254;992;4;83700;83705;0
S20254;992;3;83705;83710;0
S20254;992;2;83710;83715;0
S20254;992;1;83715;83735;0
S20254;993;0;74760;74760;1
S20254;993;1;74775;74795;1
S20254;993;2;74795;74800;1
S20254;993;3;74800;74805;1
S20254;993;4;74805;74810;1
S20254;993;5;74810;74815;1
S20254;993;31;74815;74850;1
S20254;993;31;80815;80825;0
S20254;993;5;80825;80830;0
S20254;993;4;80830;80835;0
S20254;993;3;80835;80840;0
S20254;993;2;80840;80845;0
S20254;993;1;80845;80865;0
S20254;994;0;75045;75045;1
S20254;994;1;75280;75300;1
S20254;994;2;75300;75305;1
S20254;994;3;75305;75310;1
S20254;994;4;75310;75315;1
S20254;994;5;75315;75320;1
S20254;994;6;75320;75325;1
S20254;994;7;75325;75330;1
S20254;994;8;75330;75335;1
S20254;994;9;75335;75340;1
S20254;994;10;75340;75345;1
S20254;994;52;75345;75360;1
S20254;994;52;76000;76030;0
S20254;994;10;76030;76035;0
S20254;994;9;76035;76040;0
S20254;994;8;76040;76045;0
S20254;994;7;76045;76050;0
S20254;994;6;76050;76055;0
S20254;994;5;76055;76060;0
S20254;994;4;76060;76065;0
S20254;994;3;76065;76070;0
S20254;994;2;76070;76075;0
S20254;994;1;76075;76095;0
S20254;995;0;75045;75045;1
S20254;995;1;75060;75080;1
S20254;995;2;75080;75085;1
S20254;995;3;75085;75090;1
S20254;995;4;75090;75095;1
S20254;995;5;75095;75100;1
S20254;995;29;75100;75135;1
S20254;995;29;78325;78335;0
S20254;995;5;78335;78340;0
S20254;995;4;78340;78345;0
S20254;995;3;78345;78350;0
S20254;995;2;78350;78355;0
S20254;995;1;78355;78375;0
S20254;996;0;75390;75390;1
S20254;996;1;86405;86425;1
S20254;996;2;86425;86430;1
S20254;996;3;86430;86435;1
S20254;996;4;86435;86440;1
S20254;996;5;86440;86445;1
S20254;996;6;86445;86450;1
S20254;996;7;86450;86455;1
S20254;996;8;86455;86460;1
S20254;996;9;86460;86465;1
S20254;996;51;86465;86500;1
S20254;996;51;92300;92310;0
S20254;996;9;92310;92315;0
S20254;996;8;92315;92320;0
S20254;996;7;92320;92325;0
S20254;996;6;92325;92330;0
S20254;996;5;92330;92335;0
S20254;996;4;92335;92340;0
S20254;996;3;92340;92345;0
S20254;996;2;92345;92350;0
S20254;996;1;92350;92370;0
S20254;997;0;75735;75735;1
S20254;997;1;80710;80730;1
S20254;997;2;80730;80735;1
S20254;997;3;80735;80740;1
S20254;997;4;80740;80745;1
S20254;997;5;80745;80750;1
S20254;997;6;80750;80755;1
S20254;997;39;80755;80790;1
S20254;997;39;83045;83055;0
S20254;997;6;83055;83060;0
S20254;997;5;83060;83065;0
S20254;997;4;83065;83070;0
S20254;997;3;83070;83075;0
S20254;997;2;83075;83080;0
S20254;997;1;83080;83100;0
S20254;998;0;75740;75740;1
S20254;998;1;75865;75885;1
S20254;998;85;75885;75920;1
S20254;998;85;77285;77295;0
S20254;998;1;77295;77315;0
S20254;999;0;75750;75750;1
S20254;999;1;75850;75870;1
S20254;999;2;75870;75875;1
S20254;999;3;75875;75880;1
S20254;999;4;75880;75885;1
S20254;999;5;75885;75890;1
S20254;999;33;75890;75905;1
S20254;999;33;77040;77070;0
S20254;999;5;77070;77075;0
S20254;999;4;77075;77080;0
S20254;999;3;77080;77085;0
S20254;999;2;77085;77090;0
S20254;999;1;77090;77110;0
S20254;1000;0;75795;75795;1
S20254;1000;1;75795;75815;1
S20254;1000;2;75815;75820;1
S20254;1000;3;75820;75825;1
S20254;1000;4;75825;75830;1
S20254;1000;5;75830;75835;1
S20254;1000;6;75835;75840;1
S20254;1000;7;75840;75845;1
S20254;1000;8;75845;75850;1
S20254;1000;9;75850;75855;1
S20254;1000;50;75855;75890;1
S20254;1000;50;82705;82715;0
S20254;1000;9;82715;82720;0
S20254;1000;8;82720;82725;0
S20254;1000;7;82725;82730;0
S20254;1000;6;82730;82735;0
S20254;1000;5;82735;82740;0
S20254;1000;4;82740;82745;0
S20254;1000;3;82745;82750;0
S20254;1000;2;82750;82755;0
S20254;1000;1;82755;82775;0
S20254;1001;0;75820;75820;1
S20254;1001;1;75835;75855;1
S20254;1001;2;75855;75860;1
S20254;1001;3;75860;75865;1
S20254;1001;4;75865;75870;1
S20254;1001;5;75870;75875;1
S20254;1001;6;75875;75880;1
S20254;1001;7;75880;75885;1
S20254;1001;8;75885;75890;1
S20254;1001;9;75890;75895;1
S20254;1001;10;75895;75900;1
S20254;1001;11;75900;75905;1
S20254;1001;12;75905;75910;1
S20254;1001;65;75910;75925;1
S20254;1001;65;76750;76780;0
S20254;1001;12;76780;76785;0
S20254;1001;11;76785;76790;0
S20254;1001;10;76790;76795;0
S20254;1001;9;76795;76800;0
S20254;1001;8;76800;76805;0
S20254;1001;7;76805;76810;0
S20254;1001;6;76810;76815;0
S20254;1001;5;76815;76820;0
S20254;1001;4;76820;76825;0
S20254;1001;3;76825;76830;0
S20254;1001;2;76830;76835;0
S20254;1001;1;76835;76855;0
S20254;1002;0;75885;75885;1
S20254;1002;1;84075;84095;1
S20254;1002;2;84095;84100;1
S20254;1002;3;84100;84105;1
S20254;1002;4;84105;84110;1
S20254;1002;5;84110;84115;1
S20254;1002;6;84115;84120;1
S20254;1002;7;84120;84125;1
S20254;1002;45;84125;84160;1
S20254;1002;45;87875;87885;0
S20254;1002;7;87885;87890;0
S20254;1002;6;87890;87895;0
S20254;1002;5;87895;87900;0
S20254;1002;4;87900;87905;0
S20254;1002;3;87905;87910;0
S20254;1002;2;87910;87915;0
S20254;1002;1;87915;87935;0
S20254;1003;0;76200;76200;1
S20254;1003;1;76200;76220;1
S20254;1003;2;76220;76225;1
S20254;1003;3;76225;76230;1
S20254;1003;4;76230;76235;1
S20254;1003;5;76235;76240;1
S20254;1003;6;76240;76245;1
S20254;1003;7;76245;76250;1
S20254;1003;8;76250;76255;1
S20254;1003;9;76255;76260;1
S20254;1003;10;76260;76265;1
S20254;1003;11;76265;76270;1
S20254;1003;12;76270;76275;1
S20254;1003;66;76275;76310;1
S20254;1003;66;78020;78030;0
S20254;1003;12;78030;78035;0
S20254;1003;11;78035;78040;0
S20254;1003;10;78040;78045;0
S20254;1003;9;78045;78050;0
S20254;1003;8;78050;78055;0
S20254;1003;7;78055;78060;0
S20254;1003;6;78060;78065;0
S20254;1003;5;78065;78070;0
S20254;1003;4;78070;78075;0
S20254;1003;3;78075;78080;0
S20254;1003;2;78080;78085;0
S20254;1003;1;78085;78105;0
S20254;1004;0;76240;76240;1
S20254;1004;1;76300;76320;1
S20254;1004;2;76320;76325;1
S20254;1004;3;76325;76330;1
S20254;1004;4;76330;76335;1
S20254;1004;5;76335;76340;1
S20254;1004;6;76340;76345;1
S20254;1004;39;76345;76380;1
S20254;1004;39;78595;78605;0
S20254;1004;6;78605;78610;0
S20254;1004;5;78610;78615;0
S20254;1004;4;78615;78620;0
S20254;1004;3;78620;78625;0
S20254;1004;2;78625;78630;0
S20254;1004;1;78630;78650;0
S20254;1005;0;76260;76260;1
S20254;1005;1;78110;78130;1
S20254;1005;2;78130;78135;1
S20254;1005;3;78135;78140;1
S20254;1005;4;78140;78145;1
S20254;1005;5;78145;78150;1
S20254;1005;6;78150;78155;1
S20254;1005;7;78155;78160;1
S20254;1005;8;78160;78165;1
S20254;1005;9;78165;78170;1
S20254;1005;10;78170;78175;1
S20254;1005;53;78175;78190;1
S20254;1005;53;79235;79265;0
S20254;1005;10;79265;79270;0
S20254;1005;9;79270;79275;0
S20254;1005;8;79275;79280;0
S20254;1005;7;79280;79285;0
S20254;1005;6;79285;79290;0
S20254;1005;5;79290;79295;0
S20254;1005;4;79295;79300;0
S20254;1005;3;79300;79305;0
S20254;1005;2;79305;79310;0
S20254;1005;1;79310;79330;0
S20254;1006;0;76290;76290;1
S20254;1006;1;76315;76335;1
S20254;1006;2;76335;76340;1
S20254;1006;3;76340;76345;1
S20254;1006;4;76345;76350;1
S20254;1006;5;76350;76355;1
S20254;1006;34;76355;76390;1
S20254;1006;34;77020;77030;0
S20254;1006;5;77030;77035;0
S20254;1006;4;77035;77040;0
S20254;1006;3;77040;77045;0
S20254;1006;2;77045;77050;0
S20254;1006;1;77050;77070;0
S20254;1007;0;76330;76330;1
S20254;1007;1;77790;77810;1
S20254;1007;2;77810;77815;1
S20254;1007;3;77815;77820;1
S20254;1007;4;77820;77825;1
S20254;1007;5;77825;77830;1
S20254;1007;6;77830;77835;1
S20254;1007;7;77835;77840;1
S20254;1007;8;77840;77845;1
S20254;1007;9;77845;77850;1
S20254;1007;10;77850;77855;1
S20254;1007;52;77855;77870;1
S20254;1007;52;79025;79055;0
S20254;1007;10;79055;79060;0
S20254;1007;9;79060;79065;0
S20254;1007;8;79065;79070;0
S20254;1007;7;79070;79075;0
S20254;1007;6;79075;79080;0
S20254;1007;5;79080;79085;0
S20254;1007;4;79085;79090;0
S20254;1007;3;79090;79095;0
S20254;1007;2;79095;79100;0
S20254;1007;1;79100;79120;0
S20254;1008;0;76335;76335;1
S20254;1008;1;109690;109710;1
S20254;1008;2;109710;109715;1
S20254;1008;3;109715;109720;1
S20254;1008;17;109720;109755;1
S20254;1008;17;111770;111780;0
S20254;1008;3;111780;111785;0
S20254;1008;2;111785;111790;0
S20254;1008;1;111790;111810;0
S20254;1009;0;76630;76630;1
S20254;1009;1;76915;76935;1
S20254;1009;2;76935;76940;1
S20254;1009;3;76940;76945;1
S20254;1009;4;76945;76950;1
S20254;1009;5;76950;76955;1
S20254;1009;6;76955;76960;1
S20254;1009;7;76960;76965;1
S20254;1009;8;76965;76970;1
S20254;1009;9;76970;76975;1
S20254;1009;10;76975;76980;1
S20254;1009;11;76980;76985;1
S20254;1009;55;76985;77020;1
S20254;1009;55;87145;87155;0
S20254;1009;11;87155;87160;0
S20254;1009;10;87160;87165;0
S20254;1009;9;87165;87170;0
S20254;1009;8;87170;87175;0
S20254;1009;7;87175;87180;0
S20254;1009;6;87180;87185;0
S20254;1009;5;87185;87190;0
S20254;1009;4;87190;87195;0
S20254;1009;3;87195;87200;0
S20254;1009;2;87200;87205;0
S20254;1009;1;87205;87225;0
S20254;1010;0;76710;76710;1
S20254;1010;1;76710;76730;1
S20254;1010;2;76730;76735;1
S20254;1010;3;76735;76740;1
S20254;1010;4;76740;76745;1
S20254;1010;5;76745;76750;1
S20254;1010;6;76750;76755;1
S20254;1010;81;76755;76790;1
S20254;1010;81;77455;77485;0
S20254;1010;6;77485;77490;0
S20254;1010;5;77490;77495;0
S20254;1010;4;77495;77500;0
S20254;1010;3;77500;77505;0
S20254;1010;2;77505;77510;0
S20254;1010;1;77510;77530;0
S20254;1011;0;76780;76780;1
S20254;1011;1;79965;79985;1
S20254;1011;2;79985;79990;1
S20254;1011;3;79990;79995;1
S20254;1011;4;79995;80000;1
S20254;1011;5;80000;80005;1
S20254;1011;6;80005;80010;1
S20254;1011;7;80010;80015;1
S20254;1011;8;80015;80020;1
S20254;1011;9;80020;80025;1
S20254;1011;10;80025;80030;1
S20254;1011;11;80030;80035;1
S20254;1011;12;80035;80040;1
S20254;1011;13;80040;80045;1
S20254;1011;68;80045;80060;1
S20254;1011;68;81615;81645;0
S20254;1011;13;81645;81650;0
S20254;1011;12;81650;81655;0
S20254;1011;11;81655;81660;0
S20254;1011;10;81660;81665;0
S20254;1011;9;81665;81670;0
S20254;1011;8;81670;81675;0
S20254;1011;7;81675;81680;0
S20254;1011;6;81680;81685;0
S20254;1011;5;81685;81690;0
S20254;1011;4;81690;81695;0
S20254;1011;3;81695;81700;0
S20254;1011;2;81700;81705;0
S20254;1011;1;81705;81725;0
S20254;1012;0;76920;76920;1
S20254;1012;1;76955;76975;1
S20254;1012;2;76975;76980;1
S20254;1012;3;76980;76985;1
S20254;1012;4;76985;76990;1
S20254;1012;5;76990;76995;1
S20254;1012;6;76995;77000;1
S20254;1012;7;77000;77005;1
S20254;1012;8;77005;77010;1
S20254;1012;9;77010;77015;1
S20254;1012;10;77015;77020;1
S20254;1012;52;77020;77055;1
S20254;1012;52;77860;77870;0
S20254;1012;10;77870;77875;0
S20254;1012;9;77875;77880;0
S20254;1012;8;77880;77885;0
S20254;1012;7;77885;77890;0
S20254;1012;6;77890;77895;0
S20254;1012;5;77895;77900;0
S20254;1012;4;77900;77905;0
S20254;1012;3;77905;77910;0
S20254;1012;2;77910;77915;0
S20254;1012;1;77915;77935;0
S20254;1013;0;77100;77100;1
S20254;1013;1;77125;77145;1
S20254;1013;2;77145;77150;1
S20254;1013;3;77150;77155;1
S20254;1013;21;77155;77170;1
S20254;1013;21;79030;79060;0
S20254;1013;3;79060;79065;0
S20254;1013;2;79065;79070;0
S20254;1013;1;79070;79090;0
S20254;1014;0;77130;77130;1
S20254;1014;1;77775;77795;1
S20254;1014;2;77795;77800;1
S20254;1014;3;77800;77805;1
S20254;1014;4;77805;77810;1
S20254;1014;5;77810;77815;1
S20254;1014;6;77815;77820;1
S20254;1014;7;77820;77825;1
S20254;1014;8;77825;77830;1
S20254;1014;9;77830;77835;1
S20254;1014;10;77835;77840;1
S20254;1014;11;77840;77845;1
S20254;1014;88;77845;77880;1
S20254;1014;88;79340;79350;0
S20254;1014;11;79350;79355;0
S20254;1014;10;79355;79360;0
S20254;1014;9;79360;79365;0
S20254;1014;8;79365;79370;0
S20254;1014;7;79370;79375;0
S20254;1014;6;79375;79380;0
S20254;1014;5;79380;79385;0
S20254;1014;4;79385;79390;0
S20254;1014;3;79390;79395;0
S20254;1014;2;79395;79400;0
S20254;1014;1;79400;79420;0
S20254;1015;0;77580;77580;1
S20254;1015;1;77760;77780;1
S20254;1015;2;77780;77785;1
S20254;1015;3;77785;77790;1
S20254;1015;4;77790;77795;1
S20254;1015;5;77795;77800;1
S20254;1015;6;77800;77805;1
S20254;1015;7;77805;77810;1
S20254;1015;8;77810;77815;1
S20254;1015;9;77815;77820;1
S20254;1015;10;77820;77825;1
S20254;1015;11;77825;77830;1
S20254;1015;12;77830;77835;1
S20254;1015;64;77835;77870;1
S20254;1015;64;82070;82080;0
S20254;1015;12;82080;82085;0
S20254;1015;11;82085;82090;0
S20254;1015;10;82090;82095;0
S20254;1015;9;82095;82100;0
S20254;1015;8;82100;82105;0
S20254;1015;7;82105;82110;0
S20254;1015;6;82110;82115;0
S20254;1015;5;82115;82120;0
S20254;1015;4;82120;82125;0
S20254;1015;3;82125;82130;0
S20254;1015;2;82130;82135;0
S20254;1015;1;82135;82155;0
S20254;1016;0;77760;77760;1
S20254;1016;1;78935;78955;1
S20254;1016;2;78955;78960;1
S20254;1016;3;78960;78965;1
S20254;1016;4;78965;78970;1
S20254;1016;5;78970;78975;1
S20254;1016;6;78975;78980;1
S20254;1016;7;78980;78985;1
S20254;1016;8;78985;78990;1
S20254;1016;9;78990;78995;1
S20254;1016;10;78995;79000;1
S20254;1016;11;79000;79005;1
S20254;1016;12;79005;79010;1
S20254;1016;13;79010;79015;1
S20254;1016;70;79015;79050;1
S20254;1016;70;82045;82055;0
S20254;1016;13;82055;82060;0
S20254;1016;12;82060;82065;0
S20254;1016;11;82065;82070;0
S20254;1016;10;82070;82075;0
S20254;1016;9;82075;82080;0
S20254;1016;8;82080;82085;0
S20254;1016;7;82085;82090;0
S20254;1016;6;82090;82095;0
S20254;1016;5;82095;82100;0
S20254;1016;4;82100;82105;0
S20254;1016;3;82105;82110;0
S20254;1016;2;82110;82115;0
S20254;1016;1;82115;82135;0
S20254;1017;0;77830;77830;1
S20254;1017;1;82730;82750;1
S20254;1017;2;82750;82755;1
S20254;1017;3;82755;82760;1
S20254;1017;4;82760;82765;1
S20254;1017;22;82765;82780;1
S20254;1017;22;90185;90215;0
S20254;1017;4;90215;90220;0
S20254;1017;3;90220;90225;0
S20254;1017;2;90225;90230;0
S20254;1017;1;90230;90250;0
S20254;1018;0;77845;77845;1
S20254;1018;1;82245;82265;1
S20254;1018;2;82265;82270;1
S20254;1018;3;82270;82275;1
S20254;1018;4;82275;82280;1
S20254;1018;5;82280;82285;1
S20254;1018;6;82285;82290;1
S20254;1018;7;82290;82295;1
S20254;1018;8;82295;82300;1
S20254;1018;9;82300;82305;1
S20254;1018;10;82305;82310;1
S20254;1018;11;82310;82315;1
S20254;1018;12;82315;82320;1
S20254;1018;13;82320;82325;1
S20254;1018;14;82325;82330;1
S20254;1018;15;82330;82335;1
S20254;1018;16;82335;82350;1
S20254;1018;75;82350;82365;1
S20254;1018;75;84155;84195;0
S20254;1018;16;84195;84210;0
S20254;1018;15;84210;84215;0
S20254;1018;14;84215;84220;0
S20254;1018;13;84220;84225;0
S20254;1018;12;84225;84230;0
S20254;1018;11;84230;84235;0
S20254;1018;10;84235;84240;0
S20254;1018;9;84240;84245;0
S20254;1018;8;84245;84250;0
S20254;1018;7;84250;84255;0
S20254;1018;6;84255;84260;0
S20254;1018;5;84260;84265;0
S20254;1018;4;84265;84270;0
S20254;1018;3;84270;84275;0
S20254;1018;2;84275;84280;0
S20254;1018;1;84280;84300;0
S20254;1019;0;77865;77865;1
S20254;1019;1;77975;77995;1
S20254;1019;2;77995;78000;1
S20254;1019;3;78000;78005;1
S20254;1019;4;78005;78010;1
S20254;1019;5;78010;78015;1
S20254;1019;33;78015;78030;1
S20254;1019;33;79320;79350;0
S20254;1019;5;79350;79355;0
S20254;1019;4;79355;79360;0
S20254;1019;3;79360;79365;0
S20254;1019;2;79365;79370;0
S20254;1019;1;79370;79390;0
S20254;1020;0;77920;77920;1
S20254;1020;1;78275;78295;1
S20254;1020;2;78295;78300;1
S20254;1020;3;78300;78305;1
S20254;1020;4;78305;78310;1
S20254;1020;5;78310;78315;1
S20254;1020;6;78315;78320;1
S20254;1020;7;78320;78325;1
S20254;1020;8;78325;78330;1
S20254;1020;9;78330;78335;1
S20254;1020;10;78335;78340;1
S20254;1020;11;78340;78345;1
S20254;1020;12;78345;78350;1
S20254;1020;66;78350;78365;1
S20254;1020;66;79660;79690;0
S20254;1020;12;79690;79695;0
S20254;1020;11;79695;79700;0
S20254;1020;10;79700;79705;0
S20254;1020;9;79705;79710;0
S20254;1020;8;79710;79715;0
S20254;1020;7;79715;79720;0
S20254;1020;6;79720;79725;0
S20254;1020;5;79725;79730;0
S20254;1020;4;79730;79735;0
S20254;1020;3;79735;79740;0
S20254;1020;2;79740;79745;0
S20254;1020;1;79745;79765;0
S20254;1021;0;77930;77930;1
S20254;1021;1;77955;77975;1
S20254;1021;2;77975;77980;1
S20254;1021;3;77980;77985;1
S20254;1021;4;77985;77990;1
S20254;1021;5;77990;77995;1
S20254;1021;34;77995;78010;1
S20254;1021;34;79240;79270;0
S20254;1021;5;79270;79275;0
S20254;1021;4;79275;79280;0
S20254;1021;3;79280;79285;0
S20254;1021;2;79285;79290;0
S20254;1021;1;79290;79310;0
S20254;1022;0;77960;77960;1
S20254;1022;1;78210;78230;1
S20254;1022;2;78230;78235;1
S20254;1022;3;78235;78240;1
S20254;1022;4;78240;78245;1
S20254;1022;5;78245;78250;1
S20254;1022;6;78250;78255;1
S20254;1022;7;78255;78260;1
S20254;1022;8;78260;78265;1
S20254;1022;9;78265;78270;1
S20254;1022;10;78270;78275;1
S20254;1022;11;78275;78280;1
S20254;1022;12;78280;78285;1
S20254;1022;65;78285;78320;1
S20254;1022;65;80070;80080;0
S20254;1022;12;80080;80085;0
S20254;1022;11;80085;80090;0
S20254;1022;10;80090;80095;0
S20254;1022;9;80095;80100;0
S20254;1022;8;80100;80105;0
S20254;1022;7;80105;80110;0
S20254;1022;6;80110;80115;0
S20254;1022;5;80115;80120;0
S20254;1022;4;80120;80125;0
S20254;1022;3;80125;80130;0
S20254;1022;2;80130;80135;0
S20254;1022;1;80135;80155;0
S20254;1023;0;78020;78020;1
S20254;1023;1;80765;80785;1
S20254;1023;2;80785;80790;1
S20254;1023;3;80790;80795;1
S20254;1023;4;80795;80800;1
S20254;1023;5;80800;80805;1
S20254;1023;6;80805;80810;1
S20254;1023;7;80810;80815;1
S20254;1023;8;80815;80820;1
S20254;1023;9;80820;80825;1
S20254;1023;10;80825;80830;1
S20254;1023;53;80830;80845;1
S20254;1023;53;82505;82535;0
S20254;1023;10;82535;82540;0
S20254;1023;9;82540;82545;0
S20254;1023;8;82545;82550;0
S20254;1023;7;82550;82555;0
S20254;1023;6;82555;82560;0
S20254;1023;5;82560;82565;0
S20254;1023;4;82565;82570;0
S20254;1023;3;82570;82575;0
S20254;1023;2;82575;82580;0
S20254;1023;1;82580;82600;0
S20254;1024;0;78100;78100;1
S20254;1024;1;82260;82280;1
S20254;1024;2;82280;82285;1
S20254;1024;3;82285;82290;1
S20254;1024;4;82290;82295;1
S20254;1024;5;82295;82300;1
S20254;1024;6;82300;82305;1
S20254;1024;7;82305;82310;1
S20254;1024;8;82310;82315;1
S20254;1024;9;82315;82320;1
S20254;1024;51;82320;82355;1
S20254;1024;51;86155;86165;0
S20254;1024;9;86165;86170;0
S20254;1024;8;86170;86175;0
S20254;1024;7;86175;86180;0
S20254;1024;6;86180;86185;0
S20254;1024;5;86185;86190;0
S20254;1024;4;86190;86195;0
S20254;1024;3;86195;86200;0
S20254;1024;2;86200;86205;0
S20254;1024;1;86205;86225;0
S20254;1025;0;78115;78115;1
S20254;1025;1;78160;78180;1
S20254;1025;2;78180;78185;1
S20254;1025;3;78185;78190;1
S20254;1025;4;78190;78195;1
S20254;1025;5;78195;78200;1
S20254;1025;6;78200;78205;1
S20254;1025;7;78205;78210;1
S20254;1025;8;78210;78215;1
S20254;1025;9;78215;78220;1
S20254;1025;10;78220;78225;1
S20254;1025;11;78225;78230;1
S20254;1025;59;78230;78245;1
S20254;1025;59;78625;78655;0
S20254;1025;11;78655;78660;0
S20254;1025;10;78660;78665;0
S20254;1025;9;78665;78670;0
S20254;1025;8;78670;78675;0
S20254;1025;7;78675;78680;0
S20254;1025;6;78680;78685;0
S20254;1025;5;78685;78690;0
S20254;1025;4;78690;78695;0
S20254;1025;3;78695;78700;0
S20254;1025;2;78700;78705;0
S20254;1025;1;78705;78725;0
S20254;1026;0;78120;78120;1
S20254;1026;1;78255;78275;1
S20254;1026;2;78275;78280;1
S20254;1026;3;78280;78285;1
S20254;1026;4;78285;78290;1
S20254;1026;5;78290;78295;1
S20254;1026;6;78295;78300;1
S20254;1026;43;78300;78315;1
S20254;1026;43;83060;83090;0
S20254;1026;6;83090;83095;0
S20254;1026;5;83095;83100;0
S20254;1026;4;83100;83105;0
S20254;1026;3;83105;83110;0
S20254;1026;2;83110;83115;0
S20254;1026;1;83115;83135;0
S20254;1027;0;78120;78120;1
S20254;1027;1;91540;91560;1
S20254;1027;2;91560;91565;1
S20254;1027;3;91565;91570;1
S20254;1027;4;91570;91575;1
S20254;1027;24;91575;91610;1
S20254;1027;24;98760;98770;0
S20254;1027;4;98770;98775;0
S20254;1027;3;98775;98780;0
S20254;1027;2;98780;98785;0
S20254;1027;1;98785;98805;0
S20254;1028;0;78195;78195;1
S20254;1028;1;87940;87960;1
S20254;1028;2;87960;87965;1
S20254;1028;3;87965;87970;1
S20254;1028;4;87970;87975;1
S20254;1028;5;87975;87980;1
S20254;1028;6;87980;87985;1
S20254;1028;7;87985;87990;1
S20254;1028;45;87990;88025;1
S20254;1028;45;92260;92270;0
S20254;1028;7;92270;92275;0
S20254;1028;6;92275;92280;0
S20254;1028;5;92280;92285;0
S20254;1028;4;92285;92290;0
S20254;1028;3;92290;92295;0
S20254;1028;2;92295;92300;0
S20254;1028;1;92300;92320;0
S20254;1029;0;78205;78205;1
S20254;1029;1;92525;92545;1
S20254;1029;2;92545;92550;1
S20254;1029;3;92550;92555;1
S20254;1029;19;92555;92590;1
S20254;1029;19;95135;95145;0
S20254;1029;3;95145;95150;0
S20254;1029;2;95150;95155;0
S20254;1029;1;95155;95175;0
S20254;1030;0;78320;78320;1
S20254;1030;1;89295;89315;1
S20254;1030;2;89315;89320;1
S20254;1030;3;89320;89325;1
S20254;1030;4;89325;89330;1
S20254;1030;26;89330;89365;1
S20254;1030;26;92210;92220;0
S20254;1030;4;92220;92225;0
S20254;1030;3;92225;92230;0
S20254;1030;2;92230;92235;0
S20254;1030;1;92235;92255;0
S20254;1031;0;78490;78490;1
S20254;1031;1;78790;78810;1
S20254;1031;2;78810;78815;1
S20254;1031;3;78815;78820;1
S20254;1031;4;78820;78825;1
S20254;1031;5;78825;78830;1
S20254;1031;6;78830;78835;1
S20254;1031;39;78835;78870;1
S20254;1031;39;80245;80255;0
S20254;1031;6;80255;80260;0
S20254;1031;5;80260;80265;0
S20254;1031;4;80265;80270;0
S20254;1031;3;80270;80275;0
S20254;1031;2;80275;80280;0
S20254;1031;1;80280;80300;0
S20254;1032;0;78540;78540;1
S20254;1032;1;79190;79210;1
S20254;1032;2;79210;79215;1
S20254;1032;3;79215;79220;1
S20254;1032;4;79220;79225;1
S20254;1032;5;79225;79230;1
S20254;1032;34;79230;79245;1
S20254;1032;34;80455;80485;0
S20254;1032;5;80485;80490;0
S20254;1032;4;80490;80495;0
S20254;1032;3;80495;80500;0
S20254;1032;2;80500;80505;0
S20254;1032;1;80505;80525;0
S20254;1033;0;78540;78540;1
S20254;1033;1;79160;79180;1
S20254;1033;2;79180;79185;1
S20254;1033;3;79185;79190;1
S20254;1033;4;79190;79195;1
S20254;1033;5;79195;79200;1
S20254;1033;6;79200;79205;1
S20254;1033;7;79205;79210;1
S20254;1033;8;79210;79215;1
S20254;1033;9;79215;79220;1
S20254;1033;10;79220;79225;1
S20254;1033;11;79225;79230;1
S20254;1033;61;79230;79245;1
S20254;1033;61;80330;80360;0
S20254;1033;11;80360;80365;0
S20254;1033;10;80365;80370;0
S20254;1033;9;80370;80375;0
S20254;1033;8;80375;80380;0
S20254;1033;7;80380;80385;0
S20254;1033;6;80385;80390;0
S20254;1033;5;80390;80395;0
S20254;1033;4;80395;80400;0
S20254;1033;3;80400;80405;0
S20254;1033;2;80405;80410;0
S20254;1033;1;80410;80430;0
S20254;1034;0;78620;78620;1
S20254;1034;1;83005;83025;1
S20254;1034;2;83025;83030;1
S20254;1034;3;83030;83035;1
S20254;1034;4;83035;83040;1
S20254;1034;5;83040;83045;1
S20254;1034;6;83045;83050;1
S20254;1034;7;83050;83055;1
S20254;1034;8;83055;83060;1
S20254;1034;9;83060;83065;1
S20254;1034;10;83065;83070;1
S20254;1034;11;83070;83075;1
S20254;1034;12;83075;83080;1
S20254;1034;66;83080;83115;1
S20254;1034;66;84360;84370;0
S20254;1034;12;84370;84375;0
S20254;1034;11;84375;84380;0
S20254;1034;10;84380;84385;0
S20254;1034;9;84385;84390;0
S20254;1034;8;84390;84395;0
S20254;1034;7;84395;84400;0
S20254;1034;6;84400;84405;0
S20254;1034;5;84405;84410;0
S20254;1034;4;84410;84415;0
S20254;1034;3;84415;84420;0
S20254;1034;2;84420;84425;0
S20254;1034;1;84425;84445;0
S20254;1035;0;78765;78765;1
S20254;1035;1;79175;79195;1
S20254;1035;2;79195;79200;1
S20254;1035;3;79200;79205;1
S20254;1035;4;79205;79210;1
S20254;1035;5;79210;79215;1
S20254;1035;6;79215;79220;1
S20254;1035;7;79220;79225;1
S20254;1035;8;79225;79230;1
S20254;1035;9;79230;79235;1
S20254;1035;10;79235;79240;1
S20254;1035;53;79240;79255;1
S20254;1035;53;80805;80835;0
S20254;1035;10;80835;80840;0
S20254;1035;9;80840;80845;0
S20254;1035;8;80845;80850;0
S20254;1035;7;80850;80855;0
S20254;1035;6;80855;80860;0
S20254;1035;5;80860;80865;0
S20254;1035;4;80865;80870;0
S20254;1035;3;80870;80875;0
S20254;1035;2;80875;80880;0
S20254;1035;1;80880;80900;0
S20254;1036;0;78780;78780;1
S20254;1036;1;78820;78840;1
S20254;1036;2;78840;78845;1
S20254;1036;3;78845;78850;1
S20254;1036;4;78850;78855;1
S20254;1036;5;78855;78860;1
S20254;1036;35;78860;78875;1
S20254;1036;35;80270;80300;0
S20254;1036;5;80300;80305;0
S20254;1036;4;80305;80310;0
S20254;1036;3;80310;80315;0
S20254;1036;2;80315;80320;0
S20254;1036;1;80320;80340;0
S20254;1037;0;78780;78780;1
S20254;1037;1;78985;79005;1
S20254;1037;2;79005;79010;1
S20254;1037;3;79010;79015;1
S20254;1037;4;79015;79020;1
S20254;1037;5;79020;79025;1
S20254;1037;36;79025;79040;1
S20254;1037;36;80555;80585;0
S20254;1037;5;80585;80590;0
S20254;1037;4;80590;80595;0
S20254;1037;3;80595;80600;0
S20254;1037;2;80600;80605;0
S20254;1037;1;80605;80625;0
S20254;1038;0;78780;78780;1
S20254;1038;1;79125;79145;1
S20254;1038;2;79145;79150;1
S20254;1038;3;79150;79155;1
S20254;1038;4;79155;79160;1
S20254;1038;5;79160;79165;1
S20254;1038;6;79165;79170;1
S20254;1038;41;79170;79185;1
S20254;1038;41;80810;80840;0
S20254;1038;6;80840;80845;0
S20254;1038;5;80845;80850;0
S20254;1038;4;80850;80855;0
S20254;1038;3;80855;80860;0
S20254;1038;2;80860;80865;0
S20254;1038;1;80865;80885;0
S20254;1039;0;78900;78900;1
S20254;1039;1;78950;78970;1
S20254;1039;2;78970;78975;1
S20254;1039;3;78975;78980;1
S20254;1039;4;78980;78985;1
S20254;1039;5;78985;78990;1
S20254;1039;6;78990;78995;1
S20254;1039;7;78995;79000;1
S20254;1039;8;79000;79005;1
S20254;1039;9;79005;79010;1
S20254;1039;10;79010;79015;1
S20254;1039;52;79015;79030;1
S20254;1039;52;81215;81245;0
S20254;1039;10;81245;81250;0
S20254;1039;9;81250;81255;0
S20254;1039;8;81255;81260;0
S20254;1039;7;81260;81265;0
S20254;1039;6;81265;81270;0
S20254;1039;5;81270;81275;0
S20254;1039;4;81275;81280;0
S20254;1039;3;81280;81285;0
S20254;1039;2;81285;81290;0
S20254;1039;1;81290;81310;0
S20254;1040;0;78900;78900;1
S20254;1040;1;81855;81875;1
S20254;1040;2;81875;81880;1
S20254;1040;3;81880;81885;1
S20254;1040;4;81885;81890;1
S20254;1040;5;81890;81895;1
S20254;1040;6;81895;81900;1
S20254;1040;7;81900;81905;1
S20254;1040;8;81905;81910;1
S20254;1040;9;81910;81915;1
S20254;1040;10;81915;81920;1
S20254;1040;11;81920;81925;1
S20254;1040;12;81925;81930;1
S20254;1040;66;81930;81965;1
S20254;1040;66;83090;83100;0
S20254;1040;12;83100;83105;0
S20254;1040;11;83105;83110;0
S20254;1040;10;83110;83115;0
S20254;1040;9;83115;83120;0
S20254;1040;8;83120;83125;0
S20254;1040;7;83125;83130;0
S20254;1040;6;83130;83135;0
S20254;1040;5;83135;83140;0
S20254;1040;4;83140;83145;0
S20254;1040;3;83145;83150;0
S20254;1040;2;83150;83155;0
S20254;1040;1;83155;83175;0
S20254;1041;0;78975;78975;1
S20254;1041;1;84455;84475;1
S20254;1041;2;84475;84480;1
S20254;1041;3;84480;84485;1
S20254;1041;4;84485;84490;1
S20254;1041;5;84490;84495;1
S20254;1041;6;84495;84500;1
S20254;1041;7;84500;84505;1
S20254;1041;8;84505;84510;1
S20254;1041;9;84510;84515;1
S20254;1041;10;84515;84520;1
S20254;1041;11;84520;84525;1
S20254;1041;12;84525;84530;1
S20254;1041;66;84530;84545;1
S20254;1041;66;85795;85825;0
S20254;1041;12;85825;85830;0
S20254;1041;11;85830;85835;0
S20254;1041;10;85835;85840;0
S20254;1041;9;85840;85845;0
S20254;1041;8;85845;85850;0
S20254;1041;7;85850;85855;0
S20254;1041;6;85855;85860;0
S20254;1041;5;85860;85865;0
S20254;1041;4;85865;85870;0
S20254;1041;3;85870;85875;0
S20254;1041;2;85875;85880;0
S20254;1041;1;85880;85900;0
S20254;1042;0;78985;78985;1
S20254;1042;1;100785;100805;1
S20254;1042;2;100805;100810;1
S20254;1042;3;100810;100815;1
S20254;1042;4;100815;100820;1
S20254;1042;5;100820;100825;1
S20254;1042;6;100825;100830;1
S20254;1042;7;100830;100835;1
S20254;1042;46;100835;100870;1
S20254;1042;46;104980;104990;0
S20254;1042;7;104990;104995;0
S20254;1042;6;104995;105000;0
S20254;1042;5;105000;105005;0
S20254;1042;4;105005;105010;0
S20254;1042;3;105010;105015;0
S20254;1042;2;105015;105020;0
S20254;1042;1;105020;105040;0
S20254;1043;0;79020;79020;1
S20254;1043;1;114945;114965;1
S20254;1043;2;114965;114970;1
S20254;1043;3;114970;114975;1
S20254;1043;4;114975;114980;1
S20254;1043;5;114980;114985;1
S20254;1043;6;114985;114990;1
S20254;1043;7;114990;114995;1
S20254;1043;45;114995;115030;1
S20254;1043;45;117435;117445;0
S20254;1043;7;117445;117450;0
S20254;1043;6;117450;117455;0
S20254;1043;5;117455;117460;0
S20254;1043;4;117460;117465;0
S20254;1043;3;117465;117470;0
S20254;1043;2;117470;117475;0
S20254;1043;1;117475;117495;0
S20254;1044;0;79050;79050;1
S20254;1044;1;80695;80715;1
S20254;1044;2;80715;80720;1
S20254;1044;3;80720;80725;1
S20254;1044;4;80725;80730;1
S20254;1044;5;80730;80735;1
S20254;1044;6;80735;80740;1
S20254;1044;7;80740;80745;1
S20254;1044;8;80745;80750;1
S20254;1044;9;80750;80755;1
S20254;1044;10;80755;80760;1
S20254;1044;11;80760;80765;1
S20254;1044;61;80765;80800;1
S20254;1044;61;83675;83685;0
S20254;1044;11;83685;83690;0
S20254;1044;10;83690;83695;0
S20254;1044;9;83695;83700;0
S20254;1044;8;83700;83705;0
S20254;1044;7;83705;83710;0
S20254;1044;6;83710;83715;0
S20254;1044;5;83715;83720;0
S20254;1044;4;83720;83725;0
S20254;1044;3;83725;83730;0
S20254;1044;2;83730;83735;0
S20254;1044;1;83735;83755;0
S20254;1045;0;79060;79060;1
S20254;1045;1;83320;83340;1
S20254;1045;2;83340;83345;1
S20254;1045;3;83345;83350;1
S20254;1045;4;83350;83355;1
S20254;1045;5;83355;83360;1
S20254;1045;6;83360;83365;1
S20254;1045;43;83365;83400;1
S20254;1045;43;85635;85645;0
S20254;1045;6;85645;85650;0
S20254;1045;5;85650;85655;0
S20254;1045;4;85655;85660;0
S20254;1045;3;85660;85665;0
S20254;1045;2;85665;85670;0
S20254;1045;1;85670;85690;0
S20254;1046;0;79225;79225;1
S20254;1046;1;81150;81170;1
S20254;1046;2;81170;81175;1
S20254;1046;3;81175;81180;1
S20254;1046;4;81180;81185;1
S20254;1046;5;81185;81190;1
S20254;1046;6;81190;81195;1
S20254;1046;7;81195;81200;1
S20254;1046;8;81200;81205;1
S20254;1046;9;81205;81210;1
S20254;1046;10;81210;81215;1
S20254;1046;52;81215;81230;1
S20254;1046;52;84130;84160;0
S20254;1046;10;84160;84165;0
S20254;1046;9;84165;84170;0
S20254;1046;8;84170;84175;0
S20254;1046;7;84175;84180;0
S20254;1046;6;84180;84185;0
S20254;1046;5;84185;84190;0
S20254;1046;4;84190;84195;0
S20254;1046;3;84195;84200;0
S20254;1046;2;84200;84205;0
S20254;1046;1;84205;84225;0
S20254;1047;0;79490;79490;1
S20254;1047;1;100055;100075;1
S20254;1047;2;100075;100080;1
S20254;1047;3;100080;100085;1
S20254;1047;4;100085;100090;1
S20254;1047;5;100090;100095;1
S20254;1047;6;100095;100100;1
S20254;1047;7;100100;100105;1
S20254;1047;8;100105;100110;1
S20254;1047;9;100110;100115;1
S20254;1047;10;100115;100120;1
S20254;1047;11;100120;100125;1
S20254;1047;12;100125;100130;1
S20254;1047;13;100130;100135;1
S20254;1047;14;100135;100140;1
S20254;1047;15;100140;100145;1
S20254;1047;16;100145;100160;1
S20254;1047;73;100160;100205;1
S20254;1047;73;103715;103725;0
S20254;1047;16;103725;103740;0
S20254;1047;15;103740;103745;0
S20254;1047;14;103745;103750;0
S20254;1047;13;103750;103755;0
S20254;1047;12;103755;103760;0
S20254;1047;11;103760;103765;0
S20254;1047;10;103765;103770;0
S20254;1047;9;103770;103775;0
S20254;1047;8;103775;103780;0
S20254;1047;7;103780;103785;0
S20254;1047;6;103785;103790;0
S20254;1047;5;103790;103795;0
S20254;1047;4;103795;103800;0
S20254;1047;3;103800;103805;0
S20254;1047;2;103805;103810;0
S20254;1047;1;103810;103830;0
S20254;1048;0;79500;79500;1
S20254;1048;1;79500;79520;1
S20254;1048;2;79520;79525;1
S20254;1048;3;79525;79530;1
S20254;1048;4;79530;79535;1
S20254;1048;5;79535;79540;1
S20254;1048;33;79540;79555;1
S20254;1048;33;80400;80430;0
S20254;1048;5;80430;80435;0
S20254;1048;4;80435;80440;0
S20254;1048;3;80440;80445;0
S20254;1048;2;80445;80450;0
S20254;1048;1;80450;80470;0
S20254;1049;0;79500;79500;1
S20254;1049;1;95995;96015;1
S20254;1049;2;96015;96020;1
S20254;1049;3;96020;96025;1
S20254;1049;4;96025;96030;1
S20254;1049;5;96030;96035;1
S20254;1049;6;96035;96040;1
S20254;1049;7;96040;96045;1
S20254;1049;8;96045;96050;1
S20254;1049;9;96050;96055;1
S20254;1049;10;96055;96060;1
S20254;1049;11;96060;96065;1
S20254;1049;12;96065;96070;1
S20254;1049;13;96070;96075;1
S20254;1049;14;96075;96080;1
S20254;1049;15;96080;96085;1
S20254;1049;16;96085;96100;1
S20254;1049;73;96100;96145;1
S20254;1049;73;99785;99795;0
S20254;1049;16;99795;99810;0
S20254;1049;15;99810;99815;0
S20254;1049;14;99815;99820;0
S20254;1049;13;99820;99825;0
S20254;1049;12;99825;99830;0
S20254;1049;11;99830;99835;0
S20254;1049;10;99835;99840;0
S20254;1049;9;99840;99845;0
S20254;1049;8;99845;99850;0
S20254;1049;7;99850;99855;0
S20254;1049;6;99855;99860;0
S20254;1049;5;99860;99865;0
S20254;1049;4;99865;99870;0
S20254;1049;3;99870;99875;0
S20254;1049;2;99875;99880;0
S20254;1049;1;99880;99900;0
S20254;1050;0;79520;79520;1
S20254;1050;1;93910;93930;1
S20254;1050;2;93930;93935;1
S20254;1050;3;93935;93940;1
S20254;1050;4;93940;93945;1
S20254;1050;5;93945;93950;1
S20254;1050;6;93950;93955;1
S20254;1050;7;93955;93960;1
S20254;1050;45;93960;93995;1
S20254;1050;45;95815;95825;0
S20254;1050;7;95825;95830;0
S20254;1050;6;95830;95835;0
S20254;1050;5;95835;95840;0
S20254;1050;4;95840;95845;0
S20254;1050;3;95845;95850;0
S20254;1050;2;95850;95855;0
S20254;1050;1;95855;95875;0
S20254;1051;0;79590;79590;1
S20254;1051;1;79615;79635;1
S20254;1051;2;79635;79640;1
S20254;1051;3;79640;79645;1
S20254;1051;4;79645;79650;1
S20254;1051;5;79650;79655;1
S20254;1051;6;79655;79660;1
S20254;1051;38;79660;79695;1
S20254;1051;38;80430;80440;0
S20254;1051;6;80440;80445;0
S20254;1051;5;80445;80450;0
S20254;1051;4;80450;80455;0
S20254;1051;3;80455;80460;0
S20254;1051;2;80460;80465;0
S20254;1051;1;80465;80485;0
S20254;1052;0;79610;79610;1
S20254;1052;1;81135;81155;1
S20254;1052;2;81155;81160;1
S20254;1052;3;81160;81165;1
S20254;1052;4;81165;81170;1
S20254;1052;5;81170;81175;1
S20254;1052;6;81175;81180;1
S20254;1052;7;81180;81185;1
S20254;1052;8;81185;81190;1
S20254;1052;9;81190;81195;1
S20254;1052;10;81195;81200;1
S20254;1052;11;81200;81205;1
S20254;1052;12;81205;81210;1
S20254;1052;65;81210;81245;1
S20254;1052;65;83635;83645;0
S20254;1052;12;83645;83650;0
S20254;1052;11;83650;83655;0
S20254;1052;10;83655;83660;0
S20254;1052;9;83660;83665;0
S20254;1052;8;83665;83670;0
S20254;1052;7;83670;83675;0
S20254;1052;6;83675;83680;0
S20254;1052;5;83680;83685;0
S20254;1052;4;83685;83690;0
S20254;1052;3;83690;83695;0
S20254;1052;2;83695;83700;0
S20254;1052;1;83700;83720;0
S20254;1053;0;79650;79650;1
S20254;1053;1;80000;80020;1
S20254;1053;2;80020;80025;1
S20254;1053;3;80025;80030;1
S20254;1053;4;80030;80035;1
S20254;1053;5;80035;80040;1
S20254;1053;6;80040;80045;1
S20254;1053;37;80045;80080;1
S20254;1053;37;85095;85105;0
S20254;1053;6;85105;85110;0
S20254;1053;5;85110;85115;0
S20254;1053;4;85115;85120;0
S20254;1053;3;85120;85125;0
S20254;1053;2;85125;85130;0
S20254;1053;1;85130;85150;0
S20254;1054;0;79675;79675;1
S20254;1054;1;86640;86660;1
S20254;1054;2;86660;86665;1
S20254;1054;3;86665;86670;1
S20254;1054;4;86670;86675;1
S20254;1054;5;86675;86680;1
S20254;1054;6;86680;86685;1
S20254;1054;7;86685;86690;1
S20254;1054;8;86690;86695;1
S20254;1054;9;86695;86700;1
S20254;1054;10;86700;86705;1
S20254;1054;11;86705;86710;1
S20254;1054;12;86710;86715;1
S20254;1054;13;86715;86720;1
S20254;1054;14;86720;86725;1
S20254;1054;15;86725;86730;1
S20254;1054;16;86730;86745;1
S20254;1054;73;86745;86790;1
S20254;1054;73;89720;89730;0
S20254;1054;16;89730;89745;0
S20254;1054;15;89745;89750;0
S20254;1054;14;89750;89755;0
S20254;1054;13;89755;89760;0
S20254;1054;12;89760;89765;0
S20254;1054;11;89765;89770;0
S20254;1054;10;89770;89775;0
S20254;1054;9;89775;89780;0
S20254;1054;8;89780;89785;0
S20254;1054;7;89785;89790;0
S20254;1054;6;89790;89795;0
S20254;1054;5;89795;89800;0
S20254;1054;4;89800;89805;0
S20254;1054;3;89805;89810;0
S20254;1054;2;89810;89815;0
S20254;1054;1;89815;89835;0
S20254;1055;0;79785;79785;1
S20254;1055;1;85730;85750;1
S20254;1055;2;85750;85755;1
S20254;1055;3;85755;85760;1
S20254;1055;4;85760;85765;1
S20254;1055;5;85765;85770;1
S20254;1055;6;85770;85775;1
S20254;1055;43;85775;85810;1
S20254;1055;43;87370;87380;0
S20254;1055;6;87380;87385;0
S20254;1055;5;87385;87390;0
S20254;1055;4;87390;87395;0
S20254;1055;3;87395;87400;0
S20254;1055;2;87400;87405;0
S20254;1055;1;87405;87425;0
S20254;1056;0;79800;79800;1
S20254;1056;1;79985;80005;1
S20254;1056;2;80005;80010;1
S20254;1056;3;80010;80015;1
S20254;1056;4;80015;80020;1
S20254;1056;5;80020;80025;1
S20254;1056;6;80025;80030;1
S20254;1056;7;80030;80035;1
S20254;1056;8;80035;80040;1
S20254;1056;9;80040;80045;1
S20254;1056;10;80045;80050;1
S20254;1056;11;80050;80055;1
S20254;1056;12;80055;80060;1
S20254;1056;65;80060;80075;1
S20254;1056;65;81240;81270;0
S20254;1056;12;81270;81275;0
S20254;1056;11;81275;81280;0
S20254;1056;10;81280;81285;0
S20254;1056;9;81285;81290;0
S20254;1056;8;81290;81295;0
S20254;1056;7;81295;81300;0
S20254;1056;6;81300;81305;0
S20254;1056;5;81305;81310;0
S20254;1056;4;81310;81315;0
S20254;1056;3;81315;81320;0
S20254;1056;2;81320;81325;0
S20254;1056;1;81325;81345;0
S20254;1057;0;79800;79800;1
S20254;1057;1;79820;79840;1
S20254;1057;2;79840;79845;1
S20254;1057;3;79845;79850;1
S20254;1057;4;79850;79855;1
S20254;1057;5;79855;79860;1
S20254;1057;6;79860;79865;1
S20254;1057;7;79865;79870;1
S20254;1057;8;79870;79875;1
S20254;1057;9;79875;79880;1
S20254;1057;10;79880;79885;1
S20254;1057;11;79885;79890;1
S20254;1057;88;79890;79905;1
S20254;1057;88;80820;80850;0
S20254;1057;11;80850;80855;0
S20254;1057;10;80855;80860;0
S20254;1057;9;80860;80865;0
S20254;1057;8;80865;80870;0
S20254;1057;7;80870;80875;0
S20254;1057;6;80875;80880;0
S20254;1057;5;80880;80885;0
S20254;1057;4;80885;80890;0
S20254;1057;3;80890;80895;0
S20254;1057;2;80895;80900;0
S20254;1057;1;80900;80920;0
S20254;1058;0;79855;79855;1
S20254;1058;1;80640;80660;1
S20254;1058;2;80660;80665;1
S20254;1058;3;80665;80670;1
S20254;1058;4;80670;80675;1
S20254;1058;5;80675;80680;1
S20254;1058;6;80680;80685;1
S20254;1058;7;80685;80690;1
S20254;1058;8;80690;80695;1
S20254;1058;9;80695;80700;1
S20254;1058;10;80700;80705;1
S20254;1058;11;80705;80710;1
S20254;1058;12;80710;80715;1
S20254;1058;66;80715;80730;1
S20254;1058;66;81730;81760;0
S20254;1058;12;81760;81765;0
S20254;1058;11;81765;81770;0
S20254;1058;10;81770;81775;0
S20254;1058;9;81775;81780;0
S20254;1058;8;81780;81785;0
S20254;1058;7;81785;81790;0
S20254;1058;6;81790;81795;0
S20254;1058;5;81795;81800;0
S20254;1058;4;81800;81805;0
S20254;1058;3;81805;81810;0
S20254;1058;2;81810;81815;0
S20254;1058;1;81815;81835;0
S20254;1059;0;80000;80000;1
S20254;1059;1;80725;80745;1
S20254;1059;2;80745;80750;1
S20254;1059;3;80750;80755;1
S20254;1059;17;80755;80790;1
S20254;1059;17;83360;83370;0
S20254;1059;3;83370;83375;0
S20254;1059;2;83375;83380;0
S20254;1059;1;83380;83400;0
S20254;1060;0;80000;80000;1
S20254;1060;1;80015;80035;1
S20254;1060;85;80035;80070;1
S20254;1060;85;82005;82015;0
S20254;1060;1;82015;82035;0
S20254;1061;0;80010;80010;1
S20254;1061;1;86020;86040;1
S20254;1061;2;86040;86045;1
S20254;1061;3;86045;86050;1
S20254;1061;4;86050;86055;1
S20254;1061;5;86055;86060;1
S20254;1061;34;86060;86075;1
S20254;1061;34;87085;87115;0
S20254;1061;5;87115;87120;0
S20254;1061;4;87120;87125;0
S20254;1061;3;87125;87130;0
S20254;1061;2;87130;87135;0
S20254;1061;1;87135;87155;0
S20254;1062;0;80070;80070;1
S20254;1062;1;84820;84840;1
S20254;1062;2;84840;84845;1
S20254;1062;3;84845;84850;1
S20254;1062;4;84850;84855;1
S20254;1062;5;84855;84860;1
S20254;1062;6;84860;84865;1
S20254;1062;7;84865;84870;1
S20254;1062;8;84870;84875;1
S20254;1062;9;84875;84880;1
S20254;1062;10;84880;84885;1
S20254;1062;11;84885;84890;1
S20254;1062;12;84890;84895;1
S20254;1062;65;84895;84930;1
S20254;1062;65;86065;86075;0
S20254;1062;12;86075;86080;0
S20254;1062;11;86080;86085;0
S20254;1062;10;86085;86090;0
S20254;1062;9;86090;86095;0
S20254;1062;8;86095;86100;0
S20254;1062;7;86100;86105;0
S20254;1062;6;86105;86110;0
S20254;1062;5;86110;86115;0
S20254;1062;4;86115;86120;0
S20254;1062;3;86120;86125;0
S20254;1062;2;86125;86130;0
S20254;1062;1;86130;86150;0
S20254;1063;0;80085;80085;1
S20254;1063;1;80660;80680;1
S20254;1063;2;80680;80685;1
S20254;1063;3;80685;80690;1
S20254;1063;4;80690;80695;1
S20254;1063;5;80695;80700;1
S20254;1063;6;80700;80705;1
S20254;1063;7;80705;80710;1
S20254;1063;8;80710;80715;1
S20254;1063;9;80715;80720;1
S20254;1063;10;80720;80725;1
S20254;1063;11;80725;80730;1
S20254;1063;12;80730;80735;1
S20254;1063;13;80735;80740;1
S20254;1063;67;80740;80755;1
S20254;1063;67;81470;81500;0
S20254;1063;13;81500;81505;0
S20254;1063;12;81505;81510;0
S20254;1063;11;81510;81515;0
S20254;1063;10;81515;81520;0
S20254;1063;9;81520;81525;0
S20254;1063;8;81525;81530;0
S20254;1063;7;81530;81535;0
S20254;1063;6;81535;81540;0
S20254;1063;5;81540;81545;0
S20254;1063;4;81545;81550;0
S20254;1063;3;81550;81555;0
S20254;1063;2;81555;81560;0
S20254;1063;1;81560;81580;0
S20254;1064;0;80115;80115;1
S20254;1064;1;96525;96545;1
S20254;1064;2;96545;96550;1
S20254;1064;3;96550;96555;1
S20254;1064;18;96555;96590;1
S20254;1064;18;101335;101345;0
S20254;1064;3;101345;101350;0
S20254;1064;2;101350;101355;0
S20254;1064;1;101355;101375;0
S20254;1065;0;80130;80130;1
S20254;1065;1;83535;83555;1
S20254;1065;2;83555;83560;1
S20254;1065;3;83560;83565;1
S20254;1065;4;83565;83570;1
S20254;1065;5;83570;83575;1
S20254;1065;6;83575;83580;1
S20254;1065;7;83580;83585;1
S20254;1065;8;83585;83590;1
S20254;1065;9;83590;83595;1
S20254;1065;10;83595;83600;1
S20254;1065;11;83600;83605;1
S20254;1065;12;83605;83610;1
S20254;1065;64;83610;83625;1
S20254;1065;64;84560;84590;0
S20254;1065;12;84590;84595;0
S20254;1065;11;84595;84600;0
S20254;1065;10;84600;84605;0
S20254;1065;9;84605;84610;0
S20254;1065;8;84610;84615;0
S20254;1065;7;84615;84620;0
S20254;1065;6;84620;84625;0
S20254;1065;5;84625;84630;0
S20254;1065;4;84630;84635;0
S20254;1065;3;84635;84640;0
S20254;1065;2;84640;84645;0
S20254;1065;1;84645;84665;0
S20254;1066;0;80130;80130;1
S20254;1066;1;81840;81860;1
S20254;1066;2;81860;81865;1
S20254;1066;3;81865;81870;1
S20254;1066;4;81870;81875;1
S20254;1066;5;81875;81880;1
S20254;1066;6;81880;81885;1
S20254;1066;7;81885;81890;1
S20254;1066;8;81890;81895;1
S20254;1066;9;81895;81900;1
S20254;1066;10;81900;81905;1
S20254;1066;11;81905;81910;1
S20254;1066;12;81910;81915;1
S20254;1066;13;81915;81920;1
S20254;1066;68;81920;81935;1
S20254;1066;68;84985;85015;0
S20254;1066;13;85015;85020;0
S20254;1066;12;85020;85025;0
S20254;1066;11;85025;85030;0
S20254;1066;10;85030;85035;0
S20254;1066;9;85035;85040;0
S20254;1066;8;85040;85045;0
S20254;1066;7;85045;85050;0
S20254;1066;6;85050;85055;0
S20254;1066;5;85055;85060;0
S20254;1066;4;85060;85065;0
S20254;1066;3;85065;85070;0
S20254;1066;2;85070;85075;0
S20254;1066;1;85075;85095;0
S20254;1067;0;80155;80155;1
S20254;1067;1;82330;82350;1
S20254;1067;2;82350;82355;1
S20254;1067;3;82355;82360;1
S20254;1067;4;82360;82365;1
S20254;1067;5;82365;82370;1
S20254;1067;6;82370;82375;1
S20254;1067;7;82375;82380;1
S20254;1067;8;82380;82385;1
S20254;1067;9;82385;82390;1
S20254;1067;10;82390;82395;1
S20254;1067;11;82395;82400;1
S20254;1067;12;82400;82405;1
S20254;1067;64;82405;82440;1
S20254;1067;64;83410;83420;0
S20254;1067;12;83420;83425;0
S20254;1067;11;83425;83430;0
S20254;1067;10;83430;83435;0
S20254;1067;9;83435;83440;0
S20254;1067;8;83440;83445;0
S20254;1067;7;83445;83450;0
S20254;1067;6;83450;83455;0
S20254;1067;5;83455;83460;0
S20254;1067;4;83460;83465;0
S20254;1067;3;83465;83470;0
S20254;1067;2;83470;83475;0
S20254;1067;1;83475;83495;0
S20254;1068;0;80540;80540;1
S20254;1068;1;92325;92345;1
S20254;1068;2;92345;92350;1
S20254;1068;3;92350;92355;1
S20254;1068;4;92355;92360;1
S20254;1068;5;92360;92365;1
S20254;1068;6;92365;92370;1
S20254;1068;7;92370;92375;1
S20254;1068;45;92375;92410;1
S20254;1068;45;93845;93855;0
S20254;1068;7;93855;93860;0
S20254;1068;6;93860;93865;0
S20254;1068;5;93865;93870;0
S20254;1068;4;93870;93875;0
S20254;1068;3;93875;93880;0
S20254;1068;2;93880;93885;0
S20254;1068;1;93885;93905;0
S20254;1069;0;80580;80580;1
S20254;1069;1;99345;99365;1
S20254;1069;2;99365;99370;1
S20254;1069;3;99370;99375;1
S20254;1069;4;99375;99380;1
S20254;1069;5;99380;99385;1
S20254;1069;6;99385;99390;1
S20254;1069;39;99390;99425;1
S20254;1069;39;102580;102590;0
S20254;1069;6;102590;102595;0
S20254;1069;5;102595;102600;0
S20254;1069;4;102600;102605;0
S20254;1069;3;102605;102610;0
S20254;1069;2;102610;102615;0
S20254;1069;1;102615;102635;0
S20254;1070;0;80960;80960;1
S20254;1070;1;80975;80995;1
S20254;1070;2;80995;81000;1
S20254;1070;3;81000;81005;1
S20254;1070;4;81005;81010;1
S20254;1070;5;81010;81015;1
S20254;1070;36;81015;81030;1
S20254;1070;36;81750;81780;0
S20254;1070;5;81780;81785;0
S20254;1070;4;81785;81790;0
S20254;1070;3;81790;81795;0
S20254;1070;2;81795;81800;0
S20254;1070;1;81800;81820;0
S20254;1071;0;81020;81020;1
S20254;1071;1;81020;81040;1
S20254;1071;2;81040;81045;1
S20254;1071;3;81045;81050;1
S20254;1071;4;81050;81055;1
S20254;1071;5;81055;81060;1
S20254;1071;31;81060;81095;1
S20254;1071;31;81910;81940;0
S20254;1071;5;81940;81945;0
S20254;1071;4;81945;81950;0
S20254;1071;3;81950;81955;0
S20254;1071;2;81955;81960;0
S20254;1071;1;81960;81980;0
S20254;1072;0;81065;81065;1
S20254;1072;1;81065;81085;1
S20254;1072;2;81085;81090;1
S20254;1072;3;81090;81095;1
S20254;1072;4;81095;81100;1
S20254;1072;5;81100;81105;1
S20254;1072;6;81105;81110;1
S20254;1072;41;81110;81145;1
S20254;1072;41;81705;81735;0
S20254;1072;6;81735;81740;0
S20254;1072;5;81740;81745;0
S20254;1072;4;81745;81750;0
S20254;1072;3;81750;81755;0
S20254;1072;2;81755;81760;0
S20254;1072;1;81760;81780;0
S20254;1073;0;81070;81070;1
S20254;1073;1;82160;82180;1
S20254;1073;2;82180;82185;1
S20254;1073;3;82185;82190;1
S20254;1073;4;82190;82195;1
S20254;1073;5;82195;82200;1
S20254;1073;34;82200;82215;1
S20254;1073;34;83375;83405;0
S20254;1073;5;83405;83410;0
S20254;1073;4;83410;83415;0
S20254;1073;3;83415;83420;0
S20254;1073;2;83420;83425;0
S20254;1073;1;83425;83445;0
S20254;1074;0;81075;81075;1
S20254;1074;1;81105;81125;1
S20254;1074;2;81125;81130;1
S20254;1074;3;81130;81135;1
S20254;1074;4;81135;81140;1
S20254;1074;5;81140;81145;1
S20254;1074;6;81145;81150;1
S20254;1074;7;81150;81155;1
S20254;1074;8;81155;81160;1
S20254;1074;9;81160;81165;1
S20254;1074;10;81165;81170;1
S20254;1074;11;81170;81175;1
S20254;1074;12;81175;81180;1
S20254;1074;13;81180;81185;1
S20254;1074;69;81185;81220;1
S20254;1074;69;83385;83395;0
S20254;1074;13;83395;83400;0
S20254;1074;12;83400;83405;0
S20254;1074;11;83405;83410;0
S20254;1074;10;83410;83415;0
S20254;1074;9;83415;83420;0
S20254;1074;8;83420;83425;0
S20254;1074;7;83425;83430;0
S20254;1074;6;83430;83435;0
S20254;1074;5;83435;83440;0
S20254;1074;4;83440;83445;0
S20254;1074;3;83445;83450;0
S20254;1074;2;83450;83455;0
S20254;1074;1;83455;83475;0
S20254;1075;0;81085;81085;1
S20254;1075;1;81085;81105;1
S20254;1075;2;81105;81110;1
S20254;1075;3;81110;81115;1
S20254;1075;4;81115;81120;1
S20254;1075;5;81120;81125;1
S20254;1075;34;81125;81140;1
S20254;1075;34;81945;81975;0
S20254;1075;5;81975;81980;0
S20254;1075;4;81980;81985;0
S20254;1075;3;81985;81990;0
S20254;1075;2;81990;81995;0
S20254;1075;1;81995;82015;0
S20254;1076;0;81180;81180;1
S20254;1076;1;81180;81200;1
S20254;1076;83;81200;81235;1
S20254;1076;83;82210;82220;0
S20254;1076;1;82220;82240;0
S20254;1077;0;81270;81270;1
S20254;1077;1;97485;97505;1
S20254;1077;2;97505;97510;1
S20254;1077;3;97510;97515;1
S20254;1077;4;97515;97520;1
S20254;1077;5;97520;97525;1
S20254;1077;6;97525;97530;1
S20254;1077;7;97530;97535;1
S20254;1077;8;97535;97540;1
S20254;1077;9;97540;97545;1
S20254;1077;10;97545;97550;1
S20254;1077;11;97550;97555;1
S20254;1077;62;97555;97570;1
S20254;1077;62;101240;101270;0
S20254;1077;11;101270;101275;0
S20254;1077;10;101275;101280;0
S20254;1077;9;101280;101285;0
S20254;1077;8;101285;101290;0
S20254;1077;7;101290;101295;0
S20254;1077;6;101295;101300;0
S20254;1077;5;101300;101305;0
S20254;1077;4;101305;101310;0
S20254;1077;3;101310;101315;0
S20254;1077;2;101315;101320;0
S20254;1077;1;101320;101340;0
S20254;1078;0;81350;81350;1
S20254;1078;1;81350;81370;1
S20254;1078;2;81370;81375;1
S20254;1078;3;81375;81380;1
S20254;1078;4;81380;81385;1
S20254;1078;5;81385;81390;1
S20254;1078;33;81390;81405;1
S20254;1078;33;82655;82685;0
S20254;1078;5;82685;82690;0
S20254;1078;4;82690;82695;0
S20254;1078;3;82695;82700;0
S20254;1078;2;82700;82705;0
S20254;1078;1;82705;82725;0
S20254;1079;0;81465;81465;1
S20254;1079;1;107060;107080;1
S20254;1079;2;107080;107085;1
S20254;1079;3;107085;107090;1
S20254;1079;4;107090;107095;1
S20254;1079;5;107095;107100;1
S20254;1079;6;107100;107105;1
S20254;1079;7;107105;107110;1
S20254;1079;8;107110;107115;1
S20254;1079;9;107115;107120;1
S20254;1079;10;107120;107125;1
S20254;1079;11;107125;107130;1
S20254;1079;12;107130;107135;1
S20254;1079;13;107135;107140;1
S20254;1079;14;107140;107145;1
S20254;1079;15;107145;107150;1
S20254;1079;16;107150;107165;1
S20254;1079;73;107165;107210;1
S20254;1079;73;111940;111950;0
S20254;1079;16;111950;111965;0
S20254;1079;15;111965;111970;0
S20254;1079;14;111970;111975;0
S20254;1079;13;111975;111980;0
S20254;1079;12;111980;111985;0
S20254;1079;11;111985;111990;0
S20254;1079;10;111990;111995;0
S20254;1079;9;111995;112000;0
S20254;1079;8;112000;112005;0
S20254;1079;7;112005;112010;0
S20254;1079;6;112010;112015;0
S20254;1079;5;112015;112020;0
S20254;1079;4;112020;112025;0
S20254;1079;3;112025;112030;0
S20254;1079;2;112030;112035;0
S20254;1079;1;112035;112055;0
S20254;1080;0;81570;81570;1
S20254;1080;1;82455;82475;1
S20254;1080;2;82475;82480;1
S20254;1080;3;82480;82485;1
S20254;1080;4;82485;82490;1
S20254;1080;5;82490;82495;1
S20254;1080;6;82495;82500;1
S20254;1080;7;82500;82505;1
S20254;1080;8;82505;82510;1
S20254;1080;9;82510;82515;1
S20254;1080;10;82515;82520;1
S20254;1080;53;82520;82535;1
S20254;1080;53;83365;83395;0
S20254;1080;10;83395;83400;0
S20254;1080;9;83400;83405;0
S20254;1080;8;83405;83410;0
S20254;1080;7;83410;83415;0
S20254;1080;6;83415;83420;0
S20254;1080;5;83420;83425;0
S20254;1080;4;83425;83430;0
S20254;1080;3;83430;83435;0
S20254;1080;2;83435;83440;0
S20254;1080;1;83440;83460;0
S20254;1081;0;81660;81660;1
S20254;1081;1;87245;87265;1
S20254;1081;2;87265;87270;1
S20254;1081;3;87270;87275;1
S20254;1081;4;87275;87280;1
S20254;1081;5;87280;87285;1
S20254;1081;6;87285;87290;1
S20254;1081;7;87290;87295;1
S20254;1081;8;87295;87300;1
S20254;1081;9;87300;87305;1
S20254;1081;10;87305;87310;1
S20254;1081;11;87310;87315;1
S20254;1081;12;87315;87320;1
S20254;1081;66;87320;87335;1
S20254;1081;66;88915;88945;0
S20254;1081;12;88945;88950;0
S20254;1081;11;88950;88955;0
S20254;1081;10;88955;88960;0
S20254;1081;9;88960;88965;0
S20254;1081;8;88965;88970;0
S20254;1081;7;88970;88975;0
S20254;1081;6;88975;88980;0
S20254;1081;5;88980;88985;0
S20254;1081;4;88985;88990;0
S20254;1081;3;88990;88995;0
S20254;1081;2;88995;89000;0
S20254;1081;1;89000;89020;0
S20254;1082;0;81660;81660;1
S20254;1082;1;92510;92530;1
S20254;1082;2;92530;92535;1
S20254;1082;3;92535;92540;1
S20254;1082;4;92540;92545;1
S20254;1082;26;92545;92580;1
S20254;1082;26;95320;95330;0
S20254;1082;4;95330;95335;0
S20254;1082;3;95335;95340;0
S20254;1082;2;95340;95345;0
S20254;1082;1;95345;95365;0
S20254;1083;0;82085;82085;1
S20254;1083;1;99205;99225;1
S20254;1083;2;99225;99230;1
S20254;1083;3;99230;99235;1
S20254;1083;4;99235;99240;1
S20254;1083;5;99240;99245;1
S20254;1083;6;99245;99250;1
S20254;1083;7;99250;99255;1
S20254;1083;8;99255;99260;1
S20254;1083;9;99260;99265;1
S20254;1083;10;99265;99270;1
S20254;1083;11;99270;99275;1
S20254;1083;12;99275;99280;1
S20254;1083;13;99280;99285;1
S20254;1083;14;99285;99290;1
S20254;1083;15;99290;99295;1
S20254;1083;16;99295;99310;1
S20254;1083;74;99310;99355;1
S20254;1083;74;102745;102755;0
S20254;1083;16;102755;102770;0
S20254;1083;15;102770;102775;0
S20254;1083;14;102775;102780;0
S20254;1083;13;102780;102785;0
S20254;1083;12;102785;102790;0
S20254;1083;11;102790;102795;0
S20254;1083;10;102795;102800;0
S20254;1083;9;102800;102805;0
S20254;1083;8;102805;102810;0
S20254;1083;7;102810;102815;0
S20254;1083;6;102815;102820;0
S20254;1083;5;102820;102825;0
S20254;1083;4;102825;102830;0
S20254;1083;3;102830;102835;0
S20254;1083;2;102835;102840;0
S20254;1083;1;102840;102860;0
S20254;1084;0;82120;82120;1
S20254;1084;1;93645;93665;1
S20254;1084;2;93665;93670;1
S20254;1084;3;93670;93675;1
S20254;1084;4;93675;93680;1
S20254;1084;5;93680;93685;1
S20254;1084;6;93685;93690;1
S20254;1084;7;93690;93695;1
S20254;1084;46;93695;93730;1
S20254;1084;46;98760;98770;0
S20254;1084;7;98770;98775;0
S20254;1084;6;98775;98780;0
S20254;1084;5;98780;98785;0
S20254;1084;4;98785;98790;0
S20254;1084;3;98790;98795;0
S20254;1084;2;98795;98800;0
S20254;1084;1;98800;98820;0
S20254;1085;0;82320;82320;1
S20254;1085;1;82345;82365;1
S20254;1085;2;82365;82370;1
S20254;1085;3;82370;82375;1
S20254;1085;4;82375;82380;1
S20254;1085;5;82380;82385;1
S20254;1085;6;82385;82390;1
S20254;1085;7;82390;82395;1
S20254;1085;8;82395;82400;1
S20254;1085;49;82400;82435;1
S20254;1085;49;87590;87600;0
S20254;1085;8;87600;87605;0
S20254;1085;7;87605;87610;0
S20254;1085;6;87610;87615;0
S20254;1085;5;87615;87620;0
S20254;1085;4;87620;87625;0
S20254;1085;3;87625;87630;0
S20254;1085;2;87630;87635;0
S20254;1085;1;87635;87655;0
S20254;1086;0;82325;82325;1
S20254;1086;1;84475;84495;1
S20254;1086;2;84495;84500;1
S20254;1086;3;84500;84505;1
S20254;1086;4;84505;84510;1
S20254;1086;5;84510;84515;1
S20254;1086;6;84515;84520;1
S20254;1086;7;84520;84525;1
S20254;1086;8;84525;84530;1
S20254;1086;9;84530;84535;1
S20254;1086;10;84535;84540;1
S20254;1086;11;84540;84545;1
S20254;1086;12;84545;84550;1
S20254;1086;64;84550;84585;1
S20254;1086;64;85855;85865;0
S20254;1086;12;85865;85870;0
S20254;1086;11;85870;85875;0
S20254;1086;10;85875;85880;0
S20254;1086;9;85880;85885;0
S20254;1086;8;85885;85890;0
S20254;1086;7;85890;85895;0
S20254;1086;6;85895;85900;0
S20254;1086;5;85900;85905;0
S20254;1086;4;85905;85910;0
S20254;1086;3;85910;85915;0
S20254;1086;2;85915;85920;0
S20254;1086;1;85920;85940;0
S20254;1087;0;82400;82400;1
S20254;1087;1;82430;82450;1
S20254;1087;2;82450;82455;1
S20254;1087;3;82455;82460;1
S20254;1087;4;82460;82465;1
S20254;1087;5;82465;82470;1
S20254;1087;35;82470;82485;1
S20254;1087;35;83635;83665;0
S20254;1087;5;83665;83670;0
S20254;1087;4;83670;83675;0
S20254;1087;3;83675;83680;0
S20254;1087;2;83680;83685;0
S20254;1087;1;83685;83705;0
S20254;1088;0;82410;82410;1
S20254;1088;1;82415;82435;1
S20254;1088;2;82435;82440;1
S20254;1088;3;82440;82445;1
S20254;1088;4;82445;82450;1
S20254;1088;5;82450;82455;1
S20254;1088;6;82455;82460;1
S20254;1088;81;82460;82495;1
S20254;1088;81;83240;83270;0
S20254;1088;6;83270;83275;0
S20254;1088;5;83275;83280;0
S20254;1088;4;83280;83285;0
S20254;1088;3;83285;83290;0
S20254;1088;2;83290;83295;0
S20254;1088;1;83295;83315;0
S20254;1089;0;82475;82475;1
S20254;1089;1;82475;82495;1
S20254;1089;2;82495;82500;1
S20254;1089;3;82500;82505;1
S20254;1089;4;82505;82510;1
S20254;1089;5;82510;82515;1
S20254;1089;31;82515;82550;1
S20254;1089;31;83230;83260;0
S20254;1089;5;83260;83265;0
S20254;1089;4;83265;83270;0
S20254;1089;3;83270;83275;0
S20254;1089;2;83275;83280;0
S20254;1089;1;83280;83300;0
S20254;1090;0;82510;82510;1
S20254;1090;1;87290;87310;1
S20254;1090;2;87310;87315;1
S20254;1090;3;87315;87320;1
S20254;1090;4;87320;87325;1
S20254;1090;5;87325;87330;1
S20254;1090;6;87330;87335;1
S20254;1090;7;87335;87340;1
S20254;1090;8;87340;87345;1
S20254;1090;48;87345;87380;1
S20254;1090;48;94820;94830;0
S20254;1090;8;94830;94835;0
S20254;1090;7;94835;94840;0
S20254;1090;6;94840;94845;0
S20254;1090;5;94845;94850;0
S20254;1090;4;94850;94855;0
S20254;1090;3;94855;94860;0
S20254;1090;2;94860;94865;0
S20254;1090;1;94865;94885;0
S20254;1091;0;82560;82560;1
S20254;1091;1;112580;112600;1
S20254;1091;2;112600;112605;1
S20254;1091;3;112605;112610;1
S20254;1091;4;112610;112615;1
S20254;1091;5;112615;112620;1
S20254;1091;6;112620;112625;1
S20254;1091;7;112625;112630;1
S20254;1091;8;112630;112635;1
S20254;1091;9;112635;112640;1
S20254;1091;10;112640;112645;1
S20254;1091;11;112645;112650;1
S20254;1091;12;112650;112655;1
S20254;1091;13;112655;112660;1
S20254;1091;14;112660;112665;1
S20254;1091;15;112665;112670;1
S20254;1091;16;112670;112685;1
S20254;1091;73;112685;112730;1
S20254;1091;73;114680;114690;0
S20254;1091;16;114690;114705;0
S20254;1091;15;114705;114710;0
S20254;1091;14;114710;114715;0
S20254;1091;13;114715;114720;0
S20254;1091;12;114720;114725;0
S20254;1091;11;114725;114730;0
S20254;1091;10;114730;114735;0
S20254;1091;9;114735;114740;0
S20254;1091;8;114740;114745;0
S20254;1091;7;114745;114750;0
S20254;1091;6;114750;114755;0
S20254;1091;5;114755;114760;0
S20254;1091;4;114760;114765;0
S20254;1091;3;114765;114770;0
S20254;1091;2;114770;114775;0
S20254;1091;1;114775;114795;0
S20254;1092;0;82560;82560;1
S20254;1092;1;82605;82625;1
S20254;1092;2;82625;82630;1
S20254;1092;3;82630;82635;1
S20254;1092;20;82635;82670;1
S20254;1092;20;87025;87035;0
S20254;1092;3;87035;87040;0
S20254;1092;2;87040;87045;0
S20254;1092;1;87045;87065;0
S20254;1093;0;82625;82625;1
S20254;1093;1;83520;83540;1
S20254;1093;2;83540;83545;1
S20254;1093;3;83545;83550;1
S20254;1093;4;83550;83555;1
S20254;1093;5;83555;83560;1
S20254;1093;6;83560;83565;1
S20254;1093;7;83565;83570;1
S20254;1093;8;83570;83575;1
S20254;1093;9;83575;83580;1
S20254;1093;10;83580;83585;1
S20254;1093;11;83585;83590;1
S20254;1093;12;83590;83595;1
S20254;1093;13;83595;83600;1
S20254;1093;69;83600;83615;1
S20254;1093;69;85020;85050;0
S20254;1093;13;85050;85055;0
S20254;1093;12;85055;85060;0
S20254;1093;11;85060;85065;0
S20254;1093;10;85065;85070;0
S20254;1093;9;85070;85075;0
S20254;1093;8;85075;85080;0
S20254;1093;7;85080;85085;0
S20254;1093;6;85085;85090;0
S20254;1093;5;85090;85095;0
S20254;1093;4;85095;85100;0
S20254;1093;3;85100;85105;0
S20254;1093;2;85105;85110;0
S20254;1093;1;85110;85130;0
S20254;1094;0;82945;82945;1
S20254;1094;1;83555;83575;1
S20254;1094;2;83575;83580;1
S20254;1094;3;83580;83585;1
S20254;1094;4;83585;83590;1
S20254;1094;5;83590;83595;1
S20254;1094;6;83595;83600;1
S20254;1094;7;83600;83605;1
S20254;1094;8;83605;83610;1
S20254;1094;9;83610;83615;1
S20254;1094;10;83615;83620;1
S20254;1094;11;83620;83625;1
S20254;1094;12;83625;83630;1
S20254;1094;65;83630;83645;1
S20254;1094;65;84600;84630;0
S20254;1094;12;84630;84635;0
S20254;1094;11;84635;84640;0
S20254;1094;10;84640;84645;0
S20254;1094;9;84645;84650;0
S20254;1094;8;84650;84655;0
S20254;1094;7;84655;84660;0
S20254;1094;6;84660;84665;0
S20254;1094;5;84665;84670;0
S20254;1094;4;84670;84675;0
S20254;1094;3;84675;84680;0
S20254;1094;2;84680;84685;0
S20254;1094;1;84685;84705;0
S20254;1095;0;82965;82965;1
S20254;1095;1;82965;82985;1
S20254;1095;83;82985;83020;1
S20254;1095;83;85085;85095;0
S20254;1095;1;85095;85115;0
S20254;1096;0;83370;83370;1
S20254;1096;1;84900;84920;1
S20254;1096;2;84920;84925;1
S20254;1096;3;84925;84930;1
S20254;1096;4;84930;84935;1
S20254;1096;5;84935;84940;1
S20254;1096;34;84940;84955;1
S20254;1096;34;86065;86095;0
S20254;1096;5;86095;86100;0
S20254;1096;4;86100;86105;0
S20254;1096;3;86105;86110;0
S20254;1096;2;86110;86115;0
S20254;1096;1;86115;86135;0
S20254;1097;0;83410;83410;1
S20254;1097;1;83975;83995;1
S20254;1097;2;83995;84000;1
S20254;1097;3;84000;84005;1
S20254;1097;4;84005;84010;1
S20254;1097;5;84010;84015;1
S20254;1097;6;84015;84020;1
S20254;1097;7;84020;84025;1
S20254;1097;8;84025;84030;1
S20254;1097;9;84030;84035;1
S20254;1097;10;84035;84040;1
S20254;1097;11;84040;84045;1
S20254;1097;61;84045;84080;1
S20254;1097;61;90285;90295;0
S20254;1097;11;90295;90300;0
S20254;1097;10;90300;90305;0
S20254;1097;9;90305;90310;0
S20254;1097;8;90310;90315;0
S20254;1097;7;90315;90320;0
S20254;1097;6;90320;90325;0
S20254;1097;5;90325;90330;0
S20254;1097;4;90330;90335;0
S20254;1097;3;90335;90340;0
S20254;1097;2;90340;90345;0
S20254;1097;1;90345;90365;0
S20254;1098;0;83420;83420;1
S20254;1098;1;87475;87495;1
S20254;1098;2;87495;87500;1
S20254;1098;3;87500;87505;1
S20254;1098;4;87505;87510;1
S20254;1098;5;87510;87515;1
S20254;1098;6;87515;87520;1
S20254;1098;43;87520;87555;1
S20254;1098;43;89360;89370;0
S20254;1098;6;89370;89375;0
S20254;1098;5;89375;89380;0
S20254;1098;4;89380;89385;0
S20254;1098;3;89385;89390;0
S20254;1098;2;89390;89395;0
S20254;1098;1;89395;89415;0
S20254;1099;0;83420;83420;1
S20254;1099;1;84255;84275;1
S20254;1099;2;84275;84280;1
S20254;1099;3;84280;84285;1
S20254;1099;4;84285;84290;1
S20254;1099;5;84290;84295;1
S20254;1099;6;84295;84300;1
S20254;1099;7;84300;84305;1
S20254;1099;8;84305;84310;1
S20254;1099;9;84310;84315;1
S20254;1099;10;84315;84320;1
S20254;1099;11;84320;84325;1
S20254;1099;60;84325;84340;1
S20254;1099;60;86210;86240;0
S20254;1099;11;86240;86245;0
S20254;1099;10;86245;86250;0
S20254;1099;9;86250;86255;0
S20254;1099;8;86255;86260;0
S20254;1099;7;86260;86265;0
S20254;1099;6;86265;86270;0
S20254;1099;5;86270;86275;0
S20254;1099;4;86275;86280;0
S20254;1099;3;86280;86285;0
S20254;1099;2;86285;86290;0
S20254;1099;1;86290;86310;0
S20254;1100;0;83520;83520;1
S20254;1100;1;83760;83780;1
S20254;1100;2;83780;83785;1
S20254;1100;3;83785;83790;1
S20254;1100;4;83790;83795;1
S20254;1100;5;83795;83800;1
S20254;1100;6;83800;83805;1
S20254;1100;7;83805;83810;1
S20254;1100;8;83810;83815;1
S20254;1100;9;83815;83820;1
S20254;1100;50;83820;83855;1
S20254;1100;50;89205;89215;0
S20254;1100;9;89215;89220;0
S20254;1100;8;89220;89225;0
S20254;1100;7;89225;89230;0
S20254;1100;6;89230;89235;0
S20254;1100;5;89235;89240;0
S20254;1100;4;89240;89245;0
S20254;1100;3;89245;89250;0
S20254;1100;2;89250;89255;0
S20254;1100;1;89255;89275;0
S20254;1101;0;83670;83670;1
S20254;1101;1;85710;85730;1
S20254;1101;2;85730;85735;1
S20254;1101;3;85735;85740;1
S20254;1101;4;85740;85745;1
S20254;1101;5;85745;85750;1
S20254;1101;6;85750;85755;1
S20254;1101;7;85755;85760;1
S20254;1101;8;85760;85765;1
S20254;1101;9;85765;85770;1
S20254;1101;10;85770;85775;1
S20254;1101;11;85775;85780;1
S20254;1101;12;85780;85785;1
S20254;1101;66;85785;85800;1
S20254;1101;66;87135;87165;0
S20254;1101;12;87165;87170;0
S20254;1101;11;87170;87175;0
S20254;1101;10;87175;87180;0
S20254;1101;9;87180;87185;0
S20254;1101;8;87185;87190;0
S20254;1101;7;87190;87195;0
S20254;1101;6;87195;87200;0
S20254;1101;5;87200;87205;0
S20254;1101;4;87205;87210;0
S20254;1101;3;87210;87215;0
S20254;1101;2;87215;87220;0
S20254;1101;1;87220;87240;0
S20254;1102;0;83725;83725;1
S20254;1102;1;90930;90950;1
S20254;1102;2;90950;90955;1
S20254;1102;3;90955;90960;1
S20254;1102;4;90960;90965;1
S20254;1102;5;90965;90970;1
S20254;1102;6;90970;90975;1
S20254;1102;7;90975;90980;1
S20254;1102;8;90980;90985;1
S20254;1102;9;90985;90990;1
S20254;1102;10;90990;90995;1
S20254;1102;11;90995;91000;1
S20254;1102;12;91000;91005;1
S20254;1102;13;91005;91010;1
S20254;1102;69;91010;91045;1
S20254;1102;69;93045;93055;0
S20254;1102;13;93055;93060;0
S20254;1102;12;93060;93065;0
S20254;1102;11;93065;93070;0
S20254;1102;10;93070;93075;0
S20254;1102;9;93075;93080;0
S20254;1102;8;93080;93085;0
S20254;1102;7;93085;93090;0
S20254;1102;6;93090;93095;0
S20254;1102;5;93095;93100;0
S20254;1102;4;93100;93105;0
S20254;1102;3;93105;93110;0
S20254;1102;2;93110;93115;0
S20254;1102;1;93115;93135;0
S20254;1103;0;83765;83765;1
S20254;1103;1;99385;99405;1
S20254;1103;2;99405;99410;1
S20254;1103;3;99410;99415;1
S20254;1103;4;99415;99420;1
S20254;1103;24;99420;99455;1
S20254;1103;24;107870;107880;0
S20254;1103;4;107880;107885;0
S20254;1103;3;107885;107890;0
S20254;1103;2;107890;107895;0
S20254;1103;1;107895;107915;0
S20254;1104;0;83835;83835;1
S20254;1104;1;83895;83915;1
S20254;1104;2;83915;83920;1
S20254;1104;3;83920;83925;1
S20254;1104;4;83925;83930;1
S20254;1104;5;83930;83935;1
S20254;1104;35;83935;83950;1
S20254;1104;35;86315;86345;0
S20254;1104;5;86345;86350;0
S20254;1104;4;86350;86355;0
S20254;1104;3;86355;86360;0
S20254;1104;2;86360;86365;0
S20254;1104;1;86365;86385;0
S20254;1105;0;83880;83880;1
S20254;1105;1;83880;83900;1
S20254;1105;2;83900;83905;1
S20254;1105;3;83905;83910;1
S20254;1105;4;83910;83915;1
S20254;1105;5;83915;83920;1
S20254;1105;6;83920;83925;1
S20254;1105;39;83925;83960;1
S20254;1105;39;84670;84680;0
S20254;1105;6;84680;84685;0
S20254;1105;5;84685;84690;0
S20254;1105;4;84690;84695;0
S20254;1105;3;84695;84700;0
S20254;1105;2;84700;84705;0
S20254;1105;1;84705;84725;0
S20254;1106;0;83890;83890;1
S20254;1106;1;84490;84510;1
S20254;1106;2;84510;84515;1
S20254;1106;3;84515;84520;1
S20254;1106;4;84520;84525;1
S20254;1106;5;84525;84530;1
S20254;1106;6;84530;84535;1
S20254;1106;7;84535;84540;1
S20254;1106;8;84540;84545;1
S20254;1106;9;84545;84550;1
S20254;1106;10;84550;84555;1
S20254;1106;53;84555;84570;1
S20254;1106;53;86525;86555;0
S20254;1106;10;86555;86560;0
S20254;1106;9;86560;86565;0
S20254;1106;8;86565;86570;0
S20254;1106;7;86570;86575;0
S20254;1106;6;86575;86580;0
S20254;1106;5;86580;86585;0
S20254;1106;4;86585;86590;0
S20254;1106;3;86590;86595;0
S20254;1106;2;86595;86600;0
S20254;1106;1;86600;86620;0
S20254;1107;0;83910;83910;1
S20254;1107;1;83920;83940;1
S20254;1107;2;83940;83945;1
S20254;1107;3;83945;83950;1
S20254;1107;4;83950;83955;1
S20254;1107;5;83955;83960;1
S20254;1107;6;83960;83965;1
S20254;1107;38;83965;84000;1
S20254;1107;38;84690;84700;0
S20254;1107;6;84700;84705;0
S20254;1107;5;84705;84710;0
S20254;1107;4;84710;84715;0
S20254;1107;3;84715;84720;0
S20254;1107;2;84720;84725;0
S20254;1107;1;84725;84745;0
S20254;1108;0;83925;83925;1
S20254;1108;1;83935;83955;1
S20254;1108;2;83955;83960;1
S20254;1108;3;83960;83965;1
S20254;1108;4;83965;83970;1
S20254;1108;5;83970;83975;1
S20254;1108;31;83975;84010;1
S20254;1108;31;84720;84750;0
S20254;1108;5;84750;84755;0
S20254;1108;4;84755;84760;0
S20254;1108;3;84760;84765;0
S20254;1108;2;84765;84770;0
S20254;1108;1;84770;84790;0
S20254;1109;0;84000;84000;1
S20254;1109;1;98905;98925;1
S20254;1109;2;98925;98930;1
S20254;1109;3;98930;98935;1
S20254;1109;17;98935;98970;1
S20254;1109;17;101055;101065;0
S20254;1109;3;101065;101070;0
S20254;1109;2;101070;101075;0
S20254;1109;1;101075;101095;0
S20254;1110;0;84060;84060;1
S20254;1110;1;85995;86015;1
S20254;1110;2;86015;86020;1
S20254;1110;3;86020;86025;1
S20254;1110;4;86025;86030;1
S20254;1110;5;86030;86035;1
S20254;1110;6;86035;86040;1
S20254;1110;7;86040;86045;1
S20254;1110;8;86045;86050;1
S20254;1110;9;86050;86055;1
S20254;1110;10;86055;86060;1
S20254;1110;11;86060;86065;1
S20254;1110;12;86065;86070;1
S20254;1110;65;86070;86085;1
S20254;1110;65;86795;86825;0
S20254;1110;12;86825;86830;0
S20254;1110;11;86830;86835;0
S20254;1110;10;86835;86840;0
S20254;1110;9;86840;86845;0
S20254;1110;8;86845;86850;0
S20254;1110;7;86850;86855;0
S20254;1110;6;86855;86860;0
S20254;1110;5;86860;86865;0
S20254;1110;4;86865;86870;0
S20254;1110;3;86870;86875;0
S20254;1110;2;86875;86880;0
S20254;1110;1;86880;86900;0
S20254;1111;0;84070;84070;1
S20254;1111;1;85430;85450;1
S20254;1111;2;85450;85455;1
S20254;1111;3;85455;85460;1
S20254;1111;4;85460;85465;1
S20254;1111;5;85465;85470;1
S20254;1111;6;85470;85475;1
S20254;1111;7;85475;85480;1
S20254;1111;8;85480;85485;1
S20254;1111;9;85485;85490;1
S20254;1111;10;85490;85495;1
S20254;1111;11;85495;85500;1
S20254;1111;12;85500;85505;1
S20254;1111;13;85505;85510;1
S20254;1111;14;85510;85515;1
S20254;1111;15;85515;85520;1
S20254;1111;16;85520;85535;1
S20254;1111;72;85535;85550;1
S20254;1111;72;89675;89715;0
S20254;1111;16;89715;89730;0
S20254;1111;15;89730;89735;0
S20254;1111;14;89735;89740;0
S20254;1111;13;89740;89745;0
S20254;1111;12;89745;89750;0
S20254;1111;11;89750;89755;0
S20254;1111;10;89755;89760;0
S20254;1111;9;89760;89765;0
S20254;1111;8;89765;89770;0
S20254;1111;7;89770;89775;0
S20254;1111;6;89775;89780;0
S20254;1111;5;89780;89785;0
S20254;1111;4;89785;89790;0
S20254;1111;3;89790;89795;0
S20254;1111;2;89795;89800;0
S20254;1111;1;89800;89820;0
S20254;1112;0;84140;84140;1
S20254;1112;1;86420;86440;1
S20254;1112;2;86440;86445;1
S20254;1112;3;86445;86450;1
S20254;1112;4;86450;86455;1
S20254;1112;5;86455;86460;1
S20254;1112;35;86460;86475;1
S20254;1112;35;88065;88095;0
S20254;1112;5;88095;88100;0
S20254;1112;4;88100;88105;0
S20254;1112;3;88105;88110;0
S20254;1112;2;88110;88115;0
S20254;1112;1;88115;88135;0
S20254;1113;0;84180;84180;1
S20254;1113;1;84540;84560;1
S20254;1113;2;84560;84565;1
S20254;1113;3;84565;84570;1
S20254;1113;4;84570;84575;1
S20254;1113;5;84575;84580;1
S20254;1113;33;84580;84595;1
S20254;1113;33;86140;86170;0
S20254;1113;5;86170;86175;0
S20254;1113;4;86175;86180;0
S20254;1113;3;86180;86185;0
S20254;1113;2;86185;86190;0
S20254;1113;1;86190;86210;0
S20254;1114;0;84330;84330;1
S20254;1114;1;86710;86730;1
S20254;1114;2;86730;86735;1
S20254;1114;3;86735;86740;1
S20254;1114;4;86740;86745;1
S20254;1114;5;86745;86750;1
S20254;1114;6;86750;86755;1
S20254;1114;7;86755;86760;1
S20254;1114;8;86760;86765;1
S20254;1114;9;86765;86770;1
S20254;1114;10;86770;86775;1
S20254;1114;52;86775;86810;1
S20254;1114;52;88020;88030;0
S20254;1114;10;88030;88035;0
S20254;1114;9;88035;88040;0
S20254;1114;8;88040;88045;0
S20254;1114;7;88045;88050;0
S20254;1114;6;88050;88055;0
S20254;1114;5;88055;88060;0
S20254;1114;4;88060;88065;0
S20254;1114;3;88065;88070;0
S20254;1114;2;88070;88075;0
S20254;1114;1;88075;88095;0
S20254;1115;0;84405;84405;1
S20254;1115;1;108145;108165;1
S20254;1115;2;108165;108170;1
S20254;1115;3;108170;108175;1
S20254;1115;18;108175;108210;1
S20254;1115;18;111755;111765;0
S20254;1115;3;111765;111770;0
S20254;1115;2;111770;111775;0
S20254;1115;1;111775;111795;0
S20254;1116;0;84460;84460;1
S20254;1116;1;87490;87510;1
S20254;1116;2;87510;87515;1
S20254;1116;3;87515;87520;1
S20254;1116;4;87520;87525;1
S20254;1116;23;87525;87560;1
S20254;1116;23;92375;92385;0
S20254;1116;4;92385;92390;0
S20254;1116;3;92390;92395;0
S20254;1116;2;92395;92400;0
S20254;1116;1;92400;92420;0
S20254;1117;0;84510;84510;1
S20254;1117;1;84510;84530;1
S20254;1117;2;84530;84535;1
S20254;1117;3;84535;84540;1
S20254;1117;4;84540;84545;1
S20254;1117;5;84545;84550;1
S20254;1117;6;84550;84555;1
S20254;1117;7;84555;84560;1
S20254;1117;8;84560;84565;1
S20254;1117;9;84565;84570;1
S20254;1117;10;84570;84575;1
S20254;1117;52;84575;84590;1
S20254;1117;52;86770;86800;0
S20254;1117;10;86800;86805;0
S20254;1117;9;86805;86810;0
S20254;1117;8;86810;86815;0
S20254;1117;7;86815;86820;0
S20254;1117;6;86820;86825;0
S20254;1117;5;86825;86830;0
S20254;1117;4;86830;86835;0
S20254;1117;3;86835;86840;0
S20254;1117;2;86840;86845;0
S20254;1117;1;86845;86865;0
S20254;1118;0;84585;84585;1
S20254;1118;1;96510;96530;1
S20254;1118;2;96530;96535;1
S20254;1118;3;96535;96540;1
S20254;1118;4;96540;96545;1
S20254;1118;23;96545;96580;1
S20254;1118;23;101645;101655;0
S20254;1118;4;101655;101660;0
S20254;1118;3;101660;101665;0
S20254;1118;2;101665;101670;0
S20254;1118;1;101670;101690;0
S20254;1119;0;84630;84630;1
S20254;1119;1;86475;86495;1
S20254;1119;2;86495;86500;1
S20254;1119;3;86500;86505;1
S20254;1119;4;86505;86510;1
S20254;1119;5;86510;86515;1
S20254;1119;6;86515;86520;1
S20254;1119;39;86520;86555;1
S20254;1119;39;91610;91620;0
S20254;1119;6;91620;91625;0
S20254;1119;5;91625;91630;0
S20254;1119;4;91630;91635;0
S20254;1119;3;91635;91640;0
S20254;1119;2;91640;91645;0
S20254;1119;1;91645;91665;0
S20254;1120;0;84660;84660;1
S20254;1120;1;89910;89930;1
S20254;1120;2;89930;89935;1
S20254;1120;3;89935;89940;1
S20254;1120;18;89940;89975;1
S20254;1120;18;95350;95360;0
S20254;1120;3;95360;95365;0
S20254;1120;2;95365;95370;0
S20254;1120;1;95370;95390;0
S20254;1121;0;84960;84960;1
S20254;1121;1;84960;84980;1
S20254;1121;2;84980;84985;1
S20254;1121;3;84985;84990;1
S20254;1121;4;84990;84995;1
S20254;1121;5;84995;85000;1
S20254;1121;6;85000;85005;1
S20254;1121;40;85005;85040;1
S20254;1121;40;87620;87630;0
S20254;1121;6;87630;87635;0
S20254;1121;5;87635;87640;0
S20254;1121;4;87640;87645;0
S20254;1121;3;87645;87650;0
S20254;1121;2;87650;87655;0
S20254;1121;1;87655;87675;0
S20254;1122;0;84965;84965;1
S20254;1122;1;106600;106620;1
S20254;1122;2;106620;106625;1
S20254;1122;3;106625;106630;1
S20254;1122;4;106630;106635;1
S20254;1122;5;106635;106640;1
S20254;1122;6;106640;106645;1
S20254;1122;7;106645;106650;1
S20254;1122;8;106650;106655;1
S20254;1122;9;106655;106660;1
S20254;1122;10;106660;106665;1
S20254;1122;11;106665;106670;1
S20254;1122;12;106670;106675;1
S20254;1122;13;106675;106680;1
S20254;1122;14;106680;106685;1
S20254;1122;15;106685;106690;1
S20254;1122;16;106690;106705;1
S20254;1122;74;106705;106750;1
S20254;1122;74;111355;111365;0
S20254;1122;16;111365;111380;0
S20254;1122;15;111380;111385;0
S20254;1122;14;111385;111390;0
S20254;1122;13;111390;111395;0
S20254;1122;12;111395;111400;0
S20254;1122;11;111400;111405;0
S20254;1122;10;111405;111410;0
S20254;1122;9;111410;111415;0
S20254;1122;8;111415;111420;0
S20254;1122;7;111420;111425;0
S20254;1122;6;111425;111430;0
S20254;1122;5;111430;111435;0
S20254;1122;4;111435;111440;0
S20254;1122;3;111440;111445;0
S20254;1122;2;111445;111450;0
S20254;1122;1;111450;111470;0
S20254;1123;0;84985;84985;1
S20254;1123;1;86390;86410;1
S20254;1123;2;86410;86415;1
S20254;1123;3;86415;86420;1
S20254;1123;4;86420;86425;1
S20254;1123;5;86425;86430;1
S20254;1123;6;86430;86435;1
S20254;1123;7;86435;86440;1
S20254;1123;8;86440;86445;1
S20254;1123;9;86445;86450;1
S20254;1123;10;86450;86455;1
S20254;1123;11;86455;86460;1
S20254;1123;12;86460;86465;1
S20254;1123;64;86465;86500;1
S20254;1123;64;87545;87555;0
S20254;1123;12;87555;87560;0
S20254;1123;11;87560;87565;0
S20254;1123;10;87565;87570;0
S20254;1123;9;87570;87575;0
S20254;1123;8;87575;87580;0
S20254;1123;7;87580;87585;0
S20254;1123;6;87585;87590;0
S20254;1123;5;87590;87595;0
S20254;1123;4;87595;87600;0
S20254;1123;3;87600;87605;0
S20254;1123;2;87605;87610;0
S20254;1123;1;87610;87630;0
S20254;1124;0;85020;85020;1
S20254;1124;1;85445;85465;1
S20254;1124;2;85465;85470;1
S20254;1124;3;85470;85475;1
S20254;1124;4;85475;85480;1
S20254;1124;5;85480;85485;1
S20254;1124;6;85485;85490;1
S20254;1124;7;85490;85495;1
S20254;1124;8;85495;85500;1
S20254;1124;9;85500;85505;1
S20254;1124;10;85505;85510;1
S20254;1124;11;85510;85515;1
S20254;1124;88;85515;85530;1
S20254;1124;88;87370;87400;0
S20254;1124;11;87400;87405;0
S20254;1124;10;87405;87410;0
S20254;1124;9;87410;87415;0
S20254;1124;8;87415;87420;0
S20254;1124;7;87420;87425;0
S20254;1124;6;87425;87430;0
S20254;1124;5;87430;87435;0
S20254;1124;4;87435;87440;0
S20254;1124;3;87440;87445;0
S20254;1124;2;87445;87450;0
S20254;1124;1;87450;87470;0
S20254;1125;0;85215;85215;1
S20254;1125;1;93660;93680;1
S20254;1125;2;93680;93685;1
S20254;1125;3;93685;93690;1
S20254;1125;4;93690;93695;1
S20254;1125;5;93695;93700;1
S20254;1125;6;93700;93705;1
S20254;1125;40;93705;93740;1
S20254;1125;40;97735;97745;0
S20254;1125;6;97745;97750;0
S20254;1125;5;97750;97755;0
S20254;1125;4;97755;97760;0
S20254;1125;3;97760;97765;0
S20254;1125;2;97765;97770;0
S20254;1125;1;97770;97790;0
S20254;1126;0;85285;85285;1
S20254;1126;1;85290;85310;1
S20254;1126;2;85310;85315;1
S20254;1126;3;85315;85320;1
S20254;1126;4;85320;85325;1
S20254;1126;5;85325;85330;1
S20254;1126;6;85330;85335;1
S20254;1126;38;85335;85370;1
S20254;1126;38;86190;86200;0
S20254;1126;6;86200;86205;0
S20254;1126;5;86205;86210;0
S20254;1126;4;86210;86215;0
S20254;1126;3;86215;86220;0
S20254;1126;2;86220;86225;0
S20254;1126;1;86225;86245;0
S20254;1127;0;85350;85350;1
S20254;1127;1;86490;86510;1
S20254;1127;2;86510;86515;1
S20254;1127;3;86515;86520;1
S20254;1127;4;86520;86525;1
S20254;1127;5;86525;86530;1
S20254;1127;33;86530;86545;1
S20254;1127;33;87340;87370;0
S20254;1127;5;87370;87375;0
S20254;1127;4;87375;87380;0
S20254;1127;3;87380;87385;0
S20254;1127;2;87385;87390;0
S20254;1127;1;87390;87410;0
S20254;1128;0;85350;85350;1
S20254;1128;1;85350;85370;1
S20254;1128;2;85370;85375;1
S20254;1128;3;85375;85380;1
S20254;1128;4;85380;85385;1
S20254;1128;5;85385;85390;1
S20254;1128;6;85390;85395;1
S20254;1128;39;85395;85430;1
S20254;1128;39;86115;86125;0
S20254;1128;6;86125;86130;0
S20254;1128;5;86130;86135;0
S20254;1128;4;86135;86140;0
S20254;1128;3;86140;86145;0
S20254;1128;2;86145;86150;0
S20254;1128;1;86150;86170;0
S20254;1129;0;85500;85500;1
S20254;1129;1;85500;85520;1
S20254;1129;2;85520;85525;1
S20254;1129;3;85525;85530;1
S20254;1129;4;85530;85535;1
S20254;1129;5;85535;85540;1
S20254;1129;6;85540;85545;1
S20254;1129;7;85545;85550;1
S20254;1129;8;85550;85555;1
S20254;1129;9;85555;85560;1
S20254;1129;10;85560;85565;1
S20254;1129;11;85565;85570;1
S20254;1129;56;85570;85585;1
S20254;1129;56;93420;93450;0
S20254;1129;11;93450;93455;0
S20254;1129;10;93455;93460;0
S20254;1129;9;93460;93465;0
S20254;1129;8;93465;93470;0
S20254;1129;7;93470;93475;0
S20254;1129;6;93475;93480;0
S20254;1129;5;93480;93485;0
S20254;1129;4;93485;93490;0
S20254;1129;3;93490;93495;0
S20254;1129;2;93495;93500;0
S20254;1129;1;93500;93520;0
S20254;1130;0;85610;85610;1
S20254;1130;1;100915;100935;1
S20254;1130;2;100935;100940;1
S20254;1130;3;100940;100945;1
S20254;1130;19;100945;100980;1
S20254;1130;19;104380;104390;0
S20254;1130;3;104390;104395;0
S20254;1130;2;104395;104400;0
S20254;1130;1;104400;104420;0
S20254;1131;0;85640;85640;1
S20254;1131;1;85745;85765;1
S20254;1131;83;85765;85800;1
S20254;1131;83;87785;87795;0
S20254;1131;1;87795;87815;0
S20254;1132;0;85670;85670;1
S20254;1132;1;95445;95465;1
S20254;1132;2;95465;95470;1
S20254;1132;3;95470;95475;1
S20254;1132;4;95475;95480;1
S20254;1132;26;95480;95515;1
S20254;1132;26;98160;98170;0
S20254;1132;4;98170;98175;0
S20254;1132;3;98175;98180;0
S20254;1132;2;98180;98185;0
S20254;1132;1;98185;98205;0
S20254;1133;0;86140;86140;1
S20254;1133;1;86265;86285;1
S20254;1133;2;86285;86290;1
S20254;1133;3;86290;86295;1
S20254;1133;4;86295;86300;1
S20254;1133;5;86300;86305;1
S20254;1133;6;86305;86310;1
S20254;1133;41;86310;86325;1
S20254;1133;41;95080;95110;0
S20254;1133;6;95110;95115;0
S20254;1133;5;95115;95120;0
S20254;1133;4;95120;95125;0
S20254;1133;3;95125;95130;0
S20254;1133;2;95130;95135;0
S20254;1133;1;95135;95155;0
S20254;1134;0;86240;86240;1
S20254;1134;1;87260;87280;1
S20254;1134;2;87280;87285;1
S20254;1134;3;87285;87290;1
S20254;1134;4;87290;87295;1
S20254;1134;5;87295;87300;1
S20254;1134;6;87300;87305;1
S20254;1134;7;87305;87310;1
S20254;1134;8;87310;87315;1
S20254;1134;9;87315;87320;1
S20254;1134;10;87320;87325;1
S20254;1134;11;87325;87330;1
S20254;1134;54;87330;87345;1
S20254;1134;54;88900;88930;0
S20254;1134;11;88930;88935;0
S20254;1134;10;88935;88940;0
S20254;1134;9;88940;88945;0
S20254;1134;8;88945;88950;0
S20254;1134;7;88950;88955;0
S20254;1134;6;88955;88960;0
S20254;1134;5;88960;88965;0
S20254;1134;4;88965;88970;0
S20254;1134;3;88970;88975;0
S20254;1134;2;88975;88980;0
S20254;1134;1;88980;89000;0
S20254;1135;0;86265;86265;1
S20254;1135;1;86460;86480;1
S20254;1135;2;86480;86485;1
S20254;1135;3;86485;86490;1
S20254;1135;4;86490;86495;1
S20254;1135;5;86495;86500;1
S20254;1135;6;86500;86505;1
S20254;1135;7;86505;86510;1
S20254;1135;8;86510;86515;1
S20254;1135;9;86515;86520;1
S20254;1135;10;86520;86525;1
S20254;1135;53;86525;86540;1
S20254;1135;53;87345;87375;0
S20254;1135;10;87375;87380;0
S20254;1135;9;87380;87385;0
S20254;1135;8;87385;87390;0
S20254;1135;7;87390;87395;0
S20254;1135;6;87395;87400;0
S20254;1135;5;87400;87405;0
S20254;1135;4;87405;87410;0
S20254;1135;3;87410;87415;0
S20254;1135;2;87415;87420;0
S20254;1135;1;87420;87440;0
S20254;1136;0;86340;86340;1
S20254;1136;1;87970;87990;1
S20254;1136;2;87990;87995;1
S20254;1136;3;87995;88000;1
S20254;1136;17;88000;88035;1
S20254;1136;17;89725;89735;0
S20254;1136;3;89735;89740;0
S20254;1136;2;89740;89745;0
S20254;1136;1;89745;89765;0
S20254;1137;0;86340;86340;1
S20254;1137;1;86440;86460;1
S20254;1137;2;86460;86465;1
S20254;1137;3;86465;86470;1
S20254;1137;4;86470;86475;1
S20254;1137;5;86475;86480;1
S20254;1137;36;86480;86495;1
S20254;1137;36;87140;87170;0
S20254;1137;5;87170;87175;0
S20254;1137;4;87175;87180;0
S20254;1137;3;87180;87185;0
S20254;1137;2;87185;87190;0
S20254;1137;1;87190;87210;0
S20254;1138;0;86360;86360;1
S20254;1138;1;101420;101440;1
S20254;1138;2;101440;101445;1
S20254;1138;3;101445;101450;1
S20254;1138;18;101450;101485;1
S20254;1138;18;107490;107500;0
S20254;1138;3;107500;107505;0
S20254;1138;2;107505;107510;0
S20254;1138;1;107510;107530;0
S20254;1139;0;86410;86410;1
S20254;1139;1;95895;95915;1
S20254;1139;2;95915;95920;1
S20254;1139;3;95920;95925;1
S20254;1139;4;95925;95930;1
S20254;1139;5;95930;95935;1
S20254;1139;6;95935;95940;1
S20254;1139;7;95940;95945;1
S20254;1139;45;95945;95980;1
S20254;1139;45;98950;98960;0
S20254;1139;7;98960;98965;0
S20254;1139;6;98965;98970;0
S20254;1139;5;98970;98975;0
S20254;1139;4;98975;98980;0
S20254;1139;3;98980;98985;0
S20254;1139;2;98985;98990;0
S20254;1139;1;98990;99010;0
S20254;1140;0;86565;86565;1
S20254;1140;1;86695;86715;1
S20254;1140;2;86715;86720;1
S20254;1140;3;86720;86725;1
S20254;1140;4;86725;86730;1
S20254;1140;5;86730;86735;1
S20254;1140;6;86735;86740;1
S20254;1140;7;86740;86745;1
S20254;1140;8;86745;86750;1
S20254;1140;9;86750;86755;1
S20254;1140;10;86755;86760;1
S20254;1140;11;86760;86765;1
S20254;1140;12;86765;86770;1
S20254;1140;65;86770;86805;1
S20254;1140;65;88065;88075;0
S20254;1140;12;88075;88080;0
S20254;1140;11;88080;88085;0
S20254;1140;10;88085;88090;0
S20254;1140;9;88090;88095;0
S20254;1140;8;88095;88100;0
S20254;1140;7;88100;88105;0
S20254;1140;6;88105;88110;0
S20254;1140;5;88110;88115;0
S20254;1140;4;88115;88120;0
S20254;1140;3;88120;88125;0
S20254;1140;2;88125;88130;0
S20254;1140;1;88130;88150;0
S20254;1141;0;86640;86640;1
S20254;1141;1;89280;89300;1
S20254;1141;2;89300;89305;1
S20254;1141;3;89305;89310;1
S20254;1141;4;89310;89315;1
S20254;1141;5;89315;89320;1
S20254;1141;6;89320;89325;1
S20254;1141;7;89325;89330;1
S20254;1141;8;89330;89335;1
S20254;1141;9;89335;89340;1
S20254;1141;10;89340;89345;1
S20254;1141;11;89345;89350;1
S20254;1141;12;89350;89355;1
S20254;1141;13;89355;89360;1
S20254;1141;14;89360;89365;1
S20254;1141;15;89365;89370;1
S20254;1141;16;89370;89385;1
S20254;1141;75;89385;89430;1
S20254;1141;75;93355;93365;0
S20254;1141;16;93365;93380;0
S20254;1141;15;93380;93385;0
S20254;1141;14;93385;93390;0
S20254;1141;13;93390;93395;0
S20254;1141;12;93395;93400;0
S20254;1141;11;93400;93405;0
S20254;1141;10;93405;93410;0
S20254;1141;9;93410;93415;0
S20254;1141;8;93415;93420;0
S20254;1141;7;93420;93425;0
S20254;1141;6;93425;93430;0
S20254;1141;5;93430;93435;0
S20254;1141;4;93435;93440;0
S20254;1141;3;93440;93445;0
S20254;1141;2;93445;93450;0
S20254;1141;1;93450;93470;0
S20254;1142;0;86655;86655;1
S20254;1142;1;92565;92585;1
S20254;1142;2;92585;92590;1
S20254;1142;3;92590;92595;1
S20254;1142;4;92595;92600;1
S20254;1142;5;92600;92605;1
S20254;1142;6;92605;92610;1
S20254;1142;7;92610;92615;1
S20254;1142;8;92615;92620;1
S20254;1142;9;92620;92625;1
S20254;1142;10;92625;92630;1
S20254;1142;53;92630;92645;1
S20254;1142;53;94575;94605;0
S20254;1142;10;94605;94610;0
S20254;1142;9;94610;94615;0
S20254;1142;8;94615;94620;0
S20254;1142;7;94620;94625;0
S20254;1142;6;94625;94630;0
S20254;1142;5;94630;94635;0
S20254;1142;4;94635;94640;0
S20254;1142;3;94640;94645;0
S20254;1142;2;94645;94650;0
S20254;1142;1;94650;94670;0
S20254;1143;0;86870;86870;1
S20254;1143;1;87020;87040;1
S20254;1143;2;87040;87045;1
S20254;1143;3;87045;87050;1
S20254;1143;4;87050;87055;1
S20254;1143;5;87055;87060;1
S20254;1143;6;87060;87065;1
S20254;1143;7;87065;87070;1
S20254;1143;8;87070;87075;1
S20254;1143;9;87075;87080;1
S20254;1143;10;87080;87085;1
S20254;1143;11;87085;87090;1
S20254;1143;12;87090;87095;1
S20254;1143;13;87095;87100;1
S20254;1143;14;87100;87105;1
S20254;1143;15;87105;87110;1
S20254;1143;16;87110;87125;1
S20254;1143;78;87125;87140;1
S20254;1143;78;93230;93260;0
S20254;1143;16;93260;93275;0
S20254;1143;15;93275;93280;0
S20254;1143;14;93280;93285;0
S20254;1143;13;93285;93290;0
S20254;1143;12;93290;93295;0
S20254;1143;11;93295;93300;0
S20254;1143;10;93300;93305;0
S20254;1143;9;93305;93310;0
S20254;1143;8;93310;93315;0
S20254;1143;7;93315;93320;0
S20254;1143;6;93320;93325;0
S20254;1143;5;93325;93330;0
S20254;1143;4;93330;93335;0
S20254;1143;3;93335;93340;0
S20254;1143;2;93340;93345;0
S20254;1143;1;93345;93365;0
S20254;1144;0;87060;87060;1
S20254;1144;1;102870;102890;1
S20254;1144;2;102890;102895;1
S20254;1144;3;102895;102900;1
S20254;1144;4;102900;102905;1
S20254;1144;5;102905;102910;1
S20254;1144;6;102910;102915;1
S20254;1144;7;102915;102920;1
S20254;1144;8;102920;102925;1
S20254;1144;9;102925;102930;1
S20254;1144;10;102930;102935;1
S20254;1144;11;102935;102940;1
S20254;1144;12;102940;102945;1
S20254;1144;13;102945;102950;1
S20254;1144;14;102950;102955;1
S20254;1144;15;102955;102960;1
S20254;1144;16;102960;102975;1
S20254;1144;74;102975;103020;1
S20254;1144;74;106480;106490;0
S20254;1144;16;106490;106505;0
S20254;1144;15;106505;106510;0
S20254;1144;14;106510;106515;0
S20254;1144;13;106515;106520;0
S20254;1144;12;106520;106525;0
S20254;1144;11;106525;106530;0
S20254;1144;10;106530;106535;0
S20254;1144;9;106535;106540;0
S20254;1144;8;106540;106545;0
S20254;1144;7;106545;106550;0
S20254;1144;6;106550;106555;0
S20254;1144;5;106555;106560;0
S20254;1144;4;106560;106565;0
S20254;1144;3;106565;106570;0
S20254;1144;2;106570;106575;0
S20254;1144;1;106575;106595;0
S20254;1145;0;87120;87120;1
S20254;1145;1;87275;87295;1
S20254;1145;2;87295;87300;1
S20254;1145;3;87300;87305;1
S20254;1145;4;87305;87310;1
S20254;1145;5;87310;87315;1
S20254;1145;6;87315;87320;1
S20254;1145;7;87320;87325;1
S20254;1145;8;87325;87330;1
S20254;1145;9;87330;87335;1
S20254;1145;10;87335;87340;1
S20254;1145;53;87340;87355;1
S20254;1145;53;88095;88125;0
S20254;1145;10;88125;88130;0
S20254;1145;9;88130;88135;0
S20254;1145;8;88135;88140;0
S20254;1145;7;88140;88145;0
S20254;1145;6;88145;88150;0
S20254;1145;5;88150;88155;0
S20254;1145;4;88155;88160;0
S20254;1145;3;88160;88165;0
S20254;1145;2;88165;88170;0
S20254;1145;1;88170;88190;0
S20254;1146;0;87120;87120;1
S20254;1146;1;87305;87325;1
S20254;1146;2;87325;87330;1
S20254;1146;3;87330;87335;1
S20254;1146;4;87335;87340;1
S20254;1146;5;87340;87345;1
S20254;1146;33;87345;87360;1
S20254;1146;33;88005;88035;0
S20254;1146;5;88035;88040;0
S20254;1146;4;88040;88045;0
S20254;1146;3;88045;88050;0
S20254;1146;2;88050;88055;0
S20254;1146;1;88055;88075;0
S20254;1147;0;87505;87505;1
S20254;1147;1;90145;90165;1
S20254;1147;2;90165;90170;1
S20254;1147;3;90170;90175;1
S20254;1147;17;90175;90210;1
S20254;1147;17;92935;92945;0
S20254;1147;3;92945;92950;0
S20254;1147;2;92950;92955;0
S20254;1147;1;92955;92975;0
S20254;1148;0;87570;87570;1
S20254;1148;1;87680;87700;1
S20254;1148;2;87700;87705;1
S20254;1148;3;87705;87710;1
S20254;1148;4;87710;87715;1
S20254;1148;5;87715;87720;1
S20254;1148;6;87720;87725;1
S20254;1148;7;87725;87730;1
S20254;1148;8;87730;87735;1
S20254;1148;9;87735;87740;1
S20254;1148;10;87740;87745;1
S20254;1148;11;87745;87750;1
S20254;1148;60;87750;87765;1
S20254;1148;60;90000;90030;0
S20254;1148;11;90030;90035;0
S20254;1148;10;90035;90040;0
S20254;1148;9;90040;90045;0
S20254;1148;8;90045;90050;0
S20254;1148;7;90050;90055;0
S20254;1148;6;90055;90060;0
S20254;1148;5;90060;90065;0
S20254;1148;4;90065;90070;0
S20254;1148;3;90070;90075;0
S20254;1148;2;90075;90080;0
S20254;1148;1;90080;90100;0
S20254;1149;0;87595;87595;1
S20254;1149;1;87750;87770;1
S20254;1149;2;87770;87775;1
S20254;1149;3;87775;87780;1
S20254;1149;4;87780;87785;1
S20254;1149;5;87785;87790;1
S20254;1149;6;87790;87795;1
S20254;1149;40;87795;87830;1
S20254;1149;40;88910;88920;0
S20254;1149;6;88920;88925;0
S20254;1149;5;88925;88930;0
S20254;1149;4;88930;88935;0
S20254;1149;3;88935;88940;0
S20254;1149;2;88940;88945;0
S20254;1149;1;88945;88965;0
S20254;1150;0;87600;87600;1
S20254;1150;1;87695;87715;1
S20254;1150;2;87715;87720;1
S20254;1150;3;87720;87725;1
S20254;1150;20;87725;87760;1
S20254;1150;20;90505;90515;0
S20254;1150;3;90515;90520;0
S20254;1150;2;90520;90525;0
S20254;1150;1;90525;90545;0
S20254;1151;0;87625;87625;1
S20254;1151;1;93140;93160;1
S20254;1151;2;93160;93165;1
S20254;1151;3;93165;93170;1
S20254;1151;4;93170;93175;1
S20254;1151;5;93175;93180;1
S20254;1151;6;93180;93185;1
S20254;1151;7;93185;93190;1
S20254;1151;8;93190;93195;1
S20254;1151;9;93195;93200;1
S20254;1151;10;93200;93205;1
S20254;1151;11;93205;93210;1
S20254;1151;12;93210;93215;1
S20254;1151;13;93215;93220;1
S20254;1151;69;93220;93255;1
S20254;1151;69;99830;99840;0
S20254;1151;13;99840;99845;0
S20254;1151;12;99845;99850;0
S20254;1151;11;99850;99855;0
S20254;1151;10;99855;99860;0
S20254;1151;9;99860;99865;0
S20254;1151;8;99865;99870;0
S20254;1151;7;99870;99875;0
S20254;1151;6;99875;99880;0
S20254;1151;5;99880;99885;0
S20254;1151;4;99885;99890;0
S20254;1151;3;99890;99895;0
S20254;1151;2;99895;99900;0
S20254;1151;1;99900;99920;0
S20254;1152;0;87630;87630;1
S20254;1152;1;92885;92905;1
S20254;1152;2;92905;92910;1
S20254;1152;3;92910;92915;1
S20254;1152;21;92915;92930;1
S20254;1152;21;94595;94625;0
S20254;1152;3;94625;94630;0
S20254;1152;2;94630;94635;0
S20254;1152;1;94635;94655;0
S20254;1153;0;87720;87720;1
S20254;1153;1;87735;87755;1
S20254;1153;2;87755;87760;1
S20254;1153;3;87760;87765;1
S20254;1153;4;87765;87770;1
S20254;1153;5;87770;87775;1
S20254;1153;6;87775;87780;1
S20254;1153;7;87780;87785;1
S20254;1153;8;87785;87790;1
S20254;1153;9;87790;87795;1
S20254;1153;10;87795;87800;1
S20254;1153;11;87800;87805;1
S20254;1153;12;87805;87810;1
S20254;1153;13;87810;87815;1
S20254;1153;69;87815;87830;1
S20254;1153;69;90815;90845;0
S20254;1153;13;90845;90850;0
S20254;1153;12;90850;90855;0
S20254;1153;11;90855;90860;0
S20254;1153;10;90860;90865;0
S20254;1153;9;90865;90870;0
S20254;1153;8;90870;90875;0
S20254;1153;7;90875;90880;0
S20254;1153;6;90880;90885;0
S20254;1153;5;90885;90890;0
S20254;1153;4;90890;90895;0
S20254;1153;3;90895;90900;0
S20254;1153;2;90900;90905;0
S20254;1153;1;90905;90925;0
S20254;1154;0;87870;87870;1
S20254;1154;1;87955;87975;1
S20254;1154;2;87975;87980;1
S20254;1154;3;87980;87985;1
S20254;1154;4;87985;87990;1
S20254;1154;5;87990;87995;1
S20254;1154;33;87995;88010;1
S20254;1154;33;89020;89050;0
S20254;1154;5;89050;89055;0
S20254;1154;4;89055;89060;0
S20254;1154;3;89060;89065;0
S20254;1154;2;89065;89070;0
S20254;1154;1;89070;89090;0
S20254;1155;0;88120;88120;1
S20254;1155;1;88215;88235;1
S20254;1155;2;88235;88240;1
S20254;1155;3;88240;88245;1
S20254;1155;4;88245;88250;1
S20254;1155;5;88250;88255;1
S20254;1155;6;88255;88260;1
S20254;1155;7;88260;88265;1
S20254;1155;8;88265;88270;1
S20254;1155;9;88270;88275;1
S20254;1155;10;88275;88280;1
S20254;1155;53;88280;88295;1
S20254;1155;53;90170;90200;0
S20254;1155;10;90200;90205;0
S20254;1155;9;90205;90210;0
S20254;1155;8;90210;90215;0
S20254;1155;7;90215;90220;0
S20254;1155;6;90220;90225;0
S20254;1155;5;90225;90230;0
S20254;1155;4;90230;90235;0
S20254;1155;3;90235;90240;0
S20254;1155;2;90240;90245;0
S20254;1155;1;90245;90265;0
S20254;1156;0;88200;88200;1
S20254;1156;1;88200;88220;1
S20254;1156;2;88220;88225;1
S20254;1156;3;88225;88230;1
S20254;1156;4;88230;88235;1
S20254;1156;5;88235;88240;1
S20254;1156;6;88240;88245;1
S20254;1156;7;88245;88250;1
S20254;1156;8;88250;88255;1
S20254;1156;9;88255;88260;1
S20254;1156;10;88260;88265;1
S20254;1156;11;88265;88270;1
S20254;1156;12;88270;88275;1
S20254;1156;64;88275;88290;1
S20254;1156;64;89700;89730;0
S20254;1156;12;89730;89735;0
S20254;1156;11;89735;89740;0
S20254;1156;10;89740;89745;0
S20254;1156;9;89745;89750;0
S20254;1156;8;89750;89755;0
S20254;1156;7;89755;89760;0
S20254;1156;6;89760;89765;0
S20254;1156;5;89765;89770;0
S20254;1156;4;89770;89775;0
S20254;1156;3;89775;89780;0
S20254;1156;2;89780;89785;0
S20254;1156;1;89785;89805;0
S20254;1157;0;88230;88230;1
S20254;1157;1;88230;88250;1
S20254;1157;2;88250;88255;1
S20254;1157;3;88255;88260;1
S20254;1157;4;88260;88265;1
S20254;1157;5;88265;88270;1
S20254;1157;6;88270;88275;1
S20254;1157;38;88275;88310;1
S20254;1157;38;88930;88940;0
S20254;1157;6;88940;88945;0
S20254;1157;5;88945;88950;0
S20254;1157;4;88950;88955;0
S20254;1157;3;88955;88960;0
S20254;1157;2;88960;88965;0
S20254;1157;1;88965;88985;0
S20254;1158;0;88600;88600;1
S20254;1158;1;93425;93445;1
S20254;1158;2;93445;93450;1
S20254;1158;3;93450;93455;1
S20254;1158;4;93455;93460;1
S20254;1158;5;93460;93465;1
S20254;1158;6;93465;93470;1
S20254;1158;7;93470;93475;1
S20254;1158;8;93475;93480;1
S20254;1158;9;93480;93485;1
S20254;1158;10;93485;93490;1
S20254;1158;11;93490;93495;1
S20254;1158;12;93495;93500;1
S20254;1158;13;93500;93505;1
S20254;1158;70;93505;93540;1
S20254;1158;70;96105;96115;0
S20254;1158;13;96115;96120;0
S20254;1158;12;96120;96125;0
S20254;1158;11;96125;96130;0
S20254;1158;10;96130;96135;0
S20254;1158;9;96135;96140;0
S20254;1158;8;96140;96145;0
S20254;1158;7;96145;96150;0
S20254;1158;6;96150;96155;0
S20254;1158;5;96155;96160;0
S20254;1158;4;96160;96165;0
S20254;1158;3;96165;96170;0
S20254;1158;2;96170;96175;0
S20254;1158;1;96175;96195;0
S20254;1159;0;88605;88605;1
S20254;1159;1;100565;100585;1
S20254;1159;2;100585;100590;1
S20254;1159;3;100590;100595;1
S20254;1159;4;100595;100600;1
S20254;1159;5;100600;100605;1
S20254;1159;6;100605;100610;1
S20254;1159;7;100610;100615;1
S20254;1159;8;100615;100620;1
S20254;1159;9;100620;100625;1
S20254;1159;10;100625;100630;1
S20254;1159;11;100630;100635;1
S20254;1159;12;100635;100640;1
S20254;1159;13;100640;100645;1
S20254;1159;70;100645;100680;1
S20254;1159;70;102440;102450;0
S20254;1159;13;102450;102455;0
S20254;1159;12;102455;102460;0
S20254;1159;11;102460;102465;0
S20254;1159;10;102465;102470;0
S20254;1159;9;102470;102475;0
S20254;1159;8;102475;102480;0
S20254;1159;7;102480;102485;0
S20254;1159;6;102485;102490;0
S20254;1159;5;102490;102495;0
S20254;1159;4;102495;102500;0
S20254;1159;3;102500;102505;0
S20254;1159;2;102505;102510;0
S20254;1159;1;102510;102530;0
S20254;1160;0;88640;88640;1
S20254;1160;1;88640;88660;1
S20254;1160;83;88660;88695;1
S20254;1160;83;89480;89490;0
S20254;1160;1;89490;89510;0
S20254;1161;0;88820;88820;1
S20254;1161;1;88820;88840;1
S20254;1161;2;88840;88845;1
S20254;1161;3;88845;88850;1
S20254;1161;4;88850;88855;1
S20254;1161;5;88855;88860;1
S20254;1161;6;88860;88865;1
S20254;1161;7;88865;88870;1
S20254;1161;8;88870;88875;1
S20254;1161;9;88875;88880;1
S20254;1161;10;88880;88885;1
S20254;1161;52;88885;88900;1
S20254;1161;52;91140;91170;0
S20254;1161;10;91170;91175;0
S20254;1161;9;91175;91180;0
S20254;1161;8;91180;91185;0
S20254;1161;7;91185;91190;0
S20254;1161;6;91190;91195;0
S20254;1161;5;91195;91200;0
S20254;1161;4;91200;91205;0
S20254;1161;3;91205;91210;0
S20254;1161;2;91210;91215;0
S20254;1161;1;91215;91235;0
S20254;1162;0;88860;88860;1
S20254;1162;1;88860;88880;1
S20254;1162;2;88880;88885;1
S20254;1162;3;88885;88890;1
S20254;1162;4;88890;88895;1
S20254;1162;5;88895;88900;1
S20254;1162;36;88900;88915;1
S20254;1162;36;90070;90100;0
S20254;1162;5;90100;90105;0
S20254;1162;4;90105;90110;0
S20254;1162;3;90110;90115;0
S20254;1162;2;90115;90120;0
S20254;1162;1;90120;90140;0
S20254;1163;0;89100;89100;1
S20254;1163;1;89100;89120;1
S20254;1163;2;89120;89125;1
S20254;1163;3;89125;89130;1
S20254;1163;4;89130;89135;1
S20254;1163;5;89135;89140;1
S20254;1163;34;89140;89155;1
S20254;1163;34;89720;89750;0
S20254;1163;5;89750;89755;0
S20254;1163;4;89755;89760;0
S20254;1163;3;89760;89765;0
S20254;1163;2;89765;89770;0
S20254;1163;1;89770;89790;0
S20254;1164;0;89115;89115;1
S20254;1164;1;89135;89155;1
S20254;1164;2;89155;89160;1
S20254;1164;3;89160;89165;1
S20254;1164;4;89165;89170;1
S20254;1164;5;89170;89175;1
S20254;1164;35;89175;89190;1
S20254;1164;35;90000;90030;0
S20254;1164;5;90030;90035;0
S20254;1164;4;90035;90040;0
S20254;1164;3;90040;90045;0
S20254;1164;2;90045;90050;0
S20254;1164;1;90050;90070;0
S20254;1165;0;89120;89120;1
S20254;1165;1;89120;89140;1
S20254;1165;2;89140;89145;1
S20254;1165;3;89145;89150;1
S20254;1165;4;89150;89155;1
S20254;1165;5;89155;89160;1
S20254;1165;6;89160;89165;1
S20254;1165;7;89165;89170;1
S20254;1165;8;89170;89175;1
S20254;1165;9;89175;89180;1
S20254;1165;10;89180;89185;1
S20254;1165;11;89185;89190;1
S20254;1165;55;89190;89205;1
S20254;1165;55;90875;90905;0
S20254;1165;11;90905;90910;0
S20254;1165;10;90910;90915;0
S20254;1165;9;90915;90920;0
S20254;1165;8;90920;90925;0
S20254;1165;7;90925;90930;0
S20254;1165;6;90930;90935;0
S20254;1165;5;90935;90940;0
S20254;1165;4;90940;90945;0
S20254;1165;3;90945;90950;0
S20254;1165;2;90950;90955;0
S20254;1165;1;90955;90975;0
S20254;1166;0;89400;89400;1
S20254;1166;1;89425;89445;1
S20254;1166;2;89445;89450;1
S20254;1166;3;89450;89455;1
S20254;1166;4;89455;89460;1
S20254;1166;5;89460;89465;1
S20254;1166;33;89465;89500;1
S20254;1166;33;92240;92250;0
S20254;1166;5;92250;92255;0
S20254;1166;4;92255;92260;0
S20254;1166;3;92260;92265;0
S20254;1166;2;92265;92270;0
S20254;1166;1;92270;92290;0
S20254;1167;0;89545;89545;1
S20254;1167;1;89545;89565;1
S20254;1167;2;89565;89570;1
S20254;1167;3;89570;89575;1
S20254;1167;4;89575;89580;1
S20254;1167;5;89580;89585;1
S20254;1167;6;89585;89590;1
S20254;1167;7;89590;89595;1
S20254;1167;8;89595;89600;1
S20254;1167;9;89600;89605;1
S20254;1167;10;89605;89610;1
S20254;1167;11;89610;89615;1
S20254;1167;12;89615;89620;1
S20254;1167;66;89620;89655;1
S20254;1167;66;91015;91025;0
S20254;1167;12;91025;91030;0
S20254;1167;11;91030;91035;0
S20254;1167;10;91035;91040;0
S20254;1167;9;91040;91045;0
S20254;1167;8;91045;91050;0
S20254;1167;7;91050;91055;0
S20254;1167;6;91055;91060;0
S20254;1167;5;91060;91065;0
S20254;1167;4;91065;91070;0
S20254;1167;3;91070;91075;0
S20254;1167;2;91075;91080;0
S20254;1167;1;91080;91100;0
S20254;1168;0;89560;89560;1
S20254;1168;1;89605;89625;1
S20254;1168;2;89625;89630;1
S20254;1168;3;89630;89635;1
S20254;1168;4;89635;89640;1
S20254;1168;5;89640;89645;1
S20254;1168;6;89645;89650;1
S20254;1168;7;89650;89655;1
S20254;1168;8;89655;89660;1
S20254;1168;9;89660;89665;1
S20254;1168;10;89665;89670;1
S20254;1168;11;89670;89675;1
S20254;1168;12;89675;89680;1
S20254;1168;13;89680;89685;1
S20254;1168;68;89685;89720;1
S20254;1168;68;94135;94145;0
S20254;1168;13;94145;94150;0
S20254;1168;12;94150;94155;0
S20254;1168;11;94155;94160;0
S20254;1168;10;94160;94165;0
S20254;1168;9;94165;94170;0
S20254;1168;8;94170;94175;0
S20254;1168;7;94175;94180;0
S20254;1168;6;94180;94185;0
S20254;1168;5;94185;94190;0
S20254;1168;4;94190;94195;0
S20254;1168;3;94195;94200;0
S20254;1168;2;94200;94205;0
S20254;1168;1;94205;94225;0
S20254;1169;0;89610;89610;1
S20254;1169;1;89670;89690;1
S20254;1169;2;89690;89695;1
S20254;1169;3;89695;89700;1
S20254;1169;4;89700;89705;1
S20254;1169;5;89705;89710;1
S20254;1169;34;89710;89725;1
S20254;1169;34;90835;90865;0
S20254;1169;5;90865;90870;0
S20254;1169;4;90870;90875;0
S20254;1169;3;90875;90880;0
S20254;1169;2;90880;90885;0
S20254;1169;1;90885;90905;0
S20254;1170;0;89640;89640;1
S20254;1170;1;89640;89660;1
S20254;1170;2;89660;89665;1
S20254;1170;3;89665;89670;1
S20254;1170;4;89670;89675;1
S20254;1170;5;89675;89680;1
S20254;1170;6;89680;89685;1
S20254;1170;7;89685;89690;1
S20254;1170;8;89690;89695;1
S20254;1170;9;89695;89700;1
S20254;1170;10;89700;89705;1
S20254;1170;11;89705;89710;1
S20254;1170;88;89710;89725;1
S20254;1170;88;91775;91805;0
S20254;1170;11;91805;91810;0
S20254;1170;10;91810;91815;0
S20254;1170;9;91815;91820;0
S20254;1170;8;91820;91825;0
S20254;1170;7;91825;91830;0
S20254;1170;6;91830;91835;0
S20254;1170;5;91835;91840;0
S20254;1170;4;91840;91845;0
S20254;1170;3;91845;91850;0
S20254;1170;2;91850;91855;0
S20254;1170;1;91855;91875;0
S20254;1171;0;89655;89655;1
S20254;1171;1;89655;89675;1
S20254;1171;2;89675;89680;1
S20254;1171;3;89680;89685;1
S20254;1171;4;89685;89690;1
S20254;1171;5;89690;89695;1
S20254;1171;6;89695;89700;1
S20254;1171;43;89700;89735;1
S20254;1171;43;90470;90480;0
S20254;1171;6;90480;90485;0
S20254;1171;5;90485;90490;0
S20254;1171;4;90490;90495;0
S20254;1171;3;90495;90500;0
S20254;1171;2;90500;90505;0
S20254;1171;1;90505;90525;0
S20254;1172;0;89700;89700;1
S20254;1172;1;96480;96500;1
S20254;1172;2;96500;96505;1
S20254;1172;3;96505;96510;1
S20254;1172;4;96510;96515;1
S20254;1172;5;96515;96520;1
S20254;1172;6;96520;96525;1
S20254;1172;7;96525;96530;1
S20254;1172;8;96530;96535;1
S20254;1172;9;96535;96540;1
S20254;1172;10;96540;96545;1
S20254;1172;11;96545;96550;1
S20254;1172;12;96550;96555;1
S20254;1172;13;96555;96560;1
S20254;1172;14;96560;96565;1
S20254;1172;15;96565;96570;1
S20254;1172;16;96570;96585;1
S20254;1172;72;96585;96600;1
S20254;1172;72;100025;100065;0
S20254;1172;16;100065;100080;0
S20254;1172;15;100080;100085;0
S20254;1172;14;100085;100090;0
S20254;1172;13;100090;100095;0
S20254;1172;12;100095;100100;0
S20254;1172;11;100100;100105;0
S20254;1172;10;100105;100110;0
S20254;1172;9;100110;100115;0
S20254;1172;8;100115;100120;0
S20254;1172;7;100120;100125;0
S20254;1172;6;100125;100130;0
S20254;1172;5;100130;100135;0
S20254;1172;4;100135;100140;0
S20254;1172;3;100140;100145;0
S20254;1172;2;100145;100150;0
S20254;1172;1;100150;100170;0
S20254;1173;0;89730;89730;1
S20254;1173;1;90390;90410;1
S20254;1173;2;90410;90415;1
S20254;1173;3;90415;90420;1
S20254;1173;4;90420;90425;1
S20254;1173;5;90425;90430;1
S20254;1173;6;90430;90435;1
S20254;1173;7;90435;90440;1
S20254;1173;8;90440;90445;1
S20254;1173;9;90445;90450;1
S20254;1173;10;90450;90455;1
S20254;1173;11;90455;90460;1
S20254;1173;12;90460;90465;1
S20254;1173;13;90465;90470;1
S20254;1173;70;90470;90505;1
S20254;1173;70;93260;93270;0
S20254;1173;13;93270;93275;0
S20254;1173;12;93275;93280;0
S20254;1173;11;93280;93285;0
S20254;1173;10;93285;93290;0
S20254;1173;9;93290;93295;0
S20254;1173;8;93295;93300;0
S20254;1173;7;93300;93305;0
S20254;1173;6;93305;93310;0
S20254;1173;5;93310;93315;0
S20254;1173;4;93315;93320;0
S20254;1173;3;93320;93325;0
S20254;1173;2;93325;93330;0
S20254;1173;1;93330;93350;0
S20254;1174;0;89775;89775;1
S20254;1174;1;89850;89870;1
S20254;1174;2;89870;89875;1
S20254;1174;3;89875;89880;1
S20254;1174;4;89880;89885;1
S20254;1174;5;89885;89890;1
S20254;1174;27;89890;89925;1
S20254;1174;27;97535;97545;0
S20254;1174;5;97545;97550;0
S20254;1174;4;97550;97555;0
S20254;1174;3;97555;97560;0
S20254;1174;2;97560;97565;0
S20254;1174;1;97565;97585;0
S20254;1176;0;89985;89985;1
S20254;1176;1;93630;93650;1
S20254;1176;2;93650;93655;1
S20254;1176;3;93655;93660;1
S20254;1176;4;93660;93665;1
S20254;1176;5;93665;93670;1
S20254;1176;6;93670;93675;1
S20254;1176;7;93675;93680;1
S20254;1176;8;93680;93685;1
S20254;1176;9;93685;93690;1
S20254;1176;10;93690;93695;1
S20254;1176;11;93695;93700;1
S20254;1176;58;93700;93715;1
S20254;1176;58;99440;99470;0
S20254;1176;11;99470;99475;0
S20254;1176;10;99475;99480;0
S20254;1176;9;99480;99485;0
S20254;1176;8;99485;99490;0
S20254;1176;7;99490;99495;0
S20254;1176;6;99495;99500;0
S20254;1176;5;99500;99505;0
S20254;1176;4;99505;99510;0
S20254;1176;3;99510;99515;0
S20254;1176;2;99515;99520;0
S20254;1176;1;99520;99540;0
S20254;1177;0;90010;90010;1
S20254;1177;1;102415;102435;1
S20254;1177;2;102435;102440;1
S20254;1177;3;102440;102445;1
S20254;1177;4;102445;102450;1
S20254;1177;5;102450;102455;1
S20254;1177;6;102455;102460;1
S20254;1177;7;102460;102465;1
S20254;1177;8;102465;102470;1
S20254;1177;9;102470;102475;1
S20254;1177;10;102475;102480;1
S20254;1177;11;102480;102485;1
S20254;1177;12;102485;102490;1
S20254;1177;13;102490;102495;1
S20254;1177;14;102495;102500;1
S20254;1177;15;102500;102505;1
S20254;1177;16;102505;102520;1
S20254;1177;72;102520;102535;1
S20254;1177;72;108780;108820;0
S20254;1177;16;108820;108835;0
S20254;1177;15;108835;108840;0
S20254;1177;14;108840;108845;0
S20254;1177;13;108845;108850;0
S20254;1177;12;108850;108855;0
S20254;1177;11;108855;108860;0
S20254;1177;10;108860;108865;0
S20254;1177;9;108865;108870;0
S20254;1177;8;108870;108875;0
S20254;1177;7;108875;108880;0
S20254;1177;6;108880;108885;0
S20254;1177;5;108885;108890;0
S20254;1177;4;108890;108895;0
S20254;1177;3;108895;108900;0
S20254;1177;2;108900;108905;0
S20254;1177;1;108905;108925;0
S20254;1179;0;90060;90060;1
S20254;1179;1;90270;90290;1
S20254;1179;2;90290;90295;1
S20254;1179;3;90295;90300;1
S20254;1179;4;90300;90305;1
S20254;1179;5;90305;90310;1
S20254;1179;6;90310;90315;1
S20254;1179;7;90315;90320;1
S20254;1179;8;90320;90325;1
S20254;1179;9;90325;90330;1
S20254;1179;10;90330;90335;1
S20254;1179;11;90335;90340;1
S20254;1179;60;90340;90355;1
S20254;1179;60;91810;91840;0
S20254;1179;11;91840;91845;0
S20254;1179;10;91845;91850;0
S20254;1179;9;91850;91855;0
S20254;1179;8;91855;91860;0
S20254;1179;7;91860;91865;0
S20254;1179;6;91865;91870;0
S20254;1179;5;91870;91875;0
S20254;1179;4;91875;91880;0
S20254;1179;3;91880;91885;0
S20254;1179;2;91885;91890;0
S20254;1179;1;91890;91910;0
S20254;1180;0;90120;90120;1
S20254;1180;1;90370;90390;1
S20254;1180;2;90390;90395;1
S20254;1180;3;90395;90400;1
S20254;1180;21;90400;90415;1
S20254;1180;21;92800;92830;0
S20254;1180;3;92830;92835;0
S20254;1180;2;92835;92840;0
S20254;1180;1;92840;92860;0
S20254;1181;0;90210;90210;1
S20254;1181;1;90285;90305;1
S20254;1181;85;90305;90340;1
S20254;1181;85;91805;91815;0
S20254;1181;1;91815;91835;0
S20254;1182;0;90375;90375;1
S20254;1182;1;97620;97640;1
S20254;1182;2;97640;97645;1
S20254;1182;3;97645;97650;1
S20254;1182;4;97650;97655;1
S20254;1182;5;97655;97660;1
S20254;1182;27;97660;97695;1
S20254;1182;27;101765;101775;0
S20254;1182;5;101775;101780;0
S20254;1182;4;101780;101785;0
S20254;1182;3;101785;101790;0
S20254;1182;2;101790;101795;0
S20254;1182;1;101795;101815;0
S20254;1183;0;90450;90450;1
S20254;1183;1;91670;91690;1
S20254;1183;2;91690;91695;1
S20254;1183;3;91695;91700;1
S20254;1183;4;91700;91705;1
S20254;1183;5;91705;91710;1
S20254;1183;6;91710;91715;1
S20254;1183;7;91715;91720;1
S20254;1183;8;91720;91725;1
S20254;1183;9;91725;91730;1
S20254;1183;10;91730;91735;1
S20254;1183;11;91735;91740;1
S20254;1183;12;91740;91745;1
S20254;1183;66;91745;91760;1
S20254;1183;66;94580;94610;0
S20254;1183;12;94610;94615;0
S20254;1183;11;94615;94620;0
S20254;1183;10;94620;94625;0
S20254;1183;9;94625;94630;0
S20254;1183;8;94630;94635;0
S20254;1183;7;94635;94640;0
S20254;1183;6;94640;94645;0
S20254;1183;5;94645;94650;0
S20254;1183;4;94650;94655;0
S20254;1183;3;94655;94660;0
S20254;1183;2;94660;94665;0
S20254;1183;1;94665;94685;0
S20254;1184;0;90560;90560;1
S20254;1184;1;90560;90580;1
S20254;1184;2;90580;90585;1
S20254;1184;3;90585;90590;1
S20254;1184;20;90590;90625;1
S20254;1184;20;94530;94540;0
S20254;1184;3;94540;94545;0
S20254;1184;2;94545;94550;0
S20254;1184;1;94550;94570;0
S20254;1185;0;90745;90745;1
S20254;1185;1;91420;91440;1
S20254;1185;2;91440;91445;1
S20254;1185;3;91445;91450;1
S20254;1185;4;91450;91455;1
S20254;1185;5;91455;91460;1
S20254;1185;6;91460;91465;1
S20254;1185;7;91465;91470;1
S20254;1185;8;91470;91475;1
S20254;1185;9;91475;91480;1
S20254;1185;10;91480;91485;1
S20254;1185;11;91485;91490;1
S20254;1185;12;91490;91495;1
S20254;1185;65;91495;91510;1
S20254;1185;65;92715;92745;0
S20254;1185;12;92745;92750;0
S20254;1185;11;92750;92755;0
S20254;1185;10;92755;92760;0
S20254;1185;9;92760;92765;0
S20254;1185;8;92765;92770;0
S20254;1185;7;92770;92775;0
S20254;1185;6;92775;92780;0
S20254;1185;5;92780;92785;0
S20254;1185;4;92785;92790;0
S20254;1185;3;92790;92795;0
S20254;1185;2;92795;92800;0
S20254;1185;1;92800;92820;0
S20254;1186;0;90760;90760;1
S20254;1186;1;90785;90805;1
S20254;1186;2;90805;90810;1
S20254;1186;3;90810;90815;1
S20254;1186;4;90815;90820;1
S20254;1186;5;90820;90825;1
S20254;1186;6;90825;90830;1
S20254;1186;43;90830;90865;1
S20254;1186;43;92735;92745;0
S20254;1186;6;92745;92750;0
S20254;1186;5;92750;92755;0
S20254;1186;4;92755;92760;0
S20254;1186;3;92760;92765;0
S20254;1186;2;92765;92770;0
S20254;1186;1;92770;92790;0
S20254;1187;0;90835;90835;1
S20254;1187;1;91395;91415;1
S20254;1187;2;91415;91420;1
S20254;1187;3;91420;91425;1
S20254;1187;4;91425;91430;1
S20254;1187;5;91430;91435;1
S20254;1187;34;91435;91450;1
S20254;1187;34;92380;92410;0
S20254;1187;5;92410;92415;0
S20254;1187;4;92415;92420;0
S20254;1187;3;92420;92425;0
S20254;1187;2;92425;92430;0
S20254;1187;1;92430;92450;0
S20254;1188;0;90895;90895;1
S20254;1188;1;117500;117520;1
S20254;1188;2;117520;117525;1
S20254;1188;3;117525;117530;1
S20254;1188;4;117530;117535;1
S20254;1188;5;117535;117540;1
S20254;1188;6;117540;117545;1
S20254;1188;7;117545;117550;1
S20254;1188;45;117550;117585;1
S20254;1188;45;125975;125985;0
S20254;1188;7;125985;125990;0
S20254;1188;6;125990;125995;0
S20254;1188;5;125995;126000;0
S20254;1188;4;126000;126005;0
S20254;1188;3;126005;126010;0
S20254;1188;2;126010;126015;0
S20254;1188;1;126015;126035;0
S20254;1189;0;90935;90935;1
S20254;1189;1;92160;92180;1
S20254;1189;2;92180;92185;1
S20254;1189;3;92185;92190;1
S20254;1189;4;92190;92195;1
S20254;1189;5;92195;92200;1
S20254;1189;6;92200;92205;1
S20254;1189;7;92205;92210;1
S20254;1189;8;92210;92215;1
S20254;1189;9;92215;92220;1
S20254;1189;10;92220;92225;1
S20254;1189;11;92225;92230;1
S20254;1189;12;92230;92235;1
S20254;1189;64;92235;92270;1
S20254;1189;64;94370;94380;0
S20254;1189;12;94380;94385;0
S20254;1189;11;94385;94390;0
S20254;1189;10;94390;94395;0
S20254;1189;9;94395;94400;0
S20254;1189;8;94400;94405;0
S20254;1189;7;94405;94410;0
S20254;1189;6;94410;94415;0
S20254;1189;5;94415;94420;0
S20254;1189;4;94420;94425;0
S20254;1189;3;94425;94430;0
S20254;1189;2;94430;94435;0
S20254;1189;1;94435;94455;0
S20254;1190;0;91065;91065;1
S20254;1190;1;91380;91400;1
S20254;1190;2;91400;91405;1
S20254;1190;3;91405;91410;1
S20254;1190;4;91410;91415;1
S20254;1190;5;91415;91420;1
S20254;1190;6;91420;91425;1
S20254;1190;38;91425;91460;1
S20254;1190;38;92250;92260;0
S20254;1190;6;92260;92265;0
S20254;1190;5;92265;92270;0
S20254;1190;4;92270;92275;0
S20254;1190;3;92275;92280;0
S20254;1190;2;92280;92285;0
S20254;1190;1;92285;92305;0
S20254;1191;0;91110;91110;1
S20254;1191;1;91110;91130;1
S20254;1191;2;91130;91135;1
S20254;1191;3;91135;91140;1
S20254;1191;4;91140;91145;1
S20254;1191;5;91145;91150;1
S20254;1191;31;91150;91185;1
S20254;1191;31;91790;91820;0
S20254;1191;5;91820;91825;0
S20254;1191;4;91825;91830;0
S20254;1191;3;91830;91835;0
S20254;1191;2;91835;91840;0
S20254;1191;1;91840;91860;0
S20254;1192;0;91130;91130;1
S20254;1192;1;93700;93720;1
S20254;1192;2;93720;93725;1
S20254;1192;3;93725;93730;1
S20254;1192;4;93730;93735;1
S20254;1192;5;93735;93740;1
S20254;1192;6;93740;93745;1
S20254;1192;7;93745;93750;1
S20254;1192;8;93750;93755;1
S20254;1192;9;93755;93760;1
S20254;1192;10;93760;93765;1
S20254;1192;11;93765;93770;1
S20254;1192;88;93770;93805;1
S20254;1192;88;98445;98455;0
S20254;1192;11;98455;98460;0
S20254;1192;10;98460;98465;0
S20254;1192;9;98465;98470;0
S20254;1192;8;98470;98475;0
S20254;1192;7;98475;98480;0
S20254;1192;6;98480;98485;0
S20254;1192;5;98485;98490;0
S20254;1192;4;98490;98495;0
S20254;1192;3;98495;98500;0
S20254;1192;2;98500;98505;0
S20254;1192;1;98505;98525;0
S20254;1193;0;91140;91140;1
S20254;1193;1;91270;91290;1
S20254;1193;2;91290;91295;1
S20254;1193;3;91295;91300;1
S20254;1193;4;91300;91305;1
S20254;1193;5;91305;91310;1
S20254;1193;35;91310;91325;1
S20254;1193;35;93215;93245;0
S20254;1193;5;93245;93250;0
S20254;1193;4;93250;93255;0
S20254;1193;3;93255;93260;0
S20254;1193;2;93260;93265;0
S20254;1193;1;93265;93285;0
S20254;1195;0;91360;91360;1
S20254;1195;1;91360;91380;1
S20254;1195;2;91380;91385;1
S20254;1195;3;91385;91390;1
S20254;1195;4;91390;91395;1
S20254;1195;5;91395;91400;1
S20254;1195;6;91400;91405;1
S20254;1195;7;91405;91410;1
S20254;1195;8;91410;91415;1
S20254;1195;9;91415;91420;1
S20254;1195;10;91420;91425;1
S20254;1195;52;91425;91440;1
S20254;1195;52;92710;92740;0
S20254;1195;10;92740;92745;0
S20254;1195;9;92745;92750;0
S20254;1195;8;92750;92755;0
S20254;1195;7;92755;92760;0
S20254;1195;6;92760;92765;0
S20254;1195;5;92765;92770;0
S20254;1195;4;92770;92775;0
S20254;1195;3;92775;92780;0
S20254;1195;2;92780;92785;0
S20254;1195;1;92785;92805;0
S20254;1196;0;91400;91400;1
S20254;1196;1;96200;96220;1
S20254;1196;2;96220;96225;1
S20254;1196;3;96225;96230;1
S20254;1196;4;96230;96235;1
S20254;1196;5;96235;96240;1
S20254;1196;6;96240;96245;1
S20254;1196;7;96245;96250;1
S20254;1196;8;96250;96255;1
S20254;1196;9;96255;96260;1
S20254;1196;10;96260;96265;1
S20254;1196;11;96265;96270;1
S20254;1196;12;96270;96275;1
S20254;1196;13;96275;96280;1
S20254;1196;70;96280;96315;1
S20254;1196;70;97510;97520;0
S20254;1196;13;97520;97525;0
S20254;1196;12;97525;97530;0
S20254;1196;11;97530;97535;0
S20254;1196;10;97535;97540;0
S20254;1196;9;97540;97545;0
S20254;1196;8;97545;97550;0
S20254;1196;7;97550;97555;0
S20254;1196;6;97555;97560;0
S20254;1196;5;97560;97565;0
S20254;1196;4;97565;97570;0
S20254;1196;3;97570;97575;0
S20254;1196;2;97575;97580;0
S20254;1196;1;97580;97600;0
S20254;1197;0;91410;91410;1
S20254;1197;1;91435;91455;1
S20254;1197;2;91455;91460;1
S20254;1197;3;91460;91465;1
S20254;1197;4;91465;91470;1
S20254;1197;5;91470;91475;1
S20254;1197;36;91475;91490;1
S20254;1197;36;92705;92735;0
S20254;1197;5;92735;92740;0
S20254;1197;4;92740;92745;0
S20254;1197;3;92745;92750;0
S20254;1197;2;92750;92755;0
S20254;1197;1;92755;92775;0
S20254;1198;0;91545;91545;1
S20254;1198;1;99295;99315;1
S20254;1198;2;99315;99320;1
S20254;1198;3;99320;99325;1
S20254;1198;4;99325;99330;1
S20254;1198;5;99330;99335;1
S20254;1198;6;99335;99340;1
S20254;1198;7;99340;99345;1
S20254;1198;8;99345;99350;1
S20254;1198;9;99350;99355;1
S20254;1198;10;99355;99360;1
S20254;1198;11;99360;99365;1
S20254;1198;12;99365;99370;1
S20254;1198;13;99370;99375;1
S20254;1198;68;99375;99390;1
S20254;1198;68;103865;103895;0
S20254;1198;13;103895;103900;0
S20254;1198;12;103900;103905;0
S20254;1198;11;103905;103910;0
S20254;1198;10;103910;103915;0
S20254;1198;9;103915;103920;0
S20254;1198;8;103920;103925;0
S20254;1198;7;103925;103930;0
S20254;1198;6;103930;103935;0
S20254;1198;5;103935;103940;0
S20254;1198;4;103940;103945;0
S20254;1198;3;103945;103950;0
S20254;1198;2;103950;103955;0
S20254;1198;1;103955;103975;0
S20254;1199;0;91610;91610;1
S20254;1199;1;94990;95010;1
S20254;1199;2;95010;95015;1
S20254;1199;3;95015;95020;1
S20254;1199;4;95020;95025;1
S20254;1199;5;95025;95030;1
S20254;1199;34;95030;95045;1
S20254;1199;34;95670;95700;0
S20254;1199;5;95700;95705;0
S20254;1199;4;95705;95710;0
S20254;1199;3;95710;95715;0
S20254;1199;2;95715;95720;0
S20254;1199;1;95720;95740;0
S20254;1200;0;91710;91710;1
S20254;1200;1;97660;97680;1
S20254;1200;2;97680;97685;1
S20254;1200;3;97685;97690;1
S20254;1200;4;97690;97695;1
S20254;1200;5;97695;97700;1
S20254;1200;6;97700;97705;1
S20254;1200;7;97705;97710;1
S20254;1200;8;97710;97715;1
S20254;1200;9;97715;97720;1
S20254;1200;10;97720;97725;1
S20254;1200;11;97725;97730;1
S20254;1200;12;97730;97735;1
S20254;1200;13;97735;97740;1
S20254;1200;70;97740;97775;1
S20254;1200;70;100400;100410;0
S20254;1200;13;100410;100415;0
S20254;1200;12;100415;100420;0
S20254;1200;11;100420;100425;0
S20254;1200;10;100425;100430;0
S20254;1200;9;100430;100435;0
S20254;1200;8;100435;100440;0
S20254;1200;7;100440;100445;0
S20254;1200;6;100445;100450;0
S20254;1200;5;100450;100455;0
S20254;1200;4;100455;100460;0
S20254;1200;3;100460;100465;0
S20254;1200;2;100465;100470;0
S20254;1200;1;100470;100490;0
S20254;1201;0;92030;92030;1
S20254;1201;1;118100;118120;1
S20254;1201;2;118120;118125;1
S20254;1201;3;118125;118130;1
S20254;1201;4;118130;118135;1
S20254;1201;5;118135;118140;1
S20254;1201;6;118140;118145;1
S20254;1201;39;118145;118180;1
S20254;1201;39;125585;125595;0
S20254;1201;6;125595;125600;0
S20254;1201;5;125600;125605;0
S20254;1201;4;125605;125610;0
S20254;1201;3;125610;125615;0
S20254;1201;2;125615;125620;0
S20254;1201;1;125620;125640;0
S20254;1202;0;92060;92060;1
S20254;1202;1;92060;92080;1
S20254;1202;2;92080;92085;1
S20254;1202;3;92085;92090;1
S20254;1202;4;92090;92095;1
S20254;1202;5;92095;92100;1
S20254;1202;28;92100;92135;1
S20254;1202;28;93285;93295;0
S20254;1202;5;93295;93300;0
S20254;1202;4;93300;93305;0
S20254;1202;3;93305;93310;0
S20254;1202;2;93310;93315;0
S20254;1202;1;93315;93335;0
S20254;1203;0;92205;92205;1
S20254;1203;1;98280;98300;1
S20254;1203;2;98300;98305;1
S20254;1203;3;98305;98310;1
S20254;1203;4;98310;98315;1
S20254;1203;26;98315;98350;1
S20254;1203;26;100845;100855;0
S20254;1203;4;100855;100860;0
S20254;1203;3;100860;100865;0
S20254;1203;2;100865;100870;0
S20254;1203;1;100870;100890;0
S20254;1204;0;92300;92300;1
S20254;1204;1;101235;101255;1
S20254;1204;2;101255;101260;1
S20254;1204;3;101260;101265;1
S20254;1204;17;101265;101300;1
S20254;1204;17;104985;104995;0
S20254;1204;3;104995;105000;0
S20254;1204;2;105000;105005;0
S20254;1204;1;105005;105025;0
S20254;1205;0;92340;92340;1
S20254;1205;1;93155;93175;1
S20254;1205;2;93175;93180;1
S20254;1205;3;93180;93185;1
S20254;1205;4;93185;93190;1
S20254;1205;5;93190;93195;1
S20254;1205;6;93195;93200;1
S20254;1205;7;93200;93205;1
S20254;1205;8;93205;93210;1
S20254;1205;9;93210;93215;1
S20254;1205;10;93215;93220;1
S20254;1205;11;93220;93225;1
S20254;1205;12;93225;93230;1
S20254;1205;65;93230;93265;1
S20254;1205;65;95105;95115;0
S20254;1205;12;95115;95120;0
S20254;1205;11;95120;95125;0
S20254;1205;10;95125;95130;0
S20254;1205;9;95130;95135;0
S20254;1205;8;95135;95140;0
S20254;1205;7;95140;95145;0
S20254;1205;6;95145;95150;0
S20254;1205;5;95150;95155;0
S20254;1205;4;95155;95160;0
S20254;1205;3;95160;95165;0
S20254;1205;2;95165;95170;0
S20254;1205;1;95170;95190;0
S20254;1206;0;92340;92340;1
S20254;1206;1;92615;92635;1
S20254;1206;2;92635;92640;1
S20254;1206;3;92640;92645;1
S20254;1206;4;92645;92650;1
S20254;1206;5;92650;92655;1
S20254;1206;33;92655;92670;1
S20254;1206;33;94340;94370;0
S20254;1206;5;94370;94375;0
S20254;1206;4;94375;94380;0
S20254;1206;3;94380;94385;0
S20254;1206;2;94385;94390;0
S20254;1206;1;94390;94410;0
S20254;1207;0;92490;92490;1
S20254;1207;1;92495;92515;1
S20254;1207;2;92515;92520;1
S20254;1207;3;92520;92525;1
S20254;1207;4;92525;92530;1
S20254;1207;5;92530;92535;1
S20254;1207;31;92535;92570;1
S20254;1207;31;93250;93280;0
S20254;1207;5;93280;93285;0
S20254;1207;4;93285;93290;0
S20254;1207;3;93290;93295;0
S20254;1207;2;93295;93300;0
S20254;1207;1;93300;93320;0
S20254;1208;0;92540;92540;1
S20254;1208;1;92600;92620;1
S20254;1208;2;92620;92625;1
S20254;1208;3;92625;92630;1
S20254;1208;4;92630;92635;1
S20254;1208;5;92635;92640;1
S20254;1208;6;92640;92645;1
S20254;1208;38;92645;92680;1
S20254;1208;38;93355;93365;0
S20254;1208;6;93365;93370;0
S20254;1208;5;93370;93375;0
S20254;1208;4;93375;93380;0
S20254;1208;3;93380;93385;0
S20254;1208;2;93385;93390;0
S20254;1208;1;93390;93410;0
S20254;1209;0;92570;92570;1
S20254;1209;1;92580;92600;1
S20254;1209;2;92600;92605;1
S20254;1209;3;92605;92610;1
S20254;1209;4;92610;92615;1
S20254;1209;5;92615;92620;1
S20254;1209;34;92620;92635;1
S20254;1209;34;94085;94115;0
S20254;1209;5;94115;94120;0
S20254;1209;4;94120;94125;0
S20254;1209;3;94125;94130;0
S20254;1209;2;94130;94135;0
S20254;1209;1;94135;94155;0
S20254;1210;0;92630;92630;1
S20254;1210;1;112275;112295;1
S20254;1210;2;112295;112300;1
S20254;1210;3;112300;112305;1
S20254;1210;4;112305;112310;1
S20254;1210;5;112310;112315;1
S20254;1210;6;112315;112320;1
S20254;1210;7;112320;112325;1
S20254;1210;8;112325;112330;1
S20254;1210;9;112330;112335;1
S20254;1210;10;112335;112340;1
S20254;1210;11;112340;112345;1
S20254;1210;12;112345;112350;1
S20254;1210;13;112350;112355;1
S20254;1210;14;112355;112360;1
S20254;1210;15;112360;112365;1
S20254;1210;16;112365;112380;1
S20254;1210;74;112380;112425;1
S20254;1210;74;115780;115790;0
S20254;1210;16;115790;115805;0
S20254;1210;15;115805;115810;0
S20254;1210;14;115810;115815;0
S20254;1210;13;115815;115820;0
S20254;1210;12;115820;115825;0
S20254;1210;11;115825;115830;0
S20254;1210;10;115830;115835;0
S20254;1210;9;115835;115840;0
S20254;1210;8;115840;115845;0
S20254;1210;7;115845;115850;0
S20254;1210;6;115850;115855;0
S20254;1210;5;115855;115860;0
S20254;1210;4;115860;115865;0
S20254;1210;3;115865;115870;0
S20254;1210;2;115870;115875;0
S20254;1210;1;115875;115895;0
S20254;1211;0;92640;92640;1
S20254;1211;1;93965;93985;1
S20254;1211;2;93985;93990;1
S20254;1211;3;93990;93995;1
S20254;1211;4;93995;94000;1
S20254;1211;5;94000;94005;1
S20254;1211;6;94005;94010;1
S20254;1211;7;94010;94015;1
S20254;1211;8;94015;94020;1
S20254;1211;49;94020;94055;1
S20254;1211;49;101575;101585;0
S20254;1211;8;101585;101590;0
S20254;1211;7;101590;101595;0
S20254;1211;6;101595;101600;0
S20254;1211;5;101600;101605;0
S20254;1211;4;101605;101610;0
S20254;1211;3;101610;101615;0
S20254;1211;2;101615;101620;0
S20254;1211;1;101620;101640;0
S20254;1212;0;92680;92680;1
S20254;1212;1;92680;92700;1
S20254;1212;2;92700;92705;1
S20254;1212;3;92705;92710;1
S20254;1212;4;92710;92715;1
S20254;1212;22;92715;92730;1
S20254;1212;22;113995;114025;0
S20254;1212;4;114025;114030;0
S20254;1212;3;114030;114035;0
S20254;1212;2;114035;114040;0
S20254;1212;1;114040;114060;0
S20254;1213;0;92830;92830;1
S20254;1213;1;92870;92890;1
S20254;1213;2;92890;92895;1
S20254;1213;3;92895;92900;1
S20254;1213;4;92900;92905;1
S20254;1213;5;92905;92910;1
S20254;1213;6;92910;92915;1
S20254;1213;7;92915;92920;1
S20254;1213;8;92920;92925;1
S20254;1213;9;92925;92930;1
S20254;1213;10;92930;92935;1
S20254;1213;11;92935;92940;1
S20254;1213;12;92940;92945;1
S20254;1213;13;92945;92950;1
S20254;1213;67;92950;92985;1
S20254;1213;67;95850;95860;0
S20254;1213;13;95860;95865;0
S20254;1213;12;95865;95870;0
S20254;1213;11;95870;95875;0
S20254;1213;10;95875;95880;0
S20254;1213;9;95880;95885;0
S20254;1213;8;95885;95890;0
S20254;1213;7;95890;95895;0
S20254;1213;6;95895;95900;0
S20254;1213;5;95900;95905;0
S20254;1213;4;95905;95910;0
S20254;1213;3;95910;95915;0
S20254;1213;2;95915;95920;0
S20254;1213;1;95920;95940;0
S20254;1214;0;92985;92985;1
S20254;1214;1;93020;93040;1
S20254;1214;2;93040;93045;1
S20254;1214;3;93045;93050;1
S20254;1214;4;93050;93055;1
S20254;1214;5;93055;93060;1
S20254;1214;6;93060;93065;1
S20254;1214;7;93065;93070;1
S20254;1214;8;93070;93075;1
S20254;1214;9;93075;93080;1
S20254;1214;10;93080;93085;1
S20254;1214;52;93085;93100;1
S20254;1214;52;95250;95280;0
S20254;1214;10;95280;95285;0
S20254;1214;9;95285;95290;0
S20254;1214;8;95290;95295;0
S20254;1214;7;95295;95300;0
S20254;1214;6;95300;95305;0
S20254;1214;5;95305;95310;0
S20254;1214;4;95310;95315;0
S20254;1214;3;95315;95320;0
S20254;1214;2;95320;95325;0
S20254;1214;1;95325;95345;0
S20254;1215;0;93005;93005;1
S20254;1215;1;93170;93190;1
S20254;1215;2;93190;93195;1
S20254;1215;3;93195;93200;1
S20254;1215;4;93200;93205;1
S20254;1215;5;93205;93210;1
S20254;1215;35;93210;93225;1
S20254;1215;35;95175;95205;0
S20254;1215;5;95205;95210;0
S20254;1215;4;95210;95215;0
S20254;1215;3;95215;95220;0
S20254;1215;2;95220;95225;0
S20254;1215;1;95225;95245;0
S20254;1216;0;93080;93080;1
S20254;1216;1;93615;93635;1
S20254;1216;2;93635;93640;1
S20254;1216;3;93640;93645;1
S20254;1216;4;93645;93650;1
S20254;1216;5;93650;93655;1
S20254;1216;6;93655;93660;1
S20254;1216;7;93660;93665;1
S20254;1216;8;93665;93670;1
S20254;1216;9;93670;93675;1
S20254;1216;10;93675;93680;1
S20254;1216;11;93680;93685;1
S20254;1216;12;93685;93690;1
S20254;1216;13;93690;93695;1
S20254;1216;14;93695;93700;1
S20254;1216;15;93700;93705;1
S20254;1216;16;93705;93720;1
S20254;1216;75;93720;93735;1
S20254;1216;75;95060;95100;0
S20254;1216;16;95100;95115;0
S20254;1216;15;95115;95120;0
S20254;1216;14;95120;95125;0
S20254;1216;13;95125;95130;0
S20254;1216;12;95130;95135;0
S20254;1216;11;95135;95140;0
S20254;1216;10;95140;95145;0
S20254;1216;9;95145;95150;0
S20254;1216;8;95150;95155;0
S20254;1216;7;95155;95160;0
S20254;1216;6;95160;95165;0
S20254;1216;5;95165;95170;0
S20254;1216;4;95170;95175;0
S20254;1216;3;95175;95180;0
S20254;1216;2;95180;95185;0
S20254;1216;1;95185;95205;0
S20254;1217;0;93110;93110;1
S20254;1217;1;103980;104000;1
S20254;1217;2;104000;104005;1
S20254;1217;3;104005;104010;1
S20254;1217;4;104010;104015;1
S20254;1217;5;104015;104020;1
S20254;1217;6;104020;104025;1
S20254;1217;7;104025;104030;1
S20254;1217;8;104030;104035;1
S20254;1217;9;104035;104040;1
S20254;1217;10;104040;104045;1
S20254;1217;11;104045;104050;1
S20254;1217;12;104050;104055;1
S20254;1217;13;104055;104060;1
S20254;1217;14;104060;104065;1
S20254;1217;15;104065;104070;1
S20254;1217;16;104070;104085;1
S20254;1217;73;104085;104130;1
S20254;1217;73;106910;106920;0
S20254;1217;16;106920;106935;0
S20254;1217;15;106935;106940;0
S20254;1217;14;106940;106945;0
S20254;1217;13;106945;106950;0
S20254;1217;12;106950;106955;0
S20254;1217;11;106955;106960;0
S20254;1217;10;106960;106965;0
S20254;1217;9;106965;106970;0
S20254;1217;8;106970;106975;0
S20254;1217;7;106975;106980;0
S20254;1217;6;106980;106985;0
S20254;1217;5;106985;106990;0
S20254;1217;4;106990;106995;0
S20254;1217;3;106995;107000;0
S20254;1217;2;107000;107005;0
S20254;1217;1;107005;107025;0
S20254;1218;0;93180;93180;1
S20254;1218;1;93190;93210;1
S20254;1218;2;93210;93215;1
S20254;1218;3;93215;93220;1
S20254;1218;4;93220;93225;1
S20254;1218;25;93225;93240;1
S20254;1218;25;97020;97050;0
S20254;1218;4;97050;97055;0
S20254;1218;3;97055;97060;0
S20254;1218;2;97060;97065;0
S20254;1218;1;97065;97085;0
S20254;1219;0;93330;93330;1
S20254;1219;1;101820;101840;1
S20254;1219;2;101840;101845;1
S20254;1219;3;101845;101850;1
S20254;1219;4;101850;101855;1
S20254;1219;5;101855;101860;1
S20254;1219;27;101860;101875;1
S20254;1219;27;108530;108560;0
S20254;1219;5;108560;108565;0
S20254;1219;4;108565;108570;0
S20254;1219;3;108570;108575;0
S20254;1219;2;108575;108580;0
S20254;1219;1;108580;108600;0
S20254;1220;0;93420;93420;1
S20254;1220;1;94050;94070;1
S20254;1220;2;94070;94075;1
S20254;1220;3;94075;94080;1
S20254;1220;17;94080;94115;1
S20254;1220;17;96050;96060;0
S20254;1220;3;96060;96065;0
S20254;1220;2;96065;96070;0
S20254;1220;1;96070;96090;0
S20254;1221;0;93630;93630;1
S20254;1221;1;95025;95045;1
S20254;1221;2;95045;95050;1
S20254;1221;3;95050;95055;1
S20254;1221;4;95055;95060;1
S20254;1221;5;95060;95065;1
S20254;1221;6;95065;95070;1
S20254;1221;7;95070;95075;1
S20254;1221;8;95075;95080;1
S20254;1221;9;95080;95085;1
S20254;1221;51;95085;95120;1
S20254;1221;51;95820;95830;0
S20254;1221;9;95830;95835;0
S20254;1221;8;95835;95840;0
S20254;1221;7;95840;95845;0
S20254;1221;6;95845;95850;0
S20254;1221;5;95850;95855;0
S20254;1221;4;95855;95860;0
S20254;1221;3;95860;95865;0
S20254;1221;2;95865;95870;0
S20254;1221;1;95870;95890;0
S20254;1222;0;93690;93690;1
S20254;1222;1;94690;94710;1
S20254;1222;2;94710;94715;1
S20254;1222;3;94715;94720;1
S20254;1222;4;94720;94725;1
S20254;1222;5;94725;94730;1
S20254;1222;6;94730;94735;1
S20254;1222;7;94735;94740;1
S20254;1222;8;94740;94745;1
S20254;1222;9;94745;94750;1
S20254;1222;10;94750;94755;1
S20254;1222;11;94755;94760;1
S20254;1222;12;94760;94765;1
S20254;1222;64;94765;94780;1
S20254;1222;64;96355;96385;0
S20254;1222;12;96385;96390;0
S20254;1222;11;96390;96395;0
S20254;1222;10;96395;96400;0
S20254;1222;9;96400;96405;0
S20254;1222;8;96405;96410;0
S20254;1222;7;96410;96415;0
S20254;1222;6;96415;96420;0
S20254;1222;5;96420;96425;0
S20254;1222;4;96425;96430;0
S20254;1222;3;96430;96435;0
S20254;1222;2;96435;96440;0
S20254;1222;1;96440;96460;0
S20254;1223;0;93705;93705;1
S20254;1223;1;93925;93945;1
S20254;1223;2;93945;93950;1
S20254;1223;3;93950;93955;1
S20254;1223;4;93955;93960;1
S20254;1223;5;93960;93965;1
S20254;1223;30;93965;94000;1
S20254;1223;30;96060;96070;0
S20254;1223;5;96070;96075;0
S20254;1223;4;96075;96080;0
S20254;1223;3;96080;96085;0
S20254;1223;2;96085;96090;0
S20254;1223;1;96090;96110;0
S20254;1224;0;93720;93720;1
S20254;1224;1;93860;93880;1
S20254;1224;2;93880;93885;1
S20254;1224;3;93885;93890;1
S20254;1224;4;93890;93895;1
S20254;1224;5;93895;93900;1
S20254;1224;6;93900;93905;1
S20254;1224;7;93905;93910;1
S20254;1224;8;93910;93915;1
S20254;1224;9;93915;93920;1
S20254;1224;10;93920;93925;1
S20254;1224;11;93925;93930;1
S20254;1224;62;93930;93945;1
S20254;1224;62;96925;96955;0
S20254;1224;11;96955;96960;0
S20254;1224;10;96960;96965;0
S20254;1224;9;96965;96970;0
S20254;1224;8;96970;96975;0
S20254;1224;7;96975;96980;0
S20254;1224;6;96980;96985;0
S20254;1224;5;96985;96990;0
S20254;1224;4;96990;96995;0
S20254;1224;3;96995;97000;0
S20254;1224;2;97000;97005;0
S20254;1224;1;97005;97025;0
S20254;1225;0;93945;93945;1
S20254;1225;1;94035;94055;1
S20254;1225;2;94055;94060;1
S20254;1225;3;94060;94065;1
S20254;1225;4;94065;94070;1
S20254;1225;5;94070;94075;1
S20254;1225;6;94075;94080;1
S20254;1225;39;94080;94115;1
S20254;1225;39;94935;94945;0
S20254;1225;6;94945;94950;0
S20254;1225;5;94950;94955;0
S20254;1225;4;94955;94960;0
S20254;1225;3;94960;94965;0
S20254;1225;2;94965;94970;0
S20254;1225;1;94970;94990;0
S20254;1226;0;93990;93990;1
S20254;1226;1;93990;94010;1
S20254;1226;2;94010;94015;1
S20254;1226;3;94015;94020;1
S20254;1226;4;94020;94025;1
S20254;1226;5;94025;94030;1
S20254;1226;6;94030;94035;1
S20254;1226;38;94035;94070;1
S20254;1226;38;94810;94820;0
S20254;1226;6;94820;94825;0
S20254;1226;5;94825;94830;0
S20254;1226;4;94830;94835;0
S20254;1226;3;94835;94840;0
S20254;1226;2;94840;94845;0
S20254;1226;1;94845;94865;0
S20254;1227;0;94085;94085;1
S20254;1227;1;99015;99035;1
S20254;1227;2;99035;99040;1
S20254;1227;3;99040;99045;1
S20254;1227;4;99045;99050;1
S20254;1227;5;99050;99055;1
S20254;1227;6;99055;99060;1
S20254;1227;7;99060;99065;1
S20254;1227;45;99065;99100;1
S20254;1227;45;100240;100250;0
S20254;1227;7;100250;100255;0
S20254;1227;6;100255;100260;0
S20254;1227;5;100260;100265;0
S20254;1227;4;100265;100270;0
S20254;1227;3;100270;100275;0
S20254;1227;2;100275;100280;0
S20254;1227;1;100280;100300;0
S20254;1228;0;94180;94180;1
S20254;1228;1;94180;94200;1
S20254;1228;2;94200;94205;1
S20254;1228;3;94205;94210;1
S20254;1228;4;94210;94215;1
S20254;1228;5;94215;94220;1
S20254;1228;31;94220;94255;1
S20254;1228;31;98375;98385;0
S20254;1228;5;98385;98390;0
S20254;1228;4;98390;98395;0
S20254;1228;3;98395;98400;0
S20254;1228;2;98400;98405;0
S20254;1228;1;98405;98425;0
S20254;1229;0;94290;94290;1
S20254;1229;1;94290;94310;1
S20254;1229;2;94310;94315;1
S20254;1229;3;94315;94320;1
S20254;1229;4;94320;94325;1
S20254;1229;5;94325;94330;1
S20254;1229;6;94330;94335;1
S20254;1229;7;94335;94340;1
S20254;1229;8;94340;94345;1
S20254;1229;47;94345;94380;1
S20254;1229;47;97330;97340;0
S20254;1229;8;97340;97345;0
S20254;1229;7;97345;97350;0
S20254;1229;6;97350;97355;0
S20254;1229;5;97355;97360;0
S20254;1229;4;97360;97365;0
S20254;1229;3;97365;97370;0
S20254;1229;2;97370;97375;0
S20254;1229;1;97375;97395;0
S20254;1230;0;94320;94320;1
S20254;1230;1;94490;94510;1
S20254;1230;2;94510;94515;1
S20254;1230;3;94515;94520;1
S20254;1230;4;94520;94525;1
S20254;1230;5;94525;94530;1
S20254;1230;6;94530;94535;1
S20254;1230;7;94535;94540;1
S20254;1230;8;94540;94545;1
S20254;1230;9;94545;94550;1
S20254;1230;10;94550;94555;1
S20254;1230;11;94555;94560;1
S20254;1230;12;94560;94565;1
S20254;1230;66;94565;94600;1
S20254;1230;66;96095;96105;0
S20254;1230;12;96105;96110;0
S20254;1230;11;96110;96115;0
S20254;1230;10;96115;96120;0
S20254;1230;9;96120;96125;0
S20254;1230;8;96125;96130;0
S20254;1230;7;96130;96135;0
S20254;1230;6;96135;96140;0
S20254;1230;5;96140;96145;0
S20254;1230;4;96145;96150;0
S20254;1230;3;96150;96155;0
S20254;1230;2;96155;96160;0
S20254;1230;1;96160;96180;0
S20254;1231;0;94395;94395;1
S20254;1231;1;94475;94495;1
S20254;1231;2;94495;94500;1
S20254;1231;3;94500;94505;1
S20254;1231;4;94505;94510;1
S20254;1231;5;94510;94515;1
S20254;1231;6;94515;94520;1
S20254;1231;7;94520;94525;1
S20254;1231;8;94525;94530;1
S20254;1231;9;94530;94535;1
S20254;1231;10;94535;94540;1
S20254;1231;11;94540;94545;1
S20254;1231;12;94545;94550;1
S20254;1231;13;94550;94555;1
S20254;1231;68;94555;94570;1
S20254;1231;68;96365;96395;0
S20254;1231;13;96395;96400;0
S20254;1231;12;96400;96405;0
S20254;1231;11;96405;96410;0
S20254;1231;10;96410;96415;0
S20254;1231;9;96415;96420;0
S20254;1231;8;96420;96425;0
S20254;1231;7;96425;96430;0
S20254;1231;6;96430;96435;0
S20254;1231;5;96435;96440;0
S20254;1231;4;96440;96445;0
S20254;1231;3;96445;96450;0
S20254;1231;2;96450;96455;0
S20254;1231;1;96455;96475;0
S20254;1232;0;94440;94440;1
S20254;1232;1;108030;108050;1
S20254;1232;2;108050;108055;1
S20254;1232;3;108055;108060;1
S20254;1232;4;108060;108065;1
S20254;1232;5;108065;108070;1
S20254;1232;6;108070;108075;1
S20254;1232;7;108075;108080;1
S20254;1232;45;108080;108115;1
S20254;1232;45;109485;109495;0
S20254;1232;7;109495;109500;0
S20254;1232;6;109500;109505;0
S20254;1232;5;109505;109510;0
S20254;1232;4;109510;109515;0
S20254;1232;3;109515;109520;0
S20254;1232;2;109520;109525;0
S20254;1232;1;109525;109545;0
S20254;1233;0;94560;94560;1
S20254;1233;1;96240;96260;1
S20254;1233;2;96260;96265;1
S20254;1233;3;96265;96270;1
S20254;1233;4;96270;96275;1
S20254;1233;5;96275;96280;1
S20254;1233;6;96280;96285;1
S20254;1233;7;96285;96290;1
S20254;1233;8;96290;96295;1
S20254;1233;9;96295;96300;1
S20254;1233;10;96300;96305;1
S20254;1233;11;96305;96310;1
S20254;1233;12;96310;96315;1
S20254;1233;66;96315;96350;1
S20254;1233;66;98170;98180;0
S20254;1233;12;98180;98185;0
S20254;1233;11;98185;98190;0
S20254;1233;10;98190;98195;0
S20254;1233;9;98195;98200;0
S20254;1233;8;98200;98205;0
S20254;1233;7;98205;98210;0
S20254;1233;6;98210;98215;0
S20254;1233;5;98215;98220;0
S20254;1233;4;98220;98225;0
S20254;1233;3;98225;98230;0
S20254;1233;2;98230;98235;0
S20254;1233;1;98235;98255;0
S20254;1234;0;94590;94590;1
S20254;1234;1;95010;95030;1
S20254;1234;2;95030;95035;1
S20254;1234;3;95035;95040;1
S20254;1234;4;95040;95045;1
S20254;1234;5;95045;95050;1
S20254;1234;6;95050;95055;1
S20254;1234;7;95055;95060;1
S20254;1234;8;95060;95065;1
S20254;1234;9;95065;95070;1
S20254;1234;10;95070;95075;1
S20254;1234;11;95075;95080;1
S20254;1234;12;95080;95085;1
S20254;1234;65;95085;95120;1
S20254;1234;65;96870;96880;0
S20254;1234;12;96880;96885;0
S20254;1234;11;96885;96890;0
S20254;1234;10;96890;96895;0
S20254;1234;9;96895;96900;0
S20254;1234;8;96900;96905;0
S20254;1234;7;96905;96910;0
S20254;1234;6;96910;96915;0
S20254;1234;5;96915;96920;0
S20254;1234;4;96920;96925;0
S20254;1234;3;96925;96930;0
S20254;1234;2;96930;96935;0
S20254;1234;1;96935;96955;0
S20254;1235;0;94650;94650;1
S20254;1235;1;100900;100920;1
S20254;1235;2;100920;100925;1
S20254;1235;3;100925;100930;1
S20254;1235;4;100930;100935;1
S20254;1235;26;100935;100970;1
S20254;1235;26;103405;103415;0
S20254;1235;4;103415;103420;0
S20254;1235;3;103420;103425;0
S20254;1235;2;103425;103430;0
S20254;1235;1;103430;103450;0
S20254;1236;0;94710;94710;1
S20254;1236;1;94710;94730;1
S20254;1236;2;94730;94735;1
S20254;1236;3;94735;94740;1
S20254;1236;4;94740;94745;1
S20254;1236;5;94745;94750;1
S20254;1236;33;94750;94765;1
S20254;1236;33;95790;95820;0
S20254;1236;5;95820;95825;0
S20254;1236;4;95825;95830;0
S20254;1236;3;95830;95835;0
S20254;1236;2;95835;95840;0
S20254;1236;1;95840;95860;0
S20254;1237;0;94740;94740;1
S20254;1237;1;94755;94775;1
S20254;1237;2;94775;94780;1
S20254;1237;3;94780;94785;1
S20254;1237;4;94785;94790;1
S20254;1237;5;94790;94795;1
S20254;1237;6;94795;94800;1
S20254;1237;7;94800;94805;1
S20254;1237;8;94805;94810;1
S20254;1237;9;94810;94815;1
S20254;1237;10;94815;94820;1
S20254;1237;53;94820;94835;1
S20254;1237;53;95660;95690;0
S20254;1237;10;95690;95695;0
S20254;1237;9;95695;95700;0
S20254;1237;8;95700;95705;0
S20254;1237;7;95705;95710;0
S20254;1237;6;95710;95715;0
S20254;1237;5;95715;95720;0
S20254;1237;4;95720;95725;0
S20254;1237;3;95725;95730;0
S20254;1237;2;95730;95735;0
S20254;1237;1;95735;95755;0
S20254;1238;0;94950;94950;1
S20254;1238;1;109605;109625;1
S20254;1238;2;109625;109630;1
S20254;1238;3;109630;109635;1
S20254;1238;4;109635;109640;1
S20254;1238;5;109640;109645;1
S20254;1238;6;109645;109650;1
S20254;1238;7;109650;109655;1
S20254;1238;45;109655;109690;1
S20254;1238;45;113060;113070;0
S20254;1238;7;113070;113075;0
S20254;1238;6;113075;113080;0
S20254;1238;5;113080;113085;0
S20254;1238;4;113085;113090;0
S20254;1238;3;113090;113095;0
S20254;1238;2;113095;113100;0
S20254;1238;1;113100;113120;0
S20254;1239;0;94955;94955;1
S20254;1239;1;95040;95060;1
S20254;1239;2;95060;95065;1
S20254;1239;3;95065;95070;1
S20254;1239;20;95070;95105;1
S20254;1239;20;98420;98430;0
S20254;1239;3;98430;98435;0
S20254;1239;2;98435;98440;0
S20254;1239;1;98440;98460;0
S20254;1240;0;95010;95010;1
S20254;1240;1;95250;95270;1
S20254;1240;2;95270;95275;1
S20254;1240;3;95275;95280;1
S20254;1240;4;95280;95285;1
S20254;1240;5;95285;95290;1
S20254;1240;6;95290;95295;1
S20254;1240;7;95295;95300;1
S20254;1240;8;95300;95305;1
S20254;1240;9;95305;95310;1
S20254;1240;10;95310;95315;1
S20254;1240;11;95315;95320;1
S20254;1240;61;95320;95355;1
S20254;1240;61;99760;99770;0
S20254;1240;11;99770;99775;0
S20254;1240;10;99775;99780;0
S20254;1240;9;99780;99785;0
S20254;1240;8;99785;99790;0
S20254;1240;7;99790;99795;0
S20254;1240;6;99795;99800;0
S20254;1240;5;99800;99805;0
S20254;1240;4;99805;99810;0
S20254;1240;3;99810;99815;0
S20254;1240;2;99815;99820;0
S20254;1240;1;99820;99840;0
S20254;1241;0;95050;95050;1
S20254;1241;1;98020;98040;1
S20254;1241;2;98040;98045;1
S20254;1241;3;98045;98050;1
S20254;1241;4;98050;98055;1
S20254;1241;5;98055;98060;1
S20254;1241;6;98060;98065;1
S20254;1241;43;98065;98080;1
S20254;1241;43;98810;98840;0
S20254;1241;6;98840;98845;0
S20254;1241;5;98845;98850;0
S20254;1241;4;98850;98855;0
S20254;1241;3;98855;98860;0
S20254;1241;2;98860;98865;0
S20254;1241;1;98865;98885;0
S20254;1242;0;95070;95070;1
S20254;1242;1;112235;112255;1
S20254;1242;2;112255;112260;1
S20254;1242;3;112260;112265;1
S20254;1242;17;112265;112300;1
S20254;1242;17;114475;114485;0
S20254;1242;3;114485;114490;0
S20254;1242;2;114490;114495;0
S20254;1242;1;114495;114515;0
S20254;1243;0;95430;95430;1
S20254;1243;1;95430;95450;1
S20254;1243;2;95450;95455;1
S20254;1243;3;95455;95460;1
S20254;1243;4;95460;95465;1
S20254;1243;5;95465;95470;1
S20254;1243;6;95470;95475;1
S20254;1243;38;95475;95510;1
S20254;1243;38;96350;96360;0
S20254;1243;6;96360;96365;0
S20254;1243;5;96365;96370;0
S20254;1243;4;96370;96375;0
S20254;1243;3;96375;96380;0
S20254;1243;2;96380;96385;0
S20254;1243;1;96385;96405;0
S20254;1244;0;95460;95460;1
S20254;1244;1;105920;105940;1
S20254;1244;2;105940;105945;1
S20254;1244;3;105945;105950;1
S20254;1244;4;105950;105955;1
S20254;1244;23;105955;105990;1
S20254;1244;23;110345;110355;0
S20254;1244;4;110355;110360;0
S20254;1244;3;110360;110365;0
S20254;1244;2;110365;110370;0
S20254;1244;1;110370;110390;0
S20254;1245;0;95540;95540;1
S20254;1245;1;95540;95560;1
S20254;1245;2;95560;95565;1
S20254;1245;3;95565;95570;1
S20254;1245;4;95570;95575;1
S20254;1245;5;95575;95580;1
S20254;1245;6;95580;95585;1
S20254;1245;7;95585;95590;1
S20254;1245;8;95590;95595;1
S20254;1245;9;95595;95600;1
S20254;1245;10;95600;95605;1
S20254;1245;52;95605;95640;1
S20254;1245;52;96090;96100;0
S20254;1245;10;96100;96105;0
S20254;1245;9;96105;96110;0
S20254;1245;8;96110;96115;0
S20254;1245;7;96115;96120;0
S20254;1245;6;96120;96125;0
S20254;1245;5;96125;96130;0
S20254;1245;4;96130;96135;0
S20254;1245;3;96135;96140;0
S20254;1245;2;96140;96145;0
S20254;1245;1;96145;96165;0
S20254;1246;0;95570;95570;1
S20254;1246;1;104710;104730;1
S20254;1246;2;104730;104735;1
S20254;1246;3;104735;104740;1
S20254;1246;21;104740;104755;1
S20254;1246;21;108215;108245;0
S20254;1246;3;108245;108250;0
S20254;1246;2;108250;108255;0
S20254;1246;1;108255;108275;0
S20254;1247;0;95600;95600;1
S20254;1247;1;95600;95620;1
S20254;1247;84;95620;95655;1
S20254;1247;84;100820;100830;0
S20254;1247;1;100830;100850;0
S20254;1248;0;95740;95740;1
S20254;1248;1;104455;104475;1
S20254;1248;2;104475;104480;1
S20254;1248;3;104480;104485;1
S20254;1248;19;104485;104520;1
S20254;1248;19;108430;108440;0
S20254;1248;3;108440;108445;0
S20254;1248;2;108445;108450;0
S20254;1248;1;108450;108470;0
S20254;1249;0;95790;95790;1
S20254;1249;1;96010;96030;1
S20254;1249;2;96030;96035;1
S20254;1249;3;96035;96040;1
S20254;1249;4;96040;96045;1
S20254;1249;5;96045;96050;1
S20254;1249;6;96050;96055;1
S20254;1249;43;96055;96090;1
S20254;1249;43;97960;97970;0
S20254;1249;6;97970;97975;0
S20254;1249;5;97975;97980;0
S20254;1249;4;97980;97985;0
S20254;1249;3;97985;97990;0
S20254;1249;2;97990;97995;0
S20254;1249;1;97995;98015;0
S20254;1250;0;95820;95820;1
S20254;1250;1;96270;96290;1
S20254;1250;2;96290;96295;1
S20254;1250;3;96295;96300;1
S20254;1250;4;96300;96305;1
S20254;1250;5;96305;96310;1
S20254;1250;33;96310;96345;1
S20254;1250;33;96875;96885;0
S20254;1250;5;96885;96890;0
S20254;1250;4;96890;96895;0
S20254;1250;3;96895;96900;0
S20254;1250;2;96900;96905;0
S20254;1250;1;96905;96925;0
S20254;1251;0;95940;95940;1
S20254;1251;1;115380;115400;1
S20254;1251;2;115400;115405;1
S20254;1251;3;115405;115410;1
S20254;1251;4;115410;115415;1
S20254;1251;24;115415;115450;1
S20254;1251;24;125435;125445;0
S20254;1251;4;125445;125450;0
S20254;1251;3;125450;125455;0
S20254;1251;2;125455;125460;0
S20254;1251;1;125460;125480;0
S20254;1252;0;96195;96195;1
S20254;1252;1;96285;96305;1
S20254;1252;2;96305;96310;1
S20254;1252;3;96310;96315;1
S20254;1252;17;96315;96350;1
S20254;1252;17;98800;98810;0
S20254;1252;3;98810;98815;0
S20254;1252;2;98815;98820;0
S20254;1252;1;98820;98840;0
S20254;1253;0;96240;96240;1
S20254;1253;1;96255;96275;1
S20254;1253;2;96275;96280;1
S20254;1253;3;96280;96285;1
S20254;1253;4;96285;96290;1
S20254;1253;5;96290;96295;1
S20254;1253;6;96295;96300;1
S20254;1253;7;96300;96305;1
S20254;1253;8;96305;96310;1
S20254;1253;9;96310;96315;1
S20254;1253;10;96315;96320;1
S20254;1253;53;96320;96335;1
S20254;1253;53;96915;96945;0
S20254;1253;10;96945;96950;0
S20254;1253;9;96950;96955;0
S20254;1253;8;96955;96960;0
S20254;1253;7;96960;96965;0
S20254;1253;6;96965;96970;0
S20254;1253;5;96970;96975;0
S20254;1253;4;96975;96980;0
S20254;1253;3;96980;96985;0
S20254;1253;2;96985;96990;0
S20254;1253;1;96990;97010;0
S20254;1254;0;96260;96260;1
S20254;1254;1;99310;99330;1
S20254;1254;2;99330;99335;1
S20254;1254;3;99335;99340;1
S20254;1254;4;99340;99345;1
S20254;1254;5;99345;99350;1
S20254;1254;6;99350;99355;1
S20254;1254;7;99355;99360;1
S20254;1254;8;99360;99365;1
S20254;1254;9;99365;99370;1
S20254;1254;10;99370;99375;1
S20254;1254;11;99375;99380;1
S20254;1254;88;99380;99395;1
S20254;1254;88;104145;104175;0
S20254;1254;11;104175;104180;0
S20254;1254;10;104180;104185;0
S20254;1254;9;104185;104190;0
S20254;1254;8;104190;104195;0
S20254;1254;7;104195;104200;0
S20254;1254;6;104200;104205;0
S20254;1254;5;104205;104210;0
S20254;1254;4;104210;104215;0
S20254;1254;3;104215;104220;0
S20254;1254;2;104220;104225;0
S20254;1254;1;104225;104245;0
S20254;1255;0;96285;96285;1
S20254;1255;1;96495;96515;1
S20254;1255;2;96515;96520;1
S20254;1255;3;96520;96525;1
S20254;1255;4;96525;96530;1
S20254;1255;5;96530;96535;1
S20254;1255;6;96535;96540;1
S20254;1255;7;96540;96545;1
S20254;1255;8;96545;96550;1
S20254;1255;9;96550;96555;1
S20254;1255;10;96555;96560;1
S20254;1255;11;96560;96565;1
S20254;1255;12;96565;96570;1
S20254;1255;64;96570;96605;1
S20254;1255;64;97250;97260;0
S20254;1255;12;97260;97265;0
S20254;1255;11;97265;97270;0
S20254;1255;10;97270;97275;0
S20254;1255;9;97275;97280;0
S20254;1255;8;97280;97285;0
S20254;1255;7;97285;97290;0
S20254;1255;6;97290;97295;0
S20254;1255;5;97295;97300;0
S20254;1255;4;97300;97305;0
S20254;1255;3;97305;97310;0
S20254;1255;2;97310;97315;0
S20254;1255;1;97315;97335;0
S20254;1256;0;96385;96385;1
S20254;1256;1;96780;96800;1
S20254;1256;2;96800;96805;1
S20254;1256;3;96805;96810;1
S20254;1256;4;96810;96815;1
S20254;1256;5;96815;96820;1
S20254;1256;6;96820;96825;1
S20254;1256;7;96825;96830;1
S20254;1256;8;96830;96835;1
S20254;1256;9;96835;96840;1
S20254;1256;10;96840;96845;1
S20254;1256;11;96845;96850;1
S20254;1256;12;96850;96855;1
S20254;1256;65;96855;96890;1
S20254;1256;65;98310;98320;0
S20254;1256;12;98320;98325;0
S20254;1256;11;98325;98330;0
S20254;1256;10;98330;98335;0
S20254;1256;9;98335;98340;0
S20254;1256;8;98340;98345;0
S20254;1256;7;98345;98350;0
S20254;1256;6;98350;98355;0
S20254;1256;5;98355;98360;0
S20254;1256;4;98360;98365;0
S20254;1256;3;98365;98370;0
S20254;1256;2;98370;98375;0
S20254;1256;1;98375;98395;0
S20254;1257;0;96485;96485;1
S20254;1257;1;97900;97920;1
S20254;1257;2;97920;97925;1
S20254;1257;3;97925;97930;1
S20254;1257;4;97930;97935;1
S20254;1257;5;97935;97940;1
S20254;1257;6;97940;97945;1
S20254;1257;7;97945;97950;1
S20254;1257;8;97950;97955;1
S20254;1257;9;97955;97960;1
S20254;1257;51;97960;97995;1
S20254;1257;51;103010;103020;0
S20254;1257;9;103020;103025;0
S20254;1257;8;103025;103030;0
S20254;1257;7;103030;103035;0
S20254;1257;6;103035;103040;0
S20254;1257;5;103040;103045;0
S20254;1257;4;103045;103050;0
S20254;1257;3;103050;103055;0
S20254;1257;2;103055;103060;0
S20254;1257;1;103060;103080;0
S20254;1258;0;96840;96840;1
S20254;1258;1;96840;96860;1
S20254;1258;2;96860;96865;1
S20254;1258;3;96865;96870;1
S20254;1258;4;96870;96875;1
S20254;1258;5;96875;96880;1
S20254;1258;33;96880;96895;1
S20254;1258;33;98165;98195;0
S20254;1258;5;98195;98200;0
S20254;1258;4;98200;98205;0
S20254;1258;3;98205;98210;0
S20254;1258;2;98210;98215;0
S20254;1258;1;98215;98235;0
S20254;1259;0;96900;96900;1
S20254;1259;1;97040;97060;1
S20254;1259;2;97060;97065;1
S20254;1259;3;97065;97070;1
S20254;1259;4;97070;97075;1
S20254;1259;5;97075;97080;1
S20254;1259;6;97080;97085;1
S20254;1259;7;97085;97090;1
S20254;1259;8;97090;97095;1
S20254;1259;9;97095;97100;1
S20254;1259;10;97100;97105;1
S20254;1259;11;97105;97110;1
S20254;1259;54;97110;97145;1
S20254;1259;54;97365;97375;0
S20254;1259;11;97375;97380;0
S20254;1259;10;97380;97385;0
S20254;1259;9;97385;97390;0
S20254;1259;8;97390;97395;0
S20254;1259;7;97395;97400;0
S20254;1259;6;97400;97405;0
S20254;1259;5;97405;97410;0
S20254;1259;4;97410;97415;0
S20254;1259;3;97415;97420;0
S20254;1259;2;97420;97425;0
S20254;1259;1;97425;97445;0
S20254;1260;0;97035;97035;1
S20254;1260;1;106820;106840;1
S20254;1260;2;106840;106845;1
S20254;1260;3;106845;106850;1
S20254;1260;4;106850;106855;1
S20254;1260;5;106855;106860;1
S20254;1260;6;106860;106865;1
S20254;1260;7;106865;106870;1
S20254;1260;8;106870;106875;1
S20254;1260;9;106875;106880;1
S20254;1260;10;106880;106885;1
S20254;1260;11;106885;106890;1
S20254;1260;12;106890;106895;1
S20254;1260;13;106895;106900;1
S20254;1260;69;106900;106935;1
S20254;1260;69;109765;109775;0
S20254;1260;13;109775;109780;0
S20254;1260;12;109780;109785;0
S20254;1260;11;109785;109790;0
S20254;1260;10;109790;109795;0
S20254;1260;9;109795;109800;0
S20254;1260;8;109800;109805;0
S20254;1260;7;109805;109810;0
S20254;1260;6;109810;109815;0
S20254;1260;5;109815;109820;0
S20254;1260;4;109820;109825;0
S20254;1260;3;109825;109830;0
S20254;1260;2;109830;109835;0
S20254;1260;1;109835;109855;0
S20254;1261;0;97140;97140;1
S20254;1261;1;97140;97160;1
S20254;1261;2;97160;97165;1
S20254;1261;3;97165;97170;1
S20254;1261;4;97170;97175;1
S20254;1261;5;97175;97180;1
S20254;1261;6;97180;97185;1
S20254;1261;7;97185;97190;1
S20254;1261;8;97190;97195;1
S20254;1261;9;97195;97200;1
S20254;1261;10;97200;97205;1
S20254;1261;53;97205;97220;1
S20254;1261;53;98345;98375;0
S20254;1261;10;98375;98380;0
S20254;1261;9;98380;98385;0
S20254;1261;8;98385;98390;0
S20254;1261;7;98390;98395;0
S20254;1261;6;98395;98400;0
S20254;1261;5;98400;98405;0
S20254;1261;4;98405;98410;0
S20254;1261;3;98410;98415;0
S20254;1261;2;98415;98420;0
S20254;1261;1;98420;98440;0
S20254;1262;0;97140;97140;1
S20254;1262;1;97860;97880;1
S20254;1262;2;97880;97885;1
S20254;1262;3;97885;97890;1
S20254;1262;4;97890;97895;1
S20254;1262;5;97895;97900;1
S20254;1262;6;97900;97905;1
S20254;1262;7;97905;97910;1
S20254;1262;8;97910;97915;1
S20254;1262;9;97915;97920;1
S20254;1262;50;97920;97955;1
S20254;1262;50;102280;102290;0
S20254;1262;9;102290;102295;0
S20254;1262;8;102295;102300;0
S20254;1262;7;102300;102305;0
S20254;1262;6;102305;102310;0
S20254;1262;5;102310;102315;0
S20254;1262;4;102315;102320;0
S20254;1262;3;102320;102325;0
S20254;1262;2;102325;102330;0
S20254;1262;1;102330;102350;0
S20254;1263;0;97290;97290;1
S20254;1263;1;99330;99350;1
S20254;1263;2;99350;99355;1
S20254;1263;3;99355;99360;1
S20254;1263;4;99360;99365;1
S20254;1263;5;99365;99370;1
S20254;1263;6;99370;99375;1
S20254;1263;7;99375;99380;1
S20254;1263;8;99380;99385;1
S20254;1263;9;99385;99390;1
S20254;1263;10;99390;99395;1
S20254;1263;11;99395;99400;1
S20254;1263;54;99400;99435;1
S20254;1263;54;99970;99980;0
S20254;1263;11;99980;99985;0
S20254;1263;10;99985;99990;0
S20254;1263;9;99990;99995;0
S20254;1263;8;99995;100000;0
S20254;1263;7;100000;100005;0
S20254;1263;6;100005;100010;0
S20254;1263;5;100010;100015;0
S20254;1263;4;100015;100020;0
S20254;1263;3;100020;100025;0
S20254;1263;2;100025;100030;0
S20254;1263;1;100030;100050;0
S20254;1264;0;97345;97345;1
S20254;1264;1;121135;121155;1
S20254;1264;2;121155;121160;1
S20254;1264;3;121160;121165;1
S20254;1264;4;121165;121170;1
S20254;1264;26;121170;121205;1
S20254;1264;26;126135;126145;0
S20254;1264;4;126145;126150;0
S20254;1264;3;126150;126155;0
S20254;1264;2;126155;126160;0
S20254;1264;1;126160;126180;0
S20254;1265;0;97470;97470;1
S20254;1265;1;100070;100090;1
S20254;1265;2;100090;100095;1
S20254;1265;3;100095;100100;1
S20254;1265;4;100100;100105;1
S20254;1265;5;100105;100110;1
S20254;1265;6;100110;100115;1
S20254;1265;7;100115;100120;1
S20254;1265;8;100120;100125;1
S20254;1265;9;100125;100130;1
S20254;1265;10;100130;100135;1
S20254;1265;11;100135;100140;1
S20254;1265;12;100140;100145;1
S20254;1265;13;100145;100150;1
S20254;1265;69;100150;100165;1
S20254;1265;69;103075;103105;0
S20254;1265;13;103105;103110;0
S20254;1265;12;103110;103115;0
S20254;1265;11;103115;103120;0
S20254;1265;10;103120;103125;0
S20254;1265;9;103125;103130;0
S20254;1265;8;103130;103135;0
S20254;1265;7;103135;103140;0
S20254;1265;6;103140;103145;0
S20254;1265;5;103145;103150;0
S20254;1265;4;103150;103155;0
S20254;1265;3;103155;103160;0
S20254;1265;2;103160;103165;0
S20254;1265;1;103165;103185;0
S20254;1266;0;97650;97650;1
S20254;1266;1;97675;97695;1
S20254;1266;2;97695;97700;1
S20254;1266;3;97700;97705;1
S20254;1266;4;97705;97710;1
S20254;1266;5;97710;97715;1
S20254;1266;6;97715;97720;1
S20254;1266;7;97720;97725;1
S20254;1266;8;97725;97730;1
S20254;1266;9;97730;97735;1
S20254;1266;10;97735;97740;1
S20254;1266;11;97740;97745;1
S20254;1266;60;97745;97780;1
S20254;1266;60;101590;101600;0
S20254;1266;11;101600;101605;0
S20254;1266;10;101605;101610;0
S20254;1266;9;101610;101615;0
S20254;1266;8;101615;101620;0
S20254;1266;7;101620;101625;0
S20254;1266;6;101625;101630;0
S20254;1266;5;101630;101635;0
S20254;1266;4;101635;101640;0
S20254;1266;3;101640;101645;0
S20254;1266;2;101645;101650;0
S20254;1266;1;101650;101670;0
S20254;1267;0;97920;97920;1
S20254;1267;1;98065;98085;1
S20254;1267;2;98085;98090;1
S20254;1267;3;98090;98095;1
S20254;1267;4;98095;98100;1
S20254;1267;5;98100;98105;1
S20254;1267;6;98105;98110;1
S20254;1267;7;98110;98115;1
S20254;1267;8;98115;98120;1
S20254;1267;9;98120;98125;1
S20254;1267;10;98125;98130;1
S20254;1267;11;98130;98135;1
S20254;1267;12;98135;98140;1
S20254;1267;66;98140;98175;1
S20254;1267;66;99090;99100;0
S20254;1267;12;99100;99105;0
S20254;1267;11;99105;99110;0
S20254;1267;10;99110;99115;0
S20254;1267;9;99115;99120;0
S20254;1267;8;99120;99125;0
S20254;1267;7;99125;99130;0
S20254;1267;6;99130;99135;0
S20254;1267;5;99135;99140;0
S20254;1267;4;99140;99145;0
S20254;1267;3;99145;99150;0
S20254;1267;2;99150;99155;0
S20254;1267;1;99155;99175;0
S20254;1268;0;97935;97935;1
S20254;1268;1;98095;98115;1
S20254;1268;2;98115;98120;1
S20254;1268;3;98120;98125;1
S20254;1268;4;98125;98130;1
S20254;1268;5;98130;98135;1
S20254;1268;34;98135;98150;1
S20254;1268;34;98700;98730;0
S20254;1268;5;98730;98735;0
S20254;1268;4;98735;98740;0
S20254;1268;3;98740;98745;0
S20254;1268;2;98745;98750;0
S20254;1268;1;98750;98770;0
S20254;1269;0;97980;97980;1
S20254;1269;1;105120;105140;1
S20254;1269;2;105140;105145;1
S20254;1269;3;105145;105150;1
S20254;1269;4;105150;105155;1
S20254;1269;5;105155;105160;1
S20254;1269;6;105160;105165;1
S20254;1269;7;105165;105170;1
S20254;1269;45;105170;105205;1
S20254;1269;45;106725;106735;0
S20254;1269;7;106735;106740;0
S20254;1269;6;106740;106745;0
S20254;1269;5;106745;106750;0
S20254;1269;4;106750;106755;0
S20254;1269;3;106755;106760;0
S20254;1269;2;106760;106765;0
S20254;1269;1;106765;106785;0
S20254;1270;0;97980;97980;1
S20254;1270;1;98115;98135;1
S20254;1270;2;98135;98140;1
S20254;1270;3;98140;98145;1
S20254;1270;4;98145;98150;1
S20254;1270;5;98150;98155;1
S20254;1270;6;98155;98160;1
S20254;1270;37;98160;98195;1
S20254;1270;37;101005;101015;0
S20254;1270;6;101015;101020;0
S20254;1270;5;101020;101025;0
S20254;1270;4;101025;101030;0
S20254;1270;3;101030;101035;0
S20254;1270;2;101035;101040;0
S20254;1270;1;101040;101060;0
S20254;1271;0;98030;98030;1
S20254;1271;1;98040;98060;1
S20254;1271;2;98060;98065;1
S20254;1271;3;98065;98070;1
S20254;1271;4;98070;98075;1
S20254;1271;5;98075;98080;1
S20254;1271;6;98080;98085;1
S20254;1271;7;98085;98090;1
S20254;1271;8;98090;98095;1
S20254;1271;9;98095;98100;1
S20254;1271;10;98100;98105;1
S20254;1271;11;98105;98110;1
S20254;1271;12;98110;98115;1
S20254;1271;64;98115;98130;1
S20254;1271;64;99770;99800;0
S20254;1271;12;99800;99805;0
S20254;1271;11;99805;99810;0
S20254;1271;10;99810;99815;0
S20254;1271;9;99815;99820;0
S20254;1271;8;99820;99825;0
S20254;1271;7;99825;99830;0
S20254;1271;6;99830;99835;0
S20254;1271;5;99835;99840;0
S20254;1271;4;99840;99845;0
S20254;1271;3;99845;99850;0
S20254;1271;2;99850;99855;0
S20254;1271;1;99855;99875;0
S20254;1272;0;98060;98060;1
S20254;1272;1;98080;98100;1
S20254;1272;2;98100;98105;1
S20254;1272;3;98105;98110;1
S20254;1272;4;98110;98115;1
S20254;1272;5;98115;98120;1
S20254;1272;6;98120;98125;1
S20254;1272;7;98125;98130;1
S20254;1272;8;98130;98135;1
S20254;1272;9;98135;98140;1
S20254;1272;10;98140;98145;1
S20254;1272;52;98145;98180;1
S20254;1272;52;100670;100680;0
S20254;1272;10;100680;100685;0
S20254;1272;9;100685;100690;0
S20254;1272;8;100690;100695;0
S20254;1272;7;100695;100700;0
S20254;1272;6;100700;100705;0
S20254;1272;5;100705;100710;0
S20254;1272;4;100710;100715;0
S20254;1272;3;100715;100720;0
S20254;1272;2;100720;100725;0
S20254;1272;1;100725;100745;0
S20254;1273;0;98130;98130;1
S20254;1273;1;100585;100605;1
S20254;1273;2;100605;100610;1
S20254;1273;3;100610;100615;1
S20254;1273;4;100615;100620;1
S20254;1273;5;100620;100625;1
S20254;1273;6;100625;100630;1
S20254;1273;7;100630;100635;1
S20254;1273;8;100635;100640;1
S20254;1273;9;100640;100645;1
S20254;1273;10;100645;100650;1
S20254;1273;52;100650;100685;1
S20254;1273;52;101920;101930;0
S20254;1273;10;101930;101935;0
S20254;1273;9;101935;101940;0
S20254;1273;8;101940;101945;0
S20254;1273;7;101945;101950;0
S20254;1273;6;101950;101955;0
S20254;1273;5;101955;101960;0
S20254;1273;4;101960;101965;0
S20254;1273;3;101965;101970;0
S20254;1273;2;101970;101975;0
S20254;1273;1;101975;101995;0
S20254;1274;0;98220;98220;1
S20254;1274;1;103995;104015;1
S20254;1274;2;104015;104020;1
S20254;1274;3;104020;104025;1
S20254;1274;4;104025;104030;1
S20254;1274;5;104030;104035;1
S20254;1274;6;104035;104040;1
S20254;1274;7;104040;104045;1
S20254;1274;8;104045;104050;1
S20254;1274;9;104050;104055;1
S20254;1274;10;104055;104060;1
S20254;1274;52;104060;104075;1
S20254;1274;52;104815;104845;0
S20254;1274;10;104845;104850;0
S20254;1274;9;104850;104855;0
S20254;1274;8;104855;104860;0
S20254;1274;7;104860;104865;0
S20254;1274;6;104865;104870;0
S20254;1274;5;104870;104875;0
S20254;1274;4;104875;104880;0
S20254;1274;3;104880;104885;0
S20254;1274;2;104885;104890;0
S20254;1274;1;104890;104910;0
S20254;1275;0;98230;98230;1
S20254;1275;1;98260;98280;1
S20254;1275;2;98280;98285;1
S20254;1275;3;98285;98290;1
S20254;1275;4;98290;98295;1
S20254;1275;5;98295;98300;1
S20254;1275;35;98300;98315;1
S20254;1275;35;99090;99120;0
S20254;1275;5;99120;99125;0
S20254;1275;4;99125;99130;0
S20254;1275;3;99130;99135;0
S20254;1275;2;99135;99140;0
S20254;1275;1;99140;99160;0
S20254;1276;0;98325;98325;1
S20254;1276;1;101855;101875;1
S20254;1276;2;101875;101880;1
S20254;1276;3;101880;101885;1
S20254;1276;4;101885;101890;1
S20254;1276;5;101890;101895;1
S20254;1276;6;101895;101900;1
S20254;1276;7;101900;101905;1
S20254;1276;8;101905;101910;1
S20254;1276;9;101910;101915;1
S20254;1276;10;101915;101920;1
S20254;1276;52;101920;101955;1
S20254;1276;52;103805;103815;0
S20254;1276;10;103815;103820;0
S20254;1276;9;103820;103825;0
S20254;1276;8;103825;103830;0
S20254;1276;7;103830;103835;0
S20254;1276;6;103835;103840;0
S20254;1276;5;103840;103845;0
S20254;1276;4;103845;103850;0
S20254;1276;3;103850;103855;0
S20254;1276;2;103855;103860;0
S20254;1276;1;103860;103880;0
S20254;1277;0;98480;98480;1
S20254;1277;1;98480;98500;1
S20254;1277;2;98500;98505;1
S20254;1277;3;98505;98510;1
S20254;1277;4;98510;98515;1
S20254;1277;5;98515;98520;1
S20254;1277;6;98520;98525;1
S20254;1277;7;98525;98530;1
S20254;1277;8;98530;98535;1
S20254;1277;9;98535;98540;1
S20254;1277;10;98540;98545;1
S20254;1277;11;98545;98550;1
S20254;1277;56;98550;98565;1
S20254;1277;56;100430;100460;0
S20254;1277;11;100460;100465;0
S20254;1277;10;100465;100470;0
S20254;1277;9;100470;100475;0
S20254;1277;8;100475;100480;0
S20254;1277;7;100480;100485;0
S20254;1277;6;100485;100490;0
S20254;1277;5;100490;100495;0
S20254;1277;4;100495;100500;0
S20254;1277;3;100500;100505;0
S20254;1277;2;100505;100510;0
S20254;1277;1;100510;100530;0
S20254;1278;0;98640;98640;1
S20254;1278;1;98640;98660;1
S20254;1278;2;98660;98665;1
S20254;1278;3;98665;98670;1
S20254;1278;4;98670;98675;1
S20254;1278;5;98675;98680;1
S20254;1278;33;98680;98695;1
S20254;1278;33;99525;99555;0
S20254;1278;5;99555;99560;0
S20254;1278;4;99560;99565;0
S20254;1278;3;99565;99570;0
S20254;1278;2;99570;99575;0
S20254;1278;1;99575;99595;0
S20254;1279;0;98690;98690;1
S20254;1279;1;114100;114120;1
S20254;1279;2;114120;114125;1
S20254;1279;3;114125;114130;1
S20254;1279;4;114130;114135;1
S20254;1279;5;114135;114140;1
S20254;1279;6;114140;114145;1
S20254;1279;7;114145;114150;1
S20254;1279;8;114150;114155;1
S20254;1279;9;114155;114160;1
S20254;1279;10;114160;114165;1
S20254;1279;11;114165;114170;1
S20254;1279;12;114170;114175;1
S20254;1279;13;114175;114180;1
S20254;1279;14;114180;114185;1
S20254;1279;15;114185;114190;1
S20254;1279;16;114190;114205;1
S20254;1279;72;114205;114220;1
S20254;1279;72;125770;125810;0
S20254;1279;16;125810;125825;0
S20254;1279;15;125825;125830;0
S20254;1279;14;125830;125835;0
S20254;1279;13;125835;125840;0
S20254;1279;12;125840;125845;0
S20254;1279;11;125845;125850;0
S20254;1279;10;125850;125855;0
S20254;1279;9;125855;125860;0
S20254;1279;8;125860;125865;0
S20254;1279;7;125865;125870;0
S20254;1279;6;125870;125875;0
S20254;1279;5;125875;125880;0
S20254;1279;4;125880;125885;0
S20254;1279;3;125885;125890;0
S20254;1279;2;125890;125895;0
S20254;1279;1;125895;125915;0
S20254;1280;0;98700;98700;1
S20254;1280;1;108495;108515;1
S20254;1280;2;108515;108520;1
S20254;1280;3;108520;108525;1
S20254;1280;19;108525;108560;1
S20254;1280;19;111985;111995;0
S20254;1280;3;111995;112000;0
S20254;1280;2;112000;112005;0
S20254;1280;1;112005;112025;0
S20254;1281;0;98865;98865;1
S20254;1281;1;98890;98910;1
S20254;1281;2;98910;98915;1
S20254;1281;3;98915;98920;1
S20254;1281;4;98920;98925;1
S20254;1281;5;98925;98930;1
S20254;1281;6;98930;98935;1
S20254;1281;7;98935;98940;1
S20254;1281;8;98940;98945;1
S20254;1281;9;98945;98950;1
S20254;1281;10;98950;98955;1
S20254;1281;11;98955;98960;1
S20254;1281;12;98960;98965;1
S20254;1281;65;98965;98980;1
S20254;1281;65;100165;100195;0
S20254;1281;12;100195;100200;0
S20254;1281;11;100200;100205;0
S20254;1281;10;100205;100210;0
S20254;1281;9;100210;100215;0
S20254;1281;8;100215;100220;0
S20254;1281;7;100220;100225;0
S20254;1281;6;100225;100230;0
S20254;1281;5;100230;100235;0
S20254;1281;4;100235;100240;0
S20254;1281;3;100240;100245;0
S20254;1281;2;100245;100250;0
S20254;1281;1;100250;100270;0
S20254;1282;0;98940;98940;1
S20254;1282;1;98965;98985;1
S20254;1282;2;98985;98990;1
S20254;1282;3;98990;98995;1
S20254;1282;4;98995;99000;1
S20254;1282;5;99000;99005;1
S20254;1282;36;99005;99040;1
S20254;1282;36;100140;100150;0
S20254;1282;5;100150;100155;0
S20254;1282;4;100155;100160;0
S20254;1282;3;100160;100165;0
S20254;1282;2;100165;100170;0
S20254;1282;1;100170;100190;0
S20254;1283;0;98940;98940;1
S20254;1283;1;99220;99240;1
S20254;1283;2;99240;99245;1
S20254;1283;3;99245;99250;1
S20254;1283;4;99250;99255;1
S20254;1283;5;99255;99260;1
S20254;1283;6;99260;99265;1
S20254;1283;7;99265;99270;1
S20254;1283;8;99270;99275;1
S20254;1283;9;99275;99280;1
S20254;1283;10;99280;99285;1
S20254;1283;53;99285;99300;1
S20254;1283;53;101560;101590;0
S20254;1283;10;101590;101595;0
S20254;1283;9;101595;101600;0
S20254;1283;8;101600;101605;0
S20254;1283;7;101605;101610;0
S20254;1283;6;101610;101615;0
S20254;1283;5;101615;101620;0
S20254;1283;4;101620;101625;0
S20254;1283;3;101625;101630;0
S20254;1283;2;101630;101635;0
S20254;1283;1;101635;101655;0
S20254;1284;0;98950;98950;1
S20254;1284;1;99055;99075;1
S20254;1284;2;99075;99080;1
S20254;1284;3;99080;99085;1
S20254;1284;20;99085;99120;1
S20254;1284;20;102555;102565;0
S20254;1284;3;102565;102570;0
S20254;1284;2;102570;102575;0
S20254;1284;1;102575;102595;0
S20254;1285;0;98990;98990;1
S20254;1285;1;99040;99060;1
S20254;1285;2;99060;99065;1
S20254;1285;3;99065;99070;1
S20254;1285;4;99070;99075;1
S20254;1285;5;99075;99080;1
S20254;1285;6;99080;99085;1
S20254;1285;43;99085;99120;1
S20254;1285;43;100455;100465;0
S20254;1285;6;100465;100470;0
S20254;1285;5;100470;100475;0
S20254;1285;4;100475;100480;0
S20254;1285;3;100480;100485;0
S20254;1285;2;100485;100490;0
S20254;1285;1;100490;100510;0
S20254;1286;0;99135;99135;1
S20254;1286;1;99235;99255;1
S20254;1286;2;99255;99260;1
S20254;1286;3;99260;99265;1
S20254;1286;4;99265;99270;1
S20254;1286;5;99270;99275;1
S20254;1286;35;99275;99290;1
S20254;1286;35;99905;99935;0
S20254;1286;5;99935;99940;0
S20254;1286;4;99940;99945;0
S20254;1286;3;99945;99950;0
S20254;1286;2;99950;99955;0
S20254;1286;1;99955;99975;0
S20254;1287;0;99225;99225;1
S20254;1287;1;108620;108640;1
S20254;1287;2;108640;108645;1
S20254;1287;3;108645;108650;1
S20254;1287;4;108650;108655;1
S20254;1287;5;108655;108660;1
S20254;1287;27;108660;108675;1
S20254;1287;27;116095;116125;0
S20254;1287;5;116125;116130;0
S20254;1287;4;116130;116135;0
S20254;1287;3;116135;116140;0
S20254;1287;2;116140;116145;0
S20254;1287;1;116145;116165;0
S20254;1288;0;99285;99285;1
S20254;1288;1;99370;99390;1
S20254;1288;2;99390;99395;1
S20254;1288;3;99395;99400;1
S20254;1288;4;99400;99405;1
S20254;1288;5;99405;99410;1
S20254;1288;28;99410;99445;1
S20254;1288;28;102035;102045;0
S20254;1288;5;102045;102050;0
S20254;1288;4;102050;102055;0
S20254;1288;3;102055;102060;0
S20254;1288;2;102060;102065;0
S20254;1288;1;102065;102085;0
S20254;1289;0;99360;99360;1
S20254;1289;1;102365;102385;1
S20254;1289;2;102385;102390;1
S20254;1289;3;102390;102395;1
S20254;1289;4;102395;102400;1
S20254;1289;5;102400;102405;1
S20254;1289;6;102405;102410;1
S20254;1289;7;102410;102415;1
S20254;1289;8;102415;102420;1
S20254;1289;9;102420;102425;1
S20254;1289;50;102425;102460;1
S20254;1289;50;105975;105985;0
S20254;1289;9;105985;105990;0
S20254;1289;8;105990;105995;0
S20254;1289;7;105995;106000;0
S20254;1289;6;106000;106005;0
S20254;1289;5;106005;106010;0
S20254;1289;4;106010;106015;0
S20254;1289;3;106015;106020;0
S20254;1289;2;106020;106025;0
S20254;1289;1;106025;106045;0
S20254;1290;0;99600;99600;1
S20254;1290;1;99600;99620;1
S20254;1290;2;99620;99625;1
S20254;1290;3;99625;99630;1
S20254;1290;4;99630;99635;1
S20254;1290;5;99635;99640;1
S20254;1290;34;99640;99655;1
S20254;1290;34;100645;100675;0
S20254;1290;5;100675;100680;0
S20254;1290;4;100680;100685;0
S20254;1290;3;100685;100690;0
S20254;1290;2;100690;100695;0
S20254;1290;1;100695;100715;0
S20254;1291;0;99650;99650;1
S20254;1291;1;99655;99675;1
S20254;1291;2;99675;99680;1
S20254;1291;3;99680;99685;1
S20254;1291;4;99685;99690;1
S20254;1291;5;99690;99695;1
S20254;1291;6;99695;99700;1
S20254;1291;38;99700;99735;1
S20254;1291;38;100505;100515;0
S20254;1291;6;100515;100520;0
S20254;1291;5;100520;100525;0
S20254;1291;4;100525;100530;0
S20254;1291;3;100530;100535;0
S20254;1291;2;100535;100540;0
S20254;1291;1;100540;100560;0
S20254;1292;0;99715;99715;1
S20254;1292;1;99715;99735;1
S20254;1292;2;99735;99740;1
S20254;1292;3;99740;99745;1
S20254;1292;4;99745;99750;1
S20254;1292;5;99750;99755;1
S20254;1292;31;99755;99790;1
S20254;1292;31;101075;101105;0
S20254;1292;5;101105;101110;0
S20254;1292;4;101110;101115;0
S20254;1292;3;101115;101120;0
S20254;1292;2;101120;101125;0
S20254;1292;1;101125;101145;0
S20254;1293;0;99750;99750;1
S20254;1293;1;100005;100025;1
S20254;1293;2;100025;100030;1
S20254;1293;3;100030;100035;1
S20254;1293;4;100035;100040;1
S20254;1293;5;100040;100045;1
S20254;1293;6;100045;100050;1
S20254;1293;7;100050;100055;1
S20254;1293;8;100055;100060;1
S20254;1293;9;100060;100065;1
S20254;1293;10;100065;100070;1
S20254;1293;11;100070;100075;1
S20254;1293;57;100075;100090;1
S20254;1293;57;105570;105600;0
S20254;1293;11;105600;105605;0
S20254;1293;10;105605;105610;0
S20254;1293;9;105610;105615;0
S20254;1293;8;105615;105620;0
S20254;1293;7;105620;105625;0
S20254;1293;6;105625;105630;0
S20254;1293;5;105630;105635;0
S20254;1293;4;105635;105640;0
S20254;1293;3;105640;105645;0
S20254;1293;2;105645;105650;0
S20254;1293;1;105650;105670;0
S20254;1294;0;99840;99840;1
S20254;1294;1;126875;126895;1
S20254;1294;2;126895;126900;1
S20254;1294;3;126900;126905;1
S20254;1294;4;126905;126910;1
S20254;1294;23;126910;126945;1
S20254;1295;0;100095;100095;1
S20254;1295;1;100095;100115;1
S20254;1295;85;100115;100150;1
S20254;1295;85;101985;101995;0
S20254;1295;1;101995;102015;0
S20254;1296;0;100200;100200;1
S20254;1296;1;125280;125300;1
S20254;1296;2;125300;125305;1
S20254;1296;3;125305;125310;1
S20254;1296;4;125310;125315;1
S20254;1296;5;125315;125320;1
S20254;1296;6;125320;125325;1
S20254;1296;7;125325;125330;1
S20254;1296;46;125330;125365;1
S20254;1297;0;100270;100270;1
S20254;1297;1;110930;110950;1
S20254;1297;2;110950;110955;1
S20254;1297;3;110955;110960;1
S20254;1297;4;110960;110965;1
S20254;1297;5;110965;110970;1
S20254;1297;6;110970;110975;1
S20254;1297;39;110975;111010;1
S20254;1297;39;114830;114840;0
S20254;1297;6;114840;114845;0
S20254;1297;5;114845;114850;0
S20254;1297;4;114850;114855;0
S20254;1297;3;114855;114860;0
S20254;1297;2;114860;114865;0
S20254;1297;1;114865;114885;0
S20254;1298;0;100315;100315;1
S20254;1298;1;100315;100335;1
S20254;1298;2;100335;100340;1
S20254;1298;3;100340;100345;1
S20254;1298;4;100345;100350;1
S20254;1298;5;100350;100355;1
S20254;1298;6;100355;100360;1
S20254;1298;7;100360;100365;1
S20254;1298;8;100365;100370;1
S20254;1298;9;100370;100375;1
S20254;1298;10;100375;100380;1
S20254;1298;11;100380;100385;1
S20254;1298;12;100385;100390;1
S20254;1298;64;100390;100405;1
S20254;1298;64;101925;101955;0
S20254;1298;12;101955;101960;0
S20254;1298;11;101960;101965;0
S20254;1298;10;101965;101970;0
S20254;1298;9;101970;101975;0
S20254;1298;8;101975;101980;0
S20254;1298;7;101980;101985;0
S20254;1298;6;101985;101990;0
S20254;1298;5;101990;101995;0
S20254;1298;4;101995;102000;0
S20254;1298;3;102000;102005;0
S20254;1298;2;102005;102010;0
S20254;1298;1;102010;102030;0
S20254;1299;0;100350;100350;1
S20254;1299;1;100355;100375;1
S20254;1299;2;100375;100380;1
S20254;1299;3;100380;100385;1
S20254;1299;4;100385;100390;1
S20254;1299;5;100390;100395;1
S20254;1299;6;100395;100400;1
S20254;1299;40;100400;100435;1
S20254;1299;40;101925;101935;0
S20254;1299;6;101935;101940;0
S20254;1299;5;101940;101945;0
S20254;1299;4;101945;101950;0
S20254;1299;3;101950;101955;0
S20254;1299;2;101955;101960;0
S20254;1299;1;101960;101980;0
S20254;1300;0;100455;100455;1
S20254;1300;1;112325;112345;1
S20254;1300;2;112345;112350;1
S20254;1300;3;112350;112355;1
S20254;1300;4;112355;112360;1
S20254;1300;5;112360;112365;1
S20254;1300;6;112365;112370;1
S20254;1300;7;112370;112375;1
S20254;1300;46;112375;112410;1
S20254;1300;46;117535;117545;0
S20254;1300;7;117545;117550;0
S20254;1300;6;117550;117555;0
S20254;1300;5;117555;117560;0
S20254;1300;4;117560;117565;0
S20254;1300;3;117565;117570;0
S20254;1300;2;117570;117575;0
S20254;1300;1;117575;117595;0
S20254;1301;0;100465;100465;1
S20254;1301;1;100770;100790;1
S20254;1301;2;100790;100795;1
S20254;1301;3;100795;100800;1
S20254;1301;4;100800;100805;1
S20254;1301;5;100805;100810;1
S20254;1301;6;100810;100815;1
S20254;1301;7;100815;100820;1
S20254;1301;8;100820;100825;1
S20254;1301;9;100825;100830;1
S20254;1301;10;100830;100835;1
S20254;1301;11;100835;100840;1
S20254;1301;12;100840;100845;1
S20254;1301;66;100845;100880;1
S20254;1301;66;103695;103705;0
S20254;1301;12;103705;103710;0
S20254;1301;11;103710;103715;0
S20254;1301;10;103715;103720;0
S20254;1301;9;103720;103725;0
S20254;1301;8;103725;103730;0
S20254;1301;7;103730;103735;0
S20254;1301;6;103735;103740;0
S20254;1301;5;103740;103745;0
S20254;1301;4;103745;103750;0
S20254;1301;3;103750;103755;0
S20254;1301;2;103755;103760;0
S20254;1301;1;103760;103780;0
S20254;1302;0;100610;100610;1
S20254;1302;1;125485;125505;1
S20254;1302;2;125505;125510;1
S20254;1302;3;125510;125515;1
S20254;1302;4;125515;125520;1
S20254;1302;24;125520;125555;1
S20254;1303;0;100635;100635;1
S20254;1303;1;100800;100820;1
S20254;1303;2;100820;100825;1
S20254;1303;3;100825;100830;1
S20254;1303;4;100830;100835;1
S20254;1303;5;100835;100840;1
S20254;1303;29;100840;100855;1
S20254;1303;29;126755;126785;0
S20254;1303;5;126785;126790;0
S20254;1303;4;126790;126795;0
S20254;1303;3;126795;126800;0
S20254;1303;2;126800;126805;0
S20254;1303;1;126805;126825;0
S20254;1304;0;100650;100650;1
S20254;1304;1;112595;112615;1
S20254;1304;2;112615;112620;1
S20254;1304;3;112620;112625;1
S20254;1304;19;112625;112660;1
S20254;1304;19;115515;115525;0
S20254;1304;3;115525;115530;0
S20254;1304;2;115530;115535;0
S20254;1304;1;115535;115555;0
S20254;1305;0;100680;100680;1
S20254;1305;1;100750;100770;1
S20254;1305;2;100770;100775;1
S20254;1305;3;100775;100780;1
S20254;1305;21;100780;100795;1
S20254;1305;21;102510;102540;0
S20254;1305;3;102540;102545;0
S20254;1305;2;102545;102550;0
S20254;1305;1;102550;102570;0
S20254;1306;0;100710;100710;1
S20254;1306;1;112370;112390;1
S20254;1306;2;112390;112395;1
S20254;1306;3;112395;112400;1
S20254;1306;18;112400;112435;1
S20254;1306;18;114710;114720;0
S20254;1306;3;114720;114725;0
S20254;1306;2;114725;114730;0
S20254;1306;1;114730;114750;0
S20254;1307;0;100725;100725;1
S20254;1307;1;102305;102325;1
S20254;1307;2;102325;102330;1
S20254;1307;3;102330;102335;1
S20254;1307;4;102335;102340;1
S20254;1307;5;102340;102345;1
S20254;1307;6;102345;102350;1
S20254;1307;7;102350;102355;1
S20254;1307;8;102355;102360;1
S20254;1307;9;102360;102365;1
S20254;1307;10;102365;102370;1
S20254;1307;11;102370;102375;1
S20254;1307;59;102375;102410;1
S20254;1307;59;105655;105665;0
S20254;1307;11;105665;105670;0
S20254;1307;10;105670;105675;0
S20254;1307;9;105675;105680;0
S20254;1307;8;105680;105685;0
S20254;1307;7;105685;105690;0
S20254;1307;6;105690;105695;0
S20254;1307;5;105695;105700;0
S20254;1307;4;105700;105705;0
S20254;1307;3;105705;105710;0
S20254;1307;2;105710;105715;0
S20254;1307;1;105715;105735;0
S20254;1308;0;100860;100860;1
S20254;1308;1;125370;125390;1
S20254;1308;2;125390;125395;1
S20254;1308;3;125395;125400;1
S20254;1308;18;125400;125435;1
S20254;1308;18;128580;128590;0
S20254;1308;3;128590;128595;0
S20254;1308;2;128595;128600;0
S20254;1308;1;128600;128620;0
S20254;1309;0;100920;100920;1
S20254;1309;1;100955;100975;1
S20254;1309;2;100975;100980;1
S20254;1309;3;100980;100985;1
S20254;1309;4;100985;100990;1
S20254;1309;5;100990;100995;1
S20254;1309;36;100995;101010;1
S20254;1309;36;101345;101375;0
S20254;1309;5;101375;101380;0
S20254;1309;4;101380;101385;0
S20254;1309;3;101385;101390;0
S20254;1309;2;101390;101395;0
S20254;1309;1;101395;101415;0
S20254;1310;0;100960;100960;1
S20254;1310;1;121540;121560;1
S20254;1310;2;121560;121565;1
S20254;1310;3;121565;121570;1
S20254;1310;4;121570;121575;1
S20254;1310;23;121575;121610;1
S20254;1310;23;126750;126760;0
S20254;1310;4;126760;126765;0
S20254;1310;3;126765;126770;0
S20254;1310;2;126770;126775;0
S20254;1310;1;126775;126795;0
S20254;1311;0;101000;101000;1
S20254;1311;1;101015;101035;1
S20254;1311;2;101035;101040;1
S20254;1311;3;101040;101045;1
S20254;1311;4;101045;101050;1
S20254;1311;5;101050;101055;1
S20254;1311;6;101055;101060;1
S20254;1311;7;101060;101065;1
S20254;1311;8;101065;101070;1
S20254;1311;9;101070;101075;1
S20254;1311;10;101075;101080;1
S20254;1311;11;101080;101085;1
S20254;1311;59;101085;101120;1
S20254;1311;59;102220;102230;0
S20254;1311;11;102230;102235;0
S20254;1311;10;102235;102240;0
S20254;1311;9;102240;102245;0
S20254;1311;8;102245;102250;0
S20254;1311;7;102250;102255;0
S20254;1311;6;102255;102260;0
S20254;1311;5;102260;102265;0
S20254;1311;4;102265;102270;0
S20254;1311;3;102270;102275;0
S20254;1311;2;102275;102280;0
S20254;1311;1;102280;102300;0
S20254;1312;0;101050;101050;1
S20254;1312;1;101510;101530;1
S20254;1312;2;101530;101535;1
S20254;1312;3;101535;101540;1
S20254;1312;4;101540;101545;1
S20254;1312;5;101545;101550;1
S20254;1312;6;101550;101555;1
S20254;1312;7;101555;101560;1
S20254;1312;8;101560;101565;1
S20254;1312;9;101565;101570;1
S20254;1312;10;101570;101575;1
S20254;1312;53;101575;101590;1
S20254;1312;53;103865;103895;0
S20254;1312;10;103895;103900;0
S20254;1312;9;103900;103905;0
S20254;1312;8;103905;103910;0
S20254;1312;7;103910;103915;0
S20254;1312;6;103915;103920;0
S20254;1312;5;103920;103925;0
S20254;1312;4;103925;103930;0
S20254;1312;3;103930;103935;0
S20254;1312;2;103935;103940;0
S20254;1312;1;103940;103960;0
S20254;1313;0;101150;101150;1
S20254;1313;1;101160;101180;1
S20254;1313;2;101180;101185;1
S20254;1313;3;101185;101190;1
S20254;1313;4;101190;101195;1
S20254;1313;5;101195;101200;1
S20254;1313;31;101200;101235;1
S20254;1313;31;102000;102030;0
S20254;1313;5;102030;102035;0
S20254;1313;4;102035;102040;0
S20254;1313;3;102040;102045;0
S20254;1313;2;102045;102050;0
S20254;1313;1;102050;102070;0
S20254;1314;0;101160;101160;1
S20254;1314;1;101220;101240;1
S20254;1314;2;101240;101245;1
S20254;1314;3;101245;101250;1
S20254;1314;4;101250;101255;1
S20254;1314;5;101255;101260;1
S20254;1314;35;101260;101275;1
S20254;1314;35;102050;102080;0
S20254;1314;5;102080;102085;0
S20254;1314;4;102085;102090;0
S20254;1314;3;102090;102095;0
S20254;1314;2;102095;102100;0
S20254;1314;1;102100;102120;0
S20254;1315;0;101190;101190;1
S20254;1315;1;101200;101220;1
S20254;1315;2;101220;101225;1
S20254;1315;3;101225;101230;1
S20254;1315;4;101230;101235;1
S20254;1315;5;101235;101240;1
S20254;1315;6;101240;101245;1
S20254;1315;38;101245;101280;1
S20254;1315;38;101910;101920;0
S20254;1315;6;101920;101925;0
S20254;1315;5;101925;101930;0
S20254;1315;4;101930;101935;0
S20254;1315;3;101935;101940;0
S20254;1315;2;101940;101945;0
S20254;1315;1;101945;101965;0
S20254;1316;0;101235;101235;1
S20254;1316;1;110485;110505;1
S20254;1316;2;110505;110510;1
S20254;1316;3;110510;110515;1
S20254;1316;4;110515;110520;1
S20254;1316;23;110520;110555;1
S20254;1316;23;114205;114215;0
S20254;1316;4;114215;114220;0
S20254;1316;3;114220;114225;0
S20254;1316;2;114225;114230;0
S20254;1316;1;114230;114250;0
S20254;1317;0;101270;101270;1
S20254;1317;1;101295;101315;1
S20254;1317;2;101315;101320;1
S20254;1317;3;101320;101325;1
S20254;1317;4;101325;101330;1
S20254;1317;5;101330;101335;1
S20254;1317;6;101335;101340;1
S20254;1317;7;101340;101345;1
S20254;1317;8;101345;101350;1
S20254;1317;9;101350;101355;1
S20254;1317;10;101355;101360;1
S20254;1317;11;101360;101365;1
S20254;1317;12;101365;101370;1
S20254;1317;13;101370;101375;1
S20254;1317;67;101375;101410;1
S20254;1317;67;104965;104975;0
S20254;1317;13;104975;104980;0
S20254;1317;12;104980;104985;0
S20254;1317;11;104985;104990;0
S20254;1317;10;104990;104995;0
S20254;1317;9;104995;105000;0
S20254;1317;8;105000;105005;0
S20254;1317;7;105005;105010;0
S20254;1317;6;105010;105015;0
S20254;1317;5;105015;105020;0
S20254;1317;4;105020;105025;0
S20254;1317;3;105025;105030;0
S20254;1317;2;105030;105035;0
S20254;1317;1;105035;105055;0
S20254;1318;0;101460;101460;1
S20254;1318;1;101460;101480;1
S20254;1318;2;101480;101485;1
S20254;1318;3;101485;101490;1
S20254;1318;4;101490;101495;1
S20254;1318;5;101495;101500;1
S20254;1318;6;101500;101505;1
S20254;1318;7;101505;101510;1
S20254;1318;8;101510;101515;1
S20254;1318;9;101515;101520;1
S20254;1318;10;101520;101525;1
S20254;1318;11;101525;101530;1
S20254;1318;12;101530;101535;1
S20254;1318;65;101535;101570;1
S20254;1318;65;103060;103070;0
S20254;1318;12;103070;103075;0
S20254;1318;11;103075;103080;0
S20254;1318;10;103080;103085;0
S20254;1318;9;103085;103090;0
S20254;1318;8;103090;103095;0
S20254;1318;7;103095;103100;0
S20254;1318;6;103100;103105;0
S20254;1318;5;103105;103110;0
S20254;1318;4;103110;103115;0
S20254;1318;3;103115;103120;0
S20254;1318;2;103120;103125;0
S20254;1318;1;103125;103145;0
S20254;1319;0;101460;101460;1
S20254;1319;1;104750;104770;1
S20254;1319;2;104770;104775;1
S20254;1319;3;104775;104780;1
S20254;1319;4;104780;104785;1
S20254;1319;5;104785;104790;1
S20254;1319;6;104790;104795;1
S20254;1319;7;104795;104800;1
S20254;1319;8;104800;104805;1
S20254;1319;9;104805;104810;1
S20254;1319;10;104810;104815;1
S20254;1319;52;104815;104830;1
S20254;1319;52;105625;105655;0
S20254;1319;10;105655;105660;0
S20254;1319;9;105660;105665;0
S20254;1319;8;105665;105670;0
S20254;1319;7;105670;105675;0
S20254;1319;6;105675;105680;0
S20254;1319;5;105680;105685;0
S20254;1319;4;105685;105690;0
S20254;1319;3;105690;105695;0
S20254;1319;2;105695;105700;0
S20254;1319;1;105700;105720;0
S20254;1320;0;101460;101460;1
S20254;1320;1;101485;101505;1
S20254;1320;2;101505;101510;1
S20254;1320;3;101510;101515;1
S20254;1320;4;101515;101520;1
S20254;1320;5;101520;101525;1
S20254;1320;36;101525;101540;1
S20254;1320;36;102975;103005;0
S20254;1320;5;103005;103010;0
S20254;1320;4;103010;103015;0
S20254;1320;3;103015;103020;0
S20254;1320;2;103020;103025;0
S20254;1320;1;103025;103045;0
S20254;1321;0;101460;101460;1
S20254;1321;1;125940;125960;1
S20254;1321;2;125960;125965;1
S20254;1321;3;125965;125970;1
S20254;1321;4;125970;125975;1
S20254;1321;5;125975;125980;1
S20254;1321;6;125980;125985;1
S20254;1321;7;125985;125990;1
S20254;1321;8;125990;125995;1
S20254;1321;9;125995;126000;1
S20254;1321;10;126000;126005;1
S20254;1321;11;126005;126010;1
S20254;1321;12;126010;126015;1
S20254;1321;13;126015;126020;1
S20254;1321;14;126020;126025;1
S20254;1321;15;126025;126030;1
S20254;1321;16;126030;126045;1
S20254;1321;72;126045;126060;1
S20254;1322;0;101475;101475;1
S20254;1322;1;104065;104085;1
S20254;1322;2;104085;104090;1
S20254;1322;3;104090;104095;1
S20254;1322;4;104095;104100;1
S20254;1322;5;104100;104105;1
S20254;1322;6;104105;104110;1
S20254;1322;7;104110;104115;1
S20254;1322;8;104115;104120;1
S20254;1322;9;104120;104125;1
S20254;1322;10;104125;104130;1
S20254;1322;11;104130;104135;1
S20254;1322;12;104135;104140;1
S20254;1322;13;104140;104145;1
S20254;1322;14;104145;104150;1
S20254;1322;15;104150;104155;1
S20254;1322;16;104155;104170;1
S20254;1322;78;104170;104205;1
S20254;1322;78;109070;109080;0
S20254;1322;16;109080;109095;0
S20254;1322;15;109095;109100;0
S20254;1322;14;109100;109105;0
S20254;1322;13;109105;109110;0
S20254;1322;12;109110;109115;0
S20254;1322;11;109115;109120;0
S20254;1322;10;109120;109125;0
S20254;1322;9;109125;109130;0
S20254;1322;8;109130;109135;0
S20254;1322;7;109135;109140;0
S20254;1322;6;109140;109145;0
S20254;1322;5;109145;109150;0
S20254;1322;4;109150;109155;0
S20254;1322;3;109155;109160;0
S20254;1322;2;109160;109165;0
S20254;1322;1;109165;109185;0
S20254;1323;0;101520;101520;1
S20254;1323;1;109450;109470;1
S20254;1323;2;109470;109475;1
S20254;1323;3;109475;109480;1
S20254;1323;4;109480;109485;1
S20254;1323;5;109485;109490;1
S20254;1323;6;109490;109495;1
S20254;1323;41;109495;109510;1
S20254;1323;41;112890;112920;0
S20254;1323;6;112920;112925;0
S20254;1323;5;112925;112930;0
S20254;1323;4;112930;112935;0
S20254;1323;3;112935;112940;0
S20254;1323;2;112940;112945;0
S20254;1323;1;112945;112965;0
S20254;1324;0;101540;101540;1
S20254;1324;1;104095;104115;1
S20254;1324;2;104115;104120;1
S20254;1324;3;104120;104125;1
S20254;1324;4;104125;104130;1
S20254;1324;5;104130;104135;1
S20254;1324;6;104135;104140;1
S20254;1324;40;104140;104175;1
S20254;1324;40;107270;107280;0
S20254;1324;6;107280;107285;0
S20254;1324;5;107285;107290;0
S20254;1324;4;107290;107295;0
S20254;1324;3;107295;107300;0
S20254;1324;2;107300;107305;0
S20254;1324;1;107305;107325;0
S20254;1325;0;101775;101775;1
S20254;1325;1;101840;101860;1
S20254;1325;2;101860;101865;1
S20254;1325;3;101865;101870;1
S20254;1325;4;101870;101875;1
S20254;1325;5;101875;101880;1
S20254;1325;6;101880;101885;1
S20254;1325;7;101885;101890;1
S20254;1325;8;101890;101895;1
S20254;1325;9;101895;101900;1
S20254;1325;10;101900;101905;1
S20254;1325;11;101905;101910;1
S20254;1325;12;101910;101915;1
S20254;1325;64;101915;101930;1
S20254;1325;64;103325;103355;0
S20254;1325;12;103355;103360;0
S20254;1325;11;103360;103365;0
S20254;1325;10;103365;103370;0
S20254;1325;9;103370;103375;0
S20254;1325;8;103375;103380;0
S20254;1325;7;103380;103385;0
S20254;1325;6;103385;103390;0
S20254;1325;5;103390;103395;0
S20254;1325;4;103395;103400;0
S20254;1325;3;103400;103405;0
S20254;1325;2;103405;103410;0
S20254;1325;1;103410;103430;0
S20254;1326;0;102180;102180;1
S20254;1326;1;116170;116190;1
S20254;1326;2;116190;116195;1
S20254;1326;3;116195;116200;1
S20254;1326;4;116200;116205;1
S20254;1326;5;116205;116210;1
S20254;1326;27;116210;116245;1
S20254;1326;27;117905;117915;0
S20254;1326;5;117915;117920;0
S20254;1326;4;117920;117925;0
S20254;1326;3;117925;117930;0
S20254;1326;2;117930;117935;0
S20254;1326;1;117935;117955;0
S20254;1327;0;102195;102195;1
S20254;1327;1;102195;102215;1
S20254;1327;2;102215;102220;1
S20254;1327;3;102220;102225;1
S20254;1327;4;102225;102230;1
S20254;1327;5;102230;102235;1
S20254;1327;33;102235;102250;1
S20254;1327;33;103680;103710;0
S20254;1327;5;103710;103715;0
S20254;1327;4;103715;103720;0
S20254;1327;3;103720;103725;0
S20254;1327;2;103725;103730;0
S20254;1327;1;103730;103750;0
S20254;1328;0;102245;102245;1
S20254;1328;1;102255;102275;1
S20254;1328;2;102275;102280;1
S20254;1328;3;102280;102285;1
S20254;1328;4;102285;102290;1
S20254;1328;5;102290;102295;1
S20254;1328;6;102295;102300;1
S20254;1328;7;102300;102305;1
S20254;1328;8;102305;102310;1
S20254;1328;9;102310;102315;1
S20254;1328;10;102315;102320;1
S20254;1328;11;102320;102325;1
S20254;1328;55;102325;102340;1
S20254;1328;55;102960;102990;0
S20254;1328;11;102990;102995;0
S20254;1328;10;102995;103000;0
S20254;1328;9;103000;103005;0
S20254;1328;8;103005;103010;0
S20254;1328;7;103010;103015;0
S20254;1328;6;103015;103020;0
S20254;1328;5;103020;103025;0
S20254;1328;4;103025;103030;0
S20254;1328;3;103030;103035;0
S20254;1328;2;103035;103040;0
S20254;1328;1;103040;103060;0
S20254;1329;0;102335;102335;1
S20254;1329;1;127835;127855;1
S20254;1329;2;127855;127860;1
S20254;1329;3;127860;127865;1
S20254;1329;4;127865;127870;1
S20254;1329;5;127870;127875;1
S20254;1329;6;127875;127880;1
S20254;1329;7;127880;127885;1
S20254;1329;45;127885;127920;1
S20254;1330;0;102370;102370;1
S20254;1330;1;102430;102450;1
S20254;1330;2;102450;102455;1
S20254;1330;3;102455;102460;1
S20254;1330;4;102460;102465;1
S20254;1330;5;102465;102470;1
S20254;1330;6;102470;102475;1
S20254;1330;7;102475;102480;1
S20254;1330;8;102480;102485;1
S20254;1330;9;102485;102490;1
S20254;1330;10;102490;102495;1
S20254;1330;11;102495;102500;1
S20254;1330;62;102500;102515;1
S20254;1330;62;106065;106095;0
S20254;1330;11;106095;106100;0
S20254;1330;10;106100;106105;0
S20254;1330;9;106105;106110;0
S20254;1330;8;106110;106115;0
S20254;1330;7;106115;106120;0
S20254;1330;6;106120;106125;0
S20254;1330;5;106125;106130;0
S20254;1330;4;106130;106135;0
S20254;1330;3;106135;106140;0
S20254;1330;2;106140;106145;0
S20254;1330;1;106145;106165;0
S20254;1331;0;102440;102440;1
S20254;1331;1;103190;103210;1
S20254;1331;2;103210;103215;1
S20254;1331;3;103215;103220;1
S20254;1331;4;103220;103225;1
S20254;1331;5;103225;103230;1
S20254;1331;6;103230;103235;1
S20254;1331;7;103235;103240;1
S20254;1331;8;103240;103245;1
S20254;1331;9;103245;103250;1
S20254;1331;10;103250;103255;1
S20254;1331;11;103255;103260;1
S20254;1331;12;103260;103265;1
S20254;1331;13;103265;103270;1
S20254;1331;69;103270;103285;1
S20254;1331;69;106700;106730;0
S20254;1331;13;106730;106735;0
S20254;1331;12;106735;106740;0
S20254;1331;11;106740;106745;0
S20254;1331;10;106745;106750;0
S20254;1331;9;106750;106755;0
S20254;1331;8;106755;106760;0
S20254;1331;7;106760;106765;0
S20254;1331;6;106765;106770;0
S20254;1331;5;106770;106775;0
S20254;1331;4;106775;106780;0
S20254;1331;3;106780;106785;0
S20254;1331;2;106785;106790;0
S20254;1331;1;106790;106810;0
S20254;1332;0;102520;102520;1
S20254;1332;1;104010;104030;1
S20254;1332;2;104030;104035;1
S20254;1332;3;104035;104040;1
S20254;1332;4;104040;104045;1
S20254;1332;5;104045;104050;1
S20254;1332;6;104050;104055;1
S20254;1332;43;104055;104090;1
S20254;1332;43;105715;105725;0
S20254;1332;6;105725;105730;0
S20254;1332;5;105730;105735;0
S20254;1332;4;105735;105740;0
S20254;1332;3;105740;105745;0
S20254;1332;2;105745;105750;0
S20254;1332;1;105750;105770;0
S20254;1333;0;102585;102585;1
S20254;1333;1;102675;102695;1
S20254;1333;2;102695;102700;1
S20254;1333;3;102700;102705;1
S20254;1333;4;102705;102710;1
S20254;1333;5;102710;102715;1
S20254;1333;31;102715;102750;1
S20254;1333;31;103580;103610;0
S20254;1333;5;103610;103615;0
S20254;1333;4;103615;103620;0
S20254;1333;3;103620;103625;0
S20254;1333;2;103625;103630;0
S20254;1333;1;103630;103650;0
S20254;1334;0;102620;102620;1
S20254;1334;1;102660;102680;1
S20254;1334;2;102680;102685;1
S20254;1334;3;102685;102690;1
S20254;1334;4;102690;102695;1
S20254;1334;5;102695;102700;1
S20254;1334;6;102700;102705;1
S20254;1334;39;102705;102740;1
S20254;1334;39;103410;103420;0
S20254;1334;6;103420;103425;0
S20254;1334;5;103425;103430;0
S20254;1334;4;103430;103435;0
S20254;1334;3;103435;103440;0
S20254;1334;2;103440;103445;0
S20254;1334;1;103445;103465;0
S20254;1335;0;102640;102640;1
S20254;1335;1;102640;102660;1
S20254;1335;2;102660;102665;1
S20254;1335;3;102665;102670;1
S20254;1335;4;102670;102675;1
S20254;1335;5;102675;102680;1
S20254;1335;34;102680;102695;1
S20254;1335;34;103875;103905;0
S20254;1335;5;103905;103910;0
S20254;1335;4;103910;103915;0
S20254;1335;3;103915;103920;0
S20254;1335;2;103920;103925;0
S20254;1335;1;103925;103945;0
S20254;1336;0;102710;102710;1
S20254;1336;1;102720;102740;1
S20254;1336;2;102740;102745;1
S20254;1336;3;102745;102750;1
S20254;1336;4;102750;102755;1
S20254;1336;5;102755;102760;1
S20254;1336;6;102760;102765;1
S20254;1336;43;102765;102800;1
S20254;1336;43;103845;103855;0
S20254;1336;6;103855;103860;0
S20254;1336;5;103860;103865;0
S20254;1336;4;103865;103870;0
S20254;1336;3;103870;103875;0
S20254;1336;2;103875;103880;0
S20254;1336;1;103880;103900;0
S20254;1338;0;102780;102780;1
S20254;1338;1;102905;102925;1
S20254;1338;2;102925;102930;1
S20254;1338;3;102930;102935;1
S20254;1338;20;102935;102970;1
S20254;1338;20;107710;107720;0
S20254;1338;3;107720;107725;0
S20254;1338;2;107725;107730;0
S20254;1338;1;107730;107750;0
S20254;1339;0;102835;102835;1
S20254;1339;1;106485;106505;1
S20254;1339;2;106505;106510;1
S20254;1339;3;106510;106515;1
S20254;1339;4;106515;106520;1
S20254;1339;5;106520;106525;1
S20254;1339;34;106525;106540;1
S20254;1339;34;108840;108870;0
S20254;1339;5;108870;108875;0
S20254;1339;4;108875;108880;0
S20254;1339;3;108880;108885;0
S20254;1339;2;108885;108890;0
S20254;1339;1;108890;108910;0
S20254;1340;0;102890;102890;1
S20254;1340;1;102890;102910;1
S20254;1340;2;102910;102915;1
S20254;1340;3;102915;102920;1
S20254;1340;4;102920;102925;1
S20254;1340;5;102925;102930;1
S20254;1340;35;102930;102945;1
S20254;1340;35;105045;105075;0
S20254;1340;5;105075;105080;0
S20254;1340;4;105080;105085;0
S20254;1340;3;105085;105090;0
S20254;1340;2;105090;105095;0
S20254;1340;1;105095;105115;0
S20254;1341;0;102920;102920;1
S20254;1341;1;108045;108065;1
S20254;1341;2;108065;108070;1
S20254;1341;3;108070;108075;1
S20254;1341;4;108075;108080;1
S20254;1341;5;108080;108085;1
S20254;1341;6;108085;108090;1
S20254;1341;40;108090;108125;1
S20254;1341;40;112510;112520;0
S20254;1341;6;112520;112525;0
S20254;1341;5;112525;112530;0
S20254;1341;4;112530;112535;0
S20254;1341;3;112535;112540;0
S20254;1341;2;112540;112545;0
S20254;1341;1;112545;112565;0
S20254;1342;0;102960;102960;1
S20254;1342;1;102960;102980;1
S20254;1342;2;102980;102985;1
S20254;1342;3;102985;102990;1
S20254;1342;21;102990;103005;1
S20254;1342;21;104645;104675;0
S20254;1342;3;104675;104680;0
S20254;1342;2;104680;104685;0
S20254;1342;1;104685;104705;0
S20254;1343;0;103500;103500;1
S20254;1343;1;103500;103520;1
S20254;1343;2;103520;103525;1
S20254;1343;3;103525;103530;1
S20254;1343;4;103530;103535;1
S20254;1343;5;103535;103540;1
S20254;1343;36;103540;103575;1
S20254;1343;36;104940;104950;0
S20254;1343;5;104950;104955;0
S20254;1343;4;104955;104960;0
S20254;1343;3;104960;104965;0
S20254;1343;2;104965;104970;0
S20254;1343;1;104970;104990;0
S20254;1344;0;103650;103650;1
S20254;1344;1;126665;126685;1
S20254;1344;2;126685;126690;1
S20254;1344;3;126690;126695;1
S20254;1344;4;126695;126700;1
S20254;1344;5;126700;126705;1
S20254;1344;6;126705;126710;1
S20254;1344;7;126710;126715;1
S20254;1344;8;126715;126720;1
S20254;1344;9;126720;126725;1
S20254;1344;10;126725;126730;1
S20254;1344;11;126730;126735;1
S20254;1344;12;126735;126740;1
S20254;1344;13;126740;126745;1
S20254;1344;69;126745;126780;1
S20254;1344;69;129060;129070;0
S20254;1344;13;129070;129075;0
S20254;1344;12;129075;129080;0
S20254;1344;11;129080;129085;0
S20254;1344;10;129085;129090;0
S20254;1344;9;129090;129095;0
S20254;1344;8;129095;129100;0
S20254;1344;7;129100;129105;0
S20254;1344;6;129105;129110;0
S20254;1344;5;129110;129115;0
S20254;1344;4;129115;129120;0
S20254;1344;3;129120;129125;0
S20254;1344;2;129125;129130;0
S20254;1344;1;129130;129150;0
S20254;1345;0;104025;104025;1
S20254;1345;1;104025;104045;1
S20254;1345;2;104045;104050;1
S20254;1345;3;104050;104055;1
S20254;1345;4;104055;104060;1
S20254;1345;5;104060;104065;1
S20254;1345;31;104065;104100;1
S20254;1345;31;104825;104855;0
S20254;1345;5;104855;104860;0
S20254;1345;4;104860;104865;0
S20254;1345;3;104865;104870;0
S20254;1345;2;104870;104875;0
S20254;1345;1;104875;104895;0
S20254;1347;0;104050;104050;1
S20254;1347;1;116655;116675;1
S20254;1347;2;116675;116680;1
S20254;1347;3;116680;116685;1
S20254;1347;17;116685;116720;1
S20254;1347;17;118905;118915;0
S20254;1347;3;118915;118920;0
S20254;1347;2;118920;118925;0
S20254;1347;1;118925;118945;0
S20254;1348;0;104065;104065;1
S20254;1348;1;105135;105155;1
S20254;1348;2;105155;105160;1
S20254;1348;3;105160;105165;1
S20254;1348;17;105165;105200;1
S20254;1348;17;109490;109500;0
S20254;1348;3;109500;109505;0
S20254;1348;2;109505;109510;0
S20254;1348;1;109510;109530;0
S20254;1349;0;104070;104070;1
S20254;1349;1;104080;104100;1
S20254;1349;2;104100;104105;1
S20254;1349;3;104105;104110;1
S20254;1349;4;104110;104115;1
S20254;1349;5;104115;104120;1
S20254;1349;6;104120;104125;1
S20254;1349;7;104125;104130;1
S20254;1349;8;104130;104135;1
S20254;1349;9;104135;104140;1
S20254;1349;10;104140;104145;1
S20254;1349;53;104145;104160;1
S20254;1349;53;105300;105330;0
S20254;1349;10;105330;105335;0
S20254;1349;9;105335;105340;0
S20254;1349;8;105340;105345;0
S20254;1349;7;105345;105350;0
S20254;1349;6;105350;105355;0
S20254;1349;5;105355;105360;0
S20254;1349;4;105360;105365;0
S20254;1349;3;105365;105370;0
S20254;1349;2;105370;105375;0
S20254;1349;1;105375;105395;0
S20254;1350;0;104200;104200;1
S20254;1350;1;108080;108100;1
S20254;1350;2;108100;108105;1
S20254;1350;3;108105;108110;1
S20254;1350;4;108110;108115;1
S20254;1350;24;108115;108150;1
S20254;1350;24;113880;113890;0
S20254;1350;4;113890;113895;0
S20254;1350;3;113895;113900;0
S20254;1350;2;113900;113905;0
S20254;1350;1;113905;113925;0
S20254;1351;0;104205;104205;1
S20254;1351;1;114130;114150;1
S20254;1351;2;114150;114155;1
S20254;1351;3;114155;114160;1
S20254;1351;4;114160;114165;1
S20254;1351;22;114165;114200;1
S20254;1351;22;122665;122675;0
S20254;1351;4;122675;122680;0
S20254;1351;3;122680;122685;0
S20254;1351;2;122685;122690;0
S20254;1351;1;122690;122710;0
S20254;1352;0;104220;104220;1
S20254;1352;1;104250;104270;1
S20254;1352;2;104270;104275;1
S20254;1352;3;104275;104280;1
S20254;1352;4;104280;104285;1
S20254;1352;5;104285;104290;1
S20254;1352;6;104290;104295;1
S20254;1352;7;104295;104300;1
S20254;1352;8;104300;104305;1
S20254;1352;9;104305;104310;1
S20254;1352;10;104310;104315;1
S20254;1352;11;104315;104320;1
S20254;1352;12;104320;104325;1
S20254;1352;13;104325;104330;1
S20254;1352;68;104330;104365;1
S20254;1352;68;108575;108585;0
S20254;1352;13;108585;108590;0
S20254;1352;12;108590;108595;0
S20254;1352;11;108595;108600;0
S20254;1352;10;108600;108605;0
S20254;1352;9;108605;108610;0
S20254;1352;8;108610;108615;0
S20254;1352;7;108615;108620;0
S20254;1352;6;108620;108625;0
S20254;1352;5;108625;108630;0
S20254;1352;4;108630;108635;0
S20254;1352;3;108635;108640;0
S20254;1352;2;108640;108645;0
S20254;1352;1;108645;108665;0
S20254;1353;0;104280;104280;1
S20254;1353;1;114575;114595;1
S20254;1353;2;114595;114600;1
S20254;1353;3;114600;114605;1
S20254;1353;17;114605;114640;1
S20254;1353;17;116375;116385;0
S20254;1353;3;116385;116390;0
S20254;1353;2;116390;116395;0
S20254;1353;1;116395;116415;0
S20254;1354;0;104340;104340;1
S20254;1354;1;104340;104360;1
S20254;1354;2;104360;104365;1
S20254;1354;3;104365;104370;1
S20254;1354;4;104370;104375;1
S20254;1354;5;104375;104380;1
S20254;1354;33;104380;104395;1
S20254;1354;33;105830;105860;0
S20254;1354;5;105860;105865;0
S20254;1354;4;105865;105870;0
S20254;1354;3;105870;105875;0
S20254;1354;2;105875;105880;0
S20254;1354;1;105880;105900;0
S20254;1355;0;104370;104370;1
S20254;1355;1;106325;106345;1
S20254;1355;2;106345;106350;1
S20254;1355;3;106350;106355;1
S20254;1355;4;106355;106360;1
S20254;1355;5;106360;106365;1
S20254;1355;6;106365;106370;1
S20254;1355;43;106370;106405;1
S20254;1355;43;107590;107600;0
S20254;1355;6;107600;107605;0
S20254;1355;5;107605;107610;0
S20254;1355;4;107610;107615;0
S20254;1355;3;107615;107620;0
S20254;1355;2;107620;107625;0
S20254;1355;1;107625;107645;0
S20254;1357;0;104400;104400;1
S20254;1357;1;104425;104445;1
S20254;1357;2;104445;104450;1
S20254;1357;3;104450;104455;1
S20254;1357;4;104455;104460;1
S20254;1357;5;104460;104465;1
S20254;1357;6;104465;104470;1
S20254;1357;7;104470;104475;1
S20254;1357;8;104475;104480;1
S20254;1357;48;104480;104515;1
S20254;1357;48;108805;108815;0
S20254;1357;8;108815;108820;0
S20254;1357;7;108820;108825;0
S20254;1357;6;108825;108830;0
S20254;1357;5;108830;108835;0
S20254;1357;4;108835;108840;0
S20254;1357;3;108840;108845;0
S20254;1357;2;108845;108850;0
S20254;1357;1;108850;108870;0
S20254;1358;0;104640;104640;1
S20254;1358;1;117990;118010;1
S20254;1358;2;118010;118015;1
S20254;1358;3;118015;118020;1
S20254;1358;4;118020;118025;1
S20254;1358;5;118025;118030;1
S20254;1358;27;118030;118045;1
S20254;1358;27;124680;124710;0
S20254;1358;5;124710;124715;0
S20254;1358;4;124715;124720;0
S20254;1358;3;124720;124725;0
S20254;1358;2;124725;124730;0
S20254;1358;1;124730;124750;0
S20254;1360;0;104730;104730;1
S20254;1360;1;104730;104750;1
S20254;1360;2;104750;104755;1
S20254;1360;3;104755;104760;1
S20254;1360;4;104760;104765;1
S20254;1360;5;104765;104770;1
S20254;1360;34;104770;104785;1
S20254;1360;34;106410;106440;0
S20254;1360;5;106440;106445;0
S20254;1360;4;106445;106450;0
S20254;1360;3;106450;106455;0
S20254;1360;2;106455;106460;0
S20254;1360;1;106460;106480;0
S20254;1361;0;104805;104805;1
S20254;1361;1;126045;126065;1
S20254;1361;2;126065;126070;1
S20254;1361;3;126070;126075;1
S20254;1361;4;126075;126080;1
S20254;1361;5;126080;126085;1
S20254;1361;6;126085;126090;1
S20254;1361;7;126090;126095;1
S20254;1361;45;126095;126130;1
S20254;1361;45;127720;127730;0
S20254;1361;7;127730;127735;0
S20254;1361;6;127735;127740;0
S20254;1361;5;127740;127745;0
S20254;1361;4;127745;127750;0
S20254;1361;3;127750;127755;0
S20254;1361;2;127755;127760;0
S20254;1361;1;127760;127780;0
S20254;1362;0;104840;104840;1
S20254;1362;1;105775;105795;1
S20254;1362;2;105795;105800;1
S20254;1362;3;105800;105805;1
S20254;1362;4;105805;105810;1
S20254;1362;5;105810;105815;1
S20254;1362;6;105815;105820;1
S20254;1362;43;105820;105835;1
S20254;1362;43;106195;106225;0
S20254;1362;6;106225;106230;0
S20254;1362;5;106230;106235;0
S20254;1362;4;106235;106240;0
S20254;1362;3;106240;106245;0
S20254;1362;2;106245;106250;0
S20254;1362;1;106250;106270;0
S20254;1363;0;104890;104890;1
S20254;1363;1;113825;113845;1
S20254;1363;2;113845;113850;1
S20254;1363;3;113850;113855;1
S20254;1363;4;113855;113860;1
S20254;1363;5;113860;113865;1
S20254;1363;33;113865;113880;1
S20254;1363;33;114995;115025;0
S20254;1363;5;115025;115030;0
S20254;1363;4;115030;115035;0
S20254;1363;3;115035;115040;0
S20254;1363;2;115040;115045;0
S20254;1363;1;115045;115065;0
S20254;1364;0;104915;104915;1
S20254;1364;1;104945;104965;1
S20254;1364;2;104965;104970;1
S20254;1364;3;104970;104975;1
S20254;1364;4;104975;104980;1
S20254;1364;5;104980;104985;1
S20254;1364;6;104985;104990;1
S20254;1364;7;104990;104995;1
S20254;1364;8;104995;105000;1
S20254;1364;9;105000;105005;1
S20254;1364;10;105005;105010;1
S20254;1364;11;105010;105015;1
S20254;1364;12;105015;105020;1
S20254;1364;13;105020;105025;1
S20254;1364;70;105025;105060;1
S20254;1364;70;107900;107910;0
S20254;1364;13;107910;107915;0
S20254;1364;12;107915;107920;0
S20254;1364;11;107920;107925;0
S20254;1364;10;107925;107930;0
S20254;1364;9;107930;107935;0
S20254;1364;8;107935;107940;0
S20254;1364;7;107940;107945;0
S20254;1364;6;107945;107950;0
S20254;1364;5;107950;107955;0
S20254;1364;4;107955;107960;0
S20254;1364;3;107960;107965;0
S20254;1364;2;107965;107970;0
S20254;1364;1;107970;107990;0
S20254;1365;0;105260;105260;1
S20254;1365;1;106050;106070;1
S20254;1365;2;106070;106075;1
S20254;1365;3;106075;106080;1
S20254;1365;4;106080;106085;1
S20254;1365;5;106085;106090;1
S20254;1365;6;106090;106095;1
S20254;1365;7;106095;106100;1
S20254;1365;8;106100;106105;1
S20254;1365;9;106105;106110;1
S20254;1365;10;106110;106115;1
S20254;1365;11;106115;106120;1
S20254;1365;57;106120;106135;1
S20254;1365;57;109795;109825;0
S20254;1365;11;109825;109830;0
S20254;1365;10;109830;109835;0
S20254;1365;9;109835;109840;0
S20254;1365;8;109840;109845;0
S20254;1365;7;109845;109850;0
S20254;1365;6;109850;109855;0
S20254;1365;5;109855;109860;0
S20254;1365;4;109860;109865;0
S20254;1365;3;109865;109870;0
S20254;1365;2;109870;109875;0
S20254;1365;1;109875;109895;0
S20254;1366;0;105430;105430;1
S20254;1366;1;105430;105450;1
S20254;1366;2;105450;105455;1
S20254;1366;3;105455;105460;1
S20254;1366;4;105460;105465;1
S20254;1366;5;105465;105470;1
S20254;1366;36;105470;105485;1
S20254;1366;36;107130;107160;0
S20254;1366;5;107160;107165;0
S20254;1366;4;107165;107170;0
S20254;1366;3;107170;107175;0
S20254;1366;2;107175;107180;0
S20254;1366;1;107180;107200;0
S20254;1367;0;105450;105450;1
S20254;1367;1;105450;105470;1
S20254;1367;2;105470;105475;1
S20254;1367;3;105475;105480;1
S20254;1367;4;105480;105485;1
S20254;1367;5;105485;105490;1
S20254;1367;6;105490;105495;1
S20254;1367;7;105495;105500;1
S20254;1367;8;105500;105505;1
S20254;1367;9;105505;105510;1
S20254;1367;10;105510;105515;1
S20254;1367;11;105515;105520;1
S20254;1367;12;105520;105525;1
S20254;1367;66;105525;105560;1
S20254;1367;66;106960;106970;0
S20254;1367;12;106970;106975;0
S20254;1367;11;106975;106980;0
S20254;1367;10;106980;106985;0
S20254;1367;9;106985;106990;0
S20254;1367;8;106990;106995;0
S20254;1367;7;106995;107000;0
S20254;1367;6;107000;107005;0
S20254;1367;5;107005;107010;0
S20254;1367;4;107010;107015;0
S20254;1367;3;107015;107020;0
S20254;1367;2;107020;107025;0
S20254;1367;1;107025;107045;0
S20254;1368;0;105480;105480;1
S20254;1368;1;105480;105500;1
S20254;1368;2;105500;105505;1
S20254;1368;3;105505;105510;1
S20254;1368;4;105510;105515;1
S20254;1368;5;105515;105520;1
S20254;1368;6;105520;105525;1
S20254;1368;38;105525;105560;1
S20254;1368;38;106230;106240;0
S20254;1368;6;106240;106245;0
S20254;1368;5;106245;106250;0
S20254;1368;4;106250;106255;0
S20254;1368;3;106255;106260;0
S20254;1368;2;106260;106265;0
S20254;1368;1;106265;106285;0
S20254;1369;0;105510;105510;1
S20254;1369;1;105510;105530;1
S20254;1369;2;105530;105535;1
S20254;1369;3;105535;105540;1
S20254;1369;4;105540;105545;1
S20254;1369;5;105545;105550;1
S20254;1369;31;105550;105585;1
S20254;1369;31;106375;106405;0
S20254;1369;5;106405;106410;0
S20254;1369;4;106410;106415;0
S20254;1369;3;106415;106420;0
S20254;1369;2;106420;106425;0
S20254;1369;1;106425;106445;0
S20254;1370;0;105620;105620;1
S20254;1370;1;105625;105645;1
S20254;1370;2;105645;105650;1
S20254;1370;3;105650;105655;1
S20254;1370;4;105655;105660;1
S20254;1370;5;105660;105665;1
S20254;1370;6;105665;105670;1
S20254;1370;7;105670;105675;1
S20254;1370;8;105675;105680;1
S20254;1370;9;105680;105685;1
S20254;1370;10;105685;105690;1
S20254;1370;53;105690;105705;1
S20254;1370;53;107065;107095;0
S20254;1370;10;107095;107100;0
S20254;1370;9;107100;107105;0
S20254;1370;8;107105;107110;0
S20254;1370;7;107110;107115;0
S20254;1370;6;107115;107120;0
S20254;1370;5;107120;107125;0
S20254;1370;4;107125;107130;0
S20254;1370;3;107130;107135;0
S20254;1370;2;107135;107140;0
S20254;1370;1;107140;107160;0
S20254;1371;0;105660;105660;1
S20254;1371;1;106070;106090;1
S20254;1371;2;106090;106095;1
S20254;1371;3;106095;106100;1
S20254;1371;4;106100;106105;1
S20254;1371;5;106105;106110;1
S20254;1371;6;106110;106115;1
S20254;1371;7;106115;106120;1
S20254;1371;8;106120;106125;1
S20254;1371;9;106125;106130;1
S20254;1371;10;106130;106135;1
S20254;1371;11;106135;106140;1
S20254;1371;61;106140;106155;1
S20254;1371;61;109885;109915;0
S20254;1371;11;109915;109920;0
S20254;1371;10;109920;109925;0
S20254;1371;9;109925;109930;0
S20254;1371;8;109930;109935;0
S20254;1371;7;109935;109940;0
S20254;1371;6;109940;109945;0
S20254;1371;5;109945;109950;0
S20254;1371;4;109950;109955;0
S20254;1371;3;109955;109960;0
S20254;1371;2;109960;109965;0
S20254;1371;1;109965;109985;0
S20254;1372;0;105675;105675;1
S20254;1372;1;123365;123385;1
S20254;1372;2;123385;123390;1
S20254;1372;3;123390;123395;1
S20254;1372;4;123395;123400;1
S20254;1372;5;123400;123405;1
S20254;1372;6;123405;123410;1
S20254;1372;7;123410;123415;1
S20254;1372;8;123415;123420;1
S20254;1372;9;123420;123425;1
S20254;1372;10;123425;123430;1
S20254;1372;11;123430;123435;1
S20254;1372;12;123435;123440;1
S20254;1372;13;123440;123445;1
S20254;1372;70;123445;123460;1
S20254;1372;70;126335;126365;0
S20254;1372;13;126365;126370;0
S20254;1372;12;126370;126375;0
S20254;1372;11;126375;126380;0
S20254;1372;10;126380;126385;0
S20254;1372;9;126385;126390;0
S20254;1372;8;126390;126395;0
S20254;1372;7;126395;126400;0
S20254;1372;6;126400;126405;0
S20254;1372;5;126405;126410;0
S20254;1372;4;126410;126415;0
S20254;1372;3;126415;126420;0
S20254;1372;2;126420;126425;0
S20254;1372;1;126425;126445;0
S20254;1373;0;105760;105760;1
S20254;1373;1;105790;105810;1
S20254;1373;2;105810;105815;1
S20254;1373;3;105815;105820;1
S20254;1373;4;105820;105825;1
S20254;1373;5;105825;105830;1
S20254;1373;33;105830;105845;1
S20254;1373;33;106700;106730;0
S20254;1373;5;106730;106735;0
S20254;1373;4;106735;106740;0
S20254;1373;3;106740;106745;0
S20254;1373;2;106745;106750;0
S20254;1373;1;106750;106770;0
S20254;1374;0;105800;105800;1
S20254;1374;1;105905;105925;1
S20254;1374;2;105925;105930;1
S20254;1374;3;105930;105935;1
S20254;1374;4;105935;105940;1
S20254;1374;5;105940;105945;1
S20254;1374;35;105945;105960;1
S20254;1374;35;106895;106925;0
S20254;1374;5;106925;106930;0
S20254;1374;4;106930;106935;0
S20254;1374;3;106935;106940;0
S20254;1374;2;106940;106945;0
S20254;1374;1;106945;106965;0
S20254;1375;0;105810;105810;1
S20254;1375;1;106660;106680;1
S20254;1375;2;106680;106685;1
S20254;1375;3;106685;106690;1
S20254;1375;4;106690;106695;1
S20254;1375;5;106695;106700;1
S20254;1375;33;106700;106715;1
S20254;1375;33;107345;107375;0
S20254;1375;5;107375;107380;0
S20254;1375;4;107380;107385;0
S20254;1375;3;107385;107390;0
S20254;1375;2;107390;107395;0
S20254;1375;1;107395;107415;0
S20254;1376;0;105820;105820;1
S20254;1376;1;105935;105955;1
S20254;1376;84;105955;105990;1
S20254;1376;84;110415;110425;0
S20254;1376;1;110425;110445;0
S20254;1377;0;105855;105855;1
S20254;1377;1;106850;106870;1
S20254;1377;2;106870;106875;1
S20254;1377;3;106875;106880;1
S20254;1377;4;106880;106885;1
S20254;1377;26;106885;106920;1
S20254;1377;26;109385;109395;0
S20254;1377;4;109395;109400;0
S20254;1377;3;109400;109405;0
S20254;1377;2;109405;109410;0
S20254;1377;1;109410;109430;0
S20254;1378;0;105880;105880;1
S20254;1378;1;106120;106140;1
S20254;1378;2;106140;106145;1
S20254;1378;3;106145;106150;1
S20254;1378;4;106150;106155;1
S20254;1378;5;106155;106160;1
S20254;1378;6;106160;106165;1
S20254;1378;7;106165;106170;1
S20254;1378;8;106170;106175;1
S20254;1378;9;106175;106180;1
S20254;1378;10;106180;106185;1
S20254;1378;11;106185;106190;1
S20254;1378;12;106190;106195;1
S20254;1378;13;106195;106200;1
S20254;1378;67;106200;106215;1
S20254;1378;67;112000;112030;0
S20254;1378;13;112030;112035;0
S20254;1378;12;112035;112040;0
S20254;1378;11;112040;112045;0
S20254;1378;10;112045;112050;0
S20254;1378;9;112050;112055;0
S20254;1378;8;112055;112060;0
S20254;1378;7;112060;112065;0
S20254;1378;6;112065;112070;0
S20254;1378;5;112070;112075;0
S20254;1378;4;112075;112080;0
S20254;1378;3;112080;112085;0
S20254;1378;2;112085;112090;0
S20254;1378;1;112090;112110;0
S20254;1380;0;106140;106140;1
S20254;1380;1;107650;107670;1
S20254;1380;2;107670;107675;1
S20254;1380;3;107675;107680;1
S20254;1380;4;107680;107685;1
S20254;1380;5;107685;107690;1
S20254;1380;6;107690;107695;1
S20254;1380;43;107695;107730;1
S20254;1380;43;108955;108965;0
S20254;1380;6;108965;108970;0
S20254;1380;5;108970;108975;0
S20254;1380;4;108975;108980;0
S20254;1380;3;108980;108985;0
S20254;1380;2;108985;108990;0
S20254;1380;1;108990;109010;0
S20254;1381;0;106290;106290;1
S20254;1381;1;106310;106330;1
S20254;1381;2;106330;106335;1
S20254;1381;3;106335;106340;1
S20254;1381;4;106340;106345;1
S20254;1381;5;106345;106350;1
S20254;1381;6;106350;106355;1
S20254;1381;7;106355;106360;1
S20254;1381;8;106360;106365;1
S20254;1381;9;106365;106370;1
S20254;1381;10;106370;106375;1
S20254;1381;52;106375;106410;1
S20254;1381;52;106905;106915;0
S20254;1381;10;106915;106920;0
S20254;1381;9;106920;106925;0
S20254;1381;8;106925;106930;0
S20254;1381;7;106930;106935;0
S20254;1381;6;106935;106940;0
S20254;1381;5;106940;106945;0
S20254;1381;4;106945;106950;0
S20254;1381;3;106950;106955;0
S20254;1381;2;106955;106960;0
S20254;1381;1;106960;106980;0
S20254;1382;0;106395;106395;1
S20254;1382;1;106615;106635;1
S20254;1382;2;106635;106640;1
S20254;1382;3;106640;106645;1
S20254;1382;4;106645;106650;1
S20254;1382;5;106650;106655;1
S20254;1382;6;106655;106660;1
S20254;1382;7;106660;106665;1
S20254;1382;8;106665;106670;1
S20254;1382;9;106670;106675;1
S20254;1382;10;106675;106680;1
S20254;1382;11;106680;106685;1
S20254;1382;62;106685;106700;1
S20254;1382;62;112395;112425;0
S20254;1382;11;112425;112430;0
S20254;1382;10;112430;112435;0
S20254;1382;9;112435;112440;0
S20254;1382;8;112440;112445;0
S20254;1382;7;112445;112450;0
S20254;1382;6;112450;112455;0
S20254;1382;5;112455;112460;0
S20254;1382;4;112460;112465;0
S20254;1382;3;112465;112470;0
S20254;1382;2;112470;112475;0
S20254;1382;1;112475;112495;0
S20254;1383;0;106460;106460;1
S20254;1383;1;106500;106520;1
S20254;1383;83;106520;106555;1
S20254;1383;83;107475;107485;0
S20254;1383;1;107485;107505;0
S20254;1384;0;106570;106570;1
S20254;1384;1;106645;106665;1
S20254;1384;2;106665;106670;1
S20254;1384;3;106670;106675;1
S20254;1384;4;106675;106680;1
S20254;1384;5;106680;106685;1
S20254;1384;6;106685;106690;1
S20254;1384;39;106690;106725;1
S20254;1384;39;109820;109830;0
S20254;1384;6;109830;109835;0
S20254;1384;5;109835;109840;0
S20254;1384;4;109840;109845;0
S20254;1384;3;109845;109850;0
S20254;1384;2;109850;109855;0
S20254;1384;1;109855;109875;0
S20254;1385;0;106830;106830;1
S20254;1385;1;106835;106855;1
S20254;1385;2;106855;106860;1
S20254;1385;3;106860;106865;1
S20254;1385;4;106865;106870;1
S20254;1385;5;106870;106875;1
S20254;1385;6;106875;106880;1
S20254;1385;7;106880;106885;1
S20254;1385;8;106885;106890;1
S20254;1385;9;106890;106895;1
S20254;1385;10;106895;106900;1
S20254;1385;52;106900;106915;1
S20254;1385;52;109475;109505;0
S20254;1385;10;109505;109510;0
S20254;1385;9;109510;109515;0
S20254;1385;8;109515;109520;0
S20254;1385;7;109520;109525;0
S20254;1385;6;109525;109530;0
S20254;1385;5;109530;109535;0
S20254;1385;4;109535;109540;0
S20254;1385;3;109540;109545;0
S20254;1385;2;109545;109550;0
S20254;1385;1;109550;109570;0
S20254;1386;0;106860;106860;1
S20254;1386;1;107205;107225;1
S20254;1386;2;107225;107230;1
S20254;1386;3;107230;107235;1
S20254;1386;4;107235;107240;1
S20254;1386;5;107240;107245;1
S20254;1386;6;107245;107250;1
S20254;1386;7;107250;107255;1
S20254;1386;8;107255;107260;1
S20254;1386;9;107260;107265;1
S20254;1386;10;107265;107270;1
S20254;1386;11;107270;107275;1
S20254;1386;12;107275;107280;1
S20254;1386;66;107280;107315;1
S20254;1386;66;109755;109765;0
S20254;1386;12;109765;109770;0
S20254;1386;11;109770;109775;0
S20254;1386;10;109775;109780;0
S20254;1386;9;109780;109785;0
S20254;1386;8;109785;109790;0
S20254;1386;7;109790;109795;0
S20254;1386;6;109795;109800;0
S20254;1386;5;109800;109805;0
S20254;1386;4;109805;109810;0
S20254;1386;3;109810;109815;0
S20254;1386;2;109815;109820;0
S20254;1386;1;109820;109840;0
S20254;1387;0;107005;107005;1
S20254;1387;1;115560;115580;1
S20254;1387;2;115580;115585;1
S20254;1387;3;115585;115590;1
S20254;1387;19;115590;115625;1
S20254;1387;19;122335;122345;0
S20254;1387;3;122345;122350;0
S20254;1387;2;122350;122355;0
S20254;1387;1;122355;122375;0
S20254;1388;0;107120;107120;1
S20254;1388;1;115200;115220;1
S20254;1388;2;115220;115225;1
S20254;1388;3;115225;115230;1
S20254;1388;4;115230;115235;1
S20254;1388;5;115235;115240;1
S20254;1388;6;115240;115245;1
S20254;1388;7;115245;115250;1
S20254;1388;8;115250;115255;1
S20254;1388;9;115255;115260;1
S20254;1388;10;115260;115265;1
S20254;1388;11;115265;115270;1
S20254;1388;12;115270;115275;1
S20254;1388;13;115275;115280;1
S20254;1388;14;115280;115285;1
S20254;1388;15;115285;115290;1
S20254;1388;16;115290;115305;1
S20254;1388;75;115305;115350;1
S20254;1388;75;126265;126275;0
S20254;1388;16;126275;126290;0
S20254;1388;15;126290;126295;0
S20254;1388;14;126295;126300;0
S20254;1388;13;126300;126305;0
S20254;1388;12;126305;126310;0
S20254;1388;11;126310;126315;0
S20254;1388;10;126315;126320;0
S20254;1388;9;126320;126325;0
S20254;1388;8;126325;126330;0
S20254;1388;7;126330;126335;0
S20254;1388;6;126335;126340;0
S20254;1388;5;126340;126345;0
S20254;1388;4;126345;126350;0
S20254;1388;3;126350;126355;0
S20254;1388;2;126355;126360;0
S20254;1388;1;126360;126380;0
S20254;1389;0;107220;107220;1
S20254;1389;1;108685;108705;1
S20254;1389;2;108705;108710;1
S20254;1389;3;108710;108715;1
S20254;1389;4;108715;108720;1
S20254;1389;5;108720;108725;1
S20254;1389;6;108725;108730;1
S20254;1389;7;108730;108735;1
S20254;1389;8;108735;108740;1
S20254;1389;9;108740;108745;1
S20254;1389;10;108745;108750;1
S20254;1389;11;108750;108755;1
S20254;1389;12;108755;108760;1
S20254;1389;13;108760;108765;1
S20254;1389;68;108765;108780;1
S20254;1389;68;113420;113450;0
S20254;1389;13;113450;113455;0
S20254;1389;12;113455;113460;0
S20254;1389;11;113460;113465;0
S20254;1389;10;113465;113470;0
S20254;1389;9;113470;113475;0
S20254;1389;8;113475;113480;0
S20254;1389;7;113480;113485;0
S20254;1389;6;113485;113490;0
S20254;1389;5;113490;113495;0
S20254;1389;4;113495;113500;0
S20254;1389;3;113500;113505;0
S20254;1389;2;113505;113510;0
S20254;1389;1;113510;113530;0
S20254;1390;0;107220;107220;1
S20254;1390;1;107230;107250;1
S20254;1390;2;107250;107255;1
S20254;1390;3;107255;107260;1
S20254;1390;4;107260;107265;1
S20254;1390;5;107265;107270;1
S20254;1390;6;107270;107275;1
S20254;1390;7;107275;107280;1
S20254;1390;8;107280;107285;1
S20254;1390;9;107285;107290;1
S20254;1390;10;107290;107295;1
S20254;1390;53;107295;107310;1
S20254;1390;53;108520;108550;0
S20254;1390;10;108550;108555;0
S20254;1390;9;108555;108560;0
S20254;1390;8;108560;108565;0
S20254;1390;7;108565;108570;0
S20254;1390;6;108570;108575;0
S20254;1390;5;108575;108580;0
S20254;1390;4;108580;108585;0
S20254;1390;3;108585;108590;0
S20254;1390;2;108590;108595;0
S20254;1390;1;108595;108615;0
S20254;1391;0;107245;107245;1
S20254;1391;1;115395;115415;1
S20254;1391;2;115415;115420;1
S20254;1391;3;115420;115425;1
S20254;1391;18;115425;115460;1
S20254;1391;18;125030;125040;0
S20254;1391;3;125040;125045;0
S20254;1391;2;125045;125050;0
S20254;1391;1;125050;125070;0
S20254;1392;0;107340;107340;1
S20254;1392;1;121890;121910;1
S20254;1392;2;121910;121915;1
S20254;1392;3;121915;121920;1
S20254;1392;4;121920;121925;1
S20254;1392;5;121925;121930;1
S20254;1392;6;121930;121935;1
S20254;1392;7;121935;121940;1
S20254;1392;8;121940;121945;1
S20254;1392;9;121945;121950;1
S20254;1392;10;121950;121955;1
S20254;1392;11;121955;121960;1
S20254;1392;12;121960;121965;1
S20254;1392;13;121965;121970;1
S20254;1392;70;121970;122005;1
S20254;1392;70;123270;123280;0
S20254;1392;13;123280;123285;0
S20254;1392;12;123285;123290;0
S20254;1392;11;123290;123295;0
S20254;1392;10;123295;123300;0
S20254;1392;9;123300;123305;0
S20254;1392;8;123305;123310;0
S20254;1392;7;123310;123315;0
S20254;1392;6;123315;123320;0
S20254;1392;5;123320;123325;0
S20254;1392;4;123325;123330;0
S20254;1392;3;123330;123335;0
S20254;1392;2;123335;123340;0
S20254;1392;1;123340;123360;0
S20254;1393;0;107430;107430;1
S20254;1393;1;107430;107450;1
S20254;1393;2;107450;107455;1
S20254;1393;3;107455;107460;1
S20254;1393;4;107460;107465;1
S20254;1393;5;107465;107470;1
S20254;1393;6;107470;107475;1
S20254;1393;7;107475;107480;1
S20254;1393;8;107480;107485;1
S20254;1393;9;107485;107490;1
S20254;1393;10;107490;107495;1
S20254;1393;11;107495;107500;1
S20254;1393;88;107500;107515;1
S20254;1393;88;110770;110800;0
S20254;1393;11;110800;110805;0
S20254;1393;10;110805;110810;0
S20254;1393;9;110810;110815;0
S20254;1393;8;110815;110820;0
S20254;1393;7;110820;110825;0
S20254;1393;6;110825;110830;0
S20254;1393;5;110830;110835;0
S20254;1393;4;110835;110840;0
S20254;1393;3;110840;110845;0
S20254;1393;2;110845;110850;0
S20254;1393;1;110850;110870;0
S20254;1394;0;107460;107460;1
S20254;1394;1;107540;107560;1
S20254;1394;2;107560;107565;1
S20254;1394;3;107565;107570;1
S20254;1394;4;107570;107575;1
S20254;1394;5;107575;107580;1
S20254;1394;35;107580;107595;1
S20254;1394;35;109725;109755;0
S20254;1394;5;109755;109760;0
S20254;1394;4;109760;109765;0
S20254;1394;3;109765;109770;0
S20254;1394;2;109770;109775;0
S20254;1394;1;109775;109795;0
S20254;1395;0;107700;107700;1
S20254;1395;1;107780;107800;1
S20254;1395;2;107800;107805;1
S20254;1395;3;107805;107810;1
S20254;1395;20;107810;107845;1
S20254;1395;20;111145;111155;0
S20254;1395;3;111155;111160;0
S20254;1395;2;111160;111165;0
S20254;1395;1;111165;111185;0
S20254;1396;0;107765;107765;1
S20254;1396;1;107765;107785;1
S20254;1396;2;107785;107790;1
S20254;1396;3;107790;107795;1
S20254;1396;4;107795;107800;1
S20254;1396;5;107800;107805;1
S20254;1396;6;107805;107810;1
S20254;1396;7;107810;107815;1
S20254;1396;8;107815;107820;1
S20254;1396;9;107820;107825;1
S20254;1396;10;107825;107830;1
S20254;1396;11;107830;107835;1
S20254;1396;60;107835;107870;1
S20254;1396;60;113350;113360;0
S20254;1396;11;113360;113365;0
S20254;1396;10;113365;113370;0
S20254;1396;9;113370;113375;0
S20254;1396;8;113375;113380;0
S20254;1396;7;113380;113385;0
S20254;1396;6;113385;113390;0
S20254;1396;5;113390;113395;0
S20254;1396;4;113395;113400;0
S20254;1396;3;113400;113405;0
S20254;1396;2;113405;113410;0
S20254;1396;1;113410;113430;0
S20254;1397;0;107775;107775;1
S20254;1397;1;123860;123880;1
S20254;1397;2;123880;123885;1
S20254;1397;3;123885;123890;1
S20254;1397;4;123890;123895;1
S20254;1397;5;123895;123900;1
S20254;1397;6;123900;123905;1
S20254;1397;40;123905;123940;1
S20254;1397;40;127355;127365;0
S20254;1397;6;127365;127370;0
S20254;1397;5;127370;127375;0
S20254;1397;4;127375;127380;0
S20254;1397;3;127380;127385;0
S20254;1397;2;127385;127390;0
S20254;1397;1;127390;127410;0
S20254;1398;0;107875;107875;1
S20254;1398;1;107990;108010;1
S20254;1398;2;108010;108015;1
S20254;1398;3;108015;108020;1
S20254;1398;4;108020;108025;1
S20254;1398;5;108025;108030;1
S20254;1398;6;108030;108035;1
S20254;1398;7;108035;108040;1
S20254;1398;8;108040;108045;1
S20254;1398;9;108045;108050;1
S20254;1398;10;108050;108055;1
S20254;1398;11;108055;108060;1
S20254;1398;12;108060;108065;1
S20254;1398;64;108065;108080;1
S20254;1398;64;109720;109750;0
S20254;1398;12;109750;109755;0
S20254;1398;11;109755;109760;0
S20254;1398;10;109760;109765;0
S20254;1398;9;109765;109770;0
S20254;1398;8;109770;109775;0
S20254;1398;7;109775;109780;0
S20254;1398;6;109780;109785;0
S20254;1398;5;109785;109790;0
S20254;1398;4;109790;109795;0
S20254;1398;3;109795;109800;0
S20254;1398;2;109800;109805;0
S20254;1398;1;109805;109825;0
S20254;1399;0;107910;107910;1
S20254;1399;1;108065;108085;1
S20254;1399;2;108085;108090;1
S20254;1399;3;108090;108095;1
S20254;1399;4;108095;108100;1
S20254;1399;5;108100;108105;1
S20254;1399;28;108105;108140;1
S20254;1399;28;110425;110435;0
S20254;1399;5;110435;110440;0
S20254;1399;4;110440;110445;0
S20254;1399;3;110445;110450;0
S20254;1399;2;110450;110455;0
S20254;1399;1;110455;110475;0
S20254;1400;0;107985;107985;1
S20254;1400;1;108005;108025;1
S20254;1400;2;108025;108030;1
S20254;1400;3;108030;108035;1
S20254;1400;4;108035;108040;1
S20254;1400;5;108040;108045;1
S20254;1400;33;108045;108060;1
S20254;1400;33;108785;108815;0
S20254;1400;5;108815;108820;0
S20254;1400;4;108820;108825;0
S20254;1400;3;108825;108830;0
S20254;1400;2;108830;108835;0
S20254;1400;1;108835;108855;0
S20254;1401;0;108005;108005;1
S20254;1401;1;115245;115265;1
S20254;1401;2;115265;115270;1
S20254;1401;3;115270;115275;1
S20254;1401;4;115275;115280;1
S20254;1401;5;115280;115285;1
S20254;1401;6;115285;115290;1
S20254;1401;40;115290;115325;1
S20254;1401;40;122850;122860;0
S20254;1401;6;122860;122865;0
S20254;1401;5;122865;122870;0
S20254;1401;4;122870;122875;0
S20254;1401;3;122875;122880;0
S20254;1401;2;122880;122885;0
S20254;1401;1;122885;122905;0
S20254;1402;0;108020;108020;1
S20254;1402;1;108095;108115;1
S20254;1402;83;108115;108150;1
S20254;1402;83;109720;109730;0
S20254;1402;1;109730;109750;0
S20254;1403;0;108105;108105;1
S20254;1403;1;112820;112840;1
S20254;1403;2;112840;112845;1
S20254;1403;3;112845;112850;1
S20254;1403;4;112850;112855;1
S20254;1403;5;112855;112860;1
S20254;1403;6;112860;112865;1
S20254;1403;7;112865;112870;1
S20254;1403;8;112870;112875;1
S20254;1403;9;112875;112880;1
S20254;1403;10;112880;112885;1
S20254;1403;52;112885;112920;1
S20254;1403;52;114480;114490;0
S20254;1403;10;114490;114495;0
S20254;1403;9;114495;114500;0
S20254;1403;8;114500;114505;0
S20254;1403;7;114505;114510;0
S20254;1403;6;114510;114515;0
S20254;1403;5;114515;114520;0
S20254;1403;4;114520;114525;0
S20254;1403;3;114525;114530;0
S20254;1403;2;114530;114535;0
S20254;1403;1;114535;114555;0
S20254;1404;0;108195;108195;1
S20254;1404;1;113125;113145;1
S20254;1404;2;113145;113150;1
S20254;1404;3;113150;113155;1
S20254;1404;4;113155;113160;1
S20254;1404;5;113160;113165;1
S20254;1404;6;113165;113170;1
S20254;1404;7;113170;113175;1
S20254;1404;45;113175;113210;1
S20254;1404;45;114770;114780;0
S20254;1404;7;114780;114785;0
S20254;1404;6;114785;114790;0
S20254;1404;5;114790;114795;0
S20254;1404;4;114795;114800;0
S20254;1404;3;114800;114805;0
S20254;1404;2;114805;114810;0
S20254;1404;1;114810;114830;0
S20254;1405;0;108270;108270;1
S20254;1405;1;109590;109610;1
S20254;1405;2;109610;109615;1
S20254;1405;3;109615;109620;1
S20254;1405;4;109620;109625;1
S20254;1405;5;109625;109630;1
S20254;1405;6;109630;109635;1
S20254;1405;7;109635;109640;1
S20254;1405;8;109640;109645;1
S20254;1405;9;109645;109650;1
S20254;1405;10;109650;109655;1
S20254;1405;11;109655;109660;1
S20254;1405;12;109660;109665;1
S20254;1405;65;109665;109700;1
S20254;1405;65;111045;111055;0
S20254;1405;12;111055;111060;0
S20254;1405;11;111060;111065;0
S20254;1405;10;111065;111070;0
S20254;1405;9;111070;111075;0
S20254;1405;8;111075;111080;0
S20254;1405;7;111080;111085;0
S20254;1405;6;111085;111090;0
S20254;1405;5;111090;111095;0
S20254;1405;4;111095;111100;0
S20254;1405;3;111100;111105;0
S20254;1405;2;111105;111110;0
S20254;1405;1;111110;111130;0
S20254;1406;0;108315;108315;1
S20254;1406;1;109435;109455;1
S20254;1406;2;109455;109460;1
S20254;1406;3;109460;109465;1
S20254;1406;4;109465;109470;1
S20254;1406;5;109470;109475;1
S20254;1406;6;109475;109480;1
S20254;1406;7;109480;109485;1
S20254;1406;8;109485;109490;1
S20254;1406;9;109490;109495;1
S20254;1406;10;109495;109500;1
S20254;1406;52;109500;109535;1
S20254;1406;52;110720;110730;0
S20254;1406;10;110730;110735;0
S20254;1406;9;110735;110740;0
S20254;1406;8;110740;110745;0
S20254;1406;7;110745;110750;0
S20254;1406;6;110750;110755;0
S20254;1406;5;110755;110760;0
S20254;1406;4;110760;110765;0
S20254;1406;3;110765;110770;0
S20254;1406;2;110770;110775;0
S20254;1406;1;110775;110795;0
S20254;1407;0;108350;108350;1
S20254;1407;1;109675;109695;1
S20254;1407;2;109695;109700;1
S20254;1407;3;109700;109705;1
S20254;1407;4;109705;109710;1
S20254;1407;26;109710;109745;1
S20254;1407;26;112470;112480;0
S20254;1407;4;112480;112485;0
S20254;1407;3;112485;112490;0
S20254;1407;2;112490;112495;0
S20254;1407;1;112495;112515;0
S20254;1408;0;108390;108390;1
S20254;1408;1;108390;108410;1
S20254;1408;2;108410;108415;1
S20254;1408;3;108415;108420;1
S20254;1408;4;108420;108425;1
S20254;1408;5;108425;108430;1
S20254;1408;6;108430;108435;1
S20254;1408;38;108435;108470;1
S20254;1408;38;109155;109165;0
S20254;1408;6;109165;109170;0
S20254;1408;5;109170;109175;0
S20254;1408;4;109175;109180;0
S20254;1408;3;109180;109185;0
S20254;1408;2;109185;109190;0
S20254;1408;1;109190;109210;0
S20254;1409;0;108520;108520;1
S20254;1409;1;108520;108540;1
S20254;1409;85;108540;108575;1
S20254;1409;85;111470;111480;0
S20254;1409;1;111480;111500;0
S20254;1410;0;108650;108650;1
S20254;1410;1;114065;114085;1
S20254;1410;2;114085;114090;1
S20254;1410;3;114090;114095;1
S20254;1410;4;114095;114100;1
S20254;1410;5;114100;114105;1
S20254;1410;6;114105;114110;1
S20254;1410;7;114110;114115;1
S20254;1410;8;114115;114120;1
S20254;1410;9;114120;114125;1
S20254;1410;10;114125;114130;1
S20254;1410;11;114130;114135;1
S20254;1410;12;114135;114140;1
S20254;1410;13;114140;114145;1
S20254;1410;68;114145;114160;1
S20254;1410;68;120900;120930;0
S20254;1410;13;120930;120935;0
S20254;1410;12;120935;120940;0
S20254;1410;11;120940;120945;0
S20254;1410;10;120945;120950;0
S20254;1410;9;120950;120955;0
S20254;1410;8;120955;120960;0
S20254;1410;7;120960;120965;0
S20254;1410;6;120965;120970;0
S20254;1410;5;120970;120975;0
S20254;1410;4;120975;120980;0
S20254;1410;3;120980;120985;0
S20254;1410;2;120985;120990;0
S20254;1410;1;120990;121010;0
S20254;1411;0;108720;108720;1
S20254;1411;1;108735;108755;1
S20254;1411;2;108755;108760;1
S20254;1411;3;108760;108765;1
S20254;1411;4;108765;108770;1
S20254;1411;5;108770;108775;1
S20254;1411;6;108775;108780;1
S20254;1411;7;108780;108785;1
S20254;1411;8;108785;108790;1
S20254;1411;9;108790;108795;1
S20254;1411;10;108795;108800;1
S20254;1411;53;108800;108815;1
S20254;1411;53;111770;111800;0
S20254;1411;10;111800;111805;0
S20254;1411;9;111805;111810;0
S20254;1411;8;111810;111815;0
S20254;1411;7;111815;111820;0
S20254;1411;6;111820;111825;0
S20254;1411;5;111825;111830;0
S20254;1411;4;111830;111835;0
S20254;1411;3;111835;111840;0
S20254;1411;2;111840;111845;0
S20254;1411;1;111845;111865;0
S20254;1412;0;108735;108735;1
S20254;1412;1;112305;112325;1
S20254;1412;2;112325;112330;1
S20254;1412;3;112330;112335;1
S20254;1412;4;112335;112340;1
S20254;1412;5;112340;112345;1
S20254;1412;6;112345;112350;1
S20254;1412;7;112350;112355;1
S20254;1412;8;112355;112360;1
S20254;1412;9;112360;112365;1
S20254;1412;10;112365;112370;1
S20254;1412;52;112370;112405;1
S20254;1412;52;112905;112915;0
S20254;1412;10;112915;112920;0
S20254;1412;9;112920;112925;0
S20254;1412;8;112925;112930;0
S20254;1412;7;112930;112935;0
S20254;1412;6;112935;112940;0
S20254;1412;5;112940;112945;0
S20254;1412;4;112945;112950;0
S20254;1412;3;112950;112955;0
S20254;1412;2;112955;112960;0
S20254;1412;1;112960;112980;0
S20254;1413;0;108735;108735;1
S20254;1413;1;108755;108775;1
S20254;1413;2;108775;108780;1
S20254;1413;3;108780;108785;1
S20254;1413;4;108785;108790;1
S20254;1413;5;108790;108795;1
S20254;1413;33;108795;108810;1
S20254;1413;33;109865;109895;0
S20254;1413;5;109895;109900;0
S20254;1413;4;109900;109905;0
S20254;1413;3;109905;109910;0
S20254;1413;2;109910;109915;0
S20254;1413;1;109915;109935;0
S20254;1414;0;108840;108840;1
S20254;1414;1;116920;116940;1
S20254;1414;2;116940;116945;1
S20254;1414;3;116945;116950;1
S20254;1414;4;116950;116955;1
S20254;1414;5;116955;116960;1
S20254;1414;6;116960;116965;1
S20254;1414;7;116965;116970;1
S20254;1414;8;116970;116975;1
S20254;1414;9;116975;116980;1
S20254;1414;10;116980;116985;1
S20254;1414;11;116985;116990;1
S20254;1414;12;116990;116995;1
S20254;1414;13;116995;117000;1
S20254;1414;69;117000;117015;1
S20254;1414;69;121675;121705;0
S20254;1414;13;121705;121710;0
S20254;1414;12;121710;121715;0
S20254;1414;11;121715;121720;0
S20254;1414;10;121720;121725;0
S20254;1414;9;121725;121730;0
S20254;1414;8;121730;121735;0
S20254;1414;7;121735;121740;0
S20254;1414;6;121740;121745;0
S20254;1414;5;121745;121750;0
S20254;1414;4;121750;121755;0
S20254;1414;3;121755;121760;0
S20254;1414;2;121760;121765;0
S20254;1414;1;121765;121785;0
S20254;1415;0;109020;109020;1
S20254;1415;1;109020;109040;1
S20254;1415;2;109040;109045;1
S20254;1415;3;109045;109050;1
S20254;1415;4;109050;109055;1
S20254;1415;5;109055;109060;1
S20254;1415;6;109060;109065;1
S20254;1415;7;109065;109070;1
S20254;1415;8;109070;109075;1
S20254;1415;9;109075;109080;1
S20254;1415;10;109080;109085;1
S20254;1415;11;109085;109090;1
S20254;1415;56;109090;109105;1
S20254;1415;56;112990;113020;0
S20254;1415;11;113020;113025;0
S20254;1415;10;113025;113030;0
S20254;1415;9;113030;113035;0
S20254;1415;8;113035;113040;0
S20254;1415;7;113040;113045;0
S20254;1415;6;113045;113050;0
S20254;1415;5;113050;113055;0
S20254;1415;4;113055;113060;0
S20254;1415;3;113060;113065;0
S20254;1415;2;113065;113070;0
S20254;1415;1;113070;113090;0
S20254;1416;0;109065;109065;1
S20254;1416;1;127480;127500;1
S20254;1416;2;127500;127505;1
S20254;1416;3;127505;127510;1
S20254;1416;4;127510;127515;1
S20254;1416;5;127515;127520;1
S20254;1416;6;127520;127525;1
S20254;1416;40;127525;127560;1
S20254;1417;0;109080;109080;1
S20254;1417;1;109080;109100;1
S20254;1417;2;109100;109105;1
S20254;1417;3;109105;109110;1
S20254;1417;4;109110;109115;1
S20254;1417;5;109115;109120;1
S20254;1417;36;109120;109135;1
S20254;1417;36;110335;110365;0
S20254;1417;5;110365;110370;0
S20254;1417;4;110370;110375;0
S20254;1417;3;110375;110380;0
S20254;1417;2;110380;110385;0
S20254;1417;1;110385;110405;0
S20254;1418;0;109350;109350;1
S20254;1418;1;110945;110965;1
S20254;1418;2;110965;110970;1
S20254;1418;3;110970;110975;1
S20254;1418;4;110975;110980;1
S20254;1418;5;110980;110985;1
S20254;1418;33;110985;111000;1
S20254;1418;33;111765;111795;0
S20254;1418;5;111795;111800;0
S20254;1418;4;111800;111805;0
S20254;1418;3;111805;111810;0
S20254;1418;2;111810;111815;0
S20254;1418;1;111815;111835;0
S20254;1419;0;109420;109420;1
S20254;1419;1;109575;109595;1
S20254;1419;2;109595;109600;1
S20254;1419;3;109600;109605;1
S20254;1419;4;109605;109610;1
S20254;1419;5;109610;109615;1
S20254;1419;6;109615;109620;1
S20254;1419;7;109620;109625;1
S20254;1419;8;109625;109630;1
S20254;1419;9;109630;109635;1
S20254;1419;10;109635;109640;1
S20254;1419;11;109640;109645;1
S20254;1419;12;109645;109650;1
S20254;1419;13;109650;109655;1
S20254;1419;70;109655;109690;1
S20254;1419;70;111145;111155;0
S20254;1419;13;111155;111160;0
S20254;1419;12;111160;111165;0
S20254;1419;11;111165;111170;0
S20254;1419;10;111170;111175;0
S20254;1419;9;111175;111180;0
S20254;1419;8;111180;111185;0
S20254;1419;7;111185;111190;0
S20254;1419;6;111190;111195;0
S20254;1419;5;111195;111200;0
S20254;1419;4;111200;111205;0
S20254;1419;3;111205;111210;0
S20254;1419;2;111210;111215;0
S20254;1419;1;111215;111235;0
S20254;1420;0;109510;109510;1
S20254;1420;1;112220;112240;1
S20254;1420;2;112240;112245;1
S20254;1420;3;112245;112250;1
S20254;1420;4;112250;112255;1
S20254;1420;5;112255;112260;1
S20254;1420;6;112260;112265;1
S20254;1420;7;112265;112270;1
S20254;1420;8;112270;112275;1
S20254;1420;9;112275;112280;1
S20254;1420;10;112280;112285;1
S20254;1420;11;112285;112290;1
S20254;1420;88;112290;112305;1
S20254;1420;88;114180;114210;0
S20254;1420;11;114210;114215;0
S20254;1420;10;114215;114220;0
S20254;1420;9;114220;114225;0
S20254;1420;8;114225;114230;0
S20254;1420;7;114230;114235;0
S20254;1420;6;114235;114240;0
S20254;1420;5;114240;114245;0
S20254;1420;4;114245;114250;0
S20254;1420;3;114250;114255;0
S20254;1420;2;114255;114260;0
S20254;1420;1;114260;114280;0
S20254;1421;0;109620;109620;1
S20254;1421;1;109620;109640;1
S20254;1421;2;109640;109645;1
S20254;1421;3;109645;109650;1
S20254;1421;4;109650;109655;1
S20254;1421;5;109655;109660;1
S20254;1421;31;109660;109695;1
S20254;1421;31;110530;110560;0
S20254;1421;5;110560;110565;0
S20254;1421;4;110565;110570;0
S20254;1421;3;110570;110575;0
S20254;1421;2;110575;110580;0
S20254;1421;1;110580;110600;0
S20254;1422;0;109660;109660;1
S20254;1422;1;109660;109680;1
S20254;1422;2;109680;109685;1
S20254;1422;3;109685;109690;1
S20254;1422;4;109690;109695;1
S20254;1422;5;109695;109700;1
S20254;1422;6;109700;109705;1
S20254;1422;43;109705;109740;1
S20254;1422;43;111795;111805;0
S20254;1422;6;111805;111810;0
S20254;1422;5;111810;111815;0
S20254;1422;4;111815;111820;0
S20254;1422;3;111820;111825;0
S20254;1422;2;111825;111830;0
S20254;1422;1;111830;111850;0
S20254;1423;0;109740;109740;1
S20254;1423;1;110895;110915;1
S20254;1423;2;110915;110920;1
S20254;1423;3;110920;110925;1
S20254;1423;4;110925;110930;1
S20254;1423;5;110930;110935;1
S20254;1423;35;110935;110950;1
S20254;1423;35;111640;111670;0
S20254;1423;5;111670;111675;0
S20254;1423;4;111675;111680;0
S20254;1423;3;111680;111685;0
S20254;1423;2;111685;111690;0
S20254;1423;1;111690;111710;0
S20254;1424;0;109775;109775;1
S20254;1424;1;110660;110680;1
S20254;1424;2;110680;110685;1
S20254;1424;3;110685;110690;1
S20254;1424;4;110690;110695;1
S20254;1424;5;110695;110700;1
S20254;1424;6;110700;110705;1
S20254;1424;7;110705;110710;1
S20254;1424;8;110710;110715;1
S20254;1424;9;110715;110720;1
S20254;1424;10;110720;110725;1
S20254;1424;52;110725;110740;1
S20254;1424;52;112380;112410;0
S20254;1424;10;112410;112415;0
S20254;1424;9;112415;112420;0
S20254;1424;8;112420;112425;0
S20254;1424;7;112425;112430;0
S20254;1424;6;112430;112435;0
S20254;1424;5;112435;112440;0
S20254;1424;4;112440;112445;0
S20254;1424;3;112445;112450;0
S20254;1424;2;112450;112455;0
S20254;1424;1;112455;112475;0
S20254;1425;0;109920;109920;1
S20254;1425;1;109990;110010;1
S20254;1425;2;110010;110015;1
S20254;1425;3;110015;110020;1
S20254;1425;4;110020;110025;1
S20254;1425;5;110025;110030;1
S20254;1425;6;110030;110035;1
S20254;1425;7;110035;110040;1
S20254;1425;8;110040;110045;1
S20254;1425;9;110045;110050;1
S20254;1425;10;110050;110055;1
S20254;1425;11;110055;110060;1
S20254;1425;61;110060;110075;1
S20254;1425;61;112430;112460;0
S20254;1425;11;112460;112465;0
S20254;1425;10;112465;112470;0
S20254;1425;9;112470;112475;0
S20254;1425;8;112475;112480;0
S20254;1425;7;112480;112485;0
S20254;1425;6;112485;112490;0
S20254;1425;5;112490;112495;0
S20254;1425;4;112495;112500;0
S20254;1425;3;112500;112505;0
S20254;1425;2;112505;112510;0
S20254;1425;1;112510;112530;0
S20254;1426;0;110055;110055;1
S20254;1426;1;121030;121050;1
S20254;1426;2;121050;121055;1
S20254;1426;3;121055;121060;1
S20254;1426;4;121060;121065;1
S20254;1426;5;121065;121070;1
S20254;1426;6;121070;121075;1
S20254;1426;7;121075;121080;1
S20254;1426;8;121080;121085;1
S20254;1426;9;121085;121090;1
S20254;1426;10;121090;121095;1
S20254;1426;11;121095;121100;1
S20254;1426;12;121100;121105;1
S20254;1426;13;121105;121110;1
S20254;1426;68;121110;121125;1
S20254;1426;68;124690;124720;0
S20254;1426;13;124720;124725;0
S20254;1426;12;124725;124730;0
S20254;1426;11;124730;124735;0
S20254;1426;10;124735;124740;0
S20254;1426;9;124740;124745;0
S20254;1426;8;124745;124750;0
S20254;1426;7;124750;124755;0
S20254;1426;6;124755;124760;0
S20254;1426;5;124760;124765;0
S20254;1426;4;124765;124770;0
S20254;1426;3;124770;124775;0
S20254;1426;2;124775;124780;0
S20254;1426;1;124780;124800;0
S20254;1427;0;110275;110275;1
S20254;1427;1;110275;110295;1
S20254;1427;2;110295;110300;1
S20254;1427;3;110300;110305;1
S20254;1427;4;110305;110310;1
S20254;1427;5;110310;110315;1
S20254;1427;34;110315;110330;1
S20254;1427;34;111360;111390;0
S20254;1427;5;111390;111395;0
S20254;1427;4;111395;111400;0
S20254;1427;3;111400;111405;0
S20254;1427;2;111405;111410;0
S20254;1427;1;111410;111430;0
S20254;1428;0;110280;110280;1
S20254;1428;1;114560;114580;1
S20254;1428;2;114580;114585;1
S20254;1428;3;114585;114590;1
S20254;1428;4;114590;114595;1
S20254;1428;5;114595;114600;1
S20254;1428;6;114600;114605;1
S20254;1428;7;114605;114610;1
S20254;1428;8;114610;114615;1
S20254;1428;9;114615;114620;1
S20254;1428;10;114620;114625;1
S20254;1428;11;114625;114630;1
S20254;1428;88;114630;114645;1
S20254;1428;88;120020;120050;0
S20254;1428;11;120050;120055;0
S20254;1428;10;120055;120060;0
S20254;1428;9;120060;120065;0
S20254;1428;8;120065;120070;0
S20254;1428;7;120070;120075;0
S20254;1428;6;120075;120080;0
S20254;1428;5;120080;120085;0
S20254;1428;4;120085;120090;0
S20254;1428;3;120090;120095;0
S20254;1428;2;120095;120100;0
S20254;1428;1;120100;120120;0
S20254;1429;0;110370;110370;1
S20254;1429;1;111885;111905;1
S20254;1429;2;111905;111910;1
S20254;1429;3;111910;111915;1
S20254;1429;4;111915;111920;1
S20254;1429;5;111920;111925;1
S20254;1429;6;111925;111930;1
S20254;1429;43;111930;111965;1
S20254;1429;43;113920;113930;0
S20254;1429;6;113930;113935;0
S20254;1429;5;113935;113940;0
S20254;1429;4;113940;113945;0
S20254;1429;3;113945;113950;0
S20254;1429;2;113950;113955;0
S20254;1429;1;113955;113975;0
S20254;1430;0;110460;110460;1
S20254;1430;1;110880;110900;1
S20254;1430;2;110900;110905;1
S20254;1430;3;110905;110910;1
S20254;1430;4;110910;110915;1
S20254;1430;5;110915;110920;1
S20254;1430;6;110920;110925;1
S20254;1430;7;110925;110930;1
S20254;1430;8;110930;110935;1
S20254;1430;9;110935;110940;1
S20254;1430;10;110940;110945;1
S20254;1430;11;110945;110950;1
S20254;1430;88;110950;110965;1
S20254;1430;88;112115;112145;0
S20254;1430;11;112145;112150;0
S20254;1430;10;112150;112155;0
S20254;1430;9;112155;112160;0
S20254;1430;8;112160;112165;0
S20254;1430;7;112165;112170;0
S20254;1430;6;112170;112175;0
S20254;1430;5;112175;112180;0
S20254;1430;4;112180;112185;0
S20254;1430;3;112185;112190;0
S20254;1430;2;112190;112195;0
S20254;1430;1;112195;112215;0
S20254;1431;0;110460;110460;1
S20254;1431;1;110615;110635;1
S20254;1431;2;110635;110640;1
S20254;1431;3;110640;110645;1
S20254;1431;4;110645;110650;1
S20254;1431;5;110650;110655;1
S20254;1431;6;110655;110660;1
S20254;1431;7;110660;110665;1
S20254;1431;8;110665;110670;1
S20254;1431;48;110670;110705;1
S20254;1431;48;114700;114710;0
S20254;1431;8;114710;114715;0
S20254;1431;7;114715;114720;0
S20254;1431;6;114720;114725;0
S20254;1431;5;114725;114730;0
S20254;1431;4;114730;114735;0
S20254;1431;3;114735;114740;0
S20254;1431;2;114740;114745;0
S20254;1431;1;114745;114765;0
S20254;1432;0;110700;110700;1
S20254;1432;1;110915;110935;1
S20254;1432;2;110935;110940;1
S20254;1432;3;110940;110945;1
S20254;1432;4;110945;110950;1
S20254;1432;5;110950;110955;1
S20254;1432;6;110955;110960;1
S20254;1432;7;110960;110965;1
S20254;1432;8;110965;110970;1
S20254;1432;9;110970;110975;1
S20254;1432;10;110975;110980;1
S20254;1432;11;110980;110985;1
S20254;1432;12;110985;110990;1
S20254;1432;66;110990;111025;1
S20254;1432;66;111955;111965;0
S20254;1432;12;111965;111970;0
S20254;1432;11;111970;111975;0
S20254;1432;10;111975;111980;0
S20254;1432;9;111980;111985;0
S20254;1432;8;111985;111990;0
S20254;1432;7;111990;111995;0
S20254;1432;6;111995;112000;0
S20254;1432;5;112000;112005;0
S20254;1432;4;112005;112010;0
S20254;1432;3;112010;112015;0
S20254;1432;2;112015;112020;0
S20254;1432;1;112020;112040;0
S20254;1433;0;110820;110820;1
S20254;1433;1;112290;112310;1
S20254;1433;2;112310;112315;1
S20254;1433;3;112315;112320;1
S20254;1433;4;112320;112325;1
S20254;1433;5;112325;112330;1
S20254;1433;6;112330;112335;1
S20254;1433;7;112335;112340;1
S20254;1433;8;112340;112345;1
S20254;1433;9;112345;112350;1
S20254;1433;10;112350;112355;1
S20254;1433;11;112355;112360;1
S20254;1433;12;112360;112365;1
S20254;1433;66;112365;112400;1
S20254;1433;66;113425;113435;0
S20254;1433;12;113435;113440;0
S20254;1433;11;113440;113445;0
S20254;1433;10;113445;113450;0
S20254;1433;9;113450;113455;0
S20254;1433;8;113455;113460;0
S20254;1433;7;113460;113465;0
S20254;1433;6;113465;113470;0
S20254;1433;5;113470;113475;0
S20254;1433;4;113475;113480;0
S20254;1433;3;113480;113485;0
S20254;1433;2;113485;113490;0
S20254;1433;1;113490;113510;0
S20254;1434;0;110885;110885;1
S20254;1434;1;117120;117140;1
S20254;1434;2;117140;117145;1
S20254;1434;3;117145;117150;1
S20254;1434;4;117150;117155;1
S20254;1434;5;117155;117160;1
S20254;1434;6;117160;117165;1
S20254;1434;7;117165;117170;1
S20254;1434;8;117170;117175;1
S20254;1434;9;117175;117180;1
S20254;1434;10;117180;117185;1
S20254;1434;11;117185;117190;1
S20254;1434;12;117190;117195;1
S20254;1434;13;117195;117200;1
S20254;1434;14;117200;117205;1
S20254;1434;15;117205;117210;1
S20254;1434;16;117210;117225;1
S20254;1434;74;117225;117270;1
S20254;1434;74;123650;123660;0
S20254;1434;16;123660;123675;0
S20254;1434;15;123675;123680;0
S20254;1434;14;123680;123685;0
S20254;1434;13;123685;123690;0
S20254;1434;12;123690;123695;0
S20254;1434;11;123695;123700;0
S20254;1434;10;123700;123705;0
S20254;1434;9;123705;123710;0
S20254;1434;8;123710;123715;0
S20254;1434;7;123715;123720;0
S20254;1434;6;123720;123725;0
S20254;1434;5;123725;123730;0
S20254;1434;4;123730;123735;0
S20254;1434;3;123735;123740;0
S20254;1434;2;123740;123745;0
S20254;1434;1;123745;123765;0
S20254;1435;0;110900;110900;1
S20254;1435;1;111715;111735;1
S20254;1435;2;111735;111740;1
S20254;1435;3;111740;111745;1
S20254;1435;4;111745;111750;1
S20254;1435;5;111750;111755;1
S20254;1435;6;111755;111760;1
S20254;1435;7;111760;111765;1
S20254;1435;8;111765;111770;1
S20254;1435;9;111770;111775;1
S20254;1435;10;111775;111780;1
S20254;1435;53;111780;111795;1
S20254;1435;53;113860;113890;0
S20254;1435;10;113890;113895;0
S20254;1435;9;113895;113900;0
S20254;1435;8;113900;113905;0
S20254;1435;7;113905;113910;0
S20254;1435;6;113910;113915;0
S20254;1435;5;113915;113920;0
S20254;1435;4;113920;113925;0
S20254;1435;3;113925;113930;0
S20254;1435;2;113930;113935;0
S20254;1435;1;113935;113955;0
S20254;1436;0;110980;110980;1
S20254;1436;1;110980;111000;1
S20254;1436;2;111000;111005;1
S20254;1436;3;111005;111010;1
S20254;1436;4;111010;111015;1
S20254;1436;5;111015;111020;1
S20254;1436;36;111020;111035;1
S20254;1436;36;111935;111965;0
S20254;1436;5;111965;111970;0
S20254;1436;4;111970;111975;0
S20254;1436;3;111975;111980;0
S20254;1436;2;111980;111985;0
S20254;1436;1;111985;112005;0
S20254;1437;0;111230;111230;1
S20254;1437;1;111320;111340;1
S20254;1437;2;111340;111345;1
S20254;1437;3;111345;111350;1
S20254;1437;4;111350;111355;1
S20254;1437;5;111355;111360;1
S20254;1437;34;111360;111375;1
S20254;1437;34;112725;112755;0
S20254;1437;5;112755;112760;0
S20254;1437;4;112760;112765;0
S20254;1437;3;112765;112770;0
S20254;1437;2;112770;112775;0
S20254;1437;1;112775;112795;0
S20254;1438;0;111240;111240;1
S20254;1438;1;111240;111260;1
S20254;1438;2;111260;111265;1
S20254;1438;3;111265;111270;1
S20254;1438;4;111270;111275;1
S20254;1438;5;111275;111280;1
S20254;1438;6;111280;111285;1
S20254;1438;38;111285;111320;1
S20254;1438;38;112080;112090;0
S20254;1438;6;112090;112095;0
S20254;1438;5;112095;112100;0
S20254;1438;4;112100;112105;0
S20254;1438;3;112105;112110;0
S20254;1438;2;112110;112115;0
S20254;1438;1;112115;112135;0
S20254;1439;0;111240;111240;1
S20254;1439;1;111305;111325;1
S20254;1439;2;111325;111330;1
S20254;1439;3;111330;111335;1
S20254;1439;4;111335;111340;1
S20254;1439;5;111340;111345;1
S20254;1439;6;111345;111350;1
S20254;1439;7;111350;111355;1
S20254;1439;8;111355;111360;1
S20254;1439;9;111360;111365;1
S20254;1439;10;111365;111370;1
S20254;1439;11;111370;111375;1
S20254;1439;58;111375;111390;1
S20254;1439;58;118825;118855;0
S20254;1439;11;118855;118860;0
S20254;1439;10;118860;118865;0
S20254;1439;9;118865;118870;0
S20254;1439;8;118870;118875;0
S20254;1439;7;118875;118880;0
S20254;1439;6;118880;118885;0
S20254;1439;5;118885;118890;0
S20254;1439;4;118890;118895;0
S20254;1439;3;118895;118900;0
S20254;1439;2;118900;118905;0
S20254;1439;1;118905;118925;0
S20254;1440;0;111240;111240;1
S20254;1440;1;111590;111610;1
S20254;1440;2;111610;111615;1
S20254;1440;3;111615;111620;1
S20254;1440;4;111620;111625;1
S20254;1440;5;111625;111630;1
S20254;1440;35;111630;111645;1
S20254;1440;35;112880;112910;0
S20254;1440;5;112910;112915;0
S20254;1440;4;112915;112920;0
S20254;1440;3;112920;112925;0
S20254;1440;2;112925;112930;0
S20254;1440;1;112930;112950;0
S20254;1441;0;111240;111240;1
S20254;1441;1;118485;118505;1
S20254;1441;2;118505;118510;1
S20254;1441;3;118510;118515;1
S20254;1441;4;118515;118520;1
S20254;1441;5;118520;118525;1
S20254;1441;6;118525;118530;1
S20254;1441;7;118530;118535;1
S20254;1441;8;118535;118540;1
S20254;1441;9;118540;118545;1
S20254;1441;10;118545;118550;1
S20254;1441;11;118550;118555;1
S20254;1441;12;118555;118560;1
S20254;1441;13;118560;118565;1
S20254;1441;67;118565;118580;1
S20254;1441;67;119205;119235;0
S20254;1441;13;119235;119240;0
S20254;1441;12;119240;119245;0
S20254;1441;11;119245;119250;0
S20254;1441;10;119250;119255;0
S20254;1441;9;119255;119260;0
S20254;1441;8;119260;119265;0
S20254;1441;7;119265;119270;0
S20254;1441;6;119270;119275;0
S20254;1441;5;119275;119280;0
S20254;1441;4;119280;119285;0
S20254;1441;3;119285;119290;0
S20254;1441;2;119290;119295;0
S20254;1441;1;119295;119315;0
S20254;1442;0;111265;111265;1
S20254;1442;1;111265;111285;1
S20254;1442;2;111285;111290;1
S20254;1442;3;111290;111295;1
S20254;1442;4;111295;111300;1
S20254;1442;5;111300;111305;1
S20254;1442;31;111305;111340;1
S20254;1442;31;112025;112055;0
S20254;1442;5;112055;112060;0
S20254;1442;4;112060;112065;0
S20254;1442;3;112065;112070;0
S20254;1442;2;112070;112075;0
S20254;1442;1;112075;112095;0
S20254;1443;0;111360;111360;1
S20254;1443;1;126705;126725;1
S20254;1443;2;126725;126730;1
S20254;1443;3;126730;126735;1
S20254;1443;4;126735;126740;1
S20254;1443;5;126740;126745;1
S20254;1443;6;126745;126750;1
S20254;1443;7;126750;126755;1
S20254;1443;8;126755;126760;1
S20254;1443;47;126760;126795;1
S20254;1443;47;128820;128830;0
S20254;1443;8;128830;128835;0
S20254;1443;7;128835;128840;0
S20254;1443;6;128840;128845;0
S20254;1443;5;128845;128850;0
S20254;1443;4;128850;128855;0
S20254;1443;3;128855;128860;0
S20254;1443;2;128860;128865;0
S20254;1443;1;128865;128885;0
S20254;1444;0;111525;111525;1
S20254;1444;1;114015;114035;1
S20254;1444;2;114035;114040;1
S20254;1444;3;114040;114045;1
S20254;1444;4;114045;114050;1
S20254;1444;5;114050;114055;1
S20254;1444;6;114055;114060;1
S20254;1444;7;114060;114065;1
S20254;1444;8;114065;114070;1
S20254;1444;9;114070;114075;1
S20254;1444;10;114075;114080;1
S20254;1444;11;114080;114085;1
S20254;1444;61;114085;114100;1
S20254;1444;61;117000;117030;0
S20254;1444;11;117030;117035;0
S20254;1444;10;117035;117040;0
S20254;1444;9;117040;117045;0
S20254;1444;8;117045;117050;0
S20254;1444;7;117050;117055;0
S20254;1444;6;117055;117060;0
S20254;1444;5;117060;117065;0
S20254;1444;4;117065;117070;0
S20254;1444;3;117070;117075;0
S20254;1444;2;117075;117080;0
S20254;1444;1;117080;117100;0
S20254;1445;0;111600;111600;1
S20254;1445;1;115225;115245;1
S20254;1445;2;115245;115250;1
S20254;1445;3;115250;115255;1
S20254;1445;4;115255;115260;1
S20254;1445;5;115260;115265;1
S20254;1445;6;115265;115270;1
S20254;1445;7;115270;115275;1
S20254;1445;8;115275;115280;1
S20254;1445;9;115280;115285;1
S20254;1445;51;115285;115320;1
S20254;1445;51;118570;118580;0
S20254;1445;9;118580;118585;0
S20254;1445;8;118585;118590;0
S20254;1445;7;118590;118595;0
S20254;1445;6;118595;118600;0
S20254;1445;5;118600;118605;0
S20254;1445;4;118605;118610;0
S20254;1445;3;118610;118615;0
S20254;1445;2;118615;118620;0
S20254;1445;1;118620;118640;0
S20254;1446;0;111625;111625;1
S20254;1446;1;111665;111685;1
S20254;1446;2;111685;111690;1
S20254;1446;3;111690;111695;1
S20254;1446;4;111695;111700;1
S20254;1446;5;111700;111705;1
S20254;1446;6;111705;111710;1
S20254;1446;7;111710;111715;1
S20254;1446;8;111715;111720;1
S20254;1446;9;111720;111725;1
S20254;1446;10;111725;111730;1
S20254;1446;11;111730;111735;1
S20254;1446;12;111735;111740;1
S20254;1446;13;111740;111745;1
S20254;1446;14;111745;111750;1
S20254;1446;15;111750;111755;1
S20254;1446;16;111755;111770;1
S20254;1446;75;111770;111785;1
S20254;1446;75;113135;113175;0
S20254;1446;16;113175;113190;0
S20254;1446;15;113190;113195;0
S20254;1446;14;113195;113200;0
S20254;1446;13;113200;113205;0
S20254;1446;12;113205;113210;0
S20254;1446;11;113210;113215;0
S20254;1446;10;113215;113220;0
S20254;1446;9;113220;113225;0
S20254;1446;8;113225;113230;0
S20254;1446;7;113230;113235;0
S20254;1446;6;113235;113240;0
S20254;1446;5;113240;113245;0
S20254;1446;4;113245;113250;0
S20254;1446;3;113250;113255;0
S20254;1446;2;113255;113260;0
S20254;1446;1;113260;113280;0
S20254;1447;0;111675;111675;1
S20254;1447;1;111900;111920;1
S20254;1447;2;111920;111925;1
S20254;1447;3;111925;111930;1
S20254;1447;20;111930;111965;1
S20254;1447;20;116975;116985;0
S20254;1447;3;116985;116990;0
S20254;1447;2;116990;116995;0
S20254;1447;1;116995;117015;0
S20254;1448;0;111700;111700;1
S20254;1448;1;114115;114135;1
S20254;1448;2;114135;114140;1
S20254;1448;3;114140;114145;1
S20254;1448;4;114145;114150;1
S20254;1448;5;114150;114155;1
S20254;1448;6;114155;114160;1
S20254;1448;43;114160;114195;1
S20254;1448;43;116385;116395;0
S20254;1448;6;116395;116400;0
S20254;1448;5;116400;116405;0
S20254;1448;4;116405;116410;0
S20254;1448;3;116410;116415;0
S20254;1448;2;116415;116420;0
S20254;1448;1;116420;116440;0
S20254;1449;0;111710;111710;1
S20254;1449;1;111870;111890;1
S20254;1449;2;111890;111895;1
S20254;1449;3;111895;111900;1
S20254;1449;4;111900;111905;1
S20254;1449;5;111905;111910;1
S20254;1449;6;111910;111915;1
S20254;1449;7;111915;111920;1
S20254;1449;8;111920;111925;1
S20254;1449;9;111925;111930;1
S20254;1449;51;111930;111965;1
S20254;1449;51;115060;115070;0
S20254;1449;9;115070;115075;0
S20254;1449;8;115075;115080;0
S20254;1449;7;115080;115085;0
S20254;1449;6;115085;115090;0
S20254;1449;5;115090;115095;0
S20254;1449;4;115095;115100;0
S20254;1449;3;115100;115105;0
S20254;1449;2;115105;115110;0
S20254;1449;1;115110;115130;0
S20254;1450;0;111765;111765;1
S20254;1450;1;114420;114440;1
S20254;1450;2;114440;114445;1
S20254;1450;3;114445;114450;1
S20254;1450;4;114450;114455;1
S20254;1450;5;114455;114460;1
S20254;1450;6;114460;114465;1
S20254;1450;7;114465;114470;1
S20254;1450;8;114470;114475;1
S20254;1450;9;114475;114480;1
S20254;1450;10;114480;114485;1
S20254;1450;52;114485;114520;1
S20254;1450;52;116050;116060;0
S20254;1450;10;116060;116065;0
S20254;1450;9;116065;116070;0
S20254;1450;8;116070;116075;0
S20254;1450;7;116075;116080;0
S20254;1450;6;116080;116085;0
S20254;1450;5;116085;116090;0
S20254;1450;4;116090;116095;0
S20254;1450;3;116095;116100;0
S20254;1450;2;116100;116105;0
S20254;1450;1;116105;116125;0
S20254;1451;0;112080;112080;1
S20254;1451;1;112340;112360;1
S20254;1451;2;112360;112365;1
S20254;1451;3;112365;112370;1
S20254;1451;4;112370;112375;1
S20254;1451;5;112375;112380;1
S20254;1451;6;112380;112385;1
S20254;1451;37;112385;112400;1
S20254;1451;37;120735;120765;0
S20254;1451;6;120765;120770;0
S20254;1451;5;120770;120775;0
S20254;1451;4;120775;120780;0
S20254;1451;3;120780;120785;0
S20254;1451;2;120785;120790;0
S20254;1451;1;120790;120810;0
S20254;1452;0;112160;112160;1
S20254;1452;1;124180;124200;1
S20254;1452;2;124200;124205;1
S20254;1452;3;124205;124210;1
S20254;1452;4;124210;124215;1
S20254;1452;5;124215;124220;1
S20254;1452;6;124220;124225;1
S20254;1452;7;124225;124230;1
S20254;1452;8;124230;124235;1
S20254;1452;9;124235;124240;1
S20254;1452;10;124240;124245;1
S20254;1452;11;124245;124250;1
S20254;1452;12;124250;124255;1
S20254;1452;13;124255;124260;1
S20254;1452;69;124260;124295;1
S20254;1452;69;125610;125620;0
S20254;1452;13;125620;125625;0
S20254;1452;12;125625;125630;0
S20254;1452;11;125630;125635;0
S20254;1452;10;125635;125640;0
S20254;1452;9;125640;125645;0
S20254;1452;8;125645;125650;0
S20254;1452;7;125650;125655;0
S20254;1452;6;125655;125660;0
S20254;1452;5;125660;125665;0
S20254;1452;4;125665;125670;0
S20254;1452;3;125670;125675;0
S20254;1452;2;125675;125680;0
S20254;1452;1;125680;125700;0
S20254;1453;0;112160;112160;1
S20254;1453;1;112170;112190;1
S20254;1453;2;112190;112195;1
S20254;1453;3;112195;112200;1
S20254;1453;4;112200;112205;1
S20254;1453;5;112205;112210;1
S20254;1453;6;112210;112215;1
S20254;1453;7;112215;112220;1
S20254;1453;8;112220;112225;1
S20254;1453;9;112225;112230;1
S20254;1453;10;112230;112235;1
S20254;1453;11;112235;112240;1
S20254;1453;12;112240;112245;1
S20254;1453;13;112245;112250;1
S20254;1453;67;112250;112265;1
S20254;1453;67;114305;114335;0
S20254;1453;13;114335;114340;0
S20254;1453;12;114340;114345;0
S20254;1453;11;114345;114350;0
S20254;1453;10;114350;114355;0
S20254;1453;9;114355;114360;0
S20254;1453;8;114360;114365;0
S20254;1453;7;114365;114370;0
S20254;1453;6;114370;114375;0
S20254;1453;5;114375;114380;0
S20254;1453;4;114380;114385;0
S20254;1453;3;114385;114390;0
S20254;1453;2;114390;114395;0
S20254;1453;1;114395;114415;0
S20254;1454;0;112325;112325;1
S20254;1454;1;115350;115370;1
S20254;1454;2;115370;115375;1
S20254;1454;3;115375;115380;1
S20254;1454;4;115380;115385;1
S20254;1454;5;115385;115390;1
S20254;1454;6;115390;115395;1
S20254;1454;7;115395;115400;1
S20254;1454;8;115400;115405;1
S20254;1454;9;115405;115410;1
S20254;1454;10;115410;115415;1
S20254;1454;11;115415;115420;1
S20254;1454;12;115420;115425;1
S20254;1454;64;115425;115460;1
S20254;1454;64;116445;116455;0
S20254;1454;12;116455;116460;0
S20254;1454;11;116460;116465;0
S20254;1454;10;116465;116470;0
S20254;1454;9;116470;116475;0
S20254;1454;8;116475;116480;0
S20254;1454;7;116480;116485;0
S20254;1454;6;116485;116490;0
S20254;1454;5;116490;116495;0
S20254;1454;4;116495;116500;0
S20254;1454;3;116500;116505;0
S20254;1454;2;116505;116510;0
S20254;1454;1;116510;116530;0
S20254;1455;0;112350;112350;1
S20254;1455;1;112355;112375;1
S20254;1455;2;112375;112380;1
S20254;1455;3;112380;112385;1
S20254;1455;4;112385;112390;1
S20254;1455;5;112390;112395;1
S20254;1455;33;112395;112410;1
S20254;1455;33;113870;113900;0
S20254;1455;5;113900;113905;0
S20254;1455;4;113905;113910;0
S20254;1455;3;113910;113915;0
S20254;1455;2;113915;113920;0
S20254;1455;1;113920;113940;0
S20254;1456;0;112380;112380;1
S20254;1456;1;113795;113815;1
S20254;1456;2;113815;113820;1
S20254;1456;3;113820;113825;1
S20254;1456;4;113825;113830;1
S20254;1456;5;113830;113835;1
S20254;1456;6;113835;113840;1
S20254;1456;7;113840;113845;1
S20254;1456;8;113845;113850;1
S20254;1456;9;113850;113855;1
S20254;1456;10;113855;113860;1
S20254;1456;53;113860;113875;1
S20254;1456;53;115065;115095;0
S20254;1456;10;115095;115100;0
S20254;1456;9;115100;115105;0
S20254;1456;8;115105;115110;0
S20254;1456;7;115110;115115;0
S20254;1456;6;115115;115120;0
S20254;1456;5;115120;115125;0
S20254;1456;4;115125;115130;0
S20254;1456;3;115130;115135;0
S20254;1456;2;115135;115140;0
S20254;1456;1;115140;115160;0
S20254;1457;0;112470;112470;1
S20254;1457;1;112615;112635;1
S20254;1457;83;112635;112670;1
S20254;1457;83;113445;113455;0
S20254;1457;1;113455;113475;0
S20254;1458;0;112520;112520;1
S20254;1458;1;119045;119065;1
S20254;1458;2;119065;119070;1
S20254;1458;3;119070;119075;1
S20254;1458;4;119075;119080;1
S20254;1458;5;119080;119085;1
S20254;1458;6;119085;119090;1
S20254;1458;7;119090;119095;1
S20254;1458;8;119095;119100;1
S20254;1458;9;119100;119105;1
S20254;1458;10;119105;119110;1
S20254;1458;11;119110;119115;1
S20254;1458;12;119115;119120;1
S20254;1458;13;119120;119125;1
S20254;1458;70;119125;119160;1
S20254;1458;70;121795;121805;0
S20254;1458;13;121805;121810;0
S20254;1458;12;121810;121815;0
S20254;1458;11;121815;121820;0
S20254;1458;10;121820;121825;0
S20254;1458;9;121825;121830;0
S20254;1458;8;121830;121835;0
S20254;1458;7;121835;121840;0
S20254;1458;6;121840;121845;0
S20254;1458;5;121845;121850;0
S20254;1458;4;121850;121855;0
S20254;1458;3;121855;121860;0
S20254;1458;2;121860;121865;0
S20254;1458;1;121865;121885;0
S20254;1459;0;112545;112545;1
S20254;1459;1;112690;112710;1
S20254;1459;2;112710;112715;1
S20254;1459;3;112715;112720;1
S20254;1459;4;112720;112725;1
S20254;1459;5;112725;112730;1
S20254;1459;34;112730;112745;1
S20254;1459;34;114195;114225;0
S20254;1459;5;114225;114230;0
S20254;1459;4;114230;114235;0
S20254;1459;3;114235;114240;0
S20254;1459;2;114240;114245;0
S20254;1459;1;114245;114265;0
S20254;1460;0;112660;112660;1
S20254;1460;1;112660;112680;1
S20254;1460;2;112680;112685;1
S20254;1460;3;112685;112690;1
S20254;1460;4;112690;112695;1
S20254;1460;5;112695;112700;1
S20254;1460;6;112700;112705;1
S20254;1460;7;112705;112710;1
S20254;1460;8;112710;112715;1
S20254;1460;9;112715;112720;1
S20254;1460;10;112720;112725;1
S20254;1460;11;112725;112730;1
S20254;1460;12;112730;112735;1
S20254;1460;65;112735;112750;1
S20254;1460;65;113895;113925;0
S20254;1460;12;113925;113930;0
S20254;1460;11;113930;113935;0
S20254;1460;10;113935;113940;0
S20254;1460;9;113940;113945;0
S20254;1460;8;113945;113950;0
S20254;1460;7;113950;113955;0
S20254;1460;6;113955;113960;0
S20254;1460;5;113960;113965;0
S20254;1460;4;113965;113970;0
S20254;1460;3;113970;113975;0
S20254;1460;2;113975;113980;0
S20254;1460;1;113980;114000;0
S20254;1461;0;112665;112665;1
S20254;1461;1;112675;112695;1
S20254;1461;2;112695;112700;1
S20254;1461;3;112700;112705;1
S20254;1461;4;112705;112710;1
S20254;1461;5;112710;112715;1
S20254;1461;6;112715;112720;1
S20254;1461;38;112720;112755;1
S20254;1461;38;113700;113710;0
S20254;1461;6;113710;113715;0
S20254;1461;5;113715;113720;0
S20254;1461;4;113720;113725;0
S20254;1461;3;113725;113730;0
S20254;1461;2;113730;113735;0
S20254;1461;1;113735;113755;0
S20254;1462;0;112820;112820;1
S20254;1462;1;113780;113800;1
S20254;1462;2;113800;113805;1
S20254;1462;3;113805;113810;1
S20254;1462;4;113810;113815;1
S20254;1462;5;113815;113820;1
S20254;1462;6;113820;113825;1
S20254;1462;7;113825;113830;1
S20254;1462;8;113830;113835;1
S20254;1462;9;113835;113840;1
S20254;1462;10;113840;113845;1
S20254;1462;11;113845;113850;1
S20254;1462;12;113850;113855;1
S20254;1462;66;113855;113890;1
S20254;1462;66;114780;114790;0
S20254;1462;12;114790;114795;0
S20254;1462;11;114795;114800;0
S20254;1462;10;114800;114805;0
S20254;1462;9;114805;114810;0
S20254;1462;8;114810;114815;0
S20254;1462;7;114815;114820;0
S20254;1462;6;114820;114825;0
S20254;1462;5;114825;114830;0
S20254;1462;4;114830;114835;0
S20254;1462;3;114835;114840;0
S20254;1462;2;114840;114845;0
S20254;1462;1;114845;114865;0
S20254;1463;0;112830;112830;1
S20254;1463;1;113810;113830;1
S20254;1463;2;113830;113835;1
S20254;1463;3;113835;113840;1
S20254;1463;4;113840;113845;1
S20254;1463;5;113845;113850;1
S20254;1463;6;113850;113855;1
S20254;1463;38;113855;113890;1
S20254;1463;38;114485;114495;0
S20254;1463;6;114495;114500;0
S20254;1463;5;114500;114505;0
S20254;1463;4;114505;114510;0
S20254;1463;3;114510;114515;0
S20254;1463;2;114515;114520;0
S20254;1463;1;114520;114540;0
S20254;1464;0;112860;112860;1
S20254;1464;1;116700;116720;1
S20254;1464;2;116720;116725;1
S20254;1464;3;116725;116730;1
S20254;1464;4;116730;116735;1
S20254;1464;26;116735;116770;1
S20254;1464;26;118935;118945;0
S20254;1464;4;118945;118950;0
S20254;1464;3;118950;118955;0
S20254;1464;2;118955;118960;0
S20254;1464;1;118960;118980;0
S20254;1465;0;112860;112860;1
S20254;1465;1;118260;118280;1
S20254;1465;2;118280;118285;1
S20254;1465;3;118285;118290;1
S20254;1465;4;118290;118295;1
S20254;1465;5;118295;118300;1
S20254;1465;6;118300;118305;1
S20254;1465;7;118305;118310;1
S20254;1465;8;118310;118315;1
S20254;1465;9;118315;118320;1
S20254;1465;50;118320;118355;1
S20254;1465;50;121415;121425;0
S20254;1465;9;121425;121430;0
S20254;1465;8;121430;121435;0
S20254;1465;7;121435;121440;0
S20254;1465;6;121440;121445;0
S20254;1465;5;121445;121450;0
S20254;1465;4;121450;121455;0
S20254;1465;3;121455;121460;0
S20254;1465;2;121460;121465;0
S20254;1465;1;121465;121485;0
S20254;1466;0;112950;112950;1
S20254;1466;1;114615;114635;1
S20254;1466;2;114635;114640;1
S20254;1466;3;114640;114645;1
S20254;1466;4;114645;114650;1
S20254;1466;5;114650;114655;1
S20254;1466;6;114655;114660;1
S20254;1466;7;114660;114665;1
S20254;1466;8;114665;114670;1
S20254;1466;9;114670;114675;1
S20254;1466;10;114675;114680;1
S20254;1466;11;114680;114685;1
S20254;1466;12;114685;114690;1
S20254;1466;65;114690;114705;1
S20254;1466;65;116405;116435;0
S20254;1466;12;116435;116440;0
S20254;1466;11;116440;116445;0
S20254;1466;10;116445;116450;0
S20254;1466;9;116450;116455;0
S20254;1466;8;116455;116460;0
S20254;1466;7;116460;116465;0
S20254;1466;6;116465;116470;0
S20254;1466;5;116470;116475;0
S20254;1466;4;116475;116480;0
S20254;1466;3;116480;116485;0
S20254;1466;2;116485;116490;0
S20254;1466;1;116490;116510;0
S20254;1467;0;113040;113040;1
S20254;1467;1;113760;113780;1
S20254;1467;2;113780;113785;1
S20254;1467;3;113785;113790;1
S20254;1467;4;113790;113795;1
S20254;1467;5;113795;113800;1
S20254;1467;6;113800;113805;1
S20254;1467;7;113805;113810;1
S20254;1467;8;113810;113815;1
S20254;1467;9;113815;113820;1
S20254;1467;10;113820;113825;1
S20254;1467;11;113825;113830;1
S20254;1467;12;113830;113835;1
S20254;1467;64;113835;113850;1
S20254;1467;64;114795;114825;0
S20254;1467;12;114825;114830;0
S20254;1467;11;114830;114835;0
S20254;1467;10;114835;114840;0
S20254;1467;9;114840;114845;0
S20254;1467;8;114845;114850;0
S20254;1467;7;114850;114855;0
S20254;1467;6;114855;114860;0
S20254;1467;5;114860;114865;0
S20254;1467;4;114865;114870;0
S20254;1467;3;114870;114875;0
S20254;1467;2;114875;114880;0
S20254;1467;1;114880;114900;0
S20254;1468;0;113145;113145;1
S20254;1468;1;113145;113165;1
S20254;1468;2;113165;113170;1
S20254;1468;3;113170;113175;1
S20254;1468;4;113175;113180;1
S20254;1468;5;113180;113185;1
S20254;1468;35;113185;113220;1
S20254;1468;35;115295;115305;0
S20254;1468;5;115305;115310;0
S20254;1468;4;115310;115315;0
S20254;1468;3;115315;115320;0
S20254;1468;2;115320;115325;0
S20254;1468;1;115325;115345;0
S20254;1469;0;113150;113150;1
S20254;1469;1;114370;114390;1
S20254;1469;2;114390;114395;1
S20254;1469;3;114395;114400;1
S20254;1469;4;114400;114405;1
S20254;1469;5;114405;114410;1
S20254;1469;6;114410;114415;1
S20254;1469;7;114415;114420;1
S20254;1469;8;114420;114425;1
S20254;1469;9;114425;114430;1
S20254;1469;10;114430;114435;1
S20254;1469;11;114435;114440;1
S20254;1469;60;114440;114475;1
S20254;1469;60;117265;117275;0
S20254;1469;11;117275;117280;0
S20254;1469;10;117280;117285;0
S20254;1469;9;117285;117290;0
S20254;1469;8;117290;117295;0
S20254;1469;7;117295;117300;0
S20254;1469;6;117300;117305;0
S20254;1469;5;117305;117310;0
S20254;1469;4;117310;117315;0
S20254;1469;3;117315;117320;0
S20254;1469;2;117320;117325;0
S20254;1469;1;117325;117345;0
S20254;1470;0;113190;113190;1
S20254;1470;1;114975;114995;1
S20254;1470;2;114995;115000;1
S20254;1470;3;115000;115005;1
S20254;1470;4;115005;115010;1
S20254;1470;5;115010;115015;1
S20254;1470;33;115015;115030;1
S20254;1470;33;116970;117000;0
S20254;1470;5;117000;117005;0
S20254;1470;4;117005;117010;0
S20254;1470;3;117010;117015;0
S20254;1470;2;117015;117020;0
S20254;1470;1;117020;117040;0
S20254;1471;0;113390;113390;1
S20254;1471;1;114930;114950;1
S20254;1471;2;114950;114955;1
S20254;1471;3;114955;114960;1
S20254;1471;4;114960;114965;1
S20254;1471;5;114965;114970;1
S20254;1471;6;114970;114975;1
S20254;1471;7;114975;114980;1
S20254;1471;8;114980;114985;1
S20254;1471;9;114985;114990;1
S20254;1471;10;114990;114995;1
S20254;1471;11;114995;115000;1
S20254;1471;12;115000;115005;1
S20254;1471;66;115005;115020;1
S20254;1471;66;116495;116525;0
S20254;1471;12;116525;116530;0
S20254;1471;11;116530;116535;0
S20254;1471;10;116535;116540;0
S20254;1471;9;116540;116545;0
S20254;1471;8;116545;116550;0
S20254;1471;7;116550;116555;0
S20254;1471;6;116555;116560;0
S20254;1471;5;116560;116565;0
S20254;1471;4;116565;116570;0
S20254;1471;3;116570;116575;0
S20254;1471;2;116575;116580;0
S20254;1471;1;116580;116600;0
S20254;1472;0;113550;113550;1
S20254;1472;1;113550;113570;1
S20254;1472;2;113570;113575;1
S20254;1472;3;113575;113580;1
S20254;1472;4;113580;113585;1
S20254;1472;5;113585;113590;1
S20254;1472;30;113590;113625;1
S20254;1472;30;118575;118585;0
S20254;1472;5;118585;118590;0
S20254;1472;4;118590;118595;0
S20254;1472;3;118595;118600;0
S20254;1472;2;118600;118605;0
S20254;1472;1;118605;118625;0
S20254;1473;0;113560;113560;1
S20254;1473;1;122415;122435;1
S20254;1473;2;122435;122440;1
S20254;1473;3;122440;122445;1
S20254;1473;19;122445;122480;1
S20254;1473;19;125945;125955;0
S20254;1473;3;125955;125960;0
S20254;1473;2;125960;125965;0
S20254;1473;1;125965;125985;0
S20254;1474;0;113580;113580;1
S20254;1474;1;113590;113610;1
S20254;1474;2;113610;113615;1
S20254;1474;3;113615;113620;1
S20254;1474;4;113620;113625;1
S20254;1474;5;113625;113630;1
S20254;1474;6;113630;113635;1
S20254;1474;7;113635;113640;1
S20254;1474;8;113640;113645;1
S20254;1474;9;113645;113650;1
S20254;1474;10;113650;113655;1
S20254;1474;11;113655;113660;1
S20254;1474;12;113660;113665;1
S20254;1474;13;113665;113670;1
S20254;1474;69;113670;113685;1
S20254;1474;69;116785;116815;0
S20254;1474;13;116815;116820;0
S20254;1474;12;116820;116825;0
S20254;1474;11;116825;116830;0
S20254;1474;10;116830;116835;0
S20254;1474;9;116835;116840;0
S20254;1474;8;116840;116845;0
S20254;1474;7;116845;116850;0
S20254;1474;6;116850;116855;0
S20254;1474;5;116855;116860;0
S20254;1474;4;116860;116865;0
S20254;1474;3;116865;116870;0
S20254;1474;2;116870;116875;0
S20254;1474;1;116875;116895;0
S20254;1475;0;113930;113930;1
S20254;1475;1;114080;114100;1
S20254;1475;2;114100;114105;1
S20254;1475;3;114105;114110;1
S20254;1475;4;114110;114115;1
S20254;1475;5;114115;114120;1
S20254;1475;6;114120;114125;1
S20254;1475;7;114125;114130;1
S20254;1475;8;114130;114135;1
S20254;1475;9;114135;114140;1
S20254;1475;10;114140;114145;1
S20254;1475;11;114145;114150;1
S20254;1475;12;114150;114155;1
S20254;1475;65;114155;114170;1
S20254;1475;65;114675;114705;0
S20254;1475;12;114705;114710;0
S20254;1475;11;114710;114715;0
S20254;1475;10;114715;114720;0
S20254;1475;9;114720;114725;0
S20254;1475;8;114725;114730;0
S20254;1475;7;114730;114735;0
S20254;1475;6;114735;114740;0
S20254;1475;5;114740;114745;0
S20254;1475;4;114745;114750;0
S20254;1475;3;114750;114755;0
S20254;1475;2;114755;114760;0
S20254;1475;1;114760;114780;0
S20254;1476;0;114080;114080;1
S20254;1476;1;116935;116955;1
S20254;1476;2;116955;116960;1
S20254;1476;3;116960;116965;1
S20254;1476;4;116965;116970;1
S20254;1476;5;116970;116975;1
S20254;1476;33;116975;117010;1
S20254;1476;33;119655;119665;0
S20254;1476;5;119665;119670;0
S20254;1476;4;119670;119675;0
S20254;1476;3;119675;119680;0
S20254;1476;2;119680;119685;0
S20254;1476;1;119685;119705;0
S20254;1478;0;114240;114240;1
S20254;1478;1;114285;114305;1
S20254;1478;2;114305;114310;1
S20254;1478;3;114310;114315;1
S20254;1478;4;114315;114320;1
S20254;1478;5;114320;114325;1
S20254;1478;36;114325;114340;1
S20254;1478;36;115435;115465;0
S20254;1478;5;115465;115470;0
S20254;1478;4;115470;115475;0
S20254;1478;3;115475;115480;0
S20254;1478;2;115480;115485;0
S20254;1478;1;115485;115505;0
S20254;1479;0;114270;114270;1
S20254;1479;1;122400;122420;1
S20254;1479;2;122420;122425;1
S20254;1479;3;122425;122430;1
S20254;1479;4;122430;122435;1
S20254;1479;5;122435;122440;1
S20254;1479;6;122440;122445;1
S20254;1479;7;122445;122450;1
S20254;1479;8;122450;122455;1
S20254;1479;9;122455;122460;1
S20254;1479;50;122460;122495;1
S20254;1479;50;125550;125560;0
S20254;1479;9;125560;125565;0
S20254;1479;8;125565;125570;0
S20254;1479;7;125570;125575;0
S20254;1479;6;125575;125580;0
S20254;1479;5;125580;125585;0
S20254;1479;4;125585;125590;0
S20254;1479;3;125590;125595;0
S20254;1479;2;125595;125600;0
S20254;1479;1;125600;125620;0
S20254;1480;0;114420;114420;1
S20254;1480;1;114435;114455;1
S20254;1480;2;114455;114460;1
S20254;1480;3;114460;114465;1
S20254;1480;4;114465;114470;1
S20254;1480;5;114470;114475;1
S20254;1480;34;114475;114490;1
S20254;1480;34;116040;116070;0
S20254;1480;5;116070;116075;0
S20254;1480;4;116075;116080;0
S20254;1480;3;116080;116085;0
S20254;1480;2;116085;116090;0
S20254;1480;1;116090;116110;0
S20254;1481;0;114555;114555;1
S20254;1481;1;114630;114650;1
S20254;1481;2;114650;114655;1
S20254;1481;3;114655;114660;1
S20254;1481;21;114660;114695;1
S20254;1481;21;116215;116225;0
S20254;1481;3;116225;116230;0
S20254;1481;2;116230;116235;0
S20254;1481;1;116235;116255;0
S20254;1482;0;114600;114600;1
S20254;1482;1;115990;116010;1
S20254;1482;2;116010;116015;1
S20254;1482;3;116015;116020;1
S20254;1482;4;116020;116025;1
S20254;1482;5;116025;116030;1
S20254;1482;34;116030;116045;1
S20254;1482;34;117595;117625;0
S20254;1482;5;117625;117630;0
S20254;1482;4;117630;117635;0
S20254;1482;3;117635;117640;0
S20254;1482;2;117640;117645;0
S20254;1482;1;117645;117665;0
S20254;1483;0;114700;114700;1
S20254;1483;1;114905;114925;1
S20254;1483;2;114925;114930;1
S20254;1483;3;114930;114935;1
S20254;1483;4;114935;114940;1
S20254;1483;5;114940;114945;1
S20254;1483;6;114945;114950;1
S20254;1483;7;114950;114955;1
S20254;1483;8;114955;114960;1
S20254;1483;9;114960;114965;1
S20254;1483;10;114965;114970;1
S20254;1483;11;114970;114975;1
S20254;1483;12;114975;114980;1
S20254;1483;13;114980;114985;1
S20254;1483;67;114985;115020;1
S20254;1483;67;118385;118395;0
S20254;1483;13;118395;118400;0
S20254;1483;12;118400;118405;0
S20254;1483;11;118405;118410;0
S20254;1483;10;118410;118415;0
S20254;1483;9;118415;118420;0
S20254;1483;8;118420;118425;0
S20254;1483;7;118425;118430;0
S20254;1483;6;118430;118435;0
S20254;1483;5;118435;118440;0
S20254;1483;4;118440;118445;0
S20254;1483;3;118445;118450;0
S20254;1483;2;118450;118455;0
S20254;1483;1;118455;118475;0
S20254;1484;0;114715;114715;1
S20254;1484;1;116260;116280;1
S20254;1484;2;116280;116285;1
S20254;1484;3;116285;116290;1
S20254;1484;21;116290;116305;1
S20254;1484;21;117975;118005;0
S20254;1484;3;118005;118010;0
S20254;1484;2;118010;118015;0
S20254;1484;1;118015;118035;0
S20254;1485;0;114740;114740;1
S20254;1485;1;116300;116320;1
S20254;1485;2;116320;116325;1
S20254;1485;3;116325;116330;1
S20254;1485;4;116330;116335;1
S20254;1485;5;116335;116340;1
S20254;1485;6;116340;116345;1
S20254;1485;7;116345;116350;1
S20254;1485;8;116350;116355;1
S20254;1485;9;116355;116360;1
S20254;1485;10;116360;116365;1
S20254;1485;11;116365;116370;1
S20254;1485;12;116370;116375;1
S20254;1485;65;116375;116410;1
S20254;1485;65;118170;118180;0
S20254;1485;12;118180;118185;0
S20254;1485;11;118185;118190;0
S20254;1485;10;118190;118195;0
S20254;1485;9;118195;118200;0
S20254;1485;8;118200;118205;0
S20254;1485;7;118205;118210;0
S20254;1485;6;118210;118215;0
S20254;1485;5;118215;118220;0
S20254;1485;4;118220;118225;0
S20254;1485;3;118225;118230;0
S20254;1485;2;118230;118235;0
S20254;1485;1;118235;118255;0
S20254;1487;0;114930;114930;1
S20254;1487;1;123110;123130;1
S20254;1487;2;123130;123135;1
S20254;1487;3;123135;123140;1
S20254;1487;4;123140;123145;1
S20254;1487;5;123145;123150;1
S20254;1487;6;123150;123155;1
S20254;1487;7;123155;123160;1
S20254;1487;8;123160;123165;1
S20254;1487;9;123165;123170;1
S20254;1487;10;123170;123175;1
S20254;1487;11;123175;123180;1
S20254;1487;12;123180;123185;1
S20254;1487;13;123185;123190;1
S20254;1487;67;123190;123205;1
S20254;1487;67;126050;126080;0
S20254;1487;13;126080;126085;0
S20254;1487;12;126085;126090;0
S20254;1487;11;126090;126095;0
S20254;1487;10;126095;126100;0
S20254;1487;9;126100;126105;0
S20254;1487;8;126105;126110;0
S20254;1487;7;126110;126115;0
S20254;1487;6;126115;126120;0
S20254;1487;5;126120;126125;0
S20254;1487;4;126125;126130;0
S20254;1487;3;126130;126135;0
S20254;1487;2;126135;126140;0
S20254;1487;1;126140;126160;0
S20254;1488;0;114960;114960;1
S20254;1488;1;115260;115280;1
S20254;1488;2;115280;115285;1
S20254;1488;3;115285;115290;1
S20254;1488;4;115290;115295;1
S20254;1488;5;115295;115300;1
S20254;1488;35;115300;115315;1
S20254;1488;35;116745;116775;0
S20254;1488;5;116775;116780;0
S20254;1488;4;116780;116785;0
S20254;1488;3;116785;116790;0
S20254;1488;2;116790;116795;0
S20254;1488;1;116795;116815;0
S20254;1489;0;115020;115020;1
S20254;1489;1;115685;115705;1
S20254;1489;2;115705;115710;1
S20254;1489;3;115710;115715;1
S20254;1489;4;115715;115720;1
S20254;1489;5;115720;115725;1
S20254;1489;6;115725;115730;1
S20254;1489;7;115730;115735;1
S20254;1489;8;115735;115740;1
S20254;1489;49;115740;115775;1
S20254;1489;49;124265;124275;0
S20254;1489;8;124275;124280;0
S20254;1489;7;124280;124285;0
S20254;1489;6;124285;124290;0
S20254;1489;5;124290;124295;0
S20254;1489;4;124295;124300;0
S20254;1489;3;124300;124305;0
S20254;1489;2;124305;124310;0
S20254;1489;1;124310;124330;0
S20254;1490;0;115310;115310;1
S20254;1490;1;115365;115385;1
S20254;1490;2;115385;115390;1
S20254;1490;3;115390;115395;1
S20254;1490;4;115395;115400;1
S20254;1490;5;115400;115405;1
S20254;1490;6;115405;115410;1
S20254;1490;7;115410;115415;1
S20254;1490;8;115415;115420;1
S20254;1490;9;115420;115425;1
S20254;1490;50;115425;115460;1
S20254;1490;50;116415;116425;0
S20254;1490;9;116425;116430;0
S20254;1490;8;116430;116435;0
S20254;1490;7;116435;116440;0
S20254;1490;6;116440;116445;0
S20254;1490;5;116445;116450;0
S20254;1490;4;116450;116455;0
S20254;1490;3;116455;116460;0
S20254;1490;2;116460;116465;0
S20254;1490;1;116465;116485;0
S20254;1492;0;115590;115590;1
S20254;1492;1;115600;115620;1
S20254;1492;2;115620;115625;1
S20254;1492;3;115625;115630;1
S20254;1492;4;115630;115635;1
S20254;1492;5;115635;115640;1
S20254;1492;6;115640;115645;1
S20254;1492;39;115645;115680;1
S20254;1492;39;116415;116425;0
S20254;1492;6;116425;116430;0
S20254;1492;5;116430;116435;0
S20254;1492;4;116435;116440;0
S20254;1492;3;116440;116445;0
S20254;1492;2;116445;116450;0
S20254;1492;1;116450;116470;0
S20254;1493;0;115630;115630;1
S20254;1493;1;115640;115660;1
S20254;1493;2;115660;115665;1
S20254;1493;3;115665;115670;1
S20254;1493;4;115670;115675;1
S20254;1493;5;115675;115680;1
S20254;1493;6;115680;115685;1
S20254;1493;7;115685;115690;1
S20254;1493;8;115690;115695;1
S20254;1493;9;115695;115700;1
S20254;1493;10;115700;115705;1
S20254;1493;53;115705;115720;1
S20254;1493;53;117350;117380;0
S20254;1493;10;117380;117385;0
S20254;1493;9;117385;117390;0
S20254;1493;8;117390;117395;0
S20254;1493;7;117395;117400;0
S20254;1493;6;117400;117405;0
S20254;1493;5;117405;117410;0
S20254;1493;4;117410;117415;0
S20254;1493;3;117415;117420;0
S20254;1493;2;117420;117425;0
S20254;1493;1;117425;117445;0
S20254;1494;0;115650;115650;1
S20254;1494;1;115660;115680;1
S20254;1494;2;115680;115685;1
S20254;1494;3;115685;115690;1
S20254;1494;4;115690;115695;1
S20254;1494;5;115695;115700;1
S20254;1494;6;115700;115705;1
S20254;1494;7;115705;115710;1
S20254;1494;8;115710;115715;1
S20254;1494;9;115715;115720;1
S20254;1494;10;115720;115725;1
S20254;1494;11;115725;115730;1
S20254;1494;12;115730;115735;1
S20254;1494;13;115735;115740;1
S20254;1494;70;115740;115775;1
S20254;1494;70;118775;118785;0
S20254;1494;13;118785;118790;0
S20254;1494;12;118790;118795;0
S20254;1494;11;118795;118800;0
S20254;1494;10;118800;118805;0
S20254;1494;9;118805;118810;0
S20254;1494;8;118810;118815;0
S20254;1494;7;118815;118820;0
S20254;1494;6;118820;118825;0
S20254;1494;5;118825;118830;0
S20254;1494;4;118830;118835;0
S20254;1494;3;118835;118840;0
S20254;1494;2;118840;118845;0
S20254;1494;1;118845;118865;0
S20254;1495;0;115710;115710;1
S20254;1495;1;115975;115995;1
S20254;1495;2;115995;116000;1
S20254;1495;3;116000;116005;1
S20254;1495;4;116005;116010;1
S20254;1495;5;116010;116015;1
S20254;1495;6;116015;116020;1
S20254;1495;7;116020;116025;1
S20254;1495;8;116025;116030;1
S20254;1495;9;116030;116035;1
S20254;1495;10;116035;116040;1
S20254;1495;52;116040;116055;1
S20254;1495;52;117585;117615;0
S20254;1495;10;117615;117620;0
S20254;1495;9;117620;117625;0
S20254;1495;8;117625;117630;0
S20254;1495;7;117630;117635;0
S20254;1495;6;117635;117640;0
S20254;1495;5;117640;117645;0
S20254;1495;4;117645;117650;0
S20254;1495;3;117650;117655;0
S20254;1495;2;117655;117660;0
S20254;1495;1;117660;117680;0
S20254;1496;0;115875;115875;1
S20254;1496;1;116900;116920;1
S20254;1496;2;116920;116925;1
S20254;1496;3;116925;116930;1
S20254;1496;4;116930;116935;1
S20254;1496;5;116935;116940;1
S20254;1496;35;116940;116955;1
S20254;1496;35;118150;118180;0
S20254;1496;5;118180;118185;0
S20254;1496;4;118185;118190;0
S20254;1496;3;118190;118195;0
S20254;1496;2;118195;118200;0
S20254;1496;1;118200;118220;0
S20254;1497;0;116160;116160;1
S20254;1497;1;116640;116660;1
S20254;1497;2;116660;116665;1
S20254;1497;3;116665;116670;1
S20254;1497;4;116670;116675;1
S20254;1497;5;116675;116680;1
S20254;1497;6;116680;116685;1
S20254;1497;7;116685;116690;1
S20254;1497;8;116690;116695;1
S20254;1497;9;116695;116700;1
S20254;1497;10;116700;116705;1
S20254;1497;11;116705;116710;1
S20254;1497;12;116710;116715;1
S20254;1497;66;116715;116730;1
S20254;1497;66;118580;118610;0
S20254;1497;12;118610;118615;0
S20254;1497;11;118615;118620;0
S20254;1497;10;118620;118625;0
S20254;1497;9;118625;118630;0
S20254;1497;8;118630;118635;0
S20254;1497;7;118635;118640;0
S20254;1497;6;118640;118645;0
S20254;1497;5;118645;118650;0
S20254;1497;4;118650;118655;0
S20254;1497;3;118655;118660;0
S20254;1497;2;118660;118665;0
S20254;1497;1;118665;118685;0
S20254;1498;0;116205;116205;1
S20254;1498;1;116210;116230;1
S20254;1498;2;116230;116235;1
S20254;1498;3;116235;116240;1
S20254;1498;4;116240;116245;1
S20254;1498;5;116245;116250;1
S20254;1498;6;116250;116255;1
S20254;1498;7;116255;116260;1
S20254;1498;8;116260;116265;1
S20254;1498;9;116265;116270;1
S20254;1498;10;116270;116275;1
S20254;1498;11;116275;116280;1
S20254;1498;62;116280;116315;1
S20254;1498;62;119700;119710;0
S20254;1498;11;119710;119715;0
S20254;1498;10;119715;119720;0
S20254;1498;9;119720;119725;0
S20254;1498;8;119725;119730;0
S20254;1498;7;119730;119735;0
S20254;1498;6;119735;119740;0
S20254;1498;5;119740;119745;0
S20254;1498;4;119745;119750;0
S20254;1498;3;119750;119755;0
S20254;1498;2;119755;119760;0
S20254;1498;1;119760;119780;0
S20254;1499;0;116220;116220;1
S20254;1499;1;116330;116350;1
S20254;1499;2;116350;116355;1
S20254;1499;3;116355;116360;1
S20254;1499;4;116360;116365;1
S20254;1499;5;116365;116370;1
S20254;1499;36;116370;116385;1
S20254;1499;36;117015;117045;0
S20254;1499;5;117045;117050;0
S20254;1499;4;117050;117055;0
S20254;1499;3;117055;117060;0
S20254;1499;2;117060;117065;0
S20254;1499;1;117065;117085;0
S20254;1500;0;116630;116630;1
S20254;1500;1;118985;119005;1
S20254;1500;2;119005;119010;1
S20254;1500;3;119010;119015;1
S20254;1500;4;119015;119020;1
S20254;1500;26;119020;119055;1
S20254;1500;26;121085;121095;0
S20254;1500;4;121095;121100;0
S20254;1500;3;121100;121105;0
S20254;1500;2;121105;121110;0
S20254;1500;1;121110;121130;0
S20254;1501;0;116645;116645;1
S20254;1501;1;128190;128210;1
S20254;1501;2;128210;128215;1
S20254;1501;3;128215;128220;1
S20254;1501;4;128220;128225;1
S20254;1501;5;128225;128230;1
S20254;1501;6;128230;128235;1
S20254;1501;7;128235;128240;1
S20254;1501;8;128240;128245;1
S20254;1501;9;128245;128250;1
S20254;1501;10;128250;128255;1
S20254;1501;11;128255;128260;1
S20254;1501;12;128260;128265;1
S20254;1501;13;128265;128270;1
S20254;1501;14;128270;128275;1
S20254;1501;15;128275;128280;1
S20254;1501;16;128280;128295;1
S20254;1501;73;128295;128340;1
S20254;1502;0;116980;116980;1
S20254;1502;1;118500;118520;1
S20254;1502;2;118520;118525;1
S20254;1502;3;118525;118530;1
S20254;1502;4;118530;118535;1
S20254;1502;5;118535;118540;1
S20254;1502;6;118540;118545;1
S20254;1502;7;118545;118550;1
S20254;1502;8;118550;118555;1
S20254;1502;9;118555;118560;1
S20254;1502;10;118560;118565;1
S20254;1502;11;118565;118570;1
S20254;1502;12;118570;118575;1
S20254;1502;66;118575;118590;1
S20254;1502;66;119615;119645;0
S20254;1502;12;119645;119650;0
S20254;1502;11;119650;119655;0
S20254;1502;10;119655;119660;0
S20254;1502;9;119660;119665;0
S20254;1502;8;119665;119670;0
S20254;1502;7;119670;119675;0
S20254;1502;6;119675;119680;0
S20254;1502;5;119680;119685;0
S20254;1502;4;119685;119690;0
S20254;1502;3;119690;119695;0
S20254;1502;2;119695;119700;0
S20254;1502;1;119700;119720;0
S20254;1503;0;117230;117230;1
S20254;1503;1;117230;117250;1
S20254;1503;2;117250;117255;1
S20254;1503;3;117255;117260;1
S20254;1503;20;117260;117295;1
S20254;1503;20;121715;121725;0
S20254;1503;3;121725;121730;0
S20254;1503;2;121730;121735;0
S20254;1503;1;121735;121755;0
S20254;1504;0;117250;117250;1
S20254;1504;1;128935;128955;1
S20254;1504;2;128955;128960;1
S20254;1504;3;128960;128965;1
S20254;1504;4;128965;128970;1
S20254;1504;5;128970;128975;1
S20254;1504;6;128975;128980;1
S20254;1504;7;128980;128985;1
S20254;1504;8;128985;128990;1
S20254;1504;9;128990;128995;1
S20254;1504;10;128995;129000;1
S20254;1504;11;129000;129005;1
S20254;1504;12;129005;129010;1
S20254;1504;13;129010;129015;1
S20254;1504;68;129015;129030;1
S20254;1505;0;117280;117280;1
S20254;1505;1;118085;118105;1
S20254;1505;2;118105;118110;1
S20254;1505;3;118110;118115;1
S20254;1505;4;118115;118120;1
S20254;1505;5;118120;118125;1
S20254;1505;6;118125;118130;1
S20254;1505;7;118130;118135;1
S20254;1505;8;118135;118140;1
S20254;1505;9;118140;118145;1
S20254;1505;10;118145;118150;1
S20254;1505;11;118150;118155;1
S20254;1505;12;118155;118160;1
S20254;1505;65;118160;118175;1
S20254;1505;65;119140;119170;0
S20254;1505;12;119170;119175;0
S20254;1505;11;119175;119180;0
S20254;1505;10;119180;119185;0
S20254;1505;9;119185;119190;0
S20254;1505;8;119190;119195;0
S20254;1505;7;119195;119200;0
S20254;1505;6;119200;119205;0
S20254;1505;5;119205;119210;0
S20254;1505;4;119210;119215;0
S20254;1505;3;119215;119220;0
S20254;1505;2;119220;119225;0
S20254;1505;1;119225;119245;0
S20254;1506;0;117320;117320;1
S20254;1506;1;117350;117370;1
S20254;1506;2;117370;117375;1
S20254;1506;3;117375;117380;1
S20254;1506;4;117380;117385;1
S20254;1506;5;117385;117390;1
S20254;1506;6;117390;117395;1
S20254;1506;7;117395;117400;1
S20254;1506;8;117400;117405;1
S20254;1506;9;117405;117410;1
S20254;1506;10;117410;117415;1
S20254;1506;53;117415;117430;1
S20254;1506;53;118575;118605;0
S20254;1506;10;118605;118610;0
S20254;1506;9;118610;118615;0
S20254;1506;8;118615;118620;0
S20254;1506;7;118620;118625;0
S20254;1506;6;118625;118630;0
S20254;1506;5;118630;118635;0
S20254;1506;4;118635;118640;0
S20254;1506;3;118640;118645;0
S20254;1506;2;118645;118650;0
S20254;1506;1;118650;118670;0
S20254;1507;0;117700;117700;1
S20254;1507;1;122790;122810;1
S20254;1507;2;122810;122815;1
S20254;1507;3;122815;122820;1
S20254;1507;4;122820;122825;1
S20254;1507;22;122825;122860;1
S20254;1507;22;124885;124895;0
S20254;1507;4;124895;124900;0
S20254;1507;3;124900;124905;0
S20254;1507;2;124905;124910;0
S20254;1507;1;124910;124930;0
S20254;1508;0;117830;117830;1
S20254;1508;1;117840;117860;1
S20254;1508;2;117860;117865;1
S20254;1508;3;117865;117870;1
S20254;1508;4;117870;117875;1
S20254;1508;5;117875;117880;1
S20254;1508;6;117880;117885;1
S20254;1508;7;117885;117890;1
S20254;1508;8;117890;117895;1
S20254;1508;9;117895;117900;1
S20254;1508;10;117900;117905;1
S20254;1508;11;117905;117910;1
S20254;1508;12;117910;117915;1
S20254;1508;64;117915;117950;1
S20254;1508;64;119960;119970;0
S20254;1508;12;119970;119975;0
S20254;1508;11;119975;119980;0
S20254;1508;10;119980;119985;0
S20254;1508;9;119985;119990;0
S20254;1508;8;119990;119995;0
S20254;1508;7;119995;120000;0
S20254;1508;6;120000;120005;0
S20254;1508;5;120005;120010;0
S20254;1508;4;120010;120015;0
S20254;1508;3;120015;120020;0
S20254;1508;2;120020;120025;0
S20254;1508;1;120025;120045;0
S20254;1509;0;118050;118050;1
S20254;1509;1;118135;118155;1
S20254;1509;2;118155;118160;1
S20254;1509;3;118160;118165;1
S20254;1509;4;118165;118170;1
S20254;1509;5;118170;118175;1
S20254;1509;35;118175;118190;1
S20254;1509;35;118835;118865;0
S20254;1509;5;118865;118870;0
S20254;1509;4;118870;118875;0
S20254;1509;3;118875;118880;0
S20254;1509;2;118880;118885;0
S20254;1509;1;118885;118905;0
S20254;1510;0;118080;118080;1
S20254;1510;1;119480;119500;1
S20254;1510;2;119500;119505;1
S20254;1510;3;119505;119510;1
S20254;1510;4;119510;119515;1
S20254;1510;5;119515;119520;1
S20254;1510;34;119520;119535;1
S20254;1510;34;119960;119990;0
S20254;1510;5;119990;119995;0
S20254;1510;4;119995;120000;0
S20254;1510;3;120000;120005;0
S20254;1510;2;120005;120010;0
S20254;1510;1;120010;120030;0
S20254;1511;0;118320;118320;1
S20254;1511;1;118325;118345;1
S20254;1511;2;118345;118350;1
S20254;1511;3;118350;118355;1
S20254;1511;4;118355;118360;1
S20254;1511;5;118360;118365;1
S20254;1511;6;118365;118370;1
S20254;1511;43;118370;118405;1
S20254;1511;43;119390;119400;0
S20254;1511;6;119400;119405;0
S20254;1511;5;119405;119410;0
S20254;1511;4;119410;119415;0
S20254;1511;3;119415;119420;0
S20254;1511;2;119420;119425;0
S20254;1511;1;119425;119445;0
S20254;1512;0;118360;118360;1
S20254;1512;1;118515;118535;1
S20254;1512;2;118535;118540;1
S20254;1512;3;118540;118545;1
S20254;1512;4;118545;118550;1
S20254;1512;5;118550;118555;1
S20254;1512;36;118555;118570;1
S20254;1512;36;119695;119725;0
S20254;1512;5;119725;119730;0
S20254;1512;4;119730;119735;0
S20254;1512;3;119735;119740;0
S20254;1512;2;119740;119745;0
S20254;1512;1;119745;119765;0
S20254;1513;0;118380;118380;1
S20254;1513;1;124975;124995;1
S20254;1513;2;124995;125000;1
S20254;1513;3;125000;125005;1
S20254;1513;4;125005;125010;1
S20254;1513;5;125010;125015;1
S20254;1513;6;125015;125020;1
S20254;1513;7;125020;125025;1
S20254;1513;8;125025;125030;1
S20254;1513;9;125030;125035;1
S20254;1513;10;125035;125040;1
S20254;1513;11;125040;125045;1
S20254;1513;12;125045;125050;1
S20254;1513;13;125050;125055;1
S20254;1513;68;125055;125090;1
S20254;1513;68;128735;128745;0
S20254;1513;13;128745;128750;0
S20254;1513;12;128750;128755;0
S20254;1513;11;128755;128760;0
S20254;1513;10;128760;128765;0
S20254;1513;9;128765;128770;0
S20254;1513;8;128770;128775;0
S20254;1513;7;128775;128780;0
S20254;1513;6;128780;128785;0
S20254;1513;5;128785;128790;0
S20254;1513;4;128790;128795;0
S20254;1513;3;128795;128800;0
S20254;1513;2;128800;128805;0
S20254;1513;1;128805;128825;0
S20254;1514;0;118380;118380;1
S20254;1514;1;119320;119340;1
S20254;1514;2;119340;119345;1
S20254;1514;3;119345;119350;1
S20254;1514;4;119350;119355;1
S20254;1514;5;119355;119360;1
S20254;1514;6;119360;119365;1
S20254;1514;7;119365;119370;1
S20254;1514;8;119370;119375;1
S20254;1514;9;119375;119380;1
S20254;1514;10;119380;119385;1
S20254;1514;11;119385;119390;1
S20254;1514;12;119390;119395;1
S20254;1514;13;119395;119400;1
S20254;1514;67;119400;119415;1
S20254;1514;67;120245;120275;0
S20254;1514;13;120275;120280;0
S20254;1514;12;120280;120285;0
S20254;1514;11;120285;120290;0
S20254;1514;10;120290;120295;0
S20254;1514;9;120295;120300;0
S20254;1514;8;120300;120305;0
S20254;1514;7;120305;120310;0
S20254;1514;6;120310;120315;0
S20254;1514;5;120315;120320;0
S20254;1514;4;120320;120325;0
S20254;1514;3;120325;120330;0
S20254;1514;2;120330;120335;0
S20254;1514;1;120335;120355;0
S20254;1515;0;118410;118410;1
S20254;1515;1;118430;118450;1
S20254;1515;2;118450;118455;1
S20254;1515;3;118455;118460;1
S20254;1515;4;118460;118465;1
S20254;1515;5;118465;118470;1
S20254;1515;6;118470;118475;1
S20254;1515;7;118475;118480;1
S20254;1515;8;118480;118485;1
S20254;1515;9;118485;118490;1
S20254;1515;10;118490;118495;1
S20254;1515;11;118495;118500;1
S20254;1515;60;118500;118515;1
S20254;1515;60;119985;120015;0
S20254;1515;11;120015;120020;0
S20254;1515;10;120020;120025;0
S20254;1515;9;120025;120030;0
S20254;1515;8;120030;120035;0
S20254;1515;7;120035;120040;0
S20254;1515;6;120040;120045;0
S20254;1515;5;120045;120050;0
S20254;1515;4;120050;120055;0
S20254;1515;3;120055;120060;0
S20254;1515;2;120060;120065;0
S20254;1515;1;120065;120085;0
S20254;1516;0;118515;118515;1
S20254;1516;1;119465;119485;1
S20254;1516;2;119485;119490;1
S20254;1516;3;119490;119495;1
S20254;1516;4;119495;119500;1
S20254;1516;5;119500;119505;1
S20254;1516;6;119505;119510;1
S20254;1516;7;119510;119515;1
S20254;1516;8;119515;119520;1
S20254;1516;9;119520;119525;1
S20254;1516;10;119525;119530;1
S20254;1516;53;119530;119545;1
S20254;1516;53;120420;120450;0
S20254;1516;10;120450;120455;0
S20254;1516;9;120455;120460;0
S20254;1516;8;120460;120465;0
S20254;1516;7;120465;120470;0
S20254;1516;6;120470;120475;0
S20254;1516;5;120475;120480;0
S20254;1516;4;120480;120485;0
S20254;1516;3;120485;120490;0
S20254;1516;2;120490;120495;0
S20254;1516;1;120495;120515;0
S20254;1519;0;118800;118800;1
S20254;1519;1;118820;118840;1
S20254;1519;2;118840;118845;1
S20254;1519;3;118845;118850;1
S20254;1519;4;118850;118855;1
S20254;1519;5;118855;118860;1
S20254;1519;35;118860;118875;1
S20254;1519;35;120240;120270;0
S20254;1519;5;120270;120275;0
S20254;1519;4;120275;120280;0
S20254;1519;3;120280;120285;0
S20254;1519;2;120285;120290;0
S20254;1519;1;120290;120310;0
S20254;1520;0;119190;119190;1
S20254;1520;1;119335;119355;1
S20254;1520;2;119355;119360;1
S20254;1520;3;119360;119365;1
S20254;1520;4;119365;119370;1
S20254;1520;5;119370;119375;1
S20254;1520;6;119375;119380;1
S20254;1520;7;119380;119385;1
S20254;1520;8;119385;119390;1
S20254;1520;9;119390;119395;1
S20254;1520;10;119395;119400;1
S20254;1520;11;119400;119405;1
S20254;1520;12;119405;119410;1
S20254;1520;65;119410;119425;1
S20254;1520;65;122470;122500;0
S20254;1520;12;122500;122505;0
S20254;1520;11;122505;122510;0
S20254;1520;10;122510;122515;0
S20254;1520;9;122515;122520;0
S20254;1520;8;122520;122525;0
S20254;1520;7;122525;122530;0
S20254;1520;6;122530;122535;0
S20254;1520;5;122535;122540;0
S20254;1520;4;122540;122545;0
S20254;1520;3;122545;122550;0
S20254;1520;2;122550;122555;0
S20254;1520;1;122555;122575;0
S20254;1521;0;119420;119420;1
S20254;1521;1;119515;119535;1
S20254;1521;2;119535;119540;1
S20254;1521;3;119540;119545;1
S20254;1521;4;119545;119550;1
S20254;1521;5;119550;119555;1
S20254;1521;6;119555;119560;1
S20254;1521;7;119560;119565;1
S20254;1521;8;119565;119570;1
S20254;1521;9;119570;119575;1
S20254;1521;10;119575;119580;1
S20254;1521;11;119580;119585;1
S20254;1521;12;119585;119590;1
S20254;1521;13;119590;119595;1
S20254;1521;14;119595;119600;1
S20254;1521;15;119600;119605;1
S20254;1521;16;119605;119620;1
S20254;1521;73;119620;119665;1
S20254;1521;73;126890;126900;0
S20254;1521;16;126900;126915;0
S20254;1521;15;126915;126920;0
S20254;1521;14;126920;126925;0
S20254;1521;13;126925;126930;0
S20254;1521;12;126930;126935;0
S20254;1521;11;126935;126940;0
S20254;1521;10;126940;126945;0
S20254;1521;9;126945;126950;0
S20254;1521;8;126950;126955;0
S20254;1521;7;126955;126960;0
S20254;1521;6;126960;126965;0
S20254;1521;5;126965;126970;0
S20254;1521;4;126970;126975;0
S20254;1521;3;126975;126980;0
S20254;1521;2;126980;126985;0
S20254;1521;1;126985;127005;0
S20254;1522;0;119430;119430;1
S20254;1522;1;124080;124100;1
S20254;1522;2;124100;124105;1
S20254;1522;3;124105;124110;1
S20254;1522;4;124110;124115;1
S20254;1522;5;124115;124120;1
S20254;1522;31;124120;124155;1
S20254;1522;31;126940;126950;0
S20254;1522;5;126950;126955;0
S20254;1522;4;126955;126960;0
S20254;1522;3;126960;126965;0
S20254;1522;2;126965;126970;0
S20254;1522;1;126970;126990;0
S20254;1523;0;119600;119600;1
S20254;1523;1;119600;119620;1
S20254;1523;2;119620;119625;1
S20254;1523;3;119625;119630;1
S20254;1523;17;119630;119665;1
S20254;1523;17;124795;124805;0
S20254;1523;3;124805;124810;0
S20254;1523;2;124810;124815;0
S20254;1523;1;124815;124835;0
S20254;1524;0;119750;119750;1
S20254;1524;1;119785;119805;1
S20254;1524;2;119805;119810;1
S20254;1524;3;119810;119815;1
S20254;1524;4;119815;119820;1
S20254;1524;5;119820;119825;1
S20254;1524;6;119825;119830;1
S20254;1524;7;119830;119835;1
S20254;1524;8;119835;119840;1
S20254;1524;9;119840;119845;1
S20254;1524;10;119845;119850;1
S20254;1524;11;119850;119855;1
S20254;1524;12;119855;119860;1
S20254;1524;66;119860;119895;1
S20254;1524;66;122680;122690;0
S20254;1524;12;122690;122695;0
S20254;1524;11;122695;122700;0
S20254;1524;10;122700;122705;0
S20254;1524;9;122705;122710;0
S20254;1524;8;122710;122715;0
S20254;1524;7;122715;122720;0
S20254;1524;6;122720;122725;0
S20254;1524;5;122725;122730;0
S20254;1524;4;122730;122735;0
S20254;1524;3;122735;122740;0
S20254;1524;2;122740;122745;0
S20254;1524;1;122745;122765;0
S20254;1525;0;119770;119770;1
S20254;1525;1;119855;119875;1
S20254;1525;2;119875;119880;1
S20254;1525;3;119880;119885;1
S20254;1525;4;119885;119890;1
S20254;1525;5;119890;119895;1
S20254;1525;28;119895;119930;1
S20254;1525;28;127780;127790;0
S20254;1525;5;127790;127795;0
S20254;1525;4;127795;127800;0
S20254;1525;3;127800;127805;0
S20254;1525;2;127805;127810;0
S20254;1525;1;127810;127830;0
S20254;1526;0;119780;119780;1
S20254;1526;1;119800;119820;1
S20254;1526;2;119820;119825;1
S20254;1526;3;119825;119830;1
S20254;1526;4;119830;119835;1
S20254;1526;5;119835;119840;1
S20254;1526;6;119840;119845;1
S20254;1526;7;119845;119850;1
S20254;1526;8;119850;119855;1
S20254;1526;9;119855;119860;1
S20254;1526;10;119860;119865;1
S20254;1526;11;119865;119870;1
S20254;1526;62;119870;119885;1
S20254;1526;62;123925;123955;0
S20254;1526;11;123955;123960;0
S20254;1526;10;123960;123965;0
S20254;1526;9;123965;123970;0
S20254;1526;8;123970;123975;0
S20254;1526;7;123975;123980;0
S20254;1526;6;123980;123985;0
S20254;1526;5;123985;123990;0
S20254;1526;4;123990;123995;0
S20254;1526;3;123995;124000;0
S20254;1526;2;124000;124005;0
S20254;1526;1;124005;124025;0
S20254;1527;0;119815;119815;1
S20254;1527;1;119835;119855;1
S20254;1527;2;119855;119860;1
S20254;1527;3;119860;119865;1
S20254;1527;4;119865;119870;1
S20254;1527;5;119870;119875;1
S20254;1527;33;119875;119890;1
S20254;1527;33;120700;120730;0
S20254;1527;5;120730;120735;0
S20254;1527;4;120735;120740;0
S20254;1527;3;120740;120745;0
S20254;1527;2;120745;120750;0
S20254;1527;1;120750;120770;0
S20254;1528;0;119820;119820;1
S20254;1528;1;119820;119840;1
S20254;1528;2;119840;119845;1
S20254;1528;3;119845;119850;1
S20254;1528;4;119850;119855;1
S20254;1528;5;119855;119860;1
S20254;1528;6;119860;119865;1
S20254;1528;43;119865;119900;1
S20254;1528;43;120870;120880;0
S20254;1528;6;120880;120885;0
S20254;1528;5;120885;120890;0
S20254;1528;4;120890;120895;0
S20254;1528;3;120895;120900;0
S20254;1528;2;120900;120905;0
S20254;1528;1;120905;120925;0
S20254;1530;0;119910;119910;1
S20254;1530;1;119910;119930;1
S20254;1530;2;119930;119935;1
S20254;1530;3;119935;119940;1
S20254;1530;4;119940;119945;1
S20254;1530;5;119945;119950;1
S20254;1530;6;119950;119955;1
S20254;1530;38;119955;119990;1
S20254;1530;38;120615;120625;0
S20254;1530;6;120625;120630;0
S20254;1530;5;120630;120635;0
S20254;1530;4;120635;120640;0
S20254;1530;3;120640;120645;0
S20254;1530;2;120645;120650;0
S20254;1530;1;120650;120670;0
S20254;1532;0;120190;120190;1
S20254;1532;1;127440;127460;1
S20254;1532;2;127460;127465;1
S20254;1532;3;127465;127470;1
S20254;1532;17;127470;127505;1
S20254;1533;0;120360;120360;1
S20254;1533;1;126220;126240;1
S20254;1533;2;126240;126245;1
S20254;1533;3;126245;126250;1
S20254;1533;4;126250;126255;1
S20254;1533;26;126255;126290;1
S20254;1533;26;128590;128600;0
S20254;1533;4;128600;128605;0
S20254;1533;3;128605;128610;0
S20254;1533;2;128610;128615;0
S20254;1533;1;128615;128635;0
S20254;1535;0;120480;120480;1
S20254;1535;1;125355;125375;1
S20254;1535;2;125375;125380;1
S20254;1535;3;125380;125385;1
S20254;1535;4;125385;125390;1
S20254;1535;5;125390;125395;1
S20254;1535;6;125395;125400;1
S20254;1535;7;125400;125405;1
S20254;1535;8;125405;125410;1
S20254;1535;9;125410;125415;1
S20254;1535;10;125415;125420;1
S20254;1535;11;125420;125425;1
S20254;1535;12;125425;125430;1
S20254;1535;13;125430;125435;1
S20254;1535;14;125435;125440;1
S20254;1535;15;125440;125445;1
S20254;1535;16;125445;125460;1
S20254;1535;74;125460;125505;1
S20254;1535;74;128585;128595;0
S20254;1535;16;128595;128610;0
S20254;1535;15;128610;128615;0
S20254;1535;14;128615;128620;0
S20254;1535;13;128620;128625;0
S20254;1535;12;128625;128630;0
S20254;1535;11;128630;128635;0
S20254;1535;10;128635;128640;0
S20254;1535;9;128640;128645;0
S20254;1535;8;128645;128650;0
S20254;1535;7;128650;128655;0
S20254;1535;6;128655;128660;0
S20254;1535;5;128660;128665;0
S20254;1535;4;128665;128670;0
S20254;1535;3;128670;128675;0
S20254;1535;2;128675;128680;0
S20254;1535;1;128680;128700;0
S20254;1537;0;120640;120640;1
S20254;1537;1;125655;125675;1
S20254;1537;2;125675;125680;1
S20254;1537;3;125680;125685;1
S20254;1537;4;125685;125690;1
S20254;1537;5;125690;125695;1
S20254;1537;6;125695;125700;1
S20254;1537;7;125700;125705;1
S20254;1537;8;125705;125710;1
S20254;1537;48;125710;125745;1
S20254;1538;0;120885;120885;1
S20254;1538;1;128705;128725;1
S20254;1538;2;128725;128730;1
S20254;1538;3;128730;128735;1
S20254;1538;18;128735;128770;1
S20254;1539;0;120900;120900;1
S20254;1539;1;122020;122040;1
S20254;1539;2;122040;122045;1
S20254;1539;3;122045;122050;1
S20254;1539;4;122050;122055;1
S20254;1539;5;122055;122060;1
S20254;1539;6;122060;122065;1
S20254;1539;7;122065;122070;1
S20254;1539;8;122070;122075;1
S20254;1539;9;122075;122080;1
S20254;1539;10;122080;122085;1
S20254;1539;53;122085;122100;1
S20254;1539;53;123915;123945;0
S20254;1539;10;123945;123950;0
S20254;1539;9;123950;123955;0
S20254;1539;8;123955;123960;0
S20254;1539;7;123960;123965;0
S20254;1539;6;123965;123970;0
S20254;1539;5;123970;123975;0
S20254;1539;4;123975;123980;0
S20254;1539;3;123980;123985;0
S20254;1539;2;123985;123990;0
S20254;1539;1;123990;124010;0
S20254;1540;0;120930;120930;1
S20254;1540;1;121175;121195;1
S20254;1540;2;121195;121200;1
S20254;1540;3;121200;121205;1
S20254;1540;4;121205;121210;1
S20254;1540;5;121210;121215;1
S20254;1540;6;121215;121220;1
S20254;1540;7;121220;121225;1
S20254;1540;8;121225;121230;1
S20254;1540;9;121230;121235;1
S20254;1540;10;121235;121240;1
S20254;1540;11;121240;121245;1
S20254;1540;12;121245;121250;1
S20254;1540;64;121250;121285;1
S20254;1540;64;124270;124280;0
S20254;1540;12;124280;124285;0
S20254;1540;11;124285;124290;0
S20254;1540;10;124290;124295;0
S20254;1540;9;124295;124300;0
S20254;1540;8;124300;124305;0
S20254;1540;7;124305;124310;0
S20254;1540;6;124310;124315;0
S20254;1540;5;124315;124320;0
S20254;1540;4;124320;124325;0
S20254;1540;3;124325;124330;0
S20254;1540;2;124330;124335;0
S20254;1540;1;124335;124355;0
S20254;1541;0;121025;121025;1
S20254;1541;1;121045;121065;1
S20254;1541;83;121065;121100;1
S20254;1542;0;121200;121200;1
S20254;1542;1;121200;121220;1
S20254;1542;2;121220;121225;1
S20254;1542;3;121225;121230;1
S20254;1542;4;121230;121235;1
S20254;1542;5;121235;121240;1
S20254;1542;34;121240;121255;1
S20254;1542;34;122605;122635;0
S20254;1542;5;122635;122640;0
S20254;1542;4;122640;122645;0
S20254;1542;3;122645;122650;0
S20254;1542;2;122650;122655;0
S20254;1542;1;122655;122675;0
S20254;1543;0;121380;121380;1
S20254;1543;1;121380;121400;1
S20254;1543;2;121400;121405;1
S20254;1543;3;121405;121410;1
S20254;1543;4;121410;121415;1
S20254;1543;5;121415;121420;1
S20254;1543;35;121420;121435;1
S20254;1543;35;123030;123060;0
S20254;1543;5;123060;123065;0
S20254;1543;4;123065;123070;0
S20254;1543;3;123070;123075;0
S20254;1543;2;123075;123080;0
S20254;1543;1;123080;123100;0
S20254;1544;0;121420;121420;1
S20254;1544;1;121790;121810;1
S20254;1544;2;121810;121815;1
S20254;1544;3;121815;121820;1
S20254;1544;4;121820;121825;1
S20254;1544;5;121825;121830;1
S20254;1544;6;121830;121835;1
S20254;1544;7;121835;121840;1
S20254;1544;8;121840;121845;1
S20254;1544;9;121845;121850;1
S20254;1544;10;121850;121855;1
S20254;1544;11;121855;121860;1
S20254;1544;12;121860;121865;1
S20254;1544;13;121865;121870;1
S20254;1544;69;121870;121885;1
S20254;1544;69;124015;124045;0
S20254;1544;13;124045;124050;0
S20254;1544;12;124050;124055;0
S20254;1544;11;124055;124060;0
S20254;1544;10;124060;124065;0
S20254;1544;9;124065;124070;0
S20254;1544;8;124070;124075;0
S20254;1544;7;124075;124080;0
S20254;1544;6;124080;124085;0
S20254;1544;5;124085;124090;0
S20254;1544;4;124090;124095;0
S20254;1544;3;124095;124100;0
S20254;1544;2;124100;124105;0
S20254;1544;1;124105;124125;0
S20254;1545;0;121500;121500;1
S20254;1545;1;129105;129125;1
S20254;1545;2;129125;129130;1
S20254;1545;3;129130;129135;1
S20254;1545;4;129135;129140;1
S20254;1545;5;129140;129145;1
S20254;1545;27;129145;129180;1
S20254;1546;0;121625;121625;1
S20254;1546;1;121905;121925;1
S20254;1546;2;121925;121930;1
S20254;1546;3;121930;121935;1
S20254;1546;4;121935;121940;1
S20254;1546;5;121940;121945;1
S20254;1546;6;121945;121950;1
S20254;1546;7;121950;121955;1
S20254;1546;8;121955;121960;1
S20254;1546;9;121960;121965;1
S20254;1546;10;121965;121970;1
S20254;1546;11;121970;121975;1
S20254;1546;61;121975;122010;1
S20254;1546;61;124420;124430;0
S20254;1546;11;124430;124435;0
S20254;1546;10;124435;124440;0
S20254;1546;9;124440;124445;0
S20254;1546;8;124445;124450;0
S20254;1546;7;124450;124455;0
S20254;1546;6;124455;124460;0
S20254;1546;5;124460;124465;0
S20254;1546;4;124465;124470;0
S20254;1546;3;124470;124475;0
S20254;1546;2;124475;124480;0
S20254;1546;1;124480;124500;0
S20254;1547;0;121645;121645;1
S20254;1547;1;123830;123850;1
S20254;1547;2;123850;123855;1
S20254;1547;3;123855;123860;1
S20254;1547;4;123860;123865;1
S20254;1547;5;123865;123870;1
S20254;1547;6;123870;123875;1
S20254;1547;7;123875;123880;1
S20254;1547;8;123880;123885;1
S20254;1547;9;123885;123890;1
S20254;1547;10;123890;123895;1
S20254;1547;11;123895;123900;1
S20254;1547;60;123900;123915;1
S20254;1547;60;129235;129265;0
S20254;1547;11;129265;129270;0
S20254;1547;10;129270;129275;0
S20254;1547;9;129275;129280;0
S20254;1547;8;129280;129285;0
S20254;1547;7;129285;129290;0
S20254;1547;6;129290;129295;0
S20254;1547;5;129295;129300;0
S20254;1547;4;129300;129305;0
S20254;1547;3;129305;129310;0
S20254;1547;2;129310;129315;0
S20254;1547;1;129315;129335;0
S20254;1548;0;121665;121665;1
S20254;1548;1;121670;121690;1
S20254;1548;2;121690;121695;1
S20254;1548;3;121695;121700;1
S20254;1548;4;121700;121705;1
S20254;1548;5;121705;121710;1
S20254;1548;6;121710;121715;1
S20254;1548;7;121715;121720;1
S20254;1548;8;121720;121725;1
S20254;1548;9;121725;121730;1
S20254;1548;10;121730;121735;1
S20254;1548;11;121735;121740;1
S20254;1548;88;121740;121755;1
S20254;1548;88;124295;124325;0
S20254;1548;11;124325;124330;0
S20254;1548;10;124330;124335;0
S20254;1548;9;124335;124340;0
S20254;1548;8;124340;124345;0
S20254;1548;7;124345;124350;0
S20254;1548;6;124350;124355;0
S20254;1548;5;124355;124360;0
S20254;1548;4;124360;124365;0
S20254;1548;3;124365;124370;0
S20254;1548;2;124370;124375;0
S20254;1548;1;124375;124395;0
S20254;1550;0;122040;122040;1
S20254;1550;1;122385;122405;1
S20254;1550;2;122405;122410;1
S20254;1550;3;122410;122415;1
S20254;1550;4;122415;122420;1
S20254;1550;5;122420;122425;1
S20254;1550;6;122425;122430;1
S20254;1550;7;122430;122435;1
S20254;1550;8;122435;122440;1
S20254;1550;9;122440;122445;1
S20254;1550;10;122445;122450;1
S20254;1550;11;122450;122455;1
S20254;1550;12;122455;122460;1
S20254;1550;65;122460;122475;1
S20254;1550;65;123645;123675;0
S20254;1550;12;123675;123680;0
S20254;1550;11;123680;123685;0
S20254;1550;10;123685;123690;0
S20254;1550;9;123690;123695;0
S20254;1550;8;123695;123700;0
S20254;1550;7;123700;123705;0
S20254;1550;6;123705;123710;0
S20254;1550;5;123710;123715;0
S20254;1550;4;123715;123720;0
S20254;1550;3;123720;123725;0
S20254;1550;2;123725;123730;0
S20254;1550;1;123730;123750;0
S20254;1551;0;122190;122190;1
S20254;1551;1;122980;123000;1
S20254;1551;2;123000;123005;1
S20254;1551;3;123005;123010;1
S20254;1551;4;123010;123015;1
S20254;1551;5;123015;123020;1
S20254;1551;6;123020;123025;1
S20254;1551;7;123025;123030;1
S20254;1551;8;123030;123035;1
S20254;1551;9;123035;123040;1
S20254;1551;10;123040;123045;1
S20254;1551;11;123045;123050;1
S20254;1551;12;123050;123055;1
S20254;1551;66;123055;123070;1
S20254;1551;66;124770;124800;0
S20254;1551;12;124800;124805;0
S20254;1551;11;124805;124810;0
S20254;1551;10;124810;124815;0
S20254;1551;9;124815;124820;0
S20254;1551;8;124820;124825;0
S20254;1551;7;124825;124830;0
S20254;1551;6;124830;124835;0
S20254;1551;5;124835;124840;0
S20254;1551;4;124840;124845;0
S20254;1551;3;124845;124850;0
S20254;1551;2;124850;124855;0
S20254;1551;1;124855;124875;0
S20254;1552;0;122280;122280;1
S20254;1552;1;123895;123915;1
S20254;1552;2;123915;123920;1
S20254;1552;3;123920;123925;1
S20254;1552;4;123925;123930;1
S20254;1552;5;123930;123935;1
S20254;1552;34;123935;123950;1
S20254;1552;34;125530;125560;0
S20254;1552;5;125560;125565;0
S20254;1552;4;125565;125570;0
S20254;1552;3;125570;125575;0
S20254;1552;2;125575;125580;0
S20254;1552;1;125580;125600;0
S20254;1553;0;122420;122420;1
S20254;1553;1;127090;127110;1
S20254;1553;2;127110;127115;1
S20254;1553;3;127115;127120;1
S20254;1553;4;127120;127125;1
S20254;1553;5;127125;127130;1
S20254;1553;6;127130;127135;1
S20254;1553;7;127135;127140;1
S20254;1553;8;127140;127145;1
S20254;1553;9;127145;127150;1
S20254;1553;10;127150;127155;1
S20254;1553;11;127155;127160;1
S20254;1553;12;127160;127165;1
S20254;1553;65;127165;127200;1
S20254;1554;0;122745;122745;1
S20254;1554;1;122940;122960;1
S20254;1554;2;122960;122965;1
S20254;1554;3;122965;122970;1
S20254;1554;4;122970;122975;1
S20254;1554;5;122975;122980;1
S20254;1554;6;122980;122985;1
S20254;1554;38;122985;123020;1
S20254;1554;38;123755;123765;0
S20254;1554;6;123765;123770;0
S20254;1554;5;123770;123775;0
S20254;1554;4;123775;123780;0
S20254;1554;3;123780;123785;0
S20254;1554;2;123785;123790;0
S20254;1554;1;123790;123810;0
S20254;1555;0;122760;122760;1
S20254;1555;1;122770;122790;1
S20254;1555;2;122790;122795;1
S20254;1555;3;122795;122800;1
S20254;1555;4;122800;122805;1
S20254;1555;5;122805;122810;1
S20254;1555;31;122810;122845;1
S20254;1555;31;123625;123655;0
S20254;1555;5;123655;123660;0
S20254;1555;4;123660;123665;0
S20254;1555;3;123665;123670;0
S20254;1555;2;123670;123675;0
S20254;1555;1;123675;123695;0
S20254;1556;0;122920;122920;1
S20254;1556;1;122920;122940;1
S20254;1556;2;122940;122945;1
S20254;1556;3;122945;122950;1
S20254;1556;4;122950;122955;1
S20254;1556;5;122955;122960;1
S20254;1556;36;122960;122975;1
S20254;1556;36;123660;123690;0
S20254;1556;5;123690;123695;0
S20254;1556;4;123695;123700;0
S20254;1556;3;123700;123705;0
S20254;1556;2;123705;123710;0
S20254;1556;1;123710;123730;0
S20254;1557;0;122940;122940;1
S20254;1557;1;125310;125330;1
S20254;1557;2;125330;125335;1
S20254;1557;3;125335;125340;1
S20254;1557;17;125340;125375;1
S20254;1557;17;127355;127365;0
S20254;1557;3;127365;127370;0
S20254;1557;2;127370;127375;0
S20254;1557;1;127375;127395;0
S20254;1558;0;122960;122960;1
S20254;1558;1;123875;123895;1
S20254;1558;2;123895;123900;1
S20254;1558;3;123900;123905;1
S20254;1558;4;123905;123910;1
S20254;1558;5;123910;123915;1
S20254;1558;35;123915;123930;1
S20254;1558;35;124555;124585;0
S20254;1558;5;124585;124590;0
S20254;1558;4;124590;124595;0
S20254;1558;3;124595;124600;0
S20254;1558;2;124600;124605;0
S20254;1558;1;124605;124625;0
S20254;1559;0;122990;122990;1
S20254;1559;1;122995;123015;1
S20254;1559;2;123015;123020;1
S20254;1559;3;123020;123025;1
S20254;1559;20;123025;123060;1
S20254;1559;20;128120;128130;0
S20254;1559;3;128130;128135;0
S20254;1559;2;128135;128140;0
S20254;1559;1;128140;128160;0
S20254;1560;0;123030;123030;1
S20254;1560;1;124755;124775;1
S20254;1560;2;124775;124780;1
S20254;1560;3;124780;124785;1
S20254;1560;4;124785;124790;1
S20254;1560;5;124790;124795;1
S20254;1560;27;124795;124810;1
S20254;1560;27;128800;128830;0
S20254;1560;5;128830;128835;0
S20254;1560;4;128835;128840;0
S20254;1560;3;128840;128845;0
S20254;1560;2;128845;128850;0
S20254;1560;1;128850;128870;0
S20254;1561;0;123450;123450;1
S20254;1561;1;123815;123835;1
S20254;1561;2;123835;123840;1
S20254;1561;3;123840;123845;1
S20254;1561;4;123845;123850;1
S20254;1561;5;123850;123855;1
S20254;1561;6;123855;123860;1
S20254;1561;7;123860;123865;1
S20254;1561;8;123865;123870;1
S20254;1561;9;123870;123875;1
S20254;1561;10;123875;123880;1
S20254;1561;11;123880;123885;1
S20254;1561;12;123885;123890;1
S20254;1561;65;123890;123925;1
S20254;1561;65;125850;125860;0
S20254;1561;12;125860;125865;0
S20254;1561;11;125865;125870;0
S20254;1561;10;125870;125875;0
S20254;1561;9;125875;125880;0
S20254;1561;8;125880;125885;0
S20254;1561;7;125885;125890;0
S20254;1561;6;125890;125895;0
S20254;1561;5;125895;125900;0
S20254;1561;4;125900;125905;0
S20254;1561;3;125905;125910;0
S20254;1561;2;125910;125915;0
S20254;1561;1;125915;125935;0
S20254;1562;0;123575;123575;1
S20254;1562;1;123575;123595;1
S20254;1562;2;123595;123600;1
S20254;1562;3;123600;123605;1
S20254;1562;4;123605;123610;1
S20254;1562;5;123610;123615;1
S20254;1562;6;123615;123620;1
S20254;1562;7;123620;123625;1
S20254;1562;8;123625;123630;1
S20254;1562;9;123630;123635;1
S20254;1562;10;123635;123640;1
S20254;1562;11;123640;123645;1
S20254;1562;56;123645;123660;1
S20254;1562;56;128085;128115;0
S20254;1562;11;128115;128120;0
S20254;1562;10;128120;128125;0
S20254;1562;9;128125;128130;0
S20254;1562;8;128130;128135;0
S20254;1562;7;128135;128140;0
S20254;1562;6;128140;128145;0
S20254;1562;5;128145;128150;0
S20254;1562;4;128150;128155;0
S20254;1562;3;128155;128160;0
S20254;1562;2;128160;128165;0
S20254;1562;1;128165;128185;0
S20254;1563;0;123660;123660;1
S20254;1563;1;123845;123865;1
S20254;1563;2;123865;123870;1
S20254;1563;3;123870;123875;1
S20254;1563;4;123875;123880;1
S20254;1563;5;123880;123885;1
S20254;1563;6;123885;123890;1
S20254;1563;7;123890;123895;1
S20254;1563;8;123895;123900;1
S20254;1563;9;123900;123905;1
S20254;1563;10;123905;123910;1
S20254;1563;53;123910;123925;1
S20254;1563;53;124765;124795;0
S20254;1563;10;124795;124800;0
S20254;1563;9;124800;124805;0
S20254;1563;8;124805;124810;0
S20254;1563;7;124810;124815;0
S20254;1563;6;124815;124820;0
S20254;1563;5;124820;124825;0
S20254;1563;4;124825;124830;0
S20254;1563;3;124830;124835;0
S20254;1563;2;124835;124840;0
S20254;1563;1;124840;124860;0
S20254;1564;0;123750;123750;1
S20254;1564;1;124505;124525;1
S20254;1564;2;124525;124530;1
S20254;1564;3;124530;124535;1
S20254;1564;4;124535;124540;1
S20254;1564;5;124540;124545;1
S20254;1564;6;124545;124550;1
S20254;1564;7;124550;124555;1
S20254;1564;8;124555;124560;1
S20254;1564;9;124560;124565;1
S20254;1564;10;124565;124570;1
S20254;1564;11;124570;124575;1
S20254;1564;12;124575;124580;1
S20254;1564;64;124580;124595;1
S20254;1564;64;126755;126785;0
S20254;1564;12;126785;126790;0
S20254;1564;11;126790;126795;0
S20254;1564;10;126795;126800;0
S20254;1564;9;126800;126805;0
S20254;1564;8;126805;126810;0
S20254;1564;7;126810;126815;0
S20254;1564;6;126815;126820;0
S20254;1564;5;126820;126825;0
S20254;1564;4;126825;126830;0
S20254;1564;3;126830;126835;0
S20254;1564;2;126835;126840;0
S20254;1564;1;126840;126860;0
S20254;1565;0;123840;123840;1
S20254;1565;1;124030;124050;1
S20254;1565;2;124050;124055;1
S20254;1565;3;124055;124060;1
S20254;1565;4;124060;124065;1
S20254;1565;5;124065;124070;1
S20254;1565;6;124070;124075;1
S20254;1565;7;124075;124080;1
S20254;1565;8;124080;124085;1
S20254;1565;9;124085;124090;1
S20254;1565;10;124090;124095;1
S20254;1565;11;124095;124100;1
S20254;1565;62;124100;124135;1
S20254;1565;62;127970;127980;0
S20254;1565;11;127980;127985;0
S20254;1565;10;127985;127990;0
S20254;1565;9;127990;127995;0
S20254;1565;8;127995;128000;0
S20254;1565;7;128000;128005;0
S20254;1565;6;128005;128010;0
S20254;1565;5;128010;128015;0
S20254;1565;4;128015;128020;0
S20254;1565;3;128020;128025;0
S20254;1565;2;128025;128030;0
S20254;1565;1;128030;128050;0
S20254;1566;0;124140;124140;1
S20254;1566;1;124140;124160;1
S20254;1566;2;124160;124165;1
S20254;1566;3;124165;124170;1
S20254;1566;4;124170;124175;1
S20254;1566;5;124175;124180;1
S20254;1566;6;124180;124185;1
S20254;1566;38;124185;124220;1
S20254;1566;38;124915;124925;0
S20254;1566;6;124925;124930;0
S20254;1566;5;124930;124935;0
S20254;1566;4;124935;124940;0
S20254;1566;3;124940;124945;0
S20254;1566;2;124945;124950;0
S20254;1566;1;124950;124970;0
S20254;1567;0;124155;124155;1
S20254;1567;1;124400;124420;1
S20254;1567;2;124420;124425;1
S20254;1567;3;124425;124430;1
S20254;1567;4;124430;124435;1
S20254;1567;5;124435;124440;1
S20254;1567;6;124440;124445;1
S20254;1567;7;124445;124450;1
S20254;1567;8;124450;124455;1
S20254;1567;9;124455;124460;1
S20254;1567;10;124460;124465;1
S20254;1567;11;124465;124470;1
S20254;1567;88;124470;124485;1
S20254;1567;88;127325;127355;0
S20254;1567;11;127355;127360;0
S20254;1567;10;127360;127365;0
S20254;1567;9;127365;127370;0
S20254;1567;8;127370;127375;0
S20254;1567;7;127375;127380;0
S20254;1567;6;127380;127385;0
S20254;1567;5;127385;127390;0
S20254;1567;4;127390;127395;0
S20254;1567;3;127395;127400;0
S20254;1567;2;127400;127405;0
S20254;1567;1;127405;127425;0
S20254;1568;0;124200;124200;1
S20254;1568;1;124200;124220;1
S20254;1568;2;124220;124225;1
S20254;1568;3;124225;124230;1
S20254;1568;4;124230;124235;1
S20254;1568;5;124235;124240;1
S20254;1568;6;124240;124245;1
S20254;1568;7;124245;124250;1
S20254;1568;8;124250;124255;1
S20254;1568;9;124255;124260;1
S20254;1568;10;124260;124265;1
S20254;1568;52;124265;124280;1
S20254;1568;52;125755;125785;0
S20254;1568;10;125785;125790;0
S20254;1568;9;125790;125795;0
S20254;1568;8;125795;125800;0
S20254;1568;7;125800;125805;0
S20254;1568;6;125805;125810;0
S20254;1568;5;125810;125815;0
S20254;1568;4;125815;125820;0
S20254;1568;3;125820;125825;0
S20254;1568;2;125825;125830;0
S20254;1568;1;125830;125850;0
S20254;1569;0;124220;124220;1
S20254;1569;1;126680;126700;1
S20254;1569;2;126700;126705;1
S20254;1569;3;126705;126710;1
S20254;1569;4;126710;126715;1
S20254;1569;5;126715;126720;1
S20254;1569;6;126720;126725;1
S20254;1569;7;126725;126730;1
S20254;1569;8;126730;126735;1
S20254;1569;9;126735;126740;1
S20254;1569;10;126740;126745;1
S20254;1569;11;126745;126750;1
S20254;1569;12;126750;126755;1
S20254;1569;64;126755;126770;1
S20254;1569;64;128580;128610;0
S20254;1569;12;128610;128615;0
S20254;1569;11;128615;128620;0
S20254;1569;10;128620;128625;0
S20254;1569;9;128625;128630;0
S20254;1569;8;128630;128635;0
S20254;1569;7;128635;128640;0
S20254;1569;6;128640;128645;0
S20254;1569;5;128645;128650;0
S20254;1569;4;128650;128655;0
S20254;1569;3;128655;128660;0
S20254;1569;2;128660;128665;0
S20254;1569;1;128665;128685;0
S20254;1571;0;124590;124590;1
S20254;1571;1;124630;124650;1
S20254;1571;2;124650;124655;1
S20254;1571;3;124655;124660;1
S20254;1571;4;124660;124665;1
S20254;1571;5;124665;124670;1
S20254;1571;6;124670;124675;1
S20254;1571;41;124675;124690;1
S20254;1572;0;124740;124740;1
S20254;1572;1;124990;125010;1
S20254;1572;2;125010;125015;1
S20254;1572;3;125015;125020;1
S20254;1572;4;125020;125025;1
S20254;1572;5;125025;125030;1
S20254;1572;6;125030;125035;1
S20254;1572;7;125035;125040;1
S20254;1572;8;125040;125045;1
S20254;1572;9;125045;125050;1
S20254;1572;10;125050;125055;1
S20254;1572;53;125055;125070;1
S20254;1572;53;127165;127195;0
S20254;1572;10;127195;127200;0
S20254;1572;9;127200;127205;0
S20254;1572;8;127205;127210;0
S20254;1572;7;127210;127215;0
S20254;1572;6;127215;127220;0
S20254;1572;5;127220;127225;0
S20254;1572;4;127225;127230;0
S20254;1572;3;127230;127235;0
S20254;1572;2;127235;127240;0
S20254;1572;1;127240;127260;0
S20254;1573;0;125040;125040;1
S20254;1573;1;126485;126505;1
S20254;1573;2;126505;126510;1
S20254;1573;3;126510;126515;1
S20254;1573;4;126515;126520;1
S20254;1573;5;126520;126525;1
S20254;1573;6;126525;126530;1
S20254;1573;7;126530;126535;1
S20254;1573;8;126535;126540;1
S20254;1573;9;126540;126545;1
S20254;1573;10;126545;126550;1
S20254;1573;11;126550;126555;1
S20254;1573;12;126555;126560;1
S20254;1573;65;126560;126575;1
S20254;1573;65;127185;127215;0
S20254;1573;12;127215;127220;0
S20254;1573;11;127220;127225;0
S20254;1573;10;127225;127230;0
S20254;1573;9;127230;127235;0
S20254;1573;8;127235;127240;0
S20254;1573;7;127240;127245;0
S20254;1573;6;127245;127250;0
S20254;1573;5;127250;127255;0
S20254;1573;4;127255;127260;0
S20254;1573;3;127260;127265;0
S20254;1573;2;127265;127270;0
S20254;1573;1;127270;127290;0
S20254;1574;0;125120;125120;1
S20254;1574;1;125295;125315;1
S20254;1574;2;125315;125320;1
S20254;1574;3;125320;125325;1
S20254;1574;4;125325;125330;1
S20254;1574;5;125330;125335;1
S20254;1574;36;125335;125350;1
S20254;1574;36;126295;126325;0
S20254;1574;5;126325;126330;0
S20254;1574;4;126330;126335;0
S20254;1574;3;126335;126340;0
S20254;1574;2;126340;126345;0
S20254;1574;1;126345;126365;0
S20254;1575;0;125120;125120;1
S20254;1575;1;125120;125140;1
S20254;1575;2;125140;125145;1
S20254;1575;3;125145;125150;1
S20254;1575;4;125150;125155;1
S20254;1575;5;125155;125160;1
S20254;1575;6;125160;125165;1
S20254;1575;7;125165;125170;1
S20254;1575;8;125170;125175;1
S20254;1575;9;125175;125180;1
S20254;1575;10;125180;125185;1
S20254;1575;11;125185;125190;1
S20254;1575;12;125190;125195;1
S20254;1575;66;125195;125230;1
S20254;1575;66;128040;128050;0
S20254;1575;12;128050;128055;0
S20254;1575;11;128055;128060;0
S20254;1575;10;128060;128065;0
S20254;1575;9;128065;128070;0
S20254;1575;8;128070;128075;0
S20254;1575;7;128075;128080;0
S20254;1575;6;128080;128085;0
S20254;1575;5;128085;128090;0
S20254;1575;4;128090;128095;0
S20254;1575;3;128095;128100;0
S20254;1575;2;128100;128105;0
S20254;1575;1;128105;128125;0
S20254;1576;0;125130;125130;1
S20254;1576;1;126650;126670;1
S20254;1576;2;126670;126675;1
S20254;1576;3;126675;126680;1
S20254;1576;4;126680;126685;1
S20254;1576;5;126685;126690;1
S20254;1576;6;126690;126695;1
S20254;1576;7;126695;126700;1
S20254;1576;8;126700;126705;1
S20254;1576;9;126705;126710;1
S20254;1576;10;126710;126715;1
S20254;1576;11;126715;126720;1
S20254;1576;12;126720;126725;1
S20254;1576;13;126725;126730;1
S20254;1576;14;126730;126735;1
S20254;1576;15;126735;126740;1
S20254;1576;16;126740;126755;1
S20254;1576;75;126755;126770;1
S20254;1579;0;125715;125715;1
S20254;1579;1;125715;125735;1
S20254;1579;2;125735;125740;1
S20254;1579;3;125740;125745;1
S20254;1579;4;125745;125750;1
S20254;1579;5;125750;125755;1
S20254;1579;6;125755;125760;1
S20254;1579;7;125760;125765;1
S20254;1579;8;125765;125770;1
S20254;1579;9;125770;125775;1
S20254;1579;10;125775;125780;1
S20254;1579;52;125780;125815;1
S20254;1579;52;128270;128280;0
S20254;1579;10;128280;128285;0
S20254;1579;9;128285;128290;0
S20254;1579;8;128290;128295;0
S20254;1579;7;128295;128300;0
S20254;1579;6;128300;128305;0
S20254;1579;5;128305;128310;0
S20254;1579;4;128310;128315;0
S20254;1579;3;128315;128320;0
S20254;1579;2;128320;128325;0
S20254;1579;1;128325;128345;0
S20254;1580;0;125715;125715;1
S20254;1580;1;127955;127975;1
S20254;1580;2;127975;127980;1
S20254;1580;3;127980;127985;1
S20254;1580;4;127985;127990;1
S20254;1580;5;127990;127995;1
S20254;1580;6;127995;128000;1
S20254;1580;7;128000;128005;1
S20254;1580;8;128005;128010;1
S20254;1580;9;128010;128015;1
S20254;1580;10;128015;128020;1
S20254;1580;11;128020;128025;1
S20254;1580;12;128025;128030;1
S20254;1580;66;128030;128045;1
S20254;1582;0;125880;125880;1
S20254;1582;1;126060;126080;1
S20254;1582;2;126080;126085;1
S20254;1582;3;126085;126090;1
S20254;1582;4;126090;126095;1
S20254;1582;5;126095;126100;1
S20254;1582;6;126100;126105;1
S20254;1582;37;126105;126140;1
S20254;1583;0;126090;126090;1
S20254;1583;1;126205;126225;1
S20254;1583;2;126225;126230;1
S20254;1583;3;126230;126235;1
S20254;1583;4;126235;126240;1
S20254;1583;5;126240;126245;1
S20254;1583;6;126245;126250;1
S20254;1583;43;126250;126285;1
S20254;1583;43;127255;127265;0
S20254;1583;6;127265;127270;0
S20254;1583;5;127270;127275;0
S20254;1583;4;127275;127280;0
S20254;1583;3;127280;127285;0
S20254;1583;2;127285;127290;0
S20254;1583;1;127290;127310;0
S20254;1584;0;126180;126180;1
S20254;1584;1;126190;126210;1
S20254;1584;2;126210;126215;1
S20254;1584;3;126215;126220;1
S20254;1584;4;126220;126225;1
S20254;1584;5;126225;126230;1
S20254;1584;6;126230;126235;1
S20254;1584;7;126235;126240;1
S20254;1584;8;126240;126245;1
S20254;1584;9;126245;126250;1
S20254;1584;10;126250;126255;1
S20254;1584;11;126255;126260;1
S20254;1584;61;126260;126275;1
S20254;1584;61;127175;127205;0
S20254;1584;11;127205;127210;0
S20254;1584;10;127210;127215;0
S20254;1584;9;127215;127220;0
S20254;1584;8;127220;127225;0
S20254;1584;7;127225;127230;0
S20254;1584;6;127230;127235;0
S20254;1584;5;127235;127240;0
S20254;1584;4;127240;127245;0
S20254;1584;3;127245;127250;0
S20254;1584;2;127250;127255;0
S20254;1584;1;127255;127275;0
S20254;1586;0;126270;126270;1
S20254;1586;1;126270;126290;1
S20254;1586;2;126290;126295;1
S20254;1586;3;126295;126300;1
S20254;1586;4;126300;126305;1
S20254;1586;5;126305;126310;1
S20254;1586;36;126310;126325;1
S20254;1586;36;127155;127185;0
S20254;1586;5;127185;127190;0
S20254;1586;4;127190;127195;0
S20254;1586;3;127195;127200;0
S20254;1586;2;127200;127205;0
S20254;1586;1;127205;127225;0
S20254;1587;0;126330;126330;1
S20254;1587;1;127040;127060;1
S20254;1587;2;127060;127065;1
S20254;1587;3;127065;127070;1
S20254;1587;4;127070;127075;1
S20254;1587;5;127075;127080;1
S20254;1587;30;127080;127115;1
S20254;1588;0;126450;126450;1
S20254;1588;1;126500;126520;1
S20254;1588;2;126520;126525;1
S20254;1588;3;126525;126530;1
S20254;1588;4;126530;126535;1
S20254;1588;5;126535;126540;1
S20254;1588;6;126540;126545;1
S20254;1588;39;126545;126580;1
S20254;1588;39;128875;128885;0
S20254;1588;6;128885;128890;0
S20254;1588;5;128890;128895;0
S20254;1588;4;128895;128900;0
S20254;1588;3;128900;128905;0
S20254;1588;2;128905;128910;0
S20254;1588;1;128910;128930;0
S20254;1589;0;126600;126600;1
S20254;1589;1;126600;126620;1
S20254;1589;2;126620;126625;1
S20254;1589;3;126625;126630;1
S20254;1589;4;126630;126635;1
S20254;1589;5;126635;126640;1
S20254;1589;6;126640;126645;1
S20254;1589;7;126645;126650;1
S20254;1589;8;126650;126655;1
S20254;1589;9;126655;126660;1
S20254;1589;10;126660;126665;1
S20254;1589;11;126665;126670;1
S20254;1589;12;126670;126675;1
S20254;1589;13;126675;126680;1
S20254;1589;70;126680;126715;1
S20254;1589;70;129295;129305;0
S20254;1589;13;129305;129310;0
S20254;1589;12;129310;129315;0
S20254;1589;11;129315;129320;0
S20254;1589;10;129320;129325;0
S20254;1589;9;129325;129330;0
S20254;1589;8;129330;129335;0
S20254;1589;7;129335;129340;0
S20254;1589;6;129340;129345;0
S20254;1589;5;129345;129350;0
S20254;1589;4;129350;129355;0
S20254;1589;3;129355;129360;0
S20254;1589;2;129360;129365;0
S20254;1589;1;129365;129385;0
S20254;1590;0;126690;126690;1
S20254;1590;1;129155;129175;1
S20254;1590;2;129175;129180;1
S20254;1590;3;129180;129185;1
S20254;1590;4;129185;129190;1
S20254;1590;5;129190;129195;1
S20254;1590;6;129195;129200;1
S20254;1590;7;129200;129205;1
S20254;1590;8;129205;129210;1
S20254;1590;9;129210;129215;1
S20254;1590;10;129215;129220;1
S20254;1590;11;129220;129225;1
S20254;1590;12;129225;129230;1
S20254;1590;13;129230;129235;1
S20254;1590;69;129235;129270;1
S20254;1592;0;126990;126990;1
S20254;1592;1;127105;127125;1
S20254;1592;2;127125;127130;1
S20254;1592;3;127130;127135;1
S20254;1592;4;127135;127140;1
S20254;1592;5;127140;127145;1
S20254;1592;6;127145;127150;1
S20254;1592;7;127150;127155;1
S20254;1592;8;127155;127160;1
S20254;1592;9;127160;127165;1
S20254;1592;10;127165;127170;1
S20254;1592;53;127170;127185;1
S20254;1592;53;129430;129460;0
S20254;1592;10;129460;129465;0
S20254;1592;9;129465;129470;0
S20254;1592;8;129470;129475;0
S20254;1592;7;129475;129480;0
S20254;1592;6;129480;129485;0
S20254;1592;5;129485;129490;0
S20254;1592;4;129490;129495;0
S20254;1592;3;129495;129500;0
S20254;1592;2;129500;129505;0
S20254;1592;1;129505;129525;0
S20254;1593;0;127020;127020;1
S20254;1593;1;127020;127040;1
S20254;1593;2;127040;127045;1
S20254;1593;3;127045;127050;1
S20254;1593;4;127050;127055;1
S20254;1593;5;127055;127060;1
S20254;1593;34;127060;127075;1
S20254;1593;34;128020;128050;0
S20254;1593;5;128050;128055;0
S20254;1593;4;128055;128060;0
S20254;1593;3;128060;128065;0
S20254;1593;2;128065;128070;0
S20254;1593;1;128070;128090;0
S20254;1595;0;127380;127380;1
S20254;1595;1;127495;127515;1
S20254;1595;2;127515;127520;1
S20254;1595;3;127520;127525;1
S20254;1595;4;127525;127530;1
S20254;1595;5;127530;127535;1
S20254;1595;36;127535;127550;1
S20254;1595;36;128580;128610;0
S20254;1595;5;128610;128615;0
S20254;1595;4;128615;128620;0
S20254;1595;3;128620;128625;0
S20254;1595;2;128625;128630;0
S20254;1595;1;128630;128650;0
S20254;1596;0;127500;127500;1
S20254;1596;1;127515;127535;1
S20254;1596;2;127535;127540;1
S20254;1596;3;127540;127545;1
S20254;1596;4;127545;127550;1
S20254;1596;5;127550;127555;1
S20254;1596;35;127555;127570;1
S20254;1596;35;128740;128770;0
S20254;1596;5;128770;128775;0
S20254;1596;4;128775;128780;0
S20254;1596;3;128780;128785;0
S20254;1596;2;128785;128790;0
S20254;1596;1;128790;128810;0
S20254;1597;0;127560;127560;1
S20254;1597;1;127560;127580;1
S20254;1597;2;127580;127585;1
S20254;1597;3;127585;127590;1
S20254;1597;4;127590;127595;1
S20254;1597;22;127595;127610;1
S20254;1599;0;127745;127745;1
S20254;1599;1;127850;127870;1
S20254;1599;2;127870;127875;1
S20254;1599;3;127875;127880;1
S20254;1599;4;127880;127885;1
S20254;1599;5;127885;127890;1
S20254;1599;28;127890;127925;1
S20254;1599;28;129050;129060;0
S20254;1599;5;129060;129065;0
S20254;1599;4;129065;129070;0
S20254;1599;3;129070;129075;0
S20254;1599;2;129075;129080;0
S20254;1599;1;129080;129100;0
S20254;1600;0;127785;127785;1
S20254;1600;1;127785;127805;1
S20254;1600;2;127805;127810;1
S20254;1600;3;127810;127815;1
S20254;1600;4;127815;127820;1
S20254;1600;5;127820;127825;1
S20254;1600;29;127825;127860;1
S20254;1601;0;127980;127980;1
S20254;1601;1;128205;128225;1
S20254;1601;2;128225;128230;1
S20254;1601;3;128230;128235;1
S20254;1601;4;128235;128240;1
S20254;1601;5;128240;128245;1
S20254;1601;6;128245;128250;1
S20254;1601;7;128250;128255;1
S20254;1601;8;128255;128260;1
S20254;1601;9;128260;128265;1
S20254;1601;10;128265;128270;1
S20254;1601;52;128270;128305;1
S20254;1602;0;128040;128040;1
S20254;1602;1;128220;128240;1
S20254;1602;2;128240;128245;1
S20254;1602;3;128245;128250;1
S20254;1602;4;128250;128255;1
S20254;1602;5;128255;128260;1
S20254;1602;34;128260;128275;1
S20254;1603;0;128240;128240;1
S20254;1603;1;128240;128260;1
S20254;1603;2;128260;128265;1
S20254;1603;3;128265;128270;1
S20254;1603;20;128270;128305;1
S20254;1605;0;128450;128450;1
S20254;1605;1;128540;128560;1
S20254;1605;2;128560;128565;1
S20254;1605;3;128565;128570;1
S20254;1605;4;128570;128575;1
S20254;1605;5;128575;128580;1
S20254;1605;36;128580;128595;1
S20254;1606;0;128460;128460;1
S20254;1606;1;128460;128480;1
S20254;1606;2;128480;128485;1
S20254;1606;3;128485;128490;1
S20254;1606;4;128490;128495;1
S20254;1606;5;128495;128500;1
S20254;1606;6;128500;128505;1
S20254;1606;38;128505;128540;1
S20254;1606;38;129250;129260;0
S20254;1606;6;129260;129265;0
S20254;1606;5;129265;129270;0
S20254;1606;4;129270;129275;0
S20254;1606;3;129275;129280;0
S20254;1606;2;129280;129285;0
S20254;1606;1;129285;129305;0
S20254;1607;0;128475;128475;1
S20254;1607;1;128500;128520;1
S20254;1607;2;128520;128525;1
S20254;1607;3;128525;128530;1
S20254;1607;4;128530;128535;1
S20254;1607;5;128535;128540;1
S20254;1607;6;128540;128545;1
S20254;1607;7;128545;128550;1
S20254;1607;8;128550;128555;1
S20254;1607;9;128555;128560;1
S20254;1607;10;128560;128565;1
S20254;1607;11;128565;128570;1
S20254;1607;54;128570;128605;1
S20254;1607;54;129510;129520;0
S20254;1607;11;129520;129525;0
S20254;1607;10;129525;129530;0
S20254;1607;9;129530;129535;0
S20254;1607;8;129535;129540;0
S20254;1607;7;129540;129545;0
S20254;1607;6;129545;129550;0
S20254;1607;5;129550;129555;0
S20254;1607;4;129555;129560;0
S20254;1607;3;129560;129565;0
S20254;1607;2;129565;129570;0
S20254;1607;1;129570;129590;0
S20254;1608;0;128520;128520;1
S20254;1608;1;128965;128985;1
S20254;1608;2;128985;128990;1
S20254;1608;3;128990;128995;1
S20254;1608;4;128995;129000;1
S20254;1608;5;129000;129005;1
S20254;1608;6;129005;129010;1
S20254;1608;39;129010;129045;1
S20254;1609;0;128520;128520;1
S20254;1609;1;128520;128540;1
S20254;1609;2;128540;128545;1
S20254;1609;3;128545;128550;1
S20254;1609;4;128550;128555;1
S20254;1609;5;128555;128560;1
S20254;1609;33;128560;128575;1
S20254;1609;33;129015;129045;0
S20254;1609;5;129045;129050;0
S20254;1609;4;129050;129055;0
S20254;1609;3;129055;129060;0
S20254;1609;2;129060;129065;0
S20254;1609;1;129065;129085;0
S20254;1612;0;128820;128820;1
S20254;1612;1;128950;128970;1
S20254;1612;2;128970;128975;1
S20254;1612;3;128975;128980;1
S20254;1612;4;128980;128985;1
S20254;1612;5;128985;128990;1
S20254;1612;6;128990;128995;1
S20254;1612;7;128995;129000;1
S20254;1612;8;129000;129005;1
S20254;1612;9;129005;129010;1
S20254;1612;10;129010;129015;1
S20254;1612;11;129015;129020;1
S20254;1612;12;129020;129025;1
S20254;1612;64;129025;129060;1
S20254;1617;0;129180;129180;1
S20254;1617;1;129180;129200;1
S20254;1617;2;129200;129205;1
S20254;1617;3;129205;129210;1
S20254;1617;4;129210;129215;1
S20254;1617;5;129215;129220;1
S20254;1617;31;129220;129255;1
S20254;1618;0;129240;129240;1
S20254;1618;1;129390;129410;1
S20254;1618;2;129410;129415;1
S20254;1618;3;129415;129420;1
S20254;1618;4;129420;129425;1
S20254;1618;5;129425;129430;1
S20254;1618;6;129430;129435;1
S20254;1618;7;129435;129440;1
S20254;1618;8;129440;129445;1
S20254;1618;9;129445;129450;1
S20254;1618;10;129450;129455;1
S20254;1618;53;129455;129470;1
S20254;1619;0;129240;129240;1
S20254;1619;1;129340;129360;1
S20254;1619;2;129360;129365;1
S20254;1619;3;129365;129370;1
S20254;1619;4;129370;129375;1
S20254;1619;5;129375;129380;1
S20254;1619;35;129380;129415;1
S20254;1620;0;129405;129405;1
S20254;1620;1;129410;129430;1
S20254;1620;2;129430;129435;1
S20254;1620;3;129435;129440;1
S20254;1620;4;129440;129445;1
S20254;1620;5;129445;129450;1
S20254;1620;6;129450;129455;1
S20254;1620;7;129455;129460;1
S20254;1620;8;129460;129465;1
S20254;1620;9;129465;129470;1
S20254;1620;10;129470;129475;1
S20254;1620;11;129475;129480;1
S20254;1620;12;129480;129485;1
S20254;1620;13;129485;129490;1
S20254;1620;67;129490;129505;1
S20254;24;0;-10680;-10680;1
S20254;24;1;;;1
S20254;24;2;;;1
S20254;24;3;;;1
S20254;24;4;;;1
S20254;24;5;;;1
S20254;24;6;;;1
S20254;24;7;;;1
S20254;24;45;;;1
S20254;24;45;2125;2135;0
S20254;24;7;2135;2140;0
S20254;24;6;2140;2145;0
S20254;24;5;2145;2150;0
S20254;24;4;2150;2155;0
S20254;24;3;2155;2160;0
S20254;24;2;2160;2165;0
S20254;24;1;2165;2185;0
S20254;29;0;-9900;-9900;1
S20254;29;1;;;1
S20254;29;2;;;1
S20254;29;3;;;1
S20254;29;4;;;1
S20254;29;5;;;1
S20254;29;30;;;1
S20254;29;30;1190;1200;0
S20254;29;5;1200;1205;0
S20254;29;4;1205;1210;0
S20254;29;3;1210;1215;0
S20254;29;2;1215;1220;0
S20254;29;1;1220;1240;0
S20254;38;0;-9380;-9380;1
S20254;38;1;;;1
S20254;38;2;;;1
S20254;38;3;;;1
S20254;38;4;;;1
S20254;38;5;;;1
S20254;38;6;;;1
S20254;38;40;;;1
S20254;38;40;650;660;0
S20254;38;6;660;665;0
S20254;38;5;665;670;0
S20254;38;4;670;675;0
S20254;38;3;675;680;0
S20254;38;2;680;685;0
S20254;38;1;685;705;0
S20254;76;0;-5250;-5250;1
S20254;76;1;;;1
S20254;76;2;;;1
S20254;76;3;;;1
S20254;76;4;;;1
S20254;76;5;;;1
S20254;76;6;;;1
S20254;76;7;;;1
S20254;76;8;;;1
S20254;76;9;;;1
S20254;76;50;;;1
S20254;76;50;950;960;0
S20254;76;9;960;965;0
S20254;76;8;965;970;0
S20254;76;7;970;975;0
S20254;76;6;975;980;0
S20254;76;5;980;985;0
S20254;76;4;985;990;0
S20254;76;3;990;995;0
S20254;76;2;995;1000;0
S20254;76;1;1000;1020;0
S20254;77;0;-5190;-5190;1
S20254;77;1;;;1
S20254;77;2;;;1
S20254;77;3;;;1
S20254;77;4;;;1
S20254;77;5;;;1
S20254;77;6;;;1
S20254;77;7;;;1
S20254;77;8;;;1
S20254;77;9;;;1
S20254;77;10;;;1
S20254;77;11;;;1
S20254;77;88;;;1
S20254;77;88;1890;1920;0
S20254;77;11;1920;1925;0
S20254;77;10;1925;1930;0
S20254;77;9;1930;1935;0
S20254;77;8;1935;1940;0
S20254;77;7;1940;1945;0
S20254;77;6;1945;1950;0
S20254;77;5;1950;1955;0
S20254;77;4;1955;1960;0
S20254;77;3;1960;1965;0
S20254;77;2;1965;1970;0
S20254;77;1;1970;1990;0
S20254;79;0;-5040;-5040;1
S20254;79;1;;;1
S20254;79;2;;;1
S20254;79;3;;;1
S20254;79;4;;;1
S20254;79;5;;;1
S20254;79;6;;;1
S20254;79;7;;;1
S20254;79;8;;;1
S20254;79;9;;;1
S20254;79;10;;;1
S20254;79;11;;;1
S20254;79;62;;;1
S20254;79;62;965;995;0
S20254;79;11;995;1000;0
S20254;79;10;1000;1005;0
S20254;79;9;1005;1010;0
S20254;79;8;1010;1015;0
S20254;79;7;1015;1020;0
S20254;79;6;1020;1025;0
S20254;79;5;1025;1030;0
S20254;79;4;1030;1035;0
S20254;79;3;1035;1040;0
S20254;79;2;1040;1045;0
S20254;79;1;1045;1065;0
S20254;87;0;-4480;-4480;1
S20254;87;1;;;1
S20254;87;2;;;1
S20254;87;3;;;1
S20254;87;4;;;1
S20254;87;5;;;1
S20254;87;33;;;1
S20254;87;33;605;635;0
S20254;87;5;635;640;0
S20254;87;4;640;645;0
S20254;87;3;645;650;0
S20254;87;2;650;655;0
S20254;87;1;655;675;0
S20254;92;0;-4140;-4140;1
S20254;92;1;;;1
S20254;92;2;;;1
S20254;92;3;;;1
S20254;92;4;;;1
S20254;92;5;;;1
S20254;92;6;;;1
S20254;92;7;;;1
S20254;92;8;;;1
S20254;92;9;;;1
S20254;92;10;;;1
S20254;92;53;;;1
S20254;92;53;2070;2100;0
S20254;92;10;2100;2105;0
S20254;92;9;2105;2110;0
S20254;92;8;2110;2115;0
S20254;92;7;2115;2120;0
S20254;92;6;2120;2125;0
S20254;92;5;2125;2130;0
S20254;92;4;2130;2135;0
S20254;92;3;2135;2140;0
S20254;92;2;2140;2145;0
S20254;92;1;2145;2165;0
S20254;98;0;-3115;-3115;1
S20254;98;1;;;1
S20254;98;2;;;1
S20254;98;3;;;1
S20254;98;4;;;1
S20254;98;5;;;1
S20254;98;6;;;1
S20254;98;7;;;1
S20254;98;8;;;1
S20254;98;9;;;1
S20254;98;10;;;1
S20254;98;11;;;1
S20254;98;61;;;1
S20254;98;61;1220;1250;0
S20254;98;11;1250;1255;0
S20254;98;10;1255;1260;0
S20254;98;9;1260;1265;0
S20254;98;8;1265;1270;0
S20254;98;7;1270;1275;0
S20254;98;6;1275;1280;0
S20254;98;5;1280;1285;0
S20254;98;4;1285;1290;0
S20254;98;3;1290;1295;0
S20254;98;2;1295;1300;0
S20254;98;1;1300;1320;0
S20254;105;0;-2430;-2430;1
S20254;105;1;;;1
S20254;105;2;;;1
S20254;105;3;;;1
S20254;105;4;;;1
S20254;105;5;;;1
S20254;105;6;;;1
S20254;105;7;;;1
S20254;105;8;;;1
S20254;105;9;;;1
S20254;105;10;;;1
S20254;105;11;;;1
S20254;105;54;;;1
S20254;105;54;325;355;0
S20254;105;11;355;360;0
S20254;105;10;360;365;0
S20254;105;9;365;370;0
S20254;105;8;370;375;0
S20254;105;7;375;380;0
S20254;105;6;380;385;0
S20254;105;5;385;390;0
S20254;105;4;390;395;0
S20254;105;3;395;400;0
S20254;105;2;400;405;0
S20254;105;1;405;425;0
S20254;106;0;-2415;-2415;1
S20254;106;1;;;1
S20254;106;2;;;1
S20254;106;3;;;1
S20254;106;4;;;1
S20254;106;5;;;1
S20254;106;6;;;1
S20254;106;7;;;1
S20254;106;8;;;1
S20254;106;49;;;1
S20254;106;49;6720;6730;0
S20254;106;8;6730;6735;0
S20254;106;7;6735;6740;0
S20254;106;6;6740;6745;0
S20254;106;5;6745;6750;0
S20254;106;4;6750;6755;0
S20254;106;3;6755;6760;0
S20254;106;2;6760;6765;0
S20254;106;1;6765;6785;0
S20254;108;0;-2280;-2280;1
S20254;108;1;;;1
S20254;108;2;;;1
S20254;108;3;;;1
S20254;108;4;;;1
S20254;108;5;;;1
S20254;108;34;;;1
S20254;108;34;765;795;0
S20254;108;5;795;800;0
S20254;108;4;800;805;0
S20254;108;3;805;810;0
S20254;108;2;810;815;0
S20254;108;1;815;835;0
S20254;111;0;-2100;-2100;1
S20254;111;1;;;1
S20254;111;2;;;1
S20254;111;3;;;1
S20254;111;4;;;1
S20254;111;5;;;1
S20254;111;36;;;1
S20254;111;36;340;370;0
S20254;111;5;370;375;0
S20254;111;4;375;380;0
S20254;111;3;380;385;0
S20254;111;2;385;390;0
S20254;111;1;390;410;0
S20254;112;0;-2080;-2080;1
S20254;112;1;;;1
S20254;112;83;;;1
S20254;112;83;6640;6650;0
S20254;112;1;6650;6670;0
S20254;113;0;-1860;-1860;1
S20254;113;1;;;1
S20254;113;2;;;1
S20254;113;3;;;1
S20254;113;4;;;1
S20254;113;5;;;1
S20254;113;6;;;1
S20254;113;7;;;1
S20254;113;8;;;1
S20254;113;9;;;1
S20254;113;10;;;1
S20254;113;52;;;1
S20254;113;52;780;810;0
S20254;113;10;810;815;0
S20254;113;9;815;820;0
S20254;113;8;820;825;0
S20254;113;7;825;830;0
S20254;113;6;830;835;0
S20254;113;5;835;840;0
S20254;113;4;840;845;0
S20254;113;3;845;850;0
S20254;113;2;850;855;0
S20254;113;1;855;875;0
S20254;117;0;-1435;-1435;1
S20254;117;1;;;1
S20254;117;2;;;1
S20254;117;3;;;1
S20254;117;4;;;1
S20254;117;5;;;1
S20254;117;6;;;1
S20254;117;7;;;1
S20254;117;8;;;1
S20254;117;9;;;1
S20254;117;10;;;1
S20254;117;11;;;1
S20254;117;12;;;1
S20254;117;65;;;1
S20254;117;65;1540;1570;0
S20254;117;12;1570;1575;0
S20254;117;11;1575;1580;0
S20254;117;10;1580;1585;0
S20254;117;9;1585;1590;0
S20254;117;8;1590;1595;0
S20254;117;7;1595;1600;0
S20254;117;6;1600;1605;0
S20254;117;5;1605;1610;0
S20254;117;4;1610;1615;0
S20254;117;3;1615;1620;0
S20254;117;2;1620;1625;0
S20254;117;1;1625;1645;0
S20254;119;0;-1175;-1175;1
S20254;119;1;;;1
S20254;119;2;;;1
S20254;119;3;;;1
S20254;119;4;;;1
S20254;119;5;;;1
S20254;119;6;;;1
S20254;119;7;;;1
S20254;119;8;;;1
S20254;119;9;;;1
S20254;119;10;;;1
S20254;119;11;;;1
S20254;119;60;;;1
S20254;119;60;2310;2340;0
S20254;119;11;2340;2345;0
S20254;119;10;2345;2350;0
S20254;119;9;2350;2355;0
S20254;119;8;2355;2360;0
S20254;119;7;2360;2365;0
S20254;119;6;2365;2370;0
S20254;119;5;2370;2375;0
S20254;119;4;2375;2380;0
S20254;119;3;2380;2385;0
S20254;119;2;2385;2390;0
S20254;119;1;2390;2410;0
S20254;121;0;-1110;-1110;1
S20254;121;1;;;1
S20254;121;2;;;1
S20254;121;3;;;1
S20254;121;4;;;1
S20254;121;5;;;1
S20254;121;35;;;1
S20254;121;35;140;170;0
S20254;121;5;170;175;0
S20254;121;4;175;180;0
S20254;121;3;180;185;0
S20254;121;2;185;190;0
S20254;121;1;190;210;0
S20254;123;0;-975;-975;1
S20254;123;1;;;1
S20254;123;2;;;1
S20254;123;3;;;1
S20254;123;4;;;1
S20254;123;5;;;1
S20254;123;6;;;1
S20254;123;7;;;1
S20254;123;8;;;1
S20254;123;9;;;1
S20254;123;10;;;1
S20254;123;11;;;1
S20254;123;12;;;1
S20254;123;13;;;1
S20254;123;70;;;1
S20254;123;70;2975;2985;0
S20254;123;13;2985;2990;0
S20254;123;12;2990;2995;0
S20254;123;11;2995;3000;0
S20254;123;10;3000;3005;0
S20254;123;9;3005;3010;0
S20254;123;8;3010;3015;0
S20254;123;7;3015;3020;0
S20254;123;6;3020;3025;0
S20254;123;5;3025;3030;0
S20254;123;4;3030;3035;0
S20254;123;3;3035;3040;0
S20254;123;2;3040;3045;0
S20254;123;1;3045;3065;0
S20254;124;0;-595;-595;1
S20254;124;1;;;1
S20254;124;84;;;1
S20254;124;84;2955;2965;0
S20254;124;1;2965;2985;0
S20254;127;0;-390;-390;1
S20254;127;1;;;1
S20254;127;2;;;1
S20254;127;3;;;1
S20254;127;4;;;1
S20254;127;5;;;1
S20254;127;28;;;1
S20254;127;28;2340;2350;0
S20254;127;5;2350;2355;0
S20254;127;4;2355;2360;0
S20254;127;3;2360;2365;0
S20254;127;2;2365;2370;0
S20254;127;1;2370;2390;0
