SCENARIO_ID;ARRIVAL_ID;LOA;BEAM;DRAFT;TERMINAL_ID;TERMINAL_MARKET_CATEGORY;BERTH;CATEGORY;DETAILED_CATEGORY;PROCESS_TIME
S014;1;229.07;32.0;7.56;6;CGNC;BERÇO ARM 37;CARGO;N/A;3905
S014;6;209.75;33.0;11.0;32;CGC;BERÇO TECON 1.1;CARGO;N/A;1025
S014;15;189.99;32.0;5.6;5;CGNC;BERÇO ARM 20/21;CARGO;N/A;2310
S014;16;189.99;32.0;12.74;43;GSM - I;BERÇO TERMAG;CARGO;N/A;8105
S014;19;179.99;28.0;7.5;26;CGNC;BERÇO ARM 23;CARGO;N/A;3505
S014;29;225.0;32.0;9.0;52;CGNC;BERÇO DPW 4;CARGO;N/A;9835
S014;57;229.0;32.0;14.2;43;GSM - I;BERÇO TERMAG;CARGO;N/A;8550
S014;73;189.99;32.3;6.19;56;GSA - E;BERÇO TIPLAM 3;CARGO;N/A;3875
S014;81;180.4;33.0;10.28;8;CGNC;BERÇO ARM 35P1;CARGO;N/A;9580
S014;83;263.23;32.0;10.1;51;CGC;BERÇO DPW 1;CARGO;N/A;635
S014;85;199.9;33.0;7.5;7;CGNC;BERÇO CS 04;CARGO;N/A;6100
S014;90;179.99;28.0;8.0;2;GL;BERÇO Ageo I;CARGO;N/A;4375
S014;91;175.53;29.0;9.94;57;GSM - I;BERÇO TIPLAM 2;CARGO;N/A;9670
S014;96;227.92;37.0;9.9;32;CGC;BERÇO TECON 3;CARGO;N/A;380
S014;100;346.98;43.0;9.8;32;CGC;BERÇO TECON 2;CARGO;N/A;635
S014;103;328.46;48.0;14.5;9;CGC;BERÇO BTP 1;CARGO;N/A;1780
S014;107;179.99;28.0;9.33;28;CGNC;BERÇO CS 01;CARGO;N/A;10050
S014;109;189.99;32.0;6.25;5;CGNC;BERÇO ARM 20/21;CARGO;N/A;2265
S014;110;199.08;30.0;7.5;26;CGNC;BERÇO ARM 25;CARGO;N/A;5505
S014;114;146.6;24.0;5.8;33;GL;BERÇO AL 03;CARGO;N/A;1355
S014;115;228.95;35.0;7.3;6;CGNC;BERÇO ARM 37;CARGO;N/A;2870
S014;116;334.8;45.86;13.9;51;CGC;BERÇO DPW 2;CARGO;N/A;2115
S014;118;284.71;40.0;10.1;51;CGC;BERÇO DPW 2;CARGO;N/A;1185
S014;122;183.98;27.4;7.4;47;GL;BERÇO AL 02;CARGO;N/A;2095
S014;125;336.0;51.0;10.8;32;CGC;BERÇO TECON 3;CARGO;N/A;2050
S014;126;189.99;32.0;12.24;43;GSM - I;BERÇO TERMAG;CARGO;N/A;12150
S014;128;334.8;46.0;10.1;51;CGC;BERÇO DPW 2;CARGO;N/A;1870
S014;129;299.9;45.0;10.1;9;CGC;BERÇO BTP 3;CARGO;N/A;1045
S014;130;299.99;48.0;11.3;9;CGC;BERÇO BTP 2;CARGO;N/A;990
S014;131;225.0;32.0;9.25;52;CGNC;BERÇO DPW 3;CARGO;N/A;3650
S014;132;258.89;32.0;9.0;32;CGC;BERÇO TECON 1.2;CARGO;N/A;170
S014;133;199.9;32.0;7.6;37;GSA - E;BERÇO TEAG;CARGO;N/A;5915
S014;134;186.36;28.0;9.0;32;CGC;BERÇO TECON 1.2;CARGO;N/A;800
S014;135;333.33;38.0;8.6;11;PASSAGEIROS;BERÇO OUT 1;PASSENGER;N/A;685
S014;136;189.99;32.31;9.18;58;GSM - E;BERÇO USIMINAS 3;CARGO;N/A;7720
S014;137;179.87;28.0;8.5;55;GL;BERÇO TIPLAM 1;CARGO;N/A;1545
S014;138;231.0;32.0;12.0;51;CGC;BERÇO DPW 1;CARGO;N/A;915
S014;139;199.2;30.0;11.15;25;CGNC;BERÇO ARM 33;CARGO;N/A;820
S014;140;199.98;32.0;6.48;6;CGNC;BERÇO ARM 37;CARGO;N/A;4530
S014;141;190.0;32.0;11.71;46;GSA - E;BERÇO OUT 3;CARGO;N/A;305
S014;142;230.0;38.0;10.92;39;GSA - E;BERÇO ARM 39;CARGO;N/A;1950
S014;143;164.34;23.0;8.0;54;GL;BERÇO DOW;CARGO;N/A;1630
S014;144;305.0;50.0;8.6;11;PASSAGEIROS;BERÇO 25 + FRIG;PASSENGER;N/A;625
S014;145;331.43;52.0;8.65;11;PASSAGEIROS;BERÇO ARM 31/32;PASSENGER;N/A;575
S014;146;272.08;40.0;10.2;32;CGC;BERÇO TECON 2;CARGO;N/A;945
S014;147;336.0;51.0;14.3;32;CGC;BERÇO TECON 2;CARGO;N/A;1490
S014;148;306.0;40.0;12.0;51;CGC;BERÇO DPW 2;CARGO;N/A;1225
S014;149;199.99;36.0;9.85;25;CGNC;BERÇO ARM 33;CARGO;N/A;1545
S014;150;179.89;32.06;8.0;57;GSM - I;BERÇO TIPLAM 1;CARGO;N/A;3735
S014;151;183.2;28.0;8.5;47;GL;BERÇO AL 02;CARGO;N/A;1495
S014;152;180.0;32.0;7.4;29;CGNC;BERÇO ARM 34;CARGO;N/A;8875
S014;153;228.41;37.0;7.42;5;CGNC;BERÇO ARM 20/21;CARGO;N/A;4375
S014;154;333.17;48.0;11.4;32;CGC;BERÇO TECON 1.2;CARGO;N/A;1445
S014;155;299.88;48.0;9.8;9;CGC;BERÇO BTP 2;CARGO;N/A;840
S014;156;330.03;48.0;14.0;9;CGC;BERÇO BTP 1;CARGO;N/A;1395
S014;157;289.59;44.0;8.3;11;PASSAGEIROS;BERÇO 25 + FRIG;PASSENGER;N/A;635
S014;158;190.0;32.0;6.06;23;CGNC;BERÇO ARM 38;CARGO;N/A;1865
S014;159;323.0;44.0;8.65;11;PASSAGEIROS;BERÇO ARM 31/32;PASSENGER;N/A;570
S014;160;218.45;30.0;7.6;32;CGC;BERÇO TECON 3;CARGO;N/A;1175
S014;161;229.0;32.0;6.8;46;GSA - E;BERÇO OUT 3;CARGO;N/A;3595
S014;162;299.9;45.0;14.5;32;CGC;BERÇO TECON 1.2;CARGO;N/A;1400
S014;163;270.9;43.0;10.5;51;CGC;BERÇO DPW 1;CARGO;N/A;2080
S014;164;170.7;27.0;9.81;8;CGNC;BERÇO ARM 35P1;CARGO;N/A;7675
S014;165;168.03;26.0;9.4;51;CGC;BERÇO DPW 1;CARGO;N/A;810
S014;166;248.97;44.0;9.3;47;GL;BERÇO AL 01;CARGO;N/A;4775
S014;167;199.98;32.0;11.7;25;CGNC;BERÇO ARM 35P2;CARGO;N/A;14035
S014;168;225.0;32.0;8.5;25;CGNC;BERÇO ARM 35P2;CARGO;N/A;5240
S014;169;300.07;48.0;13.4;9;CGC;BERÇO BTP 1;CARGO;N/A;1025
S014;170;225.0;32.2;7.24;37;GSA - E;BERÇO TEAG;CARGO;N/A;7945
S014;171;200.0;36.0;10.9;32;CGC;BERÇO TECON 2;CARGO;N/A;1220
S014;172;229.0;32.0;6.67;46;GSA - E;BERÇO OUT 2;CARGO;N/A;10095
S014;173;182.5;32.0;9.5;47;GL;BERÇO AL 01;CARGO;N/A;1580
S014;174;179.95;32.0;6.65;37;GSA - E;BERÇO TEAG;CARGO;N/A;9395
S014;175;222.14;30.0;10.1;32;CGC;BERÇO TECON 3;CARGO;N/A;705
S014;176;254.95;43.0;8.1;39;GSA - E;BERÇO ARM 39;CARGO;N/A;6865
S014;177;299.95;48.0;8.9;9;CGC;BERÇO BTP 2;CARGO;N/A;1240
S014;178;156.53;25.0;7.8;59;GL;BERÇO AL 03;CARGO;N/A;2200
S014;179;299.97;49.0;11.0;9;CGC;BERÇO BTP 2;CARGO;N/A;1345
S014;180;180.0;29.0;7.8;47;GL;BERÇO AL 02;CARGO;N/A;550
S014;181;334.07;42.0;10.7;9;CGC;BERÇO BTP 3;CARGO;N/A;1425
S014;182;333.2;48.0;11.7;32;CGC;BERÇO TECON 1.2;CARGO;N/A;1345
S014;183;328.46;48.0;10.7;9;CGC;BERÇO BTP 1;CARGO;N/A;1905
S014;184;208.85;30.0;10.3;51;CGC;BERÇO DPW 2;CARGO;N/A;795
S014;185;189.99;32.0;7.62;25;CGNC;BERÇO ARM 31;CARGO;N/A;3050
S014;186;333.99;42.0;9.7;51;CGC;BERÇO DPW 1;CARGO;N/A;1995
S014;187;189.99;32.0;6.54;39;GSA - E;BERÇO ARM 39;CARGO;N/A;8330
S014;188;160.0;25.0;7.5;59;GL;BERÇO AL 02;CARGO;N/A;2640
S014;189;228.99;32.0;6.6;40;GSA - E;BERÇO TGG;CARGO;N/A;5165
S014;190;275.0;40.0;13.3;32;CGC;BERÇO TECON 2;CARGO;N/A;870
S014;191;228.62;32.0;8.3;51;CGC;BERÇO DPW 1;CARGO;N/A;915
S014;192;299.9;48.0;11.3;9;CGC;BERÇO BTP 1;CARGO;N/A;1325
S014;193;323.0;44.0;8.6;11;PASSAGEIROS;BERÇO OUT 2;PASSENGER;N/A;905
S014;194;275.0;40.04;12.0;51;CGC;BERÇO DPW 2;CARGO;N/A;1450
S014;195;88.8;19.0;5.0;53;CGNC;BERÇO SAIPEM 3;CARGO;N/A;1130
S014;196;270.07;42.0;10.9;9;CGC;BERÇO BTP 2;CARGO;N/A;1490
S014;197;299.2;40.0;11.2;51;CGC;BERÇO DPW 1;CARGO;N/A;2145
S014;198;183.2;32.0;7.0;47;GL;BERÇO AL 01;CARGO;N/A;1810
S014;199;183.1;32.0;10.0;54;GL;BERÇO DOW;CARGO;N/A;1205
S014;200;185.97;35.0;8.35;32;CGC;BERÇO TECON 1.2;CARGO;N/A;845
S014;201;182.47;25.0;7.5;32;CGC;BERÇO TECON 1.1;CARGO;N/A;610
S014;202;255.4;37.0;12.9;51;CGC;BERÇO DPW 1;CARGO;N/A;1145
S014;203;228.99;32.0;7.16;23;CGNC;BERÇO ARM 38;CARGO;N/A;6900
S014;204;228.0;32.0;9.7;30;CGNC;BERÇO AL 03;CARGO;N/A;5330
S014;205;254.73;37.0;10.8;32;CGC;BERÇO TECON 2;CARGO;N/A;515
S014;206;169.37;27.0;5.33;58;GSM - E;BERÇO USIMINAS 4;CARGO;N/A;7065
S014;207;229.0;32.0;8.98;46;GSA - E;BERÇO OUT 2;CARGO;N/A;3345
S014;208;199.94;32.0;7.6;45;RORO;BERÇO TEV;CARGO;RO-RO;2615
S014;209;85.34;18.0;5.0;53;CGNC;BERÇO SAIPEM 2;CARGO;N/A;4330
S014;210;183.06;32.0;9.5;47;GL;BERÇO AL 02;CARGO;N/A;3450
S014;211;228.9;32.0;7.52;46;GSA - E;BERÇO OUT 3;CARGO;N/A;3240
S014;212;179.97;30.0;10.46;28;CGNC;BERÇO CS 02;CARGO;N/A;5515
S014;213;177.85;28.0;10.16;27;CGNC;BERÇO ARM 12A;CARGO;N/A;18235
S014;214;119.9;22.0;7.6;2;GL;BERÇO Ageo I;CARGO;N/A;2900
S014;215;199.9;32.0;6.4;6;CGNC;BERÇO ARM 37;CARGO;N/A;4915
S014;216;270.93;43.0;10.0;32;CGC;BERÇO TECON 1.2;CARGO;N/A;915
S014;217;160.0;25.0;6.8;2;GL;BERÇO IB OE;CARGO;N/A;5405
S014;218;82.3;17.0;4.4;53;CGNC;BERÇO SAIPEM 3;CARGO;N/A;1100
S014;219;183.1;32.0;9.8;30;CGNC;BERÇO AL 03;CARGO;N/A;3625
S014;220;179.95;32.0;7.5;26;CGNC;BERÇO ARM 23;CARGO;N/A;3500
S014;221;266.65;36.0;12.3;32;CGC;BERÇO TECON 2;CARGO;N/A;770
S014;222;185.97;35.0;9.45;51;CGC;BERÇO DPW 1;CARGO;N/A;725
S014;223;299.99;48.0;10.6;9;CGC;BERÇO BTP 3;CARGO;N/A;1255
S014;224;183.1;33.0;9.6;2;GL;BERÇO IB BC;CARGO;N/A;3555
S014;225;222.15;30.0;10.0;32;CGC;BERÇO TECON 3;CARGO;N/A;370
S014;226;172.0;28.0;7.7;32;CGC;BERÇO TECON 1.1;CARGO;N/A;1175
S014;227;199.9;32.0;8.12;29;CGNC;BERÇO ARM 34;CARGO;N/A;2465
S014;228;333.33;38.0;8.55;11;PASSAGEIROS;BERÇO ARM 31/32;PASSENGER;N/A;685
S014;229;336.0;51.0;13.3;51;CGC;BERÇO DPW 2;CARGO;N/A;4590
S014;230;223.91;34.0;9.3;32;CGC;BERÇO TECON 1.2;CARGO;N/A;1415
S014;231;224.9;32.0;7.0;39;GSA - E;BERÇO ARM 39;CARGO;N/A;4610
S014;232;336.0;51.0;14.4;32;CGC;BERÇO TECON 2;CARGO;N/A;1315
S014;233;227.97;37.0;10.0;32;CGC;BERÇO TECON 3;CARGO;N/A;1240
S014;234;300.4;40.0;11.5;9;CGC;BERÇO BTP 1;CARGO;N/A;735
S014;235;189.97;32.0;6.73;5;CGNC;BERÇO ARM 20/21;CARGO;N/A;1370
S014;236;270.93;43.0;10.9;51;CGC;BERÇO DPW 1;CARGO;N/A;1290
S014;237;82.3;17.0;5.0;53;CGNC;BERÇO SAIPEM 1;CARGO;N/A;5315
S014;238;183.0;32.0;8.0;47;GL;BERÇO AL 01;CARGO;N/A;1930
S014;239;333.2;48.0;11.8;32;CGC;BERÇO TECON 1.2;CARGO;N/A;1640
S014;240;189.9;32.31;7.0;56;GSA - E;BERÇO TIPLAM 3;CARGO;N/A;4250
S014;241;199.98;32.0;12.09;25;CGNC;BERÇO ARM 35P1;CARGO;N/A;7995
S014;242;305.0;50.0;8.52;11;PASSAGEIROS;BERÇO OUT 1;PASSENGER;N/A;635
S014;243;229.0;37.0;7.5;40;GSA - E;BERÇO TGG;CARGO;N/A;3900
S014;244;331.43;52.0;8.65;11;PASSAGEIROS;BERÇO ARM 31/32;PASSENGER;N/A;620
S014;245;272.05;40.0;10.7;32;CGC;BERÇO TECON 3;CARGO;N/A;995
S014;246;260.66;32.0;11.4;51;CGC;BERÇO DPW 1;CARGO;N/A;1055
S014;247;229.0;32.0;8.02;5;CGNC;BERÇO ARM 20/21;CARGO;N/A;2400
S014;248;335.93;51.0;10.0;32;CGC;BERÇO TECON 3;CARGO;N/A;1410
S014;249;199.98;24.0;9.4;57;GSM - I;BERÇO TIPLAM 1;CARGO;N/A;3665
S014;250;299.9;45.0;10.75;32;CGC;BERÇO TECON 2;CARGO;N/A;3035
S014;251;116.9;18.0;4.6;2;GL;BERÇO IB SP;CARGO;N/A;1265
S014;252;199.97;32.0;9.0;45;RORO;BERÇO TEV;CARGO;RO-RO;700
S014;253;272.02;40.0;13.2;9;CGC;BERÇO BTP 1;CARGO;N/A;1775
S014;254;199.0;32.0;8.8;45;RORO;BERÇO TEV;CARGO;RO-RO;790
S014;255;199.99;32.0;7.5;46;GSA - E;BERÇO ARM 19;CARGO;N/A;2285
S014;256;199.99;32.0;11.41;57;GSM - I;BERÇO TIPLAM 1;CARGO;N/A;11015
S014;257;183.2;32.0;8.1;47;GL;BERÇO AL 02;CARGO;N/A;1940
S014;258;330.0;48.0;11.6;9;CGC;BERÇO BTP 1;CARGO;N/A;1970
S014;259;188.0;32.0;6.4;5;CGNC;BERÇO ARM 20/21;CARGO;N/A;1870
S014;260;323.0;44.0;8.5;11;PASSAGEIROS;BERÇO ARM 31/32;PASSENGER;N/A;710
S014;261;289.59;44.0;8.3;11;PASSAGEIROS;BERÇO ARM 25;PASSENGER;N/A;640
S014;262;168.06;26.0;9.6;51;CGC;BERÇO DPW 1;CARGO;N/A;540
S014;263;170.08;27.0;6.8;32;CGC;BERÇO TECON 1.1;CARGO;N/A;1215
S014;264;294.03;32.0;10.0;32;CGC;BERÇO TECON 3;CARGO;N/A;1365
S014;265;228.0;40.0;8.0;47;GL;BERÇO AL 01;CARGO;N/A;2010
S014;266;333.2;48.0;14.4;32;CGC;BERÇO TECON 1.2;CARGO;N/A;2345
S014;267;189.99;32.0;12.8;43;GSM - I;BERÇO TERMAG;CARGO;N/A;5395
S014;268;183.1;33.0;7.9;30;CGNC;BERÇO AL 03;CARGO;N/A;2495
S014;269;183.1;32.0;9.5;1;GL;BERÇO IB SP;CARGO;N/A;4540
S014;270;199.99;32.31;9.45;57;GSM - I;BERÇO TIPLAM 4;CARGO;N/A;7810
S014;271;88.8;19.0;5.3;53;CGNC;BERÇO SAIPEM 2;CARGO;N/A;1080
S014;272;179.86;29.0;9.2;55;GL;BERÇO TIPLAM 1;CARGO;N/A;1425
S014;273;332.85;43.0;10.1;9;CGC;BERÇO BTP 2;CARGO;N/A;2575
S014;274;228.99;32.0;8.65;26;CGNC;BERÇO ARM 25;CARGO;N/A;2595
S014;275;127.03;16.0;5.8;7;CGNC;BERÇO CORTE;CARGO;N/A;5195
S014;276;293.2;40.0;10.5;9;CGC;BERÇO BTP 2;CARGO;N/A;990
S014;277;189.94;33.0;4.9;46;GSA - E;BERÇO OUT 3;CARGO;N/A;5155
S014;278;212.54;31.0;10.9;51;CGC;BERÇO DPW 2;CARGO;N/A;1020
S014;279;189.94;33.0;8.52;56;GSA - E;BERÇO TIPLAM 2;CARGO;N/A;1875
S014;280;272.05;40.0;9.5;32;CGC;BERÇO TECON 3;CARGO;N/A;1180
S014;281;299.18;48.0;9.6;9;CGC;BERÇO BTP 3;CARGO;N/A;1280
S014;282;213.88;32.0;8.2;9;CGC;BERÇO BTP 2;CARGO;N/A;2435
S014;283;314.33;48.0;12.6;32;CGC;BERÇO TECON 2;CARGO;N/A;1230
S014;284;146.6;24.0;6.1;1;GL;BERÇO IB BC;CARGO;N/A;3850
S014;285;258.89;32.0;9.0;32;CGC;BERÇO TECON 1.1;CARGO;N/A;275
S014;286;185.96;35.0;8.2;32;CGC;BERÇO TECON 3;CARGO;N/A;1300
S014;287;182.93;31.0;9.5;57;GSM - I;BERÇO TIPLAM 1;CARGO;N/A;5610
S014;288;199.2;31.0;7.63;28;CGNC;BERÇO CS 01;CARGO;N/A;4230
S014;289;335.0;51.0;10.5;9;CGC;BERÇO BTP 1;CARGO;N/A;2345
S014;290;164.34;23.0;7.8;54;GL;BERÇO DOW;CARGO;N/A;1775
S014;291;199.2;30.0;9.67;28;CGNC;BERÇO CS 02;CARGO;N/A;7160
S014;292;223.88;32.0;7.2;11;PASSAGEIROS;BERÇO ARM 31/32;PASSENGER;N/A;690
S014;293;182.9;40.0;9.65;2;GL;BERÇO IB SP;CARGO;N/A;4015
S014;294;239.3;32.0;7.6;11;PASSAGEIROS;BERÇO OUT 2;PASSENGER;N/A;690
S014;295;228.0;37.0;10.4;51;CGC;BERÇO DPW 2;CARGO;N/A;975
S014;296;199.97;32.0;8.2;45;RORO;BERÇO TEV;CARGO;RO-RO;2890
S014;297;199.9;33.0;10.3;57;GSM - I;BERÇO TIPLAM 4;CARGO;N/A;8140
S014;298;330.0;48.0;14.5;9;CGC;BERÇO BTP 1;CARGO;N/A;1175
S014;299;225.0;32.0;7.7;46;GSA - E;BERÇO ARM 19;CARGO;N/A;4000
S014;300;182.9;32.2;10.2;2;GL;BERÇO Ageo I;CARGO;N/A;2915
S014;301;183.0;27.0;7.5;47;GL;BERÇO AL 02;CARGO;N/A;790
S014;302;210.54;30.0;8.8;51;CGC;BERÇO DPW 2;CARGO;N/A;1315
S014;303;179.99;30.0;7.0;25;CGNC;BERÇO ARM 29;CARGO;N/A;3485
S014;304;223.98;35.0;8.61;32;CGC;BERÇO TECON 1.1;CARGO;N/A;505
S014;305;189.94;33.0;6.53;25;CGNC;BERÇO ARM 33;CARGO;N/A;8050
S014;306;156.53;25.0;7.8;2;GL;BERÇO IB OE;CARGO;N/A;2285
S014;307;182.47;25.0;8.0;32;CGC;BERÇO TECON 2;CARGO;N/A;1255
S014;308;199.98;32.0;6.26;46;GSA - E;BERÇO OUT 2;CARGO;N/A;2120
S014;309;215.4;37.0;7.0;25;CGNC;BERÇO ARM 32;CARGO;N/A;2905
S014;310;300.0;48.0;10.8;32;CGC;BERÇO TECON 1.2;CARGO;N/A;955
S014;311;336.0;51.0;10.2;32;CGC;BERÇO TECON 3;CARGO;N/A;2590
S014;312;294.1;32.25;12.55;51;CGC;BERÇO DPW 2;CARGO;N/A;1675
S014;313;225.0;32.0;6.98;27;CGNC;BERÇO ARM 13/14;CARGO;N/A;11910
S014;314;278.94;40.0;11.0;51;CGC;BERÇO DPW 2;CARGO;N/A;1475
S014;315;304.16;40.0;9.8;9;CGC;BERÇO BTP 3;CARGO;N/A;1050
S014;316;254.87;37.0;10.25;32;CGC;BERÇO TECON 1.1;CARGO;N/A;675
S014;317;346.98;42.0;13.8;32;CGC;BERÇO TECON 2;CARGO;N/A;1120
S014;318;139.95;21.0;6.9;2;GL;BERÇO IB SP;CARGO;N/A;1565
S014;319;204.85;32.0;7.3;49;GL;BERÇO CUTRALE;CARGO;N/A;4700
S014;320;88.8;19.0;5.0;53;CGNC;BERÇO SAIPEM 2;CARGO;N/A;1680
S014;321;182.88;32.0;9.0;47;GL;BERÇO AL 01;CARGO;N/A;1480
S014;322;179.9;30.0;9.8;58;GSM - E;BERÇO USIMINAS 3;CARGO;N/A;6110
S014;323;299.9;45.0;11.85;9;CGC;BERÇO BTP 3;CARGO;N/A;1230
S014;324;228.99;32.0;7.5;26;CGNC;BERÇO ARM 25;CARGO;N/A;6385
S014;325;85.34;18.0;4.55;53;CGNC;BERÇO SAIPEM 1;CARGO;N/A;2780
S014;326;225.0;32.0;9.3;52;CGNC;BERÇO DPW 3;CARGO;N/A;2210
S014;327;299.9;48.0;11.8;9;CGC;BERÇO BTP 2;CARGO;N/A;1775
S014;328;156.53;25.0;8.15;59;GL;BERÇO AL 02;CARGO;N/A;4235
S014;329;272.0;43.0;10.3;9;CGC;BERÇO BTP 2;CARGO;N/A;510
S014;330;229.05;32.0;7.54;40;GSA - E;BERÇO TGG;CARGO;N/A;2730
S014;331;199.98;32.0;6.75;56;GSA - E;BERÇO TIPLAM 2;CARGO;N/A;1785
S014;332;225.16;31.0;9.5;32;CGC;BERÇO TECON 1.2;CARGO;N/A;475
S014;333;186.36;28.0;9.9;32;CGC;BERÇO TECON 1.1;CARGO;N/A;830
S014;334;333.33;38.0;8.63;11;PASSAGEIROS;BERÇO OUT 1;PASSENGER;N/A;695
S014;335;229.0;32.0;7.21;40;GSA - E;BERÇO TGG;CARGO;N/A;8015
S014;336;254.96;43.0;8.7;39;GSA - E;BERÇO ARM 39;CARGO;N/A;7985
S014;337;272.02;40.0;11.0;9;CGC;BERÇO BTP 2;CARGO;N/A;1125
S014;338;183.06;32.0;6.5;1;GL;BERÇO IB BC;CARGO;N/A;2545
S014;339;196.0;32.3;6.59;23;CGNC;BERÇO ARM 38;CARGO;N/A;7655
S014;340;228.99;32.0;7.1;42;GSA - E;BERÇO TEG;CARGO;N/A;7595
S014;341;259.8;32.0;11.0;51;CGC;BERÇO DPW 1;CARGO;N/A;630
S014;342;227.95;38.0;11.7;32;CGC;BERÇO TECON 2;CARGO;N/A;1175
S014;343;333.2;48.0;11.5;32;CGC;BERÇO TECON 1.2;CARGO;N/A;1375
S014;344;215.4;37.0;7.0;25;CGNC;BERÇO ARM 31;CARGO;N/A;18725
S014;345;172.2;25.0;9.8;51;CGC;BERÇO DPW 1;CARGO;N/A;910
S014;346;224.94;31.0;7.5;46;GSA - E;BERÇO OUT 3;CARGO;N/A;2560
S014;347;229.0;32.0;7.05;46;GSA - E;BERÇO OUT 2;CARGO;N/A;6260
S014;348;334.8;45.86;11.5;51;CGC;BERÇO DPW 2;CARGO;N/A;1275
S014;349;183.34;32.0;7.8;47;GL;BERÇO AL 02;CARGO;N/A;1485
S014;350;144.09;24.0;8.0;2;GL;BERÇO Ageo I;CARGO;N/A;3010
S014;351;305.0;50.0;8.5;11;PASSAGEIROS;BERÇO OUT 1;PASSENGER;N/A;640
S014;352;331.43;52.0;8.7;11;PASSAGEIROS;BERÇO OUT 2;PASSENGER;N/A;620
S014;353;272.05;40.0;9.3;32;CGC;BERÇO TECON 3;CARGO;N/A;1460
S014;354;330.0;48.0;14.5;51;CGC;BERÇO DPW 1;CARGO;N/A;2025
S014;355;82.3;17.0;4.5;53;CGNC;BERÇO SAIPEM 2;CARGO;N/A;7330
S014;356;236.32;36.0;9.0;9;CGC;BERÇO BTP 1;CARGO;N/A;345
S014;357;299.9;48.0;13.1;51;CGC;BERÇO DPW 2;CARGO;N/A;2165
S014;358;201.8;32.0;10.6;52;CGNC;BERÇO DPW 4;CARGO;N/A;3430
S014;359;201.8;32.0;9.7;25;CGNC;BERÇO ARM 32;CARGO;N/A;860
S014;360;227.95;38.0;11.4;9;CGC;BERÇO BTP 1;CARGO;N/A;1320
S014;361;277.32;40.0;13.9;9;CGC;BERÇO BTP 3;CARGO;N/A;1635
S014;362;85.34;18.0;4.8;53;CGNC;BERÇO SAIPEM 1;CARGO;N/A;250
S014;363;227.5;33.0;12.05;59;GL;BERÇO AL 02;CARGO;N/A;6820
S014;364;170.0;26.0;9.7;33;GL;BERÇO AL 03;CARGO;N/A;3685
S014;365;333.2;48.0;10.4;32;CGC;BERÇO TECON 2;CARGO;N/A;1685
S014;366;199.98;32.0;8.99;46;GSA - E;BERÇO ARM 19;CARGO;N/A;1420
S014;367;304.14;40.0;10.8;51;CGC;BERÇO DPW 2;CARGO;N/A;715
S014;368;289.59;44.0;8.3;11;PASSAGEIROS;BERÇO 25 + FRIG;PASSENGER;N/A;640
S014;369;323.0;44.0;8.5;11;PASSAGEIROS;BERÇO OUT 1;PASSENGER;N/A;215
S014;370;216.0;32.0;7.1;11;PASSAGEIROS;BERÇO OUT 3;PASSENGER;N/A;515
S014;371;299.18;48.0;9.6;9;CGC;BERÇO BTP 1;CARGO;N/A;1895
S014;372;156.53;25.0;8.5;59;GL;BERÇO AL 04;CARGO;N/A;1210
S014;373;299.93;49.0;10.55;32;CGC;BERÇO TECON 3;CARGO;N/A;525
S014;374;329.8;48.0;14.5;32;CGC;BERÇO TECON 1.2;CARGO;N/A;1430
S014;375;323.0;44.0;8.5;11;PASSAGEIROS;BERÇO OUT 2;PASSENGER;N/A;335
S014;376;293.97;32.0;9.9;32;CGC;BERÇO TECON 2;CARGO;N/A;695
S014;377;199.98;32.0;6.79;56;GSA - E;BERÇO TIPLAM 3;CARGO;N/A;3915
S014;378;218.45;30.0;8.65;32;CGC;BERÇO TECON 3;CARGO;N/A;1270
S014;379;201.8;32.0;10.56;29;CGNC;BERÇO ARM 34;CARGO;N/A;2490
S014;380;196.3;33.0;7.9;52;CGNC;BERÇO DPW 3;CARGO;N/A;5795
S014;381;179.9;32.0;8.3;45;RORO;BERÇO TEV;CARGO;RO-RO;2185
S014;382;229.0;32.0;7.3;50;GSA - E;BERÇO CUTRALE;CARGO;N/A;2685
S014;383;336.0;51.0;9.4;51;CGC;BERÇO DPW 1;CARGO;N/A;2550
S014;384;222.15;30.0;8.9;32;CGC;BERÇO TECON 1.1;CARGO;N/A;525
S014;385;183.1;32.0;8.0;47;GL;BERÇO AL 01;CARGO;N/A;1765
S014;386;182.9;40.0;8.3;47;GL;BERÇO AL 01;CARGO;N/A;1900
S014;387;183.06;32.0;8.25;47;GL;BERÇO AL 01;CARGO;N/A;1530
S014;388;320.58;42.0;10.1;51;CGC;BERÇO DPW 2;CARGO;N/A;1100
S014;389;208.85;30.0;11.3;51;CGC;BERÇO DPW 1;CARGO;N/A;605
S014;390;156.53;25.0;10.9;30;CGNC;BERÇO AL 04;CARGO;N/A;1875
S014;391;190.0;32.0;6.3;23;CGNC;BERÇO ARM 38;CARGO;N/A;5420
S014;392;210.0;36.0;7.6;52;CGNC;BERÇO DPW 4;CARGO;N/A;3600
S014;393;225.0;32.0;8.19;25;CGNC;BERÇO ARM 35P2;CARGO;N/A;11335
S014;394;299.9;45.0;11.6;9;CGC;BERÇO BTP 1;CARGO;N/A;1505
S014;395;173.0;29.0;7.3;52;CGNC;BERÇO DPW 3;CARGO;N/A;4500
S014;396;256.07;37.0;10.1;32;CGC;BERÇO TECON 1.1;CARGO;N/A;850
S014;397;270.9;43.0;12.3;51;CGC;BERÇO DPW 2;CARGO;N/A;1070
S014;398;222.14;30.0;8.1;32;CGC;BERÇO TECON 1.2;CARGO;N/A;345
S014;399;174.38;28.0;7.2;33;GL;BERÇO AL 02;CARGO;N/A;3880
S014;400;179.99;28.0;6.37;56;GSA - E;BERÇO TIPLAM 2;CARGO;N/A;9110
S014;401;229.0;32.0;6.59;56;GSA - E;BERÇO TIPLAM 2;CARGO;N/A;4545
S014;402;176.75;29.0;7.5;26;CGNC;BERÇO ARM 23;CARGO;N/A;6230
S014;403;116.9;18.0;4.5;2;GL;BERÇO IB OE;CARGO;N/A;3265
S014;404;170.0;26.0;9.2;2;GL;BERÇO IB BC;CARGO;N/A;2270
S014;405;119.9;22.0;7.3;2;GL;BERÇO Ageo I;CARGO;N/A;4775
S014;406;330.0;48.0;14.25;9;CGC;BERÇO BTP 2;CARGO;N/A;1630
S014;407;299.92;48.0;13.95;9;CGC;BERÇO BTP 3;CARGO;N/A;2165
S014;408;197.0;32.0;8.8;28;CGNC;BERÇO CS 01;CARGO;N/A;10530
S014;409;225.0;32.0;7.25;42;GSA - E;BERÇO TEG;CARGO;N/A;4100
S014;410;214.0;32.0;8.86;9;CGC;BERÇO BTP 1;CARGO;N/A;2000
S014;411;179.99;30.0;6.9;14;CGNC;BERÇO ARM 31;CARGO;N/A;3880
S014;412;194.87;32.0;8.9;51;CGC;BERÇO DPW 1;CARGO;N/A;1650
S014;413;170.0;26.0;7.35;49;GL;BERÇO CUTRALE;CARGO;N/A;2685
S014;414;337.0;48.0;12.0;9;CGC;BERÇO BTP 2;CARGO;N/A;1385
S014;415;146.5;24.0;9.7;2;GL;BERÇO IB SP;CARGO;N/A;2080
S014;416;229.0;32.0;7.03;39;GSA - E;BERÇO ARM 39;CARGO;N/A;2525
S014;417;255.0;37.0;10.5;32;CGC;BERÇO TECON 1.2;CARGO;N/A;685
S014;418;179.95;32.0;9.23;25;CGNC;BERÇO ARM 35P1;CARGO;N/A;15535
S014;419;224.95;32.0;12.73;40;GSA - E;BERÇO TGG;CARGO;N/A;370
S014;420;182.47;25.0;8.7;32;CGC;BERÇO TECON 3;CARGO;N/A;885
S014;421;199.9;32.0;6.98;37;GSA - E;BERÇO TEAG;CARGO;N/A;7300
S014;422;88.8;19.0;5.3;53;CGNC;BERÇO SAIPEM 1;CARGO;N/A;2620
S014;423;228.41;36.0;7.05;6;CGNC;BERÇO ARM 37;CARGO;N/A;7730
S014;424;335.9;51.0;13.3;32;CGC;BERÇO TECON 2;CARGO;N/A;1130
S014;425;134.75;21.0;7.1;2;GL;BERÇO IB BC;CARGO;N/A;2765
S014;426;161.12;23.0;7.6;30;CGNC;BERÇO AL 03;CARGO;N/A;2345
S014;427;186.07;32.0;11.7;2;GL;BERÇO IB OE;CARGO;N/A;2945
S014;428;201.8;32.0;11.9;29;CGNC;BERÇO ARM 34;CARGO;N/A;4205
S014;429;199.9;32.0;10.2;43;GSM - I;BERÇO TERMAG;CARGO;N/A;3705
S014;430;204.88;32.0;7.4;25;CGNC;BERÇO ARM 32;CARGO;N/A;4300
S014;431;201.8;32.0;9.6;52;CGNC;BERÇO DPW 4;CARGO;N/A;3120
S014;432;199.98;32.0;9.8;5;CGNC;BERÇO ARM 20/21;CARGO;N/A;6145
S014;433;183.98;27.4;7.4;47;GL;BERÇO AL 01;CARGO;N/A;1885
S014;434;257.38;32.0;7.9;32;CGC;BERÇO TECON 1.2;CARGO;N/A;765
S014;435;180.0;29.0;9.6;47;GL;BERÇO AL 01;CARGO;N/A;2345
S014;436;183.2;28.0;7.75;47;GL;BERÇO AL 02;CARGO;N/A;1170
S014;437;299.95;40.0;10.7;9;CGC;BERÇO BTP 3;CARGO;N/A;1590
S014;438;259.8;32.0;9.1;32;CGC;BERÇO TECON 1.1;CARGO;N/A;380
S014;439;299.9;48.0;11.1;9;CGC;BERÇO BTP 1;CARGO;N/A;1115
S014;440;239.3;32.0;7.4;11;PASSAGEIROS;BERÇO ARM 25;PASSENGER;N/A;680
S014;441;333.33;38.0;8.55;11;PASSAGEIROS;BERÇO OUT 1;PASSENGER;N/A;675
S014;442;228.0;37.0;12.0;32;CGC;BERÇO TECON 1.1;CARGO;N/A;1085
S014;443;334.07;43.0;14.2;32;CGC;BERÇO TECON 2;CARGO;N/A;1575
S014;444;183.09;32.0;12.5;30;CGNC;BERÇO AL 03;CARGO;N/A;2485
S014;445;199.9;32.0;11.5;29;CGNC;BERÇO ARM 34;CARGO;N/A;6885
S014;446;266.65;36.0;11.7;51;CGC;BERÇO DPW 2;CARGO;N/A;1220
S014;447;229.0;32.0;7.23;40;GSA - E;BERÇO TGG;CARGO;N/A;2445
S014;448;164.34;23.0;7.9;54;GL;BERÇO DOW;CARGO;N/A;1835
S014;449;229.0;32.0;9.2;50;GSA - E;BERÇO CUTRALE;CARGO;N/A;6585
S014;450;199.94;32.0;8.0;45;RORO;BERÇO TEV;CARGO;RO-RO;1560
S014;451;229.0;32.31;7.3;56;GSA - E;BERÇO TIPLAM 2;CARGO;N/A;5200
S014;452;182.5;32.0;7.5;47;GL;BERÇO AL 01;CARGO;N/A;1270
S014;453;249.97;38.0;10.9;9;CGC;BERÇO BTP 1;CARGO;N/A;665
S014;454;336.0;51.0;10.9;32;CGC;BERÇO TECON 3;CARGO;N/A;1955
S014;455;333.18;48.0;10.7;32;CGC;BERÇO TECON 2;CARGO;N/A;1145
S014;456;299.98;48.0;12.1;9;CGC;BERÇO BTP 2;CARGO;N/A;2875
S014;457;229.0;32.0;7.07;42;GSA - E;BERÇO TEG;CARGO;N/A;4500
S014;458;330.0;48.0;11.6;9;CGC;BERÇO BTP 3;CARGO;N/A;1495
S014;459;305.0;50.0;8.5;11;PASSAGEIROS;BERÇO 25 + FRIG;PASSENGER;N/A;630
S014;460;331.43;52.0;8.5;11;PASSAGEIROS;BERÇO OUT 1;PASSENGER;N/A;615
S014;461;183.06;32.0;8.6;47;GL;BERÇO AL 02;CARGO;N/A;2790
S014;462;228.99;32.0;7.3;46;GSA - E;BERÇO OUT 3;CARGO;N/A;3450
S014;463;228.0;37.0;11.0;9;CGC;BERÇO BTP 1;CARGO;N/A;1360
S014;464;229.0;32.0;7.55;46;GSA - E;BERÇO ARM 19;CARGO;N/A;2365
S014;465;270.9;43.0;10.1;51;CGC;BERÇO DPW 1;CARGO;N/A;1520
S014;466;299.9;45.0;11.5;9;CGC;BERÇO BTP 3;CARGO;N/A;1000
S014;467;333.2;48.0;12.7;32;CGC;BERÇO TECON 1.2;CARGO;N/A;1530
S014;468;196.0;33.0;7.2;56;GSA - E;BERÇO TIPLAM 2;CARGO;N/A;6235
S014;469;300.0;48.0;10.2;9;CGC;BERÇO BTP 1;CARGO;N/A;1955
S014;470;323.0;44.0;8.55;11;PASSAGEIROS;BERÇO OUT 1;PASSENGER;N/A;645
S014;471;289.59;44.0;8.3;11;PASSAGEIROS;BERÇO OUT 1;PASSENGER;N/A;635
S014;472;196.28;32.31;7.35;52;CGNC;BERÇO DPW 3;CARGO;N/A;8855
S014;473;255.4;38.0;13.0;51;CGC;BERÇO DPW 2;CARGO;N/A;2160
S014;474;259.8;32.0;9.1;32;CGC;BERÇO TECON 1.1;CARGO;N/A;1015
S014;475;183.2;32.0;8.6;47;GL;BERÇO AL 01;CARGO;N/A;1750
S014;476;263.23;32.0;11.1;51;CGC;BERÇO DPW 1;CARGO;N/A;695
S014;477;277.32;40.0;11.2;9;CGC;BERÇO BTP 3;CARGO;N/A;1120
S014;478;299.9;46.0;14.0;32;CGC;BERÇO TECON 3;CARGO;N/A;2055
S014;479;199.99;32.0;7.13;5;CGNC;BERÇO ARM 20/21;CARGO;N/A;2905
S014;480;199.99;33.0;8.8;45;RORO;BERÇO TEV;CARGO;RO-RO;760
S014;481;139.03;20.0;7.4;9;CGC;BERÇO BTP 3;CARGO;N/A;1250
S014;482;229.0;32.0;7.01;27;CGNC;BERÇO ARM 13/14;CARGO;N/A;3795
S014;483;182.9;40.0;8.2;2;GL;BERÇO Ageo I;CARGO;N/A;5900
S014;484;161.12;23.0;7.0;2;GL;BERÇO IB BC;CARGO;N/A;4820
S014;485;210.0;37.0;8.3;6;CGNC;BERÇO ARM 37;CARGO;N/A;3895
S014;486;335.95;51.0;12.9;32;CGC;BERÇO TECON 2;CARGO;N/A;1325
S014;487;299.9;48.0;10.5;32;CGC;BERÇO TECON 1.2;CARGO;N/A;350
S014;488;330.03;48.0;13.05;32;CGC;BERÇO TECON 3;CARGO;N/A;1320
S014;489;228.0;37.0;10.3;51;CGC;BERÇO DPW 1;CARGO;N/A;1055
S014;490;146.19;25.0;8.3;33;GL;BERÇO AL 03;CARGO;N/A;1515
S014;491;229.0;32.0;7.6;23;CGNC;BERÇO ARM 38;CARGO;N/A;4995
S014;492;274.9;29.0;6.7;11;PASSAGEIROS;BERÇO OUT 1;PASSENGER;N/A;615
S014;493;346.98;42.0;9.9;9;CGC;BERÇO BTP 2;CARGO;N/A;2460
S014;494;229.0;32.0;7.2;27;CGNC;BERÇO ARM 13/14;CARGO;N/A;5795
S014;495;228.9;33.0;7.3;23;CGNC;BERÇO ARM 38;CARGO;N/A;5785
S014;496;172.03;28.0;8.6;51;CGC;BERÇO DPW 1;CARGO;N/A;910
S014;497;330.03;48.0;12.5;9;CGC;BERÇO BTP 3;CARGO;N/A;1880
S014;498;299.9;48.0;13.1;32;CGC;BERÇO TECON 1.2;CARGO;N/A;865
S014;499;333.2;48.0;12.5;9;CGC;BERÇO BTP 1;CARGO;N/A;3080
S014;500;225.0;32.0;7.29;56;GSA - E;BERÇO TIPLAM 3;CARGO;N/A;4110
S014;501;183.09;32.0;10.0;2;GL;BERÇO IB SP;CARGO;N/A;4855
S014;502;225.0;32.0;7.45;25;CGNC;BERÇO ARM 35P2;CARGO;N/A;7815
S014;503;212.54;31.0;9.6;51;CGC;BERÇO DPW 2;CARGO;N/A;1155
S014;504;180.4;33.0;9.76;8;CGNC;BERÇO ARM 35P1;CARGO;N/A;6755
S014;505;179.9;28.0;7.2;8;CGNC;BERÇO ARM 35P2;CARGO;N/A;3690
S014;506;225.16;31.0;10.5;32;CGC;BERÇO TECON 2;CARGO;N/A;505
S014;507;229.0;32.0;7.2;5;CGNC;BERÇO ARM 20/21;CARGO;N/A;3625
S014;508;229.0;32.0;7.64;46;GSA - E;BERÇO OUT 3;CARGO;N/A;2985
S014;509;88.8;19.0;5.1;53;CGNC;BERÇO SAIPEM 1;CARGO;N/A;2445
S014;510;229.0;32.0;7.5;37;GSA - E;BERÇO TEAG;CARGO;N/A;6040
S014;511;144.09;24.0;8.0;2;GL;BERÇO IB BC;CARGO;N/A;2760
S014;512;228.9;36.0;8.12;23;CGNC;BERÇO ARM 38;CARGO;N/A;9235
S014;513;199.9;32.0;8.3;45;RORO;BERÇO TEV;CARGO;RO-RO;1380
S014;514;210.54;9.0;9.0;51;CGC;BERÇO DPW 1;CARGO;N/A;1275
S014;515;249.9;44.0;8.5;47;GL;BERÇO AL 01;CARGO;N/A;2500
S014;516;249.97;38.0;10.1;9;CGC;BERÇO BTP 2;CARGO;N/A;825
S014;517;229.0;32.28;7.75;50;GSA - E;BERÇO CUTRALE;CARGO;N/A;905
S014;518;182.47;25.0;8.3;32;CGC;BERÇO TECON 1.2;CARGO;N/A;790
S014;519;328.46;48.0;11.4;9;CGC;BERÇO BTP 3;CARGO;N/A;945
S014;520;183.07;32.0;8.1;2;GL;BERÇO IB OE;CARGO;N/A;1060
S014;521;272.0;43.0;12.6;9;CGC;BERÇO BTP 2;CARGO;N/A;985
S014;522;300.4;40.0;11.5;51;CGC;BERÇO DPW 2;CARGO;N/A;2310
S014;523;210.0;36.0;9.5;52;CGNC;BERÇO DPW 4;CARGO;N/A;1745
S014;524;201.8;33.0;8.1;4;CGNC;BERÇO ARM 32;CARGO;N/A;3220
S014;525;201.8;33.0;11.0;52;CGNC;BERÇO DPW 3;CARGO;N/A;3270
S014;526;254.73;37.0;10.1;32;CGC;BERÇO TECON 1.1;CARGO;N/A;1010
S014;527;229.0;32.0;6.9;56;GSA - E;BERÇO TIPLAM 3;CARGO;N/A;13260
S014;528;256.07;37.0;9.8;32;CGC;BERÇO TECON 2;CARGO;N/A;955
S014;529;180.0;32.0;8.1;45;RORO;BERÇO TEV;CARGO;RO-RO;1840
S014;530;272.08;40.0;9.3;32;CGC;BERÇO TECON 3;CARGO;N/A;690
S014;531;228.98;32.0;7.5;40;GSA - E;BERÇO TGG;CARGO;N/A;2560
S014;532;229.97;32.0;8.5;45;RORO;BERÇO TEV;CARGO;RO-RO;2585
S014;533;225.0;32.0;10.69;52;CGNC;BERÇO DPW 4;CARGO;N/A;4760
S014;534;170.08;27.0;8.1;32;CGC;BERÇO TECON 1.2;CARGO;N/A;900
S014;535;274.9;29.0;6.7;11;PASSAGEIROS;BERÇO OUT 1;PASSENGER;N/A;565
S014;536;189.9;33.0;7.1;49;GL;BERÇO CUTRALE;CARGO;N/A;4245
S014;537;145.0;25.0;8.7;59;GL;BERÇO AL 03;CARGO;N/A;3540
S014;538;189.9;32.0;6.4;46;GSA - E;BERÇO ARM 19;CARGO;N/A;1795
S014;539;225.0;32.0;10.7;9;CGC;BERÇO BTP 3;CARGO;N/A;435
S014;540;182.9;28.0;10.0;30;CGNC;BERÇO AL 04;CARGO;N/A;2380
S014;541;182.9;32.0;7.0;47;GL;BERÇO AL 01;CARGO;N/A;2350
S014;542;294.1;32.0;12.0;51;CGC;BERÇO DPW 2;CARGO;N/A;985
S014;543;183.0;27.0;7.5;47;GL;BERÇO AL 01;CARGO;N/A;1670
S014;544;182.5;32.0;7.5;47;GL;BERÇO AL 02;CARGO;N/A;2925
S014;545;304.14;40.0;11.6;51;CGC;BERÇO DPW 2;CARGO;N/A;895
S014;546;330.0;48.0;13.6;51;CGC;BERÇO DPW 1;CARGO;N/A;2505
S014;547;199.9;32.0;6.74;46;GSA - E;BERÇO ARM 16/17;CARGO;N/A;2235
S014;548;228.94;32.0;6.8;42;GSA - E;BERÇO TEG;CARGO;N/A;4200
S014;549;210.0;36.0;11.5;52;CGNC;BERÇO DPW 3;CARGO;N/A;1690
S014;550;229.0;32.0;7.5;42;GSA - E;BERÇO TEG;CARGO;N/A;3700
S014;551;228.99;32.0;7.4;23;CGNC;BERÇO ARM 38;CARGO;N/A;3255
S014;552;199.99;32.0;7.06;56;GSA - E;BERÇO TIPLAM 2;CARGO;N/A;440
S014;553;299.9;45.0;11.2;9;CGC;BERÇO BTP 1;CARGO;N/A;1275
S014;554;208.79;30.0;9.4;32;CGC;BERÇO TECON 2;CARGO;N/A;430
S014;555;227.92;37.0;10.6;32;CGC;BERÇO TECON 1.2;CARGO;N/A;1115
S014;556;145.53;24.0;9.95;2;GL;BERÇO Ageo I;CARGO;N/A;4325
S014;557;299.9;48.0;10.8;9;CGC;BERÇO BTP 1;CARGO;N/A;1800
S014;558;228.99;32.0;7.25;40;GSA - E;BERÇO TGG;CARGO;N/A;2760
S014;559;333.33;38.0;8.6;11;PASSAGEIROS;BERÇO OUT 2;PASSENGER;N/A;690
S014;560;199.92;32.0;7.5;26;CGNC;BERÇO ARM 25;CARGO;N/A;10090
S014;561;199.98;32.0;9.3;45;RORO;BERÇO TEV;CARGO;RO-RO;790
S014;562;300.02;48.0;10.1;32;CGC;BERÇO TECON 3;CARGO;N/A;425
S014;563;299.95;40.0;13.4;24;CGNC;BERÇO TECON 1.2;CARGO;N/A;1935
S014;564;146.19;25.0;8.3;1;GL;BERÇO IB OE;CARGO;N/A;2300
S014;565;183.1;32.0;9.6;30;CGNC;BERÇO AL 04;CARGO;N/A;6460
S014;566;314.33;48.0;10.9;9;CGC;BERÇO BTP 3;CARGO;N/A;1560
S014;567;199.9;32.0;10.3;57;GSM - I;BERÇO TIPLAM 1;CARGO;N/A;6190
S014;568;243.0;32.0;8.0;51;CGC;BERÇO DPW 1;CARGO;N/A;805
S014;569;335.9;51.0;10.8;32;CGC;BERÇO TECON 2;CARGO;N/A;2070
S014;570;82.3;17.0;4.5;53;CGNC;BERÇO SAIPEM 1;CARGO;N/A;1110
S014;571;259.8;32.0;10.7;51;CGC;BERÇO DPW 1;CARGO;N/A;405
S014;572;236.3;36.0;8.1;7;CGNC;BERÇO VAL;CARGO;N/A;910
S014;573;333.2;48.0;11.5;32;CGC;BERÇO TECON 1.2;CARGO;N/A;1230
S014;574;305.0;50.0;8.7;11;PASSAGEIROS;BERÇO OUT 1;PASSENGER;N/A;630
S014;575;331.43;52.0;8.5;11;PASSAGEIROS;BERÇO OUT 2;PASSENGER;N/A;605
S014;576;225.0;32.0;7.5;46;GSA - E;BERÇO ARM 19;CARGO;N/A;2675
S014;577;229.0;32.0;7.35;39;GSA - E;BERÇO ARM 39;CARGO;N/A;3590
S014;578;182.9;28.0;8.6;2;GL;BERÇO IB SP;CARGO;N/A;2120
S014;579;186.36;28.0;9.8;32;CGC;BERÇO TECON 1.1;CARGO;N/A;950
S014;580;226.8;32.0;9.5;29;CGNC;BERÇO ARM 34;CARGO;N/A;580
S014;581;180.0;29.0;9.5;47;GL;BERÇO AL 02;CARGO;N/A;1605
S014;582;223.96;35.0;8.6;32;CGC;BERÇO TECON 3;CARGO;N/A;1080
S014;583;227.92;37.0;10.2;9;CGC;BERÇO BTP 1;CARGO;N/A;430
S014;584;99.95;21.0;7.4;7;CGNC;BERÇO CORTE;CARGO;N/A;1530
S014;585;225.0;32.0;6.96;46;GSA - E;BERÇO ARM 19;CARGO;N/A;5780
S014;586;225.0;32.0;7.48;46;GSA - E;BERÇO OUT 3;CARGO;N/A;5910
S014;587;183.2;32.23;8.3;47;GL;BERÇO AL 02;CARGO;N/A;2295
S014;588;176.5;27.0;6.6;57;GSM - I;BERÇO TIPLAM 4;CARGO;N/A;2700
S014;589;209.75;33.0;11.1;32;CGC;BERÇO TECON 1.1;CARGO;N/A;1815
S014;590;218.45;30.0;9.0;32;CGC;BERÇO TECON 1.2;CARGO;N/A;695
S014;591;200.0;36.0;10.4;32;CGC;BERÇO TECON 1.1;CARGO;N/A;1125
S014;592;289.59;44.0;8.3;11;PASSAGEIROS;BERÇO OUT 2;PASSENGER;N/A;685
S014;593;330.0;48.0;13.9;9;CGC;BERÇO BTP 2;CARGO;N/A;1505
S014;594;323.0;44.0;8.6;11;PASSAGEIROS;BERÇO OUT 1;PASSENGER;N/A;590
S014;595;333.2;48.0;12.0;32;CGC;BERÇO TECON 3;CARGO;N/A;1840
S014;596;336.0;51.0;13.7;32;CGC;BERÇO TECON 2;CARGO;N/A;1095
S014;597;254.96;43.0;9.0;39;GSA - E;BERÇO ARM 39;CARGO;N/A;3535
S014;598;299.9;45.0;14.2;32;CGC;BERÇO TECON 1.2;CARGO;N/A;1585
S014;599;170.0;26.0;7.6;49;GL;BERÇO CUTRALE;CARGO;N/A;3590
S014;600;229.0;37.0;7.2;46;GSA - E;BERÇO OUT 3;CARGO;N/A;3245
S014;601;314.31;48.0;14.5;9;CGC;BERÇO BTP 3;CARGO;N/A;1870
S014;602;305.6;40.0;11.5;51;CGC;BERÇO DPW 2;CARGO;N/A;950
S014;603;199.97;32.0;8.3;45;RORO;BERÇO TEV;CARGO;RO-RO;2085
S014;604;228.99;32.0;6.82;37;GSA - E;BERÇO TEAG;CARGO;N/A;9805
S014;605;229.0;32.0;6.5;42;GSA - E;BERÇO TEG;CARGO;N/A;5435
S014;606;199.97;32.0;8.3;45;RORO;BERÇO TEV;CARGO;RO-RO;1730
S014;607;274.9;29.0;6.5;11;PASSAGEIROS;BERÇO OUT 1;PASSENGER;N/A;620
S014;608;303.94;40.0;9.0;9;CGC;BERÇO BTP 2;CARGO;N/A;825
S014;609;218.45;30.0;8.7;51;CGC;BERÇO DPW 2;CARGO;N/A;430
S014;610;229.0;32.0;7.48;46;GSA - E;BERÇO OUT 2;CARGO;N/A;4675
S014;611;164.34;23.0;7.7;54;GL;BERÇO DOW;CARGO;N/A;1790
S014;612;225.0;32.0;7.2;46;GSA - E;BERÇO ARM 16/17;CARGO;N/A;2500
S014;613;227.5;33.0;9.0;2;GL;BERÇO IB OE;CARGO;N/A;5265
S014;614;236.3;36.0;8.2;45;RORO;BERÇO TEV;CARGO;RO-RO;800
S014;615;329.8;48.0;11.6;9;CGC;BERÇO BTP 2;CARGO;N/A;1280
S014;616;272.08;40.0;10.1;32;CGC;BERÇO TECON 2;CARGO;N/A;1115
S014;617;259.8;32.0;9.0;32;CGC;BERÇO TECON 1.2;CARGO;N/A;380
S014;618;229.0;32.0;6.65;40;GSA - E;BERÇO TGG;CARGO;N/A;3985
S014;619;214.0;32.0;8.75;9;CGC;BERÇO BTP 1;CARGO;N/A;1720
S014;620;88.8;19.0;5.0;53;CGNC;BERÇO SAIPEM 1;CARGO;N/A;1760
S014;621;224.0;35.0;8.7;32;CGC;BERÇO TECON 1.1;CARGO;N/A;780
S014;622;229.0;32.0;11.7;5;CGNC;BERÇO ARM 20/21;CARGO;N/A;745
S014;623;330.0;48.0;12.6;9;CGC;BERÇO BTP 1;CARGO;N/A;2055
S014;624;208.85;30.0;10.3;51;CGC;BERÇO DPW 1;CARGO;N/A;620
S014;625;183.07;32.0;9.0;47;GL;BERÇO AL 01;CARGO;N/A;1925
S014;626;170.7;27.0;10.02;8;CGNC;BERÇO ARM 35P2;CARGO;N/A;4555
S014;627;145.0;24.0;7.85;2;GL;BERÇO Ageo I;CARGO;N/A;1765
S014;628;299.9;48.0;11.4;51;CGC;BERÇO DPW 2;CARGO;N/A;1760
S014;629;170.0;27.0;8.15;59;GL;BERÇO AL 02;CARGO;N/A;2260
S014;630;229.0;0.0;6.75;40;GSA - E;BERÇO TGG;CARGO;N/A;2680
S014;631;243.0;32.0;8.7;32;CGC;BERÇO TECON 3;CARGO;N/A;615
S014;632;199.99;36.0;8.12;52;CGNC;BERÇO DPW 4;CARGO;N/A;4880
S014;633;188.34;27.0;8.0;7;CGNC;BERÇO CS 04;CARGO;N/A;8325
S014;634;119.9;22.0;8.3;2;GL;BERÇO IB SP;CARGO;N/A;4050
S014;635;85.34;18.0;3.9;53;CGNC;BERÇO SAIPEM 2;CARGO;N/A;2750
S014;636;228.62;32.0;8.9;51;CGC;BERÇO DPW 1;CARGO;N/A;2125
S014;637;228.9;32.0;7.46;56;GSA - E;BERÇO TIPLAM 2;CARGO;N/A;3170
S014;638;182.47;25.0;8.6;32;CGC;BERÇO TECON 2;CARGO;N/A;1245
S014;639;228.41;36.0;7.8;27;CGNC;BERÇO ARM 12A;CARGO;N/A;5475
S014;640;229.0;32.0;7.61;40;GSA - E;BERÇO TGG;CARGO;N/A;2305
S014;641;229.0;32.28;8.95;50;GSA - E;BERÇO CUTRALE;CARGO;N/A;2785
S014;642;179.99;28.0;7.5;26;CGNC;BERÇO ARM 25;CARGO;N/A;5205
S014;643;190.0;32.0;12.1;46;GSA - E;BERÇO ARM 16/17;CARGO;N/A;260
S014;644;314.36;48.0;14.5;32;CGC;BERÇO TECON 1.2;CARGO;N/A;1730
S014;645;225.0;32.0;7.26;37;GSA - E;BERÇO TEAG;CARGO;N/A;6755
S014;646;294.1;32.3;12.7;51;CGC;BERÇO DPW 2;CARGO;N/A;1180
S014;647;229.0;32.0;6.64;42;GSA - E;BERÇO TEG;CARGO;N/A;4045
S014;648;330.0;48.0;10.7;51;CGC;BERÇO DPW 2;CARGO;N/A;1625
S014;649;333.95;48.0;14.1;51;CGC;BERÇO DPW 1;CARGO;N/A;1500
S014;650;199.9;32.0;11.2;29;CGNC;BERÇO ARM 34;CARGO;N/A;975
S014;651;299.93;49.0;11.3;9;CGC;BERÇO BTP 3;CARGO;N/A;1225
S014;652;183.1;32.0;9.1;54;GL;BERÇO DOW;CARGO;N/A;1545
S014;653;225.0;32.0;7.05;46;GSA - E;BERÇO OUT 3;CARGO;N/A;2365
S014;654;254.87;37.0;9.2;32;CGC;BERÇO TECON 1.1;CARGO;N/A;765
S014;655;323.0;44.0;8.6;11;PASSAGEIROS;BERÇO OUT 1;PASSENGER;N/A;635
S014;656;274.9;29.0;6.7;11;PASSAGEIROS;BERÇO ARM 31/32;PASSENGER;N/A;570
S014;657;299.98;40.0;12.5;9;CGC;BERÇO BTP 2;CARGO;N/A;830
S014;658;179.87;28.0;8.8;55;GL;BERÇO TIPLAM 1;CARGO;N/A;1395
S014;659;330.0;48.0;13.1;9;CGC;BERÇO BTP 3;CARGO;N/A;1015
S014;660;199.2;31.0;6.1;29;CGNC;BERÇO ARM 34;CARGO;N/A;2115
S014;661;182.5;32.0;11.2;2;GL;BERÇO Ageo I;CARGO;N/A;9090
S014;662;229.0;32.0;7.42;40;GSA - E;BERÇO TGG;CARGO;N/A;2380
S014;663;158.98;27.0;8.0;33;GL;BERÇO AL 03;CARGO;N/A;4380
S014;664;299.9;45.0;11.5;9;CGC;BERÇO BTP 2;CARGO;N/A;920
S014;665;179.53;27.0;7.1;30;CGNC;BERÇO AL 04;CARGO;N/A;9365
S014;666;199.9;32.0;12.4;25;CGNC;BERÇO ARM 35P1;CARGO;N/A;870
S014;667;255.36;37.0;9.8;32;CGC;BERÇO TECON 1.1;CARGO;N/A;985
S014;668;156.53;25.0;7.3;2;GL;BERÇO IB SP;CARGO;N/A;2395
S014;669;229.0;32.0;7.3;56;GSA - E;BERÇO TIPLAM 2;CARGO;N/A;4005
S014;670;201.9;34.0;8.45;52;CGNC;BERÇO DPW 3;CARGO;N/A;4140
S014;671;186.07;32.0;10.3;2;GL;BERÇO IB BC;CARGO;N/A;5990
S014;672;299.9;45.0;10.4;9;CGC;BERÇO BTP 2;CARGO;N/A;1250
S014;673;227.97;37.0;11.65;32;CGC;BERÇO TECON 2;CARGO;N/A;1565
S014;674;333.33;38.0;8.7;11;PASSAGEIROS;BERÇO ARM 31/32;PASSENGER;N/A;685
S014;675;139.0;22.0;6.65;7;CGNC;BERÇO CORTE;CARGO;N/A;1690
S014;676;299.9;48.0;9.7;51;CGC;BERÇO DPW 1;CARGO;N/A;1355
S014;677;229.0;32.0;9.4;39;GSA - E;BERÇO ARM 39;CARGO;N/A;1865
S014;678;330.04;48.0;13.0;9;CGC;BERÇO BTP 3;CARGO;N/A;1400
S014;679;229.0;37.0;7.59;40;GSA - E;BERÇO TGG;CARGO;N/A;3770
S014;680;183.06;32.23;8.6;54;GL;BERÇO DOW;CARGO;N/A;4165
S014;681;225.0;32.0;7.14;46;GSA - E;BERÇO OUT 3;CARGO;N/A;4155
S014;682;229.0;32.0;7.3;5;CGNC;BERÇO ARM 20/21;CARGO;N/A;3315
S014;683;304.15;40.0;9.25;9;CGC;BERÇO BTP 1;CARGO;N/A;745
S014;684;229.0;32.0;7.4;6;CGNC;BERÇO ARM 37;CARGO;N/A;3285
S014;685;228.99;32.0;7.04;42;GSA - E;BERÇO TEG;CARGO;N/A;6060
S014;686;244.6;42.0;9.0;47;GL;BERÇO AL 01;CARGO;N/A;3635
S014;687;225.0;32.0;6.6;6;CGNC;BERÇO ARM 37;CARGO;N/A;4475
S014;688;156.53;25.0;10.5;59;GL;BERÇO AL 03;CARGO;N/A;2705
S014;689;229.0;32.0;7.31;39;GSA - E;BERÇO ARM 39;CARGO;N/A;2440
S014;690;185.97;35.0;8.3;51;CGC;BERÇO DPW 2;CARGO;N/A;1285
S014;691;179.99;30.0;6.6;14;CGNC;BERÇO ARM 31/32;CARGO;N/A;8625
S014;692;198.0;32.0;6.38;23;CGNC;BERÇO ARM 38;CARGO;N/A;2410
S014;693;299.9;48.0;9.4;9;CGC;BERÇO BTP 1;CARGO;N/A;1495
S014;694;335.95;51.0;10.0;32;CGC;BERÇO TECON 3;CARGO;N/A;2120
S014;695;263.23;32.0;11.0;51;CGC;BERÇO DPW 1;CARGO;N/A;875
S014;696;305.0;50.0;8.7;11;PASSAGEIROS;BERÇO OUT 1;PASSENGER;N/A;645
S014;697;272.02;40.0;9.8;32;CGC;BERÇO TECON 1.2;CARGO;N/A;1490
S014;698;331.43;52.0;8.1;11;PASSAGEIROS;BERÇO OUT 2;PASSENGER;N/A;575
S014;699;229.0;32.0;7.59;23;CGNC;BERÇO ARM 38;CARGO;N/A;6780
S014;700;227.97;37.0;10.5;9;CGC;BERÇO BTP 1;CARGO;N/A;600
S014;701;142.4;23.0;6.5;2;GL;BERÇO Ageo I;CARGO;N/A;7975
S014;702;183.2;28.0;7.4;47;GL;BERÇO AL 02;CARGO;N/A;1510
S014;703;333.18;48.0;11.4;32;CGC;BERÇO TECON 2;CARGO;N/A;2185
S014;704;199.99;36.0;10.45;29;CGNC;BERÇO ARM 34;CARGO;N/A;2990
S014;705;280.54;40.0;11.8;9;CGC;BERÇO BTP 2;CARGO;N/A;755
S014;706;199.9;32.0;7.4;5;CGNC;BERÇO ARM 20/21;CARGO;N/A;1685
S014;707;116.9;18.0;5.4;2;GL;BERÇO IB SP;CARGO;N/A;2000
S014;708;229.0;32.31;7.07;56;GSA - E;BERÇO TIPLAM 2;CARGO;N/A;4045
S014;709;229.0;32.0;7.7;40;GSA - E;BERÇO TGG;CARGO;N/A;2270
S014;710;183.1;32.0;9.0;2;GL;BERÇO IB OE;CARGO;N/A;2865
S014;711;183.24;32.0;9.7;33;GL;BERÇO AL 03;CARGO;N/A;4545
S014;712;323.0;44.0;8.6;11;PASSAGEIROS;BERÇO OUT 1;PASSENGER;N/A;610
S014;713;215.4;37.0;6.85;25;CGNC;BERÇO ARM 35P1;CARGO;N/A;16830
S014;714;289.59;44.0;8.3;11;PASSAGEIROS;BERÇO OUT 2;PASSENGER;N/A;635
S014;715;229.0;32.0;7.1;42;GSA - E;BERÇO TEG;CARGO;N/A;6185
S014;716;199.9;32.0;10.7;25;CGNC;BERÇO ARM 33;CARGO;N/A;14730
S014;717;177.85;28.0;10.35;27;CGNC;BERÇO ARM 13/14;CARGO;N/A;19385
S014;718;186.4;28.0;10.5;57;GSM - I;BERÇO TIPLAM 2;CARGO;N/A;3305
S014;719;144.22;23.0;6.5;47;GL;BERÇO AL 02;CARGO;N/A;2170
S014;720;229.0;32.0;6.84;39;GSA - E;BERÇO ARM 39;CARGO;N/A;3440
S014;721;299.9;46.0;14.1;32;CGC;BERÇO TECON 1.2;CARGO;N/A;1685
S014;722;300.07;42.0;12.15;9;CGC;BERÇO BTP 1;CARGO;N/A;1400
S014;723;177.9;33.0;8.1;53;CGNC;BERÇO SAIPEM 1;CARGO;N/A;4730
S014;724;185.96;35.0;8.3;32;CGC;BERÇO TECON 3;CARGO;N/A;1745
S014;725;335.9;51.0;13.2;32;CGC;BERÇO TECON 2;CARGO;N/A;1830
S014;726;199.9;32.0;7.3;46;GSA - E;BERÇO ARM 16/17;CARGO;N/A;1035
S014;727;239.99;38.0;7.1;5;CGNC;BERÇO ARM 20/21;CARGO;N/A;3185
S014;728;183.2;32.0;8.5;47;GL;BERÇO AL 01;CARGO;N/A;2170
S014;729;229.0;32.0;7.41;5;CGNC;BERÇO ARM 20/21;CARGO;N/A;3300
S014;730;199.98;32.0;9.2;45;RORO;BERÇO TEV;CARGO;RO-RO;505
S014;731;199.9;32.0;8.4;45;RORO;BERÇO TEV;CARGO;RO-RO;965
S014;732;199.9;33.0;8.8;45;RORO;BERÇO TEV;CARGO;RO-RO;770
S014;733;183.98;27.4;7.4;47;GL;BERÇO AL 01;CARGO;N/A;2205
S014;734;199.95;32.0;8.1;45;RORO;BERÇO TEV;CARGO;RO-RO;1860
S014;735;274.9;29.0;6.7;11;PASSAGEIROS;BERÇO OUT 1;PASSENGER;N/A;620
S014;736;201.8;33.0;9.1;52;CGNC;BERÇO DPW 4;CARGO;N/A;4230
S014;737;189.99;32.0;6.9;40;GSA - E;BERÇO TGG;CARGO;N/A;1890
S014;738;228.99;32.0;6.8;6;CGNC;BERÇO ARM 37;CARGO;N/A;5360
S014;739;184.75;31.0;9.52;28;CGNC;BERÇO CS 01;CARGO;N/A;8195
S014;740;225.0;0.0;7.44;6;CGNC;BERÇO ARM 37;CARGO;N/A;6440
S014;741;208.79;30.0;10.0;32;CGC;BERÇO TECON 1.2;CARGO;N/A;585
S014;742;144.09;24.0;7.4;2;GL;BERÇO IB OE;CARGO;N/A;2360
S014;743;199.99;32.0;8.3;46;GSA - E;BERÇO OUT 2;CARGO;N/A;3325
S014;744;294.12;32.0;12.52;51;CGC;BERÇO DPW 1;CARGO;N/A;900
S014;745;183.06;32.0;8.4;47;GL;BERÇO AL 01;CARGO;N/A;2710
S014;746;229.0;32.0;7.03;39;GSA - E;BERÇO ARM 39;CARGO;N/A;3500
S014;747;199.95;32.0;8.42;26;CGNC;BERÇO ARM 25;CARGO;N/A;3670
S014;748;299.95;48.0;11.7;32;CGC;BERÇO TECON 3;CARGO;N/A;1615
S014;749;212.54;31.0;11.6;51;CGC;BERÇO DPW 2;CARGO;N/A;955
S014;750;229.0;32.0;6.9;50;GSA - E;BERÇO CUTRALE;CARGO;N/A;3860
S014;751;179.88;32.0;11.0;2;GL;BERÇO IB OE;CARGO;N/A;1875
S014;752;229.0;32.0;7.5;27;CGNC;BERÇO ARM 12A;CARGO;N/A;4730
S014;753;180.0;32.0;7.9;45;RORO;BERÇO TEV;CARGO;RO-RO;1670
S014;754;228.0;37.0;10.0;51;CGC;BERÇO DPW 1;CARGO;N/A;1450
S014;755;169.37;27.0;5.35;5;CGNC;BERÇO ARM 20/21;CARGO;N/A;1240
S014;756;236.3;36.0;8.4;7;CGNC;BERÇO VAL;CARGO;N/A;3840
S014;757;199.98;32.0;11.7;25;CGNC;BERÇO ARM 35P2;CARGO;N/A;4390
S014;758;119.9;18.0;5.1;45;RORO;BERÇO TEV;CARGO;RO-RO;760
S014;759;139.95;21.0;7.0;2;GL;BERÇO IB BC;CARGO;N/A;2400
S014;760;320.58;42.0;12.6;51;CGC;BERÇO DPW 2;CARGO;N/A;2965
S014;761;272.08;40.0;10.35;32;CGC;BERÇO TECON 1.2;CARGO;N/A;1120
S014;762;159.2;25.0;9.0;54;GL;BERÇO DOW;CARGO;N/A;640
S014;763;199.9;32.0;8.55;56;GSA - E;BERÇO TIPLAM 2;CARGO;N/A;3320
S014;764;229.0;33.0;7.2;46;GSA - E;BERÇO OUT 2;CARGO;N/A;5000
S014;765;225.0;32.0;7.0;52;CGNC;BERÇO DPW 3;CARGO;N/A;2840
S014;766;299.8;40.0;10.0;9;CGC;BERÇO BTP 3;CARGO;N/A;1005
S014;767;229.0;32.0;6.7;56;GSA - E;BERÇO TIPLAM 2;CARGO;N/A;5435
S014;768;225.0;32.0;12.85;43;GSM - I;BERÇO TERMAG;CARGO;N/A;6735
S014;769;210.54;30.0;9.4;51;CGC;BERÇO DPW 2;CARGO;N/A;1350
S014;770;225.0;32.0;9.7;25;CGNC;BERÇO ARM 35P2;CARGO;N/A;2640
S014;771;304.16;40.0;11.4;9;CGC;BERÇO BTP 2;CARGO;N/A;1355
S014;772;299.9;48.0;10.6;51;CGC;BERÇO DPW 1;CARGO;N/A;1155
S014;773;127.67;19.0;7.0;51;CGC;BERÇO DPW 1;CARGO;N/A;1710
S014;774;188.34;27.0;7.3;7;CGNC;BERÇO CORTE;CARGO;N/A;2705
S014;775;213.88;32.0;8.7;9;CGC;BERÇO BTP 1;CARGO;N/A;895
S014;776;183.02;32.0;12.05;30;CGNC;BERÇO AL 03;CARGO;N/A;2660
S014;777;299.9;46.0;12.5;9;CGC;BERÇO BTP 3;CARGO;N/A;1660
S014;778;182.47;25.0;8.9;32;CGC;BERÇO TECON 1.1;CARGO;N/A;1870
S014;779;299.98;48.0;11.3;9;CGC;BERÇO BTP 1;CARGO;N/A;1165
S014;780;88.8;19.0;5.0;53;CGNC;BERÇO SAIPEM 2;CARGO;N/A;2895
S014;781;159.2;25.0;8.9;30;CGNC;BERÇO AL 02;CARGO;N/A;980
S014;782;189.9;31.0;6.9;57;GSM - I;BERÇO TIPLAM 1;CARGO;N/A;4115
S014;783;255.0;37.0;9.9;32;CGC;BERÇO TECON 2;CARGO;N/A;1295
S014;784;229.0;32.0;7.32;46;GSA - E;BERÇO ARM 19;CARGO;N/A;3915
S014;785;228.99;32.0;6.7;40;GSA - E;BERÇO TGG;CARGO;N/A;2285
S014;786;225.0;32.0;7.3;46;GSA - E;BERÇO OUT 3;CARGO;N/A;540
S014;787;182.5;32.0;10.0;2;GL;BERÇO Ageo I;CARGO;N/A;5015
S014;788;199.98;24.0;8.65;28;CGNC;BERÇO CS 03;CARGO;N/A;4135
S014;789;219.21;34.0;7.9;11;PASSAGEIROS;BERÇO OUT 1;PASSENGER;N/A;665
S014;790;189.94;33.0;11.94;46;GSA - E;BERÇO ARM 16/17;CARGO;N/A;265
S014;791;274.9;29.0;6.7;11;PASSAGEIROS;BERÇO OUT 2;PASSENGER;N/A;565
S014;792;201.8;32.0;10.6;52;CGNC;BERÇO DPW 3;CARGO;N/A;2690
S014;793;225.0;32.0;7.1;6;CGNC;BERÇO ARM 37;CARGO;N/A;3775
S014;794;228.94;32.0;7.44;42;GSA - E;BERÇO TEG;CARGO;N/A;5675
S014;795;189.99;32.0;6.72;5;CGNC;BERÇO ARM 20/21;CARGO;N/A;1440
S014;796;223.91;34.0;9.4;32;CGC;BERÇO TECON 3;CARGO;N/A;260
S014;797;189.9;32.0;6.13;5;CGNC;BERÇO ARM 20/21;CARGO;N/A;1910
S014;798;189.9;32.0;11.9;29;CGNC;BERÇO ARM 34;CARGO;N/A;5940
S014;799;201.8;32.0;8.52;7;CGNC;BERÇO VAL;CARGO;N/A;7025
S014;800;330.0;48.0;12.15;9;CGC;BERÇO BTP 2;CARGO;N/A;1625
S014;801;146.5;24.0;9.5;2;GL;BERÇO IB SP;CARGO;N/A;1405
S014;802;299.99;48.0;10.5;9;CGC;BERÇO BTP 1;CARGO;N/A;1120
S014;803;336.0;51.0;10.2;32;CGC;BERÇO TECON 3;CARGO;N/A;2040
S014;804;189.99;32.0;12.17;43;GSM - I;BERÇO TERMAG;CARGO;N/A;5230
S014;805;228.0;40.0;8.0;47;GL;BERÇO AL 02;CARGO;N/A;3390
S014;806;222.14;30.0;9.1;32;CGC;BERÇO TECON 1.2;CARGO;N/A;390
S014;807;229.0;32.0;7.39;56;GSA - E;BERÇO TIPLAM 3;CARGO;N/A;5090
S014;808;299.9;45.0;11.5;9;CGC;BERÇO BTP 1;CARGO;N/A;1270
S014;809;175.53;29.0;8.52;28;CGNC;BERÇO CS 02;CARGO;N/A;6580
S014;810;159.2;25.0;8.8;2;GL;BERÇO IB SP;CARGO;N/A;1655
S014;811;182.5;32.0;7.0;1;GL;BERÇO IB BC;CARGO;N/A;1615
S014;812;179.53;27.0;9.75;33;GL;BERÇO AL 02;CARGO;N/A;2920
S014;813;186.36;28.0;9.6;32;CGC;BERÇO TECON 1.1;CARGO;N/A;930
S014;814;333.33;38.0;8.59;11;PASSAGEIROS;BERÇO OUT 1;PASSENGER;N/A;680
S014;815;82.3;17.0;5.0;53;CGNC;BERÇO SAIPEM 1;CARGO;N/A;2200
S014;816;228.99;32.31;9.06;50;GSA - E;BERÇO CUTRALE;CARGO;N/A;3300
S014;817;227.95;38.0;11.05;32;CGC;BERÇO TECON 2;CARGO;N/A;1750
S014;818;183.06;32.0;8.0;47;GL;BERÇO AL 01;CARGO;N/A;2035
S014;819;158.5;50.0;6.1;14;CGNC;BERÇO ARM 31;CARGO;N/A;3825
S014;820;170.7;27.0;8.1;8;CGNC;BERÇO ARM 35P2;CARGO;N/A;3710
S014;821;225.0;32.0;12.1;29;CGNC;BERÇO ARM 34;CARGO;N/A;1305
S014;822;299.92;48.0;10.05;9;CGC;BERÇO BTP 3;CARGO;N/A;1515
S014;823;171.93;28.0;7.5;26;CGNC;BERÇO ARM 23;CARGO;N/A;4055
S014;824;225.0;32.0;10.2;25;CGNC;BERÇO ARM 35P2;CARGO;N/A;5045
S014;825;330.0;48.0;10.6;51;CGC;BERÇO DPW 2;CARGO;N/A;1620
S014;826;330.0;48.0;14.0;51;CGC;BERÇO DPW 1;CARGO;N/A;1235
S014;827;300.02;48.0;11.3;9;CGC;BERÇO BTP 2;CARGO;N/A;1060
S014;828;333.2;48.0;12.35;32;CGC;BERÇO TECON 1.2;CARGO;N/A;1885
S014;829;180.0;30.0;7.3;28;CGNC;BERÇO CS 02;CARGO;N/A;4710
S014;830;228.9;32.0;7.88;5;CGNC;BERÇO ARM 20/21;CARGO;N/A;2975
S014;831;305.0;50.0;8.7;11;PASSAGEIROS;BERÇO ARM 31/32;PASSENGER;N/A;635
S014;832;305.6;40.0;12.0;51;CGC;BERÇO DPW 2;CARGO;N/A;620
S014;833;331.43;52.0;8.55;11;PASSAGEIROS;BERÇO OUT 1;PASSENGER;N/A;600
S014;834;161.5;25.0;6.1;7;CGNC;BERÇO CS 04;CARGO;N/A;4695
S014;835;184.06;27.0;7.3;1;GL;BERÇO IB BC;CARGO;N/A;6325
S014;836;182.9;28.0;6.5;30;CGNC;BERÇO AL 04;CARGO;N/A;2040
S014;837;255.36;37.0;9.6;32;CGC;BERÇO TECON 1.1;CARGO;N/A;1170
S014;838;165.17;27.0;8.7;54;GL;BERÇO DOW;CARGO;N/A;1630
S014;839;183.1;32.0;8.0;47;GL;BERÇO AL 01;CARGO;N/A;755
S014;840;333.2;48.0;11.9;32;CGC;BERÇO TECON 3;CARGO;N/A;2720
S014;841;183.06;32.0;12.0;2;GL;BERÇO Ageo I;CARGO;N/A;13975
S014;842;189.98;24.0;8.3;25;CGNC;BERÇO ARM 33;CARGO;N/A;4075
S014;843;179.44;28.0;6.9;29;CGNC;BERÇO ARM 34;CARGO;N/A;5930
S014;844;228.99;32.0;6.72;39;GSA - E;BERÇO ARM 39;CARGO;N/A;3775
S014;845;299.95;40.0;9.0;51;CGC;BERÇO DPW 1;CARGO;N/A;2375
S014;846;186.4;28.0;8.25;28;CGNC;BERÇO CS 03;CARGO;N/A;6420
S014;847;186.4;28.0;6.62;5;CGNC;BERÇO ARM 20/21;CARGO;N/A;1075
S014;848;227.95;38.0;11.2;9;CGC;BERÇO BTP 1;CARGO;N/A;875
S014;849;138.03;21.0;8.16;51;CGC;BERÇO DPW 1;CARGO;N/A;445
S014;850;300.0;48.0;13.45;32;CGC;BERÇO TECON 1.2;CARGO;N/A;2215
S014;851;199.9;32.0;6.7;23;CGNC;BERÇO ARM 38;CARGO;N/A;3385
S014;852;280.54;40.0;11.3;9;CGC;BERÇO BTP 2;CARGO;N/A;1005
S014;853;323.0;44.0;8.48;11;PASSAGEIROS;BERÇO OUT 1;PASSENGER;N/A;620
S014;854;289.59;44.0;8.3;11;PASSAGEIROS;BERÇO 25 + FRIG;PASSENGER;N/A;660
S014;855;236.3;36.0;9.0;45;RORO;BERÇO TEV;CARGO;RO-RO;370
S014;856;262.08;32.0;9.9;32;CGC;BERÇO TECON 2;CARGO;N/A;700
S014;857;146.19;25.0;6.0;33;GL;BERÇO AL 03;CARGO;N/A;1335
S014;858;199.97;32.0;8.45;45;RORO;BERÇO TEV;CARGO;RO-RO;885
S014;859;299.9;43.0;13.5;32;CGC;BERÇO TECON 1.2;CARGO;N/A;1405
S014;860;210.56;30.0;8.2;20;GL;BERÇO ARM 30;CARGO;N/A;5420
S014;861;199.98;32.0;6.43;5;CGNC;BERÇO ARM 20/21;CARGO;N/A;2930
S014;862;293.18;40.0;10.35;51;CGC;BERÇO DPW 1;CARGO;N/A;1540
S014;863;218.45;30.0;8.5;32;CGC;BERÇO TECON 1.1;CARGO;N/A;835
S014;864;330.03;48.0;13.7;32;CGC;BERÇO TECON 2;CARGO;N/A;1080
S014;865;330.08;48.0;14.3;9;CGC;BERÇO BTP 1;CARGO;N/A;1700
S014;866;228.99;33.0;6.4;46;GSA - E;BERÇO ARM 19;CARGO;N/A;2290
S014;867;199.98;32.0;6.46;50;GSA - E;BERÇO CUTRALE;CARGO;N/A;2645
S014;868;184.89;28.0;7.2;2;GL;BERÇO IB OE;CARGO;N/A;7115
S014;869;195.82;28.0;5.8;11;PASSAGEIROS;BERÇO OUT 3;PASSENGER;N/A;2150
S014;870;274.9;29.0;6.7;11;PASSAGEIROS;BERÇO ARM 25;PASSENGER;N/A;625
S014;871;228.9;32.0;7.64;37;GSA - E;BERÇO TEAG;CARGO;N/A;5640
S014;872;85.34;18.0;3.8;53;CGNC;BERÇO SAIPEM 3;CARGO;N/A;1840
S014;873;263.23;32.0;12.3;51;CGC;BERÇO DPW 2;CARGO;N/A;1270
S014;874;175.1;28.0;8.4;32;CGC;BERÇO TECON 1.1;CARGO;N/A;1580
S014;875;199.9;32.0;9.01;52;CGNC;BERÇO DPW 3;CARGO;N/A;2530
S014;876;170.08;27.0;7.0;32;CGC;BERÇO TECON 2;CARGO;N/A;945
S014;877;199.98;32.0;6.24;23;CGNC;BERÇO ARM 38;CARGO;N/A;2425
S014;878;254.94;40.0;10.5;51;CGC;BERÇO DPW 1;CARGO;N/A;3250
S014;879;208.85;30.0;11.4;51;CGC;BERÇO DPW 1;CARGO;N/A;695
S014;880;231.0;32.0;10.4;32;CGC;BERÇO TECON 3;CARGO;N/A;725
S014;881;182.9;40.0;7.4;47;GL;BERÇO AL 01;CARGO;N/A;845
S014;882;224.98;32.0;7.37;42;GSA - E;BERÇO TEG;CARGO;N/A;4440
S014;883;299.9;45.0;11.7;9;CGC;BERÇO BTP 3;CARGO;N/A;1440
S014;884;228.15;32.0;11.2;32;CGC;BERÇO TECON 2;CARGO;N/A;810
S014;885;223.91;34.0;9.2;32;CGC;BERÇO TECON 2;CARGO;N/A;1075
S014;886;189.99;32.0;6.18;46;GSA - E;BERÇO ARM 16/17;CARGO;N/A;3450
S014;887;330.03;48.0;10.8;9;CGC;BERÇO BTP 1;CARGO;N/A;1605
S014;888;199.97;32.0;8.25;45;RORO;BERÇO TEV;CARGO;RO-RO;2165
S014;889;218.45;30.0;9.5;51;CGC;BERÇO DPW 1;CARGO;N/A;690
S014;890;225.0;32.0;12.5;52;CGNC;BERÇO DPW 4;CARGO;N/A;1365
S014;891;183.0;32.0;9.6;30;CGNC;BERÇO AL 04;CARGO;N/A;4535
S014;892;330.0;48.0;10.1;9;CGC;BERÇO BTP 2;CARGO;N/A;1355
S014;893;280.54;40.0;13.7;9;CGC;BERÇO BTP 3;CARGO;N/A;1845
S014;894;172.0;28.0;8.3;51;CGC;BERÇO DPW 2;CARGO;N/A;1325
S014;895;195.82;28.0;5.8;11;PASSAGEIROS;BERÇO ARM 31/32;PASSENGER;N/A;1920
S014;896;210.0;37.0;7.5;6;CGNC;BERÇO ARM 37;CARGO;N/A;3330
S014;897;156.53;25.0;6.5;2;GL;BERÇO IB SP;CARGO;N/A;5805
S014;898;272.05;40.0;10.3;32;CGC;BERÇO TECON 3;CARGO;N/A;1635
S014;899;194.87;32.0;9.2;51;CGC;BERÇO DPW 1;CARGO;N/A;1115
S014;900;199.9;32.0;10.3;57;GSM - I;BERÇO TIPLAM 4;CARGO;N/A;8130
S014;901;228.99;32.0;6.75;6;CGNC;BERÇO ARM 37;CARGO;N/A;3055
S014;902;182.82;33.0;10.0;2;GL;BERÇO IB BC;CARGO;N/A;7015
S014;903;201.8;32.0;9.9;25;CGNC;BERÇO ARM 29;CARGO;N/A;1000
S014;904;180.4;30.0;10.18;8;CGNC;BERÇO ARM 35P2;CARGO;N/A;10060
S014;905;119.9;22.0;7.4;2;GL;BERÇO Ageo I;CARGO;N/A;2430
S014;906;324.0;48.46;14.2;51;CGC;BERÇO DPW 2;CARGO;N/A;2565
S014;907;225.0;32.0;7.1;50;GSA - E;BERÇO CUTRALE;CARGO;N/A;3450
S014;908;229.0;32.0;6.95;46;GSA - E;BERÇO OUT 3;CARGO;N/A;5850
S014;909;225.0;32.0;7.15;39;GSA - E;BERÇO ARM 39;CARGO;N/A;2145
S014;910;182.47;25.0;8.8;32;CGC;BERÇO TECON 1.1;CARGO;N/A;1050
S014;911;180.98;30.0;10.2;8;CGNC;BERÇO ARM 35P1;CARGO;N/A;4205
S014;912;254.73;37.0;9.5;32;CGC;BERÇO TECON 1.2;CARGO;N/A;850
S014;913;199.9;32.0;7.3;28;CGNC;BERÇO CS 03;CARGO;N/A;540
S014;914;183.0;27.0;7.5;47;GL;BERÇO AL 02;CARGO;N/A;930
S014;915;179.88;32.0;9.5;30;CGNC;BERÇO AL 02;CARGO;N/A;2270
S014;916;229.0;32.0;7.65;42;GSA - E;BERÇO TEG;CARGO;N/A;3925
S014;917;228.99;32.0;6.92;23;CGNC;BERÇO ARM 38;CARGO;N/A;7110
S014;918;328.46;48.0;11.9;9;CGC;BERÇO BTP 1;CARGO;N/A;1045
S014;919;146.19;25.0;5.7;2;GL;BERÇO IB BC;CARGO;N/A;1485
S014;920;299.99;48.0;10.75;32;CGC;BERÇO TECON 2;CARGO;N/A;1055
S014;921;250.0;32.0;7.5;11;PASSAGEIROS;BERÇO ARM 25;PASSENGER;N/A;2430
S014;922;299.98;48.0;11.7;9;CGC;BERÇO BTP 1;CARGO;N/A;1255
S014;923;289.59;44.0;8.3;11;PASSAGEIROS;BERÇO OUT 1;PASSENGER;N/A;650
S014;924;274.9;29.0;6.7;11;PASSAGEIROS;BERÇO ARM 31/32;PASSENGER;N/A;580
S014;925;82.3;17.0;4.6;53;CGNC;BERÇO SAIPEM 3;CARGO;N/A;375
S014;926;229.0;32.0;7.5;42;GSA - E;BERÇO TEG;CARGO;N/A;3815
S014;927;141.0;24.0;9.0;30;CGNC;BERÇO AL 03;CARGO;N/A;740
S014;928;249.12;38.0;10.0;9;CGC;BERÇO BTP 3;CARGO;N/A;1215
S014;929;119.75;20.0;6.2;7;CGNC;BERÇO VAL;CARGO;N/A;2365
S014;930;204.36;32.0;12.35;52;CGNC;BERÇO DPW 3;CARGO;N/A;730
S014;931;225.0;33.0;7.2;46;GSA - E;BERÇO ARM 19;CARGO;N/A;2885
S014;932;228.99;32.0;7.1;40;GSA - E;BERÇO TGG;CARGO;N/A;2190
S014;933;229.0;32.0;7.4;39;GSA - E;BERÇO ARM 39;CARGO;N/A;2275
S014;934;199.9;33.0;7.8;52;CGNC;BERÇO DPW 4;CARGO;N/A;6075
S014;935;179.44;28.0;10.5;7;CGNC;BERÇO CS 04;CARGO;N/A;2160
S014;936;201.8;32.0;10.0;29;CGNC;BERÇO ARM 34;CARGO;N/A;2405
S014;937;199.95;32.0;8.8;45;RORO;BERÇO TEV;CARGO;RO-RO;925
S014;938;299.95;44.0;11.9;9;CGC;BERÇO BTP 2;CARGO;N/A;1420
S014;939;333.95;48.43;14.0;51;CGC;BERÇO DPW 2;CARGO;N/A;1650
S014;940;185.99;35.0;8.3;32;CGC;BERÇO TECON 3;CARGO;N/A;635
S014;941;88.8;19.0;5.1;53;CGNC;BERÇO SAIPEM 1;CARGO;N/A;1135
S014;942;222.14;30.0;9.6;32;CGC;BERÇO TECON 1.2;CARGO;N/A;470
S014;943;333.33;38.0;8.7;11;PASSAGEIROS;BERÇO ARM 31/32;PASSENGER;N/A;665
S014;944;228.0;37.0;11.2;32;CGC;BERÇO TECON 1.1;CARGO;N/A;1070
S014;945;199.98;32.0;11.52;25;CGNC;BERÇO ARM 29;CARGO;N/A;11525
S014;946;199.91;35.0;7.7;32;CGC;BERÇO TECON 1.1;CARGO;N/A;1175
S014;947;223.98;35.0;9.0;32;CGC;BERÇO TECON 2;CARGO;N/A;990
S014;948;229.0;32.0;7.3;40;GSA - E;BERÇO TGG;CARGO;N/A;2475
S014;949;225.0;32.0;7.58;4;CGNC;BERÇO ARM 32;CARGO;N/A;4440
S014;950;229.0;32.0;7.14;37;GSA - E;BERÇO TEAG;CARGO;N/A;7260
S014;951;199.97;32.0;8.25;45;RORO;BERÇO TEV;CARGO;RO-RO;1650
S014;952;229.0;32.0;7.8;27;CGNC;BERÇO ARM 12A;CARGO;N/A;6040
S014;953;229.0;32.0;7.13;39;GSA - E;BERÇO ARM 39;CARGO;N/A;3180
S014;954;183.0;32.0;8.4;47;GL;BERÇO AL 01;CARGO;N/A;1250
S014;955;239.99;38.0;11.62;5;CGNC;BERÇO ARM 20/21;CARGO;N/A;740
S014;956;335.9;51.0;10.1;32;CGC;BERÇO TECON 2;CARGO;N/A;1550
S014;957;189.99;32.0;6.98;6;CGNC;BERÇO ARM 37;CARGO;N/A;2870
S014;958;199.9;32.0;6.5;5;CGNC;BERÇO ARM 20/21;CARGO;N/A;1525
S014;959;229.0;32.31;7.41;56;GSA - E;BERÇO TIPLAM 3;CARGO;N/A;5305
S014;960;184.06;27.0;7.7;30;CGNC;BERÇO AL 02;CARGO;N/A;7435
S014;961;333.17;48.0;11.2;32;CGC;BERÇO TECON 1.2;CARGO;N/A;1565
S014;962;199.97;32.0;8.7;45;RORO;BERÇO TEV;CARGO;RO-RO;495
S014;963;305.0;50.0;8.7;11;PASSAGEIROS;BERÇO OUT 1;PASSENGER;N/A;630
S014;964;331.43;52.0;8.55;11;PASSAGEIROS;BERÇO ARM 31/32;PASSENGER;N/A;615
S014;965;229.0;32.0;7.17;40;GSA - E;BERÇO TGG;CARGO;N/A;2460
S014;966;179.9;30.0;6.8;58;GSM - E;BERÇO USIMINAS 3;CARGO;N/A;3025
S014;967;228.9;32.0;7.4;56;GSA - E;BERÇO TIPLAM 3;CARGO;N/A;7980
S014;968;272.08;40.0;11.95;32;CGC;BERÇO TECON 3;CARGO;N/A;1015
S014;969;169.98;24.0;9.6;55;GL;BERÇO TIPLAM 1;CARGO;N/A;1220
S014;970;201.8;32.0;7.7;9;CGC;BERÇO BTP 2;CARGO;N/A;2975
S014;971;138.03;21.0;6.15;7;CGNC;BERÇO CS 04;CARGO;N/A;1160
S014;972;229.0;32.31;7.2;50;GSA - E;BERÇO CUTRALE;CARGO;N/A;7090
S014;973;156.53;25.0;7.55;2;GL;BERÇO IB OE;CARGO;N/A;2620
S014;974;228.0;37.0;10.6;9;CGC;BERÇO BTP 1;CARGO;N/A;490
S014;975;159.2;25.0;6.6;30;CGNC;BERÇO AL 03;CARGO;N/A;2605
S014;976;248.97;44.0;8.3;47;GL;BERÇO AL 01;CARGO;N/A;3015
S014;977;179.97;29.83;10.24;57;GSM - I;BERÇO TIPLAM 4;CARGO;N/A;3625
S014;978;299.18;48.0;11.2;9;CGC;BERÇO BTP 3;CARGO;N/A;2110
S014;979;226.0;36.0;12.0;47;GL;BERÇO AL 01;CARGO;N/A;4760
S014;980;333.95;48.0;10.8;51;CGC;BERÇO DPW 2;CARGO;N/A;1985
S014;981;323.0;44.0;8.7;11;PASSAGEIROS;BERÇO OUT 1;PASSENGER;N/A;645
S014;982;289.59;44.0;8.3;11;PASSAGEIROS;BERÇO OUT 2;PASSENGER;N/A;645
S014;983;180.98;30.0;8.5;27;CGNC;BERÇO ARM 13/14;CARGO;N/A;12865
S014;984;228.99;32.0;7.1;6;CGNC;BERÇO ARM 37;CARGO;N/A;3540
S014;985;299.9;46.0;14.1;32;CGC;BERÇO TECON 1.2;CARGO;N/A;1665
S014;986;229.0;32.0;7.19;46;GSA - E;BERÇO ARM 19;CARGO;N/A;4475
S014;987;299.99;48.0;9.7;32;CGC;BERÇO TECON 3;CARGO;N/A;1650
S014;988;144.09;24.0;7.6;2;GL;BERÇO IB OE;CARGO;N/A;3565
S014;989;182.87;31.0;9.6;28;CGNC;BERÇO CS 01;CARGO;N/A;4685
S014;990;200.0;36.0;9.7;32;CGC;BERÇO TECON 1.1;CARGO;N/A;1940
S014;991;229.0;32.0;7.89;39;GSA - E;BERÇO ARM 39;CARGO;N/A;1870
S014;992;199.98;32.0;12.05;43;GSM - I;BERÇO TERMAG;CARGO;N/A;3715
S014;993;183.2;28.0;8.0;47;GL;BERÇO AL 01;CARGO;N/A;1300
S014;994;158.5;50.0;7.9;14;CGNC;BERÇO ARM 31;CARGO;N/A;5815
S014;995;199.99;36.0;8.0;25;CGNC;BERÇO ARM 35P1;CARGO;N/A;3105
S014;996;172.07;27.0;9.5;51;CGC;BERÇO DPW 1;CARGO;N/A;595
S014;997;201.9;34.0;7.94;52;CGNC;BERÇO DPW 4;CARGO;N/A;5655
S014;998;224.98;32.0;7.1;46;GSA - E;BERÇO OUT 3;CARGO;N/A;2210
S014;999;82.3;17.0;4.5;53;CGNC;BERÇO SAIPEM 2;CARGO;N/A;1320
S014;1000;260.0;46.0;13.25;32;CGC;BERÇO TECON 1.2;CARGO;N/A;855
S014;1001;201.8;32.0;10.18;52;CGNC;BERÇO DPW 3;CARGO;N/A;6750
S014;1002;299.0;48.0;8.3;9;CGC;BERÇO BTP 1;CARGO;N/A;710
S014;1003;189.99;32.0;6.33;5;CGNC;BERÇO ARM 20/21;CARGO;N/A;3670
S014;1004;299.9;46.0;11.6;9;CGC;BERÇO BTP 2;CARGO;N/A;1185
S014;1005;199.99;32.0;7.1;46;GSA - E;BERÇO OUT 2;CARGO;N/A;2170
S014;1006;228.0;37.0;10.8;51;CGC;BERÇO DPW 1;CARGO;N/A;645
S014;1007;222.14;30.0;10.5;32;CGC;BERÇO TECON 2;CARGO;N/A;415
S014;1008;263.23;32.0;11.8;51;CGC;BERÇO DPW 2;CARGO;N/A;1060
S014;1009;225.0;32.0;6.4;39;GSA - E;BERÇO ARM 39;CARGO;N/A;1920
S014;1010;179.9;30.0;6.7;7;CGNC;BERÇO CORTE;CARGO;N/A;10045
S014;1011;274.9;29.0;6.7;11;PASSAGEIROS;BERÇO ARM 25;PASSENGER;N/A;620
S014;1012;183.0;32.0;10.5;30;CGNC;BERÇO AL 04;CARGO;N/A;1510
S014;1013;212.54;31.0;10.0;51;CGC;BERÇO DPW 1;CARGO;N/A;690
S014;1014;165.17;27.0;8.6;54;GL;BERÇO DOW;CARGO;N/A;1565
S014;1015;116.9;18.0;5.03;2;GL;BERÇO IB SP;CARGO;N/A;1415
S014;1016;300.0;48.0;11.75;9;CGC;BERÇO BTP 3;CARGO;N/A;1355
S014;1017;228.0;40.0;8.0;47;GL;BERÇO AL 01;CARGO;N/A;2940
S014;1018;189.99;32.0;9.5;8;CGNC;BERÇO ARM 35P1;CARGO;N/A;7085
S014;1019;199.98;32.0;8.3;57;GSM - I;BERÇO TIPLAM 4;CARGO;N/A;1730
S014;1020;272.05;40.0;9.6;32;CGC;BERÇO TECON 1.2;CARGO;N/A;1200
S014;1021;299.95;40.0;11.5;9;CGC;BERÇO BTP 1;CARGO;N/A;1130
S014;1022;299.95;48.0;9.6;32;CGC;BERÇO TECON 3;CARGO;N/A;665
S014;1023;330.0;48.0;12.55;9;CGC;BERÇO BTP 2;CARGO;N/A;1485
S014;1024;210.54;9.0;9.7;51;CGC;BERÇO DPW 1;CARGO;N/A;1570
S014;1025;199.99;32.0;7.24;52;CGNC;BERÇO DPW 4;CARGO;N/A;3675
S014;1026;118.55;15.0;5.0;7;CGNC;BERÇO CS 04;CARGO;N/A;335
S014;1027;224.9;32.0;7.11;37;GSA - E;BERÇO TEAG;CARGO;N/A;6790
S014;1028;188.32;27.0;7.2;45;RORO;BERÇO TEV;CARGO;RO-RO;4670
S014;1029;228.99;32.0;7.0;5;CGNC;BERÇO ARM 20/21;CARGO;N/A;4170
S014;1030;210.0;37.0;8.16;6;CGNC;BERÇO ARM 37;CARGO;N/A;2490
S014;1031;228.99;32.0;7.05;40;GSA - E;BERÇO TGG;CARGO;N/A;2470
S014;1032;199.99;32.0;10.0;46;GSA - E;BERÇO OUT 2;CARGO;N/A;1235
S014;1033;336.0;51.0;13.7;32;CGC;BERÇO TECON 2;CARGO;N/A;1145
S014;1034;149.93;25.0;7.5;2;GL;BERÇO IB BC;CARGO;N/A;1040
S014;1035;222.2;30.0;7.35;9;CGC;BERÇO BTP 2;CARGO;N/A;1200
S014;1036;185.97;35.0;9.8;51;CGC;BERÇO DPW 2;CARGO;N/A;1495
S014;1037;182.47;25.0;9.0;32;CGC;BERÇO TECON 3;CARGO;N/A;1345
S014;1038;185.97;35.0;8.7;32;CGC;BERÇO TECON 1.1;CARGO;N/A;1450
S014;1039;175.53;30.0;7.5;26;CGNC;BERÇO ARM 25;CARGO;N/A;1580
S014;1040;299.95;48.0;11.3;9;CGC;BERÇO BTP 1;CARGO;N/A;1080
S014;1041;303.83;40.06;13.3;51;CGC;BERÇO DPW 1;CARGO;N/A;2140
S014;1042;228.15;32.0;8.9;9;CGC;BERÇO BTP 3;CARGO;N/A;1205
S014;1043;229.0;32.0;7.45;46;GSA - E;BERÇO OUT 3;CARGO;N/A;3650
S014;1044;199.98;32.0;6.61;5;CGNC;BERÇO ARM 20/21;CARGO;N/A;2360
S014;1045;139.95;21.0;7.8;22;CGNC;BERÇO IB SP;CARGO;N/A;2765
S014;1046;232.39;32.0;8.8;45;RORO;BERÇO TEV;CARGO;RO-RO;2190
S014;1047;299.99;40.0;9.5;51;CGC;BERÇO DPW 2;CARGO;N/A;2785
S014;1048;199.9;32.0;9.68;56;GSA - E;BERÇO TIPLAM 3;CARGO;N/A;2695
S014;1049;254.87;37.0;9.2;32;CGC;BERÇO TECON 1.2;CARGO;N/A;780
S014;1050;199.99;32.0;6.9;56;GSA - E;BERÇO TIPLAM 2;CARGO;N/A;3485
S014;1051;199.9;32.0;6.84;5;CGNC;BERÇO ARM 20/21;CARGO;N/A;1740
S014;1052;289.59;44.0;8.3;11;PASSAGEIROS;BERÇO OUT 1;PASSENGER;N/A;690
S014;1053;304.16;40.0;12.6;9;CGC;BERÇO BTP 3;CARGO;N/A;1705
S014;1054;204.85;32.0;8.1;25;CGNC;BERÇO ARM 32;CARGO;N/A;4970
S014;1055;229.0;32.0;6.93;56;GSA - E;BERÇO TIPLAM 2;CARGO;N/A;2825
S014;1056;199.0;32.0;8.9;45;RORO;BERÇO TEV;CARGO;RO-RO;1475
S014;1057;299.89;48.0;11.6;9;CGC;BERÇO BTP 1;CARGO;N/A;1120
S014;1058;141.0;24.0;9.3;1;GL;BERÇO IB SP;CARGO;N/A;820
S014;1059;276.2;40.0;12.0;9;CGC;BERÇO BTP 2;CARGO;N/A;955
S014;1060;82.3;17.0;4.5;53;CGNC;BERÇO SAIPEM 1;CARGO;N/A;1880
S014;1061;228.99;32.0;6.95;39;GSA - E;BERÇO ARM 39;CARGO;N/A;2495
S014;1062;293.18;40.0;12.4;32;CGC;BERÇO TECON 3;CARGO;N/A;905
S014;1063;314.36;48.0;9.7;9;CGC;BERÇO BTP 2;CARGO;N/A;1040
S014;1064;182.82;33.0;7.5;30;CGNC;BERÇO AL 03;CARGO;N/A;665
S014;1065;255.28;43.0;6.64;23;CGNC;BERÇO ARM 38;CARGO;N/A;4625
S014;1066;299.9;45.0;12.75;9;CGC;BERÇO BTP 2;CARGO;N/A;860
S014;1067;179.88;32.0;11.8;33;GL;BERÇO AL 03;CARGO;N/A;2985
S014;1068;299.95;44.0;10.1;9;CGC;BERÇO BTP 3;CARGO;N/A;910
S014;1069;179.99;28.0;5.95;5;CGNC;BERÇO ARM 20/21;CARGO;N/A;1390
S014;1070;225.0;32.0;7.02;46;GSA - E;BERÇO ARM 19;CARGO;N/A;3110
S014;1071;222.14;30.0;9.0;32;CGC;BERÇO TECON 2;CARGO;N/A;640
S014;1072;333.33;38.0;8.7;11;PASSAGEIROS;BERÇO OUT 1;PASSENGER;N/A;685
S014;1073;274.9;29.0;6.7;11;PASSAGEIROS;BERÇO OUT 2;PASSENGER;N/A;515
S014;1074;335.9;51.0;14.4;32;CGC;BERÇO TECON 2;CARGO;N/A;1115
S014;1075;183.98;27.4;7.5;47;GL;BERÇO AL 02;CARGO;N/A;2100
S014;1076;186.36;28.0;9.9;32;CGC;BERÇO TECON 3;CARGO;N/A;650
S014;1077;85.34;18.0;4.5;53;CGNC;BERÇO SAIPEM 2;CARGO;N/A;870
S014;1078;189.02;32.0;11.4;2;GL;BERÇO IB OE;CARGO;N/A;3110
S014;1079;227.92;37.0;11.0;32;CGC;BERÇO TECON 1.2;CARGO;N/A;1160
S014;1080;229.0;32.0;7.5;56;GSA - E;BERÇO TIPLAM 2;CARGO;N/A;4610
S014;1081;263.23;32.0;10.5;51;CGC;BERÇO DPW 1;CARGO;N/A;770
S014;1082;314.31;48.0;9.4;9;CGC;BERÇO BTP 3;CARGO;N/A;1400
S014;1083;225.0;32.0;7.22;40;GSA - E;BERÇO TGG;CARGO;N/A;2685
S014;1084;228.99;32.3;6.8;56;GSA - E;BERÇO TIPLAM 2;CARGO;N/A;3310
S014;1085;225.0;32.0;6.68;46;GSA - E;BERÇO ARM 16/17;CARGO;N/A;4965
S014;1086;229.0;32.0;7.25;27;CGNC;BERÇO ARM 12A;CARGO;N/A;5110
S014;1087;213.88;32.0;8.6;9;CGC;BERÇO BTP 1;CARGO;N/A;1225
S014;1088;299.9;45.0;11.75;32;CGC;BERÇO TECON 3;CARGO;N/A;1050
S014;1089;305.0;50.0;8.6;11;PASSAGEIROS;BERÇO OUT 1;PASSENGER;N/A;700
S014;1090;331.43;52.0;8.6;11;PASSAGEIROS;BERÇO OUT 2;PASSENGER;N/A;635
S014;1091;228.99;32.0;7.4;27;CGNC;BERÇO ARM 13/14;CARGO;N/A;7250
S014;1092;224.99;32.0;7.1;56;GSA - E;BERÇO TIPLAM 2;CARGO;N/A;1645
S014;1093;204.85;32.0;7.2;50;GSA - E;BERÇO CUTRALE;CARGO;N/A;4310
S014;1094;149.93;25.0;7.2;33;GL;BERÇO AL 02;CARGO;N/A;1280
S014;1095;227.92;37.0;10.9;9;CGC;BERÇO BTP 3;CARGO;N/A;890
S014;1096;88.8;19.0;5.1;53;CGNC;BERÇO SAIPEM 1;CARGO;N/A;2005
S014;1097;272.05;40.0;10.3;32;CGC;BERÇO TECON 1.2;CARGO;N/A;1010
S014;1098;184.94;29.0;7.4;2;GL;BERÇO IB BC;CARGO;N/A;6095
S014;1099;199.97;32.0;8.1;45;RORO;BERÇO TEV;CARGO;RO-RO;1700
S014;1100;178.3;28.0;10.0;2;GL;BERÇO IB OE;CARGO;N/A;1560
S014;1101;189.9;31.0;7.0;52;CGNC;BERÇO DPW 3;CARGO;N/A;5305
S014;1102;329.77;48.0;14.4;9;CGC;BERÇO BTP 1;CARGO;N/A;1290
S014;1103;183.1;32.0;7.8;47;GL;BERÇO AL 01;CARGO;N/A;1955
S014;1104;228.96;32.0;7.3;37;GSA - E;BERÇO TEAG;CARGO;N/A;8315
S014;1105;333.2;48.0;11.1;32;CGC;BERÇO TECON 2;CARGO;N/A;2240
S014;1106;323.0;44.0;8.6;11;PASSAGEIROS;BERÇO OUT 2;PASSENGER;N/A;665
S014;1107;330.0;48.0;10.9;51;CGC;BERÇO DPW 2;CARGO;N/A;1750
S014;1108;289.59;44.0;8.3;11;PASSAGEIROS;BERÇO OUT 1;PASSENGER;N/A;645
S014;1109;223.88;32.0;7.2;11;PASSAGEIROS;BERÇO OUT 3;PASSENGER;N/A;665
S014;1110;225.0;32.0;6.81;39;GSA - E;BERÇO ARM 39;CARGO;N/A;1910
S014;1111;304.16;40.0;10.0;9;CGC;BERÇO BTP 1;CARGO;N/A;665
S014;1112;179.99;30.05;10.3;57;GSM - I;BERÇO TIPLAM 4;CARGO;N/A;3905
S014;1113;294.03;32.0;10.2;32;CGC;BERÇO TECON 3;CARGO;N/A;1205
S014;1114;299.9;45.0;13.6;32;CGC;BERÇO TECON 1.2;CARGO;N/A;1485
S014;1115;293.18;40.0;12.0;51;CGC;BERÇO DPW 2;CARGO;N/A;1045
S014;1116;229.0;32.0;7.05;23;CGNC;BERÇO ARM 38;CARGO;N/A;3490
S014;1117;199.99;36.0;6.8;42;GSA - E;BERÇO TEG;CARGO;N/A;4725
S014;1118;306.0;40.0;11.6;51;CGC;BERÇO DPW 1;CARGO;N/A;1985
S014;1119;199.99;32.0;7.75;42;GSA - E;BERÇO TEG;CARGO;N/A;4995
S014;1120;228.99;32.0;6.17;46;GSA - E;BERÇO OUT 2;CARGO;N/A;4715
S014;1121;229.0;32.0;7.27;23;CGNC;BERÇO ARM 38;CARGO;N/A;5330
S014;1122;225.0;32.0;7.5;46;GSA - E;BERÇO OUT 3;CARGO;N/A;2520
S014;1123;225.0;32.31;7.7;56;GSA - E;BERÇO TIPLAM 3;CARGO;N/A;4335
S014;1124;299.99;48.0;10.2;9;CGC;BERÇO BTP 2;CARGO;N/A;1000
S014;1125;186.07;32.0;8.7;2;GL;BERÇO IB OE;CARGO;N/A;1795
S014;1126;225.0;32.0;6.5;46;GSA - E;BERÇO ARM 19;CARGO;N/A;3950
S014;1127;293.8;32.0;7.9;11;PASSAGEIROS;BERÇO ARM 31/32;PASSENGER;N/A;685
S014;1128;181.72;28.0;7.7;32;CGC;BERÇO TECON 1.1;CARGO;N/A;690
S014;1129;274.9;29.0;6.7;11;PASSAGEIROS;BERÇO OUT 1;PASSENGER;N/A;635
S014;1130;196.22;33.0;9.2;28;CGNC;BERÇO CS 01;CARGO;N/A;7790
S014;1131;215.4;37.0;8.4;6;CGNC;BERÇO ARM 37;CARGO;N/A;3340
S014;1132;82.3;17.0;4.5;53;CGNC;BERÇO SAIPEM 2;CARGO;N/A;1940
S014;1133;224.9;32.0;7.0;40;GSA - E;BERÇO TGG;CARGO;N/A;2495
S014;1134;199.08;30.0;7.5;26;CGNC;BERÇO ARM 25;CARGO;N/A;8620
S014;1135;236.32;36.0;8.7;21;CGNC;BERÇO VAL;CARGO;N/A;1465
S014;1136;218.45;30.0;10.3;51;CGC;BERÇO DPW 1;CARGO;N/A;755
S014;1137;229.9;36.0;9.7;39;GSA - E;BERÇO ARM 39;CARGO;N/A;1460
S014;1138;185.99;35.0;8.55;32;CGC;BERÇO TECON 1.2;CARGO;N/A;585
S014;1139;229.0;32.0;7.13;23;CGNC;BERÇO ARM 38;CARGO;N/A;5945
S014;1140;199.9;32.0;6.35;5;CGNC;BERÇO ARM 20/21;CARGO;N/A;2925
S014;1141;299.9;43.0;12.5;9;CGC;BERÇO BTP 2;CARGO;N/A;1215
S014;1142;199.98;32.29;10.3;57;GSM - I;BERÇO TIPLAM 4;CARGO;N/A;3835
S014;1143;260.66;32.0;11.9;51;CGC;BERÇO DPW 1;CARGO;N/A;1770
S014;1144;179.9;30.0;9.8;58;GSM - E;BERÇO USIMINAS 3;CARGO;N/A;5895
S014;1145;225.0;32.3;7.4;56;GSA - E;BERÇO TIPLAM 2;CARGO;N/A;3415
S014;1146;299.18;48.0;9.2;32;CGC;BERÇO TECON 1.2;CARGO;N/A;485
S014;1147;208.85;30.0;10.6;51;CGC;BERÇO DPW 2;CARGO;N/A;695
S014;1148;225.0;32.0;7.25;39;GSA - E;BERÇO ARM 39;CARGO;N/A;2535
S014;1149;179.88;32.0;9.0;2;GL;BERÇO IB SP;CARGO;N/A;1320
S014;1150;225.0;32.0;12.25;46;GSA - E;BERÇO ARM 16/17;CARGO;N/A;885
S014;1151;170.0;26.0;7.55;49;GL;BERÇO CUTRALE;CARGO;N/A;2695
S014;1152;185.06;30.0;7.1;30;CGNC;BERÇO AL 03;CARGO;N/A;6425
S014;1153;183.06;32.0;8.2;54;GL;BERÇO DOW;CARGO;N/A;1620
S014;1154;183.06;32.0;10.6;30;CGNC;BERÇO AL 03;CARGO;N/A;2940
S014;1155;256.07;37.0;11.1;32;CGC;BERÇO TECON 1.2;CARGO;N/A;810
S014;1156;228.62;32.0;9.2;51;CGC;BERÇO DPW 1;CARGO;N/A;1545
S014;1157;260.0;46.0;12.8;9;CGC;BERÇO BTP 3;CARGO;N/A;1360
S014;1158;289.59;44.0;8.3;11;PASSAGEIROS;BERÇO OUT 1;PASSENGER;N/A;575
S014;1159;182.9;40.0;7.4;47;GL;BERÇO AL 01;CARGO;N/A;2445
S014;1160;183.2;28.0;8.0;47;GL;BERÇO AL 02;CARGO;N/A;1445
S014;1161;85.34;18.0;4.3;53;CGNC;BERÇO SAIPEM 2;CARGO;N/A;740
S014;1162;294.12;32.0;12.9;51;CGC;BERÇO DPW 2;CARGO;N/A;1755
S014;1163;182.47;25.0;8.4;32;CGC;BERÇO TECON 1.2;CARGO;N/A;790
S014;1164;255.0;37.0;10.2;32;CGC;BERÇO TECON 2;CARGO;N/A;520
S014;1165;257.38;32.0;8.3;32;CGC;BERÇO TECON 1.1;CARGO;N/A;765
S014;1166;100.71;15.0;4.8;7;CGNC;BERÇO CORTE;CARGO;N/A;480
S014;1167;336.0;51.0;10.1;32;CGC;BERÇO TECON 3;CARGO;N/A;2670
S014;1168;276.2;40.0;11.7;9;CGC;BERÇO BTP 2;CARGO;N/A;735
S014;1169;184.94;29.0;9.75;30;CGNC;BERÇO AL 02;CARGO;N/A;4280
S014;1170;172.04;28.0;8.3;32;CGC;BERÇO TECON 1.2;CARGO;N/A;1005
S014;1171;182.9;0.0;7.5;2;GL;BERÇO IB OE;CARGO;N/A;1860
S014;1172;236.32;36.0;8.6;45;RORO;BERÇO TEV;CARGO;RO-RO;690
S014;1173;179.9;30.07;10.3;57;GSM - I;BERÇO TIPLAM 4;CARGO;N/A;3325
S014;1174;182.5;32.0;7.0;47;GL;BERÇO AL 01;CARGO;N/A;2685
S014;1175;225.0;32.0;7.37;25;CGNC;BERÇO ARM 35P1;CARGO;N/A;7565
S014;1176;180.0;30.0;6.9;46;GSA - E;BERÇO ARM 16/17;CARGO;N/A;1245
S014;1177;180.0;30.0;9.1;28;CGNC;BERÇO CS 02;CARGO;N/A;5535
S014;1178;187.8;32.0;10.3;57;GSM - I;BERÇO TIPLAM 4;CARGO;N/A;5720
S014;1179;225.0;32.0;8.13;5;CGNC;BERÇO ARM 20/21;CARGO;N/A;3570
S014;1180;156.53;25.0;9.0;2;GL;BERÇO IB SP;CARGO;N/A;900
S014;1181;165.17;27.0;8.4;54;GL;BERÇO DOW;CARGO;N/A;2340
S014;1182;88.8;19.0;5.3;53;CGNC;BERÇO SAIPEM 1;CARGO;N/A;1420
S014;1183;225.0;32.0;9.7;25;CGNC;BERÇO ARM 35P1;CARGO;N/A;3995
S014;1184;330.04;48.0;12.35;9;CGC;BERÇO BTP 1;CARGO;N/A;1635
S014;1185;228.99;32.0;7.29;50;GSA - E;BERÇO CUTRALE;CARGO;N/A;3830
S014;1186;299.9;48.0;12.0;9;CGC;BERÇO BTP 2;CARGO;N/A;1155
S014;1187;199.95;32.0;7.9;45;RORO;BERÇO TEV;CARGO;RO-RO;1740
S014;1188;299.88;48.0;10.8;32;CGC;BERÇO TECON 1.2;CARGO;N/A;830
S014;1189;225.0;32.0;8.4;5;CGNC;BERÇO ARM 20/21;CARGO;N/A;8340
S014;1190;299.9;45.0;11.85;9;CGC;BERÇO BTP 3;CARGO;N/A;1105
S014;1191;333.33;38.0;8.65;11;PASSAGEIROS;BERÇO ARM 31/32;PASSENGER;N/A;700
S014;1192;274.9;29.0;6.7;11;PASSAGEIROS;BERÇO OUT 2;PASSENGER;N/A;560
S014;1193;118.02;17.0;4.8;2;GL;BERÇO IB SP;CARGO;N/A;4585
S014;1194;227.97;37.0;10.8;32;CGC;BERÇO TECON 1.1;CARGO;N/A;1755
S014;1195;229.0;32.0;6.77;42;GSA - E;BERÇO TEG;CARGO;N/A;6210
S014;1196;257.38;32.0;10.2;51;CGC;BERÇO DPW 2;CARGO;N/A;1060
S014;1197;183.0;27.0;7.5;47;GL;BERÇO AL 02;CARGO;N/A;1135
S014;1198;172.0;28.0;8.2;32;CGC;BERÇO TECON 2;CARGO;N/A;940
S014;1199;179.99;32.23;11.8;30;CGNC;BERÇO AL 03;CARGO;N/A;4405
S014;1200;223.96;35.0;8.5;32;CGC;BERÇO TECON 3;CARGO;N/A;580
S014;1201;183.98;27.4;7.5;47;GL;BERÇO AL 01;CARGO;N/A;2480
S014;1202;229.0;32.0;7.15;46;GSA - E;BERÇO ARM 19;CARGO;N/A;7350
S014;1203;226.8;32.0;9.75;29;CGNC;BERÇO ARM 34;CARGO;N/A;970
S014;1204;229.0;32.0;7.02;40;GSA - E;BERÇO TGG;CARGO;N/A;2385
S014;1205;228.99;32.0;7.24;39;GSA - E;BERÇO ARM 39;CARGO;N/A;2555
S014;1206;330.03;48.0;10.0;9;CGC;BERÇO BTP 2;CARGO;N/A;1795
S014;1207;333.2;48.0;11.55;32;CGC;BERÇO TECON 3;CARGO;N/A;1610
S014;1208;305.0;50.0;8.5;11;PASSAGEIROS;BERÇO OUT 1;PASSENGER;N/A;635
S014;1209;331.43;52.0;8.65;11;PASSAGEIROS;BERÇO ARM 31/32;PASSENGER;N/A;630
S014;1210;272.05;40.0;10.7;32;CGC;BERÇO TECON 1.2;CARGO;N/A;1175
S014;1211;225.0;32.0;7.2;56;GSA - E;BERÇO TIPLAM 3;CARGO;N/A;3310
S014;1212;229.93;38.0;8.25;27;CGNC;BERÇO ARM 12A;CARGO;N/A;7430
S014;1213;177.85;28.0;8.9;8;CGNC;BERÇO ARM 35P2;CARGO;N/A;21195
S014;1214;156.53;25.0;8.7;59;GL;BERÇO AL 04;CARGO;N/A;2815
S014;1215;275.0;40.04;9.7;51;CGC;BERÇO DPW 2;CARGO;N/A;2085
S014;1216;299.9;46.0;10.8;32;CGC;BERÇO TECON 2;CARGO;N/A;1900
S014;1217;179.87;28.0;8.8;55;GL;BERÇO TIPLAM 1;CARGO;N/A;1215
S014;1218;189.99;32.0;7.0;56;GSA - E;BERÇO TIPLAM 3;CARGO;N/A;2415
S014;1219;199.98;32.0;10.47;43;GSM - I;BERÇO TERMAG;CARGO;N/A;3735
S014;1220;189.99;32.0;8.1;8;CGNC;BERÇO ARM 35P1;CARGO;N/A;6610
S014;1221;228.99;32.0;7.3;39;GSA - E;BERÇO ARM 39;CARGO;N/A;1835
S014;1222;204.37;32.0;11.6;52;CGNC;BERÇO DPW 3;CARGO;N/A;655
S014;1223;330.0;48.0;14.4;9;CGC;BERÇO BTP 1;CARGO;N/A;1530
S014;1224;204.37;32.0;9.7;4;CGNC;BERÇO ARM 32;CARGO;N/A;1945
S014;1225;134.75;21.0;7.15;2;GL;BERÇO Ageo I;CARGO;N/A;2820
S014;1226;289.59;44.0;8.3;11;PASSAGEIROS;BERÇO OUT 2;PASSENGER;N/A;770
S014;1227;323.0;44.0;8.4;11;PASSAGEIROS;BERÇO OUT 1;PASSENGER;N/A;645
S014;1228;228.99;32.0;11.6;5;CGNC;BERÇO ARM 20/21;CARGO;N/A;1065
S014;1229;179.99;30.0;7.41;25;CGNC;BERÇO ARM 31;CARGO;N/A;4010
S014;1230;229.0;32.0;7.87;46;GSA - E;BERÇO OUT 3;CARGO;N/A;2855
S014;1231;328.46;48.0;12.3;9;CGC;BERÇO BTP 3;CARGO;N/A;1435
S014;1232;170.0;32.0;7.0;33;GL;BERÇO AL 02;CARGO;N/A;1610
S014;1233;228.99;32.0;7.61;5;CGNC;BERÇO ARM 20/21;CARGO;N/A;1305
S014;1234;299.95;48.0;9.3;9;CGC;BERÇO BTP 1;CARGO;N/A;1740
S014;1235;299.0;48.0;10.0;9;CGC;BERÇO BTP 2;CARGO;N/A;1705
S014;1236;229.0;32.0;6.97;40;GSA - E;BERÇO TGG;CARGO;N/A;2390
S014;1237;293.97;32.0;10.1;32;CGC;BERÇO TECON 1.2;CARGO;N/A;980
S014;1238;284.71;40.0;10.2;51;CGC;BERÇO DPW 1;CARGO;N/A;755
S014;1239;229.0;32.0;7.4;5;CGNC;BERÇO ARM 20/21;CARGO;N/A;3190
S014;1240;228.9;32.0;9.0;50;GSA - E;BERÇO CUTRALE;CARGO;N/A;3260
S014;1241;119.9;22.0;8.3;2;GL;BERÇO IB BC;CARGO;N/A;4165
S014;1242;179.9;32.0;8.7;45;RORO;BERÇO TEV;CARGO;RO-RO;685
S014;1243;225.0;32.0;6.9;39;GSA - E;BERÇO ARM 39;CARGO;N/A;2130
S014;1244;274.9;29.0;6.7;11;PASSAGEIROS;BERÇO OUT 2;PASSENGER;N/A;625
S014;1245;229.0;32.0;7.46;42;GSA - E;BERÇO TEG;CARGO;N/A;4310
S014;1246;172.03;28.0;9.1;51;CGC;BERÇO DPW 1;CARGO;N/A;405
S014;1247;183.0;32.0;9.7;54;GL;BERÇO DOW;CARGO;N/A;3190
S014;1248;82.3;17.0;4.5;53;CGNC;BERÇO SAIPEM 1;CARGO;N/A;5120
S014;1249;229.0;32.0;7.29;6;CGNC;BERÇO ARM 37;CARGO;N/A;3865
S014;1250;199.97;32.0;8.3;45;RORO;BERÇO TEV;CARGO;RO-RO;1825
S014;1251;222.14;30.0;9.2;32;CGC;BERÇO TECON 3;CARGO;N/A;470
S014;1252;229.0;32.0;7.3;37;GSA - E;BERÇO TEAG;CARGO;N/A;9940
S014;1253;225.0;32.0;7.15;39;GSA - E;BERÇO ARM 39;CARGO;N/A;2380
S014;1254;212.54;31.0;10.0;51;CGC;BERÇO DPW 1;CARGO;N/A;505
S014;1255;182.5;32.0;11.75;2;GL;BERÇO Ageo I;CARGO;N/A;4680
S014;1256;249.12;37.0;10.8;9;CGC;BERÇO BTP 3;CARGO;N/A;600
S014;1257;333.17;48.0;10.9;9;CGC;BERÇO BTP 2;CARGO;N/A;1295
S014;1258;196.22;33.0;6.87;52;CGNC;BERÇO DPW 4;CARGO;N/A;4835
S014;1259;224.0;35.0;8.3;32;CGC;BERÇO TECON 1.2;CARGO;N/A;920
S014;1260;195.92;25.0;6.2;7;CGNC;BERÇO VAL;CARGO;N/A;175
S014;1261;182.9;40.0;7.0;47;GL;BERÇO AL 02;CARGO;N/A;2715
S014;1262;228.0;37.0;10.3;51;CGC;BERÇO DPW 1;CARGO;N/A;1075
S014;1263;199.2;30.57;7.82;52;CGNC;BERÇO DPW 3;CARGO;N/A;4255
S014;1264;199.7;28.0;10.4;7;CGNC;BERÇO CS 04;CARGO;N/A;480
S014;1265;229.0;32.0;7.84;40;GSA - E;BERÇO TGG;CARGO;N/A;4805
S014;1266;180.0;29.0;9.5;47;GL;BERÇO AL 02;CARGO;N/A;2865
S014;1267;179.53;27.0;7.8;1;GL;BERÇO IB OE;CARGO;N/A;3520
S014;1268;213.88;32.0;8.5;9;CGC;BERÇO BTP 3;CARGO;N/A;790
S014;1269;299.18;48.0;9.7;32;CGC;BERÇO TECON 2;CARGO;N/A;400
S014;1270;179.02;28.0;6.42;5;CGNC;BERÇO ARM 20/21;CARGO;N/A;1475
S014;1271;100.71;15.0;4.2;25;CGNC;BERÇO ARM 32;CARGO;N/A;2720
S014;1272;330.08;48.0;12.2;9;CGC;BERÇO BTP 2;CARGO;N/A;1585
S014;1273;333.95;48.43;10.9;51;CGC;BERÇO DPW 2;CARGO;N/A;2445
S014;1274;210.54;30.0;8.6;51;CGC;BERÇO DPW 2;CARGO;N/A;1155
S014;1275;294.13;32.0;8.8;51;CGC;BERÇO DPW 1;CARGO;N/A;680
S014;1276;318.24;43.0;9.65;32;CGC;BERÇO TECON 3;CARGO;N/A;445
S014;1277;263.23;32.0;10.3;51;CGC;BERÇO DPW 1;CARGO;N/A;1720
S014;1278;179.99;28.0;9.51;28;CGNC;BERÇO CS 01;CARGO;N/A;1785
S014;1279;243.0;32.0;8.7;32;CGC;BERÇO TECON 1.2;CARGO;N/A;785
S014;1280;176.99;30.04;10.1;57;GSM - I;BERÇO TIPLAM 4;CARGO;N/A;11420
S014;1281;229.9;36.0;7.2;6;CGNC;BERÇO ARM 37;CARGO;N/A;3360
S014;1282;335.98;48.0;11.2;9;CGC;BERÇO BTP 1;CARGO;N/A;1060
S014;1283;294.1;32.0;12.5;51;CGC;BERÇO DPW 1;CARGO;N/A;2215
S014;1284;182.47;25.0;7.9;32;CGC;BERÇO TECON 1.1;CARGO;N/A;1045
S014;1285;228.99;32.0;8.8;50;GSA - E;BERÇO CUTRALE;CARGO;N/A;3390
S014;1286;195.92;25.0;6.5;45;RORO;BERÇO TEV;CARGO;RO-RO;1110
S014;1287;254.73;37.0;9.4;32;CGC;BERÇO TECON 2;CARGO;N/A;570
S014;1288;189.99;28.0;10.2;8;CGNC;BERÇO ARM 35P1;CARGO;N/A;7345
S014;1289;225.0;32.0;7.4;29;CGNC;BERÇO ARM 34;CARGO;N/A;2525
S014;1290;225.0;32.0;9.1;52;CGNC;BERÇO DPW 4;CARGO;N/A;3025
S014;1291;335.95;51.0;13.9;32;CGC;BERÇO TECON 3;CARGO;N/A;945
S014;1292;323.0;44.0;8.4;11;PASSAGEIROS;BERÇO OUT 1;PASSENGER;N/A;720
S014;1293;289.59;44.0;8.3;11;PASSAGEIROS;BERÇO ARM 25;PASSENGER;N/A;1150
S014;1294;175.53;29.0;9.6;28;CGNC;BERÇO CS 02;CARGO;N/A;5235
S014;1295;229.0;32.0;7.1;42;GSA - E;BERÇO TEG;CARGO;N/A;4220
S014;1296;85.34;18.0;4.5;53;CGNC;BERÇO SAIPEM 2;CARGO;N/A;1785
S014;1297;229.0;32.0;7.0;46;GSA - E;BERÇO OUT 2;CARGO;N/A;4470
S014;1298;228.99;32.0;7.22;46;GSA - E;BERÇO ARM 19;CARGO;N/A;3750
S014;1299;299.9;45.0;10.9;9;CGC;BERÇO BTP 1;CARGO;N/A;1185
S014;1300;225.0;32.0;11.9;46;GSA - E;BERÇO OUT 2;CARGO;N/A;1155
S014;1301;229.0;32.0;7.22;46;GSA - E;BERÇO ARM 16/17;CARGO;N/A;4570
S014;1302;299.9;48.0;11.8;9;CGC;BERÇO BTP 2;CARGO;N/A;1705
S014;1303;225.0;32.0;6.6;37;GSA - E;BERÇO TEAG;CARGO;N/A;5910
S014;1304;199.93;32.0;10.3;25;CGNC;BERÇO ARM 31;CARGO;N/A;25835
S014;1305;199.93;32.0;6.4;6;CGNC;BERÇO ARM 37;CARGO;N/A;2810
S014;1306;183.1;32.0;9.9;54;GL;BERÇO DOW;CARGO;N/A;1400
S014;1307;225.0;32.0;6.91;23;CGNC;BERÇO ARM 38;CARGO;N/A;2230
S014;1308;119.8;20.0;5.75;7;CGNC;BERÇO CORTE;CARGO;N/A;3115
S014;1309;229.0;32.0;7.76;23;CGNC;BERÇO ARM 38;CARGO;N/A;3065
S014;1310;222.15;30.0;8.5;32;CGC;BERÇO TECON 1.2;CARGO;N/A;235
S014;1311;228.99;32.0;6.85;42;GSA - E;BERÇO TEG;CARGO;N/A;5065
S014;1312;100.71;15.0;6.2;7;CGNC;BERÇO CORTE;CARGO;N/A;1040
S014;1313;333.96;48.0;14.1;51;CGC;BERÇO DPW 2;CARGO;N/A;2135
S014;1314;333.33;38.0;8.6;11;PASSAGEIROS;BERÇO OUT 1;PASSENGER;N/A;700
S014;1315;186.36;28.0;10.0;32;CGC;BERÇO TECON 2;CARGO;N/A;640
S014;1316;274.9;29.0;6.7;11;PASSAGEIROS;BERÇO 25 + FRIG;PASSENGER;N/A;565
S014;1317;228.99;32.0;6.9;42;GSA - E;BERÇO TEG;CARGO;N/A;3475
S014;1318;179.53;27.0;8.75;30;CGNC;BERÇO AL 04;CARGO;N/A;3510
S014;1319;260.0;46.0;11.95;9;CGC;BERÇO BTP 3;CARGO;N/A;1000
S014;1320;227.95;38.0;11.1;32;CGC;BERÇO TECON 1.1;CARGO;N/A;1225
S014;1321;243.0;32.0;9.5;51;CGC;BERÇO DPW 1;CARGO;N/A;545
S014;1322;190.0;32.0;7.3;57;GSM - I;BERÇO TIPLAM 4;CARGO;N/A;3440
S014;1323;179.99;28.25;8.3;58;GSM - E;BERÇO USIMINAS 3;CARGO;N/A;4810
S014;1324;190.0;32.0;8.2;26;CGNC;BERÇO ARM 25;CARGO;N/A;3185
S014;1325;228.99;32.0;7.2;46;GSA - E;BERÇO ARM 16/17;CARGO;N/A;2990
S014;1326;329.86;48.0;14.1;9;CGC;BERÇO BTP 1;CARGO;N/A;1350
S014;1327;226.8;32.0;10.3;25;CGNC;BERÇO ARM 35P2;CARGO;N/A;1605
S014;1328;333.2;48.0;12.6;32;CGC;BERÇO TECON 2;CARGO;N/A;1210
S014;1329;99.99;21.0;7.7;7;CGNC;BERÇO CS 04;CARGO;N/A;380
S014;1330;228.99;33.0;6.45;5;CGNC;BERÇO ARM 20/21;CARGO;N/A;4875
S014;1331;183.1;32.0;9.15;2;GL;BERÇO IB BC;CARGO;N/A;3460
S014;1332;183.0;32.0;12.4;30;CGNC;BERÇO AL 02;CARGO;N/A;3190
S014;1333;211.0;32.0;8.1;45;RORO;BERÇO TEV;CARGO;RO-RO;1440
S014;1334;305.0;50.0;8.6;11;PASSAGEIROS;BERÇO OUT 2;PASSENGER;N/A;635
S014;1335;331.43;52.0;8.6;11;PASSAGEIROS;BERÇO OUT 1;PASSENGER;N/A;625
S014;1336;256.07;37.0;11.7;32;CGC;BERÇO TECON 1.2;CARGO;N/A;1135
S014;1337;199.95;32.0;8.27;45;RORO;BERÇO TEV;CARGO;RO-RO;920
S014;1338;229.0;32.0;7.0;42;GSA - E;BERÇO TEG;CARGO;N/A;4710
S014;1339;189.9;33.0;7.05;49;GL;BERÇO CUTRALE;CARGO;N/A;4695
S014;1340;335.9;51.0;11.1;32;CGC;BERÇO TECON 3;CARGO;N/A;1755
S014;1341;299.9;45.0;11.4;32;CGC;BERÇO TECON 3;CARGO;N/A;1980
S014;1342;229.0;33.0;7.7;46;GSA - E;BERÇO OUT 3;CARGO;N/A;4290
S014;1343;165.17;27.0;7.8;54;GL;BERÇO DOW;CARGO;N/A;1595
S014;1344;170.08;27.0;7.1;32;CGC;BERÇO TECON 2;CARGO;N/A;1320
S014;1345;144.22;23.0;6.5;47;GL;BERÇO AL 01;CARGO;N/A;2050
S014;1346;289.59;44.0;8.3;11;PASSAGEIROS;BERÇO ARM 25;PASSENGER;N/A;680
S014;1347;189.99;32.0;6.35;5;CGNC;BERÇO ARM 20/21;CARGO;N/A;4670
S014;1348;224.99;32.0;7.26;39;GSA - E;BERÇO ARM 39;CARGO;N/A;2135
S014;1349;228.9;35.0;7.85;39;GSA - E;BERÇO ARM 39;CARGO;N/A;4230
S014;1350;306.0;40.0;12.2;51;CGC;BERÇO DPW 2;CARGO;N/A;1095
S014;1351;229.13;32.0;7.12;37;GSA - E;BERÇO TEAG;CARGO;N/A;5685
S014;1352;225.0;32.0;7.58;25;CGNC;BERÇO ARM 35P2;CARGO;N/A;8385
S014;1353;183.21;32.0;10.3;30;CGNC;BERÇO AL 03;CARGO;N/A;4090
S014;1354;229.0;32.0;7.37;39;GSA - E;BERÇO ARM 39;CARGO;N/A;1595
S014;1355;299.9;45.0;12.5;32;CGC;BERÇO TECON 1.2;CARGO;N/A;1345
S014;1356;199.99;33.0;8.6;45;RORO;BERÇO TEV;CARGO;RO-RO;1070
S014;1357;255.28;43.0;7.9;23;CGNC;BERÇO ARM 38;CARGO;N/A;6230
S014;1358;228.99;32.0;7.5;27;CGNC;BERÇO ARM 12A;CARGO;N/A;4245
S014;1359;170.7;27.0;9.9;8;CGNC;BERÇO ARM 35P1;CARGO;N/A;6585
S014;1360;225.0;32.0;8.95;46;GSA - E;BERÇO ARM 19;CARGO;N/A;4165
S014;1361;185.96;35.0;8.5;32;CGC;BERÇO TECON 1.1;CARGO;N/A;930
S014;1362;180.0;30.0;6.1;5;CGNC;BERÇO ARM 20/21;CARGO;N/A;1545
S014;1363;199.98;32.0;9.2;45;RORO;BERÇO TEV;CARGO;RO-RO;310
S014;1364;198.0;28.0;7.0;32;CGC;BERÇO TECON 1.1;CARGO;N/A;955
S014;1365;183.34;32.0;8.7;47;GL;BERÇO AL 01;CARGO;N/A;2735
S014;1366;177.85;28.0;9.8;28;CGNC;BERÇO CS 01;CARGO;N/A;3505
S014;1367;259.8;32.0;10.6;32;CGC;BERÇO TECON 2;CARGO;N/A;1075
S014;1368;299.18;48.0;9.9;9;CGC;BERÇO BTP 1;CARGO;N/A;1355
S014;1369;323.0;44.0;8.4;11;PASSAGEIROS;BERÇO OUT 2;PASSENGER;N/A;620
S014;1370;274.9;29.0;6.7;11;PASSAGEIROS;BERÇO OUT 1;PASSENGER;N/A;625
S014;1371;168.03;26.0;10.4;51;CGC;BERÇO DPW 1;CARGO;N/A;1315
S014;1372;158.83;26.0;9.4;2;GL;BERÇO Ageo I;CARGO;N/A;3685
S014;1373;179.87;28.0;9.8;47;GL;BERÇO AL 01;CARGO;N/A;2830
S014;1374;223.91;34.0;8.35;32;CGC;BERÇO TECON 1.1;CARGO;N/A;810
S014;1375;333.57;43.0;13.6;32;CGC;BERÇO TECON 1.2;CARGO;N/A;890
S014;1376;258.89;32.0;10.2;32;CGC;BERÇO TECON 1.1;CARGO;N/A;585
S014;1377;177.9;33.0;8.1;53;CGNC;BERÇO SAIPEM 2;CARGO;N/A;4380
S014;1378;228.91;32.0;6.85;40;GSA - E;BERÇO TGG;CARGO;N/A;2420
S014;1379;183.1;32.0;9.0;30;CGNC;BERÇO AL 04;CARGO;N/A;5510
S014;1380;228.28;32.0;6.31;6;CGNC;BERÇO ARM 37;CARGO;N/A;1600
S014;1381;199.95;32.0;8.7;45;RORO;BERÇO TEV;CARGO;RO-RO;1180
S014;1382;208.85;30.0;10.4;51;CGC;BERÇO DPW 2;CARGO;N/A;435
S014;1383;189.02;32.0;8.5;2;GL;BERÇO IB SP;CARGO;N/A;5520
S014;1384;82.3;17.0;4.5;53;CGNC;BERÇO SAIPEM 1;CARGO;N/A;800
S014;1385;199.98;32.0;6.4;46;GSA - E;BERÇO OUT 2;CARGO;N/A;2960
S014;1386;270.9;43.0;12.15;51;CGC;BERÇO DPW 2;CARGO;N/A;2505
S014;1387;299.9;45.0;12.0;9;CGC;BERÇO BTP 2;CARGO;N/A;1665
S014;1388;227.2;36.0;7.35;6;CGNC;BERÇO ARM 37;CARGO;N/A;6640
S014;1389;197.0;32.0;10.2;57;GSM - I;BERÇO TIPLAM 2;CARGO;N/A;10800
S014;1390;218.45;30.0;9.6;51;CGC;BERÇO DPW 1;CARGO;N/A;1050
S014;1391;189.02;32.0;12.4;30;CGNC;BERÇO AL 03;CARGO;N/A;4580
S014;1392;228.9;32.0;7.2;23;CGNC;BERÇO ARM 38;CARGO;N/A;9510
S014;1393;183.0;27.0;7.5;47;GL;BERÇO AL 02;CARGO;N/A;1220
S014;1394;186.0;32.0;10.7;2;GL;BERÇO IB OE;CARGO;N/A;3210
S014;1395;272.08;40.0;10.8;32;CGC;BERÇO TECON 1.2;CARGO;N/A;1785
S014;1396;170.0;26.0;7.2;49;GL;BERÇO CUTRALE;CARGO;N/A;3255
S014;1397;160.0;25.0;6.5;2;GL;BERÇO IB BC;CARGO;N/A;5435
S014;1398;229.0;32.0;6.26;46;GSA - E;BERÇO OUT 3;CARGO;N/A;3370
S014;1399;328.46;48.0;14.2;9;CGC;BERÇO BTP 3;CARGO;N/A;1550
S014;1400;198.5;31.0;7.25;29;CGNC;BERÇO ARM 34;CARGO;N/A;2240
S014;1401;299.91;48.0;9.3;32;CGC;BERÇO TECON 2;CARGO;N/A;680
S014;1402;229.0;32.0;8.2;46;GSA - E;BERÇO OUT 3;CARGO;N/A;7425
S014;1403;85.34;18.0;4.5;53;CGNC;BERÇO SAIPEM 3;CARGO;N/A;1435
S014;1404;270.9;43.0;11.4;51;CGC;BERÇO DPW 1;CARGO;N/A;1400
S014;1405;199.99;32.0;7.02;5;CGNC;BERÇO ARM 20/21;CARGO;N/A;1515
S014;1406;222.2;30.0;8.2;9;CGC;BERÇO BTP 1;CARGO;N/A;1300
S014;1407;194.87;32.0;8.8;51;CGC;BERÇO DPW 2;CARGO;N/A;1140
S014;1408;229.0;32.0;7.39;40;GSA - E;BERÇO TGG;CARGO;N/A;2165
S014;1409;289.59;44.0;8.3;11;PASSAGEIROS;BERÇO 25 + FRIG;PASSENGER;N/A;640
S014;1410;88.9;19.0;5.8;53;CGNC;BERÇO SAIPEM 1;CARGO;N/A;2850
S014;1411;228.0;32.0;10.67;30;CGNC;BERÇO AL 02;CARGO;N/A;6695
S014;1412;339.6;46.0;13.5;51;CGC;BERÇO DPW 1;CARGO;N/A;2910
S014;1413;185.97;35.0;8.5;32;CGC;BERÇO TECON 3;CARGO;N/A;910
S014;1414;185.97;35.0;10.3;51;CGC;BERÇO DPW 1;CARGO;N/A;440
S014;1415;144.03;24.0;6.3;59;GL;BERÇO AL 03;CARGO;N/A;4615
S014;1416;179.93;28.0;10.05;28;CGNC;BERÇO CS 01;CARGO;N/A;3840
S014;1417;229.0;32.0;7.7;46;GSA - E;BERÇO ARM 19;CARGO;N/A;3180
S014;1418;182.47;25.0;8.8;32;CGC;BERÇO TECON 1.1;CARGO;N/A;1110
S014;1419;254.87;37.0;9.0;32;CGC;BERÇO TECON 1.2;CARGO;N/A;615
S014;1420;182.9;40.0;7.4;47;GL;BERÇO AL 01;CARGO;N/A;1410
S014;1421;183.06;32.0;7.5;1;GL;BERÇO IB SP;CARGO;N/A;1630
S014;1422;323.0;44.0;8.4;11;PASSAGEIROS;BERÇO OUT 1;PASSENGER;N/A;790
S014;1423;179.9;32.0;7.9;45;RORO;BERÇO TEV;CARGO;RO-RO;1880
S014;1424;172.04;28.0;7.5;32;CGC;BERÇO TECON 3;CARGO;N/A;645
S014;1425;266.65;36.0;12.6;51;CGC;BERÇO DPW 2;CARGO;N/A;1385
S014;1426;144.09;24.0;7.4;2;GL;BERÇO Ageo I;CARGO;N/A;2185
S014;1427;184.94;32.0;10.25;59;GL;BERÇO AL 03;CARGO;N/A;3505
S014;1428;272.02;40.0;10.6;32;CGC;BERÇO TECON 1.2;CARGO;N/A;985
S014;1429;228.19;32.0;12.2;1;GL;BERÇO IB OE;CARGO;N/A;5240
S014;1430;199.94;32.0;8.1;45;RORO;BERÇO TEV;CARGO;RO-RO;1750
S014;1431;141.0;25.0;8.8;2;GL;BERÇO Ageo I;CARGO;N/A;1105
S014;1432;229.0;32.0;7.4;27;CGNC;BERÇO ARM 13/14;CARGO;N/A;3940
S014;1433;260.0;46.0;11.9;9;CGC;BERÇO BTP 2;CARGO;N/A;885
S014;1434;299.9;45.0;11.8;9;CGC;BERÇO BTP 2;CARGO;N/A;975
S014;1435;225.0;32.0;7.3;56;GSA - E;BERÇO TIPLAM 3;CARGO;N/A;6325
S014;1436;334.8;46.0;13.65;51;CGC;BERÇO DPW 1;CARGO;N/A;1540
S014;1437;225.16;31.0;10.9;32;CGC;BERÇO TECON 1.1;CARGO;N/A;630
S014;1438;172.0;28.0;8.1;32;CGC;BERÇO TECON 2;CARGO;N/A;1235
S014;1439;179.92;30.0;9.22;28;CGNC;BERÇO CS 02;CARGO;N/A;7285
S014;1440;333.33;38.0;8.66;11;PASSAGEIROS;BERÇO OUT 2;PASSENGER;N/A;715
S014;1441;228.0;37.0;10.2;32;CGC;BERÇO TECON 3;CARGO;N/A;1190
S014;1442;165.13;27.0;6.8;30;CGNC;BERÇO AL 04;CARGO;N/A;580
S014;1443;274.9;29.0;6.7;11;PASSAGEIROS;BERÇO OUT 1;PASSENGER;N/A;640
S014;1444;229.0;32.0;11.0;46;GSA - E;BERÇO OUT 3;CARGO;N/A;1650
S014;1445;134.75;21.0;7.8;2;GL;BERÇO IB BC;CARGO;N/A;2825
S014;1446;199.9;32.0;6.56;52;CGNC;BERÇO DPW 3;CARGO;N/A;2965
S014;1447;179.87;28.0;9.3;55;GL;BERÇO TIPLAM 1;CARGO;N/A;1230
S014;1448;229.0;32.31;7.2;50;GSA - E;BERÇO CUTRALE;CARGO;N/A;4935
S014;1449;199.97;32.0;9.25;45;RORO;BERÇO TEV;CARGO;RO-RO;1970
S014;1450;198.0;31.14;7.42;52;CGNC;BERÇO DPW 3;CARGO;N/A;3050
S014;1451;284.71;40.0;10.0;51;CGC;BERÇO DPW 2;CARGO;N/A;1475
S014;1452;190.0;32.0;11.7;25;CGNC;BERÇO ARM 33;CARGO;N/A;8290
S014;1453;183.2;28.0;8.0;47;GL;BERÇO AL 01;CARGO;N/A;1270
S014;1454;182.5;32.0;8.2;30;CGNC;BERÇO AL 02;CARGO;N/A;1980
S014;1455;299.89;48.0;12.4;9;CGC;BERÇO BTP 1;CARGO;N/A;925
S014;1456;333.2;48.0;11.1;32;CGC;BERÇO TECON 1.2;CARGO;N/A;1400
S014;1457;260.66;32.0;11.5;51;CGC;BERÇO DPW 2;CARGO;N/A;1145
S014;1458;82.3;17.0;4.5;53;CGNC;BERÇO SAIPEM 3;CARGO;N/A;730
S014;1459;183.06;32.0;7.5;47;GL;BERÇO AL 01;CARGO;N/A;2590
S014;1460;336.0;51.0;14.1;32;CGC;BERÇO TECON 2;CARGO;N/A;1405
S014;1461;337.0;48.0;10.45;9;CGC;BERÇO BTP 3;CARGO;N/A;990
S014;1462;305.0;50.0;8.6;11;PASSAGEIROS;BERÇO OUT 1;PASSENGER;N/A;640
S014;1463;214.0;32.0;8.5;9;CGC;BERÇO BTP 2;CARGO;N/A;845
S014;1464;331.43;52.0;8.6;11;PASSAGEIROS;BERÇO OUT 2;PASSENGER;N/A;550
S014;1465;199.9;32.0;7.14;40;GSA - E;BERÇO TGG;CARGO;N/A;2120
S014;1466;201.8;32.0;11.16;52;CGNC;BERÇO DPW 4;CARGO;N/A;2980
S014;1467;299.18;48.0;10.3;9;CGC;BERÇO BTP 1;CARGO;N/A;1655
S014;1468;299.9;45.0;11.6;9;CGC;BERÇO BTP 3;CARGO;N/A;900
S014;1469;272.08;40.0;9.8;32;CGC;BERÇO TECON 3;CARGO;N/A;1750
S014;1470;141.0;24.0;8.8;2;GL;BERÇO Ageo I;CARGO;N/A;2725
S014;1471;333.2;48.0;10.25;32;CGC;BERÇO TECON 1.2;CARGO;N/A;1755
S014;1472;198.0;31.0;11.58;9;CGC;BERÇO BTP 2;CARGO;N/A;1430
S014;1473;201.8;32.0;7.9;4;CGNC;BERÇO ARM 32;CARGO;N/A;4775
S014;1474;199.99;32.0;10.2;6;CGNC;BERÇO ARM 37;CARGO;N/A;3405
S014;1475;158.83;26.0;8.4;33;GL;BERÇO AL 03;CARGO;N/A;3055
S014;1476;228.0;37.0;10.6;9;CGC;BERÇO BTP 1;CARGO;N/A;460
S014;1477;335.95;51.0;11.0;32;CGC;BERÇO TECON 3;CARGO;N/A;2520
S014;1478;176.5;29.0;5.88;46;GSA - E;BERÇO ARM 19;CARGO;N/A;2560
S014;1479;200.0;36.0;9.9;32;CGC;BERÇO TECON 3;CARGO;N/A;915
S014;1480;199.92;32.0;7.1;52;CGNC;BERÇO DPW 3;CARGO;N/A;2970
S014;1481;299.97;49.0;13.0;32;CGC;BERÇO TECON 2;CARGO;N/A;1505
S014;1482;143.02;24.0;6.4;54;GL;BERÇO DOW;CARGO;N/A;1455
S014;1483;199.91;35.0;8.5;32;CGC;BERÇO TECON 1.1;CARGO;N/A;1035
S014;1484;160.0;25.0;9.7;59;GL;BERÇO AL 04;CARGO;N/A;3320
S014;1485;165.17;27.0;7.6;54;GL;BERÇO DOW;CARGO;N/A;1550
S014;1486;299.88;48.0;11.1;9;CGC;BERÇO BTP 3;CARGO;N/A;1620
S014;1487;229.0;32.0;7.3;37;GSA - E;BERÇO TEAG;CARGO;N/A;6510
S014;1488;170.0;27.0;7.65;59;GL;BERÇO AL 04;CARGO;N/A;2645
S014;1489;328.46;48.0;14.5;32;CGC;BERÇO TECON 2;CARGO;N/A;1310
S014;1490;229.0;32.0;6.73;27;CGNC;BERÇO ARM 13/14;CARGO;N/A;8385
S014;1491;198.0;31.0;11.6;52;CGNC;BERÇO DPW 4;CARGO;N/A;900
S014;1492;182.98;32.0;7.2;47;GL;BERÇO AL 01;CARGO;N/A;1935
S014;1493;239.3;32.0;7.4;11;PASSAGEIROS;BERÇO OUT 2;PASSENGER;N/A;675
S014;1494;228.0;37.0;10.0;51;CGC;BERÇO DPW 1;CARGO;N/A;1505
S014;1495;182.5;32.0;8.1;47;GL;BERÇO AL 01;CARGO;N/A;2935
S014;1496;259.8;32.0;11.25;51;CGC;BERÇO DPW 2;CARGO;N/A;1125
S014;1497;223.98;35.0;8.45;32;CGC;BERÇO TECON 1.2;CARGO;N/A;900
S014;1498;334.11;43.0;9.8;9;CGC;BERÇO BTP 1;CARGO;N/A;1705
S014;1499;139.95;21.0;7.0;2;GL;BERÇO IB SP;CARGO;N/A;3275
S014;1500;222.15;30.0;8.95;32;CGC;BERÇO TECON 3;CARGO;N/A;530
S014;1501;225.0;32.0;7.0;40;GSA - E;BERÇO TGG;CARGO;N/A;1895
S014;1502;229.0;32.0;7.0;56;GSA - E;BERÇO TIPLAM 2;CARGO;N/A;2860
S014;1503;277.32;40.0;12.45;9;CGC;BERÇO BTP 3;CARGO;N/A;830
S014;1504;228.99;36.0;8.66;50;GSA - E;BERÇO CUTRALE;CARGO;N/A;4375
S014;1505;227.83;33.0;12.7;30;CGNC;BERÇO AL 03;CARGO;N/A;8820
S014;1506;328.46;48.0;12.1;9;CGC;BERÇO BTP 2;CARGO;N/A;915
S014;1507;212.54;31.0;8.9;51;CGC;BERÇO DPW 1;CARGO;N/A;745
S014;1508;201.8;32.0;10.85;25;CGNC;BERÇO ARM 35P1;CARGO;N/A;1980
S014;1509;329.77;48.0;12.7;9;CGC;BERÇO BTP 3;CARGO;N/A;1935
S014;1510;299.93;49.0;9.5;32;CGC;BERÇO TECON 2;CARGO;N/A;570
S014;1511;231.0;32.0;9.8;32;CGC;BERÇO TECON 2;CARGO;N/A;375
S014;1512;199.97;32.0;8.6;45;RORO;BERÇO TEV;CARGO;RO-RO;880
S014;1513;210.54;9.0;8.9;32;CGC;BERÇO TECON 1.1;CARGO;N/A;1065
S014;1514;182.82;33.0;9.2;30;CGNC;BERÇO AL 02;CARGO;N/A;3595
S014;1515;141.0;25.0;7.8;30;CGNC;BERÇO AL 04;CARGO;N/A;785
S014;1516;143.02;24.0;6.4;1;GL;BERÇO IB OE;CARGO;N/A;1375
S014;1517;231.0;32.0;10.0;51;CGC;BERÇO DPW 2;CARGO;N/A;830
S014;1518;179.87;28.0;9.1;55;GL;BERÇO TIPLAM 1;CARGO;N/A;1400
S014;1519;225.0;32.0;7.36;37;GSA - E;BERÇO TEAG;CARGO;N/A;8030
S014;1520;182.47;25.0;9.0;32;CGC;BERÇO TECON 1.2;CARGO;N/A;1285
S014;1521;300.4;40.0;12.6;9;CGC;BERÇO BTP 1;CARGO;N/A;2980
S014;1522;229.0;32.0;7.6;56;GSA - E;BERÇO TIPLAM 3;CARGO;N/A;7065
S014;1523;177.85;29.0;6.5;14;CGNC;BERÇO ARM 31/32;CARGO;N/A;2690
S014;1524;229.0;32.0;8.35;39;GSA - E;BERÇO ARM 39;CARGO;N/A;5005
S014;1525;335.98;48.0;11.7;9;CGC;BERÇO BTP 2;CARGO;N/A;2175
S014;1526;199.99;36.0;7.48;29;CGNC;BERÇO ARM 34;CARGO;N/A;7800
S014;1527;183.1;32.0;10.4;2;GL;BERÇO Ageo I;CARGO;N/A;3820
S014;1528;255.0;37.0;10.0;32;CGC;BERÇO TECON 1.1;CARGO;N/A;765
S014;1529;199.9;32.0;8.1;45;RORO;BERÇO TEV;CARGO;RO-RO;925
S014;1530;225.0;32.0;7.79;39;GSA - E;BERÇO ARM 39;CARGO;N/A;2165
S014;1531;323.0;44.0;8.5;11;PASSAGEIROS;BERÇO OUT 1;PASSENGER;N/A;580
S014;1532;224.94;32.0;6.5;5;CGNC;BERÇO ARM 20/21;CARGO;N/A;2370
S014;1533;229.0;32.0;7.2;39;GSA - E;BERÇO ARM 39;CARGO;N/A;4565
S014;1534;229.0;32.0;7.5;40;GSA - E;BERÇO TGG;CARGO;N/A;2115
S014;1535;170.7;27.0;5.71;58;GSM - E;BERÇO USIMINAS 2;CARGO;N/A;1790
S014;1536;229.07;32.0;7.5;56;GSA - E;BERÇO TIPLAM 2;CARGO;N/A;2855
S014;1537;183.98;27.4;7.4;47;GL;BERÇO AL 02;CARGO;N/A;1860
S014;1538;199.9;32.0;6.0;27;CGNC;BERÇO ARM 12A;CARGO;N/A;3935
S014;1539;199.9;32.0;7.66;23;CGNC;BERÇO ARM 38;CARGO;N/A;3600
S014;1540;255.4;38.0;13.0;51;CGC;BERÇO DPW 1;CARGO;N/A;1770
S014;1541;299.9;45.0;12.0;9;CGC;BERÇO BTP 3;CARGO;N/A;2750
S014;1542;85.34;18.0;5.0;53;CGNC;BERÇO SAIPEM 1;CARGO;N/A;9815
S014;1543;335.93;51.0;13.3;32;CGC;BERÇO TECON 3;CARGO;N/A;1055
S014;1544;227.92;37.0;10.7;32;CGC;BERÇO TECON 1.1;CARGO;N/A;1340
S014;1545;143.02;24.0;6.5;33;GL;BERÇO AL 02;CARGO;N/A;2085
S014;1546;210.0;36.0;8.48;25;CGNC;BERÇO ARM 35P1;CARGO;N/A;6255
S014;1547;116.9;18.0;5.1;2;GL;BERÇO IB BC;CARGO;N/A;2365
S014;1548;183.21;32.0;9.9;2;GL;BERÇO IB SP;CARGO;N/A;5155
S014;1549;184.0;27.0;11.3;2;GL;BERÇO IB OE;CARGO;N/A;2490
S014;1550;228.99;33.0;7.3;42;GSA - E;BERÇO TEG;CARGO;N/A;4205
S014;1551;210.96;32.0;8.7;9;CGC;BERÇO BTP 2;CARGO;N/A;1125
S014;1552;333.18;48.0;11.3;9;CGC;BERÇO BTP 1;CARGO;N/A;1550
S014;1553;335.0;51.0;14.3;32;CGC;BERÇO TECON 2;CARGO;N/A;1285
S014;1554;330.0;48.0;12.3;9;CGC;BERÇO BTP 1;CARGO;N/A;2455
S014;1555;305.0;50.0;8.6;11;PASSAGEIROS;BERÇO 25 + FRIG;PASSENGER;N/A;535
S014;1556;331.43;52.0;8.45;11;PASSAGEIROS;BERÇO OUT 1;PASSENGER;N/A;645
S014;1557;170.08;27.0;7.1;32;CGC;BERÇO TECON 1.2;CARGO;N/A;505
S014;1558;225.0;32.0;7.06;39;GSA - E;BERÇO ARM 39;CARGO;N/A;1935
S014;1559;223.96;35.0;8.1;32;CGC;BERÇO TECON 1.2;CARGO;N/A;485
S014;1560;228.99;32.0;8.47;50;GSA - E;BERÇO CUTRALE;CARGO;N/A;4715
S014;1561;180.0;30.0;9.84;8;CGNC;BERÇO ARM 35P1;CARGO;N/A;3945
S014;1562;299.91;48.0;11.0;9;CGC;BERÇO BTP 3;CARGO;N/A;1850
S014;1563;179.97;30.0;8.83;28;CGNC;BERÇO CS 01;CARGO;N/A;4380
S014;1564;294.13;32.0;11.2;51;CGC;BERÇO DPW 1;CARGO;N/A;750
S014;1565;299.9;45.0;11.25;9;CGC;BERÇO BTP 2;CARGO;N/A;2010
S014;1566;165.13;27.0;7.1;2;GL;BERÇO Ageo I;CARGO;N/A;3585
S014;1567;323.0;44.0;8.5;11;PASSAGEIROS;BERÇO OUT 2;PASSENGER;N/A;650
S014;1568;182.8;32.0;9.8;2;GL;BERÇO IB BC;CARGO;N/A;2785
S014;1569;299.9;45.0;13.8;51;CGC;BERÇO DPW 2;CARGO;N/A;1425
S014;1570;330.0;48.0;14.25;9;CGC;BERÇO BTP 2;CARGO;N/A;1655
S014;1571;179.9;28.0;7.5;26;CGNC;BERÇO ARM 25;CARGO;N/A;5820
S014;1572;229.11;38.0;7.93;46;GSA - E;BERÇO OUT 3;CARGO;N/A;4800
S014;1573;304.14;40.0;10.8;51;CGC;BERÇO DPW 1;CARGO;N/A;1620
S014;1574;227.92;37.0;11.0;9;CGC;BERÇO BTP 3;CARGO;N/A;555
S014;1575;225.16;31.0;9.8;32;CGC;BERÇO TECON 3;CARGO;N/A;465
S014;1576;213.88;32.0;8.8;9;CGC;BERÇO BTP 1;CARGO;N/A;2765
S014;1577;199.94;32.0;9.1;57;GSM - I;BERÇO TIPLAM 1;CARGO;N/A;10360
S014;1578;229.0;32.0;7.37;56;GSA - E;BERÇO TIPLAM 3;CARGO;N/A;3280
S014;1579;229.0;33.0;10.05;27;CGNC;BERÇO ARM 13/14;CARGO;N/A;5490
S014;1580;333.96;48.0;11.0;51;CGC;BERÇO DPW 1;CARGO;N/A;2405
S014;1581;272.02;40.0;9.7;9;CGC;BERÇO BTP 3;CARGO;N/A;1480
S014;1582;210.56;30.0;8.2;20;GL;BERÇO ARM 29;CARGO;N/A;6960
S014;1583;225.0;32.0;7.14;5;CGNC;BERÇO ARM 20/21;CARGO;N/A;4045
S014;1584;232.39;32.0;9.0;45;RORO;BERÇO TEV;CARGO;RO-RO;905
S014;1585;210.0;36.0;7.75;52;CGNC;BERÇO DPW 3;CARGO;N/A;5210
S014;1586;156.53;25.0;9.1;2;GL;BERÇO IB OE;CARGO;N/A;695
S014;1587;218.45;30.0;10.7;32;CGC;BERÇO TECON 2;CARGO;N/A;560
S014;1588;210.0;36.0;7.75;4;CGNC;BERÇO ARM 32;CARGO;N/A;2575
S014;1589;228.99;32.0;8.57;46;GSA - E;BERÇO ARM 16/17;CARGO;N/A;2250
S014;1590;179.9;32.0;7.8;47;GL;BERÇO AL 02;CARGO;N/A;2520
S014;1591;182.9;40.0;7.4;47;GL;BERÇO AL 01;CARGO;N/A;2460
S014;1592;229.0;38.0;7.0;6;CGNC;BERÇO ARM 37;CARGO;N/A;2725
S014;1593;255.36;37.0;10.2;51;CGC;BERÇO DPW 2;CARGO;N/A;2170
S014;1594;324.85;43.0;12.7;32;CGC;BERÇO TECON 1.2;CARGO;N/A;800
S014;1595;229.0;32.0;7.92;46;GSA - E;BERÇO OUT 2;CARGO;N/A;4200
S014;1596;208.85;30.0;10.1;32;CGC;BERÇO TECON 2;CARGO;N/A;855
S014;1597;300.0;48.0;12.0;32;CGC;BERÇO TECON 3;CARGO;N/A;1060
S014;1598;190.0;32.0;7.7;25;CGNC;BERÇO ARM 35P2;CARGO;N/A;8725
S014;1599;229.0;32.0;7.5;39;GSA - E;BERÇO ARM 39;CARGO;N/A;4830
S014;1600;199.2;31.0;9.7;29;CGNC;BERÇO ARM 34;CARGO;N/A;1065
S014;1601;199.99;36.0;8.15;25;CGNC;BERÇO ARM 33;CARGO;N/A;2525
S014;1602;333.2;48.0;12.1;51;CGC;BERÇO DPW 1;CARGO;N/A;2290
S014;1603;336.0;51.0;10.8;32;CGC;BERÇO TECON 2;CARGO;N/A;1920
S014;1604;229.0;32.0;8.69;50;GSA - E;BERÇO CUTRALE;CARGO;N/A;3695
S014;1605;228.99;32.0;7.0;46;GSA - E;BERÇO OUT 3;CARGO;N/A;6380
S014;1606;228.62;32.0;9.5;32;CGC;BERÇO TECON 1.1;CARGO;N/A;1455
S014;1607;323.0;44.0;8.4;11;PASSAGEIROS;BERÇO OUT 1;PASSENGER;N/A;635
S014;1608;132.2;16.0;4.9;7;CGNC;BERÇO VAL;CARGO;N/A;860
S014;1609;299.9;48.0;10.27;32;CGC;BERÇO TECON 1.2;CARGO;N/A;350
S014;1610;305.0;50.0;8.6;11;PASSAGEIROS;BERÇO OUT 1;PASSENGER;N/A;605
S014;1611;172.04;28.0;7.5;9;CGC;BERÇO BTP 2;CARGO;N/A;575
S014;1612;229.0;32.0;7.3;39;GSA - E;BERÇO ARM 39;CARGO;N/A;3125
S014;1613;318.24;43.0;12.1;9;CGC;BERÇO BTP 2;CARGO;N/A;1045
S014;1614;329.86;48.0;12.0;9;CGC;BERÇO BTP 2;CARGO;N/A;3105
S014;1615;182.9;40.0;7.3;47;GL;BERÇO AL 02;CARGO;N/A;2060
S014;1616;189.99;28.56;6.6;5;CGNC;BERÇO ARM 20/21;CARGO;N/A;1115
S014;1617;254.73;37.0;9.6;51;CGC;BERÇO DPW 2;CARGO;N/A;690
S014;1618;179.99;30.0;7.0;14;CGNC;BERÇO ARM 31;CARGO;N/A;4160
S014;1619;182.47;25.0;9.0;32;CGC;BERÇO TECON 1.2;CARGO;N/A;1025
S014;1620;294.1;32.25;12.3;51;CGC;BERÇO DPW 2;CARGO;N/A;1615
S014;1621;183.1;32.0;8.1;30;CGNC;BERÇO AL 04;CARGO;N/A;1645
S014;1622;182.5;32.0;7.8;47;GL;BERÇO AL 02;CARGO;N/A;2300
S014;1623;199.99;32.0;6.9;39;GSA - E;BERÇO ARM 39;CARGO;N/A;3315
S014;1624;277.32;40.0;11.4;9;CGC;BERÇO BTP 3;CARGO;N/A;920
S014;1625;209.99;36.0;9.2;52;CGNC;BERÇO DPW 4;CARGO;N/A;3505
S014;1626;224.9;32.0;7.1;6;CGNC;BERÇO ARM 37;CARGO;N/A;6710
S014;1627;225.0;32.0;10.5;52;CGNC;BERÇO DPW 4;CARGO;N/A;4215
S014;1628;199.98;32.0;8.4;45;RORO;BERÇO TEV;CARGO;RO-RO;750
S014;1629;225.0;32.0;8.7;29;CGNC;BERÇO ARM 34;CARGO;N/A;580
S014;1630;229.0;32.0;7.12;40;GSA - E;BERÇO TGG;CARGO;N/A;2205
S014;1631;337.0;48.0;12.2;9;CGC;BERÇO BTP 1;CARGO;N/A;935
S014;1632;199.9;32.0;8.6;5;CGNC;BERÇO ARM 20/21;CARGO;N/A;1840
S014;1633;199.97;32.0;8.4;45;RORO;BERÇO TEV;CARGO;RO-RO;455
S014;1634;199.98;32.0;6.59;40;GSA - E;BERÇO TGG;CARGO;N/A;1745
S014;1635;184.0;27.0;8.6;2;GL;BERÇO IB BC;CARGO;N/A;2080
S014;1636;266.65;36.0;11.6;51;CGC;BERÇO DPW 1;CARGO;N/A;830
S014;1637;189.99;32.0;11.15;25;CGNC;BERÇO ARM 33;CARGO;N/A;17140
S014;1638;199.99;36.0;9.4;52;CGNC;BERÇO DPW 3;CARGO;N/A;2845
S014;1639;189.99;32.0;7.5;26;CGNC;BERÇO ARM 23;CARGO;N/A;840
S014;1640;189.99;32.0;10.91;57;GSM - I;BERÇO TIPLAM 4;CARGO;N/A;2035
S014;1641;197.0;32.0;9.43;56;GSA - E;BERÇO TIPLAM 2;CARGO;N/A;1900
S014;1642;183.2;32.0;11.25;2;GL;BERÇO Ageo I;CARGO;N/A;7030
S014;1643;299.98;48.0;11.3;9;CGC;BERÇO BTP 3;CARGO;N/A;765
S014;1644;145.0;24.0;9.7;59;GL;BERÇO AL 04;CARGO;N/A;4465
S014;1645;229.0;32.31;7.2;56;GSA - E;BERÇO TIPLAM 2;CARGO;N/A;2860
S014;1646;261.09;32.0;9.7;32;CGC;BERÇO TECON 1.2;CARGO;N/A;645
S014;1647;333.57;43.0;10.8;9;CGC;BERÇO BTP 3;CARGO;N/A;1555
S014;1648;179.95;32.0;10.65;43;GSM - I;BERÇO TERMAG;CARGO;N/A;5075
S014;1649;336.0;51.0;13.9;32;CGC;BERÇO TECON 2;CARGO;N/A;1575
S014;1650;249.97;38.0;11.6;51;CGC;BERÇO DPW 1;CARGO;N/A;1310
S014;1651;156.53;25.0;8.9;30;CGNC;BERÇO AL 04;CARGO;N/A;1910
S014;1652;183.06;32.0;7.5;47;GL;BERÇO AL 01;CARGO;N/A;2010
S014;1653;335.93;51.0;10.5;32;CGC;BERÇO TECON 3;CARGO;N/A;2625
S014;1654;186.07;32.0;9.5;2;GL;BERÇO IB SP;CARGO;N/A;1530
S014;1655;227.97;37.0;10.7;9;CGC;BERÇO BTP 1;CARGO;N/A;620
S014;1656;330.0;48.0;14.1;9;CGC;BERÇO BTP 2;CARGO;N/A;1790
S014;1657;227.97;37.0;10.69;51;CGC;BERÇO DPW 2;CARGO;N/A;1615
S014;1658;210.0;36.0;10.6;21;CGNC;BERÇO VAL;CARGO;N/A;290
S014;1659;272.08;40.0;10.4;51;CGC;BERÇO DPW 2;CARGO;N/A;1940
S014;1660;88.9;19.0;5.6;53;CGNC;BERÇO SAIPEM 1;CARGO;N/A;1825
S014;1661;228.99;32.0;6.6;50;GSA - E;BERÇO CUTRALE;CARGO;N/A;4515
S014;1662;270.4;40.0;12.4;9;CGC;BERÇO BTP 2;CARGO;N/A;570
S014;1663;323.0;44.0;8.42;11;PASSAGEIROS;BERÇO OUT 1;PASSENGER;N/A;735
S014;1664;229.01;32.0;7.2;39;GSA - E;BERÇO ARM 39;CARGO;N/A;2875
S014;1665;259.8;32.0;10.4;51;CGC;BERÇO DPW 2;CARGO;N/A;1205
S014;1666;229.0;32.31;7.6;56;GSA - E;BERÇO TIPLAM 3;CARGO;N/A;5705
S014;1667;333.2;48.0;11.3;9;CGC;BERÇO BTP 1;CARGO;N/A;1450
S014;1668;263.23;32.0;11.6;51;CGC;BERÇO DPW 2;CARGO;N/A;695
S014;1669;180.0;32.0;8.4;45;RORO;BERÇO TEV;CARGO;RO-RO;1000
S014;1670;229.0;32.0;7.5;46;GSA - E;BERÇO OUT 2;CARGO;N/A;3925
S014;1671;169.37;27.0;9.83;28;CGNC;BERÇO CS 02;CARGO;N/A;12570
S014;1672;346.98;42.0;11.0;9;CGC;BERÇO BTP 3;CARGO;N/A;1145
S014;1673;199.94;32.0;7.3;45;RORO;BERÇO TEV;CARGO;RO-RO;2835
S014;1674;179.8;32.0;11.7;30;CGNC;BERÇO AL 03;CARGO;N/A;5290
S014;1675;229.0;33.0;7.76;27;CGNC;BERÇO ARM 13/14;CARGO;N/A;6595
S014;1676;210.96;32.0;8.5;9;CGC;BERÇO BTP 3;CARGO;N/A;1500
S014;1677;278.94;40.0;12.7;32;CGC;BERÇO TECON 1.2;CARGO;N/A;2090
S014;1678;262.08;32.0;10.03;32;CGC;BERÇO TECON 2;CARGO;N/A;2100
S014;1679;228.19;32.0;8.0;59;GL;BERÇO AL 02;CARGO;N/A;3350
S014;1680;156.53;25.0;8.45;2;GL;BERÇO IB BC;CARGO;N/A;5815
S014;1681;199.99;32.0;8.18;45;RORO;BERÇO TEV;CARGO;RO-RO;495
S014;1682;305.0;50.0;8.6;11;PASSAGEIROS;BERÇO ARM 31/32;PASSENGER;N/A;720
S014;1683;180.0;30.0;7.38;8;CGNC;BERÇO ARM 35P2;CARGO;N/A;5125
S014;1684;185.97;35.0;8.0;32;CGC;BERÇO TECON 1.1;CARGO;N/A;1020
S014;1685;225.0;32.0;7.3;25;CGNC;BERÇO ARM 35P1;CARGO;N/A;9070
S014;1686;229.0;32.0;7.15;27;CGNC;BERÇO ARM 12A;CARGO;N/A;4655
S014;1687;333.2;48.0;11.7;9;CGC;BERÇO BTP 1;CARGO;N/A;1555
S014;1688;214.0;32.0;8.6;9;CGC;BERÇO BTP 3;CARGO;N/A;2505
S014;1689;299.9;45.0;14.4;51;CGC;BERÇO DPW 1;CARGO;N/A;2045
S014;1690;183.0;27.0;7.5;47;GL;BERÇO AL 01;CARGO;N/A;1120
S014;1691;201.8;33.0;7.8;4;CGNC;BERÇO ARM 32;CARGO;N/A;3315
S014;1692;201.8;33.0;8.5;7;CGNC;BERÇO CS 04;CARGO;N/A;4340
S014;1693;165.17;27.0;8.3;54;GL;BERÇO DOW;CARGO;N/A;1730
S014;1694;330.03;48.0;13.25;9;CGC;BERÇO BTP 2;CARGO;N/A;1550
S014;1695;181.0;30.04;6.3;46;GSA - E;BERÇO ARM 19;CARGO;N/A;3865
S014;1696;189.99;32.31;6.9;46;GSA - E;BERÇO ARM 16/17;CARGO;N/A;1985
S014;1697;224.0;35.0;8.7;32;CGC;BERÇO TECON 1.2;CARGO;N/A;740
S014;1698;201.8;33.0;7.7;29;CGNC;BERÇO ARM 34;CARGO;N/A;2955
S014;1699;236.32;36.0;8.4;7;CGNC;BERÇO VAL;CARGO;N/A;1480
S014;1700;185.97;35.0;9.4;51;CGC;BERÇO DPW 2;CARGO;N/A;1240
S014;1701;180.4;30.04;9.85;57;GSM - I;BERÇO TIPLAM 4;CARGO;N/A;2850
S014;1702;166.43;27.77;8.3;7;CGNC;BERÇO CORTE;CARGO;N/A;7070
S014;1703;172.0;28.0;8.0;9;CGC;BERÇO BTP 1;CARGO;N/A;885
S014;1704;259.8;32.0;10.1;32;CGC;BERÇO TECON 1.1;CARGO;N/A;550
S014;1705;212.54;31.0;11.3;32;CGC;BERÇO TECON 1.2;CARGO;N/A;450
S014;1706;229.0;32.0;6.6;40;GSA - E;BERÇO TGG;CARGO;N/A;1940
S014;1707;255.36;37.0;8.95;9;CGC;BERÇO BTP 3;CARGO;N/A;2060
S014;1708;179.44;28.0;7.3;25;CGNC;BERÇO ARM 29;CARGO;N/A;8380
S014;1709;323.0;44.0;8.35;11;PASSAGEIROS;BERÇO ARM 31/32;PASSENGER;N/A;650
S014;1710;199.92;32.31;10.3;57;GSM - I;BERÇO TIPLAM 1;CARGO;N/A;12600
S014;1711;299.97;49.0;11.0;51;CGC;BERÇO DPW 2;CARGO;N/A;2425
S014;1712;179.87;28.0;9.65;47;GL;BERÇO AL 01;CARGO;N/A;4635
S014;1713;204.85;32.0;7.6;49;GL;BERÇO CUTRALE;CARGO;N/A;4150
S014;1714;228.0;37.0;9.9;32;CGC;BERÇO TECON 1.1;CARGO;N/A;1110
S014;1715;228.19;32.0;12.7;30;CGNC;BERÇO AL 03;CARGO;N/A;9960
S014;1716;299.93;49.0;10.9;9;CGC;BERÇO BTP 1;CARGO;N/A;7750
S014;1717;228.9;32.28;7.45;56;GSA - E;BERÇO TIPLAM 2;CARGO;N/A;4420
S014;1718;229.0;32.0;7.7;40;GSA - E;BERÇO TGG;CARGO;N/A;2155
S014;1719;199.2;31.0;7.3;29;CGNC;BERÇO ARM 34;CARGO;N/A;2315
S014;1720;272.05;40.0;10.0;51;CGC;BERÇO DPW 1;CARGO;N/A;2065
S014;1721;243.35;32.0;8.6;32;CGC;BERÇO TECON 2;CARGO;N/A;705
S014;1722;229.0;32.0;8.4;5;CGNC;BERÇO ARM 20/21;CARGO;N/A;2945
S014;1723;299.98;48.0;10.1;32;CGC;BERÇO TECON 3;CARGO;N/A;1250
S014;1724;228.28;32.0;8.32;42;GSA - E;BERÇO TEG;CARGO;N/A;3130
S014;1725;224.9;32.0;7.2;37;GSA - E;BERÇO TEAG;CARGO;N/A;5190
S014;1726;210.54;30.0;9.7;32;CGC;BERÇO TECON 1.1;CARGO;N/A;1045
S014;1727;225.0;32.0;13.34;46;GSA - E;BERÇO OUT 2;CARGO;N/A;540
S014;1728;229.0;32.0;7.27;6;CGNC;BERÇO ARM 37;CARGO;N/A;5190
S014;1729;229.0;33.0;7.05;5;CGNC;BERÇO ARM 20/21;CARGO;N/A;5945
S014;1730;236.32;36.0;8.3;45;RORO;BERÇO TEV;CARGO;RO-RO;640
S014;1731;179.87;28.43;9.25;55;GL;BERÇO TIPLAM 1;CARGO;N/A;1425
S014;1732;293.2;40.0;10.6;32;CGC;BERÇO TECON 1.2;CARGO;N/A;1055
S014;1733;300.0;48.0;12.2;9;CGC;BERÇO BTP 2;CARGO;N/A;1410
S014;1734;229.0;32.0;8.9;46;GSA - E;BERÇO ARM 19;CARGO;N/A;2995
S014;1735;334.8;46.0;10.4;32;CGC;BERÇO TECON 2;CARGO;N/A;2175
S014;1736;229.0;32.0;7.4;46;GSA - E;BERÇO OUT 2;CARGO;N/A;5230
S014;1737;116.82;18.0;5.1;2;GL;BERÇO Ageo I;CARGO;N/A;1560
S014;1738;229.07;32.0;7.7;6;CGNC;BERÇO ARM 37;CARGO;N/A;3000
S014;1739;270.9;43.0;11.2;51;CGC;BERÇO DPW 1;CARGO;N/A;2075
S014;1740;201.8;33.0;10.0;52;CGNC;BERÇO DPW 3;CARGO;N/A;4450
S014;1741;193.07;32.0;8.1;56;GSA - E;BERÇO TIPLAM 3;CARGO;N/A;2800
S014;1742;249.97;38.0;11.55;9;CGC;BERÇO BTP 3;CARGO;N/A;905
S014;1743;193.07;32.0;6.47;46;GSA - E;BERÇO ARM 19;CARGO;N/A;1035
S014;1744;85.34;18.0;4.8;53;CGNC;BERÇO SAIPEM 1;CARGO;N/A;2350
S014;1745;197.0;32.0;6.3;46;GSA - E;BERÇO OUT 2;CARGO;N/A;1390
S014;1746;182.47;25.0;9.2;32;CGC;BERÇO TECON 1.1;CARGO;N/A;1500
S014;1747;305.0;50.0;8.5;11;PASSAGEIROS;BERÇO ARM 31/32;PASSENGER;N/A;940
S014;1748;134.75;21.0;6.8;2;GL;BERÇO IB SP;CARGO;N/A;2230
S014;1749;210.0;36.0;9.8;28;CGNC;BERÇO CS 01;CARGO;N/A;6220
S014;1750;119.9;22.0;7.3;2;GL;BERÇO IB OE;CARGO;N/A;2705
S014;1751;156.53;25.0;6.45;30;CGNC;BERÇO AL 04;CARGO;N/A;1625
S014;1752;328.46;48.0;12.5;9;CGC;BERÇO BTP 2;CARGO;N/A;1555
S014;1753;145.0;24.0;6.1;30;CGNC;BERÇO AL 04;CARGO;N/A;2915
S014;1754;199.9;32.0;7.3;42;GSA - E;BERÇO TEG;CARGO;N/A;3330
S014;1755;270.9;43.0;11.2;32;CGC;BERÇO TECON 1.2;CARGO;N/A;1040
S014;1756;146.19;24.23;9.4;1;GL;BERÇO IB BC;CARGO;N/A;4820
S014;1757;201.8;33.0;8.3;52;CGNC;BERÇO DPW 3;CARGO;N/A;5780
S014;1758;229.07;32.31;7.77;39;GSA - E;BERÇO ARM 39;CARGO;N/A;2185
S014;1759;199.95;32.0;9.1;45;RORO;BERÇO TEV;CARGO;RO-RO;1485
S014;1760;334.98;45.83;13.4;32;CGC;BERÇO TECON 3;CARGO;N/A;1460
S014;1761;323.0;44.0;8.5;11;PASSAGEIROS;BERÇO OUT 1;PASSENGER;N/A;710
S014;1762;299.95;44.0;11.5;9;CGC;BERÇO BTP 3;CARGO;N/A;1345
S014;1763;303.83;40.0;13.3;51;CGC;BERÇO DPW 1;CARGO;N/A;1870
S014;1764;199.98;32.0;8.8;45;RORO;BERÇO TEV;CARGO;RO-RO;280
S014;1765;170.08;27.0;7.4;32;CGC;BERÇO TECON 1.1;CARGO;N/A;410
S014;1766;228.0;40.0;8.0;47;GL;BERÇO AL 01;CARGO;N/A;2150
S014;1767;225.0;32.0;7.7;25;CGNC;BERÇO ARM 35P1;CARGO;N/A;8060
S014;1768;213.88;32.0;8.6;9;CGC;BERÇO BTP 3;CARGO;N/A;690
S014;1769;227.95;38.0;11.7;51;CGC;BERÇO DPW 2;CARGO;N/A;1805
S014;1770;170.0;26.0;7.24;49;GL;BERÇO CUTRALE;CARGO;N/A;3035
S014;1771;229.0;37.0;7.7;46;GSA - E;BERÇO OUT 2;CARGO;N/A;4495
S014;1772;199.98;32.0;7.01;46;GSA - E;BERÇO OUT 2;CARGO;N/A;5365
S014;1773;179.96;30.0;7.62;25;CGNC;BERÇO ARM 31;CARGO;N/A;3865
S014;1774;173.0;29.0;6.5;52;CGNC;BERÇO DPW 4;CARGO;N/A;2040
S014;1775;183.06;32.0;8.5;47;GL;BERÇO AL 02;CARGO;N/A;3220
S014;1776;299.9;45.0;10.0;32;CGC;BERÇO TECON 1.2;CARGO;N/A;1355
S014;1777;229.0;32.0;7.5;39;GSA - E;BERÇO ARM 39;CARGO;N/A;1800
S014;1778;228.99;32.31;7.1;23;CGNC;BERÇO ARM 38;CARGO;N/A;2560
S014;1779;229.0;32.0;7.2;39;GSA - E;BERÇO ARM 39;CARGO;N/A;5310
S014;1780;336.0;51.0;10.7;32;CGC;BERÇO TECON 2;CARGO;N/A;2225
S014;1781;228.99;32.0;6.3;40;GSA - E;BERÇO TGG;CARGO;N/A;3845
S014;1782;228.99;32.0;7.32;37;GSA - E;BERÇO TEAG;CARGO;N/A;7735
S014;1783;333.18;48.0;11.15;9;CGC;BERÇO BTP 3;CARGO;N/A;1590
S014;1784;304.16;40.0;11.4;32;CGC;BERÇO TECON 1.2;CARGO;N/A;940
S014;1785;183.05;32.23;11.4;2;GL;BERÇO Ageo I;CARGO;N/A;5570
S014;1786;177.9;33.0;8.3;53;CGNC;BERÇO SAIPEM 1;CARGO;N/A;7300
S014;1787;224.89;33.0;7.88;46;GSA - E;BERÇO OUT 3;CARGO;N/A;4035
S014;1788;299.9;48.0;10.1;9;CGC;BERÇO BTP 1;CARGO;N/A;1170
S014;1789;328.46;48.0;11.4;9;CGC;BERÇO BTP 3;CARGO;N/A;2810
S014;1790;228.98;32.31;7.65;40;GSA - E;BERÇO TGG;CARGO;N/A;1930
S014;1791;272.08;40.0;11.1;9;CGC;BERÇO BTP 2;CARGO;N/A;1855
S014;1792;183.1;32.0;9.75;54;GL;BERÇO DOW;CARGO;N/A;1270
S014;1793;183.09;32.0;7.0;47;GL;BERÇO AL 01;CARGO;N/A;2740
S014;1794;210.96;32.0;8.6;9;CGC;BERÇO BTP 1;CARGO;N/A;1170
S014;1795;304.14;40.0;11.6;51;CGC;BERÇO DPW 2;CARGO;N/A;590
S014;1796;305.0;50.0;8.6;11;PASSAGEIROS;BERÇO OUT 1;PASSENGER;N/A;730
S014;1797;299.97;40.0;13.4;32;CGC;BERÇO TECON 3;CARGO;N/A;1570
S014;1798;229.0;32.0;7.2;46;GSA - E;BERÇO ARM 16/17;CARGO;N/A;3740
S014;1799;320.58;42.0;11.6;51;CGC;BERÇO DPW 1;CARGO;N/A;1800
S014;1800;228.19;32.0;10.0;59;GL;BERÇO AL 02;CARGO;N/A;7670
S014;1801;185.96;35.0;8.1;32;CGC;BERÇO TECON 1.1;CARGO;N/A;1595
S014;1802;134.75;21.0;5.5;30;CGNC;BERÇO AL 03;CARGO;N/A;2985
S014;1803;333.2;48.0;14.4;51;CGC;BERÇO DPW 2;CARGO;N/A;1915
S014;1804;179.97;30.0;10.57;28;CGNC;BERÇO CS 03;CARGO;N/A;7045
S014;1805;294.0;32.0;11.0;51;CGC;BERÇO DPW 1;CARGO;N/A;885
S014;1806;170.0;26.0;9.7;2;GL;BERÇO IB SP;CARGO;N/A;2890
S014;1807;200.0;36.0;9.8;32;CGC;BERÇO TECON 2;CARGO;N/A;1600
S014;1808;229.0;32.0;7.64;46;GSA - E;BERÇO OUT 3;CARGO;N/A;4495
S014;1809;199.94;32.0;7.04;23;CGNC;BERÇO ARM 38;CARGO;N/A;10755
S014;1810;204.36;32.0;11.3;52;CGNC;BERÇO DPW 4;CARGO;N/A;1730
S014;1811;229.0;32.0;7.3;40;GSA - E;BERÇO TGG;CARGO;N/A;3755
S014;1812;223.91;34.0;9.0;32;CGC;BERÇO TECON 3;CARGO;N/A;590
S014;1813;183.1;32.0;9.7;30;CGNC;BERÇO AL 04;CARGO;N/A;5525
S014;1814;225.0;32.0;9.4;25;CGNC;BERÇO ARM 35P1;CARGO;N/A;1565
S014;1815;229.07;32.0;7.45;46;GSA - E;BERÇO ARM 19;CARGO;N/A;2905
S014;1816;335.0;51.0;12.0;32;CGC;BERÇO TECON 3;CARGO;N/A;1680
S014;1817;88.9;19.0;5.6;53;CGNC;BERÇO SAIPEM 2;CARGO;N/A;3635
S014;1818;170.0;26.6;9.1;59;GL;BERÇO AL 04;CARGO;N/A;2485
S014;1819;164.34;23.0;6.5;54;GL;BERÇO DOW;CARGO;N/A;1125
S014;1820;228.41;35.0;8.7;5;CGNC;BERÇO ARM 20/21;CARGO;N/A;1645
S014;1821;333.2;48.0;9.9;51;CGC;BERÇO DPW 1;CARGO;N/A;2080
S014;1822;199.2;31.0;11.2;52;CGNC;BERÇO DPW 4;CARGO;N/A;525
S014;1823;304.16;40.0;12.6;9;CGC;BERÇO BTP 1;CARGO;N/A;1265
S014;1824;183.98;27.4;7.4;47;GL;BERÇO AL 01;CARGO;N/A;1845
S014;1825;183.0;32.0;9.5;54;GL;BERÇO DOW;CARGO;N/A;1730
S014;1826;303.83;40.0;11.7;51;CGC;BERÇO DPW 2;CARGO;N/A;1010
S014;1827;336.0;51.0;13.2;32;CGC;BERÇO TECON 2;CARGO;N/A;1565
S014;1828;260.05;32.0;11.44;32;CGC;BERÇO TECON 2;CARGO;N/A;565
S014;1829;224.95;32.0;7.43;46;GSA - E;BERÇO OUT 3;CARGO;N/A;2910
S014;1830;218.45;30.0;9.5;32;CGC;BERÇO TECON 1.2;CARGO;N/A;955
S014;1831;208.85;30.0;11.6;32;CGC;BERÇO TECON 1.1;CARGO;N/A;540
S014;1832;229.0;32.0;7.78;27;CGNC;BERÇO ARM 13/14;CARGO;N/A;6810
S014;1833;145.26;24.23;6.2;1;GL;BERÇO IB BC;CARGO;N/A;5025
S014;1834;225.0;32.0;7.5;56;GSA - E;BERÇO TIPLAM 2;CARGO;N/A;3850
S014;1835;201.8;33.0;12.8;25;CGNC;BERÇO ARM 35P2;CARGO;N/A;1550
S014;1836;300.07;42.0;11.8;9;CGC;BERÇO BTP 2;CARGO;N/A;1830
S014;1837;182.88;32.0;7.0;47;GL;BERÇO AL 01;CARGO;N/A;2965
S014;1838;299.89;48.0;13.7;9;CGC;BERÇO BTP 2;CARGO;N/A;1075
S014;1839;199.97;32.3;7.45;37;GSA - E;BERÇO TEAG;CARGO;N/A;5015
S014;1840;145.0;24.0;7.5;26;CGNC;BERÇO ARM 25;CARGO;N/A;3680
S014;1841;170.0;26.0;9.3;30;CGNC;BERÇO AL 02;CARGO;N/A;2775
S014;1842;172.04;28.0;7.7;9;CGC;BERÇO BTP 2;CARGO;N/A;1090
S014;1843;272.05;40.0;10.0;51;CGC;BERÇO DPW 2;CARGO;N/A;1155
S014;1844;299.18;48.0;10.7;32;CGC;BERÇO TECON 1.2;CARGO;N/A;675
S014;1845;229.0;32.3;6.96;39;GSA - E;BERÇO ARM 39;CARGO;N/A;2610
S014;1846;229.0;32.31;7.32;46;GSA - E;BERÇO ARM 16/17;CARGO;N/A;5035
S014;1847;270.9;43.0;11.5;32;CGC;BERÇO TECON 3;CARGO;N/A;1950
S014;1848;179.9;28.0;10.4;8;CGNC;BERÇO ARM 35P2;CARGO;N/A;9345
S014;1849;194.87;32.0;9.5;32;CGC;BERÇO TECON 1.1;CARGO;N/A;1110
S014;1850;225.0;32.0;9.3;52;CGNC;BERÇO DPW 3;CARGO;N/A;2940
S014;1851;179.9;32.0;7.3;47;GL;BERÇO AL 01;CARGO;N/A;1365
S014;1852;299.98;48.0;11.7;9;CGC;BERÇO BTP 2;CARGO;N/A;1040
S014;1853;179.02;28.0;6.3;25;CGNC;BERÇO ARM 33;CARGO;N/A;4960
S014;1854;201.8;32.0;9.58;29;CGNC;BERÇO ARM 34;CARGO;N/A;3670
S014;1855;189.98;24.0;10.45;28;CGNC;BERÇO CS 01;CARGO;N/A;9000
S014;1856;175.1;28.0;8.5;9;CGC;BERÇO BTP 1;CARGO;N/A;1025
S014;1857;158.83;26.0;7.1;2;GL;BERÇO Ageo I;CARGO;N/A;4620
S014;1858;179.9;30.08;10.02;8;CGNC;BERÇO ARM 35P1;CARGO;N/A;16905
S014;1859;179.93;30.0;9.5;28;CGNC;BERÇO CS 02;CARGO;N/A;3705
S014;1860;189.99;32.0;8.71;58;GSM - E;BERÇO USIMINAS 3;CARGO;N/A;8240
S014;1861;229.0;32.0;7.3;56;GSA - E;BERÇO TIPLAM 2;CARGO;N/A;2780
S014;1862;255.4;38.0;13.18;51;CGC;BERÇO DPW 2;CARGO;N/A;1740
S014;1863;183.2;32.0;11.4;30;CGNC;BERÇO AL 04;CARGO;N/A;7125
S014;1864;229.0;33.0;8.7;50;GSA - E;BERÇO CUTRALE;CARGO;N/A;5070
S014;1865;199.9;32.0;10.77;52;CGNC;BERÇO DPW 4;CARGO;N/A;5150
S014;1866;255.0;37.0;9.7;51;CGC;BERÇO DPW 2;CARGO;N/A;565
S014;1867;189.94;32.0;8.11;57;GSM - I;BERÇO TIPLAM 4;CARGO;N/A;8050
S014;1868;182.47;25.0;8.8;32;CGC;BERÇO TECON 1.1;CARGO;N/A;1735
S014;1869;210.0;37.0;7.73;6;CGNC;BERÇO ARM 37;CARGO;N/A;2795
S014;1870;180.0;32.0;7.9;45;RORO;BERÇO TEV;CARGO;RO-RO;2030
S014;1871;189.94;33.0;8.95;8;CGNC;BERÇO ARM 35P2;CARGO;N/A;7530
S014;1872;85.34;18.0;4.6;53;CGNC;BERÇO SAIPEM 3;CARGO;N/A;2435
S014;1873;174.38;27.7;8.1;30;CGNC;BERÇO AL 02;CARGO;N/A;1635
S014;1874;236.3;36.0;8.3;7;CGNC;BERÇO VAL;CARGO;N/A;2380
S014;1875;299.9;45.0;10.95;9;CGC;BERÇO BTP 3;CARGO;N/A;1310
S014;1876;222.14;30.0;9.2;32;CGC;BERÇO TECON 1.2;CARGO;N/A;930
S014;1877;228.97;32.0;7.2;56;GSA - E;BERÇO TIPLAM 3;CARGO;N/A;5275
S014;1878;116.82;18.0;5.2;2;GL;BERÇO Ageo I;CARGO;N/A;1350
S014;1879;229.0;32.3;7.49;56;GSA - E;BERÇO TIPLAM 2;CARGO;N/A;3645
S014;1880;199.99;32.0;8.33;45;RORO;BERÇO TEV;CARGO;RO-RO;2525
S014;1881;228.99;32.0;7.3;5;CGNC;BERÇO ARM 20/21;CARGO;N/A;3465
S014;1882;229.0;32.0;7.0;39;GSA - E;BERÇO ARM 39;CARGO;N/A;5510
S014;1883;183.06;32.0;7.15;1;GL;BERÇO IB SP;CARGO;N/A;1780
S014;1884;299.9;48.0;13.15;32;CGC;BERÇO TECON 3;CARGO;N/A;1065
S014;1885;201.8;33.0;11.1;25;CGNC;BERÇO ARM 35P2;CARGO;N/A;2095
S014;1886;199.0;32.0;8.8;45;RORO;BERÇO TEV;CARGO;RO-RO;1095
S014;1887;182.9;40.0;7.5;47;GL;BERÇO AL 01;CARGO;N/A;3490
S014;1888;183.0;32.0;12.2;2;GL;BERÇO IB OE;CARGO;N/A;3585
S014;1889;228.99;32.31;7.37;40;GSA - E;BERÇO TGG;CARGO;N/A;2020
S014;1890;132.2;15.87;4.2;7;CGNC;BERÇO CORTE;CARGO;N/A;335
S014;1891;229.2;38.0;8.0;46;GSA - E;BERÇO ARM 16/17;CARGO;N/A;3090
S014;1892;145.0;24.0;8.8;1;GL;BERÇO IB SP;CARGO;N/A;1400
S014;1893;228.0;37.0;10.4;51;CGC;BERÇO DPW 1;CARGO;N/A;1435
S014;1894;201.8;32.0;7.5;25;CGNC;BERÇO ARM 35P2;CARGO;N/A;7210
S014;1895;228.99;32.0;10.18;57;GSM - I;BERÇO TIPLAM 1;CARGO;N/A;4970
S014;1896;228.99;32.0;7.5;26;CGNC;BERÇO ARM 23;CARGO;N/A;3100
S014;1897;139.95;21.0;7.8;2;GL;BERÇO Ageo I;CARGO;N/A;2920
S014;1898;228.99;32.0;9.55;39;GSA - E;BERÇO ARM 39;CARGO;N/A;1060
S014;1899;263.23;32.0;11.0;51;CGC;BERÇO DPW 2;CARGO;N/A;600
S014;1900;183.1;32.0;9.7;2;GL;BERÇO IB BC;CARGO;N/A;2475
S014;1901;228.0;37.0;10.0;9;CGC;BERÇO BTP 1;CARGO;N/A;925
S014;1902;330.0;48.0;14.3;32;CGC;BERÇO TECON 2;CARGO;N/A;805
S014;1903;299.9;48.0;13.4;24;CGNC;BERÇO TECON 1.2;CARGO;N/A;1445
S014;1904;333.2;48.0;12.6;9;CGC;BERÇO BTP 3;CARGO;N/A;1330
S014;1905;199.97;32.0;8.5;45;RORO;BERÇO TEV;CARGO;RO-RO;1165
S014;1906;179.97;30.0;9.1;25;CGNC;BERÇO ARM 31;CARGO;N/A;9015
S014;1907;199.95;32.31;7.0;6;CGNC;BERÇO ARM 37;CARGO;N/A;3495
S014;1908;299.9;45.0;11.6;9;CGC;BERÇO BTP 2;CARGO;N/A;1590
S014;1909;272.05;40.0;12.0;9;CGC;BERÇO BTP 1;CARGO;N/A;885
S014;1910;294.03;32.0;10.1;32;CGC;BERÇO TECON 2;CARGO;N/A;1635
S014;1911;199.98;32.0;6.05;46;GSA - E;BERÇO ARM 16/17;CARGO;N/A;1305
S014;1912;199.98;32.0;9.4;56;GSA - E;BERÇO TIPLAM 2;CARGO;N/A;1685
S014;1913;322.97;42.0;12.6;9;CGC;BERÇO BTP 3;CARGO;N/A;1205
S014;1914;183.06;32.0;7.3;47;GL;BERÇO AL 01;CARGO;N/A;1215
S014;1915;333.95;48.43;14.3;51;CGC;BERÇO DPW 1;CARGO;N/A;1385
S014;1916;189.97;32.0;6.33;5;CGNC;BERÇO ARM 20/21;CARGO;N/A;3085
S014;1917;183.0;32.0;8.5;30;CGNC;BERÇO AL 04;CARGO;N/A;2095
S014;1918;223.98;35.0;8.8;32;CGC;BERÇO TECON 3;CARGO;N/A;900
S014;1919;209.99;36.0;8.2;4;CGNC;BERÇO ARM 32;CARGO;N/A;1685
S014;1920;229.0;32.0;7.37;56;GSA - E;BERÇO TIPLAM 3;CARGO;N/A;1405
S014;1921;228.0;37.0;10.1;32;CGC;BERÇO TECON 1.2;CARGO;N/A;1680
S014;1922;305.6;40.0;11.4;51;CGC;BERÇO DPW 2;CARGO;N/A;1065
S014;1923;330.0;48.0;12.6;9;CGC;BERÇO BTP 2;CARGO;N/A;2205
S014;1924;199.91;35.0;9.1;32;CGC;BERÇO TECON 1.1;CARGO;N/A;790
S014;1925;228.99;32.0;7.3;50;GSA - E;BERÇO CUTRALE;CARGO;N/A;4560
S014;1926;199.9;32.31;7.73;56;GSA - E;BERÇO TIPLAM 3;CARGO;N/A;4695
S014;1927;170.0;26.0;7.6;2;GL;BERÇO IB SP;CARGO;N/A;2945
S014;1928;198.0;32.0;7.5;26;CGNC;BERÇO ARM 23;CARGO;N/A;2940
S014;1929;324.85;43.0;10.9;9;CGC;BERÇO BTP 1;CARGO;N/A;1325
S014;1930;183.0;32.0;10.4;2;GL;BERÇO Ageo I;CARGO;N/A;2080
S014;1931;210.54;9.0;8.1;32;CGC;BERÇO TECON 2;CARGO;N/A;735
S014;1932;156.53;25.0;10.0;1;GL;BERÇO IB OE;CARGO;N/A;4780
S014;1933;236.3;36.0;8.3;45;RORO;BERÇO TEV;CARGO;RO-RO;580
S014;1934;299.98;48.0;10.9;9;CGC;BERÇO BTP 1;CARGO;N/A;1340
S014;1935;255.17;38.0;10.2;9;CGC;BERÇO BTP 3;CARGO;N/A;1185
S014;1936;254.95;43.0;8.8;23;CGNC;BERÇO ARM 38;CARGO;N/A;6255
S014;1937;229.0;32.0;7.56;40;GSA - E;BERÇO TGG;CARGO;N/A;2200
S014;1938;209.99;36.0;10.0;52;CGNC;BERÇO DPW 3;CARGO;N/A;6180
S014;1939;208.78;32.25;8.25;52;CGNC;BERÇO DPW 4;CARGO;N/A;2405
S014;1940;330.0;48.0;14.4;9;CGC;BERÇO BTP 2;CARGO;N/A;1230
S014;1941;199.86;32.0;7.2;42;GSA - E;BERÇO TEG;CARGO;N/A;3600
S014;1942;261.09;32.0;9.5;32;CGC;BERÇO TECON 1.1;CARGO;N/A;650
S014;1943;183.05;32.23;8.0;2;GL;BERÇO IB BC;CARGO;N/A;2780
S014;1944;179.97;30.0;9.7;58;GSM - E;BERÇO USIMINAS 3;CARGO;N/A;6420
S014;1945;229.0;32.0;9.1;46;GSA - E;BERÇO ARM 19;CARGO;N/A;3900
S014;1946;172.0;28.0;8.0;9;CGC;BERÇO BTP 3;CARGO;N/A;655
S014;1947;299.9;45.0;12.7;51;CGC;BERÇO DPW 1;CARGO;N/A;2045
S014;1948;172.07;27.0;7.8;21;CGNC;BERÇO CS 04;CARGO;N/A;1145
S014;1949;179.9;30.0;9.85;57;GSM - I;BERÇO TIPLAM 4;CARGO;N/A;7350
S014;1950;199.97;32.0;8.3;45;RORO;BERÇO TEV;CARGO;RO-RO;1975
S014;1951;335.9;51.0;13.3;32;CGC;BERÇO TECON 3;CARGO;N/A;1020
S014;1952;145.26;24.23;8.2;33;GL;BERÇO AL 03;CARGO;N/A;2695
S014;1953;228.99;32.0;7.1;39;GSA - E;BERÇO ARM 39;CARGO;N/A;2080
S014;1954;199.98;32.0;8.0;45;RORO;BERÇO TEV;CARGO;RO-RO;460
S014;1955;199.9;32.0;7.0;56;GSA - E;BERÇO TIPLAM 3;CARGO;N/A;900
S014;1956;229.0;32.0;6.95;6;CGNC;BERÇO ARM 37;CARGO;N/A;3270
S014;1957;144.09;24.0;7.55;2;GL;BERÇO IB SP;CARGO;N/A;2485
S014;1958;189.9;32.37;7.17;42;GSA - E;BERÇO TEG;CARGO;N/A;2495
S014;1959;212.54;31.0;10.7;32;CGC;BERÇO TECON 1.1;CARGO;N/A;1440
S014;1960;181.72;28.0;7.7;32;CGC;BERÇO TECON 2;CARGO;N/A;815
S014;1961;181.54;32.0;7.5;47;GL;BERÇO AL 02;CARGO;N/A;1745
S014;1962;183.0;27.0;7.5;47;GL;BERÇO AL 02;CARGO;N/A;1760
S014;1963;225.0;32.0;7.0;46;GSA - E;BERÇO ARM 16/17;CARGO;N/A;5750
S014;1964;256.07;37.0;11.2;51;CGC;BERÇO DPW 2;CARGO;N/A;1875
S014;1965;179.98;32.06;10.2;28;CGNC;BERÇO CS 01;CARGO;N/A;3640
S014;1966;189.94;32.0;6.54;23;CGNC;BERÇO ARM 38;CARGO;N/A;3200
S014;1967;299.96;48.0;10.1;32;CGC;BERÇO TECON 2;CARGO;N/A;500
S014;1968;180.0;30.0;5.94;5;CGNC;BERÇO ARM 20/21;CARGO;N/A;3465
S014;1969;201.8;32.0;9.25;25;CGNC;BERÇO ARM 35P1;CARGO;N/A;2290
S014;1970;182.68;32.0;11.6;2;GL;BERÇO IB OE;CARGO;N/A;5465
S014;1971;189.99;32.0;6.44;46;GSA - E;BERÇO ARM 19;CARGO;N/A;1930
S014;1972;199.94;32.0;8.1;45;RORO;BERÇO TEV;CARGO;RO-RO;1165
S014;1973;213.88;32.0;8.4;9;CGC;BERÇO BTP 1;CARGO;N/A;2230
S014;1974;299.9;43.0;9.8;9;CGC;BERÇO BTP 1;CARGO;N/A;1210
S014;1975;179.9;30.04;9.9;57;GSM - I;BERÇO TIPLAM 2;CARGO;N/A;6310
S014;1976;119.8;20.0;5.7;7;CGNC;BERÇO CORTE;CARGO;N/A;390
S014;1977;225.0;32.31;7.2;40;GSA - E;BERÇO TGG;CARGO;N/A;1955
S014;1978;199.92;32.0;8.45;57;GSM - I;BERÇO TIPLAM 1;CARGO;N/A;3185
S014;1979;228.42;35.0;9.0;56;GSA - E;BERÇO TIPLAM 3;CARGO;N/A;3650
S014;1980;199.92;32.0;7.5;26;CGNC;BERÇO ARM 23;CARGO;N/A;3665
S014;1981;229.0;32.31;7.7;56;GSA - E;BERÇO TIPLAM 2;CARGO;N/A;3410
S014;1982;178.41;29.43;9.07;57;GSM - I;BERÇO TIPLAM 4;CARGO;N/A;4865
S014;1983;189.98;24.0;7.67;26;CGNC;BERÇO ARM 25;CARGO;N/A;1275
S014;1984;254.73;37.0;9.5;51;CGC;BERÇO DPW 1;CARGO;N/A;815
S014;1985;161.12;23.0;8.3;2;GL;BERÇO IB BC;CARGO;N/A;2205
S014;1986;225.0;33.0;7.08;40;GSA - E;BERÇO TGG;CARGO;N/A;2555
S014;1987;182.47;25.0;9.1;32;CGC;BERÇO TECON 2;CARGO;N/A;735
S014;1988;299.98;48.0;11.5;9;CGC;BERÇO BTP 3;CARGO;N/A;1650
S014;1989;243.0;32.0;10.0;32;CGC;BERÇO TECON 1.1;CARGO;N/A;1820
S014;1990;228.95;35.0;7.39;46;GSA - E;BERÇO OUT 3;CARGO;N/A;3480
S014;1991;225.0;32.0;7.3;56;GSA - E;BERÇO TIPLAM 3;CARGO;N/A;3215
S014;1992;179.9;30.0;9.6;28;CGNC;BERÇO CS 01;CARGO;N/A;5650
S014;1993;179.53;27.0;7.7;30;CGNC;BERÇO AL 03;CARGO;N/A;5680
S014;1994;332.58;44.0;12.4;32;CGC;BERÇO TECON 1.2;CARGO;N/A;890
S014;1995;164.34;23.0;7.3;54;GL;BERÇO DOW;CARGO;N/A;1190
S014;1996;229.0;32.0;7.3;27;CGNC;BERÇO ARM 13/14;CARGO;N/A;4550
S014;1997;224.9;32.0;7.0;56;GSA - E;BERÇO TIPLAM 3;CARGO;N/A;3425
S014;1998;263.23;32.0;11.7;51;CGC;BERÇO DPW 2;CARGO;N/A;1320
S014;1999;201.8;32.0;10.65;25;CGNC;BERÇO ARM 35P1;CARGO;N/A;1750
S014;2000;276.2;40.0;12.3;51;CGC;BERÇO DPW 1;CARGO;N/A;1280
S014;2001;229.0;32.0;7.45;5;CGNC;BERÇO ARM 20/21;CARGO;N/A;4220
S014;2002;299.9;48.0;11.9;9;CGC;BERÇO BTP 2;CARGO;N/A;1180
S014;2003;227.92;37.0;11.1;51;CGC;BERÇO DPW 2;CARGO;N/A;2145
S014;2004;179.97;30.0;10.29;25;CGNC;BERÇO ARM 32;CARGO;N/A;16010
S014;2005;243.0;32.0;11.3;51;CGC;BERÇO DPW 1;CARGO;N/A;695
S014;2006;304.16;40.0;9.7;9;CGC;BERÇO BTP 2;CARGO;N/A;1505
S014;2007;199.08;30.0;7.5;26;CGNC;BERÇO ARM 23;CARGO;N/A;11755
S014;2008;249.12;38.0;11.4;9;CGC;BERÇO BTP 3;CARGO;N/A;1115
S014;2009;179.95;32.0;7.0;46;GSA - E;BERÇO OUT 3;CARGO;N/A;1760
S014;2010;299.9;45.0;12.6;32;CGC;BERÇO TECON 2;CARGO;N/A;895
S014;2011;294.0;32.0;9.9;51;CGC;BERÇO DPW 1;CARGO;N/A;610
S014;2012;210.96;32.0;9.6;9;CGC;BERÇO BTP 2;CARGO;N/A;1235
S014;2013;199.9;32.29;7.46;26;CGNC;BERÇO ARM 25;CARGO;N/A;955
S014;2014;199.9;32.29;6.32;57;GSM - I;BERÇO TIPLAM 1;CARGO;N/A;3215
S014;2015;299.9;46.0;13.3;9;CGC;BERÇO BTP 1;CARGO;N/A;1495
S014;2016;336.0;51.0;13.0;32;CGC;BERÇO TECON 3;CARGO;N/A;1260
S014;2017;119.9;22.0;8.6;2;GL;BERÇO IB BC;CARGO;N/A;4760
S014;2018;183.0;32.23;11.2;2;GL;BERÇO Ageo I;CARGO;N/A;6000
S014;2019;320.58;42.0;10.9;51;CGC;BERÇO DPW 1;CARGO;N/A;1365
S014;2020;272.05;40.0;9.7;9;CGC;BERÇO BTP 2;CARGO;N/A;960
S014;2021;229.07;32.0;7.28;23;CGNC;BERÇO ARM 38;CARGO;N/A;4245
S014;2022;229.0;32.0;7.2;46;GSA - E;BERÇO ARM 19;CARGO;N/A;3475
S014;2023;225.0;32.3;6.75;6;CGNC;BERÇO ARM 37;CARGO;N/A;4130
S014;2024;229.0;32.0;9.3;5;CGNC;BERÇO ARM 20/21;CARGO;N/A;1915
S014;2025;180.0;30.05;6.04;56;GSA - E;BERÇO TIPLAM 2;CARGO;N/A;5375
S014;2026;227.92;37.0;10.9;9;CGC;BERÇO BTP 3;CARGO;N/A;560
S014;2027;229.0;36.0;7.8;27;CGNC;BERÇO ARM 12A;CARGO;N/A;5000
S014;2028;299.9;48.0;12.5;32;CGC;BERÇO TECON 1.2;CARGO;N/A;680
S014;2029;336.0;51.0;11.2;32;CGC;BERÇO TECON 2;CARGO;N/A;3915
S014;2030;172.03;28.0;8.8;32;CGC;BERÇO TECON 2;CARGO;N/A;1215
S014;2031;85.34;18.0;4.4;53;CGNC;BERÇO SAIPEM 1;CARGO;N/A;2565
S014;2032;293.97;32.0;9.6;32;CGC;BERÇO TECON 3;CARGO;N/A;1440
S014;2033;199.9;32.0;6.83;52;CGNC;BERÇO DPW 3;CARGO;N/A;5105
S014;2034;195.92;25.0;6.3;45;RORO;BERÇO TEV;CARGO;RO-RO;1375
S014;2035;299.9;45.0;14.1;51;CGC;BERÇO DPW 1;CARGO;N/A;1730
S014;2036;189.9;33.0;7.0;49;GL;BERÇO CUTRALE;CARGO;N/A;4295
S014;2037;224.9;32.0;12.7;37;GSA - E;BERÇO TEAG;CARGO;N/A;950
S014;2038;299.18;48.0;10.0;9;CGC;BERÇO BTP 2;CARGO;N/A;770
S014;2039;330.0;48.0;14.2;9;CGC;BERÇO BTP 3;CARGO;N/A;1625
S014;2040;330.0;48.0;12.0;9;CGC;BERÇO BTP 1;CARGO;N/A;2100
S014;2041;272.0;43.0;12.4;9;CGC;BERÇO BTP 3;CARGO;N/A;955
S014;2042;299.95;48.0;11.3;32;CGC;BERÇO TECON 1.2;CARGO;N/A;1275
S014;2043;177.13;29.0;6.2;56;GSA - E;BERÇO TIPLAM 2;CARGO;N/A;1090
S014;2044;183.06;32.23;10.5;30;CGNC;BERÇO AL 02;CARGO;N/A;1670
S014;2045;222.14;30.0;9.5;32;CGC;BERÇO TECON 1.1;CARGO;N/A;565
S014;2046;204.85;32.0;8.0;20;GL;BERÇO ARM 29;CARGO;N/A;5970
S014;2047;170.08;27.0;8.1;32;CGC;BERÇO TECON 3;CARGO;N/A;900
S014;2048;179.99;30.0;6.95;14;CGNC;BERÇO ARM 31;CARGO;N/A;10335
S014;2049;158.42;27.0;8.7;2;GL;BERÇO IB SP;CARGO;N/A;1220
S014;2050;199.98;32.0;10.3;57;GSM - I;BERÇO TIPLAM 1;CARGO;N/A;6440
S014;2051;228.99;32.0;7.1;23;CGNC;BERÇO ARM 38;CARGO;N/A;3405
S014;2052;218.45;30.0;10.8;32;CGC;BERÇO TECON 1.1;CARGO;N/A;770
S014;2053;333.2;48.0;11.1;51;CGC;BERÇO DPW 1;CARGO;N/A;1600
S014;2054;183.06;32.23;9.7;54;GL;BERÇO DOW;CARGO;N/A;3060
S014;2055;334.98;45.83;11.35;32;CGC;BERÇO TECON 3;CARGO;N/A;1400
S014;2056;232.39;32.0;9.0;45;RORO;BERÇO TEV;CARGO;RO-RO;2115
S014;2057;255.4;38.0;13.55;51;CGC;BERÇO DPW 2;CARGO;N/A;1870
S014;2058;300.0;48.0;10.9;32;CGC;BERÇO TECON 1.2;CARGO;N/A;570
S014;2059;228.94;32.0;7.5;56;GSA - E;BERÇO TIPLAM 3;CARGO;N/A;5715
S014;2060;208.85;30.0;11.2;32;CGC;BERÇO TECON 1.1;CARGO;N/A;1035
S014;2061;198.5;31.0;7.88;29;CGNC;BERÇO ARM 34;CARGO;N/A;1320
S014;2062;272.08;40.0;9.6;51;CGC;BERÇO DPW 1;CARGO;N/A;1680
S014;2063;229.0;32.0;7.88;46;GSA - E;BERÇO OUT 2;CARGO;N/A;1505
S014;2064;199.9;32.31;6.7;46;GSA - E;BERÇO OUT 2;CARGO;N/A;4945
S014;2065;179.53;27.0;9.3;1;GL;BERÇO IB SP;CARGO;N/A;1350
S014;2066;224.9;32.0;7.5;56;GSA - E;BERÇO TIPLAM 2;CARGO;N/A;5565
S014;2067;156.53;25.0;9.1;30;CGNC;BERÇO AL 03;CARGO;N/A;2920
S014;2068;134.75;21.0;8.2;2;GL;BERÇO IB BC;CARGO;N/A;4365
S014;2069;185.97;35.0;8.4;51;CGC;BERÇO DPW 2;CARGO;N/A;470
S014;2070;228.62;32.0;8.5;32;CGC;BERÇO TECON 1.2;CARGO;N/A;1120
S014;2071;156.53;25.0;8.2;2;GL;BERÇO IB OE;CARGO;N/A;2210
S014;2072;199.98;37.0;8.4;45;RORO;BERÇO TEV;CARGO;RO-RO;2290
S014;2073;215.4;37.0;7.2;25;CGNC;BERÇO ARM 32;CARGO;N/A;12890
S014;2074;190.18;31.0;10.5;52;CGNC;BERÇO DPW 4;CARGO;N/A;3205
S014;2075;180.0;30.05;10.59;25;CGNC;BERÇO ARM 33;CARGO;N/A;11930
S014;2076;229.0;32.0;7.1;46;GSA - E;BERÇO OUT 3;CARGO;N/A;3235
S014;2077;82.3;17.0;4.5;53;CGNC;BERÇO SAIPEM 3;CARGO;N/A;1240
S014;2078;228.99;32.0;7.16;56;GSA - E;BERÇO TIPLAM 3;CARGO;N/A;3955
S014;2079;88.9;19.0;6.1;53;CGNC;BERÇO SAIPEM 1;CARGO;N/A;2960
S014;2080;199.99;32.0;6.8;37;GSA - E;BERÇO TEAG;CARGO;N/A;7305
S014;2081;201.8;33.0;10.1;29;CGNC;BERÇO ARM 34;CARGO;N/A;1885
S014;2082;170.0;26.0;7.2;49;GL;BERÇO CUTRALE;CARGO;N/A;6125
S014;2083;179.97;30.0;9.35;8;CGNC;BERÇO ARM 35P2;CARGO;N/A;4615
S014;2084;225.0;36.0;8.0;27;CGNC;BERÇO ARM 13/14;CARGO;N/A;2970
S014;2085;228.99;32.0;6.5;6;CGNC;BERÇO ARM 37;CARGO;N/A;8820
S014;2086;182.47;25.0;8.7;32;CGC;BERÇO TECON 1.1;CARGO;N/A;1400
S014;2087;293.18;40.0;12.1;9;CGC;BERÇO BTP 2;CARGO;N/A;1245
S014;2088;199.9;32.0;7.9;46;GSA - E;BERÇO ARM 19;CARGO;N/A;2035
S014;2089;199.98;32.0;6.72;46;GSA - E;BERÇO ARM 16/17;CARGO;N/A;2535
S014;2090;229.0;32.0;7.2;23;CGNC;BERÇO ARM 38;CARGO;N/A;5070
S014;2091;199.99;32.0;13.1;25;CGNC;BERÇO ARM 35P1;CARGO;N/A;8320
S014;2092;254.87;37.0;9.1;51;CGC;BERÇO DPW 2;CARGO;N/A;755
S014;2093;179.95;32.0;10.36;25;CGNC;BERÇO ARM 29;CARGO;N/A;16855
S014;2094;172.04;28.0;7.9;9;CGC;BERÇO BTP 1;CARGO;N/A;610
S014;2095;224.96;33.0;7.0;39;GSA - E;BERÇO ARM 39;CARGO;N/A;2275
S014;2096;222.14;30.0;10.0;32;CGC;BERÇO TECON 1.2;CARGO;N/A;1150
S014;2097;228.42;35.0;10.82;46;GSA - E;BERÇO ARM 19;CARGO;N/A;2070
S014;2098;335.95;51.0;14.0;32;CGC;BERÇO TECON 3;CARGO;N/A;1500
S014;2099;299.2;40.0;9.9;32;CGC;BERÇO TECON 1.2;CARGO;N/A;1550
S014;2100;151.67;21.02;7.8;7;CGNC;BERÇO CS 04;CARGO;N/A;2645
S014;2101;229.0;32.0;7.52;46;GSA - E;BERÇO OUT 2;CARGO;N/A;2700
S014;2102;225.0;32.0;10.27;52;CGNC;BERÇO DPW 3;CARGO;N/A;4830
S014;2103;225.0;32.0;10.27;51;CGC;BERÇO DPW 1;CARGO;N/A;165
S014;2104;346.98;43.0;10.0;9;CGC;BERÇO BTP 2;CARGO;N/A;2125
S014;2105;330.03;48.0;9.9;9;CGC;BERÇO BTP 1;CARGO;N/A;3110
S014;2106;199.9;32.0;7.5;56;GSA - E;BERÇO TIPLAM 2;CARGO;N/A;2630
S014;2107;158.42;27.0;9.3;33;GL;BERÇO AL 03;CARGO;N/A;1630
S014;2108;225.0;32.0;7.44;4;CGNC;BERÇO ARM 32;CARGO;N/A;2290
S014;2109;299.9;45.0;11.8;9;CGC;BERÇO BTP 3;CARGO;N/A;1050
S014;2110;332.85;43.0;10.3;9;CGC;BERÇO BTP 1;CARGO;N/A;1075
S014;2111;249.12;37.0;10.5;51;CGC;BERÇO DPW 2;CARGO;N/A;845
S014;2112;299.9;48.0;9.95;32;CGC;BERÇO TECON 2;CARGO;N/A;1955
S014;2113;225.0;32.31;8.9;46;GSA - E;BERÇO OUT 3;CARGO;N/A;4955
S014;2114;226.8;32.0;9.65;25;CGNC;BERÇO ARM 35P2;CARGO;N/A;2025
S014;2115;229.0;36.0;9.0;27;CGNC;BERÇO ARM 12A;CARGO;N/A;4530
S014;2116;227.97;37.0;12.1;51;CGC;BERÇO DPW 1;CARGO;N/A;1730
S014;2117;210.96;32.0;8.6;9;CGC;BERÇO BTP 3;CARGO;N/A;2140
S014;2118;185.97;35.0;9.2;32;CGC;BERÇO TECON 1.1;CARGO;N/A;840
S014;2119;156.53;25.0;9.0;59;GL;BERÇO AL 02;CARGO;N/A;1410
S014;2120;228.99;32.0;6.81;56;GSA - E;BERÇO TIPLAM 3;CARGO;N/A;3030
S014;2121;236.3;36.0;8.2;9;CGC;BERÇO BTP 3;CARGO;N/A;2615
S014;2122;225.0;32.3;6.8;6;CGNC;BERÇO ARM 37;CARGO;N/A;4175
S014;2123;299.9;45.0;11.8;24;CGNC;BERÇO TECON 3;CARGO;N/A;1270
S014;2124;299.9;45.0;12.9;9;CGC;BERÇO BTP 2;CARGO;N/A;1500
S014;2125;134.75;21.0;5.85;30;CGNC;BERÇO AL 04;CARGO;N/A;1580
S014;2126;199.9;32.0;7.2;46;GSA - E;BERÇO ARM 19;CARGO;N/A;1595
S014;2127;229.0;32.0;7.66;46;GSA - E;BERÇO OUT 3;CARGO;N/A;2810
S014;2128;201.8;33.0;13.1;25;CGNC;BERÇO ARM 35P2;CARGO;N/A;2495
S014;2129;170.0;27.0;7.2;59;GL;BERÇO AL 03;CARGO;N/A;3795
S014;2130;299.95;40.0;10.2;51;CGC;BERÇO DPW 2;CARGO;N/A;1040
S014;2131;183.02;32.0;10.0;2;GL;BERÇO Ageo I;CARGO;N/A;5420
S014;2132;156.53;25.0;10.2;2;GL;BERÇO IB BC;CARGO;N/A;2900
S014;2133;85.34;18.0;4.5;53;CGNC;BERÇO SAIPEM 3;CARGO;N/A;1340
S014;2134;177.85;28.0;10.7;28;CGNC;BERÇO CS 01;CARGO;N/A;9585
S014;2135;333.2;48.0;11.2;9;CGC;BERÇO BTP 2;CARGO;N/A;1335
S014;2136;228.99;32.0;7.14;42;GSA - E;BERÇO TEG;CARGO;N/A;3255
S014;2137;189.99;32.0;6.03;5;CGNC;BERÇO ARM 20/21;CARGO;N/A;1610
S014;2138;199.9;32.31;7.0;37;GSA - E;BERÇO TEAG;CARGO;N/A;5175
S014;2139;139.95;21.0;7.15;2;GL;BERÇO IB SP;CARGO;N/A;2400
S014;2140;294.1;32.3;10.3;51;CGC;BERÇO DPW 2;CARGO;N/A;1650
S014;2141;335.9;51.0;10.1;32;CGC;BERÇO TECON 2;CARGO;N/A;1775
S014;2142;223.96;35.0;8.3;32;CGC;BERÇO TECON 1.2;CARGO;N/A;910
S014;2143;164.34;23.0;7.6;54;GL;BERÇO DOW;CARGO;N/A;1915
S014;2144;229.0;32.0;6.95;40;GSA - E;BERÇO TGG;CARGO;N/A;2435
S014;2145;276.2;40.0;11.5;9;CGC;BERÇO BTP 1;CARGO;N/A;1150
S014;2146;204.35;32.0;9.1;52;CGNC;BERÇO DPW 4;CARGO;N/A;3180
S014;2147;228.9;32.0;7.55;42;GSA - E;BERÇO TEG;CARGO;N/A;4710
S014;2148;224.0;35.0;9.55;32;CGC;BERÇO TECON 3;CARGO;N/A;1395
S014;2149;305.6;40.0;10.6;51;CGC;BERÇO DPW 1;CARGO;N/A;1175
S014;2150;229.0;32.0;6.55;40;GSA - E;BERÇO TGG;CARGO;N/A;2350
S014;2151;256.07;37.0;9.4;9;CGC;BERÇO BTP 3;CARGO;N/A;1395
S014;2152;199.98;32.0;10.51;25;CGNC;BERÇO ARM 31;CARGO;N/A;8375
S014;2153;236.3;36.0;8.1;45;RORO;BERÇO TEV;CARGO;RO-RO;1020
S014;2154;228.99;32.0;6.8;5;CGNC;BERÇO ARM 20/21;CARGO;N/A;3485
S014;2155;259.8;32.0;9.9;32;CGC;BERÇO TECON 1.2;CARGO;N/A;995
S014;2156;336.0;51.0;10.3;32;CGC;BERÇO TECON 2;CARGO;N/A;2100
S014;2157;156.53;25.0;7.6;33;GL;BERÇO AL 02;CARGO;N/A;1245
S014;2158;185.11;24.0;10.64;57;GSM - I;BERÇO TIPLAM 1;CARGO;N/A;4965
S014;2159;299.95;40.0;12.0;9;CGC;BERÇO BTP 2;CARGO;N/A;1320
S014;2160;201.8;32.0;8.0;7;CGNC;BERÇO VAL;CARGO;N/A;2535
S014;2161;229.0;32.0;9.2;50;GSA - E;BERÇO CUTRALE;CARGO;N/A;3585
S014;2162;199.99;33.0;8.5;45;RORO;BERÇO TEV;CARGO;RO-RO;1120
S014;2163;156.53;25.0;9.4;2;GL;BERÇO IB SP;CARGO;N/A;1725
S014;2164;88.9;19.0;6.0;53;CGNC;BERÇO SAIPEM 1;CARGO;N/A;1175
S014;2165;222.14;30.0;8.1;32;CGC;BERÇO TECON 1.1;CARGO;N/A;815
S014;2166;333.95;48.43;11.6;51;CGC;BERÇO DPW 2;CARGO;N/A;1305
S014;2167;335.07;43.0;14.3;32;CGC;BERÇO TECON 3;CARGO;N/A;1245
S014;2168;229.0;32.0;6.87;46;GSA - E;BERÇO OUT 2;CARGO;N/A;3585
S014;2169;188.58;32.31;11.11;43;GSM - I;BERÇO TERMAG;CARGO;N/A;4745
S014;2170;212.54;31.0;11.3;32;CGC;BERÇO TECON 1.2;CARGO;N/A;430
S014;2171;328.46;48.0;11.5;9;CGC;BERÇO BTP 2;CARGO;N/A;830
S014;2172;225.0;32.0;10.65;29;CGNC;BERÇO ARM 34;CARGO;N/A;1580
S014;2173;156.53;25.0;6.5;2;GL;BERÇO IB BC;CARGO;N/A;3170
S014;2174;210.54;9.0;10.6;32;CGC;BERÇO TECON 2;CARGO;N/A;1145
S014;2175;82.3;17.0;4.6;53;CGNC;BERÇO SAIPEM 3;CARGO;N/A;1915
S014;2176;299.96;48.0;10.15;9;CGC;BERÇO BTP 1;CARGO;N/A;1480
S014;2177;229.0;32.0;7.3;46;GSA - E;BERÇO ARM 16/17;CARGO;N/A;5105
S014;2178;179.97;29.0;6.11;46;GSA - E;BERÇO ARM 16/17;CARGO;N/A;2645
S014;2179;156.53;25.0;6.5;2;GL;BERÇO IB OE;CARGO;N/A;2400
S014;2180;263.23;32.0;12.1;51;CGC;BERÇO DPW 1;CARGO;N/A;835
S014;2181;228.99;32.0;7.0;39;GSA - E;BERÇO ARM 39;CARGO;N/A;1920
S014;2182;299.18;48.0;9.7;32;CGC;BERÇO TECON 1.2;CARGO;N/A;870
S014;2183;199.9;32.0;7.4;39;GSA - E;BERÇO ARM 39;CARGO;N/A;2130
S014;2184;330.0;48.0;10.2;32;CGC;BERÇO TECON 3;CARGO;N/A;2025
S014;2185;172.0;28.0;7.3;9;CGC;BERÇO BTP 2;CARGO;N/A;670
S014;2186;226.8;32.0;12.0;29;CGNC;BERÇO ARM 34;CARGO;N/A;900
S014;2187;227.2;36.0;11.05;39;GSA - E;BERÇO ARM 39;CARGO;N/A;1300
S014;2188;228.15;32.0;9.4;32;CGC;BERÇO TECON 2;CARGO;N/A;2340
S014;2189;201.8;33.0;7.8;25;CGNC;BERÇO ARM 35P2;CARGO;N/A;8105
S014;2190;254.94;40.0;13.2;32;CGC;BERÇO TECON 1.1;CARGO;N/A;1500
S014;2191;299.97;48.0;9.8;9;CGC;BERÇO BTP 1;CARGO;N/A;680
S014;2192;179.9;32.0;8.4;45;RORO;BERÇO TEV;CARGO;RO-RO;765
S014;2193;199.98;32.0;11.5;25;CGNC;BERÇO ARM 32;CARGO;N/A;5295
S014;2194;199.9;32.0;6.75;42;GSA - E;BERÇO TEG;CARGO;N/A;11640
S014;2195;330.0;48.0;14.3;9;CGC;BERÇO BTP 3;CARGO;N/A;1690
S014;2196;224.9;32.0;9.52;46;GSA - E;BERÇO ARM 16/17;CARGO;N/A;1265
S014;2197;231.0;32.0;10.4;51;CGC;BERÇO DPW 1;CARGO;N/A;515
S014;2198;199.98;32.0;10.3;57;GSM - I;BERÇO TIPLAM 4;CARGO;N/A;8150
S014;2199;144.09;24.0;7.5;2;GL;BERÇO Ageo I;CARGO;N/A;2875
S014;2200;182.47;25.0;9.1;32;CGC;BERÇO TECON 1.2;CARGO;N/A;1750
S014;2201;255.0;37.0;9.4;51;CGC;BERÇO DPW 1;CARGO;N/A;625
S014;2202;299.98;48.0;12.25;9;CGC;BERÇO BTP 2;CARGO;N/A;1020
S014;2203;199.99;32.0;6.77;46;GSA - E;BERÇO ARM 19;CARGO;N/A;1950
S014;2204;229.0;32.0;7.0;40;GSA - E;BERÇO TGG;CARGO;N/A;2265
S014;2205;199.9;32.0;10.2;57;GSM - I;BERÇO TIPLAM 4;CARGO;N/A;5325
S014;2206;204.36;32.0;7.45;52;CGNC;BERÇO DPW 3;CARGO;N/A;4760
S014;2207;299.9;43.0;11.8;9;CGC;BERÇO BTP 1;CARGO;N/A;1365
S014;2208;182.93;30.0;9.4;8;CGNC;BERÇO ARM 35P1;CARGO;N/A;8075
S014;2209;85.34;18.0;4.5;53;CGNC;BERÇO SAIPEM 1;CARGO;N/A;1490
S014;2210;225.0;36.0;9.9;27;CGNC;BERÇO ARM 12A;CARGO;N/A;2180
S014;2211;300.4;40.0;9.8;32;CGC;BERÇO TECON 3;CARGO;N/A;505
S014;2212;299.9;48.0;12.5;32;CGC;BERÇO TECON 1.2;CARGO;N/A;1170
S014;2213;229.0;32.0;7.5;39;GSA - E;BERÇO ARM 39;CARGO;N/A;3145
S014;2214;156.53;25.0;6.6;59;GL;BERÇO AL 02;CARGO;N/A;2005
S014;2215;229.0;32.0;7.6;27;CGNC;BERÇO ARM 13/14;CARGO;N/A;890
S014;2216;199.99;36.0;7.08;23;CGNC;BERÇO ARM 38;CARGO;N/A;6895
S014;2217;201.8;32.0;8.5;52;CGNC;BERÇO DPW 4;CARGO;N/A;3160
S014;2218;229.0;32.0;7.6;39;GSA - E;BERÇO ARM 39;CARGO;N/A;3605
S014;2219;224.9;32.0;7.2;27;CGNC;BERÇO ARM 12A;CARGO;N/A;7005
S014;2220;299.9;48.0;13.0;51;CGC;BERÇO DPW 2;CARGO;N/A;1130
S014;2221;228.99;32.0;8.5;50;GSA - E;BERÇO CUTRALE;CARGO;N/A;3370
S014;2222;210.54;30.0;8.8;32;CGC;BERÇO TECON 1.2;CARGO;N/A;1510
S014;2223;227.95;38.0;11.2;51;CGC;BERÇO DPW 1;CARGO;N/A;1310
S014;2224;299.9;45.0;12.1;9;CGC;BERÇO BTP 2;CARGO;N/A;830
S014;2225;299.0;48.0;9.0;9;CGC;BERÇO BTP 3;CARGO;N/A;1520
S014;2226;199.9;32.29;6.8;42;GSA - E;BERÇO TEG;CARGO;N/A;3040
S014;2227;229.0;32.0;7.08;6;CGNC;BERÇO ARM 37;CARGO;N/A;4775
S014;2228;210.96;32.0;8.5;9;CGC;BERÇO BTP 1;CARGO;N/A;855
S014;2229;225.0;32.0;7.05;5;CGNC;BERÇO ARM 20/21;CARGO;N/A;5585
S014;2230;156.53;25.0;8.8;59;GL;BERÇO AL 03;CARGO;N/A;2955
S014;2231;248.97;44.0;8.5;47;GL;BERÇO AL 01;CARGO;N/A;2775
S014;2232;179.28;28.0;10.7;28;CGNC;BERÇO CS 02;CARGO;N/A;2595
S014;2233;231.0;32.0;10.9;32;CGC;BERÇO TECON 1.1;CARGO;N/A;1200
S014;2234;189.99;32.0;7.0;56;GSA - E;BERÇO TIPLAM 2;CARGO;N/A;2020
S014;2235;332.58;44.0;9.5;9;CGC;BERÇO BTP 3;CARGO;N/A;1125
S014;2236;229.1;32.0;6.9;6;CGNC;BERÇO ARM 37;CARGO;N/A;3380
S014;2237;263.23;32.0;11.1;51;CGC;BERÇO DPW 2;CARGO;N/A;525
S014;2238;199.97;32.0;8.5;45;RORO;BERÇO TEV;CARGO;RO-RO;1250
S014;2239;333.2;48.0;12.1;9;CGC;BERÇO BTP 2;CARGO;N/A;1350
S014;2240;165.17;27.0;7.45;30;CGNC;BERÇO AL 04;CARGO;N/A;1420
S014;2241;179.97;30.0;7.5;26;CGNC;BERÇO ARM 25;CARGO;N/A;1300
S014;2242;227.95;38.0;9.5;9;CGC;BERÇO BTP 3;CARGO;N/A;700
S014;2243;158.93;27.0;8.6;2;GL;BERÇO IB BC;CARGO;N/A;1870
S014;2244;225.0;36.0;11.55;27;CGNC;BERÇO ARM 13/14;CARGO;N/A;2130
S014;2245;229.0;32.0;8.3;27;CGNC;BERÇO ARM 12A;CARGO;N/A;3110
S014;2246;293.87;40.0;12.5;32;CGC;BERÇO TECON 2;CARGO;N/A;1020
S014;2247;299.9;46.0;12.3;9;CGC;BERÇO BTP 1;CARGO;N/A;1675
S014;2248;199.99;32.31;8.4;45;RORO;BERÇO TEV;CARGO;RO-RO;1280
S014;2249;229.0;32.0;7.08;40;GSA - E;BERÇO TGG;CARGO;N/A;2065
S014;2250;293.18;40.0;11.6;51;CGC;BERÇO DPW 1;CARGO;N/A;790
S014;2251;200.0;36.0;11.0;32;CGC;BERÇO TECON 1.1;CARGO;N/A;775
S014;2252;272.08;40.0;11.7;9;CGC;BERÇO BTP 2;CARGO;N/A;1870
S014;2253;186.0;32.0;8.1;2;GL;BERÇO IB OE;CARGO;N/A;2115
S014;2254;199.9;32.0;7.58;46;GSA - E;BERÇO ARM 19;CARGO;N/A;2040
S014;2255;199.98;32.0;6.72;23;CGNC;BERÇO ARM 38;CARGO;N/A;2360
S014;2256;82.3;17.0;4.5;53;CGNC;BERÇO SAIPEM 2;CARGO;N/A;145
S014;2257;272.02;40.0;9.9;51;CGC;BERÇO DPW 2;CARGO;N/A;1105
S014;2258;201.8;32.0;9.95;29;CGNC;BERÇO ARM 34;CARGO;N/A;1775
S014;2259;189.8;33.0;6.1;56;GSA - E;BERÇO TIPLAM 2;CARGO;N/A;2985
S014;2260;229.0;32.0;7.85;39;GSA - E;BERÇO ARM 39;CARGO;N/A;1840
S014;2261;177.13;28.0;8.69;58;GSM - E;BERÇO USIMINAS 3;CARGO;N/A;2330
S014;2262;175.53;29.0;9.63;25;CGNC;BERÇO ARM 33;CARGO;N/A;7300
S014;2263;300.0;48.0;13.5;32;CGC;BERÇO TECON 3;CARGO;N/A;1275
S014;2264;181.0;30.0;10.08;28;CGNC;BERÇO CS 01;CARGO;N/A;5595
S014;2265;300.0;48.0;10.5;9;CGC;BERÇO BTP 3;CARGO;N/A;1705
S014;2266;306.0;40.0;11.4;51;CGC;BERÇO DPW 1;CARGO;N/A;905
S014;2267;210.56;30.0;8.2;25;CGNC;BERÇO ARM 31;CARGO;N/A;5110
S014;2268;185.96;35.0;8.3;32;CGC;BERÇO TECON 1.1;CARGO;N/A;1330
S014;2269;229.0;32.0;7.1;5;CGNC;BERÇO ARM 20/21;CARGO;N/A;3240
S014;2270;210.0;36.0;8.0;45;RORO;BERÇO TEV;CARGO;RO-RO;4255
S014;2271;225.0;32.0;9.0;52;CGNC;BERÇO DPW 3;CARGO;N/A;8530
S014;2272;225.0;32.0;8.5;4;CGNC;BERÇO ARM 32;CARGO;N/A;2100
S014;2273;335.9;51.0;13.4;32;CGC;BERÇO TECON 2;CARGO;N/A;1635
S014;2274;225.0;32.0;8.61;46;GSA - E;BERÇO ARM 16/17;CARGO;N/A;2260
S014;2275;228.99;32.0;8.88;50;GSA - E;BERÇO CUTRALE;CARGO;N/A;5410
S014;2276;299.9;48.0;10.4;32;CGC;BERÇO TECON 3;CARGO;N/A;1925
S014;2277;229.0;32.0;7.5;27;CGNC;BERÇO ARM 13/14;CARGO;N/A;4845
S014;2278;158.93;27.0;6.3;2;GL;BERÇO IB SP;CARGO;N/A;4960
S014;2279;330.0;48.0;14.4;9;CGC;BERÇO BTP 2;CARGO;N/A;1280
S014;2280;260.66;32.0;11.5;51;CGC;BERÇO DPW 2;CARGO;N/A;700
S014;2281;229.0;33.0;7.35;39;GSA - E;BERÇO ARM 39;CARGO;N/A;2805
S014;2282;223.91;34.0;10.2;32;CGC;BERÇO TECON 1.1;CARGO;N/A;670
S014;2283;299.9;45.0;12.6;51;CGC;BERÇO DPW 1;CARGO;N/A;1665
S014;2284;208.85;30.0;11.4;32;CGC;BERÇO TECON 1.2;CARGO;N/A;910
S014;2285;229.0;32.0;10.6;27;CGNC;BERÇO ARM 13/14;CARGO;N/A;2085
S014;2286;179.97;30.0;8.57;8;CGNC;BERÇO ARM 35P2;CARGO;N/A;10500
S014;2287;299.95;48.0;12.6;9;CGC;BERÇO BTP 1;CARGO;N/A;1350
S014;2288;243.35;32.0;8.2;51;CGC;BERÇO DPW 2;CARGO;N/A;635
S014;2289;228.19;32.0;9.0;32;CGC;BERÇO TECON 1.1;CARGO;N/A;545
S014;2290;183.0;32.0;10.9;2;GL;BERÇO Ageo I;CARGO;N/A;7710
S014;2291;199.98;32.0;10.15;25;CGNC;BERÇO ARM 29;CARGO;N/A;7575
S014;2292;199.9;32.0;8.4;57;GSM - I;BERÇO TIPLAM 1;CARGO;N/A;3695
S014;2293;199.9;32.0;8.4;57;GSM - I;BERÇO TIPLAM 4;CARGO;N/A;3695
S014;2294;85.34;18.0;4.7;53;CGNC;BERÇO SAIPEM 1;CARGO;N/A;2155
S014;2295;190.0;33.0;6.4;5;CGNC;BERÇO ARM 20/21;CARGO;N/A;1770
S014;2296;199.9;32.31;11.19;42;GSA - E;BERÇO TEG;CARGO;N/A;1385
S014;2297;218.45;30.0;10.6;32;CGC;BERÇO TECON 1.2;CARGO;N/A;760
S014;2298;229.0;32.0;7.4;40;GSA - E;BERÇO TGG;CARGO;N/A;2405
S014;2299;201.8;32.0;8.8;25;CGNC;BERÇO ARM 35P2;CARGO;N/A;3220
S014;2300;139.17;22.0;7.4;32;CGC;BERÇO TECON 2;CARGO;N/A;840
S014;2301;300.4;40.0;11.4;32;CGC;BERÇO TECON 1.2;CARGO;N/A;1185
S014;2302;189.99;32.0;6.7;46;GSA - E;BERÇO OUT 3;CARGO;N/A;1460
S014;2303;228.0;32.0;12.7;59;GL;BERÇO AL 03;CARGO;N/A;4745
S014;2304;116.26;18.0;5.4;7;CGNC;BERÇO VAL;CARGO;N/A;1165
S014;2305;179.99;30.0;6.7;14;CGNC;BERÇO ARM 31;CARGO;N/A;9320
S014;2306;330.0;48.0;12.9;9;CGC;BERÇO BTP 2;CARGO;N/A;2805
S014;2307;146.5;24.0;7.05;1;GL;BERÇO IB BC;CARGO;N/A;795
S014;2308;189.99;32.0;9.5;56;GSA - E;BERÇO TIPLAM 2;CARGO;N/A;1010
S014;2309;199.98;32.0;8.0;45;RORO;BERÇO TEV;CARGO;RO-RO;1430
S014;2310;224.9;32.0;10.97;46;GSA - E;BERÇO OUT 2;CARGO;N/A;875
S014;2311;228.0;40.0;7.5;47;GL;BERÇO AL 02;CARGO;N/A;1280
S014;2312;299.18;48.0;10.2;32;CGC;BERÇO TECON 2;CARGO;N/A;845
S014;2313;229.0;32.0;7.25;46;GSA - E;BERÇO OUT 3;CARGO;N/A;5345
S014;2314;204.35;32.0;9.29;52;CGNC;BERÇO DPW 4;CARGO;N/A;3720
S014;2315;194.87;32.0;9.2;32;CGC;BERÇO TECON 1.1;CARGO;N/A;1285
S014;2316;225.0;32.0;6.8;56;GSA - E;BERÇO TIPLAM 3;CARGO;N/A;2790
S014;2317;299.9;46.0;14.3;51;CGC;BERÇO DPW 2;CARGO;N/A;2195
S014;2318;299.95;48.0;11.7;9;CGC;BERÇO BTP 3;CARGO;N/A;1260
S014;2319;199.97;32.0;8.3;45;RORO;BERÇO TEV;CARGO;RO-RO;1240
S014;2320;254.73;37.0;9.5;51;CGC;BERÇO DPW 1;CARGO;N/A;1265
S014;2321;193.0;32.0;7.2;56;GSA - E;BERÇO TIPLAM 2;CARGO;N/A;2990
S014;2322;199.97;32.0;8.2;45;RORO;BERÇO TEV;CARGO;RO-RO;2380
S014;2323;229.0;32.0;7.23;27;CGNC;BERÇO ARM 12A;CARGO;N/A;6525
S014;2324;182.47;25.0;9.4;32;CGC;BERÇO TECON 3;CARGO;N/A;1675
S014;2325;330.0;48.0;14.1;32;CGC;BERÇO TECON 2;CARGO;N/A;1450
S014;2326;294.0;32.25;10.55;9;CGC;BERÇO BTP 1;CARGO;N/A;470
S014;2327;119.9;22.0;7.2;2;GL;BERÇO IB OE;CARGO;N/A;2050
S014;2328;199.98;32.0;6.35;56;GSA - E;BERÇO TIPLAM 3;CARGO;N/A;3210
S014;2329;335.95;51.0;10.3;32;CGC;BERÇO TECON 3;CARGO;N/A;2060
S014;2330;179.87;28.0;9.6;47;GL;BERÇO AL 01;CARGO;N/A;2840
S014;2331;172.07;27.0;7.8;7;CGNC;BERÇO CS 04;CARGO;N/A;1350
S014;2332;182.93;30.0;6.6;58;GSM - E;BERÇO USIMINAS 3;CARGO;N/A;9105
S014;2333;228.41;35.0;12.79;46;GSA - E;BERÇO OUT 2;CARGO;N/A;2390
S014;2334;179.97;30.0;10.5;8;CGNC;BERÇO ARM 35P1;CARGO;N/A;11390
S014;2335;189.99;32.0;6.8;56;GSA - E;BERÇO TIPLAM 2;CARGO;N/A;2465
S014;2336;304.16;40.0;12.4;9;CGC;BERÇO BTP 3;CARGO;N/A;1135
S014;2337;164.34;23.0;8.9;54;GL;BERÇO DOW;CARGO;N/A;1575
S014;2338;182.5;32.0;11.0;33;GL;BERÇO AL 03;CARGO;N/A;4305
S014;2339;222.15;30.0;8.3;32;CGC;BERÇO TECON 1.1;CARGO;N/A;570
S014;2340;179.97;30.0;6.55;46;GSA - E;BERÇO ARM 16/17;CARGO;N/A;3405
S014;2341;169.98;24.0;9.6;55;GL;BERÇO TIPLAM 1;CARGO;N/A;1365
S014;2342;229.0;32.0;7.0;23;CGNC;BERÇO ARM 38;CARGO;N/A;3890
S014;2343;175.1;28.0;9.1;9;CGC;BERÇO BTP 1;CARGO;N/A;1090
S014;2344;189.99;32.0;6.69;5;CGNC;BERÇO ARM 20/21;CARGO;N/A;1335
S014;2345;182.88;32.0;7.2;47;GL;BERÇO AL 01;CARGO;N/A;2095
S014;2346;199.98;32.0;6.6;52;CGNC;BERÇO DPW 4;CARGO;N/A;3220
S014;2347;229.0;33.0;7.45;40;GSA - E;BERÇO TGG;CARGO;N/A;1915
S014;2348;228.9;32.0;7.54;46;GSA - E;BERÇO ARM 19;CARGO;N/A;2725
S014;2349;183.21;32.0;9.0;30;CGNC;BERÇO AL 04;CARGO;N/A;4335
S014;2350;333.95;48.0;14.25;32;CGC;BERÇO TECON 1.2;CARGO;N/A;1585
S014;2351;199.2;30.0;8.6;29;CGNC;BERÇO ARM 34;CARGO;N/A;1885
S014;2352;170.17;26.0;6.65;2;GL;BERÇO IB BC;CARGO;N/A;6755
S014;2353;186.07;32.0;9.25;2;GL;BERÇO IB BC;CARGO;N/A;1355
S014;2354;199.98;32.0;9.95;28;CGNC;BERÇO CS 03;CARGO;N/A;6555
S014;2355;210.0;36.0;11.0;52;CGNC;BERÇO DPW 3;CARGO;N/A;2110
S014;2356;293.18;40.0;13.6;32;CGC;BERÇO TECON 2;CARGO;N/A;2685
S014;2357;277.32;40.0;12.0;51;CGC;BERÇO DPW 1;CARGO;N/A;795
S014;2358;210.0;36.0;8.0;4;CGNC;BERÇO ARM 32;CARGO;N/A;2440
S014;2359;199.95;32.0;6.66;46;GSA - E;BERÇO OUT 3;CARGO;N/A;2125
S014;2360;303.83;40.0;13.6;51;CGC;BERÇO DPW 2;CARGO;N/A;2170
S014;2361;189.99;32.25;11.03;57;GSM - I;BERÇO TIPLAM 4;CARGO;N/A;6875
S014;2362;225.0;32.0;9.0;25;CGNC;BERÇO ARM 35P1;CARGO;N/A;3880
S014;2363;299.95;44.0;10.7;32;CGC;BERÇO TECON 1.2;CARGO;N/A;1220
S014;2364;229.0;32.0;7.8;46;GSA - E;BERÇO ARM 19;CARGO;N/A;3515
S014;2365;210.96;32.0;8.9;9;CGC;BERÇO BTP 2;CARGO;N/A;1440
S014;2366;229.0;32.0;6.9;6;CGNC;BERÇO ARM 37;CARGO;N/A;3675
S014;2367;199.98;37.0;8.6;45;RORO;BERÇO TEV;CARGO;RO-RO;1570
S014;2368;183.0;27.0;8.3;47;GL;BERÇO AL 01;CARGO;N/A;1215
S014;2369;299.9;45.0;12.1;9;CGC;BERÇO BTP 3;CARGO;N/A;1250
S014;2370;263.23;32.0;10.8;51;CGC;BERÇO DPW 1;CARGO;N/A;1075
S014;2371;228.0;37.0;9.2;9;CGC;BERÇO BTP 2;CARGO;N/A;480
S014;2372;199.83;33.0;7.55;56;GSA - E;BERÇO TIPLAM 3;CARGO;N/A;1205
S014;2373;204.85;32.0;7.6;49;GL;BERÇO CUTRALE;CARGO;N/A;4325
S014;2374;229.2;38.0;8.03;46;GSA - E;BERÇO OUT 2;CARGO;N/A;4275
S014;2375;199.83;33.0;7.25;46;GSA - E;BERÇO OUT 2;CARGO;N/A;2080
S014;2376;272.02;40.0;10.1;9;CGC;BERÇO BTP 1;CARGO;N/A;1865
S014;2377;211.0;32.0;7.7;7;CGNC;BERÇO VAL;CARGO;N/A;870
S014;2378;199.98;32.0;9.6;45;RORO;BERÇO TEV;CARGO;RO-RO;820
S014;2379;299.9;45.0;11.65;9;CGC;BERÇO BTP 2;CARGO;N/A;1030
S014;2380;199.98;32.0;6.5;39;GSA - E;BERÇO ARM 39;CARGO;N/A;2010
S014;2381;199.9;32.0;6.42;5;CGNC;BERÇO ARM 20/21;CARGO;N/A;1950
S014;2382;299.95;40.0;12.3;51;CGC;BERÇO DPW 1;CARGO;N/A;760
S014;2383;229.0;32.0;6.9;46;GSA - E;BERÇO OUT 3;CARGO;N/A;2165
S014;2384;199.9;32.0;8.7;45;RORO;BERÇO TEV;CARGO;RO-RO;1230
S014;2385;228.96;36.0;8.95;5;CGNC;BERÇO ARM 20/21;CARGO;N/A;3170
S014;2386;229.0;32.0;7.3;46;GSA - E;BERÇO OUT 2;CARGO;N/A;2620
S014;2387;272.26;43.0;12.8;32;CGC;BERÇO TECON 2;CARGO;N/A;1330
S014;2388;299.9;43.0;14.0;51;CGC;BERÇO DPW 2;CARGO;N/A;1985
S014;2389;229.0;32.0;6.96;46;GSA - E;BERÇO ARM 19;CARGO;N/A;4720
S014;2390;284.71;40.0;10.8;51;CGC;BERÇO DPW 1;CARGO;N/A;1010
S014;2391;225.0;32.0;7.25;46;GSA - E;BERÇO OUT 3;CARGO;N/A;5740
S014;2392;182.5;32.0;8.0;2;GL;BERÇO IB SP;CARGO;N/A;1460
S014;2393;183.0;32.0;9.9;30;CGNC;BERÇO AL 02;CARGO;N/A;1845
S014;2394;199.98;32.0;8.7;52;CGNC;BERÇO DPW 4;CARGO;N/A;4485
S014;2395;199.98;32.0;7.0;4;CGNC;BERÇO ARM 32;CARGO;N/A;2245
S014;2396;199.91;35.0;9.2;32;CGC;BERÇO TECON 1.1;CARGO;N/A;1900
S014;2397;228.92;32.0;7.52;56;GSA - E;BERÇO TIPLAM 2;CARGO;N/A;1875
S014;2398;299.18;48.0;9.5;9;CGC;BERÇO BTP 3;CARGO;N/A;2410
S014;2399;179.53;27.0;9.4;2;GL;BERÇO IB OE;CARGO;N/A;2750
S014;2400;225.0;36.0;7.9;52;CGNC;BERÇO DPW 4;CARGO;N/A;7705
S014;2401;139.95;21.0;6.1;2;GL;BERÇO IB BC;CARGO;N/A;3065
S014;2402;228.94;32.0;11.27;46;GSA - E;BERÇO ARM 16/17;CARGO;N/A;840
S014;2403;227.2;36.0;7.65;46;GSA - E;BERÇO OUT 3;CARGO;N/A;2910
S014;2404;213.88;32.0;8.5;9;CGC;BERÇO BTP 1;CARGO;N/A;910
S014;2405;333.95;48.0;14.4;32;CGC;BERÇO TECON 3;CARGO;N/A;705
S014;2406;183.2;32.0;6.8;1;GL;BERÇO IB SP;CARGO;N/A;1985
S014;2407;314.31;48.0;13.7;9;CGC;BERÇO BTP 1;CARGO;N/A;1890
S014;2408;300.4;40.0;11.9;9;CGC;BERÇO BTP 2;CARGO;N/A;1320
S014;2409;189.99;33.0;6.8;39;GSA - E;BERÇO ARM 39;CARGO;N/A;2995
S014;2410;183.1;32.0;10.0;54;GL;BERÇO DOW;CARGO;N/A;1305
S014;2411;177.85;29.0;8.46;29;CGNC;BERÇO ARM 34;CARGO;N/A;3535
S014;2412;158.93;27.0;7.7;59;GL;BERÇO AL 02;CARGO;N/A;4730
S014;2413;210.54;9.0;10.75;32;CGC;BERÇO TECON 1.2;CARGO;N/A;700
S014;2414;149.95;23.0;6.8;7;CGNC;BERÇO VAL;CARGO;N/A;470
S014;2415;183.2;28.0;8.0;47;GL;BERÇO AL 01;CARGO;N/A;940
S014;2416;294.12;32.0;10.3;51;CGC;BERÇO DPW 2;CARGO;N/A;1425
S014;2417;172.04;28.0;7.3;9;CGC;BERÇO BTP 2;CARGO;N/A;495
S014;2418;210.0;36.0;7.8;45;RORO;BERÇO TEV;CARGO;RO-RO;1175
S014;2419;228.0;37.0;9.1;51;CGC;BERÇO DPW 1;CARGO;N/A;1570
S014;2420;172.0;28.0;8.5;9;CGC;BERÇO BTP 2;CARGO;N/A;1375
S014;2421;330.0;48.0;12.3;9;CGC;BERÇO BTP 3;CARGO;N/A;1715
S014;2422;258.89;32.0;10.7;32;CGC;BERÇO TECON 1.1;CARGO;N/A;890
S014;2423;299.9;48.0;10.2;51;CGC;BERÇO DPW 2;CARGO;N/A;1820
S014;2424;336.0;51.0;13.2;32;CGC;BERÇO TECON 3;CARGO;N/A;1310
S014;2425;183.09;32.0;8.4;47;GL;BERÇO AL 01;CARGO;N/A;1925
S014;2426;229.0;32.0;7.81;40;GSA - E;BERÇO TGG;CARGO;N/A;1950
S014;2427;201.8;32.0;9.7;52;CGNC;BERÇO DPW 3;CARGO;N/A;5540
S014;2428;183.1;32.0;10.0;33;GL;BERÇO AL 03;CARGO;N/A;1780
S014;2429;182.5;32.0;11.47;2;GL;BERÇO Ageo I;CARGO;N/A;7840
S014;2430;212.54;31.0;10.6;32;CGC;BERÇO TECON 3;CARGO;N/A;1455
S014;2431;228.99;32.0;6.68;6;CGNC;BERÇO ARM 37;CARGO;N/A;3560
S014;2432;272.08;40.0;10.55;51;CGC;BERÇO DPW 1;CARGO;N/A;2265
S014;2433;179.53;27.0;6.5;1;GL;BERÇO IB OE;CARGO;N/A;4500
S014;2434;229.0;32.0;7.3;27;CGNC;BERÇO ARM 13/14;CARGO;N/A;6900
S014;2435;229.0;32.0;7.3;40;GSA - E;BERÇO TGG;CARGO;N/A;2315
S014;2436;179.97;30.0;8.58;46;GSA - E;BERÇO OUT 2;CARGO;N/A;1925
S014;2437;225.0;32.0;5.5;5;CGNC;BERÇO ARM 20/21;CARGO;N/A;4410
S014;2438;299.91;48.0;10.45;32;CGC;BERÇO TECON 1.2;CARGO;N/A;1090
S014;2439;228.0;37.0;9.7;32;CGC;BERÇO TECON 1.1;CARGO;N/A;1585
S014;2440;210.0;36.0;8.5;25;CGNC;BERÇO ARM 29;CARGO;N/A;2465
S014;2441;170.0;26.0;7.05;49;GL;BERÇO CUTRALE;CARGO;N/A;2825
S014;2442;189.99;32.0;6.67;46;GSA - E;BERÇO ARM 16/17;CARGO;N/A;1360
S014;2443;299.99;40.0;12.1;32;CGC;BERÇO TECON 1.2;CARGO;N/A;1820
S014;2444;189.99;32.0;12.2;25;CGNC;BERÇO ARM 35P2;CARGO;N/A;3725
S014;2445;163.46;30.0;7.8;53;CGNC;BERÇO SAIPEM 2;CARGO;N/A;2520
S014;2446;294.13;32.0;10.7;51;CGC;BERÇO DPW 2;CARGO;N/A;670
S014;2447;229.0;32.0;7.31;46;GSA - E;BERÇO ARM 19;CARGO;N/A;7240
S014;2448;229.0;32.0;7.3;46;GSA - E;BERÇO OUT 2;CARGO;N/A;5930
S014;2449;185.97;35.0;8.9;51;CGC;BERÇO DPW 2;CARGO;N/A;920
S014;2450;336.0;51.0;13.8;32;CGC;BERÇO TECON 3;CARGO;N/A;1650
S014;2451;228.0;40.0;9.7;47;GL;BERÇO AL 01;CARGO;N/A;3355
S014;2452;300.0;48.0;10.8;9;CGC;BERÇO BTP 1;CARGO;N/A;855
S014;2453;182.47;25.0;9.4;32;CGC;BERÇO TECON 2;CARGO;N/A;1465
S014;2454;211.0;32.0;8.0;45;RORO;BERÇO TEV;CARGO;RO-RO;715
S014;2455;254.87;37.0;9.2;51;CGC;BERÇO DPW 1;CARGO;N/A;790
S014;2456;229.0;32.0;7.4;39;GSA - E;BERÇO ARM 39;CARGO;N/A;4065
S014;2457;180.0;29.0;8.3;47;GL;BERÇO AL 02;CARGO;N/A;3125
S014;2458;88.9;19.0;5.5;53;CGNC;BERÇO SAIPEM 1;CARGO;N/A;2690
S014;2459;183.06;32.0;12.0;59;GL;BERÇO AL 03;CARGO;N/A;4425
S014;2460;225.0;32.0;7.29;56;GSA - E;BERÇO TIPLAM 3;CARGO;N/A;2725
S014;2461;144.09;24.0;9.7;2;GL;BERÇO IB SP;CARGO;N/A;3400
S014;2462;328.46;48.0;11.7;9;CGC;BERÇO BTP 2;CARGO;N/A;990
S014;2463;186.4;28.0;6.0;46;GSA - E;BERÇO ARM 19;CARGO;N/A;1340
S014;2464;228.9;32.0;10.58;40;GSA - E;BERÇO TGG;CARGO;N/A;765
S014;2465;243.35;32.0;9.0;32;CGC;BERÇO TECON 1.1;CARGO;N/A;810
S014;2466;156.53;25.0;7.3;33;GL;BERÇO AL 02;CARGO;N/A;1515
S014;2467;225.0;32.0;7.8;23;CGNC;BERÇO ARM 38;CARGO;N/A;3480
S014;2468;199.9;32.0;7.27;46;GSA - E;BERÇO OUT 3;CARGO;N/A;2160
S014;2469;183.1;32.0;10.2;2;GL;BERÇO IB OE;CARGO;N/A;5600
S014;2470;179.9;32.0;8.1;45;RORO;BERÇO TEV;CARGO;RO-RO;1635
S014;2471;268.03;44.0;13.8;32;CGC;BERÇO TECON 2;CARGO;N/A;3130
S014;2472;277.32;40.0;11.4;9;CGC;BERÇO BTP 2;CARGO;N/A;1310
S014;2473;228.99;32.0;6.78;50;GSA - E;BERÇO CUTRALE;CARGO;N/A;3590
S014;2474;299.9;45.0;11.6;32;CGC;BERÇO TECON 1.2;CARGO;N/A;1545
S014;2475;299.95;44.0;10.4;9;CGC;BERÇO BTP 1;CARGO;N/A;800
S014;2476;335.07;43.0;11.2;9;CGC;BERÇO BTP 3;CARGO;N/A;1185
S014;2477;229.0;32.0;7.6;27;CGNC;BERÇO ARM 12A;CARGO;N/A;2690
S014;2478;227.92;37.0;10.0;51;CGC;BERÇO DPW 1;CARGO;N/A;1270
S014;2479;255.36;37.0;9.65;9;CGC;BERÇO BTP 1;CARGO;N/A;1250
S014;2480;333.2;48.0;11.3;9;CGC;BERÇO BTP 2;CARGO;N/A;800
S014;2481;228.9;36.0;7.85;39;GSA - E;BERÇO ARM 39;CARGO;N/A;4525
S014;2482;306.0;40.0;9.9;51;CGC;BERÇO DPW 1;CARGO;N/A;1110
S014;2483;225.0;32.0;7.5;26;CGNC;BERÇO ARM 25;CARGO;N/A;5840
S014;2484;225.0;32.0;7.2;42;GSA - E;BERÇO TEG;CARGO;N/A;3060
S014;2485;210.0;36.0;10.5;29;CGNC;BERÇO ARM 34;CARGO;N/A;3880
S014;2486;139.95;21.0;5.85;30;CGNC;BERÇO AL 04;CARGO;N/A;1855
S014;2487;224.98;32.0;7.23;40;GSA - E;BERÇO TGG;CARGO;N/A;2115
S014;2488;229.0;32.0;7.52;39;GSA - E;BERÇO ARM 39;CARGO;N/A;2585
S014;2489;210.54;30.0;9.7;32;CGC;BERÇO TECON 1.1;CARGO;N/A;1400
S014;2490;183.98;27.4;7.4;47;GL;BERÇO AL 01;CARGO;N/A;1935
S014;2491;210.96;32.0;9.1;9;CGC;BERÇO BTP 3;CARGO;N/A;1145
S014;2492;199.94;32.0;7.4;45;RORO;BERÇO TEV;CARGO;RO-RO;2150
S014;2493;183.06;32.0;9.0;54;GL;BERÇO DOW;CARGO;N/A;2805
S014;2494;262.08;32.0;10.04;32;CGC;BERÇO TECON 3;CARGO;N/A;1170
S014;2495;318.24;43.0;9.5;9;CGC;BERÇO BTP 2;CARGO;N/A;1010
S014;2496;223.98;35.0;9.6;32;CGC;BERÇO TECON 1.2;CARGO;N/A;1685
S014;2497;215.4;37.0;6.85;25;CGNC;BERÇO ARM 32;CARGO;N/A;12350
S014;2498;224.98;32.0;10.4;57;GSM - I;BERÇO TIPLAM 2;CARGO;N/A;9925
S014;2499;224.98;32.0;14.01;43;GSM - I;BERÇO TERMAG;CARGO;N/A;3535
S014;2500;299.18;48.0;9.8;9;CGC;BERÇO BTP 2;CARGO;N/A;2320
S014;2501;199.97;32.0;8.3;45;RORO;BERÇO TEV;CARGO;RO-RO;1650
S014;2502;229.0;32.0;12.96;46;GSA - E;BERÇO OUT 3;CARGO;N/A;510
S014;2503;229.0;32.0;7.3;40;GSA - E;BERÇO TGG;CARGO;N/A;2585
S014;2504;229.0;33.0;7.2;42;GSA - E;BERÇO TEG;CARGO;N/A;4905
S014;2505;333.2;48.0;11.3;9;CGC;BERÇO BTP 1;CARGO;N/A;1695
S014;2506;164.34;23.0;8.9;54;GL;BERÇO DOW;CARGO;N/A;1740
S014;2507;218.45;30.0;8.5;32;CGC;BERÇO TECON 3;CARGO;N/A;1420
S014;2508;134.75;21.0;8.2;2;GL;BERÇO Ageo I;CARGO;N/A;2620
S014;2509;201.8;33.0;9.7;52;CGNC;BERÇO DPW 3;CARGO;N/A;4410
S014;2510;201.8;33.0;7.5;4;CGNC;BERÇO ARM 32;CARGO;N/A;1920
S014;2511;229.0;32.0;8.7;6;CGNC;BERÇO ARM 37;CARGO;N/A;2730
S014;2512;229.0;32.0;7.6;40;GSA - E;BERÇO TGG;CARGO;N/A;2945
S014;2513;198.0;28.0;7.3;51;CGC;BERÇO DPW 1;CARGO;N/A;375
S014;2514;199.9;32.0;7.0;56;GSA - E;BERÇO TIPLAM 3;CARGO;N/A;5580
S014;2515;333.17;48.0;14.3;51;CGC;BERÇO DPW 1;CARGO;N/A;1250
S014;2516;299.0;48.0;11.3;9;CGC;BERÇO BTP 1;CARGO;N/A;1375
S014;2517;179.53;27.0;7.4;30;CGNC;BERÇO AL 04;CARGO;N/A;2960
S014;2518;199.98;32.0;6.6;46;GSA - E;BERÇO ARM 19;CARGO;N/A;1655
S014;2519;254.0;43.0;7.5;6;CGNC;BERÇO ARM 37;CARGO;N/A;2095
S014;2520;330.08;48.0;14.25;9;CGC;BERÇO BTP 3;CARGO;N/A;1960
S014;2521;294.0;32.25;11.5;32;CGC;BERÇO TECON 1.2;CARGO;N/A;1445
S014;2522;228.99;32.0;8.16;50;GSA - E;BERÇO CUTRALE;CARGO;N/A;3325
S014;2523;229.0;33.0;13.41;40;GSA - E;BERÇO TGG;CARGO;N/A;170
S014;2524;180.0;30.0;9.7;57;GSM - I;BERÇO TIPLAM 1;CARGO;N/A;3770
S014;2525;158.98;27.0;8.3;2;GL;BERÇO IB SP;CARGO;N/A;1540
S014;2526;177.0;26.0;8.69;25;CGNC;BERÇO ARM 31;CARGO;N/A;14440
S014;2527;222.15;30.0;9.7;32;CGC;BERÇO TECON 3;CARGO;N/A;440
S014;2528;299.9;48.0;10.9;32;CGC;BERÇO TECON 2;CARGO;N/A;1060
S014;2529;169.06;25.0;6.6;2;GL;BERÇO Ageo I;CARGO;N/A;5085
S014;2530;229.0;32.0;13.29;40;GSA - E;BERÇO TGG;CARGO;N/A;180
S014;2531;260.66;32.0;11.5;51;CGC;BERÇO DPW 2;CARGO;N/A;550
S014;2532;156.53;25.0;6.6;2;GL;BERÇO IB BC;CARGO;N/A;2140
S014;2533;299.93;49.0;9.5;32;CGC;BERÇO TECON 3;CARGO;N/A;970
S014;2534;228.99;32.0;6.53;5;CGNC;BERÇO ARM 20/21;CARGO;N/A;1600
S014;2535;229.0;32.0;7.6;40;GSA - E;BERÇO TGG;CARGO;N/A;4170
S014;2536;228.99;32.0;7.22;5;CGNC;BERÇO ARM 20/21;CARGO;N/A;4740
S014;2537;214.0;32.0;8.1;45;RORO;BERÇO TEV;CARGO;RO-RO;270
S014;2538;225.0;32.0;7.1;42;GSA - E;BERÇO TEG;CARGO;N/A;3635
S014;2539;275.0;40.04;11.0;24;CGNC;BERÇO TECON 3;CARGO;N/A;1210
S014;2540;199.2;30.0;9.4;52;CGNC;BERÇO DPW 4;CARGO;N/A;1740
S014;2541;208.85;30.0;9.4;32;CGC;BERÇO TECON 1.2;CARGO;N/A;1130
S014;2542;272.05;40.0;10.2;51;CGC;BERÇO DPW 2;CARGO;N/A;970
S014;2543;236.32;36.0;7.9;7;CGNC;BERÇO VAL;CARGO;N/A;630
S014;2544;183.06;32.0;9.0;2;GL;BERÇO IB OE;CARGO;N/A;2910
S014;2545;183.31;32.0;7.1;47;GL;BERÇO AL 01;CARGO;N/A;2790
S014;2546;299.9;46.0;12.48;51;CGC;BERÇO DPW 1;CARGO;N/A;1615
S014;2547;170.17;26.0;7.9;30;CGNC;BERÇO AL 02;CARGO;N/A;3530
S014;2548;229.0;32.0;7.89;23;CGNC;BERÇO ARM 38;CARGO;N/A;4850
S014;2549;226.8;32.0;9.3;29;CGNC;BERÇO ARM 34;CARGO;N/A;895
S014;2550;229.0;32.0;7.35;39;GSA - E;BERÇO ARM 39;CARGO;N/A;3245
S014;2551;119.9;22.0;8.0;2;GL;BERÇO IB SP;CARGO;N/A;4250
S014;2552;180.0;30.0;6.86;37;GSA - E;BERÇO TEAG;CARGO;N/A;4180
S014;2553;229.97;32.0;8.7;45;RORO;BERÇO TEV;CARGO;RO-RO;2240
S014;2554;175.1;28.0;9.1;9;CGC;BERÇO BTP 2;CARGO;N/A;780
S014;2555;145.0;25.0;8.3;59;GL;BERÇO AL 04;CARGO;N/A;3970
S014;2556;183.06;32.0;7.3;30;CGNC;BERÇO AL 04;CARGO;N/A;1125
S014;2557;257.38;32.0;8.4;51;CGC;BERÇO DPW 2;CARGO;N/A;580
S014;2558;294.12;32.0;12.9;51;CGC;BERÇO DPW 2;CARGO;N/A;1155
S014;2559;88.9;19.0;5.8;53;CGNC;BERÇO SAIPEM 1;CARGO;N/A;3095
S014;2560;182.47;25.0;8.5;32;CGC;BERÇO TECON 1.1;CARGO;N/A;1390
S014;2561;339.62;45.0;13.5;51;CGC;BERÇO DPW 1;CARGO;N/A;2505
S014;2562;299.82;48.0;13.35;32;CGC;BERÇO TECON 1.2;CARGO;N/A;1955
S014;2563;199.92;32.0;6.6;6;CGNC;BERÇO ARM 37;CARGO;N/A;1470
S014;2564;183.09;32.0;8.0;47;GL;BERÇO AL 01;CARGO;N/A;2175
S014;2565;204.36;32.0;9.42;4;CGNC;BERÇO ARM 32;CARGO;N/A;1190
S014;2566;330.0;48.0;13.8;32;CGC;BERÇO TECON 2;CARGO;N/A;1825
S014;2567;255.0;37.0;9.8;51;CGC;BERÇO DPW 2;CARGO;N/A;790
S014;2568;294.12;32.0;9.9;51;CGC;BERÇO DPW 1;CARGO;N/A;2100
S014;2569;177.85;28.0;9.78;58;GSM - E;BERÇO USIMINAS 4;CARGO;N/A;6890
S014;2570;330.0;48.0;11.8;9;CGC;BERÇO BTP 1;CARGO;N/A;2200
S014;2571;293.87;40.0;11.3;9;CGC;BERÇO BTP 2;CARGO;N/A;805
S014;2572;228.0;32.0;11.7;1;GL;BERÇO IB OE;CARGO;N/A;5250
S014;2573;228.9;33.0;9.01;50;GSA - E;BERÇO CUTRALE;CARGO;N/A;1345
S014;2574;229.0;32.0;7.6;56;GSA - E;BERÇO TIPLAM 3;CARGO;N/A;2780
S014;2575;201.9;34.0;8.4;52;CGNC;BERÇO DPW 3;CARGO;N/A;7735
S014;2576;179.87;28.0;9.75;47;GL;BERÇO AL 02;CARGO;N/A;1160
S014;2577;223.96;35.0;8.8;32;CGC;BERÇO TECON 1.1;CARGO;N/A;1075
S014;2578;158.98;27.0;8.2;33;GL;BERÇO AL 03;CARGO;N/A;2655
S014;2579;182.5;32.0;9.0;2;GL;BERÇO IB BC;CARGO;N/A;1970
S014;2580;236.32;36.0;8.2;45;RORO;BERÇO TEV;CARGO;RO-RO;680
S014;2581;228.99;32.0;7.16;56;GSA - E;BERÇO TIPLAM 3;CARGO;N/A;3135
S014;2582;228.16;32.0;9.7;30;CGNC;BERÇO AL 03;CARGO;N/A;4570
S014;2583;299.97;48.0;11.5;9;CGC;BERÇO BTP 3;CARGO;N/A;865
S014;2584;172.07;27.0;9.0;21;CGNC;BERÇO VAL;CARGO;N/A;1195
S014;2585;335.98;48.0;13.9;9;CGC;BERÇO BTP 2;CARGO;N/A;1365
S014;2586;335.9;51.0;10.1;32;CGC;BERÇO TECON 3;CARGO;N/A;1900
S014;2587;199.9;32.0;6.65;56;GSA - E;BERÇO TIPLAM 3;CARGO;N/A;3475
S014;2588;228.0;32.0;10.6;30;CGNC;BERÇO AL 02;CARGO;N/A;6045
S014;2589;333.95;48.0;14.1;32;CGC;BERÇO TECON 1.2;CARGO;N/A;1880
S014;2590;257.38;32.0;8.3;32;CGC;BERÇO TECON 1.2;CARGO;N/A;615
S014;2591;226.8;32.0;11.3;25;CGNC;BERÇO ARM 35P2;CARGO;N/A;1485
S014;2592;266.65;36.0;12.2;32;CGC;BERÇO TECON 1.2;CARGO;N/A;1105
S014;2593;145.26;26.0;10.05;1;GL;BERÇO IB BC;CARGO;N/A;3160
S014;2594;299.9;45.0;10.6;9;CGC;BERÇO BTP 3;CARGO;N/A;895
S014;2595;227.97;37.0;10.2;51;CGC;BERÇO DPW 2;CARGO;N/A;1660
S014;2596;183.06;32.0;7.1;47;GL;BERÇO AL 01;CARGO;N/A;2805
S014;2597;299.9;48.0;12.2;32;CGC;BERÇO TECON 2;CARGO;N/A;1440
S014;2598;299.9;40.09;10.6;9;CGC;BERÇO BTP 1;CARGO;N/A;1530
S014;2599;190.0;32.0;6.2;46;GSA - E;BERÇO OUT 3;CARGO;N/A;1500
S014;2600;179.97;30.0;6.0;56;GSA - E;BERÇO TIPLAM 2;CARGO;N/A;5960
S014;2601;201.8;32.0;9.6;52;CGNC;BERÇO DPW 4;CARGO;N/A;3125
S014;2602;201.8;32.0;9.1;25;CGNC;BERÇO ARM 29;CARGO;N/A;725
S014;2603;185.97;34.0;9.65;32;CGC;BERÇO TECON 3;CARGO;N/A;985
S014;2604;199.9;32.0;11.7;25;CGNC;BERÇO ARM 29;CARGO;N/A;16425
S014;2605;180.0;30.0;6.08;46;GSA - E;BERÇO ARM 16/17;CARGO;N/A;1585
S014;2606;213.88;32.0;8.7;9;CGC;BERÇO BTP 2;CARGO;N/A;2715
S014;2607;189.99;32.0;12.65;43;GSM - I;BERÇO TERMAG;CARGO;N/A;8080
S014;2608;189.99;30.0;9.13;28;CGNC;BERÇO CS 01;CARGO;N/A;13705
S014;2609;189.99;32.0;8.47;57;GSM - I;BERÇO TIPLAM 1;CARGO;N/A;2660
S014;2610;333.18;48.0;10.7;9;CGC;BERÇO BTP 3;CARGO;N/A;730
S014;2611;268.03;44.0;12.7;32;CGC;BERÇO TECON 2;CARGO;N/A;4320
S014;2612;228.95;35.0;6.98;27;CGNC;BERÇO ARM 12A;CARGO;N/A;3320
S014;2613;225.0;32.0;7.33;27;CGNC;BERÇO ARM 13/14;CARGO;N/A;9875
S014;2614;182.68;32.0;8.9;1;GL;BERÇO IB SP;CARGO;N/A;2555
S014;2615;229.0;32.0;6.9;6;CGNC;BERÇO ARM 37;CARGO;N/A;6290
S014;2616;183.0;27.0;7.5;47;GL;BERÇO AL 01;CARGO;N/A;1010
S014;2617;270.9;43.0;10.45;51;CGC;BERÇO DPW 1;CARGO;N/A;860
S014;2618;299.9;45.0;11.7;9;CGC;BERÇO BTP 3;CARGO;N/A;1035
S014;2619;170.0;26.0;9.7;2;GL;BERÇO IB SP;CARGO;N/A;1610
S014;2620;210.54;30.0;8.0;32;CGC;BERÇO TECON 3;CARGO;N/A;1090
S014;2621;272.08;40.0;11.6;9;CGC;BERÇO BTP 1;CARGO;N/A;835
S014;2622;169.37;27.0;7.5;26;CGNC;BERÇO ARM 25;CARGO;N/A;5490
S014;2623;227.97;37.0;11.2;9;CGC;BERÇO BTP 2;CARGO;N/A;580
S014;2624;179.87;28.0;9.0;55;GL;BERÇO TIPLAM 1;CARGO;N/A;1365
S014;2625;200.0;36.0;9.7;32;CGC;BERÇO TECON 1.2;CARGO;N/A;1365
S014;2626;224.95;32.0;6.39;23;CGNC;BERÇO ARM 38;CARGO;N/A;5020
S014;2627;225.0;32.0;9.82;25;CGNC;BERÇO ARM 35P1;CARGO;N/A;4135
S014;2628;284.71;40.0;11.9;51;CGC;BERÇO DPW 1;CARGO;N/A;810
S014;2629;183.0;30.0;8.6;8;CGNC;BERÇO ARM 35P2;CARGO;N/A;9685
S014;2630;229.0;32.0;7.02;39;GSA - E;BERÇO ARM 39;CARGO;N/A;2170
S014;2631;149.9;25.0;8.0;59;GL;BERÇO AL 04;CARGO;N/A;4690
S014;2632;228.0;40.0;7.2;47;GL;BERÇO AL 02;CARGO;N/A;4985
S014;2633;189.02;32.0;12.2;2;GL;BERÇO IB OE;CARGO;N/A;6910
S014;2634;299.9;45.0;13.5;51;CGC;BERÇO DPW 2;CARGO;N/A;1545
S014;2635;189.94;33.0;5.83;56;GSA - E;BERÇO TIPLAM 2;CARGO;N/A;2365
S014;2636;229.0;32.0;7.47;46;GSA - E;BERÇO OUT 2;CARGO;N/A;3470
S014;2637;299.91;48.0;11.15;9;CGC;BERÇO BTP 3;CARGO;N/A;1730
S014;2638;158.98;27.0;6.8;2;GL;BERÇO Ageo I;CARGO;N/A;2185
S014;2639;179.9;30.0;6.2;58;GSM - E;BERÇO USIMINAS 3;CARGO;N/A;10715
S014;2640;336.0;51.0;10.0;32;CGC;BERÇO TECON 3;CARGO;N/A;1850
S014;2641;199.9;32.0;10.3;57;GSM - I;BERÇO TIPLAM 4;CARGO;N/A;4660
S014;2642;141.0;24.0;6.05;54;GL;BERÇO DOW;CARGO;N/A;1550
S014;2643;141.0;24.0;7.9;30;CGNC;BERÇO AL 02;CARGO;N/A;2405
S014;2644;161.48;26.0;7.4;7;CGNC;BERÇO CORTE;CARGO;N/A;1290
S014;2645;229.0;32.0;6.93;46;GSA - E;BERÇO ARM 16/17;CARGO;N/A;2260
S014;2646;199.9;32.0;7.4;5;CGNC;BERÇO ARM 20/21;CARGO;N/A;2405
S014;2647;228.9;32.0;7.2;42;GSA - E;BERÇO TEG;CARGO;N/A;6060
S014;2648;228.99;32.0;7.14;6;CGNC;BERÇO ARM 37;CARGO;N/A;2570
S014;2649;199.91;35.0;8.2;32;CGC;BERÇO TECON 1.1;CARGO;N/A;900
S014;2650;335.9;51.0;14.1;32;CGC;BERÇO TECON 3;CARGO;N/A;2045
S014;2651;172.0;28.0;8.4;9;CGC;BERÇO BTP 1;CARGO;N/A;755
S014;2652;329.77;48.0;14.4;9;CGC;BERÇO BTP 2;CARGO;N/A;1450
S014;2653;299.9;43.0;12.6;51;CGC;BERÇO DPW 2;CARGO;N/A;1150
S014;2654;228.9;33.0;9.88;50;GSA - E;BERÇO CUTRALE;CARGO;N/A;4285
S014;2655;249.97;38.0;12.0;9;CGC;BERÇO BTP 1;CARGO;N/A;1030
S014;2656;225.0;32.0;7.0;46;GSA - E;BERÇO ARM 16/17;CARGO;N/A;3295
S014;2657;225.16;31.0;11.2;32;CGC;BERÇO TECON 1.2;CARGO;N/A;1185
S014;2658;212.54;31.0;12.4;32;CGC;BERÇO TECON 1.1;CARGO;N/A;1010
S014;2659;183.0;32.0;8.9;54;GL;BERÇO DOW;CARGO;N/A;1675
S014;2660;183.0;32.0;10.6;30;CGNC;BERÇO AL 02;CARGO;N/A;3920
S014;2661;180.0;30.0;10.07;18;GSA - I;BERÇO ARM 13/14;CARGO;N/A;23165
S014;2662;278.94;40.0;10.3;32;CGC;BERÇO TECON 2;CARGO;N/A;1065
S014;2663;229.07;32.0;7.56;6;CGNC;BERÇO ARM 37;CARGO;N/A;3035
S014;2664;225.0;32.0;8.05;5;CGNC;BERÇO ARM 20/21;CARGO;N/A;2325
S014;2665;210.54;9.0;9.5;32;CGC;BERÇO TECON 1.1;CARGO;N/A;920
S014;2666;228.9;32.0;7.56;27;CGNC;BERÇO ARM 12A;CARGO;N/A;6825
S014;2667;228.99;32.0;6.93;46;GSA - E;BERÇO OUT 2;CARGO;N/A;2580
S014;2668;272.05;40.0;10.7;51;CGC;BERÇO DPW 2;CARGO;N/A;1005
S014;2669;170.0;26.0;8.8;30;CGNC;BERÇO AL 03;CARGO;N/A;840
S014;2670;299.9;48.0;9.8;32;CGC;BERÇO TECON 3;CARGO;N/A;835
S014;2671;177.9;33.0;8.0;53;CGNC;BERÇO SAIPEM 1;CARGO;N/A;3690
S014;2672;259.8;32.0;11.2;32;CGC;BERÇO TECON 1.1;CARGO;N/A;780
S014;2673;210.0;36.0;8.5;52;CGNC;BERÇO DPW 4;CARGO;N/A;4820
S014;2674;210.0;36.0;7.1;4;CGNC;BERÇO ARM 32;CARGO;N/A;1675
S014;2675;228.15;32.0;9.5;32;CGC;BERÇO TECON 1.2;CARGO;N/A;1815
S014;2676;330.0;48.0;12.7;9;CGC;BERÇO BTP 2;CARGO;N/A;1665
S014;2677;225.0;32.0;7.09;5;CGNC;BERÇO ARM 20/21;CARGO;N/A;3720
S014;2678;183.2;28.0;8.0;47;GL;BERÇO AL 01;CARGO;N/A;1280
S014;2679;180.0;32.0;8.5;45;RORO;BERÇO TEV;CARGO;RO-RO;935
S014;2680;179.87;28.0;8.4;47;GL;BERÇO AL 01;CARGO;N/A;1460
S014;2681;243.0;32.0;9.0;51;CGC;BERÇO DPW 1;CARGO;N/A;630
S014;2682;182.9;40.0;7.4;47;GL;BERÇO AL 01;CARGO;N/A;1220
S014;2683;229.0;32.0;7.21;23;CGNC;BERÇO ARM 38;CARGO;N/A;5585
S014;2684;75.2;17.0;4.0;53;CGNC;BERÇO SAIPEM 2;CARGO;N/A;2550
S014;2685;144.09;24.0;7.5;2;GL;BERÇO IB BC;CARGO;N/A;1810
S014;2686;182.68;32.0;9.9;30;CGNC;BERÇO AL 04;CARGO;N/A;4805
S014;2687;178.7;28.0;9.6;25;CGNC;BERÇO ARM 33;CARGO;N/A;8335
S014;2688;88.9;19.0;6.0;53;CGNC;BERÇO SAIPEM 3;CARGO;N/A;4140
S014;2689;228.99;32.0;7.13;40;GSA - E;BERÇO TGG;CARGO;N/A;1920
S014;2690;182.47;25.0;9.5;32;CGC;BERÇO TECON 2;CARGO;N/A;1580
S014;2691;254.73;37.0;10.8;51;CGC;BERÇO DPW 2;CARGO;N/A;880
S014;2692;198.5;31.0;8.8;29;CGNC;BERÇO ARM 34;CARGO;N/A;3510
S014;2693;176.83;29.0;7.5;26;CGNC;BERÇO ARM 25;CARGO;N/A;2950
S014;2694;299.95;48.0;12.0;9;CGC;BERÇO BTP 1;CARGO;N/A;870
S014;2695;149.9;25.0;6.2;2;GL;BERÇO Ageo I;CARGO;N/A;2755
S014;2696;229.0;32.0;7.23;12;GSA - E;BERÇO ARM 20/21;CARGO;N/A;9475
S014;2697;272.0;43.0;11.3;9;CGC;BERÇO BTP 3;CARGO;N/A;1550
S014;2698;336.0;51.0;10.1;32;CGC;BERÇO TECON 2;CARGO;N/A;2515
S014;2699;181.0;30.0;5.55;56;GSA - E;BERÇO TIPLAM 3;CARGO;N/A;1065
S014;2700;224.0;35.0;10.0;32;CGC;BERÇO TECON 1.1;CARGO;N/A;1335
S014;2701;180.0;29.0;9.8;47;GL;BERÇO AL 02;CARGO;N/A;1875
S014;2702;270.9;43.0;10.8;32;CGC;BERÇO TECON 2;CARGO;N/A;805
S014;2703;228.62;32.0;9.7;32;CGC;BERÇO TECON 1.2;CARGO;N/A;1925
S014;2704;229.0;32.0;7.45;39;GSA - E;BERÇO ARM 39;CARGO;N/A;1945
S014;2705;272.26;43.0;11.5;9;CGC;BERÇO BTP 1;CARGO;N/A;1405
S014;2706;255.17;38.0;11.54;51;CGC;BERÇO DPW 2;CARGO;N/A;1340
S014;2707;229.0;32.0;7.23;56;GSA - E;BERÇO TIPLAM 3;CARGO;N/A;2150
S014;2708;228.99;32.0;14.2;43;GSM - I;BERÇO TERMAG;CARGO;N/A;6800
S014;2709;304.14;40.0;10.8;51;CGC;BERÇO DPW 2;CARGO;N/A;765
S014;2710;225.0;32.0;7.5;26;CGNC;BERÇO ARM 23;CARGO;N/A;2085
S014;2711;225.0;32.0;7.1;56;GSA - E;BERÇO TIPLAM 3;CARGO;N/A;3130
S014;2712;294.13;32.0;10.5;51;CGC;BERÇO DPW 1;CARGO;N/A;795
S014;2713;228.92;32.0;8.25;46;GSA - E;BERÇO OUT 3;CARGO;N/A;1750
S014;2714;139.17;22.0;6.9;32;CGC;BERÇO TECON 1.1;CARGO;N/A;900
S014;2715;199.98;32.0;8.4;45;RORO;BERÇO TEV;CARGO;RO-RO;1695
S014;2716;228.41;37.0;7.8;46;GSA - E;BERÇO ARM 16/17;CARGO;N/A;3580
S014;2717;229.9;36.0;7.56;38;GSA - E;BERÇO ARM 12A;CARGO;N/A;5310
S014;2718;85.34;18.0;5.0;53;CGNC;BERÇO SAIPEM 1;CARGO;N/A;11060
S014;2719;227.95;38.0;11.0;51;CGC;BERÇO DPW 1;CARGO;N/A;1450
S014;2720;229.0;32.0;7.41;50;GSA - E;BERÇO CUTRALE;CARGO;N/A;2200
S014;2721;164.34;23.0;8.4;54;GL;BERÇO DOW;CARGO;N/A;1545
S014;2722;225.0;32.0;9.3;52;CGNC;BERÇO DPW 3;CARGO;N/A;2655
S014;2723;299.9;48.0;11.8;9;CGC;BERÇO BTP 2;CARGO;N/A;1740
S014;2724;299.9;45.0;11.7;32;CGC;BERÇO TECON 2;CARGO;N/A;1160
S014;2725;299.89;48.0;9.6;9;CGC;BERÇO BTP 1;CARGO;N/A;680
S014;2726;179.99;28.0;10.16;25;CGNC;BERÇO ARM 35P1;CARGO;N/A;9335
S014;2727;228.99;32.0;7.69;46;GSA - E;BERÇO OUT 3;CARGO;N/A;2730
S014;2728;199.87;32.0;6.81;23;CGNC;BERÇO ARM 38;CARGO;N/A;13500
S014;2729;229.0;0.0;6.3;46;GSA - E;BERÇO ARM 19;CARGO;N/A;3065
S014;2730;299.9;45.0;12.65;9;CGC;BERÇO BTP 3;CARGO;N/A;1440
S014;2731;183.09;32.0;8.2;47;GL;BERÇO AL 01;CARGO;N/A;1675
S014;2732;229.0;32.0;7.3;39;GSA - E;BERÇO ARM 39;CARGO;N/A;2055
S014;2733;314.36;48.0;11.8;51;CGC;BERÇO DPW 2;CARGO;N/A;1260
S014;2734;228.99;32.0;7.03;46;GSA - E;BERÇO ARM 16/17;CARGO;N/A;4190
S014;2735;199.94;32.0;7.7;45;RORO;BERÇO TEV;CARGO;RO-RO;2795
S014;2736;183.31;32.0;10.4;2;GL;BERÇO IB OE;CARGO;N/A;9050
S014;2737;272.05;40.0;10.6;9;CGC;BERÇO BTP 1;CARGO;N/A;1075
S014;2738;228.0;32.0;8.5;59;GL;BERÇO AL 03;CARGO;N/A;3185
S014;2739;229.0;32.0;6.9;40;GSA - E;BERÇO TGG;CARGO;N/A;2140
S014;2740;225.0;32.0;7.2;6;CGNC;BERÇO ARM 37;CARGO;N/A;2605
S014;2741;227.95;38.0;10.7;9;CGC;BERÇO BTP 3;CARGO;N/A;735
S014;2742;184.06;27.0;9.2;30;CGNC;BERÇO AL 03;CARGO;N/A;3400
S014;2743;243.0;32.0;9.7;32;CGC;BERÇO TECON 1.2;CARGO;N/A;840
S014;2744;225.0;32.0;7.26;42;GSA - E;BERÇO TEG;CARGO;N/A;4965
S014;2745;300.07;42.0;11.95;9;CGC;BERÇO BTP 3;CARGO;N/A;1160
S014;2746;299.88;48.0;14.5;32;CGC;BERÇO TECON 1.2;CARGO;N/A;1885
S014;2747;199.98;32.0;8.7;52;CGNC;BERÇO DPW 3;CARGO;N/A;2715
S014;2748;333.2;48.0;10.4;9;CGC;BERÇO BTP 2;CARGO;N/A;1000
S014;2749;294.03;32.0;10.3;32;CGC;BERÇO TECON 3;CARGO;N/A;1340
S014;2750;226.8;32.0;7.5;7;CGNC;BERÇO VAL;CARGO;N/A;1450
S014;2751;225.0;32.0;6.4;46;GSA - E;BERÇO ARM 19;CARGO;N/A;3445
S014;2752;263.23;32.0;11.8;32;CGC;BERÇO TECON 3;CARGO;N/A;720
S014;2753;183.34;32.0;8.0;47;GL;BERÇO AL 01;CARGO;N/A;3790
S014;2754;170.0;26.0;7.1;49;GL;BERÇO CUTRALE;CARGO;N/A;3255
S014;2755;330.0;48.0;11.9;32;CGC;BERÇO TECON 3;CARGO;N/A;1790
S014;2756;185.96;35.0;8.4;32;CGC;BERÇO TECON 1.1;CARGO;N/A;1305
S014;2757;189.99;32.0;6.5;56;GSA - E;BERÇO TIPLAM 2;CARGO;N/A;1280
S014;2758;294.1;32.0;10.5;51;CGC;BERÇO DPW 2;CARGO;N/A;1745
S014;2759;145.0;24.0;9.72;2;GL;BERÇO Ageo I;CARGO;N/A;2845
S014;2760;199.9;33.0;7.78;45;RORO;BERÇO TEV;CARGO;RO-RO;1805
S014;2761;199.9;32.0;7.0;5;CGNC;BERÇO ARM 20/21;CARGO;N/A;2060
S014;2762;177.0;28.0;9.5;8;CGNC;BERÇO ARM 35P2;CARGO;N/A;6155
S014;2763;177.0;28.0;6.42;19;CGNC;BERÇO ARM 31;CARGO;N/A;5230
S014;2764;199.2;31.0;8.96;29;CGNC;BERÇO ARM 34;CARGO;N/A;1025
S014;2765;228.95;35.0;7.45;39;GSA - E;BERÇO ARM 39;CARGO;N/A;3565
S014;2766;254.0;43.0;7.81;23;CGNC;BERÇO ARM 38;CARGO;N/A;4055
S014;2767;199.54;32.0;7.9;45;RORO;BERÇO TEV;CARGO;RO-RO;690
S014;2768;149.03;24.0;9.6;1;GL;BERÇO IB SP;CARGO;N/A;1940
S014;2769;229.0;32.0;12.29;27;CGNC;BERÇO ARM 13/14;CARGO;N/A;1645
S014;2770;208.85;30.0;10.9;32;CGC;BERÇO TECON 1.1;CARGO;N/A;980
S014;2771;330.0;48.0;14.45;9;CGC;BERÇO BTP 3;CARGO;N/A;1335
S014;2772;224.86;33.0;7.5;26;CGNC;BERÇO ARM 23;CARGO;N/A;2415
S014;2773;214.0;32.0;8.8;9;CGC;BERÇO BTP 2;CARGO;N/A;2140
S014;2774;229.0;32.0;7.51;41;GSA - E;BERÇO ARM 38;CARGO;N/A;4175
S014;2775;189.99;32.0;8.9;46;GSA - E;BERÇO OUT 2;CARGO;N/A;2325
S014;2776;229.0;32.0;7.39;56;GSA - E;BERÇO TIPLAM 2;CARGO;N/A;3195
S014;2777;299.93;49.0;9.55;9;CGC;BERÇO BTP 1;CARGO;N/A;1790
S014;2778;256.07;37.0;11.0;51;CGC;BERÇO DPW 1;CARGO;N/A;1855
S014;2779;229.0;32.0;7.15;46;GSA - E;BERÇO OUT 3;CARGO;N/A;4735
S014;2780;230.0;38.0;7.46;46;GSA - E;BERÇO OUT 2;CARGO;N/A;4395
S014;2781;225.0;32.0;10.85;29;CGNC;BERÇO ARM 34;CARGO;N/A;1720
S014;2782;189.99;33.0;10.3;43;GSM - I;BERÇO TERMAG;CARGO;N/A;2820
S014;2783;194.87;32.0;10.0;32;CGC;BERÇO TECON 1.2;CARGO;N/A;2435
S014;2784;228.99;32.0;7.0;40;GSA - E;BERÇO TGG;CARGO;N/A;2205
S014;2785;228.99;32.0;12.7;46;GSA - E;BERÇO OUT 3;CARGO;N/A;725
S014;2786;304.16;40.0;9.9;9;CGC;BERÇO BTP 3;CARGO;N/A;855
S014;2787;236.32;36.0;8.2;45;RORO;BERÇO TEV;CARGO;RO-RO;1075
S014;2788;218.45;30.0;10.9;32;CGC;BERÇO TECON 1.1;CARGO;N/A;1370
S014;2789;119.9;22.0;7.2;2;GL;BERÇO IB BC;CARGO;N/A;1975
S014;2790;199.9;32.0;8.7;57;GSM - I;BERÇO TIPLAM 4;CARGO;N/A;1480
S014;2791;270.9;43.0;9.8;32;CGC;BERÇO TECON 2;CARGO;N/A;955
S014;2792;189.99;29.0;10.2;28;CGNC;BERÇO CS 02;CARGO;N/A;21205
S014;2793;337.0;48.0;13.7;9;CGC;BERÇO BTP 3;CARGO;N/A;1360
S014;2794;299.98;48.0;9.8;32;CGC;BERÇO TECON 2;CARGO;N/A;960
S014;2795;229.0;32.0;10.93;50;GSA - E;BERÇO CUTRALE;CARGO;N/A;1260
S014;2796;149.03;24.0;9.1;30;CGNC;BERÇO AL 04;CARGO;N/A;725
S014;2797;185.97;34.0;7.6;32;CGC;BERÇO TECON 1.1;CARGO;N/A;1020
S014;2798;199.2;30.0;7.92;28;CGNC;BERÇO CS 01;CARGO;N/A;3615
S014;2799;186.35;28.0;8.6;9;CGC;BERÇO BTP 3;CARGO;N/A;410
S014;2800;179.99;28.0;5.97;5;CGNC;BERÇO ARM 20/21;CARGO;N/A;1440
S014;2801;225.0;32.0;7.98;52;CGNC;BERÇO DPW 4;CARGO;N/A;9240
S014;2802;189.99;32.0;6.19;46;GSA - E;BERÇO OUT 3;CARGO;N/A;790
S014;2803;228.99;32.0;6.57;56;GSA - E;BERÇO TIPLAM 3;CARGO;N/A;5915
S014;2804;225.0;32.0;7.1;4;CGNC;BERÇO ARM 32;CARGO;N/A;2690
S014;2805;179.99;30.0;9.3;57;GSM - I;BERÇO TIPLAM 1;CARGO;N/A;2135
S014;2806;333.17;48.0;12.2;51;CGC;BERÇO DPW 2;CARGO;N/A;2145
S014;2807;179.95;32.0;7.5;26;CGNC;BERÇO ARM 25;CARGO;N/A;3520
S014;2808;182.47;25.0;9.7;32;CGC;BERÇO TECON 3;CARGO;N/A;1995
S014;2809;254.87;37.0;9.4;51;CGC;BERÇO DPW 1;CARGO;N/A;1090
S014;2810;224.95;32.0;12.05;27;CGNC;BERÇO ARM 12A;CARGO;N/A;1930
S014;2811;169.37;27.0;9.8;28;CGNC;BERÇO CS 03;CARGO;N/A;8395
S014;2812;199.99;36.0;7.35;56;GSA - E;BERÇO TIPLAM 2;CARGO;N/A;2135
S014;2813;318.24;43.0;12.7;9;CGC;BERÇO BTP 2;CARGO;N/A;770
S014;2814;314.31;48.0;12.0;9;CGC;BERÇO BTP 1;CARGO;N/A;3875
S014;2815;261.09;32.0;9.1;32;CGC;BERÇO TECON 1.2;CARGO;N/A;785
S014;2816;173.0;26.0;6.8;25;CGNC;BERÇO ARM 31;CARGO;N/A;6080
S014;2817;199.9;32.0;11.3;25;CGNC;BERÇO ARM 33;CARGO;N/A;10155
S014;2818;229.0;32.0;7.77;39;GSA - E;BERÇO ARM 39;CARGO;N/A;4380
S014;2819;157.4;26.0;5.0;49;GL;BERÇO CUTRALE;CARGO;N/A;3810
S014;2820;201.8;33.0;7.8;52;CGNC;BERÇO DPW 3;CARGO;N/A;3000
S014;2821;201.8;33.0;7.8;4;CGNC;BERÇO ARM 32;CARGO;N/A;2030
S014;2822;199.99;32.0;7.0;37;GSA - E;BERÇO TEAG;CARGO;N/A;13395
S014;2823;270.9;43.0;10.8;32;CGC;BERÇO TECON 2;CARGO;N/A;1090
S014;2824;183.09;32.0;8.0;47;GL;BERÇO AL 01;CARGO;N/A;2025
S014;2825;228.99;32.0;7.1;42;GSA - E;BERÇO TEG;CARGO;N/A;8545
S014;2826;189.99;32.0;8.2;56;GSA - E;BERÇO TIPLAM 3;CARGO;N/A;1770
S014;2827;189.99;32.0;6.52;46;GSA - E;BERÇO ARM 19;CARGO;N/A;855
S014;2828;199.92;32.0;9.05;6;CGNC;BERÇO ARM 37;CARGO;N/A;2545
S014;2829;335.95;51.0;13.7;32;CGC;BERÇO TECON 3;CARGO;N/A;1375
S014;2830;199.98;32.0;7.0;37;GSA - E;BERÇO TEAG;CARGO;N/A;7335
S014;2831;198.0;32.0;6.7;42;GSA - E;BERÇO TEG;CARGO;N/A;6120
S014;2832;249.12;38.0;12.5;9;CGC;BERÇO BTP 3;CARGO;N/A;1180
S014;2833;339.6;46.0;13.85;51;CGC;BERÇO DPW 1;CARGO;N/A;2160
S014;2834;228.0;37.0;8.9;51;CGC;BERÇO DPW 2;CARGO;N/A;2540
S014;2835;186.0;32.0;10.0;2;GL;BERÇO Ageo I;CARGO;N/A;2295
S014;2836;225.0;32.2;7.2;40;GSA - E;BERÇO TGG;CARGO;N/A;1760
S014;2837;299.9;45.0;12.1;9;CGC;BERÇO BTP 3;CARGO;N/A;1245
S014;2838;158.83;26.0;9.85;2;GL;BERÇO IB BC;CARGO;N/A;4410
S014;2839;229.0;32.0;7.75;38;GSA - E;BERÇO ARM 13/14;CARGO;N/A;8215
S014;2840;236.32;36.0;9.0;7;CGNC;BERÇO VAL;CARGO;N/A;400
S014;2841;199.0;32.0;8.3;45;RORO;BERÇO TEV;CARGO;RO-RO;1225
S014;2842;224.98;32.0;7.27;39;GSA - E;BERÇO ARM 39;CARGO;N/A;3625
S014;2843;146.19;25.0;6.0;30;CGNC;BERÇO AL 04;CARGO;N/A;4600
S014;2844;183.0;30.0;5.95;56;GSA - E;BERÇO TIPLAM 2;CARGO;N/A;3660
S014;2845;299.9;40.09;11.3;9;CGC;BERÇO BTP 2;CARGO;N/A;1035
S014;2846;179.85;32.0;7.6;57;GSM - I;BERÇO TIPLAM 1;CARGO;N/A;2055
S014;2847;179.99;28.0;7.46;25;CGNC;BERÇO ARM 35P1;CARGO;N/A;3300
S014;2848;170.0;32.0;6.5;30;CGNC;BERÇO AL 03;CARGO;N/A;4475
S014;2849;178.7;28.0;6.0;46;GSA - E;BERÇO OUT 3;CARGO;N/A;2640
S014;2850;179.87;28.0;9.8;47;GL;BERÇO AL 01;CARGO;N/A;3255
S014;2851;229.0;32.0;6.76;41;GSA - E;BERÇO ARM 38;CARGO;N/A;9150
S014;2852;189.99;32.0;7.2;37;GSA - E;BERÇO TEAG;CARGO;N/A;4435
S014;2853;179.97;30.0;10.0;17;GSA - I;BERÇO ARM 30;CARGO;N/A;10260
S014;2854;228.95;35.0;9.96;46;GSA - E;BERÇO OUT 2;CARGO;N/A;1380
S014;2855;299.9;45.0;13.6;32;CGC;BERÇO TECON 1.2;CARGO;N/A;1575
S014;2856;225.0;32.0;9.74;43;GSM - I;BERÇO TERMAG;CARGO;N/A;4920
S014;2857;229.0;32.0;9.18;15;GSA - E;BERÇO ARM 16/17;CARGO;N/A;8470
S014;2858;333.95;48.0;13.3;32;CGC;BERÇO TECON 2;CARGO;N/A;1705
S014;2859;272.05;40.0;10.8;9;CGC;BERÇO BTP 2;CARGO;N/A;910
S014;2860;215.08;49.0;10.1;53;CGNC;BERÇO SAIPEM 1;CARGO;N/A;19595
S014;2861;229.0;32.0;7.1;46;GSA - E;BERÇO OUT 3;CARGO;N/A;9440
S014;2862;229.0;32.0;7.1;56;GSA - E;BERÇO TIPLAM 3;CARGO;N/A;9640
S014;2863;335.0;43.0;14.0;32;CGC;BERÇO TECON 3;CARGO;N/A;5485
S014;2864;299.88;48.0;14.3;32;CGC;BERÇO TECON 2;CARGO;N/A;1690
S014;2865;185.97;35.0;7.41;51;CGC;BERÇO DPW 1;CARGO;N/A;855
S014;2866;179.9;28.0;5.9;15;GSA - E;BERÇO ARM 19;CARGO;N/A;1385
S014;2867;179.87;28.0;8.65;55;GL;BERÇO TIPLAM 1;CARGO;N/A;2695
S014;2868;335.9;51.0;11.0;32;CGC;BERÇO TECON 3;CARGO;N/A;1775
S014;2869;293.97;32.0;8.8;32;CGC;BERÇO TECON 1.2;CARGO;N/A;1380
S014;2870;333.18;48.0;11.65;9;CGC;BERÇO BTP 3;CARGO;N/A;1395
S014;2871;189.99;32.0;9.65;27;CGNC;BERÇO ARM 12A;CARGO;N/A;3795
S014;2872;199.99;32.0;6.82;46;GSA - E;BERÇO OUT 2;CARGO;N/A;4310
S014;2873;333.2;48.0;13.9;51;CGC;BERÇO DPW 2;CARGO;N/A;1840
S014;2874;255.17;38.0;10.4;9;CGC;BERÇO BTP 2;CARGO;N/A;685
S014;2875;177.4;28.0;9.65;28;CGNC;BERÇO CS 01;CARGO;N/A;6295
S014;2876;228.41;37.0;7.35;40;GSA - E;BERÇO TGG;CARGO;N/A;2360
S014;2877;228.99;32.0;6.85;15;GSA - E;BERÇO ARM 16/17;CARGO;N/A;2355
S014;2878;225.0;32.0;9.4;8;CGNC;BERÇO ARM 35P1;CARGO;N/A;9615
S014;2879;225.0;32.0;9.4;8;CGNC;BERÇO ARM 35P2;CARGO;N/A;9615
S014;2880;139.95;21.0;7.7;2;GL;BERÇO Ageo I;CARGO;N/A;3930
S014;2881;189.9;33.0;7.2;49;GL;BERÇO CUTRALE;CARGO;N/A;5940
S014;2882;199.9;32.0;6.4;5;CGNC;BERÇO ARM 20/21;CARGO;N/A;3330
S014;2883;179.8;31.0;10.05;43;GSM - I;BERÇO TERMAG;CARGO;N/A;2690
S014;2884;229.0;32.0;9.94;39;GSA - E;BERÇO ARM 39;CARGO;N/A;1230
S014;2885;223.91;34.0;9.1;32;CGC;BERÇO TECON 1.2;CARGO;N/A;920
S014;2886;179.99;30.0;7.0;20;GL;BERÇO ARM 29;CARGO;N/A;13410
S014;2887;213.88;32.0;8.3;9;CGC;BERÇO BTP 1;CARGO;N/A;1020
S014;2888;294.0;32.0;9.8;32;CGC;BERÇO TECON 2;CARGO;N/A;1035
S014;2889;199.91;35.0;8.9;32;CGC;BERÇO TECON 1.1;CARGO;N/A;2560
S014;2890;196.0;32.0;12.5;43;GSM - I;BERÇO TERMAG;CARGO;N/A;11965
S014;2891;183.0;27.0;7.5;47;GL;BERÇO AL 02;CARGO;N/A;1050
S014;2892;198.0;31.0;7.3;51;CGC;BERÇO DPW 1;CARGO;N/A;1235
S014;2893;228.99;32.0;6.6;40;GSA - E;BERÇO TGG;CARGO;N/A;2080
S014;2894;225.0;32.0;7.42;6;CGNC;BERÇO ARM 37;CARGO;N/A;4250
S014;2895;339.6;46.0;12.7;51;CGC;BERÇO DPW 1;CARGO;N/A;615
S014;2896;88.9;19.0;5.5;53;CGNC;BERÇO SAIPEM 3;CARGO;N/A;470
S014;2897;164.34;23.0;8.8;54;GL;BERÇO DOW;CARGO;N/A;2870
S014;2898;229.0;37.0;7.9;15;GSA - E;BERÇO ARM 19;CARGO;N/A;8490
S014;2899;210.54;9.0;10.9;32;CGC;BERÇO TECON 1.2;CARGO;N/A;720
S014;2900;333.95;48.0;11.1;32;CGC;BERÇO TECON 1.2;CARGO;N/A;2650
S014;2901;170.0;27.0;7.45;59;GL;BERÇO AL 04;CARGO;N/A;2390
S014;2902;210.54;30.0;9.5;32;CGC;BERÇO TECON 2;CARGO;N/A;1735
S014;2903;228.99;32.0;13.5;57;GSM - I;BERÇO TIPLAM 1;CARGO;N/A;16520
S014;2904;183.31;32.0;7.3;47;GL;BERÇO AL 02;CARGO;N/A;1990
S014;2905;330.0;48.0;10.7;32;CGC;BERÇO TECON 1.2;CARGO;N/A;2215
S014;2906;226.8;32.0;8.8;25;CGNC;BERÇO ARM 35P2;CARGO;N/A;4925
S014;2907;199.9;32.0;7.5;26;CGNC;BERÇO ARM 23;CARGO;N/A;1565
S014;2908;172.0;28.0;8.55;9;CGC;BERÇO BTP 1;CARGO;N/A;565
S014;2909;299.9;45.0;12.7;51;CGC;BERÇO DPW 1;CARGO;N/A;1885
S014;2910;201.8;33.0;8.2;52;CGNC;BERÇO DPW 3;CARGO;N/A;7205
S014;2911;259.8;32.0;11.3;32;CGC;BERÇO TECON 1.1;CARGO;N/A;970
S014;2912;329.86;48.0;14.4;9;CGC;BERÇO BTP 3;CARGO;N/A;1500
S014;2913;183.1;32.0;10.0;2;GL;BERÇO IB BC;CARGO;N/A;4475
S014;2914;170.0;32.0;9.2;2;GL;BERÇO IB SP;CARGO;N/A;1295
S014;2915;299.98;48.0;11.5;9;CGC;BERÇO BTP 1;CARGO;N/A;2135
S014;2916;158.83;26.0;9.25;33;GL;BERÇO AL 03;CARGO;N/A;3135
S014;2917;299.9;48.0;10.1;9;CGC;BERÇO BTP 2;CARGO;N/A;1545
S014;2918;229.0;32.31;7.4;15;GSA - E;BERÇO ARM 16/17;CARGO;N/A;2270
S014;2919;119.9;18.0;5.0;45;RORO;BERÇO TEV;CARGO;RO-RO;470
S014;2920;182.94;32.0;10.54;28;CGNC;BERÇO CS 03;CARGO;N/A;12795
S014;2921;183.98;27.4;7.4;47;GL;BERÇO AL 02;CARGO;N/A;2740
S014;2922;199.94;32.0;7.4;12;GSA - E;BERÇO ARM 20/21;CARGO;N/A;3345
S014;2923;158.15;24.0;5.59;58;GSM - E;BERÇO USIMINAS 4;CARGO;N/A;6585
S014;2924;272.08;40.0;9.9;51;CGC;BERÇO DPW 2;CARGO;N/A;1085
S014;2925;183.3;32.0;11.1;2;GL;BERÇO IB OE;CARGO;N/A;12890
S014;2926;212.54;31.0;9.4;32;CGC;BERÇO TECON 2;CARGO;N/A;1290
S014;2927;270.9;43.0;9.9;32;CGC;BERÇO TECON 2;CARGO;N/A;1185
S014;2928;225.0;32.0;7.75;46;GSA - E;BERÇO OUT 3;CARGO;N/A;3785
S014;2929;183.09;32.0;8.5;47;GL;BERÇO AL 01;CARGO;N/A;2515
S014;2930;228.0;37.0;9.5;32;CGC;BERÇO TECON 3;CARGO;N/A;2295
S014;2931;169.37;27.0;6.44;26;CGNC;BERÇO ARM 25;CARGO;N/A;6030
S014;2932;176.0;31.0;7.4;45;RORO;BERÇO TEV;CARGO;RO-RO;1330
S014;2933;99.95;21.0;8.8;7;CGNC;BERÇO CS 04;CARGO;N/A;950
S014;2934;199.85;32.0;10.84;25;CGNC;BERÇO ARM 35P1;CARGO;N/A;6455
S014;2935;270.9;43.0;12.25;51;CGC;BERÇO DPW 1;CARGO;N/A;1155
S014;2936;249.99;44.0;9.0;47;GL;BERÇO AL 01;CARGO;N/A;1605
S014;2937;229.0;32.0;6.8;42;GSA - E;BERÇO TEG;CARGO;N/A;6040
S014;2938;272.0;43.0;10.6;9;CGC;BERÇO BTP 3;CARGO;N/A;1200
S014;2939;299.18;48.0;9.8;9;CGC;BERÇO BTP 1;CARGO;N/A;640
S014;2940;231.0;32.0;10.2;51;CGC;BERÇO DPW 2;CARGO;N/A;1235
S014;2941;182.47;25.0;8.1;32;CGC;BERÇO TECON 1.1;CARGO;N/A;1565
S014;2942;335.98;48.0;11.8;9;CGC;BERÇO BTP 3;CARGO;N/A;1385
S014;2943;255.0;37.0;10.5;51;CGC;BERÇO DPW 1;CARGO;N/A;1055
S014;2944;204.36;32.0;11.8;52;CGNC;BERÇO DPW 4;CARGO;N/A;555
S014;2945;228.99;32.0;7.36;40;GSA - E;BERÇO TGG;CARGO;N/A;3645
S014;2946;330.08;48.0;12.1;9;CGC;BERÇO BTP 2;CARGO;N/A;1590
S014;2947;122.46;18.0;6.4;7;CGNC;BERÇO CS 04;CARGO;N/A;345
S014;2948;185.97;35.0;9.0;32;CGC;BERÇO TECON 1.1;CARGO;N/A;1205
S014;2949;189.04;32.0;8.6;2;GL;BERÇO Ageo I;CARGO;N/A;8300
S014;2950;165.17;27.0;7.0;54;GL;BERÇO DOW;CARGO;N/A;1545
S014;2951;165.17;27.0;8.7;2;GL;BERÇO IB SP;CARGO;N/A;2345
S014;2952;179.99;30.0;7.1;25;CGNC;BERÇO ARM 32;CARGO;N/A;6100
S014;2953;276.2;40.0;12.5;51;CGC;BERÇO DPW 2;CARGO;N/A;970
S014;2954;182.84;33.0;8.0;2;GL;BERÇO Ageo I;CARGO;N/A;5085
S014;2955;254.94;40.0;10.1;32;CGC;BERÇO TECON 1.1;CARGO;N/A;1180
S014;2956;299.95;48.0;12.9;32;CGC;BERÇO TECON 3;CARGO;N/A;2080
S014;2957;179.97;29.0;6.35;56;GSA - E;BERÇO TIPLAM 2;CARGO;N/A;2085
S014;2958;189.99;32.0;6.91;50;GSA - E;BERÇO CUTRALE;CARGO;N/A;4205
S014;2959;177.46;27.0;7.2;21;CGNC;BERÇO CS 04;CARGO;N/A;1480
S014;2960;333.96;48.0;14.35;32;CGC;BERÇO TECON 1.2;CARGO;N/A;1915
S014;2961;229.0;32.0;8.1;56;GSA - E;BERÇO TIPLAM 2;CARGO;N/A;5880
S014;2962;183.1;32.0;8.3;60;GL;BERÇO AL 03;CARGO;N/A;5240
S014;2963;225.0;32.0;11.25;52;CGNC;BERÇO DPW 4;CARGO;N/A;3125
S014;2964;225.0;32.0;10.15;4;CGNC;BERÇO ARM 32;CARGO;N/A;1230
S014;2965;225.0;32.0;6.8;39;GSA - E;BERÇO ARM 39;CARGO;N/A;2105
S014;2966;179.99;28.0;6.64;15;GSA - E;BERÇO ARM 16/17;CARGO;N/A;1435
S014;2967;88.9;19.0;5.5;53;CGNC;BERÇO SAIPEM 2;CARGO;N/A;3185
S014;2968;227.92;37.0;10.8;51;CGC;BERÇO DPW 1;CARGO;N/A;1365
S014;2969;228.9;32.0;7.6;46;GSA - E;BERÇO OUT 2;CARGO;N/A;3925
S014;2970;179.9;30.0;10.16;43;GSM - I;BERÇO TERMAG;CARGO;N/A;3090
S014;2971;320.58;42.0;10.6;51;CGC;BERÇO DPW 2;CARGO;N/A;825
S014;2972;300.0;48.0;9.9;32;CGC;BERÇO TECON 1.2;CARGO;N/A;845
S014;2973;199.97;32.0;8.55;45;RORO;BERÇO TEV;CARGO;RO-RO;2555
S014;2974;183.06;32.0;8.0;47;GL;BERÇO AL 02;CARGO;N/A;1605
S014;2975;299.9;45.0;12.9;9;CGC;BERÇO BTP 2;CARGO;N/A;925
S014;2976;229.0;32.0;8.62;15;GSA - E;BERÇO ARM 19;CARGO;N/A;3575
S014;2977;333.2;48.0;11.5;9;CGC;BERÇO BTP 1;CARGO;N/A;1060
S014;2978;147.24;23.0;6.6;13;CGNC;BERÇO CORTE;CARGO;N/A;675
S014;2979;199.9;32.0;7.34;38;GSA - E;BERÇO ARM 12A;CARGO;N/A;6135
S014;2980;189.75;32.0;7.3;52;CGNC;BERÇO DPW 3;CARGO;N/A;8200
S014;2981;183.2;28.0;8.0;47;GL;BERÇO AL 02;CARGO;N/A;1225
S014;2982;199.98;32.0;8.4;45;RORO;BERÇO TEV;CARGO;RO-RO;370
S014;2983;228.9;32.0;7.37;39;GSA - E;BERÇO ARM 39;CARGO;N/A;8990
S014;2984;299.95;43.0;12.3;32;CGC;BERÇO TECON 2;CARGO;N/A;3545
S014;2985;177.13;29.0;6.0;15;GSA - E;BERÇO ARM 16/17;CARGO;N/A;1110
S014;2986;183.15;32.0;7.85;2;GL;BERÇO IB BC;CARGO;N/A;2755
S014;2987;256.07;37.0;10.2;9;CGC;BERÇO BTP 3;CARGO;N/A;885
S014;2988;225.0;32.0;8.7;57;GSM - I;BERÇO TIPLAM 1;CARGO;N/A;3625
S014;2989;182.93;32.0;6.4;56;GSA - E;BERÇO TIPLAM 2;CARGO;N/A;7725
S014;2990;210.96;32.0;10.2;9;CGC;BERÇO BTP 2;CARGO;N/A;1700
S014;2991;249.12;38.0;10.3;9;CGC;BERÇO BTP 1;CARGO;N/A;975
S014;2992;229.0;32.0;7.6;39;GSA - E;BERÇO ARM 39;CARGO;N/A;2020
S014;2993;225.0;32.0;7.6;8;CGNC;BERÇO ARM 35P2;CARGO;N/A;7290
S014;2994;225.0;32.0;7.6;8;CGNC;BERÇO ARM 35P1;CARGO;N/A;7290
S014;2995;189.99;33.0;6.26;41;GSA - E;BERÇO ARM 38;CARGO;N/A;3075
S014;2996;177.13;28.0;6.24;58;GSM - E;BERÇO USIMINAS 1;CARGO;N/A;9555
S014;2997;229.02;32.0;6.4;56;GSA - E;BERÇO TIPLAM 3;CARGO;N/A;4035
S014;2998;223.98;35.0;8.5;32;CGC;BERÇO TECON 1.1;CARGO;N/A;1145
S014;2999;199.98;32.0;9.5;45;RORO;BERÇO TEV;CARGO;RO-RO;270
S014;3000;199.95;32.0;9.1;45;RORO;BERÇO TEV;CARGO;RO-RO;910
S014;3001;228.95;36.0;7.11;44;GSA - E;BERÇO ARM 37;CARGO;N/A;2105
S014;3002;260.05;32.0;11.1;32;CGC;BERÇO TECON 1.1;CARGO;N/A;945
S014;3003;299.9;46.0;14.35;51;CGC;BERÇO DPW 1;CARGO;N/A;1640
S014;3004;229.0;32.0;7.5;44;GSA - E;BERÇO ARM 37;CARGO;N/A;8295
S014;3005;299.9;45.0;12.0;9;CGC;BERÇO BTP 3;CARGO;N/A;1255
S014;3006;269.8;35.0;11.51;51;CGC;BERÇO DPW 2;CARGO;N/A;1570
S014;3007;199.94;32.0;7.4;45;RORO;BERÇO TEV;CARGO;RO-RO;2865
S014;3008;179.97;30.0;9.77;57;GSM - I;BERÇO TIPLAM 4;CARGO;N/A;3560
S014;3009;199.99;33.0;8.8;45;RORO;BERÇO TEV;CARGO;RO-RO;1350
S014;3010;228.99;32.0;6.92;40;GSA - E;BERÇO TGG;CARGO;N/A;7065
S014;3011;299.82;48.0;11.9;9;CGC;BERÇO BTP 3;CARGO;N/A;2130
S014;3012;85.34;18.0;5.0;53;CGNC;BERÇO SAIPEM 3;CARGO;N/A;2335
S014;3013;228.99;32.0;8.74;15;GSA - E;BERÇO ARM 19;CARGO;N/A;2855
S014;3014;259.8;32.0;10.65;32;CGC;BERÇO TECON 1.1;CARGO;N/A;730
S014;3015;299.98;48.0;8.7;9;CGC;BERÇO BTP 2;CARGO;N/A;1440
S014;3016;322.97;42.0;10.65;9;CGC;BERÇO BTP 1;CARGO;N/A;1670
S014;3017;218.45;30.0;10.65;32;CGC;BERÇO TECON 3;CARGO;N/A;1130
S014;3018;218.45;30.0;9.8;32;CGC;BERÇO TECON 1.2;CARGO;N/A;1415
S014;3019;299.89;48.0;10.3;9;CGC;BERÇO BTP 2;CARGO;N/A;1180
S014;3020;227.2;36.0;9.78;12;GSA - E;BERÇO ARM 20/21;CARGO;N/A;1135
S014;3021;333.95;48.0;10.6;32;CGC;BERÇO TECON 1.2;CARGO;N/A;2365
S014;3022;229.0;32.0;8.8;50;GSA - E;BERÇO CUTRALE;CARGO;N/A;315
S014;3023;199.96;32.0;9.4;16;GSM - I;BERÇO ARM 22/23;CARGO;N/A;5020
S014;3024;199.08;30.0;11.0;16;GSM - I;BERÇO ARM 22/23;CARGO;N/A;8060
S014;3025;182.8;32.0;9.1;2;GL;BERÇO IB BC;CARGO;N/A;10855
S014;3026;228.9;32.0;7.5;44;GSA - E;BERÇO ARM 37;CARGO;N/A;3035
S014;3027;228.99;32.0;6.55;40;GSA - E;BERÇO TGG;CARGO;N/A;2215
S014;3028;175.1;28.0;7.0;51;CGC;BERÇO DPW 2;CARGO;N/A;1745
S014;3029;199.98;32.0;8.39;15;GSA - E;BERÇO ARM 16/17;CARGO;N/A;1425
S014;3030;204.85;32.0;7.45;49;GL;BERÇO CUTRALE;CARGO;N/A;6310
S014;3031;186.35;28.0;10.1;9;CGC;BERÇO BTP 1;CARGO;N/A;775
S014;3032;145.63;18.0;7.4;13;CGNC;BERÇO CS 04;CARGO;N/A;830
S014;3033;299.18;48.0;12.0;9;CGC;BERÇO BTP 3;CARGO;N/A;1950
S014;3034;170.0;26.0;6.45;1;GL;BERÇO IB SP;CARGO;N/A;4185
S014;3035;335.95;51.0;10.8;32;CGC;BERÇO TECON 2;CARGO;N/A;2990
S014;3036;179.99;29.0;8.7;25;CGNC;BERÇO ARM 33;CARGO;N/A;10390
S014;3037;228.95;35.0;7.22;56;GSA - E;BERÇO TIPLAM 3;CARGO;N/A;2895
S014;3038;229.0;32.0;6.82;12;GSA - E;BERÇO ARM 20/21;CARGO;N/A;3485
S014;3039;261.09;32.0;11.6;32;CGC;BERÇO TECON 1.1;CARGO;N/A;930
S014;3040;299.96;48.0;10.3;9;CGC;BERÇO BTP 2;CARGO;N/A;1025
S014;3041;228.99;32.0;7.03;44;GSA - E;BERÇO ARM 37;CARGO;N/A;2640
S014;3042;208.85;30.0;10.0;32;CGC;BERÇO TECON 2;CARGO;N/A;1140
S014;3043;82.3;17.0;4.5;53;CGNC;BERÇO SAIPEM 2;CARGO;N/A;1105
S014;3044;254.94;40.0;10.5;32;CGC;BERÇO TECON 1.1;CARGO;N/A;1435
S014;3045;229.0;32.0;7.25;46;GSA - E;BERÇO OUT 3;CARGO;N/A;3645
S014;3046;272.02;40.0;10.35;51;CGC;BERÇO DPW 1;CARGO;N/A;1245
S014;3047;304.16;40.0;12.0;9;CGC;BERÇO BTP 1;CARGO;N/A;1625
S014;3048;199.98;32.0;6.47;39;GSA - E;BERÇO ARM 39;CARGO;N/A;2185
S014;3049;87.9;19.0;5.1;53;CGNC;BERÇO SAIPEM 3;CARGO;N/A;4690
S014;3050;182.94;32.0;9.55;25;CGNC;BERÇO ARM 31;CARGO;N/A;11830
S014;3051;225.0;32.0;7.3;41;GSA - E;BERÇO ARM 38;CARGO;N/A;6220
S014;3052;183.09;32.0;8.9;59;GL;BERÇO AL 03;CARGO;N/A;5820
S014;3053;179.88;32.0;10.8;2;GL;BERÇO Ageo I;CARGO;N/A;6890
S014;3054;199.9;32.0;7.5;39;GSA - E;BERÇO ARM 39;CARGO;N/A;2530
S014;3055;183.2;32.0;7.95;2;GL;BERÇO IB SP;CARGO;N/A;1865
S014;3056;182.47;25.0;8.8;32;CGC;BERÇO TECON 1.2;CARGO;N/A;2495
S014;3057;229.5;37.0;7.86;56;GSA - E;BERÇO TIPLAM 3;CARGO;N/A;1880
S014;3058;229.0;32.0;7.27;38;GSA - E;BERÇO ARM 13/14;CARGO;N/A;900
S014;3059;336.0;51.0;14.5;32;CGC;BERÇO TECON 2;CARGO;N/A;1680
S014;3060;243.35;32.0;8.5;51;CGC;BERÇO DPW 2;CARGO;N/A;355
S014;3061;254.73;37.0;9.9;51;CGC;BERÇO DPW 1;CARGO;N/A;1055
S014;3062;229.0;32.0;7.17;12;GSA - E;BERÇO ARM 20/21;CARGO;N/A;2260
S014;3063;222.14;30.0;8.9;32;CGC;BERÇO TECON 2;CARGO;N/A;625
S014;3064;199.97;32.0;8.2;45;RORO;BERÇO TEV;CARGO;RO-RO;1940
S014;3065;201.8;32.0;9.64;8;CGNC;BERÇO ARM 35P2;CARGO;N/A;1625
S014;3066;201.8;32.0;9.64;8;CGNC;BERÇO ARM 35P2;CARGO;N/A;1625
S014;3067;229.0;32.0;7.3;46;GSA - E;BERÇO OUT 2;CARGO;N/A;3925
S014;3068;193.07;32.0;7.3;15;GSA - E;BERÇO ARM 19;CARGO;N/A;2895
S014;3069;224.98;32.0;7.21;12;GSA - E;BERÇO ARM 20/21;CARGO;N/A;3315
S014;3070;189.98;28.0;6.0;15;GSA - E;BERÇO ARM 19;CARGO;N/A;1510
S014;3071;299.2;40.0;9.3;32;CGC;BERÇO TECON 3;CARGO;N/A;1170
S014;3072;199.9;32.0;12.65;25;CGNC;BERÇO ARM 35P2;CARGO;N/A;6570
S014;3073;225.0;32.0;9.35;14;CGNC;BERÇO ARM 31;CARGO;N/A;1430
S014;3074;255.4;38.0;10.94;51;CGC;BERÇO DPW 2;CARGO;N/A;1380
S014;3075;156.53;25.0;6.7;33;GL;BERÇO AL 02;CARGO;N/A;1790
S014;3076;249.12;37.0;12.65;51;CGC;BERÇO DPW 1;CARGO;N/A;1115
S014;3077;294.0;32.0;8.9;32;CGC;BERÇO TECON 3;CARGO;N/A;895
S014;3078;305.6;40.0;10.6;51;CGC;BERÇO DPW 1;CARGO;N/A;1415
S014;3079;179.88;32.0;10.6;2;GL;BERÇO IB OE;CARGO;N/A;5605
S014;3080;182.84;33.0;8.2;2;GL;BERÇO IB OE;CARGO;N/A;6590
S014;3081;119.9;22.0;8.2;2;GL;BERÇO IB SP;CARGO;N/A;2860
S014;3082;299.18;48.0;10.5;9;CGC;BERÇO BTP 2;CARGO;N/A;1660
S014;3083;335.93;51.0;13.4;32;CGC;BERÇO TECON 2;CARGO;N/A;1795
S014;3084;189.99;32.0;6.88;56;GSA - E;BERÇO TIPLAM 3;CARGO;N/A;3270
S014;3085;300.0;48.0;11.0;9;CGC;BERÇO BTP 1;CARGO;N/A;1710
S014;3086;158.83;26.0;6.75;2;GL;BERÇO IB OE;CARGO;N/A;4415
S014;3087;170.0;26.0;10.05;61;GL;BERÇO AL 04;CARGO;N/A;655
S014;3088;228.41;36.0;7.26;40;GSA - E;BERÇO TGG;CARGO;N/A;2280
S014;3089;183.1;32.0;8.3;54;GL;BERÇO DOW;CARGO;N/A;435
S014;3090;228.94;32.0;7.23;56;GSA - E;BERÇO TIPLAM 3;CARGO;N/A;3770
S014;3091;329.77;48.0;12.0;9;CGC;BERÇO BTP 3;CARGO;N/A;1700
S014;3092;179.87;28.0;9.9;47;GL;BERÇO AL 02;CARGO;N/A;1815
S014;3093;194.87;32.0;8.7;32;CGC;BERÇO TECON 2;CARGO;N/A;1440
S014;3094;182.93;30.0;9.43;58;GSM - E;BERÇO USIMINAS 3;CARGO;N/A;6980
S014;3095;243.35;32.0;8.9;32;CGC;BERÇO TECON 1.1;CARGO;N/A;675
S014;3096;299.95;44.0;12.3;32;CGC;BERÇO TECON 1.2;CARGO;N/A;1210
S014;3097;182.9;40.0;7.4;47;GL;BERÇO AL 01;CARGO;N/A;1775
S014;3098;299.9;46.0;12.2;9;CGC;BERÇO BTP 3;CARGO;N/A;920
S014;3099;225.0;32.0;11.55;52;CGNC;BERÇO DPW 4;CARGO;N/A;2680
S014;3100;276.2;40.0;12.0;9;CGC;BERÇO BTP 2;CARGO;N/A;1250
S014;3101;199.98;32.0;7.9;56;GSA - E;BERÇO TIPLAM 3;CARGO;N/A;2600
S014;3102;227.97;37.0;11.4;51;CGC;BERÇO DPW 2;CARGO;N/A;1365
S014;3103;333.9;48.0;14.3;32;CGC;BERÇO TECON 3;CARGO;N/A;1800
S014;3104;183.06;32.0;8.0;1;GL;BERÇO IB SP;CARGO;N/A;1535
S014;3105;199.98;32.0;6.8;38;GSA - E;BERÇO ARM 13/14;CARGO;N/A;800
S014;3106;229.0;32.0;7.5;39;GSA - E;BERÇO ARM 39;CARGO;N/A;4125
S014;3107;225.0;32.0;11.96;42;GSA - E;BERÇO TEG;CARGO;N/A;685
S014;3108;199.98;37.0;8.5;45;RORO;BERÇO TEV;CARGO;RO-RO;570
S014;3109;199.98;32.0;9.0;45;RORO;BERÇO TEV;CARGO;RO-RO;1540
S014;3110;229.0;32.0;8.8;50;GSA - E;BERÇO CUTRALE;CARGO;N/A;3310
S014;3111;210.96;32.0;9.9;9;CGC;BERÇO BTP 3;CARGO;N/A;1535
S014;3112;272.08;40.0;10.4;9;CGC;BERÇO BTP 1;CARGO;N/A;1105
S014;3113;213.88;32.0;8.4;13;CGNC;BERÇO VAL;CARGO;N/A;2100
S014;3114;225.0;32.0;7.13;38;GSA - E;BERÇO ARM 12A;CARGO;N/A;2525
S014;3115;183.31;32.0;11.9;60;GL;BERÇO AL 03;CARGO;N/A;3840
S014;3116;228.9;33.0;7.35;42;GSA - E;BERÇO TEG;CARGO;N/A;5185
S014;3117;199.9;32.0;7.0;56;GSA - E;BERÇO TIPLAM 2;CARGO;N/A;2760
S014;3118;180.0;30.0;9.96;18;GSA - I;BERÇO ARM 13/14;CARGO;N/A;16035
S014;3119;179.97;30.0;9.5;16;GSM - I;BERÇO ARM 22/23;CARGO;N/A;2415
S014;3120;169.37;27.0;6.66;28;CGNC;BERÇO CS 01;CARGO;N/A;3255
S014;3121;225.0;32.0;11.83;42;GSA - E;BERÇO TEG;CARGO;N/A;570
S014;3122;304.14;40.0;12.3;51;CGC;BERÇO DPW 2;CARGO;N/A;1805
S014;3123;204.36;32.0;7.45;35;CGNC;BERÇO ARM 32;CARGO;N/A;1820
S014;3124;76.0;18.0;5.1;53;CGNC;BERÇO SAIPEM 2;CARGO;N/A;1835
S014;3125;200.0;36.0;8.4;32;CGC;BERÇO TECON 1.1;CARGO;N/A;1625
S014;3126;183.0;30.0;10.5;25;CGNC;BERÇO ARM 29;CARGO;N/A;7515
S014;3127;204.85;32.0;8.4;10;GL;BERÇO ARM 29;CARGO;N/A;5640
S014;3128;183.06;32.0;7.6;1;GL;BERÇO IB BC;CARGO;N/A;2595
S014;3129;229.0;32.0;13.18;46;GSA - E;BERÇO OUT 2;CARGO;N/A;130
S014;3130;333.2;48.0;13.95;51;CGC;BERÇO DPW 1;CARGO;N/A;2310
S014;3131;201.8;32.0;11.7;14;CGNC;BERÇO ARM 31;CARGO;N/A;2480
S014;3132;181.72;28.0;6.7;51;CGC;BERÇO DPW 2;CARGO;N/A;1975
S014;3133;180.0;30.0;8.07;25;CGNC;BERÇO ARM 32;CARGO;N/A;9330
S014;3134;180.0;30.0;6.0;37;GSA - E;BERÇO TEAG;CARGO;N/A;2010
S014;3135;199.91;35.0;8.15;32;CGC;BERÇO TECON 3;CARGO;N/A;1815
S014;3136;199.2;30.0;7.7;14;CGNC;BERÇO ARM 31;CARGO;N/A;2375
S014;3137;337.0;48.0;11.8;9;CGC;BERÇO BTP 1;CARGO;N/A;1035
S014;3138;263.23;32.0;11.7;32;CGC;BERÇO TECON 1.2;CARGO;N/A;930
S014;3139;212.5;32.0;10.49;28;CGNC;BERÇO CS 03;CARGO;N/A;9460
S014;3140;201.8;33.0;7.4;13;CGNC;BERÇO CS 04;CARGO;N/A;6250
S014;3141;328.46;48.0;14.5;9;CGC;BERÇO BTP 2;CARGO;N/A;2345
S014;3142;138.45;21.0;7.2;13;CGNC;BERÇO BTP 3;CARGO;N/A;1750
S014;3143;179.87;28.0;9.2;55;GL;BERÇO TIPLAM 1;CARGO;N/A;1465
S014;3144;189.99;32.0;6.26;12;GSA - E;BERÇO ARM 20/21;CARGO;N/A;1195
S014;3145;199.98;32.0;8.02;15;GSA - E;BERÇO ARM 16/17;CARGO;N/A;2355
S014;3146;330.0;48.0;14.5;9;CGC;BERÇO BTP 2;CARGO;N/A;1270
S014;3147;149.93;24.0;6.5;2;GL;BERÇO IB SP;CARGO;N/A;2205
S014;3148;199.98;32.0;6.73;15;GSA - E;BERÇO ARM 19;CARGO;N/A;2205
S014;3149;199.98;32.0;6.9;38;GSA - E;BERÇO ARM 13/14;CARGO;N/A;1690
S014;3150;196.0;32.0;6.74;44;GSA - E;BERÇO ARM 37;CARGO;N/A;2670
S014;3151;172.0;28.0;7.0;9;CGC;BERÇO BTP 2;CARGO;N/A;225
S014;3152;170.0;26.0;8.15;33;GL;BERÇO AL 03;CARGO;N/A;2805
S014;3153;210.54;30.0;9.3;32;CGC;BERÇO TECON 1.1;CARGO;N/A;1940
S014;3154;222.14;30.0;9.6;32;CGC;BERÇO TECON 3;CARGO;N/A;1050
S014;3155;260.0;46.0;14.3;32;CGC;BERÇO TECON 2;CARGO;N/A;1100
S014;3156;225.0;32.0;6.3;56;GSA - E;BERÇO TIPLAM 2;CARGO;N/A;3170
S014;3157;333.95;48.0;10.9;32;CGC;BERÇO TECON 1.2;CARGO;N/A;1915
S014;3158;212.54;31.0;11.5;32;CGC;BERÇO TECON 1.1;CARGO;N/A;580
S014;3159;272.0;43.0;12.6;9;CGC;BERÇO BTP 1;CARGO;N/A;1390
S014;3160;189.99;32.0;9.02;37;GSA - E;BERÇO TEAG;CARGO;N/A;1900
S014;3161;177.9;33.0;8.0;53;CGNC;BERÇO SAIPEM 2;CARGO;N/A;3230
S014;3162;179.44;28.0;9.1;14;CGNC;BERÇO ARM 31;CARGO;N/A;3315
S014;3163;333.2;48.0;12.6;51;CGC;BERÇO DPW 1;CARGO;N/A;2540
S014;3164;225.0;32.0;7.29;12;GSA - E;BERÇO ARM 20/21;CARGO;N/A;3730
S014;3165;228.9;32.0;7.5;39;GSA - E;BERÇO ARM 39;CARGO;N/A;2995
S014;3166;228.99;32.0;9.0;56;GSA - E;BERÇO TIPLAM 2;CARGO;N/A;1465
S014;3167;228.99;32.0;6.8;37;GSA - E;BERÇO TEAG;CARGO;N/A;2700
S014;3168;236.32;36.0;8.15;45;RORO;BERÇO TEV;CARGO;RO-RO;830
S014;3169;255.36;37.0;9.8;51;CGC;BERÇO DPW 2;CARGO;N/A;2055
S014;3170;165.17;27.0;8.2;54;GL;BERÇO DOW;CARGO;N/A;440
S014;3171;299.96;48.0;9.4;9;CGC;BERÇO BTP 2;CARGO;N/A;1700
S014;3172;299.98;48.0;11.3;9;CGC;BERÇO BTP 3;CARGO;N/A;1195
S014;3173;210.54;9.0;10.0;32;CGC;BERÇO TECON 1.1;CARGO;N/A;1170
S014;3174;229.0;32.0;7.2;50;GSA - E;BERÇO CUTRALE;CARGO;N/A;3440
S014;3175;228.15;32.0;9.5;32;CGC;BERÇO TECON 3;CARGO;N/A;1770
S014;3176;199.99;32.0;6.81;52;CGNC;BERÇO DPW 4;CARGO;N/A;1915
S014;3177;225.0;32.0;11.15;13;CGNC;BERÇO CS 04;CARGO;N/A;1320
S014;3178;229.0;32.0;7.1;44;GSA - E;BERÇO ARM 37;CARGO;N/A;3080
S014;3179;299.2;40.0;8.6;32;CGC;BERÇO TECON 1.2;CARGO;N/A;1250
S014;3180;182.96;32.0;9.4;54;GL;BERÇO DOW;CARGO;N/A;1640
S014;3181;182.8;32.0;8.0;61;GL;BERÇO IB BC;CARGO;N/A;715
S014;3182;300.0;48.0;10.5;32;CGC;BERÇO TECON 1.2;CARGO;N/A;1250
S014;3183;236.32;36.0;8.2;13;CGNC;BERÇO VAL;CARGO;N/A;715
S014;3184;182.0;30.0;6.7;38;GSA - E;BERÇO ARM 12A;CARGO;N/A;2365
S014;3185;229.0;32.0;7.41;40;GSA - E;BERÇO TGG;CARGO;N/A;2635
S014;3186;229.0;32.0;7.09;39;GSA - E;BERÇO ARM 39;CARGO;N/A;3275
S014;3187;210.0;37.0;7.6;44;GSA - E;BERÇO ARM 37;CARGO;N/A;2705
S014;3188;339.6;46.0;13.7;51;CGC;BERÇO DPW 1;CARGO;N/A;2050
S014;3189;182.47;25.0;8.9;32;CGC;BERÇO TECON 3;CARGO;N/A;2110
S014;3190;183.0;27.0;7.5;47;GL;BERÇO AL 02;CARGO;N/A;950
S014;3191;200.0;32.0;6.7;12;GSA - E;BERÇO ARM 20/21;CARGO;N/A;1405
S014;3192;254.87;37.0;9.6;51;CGC;BERÇO DPW 1;CARGO;N/A;1175
S014;3193;183.06;32.0;8.0;47;GL;BERÇO AL 01;CARGO;N/A;1470
S014;3194;185.06;30.0;7.1;2;GL;BERÇO IB BC;CARGO;N/A;2775
S014;3195;229.0;32.0;7.25;37;GSA - E;BERÇO TEAG;CARGO;N/A;2390
S014;3196;272.26;43.0;14.2;9;CGC;BERÇO BTP 1;CARGO;N/A;1415
S014;3197;180.0;30.0;6.75;56;GSA - E;BERÇO TIPLAM 2;CARGO;N/A;1565
S014;3198;228.19;32.0;8.8;32;CGC;BERÇO TECON 3;CARGO;N/A;600
S014;3199;85.34;18.0;4.8;53;CGNC;BERÇO SAIPEM 1;CARGO;N/A;1500
S014;3200;336.0;51.0;14.3;32;CGC;BERÇO TECON 2;CARGO;N/A;2365
S014;3201;183.2;32.0;7.8;60;GL;BERÇO AL 04;CARGO;N/A;2760
S014;3202;185.97;35.0;8.05;51;CGC;BERÇO DPW 2;CARGO;N/A;1190
S014;3203;228.99;32.0;7.32;40;GSA - E;BERÇO TGG;CARGO;N/A;2290
S014;3204;229.0;32.0;7.2;40;GSA - E;BERÇO TGG;CARGO;N/A;2015
S014;3205;144.09;24.0;8.6;2;GL;BERÇO IB SP;CARGO;N/A;3610
S014;3206;179.9;30.0;9.68;58;GSM - E;BERÇO USIMINAS 3;CARGO;N/A;6655
S014;3207;229.0;32.0;7.3;40;GSA - E;BERÇO TGG;CARGO;N/A;2140
S014;3208;76.0;18.0;6.0;53;CGNC;BERÇO SAIPEM 3;CARGO;N/A;2420
S014;3209;225.0;32.0;6.8;39;GSA - E;BERÇO ARM 39;CARGO;N/A;3835
S014;3210;336.0;51.0;9.9;32;CGC;BERÇO TECON 2;CARGO;N/A;3185
S014;3211;183.98;27.4;7.4;47;GL;BERÇO AL 02;CARGO;N/A;2245
S014;3212;225.0;32.0;9.5;35;CGNC;BERÇO ARM 32;CARGO;N/A;1305
S014;3213;189.99;32.0;12.08;43;GSM - I;BERÇO TERMAG;CARGO;N/A;5135
S014;3214;229.0;32.0;7.28;46;GSA - E;BERÇO ARM 19;CARGO;N/A;5590
S014;3215;225.0;32.0;12.51;42;GSA - E;BERÇO TEG;CARGO;N/A;590
S014;3216;180.0;30.0;9.91;17;GSA - I;BERÇO ARM 30;CARGO;N/A;4490
S014;3217;199.99;32.0;7.0;41;GSA - E;BERÇO ARM 38;CARGO;N/A;3525
S014;3218;229.0;32.0;9.25;15;GSA - E;BERÇO ARM 16/17;CARGO;N/A;3440
S014;3219;227.95;38.0;11.0;9;CGC;BERÇO BTP 2;CARGO;N/A;755
S014;3220;184.1;25.0;8.6;13;CGNC;BERÇO CORTE;CARGO;N/A;2145
S014;3221;299.95;44.0;12.3;9;CGC;BERÇO BTP 1;CARGO;N/A;605
S014;3222;179.9;28.0;10.95;25;CGNC;BERÇO ARM 33;CARGO;N/A;8115
S014;3223;260.05;32.0;9.5;32;CGC;BERÇO TECON 2;CARGO;N/A;860
S014;3224;229.0;32.0;7.3;12;GSA - E;BERÇO ARM 20/21;CARGO;N/A;5800
S014;3225;199.9;32.0;7.1;38;GSA - E;BERÇO ARM 12A;CARGO;N/A;4940
S014;3226;228.99;32.0;6.73;44;GSA - E;BERÇO ARM 37;CARGO;N/A;6035
S014;3227;87.9;19.0;5.1;53;CGNC;BERÇO SAIPEM 2;CARGO;N/A;6860
S014;3228;330.0;48.0;11.55;9;CGC;BERÇO BTP 3;CARGO;N/A;1740
S014;3229;170.0;26.0;7.25;49;GL;BERÇO CUTRALE;CARGO;N/A;3080
S014;3230;185.11;24.0;6.14;37;GSA - E;BERÇO TEAG;CARGO;N/A;1665
S014;3231;299.9;45.0;12.0;32;CGC;BERÇO TECON 1.2;CARGO;N/A;1565
S014;3232;199.98;32.0;6.72;44;GSA - E;BERÇO ARM 37;CARGO;N/A;2395
S014;3233;229.5;37.0;10.51;15;GSA - E;BERÇO ARM 16/17;CARGO;N/A;1245
S014;3234;199.98;32.0;6.5;15;GSA - E;BERÇO ARM 19;CARGO;N/A;18550
S014;3235;199.99;32.0;11.6;57;GSM - I;BERÇO TIPLAM 1;CARGO;N/A;7885
S014;3236;228.9;32.0;7.28;46;GSA - E;BERÇO OUT 2;CARGO;N/A;5285
S014;3237;299.98;48.0;9.5;9;CGC;BERÇO BTP 1;CARGO;N/A;1050
S014;3238;227.95;38.0;10.8;51;CGC;BERÇO DPW 1;CARGO;N/A;1220
S014;3239;299.97;40.0;12.8;32;CGC;BERÇO TECON 3;CARGO;N/A;1475
S014;3240;299.9;45.0;11.85;9;CGC;BERÇO BTP 2;CARGO;N/A;2710
S014;3241;249.12;37.0;11.8;9;CGC;BERÇO BTP 1;CARGO;N/A;1125
S014;3242;182.14;25.0;9.0;60;GL;BERÇO AL 02;CARGO;N/A;2540
S014;3243;228.99;32.0;7.3;40;GSA - E;BERÇO TGG;CARGO;N/A;2970
S014;3244;300.4;40.0;12.3;9;CGC;BERÇO BTP 1;CARGO;N/A;1685
S014;3245;189.99;33.0;11.45;16;GSM - I;BERÇO ARM 22/23;CARGO;N/A;2300
S014;3246;224.95;32.0;6.5;15;GSA - E;BERÇO ARM 16/17;CARGO;N/A;2165
S014;3247;210.96;32.0;9.0;9;CGC;BERÇO BTP 2;CARGO;N/A;1015
S014;3248;88.9;19.0;5.5;53;CGNC;BERÇO SAIPEM 3;CARGO;N/A;4485
S014;3249;248.97;44.0;8.4;47;GL;BERÇO AL 01;CARGO;N/A;2185
S014;3250;293.18;40.0;10.7;51;CGC;BERÇO DPW 2;CARGO;N/A;615
S014;3251;199.94;32.0;7.35;45;RORO;BERÇO TEV;CARGO;RO-RO;2325
S014;3252;189.9;32.0;6.3;38;GSA - E;BERÇO ARM 13/14;CARGO;N/A;8635
S014;3253;199.9;32.0;7.2;42;GSA - E;BERÇO TEG;CARGO;N/A;3660
S014;3254;199.98;32.0;6.69;37;GSA - E;BERÇO TEAG;CARGO;N/A;6545
S014;3255;224.98;32.0;7.9;41;GSA - E;BERÇO ARM 38;CARGO;N/A;3165
S014;3256;225.0;32.0;13.39;44;GSA - E;BERÇO ARM 37;CARGO;N/A;540
S014;3257;223.96;35.0;8.05;32;CGC;BERÇO TECON 1.2;CARGO;N/A;580
S014;3258;183.2;28.0;8.0;47;GL;BERÇO AL 01;CARGO;N/A;1400
S014;3259;183.06;32.0;7.2;60;GL;BERÇO AL 04;CARGO;N/A;8915
S014;3260;199.9;32.0;7.2;38;GSA - E;BERÇO ARM 12A;CARGO;N/A;13420
S014;3261;299.9;46.0;11.6;9;CGC;BERÇO BTP 3;CARGO;N/A;2590
S014;3262;331.1;48.0;13.7;51;CGC;BERÇO DPW 2;CARGO;N/A;1285
S014;3263;226.0;36.0;11.2;47;GL;BERÇO AL 01;CARGO;N/A;4605
S014;3264;320.58;42.0;11.9;51;CGC;BERÇO DPW 1;CARGO;N/A;1245
S014;3265;185.96;35.0;9.5;32;CGC;BERÇO TECON 3;CARGO;N/A;1765
S014;3266;199.98;32.0;8.9;45;RORO;BERÇO TEV;CARGO;RO-RO;1535
S014;3267;199.95;32.0;7.9;45;RORO;BERÇO TEV;CARGO;RO-RO;1430
S014;3268;228.99;32.0;7.0;50;GSA - E;BERÇO CUTRALE;CARGO;N/A;3175
S014;3269;199.85;32.0;8.87;56;GSA - E;BERÇO TIPLAM 2;CARGO;N/A;3050
S014;3270;189.99;33.0;10.15;28;CGNC;BERÇO CS 01;CARGO;N/A;5940
S014;3271;179.99;30.0;6.5;20;GL;BERÇO ARM 30;CARGO;N/A;8240
S014;3272;199.2;30.0;8.1;14;CGNC;BERÇO ARM 31;CARGO;N/A;1900
S014;3273;138.54;21.0;6.6;13;CGNC;BERÇO CS 04;CARGO;N/A;685
S014;3274;185.06;30.0;7.0;33;GL;BERÇO AL 03;CARGO;N/A;4560
S014;3275;228.99;32.0;8.18;15;GSA - E;BERÇO ARM 16/17;CARGO;N/A;3040
S014;3276;201.8;33.0;7.6;8;CGNC;BERÇO ARM 35P2;CARGO;N/A;5530
S014;3277;201.8;33.0;7.6;8;CGNC;BERÇO ARM 35P1;CARGO;N/A;5530
S014;3278;299.88;48.0;12.2;9;CGC;BERÇO BTP 3;CARGO;N/A;2355
S014;3279;229.0;32.0;6.09;38;GSA - E;BERÇO ARM 13/14;CARGO;N/A;4320
S014;3280;199.9;33.0;9.63;56;GSA - E;BERÇO TIPLAM 2;CARGO;N/A;2300
S014;3281;199.9;33.0;7.26;37;GSA - E;BERÇO TEAG;CARGO;N/A;4515
S014;3282;272.0;43.0;12.5;9;CGC;BERÇO BTP 1;CARGO;N/A;1350
S014;3283;266.65;35.0;10.7;51;CGC;BERÇO DPW 2;CARGO;N/A;1075
S014;3284;183.09;32.0;8.0;47;GL;BERÇO AL 01;CARGO;N/A;1200
S014;3285;80.5;18.0;6.4;53;CGNC;BERÇO SAIPEM 1;CARGO;N/A;630
S014;3286;224.94;32.0;7.07;44;GSA - E;BERÇO ARM 37;CARGO;N/A;2595
S014;3287;208.85;30.0;11.0;32;CGC;BERÇO TECON 1.2;CARGO;N/A;1045
S014;3288;194.87;32.0;9.0;32;CGC;BERÇO TECON 1.2;CARGO;N/A;1235
S014;3289;330.0;48.0;14.4;9;CGC;BERÇO BTP 2;CARGO;N/A;2340
S014;3290;229.0;32.0;7.33;46;GSA - E;BERÇO OUT 2;CARGO;N/A;6350
S014;3291;229.0;32.0;7.4;15;GSA - E;BERÇO ARM 16/17;CARGO;N/A;1975
S014;3292;333.2;48.0;12.2;51;CGC;BERÇO DPW 1;CARGO;N/A;2605
S014;3293;225.0;32.0;7.0;40;GSA - E;BERÇO TGG;CARGO;N/A;1820
S014;3294;175.1;28.0;7.2;51;CGC;BERÇO DPW 2;CARGO;N/A;2150
S014;3295;224.94;32.0;6.9;44;GSA - E;BERÇO ARM 37;CARGO;N/A;2505
S014;3296;224.98;32.0;7.1;15;GSA - E;BERÇO ARM 16/17;CARGO;N/A;2780
S014;3297;261.03;33.0;10.8;32;CGC;BERÇO TECON 1.2;CARGO;N/A;1050
S014;3298;299.18;48.0;10.5;32;CGC;BERÇO TECON 3;CARGO;N/A;1005
S014;3299;218.45;30.0;10.8;32;CGC;BERÇO TECON 1.1;CARGO;N/A;705
S014;3300;272.08;40.0;10.1;51;CGC;BERÇO DPW 2;CARGO;N/A;1380
S014;3301;149.93;24.0;7.0;59;GL;BERÇO AL 02;CARGO;N/A;1880
S014;3302;82.3;17.0;4.5;53;CGNC;BERÇO SAIPEM 1;CARGO;N/A;1325
S014;3303;300.4;40.0;11.9;32;CGC;BERÇO TECON 3;CARGO;N/A;1575
S014;3304;228.99;32.0;7.34;15;GSA - E;BERÇO ARM 19;CARGO;N/A;1140
S014;3305;182.5;32.0;12.2;2;GL;BERÇO Ageo I;CARGO;N/A;8190
S014;3306;144.09;24.0;9.8;1;GL;BERÇO IB SP;CARGO;N/A;1025
S014;3307;185.97;34.0;9.6;32;CGC;BERÇO TECON 1.1;CARGO;N/A;1360
S014;3308;144.03;24.0;9.5;1;GL;BERÇO IB BC;CARGO;N/A;1455
S014;3309;199.95;32.0;8.33;45;RORO;BERÇO TEV;CARGO;RO-RO;1075
S014;3310;225.0;33.0;7.3;38;GSA - E;BERÇO ARM 13/14;CARGO;N/A;3915
S014;3311;75.2;17.0;5.4;53;CGNC;BERÇO SAIPEM 3;CARGO;N/A;2105
S014;3312;186.35;28.0;10.4;9;CGC;BERÇO BTP 3;CARGO;N/A;855
S014;3313;149.8;23.0;6.8;47;GL;BERÇO AL 01;CARGO;N/A;2570
S014;3314;225.0;32.0;9.07;8;CGNC;BERÇO ARM 35P2;CARGO;N/A;5555
S014;3315;225.0;32.0;9.07;8;CGNC;BERÇO ARM 35P1;CARGO;N/A;5555
S014;3316;229.0;32.0;7.12;12;GSA - E;BERÇO ARM 20/21;CARGO;N/A;2370
S014;3317;201.8;33.0;8.24;52;CGNC;BERÇO DPW 3;CARGO;N/A;6060
S014;3318;335.0;51.0;14.5;9;CGC;BERÇO BTP 1;CARGO;N/A;1215
S014;3319;225.0;32.0;7.5;13;CGNC;BERÇO CS 04;CARGO;N/A;3245
S014;3320;229.0;32.0;11.43;15;GSA - E;BERÇO ARM 16/17;CARGO;N/A;2000
S014;3321;299.95;40.0;10.6;51;CGC;BERÇO DPW 1;CARGO;N/A;1085
S014;3322;255.0;37.0;10.7;51;CGC;BERÇO DPW 1;CARGO;N/A;1740
S014;3323;182.47;25.0;9.2;32;CGC;BERÇO TECON 1.1;CARGO;N/A;2110
S014;3324;333.96;48.0;11.6;32;CGC;BERÇO TECON 1.2;CARGO;N/A;1700
S014;3325;299.95;48.0;12.2;9;CGC;BERÇO BTP 1;CARGO;N/A;1045
S014;3326;258.89;32.0;10.1;32;CGC;BERÇO TECON 2;CARGO;N/A;1115
S014;3327;170.7;27.0;9.7;28;CGNC;BERÇO CS 02;CARGO;N/A;11835
S014;3328;225.0;32.0;6.61;56;GSA - E;BERÇO TIPLAM 3;CARGO;N/A;3860
S014;3329;199.9;32.0;7.12;35;CGNC;BERÇO ARM 32;CARGO;N/A;1945
S014;3330;179.86;29.0;7.9;55;GL;BERÇO TIPLAM 1;CARGO;N/A;1400
S014;3331;139.95;21.0;6.2;60;GL;BERÇO AL 03;CARGO;N/A;2690
S014;3332;329.86;48.0;12.85;9;CGC;BERÇO BTP 2;CARGO;N/A;2080
S014;3333;229.0;32.0;14.05;43;GSM - I;BERÇO TERMAG;CARGO;N/A;1885
S014;3334;179.9;28.0;9.94;25;CGNC;BERÇO ARM 33;CARGO;N/A;8835
S014;3335;186.35;28.0;9.8;51;CGC;BERÇO DPW 2;CARGO;N/A;560
S014;3336;180.0;30.0;6.46;19;CGNC;BERÇO ARM 31;CARGO;N/A;18385
S014;3337;170.0;26.0;8.5;2;GL;BERÇO IB OE;CARGO;N/A;2845
S014;3338;257.38;32.0;9.3;51;CGC;BERÇO DPW 2;CARGO;N/A;765
S014;3339;165.17;27.0;9.1;54;GL;BERÇO DOW;CARGO;N/A;2075
S014;3340;179.87;28.0;9.8;47;GL;BERÇO AL 01;CARGO;N/A;1380
S014;3341;199.92;32.0;7.08;52;CGNC;BERÇO DPW 4;CARGO;N/A;4070
S014;3342;263.23;32.0;8.6;32;CGC;BERÇO TECON 1.2;CARGO;N/A;690
S014;3343;199.9;32.0;10.3;25;CGNC;BERÇO ARM 29;CARGO;N/A;3935
S014;3344;199.9;33.0;10.3;57;GSM - I;BERÇO TIPLAM 1;CARGO;N/A;5790
S014;3345;229.0;32.0;7.39;40;GSA - E;BERÇO TGG;CARGO;N/A;2205
S014;3346;299.9;45.0;11.2;9;CGC;BERÇO BTP 3;CARGO;N/A;1285
S014;3347;228.41;36.0;7.39;40;GSA - E;BERÇO TGG;CARGO;N/A;2115
S014;3348;228.0;37.0;9.8;51;CGC;BERÇO DPW 2;CARGO;N/A;1285
S014;3349;189.99;32.0;6.6;56;GSA - E;BERÇO TIPLAM 3;CARGO;N/A;4475
S014;3350;199.98;32.0;8.52;15;GSA - E;BERÇO ARM 16/17;CARGO;N/A;1640
S014;3351;229.0;32.0;6.95;56;GSA - E;BERÇO TIPLAM 2;CARGO;N/A;4070
S014;3352;299.9;48.0;12.1;32;CGC;BERÇO TECON 1.2;CARGO;N/A;1790
S014;3353;228.9;32.0;7.5;39;GSA - E;BERÇO ARM 39;CARGO;N/A;4245
S014;3354;199.9;32.0;9.3;28;CGNC;BERÇO CS 01;CARGO;N/A;6895
S014;3355;210.96;32.0;8.7;9;CGC;BERÇO BTP 3;CARGO;N/A;1025
S014;3356;185.97;35.0;9.3;32;CGC;BERÇO TECON 1.1;CARGO;N/A;1135
S014;3357;189.99;32.0;6.4;15;GSA - E;BERÇO ARM 19;CARGO;N/A;1280
S014;3358;229.0;32.0;7.38;42;GSA - E;BERÇO TEG;CARGO;N/A;4585
S014;3359;201.8;32.0;7.2;52;CGNC;BERÇO DPW 3;CARGO;N/A;3380
S014;3360;333.2;48.0;12.15;9;CGC;BERÇO BTP 2;CARGO;N/A;2020
S014;3361;189.94;33.0;10.4;25;CGNC;BERÇO ARM 32;CARGO;N/A;9710
S014;3362;199.99;32.0;6.62;12;GSA - E;BERÇO ARM 20/21;CARGO;N/A;3985
S014;3363;199.98;24.0;6.5;25;CGNC;BERÇO ARM 31;CARGO;N/A;3070
S014;3364;85.34;18.0;4.6;53;CGNC;BERÇO SAIPEM 1;CARGO;N/A;1800
S014;3365;155.25;23.0;8.5;26;CGNC;BERÇO ARM 25;CARGO;N/A;6900
S014;3366;300.4;40.0;11.6;9;CGC;BERÇO BTP 3;CARGO;N/A;1255
S014;3367;222.2;30.0;7.5;51;CGC;BERÇO DPW 1;CARGO;N/A;610
S014;3368;300.0;48.0;10.6;9;CGC;BERÇO BTP 1;CARGO;N/A;1705
S014;3369;336.0;51.0;9.9;32;CGC;BERÇO TECON 3;CARGO;N/A;1520
S014;3370;164.34;23.0;8.9;61;GL;BERÇO IB SP;CARGO;N/A;2910
S014;3371;224.0;35.0;10.85;32;CGC;BERÇO TECON 1.1;CARGO;N/A;1640
S014;3372;229.0;38.0;7.1;41;GSA - E;BERÇO ARM 38;CARGO;N/A;3655
S014;3373;263.23;32.0;10.2;32;CGC;BERÇO TECON 2;CARGO;N/A;675
S014;3374;185.06;30.0;9.5;33;GL;BERÇO AL 02;CARGO;N/A;4095
S014;3375;228.95;36.0;10.26;41;GSA - E;BERÇO ARM 38;CARGO;N/A;2695
S014;3376;144.03;24.0;9.4;60;GL;BERÇO AL 03;CARGO;N/A;3015
S014;3377;182.9;40.0;7.0;47;GL;BERÇO AL 01;CARGO;N/A;1455
S014;3378;228.0;37.0;10.3;9;CGC;BERÇO BTP 3;CARGO;N/A;615
S014;3379;299.9;46.0;12.1;9;CGC;BERÇO BTP 1;CARGO;N/A;965
S014;3380;255.36;37.0;9.8;51;CGC;BERÇO DPW 1;CARGO;N/A;2215
S014;3381;228.99;32.0;14.2;43;GSM - I;BERÇO TERMAG;CARGO;N/A;5400
S014;3382;236.3;36.0;8.0;45;RORO;BERÇO TEV;CARGO;RO-RO;1060
S014;3383;277.32;40.0;12.75;9;CGC;BERÇO BTP 2;CARGO;N/A;965
S014;3384;199.99;32.0;8.9;45;RORO;BERÇO TEV;CARGO;RO-RO;255
S014;3385;176.5;29.0;6.2;37;GSA - E;BERÇO TEAG;CARGO;N/A;5310
S014;3386;305.6;40.0;12.0;51;CGC;BERÇO DPW 2;CARGO;N/A;965
S014;3387;186.07;32.0;8.8;2;GL;BERÇO IB OE;CARGO;N/A;1635
S014;3388;179.9;30.0;9.86;28;CGNC;BERÇO CS 03;CARGO;N/A;13345
S014;3389;228.95;35.0;8.0;44;GSA - E;BERÇO ARM 37;CARGO;N/A;2665
S014;3390;225.0;32.0;9.11;15;GSA - E;BERÇO ARM 16/17;CARGO;N/A;1300
S014;3391;180.0;30.0;8.99;17;GSA - I;BERÇO ARM 30;CARGO;N/A;4190
S014;3392;118.14;16.0;4.6;13;CGNC;BERÇO CORTE;CARGO;N/A;4085
S014;3393;209.99;37.0;7.61;39;GSA - E;BERÇO ARM 39;CARGO;N/A;4260
S014;3394;225.0;32.0;6.55;42;GSA - E;BERÇO TEG;CARGO;N/A;3490
S014;3395;236.3;36.0;8.2;13;CGNC;BERÇO VAL;CARGO;N/A;1685
S014;3396;180.0;30.0;6.12;56;GSA - E;BERÇO TIPLAM 2;CARGO;N/A;2280
S014;3397;183.06;32.0;9.6;54;GL;BERÇO DOW;CARGO;N/A;2550
S014;3398;199.91;35.0;9.6;32;CGC;BERÇO TECON 1.1;CARGO;N/A;1260
S014;3399;179.9;30.0;9.46;43;GSM - I;BERÇO TERMAG;CARGO;N/A;2745
S014;3400;262.08;32.0;10.98;32;CGC;BERÇO TECON 2;CARGO;N/A;1805
S014;3401;322.97;42.0;12.0;9;CGC;BERÇO BTP 2;CARGO;N/A;1300
S014;3402;199.9;32.0;7.47;12;GSA - E;BERÇO ARM 20/21;CARGO;N/A;2740
S014;3403;294.12;32.0;10.9;51;CGC;BERÇO DPW 2;CARGO;N/A;1460
S014;3404;229.07;32.0;7.3;41;GSA - E;BERÇO ARM 38;CARGO;N/A;5600
S014;3405;87.9;19.0;5.0;53;CGNC;BERÇO SAIPEM 1;CARGO;N/A;1595
S014;3406;272.25;43.0;13.1;32;CGC;BERÇO TECON 2;CARGO;N/A;2150
S014;3407;299.85;48.0;14.5;32;CGC;BERÇO TECON 3;CARGO;N/A;1130
S014;3408;199.98;24.0;6.6;25;CGNC;BERÇO ARM 29;CARGO;N/A;3255
S014;3409;146.5;25.0;8.8;33;GL;BERÇO AL 02;CARGO;N/A;2080
S014;3410;333.2;48.0;9.4;51;CGC;BERÇO DPW 1;CARGO;N/A;2275
S014;3411;229.0;32.0;8.1;15;GSA - E;BERÇO ARM 16/17;CARGO;N/A;2255
S014;3412;229.0;32.0;6.91;44;GSA - E;BERÇO ARM 37;CARGO;N/A;3815
S014;3413;169.37;27.0;10.18;17;GSA - I;BERÇO ARM 30;CARGO;N/A;6165
S014;3414;224.99;32.0;7.1;44;GSA - E;BERÇO ARM 37;CARGO;N/A;2750
S014;3415;170.0;26.0;10.2;59;GL;BERÇO AL 04;CARGO;N/A;3530
S014;3416;299.79;48.0;11.2;9;CGC;BERÇO BTP 2;CARGO;N/A;1260
S014;3417;229.0;32.0;7.5;40;GSA - E;BERÇO TGG;CARGO;N/A;1630
S014;3418;182.9;28.0;7.4;2;GL;BERÇO Ageo I;CARGO;N/A;4525
S014;3419;228.15;32.0;8.0;32;CGC;BERÇO TECON 1.1;CARGO;N/A;1435
S014;3420;179.95;32.0;9.3;25;CGNC;BERÇO ARM 29;CARGO;N/A;9060
S014;3421;228.19;32.0;9.3;32;CGC;BERÇO TECON 3;CARGO;N/A;1025
S014;3422;199.98;32.0;6.22;15;GSA - E;BERÇO ARM 16/17;CARGO;N/A;4480
S014;3423;228.87;38.0;7.79;39;GSA - E;BERÇO ARM 39;CARGO;N/A;2910
S014;3424;190.0;32.0;6.5;15;GSA - E;BERÇO ARM 19;CARGO;N/A;2405
S014;3425;210.0;36.0;9.35;52;CGNC;BERÇO DPW 4;CARGO;N/A;2970
S014;3426;213.88;32.0;8.6;13;CGNC;BERÇO VAL;CARGO;N/A;855
S014;3427;183.0;31.0;10.02;25;CGNC;BERÇO ARM 35P1;CARGO;N/A;9290
S014;3428;174.38;28.0;7.6;1;GL;BERÇO IB BC;CARGO;N/A;5000
S014;3429;225.0;32.0;6.91;38;GSA - E;BERÇO ARM 12A;CARGO;N/A;3840
S014;3430;199.99;32.0;7.05;15;GSA - E;BERÇO ARM 16/17;CARGO;N/A;3645
S014;3431;299.18;48.0;11.1;32;CGC;BERÇO TECON 1.2;CARGO;N/A;1540
S014;3432;212.54;31.0;11.1;32;CGC;BERÇO TECON 2;CARGO;N/A;925
S014;3433;272.05;40.0;9.9;51;CGC;BERÇO DPW 1;CARGO;N/A;1050
S014;3434;199.9;32.0;11.7;25;CGNC;BERÇO ARM 33;CARGO;N/A;5985
S014;3435;119.95;19.0;7.0;47;GL;BERÇO AL 02;CARGO;N/A;1250
S014;3436;228.99;32.0;12.56;16;GSM - I;BERÇO ARM 22/23;CARGO;N/A;3335
S014;3437;170.0;26.0;7.2;49;GL;BERÇO CUTRALE;CARGO;N/A;3020
S014;3438;228.99;32.0;11.0;44;GSA - E;BERÇO ARM 37;CARGO;N/A;1940
S014;3439;330.03;48.0;14.2;9;CGC;BERÇO BTP 3;CARGO;N/A;1680
S014;3440;88.9;19.0;5.5;53;CGNC;BERÇO SAIPEM 3;CARGO;N/A;1805
S014;3441;210.0;36.0;8.0;13;CGNC;BERÇO CS 04;CARGO;N/A;5450
S014;3442;76.0;18.0;5.5;53;CGNC;BERÇO SAIPEM 1;CARGO;N/A;2180
S014;3443;183.0;27.0;7.5;47;GL;BERÇO AL 01;CARGO;N/A;1240
S014;3444;255.4;38.0;13.4;51;CGC;BERÇO DPW 2;CARGO;N/A;1070
S014;3445;116.26;18.0;6.5;13;CGNC;BERÇO BTP 1;CARGO;N/A;1245
S014;3446;229.0;32.0;13.73;57;GSM - I;BERÇO TIPLAM 4;CARGO;N/A;5220
S014;3447;179.9;32.0;8.0;45;RORO;BERÇO TEV;CARGO;RO-RO;1445
S014;3448;229.0;33.0;6.87;40;GSA - E;BERÇO TGG;CARGO;N/A;2225
S014;3449;199.98;37.0;8.6;45;RORO;BERÇO TEV;CARGO;RO-RO;1435
S014;3450;182.47;25.0;9.5;32;CGC;BERÇO TECON 3;CARGO;N/A;1730
S014;3451;299.18;48.0;11.0;9;CGC;BERÇO BTP 2;CARGO;N/A;1450
S014;3452;199.97;32.0;7.8;45;RORO;BERÇO TEV;CARGO;RO-RO;1980
S014;3453;228.99;32.0;14.2;43;GSM - I;BERÇO TERMAG;CARGO;N/A;5800
S014;3454;229.0;33.0;7.83;15;GSA - E;BERÇO ARM 19;CARGO;N/A;7480
S014;3455;254.73;37.0;10.8;51;CGC;BERÇO DPW 2;CARGO;N/A;640
S014;3456;333.2;48.0;13.7;51;CGC;BERÇO DPW 2;CARGO;N/A;1120
S014;3457;144.09;24.0;9.2;2;GL;BERÇO IB SP;CARGO;N/A;3280
S014;3458;189.93;33.0;6.8;56;GSA - E;BERÇO TIPLAM 2;CARGO;N/A;3115
S014;3459;210.56;30.0;8.2;10;GL;BERÇO ARM 29;CARGO;N/A;7390
S014;3460;299.98;48.0;12.05;9;CGC;BERÇO BTP 2;CARGO;N/A;1070
S014;3461;304.16;40.0;9.9;9;CGC;BERÇO BTP 1;CARGO;N/A;1635
S014;3462;285.0;40.0;9.3;9;CGC;BERÇO BTP 1;CARGO;N/A;1355
S014;3463;229.02;32.0;6.81;40;GSA - E;BERÇO TGG;CARGO;N/A;1925
S014;3464;275.0;40.04;9.5;32;CGC;BERÇO TECON 1.2;CARGO;N/A;555
S014;3465;226.8;32.0;9.67;8;CGNC;BERÇO ARM 35P2;CARGO;N/A;3405
S014;3466;226.8;32.0;9.67;8;CGNC;BERÇO ARM 35P2;CARGO;N/A;3405
S014;3467;306.0;40.0;10.9;51;CGC;BERÇO DPW 1;CARGO;N/A;1225
S014;3468;335.9;51.0;13.5;32;CGC;BERÇO TECON 2;CARGO;N/A;1500
S014;3469;229.0;32.0;10.15;39;GSA - E;BERÇO ARM 39;CARGO;N/A;2135
S014;3470;209.99;37.0;10.71;39;GSA - E;BERÇO ARM 39;CARGO;N/A;1210
S014;3471;183.06;32.0;8.8;60;GL;BERÇO AL 03;CARGO;N/A;2815
S014;3472;199.97;32.0;8.2;45;RORO;BERÇO TEV;CARGO;RO-RO;1435
S014;3473;225.0;32.0;7.16;15;GSA - E;BERÇO ARM 16/17;CARGO;N/A;2970
S014;3474;82.3;17.0;4.5;53;CGNC;BERÇO SAIPEM 2;CARGO;N/A;2240
S014;3475;228.99;32.0;7.2;46;GSA - E;BERÇO OUT 3;CARGO;N/A;8465
S014;3476;260.66;32.0;11.9;32;CGC;BERÇO TECON 1.2;CARGO;N/A;600
S014;3477;229.0;32.0;7.05;38;GSA - E;BERÇO ARM 13/14;CARGO;N/A;4760
S014;3478;299.9;45.0;12.1;9;CGC;BERÇO BTP 3;CARGO;N/A;2435
S014;3479;299.88;48.0;12.2;9;CGC;BERÇO BTP 2;CARGO;N/A;2505
S014;3480;199.94;32.0;7.8;45;RORO;BERÇO TEV;CARGO;RO-RO;1325
S014;3481;177.9;33.0;8.1;53;CGNC;BERÇO SAIPEM 1;CARGO;N/A;3135
S014;3482;227.92;37.0;11.5;51;CGC;BERÇO DPW 2;CARGO;N/A;1305
S014;3483;299.9;48.0;11.7;9;CGC;BERÇO BTP 1;CARGO;N/A;1470
S014;3484;299.95;40.0;9.4;32;CGC;BERÇO TECON 1.2;CARGO;N/A;1805
S014;3485;168.0;27.0;8.0;13;CGNC;BERÇO CORTE;CARGO;N/A;1540
S014;3486;196.0;32.0;11.42;25;CGNC;BERÇO ARM 33;CARGO;N/A;5545
S014;3487;299.99;40.0;10.8;32;CGC;BERÇO TECON 1.2;CARGO;N/A;1735
S014;3488;299.9;45.0;12.8;32;CGC;BERÇO TECON 3;CARGO;N/A;1560
S014;3489;257.38;32.0;9.9;32;CGC;BERÇO TECON 1.1;CARGO;N/A;605
S014;3490;228.99;32.0;11.5;16;GSM - I;BERÇO ARM 22/23;CARGO;N/A;4385
S014;3491;272.08;40.0;11.0;51;CGC;BERÇO DPW 1;CARGO;N/A;1100
S014;3492;277.32;40.0;11.9;9;CGC;BERÇO BTP 1;CARGO;N/A;915
S014;3493;144.09;24.0;8.6;2;GL;BERÇO Ageo I;CARGO;N/A;1960
S014;3494;179.99;28.0;10.16;28;CGNC;BERÇO CS 01;CARGO;N/A;7570
S014;3495;147.83;24.0;9.5;59;GL;BERÇO AL 04;CARGO;N/A;3080
S014;3496;119.9;22.0;8.4;2;GL;BERÇO IB OE;CARGO;N/A;4550
S014;3497;157.4;26.0;5.82;49;GL;BERÇO CUTRALE;CARGO;N/A;2830
S014;3498;299.9;43.0;12.3;32;CGC;BERÇO TECON 3;CARGO;N/A;4060
S014;3499;183.1;32.0;6.8;47;GL;BERÇO AL 01;CARGO;N/A;1940
S014;3500;199.99;32.0;6.9;37;GSA - E;BERÇO TEAG;CARGO;N/A;3130
S014;3501;179.99;28.0;8.0;2;GL;BERÇO IB BC;CARGO;N/A;2415
S014;3502;227.92;37.0;10.7;9;CGC;BERÇO BTP 3;CARGO;N/A;1120
S014;3503;329.8;48.0;14.3;51;CGC;BERÇO DPW 2;CARGO;N/A;2220
S014;3504;183.1;32.0;11.15;60;GL;BERÇO AL 02;CARGO;N/A;6580
S014;3505;198.0;28.0;7.0;51;CGC;BERÇO DPW 1;CARGO;N/A;580
S014;3506;249.97;38.0;11.1;9;CGC;BERÇO BTP 3;CARGO;N/A;795
S014;3507;189.99;32.0;11.47;25;CGNC;BERÇO ARM 35P1;CARGO;N/A;5770
S014;3508;183.06;32.0;8.2;47;GL;BERÇO AL 02;CARGO;N/A;2130
S014;3509;294.12;32.0;11.15;51;CGC;BERÇO DPW 2;CARGO;N/A;760
S014;3510;183.2;28.0;8.0;47;GL;BERÇO AL 01;CARGO;N/A;1090
S014;3511;92.95;20.0;5.5;53;CGNC;BERÇO SAIPEM 3;CARGO;N/A;3170
S014;3512;225.0;32.0;8.0;52;CGNC;BERÇO DPW 3;CARGO;N/A;5030
S014;3513;199.96;32.0;10.96;39;GSA - E;BERÇO ARM 39;CARGO;N/A;980
S014;3514;179.9;32.0;8.5;59;GL;BERÇO AL 03;CARGO;N/A;2865
S014;3515;165.17;27.0;8.9;54;GL;BERÇO DOW;CARGO;N/A;1770
S014;3516;218.45;30.0;8.5;32;CGC;BERÇO TECON 1.2;CARGO;N/A;1330
S014;3517;293.18;40.0;11.2;51;CGC;BERÇO DPW 1;CARGO;N/A;1405
S014;3518;183.98;27.4;7.4;47;GL;BERÇO AL 01;CARGO;N/A;3435
S014;3519;182.9;40.0;7.9;47;GL;BERÇO AL 02;CARGO;N/A;2525
S014;3520;299.18;48.0;8.7;9;CGC;BERÇO BTP 2;CARGO;N/A;1800
S014;3521;189.99;32.0;6.77;15;GSA - E;BERÇO ARM 16/17;CARGO;N/A;2890
S014;3522;189.99;32.0;10.3;43;GSM - I;BERÇO TERMAG;CARGO;N/A;3415
S014;3523;223.91;34.0;8.9;32;CGC;BERÇO TECON 2;CARGO;N/A;1560
S014;3524;328.46;48.0;11.6;9;CGC;BERÇO BTP 3;CARGO;N/A;1290
S014;3525;210.54;30.0;11.1;32;CGC;BERÇO TECON 3;CARGO;N/A;1705
S014;3526;228.99;32.0;6.92;56;GSA - E;BERÇO TIPLAM 3;CARGO;N/A;3085
S014;3527;210.96;32.0;9.2;9;CGC;BERÇO BTP 3;CARGO;N/A;2205
S014;3528;229.0;32.0;7.5;50;GSA - E;BERÇO CUTRALE;CARGO;N/A;4640
S014;3529;293.87;40.0;9.9;9;CGC;BERÇO BTP 2;CARGO;N/A;730
S014;3530;335.0;45.0;14.1;32;CGC;BERÇO TECON 3;CARGO;N/A;1310
S014;3531;179.97;29.83;7.08;58;GSM - E;BERÇO USIMINAS 3;CARGO;N/A;855
S014;3532;179.9;28.0;10.5;16;GSM - I;BERÇO ARM 22/23;CARGO;N/A;5295
S014;3533;229.0;32.0;13.3;57;GSM - I;BERÇO TIPLAM 4;CARGO;N/A;6235
S014;3534;229.0;0.0;7.93;15;GSA - E;BERÇO ARM 19;CARGO;N/A;2445
S014;3535;182.9;32.2;7.8;60;GL;BERÇO AL 04;CARGO;N/A;4735
S014;3536;333.9;48.0;12.2;32;CGC;BERÇO TECON 2;CARGO;N/A;2000
S014;3537;189.98;29.0;8.4;28;CGNC;BERÇO CS 01;CARGO;N/A;9155
S014;3538;229.0;32.0;7.14;56;GSA - E;BERÇO TIPLAM 3;CARGO;N/A;3415
S014;3539;208.85;30.0;11.6;32;CGC;BERÇO TECON 1.1;CARGO;N/A;1015
S014;3540;330.0;48.0;14.3;9;CGC;BERÇO BTP 1;CARGO;N/A;1935
S014;3541;199.96;32.0;8.4;45;RORO;BERÇO TEV;CARGO;RO-RO;815
S014;3542;189.02;32.0;10.2;2;GL;BERÇO IB OE;CARGO;N/A;5710
S014;3543;229.0;32.0;7.61;12;GSA - E;BERÇO ARM 20/21;CARGO;N/A;3105
S014;3544;144.85;23.0;6.9;13;CGNC;BERÇO VAL;CARGO;N/A;585
S014;3545;228.0;37.0;10.2;32;CGC;BERÇO TECON 2;CARGO;N/A;840
S014;3546;229.0;33.0;13.02;43;GSM - I;BERÇO TERMAG;CARGO;N/A;10600
S014;3547;186.35;28.0;10.2;9;CGC;BERÇO BTP 2;CARGO;N/A;975
S014;3548;189.8;33.0;5.8;12;GSA - E;BERÇO ARM 20/21;CARGO;N/A;1570
S014;3549;224.9;32.0;6.8;56;GSA - E;BERÇO TIPLAM 3;CARGO;N/A;1360
S014;3550;199.9;32.0;9.0;25;CGNC;BERÇO ARM 32;CARGO;N/A;7195
S014;3551;169.37;30.0;5.6;12;GSA - E;BERÇO ARM 20/21;CARGO;N/A;770
S014;3552;228.99;32.0;7.16;56;GSA - E;BERÇO TIPLAM 3;CARGO;N/A;3820
S014;3553;229.0;32.0;8.59;16;GSM - I;BERÇO ARM 22/23;CARGO;N/A;4920
S014;3554;85.34;18.0;4.6;53;CGNC;BERÇO SAIPEM 1;CARGO;N/A;1590
S014;3555;199.9;32.0;8.56;15;GSA - E;BERÇO ARM 16/17;CARGO;N/A;2305
S014;3556;182.47;25.0;9.5;32;CGC;BERÇO TECON 1.1;CARGO;N/A;2565
S014;3557;228.37;34.0;9.2;15;GSA - E;BERÇO ARM 19;CARGO;N/A;2055
S014;3558;254.87;37.0;10.3;51;CGC;BERÇO DPW 2;CARGO;N/A;750
S014;3559;189.99;32.0;6.24;15;GSA - E;BERÇO ARM 19;CARGO;N/A;3495
S014;3560;228.99;32.0;7.1;41;GSA - E;BERÇO ARM 38;CARGO;N/A;5945
S014;3561;225.0;32.0;7.15;37;GSA - E;BERÇO TEAG;CARGO;N/A;6005
S014;3562;243.0;32.0;8.0;51;CGC;BERÇO DPW 2;CARGO;N/A;930
S014;3563;179.99;28.0;8.7;33;GL;BERÇO AL 03;CARGO;N/A;4925
S014;3564;201.8;32.0;7.5;52;CGNC;BERÇO DPW 3;CARGO;N/A;2370
S014;3565;275.0;40.04;11.0;32;CGC;BERÇO TECON 1.2;CARGO;N/A;1315
S014;3566;227.2;36.0;7.54;44;GSA - E;BERÇO ARM 37;CARGO;N/A;3495
S014;3567;201.8;32.0;7.9;8;CGNC;BERÇO ARM 35P2;CARGO;N/A;1495
S014;3568;201.8;32.0;7.9;8;CGNC;BERÇO ARM 35P2;CARGO;N/A;1495
S014;3569;228.99;32.0;6.78;39;GSA - E;BERÇO ARM 39;CARGO;N/A;3250
S014;3570;229.0;32.0;7.0;46;GSA - E;BERÇO OUT 2;CARGO;N/A;6295
S014;3571;231.0;32.0;10.6;32;CGC;BERÇO TECON 3;CARGO;N/A;630
S014;3572;331.1;48.0;12.5;51;CGC;BERÇO DPW 1;CARGO;N/A;3050
S014;3573;224.98;32.0;7.5;15;GSA - E;BERÇO ARM 19;CARGO;N/A;7260
S014;3574;300.07;42.0;11.6;9;CGC;BERÇO BTP 2;CARGO;N/A;1400
S014;3575;228.91;32.0;7.0;46;GSA - E;BERÇO OUT 2;CARGO;N/A;6155
S014;3576;229.0;32.0;7.3;56;GSA - E;BERÇO TIPLAM 2;CARGO;N/A;6755
S014;3577;138.48;21.0;6.1;13;CGNC;BERÇO CORTE;CARGO;N/A;510
S014;3578;229.0;32.0;7.62;40;GSA - E;BERÇO TGG;CARGO;N/A;1950
S014;3579;210.0;36.0;11.45;52;CGNC;BERÇO DPW 4;CARGO;N/A;1095
S014;3580;225.0;36.0;8.7;8;CGNC;BERÇO ARM 35P2;CARGO;N/A;3050
S014;3581;225.0;36.0;8.7;8;CGNC;BERÇO ARM 35P2;CARGO;N/A;3050
S014;3582;199.99;32.0;8.3;45;RORO;BERÇO TEV;CARGO;RO-RO;725
S014;3583;227.97;37.0;11.5;51;CGC;BERÇO DPW 2;CARGO;N/A;1845
S014;3584;214.0;32.0;8.5;13;CGNC;BERÇO CS 04;CARGO;N/A;780
S014;3585;173.0;26.0;6.8;10;GL;BERÇO ARM 29;CARGO;N/A;2230
S014;3586;199.94;32.0;7.1;42;GSA - E;BERÇO TEG;CARGO;N/A;3045
S014;3587;225.0;32.0;7.26;42;GSA - E;BERÇO TEG;CARGO;N/A;4950
S014;3588;284.71;40.0;10.9;51;CGC;BERÇO DPW 1;CARGO;N/A;845
S014;3589;210.0;36.0;8.2;14;CGNC;BERÇO ARM 31;CARGO;N/A;3025
S014;3590;228.99;32.0;7.4;41;GSA - E;BERÇO ARM 38;CARGO;N/A;7115
S014;3591;299.9;45.0;12.0;32;CGC;BERÇO TECON 1.2;CARGO;N/A;1465
S014;3592;299.95;48.0;10.3;9;CGC;BERÇO BTP 1;CARGO;N/A;1505
S014;3593;183.1;32.0;9.05;2;GL;BERÇO IB BC;CARGO;N/A;1945
S014;3594;272.05;40.0;11.0;51;CGC;BERÇO DPW 2;CARGO;N/A;1025
S014;3595;299.95;40.0;13.0;32;CGC;BERÇO TECON 2;CARGO;N/A;2455
S014;3596;228.9;32.0;8.2;12;GSA - E;BERÇO ARM 20/21;CARGO;N/A;2830
S014;3597;333.2;48.0;12.0;9;CGC;BERÇO BTP 3;CARGO;N/A;1290
S014;3598;174.38;28.0;8.5;33;GL;BERÇO AL 03;CARGO;N/A;2640
S014;3599;182.9;40.0;9.2;47;GL;BERÇO AL 01;CARGO;N/A;1320
S014;3600;336.0;51.0;14.3;32;CGC;BERÇO TECON 2;CARGO;N/A;1470
S014;3601;199.98;32.0;6.64;56;GSA - E;BERÇO TIPLAM 3;CARGO;N/A;4145
S014;3602;330.0;48.0;12.05;9;CGC;BERÇO BTP 1;CARGO;N/A;1825
S014;3603;199.98;32.0;9.62;52;CGNC;BERÇO DPW 4;CARGO;N/A;2085
S014;3604;249.97;38.0;11.1;9;CGC;BERÇO BTP 3;CARGO;N/A;795
S014;3605;299.9;48.0;13.5;32;CGC;BERÇO TECON 3;CARGO;N/A;2005
S014;3606;199.98;32.0;7.12;35;CGNC;BERÇO ARM 33;CARGO;N/A;4065
S014;3607;229.0;38.0;6.9;56;GSA - E;BERÇO TIPLAM 3;CARGO;N/A;3310
S014;3608;199.9;32.0;8.75;28;CGNC;BERÇO CS 02;CARGO;N/A;11315
S014;3609;224.95;32.0;11.6;38;GSA - E;BERÇO ARM 12A;CARGO;N/A;6845
S014;3610;228.99;32.0;6.74;38;GSA - E;BERÇO ARM 12A;CARGO;N/A;7195
S014;3611;199.98;32.0;8.6;45;RORO;BERÇO TEV;CARGO;RO-RO;1240
S014;3612;189.99;32.0;6.88;52;CGNC;BERÇO DPW 3;CARGO;N/A;5070
S014;3613;229.07;32.0;7.47;44;GSA - E;BERÇO ARM 37;CARGO;N/A;2795
S014;3614;138.46;21.0;6.72;13;CGNC;BERÇO CS 04;CARGO;N/A;2670
S014;3615;236.32;36.0;8.2;13;CGNC;BERÇO VAL;CARGO;N/A;1545
S014;3616;299.9;45.0;14.2;51;CGC;BERÇO DPW 1;CARGO;N/A;1505
S014;3617;199.91;35.0;8.6;32;CGC;BERÇO TECON 1.1;CARGO;N/A;1585
S014;3618;228.99;32.0;7.05;40;GSA - E;BERÇO TGG;CARGO;N/A;1955
S014;3619;294.03;32.0;8.9;32;CGC;BERÇO TECON 1.2;CARGO;N/A;830
S014;3620;201.8;32.0;9.2;8;CGNC;BERÇO ARM 35P1;CARGO;N/A;5685
S014;3621;201.8;32.0;9.2;8;CGNC;BERÇO ARM 35P2;CARGO;N/A;5685
S014;3622;229.0;32.0;7.9;40;GSA - E;BERÇO TGG;CARGO;N/A;2090
S014;3623;210.54;9.0;9.1;9;CGC;BERÇO BTP 1;CARGO;N/A;480
S014;3624;179.99;30.0;9.86;57;GSM - I;BERÇO TIPLAM 4;CARGO;N/A;6510
S014;3625;299.9;43.0;11.5;9;CGC;BERÇO BTP 3;CARGO;N/A;1675
S014;3626;333.2;48.0;11.3;9;CGC;BERÇO BTP 2;CARGO;N/A;1540
S014;3627;169.06;26.0;7.7;2;GL;BERÇO Ageo I;CARGO;N/A;5040
S014;3628;299.9;45.0;12.4;9;CGC;BERÇO BTP 1;CARGO;N/A;1000
S014;3629;183.1;32.0;7.85;54;GL;BERÇO DOW;CARGO;N/A;585
S014;3630;260.0;46.0;10.8;9;CGC;BERÇO BTP 2;CARGO;N/A;1695
S014;3631;179.99;32.0;9.1;58;GSM - E;BERÇO USIMINAS 3;CARGO;N/A;6535
S014;3632;225.0;32.0;7.45;12;GSA - E;BERÇO ARM 20/21;CARGO;N/A;4090
S014;3633;189.99;32.0;6.9;46;GSA - E;BERÇO OUT 3;CARGO;N/A;6100
S014;3634;87.9;19.0;5.0;53;CGNC;BERÇO SAIPEM 2;CARGO;N/A;4205
S014;3635;189.99;32.0;10.55;25;CGNC;BERÇO ARM 35P1;CARGO;N/A;7630
S014;3636;223.98;35.0;9.3;32;CGC;BERÇO TECON 2;CARGO;N/A;1900
S014;3637;85.34;18.0;4.6;53;CGNC;BERÇO SAIPEM 1;CARGO;N/A;3225
S014;3638;174.38;28.0;9.5;1;GL;BERÇO IB BC;CARGO;N/A;1635
S014;3639;210.0;36.0;8.3;8;CGNC;BERÇO ARM 35P2;CARGO;N/A;5240
S014;3640;210.0;36.0;8.3;8;CGNC;BERÇO ARM 35P1;CARGO;N/A;5240
S014;3641;201.8;32.0;11.7;14;CGNC;BERÇO ARM 31;CARGO;N/A;2870
S014;3642;225.0;32.0;8.1;15;GSA - E;BERÇO ARM 16/17;CARGO;N/A;2335
S014;3643;212.54;31.0;11.5;32;CGC;BERÇO TECON 1.2;CARGO;N/A;630
S014;3644;228.95;32.0;7.54;56;GSA - E;BERÇO TIPLAM 3;CARGO;N/A;6025
S014;3645;236.32;36.0;8.9;45;RORO;BERÇO TEV;CARGO;RO-RO;420
S014;3646;183.09;32.0;8.5;47;GL;BERÇO AL 01;CARGO;N/A;1330
S014;3647;194.87;32.0;8.75;32;CGC;BERÇO TECON 3;CARGO;N/A;1720
S014;3648;189.99;32.0;6.19;50;GSA - E;BERÇO CUTRALE;CARGO;N/A;3255
S014;3649;228.99;32.0;6.86;39;GSA - E;BERÇO ARM 39;CARGO;N/A;4610
S014;3650;299.95;40.0;10.7;51;CGC;BERÇO DPW 2;CARGO;N/A;1115
S014;3651;258.89;32.0;10.3;32;CGC;BERÇO TECON 1.1;CARGO;N/A;940
S014;3652;256.07;37.0;10.1;51;CGC;BERÇO DPW 1;CARGO;N/A;1830
S014;3653;210.0;37.0;8.14;44;GSA - E;BERÇO ARM 37;CARGO;N/A;3915
S014;3654;145.05;24.0;6.0;33;GL;BERÇO AL 02;CARGO;N/A;6045
S014;3655;119.95;19.0;7.2;30;CGNC;BERÇO AL 04;CARGO;N/A;1825
S014;3656;75.2;17.0;4.1;53;CGNC;BERÇO SAIPEM 3;CARGO;N/A;680
S014;3657;225.0;32.0;6.1;42;GSA - E;BERÇO TEG;CARGO;N/A;4360
S014;3658;229.0;36.0;7.65;40;GSA - E;BERÇO TGG;CARGO;N/A;3140
S014;3659;164.34;23.0;9.0;54;GL;BERÇO DOW;CARGO;N/A;2590
S014;3660;199.99;32.0;9.5;37;GSA - E;BERÇO TEAG;CARGO;N/A;3890
S014;3661;228.99;32.0;13.48;57;GSM - I;BERÇO TIPLAM 2;CARGO;N/A;8960
S014;3662;229.0;32.0;11.08;40;GSA - E;BERÇO TGG;CARGO;N/A;1865
S014;3663;339.62;46.0;14.2;32;CGC;BERÇO TECON 2;CARGO;N/A;1030
S014;3664;299.93;49.0;9.9;32;CGC;BERÇO TECON 2;CARGO;N/A;605
S014;3665;210.54;9.0;10.45;32;CGC;BERÇO TECON 1.2;CARGO;N/A;1370
S014;3666;228.62;32.0;10.2;32;CGC;BERÇO TECON 1.1;CARGO;N/A;2100
S014;3667;199.99;36.0;6.6;41;GSA - E;BERÇO ARM 38;CARGO;N/A;3265
S014;3668;330.0;48.0;14.5;9;CGC;BERÇO BTP 2;CARGO;N/A;1105
S014;3669;189.99;32.0;11.0;25;CGNC;BERÇO ARM 32;CARGO;N/A;5930
S014;3670;188.32;27.0;7.6;13;CGNC;BERÇO CORTE;CARGO;N/A;12735
S014;3671;228.99;36.0;14.2;43;GSM - I;BERÇO TERMAG;CARGO;N/A;6850
S014;3672;199.99;32.0;10.19;57;GSM - I;BERÇO TIPLAM 4;CARGO;N/A;7280
S014;3673;229.0;32.0;11.28;57;GSM - I;BERÇO TIPLAM 4;CARGO;N/A;10095
S014;3674;229.0;32.0;14.2;43;GSM - I;BERÇO TERMAG;CARGO;N/A;4930
S014;3675;225.0;32.0;11.2;52;CGNC;BERÇO DPW 3;CARGO;N/A;3735
S014;3676;225.0;32.0;7.28;35;CGNC;BERÇO ARM 32;CARGO;N/A;4270
S014;3677;232.39;32.0;8.2;45;RORO;BERÇO TEV;CARGO;RO-RO;820
S014;3678;209.99;37.0;10.94;41;GSA - E;BERÇO ARM 38;CARGO;N/A;960
S014;3679;183.0;32.0;10.8;60;GL;BERÇO AL 03;CARGO;N/A;3820
S014;3680;278.94;40.0;10.7;32;CGC;BERÇO TECON 2;CARGO;N/A;2005
S014;3681;225.0;32.0;7.2;56;GSA - E;BERÇO TIPLAM 3;CARGO;N/A;3230
S014;3682;224.94;32.0;6.6;15;GSA - E;BERÇO ARM 16/17;CARGO;N/A;9460
S014;3683;180.0;30.05;6.24;15;GSA - E;BERÇO ARM 19;CARGO;N/A;1950
S014;3684;190.0;32.0;6.4;56;GSA - E;BERÇO TIPLAM 2;CARGO;N/A;2620
S014;3685;82.3;17.0;4.5;53;CGNC;BERÇO SAIPEM 3;CARGO;N/A;2870
S014;3686;76.0;18.0;6.0;53;CGNC;BERÇO SAIPEM 1;CARGO;N/A;1720
S014;3687;333.2;48.0;9.8;51;CGC;BERÇO DPW 2;CARGO;N/A;1825
S014;3688;229.0;32.0;7.25;42;GSA - E;BERÇO TEG;CARGO;N/A;4670
S014;3689;182.47;25.0;8.1;32;CGC;BERÇO TECON 1.2;CARGO;N/A;1805
S014;3690;229.0;32.0;11.05;15;GSA - E;BERÇO ARM 19;CARGO;N/A;1220
S014;3691;255.0;37.0;11.3;51;CGC;BERÇO DPW 1;CARGO;N/A;820
S014;3692;183.0;27.0;7.5;47;GL;BERÇO AL 01;CARGO;N/A;2755
S014;3693;189.99;32.0;12.15;57;GSM - I;BERÇO TIPLAM 4;CARGO;N/A;10835
S014;3694;179.96;30.0;10.14;18;GSA - I;BERÇO ARM 13/14;CARGO;N/A;13425
S014;3695;199.2;30.0;8.64;28;CGNC;BERÇO CS 03;CARGO;N/A;4795
S014;3696;260.0;32.0;10.8;51;CGC;BERÇO DPW 2;CARGO;N/A;1265
S014;3697;335.95;51.0;14.0;32;CGC;BERÇO TECON 3;CARGO;N/A;1485
S014;3698;330.0;48.0;14.5;9;CGC;BERÇO BTP 3;CARGO;N/A;1310
S014;3699;229.0;32.0;8.16;16;GSM - I;BERÇO ARM 22/23;CARGO;N/A;1455
S014;3700;225.0;32.0;7.0;37;GSA - E;BERÇO TEAG;CARGO;N/A;3375
S014;3701;228.99;32.0;8.67;50;GSA - E;BERÇO CUTRALE;CARGO;N/A;1195
S014;3702;144.09;24.0;9.3;2;GL;BERÇO Ageo I;CARGO;N/A;3335
S014;3703;293.18;40.0;13.2;32;CGC;BERÇO TECON 2;CARGO;N/A;1950
S014;3704;199.99;32.0;11.7;25;CGNC;BERÇO ARM 33;CARGO;N/A;16555
S014;3705;294.13;32.0;11.2;51;CGC;BERÇO DPW 1;CARGO;N/A;930
S014;3706;179.97;30.0;8.54;16;GSM - I;BERÇO ARM 22/23;CARGO;N/A;2770
S014;3707;182.9;32.2;8.3;2;GL;BERÇO IB OE;CARGO;N/A;4750
S014;3708;227.95;38.0;10.7;51;CGC;BERÇO DPW 2;CARGO;N/A;1515
S014;3709;169.06;26.0;8.7;60;GL;BERÇO AL 04;CARGO;N/A;2670
S014;3710;225.16;31.0;10.6;32;CGC;BERÇO TECON 1.1;CARGO;N/A;680
S014;3711;299.9;45.0;12.35;9;CGC;BERÇO BTP 1;CARGO;N/A;690
S014;3712;228.94;32.0;7.3;40;GSA - E;BERÇO TGG;CARGO;N/A;1795
S014;3713;158.98;27.0;7.1;2;GL;BERÇO IB SP;CARGO;N/A;5210
S014;3714;229.0;32.0;7.3;56;GSA - E;BERÇO TIPLAM 2;CARGO;N/A;2125
S014;3715;229.0;32.0;7.2;46;GSA - E;BERÇO OUT 2;CARGO;N/A;5080
S014;3716;299.0;48.0;8.5;9;CGC;BERÇO BTP 3;CARGO;N/A;1005
S014;3717;260.66;32.0;10.4;32;CGC;BERÇO TECON 3;CARGO;N/A;605
S014;3718;300.0;48.0;11.4;32;CGC;BERÇO TECON 1.2;CARGO;N/A;1290
S014;3719;204.85;32.0;7.5;49;GL;BERÇO CUTRALE;CARGO;N/A;4940
S014;3720;272.05;40.0;9.6;51;CGC;BERÇO DPW 1;CARGO;N/A;840
S014;3721;333.18;48.0;11.8;9;CGC;BERÇO BTP 2;CARGO;N/A;1250
S014;3722;330.0;48.0;11.9;9;CGC;BERÇO BTP 2;CARGO;N/A;1830
S014;3723;299.95;48.0;12.2;9;CGC;BERÇO BTP 2;CARGO;N/A;2495
S014;3724;225.0;32.0;7.45;56;GSA - E;BERÇO TIPLAM 3;CARGO;N/A;3915
S014;3725;85.34;18.0;5.5;53;CGNC;BERÇO SAIPEM 1;CARGO;N/A;1460
S014;3726;179.95;32.0;7.46;37;GSA - E;BERÇO TEAG;CARGO;N/A;3465
S014;3727;179.95;32.0;10.9;43;GSM - I;BERÇO TERMAG;CARGO;N/A;3560
S014;3728;92.95;20.0;6.0;53;CGNC;BERÇO SAIPEM 3;CARGO;N/A;1430
S014;3729;189.94;33.0;8.78;56;GSA - E;BERÇO TIPLAM 2;CARGO;N/A;1225
S014;3730;294.12;32.0;9.65;32;CGC;BERÇO TECON 3;CARGO;N/A;325
S014;3731;210.96;32.0;10.6;9;CGC;BERÇO BTP 3;CARGO;N/A;1420
S014;3732;179.87;28.0;8.5;55;GL;BERÇO TIPLAM 1;CARGO;N/A;1380
S014;3733;179.99;30.0;6.9;20;GL;BERÇO ARM 30;CARGO;N/A;10165
S014;3734;227.95;38.0;10.2;9;CGC;BERÇO BTP 1;CARGO;N/A;1125
S014;3735;201.8;32.0;8.0;52;CGNC;BERÇO DPW 4;CARGO;N/A;5105
S014;3736;119.9;22.0;8.4;2;GL;BERÇO IB BC;CARGO;N/A;4150
S014;3737;293.97;32.0;9.4;32;CGC;BERÇO TECON 3;CARGO;N/A;1220
S014;3738;199.98;32.0;6.68;38;GSA - E;BERÇO ARM 12A;CARGO;N/A;2170
S014;3739;199.98;32.0;10.22;57;GSM - I;BERÇO TIPLAM 1;CARGO;N/A;4370
S014;3740;183.88;32.0;10.4;2;GL;BERÇO Ageo I;CARGO;N/A;4400
S014;3741;199.0;32.0;8.4;45;RORO;BERÇO TEV;CARGO;RO-RO;1005
S014;3742;179.95;32.0;10.6;43;GSM - I;BERÇO TERMAG;CARGO;N/A;3950
S014;3743;183.2;28.0;8.0;47;GL;BERÇO AL 01;CARGO;N/A;1110
S014;3744;255.17;38.0;11.7;9;CGC;BERÇO BTP 3;CARGO;N/A;845
S014;3745;199.2;31.0;11.7;14;CGNC;BERÇO ARM 31;CARGO;N/A;2100
S014;3746;183.0;32.0;10.0;54;GL;BERÇO DOW;CARGO;N/A;3190
S014;3747;179.9;28.0;6.1;15;GSA - E;BERÇO ARM 19;CARGO;N/A;4390
S014;3748;299.95;48.0;12.0;9;CGC;BERÇO BTP 1;CARGO;N/A;1810
S014;3749;227.2;36.0;9.85;41;GSA - E;BERÇO ARM 38;CARGO;N/A;1150
S014;3750;87.9;19.0;5.1;53;CGNC;BERÇO SAIPEM 2;CARGO;N/A;3320
S014;3751;299.99;48.0;12.4;13;CGNC;BERÇO BTP 3;CARGO;N/A;1670
S014;3752;228.99;32.0;6.8;39;GSA - E;BERÇO ARM 39;CARGO;N/A;3675
S014;3753;204.88;32.0;7.8;10;GL;BERÇO ARM 29;CARGO;N/A;4325
S014;3754;224.9;32.0;7.0;42;GSA - E;BERÇO TEG;CARGO;N/A;3475
S014;3755;183.24;32.0;10.9;33;GL;BERÇO AL 02;CARGO;N/A;4900
S014;3756;225.0;32.0;5.7;42;GSA - E;BERÇO TEG;CARGO;N/A;5750
S014;3757;139.95;21.0;7.7;2;GL;BERÇO IB OE;CARGO;N/A;2620
S014;3758;199.97;32.0;8.4;45;RORO;BERÇO TEV;CARGO;RO-RO;1675
S014;3759;334.0;43.0;14.2;32;CGC;BERÇO TECON 1.2;CARGO;N/A;1225
S014;3760;189.99;28.0;10.64;28;CGNC;BERÇO CS 01;CARGO;N/A;9050
S014;3761;331.1;48.0;13.4;51;CGC;BERÇO DPW 2;CARGO;N/A;1040
S014;3762;194.94;32.0;10.5;25;CGNC;BERÇO ARM 31;CARGO;N/A;4860
S014;3763;294.12;32.0;10.9;51;CGC;BERÇO DPW 2;CARGO;N/A;1895
S014;3764;185.97;35.0;7.6;51;CGC;BERÇO DPW 1;CARGO;N/A;1445
S014;3765;223.96;35.0;8.6;32;CGC;BERÇO TECON 1.1;CARGO;N/A;885
S014;3766;329.8;48.0;9.8;51;CGC;BERÇO DPW 1;CARGO;N/A;2100
S014;3767;199.9;32.0;6.95;12;GSA - E;BERÇO ARM 20/21;CARGO;N/A;3220
S014;3768;208.85;30.0;10.8;32;CGC;BERÇO TECON 1.2;CARGO;N/A;840
S014;3769;182.88;32.0;7.0;47;GL;BERÇO AL 01;CARGO;N/A;1395
S014;3770;336.0;51.0;10.4;32;CGC;BERÇO TECON 3;CARGO;N/A;2795
S014;3771;189.99;33.0;11.0;16;GSM - I;BERÇO ARM 22/23;CARGO;N/A;2255
S014;3772;229.0;32.0;7.24;40;GSA - E;BERÇO TGG;CARGO;N/A;2160
S014;3773;179.95;32.0;7.12;14;CGNC;BERÇO ARM 31/32;CARGO;N/A;2930
S014;3774;197.2;30.0;7.8;32;CGC;BERÇO TECON 3;CARGO;N/A;1920
S014;3775;75.2;17.0;4.15;53;CGNC;BERÇO SAIPEM 1;CARGO;N/A;2130
S014;3776;213.88;32.0;8.9;13;CGNC;BERÇO CS 04;CARGO;N/A;2685
S014;3777;186.35;28.0;9.5;9;CGC;BERÇO BTP 2;CARGO;N/A;915
S014;3778;299.91;48.0;11.8;9;CGC;BERÇO BTP 1;CARGO;N/A;3680
S014;3779;146.5;24.0;9.5;59;GL;BERÇO AL 03;CARGO;N/A;3585
S014;3780;300.07;42.0;9.95;9;CGC;BERÇO BTP 3;CARGO;N/A;1240
S014;3781;222.15;30.0;10.2;32;CGC;BERÇO TECON 1.1;CARGO;N/A;1055
S014;3782;228.99;32.0;10.09;50;GSA - E;BERÇO CUTRALE;CARGO;N/A;2080
S014;3783;270.9;43.0;10.3;32;CGC;BERÇO TECON 2;CARGO;N/A;700
S014;3784;180.0;30.0;10.29;57;GSM - I;BERÇO TIPLAM 1;CARGO;N/A;3700
S014;3785;272.08;40.0;10.9;51;CGC;BERÇO DPW 2;CARGO;N/A;1575
S014;3786;183.06;32.0;9.7;2;GL;BERÇO IB SP;CARGO;N/A;2465
S014;3787;218.45;30.0;11.0;32;CGC;BERÇO TECON 1.2;CARGO;N/A;1045
S014;3788;85.34;18.0;4.6;53;CGNC;BERÇO SAIPEM 3;CARGO;N/A;1805
S014;3789;335.98;48.0;13.6;9;CGC;BERÇO BTP 3;CARGO;N/A;2155
S014;3790;176.0;31.0;8.4;45;RORO;BERÇO TEV;CARGO;RO-RO;610
S014;3791;293.18;40.0;9.4;32;CGC;BERÇO TECON 2;CARGO;N/A;1425
S014;3792;185.97;34.0;9.2;32;CGC;BERÇO TECON 1.1;CARGO;N/A;1305
S014;3793;299.18;48.0;9.95;9;CGC;BERÇO BTP 1;CARGO;N/A;1905
S014;3794;199.95;32.0;9.7;45;RORO;BERÇO TEV;CARGO;RO-RO;645
S014;3795;335.0;51.0;11.9;32;CGC;BERÇO TECON 3;CARGO;N/A;2280
S014;3796;189.96;32.0;6.18;15;GSA - E;BERÇO ARM 19;CARGO;N/A;2805
S014;3797;225.0;32.0;9.8;8;CGNC;BERÇO ARM 35P2;CARGO;N/A;1495
S014;3798;225.0;32.0;12.6;52;CGNC;BERÇO DPW 4;CARGO;N/A;1535
S014;3799;225.0;32.0;9.8;8;CGNC;BERÇO ARM 35P2;CARGO;N/A;1495
S014;3800;199.98;32.0;6.86;12;GSA - E;BERÇO ARM 20/21;CARGO;N/A;3350
S014;3801;199.98;37.0;8.3;45;RORO;BERÇO TEV;CARGO;RO-RO;2050
S014;3802;183.1;32.0;8.1;2;GL;BERÇO IB BC;CARGO;N/A;2650
S014;3803;199.98;32.0;12.26;57;GSM - I;BERÇO TIPLAM 4;CARGO;N/A;2455
S014;3804;229.0;32.0;6.46;42;GSA - E;BERÇO TEG;CARGO;N/A;8795
S014;3805;254.73;37.0;9.5;51;CGC;BERÇO DPW 1;CARGO;N/A;1155
S014;3806;182.47;25.0;9.4;32;CGC;BERÇO TECON 2;CARGO;N/A;1835
S014;3807;334.0;42.0;13.4;32;CGC;BERÇO TECON 1.2;CARGO;N/A;1090
S014;3808;182.68;32.0;9.2;2;GL;BERÇO Ageo I;CARGO;N/A;1855
S014;3809;177.9;33.0;8.2;53;CGNC;BERÇO SAIPEM 1;CARGO;N/A;3820
S014;3810;259.8;32.0;8.8;32;CGC;BERÇO TECON 1.1;CARGO;N/A;930
S014;3811;209.99;36.0;9.6;13;CGNC;BERÇO CS 04;CARGO;N/A;3295
S014;3812;169.37;27.0;9.88;17;GSA - I;BERÇO ARM 30;CARGO;N/A;7955
S014;3813;204.85;32.0;8.1;10;GL;BERÇO ARM 29;CARGO;N/A;3765
S014;3814;198.0;32.0;8.4;45;RORO;BERÇO TEV;CARGO;RO-RO;720
S014;3815;299.9;45.0;9.7;9;CGC;BERÇO BTP 3;CARGO;N/A;1815
S014;3816;189.99;32.0;10.64;50;GSA - E;BERÇO CUTRALE;CARGO;N/A;805
S014;3817;224.88;33.0;7.14;39;GSA - E;BERÇO ARM 39;CARGO;N/A;2920
S014;3818;330.0;48.0;14.0;13;CGNC;BERÇO BTP 3;CARGO;N/A;2475
S014;3819;199.9;32.0;7.08;12;GSA - E;BERÇO ARM 20/21;CARGO;N/A;1730
S014;3820;185.96;35.0;9.6;32;CGC;BERÇO TECON 1.1;CARGO;N/A;1515
S014;3821;182.98;32.0;9.0;54;GL;BERÇO DOW;CARGO;N/A;1955
S014;3822;182.98;32.0;9.8;60;GL;BERÇO AL 04;CARGO;N/A;3425
S014;3823;199.98;32.0;7.05;52;CGNC;BERÇO DPW 3;CARGO;N/A;3425
S014;3824;199.94;32.0;6.6;37;GSA - E;BERÇO TEAG;CARGO;N/A;3110
S014;3825;228.99;32.0;6.75;42;GSA - E;BERÇO TEG;CARGO;N/A;4730
S014;3826;299.9;48.0;12.3;32;CGC;BERÇO TECON 3;CARGO;N/A;1560
S014;3827;180.0;30.04;6.9;56;GSA - E;BERÇO TIPLAM 3;CARGO;N/A;1355
S014;3828;225.0;32.0;11.7;14;CGNC;BERÇO ARM 31;CARGO;N/A;1575
S014;3829;182.9;40.0;7.0;47;GL;BERÇO AL 02;CARGO;N/A;3400
S014;3830;156.53;25.0;8.7;60;GL;BERÇO AL 03;CARGO;N/A;1485
S014;3831;228.0;37.0;10.8;51;CGC;BERÇO DPW 2;CARGO;N/A;1255
S014;3832;330.03;48.0;11.85;9;CGC;BERÇO BTP 3;CARGO;N/A;1310
S014;3833;228.42;35.0;9.1;38;GSA - E;BERÇO ARM 12A;CARGO;N/A;6830
S014;3834;199.9;32.0;11.6;8;CGNC;BERÇO ARM 35P1;CARGO;N/A;4480
S014;3835;199.9;32.0;11.6;8;CGNC;BERÇO ARM 35P2;CARGO;N/A;4480
S014;3836;170.0;26.0;7.2;49;GL;BERÇO CUTRALE;CARGO;N/A;4975
S014;3837;189.99;32.0;6.2;37;GSA - E;BERÇO TEAG;CARGO;N/A;4065
S014;3838;306.0;40.0;11.55;51;CGC;BERÇO DPW 1;CARGO;N/A;1130
S014;3839;224.9;32.3;6.79;40;GSA - E;BERÇO TGG;CARGO;N/A;1940
S014;3840;185.97;35.0;8.3;32;CGC;BERÇO TECON 3;CARGO;N/A;805
S014;3841;76.0;18.0;6.0;53;CGNC;BERÇO SAIPEM 3;CARGO;N/A;1355
S014;3842;229.0;32.0;7.5;44;GSA - E;BERÇO ARM 37;CARGO;N/A;2585
S014;3843;259.8;32.0;10.5;32;CGC;BERÇO TECON 1.2;CARGO;N/A;1240
S014;3844;183.2;28.0;8.4;47;GL;BERÇO AL 01;CARGO;N/A;2645
S014;3845;190.0;32.0;6.85;44;GSA - E;BERÇO ARM 37;CARGO;N/A;5815
S014;3846;224.9;32.0;8.54;15;GSA - E;BERÇO ARM 16/17;CARGO;N/A;2190
S014;3847;164.34;23.0;8.6;54;GL;BERÇO DOW;CARGO;N/A;445
S014;3848;299.9;45.0;11.8;9;CGC;BERÇO BTP 2;CARGO;N/A;1515
S014;3849;236.32;36.0;8.5;13;CGNC;BERÇO BTP 1;CARGO;N/A;2365
S014;3850;179.97;30.0;5.71;56;GSA - E;BERÇO TIPLAM 2;CARGO;N/A;2295
S014;3851;270.9;43.0;12.0;51;CGC;BERÇO DPW 2;CARGO;N/A;1155
S014;3852;299.95;44.0;12.1;32;CGC;BERÇO TECON 2;CARGO;N/A;1115
S014;3853;141.0;24.0;8.9;2;GL;BERÇO IB BC;CARGO;N/A;2070
S014;3854;284.71;40.0;11.75;51;CGC;BERÇO DPW 2;CARGO;N/A;935
S014;3855;256.07;37.0;9.3;51;CGC;BERÇO DPW 1;CARGO;N/A;1065
S014;3856;228.94;32.0;7.19;12;GSA - E;BERÇO ARM 20/21;CARGO;N/A;5795
S014;3857;170.0;26.0;10.8;61;GL;BERÇO AL 04;CARGO;N/A;6220
S014;3858;210.96;32.0;9.3;9;CGC;BERÇO BTP 3;CARGO;N/A;1590
S014;3859;228.99;32.0;6.5;44;GSA - E;BERÇO ARM 37;CARGO;N/A;2635
S014;3860;201.8;33.0;7.3;8;CGNC;BERÇO ARM 35P1;CARGO;N/A;5930
S014;3861;201.8;33.0;7.3;8;CGNC;BERÇO ARM 35P2;CARGO;N/A;5930
S014;3862;209.75;33.0;10.4;51;CGC;BERÇO DPW 2;CARGO;N/A;1100
S014;3863;225.0;0.0;8.2;15;GSA - E;BERÇO ARM 16/17;CARGO;N/A;6110
S014;3864;179.99;32.0;12.0;2;GL;BERÇO IB OE;CARGO;N/A;7605
S014;3865;228.0;37.0;10.5;9;CGC;BERÇO BTP 2;CARGO;N/A;705
S014;3866;268.03;44.0;13.2;32;CGC;BERÇO TECON 2;CARGO;N/A;3660
S014;3867;156.53;25.0;8.2;2;GL;BERÇO IB SP;CARGO;N/A;3485
S014;3868;189.97;32.0;6.89;12;GSA - E;BERÇO ARM 20/21;CARGO;N/A;2345
S014;3869;160.0;25.0;6.2;33;GL;BERÇO AL 03;CARGO;N/A;550
S014;3870;160.0;25.0;6.2;60;GL;BERÇO AL 04;CARGO;N/A;4630
S014;3871;249.12;38.0;11.4;9;CGC;BERÇO BTP 2;CARGO;N/A;725
S014;3872;228.99;36.0;8.41;46;GSA - E;BERÇO OUT 2;CARGO;N/A;3800
S014;3873;299.79;48.0;12.5;9;CGC;BERÇO BTP 1;CARGO;N/A;1215
S014;3874;183.98;27.4;7.4;47;GL;BERÇO AL 02;CARGO;N/A;2385
S014;3875;82.3;17.0;4.5;53;CGNC;BERÇO SAIPEM 2;CARGO;N/A;1610
S014;3876;170.0;26.6;6.7;33;GL;BERÇO AL 02;CARGO;N/A;5990
S014;3877;170.0;27.0;8.15;59;GL;BERÇO AL 03;CARGO;N/A;2890
S014;3878;331.0;48.0;12.7;51;CGC;BERÇO DPW 1;CARGO;N/A;1040
S014;3879;199.98;32.0;8.9;45;RORO;BERÇO TEV;CARGO;RO-RO;200
S014;3880;229.0;32.0;7.5;39;GSA - E;BERÇO ARM 39;CARGO;N/A;4215
S014;3881;225.0;33.0;7.2;42;GSA - E;BERÇO TEG;CARGO;N/A;4480
S014;3882;300.0;48.0;12.0;9;CGC;BERÇO BTP 1;CARGO;N/A;1530
S014;3883;85.34;18.0;4.2;53;CGNC;BERÇO SAIPEM 1;CARGO;N/A;2790
S014;3884;228.0;37.0;10.0;32;CGC;BERÇO TECON 3;CARGO;N/A;1515
S014;3885;284.71;40.0;12.4;51;CGC;BERÇO DPW 2;CARGO;N/A;980
S014;3886;224.9;32.0;7.5;46;GSA - E;BERÇO OUT 2;CARGO;N/A;5720
S014;3887;199.54;32.0;7.68;45;RORO;BERÇO TEV;CARGO;RO-RO;1370
S014;3888;199.91;35.0;9.4;32;CGC;BERÇO TECON 1.1;CARGO;N/A;2570
S014;3889;299.93;49.0;10.5;9;CGC;BERÇO BTP 2;CARGO;N/A;1490
S014;3890;189.98;23.0;6.7;12;GSA - E;BERÇO ARM 20/21;CARGO;N/A;955
S014;3891;236.32;36.0;8.4;45;RORO;BERÇO TEV;CARGO;RO-RO;1000
S014;3892;225.0;32.0;12.53;16;GSM - I;BERÇO ARM 22/23;CARGO;N/A;3840
S014;3893;294.0;32.25;11.8;51;CGC;BERÇO DPW 1;CARGO;N/A;1365
S014;3894;199.97;32.0;8.15;45;RORO;BERÇO TEV;CARGO;RO-RO;1990
S014;3895;210.54;9.0;11.3;32;CGC;BERÇO TECON 3;CARGO;N/A;970
S014;3896;225.0;32.0;11.2;52;CGNC;BERÇO DPW 3;CARGO;N/A;1465
S014;3897;87.9;19.0;5.1;53;CGNC;BERÇO SAIPEM 3;CARGO;N/A;3620
S014;3898;224.98;32.0;7.19;40;GSA - E;BERÇO TGG;CARGO;N/A;1965
S014;3899;229.0;32.0;7.5;44;GSA - E;BERÇO ARM 37;CARGO;N/A;2775
S014;3900;209.99;36.0;9.25;28;CGNC;BERÇO CS 01;CARGO;N/A;6275
S014;3901;229.0;32.0;7.28;41;GSA - E;BERÇO ARM 38;CARGO;N/A;8275
S014;3902;255.17;38.0;10.8;9;CGC;BERÇO BTP 1;CARGO;N/A;945
S014;3903;199.9;32.0;11.15;57;GSM - I;BERÇO TIPLAM 4;CARGO;N/A;7320
S014;3904;195.92;25.0;6.2;45;RORO;BERÇO TEV;CARGO;RO-RO;415
S014;3905;179.8;32.0;11.2;60;GL;BERÇO AL 03;CARGO;N/A;5755
S014;3906;199.99;32.0;7.0;56;GSA - E;BERÇO TIPLAM 2;CARGO;N/A;3400
S014;3907;299.9;48.0;12.4;32;CGC;BERÇO TECON 3;CARGO;N/A;1515
S014;3908;224.0;35.0;9.2;32;CGC;BERÇO TECON 1.2;CARGO;N/A;875
S014;3909;213.88;32.0;8.9;13;CGNC;BERÇO VAL;CARGO;N/A;720
S014;3910;199.98;32.0;6.6;37;GSA - E;BERÇO TEAG;CARGO;N/A;7560
S014;3911;214.0;32.0;8.7;13;CGNC;BERÇO CS 04;CARGO;N/A;2930
S014;3912;299.9;40.09;9.8;9;CGC;BERÇO BTP 2;CARGO;N/A;1630
S014;3913;304.16;40.0;12.6;9;CGC;BERÇO BTP 2;CARGO;N/A;865
S014;3914;127.7;20.0;5.8;28;CGNC;BERÇO CS 02;CARGO;N/A;1715
S014;3915;194.87;32.0;9.65;32;CGC;BERÇO TECON 3;CARGO;N/A;1360
S014;3916;179.97;30.0;6.38;50;GSA - E;BERÇO CUTRALE;CARGO;N/A;2340
S014;3917;243.35;32.0;7.8;51;CGC;BERÇO DPW 2;CARGO;N/A;1210
S014;3918;229.0;32.0;10.92;15;GSA - E;BERÇO ARM 19;CARGO;N/A;3160
S014;3919;199.99;32.0;9.9;38;GSA - E;BERÇO ARM 12A;CARGO;N/A;1830
S014;3920;189.99;32.0;8.7;52;CGNC;BERÇO DPW 3;CARGO;N/A;1860
S014;3921;189.99;32.0;7.06;12;GSA - E;BERÇO ARM 20/21;CARGO;N/A;1475
S014;3922;183.1;32.0;9.7;2;GL;BERÇO IB BC;CARGO;N/A;1895
S014;3923;182.9;28.0;9.7;2;GL;BERÇO Ageo I;CARGO;N/A;1325
S014;3924;170.0;26.6;9.2;2;GL;BERÇO IB SP;CARGO;N/A;3680
S014;3925;212.54;31.0;12.3;32;CGC;BERÇO TECON 2;CARGO;N/A;1805
S014;3926;229.0;32.0;7.68;40;GSA - E;BERÇO TGG;CARGO;N/A;1955
S014;3927;299.92;48.0;12.2;32;CGC;BERÇO TECON 1.2;CARGO;N/A;1580
S014;3928;272.02;40.0;10.2;51;CGC;BERÇO DPW 1;CARGO;N/A;1040
S014;3929;182.5;32.0;7.8;47;GL;BERÇO AL 01;CARGO;N/A;2230
S014;3930;170.0;26.0;6.7;2;GL;BERÇO IB OE;CARGO;N/A;2380
S014;3931;142.5;23.0;6.2;47;GL;BERÇO AL 01;CARGO;N/A;1825
S014;3932;199.98;32.0;6.71;15;GSA - E;BERÇO ARM 19;CARGO;N/A;1850
S014;3933;182.5;29.0;10.25;16;GSM - I;BERÇO ARM 22/23;CARGO;N/A;5270
S014;3934;248.97;44.0;8.0;47;GL;BERÇO AL 01;CARGO;N/A;4090
S014;3935;228.15;32.0;9.1;32;CGC;BERÇO TECON 1.1;CARGO;N/A;980
S014;3936;210.0;37.0;7.65;44;GSA - E;BERÇO ARM 37;CARGO;N/A;2635
S014;3937;179.99;30.0;7.2;10;GL;BERÇO ARM 29;CARGO;N/A;4385
S014;3938;172.0;28.0;7.4;9;CGC;BERÇO BTP 2;CARGO;N/A;680
S014;3939;155.0;24.0;8.3;47;GL;BERÇO AL 02;CARGO;N/A;2985
S014;3940;199.2;31.0;10.05;52;CGNC;BERÇO DPW 4;CARGO;N/A;1410
S014;3941;199.91;32.0;8.3;45;RORO;BERÇO TEV;CARGO;RO-RO;980
S014;3942;199.99;32.0;7.0;56;GSA - E;BERÇO TIPLAM 2;CARGO;N/A;4210
S014;3943;228.99;32.0;7.21;15;GSA - E;BERÇO ARM 19;CARGO;N/A;5005
S014;3944;333.2;48.0;12.4;51;CGC;BERÇO DPW 1;CARGO;N/A;2725
S014;3945;185.06;30.0;8.3;60;GL;BERÇO AL 02;CARGO;N/A;3175
S014;3946;330.0;48.0;10.2;32;CGC;BERÇO TECON 3;CARGO;N/A;2395
S014;3947;183.1;32.0;9.2;54;GL;BERÇO DOW;CARGO;N/A;690
S014;3948;182.47;25.0;8.7;32;CGC;BERÇO TECON 1.2;CARGO;N/A;1665
S014;3949;196.0;32.0;6.75;56;GSA - E;BERÇO TIPLAM 3;CARGO;N/A;3685
S014;3950;254.87;37.0;10.7;51;CGC;BERÇO DPW 2;CARGO;N/A;1220
S014;3951;299.9;45.0;10.6;9;CGC;BERÇO BTP 3;CARGO;N/A;1525
S014;3952;299.85;48.0;12.5;9;CGC;BERÇO BTP 3;CARGO;N/A;1960
S014;3953;270.9;43.0;9.9;32;CGC;BERÇO TECON 2;CARGO;N/A;815
S014;3954;199.98;31.0;10.2;57;GSM - I;BERÇO TIPLAM 4;CARGO;N/A;5100
S014;3955;75.2;17.0;5.9;53;CGNC;BERÇO SAIPEM 3;CARGO;N/A;3310
S014;3956;225.0;32.0;6.95;50;GSA - E;BERÇO CUTRALE;CARGO;N/A;3785
S014;3957;332.58;44.0;12.6;32;CGC;BERÇO TECON 1.2;CARGO;N/A;915
S014;3958;225.16;31.0;11.35;32;CGC;BERÇO TECON 1.1;CARGO;N/A;780
S014;3959;182.88;32.0;7.0;47;GL;BERÇO AL 01;CARGO;N/A;1680
S014;3960;299.82;48.0;13.9;9;CGC;BERÇO BTP 1;CARGO;N/A;2040
S014;3961;229.0;32.0;11.9;38;GSA - E;BERÇO ARM 12A;CARGO;N/A;1615
S014;3962;177.9;33.0;8.2;53;CGNC;BERÇO SAIPEM 1;CARGO;N/A;2220
S014;3963;228.99;32.0;9.13;15;GSA - E;BERÇO ARM 19;CARGO;N/A;2785
S014;3964;199.99;32.0;6.71;37;GSA - E;BERÇO TEAG;CARGO;N/A;3375
S014;3965;228.9;32.0;14.07;16;GSM - I;BERÇO ARM 22/23;CARGO;N/A;3030
S014;3966;190.0;32.0;6.15;56;GSA - E;BERÇO TIPLAM 2;CARGO;N/A;3625
S014;3967;179.87;28.0;8.2;47;GL;BERÇO AL 01;CARGO;N/A;1945
S014;3968;227.92;37.0;10.7;9;CGC;BERÇO BTP 3;CARGO;N/A;535
S014;3969;227.92;37.0;10.2;51;CGC;BERÇO DPW 2;CARGO;N/A;1495
S014;3970;225.0;32.0;7.5;39;GSA - E;BERÇO ARM 39;CARGO;N/A;3410
S014;3971;179.87;28.0;8.9;55;GL;BERÇO TIPLAM 1;CARGO;N/A;2845
S014;3972;186.45;30.0;5.7;38;GSA - E;BERÇO ARM 12A;CARGO;N/A;3630
S014;3973;186.45;30.0;11.6;25;CGNC;BERÇO ARM 31;CARGO;N/A;26735
S014;3974;336.0;48.0;14.4;9;CGC;BERÇO BTP 2;CARGO;N/A;1565
S014;3975;179.97;30.0;10.9;17;GSA - I;BERÇO ARM 30;CARGO;N/A;3385
S014;3976;270.9;43.0;10.3;32;CGC;BERÇO TECON 1.2;CARGO;N/A;1900
S014;3977;228.95;32.0;7.31;39;GSA - E;BERÇO ARM 39;CARGO;N/A;8065
S014;3978;243.35;32.0;9.7;32;CGC;BERÇO TECON 1.1;CARGO;N/A;895
S014;3979;189.99;32.0;10.25;57;GSM - I;BERÇO TIPLAM 1;CARGO;N/A;1415
S014;3980;318.24;43.0;10.0;9;CGC;BERÇO BTP 3;CARGO;N/A;1175
S014;3981;299.9;45.0;12.6;32;CGC;BERÇO TECON 3;CARGO;N/A;2000
S014;3982;156.53;25.0;7.65;2;GL;BERÇO IB SP;CARGO;N/A;1675
S014;3983;272.08;40.0;10.7;51;CGC;BERÇO DPW 1;CARGO;N/A;1850
S014;3984;228.99;32.0;14.2;43;GSM - I;BERÇO TERMAG;CARGO;N/A;8825
S014;3985;228.99;32.0;7.8;57;GSM - I;BERÇO TIPLAM 2;CARGO;N/A;6015
S014;3986;189.99;33.0;6.7;15;GSA - E;BERÇO ARM 19;CARGO;N/A;3480
S014;3987;276.2;40.0;12.3;9;CGC;BERÇO BTP 1;CARGO;N/A;1045
S014;3988;263.23;32.0;12.7;32;CGC;BERÇO TECON 2;CARGO;N/A;1125
S014;3989;189.02;32.0;11.6;2;GL;BERÇO Ageo I;CARGO;N/A;5990
S014;3990;228.9;32.0;7.2;41;GSA - E;BERÇO ARM 38;CARGO;N/A;3535
S014;3991;225.0;32.0;7.39;44;GSA - E;BERÇO ARM 37;CARGO;N/A;2730
S014;3992;299.87;49.0;13.2;32;CGC;BERÇO TECON 2;CARGO;N/A;2675
S014;3993;240.0;38.0;7.1;40;GSA - E;BERÇO TGG;CARGO;N/A;6055
S014;3994;249.12;38.0;10.2;9;CGC;BERÇO BTP 1;CARGO;N/A;1290
S014;3995;169.37;27.0;5.15;15;GSA - E;BERÇO ARM 16/17;CARGO;N/A;2400
S014;3996;183.1;32.0;8.5;1;GL;BERÇO IB BC;CARGO;N/A;1545
S014;3997;254.94;40.0;10.0;32;CGC;BERÇO TECON 3;CARGO;N/A;1230
S014;3998;229.0;32.0;7.25;15;GSA - E;BERÇO ARM 16/17;CARGO;N/A;3690
S014;3999;189.99;28.0;6.03;58;GSM - E;BERÇO USIMINAS 3;CARGO;N/A;11035
S014;4000;199.2;30.0;10.2;57;GSM - I;BERÇO TIPLAM 2;CARGO;N/A;4155
S014;4001;179.9;30.0;6.81;37;GSA - E;BERÇO TEAG;CARGO;N/A;2750
S014;4002;314.33;48.0;14.5;51;CGC;BERÇO DPW 2;CARGO;N/A;1140
S014;4003;299.9;43.0;13.1;51;CGC;BERÇO DPW 1;CARGO;N/A;1635
S014;4004;200.0;36.0;10.6;32;CGC;BERÇO TECON 1.1;CARGO;N/A;1010
S014;4005;85.34;18.0;4.3;53;CGNC;BERÇO SAIPEM 2;CARGO;N/A;295
S014;4006;229.0;32.0;7.2;50;GSA - E;BERÇO CUTRALE;CARGO;N/A;3290
S014;4007;218.45;30.0;9.4;32;CGC;BERÇO TECON 1.2;CARGO;N/A;1280
S014;4008;225.0;32.0;9.7;8;CGNC;BERÇO ARM 35P1;CARGO;N/A;4775
S014;4009;225.0;32.0;9.7;8;CGNC;BERÇO ARM 35P2;CARGO;N/A;4775
S014;4010;146.5;24.0;6.4;60;GL;BERÇO AL 04;CARGO;N/A;3800
S014;4011;176.0;31.0;8.1;45;RORO;BERÇO TEV;CARGO;RO-RO;1600
S014;4012;330.0;48.0;12.5;9;CGC;BERÇO BTP 3;CARGO;N/A;1615
S014;4013;294.13;32.0;12.35;51;CGC;BERÇO DPW 2;CARGO;N/A;1085
S014;4014;229.0;32.0;13.3;43;GSM - I;BERÇO TERMAG;CARGO;N/A;3945
S014;4015;228.9;36.0;7.8;15;GSA - E;BERÇO ARM 16/17;CARGO;N/A;3835
S014;4016;76.0;18.0;5.0;53;CGNC;BERÇO SAIPEM 2;CARGO;N/A;675
S014;4017;183.2;28.0;8.0;47;GL;BERÇO AL 01;CARGO;N/A;1585
S014;4018;164.34;23.0;8.5;54;GL;BERÇO DOW;CARGO;N/A;1725
S014;4019;259.8;32.0;9.6;32;CGC;BERÇO TECON 1.2;CARGO;N/A;735
S014;4020;183.1;32.0;8.8;60;GL;BERÇO AL 04;CARGO;N/A;4385
S014;4021;201.9;34.0;7.81;52;CGNC;BERÇO DPW 3;CARGO;N/A;4500
S014;4022;182.9;28.0;10.0;33;GL;BERÇO AL 03;CARGO;N/A;1095
S014;4023;170.17;26.0;7.4;2;GL;BERÇO IB BC;CARGO;N/A;3845
S014;4024;199.98;37.0;8.2;45;RORO;BERÇO TEV;CARGO;RO-RO;2055
S014;4025;183.0;30.0;9.85;18;GSA - I;BERÇO ARM 13/14;CARGO;N/A;3930
S014;4026;224.0;35.0;10.45;32;CGC;BERÇO TECON 1.1;CARGO;N/A;1165
S014;4027;197.0;33.0;9.7;28;CGNC;BERÇO CS 01;CARGO;N/A;19515
S014;4028;183.21;32.0;7.8;47;GL;BERÇO AL 02;CARGO;N/A;1735
S014;4029;199.99;32.0;10.3;57;GSM - I;BERÇO TIPLAM 1;CARGO;N/A;1570
S014;4030;331.1;48.0;10.8;51;CGC;BERÇO DPW 1;CARGO;N/A;2550
S014;4031;337.0;48.0;13.15;9;CGC;BERÇO BTP 2;CARGO;N/A;1425
S014;4032;199.98;32.0;6.87;12;GSA - E;BERÇO ARM 20/21;CARGO;N/A;3935
S014;4033;299.95;48.0;11.5;9;CGC;BERÇO BTP 2;CARGO;N/A;1455
S014;4034;199.9;32.0;10.37;44;GSA - E;BERÇO ARM 37;CARGO;N/A;1095
S014;4035;87.9;19.0;5.2;53;CGNC;BERÇO SAIPEM 3;CARGO;N/A;740
S014;4036;145.0;24.0;9.4;1;GL;BERÇO IB SP;CARGO;N/A;3540
S014;4037;208.85;30.0;10.8;32;CGC;BERÇO TECON 1.1;CARGO;N/A;1620
S014;4038;189.02;32.0;12.2;2;GL;BERÇO Ageo I;CARGO;N/A;8640
S014;4039;225.0;32.0;7.1;38;GSA - E;BERÇO ARM 13/14;CARGO;N/A;2890
S014;4040;180.0;30.0;9.4;25;CGNC;BERÇO ARM 32;CARGO;N/A;19565
S014;4041;199.99;33.0;9.3;45;RORO;BERÇO TEV;CARGO;RO-RO;1390
S014;4042;218.45;30.0;10.0;32;CGC;BERÇO TECON 2;CARGO;N/A;855
S014;4043;228.99;32.0;7.5;40;GSA - E;BERÇO TGG;CARGO;N/A;2735
S014;4044;182.9;40.0;7.0;47;GL;BERÇO AL 02;CARGO;N/A;2310
S014;4045;255.36;37.0;10.6;51;CGC;BERÇO DPW 2;CARGO;N/A;745
S014;4046;186.35;28.0;8.5;9;CGC;BERÇO BTP 3;CARGO;N/A;625
S014;4047;199.9;32.0;12.5;25;CGNC;BERÇO ARM 35P1;CARGO;N/A;12740
S014;4048;228.0;37.0;9.4;32;CGC;BERÇO TECON 1.2;CARGO;N/A;1110
S014;4049;204.33;32.0;7.5;52;CGNC;BERÇO DPW 3;CARGO;N/A;5480
S014;4050;179.99;30.0;6.8;20;GL;BERÇO ARM 30;CARGO;N/A;4180
S014;4051;197.2;30.0;9.6;32;CGC;BERÇO TECON 3;CARGO;N/A;2270
S014;4052;183.2;32.23;7.9;47;GL;BERÇO AL 02;CARGO;N/A;2905
S014;4053;199.2;30.0;7.2;52;CGNC;BERÇO DPW 4;CARGO;N/A;4355
S014;4054;183.34;32.0;7.6;47;GL;BERÇO AL 01;CARGO;N/A;4135
S014;4055;299.99;48.0;10.1;9;CGC;BERÇO BTP 1;CARGO;N/A;1960
S014;4056;248.97;44.0;11.0;47;GL;BERÇO AL 01;CARGO;N/A;1620
S014;4057;229.11;38.0;8.08;39;GSA - E;BERÇO ARM 39;CARGO;N/A;2500
S014;4058;224.96;33.0;7.0;46;GSA - E;BERÇO OUT 2;CARGO;N/A;5820
S014;4059;293.87;40.0;13.0;9;CGC;BERÇO BTP 2;CARGO;N/A;1130
S014;4060;175.53;29.43;9.8;25;CGNC;BERÇO ARM 29;CARGO;N/A;17175
S014;4061;299.9;48.0;11.9;9;CGC;BERÇO BTP 1;CARGO;N/A;2200
S014;4062;182.47;25.0;9.8;32;CGC;BERÇO TECON 2;CARGO;N/A;1465
S014;4063;255.4;38.0;13.1;51;CGC;BERÇO DPW 2;CARGO;N/A;895
S014;4064;210.0;36.0;7.3;13;CGNC;BERÇO CS 04;CARGO;N/A;3435
S014;4065;225.0;0.0;6.88;46;GSA - E;BERÇO OUT 2;CARGO;N/A;2265
S014;4066;335.9;51.0;13.2;32;CGC;BERÇO TECON 2;CARGO;N/A;1260
S014;4067;183.1;32.0;7.9;61;GL;BERÇO IB SP;CARGO;N/A;2975
S014;4068;255.0;37.0;11.5;51;CGC;BERÇO DPW 1;CARGO;N/A;940
S014;4069;261.09;32.0;8.7;32;CGC;BERÇO TECON 1.1;CARGO;N/A;715
S014;4070;170.0;26.6;9.6;60;GL;BERÇO AL 03;CARGO;N/A;2275
S014;4071;183.0;27.0;7.0;47;GL;BERÇO AL 01;CARGO;N/A;1100
S014;4072;199.98;32.0;8.25;57;GSM - I;BERÇO TIPLAM 1;CARGO;N/A;3495
S014;4073;225.0;32.0;8.3;14;CGNC;BERÇO ARM 31;CARGO;N/A;1305
S014;4074;189.99;32.0;10.4;16;GSM - I;BERÇO ARM 22/23;CARGO;N/A;2700
S014;4075;183.06;32.0;11.85;2;GL;BERÇO IB OE;CARGO;N/A;5835
S014;4076;198.0;31.0;7.1;52;CGNC;BERÇO DPW 4;CARGO;N/A;4670
S014;4077;334.0;42.0;10.7;32;CGC;BERÇO TECON 1.2;CARGO;N/A;2200
S014;4078;199.9;32.0;11.4;57;GSM - I;BERÇO TIPLAM 4;CARGO;N/A;1530
S014;4079;228.37;34.0;9.2;15;GSA - E;BERÇO ARM 16/17;CARGO;N/A;4405
S014;4080;199.9;32.0;6.95;56;GSA - E;BERÇO TIPLAM 3;CARGO;N/A;2560
S014;4081;229.0;32.0;6.78;38;GSA - E;BERÇO ARM 12A;CARGO;N/A;6285
S014;4082;270.9;43.0;10.3;32;CGC;BERÇO TECON 1.2;CARGO;N/A;1640
S014;4083;179.95;28.0;6.49;15;GSA - E;BERÇO ARM 19;CARGO;N/A;1205
S014;4084;179.95;28.0;7.0;25;CGNC;BERÇO ARM 33;CARGO;N/A;9900
S014;4085;333.18;48.0;11.05;9;CGC;BERÇO BTP 3;CARGO;N/A;2690
S014;4086;199.8;32.0;8.6;8;CGNC;BERÇO ARM 35P1;CARGO;N/A;765
S014;4087;199.8;32.0;8.6;8;CGNC;BERÇO ARM 35P1;CARGO;N/A;765
S014;4088;185.97;35.0;9.3;51;CGC;BERÇO DPW 1;CARGO;N/A;750
S014;4089;185.97;35.0;9.2;32;CGC;BERÇO TECON 1.1;CARGO;N/A;575
S014;4090;330.0;48.0;13.8;32;CGC;BERÇO TECON 3;CARGO;N/A;1275
S014;4091;144.09;24.0;8.4;2;GL;BERÇO IB BC;CARGO;N/A;2270
S014;4092;227.97;37.0;11.3;51;CGC;BERÇO DPW 2;CARGO;N/A;1575
S014;4093;186.0;33.0;8.1;2;GL;BERÇO IB OE;CARGO;N/A;2205
S014;4094;186.0;33.0;8.5;60;GL;BERÇO AL 02;CARGO;N/A;2210
S014;4095;304.14;40.0;12.0;51;CGC;BERÇO DPW 1;CARGO;N/A;1655
S014;4096;228.99;32.0;6.8;12;GSA - E;BERÇO ARM 20/21;CARGO;N/A;5880
S014;4097;229.0;32.0;7.35;37;GSA - E;BERÇO TEAG;CARGO;N/A;1350
S014;4098;158.98;27.0;9.5;1;GL;BERÇO IB SP;CARGO;N/A;2170
S014;4099;182.9;40.0;7.4;47;GL;BERÇO AL 02;CARGO;N/A;2180
S014;4100;225.0;32.0;7.0;41;GSA - E;BERÇO ARM 38;CARGO;N/A;2335
S014;4101;299.9;48.0;13.4;32;CGC;BERÇO TECON 2;CARGO;N/A;2250
S014;4102;183.06;32.0;12.7;33;GL;BERÇO AL 03;CARGO;N/A;3145
S014;4103;199.98;32.0;8.0;45;RORO;BERÇO TEV;CARGO;RO-RO;1020
S014;4104;229.0;32.0;7.3;41;GSA - E;BERÇO ARM 38;CARGO;N/A;3220
S014;4105;334.11;43.0;13.6;32;CGC;BERÇO TECON 2;CARGO;N/A;1215
S014;4106;228.95;35.0;7.5;46;GSA - E;BERÇO OUT 3;CARGO;N/A;6975
S014;4107;199.8;32.0;9.85;14;CGNC;BERÇO ARM 31;CARGO;N/A;1085
S014;4108;225.0;32.0;10.7;8;CGNC;BERÇO ARM 35P1;CARGO;N/A;2730
S014;4109;170.0;26.0;6.2;33;GL;BERÇO AL 03;CARGO;N/A;4575
S014;4110;225.0;32.0;10.7;8;CGNC;BERÇO ARM 35P2;CARGO;N/A;2730
S014;4111;145.0;24.0;7.7;33;GL;BERÇO AL 03;CARGO;N/A;1520
S014;4112;299.9;45.0;12.0;9;CGC;BERÇO BTP 2;CARGO;N/A;995
S014;4113;229.0;32.0;8.9;50;GSA - E;BERÇO CUTRALE;CARGO;N/A;2080
S014;4114;299.9;46.0;11.9;9;CGC;BERÇO BTP 2;CARGO;N/A;1215
S014;4115;254.94;40.0;12.9;32;CGC;BERÇO TECON 1.1;CARGO;N/A;2630
S014;4116;163.46;30.0;8.1;53;CGNC;BERÇO SAIPEM 2;CARGO;N/A;2920
S014;4117;199.98;32.0;9.0;56;GSA - E;BERÇO TIPLAM 3;CARGO;N/A;1275
S014;4118;225.0;32.25;7.24;38;GSA - E;BERÇO ARM 13/14;CARGO;N/A;2715
S014;4119;210.96;32.0;10.6;9;CGC;BERÇO BTP 3;CARGO;N/A;1280
S014;4120;201.8;32.0;7.3;8;CGNC;BERÇO ARM 35P2;CARGO;N/A;5975
S014;4121;201.8;32.0;7.3;8;CGNC;BERÇO ARM 35P1;CARGO;N/A;5975
S014;4122;272.02;40.0;9.9;51;CGC;BERÇO DPW 1;CARGO;N/A;820
S014;4123;330.0;48.0;12.3;9;CGC;BERÇO BTP 2;CARGO;N/A;2220
S014;4124;156.53;25.0;7.4;61;GL;BERÇO IB BC;CARGO;N/A;1975
S014;4125;199.98;32.0;10.44;28;CGNC;BERÇO CS 02;CARGO;N/A;5405
S014;4126;249.12;37.0;11.9;9;CGC;BERÇO BTP 3;CARGO;N/A;1130
S014;4127;119.9;22.0;7.7;2;GL;BERÇO IB SP;CARGO;N/A;4010
S014;4128;199.99;36.0;6.93;37;GSA - E;BERÇO TEAG;CARGO;N/A;4230
S014;4129;228.99;32.0;7.24;44;GSA - E;BERÇO ARM 37;CARGO;N/A;2780
S014;4130;179.95;32.0;6.5;15;GSA - E;BERÇO ARM 16/17;CARGO;N/A;3035
S014;4131;179.95;32.0;10.2;17;GSA - I;BERÇO ARM 30;CARGO;N/A;10380
S014;4132;189.99;33.0;6.8;15;GSA - E;BERÇO ARM 19;CARGO;N/A;3390
S014;4133;228.99;32.0;7.05;40;GSA - E;BERÇO TGG;CARGO;N/A;2205
S014;4134;229.0;32.0;6.84;40;GSA - E;BERÇO TGG;CARGO;N/A;2285
S014;4135;299.92;48.0;10.6;9;CGC;BERÇO BTP 1;CARGO;N/A;2130
S014;4136;229.0;32.0;7.75;44;GSA - E;BERÇO ARM 37;CARGO;N/A;3390
S014;4137;156.53;25.0;6.8;2;GL;BERÇO IB OE;CARGO;N/A;2135
S014;4138;199.91;35.0;8.3;32;CGC;BERÇO TECON 3;CARGO;N/A;2490
S014;4139;260.05;32.0;11.9;32;CGC;BERÇO TECON 2;CARGO;N/A;550
S014;4140;227.97;37.0;10.9;9;CGC;BERÇO BTP 1;CARGO;N/A;295
S014;4141;229.0;32.0;13.47;40;GSA - E;BERÇO TGG;CARGO;N/A;350
S014;4142;294.12;32.0;11.45;51;CGC;BERÇO DPW 2;CARGO;N/A;1625
S014;4143;209.99;36.0;9.3;52;CGNC;BERÇO DPW 3;CARGO;N/A;2010
S014;4144;194.87;32.0;9.3;32;CGC;BERÇO TECON 1.2;CARGO;N/A;1490
S014;4145;215.4;37.0;9.97;39;GSA - E;BERÇO ARM 39;CARGO;N/A;1765
S014;4146;170.0;26.0;7.15;49;GL;BERÇO CUTRALE;CARGO;N/A;4335
S014;4147;229.0;32.0;7.27;12;GSA - E;BERÇO ARM 20/21;CARGO;N/A;2285
S014;4148;228.99;32.0;7.15;39;GSA - E;BERÇO ARM 39;CARGO;N/A;5850
S014;4149;225.0;32.0;10.81;15;GSA - E;BERÇO ARM 16/17;CARGO;N/A;1305
S014;4150;270.9;43.0;12.2;51;CGC;BERÇO DPW 1;CARGO;N/A;845
S014;4151;294.12;32.0;11.45;32;CGC;BERÇO TECON 3;CARGO;N/A;1015
S014;4152;179.87;28.0;8.5;55;GL;BERÇO TIPLAM 1;CARGO;N/A;1125
S014;4153;223.98;35.0;9.25;32;CGC;BERÇO TECON 1.2;CARGO;N/A;1010
S014;4154;182.68;32.0;7.9;1;GL;BERÇO IB BC;CARGO;N/A;4625
S014;4155;229.0;32.0;7.07;38;GSA - E;BERÇO ARM 12A;CARGO;N/A;7535
S014;4156;199.9;32.0;6.91;12;GSA - E;BERÇO ARM 20/21;CARGO;N/A;2385
S014;4157;225.0;32.0;7.03;38;GSA - E;BERÇO ARM 12A;CARGO;N/A;2240
S014;4158;212.54;31.0;11.3;32;CGC;BERÇO TECON 1.1;CARGO;N/A;930
S014;4159;299.9;45.0;11.5;9;CGC;BERÇO BTP 3;CARGO;N/A;2540
S014;4160;188.8;33.0;9.6;51;CGC;BERÇO DPW 2;CARGO;N/A;550
S014;4161;174.7;28.0;5.6;56;GSA - E;BERÇO TIPLAM 3;CARGO;N/A;4270
S014;4162;189.96;29.0;7.8;25;CGNC;BERÇO ARM 33;CARGO;N/A;5155
S014;4163;155.0;24.0;8.3;47;GL;BERÇO AL 01;CARGO;N/A;3380
S014;4164;229.0;32.0;8.49;56;GSA - E;BERÇO TIPLAM 2;CARGO;N/A;6610
S014;4165;299.9;48.0;11.6;32;CGC;BERÇO TECON 2;CARGO;N/A;1550
S014;4166;189.99;32.0;8.26;28;CGNC;BERÇO CS 03;CARGO;N/A;18040
S014;4167;333.17;48.0;13.7;51;CGC;BERÇO DPW 2;CARGO;N/A;1505
S014;4168;276.2;40.0;10.66;9;CGC;BERÇO BTP 2;CARGO;N/A;1040
S014;4169;210.54;9.0;10.1;32;CGC;BERÇO TECON 3;CARGO;N/A;1065
S014;4170;179.16;32.0;7.7;45;RORO;BERÇO TEV;CARGO;RO-RO;1485
S014;4171;314.31;48.0;14.3;9;CGC;BERÇO BTP 1;CARGO;N/A;1675
S014;4172;299.96;48.0;11.4;32;CGC;BERÇO TECON 2;CARGO;N/A;1300
S014;4173;210.54;30.0;8.5;32;CGC;BERÇO TECON 1.1;CARGO;N/A;1915
S014;4174;105.9;22.0;6.3;53;CGNC;BERÇO SAIPEM 1;CARGO;N/A;1065
S014;4175;335.0;45.0;10.4;9;CGC;BERÇO BTP 2;CARGO;N/A;1560
S014;4176;336.0;51.0;14.4;32;CGC;BERÇO TECON 3;CARGO;N/A;2105
S014;4177;145.0;24.0;8.9;60;GL;BERÇO AL 03;CARGO;N/A;1090
S014;4178;158.9;27.0;8.2;2;GL;BERÇO Ageo I;CARGO;N/A;2125
S014;4179;229.9;36.0;7.4;41;GSA - E;BERÇO ARM 38;CARGO;N/A;9105
S014;4180;272.08;40.0;9.9;51;CGC;BERÇO DPW 1;CARGO;N/A;1060
S014;4181;177.9;33.0;8.0;53;CGNC;BERÇO SAIPEM 2;CARGO;N/A;11850
S014;4182;172.0;28.0;8.6;9;CGC;BERÇO BTP 1;CARGO;N/A;720
S014;4183;228.99;32.0;7.26;46;GSA - E;BERÇO OUT 2;CARGO;N/A;6430
S014;4184;257.38;32.0;10.3;51;CGC;BERÇO DPW 2;CARGO;N/A;1200
S014;4185;229.0;32.0;7.3;41;GSA - E;BERÇO ARM 38;CARGO;N/A;3785
S014;4186;254.73;37.0;9.6;51;CGC;BERÇO DPW 1;CARGO;N/A;785
S014;4187;199.97;32.0;7.8;45;RORO;BERÇO TEV;CARGO;RO-RO;1655
S014;4188;85.34;18.0;4.3;53;CGNC;BERÇO SAIPEM 3;CARGO;N/A;1735
S014;4189;182.47;25.0;8.8;32;CGC;BERÇO TECON 1.2;CARGO;N/A;2105
S014;4190;228.99;32.0;6.9;40;GSA - E;BERÇO TGG;CARGO;N/A;4820
S014;4191;331.0;48.0;12.3;51;CGC;BERÇO DPW 1;CARGO;N/A;1945
S014;4192;179.96;30.0;9.71;18;GSA - I;BERÇO ARM 13/14;CARGO;N/A;9210
S014;4193;199.98;32.0;6.6;56;GSA - E;BERÇO TIPLAM 2;CARGO;N/A;2625
S014;4194;261.03;33.0;8.5;32;CGC;BERÇO TECON 1.1;CARGO;N/A;450
S014;4195;299.9;48.0;8.8;32;CGC;BERÇO TECON 3;CARGO;N/A;4055
S014;4196;229.0;32.0;9.06;57;GSM - I;BERÇO TIPLAM 2;CARGO;N/A;9695
S014;4197;229.0;32.0;14.2;43;GSM - I;BERÇO TERMAG;CARGO;N/A;3760
S014;4198;229.0;32.0;7.18;40;GSA - E;BERÇO TGG;CARGO;N/A;3535
S014;4199;157.4;26.0;6.2;49;GL;BERÇO CUTRALE;CARGO;N/A;4520
S014;4200;222.14;30.0;11.5;51;CGC;BERÇO DPW 2;CARGO;N/A;680
S014;4201;228.99;32.0;7.06;44;GSA - E;BERÇO ARM 37;CARGO;N/A;2895
S014;4202;228.42;35.0;10.58;15;GSA - E;BERÇO ARM 16/17;CARGO;N/A;5170
S014;4203;299.9;46.0;12.4;9;CGC;BERÇO BTP 2;CARGO;N/A;1415
S014;4204;225.0;32.0;7.1;39;GSA - E;BERÇO ARM 39;CARGO;N/A;4130
S014;4205;186.4;28.0;10.13;28;CGNC;BERÇO CS 01;CARGO;N/A;7775
S014;4206;299.87;49.0;12.6;9;CGC;BERÇO BTP 3;CARGO;N/A;1650
S014;4207;146.5;25.0;9.7;2;GL;BERÇO IB BC;CARGO;N/A;2975
S014;4208;182.5;32.0;10.6;60;GL;BERÇO AL 04;CARGO;N/A;2620
S014;4209;227.95;38.0;10.45;51;CGC;BERÇO DPW 2;CARGO;N/A;1350
S014;4210;158.98;27.0;8.5;60;GL;BERÇO AL 03;CARGO;N/A;1570
S014;4211;254.94;40.0;10.3;32;CGC;BERÇO TECON 2;CARGO;N/A;1145
S014;4212;164.34;23.0;9.0;54;GL;BERÇO DOW;CARGO;N/A;1760
S014;4213;228.99;32.0;12.24;44;GSA - E;BERÇO ARM 37;CARGO;N/A;3220
S014;4214;299.9;45.0;11.4;32;CGC;BERÇO TECON 1.2;CARGO;N/A;660
S014;4215;225.0;32.0;7.1;39;GSA - E;BERÇO ARM 39;CARGO;N/A;7860
S014;4216;229.0;32.0;7.46;56;GSA - E;BERÇO TIPLAM 3;CARGO;N/A;4490
S014;4217;299.99;40.0;10.6;9;CGC;BERÇO BTP 1;CARGO;N/A;1590
S014;4218;320.58;42.0;11.4;51;CGC;BERÇO DPW 1;CARGO;N/A;1695
S014;4219;182.9;32.0;7.3;47;GL;BERÇO AL 01;CARGO;N/A;2435
S014;4220;199.98;32.0;11.1;16;GSM - I;BERÇO ARM 22/23;CARGO;N/A;6135
S014;4221;213.88;32.0;8.8;13;CGNC;BERÇO VAL;CARGO;N/A;1240
S014;4222;199.9;32.0;7.16;40;GSA - E;BERÇO TGG;CARGO;N/A;2535
S014;4223;255.36;37.0;10.6;51;CGC;BERÇO DPW 2;CARGO;N/A;1885
S014;4224;249.12;37.0;12.1;9;CGC;BERÇO BTP 3;CARGO;N/A;980
S014;4225;228.99;32.0;7.67;42;GSA - E;BERÇO TEG;CARGO;N/A;2440
S014;4226;293.19;40.12;13.8;32;CGC;BERÇO TECON 1.2;CARGO;N/A;4860
S014;4227;229.0;32.0;7.5;40;GSA - E;BERÇO TGG;CARGO;N/A;2440
S014;4228;179.9;30.0;6.73;19;CGNC;BERÇO ARM 31;CARGO;N/A;3465
S014;4229;183.06;32.0;12.45;59;GL;BERÇO AL 02;CARGO;N/A;5590
S014;4230;227.95;38.0;10.6;9;CGC;BERÇO BTP 2;CARGO;N/A;585
S014;4231;199.9;32.0;9.73;52;CGNC;BERÇO DPW 3;CARGO;N/A;3380
S014;4232;229.0;32.0;7.4;56;GSA - E;BERÇO TIPLAM 2;CARGO;N/A;5805
S014;4233;299.9;43.0;11.8;9;CGC;BERÇO BTP 1;CARGO;N/A;1275
S014;4234;262.08;32.0;9.8;32;CGC;BERÇO TECON 3;CARGO;N/A;1120
S014;4235;299.9;45.0;13.65;51;CGC;BERÇO DPW 1;CARGO;N/A;800
S014;4236;333.95;48.0;13.5;32;CGC;BERÇO TECON 2;CARGO;N/A;2000
S014;4237;144.09;24.0;6.0;2;GL;BERÇO Ageo I;CARGO;N/A;3710
S014;4238;257.38;32.0;10.6;32;CGC;BERÇO TECON 1.1;CARGO;N/A;410
S014;4239;294.1;32.0;11.75;51;CGC;BERÇO DPW 1;CARGO;N/A;1030
S014;4240;263.23;32.0;11.3;32;CGC;BERÇO TECON 2;CARGO;N/A;615
S014;4241;144.09;24.0;7.3;2;GL;BERÇO IB OE;CARGO;N/A;1305
S014;4242;185.96;35.0;8.5;32;CGC;BERÇO TECON 1.1;CARGO;N/A;2580
S014;4243;180.0;30.0;10.12;25;CGNC;BERÇO ARM 32;CARGO;N/A;4180
S014;4244;229.0;32.31;8.81;50;GSA - E;BERÇO CUTRALE;CARGO;N/A;750
S014;4245;199.97;32.0;8.6;45;RORO;BERÇO TEV;CARGO;RO-RO;735
S014;4246;201.8;32.0;8.2;8;CGNC;BERÇO ARM 35P2;CARGO;N/A;1725
S014;4247;201.8;32.0;8.2;8;CGNC;BERÇO ARM 35P2;CARGO;N/A;1725
S014;4248;263.23;32.0;10.5;32;CGC;BERÇO TECON 2;CARGO;N/A;780
S014;4249;85.34;18.0;4.1;53;CGNC;BERÇO SAIPEM 1;CARGO;N/A;355
S014;4250;179.97;30.0;10.11;17;GSA - I;BERÇO ARM 30;CARGO;N/A;11985
S014;4251;229.2;38.0;7.9;39;GSA - E;BERÇO ARM 39;CARGO;N/A;3230
S014;4252;182.5;32.0;11.1;59;GL;BERÇO AL 04;CARGO;N/A;6200
S014;4253;299.18;48.0;12.3;9;CGC;BERÇO BTP 3;CARGO;N/A;2545
S014;4254;335.98;48.0;13.0;9;CGC;BERÇO BTP 2;CARGO;N/A;1080
S014;4255;189.93;32.0;6.35;42;GSA - E;BERÇO TEG;CARGO;N/A;3195
S014;4256;189.99;32.0;6.4;38;GSA - E;BERÇO ARM 13/14;CARGO;N/A;4290
S014;4257;180.0;30.0;6.5;58;GSM - E;BERÇO USIMINAS 3;CARGO;N/A;9255
S014;4258;299.9;40.09;12.7;9;CGC;BERÇO BTP 1;CARGO;N/A;970
S014;4259;189.99;32.0;9.52;28;CGNC;BERÇO CS 02;CARGO;N/A;10150
S014;4260;190.0;32.0;9.58;15;GSA - E;BERÇO ARM 16/17;CARGO;N/A;810
S014;4261;199.9;32.0;6.9;52;CGNC;BERÇO DPW 4;CARGO;N/A;2975
S014;4262;261.09;32.0;7.2;32;CGC;BERÇO TECON 1.1;CARGO;N/A;875
S014;4263;208.85;30.0;11.5;32;CGC;BERÇO TECON 2;CARGO;N/A;890
S014;4264;364.0;51.0;10.5;9;CGC;BERÇO BTP 1;CARGO;N/A;1515
S014;4265;180.0;30.0;6.1;56;GSA - E;BERÇO TIPLAM 3;CARGO;N/A;2070
S014;4266;299.98;48.0;12.5;9;CGC;BERÇO BTP 2;CARGO;N/A;1805
S014;4267;179.9;30.0;10.36;57;GSM - I;BERÇO TIPLAM 1;CARGO;N/A;8315
S014;4268;189.99;32.0;8.7;57;GSM - I;BERÇO TIPLAM 4;CARGO;N/A;5090
S014;4269;300.0;48.0;11.8;32;CGC;BERÇO TECON 2;CARGO;N/A;1875
S014;4270;215.4;37.0;6.42;8;CGNC;BERÇO ARM 35P1;CARGO;N/A;11135
S014;4271;215.4;37.0;6.42;8;CGNC;BERÇO ARM 35P2;CARGO;N/A;11135
S014;4272;183.18;27.0;7.2;47;GL;BERÇO AL 02;CARGO;N/A;1780
S014;4273;139.95;21.0;6.6;60;GL;BERÇO AL 04;CARGO;N/A;1750
S014;4274;299.9;48.0;10.5;32;CGC;BERÇO TECON 3;CARGO;N/A;2000
S014;4275;330.08;48.0;13.8;9;CGC;BERÇO BTP 2;CARGO;N/A;1960
S014;4276;186.0;33.0;7.8;2;GL;BERÇO IB OE;CARGO;N/A;6025
S014;4277;201.8;32.0;11.7;14;CGNC;BERÇO ARM 31;CARGO;N/A;1590
S014;4278;201.8;33.0;11.7;35;CGNC;BERÇO ARM 32;CARGO;N/A;4430
S014;4279;201.8;33.0;11.72;52;CGNC;BERÇO DPW 3;CARGO;N/A;1585
S014;4280;223.91;34.0;8.0;51;CGC;BERÇO DPW 1;CARGO;N/A;395
S014;4281;210.56;30.0;8.2;10;GL;BERÇO ARM 29;CARGO;N/A;5220
S014;4282;225.0;32.0;7.26;38;GSA - E;BERÇO ARM 12A;CARGO;N/A;3510
S014;4283;272.05;40.0;9.95;51;CGC;BERÇO DPW 2;CARGO;N/A;1055
S014;4284;229.0;32.0;6.75;39;GSA - E;BERÇO ARM 39;CARGO;N/A;4430
S014;4285;189.9;33.0;7.18;49;GL;BERÇO CUTRALE;CARGO;N/A;8550
S014;4286;300.4;40.0;11.9;32;CGC;BERÇO TECON 1.2;CARGO;N/A;2415
S014;4287;198.0;32.0;6.34;12;GSA - E;BERÇO ARM 20/21;CARGO;N/A;1610
S014;4288;186.35;28.0;9.7;9;CGC;BERÇO BTP 3;CARGO;N/A;800
S014;4289;185.97;34.0;8.7;32;CGC;BERÇO TECON 2;CARGO;N/A;1380
S014;4290;339.62;45.0;13.5;51;CGC;BERÇO DPW 1;CARGO;N/A;960
S014;4291;229.0;33.0;7.7;41;GSA - E;BERÇO ARM 38;CARGO;N/A;2500
S014;4292;179.88;32.0;11.25;2;GL;BERÇO Ageo I;CARGO;N/A;8390
S014;4293;201.8;32.0;12.3;52;CGNC;BERÇO DPW 3;CARGO;N/A;1075
S014;4294;229.0;32.0;8.3;46;GSA - E;BERÇO OUT 2;CARGO;N/A;6305
S014;4295;254.87;37.0;11.0;51;CGC;BERÇO DPW 1;CARGO;N/A;1055
S014;4296;210.96;32.0;8.2;9;CGC;BERÇO BTP 1;CARGO;N/A;780
S014;4297;156.53;25.0;7.8;59;GL;BERÇO AL 03;CARGO;N/A;2480
S014;4298;182.47;25.0;9.2;32;CGC;BERÇO TECON 1.1;CARGO;N/A;2270
S014;4299;183.1;32.0;8.2;47;GL;BERÇO AL 01;CARGO;N/A;1495
S014;4300;229.0;32.0;7.03;41;GSA - E;BERÇO ARM 38;CARGO;N/A;8985
S014;4301;183.98;27.4;7.45;47;GL;BERÇO AL 01;CARGO;N/A;3070
S014;4302;294.08;32.0;11.7;9;CGC;BERÇO BTP 2;CARGO;N/A;1380
S014;4303;336.0;51.0;13.4;32;CGC;BERÇO TECON 3;CARGO;N/A;1735
S014;4304;225.0;32.0;7.26;15;GSA - E;BERÇO ARM 19;CARGO;N/A;5340
S014;4305;334.0;43.0;11.85;9;CGC;BERÇO BTP 1;CARGO;N/A;1245
S014;4306;182.93;31.0;9.45;58;GSM - E;BERÇO USIMINAS 3;CARGO;N/A;11145
S014;4307;228.99;32.0;6.58;44;GSA - E;BERÇO ARM 37;CARGO;N/A;4155
S014;4308;225.0;36.0;8.02;52;CGNC;BERÇO DPW 4;CARGO;N/A;5660
S014;4309;182.68;32.0;9.0;33;GL;BERÇO AL 03;CARGO;N/A;2600
S014;4310;228.0;37.0;11.5;51;CGC;BERÇO DPW 2;CARGO;N/A;1765
S014;4311;228.99;32.0;10.19;42;GSA - E;BERÇO TEG;CARGO;N/A;3805
S014;4312;229.0;32.0;8.41;12;GSA - E;BERÇO ARM 20/21;CARGO;N/A;2675
S014;4313;199.98;32.0;11.49;57;GSM - I;BERÇO TIPLAM 4;CARGO;N/A;13230
S014;4314;229.0;37.0;7.2;37;GSA - E;BERÇO TEAG;CARGO;N/A;2310
S014;4315;199.99;36.0;6.7;37;GSA - E;BERÇO TEAG;CARGO;N/A;1260
S014;4316;179.9;30.0;6.75;19;CGNC;BERÇO ARM 31;CARGO;N/A;9985
S014;4317;330.0;48.0;13.5;32;CGC;BERÇO TECON 2;CARGO;N/A;1065
S014;4318;213.88;32.0;9.0;13;CGNC;BERÇO VAL;CARGO;N/A;435
S014;4319;299.9;45.0;12.4;9;CGC;BERÇO BTP 3;CARGO;N/A;980
S014;4320;299.9;45.0;12.25;32;CGC;BERÇO TECON 3;CARGO;N/A;850
S014;4321;199.98;32.0;6.45;12;GSA - E;BERÇO ARM 20/21;CARGO;N/A;3535
S014;4322;260.05;32.0;8.8;32;CGC;BERÇO TECON 1.1;CARGO;N/A;760
S014;4323;335.0;45.0;14.15;32;CGC;BERÇO TECON 2;CARGO;N/A;1420
S014;4324;303.83;40.0;13.5;51;CGC;BERÇO DPW 1;CARGO;N/A;1915
S014;4325;299.9;45.0;12.1;9;CGC;BERÇO BTP 1;CARGO;N/A;1240
S014;4326;330.0;48.0;12.4;9;CGC;BERÇO BTP 3;CARGO;N/A;1530
S014;4327;189.79;32.0;8.0;35;CGNC;BERÇO ARM 33;CARGO;N/A;4305
S014;4328;254.95;40.0;11.8;32;CGC;BERÇO TECON 2;CARGO;N/A;2335
S014;4329;229.0;32.0;6.82;40;GSA - E;BERÇO TGG;CARGO;N/A;2010
S014;4330;204.88;32.0;8.2;10;GL;BERÇO ARM 29;CARGO;N/A;3635
S014;4331;182.9;40.0;7.0;47;GL;BERÇO AL 02;CARGO;N/A;2095
S014;4332;277.32;40.0;14.4;9;CGC;BERÇO BTP 2;CARGO;N/A;1620
S014;4333;293.18;40.0;12.3;51;CGC;BERÇO DPW 2;CARGO;N/A;1120
S014;4334;225.0;32.0;9.4;14;CGNC;BERÇO ARM 31;CARGO;N/A;2040
S014;4335;300.4;40.0;12.9;9;CGC;BERÇO BTP 2;CARGO;N/A;1240
S014;4336;228.0;37.0;11.35;9;CGC;BERÇO BTP 2;CARGO;N/A;845
S014;4337;189.99;32.0;6.53;37;GSA - E;BERÇO TEAG;CARGO;N/A;2190
S014;4338;254.94;40.0;12.3;51;CGC;BERÇO DPW 1;CARGO;N/A;1650
S014;4339;232.37;32.0;8.9;45;RORO;BERÇO TEV;CARGO;RO-RO;530
S014;4340;189.99;32.0;11.8;25;CGNC;BERÇO ARM 35P2;CARGO;N/A;19465
S014;4341;199.9;32.0;7.06;25;CGNC;BERÇO ARM 29;CARGO;N/A;9050
S014;4342;299.9;46.0;11.4;9;CGC;BERÇO BTP 1;CARGO;N/A;1260
S014;4343;225.0;32.0;8.3;15;GSA - E;BERÇO ARM 19;CARGO;N/A;2675
S014;4344;304.14;40.0;12.3;51;CGC;BERÇO DPW 2;CARGO;N/A;985
S014;4345;200.0;36.0;9.8;32;CGC;BERÇO TECON 1.2;CARGO;N/A;3530
S014;4346;228.99;32.0;7.5;40;GSA - E;BERÇO TGG;CARGO;N/A;2715
S014;4347;182.5;32.0;8.0;47;GL;BERÇO AL 01;CARGO;N/A;1505
S014;4348;146.5;25.0;7.85;1;GL;BERÇO IB SP;CARGO;N/A;1330
S014;4349;210.0;36.0;8.7;13;CGNC;BERÇO CS 04;CARGO;N/A;4610
S014;4350;210.0;36.0;9.0;14;CGNC;BERÇO ARM 31;CARGO;N/A;1810
S014;4351;229.0;32.0;14.2;43;GSM - I;BERÇO TERMAG;CARGO;N/A;7550
S014;4352;269.8;35.0;10.6;51;CGC;BERÇO DPW 2;CARGO;N/A;1335
S014;4353;199.99;32.0;7.23;42;GSA - E;BERÇO TEG;CARGO;N/A;3950
S014;4354;229.0;32.0;7.1;42;GSA - E;BERÇO TEG;CARGO;N/A;4325
S014;4355;183.1;32.0;6.9;47;GL;BERÇO AL 02;CARGO;N/A;3200
S014;4356;333.17;48.0;10.6;51;CGC;BERÇO DPW 1;CARGO;N/A;2800
S014;4357;119.9;22.0;8.1;2;GL;BERÇO IB BC;CARGO;N/A;3485
S014;4358;199.91;35.0;8.6;32;CGC;BERÇO TECON 2;CARGO;N/A;2005
S014;4359;190.0;32.0;12.5;43;GSM - I;BERÇO TERMAG;CARGO;N/A;5925
S014;4360;199.97;32.0;8.2;45;RORO;BERÇO TEV;CARGO;RO-RO;1470
S014;4361;223.96;35.0;8.4;32;CGC;BERÇO TECON 1.1;CARGO;N/A;1360
S014;4362;210.54;30.0;9.0;32;CGC;BERÇO TECON 1.2;CARGO;N/A;1610
S014;4363;199.9;32.0;7.38;46;GSA - E;BERÇO OUT 2;CARGO;N/A;2710
S014;4364;330.0;48.0;11.1;32;CGC;BERÇO TECON 3;CARGO;N/A;2205
S014;4365;183.0;27.0;7.5;47;GL;BERÇO AL 01;CARGO;N/A;1995
S014;4366;144.09;24.0;7.9;59;GL;BERÇO AL 03;CARGO;N/A;4410
S014;4367;183.06;32.0;9.9;54;GL;BERÇO DOW;CARGO;N/A;1370
S014;4368;228.42;35.0;9.0;41;GSA - E;BERÇO ARM 38;CARGO;N/A;2770
S014;4369;228.99;32.0;7.03;44;GSA - E;BERÇO ARM 37;CARGO;N/A;3360
S014;4370;182.99;40.0;7.0;47;GL;BERÇO AL 01;CARGO;N/A;4660
S014;4371;210.54;9.0;11.4;32;CGC;BERÇO TECON 1.1;CARGO;N/A;1190
S014;4372;261.03;33.0;10.3;32;CGC;BERÇO TECON 1.1;CARGO;N/A;545
S014;4373;229.0;32.31;11.24;50;GSA - E;BERÇO CUTRALE;CARGO;N/A;1865
S014;4374;189.99;32.0;10.65;28;CGNC;BERÇO CS 01;CARGO;N/A;17335
S014;4375;170.0;32.0;8.6;2;GL;BERÇO IB SP;CARGO;N/A;2570
S014;4376;172.0;28.0;7.7;9;CGC;BERÇO BTP 2;CARGO;N/A;795
S014;4377;199.98;32.0;8.0;45;RORO;BERÇO TEV;CARGO;RO-RO;1300
S014;4378;299.18;48.0;12.1;9;CGC;BERÇO BTP 1;CARGO;N/A;1565
S014;4379;229.0;32.0;7.0;12;GSA - E;BERÇO ARM 20/21;CARGO;N/A;4330
S014;4380;176.2;26.0;6.56;56;GSA - E;BERÇO TIPLAM 3;CARGO;N/A;2400
S014;4381;228.99;32.0;7.12;12;GSA - E;BERÇO ARM 20/21;CARGO;N/A;3670
S014;4382;183.2;32.0;8.0;47;GL;BERÇO AL 01;CARGO;N/A;2285
S014;4383;228.99;32.0;11.0;44;GSA - E;BERÇO ARM 37;CARGO;N/A;1420
S014;4384;212.54;31.0;10.8;32;CGC;BERÇO TECON 3;CARGO;N/A;1255
S014;4385;174.38;28.0;7.4;2;GL;BERÇO Ageo I;CARGO;N/A;2835
S014;4386;199.98;32.0;6.5;38;GSA - E;BERÇO ARM 12A;CARGO;N/A;3795
S014;4387;272.05;40.0;9.6;51;CGC;BERÇO DPW 2;CARGO;N/A;610
S014;4388;164.34;23.0;8.6;54;GL;BERÇO DOW;CARGO;N/A;1695
S014;4389;299.96;48.0;10.2;9;CGC;BERÇO BTP 1;CARGO;N/A;945
S014;4390;328.46;48.0;13.4;9;CGC;BERÇO BTP 3;CARGO;N/A;1505
S014;4391;228.99;32.0;14.2;43;GSM - I;BERÇO TERMAG;CARGO;N/A;10385
S014;4392;158.42;27.0;9.8;2;GL;BERÇO IB OE;CARGO;N/A;2245
S014;4393;200.0;36.0;11.8;32;CGC;BERÇO TECON 1.1;CARGO;N/A;1045
S014;4394;189.99;32.0;6.25;37;GSA - E;BERÇO TEAG;CARGO;N/A;1505
S014;4395;228.15;32.0;9.0;32;CGC;BERÇO TECON 1.1;CARGO;N/A;1355
S014;4396;199.99;32.0;10.09;52;CGNC;BERÇO DPW 4;CARGO;N/A;1700
S014;4397;299.82;48.0;11.5;9;CGC;BERÇO BTP 2;CARGO;N/A;1575
S014;4398;199.97;32.0;8.75;45;RORO;BERÇO TEV;CARGO;RO-RO;1370
S014;4399;299.99;40.0;10.9;32;CGC;BERÇO TECON 1.2;CARGO;N/A;1915
S014;4400;199.99;32.0;7.4;56;GSA - E;BERÇO TIPLAM 3;CARGO;N/A;3060
S014;4401;228.42;35.0;9.8;56;GSA - E;BERÇO TIPLAM 3;CARGO;N/A;2230
S014;4402;179.87;28.0;9.8;47;GL;BERÇO AL 01;CARGO;N/A;2015
S014;4403;229.0;32.0;7.58;44;GSA - E;BERÇO ARM 37;CARGO;N/A;5070
S014;4404;199.9;32.0;9.85;52;CGNC;BERÇO DPW 4;CARGO;N/A;2020
S014;4405;199.9;32.0;7.34;35;CGNC;BERÇO ARM 33;CARGO;N/A;2440
S014;4406;228.9;32.0;7.34;50;GSA - E;BERÇO CUTRALE;CARGO;N/A;3705
S014;4407;183.2;28.0;8.0;47;GL;BERÇO AL 02;CARGO;N/A;1305
S014;4408;182.47;25.0;9.3;32;CGC;BERÇO TECON 1.1;CARGO;N/A;1430
S014;4409;179.97;30.0;10.5;28;CGNC;BERÇO CS 02;CARGO;N/A;4640
S014;4410;199.97;32.0;7.7;45;RORO;BERÇO TEV;CARGO;RO-RO;1430
S014;4411;255.0;37.0;11.2;51;CGC;BERÇO DPW 1;CARGO;N/A;1320
S014;4412;229.0;32.0;7.65;56;GSA - E;BERÇO TIPLAM 2;CARGO;N/A;5950
S014;4413;144.09;24.0;6.2;54;GL;BERÇO DOW;CARGO;N/A;680
S014;4414;144.09;24.0;7.7;2;GL;BERÇO IB BC;CARGO;N/A;1675
S014;4415;201.8;32.0;8.6;13;CGNC;BERÇO CS 04;CARGO;N/A;1360
S014;4416;335.9;51.0;13.1;32;CGC;BERÇO TECON 3;CARGO;N/A;1145
S014;4417;225.0;32.0;11.1;8;CGNC;BERÇO ARM 35P2;CARGO;N/A;2700
S014;4418;225.0;32.0;11.1;8;CGNC;BERÇO ARM 35P1;CARGO;N/A;2700
S014;4419;329.77;48.0;14.1;9;CGC;BERÇO BTP 3;CARGO;N/A;1970
S014;4420;183.06;32.0;9.5;60;GL;BERÇO AL 04;CARGO;N/A;3790
S014;4421;189.9;32.0;12.41;25;CGNC;BERÇO ARM 35P2;CARGO;N/A;6680
S014;4422;75.2;17.0;4.8;53;CGNC;BERÇO SAIPEM 2;CARGO;N/A;1445
S014;4423;199.9;32.0;7.0;12;GSA - E;BERÇO ARM 20/21;CARGO;N/A;4080
S014;4424;180.0;30.0;8.72;25;CGNC;BERÇO ARM 32;CARGO;N/A;5120
S014;4425;189.99;32.0;6.4;56;GSA - E;BERÇO TIPLAM 3;CARGO;N/A;2325
S014;4426;183.0;29.0;6.1;14;CGNC;BERÇO ARM 31;CARGO;N/A;5510
S014;4427;201.8;32.0;8.3;52;CGNC;BERÇO DPW 3;CARGO;N/A;6890
S014;4428;199.08;30.0;11.17;16;GSM - I;BERÇO ARM 22/23;CARGO;N/A;7655
S014;4429;336.0;48.0;12.15;9;CGC;BERÇO BTP 1;CARGO;N/A;1575
S014;4430;299.9;45.0;12.6;9;CGC;BERÇO BTP 3;CARGO;N/A;1160
S014;4431;228.6;32.0;12.5;60;GL;BERÇO AL 03;CARGO;N/A;7460
S014;4432;227.92;37.0;11.9;51;CGC;BERÇO DPW 2;CARGO;N/A;1705
S014;4433;224.95;32.0;6.88;12;GSA - E;BERÇO ARM 20/21;CARGO;N/A;2185
S014;4434;170.0;32.0;10.1;59;GL;BERÇO AL 03;CARGO;N/A;7330
S014;4435;179.86;29.0;8.1;55;GL;BERÇO TIPLAM 1;CARGO;N/A;1180
S014;4436;225.0;32.0;7.65;41;GSA - E;BERÇO ARM 38;CARGO;N/A;5840
S014;4437;199.99;36.0;8.9;15;GSA - E;BERÇO ARM 16/17;CARGO;N/A;860
S014;4438;229.02;32.0;6.8;44;GSA - E;BERÇO ARM 37;CARGO;N/A;2965
S014;4439;300.4;40.0;10.4;9;CGC;BERÇO BTP 1;CARGO;N/A;1370
S014;4440;179.99;30.0;6.45;38;GSA - E;BERÇO ARM 12A;CARGO;N/A;5930
S014;4441;179.99;30.0;9.0;25;CGNC;BERÇO ARM 33;CARGO;N/A;19750
S014;4442;199.93;32.0;7.5;38;GSA - E;BERÇO ARM 12A;CARGO;N/A;4860
S014;4443;199.95;32.0;6.87;39;GSA - E;BERÇO ARM 39;CARGO;N/A;4560
S014;4444;300.0;48.0;10.8;32;CGC;BERÇO TECON 2;CARGO;N/A;1295
S014;4445;199.9;32.0;7.5;15;GSA - E;BERÇO ARM 19;CARGO;N/A;2530
S014;4446;333.95;48.0;13.7;32;CGC;BERÇO TECON 1.2;CARGO;N/A;1450
S014;4447;199.99;32.0;7.1;15;GSA - E;BERÇO ARM 16/17;CARGO;N/A;1985
S014;4448;199.99;32.0;8.17;45;RORO;BERÇO TEV;CARGO;RO-RO;1190
S014;4449;236.32;36.0;8.6;13;CGNC;BERÇO VAL;CARGO;N/A;210
S014;4450;228.0;37.0;11.6;9;CGC;BERÇO BTP 2;CARGO;N/A;2245
S014;4451;229.0;32.0;7.65;42;GSA - E;BERÇO TEG;CARGO;N/A;4805
S014;4452;333.2;48.0;10.2;9;CGC;BERÇO BTP 2;CARGO;N/A;1080
S014;4453;173.0;26.0;6.7;10;GL;BERÇO ARM 29;CARGO;N/A;2540
S014;4454;330.03;48.0;13.5;32;CGC;BERÇO TECON 3;CARGO;N/A;970
S014;4455;158.83;26.0;7.9;2;GL;BERÇO IB SP;CARGO;N/A;1715
S014;4456;299.99;40.0;9.7;9;CGC;BERÇO BTP 3;CARGO;N/A;1280
S014;4457;272.05;40.0;9.3;51;CGC;BERÇO DPW 2;CARGO;N/A;1525
S014;4458;183.0;30.0;9.22;18;GSA - I;BERÇO ARM 13/14;CARGO;N/A;13955
S014;4459;270.06;42.0;12.7;51;CGC;BERÇO DPW 2;CARGO;N/A;1350
S014;4460;210.0;36.0;11.3;8;CGNC;BERÇO ARM 35P1;CARGO;N/A;1520
S014;4461;210.0;36.0;11.3;8;CGNC;BERÇO ARM 35P1;CARGO;N/A;1520
S014;4462;249.97;38.0;12.1;9;CGC;BERÇO BTP 2;CARGO;N/A;955
S014;4463;189.99;32.0;7.38;25;CGNC;BERÇO ARM 32;CARGO;N/A;16510
S014;4464;314.33;48.0;11.1;9;CGC;BERÇO BTP 2;CARGO;N/A;1175
S014;4465;236.32;36.0;7.7;45;RORO;BERÇO TEV;CARGO;RO-RO;420
S014;4466;201.8;33.0;8.1;52;CGNC;BERÇO DPW 4;CARGO;N/A;1950
S014;4467;199.97;32.0;8.18;45;RORO;BERÇO TEV;CARGO;RO-RO;1080
S014;4468;339.62;46.0;12.2;9;CGC;BERÇO BTP 1;CARGO;N/A;1460
S014;4469;225.0;32.0;6.94;44;GSA - E;BERÇO ARM 37;CARGO;N/A;3545
S014;4470;320.58;42.0;11.8;51;CGC;BERÇO DPW 1;CARGO;N/A;1560
S014;4471;299.9;46.0;11.3;9;CGC;BERÇO BTP 3;CARGO;N/A;1440
S014;4472;204.85;32.0;7.25;49;GL;BERÇO CUTRALE;CARGO;N/A;6090
S014;4473;174.38;28.0;7.8;33;GL;BERÇO AL 02;CARGO;N/A;4360
S014;4474;224.94;36.0;9.07;15;GSA - E;BERÇO ARM 16/17;CARGO;N/A;2550
S014;4475;333.2;48.0;13.0;51;CGC;BERÇO DPW 1;CARGO;N/A;1280
S014;4476;255.4;38.0;10.2;51;CGC;BERÇO DPW 2;CARGO;N/A;1010
S014;4477;229.0;32.0;7.0;12;GSA - E;BERÇO ARM 20/21;CARGO;N/A;3705
S014;4478;300.04;42.0;12.2;32;CGC;BERÇO TECON 2;CARGO;N/A;2635
S014;4479;199.2;30.0;8.0;14;CGNC;BERÇO ARM 31;CARGO;N/A;1960
S014;4480;181.0;30.0;9.1;16;GSM - I;BERÇO ARM 22/23;CARGO;N/A;3880
S014;4481;263.23;32.0;11.7;32;CGC;BERÇO TECON 1.2;CARGO;N/A;900
S014;4482;272.0;43.0;12.0;9;CGC;BERÇO BTP 3;CARGO;N/A;980
S014;4483;199.98;32.0;8.5;45;RORO;BERÇO TEV;CARGO;RO-RO;985
S014;4484;294.03;32.0;10.3;32;CGC;BERÇO TECON 1.2;CARGO;N/A;1460
S014;4485;199.98;32.0;10.3;57;GSM - I;BERÇO TIPLAM 4;CARGO;N/A;5745
S014;4486;224.0;35.0;8.5;32;CGC;BERÇO TECON 1.1;CARGO;N/A;1250
S014;4487;199.99;32.0;8.41;45;RORO;BERÇO TEV;CARGO;RO-RO;1160
S014;4488;179.95;28.0;10.05;15;GSA - E;BERÇO ARM 16/17;CARGO;N/A;2025
S014;4489;229.0;32.0;7.25;42;GSA - E;BERÇO TEG;CARGO;N/A;4570
S014;4490;177.8;29.0;6.77;19;CGNC;BERÇO ARM 31;CARGO;N/A;9265
S014;4491;229.0;32.0;7.8;44;GSA - E;BERÇO ARM 37;CARGO;N/A;4190
S014;4492;183.31;32.0;7.5;47;GL;BERÇO AL 02;CARGO;N/A;5935
S014;4493;229.2;38.0;7.01;15;GSA - E;BERÇO ARM 16/17;CARGO;N/A;7815
S014;4494;177.9;33.0;7.9;53;CGNC;BERÇO SAIPEM 1;CARGO;N/A;7380
S014;4495;183.98;27.4;7.44;47;GL;BERÇO AL 01;CARGO;N/A;2035
S014;4496;330.0;48.0;14.45;9;CGC;BERÇO BTP 2;CARGO;N/A;1685
S014;4497;183.0;32.0;11.4;2;GL;BERÇO Ageo I;CARGO;N/A;6670
S014;4498;182.98;32.0;8.8;60;GL;BERÇO AL 04;CARGO;N/A;4940
S014;4499;179.97;30.0;5.98;56;GSA - E;BERÇO TIPLAM 2;CARGO;N/A;6195
S014;4500;229.0;36.0;6.84;40;GSA - E;BERÇO TGG;CARGO;N/A;4040
S014;4501;199.99;32.0;12.38;16;GSM - I;BERÇO ARM 22/23;CARGO;N/A;8075
S014;4502;218.45;30.0;11.65;32;CGC;BERÇO TECON 3;CARGO;N/A;1195
S014;4503;299.98;48.0;11.3;9;CGC;BERÇO BTP 1;CARGO;N/A;1360
S014;4504;204.85;32.0;8.3;10;GL;BERÇO ARM 29;CARGO;N/A;5780
S014;4505;199.9;32.0;6.8;37;GSA - E;BERÇO TEAG;CARGO;N/A;14325
S014;4506;256.07;37.0;10.5;51;CGC;BERÇO DPW 1;CARGO;N/A;1430
S014;4507;215.4;37.0;7.28;8;CGNC;BERÇO ARM 35P1;CARGO;N/A;13980
S014;4508;199.98;32.0;13.3;57;GSM - I;BERÇO TIPLAM 1;CARGO;N/A;8215
S014;4509;215.4;37.0;7.28;8;CGNC;BERÇO ARM 35P2;CARGO;N/A;13980
S014;4510;229.0;32.0;7.6;41;GSA - E;BERÇO ARM 38;CARGO;N/A;3060
S014;4511;208.85;30.0;10.0;32;CGC;BERÇO TECON 1.1;CARGO;N/A;1230
S014;4512;198.0;32.0;7.75;45;RORO;BERÇO TEV;CARGO;RO-RO;1140
S014;4513;337.0;48.0;12.1;9;CGC;BERÇO BTP 2;CARGO;N/A;1210
S014;4514;180.0;30.0;6.23;37;GSA - E;BERÇO TEAG;CARGO;N/A;3200
S014;4515;170.0;26.0;10.3;2;GL;BERÇO IB BC;CARGO;N/A;3910
S014;4516;228.99;32.0;9.0;57;GSM - I;BERÇO TIPLAM 1;CARGO;N/A;5280
S014;4517;228.99;32.0;14.2;43;GSM - I;BERÇO TERMAG;CARGO;N/A;5370
S014;4518;228.0;37.0;9.0;32;CGC;BERÇO TECON 1.1;CARGO;N/A;1755
S014;4519;333.95;48.0;11.4;32;CGC;BERÇO TECON 1.2;CARGO;N/A;2490
S014;4520;260.0;46.0;12.4;32;CGC;BERÇO TECON 3;CARGO;N/A;925
S014;4521;339.6;46.0;14.0;51;CGC;BERÇO DPW 2;CARGO;N/A;1790
S014;4522;92.95;20.0;5.6;53;CGNC;BERÇO SAIPEM 2;CARGO;N/A;5650
S014;4523;186.35;28.0;9.5;9;CGC;BERÇO BTP 1;CARGO;N/A;625
S014;4524;225.0;32.0;7.38;52;CGNC;BERÇO DPW 3;CARGO;N/A;6450
S014;4525;275.0;40.04;12.6;32;CGC;BERÇO TECON 2;CARGO;N/A;2095
S014;4526;189.99;32.0;7.18;15;GSA - E;BERÇO ARM 16/17;CARGO;N/A;3430
S014;4527;332.58;44.0;11.7;9;CGC;BERÇO BTP 3;CARGO;N/A;2520
S014;4528;87.9;19.0;5.1;53;CGNC;BERÇO SAIPEM 3;CARGO;N/A;3920
S014;4529;182.47;25.0;10.0;32;CGC;BERÇO TECON 3;CARGO;N/A;1105
S014;4530;199.99;32.0;12.1;57;GSM - I;BERÇO TIPLAM 4;CARGO;N/A;15020
S014;4531;156.53;25.0;7.9;2;GL;BERÇO IB SP;CARGO;N/A;990
S014;4532;183.06;32.0;8.9;33;GL;BERÇO AL 03;CARGO;N/A;4530
S014;4533;254.73;37.0;9.6;51;CGC;BERÇO DPW 1;CARGO;N/A;1440
S014;4534;199.98;32.0;6.66;56;GSA - E;BERÇO TIPLAM 3;CARGO;N/A;1110
S014;4535;179.95;28.0;9.67;57;GSM - I;BERÇO TIPLAM 4;CARGO;N/A;2305
S014;4536;304.16;40.0;9.0;9;CGC;BERÇO BTP 1;CARGO;N/A;1865
S014;4537;199.0;32.0;8.3;45;RORO;BERÇO TEV;CARGO;RO-RO;975
S014;4538;181.72;28.0;7.9;51;CGC;BERÇO DPW 2;CARGO;N/A;550
S014;4539;125.8;22.0;6.4;13;CGNC;BERÇO CS 04;CARGO;N/A;230
S014;4540;243.0;32.0;9.4;51;CGC;BERÇO DPW 1;CARGO;N/A;340
S014;4541;168.06;28.0;7.95;45;RORO;BERÇO TEV;CARGO;RO-RO;915
S014;4542;170.0;26.0;7.25;49;GL;BERÇO CUTRALE;CARGO;N/A;3895
S014;4543;189.99;32.0;11.32;25;CGNC;BERÇO ARM 29;CARGO;N/A;13250
S014;4544;299.95;40.0;10.8;51;CGC;BERÇO DPW 2;CARGO;N/A;1600
S014;4545;183.1;32.0;10.0;2;GL;BERÇO IB OE;CARGO;N/A;2020
S014;4546;277.32;40.0;11.1;9;CGC;BERÇO BTP 2;CARGO;N/A;865
S014;4547;285.0;40.0;9.1;9;CGC;BERÇO BTP 3;CARGO;N/A;705
S014;4548;199.97;32.0;8.25;45;RORO;BERÇO TEV;CARGO;RO-RO;1105
S014;4549;227.97;37.0;11.1;51;CGC;BERÇO DPW 1;CARGO;N/A;900
S014;4550;228.41;37.0;7.43;15;GSA - E;BERÇO ARM 16/17;CARGO;N/A;2955
S014;4551;225.0;0.0;10.4;46;GSA - E;BERÇO OUT 3;CARGO;N/A;1570
S014;4552;335.95;51.0;14.0;32;CGC;BERÇO TECON 3;CARGO;N/A;1160
S014;4553;186.4;28.0;8.05;28;CGNC;BERÇO CS 03;CARGO;N/A;8130
S014;4554;243.0;32.0;9.6;32;CGC;BERÇO TECON 1.1;CARGO;N/A;1040
S014;4555;184.96;28.0;7.7;2;GL;BERÇO IB BC;CARGO;N/A;7405
S014;4556;179.9;30.0;10.0;28;CGNC;BERÇO CS 03;CARGO;N/A;17125
S014;4557;299.92;48.0;10.0;9;CGC;BERÇO BTP 1;CARGO;N/A;1750
S014;4558;227.8;32.0;12.2;2;GL;BERÇO IB OE;CARGO;N/A;10855
S014;4559;179.87;28.0;8.4;55;GL;BERÇO TIPLAM 1;CARGO;N/A;1220
S014;4560;333.95;48.0;13.4;32;CGC;BERÇO TECON 1.2;CARGO;N/A;1235
S014;4561;299.95;44.0;12.0;32;CGC;BERÇO TECON 2;CARGO;N/A;1495
S014;4562;227.97;37.0;9.2;9;CGC;BERÇO BTP 1;CARGO;N/A;1400
S014;4563;300.0;48.0;10.3;9;CGC;BERÇO BTP 1;CARGO;N/A;1925
S014;4564;299.9;45.0;12.45;9;CGC;BERÇO BTP 3;CARGO;N/A;1115
S014;4565;299.97;40.0;12.4;32;CGC;BERÇO TECON 3;CARGO;N/A;1400
S014;4566;229.0;37.0;10.06;15;GSA - E;BERÇO ARM 19;CARGO;N/A;2145
S014;4567;165.2;27.0;7.8;54;GL;BERÇO DOW;CARGO;N/A;1295
S014;4568;334.11;43.0;12.7;9;CGC;BERÇO BTP 2;CARGO;N/A;955
S014;4569;272.05;40.0;11.8;51;CGC;BERÇO DPW 1;CARGO;N/A;1250
S014;4570;183.0;32.0;9.5;2;GL;BERÇO IB BC;CARGO;N/A;975
S014;4571;235.0;32.0;7.06;56;GSA - E;BERÇO TIPLAM 2;CARGO;N/A;1530
S014;4572;183.06;32.0;10.8;60;GL;BERÇO AL 04;CARGO;N/A;3900
S014;4573;213.88;32.0;8.5;13;CGNC;BERÇO CS 04;CARGO;N/A;675
S014;4574;189.99;30.0;6.65;15;GSA - E;BERÇO ARM 16/17;CARGO;N/A;2620
S014;4575;229.0;32.31;7.3;42;GSA - E;BERÇO TEG;CARGO;N/A;4825
S014;4576;199.2;30.0;9.9;25;CGNC;BERÇO ARM 31;CARGO;N/A;6460
S014;4577;228.95;32.0;13.1;16;GSM - I;BERÇO ARM 22/23;CARGO;N/A;1970
S014;4578;229.0;32.0;7.22;39;GSA - E;BERÇO ARM 39;CARGO;N/A;3545
S014;4579;199.94;32.0;11.7;16;GSM - I;BERÇO ARM 22/23;CARGO;N/A;3425
S014;4580;333.2;48.0;12.4;51;CGC;BERÇO DPW 2;CARGO;N/A;955
S014;4581;189.99;29.0;10.6;25;CGNC;BERÇO ARM 33;CARGO;N/A;14015
S014;4582;299.9;45.0;11.0;9;CGC;BERÇO BTP 3;CARGO;N/A;1335
S014;4583;280.54;40.0;10.2;9;CGC;BERÇO BTP 2;CARGO;N/A;575
S014;4584;293.18;40.0;13.05;51;CGC;BERÇO DPW 2;CARGO;N/A;1020
S014;4585;159.98;27.0;9.0;2;GL;BERÇO IB SP;CARGO;N/A;5545
S014;4586;229.1;32.3;7.17;37;GSA - E;BERÇO TEAG;CARGO;N/A;4535
S014;4587;197.2;30.0;9.7;32;CGC;BERÇO TECON 1.1;CARGO;N/A;2070
S014;4588;299.97;40.0;13.4;32;CGC;BERÇO TECON 1.2;CARGO;N/A;2385
S014;4589;229.0;32.0;7.6;41;GSA - E;BERÇO ARM 38;CARGO;N/A;2655
S014;4590;169.26;27.0;5.75;56;GSA - E;BERÇO TIPLAM 3;CARGO;N/A;1180
S014;4591;199.91;35.0;8.3;32;CGC;BERÇO TECON 2;CARGO;N/A;1530
S014;4592;260.66;32.0;11.0;32;CGC;BERÇO TECON 3;CARGO;N/A;1045
S014;4593;170.0;26.0;7.6;60;GL;BERÇO AL 04;CARGO;N/A;705
S014;4594;183.1;32.0;10.0;54;GL;BERÇO DOW;CARGO;N/A;925
S014;4595;186.07;32.0;8.45;2;GL;BERÇO Ageo I;CARGO;N/A;3410
S014;4596;229.0;32.0;9.23;50;GSA - E;BERÇO CUTRALE;CARGO;N/A;3000
S014;4597;224.98;32.0;7.27;40;GSA - E;BERÇO TGG;CARGO;N/A;2410
S014;4598;294.12;32.0;11.35;51;CGC;BERÇO DPW 1;CARGO;N/A;1020
S014;4599;293.97;32.0;9.4;32;CGC;BERÇO TECON 2;CARGO;N/A;1360
S014;4600;229.0;32.0;7.23;42;GSA - E;BERÇO TEG;CARGO;N/A;12645
S014;4601;299.98;48.0;12.2;9;CGC;BERÇO BTP 2;CARGO;N/A;920
S014;4602;183.02;32.0;8.5;54;GL;BERÇO DOW;CARGO;N/A;2265
S014;4603;183.02;32.0;10.35;60;GL;BERÇO AL 04;CARGO;N/A;2390
S014;4604;180.0;30.0;6.19;56;GSA - E;BERÇO TIPLAM 3;CARGO;N/A;1070
S014;4605;224.0;35.0;10.05;32;CGC;BERÇO TECON 3;CARGO;N/A;710
S014;4606;179.99;30.0;7.0;20;GL;BERÇO ARM 30;CARGO;N/A;7095
S014;4607;144.09;24.0;7.8;2;GL;BERÇO Ageo I;CARGO;N/A;2495
S014;4608;180.0;30.0;10.22;28;CGNC;BERÇO CS 02;CARGO;N/A;5170
S014;4609;222.2;30.0;10.9;51;CGC;BERÇO DPW 1;CARGO;N/A;1005
S014;4610;199.8;27.0;11.1;13;CGNC;BERÇO CS 04;CARGO;N/A;1150
S014;4611;138.07;21.0;6.55;13;CGNC;BERÇO CORTE;CARGO;N/A;3740
S014;4612;229.93;38.0;7.6;39;GSA - E;BERÇO ARM 39;CARGO;N/A;3620
S014;4613;156.53;25.0;7.85;61;GL;BERÇO IB BC;CARGO;N/A;1725
S014;4614;199.99;32.0;7.21;12;GSA - E;BERÇO ARM 20/21;CARGO;N/A;1625
S014;4615;183.0;27.0;7.5;47;GL;BERÇO AL 02;CARGO;N/A;4905
S014;4616;199.99;32.0;10.65;28;CGNC;BERÇO CS 02;CARGO;N/A;5175
S014;4617;119.9;22.0;8.15;2;GL;BERÇO IB SP;CARGO;N/A;3110
S014;4618;172.0;28.0;7.2;9;CGC;BERÇO BTP 3;CARGO;N/A;670
S014;4619;199.98;32.0;9.0;15;GSA - E;BERÇO ARM 19;CARGO;N/A;2020
S014;4620;210.54;30.0;8.25;32;CGC;BERÇO TECON 3;CARGO;N/A;1085
S014;4621;212.54;31.0;10.5;32;CGC;BERÇO TECON 1.1;CARGO;N/A;1185
S014;4622;329.86;48.0;13.9;9;CGC;BERÇO BTP 2;CARGO;N/A;1575
S014;4623;210.0;36.0;7.1;13;CGNC;BERÇO CS 04;CARGO;N/A;5130
S014;4624;228.99;32.0;7.27;40;GSA - E;BERÇO TGG;CARGO;N/A;2210
S014;4625;314.36;48.0;14.2;32;CGC;BERÇO TECON 1.2;CARGO;N/A;1995
S014;4626;210.0;37.0;7.2;44;GSA - E;BERÇO ARM 37;CARGO;N/A;7965
S014;4627;299.95;48.0;11.2;9;CGC;BERÇO BTP 2;CARGO;N/A;1780
S014;4628;229.0;32.0;7.58;38;GSA - E;BERÇO ARM 12A;CARGO;N/A;3655
S014;4629;179.9;32.0;8.3;45;RORO;BERÇO TEV;CARGO;RO-RO;780
S014;4630;294.08;32.0;10.5;9;CGC;BERÇO BTP 3;CARGO;N/A;1370
S014;4631;300.07;42.0;11.8;9;CGC;BERÇO BTP 1;CARGO;N/A;1920
S014;4632;199.99;36.0;8.1;15;GSA - E;BERÇO ARM 19;CARGO;N/A;1430
S014;4633;229.0;32.0;7.1;41;GSA - E;BERÇO ARM 38;CARGO;N/A;3305
S014;4634;235.0;32.0;7.6;44;GSA - E;BERÇO ARM 37;CARGO;N/A;3160
S014;4635;299.18;48.0;10.6;9;CGC;BERÇO BTP 3;CARGO;N/A;925
S014;4636;299.91;48.0;11.65;32;CGC;BERÇO TECON 3;CARGO;N/A;1000
S014;4637;228.99;32.0;7.37;46;GSA - E;BERÇO OUT 3;CARGO;N/A;3445
S014;4638;210.54;9.0;10.1;32;CGC;BERÇO TECON 2;CARGO;N/A;785
S014;4639;209.99;36.0;7.05;52;CGNC;BERÇO DPW 3;CARGO;N/A;4645
S014;4640;105.9;22.0;6.6;53;CGNC;BERÇO SAIPEM 1;CARGO;N/A;5480
S014;4641;199.9;32.0;12.2;57;GSM - I;BERÇO TIPLAM 4;CARGO;N/A;9445
S014;4642;199.9;32.0;12.05;43;GSM - I;BERÇO TERMAG;CARGO;N/A;1280
S014;4643;201.8;32.0;8.0;8;CGNC;BERÇO ARM 35P2;CARGO;N/A;9095
S014;4644;201.8;32.0;8.0;8;CGNC;BERÇO ARM 35P1;CARGO;N/A;9095
S014;4645;228.62;32.0;8.4;32;CGC;BERÇO TECON 1.1;CARGO;N/A;860
S014;4646;249.99;45.0;9.0;47;GL;BERÇO AL 01;CARGO;N/A;3455
S014;4647;158.98;27.0;9.5;2;GL;BERÇO Ageo I;CARGO;N/A;3130
S014;4648;224.94;32.0;7.3;38;GSA - E;BERÇO ARM 13/14;CARGO;N/A;2720
S014;4649;199.99;32.0;7.3;50;GSA - E;BERÇO CUTRALE;CARGO;N/A;1525
S014;4650;183.1;32.0;9.8;60;GL;BERÇO AL 03;CARGO;N/A;4260
S014;4651;300.0;48.0;12.35;9;CGC;BERÇO BTP 2;CARGO;N/A;2230
S014;4652;213.88;32.0;9.6;13;CGNC;BERÇO BTP 3;CARGO;N/A;1470
S014;4653;293.18;40.0;9.4;32;CGC;BERÇO TECON 2;CARGO;N/A;645
S014;4654;189.99;32.0;7.5;15;GSA - E;BERÇO ARM 19;CARGO;N/A;1140
S014;4655;335.9;51.0;11.0;32;CGC;BERÇO TECON 3;CARGO;N/A;2240
S014;4656;143.17;23.0;9.25;13;CGNC;BERÇO CORTE;CARGO;N/A;1540
S014;4657;182.47;25.0;9.9;32;CGC;BERÇO TECON 1.1;CARGO;N/A;1755
S014;4658;278.94;40.0;11.6;32;CGC;BERÇO TECON 1.2;CARGO;N/A;2245
S014;4659;185.97;35.0;9.5;51;CGC;BERÇO DPW 1;CARGO;N/A;965
S014;4660;336.0;51.0;14.1;32;CGC;BERÇO TECON 3;CARGO;N/A;1120
S014;4661;258.89;32.0;9.3;32;CGC;BERÇO TECON 2;CARGO;N/A;490
S014;4662;225.0;32.0;7.0;15;GSA - E;BERÇO ARM 19;CARGO;N/A;7340
S014;4663;186.4;28.0;9.8;25;CGNC;BERÇO ARM 32;CARGO;N/A;11385
S014;4664;199.99;36.0;7.0;15;GSA - E;BERÇO ARM 16/17;CARGO;N/A;2485
S014;4665;183.1;32.0;7.4;1;GL;BERÇO IB BC;CARGO;N/A;3130
S014;4666;183.2;32.0;7.8;47;GL;BERÇO AL 01;CARGO;N/A;1860
S014;4667;199.99;32.0;7.3;50;GSA - E;BERÇO CUTRALE;CARGO;N/A;2580
S014;4668;199.99;32.0;11.1;25;CGNC;BERÇO ARM 29;CARGO;N/A;12875
S014;4669;254.87;37.0;9.4;51;CGC;BERÇO DPW 2;CARGO;N/A;945
S014;4670;183.2;28.0;8.0;47;GL;BERÇO AL 02;CARGO;N/A;1300
S014;4671;229.0;32.0;7.5;44;GSA - E;BERÇO ARM 37;CARGO;N/A;3135
S014;4672;249.97;38.0;10.6;9;CGC;BERÇO BTP 1;CARGO;N/A;1090
S014;4673;229.0;32.0;7.26;38;GSA - E;BERÇO ARM 12A;CARGO;N/A;11800
S014;4674;299.95;44.0;12.6;9;CGC;BERÇO BTP 1;CARGO;N/A;785
S014;4675;227.95;38.0;10.3;51;CGC;BERÇO DPW 1;CARGO;N/A;1015
S014;4676;182.9;40.0;7.4;47;GL;BERÇO AL 01;CARGO;N/A;2235
S014;4677;228.41;37.0;8.4;12;GSA - E;BERÇO ARM 20/21;CARGO;N/A;2410
S014;4678;263.23;32.0;9.9;32;CGC;BERÇO TECON 1.2;CARGO;N/A;725
S014;4679;224.98;32.0;7.15;40;GSA - E;BERÇO TGG;CARGO;N/A;2865
S014;4680;210.0;36.0;9.3;13;CGNC;BERÇO BTP 3;CARGO;N/A;5235
S014;4681;260.0;46.0;9.3;9;CGC;BERÇO BTP 2;CARGO;N/A;1720
S014;4682;170.0;27.0;8.3;59;GL;BERÇO AL 04;CARGO;N/A;2910
S014;4683;299.9;45.0;12.6;32;CGC;BERÇO TECON 2;CARGO;N/A;1230
S014;4684;199.97;32.0;9.24;45;RORO;BERÇO TEV;CARGO;RO-RO;405
S014;4685;59.25;14.0;4.0;53;CGNC;BERÇO SAIPEM 3;CARGO;N/A;345
S014;4686;199.99;32.0;7.08;56;GSA - E;BERÇO TIPLAM 2;CARGO;N/A;2980
S014;4687;300.07;42.0;9.5;9;CGC;BERÇO BTP 1;CARGO;N/A;955
S014;4688;225.0;32.0;6.5;39;GSA - E;BERÇO ARM 39;CARGO;N/A;5625
S014;4689;228.99;32.0;6.56;39;GSA - E;BERÇO ARM 39;CARGO;N/A;4285
S014;4690;333.96;48.0;14.0;32;CGC;BERÇO TECON 1.2;CARGO;N/A;700
S014;4691;299.9;45.0;12.1;9;CGC;BERÇO BTP 1;CARGO;N/A;1110
S014;4692;193.07;32.31;6.24;37;GSA - E;BERÇO TEAG;CARGO;N/A;5905
S014;4693;256.07;37.0;9.5;51;CGC;BERÇO DPW 2;CARGO;N/A;1110
S014;4694;272.25;43.0;13.1;32;CGC;BERÇO TECON 2;CARGO;N/A;5015
S014;4695;225.0;36.0;8.1;35;CGNC;BERÇO ARM 32;CARGO;N/A;3035
S014;4696;225.0;36.0;9.2;52;CGNC;BERÇO DPW 3;CARGO;N/A;7200
S014;4697;229.0;32.0;7.2;12;GSA - E;BERÇO ARM 20/21;CARGO;N/A;6790
S014;4698;224.94;32.0;8.66;15;GSA - E;BERÇO ARM 16/17;CARGO;N/A;1295
S014;4699;306.0;40.0;10.4;51;CGC;BERÇO DPW 1;CARGO;N/A;855
S014;4700;179.99;30.0;6.8;28;CGNC;BERÇO CS 01;CARGO;N/A;435
S014;4701;183.98;27.4;7.75;47;GL;BERÇO AL 02;CARGO;N/A;1970
S014;4702;259.8;32.0;11.0;32;CGC;BERÇO TECON 1.2;CARGO;N/A;1085
S014;4703;227.95;38.0;9.9;9;CGC;BERÇO BTP 3;CARGO;N/A;1115
S014;4704;225.0;32.0;6.32;46;GSA - E;BERÇO OUT 2;CARGO;N/A;3705
S014;4705;224.94;32.0;6.75;39;GSA - E;BERÇO ARM 39;CARGO;N/A;7175
S014;4706;314.31;48.0;11.1;9;CGC;BERÇO BTP 1;CARGO;N/A;2035
S014;4707;228.9;32.0;7.58;42;GSA - E;BERÇO TEG;CARGO;N/A;8940
S014;4708;229.0;32.0;7.13;39;GSA - E;BERÇO ARM 39;CARGO;N/A;8030
S014;4709;333.2;48.0;11.2;9;CGC;BERÇO BTP 3;CARGO;N/A;1395
S014;4710;175.53;29.43;9.82;25;CGNC;BERÇO ARM 35P1;CARGO;N/A;14085
S014;4711;165.17;27.0;7.3;2;GL;BERÇO IB SP;CARGO;N/A;1605
S014;4712;229.0;33.0;7.3;56;GSA - E;BERÇO TIPLAM 3;CARGO;N/A;3825
S014;4713;223.98;35.0;9.1;32;CGC;BERÇO TECON 1.1;CARGO;N/A;1250
S014;4714;199.98;32.0;6.95;41;GSA - E;BERÇO ARM 38;CARGO;N/A;7485
S014;4715;229.0;32.0;8.21;15;GSA - E;BERÇO ARM 19;CARGO;N/A;4725
S014;4716;228.99;32.0;6.85;40;GSA - E;BERÇO TGG;CARGO;N/A;2050
S014;4717;183.06;32.0;9.0;1;GL;BERÇO IB SP;CARGO;N/A;2850
S014;4718;225.0;32.0;8.35;15;GSA - E;BERÇO ARM 16/17;CARGO;N/A;2455
S014;4719;266.65;35.0;10.55;51;CGC;BERÇO DPW 1;CARGO;N/A;1690
S014;4720;199.99;32.0;9.55;57;GSM - I;BERÇO TIPLAM 1;CARGO;N/A;5375
S014;4721;180.0;30.0;6.2;15;GSA - E;BERÇO ARM 16/17;CARGO;N/A;2890
S014;4722;228.0;37.0;9.6;32;CGC;BERÇO TECON 1.1;CARGO;N/A;1450
S014;4723;270.06;42.0;11.6;51;CGC;BERÇO DPW 2;CARGO;N/A;1565
S014;4724;333.2;48.0;14.4;51;CGC;BERÇO DPW 2;CARGO;N/A;1375
S014;4725;185.96;35.0;8.0;32;CGC;BERÇO TECON 1.1;CARGO;N/A;2380
S014;4726;229.0;32.0;7.3;56;GSA - E;BERÇO TIPLAM 3;CARGO;N/A;7865
S014;4727;199.98;32.29;11.7;25;CGNC;BERÇO ARM 29;CARGO;N/A;13060
S014;4728;333.96;48.0;14.0;32;CGC;BERÇO TECON 2;CARGO;N/A;1190
S014;4729;189.99;32.0;6.1;38;GSA - E;BERÇO ARM 13/14;CARGO;N/A;7500
S014;4730;199.9;33.0;11.7;14;CGNC;BERÇO ARM 31;CARGO;N/A;1365
S014;4731;199.98;32.29;6.74;37;GSA - E;BERÇO TEAG;CARGO;N/A;3185
S014;4732;229.0;32.0;7.03;38;GSA - E;BERÇO ARM 13/14;CARGO;N/A;2940
S014;4733;214.0;32.0;8.4;13;CGNC;BERÇO CS 04;CARGO;N/A;810
S014;4734;148.39;23.0;6.7;51;CGC;BERÇO DPW 2;CARGO;N/A;430
S014;4735;199.97;32.0;8.05;45;RORO;BERÇO TEV;CARGO;RO-RO;935
S014;4736;188.64;32.0;12.35;16;GSM - I;BERÇO ARM 22/23;CARGO;N/A;4510
S014;4737;208.85;30.0;11.6;32;CGC;BERÇO TECON 1.2;CARGO;N/A;1175
S014;4738;189.99;32.0;6.6;56;GSA - E;BERÇO TIPLAM 2;CARGO;N/A;6680
S014;4739;229.0;32.0;7.53;41;GSA - E;BERÇO ARM 38;CARGO;N/A;2670
S014;4740;225.0;32.0;7.4;46;GSA - E;BERÇO OUT 2;CARGO;N/A;6705
S014;4741;199.97;32.0;8.1;45;RORO;BERÇO TEV;CARGO;RO-RO;1600
S014;4742;179.53;27.0;9.0;60;GL;BERÇO AL 04;CARGO;N/A;2290
S014;4743;165.2;27.0;8.2;54;GL;BERÇO DOW;CARGO;N/A;1935
S014;4744;222.15;30.0;10.5;32;CGC;BERÇO TECON 1.2;CARGO;N/A;1080
S014;4745;236.3;36.0;8.3;13;CGNC;BERÇO VAL;CARGO;N/A;2215
S014;4746;199.98;32.0;7.25;56;GSA - E;BERÇO TIPLAM 2;CARGO;N/A;1225
S014;4747;225.0;32.0;6.33;12;GSA - E;BERÇO ARM 20/21;CARGO;N/A;3500
S014;4748;333.95;48.0;11.4;32;CGC;BERÇO TECON 3;CARGO;N/A;1765
S014;4749;299.93;49.0;11.6;32;CGC;BERÇO TECON 1.2;CARGO;N/A;1055
S014;4750;170.0;26.0;7.1;49;GL;BERÇO CUTRALE;CARGO;N/A;2945
S014;4751;228.99;32.0;7.25;40;GSA - E;BERÇO TGG;CARGO;N/A;5365
S014;4752;179.87;28.0;10.1;47;GL;BERÇO AL 01;CARGO;N/A;2225
S014;4753;229.0;32.0;9.12;15;GSA - E;BERÇO ARM 19;CARGO;N/A;5670
S014;4754;218.45;30.0;9.5;32;CGC;BERÇO TECON 3;CARGO;N/A;1255
S014;4755;190.0;31.0;11.2;52;CGNC;BERÇO DPW 4;CARGO;N/A;2355
S014;4756;299.99;40.0;11.4;9;CGC;BERÇO BTP 1;CARGO;N/A;900
S014;4757;299.88;48.0;10.6;9;CGC;BERÇO BTP 1;CARGO;N/A;1750
S014;4758;182.94;31.0;10.3;57;GSM - I;BERÇO TIPLAM 1;CARGO;N/A;4685
S014;4759;185.97;34.0;9.8;32;CGC;BERÇO TECON 1.2;CARGO;N/A;1610
S014;4760;293.18;40.0;11.3;32;CGC;BERÇO TECON 3;CARGO;N/A;2135
S014;4761;339.6;46.0;12.1;51;CGC;BERÇO DPW 1;CARGO;N/A;1045
S014;4762;179.99;30.04;10.0;28;CGNC;BERÇO CS 01;CARGO;N/A;15440
S014;4763;210.54;30.0;9.25;32;CGC;BERÇO TECON 1.2;CARGO;N/A;1250
S014;4764;186.35;28.0;9.4;9;CGC;BERÇO BTP 2;CARGO;N/A;715
S014;4765;201.9;34.0;8.19;52;CGNC;BERÇO DPW 4;CARGO;N/A;5710
S014;4766;158.98;27.0;6.0;60;GL;BERÇO AL 03;CARGO;N/A;3950
S014;4767;183.0;32.0;7.5;47;GL;BERÇO AL 01;CARGO;N/A;4575
S014;4768;119.9;18.0;4.4;45;RORO;BERÇO TEV;CARGO;RO-RO;495
S014;4769;255.0;37.0;11.2;51;CGC;BERÇO DPW 1;CARGO;N/A;975
S014;4770;228.98;32.31;7.6;38;GSA - E;BERÇO ARM 12A;CARGO;N/A;5740
S014;4771;182.47;25.0;10.0;32;CGC;BERÇO TECON 2;CARGO;N/A;1590
S014;4772;335.0;46.0;14.0;9;CGC;BERÇO BTP 3;CARGO;N/A;1430
S014;4773;179.99;28.0;7.6;57;GSM - I;BERÇO TIPLAM 4;CARGO;N/A;1290
S014;4774;243.35;32.0;9.8;51;CGC;BERÇO DPW 1;CARGO;N/A;1310
S014;4775;228.41;37.0;14.2;43;GSM - I;BERÇO TERMAG;CARGO;N/A;8405
S014;4776;189.99;28.55;9.82;57;GSM - I;BERÇO TIPLAM 4;CARGO;N/A;3785
S014;4777;228.99;32.0;7.34;40;GSA - E;BERÇO TGG;CARGO;N/A;2110
S014;4778;335.93;51.0;14.0;32;CGC;BERÇO TECON 3;CARGO;N/A;1480
S014;4779;236.3;36.0;8.4;45;RORO;BERÇO TEV;CARGO;RO-RO;320
S014;4780;184.96;28.0;9.0;59;GL;BERÇO AL 02;CARGO;N/A;3540
S014;4781;183.06;32.0;12.2;2;GL;BERÇO Ageo I;CARGO;N/A;3450
S014;4782;284.71;40.0;11.0;51;CGC;BERÇO DPW 2;CARGO;N/A;1400
S014;4783;330.08;48.0;12.15;9;CGC;BERÇO BTP 2;CARGO;N/A;2860
S014;4784;183.0;32.0;8.65;2;GL;BERÇO IB OE;CARGO;N/A;1820
S014;4785;260.66;32.0;8.8;32;CGC;BERÇO TECON 1.1;CARGO;N/A;1390
S014;4786;299.79;48.0;10.7;9;CGC;BERÇO BTP 3;CARGO;N/A;910
S014;4787;189.9;32.3;10.59;25;CGNC;BERÇO ARM 32;CARGO;N/A;9415
S014;4788;299.9;45.0;12.35;9;CGC;BERÇO BTP 1;CARGO;N/A;805
S014;4789;181.1;30.0;6.38;12;GSA - E;BERÇO ARM 20/21;CARGO;N/A;1185
S014;4790;199.98;32.0;6.8;42;GSA - E;BERÇO TEG;CARGO;N/A;3330
S014;4791;299.87;49.0;12.5;32;CGC;BERÇO TECON 2;CARGO;N/A;745
S014;4792;190.0;32.0;13.0;16;GSM - I;BERÇO ARM 22/23;CARGO;N/A;585
S014;4793;335.0;45.0;12.1;9;CGC;BERÇO BTP 1;CARGO;N/A;1480
S014;4794;199.99;32.0;7.15;37;GSA - E;BERÇO TEAG;CARGO;N/A;5170
S014;4795;179.9;28.0;10.15;17;GSA - I;BERÇO ARM 30;CARGO;N/A;8080
S014;4796;228.99;32.0;7.25;44;GSA - E;BERÇO ARM 37;CARGO;N/A;5300
S014;4797;199.9;32.31;7.5;56;GSA - E;BERÇO TIPLAM 2;CARGO;N/A;2830
S014;4798;333.18;48.0;11.45;9;CGC;BERÇO BTP 3;CARGO;N/A;1150
S014;4799;182.5;32.0;7.5;47;GL;BERÇO AL 01;CARGO;N/A;1795
S014;4800;254.95;40.0;10.4;51;CGC;BERÇO DPW 2;CARGO;N/A;905
S014;4801;255.17;38.0;11.4;9;CGC;BERÇO BTP 2;CARGO;N/A;1155
S014;4802;299.9;43.0;12.8;32;CGC;BERÇO TECON 2;CARGO;N/A;5080
S014;4803;199.9;32.0;7.05;15;GSA - E;BERÇO ARM 16/17;CARGO;N/A;1235
S014;4804;201.8;32.0;13.25;8;CGNC;BERÇO ARM 35P2;CARGO;N/A;1230
S014;4805;201.8;32.0;13.25;8;CGNC;BERÇO ARM 35P2;CARGO;N/A;1230
S014;4806;144.09;24.0;7.05;54;GL;BERÇO DOW;CARGO;N/A;655
S014;4807;249.12;37.0;12.1;9;CGC;BERÇO BTP 3;CARGO;N/A;1540
S014;4808;144.09;24.0;8.0;2;GL;BERÇO IB SP;CARGO;N/A;1935
S014;4809;199.99;32.0;7.17;56;GSA - E;BERÇO TIPLAM 3;CARGO;N/A;4160
S014;4810;189.93;32.0;6.56;56;GSA - E;BERÇO TIPLAM 2;CARGO;N/A;1345
S014;4811;201.8;32.0;10.8;52;CGNC;BERÇO DPW 3;CARGO;N/A;1895
S014;4812;201.8;32.0;9.47;8;CGNC;BERÇO ARM 35P1;CARGO;N/A;655
S014;4813;201.8;32.0;9.47;8;CGNC;BERÇO ARM 35P2;CARGO;N/A;655
S014;4814;333.9;48.0;13.6;32;CGC;BERÇO TECON 3;CARGO;N/A;1275
S014;4815;168.0;27.0;9.5;13;CGNC;BERÇO CORTE;CARGO;N/A;1370
S014;4816;335.0;46.0;12.9;51;CGC;BERÇO DPW 1;CARGO;N/A;1310
S014;4817;225.0;32.0;9.41;13;CGNC;BERÇO CS 04;CARGO;N/A;1125
S014;4818;225.0;32.0;7.3;8;CGNC;BERÇO ARM 35P2;CARGO;N/A;6350
S014;4819;225.0;32.0;7.3;8;CGNC;BERÇO ARM 35P1;CARGO;N/A;6350
S014;4820;299.95;40.0;10.9;51;CGC;BERÇO DPW 1;CARGO;N/A;1295
S014;4821;200.0;36.0;9.2;32;CGC;BERÇO TECON 1.1;CARGO;N/A;840
S014;4822;182.9;40.0;7.5;47;GL;BERÇO AL 02;CARGO;N/A;2475
S014;4823;199.95;32.0;8.59;45;RORO;BERÇO TEV;CARGO;RO-RO;950
S014;4824;328.46;48.0;14.4;9;CGC;BERÇO BTP 2;CARGO;N/A;1930
S014;4825;331.1;48.0;13.3;51;CGC;BERÇO DPW 2;CARGO;N/A;1340
S014;4826;198.0;28.0;8.1;51;CGC;BERÇO DPW 2;CARGO;N/A;985
S014;4827;336.0;51.0;10.1;32;CGC;BERÇO TECON 3;CARGO;N/A;2855
S014;4828;199.9;32.0;7.37;15;GSA - E;BERÇO ARM 19;CARGO;N/A;2140
S014;4829;228.9;32.31;8.0;41;GSA - E;BERÇO ARM 38;CARGO;N/A;7115
S014;4830;266.65;36.0;10.0;32;CGC;BERÇO TECON 1.2;CARGO;N/A;860
S014;4831;229.07;32.0;7.3;40;GSA - E;BERÇO TGG;CARGO;N/A;4680
S014;4832;299.9;45.0;11.85;9;CGC;BERÇO BTP 1;CARGO;N/A;2250
S014;4833;255.0;37.0;10.8;51;CGC;BERÇO DPW 1;CARGO;N/A;890
S014;4834;228.9;35.05;12.41;43;GSM - I;BERÇO TERMAG;CARGO;N/A;9135
S014;4835;199.98;32.0;9.65;38;GSA - E;BERÇO ARM 12A;CARGO;N/A;4715
S014;4836;299.91;48.0;11.7;9;CGC;BERÇO BTP 2;CARGO;N/A;1280
S014;4837;199.91;35.0;9.0;32;CGC;BERÇO TECON 1.2;CARGO;N/A;1570
S014;4838;201.8;32.0;11.3;14;CGNC;BERÇO ARM 31;CARGO;N/A;595
S014;4839;229.0;32.0;7.11;56;GSA - E;BERÇO TIPLAM 3;CARGO;N/A;9475
S014;4840;189.99;32.0;9.1;15;GSA - E;BERÇO ARM 16/17;CARGO;N/A;2230
S014;4841;329.77;48.0;12.6;9;CGC;BERÇO BTP 1;CARGO;N/A;1710
S014;4842;199.98;32.0;6.32;56;GSA - E;BERÇO TIPLAM 2;CARGO;N/A;5355
S014;4843;223.98;35.0;10.5;32;CGC;BERÇO TECON 3;CARGO;N/A;480
S014;4844;228.99;32.3;6.84;12;GSA - E;BERÇO ARM 20/21;CARGO;N/A;5060
S014;4845;328.46;48.0;12.5;9;CGC;BERÇO BTP 3;CARGO;N/A;1770
S014;4846;183.0;27.0;7.5;47;GL;BERÇO AL 02;CARGO;N/A;5235
S014;4847;132.2;16.0;7.0;58;GSM - E;BERÇO USIMINAS 3;CARGO;N/A;5000
S014;4848;229.0;32.0;7.0;42;GSA - E;BERÇO TEG;CARGO;N/A;8585
S014;4849;199.99;32.3;6.57;15;GSA - E;BERÇO ARM 19;CARGO;N/A;1975
S014;4850;225.0;32.0;7.2;38;GSA - E;BERÇO ARM 13/14;CARGO;N/A;3475
S014;4851;210.54;9.0;10.0;32;CGC;BERÇO TECON 1.1;CARGO;N/A;1020
S014;4852;179.9;30.0;10.3;57;GSM - I;BERÇO TIPLAM 1;CARGO;N/A;4110
S014;4853;299.95;48.0;13.8;32;CGC;BERÇO TECON 3;CARGO;N/A;2115
S014;4854;333.95;48.0;11.7;32;CGC;BERÇO TECON 2;CARGO;N/A;1740
S014;4855;201.8;33.0;7.7;52;CGNC;BERÇO DPW 3;CARGO;N/A;5925
S014;4856;197.2;30.0;9.7;32;CGC;BERÇO TECON 1.2;CARGO;N/A;2315
S014;4857;258.89;32.0;10.4;32;CGC;BERÇO TECON 1.1;CARGO;N/A;945
S014;4858;254.94;40.0;10.6;51;CGC;BERÇO DPW 2;CARGO;N/A;1190
S014;4859;180.15;28.0;8.6;2;GL;BERÇO IB SP;CARGO;N/A;2055
S014;4860;179.99;30.0;7.3;10;GL;BERÇO ARM 29;CARGO;N/A;5065
S014;4861;105.9;22.0;6.8;53;CGNC;BERÇO SAIPEM 1;CARGO;N/A;1685
S014;4862;172.0;28.0;7.8;9;CGC;BERÇO BTP 3;CARGO;N/A;1110
S014;4863;299.9;48.0;11.1;32;CGC;BERÇO TECON 3;CARGO;N/A;1015
S014;4864;179.9;30.0;6.35;19;CGNC;BERÇO ARM 31;CARGO;N/A;6755
S014;4865;212.54;31.0;10.9;32;CGC;BERÇO TECON 1.2;CARGO;N/A;1230
S014;4866;229.0;32.0;7.33;40;GSA - E;BERÇO TGG;CARGO;N/A;4080
S014;4867;168.06;28.0;8.0;45;RORO;BERÇO TEV;CARGO;RO-RO;725
S014;4868;333.2;48.0;12.4;51;CGC;BERÇO DPW 2;CARGO;N/A;1125
S014;4869;189.98;24.0;10.6;16;GSM - I;BERÇO ARM 22/23;CARGO;N/A;1260
S014;4870;162.5;26.04;8.6;25;CGNC;BERÇO ARM 33;CARGO;N/A;5360
S014;4871;229.0;32.0;8.99;50;GSA - E;BERÇO CUTRALE;CARGO;N/A;6695
S014;4872;228.15;32.0;10.3;32;CGC;BERÇO TECON 1.1;CARGO;N/A;2180
S014;4873;270.9;43.0;10.5;32;CGC;BERÇO TECON 1.2;CARGO;N/A;1860
S014;4874;339.6;46.0;13.6;51;CGC;BERÇO DPW 1;CARGO;N/A;1525
S014;4875;227.2;36.0;7.7;15;GSA - E;BERÇO ARM 16/17;CARGO;N/A;2710
S014;4876;201.9;34.0;8.4;52;CGNC;BERÇO DPW 4;CARGO;N/A;4285
S014;4877;201.9;34.0;7.6;35;CGNC;BERÇO ARM 32;CARGO;N/A;1505
S014;4878;225.0;32.0;8.91;28;CGNC;BERÇO CS 01;CARGO;N/A;14050
S014;4879;254.73;37.0;10.0;51;CGC;BERÇO DPW 1;CARGO;N/A;1375
S014;4880;190.0;32.0;13.0;43;GSM - I;BERÇO TERMAG;CARGO;N/A;7990
S014;4881;199.9;32.0;7.32;40;GSA - E;BERÇO TGG;CARGO;N/A;2985
S014;4882;182.47;25.0;8.5;32;CGC;BERÇO TECON 1.1;CARGO;N/A;1360
S014;4883;199.2;31.0;9.2;28;CGNC;BERÇO CS 03;CARGO;N/A;4265
S014;4884;225.0;32.0;11.7;14;CGNC;BERÇO ARM 31;CARGO;N/A;1685
S014;4885;199.08;30.0;9.36;18;GSA - I;BERÇO ARM 13/14;CARGO;N/A;29015
S014;4886;336.0;51.0;13.4;32;CGC;BERÇO TECON 2;CARGO;N/A;1515
S014;4887;259.8;32.0;9.1;32;CGC;BERÇO TECON 2;CARGO;N/A;935
S014;4888;229.0;32.0;7.3;38;GSA - E;BERÇO ARM 12A;CARGO;N/A;3880
S014;4889;179.9;30.0;6.3;56;GSA - E;BERÇO TIPLAM 3;CARGO;N/A;1870
S014;4890;346.98;42.0;11.2;9;CGC;BERÇO BTP 3;CARGO;N/A;1250
S014;4891;179.95;32.0;7.0;37;GSA - E;BERÇO TEAG;CARGO;N/A;1860
S014;4892;199.99;32.0;7.3;15;GSA - E;BERÇO ARM 19;CARGO;N/A;3050
S014;4893;215.0;37.0;8.4;44;GSA - E;BERÇO ARM 37;CARGO;N/A;3690
S014;4894;227.9;32.29;8.1;45;RORO;BERÇO TEV;CARGO;RO-RO;465
S014;4895;228.99;32.0;7.28;42;GSA - E;BERÇO TEG;CARGO;N/A;7920
S014;4896;228.99;32.0;14.2;43;GSM - I;BERÇO TERMAG;CARGO;N/A;11625
S014;4897;228.99;32.0;7.92;57;GSM - I;BERÇO TIPLAM 1;CARGO;N/A;5680
S014;4898;188.8;33.0;10.4;51;CGC;BERÇO DPW 2;CARGO;N/A;805
S014;4899;189.99;29.0;8.25;25;CGNC;BERÇO ARM 32;CARGO;N/A;10015
S014;4900;199.98;32.0;6.67;37;GSA - E;BERÇO TEAG;CARGO;N/A;8830
S014;4901;299.98;48.0;11.4;9;CGC;BERÇO BTP 2;CARGO;N/A;745
S014;4902;229.1;32.3;12.08;38;GSA - E;BERÇO ARM 12A;CARGO;N/A;1460
S014;4903;186.4;28.0;8.18;25;CGNC;BERÇO ARM 33;CARGO;N/A;4595
S014;4904;183.98;27.4;7.4;47;GL;BERÇO AL 02;CARGO;N/A;2525
S014;4905;189.99;32.31;11.2;16;GSM - I;BERÇO ARM 22/23;CARGO;N/A;6450
S014;4906;119.9;22.0;7.6;2;GL;BERÇO Ageo I;CARGO;N/A;3175
S014;4907;183.2;28.0;8.0;47;GL;BERÇO AL 01;CARGO;N/A;885
S014;4908;184.0;27.43;7.3;60;GL;BERÇO AL 02;CARGO;N/A;6035
S014;4909;285.0;40.0;10.6;9;CGC;BERÇO BTP 1;CARGO;N/A;620
S014;4910;213.88;32.0;8.8;13;CGNC;BERÇO VAL;CARGO;N/A;1950
S014;4911;333.2;48.0;10.2;51;CGC;BERÇO DPW 1;CARGO;N/A;1545
S014;4912;213.88;32.0;8.55;13;CGNC;BERÇO CS 04;CARGO;N/A;525
S014;4913;299.9;45.0;11.0;9;CGC;BERÇO BTP 2;CARGO;N/A;760
S014;4914;228.99;32.0;7.36;15;GSA - E;BERÇO ARM 16/17;CARGO;N/A;3510
S014;4915;185.97;35.0;8.5;51;CGC;BERÇO DPW 2;CARGO;N/A;1240
S014;4916;145.53;24.0;10.2;1;GL;BERÇO IB BC;CARGO;N/A;1380
S014;4917;165.2;27.0;7.8;54;GL;BERÇO DOW;CARGO;N/A;1525
S014;4918;180.0;30.0;10.26;28;CGNC;BERÇO CS 02;CARGO;N/A;12125
S014;4919;259.8;32.0;9.0;32;CGC;BERÇO TECON 1.1;CARGO;N/A;500
S014;4920;179.9;30.07;7.3;57;GSM - I;BERÇO TIPLAM 1;CARGO;N/A;1580
S014;4921;201.9;34.0;10.06;52;CGNC;BERÇO DPW 3;CARGO;N/A;2295
S014;4922;335.93;51.0;10.3;32;CGC;BERÇO TECON 3;CARGO;N/A;1945
S014;4923;201.9;34.0;8.05;35;CGNC;BERÇO ARM 32;CARGO;N/A;3480
S014;4924;299.9;45.0;11.5;9;CGC;BERÇO BTP 3;CARGO;N/A;1405
S014;4925;294.1;32.25;10.4;9;CGC;BERÇO BTP 1;CARGO;N/A;595
S014;4926;182.9;40.0;7.0;47;GL;BERÇO AL 02;CARGO;N/A;2300
S014;4927;299.99;48.0;13.45;32;CGC;BERÇO TECON 2;CARGO;N/A;3380
S014;4928;178.7;28.0;10.2;16;GSM - I;BERÇO ARM 22/23;CARGO;N/A;4405
S014;4929;183.31;32.23;11.0;59;GL;BERÇO AL 03;CARGO;N/A;4015
S014;4930;229.0;32.31;7.0;46;GSA - E;BERÇO OUT 2;CARGO;N/A;4410
S014;4931;299.87;49.0;11.7;9;CGC;BERÇO BTP 2;CARGO;N/A;1970
S014;4932;254.94;40.0;9.9;51;CGC;BERÇO DPW 1;CARGO;N/A;760
S014;4933;228.99;32.0;7.2;42;GSA - E;BERÇO TEG;CARGO;N/A;3960
S014;4934;228.99;32.0;7.29;41;GSA - E;BERÇO ARM 38;CARGO;N/A;4895
S014;4935;183.09;32.0;7.9;47;GL;BERÇO AL 01;CARGO;N/A;1580
S014;4936;294.13;32.0;11.1;51;CGC;BERÇO DPW 1;CARGO;N/A;730
S014;4937;183.1;32.0;9.6;60;GL;BERÇO AL 04;CARGO;N/A;3465
S014;4938;199.9;32.0;7.23;41;GSA - E;BERÇO ARM 38;CARGO;N/A;2245
S014;4939;228.99;32.0;7.35;40;GSA - E;BERÇO TGG;CARGO;N/A;4075
S014;4940;182.9;40.0;7.6;47;GL;BERÇO AL 01;CARGO;N/A;2180
S014;4941;249.12;37.0;11.3;9;CGC;BERÇO BTP 1;CARGO;N/A;510
S014;4942;276.2;40.0;11.5;9;CGC;BERÇO BTP 1;CARGO;N/A;1330
S014;4943;229.0;32.0;7.35;40;GSA - E;BERÇO TGG;CARGO;N/A;3480
S014;4944;199.97;32.0;8.23;45;RORO;BERÇO TEV;CARGO;RO-RO;560
S014;4945;299.96;48.23;13.0;32;CGC;BERÇO TECON 1.2;CARGO;N/A;1055
S014;4946;189.93;32.0;9.14;15;GSA - E;BERÇO ARM 19;CARGO;N/A;1530
S014;4947;225.0;32.0;10.3;46;GSA - E;BERÇO OUT 3;CARGO;N/A;1905
S014;4948;199.9;32.0;10.3;57;GSM - I;BERÇO TIPLAM 1;CARGO;N/A;4465
S014;4949;228.99;32.0;11.1;44;GSA - E;BERÇO ARM 37;CARGO;N/A;1075
S014;4950;199.99;32.0;7.1;15;GSA - E;BERÇO ARM 16/17;CARGO;N/A;2165
S014;4951;170.0;26.0;9.55;2;GL;BERÇO IB OE;CARGO;N/A;1285
S014;4952;218.45;30.0;8.6;32;CGC;BERÇO TECON 1.1;CARGO;N/A;1550
S014;4953;335.93;48.3;14.3;9;CGC;BERÇO BTP 3;CARGO;N/A;1265
S014;4954;155.0;24.0;8.4;47;GL;BERÇO AL 01;CARGO;N/A;1435
S014;4955;228.4;35.0;9.2;37;GSA - E;BERÇO TEAG;CARGO;N/A;2860
S014;4956;170.0;26.0;9.5;2;GL;BERÇO Ageo I;CARGO;N/A;2380
S014;4957;179.9;30.04;10.3;57;GSM - I;BERÇO TIPLAM 1;CARGO;N/A;5850
S014;4958;179.97;30.0;7.2;25;CGNC;BERÇO ARM 33;CARGO;N/A;3250
S014;4959;229.0;32.0;7.59;44;GSA - E;BERÇO ARM 37;CARGO;N/A;3145
S014;4960;179.99;30.0;6.5;20;GL;BERÇO ARM 30;CARGO;N/A;11485
S014;4961;198.0;31.0;8.89;52;CGNC;BERÇO DPW 4;CARGO;N/A;2850
S014;4962;210.0;36.0;8.0;52;CGNC;BERÇO DPW 4;CARGO;N/A;4980
S014;4963;179.87;28.0;9.0;55;GL;BERÇO TIPLAM 1;CARGO;N/A;1340
S014;4964;182.88;30.0;7.8;47;GL;BERÇO AL 01;CARGO;N/A;3735
S014;4965;157.4;26.0;5.92;49;GL;BERÇO CUTRALE;CARGO;N/A;2625
S014;4966;199.9;32.28;8.6;45;RORO;BERÇO TEV;CARGO;RO-RO;440
S014;4967;225.0;32.0;5.97;38;GSA - E;BERÇO ARM 12A;CARGO;N/A;3450
S014;4968;179.99;30.07;9.6;25;CGNC;BERÇO ARM 33;CARGO;N/A;7175
S014;4969;333.2;48.0;13.8;51;CGC;BERÇO DPW 2;CARGO;N/A;1545
S014;4970;299.9;45.0;10.9;9;CGC;BERÇO BTP 3;CARGO;N/A;1495
S014;4971;214.0;32.0;8.8;13;CGNC;BERÇO CS 04;CARGO;N/A;4220
S014;4972;218.45;30.0;10.4;32;CGC;BERÇO TECON 3;CARGO;N/A;1425
S014;4973;179.9;30.0;10.7;25;CGNC;BERÇO ARM 31;CARGO;N/A;6930
S014;4974;227.92;37.0;10.7;51;CGC;BERÇO DPW 2;CARGO;N/A;1080
S014;4975;299.87;48.0;11.0;9;CGC;BERÇO BTP 2;CARGO;N/A;1540
S014;4976;183.1;32.0;8.8;2;GL;BERÇO IB BC;CARGO;N/A;2660
S014;4977;333.96;48.0;10.2;32;CGC;BERÇO TECON 3;CARGO;N/A;2410
S014;4978;223.96;35.0;8.8;32;CGC;BERÇO TECON 1.1;CARGO;N/A;1360
S014;4979;299.92;48.0;12.3;32;CGC;BERÇO TECON 1.2;CARGO;N/A;1305
S014;4980;179.97;30.0;6.51;58;GSM - E;BERÇO USIMINAS 3;CARGO;N/A;17695
S014;4981;229.0;32.29;6.76;56;GSA - E;BERÇO TIPLAM 3;CARGO;N/A;6535
S014;4982;145.53;24.0;9.8;60;GL;BERÇO AL 04;CARGO;N/A;2680
S014;4983;224.99;32.0;7.0;44;GSA - E;BERÇO ARM 37;CARGO;N/A;6045
S014;4984;199.97;32.0;8.3;45;RORO;BERÇO TEV;CARGO;RO-RO;2400
S014;4985;306.0;40.0;11.8;51;CGC;BERÇO DPW 1;CARGO;N/A;1460
S014;4986;170.17;26.64;7.0;33;GL;BERÇO AL 03;CARGO;N/A;6665
S014;4987;208.85;30.0;10.4;32;CGC;BERÇO TECON 1.1;CARGO;N/A;1335
S014;4988;170.0;26.0;10.8;59;GL;BERÇO AL 04;CARGO;N/A;3680
S014;4989;183.06;32.0;11.8;60;GL;BERÇO AL 03;CARGO;N/A;3575
S014;4990;229.0;32.0;7.6;38;GSA - E;BERÇO ARM 12A;CARGO;N/A;4185
S014;4991;254.94;40.0;10.5;51;CGC;BERÇO DPW 2;CARGO;N/A;970
S014;4992;333.2;48.0;10.7;51;CGC;BERÇO DPW 2;CARGO;N/A;2125
S014;4993;179.97;29.0;6.4;12;GSA - E;BERÇO ARM 20/21;CARGO;N/A;1075
S014;4994;229.0;32.0;8.05;56;GSA - E;BERÇO TIPLAM 2;CARGO;N/A;5020
S014;4995;183.31;32.23;8.7;33;GL;BERÇO AL 02;CARGO;N/A;3970
S014;4996;280.54;40.0;11.5;9;CGC;BERÇO BTP 3;CARGO;N/A;605
S014;4997;225.0;32.0;7.25;38;GSA - E;BERÇO ARM 12A;CARGO;N/A;6185
S014;4998;186.4;28.0;7.1;25;CGNC;BERÇO ARM 33;CARGO;N/A;5190
S014;4999;199.99;33.0;8.9;45;RORO;BERÇO TEV;CARGO;RO-RO;1695
S014;5000;204.88;32.0;7.8;10;GL;BERÇO ARM 29;CARGO;N/A;3730
S014;5001;199.99;32.0;8.1;45;RORO;BERÇO TEV;CARGO;RO-RO;605
S014;5002;210.54;30.0;9.7;32;CGC;BERÇO TECON 2;CARGO;N/A;1945
S014;5003;228.0;37.0;9.5;32;CGC;BERÇO TECON 1.2;CARGO;N/A;1670
S014;5004;270.9;43.0;12.1;32;CGC;BERÇO TECON 1.2;CARGO;N/A;2620
S014;5005;299.93;49.0;11.8;9;CGC;BERÇO BTP 2;CARGO;N/A;1660
S014;5006;299.95;48.0;12.35;9;CGC;BERÇO BTP 3;CARGO;N/A;1345
S014;5007;229.0;32.3;7.28;40;GSA - E;BERÇO TGG;CARGO;N/A;2960
S014;5008;189.99;32.0;6.07;15;GSA - E;BERÇO ARM 19;CARGO;N/A;4760
S014;5009;225.0;32.0;7.0;56;GSA - E;BERÇO TIPLAM 2;CARGO;N/A;1340
S014;5010;334.07;43.0;13.7;9;CGC;BERÇO BTP 2;CARGO;N/A;1300
S014;5011;199.99;32.0;7.85;25;CGNC;BERÇO ARM 29;CARGO;N/A;875
S014;5012;182.47;25.0;8.5;32;CGC;BERÇO TECON 1.1;CARGO;N/A;1810
S014;5013;186.35;28.0;10.3;9;CGC;BERÇO BTP 2;CARGO;N/A;945
S014;5014;229.0;32.0;7.5;15;GSA - E;BERÇO ARM 16/17;CARGO;N/A;4165
S014;5015;330.03;48.0;12.3;9;CGC;BERÇO BTP 1;CARGO;N/A;1605
S014;5016;257.38;32.0;10.1;51;CGC;BERÇO DPW 1;CARGO;N/A;1200
S014;5017;191.45;28.0;9.6;13;CGNC;BERÇO CORTE;CARGO;N/A;1040
S014;5018;189.94;32.31;6.99;15;GSA - E;BERÇO ARM 19;CARGO;N/A;1565
S014;5019;228.9;32.0;7.11;40;GSA - E;BERÇO TGG;CARGO;N/A;2680
S014;5020;199.99;32.0;7.5;25;CGNC;BERÇO ARM 33;CARGO;N/A;5135
S014;5021;225.0;32.0;7.3;40;GSA - E;BERÇO TGG;CARGO;N/A;3420
S014;5022;330.0;48.0;10.95;9;CGC;BERÇO BTP 1;CARGO;N/A;2335
S014;5023;225.0;36.0;7.9;8;CGNC;BERÇO ARM 35P2;CARGO;N/A;2140
S014;5024;225.0;36.0;7.9;8;CGNC;BERÇO ARM 35P2;CARGO;N/A;2140
S014;5025;144.09;24.0;7.85;54;GL;BERÇO DOW;CARGO;N/A;805
S014;5026;182.5;32.23;12.15;60;GL;BERÇO AL 03;CARGO;N/A;5695
S014;5027;294.13;32.3;12.0;9;CGC;BERÇO BTP 2;CARGO;N/A;865
S014;5028;228.19;32.0;9.9;2;GL;BERÇO IB OE;CARGO;N/A;8055
S014;5029;266.65;36.0;9.0;32;CGC;BERÇO TECON 3;CARGO;N/A;915
S014;5030;227.97;37.0;10.6;51;CGC;BERÇO DPW 1;CARGO;N/A;840
S014;5031;228.5;32.0;9.8;59;GL;BERÇO AL 02;CARGO;N/A;6190
S014;5032;199.95;32.0;9.0;45;RORO;BERÇO TEV;CARGO;RO-RO;640
S014;5033;189.99;32.3;6.5;12;GSA - E;BERÇO ARM 20/21;CARGO;N/A;2935
S014;5034;199.9;32.31;7.6;40;GSA - E;BERÇO TGG;CARGO;N/A;1580
S014;5035;183.06;32.0;11.9;59;GL;BERÇO AL 03;CARGO;N/A;4805
S014;5036;299.9;45.0;13.0;32;CGC;BERÇO TECON 2;CARGO;N/A;1000
S014;5037;299.9;45.0;11.8;9;CGC;BERÇO BTP 3;CARGO;N/A;1005
S014;5038;144.09;24.0;7.6;2;GL;BERÇO Ageo I;CARGO;N/A;2430
S014;5039;168.06;28.0;7.8;45;RORO;BERÇO TEV;CARGO;RO-RO;935
S014;5040;199.9;32.29;6.52;15;GSA - E;BERÇO ARM 16/17;CARGO;N/A;2270
S014;5041;229.0;32.0;7.9;15;GSA - E;BERÇO ARM 16/17;CARGO;N/A;3290
S014;5042;141.0;25.0;9.75;1;GL;BERÇO IB SP;CARGO;N/A;575
S014;5043;299.9;43.0;10.6;9;CGC;BERÇO BTP 3;CARGO;N/A;1150
S014;5044;270.9;43.0;10.9;51;CGC;BERÇO DPW 1;CARGO;N/A;1130
S014;5045;229.0;32.0;9.07;56;GSA - E;BERÇO TIPLAM 3;CARGO;N/A;6055
S014;5046;276.2;40.0;11.3;9;CGC;BERÇO BTP 3;CARGO;N/A;1000
S014;5047;228.95;32.0;7.4;41;GSA - E;BERÇO ARM 38;CARGO;N/A;5150
S014;5048;199.99;32.0;6.96;15;GSA - E;BERÇO ARM 16/17;CARGO;N/A;8265
S014;5049;299.95;40.0;13.1;32;CGC;BERÇO TECON 3;CARGO;N/A;4105
S014;5050;262.08;32.0;9.54;51;CGC;BERÇO DPW 2;CARGO;N/A;725
S014;5051;176.0;31.0;8.0;45;RORO;BERÇO TEV;CARGO;RO-RO;1330
S014;5052;183.06;32.0;7.7;47;GL;BERÇO AL 01;CARGO;N/A;2030
S014;5053;225.0;36.0;8.5;13;CGNC;BERÇO CS 04;CARGO;N/A;5010
S014;5054;210.56;30.0;8.2;10;GL;BERÇO ARM 29;CARGO;N/A;5645
S014;5055;225.0;32.0;9.16;8;CGNC;BERÇO ARM 35P2;CARGO;N/A;4905
S014;5056;228.96;36.05;7.9;56;GSA - E;BERÇO TIPLAM 2;CARGO;N/A;3055
S014;5057;225.0;32.0;9.16;8;CGNC;BERÇO ARM 35P1;CARGO;N/A;4905
S014;5058;228.9;32.31;7.3;38;GSA - E;BERÇO ARM 13/14;CARGO;N/A;7670
S014;5059;189.99;32.0;8.9;16;GSM - I;BERÇO ARM 22/23;CARGO;N/A;4740
S014;5060;225.0;32.0;7.15;42;GSA - E;BERÇO TEG;CARGO;N/A;5070
S014;5061;189.99;30.0;6.4;38;GSA - E;BERÇO ARM 12A;CARGO;N/A;6975
S014;5062;249.12;37.0;10.6;9;CGC;BERÇO BTP 1;CARGO;N/A;835
S014;5063;334.98;45.83;14.0;32;CGC;BERÇO TECON 2;CARGO;N/A;1330
S014;5064;199.98;32.0;8.0;45;RORO;BERÇO TEV;CARGO;RO-RO;1030
S014;5065;225.0;36.0;8.5;8;CGNC;BERÇO ARM 35P2;CARGO;N/A;6995
S014;5066;225.0;36.0;8.5;8;CGNC;BERÇO ARM 35P1;CARGO;N/A;6995
S014;5067;333.33;38.0;8.6;11;PASSAGEIROS;BERÇO OUT 1;PASSENGER;N/A;675
S014;5068;299.9;48.47;13.85;51;CGC;BERÇO DPW 2;CARGO;N/A;1020
S014;5069;227.97;37.0;10.2;9;CGC;BERÇO BTP 2;CARGO;N/A;1140
S014;5070;189.9;33.0;7.25;49;GL;BERÇO CUTRALE;CARGO;N/A;4060
S014;5071;333.18;48.0;9.7;9;CGC;BERÇO BTP 1;CARGO;N/A;2340
S014;5072;254.87;37.0;10.1;51;CGC;BERÇO DPW 1;CARGO;N/A;1065
S014;5073;228.99;32.0;7.57;39;GSA - E;BERÇO ARM 39;CARGO;N/A;7140
S014;5074;199.91;35.0;8.7;32;CGC;BERÇO TECON 1.1;CARGO;N/A;1620
S014;5075;294.12;32.0;10.45;32;CGC;BERÇO TECON 1.2;CARGO;N/A;1445
S014;5076;179.97;30.0;9.64;57;GSM - I;BERÇO TIPLAM 1;CARGO;N/A;3550
S014;5077;224.0;35.0;8.5;32;CGC;BERÇO TECON 2;CARGO;N/A;1165
S014;5078;228.41;37.0;7.49;12;GSA - E;BERÇO ARM 20/21;CARGO;N/A;4945
S014;5079;299.9;48.0;10.1;9;CGC;BERÇO BTP 1;CARGO;N/A;1235
S014;5080;365.74;48.43;11.8;9;CGC;BERÇO BTP 2;CARGO;N/A;2605
S014;5081;255.36;37.0;11.0;32;CGC;BERÇO TECON 1.2;CARGO;N/A;1625
S014;5082;199.9;32.29;12.26;16;GSM - I;BERÇO ARM 22/23;CARGO;N/A;4600
S014;5083;335.0;51.0;13.7;51;CGC;BERÇO DPW 2;CARGO;N/A;1575
S014;5084;182.9;32.0;10.1;60;GL;BERÇO AL 04;CARGO;N/A;2650
S014;5085;294.12;32.0;11.8;51;CGC;BERÇO DPW 1;CARGO;N/A;1610
S014;5086;199.9;30.0;7.1;15;GSA - E;BERÇO ARM 19;CARGO;N/A;4045
S014;5087;177.13;28.0;7.2;14;CGNC;BERÇO ARM 31;CARGO;N/A;4380
S014;5088;225.0;32.0;7.0;38;GSA - E;BERÇO ARM 13/14;CARGO;N/A;3470
S014;5089;189.99;32.31;10.8;17;GSA - I;BERÇO ARM 30;CARGO;N/A;14550
S014;5090;179.87;28.0;9.9;47;GL;BERÇO AL 01;CARGO;N/A;1665
S014;5091;225.0;32.0;7.6;38;GSA - E;BERÇO ARM 12A;CARGO;N/A;7440
S014;5092;180.0;30.05;9.5;28;CGNC;BERÇO CS 02;CARGO;N/A;10325
S014;5093;177.85;28.0;6.6;12;GSA - E;BERÇO ARM 20/21;CARGO;N/A;2030
S014;5094;212.54;31.0;10.7;32;CGC;BERÇO TECON 1.1;CARGO;N/A;600
S014;5095;183.06;32.0;9.9;2;GL;BERÇO IB SP;CARGO;N/A;2295
S014;5096;235.0;32.0;7.45;15;GSA - E;BERÇO ARM 19;CARGO;N/A;3675
S014;5097;333.9;48.0;11.0;32;CGC;BERÇO TECON 2;CARGO;N/A;2120
S014;5098;199.97;32.0;7.83;45;RORO;BERÇO TEV;CARGO;RO-RO;1970
S014;5099;199.99;36.0;6.52;37;GSA - E;BERÇO TEAG;CARGO;N/A;6315
S014;5100;225.0;36.0;11.0;52;CGNC;BERÇO DPW 4;CARGO;N/A;2720
S014;5101;225.0;36.0;8.5;35;CGNC;BERÇO ARM 32;CARGO;N/A;4465
S014;5102;199.9;32.31;9.7;25;CGNC;BERÇO ARM 32;CARGO;N/A;3230
S014;5103;293.87;40.0;10.31;9;CGC;BERÇO BTP 3;CARGO;N/A;2270
S014;5104;194.87;32.0;7.7;32;CGC;BERÇO TECON 1.1;CARGO;N/A;1170
S014;5105;172.0;28.0;8.0;9;CGC;BERÇO BTP 3;CARGO;N/A;1095
S014;5106;299.88;48.0;13.6;9;CGC;BERÇO BTP 1;CARGO;N/A;1365
S014;5107;259.8;32.0;10.8;32;CGC;BERÇO TECON 1.1;CARGO;N/A;690
S014;5108;87.9;19.0;6.0;53;CGNC;BERÇO SAIPEM 3;CARGO;N/A;2145
S014;5109;105.9;22.0;6.5;53;CGNC;BERÇO SAIPEM 2;CARGO;N/A;345
S014;5110;336.0;51.0;13.8;32;CGC;BERÇO TECON 2;CARGO;N/A;1320
S014;5111;201.9;34.0;8.3;52;CGNC;BERÇO DPW 3;CARGO;N/A;3520
S014;5112;330.0;48.33;14.47;9;CGC;BERÇO BTP 2;CARGO;N/A;1120
S014;5113;210.54;9.0;9.9;32;CGC;BERÇO TECON 1.2;CARGO;N/A;1520
S014;5114;228.99;32.0;7.42;44;GSA - E;BERÇO ARM 37;CARGO;N/A;3630
S014;5115;181.99;32.3;11.6;60;GL;BERÇO AL 02;CARGO;N/A;7075
S014;5116;190.0;32.3;6.85;56;GSA - E;BERÇO TIPLAM 2;CARGO;N/A;1790
S014;5117;165.2;27.0;8.0;54;GL;BERÇO DOW;CARGO;N/A;290
S014;5118;272.05;40.0;9.5;51;CGC;BERÇO DPW 1;CARGO;N/A;805
S014;5119;228.99;32.0;7.42;41;GSA - E;BERÇO ARM 38;CARGO;N/A;5445
S014;5120;299.88;48.0;9.5;9;CGC;BERÇO BTP 2;CARGO;N/A;2185
S014;5121;228.62;32.0;9.8;32;CGC;BERÇO TECON 3;CARGO;N/A;1745
S014;5122;333.33;38.0;8.6;11;PASSAGEIROS;BERÇO OUT 2;PASSENGER;N/A;640
S014;5123;330.04;48.0;11.3;32;CGC;BERÇO TECON 2;CARGO;N/A;1070
S014;5124;170.17;26.64;7.8;2;GL;BERÇO Ageo I;CARGO;N/A;3685
S014;5125;303.83;40.0;13.8;51;CGC;BERÇO DPW 2;CARGO;N/A;1265
S014;5126;189.9;32.29;6.58;12;GSA - E;BERÇO ARM 20/21;CARGO;N/A;2910
S014;5127;158.98;27.0;9.8;59;GL;BERÇO AL 04;CARGO;N/A;1355
S014;5128;225.0;36.0;8.1;8;CGNC;BERÇO ARM 35P1;CARGO;N/A;10310
S014;5129;225.0;36.0;8.1;8;CGNC;BERÇO ARM 35P2;CARGO;N/A;10310
S014;5130;179.99;28.0;10.05;28;CGNC;BERÇO CS 01;CARGO;N/A;8360
S014;5131;228.99;32.31;10.45;39;GSA - E;BERÇO ARM 39;CARGO;N/A;2035
S014;5132;179.99;32.0;9.6;25;CGNC;BERÇO ARM 32;CARGO;N/A;5900
S014;5133;314.36;48.0;12.5;9;CGC;BERÇO BTP 1;CARGO;N/A;1425
S014;5134;119.9;22.0;7.3;2;GL;BERÇO IB BC;CARGO;N/A;1960
S014;5135;145.0;24.23;6.5;1;GL;BERÇO IB SP;CARGO;N/A;1265
S014;5136;228.9;32.0;7.3;42;GSA - E;BERÇO TEG;CARGO;N/A;4840
S014;5137;179.95;32.07;10.33;28;CGNC;BERÇO CS 02;CARGO;N/A;10315
S014;5138;189.99;30.0;10.2;57;GSM - I;BERÇO TIPLAM 4;CARGO;N/A;1580
S014;5139;228.9;32.0;7.42;44;GSA - E;BERÇO ARM 37;CARGO;N/A;5200
S014;5140;201.8;33.0;8.25;14;CGNC;BERÇO ARM 31;CARGO;N/A;3450
S014;5141;182.47;25.0;8.9;32;CGC;BERÇO TECON 1.2;CARGO;N/A;1600
S014;5142;255.0;37.0;10.75;51;CGC;BERÇO DPW 1;CARGO;N/A;1395
S014;5143;228.99;32.0;7.15;15;GSA - E;BERÇO ARM 16/17;CARGO;N/A;2405
S014;5144;261.09;32.0;8.3;32;CGC;BERÇO TECON 1.1;CARGO;N/A;475
S014;5145;147.83;24.0;7.0;59;GL;BERÇO AL 02;CARGO;N/A;2160
S014;5146;329.86;48.0;11.8;9;CGC;BERÇO BTP 2;CARGO;N/A;1535
S014;5147;176.82;30.0;9.7;16;GSM - I;BERÇO ARM 22/23;CARGO;N/A;4515
S014;5148;228.95;32.0;7.75;41;GSA - E;BERÇO ARM 38;CARGO;N/A;3085
S014;5149;199.97;32.0;9.2;45;RORO;BERÇO TEV;CARGO;RO-RO;375
S014;5150;183.0;27.0;7.5;47;GL;BERÇO AL 01;CARGO;N/A;2600
S014;5151;335.0;46.0;10.0;9;CGC;BERÇO BTP 3;CARGO;N/A;1295
S014;5152;119.9;18.0;5.0;45;RORO;BERÇO TEV;CARGO;RO-RO;310
S014;5153;182.9;32.0;7.3;47;GL;BERÇO AL 02;CARGO;N/A;3305
S014;5154;222.2;30.0;9.8;51;CGC;BERÇO DPW 2;CARGO;N/A;860
S014;5155;183.1;32.0;8.0;47;GL;BERÇO AL 01;CARGO;N/A;1985
S014;5156;254.94;40.0;10.4;32;CGC;BERÇO TECON 3;CARGO;N/A;1470
S014;5157;228.99;32.0;7.41;38;GSA - E;BERÇO ARM 13/14;CARGO;N/A;3285
S014;5158;199.9;32.29;9.93;57;GSM - I;BERÇO TIPLAM 4;CARGO;N/A;8985
S014;5159;335.9;51.0;13.3;32;CGC;BERÇO TECON 2;CARGO;N/A;1855
S014;5160;158.93;27.0;8.5;2;GL;BERÇO IB OE;CARGO;N/A;2405
S014;5161;189.99;28.56;9.85;25;CGNC;BERÇO ARM 33;CARGO;N/A;10115
S014;5162;189.99;32.0;8.75;52;CGNC;BERÇO DPW 3;CARGO;N/A;3140
S014;5163;229.0;32.0;7.1;12;GSA - E;BERÇO ARM 20/21;CARGO;N/A;3385
S014;5164;227.95;38.0;10.8;51;CGC;BERÇO DPW 1;CARGO;N/A;1140
S014;5165;141.0;25.0;9.8;59;GL;BERÇO AL 04;CARGO;N/A;4365
S014;5166;335.0;45.0;12.2;9;CGC;BERÇO BTP 3;CARGO;N/A;1340
S014;5167;199.9;32.0;11.14;16;GSM - I;BERÇO ARM 22/23;CARGO;N/A;12260
S014;5168;300.0;48.0;12.7;32;CGC;BERÇO TECON 2;CARGO;N/A;1355
S014;5169;330.03;48.0;13.4;9;CGC;BERÇO BTP 3;CARGO;N/A;1910
S014;5170;183.1;32.0;8.6;1;GL;BERÇO IB SP;CARGO;N/A;2740
S014;5171;299.9;45.0;12.5;9;CGC;BERÇO BTP 1;CARGO;N/A;830
S014;5172;254.93;43.0;8.36;41;GSA - E;BERÇO ARM 38;CARGO;N/A;7320
S014;5173;333.33;38.0;8.6;11;PASSAGEIROS;BERÇO OUT 2;PASSENGER;N/A;640
S014;5174;225.0;32.0;7.52;44;GSA - E;BERÇO ARM 37;CARGO;N/A;2820
S014;5175;229.0;32.0;8.62;50;GSA - E;BERÇO CUTRALE;CARGO;N/A;3320
S014;5176;268.03;44.0;13.7;32;CGC;BERÇO TECON 1.2;CARGO;N/A;1295
S014;5177;200.0;36.0;10.3;51;CGC;BERÇO DPW 2;CARGO;N/A;805
S014;5178;92.95;20.0;5.6;53;CGNC;BERÇO SAIPEM 1;CARGO;N/A;680
S014;5179;335.0;51.0;14.4;32;CGC;BERÇO TECON 3;CARGO;N/A;1390
S014;5180;199.8;23.8;6.9;56;GSA - E;BERÇO TIPLAM 2;CARGO;N/A;1960
S014;5181;180.15;28.0;8.25;61;GL;BERÇO AL 04;CARGO;N/A;4805
S014;5182;189.9;32.3;9.5;25;CGNC;BERÇO ARM 31;CARGO;N/A;6495
S014;5183;249.12;37.0;12.0;9;CGC;BERÇO BTP 2;CARGO;N/A;1020
S014;5184;274.67;40.0;10.55;51;CGC;BERÇO DPW 1;CARGO;N/A;805
S014;5185;229.0;32.0;7.5;46;GSA - E;BERÇO OUT 2;CARGO;N/A;5465
S014;5186;236.32;36.0;7.95;13;CGNC;BERÇO VAL;CARGO;N/A;1225
S014;5187;199.99;32.0;7.8;57;GSM - I;BERÇO TIPLAM 4;CARGO;N/A;5620
S014;5188;299.92;48.0;11.2;9;CGC;BERÇO BTP 3;CARGO;N/A;2660
S014;5189;161.37;27.45;6.25;13;CGNC;BERÇO BTP 1;CARGO;N/A;2810
S014;5190;224.0;35.0;8.65;32;CGC;BERÇO TECON 1.1;CARGO;N/A;480
S014;5191;329.8;48.0;14.4;51;CGC;BERÇO DPW 1;CARGO;N/A;1480
S014;5192;199.9;32.0;10.5;25;CGNC;BERÇO ARM 31;CARGO;N/A;4300
S014;5193;199.9;32.0;8.1;57;GSM - I;BERÇO TIPLAM 2;CARGO;N/A;1415
S014;5194;210.0;36.0;9.35;13;CGNC;BERÇO BTP 1;CARGO;N/A;2280
S014;5195;215.08;49.0;9.8;53;CGNC;BERÇO SAIPEM 1;CARGO;N/A;10100
S014;5196;268.03;44.0;13.6;32;CGC;BERÇO TECON 3;CARGO;N/A;2390
S014;5197;254.94;40.0;9.55;32;CGC;BERÇO TECON 1.2;CARGO;N/A;1635
S014;5198;186.4;28.0;11.19;25;CGNC;BERÇO ARM 31;CARGO;N/A;15175
S014;5199;118.14;16.0;7.35;28;CGNC;BERÇO CS 03;CARGO;N/A;4710
S014;5200;204.35;32.0;10.8;52;CGNC;BERÇO DPW 3;CARGO;N/A;755
S014;5201;182.5;32.0;7.8;47;GL;BERÇO AL 01;CARGO;N/A;1785
S014;5202;255.0;37.0;13.0;51;CGC;BERÇO DPW 2;CARGO;N/A;795
S014;5203;260.0;32.0;11.2;51;CGC;BERÇO DPW 1;CARGO;N/A;1125
S014;5204;179.97;29.83;5.75;12;GSA - E;BERÇO ARM 20/21;CARGO;N/A;3465
S014;5205;179.87;28.0;9.7;47;GL;BERÇO AL 01;CARGO;N/A;2260
S014;5206;229.0;32.31;7.52;39;GSA - E;BERÇO ARM 39;CARGO;N/A;5480
S014;5207;229.0;38.0;6.9;12;GSA - E;BERÇO ARM 20/21;CARGO;N/A;2300
S014;5208;199.99;32.0;7.09;46;GSA - E;BERÇO OUT 3;CARGO;N/A;3280
S014;5209;229.0;32.0;9.61;12;GSA - E;BERÇO ARM 20/21;CARGO;N/A;2810
S014;5210;236.32;36.0;8.1;45;RORO;BERÇO TEV;CARGO;RO-RO;495
S014;5211;199.9;32.28;7.9;45;RORO;BERÇO TEV;CARGO;RO-RO;535
S014;5212;208.85;30.0;10.0;32;CGC;BERÇO TECON 2;CARGO;N/A;1140
S014;5213;201.8;33.0;9.48;8;CGNC;BERÇO ARM 35P2;CARGO;N/A;2175
S014;5214;201.8;33.0;9.48;8;CGNC;BERÇO ARM 35P1;CARGO;N/A;2175
S014;5215;225.0;32.0;9.4;52;CGNC;BERÇO DPW 3;CARGO;N/A;3295
S014;5216;199.9;32.0;7.25;15;GSA - E;BERÇO ARM 19;CARGO;N/A;2520
S014;5217;184.0;27.43;9.6;2;GL;BERÇO Ageo I;CARGO;N/A;3980
S014;5218;224.98;32.0;7.16;44;GSA - E;BERÇO ARM 37;CARGO;N/A;6520
S014;5219;222.14;30.0;10.8;32;CGC;BERÇO TECON 1.1;CARGO;N/A;810
S014;5220;331.1;48.0;12.2;51;CGC;BERÇO DPW 2;CARGO;N/A;2250
S014;5221;333.33;38.0;8.65;11;PASSAGEIROS;BERÇO OUT 2;PASSENGER;N/A;630
S014;5222;201.8;32.0;10.5;52;CGNC;BERÇO DPW 4;CARGO;N/A;4850
S014;5223;299.9;46.0;11.8;9;CGC;BERÇO BTP 2;CARGO;N/A;1665
S014;5224;170.0;26.0;10.36;50;GSA - E;BERÇO CUTRALE;CARGO;N/A;4045
S014;5225;201.8;32.0;7.4;14;CGNC;BERÇO ARM 31;CARGO;N/A;815
S014;5226;335.98;48.0;12.1;9;CGC;BERÇO BTP 2;CARGO;N/A;1450
S014;5227;213.88;32.0;8.6;13;CGNC;BERÇO CS 04;CARGO;N/A;1690
S014;5228;197.2;30.0;10.0;32;CGC;BERÇO TECON 2;CARGO;N/A;1270
S014;5229;346.98;42.0;10.1;9;CGC;BERÇO BTP 2;CARGO;N/A;1740
S014;5230;218.45;30.0;10.2;32;CGC;BERÇO TECON 1.2;CARGO;N/A;750
S014;5231;272.05;40.0;9.6;51;CGC;BERÇO DPW 1;CARGO;N/A;1005
S014;5232;179.97;30.0;7.0;25;CGNC;BERÇO ARM 32;CARGO;N/A;1410
S014;5233;179.9;30.0;9.6;25;CGNC;BERÇO ARM 32;CARGO;N/A;2430
S014;5234;144.09;24.0;8.2;2;GL;BERÇO IB OE;CARGO;N/A;2620
S014;5235;183.98;27.4;7.4;47;GL;BERÇO AL 01;CARGO;N/A;2175
S014;5236;182.9;40.0;8.5;47;GL;BERÇO AL 01;CARGO;N/A;1210
S014;5237;180.0;30.03;10.1;17;GSA - I;BERÇO ARM 30;CARGO;N/A;11850
S014;5238;346.98;42.0;12.1;9;CGC;BERÇO BTP 2;CARGO;N/A;1285
S014;5239;228.9;32.0;10.4;42;GSA - E;BERÇO TEG;CARGO;N/A;2350
S014;5240;300.4;40.0;12.0;32;CGC;BERÇO TECON 3;CARGO;N/A;2205
S014;5241;179.87;28.0;8.9;55;GL;BERÇO TIPLAM 1;CARGO;N/A;1390
S014;5242;189.99;32.0;6.2;46;GSA - E;BERÇO OUT 3;CARGO;N/A;3925
S014;5243;299.96;48.0;12.1;32;CGC;BERÇO TECON 1.2;CARGO;N/A;1370
S014;5244;87.9;19.0;5.0;53;CGNC;BERÇO SAIPEM 2;CARGO;N/A;4205
S014;5245;254.73;37.0;10.0;51;CGC;BERÇO DPW 1;CARGO;N/A;1055
S014;5246;299.95;48.0;11.5;9;CGC;BERÇO BTP 1;CARGO;N/A;1695
S014;5247;182.9;32.0;9.2;54;GL;BERÇO DOW;CARGO;N/A;1740
S014;5248;199.95;32.24;9.1;45;RORO;BERÇO TEV;CARGO;RO-RO;535
S014;5249;199.2;30.0;7.04;14;CGNC;BERÇO ARM 31;CARGO;N/A;1245
S014;5250;199.98;32.0;10.3;57;GSM - I;BERÇO TIPLAM 1;CARGO;N/A;5900
S014;5251;182.47;25.0;8.2;32;CGC;BERÇO TECON 2;CARGO;N/A;1015
S014;5252;210.0;36.0;10.0;52;CGNC;BERÇO DPW 4;CARGO;N/A;3690
S014;5253;179.97;30.0;6.1;37;GSA - E;BERÇO TEAG;CARGO;N/A;2740
S014;5254;299.9;45.0;11.65;9;CGC;BERÇO BTP 3;CARGO;N/A;1215
S014;5255;228.96;36.05;11.56;15;GSA - E;BERÇO ARM 19;CARGO;N/A;2315
S014;5256;189.98;24.0;9.3;25;CGNC;BERÇO ARM 33;CARGO;N/A;9140
S014;5257;199.98;32.28;10.26;57;GSM - I;BERÇO TIPLAM 4;CARGO;N/A;8560
S014;5258;299.87;48.0;11.25;9;CGC;BERÇO BTP 3;CARGO;N/A;1000
S014;5259;243.0;32.0;10.3;51;CGC;BERÇO DPW 1;CARGO;N/A;1410
S014;5260;229.0;32.0;6.71;44;GSA - E;BERÇO ARM 37;CARGO;N/A;3315
S014;5261;179.99;28.0;9.0;2;GL;BERÇO IB SP;CARGO;N/A;2580
S014;5262;199.9;32.31;10.2;25;CGNC;BERÇO ARM 29;CARGO;N/A;11660
S014;5263;294.1;32.25;11.5;9;CGC;BERÇO BTP 1;CARGO;N/A;535
S014;5264;186.07;32.0;8.4;2;GL;BERÇO IB BC;CARGO;N/A;1760
S014;5265;189.94;28.36;6.4;56;GSA - E;BERÇO TIPLAM 3;CARGO;N/A;3350
S014;5266;199.98;32.0;6.8;41;GSA - E;BERÇO ARM 38;CARGO;N/A;2055
S014;5267;229.0;38.0;7.15;12;GSA - E;BERÇO ARM 20/21;CARGO;N/A;4300
S014;5268;299.9;48.0;13.2;32;CGC;BERÇO TECON 1.2;CARGO;N/A;1420
S014;5269;336.0;51.0;11.2;32;CGC;BERÇO TECON 2;CARGO;N/A;2580
S014;5270;333.33;38.0;8.6;11;PASSAGEIROS;BERÇO OUT 1;PASSENGER;N/A;625
S014;5271;299.9;46.0;12.5;9;CGC;BERÇO BTP 1;CARGO;N/A;1620
S014;5272;165.2;27.0;8.0;54;GL;BERÇO DOW;CARGO;N/A;1670
S014;5273;180.0;30.05;6.15;56;GSA - E;BERÇO TIPLAM 3;CARGO;N/A;1295
S014;5274;300.0;48.0;12.7;9;CGC;BERÇO BTP 3;CARGO;N/A;1535
S014;5275;183.15;32.23;11.6;2;GL;BERÇO IB OE;CARGO;N/A;4905
S014;5276;209.99;37.0;7.6;39;GSA - E;BERÇO ARM 39;CARGO;N/A;3145
S014;5277;304.14;40.0;11.1;51;CGC;BERÇO DPW 2;CARGO;N/A;830
S014;5278;204.85;32.0;7.4;50;GSA - E;BERÇO CUTRALE;CARGO;N/A;4630
S014;5279;299.95;44.0;12.4;32;CGC;BERÇO TECON 3;CARGO;N/A;1695
S014;5280;225.0;32.3;7.3;56;GSA - E;BERÇO TIPLAM 2;CARGO;N/A;4340
S014;5281;225.0;32.0;9.5;52;CGNC;BERÇO DPW 3;CARGO;N/A;2850
S014;5282;225.0;32.0;8.5;14;CGNC;BERÇO ARM 31;CARGO;N/A;1095
S014;5283;204.85;32.0;8.0;10;GL;BERÇO ARM 29;CARGO;N/A;5445
S014;5284;189.99;32.31;6.33;56;GSA - E;BERÇO TIPLAM 2;CARGO;N/A;2205
S014;5285;228.99;32.0;8.4;38;GSA - E;BERÇO ARM 12A;CARGO;N/A;3795
S014;5286;179.99;30.07;7.95;25;CGNC;BERÇO ARM 31;CARGO;N/A;2420
S014;5287;196.0;32.31;8.79;16;GSM - I;BERÇO ARM 22/23;CARGO;N/A;7890
S014;5288;156.53;25.0;7.1;33;GL;BERÇO AL 03;CARGO;N/A;1745
S014;5289;189.99;32.0;6.84;15;GSA - E;BERÇO ARM 16/17;CARGO;N/A;4580
S014;5290;182.88;32.0;9.5;47;GL;BERÇO AL 02;CARGO;N/A;870
S014;5291;183.06;32.0;8.7;47;GL;BERÇO AL 01;CARGO;N/A;1265
S014;5292;300.4;40.0;10.3;9;CGC;BERÇO BTP 3;CARGO;N/A;710
S014;5293;334.0;42.87;14.2;32;CGC;BERÇO TECON 1.2;CARGO;N/A;3010
S014;5294;183.06;32.0;8.8;2;GL;BERÇO IB BC;CARGO;N/A;3735
S014;5295;210.0;36.0;10.2;13;CGNC;BERÇO CS 04;CARGO;N/A;2840
S014;5296;229.0;36.0;7.69;40;GSA - E;BERÇO TGG;CARGO;N/A;4225
S014;5297;183.1;32.0;7.55;60;GL;BERÇO AL 03;CARGO;N/A;2005
S014;5298;189.99;32.0;8.0;28;CGNC;BERÇO CS 02;CARGO;N/A;5845
S014;5299;272.05;40.0;9.9;51;CGC;BERÇO DPW 2;CARGO;N/A;1180
S014;5300;277.32;40.0;12.6;9;CGC;BERÇO BTP 1;CARGO;N/A;805
S014;5301;333.2;48.0;12.9;51;CGC;BERÇO DPW 1;CARGO;N/A;1740
S014;5302;199.92;32.0;7.1;52;CGNC;BERÇO DPW 3;CARGO;N/A;3255
S014;5303;188.64;32.0;6.65;42;GSA - E;BERÇO TEG;CARGO;N/A;9035
S014;5304;92.95;20.0;5.6;53;CGNC;BERÇO SAIPEM 2;CARGO;N/A;2970
S014;5305;199.91;35.0;9.1;32;CGC;BERÇO TECON 2;CARGO;N/A;1860
S014;5306;294.13;32.0;10.5;32;CGC;BERÇO TECON 3;CARGO;N/A;1130
S014;5307;189.99;32.0;6.5;56;GSA - E;BERÇO TIPLAM 3;CARGO;N/A;2405
S014;5308;335.94;51.0;14.0;9;CGC;BERÇO BTP 3;CARGO;N/A;1370
S014;5309;228.99;32.3;7.11;15;GSA - E;BERÇO ARM 19;CARGO;N/A;5205
S014;5310;270.9;43.0;11.43;51;CGC;BERÇO DPW 2;CARGO;N/A;1190
S014;5311;333.33;38.0;8.6;11;PASSAGEIROS;BERÇO OUT 1;PASSENGER;N/A;625
S014;5312;189.9;32.0;6.3;37;GSA - E;BERÇO TEAG;CARGO;N/A;4705
S014;5313;119.95;19.0;7.1;47;GL;BERÇO AL 01;CARGO;N/A;2835
S014;5314;225.0;32.2;9.04;12;GSA - E;BERÇO ARM 20/21;CARGO;N/A;2540
S014;5315;299.9;43.0;12.2;9;CGC;BERÇO BTP 2;CARGO;N/A;1460
S014;5316;184.0;27.43;9.8;60;GL;BERÇO AL 03;CARGO;N/A;2280
S014;5317;189.94;32.31;9.48;37;GSA - E;BERÇO TEAG;CARGO;N/A;2250
S014;5318;179.99;28.0;6.3;38;GSA - E;BERÇO ARM 13/14;CARGO;N/A;2805
S014;5319;232.37;32.3;8.5;45;RORO;BERÇO TEV;CARGO;RO-RO;355
S014;5320;228.99;32.0;7.1;40;GSA - E;BERÇO TGG;CARGO;N/A;1990
S014;5321;183.0;27.0;7.5;47;GL;BERÇO AL 02;CARGO;N/A;1290
S014;5322;199.97;32.0;8.4;45;RORO;BERÇO TEV;CARGO;RO-RO;320
S014;5323;294.12;32.0;10.7;51;CGC;BERÇO DPW 1;CARGO;N/A;1390
S014;5324;199.41;32.28;7.2;45;RORO;BERÇO TEV;CARGO;RO-RO;815
S014;5325;173.0;26.0;6.8;10;GL;BERÇO ARM 29;CARGO;N/A;5225
S014;5326;134.75;21.0;5.8;59;GL;BERÇO AL 02;CARGO;N/A;1765
S014;5327;201.8;32.0;8.65;35;CGNC;BERÇO ARM 32;CARGO;N/A;1530
S014;5328;225.0;32.0;10.31;15;GSA - E;BERÇO ARM 19;CARGO;N/A;1015
S014;5329;215.4;37.0;7.01;44;GSA - E;BERÇO ARM 37;CARGO;N/A;2730
S014;5330;210.0;36.0;8.7;8;CGNC;BERÇO ARM 35P1;CARGO;N/A;6390
S014;5331;210.0;36.0;8.7;8;CGNC;BERÇO ARM 35P2;CARGO;N/A;6390
S014;5332;333.2;48.0;10.7;51;CGC;BERÇO DPW 2;CARGO;N/A;1775
S014;5333;229.0;32.0;11.12;50;GSA - E;BERÇO CUTRALE;CARGO;N/A;1320
S014;5334;210.54;9.0;10.7;32;CGC;BERÇO TECON 1.1;CARGO;N/A;965
S014;5335;182.93;31.0;9.56;58;GSM - E;BERÇO USIMINAS 3;CARGO;N/A;6055
S014;5336;334.0;43.0;9.9;9;CGC;BERÇO BTP 1;CARGO;N/A;995
S014;5337;190.0;32.3;7.5;15;GSA - E;BERÇO ARM 16/17;CARGO;N/A;1840
S014;5338;199.95;32.0;7.0;15;GSA - E;BERÇO ARM 16/17;CARGO;N/A;3120
S014;5339;256.07;37.0;9.6;51;CGC;BERÇO DPW 1;CARGO;N/A;1000
S014;5340;334.98;45.83;11.0;32;CGC;BERÇO TECON 3;CARGO;N/A;1720
S014;5341;172.0;28.0;7.6;9;CGC;BERÇO BTP 1;CARGO;N/A;1635
S014;5342;225.0;32.3;7.5;42;GSA - E;BERÇO TEG;CARGO;N/A;3620
S014;5343;212.54;31.0;10.8;32;CGC;BERÇO TECON 2;CARGO;N/A;1675
S014;5344;183.06;32.0;10.3;60;GL;BERÇO AL 03;CARGO;N/A;2645
S014;5345;228.4;35.0;10.4;15;GSA - E;BERÇO ARM 19;CARGO;N/A;1245
S014;5346;190.0;32.0;8.24;43;GSM - I;BERÇO TERMAG;CARGO;N/A;3505
S014;5347;336.67;45.72;11.0;9;CGC;BERÇO BTP 3;CARGO;N/A;860
S014;5348;248.97;44.0;8.0;47;GL;BERÇO AL 01;CARGO;N/A;3335
S014;5349;225.0;32.0;7.2;40;GSA - E;BERÇO TGG;CARGO;N/A;2100
S014;5350;328.46;48.0;12.6;9;CGC;BERÇO BTP 3;CARGO;N/A;2295
S014;5351;228.15;32.0;10.2;32;CGC;BERÇO TECON 1.1;CARGO;N/A;1765
S014;5352;228.99;32.0;6.9;41;GSA - E;BERÇO ARM 38;CARGO;N/A;3095
S014;5353;314.33;48.0;12.8;32;CGC;BERÇO TECON 1.2;CARGO;N/A;1375
S014;5354;183.15;32.23;10.6;59;GL;BERÇO AL 04;CARGO;N/A;3610
S014;5355;228.99;32.0;8.48;50;GSA - E;BERÇO CUTRALE;CARGO;N/A;3205
S014;5356;179.9;30.0;10.0;28;CGNC;BERÇO CS 01;CARGO;N/A;8970
S014;5357;182.47;25.0;7.2;32;CGC;BERÇO TECON 2;CARGO;N/A;1155
S014;5358;274.0;46.0;13.6;51;CGC;BERÇO DPW 1;CARGO;N/A;1055
S014;5359;194.87;32.0;10.15;32;CGC;BERÇO TECON 1.1;CARGO;N/A;1185
S014;5360;228.99;32.0;7.11;56;GSA - E;BERÇO TIPLAM 2;CARGO;N/A;5500
S014;5361;225.0;32.0;6.8;15;GSA - E;BERÇO ARM 19;CARGO;N/A;6300
S014;5362;146.5;25.0;9.6;60;GL;BERÇO AL 04;CARGO;N/A;1970
S014;5363;225.0;32.0;9.0;8;CGNC;BERÇO ARM 35P1;CARGO;N/A;1200
S014;5364;225.0;32.0;9.0;8;CGNC;BERÇO ARM 35P2;CARGO;N/A;1200
S014;5365;254.87;37.0;11.1;51;CGC;BERÇO DPW 1;CARGO;N/A;1140
S014;5366;228.99;32.31;7.23;38;GSA - E;BERÇO ARM 13/14;CARGO;N/A;7835
S014;5367;225.0;32.0;7.5;12;GSA - E;BERÇO ARM 20/21;CARGO;N/A;6330
S014;5368;261.03;33.0;8.9;32;CGC;BERÇO TECON 1.2;CARGO;N/A;550
S014;5369;87.9;19.0;5.3;53;CGNC;BERÇO SAIPEM 1;CARGO;N/A;2025
S014;5370;336.0;51.0;13.2;32;CGC;BERÇO TECON 3;CARGO;N/A;1335
S014;5371;119.9;22.0;6.95;2;GL;BERÇO Ageo I;CARGO;N/A;3865
S014;5372;335.0;51.0;11.0;32;CGC;BERÇO TECON 2;CARGO;N/A;2220
S014;5373;275.0;40.04;9.7;32;CGC;BERÇO TECON 1.2;CARGO;N/A;470
S014;5374;179.97;30.04;5.9;39;GSA - E;BERÇO ARM 39;CARGO;N/A;6235
S014;5375;228.99;32.0;14.19;43;GSM - I;BERÇO TERMAG;CARGO;N/A;9860
S014;5376;228.99;32.0;7.72;57;GSM - I;BERÇO TIPLAM 4;CARGO;N/A;2350
S014;5377;330.04;48.0;10.7;9;CGC;BERÇO BTP 1;CARGO;N/A;1510
S014;5378;261.09;32.0;11.2;32;CGC;BERÇO TECON 1.1;CARGO;N/A;915
S014;5379;299.99;40.0;10.5;32;CGC;BERÇO TECON 1.2;CARGO;N/A;2660
S014;5380;223.98;35.0;9.0;51;CGC;BERÇO DPW 2;CARGO;N/A;1425
S014;5381;182.9;28.0;10.3;2;GL;BERÇO IB OE;CARGO;N/A;4680
S014;5382;335.0;46.0;13.6;9;CGC;BERÇO BTP 1;CARGO;N/A;1885
S014;5383;333.33;38.0;8.6;11;PASSAGEIROS;BERÇO OUT 2;PASSENGER;N/A;2190
S014;5384;227.92;37.0;10.9;51;CGC;BERÇO DPW 2;CARGO;N/A;1455
S014;5385;210.0;36.0;8.2;35;CGNC;BERÇO ARM 32;CARGO;N/A;1570
S014;5386;179.99;30.03;8.77;56;GSA - E;BERÇO TIPLAM 3;CARGO;N/A;2560
S014;5387;299.9;48.47;10.6;51;CGC;BERÇO DPW 1;CARGO;N/A;2890
S014;5388;299.9;45.0;12.5;32;CGC;BERÇO TECON 1.2;CARGO;N/A;1660
S014;5389;225.0;36.0;8.5;13;CGNC;BERÇO CS 04;CARGO;N/A;5030
S014;5390;201.8;32.0;8.6;35;CGNC;BERÇO ARM 32;CARGO;N/A;2305
S014;5391;201.8;32.0;9.2;52;CGNC;BERÇO DPW 4;CARGO;N/A;4120
S014;5392;183.06;32.0;7.5;47;GL;BERÇO AL 02;CARGO;N/A;4200
S014;5393;335.9;51.0;9.4;32;CGC;BERÇO TECON 3;CARGO;N/A;2810
S014;5394;199.98;32.0;9.3;52;CGNC;BERÇO DPW 3;CARGO;N/A;6305
S014;5395;183.98;27.4;7.5;47;GL;BERÇO AL 02;CARGO;N/A;2040
S014;5396;320.58;42.0;9.7;51;CGC;BERÇO DPW 1;CARGO;N/A;1225
S014;5397;299.9;45.0;13.0;9;CGC;BERÇO BTP 2;CARGO;N/A;2780
S014;5398;229.0;32.0;7.3;41;GSA - E;BERÇO ARM 38;CARGO;N/A;7140
S014;5399;170.0;26.0;6.2;2;GL;BERÇO IB BC;CARGO;N/A;1735
S014;5400;179.99;28.0;9.1;18;GSA - I;BERÇO ARM 13/14;CARGO;N/A;21415
S014;5401;149.93;24.0;6.2;60;GL;BERÇO AL 04;CARGO;N/A;1870
S014;5402;299.92;48.23;10.3;9;CGC;BERÇO BTP 1;CARGO;N/A;1645
S014;5403;227.92;37.0;11.2;9;CGC;BERÇO BTP 3;CARGO;N/A;1105
S014;5404;277.32;40.0;10.2;9;CGC;BERÇO BTP 3;CARGO;N/A;1550
S014;5405;179.99;30.0;7.0;20;GL;BERÇO ARM 30;CARGO;N/A;10940
S014;5406;208.78;32.25;8.45;52;CGNC;BERÇO DPW 3;CARGO;N/A;3100
S014;5407;299.9;48.0;13.4;32;CGC;BERÇO TECON 1.2;CARGO;N/A;1350
S014;5408;209.99;37.0;8.65;40;GSA - E;BERÇO TGG;CARGO;N/A;2910
S014;5409;189.99;32.0;8.96;46;GSA - E;BERÇO OUT 2;CARGO;N/A;1955
S014;5410;229.0;32.0;8.1;12;GSA - E;BERÇO ARM 20/21;CARGO;N/A;2360
S014;5411;179.99;30.07;8.2;25;CGNC;BERÇO ARM 32;CARGO;N/A;2370
S014;5412;249.97;38.0;11.2;9;CGC;BERÇO BTP 2;CARGO;N/A;1000
S014;5413;143.15;23.0;6.35;13;CGNC;BERÇO CORTE;CARGO;N/A;1505
S014;5414;180.0;30.03;6.6;58;GSM - E;BERÇO USIMINAS 3;CARGO;N/A;15600
S014;5415;199.9;32.0;7.1;37;GSA - E;BERÇO TEAG;CARGO;N/A;5335
S014;5416;213.88;32.0;8.9;13;CGNC;BERÇO BTP 3;CARGO;N/A;765
S014;5417;260.05;32.0;12.45;32;CGC;BERÇO TECON 1.1;CARGO;N/A;1050
S014;5418;331.1;48.0;13.9;51;CGC;BERÇO DPW 2;CARGO;N/A;1370
S014;5419;199.9;32.29;8.7;45;RORO;BERÇO TEV;CARGO;RO-RO;290
S014;5420;209.99;37.0;10.7;39;GSA - E;BERÇO ARM 39;CARGO;N/A;1640
S014;5421;293.87;40.0;11.5;9;CGC;BERÇO BTP 3;CARGO;N/A;1050
S014;5422;335.0;46.0;13.8;32;CGC;BERÇO TECON 2;CARGO;N/A;1750
S014;5423;199.9;32.0;6.2;15;GSA - E;BERÇO ARM 16/17;CARGO;N/A;1920
S014;5424;229.5;37.0;9.09;56;GSA - E;BERÇO TIPLAM 3;CARGO;N/A;4120
S014;5425;218.45;30.0;9.1;32;CGC;BERÇO TECON 2;CARGO;N/A;945
S014;5426;183.06;32.23;9.1;47;GL;BERÇO AL 02;CARGO;N/A;1605
S014;5427;229.0;33.0;7.7;39;GSA - E;BERÇO ARM 39;CARGO;N/A;5375
S014;5428;293.97;32.0;11.0;32;CGC;BERÇO TECON 3;CARGO;N/A;1300
S014;5429;335.95;51.0;13.6;32;CGC;BERÇO TECON 2;CARGO;N/A;1450
S014;5430;299.96;48.23;12.7;9;CGC;BERÇO BTP 2;CARGO;N/A;3025
S014;5431;165.2;27.0;8.3;54;GL;BERÇO DOW;CARGO;N/A;1920
S014;5432;183.06;32.0;8.5;54;GL;BERÇO DOW;CARGO;N/A;1765
S014;5433;182.9;28.0;8.6;61;GL;BERÇO IB BC;CARGO;N/A;3445
S014;5434;228.9;32.0;7.97;42;GSA - E;BERÇO TEG;CARGO;N/A;5925
S014;5435;272.0;43.0;10.4;9;CGC;BERÇO BTP 2;CARGO;N/A;795
S014;5436;179.97;29.83;10.77;16;GSM - I;BERÇO ARM 22/23;CARGO;N/A;6410
S014;5437;337.0;48.0;14.45;9;CGC;BERÇO BTP 1;CARGO;N/A;2190
S014;5438;170.0;26.0;7.5;49;GL;BERÇO CUTRALE;CARGO;N/A;3370
S014;5439;228.99;32.31;7.42;56;GSA - E;BERÇO TIPLAM 3;CARGO;N/A;4225
S014;5440;199.0;32.0;7.9;45;RORO;BERÇO TEV;CARGO;RO-RO;1745
S014;5441;225.0;32.0;7.27;46;GSA - E;BERÇO OUT 3;CARGO;N/A;4840
S014;5442;272.05;40.0;10.6;51;CGC;BERÇO DPW 1;CARGO;N/A;1670
S014;5443;294.12;32.0;12.7;51;CGC;BERÇO DPW 2;CARGO;N/A;1290
S014;5444;329.8;48.0;10.4;51;CGC;BERÇO DPW 2;CARGO;N/A;2465
S014;5445;218.45;30.0;10.4;32;CGC;BERÇO TECON 1.1;CARGO;N/A;1130
S014;5446;144.09;24.0;8.1;2;GL;BERÇO IB SP;CARGO;N/A;2670
S014;5447;337.0;48.0;11.4;9;CGC;BERÇO BTP 3;CARGO;N/A;1160
S014;5448;333.33;38.0;8.65;11;PASSAGEIROS;BERÇO OUT 1;PASSENGER;N/A;650
S014;5449;274.67;40.0;12.25;51;CGC;BERÇO DPW 1;CARGO;N/A;1145
S014;5450;145.63;18.35;5.4;13;CGNC;BERÇO CORTE;CARGO;N/A;2660
S014;5451;224.9;32.0;6.9;41;GSA - E;BERÇO ARM 38;CARGO;N/A;3645
S014;5452;229.0;32.0;7.25;46;GSA - E;BERÇO OUT 2;CARGO;N/A;4400
S014;5453;294.12;32.0;12.0;32;CGC;BERÇO TECON 1.2;CARGO;N/A;555
S014;5454;299.18;48.0;11.1;32;CGC;BERÇO TECON 2;CARGO;N/A;1150
S014;5455;208.85;30.0;11.1;32;CGC;BERÇO TECON 3;CARGO;N/A;1360
S014;5456;254.95;40.0;9.9;51;CGC;BERÇO DPW 1;CARGO;N/A;890
S014;5457;199.98;37.0;8.4;45;RORO;BERÇO TEV;CARGO;RO-RO;1370
S014;5458;275.0;40.04;11.0;32;CGC;BERÇO TECON 1.2;CARGO;N/A;1655
S014;5459;228.0;37.0;10.5;32;CGC;BERÇO TECON 1.1;CARGO;N/A;1900
S014;5460;299.9;46.0;10.3;9;CGC;BERÇO BTP 3;CARGO;N/A;1660
S014;5461;210.0;36.0;7.8;13;CGNC;BERÇO CS 04;CARGO;N/A;1440
S014;5462;182.9;40.0;7.5;47;GL;BERÇO AL 02;CARGO;N/A;2445
S014;5463;299.96;48.0;11.8;9;CGC;BERÇO BTP 1;CARGO;N/A;1650
S014;5464;169.3;27.0;9.7;57;GSM - I;BERÇO TIPLAM 2;CARGO;N/A;3355
S014;5465;182.47;25.0;7.8;32;CGC;BERÇO TECON 3;CARGO;N/A;935
S014;5466;255.0;37.0;10.7;51;CGC;BERÇO DPW 1;CARGO;N/A;1040
S014;5467;199.98;32.29;11.66;43;GSM - I;BERÇO TERMAG;CARGO;N/A;8795
S014;5468;228.9;32.0;7.41;44;GSA - E;BERÇO ARM 37;CARGO;N/A;1840
S014;5469;225.0;32.0;8.67;49;GL;BERÇO CUTRALE;CARGO;N/A;9810
S014;5470;335.93;48.3;12.6;9;CGC;BERÇO BTP 2;CARGO;N/A;1665
S014;5471;155.0;25.0;9.3;1;GL;BERÇO IB BC;CARGO;N/A;1480
S014;5472;189.99;32.0;6.9;16;GSM - I;BERÇO ARM 23;CARGO;N/A;2265
S014;5473;199.9;32.29;6.69;15;GSA - E;BERÇO ARM 16/17;CARGO;N/A;2630
S014;5474;182.93;31.0;9.29;25;CGNC;BERÇO ARM 32;CARGO;N/A;7705
S014;5475;183.15;32.0;7.5;1;GL;BERÇO IB SP;CARGO;N/A;1905
S014;5476;225.0;32.0;6.3;39;GSA - E;BERÇO ARM 39;CARGO;N/A;5090
S014;5477;278.94;40.0;9.6;32;CGC;BERÇO TECON 2;CARGO;N/A;1050
S014;5478;299.9;48.0;12.6;32;CGC;BERÇO TECON 3;CARGO;N/A;1100
S014;5479;199.94;32.29;8.2;45;RORO;BERÇO TEV;CARGO;RO-RO;1170
S014;5480;227.97;37.0;11.0;51;CGC;BERÇO DPW 2;CARGO;N/A;1890
S014;5481;224.9;32.0;7.3;44;GSA - E;BERÇO ARM 37;CARGO;N/A;5105
S014;5482;333.33;38.0;8.6;11;PASSAGEIROS;BERÇO OUT 1;PASSENGER;N/A;740
S014;5483;199.9;32.0;11.48;57;GSM - I;BERÇO TIPLAM 1;CARGO;N/A;6685
S014;5484;229.0;32.0;6.75;40;GSA - E;BERÇO TGG;CARGO;N/A;4000
S014;5485;229.0;32.0;7.5;56;GSA - E;BERÇO TIPLAM 2;CARGO;N/A;2020
S014;5486;236.32;36.0;8.4;13;CGNC;BERÇO VAL;CARGO;N/A;1090
S014;5487;299.9;45.0;12.2;9;CGC;BERÇO BTP 1;CARGO;N/A;1555
S014;5488;223.91;34.0;6.6;51;CGC;BERÇO DPW 1;CARGO;N/A;1505
S014;5489;299.87;49.0;12.1;32;CGC;BERÇO TECON 1.2;CARGO;N/A;1375
S014;5490;335.0;45.0;11.5;9;CGC;BERÇO BTP 3;CARGO;N/A;1220
S014;5491;87.9;19.0;5.8;53;CGNC;BERÇO SAIPEM 1;CARGO;N/A;1280
S014;5492;155.0;25.0;8.0;33;GL;BERÇO AL 03;CARGO;N/A;2890
S014;5493;190.0;32.0;6.62;37;GSA - E;BERÇO TEAG;CARGO;N/A;7370
S014;5494;333.2;48.0;10.6;9;CGC;BERÇO BTP 2;CARGO;N/A;955
S014;5495;293.19;40.12;14.0;32;CGC;BERÇO TECON 2;CARGO;N/A;4470
S014;5496;229.0;32.0;7.37;57;GSM - I;BERÇO TIPLAM 2;CARGO;N/A;2620
S014;5497;229.0;32.0;7.8;40;GSA - E;BERÇO TGG;CARGO;N/A;2075
S014;5498;210.54;30.0;9.6;32;CGC;BERÇO TECON 1.1;CARGO;N/A;1100
S014;5499;236.32;36.0;8.9;45;RORO;BERÇO TEV;CARGO;RO-RO;435
S014;5500;179.99;32.0;6.35;37;GSA - E;BERÇO TEAG;CARGO;N/A;5400
S014;5501;199.9;32.33;11.7;25;CGNC;BERÇO ARM 33;CARGO;N/A;7800
S014;5502;256.07;37.0;10.6;51;CGC;BERÇO DPW 2;CARGO;N/A;1050
S014;5503;225.0;32.0;11.7;14;CGNC;BERÇO ARM 31;CARGO;N/A;4400
S014;5504;346.98;42.0;10.3;9;CGC;BERÇO BTP 3;CARGO;N/A;1505
S014;5505;293.18;40.0;10.1;51;CGC;BERÇO DPW 2;CARGO;N/A;790
S014;5506;228.99;32.0;7.2;15;GSA - E;BERÇO ARM 19;CARGO;N/A;2935
S014;5507;299.9;46.0;11.6;9;CGC;BERÇO BTP 3;CARGO;N/A;1630
S014;5508;249.97;38.0;11.2;9;CGC;BERÇO BTP 1;CARGO;N/A;510
S014;5510;158.93;27.0;6.4;2;GL;BERÇO IB OE;CARGO;N/A;1455
S014;5511;147.83;24.23;5.9;2;GL;BERÇO Ageo I;CARGO;N/A;5560
S014;5512;335.98;48.0;11.7;9;CGC;BERÇO BTP 1;CARGO;N/A;1820
S014;5513;229.0;32.0;11.61;38;GSA - E;BERÇO ARM 12A;CARGO;N/A;4835
S014;5514;229.0;32.0;7.1;37;GSA - E;BERÇO TEAG;CARGO;N/A;1930
S014;5515;289.65;44.0;8.3;11;PASSAGEIROS;BERÇO OUT 2;PASSENGER;N/A;625
S014;5516;199.98;32.0;9.55;25;CGNC;BERÇO ARM 33;CARGO;N/A;3285
S014;5517;331.0;48.0;13.5;51;CGC;BERÇO DPW 1;CARGO;N/A;1170
S014;5518;304.14;40.0;12.0;51;CGC;BERÇO DPW 1;CARGO;N/A;1030
S014;5519;183.14;32.0;11.1;33;GL;BERÇO AL 03;CARGO;N/A;4430
S014;5520;294.08;32.0;9.5;9;CGC;BERÇO BTP 1;CARGO;N/A;1325
S014;5521;225.0;32.0;8.35;8;CGNC;BERÇO ARM 35P2;CARGO;N/A;5190
S014;5522;225.0;32.0;8.35;8;CGNC;BERÇO ARM 35P1;CARGO;N/A;5190
S014;5523;199.91;35.0;9.3;32;CGC;BERÇO TECON 1.1;CARGO;N/A;2000
S014;5524;138.87;8.0;6.15;13;CGNC;BERÇO CORTE;CARGO;N/A;1720
S014;5525;156.53;25.0;7.4;59;GL;BERÇO AL 04;CARGO;N/A;2130
S014;5526;169.37;27.0;6.18;58;GSM - E;BERÇO USIMINAS 4;CARGO;N/A;6695
S014;5527;228.0;37.0;9.45;32;CGC;BERÇO TECON 1.2;CARGO;N/A;1720
S014;5528;263.23;32.0;11.6;32;CGC;BERÇO TECON 3;CARGO;N/A;1165
S014;5529;334.07;43.0;11.2;9;CGC;BERÇO BTP 2;CARGO;N/A;1750
S014;5530;333.33;38.0;8.6;11;PASSAGEIROS;BERÇO OUT 1;PASSENGER;N/A;680
S014;5531;300.07;42.0;9.9;9;CGC;BERÇO BTP 1;CARGO;N/A;1020
S014;5532;199.97;32.0;8.1;45;RORO;BERÇO TEV;CARGO;RO-RO;1510
S014;5533;336.7;45.0;14.5;32;CGC;BERÇO TECON 3;CARGO;N/A;1065
S014;5534;335.0;51.0;10.9;32;CGC;BERÇO TECON 2;CARGO;N/A;2600
S014;5535;212.54;31.0;12.0;32;CGC;BERÇO TECON 1.1;CARGO;N/A;630
S014;5536;333.2;48.0;9.8;51;CGC;BERÇO DPW 2;CARGO;N/A;2070
S014;5537;179.88;28.85;6.5;39;GSA - E;BERÇO ARM 39;CARGO;N/A;2280
S014;5538;232.37;32.3;8.2;45;RORO;BERÇO TEV;CARGO;RO-RO;1320
S014;5539;180.0;30.05;6.2;15;GSA - E;BERÇO ARM 19;CARGO;N/A;1140
S014;5540;182.9;40.0;7.4;47;GL;BERÇO AL 01;CARGO;N/A;6160
S014;5541;299.98;48.0;9.6;9;CGC;BERÇO BTP 2;CARGO;N/A;1675
S014;5542;261.03;33.0;10.4;32;CGC;BERÇO TECON 1.2;CARGO;N/A;530
S014;5543;274.9;32.0;6.85;11;PASSAGEIROS;BERÇO OUT 1;PASSENGER;N/A;610
S014;5544;188.0;32.31;6.6;15;GSA - E;BERÇO ARM 16/17;CARGO;N/A;1780
S014;5545;172.0;28.0;8.0;9;CGC;BERÇO BTP 1;CARGO;N/A;1560
S014;5546;223.96;35.0;8.35;51;CGC;BERÇO DPW 1;CARGO;N/A;700
S014;5547;254.94;40.0;10.1;51;CGC;BERÇO DPW 2;CARGO;N/A;1150
S014;5548;229.0;32.0;7.5;38;GSA - E;BERÇO ARM 12A;CARGO;N/A;2900
S014;5549;210.54;9.0;10.8;32;CGC;BERÇO TECON 1.1;CARGO;N/A;1140
S014;5550;183.1;32.0;10.0;47;GL;BERÇO AL 01;CARGO;N/A;2130
S014;5551;299.98;48.0;12.6;32;CGC;BERÇO TECON 1.2;CARGO;N/A;1565
S014;5552;330.0;48.33;11.5;9;CGC;BERÇO BTP 3;CARGO;N/A;2935
S014;5553;228.62;32.0;9.8;32;CGC;BERÇO TECON 1.1;CARGO;N/A;1310
S014;5554;225.0;36.0;8.3;52;CGNC;BERÇO DPW 3;CARGO;N/A;6325
S014;5555;225.0;36.0;8.3;51;CGC;BERÇO DPW 1;CARGO;N/A;265
S014;5556;278.94;40.0;10.5;32;CGC;BERÇO TECON 3;CARGO;N/A;965
S014;5557;222.2;30.0;8.8;51;CGC;BERÇO DPW 1;CARGO;N/A;960
S014;5558;145.53;24.0;9.9;2;GL;BERÇO IB BC;CARGO;N/A;1745
S014;5559;179.87;28.0;9.7;47;GL;BERÇO AL 02;CARGO;N/A;1705
S014;5560;274.0;46.0;11.25;51;CGC;BERÇO DPW 1;CARGO;N/A;1000
S014;5561;254.73;37.0;9.1;51;CGC;BERÇO DPW 2;CARGO;N/A;730
S014;5562;335.9;51.0;13.3;32;CGC;BERÇO TECON 3;CARGO;N/A;1055
S014;5563;119.82;20.17;6.2;13;CGNC;BERÇO CS 04;CARGO;N/A;665
S014;5564;119.9;22.0;8.1;2;GL;BERÇO IB SP;CARGO;N/A;2600
S014;5565;179.9;30.0;8.31;16;GSM - I;BERÇO ARM 22/23;CARGO;N/A;1685
S014;5566;229.0;32.0;13.63;46;GSA - E;BERÇO OUT 2;CARGO;N/A;390
S014;5567;182.47;25.0;8.0;32;CGC;BERÇO TECON 1.2;CARGO;N/A;2025
S014;5568;168.06;28.0;7.9;45;RORO;BERÇO TEV;CARGO;RO-RO;630
S014;5569;204.36;32.0;11.65;52;CGNC;BERÇO DPW 4;CARGO;N/A;1150
S014;5570;229.0;32.0;7.25;12;GSA - E;BERÇO ARM 20/21;CARGO;N/A;3640
S014;5572;289.65;44.0;8.3;11;PASSAGEIROS;BERÇO OUT 1;PASSENGER;N/A;625
S014;5573;335.95;51.0;9.8;32;CGC;BERÇO TECON 2;CARGO;N/A;2835
S014;5574;194.87;32.0;9.65;32;CGC;BERÇO TECON 1.1;CARGO;N/A;1545
S014;5575;199.99;32.0;11.05;16;GSM - I;BERÇO ARM 22/23;CARGO;N/A;6100
S014;5576;166.15;25.0;7.9;51;CGC;BERÇO DPW 1;CARGO;N/A;675
S014;5577;180.34;30.0;9.9;28;CGNC;BERÇO CS 01;CARGO;N/A;8350
S014;5578;224.9;32.0;11.0;44;GSA - E;BERÇO ARM 37;CARGO;N/A;1750
S014;5579;134.75;21.0;7.2;2;GL;BERÇO IB BC;CARGO;N/A;1570
S014;5580;165.2;27.0;9.2;54;GL;BERÇO DOW;CARGO;N/A;1820
S014;5581;333.33;38.0;8.6;11;PASSAGEIROS;BERÇO OUT 2;PASSENGER;N/A;735
S014;5582;274.9;32.0;6.75;11;PASSAGEIROS;BERÇO OUT 1;PASSENGER;N/A;560
S014;5583;225.0;32.31;7.29;40;GSA - E;BERÇO TGG;CARGO;N/A;5175
S014;5584;305.0;50.0;8.5;11;PASSAGEIROS;BERÇO 25 + FRIG;PASSENGER;N/A;635
S014;5585;299.99;40.0;10.6;9;CGC;BERÇO BTP 2;CARGO;N/A;2025
S014;5586;227.95;38.0;11.7;51;CGC;BERÇO DPW 2;CARGO;N/A;1330
S014;5587;157.4;26.0;6.0;49;GL;BERÇO CUTRALE;CARGO;N/A;4325
S014;5588;183.1;32.0;9.7;60;GL;BERÇO AL 03;CARGO;N/A;5345
S014;5589;179.9;32.0;8.3;45;RORO;BERÇO TEV;CARGO;RO-RO;1005
S014;5590;229.0;32.0;9.46;15;GSA - E;BERÇO ARM 16/17;CARGO;N/A;1460
S014;5591;260.05;32.0;9.5;32;CGC;BERÇO TECON 3;CARGO;N/A;790
S014;5592;299.87;49.0;12.1;9;CGC;BERÇO BTP 1;CARGO;N/A;2200
S014;5593;299.88;48.0;12.4;9;CGC;BERÇO BTP 3;CARGO;N/A;1830
S014;5594;138.07;21.0;6.86;13;CGNC;BERÇO CORTE;CARGO;N/A;1835
S014;5595;323.0;44.0;8.3;11;PASSAGEIROS;BERÇO OUT 2;PASSENGER;N/A;1260
S014;5596;299.9;45.0;12.9;32;CGC;BERÇO TECON 1.2;CARGO;N/A;745
S014;5597;299.9;45.0;12.4;9;CGC;BERÇO BTP 2;CARGO;N/A;1975
S014;5599;270.06;42.0;11.1;51;CGC;BERÇO DPW 2;CARGO;N/A;640
S014;5600;332.0;43.28;10.0;9;CGC;BERÇO BTP 1;CARGO;N/A;3035
S014;5601;299.9;43.0;12.9;32;CGC;BERÇO TECON 3;CARGO;N/A;315
S014;5603;255.17;38.0;10.0;9;CGC;BERÇO BTP 1;CARGO;N/A;845
S014;5604;254.95;40.0;9.9;51;CGC;BERÇO DPW 1;CARGO;N/A;1070
S014;5605;169.37;26.0;5.42;56;GSA - E;BERÇO TIPLAM 3;CARGO;N/A;2460
S014;5606;180.15;28.0;6.5;33;GL;BERÇO AL 02;CARGO;N/A;4600
S014;5607;87.9;19.0;5.2;53;CGNC;BERÇO SAIPEM 1;CARGO;N/A;2905
S014;5608;213.88;32.0;8.4;13;CGNC;BERÇO CS 04;CARGO;N/A;820
S014;5609;330.0;48.0;14.4;32;CGC;BERÇO TECON 3;CARGO;N/A;1770
S014;5610;165.2;27.0;8.6;2;GL;BERÇO IB SP;CARGO;N/A;1355
S014;5611;199.98;37.0;8.7;45;RORO;BERÇO TEV;CARGO;RO-RO;1830
S014;5612;299.9;45.0;12.3;9;CGC;BERÇO BTP 3;CARGO;N/A;1215
S014;5613;289.65;44.0;8.3;11;PASSAGEIROS;BERÇO OUT 2;PASSENGER;N/A;610
S014;5614;200.0;36.0;9.0;32;CGC;BERÇO TECON 1.1;CARGO;N/A;1240
S014;5615;229.0;32.0;10.6;38;GSA - E;BERÇO ARM 12A;CARGO;N/A;2595
S014;5616;299.9;43.0;12.9;32;CGC;BERÇO TECON 2;CARGO;N/A;4020
S014;5617;260.66;32.0;11.5;32;CGC;BERÇO TECON 1.2;CARGO;N/A;1020
S014;5633;293.0;45.8;11.8;48;GL;BERÇO TRSP;CARGO;DANGEROUS;2970
S014;5634;289.0;45.6;10.0;48;GL;BERÇO TRSP;CARGO;DANGEROUS;1680
S014;24;199.9;32.0;6.6;5;CGNC;BERÇO ARM 20/21;CARGO;N/A;2030
S014;30;225.0;32.0;8.0;4;CGNC;BERÇO ARM 32;CARGO;N/A;1145
S014;38;224.96;33.0;7.0;46;GSA - E;BERÇO OUT 3;CARGO;N/A;545
S014;76;204.35;32.0;11.6;52;CGNC;BERÇO DPW 4;CARGO;N/A;905
S014;77;142.4;23.0;7.0;2;GL;BERÇO IB OE;CARGO;N/A;1810
S014;80;183.06;32.0;11.4;2;GL;BERÇO Ageo I;CARGO;N/A;920
S014;87;335.93;51.0;13.3;32;CGC;BERÇO TECON 3;CARGO;N/A;530
S014;92;270.9;43.0;10.8;51;CGC;BERÇO DPW 1;CARGO;N/A;2025
S014;98;186.07;32.0;8.2;2;GL;BERÇO IB SP;CARGO;N/A;1120
S014;105;213.88;32.0;8.5;9;CGC;BERÇO VAL;CARGO;N/A;250
S014;106;229.2;38.0;7.9;27;CGNC;BERÇO ARM 12A;CARGO;N/A;6675
S014;108;231.0;32.0;11.5;32;CGC;BERÇO TECON 2;CARGO;N/A;720
S014;111;182.47;25.0;7.6;32;CGC;BERÇO TECON 1.1;CARGO;N/A;295
S014;112;177.9;33.0;8.2;53;CGNC;BERÇO SAIPEM 1;CARGO;N/A;6595
S014;113;294.1;32.25;12.55;51;CGC;BERÇO DPW 2;CARGO;N/A;735
S014;117;329.86;48.0;12.4;9;CGC;BERÇO BTP 2;CARGO;N/A;1470
S014;119;134.75;21.0;7.9;2;GL;BERÇO IB BC;CARGO;N/A;2265
S014;121;255.0;37.0;10.3;32;CGC;BERÇO TECON 1.2;CARGO;N/A;95
S014;123;183.05;32.23;8.8;47;GL;BERÇO AL 01;CARGO;N/A;2745
S014;124;88.8;19.0;4.9;53;CGNC;BERÇO SAIPEM 2;CARGO;N/A;2910
S014;127;199.99;36.0;8.65;29;CGNC;BERÇO ARM 34;CARGO;N/A;2295
